WARNING: method definition for slice_dfs at /data/wangyijia/mwis/beyond_mis/hacked_funcs/src/spin_glass_ground_counting.jl:15 declares type variable RT but does not use it.
WARNING: method definition for #slice_dfs_lp#1 at /data/wangyijia/mwis/beyond_mis/hacked_funcs/src/spin_glass_ground_counting.jl:54 declares type variable RT but does not use it.
============================================================
[slice_spin_glass] model=../../hacked_funcs/benchmarks/models/spin_glass_models/nn_pm1/spin_glass_J±1_grid_n=60_seed=1.model  sc_target=31
============================================================
  model_name : spin_glass_J±1_grid_n=60_seed=1_cheating
  family     : j1pm1
  graph_type : grid_Jpm1
  vertices   : 3600
  edges      : 7080
  h_default  : 0.5
  meta       : Dict{String, Any}("model_path" => "/data/wangyijia/mwis/beyond_mis/hacked_funcs/benchmarks/models/spin_glass_models/nn_pm1/spin_glass_J±1_grid_n=60_seed=1.model", "family" => "j1pm1", "sc_target" => 31, "seed" => 1, "h" => 0.5, "n" => 60)
    code seed=1 -> tc=80.09371783534996, sc=61.0, rw=68.53406005374211
    code seed=2 -> tc=79.00672651368107, sc=61.0, rw=68.11971796485439
  best code complexity over seeds [1, 2]: Time complexity: 2^79.00672651368107
Space complexity: 2^61.0
Read-write complexity: 2^68.11971796485439
  branch results root : /data/wangyijia/mwis/beyond_mis/branch_results
  slice subdir        : grid_Jpm1_n=60_seed=1_cheating
Set parameter LicenseID to value 2803191
QIP_gurobi_bound: solver finished in 2.202 s (time_limit=300.0 s, status=OPTIMAL)
[ Info: initial lp_bound: 5378.0
[ Info: slicing branch with sc: 61.0
[ Info: cc.sc: 61.0
region size: 10
QIP_gurobi_bound: solver finished in 1.571 s (time_limit=100.0 s, status=OPTIMAL)
[ Info: slice 1, lp_score: 5376.0, primal_bound: 0.0
QIP_gurobi_bound: solver finished in 6.457 s (time_limit=100.0 s, status=OPTIMAL)
[ Info: slice 2, lp_score: 5377.0, primal_bound: 0.0
QIP_gurobi_bound: solver finished in 1.473 s (time_limit=100.0 s, status=OPTIMAL)
[ Info: slice 3, lp_score: 5377.0, primal_bound: 0.0
QIP_gurobi_bound: solver finished in 1.577 s (time_limit=100.0 s, status=OPTIMAL)
[ Info: slice 4, lp_score: 5374.0, primal_bound: 0.0
QIP_gurobi_bound: solver finished in 1.485 s (time_limit=100.0 s, status=OPTIMAL)
[ Info: slice 5, lp_score: 5378.0, primal_bound: 0.0
[ Info: new_scs: [58, 60, 59, 57, 57]
[ Info: lp_scores: [5378.0, 5377.0, 5377.0, 5376.0, 5374.0]
[ Info: lp_scores: 5374.0
[ Info: lp_scores: 5376.0
[ Info: lp_scores: 5377.0
[ Info: lp_scores: 5377.0
[ Info: lp_scores: 5378.0
[ Info: current num of unfinished slices: 5, finished slices: 0
                      ┌                                        ┐ 
                   57 ┤■■■■■■■■■■■■■■■■■■■■■■■■■■■■■■■■■■■■■ 2   
   sc, target = 31 58 ┤■■■■■■■■■■■■■■■■■■■ 1                     
                   59 ┤■■■■■■■■■■■■■■■■■■■ 1                     
                   60 ┤■■■■■■■■■■■■■■■■■■■ 1                     
                      └                                        ┘ 
                                     num of slices               
[ Info: slicing branch with sc: 58.0
[ Info: cc.sc: 58.0
region size: 10
QIP_gurobi_bound: solver finished in 1.473 s (time_limit=100.0 s, status=OPTIMAL)
[ Info: slice 1, lp_score: 5372.0, primal_bound: 0.0
QIP_gurobi_bound: solver finished in 2.137 s (time_limit=100.0 s, status=OPTIMAL)
[ Info: slice 2, lp_score: 5378.0, primal_bound: 0.0
QIP_gurobi_bound: solver finished in 1.544 s (time_limit=100.0 s, status=OPTIMAL)
[ Info: slice 3, lp_score: 5372.0, primal_bound: 0.0
[ Info: new_scs: [58, 54, 57]
[ Info: lp_scores: [5378.0, 5372.0, 5372.0]
[ Info: lp_scores: 5372.0
[ Info: lp_scores: 5372.0
[ Info: lp_scores: 5378.0
[ Info: current num of unfinished slices: 7, finished slices: 0
                      ┌                                        ┐ 
                   54 ┤■■■■■■■■■■■■ 1                            
                   55 ┤ 0                                        
                   56 ┤ 0                                        
   sc, target = 31 57 ┤■■■■■■■■■■■■■■■■■■■■■■■■■■■■■■■■■■■■■ 3   
                   58 ┤■■■■■■■■■■■■ 1                            
                   59 ┤■■■■■■■■■■■■ 1                            
                   60 ┤■■■■■■■■■■■■ 1                            
                      └                                        ┘ 
                                     num of slices               
[ Info: slicing branch with sc: 58.0
[ Info: cc.sc: 58.0
region size: 10
QIP_gurobi_bound: solver finished in 1.565 s (time_limit=100.0 s, status=OPTIMAL)
[ Info: slice 1, lp_score: 5370.0, primal_bound: 0.0
QIP_gurobi_bound: solver finished in 1.641 s (time_limit=100.0 s, status=OPTIMAL)
[ Info: slice 2, lp_score: 5373.0, primal_bound: 0.0
QIP_gurobi_bound: solver finished in 5.874 s (time_limit=100.0 s, status=OPTIMAL)
[ Info: slice 3, lp_score: 5378.0, primal_bound: 0.0
QIP_gurobi_bound: solver finished in 1.81 s (time_limit=100.0 s, status=OPTIMAL)
[ Info: slice 4, lp_score: 5372.0, primal_bound: 0.0
QIP_gurobi_bound: solver finished in 1.978 s (time_limit=100.0 s, status=OPTIMAL)
[ Info: slice 5, lp_score: 5373.0, primal_bound: 0.0
[ Info: new_scs: [52, 52, 53, 52, 51]
[ Info: lp_scores: [5378.0, 5373.0, 5373.0, 5372.0, 5370.0]
[ Info: lp_scores: 5370.0
[ Info: lp_scores: 5372.0
[ Info: lp_scores: 5373.0
[ Info: lp_scores: 5373.0
[ Info: lp_scores: 5378.0
[ Info: current num of unfinished slices: 11, finished slices: 0
                      ┌                                        ┐ 
                   51 ┤■■■■■■■■■■■■ 1                            
                   52 ┤■■■■■■■■■■■■■■■■■■■■■■■■■■■■■■■■■■■■■ 3   
                   53 ┤■■■■■■■■■■■■ 1                            
                   54 ┤■■■■■■■■■■■■ 1                            
   sc, target = 31 55 ┤ 0                                        
                   56 ┤ 0                                        
                   57 ┤■■■■■■■■■■■■■■■■■■■■■■■■■■■■■■■■■■■■■ 3   
                   58 ┤ 0                                        
                   59 ┤■■■■■■■■■■■■ 1                            
                   60 ┤■■■■■■■■■■■■ 1                            
                      └                                        ┘ 
                                     num of slices               
[ Info: slicing branch with sc: 52.0
[ Info: cc.sc: 52.0
region size: 10
QIP_gurobi_bound: solver finished in 2.112 s (time_limit=100.0 s, status=OPTIMAL)
[ Info: slice 1, lp_score: 5378.0, primal_bound: 0.0
QIP_gurobi_bound: solver finished in 1.786 s (time_limit=100.0 s, status=OPTIMAL)
[ Info: slice 2, lp_score: 5376.0, primal_bound: 0.0
[ Info: new_scs: [52, 52]
[ Info: lp_scores: [5378.0, 5376.0]
[ Info: lp_scores: 5376.0
[ Info: lp_scores: 5378.0
[ Info: current num of unfinished slices: 12, finished slices: 0
                      ┌                                        ┐ 
                   51 ┤■■■■■■■■■ 1                               
                   52 ┤■■■■■■■■■■■■■■■■■■■■■■■■■■■■■■■■■■■■■ 4   
                   53 ┤■■■■■■■■■ 1                               
                   54 ┤■■■■■■■■■ 1                               
   sc, target = 31 55 ┤ 0                                        
                   56 ┤ 0                                        
                   57 ┤■■■■■■■■■■■■■■■■■■■■■■■■■■■■ 3            
                   58 ┤ 0                                        
                   59 ┤■■■■■■■■■ 1                               
                   60 ┤■■■■■■■■■ 1                               
                      └                                        ┘ 
                                     num of slices               
[ Info: slicing branch with sc: 52.0
[ Info: cc.sc: 52.0
region size: 10
QIP_gurobi_bound: solver finished in 1.731 s (time_limit=100.0 s, status=OPTIMAL)
[ Info: slice 1, lp_score: 5378.0, primal_bound: 0.0
QIP_gurobi_bound: solver finished in 1.71 s (time_limit=100.0 s, status=OPTIMAL)
[ Info: slice 2, lp_score: 5376.0, primal_bound: 0.0
[ Info: new_scs: [49, 49]
[ Info: lp_scores: [5378.0, 5376.0]
[ Info: lp_scores: 5376.0
[ Info: lp_scores: 5378.0
[ Info: current num of unfinished slices: 13, finished slices: 0
                      ┌                                        ┐ 
                   49 ┤■■■■■■■■■■■■■■■■■■■■■■■■■ 2               
                   50 ┤ 0                                        
                   51 ┤■■■■■■■■■■■■ 1                            
                   52 ┤■■■■■■■■■■■■■■■■■■■■■■■■■■■■■■■■■■■■■ 3   
                   53 ┤■■■■■■■■■■■■ 1                            
   sc, target = 31 54 ┤■■■■■■■■■■■■ 1                            
                   55 ┤ 0                                        
                   56 ┤ 0                                        
                   57 ┤■■■■■■■■■■■■■■■■■■■■■■■■■■■■■■■■■■■■■ 3   
                   58 ┤ 0                                        
                   59 ┤■■■■■■■■■■■■ 1                            
                   60 ┤■■■■■■■■■■■■ 1                            
                      └                                        ┘ 
                                     num of slices               
[ Info: slicing branch with sc: 49.0
[ Info: cc.sc: 49.0
region size: 10
QIP_gurobi_bound: solver finished in 1.669 s (time_limit=100.0 s, status=OPTIMAL)
[ Info: slice 1, lp_score: 5364.0, primal_bound: 0.0
QIP_gurobi_bound: solver finished in 5.745 s (time_limit=100.0 s, status=OPTIMAL)
[ Info: slice 2, lp_score: 5378.0, primal_bound: 0.0
QIP_gurobi_bound: solver finished in 1.748 s (time_limit=100.0 s, status=OPTIMAL)
[ Info: slice 3, lp_score: 5364.0, primal_bound: 0.0
[ Info: new_scs: [48, 46, 47]
[ Info: lp_scores: [5378.0, 5364.0, 5364.0]
[ Info: lp_scores: 5364.0
[ Info: lp_scores: 5364.0
[ Info: lp_scores: 5378.0
[ Info: current num of unfinished slices: 15, finished slices: 0
                      ┌                                        ┐ 
                   46 ┤■■■■■■■■■■■■ 1                            
                   47 ┤■■■■■■■■■■■■ 1                            
                   48 ┤■■■■■■■■■■■■ 1                            
                   49 ┤■■■■■■■■■■■■ 1                            
                   50 ┤ 0                                        
                   51 ┤■■■■■■■■■■■■ 1                            
                   52 ┤■■■■■■■■■■■■■■■■■■■■■■■■■■■■■■■■■■■■■ 3   
   sc, target = 31 53 ┤■■■■■■■■■■■■ 1                            
                   54 ┤■■■■■■■■■■■■ 1                            
                   55 ┤ 0                                        
                   56 ┤ 0                                        
                   57 ┤■■■■■■■■■■■■■■■■■■■■■■■■■■■■■■■■■■■■■ 3   
                   58 ┤ 0                                        
                   59 ┤■■■■■■■■■■■■ 1                            
                   60 ┤■■■■■■■■■■■■ 1                            
                      └                                        ┘ 
                                     num of slices               
[ Info: slicing branch with sc: 48.0
[ Info: cc.sc: 48.0
region size: 10
QIP_gurobi_bound: solver finished in 1.636 s (time_limit=100.0 s, status=OPTIMAL)
[ Info: slice 1, lp_score: 5378.0, primal_bound: 0.0
QIP_gurobi_bound: solver finished in 1.467 s (time_limit=100.0 s, status=OPTIMAL)
[ Info: slice 2, lp_score: 5377.0, primal_bound: 0.0
[ Info: new_scs: [47, 48]
[ Info: lp_scores: [5378.0, 5377.0]
[ Info: lp_scores: 5377.0
[ Info: lp_scores: 5378.0
[ Info: current num of unfinished slices: 16, finished slices: 0
                      ┌                                        ┐ 
                   46 ┤■■■■■■■■■■■■ 1                            
                   47 ┤■■■■■■■■■■■■■■■■■■■■■■■■■ 2               
                   48 ┤■■■■■■■■■■■■ 1                            
                   49 ┤■■■■■■■■■■■■ 1                            
                   50 ┤ 0                                        
                   51 ┤■■■■■■■■■■■■ 1                            
                   52 ┤■■■■■■■■■■■■■■■■■■■■■■■■■■■■■■■■■■■■■ 3   
   sc, target = 31 53 ┤■■■■■■■■■■■■ 1                            
                   54 ┤■■■■■■■■■■■■ 1                            
                   55 ┤ 0                                        
                   56 ┤ 0                                        
                   57 ┤■■■■■■■■■■■■■■■■■■■■■■■■■■■■■■■■■■■■■ 3   
                   58 ┤ 0                                        
                   59 ┤■■■■■■■■■■■■ 1                            
                   60 ┤■■■■■■■■■■■■ 1                            
                      └                                        ┘ 
                                     num of slices               
[ Info: slicing branch with sc: 47.0
[ Info: cc.sc: 47.0
region size: 10
QIP_gurobi_bound: solver finished in 1.572 s (time_limit=100.0 s, status=OPTIMAL)
[ Info: slice 1, lp_score: 5378.0, primal_bound: 0.0
QIP_gurobi_bound: solver finished in 1.786 s (time_limit=100.0 s, status=OPTIMAL)
[ Info: slice 2, lp_score: 5377.0, primal_bound: 0.0
[ Info: new_scs: [46, 46]
[ Info: lp_scores: [5378.0, 5377.0]
[ Info: lp_scores: 5377.0
[ Info: lp_scores: 5378.0
[ Info: current num of unfinished slices: 17, finished slices: 0
                      ┌                                        ┐ 
                   46 ┤■■■■■■■■■■■■■■■■■■■■■■■■■■■■■■■■■■■■■ 3   
                   47 ┤■■■■■■■■■■■■ 1                            
                   48 ┤■■■■■■■■■■■■ 1                            
                   49 ┤■■■■■■■■■■■■ 1                            
                   50 ┤ 0                                        
                   51 ┤■■■■■■■■■■■■ 1                            
                   52 ┤■■■■■■■■■■■■■■■■■■■■■■■■■■■■■■■■■■■■■ 3   
   sc, target = 31 53 ┤■■■■■■■■■■■■ 1                            
                   54 ┤■■■■■■■■■■■■ 1                            
                   55 ┤ 0                                        
                   56 ┤ 0                                        
                   57 ┤■■■■■■■■■■■■■■■■■■■■■■■■■■■■■■■■■■■■■ 3   
                   58 ┤ 0                                        
                   59 ┤■■■■■■■■■■■■ 1                            
                   60 ┤■■■■■■■■■■■■ 1                            
                      └                                        ┘ 
                                     num of slices               
[ Info: slicing branch with sc: 46.0
[ Info: cc.sc: 46.0
region size: 10
QIP_gurobi_bound: solver finished in 1.437 s (time_limit=100.0 s, status=OPTIMAL)
[ Info: slice 1, lp_score: 5378.0, primal_bound: 0.0
QIP_gurobi_bound: solver finished in 1.562 s (time_limit=100.0 s, status=OPTIMAL)
[ Info: slice 2, lp_score: 5374.0, primal_bound: 0.0
[ Info: new_scs: [46, 45]
[ Info: lp_scores: [5378.0, 5374.0]
[ Info: lp_scores: 5374.0
[ Info: lp_scores: 5378.0
[ Info: current num of unfinished slices: 18, finished slices: 0
                      ┌                                        ┐ 
                   45 ┤■■■■■■■■■■■■ 1                            
                   46 ┤■■■■■■■■■■■■■■■■■■■■■■■■■■■■■■■■■■■■■ 3   
                   47 ┤■■■■■■■■■■■■ 1                            
                   48 ┤■■■■■■■■■■■■ 1                            
                   49 ┤■■■■■■■■■■■■ 1                            
                   50 ┤ 0                                        
                   51 ┤■■■■■■■■■■■■ 1                            
   sc, target = 31 52 ┤■■■■■■■■■■■■■■■■■■■■■■■■■■■■■■■■■■■■■ 3   
                   53 ┤■■■■■■■■■■■■ 1                            
                   54 ┤■■■■■■■■■■■■ 1                            
                   55 ┤ 0                                        
                   56 ┤ 0                                        
                   57 ┤■■■■■■■■■■■■■■■■■■■■■■■■■■■■■■■■■■■■■ 3   
                   58 ┤ 0                                        
                   59 ┤■■■■■■■■■■■■ 1                            
                   60 ┤■■■■■■■■■■■■ 1                            
                      └                                        ┘ 
                                     num of slices               
[ Info: slicing branch with sc: 46.0
[ Info: cc.sc: 46.0
region size: 10
QIP_gurobi_bound: solver finished in 1.826 s (time_limit=100.0 s, status=OPTIMAL)
[ Info: slice 1, lp_score: 5376.0, primal_bound: 0.0
QIP_gurobi_bound: solver finished in 1.715 s (time_limit=100.0 s, status=OPTIMAL)
[ Info: slice 2, lp_score: 5378.0, primal_bound: 0.0
[ Info: new_scs: [44, 44]
[ Info: lp_scores: [5378.0, 5376.0]
[ Info: lp_scores: 5376.0
[ Info: lp_scores: 5378.0
[ Info: current num of unfinished slices: 19, finished slices: 0
                      ┌                                        ┐ 
                   44 ┤■■■■■■■■■■■■■■■■■■■■■■■■■ 2               
                   45 ┤■■■■■■■■■■■■ 1                            
                   46 ┤■■■■■■■■■■■■■■■■■■■■■■■■■ 2               
                   47 ┤■■■■■■■■■■■■ 1                            
                   48 ┤■■■■■■■■■■■■ 1                            
                   49 ┤■■■■■■■■■■■■ 1                            
                   50 ┤ 0                                        
                   51 ┤■■■■■■■■■■■■ 1                            
   sc, target = 31 52 ┤■■■■■■■■■■■■■■■■■■■■■■■■■■■■■■■■■■■■■ 3   
                   53 ┤■■■■■■■■■■■■ 1                            
                   54 ┤■■■■■■■■■■■■ 1                            
                   55 ┤ 0                                        
                   56 ┤ 0                                        
                   57 ┤■■■■■■■■■■■■■■■■■■■■■■■■■■■■■■■■■■■■■ 3   
                   58 ┤ 0                                        
                   59 ┤■■■■■■■■■■■■ 1                            
                   60 ┤■■■■■■■■■■■■ 1                            
                      └                                        ┘ 
                                     num of slices               
[ Info: slicing branch with sc: 44.0
[ Info: cc.sc: 44.0
region size: 10
QIP_gurobi_bound: solver finished in 1.426 s (time_limit=100.0 s, status=OPTIMAL)
[ Info: slice 1, lp_score: 5376.0, primal_bound: 0.0
QIP_gurobi_bound: solver finished in 1.642 s (time_limit=100.0 s, status=OPTIMAL)
[ Info: slice 2, lp_score: 5378.0, primal_bound: 0.0
[ Info: new_scs: [43, 43]
[ Info: lp_scores: [5378.0, 5376.0]
[ Info: lp_scores: 5376.0
[ Info: lp_scores: 5378.0
[ Info: current num of unfinished slices: 20, finished slices: 0
                      ┌                                        ┐ 
                   43 ┤■■■■■■■■■■■■■■■■■■■■■■■■■ 2               
                   44 ┤■■■■■■■■■■■■ 1                            
                   45 ┤■■■■■■■■■■■■ 1                            
                   46 ┤■■■■■■■■■■■■■■■■■■■■■■■■■ 2               
                   47 ┤■■■■■■■■■■■■ 1                            
                   48 ┤■■■■■■■■■■■■ 1                            
                   49 ┤■■■■■■■■■■■■ 1                            
                   50 ┤ 0                                        
   sc, target = 31 51 ┤■■■■■■■■■■■■ 1                            
                   52 ┤■■■■■■■■■■■■■■■■■■■■■■■■■■■■■■■■■■■■■ 3   
                   53 ┤■■■■■■■■■■■■ 1                            
                   54 ┤■■■■■■■■■■■■ 1                            
                   55 ┤ 0                                        
                   56 ┤ 0                                        
                   57 ┤■■■■■■■■■■■■■■■■■■■■■■■■■■■■■■■■■■■■■ 3   
                   58 ┤ 0                                        
                   59 ┤■■■■■■■■■■■■ 1                            
                   60 ┤■■■■■■■■■■■■ 1                            
                      └                                        ┘ 
                                     num of slices               
[ Info: slicing branch with sc: 43.0
[ Info: cc.sc: 43.0
region size: 10
QIP_gurobi_bound: solver finished in 1.871 s (time_limit=100.0 s, status=OPTIMAL)
[ Info: slice 1, lp_score: 5377.0, primal_bound: 0.0
QIP_gurobi_bound: solver finished in 1.62 s (time_limit=100.0 s, status=OPTIMAL)
[ Info: slice 2, lp_score: 5378.0, primal_bound: 0.0
[ Info: new_scs: [43, 42]
[ Info: lp_scores: [5378.0, 5377.0]
[ Info: lp_scores: 5377.0
[ Info: lp_scores: 5378.0
[ Info: current num of unfinished slices: 21, finished slices: 0
                      ┌                                        ┐ 
                   42 ┤■■■■■■■■■■■■ 1                            
                   43 ┤■■■■■■■■■■■■■■■■■■■■■■■■■ 2               
                   44 ┤■■■■■■■■■■■■ 1                            
                   45 ┤■■■■■■■■■■■■ 1                            
                   46 ┤■■■■■■■■■■■■■■■■■■■■■■■■■ 2               
                   47 ┤■■■■■■■■■■■■ 1                            
                   48 ┤■■■■■■■■■■■■ 1                            
                   49 ┤■■■■■■■■■■■■ 1                            
                   50 ┤ 0                                        
   sc, target = 31 51 ┤■■■■■■■■■■■■ 1                            
                   52 ┤■■■■■■■■■■■■■■■■■■■■■■■■■■■■■■■■■■■■■ 3   
                   53 ┤■■■■■■■■■■■■ 1                            
                   54 ┤■■■■■■■■■■■■ 1                            
                   55 ┤ 0                                        
                   56 ┤ 0                                        
                   57 ┤■■■■■■■■■■■■■■■■■■■■■■■■■■■■■■■■■■■■■ 3   
                   58 ┤ 0                                        
                   59 ┤■■■■■■■■■■■■ 1                            
                   60 ┤■■■■■■■■■■■■ 1                            
                      └                                        ┘ 
                                     num of slices               
[ Info: slicing branch with sc: 43.0
[ Info: cc.sc: 43.0
region size: 10
QIP_gurobi_bound: solver finished in 1.535 s (time_limit=100.0 s, status=OPTIMAL)
[ Info: slice 1, lp_score: 5377.0, primal_bound: 0.0
QIP_gurobi_bound: solver finished in 1.428 s (time_limit=100.0 s, status=OPTIMAL)
[ Info: slice 2, lp_score: 5378.0, primal_bound: 0.0
[ Info: new_scs: [42, 42]
[ Info: lp_scores: [5378.0, 5377.0]
[ Info: lp_scores: 5377.0
[ Info: lp_scores: 5378.0
[ Info: current num of unfinished slices: 22, finished slices: 0
                      ┌                                        ┐ 
                   42 ┤■■■■■■■■■■■■■■■■■■■■■■■■■■■■■■■■■■■■■ 3   
                   43 ┤■■■■■■■■■■■■ 1                            
                   44 ┤■■■■■■■■■■■■ 1                            
                   45 ┤■■■■■■■■■■■■ 1                            
                   46 ┤■■■■■■■■■■■■■■■■■■■■■■■■■ 2               
                   47 ┤■■■■■■■■■■■■ 1                            
                   48 ┤■■■■■■■■■■■■ 1                            
                   49 ┤■■■■■■■■■■■■ 1                            
                   50 ┤ 0                                        
   sc, target = 31 51 ┤■■■■■■■■■■■■ 1                            
                   52 ┤■■■■■■■■■■■■■■■■■■■■■■■■■■■■■■■■■■■■■ 3   
                   53 ┤■■■■■■■■■■■■ 1                            
                   54 ┤■■■■■■■■■■■■ 1                            
                   55 ┤ 0                                        
                   56 ┤ 0                                        
                   57 ┤■■■■■■■■■■■■■■■■■■■■■■■■■■■■■■■■■■■■■ 3   
                   58 ┤ 0                                        
                   59 ┤■■■■■■■■■■■■ 1                            
                   60 ┤■■■■■■■■■■■■ 1                            
                      └                                        ┘ 
                                     num of slices               
[ Info: slicing branch with sc: 42.0
[ Info: cc.sc: 42.0
region size: 10
QIP_gurobi_bound: solver finished in 2.032 s (time_limit=100.0 s, status=OPTIMAL)
[ Info: slice 1, lp_score: 5378.0, primal_bound: 0.0
QIP_gurobi_bound: solver finished in 1.575 s (time_limit=100.0 s, status=OPTIMAL)
[ Info: slice 2, lp_score: 5378.0, primal_bound: 0.0
[ Info: new_scs: [41, 42]
[ Info: lp_scores: [5378.0, 5378.0]
[ Info: lp_scores: 5378.0
[ Info: lp_scores: 5378.0
[ Info: current num of unfinished slices: 23, finished slices: 0
                      ┌                                        ┐ 
                   41 ┤■■■■■■■■■■■■ 1                            
                   42 ┤■■■■■■■■■■■■■■■■■■■■■■■■■■■■■■■■■■■■■ 3   
                   43 ┤■■■■■■■■■■■■ 1                            
                   44 ┤■■■■■■■■■■■■ 1                            
                   45 ┤■■■■■■■■■■■■ 1                            
                   46 ┤■■■■■■■■■■■■■■■■■■■■■■■■■ 2               
                   47 ┤■■■■■■■■■■■■ 1                            
                   48 ┤■■■■■■■■■■■■ 1                            
                   49 ┤■■■■■■■■■■■■ 1                            
   sc, target = 31 50 ┤ 0                                        
                   51 ┤■■■■■■■■■■■■ 1                            
                   52 ┤■■■■■■■■■■■■■■■■■■■■■■■■■■■■■■■■■■■■■ 3   
                   53 ┤■■■■■■■■■■■■ 1                            
                   54 ┤■■■■■■■■■■■■ 1                            
                   55 ┤ 0                                        
                   56 ┤ 0                                        
                   57 ┤■■■■■■■■■■■■■■■■■■■■■■■■■■■■■■■■■■■■■ 3   
                   58 ┤ 0                                        
                   59 ┤■■■■■■■■■■■■ 1                            
                   60 ┤■■■■■■■■■■■■ 1                            
                      └                                        ┘ 
                                     num of slices               
[ Info: slicing branch with sc: 41.0
[ Info: cc.sc: 41.0
region size: 10
QIP_gurobi_bound: solver finished in 1.613 s (time_limit=100.0 s, status=OPTIMAL)
[ Info: slice 1, lp_score: 5375.0, primal_bound: 0.0
QIP_gurobi_bound: solver finished in 1.481 s (time_limit=100.0 s, status=OPTIMAL)
[ Info: slice 2, lp_score: 5378.0, primal_bound: 0.0
[ Info: new_scs: [40, 40]
[ Info: lp_scores: [5378.0, 5375.0]
[ Info: lp_scores: 5375.0
[ Info: lp_scores: 5378.0
[ Info: current num of unfinished slices: 24, finished slices: 0
                      ┌                                        ┐ 
                   40 ┤■■■■■■■■■■■■■■■■■■■■■■■■■ 2               
                   41 ┤ 0                                        
                   42 ┤■■■■■■■■■■■■■■■■■■■■■■■■■■■■■■■■■■■■■ 3   
                   43 ┤■■■■■■■■■■■■ 1                            
                   44 ┤■■■■■■■■■■■■ 1                            
                   45 ┤■■■■■■■■■■■■ 1                            
                   46 ┤■■■■■■■■■■■■■■■■■■■■■■■■■ 2               
                   47 ┤■■■■■■■■■■■■ 1                            
                   48 ┤■■■■■■■■■■■■ 1                            
                   49 ┤■■■■■■■■■■■■ 1                            
   sc, target = 31 50 ┤ 0                                        
                   51 ┤■■■■■■■■■■■■ 1                            
                   52 ┤■■■■■■■■■■■■■■■■■■■■■■■■■■■■■■■■■■■■■ 3   
                   53 ┤■■■■■■■■■■■■ 1                            
                   54 ┤■■■■■■■■■■■■ 1                            
                   55 ┤ 0                                        
                   56 ┤ 0                                        
                   57 ┤■■■■■■■■■■■■■■■■■■■■■■■■■■■■■■■■■■■■■ 3   
                   58 ┤ 0                                        
                   59 ┤■■■■■■■■■■■■ 1                            
                   60 ┤■■■■■■■■■■■■ 1                            
                      └                                        ┘ 
                                     num of slices               
[ Info: slicing branch with sc: 40.0
[ Info: cc.sc: 40.0
region size: 10
QIP_gurobi_bound: solver finished in 1.671 s (time_limit=100.0 s, status=OPTIMAL)
[ Info: slice 1, lp_score: 5376.0, primal_bound: 0.0
QIP_gurobi_bound: solver finished in 1.58 s (time_limit=100.0 s, status=OPTIMAL)
[ Info: slice 2, lp_score: 5378.0, primal_bound: 0.0
[ Info: new_scs: [39, 39]
[ Info: lp_scores: [5378.0, 5376.0]
[ Info: lp_scores: 5376.0
[ Info: lp_scores: 5378.0
[ Info: current num of unfinished slices: 25, finished slices: 0
                      ┌                                        ┐ 
                   39 ┤■■■■■■■■■■■■■■■■■■■■■■■■■ 2               
                   40 ┤■■■■■■■■■■■■ 1                            
                   41 ┤ 0                                        
                   42 ┤■■■■■■■■■■■■■■■■■■■■■■■■■■■■■■■■■■■■■ 3   
                   43 ┤■■■■■■■■■■■■ 1                            
                   44 ┤■■■■■■■■■■■■ 1                            
                   45 ┤■■■■■■■■■■■■ 1                            
                   46 ┤■■■■■■■■■■■■■■■■■■■■■■■■■ 2               
                   47 ┤■■■■■■■■■■■■ 1                            
                   48 ┤■■■■■■■■■■■■ 1                            
   sc, target = 31 49 ┤■■■■■■■■■■■■ 1                            
                   50 ┤ 0                                        
                   51 ┤■■■■■■■■■■■■ 1                            
                   52 ┤■■■■■■■■■■■■■■■■■■■■■■■■■■■■■■■■■■■■■ 3   
                   53 ┤■■■■■■■■■■■■ 1                            
                   54 ┤■■■■■■■■■■■■ 1                            
                   55 ┤ 0                                        
                   56 ┤ 0                                        
                   57 ┤■■■■■■■■■■■■■■■■■■■■■■■■■■■■■■■■■■■■■ 3   
                   58 ┤ 0                                        
                   59 ┤■■■■■■■■■■■■ 1                            
                   60 ┤■■■■■■■■■■■■ 1                            
                      └                                        ┘ 
                                     num of slices               
[ Info: slicing branch with sc: 39.0
[ Info: cc.sc: 39.0
region size: 10
QIP_gurobi_bound: solver finished in 1.509 s (time_limit=100.0 s, status=OPTIMAL)
[ Info: slice 1, lp_score: 5378.0, primal_bound: 0.0
QIP_gurobi_bound: solver finished in 1.549 s (time_limit=100.0 s, status=OPTIMAL)
[ Info: slice 2, lp_score: 5378.0, primal_bound: 0.0
[ Info: new_scs: [38, 39]
[ Info: lp_scores: [5378.0, 5378.0]
[ Info: lp_scores: 5378.0
[ Info: lp_scores: 5378.0
[ Info: current num of unfinished slices: 26, finished slices: 0
                      ┌                                        ┐ 
                   38 ┤■■■■■■■■■■■■ 1                            
                   39 ┤■■■■■■■■■■■■■■■■■■■■■■■■■ 2               
                   40 ┤■■■■■■■■■■■■ 1                            
                   41 ┤ 0                                        
                   42 ┤■■■■■■■■■■■■■■■■■■■■■■■■■■■■■■■■■■■■■ 3   
                   43 ┤■■■■■■■■■■■■ 1                            
                   44 ┤■■■■■■■■■■■■ 1                            
                   45 ┤■■■■■■■■■■■■ 1                            
                   46 ┤■■■■■■■■■■■■■■■■■■■■■■■■■ 2               
                   47 ┤■■■■■■■■■■■■ 1                            
                   48 ┤■■■■■■■■■■■■ 1                            
   sc, target = 31 49 ┤■■■■■■■■■■■■ 1                            
                   50 ┤ 0                                        
                   51 ┤■■■■■■■■■■■■ 1                            
                   52 ┤■■■■■■■■■■■■■■■■■■■■■■■■■■■■■■■■■■■■■ 3   
                   53 ┤■■■■■■■■■■■■ 1                            
                   54 ┤■■■■■■■■■■■■ 1                            
                   55 ┤ 0                                        
                   56 ┤ 0                                        
                   57 ┤■■■■■■■■■■■■■■■■■■■■■■■■■■■■■■■■■■■■■ 3   
                   58 ┤ 0                                        
                   59 ┤■■■■■■■■■■■■ 1                            
                   60 ┤■■■■■■■■■■■■ 1                            
                      └                                        ┘ 
                                     num of slices               
[ Info: slicing branch with sc: 38.0
[ Info: cc.sc: 38.0
region size: 10
QIP_gurobi_bound: solver finished in 1.465 s (time_limit=100.0 s, status=OPTIMAL)
[ Info: slice 1, lp_score: 5378.0, primal_bound: 0.0
QIP_gurobi_bound: solver finished in 1.906 s (time_limit=100.0 s, status=OPTIMAL)
[ Info: slice 2, lp_score: 5377.0, primal_bound: 0.0
[ Info: new_scs: [38, 38]
[ Info: lp_scores: [5378.0, 5377.0]
[ Info: lp_scores: 5377.0
[ Info: lp_scores: 5378.0
[ Info: current num of unfinished slices: 27, finished slices: 0
                      ┌                                        ┐ 
                   38 ┤■■■■■■■■■■■■■■■■■■■■■■■■■ 2               
                   39 ┤■■■■■■■■■■■■■■■■■■■■■■■■■ 2               
                   40 ┤■■■■■■■■■■■■ 1                            
                   41 ┤ 0                                        
                   42 ┤■■■■■■■■■■■■■■■■■■■■■■■■■■■■■■■■■■■■■ 3   
                   43 ┤■■■■■■■■■■■■ 1                            
                   44 ┤■■■■■■■■■■■■ 1                            
                   45 ┤■■■■■■■■■■■■ 1                            
                   46 ┤■■■■■■■■■■■■■■■■■■■■■■■■■ 2               
                   47 ┤■■■■■■■■■■■■ 1                            
                   48 ┤■■■■■■■■■■■■ 1                            
   sc, target = 31 49 ┤■■■■■■■■■■■■ 1                            
                   50 ┤ 0                                        
                   51 ┤■■■■■■■■■■■■ 1                            
                   52 ┤■■■■■■■■■■■■■■■■■■■■■■■■■■■■■■■■■■■■■ 3   
                   53 ┤■■■■■■■■■■■■ 1                            
                   54 ┤■■■■■■■■■■■■ 1                            
                   55 ┤ 0                                        
                   56 ┤ 0                                        
                   57 ┤■■■■■■■■■■■■■■■■■■■■■■■■■■■■■■■■■■■■■ 3   
                   58 ┤ 0                                        
                   59 ┤■■■■■■■■■■■■ 1                            
                   60 ┤■■■■■■■■■■■■ 1                            
                      └                                        ┘ 
                                     num of slices               
[ Info: slicing branch with sc: 38.0
[ Info: cc.sc: 38.0
region size: 10
QIP_gurobi_bound: solver finished in 1.509 s (time_limit=100.0 s, status=OPTIMAL)
[ Info: slice 1, lp_score: 5377.0, primal_bound: 0.0
QIP_gurobi_bound: solver finished in 1.643 s (time_limit=100.0 s, status=OPTIMAL)
[ Info: slice 2, lp_score: 5378.0, primal_bound: 0.0
[ Info: new_scs: [38, 38]
[ Info: lp_scores: [5378.0, 5377.0]
[ Info: lp_scores: 5377.0
[ Info: lp_scores: 5378.0
[ Info: current num of unfinished slices: 28, finished slices: 0
                      ┌                                        ┐ 
                   38 ┤■■■■■■■■■■■■■■■■■■■■■■■■■■■■■■■■■■■■■ 3   
                   39 ┤■■■■■■■■■■■■■■■■■■■■■■■■■ 2               
                   40 ┤■■■■■■■■■■■■ 1                            
                   41 ┤ 0                                        
                   42 ┤■■■■■■■■■■■■■■■■■■■■■■■■■■■■■■■■■■■■■ 3   
                   43 ┤■■■■■■■■■■■■ 1                            
                   44 ┤■■■■■■■■■■■■ 1                            
                   45 ┤■■■■■■■■■■■■ 1                            
                   46 ┤■■■■■■■■■■■■■■■■■■■■■■■■■ 2               
                   47 ┤■■■■■■■■■■■■ 1                            
                   48 ┤■■■■■■■■■■■■ 1                            
   sc, target = 31 49 ┤■■■■■■■■■■■■ 1                            
                   50 ┤ 0                                        
                   51 ┤■■■■■■■■■■■■ 1                            
                   52 ┤■■■■■■■■■■■■■■■■■■■■■■■■■■■■■■■■■■■■■ 3   
                   53 ┤■■■■■■■■■■■■ 1                            
                   54 ┤■■■■■■■■■■■■ 1                            
                   55 ┤ 0                                        
                   56 ┤ 0                                        
                   57 ┤■■■■■■■■■■■■■■■■■■■■■■■■■■■■■■■■■■■■■ 3   
                   58 ┤ 0                                        
                   59 ┤■■■■■■■■■■■■ 1                            
                   60 ┤■■■■■■■■■■■■ 1                            
                      └                                        ┘ 
                                     num of slices               
[ Info: slicing branch with sc: 38.0
[ Info: cc.sc: 38.0
region size: 10
QIP_gurobi_bound: solver finished in 1.908 s (time_limit=100.0 s, status=OPTIMAL)
[ Info: slice 1, lp_score: 5377.0, primal_bound: 0.0
QIP_gurobi_bound: solver finished in 1.523 s (time_limit=100.0 s, status=OPTIMAL)
[ Info: slice 2, lp_score: 5378.0, primal_bound: 0.0
[ Info: new_scs: [37, 38]
[ Info: lp_scores: [5378.0, 5377.0]
[ Info: lp_scores: 5377.0
[ Info: lp_scores: 5378.0
[ Info: current num of unfinished slices: 29, finished slices: 0
                      ┌                                        ┐ 
                   37 ┤■■■■■■■■■■■■ 1                            
                   38 ┤■■■■■■■■■■■■■■■■■■■■■■■■■■■■■■■■■■■■■ 3   
                   39 ┤■■■■■■■■■■■■■■■■■■■■■■■■■ 2               
                   40 ┤■■■■■■■■■■■■ 1                            
                   41 ┤ 0                                        
                   42 ┤■■■■■■■■■■■■■■■■■■■■■■■■■■■■■■■■■■■■■ 3   
                   43 ┤■■■■■■■■■■■■ 1                            
                   44 ┤■■■■■■■■■■■■ 1                            
                   45 ┤■■■■■■■■■■■■ 1                            
                   46 ┤■■■■■■■■■■■■■■■■■■■■■■■■■ 2               
                   47 ┤■■■■■■■■■■■■ 1                            
   sc, target = 31 48 ┤■■■■■■■■■■■■ 1                            
                   49 ┤■■■■■■■■■■■■ 1                            
                   50 ┤ 0                                        
                   51 ┤■■■■■■■■■■■■ 1                            
                   52 ┤■■■■■■■■■■■■■■■■■■■■■■■■■■■■■■■■■■■■■ 3   
                   53 ┤■■■■■■■■■■■■ 1                            
                   54 ┤■■■■■■■■■■■■ 1                            
                   55 ┤ 0                                        
                   56 ┤ 0                                        
                   57 ┤■■■■■■■■■■■■■■■■■■■■■■■■■■■■■■■■■■■■■ 3   
                   58 ┤ 0                                        
                   59 ┤■■■■■■■■■■■■ 1                            
                   60 ┤■■■■■■■■■■■■ 1                            
                      └                                        ┘ 
                                     num of slices               
[ Info: slicing branch with sc: 37.0
[ Info: cc.sc: 37.0
region size: 10
QIP_gurobi_bound: solver finished in 1.314 s (time_limit=100.0 s, status=OPTIMAL)
[ Info: slice 1, lp_score: 5378.0, primal_bound: 0.0
QIP_gurobi_bound: solver finished in 1.375 s (time_limit=100.0 s, status=OPTIMAL)
[ Info: slice 2, lp_score: 5374.0, primal_bound: 0.0
[ Info: new_scs: [36, 36]
[ Info: lp_scores: [5378.0, 5374.0]
[ Info: lp_scores: 5374.0
[ Info: lp_scores: 5378.0
[ Info: current num of unfinished slices: 30, finished slices: 0
                      ┌                                        ┐ 
                   36 ┤■■■■■■■■■■■■■■■■■■■■■■■■■ 2               
                   37 ┤ 0                                        
                   38 ┤■■■■■■■■■■■■■■■■■■■■■■■■■■■■■■■■■■■■■ 3   
                   39 ┤■■■■■■■■■■■■■■■■■■■■■■■■■ 2               
                   40 ┤■■■■■■■■■■■■ 1                            
                   41 ┤ 0                                        
                   42 ┤■■■■■■■■■■■■■■■■■■■■■■■■■■■■■■■■■■■■■ 3   
                   43 ┤■■■■■■■■■■■■ 1                            
                   44 ┤■■■■■■■■■■■■ 1                            
                   45 ┤■■■■■■■■■■■■ 1                            
                   46 ┤■■■■■■■■■■■■■■■■■■■■■■■■■ 2               
                   47 ┤■■■■■■■■■■■■ 1                            
   sc, target = 31 48 ┤■■■■■■■■■■■■ 1                            
                   49 ┤■■■■■■■■■■■■ 1                            
                   50 ┤ 0                                        
                   51 ┤■■■■■■■■■■■■ 1                            
                   52 ┤■■■■■■■■■■■■■■■■■■■■■■■■■■■■■■■■■■■■■ 3   
                   53 ┤■■■■■■■■■■■■ 1                            
                   54 ┤■■■■■■■■■■■■ 1                            
                   55 ┤ 0                                        
                   56 ┤ 0                                        
                   57 ┤■■■■■■■■■■■■■■■■■■■■■■■■■■■■■■■■■■■■■ 3   
                   58 ┤ 0                                        
                   59 ┤■■■■■■■■■■■■ 1                            
                   60 ┤■■■■■■■■■■■■ 1                            
                      └                                        ┘ 
                                     num of slices               
[ Info: slicing branch with sc: 36.0
[ Info: cc.sc: 36.0
region size: 10
QIP_gurobi_bound: solver finished in 1.572 s (time_limit=100.0 s, status=OPTIMAL)
[ Info: slice 1, lp_score: 5375.0, primal_bound: 0.0
QIP_gurobi_bound: solver finished in 1.41 s (time_limit=100.0 s, status=OPTIMAL)
[ Info: slice 2, lp_score: 5378.0, primal_bound: 0.0
[ Info: new_scs: [35, 35]
[ Info: lp_scores: [5378.0, 5375.0]
[ Info: lp_scores: 5375.0
[ Info: lp_scores: 5378.0
[ Info: current num of unfinished slices: 31, finished slices: 0
                      ┌                                        ┐ 
                   35 ┤■■■■■■■■■■■■■■■■■■■■■■■■■ 2               
                   36 ┤■■■■■■■■■■■■ 1                            
                   37 ┤ 0                                        
                   38 ┤■■■■■■■■■■■■■■■■■■■■■■■■■■■■■■■■■■■■■ 3   
                   39 ┤■■■■■■■■■■■■■■■■■■■■■■■■■ 2               
                   40 ┤■■■■■■■■■■■■ 1                            
                   41 ┤ 0                                        
                   42 ┤■■■■■■■■■■■■■■■■■■■■■■■■■■■■■■■■■■■■■ 3   
                   43 ┤■■■■■■■■■■■■ 1                            
                   44 ┤■■■■■■■■■■■■ 1                            
                   45 ┤■■■■■■■■■■■■ 1                            
                   46 ┤■■■■■■■■■■■■■■■■■■■■■■■■■ 2               
   sc, target = 31 47 ┤■■■■■■■■■■■■ 1                            
                   48 ┤■■■■■■■■■■■■ 1                            
                   49 ┤■■■■■■■■■■■■ 1                            
                   50 ┤ 0                                        
                   51 ┤■■■■■■■■■■■■ 1                            
                   52 ┤■■■■■■■■■■■■■■■■■■■■■■■■■■■■■■■■■■■■■ 3   
                   53 ┤■■■■■■■■■■■■ 1                            
                   54 ┤■■■■■■■■■■■■ 1                            
                   55 ┤ 0                                        
                   56 ┤ 0                                        
                   57 ┤■■■■■■■■■■■■■■■■■■■■■■■■■■■■■■■■■■■■■ 3   
                   58 ┤ 0                                        
                   59 ┤■■■■■■■■■■■■ 1                            
                   60 ┤■■■■■■■■■■■■ 1                            
                      └                                        ┘ 
                                     num of slices               
[ Info: slicing branch with sc: 35.0
[ Info: cc.sc: 35.0
region size: 10
QIP_gurobi_bound: solver finished in 1.392 s (time_limit=100.0 s, status=OPTIMAL)
[ Info: slice 1, lp_score: 5373.0, primal_bound: 0.0
QIP_gurobi_bound: solver finished in 1.472 s (time_limit=100.0 s, status=OPTIMAL)
[ Info: slice 2, lp_score: 5378.0, primal_bound: 0.0
[ Info: new_scs: [34, 34]
[ Info: lp_scores: [5378.0, 5373.0]
[ Info: lp_scores: 5373.0
[ Info: lp_scores: 5378.0
[ Info: current num of unfinished slices: 32, finished slices: 0
                      ┌                                        ┐ 
                   34 ┤■■■■■■■■■■■■■■■■■■■■■■■■■ 2               
                   35 ┤■■■■■■■■■■■■ 1                            
                   36 ┤■■■■■■■■■■■■ 1                            
                   37 ┤ 0                                        
                   38 ┤■■■■■■■■■■■■■■■■■■■■■■■■■■■■■■■■■■■■■ 3   
                   39 ┤■■■■■■■■■■■■■■■■■■■■■■■■■ 2               
                   40 ┤■■■■■■■■■■■■ 1                            
                   41 ┤ 0                                        
                   42 ┤■■■■■■■■■■■■■■■■■■■■■■■■■■■■■■■■■■■■■ 3   
                   43 ┤■■■■■■■■■■■■ 1                            
                   44 ┤■■■■■■■■■■■■ 1                            
                   45 ┤■■■■■■■■■■■■ 1                            
                   46 ┤■■■■■■■■■■■■■■■■■■■■■■■■■ 2               
   sc, target = 31 47 ┤■■■■■■■■■■■■ 1                            
                   48 ┤■■■■■■■■■■■■ 1                            
                   49 ┤■■■■■■■■■■■■ 1                            
                   50 ┤ 0                                        
                   51 ┤■■■■■■■■■■■■ 1                            
                   52 ┤■■■■■■■■■■■■■■■■■■■■■■■■■■■■■■■■■■■■■ 3   
                   53 ┤■■■■■■■■■■■■ 1                            
                   54 ┤■■■■■■■■■■■■ 1                            
                   55 ┤ 0                                        
                   56 ┤ 0                                        
                   57 ┤■■■■■■■■■■■■■■■■■■■■■■■■■■■■■■■■■■■■■ 3   
                   58 ┤ 0                                        
                   59 ┤■■■■■■■■■■■■ 1                            
                   60 ┤■■■■■■■■■■■■ 1                            
                      └                                        ┘ 
                                     num of slices               
[ Info: slicing branch with sc: 34.0
[ Info: cc.sc: 34.0
region size: 10
QIP_gurobi_bound: solver finished in 1.529 s (time_limit=100.0 s, status=OPTIMAL)
[ Info: slice 1, lp_score: 5378.0, primal_bound: 0.0
QIP_gurobi_bound: solver finished in 1.293 s (time_limit=100.0 s, status=OPTIMAL)
[ Info: slice 2, lp_score: 5370.0, primal_bound: 0.0
[ Info: new_scs: [33, 33]
[ Info: lp_scores: [5378.0, 5370.0]
[ Info: lp_scores: 5370.0
[ Info: lp_scores: 5378.0
[ Info: current num of unfinished slices: 33, finished slices: 0
                      ┌                                        ┐ 
                   33 ┤■■■■■■■■■■■■■■■■■■■■■■■■■ 2               
                   34 ┤■■■■■■■■■■■■ 1                            
                   35 ┤■■■■■■■■■■■■ 1                            
                   36 ┤■■■■■■■■■■■■ 1                            
                   37 ┤ 0                                        
                   38 ┤■■■■■■■■■■■■■■■■■■■■■■■■■■■■■■■■■■■■■ 3   
                   39 ┤■■■■■■■■■■■■■■■■■■■■■■■■■ 2               
                   40 ┤■■■■■■■■■■■■ 1                            
                   41 ┤ 0                                        
                   42 ┤■■■■■■■■■■■■■■■■■■■■■■■■■■■■■■■■■■■■■ 3   
                   43 ┤■■■■■■■■■■■■ 1                            
                   44 ┤■■■■■■■■■■■■ 1                            
                   45 ┤■■■■■■■■■■■■ 1                            
   sc, target = 31 46 ┤■■■■■■■■■■■■■■■■■■■■■■■■■ 2               
                   47 ┤■■■■■■■■■■■■ 1                            
                   48 ┤■■■■■■■■■■■■ 1                            
                   49 ┤■■■■■■■■■■■■ 1                            
                   50 ┤ 0                                        
                   51 ┤■■■■■■■■■■■■ 1                            
                   52 ┤■■■■■■■■■■■■■■■■■■■■■■■■■■■■■■■■■■■■■ 3   
                   53 ┤■■■■■■■■■■■■ 1                            
                   54 ┤■■■■■■■■■■■■ 1                            
                   55 ┤ 0                                        
                   56 ┤ 0                                        
                   57 ┤■■■■■■■■■■■■■■■■■■■■■■■■■■■■■■■■■■■■■ 3   
                   58 ┤ 0                                        
                   59 ┤■■■■■■■■■■■■ 1                            
                   60 ┤■■■■■■■■■■■■ 1                            
                      └                                        ┘ 
                                     num of slices               
[ Info: slicing branch with sc: 33.0
[ Info: cc.sc: 33.0
region size: 10
QIP_gurobi_bound: solver finished in 1.407 s (time_limit=100.0 s, status=OPTIMAL)
[ Info: slice 1, lp_score: 5372.0, primal_bound: 0.0
QIP_gurobi_bound: solver finished in 1.294 s (time_limit=100.0 s, status=OPTIMAL)
[ Info: slice 2, lp_score: 5378.0, primal_bound: 0.0
QIP_gurobi_bound: solver finished in 1.33 s (time_limit=100.0 s, status=OPTIMAL)
[ Info: slice 3, lp_score: 5374.0, primal_bound: 0.0
QIP_gurobi_bound: solver finished in 1.278 s (time_limit=100.0 s, status=OPTIMAL)
[ Info: slice 4, lp_score: 5372.0, primal_bound: 0.0
[ Info: new_scs: [31, 31, 31, 31]
[ Info: lp_scores: [5378.0, 5374.0, 5372.0, 5372.0]
[ Info: lp_scores: 5372.0
[ Info: lp_scores: 5372.0
[ Info: lp_scores: 5374.0
[ Info: lp_scores: 5378.0
[ Info: current num of unfinished slices: 36, finished slices: 0
                      ┌                                        ┐ 
                   31 ┤■■■■■■■■■■■■■■■■■■■■■■■■■■■■■■■■■■■■■ 4   
                   32 ┤ 0                                        
                   33 ┤■■■■■■■■■ 1                               
                   34 ┤■■■■■■■■■ 1                               
                   35 ┤■■■■■■■■■ 1                               
                   36 ┤■■■■■■■■■ 1                               
                   37 ┤ 0                                        
                   38 ┤■■■■■■■■■■■■■■■■■■■■■■■■■■■■ 3            
                   39 ┤■■■■■■■■■■■■■■■■■■■ 2                     
                   40 ┤■■■■■■■■■ 1                               
                   41 ┤ 0                                        
                   42 ┤■■■■■■■■■■■■■■■■■■■■■■■■■■■■ 3            
                   43 ┤■■■■■■■■■ 1                               
                   44 ┤■■■■■■■■■ 1                               
   sc, target = 31 45 ┤■■■■■■■■■ 1                               
                   46 ┤■■■■■■■■■■■■■■■■■■■ 2                     
                   47 ┤■■■■■■■■■ 1                               
                   48 ┤■■■■■■■■■ 1                               
                   49 ┤■■■■■■■■■ 1                               
                   50 ┤ 0                                        
                   51 ┤■■■■■■■■■ 1                               
                   52 ┤■■■■■■■■■■■■■■■■■■■■■■■■■■■■ 3            
                   53 ┤■■■■■■■■■ 1                               
                   54 ┤■■■■■■■■■ 1                               
                   55 ┤ 0                                        
                   56 ┤ 0                                        
                   57 ┤■■■■■■■■■■■■■■■■■■■■■■■■■■■■ 3            
                   58 ┤ 0                                        
                   59 ┤■■■■■■■■■ 1                               
                   60 ┤■■■■■■■■■ 1                               
                      └                                        ┘ 
                                     num of slices               
[ Info: slicing branch with sc: 31.0
  [slice produced] sc=31.0 tc=46.20145238664788 nv=3554 ne=6934 r=51.0
QIP_value_gurobi: solver finished in 1.466 s (time_limit=604800.0 s, status=OPTIMAL)
[ Info: feasible solution: 5378.0, primal bound: 5378.0
[ Info: current num of unfinished slices: 35, finished slices: 1
                      ┌                                        ┐ 
                   31 ┤■■■■■■■■■■■■■■■■■■■■■■■■■■■■■■■■■■■■■ 3   
                   32 ┤ 0                                        
                   33 ┤■■■■■■■■■■■■ 1                            
                   34 ┤■■■■■■■■■■■■ 1                            
                   35 ┤■■■■■■■■■■■■ 1                            
                   36 ┤■■■■■■■■■■■■ 1                            
                   37 ┤ 0                                        
                   38 ┤■■■■■■■■■■■■■■■■■■■■■■■■■■■■■■■■■■■■■ 3   
                   39 ┤■■■■■■■■■■■■■■■■■■■■■■■■■ 2               
                   40 ┤■■■■■■■■■■■■ 1                            
                   41 ┤ 0                                        
                   42 ┤■■■■■■■■■■■■■■■■■■■■■■■■■■■■■■■■■■■■■ 3   
                   43 ┤■■■■■■■■■■■■ 1                            
                   44 ┤■■■■■■■■■■■■ 1                            
   sc, target = 31 45 ┤■■■■■■■■■■■■ 1                            
                   46 ┤■■■■■■■■■■■■■■■■■■■■■■■■■ 2               
                   47 ┤■■■■■■■■■■■■ 1                            
                   48 ┤■■■■■■■■■■■■ 1                            
                   49 ┤■■■■■■■■■■■■ 1                            
                   50 ┤ 0                                        
                   51 ┤■■■■■■■■■■■■ 1                            
                   52 ┤■■■■■■■■■■■■■■■■■■■■■■■■■■■■■■■■■■■■■ 3   
                   53 ┤■■■■■■■■■■■■ 1                            
                   54 ┤■■■■■■■■■■■■ 1                            
                   55 ┤ 0                                        
                   56 ┤ 0                                        
                   57 ┤■■■■■■■■■■■■■■■■■■■■■■■■■■■■■■■■■■■■■ 3   
                   58 ┤ 0                                        
                   59 ┤■■■■■■■■■■■■ 1                            
                   60 ┤■■■■■■■■■■■■ 1                            
                      └                                        ┘ 
                                     num of slices               
[ Info: slicing branch with sc: 31.0
  [slice produced] sc=31.0 tc=46.36071197537973 nv=3557 ne=6941 r=43.5
QIP_value_gurobi: solver finished in 1.402 s (time_limit=604800.0 s, status=OPTIMAL)
[ Info: feasible solution: 5374.0, primal bound: 5378.0
[ Info: current num of unfinished slices: 34, finished slices: 2
                      ┌                                        ┐ 
                   31 ┤■■■■■■■■■■■■■■■■■■■■■■■■■ 2               
                   32 ┤ 0                                        
                   33 ┤■■■■■■■■■■■■ 1                            
                   34 ┤■■■■■■■■■■■■ 1                            
                   35 ┤■■■■■■■■■■■■ 1                            
                   36 ┤■■■■■■■■■■■■ 1                            
                   37 ┤ 0                                        
                   38 ┤■■■■■■■■■■■■■■■■■■■■■■■■■■■■■■■■■■■■■ 3   
                   39 ┤■■■■■■■■■■■■■■■■■■■■■■■■■ 2               
                   40 ┤■■■■■■■■■■■■ 1                            
                   41 ┤ 0                                        
                   42 ┤■■■■■■■■■■■■■■■■■■■■■■■■■■■■■■■■■■■■■ 3   
                   43 ┤■■■■■■■■■■■■ 1                            
                   44 ┤■■■■■■■■■■■■ 1                            
   sc, target = 31 45 ┤■■■■■■■■■■■■ 1                            
                   46 ┤■■■■■■■■■■■■■■■■■■■■■■■■■ 2               
                   47 ┤■■■■■■■■■■■■ 1                            
                   48 ┤■■■■■■■■■■■■ 1                            
                   49 ┤■■■■■■■■■■■■ 1                            
                   50 ┤ 0                                        
                   51 ┤■■■■■■■■■■■■ 1                            
                   52 ┤■■■■■■■■■■■■■■■■■■■■■■■■■■■■■■■■■■■■■ 3   
                   53 ┤■■■■■■■■■■■■ 1                            
                   54 ┤■■■■■■■■■■■■ 1                            
                   55 ┤ 0                                        
                   56 ┤ 0                                        
                   57 ┤■■■■■■■■■■■■■■■■■■■■■■■■■■■■■■■■■■■■■ 3   
                   58 ┤ 0                                        
                   59 ┤■■■■■■■■■■■■ 1                            
                   60 ┤■■■■■■■■■■■■ 1                            
                      └                                        ┘ 
                                     num of slices               
[ Info: slicing branch with sc: 31.0
  [slice produced] sc=31.0 tc=46.35143485910728 nv=3556 ne=6937 r=45.0
QIP_value_gurobi: solver finished in 1.364 s (time_limit=604800.0 s, status=OPTIMAL)
[ Info: feasible solution: 5372.0, primal bound: 5378.0
[ Info: current num of unfinished slices: 33, finished slices: 3
                      ┌                                        ┐ 
                   31 ┤■■■■■■■■■■■■ 1                            
                   32 ┤ 0                                        
                   33 ┤■■■■■■■■■■■■ 1                            
                   34 ┤■■■■■■■■■■■■ 1                            
                   35 ┤■■■■■■■■■■■■ 1                            
                   36 ┤■■■■■■■■■■■■ 1                            
                   37 ┤ 0                                        
                   38 ┤■■■■■■■■■■■■■■■■■■■■■■■■■■■■■■■■■■■■■ 3   
                   39 ┤■■■■■■■■■■■■■■■■■■■■■■■■■ 2               
                   40 ┤■■■■■■■■■■■■ 1                            
                   41 ┤ 0                                        
                   42 ┤■■■■■■■■■■■■■■■■■■■■■■■■■■■■■■■■■■■■■ 3   
                   43 ┤■■■■■■■■■■■■ 1                            
                   44 ┤■■■■■■■■■■■■ 1                            
   sc, target = 31 45 ┤■■■■■■■■■■■■ 1                            
                   46 ┤■■■■■■■■■■■■■■■■■■■■■■■■■ 2               
                   47 ┤■■■■■■■■■■■■ 1                            
                   48 ┤■■■■■■■■■■■■ 1                            
                   49 ┤■■■■■■■■■■■■ 1                            
                   50 ┤ 0                                        
                   51 ┤■■■■■■■■■■■■ 1                            
                   52 ┤■■■■■■■■■■■■■■■■■■■■■■■■■■■■■■■■■■■■■ 3   
                   53 ┤■■■■■■■■■■■■ 1                            
                   54 ┤■■■■■■■■■■■■ 1                            
                   55 ┤ 0                                        
                   56 ┤ 0                                        
                   57 ┤■■■■■■■■■■■■■■■■■■■■■■■■■■■■■■■■■■■■■ 3   
                   58 ┤ 0                                        
                   59 ┤■■■■■■■■■■■■ 1                            
                   60 ┤■■■■■■■■■■■■ 1                            
                      └                                        ┘ 
                                     num of slices               
[ Info: slicing branch with sc: 31.0
  [slice produced] sc=31.0 tc=46.3504658588546 nv=3558 ne=6943 r=42.0
QIP_value_gurobi: solver finished in 1.47 s (time_limit=604800.0 s, status=OPTIMAL)
[ Info: feasible solution: 5372.0, primal bound: 5378.0
[ Info: current num of unfinished slices: 32, finished slices: 4
                      ┌                                        ┐ 
                   33 ┤■■■■■■■■■■■■ 1                            
                   34 ┤■■■■■■■■■■■■ 1                            
                   35 ┤■■■■■■■■■■■■ 1                            
                   36 ┤■■■■■■■■■■■■ 1                            
                   37 ┤ 0                                        
                   38 ┤■■■■■■■■■■■■■■■■■■■■■■■■■■■■■■■■■■■■■ 3   
                   39 ┤■■■■■■■■■■■■■■■■■■■■■■■■■ 2               
                   40 ┤■■■■■■■■■■■■ 1                            
                   41 ┤ 0                                        
                   42 ┤■■■■■■■■■■■■■■■■■■■■■■■■■■■■■■■■■■■■■ 3   
                   43 ┤■■■■■■■■■■■■ 1                            
                   44 ┤■■■■■■■■■■■■ 1                            
                   45 ┤■■■■■■■■■■■■ 1                            
   sc, target = 31 46 ┤■■■■■■■■■■■■■■■■■■■■■■■■■ 2               
                   47 ┤■■■■■■■■■■■■ 1                            
                   48 ┤■■■■■■■■■■■■ 1                            
                   49 ┤■■■■■■■■■■■■ 1                            
                   50 ┤ 0                                        
                   51 ┤■■■■■■■■■■■■ 1                            
                   52 ┤■■■■■■■■■■■■■■■■■■■■■■■■■■■■■■■■■■■■■ 3   
                   53 ┤■■■■■■■■■■■■ 1                            
                   54 ┤■■■■■■■■■■■■ 1                            
                   55 ┤ 0                                        
                   56 ┤ 0                                        
                   57 ┤■■■■■■■■■■■■■■■■■■■■■■■■■■■■■■■■■■■■■ 3   
                   58 ┤ 0                                        
                   59 ┤■■■■■■■■■■■■ 1                            
                   60 ┤■■■■■■■■■■■■ 1                            
                      └                                        ┘ 
                                     num of slices               
[ Info: slicing branch with sc: 33.0
[ Info: cc.sc: 33.0
region size: 10
tbl0_rows:62 filtered_rows:62
QIP_gurobi_bound: solver finished in 1.309 s (time_limit=100.0 s, status=OPTIMAL)
[ Info: slice 1, lp_score: 5368.0, primal_bound: 5378.0
QIP_gurobi_bound: solver finished in 1.25 s (time_limit=100.0 s, status=OPTIMAL)
[ Info: slice 2, lp_score: 5367.0, primal_bound: 5378.0
QIP_gurobi_bound: solver finished in 1.361 s (time_limit=100.0 s, status=OPTIMAL)
[ Info: slice 3, lp_score: 5370.0, primal_bound: 5378.0
QIP_gurobi_bound: solver finished in 1.274 s (time_limit=100.0 s, status=OPTIMAL)
[ Info: slice 4, lp_score: 5369.0, primal_bound: 5378.0
[ Info: new_scs: Int64[]
[ Info: lp_scores: Float64[]
[ Info: current num of unfinished slices: 31, finished slices: 4
                      ┌                                        ┐ 
                   34 ┤■■■■■■■■■■■■ 1                            
                   35 ┤■■■■■■■■■■■■ 1                            
                   36 ┤■■■■■■■■■■■■ 1                            
                   37 ┤ 0                                        
                   38 ┤■■■■■■■■■■■■■■■■■■■■■■■■■■■■■■■■■■■■■ 3   
                   39 ┤■■■■■■■■■■■■■■■■■■■■■■■■■ 2               
                   40 ┤■■■■■■■■■■■■ 1                            
                   41 ┤ 0                                        
                   42 ┤■■■■■■■■■■■■■■■■■■■■■■■■■■■■■■■■■■■■■ 3   
                   43 ┤■■■■■■■■■■■■ 1                            
                   44 ┤■■■■■■■■■■■■ 1                            
                   45 ┤■■■■■■■■■■■■ 1                            
                   46 ┤■■■■■■■■■■■■■■■■■■■■■■■■■ 2               
   sc, target = 31 47 ┤■■■■■■■■■■■■ 1                            
                   48 ┤■■■■■■■■■■■■ 1                            
                   49 ┤■■■■■■■■■■■■ 1                            
                   50 ┤ 0                                        
                   51 ┤■■■■■■■■■■■■ 1                            
                   52 ┤■■■■■■■■■■■■■■■■■■■■■■■■■■■■■■■■■■■■■ 3   
                   53 ┤■■■■■■■■■■■■ 1                            
                   54 ┤■■■■■■■■■■■■ 1                            
                   55 ┤ 0                                        
                   56 ┤ 0                                        
                   57 ┤■■■■■■■■■■■■■■■■■■■■■■■■■■■■■■■■■■■■■ 3   
                   58 ┤ 0                                        
                   59 ┤■■■■■■■■■■■■ 1                            
                   60 ┤■■■■■■■■■■■■ 1                            
                      └                                        ┘ 
                                     num of slices               
[ Info: slicing branch with sc: 34.0
[ Info: cc.sc: 34.0
region size: 10
tbl0_rows:36 filtered_rows:36
QIP_gurobi_bound: solver finished in 1.423 s (time_limit=100.0 s, status=OPTIMAL)
[ Info: slice 1, lp_score: 5373.0, primal_bound: 5378.0
QIP_gurobi_bound: solver finished in 1.358 s (time_limit=100.0 s, status=OPTIMAL)
[ Info: slice 2, lp_score: 5365.0, primal_bound: 5378.0
[ Info: new_scs: Int64[]
[ Info: lp_scores: Float64[]
[ Info: current num of unfinished slices: 30, finished slices: 4
                      ┌                                        ┐ 
                   35 ┤■■■■■■■■■■■■ 1                            
                   36 ┤■■■■■■■■■■■■ 1                            
                   37 ┤ 0                                        
                   38 ┤■■■■■■■■■■■■■■■■■■■■■■■■■■■■■■■■■■■■■ 3   
                   39 ┤■■■■■■■■■■■■■■■■■■■■■■■■■ 2               
                   40 ┤■■■■■■■■■■■■ 1                            
                   41 ┤ 0                                        
                   42 ┤■■■■■■■■■■■■■■■■■■■■■■■■■■■■■■■■■■■■■ 3   
                   43 ┤■■■■■■■■■■■■ 1                            
                   44 ┤■■■■■■■■■■■■ 1                            
                   45 ┤■■■■■■■■■■■■ 1                            
                   46 ┤■■■■■■■■■■■■■■■■■■■■■■■■■ 2               
   sc, target = 31 47 ┤■■■■■■■■■■■■ 1                            
                   48 ┤■■■■■■■■■■■■ 1                            
                   49 ┤■■■■■■■■■■■■ 1                            
                   50 ┤ 0                                        
                   51 ┤■■■■■■■■■■■■ 1                            
                   52 ┤■■■■■■■■■■■■■■■■■■■■■■■■■■■■■■■■■■■■■ 3   
                   53 ┤■■■■■■■■■■■■ 1                            
                   54 ┤■■■■■■■■■■■■ 1                            
                   55 ┤ 0                                        
                   56 ┤ 0                                        
                   57 ┤■■■■■■■■■■■■■■■■■■■■■■■■■■■■■■■■■■■■■ 3   
                   58 ┤ 0                                        
                   59 ┤■■■■■■■■■■■■ 1                            
                   60 ┤■■■■■■■■■■■■ 1                            
                      └                                        ┘ 
                                     num of slices               
[ Info: slicing branch with sc: 35.0
[ Info: cc.sc: 35.0
region size: 10
tbl0_rows:33 filtered_rows:33
QIP_gurobi_bound: solver finished in 1.432 s (time_limit=100.0 s, status=OPTIMAL)
[ Info: slice 1, lp_score: 5373.0, primal_bound: 5378.0
QIP_gurobi_bound: solver finished in 1.874 s (time_limit=100.0 s, status=OPTIMAL)
[ Info: slice 2, lp_score: 5375.0, primal_bound: 5378.0
[ Info: new_scs: Int64[]
[ Info: lp_scores: Float64[]
[ Info: current num of unfinished slices: 29, finished slices: 4
                      ┌                                        ┐ 
                   36 ┤■■■■■■■■■■■■ 1                            
                   37 ┤ 0                                        
                   38 ┤■■■■■■■■■■■■■■■■■■■■■■■■■■■■■■■■■■■■■ 3   
                   39 ┤■■■■■■■■■■■■■■■■■■■■■■■■■ 2               
                   40 ┤■■■■■■■■■■■■ 1                            
                   41 ┤ 0                                        
                   42 ┤■■■■■■■■■■■■■■■■■■■■■■■■■■■■■■■■■■■■■ 3   
                   43 ┤■■■■■■■■■■■■ 1                            
                   44 ┤■■■■■■■■■■■■ 1                            
                   45 ┤■■■■■■■■■■■■ 1                            
                   46 ┤■■■■■■■■■■■■■■■■■■■■■■■■■ 2               
                   47 ┤■■■■■■■■■■■■ 1                            
   sc, target = 31 48 ┤■■■■■■■■■■■■ 1                            
                   49 ┤■■■■■■■■■■■■ 1                            
                   50 ┤ 0                                        
                   51 ┤■■■■■■■■■■■■ 1                            
                   52 ┤■■■■■■■■■■■■■■■■■■■■■■■■■■■■■■■■■■■■■ 3   
                   53 ┤■■■■■■■■■■■■ 1                            
                   54 ┤■■■■■■■■■■■■ 1                            
                   55 ┤ 0                                        
                   56 ┤ 0                                        
                   57 ┤■■■■■■■■■■■■■■■■■■■■■■■■■■■■■■■■■■■■■ 3   
                   58 ┤ 0                                        
                   59 ┤■■■■■■■■■■■■ 1                            
                   60 ┤■■■■■■■■■■■■ 1                            
                      └                                        ┘ 
                                     num of slices               
[ Info: slicing branch with sc: 36.0
[ Info: cc.sc: 36.0
region size: 10
tbl0_rows:56 filtered_rows:56
QIP_gurobi_bound: solver finished in 1.513 s (time_limit=100.0 s, status=OPTIMAL)
[ Info: slice 1, lp_score: 5374.0, primal_bound: 5378.0
QIP_gurobi_bound: solver finished in 1.416 s (time_limit=100.0 s, status=OPTIMAL)
[ Info: slice 2, lp_score: 5370.0, primal_bound: 5378.0
[ Info: new_scs: Int64[]
[ Info: lp_scores: Float64[]
[ Info: current num of unfinished slices: 28, finished slices: 4
                      ┌                                        ┐ 
                   38 ┤■■■■■■■■■■■■■■■■■■■■■■■■■■■■■■■■■■■■■ 3   
                   39 ┤■■■■■■■■■■■■■■■■■■■■■■■■■ 2               
                   40 ┤■■■■■■■■■■■■ 1                            
                   41 ┤ 0                                        
                   42 ┤■■■■■■■■■■■■■■■■■■■■■■■■■■■■■■■■■■■■■ 3   
                   43 ┤■■■■■■■■■■■■ 1                            
                   44 ┤■■■■■■■■■■■■ 1                            
                   45 ┤■■■■■■■■■■■■ 1                            
                   46 ┤■■■■■■■■■■■■■■■■■■■■■■■■■ 2               
                   47 ┤■■■■■■■■■■■■ 1                            
                   48 ┤■■■■■■■■■■■■ 1                            
   sc, target = 31 49 ┤■■■■■■■■■■■■ 1                            
                   50 ┤ 0                                        
                   51 ┤■■■■■■■■■■■■ 1                            
                   52 ┤■■■■■■■■■■■■■■■■■■■■■■■■■■■■■■■■■■■■■ 3   
                   53 ┤■■■■■■■■■■■■ 1                            
                   54 ┤■■■■■■■■■■■■ 1                            
                   55 ┤ 0                                        
                   56 ┤ 0                                        
                   57 ┤■■■■■■■■■■■■■■■■■■■■■■■■■■■■■■■■■■■■■ 3   
                   58 ┤ 0                                        
                   59 ┤■■■■■■■■■■■■ 1                            
                   60 ┤■■■■■■■■■■■■ 1                            
                      └                                        ┘ 
                                     num of slices               
[ Info: slicing branch with sc: 38.0
[ Info: cc.sc: 38.0
region size: 10
tbl0_rows:34 filtered_rows:34
QIP_gurobi_bound: solver finished in 1.265 s (time_limit=100.0 s, status=OPTIMAL)
[ Info: slice 1, lp_score: 5377.0, primal_bound: 5378.0
QIP_gurobi_bound: solver finished in 1.24 s (time_limit=100.0 s, status=OPTIMAL)
[ Info: slice 2, lp_score: 5377.0, primal_bound: 5378.0
[ Info: new_scs: Int64[]
[ Info: lp_scores: Float64[]
[ Info: current num of unfinished slices: 27, finished slices: 4
                      ┌                                        ┐ 
                   38 ┤■■■■■■■■■■■■■■■■■■■■■■■■■ 2               
                   39 ┤■■■■■■■■■■■■■■■■■■■■■■■■■ 2               
                   40 ┤■■■■■■■■■■■■ 1                            
                   41 ┤ 0                                        
                   42 ┤■■■■■■■■■■■■■■■■■■■■■■■■■■■■■■■■■■■■■ 3   
                   43 ┤■■■■■■■■■■■■ 1                            
                   44 ┤■■■■■■■■■■■■ 1                            
                   45 ┤■■■■■■■■■■■■ 1                            
                   46 ┤■■■■■■■■■■■■■■■■■■■■■■■■■ 2               
                   47 ┤■■■■■■■■■■■■ 1                            
                   48 ┤■■■■■■■■■■■■ 1                            
   sc, target = 31 49 ┤■■■■■■■■■■■■ 1                            
                   50 ┤ 0                                        
                   51 ┤■■■■■■■■■■■■ 1                            
                   52 ┤■■■■■■■■■■■■■■■■■■■■■■■■■■■■■■■■■■■■■ 3   
                   53 ┤■■■■■■■■■■■■ 1                            
                   54 ┤■■■■■■■■■■■■ 1                            
                   55 ┤ 0                                        
                   56 ┤ 0                                        
                   57 ┤■■■■■■■■■■■■■■■■■■■■■■■■■■■■■■■■■■■■■ 3   
                   58 ┤ 0                                        
                   59 ┤■■■■■■■■■■■■ 1                            
                   60 ┤■■■■■■■■■■■■ 1                            
                      └                                        ┘ 
                                     num of slices               
[ Info: slicing branch with sc: 38.0
[ Info: cc.sc: 38.0
region size: 10
tbl0_rows:65 filtered_rows:65
QIP_gurobi_bound: solver finished in 1.524 s (time_limit=100.0 s, status=OPTIMAL)
[ Info: slice 1, lp_score: 5375.0, primal_bound: 5378.0
QIP_gurobi_bound: solver finished in 1.513 s (time_limit=100.0 s, status=OPTIMAL)
[ Info: slice 2, lp_score: 5377.0, primal_bound: 5378.0
[ Info: new_scs: Int64[]
[ Info: lp_scores: Float64[]
[ Info: current num of unfinished slices: 26, finished slices: 4
                      ┌                                        ┐ 
                   38 ┤■■■■■■■■■■■■ 1                            
                   39 ┤■■■■■■■■■■■■■■■■■■■■■■■■■ 2               
                   40 ┤■■■■■■■■■■■■ 1                            
                   41 ┤ 0                                        
                   42 ┤■■■■■■■■■■■■■■■■■■■■■■■■■■■■■■■■■■■■■ 3   
                   43 ┤■■■■■■■■■■■■ 1                            
                   44 ┤■■■■■■■■■■■■ 1                            
                   45 ┤■■■■■■■■■■■■ 1                            
                   46 ┤■■■■■■■■■■■■■■■■■■■■■■■■■ 2               
                   47 ┤■■■■■■■■■■■■ 1                            
                   48 ┤■■■■■■■■■■■■ 1                            
   sc, target = 31 49 ┤■■■■■■■■■■■■ 1                            
                   50 ┤ 0                                        
                   51 ┤■■■■■■■■■■■■ 1                            
                   52 ┤■■■■■■■■■■■■■■■■■■■■■■■■■■■■■■■■■■■■■ 3   
                   53 ┤■■■■■■■■■■■■ 1                            
                   54 ┤■■■■■■■■■■■■ 1                            
                   55 ┤ 0                                        
                   56 ┤ 0                                        
                   57 ┤■■■■■■■■■■■■■■■■■■■■■■■■■■■■■■■■■■■■■ 3   
                   58 ┤ 0                                        
                   59 ┤■■■■■■■■■■■■ 1                            
                   60 ┤■■■■■■■■■■■■ 1                            
                      └                                        ┘ 
                                     num of slices               
[ Info: slicing branch with sc: 38.0
[ Info: cc.sc: 38.0
region size: 10
tbl0_rows:49 filtered_rows:49
QIP_gurobi_bound: solver finished in 1.732 s (time_limit=100.0 s, status=OPTIMAL)
[ Info: slice 1, lp_score: 5377.0, primal_bound: 5378.0
QIP_gurobi_bound: solver finished in 1.387 s (time_limit=100.0 s, status=OPTIMAL)
[ Info: slice 2, lp_score: 5373.0, primal_bound: 5378.0
[ Info: new_scs: Int64[]
[ Info: lp_scores: Float64[]
[ Info: current num of unfinished slices: 25, finished slices: 4
                      ┌                                        ┐ 
                   39 ┤■■■■■■■■■■■■■■■■■■■■■■■■■ 2               
                   40 ┤■■■■■■■■■■■■ 1                            
                   41 ┤ 0                                        
                   42 ┤■■■■■■■■■■■■■■■■■■■■■■■■■■■■■■■■■■■■■ 3   
                   43 ┤■■■■■■■■■■■■ 1                            
                   44 ┤■■■■■■■■■■■■ 1                            
                   45 ┤■■■■■■■■■■■■ 1                            
                   46 ┤■■■■■■■■■■■■■■■■■■■■■■■■■ 2               
                   47 ┤■■■■■■■■■■■■ 1                            
                   48 ┤■■■■■■■■■■■■ 1                            
   sc, target = 31 49 ┤■■■■■■■■■■■■ 1                            
                   50 ┤ 0                                        
                   51 ┤■■■■■■■■■■■■ 1                            
                   52 ┤■■■■■■■■■■■■■■■■■■■■■■■■■■■■■■■■■■■■■ 3   
                   53 ┤■■■■■■■■■■■■ 1                            
                   54 ┤■■■■■■■■■■■■ 1                            
                   55 ┤ 0                                        
                   56 ┤ 0                                        
                   57 ┤■■■■■■■■■■■■■■■■■■■■■■■■■■■■■■■■■■■■■ 3   
                   58 ┤ 0                                        
                   59 ┤■■■■■■■■■■■■ 1                            
                   60 ┤■■■■■■■■■■■■ 1                            
                      └                                        ┘ 
                                     num of slices               
[ Info: slicing branch with sc: 39.0
[ Info: cc.sc: 39.0
region size: 10
tbl0_rows:49 filtered_rows:49
QIP_gurobi_bound: solver finished in 1.452 s (time_limit=100.0 s, status=OPTIMAL)
[ Info: slice 1, lp_score: 5377.0, primal_bound: 5378.0
QIP_gurobi_bound: solver finished in 1.906 s (time_limit=100.0 s, status=OPTIMAL)
[ Info: slice 2, lp_score: 5378.0, primal_bound: 5378.0
[ Info: new_scs: [38]
[ Info: lp_scores: [5378.0]
[ Info: lp_scores: 5378.0
[ Info: current num of unfinished slices: 25, finished slices: 4
                      ┌                                        ┐ 
                   38 ┤■■■■■■■■■■■■ 1                            
                   39 ┤■■■■■■■■■■■■ 1                            
                   40 ┤■■■■■■■■■■■■ 1                            
                   41 ┤ 0                                        
                   42 ┤■■■■■■■■■■■■■■■■■■■■■■■■■■■■■■■■■■■■■ 3   
                   43 ┤■■■■■■■■■■■■ 1                            
                   44 ┤■■■■■■■■■■■■ 1                            
                   45 ┤■■■■■■■■■■■■ 1                            
                   46 ┤■■■■■■■■■■■■■■■■■■■■■■■■■ 2               
                   47 ┤■■■■■■■■■■■■ 1                            
                   48 ┤■■■■■■■■■■■■ 1                            
   sc, target = 31 49 ┤■■■■■■■■■■■■ 1                            
                   50 ┤ 0                                        
                   51 ┤■■■■■■■■■■■■ 1                            
                   52 ┤■■■■■■■■■■■■■■■■■■■■■■■■■■■■■■■■■■■■■ 3   
                   53 ┤■■■■■■■■■■■■ 1                            
                   54 ┤■■■■■■■■■■■■ 1                            
                   55 ┤ 0                                        
                   56 ┤ 0                                        
                   57 ┤■■■■■■■■■■■■■■■■■■■■■■■■■■■■■■■■■■■■■ 3   
                   58 ┤ 0                                        
                   59 ┤■■■■■■■■■■■■ 1                            
                   60 ┤■■■■■■■■■■■■ 1                            
                      └                                        ┘ 
                                     num of slices               
[ Info: slicing branch with sc: 38.0
[ Info: cc.sc: 38.0
region size: 10
tbl0_rows:43 filtered_rows:43
QIP_gurobi_bound: solver finished in 1.463 s (time_limit=100.0 s, status=OPTIMAL)
[ Info: slice 1, lp_score: 5378.0, primal_bound: 5378.0
QIP_gurobi_bound: solver finished in 1.461 s (time_limit=100.0 s, status=OPTIMAL)
[ Info: slice 2, lp_score: 5378.0, primal_bound: 5378.0
[ Info: new_scs: [36, 37]
[ Info: lp_scores: [5378.0, 5378.0]
[ Info: lp_scores: 5378.0
[ Info: lp_scores: 5378.0
[ Info: current num of unfinished slices: 26, finished slices: 4
                      ┌                                        ┐ 
                   36 ┤■■■■■■■■■■■■ 1                            
                   37 ┤■■■■■■■■■■■■ 1                            
                   38 ┤ 0                                        
                   39 ┤■■■■■■■■■■■■ 1                            
                   40 ┤■■■■■■■■■■■■ 1                            
                   41 ┤ 0                                        
                   42 ┤■■■■■■■■■■■■■■■■■■■■■■■■■■■■■■■■■■■■■ 3   
                   43 ┤■■■■■■■■■■■■ 1                            
                   44 ┤■■■■■■■■■■■■ 1                            
                   45 ┤■■■■■■■■■■■■ 1                            
                   46 ┤■■■■■■■■■■■■■■■■■■■■■■■■■ 2               
                   47 ┤■■■■■■■■■■■■ 1                            
   sc, target = 31 48 ┤■■■■■■■■■■■■ 1                            
                   49 ┤■■■■■■■■■■■■ 1                            
                   50 ┤ 0                                        
                   51 ┤■■■■■■■■■■■■ 1                            
                   52 ┤■■■■■■■■■■■■■■■■■■■■■■■■■■■■■■■■■■■■■ 3   
                   53 ┤■■■■■■■■■■■■ 1                            
                   54 ┤■■■■■■■■■■■■ 1                            
                   55 ┤ 0                                        
                   56 ┤ 0                                        
                   57 ┤■■■■■■■■■■■■■■■■■■■■■■■■■■■■■■■■■■■■■ 3   
                   58 ┤ 0                                        
                   59 ┤■■■■■■■■■■■■ 1                            
                   60 ┤■■■■■■■■■■■■ 1                            
                      └                                        ┘ 
                                     num of slices               
[ Info: slicing branch with sc: 36.0
[ Info: cc.sc: 36.0
region size: 10
tbl0_rows:60 filtered_rows:60
QIP_gurobi_bound: solver finished in 1.442 s (time_limit=100.0 s, status=OPTIMAL)
[ Info: slice 1, lp_score: 5374.0, primal_bound: 5378.0
QIP_gurobi_bound: solver finished in 1.424 s (time_limit=100.0 s, status=OPTIMAL)
[ Info: slice 2, lp_score: 5378.0, primal_bound: 5378.0
[ Info: new_scs: [36]
[ Info: lp_scores: [5378.0]
[ Info: lp_scores: 5378.0
[ Info: current num of unfinished slices: 26, finished slices: 4
                      ┌                                        ┐ 
                   36 ┤■■■■■■■■■■■■ 1                            
                   37 ┤■■■■■■■■■■■■ 1                            
                   38 ┤ 0                                        
                   39 ┤■■■■■■■■■■■■ 1                            
                   40 ┤■■■■■■■■■■■■ 1                            
                   41 ┤ 0                                        
                   42 ┤■■■■■■■■■■■■■■■■■■■■■■■■■■■■■■■■■■■■■ 3   
                   43 ┤■■■■■■■■■■■■ 1                            
                   44 ┤■■■■■■■■■■■■ 1                            
                   45 ┤■■■■■■■■■■■■ 1                            
                   46 ┤■■■■■■■■■■■■■■■■■■■■■■■■■ 2               
                   47 ┤■■■■■■■■■■■■ 1                            
   sc, target = 31 48 ┤■■■■■■■■■■■■ 1                            
                   49 ┤■■■■■■■■■■■■ 1                            
                   50 ┤ 0                                        
                   51 ┤■■■■■■■■■■■■ 1                            
                   52 ┤■■■■■■■■■■■■■■■■■■■■■■■■■■■■■■■■■■■■■ 3   
                   53 ┤■■■■■■■■■■■■ 1                            
                   54 ┤■■■■■■■■■■■■ 1                            
                   55 ┤ 0                                        
                   56 ┤ 0                                        
                   57 ┤■■■■■■■■■■■■■■■■■■■■■■■■■■■■■■■■■■■■■ 3   
                   58 ┤ 0                                        
                   59 ┤■■■■■■■■■■■■ 1                            
                   60 ┤■■■■■■■■■■■■ 1                            
                      └                                        ┘ 
                                     num of slices               
[ Info: slicing branch with sc: 36.0
[ Info: cc.sc: 36.0
region size: 10
tbl0_rows:37 filtered_rows:37
QIP_gurobi_bound: solver finished in 1.986 s (time_limit=100.0 s, status=OPTIMAL)
[ Info: slice 1, lp_score: 5378.0, primal_bound: 5378.0
QIP_gurobi_bound: solver finished in 1.574 s (time_limit=100.0 s, status=OPTIMAL)
[ Info: slice 2, lp_score: 5371.0, primal_bound: 5378.0
[ Info: new_scs: [35]
[ Info: lp_scores: [5378.0]
[ Info: lp_scores: 5378.0
[ Info: current num of unfinished slices: 26, finished slices: 4
                      ┌                                        ┐ 
                   35 ┤■■■■■■■■■■■■ 1                            
                   36 ┤ 0                                        
                   37 ┤■■■■■■■■■■■■ 1                            
                   38 ┤ 0                                        
                   39 ┤■■■■■■■■■■■■ 1                            
                   40 ┤■■■■■■■■■■■■ 1                            
                   41 ┤ 0                                        
                   42 ┤■■■■■■■■■■■■■■■■■■■■■■■■■■■■■■■■■■■■■ 3   
                   43 ┤■■■■■■■■■■■■ 1                            
                   44 ┤■■■■■■■■■■■■ 1                            
                   45 ┤■■■■■■■■■■■■ 1                            
                   46 ┤■■■■■■■■■■■■■■■■■■■■■■■■■ 2               
   sc, target = 31 47 ┤■■■■■■■■■■■■ 1                            
                   48 ┤■■■■■■■■■■■■ 1                            
                   49 ┤■■■■■■■■■■■■ 1                            
                   50 ┤ 0                                        
                   51 ┤■■■■■■■■■■■■ 1                            
                   52 ┤■■■■■■■■■■■■■■■■■■■■■■■■■■■■■■■■■■■■■ 3   
                   53 ┤■■■■■■■■■■■■ 1                            
                   54 ┤■■■■■■■■■■■■ 1                            
                   55 ┤ 0                                        
                   56 ┤ 0                                        
                   57 ┤■■■■■■■■■■■■■■■■■■■■■■■■■■■■■■■■■■■■■ 3   
                   58 ┤ 0                                        
                   59 ┤■■■■■■■■■■■■ 1                            
                   60 ┤■■■■■■■■■■■■ 1                            
                      └                                        ┘ 
                                     num of slices               
[ Info: slicing branch with sc: 35.0
[ Info: cc.sc: 35.0
region size: 10
tbl0_rows:43 filtered_rows:43
QIP_gurobi_bound: solver finished in 1.513 s (time_limit=100.0 s, status=OPTIMAL)
[ Info: slice 1, lp_score: 5378.0, primal_bound: 5378.0
QIP_gurobi_bound: solver finished in 1.482 s (time_limit=100.0 s, status=OPTIMAL)
[ Info: slice 2, lp_score: 5377.0, primal_bound: 5378.0
[ Info: new_scs: [34]
[ Info: lp_scores: [5378.0]
[ Info: lp_scores: 5378.0
[ Info: current num of unfinished slices: 26, finished slices: 4
                      ┌                                        ┐ 
                   34 ┤■■■■■■■■■■■■ 1                            
                   35 ┤ 0                                        
                   36 ┤ 0                                        
                   37 ┤■■■■■■■■■■■■ 1                            
                   38 ┤ 0                                        
                   39 ┤■■■■■■■■■■■■ 1                            
                   40 ┤■■■■■■■■■■■■ 1                            
                   41 ┤ 0                                        
                   42 ┤■■■■■■■■■■■■■■■■■■■■■■■■■■■■■■■■■■■■■ 3   
                   43 ┤■■■■■■■■■■■■ 1                            
                   44 ┤■■■■■■■■■■■■ 1                            
                   45 ┤■■■■■■■■■■■■ 1                            
                   46 ┤■■■■■■■■■■■■■■■■■■■■■■■■■ 2               
   sc, target = 31 47 ┤■■■■■■■■■■■■ 1                            
                   48 ┤■■■■■■■■■■■■ 1                            
                   49 ┤■■■■■■■■■■■■ 1                            
                   50 ┤ 0                                        
                   51 ┤■■■■■■■■■■■■ 1                            
                   52 ┤■■■■■■■■■■■■■■■■■■■■■■■■■■■■■■■■■■■■■ 3   
                   53 ┤■■■■■■■■■■■■ 1                            
                   54 ┤■■■■■■■■■■■■ 1                            
                   55 ┤ 0                                        
                   56 ┤ 0                                        
                   57 ┤■■■■■■■■■■■■■■■■■■■■■■■■■■■■■■■■■■■■■ 3   
                   58 ┤ 0                                        
                   59 ┤■■■■■■■■■■■■ 1                            
                   60 ┤■■■■■■■■■■■■ 1                            
                      └                                        ┘ 
                                     num of slices               
[ Info: slicing branch with sc: 34.0
[ Info: cc.sc: 34.0
region size: 10
tbl0_rows:36 filtered_rows:36
QIP_gurobi_bound: solver finished in 1.426 s (time_limit=100.0 s, status=OPTIMAL)
[ Info: slice 1, lp_score: 5378.0, primal_bound: 5378.0
QIP_gurobi_bound: solver finished in 1.401 s (time_limit=100.0 s, status=OPTIMAL)
[ Info: slice 2, lp_score: 5370.0, primal_bound: 5378.0
[ Info: new_scs: [33]
[ Info: lp_scores: [5378.0]
[ Info: lp_scores: 5378.0
[ Info: current num of unfinished slices: 26, finished slices: 4
                      ┌                                        ┐ 
                   33 ┤■■■■■■■■■■■■ 1                            
                   34 ┤ 0                                        
                   35 ┤ 0                                        
                   36 ┤ 0                                        
                   37 ┤■■■■■■■■■■■■ 1                            
                   38 ┤ 0                                        
                   39 ┤■■■■■■■■■■■■ 1                            
                   40 ┤■■■■■■■■■■■■ 1                            
                   41 ┤ 0                                        
                   42 ┤■■■■■■■■■■■■■■■■■■■■■■■■■■■■■■■■■■■■■ 3   
                   43 ┤■■■■■■■■■■■■ 1                            
                   44 ┤■■■■■■■■■■■■ 1                            
                   45 ┤■■■■■■■■■■■■ 1                            
   sc, target = 31 46 ┤■■■■■■■■■■■■■■■■■■■■■■■■■ 2               
                   47 ┤■■■■■■■■■■■■ 1                            
                   48 ┤■■■■■■■■■■■■ 1                            
                   49 ┤■■■■■■■■■■■■ 1                            
                   50 ┤ 0                                        
                   51 ┤■■■■■■■■■■■■ 1                            
                   52 ┤■■■■■■■■■■■■■■■■■■■■■■■■■■■■■■■■■■■■■ 3   
                   53 ┤■■■■■■■■■■■■ 1                            
                   54 ┤■■■■■■■■■■■■ 1                            
                   55 ┤ 0                                        
                   56 ┤ 0                                        
                   57 ┤■■■■■■■■■■■■■■■■■■■■■■■■■■■■■■■■■■■■■ 3   
                   58 ┤ 0                                        
                   59 ┤■■■■■■■■■■■■ 1                            
                   60 ┤■■■■■■■■■■■■ 1                            
                      └                                        ┘ 
                                     num of slices               
[ Info: slicing branch with sc: 33.0
[ Info: cc.sc: 33.0
region size: 10
tbl0_rows:22 filtered_rows:22
QIP_gurobi_bound: solver finished in 1.588 s (time_limit=100.0 s, status=OPTIMAL)
[ Info: slice 1, lp_score: 5375.0, primal_bound: 5378.0
QIP_gurobi_bound: solver finished in 1.438 s (time_limit=100.0 s, status=OPTIMAL)
[ Info: slice 2, lp_score: 5378.0, primal_bound: 5378.0
[ Info: new_scs: [32]
[ Info: lp_scores: [5378.0]
[ Info: lp_scores: 5378.0
[ Info: current num of unfinished slices: 26, finished slices: 4
                      ┌                                        ┐ 
                   32 ┤■■■■■■■■■■■■ 1                            
                   33 ┤ 0                                        
                   34 ┤ 0                                        
                   35 ┤ 0                                        
                   36 ┤ 0                                        
                   37 ┤■■■■■■■■■■■■ 1                            
                   38 ┤ 0                                        
                   39 ┤■■■■■■■■■■■■ 1                            
                   40 ┤■■■■■■■■■■■■ 1                            
                   41 ┤ 0                                        
                   42 ┤■■■■■■■■■■■■■■■■■■■■■■■■■■■■■■■■■■■■■ 3   
                   43 ┤■■■■■■■■■■■■ 1                            
                   44 ┤■■■■■■■■■■■■ 1                            
                   45 ┤■■■■■■■■■■■■ 1                            
   sc, target = 31 46 ┤■■■■■■■■■■■■■■■■■■■■■■■■■ 2               
                   47 ┤■■■■■■■■■■■■ 1                            
                   48 ┤■■■■■■■■■■■■ 1                            
                   49 ┤■■■■■■■■■■■■ 1                            
                   50 ┤ 0                                        
                   51 ┤■■■■■■■■■■■■ 1                            
                   52 ┤■■■■■■■■■■■■■■■■■■■■■■■■■■■■■■■■■■■■■ 3   
                   53 ┤■■■■■■■■■■■■ 1                            
                   54 ┤■■■■■■■■■■■■ 1                            
                   55 ┤ 0                                        
                   56 ┤ 0                                        
                   57 ┤■■■■■■■■■■■■■■■■■■■■■■■■■■■■■■■■■■■■■ 3   
                   58 ┤ 0                                        
                   59 ┤■■■■■■■■■■■■ 1                            
                   60 ┤■■■■■■■■■■■■ 1                            
                      └                                        ┘ 
                                     num of slices               
[ Info: slicing branch with sc: 32.0
[ Info: cc.sc: 32.0
region size: 10
tbl0_rows:23 filtered_rows:23
QIP_gurobi_bound: solver finished in 1.385 s (time_limit=100.0 s, status=OPTIMAL)
[ Info: slice 1, lp_score: 5378.0, primal_bound: 5378.0
QIP_gurobi_bound: solver finished in 1.322 s (time_limit=100.0 s, status=OPTIMAL)
[ Info: slice 2, lp_score: 5374.0, primal_bound: 5378.0
[ Info: new_scs: [31]
[ Info: lp_scores: [5378.0]
[ Info: lp_scores: 5378.0
[ Info: current num of unfinished slices: 26, finished slices: 4
                      ┌                                        ┐ 
                   31 ┤■■■■■■■■■■■■ 1                            
                   32 ┤ 0                                        
                   33 ┤ 0                                        
                   34 ┤ 0                                        
                   35 ┤ 0                                        
                   36 ┤ 0                                        
                   37 ┤■■■■■■■■■■■■ 1                            
                   38 ┤ 0                                        
                   39 ┤■■■■■■■■■■■■ 1                            
                   40 ┤■■■■■■■■■■■■ 1                            
                   41 ┤ 0                                        
                   42 ┤■■■■■■■■■■■■■■■■■■■■■■■■■■■■■■■■■■■■■ 3   
                   43 ┤■■■■■■■■■■■■ 1                            
                   44 ┤■■■■■■■■■■■■ 1                            
   sc, target = 31 45 ┤■■■■■■■■■■■■ 1                            
                   46 ┤■■■■■■■■■■■■■■■■■■■■■■■■■ 2               
                   47 ┤■■■■■■■■■■■■ 1                            
                   48 ┤■■■■■■■■■■■■ 1                            
                   49 ┤■■■■■■■■■■■■ 1                            
                   50 ┤ 0                                        
                   51 ┤■■■■■■■■■■■■ 1                            
                   52 ┤■■■■■■■■■■■■■■■■■■■■■■■■■■■■■■■■■■■■■ 3   
                   53 ┤■■■■■■■■■■■■ 1                            
                   54 ┤■■■■■■■■■■■■ 1                            
                   55 ┤ 0                                        
                   56 ┤ 0                                        
                   57 ┤■■■■■■■■■■■■■■■■■■■■■■■■■■■■■■■■■■■■■ 3   
                   58 ┤ 0                                        
                   59 ┤■■■■■■■■■■■■ 1                            
                   60 ┤■■■■■■■■■■■■ 1                            
                      └                                        ┘ 
                                     num of slices               
[ Info: slicing branch with sc: 31.0
  [slice produced] sc=31.0 tc=45.509011316521786 nv=3555 ne=6942 r=50.5
QIP_value_gurobi: solver finished in 1.374 s (time_limit=604800.0 s, status=OPTIMAL)
[ Info: feasible solution: 5378.0, primal bound: 5378.0
[ Info: current num of unfinished slices: 25, finished slices: 5
                      ┌                                        ┐ 
                   37 ┤■■■■■■■■■■■■ 1                            
                   38 ┤ 0                                        
                   39 ┤■■■■■■■■■■■■ 1                            
                   40 ┤■■■■■■■■■■■■ 1                            
                   41 ┤ 0                                        
                   42 ┤■■■■■■■■■■■■■■■■■■■■■■■■■■■■■■■■■■■■■ 3   
                   43 ┤■■■■■■■■■■■■ 1                            
                   44 ┤■■■■■■■■■■■■ 1                            
                   45 ┤■■■■■■■■■■■■ 1                            
                   46 ┤■■■■■■■■■■■■■■■■■■■■■■■■■ 2               
                   47 ┤■■■■■■■■■■■■ 1                            
   sc, target = 31 48 ┤■■■■■■■■■■■■ 1                            
                   49 ┤■■■■■■■■■■■■ 1                            
                   50 ┤ 0                                        
                   51 ┤■■■■■■■■■■■■ 1                            
                   52 ┤■■■■■■■■■■■■■■■■■■■■■■■■■■■■■■■■■■■■■ 3   
                   53 ┤■■■■■■■■■■■■ 1                            
                   54 ┤■■■■■■■■■■■■ 1                            
                   55 ┤ 0                                        
                   56 ┤ 0                                        
                   57 ┤■■■■■■■■■■■■■■■■■■■■■■■■■■■■■■■■■■■■■ 3   
                   58 ┤ 0                                        
                   59 ┤■■■■■■■■■■■■ 1                            
                   60 ┤■■■■■■■■■■■■ 1                            
                      └                                        ┘ 
                                     num of slices               
[ Info: slicing branch with sc: 37.0
[ Info: cc.sc: 37.0
region size: 10
tbl0_rows:56 filtered_rows:56
QIP_gurobi_bound: solver finished in 1.425 s (time_limit=100.0 s, status=OPTIMAL)
[ Info: slice 1, lp_score: 5378.0, primal_bound: 5378.0
QIP_gurobi_bound: solver finished in 1.426 s (time_limit=100.0 s, status=OPTIMAL)
[ Info: slice 2, lp_score: 5374.0, primal_bound: 5378.0
[ Info: new_scs: [36]
[ Info: lp_scores: [5378.0]
[ Info: lp_scores: 5378.0
[ Info: current num of unfinished slices: 25, finished slices: 5
                      ┌                                        ┐ 
                   36 ┤■■■■■■■■■■■■ 1                            
                   37 ┤ 0                                        
                   38 ┤ 0                                        
                   39 ┤■■■■■■■■■■■■ 1                            
                   40 ┤■■■■■■■■■■■■ 1                            
                   41 ┤ 0                                        
                   42 ┤■■■■■■■■■■■■■■■■■■■■■■■■■■■■■■■■■■■■■ 3   
                   43 ┤■■■■■■■■■■■■ 1                            
                   44 ┤■■■■■■■■■■■■ 1                            
                   45 ┤■■■■■■■■■■■■ 1                            
                   46 ┤■■■■■■■■■■■■■■■■■■■■■■■■■ 2               
                   47 ┤■■■■■■■■■■■■ 1                            
   sc, target = 31 48 ┤■■■■■■■■■■■■ 1                            
                   49 ┤■■■■■■■■■■■■ 1                            
                   50 ┤ 0                                        
                   51 ┤■■■■■■■■■■■■ 1                            
                   52 ┤■■■■■■■■■■■■■■■■■■■■■■■■■■■■■■■■■■■■■ 3   
                   53 ┤■■■■■■■■■■■■ 1                            
                   54 ┤■■■■■■■■■■■■ 1                            
                   55 ┤ 0                                        
                   56 ┤ 0                                        
                   57 ┤■■■■■■■■■■■■■■■■■■■■■■■■■■■■■■■■■■■■■ 3   
                   58 ┤ 0                                        
                   59 ┤■■■■■■■■■■■■ 1                            
                   60 ┤■■■■■■■■■■■■ 1                            
                      └                                        ┘ 
                                     num of slices               
[ Info: slicing branch with sc: 36.0
[ Info: cc.sc: 36.0
region size: 10
tbl0_rows:39 filtered_rows:39
QIP_gurobi_bound: solver finished in 1.39 s (time_limit=100.0 s, status=OPTIMAL)
[ Info: slice 1, lp_score: 5378.0, primal_bound: 5378.0
QIP_gurobi_bound: solver finished in 1.424 s (time_limit=100.0 s, status=OPTIMAL)
[ Info: slice 2, lp_score: 5378.0, primal_bound: 5378.0
[ Info: new_scs: [36, 36]
[ Info: lp_scores: [5378.0, 5378.0]
[ Info: lp_scores: 5378.0
[ Info: lp_scores: 5378.0
[ Info: current num of unfinished slices: 26, finished slices: 5
                      ┌                                        ┐ 
                   36 ┤■■■■■■■■■■■■■■■■■■■■■■■■■ 2               
                   37 ┤ 0                                        
                   38 ┤ 0                                        
                   39 ┤■■■■■■■■■■■■ 1                            
                   40 ┤■■■■■■■■■■■■ 1                            
                   41 ┤ 0                                        
                   42 ┤■■■■■■■■■■■■■■■■■■■■■■■■■■■■■■■■■■■■■ 3   
                   43 ┤■■■■■■■■■■■■ 1                            
                   44 ┤■■■■■■■■■■■■ 1                            
                   45 ┤■■■■■■■■■■■■ 1                            
                   46 ┤■■■■■■■■■■■■■■■■■■■■■■■■■ 2               
                   47 ┤■■■■■■■■■■■■ 1                            
   sc, target = 31 48 ┤■■■■■■■■■■■■ 1                            
                   49 ┤■■■■■■■■■■■■ 1                            
                   50 ┤ 0                                        
                   51 ┤■■■■■■■■■■■■ 1                            
                   52 ┤■■■■■■■■■■■■■■■■■■■■■■■■■■■■■■■■■■■■■ 3   
                   53 ┤■■■■■■■■■■■■ 1                            
                   54 ┤■■■■■■■■■■■■ 1                            
                   55 ┤ 0                                        
                   56 ┤ 0                                        
                   57 ┤■■■■■■■■■■■■■■■■■■■■■■■■■■■■■■■■■■■■■ 3   
                   58 ┤ 0                                        
                   59 ┤■■■■■■■■■■■■ 1                            
                   60 ┤■■■■■■■■■■■■ 1                            
                      └                                        ┘ 
                                     num of slices               
[ Info: slicing branch with sc: 36.0
[ Info: cc.sc: 36.0
region size: 10
tbl0_rows:39 filtered_rows:39
QIP_gurobi_bound: solver finished in 1.442 s (time_limit=100.0 s, status=OPTIMAL)
[ Info: slice 1, lp_score: 5378.0, primal_bound: 5378.0
QIP_gurobi_bound: solver finished in 1.508 s (time_limit=100.0 s, status=OPTIMAL)
[ Info: slice 2, lp_score: 5377.0, primal_bound: 5378.0
[ Info: new_scs: [35]
[ Info: lp_scores: [5378.0]
[ Info: lp_scores: 5378.0
[ Info: current num of unfinished slices: 26, finished slices: 5
                      ┌                                        ┐ 
                   35 ┤■■■■■■■■■■■■ 1                            
                   36 ┤■■■■■■■■■■■■ 1                            
                   37 ┤ 0                                        
                   38 ┤ 0                                        
                   39 ┤■■■■■■■■■■■■ 1                            
                   40 ┤■■■■■■■■■■■■ 1                            
                   41 ┤ 0                                        
                   42 ┤■■■■■■■■■■■■■■■■■■■■■■■■■■■■■■■■■■■■■ 3   
                   43 ┤■■■■■■■■■■■■ 1                            
                   44 ┤■■■■■■■■■■■■ 1                            
                   45 ┤■■■■■■■■■■■■ 1                            
                   46 ┤■■■■■■■■■■■■■■■■■■■■■■■■■ 2               
   sc, target = 31 47 ┤■■■■■■■■■■■■ 1                            
                   48 ┤■■■■■■■■■■■■ 1                            
                   49 ┤■■■■■■■■■■■■ 1                            
                   50 ┤ 0                                        
                   51 ┤■■■■■■■■■■■■ 1                            
                   52 ┤■■■■■■■■■■■■■■■■■■■■■■■■■■■■■■■■■■■■■ 3   
                   53 ┤■■■■■■■■■■■■ 1                            
                   54 ┤■■■■■■■■■■■■ 1                            
                   55 ┤ 0                                        
                   56 ┤ 0                                        
                   57 ┤■■■■■■■■■■■■■■■■■■■■■■■■■■■■■■■■■■■■■ 3   
                   58 ┤ 0                                        
                   59 ┤■■■■■■■■■■■■ 1                            
                   60 ┤■■■■■■■■■■■■ 1                            
                      └                                        ┘ 
                                     num of slices               
[ Info: slicing branch with sc: 35.0
[ Info: cc.sc: 35.0
region size: 10
tbl0_rows:43 filtered_rows:43
QIP_gurobi_bound: solver finished in 1.386 s (time_limit=100.0 s, status=OPTIMAL)
[ Info: slice 1, lp_score: 5378.0, primal_bound: 5378.0
QIP_gurobi_bound: solver finished in 1.877 s (time_limit=100.0 s, status=OPTIMAL)
[ Info: slice 2, lp_score: 5371.0, primal_bound: 5378.0
[ Info: new_scs: [35]
[ Info: lp_scores: [5378.0]
[ Info: lp_scores: 5378.0
[ Info: current num of unfinished slices: 26, finished slices: 5
                      ┌                                        ┐ 
                   35 ┤■■■■■■■■■■■■ 1                            
                   36 ┤■■■■■■■■■■■■ 1                            
                   37 ┤ 0                                        
                   38 ┤ 0                                        
                   39 ┤■■■■■■■■■■■■ 1                            
                   40 ┤■■■■■■■■■■■■ 1                            
                   41 ┤ 0                                        
                   42 ┤■■■■■■■■■■■■■■■■■■■■■■■■■■■■■■■■■■■■■ 3   
                   43 ┤■■■■■■■■■■■■ 1                            
                   44 ┤■■■■■■■■■■■■ 1                            
                   45 ┤■■■■■■■■■■■■ 1                            
                   46 ┤■■■■■■■■■■■■■■■■■■■■■■■■■ 2               
   sc, target = 31 47 ┤■■■■■■■■■■■■ 1                            
                   48 ┤■■■■■■■■■■■■ 1                            
                   49 ┤■■■■■■■■■■■■ 1                            
                   50 ┤ 0                                        
                   51 ┤■■■■■■■■■■■■ 1                            
                   52 ┤■■■■■■■■■■■■■■■■■■■■■■■■■■■■■■■■■■■■■ 3   
                   53 ┤■■■■■■■■■■■■ 1                            
                   54 ┤■■■■■■■■■■■■ 1                            
                   55 ┤ 0                                        
                   56 ┤ 0                                        
                   57 ┤■■■■■■■■■■■■■■■■■■■■■■■■■■■■■■■■■■■■■ 3   
                   58 ┤ 0                                        
                   59 ┤■■■■■■■■■■■■ 1                            
                   60 ┤■■■■■■■■■■■■ 1                            
                      └                                        ┘ 
                                     num of slices               
[ Info: slicing branch with sc: 35.0
[ Info: cc.sc: 35.0
region size: 10
tbl0_rows:46 filtered_rows:46
QIP_gurobi_bound: solver finished in 1.895 s (time_limit=100.0 s, status=OPTIMAL)
[ Info: slice 1, lp_score: 5378.0, primal_bound: 5378.0
QIP_gurobi_bound: solver finished in 1.295 s (time_limit=100.0 s, status=OPTIMAL)
[ Info: slice 2, lp_score: 5377.0, primal_bound: 5378.0
[ Info: new_scs: [34]
[ Info: lp_scores: [5378.0]
[ Info: lp_scores: 5378.0
[ Info: current num of unfinished slices: 26, finished slices: 5
                      ┌                                        ┐ 
                   34 ┤■■■■■■■■■■■■ 1                            
                   35 ┤ 0                                        
                   36 ┤■■■■■■■■■■■■ 1                            
                   37 ┤ 0                                        
                   38 ┤ 0                                        
                   39 ┤■■■■■■■■■■■■ 1                            
                   40 ┤■■■■■■■■■■■■ 1                            
                   41 ┤ 0                                        
                   42 ┤■■■■■■■■■■■■■■■■■■■■■■■■■■■■■■■■■■■■■ 3   
                   43 ┤■■■■■■■■■■■■ 1                            
                   44 ┤■■■■■■■■■■■■ 1                            
                   45 ┤■■■■■■■■■■■■ 1                            
                   46 ┤■■■■■■■■■■■■■■■■■■■■■■■■■ 2               
   sc, target = 31 47 ┤■■■■■■■■■■■■ 1                            
                   48 ┤■■■■■■■■■■■■ 1                            
                   49 ┤■■■■■■■■■■■■ 1                            
                   50 ┤ 0                                        
                   51 ┤■■■■■■■■■■■■ 1                            
                   52 ┤■■■■■■■■■■■■■■■■■■■■■■■■■■■■■■■■■■■■■ 3   
                   53 ┤■■■■■■■■■■■■ 1                            
                   54 ┤■■■■■■■■■■■■ 1                            
                   55 ┤ 0                                        
                   56 ┤ 0                                        
                   57 ┤■■■■■■■■■■■■■■■■■■■■■■■■■■■■■■■■■■■■■ 3   
                   58 ┤ 0                                        
                   59 ┤■■■■■■■■■■■■ 1                            
                   60 ┤■■■■■■■■■■■■ 1                            
                      └                                        ┘ 
                                     num of slices               
[ Info: slicing branch with sc: 34.0
[ Info: cc.sc: 34.0
region size: 10
tbl0_rows:33 filtered_rows:33
QIP_gurobi_bound: solver finished in 1.453 s (time_limit=100.0 s, status=OPTIMAL)
[ Info: slice 1, lp_score: 5376.0, primal_bound: 5378.0
QIP_gurobi_bound: solver finished in 1.522 s (time_limit=100.0 s, status=OPTIMAL)
[ Info: slice 2, lp_score: 5378.0, primal_bound: 5378.0
[ Info: new_scs: [33]
[ Info: lp_scores: [5378.0]
[ Info: lp_scores: 5378.0
[ Info: current num of unfinished slices: 26, finished slices: 5
                      ┌                                        ┐ 
                   33 ┤■■■■■■■■■■■■ 1                            
                   34 ┤ 0                                        
                   35 ┤ 0                                        
                   36 ┤■■■■■■■■■■■■ 1                            
                   37 ┤ 0                                        
                   38 ┤ 0                                        
                   39 ┤■■■■■■■■■■■■ 1                            
                   40 ┤■■■■■■■■■■■■ 1                            
                   41 ┤ 0                                        
                   42 ┤■■■■■■■■■■■■■■■■■■■■■■■■■■■■■■■■■■■■■ 3   
                   43 ┤■■■■■■■■■■■■ 1                            
                   44 ┤■■■■■■■■■■■■ 1                            
                   45 ┤■■■■■■■■■■■■ 1                            
   sc, target = 31 46 ┤■■■■■■■■■■■■■■■■■■■■■■■■■ 2               
                   47 ┤■■■■■■■■■■■■ 1                            
                   48 ┤■■■■■■■■■■■■ 1                            
                   49 ┤■■■■■■■■■■■■ 1                            
                   50 ┤ 0                                        
                   51 ┤■■■■■■■■■■■■ 1                            
                   52 ┤■■■■■■■■■■■■■■■■■■■■■■■■■■■■■■■■■■■■■ 3   
                   53 ┤■■■■■■■■■■■■ 1                            
                   54 ┤■■■■■■■■■■■■ 1                            
                   55 ┤ 0                                        
                   56 ┤ 0                                        
                   57 ┤■■■■■■■■■■■■■■■■■■■■■■■■■■■■■■■■■■■■■ 3   
                   58 ┤ 0                                        
                   59 ┤■■■■■■■■■■■■ 1                            
                   60 ┤■■■■■■■■■■■■ 1                            
                      └                                        ┘ 
                                     num of slices               
[ Info: slicing branch with sc: 33.0
[ Info: cc.sc: 33.0
region size: 10
tbl0_rows:64 filtered_rows:64
QIP_gurobi_bound: solver finished in 1.402 s (time_limit=100.0 s, status=OPTIMAL)
[ Info: slice 1, lp_score: 5376.0, primal_bound: 5378.0
QIP_gurobi_bound: solver finished in 1.546 s (time_limit=100.0 s, status=OPTIMAL)
[ Info: slice 2, lp_score: 5372.0, primal_bound: 5378.0
QIP_gurobi_bound: solver finished in 1.441 s (time_limit=100.0 s, status=OPTIMAL)
[ Info: slice 3, lp_score: 5378.0, primal_bound: 5378.0
QIP_gurobi_bound: solver finished in 1.264 s (time_limit=100.0 s, status=OPTIMAL)
[ Info: slice 4, lp_score: 5376.0, primal_bound: 5378.0
[ Info: new_scs: [31]
[ Info: lp_scores: [5378.0]
[ Info: lp_scores: 5378.0
[ Info: current num of unfinished slices: 26, finished slices: 5
                      ┌                                        ┐ 
                   31 ┤■■■■■■■■■■■■ 1                            
                   32 ┤ 0                                        
                   33 ┤ 0                                        
                   34 ┤ 0                                        
                   35 ┤ 0                                        
                   36 ┤■■■■■■■■■■■■ 1                            
                   37 ┤ 0                                        
                   38 ┤ 0                                        
                   39 ┤■■■■■■■■■■■■ 1                            
                   40 ┤■■■■■■■■■■■■ 1                            
                   41 ┤ 0                                        
                   42 ┤■■■■■■■■■■■■■■■■■■■■■■■■■■■■■■■■■■■■■ 3   
                   43 ┤■■■■■■■■■■■■ 1                            
                   44 ┤■■■■■■■■■■■■ 1                            
   sc, target = 31 45 ┤■■■■■■■■■■■■ 1                            
                   46 ┤■■■■■■■■■■■■■■■■■■■■■■■■■ 2               
                   47 ┤■■■■■■■■■■■■ 1                            
                   48 ┤■■■■■■■■■■■■ 1                            
                   49 ┤■■■■■■■■■■■■ 1                            
                   50 ┤ 0                                        
                   51 ┤■■■■■■■■■■■■ 1                            
                   52 ┤■■■■■■■■■■■■■■■■■■■■■■■■■■■■■■■■■■■■■ 3   
                   53 ┤■■■■■■■■■■■■ 1                            
                   54 ┤■■■■■■■■■■■■ 1                            
                   55 ┤ 0                                        
                   56 ┤ 0                                        
                   57 ┤■■■■■■■■■■■■■■■■■■■■■■■■■■■■■■■■■■■■■ 3   
                   58 ┤ 0                                        
                   59 ┤■■■■■■■■■■■■ 1                            
                   60 ┤■■■■■■■■■■■■ 1                            
                      └                                        ┘ 
                                     num of slices               
[ Info: slicing branch with sc: 31.0
  [slice produced] sc=31.0 tc=46.36740600070615 nv=3555 ne=6935 r=43.5
QIP_value_gurobi: solver finished in 1.427 s (time_limit=604800.0 s, status=OPTIMAL)
[ Info: feasible solution: 5378.0, primal bound: 5378.0
[ Info: current num of unfinished slices: 25, finished slices: 6
                      ┌                                        ┐ 
                   36 ┤■■■■■■■■■■■■ 1                            
                   37 ┤ 0                                        
                   38 ┤ 0                                        
                   39 ┤■■■■■■■■■■■■ 1                            
                   40 ┤■■■■■■■■■■■■ 1                            
                   41 ┤ 0                                        
                   42 ┤■■■■■■■■■■■■■■■■■■■■■■■■■■■■■■■■■■■■■ 3   
                   43 ┤■■■■■■■■■■■■ 1                            
                   44 ┤■■■■■■■■■■■■ 1                            
                   45 ┤■■■■■■■■■■■■ 1                            
                   46 ┤■■■■■■■■■■■■■■■■■■■■■■■■■ 2               
                   47 ┤■■■■■■■■■■■■ 1                            
   sc, target = 31 48 ┤■■■■■■■■■■■■ 1                            
                   49 ┤■■■■■■■■■■■■ 1                            
                   50 ┤ 0                                        
                   51 ┤■■■■■■■■■■■■ 1                            
                   52 ┤■■■■■■■■■■■■■■■■■■■■■■■■■■■■■■■■■■■■■ 3   
                   53 ┤■■■■■■■■■■■■ 1                            
                   54 ┤■■■■■■■■■■■■ 1                            
                   55 ┤ 0                                        
                   56 ┤ 0                                        
                   57 ┤■■■■■■■■■■■■■■■■■■■■■■■■■■■■■■■■■■■■■ 3   
                   58 ┤ 0                                        
                   59 ┤■■■■■■■■■■■■ 1                            
                   60 ┤■■■■■■■■■■■■ 1                            
                      └                                        ┘ 
                                     num of slices               
[ Info: slicing branch with sc: 36.0
[ Info: cc.sc: 36.0
region size: 10
tbl0_rows:46 filtered_rows:46
QIP_gurobi_bound: solver finished in 1.249 s (time_limit=100.0 s, status=OPTIMAL)
[ Info: slice 1, lp_score: 5378.0, primal_bound: 5378.0
QIP_gurobi_bound: solver finished in 2.095 s (time_limit=100.0 s, status=OPTIMAL)
[ Info: slice 2, lp_score: 5378.0, primal_bound: 5378.0
[ Info: new_scs: [36, 35]
[ Info: lp_scores: [5378.0, 5378.0]
[ Info: lp_scores: 5378.0
[ Info: lp_scores: 5378.0
[ Info: current num of unfinished slices: 26, finished slices: 6
                      ┌                                        ┐ 
                   35 ┤■■■■■■■■■■■■ 1                            
                   36 ┤■■■■■■■■■■■■ 1                            
                   37 ┤ 0                                        
                   38 ┤ 0                                        
                   39 ┤■■■■■■■■■■■■ 1                            
                   40 ┤■■■■■■■■■■■■ 1                            
                   41 ┤ 0                                        
                   42 ┤■■■■■■■■■■■■■■■■■■■■■■■■■■■■■■■■■■■■■ 3   
                   43 ┤■■■■■■■■■■■■ 1                            
                   44 ┤■■■■■■■■■■■■ 1                            
                   45 ┤■■■■■■■■■■■■ 1                            
                   46 ┤■■■■■■■■■■■■■■■■■■■■■■■■■ 2               
   sc, target = 31 47 ┤■■■■■■■■■■■■ 1                            
                   48 ┤■■■■■■■■■■■■ 1                            
                   49 ┤■■■■■■■■■■■■ 1                            
                   50 ┤ 0                                        
                   51 ┤■■■■■■■■■■■■ 1                            
                   52 ┤■■■■■■■■■■■■■■■■■■■■■■■■■■■■■■■■■■■■■ 3   
                   53 ┤■■■■■■■■■■■■ 1                            
                   54 ┤■■■■■■■■■■■■ 1                            
                   55 ┤ 0                                        
                   56 ┤ 0                                        
                   57 ┤■■■■■■■■■■■■■■■■■■■■■■■■■■■■■■■■■■■■■ 3   
                   58 ┤ 0                                        
                   59 ┤■■■■■■■■■■■■ 1                            
                   60 ┤■■■■■■■■■■■■ 1                            
                      └                                        ┘ 
                                     num of slices               
[ Info: slicing branch with sc: 36.0
[ Info: cc.sc: 36.0
region size: 10
tbl0_rows:43 filtered_rows:43
QIP_gurobi_bound: solver finished in 1.857 s (time_limit=100.0 s, status=OPTIMAL)
[ Info: slice 1, lp_score: 5378.0, primal_bound: 5378.0
QIP_gurobi_bound: solver finished in 1.883 s (time_limit=100.0 s, status=OPTIMAL)
[ Info: slice 2, lp_score: 5377.0, primal_bound: 5378.0
[ Info: new_scs: [34]
[ Info: lp_scores: [5378.0]
[ Info: lp_scores: 5378.0
[ Info: current num of unfinished slices: 26, finished slices: 6
                      ┌                                        ┐ 
                   34 ┤■■■■■■■■■■■■ 1                            
                   35 ┤■■■■■■■■■■■■ 1                            
                   36 ┤ 0                                        
                   37 ┤ 0                                        
                   38 ┤ 0                                        
                   39 ┤■■■■■■■■■■■■ 1                            
                   40 ┤■■■■■■■■■■■■ 1                            
                   41 ┤ 0                                        
                   42 ┤■■■■■■■■■■■■■■■■■■■■■■■■■■■■■■■■■■■■■ 3   
                   43 ┤■■■■■■■■■■■■ 1                            
                   44 ┤■■■■■■■■■■■■ 1                            
                   45 ┤■■■■■■■■■■■■ 1                            
                   46 ┤■■■■■■■■■■■■■■■■■■■■■■■■■ 2               
   sc, target = 31 47 ┤■■■■■■■■■■■■ 1                            
                   48 ┤■■■■■■■■■■■■ 1                            
                   49 ┤■■■■■■■■■■■■ 1                            
                   50 ┤ 0                                        
                   51 ┤■■■■■■■■■■■■ 1                            
                   52 ┤■■■■■■■■■■■■■■■■■■■■■■■■■■■■■■■■■■■■■ 3   
                   53 ┤■■■■■■■■■■■■ 1                            
                   54 ┤■■■■■■■■■■■■ 1                            
                   55 ┤ 0                                        
                   56 ┤ 0                                        
                   57 ┤■■■■■■■■■■■■■■■■■■■■■■■■■■■■■■■■■■■■■ 3   
                   58 ┤ 0                                        
                   59 ┤■■■■■■■■■■■■ 1                            
                   60 ┤■■■■■■■■■■■■ 1                            
                      └                                        ┘ 
                                     num of slices               
[ Info: slicing branch with sc: 34.0
[ Info: cc.sc: 34.0
region size: 10
tbl0_rows:22 filtered_rows:22
QIP_gurobi_bound: solver finished in 1.662 s (time_limit=100.0 s, status=OPTIMAL)
[ Info: slice 1, lp_score: 5378.0, primal_bound: 5378.0
QIP_gurobi_bound: solver finished in 1.399 s (time_limit=100.0 s, status=OPTIMAL)
[ Info: slice 2, lp_score: 5375.0, primal_bound: 5378.0
[ Info: new_scs: [33]
[ Info: lp_scores: [5378.0]
[ Info: lp_scores: 5378.0
[ Info: current num of unfinished slices: 26, finished slices: 6
                      ┌                                        ┐ 
                   33 ┤■■■■■■■■■■■■ 1                            
                   34 ┤ 0                                        
                   35 ┤■■■■■■■■■■■■ 1                            
                   36 ┤ 0                                        
                   37 ┤ 0                                        
                   38 ┤ 0                                        
                   39 ┤■■■■■■■■■■■■ 1                            
                   40 ┤■■■■■■■■■■■■ 1                            
                   41 ┤ 0                                        
                   42 ┤■■■■■■■■■■■■■■■■■■■■■■■■■■■■■■■■■■■■■ 3   
                   43 ┤■■■■■■■■■■■■ 1                            
                   44 ┤■■■■■■■■■■■■ 1                            
                   45 ┤■■■■■■■■■■■■ 1                            
   sc, target = 31 46 ┤■■■■■■■■■■■■■■■■■■■■■■■■■ 2               
                   47 ┤■■■■■■■■■■■■ 1                            
                   48 ┤■■■■■■■■■■■■ 1                            
                   49 ┤■■■■■■■■■■■■ 1                            
                   50 ┤ 0                                        
                   51 ┤■■■■■■■■■■■■ 1                            
                   52 ┤■■■■■■■■■■■■■■■■■■■■■■■■■■■■■■■■■■■■■ 3   
                   53 ┤■■■■■■■■■■■■ 1                            
                   54 ┤■■■■■■■■■■■■ 1                            
                   55 ┤ 0                                        
                   56 ┤ 0                                        
                   57 ┤■■■■■■■■■■■■■■■■■■■■■■■■■■■■■■■■■■■■■ 3   
                   58 ┤ 0                                        
                   59 ┤■■■■■■■■■■■■ 1                            
                   60 ┤■■■■■■■■■■■■ 1                            
                      └                                        ┘ 
                                     num of slices               
[ Info: slicing branch with sc: 33.0
[ Info: cc.sc: 33.0
region size: 10
tbl0_rows:33 filtered_rows:33
QIP_gurobi_bound: solver finished in 1.374 s (time_limit=100.0 s, status=OPTIMAL)
[ Info: slice 1, lp_score: 5378.0, primal_bound: 5378.0
QIP_gurobi_bound: solver finished in 1.294 s (time_limit=100.0 s, status=OPTIMAL)
[ Info: slice 2, lp_score: 5376.0, primal_bound: 5378.0
[ Info: new_scs: [32]
[ Info: lp_scores: [5378.0]
[ Info: lp_scores: 5378.0
[ Info: current num of unfinished slices: 26, finished slices: 6
                      ┌                                        ┐ 
                   32 ┤■■■■■■■■■■■■ 1                            
                   33 ┤ 0                                        
                   34 ┤ 0                                        
                   35 ┤■■■■■■■■■■■■ 1                            
                   36 ┤ 0                                        
                   37 ┤ 0                                        
                   38 ┤ 0                                        
                   39 ┤■■■■■■■■■■■■ 1                            
                   40 ┤■■■■■■■■■■■■ 1                            
                   41 ┤ 0                                        
                   42 ┤■■■■■■■■■■■■■■■■■■■■■■■■■■■■■■■■■■■■■ 3   
                   43 ┤■■■■■■■■■■■■ 1                            
                   44 ┤■■■■■■■■■■■■ 1                            
                   45 ┤■■■■■■■■■■■■ 1                            
   sc, target = 31 46 ┤■■■■■■■■■■■■■■■■■■■■■■■■■ 2               
                   47 ┤■■■■■■■■■■■■ 1                            
                   48 ┤■■■■■■■■■■■■ 1                            
                   49 ┤■■■■■■■■■■■■ 1                            
                   50 ┤ 0                                        
                   51 ┤■■■■■■■■■■■■ 1                            
                   52 ┤■■■■■■■■■■■■■■■■■■■■■■■■■■■■■■■■■■■■■ 3   
                   53 ┤■■■■■■■■■■■■ 1                            
                   54 ┤■■■■■■■■■■■■ 1                            
                   55 ┤ 0                                        
                   56 ┤ 0                                        
                   57 ┤■■■■■■■■■■■■■■■■■■■■■■■■■■■■■■■■■■■■■ 3   
                   58 ┤ 0                                        
                   59 ┤■■■■■■■■■■■■ 1                            
                   60 ┤■■■■■■■■■■■■ 1                            
                      └                                        ┘ 
                                     num of slices               
[ Info: slicing branch with sc: 32.0
[ Info: cc.sc: 32.0
region size: 10
tbl0_rows:36 filtered_rows:36
QIP_gurobi_bound: solver finished in 1.62 s (time_limit=100.0 s, status=OPTIMAL)
[ Info: slice 1, lp_score: 5378.0, primal_bound: 5378.0
QIP_gurobi_bound: solver finished in 1.534 s (time_limit=100.0 s, status=OPTIMAL)
[ Info: slice 2, lp_score: 5370.0, primal_bound: 5378.0
[ Info: new_scs: [31]
[ Info: lp_scores: [5378.0]
[ Info: lp_scores: 5378.0
[ Info: current num of unfinished slices: 26, finished slices: 6
                      ┌                                        ┐ 
                   31 ┤■■■■■■■■■■■■ 1                            
                   32 ┤ 0                                        
                   33 ┤ 0                                        
                   34 ┤ 0                                        
                   35 ┤■■■■■■■■■■■■ 1                            
                   36 ┤ 0                                        
                   37 ┤ 0                                        
                   38 ┤ 0                                        
                   39 ┤■■■■■■■■■■■■ 1                            
                   40 ┤■■■■■■■■■■■■ 1                            
                   41 ┤ 0                                        
                   42 ┤■■■■■■■■■■■■■■■■■■■■■■■■■■■■■■■■■■■■■ 3   
                   43 ┤■■■■■■■■■■■■ 1                            
                   44 ┤■■■■■■■■■■■■ 1                            
   sc, target = 31 45 ┤■■■■■■■■■■■■ 1                            
                   46 ┤■■■■■■■■■■■■■■■■■■■■■■■■■ 2               
                   47 ┤■■■■■■■■■■■■ 1                            
                   48 ┤■■■■■■■■■■■■ 1                            
                   49 ┤■■■■■■■■■■■■ 1                            
                   50 ┤ 0                                        
                   51 ┤■■■■■■■■■■■■ 1                            
                   52 ┤■■■■■■■■■■■■■■■■■■■■■■■■■■■■■■■■■■■■■ 3   
                   53 ┤■■■■■■■■■■■■ 1                            
                   54 ┤■■■■■■■■■■■■ 1                            
                   55 ┤ 0                                        
                   56 ┤ 0                                        
                   57 ┤■■■■■■■■■■■■■■■■■■■■■■■■■■■■■■■■■■■■■ 3   
                   58 ┤ 0                                        
                   59 ┤■■■■■■■■■■■■ 1                            
                   60 ┤■■■■■■■■■■■■ 1                            
                      └                                        ┘ 
                                     num of slices               
[ Info: slicing branch with sc: 31.0
  [slice produced] sc=31.0 tc=45.403298116352445 nv=3555 ne=6939 r=47.5
QIP_value_gurobi: solver finished in 1.678 s (time_limit=604800.0 s, status=OPTIMAL)
[ Info: feasible solution: 5378.0, primal bound: 5378.0
[ Info: current num of unfinished slices: 25, finished slices: 7
                      ┌                                        ┐ 
                   35 ┤■■■■■■■■■■■■ 1                            
                   36 ┤ 0                                        
                   37 ┤ 0                                        
                   38 ┤ 0                                        
                   39 ┤■■■■■■■■■■■■ 1                            
                   40 ┤■■■■■■■■■■■■ 1                            
                   41 ┤ 0                                        
                   42 ┤■■■■■■■■■■■■■■■■■■■■■■■■■■■■■■■■■■■■■ 3   
                   43 ┤■■■■■■■■■■■■ 1                            
                   44 ┤■■■■■■■■■■■■ 1                            
                   45 ┤■■■■■■■■■■■■ 1                            
                   46 ┤■■■■■■■■■■■■■■■■■■■■■■■■■ 2               
   sc, target = 31 47 ┤■■■■■■■■■■■■ 1                            
                   48 ┤■■■■■■■■■■■■ 1                            
                   49 ┤■■■■■■■■■■■■ 1                            
                   50 ┤ 0                                        
                   51 ┤■■■■■■■■■■■■ 1                            
                   52 ┤■■■■■■■■■■■■■■■■■■■■■■■■■■■■■■■■■■■■■ 3   
                   53 ┤■■■■■■■■■■■■ 1                            
                   54 ┤■■■■■■■■■■■■ 1                            
                   55 ┤ 0                                        
                   56 ┤ 0                                        
                   57 ┤■■■■■■■■■■■■■■■■■■■■■■■■■■■■■■■■■■■■■ 3   
                   58 ┤ 0                                        
                   59 ┤■■■■■■■■■■■■ 1                            
                   60 ┤■■■■■■■■■■■■ 1                            
                      └                                        ┘ 
                                     num of slices               
[ Info: slicing branch with sc: 35.0
[ Info: cc.sc: 35.0
region size: 10
tbl0_rows:37 filtered_rows:37
QIP_gurobi_bound: solver finished in 1.361 s (time_limit=100.0 s, status=OPTIMAL)
[ Info: slice 1, lp_score: 5378.0, primal_bound: 5378.0
QIP_gurobi_bound: solver finished in 1.456 s (time_limit=100.0 s, status=OPTIMAL)
[ Info: slice 2, lp_score: 5371.0, primal_bound: 5378.0
[ Info: new_scs: [35]
[ Info: lp_scores: [5378.0]
[ Info: lp_scores: 5378.0
[ Info: current num of unfinished slices: 25, finished slices: 7
                      ┌                                        ┐ 
                   35 ┤■■■■■■■■■■■■ 1                            
                   36 ┤ 0                                        
                   37 ┤ 0                                        
                   38 ┤ 0                                        
                   39 ┤■■■■■■■■■■■■ 1                            
                   40 ┤■■■■■■■■■■■■ 1                            
                   41 ┤ 0                                        
                   42 ┤■■■■■■■■■■■■■■■■■■■■■■■■■■■■■■■■■■■■■ 3   
                   43 ┤■■■■■■■■■■■■ 1                            
                   44 ┤■■■■■■■■■■■■ 1                            
                   45 ┤■■■■■■■■■■■■ 1                            
                   46 ┤■■■■■■■■■■■■■■■■■■■■■■■■■ 2               
   sc, target = 31 47 ┤■■■■■■■■■■■■ 1                            
                   48 ┤■■■■■■■■■■■■ 1                            
                   49 ┤■■■■■■■■■■■■ 1                            
                   50 ┤ 0                                        
                   51 ┤■■■■■■■■■■■■ 1                            
                   52 ┤■■■■■■■■■■■■■■■■■■■■■■■■■■■■■■■■■■■■■ 3   
                   53 ┤■■■■■■■■■■■■ 1                            
                   54 ┤■■■■■■■■■■■■ 1                            
                   55 ┤ 0                                        
                   56 ┤ 0                                        
                   57 ┤■■■■■■■■■■■■■■■■■■■■■■■■■■■■■■■■■■■■■ 3   
                   58 ┤ 0                                        
                   59 ┤■■■■■■■■■■■■ 1                            
                   60 ┤■■■■■■■■■■■■ 1                            
                      └                                        ┘ 
                                     num of slices               
[ Info: slicing branch with sc: 35.0
[ Info: cc.sc: 35.0
region size: 10
tbl0_rows:46 filtered_rows:46
QIP_gurobi_bound: solver finished in 1.656 s (time_limit=100.0 s, status=OPTIMAL)
[ Info: slice 1, lp_score: 5378.0, primal_bound: 5378.0
QIP_gurobi_bound: solver finished in 1.368 s (time_limit=100.0 s, status=OPTIMAL)
[ Info: slice 2, lp_score: 5377.0, primal_bound: 5378.0
[ Info: new_scs: [34]
[ Info: lp_scores: [5378.0]
[ Info: lp_scores: 5378.0
[ Info: current num of unfinished slices: 25, finished slices: 7
                      ┌                                        ┐ 
                   34 ┤■■■■■■■■■■■■ 1                            
                   35 ┤ 0                                        
                   36 ┤ 0                                        
                   37 ┤ 0                                        
                   38 ┤ 0                                        
                   39 ┤■■■■■■■■■■■■ 1                            
                   40 ┤■■■■■■■■■■■■ 1                            
                   41 ┤ 0                                        
                   42 ┤■■■■■■■■■■■■■■■■■■■■■■■■■■■■■■■■■■■■■ 3   
                   43 ┤■■■■■■■■■■■■ 1                            
                   44 ┤■■■■■■■■■■■■ 1                            
                   45 ┤■■■■■■■■■■■■ 1                            
                   46 ┤■■■■■■■■■■■■■■■■■■■■■■■■■ 2               
   sc, target = 31 47 ┤■■■■■■■■■■■■ 1                            
                   48 ┤■■■■■■■■■■■■ 1                            
                   49 ┤■■■■■■■■■■■■ 1                            
                   50 ┤ 0                                        
                   51 ┤■■■■■■■■■■■■ 1                            
                   52 ┤■■■■■■■■■■■■■■■■■■■■■■■■■■■■■■■■■■■■■ 3   
                   53 ┤■■■■■■■■■■■■ 1                            
                   54 ┤■■■■■■■■■■■■ 1                            
                   55 ┤ 0                                        
                   56 ┤ 0                                        
                   57 ┤■■■■■■■■■■■■■■■■■■■■■■■■■■■■■■■■■■■■■ 3   
                   58 ┤ 0                                        
                   59 ┤■■■■■■■■■■■■ 1                            
                   60 ┤■■■■■■■■■■■■ 1                            
                      └                                        ┘ 
                                     num of slices               
[ Info: slicing branch with sc: 34.0
[ Info: cc.sc: 34.0
region size: 10
tbl0_rows:22 filtered_rows:22
QIP_gurobi_bound: solver finished in 1.408 s (time_limit=100.0 s, status=OPTIMAL)
[ Info: slice 1, lp_score: 5378.0, primal_bound: 5378.0
QIP_gurobi_bound: solver finished in 1.343 s (time_limit=100.0 s, status=OPTIMAL)
[ Info: slice 2, lp_score: 5375.0, primal_bound: 5378.0
[ Info: new_scs: [33]
[ Info: lp_scores: [5378.0]
[ Info: lp_scores: 5378.0
[ Info: current num of unfinished slices: 25, finished slices: 7
                      ┌                                        ┐ 
                   33 ┤■■■■■■■■■■■■ 1                            
                   34 ┤ 0                                        
                   35 ┤ 0                                        
                   36 ┤ 0                                        
                   37 ┤ 0                                        
                   38 ┤ 0                                        
                   39 ┤■■■■■■■■■■■■ 1                            
                   40 ┤■■■■■■■■■■■■ 1                            
                   41 ┤ 0                                        
                   42 ┤■■■■■■■■■■■■■■■■■■■■■■■■■■■■■■■■■■■■■ 3   
                   43 ┤■■■■■■■■■■■■ 1                            
                   44 ┤■■■■■■■■■■■■ 1                            
                   45 ┤■■■■■■■■■■■■ 1                            
   sc, target = 31 46 ┤■■■■■■■■■■■■■■■■■■■■■■■■■ 2               
                   47 ┤■■■■■■■■■■■■ 1                            
                   48 ┤■■■■■■■■■■■■ 1                            
                   49 ┤■■■■■■■■■■■■ 1                            
                   50 ┤ 0                                        
                   51 ┤■■■■■■■■■■■■ 1                            
                   52 ┤■■■■■■■■■■■■■■■■■■■■■■■■■■■■■■■■■■■■■ 3   
                   53 ┤■■■■■■■■■■■■ 1                            
                   54 ┤■■■■■■■■■■■■ 1                            
                   55 ┤ 0                                        
                   56 ┤ 0                                        
                   57 ┤■■■■■■■■■■■■■■■■■■■■■■■■■■■■■■■■■■■■■ 3   
                   58 ┤ 0                                        
                   59 ┤■■■■■■■■■■■■ 1                            
                   60 ┤■■■■■■■■■■■■ 1                            
                      └                                        ┘ 
                                     num of slices               
[ Info: slicing branch with sc: 33.0
[ Info: cc.sc: 33.0
region size: 10
tbl0_rows:42 filtered_rows:42
QIP_gurobi_bound: solver finished in 1.286 s (time_limit=100.0 s, status=OPTIMAL)
[ Info: slice 1, lp_score: 5376.0, primal_bound: 5378.0
QIP_gurobi_bound: solver finished in 1.286 s (time_limit=100.0 s, status=OPTIMAL)
[ Info: slice 2, lp_score: 5370.0, primal_bound: 5378.0
QIP_gurobi_bound: solver finished in 1.219 s (time_limit=100.0 s, status=OPTIMAL)
[ Info: slice 3, lp_score: 5372.0, primal_bound: 5378.0
QIP_gurobi_bound: solver finished in 1.257 s (time_limit=100.0 s, status=OPTIMAL)
[ Info: slice 4, lp_score: 5375.0, primal_bound: 5378.0
QIP_gurobi_bound: solver finished in 1.746 s (time_limit=100.0 s, status=OPTIMAL)
[ Info: slice 5, lp_score: 5378.0, primal_bound: 5378.0
QIP_gurobi_bound: solver finished in 1.557 s (time_limit=100.0 s, status=OPTIMAL)
[ Info: slice 6, lp_score: 5368.0, primal_bound: 5378.0
[ Info: new_scs: [31]
[ Info: lp_scores: [5378.0]
[ Info: lp_scores: 5378.0
[ Info: current num of unfinished slices: 25, finished slices: 7
                      ┌                                        ┐ 
                   31 ┤■■■■■■■■■■■■ 1                            
                   32 ┤ 0                                        
                   33 ┤ 0                                        
                   34 ┤ 0                                        
                   35 ┤ 0                                        
                   36 ┤ 0                                        
                   37 ┤ 0                                        
                   38 ┤ 0                                        
                   39 ┤■■■■■■■■■■■■ 1                            
                   40 ┤■■■■■■■■■■■■ 1                            
                   41 ┤ 0                                        
                   42 ┤■■■■■■■■■■■■■■■■■■■■■■■■■■■■■■■■■■■■■ 3   
                   43 ┤■■■■■■■■■■■■ 1                            
                   44 ┤■■■■■■■■■■■■ 1                            
   sc, target = 31 45 ┤■■■■■■■■■■■■ 1                            
                   46 ┤■■■■■■■■■■■■■■■■■■■■■■■■■ 2               
                   47 ┤■■■■■■■■■■■■ 1                            
                   48 ┤■■■■■■■■■■■■ 1                            
                   49 ┤■■■■■■■■■■■■ 1                            
                   50 ┤ 0                                        
                   51 ┤■■■■■■■■■■■■ 1                            
                   52 ┤■■■■■■■■■■■■■■■■■■■■■■■■■■■■■■■■■■■■■ 3   
                   53 ┤■■■■■■■■■■■■ 1                            
                   54 ┤■■■■■■■■■■■■ 1                            
                   55 ┤ 0                                        
                   56 ┤ 0                                        
                   57 ┤■■■■■■■■■■■■■■■■■■■■■■■■■■■■■■■■■■■■■ 3   
                   58 ┤ 0                                        
                   59 ┤■■■■■■■■■■■■ 1                            
                   60 ┤■■■■■■■■■■■■ 1                            
                      └                                        ┘ 
                                     num of slices               
[ Info: slicing branch with sc: 31.0
  [slice produced] sc=31.0 tc=46.36238838261005 nv=3553 ne=6930 r=49.5
QIP_value_gurobi: solver finished in 1.596 s (time_limit=604800.0 s, status=OPTIMAL)
[ Info: feasible solution: 5378.0, primal bound: 5378.0
[ Info: current num of unfinished slices: 24, finished slices: 8
                      ┌                                        ┐ 
                   39 ┤■■■■■■■■■■■■ 1                            
                   40 ┤■■■■■■■■■■■■ 1                            
                   41 ┤ 0                                        
                   42 ┤■■■■■■■■■■■■■■■■■■■■■■■■■■■■■■■■■■■■■ 3   
                   43 ┤■■■■■■■■■■■■ 1                            
                   44 ┤■■■■■■■■■■■■ 1                            
                   45 ┤■■■■■■■■■■■■ 1                            
                   46 ┤■■■■■■■■■■■■■■■■■■■■■■■■■ 2               
                   47 ┤■■■■■■■■■■■■ 1                            
                   48 ┤■■■■■■■■■■■■ 1                            
   sc, target = 31 49 ┤■■■■■■■■■■■■ 1                            
                   50 ┤ 0                                        
                   51 ┤■■■■■■■■■■■■ 1                            
                   52 ┤■■■■■■■■■■■■■■■■■■■■■■■■■■■■■■■■■■■■■ 3   
                   53 ┤■■■■■■■■■■■■ 1                            
                   54 ┤■■■■■■■■■■■■ 1                            
                   55 ┤ 0                                        
                   56 ┤ 0                                        
                   57 ┤■■■■■■■■■■■■■■■■■■■■■■■■■■■■■■■■■■■■■ 3   
                   58 ┤ 0                                        
                   59 ┤■■■■■■■■■■■■ 1                            
                   60 ┤■■■■■■■■■■■■ 1                            
                      └                                        ┘ 
                                     num of slices               
[ Info: slicing branch with sc: 39.0
[ Info: cc.sc: 39.0
region size: 10
tbl0_rows:63 filtered_rows:63
QIP_gurobi_bound: solver finished in 1.455 s (time_limit=100.0 s, status=OPTIMAL)
[ Info: slice 1, lp_score: 5376.0, primal_bound: 5378.0
QIP_gurobi_bound: solver finished in 5.082 s (time_limit=100.0 s, status=OPTIMAL)
[ Info: slice 2, lp_score: 5376.0, primal_bound: 5378.0
[ Info: new_scs: Int64[]
[ Info: lp_scores: Float64[]
[ Info: current num of unfinished slices: 23, finished slices: 8
                      ┌                                        ┐ 
                   40 ┤■■■■■■■■■■■■ 1                            
                   41 ┤ 0                                        
                   42 ┤■■■■■■■■■■■■■■■■■■■■■■■■■■■■■■■■■■■■■ 3   
                   43 ┤■■■■■■■■■■■■ 1                            
                   44 ┤■■■■■■■■■■■■ 1                            
                   45 ┤■■■■■■■■■■■■ 1                            
                   46 ┤■■■■■■■■■■■■■■■■■■■■■■■■■ 2               
                   47 ┤■■■■■■■■■■■■ 1                            
                   48 ┤■■■■■■■■■■■■ 1                            
                   49 ┤■■■■■■■■■■■■ 1                            
   sc, target = 31 50 ┤ 0                                        
                   51 ┤■■■■■■■■■■■■ 1                            
                   52 ┤■■■■■■■■■■■■■■■■■■■■■■■■■■■■■■■■■■■■■ 3   
                   53 ┤■■■■■■■■■■■■ 1                            
                   54 ┤■■■■■■■■■■■■ 1                            
                   55 ┤ 0                                        
                   56 ┤ 0                                        
                   57 ┤■■■■■■■■■■■■■■■■■■■■■■■■■■■■■■■■■■■■■ 3   
                   58 ┤ 0                                        
                   59 ┤■■■■■■■■■■■■ 1                            
                   60 ┤■■■■■■■■■■■■ 1                            
                      └                                        ┘ 
                                     num of slices               
[ Info: slicing branch with sc: 40.0
[ Info: cc.sc: 40.0
region size: 10
tbl0_rows:43 filtered_rows:43
QIP_gurobi_bound: solver finished in 1.41 s (time_limit=100.0 s, status=OPTIMAL)
[ Info: slice 1, lp_score: 5370.0, primal_bound: 5378.0
QIP_gurobi_bound: solver finished in 1.572 s (time_limit=100.0 s, status=OPTIMAL)
[ Info: slice 2, lp_score: 5375.0, primal_bound: 5378.0
[ Info: new_scs: Int64[]
[ Info: lp_scores: Float64[]
[ Info: current num of unfinished slices: 22, finished slices: 8
                      ┌                                        ┐ 
                   42 ┤■■■■■■■■■■■■■■■■■■■■■■■■■■■■■■■■■■■■■ 3   
                   43 ┤■■■■■■■■■■■■ 1                            
                   44 ┤■■■■■■■■■■■■ 1                            
                   45 ┤■■■■■■■■■■■■ 1                            
                   46 ┤■■■■■■■■■■■■■■■■■■■■■■■■■ 2               
                   47 ┤■■■■■■■■■■■■ 1                            
                   48 ┤■■■■■■■■■■■■ 1                            
                   49 ┤■■■■■■■■■■■■ 1                            
                   50 ┤ 0                                        
   sc, target = 31 51 ┤■■■■■■■■■■■■ 1                            
                   52 ┤■■■■■■■■■■■■■■■■■■■■■■■■■■■■■■■■■■■■■ 3   
                   53 ┤■■■■■■■■■■■■ 1                            
                   54 ┤■■■■■■■■■■■■ 1                            
                   55 ┤ 0                                        
                   56 ┤ 0                                        
                   57 ┤■■■■■■■■■■■■■■■■■■■■■■■■■■■■■■■■■■■■■ 3   
                   58 ┤ 0                                        
                   59 ┤■■■■■■■■■■■■ 1                            
                   60 ┤■■■■■■■■■■■■ 1                            
                      └                                        ┘ 
                                     num of slices               
[ Info: slicing branch with sc: 42.0
[ Info: cc.sc: 42.0
region size: 10
tbl0_rows:54 filtered_rows:54
QIP_gurobi_bound: solver finished in 1.67 s (time_limit=100.0 s, status=OPTIMAL)
[ Info: slice 1, lp_score: 5375.0, primal_bound: 5378.0
QIP_gurobi_bound: solver finished in 1.584 s (time_limit=100.0 s, status=OPTIMAL)
[ Info: slice 2, lp_score: 5378.0, primal_bound: 5378.0
[ Info: new_scs: [40]
[ Info: lp_scores: [5378.0]
[ Info: lp_scores: 5378.0
[ Info: current num of unfinished slices: 22, finished slices: 8
                      ┌                                        ┐ 
                   40 ┤■■■■■■■■■■■■ 1                            
                   41 ┤ 0                                        
                   42 ┤■■■■■■■■■■■■■■■■■■■■■■■■■ 2               
                   43 ┤■■■■■■■■■■■■ 1                            
                   44 ┤■■■■■■■■■■■■ 1                            
                   45 ┤■■■■■■■■■■■■ 1                            
                   46 ┤■■■■■■■■■■■■■■■■■■■■■■■■■ 2               
                   47 ┤■■■■■■■■■■■■ 1                            
                   48 ┤■■■■■■■■■■■■ 1                            
                   49 ┤■■■■■■■■■■■■ 1                            
   sc, target = 31 50 ┤ 0                                        
                   51 ┤■■■■■■■■■■■■ 1                            
                   52 ┤■■■■■■■■■■■■■■■■■■■■■■■■■■■■■■■■■■■■■ 3   
                   53 ┤■■■■■■■■■■■■ 1                            
                   54 ┤■■■■■■■■■■■■ 1                            
                   55 ┤ 0                                        
                   56 ┤ 0                                        
                   57 ┤■■■■■■■■■■■■■■■■■■■■■■■■■■■■■■■■■■■■■ 3   
                   58 ┤ 0                                        
                   59 ┤■■■■■■■■■■■■ 1                            
                   60 ┤■■■■■■■■■■■■ 1                            
                      └                                        ┘ 
                                     num of slices               
[ Info: slicing branch with sc: 40.0
[ Info: cc.sc: 40.0
region size: 10
tbl0_rows:63 filtered_rows:63
QIP_gurobi_bound: solver finished in 1.366 s (time_limit=100.0 s, status=OPTIMAL)
[ Info: slice 1, lp_score: 5378.0, primal_bound: 5378.0
QIP_gurobi_bound: solver finished in 1.617 s (time_limit=100.0 s, status=OPTIMAL)
[ Info: slice 2, lp_score: 5378.0, primal_bound: 5378.0
[ Info: new_scs: [39, 39]
[ Info: lp_scores: [5378.0, 5378.0]
[ Info: lp_scores: 5378.0
[ Info: lp_scores: 5378.0
[ Info: current num of unfinished slices: 23, finished slices: 8
                      ┌                                        ┐ 
                   39 ┤■■■■■■■■■■■■■■■■■■■■■■■■■ 2               
                   40 ┤ 0                                        
                   41 ┤ 0                                        
                   42 ┤■■■■■■■■■■■■■■■■■■■■■■■■■ 2               
                   43 ┤■■■■■■■■■■■■ 1                            
                   44 ┤■■■■■■■■■■■■ 1                            
                   45 ┤■■■■■■■■■■■■ 1                            
                   46 ┤■■■■■■■■■■■■■■■■■■■■■■■■■ 2               
                   47 ┤■■■■■■■■■■■■ 1                            
                   48 ┤■■■■■■■■■■■■ 1                            
   sc, target = 31 49 ┤■■■■■■■■■■■■ 1                            
                   50 ┤ 0                                        
                   51 ┤■■■■■■■■■■■■ 1                            
                   52 ┤■■■■■■■■■■■■■■■■■■■■■■■■■■■■■■■■■■■■■ 3   
                   53 ┤■■■■■■■■■■■■ 1                            
                   54 ┤■■■■■■■■■■■■ 1                            
                   55 ┤ 0                                        
                   56 ┤ 0                                        
                   57 ┤■■■■■■■■■■■■■■■■■■■■■■■■■■■■■■■■■■■■■ 3   
                   58 ┤ 0                                        
                   59 ┤■■■■■■■■■■■■ 1                            
                   60 ┤■■■■■■■■■■■■ 1                            
                      └                                        ┘ 
                                     num of slices               
[ Info: slicing branch with sc: 39.0
[ Info: cc.sc: 39.0
region size: 10
tbl0_rows:62 filtered_rows:62
QIP_gurobi_bound: solver finished in 1.566 s (time_limit=100.0 s, status=OPTIMAL)
[ Info: slice 1, lp_score: 5376.0, primal_bound: 5378.0
QIP_gurobi_bound: solver finished in 1.523 s (time_limit=100.0 s, status=OPTIMAL)
[ Info: slice 2, lp_score: 5378.0, primal_bound: 5378.0
[ Info: new_scs: [38]
[ Info: lp_scores: [5378.0]
[ Info: lp_scores: 5378.0
[ Info: current num of unfinished slices: 23, finished slices: 8
                      ┌                                        ┐ 
                   38 ┤■■■■■■■■■■■■ 1                            
                   39 ┤■■■■■■■■■■■■ 1                            
                   40 ┤ 0                                        
                   41 ┤ 0                                        
                   42 ┤■■■■■■■■■■■■■■■■■■■■■■■■■ 2               
                   43 ┤■■■■■■■■■■■■ 1                            
                   44 ┤■■■■■■■■■■■■ 1                            
                   45 ┤■■■■■■■■■■■■ 1                            
                   46 ┤■■■■■■■■■■■■■■■■■■■■■■■■■ 2               
                   47 ┤■■■■■■■■■■■■ 1                            
                   48 ┤■■■■■■■■■■■■ 1                            
   sc, target = 31 49 ┤■■■■■■■■■■■■ 1                            
                   50 ┤ 0                                        
                   51 ┤■■■■■■■■■■■■ 1                            
                   52 ┤■■■■■■■■■■■■■■■■■■■■■■■■■■■■■■■■■■■■■ 3   
                   53 ┤■■■■■■■■■■■■ 1                            
                   54 ┤■■■■■■■■■■■■ 1                            
                   55 ┤ 0                                        
                   56 ┤ 0                                        
                   57 ┤■■■■■■■■■■■■■■■■■■■■■■■■■■■■■■■■■■■■■ 3   
                   58 ┤ 0                                        
                   59 ┤■■■■■■■■■■■■ 1                            
                   60 ┤■■■■■■■■■■■■ 1                            
                      └                                        ┘ 
                                     num of slices               
[ Info: slicing branch with sc: 38.0
[ Info: cc.sc: 38.0
region size: 10
tbl0_rows:56 filtered_rows:56
QIP_gurobi_bound: solver finished in 1.411 s (time_limit=100.0 s, status=OPTIMAL)
[ Info: slice 1, lp_score: 5378.0, primal_bound: 5378.0
QIP_gurobi_bound: solver finished in 1.507 s (time_limit=100.0 s, status=OPTIMAL)
[ Info: slice 2, lp_score: 5377.0, primal_bound: 5378.0
[ Info: new_scs: [38]
[ Info: lp_scores: [5378.0]
[ Info: lp_scores: 5378.0
[ Info: current num of unfinished slices: 23, finished slices: 8
                      ┌                                        ┐ 
                   38 ┤■■■■■■■■■■■■ 1                            
                   39 ┤■■■■■■■■■■■■ 1                            
                   40 ┤ 0                                        
                   41 ┤ 0                                        
                   42 ┤■■■■■■■■■■■■■■■■■■■■■■■■■ 2               
                   43 ┤■■■■■■■■■■■■ 1                            
                   44 ┤■■■■■■■■■■■■ 1                            
                   45 ┤■■■■■■■■■■■■ 1                            
                   46 ┤■■■■■■■■■■■■■■■■■■■■■■■■■ 2               
                   47 ┤■■■■■■■■■■■■ 1                            
                   48 ┤■■■■■■■■■■■■ 1                            
   sc, target = 31 49 ┤■■■■■■■■■■■■ 1                            
                   50 ┤ 0                                        
                   51 ┤■■■■■■■■■■■■ 1                            
                   52 ┤■■■■■■■■■■■■■■■■■■■■■■■■■■■■■■■■■■■■■ 3   
                   53 ┤■■■■■■■■■■■■ 1                            
                   54 ┤■■■■■■■■■■■■ 1                            
                   55 ┤ 0                                        
                   56 ┤ 0                                        
                   57 ┤■■■■■■■■■■■■■■■■■■■■■■■■■■■■■■■■■■■■■ 3   
                   58 ┤ 0                                        
                   59 ┤■■■■■■■■■■■■ 1                            
                   60 ┤■■■■■■■■■■■■ 1                            
                      └                                        ┘ 
                                     num of slices               
[ Info: slicing branch with sc: 38.0
[ Info: cc.sc: 38.0
region size: 10
tbl0_rows:43 filtered_rows:43
QIP_gurobi_bound: solver finished in 1.536 s (time_limit=100.0 s, status=OPTIMAL)
[ Info: slice 1, lp_score: 5377.0, primal_bound: 5378.0
QIP_gurobi_bound: solver finished in 1.568 s (time_limit=100.0 s, status=OPTIMAL)
[ Info: slice 2, lp_score: 5378.0, primal_bound: 5378.0
[ Info: new_scs: [38]
[ Info: lp_scores: [5378.0]
[ Info: lp_scores: 5378.0
[ Info: current num of unfinished slices: 23, finished slices: 8
                      ┌                                        ┐ 
                   38 ┤■■■■■■■■■■■■ 1                            
                   39 ┤■■■■■■■■■■■■ 1                            
                   40 ┤ 0                                        
                   41 ┤ 0                                        
                   42 ┤■■■■■■■■■■■■■■■■■■■■■■■■■ 2               
                   43 ┤■■■■■■■■■■■■ 1                            
                   44 ┤■■■■■■■■■■■■ 1                            
                   45 ┤■■■■■■■■■■■■ 1                            
                   46 ┤■■■■■■■■■■■■■■■■■■■■■■■■■ 2               
                   47 ┤■■■■■■■■■■■■ 1                            
                   48 ┤■■■■■■■■■■■■ 1                            
   sc, target = 31 49 ┤■■■■■■■■■■■■ 1                            
                   50 ┤ 0                                        
                   51 ┤■■■■■■■■■■■■ 1                            
                   52 ┤■■■■■■■■■■■■■■■■■■■■■■■■■■■■■■■■■■■■■ 3   
                   53 ┤■■■■■■■■■■■■ 1                            
                   54 ┤■■■■■■■■■■■■ 1                            
                   55 ┤ 0                                        
                   56 ┤ 0                                        
                   57 ┤■■■■■■■■■■■■■■■■■■■■■■■■■■■■■■■■■■■■■ 3   
                   58 ┤ 0                                        
                   59 ┤■■■■■■■■■■■■ 1                            
                   60 ┤■■■■■■■■■■■■ 1                            
                      └                                        ┘ 
                                     num of slices               
[ Info: slicing branch with sc: 38.0
[ Info: cc.sc: 38.0
region size: 10
tbl0_rows:60 filtered_rows:60
QIP_gurobi_bound: solver finished in 1.457 s (time_limit=100.0 s, status=OPTIMAL)
[ Info: slice 1, lp_score: 5378.0, primal_bound: 5378.0
QIP_gurobi_bound: solver finished in 1.373 s (time_limit=100.0 s, status=OPTIMAL)
[ Info: slice 2, lp_score: 5374.0, primal_bound: 5378.0
[ Info: new_scs: [38]
[ Info: lp_scores: [5378.0]
[ Info: lp_scores: 5378.0
[ Info: current num of unfinished slices: 23, finished slices: 8
                      ┌                                        ┐ 
                   38 ┤■■■■■■■■■■■■ 1                            
                   39 ┤■■■■■■■■■■■■ 1                            
                   40 ┤ 0                                        
                   41 ┤ 0                                        
                   42 ┤■■■■■■■■■■■■■■■■■■■■■■■■■ 2               
                   43 ┤■■■■■■■■■■■■ 1                            
                   44 ┤■■■■■■■■■■■■ 1                            
                   45 ┤■■■■■■■■■■■■ 1                            
                   46 ┤■■■■■■■■■■■■■■■■■■■■■■■■■ 2               
                   47 ┤■■■■■■■■■■■■ 1                            
                   48 ┤■■■■■■■■■■■■ 1                            
   sc, target = 31 49 ┤■■■■■■■■■■■■ 1                            
                   50 ┤ 0                                        
                   51 ┤■■■■■■■■■■■■ 1                            
                   52 ┤■■■■■■■■■■■■■■■■■■■■■■■■■■■■■■■■■■■■■ 3   
                   53 ┤■■■■■■■■■■■■ 1                            
                   54 ┤■■■■■■■■■■■■ 1                            
                   55 ┤ 0                                        
                   56 ┤ 0                                        
                   57 ┤■■■■■■■■■■■■■■■■■■■■■■■■■■■■■■■■■■■■■ 3   
                   58 ┤ 0                                        
                   59 ┤■■■■■■■■■■■■ 1                            
                   60 ┤■■■■■■■■■■■■ 1                            
                      └                                        ┘ 
                                     num of slices               
[ Info: slicing branch with sc: 38.0
[ Info: cc.sc: 38.0
region size: 10
tbl0_rows:28 filtered_rows:28
QIP_gurobi_bound: solver finished in 1.406 s (time_limit=100.0 s, status=OPTIMAL)
[ Info: slice 1, lp_score: 5378.0, primal_bound: 5378.0
[ Info: new_scs: [37]
[ Info: lp_scores: [5378.0]
[ Info: lp_scores: 5378.0
[ Info: current num of unfinished slices: 23, finished slices: 8
                      ┌                                        ┐ 
                   37 ┤■■■■■■■■■■■■ 1                            
                   38 ┤ 0                                        
                   39 ┤■■■■■■■■■■■■ 1                            
                   40 ┤ 0                                        
                   41 ┤ 0                                        
                   42 ┤■■■■■■■■■■■■■■■■■■■■■■■■■ 2               
                   43 ┤■■■■■■■■■■■■ 1                            
                   44 ┤■■■■■■■■■■■■ 1                            
                   45 ┤■■■■■■■■■■■■ 1                            
                   46 ┤■■■■■■■■■■■■■■■■■■■■■■■■■ 2               
                   47 ┤■■■■■■■■■■■■ 1                            
   sc, target = 31 48 ┤■■■■■■■■■■■■ 1                            
                   49 ┤■■■■■■■■■■■■ 1                            
                   50 ┤ 0                                        
                   51 ┤■■■■■■■■■■■■ 1                            
                   52 ┤■■■■■■■■■■■■■■■■■■■■■■■■■■■■■■■■■■■■■ 3   
                   53 ┤■■■■■■■■■■■■ 1                            
                   54 ┤■■■■■■■■■■■■ 1                            
                   55 ┤ 0                                        
                   56 ┤ 0                                        
                   57 ┤■■■■■■■■■■■■■■■■■■■■■■■■■■■■■■■■■■■■■ 3   
                   58 ┤ 0                                        
                   59 ┤■■■■■■■■■■■■ 1                            
                   60 ┤■■■■■■■■■■■■ 1                            
                      └                                        ┘ 
                                     num of slices               
[ Info: slicing branch with sc: 37.0
[ Info: cc.sc: 37.0
region size: 10
tbl0_rows:52 filtered_rows:52
QIP_gurobi_bound: solver finished in 1.721 s (time_limit=100.0 s, status=OPTIMAL)
[ Info: slice 1, lp_score: 5377.0, primal_bound: 5378.0
QIP_gurobi_bound: solver finished in 1.559 s (time_limit=100.0 s, status=OPTIMAL)
[ Info: slice 2, lp_score: 5378.0, primal_bound: 5378.0
[ Info: new_scs: [36]
[ Info: lp_scores: [5378.0]
[ Info: lp_scores: 5378.0
[ Info: current num of unfinished slices: 23, finished slices: 8
                      ┌                                        ┐ 
                   36 ┤■■■■■■■■■■■■ 1                            
                   37 ┤ 0                                        
                   38 ┤ 0                                        
                   39 ┤■■■■■■■■■■■■ 1                            
                   40 ┤ 0                                        
                   41 ┤ 0                                        
                   42 ┤■■■■■■■■■■■■■■■■■■■■■■■■■ 2               
                   43 ┤■■■■■■■■■■■■ 1                            
                   44 ┤■■■■■■■■■■■■ 1                            
                   45 ┤■■■■■■■■■■■■ 1                            
                   46 ┤■■■■■■■■■■■■■■■■■■■■■■■■■ 2               
                   47 ┤■■■■■■■■■■■■ 1                            
   sc, target = 31 48 ┤■■■■■■■■■■■■ 1                            
                   49 ┤■■■■■■■■■■■■ 1                            
                   50 ┤ 0                                        
                   51 ┤■■■■■■■■■■■■ 1                            
                   52 ┤■■■■■■■■■■■■■■■■■■■■■■■■■■■■■■■■■■■■■ 3   
                   53 ┤■■■■■■■■■■■■ 1                            
                   54 ┤■■■■■■■■■■■■ 1                            
                   55 ┤ 0                                        
                   56 ┤ 0                                        
                   57 ┤■■■■■■■■■■■■■■■■■■■■■■■■■■■■■■■■■■■■■ 3   
                   58 ┤ 0                                        
                   59 ┤■■■■■■■■■■■■ 1                            
                   60 ┤■■■■■■■■■■■■ 1                            
                      └                                        ┘ 
                                     num of slices               
[ Info: slicing branch with sc: 36.0
[ Info: cc.sc: 36.0
region size: 10
tbl0_rows:30 filtered_rows:30
QIP_gurobi_bound: solver finished in 1.862 s (time_limit=100.0 s, status=OPTIMAL)
[ Info: slice 1, lp_score: 5378.0, primal_bound: 5378.0
QIP_gurobi_bound: solver finished in 1.492 s (time_limit=100.0 s, status=OPTIMAL)
[ Info: slice 2, lp_score: 5376.0, primal_bound: 5378.0
[ Info: new_scs: [35]
[ Info: lp_scores: [5378.0]
[ Info: lp_scores: 5378.0
[ Info: current num of unfinished slices: 23, finished slices: 8
                      ┌                                        ┐ 
                   35 ┤■■■■■■■■■■■■ 1                            
                   36 ┤ 0                                        
                   37 ┤ 0                                        
                   38 ┤ 0                                        
                   39 ┤■■■■■■■■■■■■ 1                            
                   40 ┤ 0                                        
                   41 ┤ 0                                        
                   42 ┤■■■■■■■■■■■■■■■■■■■■■■■■■ 2               
                   43 ┤■■■■■■■■■■■■ 1                            
                   44 ┤■■■■■■■■■■■■ 1                            
                   45 ┤■■■■■■■■■■■■ 1                            
                   46 ┤■■■■■■■■■■■■■■■■■■■■■■■■■ 2               
   sc, target = 31 47 ┤■■■■■■■■■■■■ 1                            
                   48 ┤■■■■■■■■■■■■ 1                            
                   49 ┤■■■■■■■■■■■■ 1                            
                   50 ┤ 0                                        
                   51 ┤■■■■■■■■■■■■ 1                            
                   52 ┤■■■■■■■■■■■■■■■■■■■■■■■■■■■■■■■■■■■■■ 3   
                   53 ┤■■■■■■■■■■■■ 1                            
                   54 ┤■■■■■■■■■■■■ 1                            
                   55 ┤ 0                                        
                   56 ┤ 0                                        
                   57 ┤■■■■■■■■■■■■■■■■■■■■■■■■■■■■■■■■■■■■■ 3   
                   58 ┤ 0                                        
                   59 ┤■■■■■■■■■■■■ 1                            
                   60 ┤■■■■■■■■■■■■ 1                            
                      └                                        ┘ 
                                     num of slices               
[ Info: slicing branch with sc: 35.0
[ Info: cc.sc: 35.0
region size: 10
tbl0_rows:102 filtered_rows:102
QIP_gurobi_bound: solver finished in 1.398 s (time_limit=100.0 s, status=OPTIMAL)
[ Info: slice 1, lp_score: 5374.0, primal_bound: 5378.0
QIP_gurobi_bound: solver finished in 1.806 s (time_limit=100.0 s, status=OPTIMAL)
[ Info: slice 2, lp_score: 5378.0, primal_bound: 5378.0
[ Info: new_scs: [34]
[ Info: lp_scores: [5378.0]
[ Info: lp_scores: 5378.0
[ Info: current num of unfinished slices: 23, finished slices: 8
                      ┌                                        ┐ 
                   34 ┤■■■■■■■■■■■■ 1                            
                   35 ┤ 0                                        
                   36 ┤ 0                                        
                   37 ┤ 0                                        
                   38 ┤ 0                                        
                   39 ┤■■■■■■■■■■■■ 1                            
                   40 ┤ 0                                        
                   41 ┤ 0                                        
                   42 ┤■■■■■■■■■■■■■■■■■■■■■■■■■ 2               
                   43 ┤■■■■■■■■■■■■ 1                            
                   44 ┤■■■■■■■■■■■■ 1                            
                   45 ┤■■■■■■■■■■■■ 1                            
                   46 ┤■■■■■■■■■■■■■■■■■■■■■■■■■ 2               
   sc, target = 31 47 ┤■■■■■■■■■■■■ 1                            
                   48 ┤■■■■■■■■■■■■ 1                            
                   49 ┤■■■■■■■■■■■■ 1                            
                   50 ┤ 0                                        
                   51 ┤■■■■■■■■■■■■ 1                            
                   52 ┤■■■■■■■■■■■■■■■■■■■■■■■■■■■■■■■■■■■■■ 3   
                   53 ┤■■■■■■■■■■■■ 1                            
                   54 ┤■■■■■■■■■■■■ 1                            
                   55 ┤ 0                                        
                   56 ┤ 0                                        
                   57 ┤■■■■■■■■■■■■■■■■■■■■■■■■■■■■■■■■■■■■■ 3   
                   58 ┤ 0                                        
                   59 ┤■■■■■■■■■■■■ 1                            
                   60 ┤■■■■■■■■■■■■ 1                            
                      └                                        ┘ 
                                     num of slices               
[ Info: slicing branch with sc: 34.0
[ Info: cc.sc: 34.0
region size: 10
tbl0_rows:11 filtered_rows:11
QIP_gurobi_bound: solver finished in 1.356 s (time_limit=100.0 s, status=OPTIMAL)
[ Info: slice 1, lp_score: 5378.0, primal_bound: 5378.0
QIP_gurobi_bound: solver finished in 1.482 s (time_limit=100.0 s, status=OPTIMAL)
[ Info: slice 2, lp_score: 5375.0, primal_bound: 5378.0
[ Info: new_scs: [33]
[ Info: lp_scores: [5378.0]
[ Info: lp_scores: 5378.0
[ Info: current num of unfinished slices: 23, finished slices: 8
                      ┌                                        ┐ 
                   33 ┤■■■■■■■■■■■■ 1                            
                   34 ┤ 0                                        
                   35 ┤ 0                                        
                   36 ┤ 0                                        
                   37 ┤ 0                                        
                   38 ┤ 0                                        
                   39 ┤■■■■■■■■■■■■ 1                            
                   40 ┤ 0                                        
                   41 ┤ 0                                        
                   42 ┤■■■■■■■■■■■■■■■■■■■■■■■■■ 2               
                   43 ┤■■■■■■■■■■■■ 1                            
                   44 ┤■■■■■■■■■■■■ 1                            
                   45 ┤■■■■■■■■■■■■ 1                            
   sc, target = 31 46 ┤■■■■■■■■■■■■■■■■■■■■■■■■■ 2               
                   47 ┤■■■■■■■■■■■■ 1                            
                   48 ┤■■■■■■■■■■■■ 1                            
                   49 ┤■■■■■■■■■■■■ 1                            
                   50 ┤ 0                                        
                   51 ┤■■■■■■■■■■■■ 1                            
                   52 ┤■■■■■■■■■■■■■■■■■■■■■■■■■■■■■■■■■■■■■ 3   
                   53 ┤■■■■■■■■■■■■ 1                            
                   54 ┤■■■■■■■■■■■■ 1                            
                   55 ┤ 0                                        
                   56 ┤ 0                                        
                   57 ┤■■■■■■■■■■■■■■■■■■■■■■■■■■■■■■■■■■■■■ 3   
                   58 ┤ 0                                        
                   59 ┤■■■■■■■■■■■■ 1                            
                   60 ┤■■■■■■■■■■■■ 1                            
                      └                                        ┘ 
                                     num of slices               
[ Info: slicing branch with sc: 33.0
[ Info: cc.sc: 33.0
region size: 10
tbl0_rows:48 filtered_rows:48
QIP_gurobi_bound: solver finished in 1.419 s (time_limit=100.0 s, status=OPTIMAL)
[ Info: slice 1, lp_score: 5375.0, primal_bound: 5378.0
QIP_gurobi_bound: solver finished in 1.585 s (time_limit=100.0 s, status=OPTIMAL)
[ Info: slice 2, lp_score: 5378.0, primal_bound: 5378.0
QIP_gurobi_bound: solver finished in 1.559 s (time_limit=100.0 s, status=OPTIMAL)
[ Info: slice 3, lp_score: 5372.0, primal_bound: 5378.0
QIP_gurobi_bound: solver finished in 1.431 s (time_limit=100.0 s, status=OPTIMAL)
[ Info: slice 4, lp_score: 5368.0, primal_bound: 5378.0
[ Info: new_scs: [31]
[ Info: lp_scores: [5378.0]
[ Info: lp_scores: 5378.0
[ Info: current num of unfinished slices: 23, finished slices: 8
                      ┌                                        ┐ 
                   31 ┤■■■■■■■■■■■■ 1                            
                   32 ┤ 0                                        
                   33 ┤ 0                                        
                   34 ┤ 0                                        
                   35 ┤ 0                                        
                   36 ┤ 0                                        
                   37 ┤ 0                                        
                   38 ┤ 0                                        
                   39 ┤■■■■■■■■■■■■ 1                            
                   40 ┤ 0                                        
                   41 ┤ 0                                        
                   42 ┤■■■■■■■■■■■■■■■■■■■■■■■■■ 2               
                   43 ┤■■■■■■■■■■■■ 1                            
                   44 ┤■■■■■■■■■■■■ 1                            
   sc, target = 31 45 ┤■■■■■■■■■■■■ 1                            
                   46 ┤■■■■■■■■■■■■■■■■■■■■■■■■■ 2               
                   47 ┤■■■■■■■■■■■■ 1                            
                   48 ┤■■■■■■■■■■■■ 1                            
                   49 ┤■■■■■■■■■■■■ 1                            
                   50 ┤ 0                                        
                   51 ┤■■■■■■■■■■■■ 1                            
                   52 ┤■■■■■■■■■■■■■■■■■■■■■■■■■■■■■■■■■■■■■ 3   
                   53 ┤■■■■■■■■■■■■ 1                            
                   54 ┤■■■■■■■■■■■■ 1                            
                   55 ┤ 0                                        
                   56 ┤ 0                                        
                   57 ┤■■■■■■■■■■■■■■■■■■■■■■■■■■■■■■■■■■■■■ 3   
                   58 ┤ 0                                        
                   59 ┤■■■■■■■■■■■■ 1                            
                   60 ┤■■■■■■■■■■■■ 1                            
                      └                                        ┘ 
                                     num of slices               
[ Info: slicing branch with sc: 31.0
  [slice produced] sc=31.0 tc=46.03670694065136 nv=3550 ne=6926 r=50.0
QIP_value_gurobi: solver finished in 1.523 s (time_limit=604800.0 s, status=OPTIMAL)
[ Info: feasible solution: 5378.0, primal bound: 5378.0
[ Info: current num of unfinished slices: 22, finished slices: 9
                      ┌                                        ┐ 
                   39 ┤■■■■■■■■■■■■ 1                            
                   40 ┤ 0                                        
                   41 ┤ 0                                        
                   42 ┤■■■■■■■■■■■■■■■■■■■■■■■■■ 2               
                   43 ┤■■■■■■■■■■■■ 1                            
                   44 ┤■■■■■■■■■■■■ 1                            
                   45 ┤■■■■■■■■■■■■ 1                            
                   46 ┤■■■■■■■■■■■■■■■■■■■■■■■■■ 2               
                   47 ┤■■■■■■■■■■■■ 1                            
                   48 ┤■■■■■■■■■■■■ 1                            
   sc, target = 31 49 ┤■■■■■■■■■■■■ 1                            
                   50 ┤ 0                                        
                   51 ┤■■■■■■■■■■■■ 1                            
                   52 ┤■■■■■■■■■■■■■■■■■■■■■■■■■■■■■■■■■■■■■ 3   
                   53 ┤■■■■■■■■■■■■ 1                            
                   54 ┤■■■■■■■■■■■■ 1                            
                   55 ┤ 0                                        
                   56 ┤ 0                                        
                   57 ┤■■■■■■■■■■■■■■■■■■■■■■■■■■■■■■■■■■■■■ 3   
                   58 ┤ 0                                        
                   59 ┤■■■■■■■■■■■■ 1                            
                   60 ┤■■■■■■■■■■■■ 1                            
                      └                                        ┘ 
                                     num of slices               
[ Info: slicing branch with sc: 39.0
[ Info: cc.sc: 39.0
region size: 10
tbl0_rows:62 filtered_rows:62
QIP_gurobi_bound: solver finished in 1.426 s (time_limit=100.0 s, status=OPTIMAL)
[ Info: slice 1, lp_score: 5376.0, primal_bound: 5378.0
QIP_gurobi_bound: solver finished in 1.652 s (time_limit=100.0 s, status=OPTIMAL)
[ Info: slice 2, lp_score: 5378.0, primal_bound: 5378.0
[ Info: new_scs: [38]
[ Info: lp_scores: [5378.0]
[ Info: lp_scores: 5378.0
[ Info: current num of unfinished slices: 22, finished slices: 9
                      ┌                                        ┐ 
                   38 ┤■■■■■■■■■■■■ 1                            
                   39 ┤ 0                                        
                   40 ┤ 0                                        
                   41 ┤ 0                                        
                   42 ┤■■■■■■■■■■■■■■■■■■■■■■■■■ 2               
                   43 ┤■■■■■■■■■■■■ 1                            
                   44 ┤■■■■■■■■■■■■ 1                            
                   45 ┤■■■■■■■■■■■■ 1                            
                   46 ┤■■■■■■■■■■■■■■■■■■■■■■■■■ 2               
                   47 ┤■■■■■■■■■■■■ 1                            
                   48 ┤■■■■■■■■■■■■ 1                            
   sc, target = 31 49 ┤■■■■■■■■■■■■ 1                            
                   50 ┤ 0                                        
                   51 ┤■■■■■■■■■■■■ 1                            
                   52 ┤■■■■■■■■■■■■■■■■■■■■■■■■■■■■■■■■■■■■■ 3   
                   53 ┤■■■■■■■■■■■■ 1                            
                   54 ┤■■■■■■■■■■■■ 1                            
                   55 ┤ 0                                        
                   56 ┤ 0                                        
                   57 ┤■■■■■■■■■■■■■■■■■■■■■■■■■■■■■■■■■■■■■ 3   
                   58 ┤ 0                                        
                   59 ┤■■■■■■■■■■■■ 1                            
                   60 ┤■■■■■■■■■■■■ 1                            
                      └                                        ┘ 
                                     num of slices               
[ Info: slicing branch with sc: 38.0
[ Info: cc.sc: 38.0
region size: 10
tbl0_rows:49 filtered_rows:49
QIP_gurobi_bound: solver finished in 1.433 s (time_limit=100.0 s, status=OPTIMAL)
[ Info: slice 1, lp_score: 5378.0, primal_bound: 5378.0
QIP_gurobi_bound: solver finished in 1.394 s (time_limit=100.0 s, status=OPTIMAL)
[ Info: slice 2, lp_score: 5378.0, primal_bound: 5378.0
[ Info: new_scs: [38, 38]
[ Info: lp_scores: [5378.0, 5378.0]
[ Info: lp_scores: 5378.0
[ Info: lp_scores: 5378.0
[ Info: current num of unfinished slices: 23, finished slices: 9
                      ┌                                        ┐ 
                   38 ┤■■■■■■■■■■■■■■■■■■■■■■■■■ 2               
                   39 ┤ 0                                        
                   40 ┤ 0                                        
                   41 ┤ 0                                        
                   42 ┤■■■■■■■■■■■■■■■■■■■■■■■■■ 2               
                   43 ┤■■■■■■■■■■■■ 1                            
                   44 ┤■■■■■■■■■■■■ 1                            
                   45 ┤■■■■■■■■■■■■ 1                            
                   46 ┤■■■■■■■■■■■■■■■■■■■■■■■■■ 2               
                   47 ┤■■■■■■■■■■■■ 1                            
                   48 ┤■■■■■■■■■■■■ 1                            
   sc, target = 31 49 ┤■■■■■■■■■■■■ 1                            
                   50 ┤ 0                                        
                   51 ┤■■■■■■■■■■■■ 1                            
                   52 ┤■■■■■■■■■■■■■■■■■■■■■■■■■■■■■■■■■■■■■ 3   
                   53 ┤■■■■■■■■■■■■ 1                            
                   54 ┤■■■■■■■■■■■■ 1                            
                   55 ┤ 0                                        
                   56 ┤ 0                                        
                   57 ┤■■■■■■■■■■■■■■■■■■■■■■■■■■■■■■■■■■■■■ 3   
                   58 ┤ 0                                        
                   59 ┤■■■■■■■■■■■■ 1                            
                   60 ┤■■■■■■■■■■■■ 1                            
                      └                                        ┘ 
                                     num of slices               
[ Info: slicing branch with sc: 38.0
[ Info: cc.sc: 38.0
region size: 10
tbl0_rows:60 filtered_rows:60
QIP_gurobi_bound: solver finished in 1.47 s (time_limit=100.0 s, status=OPTIMAL)
[ Info: slice 1, lp_score: 5378.0, primal_bound: 5378.0
QIP_gurobi_bound: solver finished in 1.4 s (time_limit=100.0 s, status=OPTIMAL)
[ Info: slice 2, lp_score: 5377.0, primal_bound: 5378.0
[ Info: new_scs: [37]
[ Info: lp_scores: [5378.0]
[ Info: lp_scores: 5378.0
[ Info: current num of unfinished slices: 23, finished slices: 9
                      ┌                                        ┐ 
                   37 ┤■■■■■■■■■■■■ 1                            
                   38 ┤■■■■■■■■■■■■ 1                            
                   39 ┤ 0                                        
                   40 ┤ 0                                        
                   41 ┤ 0                                        
                   42 ┤■■■■■■■■■■■■■■■■■■■■■■■■■ 2               
                   43 ┤■■■■■■■■■■■■ 1                            
                   44 ┤■■■■■■■■■■■■ 1                            
                   45 ┤■■■■■■■■■■■■ 1                            
                   46 ┤■■■■■■■■■■■■■■■■■■■■■■■■■ 2               
                   47 ┤■■■■■■■■■■■■ 1                            
   sc, target = 31 48 ┤■■■■■■■■■■■■ 1                            
                   49 ┤■■■■■■■■■■■■ 1                            
                   50 ┤ 0                                        
                   51 ┤■■■■■■■■■■■■ 1                            
                   52 ┤■■■■■■■■■■■■■■■■■■■■■■■■■■■■■■■■■■■■■ 3   
                   53 ┤■■■■■■■■■■■■ 1                            
                   54 ┤■■■■■■■■■■■■ 1                            
                   55 ┤ 0                                        
                   56 ┤ 0                                        
                   57 ┤■■■■■■■■■■■■■■■■■■■■■■■■■■■■■■■■■■■■■ 3   
                   58 ┤ 0                                        
                   59 ┤■■■■■■■■■■■■ 1                            
                   60 ┤■■■■■■■■■■■■ 1                            
                      └                                        ┘ 
                                     num of slices               
[ Info: slicing branch with sc: 37.0
[ Info: cc.sc: 37.0
region size: 10
tbl0_rows:23 filtered_rows:23
QIP_gurobi_bound: solver finished in 1.495 s (time_limit=100.0 s, status=OPTIMAL)
[ Info: slice 1, lp_score: 5378.0, primal_bound: 5378.0
QIP_gurobi_bound: solver finished in 2.185 s (time_limit=100.0 s, status=OPTIMAL)
[ Info: slice 2, lp_score: 5374.0, primal_bound: 5378.0
[ Info: new_scs: [36]
[ Info: lp_scores: [5378.0]
[ Info: lp_scores: 5378.0
[ Info: current num of unfinished slices: 23, finished slices: 9
                      ┌                                        ┐ 
                   36 ┤■■■■■■■■■■■■ 1                            
                   37 ┤ 0                                        
                   38 ┤■■■■■■■■■■■■ 1                            
                   39 ┤ 0                                        
                   40 ┤ 0                                        
                   41 ┤ 0                                        
                   42 ┤■■■■■■■■■■■■■■■■■■■■■■■■■ 2               
                   43 ┤■■■■■■■■■■■■ 1                            
                   44 ┤■■■■■■■■■■■■ 1                            
                   45 ┤■■■■■■■■■■■■ 1                            
                   46 ┤■■■■■■■■■■■■■■■■■■■■■■■■■ 2               
                   47 ┤■■■■■■■■■■■■ 1                            
   sc, target = 31 48 ┤■■■■■■■■■■■■ 1                            
                   49 ┤■■■■■■■■■■■■ 1                            
                   50 ┤ 0                                        
                   51 ┤■■■■■■■■■■■■ 1                            
                   52 ┤■■■■■■■■■■■■■■■■■■■■■■■■■■■■■■■■■■■■■ 3   
                   53 ┤■■■■■■■■■■■■ 1                            
                   54 ┤■■■■■■■■■■■■ 1                            
                   55 ┤ 0                                        
                   56 ┤ 0                                        
                   57 ┤■■■■■■■■■■■■■■■■■■■■■■■■■■■■■■■■■■■■■ 3   
                   58 ┤ 0                                        
                   59 ┤■■■■■■■■■■■■ 1                            
                   60 ┤■■■■■■■■■■■■ 1                            
                      └                                        ┘ 
                                     num of slices               
[ Info: slicing branch with sc: 36.0
[ Info: cc.sc: 36.0
region size: 10
tbl0_rows:11 filtered_rows:11
QIP_gurobi_bound: solver finished in 1.453 s (time_limit=100.0 s, status=OPTIMAL)
[ Info: slice 1, lp_score: 5375.0, primal_bound: 5378.0
QIP_gurobi_bound: solver finished in 1.493 s (time_limit=100.0 s, status=OPTIMAL)
[ Info: slice 2, lp_score: 5378.0, primal_bound: 5378.0
[ Info: new_scs: [36]
[ Info: lp_scores: [5378.0]
[ Info: lp_scores: 5378.0
[ Info: current num of unfinished slices: 23, finished slices: 9
                      ┌                                        ┐ 
                   36 ┤■■■■■■■■■■■■ 1                            
                   37 ┤ 0                                        
                   38 ┤■■■■■■■■■■■■ 1                            
                   39 ┤ 0                                        
                   40 ┤ 0                                        
                   41 ┤ 0                                        
                   42 ┤■■■■■■■■■■■■■■■■■■■■■■■■■ 2               
                   43 ┤■■■■■■■■■■■■ 1                            
                   44 ┤■■■■■■■■■■■■ 1                            
                   45 ┤■■■■■■■■■■■■ 1                            
                   46 ┤■■■■■■■■■■■■■■■■■■■■■■■■■ 2               
                   47 ┤■■■■■■■■■■■■ 1                            
   sc, target = 31 48 ┤■■■■■■■■■■■■ 1                            
                   49 ┤■■■■■■■■■■■■ 1                            
                   50 ┤ 0                                        
                   51 ┤■■■■■■■■■■■■ 1                            
                   52 ┤■■■■■■■■■■■■■■■■■■■■■■■■■■■■■■■■■■■■■ 3   
                   53 ┤■■■■■■■■■■■■ 1                            
                   54 ┤■■■■■■■■■■■■ 1                            
                   55 ┤ 0                                        
                   56 ┤ 0                                        
                   57 ┤■■■■■■■■■■■■■■■■■■■■■■■■■■■■■■■■■■■■■ 3   
                   58 ┤ 0                                        
                   59 ┤■■■■■■■■■■■■ 1                            
                   60 ┤■■■■■■■■■■■■ 1                            
                      └                                        ┘ 
                                     num of slices               
[ Info: slicing branch with sc: 36.0
[ Info: cc.sc: 36.0
region size: 10
tbl0_rows:48 filtered_rows:48
QIP_gurobi_bound: solver finished in 1.461 s (time_limit=100.0 s, status=OPTIMAL)
[ Info: slice 1, lp_score: 5376.0, primal_bound: 5378.0
QIP_gurobi_bound: solver finished in 1.425 s (time_limit=100.0 s, status=OPTIMAL)
[ Info: slice 2, lp_score: 5378.0, primal_bound: 5378.0
[ Info: new_scs: [34]
[ Info: lp_scores: [5378.0]
[ Info: lp_scores: 5378.0
[ Info: current num of unfinished slices: 23, finished slices: 9
                      ┌                                        ┐ 
                   34 ┤■■■■■■■■■■■■ 1                            
                   35 ┤ 0                                        
                   36 ┤ 0                                        
                   37 ┤ 0                                        
                   38 ┤■■■■■■■■■■■■ 1                            
                   39 ┤ 0                                        
                   40 ┤ 0                                        
                   41 ┤ 0                                        
                   42 ┤■■■■■■■■■■■■■■■■■■■■■■■■■ 2               
                   43 ┤■■■■■■■■■■■■ 1                            
                   44 ┤■■■■■■■■■■■■ 1                            
                   45 ┤■■■■■■■■■■■■ 1                            
                   46 ┤■■■■■■■■■■■■■■■■■■■■■■■■■ 2               
   sc, target = 31 47 ┤■■■■■■■■■■■■ 1                            
                   48 ┤■■■■■■■■■■■■ 1                            
                   49 ┤■■■■■■■■■■■■ 1                            
                   50 ┤ 0                                        
                   51 ┤■■■■■■■■■■■■ 1                            
                   52 ┤■■■■■■■■■■■■■■■■■■■■■■■■■■■■■■■■■■■■■ 3   
                   53 ┤■■■■■■■■■■■■ 1                            
                   54 ┤■■■■■■■■■■■■ 1                            
                   55 ┤ 0                                        
                   56 ┤ 0                                        
                   57 ┤■■■■■■■■■■■■■■■■■■■■■■■■■■■■■■■■■■■■■ 3   
                   58 ┤ 0                                        
                   59 ┤■■■■■■■■■■■■ 1                            
                   60 ┤■■■■■■■■■■■■ 1                            
                      └                                        ┘ 
                                     num of slices               
[ Info: slicing branch with sc: 34.0
[ Info: cc.sc: 34.0
region size: 10
tbl0_rows:36 filtered_rows:36
QIP_gurobi_bound: solver finished in 1.435 s (time_limit=100.0 s, status=OPTIMAL)
[ Info: slice 1, lp_score: 5378.0, primal_bound: 5378.0
QIP_gurobi_bound: solver finished in 1.344 s (time_limit=100.0 s, status=OPTIMAL)
[ Info: slice 2, lp_score: 5370.0, primal_bound: 5378.0
[ Info: new_scs: [33]
[ Info: lp_scores: [5378.0]
[ Info: lp_scores: 5378.0
[ Info: current num of unfinished slices: 23, finished slices: 9
                      ┌                                        ┐ 
                   33 ┤■■■■■■■■■■■■ 1                            
                   34 ┤ 0                                        
                   35 ┤ 0                                        
                   36 ┤ 0                                        
                   37 ┤ 0                                        
                   38 ┤■■■■■■■■■■■■ 1                            
                   39 ┤ 0                                        
                   40 ┤ 0                                        
                   41 ┤ 0                                        
                   42 ┤■■■■■■■■■■■■■■■■■■■■■■■■■ 2               
                   43 ┤■■■■■■■■■■■■ 1                            
                   44 ┤■■■■■■■■■■■■ 1                            
                   45 ┤■■■■■■■■■■■■ 1                            
   sc, target = 31 46 ┤■■■■■■■■■■■■■■■■■■■■■■■■■ 2               
                   47 ┤■■■■■■■■■■■■ 1                            
                   48 ┤■■■■■■■■■■■■ 1                            
                   49 ┤■■■■■■■■■■■■ 1                            
                   50 ┤ 0                                        
                   51 ┤■■■■■■■■■■■■ 1                            
                   52 ┤■■■■■■■■■■■■■■■■■■■■■■■■■■■■■■■■■■■■■ 3   
                   53 ┤■■■■■■■■■■■■ 1                            
                   54 ┤■■■■■■■■■■■■ 1                            
                   55 ┤ 0                                        
                   56 ┤ 0                                        
                   57 ┤■■■■■■■■■■■■■■■■■■■■■■■■■■■■■■■■■■■■■ 3   
                   58 ┤ 0                                        
                   59 ┤■■■■■■■■■■■■ 1                            
                   60 ┤■■■■■■■■■■■■ 1                            
                      └                                        ┘ 
                                     num of slices               
[ Info: slicing branch with sc: 33.0
[ Info: cc.sc: 33.0
region size: 10
tbl0_rows:30 filtered_rows:30
QIP_gurobi_bound: solver finished in 1.681 s (time_limit=100.0 s, status=OPTIMAL)
[ Info: slice 1, lp_score: 5378.0, primal_bound: 5378.0
QIP_gurobi_bound: solver finished in 1.466 s (time_limit=100.0 s, status=OPTIMAL)
[ Info: slice 2, lp_score: 5376.0, primal_bound: 5378.0
[ Info: new_scs: [32]
[ Info: lp_scores: [5378.0]
[ Info: lp_scores: 5378.0
[ Info: current num of unfinished slices: 23, finished slices: 9
                      ┌                                        ┐ 
                   32 ┤■■■■■■■■■■■■ 1                            
                   33 ┤ 0                                        
                   34 ┤ 0                                        
                   35 ┤ 0                                        
                   36 ┤ 0                                        
                   37 ┤ 0                                        
                   38 ┤■■■■■■■■■■■■ 1                            
                   39 ┤ 0                                        
                   40 ┤ 0                                        
                   41 ┤ 0                                        
                   42 ┤■■■■■■■■■■■■■■■■■■■■■■■■■ 2               
                   43 ┤■■■■■■■■■■■■ 1                            
                   44 ┤■■■■■■■■■■■■ 1                            
                   45 ┤■■■■■■■■■■■■ 1                            
   sc, target = 31 46 ┤■■■■■■■■■■■■■■■■■■■■■■■■■ 2               
                   47 ┤■■■■■■■■■■■■ 1                            
                   48 ┤■■■■■■■■■■■■ 1                            
                   49 ┤■■■■■■■■■■■■ 1                            
                   50 ┤ 0                                        
                   51 ┤■■■■■■■■■■■■ 1                            
                   52 ┤■■■■■■■■■■■■■■■■■■■■■■■■■■■■■■■■■■■■■ 3   
                   53 ┤■■■■■■■■■■■■ 1                            
                   54 ┤■■■■■■■■■■■■ 1                            
                   55 ┤ 0                                        
                   56 ┤ 0                                        
                   57 ┤■■■■■■■■■■■■■■■■■■■■■■■■■■■■■■■■■■■■■ 3   
                   58 ┤ 0                                        
                   59 ┤■■■■■■■■■■■■ 1                            
                   60 ┤■■■■■■■■■■■■ 1                            
                      └                                        ┘ 
                                     num of slices               
[ Info: slicing branch with sc: 32.0
[ Info: cc.sc: 32.0
region size: 10
tbl0_rows:33 filtered_rows:33
QIP_gurobi_bound: solver finished in 1.371 s (time_limit=100.0 s, status=OPTIMAL)
[ Info: slice 1, lp_score: 5375.0, primal_bound: 5378.0
QIP_gurobi_bound: solver finished in 1.474 s (time_limit=100.0 s, status=OPTIMAL)
[ Info: slice 2, lp_score: 5378.0, primal_bound: 5378.0
QIP_gurobi_bound: solver finished in 1.41 s (time_limit=100.0 s, status=OPTIMAL)
[ Info: slice 3, lp_score: 5376.0, primal_bound: 5378.0
[ Info: new_scs: [31]
[ Info: lp_scores: [5378.0]
[ Info: lp_scores: 5378.0
[ Info: current num of unfinished slices: 23, finished slices: 9
                      ┌                                        ┐ 
                   31 ┤■■■■■■■■■■■■ 1                            
                   32 ┤ 0                                        
                   33 ┤ 0                                        
                   34 ┤ 0                                        
                   35 ┤ 0                                        
                   36 ┤ 0                                        
                   37 ┤ 0                                        
                   38 ┤■■■■■■■■■■■■ 1                            
                   39 ┤ 0                                        
                   40 ┤ 0                                        
                   41 ┤ 0                                        
                   42 ┤■■■■■■■■■■■■■■■■■■■■■■■■■ 2               
                   43 ┤■■■■■■■■■■■■ 1                            
                   44 ┤■■■■■■■■■■■■ 1                            
   sc, target = 31 45 ┤■■■■■■■■■■■■ 1                            
                   46 ┤■■■■■■■■■■■■■■■■■■■■■■■■■ 2               
                   47 ┤■■■■■■■■■■■■ 1                            
                   48 ┤■■■■■■■■■■■■ 1                            
                   49 ┤■■■■■■■■■■■■ 1                            
                   50 ┤ 0                                        
                   51 ┤■■■■■■■■■■■■ 1                            
                   52 ┤■■■■■■■■■■■■■■■■■■■■■■■■■■■■■■■■■■■■■ 3   
                   53 ┤■■■■■■■■■■■■ 1                            
                   54 ┤■■■■■■■■■■■■ 1                            
                   55 ┤ 0                                        
                   56 ┤ 0                                        
                   57 ┤■■■■■■■■■■■■■■■■■■■■■■■■■■■■■■■■■■■■■ 3   
                   58 ┤ 0                                        
                   59 ┤■■■■■■■■■■■■ 1                            
                   60 ┤■■■■■■■■■■■■ 1                            
                      └                                        ┘ 
                                     num of slices               
[ Info: slicing branch with sc: 31.0
  [slice produced] sc=31.0 tc=45.499843761766314 nv=3551 ne=6931 r=52.5
QIP_value_gurobi: solver finished in 1.491 s (time_limit=604800.0 s, status=OPTIMAL)
[ Info: feasible solution: 5378.0, primal bound: 5378.0
[ Info: current num of unfinished slices: 22, finished slices: 10
                      ┌                                        ┐ 
                   38 ┤■■■■■■■■■■■■ 1                            
                   39 ┤ 0                                        
                   40 ┤ 0                                        
                   41 ┤ 0                                        
                   42 ┤■■■■■■■■■■■■■■■■■■■■■■■■■ 2               
                   43 ┤■■■■■■■■■■■■ 1                            
                   44 ┤■■■■■■■■■■■■ 1                            
                   45 ┤■■■■■■■■■■■■ 1                            
                   46 ┤■■■■■■■■■■■■■■■■■■■■■■■■■ 2               
                   47 ┤■■■■■■■■■■■■ 1                            
                   48 ┤■■■■■■■■■■■■ 1                            
   sc, target = 31 49 ┤■■■■■■■■■■■■ 1                            
                   50 ┤ 0                                        
                   51 ┤■■■■■■■■■■■■ 1                            
                   52 ┤■■■■■■■■■■■■■■■■■■■■■■■■■■■■■■■■■■■■■ 3   
                   53 ┤■■■■■■■■■■■■ 1                            
                   54 ┤■■■■■■■■■■■■ 1                            
                   55 ┤ 0                                        
                   56 ┤ 0                                        
                   57 ┤■■■■■■■■■■■■■■■■■■■■■■■■■■■■■■■■■■■■■ 3   
                   58 ┤ 0                                        
                   59 ┤■■■■■■■■■■■■ 1                            
                   60 ┤■■■■■■■■■■■■ 1                            
                      └                                        ┘ 
                                     num of slices               
[ Info: slicing branch with sc: 38.0
[ Info: cc.sc: 38.0
region size: 10
tbl0_rows:50 filtered_rows:50
QIP_gurobi_bound: solver finished in 1.521 s (time_limit=100.0 s, status=OPTIMAL)
[ Info: slice 1, lp_score: 5378.0, primal_bound: 5378.0
QIP_gurobi_bound: solver finished in 1.242 s (time_limit=100.0 s, status=OPTIMAL)
[ Info: slice 2, lp_score: 5378.0, primal_bound: 5378.0
[ Info: new_scs: [37, 37]
[ Info: lp_scores: [5378.0, 5378.0]
[ Info: lp_scores: 5378.0
[ Info: lp_scores: 5378.0
[ Info: current num of unfinished slices: 23, finished slices: 10
                      ┌                                        ┐ 
                   37 ┤■■■■■■■■■■■■■■■■■■■■■■■■■ 2               
                   38 ┤ 0                                        
                   39 ┤ 0                                        
                   40 ┤ 0                                        
                   41 ┤ 0                                        
                   42 ┤■■■■■■■■■■■■■■■■■■■■■■■■■ 2               
                   43 ┤■■■■■■■■■■■■ 1                            
                   44 ┤■■■■■■■■■■■■ 1                            
                   45 ┤■■■■■■■■■■■■ 1                            
                   46 ┤■■■■■■■■■■■■■■■■■■■■■■■■■ 2               
                   47 ┤■■■■■■■■■■■■ 1                            
   sc, target = 31 48 ┤■■■■■■■■■■■■ 1                            
                   49 ┤■■■■■■■■■■■■ 1                            
                   50 ┤ 0                                        
                   51 ┤■■■■■■■■■■■■ 1                            
                   52 ┤■■■■■■■■■■■■■■■■■■■■■■■■■■■■■■■■■■■■■ 3   
                   53 ┤■■■■■■■■■■■■ 1                            
                   54 ┤■■■■■■■■■■■■ 1                            
                   55 ┤ 0                                        
                   56 ┤ 0                                        
                   57 ┤■■■■■■■■■■■■■■■■■■■■■■■■■■■■■■■■■■■■■ 3   
                   58 ┤ 0                                        
                   59 ┤■■■■■■■■■■■■ 1                            
                   60 ┤■■■■■■■■■■■■ 1                            
                      └                                        ┘ 
                                     num of slices               
[ Info: slicing branch with sc: 37.0
[ Info: cc.sc: 37.0
region size: 10
tbl0_rows:56 filtered_rows:56
QIP_gurobi_bound: solver finished in 1.525 s (time_limit=100.0 s, status=OPTIMAL)
[ Info: slice 1, lp_score: 5378.0, primal_bound: 5378.0
QIP_gurobi_bound: solver finished in 1.64 s (time_limit=100.0 s, status=OPTIMAL)
[ Info: slice 2, lp_score: 5377.0, primal_bound: 5378.0
[ Info: new_scs: [36]
[ Info: lp_scores: [5378.0]
[ Info: lp_scores: 5378.0
[ Info: current num of unfinished slices: 23, finished slices: 10
                      ┌                                        ┐ 
                   36 ┤■■■■■■■■■■■■ 1                            
                   37 ┤■■■■■■■■■■■■ 1                            
                   38 ┤ 0                                        
                   39 ┤ 0                                        
                   40 ┤ 0                                        
                   41 ┤ 0                                        
                   42 ┤■■■■■■■■■■■■■■■■■■■■■■■■■ 2               
                   43 ┤■■■■■■■■■■■■ 1                            
                   44 ┤■■■■■■■■■■■■ 1                            
                   45 ┤■■■■■■■■■■■■ 1                            
                   46 ┤■■■■■■■■■■■■■■■■■■■■■■■■■ 2               
                   47 ┤■■■■■■■■■■■■ 1                            
   sc, target = 31 48 ┤■■■■■■■■■■■■ 1                            
                   49 ┤■■■■■■■■■■■■ 1                            
                   50 ┤ 0                                        
                   51 ┤■■■■■■■■■■■■ 1                            
                   52 ┤■■■■■■■■■■■■■■■■■■■■■■■■■■■■■■■■■■■■■ 3   
                   53 ┤■■■■■■■■■■■■ 1                            
                   54 ┤■■■■■■■■■■■■ 1                            
                   55 ┤ 0                                        
                   56 ┤ 0                                        
                   57 ┤■■■■■■■■■■■■■■■■■■■■■■■■■■■■■■■■■■■■■ 3   
                   58 ┤ 0                                        
                   59 ┤■■■■■■■■■■■■ 1                            
                   60 ┤■■■■■■■■■■■■ 1                            
                      └                                        ┘ 
                                     num of slices               
[ Info: slicing branch with sc: 36.0
[ Info: cc.sc: 36.0
region size: 10
tbl0_rows:41 filtered_rows:41
QIP_gurobi_bound: solver finished in 1.334 s (time_limit=100.0 s, status=OPTIMAL)
[ Info: slice 1, lp_score: 5374.0, primal_bound: 5378.0
QIP_gurobi_bound: solver finished in 1.551 s (time_limit=100.0 s, status=OPTIMAL)
[ Info: slice 2, lp_score: 5378.0, primal_bound: 5378.0
[ Info: new_scs: [36]
[ Info: lp_scores: [5378.0]
[ Info: lp_scores: 5378.0
[ Info: current num of unfinished slices: 23, finished slices: 10
                      ┌                                        ┐ 
                   36 ┤■■■■■■■■■■■■ 1                            
                   37 ┤■■■■■■■■■■■■ 1                            
                   38 ┤ 0                                        
                   39 ┤ 0                                        
                   40 ┤ 0                                        
                   41 ┤ 0                                        
                   42 ┤■■■■■■■■■■■■■■■■■■■■■■■■■ 2               
                   43 ┤■■■■■■■■■■■■ 1                            
                   44 ┤■■■■■■■■■■■■ 1                            
                   45 ┤■■■■■■■■■■■■ 1                            
                   46 ┤■■■■■■■■■■■■■■■■■■■■■■■■■ 2               
                   47 ┤■■■■■■■■■■■■ 1                            
   sc, target = 31 48 ┤■■■■■■■■■■■■ 1                            
                   49 ┤■■■■■■■■■■■■ 1                            
                   50 ┤ 0                                        
                   51 ┤■■■■■■■■■■■■ 1                            
                   52 ┤■■■■■■■■■■■■■■■■■■■■■■■■■■■■■■■■■■■■■ 3   
                   53 ┤■■■■■■■■■■■■ 1                            
                   54 ┤■■■■■■■■■■■■ 1                            
                   55 ┤ 0                                        
                   56 ┤ 0                                        
                   57 ┤■■■■■■■■■■■■■■■■■■■■■■■■■■■■■■■■■■■■■ 3   
                   58 ┤ 0                                        
                   59 ┤■■■■■■■■■■■■ 1                            
                   60 ┤■■■■■■■■■■■■ 1                            
                      └                                        ┘ 
                                     num of slices               
[ Info: slicing branch with sc: 36.0
[ Info: cc.sc: 36.0
region size: 10
tbl0_rows:57 filtered_rows:57
QIP_gurobi_bound: solver finished in 1.402 s (time_limit=100.0 s, status=OPTIMAL)
[ Info: slice 1, lp_score: 5378.0, primal_bound: 5378.0
QIP_gurobi_bound: solver finished in 1.446 s (time_limit=100.0 s, status=OPTIMAL)
[ Info: slice 2, lp_score: 5378.0, primal_bound: 5378.0
[ Info: new_scs: [35, 35]
[ Info: lp_scores: [5378.0, 5378.0]
[ Info: lp_scores: 5378.0
[ Info: lp_scores: 5378.0
[ Info: current num of unfinished slices: 24, finished slices: 10
                      ┌                                        ┐ 
                   35 ┤■■■■■■■■■■■■■■■■■■■■■■■■■ 2               
                   36 ┤ 0                                        
                   37 ┤■■■■■■■■■■■■ 1                            
                   38 ┤ 0                                        
                   39 ┤ 0                                        
                   40 ┤ 0                                        
                   41 ┤ 0                                        
                   42 ┤■■■■■■■■■■■■■■■■■■■■■■■■■ 2               
                   43 ┤■■■■■■■■■■■■ 1                            
                   44 ┤■■■■■■■■■■■■ 1                            
                   45 ┤■■■■■■■■■■■■ 1                            
                   46 ┤■■■■■■■■■■■■■■■■■■■■■■■■■ 2               
   sc, target = 31 47 ┤■■■■■■■■■■■■ 1                            
                   48 ┤■■■■■■■■■■■■ 1                            
                   49 ┤■■■■■■■■■■■■ 1                            
                   50 ┤ 0                                        
                   51 ┤■■■■■■■■■■■■ 1                            
                   52 ┤■■■■■■■■■■■■■■■■■■■■■■■■■■■■■■■■■■■■■ 3   
                   53 ┤■■■■■■■■■■■■ 1                            
                   54 ┤■■■■■■■■■■■■ 1                            
                   55 ┤ 0                                        
                   56 ┤ 0                                        
                   57 ┤■■■■■■■■■■■■■■■■■■■■■■■■■■■■■■■■■■■■■ 3   
                   58 ┤ 0                                        
                   59 ┤■■■■■■■■■■■■ 1                            
                   60 ┤■■■■■■■■■■■■ 1                            
                      └                                        ┘ 
                                     num of slices               
[ Info: slicing branch with sc: 35.0
[ Info: cc.sc: 35.0
region size: 10
tbl0_rows:11 filtered_rows:11
QIP_gurobi_bound: solver finished in 1.354 s (time_limit=100.0 s, status=OPTIMAL)
[ Info: slice 1, lp_score: 5378.0, primal_bound: 5378.0
QIP_gurobi_bound: solver finished in 1.462 s (time_limit=100.0 s, status=OPTIMAL)
[ Info: slice 2, lp_score: 5375.0, primal_bound: 5378.0
[ Info: new_scs: [34]
[ Info: lp_scores: [5378.0]
[ Info: lp_scores: 5378.0
[ Info: current num of unfinished slices: 24, finished slices: 10
                      ┌                                        ┐ 
                   34 ┤■■■■■■■■■■■■ 1                            
                   35 ┤■■■■■■■■■■■■ 1                            
                   36 ┤ 0                                        
                   37 ┤■■■■■■■■■■■■ 1                            
                   38 ┤ 0                                        
                   39 ┤ 0                                        
                   40 ┤ 0                                        
                   41 ┤ 0                                        
                   42 ┤■■■■■■■■■■■■■■■■■■■■■■■■■ 2               
                   43 ┤■■■■■■■■■■■■ 1                            
                   44 ┤■■■■■■■■■■■■ 1                            
                   45 ┤■■■■■■■■■■■■ 1                            
                   46 ┤■■■■■■■■■■■■■■■■■■■■■■■■■ 2               
   sc, target = 31 47 ┤■■■■■■■■■■■■ 1                            
                   48 ┤■■■■■■■■■■■■ 1                            
                   49 ┤■■■■■■■■■■■■ 1                            
                   50 ┤ 0                                        
                   51 ┤■■■■■■■■■■■■ 1                            
                   52 ┤■■■■■■■■■■■■■■■■■■■■■■■■■■■■■■■■■■■■■ 3   
                   53 ┤■■■■■■■■■■■■ 1                            
                   54 ┤■■■■■■■■■■■■ 1                            
                   55 ┤ 0                                        
                   56 ┤ 0                                        
                   57 ┤■■■■■■■■■■■■■■■■■■■■■■■■■■■■■■■■■■■■■ 3   
                   58 ┤ 0                                        
                   59 ┤■■■■■■■■■■■■ 1                            
                   60 ┤■■■■■■■■■■■■ 1                            
                      └                                        ┘ 
                                     num of slices               
[ Info: slicing branch with sc: 34.0
[ Info: cc.sc: 34.0
region size: 10
tbl0_rows:36 filtered_rows:36
QIP_gurobi_bound: solver finished in 1.404 s (time_limit=100.0 s, status=OPTIMAL)
[ Info: slice 1, lp_score: 5370.0, primal_bound: 5378.0
QIP_gurobi_bound: solver finished in 1.43 s (time_limit=100.0 s, status=OPTIMAL)
[ Info: slice 2, lp_score: 5378.0, primal_bound: 5378.0
[ Info: new_scs: [33]
[ Info: lp_scores: [5378.0]
[ Info: lp_scores: 5378.0
[ Info: current num of unfinished slices: 24, finished slices: 10
                      ┌                                        ┐ 
                   33 ┤■■■■■■■■■■■■ 1                            
                   34 ┤ 0                                        
                   35 ┤■■■■■■■■■■■■ 1                            
                   36 ┤ 0                                        
                   37 ┤■■■■■■■■■■■■ 1                            
                   38 ┤ 0                                        
                   39 ┤ 0                                        
                   40 ┤ 0                                        
                   41 ┤ 0                                        
                   42 ┤■■■■■■■■■■■■■■■■■■■■■■■■■ 2               
                   43 ┤■■■■■■■■■■■■ 1                            
                   44 ┤■■■■■■■■■■■■ 1                            
                   45 ┤■■■■■■■■■■■■ 1                            
   sc, target = 31 46 ┤■■■■■■■■■■■■■■■■■■■■■■■■■ 2               
                   47 ┤■■■■■■■■■■■■ 1                            
                   48 ┤■■■■■■■■■■■■ 1                            
                   49 ┤■■■■■■■■■■■■ 1                            
                   50 ┤ 0                                        
                   51 ┤■■■■■■■■■■■■ 1                            
                   52 ┤■■■■■■■■■■■■■■■■■■■■■■■■■■■■■■■■■■■■■ 3   
                   53 ┤■■■■■■■■■■■■ 1                            
                   54 ┤■■■■■■■■■■■■ 1                            
                   55 ┤ 0                                        
                   56 ┤ 0                                        
                   57 ┤■■■■■■■■■■■■■■■■■■■■■■■■■■■■■■■■■■■■■ 3   
                   58 ┤ 0                                        
                   59 ┤■■■■■■■■■■■■ 1                            
                   60 ┤■■■■■■■■■■■■ 1                            
                      └                                        ┘ 
                                     num of slices               
[ Info: slicing branch with sc: 33.0
[ Info: cc.sc: 33.0
region size: 10
tbl0_rows:62 filtered_rows:62
QIP_gurobi_bound: solver finished in 1.46 s (time_limit=100.0 s, status=OPTIMAL)
[ Info: slice 1, lp_score: 5378.0, primal_bound: 5378.0
QIP_gurobi_bound: solver finished in 1.235 s (time_limit=100.0 s, status=OPTIMAL)
[ Info: slice 2, lp_score: 5378.0, primal_bound: 5378.0
[ Info: new_scs: [32, 32]
[ Info: lp_scores: [5378.0, 5378.0]
[ Info: lp_scores: 5378.0
[ Info: lp_scores: 5378.0
[ Info: current num of unfinished slices: 25, finished slices: 10
                      ┌                                        ┐ 
                   32 ┤■■■■■■■■■■■■■■■■■■■■■■■■■ 2               
                   33 ┤ 0                                        
                   34 ┤ 0                                        
                   35 ┤■■■■■■■■■■■■ 1                            
                   36 ┤ 0                                        
                   37 ┤■■■■■■■■■■■■ 1                            
                   38 ┤ 0                                        
                   39 ┤ 0                                        
                   40 ┤ 0                                        
                   41 ┤ 0                                        
                   42 ┤■■■■■■■■■■■■■■■■■■■■■■■■■ 2               
                   43 ┤■■■■■■■■■■■■ 1                            
                   44 ┤■■■■■■■■■■■■ 1                            
                   45 ┤■■■■■■■■■■■■ 1                            
   sc, target = 31 46 ┤■■■■■■■■■■■■■■■■■■■■■■■■■ 2               
                   47 ┤■■■■■■■■■■■■ 1                            
                   48 ┤■■■■■■■■■■■■ 1                            
                   49 ┤■■■■■■■■■■■■ 1                            
                   50 ┤ 0                                        
                   51 ┤■■■■■■■■■■■■ 1                            
                   52 ┤■■■■■■■■■■■■■■■■■■■■■■■■■■■■■■■■■■■■■ 3   
                   53 ┤■■■■■■■■■■■■ 1                            
                   54 ┤■■■■■■■■■■■■ 1                            
                   55 ┤ 0                                        
                   56 ┤ 0                                        
                   57 ┤■■■■■■■■■■■■■■■■■■■■■■■■■■■■■■■■■■■■■ 3   
                   58 ┤ 0                                        
                   59 ┤■■■■■■■■■■■■ 1                            
                   60 ┤■■■■■■■■■■■■ 1                            
                      └                                        ┘ 
                                     num of slices               
[ Info: slicing branch with sc: 32.0
[ Info: cc.sc: 32.0
region size: 10
tbl0_rows:30 filtered_rows:30
QIP_gurobi_bound: solver finished in 1.678 s (time_limit=100.0 s, status=OPTIMAL)
[ Info: slice 1, lp_score: 5378.0, primal_bound: 5378.0
QIP_gurobi_bound: solver finished in 1.391 s (time_limit=100.0 s, status=OPTIMAL)
[ Info: slice 2, lp_score: 5376.0, primal_bound: 5378.0
[ Info: new_scs: [31]
[ Info: lp_scores: [5378.0]
[ Info: lp_scores: 5378.0
[ Info: current num of unfinished slices: 25, finished slices: 10
                      ┌                                        ┐ 
                   31 ┤■■■■■■■■■■■■ 1                            
                   32 ┤■■■■■■■■■■■■ 1                            
                   33 ┤ 0                                        
                   34 ┤ 0                                        
                   35 ┤■■■■■■■■■■■■ 1                            
                   36 ┤ 0                                        
                   37 ┤■■■■■■■■■■■■ 1                            
                   38 ┤ 0                                        
                   39 ┤ 0                                        
                   40 ┤ 0                                        
                   41 ┤ 0                                        
                   42 ┤■■■■■■■■■■■■■■■■■■■■■■■■■ 2               
                   43 ┤■■■■■■■■■■■■ 1                            
                   44 ┤■■■■■■■■■■■■ 1                            
   sc, target = 31 45 ┤■■■■■■■■■■■■ 1                            
                   46 ┤■■■■■■■■■■■■■■■■■■■■■■■■■ 2               
                   47 ┤■■■■■■■■■■■■ 1                            
                   48 ┤■■■■■■■■■■■■ 1                            
                   49 ┤■■■■■■■■■■■■ 1                            
                   50 ┤ 0                                        
                   51 ┤■■■■■■■■■■■■ 1                            
                   52 ┤■■■■■■■■■■■■■■■■■■■■■■■■■■■■■■■■■■■■■ 3   
                   53 ┤■■■■■■■■■■■■ 1                            
                   54 ┤■■■■■■■■■■■■ 1                            
                   55 ┤ 0                                        
                   56 ┤ 0                                        
                   57 ┤■■■■■■■■■■■■■■■■■■■■■■■■■■■■■■■■■■■■■ 3   
                   58 ┤ 0                                        
                   59 ┤■■■■■■■■■■■■ 1                            
                   60 ┤■■■■■■■■■■■■ 1                            
                      └                                        ┘ 
                                     num of slices               
[ Info: slicing branch with sc: 31.0
  [slice produced] sc=31.0 tc=45.098040874365 nv=3552 ne=6933 r=50.0
QIP_value_gurobi: solver finished in 1.47 s (time_limit=604800.0 s, status=OPTIMAL)
[ Info: feasible solution: 5378.0, primal bound: 5378.0
[ Info: current num of unfinished slices: 24, finished slices: 11
                      ┌                                        ┐ 
                   32 ┤■■■■■■■■■■■■ 1                            
                   33 ┤ 0                                        
                   34 ┤ 0                                        
                   35 ┤■■■■■■■■■■■■ 1                            
                   36 ┤ 0                                        
                   37 ┤■■■■■■■■■■■■ 1                            
                   38 ┤ 0                                        
                   39 ┤ 0                                        
                   40 ┤ 0                                        
                   41 ┤ 0                                        
                   42 ┤■■■■■■■■■■■■■■■■■■■■■■■■■ 2               
                   43 ┤■■■■■■■■■■■■ 1                            
                   44 ┤■■■■■■■■■■■■ 1                            
                   45 ┤■■■■■■■■■■■■ 1                            
   sc, target = 31 46 ┤■■■■■■■■■■■■■■■■■■■■■■■■■ 2               
                   47 ┤■■■■■■■■■■■■ 1                            
                   48 ┤■■■■■■■■■■■■ 1                            
                   49 ┤■■■■■■■■■■■■ 1                            
                   50 ┤ 0                                        
                   51 ┤■■■■■■■■■■■■ 1                            
                   52 ┤■■■■■■■■■■■■■■■■■■■■■■■■■■■■■■■■■■■■■ 3   
                   53 ┤■■■■■■■■■■■■ 1                            
                   54 ┤■■■■■■■■■■■■ 1                            
                   55 ┤ 0                                        
                   56 ┤ 0                                        
                   57 ┤■■■■■■■■■■■■■■■■■■■■■■■■■■■■■■■■■■■■■ 3   
                   58 ┤ 0                                        
                   59 ┤■■■■■■■■■■■■ 1                            
                   60 ┤■■■■■■■■■■■■ 1                            
                      └                                        ┘ 
                                     num of slices               
[ Info: slicing branch with sc: 32.0
[ Info: cc.sc: 32.0
region size: 10
tbl0_rows:30 filtered_rows:30
QIP_gurobi_bound: solver finished in 1.737 s (time_limit=100.0 s, status=OPTIMAL)
[ Info: slice 1, lp_score: 5378.0, primal_bound: 5378.0
QIP_gurobi_bound: solver finished in 1.478 s (time_limit=100.0 s, status=OPTIMAL)
[ Info: slice 2, lp_score: 5376.0, primal_bound: 5378.0
[ Info: new_scs: [31]
[ Info: lp_scores: [5378.0]
[ Info: lp_scores: 5378.0
[ Info: current num of unfinished slices: 24, finished slices: 11
                      ┌                                        ┐ 
                   31 ┤■■■■■■■■■■■■ 1                            
                   32 ┤ 0                                        
                   33 ┤ 0                                        
                   34 ┤ 0                                        
                   35 ┤■■■■■■■■■■■■ 1                            
                   36 ┤ 0                                        
                   37 ┤■■■■■■■■■■■■ 1                            
                   38 ┤ 0                                        
                   39 ┤ 0                                        
                   40 ┤ 0                                        
                   41 ┤ 0                                        
                   42 ┤■■■■■■■■■■■■■■■■■■■■■■■■■ 2               
                   43 ┤■■■■■■■■■■■■ 1                            
                   44 ┤■■■■■■■■■■■■ 1                            
   sc, target = 31 45 ┤■■■■■■■■■■■■ 1                            
                   46 ┤■■■■■■■■■■■■■■■■■■■■■■■■■ 2               
                   47 ┤■■■■■■■■■■■■ 1                            
                   48 ┤■■■■■■■■■■■■ 1                            
                   49 ┤■■■■■■■■■■■■ 1                            
                   50 ┤ 0                                        
                   51 ┤■■■■■■■■■■■■ 1                            
                   52 ┤■■■■■■■■■■■■■■■■■■■■■■■■■■■■■■■■■■■■■ 3   
                   53 ┤■■■■■■■■■■■■ 1                            
                   54 ┤■■■■■■■■■■■■ 1                            
                   55 ┤ 0                                        
                   56 ┤ 0                                        
                   57 ┤■■■■■■■■■■■■■■■■■■■■■■■■■■■■■■■■■■■■■ 3   
                   58 ┤ 0                                        
                   59 ┤■■■■■■■■■■■■ 1                            
                   60 ┤■■■■■■■■■■■■ 1                            
                      └                                        ┘ 
                                     num of slices               
[ Info: slicing branch with sc: 31.0
  [slice produced] sc=31.0 tc=45.651507686987436 nv=3552 ne=6933 r=49.0
QIP_value_gurobi: solver finished in 1.854 s (time_limit=604800.0 s, status=OPTIMAL)
[ Info: feasible solution: 5378.0, primal bound: 5378.0
[ Info: current num of unfinished slices: 23, finished slices: 12
                      ┌                                        ┐ 
                   35 ┤■■■■■■■■■■■■ 1                            
                   36 ┤ 0                                        
                   37 ┤■■■■■■■■■■■■ 1                            
                   38 ┤ 0                                        
                   39 ┤ 0                                        
                   40 ┤ 0                                        
                   41 ┤ 0                                        
                   42 ┤■■■■■■■■■■■■■■■■■■■■■■■■■ 2               
                   43 ┤■■■■■■■■■■■■ 1                            
                   44 ┤■■■■■■■■■■■■ 1                            
                   45 ┤■■■■■■■■■■■■ 1                            
                   46 ┤■■■■■■■■■■■■■■■■■■■■■■■■■ 2               
   sc, target = 31 47 ┤■■■■■■■■■■■■ 1                            
                   48 ┤■■■■■■■■■■■■ 1                            
                   49 ┤■■■■■■■■■■■■ 1                            
                   50 ┤ 0                                        
                   51 ┤■■■■■■■■■■■■ 1                            
                   52 ┤■■■■■■■■■■■■■■■■■■■■■■■■■■■■■■■■■■■■■ 3   
                   53 ┤■■■■■■■■■■■■ 1                            
                   54 ┤■■■■■■■■■■■■ 1                            
                   55 ┤ 0                                        
                   56 ┤ 0                                        
                   57 ┤■■■■■■■■■■■■■■■■■■■■■■■■■■■■■■■■■■■■■ 3   
                   58 ┤ 0                                        
                   59 ┤■■■■■■■■■■■■ 1                            
                   60 ┤■■■■■■■■■■■■ 1                            
                      └                                        ┘ 
                                     num of slices               
[ Info: slicing branch with sc: 35.0
[ Info: cc.sc: 35.0
region size: 10
tbl0_rows:11 filtered_rows:11
QIP_gurobi_bound: solver finished in 1.4 s (time_limit=100.0 s, status=OPTIMAL)
[ Info: slice 1, lp_score: 5378.0, primal_bound: 5378.0
QIP_gurobi_bound: solver finished in 4.699 s (time_limit=100.0 s, status=OPTIMAL)
[ Info: slice 2, lp_score: 5375.0, primal_bound: 5378.0
[ Info: new_scs: [34]
[ Info: lp_scores: [5378.0]
[ Info: lp_scores: 5378.0
[ Info: current num of unfinished slices: 23, finished slices: 12
                      ┌                                        ┐ 
                   34 ┤■■■■■■■■■■■■ 1                            
                   35 ┤ 0                                        
                   36 ┤ 0                                        
                   37 ┤■■■■■■■■■■■■ 1                            
                   38 ┤ 0                                        
                   39 ┤ 0                                        
                   40 ┤ 0                                        
                   41 ┤ 0                                        
                   42 ┤■■■■■■■■■■■■■■■■■■■■■■■■■ 2               
                   43 ┤■■■■■■■■■■■■ 1                            
                   44 ┤■■■■■■■■■■■■ 1                            
                   45 ┤■■■■■■■■■■■■ 1                            
                   46 ┤■■■■■■■■■■■■■■■■■■■■■■■■■ 2               
   sc, target = 31 47 ┤■■■■■■■■■■■■ 1                            
                   48 ┤■■■■■■■■■■■■ 1                            
                   49 ┤■■■■■■■■■■■■ 1                            
                   50 ┤ 0                                        
                   51 ┤■■■■■■■■■■■■ 1                            
                   52 ┤■■■■■■■■■■■■■■■■■■■■■■■■■■■■■■■■■■■■■ 3   
                   53 ┤■■■■■■■■■■■■ 1                            
                   54 ┤■■■■■■■■■■■■ 1                            
                   55 ┤ 0                                        
                   56 ┤ 0                                        
                   57 ┤■■■■■■■■■■■■■■■■■■■■■■■■■■■■■■■■■■■■■ 3   
                   58 ┤ 0                                        
                   59 ┤■■■■■■■■■■■■ 1                            
                   60 ┤■■■■■■■■■■■■ 1                            
                      └                                        ┘ 
                                     num of slices               
[ Info: slicing branch with sc: 34.0
[ Info: cc.sc: 34.0
region size: 10
tbl0_rows:36 filtered_rows:36
QIP_gurobi_bound: solver finished in 1.36 s (time_limit=100.0 s, status=OPTIMAL)
[ Info: slice 1, lp_score: 5370.0, primal_bound: 5378.0
QIP_gurobi_bound: solver finished in 1.485 s (time_limit=100.0 s, status=OPTIMAL)
[ Info: slice 2, lp_score: 5378.0, primal_bound: 5378.0
[ Info: new_scs: [33]
[ Info: lp_scores: [5378.0]
[ Info: lp_scores: 5378.0
[ Info: current num of unfinished slices: 23, finished slices: 12
                      ┌                                        ┐ 
                   33 ┤■■■■■■■■■■■■ 1                            
                   34 ┤ 0                                        
                   35 ┤ 0                                        
                   36 ┤ 0                                        
                   37 ┤■■■■■■■■■■■■ 1                            
                   38 ┤ 0                                        
                   39 ┤ 0                                        
                   40 ┤ 0                                        
                   41 ┤ 0                                        
                   42 ┤■■■■■■■■■■■■■■■■■■■■■■■■■ 2               
                   43 ┤■■■■■■■■■■■■ 1                            
                   44 ┤■■■■■■■■■■■■ 1                            
                   45 ┤■■■■■■■■■■■■ 1                            
   sc, target = 31 46 ┤■■■■■■■■■■■■■■■■■■■■■■■■■ 2               
                   47 ┤■■■■■■■■■■■■ 1                            
                   48 ┤■■■■■■■■■■■■ 1                            
                   49 ┤■■■■■■■■■■■■ 1                            
                   50 ┤ 0                                        
                   51 ┤■■■■■■■■■■■■ 1                            
                   52 ┤■■■■■■■■■■■■■■■■■■■■■■■■■■■■■■■■■■■■■ 3   
                   53 ┤■■■■■■■■■■■■ 1                            
                   54 ┤■■■■■■■■■■■■ 1                            
                   55 ┤ 0                                        
                   56 ┤ 0                                        
                   57 ┤■■■■■■■■■■■■■■■■■■■■■■■■■■■■■■■■■■■■■ 3   
                   58 ┤ 0                                        
                   59 ┤■■■■■■■■■■■■ 1                            
                   60 ┤■■■■■■■■■■■■ 1                            
                      └                                        ┘ 
                                     num of slices               
[ Info: slicing branch with sc: 33.0
[ Info: cc.sc: 33.0
region size: 10
tbl0_rows:44 filtered_rows:44
QIP_gurobi_bound: solver finished in 1.34 s (time_limit=100.0 s, status=OPTIMAL)
[ Info: slice 1, lp_score: 5374.0, primal_bound: 5378.0
QIP_gurobi_bound: solver finished in 1.428 s (time_limit=100.0 s, status=OPTIMAL)
[ Info: slice 2, lp_score: 5376.0, primal_bound: 5378.0
QIP_gurobi_bound: solver finished in 1.224 s (time_limit=100.0 s, status=OPTIMAL)
[ Info: slice 3, lp_score: 5373.0, primal_bound: 5378.0
QIP_gurobi_bound: solver finished in 1.423 s (time_limit=100.0 s, status=OPTIMAL)
[ Info: slice 4, lp_score: 5378.0, primal_bound: 5378.0
[ Info: new_scs: [32]
[ Info: lp_scores: [5378.0]
[ Info: lp_scores: 5378.0
[ Info: current num of unfinished slices: 23, finished slices: 12
                      ┌                                        ┐ 
                   32 ┤■■■■■■■■■■■■ 1                            
                   33 ┤ 0                                        
                   34 ┤ 0                                        
                   35 ┤ 0                                        
                   36 ┤ 0                                        
                   37 ┤■■■■■■■■■■■■ 1                            
                   38 ┤ 0                                        
                   39 ┤ 0                                        
                   40 ┤ 0                                        
                   41 ┤ 0                                        
                   42 ┤■■■■■■■■■■■■■■■■■■■■■■■■■ 2               
                   43 ┤■■■■■■■■■■■■ 1                            
                   44 ┤■■■■■■■■■■■■ 1                            
                   45 ┤■■■■■■■■■■■■ 1                            
   sc, target = 31 46 ┤■■■■■■■■■■■■■■■■■■■■■■■■■ 2               
                   47 ┤■■■■■■■■■■■■ 1                            
                   48 ┤■■■■■■■■■■■■ 1                            
                   49 ┤■■■■■■■■■■■■ 1                            
                   50 ┤ 0                                        
                   51 ┤■■■■■■■■■■■■ 1                            
                   52 ┤■■■■■■■■■■■■■■■■■■■■■■■■■■■■■■■■■■■■■ 3   
                   53 ┤■■■■■■■■■■■■ 1                            
                   54 ┤■■■■■■■■■■■■ 1                            
                   55 ┤ 0                                        
                   56 ┤ 0                                        
                   57 ┤■■■■■■■■■■■■■■■■■■■■■■■■■■■■■■■■■■■■■ 3   
                   58 ┤ 0                                        
                   59 ┤■■■■■■■■■■■■ 1                            
                   60 ┤■■■■■■■■■■■■ 1                            
                      └                                        ┘ 
                                     num of slices               
[ Info: slicing branch with sc: 32.0
[ Info: cc.sc: 32.0
region size: 10
tbl0_rows:28 filtered_rows:28
QIP_gurobi_bound: solver finished in 1.285 s (time_limit=100.0 s, status=OPTIMAL)
[ Info: slice 1, lp_score: 5378.0, primal_bound: 5378.0
[ Info: new_scs: [31]
[ Info: lp_scores: [5378.0]
[ Info: lp_scores: 5378.0
[ Info: current num of unfinished slices: 23, finished slices: 12
                      ┌                                        ┐ 
                   31 ┤■■■■■■■■■■■■ 1                            
                   32 ┤ 0                                        
                   33 ┤ 0                                        
                   34 ┤ 0                                        
                   35 ┤ 0                                        
                   36 ┤ 0                                        
                   37 ┤■■■■■■■■■■■■ 1                            
                   38 ┤ 0                                        
                   39 ┤ 0                                        
                   40 ┤ 0                                        
                   41 ┤ 0                                        
                   42 ┤■■■■■■■■■■■■■■■■■■■■■■■■■ 2               
                   43 ┤■■■■■■■■■■■■ 1                            
                   44 ┤■■■■■■■■■■■■ 1                            
   sc, target = 31 45 ┤■■■■■■■■■■■■ 1                            
                   46 ┤■■■■■■■■■■■■■■■■■■■■■■■■■ 2               
                   47 ┤■■■■■■■■■■■■ 1                            
                   48 ┤■■■■■■■■■■■■ 1                            
                   49 ┤■■■■■■■■■■■■ 1                            
                   50 ┤ 0                                        
                   51 ┤■■■■■■■■■■■■ 1                            
                   52 ┤■■■■■■■■■■■■■■■■■■■■■■■■■■■■■■■■■■■■■ 3   
                   53 ┤■■■■■■■■■■■■ 1                            
                   54 ┤■■■■■■■■■■■■ 1                            
                   55 ┤ 0                                        
                   56 ┤ 0                                        
                   57 ┤■■■■■■■■■■■■■■■■■■■■■■■■■■■■■■■■■■■■■ 3   
                   58 ┤ 0                                        
                   59 ┤■■■■■■■■■■■■ 1                            
                   60 ┤■■■■■■■■■■■■ 1                            
                      └                                        ┘ 
                                     num of slices               
[ Info: slicing branch with sc: 31.0
  [slice produced] sc=31.0 tc=45.3661476425292 nv=3550 ne=6927 r=53.0
QIP_value_gurobi: solver finished in 1.281 s (time_limit=604800.0 s, status=OPTIMAL)
[ Info: feasible solution: 5378.0, primal bound: 5378.0
[ Info: current num of unfinished slices: 22, finished slices: 13
                      ┌                                        ┐ 
                   37 ┤■■■■■■■■■■■■ 1                            
                   38 ┤ 0                                        
                   39 ┤ 0                                        
                   40 ┤ 0                                        
                   41 ┤ 0                                        
                   42 ┤■■■■■■■■■■■■■■■■■■■■■■■■■ 2               
                   43 ┤■■■■■■■■■■■■ 1                            
                   44 ┤■■■■■■■■■■■■ 1                            
                   45 ┤■■■■■■■■■■■■ 1                            
                   46 ┤■■■■■■■■■■■■■■■■■■■■■■■■■ 2               
                   47 ┤■■■■■■■■■■■■ 1                            
   sc, target = 31 48 ┤■■■■■■■■■■■■ 1                            
                   49 ┤■■■■■■■■■■■■ 1                            
                   50 ┤ 0                                        
                   51 ┤■■■■■■■■■■■■ 1                            
                   52 ┤■■■■■■■■■■■■■■■■■■■■■■■■■■■■■■■■■■■■■ 3   
                   53 ┤■■■■■■■■■■■■ 1                            
                   54 ┤■■■■■■■■■■■■ 1                            
                   55 ┤ 0                                        
                   56 ┤ 0                                        
                   57 ┤■■■■■■■■■■■■■■■■■■■■■■■■■■■■■■■■■■■■■ 3   
                   58 ┤ 0                                        
                   59 ┤■■■■■■■■■■■■ 1                            
                   60 ┤■■■■■■■■■■■■ 1                            
                      └                                        ┘ 
                                     num of slices               
[ Info: slicing branch with sc: 37.0
[ Info: cc.sc: 37.0
region size: 10
tbl0_rows:37 filtered_rows:37
QIP_gurobi_bound: solver finished in 1.925 s (time_limit=100.0 s, status=OPTIMAL)
[ Info: slice 1, lp_score: 5378.0, primal_bound: 5378.0
QIP_gurobi_bound: solver finished in 1.47 s (time_limit=100.0 s, status=OPTIMAL)
[ Info: slice 2, lp_score: 5378.0, primal_bound: 5378.0
[ Info: new_scs: [37, 37]
[ Info: lp_scores: [5378.0, 5378.0]
[ Info: lp_scores: 5378.0
[ Info: lp_scores: 5378.0
[ Info: current num of unfinished slices: 23, finished slices: 13
                      ┌                                        ┐ 
                   37 ┤■■■■■■■■■■■■■■■■■■■■■■■■■ 2               
                   38 ┤ 0                                        
                   39 ┤ 0                                        
                   40 ┤ 0                                        
                   41 ┤ 0                                        
                   42 ┤■■■■■■■■■■■■■■■■■■■■■■■■■ 2               
                   43 ┤■■■■■■■■■■■■ 1                            
                   44 ┤■■■■■■■■■■■■ 1                            
                   45 ┤■■■■■■■■■■■■ 1                            
                   46 ┤■■■■■■■■■■■■■■■■■■■■■■■■■ 2               
                   47 ┤■■■■■■■■■■■■ 1                            
   sc, target = 31 48 ┤■■■■■■■■■■■■ 1                            
                   49 ┤■■■■■■■■■■■■ 1                            
                   50 ┤ 0                                        
                   51 ┤■■■■■■■■■■■■ 1                            
                   52 ┤■■■■■■■■■■■■■■■■■■■■■■■■■■■■■■■■■■■■■ 3   
                   53 ┤■■■■■■■■■■■■ 1                            
                   54 ┤■■■■■■■■■■■■ 1                            
                   55 ┤ 0                                        
                   56 ┤ 0                                        
                   57 ┤■■■■■■■■■■■■■■■■■■■■■■■■■■■■■■■■■■■■■ 3   
                   58 ┤ 0                                        
                   59 ┤■■■■■■■■■■■■ 1                            
                   60 ┤■■■■■■■■■■■■ 1                            
                      └                                        ┘ 
                                     num of slices               
[ Info: slicing branch with sc: 37.0
[ Info: cc.sc: 37.0
region size: 10
tbl0_rows:39 filtered_rows:39
QIP_gurobi_bound: solver finished in 1.51 s (time_limit=100.0 s, status=OPTIMAL)
[ Info: slice 1, lp_score: 5378.0, primal_bound: 5378.0
QIP_gurobi_bound: solver finished in 1.284 s (time_limit=100.0 s, status=OPTIMAL)
[ Info: slice 2, lp_score: 5377.0, primal_bound: 5378.0
[ Info: new_scs: [36]
[ Info: lp_scores: [5378.0]
[ Info: lp_scores: 5378.0
[ Info: current num of unfinished slices: 23, finished slices: 13
                      ┌                                        ┐ 
                   36 ┤■■■■■■■■■■■■ 1                            
                   37 ┤■■■■■■■■■■■■ 1                            
                   38 ┤ 0                                        
                   39 ┤ 0                                        
                   40 ┤ 0                                        
                   41 ┤ 0                                        
                   42 ┤■■■■■■■■■■■■■■■■■■■■■■■■■ 2               
                   43 ┤■■■■■■■■■■■■ 1                            
                   44 ┤■■■■■■■■■■■■ 1                            
                   45 ┤■■■■■■■■■■■■ 1                            
                   46 ┤■■■■■■■■■■■■■■■■■■■■■■■■■ 2               
                   47 ┤■■■■■■■■■■■■ 1                            
   sc, target = 31 48 ┤■■■■■■■■■■■■ 1                            
                   49 ┤■■■■■■■■■■■■ 1                            
                   50 ┤ 0                                        
                   51 ┤■■■■■■■■■■■■ 1                            
                   52 ┤■■■■■■■■■■■■■■■■■■■■■■■■■■■■■■■■■■■■■ 3   
                   53 ┤■■■■■■■■■■■■ 1                            
                   54 ┤■■■■■■■■■■■■ 1                            
                   55 ┤ 0                                        
                   56 ┤ 0                                        
                   57 ┤■■■■■■■■■■■■■■■■■■■■■■■■■■■■■■■■■■■■■ 3   
                   58 ┤ 0                                        
                   59 ┤■■■■■■■■■■■■ 1                            
                   60 ┤■■■■■■■■■■■■ 1                            
                      └                                        ┘ 
                                     num of slices               
[ Info: slicing branch with sc: 36.0
[ Info: cc.sc: 36.0
region size: 10
tbl0_rows:60 filtered_rows:60
QIP_gurobi_bound: solver finished in 1.602 s (time_limit=100.0 s, status=OPTIMAL)
[ Info: slice 1, lp_score: 5378.0, primal_bound: 5378.0
QIP_gurobi_bound: solver finished in 1.389 s (time_limit=100.0 s, status=OPTIMAL)
[ Info: slice 2, lp_score: 5377.0, primal_bound: 5378.0
[ Info: new_scs: [35]
[ Info: lp_scores: [5378.0]
[ Info: lp_scores: 5378.0
[ Info: current num of unfinished slices: 23, finished slices: 13
                      ┌                                        ┐ 
                   35 ┤■■■■■■■■■■■■ 1                            
                   36 ┤ 0                                        
                   37 ┤■■■■■■■■■■■■ 1                            
                   38 ┤ 0                                        
                   39 ┤ 0                                        
                   40 ┤ 0                                        
                   41 ┤ 0                                        
                   42 ┤■■■■■■■■■■■■■■■■■■■■■■■■■ 2               
                   43 ┤■■■■■■■■■■■■ 1                            
                   44 ┤■■■■■■■■■■■■ 1                            
                   45 ┤■■■■■■■■■■■■ 1                            
                   46 ┤■■■■■■■■■■■■■■■■■■■■■■■■■ 2               
   sc, target = 31 47 ┤■■■■■■■■■■■■ 1                            
                   48 ┤■■■■■■■■■■■■ 1                            
                   49 ┤■■■■■■■■■■■■ 1                            
                   50 ┤ 0                                        
                   51 ┤■■■■■■■■■■■■ 1                            
                   52 ┤■■■■■■■■■■■■■■■■■■■■■■■■■■■■■■■■■■■■■ 3   
                   53 ┤■■■■■■■■■■■■ 1                            
                   54 ┤■■■■■■■■■■■■ 1                            
                   55 ┤ 0                                        
                   56 ┤ 0                                        
                   57 ┤■■■■■■■■■■■■■■■■■■■■■■■■■■■■■■■■■■■■■ 3   
                   58 ┤ 0                                        
                   59 ┤■■■■■■■■■■■■ 1                            
                   60 ┤■■■■■■■■■■■■ 1                            
                      └                                        ┘ 
                                     num of slices               
[ Info: slicing branch with sc: 35.0
[ Info: cc.sc: 35.0
region size: 10
tbl0_rows:30 filtered_rows:30
QIP_gurobi_bound: solver finished in 1.339 s (time_limit=100.0 s, status=OPTIMAL)
[ Info: slice 1, lp_score: 5376.0, primal_bound: 5378.0
QIP_gurobi_bound: solver finished in 1.428 s (time_limit=100.0 s, status=OPTIMAL)
[ Info: slice 2, lp_score: 5378.0, primal_bound: 5378.0
[ Info: new_scs: [34]
[ Info: lp_scores: [5378.0]
[ Info: lp_scores: 5378.0
[ Info: current num of unfinished slices: 23, finished slices: 13
                      ┌                                        ┐ 
                   34 ┤■■■■■■■■■■■■ 1                            
                   35 ┤ 0                                        
                   36 ┤ 0                                        
                   37 ┤■■■■■■■■■■■■ 1                            
                   38 ┤ 0                                        
                   39 ┤ 0                                        
                   40 ┤ 0                                        
                   41 ┤ 0                                        
                   42 ┤■■■■■■■■■■■■■■■■■■■■■■■■■ 2               
                   43 ┤■■■■■■■■■■■■ 1                            
                   44 ┤■■■■■■■■■■■■ 1                            
                   45 ┤■■■■■■■■■■■■ 1                            
                   46 ┤■■■■■■■■■■■■■■■■■■■■■■■■■ 2               
   sc, target = 31 47 ┤■■■■■■■■■■■■ 1                            
                   48 ┤■■■■■■■■■■■■ 1                            
                   49 ┤■■■■■■■■■■■■ 1                            
                   50 ┤ 0                                        
                   51 ┤■■■■■■■■■■■■ 1                            
                   52 ┤■■■■■■■■■■■■■■■■■■■■■■■■■■■■■■■■■■■■■ 3   
                   53 ┤■■■■■■■■■■■■ 1                            
                   54 ┤■■■■■■■■■■■■ 1                            
                   55 ┤ 0                                        
                   56 ┤ 0                                        
                   57 ┤■■■■■■■■■■■■■■■■■■■■■■■■■■■■■■■■■■■■■ 3   
                   58 ┤ 0                                        
                   59 ┤■■■■■■■■■■■■ 1                            
                   60 ┤■■■■■■■■■■■■ 1                            
                      └                                        ┘ 
                                     num of slices               
[ Info: slicing branch with sc: 34.0
[ Info: cc.sc: 34.0
region size: 10
tbl0_rows:36 filtered_rows:36
QIP_gurobi_bound: solver finished in 1.385 s (time_limit=100.0 s, status=OPTIMAL)
[ Info: slice 1, lp_score: 5378.0, primal_bound: 5378.0
QIP_gurobi_bound: solver finished in 1.621 s (time_limit=100.0 s, status=OPTIMAL)
[ Info: slice 2, lp_score: 5370.0, primal_bound: 5378.0
[ Info: new_scs: [33]
[ Info: lp_scores: [5378.0]
[ Info: lp_scores: 5378.0
[ Info: current num of unfinished slices: 23, finished slices: 13
                      ┌                                        ┐ 
                   33 ┤■■■■■■■■■■■■ 1                            
                   34 ┤ 0                                        
                   35 ┤ 0                                        
                   36 ┤ 0                                        
                   37 ┤■■■■■■■■■■■■ 1                            
                   38 ┤ 0                                        
                   39 ┤ 0                                        
                   40 ┤ 0                                        
                   41 ┤ 0                                        
                   42 ┤■■■■■■■■■■■■■■■■■■■■■■■■■ 2               
                   43 ┤■■■■■■■■■■■■ 1                            
                   44 ┤■■■■■■■■■■■■ 1                            
                   45 ┤■■■■■■■■■■■■ 1                            
   sc, target = 31 46 ┤■■■■■■■■■■■■■■■■■■■■■■■■■ 2               
                   47 ┤■■■■■■■■■■■■ 1                            
                   48 ┤■■■■■■■■■■■■ 1                            
                   49 ┤■■■■■■■■■■■■ 1                            
                   50 ┤ 0                                        
                   51 ┤■■■■■■■■■■■■ 1                            
                   52 ┤■■■■■■■■■■■■■■■■■■■■■■■■■■■■■■■■■■■■■ 3   
                   53 ┤■■■■■■■■■■■■ 1                            
                   54 ┤■■■■■■■■■■■■ 1                            
                   55 ┤ 0                                        
                   56 ┤ 0                                        
                   57 ┤■■■■■■■■■■■■■■■■■■■■■■■■■■■■■■■■■■■■■ 3   
                   58 ┤ 0                                        
                   59 ┤■■■■■■■■■■■■ 1                            
                   60 ┤■■■■■■■■■■■■ 1                            
                      └                                        ┘ 
                                     num of slices               
[ Info: slicing branch with sc: 33.0
[ Info: cc.sc: 33.0
region size: 10
tbl0_rows:11 filtered_rows:11
QIP_gurobi_bound: solver finished in 1.703 s (time_limit=100.0 s, status=OPTIMAL)
[ Info: slice 1, lp_score: 5378.0, primal_bound: 5378.0
QIP_gurobi_bound: solver finished in 1.318 s (time_limit=100.0 s, status=OPTIMAL)
[ Info: slice 2, lp_score: 5375.0, primal_bound: 5378.0
[ Info: new_scs: [32]
[ Info: lp_scores: [5378.0]
[ Info: lp_scores: 5378.0
[ Info: current num of unfinished slices: 23, finished slices: 13
                      ┌                                        ┐ 
                   32 ┤■■■■■■■■■■■■ 1                            
                   33 ┤ 0                                        
                   34 ┤ 0                                        
                   35 ┤ 0                                        
                   36 ┤ 0                                        
                   37 ┤■■■■■■■■■■■■ 1                            
                   38 ┤ 0                                        
                   39 ┤ 0                                        
                   40 ┤ 0                                        
                   41 ┤ 0                                        
                   42 ┤■■■■■■■■■■■■■■■■■■■■■■■■■ 2               
                   43 ┤■■■■■■■■■■■■ 1                            
                   44 ┤■■■■■■■■■■■■ 1                            
                   45 ┤■■■■■■■■■■■■ 1                            
   sc, target = 31 46 ┤■■■■■■■■■■■■■■■■■■■■■■■■■ 2               
                   47 ┤■■■■■■■■■■■■ 1                            
                   48 ┤■■■■■■■■■■■■ 1                            
                   49 ┤■■■■■■■■■■■■ 1                            
                   50 ┤ 0                                        
                   51 ┤■■■■■■■■■■■■ 1                            
                   52 ┤■■■■■■■■■■■■■■■■■■■■■■■■■■■■■■■■■■■■■ 3   
                   53 ┤■■■■■■■■■■■■ 1                            
                   54 ┤■■■■■■■■■■■■ 1                            
                   55 ┤ 0                                        
                   56 ┤ 0                                        
                   57 ┤■■■■■■■■■■■■■■■■■■■■■■■■■■■■■■■■■■■■■ 3   
                   58 ┤ 0                                        
                   59 ┤■■■■■■■■■■■■ 1                            
                   60 ┤■■■■■■■■■■■■ 1                            
                      └                                        ┘ 
                                     num of slices               
[ Info: slicing branch with sc: 32.0
[ Info: cc.sc: 32.0
region size: 10
tbl0_rows:23 filtered_rows:23
QIP_gurobi_bound: solver finished in 1.565 s (time_limit=100.0 s, status=OPTIMAL)
[ Info: slice 1, lp_score: 5378.0, primal_bound: 5378.0
QIP_gurobi_bound: solver finished in 1.458 s (time_limit=100.0 s, status=OPTIMAL)
[ Info: slice 2, lp_score: 5374.0, primal_bound: 5378.0
[ Info: new_scs: [31]
[ Info: lp_scores: [5378.0]
[ Info: lp_scores: 5378.0
[ Info: current num of unfinished slices: 23, finished slices: 13
                      ┌                                        ┐ 
                   31 ┤■■■■■■■■■■■■ 1                            
                   32 ┤ 0                                        
                   33 ┤ 0                                        
                   34 ┤ 0                                        
                   35 ┤ 0                                        
                   36 ┤ 0                                        
                   37 ┤■■■■■■■■■■■■ 1                            
                   38 ┤ 0                                        
                   39 ┤ 0                                        
                   40 ┤ 0                                        
                   41 ┤ 0                                        
                   42 ┤■■■■■■■■■■■■■■■■■■■■■■■■■ 2               
                   43 ┤■■■■■■■■■■■■ 1                            
                   44 ┤■■■■■■■■■■■■ 1                            
   sc, target = 31 45 ┤■■■■■■■■■■■■ 1                            
                   46 ┤■■■■■■■■■■■■■■■■■■■■■■■■■ 2               
                   47 ┤■■■■■■■■■■■■ 1                            
                   48 ┤■■■■■■■■■■■■ 1                            
                   49 ┤■■■■■■■■■■■■ 1                            
                   50 ┤ 0                                        
                   51 ┤■■■■■■■■■■■■ 1                            
                   52 ┤■■■■■■■■■■■■■■■■■■■■■■■■■■■■■■■■■■■■■ 3   
                   53 ┤■■■■■■■■■■■■ 1                            
                   54 ┤■■■■■■■■■■■■ 1                            
                   55 ┤ 0                                        
                   56 ┤ 0                                        
                   57 ┤■■■■■■■■■■■■■■■■■■■■■■■■■■■■■■■■■■■■■ 3   
                   58 ┤ 0                                        
                   59 ┤■■■■■■■■■■■■ 1                            
                   60 ┤■■■■■■■■■■■■ 1                            
                      └                                        ┘ 
                                     num of slices               
[ Info: slicing branch with sc: 31.0
  [slice produced] sc=31.0 tc=44.65320307806778 nv=3551 ne=6933 r=52.5
QIP_value_gurobi: solver finished in 1.57 s (time_limit=604800.0 s, status=OPTIMAL)
[ Info: feasible solution: 5378.0, primal bound: 5378.0
[ Info: current num of unfinished slices: 22, finished slices: 14
                      ┌                                        ┐ 
                   37 ┤■■■■■■■■■■■■ 1                            
                   38 ┤ 0                                        
                   39 ┤ 0                                        
                   40 ┤ 0                                        
                   41 ┤ 0                                        
                   42 ┤■■■■■■■■■■■■■■■■■■■■■■■■■ 2               
                   43 ┤■■■■■■■■■■■■ 1                            
                   44 ┤■■■■■■■■■■■■ 1                            
                   45 ┤■■■■■■■■■■■■ 1                            
                   46 ┤■■■■■■■■■■■■■■■■■■■■■■■■■ 2               
                   47 ┤■■■■■■■■■■■■ 1                            
   sc, target = 31 48 ┤■■■■■■■■■■■■ 1                            
                   49 ┤■■■■■■■■■■■■ 1                            
                   50 ┤ 0                                        
                   51 ┤■■■■■■■■■■■■ 1                            
                   52 ┤■■■■■■■■■■■■■■■■■■■■■■■■■■■■■■■■■■■■■ 3   
                   53 ┤■■■■■■■■■■■■ 1                            
                   54 ┤■■■■■■■■■■■■ 1                            
                   55 ┤ 0                                        
                   56 ┤ 0                                        
                   57 ┤■■■■■■■■■■■■■■■■■■■■■■■■■■■■■■■■■■■■■ 3   
                   58 ┤ 0                                        
                   59 ┤■■■■■■■■■■■■ 1                            
                   60 ┤■■■■■■■■■■■■ 1                            
                      └                                        ┘ 
                                     num of slices               
[ Info: slicing branch with sc: 37.0
[ Info: cc.sc: 37.0
region size: 10
tbl0_rows:46 filtered_rows:46
QIP_gurobi_bound: solver finished in 1.453 s (time_limit=100.0 s, status=OPTIMAL)
[ Info: slice 1, lp_score: 5378.0, primal_bound: 5378.0
QIP_gurobi_bound: solver finished in 1.647 s (time_limit=100.0 s, status=OPTIMAL)
[ Info: slice 2, lp_score: 5378.0, primal_bound: 5378.0
[ Info: new_scs: [36, 36]
[ Info: lp_scores: [5378.0, 5378.0]
[ Info: lp_scores: 5378.0
[ Info: lp_scores: 5378.0
[ Info: current num of unfinished slices: 23, finished slices: 14
                      ┌                                        ┐ 
                   36 ┤■■■■■■■■■■■■■■■■■■■■■■■■■ 2               
                   37 ┤ 0                                        
                   38 ┤ 0                                        
                   39 ┤ 0                                        
                   40 ┤ 0                                        
                   41 ┤ 0                                        
                   42 ┤■■■■■■■■■■■■■■■■■■■■■■■■■ 2               
                   43 ┤■■■■■■■■■■■■ 1                            
                   44 ┤■■■■■■■■■■■■ 1                            
                   45 ┤■■■■■■■■■■■■ 1                            
                   46 ┤■■■■■■■■■■■■■■■■■■■■■■■■■ 2               
                   47 ┤■■■■■■■■■■■■ 1                            
   sc, target = 31 48 ┤■■■■■■■■■■■■ 1                            
                   49 ┤■■■■■■■■■■■■ 1                            
                   50 ┤ 0                                        
                   51 ┤■■■■■■■■■■■■ 1                            
                   52 ┤■■■■■■■■■■■■■■■■■■■■■■■■■■■■■■■■■■■■■ 3   
                   53 ┤■■■■■■■■■■■■ 1                            
                   54 ┤■■■■■■■■■■■■ 1                            
                   55 ┤ 0                                        
                   56 ┤ 0                                        
                   57 ┤■■■■■■■■■■■■■■■■■■■■■■■■■■■■■■■■■■■■■ 3   
                   58 ┤ 0                                        
                   59 ┤■■■■■■■■■■■■ 1                            
                   60 ┤■■■■■■■■■■■■ 1                            
                      └                                        ┘ 
                                     num of slices               
[ Info: slicing branch with sc: 36.0
[ Info: cc.sc: 36.0
region size: 10
tbl0_rows:56 filtered_rows:56
QIP_gurobi_bound: solver finished in 1.766 s (time_limit=100.0 s, status=OPTIMAL)
[ Info: slice 1, lp_score: 5378.0, primal_bound: 5378.0
QIP_gurobi_bound: solver finished in 1.307 s (time_limit=100.0 s, status=OPTIMAL)
[ Info: slice 2, lp_score: 5377.0, primal_bound: 5378.0
[ Info: new_scs: [35]
[ Info: lp_scores: [5378.0]
[ Info: lp_scores: 5378.0
[ Info: current num of unfinished slices: 23, finished slices: 14
                      ┌                                        ┐ 
                   35 ┤■■■■■■■■■■■■ 1                            
                   36 ┤■■■■■■■■■■■■ 1                            
                   37 ┤ 0                                        
                   38 ┤ 0                                        
                   39 ┤ 0                                        
                   40 ┤ 0                                        
                   41 ┤ 0                                        
                   42 ┤■■■■■■■■■■■■■■■■■■■■■■■■■ 2               
                   43 ┤■■■■■■■■■■■■ 1                            
                   44 ┤■■■■■■■■■■■■ 1                            
                   45 ┤■■■■■■■■■■■■ 1                            
                   46 ┤■■■■■■■■■■■■■■■■■■■■■■■■■ 2               
   sc, target = 31 47 ┤■■■■■■■■■■■■ 1                            
                   48 ┤■■■■■■■■■■■■ 1                            
                   49 ┤■■■■■■■■■■■■ 1                            
                   50 ┤ 0                                        
                   51 ┤■■■■■■■■■■■■ 1                            
                   52 ┤■■■■■■■■■■■■■■■■■■■■■■■■■■■■■■■■■■■■■ 3   
                   53 ┤■■■■■■■■■■■■ 1                            
                   54 ┤■■■■■■■■■■■■ 1                            
                   55 ┤ 0                                        
                   56 ┤ 0                                        
                   57 ┤■■■■■■■■■■■■■■■■■■■■■■■■■■■■■■■■■■■■■ 3   
                   58 ┤ 0                                        
                   59 ┤■■■■■■■■■■■■ 1                            
                   60 ┤■■■■■■■■■■■■ 1                            
                      └                                        ┘ 
                                     num of slices               
[ Info: slicing branch with sc: 35.0
[ Info: cc.sc: 35.0
region size: 10
tbl0_rows:11 filtered_rows:11
QIP_gurobi_bound: solver finished in 1.331 s (time_limit=100.0 s, status=OPTIMAL)
[ Info: slice 1, lp_score: 5378.0, primal_bound: 5378.0
QIP_gurobi_bound: solver finished in 1.441 s (time_limit=100.0 s, status=OPTIMAL)
[ Info: slice 2, lp_score: 5375.0, primal_bound: 5378.0
[ Info: new_scs: [34]
[ Info: lp_scores: [5378.0]
[ Info: lp_scores: 5378.0
[ Info: current num of unfinished slices: 23, finished slices: 14
                      ┌                                        ┐ 
                   34 ┤■■■■■■■■■■■■ 1                            
                   35 ┤ 0                                        
                   36 ┤■■■■■■■■■■■■ 1                            
                   37 ┤ 0                                        
                   38 ┤ 0                                        
                   39 ┤ 0                                        
                   40 ┤ 0                                        
                   41 ┤ 0                                        
                   42 ┤■■■■■■■■■■■■■■■■■■■■■■■■■ 2               
                   43 ┤■■■■■■■■■■■■ 1                            
                   44 ┤■■■■■■■■■■■■ 1                            
                   45 ┤■■■■■■■■■■■■ 1                            
                   46 ┤■■■■■■■■■■■■■■■■■■■■■■■■■ 2               
   sc, target = 31 47 ┤■■■■■■■■■■■■ 1                            
                   48 ┤■■■■■■■■■■■■ 1                            
                   49 ┤■■■■■■■■■■■■ 1                            
                   50 ┤ 0                                        
                   51 ┤■■■■■■■■■■■■ 1                            
                   52 ┤■■■■■■■■■■■■■■■■■■■■■■■■■■■■■■■■■■■■■ 3   
                   53 ┤■■■■■■■■■■■■ 1                            
                   54 ┤■■■■■■■■■■■■ 1                            
                   55 ┤ 0                                        
                   56 ┤ 0                                        
                   57 ┤■■■■■■■■■■■■■■■■■■■■■■■■■■■■■■■■■■■■■ 3   
                   58 ┤ 0                                        
                   59 ┤■■■■■■■■■■■■ 1                            
                   60 ┤■■■■■■■■■■■■ 1                            
                      └                                        ┘ 
                                     num of slices               
[ Info: slicing branch with sc: 34.0
[ Info: cc.sc: 34.0
region size: 10
tbl0_rows:36 filtered_rows:36
QIP_gurobi_bound: solver finished in 1.765 s (time_limit=100.0 s, status=OPTIMAL)
[ Info: slice 1, lp_score: 5370.0, primal_bound: 5378.0
QIP_gurobi_bound: solver finished in 1.281 s (time_limit=100.0 s, status=OPTIMAL)
[ Info: slice 2, lp_score: 5378.0, primal_bound: 5378.0
[ Info: new_scs: [33]
[ Info: lp_scores: [5378.0]
[ Info: lp_scores: 5378.0
[ Info: current num of unfinished slices: 23, finished slices: 14
                      ┌                                        ┐ 
                   33 ┤■■■■■■■■■■■■ 1                            
                   34 ┤ 0                                        
                   35 ┤ 0                                        
                   36 ┤■■■■■■■■■■■■ 1                            
                   37 ┤ 0                                        
                   38 ┤ 0                                        
                   39 ┤ 0                                        
                   40 ┤ 0                                        
                   41 ┤ 0                                        
                   42 ┤■■■■■■■■■■■■■■■■■■■■■■■■■ 2               
                   43 ┤■■■■■■■■■■■■ 1                            
                   44 ┤■■■■■■■■■■■■ 1                            
                   45 ┤■■■■■■■■■■■■ 1                            
   sc, target = 31 46 ┤■■■■■■■■■■■■■■■■■■■■■■■■■ 2               
                   47 ┤■■■■■■■■■■■■ 1                            
                   48 ┤■■■■■■■■■■■■ 1                            
                   49 ┤■■■■■■■■■■■■ 1                            
                   50 ┤ 0                                        
                   51 ┤■■■■■■■■■■■■ 1                            
                   52 ┤■■■■■■■■■■■■■■■■■■■■■■■■■■■■■■■■■■■■■ 3   
                   53 ┤■■■■■■■■■■■■ 1                            
                   54 ┤■■■■■■■■■■■■ 1                            
                   55 ┤ 0                                        
                   56 ┤ 0                                        
                   57 ┤■■■■■■■■■■■■■■■■■■■■■■■■■■■■■■■■■■■■■ 3   
                   58 ┤ 0                                        
                   59 ┤■■■■■■■■■■■■ 1                            
                   60 ┤■■■■■■■■■■■■ 1                            
                      └                                        ┘ 
                                     num of slices               
[ Info: slicing branch with sc: 33.0
[ Info: cc.sc: 33.0
region size: 10
tbl0_rows:62 filtered_rows:62
QIP_gurobi_bound: solver finished in 1.398 s (time_limit=100.0 s, status=OPTIMAL)
[ Info: slice 1, lp_score: 5378.0, primal_bound: 5378.0
QIP_gurobi_bound: solver finished in 1.54 s (time_limit=100.0 s, status=OPTIMAL)
[ Info: slice 2, lp_score: 5374.0, primal_bound: 5378.0
[ Info: new_scs: [32]
[ Info: lp_scores: [5378.0]
[ Info: lp_scores: 5378.0
[ Info: current num of unfinished slices: 23, finished slices: 14
                      ┌                                        ┐ 
                   32 ┤■■■■■■■■■■■■ 1                            
                   33 ┤ 0                                        
                   34 ┤ 0                                        
                   35 ┤ 0                                        
                   36 ┤■■■■■■■■■■■■ 1                            
                   37 ┤ 0                                        
                   38 ┤ 0                                        
                   39 ┤ 0                                        
                   40 ┤ 0                                        
                   41 ┤ 0                                        
                   42 ┤■■■■■■■■■■■■■■■■■■■■■■■■■ 2               
                   43 ┤■■■■■■■■■■■■ 1                            
                   44 ┤■■■■■■■■■■■■ 1                            
                   45 ┤■■■■■■■■■■■■ 1                            
   sc, target = 31 46 ┤■■■■■■■■■■■■■■■■■■■■■■■■■ 2               
                   47 ┤■■■■■■■■■■■■ 1                            
                   48 ┤■■■■■■■■■■■■ 1                            
                   49 ┤■■■■■■■■■■■■ 1                            
                   50 ┤ 0                                        
                   51 ┤■■■■■■■■■■■■ 1                            
                   52 ┤■■■■■■■■■■■■■■■■■■■■■■■■■■■■■■■■■■■■■ 3   
                   53 ┤■■■■■■■■■■■■ 1                            
                   54 ┤■■■■■■■■■■■■ 1                            
                   55 ┤ 0                                        
                   56 ┤ 0                                        
                   57 ┤■■■■■■■■■■■■■■■■■■■■■■■■■■■■■■■■■■■■■ 3   
                   58 ┤ 0                                        
                   59 ┤■■■■■■■■■■■■ 1                            
                   60 ┤■■■■■■■■■■■■ 1                            
                      └                                        ┘ 
                                     num of slices               
[ Info: slicing branch with sc: 32.0
[ Info: cc.sc: 32.0
region size: 10
tbl0_rows:28 filtered_rows:28
QIP_gurobi_bound: solver finished in 1.527 s (time_limit=100.0 s, status=OPTIMAL)
[ Info: slice 1, lp_score: 5378.0, primal_bound: 5378.0
[ Info: new_scs: [32]
[ Info: lp_scores: [5378.0]
[ Info: lp_scores: 5378.0
[ Info: current num of unfinished slices: 23, finished slices: 14
                      ┌                                        ┐ 
                   32 ┤■■■■■■■■■■■■ 1                            
                   33 ┤ 0                                        
                   34 ┤ 0                                        
                   35 ┤ 0                                        
                   36 ┤■■■■■■■■■■■■ 1                            
                   37 ┤ 0                                        
                   38 ┤ 0                                        
                   39 ┤ 0                                        
                   40 ┤ 0                                        
                   41 ┤ 0                                        
                   42 ┤■■■■■■■■■■■■■■■■■■■■■■■■■ 2               
                   43 ┤■■■■■■■■■■■■ 1                            
                   44 ┤■■■■■■■■■■■■ 1                            
                   45 ┤■■■■■■■■■■■■ 1                            
   sc, target = 31 46 ┤■■■■■■■■■■■■■■■■■■■■■■■■■ 2               
                   47 ┤■■■■■■■■■■■■ 1                            
                   48 ┤■■■■■■■■■■■■ 1                            
                   49 ┤■■■■■■■■■■■■ 1                            
                   50 ┤ 0                                        
                   51 ┤■■■■■■■■■■■■ 1                            
                   52 ┤■■■■■■■■■■■■■■■■■■■■■■■■■■■■■■■■■■■■■ 3   
                   53 ┤■■■■■■■■■■■■ 1                            
                   54 ┤■■■■■■■■■■■■ 1                            
                   55 ┤ 0                                        
                   56 ┤ 0                                        
                   57 ┤■■■■■■■■■■■■■■■■■■■■■■■■■■■■■■■■■■■■■ 3   
                   58 ┤ 0                                        
                   59 ┤■■■■■■■■■■■■ 1                            
                   60 ┤■■■■■■■■■■■■ 1                            
                      └                                        ┘ 
                                     num of slices               
[ Info: slicing branch with sc: 32.0
[ Info: cc.sc: 32.0
region size: 10
tbl0_rows:56 filtered_rows:56
QIP_gurobi_bound: solver finished in 1.454 s (time_limit=100.0 s, status=OPTIMAL)
[ Info: slice 1, lp_score: 5375.0, primal_bound: 5378.0
QIP_gurobi_bound: solver finished in 1.351 s (time_limit=100.0 s, status=OPTIMAL)
[ Info: slice 2, lp_score: 5378.0, primal_bound: 5378.0
[ Info: new_scs: [31]
[ Info: lp_scores: [5378.0]
[ Info: lp_scores: 5378.0
[ Info: current num of unfinished slices: 23, finished slices: 14
                      ┌                                        ┐ 
                   31 ┤■■■■■■■■■■■■ 1                            
                   32 ┤ 0                                        
                   33 ┤ 0                                        
                   34 ┤ 0                                        
                   35 ┤ 0                                        
                   36 ┤■■■■■■■■■■■■ 1                            
                   37 ┤ 0                                        
                   38 ┤ 0                                        
                   39 ┤ 0                                        
                   40 ┤ 0                                        
                   41 ┤ 0                                        
                   42 ┤■■■■■■■■■■■■■■■■■■■■■■■■■ 2               
                   43 ┤■■■■■■■■■■■■ 1                            
                   44 ┤■■■■■■■■■■■■ 1                            
   sc, target = 31 45 ┤■■■■■■■■■■■■ 1                            
                   46 ┤■■■■■■■■■■■■■■■■■■■■■■■■■ 2               
                   47 ┤■■■■■■■■■■■■ 1                            
                   48 ┤■■■■■■■■■■■■ 1                            
                   49 ┤■■■■■■■■■■■■ 1                            
                   50 ┤ 0                                        
                   51 ┤■■■■■■■■■■■■ 1                            
                   52 ┤■■■■■■■■■■■■■■■■■■■■■■■■■■■■■■■■■■■■■ 3   
                   53 ┤■■■■■■■■■■■■ 1                            
                   54 ┤■■■■■■■■■■■■ 1                            
                   55 ┤ 0                                        
                   56 ┤ 0                                        
                   57 ┤■■■■■■■■■■■■■■■■■■■■■■■■■■■■■■■■■■■■■ 3   
                   58 ┤ 0                                        
                   59 ┤■■■■■■■■■■■■ 1                            
                   60 ┤■■■■■■■■■■■■ 1                            
                      └                                        ┘ 
                                     num of slices               
[ Info: slicing branch with sc: 31.0
  [slice produced] sc=31.0 tc=45.05929443494609 nv=3552 ne=6931 r=48.0
QIP_value_gurobi: solver finished in 1.368 s (time_limit=604800.0 s, status=OPTIMAL)
[ Info: feasible solution: 5378.0, primal bound: 5378.0
[ Info: current num of unfinished slices: 22, finished slices: 15
                      ┌                                        ┐ 
                   36 ┤■■■■■■■■■■■■ 1                            
                   37 ┤ 0                                        
                   38 ┤ 0                                        
                   39 ┤ 0                                        
                   40 ┤ 0                                        
                   41 ┤ 0                                        
                   42 ┤■■■■■■■■■■■■■■■■■■■■■■■■■ 2               
                   43 ┤■■■■■■■■■■■■ 1                            
                   44 ┤■■■■■■■■■■■■ 1                            
                   45 ┤■■■■■■■■■■■■ 1                            
                   46 ┤■■■■■■■■■■■■■■■■■■■■■■■■■ 2               
                   47 ┤■■■■■■■■■■■■ 1                            
   sc, target = 31 48 ┤■■■■■■■■■■■■ 1                            
                   49 ┤■■■■■■■■■■■■ 1                            
                   50 ┤ 0                                        
                   51 ┤■■■■■■■■■■■■ 1                            
                   52 ┤■■■■■■■■■■■■■■■■■■■■■■■■■■■■■■■■■■■■■ 3   
                   53 ┤■■■■■■■■■■■■ 1                            
                   54 ┤■■■■■■■■■■■■ 1                            
                   55 ┤ 0                                        
                   56 ┤ 0                                        
                   57 ┤■■■■■■■■■■■■■■■■■■■■■■■■■■■■■■■■■■■■■ 3   
                   58 ┤ 0                                        
                   59 ┤■■■■■■■■■■■■ 1                            
                   60 ┤■■■■■■■■■■■■ 1                            
                      └                                        ┘ 
                                     num of slices               
[ Info: slicing branch with sc: 36.0
[ Info: cc.sc: 36.0
region size: 10
tbl0_rows:60 filtered_rows:60
QIP_gurobi_bound: solver finished in 1.418 s (time_limit=100.0 s, status=OPTIMAL)
[ Info: slice 1, lp_score: 5374.0, primal_bound: 5378.0
QIP_gurobi_bound: solver finished in 1.395 s (time_limit=100.0 s, status=OPTIMAL)
[ Info: slice 2, lp_score: 5378.0, primal_bound: 5378.0
[ Info: new_scs: [36]
[ Info: lp_scores: [5378.0]
[ Info: lp_scores: 5378.0
[ Info: current num of unfinished slices: 22, finished slices: 15
                      ┌                                        ┐ 
                   36 ┤■■■■■■■■■■■■ 1                            
                   37 ┤ 0                                        
                   38 ┤ 0                                        
                   39 ┤ 0                                        
                   40 ┤ 0                                        
                   41 ┤ 0                                        
                   42 ┤■■■■■■■■■■■■■■■■■■■■■■■■■ 2               
                   43 ┤■■■■■■■■■■■■ 1                            
                   44 ┤■■■■■■■■■■■■ 1                            
                   45 ┤■■■■■■■■■■■■ 1                            
                   46 ┤■■■■■■■■■■■■■■■■■■■■■■■■■ 2               
                   47 ┤■■■■■■■■■■■■ 1                            
   sc, target = 31 48 ┤■■■■■■■■■■■■ 1                            
                   49 ┤■■■■■■■■■■■■ 1                            
                   50 ┤ 0                                        
                   51 ┤■■■■■■■■■■■■ 1                            
                   52 ┤■■■■■■■■■■■■■■■■■■■■■■■■■■■■■■■■■■■■■ 3   
                   53 ┤■■■■■■■■■■■■ 1                            
                   54 ┤■■■■■■■■■■■■ 1                            
                   55 ┤ 0                                        
                   56 ┤ 0                                        
                   57 ┤■■■■■■■■■■■■■■■■■■■■■■■■■■■■■■■■■■■■■ 3   
                   58 ┤ 0                                        
                   59 ┤■■■■■■■■■■■■ 1                            
                   60 ┤■■■■■■■■■■■■ 1                            
                      └                                        ┘ 
                                     num of slices               
[ Info: slicing branch with sc: 36.0
[ Info: cc.sc: 36.0
region size: 10
tbl0_rows:52 filtered_rows:52
QIP_gurobi_bound: solver finished in 1.455 s (time_limit=100.0 s, status=OPTIMAL)
[ Info: slice 1, lp_score: 5378.0, primal_bound: 5378.0
QIP_gurobi_bound: solver finished in 1.383 s (time_limit=100.0 s, status=OPTIMAL)
[ Info: slice 2, lp_score: 5376.0, primal_bound: 5378.0
[ Info: new_scs: [35]
[ Info: lp_scores: [5378.0]
[ Info: lp_scores: 5378.0
[ Info: current num of unfinished slices: 22, finished slices: 15
                      ┌                                        ┐ 
                   35 ┤■■■■■■■■■■■■ 1                            
                   36 ┤ 0                                        
                   37 ┤ 0                                        
                   38 ┤ 0                                        
                   39 ┤ 0                                        
                   40 ┤ 0                                        
                   41 ┤ 0                                        
                   42 ┤■■■■■■■■■■■■■■■■■■■■■■■■■ 2               
                   43 ┤■■■■■■■■■■■■ 1                            
                   44 ┤■■■■■■■■■■■■ 1                            
                   45 ┤■■■■■■■■■■■■ 1                            
                   46 ┤■■■■■■■■■■■■■■■■■■■■■■■■■ 2               
   sc, target = 31 47 ┤■■■■■■■■■■■■ 1                            
                   48 ┤■■■■■■■■■■■■ 1                            
                   49 ┤■■■■■■■■■■■■ 1                            
                   50 ┤ 0                                        
                   51 ┤■■■■■■■■■■■■ 1                            
                   52 ┤■■■■■■■■■■■■■■■■■■■■■■■■■■■■■■■■■■■■■ 3   
                   53 ┤■■■■■■■■■■■■ 1                            
                   54 ┤■■■■■■■■■■■■ 1                            
                   55 ┤ 0                                        
                   56 ┤ 0                                        
                   57 ┤■■■■■■■■■■■■■■■■■■■■■■■■■■■■■■■■■■■■■ 3   
                   58 ┤ 0                                        
                   59 ┤■■■■■■■■■■■■ 1                            
                   60 ┤■■■■■■■■■■■■ 1                            
                      └                                        ┘ 
                                     num of slices               
[ Info: slicing branch with sc: 35.0
[ Info: cc.sc: 35.0
region size: 10
tbl0_rows:29 filtered_rows:29
QIP_gurobi_bound: solver finished in 1.369 s (time_limit=100.0 s, status=OPTIMAL)
[ Info: slice 1, lp_score: 5378.0, primal_bound: 5378.0
QIP_gurobi_bound: solver finished in 1.263 s (time_limit=100.0 s, status=OPTIMAL)
[ Info: slice 2, lp_score: 5375.0, primal_bound: 5378.0
[ Info: new_scs: [35]
[ Info: lp_scores: [5378.0]
[ Info: lp_scores: 5378.0
[ Info: current num of unfinished slices: 22, finished slices: 15
                      ┌                                        ┐ 
                   35 ┤■■■■■■■■■■■■ 1                            
                   36 ┤ 0                                        
                   37 ┤ 0                                        
                   38 ┤ 0                                        
                   39 ┤ 0                                        
                   40 ┤ 0                                        
                   41 ┤ 0                                        
                   42 ┤■■■■■■■■■■■■■■■■■■■■■■■■■ 2               
                   43 ┤■■■■■■■■■■■■ 1                            
                   44 ┤■■■■■■■■■■■■ 1                            
                   45 ┤■■■■■■■■■■■■ 1                            
                   46 ┤■■■■■■■■■■■■■■■■■■■■■■■■■ 2               
   sc, target = 31 47 ┤■■■■■■■■■■■■ 1                            
                   48 ┤■■■■■■■■■■■■ 1                            
                   49 ┤■■■■■■■■■■■■ 1                            
                   50 ┤ 0                                        
                   51 ┤■■■■■■■■■■■■ 1                            
                   52 ┤■■■■■■■■■■■■■■■■■■■■■■■■■■■■■■■■■■■■■ 3   
                   53 ┤■■■■■■■■■■■■ 1                            
                   54 ┤■■■■■■■■■■■■ 1                            
                   55 ┤ 0                                        
                   56 ┤ 0                                        
                   57 ┤■■■■■■■■■■■■■■■■■■■■■■■■■■■■■■■■■■■■■ 3   
                   58 ┤ 0                                        
                   59 ┤■■■■■■■■■■■■ 1                            
                   60 ┤■■■■■■■■■■■■ 1                            
                      └                                        ┘ 
                                     num of slices               
[ Info: slicing branch with sc: 35.0
[ Info: cc.sc: 35.0
region size: 10
tbl0_rows:36 filtered_rows:36
QIP_gurobi_bound: solver finished in 1.812 s (time_limit=100.0 s, status=OPTIMAL)
[ Info: slice 1, lp_score: 5378.0, primal_bound: 5378.0
QIP_gurobi_bound: solver finished in 1.404 s (time_limit=100.0 s, status=OPTIMAL)
[ Info: slice 2, lp_score: 5370.0, primal_bound: 5378.0
[ Info: new_scs: [34]
[ Info: lp_scores: [5378.0]
[ Info: lp_scores: 5378.0
[ Info: current num of unfinished slices: 22, finished slices: 15
                      ┌                                        ┐ 
                   34 ┤■■■■■■■■■■■■ 1                            
                   35 ┤ 0                                        
                   36 ┤ 0                                        
                   37 ┤ 0                                        
                   38 ┤ 0                                        
                   39 ┤ 0                                        
                   40 ┤ 0                                        
                   41 ┤ 0                                        
                   42 ┤■■■■■■■■■■■■■■■■■■■■■■■■■ 2               
                   43 ┤■■■■■■■■■■■■ 1                            
                   44 ┤■■■■■■■■■■■■ 1                            
                   45 ┤■■■■■■■■■■■■ 1                            
                   46 ┤■■■■■■■■■■■■■■■■■■■■■■■■■ 2               
   sc, target = 31 47 ┤■■■■■■■■■■■■ 1                            
                   48 ┤■■■■■■■■■■■■ 1                            
                   49 ┤■■■■■■■■■■■■ 1                            
                   50 ┤ 0                                        
                   51 ┤■■■■■■■■■■■■ 1                            
                   52 ┤■■■■■■■■■■■■■■■■■■■■■■■■■■■■■■■■■■■■■ 3   
                   53 ┤■■■■■■■■■■■■ 1                            
                   54 ┤■■■■■■■■■■■■ 1                            
                   55 ┤ 0                                        
                   56 ┤ 0                                        
                   57 ┤■■■■■■■■■■■■■■■■■■■■■■■■■■■■■■■■■■■■■ 3   
                   58 ┤ 0                                        
                   59 ┤■■■■■■■■■■■■ 1                            
                   60 ┤■■■■■■■■■■■■ 1                            
                      └                                        ┘ 
                                     num of slices               
[ Info: slicing branch with sc: 34.0
[ Info: cc.sc: 34.0
region size: 10
tbl0_rows:42 filtered_rows:42
QIP_gurobi_bound: solver finished in 1.466 s (time_limit=100.0 s, status=OPTIMAL)
[ Info: slice 1, lp_score: 5375.0, primal_bound: 5378.0
QIP_gurobi_bound: solver finished in 1.387 s (time_limit=100.0 s, status=OPTIMAL)
[ Info: slice 2, lp_score: 5374.0, primal_bound: 5378.0
QIP_gurobi_bound: solver finished in 1.666 s (time_limit=100.0 s, status=OPTIMAL)
[ Info: slice 3, lp_score: 5372.0, primal_bound: 5378.0
QIP_gurobi_bound: solver finished in 1.349 s (time_limit=100.0 s, status=OPTIMAL)
[ Info: slice 4, lp_score: 5371.0, primal_bound: 5378.0
QIP_gurobi_bound: solver finished in 1.287 s (time_limit=100.0 s, status=OPTIMAL)
[ Info: slice 5, lp_score: 5376.0, primal_bound: 5378.0
QIP_gurobi_bound: solver finished in 4.955 s (time_limit=100.0 s, status=OPTIMAL)
[ Info: slice 6, lp_score: 5378.0, primal_bound: 5378.0
QIP_gurobi_bound: solver finished in 1.376 s (time_limit=100.0 s, status=OPTIMAL)
[ Info: slice 7, lp_score: 5366.0, primal_bound: 5378.0
QIP_gurobi_bound: solver finished in 1.309 s (time_limit=100.0 s, status=OPTIMAL)
[ Info: slice 8, lp_score: 5368.0, primal_bound: 5378.0
[ Info: new_scs: [31]
[ Info: lp_scores: [5378.0]
[ Info: lp_scores: 5378.0
[ Info: current num of unfinished slices: 22, finished slices: 15
                      ┌                                        ┐ 
                   31 ┤■■■■■■■■■■■■ 1                            
                   32 ┤ 0                                        
                   33 ┤ 0                                        
                   34 ┤ 0                                        
                   35 ┤ 0                                        
                   36 ┤ 0                                        
                   37 ┤ 0                                        
                   38 ┤ 0                                        
                   39 ┤ 0                                        
                   40 ┤ 0                                        
                   41 ┤ 0                                        
                   42 ┤■■■■■■■■■■■■■■■■■■■■■■■■■ 2               
                   43 ┤■■■■■■■■■■■■ 1                            
                   44 ┤■■■■■■■■■■■■ 1                            
   sc, target = 31 45 ┤■■■■■■■■■■■■ 1                            
                   46 ┤■■■■■■■■■■■■■■■■■■■■■■■■■ 2               
                   47 ┤■■■■■■■■■■■■ 1                            
                   48 ┤■■■■■■■■■■■■ 1                            
                   49 ┤■■■■■■■■■■■■ 1                            
                   50 ┤ 0                                        
                   51 ┤■■■■■■■■■■■■ 1                            
                   52 ┤■■■■■■■■■■■■■■■■■■■■■■■■■■■■■■■■■■■■■ 3   
                   53 ┤■■■■■■■■■■■■ 1                            
                   54 ┤■■■■■■■■■■■■ 1                            
                   55 ┤ 0                                        
                   56 ┤ 0                                        
                   57 ┤■■■■■■■■■■■■■■■■■■■■■■■■■■■■■■■■■■■■■ 3   
                   58 ┤ 0                                        
                   59 ┤■■■■■■■■■■■■ 1                            
                   60 ┤■■■■■■■■■■■■ 1                            
                      └                                        ┘ 
                                     num of slices               
[ Info: slicing branch with sc: 31.0
  [slice produced] sc=31.0 tc=46.83286596787448 nv=3553 ne=6928 r=49.5
QIP_value_gurobi: solver finished in 4.913 s (time_limit=604800.0 s, status=OPTIMAL)
[ Info: feasible solution: 5378.0, primal bound: 5378.0
[ Info: current num of unfinished slices: 21, finished slices: 16
                      ┌                                        ┐ 
                   42 ┤■■■■■■■■■■■■■■■■■■■■■■■■■ 2               
                   43 ┤■■■■■■■■■■■■ 1                            
                   44 ┤■■■■■■■■■■■■ 1                            
                   45 ┤■■■■■■■■■■■■ 1                            
                   46 ┤■■■■■■■■■■■■■■■■■■■■■■■■■ 2               
                   47 ┤■■■■■■■■■■■■ 1                            
                   48 ┤■■■■■■■■■■■■ 1                            
                   49 ┤■■■■■■■■■■■■ 1                            
                   50 ┤ 0                                        
   sc, target = 31 51 ┤■■■■■■■■■■■■ 1                            
                   52 ┤■■■■■■■■■■■■■■■■■■■■■■■■■■■■■■■■■■■■■ 3   
                   53 ┤■■■■■■■■■■■■ 1                            
                   54 ┤■■■■■■■■■■■■ 1                            
                   55 ┤ 0                                        
                   56 ┤ 0                                        
                   57 ┤■■■■■■■■■■■■■■■■■■■■■■■■■■■■■■■■■■■■■ 3   
                   58 ┤ 0                                        
                   59 ┤■■■■■■■■■■■■ 1                            
                   60 ┤■■■■■■■■■■■■ 1                            
                      └                                        ┘ 
                                     num of slices               
[ Info: slicing branch with sc: 42.0
[ Info: cc.sc: 42.0
region size: 10
tbl0_rows:50 filtered_rows:50
QIP_gurobi_bound: solver finished in 1.415 s (time_limit=100.0 s, status=OPTIMAL)
[ Info: slice 1, lp_score: 5377.0, primal_bound: 5378.0
QIP_gurobi_bound: solver finished in 1.443 s (time_limit=100.0 s, status=OPTIMAL)
[ Info: slice 2, lp_score: 5374.0, primal_bound: 5378.0
[ Info: new_scs: Int64[]
[ Info: lp_scores: Float64[]
[ Info: current num of unfinished slices: 20, finished slices: 16
                      ┌                                        ┐ 
                   42 ┤■■■■■■■■■■■■ 1                            
                   43 ┤■■■■■■■■■■■■ 1                            
                   44 ┤■■■■■■■■■■■■ 1                            
                   45 ┤■■■■■■■■■■■■ 1                            
                   46 ┤■■■■■■■■■■■■■■■■■■■■■■■■■ 2               
                   47 ┤■■■■■■■■■■■■ 1                            
                   48 ┤■■■■■■■■■■■■ 1                            
                   49 ┤■■■■■■■■■■■■ 1                            
                   50 ┤ 0                                        
   sc, target = 31 51 ┤■■■■■■■■■■■■ 1                            
                   52 ┤■■■■■■■■■■■■■■■■■■■■■■■■■■■■■■■■■■■■■ 3   
                   53 ┤■■■■■■■■■■■■ 1                            
                   54 ┤■■■■■■■■■■■■ 1                            
                   55 ┤ 0                                        
                   56 ┤ 0                                        
                   57 ┤■■■■■■■■■■■■■■■■■■■■■■■■■■■■■■■■■■■■■ 3   
                   58 ┤ 0                                        
                   59 ┤■■■■■■■■■■■■ 1                            
                   60 ┤■■■■■■■■■■■■ 1                            
                      └                                        ┘ 
                                     num of slices               
[ Info: slicing branch with sc: 42.0
[ Info: cc.sc: 42.0
region size: 10
tbl0_rows:37 filtered_rows:37
QIP_gurobi_bound: solver finished in 1.499 s (time_limit=100.0 s, status=OPTIMAL)
[ Info: slice 1, lp_score: 5375.0, primal_bound: 5378.0
QIP_gurobi_bound: solver finished in 1.648 s (time_limit=100.0 s, status=OPTIMAL)
[ Info: slice 2, lp_score: 5377.0, primal_bound: 5378.0
[ Info: new_scs: Int64[]
[ Info: lp_scores: Float64[]
[ Info: current num of unfinished slices: 19, finished slices: 16
                      ┌                                        ┐ 
                   43 ┤■■■■■■■■■■■■ 1                            
                   44 ┤■■■■■■■■■■■■ 1                            
                   45 ┤■■■■■■■■■■■■ 1                            
                   46 ┤■■■■■■■■■■■■■■■■■■■■■■■■■ 2               
                   47 ┤■■■■■■■■■■■■ 1                            
                   48 ┤■■■■■■■■■■■■ 1                            
                   49 ┤■■■■■■■■■■■■ 1                            
                   50 ┤ 0                                        
   sc, target = 31 51 ┤■■■■■■■■■■■■ 1                            
                   52 ┤■■■■■■■■■■■■■■■■■■■■■■■■■■■■■■■■■■■■■ 3   
                   53 ┤■■■■■■■■■■■■ 1                            
                   54 ┤■■■■■■■■■■■■ 1                            
                   55 ┤ 0                                        
                   56 ┤ 0                                        
                   57 ┤■■■■■■■■■■■■■■■■■■■■■■■■■■■■■■■■■■■■■ 3   
                   58 ┤ 0                                        
                   59 ┤■■■■■■■■■■■■ 1                            
                   60 ┤■■■■■■■■■■■■ 1                            
                      └                                        ┘ 
                                     num of slices               
[ Info: slicing branch with sc: 43.0
[ Info: cc.sc: 43.0
region size: 10
tbl0_rows:27 filtered_rows:27
QIP_gurobi_bound: solver finished in 1.495 s (time_limit=100.0 s, status=OPTIMAL)
[ Info: slice 1, lp_score: 5374.0, primal_bound: 5378.0
QIP_gurobi_bound: solver finished in 1.403 s (time_limit=100.0 s, status=OPTIMAL)
[ Info: slice 2, lp_score: 5376.0, primal_bound: 5378.0
[ Info: new_scs: Int64[]
[ Info: lp_scores: Float64[]
[ Info: current num of unfinished slices: 18, finished slices: 16
                      ┌                                        ┐ 
                   44 ┤■■■■■■■■■■■■ 1                            
                   45 ┤■■■■■■■■■■■■ 1                            
                   46 ┤■■■■■■■■■■■■■■■■■■■■■■■■■ 2               
                   47 ┤■■■■■■■■■■■■ 1                            
                   48 ┤■■■■■■■■■■■■ 1                            
                   49 ┤■■■■■■■■■■■■ 1                            
                   50 ┤ 0                                        
                   51 ┤■■■■■■■■■■■■ 1                            
   sc, target = 31 52 ┤■■■■■■■■■■■■■■■■■■■■■■■■■■■■■■■■■■■■■ 3   
                   53 ┤■■■■■■■■■■■■ 1                            
                   54 ┤■■■■■■■■■■■■ 1                            
                   55 ┤ 0                                        
                   56 ┤ 0                                        
                   57 ┤■■■■■■■■■■■■■■■■■■■■■■■■■■■■■■■■■■■■■ 3   
                   58 ┤ 0                                        
                   59 ┤■■■■■■■■■■■■ 1                            
                   60 ┤■■■■■■■■■■■■ 1                            
                      └                                        ┘ 
                                     num of slices               
[ Info: slicing branch with sc: 44.0
[ Info: cc.sc: 44.0
region size: 10
tbl0_rows:72 filtered_rows:72
QIP_gurobi_bound: solver finished in 1.413 s (time_limit=100.0 s, status=OPTIMAL)
[ Info: slice 1, lp_score: 5374.0, primal_bound: 5378.0
QIP_gurobi_bound: solver finished in 1.516 s (time_limit=100.0 s, status=OPTIMAL)
[ Info: slice 2, lp_score: 5376.0, primal_bound: 5378.0
[ Info: new_scs: Int64[]
[ Info: lp_scores: Float64[]
[ Info: current num of unfinished slices: 17, finished slices: 16
                      ┌                                        ┐ 
                   45 ┤■■■■■■■■■■■■ 1                            
                   46 ┤■■■■■■■■■■■■■■■■■■■■■■■■■ 2               
                   47 ┤■■■■■■■■■■■■ 1                            
                   48 ┤■■■■■■■■■■■■ 1                            
                   49 ┤■■■■■■■■■■■■ 1                            
                   50 ┤ 0                                        
                   51 ┤■■■■■■■■■■■■ 1                            
   sc, target = 31 52 ┤■■■■■■■■■■■■■■■■■■■■■■■■■■■■■■■■■■■■■ 3   
                   53 ┤■■■■■■■■■■■■ 1                            
                   54 ┤■■■■■■■■■■■■ 1                            
                   55 ┤ 0                                        
                   56 ┤ 0                                        
                   57 ┤■■■■■■■■■■■■■■■■■■■■■■■■■■■■■■■■■■■■■ 3   
                   58 ┤ 0                                        
                   59 ┤■■■■■■■■■■■■ 1                            
                   60 ┤■■■■■■■■■■■■ 1                            
                      └                                        ┘ 
                                     num of slices               
[ Info: slicing branch with sc: 45.0
[ Info: cc.sc: 45.0
region size: 10
tbl0_rows:72 filtered_rows:72
QIP_gurobi_bound: solver finished in 1.649 s (time_limit=100.0 s, status=OPTIMAL)
[ Info: slice 1, lp_score: 5372.0, primal_bound: 5378.0
QIP_gurobi_bound: solver finished in 1.957 s (time_limit=100.0 s, status=OPTIMAL)
[ Info: slice 2, lp_score: 5374.0, primal_bound: 5378.0
[ Info: new_scs: Int64[]
[ Info: lp_scores: Float64[]
[ Info: current num of unfinished slices: 16, finished slices: 16
                      ┌                                        ┐ 
                   46 ┤■■■■■■■■■■■■■■■■■■■■■■■■■ 2               
                   47 ┤■■■■■■■■■■■■ 1                            
                   48 ┤■■■■■■■■■■■■ 1                            
                   49 ┤■■■■■■■■■■■■ 1                            
                   50 ┤ 0                                        
                   51 ┤■■■■■■■■■■■■ 1                            
                   52 ┤■■■■■■■■■■■■■■■■■■■■■■■■■■■■■■■■■■■■■ 3   
   sc, target = 31 53 ┤■■■■■■■■■■■■ 1                            
                   54 ┤■■■■■■■■■■■■ 1                            
                   55 ┤ 0                                        
                   56 ┤ 0                                        
                   57 ┤■■■■■■■■■■■■■■■■■■■■■■■■■■■■■■■■■■■■■ 3   
                   58 ┤ 0                                        
                   59 ┤■■■■■■■■■■■■ 1                            
                   60 ┤■■■■■■■■■■■■ 1                            
                      └                                        ┘ 
                                     num of slices               
[ Info: slicing branch with sc: 46.0
[ Info: cc.sc: 46.0
region size: 10
tbl0_rows:57 filtered_rows:57
QIP_gurobi_bound: solver finished in 1.442 s (time_limit=100.0 s, status=OPTIMAL)
[ Info: slice 1, lp_score: 5375.0, primal_bound: 5378.0
QIP_gurobi_bound: solver finished in 1.405 s (time_limit=100.0 s, status=OPTIMAL)
[ Info: slice 2, lp_score: 5377.0, primal_bound: 5378.0
[ Info: new_scs: Int64[]
[ Info: lp_scores: Float64[]
[ Info: current num of unfinished slices: 15, finished slices: 16
                      ┌                                        ┐ 
                   46 ┤■■■■■■■■■■■■ 1                            
                   47 ┤■■■■■■■■■■■■ 1                            
                   48 ┤■■■■■■■■■■■■ 1                            
                   49 ┤■■■■■■■■■■■■ 1                            
                   50 ┤ 0                                        
                   51 ┤■■■■■■■■■■■■ 1                            
                   52 ┤■■■■■■■■■■■■■■■■■■■■■■■■■■■■■■■■■■■■■ 3   
   sc, target = 31 53 ┤■■■■■■■■■■■■ 1                            
                   54 ┤■■■■■■■■■■■■ 1                            
                   55 ┤ 0                                        
                   56 ┤ 0                                        
                   57 ┤■■■■■■■■■■■■■■■■■■■■■■■■■■■■■■■■■■■■■ 3   
                   58 ┤ 0                                        
                   59 ┤■■■■■■■■■■■■ 1                            
                   60 ┤■■■■■■■■■■■■ 1                            
                      └                                        ┘ 
                                     num of slices               
[ Info: slicing branch with sc: 48.0
[ Info: cc.sc: 48.0
region size: 10
tbl0_rows:53 filtered_rows:53
QIP_gurobi_bound: solver finished in 1.791 s (time_limit=100.0 s, status=OPTIMAL)
[ Info: slice 1, lp_score: 5376.0, primal_bound: 5378.0
QIP_gurobi_bound: solver finished in 1.495 s (time_limit=100.0 s, status=OPTIMAL)
[ Info: slice 2, lp_score: 5377.0, primal_bound: 5378.0
[ Info: new_scs: Int64[]
[ Info: lp_scores: Float64[]
[ Info: current num of unfinished slices: 14, finished slices: 16
                      ┌                                        ┐ 
                   46 ┤■■■■■■■■■■■■ 1                            
                   47 ┤■■■■■■■■■■■■ 1                            
                   48 ┤ 0                                        
                   49 ┤■■■■■■■■■■■■ 1                            
                   50 ┤ 0                                        
                   51 ┤■■■■■■■■■■■■ 1                            
                   52 ┤■■■■■■■■■■■■■■■■■■■■■■■■■■■■■■■■■■■■■ 3   
   sc, target = 31 53 ┤■■■■■■■■■■■■ 1                            
                   54 ┤■■■■■■■■■■■■ 1                            
                   55 ┤ 0                                        
                   56 ┤ 0                                        
                   57 ┤■■■■■■■■■■■■■■■■■■■■■■■■■■■■■■■■■■■■■ 3   
                   58 ┤ 0                                        
                   59 ┤■■■■■■■■■■■■ 1                            
                   60 ┤■■■■■■■■■■■■ 1                            
                      └                                        ┘ 
                                     num of slices               
[ Info: slicing branch with sc: 46.0
[ Info: cc.sc: 46.0
region size: 10
tbl0_rows:43 filtered_rows:43
QIP_gurobi_bound: solver finished in 1.388 s (time_limit=100.0 s, status=OPTIMAL)
[ Info: slice 1, lp_score: 5364.0, primal_bound: 5378.0
QIP_gurobi_bound: solver finished in 1.538 s (time_limit=100.0 s, status=OPTIMAL)
[ Info: slice 2, lp_score: 5363.0, primal_bound: 5378.0
[ Info: new_scs: Int64[]
[ Info: lp_scores: Float64[]
[ Info: current num of unfinished slices: 13, finished slices: 16
                      ┌                                        ┐ 
                   47 ┤■■■■■■■■■■■■ 1                            
                   48 ┤ 0                                        
                   49 ┤■■■■■■■■■■■■ 1                            
                   50 ┤ 0                                        
                   51 ┤■■■■■■■■■■■■ 1                            
                   52 ┤■■■■■■■■■■■■■■■■■■■■■■■■■■■■■■■■■■■■■ 3   
   sc, target = 31 53 ┤■■■■■■■■■■■■ 1                            
                   54 ┤■■■■■■■■■■■■ 1                            
                   55 ┤ 0                                        
                   56 ┤ 0                                        
                   57 ┤■■■■■■■■■■■■■■■■■■■■■■■■■■■■■■■■■■■■■ 3   
                   58 ┤ 0                                        
                   59 ┤■■■■■■■■■■■■ 1                            
                   60 ┤■■■■■■■■■■■■ 1                            
                      └                                        ┘ 
                                     num of slices               
[ Info: slicing branch with sc: 47.0
[ Info: cc.sc: 47.0
region size: 10
tbl0_rows:43 filtered_rows:43
QIP_gurobi_bound: solver finished in 1.545 s (time_limit=100.0 s, status=OPTIMAL)
[ Info: slice 1, lp_score: 5364.0, primal_bound: 5378.0
QIP_gurobi_bound: solver finished in 1.52 s (time_limit=100.0 s, status=OPTIMAL)
[ Info: slice 2, lp_score: 5364.0, primal_bound: 5378.0
[ Info: new_scs: Int64[]
[ Info: lp_scores: Float64[]
[ Info: current num of unfinished slices: 12, finished slices: 16
                      ┌                                        ┐ 
                   49 ┤■■■■■■■■■■■■ 1                            
                   50 ┤ 0                                        
                   51 ┤■■■■■■■■■■■■ 1                            
                   52 ┤■■■■■■■■■■■■■■■■■■■■■■■■■■■■■■■■■■■■■ 3   
                   53 ┤■■■■■■■■■■■■ 1                            
   sc, target = 31 54 ┤■■■■■■■■■■■■ 1                            
                   55 ┤ 0                                        
                   56 ┤ 0                                        
                   57 ┤■■■■■■■■■■■■■■■■■■■■■■■■■■■■■■■■■■■■■ 3   
                   58 ┤ 0                                        
                   59 ┤■■■■■■■■■■■■ 1                            
                   60 ┤■■■■■■■■■■■■ 1                            
                      └                                        ┘ 
                                     num of slices               
[ Info: slicing branch with sc: 49.0
[ Info: cc.sc: 49.0
region size: 10
tbl0_rows:46 filtered_rows:46
QIP_gurobi_bound: solver finished in 1.687 s (time_limit=100.0 s, status=OPTIMAL)
[ Info: slice 1, lp_score: 5372.0, primal_bound: 5378.0
QIP_gurobi_bound: solver finished in 1.584 s (time_limit=100.0 s, status=OPTIMAL)
[ Info: slice 2, lp_score: 5376.0, primal_bound: 5378.0
[ Info: new_scs: Int64[]
[ Info: lp_scores: Float64[]
[ Info: current num of unfinished slices: 11, finished slices: 16
                      ┌                                        ┐ 
                   51 ┤■■■■■■■■■■■■ 1                            
                   52 ┤■■■■■■■■■■■■■■■■■■■■■■■■■■■■■■■■■■■■■ 3   
                   53 ┤■■■■■■■■■■■■ 1                            
                   54 ┤■■■■■■■■■■■■ 1                            
   sc, target = 31 55 ┤ 0                                        
                   56 ┤ 0                                        
                   57 ┤■■■■■■■■■■■■■■■■■■■■■■■■■■■■■■■■■■■■■ 3   
                   58 ┤ 0                                        
                   59 ┤■■■■■■■■■■■■ 1                            
                   60 ┤■■■■■■■■■■■■ 1                            
                      └                                        ┘ 
                                     num of slices               
[ Info: slicing branch with sc: 52.0
[ Info: cc.sc: 52.0
region size: 10
tbl0_rows:51 filtered_rows:51
QIP_gurobi_bound: solver finished in 1.695 s (time_limit=100.0 s, status=OPTIMAL)
[ Info: slice 1, lp_score: 5376.0, primal_bound: 5378.0
QIP_gurobi_bound: solver finished in 1.468 s (time_limit=100.0 s, status=OPTIMAL)
[ Info: slice 2, lp_score: 5374.0, primal_bound: 5378.0
[ Info: new_scs: Int64[]
[ Info: lp_scores: Float64[]
[ Info: current num of unfinished slices: 10, finished slices: 16
                      ┌                                        ┐ 
                   51 ┤■■■■■■■■■■■■ 1                            
                   52 ┤■■■■■■■■■■■■■■■■■■■■■■■■■ 2               
                   53 ┤■■■■■■■■■■■■ 1                            
                   54 ┤■■■■■■■■■■■■ 1                            
   sc, target = 31 55 ┤ 0                                        
                   56 ┤ 0                                        
                   57 ┤■■■■■■■■■■■■■■■■■■■■■■■■■■■■■■■■■■■■■ 3   
                   58 ┤ 0                                        
                   59 ┤■■■■■■■■■■■■ 1                            
                   60 ┤■■■■■■■■■■■■ 1                            
                      └                                        ┘ 
                                     num of slices               
[ Info: slicing branch with sc: 52.0
[ Info: cc.sc: 52.0
region size: 10
tbl0_rows:82 filtered_rows:82
QIP_gurobi_bound: solver finished in 2.256 s (time_limit=100.0 s, status=OPTIMAL)
[ Info: slice 1, lp_score: 5373.0, primal_bound: 5378.0
QIP_gurobi_bound: solver finished in 1.768 s (time_limit=100.0 s, status=OPTIMAL)
[ Info: slice 2, lp_score: 5371.0, primal_bound: 5378.0
[ Info: new_scs: Int64[]
[ Info: lp_scores: Float64[]
[ Info: current num of unfinished slices: 9, finished slices: 16
                      ┌                                        ┐ 
                   51 ┤■■■■■■■■■■■■ 1                            
                   52 ┤■■■■■■■■■■■■ 1                            
                   53 ┤■■■■■■■■■■■■ 1                            
                   54 ┤■■■■■■■■■■■■ 1                            
   sc, target = 31 55 ┤ 0                                        
                   56 ┤ 0                                        
                   57 ┤■■■■■■■■■■■■■■■■■■■■■■■■■■■■■■■■■■■■■ 3   
                   58 ┤ 0                                        
                   59 ┤■■■■■■■■■■■■ 1                            
                   60 ┤■■■■■■■■■■■■ 1                            
                      └                                        ┘ 
                                     num of slices               
[ Info: slicing branch with sc: 53.0
[ Info: cc.sc: 53.0
region size: 10
tbl0_rows:82 filtered_rows:82
QIP_gurobi_bound: solver finished in 1.769 s (time_limit=100.0 s, status=OPTIMAL)
[ Info: slice 1, lp_score: 5373.0, primal_bound: 5378.0
QIP_gurobi_bound: solver finished in 1.627 s (time_limit=100.0 s, status=OPTIMAL)
[ Info: slice 2, lp_score: 5371.0, primal_bound: 5378.0
[ Info: new_scs: Int64[]
[ Info: lp_scores: Float64[]
[ Info: current num of unfinished slices: 8, finished slices: 16
                      ┌                                        ┐ 
                   51 ┤■■■■■■■■■■■■ 1                            
                   52 ┤■■■■■■■■■■■■ 1                            
                   53 ┤ 0                                        
                   54 ┤■■■■■■■■■■■■ 1                            
   sc, target = 31 55 ┤ 0                                        
                   56 ┤ 0                                        
                   57 ┤■■■■■■■■■■■■■■■■■■■■■■■■■■■■■■■■■■■■■ 3   
                   58 ┤ 0                                        
                   59 ┤■■■■■■■■■■■■ 1                            
                   60 ┤■■■■■■■■■■■■ 1                            
                      └                                        ┘ 
                                     num of slices               
[ Info: slicing branch with sc: 52.0
[ Info: cc.sc: 52.0
region size: 10
tbl0_rows:82 filtered_rows:82
QIP_gurobi_bound: solver finished in 1.409 s (time_limit=100.0 s, status=OPTIMAL)
[ Info: slice 1, lp_score: 5372.0, primal_bound: 5378.0
QIP_gurobi_bound: solver finished in 1.452 s (time_limit=100.0 s, status=OPTIMAL)
[ Info: slice 2, lp_score: 5370.0, primal_bound: 5378.0
[ Info: new_scs: Int64[]
[ Info: lp_scores: Float64[]
[ Info: current num of unfinished slices: 7, finished slices: 16
                      ┌                                        ┐ 
                   51 ┤■■■■■■■■■■■■ 1                            
                   52 ┤ 0                                        
                   53 ┤ 0                                        
                   54 ┤■■■■■■■■■■■■ 1                            
   sc, target = 31 55 ┤ 0                                        
                   56 ┤ 0                                        
                   57 ┤■■■■■■■■■■■■■■■■■■■■■■■■■■■■■■■■■■■■■ 3   
                   58 ┤ 0                                        
                   59 ┤■■■■■■■■■■■■ 1                            
                   60 ┤■■■■■■■■■■■■ 1                            
                      └                                        ┘ 
                                     num of slices               
[ Info: slicing branch with sc: 51.0
[ Info: cc.sc: 51.0
region size: 10
tbl0_rows:82 filtered_rows:82
QIP_gurobi_bound: solver finished in 1.588 s (time_limit=100.0 s, status=OPTIMAL)
[ Info: slice 1, lp_score: 5370.0, primal_bound: 5378.0
QIP_gurobi_bound: solver finished in 1.578 s (time_limit=100.0 s, status=OPTIMAL)
[ Info: slice 2, lp_score: 5368.0, primal_bound: 5378.0
[ Info: new_scs: Int64[]
[ Info: lp_scores: Float64[]
[ Info: current num of unfinished slices: 6, finished slices: 16
                      ┌                                        ┐ 
                   54 ┤■■■■■■■■■■■■ 1                            
                   55 ┤ 0                                        
                   56 ┤ 0                                        
   sc, target = 31 57 ┤■■■■■■■■■■■■■■■■■■■■■■■■■■■■■■■■■■■■■ 3   
                   58 ┤ 0                                        
                   59 ┤■■■■■■■■■■■■ 1                            
                   60 ┤■■■■■■■■■■■■ 1                            
                      └                                        ┘ 
                                     num of slices               
[ Info: slicing branch with sc: 54.0
[ Info: cc.sc: 54.0
region size: 10
tbl0_rows:82 filtered_rows:82
QIP_gurobi_bound: solver finished in 1.833 s (time_limit=100.0 s, status=OPTIMAL)
[ Info: slice 1, lp_score: 5372.0, primal_bound: 5378.0
QIP_gurobi_bound: solver finished in 1.649 s (time_limit=100.0 s, status=OPTIMAL)
[ Info: slice 2, lp_score: 5370.0, primal_bound: 5378.0
[ Info: new_scs: Int64[]
[ Info: lp_scores: Float64[]
[ Info: current num of unfinished slices: 5, finished slices: 16
                      ┌                                        ┐ 
                   57 ┤■■■■■■■■■■■■■■■■■■■■■■■■■■■■■■■■■■■■■ 3   
   sc, target = 31 58 ┤ 0                                        
                   59 ┤■■■■■■■■■■■■ 1                            
                   60 ┤■■■■■■■■■■■■ 1                            
                      └                                        ┘ 
                                     num of slices               
[ Info: slicing branch with sc: 57.0
[ Info: cc.sc: 57.0
region size: 10
tbl0_rows:67 filtered_rows:67
QIP_gurobi_bound: solver finished in 1.529 s (time_limit=100.0 s, status=OPTIMAL)
[ Info: slice 1, lp_score: 5372.0, primal_bound: 5378.0
QIP_gurobi_bound: solver finished in 6.293 s (time_limit=100.0 s, status=OPTIMAL)
[ Info: slice 2, lp_score: 5367.0, primal_bound: 5378.0
[ Info: new_scs: Int64[]
[ Info: lp_scores: Float64[]
[ Info: current num of unfinished slices: 4, finished slices: 16
                      ┌                                        ┐ 
                   57 ┤■■■■■■■■■■■■■■■■■■■■■■■■■■■■■■■■■■■■■ 2   
   sc, target = 31 58 ┤ 0                                        
                   59 ┤■■■■■■■■■■■■■■■■■■■ 1                     
                   60 ┤■■■■■■■■■■■■■■■■■■■ 1                     
                      └                                        ┘ 
                                     num of slices               
[ Info: slicing branch with sc: 60.0
[ Info: cc.sc: 60.0
region size: 10
tbl0_rows:37 filtered_rows:37
QIP_gurobi_bound: solver finished in 1.531 s (time_limit=100.0 s, status=OPTIMAL)
[ Info: slice 1, lp_score: 5371.0, primal_bound: 5378.0
QIP_gurobi_bound: solver finished in 1.418 s (time_limit=100.0 s, status=OPTIMAL)
[ Info: slice 2, lp_score: 5377.0, primal_bound: 5378.0
QIP_gurobi_bound: solver finished in 6.036 s (time_limit=100.0 s, status=OPTIMAL)
[ Info: slice 3, lp_score: 5371.0, primal_bound: 5378.0
[ Info: new_scs: Int64[]
[ Info: lp_scores: Float64[]
[ Info: current num of unfinished slices: 3, finished slices: 16
                      ┌                                        ┐ 
                   57 ┤■■■■■■■■■■■■■■■■■■■■■■■■■■■■■■■■■■■■■ 2   
   sc, target = 31 58 ┤ 0                                        
                   59 ┤■■■■■■■■■■■■■■■■■■■ 1                     
                      └                                        ┘ 
                                     num of slices               
[ Info: slicing branch with sc: 59.0
[ Info: cc.sc: 59.0
region size: 10
tbl0_rows:37 filtered_rows:37
QIP_gurobi_bound: solver finished in 5.815 s (time_limit=100.0 s, status=OPTIMAL)
[ Info: slice 1, lp_score: 5377.0, primal_bound: 5378.0
QIP_gurobi_bound: solver finished in 1.602 s (time_limit=100.0 s, status=OPTIMAL)
[ Info: slice 2, lp_score: 5371.0, primal_bound: 5378.0
QIP_gurobi_bound: solver finished in 6.349 s (time_limit=100.0 s, status=OPTIMAL)
[ Info: slice 3, lp_score: 5371.0, primal_bound: 5378.0
[ Info: new_scs: Int64[]
[ Info: lp_scores: Float64[]
[ Info: current num of unfinished slices: 2, finished slices: 16
                      ┌                                        ┐ 
   sc, target = 31 57 ┤■■■■■■■■■■■■■■■■■■■■■■■■■■■■■■■■■■■■■ 2   
                      └                                        ┘ 
                                     num of slices               
[ Info: slicing branch with sc: 57.0
[ Info: cc.sc: 57.0
region size: 10
tbl0_rows:37 filtered_rows:37
QIP_gurobi_bound: solver finished in 1.572 s (time_limit=100.0 s, status=OPTIMAL)
[ Info: slice 1, lp_score: 5370.0, primal_bound: 5378.0
QIP_gurobi_bound: solver finished in 1.467 s (time_limit=100.0 s, status=OPTIMAL)
[ Info: slice 2, lp_score: 5370.0, primal_bound: 5378.0
QIP_gurobi_bound: solver finished in 1.497 s (time_limit=100.0 s, status=OPTIMAL)
[ Info: slice 3, lp_score: 5376.0, primal_bound: 5378.0
[ Info: new_scs: Int64[]
[ Info: lp_scores: Float64[]
[ Info: current num of unfinished slices: 1, finished slices: 16
                      ┌                                        ┐ 
   sc, target = 31 57 ┤■■■■■■■■■■■■■■■■■■■■■■■■■■■■■■■■■■■■■ 1   
                      └                                        ┘ 
                                     num of slices               
[ Info: slicing branch with sc: 57.0
[ Info: cc.sc: 57.0
region size: 10
tbl0_rows:37 filtered_rows:37
QIP_gurobi_bound: solver finished in 1.53 s (time_limit=100.0 s, status=OPTIMAL)
[ Info: slice 1, lp_score: 5374.0, primal_bound: 5378.0
QIP_gurobi_bound: solver finished in 1.634 s (time_limit=100.0 s, status=OPTIMAL)
[ Info: slice 2, lp_score: 5368.0, primal_bound: 5378.0
QIP_gurobi_bound: solver finished in 2.447 s (time_limit=100.0 s, status=OPTIMAL)
[ Info: slice 3, lp_score: 5368.0, primal_bound: 5378.0
[ Info: new_scs: Int64[]
[ Info: lp_scores: Float64[]
  finished 16 slice(s) in 5703.394s; persisting ...
  saved 16 slice(s) to /data/wangyijia/mwis/beyond_mis/branch_results/grid_Jpm1_n=60_seed=1_cheating
  branching wall time (s): 5703.39407992363
