WARNING: method definition for slice_dfs at /data/wangyijia/mwis/beyond_mis/hacked_funcs/src/spin_glass_ground_counting.jl:15 declares type variable RT but does not use it.
WARNING: method definition for #slice_dfs_lp#1 at /data/wangyijia/mwis/beyond_mis/hacked_funcs/src/spin_glass_ground_counting.jl:54 declares type variable RT but does not use it.
============================================================
[slice_spin_glass] model=../../hacked_funcs/benchmarks/models/spin_glass_models/nn_pm1/spin_glass_J±1_grid_n=60_seed=9.model  sc_target=31
============================================================
  model_name : spin_glass_J±1_grid_n=60_seed=9_cheating
  family     : j1pm1
  graph_type : grid_Jpm1
  vertices   : 3600
  edges      : 7080
  h_default  : 0.5
  meta       : Dict{String, Any}("model_path" => "/data/wangyijia/mwis/beyond_mis/hacked_funcs/benchmarks/models/spin_glass_models/nn_pm1/spin_glass_J±1_grid_n=60_seed=9.model", "family" => "j1pm1", "sc_target" => 31, "seed" => 9, "h" => 0.5, "n" => 60)
    code seed=1 -> tc=80.09371783534996, sc=61.0, rw=68.53406005374211
    code seed=2 -> tc=79.00672651368107, sc=61.0, rw=68.11971796485439
  best code complexity over seeds [1, 2]: Time complexity: 2^79.00672651368107
Space complexity: 2^61.0
Read-write complexity: 2^68.11971796485439
  branch results root : /data/wangyijia/mwis/beyond_mis/branch_results
  slice subdir        : grid_Jpm1_n=60_seed=9_cheating
Set parameter LicenseID to value 2803191
QIP_gurobi_bound: solver finished in 1.589 s (time_limit=300.0 s, status=OPTIMAL)
[ Info: initial lp_bound: 5348.0
[ Info: slicing branch with sc: 61.0
[ Info: cc.sc: 61.0
region size: 10
QIP_gurobi_bound: solver finished in 1.64 s (time_limit=100.0 s, status=OPTIMAL)
[ Info: slice 1, lp_score: 5343.0, primal_bound: 0.0
QIP_gurobi_bound: solver finished in 1.39 s (time_limit=100.0 s, status=OPTIMAL)
[ Info: slice 2, lp_score: 5345.0, primal_bound: 0.0
QIP_gurobi_bound: solver finished in 1.363 s (time_limit=100.0 s, status=OPTIMAL)
[ Info: slice 3, lp_score: 5347.0, primal_bound: 0.0
QIP_gurobi_bound: solver finished in 1.33 s (time_limit=100.0 s, status=OPTIMAL)
[ Info: slice 4, lp_score: 5345.0, primal_bound: 0.0
QIP_gurobi_bound: solver finished in 1.355 s (time_limit=100.0 s, status=OPTIMAL)
[ Info: slice 5, lp_score: 5338.0, primal_bound: 0.0
QIP_gurobi_bound: solver finished in 5.316 s (time_limit=100.0 s, status=OPTIMAL)
[ Info: slice 6, lp_score: 5348.0, primal_bound: 0.0
[ Info: new_scs: [58, 58, 57, 60, 57, 58]
[ Info: lp_scores: [5348.0, 5347.0, 5345.0, 5345.0, 5343.0, 5338.0]
[ Info: lp_scores: 5338.0
[ Info: lp_scores: 5343.0
[ Info: lp_scores: 5345.0
[ Info: lp_scores: 5345.0
[ Info: lp_scores: 5347.0
[ Info: lp_scores: 5348.0
[ Info: current num of unfinished slices: 6, finished slices: 0
                      ┌                                        ┐ 
                   57 ┤■■■■■■■■■■■■■■■■■■■■■■■■■ 2               
   sc, target = 31 58 ┤■■■■■■■■■■■■■■■■■■■■■■■■■■■■■■■■■■■■■ 3   
                   59 ┤ 0                                        
                   60 ┤■■■■■■■■■■■■ 1                            
                      └                                        ┘ 
                                     num of slices               
[ Info: slicing branch with sc: 58.0
[ Info: cc.sc: 58.0
region size: 10
QIP_gurobi_bound: solver finished in 1.437 s (time_limit=100.0 s, status=OPTIMAL)
[ Info: slice 1, lp_score: 5348.0, primal_bound: 0.0
QIP_gurobi_bound: solver finished in 1.415 s (time_limit=100.0 s, status=OPTIMAL)
[ Info: slice 2, lp_score: 5348.0, primal_bound: 0.0
[ Info: new_scs: [57, 57]
[ Info: lp_scores: [5348.0, 5348.0]
[ Info: lp_scores: 5348.0
[ Info: lp_scores: 5348.0
[ Info: current num of unfinished slices: 7, finished slices: 0
                      ┌                                        ┐ 
                   57 ┤■■■■■■■■■■■■■■■■■■■■■■■■■■■■■■■■■■■■■ 4   
   sc, target = 31 58 ┤■■■■■■■■■■■■■■■■■■■ 2                     
                   59 ┤ 0                                        
                   60 ┤■■■■■■■■■ 1                               
                      └                                        ┘ 
                                     num of slices               
[ Info: slicing branch with sc: 57.0
[ Info: cc.sc: 57.0
region size: 10
QIP_gurobi_bound: solver finished in 1.275 s (time_limit=100.0 s, status=OPTIMAL)
[ Info: slice 1, lp_score: 5343.0, primal_bound: 0.0
QIP_gurobi_bound: solver finished in 1.297 s (time_limit=100.0 s, status=OPTIMAL)
[ Info: slice 2, lp_score: 5338.0, primal_bound: 0.0
QIP_gurobi_bound: solver finished in 1.573 s (time_limit=100.0 s, status=OPTIMAL)
[ Info: slice 3, lp_score: 5340.0, primal_bound: 0.0
QIP_gurobi_bound: solver finished in 2.077 s (time_limit=100.0 s, status=OPTIMAL)
[ Info: slice 4, lp_score: 5348.0, primal_bound: 0.0
[ Info: new_scs: [54, 56, 53, 53]
[ Info: lp_scores: [5348.0, 5343.0, 5340.0, 5338.0]
[ Info: lp_scores: 5338.0
[ Info: lp_scores: 5340.0
[ Info: lp_scores: 5343.0
[ Info: lp_scores: 5348.0
[ Info: current num of unfinished slices: 10, finished slices: 0
                      ┌                                        ┐ 
                   53 ┤■■■■■■■■■■■■■■■■■■■■■■■■■ 2               
                   54 ┤■■■■■■■■■■■■ 1                            
                   55 ┤ 0                                        
   sc, target = 31 56 ┤■■■■■■■■■■■■ 1                            
                   57 ┤■■■■■■■■■■■■■■■■■■■■■■■■■■■■■■■■■■■■■ 3   
                   58 ┤■■■■■■■■■■■■■■■■■■■■■■■■■ 2               
                   59 ┤ 0                                        
                   60 ┤■■■■■■■■■■■■ 1                            
                      └                                        ┘ 
                                     num of slices               
[ Info: slicing branch with sc: 54.0
[ Info: cc.sc: 54.0
region size: 10
QIP_gurobi_bound: solver finished in 1.429 s (time_limit=100.0 s, status=OPTIMAL)
[ Info: slice 1, lp_score: 5345.0, primal_bound: 0.0
QIP_gurobi_bound: solver finished in 1.447 s (time_limit=100.0 s, status=OPTIMAL)
[ Info: slice 2, lp_score: 5348.0, primal_bound: 0.0
[ Info: new_scs: [53, 53]
[ Info: lp_scores: [5348.0, 5345.0]
[ Info: lp_scores: 5345.0
[ Info: lp_scores: 5348.0
[ Info: current num of unfinished slices: 11, finished slices: 0
                      ┌                                        ┐ 
                   53 ┤■■■■■■■■■■■■■■■■■■■■■■■■■■■■■■■■■■■■■ 4   
                   54 ┤ 0                                        
                   55 ┤ 0                                        
   sc, target = 31 56 ┤■■■■■■■■■ 1                               
                   57 ┤■■■■■■■■■■■■■■■■■■■■■■■■■■■■ 3            
                   58 ┤■■■■■■■■■■■■■■■■■■■ 2                     
                   59 ┤ 0                                        
                   60 ┤■■■■■■■■■ 1                               
                      └                                        ┘ 
                                     num of slices               
[ Info: slicing branch with sc: 53.0
[ Info: cc.sc: 53.0
region size: 10
QIP_gurobi_bound: solver finished in 1.519 s (time_limit=100.0 s, status=OPTIMAL)
[ Info: slice 1, lp_score: 5348.0, primal_bound: 0.0
QIP_gurobi_bound: solver finished in 1.52 s (time_limit=100.0 s, status=OPTIMAL)
[ Info: slice 2, lp_score: 5344.0, primal_bound: 0.0
QIP_gurobi_bound: solver finished in 1.425 s (time_limit=100.0 s, status=OPTIMAL)
[ Info: slice 3, lp_score: 5343.0, primal_bound: 0.0
[ Info: new_scs: [50, 50, 51]
[ Info: lp_scores: [5348.0, 5344.0, 5343.0]
[ Info: lp_scores: 5343.0
[ Info: lp_scores: 5344.0
[ Info: lp_scores: 5348.0
[ Info: current num of unfinished slices: 13, finished slices: 0
                      ┌                                        ┐ 
                   50 ┤■■■■■■■■■■■■■■■■■■■■■■■■■ 2               
                   51 ┤■■■■■■■■■■■■ 1                            
                   52 ┤ 0                                        
                   53 ┤■■■■■■■■■■■■■■■■■■■■■■■■■■■■■■■■■■■■■ 3   
                   54 ┤ 0                                        
   sc, target = 31 55 ┤ 0                                        
                   56 ┤■■■■■■■■■■■■ 1                            
                   57 ┤■■■■■■■■■■■■■■■■■■■■■■■■■■■■■■■■■■■■■ 3   
                   58 ┤■■■■■■■■■■■■■■■■■■■■■■■■■ 2               
                   59 ┤ 0                                        
                   60 ┤■■■■■■■■■■■■ 1                            
                      └                                        ┘ 
                                     num of slices               
[ Info: slicing branch with sc: 50.0
[ Info: cc.sc: 50.0
region size: 10
QIP_gurobi_bound: solver finished in 1.585 s (time_limit=100.0 s, status=OPTIMAL)
[ Info: slice 1, lp_score: 5347.0, primal_bound: 0.0
QIP_gurobi_bound: solver finished in 1.548 s (time_limit=100.0 s, status=OPTIMAL)
[ Info: slice 2, lp_score: 5348.0, primal_bound: 0.0
[ Info: new_scs: [49, 49]
[ Info: lp_scores: [5348.0, 5347.0]
[ Info: lp_scores: 5347.0
[ Info: lp_scores: 5348.0
[ Info: current num of unfinished slices: 14, finished slices: 0
                      ┌                                        ┐ 
                   49 ┤■■■■■■■■■■■■■■■■■■■■■■■■■ 2               
                   50 ┤■■■■■■■■■■■■ 1                            
                   51 ┤■■■■■■■■■■■■ 1                            
                   52 ┤ 0                                        
                   53 ┤■■■■■■■■■■■■■■■■■■■■■■■■■■■■■■■■■■■■■ 3   
   sc, target = 31 54 ┤ 0                                        
                   55 ┤ 0                                        
                   56 ┤■■■■■■■■■■■■ 1                            
                   57 ┤■■■■■■■■■■■■■■■■■■■■■■■■■■■■■■■■■■■■■ 3   
                   58 ┤■■■■■■■■■■■■■■■■■■■■■■■■■ 2               
                   59 ┤ 0                                        
                   60 ┤■■■■■■■■■■■■ 1                            
                      └                                        ┘ 
                                     num of slices               
[ Info: slicing branch with sc: 49.0
[ Info: cc.sc: 49.0
region size: 10
QIP_gurobi_bound: solver finished in 1.856 s (time_limit=100.0 s, status=OPTIMAL)
[ Info: slice 1, lp_score: 5348.0, primal_bound: 0.0
QIP_gurobi_bound: solver finished in 1.485 s (time_limit=100.0 s, status=OPTIMAL)
[ Info: slice 2, lp_score: 5343.0, primal_bound: 0.0
[ Info: new_scs: [49, 49]
[ Info: lp_scores: [5348.0, 5343.0]
[ Info: lp_scores: 5343.0
[ Info: lp_scores: 5348.0
[ Info: current num of unfinished slices: 15, finished slices: 0
                      ┌                                        ┐ 
                   49 ┤■■■■■■■■■■■■■■■■■■■■■■■■■■■■■■■■■■■■■ 3   
                   50 ┤■■■■■■■■■■■■ 1                            
                   51 ┤■■■■■■■■■■■■ 1                            
                   52 ┤ 0                                        
                   53 ┤■■■■■■■■■■■■■■■■■■■■■■■■■■■■■■■■■■■■■ 3   
   sc, target = 31 54 ┤ 0                                        
                   55 ┤ 0                                        
                   56 ┤■■■■■■■■■■■■ 1                            
                   57 ┤■■■■■■■■■■■■■■■■■■■■■■■■■■■■■■■■■■■■■ 3   
                   58 ┤■■■■■■■■■■■■■■■■■■■■■■■■■ 2               
                   59 ┤ 0                                        
                   60 ┤■■■■■■■■■■■■ 1                            
                      └                                        ┘ 
                                     num of slices               
[ Info: slicing branch with sc: 49.0
[ Info: cc.sc: 49.0
region size: 10
QIP_gurobi_bound: solver finished in 1.41 s (time_limit=100.0 s, status=OPTIMAL)
[ Info: slice 1, lp_score: 5342.0, primal_bound: 0.0
QIP_gurobi_bound: solver finished in 1.403 s (time_limit=100.0 s, status=OPTIMAL)
[ Info: slice 2, lp_score: 5348.0, primal_bound: 0.0
[ Info: new_scs: [49, 49]
[ Info: lp_scores: [5348.0, 5342.0]
[ Info: lp_scores: 5342.0
[ Info: lp_scores: 5348.0
[ Info: current num of unfinished slices: 16, finished slices: 0
                      ┌                                        ┐ 
                   49 ┤■■■■■■■■■■■■■■■■■■■■■■■■■■■■■■■■■■■■■ 4   
                   50 ┤■■■■■■■■■ 1                               
                   51 ┤■■■■■■■■■ 1                               
                   52 ┤ 0                                        
                   53 ┤■■■■■■■■■■■■■■■■■■■■■■■■■■■■ 3            
   sc, target = 31 54 ┤ 0                                        
                   55 ┤ 0                                        
                   56 ┤■■■■■■■■■ 1                               
                   57 ┤■■■■■■■■■■■■■■■■■■■■■■■■■■■■ 3            
                   58 ┤■■■■■■■■■■■■■■■■■■■ 2                     
                   59 ┤ 0                                        
                   60 ┤■■■■■■■■■ 1                               
                      └                                        ┘ 
                                     num of slices               
[ Info: slicing branch with sc: 49.0
[ Info: cc.sc: 49.0
region size: 10
QIP_gurobi_bound: solver finished in 1.698 s (time_limit=100.0 s, status=OPTIMAL)
[ Info: slice 1, lp_score: 5348.0, primal_bound: 0.0
QIP_gurobi_bound: solver finished in 1.577 s (time_limit=100.0 s, status=OPTIMAL)
[ Info: slice 2, lp_score: 5345.0, primal_bound: 0.0
[ Info: new_scs: [49, 49]
[ Info: lp_scores: [5348.0, 5345.0]
[ Info: lp_scores: 5345.0
[ Info: lp_scores: 5348.0
[ Info: current num of unfinished slices: 17, finished slices: 0
                      ┌                                        ┐ 
                   49 ┤■■■■■■■■■■■■■■■■■■■■■■■■■■■■■■■■■■■■■ 5   
                   50 ┤■■■■■■■ 1                                 
                   51 ┤■■■■■■■ 1                                 
                   52 ┤ 0                                        
                   53 ┤■■■■■■■■■■■■■■■■■■■■■■ 3                  
   sc, target = 31 54 ┤ 0                                        
                   55 ┤ 0                                        
                   56 ┤■■■■■■■ 1                                 
                   57 ┤■■■■■■■■■■■■■■■■■■■■■■ 3                  
                   58 ┤■■■■■■■■■■■■■■■ 2                         
                   59 ┤ 0                                        
                   60 ┤■■■■■■■ 1                                 
                      └                                        ┘ 
                                     num of slices               
[ Info: slicing branch with sc: 49.0
[ Info: cc.sc: 49.0
region size: 10
QIP_gurobi_bound: solver finished in 1.676 s (time_limit=100.0 s, status=OPTIMAL)
[ Info: slice 1, lp_score: 5338.0, primal_bound: 0.0
QIP_gurobi_bound: solver finished in 1.476 s (time_limit=100.0 s, status=OPTIMAL)
[ Info: slice 2, lp_score: 5342.0, primal_bound: 0.0
QIP_gurobi_bound: solver finished in 1.289 s (time_limit=100.0 s, status=OPTIMAL)
[ Info: slice 3, lp_score: 5348.0, primal_bound: 0.0
[ Info: new_scs: [46, 44, 46]
[ Info: lp_scores: [5348.0, 5342.0, 5338.0]
[ Info: lp_scores: 5338.0
[ Info: lp_scores: 5342.0
[ Info: lp_scores: 5348.0
[ Info: current num of unfinished slices: 19, finished slices: 0
                      ┌                                        ┐ 
                   44 ┤■■■■■■■■■ 1                               
                   45 ┤ 0                                        
                   46 ┤■■■■■■■■■■■■■■■■■■■ 2                     
                   47 ┤ 0                                        
                   48 ┤ 0                                        
                   49 ┤■■■■■■■■■■■■■■■■■■■■■■■■■■■■■■■■■■■■■ 4   
                   50 ┤■■■■■■■■■ 1                               
                   51 ┤■■■■■■■■■ 1                               
   sc, target = 31 52 ┤ 0                                        
                   53 ┤■■■■■■■■■■■■■■■■■■■■■■■■■■■■ 3            
                   54 ┤ 0                                        
                   55 ┤ 0                                        
                   56 ┤■■■■■■■■■ 1                               
                   57 ┤■■■■■■■■■■■■■■■■■■■■■■■■■■■■ 3            
                   58 ┤■■■■■■■■■■■■■■■■■■■ 2                     
                   59 ┤ 0                                        
                   60 ┤■■■■■■■■■ 1                               
                      └                                        ┘ 
                                     num of slices               
[ Info: slicing branch with sc: 46.0
[ Info: cc.sc: 46.0
region size: 10
QIP_gurobi_bound: solver finished in 1.382 s (time_limit=100.0 s, status=OPTIMAL)
[ Info: slice 1, lp_score: 5348.0, primal_bound: 0.0
QIP_gurobi_bound: solver finished in 5.015 s (time_limit=100.0 s, status=OPTIMAL)
[ Info: slice 2, lp_score: 5339.0, primal_bound: 0.0
[ Info: new_scs: [45, 45]
[ Info: lp_scores: [5348.0, 5339.0]
[ Info: lp_scores: 5339.0
[ Info: lp_scores: 5348.0
[ Info: current num of unfinished slices: 20, finished slices: 0
                      ┌                                        ┐ 
                   44 ┤■■■■■■■■■ 1                               
                   45 ┤■■■■■■■■■■■■■■■■■■■ 2                     
                   46 ┤■■■■■■■■■ 1                               
                   47 ┤ 0                                        
                   48 ┤ 0                                        
                   49 ┤■■■■■■■■■■■■■■■■■■■■■■■■■■■■■■■■■■■■■ 4   
                   50 ┤■■■■■■■■■ 1                               
                   51 ┤■■■■■■■■■ 1                               
   sc, target = 31 52 ┤ 0                                        
                   53 ┤■■■■■■■■■■■■■■■■■■■■■■■■■■■■ 3            
                   54 ┤ 0                                        
                   55 ┤ 0                                        
                   56 ┤■■■■■■■■■ 1                               
                   57 ┤■■■■■■■■■■■■■■■■■■■■■■■■■■■■ 3            
                   58 ┤■■■■■■■■■■■■■■■■■■■ 2                     
                   59 ┤ 0                                        
                   60 ┤■■■■■■■■■ 1                               
                      └                                        ┘ 
                                     num of slices               
[ Info: slicing branch with sc: 45.0
[ Info: cc.sc: 45.0
region size: 10
QIP_gurobi_bound: solver finished in 1.389 s (time_limit=100.0 s, status=OPTIMAL)
[ Info: slice 1, lp_score: 5348.0, primal_bound: 0.0
QIP_gurobi_bound: solver finished in 1.31 s (time_limit=100.0 s, status=OPTIMAL)
[ Info: slice 2, lp_score: 5340.0, primal_bound: 0.0
[ Info: new_scs: [44, 43]
[ Info: lp_scores: [5348.0, 5340.0]
[ Info: lp_scores: 5340.0
[ Info: lp_scores: 5348.0
[ Info: current num of unfinished slices: 21, finished slices: 0
                      ┌                                        ┐ 
                   43 ┤■■■■■■■■■ 1                               
                   44 ┤■■■■■■■■■■■■■■■■■■■ 2                     
                   45 ┤■■■■■■■■■ 1                               
                   46 ┤■■■■■■■■■ 1                               
                   47 ┤ 0                                        
                   48 ┤ 0                                        
                   49 ┤■■■■■■■■■■■■■■■■■■■■■■■■■■■■■■■■■■■■■ 4   
                   50 ┤■■■■■■■■■ 1                               
   sc, target = 31 51 ┤■■■■■■■■■ 1                               
                   52 ┤ 0                                        
                   53 ┤■■■■■■■■■■■■■■■■■■■■■■■■■■■■ 3            
                   54 ┤ 0                                        
                   55 ┤ 0                                        
                   56 ┤■■■■■■■■■ 1                               
                   57 ┤■■■■■■■■■■■■■■■■■■■■■■■■■■■■ 3            
                   58 ┤■■■■■■■■■■■■■■■■■■■ 2                     
                   59 ┤ 0                                        
                   60 ┤■■■■■■■■■ 1                               
                      └                                        ┘ 
                                     num of slices               
[ Info: slicing branch with sc: 44.0
[ Info: cc.sc: 44.0
region size: 10
QIP_gurobi_bound: solver finished in 1.276 s (time_limit=100.0 s, status=OPTIMAL)
[ Info: slice 1, lp_score: 5348.0, primal_bound: 0.0
QIP_gurobi_bound: solver finished in 1.551 s (time_limit=100.0 s, status=OPTIMAL)
[ Info: slice 2, lp_score: 5347.0, primal_bound: 0.0
[ Info: new_scs: [44, 44]
[ Info: lp_scores: [5348.0, 5347.0]
[ Info: lp_scores: 5347.0
[ Info: lp_scores: 5348.0
[ Info: current num of unfinished slices: 22, finished slices: 0
                      ┌                                        ┐ 
                   43 ┤■■■■■■■■■ 1                               
                   44 ┤■■■■■■■■■■■■■■■■■■■■■■■■■■■■ 3            
                   45 ┤■■■■■■■■■ 1                               
                   46 ┤■■■■■■■■■ 1                               
                   47 ┤ 0                                        
                   48 ┤ 0                                        
                   49 ┤■■■■■■■■■■■■■■■■■■■■■■■■■■■■■■■■■■■■■ 4   
                   50 ┤■■■■■■■■■ 1                               
   sc, target = 31 51 ┤■■■■■■■■■ 1                               
                   52 ┤ 0                                        
                   53 ┤■■■■■■■■■■■■■■■■■■■■■■■■■■■■ 3            
                   54 ┤ 0                                        
                   55 ┤ 0                                        
                   56 ┤■■■■■■■■■ 1                               
                   57 ┤■■■■■■■■■■■■■■■■■■■■■■■■■■■■ 3            
                   58 ┤■■■■■■■■■■■■■■■■■■■ 2                     
                   59 ┤ 0                                        
                   60 ┤■■■■■■■■■ 1                               
                      └                                        ┘ 
                                     num of slices               
[ Info: slicing branch with sc: 44.0
[ Info: cc.sc: 44.0
region size: 10
QIP_gurobi_bound: solver finished in 1.544 s (time_limit=100.0 s, status=OPTIMAL)
[ Info: slice 1, lp_score: 5332.0, primal_bound: 0.0
QIP_gurobi_bound: solver finished in 1.465 s (time_limit=100.0 s, status=OPTIMAL)
[ Info: slice 2, lp_score: 5348.0, primal_bound: 0.0
[ Info: new_scs: [43, 41]
[ Info: lp_scores: [5348.0, 5332.0]
[ Info: lp_scores: 5332.0
[ Info: lp_scores: 5348.0
[ Info: current num of unfinished slices: 23, finished slices: 0
                      ┌                                        ┐ 
                   41 ┤■■■■■■■■■ 1                               
                   42 ┤ 0                                        
                   43 ┤■■■■■■■■■■■■■■■■■■■ 2                     
                   44 ┤■■■■■■■■■■■■■■■■■■■ 2                     
                   45 ┤■■■■■■■■■ 1                               
                   46 ┤■■■■■■■■■ 1                               
                   47 ┤ 0                                        
                   48 ┤ 0                                        
                   49 ┤■■■■■■■■■■■■■■■■■■■■■■■■■■■■■■■■■■■■■ 4   
   sc, target = 31 50 ┤■■■■■■■■■ 1                               
                   51 ┤■■■■■■■■■ 1                               
                   52 ┤ 0                                        
                   53 ┤■■■■■■■■■■■■■■■■■■■■■■■■■■■■ 3            
                   54 ┤ 0                                        
                   55 ┤ 0                                        
                   56 ┤■■■■■■■■■ 1                               
                   57 ┤■■■■■■■■■■■■■■■■■■■■■■■■■■■■ 3            
                   58 ┤■■■■■■■■■■■■■■■■■■■ 2                     
                   59 ┤ 0                                        
                   60 ┤■■■■■■■■■ 1                               
                      └                                        ┘ 
                                     num of slices               
[ Info: slicing branch with sc: 43.0
[ Info: cc.sc: 43.0
region size: 10
QIP_gurobi_bound: solver finished in 1.271 s (time_limit=100.0 s, status=OPTIMAL)
[ Info: slice 1, lp_score: 5346.0, primal_bound: 0.0
QIP_gurobi_bound: solver finished in 1.568 s (time_limit=100.0 s, status=OPTIMAL)
[ Info: slice 2, lp_score: 5348.0, primal_bound: 0.0
[ Info: new_scs: [43, 43]
[ Info: lp_scores: [5348.0, 5346.0]
[ Info: lp_scores: 5346.0
[ Info: lp_scores: 5348.0
[ Info: current num of unfinished slices: 24, finished slices: 0
                      ┌                                        ┐ 
                   41 ┤■■■■■■■■■ 1                               
                   42 ┤ 0                                        
                   43 ┤■■■■■■■■■■■■■■■■■■■■■■■■■■■■ 3            
                   44 ┤■■■■■■■■■■■■■■■■■■■ 2                     
                   45 ┤■■■■■■■■■ 1                               
                   46 ┤■■■■■■■■■ 1                               
                   47 ┤ 0                                        
                   48 ┤ 0                                        
                   49 ┤■■■■■■■■■■■■■■■■■■■■■■■■■■■■■■■■■■■■■ 4   
   sc, target = 31 50 ┤■■■■■■■■■ 1                               
                   51 ┤■■■■■■■■■ 1                               
                   52 ┤ 0                                        
                   53 ┤■■■■■■■■■■■■■■■■■■■■■■■■■■■■ 3            
                   54 ┤ 0                                        
                   55 ┤ 0                                        
                   56 ┤■■■■■■■■■ 1                               
                   57 ┤■■■■■■■■■■■■■■■■■■■■■■■■■■■■ 3            
                   58 ┤■■■■■■■■■■■■■■■■■■■ 2                     
                   59 ┤ 0                                        
                   60 ┤■■■■■■■■■ 1                               
                      └                                        ┘ 
                                     num of slices               
[ Info: slicing branch with sc: 43.0
[ Info: cc.sc: 43.0
region size: 10
QIP_gurobi_bound: solver finished in 1.571 s (time_limit=100.0 s, status=OPTIMAL)
[ Info: slice 1, lp_score: 5343.0, primal_bound: 0.0
QIP_gurobi_bound: solver finished in 1.215 s (time_limit=100.0 s, status=OPTIMAL)
[ Info: slice 2, lp_score: 5348.0, primal_bound: 0.0
[ Info: new_scs: [42, 43]
[ Info: lp_scores: [5348.0, 5343.0]
[ Info: lp_scores: 5343.0
[ Info: lp_scores: 5348.0
[ Info: current num of unfinished slices: 25, finished slices: 0
                      ┌                                        ┐ 
                   41 ┤■■■■■■■■■ 1                               
                   42 ┤■■■■■■■■■ 1                               
                   43 ┤■■■■■■■■■■■■■■■■■■■■■■■■■■■■ 3            
                   44 ┤■■■■■■■■■■■■■■■■■■■ 2                     
                   45 ┤■■■■■■■■■ 1                               
                   46 ┤■■■■■■■■■ 1                               
                   47 ┤ 0                                        
                   48 ┤ 0                                        
                   49 ┤■■■■■■■■■■■■■■■■■■■■■■■■■■■■■■■■■■■■■ 4   
   sc, target = 31 50 ┤■■■■■■■■■ 1                               
                   51 ┤■■■■■■■■■ 1                               
                   52 ┤ 0                                        
                   53 ┤■■■■■■■■■■■■■■■■■■■■■■■■■■■■ 3            
                   54 ┤ 0                                        
                   55 ┤ 0                                        
                   56 ┤■■■■■■■■■ 1                               
                   57 ┤■■■■■■■■■■■■■■■■■■■■■■■■■■■■ 3            
                   58 ┤■■■■■■■■■■■■■■■■■■■ 2                     
                   59 ┤ 0                                        
                   60 ┤■■■■■■■■■ 1                               
                      └                                        ┘ 
                                     num of slices               
[ Info: slicing branch with sc: 42.0
[ Info: cc.sc: 42.0
region size: 10
QIP_gurobi_bound: solver finished in 1.627 s (time_limit=100.0 s, status=OPTIMAL)
[ Info: slice 1, lp_score: 5346.0, primal_bound: 0.0
QIP_gurobi_bound: solver finished in 1.429 s (time_limit=100.0 s, status=OPTIMAL)
[ Info: slice 2, lp_score: 5348.0, primal_bound: 0.0
[ Info: new_scs: [42, 42]
[ Info: lp_scores: [5348.0, 5346.0]
[ Info: lp_scores: 5346.0
[ Info: lp_scores: 5348.0
[ Info: current num of unfinished slices: 26, finished slices: 0
                      ┌                                        ┐ 
                   41 ┤■■■■■■■■■ 1                               
                   42 ┤■■■■■■■■■■■■■■■■■■■ 2                     
                   43 ┤■■■■■■■■■■■■■■■■■■■■■■■■■■■■ 3            
                   44 ┤■■■■■■■■■■■■■■■■■■■ 2                     
                   45 ┤■■■■■■■■■ 1                               
                   46 ┤■■■■■■■■■ 1                               
                   47 ┤ 0                                        
                   48 ┤ 0                                        
                   49 ┤■■■■■■■■■■■■■■■■■■■■■■■■■■■■■■■■■■■■■ 4   
   sc, target = 31 50 ┤■■■■■■■■■ 1                               
                   51 ┤■■■■■■■■■ 1                               
                   52 ┤ 0                                        
                   53 ┤■■■■■■■■■■■■■■■■■■■■■■■■■■■■ 3            
                   54 ┤ 0                                        
                   55 ┤ 0                                        
                   56 ┤■■■■■■■■■ 1                               
                   57 ┤■■■■■■■■■■■■■■■■■■■■■■■■■■■■ 3            
                   58 ┤■■■■■■■■■■■■■■■■■■■ 2                     
                   59 ┤ 0                                        
                   60 ┤■■■■■■■■■ 1                               
                      └                                        ┘ 
                                     num of slices               
[ Info: slicing branch with sc: 42.0
[ Info: cc.sc: 42.0
region size: 10
QIP_gurobi_bound: solver finished in 1.691 s (time_limit=100.0 s, status=OPTIMAL)
[ Info: slice 1, lp_score: 5348.0, primal_bound: 0.0
QIP_gurobi_bound: solver finished in 1.533 s (time_limit=100.0 s, status=OPTIMAL)
[ Info: slice 2, lp_score: 5343.0, primal_bound: 0.0
[ Info: new_scs: [42, 41]
[ Info: lp_scores: [5348.0, 5343.0]
[ Info: lp_scores: 5343.0
[ Info: lp_scores: 5348.0
[ Info: current num of unfinished slices: 27, finished slices: 0
                      ┌                                        ┐ 
                   41 ┤■■■■■■■■■■■■■■■■■■■ 2                     
                   42 ┤■■■■■■■■■■■■■■■■■■■ 2                     
                   43 ┤■■■■■■■■■■■■■■■■■■■■■■■■■■■■ 3            
                   44 ┤■■■■■■■■■■■■■■■■■■■ 2                     
                   45 ┤■■■■■■■■■ 1                               
                   46 ┤■■■■■■■■■ 1                               
                   47 ┤ 0                                        
                   48 ┤ 0                                        
                   49 ┤■■■■■■■■■■■■■■■■■■■■■■■■■■■■■■■■■■■■■ 4   
   sc, target = 31 50 ┤■■■■■■■■■ 1                               
                   51 ┤■■■■■■■■■ 1                               
                   52 ┤ 0                                        
                   53 ┤■■■■■■■■■■■■■■■■■■■■■■■■■■■■ 3            
                   54 ┤ 0                                        
                   55 ┤ 0                                        
                   56 ┤■■■■■■■■■ 1                               
                   57 ┤■■■■■■■■■■■■■■■■■■■■■■■■■■■■ 3            
                   58 ┤■■■■■■■■■■■■■■■■■■■ 2                     
                   59 ┤ 0                                        
                   60 ┤■■■■■■■■■ 1                               
                      └                                        ┘ 
                                     num of slices               
[ Info: slicing branch with sc: 42.0
[ Info: cc.sc: 42.0
region size: 10
QIP_gurobi_bound: solver finished in 1.389 s (time_limit=100.0 s, status=OPTIMAL)
[ Info: slice 1, lp_score: 5343.0, primal_bound: 0.0
QIP_gurobi_bound: solver finished in 1.344 s (time_limit=100.0 s, status=OPTIMAL)
[ Info: slice 2, lp_score: 5348.0, primal_bound: 0.0
[ Info: new_scs: [40, 40]
[ Info: lp_scores: [5348.0, 5343.0]
[ Info: lp_scores: 5343.0
[ Info: lp_scores: 5348.0
[ Info: current num of unfinished slices: 28, finished slices: 0
                      ┌                                        ┐ 
                   40 ┤■■■■■■■■■■■■■■■■■■■ 2                     
                   41 ┤■■■■■■■■■■■■■■■■■■■ 2                     
                   42 ┤■■■■■■■■■ 1                               
                   43 ┤■■■■■■■■■■■■■■■■■■■■■■■■■■■■ 3            
                   44 ┤■■■■■■■■■■■■■■■■■■■ 2                     
                   45 ┤■■■■■■■■■ 1                               
                   46 ┤■■■■■■■■■ 1                               
                   47 ┤ 0                                        
                   48 ┤ 0                                        
                   49 ┤■■■■■■■■■■■■■■■■■■■■■■■■■■■■■■■■■■■■■ 4   
   sc, target = 31 50 ┤■■■■■■■■■ 1                               
                   51 ┤■■■■■■■■■ 1                               
                   52 ┤ 0                                        
                   53 ┤■■■■■■■■■■■■■■■■■■■■■■■■■■■■ 3            
                   54 ┤ 0                                        
                   55 ┤ 0                                        
                   56 ┤■■■■■■■■■ 1                               
                   57 ┤■■■■■■■■■■■■■■■■■■■■■■■■■■■■ 3            
                   58 ┤■■■■■■■■■■■■■■■■■■■ 2                     
                   59 ┤ 0                                        
                   60 ┤■■■■■■■■■ 1                               
                      └                                        ┘ 
                                     num of slices               
[ Info: slicing branch with sc: 40.0
[ Info: cc.sc: 40.0
region size: 10
QIP_gurobi_bound: solver finished in 1.648 s (time_limit=100.0 s, status=OPTIMAL)
[ Info: slice 1, lp_score: 5344.0, primal_bound: 0.0
QIP_gurobi_bound: solver finished in 1.368 s (time_limit=100.0 s, status=OPTIMAL)
[ Info: slice 2, lp_score: 5348.0, primal_bound: 0.0
[ Info: new_scs: [38, 38]
[ Info: lp_scores: [5348.0, 5344.0]
[ Info: lp_scores: 5344.0
[ Info: lp_scores: 5348.0
[ Info: current num of unfinished slices: 29, finished slices: 0
                      ┌                                        ┐ 
                   38 ┤■■■■■■■■■■■■■■■■■■■ 2                     
                   39 ┤ 0                                        
                   40 ┤■■■■■■■■■ 1                               
                   41 ┤■■■■■■■■■■■■■■■■■■■ 2                     
                   42 ┤■■■■■■■■■ 1                               
                   43 ┤■■■■■■■■■■■■■■■■■■■■■■■■■■■■ 3            
                   44 ┤■■■■■■■■■■■■■■■■■■■ 2                     
                   45 ┤■■■■■■■■■ 1                               
                   46 ┤■■■■■■■■■ 1                               
                   47 ┤ 0                                        
                   48 ┤ 0                                        
   sc, target = 31 49 ┤■■■■■■■■■■■■■■■■■■■■■■■■■■■■■■■■■■■■■ 4   
                   50 ┤■■■■■■■■■ 1                               
                   51 ┤■■■■■■■■■ 1                               
                   52 ┤ 0                                        
                   53 ┤■■■■■■■■■■■■■■■■■■■■■■■■■■■■ 3            
                   54 ┤ 0                                        
                   55 ┤ 0                                        
                   56 ┤■■■■■■■■■ 1                               
                   57 ┤■■■■■■■■■■■■■■■■■■■■■■■■■■■■ 3            
                   58 ┤■■■■■■■■■■■■■■■■■■■ 2                     
                   59 ┤ 0                                        
                   60 ┤■■■■■■■■■ 1                               
                      └                                        ┘ 
                                     num of slices               
[ Info: slicing branch with sc: 38.0
[ Info: cc.sc: 38.0
region size: 10
QIP_gurobi_bound: solver finished in 1.334 s (time_limit=100.0 s, status=OPTIMAL)
[ Info: slice 1, lp_score: 5348.0, primal_bound: 0.0
QIP_gurobi_bound: solver finished in 1.197 s (time_limit=100.0 s, status=OPTIMAL)
[ Info: slice 2, lp_score: 5339.0, primal_bound: 0.0
[ Info: new_scs: [38, 36]
[ Info: lp_scores: [5348.0, 5339.0]
[ Info: lp_scores: 5339.0
[ Info: lp_scores: 5348.0
[ Info: current num of unfinished slices: 30, finished slices: 0
                      ┌                                        ┐ 
                   36 ┤■■■■■■■■■ 1                               
                   37 ┤ 0                                        
                   38 ┤■■■■■■■■■■■■■■■■■■■ 2                     
                   39 ┤ 0                                        
                   40 ┤■■■■■■■■■ 1                               
                   41 ┤■■■■■■■■■■■■■■■■■■■ 2                     
                   42 ┤■■■■■■■■■ 1                               
                   43 ┤■■■■■■■■■■■■■■■■■■■■■■■■■■■■ 3            
                   44 ┤■■■■■■■■■■■■■■■■■■■ 2                     
                   45 ┤■■■■■■■■■ 1                               
                   46 ┤■■■■■■■■■ 1                               
                   47 ┤ 0                                        
   sc, target = 31 48 ┤ 0                                        
                   49 ┤■■■■■■■■■■■■■■■■■■■■■■■■■■■■■■■■■■■■■ 4   
                   50 ┤■■■■■■■■■ 1                               
                   51 ┤■■■■■■■■■ 1                               
                   52 ┤ 0                                        
                   53 ┤■■■■■■■■■■■■■■■■■■■■■■■■■■■■ 3            
                   54 ┤ 0                                        
                   55 ┤ 0                                        
                   56 ┤■■■■■■■■■ 1                               
                   57 ┤■■■■■■■■■■■■■■■■■■■■■■■■■■■■ 3            
                   58 ┤■■■■■■■■■■■■■■■■■■■ 2                     
                   59 ┤ 0                                        
                   60 ┤■■■■■■■■■ 1                               
                      └                                        ┘ 
                                     num of slices               
[ Info: slicing branch with sc: 38.0
[ Info: cc.sc: 38.0
region size: 10
QIP_gurobi_bound: solver finished in 1.346 s (time_limit=100.0 s, status=OPTIMAL)
[ Info: slice 1, lp_score: 5348.0, primal_bound: 0.0
QIP_gurobi_bound: solver finished in 1.452 s (time_limit=100.0 s, status=OPTIMAL)
[ Info: slice 2, lp_score: 5346.0, primal_bound: 0.0
[ Info: new_scs: [36, 36]
[ Info: lp_scores: [5348.0, 5346.0]
[ Info: lp_scores: 5346.0
[ Info: lp_scores: 5348.0
[ Info: current num of unfinished slices: 31, finished slices: 0
                      ┌                                        ┐ 
                   36 ┤■■■■■■■■■■■■■■■■■■■■■■■■■■■■ 3            
                   37 ┤ 0                                        
                   38 ┤■■■■■■■■■ 1                               
                   39 ┤ 0                                        
                   40 ┤■■■■■■■■■ 1                               
                   41 ┤■■■■■■■■■■■■■■■■■■■ 2                     
                   42 ┤■■■■■■■■■ 1                               
                   43 ┤■■■■■■■■■■■■■■■■■■■■■■■■■■■■ 3            
                   44 ┤■■■■■■■■■■■■■■■■■■■ 2                     
                   45 ┤■■■■■■■■■ 1                               
                   46 ┤■■■■■■■■■ 1                               
                   47 ┤ 0                                        
   sc, target = 31 48 ┤ 0                                        
                   49 ┤■■■■■■■■■■■■■■■■■■■■■■■■■■■■■■■■■■■■■ 4   
                   50 ┤■■■■■■■■■ 1                               
                   51 ┤■■■■■■■■■ 1                               
                   52 ┤ 0                                        
                   53 ┤■■■■■■■■■■■■■■■■■■■■■■■■■■■■ 3            
                   54 ┤ 0                                        
                   55 ┤ 0                                        
                   56 ┤■■■■■■■■■ 1                               
                   57 ┤■■■■■■■■■■■■■■■■■■■■■■■■■■■■ 3            
                   58 ┤■■■■■■■■■■■■■■■■■■■ 2                     
                   59 ┤ 0                                        
                   60 ┤■■■■■■■■■ 1                               
                      └                                        ┘ 
                                     num of slices               
[ Info: slicing branch with sc: 36.0
[ Info: cc.sc: 36.0
region size: 10
QIP_gurobi_bound: solver finished in 6.36 s (time_limit=100.0 s, status=OPTIMAL)
[ Info: slice 1, lp_score: 5344.0, primal_bound: 0.0
QIP_gurobi_bound: solver finished in 1.428 s (time_limit=100.0 s, status=OPTIMAL)
[ Info: slice 2, lp_score: 5348.0, primal_bound: 0.0
[ Info: new_scs: [36, 36]
[ Info: lp_scores: [5348.0, 5344.0]
[ Info: lp_scores: 5344.0
[ Info: lp_scores: 5348.0
[ Info: current num of unfinished slices: 32, finished slices: 0
                      ┌                                        ┐ 
                   36 ┤■■■■■■■■■■■■■■■■■■■■■■■■■■■■■■■■■■■■■ 4   
                   37 ┤ 0                                        
                   38 ┤■■■■■■■■■ 1                               
                   39 ┤ 0                                        
                   40 ┤■■■■■■■■■ 1                               
                   41 ┤■■■■■■■■■■■■■■■■■■■ 2                     
                   42 ┤■■■■■■■■■ 1                               
                   43 ┤■■■■■■■■■■■■■■■■■■■■■■■■■■■■ 3            
                   44 ┤■■■■■■■■■■■■■■■■■■■ 2                     
                   45 ┤■■■■■■■■■ 1                               
                   46 ┤■■■■■■■■■ 1                               
                   47 ┤ 0                                        
   sc, target = 31 48 ┤ 0                                        
                   49 ┤■■■■■■■■■■■■■■■■■■■■■■■■■■■■■■■■■■■■■ 4   
                   50 ┤■■■■■■■■■ 1                               
                   51 ┤■■■■■■■■■ 1                               
                   52 ┤ 0                                        
                   53 ┤■■■■■■■■■■■■■■■■■■■■■■■■■■■■ 3            
                   54 ┤ 0                                        
                   55 ┤ 0                                        
                   56 ┤■■■■■■■■■ 1                               
                   57 ┤■■■■■■■■■■■■■■■■■■■■■■■■■■■■ 3            
                   58 ┤■■■■■■■■■■■■■■■■■■■ 2                     
                   59 ┤ 0                                        
                   60 ┤■■■■■■■■■ 1                               
                      └                                        ┘ 
                                     num of slices               
[ Info: slicing branch with sc: 36.0
[ Info: cc.sc: 36.0
region size: 10
QIP_gurobi_bound: solver finished in 1.414 s (time_limit=100.0 s, status=OPTIMAL)
[ Info: slice 1, lp_score: 5348.0, primal_bound: 0.0
[ Info: new_scs: [35]
[ Info: lp_scores: [5348.0]
[ Info: lp_scores: 5348.0
[ Info: current num of unfinished slices: 32, finished slices: 0
                      ┌                                        ┐ 
                   35 ┤■■■■■■■■■ 1                               
                   36 ┤■■■■■■■■■■■■■■■■■■■■■■■■■■■■ 3            
                   37 ┤ 0                                        
                   38 ┤■■■■■■■■■ 1                               
                   39 ┤ 0                                        
                   40 ┤■■■■■■■■■ 1                               
                   41 ┤■■■■■■■■■■■■■■■■■■■ 2                     
                   42 ┤■■■■■■■■■ 1                               
                   43 ┤■■■■■■■■■■■■■■■■■■■■■■■■■■■■ 3            
                   44 ┤■■■■■■■■■■■■■■■■■■■ 2                     
                   45 ┤■■■■■■■■■ 1                               
                   46 ┤■■■■■■■■■ 1                               
   sc, target = 31 47 ┤ 0                                        
                   48 ┤ 0                                        
                   49 ┤■■■■■■■■■■■■■■■■■■■■■■■■■■■■■■■■■■■■■ 4   
                   50 ┤■■■■■■■■■ 1                               
                   51 ┤■■■■■■■■■ 1                               
                   52 ┤ 0                                        
                   53 ┤■■■■■■■■■■■■■■■■■■■■■■■■■■■■ 3            
                   54 ┤ 0                                        
                   55 ┤ 0                                        
                   56 ┤■■■■■■■■■ 1                               
                   57 ┤■■■■■■■■■■■■■■■■■■■■■■■■■■■■ 3            
                   58 ┤■■■■■■■■■■■■■■■■■■■ 2                     
                   59 ┤ 0                                        
                   60 ┤■■■■■■■■■ 1                               
                      └                                        ┘ 
                                     num of slices               
[ Info: slicing branch with sc: 35.0
[ Info: cc.sc: 35.0
region size: 10
QIP_gurobi_bound: solver finished in 1.228 s (time_limit=100.0 s, status=OPTIMAL)
[ Info: slice 1, lp_score: 5343.0, primal_bound: 0.0
QIP_gurobi_bound: solver finished in 1.264 s (time_limit=100.0 s, status=OPTIMAL)
[ Info: slice 2, lp_score: 5348.0, primal_bound: 0.0
[ Info: new_scs: [34, 34]
[ Info: lp_scores: [5348.0, 5343.0]
[ Info: lp_scores: 5343.0
[ Info: lp_scores: 5348.0
[ Info: current num of unfinished slices: 33, finished slices: 0
                      ┌                                        ┐ 
                   34 ┤■■■■■■■■■■■■■■■■■■■ 2                     
                   35 ┤ 0                                        
                   36 ┤■■■■■■■■■■■■■■■■■■■■■■■■■■■■ 3            
                   37 ┤ 0                                        
                   38 ┤■■■■■■■■■ 1                               
                   39 ┤ 0                                        
                   40 ┤■■■■■■■■■ 1                               
                   41 ┤■■■■■■■■■■■■■■■■■■■ 2                     
                   42 ┤■■■■■■■■■ 1                               
                   43 ┤■■■■■■■■■■■■■■■■■■■■■■■■■■■■ 3            
                   44 ┤■■■■■■■■■■■■■■■■■■■ 2                     
                   45 ┤■■■■■■■■■ 1                               
                   46 ┤■■■■■■■■■ 1                               
   sc, target = 31 47 ┤ 0                                        
                   48 ┤ 0                                        
                   49 ┤■■■■■■■■■■■■■■■■■■■■■■■■■■■■■■■■■■■■■ 4   
                   50 ┤■■■■■■■■■ 1                               
                   51 ┤■■■■■■■■■ 1                               
                   52 ┤ 0                                        
                   53 ┤■■■■■■■■■■■■■■■■■■■■■■■■■■■■ 3            
                   54 ┤ 0                                        
                   55 ┤ 0                                        
                   56 ┤■■■■■■■■■ 1                               
                   57 ┤■■■■■■■■■■■■■■■■■■■■■■■■■■■■ 3            
                   58 ┤■■■■■■■■■■■■■■■■■■■ 2                     
                   59 ┤ 0                                        
                   60 ┤■■■■■■■■■ 1                               
                      └                                        ┘ 
                                     num of slices               
[ Info: slicing branch with sc: 34.0
[ Info: cc.sc: 34.0
region size: 10
QIP_gurobi_bound: solver finished in 1.67 s (time_limit=100.0 s, status=OPTIMAL)
[ Info: slice 1, lp_score: 5348.0, primal_bound: 0.0
QIP_gurobi_bound: solver finished in 1.435 s (time_limit=100.0 s, status=OPTIMAL)
[ Info: slice 2, lp_score: 5346.0, primal_bound: 0.0
[ Info: new_scs: [34, 34]
[ Info: lp_scores: [5348.0, 5346.0]
[ Info: lp_scores: 5346.0
[ Info: lp_scores: 5348.0
[ Info: current num of unfinished slices: 34, finished slices: 0
                      ┌                                        ┐ 
                   34 ┤■■■■■■■■■■■■■■■■■■■■■■■■■■■■ 3            
                   35 ┤ 0                                        
                   36 ┤■■■■■■■■■■■■■■■■■■■■■■■■■■■■ 3            
                   37 ┤ 0                                        
                   38 ┤■■■■■■■■■ 1                               
                   39 ┤ 0                                        
                   40 ┤■■■■■■■■■ 1                               
                   41 ┤■■■■■■■■■■■■■■■■■■■ 2                     
                   42 ┤■■■■■■■■■ 1                               
                   43 ┤■■■■■■■■■■■■■■■■■■■■■■■■■■■■ 3            
                   44 ┤■■■■■■■■■■■■■■■■■■■ 2                     
                   45 ┤■■■■■■■■■ 1                               
                   46 ┤■■■■■■■■■ 1                               
   sc, target = 31 47 ┤ 0                                        
                   48 ┤ 0                                        
                   49 ┤■■■■■■■■■■■■■■■■■■■■■■■■■■■■■■■■■■■■■ 4   
                   50 ┤■■■■■■■■■ 1                               
                   51 ┤■■■■■■■■■ 1                               
                   52 ┤ 0                                        
                   53 ┤■■■■■■■■■■■■■■■■■■■■■■■■■■■■ 3            
                   54 ┤ 0                                        
                   55 ┤ 0                                        
                   56 ┤■■■■■■■■■ 1                               
                   57 ┤■■■■■■■■■■■■■■■■■■■■■■■■■■■■ 3            
                   58 ┤■■■■■■■■■■■■■■■■■■■ 2                     
                   59 ┤ 0                                        
                   60 ┤■■■■■■■■■ 1                               
                      └                                        ┘ 
                                     num of slices               
[ Info: slicing branch with sc: 34.0
[ Info: cc.sc: 34.0
region size: 10
QIP_gurobi_bound: solver finished in 1.375 s (time_limit=100.0 s, status=OPTIMAL)
[ Info: slice 1, lp_score: 5343.0, primal_bound: 0.0
QIP_gurobi_bound: solver finished in 1.416 s (time_limit=100.0 s, status=OPTIMAL)
[ Info: slice 2, lp_score: 5348.0, primal_bound: 0.0
[ Info: new_scs: [34, 33]
[ Info: lp_scores: [5348.0, 5343.0]
[ Info: lp_scores: 5343.0
[ Info: lp_scores: 5348.0
[ Info: current num of unfinished slices: 35, finished slices: 0
                      ┌                                        ┐ 
                   33 ┤■■■■■■■■■ 1                               
                   34 ┤■■■■■■■■■■■■■■■■■■■■■■■■■■■■ 3            
                   35 ┤ 0                                        
                   36 ┤■■■■■■■■■■■■■■■■■■■■■■■■■■■■ 3            
                   37 ┤ 0                                        
                   38 ┤■■■■■■■■■ 1                               
                   39 ┤ 0                                        
                   40 ┤■■■■■■■■■ 1                               
                   41 ┤■■■■■■■■■■■■■■■■■■■ 2                     
                   42 ┤■■■■■■■■■ 1                               
                   43 ┤■■■■■■■■■■■■■■■■■■■■■■■■■■■■ 3            
                   44 ┤■■■■■■■■■■■■■■■■■■■ 2                     
                   45 ┤■■■■■■■■■ 1                               
   sc, target = 31 46 ┤■■■■■■■■■ 1                               
                   47 ┤ 0                                        
                   48 ┤ 0                                        
                   49 ┤■■■■■■■■■■■■■■■■■■■■■■■■■■■■■■■■■■■■■ 4   
                   50 ┤■■■■■■■■■ 1                               
                   51 ┤■■■■■■■■■ 1                               
                   52 ┤ 0                                        
                   53 ┤■■■■■■■■■■■■■■■■■■■■■■■■■■■■ 3            
                   54 ┤ 0                                        
                   55 ┤ 0                                        
                   56 ┤■■■■■■■■■ 1                               
                   57 ┤■■■■■■■■■■■■■■■■■■■■■■■■■■■■ 3            
                   58 ┤■■■■■■■■■■■■■■■■■■■ 2                     
                   59 ┤ 0                                        
                   60 ┤■■■■■■■■■ 1                               
                      └                                        ┘ 
                                     num of slices               
[ Info: slicing branch with sc: 34.0
[ Info: cc.sc: 34.0
region size: 10
QIP_gurobi_bound: solver finished in 1.415 s (time_limit=100.0 s, status=OPTIMAL)
[ Info: slice 1, lp_score: 5348.0, primal_bound: 0.0
QIP_gurobi_bound: solver finished in 1.533 s (time_limit=100.0 s, status=OPTIMAL)
[ Info: slice 2, lp_score: 5348.0, primal_bound: 0.0
[ Info: new_scs: [33, 34]
[ Info: lp_scores: [5348.0, 5348.0]
[ Info: lp_scores: 5348.0
[ Info: lp_scores: 5348.0
[ Info: current num of unfinished slices: 36, finished slices: 0
                      ┌                                        ┐ 
                   33 ┤■■■■■■■■■■■■■■■■■■■ 2                     
                   34 ┤■■■■■■■■■■■■■■■■■■■■■■■■■■■■ 3            
                   35 ┤ 0                                        
                   36 ┤■■■■■■■■■■■■■■■■■■■■■■■■■■■■ 3            
                   37 ┤ 0                                        
                   38 ┤■■■■■■■■■ 1                               
                   39 ┤ 0                                        
                   40 ┤■■■■■■■■■ 1                               
                   41 ┤■■■■■■■■■■■■■■■■■■■ 2                     
                   42 ┤■■■■■■■■■ 1                               
                   43 ┤■■■■■■■■■■■■■■■■■■■■■■■■■■■■ 3            
                   44 ┤■■■■■■■■■■■■■■■■■■■ 2                     
                   45 ┤■■■■■■■■■ 1                               
   sc, target = 31 46 ┤■■■■■■■■■ 1                               
                   47 ┤ 0                                        
                   48 ┤ 0                                        
                   49 ┤■■■■■■■■■■■■■■■■■■■■■■■■■■■■■■■■■■■■■ 4   
                   50 ┤■■■■■■■■■ 1                               
                   51 ┤■■■■■■■■■ 1                               
                   52 ┤ 0                                        
                   53 ┤■■■■■■■■■■■■■■■■■■■■■■■■■■■■ 3            
                   54 ┤ 0                                        
                   55 ┤ 0                                        
                   56 ┤■■■■■■■■■ 1                               
                   57 ┤■■■■■■■■■■■■■■■■■■■■■■■■■■■■ 3            
                   58 ┤■■■■■■■■■■■■■■■■■■■ 2                     
                   59 ┤ 0                                        
                   60 ┤■■■■■■■■■ 1                               
                      └                                        ┘ 
                                     num of slices               
[ Info: slicing branch with sc: 33.0
[ Info: cc.sc: 33.0
region size: 10
QIP_gurobi_bound: solver finished in 1.553 s (time_limit=100.0 s, status=OPTIMAL)
[ Info: slice 1, lp_score: 5345.0, primal_bound: 0.0
QIP_gurobi_bound: solver finished in 1.348 s (time_limit=100.0 s, status=OPTIMAL)
[ Info: slice 2, lp_score: 5348.0, primal_bound: 0.0
[ Info: new_scs: [32, 33]
[ Info: lp_scores: [5348.0, 5345.0]
[ Info: lp_scores: 5345.0
[ Info: lp_scores: 5348.0
[ Info: current num of unfinished slices: 37, finished slices: 0
                      ┌                                        ┐ 
                   32 ┤■■■■■■■■■ 1                               
                   33 ┤■■■■■■■■■■■■■■■■■■■ 2                     
                   34 ┤■■■■■■■■■■■■■■■■■■■■■■■■■■■■ 3            
                   35 ┤ 0                                        
                   36 ┤■■■■■■■■■■■■■■■■■■■■■■■■■■■■ 3            
                   37 ┤ 0                                        
                   38 ┤■■■■■■■■■ 1                               
                   39 ┤ 0                                        
                   40 ┤■■■■■■■■■ 1                               
                   41 ┤■■■■■■■■■■■■■■■■■■■ 2                     
                   42 ┤■■■■■■■■■ 1                               
                   43 ┤■■■■■■■■■■■■■■■■■■■■■■■■■■■■ 3            
                   44 ┤■■■■■■■■■■■■■■■■■■■ 2                     
                   45 ┤■■■■■■■■■ 1                               
   sc, target = 31 46 ┤■■■■■■■■■ 1                               
                   47 ┤ 0                                        
                   48 ┤ 0                                        
                   49 ┤■■■■■■■■■■■■■■■■■■■■■■■■■■■■■■■■■■■■■ 4   
                   50 ┤■■■■■■■■■ 1                               
                   51 ┤■■■■■■■■■ 1                               
                   52 ┤ 0                                        
                   53 ┤■■■■■■■■■■■■■■■■■■■■■■■■■■■■ 3            
                   54 ┤ 0                                        
                   55 ┤ 0                                        
                   56 ┤■■■■■■■■■ 1                               
                   57 ┤■■■■■■■■■■■■■■■■■■■■■■■■■■■■ 3            
                   58 ┤■■■■■■■■■■■■■■■■■■■ 2                     
                   59 ┤ 0                                        
                   60 ┤■■■■■■■■■ 1                               
                      └                                        ┘ 
                                     num of slices               
[ Info: slicing branch with sc: 32.0
[ Info: cc.sc: 32.0
region size: 10
QIP_gurobi_bound: solver finished in 1.387 s (time_limit=100.0 s, status=OPTIMAL)
[ Info: slice 1, lp_score: 5348.0, primal_bound: 0.0
[ Info: new_scs: [31]
[ Info: lp_scores: [5348.0]
[ Info: lp_scores: 5348.0
[ Info: current num of unfinished slices: 37, finished slices: 0
                      ┌                                        ┐ 
                   31 ┤■■■■■■■■■ 1                               
                   32 ┤ 0                                        
                   33 ┤■■■■■■■■■■■■■■■■■■■ 2                     
                   34 ┤■■■■■■■■■■■■■■■■■■■■■■■■■■■■ 3            
                   35 ┤ 0                                        
                   36 ┤■■■■■■■■■■■■■■■■■■■■■■■■■■■■ 3            
                   37 ┤ 0                                        
                   38 ┤■■■■■■■■■ 1                               
                   39 ┤ 0                                        
                   40 ┤■■■■■■■■■ 1                               
                   41 ┤■■■■■■■■■■■■■■■■■■■ 2                     
                   42 ┤■■■■■■■■■ 1                               
                   43 ┤■■■■■■■■■■■■■■■■■■■■■■■■■■■■ 3            
                   44 ┤■■■■■■■■■■■■■■■■■■■ 2                     
   sc, target = 31 45 ┤■■■■■■■■■ 1                               
                   46 ┤■■■■■■■■■ 1                               
                   47 ┤ 0                                        
                   48 ┤ 0                                        
                   49 ┤■■■■■■■■■■■■■■■■■■■■■■■■■■■■■■■■■■■■■ 4   
                   50 ┤■■■■■■■■■ 1                               
                   51 ┤■■■■■■■■■ 1                               
                   52 ┤ 0                                        
                   53 ┤■■■■■■■■■■■■■■■■■■■■■■■■■■■■ 3            
                   54 ┤ 0                                        
                   55 ┤ 0                                        
                   56 ┤■■■■■■■■■ 1                               
                   57 ┤■■■■■■■■■■■■■■■■■■■■■■■■■■■■ 3            
                   58 ┤■■■■■■■■■■■■■■■■■■■ 2                     
                   59 ┤ 0                                        
                   60 ┤■■■■■■■■■ 1                               
                      └                                        ┘ 
                                     num of slices               
[ Info: slicing branch with sc: 31.0
  [slice produced] sc=31.0 tc=45.50204596560316 nv=3549 ne=6919 r=47.5
QIP_value_gurobi: solver finished in 1.42 s (time_limit=604800.0 s, status=OPTIMAL)
[ Info: feasible solution: 5348.0, primal bound: 5348.0
[ Info: current num of unfinished slices: 36, finished slices: 1
                      ┌                                        ┐ 
                   33 ┤■■■■■■■■■■■■■■■■■■■ 2                     
                   34 ┤■■■■■■■■■■■■■■■■■■■■■■■■■■■■ 3            
                   35 ┤ 0                                        
                   36 ┤■■■■■■■■■■■■■■■■■■■■■■■■■■■■ 3            
                   37 ┤ 0                                        
                   38 ┤■■■■■■■■■ 1                               
                   39 ┤ 0                                        
                   40 ┤■■■■■■■■■ 1                               
                   41 ┤■■■■■■■■■■■■■■■■■■■ 2                     
                   42 ┤■■■■■■■■■ 1                               
                   43 ┤■■■■■■■■■■■■■■■■■■■■■■■■■■■■ 3            
                   44 ┤■■■■■■■■■■■■■■■■■■■ 2                     
                   45 ┤■■■■■■■■■ 1                               
   sc, target = 31 46 ┤■■■■■■■■■ 1                               
                   47 ┤ 0                                        
                   48 ┤ 0                                        
                   49 ┤■■■■■■■■■■■■■■■■■■■■■■■■■■■■■■■■■■■■■ 4   
                   50 ┤■■■■■■■■■ 1                               
                   51 ┤■■■■■■■■■ 1                               
                   52 ┤ 0                                        
                   53 ┤■■■■■■■■■■■■■■■■■■■■■■■■■■■■ 3            
                   54 ┤ 0                                        
                   55 ┤ 0                                        
                   56 ┤■■■■■■■■■ 1                               
                   57 ┤■■■■■■■■■■■■■■■■■■■■■■■■■■■■ 3            
                   58 ┤■■■■■■■■■■■■■■■■■■■ 2                     
                   59 ┤ 0                                        
                   60 ┤■■■■■■■■■ 1                               
                      └                                        ┘ 
                                     num of slices               
[ Info: slicing branch with sc: 33.0
[ Info: cc.sc: 33.0
region size: 10
tbl0_rows:41 filtered_rows:41
QIP_gurobi_bound: solver finished in 1.276 s (time_limit=100.0 s, status=OPTIMAL)
[ Info: slice 1, lp_score: 5345.0, primal_bound: 5348.0
QIP_gurobi_bound: solver finished in 1.652 s (time_limit=100.0 s, status=OPTIMAL)
[ Info: slice 2, lp_score: 5329.0, primal_bound: 5348.0
[ Info: new_scs: Int64[]
[ Info: lp_scores: Float64[]
[ Info: current num of unfinished slices: 35, finished slices: 1
                      ┌                                        ┐ 
                   33 ┤■■■■■■■■■ 1                               
                   34 ┤■■■■■■■■■■■■■■■■■■■■■■■■■■■■ 3            
                   35 ┤ 0                                        
                   36 ┤■■■■■■■■■■■■■■■■■■■■■■■■■■■■ 3            
                   37 ┤ 0                                        
                   38 ┤■■■■■■■■■ 1                               
                   39 ┤ 0                                        
                   40 ┤■■■■■■■■■ 1                               
                   41 ┤■■■■■■■■■■■■■■■■■■■ 2                     
                   42 ┤■■■■■■■■■ 1                               
                   43 ┤■■■■■■■■■■■■■■■■■■■■■■■■■■■■ 3            
                   44 ┤■■■■■■■■■■■■■■■■■■■ 2                     
                   45 ┤■■■■■■■■■ 1                               
   sc, target = 31 46 ┤■■■■■■■■■ 1                               
                   47 ┤ 0                                        
                   48 ┤ 0                                        
                   49 ┤■■■■■■■■■■■■■■■■■■■■■■■■■■■■■■■■■■■■■ 4   
                   50 ┤■■■■■■■■■ 1                               
                   51 ┤■■■■■■■■■ 1                               
                   52 ┤ 0                                        
                   53 ┤■■■■■■■■■■■■■■■■■■■■■■■■■■■■ 3            
                   54 ┤ 0                                        
                   55 ┤ 0                                        
                   56 ┤■■■■■■■■■ 1                               
                   57 ┤■■■■■■■■■■■■■■■■■■■■■■■■■■■■ 3            
                   58 ┤■■■■■■■■■■■■■■■■■■■ 2                     
                   59 ┤ 0                                        
                   60 ┤■■■■■■■■■ 1                               
                      └                                        ┘ 
                                     num of slices               
[ Info: slicing branch with sc: 34.0
[ Info: cc.sc: 34.0
region size: 10
tbl0_rows:52 filtered_rows:52
QIP_gurobi_bound: solver finished in 1.351 s (time_limit=100.0 s, status=OPTIMAL)
[ Info: slice 1, lp_score: 5345.0, primal_bound: 5348.0
QIP_gurobi_bound: solver finished in 1.601 s (time_limit=100.0 s, status=OPTIMAL)
[ Info: slice 2, lp_score: 5348.0, primal_bound: 5348.0
[ Info: new_scs: [32]
[ Info: lp_scores: [5348.0]
[ Info: lp_scores: 5348.0
[ Info: current num of unfinished slices: 35, finished slices: 1
                      ┌                                        ┐ 
                   32 ┤■■■■■■■■■ 1                               
                   33 ┤■■■■■■■■■ 1                               
                   34 ┤■■■■■■■■■■■■■■■■■■■ 2                     
                   35 ┤ 0                                        
                   36 ┤■■■■■■■■■■■■■■■■■■■■■■■■■■■■ 3            
                   37 ┤ 0                                        
                   38 ┤■■■■■■■■■ 1                               
                   39 ┤ 0                                        
                   40 ┤■■■■■■■■■ 1                               
                   41 ┤■■■■■■■■■■■■■■■■■■■ 2                     
                   42 ┤■■■■■■■■■ 1                               
                   43 ┤■■■■■■■■■■■■■■■■■■■■■■■■■■■■ 3            
                   44 ┤■■■■■■■■■■■■■■■■■■■ 2                     
                   45 ┤■■■■■■■■■ 1                               
   sc, target = 31 46 ┤■■■■■■■■■ 1                               
                   47 ┤ 0                                        
                   48 ┤ 0                                        
                   49 ┤■■■■■■■■■■■■■■■■■■■■■■■■■■■■■■■■■■■■■ 4   
                   50 ┤■■■■■■■■■ 1                               
                   51 ┤■■■■■■■■■ 1                               
                   52 ┤ 0                                        
                   53 ┤■■■■■■■■■■■■■■■■■■■■■■■■■■■■ 3            
                   54 ┤ 0                                        
                   55 ┤ 0                                        
                   56 ┤■■■■■■■■■ 1                               
                   57 ┤■■■■■■■■■■■■■■■■■■■■■■■■■■■■ 3            
                   58 ┤■■■■■■■■■■■■■■■■■■■ 2                     
                   59 ┤ 0                                        
                   60 ┤■■■■■■■■■ 1                               
                      └                                        ┘ 
                                     num of slices               
[ Info: slicing branch with sc: 32.0
[ Info: cc.sc: 32.0
region size: 10
tbl0_rows:48 filtered_rows:48
QIP_gurobi_bound: solver finished in 1.296 s (time_limit=100.0 s, status=OPTIMAL)
[ Info: slice 1, lp_score: 5345.0, primal_bound: 5348.0
QIP_gurobi_bound: solver finished in 1.618 s (time_limit=100.0 s, status=OPTIMAL)
[ Info: slice 2, lp_score: 5348.0, primal_bound: 5348.0
[ Info: new_scs: [31]
[ Info: lp_scores: [5348.0]
[ Info: lp_scores: 5348.0
[ Info: current num of unfinished slices: 35, finished slices: 1
                      ┌                                        ┐ 
                   31 ┤■■■■■■■■■ 1                               
                   32 ┤ 0                                        
                   33 ┤■■■■■■■■■ 1                               
                   34 ┤■■■■■■■■■■■■■■■■■■■ 2                     
                   35 ┤ 0                                        
                   36 ┤■■■■■■■■■■■■■■■■■■■■■■■■■■■■ 3            
                   37 ┤ 0                                        
                   38 ┤■■■■■■■■■ 1                               
                   39 ┤ 0                                        
                   40 ┤■■■■■■■■■ 1                               
                   41 ┤■■■■■■■■■■■■■■■■■■■ 2                     
                   42 ┤■■■■■■■■■ 1                               
                   43 ┤■■■■■■■■■■■■■■■■■■■■■■■■■■■■ 3            
                   44 ┤■■■■■■■■■■■■■■■■■■■ 2                     
   sc, target = 31 45 ┤■■■■■■■■■ 1                               
                   46 ┤■■■■■■■■■ 1                               
                   47 ┤ 0                                        
                   48 ┤ 0                                        
                   49 ┤■■■■■■■■■■■■■■■■■■■■■■■■■■■■■■■■■■■■■ 4   
                   50 ┤■■■■■■■■■ 1                               
                   51 ┤■■■■■■■■■ 1                               
                   52 ┤ 0                                        
                   53 ┤■■■■■■■■■■■■■■■■■■■■■■■■■■■■ 3            
                   54 ┤ 0                                        
                   55 ┤ 0                                        
                   56 ┤■■■■■■■■■ 1                               
                   57 ┤■■■■■■■■■■■■■■■■■■■■■■■■■■■■ 3            
                   58 ┤■■■■■■■■■■■■■■■■■■■ 2                     
                   59 ┤ 0                                        
                   60 ┤■■■■■■■■■ 1                               
                      └                                        ┘ 
                                     num of slices               
[ Info: slicing branch with sc: 31.0
  [slice produced] sc=31.0 tc=45.563846319213816 nv=3551 ne=6921 r=43.5
QIP_value_gurobi: solver finished in 1.609 s (time_limit=604800.0 s, status=OPTIMAL)
[ Info: feasible solution: 5348.0, primal bound: 5348.0
[ Info: current num of unfinished slices: 34, finished slices: 2
                      ┌                                        ┐ 
                   33 ┤■■■■■■■■■ 1                               
                   34 ┤■■■■■■■■■■■■■■■■■■■ 2                     
                   35 ┤ 0                                        
                   36 ┤■■■■■■■■■■■■■■■■■■■■■■■■■■■■ 3            
                   37 ┤ 0                                        
                   38 ┤■■■■■■■■■ 1                               
                   39 ┤ 0                                        
                   40 ┤■■■■■■■■■ 1                               
                   41 ┤■■■■■■■■■■■■■■■■■■■ 2                     
                   42 ┤■■■■■■■■■ 1                               
                   43 ┤■■■■■■■■■■■■■■■■■■■■■■■■■■■■ 3            
                   44 ┤■■■■■■■■■■■■■■■■■■■ 2                     
                   45 ┤■■■■■■■■■ 1                               
   sc, target = 31 46 ┤■■■■■■■■■ 1                               
                   47 ┤ 0                                        
                   48 ┤ 0                                        
                   49 ┤■■■■■■■■■■■■■■■■■■■■■■■■■■■■■■■■■■■■■ 4   
                   50 ┤■■■■■■■■■ 1                               
                   51 ┤■■■■■■■■■ 1                               
                   52 ┤ 0                                        
                   53 ┤■■■■■■■■■■■■■■■■■■■■■■■■■■■■ 3            
                   54 ┤ 0                                        
                   55 ┤ 0                                        
                   56 ┤■■■■■■■■■ 1                               
                   57 ┤■■■■■■■■■■■■■■■■■■■■■■■■■■■■ 3            
                   58 ┤■■■■■■■■■■■■■■■■■■■ 2                     
                   59 ┤ 0                                        
                   60 ┤■■■■■■■■■ 1                               
                      └                                        ┘ 
                                     num of slices               
[ Info: slicing branch with sc: 33.0
[ Info: cc.sc: 33.0
region size: 10
tbl0_rows:33 filtered_rows:33
QIP_gurobi_bound: solver finished in 1.717 s (time_limit=100.0 s, status=OPTIMAL)
[ Info: slice 1, lp_score: 5343.0, primal_bound: 5348.0
QIP_gurobi_bound: solver finished in 1.298 s (time_limit=100.0 s, status=OPTIMAL)
[ Info: slice 2, lp_score: 5339.0, primal_bound: 5348.0
[ Info: new_scs: Int64[]
[ Info: lp_scores: Float64[]
[ Info: current num of unfinished slices: 33, finished slices: 2
                      ┌                                        ┐ 
                   34 ┤■■■■■■■■■■■■■■■■■■■ 2                     
                   35 ┤ 0                                        
                   36 ┤■■■■■■■■■■■■■■■■■■■■■■■■■■■■ 3            
                   37 ┤ 0                                        
                   38 ┤■■■■■■■■■ 1                               
                   39 ┤ 0                                        
                   40 ┤■■■■■■■■■ 1                               
                   41 ┤■■■■■■■■■■■■■■■■■■■ 2                     
                   42 ┤■■■■■■■■■ 1                               
                   43 ┤■■■■■■■■■■■■■■■■■■■■■■■■■■■■ 3            
                   44 ┤■■■■■■■■■■■■■■■■■■■ 2                     
                   45 ┤■■■■■■■■■ 1                               
                   46 ┤■■■■■■■■■ 1                               
   sc, target = 31 47 ┤ 0                                        
                   48 ┤ 0                                        
                   49 ┤■■■■■■■■■■■■■■■■■■■■■■■■■■■■■■■■■■■■■ 4   
                   50 ┤■■■■■■■■■ 1                               
                   51 ┤■■■■■■■■■ 1                               
                   52 ┤ 0                                        
                   53 ┤■■■■■■■■■■■■■■■■■■■■■■■■■■■■ 3            
                   54 ┤ 0                                        
                   55 ┤ 0                                        
                   56 ┤■■■■■■■■■ 1                               
                   57 ┤■■■■■■■■■■■■■■■■■■■■■■■■■■■■ 3            
                   58 ┤■■■■■■■■■■■■■■■■■■■ 2                     
                   59 ┤ 0                                        
                   60 ┤■■■■■■■■■ 1                               
                      └                                        ┘ 
                                     num of slices               
[ Info: slicing branch with sc: 34.0
[ Info: cc.sc: 34.0
region size: 10
tbl0_rows:37 filtered_rows:37
QIP_gurobi_bound: solver finished in 1.421 s (time_limit=100.0 s, status=OPTIMAL)
[ Info: slice 1, lp_score: 5341.0, primal_bound: 5348.0
QIP_gurobi_bound: solver finished in 1.24 s (time_limit=100.0 s, status=OPTIMAL)
[ Info: slice 2, lp_score: 5346.0, primal_bound: 5348.0
[ Info: new_scs: Int64[]
[ Info: lp_scores: Float64[]
[ Info: current num of unfinished slices: 32, finished slices: 2
                      ┌                                        ┐ 
                   34 ┤■■■■■■■■■ 1                               
                   35 ┤ 0                                        
                   36 ┤■■■■■■■■■■■■■■■■■■■■■■■■■■■■ 3            
                   37 ┤ 0                                        
                   38 ┤■■■■■■■■■ 1                               
                   39 ┤ 0                                        
                   40 ┤■■■■■■■■■ 1                               
                   41 ┤■■■■■■■■■■■■■■■■■■■ 2                     
                   42 ┤■■■■■■■■■ 1                               
                   43 ┤■■■■■■■■■■■■■■■■■■■■■■■■■■■■ 3            
                   44 ┤■■■■■■■■■■■■■■■■■■■ 2                     
                   45 ┤■■■■■■■■■ 1                               
                   46 ┤■■■■■■■■■ 1                               
   sc, target = 31 47 ┤ 0                                        
                   48 ┤ 0                                        
                   49 ┤■■■■■■■■■■■■■■■■■■■■■■■■■■■■■■■■■■■■■ 4   
                   50 ┤■■■■■■■■■ 1                               
                   51 ┤■■■■■■■■■ 1                               
                   52 ┤ 0                                        
                   53 ┤■■■■■■■■■■■■■■■■■■■■■■■■■■■■ 3            
                   54 ┤ 0                                        
                   55 ┤ 0                                        
                   56 ┤■■■■■■■■■ 1                               
                   57 ┤■■■■■■■■■■■■■■■■■■■■■■■■■■■■ 3            
                   58 ┤■■■■■■■■■■■■■■■■■■■ 2                     
                   59 ┤ 0                                        
                   60 ┤■■■■■■■■■ 1                               
                      └                                        ┘ 
                                     num of slices               
[ Info: slicing branch with sc: 34.0
[ Info: cc.sc: 34.0
region size: 10
tbl0_rows:26 filtered_rows:26
QIP_gurobi_bound: solver finished in 1.398 s (time_limit=100.0 s, status=OPTIMAL)
[ Info: slice 1, lp_score: 5339.0, primal_bound: 5348.0
QIP_gurobi_bound: solver finished in 1.295 s (time_limit=100.0 s, status=OPTIMAL)
[ Info: slice 2, lp_score: 5343.0, primal_bound: 5348.0
[ Info: new_scs: Int64[]
[ Info: lp_scores: Float64[]
[ Info: current num of unfinished slices: 31, finished slices: 2
                      ┌                                        ┐ 
                   36 ┤■■■■■■■■■■■■■■■■■■■■■■■■■■■■ 3            
                   37 ┤ 0                                        
                   38 ┤■■■■■■■■■ 1                               
                   39 ┤ 0                                        
                   40 ┤■■■■■■■■■ 1                               
                   41 ┤■■■■■■■■■■■■■■■■■■■ 2                     
                   42 ┤■■■■■■■■■ 1                               
                   43 ┤■■■■■■■■■■■■■■■■■■■■■■■■■■■■ 3            
                   44 ┤■■■■■■■■■■■■■■■■■■■ 2                     
                   45 ┤■■■■■■■■■ 1                               
                   46 ┤■■■■■■■■■ 1                               
                   47 ┤ 0                                        
   sc, target = 31 48 ┤ 0                                        
                   49 ┤■■■■■■■■■■■■■■■■■■■■■■■■■■■■■■■■■■■■■ 4   
                   50 ┤■■■■■■■■■ 1                               
                   51 ┤■■■■■■■■■ 1                               
                   52 ┤ 0                                        
                   53 ┤■■■■■■■■■■■■■■■■■■■■■■■■■■■■ 3            
                   54 ┤ 0                                        
                   55 ┤ 0                                        
                   56 ┤■■■■■■■■■ 1                               
                   57 ┤■■■■■■■■■■■■■■■■■■■■■■■■■■■■ 3            
                   58 ┤■■■■■■■■■■■■■■■■■■■ 2                     
                   59 ┤ 0                                        
                   60 ┤■■■■■■■■■ 1                               
                      └                                        ┘ 
                                     num of slices               
[ Info: slicing branch with sc: 36.0
[ Info: cc.sc: 36.0
region size: 10
tbl0_rows:43 filtered_rows:43
QIP_gurobi_bound: solver finished in 1.859 s (time_limit=100.0 s, status=OPTIMAL)
[ Info: slice 1, lp_score: 5339.0, primal_bound: 5348.0
QIP_gurobi_bound: solver finished in 1.33 s (time_limit=100.0 s, status=OPTIMAL)
[ Info: slice 2, lp_score: 5344.0, primal_bound: 5348.0
[ Info: new_scs: Int64[]
[ Info: lp_scores: Float64[]
[ Info: current num of unfinished slices: 30, finished slices: 2
                      ┌                                        ┐ 
                   36 ┤■■■■■■■■■■■■■■■■■■■ 2                     
                   37 ┤ 0                                        
                   38 ┤■■■■■■■■■ 1                               
                   39 ┤ 0                                        
                   40 ┤■■■■■■■■■ 1                               
                   41 ┤■■■■■■■■■■■■■■■■■■■ 2                     
                   42 ┤■■■■■■■■■ 1                               
                   43 ┤■■■■■■■■■■■■■■■■■■■■■■■■■■■■ 3            
                   44 ┤■■■■■■■■■■■■■■■■■■■ 2                     
                   45 ┤■■■■■■■■■ 1                               
                   46 ┤■■■■■■■■■ 1                               
                   47 ┤ 0                                        
   sc, target = 31 48 ┤ 0                                        
                   49 ┤■■■■■■■■■■■■■■■■■■■■■■■■■■■■■■■■■■■■■ 4   
                   50 ┤■■■■■■■■■ 1                               
                   51 ┤■■■■■■■■■ 1                               
                   52 ┤ 0                                        
                   53 ┤■■■■■■■■■■■■■■■■■■■■■■■■■■■■ 3            
                   54 ┤ 0                                        
                   55 ┤ 0                                        
                   56 ┤■■■■■■■■■ 1                               
                   57 ┤■■■■■■■■■■■■■■■■■■■■■■■■■■■■ 3            
                   58 ┤■■■■■■■■■■■■■■■■■■■ 2                     
                   59 ┤ 0                                        
                   60 ┤■■■■■■■■■ 1                               
                      └                                        ┘ 
                                     num of slices               
[ Info: slicing branch with sc: 36.0
[ Info: cc.sc: 36.0
region size: 10
tbl0_rows:31 filtered_rows:31
QIP_gurobi_bound: solver finished in 1.285 s (time_limit=100.0 s, status=OPTIMAL)
[ Info: slice 1, lp_score: 5346.0, primal_bound: 5348.0
QIP_gurobi_bound: solver finished in 1.404 s (time_limit=100.0 s, status=OPTIMAL)
[ Info: slice 2, lp_score: 5342.0, primal_bound: 5348.0
[ Info: new_scs: Int64[]
[ Info: lp_scores: Float64[]
[ Info: current num of unfinished slices: 29, finished slices: 2
                      ┌                                        ┐ 
                   36 ┤■■■■■■■■■ 1                               
                   37 ┤ 0                                        
                   38 ┤■■■■■■■■■ 1                               
                   39 ┤ 0                                        
                   40 ┤■■■■■■■■■ 1                               
                   41 ┤■■■■■■■■■■■■■■■■■■■ 2                     
                   42 ┤■■■■■■■■■ 1                               
                   43 ┤■■■■■■■■■■■■■■■■■■■■■■■■■■■■ 3            
                   44 ┤■■■■■■■■■■■■■■■■■■■ 2                     
                   45 ┤■■■■■■■■■ 1                               
                   46 ┤■■■■■■■■■ 1                               
                   47 ┤ 0                                        
   sc, target = 31 48 ┤ 0                                        
                   49 ┤■■■■■■■■■■■■■■■■■■■■■■■■■■■■■■■■■■■■■ 4   
                   50 ┤■■■■■■■■■ 1                               
                   51 ┤■■■■■■■■■ 1                               
                   52 ┤ 0                                        
                   53 ┤■■■■■■■■■■■■■■■■■■■■■■■■■■■■ 3            
                   54 ┤ 0                                        
                   55 ┤ 0                                        
                   56 ┤■■■■■■■■■ 1                               
                   57 ┤■■■■■■■■■■■■■■■■■■■■■■■■■■■■ 3            
                   58 ┤■■■■■■■■■■■■■■■■■■■ 2                     
                   59 ┤ 0                                        
                   60 ┤■■■■■■■■■ 1                               
                      └                                        ┘ 
                                     num of slices               
[ Info: slicing branch with sc: 36.0
[ Info: cc.sc: 36.0
region size: 10
tbl0_rows:43 filtered_rows:43
QIP_gurobi_bound: solver finished in 1.428 s (time_limit=100.0 s, status=OPTIMAL)
[ Info: slice 1, lp_score: 5337.0, primal_bound: 5348.0
QIP_gurobi_bound: solver finished in 1.46 s (time_limit=100.0 s, status=OPTIMAL)
[ Info: slice 2, lp_score: 5339.0, primal_bound: 5348.0
[ Info: new_scs: Int64[]
[ Info: lp_scores: Float64[]
[ Info: current num of unfinished slices: 28, finished slices: 2
                      ┌                                        ┐ 
                   38 ┤■■■■■■■■■ 1                               
                   39 ┤ 0                                        
                   40 ┤■■■■■■■■■ 1                               
                   41 ┤■■■■■■■■■■■■■■■■■■■ 2                     
                   42 ┤■■■■■■■■■ 1                               
                   43 ┤■■■■■■■■■■■■■■■■■■■■■■■■■■■■ 3            
                   44 ┤■■■■■■■■■■■■■■■■■■■ 2                     
                   45 ┤■■■■■■■■■ 1                               
                   46 ┤■■■■■■■■■ 1                               
                   47 ┤ 0                                        
                   48 ┤ 0                                        
   sc, target = 31 49 ┤■■■■■■■■■■■■■■■■■■■■■■■■■■■■■■■■■■■■■ 4   
                   50 ┤■■■■■■■■■ 1                               
                   51 ┤■■■■■■■■■ 1                               
                   52 ┤ 0                                        
                   53 ┤■■■■■■■■■■■■■■■■■■■■■■■■■■■■ 3            
                   54 ┤ 0                                        
                   55 ┤ 0                                        
                   56 ┤■■■■■■■■■ 1                               
                   57 ┤■■■■■■■■■■■■■■■■■■■■■■■■■■■■ 3            
                   58 ┤■■■■■■■■■■■■■■■■■■■ 2                     
                   59 ┤ 0                                        
                   60 ┤■■■■■■■■■ 1                               
                      └                                        ┘ 
                                     num of slices               
[ Info: slicing branch with sc: 38.0
[ Info: cc.sc: 38.0
region size: 10
tbl0_rows:43 filtered_rows:43
QIP_gurobi_bound: solver finished in 1.318 s (time_limit=100.0 s, status=OPTIMAL)
[ Info: slice 1, lp_score: 5342.0, primal_bound: 5348.0
QIP_gurobi_bound: solver finished in 1.2 s (time_limit=100.0 s, status=OPTIMAL)
[ Info: slice 2, lp_score: 5344.0, primal_bound: 5348.0
[ Info: new_scs: Int64[]
[ Info: lp_scores: Float64[]
[ Info: current num of unfinished slices: 27, finished slices: 2
                      ┌                                        ┐ 
                   40 ┤■■■■■■■■■ 1                               
                   41 ┤■■■■■■■■■■■■■■■■■■■ 2                     
                   42 ┤■■■■■■■■■ 1                               
                   43 ┤■■■■■■■■■■■■■■■■■■■■■■■■■■■■ 3            
                   44 ┤■■■■■■■■■■■■■■■■■■■ 2                     
                   45 ┤■■■■■■■■■ 1                               
                   46 ┤■■■■■■■■■ 1                               
                   47 ┤ 0                                        
                   48 ┤ 0                                        
                   49 ┤■■■■■■■■■■■■■■■■■■■■■■■■■■■■■■■■■■■■■ 4   
   sc, target = 31 50 ┤■■■■■■■■■ 1                               
                   51 ┤■■■■■■■■■ 1                               
                   52 ┤ 0                                        
                   53 ┤■■■■■■■■■■■■■■■■■■■■■■■■■■■■ 3            
                   54 ┤ 0                                        
                   55 ┤ 0                                        
                   56 ┤■■■■■■■■■ 1                               
                   57 ┤■■■■■■■■■■■■■■■■■■■■■■■■■■■■ 3            
                   58 ┤■■■■■■■■■■■■■■■■■■■ 2                     
                   59 ┤ 0                                        
                   60 ┤■■■■■■■■■ 1                               
                      └                                        ┘ 
                                     num of slices               
[ Info: slicing branch with sc: 40.0
[ Info: cc.sc: 40.0
region size: 10
tbl0_rows:32 filtered_rows:32
QIP_gurobi_bound: solver finished in 1.4 s (time_limit=100.0 s, status=OPTIMAL)
[ Info: slice 1, lp_score: 5339.0, primal_bound: 5348.0
QIP_gurobi_bound: solver finished in 1.377 s (time_limit=100.0 s, status=OPTIMAL)
[ Info: slice 2, lp_score: 5343.0, primal_bound: 5348.0
[ Info: new_scs: Int64[]
[ Info: lp_scores: Float64[]
[ Info: current num of unfinished slices: 26, finished slices: 2
                      ┌                                        ┐ 
                   41 ┤■■■■■■■■■■■■■■■■■■■ 2                     
                   42 ┤■■■■■■■■■ 1                               
                   43 ┤■■■■■■■■■■■■■■■■■■■■■■■■■■■■ 3            
                   44 ┤■■■■■■■■■■■■■■■■■■■ 2                     
                   45 ┤■■■■■■■■■ 1                               
                   46 ┤■■■■■■■■■ 1                               
                   47 ┤ 0                                        
                   48 ┤ 0                                        
                   49 ┤■■■■■■■■■■■■■■■■■■■■■■■■■■■■■■■■■■■■■ 4   
   sc, target = 31 50 ┤■■■■■■■■■ 1                               
                   51 ┤■■■■■■■■■ 1                               
                   52 ┤ 0                                        
                   53 ┤■■■■■■■■■■■■■■■■■■■■■■■■■■■■ 3            
                   54 ┤ 0                                        
                   55 ┤ 0                                        
                   56 ┤■■■■■■■■■ 1                               
                   57 ┤■■■■■■■■■■■■■■■■■■■■■■■■■■■■ 3            
                   58 ┤■■■■■■■■■■■■■■■■■■■ 2                     
                   59 ┤ 0                                        
                   60 ┤■■■■■■■■■ 1                               
                      └                                        ┘ 
                                     num of slices               
[ Info: slicing branch with sc: 41.0
[ Info: cc.sc: 41.0
region size: 10
tbl0_rows:40 filtered_rows:40
QIP_gurobi_bound: solver finished in 1.287 s (time_limit=100.0 s, status=OPTIMAL)
[ Info: slice 1, lp_score: 5342.0, primal_bound: 5348.0
QIP_gurobi_bound: solver finished in 1.382 s (time_limit=100.0 s, status=OPTIMAL)
[ Info: slice 2, lp_score: 5343.0, primal_bound: 5348.0
[ Info: new_scs: Int64[]
[ Info: lp_scores: Float64[]
[ Info: current num of unfinished slices: 25, finished slices: 2
                      ┌                                        ┐ 
                   41 ┤■■■■■■■■■ 1                               
                   42 ┤■■■■■■■■■ 1                               
                   43 ┤■■■■■■■■■■■■■■■■■■■■■■■■■■■■ 3            
                   44 ┤■■■■■■■■■■■■■■■■■■■ 2                     
                   45 ┤■■■■■■■■■ 1                               
                   46 ┤■■■■■■■■■ 1                               
                   47 ┤ 0                                        
                   48 ┤ 0                                        
                   49 ┤■■■■■■■■■■■■■■■■■■■■■■■■■■■■■■■■■■■■■ 4   
   sc, target = 31 50 ┤■■■■■■■■■ 1                               
                   51 ┤■■■■■■■■■ 1                               
                   52 ┤ 0                                        
                   53 ┤■■■■■■■■■■■■■■■■■■■■■■■■■■■■ 3            
                   54 ┤ 0                                        
                   55 ┤ 0                                        
                   56 ┤■■■■■■■■■ 1                               
                   57 ┤■■■■■■■■■■■■■■■■■■■■■■■■■■■■ 3            
                   58 ┤■■■■■■■■■■■■■■■■■■■ 2                     
                   59 ┤ 0                                        
                   60 ┤■■■■■■■■■ 1                               
                      └                                        ┘ 
                                     num of slices               
[ Info: slicing branch with sc: 42.0
[ Info: cc.sc: 42.0
region size: 10
tbl0_rows:54 filtered_rows:54
QIP_gurobi_bound: solver finished in 1.58 s (time_limit=100.0 s, status=OPTIMAL)
[ Info: slice 1, lp_score: 5346.0, primal_bound: 5348.0
QIP_gurobi_bound: solver finished in 1.384 s (time_limit=100.0 s, status=OPTIMAL)
[ Info: slice 2, lp_score: 5342.0, primal_bound: 5348.0
[ Info: new_scs: Int64[]
[ Info: lp_scores: Float64[]
[ Info: current num of unfinished slices: 24, finished slices: 2
                      ┌                                        ┐ 
                   41 ┤■■■■■■■■■ 1                               
                   42 ┤ 0                                        
                   43 ┤■■■■■■■■■■■■■■■■■■■■■■■■■■■■ 3            
                   44 ┤■■■■■■■■■■■■■■■■■■■ 2                     
                   45 ┤■■■■■■■■■ 1                               
                   46 ┤■■■■■■■■■ 1                               
                   47 ┤ 0                                        
                   48 ┤ 0                                        
                   49 ┤■■■■■■■■■■■■■■■■■■■■■■■■■■■■■■■■■■■■■ 4   
   sc, target = 31 50 ┤■■■■■■■■■ 1                               
                   51 ┤■■■■■■■■■ 1                               
                   52 ┤ 0                                        
                   53 ┤■■■■■■■■■■■■■■■■■■■■■■■■■■■■ 3            
                   54 ┤ 0                                        
                   55 ┤ 0                                        
                   56 ┤■■■■■■■■■ 1                               
                   57 ┤■■■■■■■■■■■■■■■■■■■■■■■■■■■■ 3            
                   58 ┤■■■■■■■■■■■■■■■■■■■ 2                     
                   59 ┤ 0                                        
                   60 ┤■■■■■■■■■ 1                               
                      └                                        ┘ 
                                     num of slices               
[ Info: slicing branch with sc: 43.0
[ Info: cc.sc: 43.0
region size: 10
tbl0_rows:45 filtered_rows:45
QIP_gurobi_bound: solver finished in 1.353 s (time_limit=100.0 s, status=OPTIMAL)
[ Info: slice 1, lp_score: 5336.0, primal_bound: 5348.0
QIP_gurobi_bound: solver finished in 1.31 s (time_limit=100.0 s, status=OPTIMAL)
[ Info: slice 2, lp_score: 5343.0, primal_bound: 5348.0
[ Info: new_scs: Int64[]
[ Info: lp_scores: Float64[]
[ Info: current num of unfinished slices: 23, finished slices: 2
                      ┌                                        ┐ 
                   41 ┤■■■■■■■■■ 1                               
                   42 ┤ 0                                        
                   43 ┤■■■■■■■■■■■■■■■■■■■ 2                     
                   44 ┤■■■■■■■■■■■■■■■■■■■ 2                     
                   45 ┤■■■■■■■■■ 1                               
                   46 ┤■■■■■■■■■ 1                               
                   47 ┤ 0                                        
                   48 ┤ 0                                        
                   49 ┤■■■■■■■■■■■■■■■■■■■■■■■■■■■■■■■■■■■■■ 4   
   sc, target = 31 50 ┤■■■■■■■■■ 1                               
                   51 ┤■■■■■■■■■ 1                               
                   52 ┤ 0                                        
                   53 ┤■■■■■■■■■■■■■■■■■■■■■■■■■■■■ 3            
                   54 ┤ 0                                        
                   55 ┤ 0                                        
                   56 ┤■■■■■■■■■ 1                               
                   57 ┤■■■■■■■■■■■■■■■■■■■■■■■■■■■■ 3            
                   58 ┤■■■■■■■■■■■■■■■■■■■ 2                     
                   59 ┤ 0                                        
                   60 ┤■■■■■■■■■ 1                               
                      └                                        ┘ 
                                     num of slices               
[ Info: slicing branch with sc: 43.0
[ Info: cc.sc: 43.0
region size: 10
tbl0_rows:64 filtered_rows:64
QIP_gurobi_bound: solver finished in 1.476 s (time_limit=100.0 s, status=OPTIMAL)
[ Info: slice 1, lp_score: 5346.0, primal_bound: 5348.0
QIP_gurobi_bound: solver finished in 1.692 s (time_limit=100.0 s, status=OPTIMAL)
[ Info: slice 2, lp_score: 5337.0, primal_bound: 5348.0
[ Info: new_scs: Int64[]
[ Info: lp_scores: Float64[]
[ Info: current num of unfinished slices: 22, finished slices: 2
                      ┌                                        ┐ 
                   41 ┤■■■■■■■■■ 1                               
                   42 ┤ 0                                        
                   43 ┤■■■■■■■■■ 1                               
                   44 ┤■■■■■■■■■■■■■■■■■■■ 2                     
                   45 ┤■■■■■■■■■ 1                               
                   46 ┤■■■■■■■■■ 1                               
                   47 ┤ 0                                        
                   48 ┤ 0                                        
                   49 ┤■■■■■■■■■■■■■■■■■■■■■■■■■■■■■■■■■■■■■ 4   
   sc, target = 31 50 ┤■■■■■■■■■ 1                               
                   51 ┤■■■■■■■■■ 1                               
                   52 ┤ 0                                        
                   53 ┤■■■■■■■■■■■■■■■■■■■■■■■■■■■■ 3            
                   54 ┤ 0                                        
                   55 ┤ 0                                        
                   56 ┤■■■■■■■■■ 1                               
                   57 ┤■■■■■■■■■■■■■■■■■■■■■■■■■■■■ 3            
                   58 ┤■■■■■■■■■■■■■■■■■■■ 2                     
                   59 ┤ 0                                        
                   60 ┤■■■■■■■■■ 1                               
                      └                                        ┘ 
                                     num of slices               
[ Info: slicing branch with sc: 41.0
[ Info: cc.sc: 41.0
region size: 10
tbl0_rows:60 filtered_rows:60
QIP_gurobi_bound: solver finished in 1.3 s (time_limit=100.0 s, status=OPTIMAL)
[ Info: slice 1, lp_score: 5330.0, primal_bound: 5348.0
QIP_gurobi_bound: solver finished in 2.193 s (time_limit=100.0 s, status=OPTIMAL)
[ Info: slice 2, lp_score: 5332.0, primal_bound: 5348.0
[ Info: new_scs: Int64[]
[ Info: lp_scores: Float64[]
[ Info: current num of unfinished slices: 21, finished slices: 2
                      ┌                                        ┐ 
                   43 ┤■■■■■■■■■ 1                               
                   44 ┤■■■■■■■■■■■■■■■■■■■ 2                     
                   45 ┤■■■■■■■■■ 1                               
                   46 ┤■■■■■■■■■ 1                               
                   47 ┤ 0                                        
                   48 ┤ 0                                        
                   49 ┤■■■■■■■■■■■■■■■■■■■■■■■■■■■■■■■■■■■■■ 4   
                   50 ┤■■■■■■■■■ 1                               
   sc, target = 31 51 ┤■■■■■■■■■ 1                               
                   52 ┤ 0                                        
                   53 ┤■■■■■■■■■■■■■■■■■■■■■■■■■■■■ 3            
                   54 ┤ 0                                        
                   55 ┤ 0                                        
                   56 ┤■■■■■■■■■ 1                               
                   57 ┤■■■■■■■■■■■■■■■■■■■■■■■■■■■■ 3            
                   58 ┤■■■■■■■■■■■■■■■■■■■ 2                     
                   59 ┤ 0                                        
                   60 ┤■■■■■■■■■ 1                               
                      └                                        ┘ 
                                     num of slices               
[ Info: slicing branch with sc: 44.0
[ Info: cc.sc: 44.0
region size: 10
tbl0_rows:60 filtered_rows:60
QIP_gurobi_bound: solver finished in 1.313 s (time_limit=100.0 s, status=OPTIMAL)
[ Info: slice 1, lp_score: 5344.0, primal_bound: 5348.0
QIP_gurobi_bound: solver finished in 1.862 s (time_limit=100.0 s, status=OPTIMAL)
[ Info: slice 2, lp_score: 5347.0, primal_bound: 5348.0
[ Info: new_scs: Int64[]
[ Info: lp_scores: Float64[]
[ Info: current num of unfinished slices: 20, finished slices: 2
                      ┌                                        ┐ 
                   43 ┤■■■■■■■■■ 1                               
                   44 ┤■■■■■■■■■ 1                               
                   45 ┤■■■■■■■■■ 1                               
                   46 ┤■■■■■■■■■ 1                               
                   47 ┤ 0                                        
                   48 ┤ 0                                        
                   49 ┤■■■■■■■■■■■■■■■■■■■■■■■■■■■■■■■■■■■■■ 4   
                   50 ┤■■■■■■■■■ 1                               
   sc, target = 31 51 ┤■■■■■■■■■ 1                               
                   52 ┤ 0                                        
                   53 ┤■■■■■■■■■■■■■■■■■■■■■■■■■■■■ 3            
                   54 ┤ 0                                        
                   55 ┤ 0                                        
                   56 ┤■■■■■■■■■ 1                               
                   57 ┤■■■■■■■■■■■■■■■■■■■■■■■■■■■■ 3            
                   58 ┤■■■■■■■■■■■■■■■■■■■ 2                     
                   59 ┤ 0                                        
                   60 ┤■■■■■■■■■ 1                               
                      └                                        ┘ 
                                     num of slices               
[ Info: slicing branch with sc: 43.0
[ Info: cc.sc: 43.0
region size: 10
tbl0_rows:84 filtered_rows:84
QIP_gurobi_bound: solver finished in 1.312 s (time_limit=100.0 s, status=OPTIMAL)
[ Info: slice 1, lp_score: 5340.0, primal_bound: 5348.0
QIP_gurobi_bound: solver finished in 1.402 s (time_limit=100.0 s, status=OPTIMAL)
[ Info: slice 2, lp_score: 5332.0, primal_bound: 5348.0
[ Info: new_scs: Int64[]
[ Info: lp_scores: Float64[]
[ Info: current num of unfinished slices: 19, finished slices: 2
                      ┌                                        ┐ 
                   44 ┤■■■■■■■■■ 1                               
                   45 ┤■■■■■■■■■ 1                               
                   46 ┤■■■■■■■■■ 1                               
                   47 ┤ 0                                        
                   48 ┤ 0                                        
                   49 ┤■■■■■■■■■■■■■■■■■■■■■■■■■■■■■■■■■■■■■ 4   
                   50 ┤■■■■■■■■■ 1                               
                   51 ┤■■■■■■■■■ 1                               
   sc, target = 31 52 ┤ 0                                        
                   53 ┤■■■■■■■■■■■■■■■■■■■■■■■■■■■■ 3            
                   54 ┤ 0                                        
                   55 ┤ 0                                        
                   56 ┤■■■■■■■■■ 1                               
                   57 ┤■■■■■■■■■■■■■■■■■■■■■■■■■■■■ 3            
                   58 ┤■■■■■■■■■■■■■■■■■■■ 2                     
                   59 ┤ 0                                        
                   60 ┤■■■■■■■■■ 1                               
                      └                                        ┘ 
                                     num of slices               
[ Info: slicing branch with sc: 45.0
[ Info: cc.sc: 45.0
region size: 10
tbl0_rows:35 filtered_rows:35
QIP_gurobi_bound: solver finished in 1.502 s (time_limit=100.0 s, status=OPTIMAL)
[ Info: slice 1, lp_score: 5339.0, primal_bound: 5348.0
QIP_gurobi_bound: solver finished in 1.359 s (time_limit=100.0 s, status=OPTIMAL)
[ Info: slice 2, lp_score: 5331.0, primal_bound: 5348.0
[ Info: new_scs: Int64[]
[ Info: lp_scores: Float64[]
[ Info: current num of unfinished slices: 18, finished slices: 2
                      ┌                                        ┐ 
                   44 ┤■■■■■■■■■ 1                               
                   45 ┤ 0                                        
                   46 ┤■■■■■■■■■ 1                               
                   47 ┤ 0                                        
                   48 ┤ 0                                        
                   49 ┤■■■■■■■■■■■■■■■■■■■■■■■■■■■■■■■■■■■■■ 4   
                   50 ┤■■■■■■■■■ 1                               
                   51 ┤■■■■■■■■■ 1                               
   sc, target = 31 52 ┤ 0                                        
                   53 ┤■■■■■■■■■■■■■■■■■■■■■■■■■■■■ 3            
                   54 ┤ 0                                        
                   55 ┤ 0                                        
                   56 ┤■■■■■■■■■ 1                               
                   57 ┤■■■■■■■■■■■■■■■■■■■■■■■■■■■■ 3            
                   58 ┤■■■■■■■■■■■■■■■■■■■ 2                     
                   59 ┤ 0                                        
                   60 ┤■■■■■■■■■ 1                               
                      └                                        ┘ 
                                     num of slices               
[ Info: slicing branch with sc: 44.0
[ Info: cc.sc: 44.0
region size: 10
tbl0_rows:81 filtered_rows:81
QIP_gurobi_bound: solver finished in 1.298 s (time_limit=100.0 s, status=OPTIMAL)
[ Info: slice 1, lp_score: 5342.0, primal_bound: 5348.0
QIP_gurobi_bound: solver finished in 1.714 s (time_limit=100.0 s, status=OPTIMAL)
[ Info: slice 2, lp_score: 5341.0, primal_bound: 5348.0
[ Info: new_scs: Int64[]
[ Info: lp_scores: Float64[]
[ Info: current num of unfinished slices: 17, finished slices: 2
                      ┌                                        ┐ 
                   46 ┤■■■■■■■■■ 1                               
                   47 ┤ 0                                        
                   48 ┤ 0                                        
                   49 ┤■■■■■■■■■■■■■■■■■■■■■■■■■■■■■■■■■■■■■ 4   
                   50 ┤■■■■■■■■■ 1                               
                   51 ┤■■■■■■■■■ 1                               
                   52 ┤ 0                                        
   sc, target = 31 53 ┤■■■■■■■■■■■■■■■■■■■■■■■■■■■■ 3            
                   54 ┤ 0                                        
                   55 ┤ 0                                        
                   56 ┤■■■■■■■■■ 1                               
                   57 ┤■■■■■■■■■■■■■■■■■■■■■■■■■■■■ 3            
                   58 ┤■■■■■■■■■■■■■■■■■■■ 2                     
                   59 ┤ 0                                        
                   60 ┤■■■■■■■■■ 1                               
                      └                                        ┘ 
                                     num of slices               
[ Info: slicing branch with sc: 46.0
[ Info: cc.sc: 46.0
region size: 10
tbl0_rows:39 filtered_rows:39
QIP_gurobi_bound: solver finished in 1.53 s (time_limit=100.0 s, status=OPTIMAL)
[ Info: slice 1, lp_score: 5338.0, primal_bound: 5348.0
QIP_gurobi_bound: solver finished in 1.487 s (time_limit=100.0 s, status=OPTIMAL)
[ Info: slice 2, lp_score: 5329.0, primal_bound: 5348.0
[ Info: new_scs: Int64[]
[ Info: lp_scores: Float64[]
[ Info: current num of unfinished slices: 16, finished slices: 2
                      ┌                                        ┐ 
                   49 ┤■■■■■■■■■■■■■■■■■■■■■■■■■■■■■■■■■■■■■ 4   
                   50 ┤■■■■■■■■■ 1                               
                   51 ┤■■■■■■■■■ 1                               
                   52 ┤ 0                                        
                   53 ┤■■■■■■■■■■■■■■■■■■■■■■■■■■■■ 3            
   sc, target = 31 54 ┤ 0                                        
                   55 ┤ 0                                        
                   56 ┤■■■■■■■■■ 1                               
                   57 ┤■■■■■■■■■■■■■■■■■■■■■■■■■■■■ 3            
                   58 ┤■■■■■■■■■■■■■■■■■■■ 2                     
                   59 ┤ 0                                        
                   60 ┤■■■■■■■■■ 1                               
                      └                                        ┘ 
                                     num of slices               
[ Info: slicing branch with sc: 49.0
[ Info: cc.sc: 49.0
region size: 10
tbl0_rows:42 filtered_rows:42
QIP_gurobi_bound: solver finished in 1.558 s (time_limit=100.0 s, status=OPTIMAL)
[ Info: slice 1, lp_score: 5345.0, primal_bound: 5348.0
QIP_gurobi_bound: solver finished in 1.452 s (time_limit=100.0 s, status=OPTIMAL)
[ Info: slice 2, lp_score: 5344.0, primal_bound: 5348.0
[ Info: new_scs: Int64[]
[ Info: lp_scores: Float64[]
[ Info: current num of unfinished slices: 15, finished slices: 2
                      ┌                                        ┐ 
                   49 ┤■■■■■■■■■■■■■■■■■■■■■■■■■■■■■■■■■■■■■ 3   
                   50 ┤■■■■■■■■■■■■ 1                            
                   51 ┤■■■■■■■■■■■■ 1                            
                   52 ┤ 0                                        
                   53 ┤■■■■■■■■■■■■■■■■■■■■■■■■■■■■■■■■■■■■■ 3   
   sc, target = 31 54 ┤ 0                                        
                   55 ┤ 0                                        
                   56 ┤■■■■■■■■■■■■ 1                            
                   57 ┤■■■■■■■■■■■■■■■■■■■■■■■■■■■■■■■■■■■■■ 3   
                   58 ┤■■■■■■■■■■■■■■■■■■■■■■■■■ 2               
                   59 ┤ 0                                        
                   60 ┤■■■■■■■■■■■■ 1                            
                      └                                        ┘ 
                                     num of slices               
[ Info: slicing branch with sc: 49.0
[ Info: cc.sc: 49.0
region size: 10
tbl0_rows:38 filtered_rows:38
QIP_gurobi_bound: solver finished in 1.428 s (time_limit=100.0 s, status=OPTIMAL)
[ Info: slice 1, lp_score: 5339.0, primal_bound: 5348.0
QIP_gurobi_bound: solver finished in 6.437 s (time_limit=100.0 s, status=OPTIMAL)
[ Info: slice 2, lp_score: 5342.0, primal_bound: 5348.0
[ Info: new_scs: Int64[]
[ Info: lp_scores: Float64[]
[ Info: current num of unfinished slices: 14, finished slices: 2
                      ┌                                        ┐ 
                   49 ┤■■■■■■■■■■■■■■■■■■■■■■■■■ 2               
                   50 ┤■■■■■■■■■■■■ 1                            
                   51 ┤■■■■■■■■■■■■ 1                            
                   52 ┤ 0                                        
                   53 ┤■■■■■■■■■■■■■■■■■■■■■■■■■■■■■■■■■■■■■ 3   
   sc, target = 31 54 ┤ 0                                        
                   55 ┤ 0                                        
                   56 ┤■■■■■■■■■■■■ 1                            
                   57 ┤■■■■■■■■■■■■■■■■■■■■■■■■■■■■■■■■■■■■■ 3   
                   58 ┤■■■■■■■■■■■■■■■■■■■■■■■■■ 2               
                   59 ┤ 0                                        
                   60 ┤■■■■■■■■■■■■ 1                            
                      └                                        ┘ 
                                     num of slices               
[ Info: slicing branch with sc: 49.0
[ Info: cc.sc: 49.0
region size: 10
tbl0_rows:78 filtered_rows:78
QIP_gurobi_bound: solver finished in 1.529 s (time_limit=100.0 s, status=OPTIMAL)
[ Info: slice 1, lp_score: 5337.0, primal_bound: 5348.0
QIP_gurobi_bound: solver finished in 1.38 s (time_limit=100.0 s, status=OPTIMAL)
[ Info: slice 2, lp_score: 5343.0, primal_bound: 5348.0
[ Info: new_scs: Int64[]
[ Info: lp_scores: Float64[]
[ Info: current num of unfinished slices: 13, finished slices: 2
                      ┌                                        ┐ 
                   49 ┤■■■■■■■■■■■■ 1                            
                   50 ┤■■■■■■■■■■■■ 1                            
                   51 ┤■■■■■■■■■■■■ 1                            
                   52 ┤ 0                                        
                   53 ┤■■■■■■■■■■■■■■■■■■■■■■■■■■■■■■■■■■■■■ 3   
   sc, target = 31 54 ┤ 0                                        
                   55 ┤ 0                                        
                   56 ┤■■■■■■■■■■■■ 1                            
                   57 ┤■■■■■■■■■■■■■■■■■■■■■■■■■■■■■■■■■■■■■ 3   
                   58 ┤■■■■■■■■■■■■■■■■■■■■■■■■■ 2               
                   59 ┤ 0                                        
                   60 ┤■■■■■■■■■■■■ 1                            
                      └                                        ┘ 
                                     num of slices               
[ Info: slicing branch with sc: 49.0
[ Info: cc.sc: 49.0
region size: 10
tbl0_rows:74 filtered_rows:74
QIP_gurobi_bound: solver finished in 1.351 s (time_limit=100.0 s, status=OPTIMAL)
[ Info: slice 1, lp_score: 5347.0, primal_bound: 5348.0
QIP_gurobi_bound: solver finished in 1.485 s (time_limit=100.0 s, status=OPTIMAL)
[ Info: slice 2, lp_score: 5346.0, primal_bound: 5348.0
[ Info: new_scs: Int64[]
[ Info: lp_scores: Float64[]
[ Info: current num of unfinished slices: 12, finished slices: 2
                      ┌                                        ┐ 
                   50 ┤■■■■■■■■■■■■ 1                            
                   51 ┤■■■■■■■■■■■■ 1                            
                   52 ┤ 0                                        
                   53 ┤■■■■■■■■■■■■■■■■■■■■■■■■■■■■■■■■■■■■■ 3   
                   54 ┤ 0                                        
   sc, target = 31 55 ┤ 0                                        
                   56 ┤■■■■■■■■■■■■ 1                            
                   57 ┤■■■■■■■■■■■■■■■■■■■■■■■■■■■■■■■■■■■■■ 3   
                   58 ┤■■■■■■■■■■■■■■■■■■■■■■■■■ 2               
                   59 ┤ 0                                        
                   60 ┤■■■■■■■■■■■■ 1                            
                      └                                        ┘ 
                                     num of slices               
[ Info: slicing branch with sc: 50.0
[ Info: cc.sc: 50.0
region size: 10
tbl0_rows:62 filtered_rows:62
QIP_gurobi_bound: solver finished in 1.484 s (time_limit=100.0 s, status=OPTIMAL)
[ Info: slice 1, lp_score: 5343.0, primal_bound: 5348.0
QIP_gurobi_bound: solver finished in 1.395 s (time_limit=100.0 s, status=OPTIMAL)
[ Info: slice 2, lp_score: 5344.0, primal_bound: 5348.0
[ Info: new_scs: Int64[]
[ Info: lp_scores: Float64[]
[ Info: current num of unfinished slices: 11, finished slices: 2
                      ┌                                        ┐ 
                   51 ┤■■■■■■■■■■■■ 1                            
                   52 ┤ 0                                        
                   53 ┤■■■■■■■■■■■■■■■■■■■■■■■■■■■■■■■■■■■■■ 3   
                   54 ┤ 0                                        
   sc, target = 31 55 ┤ 0                                        
                   56 ┤■■■■■■■■■■■■ 1                            
                   57 ┤■■■■■■■■■■■■■■■■■■■■■■■■■■■■■■■■■■■■■ 3   
                   58 ┤■■■■■■■■■■■■■■■■■■■■■■■■■ 2               
                   59 ┤ 0                                        
                   60 ┤■■■■■■■■■■■■ 1                            
                      └                                        ┘ 
                                     num of slices               
[ Info: slicing branch with sc: 51.0
[ Info: cc.sc: 51.0
region size: 10
tbl0_rows:73 filtered_rows:73
QIP_gurobi_bound: solver finished in 1.312 s (time_limit=100.0 s, status=OPTIMAL)
[ Info: slice 1, lp_score: 5343.0, primal_bound: 5348.0
QIP_gurobi_bound: solver finished in 6.207 s (time_limit=100.0 s, status=OPTIMAL)
[ Info: slice 2, lp_score: 5341.0, primal_bound: 5348.0
[ Info: new_scs: Int64[]
[ Info: lp_scores: Float64[]
[ Info: current num of unfinished slices: 10, finished slices: 2
                      ┌                                        ┐ 
                   53 ┤■■■■■■■■■■■■■■■■■■■■■■■■■■■■■■■■■■■■■ 3   
                   54 ┤ 0                                        
                   55 ┤ 0                                        
   sc, target = 31 56 ┤■■■■■■■■■■■■ 1                            
                   57 ┤■■■■■■■■■■■■■■■■■■■■■■■■■■■■■■■■■■■■■ 3   
                   58 ┤■■■■■■■■■■■■■■■■■■■■■■■■■ 2               
                   59 ┤ 0                                        
                   60 ┤■■■■■■■■■■■■ 1                            
                      └                                        ┘ 
                                     num of slices               
[ Info: slicing branch with sc: 53.0
[ Info: cc.sc: 53.0
region size: 10
tbl0_rows:74 filtered_rows:74
QIP_gurobi_bound: solver finished in 6.135 s (time_limit=100.0 s, status=OPTIMAL)
[ Info: slice 1, lp_score: 5345.0, primal_bound: 5348.0
QIP_gurobi_bound: solver finished in 1.43 s (time_limit=100.0 s, status=OPTIMAL)
[ Info: slice 2, lp_score: 5343.0, primal_bound: 5348.0
[ Info: new_scs: Int64[]
[ Info: lp_scores: Float64[]
[ Info: current num of unfinished slices: 9, finished slices: 2
                      ┌                                        ┐ 
                   53 ┤■■■■■■■■■■■■■■■■■■■■■■■■■ 2               
                   54 ┤ 0                                        
                   55 ┤ 0                                        
   sc, target = 31 56 ┤■■■■■■■■■■■■ 1                            
                   57 ┤■■■■■■■■■■■■■■■■■■■■■■■■■■■■■■■■■■■■■ 3   
                   58 ┤■■■■■■■■■■■■■■■■■■■■■■■■■ 2               
                   59 ┤ 0                                        
                   60 ┤■■■■■■■■■■■■ 1                            
                      └                                        ┘ 
                                     num of slices               
[ Info: slicing branch with sc: 56.0
[ Info: cc.sc: 56.0
region size: 10
tbl0_rows:67 filtered_rows:67
QIP_gurobi_bound: solver finished in 1.379 s (time_limit=100.0 s, status=OPTIMAL)
[ Info: slice 1, lp_score: 5340.0, primal_bound: 5348.0
QIP_gurobi_bound: solver finished in 1.432 s (time_limit=100.0 s, status=OPTIMAL)
[ Info: slice 2, lp_score: 5343.0, primal_bound: 5348.0
QIP_gurobi_bound: solver finished in 1.252 s (time_limit=100.0 s, status=OPTIMAL)
[ Info: slice 3, lp_score: 5334.0, primal_bound: 5348.0
[ Info: new_scs: Int64[]
[ Info: lp_scores: Float64[]
[ Info: current num of unfinished slices: 8, finished slices: 2
                      ┌                                        ┐ 
                   53 ┤■■■■■■■■■■■■■■■■■■■■■■■■■ 2               
                   54 ┤ 0                                        
                   55 ┤ 0                                        
   sc, target = 31 56 ┤ 0                                        
                   57 ┤■■■■■■■■■■■■■■■■■■■■■■■■■■■■■■■■■■■■■ 3   
                   58 ┤■■■■■■■■■■■■■■■■■■■■■■■■■ 2               
                   59 ┤ 0                                        
                   60 ┤■■■■■■■■■■■■ 1                            
                      └                                        ┘ 
                                     num of slices               
[ Info: slicing branch with sc: 53.0
[ Info: cc.sc: 53.0
region size: 10
tbl0_rows:67 filtered_rows:67
QIP_gurobi_bound: solver finished in 1.432 s (time_limit=100.0 s, status=OPTIMAL)
[ Info: slice 1, lp_score: 5337.0, primal_bound: 5348.0
QIP_gurobi_bound: solver finished in 1.509 s (time_limit=100.0 s, status=OPTIMAL)
[ Info: slice 2, lp_score: 5340.0, primal_bound: 5348.0
[ Info: new_scs: Int64[]
[ Info: lp_scores: Float64[]
[ Info: current num of unfinished slices: 7, finished slices: 2
                      ┌                                        ┐ 
                   53 ┤■■■■■■■■■■■■ 1                            
                   54 ┤ 0                                        
                   55 ┤ 0                                        
   sc, target = 31 56 ┤ 0                                        
                   57 ┤■■■■■■■■■■■■■■■■■■■■■■■■■■■■■■■■■■■■■ 3   
                   58 ┤■■■■■■■■■■■■■■■■■■■■■■■■■ 2               
                   59 ┤ 0                                        
                   60 ┤■■■■■■■■■■■■ 1                            
                      └                                        ┘ 
                                     num of slices               
[ Info: slicing branch with sc: 53.0
[ Info: cc.sc: 53.0
region size: 10
tbl0_rows:67 filtered_rows:67
QIP_gurobi_bound: solver finished in 1.349 s (time_limit=100.0 s, status=OPTIMAL)
[ Info: slice 1, lp_score: 5335.0, primal_bound: 5348.0
QIP_gurobi_bound: solver finished in 5.855 s (time_limit=100.0 s, status=OPTIMAL)
[ Info: slice 2, lp_score: 5338.0, primal_bound: 5348.0
[ Info: new_scs: Int64[]
[ Info: lp_scores: Float64[]
[ Info: current num of unfinished slices: 6, finished slices: 2
                      ┌                                        ┐ 
                   57 ┤■■■■■■■■■■■■■■■■■■■■■■■■■■■■■■■■■■■■■ 3   
   sc, target = 31 58 ┤■■■■■■■■■■■■■■■■■■■■■■■■■ 2               
                   59 ┤ 0                                        
                   60 ┤■■■■■■■■■■■■ 1                            
                      └                                        ┘ 
                                     num of slices               
[ Info: slicing branch with sc: 57.0
[ Info: cc.sc: 57.0
region size: 10
tbl0_rows:57 filtered_rows:57
QIP_gurobi_bound: solver finished in 1.504 s (time_limit=100.0 s, status=OPTIMAL)
[ Info: slice 1, lp_score: 5343.0, primal_bound: 5348.0
QIP_gurobi_bound: solver finished in 1.339 s (time_limit=100.0 s, status=OPTIMAL)
[ Info: slice 2, lp_score: 5348.0, primal_bound: 5348.0
[ Info: new_scs: [55]
[ Info: lp_scores: [5348.0]
[ Info: lp_scores: 5348.0
[ Info: current num of unfinished slices: 6, finished slices: 2
                      ┌                                        ┐ 
                   55 ┤■■■■■■■■■■■■■■■■■■■ 1                     
                   56 ┤ 0                                        
   sc, target = 31 57 ┤■■■■■■■■■■■■■■■■■■■■■■■■■■■■■■■■■■■■■ 2   
                   58 ┤■■■■■■■■■■■■■■■■■■■■■■■■■■■■■■■■■■■■■ 2   
                   59 ┤ 0                                        
                   60 ┤■■■■■■■■■■■■■■■■■■■ 1                     
                      └                                        ┘ 
                                     num of slices               
[ Info: slicing branch with sc: 55.0
[ Info: cc.sc: 55.0
region size: 10
tbl0_rows:67 filtered_rows:67
QIP_gurobi_bound: solver finished in 1.448 s (time_limit=100.0 s, status=OPTIMAL)
[ Info: slice 1, lp_score: 5345.0, primal_bound: 5348.0
QIP_gurobi_bound: solver finished in 1.451 s (time_limit=100.0 s, status=OPTIMAL)
[ Info: slice 2, lp_score: 5348.0, primal_bound: 5348.0
[ Info: new_scs: [54]
[ Info: lp_scores: [5348.0]
[ Info: lp_scores: 5348.0
[ Info: current num of unfinished slices: 6, finished slices: 2
                      ┌                                        ┐ 
                   54 ┤■■■■■■■■■■■■■■■■■■■ 1                     
                   55 ┤ 0                                        
                   56 ┤ 0                                        
   sc, target = 31 57 ┤■■■■■■■■■■■■■■■■■■■■■■■■■■■■■■■■■■■■■ 2   
                   58 ┤■■■■■■■■■■■■■■■■■■■■■■■■■■■■■■■■■■■■■ 2   
                   59 ┤ 0                                        
                   60 ┤■■■■■■■■■■■■■■■■■■■ 1                     
                      └                                        ┘ 
                                     num of slices               
[ Info: slicing branch with sc: 54.0
[ Info: cc.sc: 54.0
region size: 10
tbl0_rows:73 filtered_rows:73
QIP_gurobi_bound: solver finished in 1.365 s (time_limit=100.0 s, status=OPTIMAL)
[ Info: slice 1, lp_score: 5348.0, primal_bound: 5348.0
QIP_gurobi_bound: solver finished in 1.832 s (time_limit=100.0 s, status=OPTIMAL)
[ Info: slice 2, lp_score: 5346.0, primal_bound: 5348.0
[ Info: new_scs: [53]
[ Info: lp_scores: [5348.0]
[ Info: lp_scores: 5348.0
[ Info: current num of unfinished slices: 6, finished slices: 2
                      ┌                                        ┐ 
                   53 ┤■■■■■■■■■■■■■■■■■■■ 1                     
                   54 ┤ 0                                        
                   55 ┤ 0                                        
   sc, target = 31 56 ┤ 0                                        
                   57 ┤■■■■■■■■■■■■■■■■■■■■■■■■■■■■■■■■■■■■■ 2   
                   58 ┤■■■■■■■■■■■■■■■■■■■■■■■■■■■■■■■■■■■■■ 2   
                   59 ┤ 0                                        
                   60 ┤■■■■■■■■■■■■■■■■■■■ 1                     
                      └                                        ┘ 
                                     num of slices               
[ Info: slicing branch with sc: 53.0
[ Info: cc.sc: 53.0
region size: 10
tbl0_rows:54 filtered_rows:54
QIP_gurobi_bound: solver finished in 1.386 s (time_limit=100.0 s, status=OPTIMAL)
[ Info: slice 1, lp_score: 5345.0, primal_bound: 5348.0
QIP_gurobi_bound: solver finished in 1.41 s (time_limit=100.0 s, status=OPTIMAL)
[ Info: slice 2, lp_score: 5348.0, primal_bound: 5348.0
[ Info: new_scs: [51]
[ Info: lp_scores: [5348.0]
[ Info: lp_scores: 5348.0
[ Info: current num of unfinished slices: 6, finished slices: 2
                      ┌                                        ┐ 
                   51 ┤■■■■■■■■■■■■■■■■■■■ 1                     
                   52 ┤ 0                                        
                   53 ┤ 0                                        
                   54 ┤ 0                                        
   sc, target = 31 55 ┤ 0                                        
                   56 ┤ 0                                        
                   57 ┤■■■■■■■■■■■■■■■■■■■■■■■■■■■■■■■■■■■■■ 2   
                   58 ┤■■■■■■■■■■■■■■■■■■■■■■■■■■■■■■■■■■■■■ 2   
                   59 ┤ 0                                        
                   60 ┤■■■■■■■■■■■■■■■■■■■ 1                     
                      └                                        ┘ 
                                     num of slices               
[ Info: slicing branch with sc: 51.0
[ Info: cc.sc: 51.0
region size: 10
tbl0_rows:42 filtered_rows:42
QIP_gurobi_bound: solver finished in 1.489 s (time_limit=100.0 s, status=OPTIMAL)
[ Info: slice 1, lp_score: 5345.0, primal_bound: 5348.0
QIP_gurobi_bound: solver finished in 1.536 s (time_limit=100.0 s, status=OPTIMAL)
[ Info: slice 2, lp_score: 5348.0, primal_bound: 5348.0
QIP_gurobi_bound: solver finished in 1.538 s (time_limit=100.0 s, status=OPTIMAL)
[ Info: slice 3, lp_score: 5342.0, primal_bound: 5348.0
[ Info: new_scs: [49]
[ Info: lp_scores: [5348.0]
[ Info: lp_scores: 5348.0
[ Info: current num of unfinished slices: 6, finished slices: 2
                      ┌                                        ┐ 
                   49 ┤■■■■■■■■■■■■■■■■■■■ 1                     
                   50 ┤ 0                                        
                   51 ┤ 0                                        
                   52 ┤ 0                                        
                   53 ┤ 0                                        
   sc, target = 31 54 ┤ 0                                        
                   55 ┤ 0                                        
                   56 ┤ 0                                        
                   57 ┤■■■■■■■■■■■■■■■■■■■■■■■■■■■■■■■■■■■■■ 2   
                   58 ┤■■■■■■■■■■■■■■■■■■■■■■■■■■■■■■■■■■■■■ 2   
                   59 ┤ 0                                        
                   60 ┤■■■■■■■■■■■■■■■■■■■ 1                     
                      └                                        ┘ 
                                     num of slices               
[ Info: slicing branch with sc: 49.0
[ Info: cc.sc: 49.0
region size: 10
tbl0_rows:55 filtered_rows:55
QIP_gurobi_bound: solver finished in 1.479 s (time_limit=100.0 s, status=OPTIMAL)
[ Info: slice 1, lp_score: 5346.0, primal_bound: 5348.0
QIP_gurobi_bound: solver finished in 1.716 s (time_limit=100.0 s, status=OPTIMAL)
[ Info: slice 2, lp_score: 5348.0, primal_bound: 5348.0
[ Info: new_scs: [48]
[ Info: lp_scores: [5348.0]
[ Info: lp_scores: 5348.0
[ Info: current num of unfinished slices: 6, finished slices: 2
                      ┌                                        ┐ 
                   48 ┤■■■■■■■■■■■■■■■■■■■ 1                     
                   49 ┤ 0                                        
                   50 ┤ 0                                        
                   51 ┤ 0                                        
                   52 ┤ 0                                        
                   53 ┤ 0                                        
   sc, target = 31 54 ┤ 0                                        
                   55 ┤ 0                                        
                   56 ┤ 0                                        
                   57 ┤■■■■■■■■■■■■■■■■■■■■■■■■■■■■■■■■■■■■■ 2   
                   58 ┤■■■■■■■■■■■■■■■■■■■■■■■■■■■■■■■■■■■■■ 2   
                   59 ┤ 0                                        
                   60 ┤■■■■■■■■■■■■■■■■■■■ 1                     
                      └                                        ┘ 
                                     num of slices               
[ Info: slicing branch with sc: 48.0
[ Info: cc.sc: 48.0
region size: 10
tbl0_rows:30 filtered_rows:30
QIP_gurobi_bound: solver finished in 1.405 s (time_limit=100.0 s, status=OPTIMAL)
[ Info: slice 1, lp_score: 5348.0, primal_bound: 5348.0
QIP_gurobi_bound: solver finished in 1.606 s (time_limit=100.0 s, status=OPTIMAL)
[ Info: slice 2, lp_score: 5340.0, primal_bound: 5348.0
QIP_gurobi_bound: solver finished in 1.424 s (time_limit=100.0 s, status=OPTIMAL)
[ Info: slice 3, lp_score: 5335.0, primal_bound: 5348.0
[ Info: new_scs: [48]
[ Info: lp_scores: [5348.0]
[ Info: lp_scores: 5348.0
[ Info: current num of unfinished slices: 6, finished slices: 2
                      ┌                                        ┐ 
                   48 ┤■■■■■■■■■■■■■■■■■■■ 1                     
                   49 ┤ 0                                        
                   50 ┤ 0                                        
                   51 ┤ 0                                        
                   52 ┤ 0                                        
                   53 ┤ 0                                        
   sc, target = 31 54 ┤ 0                                        
                   55 ┤ 0                                        
                   56 ┤ 0                                        
                   57 ┤■■■■■■■■■■■■■■■■■■■■■■■■■■■■■■■■■■■■■ 2   
                   58 ┤■■■■■■■■■■■■■■■■■■■■■■■■■■■■■■■■■■■■■ 2   
                   59 ┤ 0                                        
                   60 ┤■■■■■■■■■■■■■■■■■■■ 1                     
                      └                                        ┘ 
                                     num of slices               
[ Info: slicing branch with sc: 48.0
[ Info: cc.sc: 48.0
region size: 10
tbl0_rows:38 filtered_rows:38
QIP_gurobi_bound: solver finished in 1.335 s (time_limit=100.0 s, status=OPTIMAL)
[ Info: slice 1, lp_score: 5348.0, primal_bound: 5348.0
QIP_gurobi_bound: solver finished in 5.885 s (time_limit=100.0 s, status=OPTIMAL)
[ Info: slice 2, lp_score: 5337.0, primal_bound: 5348.0
QIP_gurobi_bound: solver finished in 1.529 s (time_limit=100.0 s, status=OPTIMAL)
[ Info: slice 3, lp_score: 5335.0, primal_bound: 5348.0
[ Info: new_scs: [46]
[ Info: lp_scores: [5348.0]
[ Info: lp_scores: 5348.0
[ Info: current num of unfinished slices: 6, finished slices: 2
                      ┌                                        ┐ 
                   46 ┤■■■■■■■■■■■■■■■■■■■ 1                     
                   47 ┤ 0                                        
                   48 ┤ 0                                        
                   49 ┤ 0                                        
                   50 ┤ 0                                        
                   51 ┤ 0                                        
                   52 ┤ 0                                        
   sc, target = 31 53 ┤ 0                                        
                   54 ┤ 0                                        
                   55 ┤ 0                                        
                   56 ┤ 0                                        
                   57 ┤■■■■■■■■■■■■■■■■■■■■■■■■■■■■■■■■■■■■■ 2   
                   58 ┤■■■■■■■■■■■■■■■■■■■■■■■■■■■■■■■■■■■■■ 2   
                   59 ┤ 0                                        
                   60 ┤■■■■■■■■■■■■■■■■■■■ 1                     
                      └                                        ┘ 
                                     num of slices               
[ Info: slicing branch with sc: 46.0
[ Info: cc.sc: 46.0
region size: 10
tbl0_rows:65 filtered_rows:65
QIP_gurobi_bound: solver finished in 1.436 s (time_limit=100.0 s, status=OPTIMAL)
[ Info: slice 1, lp_score: 5348.0, primal_bound: 5348.0
QIP_gurobi_bound: solver finished in 1.397 s (time_limit=100.0 s, status=OPTIMAL)
[ Info: slice 2, lp_score: 5346.0, primal_bound: 5348.0
[ Info: new_scs: [45]
[ Info: lp_scores: [5348.0]
[ Info: lp_scores: 5348.0
[ Info: current num of unfinished slices: 6, finished slices: 2
                      ┌                                        ┐ 
                   45 ┤■■■■■■■■■■■■■■■■■■■ 1                     
                   46 ┤ 0                                        
                   47 ┤ 0                                        
                   48 ┤ 0                                        
                   49 ┤ 0                                        
                   50 ┤ 0                                        
                   51 ┤ 0                                        
   sc, target = 31 52 ┤ 0                                        
                   53 ┤ 0                                        
                   54 ┤ 0                                        
                   55 ┤ 0                                        
                   56 ┤ 0                                        
                   57 ┤■■■■■■■■■■■■■■■■■■■■■■■■■■■■■■■■■■■■■ 2   
                   58 ┤■■■■■■■■■■■■■■■■■■■■■■■■■■■■■■■■■■■■■ 2   
                   59 ┤ 0                                        
                   60 ┤■■■■■■■■■■■■■■■■■■■ 1                     
                      └                                        ┘ 
                                     num of slices               
[ Info: slicing branch with sc: 45.0
[ Info: cc.sc: 45.0
region size: 10
tbl0_rows:44 filtered_rows:44
QIP_gurobi_bound: solver finished in 1.445 s (time_limit=100.0 s, status=OPTIMAL)
[ Info: slice 1, lp_score: 5348.0, primal_bound: 5348.0
QIP_gurobi_bound: solver finished in 1.418 s (time_limit=100.0 s, status=OPTIMAL)
[ Info: slice 2, lp_score: 5342.0, primal_bound: 5348.0
[ Info: new_scs: [44]
[ Info: lp_scores: [5348.0]
[ Info: lp_scores: 5348.0
[ Info: current num of unfinished slices: 6, finished slices: 2
                      ┌                                        ┐ 
                   44 ┤■■■■■■■■■■■■■■■■■■■ 1                     
                   45 ┤ 0                                        
                   46 ┤ 0                                        
                   47 ┤ 0                                        
                   48 ┤ 0                                        
                   49 ┤ 0                                        
                   50 ┤ 0                                        
                   51 ┤ 0                                        
   sc, target = 31 52 ┤ 0                                        
                   53 ┤ 0                                        
                   54 ┤ 0                                        
                   55 ┤ 0                                        
                   56 ┤ 0                                        
                   57 ┤■■■■■■■■■■■■■■■■■■■■■■■■■■■■■■■■■■■■■ 2   
                   58 ┤■■■■■■■■■■■■■■■■■■■■■■■■■■■■■■■■■■■■■ 2   
                   59 ┤ 0                                        
                   60 ┤■■■■■■■■■■■■■■■■■■■ 1                     
                      └                                        ┘ 
                                     num of slices               
[ Info: slicing branch with sc: 44.0
[ Info: cc.sc: 44.0
region size: 10
tbl0_rows:33 filtered_rows:33
QIP_gurobi_bound: solver finished in 1.446 s (time_limit=100.0 s, status=OPTIMAL)
[ Info: slice 1, lp_score: 5336.0, primal_bound: 5348.0
QIP_gurobi_bound: solver finished in 1.516 s (time_limit=100.0 s, status=OPTIMAL)
[ Info: slice 2, lp_score: 5348.0, primal_bound: 5348.0
[ Info: new_scs: [43]
[ Info: lp_scores: [5348.0]
[ Info: lp_scores: 5348.0
[ Info: current num of unfinished slices: 6, finished slices: 2
                      ┌                                        ┐ 
                   43 ┤■■■■■■■■■■■■■■■■■■■ 1                     
                   44 ┤ 0                                        
                   45 ┤ 0                                        
                   46 ┤ 0                                        
                   47 ┤ 0                                        
                   48 ┤ 0                                        
                   49 ┤ 0                                        
                   50 ┤ 0                                        
   sc, target = 31 51 ┤ 0                                        
                   52 ┤ 0                                        
                   53 ┤ 0                                        
                   54 ┤ 0                                        
                   55 ┤ 0                                        
                   56 ┤ 0                                        
                   57 ┤■■■■■■■■■■■■■■■■■■■■■■■■■■■■■■■■■■■■■ 2   
                   58 ┤■■■■■■■■■■■■■■■■■■■■■■■■■■■■■■■■■■■■■ 2   
                   59 ┤ 0                                        
                   60 ┤■■■■■■■■■■■■■■■■■■■ 1                     
                      └                                        ┘ 
                                     num of slices               
[ Info: slicing branch with sc: 43.0
[ Info: cc.sc: 43.0
region size: 10
tbl0_rows:27 filtered_rows:27
QIP_gurobi_bound: solver finished in 1.418 s (time_limit=100.0 s, status=OPTIMAL)
[ Info: slice 1, lp_score: 5348.0, primal_bound: 5348.0
QIP_gurobi_bound: solver finished in 1.346 s (time_limit=100.0 s, status=OPTIMAL)
[ Info: slice 2, lp_score: 5341.0, primal_bound: 5348.0
[ Info: new_scs: [42]
[ Info: lp_scores: [5348.0]
[ Info: lp_scores: 5348.0
[ Info: current num of unfinished slices: 6, finished slices: 2
                      ┌                                        ┐ 
                   42 ┤■■■■■■■■■■■■■■■■■■■ 1                     
                   43 ┤ 0                                        
                   44 ┤ 0                                        
                   45 ┤ 0                                        
                   46 ┤ 0                                        
                   47 ┤ 0                                        
                   48 ┤ 0                                        
                   49 ┤ 0                                        
                   50 ┤ 0                                        
   sc, target = 31 51 ┤ 0                                        
                   52 ┤ 0                                        
                   53 ┤ 0                                        
                   54 ┤ 0                                        
                   55 ┤ 0                                        
                   56 ┤ 0                                        
                   57 ┤■■■■■■■■■■■■■■■■■■■■■■■■■■■■■■■■■■■■■ 2   
                   58 ┤■■■■■■■■■■■■■■■■■■■■■■■■■■■■■■■■■■■■■ 2   
                   59 ┤ 0                                        
                   60 ┤■■■■■■■■■■■■■■■■■■■ 1                     
                      └                                        ┘ 
                                     num of slices               
[ Info: slicing branch with sc: 42.0
[ Info: cc.sc: 42.0
region size: 10
tbl0_rows:63 filtered_rows:63
QIP_gurobi_bound: solver finished in 1.381 s (time_limit=100.0 s, status=OPTIMAL)
[ Info: slice 1, lp_score: 5347.0, primal_bound: 5348.0
QIP_gurobi_bound: solver finished in 1.758 s (time_limit=100.0 s, status=OPTIMAL)
[ Info: slice 2, lp_score: 5348.0, primal_bound: 5348.0
[ Info: new_scs: [41]
[ Info: lp_scores: [5348.0]
[ Info: lp_scores: 5348.0
[ Info: current num of unfinished slices: 6, finished slices: 2
                      ┌                                        ┐ 
                   41 ┤■■■■■■■■■■■■■■■■■■■ 1                     
                   42 ┤ 0                                        
                   43 ┤ 0                                        
                   44 ┤ 0                                        
                   45 ┤ 0                                        
                   46 ┤ 0                                        
                   47 ┤ 0                                        
                   48 ┤ 0                                        
                   49 ┤ 0                                        
   sc, target = 31 50 ┤ 0                                        
                   51 ┤ 0                                        
                   52 ┤ 0                                        
                   53 ┤ 0                                        
                   54 ┤ 0                                        
                   55 ┤ 0                                        
                   56 ┤ 0                                        
                   57 ┤■■■■■■■■■■■■■■■■■■■■■■■■■■■■■■■■■■■■■ 2   
                   58 ┤■■■■■■■■■■■■■■■■■■■■■■■■■■■■■■■■■■■■■ 2   
                   59 ┤ 0                                        
                   60 ┤■■■■■■■■■■■■■■■■■■■ 1                     
                      └                                        ┘ 
                                     num of slices               
[ Info: slicing branch with sc: 41.0
[ Info: cc.sc: 41.0
region size: 10
tbl0_rows:42 filtered_rows:42
QIP_gurobi_bound: solver finished in 1.323 s (time_limit=100.0 s, status=OPTIMAL)
[ Info: slice 1, lp_score: 5341.0, primal_bound: 5348.0
QIP_gurobi_bound: solver finished in 1.479 s (time_limit=100.0 s, status=OPTIMAL)
[ Info: slice 2, lp_score: 5348.0, primal_bound: 5348.0
[ Info: new_scs: [40]
[ Info: lp_scores: [5348.0]
[ Info: lp_scores: 5348.0
[ Info: current num of unfinished slices: 6, finished slices: 2
                      ┌                                        ┐ 
                   40 ┤■■■■■■■■■■■■■■■■■■■ 1                     
                   41 ┤ 0                                        
                   42 ┤ 0                                        
                   43 ┤ 0                                        
                   44 ┤ 0                                        
                   45 ┤ 0                                        
                   46 ┤ 0                                        
                   47 ┤ 0                                        
                   48 ┤ 0                                        
                   49 ┤ 0                                        
   sc, target = 31 50 ┤ 0                                        
                   51 ┤ 0                                        
                   52 ┤ 0                                        
                   53 ┤ 0                                        
                   54 ┤ 0                                        
                   55 ┤ 0                                        
                   56 ┤ 0                                        
                   57 ┤■■■■■■■■■■■■■■■■■■■■■■■■■■■■■■■■■■■■■ 2   
                   58 ┤■■■■■■■■■■■■■■■■■■■■■■■■■■■■■■■■■■■■■ 2   
                   59 ┤ 0                                        
                   60 ┤■■■■■■■■■■■■■■■■■■■ 1                     
                      └                                        ┘ 
                                     num of slices               
[ Info: slicing branch with sc: 40.0
[ Info: cc.sc: 40.0
region size: 10
tbl0_rows:88 filtered_rows:88
QIP_gurobi_bound: solver finished in 1.473 s (time_limit=100.0 s, status=OPTIMAL)
[ Info: slice 1, lp_score: 5348.0, primal_bound: 5348.0
QIP_gurobi_bound: solver finished in 1.548 s (time_limit=100.0 s, status=OPTIMAL)
[ Info: slice 2, lp_score: 5347.0, primal_bound: 5348.0
[ Info: new_scs: [39]
[ Info: lp_scores: [5348.0]
[ Info: lp_scores: 5348.0
[ Info: current num of unfinished slices: 6, finished slices: 2
                      ┌                                        ┐ 
                   39 ┤■■■■■■■■■■■■■■■■■■■ 1                     
                   40 ┤ 0                                        
                   41 ┤ 0                                        
                   42 ┤ 0                                        
                   43 ┤ 0                                        
                   44 ┤ 0                                        
                   45 ┤ 0                                        
                   46 ┤ 0                                        
                   47 ┤ 0                                        
                   48 ┤ 0                                        
   sc, target = 31 49 ┤ 0                                        
                   50 ┤ 0                                        
                   51 ┤ 0                                        
                   52 ┤ 0                                        
                   53 ┤ 0                                        
                   54 ┤ 0                                        
                   55 ┤ 0                                        
                   56 ┤ 0                                        
                   57 ┤■■■■■■■■■■■■■■■■■■■■■■■■■■■■■■■■■■■■■ 2   
                   58 ┤■■■■■■■■■■■■■■■■■■■■■■■■■■■■■■■■■■■■■ 2   
                   59 ┤ 0                                        
                   60 ┤■■■■■■■■■■■■■■■■■■■ 1                     
                      └                                        ┘ 
                                     num of slices               
[ Info: slicing branch with sc: 39.0
[ Info: cc.sc: 39.0
region size: 10
tbl0_rows:21 filtered_rows:21
QIP_gurobi_bound: solver finished in 1.422 s (time_limit=100.0 s, status=OPTIMAL)
[ Info: slice 1, lp_score: 5348.0, primal_bound: 5348.0
QIP_gurobi_bound: solver finished in 1.405 s (time_limit=100.0 s, status=OPTIMAL)
[ Info: slice 2, lp_score: 5347.0, primal_bound: 5348.0
[ Info: new_scs: [38]
[ Info: lp_scores: [5348.0]
[ Info: lp_scores: 5348.0
[ Info: current num of unfinished slices: 6, finished slices: 2
                      ┌                                        ┐ 
                   38 ┤■■■■■■■■■■■■■■■■■■■ 1                     
                   39 ┤ 0                                        
                   40 ┤ 0                                        
                   41 ┤ 0                                        
                   42 ┤ 0                                        
                   43 ┤ 0                                        
                   44 ┤ 0                                        
                   45 ┤ 0                                        
                   46 ┤ 0                                        
                   47 ┤ 0                                        
                   48 ┤ 0                                        
   sc, target = 31 49 ┤ 0                                        
                   50 ┤ 0                                        
                   51 ┤ 0                                        
                   52 ┤ 0                                        
                   53 ┤ 0                                        
                   54 ┤ 0                                        
                   55 ┤ 0                                        
                   56 ┤ 0                                        
                   57 ┤■■■■■■■■■■■■■■■■■■■■■■■■■■■■■■■■■■■■■ 2   
                   58 ┤■■■■■■■■■■■■■■■■■■■■■■■■■■■■■■■■■■■■■ 2   
                   59 ┤ 0                                        
                   60 ┤■■■■■■■■■■■■■■■■■■■ 1                     
                      └                                        ┘ 
                                     num of slices               
[ Info: slicing branch with sc: 38.0
[ Info: cc.sc: 38.0
region size: 10
tbl0_rows:31 filtered_rows:31
QIP_gurobi_bound: solver finished in 1.327 s (time_limit=100.0 s, status=OPTIMAL)
[ Info: slice 1, lp_score: 5347.0, primal_bound: 5348.0
QIP_gurobi_bound: solver finished in 1.261 s (time_limit=100.0 s, status=OPTIMAL)
[ Info: slice 2, lp_score: 5348.0, primal_bound: 5348.0
[ Info: new_scs: [37]
[ Info: lp_scores: [5348.0]
[ Info: lp_scores: 5348.0
[ Info: current num of unfinished slices: 6, finished slices: 2
                      ┌                                        ┐ 
                   37 ┤■■■■■■■■■■■■■■■■■■■ 1                     
                   38 ┤ 0                                        
                   39 ┤ 0                                        
                   40 ┤ 0                                        
                   41 ┤ 0                                        
                   42 ┤ 0                                        
                   43 ┤ 0                                        
                   44 ┤ 0                                        
                   45 ┤ 0                                        
                   46 ┤ 0                                        
                   47 ┤ 0                                        
   sc, target = 31 48 ┤ 0                                        
                   49 ┤ 0                                        
                   50 ┤ 0                                        
                   51 ┤ 0                                        
                   52 ┤ 0                                        
                   53 ┤ 0                                        
                   54 ┤ 0                                        
                   55 ┤ 0                                        
                   56 ┤ 0                                        
                   57 ┤■■■■■■■■■■■■■■■■■■■■■■■■■■■■■■■■■■■■■ 2   
                   58 ┤■■■■■■■■■■■■■■■■■■■■■■■■■■■■■■■■■■■■■ 2   
                   59 ┤ 0                                        
                   60 ┤■■■■■■■■■■■■■■■■■■■ 1                     
                      └                                        ┘ 
                                     num of slices               
[ Info: slicing branch with sc: 37.0
[ Info: cc.sc: 37.0
region size: 10
tbl0_rows:44 filtered_rows:44
QIP_gurobi_bound: solver finished in 1.4 s (time_limit=100.0 s, status=OPTIMAL)
[ Info: slice 1, lp_score: 5348.0, primal_bound: 5348.0
QIP_gurobi_bound: solver finished in 1.39 s (time_limit=100.0 s, status=OPTIMAL)
[ Info: slice 2, lp_score: 5343.0, primal_bound: 5348.0
[ Info: new_scs: [36]
[ Info: lp_scores: [5348.0]
[ Info: lp_scores: 5348.0
[ Info: current num of unfinished slices: 6, finished slices: 2
                      ┌                                        ┐ 
                   36 ┤■■■■■■■■■■■■■■■■■■■ 1                     
                   37 ┤ 0                                        
                   38 ┤ 0                                        
                   39 ┤ 0                                        
                   40 ┤ 0                                        
                   41 ┤ 0                                        
                   42 ┤ 0                                        
                   43 ┤ 0                                        
                   44 ┤ 0                                        
                   45 ┤ 0                                        
                   46 ┤ 0                                        
                   47 ┤ 0                                        
   sc, target = 31 48 ┤ 0                                        
                   49 ┤ 0                                        
                   50 ┤ 0                                        
                   51 ┤ 0                                        
                   52 ┤ 0                                        
                   53 ┤ 0                                        
                   54 ┤ 0                                        
                   55 ┤ 0                                        
                   56 ┤ 0                                        
                   57 ┤■■■■■■■■■■■■■■■■■■■■■■■■■■■■■■■■■■■■■ 2   
                   58 ┤■■■■■■■■■■■■■■■■■■■■■■■■■■■■■■■■■■■■■ 2   
                   59 ┤ 0                                        
                   60 ┤■■■■■■■■■■■■■■■■■■■ 1                     
                      └                                        ┘ 
                                     num of slices               
[ Info: slicing branch with sc: 36.0
[ Info: cc.sc: 36.0
region size: 10
tbl0_rows:18 filtered_rows:18
QIP_gurobi_bound: solver finished in 1.777 s (time_limit=100.0 s, status=OPTIMAL)
[ Info: slice 1, lp_score: 5348.0, primal_bound: 5348.0
QIP_gurobi_bound: solver finished in 1.62 s (time_limit=100.0 s, status=OPTIMAL)
[ Info: slice 2, lp_score: 5348.0, primal_bound: 5348.0
[ Info: new_scs: [35, 35]
[ Info: lp_scores: [5348.0, 5348.0]
[ Info: lp_scores: 5348.0
[ Info: lp_scores: 5348.0
[ Info: current num of unfinished slices: 7, finished slices: 2
                      ┌                                        ┐ 
                   35 ┤■■■■■■■■■■■■■■■■■■■■■■■■■■■■■■■■■■■■■ 2   
                   36 ┤ 0                                        
                   37 ┤ 0                                        
                   38 ┤ 0                                        
                   39 ┤ 0                                        
                   40 ┤ 0                                        
                   41 ┤ 0                                        
                   42 ┤ 0                                        
                   43 ┤ 0                                        
                   44 ┤ 0                                        
                   45 ┤ 0                                        
                   46 ┤ 0                                        
   sc, target = 31 47 ┤ 0                                        
                   48 ┤ 0                                        
                   49 ┤ 0                                        
                   50 ┤ 0                                        
                   51 ┤ 0                                        
                   52 ┤ 0                                        
                   53 ┤ 0                                        
                   54 ┤ 0                                        
                   55 ┤ 0                                        
                   56 ┤ 0                                        
                   57 ┤■■■■■■■■■■■■■■■■■■■■■■■■■■■■■■■■■■■■■ 2   
                   58 ┤■■■■■■■■■■■■■■■■■■■■■■■■■■■■■■■■■■■■■ 2   
                   59 ┤ 0                                        
                   60 ┤■■■■■■■■■■■■■■■■■■■ 1                     
                      └                                        ┘ 
                                     num of slices               
[ Info: slicing branch with sc: 35.0
[ Info: cc.sc: 35.0
region size: 10
tbl0_rows:31 filtered_rows:31
QIP_gurobi_bound: solver finished in 1.453 s (time_limit=100.0 s, status=OPTIMAL)
[ Info: slice 1, lp_score: 5348.0, primal_bound: 5348.0
QIP_gurobi_bound: solver finished in 1.181 s (time_limit=100.0 s, status=OPTIMAL)
[ Info: slice 2, lp_score: 5345.0, primal_bound: 5348.0
[ Info: new_scs: [34]
[ Info: lp_scores: [5348.0]
[ Info: lp_scores: 5348.0
[ Info: current num of unfinished slices: 7, finished slices: 2
                      ┌                                        ┐ 
                   34 ┤■■■■■■■■■■■■■■■■■■■ 1                     
                   35 ┤■■■■■■■■■■■■■■■■■■■ 1                     
                   36 ┤ 0                                        
                   37 ┤ 0                                        
                   38 ┤ 0                                        
                   39 ┤ 0                                        
                   40 ┤ 0                                        
                   41 ┤ 0                                        
                   42 ┤ 0                                        
                   43 ┤ 0                                        
                   44 ┤ 0                                        
                   45 ┤ 0                                        
                   46 ┤ 0                                        
   sc, target = 31 47 ┤ 0                                        
                   48 ┤ 0                                        
                   49 ┤ 0                                        
                   50 ┤ 0                                        
                   51 ┤ 0                                        
                   52 ┤ 0                                        
                   53 ┤ 0                                        
                   54 ┤ 0                                        
                   55 ┤ 0                                        
                   56 ┤ 0                                        
                   57 ┤■■■■■■■■■■■■■■■■■■■■■■■■■■■■■■■■■■■■■ 2   
                   58 ┤■■■■■■■■■■■■■■■■■■■■■■■■■■■■■■■■■■■■■ 2   
                   59 ┤ 0                                        
                   60 ┤■■■■■■■■■■■■■■■■■■■ 1                     
                      └                                        ┘ 
                                     num of slices               
[ Info: slicing branch with sc: 34.0
[ Info: cc.sc: 34.0
region size: 10
tbl0_rows:40 filtered_rows:40
QIP_gurobi_bound: solver finished in 1.37 s (time_limit=100.0 s, status=OPTIMAL)
[ Info: slice 1, lp_score: 5343.0, primal_bound: 5348.0
QIP_gurobi_bound: solver finished in 1.339 s (time_limit=100.0 s, status=OPTIMAL)
[ Info: slice 2, lp_score: 5348.0, primal_bound: 5348.0
[ Info: new_scs: [33]
[ Info: lp_scores: [5348.0]
[ Info: lp_scores: 5348.0
[ Info: current num of unfinished slices: 7, finished slices: 2
                      ┌                                        ┐ 
                   33 ┤■■■■■■■■■■■■■■■■■■■ 1                     
                   34 ┤ 0                                        
                   35 ┤■■■■■■■■■■■■■■■■■■■ 1                     
                   36 ┤ 0                                        
                   37 ┤ 0                                        
                   38 ┤ 0                                        
                   39 ┤ 0                                        
                   40 ┤ 0                                        
                   41 ┤ 0                                        
                   42 ┤ 0                                        
                   43 ┤ 0                                        
                   44 ┤ 0                                        
                   45 ┤ 0                                        
   sc, target = 31 46 ┤ 0                                        
                   47 ┤ 0                                        
                   48 ┤ 0                                        
                   49 ┤ 0                                        
                   50 ┤ 0                                        
                   51 ┤ 0                                        
                   52 ┤ 0                                        
                   53 ┤ 0                                        
                   54 ┤ 0                                        
                   55 ┤ 0                                        
                   56 ┤ 0                                        
                   57 ┤■■■■■■■■■■■■■■■■■■■■■■■■■■■■■■■■■■■■■ 2   
                   58 ┤■■■■■■■■■■■■■■■■■■■■■■■■■■■■■■■■■■■■■ 2   
                   59 ┤ 0                                        
                   60 ┤■■■■■■■■■■■■■■■■■■■ 1                     
                      └                                        ┘ 
                                     num of slices               
[ Info: slicing branch with sc: 33.0
[ Info: cc.sc: 33.0
region size: 10
tbl0_rows:57 filtered_rows:57
QIP_gurobi_bound: solver finished in 1.382 s (time_limit=100.0 s, status=OPTIMAL)
[ Info: slice 1, lp_score: 5337.0, primal_bound: 5348.0
QIP_gurobi_bound: solver finished in 1.625 s (time_limit=100.0 s, status=OPTIMAL)
[ Info: slice 2, lp_score: 5343.0, primal_bound: 5348.0
QIP_gurobi_bound: solver finished in 1.419 s (time_limit=100.0 s, status=OPTIMAL)
[ Info: slice 3, lp_score: 5344.0, primal_bound: 5348.0
QIP_gurobi_bound: solver finished in 1.342 s (time_limit=100.0 s, status=OPTIMAL)
[ Info: slice 4, lp_score: 5336.0, primal_bound: 5348.0
QIP_gurobi_bound: solver finished in 1.432 s (time_limit=100.0 s, status=OPTIMAL)
[ Info: slice 5, lp_score: 5342.0, primal_bound: 5348.0
QIP_gurobi_bound: solver finished in 1.259 s (time_limit=100.0 s, status=OPTIMAL)
[ Info: slice 6, lp_score: 5348.0, primal_bound: 5348.0
QIP_gurobi_bound: solver finished in 1.298 s (time_limit=100.0 s, status=OPTIMAL)
[ Info: slice 7, lp_score: 5339.0, primal_bound: 5348.0
[ Info: new_scs: [32]
[ Info: lp_scores: [5348.0]
[ Info: lp_scores: 5348.0
[ Info: current num of unfinished slices: 7, finished slices: 2
                      ┌                                        ┐ 
                   32 ┤■■■■■■■■■■■■■■■■■■■ 1                     
                   33 ┤ 0                                        
                   34 ┤ 0                                        
                   35 ┤■■■■■■■■■■■■■■■■■■■ 1                     
                   36 ┤ 0                                        
                   37 ┤ 0                                        
                   38 ┤ 0                                        
                   39 ┤ 0                                        
                   40 ┤ 0                                        
                   41 ┤ 0                                        
                   42 ┤ 0                                        
                   43 ┤ 0                                        
                   44 ┤ 0                                        
                   45 ┤ 0                                        
   sc, target = 31 46 ┤ 0                                        
                   47 ┤ 0                                        
                   48 ┤ 0                                        
                   49 ┤ 0                                        
                   50 ┤ 0                                        
                   51 ┤ 0                                        
                   52 ┤ 0                                        
                   53 ┤ 0                                        
                   54 ┤ 0                                        
                   55 ┤ 0                                        
                   56 ┤ 0                                        
                   57 ┤■■■■■■■■■■■■■■■■■■■■■■■■■■■■■■■■■■■■■ 2   
                   58 ┤■■■■■■■■■■■■■■■■■■■■■■■■■■■■■■■■■■■■■ 2   
                   59 ┤ 0                                        
                   60 ┤■■■■■■■■■■■■■■■■■■■ 1                     
                      └                                        ┘ 
                                     num of slices               
[ Info: slicing branch with sc: 32.0
[ Info: cc.sc: 32.0
region size: 10
tbl0_rows:27 filtered_rows:27
QIP_gurobi_bound: solver finished in 1.295 s (time_limit=100.0 s, status=OPTIMAL)
[ Info: slice 1, lp_score: 5345.0, primal_bound: 5348.0
QIP_gurobi_bound: solver finished in 1.334 s (time_limit=100.0 s, status=OPTIMAL)
[ Info: slice 2, lp_score: 5348.0, primal_bound: 5348.0
[ Info: new_scs: [31]
[ Info: lp_scores: [5348.0]
[ Info: lp_scores: 5348.0
[ Info: current num of unfinished slices: 7, finished slices: 2
                      ┌                                        ┐ 
                   31 ┤■■■■■■■■■■■■■■■■■■■ 1                     
                   32 ┤ 0                                        
                   33 ┤ 0                                        
                   34 ┤ 0                                        
                   35 ┤■■■■■■■■■■■■■■■■■■■ 1                     
                   36 ┤ 0                                        
                   37 ┤ 0                                        
                   38 ┤ 0                                        
                   39 ┤ 0                                        
                   40 ┤ 0                                        
                   41 ┤ 0                                        
                   42 ┤ 0                                        
                   43 ┤ 0                                        
                   44 ┤ 0                                        
   sc, target = 31 45 ┤ 0                                        
                   46 ┤ 0                                        
                   47 ┤ 0                                        
                   48 ┤ 0                                        
                   49 ┤ 0                                        
                   50 ┤ 0                                        
                   51 ┤ 0                                        
                   52 ┤ 0                                        
                   53 ┤ 0                                        
                   54 ┤ 0                                        
                   55 ┤ 0                                        
                   56 ┤ 0                                        
                   57 ┤■■■■■■■■■■■■■■■■■■■■■■■■■■■■■■■■■■■■■ 2   
                   58 ┤■■■■■■■■■■■■■■■■■■■■■■■■■■■■■■■■■■■■■ 2   
                   59 ┤ 0                                        
                   60 ┤■■■■■■■■■■■■■■■■■■■ 1                     
                      └                                        ┘ 
                                     num of slices               
[ Info: slicing branch with sc: 31.0
  [slice produced] sc=31.0 tc=44.67206409217412 nv=3540 ne=6907 r=69.0
QIP_value_gurobi: solver finished in 1.332 s (time_limit=604800.0 s, status=OPTIMAL)
[ Info: feasible solution: 5348.0, primal bound: 5348.0
[ Info: current num of unfinished slices: 6, finished slices: 3
                      ┌                                        ┐ 
                   35 ┤■■■■■■■■■■■■■■■■■■■ 1                     
                   36 ┤ 0                                        
                   37 ┤ 0                                        
                   38 ┤ 0                                        
                   39 ┤ 0                                        
                   40 ┤ 0                                        
                   41 ┤ 0                                        
                   42 ┤ 0                                        
                   43 ┤ 0                                        
                   44 ┤ 0                                        
                   45 ┤ 0                                        
                   46 ┤ 0                                        
   sc, target = 31 47 ┤ 0                                        
                   48 ┤ 0                                        
                   49 ┤ 0                                        
                   50 ┤ 0                                        
                   51 ┤ 0                                        
                   52 ┤ 0                                        
                   53 ┤ 0                                        
                   54 ┤ 0                                        
                   55 ┤ 0                                        
                   56 ┤ 0                                        
                   57 ┤■■■■■■■■■■■■■■■■■■■■■■■■■■■■■■■■■■■■■ 2   
                   58 ┤■■■■■■■■■■■■■■■■■■■■■■■■■■■■■■■■■■■■■ 2   
                   59 ┤ 0                                        
                   60 ┤■■■■■■■■■■■■■■■■■■■ 1                     
                      └                                        ┘ 
                                     num of slices               
[ Info: slicing branch with sc: 35.0
[ Info: cc.sc: 35.0
region size: 10
tbl0_rows:31 filtered_rows:31
QIP_gurobi_bound: solver finished in 1.264 s (time_limit=100.0 s, status=OPTIMAL)
[ Info: slice 1, lp_score: 5348.0, primal_bound: 5348.0
QIP_gurobi_bound: solver finished in 1.241 s (time_limit=100.0 s, status=OPTIMAL)
[ Info: slice 2, lp_score: 5345.0, primal_bound: 5348.0
[ Info: new_scs: [34]
[ Info: lp_scores: [5348.0]
[ Info: lp_scores: 5348.0
[ Info: current num of unfinished slices: 6, finished slices: 3
                      ┌                                        ┐ 
                   34 ┤■■■■■■■■■■■■■■■■■■■ 1                     
                   35 ┤ 0                                        
                   36 ┤ 0                                        
                   37 ┤ 0                                        
                   38 ┤ 0                                        
                   39 ┤ 0                                        
                   40 ┤ 0                                        
                   41 ┤ 0                                        
                   42 ┤ 0                                        
                   43 ┤ 0                                        
                   44 ┤ 0                                        
                   45 ┤ 0                                        
                   46 ┤ 0                                        
   sc, target = 31 47 ┤ 0                                        
                   48 ┤ 0                                        
                   49 ┤ 0                                        
                   50 ┤ 0                                        
                   51 ┤ 0                                        
                   52 ┤ 0                                        
                   53 ┤ 0                                        
                   54 ┤ 0                                        
                   55 ┤ 0                                        
                   56 ┤ 0                                        
                   57 ┤■■■■■■■■■■■■■■■■■■■■■■■■■■■■■■■■■■■■■ 2   
                   58 ┤■■■■■■■■■■■■■■■■■■■■■■■■■■■■■■■■■■■■■ 2   
                   59 ┤ 0                                        
                   60 ┤■■■■■■■■■■■■■■■■■■■ 1                     
                      └                                        ┘ 
                                     num of slices               
[ Info: slicing branch with sc: 34.0
[ Info: cc.sc: 34.0
region size: 10
tbl0_rows:27 filtered_rows:27
QIP_gurobi_bound: solver finished in 1.257 s (time_limit=100.0 s, status=OPTIMAL)
[ Info: slice 1, lp_score: 5348.0, primal_bound: 5348.0
QIP_gurobi_bound: solver finished in 1.329 s (time_limit=100.0 s, status=OPTIMAL)
[ Info: slice 2, lp_score: 5345.0, primal_bound: 5348.0
[ Info: new_scs: [33]
[ Info: lp_scores: [5348.0]
[ Info: lp_scores: 5348.0
[ Info: current num of unfinished slices: 6, finished slices: 3
                      ┌                                        ┐ 
                   33 ┤■■■■■■■■■■■■■■■■■■■ 1                     
                   34 ┤ 0                                        
                   35 ┤ 0                                        
                   36 ┤ 0                                        
                   37 ┤ 0                                        
                   38 ┤ 0                                        
                   39 ┤ 0                                        
                   40 ┤ 0                                        
                   41 ┤ 0                                        
                   42 ┤ 0                                        
                   43 ┤ 0                                        
                   44 ┤ 0                                        
                   45 ┤ 0                                        
   sc, target = 31 46 ┤ 0                                        
                   47 ┤ 0                                        
                   48 ┤ 0                                        
                   49 ┤ 0                                        
                   50 ┤ 0                                        
                   51 ┤ 0                                        
                   52 ┤ 0                                        
                   53 ┤ 0                                        
                   54 ┤ 0                                        
                   55 ┤ 0                                        
                   56 ┤ 0                                        
                   57 ┤■■■■■■■■■■■■■■■■■■■■■■■■■■■■■■■■■■■■■ 2   
                   58 ┤■■■■■■■■■■■■■■■■■■■■■■■■■■■■■■■■■■■■■ 2   
                   59 ┤ 0                                        
                   60 ┤■■■■■■■■■■■■■■■■■■■ 1                     
                      └                                        ┘ 
                                     num of slices               
[ Info: slicing branch with sc: 33.0
[ Info: cc.sc: 33.0
region size: 10
tbl0_rows:57 filtered_rows:57
QIP_gurobi_bound: solver finished in 1.289 s (time_limit=100.0 s, status=OPTIMAL)
[ Info: slice 1, lp_score: 5342.0, primal_bound: 5348.0
QIP_gurobi_bound: solver finished in 1.279 s (time_limit=100.0 s, status=OPTIMAL)
[ Info: slice 2, lp_score: 5348.0, primal_bound: 5348.0
[ Info: new_scs: [33]
[ Info: lp_scores: [5348.0]
[ Info: lp_scores: 5348.0
[ Info: current num of unfinished slices: 6, finished slices: 3
                      ┌                                        ┐ 
                   33 ┤■■■■■■■■■■■■■■■■■■■ 1                     
                   34 ┤ 0                                        
                   35 ┤ 0                                        
                   36 ┤ 0                                        
                   37 ┤ 0                                        
                   38 ┤ 0                                        
                   39 ┤ 0                                        
                   40 ┤ 0                                        
                   41 ┤ 0                                        
                   42 ┤ 0                                        
                   43 ┤ 0                                        
                   44 ┤ 0                                        
                   45 ┤ 0                                        
   sc, target = 31 46 ┤ 0                                        
                   47 ┤ 0                                        
                   48 ┤ 0                                        
                   49 ┤ 0                                        
                   50 ┤ 0                                        
                   51 ┤ 0                                        
                   52 ┤ 0                                        
                   53 ┤ 0                                        
                   54 ┤ 0                                        
                   55 ┤ 0                                        
                   56 ┤ 0                                        
                   57 ┤■■■■■■■■■■■■■■■■■■■■■■■■■■■■■■■■■■■■■ 2   
                   58 ┤■■■■■■■■■■■■■■■■■■■■■■■■■■■■■■■■■■■■■ 2   
                   59 ┤ 0                                        
                   60 ┤■■■■■■■■■■■■■■■■■■■ 1                     
                      └                                        ┘ 
                                     num of slices               
[ Info: slicing branch with sc: 33.0
[ Info: cc.sc: 33.0
region size: 10
tbl0_rows:24 filtered_rows:24
QIP_gurobi_bound: solver finished in 1.428 s (time_limit=100.0 s, status=OPTIMAL)
[ Info: slice 1, lp_score: 5348.0, primal_bound: 5348.0
QIP_gurobi_bound: solver finished in 1.382 s (time_limit=100.0 s, status=OPTIMAL)
[ Info: slice 2, lp_score: 5343.0, primal_bound: 5348.0
[ Info: new_scs: [32]
[ Info: lp_scores: [5348.0]
[ Info: lp_scores: 5348.0
[ Info: current num of unfinished slices: 6, finished slices: 3
                      ┌                                        ┐ 
                   32 ┤■■■■■■■■■■■■■■■■■■■ 1                     
                   33 ┤ 0                                        
                   34 ┤ 0                                        
                   35 ┤ 0                                        
                   36 ┤ 0                                        
                   37 ┤ 0                                        
                   38 ┤ 0                                        
                   39 ┤ 0                                        
                   40 ┤ 0                                        
                   41 ┤ 0                                        
                   42 ┤ 0                                        
                   43 ┤ 0                                        
                   44 ┤ 0                                        
                   45 ┤ 0                                        
   sc, target = 31 46 ┤ 0                                        
                   47 ┤ 0                                        
                   48 ┤ 0                                        
                   49 ┤ 0                                        
                   50 ┤ 0                                        
                   51 ┤ 0                                        
                   52 ┤ 0                                        
                   53 ┤ 0                                        
                   54 ┤ 0                                        
                   55 ┤ 0                                        
                   56 ┤ 0                                        
                   57 ┤■■■■■■■■■■■■■■■■■■■■■■■■■■■■■■■■■■■■■ 2   
                   58 ┤■■■■■■■■■■■■■■■■■■■■■■■■■■■■■■■■■■■■■ 2   
                   59 ┤ 0                                        
                   60 ┤■■■■■■■■■■■■■■■■■■■ 1                     
                      └                                        ┘ 
                                     num of slices               
[ Info: slicing branch with sc: 32.0
[ Info: cc.sc: 32.0
region size: 10
tbl0_rows:60 filtered_rows:60
QIP_gurobi_bound: solver finished in 1.312 s (time_limit=100.0 s, status=OPTIMAL)
[ Info: slice 1, lp_score: 5348.0, primal_bound: 5348.0
QIP_gurobi_bound: solver finished in 1.383 s (time_limit=100.0 s, status=OPTIMAL)
[ Info: slice 2, lp_score: 5345.0, primal_bound: 5348.0
[ Info: new_scs: [31]
[ Info: lp_scores: [5348.0]
[ Info: lp_scores: 5348.0
[ Info: current num of unfinished slices: 6, finished slices: 3
                      ┌                                        ┐ 
                   31 ┤■■■■■■■■■■■■■■■■■■■ 1                     
                   32 ┤ 0                                        
                   33 ┤ 0                                        
                   34 ┤ 0                                        
                   35 ┤ 0                                        
                   36 ┤ 0                                        
                   37 ┤ 0                                        
                   38 ┤ 0                                        
                   39 ┤ 0                                        
                   40 ┤ 0                                        
                   41 ┤ 0                                        
                   42 ┤ 0                                        
                   43 ┤ 0                                        
                   44 ┤ 0                                        
   sc, target = 31 45 ┤ 0                                        
                   46 ┤ 0                                        
                   47 ┤ 0                                        
                   48 ┤ 0                                        
                   49 ┤ 0                                        
                   50 ┤ 0                                        
                   51 ┤ 0                                        
                   52 ┤ 0                                        
                   53 ┤ 0                                        
                   54 ┤ 0                                        
                   55 ┤ 0                                        
                   56 ┤ 0                                        
                   57 ┤■■■■■■■■■■■■■■■■■■■■■■■■■■■■■■■■■■■■■ 2   
                   58 ┤■■■■■■■■■■■■■■■■■■■■■■■■■■■■■■■■■■■■■ 2   
                   59 ┤ 0                                        
                   60 ┤■■■■■■■■■■■■■■■■■■■ 1                     
                      └                                        ┘ 
                                     num of slices               
[ Info: slicing branch with sc: 31.0
  [slice produced] sc=31.0 tc=44.66490699245747 nv=3541 ne=6910 r=67.5
QIP_value_gurobi: solver finished in 1.311 s (time_limit=604800.0 s, status=OPTIMAL)
[ Info: feasible solution: 5348.0, primal bound: 5348.0
[ Info: current num of unfinished slices: 5, finished slices: 4
                      ┌                                        ┐ 
                   57 ┤■■■■■■■■■■■■■■■■■■■■■■■■■■■■■■■■■■■■■ 2   
   sc, target = 31 58 ┤■■■■■■■■■■■■■■■■■■■■■■■■■■■■■■■■■■■■■ 2   
                   59 ┤ 0                                        
                   60 ┤■■■■■■■■■■■■■■■■■■■ 1                     
                      └                                        ┘ 
                                     num of slices               
[ Info: slicing branch with sc: 58.0
[ Info: cc.sc: 58.0
region size: 10
tbl0_rows:76 filtered_rows:76
QIP_gurobi_bound: solver finished in 1.538 s (time_limit=100.0 s, status=OPTIMAL)
[ Info: slice 1, lp_score: 5347.0, primal_bound: 5348.0
QIP_gurobi_bound: solver finished in 1.557 s (time_limit=100.0 s, status=OPTIMAL)
[ Info: slice 2, lp_score: 5347.0, primal_bound: 5348.0
[ Info: new_scs: Int64[]
[ Info: lp_scores: Float64[]
[ Info: current num of unfinished slices: 4, finished slices: 4
                      ┌                                        ┐ 
                   57 ┤■■■■■■■■■■■■■■■■■■■■■■■■■■■■■■■■■■■■■ 2   
   sc, target = 31 58 ┤■■■■■■■■■■■■■■■■■■■ 1                     
                   59 ┤ 0                                        
                   60 ┤■■■■■■■■■■■■■■■■■■■ 1                     
                      └                                        ┘ 
                                     num of slices               
[ Info: slicing branch with sc: 57.0
[ Info: cc.sc: 57.0
region size: 10
tbl0_rows:76 filtered_rows:76
QIP_gurobi_bound: solver finished in 1.435 s (time_limit=100.0 s, status=OPTIMAL)
[ Info: slice 1, lp_score: 5345.0, primal_bound: 5348.0
QIP_gurobi_bound: solver finished in 1.349 s (time_limit=100.0 s, status=OPTIMAL)
[ Info: slice 2, lp_score: 5345.0, primal_bound: 5348.0
[ Info: new_scs: Int64[]
[ Info: lp_scores: Float64[]
[ Info: current num of unfinished slices: 3, finished slices: 4
                      ┌                                        ┐ 
                   57 ┤■■■■■■■■■■■■■■■■■■■■■■■■■■■■■■■■■■■■■ 1   
   sc, target = 31 58 ┤■■■■■■■■■■■■■■■■■■■■■■■■■■■■■■■■■■■■■ 1   
                   59 ┤ 0                                        
                   60 ┤■■■■■■■■■■■■■■■■■■■■■■■■■■■■■■■■■■■■■ 1   
                      └                                        ┘ 
                                     num of slices               
[ Info: slicing branch with sc: 60.0
[ Info: cc.sc: 60.0
region size: 10
tbl0_rows:76 filtered_rows:76
QIP_gurobi_bound: solver finished in 1.503 s (time_limit=100.0 s, status=OPTIMAL)
[ Info: slice 1, lp_score: 5345.0, primal_bound: 5348.0
QIP_gurobi_bound: solver finished in 1.434 s (time_limit=100.0 s, status=OPTIMAL)
[ Info: slice 2, lp_score: 5345.0, primal_bound: 5348.0
[ Info: new_scs: Int64[]
[ Info: lp_scores: Float64[]
[ Info: current num of unfinished slices: 2, finished slices: 4
                      ┌                                        ┐ 
   sc, target = 31 57 ┤■■■■■■■■■■■■■■■■■■■■■■■■■■■■■■■■■■■■■ 1   
                   58 ┤■■■■■■■■■■■■■■■■■■■■■■■■■■■■■■■■■■■■■ 1   
                      └                                        ┘ 
                                     num of slices               
[ Info: slicing branch with sc: 57.0
[ Info: cc.sc: 57.0
region size: 10
tbl0_rows:76 filtered_rows:76
QIP_gurobi_bound: solver finished in 1.38 s (time_limit=100.0 s, status=OPTIMAL)
[ Info: slice 1, lp_score: 5343.0, primal_bound: 5348.0
QIP_gurobi_bound: solver finished in 1.454 s (time_limit=100.0 s, status=OPTIMAL)
[ Info: slice 2, lp_score: 5343.0, primal_bound: 5348.0
[ Info: new_scs: Int64[]
[ Info: lp_scores: Float64[]
[ Info: current num of unfinished slices: 1, finished slices: 4
                      ┌                                        ┐ 
   sc, target = 31 58 ┤■■■■■■■■■■■■■■■■■■■■■■■■■■■■■■■■■■■■■ 1   
                      └                                        ┘ 
                                     num of slices               
[ Info: slicing branch with sc: 58.0
[ Info: cc.sc: 58.0
region size: 10
tbl0_rows:76 filtered_rows:76
QIP_gurobi_bound: solver finished in 1.973 s (time_limit=100.0 s, status=OPTIMAL)
[ Info: slice 1, lp_score: 5338.0, primal_bound: 5348.0
QIP_gurobi_bound: solver finished in 5.235 s (time_limit=100.0 s, status=OPTIMAL)
[ Info: slice 2, lp_score: 5338.0, primal_bound: 5348.0
[ Info: new_scs: Int64[]
[ Info: lp_scores: Float64[]
  finished 4 slice(s) in 4242.585s; persisting ...
  saved 4 slice(s) to /data/wangyijia/mwis/beyond_mis/branch_results/grid_Jpm1_n=60_seed=9_cheating
  branching wall time (s): 4242.584635972977
