WARNING: method definition for slice_dfs at /data/wangyijia/mwis/beyond_mis/hacked_funcs/src/spin_glass_ground_counting.jl:15 declares type variable RT but does not use it.
WARNING: method definition for #slice_dfs_lp#1 at /data/wangyijia/mwis/beyond_mis/hacked_funcs/src/spin_glass_ground_counting.jl:54 declares type variable RT but does not use it.
============================================================
[slice_spin_glass] model=../../hacked_funcs/benchmarks/models/spin_glass_models/nn_pm1/spin_glass_J±1_grid_n=60_seed=10.model  sc_target=31
============================================================
  model_name : spin_glass_J±1_grid_n=60_seed=10_cheating
  family     : j1pm1
  graph_type : grid_Jpm1
  vertices   : 3600
  edges      : 7080
  h_default  : 0.5
  meta       : Dict{String, Any}("model_path" => "/data/wangyijia/mwis/beyond_mis/hacked_funcs/benchmarks/models/spin_glass_models/nn_pm1/spin_glass_J±1_grid_n=60_seed=10.model", "family" => "j1pm1", "sc_target" => 31, "seed" => 10, "h" => 0.5, "n" => 60)
    code seed=1 -> tc=80.09371783534996, sc=61.0, rw=68.53406005374211
    code seed=2 -> tc=79.00672651368107, sc=61.0, rw=68.11971796485439
  best code complexity over seeds [1, 2]: Time complexity: 2^79.00672651368107
Space complexity: 2^61.0
Read-write complexity: 2^68.11971796485439
  branch results root : /data/wangyijia/mwis/beyond_mis/branch_results
  slice subdir        : grid_Jpm1_n=60_seed=10_cheating
Set parameter LicenseID to value 2803191
QIP_gurobi_bound: solver finished in 6.047 s (time_limit=300.0 s, status=OPTIMAL)
[ Info: initial lp_bound: 5420.0
[ Info: slicing branch with sc: 61.0
[ Info: cc.sc: 61.0
region size: 10
QIP_gurobi_bound: solver finished in 1.404 s (time_limit=100.0 s, status=OPTIMAL)
[ Info: slice 1, lp_score: 5418.0, primal_bound: 0.0
QIP_gurobi_bound: solver finished in 5.094 s (time_limit=100.0 s, status=OPTIMAL)
[ Info: slice 2, lp_score: 5420.0, primal_bound: 0.0
QIP_gurobi_bound: solver finished in 1.413 s (time_limit=100.0 s, status=OPTIMAL)
[ Info: slice 3, lp_score: 5420.0, primal_bound: 0.0
QIP_gurobi_bound: solver finished in 6.039 s (time_limit=100.0 s, status=OPTIMAL)
[ Info: slice 4, lp_score: 5413.0, primal_bound: 0.0
QIP_gurobi_bound: solver finished in 1.391 s (time_limit=100.0 s, status=OPTIMAL)
[ Info: slice 5, lp_score: 5410.0, primal_bound: 0.0
[ Info: new_scs: [58, 59, 59, 57, 57]
[ Info: lp_scores: [5420.0, 5420.0, 5418.0, 5413.0, 5410.0]
[ Info: lp_scores: 5410.0
[ Info: lp_scores: 5413.0
[ Info: lp_scores: 5418.0
[ Info: lp_scores: 5420.0
[ Info: lp_scores: 5420.0
[ Info: current num of unfinished slices: 5, finished slices: 0
                      ┌                                        ┐ 
                   57 ┤■■■■■■■■■■■■■■■■■■■■■■■■■■■■■■■■■■■■■ 2   
   sc, target = 31 58 ┤■■■■■■■■■■■■■■■■■■■ 1                     
                   59 ┤■■■■■■■■■■■■■■■■■■■■■■■■■■■■■■■■■■■■■ 2   
                      └                                        ┘ 
                                     num of slices               
[ Info: slicing branch with sc: 58.0
[ Info: cc.sc: 58.0
region size: 10
QIP_gurobi_bound: solver finished in 2.047 s (time_limit=100.0 s, status=OPTIMAL)
[ Info: slice 1, lp_score: 5419.0, primal_bound: 0.0
QIP_gurobi_bound: solver finished in 1.332 s (time_limit=100.0 s, status=OPTIMAL)
[ Info: slice 2, lp_score: 5420.0, primal_bound: 0.0
[ Info: new_scs: [58, 57]
[ Info: lp_scores: [5420.0, 5419.0]
[ Info: lp_scores: 5419.0
[ Info: lp_scores: 5420.0
[ Info: current num of unfinished slices: 6, finished slices: 0
                      ┌                                        ┐ 
                   57 ┤■■■■■■■■■■■■■■■■■■■■■■■■■■■■■■■■■■■■■ 3   
   sc, target = 31 58 ┤■■■■■■■■■■■■ 1                            
                   59 ┤■■■■■■■■■■■■■■■■■■■■■■■■■ 2               
                      └                                        ┘ 
                                     num of slices               
[ Info: slicing branch with sc: 58.0
[ Info: cc.sc: 58.0
region size: 10
QIP_gurobi_bound: solver finished in 1.46 s (time_limit=100.0 s, status=OPTIMAL)
[ Info: slice 1, lp_score: 5420.0, primal_bound: 0.0
QIP_gurobi_bound: solver finished in 1.378 s (time_limit=100.0 s, status=OPTIMAL)
[ Info: slice 2, lp_score: 5418.0, primal_bound: 0.0
QIP_gurobi_bound: solver finished in 1.422 s (time_limit=100.0 s, status=OPTIMAL)
[ Info: slice 3, lp_score: 5419.0, primal_bound: 0.0
[ Info: new_scs: [55, 55, 53]
[ Info: lp_scores: [5420.0, 5419.0, 5418.0]
[ Info: lp_scores: 5418.0
[ Info: lp_scores: 5419.0
[ Info: lp_scores: 5420.0
[ Info: current num of unfinished slices: 8, finished slices: 0
                      ┌                                        ┐ 
                   53 ┤■■■■■■■■■■■■ 1                            
                   54 ┤ 0                                        
                   55 ┤■■■■■■■■■■■■■■■■■■■■■■■■■ 2               
   sc, target = 31 56 ┤ 0                                        
                   57 ┤■■■■■■■■■■■■■■■■■■■■■■■■■■■■■■■■■■■■■ 3   
                   58 ┤ 0                                        
                   59 ┤■■■■■■■■■■■■■■■■■■■■■■■■■ 2               
                      └                                        ┘ 
                                     num of slices               
[ Info: slicing branch with sc: 55.0
[ Info: cc.sc: 55.0
region size: 10
QIP_gurobi_bound: solver finished in 1.446 s (time_limit=100.0 s, status=OPTIMAL)
[ Info: slice 1, lp_score: 5420.0, primal_bound: 0.0
QIP_gurobi_bound: solver finished in 5.533 s (time_limit=100.0 s, status=OPTIMAL)
[ Info: slice 2, lp_score: 5420.0, primal_bound: 0.0
[ Info: new_scs: [54, 54]
[ Info: lp_scores: [5420.0, 5420.0]
[ Info: lp_scores: 5420.0
[ Info: lp_scores: 5420.0
[ Info: current num of unfinished slices: 9, finished slices: 0
                      ┌                                        ┐ 
                   53 ┤■■■■■■■■■■■■ 1                            
                   54 ┤■■■■■■■■■■■■■■■■■■■■■■■■■ 2               
                   55 ┤■■■■■■■■■■■■ 1                            
   sc, target = 31 56 ┤ 0                                        
                   57 ┤■■■■■■■■■■■■■■■■■■■■■■■■■■■■■■■■■■■■■ 3   
                   58 ┤ 0                                        
                   59 ┤■■■■■■■■■■■■■■■■■■■■■■■■■ 2               
                      └                                        ┘ 
                                     num of slices               
[ Info: slicing branch with sc: 54.0
[ Info: cc.sc: 54.0
region size: 10
QIP_gurobi_bound: solver finished in 5.918 s (time_limit=100.0 s, status=OPTIMAL)
[ Info: slice 1, lp_score: 5416.0, primal_bound: 0.0
QIP_gurobi_bound: solver finished in 1.387 s (time_limit=100.0 s, status=OPTIMAL)
[ Info: slice 2, lp_score: 5420.0, primal_bound: 0.0
[ Info: new_scs: [53, 53]
[ Info: lp_scores: [5420.0, 5416.0]
[ Info: lp_scores: 5416.0
[ Info: lp_scores: 5420.0
[ Info: current num of unfinished slices: 10, finished slices: 0
                      ┌                                        ┐ 
                   53 ┤■■■■■■■■■■■■■■■■■■■■■■■■■■■■■■■■■■■■■ 3   
                   54 ┤■■■■■■■■■■■■ 1                            
                   55 ┤■■■■■■■■■■■■ 1                            
   sc, target = 31 56 ┤ 0                                        
                   57 ┤■■■■■■■■■■■■■■■■■■■■■■■■■■■■■■■■■■■■■ 3   
                   58 ┤ 0                                        
                   59 ┤■■■■■■■■■■■■■■■■■■■■■■■■■ 2               
                      └                                        ┘ 
                                     num of slices               
[ Info: slicing branch with sc: 53.0
[ Info: cc.sc: 53.0
region size: 10
QIP_gurobi_bound: solver finished in 1.39 s (time_limit=100.0 s, status=OPTIMAL)
[ Info: slice 1, lp_score: 5418.0, primal_bound: 0.0
QIP_gurobi_bound: solver finished in 1.405 s (time_limit=100.0 s, status=OPTIMAL)
[ Info: slice 2, lp_score: 5420.0, primal_bound: 0.0
[ Info: new_scs: [52, 52]
[ Info: lp_scores: [5420.0, 5418.0]
[ Info: lp_scores: 5418.0
[ Info: lp_scores: 5420.0
[ Info: current num of unfinished slices: 11, finished slices: 0
                      ┌                                        ┐ 
                   52 ┤■■■■■■■■■■■■■■■■■■■■■■■■■ 2               
                   53 ┤■■■■■■■■■■■■■■■■■■■■■■■■■ 2               
                   54 ┤■■■■■■■■■■■■ 1                            
   sc, target = 31 55 ┤■■■■■■■■■■■■ 1                            
                   56 ┤ 0                                        
                   57 ┤■■■■■■■■■■■■■■■■■■■■■■■■■■■■■■■■■■■■■ 3   
                   58 ┤ 0                                        
                   59 ┤■■■■■■■■■■■■■■■■■■■■■■■■■ 2               
                      └                                        ┘ 
                                     num of slices               
[ Info: slicing branch with sc: 52.0
[ Info: cc.sc: 52.0
region size: 10
QIP_gurobi_bound: solver finished in 6.311 s (time_limit=100.0 s, status=OPTIMAL)
[ Info: slice 1, lp_score: 5417.0, primal_bound: 0.0
QIP_gurobi_bound: solver finished in 1.465 s (time_limit=100.0 s, status=OPTIMAL)
[ Info: slice 2, lp_score: 5420.0, primal_bound: 0.0
QIP_gurobi_bound: solver finished in 1.328 s (time_limit=100.0 s, status=OPTIMAL)
[ Info: slice 3, lp_score: 5411.0, primal_bound: 0.0
[ Info: new_scs: [52, 52, 50]
[ Info: lp_scores: [5420.0, 5417.0, 5411.0]
[ Info: lp_scores: 5411.0
[ Info: lp_scores: 5417.0
[ Info: lp_scores: 5420.0
[ Info: current num of unfinished slices: 13, finished slices: 0
                      ┌                                        ┐ 
                   50 ┤■■■■■■■■■■■■ 1                            
                   51 ┤ 0                                        
                   52 ┤■■■■■■■■■■■■■■■■■■■■■■■■■■■■■■■■■■■■■ 3   
                   53 ┤■■■■■■■■■■■■■■■■■■■■■■■■■ 2               
   sc, target = 31 54 ┤■■■■■■■■■■■■ 1                            
                   55 ┤■■■■■■■■■■■■ 1                            
                   56 ┤ 0                                        
                   57 ┤■■■■■■■■■■■■■■■■■■■■■■■■■■■■■■■■■■■■■ 3   
                   58 ┤ 0                                        
                   59 ┤■■■■■■■■■■■■■■■■■■■■■■■■■ 2               
                      └                                        ┘ 
                                     num of slices               
[ Info: slicing branch with sc: 52.0
[ Info: cc.sc: 52.0
region size: 10
QIP_gurobi_bound: solver finished in 1.474 s (time_limit=100.0 s, status=OPTIMAL)
[ Info: slice 1, lp_score: 5418.0, primal_bound: 0.0
QIP_gurobi_bound: solver finished in 1.433 s (time_limit=100.0 s, status=OPTIMAL)
[ Info: slice 2, lp_score: 5420.0, primal_bound: 0.0
[ Info: new_scs: [49, 50]
[ Info: lp_scores: [5420.0, 5418.0]
[ Info: lp_scores: 5418.0
[ Info: lp_scores: 5420.0
[ Info: current num of unfinished slices: 14, finished slices: 0
                      ┌                                        ┐ 
                   49 ┤■■■■■■■■■■■■ 1                            
                   50 ┤■■■■■■■■■■■■■■■■■■■■■■■■■ 2               
                   51 ┤ 0                                        
                   52 ┤■■■■■■■■■■■■■■■■■■■■■■■■■ 2               
                   53 ┤■■■■■■■■■■■■■■■■■■■■■■■■■ 2               
   sc, target = 31 54 ┤■■■■■■■■■■■■ 1                            
                   55 ┤■■■■■■■■■■■■ 1                            
                   56 ┤ 0                                        
                   57 ┤■■■■■■■■■■■■■■■■■■■■■■■■■■■■■■■■■■■■■ 3   
                   58 ┤ 0                                        
                   59 ┤■■■■■■■■■■■■■■■■■■■■■■■■■ 2               
                      └                                        ┘ 
                                     num of slices               
[ Info: slicing branch with sc: 49.0
[ Info: cc.sc: 49.0
region size: 10
QIP_gurobi_bound: solver finished in 1.875 s (time_limit=100.0 s, status=OPTIMAL)
[ Info: slice 1, lp_score: 5420.0, primal_bound: 0.0
QIP_gurobi_bound: solver finished in 1.424 s (time_limit=100.0 s, status=OPTIMAL)
[ Info: slice 2, lp_score: 5419.0, primal_bound: 0.0
[ Info: new_scs: [49, 49]
[ Info: lp_scores: [5420.0, 5419.0]
[ Info: lp_scores: 5419.0
[ Info: lp_scores: 5420.0
[ Info: current num of unfinished slices: 15, finished slices: 0
                      ┌                                        ┐ 
                   49 ┤■■■■■■■■■■■■■■■■■■■■■■■■■ 2               
                   50 ┤■■■■■■■■■■■■■■■■■■■■■■■■■ 2               
                   51 ┤ 0                                        
                   52 ┤■■■■■■■■■■■■■■■■■■■■■■■■■ 2               
                   53 ┤■■■■■■■■■■■■■■■■■■■■■■■■■ 2               
   sc, target = 31 54 ┤■■■■■■■■■■■■ 1                            
                   55 ┤■■■■■■■■■■■■ 1                            
                   56 ┤ 0                                        
                   57 ┤■■■■■■■■■■■■■■■■■■■■■■■■■■■■■■■■■■■■■ 3   
                   58 ┤ 0                                        
                   59 ┤■■■■■■■■■■■■■■■■■■■■■■■■■ 2               
                      └                                        ┘ 
                                     num of slices               
[ Info: slicing branch with sc: 49.0
[ Info: cc.sc: 49.0
region size: 10
QIP_gurobi_bound: solver finished in 1.344 s (time_limit=100.0 s, status=OPTIMAL)
[ Info: slice 1, lp_score: 5418.0, primal_bound: 0.0
QIP_gurobi_bound: solver finished in 1.38 s (time_limit=100.0 s, status=OPTIMAL)
[ Info: slice 2, lp_score: 5420.0, primal_bound: 0.0
[ Info: new_scs: [48, 48]
[ Info: lp_scores: [5420.0, 5418.0]
[ Info: lp_scores: 5418.0
[ Info: lp_scores: 5420.0
[ Info: current num of unfinished slices: 16, finished slices: 0
                      ┌                                        ┐ 
                   48 ┤■■■■■■■■■■■■■■■■■■■■■■■■■ 2               
                   49 ┤■■■■■■■■■■■■ 1                            
                   50 ┤■■■■■■■■■■■■■■■■■■■■■■■■■ 2               
                   51 ┤ 0                                        
                   52 ┤■■■■■■■■■■■■■■■■■■■■■■■■■ 2               
   sc, target = 31 53 ┤■■■■■■■■■■■■■■■■■■■■■■■■■ 2               
                   54 ┤■■■■■■■■■■■■ 1                            
                   55 ┤■■■■■■■■■■■■ 1                            
                   56 ┤ 0                                        
                   57 ┤■■■■■■■■■■■■■■■■■■■■■■■■■■■■■■■■■■■■■ 3   
                   58 ┤ 0                                        
                   59 ┤■■■■■■■■■■■■■■■■■■■■■■■■■ 2               
                      └                                        ┘ 
                                     num of slices               
[ Info: slicing branch with sc: 48.0
[ Info: cc.sc: 48.0
region size: 10
QIP_gurobi_bound: solver finished in 1.403 s (time_limit=100.0 s, status=OPTIMAL)
[ Info: slice 1, lp_score: 5418.0, primal_bound: 0.0
QIP_gurobi_bound: solver finished in 1.279 s (time_limit=100.0 s, status=OPTIMAL)
[ Info: slice 2, lp_score: 5420.0, primal_bound: 0.0
[ Info: new_scs: [48, 47]
[ Info: lp_scores: [5420.0, 5418.0]
[ Info: lp_scores: 5418.0
[ Info: lp_scores: 5420.0
[ Info: current num of unfinished slices: 17, finished slices: 0
                      ┌                                        ┐ 
                   47 ┤■■■■■■■■■■■■ 1                            
                   48 ┤■■■■■■■■■■■■■■■■■■■■■■■■■ 2               
                   49 ┤■■■■■■■■■■■■ 1                            
                   50 ┤■■■■■■■■■■■■■■■■■■■■■■■■■ 2               
                   51 ┤ 0                                        
                   52 ┤■■■■■■■■■■■■■■■■■■■■■■■■■ 2               
   sc, target = 31 53 ┤■■■■■■■■■■■■■■■■■■■■■■■■■ 2               
                   54 ┤■■■■■■■■■■■■ 1                            
                   55 ┤■■■■■■■■■■■■ 1                            
                   56 ┤ 0                                        
                   57 ┤■■■■■■■■■■■■■■■■■■■■■■■■■■■■■■■■■■■■■ 3   
                   58 ┤ 0                                        
                   59 ┤■■■■■■■■■■■■■■■■■■■■■■■■■ 2               
                      └                                        ┘ 
                                     num of slices               
[ Info: slicing branch with sc: 48.0
[ Info: cc.sc: 48.0
region size: 10
QIP_gurobi_bound: solver finished in 1.431 s (time_limit=100.0 s, status=OPTIMAL)
[ Info: slice 1, lp_score: 5420.0, primal_bound: 0.0
QIP_gurobi_bound: solver finished in 1.434 s (time_limit=100.0 s, status=OPTIMAL)
[ Info: slice 2, lp_score: 5416.0, primal_bound: 0.0
[ Info: new_scs: [46, 45]
[ Info: lp_scores: [5420.0, 5416.0]
[ Info: lp_scores: 5416.0
[ Info: lp_scores: 5420.0
[ Info: current num of unfinished slices: 18, finished slices: 0
                      ┌                                        ┐ 
                   45 ┤■■■■■■■■■■■■ 1                            
                   46 ┤■■■■■■■■■■■■ 1                            
                   47 ┤■■■■■■■■■■■■ 1                            
                   48 ┤■■■■■■■■■■■■ 1                            
                   49 ┤■■■■■■■■■■■■ 1                            
                   50 ┤■■■■■■■■■■■■■■■■■■■■■■■■■ 2               
                   51 ┤ 0                                        
   sc, target = 31 52 ┤■■■■■■■■■■■■■■■■■■■■■■■■■ 2               
                   53 ┤■■■■■■■■■■■■■■■■■■■■■■■■■ 2               
                   54 ┤■■■■■■■■■■■■ 1                            
                   55 ┤■■■■■■■■■■■■ 1                            
                   56 ┤ 0                                        
                   57 ┤■■■■■■■■■■■■■■■■■■■■■■■■■■■■■■■■■■■■■ 3   
                   58 ┤ 0                                        
                   59 ┤■■■■■■■■■■■■■■■■■■■■■■■■■ 2               
                      └                                        ┘ 
                                     num of slices               
[ Info: slicing branch with sc: 46.0
[ Info: cc.sc: 46.0
region size: 10
QIP_gurobi_bound: solver finished in 1.281 s (time_limit=100.0 s, status=OPTIMAL)
[ Info: slice 1, lp_score: 5416.0, primal_bound: 0.0
QIP_gurobi_bound: solver finished in 1.426 s (time_limit=100.0 s, status=OPTIMAL)
[ Info: slice 2, lp_score: 5420.0, primal_bound: 0.0
[ Info: new_scs: [46, 46]
[ Info: lp_scores: [5420.0, 5416.0]
[ Info: lp_scores: 5416.0
[ Info: lp_scores: 5420.0
[ Info: current num of unfinished slices: 19, finished slices: 0
                      ┌                                        ┐ 
                   45 ┤■■■■■■■■■■■■ 1                            
                   46 ┤■■■■■■■■■■■■■■■■■■■■■■■■■ 2               
                   47 ┤■■■■■■■■■■■■ 1                            
                   48 ┤■■■■■■■■■■■■ 1                            
                   49 ┤■■■■■■■■■■■■ 1                            
                   50 ┤■■■■■■■■■■■■■■■■■■■■■■■■■ 2               
                   51 ┤ 0                                        
   sc, target = 31 52 ┤■■■■■■■■■■■■■■■■■■■■■■■■■ 2               
                   53 ┤■■■■■■■■■■■■■■■■■■■■■■■■■ 2               
                   54 ┤■■■■■■■■■■■■ 1                            
                   55 ┤■■■■■■■■■■■■ 1                            
                   56 ┤ 0                                        
                   57 ┤■■■■■■■■■■■■■■■■■■■■■■■■■■■■■■■■■■■■■ 3   
                   58 ┤ 0                                        
                   59 ┤■■■■■■■■■■■■■■■■■■■■■■■■■ 2               
                      └                                        ┘ 
                                     num of slices               
[ Info: slicing branch with sc: 46.0
[ Info: cc.sc: 46.0
region size: 10
QIP_gurobi_bound: solver finished in 1.371 s (time_limit=100.0 s, status=OPTIMAL)
[ Info: slice 1, lp_score: 5420.0, primal_bound: 0.0
QIP_gurobi_bound: solver finished in 1.271 s (time_limit=100.0 s, status=OPTIMAL)
[ Info: slice 2, lp_score: 5416.0, primal_bound: 0.0
[ Info: new_scs: [45, 43]
[ Info: lp_scores: [5420.0, 5416.0]
[ Info: lp_scores: 5416.0
[ Info: lp_scores: 5420.0
[ Info: current num of unfinished slices: 20, finished slices: 0
                      ┌                                        ┐ 
                   43 ┤■■■■■■■■■■■■ 1                            
                   44 ┤ 0                                        
                   45 ┤■■■■■■■■■■■■■■■■■■■■■■■■■ 2               
                   46 ┤■■■■■■■■■■■■ 1                            
                   47 ┤■■■■■■■■■■■■ 1                            
                   48 ┤■■■■■■■■■■■■ 1                            
                   49 ┤■■■■■■■■■■■■ 1                            
                   50 ┤■■■■■■■■■■■■■■■■■■■■■■■■■ 2               
   sc, target = 31 51 ┤ 0                                        
                   52 ┤■■■■■■■■■■■■■■■■■■■■■■■■■ 2               
                   53 ┤■■■■■■■■■■■■■■■■■■■■■■■■■ 2               
                   54 ┤■■■■■■■■■■■■ 1                            
                   55 ┤■■■■■■■■■■■■ 1                            
                   56 ┤ 0                                        
                   57 ┤■■■■■■■■■■■■■■■■■■■■■■■■■■■■■■■■■■■■■ 3   
                   58 ┤ 0                                        
                   59 ┤■■■■■■■■■■■■■■■■■■■■■■■■■ 2               
                      └                                        ┘ 
                                     num of slices               
[ Info: slicing branch with sc: 45.0
[ Info: cc.sc: 45.0
region size: 10
QIP_gurobi_bound: solver finished in 1.374 s (time_limit=100.0 s, status=OPTIMAL)
[ Info: slice 1, lp_score: 5420.0, primal_bound: 0.0
QIP_gurobi_bound: solver finished in 1.422 s (time_limit=100.0 s, status=OPTIMAL)
[ Info: slice 2, lp_score: 5418.0, primal_bound: 0.0
[ Info: new_scs: [43, 44]
[ Info: lp_scores: [5420.0, 5418.0]
[ Info: lp_scores: 5418.0
[ Info: lp_scores: 5420.0
[ Info: current num of unfinished slices: 21, finished slices: 0
                      ┌                                        ┐ 
                   43 ┤■■■■■■■■■■■■■■■■■■■■■■■■■ 2               
                   44 ┤■■■■■■■■■■■■ 1                            
                   45 ┤■■■■■■■■■■■■ 1                            
                   46 ┤■■■■■■■■■■■■ 1                            
                   47 ┤■■■■■■■■■■■■ 1                            
                   48 ┤■■■■■■■■■■■■ 1                            
                   49 ┤■■■■■■■■■■■■ 1                            
                   50 ┤■■■■■■■■■■■■■■■■■■■■■■■■■ 2               
   sc, target = 31 51 ┤ 0                                        
                   52 ┤■■■■■■■■■■■■■■■■■■■■■■■■■ 2               
                   53 ┤■■■■■■■■■■■■■■■■■■■■■■■■■ 2               
                   54 ┤■■■■■■■■■■■■ 1                            
                   55 ┤■■■■■■■■■■■■ 1                            
                   56 ┤ 0                                        
                   57 ┤■■■■■■■■■■■■■■■■■■■■■■■■■■■■■■■■■■■■■ 3   
                   58 ┤ 0                                        
                   59 ┤■■■■■■■■■■■■■■■■■■■■■■■■■ 2               
                      └                                        ┘ 
                                     num of slices               
[ Info: slicing branch with sc: 43.0
[ Info: cc.sc: 43.0
region size: 10
QIP_gurobi_bound: solver finished in 1.403 s (time_limit=100.0 s, status=OPTIMAL)
[ Info: slice 1, lp_score: 5417.0, primal_bound: 0.0
QIP_gurobi_bound: solver finished in 1.709 s (time_limit=100.0 s, status=OPTIMAL)
[ Info: slice 2, lp_score: 5420.0, primal_bound: 0.0
[ Info: new_scs: [43, 43]
[ Info: lp_scores: [5420.0, 5417.0]
[ Info: lp_scores: 5417.0
[ Info: lp_scores: 5420.0
[ Info: current num of unfinished slices: 22, finished slices: 0
                      ┌                                        ┐ 
                   43 ┤■■■■■■■■■■■■■■■■■■■■■■■■■■■■■■■■■■■■■ 3   
                   44 ┤■■■■■■■■■■■■ 1                            
                   45 ┤■■■■■■■■■■■■ 1                            
                   46 ┤■■■■■■■■■■■■ 1                            
                   47 ┤■■■■■■■■■■■■ 1                            
                   48 ┤■■■■■■■■■■■■ 1                            
                   49 ┤■■■■■■■■■■■■ 1                            
                   50 ┤■■■■■■■■■■■■■■■■■■■■■■■■■ 2               
   sc, target = 31 51 ┤ 0                                        
                   52 ┤■■■■■■■■■■■■■■■■■■■■■■■■■ 2               
                   53 ┤■■■■■■■■■■■■■■■■■■■■■■■■■ 2               
                   54 ┤■■■■■■■■■■■■ 1                            
                   55 ┤■■■■■■■■■■■■ 1                            
                   56 ┤ 0                                        
                   57 ┤■■■■■■■■■■■■■■■■■■■■■■■■■■■■■■■■■■■■■ 3   
                   58 ┤ 0                                        
                   59 ┤■■■■■■■■■■■■■■■■■■■■■■■■■ 2               
                      └                                        ┘ 
                                     num of slices               
[ Info: slicing branch with sc: 43.0
[ Info: cc.sc: 43.0
region size: 10
QIP_gurobi_bound: solver finished in 1.403 s (time_limit=100.0 s, status=OPTIMAL)
[ Info: slice 1, lp_score: 5420.0, primal_bound: 0.0
QIP_gurobi_bound: solver finished in 1.426 s (time_limit=100.0 s, status=OPTIMAL)
[ Info: slice 2, lp_score: 5415.0, primal_bound: 0.0
[ Info: new_scs: [42, 41]
[ Info: lp_scores: [5420.0, 5415.0]
[ Info: lp_scores: 5415.0
[ Info: lp_scores: 5420.0
[ Info: current num of unfinished slices: 23, finished slices: 0
                      ┌                                        ┐ 
                   41 ┤■■■■■■■■■■■■ 1                            
                   42 ┤■■■■■■■■■■■■ 1                            
                   43 ┤■■■■■■■■■■■■■■■■■■■■■■■■■ 2               
                   44 ┤■■■■■■■■■■■■ 1                            
                   45 ┤■■■■■■■■■■■■ 1                            
                   46 ┤■■■■■■■■■■■■ 1                            
                   47 ┤■■■■■■■■■■■■ 1                            
                   48 ┤■■■■■■■■■■■■ 1                            
                   49 ┤■■■■■■■■■■■■ 1                            
   sc, target = 31 50 ┤■■■■■■■■■■■■■■■■■■■■■■■■■ 2               
                   51 ┤ 0                                        
                   52 ┤■■■■■■■■■■■■■■■■■■■■■■■■■ 2               
                   53 ┤■■■■■■■■■■■■■■■■■■■■■■■■■ 2               
                   54 ┤■■■■■■■■■■■■ 1                            
                   55 ┤■■■■■■■■■■■■ 1                            
                   56 ┤ 0                                        
                   57 ┤■■■■■■■■■■■■■■■■■■■■■■■■■■■■■■■■■■■■■ 3   
                   58 ┤ 0                                        
                   59 ┤■■■■■■■■■■■■■■■■■■■■■■■■■ 2               
                      └                                        ┘ 
                                     num of slices               
[ Info: slicing branch with sc: 42.0
[ Info: cc.sc: 42.0
region size: 10
QIP_gurobi_bound: solver finished in 1.355 s (time_limit=100.0 s, status=OPTIMAL)
[ Info: slice 1, lp_score: 5420.0, primal_bound: 0.0
QIP_gurobi_bound: solver finished in 1.424 s (time_limit=100.0 s, status=OPTIMAL)
[ Info: slice 2, lp_score: 5413.0, primal_bound: 0.0
[ Info: new_scs: [42, 39]
[ Info: lp_scores: [5420.0, 5413.0]
[ Info: lp_scores: 5413.0
[ Info: lp_scores: 5420.0
[ Info: current num of unfinished slices: 24, finished slices: 0
                      ┌                                        ┐ 
                   39 ┤■■■■■■■■■■■■ 1                            
                   40 ┤ 0                                        
                   41 ┤■■■■■■■■■■■■ 1                            
                   42 ┤■■■■■■■■■■■■ 1                            
                   43 ┤■■■■■■■■■■■■■■■■■■■■■■■■■ 2               
                   44 ┤■■■■■■■■■■■■ 1                            
                   45 ┤■■■■■■■■■■■■ 1                            
                   46 ┤■■■■■■■■■■■■ 1                            
                   47 ┤■■■■■■■■■■■■ 1                            
                   48 ┤■■■■■■■■■■■■ 1                            
   sc, target = 31 49 ┤■■■■■■■■■■■■ 1                            
                   50 ┤■■■■■■■■■■■■■■■■■■■■■■■■■ 2               
                   51 ┤ 0                                        
                   52 ┤■■■■■■■■■■■■■■■■■■■■■■■■■ 2               
                   53 ┤■■■■■■■■■■■■■■■■■■■■■■■■■ 2               
                   54 ┤■■■■■■■■■■■■ 1                            
                   55 ┤■■■■■■■■■■■■ 1                            
                   56 ┤ 0                                        
                   57 ┤■■■■■■■■■■■■■■■■■■■■■■■■■■■■■■■■■■■■■ 3   
                   58 ┤ 0                                        
                   59 ┤■■■■■■■■■■■■■■■■■■■■■■■■■ 2               
                      └                                        ┘ 
                                     num of slices               
[ Info: slicing branch with sc: 42.0
[ Info: cc.sc: 42.0
region size: 10
QIP_gurobi_bound: solver finished in 1.377 s (time_limit=100.0 s, status=OPTIMAL)
[ Info: slice 1, lp_score: 5417.0, primal_bound: 0.0
QIP_gurobi_bound: solver finished in 1.391 s (time_limit=100.0 s, status=OPTIMAL)
[ Info: slice 2, lp_score: 5420.0, primal_bound: 0.0
[ Info: new_scs: [41, 39]
[ Info: lp_scores: [5420.0, 5417.0]
[ Info: lp_scores: 5417.0
[ Info: lp_scores: 5420.0
[ Info: current num of unfinished slices: 25, finished slices: 0
                      ┌                                        ┐ 
                   39 ┤■■■■■■■■■■■■■■■■■■■■■■■■■ 2               
                   40 ┤ 0                                        
                   41 ┤■■■■■■■■■■■■■■■■■■■■■■■■■ 2               
                   42 ┤ 0                                        
                   43 ┤■■■■■■■■■■■■■■■■■■■■■■■■■ 2               
                   44 ┤■■■■■■■■■■■■ 1                            
                   45 ┤■■■■■■■■■■■■ 1                            
                   46 ┤■■■■■■■■■■■■ 1                            
                   47 ┤■■■■■■■■■■■■ 1                            
                   48 ┤■■■■■■■■■■■■ 1                            
   sc, target = 31 49 ┤■■■■■■■■■■■■ 1                            
                   50 ┤■■■■■■■■■■■■■■■■■■■■■■■■■ 2               
                   51 ┤ 0                                        
                   52 ┤■■■■■■■■■■■■■■■■■■■■■■■■■ 2               
                   53 ┤■■■■■■■■■■■■■■■■■■■■■■■■■ 2               
                   54 ┤■■■■■■■■■■■■ 1                            
                   55 ┤■■■■■■■■■■■■ 1                            
                   56 ┤ 0                                        
                   57 ┤■■■■■■■■■■■■■■■■■■■■■■■■■■■■■■■■■■■■■ 3   
                   58 ┤ 0                                        
                   59 ┤■■■■■■■■■■■■■■■■■■■■■■■■■ 2               
                      └                                        ┘ 
                                     num of slices               
[ Info: slicing branch with sc: 41.0
[ Info: cc.sc: 41.0
region size: 10
QIP_gurobi_bound: solver finished in 1.421 s (time_limit=100.0 s, status=OPTIMAL)
[ Info: slice 1, lp_score: 5420.0, primal_bound: 0.0
QIP_gurobi_bound: solver finished in 1.287 s (time_limit=100.0 s, status=OPTIMAL)
[ Info: slice 2, lp_score: 5415.0, primal_bound: 0.0
[ Info: new_scs: [38, 40]
[ Info: lp_scores: [5420.0, 5415.0]
[ Info: lp_scores: 5415.0
[ Info: lp_scores: 5420.0
[ Info: current num of unfinished slices: 26, finished slices: 0
                      ┌                                        ┐ 
                   38 ┤■■■■■■■■■■■■ 1                            
                   39 ┤■■■■■■■■■■■■■■■■■■■■■■■■■ 2               
                   40 ┤■■■■■■■■■■■■ 1                            
                   41 ┤■■■■■■■■■■■■ 1                            
                   42 ┤ 0                                        
                   43 ┤■■■■■■■■■■■■■■■■■■■■■■■■■ 2               
                   44 ┤■■■■■■■■■■■■ 1                            
                   45 ┤■■■■■■■■■■■■ 1                            
                   46 ┤■■■■■■■■■■■■ 1                            
                   47 ┤■■■■■■■■■■■■ 1                            
   sc, target = 31 48 ┤■■■■■■■■■■■■ 1                            
                   49 ┤■■■■■■■■■■■■ 1                            
                   50 ┤■■■■■■■■■■■■■■■■■■■■■■■■■ 2               
                   51 ┤ 0                                        
                   52 ┤■■■■■■■■■■■■■■■■■■■■■■■■■ 2               
                   53 ┤■■■■■■■■■■■■■■■■■■■■■■■■■ 2               
                   54 ┤■■■■■■■■■■■■ 1                            
                   55 ┤■■■■■■■■■■■■ 1                            
                   56 ┤ 0                                        
                   57 ┤■■■■■■■■■■■■■■■■■■■■■■■■■■■■■■■■■■■■■ 3   
                   58 ┤ 0                                        
                   59 ┤■■■■■■■■■■■■■■■■■■■■■■■■■ 2               
                      └                                        ┘ 
                                     num of slices               
[ Info: slicing branch with sc: 38.0
[ Info: cc.sc: 38.0
region size: 10
QIP_gurobi_bound: solver finished in 1.282 s (time_limit=100.0 s, status=OPTIMAL)
[ Info: slice 1, lp_score: 5415.0, primal_bound: 0.0
QIP_gurobi_bound: solver finished in 1.336 s (time_limit=100.0 s, status=OPTIMAL)
[ Info: slice 2, lp_score: 5420.0, primal_bound: 0.0
[ Info: new_scs: [37, 37]
[ Info: lp_scores: [5420.0, 5415.0]
[ Info: lp_scores: 5415.0
[ Info: lp_scores: 5420.0
[ Info: current num of unfinished slices: 27, finished slices: 0
                      ┌                                        ┐ 
                   37 ┤■■■■■■■■■■■■■■■■■■■■■■■■■ 2               
                   38 ┤ 0                                        
                   39 ┤■■■■■■■■■■■■■■■■■■■■■■■■■ 2               
                   40 ┤■■■■■■■■■■■■ 1                            
                   41 ┤■■■■■■■■■■■■ 1                            
                   42 ┤ 0                                        
                   43 ┤■■■■■■■■■■■■■■■■■■■■■■■■■ 2               
                   44 ┤■■■■■■■■■■■■ 1                            
                   45 ┤■■■■■■■■■■■■ 1                            
                   46 ┤■■■■■■■■■■■■ 1                            
                   47 ┤■■■■■■■■■■■■ 1                            
   sc, target = 31 48 ┤■■■■■■■■■■■■ 1                            
                   49 ┤■■■■■■■■■■■■ 1                            
                   50 ┤■■■■■■■■■■■■■■■■■■■■■■■■■ 2               
                   51 ┤ 0                                        
                   52 ┤■■■■■■■■■■■■■■■■■■■■■■■■■ 2               
                   53 ┤■■■■■■■■■■■■■■■■■■■■■■■■■ 2               
                   54 ┤■■■■■■■■■■■■ 1                            
                   55 ┤■■■■■■■■■■■■ 1                            
                   56 ┤ 0                                        
                   57 ┤■■■■■■■■■■■■■■■■■■■■■■■■■■■■■■■■■■■■■ 3   
                   58 ┤ 0                                        
                   59 ┤■■■■■■■■■■■■■■■■■■■■■■■■■ 2               
                      └                                        ┘ 
                                     num of slices               
[ Info: slicing branch with sc: 37.0
[ Info: cc.sc: 37.0
region size: 10
QIP_gurobi_bound: solver finished in 1.428 s (time_limit=100.0 s, status=OPTIMAL)
[ Info: slice 1, lp_score: 5411.0, primal_bound: 0.0
QIP_gurobi_bound: solver finished in 1.448 s (time_limit=100.0 s, status=OPTIMAL)
[ Info: slice 2, lp_score: 5420.0, primal_bound: 0.0
[ Info: new_scs: [37, 37]
[ Info: lp_scores: [5420.0, 5411.0]
[ Info: lp_scores: 5411.0
[ Info: lp_scores: 5420.0
[ Info: current num of unfinished slices: 28, finished slices: 0
                      ┌                                        ┐ 
                   37 ┤■■■■■■■■■■■■■■■■■■■■■■■■■■■■■■■■■■■■■ 3   
                   38 ┤ 0                                        
                   39 ┤■■■■■■■■■■■■■■■■■■■■■■■■■ 2               
                   40 ┤■■■■■■■■■■■■ 1                            
                   41 ┤■■■■■■■■■■■■ 1                            
                   42 ┤ 0                                        
                   43 ┤■■■■■■■■■■■■■■■■■■■■■■■■■ 2               
                   44 ┤■■■■■■■■■■■■ 1                            
                   45 ┤■■■■■■■■■■■■ 1                            
                   46 ┤■■■■■■■■■■■■ 1                            
                   47 ┤■■■■■■■■■■■■ 1                            
   sc, target = 31 48 ┤■■■■■■■■■■■■ 1                            
                   49 ┤■■■■■■■■■■■■ 1                            
                   50 ┤■■■■■■■■■■■■■■■■■■■■■■■■■ 2               
                   51 ┤ 0                                        
                   52 ┤■■■■■■■■■■■■■■■■■■■■■■■■■ 2               
                   53 ┤■■■■■■■■■■■■■■■■■■■■■■■■■ 2               
                   54 ┤■■■■■■■■■■■■ 1                            
                   55 ┤■■■■■■■■■■■■ 1                            
                   56 ┤ 0                                        
                   57 ┤■■■■■■■■■■■■■■■■■■■■■■■■■■■■■■■■■■■■■ 3   
                   58 ┤ 0                                        
                   59 ┤■■■■■■■■■■■■■■■■■■■■■■■■■ 2               
                      └                                        ┘ 
                                     num of slices               
[ Info: slicing branch with sc: 37.0
[ Info: cc.sc: 37.0
region size: 10
QIP_gurobi_bound: solver finished in 1.451 s (time_limit=100.0 s, status=OPTIMAL)
[ Info: slice 1, lp_score: 5415.0, primal_bound: 0.0
QIP_gurobi_bound: solver finished in 1.29 s (time_limit=100.0 s, status=OPTIMAL)
[ Info: slice 2, lp_score: 5420.0, primal_bound: 0.0
[ Info: new_scs: [35, 36]
[ Info: lp_scores: [5420.0, 5415.0]
[ Info: lp_scores: 5415.0
[ Info: lp_scores: 5420.0
[ Info: current num of unfinished slices: 29, finished slices: 0
                      ┌                                        ┐ 
                   35 ┤■■■■■■■■■■■■ 1                            
                   36 ┤■■■■■■■■■■■■ 1                            
                   37 ┤■■■■■■■■■■■■■■■■■■■■■■■■■ 2               
                   38 ┤ 0                                        
                   39 ┤■■■■■■■■■■■■■■■■■■■■■■■■■ 2               
                   40 ┤■■■■■■■■■■■■ 1                            
                   41 ┤■■■■■■■■■■■■ 1                            
                   42 ┤ 0                                        
                   43 ┤■■■■■■■■■■■■■■■■■■■■■■■■■ 2               
                   44 ┤■■■■■■■■■■■■ 1                            
                   45 ┤■■■■■■■■■■■■ 1                            
                   46 ┤■■■■■■■■■■■■ 1                            
   sc, target = 31 47 ┤■■■■■■■■■■■■ 1                            
                   48 ┤■■■■■■■■■■■■ 1                            
                   49 ┤■■■■■■■■■■■■ 1                            
                   50 ┤■■■■■■■■■■■■■■■■■■■■■■■■■ 2               
                   51 ┤ 0                                        
                   52 ┤■■■■■■■■■■■■■■■■■■■■■■■■■ 2               
                   53 ┤■■■■■■■■■■■■■■■■■■■■■■■■■ 2               
                   54 ┤■■■■■■■■■■■■ 1                            
                   55 ┤■■■■■■■■■■■■ 1                            
                   56 ┤ 0                                        
                   57 ┤■■■■■■■■■■■■■■■■■■■■■■■■■■■■■■■■■■■■■ 3   
                   58 ┤ 0                                        
                   59 ┤■■■■■■■■■■■■■■■■■■■■■■■■■ 2               
                      └                                        ┘ 
                                     num of slices               
[ Info: slicing branch with sc: 35.0
[ Info: cc.sc: 35.0
region size: 10
QIP_gurobi_bound: solver finished in 1.42 s (time_limit=100.0 s, status=OPTIMAL)
[ Info: slice 1, lp_score: 5420.0, primal_bound: 0.0
[ Info: new_scs: [35]
[ Info: lp_scores: [5420.0]
[ Info: lp_scores: 5420.0
[ Info: current num of unfinished slices: 29, finished slices: 0
                      ┌                                        ┐ 
                   35 ┤■■■■■■■■■■■■ 1                            
                   36 ┤■■■■■■■■■■■■ 1                            
                   37 ┤■■■■■■■■■■■■■■■■■■■■■■■■■ 2               
                   38 ┤ 0                                        
                   39 ┤■■■■■■■■■■■■■■■■■■■■■■■■■ 2               
                   40 ┤■■■■■■■■■■■■ 1                            
                   41 ┤■■■■■■■■■■■■ 1                            
                   42 ┤ 0                                        
                   43 ┤■■■■■■■■■■■■■■■■■■■■■■■■■ 2               
                   44 ┤■■■■■■■■■■■■ 1                            
                   45 ┤■■■■■■■■■■■■ 1                            
                   46 ┤■■■■■■■■■■■■ 1                            
   sc, target = 31 47 ┤■■■■■■■■■■■■ 1                            
                   48 ┤■■■■■■■■■■■■ 1                            
                   49 ┤■■■■■■■■■■■■ 1                            
                   50 ┤■■■■■■■■■■■■■■■■■■■■■■■■■ 2               
                   51 ┤ 0                                        
                   52 ┤■■■■■■■■■■■■■■■■■■■■■■■■■ 2               
                   53 ┤■■■■■■■■■■■■■■■■■■■■■■■■■ 2               
                   54 ┤■■■■■■■■■■■■ 1                            
                   55 ┤■■■■■■■■■■■■ 1                            
                   56 ┤ 0                                        
                   57 ┤■■■■■■■■■■■■■■■■■■■■■■■■■■■■■■■■■■■■■ 3   
                   58 ┤ 0                                        
                   59 ┤■■■■■■■■■■■■■■■■■■■■■■■■■ 2               
                      └                                        ┘ 
                                     num of slices               
[ Info: slicing branch with sc: 35.0
[ Info: cc.sc: 35.0
region size: 10
QIP_gurobi_bound: solver finished in 1.414 s (time_limit=100.0 s, status=OPTIMAL)
[ Info: slice 1, lp_score: 5414.0, primal_bound: 0.0
QIP_gurobi_bound: solver finished in 1.364 s (time_limit=100.0 s, status=OPTIMAL)
[ Info: slice 2, lp_score: 5420.0, primal_bound: 0.0
[ Info: new_scs: [34, 34]
[ Info: lp_scores: [5420.0, 5414.0]
[ Info: lp_scores: 5414.0
[ Info: lp_scores: 5420.0
[ Info: current num of unfinished slices: 30, finished slices: 0
                      ┌                                        ┐ 
                   34 ┤■■■■■■■■■■■■■■■■■■■■■■■■■ 2               
                   35 ┤ 0                                        
                   36 ┤■■■■■■■■■■■■ 1                            
                   37 ┤■■■■■■■■■■■■■■■■■■■■■■■■■ 2               
                   38 ┤ 0                                        
                   39 ┤■■■■■■■■■■■■■■■■■■■■■■■■■ 2               
                   40 ┤■■■■■■■■■■■■ 1                            
                   41 ┤■■■■■■■■■■■■ 1                            
                   42 ┤ 0                                        
                   43 ┤■■■■■■■■■■■■■■■■■■■■■■■■■ 2               
                   44 ┤■■■■■■■■■■■■ 1                            
                   45 ┤■■■■■■■■■■■■ 1                            
   sc, target = 31 46 ┤■■■■■■■■■■■■ 1                            
                   47 ┤■■■■■■■■■■■■ 1                            
                   48 ┤■■■■■■■■■■■■ 1                            
                   49 ┤■■■■■■■■■■■■ 1                            
                   50 ┤■■■■■■■■■■■■■■■■■■■■■■■■■ 2               
                   51 ┤ 0                                        
                   52 ┤■■■■■■■■■■■■■■■■■■■■■■■■■ 2               
                   53 ┤■■■■■■■■■■■■■■■■■■■■■■■■■ 2               
                   54 ┤■■■■■■■■■■■■ 1                            
                   55 ┤■■■■■■■■■■■■ 1                            
                   56 ┤ 0                                        
                   57 ┤■■■■■■■■■■■■■■■■■■■■■■■■■■■■■■■■■■■■■ 3   
                   58 ┤ 0                                        
                   59 ┤■■■■■■■■■■■■■■■■■■■■■■■■■ 2               
                      └                                        ┘ 
                                     num of slices               
[ Info: slicing branch with sc: 34.0
[ Info: cc.sc: 34.0
region size: 10
QIP_gurobi_bound: solver finished in 1.401 s (time_limit=100.0 s, status=OPTIMAL)
[ Info: slice 1, lp_score: 5420.0, primal_bound: 0.0
QIP_gurobi_bound: solver finished in 1.288 s (time_limit=100.0 s, status=OPTIMAL)
[ Info: slice 2, lp_score: 5418.0, primal_bound: 0.0
[ Info: new_scs: [33, 33]
[ Info: lp_scores: [5420.0, 5418.0]
[ Info: lp_scores: 5418.0
[ Info: lp_scores: 5420.0
[ Info: current num of unfinished slices: 31, finished slices: 0
                      ┌                                        ┐ 
                   33 ┤■■■■■■■■■■■■■■■■■■■■■■■■■ 2               
                   34 ┤■■■■■■■■■■■■ 1                            
                   35 ┤ 0                                        
                   36 ┤■■■■■■■■■■■■ 1                            
                   37 ┤■■■■■■■■■■■■■■■■■■■■■■■■■ 2               
                   38 ┤ 0                                        
                   39 ┤■■■■■■■■■■■■■■■■■■■■■■■■■ 2               
                   40 ┤■■■■■■■■■■■■ 1                            
                   41 ┤■■■■■■■■■■■■ 1                            
                   42 ┤ 0                                        
                   43 ┤■■■■■■■■■■■■■■■■■■■■■■■■■ 2               
                   44 ┤■■■■■■■■■■■■ 1                            
                   45 ┤■■■■■■■■■■■■ 1                            
   sc, target = 31 46 ┤■■■■■■■■■■■■ 1                            
                   47 ┤■■■■■■■■■■■■ 1                            
                   48 ┤■■■■■■■■■■■■ 1                            
                   49 ┤■■■■■■■■■■■■ 1                            
                   50 ┤■■■■■■■■■■■■■■■■■■■■■■■■■ 2               
                   51 ┤ 0                                        
                   52 ┤■■■■■■■■■■■■■■■■■■■■■■■■■ 2               
                   53 ┤■■■■■■■■■■■■■■■■■■■■■■■■■ 2               
                   54 ┤■■■■■■■■■■■■ 1                            
                   55 ┤■■■■■■■■■■■■ 1                            
                   56 ┤ 0                                        
                   57 ┤■■■■■■■■■■■■■■■■■■■■■■■■■■■■■■■■■■■■■ 3   
                   58 ┤ 0                                        
                   59 ┤■■■■■■■■■■■■■■■■■■■■■■■■■ 2               
                      └                                        ┘ 
                                     num of slices               
[ Info: slicing branch with sc: 33.0
[ Info: cc.sc: 33.0
region size: 10
QIP_gurobi_bound: solver finished in 1.302 s (time_limit=100.0 s, status=OPTIMAL)
[ Info: slice 1, lp_score: 5420.0, primal_bound: 0.0
QIP_gurobi_bound: solver finished in 1.358 s (time_limit=100.0 s, status=OPTIMAL)
[ Info: slice 2, lp_score: 5417.0, primal_bound: 0.0
[ Info: new_scs: [33, 33]
[ Info: lp_scores: [5420.0, 5417.0]
[ Info: lp_scores: 5417.0
[ Info: lp_scores: 5420.0
[ Info: current num of unfinished slices: 32, finished slices: 0
                      ┌                                        ┐ 
                   33 ┤■■■■■■■■■■■■■■■■■■■■■■■■■■■■■■■■■■■■■ 3   
                   34 ┤■■■■■■■■■■■■ 1                            
                   35 ┤ 0                                        
                   36 ┤■■■■■■■■■■■■ 1                            
                   37 ┤■■■■■■■■■■■■■■■■■■■■■■■■■ 2               
                   38 ┤ 0                                        
                   39 ┤■■■■■■■■■■■■■■■■■■■■■■■■■ 2               
                   40 ┤■■■■■■■■■■■■ 1                            
                   41 ┤■■■■■■■■■■■■ 1                            
                   42 ┤ 0                                        
                   43 ┤■■■■■■■■■■■■■■■■■■■■■■■■■ 2               
                   44 ┤■■■■■■■■■■■■ 1                            
                   45 ┤■■■■■■■■■■■■ 1                            
   sc, target = 31 46 ┤■■■■■■■■■■■■ 1                            
                   47 ┤■■■■■■■■■■■■ 1                            
                   48 ┤■■■■■■■■■■■■ 1                            
                   49 ┤■■■■■■■■■■■■ 1                            
                   50 ┤■■■■■■■■■■■■■■■■■■■■■■■■■ 2               
                   51 ┤ 0                                        
                   52 ┤■■■■■■■■■■■■■■■■■■■■■■■■■ 2               
                   53 ┤■■■■■■■■■■■■■■■■■■■■■■■■■ 2               
                   54 ┤■■■■■■■■■■■■ 1                            
                   55 ┤■■■■■■■■■■■■ 1                            
                   56 ┤ 0                                        
                   57 ┤■■■■■■■■■■■■■■■■■■■■■■■■■■■■■■■■■■■■■ 3   
                   58 ┤ 0                                        
                   59 ┤■■■■■■■■■■■■■■■■■■■■■■■■■ 2               
                      └                                        ┘ 
                                     num of slices               
[ Info: slicing branch with sc: 33.0
[ Info: cc.sc: 33.0
region size: 10
QIP_gurobi_bound: solver finished in 1.381 s (time_limit=100.0 s, status=OPTIMAL)
[ Info: slice 1, lp_score: 5420.0, primal_bound: 0.0
QIP_gurobi_bound: solver finished in 1.369 s (time_limit=100.0 s, status=OPTIMAL)
[ Info: slice 2, lp_score: 5419.0, primal_bound: 0.0
[ Info: new_scs: [31, 32]
[ Info: lp_scores: [5420.0, 5419.0]
[ Info: lp_scores: 5419.0
[ Info: lp_scores: 5420.0
[ Info: current num of unfinished slices: 33, finished slices: 0
                      ┌                                        ┐ 
                   31 ┤■■■■■■■■■■■■ 1                            
                   32 ┤■■■■■■■■■■■■ 1                            
                   33 ┤■■■■■■■■■■■■■■■■■■■■■■■■■ 2               
                   34 ┤■■■■■■■■■■■■ 1                            
                   35 ┤ 0                                        
                   36 ┤■■■■■■■■■■■■ 1                            
                   37 ┤■■■■■■■■■■■■■■■■■■■■■■■■■ 2               
                   38 ┤ 0                                        
                   39 ┤■■■■■■■■■■■■■■■■■■■■■■■■■ 2               
                   40 ┤■■■■■■■■■■■■ 1                            
                   41 ┤■■■■■■■■■■■■ 1                            
                   42 ┤ 0                                        
                   43 ┤■■■■■■■■■■■■■■■■■■■■■■■■■ 2               
                   44 ┤■■■■■■■■■■■■ 1                            
   sc, target = 31 45 ┤■■■■■■■■■■■■ 1                            
                   46 ┤■■■■■■■■■■■■ 1                            
                   47 ┤■■■■■■■■■■■■ 1                            
                   48 ┤■■■■■■■■■■■■ 1                            
                   49 ┤■■■■■■■■■■■■ 1                            
                   50 ┤■■■■■■■■■■■■■■■■■■■■■■■■■ 2               
                   51 ┤ 0                                        
                   52 ┤■■■■■■■■■■■■■■■■■■■■■■■■■ 2               
                   53 ┤■■■■■■■■■■■■■■■■■■■■■■■■■ 2               
                   54 ┤■■■■■■■■■■■■ 1                            
                   55 ┤■■■■■■■■■■■■ 1                            
                   56 ┤ 0                                        
                   57 ┤■■■■■■■■■■■■■■■■■■■■■■■■■■■■■■■■■■■■■ 3   
                   58 ┤ 0                                        
                   59 ┤■■■■■■■■■■■■■■■■■■■■■■■■■ 2               
                      └                                        ┘ 
                                     num of slices               
[ Info: slicing branch with sc: 31.0
  [slice produced] sc=31.0 tc=45.64609600568653 nv=3556 ne=6940 r=40.0
QIP_value_gurobi: solver finished in 1.403 s (time_limit=604800.0 s, status=OPTIMAL)
[ Info: feasible solution: 5420.0, primal bound: 5420.0
[ Info: current num of unfinished slices: 32, finished slices: 1
                      ┌                                        ┐ 
                   32 ┤■■■■■■■■■■■■ 1                            
                   33 ┤■■■■■■■■■■■■■■■■■■■■■■■■■ 2               
                   34 ┤■■■■■■■■■■■■ 1                            
                   35 ┤ 0                                        
                   36 ┤■■■■■■■■■■■■ 1                            
                   37 ┤■■■■■■■■■■■■■■■■■■■■■■■■■ 2               
                   38 ┤ 0                                        
                   39 ┤■■■■■■■■■■■■■■■■■■■■■■■■■ 2               
                   40 ┤■■■■■■■■■■■■ 1                            
                   41 ┤■■■■■■■■■■■■ 1                            
                   42 ┤ 0                                        
                   43 ┤■■■■■■■■■■■■■■■■■■■■■■■■■ 2               
                   44 ┤■■■■■■■■■■■■ 1                            
   sc, target = 31 45 ┤■■■■■■■■■■■■ 1                            
                   46 ┤■■■■■■■■■■■■ 1                            
                   47 ┤■■■■■■■■■■■■ 1                            
                   48 ┤■■■■■■■■■■■■ 1                            
                   49 ┤■■■■■■■■■■■■ 1                            
                   50 ┤■■■■■■■■■■■■■■■■■■■■■■■■■ 2               
                   51 ┤ 0                                        
                   52 ┤■■■■■■■■■■■■■■■■■■■■■■■■■ 2               
                   53 ┤■■■■■■■■■■■■■■■■■■■■■■■■■ 2               
                   54 ┤■■■■■■■■■■■■ 1                            
                   55 ┤■■■■■■■■■■■■ 1                            
                   56 ┤ 0                                        
                   57 ┤■■■■■■■■■■■■■■■■■■■■■■■■■■■■■■■■■■■■■ 3   
                   58 ┤ 0                                        
                   59 ┤■■■■■■■■■■■■■■■■■■■■■■■■■ 2               
                      └                                        ┘ 
                                     num of slices               
[ Info: slicing branch with sc: 32.0
[ Info: cc.sc: 32.0
region size: 10
tbl0_rows:38 filtered_rows:38
QIP_gurobi_bound: solver finished in 1.231 s (time_limit=100.0 s, status=OPTIMAL)
[ Info: slice 1, lp_score: 5419.0, primal_bound: 5420.0
[ Info: new_scs: Int64[]
[ Info: lp_scores: Float64[]
[ Info: current num of unfinished slices: 31, finished slices: 1
                      ┌                                        ┐ 
                   33 ┤■■■■■■■■■■■■■■■■■■■■■■■■■ 2               
                   34 ┤■■■■■■■■■■■■ 1                            
                   35 ┤ 0                                        
                   36 ┤■■■■■■■■■■■■ 1                            
                   37 ┤■■■■■■■■■■■■■■■■■■■■■■■■■ 2               
                   38 ┤ 0                                        
                   39 ┤■■■■■■■■■■■■■■■■■■■■■■■■■ 2               
                   40 ┤■■■■■■■■■■■■ 1                            
                   41 ┤■■■■■■■■■■■■ 1                            
                   42 ┤ 0                                        
                   43 ┤■■■■■■■■■■■■■■■■■■■■■■■■■ 2               
                   44 ┤■■■■■■■■■■■■ 1                            
                   45 ┤■■■■■■■■■■■■ 1                            
   sc, target = 31 46 ┤■■■■■■■■■■■■ 1                            
                   47 ┤■■■■■■■■■■■■ 1                            
                   48 ┤■■■■■■■■■■■■ 1                            
                   49 ┤■■■■■■■■■■■■ 1                            
                   50 ┤■■■■■■■■■■■■■■■■■■■■■■■■■ 2               
                   51 ┤ 0                                        
                   52 ┤■■■■■■■■■■■■■■■■■■■■■■■■■ 2               
                   53 ┤■■■■■■■■■■■■■■■■■■■■■■■■■ 2               
                   54 ┤■■■■■■■■■■■■ 1                            
                   55 ┤■■■■■■■■■■■■ 1                            
                   56 ┤ 0                                        
                   57 ┤■■■■■■■■■■■■■■■■■■■■■■■■■■■■■■■■■■■■■ 3   
                   58 ┤ 0                                        
                   59 ┤■■■■■■■■■■■■■■■■■■■■■■■■■ 2               
                      └                                        ┘ 
                                     num of slices               
[ Info: slicing branch with sc: 33.0
[ Info: cc.sc: 33.0
region size: 10
tbl0_rows:55 filtered_rows:55
QIP_gurobi_bound: solver finished in 1.294 s (time_limit=100.0 s, status=OPTIMAL)
[ Info: slice 1, lp_score: 5416.0, primal_bound: 5420.0
QIP_gurobi_bound: solver finished in 1.237 s (time_limit=100.0 s, status=OPTIMAL)
[ Info: slice 2, lp_score: 5417.0, primal_bound: 5420.0
[ Info: new_scs: Int64[]
[ Info: lp_scores: Float64[]
[ Info: current num of unfinished slices: 30, finished slices: 1
                      ┌                                        ┐ 
                   33 ┤■■■■■■■■■■■■ 1                            
                   34 ┤■■■■■■■■■■■■ 1                            
                   35 ┤ 0                                        
                   36 ┤■■■■■■■■■■■■ 1                            
                   37 ┤■■■■■■■■■■■■■■■■■■■■■■■■■ 2               
                   38 ┤ 0                                        
                   39 ┤■■■■■■■■■■■■■■■■■■■■■■■■■ 2               
                   40 ┤■■■■■■■■■■■■ 1                            
                   41 ┤■■■■■■■■■■■■ 1                            
                   42 ┤ 0                                        
                   43 ┤■■■■■■■■■■■■■■■■■■■■■■■■■ 2               
                   44 ┤■■■■■■■■■■■■ 1                            
                   45 ┤■■■■■■■■■■■■ 1                            
   sc, target = 31 46 ┤■■■■■■■■■■■■ 1                            
                   47 ┤■■■■■■■■■■■■ 1                            
                   48 ┤■■■■■■■■■■■■ 1                            
                   49 ┤■■■■■■■■■■■■ 1                            
                   50 ┤■■■■■■■■■■■■■■■■■■■■■■■■■ 2               
                   51 ┤ 0                                        
                   52 ┤■■■■■■■■■■■■■■■■■■■■■■■■■ 2               
                   53 ┤■■■■■■■■■■■■■■■■■■■■■■■■■ 2               
                   54 ┤■■■■■■■■■■■■ 1                            
                   55 ┤■■■■■■■■■■■■ 1                            
                   56 ┤ 0                                        
                   57 ┤■■■■■■■■■■■■■■■■■■■■■■■■■■■■■■■■■■■■■ 3   
                   58 ┤ 0                                        
                   59 ┤■■■■■■■■■■■■■■■■■■■■■■■■■ 2               
                      └                                        ┘ 
                                     num of slices               
[ Info: slicing branch with sc: 33.0
[ Info: cc.sc: 33.0
region size: 10
tbl0_rows:29 filtered_rows:29
QIP_gurobi_bound: solver finished in 1.935 s (time_limit=100.0 s, status=OPTIMAL)
[ Info: slice 1, lp_score: 5418.0, primal_bound: 5420.0
QIP_gurobi_bound: solver finished in 1.368 s (time_limit=100.0 s, status=OPTIMAL)
[ Info: slice 2, lp_score: 5418.0, primal_bound: 5420.0
[ Info: new_scs: Int64[]
[ Info: lp_scores: Float64[]
[ Info: current num of unfinished slices: 29, finished slices: 1
                      ┌                                        ┐ 
                   34 ┤■■■■■■■■■■■■ 1                            
                   35 ┤ 0                                        
                   36 ┤■■■■■■■■■■■■ 1                            
                   37 ┤■■■■■■■■■■■■■■■■■■■■■■■■■ 2               
                   38 ┤ 0                                        
                   39 ┤■■■■■■■■■■■■■■■■■■■■■■■■■ 2               
                   40 ┤■■■■■■■■■■■■ 1                            
                   41 ┤■■■■■■■■■■■■ 1                            
                   42 ┤ 0                                        
                   43 ┤■■■■■■■■■■■■■■■■■■■■■■■■■ 2               
                   44 ┤■■■■■■■■■■■■ 1                            
                   45 ┤■■■■■■■■■■■■ 1                            
   sc, target = 31 46 ┤■■■■■■■■■■■■ 1                            
                   47 ┤■■■■■■■■■■■■ 1                            
                   48 ┤■■■■■■■■■■■■ 1                            
                   49 ┤■■■■■■■■■■■■ 1                            
                   50 ┤■■■■■■■■■■■■■■■■■■■■■■■■■ 2               
                   51 ┤ 0                                        
                   52 ┤■■■■■■■■■■■■■■■■■■■■■■■■■ 2               
                   53 ┤■■■■■■■■■■■■■■■■■■■■■■■■■ 2               
                   54 ┤■■■■■■■■■■■■ 1                            
                   55 ┤■■■■■■■■■■■■ 1                            
                   56 ┤ 0                                        
                   57 ┤■■■■■■■■■■■■■■■■■■■■■■■■■■■■■■■■■■■■■ 3   
                   58 ┤ 0                                        
                   59 ┤■■■■■■■■■■■■■■■■■■■■■■■■■ 2               
                      └                                        ┘ 
                                     num of slices               
[ Info: slicing branch with sc: 34.0
[ Info: cc.sc: 34.0
region size: 10
tbl0_rows:40 filtered_rows:40
QIP_gurobi_bound: solver finished in 1.306 s (time_limit=100.0 s, status=OPTIMAL)
[ Info: slice 1, lp_score: 5414.0, primal_bound: 5420.0
QIP_gurobi_bound: solver finished in 1.28 s (time_limit=100.0 s, status=OPTIMAL)
[ Info: slice 2, lp_score: 5410.0, primal_bound: 5420.0
[ Info: new_scs: Int64[]
[ Info: lp_scores: Float64[]
[ Info: current num of unfinished slices: 28, finished slices: 1
                      ┌                                        ┐ 
                   36 ┤■■■■■■■■■■■■ 1                            
                   37 ┤■■■■■■■■■■■■■■■■■■■■■■■■■ 2               
                   38 ┤ 0                                        
                   39 ┤■■■■■■■■■■■■■■■■■■■■■■■■■ 2               
                   40 ┤■■■■■■■■■■■■ 1                            
                   41 ┤■■■■■■■■■■■■ 1                            
                   42 ┤ 0                                        
                   43 ┤■■■■■■■■■■■■■■■■■■■■■■■■■ 2               
                   44 ┤■■■■■■■■■■■■ 1                            
                   45 ┤■■■■■■■■■■■■ 1                            
                   46 ┤■■■■■■■■■■■■ 1                            
   sc, target = 31 47 ┤■■■■■■■■■■■■ 1                            
                   48 ┤■■■■■■■■■■■■ 1                            
                   49 ┤■■■■■■■■■■■■ 1                            
                   50 ┤■■■■■■■■■■■■■■■■■■■■■■■■■ 2               
                   51 ┤ 0                                        
                   52 ┤■■■■■■■■■■■■■■■■■■■■■■■■■ 2               
                   53 ┤■■■■■■■■■■■■■■■■■■■■■■■■■ 2               
                   54 ┤■■■■■■■■■■■■ 1                            
                   55 ┤■■■■■■■■■■■■ 1                            
                   56 ┤ 0                                        
                   57 ┤■■■■■■■■■■■■■■■■■■■■■■■■■■■■■■■■■■■■■ 3   
                   58 ┤ 0                                        
                   59 ┤■■■■■■■■■■■■■■■■■■■■■■■■■ 2               
                      └                                        ┘ 
                                     num of slices               
[ Info: slicing branch with sc: 36.0
[ Info: cc.sc: 36.0
region size: 10
tbl0_rows:63 filtered_rows:63
QIP_gurobi_bound: solver finished in 1.237 s (time_limit=100.0 s, status=OPTIMAL)
[ Info: slice 1, lp_score: 5415.0, primal_bound: 5420.0
QIP_gurobi_bound: solver finished in 1.32 s (time_limit=100.0 s, status=OPTIMAL)
[ Info: slice 2, lp_score: 5412.0, primal_bound: 5420.0
[ Info: new_scs: Int64[]
[ Info: lp_scores: Float64[]
[ Info: current num of unfinished slices: 27, finished slices: 1
                      ┌                                        ┐ 
                   37 ┤■■■■■■■■■■■■■■■■■■■■■■■■■ 2               
                   38 ┤ 0                                        
                   39 ┤■■■■■■■■■■■■■■■■■■■■■■■■■ 2               
                   40 ┤■■■■■■■■■■■■ 1                            
                   41 ┤■■■■■■■■■■■■ 1                            
                   42 ┤ 0                                        
                   43 ┤■■■■■■■■■■■■■■■■■■■■■■■■■ 2               
                   44 ┤■■■■■■■■■■■■ 1                            
                   45 ┤■■■■■■■■■■■■ 1                            
                   46 ┤■■■■■■■■■■■■ 1                            
                   47 ┤■■■■■■■■■■■■ 1                            
   sc, target = 31 48 ┤■■■■■■■■■■■■ 1                            
                   49 ┤■■■■■■■■■■■■ 1                            
                   50 ┤■■■■■■■■■■■■■■■■■■■■■■■■■ 2               
                   51 ┤ 0                                        
                   52 ┤■■■■■■■■■■■■■■■■■■■■■■■■■ 2               
                   53 ┤■■■■■■■■■■■■■■■■■■■■■■■■■ 2               
                   54 ┤■■■■■■■■■■■■ 1                            
                   55 ┤■■■■■■■■■■■■ 1                            
                   56 ┤ 0                                        
                   57 ┤■■■■■■■■■■■■■■■■■■■■■■■■■■■■■■■■■■■■■ 3   
                   58 ┤ 0                                        
                   59 ┤■■■■■■■■■■■■■■■■■■■■■■■■■ 2               
                      └                                        ┘ 
                                     num of slices               
[ Info: slicing branch with sc: 37.0
[ Info: cc.sc: 37.0
region size: 10
tbl0_rows:80 filtered_rows:80
QIP_gurobi_bound: solver finished in 1.762 s (time_limit=100.0 s, status=OPTIMAL)
[ Info: slice 1, lp_score: 5411.0, primal_bound: 5420.0
QIP_gurobi_bound: solver finished in 1.408 s (time_limit=100.0 s, status=OPTIMAL)
[ Info: slice 2, lp_score: 5405.0, primal_bound: 5420.0
[ Info: new_scs: Int64[]
[ Info: lp_scores: Float64[]
[ Info: current num of unfinished slices: 26, finished slices: 1
                      ┌                                        ┐ 
                   37 ┤■■■■■■■■■■■■ 1                            
                   38 ┤ 0                                        
                   39 ┤■■■■■■■■■■■■■■■■■■■■■■■■■ 2               
                   40 ┤■■■■■■■■■■■■ 1                            
                   41 ┤■■■■■■■■■■■■ 1                            
                   42 ┤ 0                                        
                   43 ┤■■■■■■■■■■■■■■■■■■■■■■■■■ 2               
                   44 ┤■■■■■■■■■■■■ 1                            
                   45 ┤■■■■■■■■■■■■ 1                            
                   46 ┤■■■■■■■■■■■■ 1                            
                   47 ┤■■■■■■■■■■■■ 1                            
   sc, target = 31 48 ┤■■■■■■■■■■■■ 1                            
                   49 ┤■■■■■■■■■■■■ 1                            
                   50 ┤■■■■■■■■■■■■■■■■■■■■■■■■■ 2               
                   51 ┤ 0                                        
                   52 ┤■■■■■■■■■■■■■■■■■■■■■■■■■ 2               
                   53 ┤■■■■■■■■■■■■■■■■■■■■■■■■■ 2               
                   54 ┤■■■■■■■■■■■■ 1                            
                   55 ┤■■■■■■■■■■■■ 1                            
                   56 ┤ 0                                        
                   57 ┤■■■■■■■■■■■■■■■■■■■■■■■■■■■■■■■■■■■■■ 3   
                   58 ┤ 0                                        
                   59 ┤■■■■■■■■■■■■■■■■■■■■■■■■■ 2               
                      └                                        ┘ 
                                     num of slices               
[ Info: slicing branch with sc: 37.0
[ Info: cc.sc: 37.0
region size: 10
tbl0_rows:54 filtered_rows:54
QIP_gurobi_bound: solver finished in 1.368 s (time_limit=100.0 s, status=OPTIMAL)
[ Info: slice 1, lp_score: 5415.0, primal_bound: 5420.0
QIP_gurobi_bound: solver finished in 1.303 s (time_limit=100.0 s, status=OPTIMAL)
[ Info: slice 2, lp_score: 5412.0, primal_bound: 5420.0
[ Info: new_scs: Int64[]
[ Info: lp_scores: Float64[]
[ Info: current num of unfinished slices: 25, finished slices: 1
                      ┌                                        ┐ 
                   39 ┤■■■■■■■■■■■■■■■■■■■■■■■■■ 2               
                   40 ┤■■■■■■■■■■■■ 1                            
                   41 ┤■■■■■■■■■■■■ 1                            
                   42 ┤ 0                                        
                   43 ┤■■■■■■■■■■■■■■■■■■■■■■■■■ 2               
                   44 ┤■■■■■■■■■■■■ 1                            
                   45 ┤■■■■■■■■■■■■ 1                            
                   46 ┤■■■■■■■■■■■■ 1                            
                   47 ┤■■■■■■■■■■■■ 1                            
                   48 ┤■■■■■■■■■■■■ 1                            
   sc, target = 31 49 ┤■■■■■■■■■■■■ 1                            
                   50 ┤■■■■■■■■■■■■■■■■■■■■■■■■■ 2               
                   51 ┤ 0                                        
                   52 ┤■■■■■■■■■■■■■■■■■■■■■■■■■ 2               
                   53 ┤■■■■■■■■■■■■■■■■■■■■■■■■■ 2               
                   54 ┤■■■■■■■■■■■■ 1                            
                   55 ┤■■■■■■■■■■■■ 1                            
                   56 ┤ 0                                        
                   57 ┤■■■■■■■■■■■■■■■■■■■■■■■■■■■■■■■■■■■■■ 3   
                   58 ┤ 0                                        
                   59 ┤■■■■■■■■■■■■■■■■■■■■■■■■■ 2               
                      └                                        ┘ 
                                     num of slices               
[ Info: slicing branch with sc: 40.0
[ Info: cc.sc: 40.0
region size: 10
tbl0_rows:62 filtered_rows:62
QIP_gurobi_bound: solver finished in 1.357 s (time_limit=100.0 s, status=OPTIMAL)
[ Info: slice 1, lp_score: 5415.0, primal_bound: 5420.0
QIP_gurobi_bound: solver finished in 1.227 s (time_limit=100.0 s, status=OPTIMAL)
[ Info: slice 2, lp_score: 5411.0, primal_bound: 5420.0
[ Info: new_scs: Int64[]
[ Info: lp_scores: Float64[]
[ Info: current num of unfinished slices: 24, finished slices: 1
                      ┌                                        ┐ 
                   39 ┤■■■■■■■■■■■■■■■■■■■■■■■■■ 2               
                   40 ┤ 0                                        
                   41 ┤■■■■■■■■■■■■ 1                            
                   42 ┤ 0                                        
                   43 ┤■■■■■■■■■■■■■■■■■■■■■■■■■ 2               
                   44 ┤■■■■■■■■■■■■ 1                            
                   45 ┤■■■■■■■■■■■■ 1                            
                   46 ┤■■■■■■■■■■■■ 1                            
                   47 ┤■■■■■■■■■■■■ 1                            
                   48 ┤■■■■■■■■■■■■ 1                            
   sc, target = 31 49 ┤■■■■■■■■■■■■ 1                            
                   50 ┤■■■■■■■■■■■■■■■■■■■■■■■■■ 2               
                   51 ┤ 0                                        
                   52 ┤■■■■■■■■■■■■■■■■■■■■■■■■■ 2               
                   53 ┤■■■■■■■■■■■■■■■■■■■■■■■■■ 2               
                   54 ┤■■■■■■■■■■■■ 1                            
                   55 ┤■■■■■■■■■■■■ 1                            
                   56 ┤ 0                                        
                   57 ┤■■■■■■■■■■■■■■■■■■■■■■■■■■■■■■■■■■■■■ 3   
                   58 ┤ 0                                        
                   59 ┤■■■■■■■■■■■■■■■■■■■■■■■■■ 2               
                      └                                        ┘ 
                                     num of slices               
[ Info: slicing branch with sc: 39.0
[ Info: cc.sc: 39.0
region size: 10
tbl0_rows:43 filtered_rows:43
QIP_gurobi_bound: solver finished in 1.277 s (time_limit=100.0 s, status=OPTIMAL)
[ Info: slice 1, lp_score: 5417.0, primal_bound: 5420.0
QIP_gurobi_bound: solver finished in 1.26 s (time_limit=100.0 s, status=OPTIMAL)
[ Info: slice 2, lp_score: 5413.0, primal_bound: 5420.0
[ Info: new_scs: Int64[]
[ Info: lp_scores: Float64[]
[ Info: current num of unfinished slices: 23, finished slices: 1
                      ┌                                        ┐ 
                   39 ┤■■■■■■■■■■■■ 1                            
                   40 ┤ 0                                        
                   41 ┤■■■■■■■■■■■■ 1                            
                   42 ┤ 0                                        
                   43 ┤■■■■■■■■■■■■■■■■■■■■■■■■■ 2               
                   44 ┤■■■■■■■■■■■■ 1                            
                   45 ┤■■■■■■■■■■■■ 1                            
                   46 ┤■■■■■■■■■■■■ 1                            
                   47 ┤■■■■■■■■■■■■ 1                            
                   48 ┤■■■■■■■■■■■■ 1                            
   sc, target = 31 49 ┤■■■■■■■■■■■■ 1                            
                   50 ┤■■■■■■■■■■■■■■■■■■■■■■■■■ 2               
                   51 ┤ 0                                        
                   52 ┤■■■■■■■■■■■■■■■■■■■■■■■■■ 2               
                   53 ┤■■■■■■■■■■■■■■■■■■■■■■■■■ 2               
                   54 ┤■■■■■■■■■■■■ 1                            
                   55 ┤■■■■■■■■■■■■ 1                            
                   56 ┤ 0                                        
                   57 ┤■■■■■■■■■■■■■■■■■■■■■■■■■■■■■■■■■■■■■ 3   
                   58 ┤ 0                                        
                   59 ┤■■■■■■■■■■■■■■■■■■■■■■■■■ 2               
                      └                                        ┘ 
                                     num of slices               
[ Info: slicing branch with sc: 39.0
[ Info: cc.sc: 39.0
region size: 10
tbl0_rows:57 filtered_rows:57
QIP_gurobi_bound: solver finished in 1.626 s (time_limit=100.0 s, status=OPTIMAL)
[ Info: slice 1, lp_score: 5413.0, primal_bound: 5420.0
QIP_gurobi_bound: solver finished in 1.399 s (time_limit=100.0 s, status=OPTIMAL)
[ Info: slice 2, lp_score: 5408.0, primal_bound: 5420.0
[ Info: new_scs: Int64[]
[ Info: lp_scores: Float64[]
[ Info: current num of unfinished slices: 22, finished slices: 1
                      ┌                                        ┐ 
                   41 ┤■■■■■■■■■■■■ 1                            
                   42 ┤ 0                                        
                   43 ┤■■■■■■■■■■■■■■■■■■■■■■■■■ 2               
                   44 ┤■■■■■■■■■■■■ 1                            
                   45 ┤■■■■■■■■■■■■ 1                            
                   46 ┤■■■■■■■■■■■■ 1                            
                   47 ┤■■■■■■■■■■■■ 1                            
                   48 ┤■■■■■■■■■■■■ 1                            
                   49 ┤■■■■■■■■■■■■ 1                            
   sc, target = 31 50 ┤■■■■■■■■■■■■■■■■■■■■■■■■■ 2               
                   51 ┤ 0                                        
                   52 ┤■■■■■■■■■■■■■■■■■■■■■■■■■ 2               
                   53 ┤■■■■■■■■■■■■■■■■■■■■■■■■■ 2               
                   54 ┤■■■■■■■■■■■■ 1                            
                   55 ┤■■■■■■■■■■■■ 1                            
                   56 ┤ 0                                        
                   57 ┤■■■■■■■■■■■■■■■■■■■■■■■■■■■■■■■■■■■■■ 3   
                   58 ┤ 0                                        
                   59 ┤■■■■■■■■■■■■■■■■■■■■■■■■■ 2               
                      └                                        ┘ 
                                     num of slices               
[ Info: slicing branch with sc: 41.0
[ Info: cc.sc: 41.0
region size: 10
tbl0_rows:51 filtered_rows:51
QIP_gurobi_bound: solver finished in 1.31 s (time_limit=100.0 s, status=OPTIMAL)
[ Info: slice 1, lp_score: 5415.0, primal_bound: 5420.0
QIP_gurobi_bound: solver finished in 1.281 s (time_limit=100.0 s, status=OPTIMAL)
[ Info: slice 2, lp_score: 5408.0, primal_bound: 5420.0
[ Info: new_scs: Int64[]
[ Info: lp_scores: Float64[]
[ Info: current num of unfinished slices: 21, finished slices: 1
                      ┌                                        ┐ 
                   43 ┤■■■■■■■■■■■■■■■■■■■■■■■■■ 2               
                   44 ┤■■■■■■■■■■■■ 1                            
                   45 ┤■■■■■■■■■■■■ 1                            
                   46 ┤■■■■■■■■■■■■ 1                            
                   47 ┤■■■■■■■■■■■■ 1                            
                   48 ┤■■■■■■■■■■■■ 1                            
                   49 ┤■■■■■■■■■■■■ 1                            
                   50 ┤■■■■■■■■■■■■■■■■■■■■■■■■■ 2               
   sc, target = 31 51 ┤ 0                                        
                   52 ┤■■■■■■■■■■■■■■■■■■■■■■■■■ 2               
                   53 ┤■■■■■■■■■■■■■■■■■■■■■■■■■ 2               
                   54 ┤■■■■■■■■■■■■ 1                            
                   55 ┤■■■■■■■■■■■■ 1                            
                   56 ┤ 0                                        
                   57 ┤■■■■■■■■■■■■■■■■■■■■■■■■■■■■■■■■■■■■■ 3   
                   58 ┤ 0                                        
                   59 ┤■■■■■■■■■■■■■■■■■■■■■■■■■ 2               
                      └                                        ┘ 
                                     num of slices               
[ Info: slicing branch with sc: 43.0
[ Info: cc.sc: 43.0
region size: 10
tbl0_rows:44 filtered_rows:44
QIP_gurobi_bound: solver finished in 1.414 s (time_limit=100.0 s, status=OPTIMAL)
[ Info: slice 1, lp_score: 5417.0, primal_bound: 5420.0
QIP_gurobi_bound: solver finished in 1.337 s (time_limit=100.0 s, status=OPTIMAL)
[ Info: slice 2, lp_score: 5412.0, primal_bound: 5420.0
[ Info: new_scs: Int64[]
[ Info: lp_scores: Float64[]
[ Info: current num of unfinished slices: 20, finished slices: 1
                      ┌                                        ┐ 
                   43 ┤■■■■■■■■■■■■ 1                            
                   44 ┤■■■■■■■■■■■■ 1                            
                   45 ┤■■■■■■■■■■■■ 1                            
                   46 ┤■■■■■■■■■■■■ 1                            
                   47 ┤■■■■■■■■■■■■ 1                            
                   48 ┤■■■■■■■■■■■■ 1                            
                   49 ┤■■■■■■■■■■■■ 1                            
                   50 ┤■■■■■■■■■■■■■■■■■■■■■■■■■ 2               
   sc, target = 31 51 ┤ 0                                        
                   52 ┤■■■■■■■■■■■■■■■■■■■■■■■■■ 2               
                   53 ┤■■■■■■■■■■■■■■■■■■■■■■■■■ 2               
                   54 ┤■■■■■■■■■■■■ 1                            
                   55 ┤■■■■■■■■■■■■ 1                            
                   56 ┤ 0                                        
                   57 ┤■■■■■■■■■■■■■■■■■■■■■■■■■■■■■■■■■■■■■ 3   
                   58 ┤ 0                                        
                   59 ┤■■■■■■■■■■■■■■■■■■■■■■■■■ 2               
                      └                                        ┘ 
                                     num of slices               
[ Info: slicing branch with sc: 44.0
[ Info: cc.sc: 44.0
region size: 10
tbl0_rows:60 filtered_rows:60
QIP_gurobi_bound: solver finished in 1.427 s (time_limit=100.0 s, status=OPTIMAL)
[ Info: slice 1, lp_score: 5415.0, primal_bound: 5420.0
QIP_gurobi_bound: solver finished in 1.392 s (time_limit=100.0 s, status=OPTIMAL)
[ Info: slice 2, lp_score: 5418.0, primal_bound: 5420.0
[ Info: new_scs: Int64[]
[ Info: lp_scores: Float64[]
[ Info: current num of unfinished slices: 19, finished slices: 1
                      ┌                                        ┐ 
                   43 ┤■■■■■■■■■■■■ 1                            
                   44 ┤ 0                                        
                   45 ┤■■■■■■■■■■■■ 1                            
                   46 ┤■■■■■■■■■■■■ 1                            
                   47 ┤■■■■■■■■■■■■ 1                            
                   48 ┤■■■■■■■■■■■■ 1                            
                   49 ┤■■■■■■■■■■■■ 1                            
                   50 ┤■■■■■■■■■■■■■■■■■■■■■■■■■ 2               
   sc, target = 31 51 ┤ 0                                        
                   52 ┤■■■■■■■■■■■■■■■■■■■■■■■■■ 2               
                   53 ┤■■■■■■■■■■■■■■■■■■■■■■■■■ 2               
                   54 ┤■■■■■■■■■■■■ 1                            
                   55 ┤■■■■■■■■■■■■ 1                            
                   56 ┤ 0                                        
                   57 ┤■■■■■■■■■■■■■■■■■■■■■■■■■■■■■■■■■■■■■ 3   
                   58 ┤ 0                                        
                   59 ┤■■■■■■■■■■■■■■■■■■■■■■■■■ 2               
                      └                                        ┘ 
                                     num of slices               
[ Info: slicing branch with sc: 43.0
[ Info: cc.sc: 43.0
region size: 10
tbl0_rows:60 filtered_rows:60
QIP_gurobi_bound: solver finished in 1.337 s (time_limit=100.0 s, status=OPTIMAL)
[ Info: slice 1, lp_score: 5413.0, primal_bound: 5420.0
QIP_gurobi_bound: solver finished in 1.261 s (time_limit=100.0 s, status=OPTIMAL)
[ Info: slice 2, lp_score: 5416.0, primal_bound: 5420.0
[ Info: new_scs: Int64[]
[ Info: lp_scores: Float64[]
[ Info: current num of unfinished slices: 18, finished slices: 1
                      ┌                                        ┐ 
                   45 ┤■■■■■■■■■■■■ 1                            
                   46 ┤■■■■■■■■■■■■ 1                            
                   47 ┤■■■■■■■■■■■■ 1                            
                   48 ┤■■■■■■■■■■■■ 1                            
                   49 ┤■■■■■■■■■■■■ 1                            
                   50 ┤■■■■■■■■■■■■■■■■■■■■■■■■■ 2               
                   51 ┤ 0                                        
   sc, target = 31 52 ┤■■■■■■■■■■■■■■■■■■■■■■■■■ 2               
                   53 ┤■■■■■■■■■■■■■■■■■■■■■■■■■ 2               
                   54 ┤■■■■■■■■■■■■ 1                            
                   55 ┤■■■■■■■■■■■■ 1                            
                   56 ┤ 0                                        
                   57 ┤■■■■■■■■■■■■■■■■■■■■■■■■■■■■■■■■■■■■■ 3   
                   58 ┤ 0                                        
                   59 ┤■■■■■■■■■■■■■■■■■■■■■■■■■ 2               
                      └                                        ┘ 
                                     num of slices               
[ Info: slicing branch with sc: 46.0
[ Info: cc.sc: 46.0
region size: 10
tbl0_rows:60 filtered_rows:60
QIP_gurobi_bound: solver finished in 1.335 s (time_limit=100.0 s, status=OPTIMAL)
[ Info: slice 1, lp_score: 5413.0, primal_bound: 5420.0
QIP_gurobi_bound: solver finished in 1.334 s (time_limit=100.0 s, status=OPTIMAL)
[ Info: slice 2, lp_score: 5416.0, primal_bound: 5420.0
[ Info: new_scs: Int64[]
[ Info: lp_scores: Float64[]
[ Info: current num of unfinished slices: 17, finished slices: 1
                      ┌                                        ┐ 
                   45 ┤■■■■■■■■■■■■ 1                            
                   46 ┤ 0                                        
                   47 ┤■■■■■■■■■■■■ 1                            
                   48 ┤■■■■■■■■■■■■ 1                            
                   49 ┤■■■■■■■■■■■■ 1                            
                   50 ┤■■■■■■■■■■■■■■■■■■■■■■■■■ 2               
                   51 ┤ 0                                        
   sc, target = 31 52 ┤■■■■■■■■■■■■■■■■■■■■■■■■■ 2               
                   53 ┤■■■■■■■■■■■■■■■■■■■■■■■■■ 2               
                   54 ┤■■■■■■■■■■■■ 1                            
                   55 ┤■■■■■■■■■■■■ 1                            
                   56 ┤ 0                                        
                   57 ┤■■■■■■■■■■■■■■■■■■■■■■■■■■■■■■■■■■■■■ 3   
                   58 ┤ 0                                        
                   59 ┤■■■■■■■■■■■■■■■■■■■■■■■■■ 2               
                      └                                        ┘ 
                                     num of slices               
[ Info: slicing branch with sc: 45.0
[ Info: cc.sc: 45.0
region size: 10
tbl0_rows:76 filtered_rows:76
QIP_gurobi_bound: solver finished in 1.329 s (time_limit=100.0 s, status=OPTIMAL)
[ Info: slice 1, lp_score: 5416.0, primal_bound: 5420.0
QIP_gurobi_bound: solver finished in 1.43 s (time_limit=100.0 s, status=OPTIMAL)
[ Info: slice 2, lp_score: 5413.0, primal_bound: 5420.0
[ Info: new_scs: Int64[]
[ Info: lp_scores: Float64[]
[ Info: current num of unfinished slices: 16, finished slices: 1
                      ┌                                        ┐ 
                   47 ┤■■■■■■■■■■■■ 1                            
                   48 ┤■■■■■■■■■■■■ 1                            
                   49 ┤■■■■■■■■■■■■ 1                            
                   50 ┤■■■■■■■■■■■■■■■■■■■■■■■■■ 2               
                   51 ┤ 0                                        
                   52 ┤■■■■■■■■■■■■■■■■■■■■■■■■■ 2               
   sc, target = 31 53 ┤■■■■■■■■■■■■■■■■■■■■■■■■■ 2               
                   54 ┤■■■■■■■■■■■■ 1                            
                   55 ┤■■■■■■■■■■■■ 1                            
                   56 ┤ 0                                        
                   57 ┤■■■■■■■■■■■■■■■■■■■■■■■■■■■■■■■■■■■■■ 3   
                   58 ┤ 0                                        
                   59 ┤■■■■■■■■■■■■■■■■■■■■■■■■■ 2               
                      └                                        ┘ 
                                     num of slices               
[ Info: slicing branch with sc: 47.0
[ Info: cc.sc: 47.0
region size: 10
tbl0_rows:40 filtered_rows:40
QIP_gurobi_bound: solver finished in 1.684 s (time_limit=100.0 s, status=OPTIMAL)
[ Info: slice 1, lp_score: 5418.0, primal_bound: 5420.0
QIP_gurobi_bound: solver finished in 1.336 s (time_limit=100.0 s, status=OPTIMAL)
[ Info: slice 2, lp_score: 5414.0, primal_bound: 5420.0
[ Info: new_scs: Int64[]
[ Info: lp_scores: Float64[]
[ Info: current num of unfinished slices: 15, finished slices: 1
                      ┌                                        ┐ 
                   48 ┤■■■■■■■■■■■■ 1                            
                   49 ┤■■■■■■■■■■■■ 1                            
                   50 ┤■■■■■■■■■■■■■■■■■■■■■■■■■ 2               
                   51 ┤ 0                                        
                   52 ┤■■■■■■■■■■■■■■■■■■■■■■■■■ 2               
   sc, target = 31 53 ┤■■■■■■■■■■■■■■■■■■■■■■■■■ 2               
                   54 ┤■■■■■■■■■■■■ 1                            
                   55 ┤■■■■■■■■■■■■ 1                            
                   56 ┤ 0                                        
                   57 ┤■■■■■■■■■■■■■■■■■■■■■■■■■■■■■■■■■■■■■ 3   
                   58 ┤ 0                                        
                   59 ┤■■■■■■■■■■■■■■■■■■■■■■■■■ 2               
                      └                                        ┘ 
                                     num of slices               
[ Info: slicing branch with sc: 48.0
[ Info: cc.sc: 48.0
region size: 10
tbl0_rows:78 filtered_rows:78
QIP_gurobi_bound: solver finished in 1.334 s (time_limit=100.0 s, status=OPTIMAL)
[ Info: slice 1, lp_score: 5415.0, primal_bound: 5420.0
QIP_gurobi_bound: solver finished in 1.51 s (time_limit=100.0 s, status=OPTIMAL)
[ Info: slice 2, lp_score: 5418.0, primal_bound: 5420.0
[ Info: new_scs: Int64[]
[ Info: lp_scores: Float64[]
[ Info: current num of unfinished slices: 14, finished slices: 1
                      ┌                                        ┐ 
                   49 ┤■■■■■■■■■■■■ 1                            
                   50 ┤■■■■■■■■■■■■■■■■■■■■■■■■■ 2               
                   51 ┤ 0                                        
                   52 ┤■■■■■■■■■■■■■■■■■■■■■■■■■ 2               
                   53 ┤■■■■■■■■■■■■■■■■■■■■■■■■■ 2               
   sc, target = 31 54 ┤■■■■■■■■■■■■ 1                            
                   55 ┤■■■■■■■■■■■■ 1                            
                   56 ┤ 0                                        
                   57 ┤■■■■■■■■■■■■■■■■■■■■■■■■■■■■■■■■■■■■■ 3   
                   58 ┤ 0                                        
                   59 ┤■■■■■■■■■■■■■■■■■■■■■■■■■ 2               
                      └                                        ┘ 
                                     num of slices               
[ Info: slicing branch with sc: 49.0
[ Info: cc.sc: 49.0
region size: 10
tbl0_rows:42 filtered_rows:42
QIP_gurobi_bound: solver finished in 1.302 s (time_limit=100.0 s, status=OPTIMAL)
[ Info: slice 1, lp_score: 5415.0, primal_bound: 5420.0
QIP_gurobi_bound: solver finished in 1.493 s (time_limit=100.0 s, status=OPTIMAL)
[ Info: slice 2, lp_score: 5419.0, primal_bound: 5420.0
[ Info: new_scs: Int64[]
[ Info: lp_scores: Float64[]
[ Info: current num of unfinished slices: 13, finished slices: 1
                      ┌                                        ┐ 
                   50 ┤■■■■■■■■■■■■■■■■■■■■■■■■■ 2               
                   51 ┤ 0                                        
                   52 ┤■■■■■■■■■■■■■■■■■■■■■■■■■ 2               
                   53 ┤■■■■■■■■■■■■■■■■■■■■■■■■■ 2               
   sc, target = 31 54 ┤■■■■■■■■■■■■ 1                            
                   55 ┤■■■■■■■■■■■■ 1                            
                   56 ┤ 0                                        
                   57 ┤■■■■■■■■■■■■■■■■■■■■■■■■■■■■■■■■■■■■■ 3   
                   58 ┤ 0                                        
                   59 ┤■■■■■■■■■■■■■■■■■■■■■■■■■ 2               
                      └                                        ┘ 
                                     num of slices               
[ Info: slicing branch with sc: 50.0
[ Info: cc.sc: 50.0
region size: 10
tbl0_rows:64 filtered_rows:64
QIP_gurobi_bound: solver finished in 1.422 s (time_limit=100.0 s, status=OPTIMAL)
[ Info: slice 1, lp_score: 5418.0, primal_bound: 5420.0
QIP_gurobi_bound: solver finished in 1.554 s (time_limit=100.0 s, status=OPTIMAL)
[ Info: slice 2, lp_score: 5417.0, primal_bound: 5420.0
[ Info: new_scs: Int64[]
[ Info: lp_scores: Float64[]
[ Info: current num of unfinished slices: 12, finished slices: 1
                      ┌                                        ┐ 
                   50 ┤■■■■■■■■■■■■ 1                            
                   51 ┤ 0                                        
                   52 ┤■■■■■■■■■■■■■■■■■■■■■■■■■ 2               
                   53 ┤■■■■■■■■■■■■■■■■■■■■■■■■■ 2               
   sc, target = 31 54 ┤■■■■■■■■■■■■ 1                            
                   55 ┤■■■■■■■■■■■■ 1                            
                   56 ┤ 0                                        
                   57 ┤■■■■■■■■■■■■■■■■■■■■■■■■■■■■■■■■■■■■■ 3   
                   58 ┤ 0                                        
                   59 ┤■■■■■■■■■■■■■■■■■■■■■■■■■ 2               
                      └                                        ┘ 
                                     num of slices               
[ Info: slicing branch with sc: 52.0
[ Info: cc.sc: 52.0
region size: 10
tbl0_rows:81 filtered_rows:81
QIP_gurobi_bound: solver finished in 1.429 s (time_limit=100.0 s, status=OPTIMAL)
[ Info: slice 1, lp_score: 5414.0, primal_bound: 5420.0
QIP_gurobi_bound: solver finished in 1.722 s (time_limit=100.0 s, status=OPTIMAL)
[ Info: slice 2, lp_score: 5417.0, primal_bound: 5420.0
[ Info: new_scs: Int64[]
[ Info: lp_scores: Float64[]
[ Info: current num of unfinished slices: 11, finished slices: 1
                      ┌                                        ┐ 
                   50 ┤■■■■■■■■■■■■ 1                            
                   51 ┤ 0                                        
                   52 ┤■■■■■■■■■■■■ 1                            
                   53 ┤■■■■■■■■■■■■■■■■■■■■■■■■■ 2               
   sc, target = 31 54 ┤■■■■■■■■■■■■ 1                            
                   55 ┤■■■■■■■■■■■■ 1                            
                   56 ┤ 0                                        
                   57 ┤■■■■■■■■■■■■■■■■■■■■■■■■■■■■■■■■■■■■■ 3   
                   58 ┤ 0                                        
                   59 ┤■■■■■■■■■■■■■■■■■■■■■■■■■ 2               
                      └                                        ┘ 
                                     num of slices               
[ Info: slicing branch with sc: 50.0
[ Info: cc.sc: 50.0
region size: 10
tbl0_rows:78 filtered_rows:78
QIP_gurobi_bound: solver finished in 1.678 s (time_limit=100.0 s, status=OPTIMAL)
[ Info: slice 1, lp_score: 5408.0, primal_bound: 5420.0
QIP_gurobi_bound: solver finished in 1.393 s (time_limit=100.0 s, status=OPTIMAL)
[ Info: slice 2, lp_score: 5411.0, primal_bound: 5420.0
[ Info: new_scs: Int64[]
[ Info: lp_scores: Float64[]
[ Info: current num of unfinished slices: 10, finished slices: 1
                      ┌                                        ┐ 
                   52 ┤■■■■■■■■■■■■ 1                            
                   53 ┤■■■■■■■■■■■■■■■■■■■■■■■■■ 2               
                   54 ┤■■■■■■■■■■■■ 1                            
   sc, target = 31 55 ┤■■■■■■■■■■■■ 1                            
                   56 ┤ 0                                        
                   57 ┤■■■■■■■■■■■■■■■■■■■■■■■■■■■■■■■■■■■■■ 3   
                   58 ┤ 0                                        
                   59 ┤■■■■■■■■■■■■■■■■■■■■■■■■■ 2               
                      └                                        ┘ 
                                     num of slices               
[ Info: slicing branch with sc: 52.0
[ Info: cc.sc: 52.0
region size: 10
tbl0_rows:34 filtered_rows:34
QIP_gurobi_bound: solver finished in 1.423 s (time_limit=100.0 s, status=OPTIMAL)
[ Info: slice 1, lp_score: 5415.0, primal_bound: 5420.0
QIP_gurobi_bound: solver finished in 1.427 s (time_limit=100.0 s, status=OPTIMAL)
[ Info: slice 2, lp_score: 5418.0, primal_bound: 5420.0
QIP_gurobi_bound: solver finished in 1.534 s (time_limit=100.0 s, status=OPTIMAL)
[ Info: slice 3, lp_score: 5411.0, primal_bound: 5420.0
[ Info: new_scs: Int64[]
[ Info: lp_scores: Float64[]
[ Info: current num of unfinished slices: 9, finished slices: 1
                      ┌                                        ┐ 
                   53 ┤■■■■■■■■■■■■■■■■■■■■■■■■■ 2               
                   54 ┤■■■■■■■■■■■■ 1                            
                   55 ┤■■■■■■■■■■■■ 1                            
   sc, target = 31 56 ┤ 0                                        
                   57 ┤■■■■■■■■■■■■■■■■■■■■■■■■■■■■■■■■■■■■■ 3   
                   58 ┤ 0                                        
                   59 ┤■■■■■■■■■■■■■■■■■■■■■■■■■ 2               
                      └                                        ┘ 
                                     num of slices               
[ Info: slicing branch with sc: 53.0
[ Info: cc.sc: 53.0
region size: 10
tbl0_rows:56 filtered_rows:56
QIP_gurobi_bound: solver finished in 1.395 s (time_limit=100.0 s, status=OPTIMAL)
[ Info: slice 1, lp_score: 5416.0, primal_bound: 5420.0
QIP_gurobi_bound: solver finished in 1.369 s (time_limit=100.0 s, status=OPTIMAL)
[ Info: slice 2, lp_score: 5416.0, primal_bound: 5420.0
[ Info: new_scs: Int64[]
[ Info: lp_scores: Float64[]
[ Info: current num of unfinished slices: 8, finished slices: 1
                      ┌                                        ┐ 
                   53 ┤■■■■■■■■■■■■ 1                            
                   54 ┤■■■■■■■■■■■■ 1                            
                   55 ┤■■■■■■■■■■■■ 1                            
   sc, target = 31 56 ┤ 0                                        
                   57 ┤■■■■■■■■■■■■■■■■■■■■■■■■■■■■■■■■■■■■■ 3   
                   58 ┤ 0                                        
                   59 ┤■■■■■■■■■■■■■■■■■■■■■■■■■ 2               
                      └                                        ┘ 
                                     num of slices               
[ Info: slicing branch with sc: 54.0
[ Info: cc.sc: 54.0
region size: 10
tbl0_rows:63 filtered_rows:63
QIP_gurobi_bound: solver finished in 1.369 s (time_limit=100.0 s, status=OPTIMAL)
[ Info: slice 1, lp_score: 5416.0, primal_bound: 5420.0
QIP_gurobi_bound: solver finished in 1.38 s (time_limit=100.0 s, status=OPTIMAL)
[ Info: slice 2, lp_score: 5420.0, primal_bound: 5420.0
[ Info: new_scs: [53]
[ Info: lp_scores: [5420.0]
[ Info: lp_scores: 5420.0
[ Info: current num of unfinished slices: 8, finished slices: 1
                      ┌                                        ┐ 
                   53 ┤■■■■■■■■■■■■■■■■■■■■■■■■■ 2               
                   54 ┤ 0                                        
                   55 ┤■■■■■■■■■■■■ 1                            
   sc, target = 31 56 ┤ 0                                        
                   57 ┤■■■■■■■■■■■■■■■■■■■■■■■■■■■■■■■■■■■■■ 3   
                   58 ┤ 0                                        
                   59 ┤■■■■■■■■■■■■■■■■■■■■■■■■■ 2               
                      └                                        ┘ 
                                     num of slices               
[ Info: slicing branch with sc: 53.0
[ Info: cc.sc: 53.0
region size: 10
tbl0_rows:56 filtered_rows:56
QIP_gurobi_bound: solver finished in 1.333 s (time_limit=100.0 s, status=OPTIMAL)
[ Info: slice 1, lp_score: 5418.0, primal_bound: 5420.0
QIP_gurobi_bound: solver finished in 1.42 s (time_limit=100.0 s, status=OPTIMAL)
[ Info: slice 2, lp_score: 5420.0, primal_bound: 5420.0
[ Info: new_scs: [52]
[ Info: lp_scores: [5420.0]
[ Info: lp_scores: 5420.0
[ Info: current num of unfinished slices: 8, finished slices: 1
                      ┌                                        ┐ 
                   52 ┤■■■■■■■■■■■■ 1                            
                   53 ┤■■■■■■■■■■■■ 1                            
                   54 ┤ 0                                        
   sc, target = 31 55 ┤■■■■■■■■■■■■ 1                            
                   56 ┤ 0                                        
                   57 ┤■■■■■■■■■■■■■■■■■■■■■■■■■■■■■■■■■■■■■ 3   
                   58 ┤ 0                                        
                   59 ┤■■■■■■■■■■■■■■■■■■■■■■■■■ 2               
                      └                                        ┘ 
                                     num of slices               
[ Info: slicing branch with sc: 52.0
[ Info: cc.sc: 52.0
region size: 10
tbl0_rows:34 filtered_rows:34
QIP_gurobi_bound: solver finished in 1.336 s (time_limit=100.0 s, status=OPTIMAL)
[ Info: slice 1, lp_score: 5417.0, primal_bound: 5420.0
QIP_gurobi_bound: solver finished in 1.454 s (time_limit=100.0 s, status=OPTIMAL)
[ Info: slice 2, lp_score: 5420.0, primal_bound: 5420.0
QIP_gurobi_bound: solver finished in 1.306 s (time_limit=100.0 s, status=OPTIMAL)
[ Info: slice 3, lp_score: 5411.0, primal_bound: 5420.0
[ Info: new_scs: [51]
[ Info: lp_scores: [5420.0]
[ Info: lp_scores: 5420.0
[ Info: current num of unfinished slices: 8, finished slices: 1
                      ┌                                        ┐ 
                   51 ┤■■■■■■■■■■■■ 1                            
                   52 ┤ 0                                        
                   53 ┤■■■■■■■■■■■■ 1                            
                   54 ┤ 0                                        
   sc, target = 31 55 ┤■■■■■■■■■■■■ 1                            
                   56 ┤ 0                                        
                   57 ┤■■■■■■■■■■■■■■■■■■■■■■■■■■■■■■■■■■■■■ 3   
                   58 ┤ 0                                        
                   59 ┤■■■■■■■■■■■■■■■■■■■■■■■■■ 2               
                      └                                        ┘ 
                                     num of slices               
[ Info: slicing branch with sc: 51.0
[ Info: cc.sc: 51.0
region size: 10
tbl0_rows:92 filtered_rows:92
QIP_gurobi_bound: solver finished in 1.279 s (time_limit=100.0 s, status=OPTIMAL)
[ Info: slice 1, lp_score: 5418.0, primal_bound: 5420.0
QIP_gurobi_bound: solver finished in 1.765 s (time_limit=100.0 s, status=OPTIMAL)
[ Info: slice 2, lp_score: 5420.0, primal_bound: 5420.0
[ Info: new_scs: [51]
[ Info: lp_scores: [5420.0]
[ Info: lp_scores: 5420.0
[ Info: current num of unfinished slices: 8, finished slices: 1
                      ┌                                        ┐ 
                   51 ┤■■■■■■■■■■■■ 1                            
                   52 ┤ 0                                        
                   53 ┤■■■■■■■■■■■■ 1                            
                   54 ┤ 0                                        
   sc, target = 31 55 ┤■■■■■■■■■■■■ 1                            
                   56 ┤ 0                                        
                   57 ┤■■■■■■■■■■■■■■■■■■■■■■■■■■■■■■■■■■■■■ 3   
                   58 ┤ 0                                        
                   59 ┤■■■■■■■■■■■■■■■■■■■■■■■■■ 2               
                      └                                        ┘ 
                                     num of slices               
[ Info: slicing branch with sc: 51.0
[ Info: cc.sc: 51.0
region size: 10
tbl0_rows:57 filtered_rows:57
QIP_gurobi_bound: solver finished in 1.418 s (time_limit=100.0 s, status=OPTIMAL)
[ Info: slice 1, lp_score: 5420.0, primal_bound: 5420.0
QIP_gurobi_bound: solver finished in 1.383 s (time_limit=100.0 s, status=OPTIMAL)
[ Info: slice 2, lp_score: 5418.0, primal_bound: 5420.0
[ Info: new_scs: [50]
[ Info: lp_scores: [5420.0]
[ Info: lp_scores: 5420.0
[ Info: current num of unfinished slices: 8, finished slices: 1
                      ┌                                        ┐ 
                   50 ┤■■■■■■■■■■■■ 1                            
                   51 ┤ 0                                        
                   52 ┤ 0                                        
                   53 ┤■■■■■■■■■■■■ 1                            
   sc, target = 31 54 ┤ 0                                        
                   55 ┤■■■■■■■■■■■■ 1                            
                   56 ┤ 0                                        
                   57 ┤■■■■■■■■■■■■■■■■■■■■■■■■■■■■■■■■■■■■■ 3   
                   58 ┤ 0                                        
                   59 ┤■■■■■■■■■■■■■■■■■■■■■■■■■ 2               
                      └                                        ┘ 
                                     num of slices               
[ Info: slicing branch with sc: 50.0
[ Info: cc.sc: 50.0
region size: 10
tbl0_rows:32 filtered_rows:32
QIP_gurobi_bound: solver finished in 1.694 s (time_limit=100.0 s, status=OPTIMAL)
[ Info: slice 1, lp_score: 5420.0, primal_bound: 5420.0
QIP_gurobi_bound: solver finished in 1.686 s (time_limit=100.0 s, status=OPTIMAL)
[ Info: slice 2, lp_score: 5419.0, primal_bound: 5420.0
[ Info: new_scs: [49]
[ Info: lp_scores: [5420.0]
[ Info: lp_scores: 5420.0
[ Info: current num of unfinished slices: 8, finished slices: 1
                      ┌                                        ┐ 
                   49 ┤■■■■■■■■■■■■ 1                            
                   50 ┤ 0                                        
                   51 ┤ 0                                        
                   52 ┤ 0                                        
                   53 ┤■■■■■■■■■■■■ 1                            
   sc, target = 31 54 ┤ 0                                        
                   55 ┤■■■■■■■■■■■■ 1                            
                   56 ┤ 0                                        
                   57 ┤■■■■■■■■■■■■■■■■■■■■■■■■■■■■■■■■■■■■■ 3   
                   58 ┤ 0                                        
                   59 ┤■■■■■■■■■■■■■■■■■■■■■■■■■ 2               
                      └                                        ┘ 
                                     num of slices               
[ Info: slicing branch with sc: 49.0
[ Info: cc.sc: 49.0
region size: 10
tbl0_rows:72 filtered_rows:72
QIP_gurobi_bound: solver finished in 1.425 s (time_limit=100.0 s, status=OPTIMAL)
[ Info: slice 1, lp_score: 5420.0, primal_bound: 5420.0
QIP_gurobi_bound: solver finished in 1.348 s (time_limit=100.0 s, status=OPTIMAL)
[ Info: slice 2, lp_score: 5417.0, primal_bound: 5420.0
[ Info: new_scs: [48]
[ Info: lp_scores: [5420.0]
[ Info: lp_scores: 5420.0
[ Info: current num of unfinished slices: 8, finished slices: 1
                      ┌                                        ┐ 
                   48 ┤■■■■■■■■■■■■ 1                            
                   49 ┤ 0                                        
                   50 ┤ 0                                        
                   51 ┤ 0                                        
                   52 ┤ 0                                        
   sc, target = 31 53 ┤■■■■■■■■■■■■ 1                            
                   54 ┤ 0                                        
                   55 ┤■■■■■■■■■■■■ 1                            
                   56 ┤ 0                                        
                   57 ┤■■■■■■■■■■■■■■■■■■■■■■■■■■■■■■■■■■■■■ 3   
                   58 ┤ 0                                        
                   59 ┤■■■■■■■■■■■■■■■■■■■■■■■■■ 2               
                      └                                        ┘ 
                                     num of slices               
[ Info: slicing branch with sc: 48.0
[ Info: cc.sc: 48.0
region size: 10
tbl0_rows:90 filtered_rows:90
QIP_gurobi_bound: solver finished in 1.383 s (time_limit=100.0 s, status=OPTIMAL)
[ Info: slice 1, lp_score: 5418.0, primal_bound: 5420.0
QIP_gurobi_bound: solver finished in 1.41 s (time_limit=100.0 s, status=OPTIMAL)
[ Info: slice 2, lp_score: 5420.0, primal_bound: 5420.0
[ Info: new_scs: [46]
[ Info: lp_scores: [5420.0]
[ Info: lp_scores: 5420.0
[ Info: current num of unfinished slices: 8, finished slices: 1
                      ┌                                        ┐ 
                   46 ┤■■■■■■■■■■■■ 1                            
                   47 ┤ 0                                        
                   48 ┤ 0                                        
                   49 ┤ 0                                        
                   50 ┤ 0                                        
                   51 ┤ 0                                        
   sc, target = 31 52 ┤ 0                                        
                   53 ┤■■■■■■■■■■■■ 1                            
                   54 ┤ 0                                        
                   55 ┤■■■■■■■■■■■■ 1                            
                   56 ┤ 0                                        
                   57 ┤■■■■■■■■■■■■■■■■■■■■■■■■■■■■■■■■■■■■■ 3   
                   58 ┤ 0                                        
                   59 ┤■■■■■■■■■■■■■■■■■■■■■■■■■ 2               
                      └                                        ┘ 
                                     num of slices               
[ Info: slicing branch with sc: 46.0
[ Info: cc.sc: 46.0
region size: 10
tbl0_rows:56 filtered_rows:56
QIP_gurobi_bound: solver finished in 1.359 s (time_limit=100.0 s, status=OPTIMAL)
[ Info: slice 1, lp_score: 5420.0, primal_bound: 5420.0
QIP_gurobi_bound: solver finished in 1.357 s (time_limit=100.0 s, status=OPTIMAL)
[ Info: slice 2, lp_score: 5419.0, primal_bound: 5420.0
[ Info: new_scs: [45]
[ Info: lp_scores: [5420.0]
[ Info: lp_scores: 5420.0
[ Info: current num of unfinished slices: 8, finished slices: 1
                      ┌                                        ┐ 
                   45 ┤■■■■■■■■■■■■ 1                            
                   46 ┤ 0                                        
                   47 ┤ 0                                        
                   48 ┤ 0                                        
                   49 ┤ 0                                        
                   50 ┤ 0                                        
                   51 ┤ 0                                        
   sc, target = 31 52 ┤ 0                                        
                   53 ┤■■■■■■■■■■■■ 1                            
                   54 ┤ 0                                        
                   55 ┤■■■■■■■■■■■■ 1                            
                   56 ┤ 0                                        
                   57 ┤■■■■■■■■■■■■■■■■■■■■■■■■■■■■■■■■■■■■■ 3   
                   58 ┤ 0                                        
                   59 ┤■■■■■■■■■■■■■■■■■■■■■■■■■ 2               
                      └                                        ┘ 
                                     num of slices               
[ Info: slicing branch with sc: 45.0
[ Info: cc.sc: 45.0
region size: 10
tbl0_rows:24 filtered_rows:24
QIP_gurobi_bound: solver finished in 1.777 s (time_limit=100.0 s, status=OPTIMAL)
[ Info: slice 1, lp_score: 5419.0, primal_bound: 5420.0
QIP_gurobi_bound: solver finished in 1.22 s (time_limit=100.0 s, status=OPTIMAL)
[ Info: slice 2, lp_score: 5420.0, primal_bound: 5420.0
QIP_gurobi_bound: solver finished in 1.453 s (time_limit=100.0 s, status=OPTIMAL)
[ Info: slice 3, lp_score: 5415.0, primal_bound: 5420.0
[ Info: new_scs: [42]
[ Info: lp_scores: [5420.0]
[ Info: lp_scores: 5420.0
[ Info: current num of unfinished slices: 8, finished slices: 1
                      ┌                                        ┐ 
                   42 ┤■■■■■■■■■■■■ 1                            
                   43 ┤ 0                                        
                   44 ┤ 0                                        
                   45 ┤ 0                                        
                   46 ┤ 0                                        
                   47 ┤ 0                                        
                   48 ┤ 0                                        
                   49 ┤ 0                                        
   sc, target = 31 50 ┤ 0                                        
                   51 ┤ 0                                        
                   52 ┤ 0                                        
                   53 ┤■■■■■■■■■■■■ 1                            
                   54 ┤ 0                                        
                   55 ┤■■■■■■■■■■■■ 1                            
                   56 ┤ 0                                        
                   57 ┤■■■■■■■■■■■■■■■■■■■■■■■■■■■■■■■■■■■■■ 3   
                   58 ┤ 0                                        
                   59 ┤■■■■■■■■■■■■■■■■■■■■■■■■■ 2               
                      └                                        ┘ 
                                     num of slices               
[ Info: slicing branch with sc: 42.0
[ Info: cc.sc: 42.0
region size: 10
tbl0_rows:54 filtered_rows:54
QIP_gurobi_bound: solver finished in 1.414 s (time_limit=100.0 s, status=OPTIMAL)
[ Info: slice 1, lp_score: 5420.0, primal_bound: 5420.0
QIP_gurobi_bound: solver finished in 1.897 s (time_limit=100.0 s, status=OPTIMAL)
[ Info: slice 2, lp_score: 5419.0, primal_bound: 5420.0
[ Info: new_scs: [42]
[ Info: lp_scores: [5420.0]
[ Info: lp_scores: 5420.0
[ Info: current num of unfinished slices: 8, finished slices: 1
                      ┌                                        ┐ 
                   42 ┤■■■■■■■■■■■■ 1                            
                   43 ┤ 0                                        
                   44 ┤ 0                                        
                   45 ┤ 0                                        
                   46 ┤ 0                                        
                   47 ┤ 0                                        
                   48 ┤ 0                                        
                   49 ┤ 0                                        
   sc, target = 31 50 ┤ 0                                        
                   51 ┤ 0                                        
                   52 ┤ 0                                        
                   53 ┤■■■■■■■■■■■■ 1                            
                   54 ┤ 0                                        
                   55 ┤■■■■■■■■■■■■ 1                            
                   56 ┤ 0                                        
                   57 ┤■■■■■■■■■■■■■■■■■■■■■■■■■■■■■■■■■■■■■ 3   
                   58 ┤ 0                                        
                   59 ┤■■■■■■■■■■■■■■■■■■■■■■■■■ 2               
                      └                                        ┘ 
                                     num of slices               
[ Info: slicing branch with sc: 42.0
[ Info: cc.sc: 42.0
region size: 10
tbl0_rows:69 filtered_rows:69
QIP_gurobi_bound: solver finished in 1.329 s (time_limit=100.0 s, status=OPTIMAL)
[ Info: slice 1, lp_score: 5418.0, primal_bound: 5420.0
QIP_gurobi_bound: solver finished in 1.382 s (time_limit=100.0 s, status=OPTIMAL)
[ Info: slice 2, lp_score: 5420.0, primal_bound: 5420.0
[ Info: new_scs: [41]
[ Info: lp_scores: [5420.0]
[ Info: lp_scores: 5420.0
[ Info: current num of unfinished slices: 8, finished slices: 1
                      ┌                                        ┐ 
                   41 ┤■■■■■■■■■■■■ 1                            
                   42 ┤ 0                                        
                   43 ┤ 0                                        
                   44 ┤ 0                                        
                   45 ┤ 0                                        
                   46 ┤ 0                                        
                   47 ┤ 0                                        
                   48 ┤ 0                                        
                   49 ┤ 0                                        
   sc, target = 31 50 ┤ 0                                        
                   51 ┤ 0                                        
                   52 ┤ 0                                        
                   53 ┤■■■■■■■■■■■■ 1                            
                   54 ┤ 0                                        
                   55 ┤■■■■■■■■■■■■ 1                            
                   56 ┤ 0                                        
                   57 ┤■■■■■■■■■■■■■■■■■■■■■■■■■■■■■■■■■■■■■ 3   
                   58 ┤ 0                                        
                   59 ┤■■■■■■■■■■■■■■■■■■■■■■■■■ 2               
                      └                                        ┘ 
                                     num of slices               
[ Info: slicing branch with sc: 41.0
[ Info: cc.sc: 41.0
region size: 10
tbl0_rows:61 filtered_rows:61
QIP_gurobi_bound: solver finished in 1.214 s (time_limit=100.0 s, status=OPTIMAL)
[ Info: slice 1, lp_score: 5420.0, primal_bound: 5420.0
QIP_gurobi_bound: solver finished in 1.424 s (time_limit=100.0 s, status=OPTIMAL)
[ Info: slice 2, lp_score: 5419.0, primal_bound: 5420.0
[ Info: new_scs: [40]
[ Info: lp_scores: [5420.0]
[ Info: lp_scores: 5420.0
[ Info: current num of unfinished slices: 8, finished slices: 1
                      ┌                                        ┐ 
                   40 ┤■■■■■■■■■■■■ 1                            
                   41 ┤ 0                                        
                   42 ┤ 0                                        
                   43 ┤ 0                                        
                   44 ┤ 0                                        
                   45 ┤ 0                                        
                   46 ┤ 0                                        
                   47 ┤ 0                                        
                   48 ┤ 0                                        
   sc, target = 31 49 ┤ 0                                        
                   50 ┤ 0                                        
                   51 ┤ 0                                        
                   52 ┤ 0                                        
                   53 ┤■■■■■■■■■■■■ 1                            
                   54 ┤ 0                                        
                   55 ┤■■■■■■■■■■■■ 1                            
                   56 ┤ 0                                        
                   57 ┤■■■■■■■■■■■■■■■■■■■■■■■■■■■■■■■■■■■■■ 3   
                   58 ┤ 0                                        
                   59 ┤■■■■■■■■■■■■■■■■■■■■■■■■■ 2               
                      └                                        ┘ 
                                     num of slices               
[ Info: slicing branch with sc: 40.0
[ Info: cc.sc: 40.0
region size: 10
tbl0_rows:49 filtered_rows:49
QIP_gurobi_bound: solver finished in 1.311 s (time_limit=100.0 s, status=OPTIMAL)
[ Info: slice 1, lp_score: 5420.0, primal_bound: 5420.0
QIP_gurobi_bound: solver finished in 1.402 s (time_limit=100.0 s, status=OPTIMAL)
[ Info: slice 2, lp_score: 5412.0, primal_bound: 5420.0
[ Info: new_scs: [38]
[ Info: lp_scores: [5420.0]
[ Info: lp_scores: 5420.0
[ Info: current num of unfinished slices: 8, finished slices: 1
                      ┌                                        ┐ 
                   38 ┤■■■■■■■■■■■■ 1                            
                   39 ┤ 0                                        
                   40 ┤ 0                                        
                   41 ┤ 0                                        
                   42 ┤ 0                                        
                   43 ┤ 0                                        
                   44 ┤ 0                                        
                   45 ┤ 0                                        
                   46 ┤ 0                                        
                   47 ┤ 0                                        
   sc, target = 31 48 ┤ 0                                        
                   49 ┤ 0                                        
                   50 ┤ 0                                        
                   51 ┤ 0                                        
                   52 ┤ 0                                        
                   53 ┤■■■■■■■■■■■■ 1                            
                   54 ┤ 0                                        
                   55 ┤■■■■■■■■■■■■ 1                            
                   56 ┤ 0                                        
                   57 ┤■■■■■■■■■■■■■■■■■■■■■■■■■■■■■■■■■■■■■ 3   
                   58 ┤ 0                                        
                   59 ┤■■■■■■■■■■■■■■■■■■■■■■■■■ 2               
                      └                                        ┘ 
                                     num of slices               
[ Info: slicing branch with sc: 38.0
[ Info: cc.sc: 38.0
region size: 10
tbl0_rows:51 filtered_rows:51
QIP_gurobi_bound: solver finished in 1.512 s (time_limit=100.0 s, status=OPTIMAL)
[ Info: slice 1, lp_score: 5416.0, primal_bound: 5420.0
QIP_gurobi_bound: solver finished in 1.348 s (time_limit=100.0 s, status=OPTIMAL)
[ Info: slice 2, lp_score: 5420.0, primal_bound: 5420.0
[ Info: new_scs: [38]
[ Info: lp_scores: [5420.0]
[ Info: lp_scores: 5420.0
[ Info: current num of unfinished slices: 8, finished slices: 1
                      ┌                                        ┐ 
                   38 ┤■■■■■■■■■■■■ 1                            
                   39 ┤ 0                                        
                   40 ┤ 0                                        
                   41 ┤ 0                                        
                   42 ┤ 0                                        
                   43 ┤ 0                                        
                   44 ┤ 0                                        
                   45 ┤ 0                                        
                   46 ┤ 0                                        
                   47 ┤ 0                                        
   sc, target = 31 48 ┤ 0                                        
                   49 ┤ 0                                        
                   50 ┤ 0                                        
                   51 ┤ 0                                        
                   52 ┤ 0                                        
                   53 ┤■■■■■■■■■■■■ 1                            
                   54 ┤ 0                                        
                   55 ┤■■■■■■■■■■■■ 1                            
                   56 ┤ 0                                        
                   57 ┤■■■■■■■■■■■■■■■■■■■■■■■■■■■■■■■■■■■■■ 3   
                   58 ┤ 0                                        
                   59 ┤■■■■■■■■■■■■■■■■■■■■■■■■■ 2               
                      └                                        ┘ 
                                     num of slices               
[ Info: slicing branch with sc: 38.0
[ Info: cc.sc: 38.0
region size: 10
tbl0_rows:60 filtered_rows:60
QIP_gurobi_bound: solver finished in 1.253 s (time_limit=100.0 s, status=OPTIMAL)
[ Info: slice 1, lp_score: 5417.0, primal_bound: 5420.0
QIP_gurobi_bound: solver finished in 1.281 s (time_limit=100.0 s, status=OPTIMAL)
[ Info: slice 2, lp_score: 5420.0, primal_bound: 5420.0
[ Info: new_scs: [37]
[ Info: lp_scores: [5420.0]
[ Info: lp_scores: 5420.0
[ Info: current num of unfinished slices: 8, finished slices: 1
                      ┌                                        ┐ 
                   37 ┤■■■■■■■■■■■■ 1                            
                   38 ┤ 0                                        
                   39 ┤ 0                                        
                   40 ┤ 0                                        
                   41 ┤ 0                                        
                   42 ┤ 0                                        
                   43 ┤ 0                                        
                   44 ┤ 0                                        
                   45 ┤ 0                                        
                   46 ┤ 0                                        
                   47 ┤ 0                                        
   sc, target = 31 48 ┤ 0                                        
                   49 ┤ 0                                        
                   50 ┤ 0                                        
                   51 ┤ 0                                        
                   52 ┤ 0                                        
                   53 ┤■■■■■■■■■■■■ 1                            
                   54 ┤ 0                                        
                   55 ┤■■■■■■■■■■■■ 1                            
                   56 ┤ 0                                        
                   57 ┤■■■■■■■■■■■■■■■■■■■■■■■■■■■■■■■■■■■■■ 3   
                   58 ┤ 0                                        
                   59 ┤■■■■■■■■■■■■■■■■■■■■■■■■■ 2               
                      └                                        ┘ 
                                     num of slices               
[ Info: slicing branch with sc: 37.0
[ Info: cc.sc: 37.0
region size: 10
tbl0_rows:69 filtered_rows:69
QIP_gurobi_bound: solver finished in 1.243 s (time_limit=100.0 s, status=OPTIMAL)
[ Info: slice 1, lp_score: 5420.0, primal_bound: 5420.0
QIP_gurobi_bound: solver finished in 1.298 s (time_limit=100.0 s, status=OPTIMAL)
[ Info: slice 2, lp_score: 5420.0, primal_bound: 5420.0
[ Info: new_scs: [36, 36]
[ Info: lp_scores: [5420.0, 5420.0]
[ Info: lp_scores: 5420.0
[ Info: lp_scores: 5420.0
[ Info: current num of unfinished slices: 9, finished slices: 1
                      ┌                                        ┐ 
                   36 ┤■■■■■■■■■■■■■■■■■■■■■■■■■ 2               
                   37 ┤ 0                                        
                   38 ┤ 0                                        
                   39 ┤ 0                                        
                   40 ┤ 0                                        
                   41 ┤ 0                                        
                   42 ┤ 0                                        
                   43 ┤ 0                                        
                   44 ┤ 0                                        
                   45 ┤ 0                                        
                   46 ┤ 0                                        
   sc, target = 31 47 ┤ 0                                        
                   48 ┤ 0                                        
                   49 ┤ 0                                        
                   50 ┤ 0                                        
                   51 ┤ 0                                        
                   52 ┤ 0                                        
                   53 ┤■■■■■■■■■■■■ 1                            
                   54 ┤ 0                                        
                   55 ┤■■■■■■■■■■■■ 1                            
                   56 ┤ 0                                        
                   57 ┤■■■■■■■■■■■■■■■■■■■■■■■■■■■■■■■■■■■■■ 3   
                   58 ┤ 0                                        
                   59 ┤■■■■■■■■■■■■■■■■■■■■■■■■■ 2               
                      └                                        ┘ 
                                     num of slices               
[ Info: slicing branch with sc: 36.0
[ Info: cc.sc: 36.0
region size: 10
tbl0_rows:31 filtered_rows:31
QIP_gurobi_bound: solver finished in 1.223 s (time_limit=100.0 s, status=OPTIMAL)
[ Info: slice 1, lp_score: 5420.0, primal_bound: 5420.0
QIP_gurobi_bound: solver finished in 1.231 s (time_limit=100.0 s, status=OPTIMAL)
[ Info: slice 2, lp_score: 5415.0, primal_bound: 5420.0
[ Info: new_scs: [35]
[ Info: lp_scores: [5420.0]
[ Info: lp_scores: 5420.0
[ Info: current num of unfinished slices: 9, finished slices: 1
                      ┌                                        ┐ 
                   35 ┤■■■■■■■■■■■■ 1                            
                   36 ┤■■■■■■■■■■■■ 1                            
                   37 ┤ 0                                        
                   38 ┤ 0                                        
                   39 ┤ 0                                        
                   40 ┤ 0                                        
                   41 ┤ 0                                        
                   42 ┤ 0                                        
                   43 ┤ 0                                        
                   44 ┤ 0                                        
                   45 ┤ 0                                        
                   46 ┤ 0                                        
   sc, target = 31 47 ┤ 0                                        
                   48 ┤ 0                                        
                   49 ┤ 0                                        
                   50 ┤ 0                                        
                   51 ┤ 0                                        
                   52 ┤ 0                                        
                   53 ┤■■■■■■■■■■■■ 1                            
                   54 ┤ 0                                        
                   55 ┤■■■■■■■■■■■■ 1                            
                   56 ┤ 0                                        
                   57 ┤■■■■■■■■■■■■■■■■■■■■■■■■■■■■■■■■■■■■■ 3   
                   58 ┤ 0                                        
                   59 ┤■■■■■■■■■■■■■■■■■■■■■■■■■ 2               
                      └                                        ┘ 
                                     num of slices               
[ Info: slicing branch with sc: 35.0
[ Info: cc.sc: 35.0
region size: 10
tbl0_rows:29 filtered_rows:29
QIP_gurobi_bound: solver finished in 1.324 s (time_limit=100.0 s, status=OPTIMAL)
[ Info: slice 1, lp_score: 5411.0, primal_bound: 5420.0
QIP_gurobi_bound: solver finished in 1.338 s (time_limit=100.0 s, status=OPTIMAL)
[ Info: slice 2, lp_score: 5420.0, primal_bound: 5420.0
[ Info: new_scs: [34]
[ Info: lp_scores: [5420.0]
[ Info: lp_scores: 5420.0
[ Info: current num of unfinished slices: 9, finished slices: 1
                      ┌                                        ┐ 
                   34 ┤■■■■■■■■■■■■ 1                            
                   35 ┤ 0                                        
                   36 ┤■■■■■■■■■■■■ 1                            
                   37 ┤ 0                                        
                   38 ┤ 0                                        
                   39 ┤ 0                                        
                   40 ┤ 0                                        
                   41 ┤ 0                                        
                   42 ┤ 0                                        
                   43 ┤ 0                                        
                   44 ┤ 0                                        
                   45 ┤ 0                                        
   sc, target = 31 46 ┤ 0                                        
                   47 ┤ 0                                        
                   48 ┤ 0                                        
                   49 ┤ 0                                        
                   50 ┤ 0                                        
                   51 ┤ 0                                        
                   52 ┤ 0                                        
                   53 ┤■■■■■■■■■■■■ 1                            
                   54 ┤ 0                                        
                   55 ┤■■■■■■■■■■■■ 1                            
                   56 ┤ 0                                        
                   57 ┤■■■■■■■■■■■■■■■■■■■■■■■■■■■■■■■■■■■■■ 3   
                   58 ┤ 0                                        
                   59 ┤■■■■■■■■■■■■■■■■■■■■■■■■■ 2               
                      └                                        ┘ 
                                     num of slices               
[ Info: slicing branch with sc: 34.0
[ Info: cc.sc: 34.0
region size: 10
tbl0_rows:16 filtered_rows:16
QIP_gurobi_bound: solver finished in 1.201 s (time_limit=100.0 s, status=OPTIMAL)
[ Info: slice 1, lp_score: 5420.0, primal_bound: 5420.0
[ Info: new_scs: [33]
[ Info: lp_scores: [5420.0]
[ Info: lp_scores: 5420.0
[ Info: current num of unfinished slices: 9, finished slices: 1
                      ┌                                        ┐ 
                   33 ┤■■■■■■■■■■■■ 1                            
                   34 ┤ 0                                        
                   35 ┤ 0                                        
                   36 ┤■■■■■■■■■■■■ 1                            
                   37 ┤ 0                                        
                   38 ┤ 0                                        
                   39 ┤ 0                                        
                   40 ┤ 0                                        
                   41 ┤ 0                                        
                   42 ┤ 0                                        
                   43 ┤ 0                                        
                   44 ┤ 0                                        
                   45 ┤ 0                                        
   sc, target = 31 46 ┤ 0                                        
                   47 ┤ 0                                        
                   48 ┤ 0                                        
                   49 ┤ 0                                        
                   50 ┤ 0                                        
                   51 ┤ 0                                        
                   52 ┤ 0                                        
                   53 ┤■■■■■■■■■■■■ 1                            
                   54 ┤ 0                                        
                   55 ┤■■■■■■■■■■■■ 1                            
                   56 ┤ 0                                        
                   57 ┤■■■■■■■■■■■■■■■■■■■■■■■■■■■■■■■■■■■■■ 3   
                   58 ┤ 0                                        
                   59 ┤■■■■■■■■■■■■■■■■■■■■■■■■■ 2               
                      └                                        ┘ 
                                     num of slices               
[ Info: slicing branch with sc: 33.0
[ Info: cc.sc: 33.0
region size: 10
tbl0_rows:29 filtered_rows:29
QIP_gurobi_bound: solver finished in 1.522 s (time_limit=100.0 s, status=OPTIMAL)
[ Info: slice 1, lp_score: 5420.0, primal_bound: 5420.0
QIP_gurobi_bound: solver finished in 1.411 s (time_limit=100.0 s, status=OPTIMAL)
[ Info: slice 2, lp_score: 5416.0, primal_bound: 5420.0
[ Info: new_scs: [32]
[ Info: lp_scores: [5420.0]
[ Info: lp_scores: 5420.0
[ Info: current num of unfinished slices: 9, finished slices: 1
                      ┌                                        ┐ 
                   32 ┤■■■■■■■■■■■■ 1                            
                   33 ┤ 0                                        
                   34 ┤ 0                                        
                   35 ┤ 0                                        
                   36 ┤■■■■■■■■■■■■ 1                            
                   37 ┤ 0                                        
                   38 ┤ 0                                        
                   39 ┤ 0                                        
                   40 ┤ 0                                        
                   41 ┤ 0                                        
                   42 ┤ 0                                        
                   43 ┤ 0                                        
                   44 ┤ 0                                        
   sc, target = 31 45 ┤ 0                                        
                   46 ┤ 0                                        
                   47 ┤ 0                                        
                   48 ┤ 0                                        
                   49 ┤ 0                                        
                   50 ┤ 0                                        
                   51 ┤ 0                                        
                   52 ┤ 0                                        
                   53 ┤■■■■■■■■■■■■ 1                            
                   54 ┤ 0                                        
                   55 ┤■■■■■■■■■■■■ 1                            
                   56 ┤ 0                                        
                   57 ┤■■■■■■■■■■■■■■■■■■■■■■■■■■■■■■■■■■■■■ 3   
                   58 ┤ 0                                        
                   59 ┤■■■■■■■■■■■■■■■■■■■■■■■■■ 2               
                      └                                        ┘ 
                                     num of slices               
[ Info: slicing branch with sc: 32.0
[ Info: cc.sc: 32.0
region size: 10
tbl0_rows:40 filtered_rows:40
QIP_gurobi_bound: solver finished in 1.342 s (time_limit=100.0 s, status=OPTIMAL)
[ Info: slice 1, lp_score: 5411.0, primal_bound: 5420.0
QIP_gurobi_bound: solver finished in 1.293 s (time_limit=100.0 s, status=OPTIMAL)
[ Info: slice 2, lp_score: 5420.0, primal_bound: 5420.0
QIP_gurobi_bound: solver finished in 1.295 s (time_limit=100.0 s, status=OPTIMAL)
[ Info: slice 3, lp_score: 5409.0, primal_bound: 5420.0
[ Info: new_scs: [32]
[ Info: lp_scores: [5420.0]
[ Info: lp_scores: 5420.0
[ Info: current num of unfinished slices: 9, finished slices: 1
                      ┌                                        ┐ 
                   32 ┤■■■■■■■■■■■■ 1                            
                   33 ┤ 0                                        
                   34 ┤ 0                                        
                   35 ┤ 0                                        
                   36 ┤■■■■■■■■■■■■ 1                            
                   37 ┤ 0                                        
                   38 ┤ 0                                        
                   39 ┤ 0                                        
                   40 ┤ 0                                        
                   41 ┤ 0                                        
                   42 ┤ 0                                        
                   43 ┤ 0                                        
                   44 ┤ 0                                        
   sc, target = 31 45 ┤ 0                                        
                   46 ┤ 0                                        
                   47 ┤ 0                                        
                   48 ┤ 0                                        
                   49 ┤ 0                                        
                   50 ┤ 0                                        
                   51 ┤ 0                                        
                   52 ┤ 0                                        
                   53 ┤■■■■■■■■■■■■ 1                            
                   54 ┤ 0                                        
                   55 ┤■■■■■■■■■■■■ 1                            
                   56 ┤ 0                                        
                   57 ┤■■■■■■■■■■■■■■■■■■■■■■■■■■■■■■■■■■■■■ 3   
                   58 ┤ 0                                        
                   59 ┤■■■■■■■■■■■■■■■■■■■■■■■■■ 2               
                      └                                        ┘ 
                                     num of slices               
[ Info: slicing branch with sc: 32.0
[ Info: cc.sc: 32.0
region size: 10
tbl0_rows:59 filtered_rows:59
QIP_gurobi_bound: solver finished in 1.27 s (time_limit=100.0 s, status=OPTIMAL)
[ Info: slice 1, lp_score: 5420.0, primal_bound: 5420.0
QIP_gurobi_bound: solver finished in 3.979 s (time_limit=100.0 s, status=OPTIMAL)
[ Info: slice 2, lp_score: 5415.0, primal_bound: 5420.0
[ Info: new_scs: [32]
[ Info: lp_scores: [5420.0]
[ Info: lp_scores: 5420.0
[ Info: current num of unfinished slices: 9, finished slices: 1
                      ┌                                        ┐ 
                   32 ┤■■■■■■■■■■■■ 1                            
                   33 ┤ 0                                        
                   34 ┤ 0                                        
                   35 ┤ 0                                        
                   36 ┤■■■■■■■■■■■■ 1                            
                   37 ┤ 0                                        
                   38 ┤ 0                                        
                   39 ┤ 0                                        
                   40 ┤ 0                                        
                   41 ┤ 0                                        
                   42 ┤ 0                                        
                   43 ┤ 0                                        
                   44 ┤ 0                                        
   sc, target = 31 45 ┤ 0                                        
                   46 ┤ 0                                        
                   47 ┤ 0                                        
                   48 ┤ 0                                        
                   49 ┤ 0                                        
                   50 ┤ 0                                        
                   51 ┤ 0                                        
                   52 ┤ 0                                        
                   53 ┤■■■■■■■■■■■■ 1                            
                   54 ┤ 0                                        
                   55 ┤■■■■■■■■■■■■ 1                            
                   56 ┤ 0                                        
                   57 ┤■■■■■■■■■■■■■■■■■■■■■■■■■■■■■■■■■■■■■ 3   
                   58 ┤ 0                                        
                   59 ┤■■■■■■■■■■■■■■■■■■■■■■■■■ 2               
                      └                                        ┘ 
                                     num of slices               
[ Info: slicing branch with sc: 32.0
[ Info: cc.sc: 32.0
region size: 10
tbl0_rows:33 filtered_rows:33
QIP_gurobi_bound: solver finished in 1.485 s (time_limit=100.0 s, status=OPTIMAL)
[ Info: slice 1, lp_score: 5420.0, primal_bound: 5420.0
QIP_gurobi_bound: solver finished in 1.231 s (time_limit=100.0 s, status=OPTIMAL)
[ Info: slice 2, lp_score: 5417.0, primal_bound: 5420.0
[ Info: new_scs: [31]
[ Info: lp_scores: [5420.0]
[ Info: lp_scores: 5420.0
[ Info: current num of unfinished slices: 9, finished slices: 1
                      ┌                                        ┐ 
                   31 ┤■■■■■■■■■■■■ 1                            
                   32 ┤ 0                                        
                   33 ┤ 0                                        
                   34 ┤ 0                                        
                   35 ┤ 0                                        
                   36 ┤■■■■■■■■■■■■ 1                            
                   37 ┤ 0                                        
                   38 ┤ 0                                        
                   39 ┤ 0                                        
                   40 ┤ 0                                        
                   41 ┤ 0                                        
                   42 ┤ 0                                        
                   43 ┤ 0                                        
                   44 ┤ 0                                        
   sc, target = 31 45 ┤ 0                                        
                   46 ┤ 0                                        
                   47 ┤ 0                                        
                   48 ┤ 0                                        
                   49 ┤ 0                                        
                   50 ┤ 0                                        
                   51 ┤ 0                                        
                   52 ┤ 0                                        
                   53 ┤■■■■■■■■■■■■ 1                            
                   54 ┤ 0                                        
                   55 ┤■■■■■■■■■■■■ 1                            
                   56 ┤ 0                                        
                   57 ┤■■■■■■■■■■■■■■■■■■■■■■■■■■■■■■■■■■■■■ 3   
                   58 ┤ 0                                        
                   59 ┤■■■■■■■■■■■■■■■■■■■■■■■■■ 2               
                      └                                        ┘ 
                                     num of slices               
[ Info: slicing branch with sc: 31.0
  [slice produced] sc=31.0 tc=46.42948806754429 nv=3548 ne=6922 r=46.0
QIP_value_gurobi: solver finished in 1.417 s (time_limit=604800.0 s, status=OPTIMAL)
[ Info: feasible solution: 5420.0, primal bound: 5420.0
[ Info: current num of unfinished slices: 8, finished slices: 2
                      ┌                                        ┐ 
                   36 ┤■■■■■■■■■■■■ 1                            
                   37 ┤ 0                                        
                   38 ┤ 0                                        
                   39 ┤ 0                                        
                   40 ┤ 0                                        
                   41 ┤ 0                                        
                   42 ┤ 0                                        
                   43 ┤ 0                                        
                   44 ┤ 0                                        
                   45 ┤ 0                                        
                   46 ┤ 0                                        
   sc, target = 31 47 ┤ 0                                        
                   48 ┤ 0                                        
                   49 ┤ 0                                        
                   50 ┤ 0                                        
                   51 ┤ 0                                        
                   52 ┤ 0                                        
                   53 ┤■■■■■■■■■■■■ 1                            
                   54 ┤ 0                                        
                   55 ┤■■■■■■■■■■■■ 1                            
                   56 ┤ 0                                        
                   57 ┤■■■■■■■■■■■■■■■■■■■■■■■■■■■■■■■■■■■■■ 3   
                   58 ┤ 0                                        
                   59 ┤■■■■■■■■■■■■■■■■■■■■■■■■■ 2               
                      └                                        ┘ 
                                     num of slices               
[ Info: slicing branch with sc: 36.0
[ Info: cc.sc: 36.0
region size: 10
tbl0_rows:31 filtered_rows:31
QIP_gurobi_bound: solver finished in 1.347 s (time_limit=100.0 s, status=OPTIMAL)
[ Info: slice 1, lp_score: 5415.0, primal_bound: 5420.0
QIP_gurobi_bound: solver finished in 1.325 s (time_limit=100.0 s, status=OPTIMAL)
[ Info: slice 2, lp_score: 5420.0, primal_bound: 5420.0
[ Info: new_scs: [36]
[ Info: lp_scores: [5420.0]
[ Info: lp_scores: 5420.0
[ Info: current num of unfinished slices: 8, finished slices: 2
                      ┌                                        ┐ 
                   36 ┤■■■■■■■■■■■■ 1                            
                   37 ┤ 0                                        
                   38 ┤ 0                                        
                   39 ┤ 0                                        
                   40 ┤ 0                                        
                   41 ┤ 0                                        
                   42 ┤ 0                                        
                   43 ┤ 0                                        
                   44 ┤ 0                                        
                   45 ┤ 0                                        
                   46 ┤ 0                                        
   sc, target = 31 47 ┤ 0                                        
                   48 ┤ 0                                        
                   49 ┤ 0                                        
                   50 ┤ 0                                        
                   51 ┤ 0                                        
                   52 ┤ 0                                        
                   53 ┤■■■■■■■■■■■■ 1                            
                   54 ┤ 0                                        
                   55 ┤■■■■■■■■■■■■ 1                            
                   56 ┤ 0                                        
                   57 ┤■■■■■■■■■■■■■■■■■■■■■■■■■■■■■■■■■■■■■ 3   
                   58 ┤ 0                                        
                   59 ┤■■■■■■■■■■■■■■■■■■■■■■■■■ 2               
                      └                                        ┘ 
                                     num of slices               
[ Info: slicing branch with sc: 36.0
[ Info: cc.sc: 36.0
region size: 10
tbl0_rows:29 filtered_rows:29
QIP_gurobi_bound: solver finished in 1.292 s (time_limit=100.0 s, status=OPTIMAL)
[ Info: slice 1, lp_score: 5420.0, primal_bound: 5420.0
QIP_gurobi_bound: solver finished in 1.441 s (time_limit=100.0 s, status=OPTIMAL)
[ Info: slice 2, lp_score: 5411.0, primal_bound: 5420.0
[ Info: new_scs: [34]
[ Info: lp_scores: [5420.0]
[ Info: lp_scores: 5420.0
[ Info: current num of unfinished slices: 8, finished slices: 2
                      ┌                                        ┐ 
                   34 ┤■■■■■■■■■■■■ 1                            
                   35 ┤ 0                                        
                   36 ┤ 0                                        
                   37 ┤ 0                                        
                   38 ┤ 0                                        
                   39 ┤ 0                                        
                   40 ┤ 0                                        
                   41 ┤ 0                                        
                   42 ┤ 0                                        
                   43 ┤ 0                                        
                   44 ┤ 0                                        
                   45 ┤ 0                                        
   sc, target = 31 46 ┤ 0                                        
                   47 ┤ 0                                        
                   48 ┤ 0                                        
                   49 ┤ 0                                        
                   50 ┤ 0                                        
                   51 ┤ 0                                        
                   52 ┤ 0                                        
                   53 ┤■■■■■■■■■■■■ 1                            
                   54 ┤ 0                                        
                   55 ┤■■■■■■■■■■■■ 1                            
                   56 ┤ 0                                        
                   57 ┤■■■■■■■■■■■■■■■■■■■■■■■■■■■■■■■■■■■■■ 3   
                   58 ┤ 0                                        
                   59 ┤■■■■■■■■■■■■■■■■■■■■■■■■■ 2               
                      └                                        ┘ 
                                     num of slices               
[ Info: slicing branch with sc: 34.0
[ Info: cc.sc: 34.0
region size: 10
tbl0_rows:60 filtered_rows:60
QIP_gurobi_bound: solver finished in 1.242 s (time_limit=100.0 s, status=OPTIMAL)
[ Info: slice 1, lp_score: 5418.0, primal_bound: 5420.0
QIP_gurobi_bound: solver finished in 1.211 s (time_limit=100.0 s, status=OPTIMAL)
[ Info: slice 2, lp_score: 5420.0, primal_bound: 5420.0
[ Info: new_scs: [34]
[ Info: lp_scores: [5420.0]
[ Info: lp_scores: 5420.0
[ Info: current num of unfinished slices: 8, finished slices: 2
                      ┌                                        ┐ 
                   34 ┤■■■■■■■■■■■■ 1                            
                   35 ┤ 0                                        
                   36 ┤ 0                                        
                   37 ┤ 0                                        
                   38 ┤ 0                                        
                   39 ┤ 0                                        
                   40 ┤ 0                                        
                   41 ┤ 0                                        
                   42 ┤ 0                                        
                   43 ┤ 0                                        
                   44 ┤ 0                                        
                   45 ┤ 0                                        
   sc, target = 31 46 ┤ 0                                        
                   47 ┤ 0                                        
                   48 ┤ 0                                        
                   49 ┤ 0                                        
                   50 ┤ 0                                        
                   51 ┤ 0                                        
                   52 ┤ 0                                        
                   53 ┤■■■■■■■■■■■■ 1                            
                   54 ┤ 0                                        
                   55 ┤■■■■■■■■■■■■ 1                            
                   56 ┤ 0                                        
                   57 ┤■■■■■■■■■■■■■■■■■■■■■■■■■■■■■■■■■■■■■ 3   
                   58 ┤ 0                                        
                   59 ┤■■■■■■■■■■■■■■■■■■■■■■■■■ 2               
                      └                                        ┘ 
                                     num of slices               
[ Info: slicing branch with sc: 34.0
[ Info: cc.sc: 34.0
region size: 10
tbl0_rows:22 filtered_rows:22
QIP_gurobi_bound: solver finished in 1.264 s (time_limit=100.0 s, status=OPTIMAL)
[ Info: slice 1, lp_score: 5420.0, primal_bound: 5420.0
QIP_gurobi_bound: solver finished in 1.203 s (time_limit=100.0 s, status=OPTIMAL)
[ Info: slice 2, lp_score: 5415.0, primal_bound: 5420.0
[ Info: new_scs: [33]
[ Info: lp_scores: [5420.0]
[ Info: lp_scores: 5420.0
[ Info: current num of unfinished slices: 8, finished slices: 2
                      ┌                                        ┐ 
                   33 ┤■■■■■■■■■■■■ 1                            
                   34 ┤ 0                                        
                   35 ┤ 0                                        
                   36 ┤ 0                                        
                   37 ┤ 0                                        
                   38 ┤ 0                                        
                   39 ┤ 0                                        
                   40 ┤ 0                                        
                   41 ┤ 0                                        
                   42 ┤ 0                                        
                   43 ┤ 0                                        
                   44 ┤ 0                                        
                   45 ┤ 0                                        
   sc, target = 31 46 ┤ 0                                        
                   47 ┤ 0                                        
                   48 ┤ 0                                        
                   49 ┤ 0                                        
                   50 ┤ 0                                        
                   51 ┤ 0                                        
                   52 ┤ 0                                        
                   53 ┤■■■■■■■■■■■■ 1                            
                   54 ┤ 0                                        
                   55 ┤■■■■■■■■■■■■ 1                            
                   56 ┤ 0                                        
                   57 ┤■■■■■■■■■■■■■■■■■■■■■■■■■■■■■■■■■■■■■ 3   
                   58 ┤ 0                                        
                   59 ┤■■■■■■■■■■■■■■■■■■■■■■■■■ 2               
                      └                                        ┘ 
                                     num of slices               
[ Info: slicing branch with sc: 33.0
[ Info: cc.sc: 33.0
region size: 10
tbl0_rows:30 filtered_rows:30
QIP_gurobi_bound: solver finished in 1.216 s (time_limit=100.0 s, status=OPTIMAL)
[ Info: slice 1, lp_score: 5416.0, primal_bound: 5420.0
QIP_gurobi_bound: solver finished in 1.207 s (time_limit=100.0 s, status=OPTIMAL)
[ Info: slice 2, lp_score: 5420.0, primal_bound: 5420.0
[ Info: new_scs: [32]
[ Info: lp_scores: [5420.0]
[ Info: lp_scores: 5420.0
[ Info: current num of unfinished slices: 8, finished slices: 2
                      ┌                                        ┐ 
                   32 ┤■■■■■■■■■■■■ 1                            
                   33 ┤ 0                                        
                   34 ┤ 0                                        
                   35 ┤ 0                                        
                   36 ┤ 0                                        
                   37 ┤ 0                                        
                   38 ┤ 0                                        
                   39 ┤ 0                                        
                   40 ┤ 0                                        
                   41 ┤ 0                                        
                   42 ┤ 0                                        
                   43 ┤ 0                                        
                   44 ┤ 0                                        
   sc, target = 31 45 ┤ 0                                        
                   46 ┤ 0                                        
                   47 ┤ 0                                        
                   48 ┤ 0                                        
                   49 ┤ 0                                        
                   50 ┤ 0                                        
                   51 ┤ 0                                        
                   52 ┤ 0                                        
                   53 ┤■■■■■■■■■■■■ 1                            
                   54 ┤ 0                                        
                   55 ┤■■■■■■■■■■■■ 1                            
                   56 ┤ 0                                        
                   57 ┤■■■■■■■■■■■■■■■■■■■■■■■■■■■■■■■■■■■■■ 3   
                   58 ┤ 0                                        
                   59 ┤■■■■■■■■■■■■■■■■■■■■■■■■■ 2               
                      └                                        ┘ 
                                     num of slices               
[ Info: slicing branch with sc: 32.0
[ Info: cc.sc: 32.0
region size: 10
tbl0_rows:32 filtered_rows:32
QIP_gurobi_bound: solver finished in 1.249 s (time_limit=100.0 s, status=OPTIMAL)
[ Info: slice 1, lp_score: 5420.0, primal_bound: 5420.0
QIP_gurobi_bound: solver finished in 1.277 s (time_limit=100.0 s, status=OPTIMAL)
[ Info: slice 2, lp_score: 5419.0, primal_bound: 5420.0
[ Info: new_scs: [31]
[ Info: lp_scores: [5420.0]
[ Info: lp_scores: 5420.0
[ Info: current num of unfinished slices: 8, finished slices: 2
                      ┌                                        ┐ 
                   31 ┤■■■■■■■■■■■■ 1                            
                   32 ┤ 0                                        
                   33 ┤ 0                                        
                   34 ┤ 0                                        
                   35 ┤ 0                                        
                   36 ┤ 0                                        
                   37 ┤ 0                                        
                   38 ┤ 0                                        
                   39 ┤ 0                                        
                   40 ┤ 0                                        
                   41 ┤ 0                                        
                   42 ┤ 0                                        
                   43 ┤ 0                                        
                   44 ┤ 0                                        
   sc, target = 31 45 ┤ 0                                        
                   46 ┤ 0                                        
                   47 ┤ 0                                        
                   48 ┤ 0                                        
                   49 ┤ 0                                        
                   50 ┤ 0                                        
                   51 ┤ 0                                        
                   52 ┤ 0                                        
                   53 ┤■■■■■■■■■■■■ 1                            
                   54 ┤ 0                                        
                   55 ┤■■■■■■■■■■■■ 1                            
                   56 ┤ 0                                        
                   57 ┤■■■■■■■■■■■■■■■■■■■■■■■■■■■■■■■■■■■■■ 3   
                   58 ┤ 0                                        
                   59 ┤■■■■■■■■■■■■■■■■■■■■■■■■■ 2               
                      └                                        ┘ 
                                     num of slices               
[ Info: slicing branch with sc: 31.0
  [slice produced] sc=31.0 tc=45.07113125452005 nv=3553 ne=6932 r=37.5
QIP_value_gurobi: solver finished in 1.275 s (time_limit=604800.0 s, status=OPTIMAL)
[ Info: feasible solution: 5420.0, primal bound: 5420.0
[ Info: current num of unfinished slices: 7, finished slices: 3
                      ┌                                        ┐ 
                   53 ┤■■■■■■■■■■■■ 1                            
                   54 ┤ 0                                        
                   55 ┤■■■■■■■■■■■■ 1                            
   sc, target = 31 56 ┤ 0                                        
                   57 ┤■■■■■■■■■■■■■■■■■■■■■■■■■■■■■■■■■■■■■ 3   
                   58 ┤ 0                                        
                   59 ┤■■■■■■■■■■■■■■■■■■■■■■■■■ 2               
                      └                                        ┘ 
                                     num of slices               
[ Info: slicing branch with sc: 55.0
[ Info: cc.sc: 55.0
region size: 10
tbl0_rows:62 filtered_rows:62
QIP_gurobi_bound: solver finished in 1.257 s (time_limit=100.0 s, status=OPTIMAL)
[ Info: slice 1, lp_score: 5419.0, primal_bound: 5420.0
QIP_gurobi_bound: solver finished in 1.362 s (time_limit=100.0 s, status=OPTIMAL)
[ Info: slice 2, lp_score: 5419.0, primal_bound: 5420.0
[ Info: new_scs: Int64[]
[ Info: lp_scores: Float64[]
[ Info: current num of unfinished slices: 6, finished slices: 3
                      ┌                                        ┐ 
                   53 ┤■■■■■■■■■■■■ 1                            
                   54 ┤ 0                                        
                   55 ┤ 0                                        
   sc, target = 31 56 ┤ 0                                        
                   57 ┤■■■■■■■■■■■■■■■■■■■■■■■■■■■■■■■■■■■■■ 3   
                   58 ┤ 0                                        
                   59 ┤■■■■■■■■■■■■■■■■■■■■■■■■■ 2               
                      └                                        ┘ 
                                     num of slices               
[ Info: slicing branch with sc: 53.0
[ Info: cc.sc: 53.0
region size: 10
tbl0_rows:62 filtered_rows:62
QIP_gurobi_bound: solver finished in 1.4 s (time_limit=100.0 s, status=OPTIMAL)
[ Info: slice 1, lp_score: 5418.0, primal_bound: 5420.0
QIP_gurobi_bound: solver finished in 1.313 s (time_limit=100.0 s, status=OPTIMAL)
[ Info: slice 2, lp_score: 5418.0, primal_bound: 5420.0
[ Info: new_scs: Int64[]
[ Info: lp_scores: Float64[]
[ Info: current num of unfinished slices: 5, finished slices: 3
                      ┌                                        ┐ 
                   57 ┤■■■■■■■■■■■■■■■■■■■■■■■■■■■■■■■■■■■■■ 3   
   sc, target = 31 58 ┤ 0                                        
                   59 ┤■■■■■■■■■■■■■■■■■■■■■■■■■ 2               
                      └                                        ┘ 
                                     num of slices               
[ Info: slicing branch with sc: 57.0
[ Info: cc.sc: 57.0
region size: 10
tbl0_rows:97 filtered_rows:97
QIP_gurobi_bound: solver finished in 1.367 s (time_limit=100.0 s, status=OPTIMAL)
[ Info: slice 1, lp_score: 5419.0, primal_bound: 5420.0
QIP_gurobi_bound: solver finished in 1.461 s (time_limit=100.0 s, status=OPTIMAL)
[ Info: slice 2, lp_score: 5418.0, primal_bound: 5420.0
QIP_gurobi_bound: solver finished in 1.336 s (time_limit=100.0 s, status=OPTIMAL)
[ Info: slice 3, lp_score: 5417.0, primal_bound: 5420.0
QIP_gurobi_bound: solver finished in 1.783 s (time_limit=100.0 s, status=OPTIMAL)
[ Info: slice 4, lp_score: 5410.0, primal_bound: 5420.0
QIP_gurobi_bound: solver finished in 1.371 s (time_limit=100.0 s, status=OPTIMAL)
[ Info: slice 5, lp_score: 5411.0, primal_bound: 5420.0
[ Info: new_scs: Int64[]
[ Info: lp_scores: Float64[]
[ Info: current num of unfinished slices: 4, finished slices: 3
                      ┌                                        ┐ 
                   57 ┤■■■■■■■■■■■■■■■■■■■■■■■■■■■■■■■■■■■■■ 2   
   sc, target = 31 58 ┤ 0                                        
                   59 ┤■■■■■■■■■■■■■■■■■■■■■■■■■■■■■■■■■■■■■ 2   
                      └                                        ┘ 
                                     num of slices               
[ Info: slicing branch with sc: 59.0
[ Info: cc.sc: 59.0
region size: 10
tbl0_rows:72 filtered_rows:72
QIP_gurobi_bound: solver finished in 1.365 s (time_limit=100.0 s, status=OPTIMAL)
[ Info: slice 1, lp_score: 5419.0, primal_bound: 5420.0
QIP_gurobi_bound: solver finished in 4.905 s (time_limit=100.0 s, status=OPTIMAL)
[ Info: slice 2, lp_score: 5420.0, primal_bound: 5420.0
[ Info: new_scs: [59]
[ Info: lp_scores: [5420.0]
[ Info: lp_scores: 5420.0
[ Info: current num of unfinished slices: 4, finished slices: 3
                      ┌                                        ┐ 
                   57 ┤■■■■■■■■■■■■■■■■■■■■■■■■■■■■■■■■■■■■■ 2   
   sc, target = 31 58 ┤ 0                                        
                   59 ┤■■■■■■■■■■■■■■■■■■■■■■■■■■■■■■■■■■■■■ 2   
                      └                                        ┘ 
                                     num of slices               
[ Info: slicing branch with sc: 59.0
[ Info: cc.sc: 59.0
region size: 10
tbl0_rows:85 filtered_rows:85
QIP_gurobi_bound: solver finished in 1.53 s (time_limit=100.0 s, status=OPTIMAL)
[ Info: slice 1, lp_score: 5415.0, primal_bound: 5420.0
QIP_gurobi_bound: solver finished in 1.371 s (time_limit=100.0 s, status=OPTIMAL)
[ Info: slice 2, lp_score: 5418.0, primal_bound: 5420.0
QIP_gurobi_bound: solver finished in 1.263 s (time_limit=100.0 s, status=OPTIMAL)
[ Info: slice 3, lp_score: 5420.0, primal_bound: 5420.0
QIP_gurobi_bound: solver finished in 1.451 s (time_limit=100.0 s, status=OPTIMAL)
[ Info: slice 4, lp_score: 5419.0, primal_bound: 5420.0
[ Info: new_scs: [57]
[ Info: lp_scores: [5420.0]
[ Info: lp_scores: 5420.0
[ Info: current num of unfinished slices: 4, finished slices: 3
                      ┌                                        ┐ 
                   57 ┤■■■■■■■■■■■■■■■■■■■■■■■■■■■■■■■■■■■■■ 3   
   sc, target = 31 58 ┤ 0                                        
                   59 ┤■■■■■■■■■■■■ 1                            
                      └                                        ┘ 
                                     num of slices               
[ Info: slicing branch with sc: 57.0
[ Info: cc.sc: 57.0
region size: 10
tbl0_rows:62 filtered_rows:62
QIP_gurobi_bound: solver finished in 1.405 s (time_limit=100.0 s, status=OPTIMAL)
[ Info: slice 1, lp_score: 5420.0, primal_bound: 5420.0
QIP_gurobi_bound: solver finished in 1.488 s (time_limit=100.0 s, status=OPTIMAL)
[ Info: slice 2, lp_score: 5417.0, primal_bound: 5420.0
[ Info: new_scs: [55]
[ Info: lp_scores: [5420.0]
[ Info: lp_scores: 5420.0
[ Info: current num of unfinished slices: 4, finished slices: 3
                      ┌                                        ┐ 
                   55 ┤■■■■■■■■■■■■■■■■■■■ 1                     
                   56 ┤ 0                                        
   sc, target = 31 57 ┤■■■■■■■■■■■■■■■■■■■■■■■■■■■■■■■■■■■■■ 2   
                   58 ┤ 0                                        
                   59 ┤■■■■■■■■■■■■■■■■■■■ 1                     
                      └                                        ┘ 
                                     num of slices               
[ Info: slicing branch with sc: 55.0
[ Info: cc.sc: 55.0
region size: 10
tbl0_rows:61 filtered_rows:61
QIP_gurobi_bound: solver finished in 1.299 s (time_limit=100.0 s, status=OPTIMAL)
[ Info: slice 1, lp_score: 5416.0, primal_bound: 5420.0
QIP_gurobi_bound: solver finished in 1.396 s (time_limit=100.0 s, status=OPTIMAL)
[ Info: slice 2, lp_score: 5420.0, primal_bound: 5420.0
[ Info: new_scs: [54]
[ Info: lp_scores: [5420.0]
[ Info: lp_scores: 5420.0
[ Info: current num of unfinished slices: 4, finished slices: 3
                      ┌                                        ┐ 
                   54 ┤■■■■■■■■■■■■■■■■■■■ 1                     
                   55 ┤ 0                                        
   sc, target = 31 56 ┤ 0                                        
                   57 ┤■■■■■■■■■■■■■■■■■■■■■■■■■■■■■■■■■■■■■ 2   
                   58 ┤ 0                                        
                   59 ┤■■■■■■■■■■■■■■■■■■■ 1                     
                      └                                        ┘ 
                                     num of slices               
[ Info: slicing branch with sc: 54.0
[ Info: cc.sc: 54.0
region size: 10
tbl0_rows:37 filtered_rows:37
QIP_gurobi_bound: solver finished in 3.915 s (time_limit=100.0 s, status=OPTIMAL)
[ Info: slice 1, lp_score: 5419.0, primal_bound: 5420.0
QIP_gurobi_bound: solver finished in 1.324 s (time_limit=100.0 s, status=OPTIMAL)
[ Info: slice 2, lp_score: 5420.0, primal_bound: 5420.0
[ Info: new_scs: [52]
[ Info: lp_scores: [5420.0]
[ Info: lp_scores: 5420.0
[ Info: current num of unfinished slices: 4, finished slices: 3
                      ┌                                        ┐ 
                   52 ┤■■■■■■■■■■■■■■■■■■■ 1                     
                   53 ┤ 0                                        
                   54 ┤ 0                                        
   sc, target = 31 55 ┤ 0                                        
                   56 ┤ 0                                        
                   57 ┤■■■■■■■■■■■■■■■■■■■■■■■■■■■■■■■■■■■■■ 2   
                   58 ┤ 0                                        
                   59 ┤■■■■■■■■■■■■■■■■■■■ 1                     
                      └                                        ┘ 
                                     num of slices               
[ Info: slicing branch with sc: 52.0
[ Info: cc.sc: 52.0
region size: 10
tbl0_rows:34 filtered_rows:34
QIP_gurobi_bound: solver finished in 1.382 s (time_limit=100.0 s, status=OPTIMAL)
[ Info: slice 1, lp_score: 5411.0, primal_bound: 5420.0
QIP_gurobi_bound: solver finished in 1.421 s (time_limit=100.0 s, status=OPTIMAL)
[ Info: slice 2, lp_score: 5417.0, primal_bound: 5420.0
QIP_gurobi_bound: solver finished in 1.55 s (time_limit=100.0 s, status=OPTIMAL)
[ Info: slice 3, lp_score: 5420.0, primal_bound: 5420.0
[ Info: new_scs: [50]
[ Info: lp_scores: [5420.0]
[ Info: lp_scores: 5420.0
[ Info: current num of unfinished slices: 4, finished slices: 3
                      ┌                                        ┐ 
                   50 ┤■■■■■■■■■■■■■■■■■■■ 1                     
                   51 ┤ 0                                        
                   52 ┤ 0                                        
                   53 ┤ 0                                        
   sc, target = 31 54 ┤ 0                                        
                   55 ┤ 0                                        
                   56 ┤ 0                                        
                   57 ┤■■■■■■■■■■■■■■■■■■■■■■■■■■■■■■■■■■■■■ 2   
                   58 ┤ 0                                        
                   59 ┤■■■■■■■■■■■■■■■■■■■ 1                     
                      └                                        ┘ 
                                     num of slices               
[ Info: slicing branch with sc: 50.0
[ Info: cc.sc: 50.0
region size: 10
tbl0_rows:92 filtered_rows:92
QIP_gurobi_bound: solver finished in 1.392 s (time_limit=100.0 s, status=OPTIMAL)
[ Info: slice 1, lp_score: 5418.0, primal_bound: 5420.0
QIP_gurobi_bound: solver finished in 5.008 s (time_limit=100.0 s, status=OPTIMAL)
[ Info: slice 2, lp_score: 5420.0, primal_bound: 5420.0
[ Info: new_scs: [48]
[ Info: lp_scores: [5420.0]
[ Info: lp_scores: 5420.0
[ Info: current num of unfinished slices: 4, finished slices: 3
                      ┌                                        ┐ 
                   48 ┤■■■■■■■■■■■■■■■■■■■ 1                     
                   49 ┤ 0                                        
                   50 ┤ 0                                        
                   51 ┤ 0                                        
                   52 ┤ 0                                        
   sc, target = 31 53 ┤ 0                                        
                   54 ┤ 0                                        
                   55 ┤ 0                                        
                   56 ┤ 0                                        
                   57 ┤■■■■■■■■■■■■■■■■■■■■■■■■■■■■■■■■■■■■■ 2   
                   58 ┤ 0                                        
                   59 ┤■■■■■■■■■■■■■■■■■■■ 1                     
                      └                                        ┘ 
                                     num of slices               
[ Info: slicing branch with sc: 48.0
[ Info: cc.sc: 48.0
region size: 10
tbl0_rows:56 filtered_rows:56
QIP_gurobi_bound: solver finished in 1.36 s (time_limit=100.0 s, status=OPTIMAL)
[ Info: slice 1, lp_score: 5420.0, primal_bound: 5420.0
QIP_gurobi_bound: solver finished in 1.393 s (time_limit=100.0 s, status=OPTIMAL)
[ Info: slice 2, lp_score: 5419.0, primal_bound: 5420.0
[ Info: new_scs: [48]
[ Info: lp_scores: [5420.0]
[ Info: lp_scores: 5420.0
[ Info: current num of unfinished slices: 4, finished slices: 3
                      ┌                                        ┐ 
                   48 ┤■■■■■■■■■■■■■■■■■■■ 1                     
                   49 ┤ 0                                        
                   50 ┤ 0                                        
                   51 ┤ 0                                        
                   52 ┤ 0                                        
   sc, target = 31 53 ┤ 0                                        
                   54 ┤ 0                                        
                   55 ┤ 0                                        
                   56 ┤ 0                                        
                   57 ┤■■■■■■■■■■■■■■■■■■■■■■■■■■■■■■■■■■■■■ 2   
                   58 ┤ 0                                        
                   59 ┤■■■■■■■■■■■■■■■■■■■ 1                     
                      └                                        ┘ 
                                     num of slices               
[ Info: slicing branch with sc: 48.0
[ Info: cc.sc: 48.0
region size: 10
tbl0_rows:75 filtered_rows:75
QIP_gurobi_bound: solver finished in 1.518 s (time_limit=100.0 s, status=OPTIMAL)
[ Info: slice 1, lp_score: 5418.0, primal_bound: 5420.0
QIP_gurobi_bound: solver finished in 1.336 s (time_limit=100.0 s, status=OPTIMAL)
[ Info: slice 2, lp_score: 5420.0, primal_bound: 5420.0
[ Info: new_scs: [46]
[ Info: lp_scores: [5420.0]
[ Info: lp_scores: 5420.0
[ Info: current num of unfinished slices: 4, finished slices: 3
                      ┌                                        ┐ 
                   46 ┤■■■■■■■■■■■■■■■■■■■ 1                     
                   47 ┤ 0                                        
                   48 ┤ 0                                        
                   49 ┤ 0                                        
                   50 ┤ 0                                        
                   51 ┤ 0                                        
   sc, target = 31 52 ┤ 0                                        
                   53 ┤ 0                                        
                   54 ┤ 0                                        
                   55 ┤ 0                                        
                   56 ┤ 0                                        
                   57 ┤■■■■■■■■■■■■■■■■■■■■■■■■■■■■■■■■■■■■■ 2   
                   58 ┤ 0                                        
                   59 ┤■■■■■■■■■■■■■■■■■■■ 1                     
                      └                                        ┘ 
                                     num of slices               
[ Info: slicing branch with sc: 46.0
[ Info: cc.sc: 46.0
region size: 10
tbl0_rows:60 filtered_rows:60
QIP_gurobi_bound: solver finished in 1.304 s (time_limit=100.0 s, status=OPTIMAL)
[ Info: slice 1, lp_score: 5417.0, primal_bound: 5420.0
QIP_gurobi_bound: solver finished in 1.419 s (time_limit=100.0 s, status=OPTIMAL)
[ Info: slice 2, lp_score: 5420.0, primal_bound: 5420.0
[ Info: new_scs: [45]
[ Info: lp_scores: [5420.0]
[ Info: lp_scores: 5420.0
[ Info: current num of unfinished slices: 4, finished slices: 3
                      ┌                                        ┐ 
                   45 ┤■■■■■■■■■■■■■■■■■■■ 1                     
                   46 ┤ 0                                        
                   47 ┤ 0                                        
                   48 ┤ 0                                        
                   49 ┤ 0                                        
                   50 ┤ 0                                        
                   51 ┤ 0                                        
   sc, target = 31 52 ┤ 0                                        
                   53 ┤ 0                                        
                   54 ┤ 0                                        
                   55 ┤ 0                                        
                   56 ┤ 0                                        
                   57 ┤■■■■■■■■■■■■■■■■■■■■■■■■■■■■■■■■■■■■■ 2   
                   58 ┤ 0                                        
                   59 ┤■■■■■■■■■■■■■■■■■■■ 1                     
                      └                                        ┘ 
                                     num of slices               
[ Info: slicing branch with sc: 45.0
[ Info: cc.sc: 45.0
region size: 10
tbl0_rows:44 filtered_rows:44
QIP_gurobi_bound: solver finished in 4.606 s (time_limit=100.0 s, status=OPTIMAL)
[ Info: slice 1, lp_score: 5420.0, primal_bound: 5420.0
QIP_gurobi_bound: solver finished in 1.377 s (time_limit=100.0 s, status=OPTIMAL)
[ Info: slice 2, lp_score: 5415.0, primal_bound: 5420.0
[ Info: new_scs: [44]
[ Info: lp_scores: [5420.0]
[ Info: lp_scores: 5420.0
[ Info: current num of unfinished slices: 4, finished slices: 3
                      ┌                                        ┐ 
                   44 ┤■■■■■■■■■■■■■■■■■■■ 1                     
                   45 ┤ 0                                        
                   46 ┤ 0                                        
                   47 ┤ 0                                        
                   48 ┤ 0                                        
                   49 ┤ 0                                        
                   50 ┤ 0                                        
   sc, target = 31 51 ┤ 0                                        
                   52 ┤ 0                                        
                   53 ┤ 0                                        
                   54 ┤ 0                                        
                   55 ┤ 0                                        
                   56 ┤ 0                                        
                   57 ┤■■■■■■■■■■■■■■■■■■■■■■■■■■■■■■■■■■■■■ 2   
                   58 ┤ 0                                        
                   59 ┤■■■■■■■■■■■■■■■■■■■ 1                     
                      └                                        ┘ 
                                     num of slices               
[ Info: slicing branch with sc: 44.0
[ Info: cc.sc: 44.0
region size: 10
tbl0_rows:42 filtered_rows:42
QIP_gurobi_bound: solver finished in 1.334 s (time_limit=100.0 s, status=OPTIMAL)
[ Info: slice 1, lp_score: 5418.0, primal_bound: 5420.0
QIP_gurobi_bound: solver finished in 1.34 s (time_limit=100.0 s, status=OPTIMAL)
[ Info: slice 2, lp_score: 5420.0, primal_bound: 5420.0
[ Info: new_scs: [44]
[ Info: lp_scores: [5420.0]
[ Info: lp_scores: 5420.0
[ Info: current num of unfinished slices: 4, finished slices: 3
                      ┌                                        ┐ 
                   44 ┤■■■■■■■■■■■■■■■■■■■ 1                     
                   45 ┤ 0                                        
                   46 ┤ 0                                        
                   47 ┤ 0                                        
                   48 ┤ 0                                        
                   49 ┤ 0                                        
                   50 ┤ 0                                        
   sc, target = 31 51 ┤ 0                                        
                   52 ┤ 0                                        
                   53 ┤ 0                                        
                   54 ┤ 0                                        
                   55 ┤ 0                                        
                   56 ┤ 0                                        
                   57 ┤■■■■■■■■■■■■■■■■■■■■■■■■■■■■■■■■■■■■■ 2   
                   58 ┤ 0                                        
                   59 ┤■■■■■■■■■■■■■■■■■■■ 1                     
                      └                                        ┘ 
                                     num of slices               
[ Info: slicing branch with sc: 44.0
[ Info: cc.sc: 44.0
region size: 10
tbl0_rows:30 filtered_rows:30
QIP_gurobi_bound: solver finished in 1.266 s (time_limit=100.0 s, status=OPTIMAL)
[ Info: slice 1, lp_score: 5420.0, primal_bound: 5420.0
QIP_gurobi_bound: solver finished in 1.396 s (time_limit=100.0 s, status=OPTIMAL)
[ Info: slice 2, lp_score: 5416.0, primal_bound: 5420.0
[ Info: new_scs: [41]
[ Info: lp_scores: [5420.0]
[ Info: lp_scores: 5420.0
[ Info: current num of unfinished slices: 4, finished slices: 3
                      ┌                                        ┐ 
                   41 ┤■■■■■■■■■■■■■■■■■■■ 1                     
                   42 ┤ 0                                        
                   43 ┤ 0                                        
                   44 ┤ 0                                        
                   45 ┤ 0                                        
                   46 ┤ 0                                        
                   47 ┤ 0                                        
                   48 ┤ 0                                        
                   49 ┤ 0                                        
   sc, target = 31 50 ┤ 0                                        
                   51 ┤ 0                                        
                   52 ┤ 0                                        
                   53 ┤ 0                                        
                   54 ┤ 0                                        
                   55 ┤ 0                                        
                   56 ┤ 0                                        
                   57 ┤■■■■■■■■■■■■■■■■■■■■■■■■■■■■■■■■■■■■■ 2   
                   58 ┤ 0                                        
                   59 ┤■■■■■■■■■■■■■■■■■■■ 1                     
                      └                                        ┘ 
                                     num of slices               
[ Info: slicing branch with sc: 41.0
[ Info: cc.sc: 41.0
region size: 10
tbl0_rows:40 filtered_rows:40
QIP_gurobi_bound: solver finished in 1.372 s (time_limit=100.0 s, status=OPTIMAL)
[ Info: slice 1, lp_score: 5415.0, primal_bound: 5420.0
QIP_gurobi_bound: solver finished in 1.31 s (time_limit=100.0 s, status=OPTIMAL)
[ Info: slice 2, lp_score: 5420.0, primal_bound: 5420.0
[ Info: new_scs: [41]
[ Info: lp_scores: [5420.0]
[ Info: lp_scores: 5420.0
[ Info: current num of unfinished slices: 4, finished slices: 3
                      ┌                                        ┐ 
                   41 ┤■■■■■■■■■■■■■■■■■■■ 1                     
                   42 ┤ 0                                        
                   43 ┤ 0                                        
                   44 ┤ 0                                        
                   45 ┤ 0                                        
                   46 ┤ 0                                        
                   47 ┤ 0                                        
                   48 ┤ 0                                        
                   49 ┤ 0                                        
   sc, target = 31 50 ┤ 0                                        
                   51 ┤ 0                                        
                   52 ┤ 0                                        
                   53 ┤ 0                                        
                   54 ┤ 0                                        
                   55 ┤ 0                                        
                   56 ┤ 0                                        
                   57 ┤■■■■■■■■■■■■■■■■■■■■■■■■■■■■■■■■■■■■■ 2   
                   58 ┤ 0                                        
                   59 ┤■■■■■■■■■■■■■■■■■■■ 1                     
                      └                                        ┘ 
                                     num of slices               
[ Info: slicing branch with sc: 41.0
[ Info: cc.sc: 41.0
region size: 10
tbl0_rows:8 filtered_rows:8
QIP_gurobi_bound: solver finished in 1.373 s (time_limit=100.0 s, status=OPTIMAL)
[ Info: slice 1, lp_score: 5420.0, primal_bound: 5420.0
[ Info: new_scs: [40]
[ Info: lp_scores: [5420.0]
[ Info: lp_scores: 5420.0
[ Info: current num of unfinished slices: 4, finished slices: 3
                      ┌                                        ┐ 
                   40 ┤■■■■■■■■■■■■■■■■■■■ 1                     
                   41 ┤ 0                                        
                   42 ┤ 0                                        
                   43 ┤ 0                                        
                   44 ┤ 0                                        
                   45 ┤ 0                                        
                   46 ┤ 0                                        
                   47 ┤ 0                                        
                   48 ┤ 0                                        
   sc, target = 31 49 ┤ 0                                        
                   50 ┤ 0                                        
                   51 ┤ 0                                        
                   52 ┤ 0                                        
                   53 ┤ 0                                        
                   54 ┤ 0                                        
                   55 ┤ 0                                        
                   56 ┤ 0                                        
                   57 ┤■■■■■■■■■■■■■■■■■■■■■■■■■■■■■■■■■■■■■ 2   
                   58 ┤ 0                                        
                   59 ┤■■■■■■■■■■■■■■■■■■■ 1                     
                      └                                        ┘ 
                                     num of slices               
[ Info: slicing branch with sc: 40.0
[ Info: cc.sc: 40.0
region size: 10
tbl0_rows:39 filtered_rows:39
QIP_gurobi_bound: solver finished in 1.433 s (time_limit=100.0 s, status=OPTIMAL)
[ Info: slice 1, lp_score: 5419.0, primal_bound: 5420.0
QIP_gurobi_bound: solver finished in 1.366 s (time_limit=100.0 s, status=OPTIMAL)
[ Info: slice 2, lp_score: 5420.0, primal_bound: 5420.0
[ Info: new_scs: [39]
[ Info: lp_scores: [5420.0]
[ Info: lp_scores: 5420.0
[ Info: current num of unfinished slices: 4, finished slices: 3
                      ┌                                        ┐ 
                   39 ┤■■■■■■■■■■■■■■■■■■■ 1                     
                   40 ┤ 0                                        
                   41 ┤ 0                                        
                   42 ┤ 0                                        
                   43 ┤ 0                                        
                   44 ┤ 0                                        
                   45 ┤ 0                                        
                   46 ┤ 0                                        
                   47 ┤ 0                                        
                   48 ┤ 0                                        
   sc, target = 31 49 ┤ 0                                        
                   50 ┤ 0                                        
                   51 ┤ 0                                        
                   52 ┤ 0                                        
                   53 ┤ 0                                        
                   54 ┤ 0                                        
                   55 ┤ 0                                        
                   56 ┤ 0                                        
                   57 ┤■■■■■■■■■■■■■■■■■■■■■■■■■■■■■■■■■■■■■ 2   
                   58 ┤ 0                                        
                   59 ┤■■■■■■■■■■■■■■■■■■■ 1                     
                      └                                        ┘ 
                                     num of slices               
[ Info: slicing branch with sc: 39.0
[ Info: cc.sc: 39.0
region size: 10
tbl0_rows:36 filtered_rows:36
QIP_gurobi_bound: solver finished in 1.264 s (time_limit=100.0 s, status=OPTIMAL)
[ Info: slice 1, lp_score: 5420.0, primal_bound: 5420.0
QIP_gurobi_bound: solver finished in 1.304 s (time_limit=100.0 s, status=OPTIMAL)
[ Info: slice 2, lp_score: 5419.0, primal_bound: 5420.0
[ Info: new_scs: [39]
[ Info: lp_scores: [5420.0]
[ Info: lp_scores: 5420.0
[ Info: current num of unfinished slices: 4, finished slices: 3
                      ┌                                        ┐ 
                   39 ┤■■■■■■■■■■■■■■■■■■■ 1                     
                   40 ┤ 0                                        
                   41 ┤ 0                                        
                   42 ┤ 0                                        
                   43 ┤ 0                                        
                   44 ┤ 0                                        
                   45 ┤ 0                                        
                   46 ┤ 0                                        
                   47 ┤ 0                                        
                   48 ┤ 0                                        
   sc, target = 31 49 ┤ 0                                        
                   50 ┤ 0                                        
                   51 ┤ 0                                        
                   52 ┤ 0                                        
                   53 ┤ 0                                        
                   54 ┤ 0                                        
                   55 ┤ 0                                        
                   56 ┤ 0                                        
                   57 ┤■■■■■■■■■■■■■■■■■■■■■■■■■■■■■■■■■■■■■ 2   
                   58 ┤ 0                                        
                   59 ┤■■■■■■■■■■■■■■■■■■■ 1                     
                      └                                        ┘ 
                                     num of slices               
[ Info: slicing branch with sc: 39.0
[ Info: cc.sc: 39.0
region size: 10
tbl0_rows:25 filtered_rows:25
QIP_gurobi_bound: solver finished in 1.396 s (time_limit=100.0 s, status=OPTIMAL)
[ Info: slice 1, lp_score: 5420.0, primal_bound: 5420.0
QIP_gurobi_bound: solver finished in 1.389 s (time_limit=100.0 s, status=OPTIMAL)
[ Info: slice 2, lp_score: 5419.0, primal_bound: 5420.0
[ Info: new_scs: [37]
[ Info: lp_scores: [5420.0]
[ Info: lp_scores: 5420.0
[ Info: current num of unfinished slices: 4, finished slices: 3
                      ┌                                        ┐ 
                   37 ┤■■■■■■■■■■■■■■■■■■■ 1                     
                   38 ┤ 0                                        
                   39 ┤ 0                                        
                   40 ┤ 0                                        
                   41 ┤ 0                                        
                   42 ┤ 0                                        
                   43 ┤ 0                                        
                   44 ┤ 0                                        
                   45 ┤ 0                                        
                   46 ┤ 0                                        
                   47 ┤ 0                                        
   sc, target = 31 48 ┤ 0                                        
                   49 ┤ 0                                        
                   50 ┤ 0                                        
                   51 ┤ 0                                        
                   52 ┤ 0                                        
                   53 ┤ 0                                        
                   54 ┤ 0                                        
                   55 ┤ 0                                        
                   56 ┤ 0                                        
                   57 ┤■■■■■■■■■■■■■■■■■■■■■■■■■■■■■■■■■■■■■ 2   
                   58 ┤ 0                                        
                   59 ┤■■■■■■■■■■■■■■■■■■■ 1                     
                      └                                        ┘ 
                                     num of slices               
[ Info: slicing branch with sc: 37.0
[ Info: cc.sc: 37.0
region size: 10
tbl0_rows:68 filtered_rows:68
QIP_gurobi_bound: solver finished in 1.353 s (time_limit=100.0 s, status=OPTIMAL)
[ Info: slice 1, lp_score: 5420.0, primal_bound: 5420.0
QIP_gurobi_bound: solver finished in 1.408 s (time_limit=100.0 s, status=OPTIMAL)
[ Info: slice 2, lp_score: 5413.0, primal_bound: 5420.0
[ Info: new_scs: [37]
[ Info: lp_scores: [5420.0]
[ Info: lp_scores: 5420.0
[ Info: current num of unfinished slices: 4, finished slices: 3
                      ┌                                        ┐ 
                   37 ┤■■■■■■■■■■■■■■■■■■■ 1                     
                   38 ┤ 0                                        
                   39 ┤ 0                                        
                   40 ┤ 0                                        
                   41 ┤ 0                                        
                   42 ┤ 0                                        
                   43 ┤ 0                                        
                   44 ┤ 0                                        
                   45 ┤ 0                                        
                   46 ┤ 0                                        
                   47 ┤ 0                                        
   sc, target = 31 48 ┤ 0                                        
                   49 ┤ 0                                        
                   50 ┤ 0                                        
                   51 ┤ 0                                        
                   52 ┤ 0                                        
                   53 ┤ 0                                        
                   54 ┤ 0                                        
                   55 ┤ 0                                        
                   56 ┤ 0                                        
                   57 ┤■■■■■■■■■■■■■■■■■■■■■■■■■■■■■■■■■■■■■ 2   
                   58 ┤ 0                                        
                   59 ┤■■■■■■■■■■■■■■■■■■■ 1                     
                      └                                        ┘ 
                                     num of slices               
[ Info: slicing branch with sc: 37.0
[ Info: cc.sc: 37.0
region size: 10
tbl0_rows:7 filtered_rows:7
QIP_gurobi_bound: solver finished in 1.646 s (time_limit=100.0 s, status=OPTIMAL)
[ Info: slice 1, lp_score: 5420.0, primal_bound: 5420.0
[ Info: new_scs: [37]
[ Info: lp_scores: [5420.0]
[ Info: lp_scores: 5420.0
[ Info: current num of unfinished slices: 4, finished slices: 3
                      ┌                                        ┐ 
                   37 ┤■■■■■■■■■■■■■■■■■■■ 1                     
                   38 ┤ 0                                        
                   39 ┤ 0                                        
                   40 ┤ 0                                        
                   41 ┤ 0                                        
                   42 ┤ 0                                        
                   43 ┤ 0                                        
                   44 ┤ 0                                        
                   45 ┤ 0                                        
                   46 ┤ 0                                        
                   47 ┤ 0                                        
   sc, target = 31 48 ┤ 0                                        
                   49 ┤ 0                                        
                   50 ┤ 0                                        
                   51 ┤ 0                                        
                   52 ┤ 0                                        
                   53 ┤ 0                                        
                   54 ┤ 0                                        
                   55 ┤ 0                                        
                   56 ┤ 0                                        
                   57 ┤■■■■■■■■■■■■■■■■■■■■■■■■■■■■■■■■■■■■■ 2   
                   58 ┤ 0                                        
                   59 ┤■■■■■■■■■■■■■■■■■■■ 1                     
                      └                                        ┘ 
                                     num of slices               
[ Info: slicing branch with sc: 37.0
[ Info: cc.sc: 37.0
region size: 10
tbl0_rows:66 filtered_rows:66
QIP_gurobi_bound: solver finished in 1.527 s (time_limit=100.0 s, status=OPTIMAL)
[ Info: slice 1, lp_score: 5415.0, primal_bound: 5420.0
QIP_gurobi_bound: solver finished in 1.375 s (time_limit=100.0 s, status=OPTIMAL)
[ Info: slice 2, lp_score: 5420.0, primal_bound: 5420.0
[ Info: new_scs: [37]
[ Info: lp_scores: [5420.0]
[ Info: lp_scores: 5420.0
[ Info: current num of unfinished slices: 4, finished slices: 3
                      ┌                                        ┐ 
                   37 ┤■■■■■■■■■■■■■■■■■■■ 1                     
                   38 ┤ 0                                        
                   39 ┤ 0                                        
                   40 ┤ 0                                        
                   41 ┤ 0                                        
                   42 ┤ 0                                        
                   43 ┤ 0                                        
                   44 ┤ 0                                        
                   45 ┤ 0                                        
                   46 ┤ 0                                        
                   47 ┤ 0                                        
   sc, target = 31 48 ┤ 0                                        
                   49 ┤ 0                                        
                   50 ┤ 0                                        
                   51 ┤ 0                                        
                   52 ┤ 0                                        
                   53 ┤ 0                                        
                   54 ┤ 0                                        
                   55 ┤ 0                                        
                   56 ┤ 0                                        
                   57 ┤■■■■■■■■■■■■■■■■■■■■■■■■■■■■■■■■■■■■■ 2   
                   58 ┤ 0                                        
                   59 ┤■■■■■■■■■■■■■■■■■■■ 1                     
                      └                                        ┘ 
                                     num of slices               
[ Info: slicing branch with sc: 37.0
[ Info: cc.sc: 37.0
region size: 10
tbl0_rows:49 filtered_rows:49
QIP_gurobi_bound: solver finished in 1.367 s (time_limit=100.0 s, status=OPTIMAL)
[ Info: slice 1, lp_score: 5413.0, primal_bound: 5420.0
QIP_gurobi_bound: solver finished in 1.268 s (time_limit=100.0 s, status=OPTIMAL)
[ Info: slice 2, lp_score: 5420.0, primal_bound: 5420.0
[ Info: new_scs: [36]
[ Info: lp_scores: [5420.0]
[ Info: lp_scores: 5420.0
[ Info: current num of unfinished slices: 4, finished slices: 3
                      ┌                                        ┐ 
                   36 ┤■■■■■■■■■■■■■■■■■■■ 1                     
                   37 ┤ 0                                        
                   38 ┤ 0                                        
                   39 ┤ 0                                        
                   40 ┤ 0                                        
                   41 ┤ 0                                        
                   42 ┤ 0                                        
                   43 ┤ 0                                        
                   44 ┤ 0                                        
                   45 ┤ 0                                        
                   46 ┤ 0                                        
   sc, target = 31 47 ┤ 0                                        
                   48 ┤ 0                                        
                   49 ┤ 0                                        
                   50 ┤ 0                                        
                   51 ┤ 0                                        
                   52 ┤ 0                                        
                   53 ┤ 0                                        
                   54 ┤ 0                                        
                   55 ┤ 0                                        
                   56 ┤ 0                                        
                   57 ┤■■■■■■■■■■■■■■■■■■■■■■■■■■■■■■■■■■■■■ 2   
                   58 ┤ 0                                        
                   59 ┤■■■■■■■■■■■■■■■■■■■ 1                     
                      └                                        ┘ 
                                     num of slices               
[ Info: slicing branch with sc: 36.0
[ Info: cc.sc: 36.0
region size: 10
tbl0_rows:10 filtered_rows:10
QIP_gurobi_bound: solver finished in 1.278 s (time_limit=100.0 s, status=OPTIMAL)
[ Info: slice 1, lp_score: 5420.0, primal_bound: 5420.0
QIP_gurobi_bound: solver finished in 1.316 s (time_limit=100.0 s, status=OPTIMAL)
[ Info: slice 2, lp_score: 5413.0, primal_bound: 5420.0
[ Info: new_scs: [35]
[ Info: lp_scores: [5420.0]
[ Info: lp_scores: 5420.0
[ Info: current num of unfinished slices: 4, finished slices: 3
                      ┌                                        ┐ 
                   35 ┤■■■■■■■■■■■■■■■■■■■ 1                     
                   36 ┤ 0                                        
                   37 ┤ 0                                        
                   38 ┤ 0                                        
                   39 ┤ 0                                        
                   40 ┤ 0                                        
                   41 ┤ 0                                        
                   42 ┤ 0                                        
                   43 ┤ 0                                        
                   44 ┤ 0                                        
                   45 ┤ 0                                        
                   46 ┤ 0                                        
   sc, target = 31 47 ┤ 0                                        
                   48 ┤ 0                                        
                   49 ┤ 0                                        
                   50 ┤ 0                                        
                   51 ┤ 0                                        
                   52 ┤ 0                                        
                   53 ┤ 0                                        
                   54 ┤ 0                                        
                   55 ┤ 0                                        
                   56 ┤ 0                                        
                   57 ┤■■■■■■■■■■■■■■■■■■■■■■■■■■■■■■■■■■■■■ 2   
                   58 ┤ 0                                        
                   59 ┤■■■■■■■■■■■■■■■■■■■ 1                     
                      └                                        ┘ 
                                     num of slices               
[ Info: slicing branch with sc: 35.0
[ Info: cc.sc: 35.0
region size: 10
tbl0_rows:18 filtered_rows:18
QIP_gurobi_bound: solver finished in 1.498 s (time_limit=100.0 s, status=OPTIMAL)
[ Info: slice 1, lp_score: 5418.0, primal_bound: 5420.0
QIP_gurobi_bound: solver finished in 1.338 s (time_limit=100.0 s, status=OPTIMAL)
[ Info: slice 2, lp_score: 5420.0, primal_bound: 5420.0
[ Info: new_scs: [34]
[ Info: lp_scores: [5420.0]
[ Info: lp_scores: 5420.0
[ Info: current num of unfinished slices: 4, finished slices: 3
                      ┌                                        ┐ 
                   34 ┤■■■■■■■■■■■■■■■■■■■ 1                     
                   35 ┤ 0                                        
                   36 ┤ 0                                        
                   37 ┤ 0                                        
                   38 ┤ 0                                        
                   39 ┤ 0                                        
                   40 ┤ 0                                        
                   41 ┤ 0                                        
                   42 ┤ 0                                        
                   43 ┤ 0                                        
                   44 ┤ 0                                        
                   45 ┤ 0                                        
   sc, target = 31 46 ┤ 0                                        
                   47 ┤ 0                                        
                   48 ┤ 0                                        
                   49 ┤ 0                                        
                   50 ┤ 0                                        
                   51 ┤ 0                                        
                   52 ┤ 0                                        
                   53 ┤ 0                                        
                   54 ┤ 0                                        
                   55 ┤ 0                                        
                   56 ┤ 0                                        
                   57 ┤■■■■■■■■■■■■■■■■■■■■■■■■■■■■■■■■■■■■■ 2   
                   58 ┤ 0                                        
                   59 ┤■■■■■■■■■■■■■■■■■■■ 1                     
                      └                                        ┘ 
                                     num of slices               
[ Info: slicing branch with sc: 34.0
[ Info: cc.sc: 34.0
region size: 10
tbl0_rows:58 filtered_rows:58
QIP_gurobi_bound: solver finished in 1.284 s (time_limit=100.0 s, status=OPTIMAL)
[ Info: slice 1, lp_score: 5420.0, primal_bound: 5420.0
QIP_gurobi_bound: solver finished in 1.232 s (time_limit=100.0 s, status=OPTIMAL)
[ Info: slice 2, lp_score: 5418.0, primal_bound: 5420.0
[ Info: new_scs: [33]
[ Info: lp_scores: [5420.0]
[ Info: lp_scores: 5420.0
[ Info: current num of unfinished slices: 4, finished slices: 3
                      ┌                                        ┐ 
                   33 ┤■■■■■■■■■■■■■■■■■■■ 1                     
                   34 ┤ 0                                        
                   35 ┤ 0                                        
                   36 ┤ 0                                        
                   37 ┤ 0                                        
                   38 ┤ 0                                        
                   39 ┤ 0                                        
                   40 ┤ 0                                        
                   41 ┤ 0                                        
                   42 ┤ 0                                        
                   43 ┤ 0                                        
                   44 ┤ 0                                        
                   45 ┤ 0                                        
   sc, target = 31 46 ┤ 0                                        
                   47 ┤ 0                                        
                   48 ┤ 0                                        
                   49 ┤ 0                                        
                   50 ┤ 0                                        
                   51 ┤ 0                                        
                   52 ┤ 0                                        
                   53 ┤ 0                                        
                   54 ┤ 0                                        
                   55 ┤ 0                                        
                   56 ┤ 0                                        
                   57 ┤■■■■■■■■■■■■■■■■■■■■■■■■■■■■■■■■■■■■■ 2   
                   58 ┤ 0                                        
                   59 ┤■■■■■■■■■■■■■■■■■■■ 1                     
                      └                                        ┘ 
                                     num of slices               
[ Info: slicing branch with sc: 33.0
[ Info: cc.sc: 33.0
region size: 10
tbl0_rows:58 filtered_rows:58
QIP_gurobi_bound: solver finished in 1.349 s (time_limit=100.0 s, status=OPTIMAL)
[ Info: slice 1, lp_score: 5420.0, primal_bound: 5420.0
QIP_gurobi_bound: solver finished in 1.356 s (time_limit=100.0 s, status=OPTIMAL)
[ Info: slice 2, lp_score: 5419.0, primal_bound: 5420.0
[ Info: new_scs: [33]
[ Info: lp_scores: [5420.0]
[ Info: lp_scores: 5420.0
[ Info: current num of unfinished slices: 4, finished slices: 3
                      ┌                                        ┐ 
                   33 ┤■■■■■■■■■■■■■■■■■■■ 1                     
                   34 ┤ 0                                        
                   35 ┤ 0                                        
                   36 ┤ 0                                        
                   37 ┤ 0                                        
                   38 ┤ 0                                        
                   39 ┤ 0                                        
                   40 ┤ 0                                        
                   41 ┤ 0                                        
                   42 ┤ 0                                        
                   43 ┤ 0                                        
                   44 ┤ 0                                        
                   45 ┤ 0                                        
   sc, target = 31 46 ┤ 0                                        
                   47 ┤ 0                                        
                   48 ┤ 0                                        
                   49 ┤ 0                                        
                   50 ┤ 0                                        
                   51 ┤ 0                                        
                   52 ┤ 0                                        
                   53 ┤ 0                                        
                   54 ┤ 0                                        
                   55 ┤ 0                                        
                   56 ┤ 0                                        
                   57 ┤■■■■■■■■■■■■■■■■■■■■■■■■■■■■■■■■■■■■■ 2   
                   58 ┤ 0                                        
                   59 ┤■■■■■■■■■■■■■■■■■■■ 1                     
                      └                                        ┘ 
                                     num of slices               
[ Info: slicing branch with sc: 33.0
[ Info: cc.sc: 33.0
region size: 10
tbl0_rows:12 filtered_rows:12
QIP_gurobi_bound: solver finished in 1.331 s (time_limit=100.0 s, status=OPTIMAL)
[ Info: slice 1, lp_score: 5417.0, primal_bound: 5420.0
QIP_gurobi_bound: solver finished in 1.252 s (time_limit=100.0 s, status=OPTIMAL)
[ Info: slice 2, lp_score: 5420.0, primal_bound: 5420.0
[ Info: new_scs: [32]
[ Info: lp_scores: [5420.0]
[ Info: lp_scores: 5420.0
[ Info: current num of unfinished slices: 4, finished slices: 3
                      ┌                                        ┐ 
                   32 ┤■■■■■■■■■■■■■■■■■■■ 1                     
                   33 ┤ 0                                        
                   34 ┤ 0                                        
                   35 ┤ 0                                        
                   36 ┤ 0                                        
                   37 ┤ 0                                        
                   38 ┤ 0                                        
                   39 ┤ 0                                        
                   40 ┤ 0                                        
                   41 ┤ 0                                        
                   42 ┤ 0                                        
                   43 ┤ 0                                        
                   44 ┤ 0                                        
   sc, target = 31 45 ┤ 0                                        
                   46 ┤ 0                                        
                   47 ┤ 0                                        
                   48 ┤ 0                                        
                   49 ┤ 0                                        
                   50 ┤ 0                                        
                   51 ┤ 0                                        
                   52 ┤ 0                                        
                   53 ┤ 0                                        
                   54 ┤ 0                                        
                   55 ┤ 0                                        
                   56 ┤ 0                                        
                   57 ┤■■■■■■■■■■■■■■■■■■■■■■■■■■■■■■■■■■■■■ 2   
                   58 ┤ 0                                        
                   59 ┤■■■■■■■■■■■■■■■■■■■ 1                     
                      └                                        ┘ 
                                     num of slices               
[ Info: slicing branch with sc: 32.0
[ Info: cc.sc: 32.0
region size: 10
tbl0_rows:49 filtered_rows:49
QIP_gurobi_bound: solver finished in 1.331 s (time_limit=100.0 s, status=OPTIMAL)
[ Info: slice 1, lp_score: 5415.0, primal_bound: 5420.0
QIP_gurobi_bound: solver finished in 1.241 s (time_limit=100.0 s, status=OPTIMAL)
[ Info: slice 2, lp_score: 5420.0, primal_bound: 5420.0
[ Info: new_scs: [31]
[ Info: lp_scores: [5420.0]
[ Info: lp_scores: 5420.0
[ Info: current num of unfinished slices: 4, finished slices: 3
                      ┌                                        ┐ 
                   31 ┤■■■■■■■■■■■■■■■■■■■ 1                     
                   32 ┤ 0                                        
                   33 ┤ 0                                        
                   34 ┤ 0                                        
                   35 ┤ 0                                        
                   36 ┤ 0                                        
                   37 ┤ 0                                        
                   38 ┤ 0                                        
                   39 ┤ 0                                        
                   40 ┤ 0                                        
                   41 ┤ 0                                        
                   42 ┤ 0                                        
                   43 ┤ 0                                        
                   44 ┤ 0                                        
   sc, target = 31 45 ┤ 0                                        
                   46 ┤ 0                                        
                   47 ┤ 0                                        
                   48 ┤ 0                                        
                   49 ┤ 0                                        
                   50 ┤ 0                                        
                   51 ┤ 0                                        
                   52 ┤ 0                                        
                   53 ┤ 0                                        
                   54 ┤ 0                                        
                   55 ┤ 0                                        
                   56 ┤ 0                                        
                   57 ┤■■■■■■■■■■■■■■■■■■■■■■■■■■■■■■■■■■■■■ 2   
                   58 ┤ 0                                        
                   59 ┤■■■■■■■■■■■■■■■■■■■ 1                     
                      └                                        ┘ 
                                     num of slices               
[ Info: slicing branch with sc: 31.0
  [slice produced] sc=31.0 tc=45.16306137193993 nv=3541 ne=6906 r=66.5
QIP_value_gurobi: solver finished in 1.256 s (time_limit=604800.0 s, status=OPTIMAL)
[ Info: feasible solution: 5420.0, primal bound: 5420.0
[ Info: current num of unfinished slices: 3, finished slices: 4
                      ┌                                        ┐ 
                   57 ┤■■■■■■■■■■■■■■■■■■■■■■■■■■■■■■■■■■■■■ 2   
   sc, target = 31 58 ┤ 0                                        
                   59 ┤■■■■■■■■■■■■■■■■■■■ 1                     
                      └                                        ┘ 
                                     num of slices               
[ Info: slicing branch with sc: 59.0
[ Info: cc.sc: 59.0
region size: 10
tbl0_rows:72 filtered_rows:72
QIP_gurobi_bound: solver finished in 1.475 s (time_limit=100.0 s, status=OPTIMAL)
[ Info: slice 1, lp_score: 5417.0, primal_bound: 5420.0
QIP_gurobi_bound: solver finished in 1.413 s (time_limit=100.0 s, status=OPTIMAL)
[ Info: slice 2, lp_score: 5418.0, primal_bound: 5420.0
[ Info: new_scs: Int64[]
[ Info: lp_scores: Float64[]
[ Info: current num of unfinished slices: 2, finished slices: 4
                      ┌                                        ┐ 
   sc, target = 31 57 ┤■■■■■■■■■■■■■■■■■■■■■■■■■■■■■■■■■■■■■ 2   
                      └                                        ┘ 
                                     num of slices               
[ Info: slicing branch with sc: 57.0
[ Info: cc.sc: 57.0
region size: 10
tbl0_rows:72 filtered_rows:72
QIP_gurobi_bound: solver finished in 1.283 s (time_limit=100.0 s, status=OPTIMAL)
[ Info: slice 1, lp_score: 5412.0, primal_bound: 5420.0
QIP_gurobi_bound: solver finished in 1.424 s (time_limit=100.0 s, status=OPTIMAL)
[ Info: slice 2, lp_score: 5413.0, primal_bound: 5420.0
[ Info: new_scs: Int64[]
[ Info: lp_scores: Float64[]
[ Info: current num of unfinished slices: 1, finished slices: 4
                      ┌                                        ┐ 
   sc, target = 31 57 ┤■■■■■■■■■■■■■■■■■■■■■■■■■■■■■■■■■■■■■ 1   
                      └                                        ┘ 
                                     num of slices               
[ Info: slicing branch with sc: 57.0
[ Info: cc.sc: 57.0
region size: 10
tbl0_rows:72 filtered_rows:72
QIP_gurobi_bound: solver finished in 1.448 s (time_limit=100.0 s, status=OPTIMAL)
[ Info: slice 1, lp_score: 5409.0, primal_bound: 5420.0
QIP_gurobi_bound: solver finished in 1.376 s (time_limit=100.0 s, status=OPTIMAL)
[ Info: slice 2, lp_score: 5410.0, primal_bound: 5420.0
[ Info: new_scs: Int64[]
[ Info: lp_scores: Float64[]
  finished 4 slice(s) in 5260.187s; persisting ...
  saved 4 slice(s) to /data/wangyijia/mwis/beyond_mis/branch_results/grid_Jpm1_n=60_seed=10_cheating
  branching wall time (s): 5260.186856031418
