WARNING: method definition for slice_dfs at /data/wangyijia/mwis/beyond_mis/hacked_funcs/src/spin_glass_ground_counting.jl:15 declares type variable RT but does not use it.
WARNING: method definition for #slice_dfs_lp#1 at /data/wangyijia/mwis/beyond_mis/hacked_funcs/src/spin_glass_ground_counting.jl:54 declares type variable RT but does not use it.
============================================================
[slice_spin_glass] model=../../hacked_funcs/benchmarks/models/spin_glass_models/nn_pm1/spin_glass_J±1_grid_n=60_seed=4.model  sc_target=31
============================================================
  model_name : spin_glass_J±1_grid_n=60_seed=4_cheating
  family     : j1pm1
  graph_type : grid_Jpm1
  vertices   : 3600
  edges      : 7080
  h_default  : 0.5
  meta       : Dict{String, Any}("model_path" => "/data/wangyijia/mwis/beyond_mis/hacked_funcs/benchmarks/models/spin_glass_models/nn_pm1/spin_glass_J±1_grid_n=60_seed=4.model", "family" => "j1pm1", "sc_target" => 31, "seed" => 4, "h" => 0.5, "n" => 60)
    code seed=1 -> tc=80.09371783534996, sc=61.0, rw=68.53406005374211
    code seed=2 -> tc=79.00672651368107, sc=61.0, rw=68.11971796485439
  best code complexity over seeds [1, 2]: Time complexity: 2^79.00672651368107
Space complexity: 2^61.0
Read-write complexity: 2^68.11971796485439
  branch results root : /data/wangyijia/mwis/beyond_mis/branch_results
  slice subdir        : grid_Jpm1_n=60_seed=4_cheating
Set parameter LicenseID to value 2803191
QIP_gurobi_bound: solver finished in 6.468 s (time_limit=300.0 s, status=OPTIMAL)
[ Info: initial lp_bound: 5410.0
[ Info: slicing branch with sc: 61.0
[ Info: cc.sc: 61.0
region size: 10
QIP_gurobi_bound: solver finished in 1.421 s (time_limit=100.0 s, status=OPTIMAL)
[ Info: slice 1, lp_score: 5404.0, primal_bound: 0.0
QIP_gurobi_bound: solver finished in 1.37 s (time_limit=100.0 s, status=OPTIMAL)
[ Info: slice 2, lp_score: 5407.0, primal_bound: 0.0
QIP_gurobi_bound: solver finished in 1.946 s (time_limit=100.0 s, status=OPTIMAL)
[ Info: slice 3, lp_score: 5410.0, primal_bound: 0.0
QIP_gurobi_bound: solver finished in 1.682 s (time_limit=100.0 s, status=OPTIMAL)
[ Info: slice 4, lp_score: 5408.0, primal_bound: 0.0
[ Info: new_scs: [60, 59, 58, 57]
[ Info: lp_scores: [5410.0, 5408.0, 5407.0, 5404.0]
[ Info: lp_scores: 5404.0
[ Info: lp_scores: 5407.0
[ Info: lp_scores: 5408.0
[ Info: lp_scores: 5410.0
[ Info: current num of unfinished slices: 4, finished slices: 0
                      ┌                                        ┐ 
                   57 ┤■■■■■■■■■■■■■■■■■■■■■■■■■■■■■■■■■■■■■ 1   
   sc, target = 31 58 ┤■■■■■■■■■■■■■■■■■■■■■■■■■■■■■■■■■■■■■ 1   
                   59 ┤■■■■■■■■■■■■■■■■■■■■■■■■■■■■■■■■■■■■■ 1   
                   60 ┤■■■■■■■■■■■■■■■■■■■■■■■■■■■■■■■■■■■■■ 1   
                      └                                        ┘ 
                                     num of slices               
[ Info: slicing branch with sc: 60.0
[ Info: cc.sc: 60.0
region size: 10
QIP_gurobi_bound: solver finished in 2.171 s (time_limit=100.0 s, status=OPTIMAL)
[ Info: slice 1, lp_score: 5409.0, primal_bound: 0.0
QIP_gurobi_bound: solver finished in 1.478 s (time_limit=100.0 s, status=OPTIMAL)
[ Info: slice 2, lp_score: 5403.0, primal_bound: 0.0
QIP_gurobi_bound: solver finished in 1.4 s (time_limit=100.0 s, status=OPTIMAL)
[ Info: slice 3, lp_score: 5410.0, primal_bound: 0.0
[ Info: new_scs: [58, 57, 59]
[ Info: lp_scores: [5410.0, 5409.0, 5403.0]
[ Info: lp_scores: 5403.0
[ Info: lp_scores: 5409.0
[ Info: lp_scores: 5410.0
[ Info: current num of unfinished slices: 6, finished slices: 0
                      ┌                                        ┐ 
                   57 ┤■■■■■■■■■■■■■■■■■■■■■■■■■■■■■■■■■■■■■ 2   
   sc, target = 31 58 ┤■■■■■■■■■■■■■■■■■■■■■■■■■■■■■■■■■■■■■ 2   
                   59 ┤■■■■■■■■■■■■■■■■■■■■■■■■■■■■■■■■■■■■■ 2   
                      └                                        ┘ 
                                     num of slices               
[ Info: slicing branch with sc: 58.0
[ Info: cc.sc: 58.0
region size: 10
QIP_gurobi_bound: solver finished in 1.385 s (time_limit=100.0 s, status=OPTIMAL)
[ Info: slice 1, lp_score: 5408.0, primal_bound: 0.0
QIP_gurobi_bound: solver finished in 1.422 s (time_limit=100.0 s, status=OPTIMAL)
[ Info: slice 2, lp_score: 5410.0, primal_bound: 0.0
QIP_gurobi_bound: solver finished in 1.377 s (time_limit=100.0 s, status=OPTIMAL)
[ Info: slice 3, lp_score: 5401.0, primal_bound: 0.0
QIP_gurobi_bound: solver finished in 1.513 s (time_limit=100.0 s, status=OPTIMAL)
[ Info: slice 4, lp_score: 5405.0, primal_bound: 0.0
QIP_gurobi_bound: solver finished in 1.491 s (time_limit=100.0 s, status=OPTIMAL)
[ Info: slice 5, lp_score: 5404.0, primal_bound: 0.0
[ Info: new_scs: [56, 54, 56, 56, 54]
[ Info: lp_scores: [5410.0, 5408.0, 5405.0, 5404.0, 5401.0]
[ Info: lp_scores: 5401.0
[ Info: lp_scores: 5404.0
[ Info: lp_scores: 5405.0
[ Info: lp_scores: 5408.0
[ Info: lp_scores: 5410.0
[ Info: current num of unfinished slices: 10, finished slices: 0
                      ┌                                        ┐ 
                   54 ┤■■■■■■■■■■■■■■■■■■■■■■■■■ 2               
                   55 ┤ 0                                        
   sc, target = 31 56 ┤■■■■■■■■■■■■■■■■■■■■■■■■■■■■■■■■■■■■■ 3   
                   57 ┤■■■■■■■■■■■■■■■■■■■■■■■■■ 2               
                   58 ┤■■■■■■■■■■■■ 1                            
                   59 ┤■■■■■■■■■■■■■■■■■■■■■■■■■ 2               
                      └                                        ┘ 
                                     num of slices               
[ Info: slicing branch with sc: 56.0
[ Info: cc.sc: 56.0
region size: 10
QIP_gurobi_bound: solver finished in 1.405 s (time_limit=100.0 s, status=OPTIMAL)
[ Info: slice 1, lp_score: 5410.0, primal_bound: 0.0
QIP_gurobi_bound: solver finished in 1.297 s (time_limit=100.0 s, status=OPTIMAL)
[ Info: slice 2, lp_score: 5409.0, primal_bound: 0.0
[ Info: new_scs: [52, 52]
[ Info: lp_scores: [5410.0, 5409.0]
[ Info: lp_scores: 5409.0
[ Info: lp_scores: 5410.0
[ Info: current num of unfinished slices: 11, finished slices: 0
                      ┌                                        ┐ 
                   52 ┤■■■■■■■■■■■■■■■■■■■■■■■■■■■■■■■■■■■■■ 2   
                   53 ┤ 0                                        
                   54 ┤■■■■■■■■■■■■■■■■■■■■■■■■■■■■■■■■■■■■■ 2   
   sc, target = 31 55 ┤ 0                                        
                   56 ┤■■■■■■■■■■■■■■■■■■■■■■■■■■■■■■■■■■■■■ 2   
                   57 ┤■■■■■■■■■■■■■■■■■■■■■■■■■■■■■■■■■■■■■ 2   
                   58 ┤■■■■■■■■■■■■■■■■■■■ 1                     
                   59 ┤■■■■■■■■■■■■■■■■■■■■■■■■■■■■■■■■■■■■■ 2   
                      └                                        ┘ 
                                     num of slices               
[ Info: slicing branch with sc: 52.0
[ Info: cc.sc: 52.0
region size: 10
QIP_gurobi_bound: solver finished in 1.479 s (time_limit=100.0 s, status=OPTIMAL)
[ Info: slice 1, lp_score: 5410.0, primal_bound: 0.0
QIP_gurobi_bound: solver finished in 1.552 s (time_limit=100.0 s, status=OPTIMAL)
[ Info: slice 2, lp_score: 5406.0, primal_bound: 0.0
[ Info: new_scs: [51, 51]
[ Info: lp_scores: [5410.0, 5406.0]
[ Info: lp_scores: 5406.0
[ Info: lp_scores: 5410.0
[ Info: current num of unfinished slices: 12, finished slices: 0
                      ┌                                        ┐ 
                   51 ┤■■■■■■■■■■■■■■■■■■■■■■■■■■■■■■■■■■■■■ 2   
                   52 ┤■■■■■■■■■■■■■■■■■■■ 1                     
                   53 ┤ 0                                        
                   54 ┤■■■■■■■■■■■■■■■■■■■■■■■■■■■■■■■■■■■■■ 2   
   sc, target = 31 55 ┤ 0                                        
                   56 ┤■■■■■■■■■■■■■■■■■■■■■■■■■■■■■■■■■■■■■ 2   
                   57 ┤■■■■■■■■■■■■■■■■■■■■■■■■■■■■■■■■■■■■■ 2   
                   58 ┤■■■■■■■■■■■■■■■■■■■ 1                     
                   59 ┤■■■■■■■■■■■■■■■■■■■■■■■■■■■■■■■■■■■■■ 2   
                      └                                        ┘ 
                                     num of slices               
[ Info: slicing branch with sc: 51.0
[ Info: cc.sc: 51.0
region size: 10
QIP_gurobi_bound: solver finished in 1.405 s (time_limit=100.0 s, status=OPTIMAL)
[ Info: slice 1, lp_score: 5410.0, primal_bound: 0.0
QIP_gurobi_bound: solver finished in 1.336 s (time_limit=100.0 s, status=OPTIMAL)
[ Info: slice 2, lp_score: 5406.0, primal_bound: 0.0
QIP_gurobi_bound: solver finished in 1.466 s (time_limit=100.0 s, status=OPTIMAL)
[ Info: slice 3, lp_score: 5406.0, primal_bound: 0.0
[ Info: new_scs: [49, 49, 51]
[ Info: lp_scores: [5410.0, 5406.0, 5406.0]
[ Info: lp_scores: 5406.0
[ Info: lp_scores: 5406.0
[ Info: lp_scores: 5410.0
[ Info: current num of unfinished slices: 14, finished slices: 0
                      ┌                                        ┐ 
                   49 ┤■■■■■■■■■■■■■■■■■■■■■■■■■■■■■■■■■■■■■ 2   
                   50 ┤ 0                                        
                   51 ┤■■■■■■■■■■■■■■■■■■■■■■■■■■■■■■■■■■■■■ 2   
                   52 ┤■■■■■■■■■■■■■■■■■■■ 1                     
                   53 ┤ 0                                        
   sc, target = 31 54 ┤■■■■■■■■■■■■■■■■■■■■■■■■■■■■■■■■■■■■■ 2   
                   55 ┤ 0                                        
                   56 ┤■■■■■■■■■■■■■■■■■■■■■■■■■■■■■■■■■■■■■ 2   
                   57 ┤■■■■■■■■■■■■■■■■■■■■■■■■■■■■■■■■■■■■■ 2   
                   58 ┤■■■■■■■■■■■■■■■■■■■ 1                     
                   59 ┤■■■■■■■■■■■■■■■■■■■■■■■■■■■■■■■■■■■■■ 2   
                      └                                        ┘ 
                                     num of slices               
[ Info: slicing branch with sc: 49.0
[ Info: cc.sc: 49.0
region size: 10
QIP_gurobi_bound: solver finished in 1.355 s (time_limit=100.0 s, status=OPTIMAL)
[ Info: slice 1, lp_score: 5407.0, primal_bound: 0.0
QIP_gurobi_bound: solver finished in 1.305 s (time_limit=100.0 s, status=OPTIMAL)
[ Info: slice 2, lp_score: 5410.0, primal_bound: 0.0
[ Info: new_scs: [47, 47]
[ Info: lp_scores: [5410.0, 5407.0]
[ Info: lp_scores: 5407.0
[ Info: lp_scores: 5410.0
[ Info: current num of unfinished slices: 15, finished slices: 0
                      ┌                                        ┐ 
                   47 ┤■■■■■■■■■■■■■■■■■■■■■■■■■■■■■■■■■■■■■ 2   
                   48 ┤ 0                                        
                   49 ┤■■■■■■■■■■■■■■■■■■■ 1                     
                   50 ┤ 0                                        
                   51 ┤■■■■■■■■■■■■■■■■■■■■■■■■■■■■■■■■■■■■■ 2   
                   52 ┤■■■■■■■■■■■■■■■■■■■ 1                     
   sc, target = 31 53 ┤ 0                                        
                   54 ┤■■■■■■■■■■■■■■■■■■■■■■■■■■■■■■■■■■■■■ 2   
                   55 ┤ 0                                        
                   56 ┤■■■■■■■■■■■■■■■■■■■■■■■■■■■■■■■■■■■■■ 2   
                   57 ┤■■■■■■■■■■■■■■■■■■■■■■■■■■■■■■■■■■■■■ 2   
                   58 ┤■■■■■■■■■■■■■■■■■■■ 1                     
                   59 ┤■■■■■■■■■■■■■■■■■■■■■■■■■■■■■■■■■■■■■ 2   
                      └                                        ┘ 
                                     num of slices               
[ Info: slicing branch with sc: 47.0
[ Info: cc.sc: 47.0
region size: 10
QIP_gurobi_bound: solver finished in 1.44 s (time_limit=100.0 s, status=OPTIMAL)
[ Info: slice 1, lp_score: 5407.0, primal_bound: 0.0
QIP_gurobi_bound: solver finished in 1.4 s (time_limit=100.0 s, status=OPTIMAL)
[ Info: slice 2, lp_score: 5410.0, primal_bound: 0.0
[ Info: new_scs: [46, 45]
[ Info: lp_scores: [5410.0, 5407.0]
[ Info: lp_scores: 5407.0
[ Info: lp_scores: 5410.0
[ Info: current num of unfinished slices: 16, finished slices: 0
                      ┌                                        ┐ 
                   45 ┤■■■■■■■■■■■■■■■■■■■ 1                     
                   46 ┤■■■■■■■■■■■■■■■■■■■ 1                     
                   47 ┤■■■■■■■■■■■■■■■■■■■ 1                     
                   48 ┤ 0                                        
                   49 ┤■■■■■■■■■■■■■■■■■■■ 1                     
                   50 ┤ 0                                        
                   51 ┤■■■■■■■■■■■■■■■■■■■■■■■■■■■■■■■■■■■■■ 2   
   sc, target = 31 52 ┤■■■■■■■■■■■■■■■■■■■ 1                     
                   53 ┤ 0                                        
                   54 ┤■■■■■■■■■■■■■■■■■■■■■■■■■■■■■■■■■■■■■ 2   
                   55 ┤ 0                                        
                   56 ┤■■■■■■■■■■■■■■■■■■■■■■■■■■■■■■■■■■■■■ 2   
                   57 ┤■■■■■■■■■■■■■■■■■■■■■■■■■■■■■■■■■■■■■ 2   
                   58 ┤■■■■■■■■■■■■■■■■■■■ 1                     
                   59 ┤■■■■■■■■■■■■■■■■■■■■■■■■■■■■■■■■■■■■■ 2   
                      └                                        ┘ 
                                     num of slices               
[ Info: slicing branch with sc: 46.0
[ Info: cc.sc: 46.0
region size: 10
QIP_gurobi_bound: solver finished in 1.4 s (time_limit=100.0 s, status=OPTIMAL)
[ Info: slice 1, lp_score: 5408.0, primal_bound: 0.0
QIP_gurobi_bound: solver finished in 1.388 s (time_limit=100.0 s, status=OPTIMAL)
[ Info: slice 2, lp_score: 5408.0, primal_bound: 0.0
QIP_gurobi_bound: solver finished in 1.767 s (time_limit=100.0 s, status=OPTIMAL)
[ Info: slice 3, lp_score: 5410.0, primal_bound: 0.0
[ Info: new_scs: [44, 44, 44]
[ Info: lp_scores: [5410.0, 5408.0, 5408.0]
[ Info: lp_scores: 5408.0
[ Info: lp_scores: 5408.0
[ Info: lp_scores: 5410.0
[ Info: current num of unfinished slices: 18, finished slices: 0
                      ┌                                        ┐ 
                   44 ┤■■■■■■■■■■■■■■■■■■■■■■■■■■■■■■■■■■■■■ 3   
                   45 ┤■■■■■■■■■■■■ 1                            
                   46 ┤ 0                                        
                   47 ┤■■■■■■■■■■■■ 1                            
                   48 ┤ 0                                        
                   49 ┤■■■■■■■■■■■■ 1                            
                   50 ┤ 0                                        
   sc, target = 31 51 ┤■■■■■■■■■■■■■■■■■■■■■■■■■ 2               
                   52 ┤■■■■■■■■■■■■ 1                            
                   53 ┤ 0                                        
                   54 ┤■■■■■■■■■■■■■■■■■■■■■■■■■ 2               
                   55 ┤ 0                                        
                   56 ┤■■■■■■■■■■■■■■■■■■■■■■■■■ 2               
                   57 ┤■■■■■■■■■■■■■■■■■■■■■■■■■ 2               
                   58 ┤■■■■■■■■■■■■ 1                            
                   59 ┤■■■■■■■■■■■■■■■■■■■■■■■■■ 2               
                      └                                        ┘ 
                                     num of slices               
[ Info: slicing branch with sc: 44.0
[ Info: cc.sc: 44.0
region size: 10
QIP_gurobi_bound: solver finished in 1.325 s (time_limit=100.0 s, status=OPTIMAL)
[ Info: slice 1, lp_score: 5410.0, primal_bound: 0.0
QIP_gurobi_bound: solver finished in 1.383 s (time_limit=100.0 s, status=OPTIMAL)
[ Info: slice 2, lp_score: 5405.0, primal_bound: 0.0
[ Info: new_scs: [42, 42]
[ Info: lp_scores: [5410.0, 5405.0]
[ Info: lp_scores: 5405.0
[ Info: lp_scores: 5410.0
[ Info: current num of unfinished slices: 19, finished slices: 0
                      ┌                                        ┐ 
                   42 ┤■■■■■■■■■■■■■■■■■■■■■■■■■■■■■■■■■■■■■ 2   
                   43 ┤ 0                                        
                   44 ┤■■■■■■■■■■■■■■■■■■■■■■■■■■■■■■■■■■■■■ 2   
                   45 ┤■■■■■■■■■■■■■■■■■■■ 1                     
                   46 ┤ 0                                        
                   47 ┤■■■■■■■■■■■■■■■■■■■ 1                     
                   48 ┤ 0                                        
                   49 ┤■■■■■■■■■■■■■■■■■■■ 1                     
   sc, target = 31 50 ┤ 0                                        
                   51 ┤■■■■■■■■■■■■■■■■■■■■■■■■■■■■■■■■■■■■■ 2   
                   52 ┤■■■■■■■■■■■■■■■■■■■ 1                     
                   53 ┤ 0                                        
                   54 ┤■■■■■■■■■■■■■■■■■■■■■■■■■■■■■■■■■■■■■ 2   
                   55 ┤ 0                                        
                   56 ┤■■■■■■■■■■■■■■■■■■■■■■■■■■■■■■■■■■■■■ 2   
                   57 ┤■■■■■■■■■■■■■■■■■■■■■■■■■■■■■■■■■■■■■ 2   
                   58 ┤■■■■■■■■■■■■■■■■■■■ 1                     
                   59 ┤■■■■■■■■■■■■■■■■■■■■■■■■■■■■■■■■■■■■■ 2   
                      └                                        ┘ 
                                     num of slices               
[ Info: slicing branch with sc: 42.0
[ Info: cc.sc: 42.0
region size: 10
QIP_gurobi_bound: solver finished in 1.445 s (time_limit=100.0 s, status=OPTIMAL)
[ Info: slice 1, lp_score: 5405.0, primal_bound: 0.0
QIP_gurobi_bound: solver finished in 1.746 s (time_limit=100.0 s, status=OPTIMAL)
[ Info: slice 2, lp_score: 5410.0, primal_bound: 0.0
[ Info: new_scs: [42, 42]
[ Info: lp_scores: [5410.0, 5405.0]
[ Info: lp_scores: 5405.0
[ Info: lp_scores: 5410.0
[ Info: current num of unfinished slices: 20, finished slices: 0
                      ┌                                        ┐ 
                   42 ┤■■■■■■■■■■■■■■■■■■■■■■■■■■■■■■■■■■■■■ 3   
                   43 ┤ 0                                        
                   44 ┤■■■■■■■■■■■■■■■■■■■■■■■■■ 2               
                   45 ┤■■■■■■■■■■■■ 1                            
                   46 ┤ 0                                        
                   47 ┤■■■■■■■■■■■■ 1                            
                   48 ┤ 0                                        
                   49 ┤■■■■■■■■■■■■ 1                            
   sc, target = 31 50 ┤ 0                                        
                   51 ┤■■■■■■■■■■■■■■■■■■■■■■■■■ 2               
                   52 ┤■■■■■■■■■■■■ 1                            
                   53 ┤ 0                                        
                   54 ┤■■■■■■■■■■■■■■■■■■■■■■■■■ 2               
                   55 ┤ 0                                        
                   56 ┤■■■■■■■■■■■■■■■■■■■■■■■■■ 2               
                   57 ┤■■■■■■■■■■■■■■■■■■■■■■■■■ 2               
                   58 ┤■■■■■■■■■■■■ 1                            
                   59 ┤■■■■■■■■■■■■■■■■■■■■■■■■■ 2               
                      └                                        ┘ 
                                     num of slices               
[ Info: slicing branch with sc: 42.0
[ Info: cc.sc: 42.0
region size: 10
QIP_gurobi_bound: solver finished in 1.396 s (time_limit=100.0 s, status=OPTIMAL)
[ Info: slice 1, lp_score: 5403.0, primal_bound: 0.0
QIP_gurobi_bound: solver finished in 1.378 s (time_limit=100.0 s, status=OPTIMAL)
[ Info: slice 2, lp_score: 5410.0, primal_bound: 0.0
[ Info: new_scs: [42, 40]
[ Info: lp_scores: [5410.0, 5403.0]
[ Info: lp_scores: 5403.0
[ Info: lp_scores: 5410.0
[ Info: current num of unfinished slices: 21, finished slices: 0
                      ┌                                        ┐ 
                   40 ┤■■■■■■■■■■■■ 1                            
                   41 ┤ 0                                        
                   42 ┤■■■■■■■■■■■■■■■■■■■■■■■■■■■■■■■■■■■■■ 3   
                   43 ┤ 0                                        
                   44 ┤■■■■■■■■■■■■■■■■■■■■■■■■■ 2               
                   45 ┤■■■■■■■■■■■■ 1                            
                   46 ┤ 0                                        
                   47 ┤■■■■■■■■■■■■ 1                            
                   48 ┤ 0                                        
   sc, target = 31 49 ┤■■■■■■■■■■■■ 1                            
                   50 ┤ 0                                        
                   51 ┤■■■■■■■■■■■■■■■■■■■■■■■■■ 2               
                   52 ┤■■■■■■■■■■■■ 1                            
                   53 ┤ 0                                        
                   54 ┤■■■■■■■■■■■■■■■■■■■■■■■■■ 2               
                   55 ┤ 0                                        
                   56 ┤■■■■■■■■■■■■■■■■■■■■■■■■■ 2               
                   57 ┤■■■■■■■■■■■■■■■■■■■■■■■■■ 2               
                   58 ┤■■■■■■■■■■■■ 1                            
                   59 ┤■■■■■■■■■■■■■■■■■■■■■■■■■ 2               
                      └                                        ┘ 
                                     num of slices               
[ Info: slicing branch with sc: 42.0
[ Info: cc.sc: 42.0
region size: 10
QIP_gurobi_bound: solver finished in 1.325 s (time_limit=100.0 s, status=OPTIMAL)
[ Info: slice 1, lp_score: 5408.0, primal_bound: 0.0
QIP_gurobi_bound: solver finished in 1.447 s (time_limit=100.0 s, status=OPTIMAL)
[ Info: slice 2, lp_score: 5410.0, primal_bound: 0.0
[ Info: new_scs: [39, 41]
[ Info: lp_scores: [5410.0, 5408.0]
[ Info: lp_scores: 5408.0
[ Info: lp_scores: 5410.0
[ Info: current num of unfinished slices: 22, finished slices: 0
                      ┌                                        ┐ 
                   39 ┤■■■■■■■■■■■■■■■■■■■ 1                     
                   40 ┤■■■■■■■■■■■■■■■■■■■ 1                     
                   41 ┤■■■■■■■■■■■■■■■■■■■ 1                     
                   42 ┤■■■■■■■■■■■■■■■■■■■■■■■■■■■■■■■■■■■■■ 2   
                   43 ┤ 0                                        
                   44 ┤■■■■■■■■■■■■■■■■■■■■■■■■■■■■■■■■■■■■■ 2   
                   45 ┤■■■■■■■■■■■■■■■■■■■ 1                     
                   46 ┤ 0                                        
                   47 ┤■■■■■■■■■■■■■■■■■■■ 1                     
                   48 ┤ 0                                        
   sc, target = 31 49 ┤■■■■■■■■■■■■■■■■■■■ 1                     
                   50 ┤ 0                                        
                   51 ┤■■■■■■■■■■■■■■■■■■■■■■■■■■■■■■■■■■■■■ 2   
                   52 ┤■■■■■■■■■■■■■■■■■■■ 1                     
                   53 ┤ 0                                        
                   54 ┤■■■■■■■■■■■■■■■■■■■■■■■■■■■■■■■■■■■■■ 2   
                   55 ┤ 0                                        
                   56 ┤■■■■■■■■■■■■■■■■■■■■■■■■■■■■■■■■■■■■■ 2   
                   57 ┤■■■■■■■■■■■■■■■■■■■■■■■■■■■■■■■■■■■■■ 2   
                   58 ┤■■■■■■■■■■■■■■■■■■■ 1                     
                   59 ┤■■■■■■■■■■■■■■■■■■■■■■■■■■■■■■■■■■■■■ 2   
                      └                                        ┘ 
                                     num of slices               
[ Info: slicing branch with sc: 39.0
[ Info: cc.sc: 39.0
region size: 10
QIP_gurobi_bound: solver finished in 1.603 s (time_limit=100.0 s, status=OPTIMAL)
[ Info: slice 1, lp_score: 5410.0, primal_bound: 0.0
QIP_gurobi_bound: solver finished in 1.341 s (time_limit=100.0 s, status=OPTIMAL)
[ Info: slice 2, lp_score: 5410.0, primal_bound: 0.0
[ Info: new_scs: [39, 39]
[ Info: lp_scores: [5410.0, 5410.0]
[ Info: lp_scores: 5410.0
[ Info: lp_scores: 5410.0
[ Info: current num of unfinished slices: 23, finished slices: 0
                      ┌                                        ┐ 
                   39 ┤■■■■■■■■■■■■■■■■■■■■■■■■■■■■■■■■■■■■■ 2   
                   40 ┤■■■■■■■■■■■■■■■■■■■ 1                     
                   41 ┤■■■■■■■■■■■■■■■■■■■ 1                     
                   42 ┤■■■■■■■■■■■■■■■■■■■■■■■■■■■■■■■■■■■■■ 2   
                   43 ┤ 0                                        
                   44 ┤■■■■■■■■■■■■■■■■■■■■■■■■■■■■■■■■■■■■■ 2   
                   45 ┤■■■■■■■■■■■■■■■■■■■ 1                     
                   46 ┤ 0                                        
                   47 ┤■■■■■■■■■■■■■■■■■■■ 1                     
                   48 ┤ 0                                        
   sc, target = 31 49 ┤■■■■■■■■■■■■■■■■■■■ 1                     
                   50 ┤ 0                                        
                   51 ┤■■■■■■■■■■■■■■■■■■■■■■■■■■■■■■■■■■■■■ 2   
                   52 ┤■■■■■■■■■■■■■■■■■■■ 1                     
                   53 ┤ 0                                        
                   54 ┤■■■■■■■■■■■■■■■■■■■■■■■■■■■■■■■■■■■■■ 2   
                   55 ┤ 0                                        
                   56 ┤■■■■■■■■■■■■■■■■■■■■■■■■■■■■■■■■■■■■■ 2   
                   57 ┤■■■■■■■■■■■■■■■■■■■■■■■■■■■■■■■■■■■■■ 2   
                   58 ┤■■■■■■■■■■■■■■■■■■■ 1                     
                   59 ┤■■■■■■■■■■■■■■■■■■■■■■■■■■■■■■■■■■■■■ 2   
                      └                                        ┘ 
                                     num of slices               
[ Info: slicing branch with sc: 39.0
[ Info: cc.sc: 39.0
region size: 10
QIP_gurobi_bound: solver finished in 1.83 s (time_limit=100.0 s, status=OPTIMAL)
[ Info: slice 1, lp_score: 5410.0, primal_bound: 0.0
QIP_gurobi_bound: solver finished in 1.224 s (time_limit=100.0 s, status=OPTIMAL)
[ Info: slice 2, lp_score: 5404.0, primal_bound: 0.0
[ Info: new_scs: [39, 38]
[ Info: lp_scores: [5410.0, 5404.0]
[ Info: lp_scores: 5404.0
[ Info: lp_scores: 5410.0
[ Info: current num of unfinished slices: 24, finished slices: 0
                      ┌                                        ┐ 
                   38 ┤■■■■■■■■■■■■■■■■■■■ 1                     
                   39 ┤■■■■■■■■■■■■■■■■■■■■■■■■■■■■■■■■■■■■■ 2   
                   40 ┤■■■■■■■■■■■■■■■■■■■ 1                     
                   41 ┤■■■■■■■■■■■■■■■■■■■ 1                     
                   42 ┤■■■■■■■■■■■■■■■■■■■■■■■■■■■■■■■■■■■■■ 2   
                   43 ┤ 0                                        
                   44 ┤■■■■■■■■■■■■■■■■■■■■■■■■■■■■■■■■■■■■■ 2   
                   45 ┤■■■■■■■■■■■■■■■■■■■ 1                     
                   46 ┤ 0                                        
                   47 ┤■■■■■■■■■■■■■■■■■■■ 1                     
   sc, target = 31 48 ┤ 0                                        
                   49 ┤■■■■■■■■■■■■■■■■■■■ 1                     
                   50 ┤ 0                                        
                   51 ┤■■■■■■■■■■■■■■■■■■■■■■■■■■■■■■■■■■■■■ 2   
                   52 ┤■■■■■■■■■■■■■■■■■■■ 1                     
                   53 ┤ 0                                        
                   54 ┤■■■■■■■■■■■■■■■■■■■■■■■■■■■■■■■■■■■■■ 2   
                   55 ┤ 0                                        
                   56 ┤■■■■■■■■■■■■■■■■■■■■■■■■■■■■■■■■■■■■■ 2   
                   57 ┤■■■■■■■■■■■■■■■■■■■■■■■■■■■■■■■■■■■■■ 2   
                   58 ┤■■■■■■■■■■■■■■■■■■■ 1                     
                   59 ┤■■■■■■■■■■■■■■■■■■■■■■■■■■■■■■■■■■■■■ 2   
                      └                                        ┘ 
                                     num of slices               
[ Info: slicing branch with sc: 39.0
[ Info: cc.sc: 39.0
region size: 10
QIP_gurobi_bound: solver finished in 1.403 s (time_limit=100.0 s, status=OPTIMAL)
[ Info: slice 1, lp_score: 5405.0, primal_bound: 0.0
QIP_gurobi_bound: solver finished in 1.293 s (time_limit=100.0 s, status=OPTIMAL)
[ Info: slice 2, lp_score: 5410.0, primal_bound: 0.0
[ Info: new_scs: [38, 38]
[ Info: lp_scores: [5410.0, 5405.0]
[ Info: lp_scores: 5405.0
[ Info: lp_scores: 5410.0
[ Info: current num of unfinished slices: 25, finished slices: 0
                      ┌                                        ┐ 
                   38 ┤■■■■■■■■■■■■■■■■■■■■■■■■■■■■■■■■■■■■■ 3   
                   39 ┤■■■■■■■■■■■■ 1                            
                   40 ┤■■■■■■■■■■■■ 1                            
                   41 ┤■■■■■■■■■■■■ 1                            
                   42 ┤■■■■■■■■■■■■■■■■■■■■■■■■■ 2               
                   43 ┤ 0                                        
                   44 ┤■■■■■■■■■■■■■■■■■■■■■■■■■ 2               
                   45 ┤■■■■■■■■■■■■ 1                            
                   46 ┤ 0                                        
                   47 ┤■■■■■■■■■■■■ 1                            
   sc, target = 31 48 ┤ 0                                        
                   49 ┤■■■■■■■■■■■■ 1                            
                   50 ┤ 0                                        
                   51 ┤■■■■■■■■■■■■■■■■■■■■■■■■■ 2               
                   52 ┤■■■■■■■■■■■■ 1                            
                   53 ┤ 0                                        
                   54 ┤■■■■■■■■■■■■■■■■■■■■■■■■■ 2               
                   55 ┤ 0                                        
                   56 ┤■■■■■■■■■■■■■■■■■■■■■■■■■ 2               
                   57 ┤■■■■■■■■■■■■■■■■■■■■■■■■■ 2               
                   58 ┤■■■■■■■■■■■■ 1                            
                   59 ┤■■■■■■■■■■■■■■■■■■■■■■■■■ 2               
                      └                                        ┘ 
                                     num of slices               
[ Info: slicing branch with sc: 38.0
[ Info: cc.sc: 38.0
region size: 10
QIP_gurobi_bound: solver finished in 1.463 s (time_limit=100.0 s, status=OPTIMAL)
[ Info: slice 1, lp_score: 5410.0, primal_bound: 0.0
QIP_gurobi_bound: solver finished in 1.429 s (time_limit=100.0 s, status=OPTIMAL)
[ Info: slice 2, lp_score: 5408.0, primal_bound: 0.0
[ Info: new_scs: [37, 38]
[ Info: lp_scores: [5410.0, 5408.0]
[ Info: lp_scores: 5408.0
[ Info: lp_scores: 5410.0
[ Info: current num of unfinished slices: 26, finished slices: 0
                      ┌                                        ┐ 
                   37 ┤■■■■■■■■■■■■ 1                            
                   38 ┤■■■■■■■■■■■■■■■■■■■■■■■■■■■■■■■■■■■■■ 3   
                   39 ┤■■■■■■■■■■■■ 1                            
                   40 ┤■■■■■■■■■■■■ 1                            
                   41 ┤■■■■■■■■■■■■ 1                            
                   42 ┤■■■■■■■■■■■■■■■■■■■■■■■■■ 2               
                   43 ┤ 0                                        
                   44 ┤■■■■■■■■■■■■■■■■■■■■■■■■■ 2               
                   45 ┤■■■■■■■■■■■■ 1                            
                   46 ┤ 0                                        
                   47 ┤■■■■■■■■■■■■ 1                            
   sc, target = 31 48 ┤ 0                                        
                   49 ┤■■■■■■■■■■■■ 1                            
                   50 ┤ 0                                        
                   51 ┤■■■■■■■■■■■■■■■■■■■■■■■■■ 2               
                   52 ┤■■■■■■■■■■■■ 1                            
                   53 ┤ 0                                        
                   54 ┤■■■■■■■■■■■■■■■■■■■■■■■■■ 2               
                   55 ┤ 0                                        
                   56 ┤■■■■■■■■■■■■■■■■■■■■■■■■■ 2               
                   57 ┤■■■■■■■■■■■■■■■■■■■■■■■■■ 2               
                   58 ┤■■■■■■■■■■■■ 1                            
                   59 ┤■■■■■■■■■■■■■■■■■■■■■■■■■ 2               
                      └                                        ┘ 
                                     num of slices               
[ Info: slicing branch with sc: 37.0
[ Info: cc.sc: 37.0
region size: 10
QIP_gurobi_bound: solver finished in 1.486 s (time_limit=100.0 s, status=OPTIMAL)
[ Info: slice 1, lp_score: 5410.0, primal_bound: 0.0
QIP_gurobi_bound: solver finished in 1.316 s (time_limit=100.0 s, status=OPTIMAL)
[ Info: slice 2, lp_score: 5409.0, primal_bound: 0.0
[ Info: new_scs: [37, 37]
[ Info: lp_scores: [5410.0, 5409.0]
[ Info: lp_scores: 5409.0
[ Info: lp_scores: 5410.0
[ Info: current num of unfinished slices: 27, finished slices: 0
                      ┌                                        ┐ 
                   37 ┤■■■■■■■■■■■■■■■■■■■■■■■■■ 2               
                   38 ┤■■■■■■■■■■■■■■■■■■■■■■■■■■■■■■■■■■■■■ 3   
                   39 ┤■■■■■■■■■■■■ 1                            
                   40 ┤■■■■■■■■■■■■ 1                            
                   41 ┤■■■■■■■■■■■■ 1                            
                   42 ┤■■■■■■■■■■■■■■■■■■■■■■■■■ 2               
                   43 ┤ 0                                        
                   44 ┤■■■■■■■■■■■■■■■■■■■■■■■■■ 2               
                   45 ┤■■■■■■■■■■■■ 1                            
                   46 ┤ 0                                        
                   47 ┤■■■■■■■■■■■■ 1                            
   sc, target = 31 48 ┤ 0                                        
                   49 ┤■■■■■■■■■■■■ 1                            
                   50 ┤ 0                                        
                   51 ┤■■■■■■■■■■■■■■■■■■■■■■■■■ 2               
                   52 ┤■■■■■■■■■■■■ 1                            
                   53 ┤ 0                                        
                   54 ┤■■■■■■■■■■■■■■■■■■■■■■■■■ 2               
                   55 ┤ 0                                        
                   56 ┤■■■■■■■■■■■■■■■■■■■■■■■■■ 2               
                   57 ┤■■■■■■■■■■■■■■■■■■■■■■■■■ 2               
                   58 ┤■■■■■■■■■■■■ 1                            
                   59 ┤■■■■■■■■■■■■■■■■■■■■■■■■■ 2               
                      └                                        ┘ 
                                     num of slices               
[ Info: slicing branch with sc: 37.0
[ Info: cc.sc: 37.0
region size: 10
QIP_gurobi_bound: solver finished in 1.369 s (time_limit=100.0 s, status=OPTIMAL)
[ Info: slice 1, lp_score: 5410.0, primal_bound: 0.0
QIP_gurobi_bound: solver finished in 1.342 s (time_limit=100.0 s, status=OPTIMAL)
[ Info: slice 2, lp_score: 5410.0, primal_bound: 0.0
[ Info: new_scs: [36, 36]
[ Info: lp_scores: [5410.0, 5410.0]
[ Info: lp_scores: 5410.0
[ Info: lp_scores: 5410.0
[ Info: current num of unfinished slices: 28, finished slices: 0
                      ┌                                        ┐ 
                   36 ┤■■■■■■■■■■■■■■■■■■■■■■■■■ 2               
                   37 ┤■■■■■■■■■■■■ 1                            
                   38 ┤■■■■■■■■■■■■■■■■■■■■■■■■■■■■■■■■■■■■■ 3   
                   39 ┤■■■■■■■■■■■■ 1                            
                   40 ┤■■■■■■■■■■■■ 1                            
                   41 ┤■■■■■■■■■■■■ 1                            
                   42 ┤■■■■■■■■■■■■■■■■■■■■■■■■■ 2               
                   43 ┤ 0                                        
                   44 ┤■■■■■■■■■■■■■■■■■■■■■■■■■ 2               
                   45 ┤■■■■■■■■■■■■ 1                            
                   46 ┤ 0                                        
   sc, target = 31 47 ┤■■■■■■■■■■■■ 1                            
                   48 ┤ 0                                        
                   49 ┤■■■■■■■■■■■■ 1                            
                   50 ┤ 0                                        
                   51 ┤■■■■■■■■■■■■■■■■■■■■■■■■■ 2               
                   52 ┤■■■■■■■■■■■■ 1                            
                   53 ┤ 0                                        
                   54 ┤■■■■■■■■■■■■■■■■■■■■■■■■■ 2               
                   55 ┤ 0                                        
                   56 ┤■■■■■■■■■■■■■■■■■■■■■■■■■ 2               
                   57 ┤■■■■■■■■■■■■■■■■■■■■■■■■■ 2               
                   58 ┤■■■■■■■■■■■■ 1                            
                   59 ┤■■■■■■■■■■■■■■■■■■■■■■■■■ 2               
                      └                                        ┘ 
                                     num of slices               
[ Info: slicing branch with sc: 36.0
[ Info: cc.sc: 36.0
region size: 10
QIP_gurobi_bound: solver finished in 1.314 s (time_limit=100.0 s, status=OPTIMAL)
[ Info: slice 1, lp_score: 5407.0, primal_bound: 0.0
QIP_gurobi_bound: solver finished in 1.276 s (time_limit=100.0 s, status=OPTIMAL)
[ Info: slice 2, lp_score: 5410.0, primal_bound: 0.0
[ Info: new_scs: [36, 36]
[ Info: lp_scores: [5410.0, 5407.0]
[ Info: lp_scores: 5407.0
[ Info: lp_scores: 5410.0
[ Info: current num of unfinished slices: 29, finished slices: 0
                      ┌                                        ┐ 
                   36 ┤■■■■■■■■■■■■■■■■■■■■■■■■■■■■■■■■■■■■■ 3   
                   37 ┤■■■■■■■■■■■■ 1                            
                   38 ┤■■■■■■■■■■■■■■■■■■■■■■■■■■■■■■■■■■■■■ 3   
                   39 ┤■■■■■■■■■■■■ 1                            
                   40 ┤■■■■■■■■■■■■ 1                            
                   41 ┤■■■■■■■■■■■■ 1                            
                   42 ┤■■■■■■■■■■■■■■■■■■■■■■■■■ 2               
                   43 ┤ 0                                        
                   44 ┤■■■■■■■■■■■■■■■■■■■■■■■■■ 2               
                   45 ┤■■■■■■■■■■■■ 1                            
                   46 ┤ 0                                        
   sc, target = 31 47 ┤■■■■■■■■■■■■ 1                            
                   48 ┤ 0                                        
                   49 ┤■■■■■■■■■■■■ 1                            
                   50 ┤ 0                                        
                   51 ┤■■■■■■■■■■■■■■■■■■■■■■■■■ 2               
                   52 ┤■■■■■■■■■■■■ 1                            
                   53 ┤ 0                                        
                   54 ┤■■■■■■■■■■■■■■■■■■■■■■■■■ 2               
                   55 ┤ 0                                        
                   56 ┤■■■■■■■■■■■■■■■■■■■■■■■■■ 2               
                   57 ┤■■■■■■■■■■■■■■■■■■■■■■■■■ 2               
                   58 ┤■■■■■■■■■■■■ 1                            
                   59 ┤■■■■■■■■■■■■■■■■■■■■■■■■■ 2               
                      └                                        ┘ 
                                     num of slices               
[ Info: slicing branch with sc: 36.0
[ Info: cc.sc: 36.0
region size: 10
QIP_gurobi_bound: solver finished in 1.284 s (time_limit=100.0 s, status=OPTIMAL)
[ Info: slice 1, lp_score: 5405.0, primal_bound: 0.0
QIP_gurobi_bound: solver finished in 1.386 s (time_limit=100.0 s, status=OPTIMAL)
[ Info: slice 2, lp_score: 5410.0, primal_bound: 0.0
[ Info: new_scs: [34, 35]
[ Info: lp_scores: [5410.0, 5405.0]
[ Info: lp_scores: 5405.0
[ Info: lp_scores: 5410.0
[ Info: current num of unfinished slices: 30, finished slices: 0
                      ┌                                        ┐ 
                   34 ┤■■■■■■■■■■■■ 1                            
                   35 ┤■■■■■■■■■■■■ 1                            
                   36 ┤■■■■■■■■■■■■■■■■■■■■■■■■■ 2               
                   37 ┤■■■■■■■■■■■■ 1                            
                   38 ┤■■■■■■■■■■■■■■■■■■■■■■■■■■■■■■■■■■■■■ 3   
                   39 ┤■■■■■■■■■■■■ 1                            
                   40 ┤■■■■■■■■■■■■ 1                            
                   41 ┤■■■■■■■■■■■■ 1                            
                   42 ┤■■■■■■■■■■■■■■■■■■■■■■■■■ 2               
                   43 ┤ 0                                        
                   44 ┤■■■■■■■■■■■■■■■■■■■■■■■■■ 2               
                   45 ┤■■■■■■■■■■■■ 1                            
   sc, target = 31 46 ┤ 0                                        
                   47 ┤■■■■■■■■■■■■ 1                            
                   48 ┤ 0                                        
                   49 ┤■■■■■■■■■■■■ 1                            
                   50 ┤ 0                                        
                   51 ┤■■■■■■■■■■■■■■■■■■■■■■■■■ 2               
                   52 ┤■■■■■■■■■■■■ 1                            
                   53 ┤ 0                                        
                   54 ┤■■■■■■■■■■■■■■■■■■■■■■■■■ 2               
                   55 ┤ 0                                        
                   56 ┤■■■■■■■■■■■■■■■■■■■■■■■■■ 2               
                   57 ┤■■■■■■■■■■■■■■■■■■■■■■■■■ 2               
                   58 ┤■■■■■■■■■■■■ 1                            
                   59 ┤■■■■■■■■■■■■■■■■■■■■■■■■■ 2               
                      └                                        ┘ 
                                     num of slices               
[ Info: slicing branch with sc: 34.0
[ Info: cc.sc: 34.0
region size: 10
QIP_gurobi_bound: solver finished in 1.265 s (time_limit=100.0 s, status=OPTIMAL)
[ Info: slice 1, lp_score: 5408.0, primal_bound: 0.0
QIP_gurobi_bound: solver finished in 1.617 s (time_limit=100.0 s, status=OPTIMAL)
[ Info: slice 2, lp_score: 5410.0, primal_bound: 0.0
[ Info: new_scs: [34, 34]
[ Info: lp_scores: [5410.0, 5408.0]
[ Info: lp_scores: 5408.0
[ Info: lp_scores: 5410.0
[ Info: current num of unfinished slices: 31, finished slices: 0
                      ┌                                        ┐ 
                   34 ┤■■■■■■■■■■■■■■■■■■■■■■■■■ 2               
                   35 ┤■■■■■■■■■■■■ 1                            
                   36 ┤■■■■■■■■■■■■■■■■■■■■■■■■■ 2               
                   37 ┤■■■■■■■■■■■■ 1                            
                   38 ┤■■■■■■■■■■■■■■■■■■■■■■■■■■■■■■■■■■■■■ 3   
                   39 ┤■■■■■■■■■■■■ 1                            
                   40 ┤■■■■■■■■■■■■ 1                            
                   41 ┤■■■■■■■■■■■■ 1                            
                   42 ┤■■■■■■■■■■■■■■■■■■■■■■■■■ 2               
                   43 ┤ 0                                        
                   44 ┤■■■■■■■■■■■■■■■■■■■■■■■■■ 2               
                   45 ┤■■■■■■■■■■■■ 1                            
   sc, target = 31 46 ┤ 0                                        
                   47 ┤■■■■■■■■■■■■ 1                            
                   48 ┤ 0                                        
                   49 ┤■■■■■■■■■■■■ 1                            
                   50 ┤ 0                                        
                   51 ┤■■■■■■■■■■■■■■■■■■■■■■■■■ 2               
                   52 ┤■■■■■■■■■■■■ 1                            
                   53 ┤ 0                                        
                   54 ┤■■■■■■■■■■■■■■■■■■■■■■■■■ 2               
                   55 ┤ 0                                        
                   56 ┤■■■■■■■■■■■■■■■■■■■■■■■■■ 2               
                   57 ┤■■■■■■■■■■■■■■■■■■■■■■■■■ 2               
                   58 ┤■■■■■■■■■■■■ 1                            
                   59 ┤■■■■■■■■■■■■■■■■■■■■■■■■■ 2               
                      └                                        ┘ 
                                     num of slices               
[ Info: slicing branch with sc: 34.0
[ Info: cc.sc: 34.0
region size: 10
QIP_gurobi_bound: solver finished in 1.436 s (time_limit=100.0 s, status=OPTIMAL)
[ Info: slice 1, lp_score: 5410.0, primal_bound: 0.0
QIP_gurobi_bound: solver finished in 1.364 s (time_limit=100.0 s, status=OPTIMAL)
[ Info: slice 2, lp_score: 5407.0, primal_bound: 0.0
[ Info: new_scs: [33, 34]
[ Info: lp_scores: [5410.0, 5407.0]
[ Info: lp_scores: 5407.0
[ Info: lp_scores: 5410.0
[ Info: current num of unfinished slices: 32, finished slices: 0
                      ┌                                        ┐ 
                   33 ┤■■■■■■■■■■■■ 1                            
                   34 ┤■■■■■■■■■■■■■■■■■■■■■■■■■ 2               
                   35 ┤■■■■■■■■■■■■ 1                            
                   36 ┤■■■■■■■■■■■■■■■■■■■■■■■■■ 2               
                   37 ┤■■■■■■■■■■■■ 1                            
                   38 ┤■■■■■■■■■■■■■■■■■■■■■■■■■■■■■■■■■■■■■ 3   
                   39 ┤■■■■■■■■■■■■ 1                            
                   40 ┤■■■■■■■■■■■■ 1                            
                   41 ┤■■■■■■■■■■■■ 1                            
                   42 ┤■■■■■■■■■■■■■■■■■■■■■■■■■ 2               
                   43 ┤ 0                                        
                   44 ┤■■■■■■■■■■■■■■■■■■■■■■■■■ 2               
                   45 ┤■■■■■■■■■■■■ 1                            
   sc, target = 31 46 ┤ 0                                        
                   47 ┤■■■■■■■■■■■■ 1                            
                   48 ┤ 0                                        
                   49 ┤■■■■■■■■■■■■ 1                            
                   50 ┤ 0                                        
                   51 ┤■■■■■■■■■■■■■■■■■■■■■■■■■ 2               
                   52 ┤■■■■■■■■■■■■ 1                            
                   53 ┤ 0                                        
                   54 ┤■■■■■■■■■■■■■■■■■■■■■■■■■ 2               
                   55 ┤ 0                                        
                   56 ┤■■■■■■■■■■■■■■■■■■■■■■■■■ 2               
                   57 ┤■■■■■■■■■■■■■■■■■■■■■■■■■ 2               
                   58 ┤■■■■■■■■■■■■ 1                            
                   59 ┤■■■■■■■■■■■■■■■■■■■■■■■■■ 2               
                      └                                        ┘ 
                                     num of slices               
[ Info: slicing branch with sc: 33.0
[ Info: cc.sc: 33.0
region size: 10
QIP_gurobi_bound: solver finished in 1.353 s (time_limit=100.0 s, status=OPTIMAL)
[ Info: slice 1, lp_score: 5407.0, primal_bound: 0.0
QIP_gurobi_bound: solver finished in 1.205 s (time_limit=100.0 s, status=OPTIMAL)
[ Info: slice 2, lp_score: 5410.0, primal_bound: 0.0
[ Info: new_scs: [32, 32]
[ Info: lp_scores: [5410.0, 5407.0]
[ Info: lp_scores: 5407.0
[ Info: lp_scores: 5410.0
[ Info: current num of unfinished slices: 33, finished slices: 0
                      ┌                                        ┐ 
                   32 ┤■■■■■■■■■■■■■■■■■■■■■■■■■ 2               
                   33 ┤ 0                                        
                   34 ┤■■■■■■■■■■■■■■■■■■■■■■■■■ 2               
                   35 ┤■■■■■■■■■■■■ 1                            
                   36 ┤■■■■■■■■■■■■■■■■■■■■■■■■■ 2               
                   37 ┤■■■■■■■■■■■■ 1                            
                   38 ┤■■■■■■■■■■■■■■■■■■■■■■■■■■■■■■■■■■■■■ 3   
                   39 ┤■■■■■■■■■■■■ 1                            
                   40 ┤■■■■■■■■■■■■ 1                            
                   41 ┤■■■■■■■■■■■■ 1                            
                   42 ┤■■■■■■■■■■■■■■■■■■■■■■■■■ 2               
                   43 ┤ 0                                        
                   44 ┤■■■■■■■■■■■■■■■■■■■■■■■■■ 2               
   sc, target = 31 45 ┤■■■■■■■■■■■■ 1                            
                   46 ┤ 0                                        
                   47 ┤■■■■■■■■■■■■ 1                            
                   48 ┤ 0                                        
                   49 ┤■■■■■■■■■■■■ 1                            
                   50 ┤ 0                                        
                   51 ┤■■■■■■■■■■■■■■■■■■■■■■■■■ 2               
                   52 ┤■■■■■■■■■■■■ 1                            
                   53 ┤ 0                                        
                   54 ┤■■■■■■■■■■■■■■■■■■■■■■■■■ 2               
                   55 ┤ 0                                        
                   56 ┤■■■■■■■■■■■■■■■■■■■■■■■■■ 2               
                   57 ┤■■■■■■■■■■■■■■■■■■■■■■■■■ 2               
                   58 ┤■■■■■■■■■■■■ 1                            
                   59 ┤■■■■■■■■■■■■■■■■■■■■■■■■■ 2               
                      └                                        ┘ 
                                     num of slices               
[ Info: slicing branch with sc: 32.0
[ Info: cc.sc: 32.0
region size: 10
QIP_gurobi_bound: solver finished in 1.277 s (time_limit=100.0 s, status=OPTIMAL)
[ Info: slice 1, lp_score: 5410.0, primal_bound: 0.0
QIP_gurobi_bound: solver finished in 1.762 s (time_limit=100.0 s, status=OPTIMAL)
[ Info: slice 2, lp_score: 5405.0, primal_bound: 0.0
[ Info: new_scs: [31, 31]
[ Info: lp_scores: [5410.0, 5405.0]
[ Info: lp_scores: 5405.0
[ Info: lp_scores: 5410.0
[ Info: current num of unfinished slices: 34, finished slices: 0
                      ┌                                        ┐ 
                   31 ┤■■■■■■■■■■■■■■■■■■■■■■■■■ 2               
                   32 ┤■■■■■■■■■■■■ 1                            
                   33 ┤ 0                                        
                   34 ┤■■■■■■■■■■■■■■■■■■■■■■■■■ 2               
                   35 ┤■■■■■■■■■■■■ 1                            
                   36 ┤■■■■■■■■■■■■■■■■■■■■■■■■■ 2               
                   37 ┤■■■■■■■■■■■■ 1                            
                   38 ┤■■■■■■■■■■■■■■■■■■■■■■■■■■■■■■■■■■■■■ 3   
                   39 ┤■■■■■■■■■■■■ 1                            
                   40 ┤■■■■■■■■■■■■ 1                            
                   41 ┤■■■■■■■■■■■■ 1                            
                   42 ┤■■■■■■■■■■■■■■■■■■■■■■■■■ 2               
                   43 ┤ 0                                        
                   44 ┤■■■■■■■■■■■■■■■■■■■■■■■■■ 2               
   sc, target = 31 45 ┤■■■■■■■■■■■■ 1                            
                   46 ┤ 0                                        
                   47 ┤■■■■■■■■■■■■ 1                            
                   48 ┤ 0                                        
                   49 ┤■■■■■■■■■■■■ 1                            
                   50 ┤ 0                                        
                   51 ┤■■■■■■■■■■■■■■■■■■■■■■■■■ 2               
                   52 ┤■■■■■■■■■■■■ 1                            
                   53 ┤ 0                                        
                   54 ┤■■■■■■■■■■■■■■■■■■■■■■■■■ 2               
                   55 ┤ 0                                        
                   56 ┤■■■■■■■■■■■■■■■■■■■■■■■■■ 2               
                   57 ┤■■■■■■■■■■■■■■■■■■■■■■■■■ 2               
                   58 ┤■■■■■■■■■■■■ 1                            
                   59 ┤■■■■■■■■■■■■■■■■■■■■■■■■■ 2               
                      └                                        ┘ 
                                     num of slices               
[ Info: slicing branch with sc: 31.0
  [slice produced] sc=31.0 tc=45.25908062359253 nv=3544 ne=6914 r=60.0
QIP_value_gurobi: solver finished in 1.327 s (time_limit=604800.0 s, status=OPTIMAL)
[ Info: feasible solution: 5410.0, primal bound: 5410.0
[ Info: current num of unfinished slices: 33, finished slices: 1
                      ┌                                        ┐ 
                   31 ┤■■■■■■■■■■■■ 1                            
                   32 ┤■■■■■■■■■■■■ 1                            
                   33 ┤ 0                                        
                   34 ┤■■■■■■■■■■■■■■■■■■■■■■■■■ 2               
                   35 ┤■■■■■■■■■■■■ 1                            
                   36 ┤■■■■■■■■■■■■■■■■■■■■■■■■■ 2               
                   37 ┤■■■■■■■■■■■■ 1                            
                   38 ┤■■■■■■■■■■■■■■■■■■■■■■■■■■■■■■■■■■■■■ 3   
                   39 ┤■■■■■■■■■■■■ 1                            
                   40 ┤■■■■■■■■■■■■ 1                            
                   41 ┤■■■■■■■■■■■■ 1                            
                   42 ┤■■■■■■■■■■■■■■■■■■■■■■■■■ 2               
                   43 ┤ 0                                        
                   44 ┤■■■■■■■■■■■■■■■■■■■■■■■■■ 2               
   sc, target = 31 45 ┤■■■■■■■■■■■■ 1                            
                   46 ┤ 0                                        
                   47 ┤■■■■■■■■■■■■ 1                            
                   48 ┤ 0                                        
                   49 ┤■■■■■■■■■■■■ 1                            
                   50 ┤ 0                                        
                   51 ┤■■■■■■■■■■■■■■■■■■■■■■■■■ 2               
                   52 ┤■■■■■■■■■■■■ 1                            
                   53 ┤ 0                                        
                   54 ┤■■■■■■■■■■■■■■■■■■■■■■■■■ 2               
                   55 ┤ 0                                        
                   56 ┤■■■■■■■■■■■■■■■■■■■■■■■■■ 2               
                   57 ┤■■■■■■■■■■■■■■■■■■■■■■■■■ 2               
                   58 ┤■■■■■■■■■■■■ 1                            
                   59 ┤■■■■■■■■■■■■■■■■■■■■■■■■■ 2               
                      └                                        ┘ 
                                     num of slices               
[ Info: slicing branch with sc: 31.0
  [slice produced] sc=31.0 tc=45.25377062996834 nv=3542 ne=6910 r=62.0
QIP_value_gurobi: solver finished in 1.487 s (time_limit=604800.0 s, status=OPTIMAL)
[ Info: feasible solution: 5405.0, primal bound: 5410.0
[ Info: current num of unfinished slices: 32, finished slices: 2
                      ┌                                        ┐ 
                   32 ┤■■■■■■■■■■■■ 1                            
                   33 ┤ 0                                        
                   34 ┤■■■■■■■■■■■■■■■■■■■■■■■■■ 2               
                   35 ┤■■■■■■■■■■■■ 1                            
                   36 ┤■■■■■■■■■■■■■■■■■■■■■■■■■ 2               
                   37 ┤■■■■■■■■■■■■ 1                            
                   38 ┤■■■■■■■■■■■■■■■■■■■■■■■■■■■■■■■■■■■■■ 3   
                   39 ┤■■■■■■■■■■■■ 1                            
                   40 ┤■■■■■■■■■■■■ 1                            
                   41 ┤■■■■■■■■■■■■ 1                            
                   42 ┤■■■■■■■■■■■■■■■■■■■■■■■■■ 2               
                   43 ┤ 0                                        
                   44 ┤■■■■■■■■■■■■■■■■■■■■■■■■■ 2               
   sc, target = 31 45 ┤■■■■■■■■■■■■ 1                            
                   46 ┤ 0                                        
                   47 ┤■■■■■■■■■■■■ 1                            
                   48 ┤ 0                                        
                   49 ┤■■■■■■■■■■■■ 1                            
                   50 ┤ 0                                        
                   51 ┤■■■■■■■■■■■■■■■■■■■■■■■■■ 2               
                   52 ┤■■■■■■■■■■■■ 1                            
                   53 ┤ 0                                        
                   54 ┤■■■■■■■■■■■■■■■■■■■■■■■■■ 2               
                   55 ┤ 0                                        
                   56 ┤■■■■■■■■■■■■■■■■■■■■■■■■■ 2               
                   57 ┤■■■■■■■■■■■■■■■■■■■■■■■■■ 2               
                   58 ┤■■■■■■■■■■■■ 1                            
                   59 ┤■■■■■■■■■■■■■■■■■■■■■■■■■ 2               
                      └                                        ┘ 
                                     num of slices               
[ Info: slicing branch with sc: 32.0
[ Info: cc.sc: 32.0
region size: 10
tbl0_rows:25 filtered_rows:25
QIP_gurobi_bound: solver finished in 1.282 s (time_limit=100.0 s, status=OPTIMAL)
[ Info: slice 1, lp_score: 5407.0, primal_bound: 5410.0
QIP_gurobi_bound: solver finished in 1.441 s (time_limit=100.0 s, status=OPTIMAL)
[ Info: slice 2, lp_score: 5402.0, primal_bound: 5410.0
[ Info: new_scs: Int64[]
[ Info: lp_scores: Float64[]
[ Info: current num of unfinished slices: 31, finished slices: 2
                      ┌                                        ┐ 
                   34 ┤■■■■■■■■■■■■■■■■■■■■■■■■■ 2               
                   35 ┤■■■■■■■■■■■■ 1                            
                   36 ┤■■■■■■■■■■■■■■■■■■■■■■■■■ 2               
                   37 ┤■■■■■■■■■■■■ 1                            
                   38 ┤■■■■■■■■■■■■■■■■■■■■■■■■■■■■■■■■■■■■■ 3   
                   39 ┤■■■■■■■■■■■■ 1                            
                   40 ┤■■■■■■■■■■■■ 1                            
                   41 ┤■■■■■■■■■■■■ 1                            
                   42 ┤■■■■■■■■■■■■■■■■■■■■■■■■■ 2               
                   43 ┤ 0                                        
                   44 ┤■■■■■■■■■■■■■■■■■■■■■■■■■ 2               
                   45 ┤■■■■■■■■■■■■ 1                            
   sc, target = 31 46 ┤ 0                                        
                   47 ┤■■■■■■■■■■■■ 1                            
                   48 ┤ 0                                        
                   49 ┤■■■■■■■■■■■■ 1                            
                   50 ┤ 0                                        
                   51 ┤■■■■■■■■■■■■■■■■■■■■■■■■■ 2               
                   52 ┤■■■■■■■■■■■■ 1                            
                   53 ┤ 0                                        
                   54 ┤■■■■■■■■■■■■■■■■■■■■■■■■■ 2               
                   55 ┤ 0                                        
                   56 ┤■■■■■■■■■■■■■■■■■■■■■■■■■ 2               
                   57 ┤■■■■■■■■■■■■■■■■■■■■■■■■■ 2               
                   58 ┤■■■■■■■■■■■■ 1                            
                   59 ┤■■■■■■■■■■■■■■■■■■■■■■■■■ 2               
                      └                                        ┘ 
                                     num of slices               
[ Info: slicing branch with sc: 34.0
[ Info: cc.sc: 34.0
region size: 10
tbl0_rows:21 filtered_rows:21
QIP_gurobi_bound: solver finished in 1.37 s (time_limit=100.0 s, status=OPTIMAL)
[ Info: slice 1, lp_score: 5404.0, primal_bound: 5410.0
QIP_gurobi_bound: solver finished in 1.4 s (time_limit=100.0 s, status=OPTIMAL)
[ Info: slice 2, lp_score: 5407.0, primal_bound: 5410.0
[ Info: new_scs: Int64[]
[ Info: lp_scores: Float64[]
[ Info: current num of unfinished slices: 30, finished slices: 2
                      ┌                                        ┐ 
                   34 ┤■■■■■■■■■■■■ 1                            
                   35 ┤■■■■■■■■■■■■ 1                            
                   36 ┤■■■■■■■■■■■■■■■■■■■■■■■■■ 2               
                   37 ┤■■■■■■■■■■■■ 1                            
                   38 ┤■■■■■■■■■■■■■■■■■■■■■■■■■■■■■■■■■■■■■ 3   
                   39 ┤■■■■■■■■■■■■ 1                            
                   40 ┤■■■■■■■■■■■■ 1                            
                   41 ┤■■■■■■■■■■■■ 1                            
                   42 ┤■■■■■■■■■■■■■■■■■■■■■■■■■ 2               
                   43 ┤ 0                                        
                   44 ┤■■■■■■■■■■■■■■■■■■■■■■■■■ 2               
                   45 ┤■■■■■■■■■■■■ 1                            
   sc, target = 31 46 ┤ 0                                        
                   47 ┤■■■■■■■■■■■■ 1                            
                   48 ┤ 0                                        
                   49 ┤■■■■■■■■■■■■ 1                            
                   50 ┤ 0                                        
                   51 ┤■■■■■■■■■■■■■■■■■■■■■■■■■ 2               
                   52 ┤■■■■■■■■■■■■ 1                            
                   53 ┤ 0                                        
                   54 ┤■■■■■■■■■■■■■■■■■■■■■■■■■ 2               
                   55 ┤ 0                                        
                   56 ┤■■■■■■■■■■■■■■■■■■■■■■■■■ 2               
                   57 ┤■■■■■■■■■■■■■■■■■■■■■■■■■ 2               
                   58 ┤■■■■■■■■■■■■ 1                            
                   59 ┤■■■■■■■■■■■■■■■■■■■■■■■■■ 2               
                      └                                        ┘ 
                                     num of slices               
[ Info: slicing branch with sc: 34.0
[ Info: cc.sc: 34.0
region size: 10
tbl0_rows:22 filtered_rows:22
QIP_gurobi_bound: solver finished in 1.338 s (time_limit=100.0 s, status=OPTIMAL)
[ Info: slice 1, lp_score: 5408.0, primal_bound: 5410.0
QIP_gurobi_bound: solver finished in 1.397 s (time_limit=100.0 s, status=OPTIMAL)
[ Info: slice 2, lp_score: 5405.0, primal_bound: 5410.0
[ Info: new_scs: Int64[]
[ Info: lp_scores: Float64[]
[ Info: current num of unfinished slices: 29, finished slices: 2
                      ┌                                        ┐ 
                   35 ┤■■■■■■■■■■■■ 1                            
                   36 ┤■■■■■■■■■■■■■■■■■■■■■■■■■ 2               
                   37 ┤■■■■■■■■■■■■ 1                            
                   38 ┤■■■■■■■■■■■■■■■■■■■■■■■■■■■■■■■■■■■■■ 3   
                   39 ┤■■■■■■■■■■■■ 1                            
                   40 ┤■■■■■■■■■■■■ 1                            
                   41 ┤■■■■■■■■■■■■ 1                            
                   42 ┤■■■■■■■■■■■■■■■■■■■■■■■■■ 2               
                   43 ┤ 0                                        
                   44 ┤■■■■■■■■■■■■■■■■■■■■■■■■■ 2               
                   45 ┤■■■■■■■■■■■■ 1                            
                   46 ┤ 0                                        
   sc, target = 31 47 ┤■■■■■■■■■■■■ 1                            
                   48 ┤ 0                                        
                   49 ┤■■■■■■■■■■■■ 1                            
                   50 ┤ 0                                        
                   51 ┤■■■■■■■■■■■■■■■■■■■■■■■■■ 2               
                   52 ┤■■■■■■■■■■■■ 1                            
                   53 ┤ 0                                        
                   54 ┤■■■■■■■■■■■■■■■■■■■■■■■■■ 2               
                   55 ┤ 0                                        
                   56 ┤■■■■■■■■■■■■■■■■■■■■■■■■■ 2               
                   57 ┤■■■■■■■■■■■■■■■■■■■■■■■■■ 2               
                   58 ┤■■■■■■■■■■■■ 1                            
                   59 ┤■■■■■■■■■■■■■■■■■■■■■■■■■ 2               
                      └                                        ┘ 
                                     num of slices               
[ Info: slicing branch with sc: 35.0
[ Info: cc.sc: 35.0
region size: 10
tbl0_rows:51 filtered_rows:51
QIP_gurobi_bound: solver finished in 1.539 s (time_limit=100.0 s, status=OPTIMAL)
[ Info: slice 1, lp_score: 5404.0, primal_bound: 5410.0
QIP_gurobi_bound: solver finished in 1.826 s (time_limit=100.0 s, status=OPTIMAL)
[ Info: slice 2, lp_score: 5405.0, primal_bound: 5410.0
[ Info: new_scs: Int64[]
[ Info: lp_scores: Float64[]
[ Info: current num of unfinished slices: 28, finished slices: 2
                      ┌                                        ┐ 
                   36 ┤■■■■■■■■■■■■■■■■■■■■■■■■■ 2               
                   37 ┤■■■■■■■■■■■■ 1                            
                   38 ┤■■■■■■■■■■■■■■■■■■■■■■■■■■■■■■■■■■■■■ 3   
                   39 ┤■■■■■■■■■■■■ 1                            
                   40 ┤■■■■■■■■■■■■ 1                            
                   41 ┤■■■■■■■■■■■■ 1                            
                   42 ┤■■■■■■■■■■■■■■■■■■■■■■■■■ 2               
                   43 ┤ 0                                        
                   44 ┤■■■■■■■■■■■■■■■■■■■■■■■■■ 2               
                   45 ┤■■■■■■■■■■■■ 1                            
                   46 ┤ 0                                        
   sc, target = 31 47 ┤■■■■■■■■■■■■ 1                            
                   48 ┤ 0                                        
                   49 ┤■■■■■■■■■■■■ 1                            
                   50 ┤ 0                                        
                   51 ┤■■■■■■■■■■■■■■■■■■■■■■■■■ 2               
                   52 ┤■■■■■■■■■■■■ 1                            
                   53 ┤ 0                                        
                   54 ┤■■■■■■■■■■■■■■■■■■■■■■■■■ 2               
                   55 ┤ 0                                        
                   56 ┤■■■■■■■■■■■■■■■■■■■■■■■■■ 2               
                   57 ┤■■■■■■■■■■■■■■■■■■■■■■■■■ 2               
                   58 ┤■■■■■■■■■■■■ 1                            
                   59 ┤■■■■■■■■■■■■■■■■■■■■■■■■■ 2               
                      └                                        ┘ 
                                     num of slices               
[ Info: slicing branch with sc: 36.0
[ Info: cc.sc: 36.0
region size: 10
tbl0_rows:39 filtered_rows:39
QIP_gurobi_bound: solver finished in 1.284 s (time_limit=100.0 s, status=OPTIMAL)
[ Info: slice 1, lp_score: 5407.0, primal_bound: 5410.0
QIP_gurobi_bound: solver finished in 1.267 s (time_limit=100.0 s, status=OPTIMAL)
[ Info: slice 2, lp_score: 5398.0, primal_bound: 5410.0
[ Info: new_scs: Int64[]
[ Info: lp_scores: Float64[]
[ Info: current num of unfinished slices: 27, finished slices: 2
                      ┌                                        ┐ 
                   36 ┤■■■■■■■■■■■■ 1                            
                   37 ┤■■■■■■■■■■■■ 1                            
                   38 ┤■■■■■■■■■■■■■■■■■■■■■■■■■■■■■■■■■■■■■ 3   
                   39 ┤■■■■■■■■■■■■ 1                            
                   40 ┤■■■■■■■■■■■■ 1                            
                   41 ┤■■■■■■■■■■■■ 1                            
                   42 ┤■■■■■■■■■■■■■■■■■■■■■■■■■ 2               
                   43 ┤ 0                                        
                   44 ┤■■■■■■■■■■■■■■■■■■■■■■■■■ 2               
                   45 ┤■■■■■■■■■■■■ 1                            
                   46 ┤ 0                                        
   sc, target = 31 47 ┤■■■■■■■■■■■■ 1                            
                   48 ┤ 0                                        
                   49 ┤■■■■■■■■■■■■ 1                            
                   50 ┤ 0                                        
                   51 ┤■■■■■■■■■■■■■■■■■■■■■■■■■ 2               
                   52 ┤■■■■■■■■■■■■ 1                            
                   53 ┤ 0                                        
                   54 ┤■■■■■■■■■■■■■■■■■■■■■■■■■ 2               
                   55 ┤ 0                                        
                   56 ┤■■■■■■■■■■■■■■■■■■■■■■■■■ 2               
                   57 ┤■■■■■■■■■■■■■■■■■■■■■■■■■ 2               
                   58 ┤■■■■■■■■■■■■ 1                            
                   59 ┤■■■■■■■■■■■■■■■■■■■■■■■■■ 2               
                      └                                        ┘ 
                                     num of slices               
[ Info: slicing branch with sc: 36.0
[ Info: cc.sc: 36.0
region size: 10
tbl0_rows:51 filtered_rows:51
QIP_gurobi_bound: solver finished in 1.226 s (time_limit=100.0 s, status=OPTIMAL)
[ Info: slice 1, lp_score: 5410.0, primal_bound: 5410.0
QIP_gurobi_bound: solver finished in 1.369 s (time_limit=100.0 s, status=OPTIMAL)
[ Info: slice 2, lp_score: 5408.0, primal_bound: 5410.0
[ Info: new_scs: [36]
[ Info: lp_scores: [5410.0]
[ Info: lp_scores: 5410.0
[ Info: current num of unfinished slices: 27, finished slices: 2
                      ┌                                        ┐ 
                   36 ┤■■■■■■■■■■■■ 1                            
                   37 ┤■■■■■■■■■■■■ 1                            
                   38 ┤■■■■■■■■■■■■■■■■■■■■■■■■■■■■■■■■■■■■■ 3   
                   39 ┤■■■■■■■■■■■■ 1                            
                   40 ┤■■■■■■■■■■■■ 1                            
                   41 ┤■■■■■■■■■■■■ 1                            
                   42 ┤■■■■■■■■■■■■■■■■■■■■■■■■■ 2               
                   43 ┤ 0                                        
                   44 ┤■■■■■■■■■■■■■■■■■■■■■■■■■ 2               
                   45 ┤■■■■■■■■■■■■ 1                            
                   46 ┤ 0                                        
   sc, target = 31 47 ┤■■■■■■■■■■■■ 1                            
                   48 ┤ 0                                        
                   49 ┤■■■■■■■■■■■■ 1                            
                   50 ┤ 0                                        
                   51 ┤■■■■■■■■■■■■■■■■■■■■■■■■■ 2               
                   52 ┤■■■■■■■■■■■■ 1                            
                   53 ┤ 0                                        
                   54 ┤■■■■■■■■■■■■■■■■■■■■■■■■■ 2               
                   55 ┤ 0                                        
                   56 ┤■■■■■■■■■■■■■■■■■■■■■■■■■ 2               
                   57 ┤■■■■■■■■■■■■■■■■■■■■■■■■■ 2               
                   58 ┤■■■■■■■■■■■■ 1                            
                   59 ┤■■■■■■■■■■■■■■■■■■■■■■■■■ 2               
                      └                                        ┘ 
                                     num of slices               
[ Info: slicing branch with sc: 36.0
[ Info: cc.sc: 36.0
region size: 10
tbl0_rows:39 filtered_rows:39
QIP_gurobi_bound: solver finished in 1.712 s (time_limit=100.0 s, status=OPTIMAL)
[ Info: slice 1, lp_score: 5410.0, primal_bound: 5410.0
QIP_gurobi_bound: solver finished in 1.441 s (time_limit=100.0 s, status=OPTIMAL)
[ Info: slice 2, lp_score: 5401.0, primal_bound: 5410.0
[ Info: new_scs: [35]
[ Info: lp_scores: [5410.0]
[ Info: lp_scores: 5410.0
[ Info: current num of unfinished slices: 27, finished slices: 2
                      ┌                                        ┐ 
                   35 ┤■■■■■■■■■■■■ 1                            
                   36 ┤ 0                                        
                   37 ┤■■■■■■■■■■■■ 1                            
                   38 ┤■■■■■■■■■■■■■■■■■■■■■■■■■■■■■■■■■■■■■ 3   
                   39 ┤■■■■■■■■■■■■ 1                            
                   40 ┤■■■■■■■■■■■■ 1                            
                   41 ┤■■■■■■■■■■■■ 1                            
                   42 ┤■■■■■■■■■■■■■■■■■■■■■■■■■ 2               
                   43 ┤ 0                                        
                   44 ┤■■■■■■■■■■■■■■■■■■■■■■■■■ 2               
                   45 ┤■■■■■■■■■■■■ 1                            
                   46 ┤ 0                                        
   sc, target = 31 47 ┤■■■■■■■■■■■■ 1                            
                   48 ┤ 0                                        
                   49 ┤■■■■■■■■■■■■ 1                            
                   50 ┤ 0                                        
                   51 ┤■■■■■■■■■■■■■■■■■■■■■■■■■ 2               
                   52 ┤■■■■■■■■■■■■ 1                            
                   53 ┤ 0                                        
                   54 ┤■■■■■■■■■■■■■■■■■■■■■■■■■ 2               
                   55 ┤ 0                                        
                   56 ┤■■■■■■■■■■■■■■■■■■■■■■■■■ 2               
                   57 ┤■■■■■■■■■■■■■■■■■■■■■■■■■ 2               
                   58 ┤■■■■■■■■■■■■ 1                            
                   59 ┤■■■■■■■■■■■■■■■■■■■■■■■■■ 2               
                      └                                        ┘ 
                                     num of slices               
[ Info: slicing branch with sc: 35.0
[ Info: cc.sc: 35.0
region size: 10
tbl0_rows:37 filtered_rows:37
QIP_gurobi_bound: solver finished in 1.264 s (time_limit=100.0 s, status=OPTIMAL)
[ Info: slice 1, lp_score: 5410.0, primal_bound: 5410.0
QIP_gurobi_bound: solver finished in 1.275 s (time_limit=100.0 s, status=OPTIMAL)
[ Info: slice 2, lp_score: 5409.0, primal_bound: 5410.0
[ Info: new_scs: [34]
[ Info: lp_scores: [5410.0]
[ Info: lp_scores: 5410.0
[ Info: current num of unfinished slices: 27, finished slices: 2
                      ┌                                        ┐ 
                   34 ┤■■■■■■■■■■■■ 1                            
                   35 ┤ 0                                        
                   36 ┤ 0                                        
                   37 ┤■■■■■■■■■■■■ 1                            
                   38 ┤■■■■■■■■■■■■■■■■■■■■■■■■■■■■■■■■■■■■■ 3   
                   39 ┤■■■■■■■■■■■■ 1                            
                   40 ┤■■■■■■■■■■■■ 1                            
                   41 ┤■■■■■■■■■■■■ 1                            
                   42 ┤■■■■■■■■■■■■■■■■■■■■■■■■■ 2               
                   43 ┤ 0                                        
                   44 ┤■■■■■■■■■■■■■■■■■■■■■■■■■ 2               
                   45 ┤■■■■■■■■■■■■ 1                            
   sc, target = 31 46 ┤ 0                                        
                   47 ┤■■■■■■■■■■■■ 1                            
                   48 ┤ 0                                        
                   49 ┤■■■■■■■■■■■■ 1                            
                   50 ┤ 0                                        
                   51 ┤■■■■■■■■■■■■■■■■■■■■■■■■■ 2               
                   52 ┤■■■■■■■■■■■■ 1                            
                   53 ┤ 0                                        
                   54 ┤■■■■■■■■■■■■■■■■■■■■■■■■■ 2               
                   55 ┤ 0                                        
                   56 ┤■■■■■■■■■■■■■■■■■■■■■■■■■ 2               
                   57 ┤■■■■■■■■■■■■■■■■■■■■■■■■■ 2               
                   58 ┤■■■■■■■■■■■■ 1                            
                   59 ┤■■■■■■■■■■■■■■■■■■■■■■■■■ 2               
                      └                                        ┘ 
                                     num of slices               
[ Info: slicing branch with sc: 34.0
[ Info: cc.sc: 34.0
region size: 10
tbl0_rows:76 filtered_rows:76
QIP_gurobi_bound: solver finished in 1.46 s (time_limit=100.0 s, status=OPTIMAL)
[ Info: slice 1, lp_score: 5407.0, primal_bound: 5410.0
QIP_gurobi_bound: solver finished in 1.282 s (time_limit=100.0 s, status=OPTIMAL)
[ Info: slice 2, lp_score: 5410.0, primal_bound: 5410.0
[ Info: new_scs: [32]
[ Info: lp_scores: [5410.0]
[ Info: lp_scores: 5410.0
[ Info: current num of unfinished slices: 27, finished slices: 2
                      ┌                                        ┐ 
                   32 ┤■■■■■■■■■■■■ 1                            
                   33 ┤ 0                                        
                   34 ┤ 0                                        
                   35 ┤ 0                                        
                   36 ┤ 0                                        
                   37 ┤■■■■■■■■■■■■ 1                            
                   38 ┤■■■■■■■■■■■■■■■■■■■■■■■■■■■■■■■■■■■■■ 3   
                   39 ┤■■■■■■■■■■■■ 1                            
                   40 ┤■■■■■■■■■■■■ 1                            
                   41 ┤■■■■■■■■■■■■ 1                            
                   42 ┤■■■■■■■■■■■■■■■■■■■■■■■■■ 2               
                   43 ┤ 0                                        
                   44 ┤■■■■■■■■■■■■■■■■■■■■■■■■■ 2               
   sc, target = 31 45 ┤■■■■■■■■■■■■ 1                            
                   46 ┤ 0                                        
                   47 ┤■■■■■■■■■■■■ 1                            
                   48 ┤ 0                                        
                   49 ┤■■■■■■■■■■■■ 1                            
                   50 ┤ 0                                        
                   51 ┤■■■■■■■■■■■■■■■■■■■■■■■■■ 2               
                   52 ┤■■■■■■■■■■■■ 1                            
                   53 ┤ 0                                        
                   54 ┤■■■■■■■■■■■■■■■■■■■■■■■■■ 2               
                   55 ┤ 0                                        
                   56 ┤■■■■■■■■■■■■■■■■■■■■■■■■■ 2               
                   57 ┤■■■■■■■■■■■■■■■■■■■■■■■■■ 2               
                   58 ┤■■■■■■■■■■■■ 1                            
                   59 ┤■■■■■■■■■■■■■■■■■■■■■■■■■ 2               
                      └                                        ┘ 
                                     num of slices               
[ Info: slicing branch with sc: 32.0
[ Info: cc.sc: 32.0
region size: 10
tbl0_rows:21 filtered_rows:21
QIP_gurobi_bound: solver finished in 1.344 s (time_limit=100.0 s, status=OPTIMAL)
[ Info: slice 1, lp_score: 5407.0, primal_bound: 5410.0
QIP_gurobi_bound: solver finished in 1.344 s (time_limit=100.0 s, status=OPTIMAL)
[ Info: slice 2, lp_score: 5410.0, primal_bound: 5410.0
[ Info: new_scs: [31]
[ Info: lp_scores: [5410.0]
[ Info: lp_scores: 5410.0
[ Info: current num of unfinished slices: 27, finished slices: 2
                      ┌                                        ┐ 
                   31 ┤■■■■■■■■■■■■ 1                            
                   32 ┤ 0                                        
                   33 ┤ 0                                        
                   34 ┤ 0                                        
                   35 ┤ 0                                        
                   36 ┤ 0                                        
                   37 ┤■■■■■■■■■■■■ 1                            
                   38 ┤■■■■■■■■■■■■■■■■■■■■■■■■■■■■■■■■■■■■■ 3   
                   39 ┤■■■■■■■■■■■■ 1                            
                   40 ┤■■■■■■■■■■■■ 1                            
                   41 ┤■■■■■■■■■■■■ 1                            
                   42 ┤■■■■■■■■■■■■■■■■■■■■■■■■■ 2               
                   43 ┤ 0                                        
                   44 ┤■■■■■■■■■■■■■■■■■■■■■■■■■ 2               
   sc, target = 31 45 ┤■■■■■■■■■■■■ 1                            
                   46 ┤ 0                                        
                   47 ┤■■■■■■■■■■■■ 1                            
                   48 ┤ 0                                        
                   49 ┤■■■■■■■■■■■■ 1                            
                   50 ┤ 0                                        
                   51 ┤■■■■■■■■■■■■■■■■■■■■■■■■■ 2               
                   52 ┤■■■■■■■■■■■■ 1                            
                   53 ┤ 0                                        
                   54 ┤■■■■■■■■■■■■■■■■■■■■■■■■■ 2               
                   55 ┤ 0                                        
                   56 ┤■■■■■■■■■■■■■■■■■■■■■■■■■ 2               
                   57 ┤■■■■■■■■■■■■■■■■■■■■■■■■■ 2               
                   58 ┤■■■■■■■■■■■■ 1                            
                   59 ┤■■■■■■■■■■■■■■■■■■■■■■■■■ 2               
                      └                                        ┘ 
                                     num of slices               
[ Info: slicing branch with sc: 31.0
  [slice produced] sc=31.0 tc=46.20925367412995 nv=3550 ne=6927 r=48.0
QIP_value_gurobi: solver finished in 1.329 s (time_limit=604800.0 s, status=OPTIMAL)
[ Info: feasible solution: 5410.0, primal bound: 5410.0
[ Info: current num of unfinished slices: 26, finished slices: 3
                      ┌                                        ┐ 
                   37 ┤■■■■■■■■■■■■ 1                            
                   38 ┤■■■■■■■■■■■■■■■■■■■■■■■■■■■■■■■■■■■■■ 3   
                   39 ┤■■■■■■■■■■■■ 1                            
                   40 ┤■■■■■■■■■■■■ 1                            
                   41 ┤■■■■■■■■■■■■ 1                            
                   42 ┤■■■■■■■■■■■■■■■■■■■■■■■■■ 2               
                   43 ┤ 0                                        
                   44 ┤■■■■■■■■■■■■■■■■■■■■■■■■■ 2               
                   45 ┤■■■■■■■■■■■■ 1                            
                   46 ┤ 0                                        
                   47 ┤■■■■■■■■■■■■ 1                            
   sc, target = 31 48 ┤ 0                                        
                   49 ┤■■■■■■■■■■■■ 1                            
                   50 ┤ 0                                        
                   51 ┤■■■■■■■■■■■■■■■■■■■■■■■■■ 2               
                   52 ┤■■■■■■■■■■■■ 1                            
                   53 ┤ 0                                        
                   54 ┤■■■■■■■■■■■■■■■■■■■■■■■■■ 2               
                   55 ┤ 0                                        
                   56 ┤■■■■■■■■■■■■■■■■■■■■■■■■■ 2               
                   57 ┤■■■■■■■■■■■■■■■■■■■■■■■■■ 2               
                   58 ┤■■■■■■■■■■■■ 1                            
                   59 ┤■■■■■■■■■■■■■■■■■■■■■■■■■ 2               
                      └                                        ┘ 
                                     num of slices               
[ Info: slicing branch with sc: 37.0
[ Info: cc.sc: 37.0
region size: 10
tbl0_rows:27 filtered_rows:27
QIP_gurobi_bound: solver finished in 1.449 s (time_limit=100.0 s, status=OPTIMAL)
[ Info: slice 1, lp_score: 5409.0, primal_bound: 5410.0
QIP_gurobi_bound: solver finished in 1.346 s (time_limit=100.0 s, status=OPTIMAL)
[ Info: slice 2, lp_score: 5400.0, primal_bound: 5410.0
[ Info: new_scs: Int64[]
[ Info: lp_scores: Float64[]
[ Info: current num of unfinished slices: 25, finished slices: 3
                      ┌                                        ┐ 
                   38 ┤■■■■■■■■■■■■■■■■■■■■■■■■■■■■■■■■■■■■■ 3   
                   39 ┤■■■■■■■■■■■■ 1                            
                   40 ┤■■■■■■■■■■■■ 1                            
                   41 ┤■■■■■■■■■■■■ 1                            
                   42 ┤■■■■■■■■■■■■■■■■■■■■■■■■■ 2               
                   43 ┤ 0                                        
                   44 ┤■■■■■■■■■■■■■■■■■■■■■■■■■ 2               
                   45 ┤■■■■■■■■■■■■ 1                            
                   46 ┤ 0                                        
                   47 ┤■■■■■■■■■■■■ 1                            
   sc, target = 31 48 ┤ 0                                        
                   49 ┤■■■■■■■■■■■■ 1                            
                   50 ┤ 0                                        
                   51 ┤■■■■■■■■■■■■■■■■■■■■■■■■■ 2               
                   52 ┤■■■■■■■■■■■■ 1                            
                   53 ┤ 0                                        
                   54 ┤■■■■■■■■■■■■■■■■■■■■■■■■■ 2               
                   55 ┤ 0                                        
                   56 ┤■■■■■■■■■■■■■■■■■■■■■■■■■ 2               
                   57 ┤■■■■■■■■■■■■■■■■■■■■■■■■■ 2               
                   58 ┤■■■■■■■■■■■■ 1                            
                   59 ┤■■■■■■■■■■■■■■■■■■■■■■■■■ 2               
                      └                                        ┘ 
                                     num of slices               
[ Info: slicing branch with sc: 38.0
[ Info: cc.sc: 38.0
region size: 10
tbl0_rows:38 filtered_rows:38
QIP_gurobi_bound: solver finished in 1.273 s (time_limit=100.0 s, status=OPTIMAL)
[ Info: slice 1, lp_score: 5408.0, primal_bound: 5410.0
QIP_gurobi_bound: solver finished in 1.306 s (time_limit=100.0 s, status=OPTIMAL)
[ Info: slice 2, lp_score: 5405.0, primal_bound: 5410.0
[ Info: new_scs: Int64[]
[ Info: lp_scores: Float64[]
[ Info: current num of unfinished slices: 24, finished slices: 3
                      ┌                                        ┐ 
                   38 ┤■■■■■■■■■■■■■■■■■■■■■■■■■■■■■■■■■■■■■ 2   
                   39 ┤■■■■■■■■■■■■■■■■■■■ 1                     
                   40 ┤■■■■■■■■■■■■■■■■■■■ 1                     
                   41 ┤■■■■■■■■■■■■■■■■■■■ 1                     
                   42 ┤■■■■■■■■■■■■■■■■■■■■■■■■■■■■■■■■■■■■■ 2   
                   43 ┤ 0                                        
                   44 ┤■■■■■■■■■■■■■■■■■■■■■■■■■■■■■■■■■■■■■ 2   
                   45 ┤■■■■■■■■■■■■■■■■■■■ 1                     
                   46 ┤ 0                                        
                   47 ┤■■■■■■■■■■■■■■■■■■■ 1                     
   sc, target = 31 48 ┤ 0                                        
                   49 ┤■■■■■■■■■■■■■■■■■■■ 1                     
                   50 ┤ 0                                        
                   51 ┤■■■■■■■■■■■■■■■■■■■■■■■■■■■■■■■■■■■■■ 2   
                   52 ┤■■■■■■■■■■■■■■■■■■■ 1                     
                   53 ┤ 0                                        
                   54 ┤■■■■■■■■■■■■■■■■■■■■■■■■■■■■■■■■■■■■■ 2   
                   55 ┤ 0                                        
                   56 ┤■■■■■■■■■■■■■■■■■■■■■■■■■■■■■■■■■■■■■ 2   
                   57 ┤■■■■■■■■■■■■■■■■■■■■■■■■■■■■■■■■■■■■■ 2   
                   58 ┤■■■■■■■■■■■■■■■■■■■ 1                     
                   59 ┤■■■■■■■■■■■■■■■■■■■■■■■■■■■■■■■■■■■■■ 2   
                      └                                        ┘ 
                                     num of slices               
[ Info: slicing branch with sc: 38.0
[ Info: cc.sc: 38.0
region size: 10
tbl0_rows:23 filtered_rows:23
QIP_gurobi_bound: solver finished in 1.392 s (time_limit=100.0 s, status=OPTIMAL)
[ Info: slice 1, lp_score: 5405.0, primal_bound: 5410.0
QIP_gurobi_bound: solver finished in 1.49 s (time_limit=100.0 s, status=OPTIMAL)
[ Info: slice 2, lp_score: 5403.0, primal_bound: 5410.0
[ Info: new_scs: Int64[]
[ Info: lp_scores: Float64[]
[ Info: current num of unfinished slices: 23, finished slices: 3
                      ┌                                        ┐ 
                   38 ┤■■■■■■■■■■■■■■■■■■■ 1                     
                   39 ┤■■■■■■■■■■■■■■■■■■■ 1                     
                   40 ┤■■■■■■■■■■■■■■■■■■■ 1                     
                   41 ┤■■■■■■■■■■■■■■■■■■■ 1                     
                   42 ┤■■■■■■■■■■■■■■■■■■■■■■■■■■■■■■■■■■■■■ 2   
                   43 ┤ 0                                        
                   44 ┤■■■■■■■■■■■■■■■■■■■■■■■■■■■■■■■■■■■■■ 2   
                   45 ┤■■■■■■■■■■■■■■■■■■■ 1                     
                   46 ┤ 0                                        
                   47 ┤■■■■■■■■■■■■■■■■■■■ 1                     
   sc, target = 31 48 ┤ 0                                        
                   49 ┤■■■■■■■■■■■■■■■■■■■ 1                     
                   50 ┤ 0                                        
                   51 ┤■■■■■■■■■■■■■■■■■■■■■■■■■■■■■■■■■■■■■ 2   
                   52 ┤■■■■■■■■■■■■■■■■■■■ 1                     
                   53 ┤ 0                                        
                   54 ┤■■■■■■■■■■■■■■■■■■■■■■■■■■■■■■■■■■■■■ 2   
                   55 ┤ 0                                        
                   56 ┤■■■■■■■■■■■■■■■■■■■■■■■■■■■■■■■■■■■■■ 2   
                   57 ┤■■■■■■■■■■■■■■■■■■■■■■■■■■■■■■■■■■■■■ 2   
                   58 ┤■■■■■■■■■■■■■■■■■■■ 1                     
                   59 ┤■■■■■■■■■■■■■■■■■■■■■■■■■■■■■■■■■■■■■ 2   
                      └                                        ┘ 
                                     num of slices               
[ Info: slicing branch with sc: 38.0
[ Info: cc.sc: 38.0
region size: 10
tbl0_rows:23 filtered_rows:23
QIP_gurobi_bound: solver finished in 1.334 s (time_limit=100.0 s, status=OPTIMAL)
[ Info: slice 1, lp_score: 5402.0, primal_bound: 5410.0
QIP_gurobi_bound: solver finished in 1.299 s (time_limit=100.0 s, status=OPTIMAL)
[ Info: slice 2, lp_score: 5404.0, primal_bound: 5410.0
[ Info: new_scs: Int64[]
[ Info: lp_scores: Float64[]
[ Info: current num of unfinished slices: 22, finished slices: 3
                      ┌                                        ┐ 
                   39 ┤■■■■■■■■■■■■■■■■■■■ 1                     
                   40 ┤■■■■■■■■■■■■■■■■■■■ 1                     
                   41 ┤■■■■■■■■■■■■■■■■■■■ 1                     
                   42 ┤■■■■■■■■■■■■■■■■■■■■■■■■■■■■■■■■■■■■■ 2   
                   43 ┤ 0                                        
                   44 ┤■■■■■■■■■■■■■■■■■■■■■■■■■■■■■■■■■■■■■ 2   
                   45 ┤■■■■■■■■■■■■■■■■■■■ 1                     
                   46 ┤ 0                                        
                   47 ┤■■■■■■■■■■■■■■■■■■■ 1                     
                   48 ┤ 0                                        
   sc, target = 31 49 ┤■■■■■■■■■■■■■■■■■■■ 1                     
                   50 ┤ 0                                        
                   51 ┤■■■■■■■■■■■■■■■■■■■■■■■■■■■■■■■■■■■■■ 2   
                   52 ┤■■■■■■■■■■■■■■■■■■■ 1                     
                   53 ┤ 0                                        
                   54 ┤■■■■■■■■■■■■■■■■■■■■■■■■■■■■■■■■■■■■■ 2   
                   55 ┤ 0                                        
                   56 ┤■■■■■■■■■■■■■■■■■■■■■■■■■■■■■■■■■■■■■ 2   
                   57 ┤■■■■■■■■■■■■■■■■■■■■■■■■■■■■■■■■■■■■■ 2   
                   58 ┤■■■■■■■■■■■■■■■■■■■ 1                     
                   59 ┤■■■■■■■■■■■■■■■■■■■■■■■■■■■■■■■■■■■■■ 2   
                      └                                        ┘ 
                                     num of slices               
[ Info: slicing branch with sc: 39.0
[ Info: cc.sc: 39.0
region size: 10
tbl0_rows:30 filtered_rows:30
QIP_gurobi_bound: solver finished in 1.469 s (time_limit=100.0 s, status=OPTIMAL)
[ Info: slice 1, lp_score: 5410.0, primal_bound: 5410.0
QIP_gurobi_bound: solver finished in 1.429 s (time_limit=100.0 s, status=OPTIMAL)
[ Info: slice 2, lp_score: 5406.0, primal_bound: 5410.0
[ Info: new_scs: [38]
[ Info: lp_scores: [5410.0]
[ Info: lp_scores: 5410.0
[ Info: current num of unfinished slices: 22, finished slices: 3
                      ┌                                        ┐ 
                   38 ┤■■■■■■■■■■■■■■■■■■■ 1                     
                   39 ┤ 0                                        
                   40 ┤■■■■■■■■■■■■■■■■■■■ 1                     
                   41 ┤■■■■■■■■■■■■■■■■■■■ 1                     
                   42 ┤■■■■■■■■■■■■■■■■■■■■■■■■■■■■■■■■■■■■■ 2   
                   43 ┤ 0                                        
                   44 ┤■■■■■■■■■■■■■■■■■■■■■■■■■■■■■■■■■■■■■ 2   
                   45 ┤■■■■■■■■■■■■■■■■■■■ 1                     
                   46 ┤ 0                                        
                   47 ┤■■■■■■■■■■■■■■■■■■■ 1                     
   sc, target = 31 48 ┤ 0                                        
                   49 ┤■■■■■■■■■■■■■■■■■■■ 1                     
                   50 ┤ 0                                        
                   51 ┤■■■■■■■■■■■■■■■■■■■■■■■■■■■■■■■■■■■■■ 2   
                   52 ┤■■■■■■■■■■■■■■■■■■■ 1                     
                   53 ┤ 0                                        
                   54 ┤■■■■■■■■■■■■■■■■■■■■■■■■■■■■■■■■■■■■■ 2   
                   55 ┤ 0                                        
                   56 ┤■■■■■■■■■■■■■■■■■■■■■■■■■■■■■■■■■■■■■ 2   
                   57 ┤■■■■■■■■■■■■■■■■■■■■■■■■■■■■■■■■■■■■■ 2   
                   58 ┤■■■■■■■■■■■■■■■■■■■ 1                     
                   59 ┤■■■■■■■■■■■■■■■■■■■■■■■■■■■■■■■■■■■■■ 2   
                      └                                        ┘ 
                                     num of slices               
[ Info: slicing branch with sc: 38.0
[ Info: cc.sc: 38.0
region size: 10
tbl0_rows:20 filtered_rows:20
QIP_gurobi_bound: solver finished in 1.468 s (time_limit=100.0 s, status=OPTIMAL)
[ Info: slice 1, lp_score: 5410.0, primal_bound: 5410.0
QIP_gurobi_bound: solver finished in 1.567 s (time_limit=100.0 s, status=OPTIMAL)
[ Info: slice 2, lp_score: 5401.0, primal_bound: 5410.0
[ Info: new_scs: [37]
[ Info: lp_scores: [5410.0]
[ Info: lp_scores: 5410.0
[ Info: current num of unfinished slices: 22, finished slices: 3
                      ┌                                        ┐ 
                   37 ┤■■■■■■■■■■■■■■■■■■■ 1                     
                   38 ┤ 0                                        
                   39 ┤ 0                                        
                   40 ┤■■■■■■■■■■■■■■■■■■■ 1                     
                   41 ┤■■■■■■■■■■■■■■■■■■■ 1                     
                   42 ┤■■■■■■■■■■■■■■■■■■■■■■■■■■■■■■■■■■■■■ 2   
                   43 ┤ 0                                        
                   44 ┤■■■■■■■■■■■■■■■■■■■■■■■■■■■■■■■■■■■■■ 2   
                   45 ┤■■■■■■■■■■■■■■■■■■■ 1                     
                   46 ┤ 0                                        
                   47 ┤■■■■■■■■■■■■■■■■■■■ 1                     
   sc, target = 31 48 ┤ 0                                        
                   49 ┤■■■■■■■■■■■■■■■■■■■ 1                     
                   50 ┤ 0                                        
                   51 ┤■■■■■■■■■■■■■■■■■■■■■■■■■■■■■■■■■■■■■ 2   
                   52 ┤■■■■■■■■■■■■■■■■■■■ 1                     
                   53 ┤ 0                                        
                   54 ┤■■■■■■■■■■■■■■■■■■■■■■■■■■■■■■■■■■■■■ 2   
                   55 ┤ 0                                        
                   56 ┤■■■■■■■■■■■■■■■■■■■■■■■■■■■■■■■■■■■■■ 2   
                   57 ┤■■■■■■■■■■■■■■■■■■■■■■■■■■■■■■■■■■■■■ 2   
                   58 ┤■■■■■■■■■■■■■■■■■■■ 1                     
                   59 ┤■■■■■■■■■■■■■■■■■■■■■■■■■■■■■■■■■■■■■ 2   
                      └                                        ┘ 
                                     num of slices               
[ Info: slicing branch with sc: 37.0
[ Info: cc.sc: 37.0
region size: 10
tbl0_rows:17 filtered_rows:17
QIP_gurobi_bound: solver finished in 1.277 s (time_limit=100.0 s, status=OPTIMAL)
[ Info: slice 1, lp_score: 5410.0, primal_bound: 5410.0
QIP_gurobi_bound: solver finished in 1.456 s (time_limit=100.0 s, status=OPTIMAL)
[ Info: slice 2, lp_score: 5410.0, primal_bound: 5410.0
[ Info: new_scs: [36, 36]
[ Info: lp_scores: [5410.0, 5410.0]
[ Info: lp_scores: 5410.0
[ Info: lp_scores: 5410.0
[ Info: current num of unfinished slices: 23, finished slices: 3
                      ┌                                        ┐ 
                   36 ┤■■■■■■■■■■■■■■■■■■■■■■■■■■■■■■■■■■■■■ 2   
                   37 ┤ 0                                        
                   38 ┤ 0                                        
                   39 ┤ 0                                        
                   40 ┤■■■■■■■■■■■■■■■■■■■ 1                     
                   41 ┤■■■■■■■■■■■■■■■■■■■ 1                     
                   42 ┤■■■■■■■■■■■■■■■■■■■■■■■■■■■■■■■■■■■■■ 2   
                   43 ┤ 0                                        
                   44 ┤■■■■■■■■■■■■■■■■■■■■■■■■■■■■■■■■■■■■■ 2   
                   45 ┤■■■■■■■■■■■■■■■■■■■ 1                     
                   46 ┤ 0                                        
   sc, target = 31 47 ┤■■■■■■■■■■■■■■■■■■■ 1                     
                   48 ┤ 0                                        
                   49 ┤■■■■■■■■■■■■■■■■■■■ 1                     
                   50 ┤ 0                                        
                   51 ┤■■■■■■■■■■■■■■■■■■■■■■■■■■■■■■■■■■■■■ 2   
                   52 ┤■■■■■■■■■■■■■■■■■■■ 1                     
                   53 ┤ 0                                        
                   54 ┤■■■■■■■■■■■■■■■■■■■■■■■■■■■■■■■■■■■■■ 2   
                   55 ┤ 0                                        
                   56 ┤■■■■■■■■■■■■■■■■■■■■■■■■■■■■■■■■■■■■■ 2   
                   57 ┤■■■■■■■■■■■■■■■■■■■■■■■■■■■■■■■■■■■■■ 2   
                   58 ┤■■■■■■■■■■■■■■■■■■■ 1                     
                   59 ┤■■■■■■■■■■■■■■■■■■■■■■■■■■■■■■■■■■■■■ 2   
                      └                                        ┘ 
                                     num of slices               
[ Info: slicing branch with sc: 36.0
[ Info: cc.sc: 36.0
region size: 10
tbl0_rows:40 filtered_rows:40
QIP_gurobi_bound: solver finished in 1.27 s (time_limit=100.0 s, status=OPTIMAL)
[ Info: slice 1, lp_score: 5410.0, primal_bound: 5410.0
QIP_gurobi_bound: solver finished in 1.348 s (time_limit=100.0 s, status=OPTIMAL)
[ Info: slice 2, lp_score: 5409.0, primal_bound: 5410.0
[ Info: new_scs: [35]
[ Info: lp_scores: [5410.0]
[ Info: lp_scores: 5410.0
[ Info: current num of unfinished slices: 23, finished slices: 3
                      ┌                                        ┐ 
                   35 ┤■■■■■■■■■■■■■■■■■■■ 1                     
                   36 ┤■■■■■■■■■■■■■■■■■■■ 1                     
                   37 ┤ 0                                        
                   38 ┤ 0                                        
                   39 ┤ 0                                        
                   40 ┤■■■■■■■■■■■■■■■■■■■ 1                     
                   41 ┤■■■■■■■■■■■■■■■■■■■ 1                     
                   42 ┤■■■■■■■■■■■■■■■■■■■■■■■■■■■■■■■■■■■■■ 2   
                   43 ┤ 0                                        
                   44 ┤■■■■■■■■■■■■■■■■■■■■■■■■■■■■■■■■■■■■■ 2   
                   45 ┤■■■■■■■■■■■■■■■■■■■ 1                     
                   46 ┤ 0                                        
   sc, target = 31 47 ┤■■■■■■■■■■■■■■■■■■■ 1                     
                   48 ┤ 0                                        
                   49 ┤■■■■■■■■■■■■■■■■■■■ 1                     
                   50 ┤ 0                                        
                   51 ┤■■■■■■■■■■■■■■■■■■■■■■■■■■■■■■■■■■■■■ 2   
                   52 ┤■■■■■■■■■■■■■■■■■■■ 1                     
                   53 ┤ 0                                        
                   54 ┤■■■■■■■■■■■■■■■■■■■■■■■■■■■■■■■■■■■■■ 2   
                   55 ┤ 0                                        
                   56 ┤■■■■■■■■■■■■■■■■■■■■■■■■■■■■■■■■■■■■■ 2   
                   57 ┤■■■■■■■■■■■■■■■■■■■■■■■■■■■■■■■■■■■■■ 2   
                   58 ┤■■■■■■■■■■■■■■■■■■■ 1                     
                   59 ┤■■■■■■■■■■■■■■■■■■■■■■■■■■■■■■■■■■■■■ 2   
                      └                                        ┘ 
                                     num of slices               
[ Info: slicing branch with sc: 35.0
[ Info: cc.sc: 35.0
region size: 10
tbl0_rows:22 filtered_rows:22
QIP_gurobi_bound: solver finished in 1.451 s (time_limit=100.0 s, status=OPTIMAL)
[ Info: slice 1, lp_score: 5410.0, primal_bound: 5410.0
QIP_gurobi_bound: solver finished in 1.341 s (time_limit=100.0 s, status=OPTIMAL)
[ Info: slice 2, lp_score: 5407.0, primal_bound: 5410.0
[ Info: new_scs: [34]
[ Info: lp_scores: [5410.0]
[ Info: lp_scores: 5410.0
[ Info: current num of unfinished slices: 23, finished slices: 3
                      ┌                                        ┐ 
                   34 ┤■■■■■■■■■■■■■■■■■■■ 1                     
                   35 ┤ 0                                        
                   36 ┤■■■■■■■■■■■■■■■■■■■ 1                     
                   37 ┤ 0                                        
                   38 ┤ 0                                        
                   39 ┤ 0                                        
                   40 ┤■■■■■■■■■■■■■■■■■■■ 1                     
                   41 ┤■■■■■■■■■■■■■■■■■■■ 1                     
                   42 ┤■■■■■■■■■■■■■■■■■■■■■■■■■■■■■■■■■■■■■ 2   
                   43 ┤ 0                                        
                   44 ┤■■■■■■■■■■■■■■■■■■■■■■■■■■■■■■■■■■■■■ 2   
                   45 ┤■■■■■■■■■■■■■■■■■■■ 1                     
   sc, target = 31 46 ┤ 0                                        
                   47 ┤■■■■■■■■■■■■■■■■■■■ 1                     
                   48 ┤ 0                                        
                   49 ┤■■■■■■■■■■■■■■■■■■■ 1                     
                   50 ┤ 0                                        
                   51 ┤■■■■■■■■■■■■■■■■■■■■■■■■■■■■■■■■■■■■■ 2   
                   52 ┤■■■■■■■■■■■■■■■■■■■ 1                     
                   53 ┤ 0                                        
                   54 ┤■■■■■■■■■■■■■■■■■■■■■■■■■■■■■■■■■■■■■ 2   
                   55 ┤ 0                                        
                   56 ┤■■■■■■■■■■■■■■■■■■■■■■■■■■■■■■■■■■■■■ 2   
                   57 ┤■■■■■■■■■■■■■■■■■■■■■■■■■■■■■■■■■■■■■ 2   
                   58 ┤■■■■■■■■■■■■■■■■■■■ 1                     
                   59 ┤■■■■■■■■■■■■■■■■■■■■■■■■■■■■■■■■■■■■■ 2   
                      └                                        ┘ 
                                     num of slices               
[ Info: slicing branch with sc: 34.0
[ Info: cc.sc: 34.0
region size: 10
tbl0_rows:20 filtered_rows:20
QIP_gurobi_bound: solver finished in 1.307 s (time_limit=100.0 s, status=OPTIMAL)
[ Info: slice 1, lp_score: 5410.0, primal_bound: 5410.0
[ Info: new_scs: [34]
[ Info: lp_scores: [5410.0]
[ Info: lp_scores: 5410.0
[ Info: current num of unfinished slices: 23, finished slices: 3
                      ┌                                        ┐ 
                   34 ┤■■■■■■■■■■■■■■■■■■■ 1                     
                   35 ┤ 0                                        
                   36 ┤■■■■■■■■■■■■■■■■■■■ 1                     
                   37 ┤ 0                                        
                   38 ┤ 0                                        
                   39 ┤ 0                                        
                   40 ┤■■■■■■■■■■■■■■■■■■■ 1                     
                   41 ┤■■■■■■■■■■■■■■■■■■■ 1                     
                   42 ┤■■■■■■■■■■■■■■■■■■■■■■■■■■■■■■■■■■■■■ 2   
                   43 ┤ 0                                        
                   44 ┤■■■■■■■■■■■■■■■■■■■■■■■■■■■■■■■■■■■■■ 2   
                   45 ┤■■■■■■■■■■■■■■■■■■■ 1                     
   sc, target = 31 46 ┤ 0                                        
                   47 ┤■■■■■■■■■■■■■■■■■■■ 1                     
                   48 ┤ 0                                        
                   49 ┤■■■■■■■■■■■■■■■■■■■ 1                     
                   50 ┤ 0                                        
                   51 ┤■■■■■■■■■■■■■■■■■■■■■■■■■■■■■■■■■■■■■ 2   
                   52 ┤■■■■■■■■■■■■■■■■■■■ 1                     
                   53 ┤ 0                                        
                   54 ┤■■■■■■■■■■■■■■■■■■■■■■■■■■■■■■■■■■■■■ 2   
                   55 ┤ 0                                        
                   56 ┤■■■■■■■■■■■■■■■■■■■■■■■■■■■■■■■■■■■■■ 2   
                   57 ┤■■■■■■■■■■■■■■■■■■■■■■■■■■■■■■■■■■■■■ 2   
                   58 ┤■■■■■■■■■■■■■■■■■■■ 1                     
                   59 ┤■■■■■■■■■■■■■■■■■■■■■■■■■■■■■■■■■■■■■ 2   
                      └                                        ┘ 
                                     num of slices               
[ Info: slicing branch with sc: 34.0
[ Info: cc.sc: 34.0
region size: 10
tbl0_rows:28 filtered_rows:28
QIP_gurobi_bound: solver finished in 1.299 s (time_limit=100.0 s, status=OPTIMAL)
[ Info: slice 1, lp_score: 5405.0, primal_bound: 5410.0
QIP_gurobi_bound: solver finished in 1.227 s (time_limit=100.0 s, status=OPTIMAL)
[ Info: slice 2, lp_score: 5410.0, primal_bound: 5410.0
[ Info: new_scs: [33]
[ Info: lp_scores: [5410.0]
[ Info: lp_scores: 5410.0
[ Info: current num of unfinished slices: 23, finished slices: 3
                      ┌                                        ┐ 
                   33 ┤■■■■■■■■■■■■■■■■■■■ 1                     
                   34 ┤ 0                                        
                   35 ┤ 0                                        
                   36 ┤■■■■■■■■■■■■■■■■■■■ 1                     
                   37 ┤ 0                                        
                   38 ┤ 0                                        
                   39 ┤ 0                                        
                   40 ┤■■■■■■■■■■■■■■■■■■■ 1                     
                   41 ┤■■■■■■■■■■■■■■■■■■■ 1                     
                   42 ┤■■■■■■■■■■■■■■■■■■■■■■■■■■■■■■■■■■■■■ 2   
                   43 ┤ 0                                        
                   44 ┤■■■■■■■■■■■■■■■■■■■■■■■■■■■■■■■■■■■■■ 2   
                   45 ┤■■■■■■■■■■■■■■■■■■■ 1                     
   sc, target = 31 46 ┤ 0                                        
                   47 ┤■■■■■■■■■■■■■■■■■■■ 1                     
                   48 ┤ 0                                        
                   49 ┤■■■■■■■■■■■■■■■■■■■ 1                     
                   50 ┤ 0                                        
                   51 ┤■■■■■■■■■■■■■■■■■■■■■■■■■■■■■■■■■■■■■ 2   
                   52 ┤■■■■■■■■■■■■■■■■■■■ 1                     
                   53 ┤ 0                                        
                   54 ┤■■■■■■■■■■■■■■■■■■■■■■■■■■■■■■■■■■■■■ 2   
                   55 ┤ 0                                        
                   56 ┤■■■■■■■■■■■■■■■■■■■■■■■■■■■■■■■■■■■■■ 2   
                   57 ┤■■■■■■■■■■■■■■■■■■■■■■■■■■■■■■■■■■■■■ 2   
                   58 ┤■■■■■■■■■■■■■■■■■■■ 1                     
                   59 ┤■■■■■■■■■■■■■■■■■■■■■■■■■■■■■■■■■■■■■ 2   
                      └                                        ┘ 
                                     num of slices               
[ Info: slicing branch with sc: 33.0
[ Info: cc.sc: 33.0
region size: 10
tbl0_rows:32 filtered_rows:32
QIP_gurobi_bound: solver finished in 1.304 s (time_limit=100.0 s, status=OPTIMAL)
[ Info: slice 1, lp_score: 5410.0, primal_bound: 5410.0
QIP_gurobi_bound: solver finished in 1.316 s (time_limit=100.0 s, status=OPTIMAL)
[ Info: slice 2, lp_score: 5405.0, primal_bound: 5410.0
[ Info: new_scs: [32]
[ Info: lp_scores: [5410.0]
[ Info: lp_scores: 5410.0
[ Info: current num of unfinished slices: 23, finished slices: 3
                      ┌                                        ┐ 
                   32 ┤■■■■■■■■■■■■■■■■■■■ 1                     
                   33 ┤ 0                                        
                   34 ┤ 0                                        
                   35 ┤ 0                                        
                   36 ┤■■■■■■■■■■■■■■■■■■■ 1                     
                   37 ┤ 0                                        
                   38 ┤ 0                                        
                   39 ┤ 0                                        
                   40 ┤■■■■■■■■■■■■■■■■■■■ 1                     
                   41 ┤■■■■■■■■■■■■■■■■■■■ 1                     
                   42 ┤■■■■■■■■■■■■■■■■■■■■■■■■■■■■■■■■■■■■■ 2   
                   43 ┤ 0                                        
                   44 ┤■■■■■■■■■■■■■■■■■■■■■■■■■■■■■■■■■■■■■ 2   
   sc, target = 31 45 ┤■■■■■■■■■■■■■■■■■■■ 1                     
                   46 ┤ 0                                        
                   47 ┤■■■■■■■■■■■■■■■■■■■ 1                     
                   48 ┤ 0                                        
                   49 ┤■■■■■■■■■■■■■■■■■■■ 1                     
                   50 ┤ 0                                        
                   51 ┤■■■■■■■■■■■■■■■■■■■■■■■■■■■■■■■■■■■■■ 2   
                   52 ┤■■■■■■■■■■■■■■■■■■■ 1                     
                   53 ┤ 0                                        
                   54 ┤■■■■■■■■■■■■■■■■■■■■■■■■■■■■■■■■■■■■■ 2   
                   55 ┤ 0                                        
                   56 ┤■■■■■■■■■■■■■■■■■■■■■■■■■■■■■■■■■■■■■ 2   
                   57 ┤■■■■■■■■■■■■■■■■■■■■■■■■■■■■■■■■■■■■■ 2   
                   58 ┤■■■■■■■■■■■■■■■■■■■ 1                     
                   59 ┤■■■■■■■■■■■■■■■■■■■■■■■■■■■■■■■■■■■■■ 2   
                      └                                        ┘ 
                                     num of slices               
[ Info: slicing branch with sc: 32.0
[ Info: cc.sc: 32.0
region size: 10
tbl0_rows:37 filtered_rows:37
QIP_gurobi_bound: solver finished in 1.49 s (time_limit=100.0 s, status=OPTIMAL)
[ Info: slice 1, lp_score: 5410.0, primal_bound: 5410.0
QIP_gurobi_bound: solver finished in 1.374 s (time_limit=100.0 s, status=OPTIMAL)
[ Info: slice 2, lp_score: 5409.0, primal_bound: 5410.0
[ Info: new_scs: [31]
[ Info: lp_scores: [5410.0]
[ Info: lp_scores: 5410.0
[ Info: current num of unfinished slices: 23, finished slices: 3
                      ┌                                        ┐ 
                   31 ┤■■■■■■■■■■■■■■■■■■■ 1                     
                   32 ┤ 0                                        
                   33 ┤ 0                                        
                   34 ┤ 0                                        
                   35 ┤ 0                                        
                   36 ┤■■■■■■■■■■■■■■■■■■■ 1                     
                   37 ┤ 0                                        
                   38 ┤ 0                                        
                   39 ┤ 0                                        
                   40 ┤■■■■■■■■■■■■■■■■■■■ 1                     
                   41 ┤■■■■■■■■■■■■■■■■■■■ 1                     
                   42 ┤■■■■■■■■■■■■■■■■■■■■■■■■■■■■■■■■■■■■■ 2   
                   43 ┤ 0                                        
                   44 ┤■■■■■■■■■■■■■■■■■■■■■■■■■■■■■■■■■■■■■ 2   
   sc, target = 31 45 ┤■■■■■■■■■■■■■■■■■■■ 1                     
                   46 ┤ 0                                        
                   47 ┤■■■■■■■■■■■■■■■■■■■ 1                     
                   48 ┤ 0                                        
                   49 ┤■■■■■■■■■■■■■■■■■■■ 1                     
                   50 ┤ 0                                        
                   51 ┤■■■■■■■■■■■■■■■■■■■■■■■■■■■■■■■■■■■■■ 2   
                   52 ┤■■■■■■■■■■■■■■■■■■■ 1                     
                   53 ┤ 0                                        
                   54 ┤■■■■■■■■■■■■■■■■■■■■■■■■■■■■■■■■■■■■■ 2   
                   55 ┤ 0                                        
                   56 ┤■■■■■■■■■■■■■■■■■■■■■■■■■■■■■■■■■■■■■ 2   
                   57 ┤■■■■■■■■■■■■■■■■■■■■■■■■■■■■■■■■■■■■■ 2   
                   58 ┤■■■■■■■■■■■■■■■■■■■ 1                     
                   59 ┤■■■■■■■■■■■■■■■■■■■■■■■■■■■■■■■■■■■■■ 2   
                      └                                        ┘ 
                                     num of slices               
[ Info: slicing branch with sc: 31.0
  [slice produced] sc=31.0 tc=44.688261269992935 nv=3543 ne=6919 r=64.5
QIP_value_gurobi: solver finished in 1.46 s (time_limit=604800.0 s, status=OPTIMAL)
[ Info: feasible solution: 5410.0, primal bound: 5410.0
[ Info: current num of unfinished slices: 22, finished slices: 4
                      ┌                                        ┐ 
                   36 ┤■■■■■■■■■■■■■■■■■■■ 1                     
                   37 ┤ 0                                        
                   38 ┤ 0                                        
                   39 ┤ 0                                        
                   40 ┤■■■■■■■■■■■■■■■■■■■ 1                     
                   41 ┤■■■■■■■■■■■■■■■■■■■ 1                     
                   42 ┤■■■■■■■■■■■■■■■■■■■■■■■■■■■■■■■■■■■■■ 2   
                   43 ┤ 0                                        
                   44 ┤■■■■■■■■■■■■■■■■■■■■■■■■■■■■■■■■■■■■■ 2   
                   45 ┤■■■■■■■■■■■■■■■■■■■ 1                     
                   46 ┤ 0                                        
   sc, target = 31 47 ┤■■■■■■■■■■■■■■■■■■■ 1                     
                   48 ┤ 0                                        
                   49 ┤■■■■■■■■■■■■■■■■■■■ 1                     
                   50 ┤ 0                                        
                   51 ┤■■■■■■■■■■■■■■■■■■■■■■■■■■■■■■■■■■■■■ 2   
                   52 ┤■■■■■■■■■■■■■■■■■■■ 1                     
                   53 ┤ 0                                        
                   54 ┤■■■■■■■■■■■■■■■■■■■■■■■■■■■■■■■■■■■■■ 2   
                   55 ┤ 0                                        
                   56 ┤■■■■■■■■■■■■■■■■■■■■■■■■■■■■■■■■■■■■■ 2   
                   57 ┤■■■■■■■■■■■■■■■■■■■■■■■■■■■■■■■■■■■■■ 2   
                   58 ┤■■■■■■■■■■■■■■■■■■■ 1                     
                   59 ┤■■■■■■■■■■■■■■■■■■■■■■■■■■■■■■■■■■■■■ 2   
                      └                                        ┘ 
                                     num of slices               
[ Info: slicing branch with sc: 36.0
[ Info: cc.sc: 36.0
region size: 10
tbl0_rows:52 filtered_rows:52
QIP_gurobi_bound: solver finished in 1.26 s (time_limit=100.0 s, status=OPTIMAL)
[ Info: slice 1, lp_score: 5410.0, primal_bound: 5410.0
QIP_gurobi_bound: solver finished in 1.252 s (time_limit=100.0 s, status=OPTIMAL)
[ Info: slice 2, lp_score: 5407.0, primal_bound: 5410.0
[ Info: new_scs: [36]
[ Info: lp_scores: [5410.0]
[ Info: lp_scores: 5410.0
[ Info: current num of unfinished slices: 22, finished slices: 4
                      ┌                                        ┐ 
                   36 ┤■■■■■■■■■■■■■■■■■■■ 1                     
                   37 ┤ 0                                        
                   38 ┤ 0                                        
                   39 ┤ 0                                        
                   40 ┤■■■■■■■■■■■■■■■■■■■ 1                     
                   41 ┤■■■■■■■■■■■■■■■■■■■ 1                     
                   42 ┤■■■■■■■■■■■■■■■■■■■■■■■■■■■■■■■■■■■■■ 2   
                   43 ┤ 0                                        
                   44 ┤■■■■■■■■■■■■■■■■■■■■■■■■■■■■■■■■■■■■■ 2   
                   45 ┤■■■■■■■■■■■■■■■■■■■ 1                     
                   46 ┤ 0                                        
   sc, target = 31 47 ┤■■■■■■■■■■■■■■■■■■■ 1                     
                   48 ┤ 0                                        
                   49 ┤■■■■■■■■■■■■■■■■■■■ 1                     
                   50 ┤ 0                                        
                   51 ┤■■■■■■■■■■■■■■■■■■■■■■■■■■■■■■■■■■■■■ 2   
                   52 ┤■■■■■■■■■■■■■■■■■■■ 1                     
                   53 ┤ 0                                        
                   54 ┤■■■■■■■■■■■■■■■■■■■■■■■■■■■■■■■■■■■■■ 2   
                   55 ┤ 0                                        
                   56 ┤■■■■■■■■■■■■■■■■■■■■■■■■■■■■■■■■■■■■■ 2   
                   57 ┤■■■■■■■■■■■■■■■■■■■■■■■■■■■■■■■■■■■■■ 2   
                   58 ┤■■■■■■■■■■■■■■■■■■■ 1                     
                   59 ┤■■■■■■■■■■■■■■■■■■■■■■■■■■■■■■■■■■■■■ 2   
                      └                                        ┘ 
                                     num of slices               
[ Info: slicing branch with sc: 36.0
[ Info: cc.sc: 36.0
region size: 10
tbl0_rows:20 filtered_rows:20
QIP_gurobi_bound: solver finished in 1.49 s (time_limit=100.0 s, status=OPTIMAL)
[ Info: slice 1, lp_score: 5410.0, primal_bound: 5410.0
[ Info: new_scs: [36]
[ Info: lp_scores: [5410.0]
[ Info: lp_scores: 5410.0
[ Info: current num of unfinished slices: 22, finished slices: 4
                      ┌                                        ┐ 
                   36 ┤■■■■■■■■■■■■■■■■■■■ 1                     
                   37 ┤ 0                                        
                   38 ┤ 0                                        
                   39 ┤ 0                                        
                   40 ┤■■■■■■■■■■■■■■■■■■■ 1                     
                   41 ┤■■■■■■■■■■■■■■■■■■■ 1                     
                   42 ┤■■■■■■■■■■■■■■■■■■■■■■■■■■■■■■■■■■■■■ 2   
                   43 ┤ 0                                        
                   44 ┤■■■■■■■■■■■■■■■■■■■■■■■■■■■■■■■■■■■■■ 2   
                   45 ┤■■■■■■■■■■■■■■■■■■■ 1                     
                   46 ┤ 0                                        
   sc, target = 31 47 ┤■■■■■■■■■■■■■■■■■■■ 1                     
                   48 ┤ 0                                        
                   49 ┤■■■■■■■■■■■■■■■■■■■ 1                     
                   50 ┤ 0                                        
                   51 ┤■■■■■■■■■■■■■■■■■■■■■■■■■■■■■■■■■■■■■ 2   
                   52 ┤■■■■■■■■■■■■■■■■■■■ 1                     
                   53 ┤ 0                                        
                   54 ┤■■■■■■■■■■■■■■■■■■■■■■■■■■■■■■■■■■■■■ 2   
                   55 ┤ 0                                        
                   56 ┤■■■■■■■■■■■■■■■■■■■■■■■■■■■■■■■■■■■■■ 2   
                   57 ┤■■■■■■■■■■■■■■■■■■■■■■■■■■■■■■■■■■■■■ 2   
                   58 ┤■■■■■■■■■■■■■■■■■■■ 1                     
                   59 ┤■■■■■■■■■■■■■■■■■■■■■■■■■■■■■■■■■■■■■ 2   
                      └                                        ┘ 
                                     num of slices               
[ Info: slicing branch with sc: 36.0
[ Info: cc.sc: 36.0
region size: 10
tbl0_rows:28 filtered_rows:28
QIP_gurobi_bound: solver finished in 1.562 s (time_limit=100.0 s, status=OPTIMAL)
[ Info: slice 1, lp_score: 5410.0, primal_bound: 5410.0
QIP_gurobi_bound: solver finished in 1.638 s (time_limit=100.0 s, status=OPTIMAL)
[ Info: slice 2, lp_score: 5405.0, primal_bound: 5410.0
[ Info: new_scs: [35]
[ Info: lp_scores: [5410.0]
[ Info: lp_scores: 5410.0
[ Info: current num of unfinished slices: 22, finished slices: 4
                      ┌                                        ┐ 
                   35 ┤■■■■■■■■■■■■■■■■■■■ 1                     
                   36 ┤ 0                                        
                   37 ┤ 0                                        
                   38 ┤ 0                                        
                   39 ┤ 0                                        
                   40 ┤■■■■■■■■■■■■■■■■■■■ 1                     
                   41 ┤■■■■■■■■■■■■■■■■■■■ 1                     
                   42 ┤■■■■■■■■■■■■■■■■■■■■■■■■■■■■■■■■■■■■■ 2   
                   43 ┤ 0                                        
                   44 ┤■■■■■■■■■■■■■■■■■■■■■■■■■■■■■■■■■■■■■ 2   
                   45 ┤■■■■■■■■■■■■■■■■■■■ 1                     
                   46 ┤ 0                                        
   sc, target = 31 47 ┤■■■■■■■■■■■■■■■■■■■ 1                     
                   48 ┤ 0                                        
                   49 ┤■■■■■■■■■■■■■■■■■■■ 1                     
                   50 ┤ 0                                        
                   51 ┤■■■■■■■■■■■■■■■■■■■■■■■■■■■■■■■■■■■■■ 2   
                   52 ┤■■■■■■■■■■■■■■■■■■■ 1                     
                   53 ┤ 0                                        
                   54 ┤■■■■■■■■■■■■■■■■■■■■■■■■■■■■■■■■■■■■■ 2   
                   55 ┤ 0                                        
                   56 ┤■■■■■■■■■■■■■■■■■■■■■■■■■■■■■■■■■■■■■ 2   
                   57 ┤■■■■■■■■■■■■■■■■■■■■■■■■■■■■■■■■■■■■■ 2   
                   58 ┤■■■■■■■■■■■■■■■■■■■ 1                     
                   59 ┤■■■■■■■■■■■■■■■■■■■■■■■■■■■■■■■■■■■■■ 2   
                      └                                        ┘ 
                                     num of slices               
[ Info: slicing branch with sc: 35.0
[ Info: cc.sc: 35.0
region size: 10
tbl0_rows:22 filtered_rows:22
QIP_gurobi_bound: solver finished in 1.366 s (time_limit=100.0 s, status=OPTIMAL)
[ Info: slice 1, lp_score: 5410.0, primal_bound: 5410.0
QIP_gurobi_bound: solver finished in 1.67 s (time_limit=100.0 s, status=OPTIMAL)
[ Info: slice 2, lp_score: 5407.0, primal_bound: 5410.0
[ Info: new_scs: [34]
[ Info: lp_scores: [5410.0]
[ Info: lp_scores: 5410.0
[ Info: current num of unfinished slices: 22, finished slices: 4
                      ┌                                        ┐ 
                   34 ┤■■■■■■■■■■■■■■■■■■■ 1                     
                   35 ┤ 0                                        
                   36 ┤ 0                                        
                   37 ┤ 0                                        
                   38 ┤ 0                                        
                   39 ┤ 0                                        
                   40 ┤■■■■■■■■■■■■■■■■■■■ 1                     
                   41 ┤■■■■■■■■■■■■■■■■■■■ 1                     
                   42 ┤■■■■■■■■■■■■■■■■■■■■■■■■■■■■■■■■■■■■■ 2   
                   43 ┤ 0                                        
                   44 ┤■■■■■■■■■■■■■■■■■■■■■■■■■■■■■■■■■■■■■ 2   
                   45 ┤■■■■■■■■■■■■■■■■■■■ 1                     
   sc, target = 31 46 ┤ 0                                        
                   47 ┤■■■■■■■■■■■■■■■■■■■ 1                     
                   48 ┤ 0                                        
                   49 ┤■■■■■■■■■■■■■■■■■■■ 1                     
                   50 ┤ 0                                        
                   51 ┤■■■■■■■■■■■■■■■■■■■■■■■■■■■■■■■■■■■■■ 2   
                   52 ┤■■■■■■■■■■■■■■■■■■■ 1                     
                   53 ┤ 0                                        
                   54 ┤■■■■■■■■■■■■■■■■■■■■■■■■■■■■■■■■■■■■■ 2   
                   55 ┤ 0                                        
                   56 ┤■■■■■■■■■■■■■■■■■■■■■■■■■■■■■■■■■■■■■ 2   
                   57 ┤■■■■■■■■■■■■■■■■■■■■■■■■■■■■■■■■■■■■■ 2   
                   58 ┤■■■■■■■■■■■■■■■■■■■ 1                     
                   59 ┤■■■■■■■■■■■■■■■■■■■■■■■■■■■■■■■■■■■■■ 2   
                      └                                        ┘ 
                                     num of slices               
[ Info: slicing branch with sc: 34.0
[ Info: cc.sc: 34.0
region size: 10
tbl0_rows:70 filtered_rows:70
QIP_gurobi_bound: solver finished in 1.381 s (time_limit=100.0 s, status=OPTIMAL)
[ Info: slice 1, lp_score: 5410.0, primal_bound: 5410.0
QIP_gurobi_bound: solver finished in 1.368 s (time_limit=100.0 s, status=OPTIMAL)
[ Info: slice 2, lp_score: 5409.0, primal_bound: 5410.0
[ Info: new_scs: [33]
[ Info: lp_scores: [5410.0]
[ Info: lp_scores: 5410.0
[ Info: current num of unfinished slices: 22, finished slices: 4
                      ┌                                        ┐ 
                   33 ┤■■■■■■■■■■■■■■■■■■■ 1                     
                   34 ┤ 0                                        
                   35 ┤ 0                                        
                   36 ┤ 0                                        
                   37 ┤ 0                                        
                   38 ┤ 0                                        
                   39 ┤ 0                                        
                   40 ┤■■■■■■■■■■■■■■■■■■■ 1                     
                   41 ┤■■■■■■■■■■■■■■■■■■■ 1                     
                   42 ┤■■■■■■■■■■■■■■■■■■■■■■■■■■■■■■■■■■■■■ 2   
                   43 ┤ 0                                        
                   44 ┤■■■■■■■■■■■■■■■■■■■■■■■■■■■■■■■■■■■■■ 2   
                   45 ┤■■■■■■■■■■■■■■■■■■■ 1                     
   sc, target = 31 46 ┤ 0                                        
                   47 ┤■■■■■■■■■■■■■■■■■■■ 1                     
                   48 ┤ 0                                        
                   49 ┤■■■■■■■■■■■■■■■■■■■ 1                     
                   50 ┤ 0                                        
                   51 ┤■■■■■■■■■■■■■■■■■■■■■■■■■■■■■■■■■■■■■ 2   
                   52 ┤■■■■■■■■■■■■■■■■■■■ 1                     
                   53 ┤ 0                                        
                   54 ┤■■■■■■■■■■■■■■■■■■■■■■■■■■■■■■■■■■■■■ 2   
                   55 ┤ 0                                        
                   56 ┤■■■■■■■■■■■■■■■■■■■■■■■■■■■■■■■■■■■■■ 2   
                   57 ┤■■■■■■■■■■■■■■■■■■■■■■■■■■■■■■■■■■■■■ 2   
                   58 ┤■■■■■■■■■■■■■■■■■■■ 1                     
                   59 ┤■■■■■■■■■■■■■■■■■■■■■■■■■■■■■■■■■■■■■ 2   
                      └                                        ┘ 
                                     num of slices               
[ Info: slicing branch with sc: 33.0
[ Info: cc.sc: 33.0
region size: 10
tbl0_rows:22 filtered_rows:22
QIP_gurobi_bound: solver finished in 1.334 s (time_limit=100.0 s, status=OPTIMAL)
[ Info: slice 1, lp_score: 5410.0, primal_bound: 5410.0
QIP_gurobi_bound: solver finished in 1.378 s (time_limit=100.0 s, status=OPTIMAL)
[ Info: slice 2, lp_score: 5409.0, primal_bound: 5410.0
[ Info: new_scs: [33]
[ Info: lp_scores: [5410.0]
[ Info: lp_scores: 5410.0
[ Info: current num of unfinished slices: 22, finished slices: 4
                      ┌                                        ┐ 
                   33 ┤■■■■■■■■■■■■■■■■■■■ 1                     
                   34 ┤ 0                                        
                   35 ┤ 0                                        
                   36 ┤ 0                                        
                   37 ┤ 0                                        
                   38 ┤ 0                                        
                   39 ┤ 0                                        
                   40 ┤■■■■■■■■■■■■■■■■■■■ 1                     
                   41 ┤■■■■■■■■■■■■■■■■■■■ 1                     
                   42 ┤■■■■■■■■■■■■■■■■■■■■■■■■■■■■■■■■■■■■■ 2   
                   43 ┤ 0                                        
                   44 ┤■■■■■■■■■■■■■■■■■■■■■■■■■■■■■■■■■■■■■ 2   
                   45 ┤■■■■■■■■■■■■■■■■■■■ 1                     
   sc, target = 31 46 ┤ 0                                        
                   47 ┤■■■■■■■■■■■■■■■■■■■ 1                     
                   48 ┤ 0                                        
                   49 ┤■■■■■■■■■■■■■■■■■■■ 1                     
                   50 ┤ 0                                        
                   51 ┤■■■■■■■■■■■■■■■■■■■■■■■■■■■■■■■■■■■■■ 2   
                   52 ┤■■■■■■■■■■■■■■■■■■■ 1                     
                   53 ┤ 0                                        
                   54 ┤■■■■■■■■■■■■■■■■■■■■■■■■■■■■■■■■■■■■■ 2   
                   55 ┤ 0                                        
                   56 ┤■■■■■■■■■■■■■■■■■■■■■■■■■■■■■■■■■■■■■ 2   
                   57 ┤■■■■■■■■■■■■■■■■■■■■■■■■■■■■■■■■■■■■■ 2   
                   58 ┤■■■■■■■■■■■■■■■■■■■ 1                     
                   59 ┤■■■■■■■■■■■■■■■■■■■■■■■■■■■■■■■■■■■■■ 2   
                      └                                        ┘ 
                                     num of slices               
[ Info: slicing branch with sc: 33.0
[ Info: cc.sc: 33.0
region size: 10
tbl0_rows:36 filtered_rows:36
QIP_gurobi_bound: solver finished in 1.216 s (time_limit=100.0 s, status=OPTIMAL)
[ Info: slice 1, lp_score: 5410.0, primal_bound: 5410.0
[ Info: new_scs: [33]
[ Info: lp_scores: [5410.0]
[ Info: lp_scores: 5410.0
[ Info: current num of unfinished slices: 22, finished slices: 4
                      ┌                                        ┐ 
                   33 ┤■■■■■■■■■■■■■■■■■■■ 1                     
                   34 ┤ 0                                        
                   35 ┤ 0                                        
                   36 ┤ 0                                        
                   37 ┤ 0                                        
                   38 ┤ 0                                        
                   39 ┤ 0                                        
                   40 ┤■■■■■■■■■■■■■■■■■■■ 1                     
                   41 ┤■■■■■■■■■■■■■■■■■■■ 1                     
                   42 ┤■■■■■■■■■■■■■■■■■■■■■■■■■■■■■■■■■■■■■ 2   
                   43 ┤ 0                                        
                   44 ┤■■■■■■■■■■■■■■■■■■■■■■■■■■■■■■■■■■■■■ 2   
                   45 ┤■■■■■■■■■■■■■■■■■■■ 1                     
   sc, target = 31 46 ┤ 0                                        
                   47 ┤■■■■■■■■■■■■■■■■■■■ 1                     
                   48 ┤ 0                                        
                   49 ┤■■■■■■■■■■■■■■■■■■■ 1                     
                   50 ┤ 0                                        
                   51 ┤■■■■■■■■■■■■■■■■■■■■■■■■■■■■■■■■■■■■■ 2   
                   52 ┤■■■■■■■■■■■■■■■■■■■ 1                     
                   53 ┤ 0                                        
                   54 ┤■■■■■■■■■■■■■■■■■■■■■■■■■■■■■■■■■■■■■ 2   
                   55 ┤ 0                                        
                   56 ┤■■■■■■■■■■■■■■■■■■■■■■■■■■■■■■■■■■■■■ 2   
                   57 ┤■■■■■■■■■■■■■■■■■■■■■■■■■■■■■■■■■■■■■ 2   
                   58 ┤■■■■■■■■■■■■■■■■■■■ 1                     
                   59 ┤■■■■■■■■■■■■■■■■■■■■■■■■■■■■■■■■■■■■■ 2   
                      └                                        ┘ 
                                     num of slices               
[ Info: slicing branch with sc: 33.0
[ Info: cc.sc: 33.0
region size: 10
tbl0_rows:32 filtered_rows:32
QIP_gurobi_bound: solver finished in 1.321 s (time_limit=100.0 s, status=OPTIMAL)
[ Info: slice 1, lp_score: 5409.0, primal_bound: 5410.0
QIP_gurobi_bound: solver finished in 1.428 s (time_limit=100.0 s, status=OPTIMAL)
[ Info: slice 2, lp_score: 5410.0, primal_bound: 5410.0
[ Info: new_scs: [32]
[ Info: lp_scores: [5410.0]
[ Info: lp_scores: 5410.0
[ Info: current num of unfinished slices: 22, finished slices: 4
                      ┌                                        ┐ 
                   32 ┤■■■■■■■■■■■■■■■■■■■ 1                     
                   33 ┤ 0                                        
                   34 ┤ 0                                        
                   35 ┤ 0                                        
                   36 ┤ 0                                        
                   37 ┤ 0                                        
                   38 ┤ 0                                        
                   39 ┤ 0                                        
                   40 ┤■■■■■■■■■■■■■■■■■■■ 1                     
                   41 ┤■■■■■■■■■■■■■■■■■■■ 1                     
                   42 ┤■■■■■■■■■■■■■■■■■■■■■■■■■■■■■■■■■■■■■ 2   
                   43 ┤ 0                                        
                   44 ┤■■■■■■■■■■■■■■■■■■■■■■■■■■■■■■■■■■■■■ 2   
   sc, target = 31 45 ┤■■■■■■■■■■■■■■■■■■■ 1                     
                   46 ┤ 0                                        
                   47 ┤■■■■■■■■■■■■■■■■■■■ 1                     
                   48 ┤ 0                                        
                   49 ┤■■■■■■■■■■■■■■■■■■■ 1                     
                   50 ┤ 0                                        
                   51 ┤■■■■■■■■■■■■■■■■■■■■■■■■■■■■■■■■■■■■■ 2   
                   52 ┤■■■■■■■■■■■■■■■■■■■ 1                     
                   53 ┤ 0                                        
                   54 ┤■■■■■■■■■■■■■■■■■■■■■■■■■■■■■■■■■■■■■ 2   
                   55 ┤ 0                                        
                   56 ┤■■■■■■■■■■■■■■■■■■■■■■■■■■■■■■■■■■■■■ 2   
                   57 ┤■■■■■■■■■■■■■■■■■■■■■■■■■■■■■■■■■■■■■ 2   
                   58 ┤■■■■■■■■■■■■■■■■■■■ 1                     
                   59 ┤■■■■■■■■■■■■■■■■■■■■■■■■■■■■■■■■■■■■■ 2   
                      └                                        ┘ 
                                     num of slices               
[ Info: slicing branch with sc: 32.0
[ Info: cc.sc: 32.0
region size: 10
tbl0_rows:37 filtered_rows:37
QIP_gurobi_bound: solver finished in 1.317 s (time_limit=100.0 s, status=OPTIMAL)
[ Info: slice 1, lp_score: 5409.0, primal_bound: 5410.0
QIP_gurobi_bound: solver finished in 1.479 s (time_limit=100.0 s, status=OPTIMAL)
[ Info: slice 2, lp_score: 5410.0, primal_bound: 5410.0
[ Info: new_scs: [32]
[ Info: lp_scores: [5410.0]
[ Info: lp_scores: 5410.0
[ Info: current num of unfinished slices: 22, finished slices: 4
                      ┌                                        ┐ 
                   32 ┤■■■■■■■■■■■■■■■■■■■ 1                     
                   33 ┤ 0                                        
                   34 ┤ 0                                        
                   35 ┤ 0                                        
                   36 ┤ 0                                        
                   37 ┤ 0                                        
                   38 ┤ 0                                        
                   39 ┤ 0                                        
                   40 ┤■■■■■■■■■■■■■■■■■■■ 1                     
                   41 ┤■■■■■■■■■■■■■■■■■■■ 1                     
                   42 ┤■■■■■■■■■■■■■■■■■■■■■■■■■■■■■■■■■■■■■ 2   
                   43 ┤ 0                                        
                   44 ┤■■■■■■■■■■■■■■■■■■■■■■■■■■■■■■■■■■■■■ 2   
   sc, target = 31 45 ┤■■■■■■■■■■■■■■■■■■■ 1                     
                   46 ┤ 0                                        
                   47 ┤■■■■■■■■■■■■■■■■■■■ 1                     
                   48 ┤ 0                                        
                   49 ┤■■■■■■■■■■■■■■■■■■■ 1                     
                   50 ┤ 0                                        
                   51 ┤■■■■■■■■■■■■■■■■■■■■■■■■■■■■■■■■■■■■■ 2   
                   52 ┤■■■■■■■■■■■■■■■■■■■ 1                     
                   53 ┤ 0                                        
                   54 ┤■■■■■■■■■■■■■■■■■■■■■■■■■■■■■■■■■■■■■ 2   
                   55 ┤ 0                                        
                   56 ┤■■■■■■■■■■■■■■■■■■■■■■■■■■■■■■■■■■■■■ 2   
                   57 ┤■■■■■■■■■■■■■■■■■■■■■■■■■■■■■■■■■■■■■ 2   
                   58 ┤■■■■■■■■■■■■■■■■■■■ 1                     
                   59 ┤■■■■■■■■■■■■■■■■■■■■■■■■■■■■■■■■■■■■■ 2   
                      └                                        ┘ 
                                     num of slices               
[ Info: slicing branch with sc: 32.0
[ Info: cc.sc: 32.0
region size: 10
tbl0_rows:50 filtered_rows:50
QIP_gurobi_bound: solver finished in 1.632 s (time_limit=100.0 s, status=OPTIMAL)
[ Info: slice 1, lp_score: 5410.0, primal_bound: 5410.0
QIP_gurobi_bound: solver finished in 1.321 s (time_limit=100.0 s, status=OPTIMAL)
[ Info: slice 2, lp_score: 5407.0, primal_bound: 5410.0
[ Info: new_scs: [31]
[ Info: lp_scores: [5410.0]
[ Info: lp_scores: 5410.0
[ Info: current num of unfinished slices: 22, finished slices: 4
                      ┌                                        ┐ 
                   31 ┤■■■■■■■■■■■■■■■■■■■ 1                     
                   32 ┤ 0                                        
                   33 ┤ 0                                        
                   34 ┤ 0                                        
                   35 ┤ 0                                        
                   36 ┤ 0                                        
                   37 ┤ 0                                        
                   38 ┤ 0                                        
                   39 ┤ 0                                        
                   40 ┤■■■■■■■■■■■■■■■■■■■ 1                     
                   41 ┤■■■■■■■■■■■■■■■■■■■ 1                     
                   42 ┤■■■■■■■■■■■■■■■■■■■■■■■■■■■■■■■■■■■■■ 2   
                   43 ┤ 0                                        
                   44 ┤■■■■■■■■■■■■■■■■■■■■■■■■■■■■■■■■■■■■■ 2   
   sc, target = 31 45 ┤■■■■■■■■■■■■■■■■■■■ 1                     
                   46 ┤ 0                                        
                   47 ┤■■■■■■■■■■■■■■■■■■■ 1                     
                   48 ┤ 0                                        
                   49 ┤■■■■■■■■■■■■■■■■■■■ 1                     
                   50 ┤ 0                                        
                   51 ┤■■■■■■■■■■■■■■■■■■■■■■■■■■■■■■■■■■■■■ 2   
                   52 ┤■■■■■■■■■■■■■■■■■■■ 1                     
                   53 ┤ 0                                        
                   54 ┤■■■■■■■■■■■■■■■■■■■■■■■■■■■■■■■■■■■■■ 2   
                   55 ┤ 0                                        
                   56 ┤■■■■■■■■■■■■■■■■■■■■■■■■■■■■■■■■■■■■■ 2   
                   57 ┤■■■■■■■■■■■■■■■■■■■■■■■■■■■■■■■■■■■■■ 2   
                   58 ┤■■■■■■■■■■■■■■■■■■■ 1                     
                   59 ┤■■■■■■■■■■■■■■■■■■■■■■■■■■■■■■■■■■■■■ 2   
                      └                                        ┘ 
                                     num of slices               
[ Info: slicing branch with sc: 31.0
  [slice produced] sc=31.0 tc=44.14192678627258 nv=3539 ne=6908 r=69.5
QIP_value_gurobi: solver finished in 1.6 s (time_limit=604800.0 s, status=OPTIMAL)
[ Info: feasible solution: 5410.0, primal bound: 5410.0
[ Info: current num of unfinished slices: 21, finished slices: 5
                      ┌                                        ┐ 
                   40 ┤■■■■■■■■■■■■■■■■■■■ 1                     
                   41 ┤■■■■■■■■■■■■■■■■■■■ 1                     
                   42 ┤■■■■■■■■■■■■■■■■■■■■■■■■■■■■■■■■■■■■■ 2   
                   43 ┤ 0                                        
                   44 ┤■■■■■■■■■■■■■■■■■■■■■■■■■■■■■■■■■■■■■ 2   
                   45 ┤■■■■■■■■■■■■■■■■■■■ 1                     
                   46 ┤ 0                                        
                   47 ┤■■■■■■■■■■■■■■■■■■■ 1                     
                   48 ┤ 0                                        
   sc, target = 31 49 ┤■■■■■■■■■■■■■■■■■■■ 1                     
                   50 ┤ 0                                        
                   51 ┤■■■■■■■■■■■■■■■■■■■■■■■■■■■■■■■■■■■■■ 2   
                   52 ┤■■■■■■■■■■■■■■■■■■■ 1                     
                   53 ┤ 0                                        
                   54 ┤■■■■■■■■■■■■■■■■■■■■■■■■■■■■■■■■■■■■■ 2   
                   55 ┤ 0                                        
                   56 ┤■■■■■■■■■■■■■■■■■■■■■■■■■■■■■■■■■■■■■ 2   
                   57 ┤■■■■■■■■■■■■■■■■■■■■■■■■■■■■■■■■■■■■■ 2   
                   58 ┤■■■■■■■■■■■■■■■■■■■ 1                     
                   59 ┤■■■■■■■■■■■■■■■■■■■■■■■■■■■■■■■■■■■■■ 2   
                      └                                        ┘ 
                                     num of slices               
[ Info: slicing branch with sc: 41.0
[ Info: cc.sc: 41.0
region size: 10
tbl0_rows:61 filtered_rows:61
QIP_gurobi_bound: solver finished in 1.487 s (time_limit=100.0 s, status=OPTIMAL)
[ Info: slice 1, lp_score: 5408.0, primal_bound: 5410.0
QIP_gurobi_bound: solver finished in 1.412 s (time_limit=100.0 s, status=OPTIMAL)
[ Info: slice 2, lp_score: 5403.0, primal_bound: 5410.0
[ Info: new_scs: Int64[]
[ Info: lp_scores: Float64[]
[ Info: current num of unfinished slices: 20, finished slices: 5
                      ┌                                        ┐ 
                   40 ┤■■■■■■■■■■■■■■■■■■■ 1                     
                   41 ┤ 0                                        
                   42 ┤■■■■■■■■■■■■■■■■■■■■■■■■■■■■■■■■■■■■■ 2   
                   43 ┤ 0                                        
                   44 ┤■■■■■■■■■■■■■■■■■■■■■■■■■■■■■■■■■■■■■ 2   
                   45 ┤■■■■■■■■■■■■■■■■■■■ 1                     
                   46 ┤ 0                                        
                   47 ┤■■■■■■■■■■■■■■■■■■■ 1                     
                   48 ┤ 0                                        
   sc, target = 31 49 ┤■■■■■■■■■■■■■■■■■■■ 1                     
                   50 ┤ 0                                        
                   51 ┤■■■■■■■■■■■■■■■■■■■■■■■■■■■■■■■■■■■■■ 2   
                   52 ┤■■■■■■■■■■■■■■■■■■■ 1                     
                   53 ┤ 0                                        
                   54 ┤■■■■■■■■■■■■■■■■■■■■■■■■■■■■■■■■■■■■■ 2   
                   55 ┤ 0                                        
                   56 ┤■■■■■■■■■■■■■■■■■■■■■■■■■■■■■■■■■■■■■ 2   
                   57 ┤■■■■■■■■■■■■■■■■■■■■■■■■■■■■■■■■■■■■■ 2   
                   58 ┤■■■■■■■■■■■■■■■■■■■ 1                     
                   59 ┤■■■■■■■■■■■■■■■■■■■■■■■■■■■■■■■■■■■■■ 2   
                      └                                        ┘ 
                                     num of slices               
[ Info: slicing branch with sc: 40.0
[ Info: cc.sc: 40.0
region size: 10
tbl0_rows:64 filtered_rows:64
QIP_gurobi_bound: solver finished in 1.266 s (time_limit=100.0 s, status=OPTIMAL)
[ Info: slice 1, lp_score: 5403.0, primal_bound: 5410.0
QIP_gurobi_bound: solver finished in 1.324 s (time_limit=100.0 s, status=OPTIMAL)
[ Info: slice 2, lp_score: 5403.0, primal_bound: 5410.0
[ Info: new_scs: Int64[]
[ Info: lp_scores: Float64[]
[ Info: current num of unfinished slices: 19, finished slices: 5
                      ┌                                        ┐ 
                   42 ┤■■■■■■■■■■■■■■■■■■■■■■■■■■■■■■■■■■■■■ 2   
                   43 ┤ 0                                        
                   44 ┤■■■■■■■■■■■■■■■■■■■■■■■■■■■■■■■■■■■■■ 2   
                   45 ┤■■■■■■■■■■■■■■■■■■■ 1                     
                   46 ┤ 0                                        
                   47 ┤■■■■■■■■■■■■■■■■■■■ 1                     
                   48 ┤ 0                                        
                   49 ┤■■■■■■■■■■■■■■■■■■■ 1                     
   sc, target = 31 50 ┤ 0                                        
                   51 ┤■■■■■■■■■■■■■■■■■■■■■■■■■■■■■■■■■■■■■ 2   
                   52 ┤■■■■■■■■■■■■■■■■■■■ 1                     
                   53 ┤ 0                                        
                   54 ┤■■■■■■■■■■■■■■■■■■■■■■■■■■■■■■■■■■■■■ 2   
                   55 ┤ 0                                        
                   56 ┤■■■■■■■■■■■■■■■■■■■■■■■■■■■■■■■■■■■■■ 2   
                   57 ┤■■■■■■■■■■■■■■■■■■■■■■■■■■■■■■■■■■■■■ 2   
                   58 ┤■■■■■■■■■■■■■■■■■■■ 1                     
                   59 ┤■■■■■■■■■■■■■■■■■■■■■■■■■■■■■■■■■■■■■ 2   
                      └                                        ┘ 
                                     num of slices               
[ Info: slicing branch with sc: 42.0
[ Info: cc.sc: 42.0
region size: 10
tbl0_rows:33 filtered_rows:33
QIP_gurobi_bound: solver finished in 1.258 s (time_limit=100.0 s, status=OPTIMAL)
[ Info: slice 1, lp_score: 5398.0, primal_bound: 5410.0
QIP_gurobi_bound: solver finished in 1.571 s (time_limit=100.0 s, status=OPTIMAL)
[ Info: slice 2, lp_score: 5405.0, primal_bound: 5410.0
[ Info: new_scs: Int64[]
[ Info: lp_scores: Float64[]
[ Info: current num of unfinished slices: 18, finished slices: 5
                      ┌                                        ┐ 
                   42 ┤■■■■■■■■■■■■■■■■■■■ 1                     
                   43 ┤ 0                                        
                   44 ┤■■■■■■■■■■■■■■■■■■■■■■■■■■■■■■■■■■■■■ 2   
                   45 ┤■■■■■■■■■■■■■■■■■■■ 1                     
                   46 ┤ 0                                        
                   47 ┤■■■■■■■■■■■■■■■■■■■ 1                     
                   48 ┤ 0                                        
                   49 ┤■■■■■■■■■■■■■■■■■■■ 1                     
   sc, target = 31 50 ┤ 0                                        
                   51 ┤■■■■■■■■■■■■■■■■■■■■■■■■■■■■■■■■■■■■■ 2   
                   52 ┤■■■■■■■■■■■■■■■■■■■ 1                     
                   53 ┤ 0                                        
                   54 ┤■■■■■■■■■■■■■■■■■■■■■■■■■■■■■■■■■■■■■ 2   
                   55 ┤ 0                                        
                   56 ┤■■■■■■■■■■■■■■■■■■■■■■■■■■■■■■■■■■■■■ 2   
                   57 ┤■■■■■■■■■■■■■■■■■■■■■■■■■■■■■■■■■■■■■ 2   
                   58 ┤■■■■■■■■■■■■■■■■■■■ 1                     
                   59 ┤■■■■■■■■■■■■■■■■■■■■■■■■■■■■■■■■■■■■■ 2   
                      └                                        ┘ 
                                     num of slices               
[ Info: slicing branch with sc: 42.0
[ Info: cc.sc: 42.0
region size: 10
tbl0_rows:21 filtered_rows:21
QIP_gurobi_bound: solver finished in 1.572 s (time_limit=100.0 s, status=OPTIMAL)
[ Info: slice 1, lp_score: 5400.0, primal_bound: 5410.0
QIP_gurobi_bound: solver finished in 1.417 s (time_limit=100.0 s, status=OPTIMAL)
[ Info: slice 2, lp_score: 5405.0, primal_bound: 5410.0
[ Info: new_scs: Int64[]
[ Info: lp_scores: Float64[]
[ Info: current num of unfinished slices: 17, finished slices: 5
                      ┌                                        ┐ 
                   44 ┤■■■■■■■■■■■■■■■■■■■■■■■■■■■■■■■■■■■■■ 2   
                   45 ┤■■■■■■■■■■■■■■■■■■■ 1                     
                   46 ┤ 0                                        
                   47 ┤■■■■■■■■■■■■■■■■■■■ 1                     
                   48 ┤ 0                                        
                   49 ┤■■■■■■■■■■■■■■■■■■■ 1                     
                   50 ┤ 0                                        
   sc, target = 31 51 ┤■■■■■■■■■■■■■■■■■■■■■■■■■■■■■■■■■■■■■ 2   
                   52 ┤■■■■■■■■■■■■■■■■■■■ 1                     
                   53 ┤ 0                                        
                   54 ┤■■■■■■■■■■■■■■■■■■■■■■■■■■■■■■■■■■■■■ 2   
                   55 ┤ 0                                        
                   56 ┤■■■■■■■■■■■■■■■■■■■■■■■■■■■■■■■■■■■■■ 2   
                   57 ┤■■■■■■■■■■■■■■■■■■■■■■■■■■■■■■■■■■■■■ 2   
                   58 ┤■■■■■■■■■■■■■■■■■■■ 1                     
                   59 ┤■■■■■■■■■■■■■■■■■■■■■■■■■■■■■■■■■■■■■ 2   
                      └                                        ┘ 
                                     num of slices               
[ Info: slicing branch with sc: 44.0
[ Info: cc.sc: 44.0
region size: 10
tbl0_rows:54 filtered_rows:54
QIP_gurobi_bound: solver finished in 1.506 s (time_limit=100.0 s, status=OPTIMAL)
[ Info: slice 1, lp_score: 5404.0, primal_bound: 5410.0
QIP_gurobi_bound: solver finished in 1.423 s (time_limit=100.0 s, status=OPTIMAL)
[ Info: slice 2, lp_score: 5408.0, primal_bound: 5410.0
[ Info: new_scs: Int64[]
[ Info: lp_scores: Float64[]
[ Info: current num of unfinished slices: 16, finished slices: 5
                      ┌                                        ┐ 
                   44 ┤■■■■■■■■■■■■■■■■■■■ 1                     
                   45 ┤■■■■■■■■■■■■■■■■■■■ 1                     
                   46 ┤ 0                                        
                   47 ┤■■■■■■■■■■■■■■■■■■■ 1                     
                   48 ┤ 0                                        
                   49 ┤■■■■■■■■■■■■■■■■■■■ 1                     
                   50 ┤ 0                                        
   sc, target = 31 51 ┤■■■■■■■■■■■■■■■■■■■■■■■■■■■■■■■■■■■■■ 2   
                   52 ┤■■■■■■■■■■■■■■■■■■■ 1                     
                   53 ┤ 0                                        
                   54 ┤■■■■■■■■■■■■■■■■■■■■■■■■■■■■■■■■■■■■■ 2   
                   55 ┤ 0                                        
                   56 ┤■■■■■■■■■■■■■■■■■■■■■■■■■■■■■■■■■■■■■ 2   
                   57 ┤■■■■■■■■■■■■■■■■■■■■■■■■■■■■■■■■■■■■■ 2   
                   58 ┤■■■■■■■■■■■■■■■■■■■ 1                     
                   59 ┤■■■■■■■■■■■■■■■■■■■■■■■■■■■■■■■■■■■■■ 2   
                      └                                        ┘ 
                                     num of slices               
[ Info: slicing branch with sc: 44.0
[ Info: cc.sc: 44.0
region size: 10
tbl0_rows:70 filtered_rows:70
QIP_gurobi_bound: solver finished in 1.433 s (time_limit=100.0 s, status=OPTIMAL)
[ Info: slice 1, lp_score: 5405.0, primal_bound: 5410.0
QIP_gurobi_bound: solver finished in 5.45 s (time_limit=100.0 s, status=OPTIMAL)
[ Info: slice 2, lp_score: 5408.0, primal_bound: 5410.0
[ Info: new_scs: Int64[]
[ Info: lp_scores: Float64[]
[ Info: current num of unfinished slices: 15, finished slices: 5
                      ┌                                        ┐ 
                   45 ┤■■■■■■■■■■■■■■■■■■■ 1                     
                   46 ┤ 0                                        
                   47 ┤■■■■■■■■■■■■■■■■■■■ 1                     
                   48 ┤ 0                                        
                   49 ┤■■■■■■■■■■■■■■■■■■■ 1                     
                   50 ┤ 0                                        
                   51 ┤■■■■■■■■■■■■■■■■■■■■■■■■■■■■■■■■■■■■■ 2   
   sc, target = 31 52 ┤■■■■■■■■■■■■■■■■■■■ 1                     
                   53 ┤ 0                                        
                   54 ┤■■■■■■■■■■■■■■■■■■■■■■■■■■■■■■■■■■■■■ 2   
                   55 ┤ 0                                        
                   56 ┤■■■■■■■■■■■■■■■■■■■■■■■■■■■■■■■■■■■■■ 2   
                   57 ┤■■■■■■■■■■■■■■■■■■■■■■■■■■■■■■■■■■■■■ 2   
                   58 ┤■■■■■■■■■■■■■■■■■■■ 1                     
                   59 ┤■■■■■■■■■■■■■■■■■■■■■■■■■■■■■■■■■■■■■ 2   
                      └                                        ┘ 
                                     num of slices               
[ Info: slicing branch with sc: 45.0
[ Info: cc.sc: 45.0
region size: 10
tbl0_rows:75 filtered_rows:75
QIP_gurobi_bound: solver finished in 1.653 s (time_limit=100.0 s, status=OPTIMAL)
[ Info: slice 1, lp_score: 5407.0, primal_bound: 5410.0
QIP_gurobi_bound: solver finished in 1.484 s (time_limit=100.0 s, status=OPTIMAL)
[ Info: slice 2, lp_score: 5404.0, primal_bound: 5410.0
[ Info: new_scs: Int64[]
[ Info: lp_scores: Float64[]
[ Info: current num of unfinished slices: 14, finished slices: 5
                      ┌                                        ┐ 
                   47 ┤■■■■■■■■■■■■■■■■■■■ 1                     
                   48 ┤ 0                                        
                   49 ┤■■■■■■■■■■■■■■■■■■■ 1                     
                   50 ┤ 0                                        
                   51 ┤■■■■■■■■■■■■■■■■■■■■■■■■■■■■■■■■■■■■■ 2   
                   52 ┤■■■■■■■■■■■■■■■■■■■ 1                     
   sc, target = 31 53 ┤ 0                                        
                   54 ┤■■■■■■■■■■■■■■■■■■■■■■■■■■■■■■■■■■■■■ 2   
                   55 ┤ 0                                        
                   56 ┤■■■■■■■■■■■■■■■■■■■■■■■■■■■■■■■■■■■■■ 2   
                   57 ┤■■■■■■■■■■■■■■■■■■■■■■■■■■■■■■■■■■■■■ 2   
                   58 ┤■■■■■■■■■■■■■■■■■■■ 1                     
                   59 ┤■■■■■■■■■■■■■■■■■■■■■■■■■■■■■■■■■■■■■ 2   
                      └                                        ┘ 
                                     num of slices               
[ Info: slicing branch with sc: 47.0
[ Info: cc.sc: 47.0
region size: 10
tbl0_rows:58 filtered_rows:58
QIP_gurobi_bound: solver finished in 1.466 s (time_limit=100.0 s, status=OPTIMAL)
[ Info: slice 1, lp_score: 5404.0, primal_bound: 5410.0
QIP_gurobi_bound: solver finished in 1.495 s (time_limit=100.0 s, status=OPTIMAL)
[ Info: slice 2, lp_score: 5407.0, primal_bound: 5410.0
[ Info: new_scs: Int64[]
[ Info: lp_scores: Float64[]
[ Info: current num of unfinished slices: 13, finished slices: 5
                      ┌                                        ┐ 
                   49 ┤■■■■■■■■■■■■■■■■■■■ 1                     
                   50 ┤ 0                                        
                   51 ┤■■■■■■■■■■■■■■■■■■■■■■■■■■■■■■■■■■■■■ 2   
                   52 ┤■■■■■■■■■■■■■■■■■■■ 1                     
                   53 ┤ 0                                        
   sc, target = 31 54 ┤■■■■■■■■■■■■■■■■■■■■■■■■■■■■■■■■■■■■■ 2   
                   55 ┤ 0                                        
                   56 ┤■■■■■■■■■■■■■■■■■■■■■■■■■■■■■■■■■■■■■ 2   
                   57 ┤■■■■■■■■■■■■■■■■■■■■■■■■■■■■■■■■■■■■■ 2   
                   58 ┤■■■■■■■■■■■■■■■■■■■ 1                     
                   59 ┤■■■■■■■■■■■■■■■■■■■■■■■■■■■■■■■■■■■■■ 2   
                      └                                        ┘ 
                                     num of slices               
[ Info: slicing branch with sc: 49.0
[ Info: cc.sc: 49.0
region size: 10
tbl0_rows:62 filtered_rows:62
QIP_gurobi_bound: solver finished in 1.407 s (time_limit=100.0 s, status=OPTIMAL)
[ Info: slice 1, lp_score: 5403.0, primal_bound: 5410.0
QIP_gurobi_bound: solver finished in 1.336 s (time_limit=100.0 s, status=OPTIMAL)
[ Info: slice 2, lp_score: 5406.0, primal_bound: 5410.0
[ Info: new_scs: Int64[]
[ Info: lp_scores: Float64[]
[ Info: current num of unfinished slices: 12, finished slices: 5
                      ┌                                        ┐ 
                   51 ┤■■■■■■■■■■■■■■■■■■■■■■■■■■■■■■■■■■■■■ 2   
                   52 ┤■■■■■■■■■■■■■■■■■■■ 1                     
                   53 ┤ 0                                        
                   54 ┤■■■■■■■■■■■■■■■■■■■■■■■■■■■■■■■■■■■■■ 2   
   sc, target = 31 55 ┤ 0                                        
                   56 ┤■■■■■■■■■■■■■■■■■■■■■■■■■■■■■■■■■■■■■ 2   
                   57 ┤■■■■■■■■■■■■■■■■■■■■■■■■■■■■■■■■■■■■■ 2   
                   58 ┤■■■■■■■■■■■■■■■■■■■ 1                     
                   59 ┤■■■■■■■■■■■■■■■■■■■■■■■■■■■■■■■■■■■■■ 2   
                      └                                        ┘ 
                                     num of slices               
[ Info: slicing branch with sc: 51.0
[ Info: cc.sc: 51.0
region size: 10
tbl0_rows:39 filtered_rows:39
QIP_gurobi_bound: solver finished in 1.75 s (time_limit=100.0 s, status=OPTIMAL)
[ Info: slice 1, lp_score: 5396.0, primal_bound: 5410.0
QIP_gurobi_bound: solver finished in 1.398 s (time_limit=100.0 s, status=OPTIMAL)
[ Info: slice 2, lp_score: 5406.0, primal_bound: 5410.0
QIP_gurobi_bound: solver finished in 1.391 s (time_limit=100.0 s, status=OPTIMAL)
[ Info: slice 3, lp_score: 5404.0, primal_bound: 5410.0
[ Info: new_scs: Int64[]
[ Info: lp_scores: Float64[]
[ Info: current num of unfinished slices: 11, finished slices: 5
                      ┌                                        ┐ 
                   51 ┤■■■■■■■■■■■■■■■■■■■ 1                     
                   52 ┤■■■■■■■■■■■■■■■■■■■ 1                     
                   53 ┤ 0                                        
                   54 ┤■■■■■■■■■■■■■■■■■■■■■■■■■■■■■■■■■■■■■ 2   
   sc, target = 31 55 ┤ 0                                        
                   56 ┤■■■■■■■■■■■■■■■■■■■■■■■■■■■■■■■■■■■■■ 2   
                   57 ┤■■■■■■■■■■■■■■■■■■■■■■■■■■■■■■■■■■■■■ 2   
                   58 ┤■■■■■■■■■■■■■■■■■■■ 1                     
                   59 ┤■■■■■■■■■■■■■■■■■■■■■■■■■■■■■■■■■■■■■ 2   
                      └                                        ┘ 
                                     num of slices               
[ Info: slicing branch with sc: 51.0
[ Info: cc.sc: 51.0
region size: 10
tbl0_rows:54 filtered_rows:54
QIP_gurobi_bound: solver finished in 1.347 s (time_limit=100.0 s, status=OPTIMAL)
[ Info: slice 1, lp_score: 5406.0, primal_bound: 5410.0
QIP_gurobi_bound: solver finished in 1.422 s (time_limit=100.0 s, status=OPTIMAL)
[ Info: slice 2, lp_score: 5402.0, primal_bound: 5410.0
QIP_gurobi_bound: solver finished in 1.49 s (time_limit=100.0 s, status=OPTIMAL)
[ Info: slice 3, lp_score: 5402.0, primal_bound: 5410.0
[ Info: new_scs: Int64[]
[ Info: lp_scores: Float64[]
[ Info: current num of unfinished slices: 10, finished slices: 5
                      ┌                                        ┐ 
                   52 ┤■■■■■■■■■■■■■■■■■■■ 1                     
                   53 ┤ 0                                        
                   54 ┤■■■■■■■■■■■■■■■■■■■■■■■■■■■■■■■■■■■■■ 2   
   sc, target = 31 55 ┤ 0                                        
                   56 ┤■■■■■■■■■■■■■■■■■■■■■■■■■■■■■■■■■■■■■ 2   
                   57 ┤■■■■■■■■■■■■■■■■■■■■■■■■■■■■■■■■■■■■■ 2   
                   58 ┤■■■■■■■■■■■■■■■■■■■ 1                     
                   59 ┤■■■■■■■■■■■■■■■■■■■■■■■■■■■■■■■■■■■■■ 2   
                      └                                        ┘ 
                                     num of slices               
[ Info: slicing branch with sc: 52.0
[ Info: cc.sc: 52.0
region size: 10
tbl0_rows:64 filtered_rows:64
QIP_gurobi_bound: solver finished in 1.825 s (time_limit=100.0 s, status=OPTIMAL)
[ Info: slice 1, lp_score: 5409.0, primal_bound: 5410.0
QIP_gurobi_bound: solver finished in 1.557 s (time_limit=100.0 s, status=OPTIMAL)
[ Info: slice 2, lp_score: 5409.0, primal_bound: 5410.0
[ Info: new_scs: Int64[]
[ Info: lp_scores: Float64[]
[ Info: current num of unfinished slices: 9, finished slices: 5
                      ┌                                        ┐ 
                   54 ┤■■■■■■■■■■■■■■■■■■■■■■■■■■■■■■■■■■■■■ 2   
                   55 ┤ 0                                        
   sc, target = 31 56 ┤■■■■■■■■■■■■■■■■■■■■■■■■■■■■■■■■■■■■■ 2   
                   57 ┤■■■■■■■■■■■■■■■■■■■■■■■■■■■■■■■■■■■■■ 2   
                   58 ┤■■■■■■■■■■■■■■■■■■■ 1                     
                   59 ┤■■■■■■■■■■■■■■■■■■■■■■■■■■■■■■■■■■■■■ 2   
                      └                                        ┘ 
                                     num of slices               
[ Info: slicing branch with sc: 54.0
[ Info: cc.sc: 54.0
region size: 10
tbl0_rows:77 filtered_rows:77
QIP_gurobi_bound: solver finished in 1.726 s (time_limit=100.0 s, status=OPTIMAL)
[ Info: slice 1, lp_score: 5408.0, primal_bound: 5410.0
QIP_gurobi_bound: solver finished in 2.207 s (time_limit=100.0 s, status=OPTIMAL)
[ Info: slice 2, lp_score: 5407.0, primal_bound: 5410.0
[ Info: new_scs: Int64[]
[ Info: lp_scores: Float64[]
[ Info: current num of unfinished slices: 8, finished slices: 5
                      ┌                                        ┐ 
                   54 ┤■■■■■■■■■■■■■■■■■■■ 1                     
                   55 ┤ 0                                        
   sc, target = 31 56 ┤■■■■■■■■■■■■■■■■■■■■■■■■■■■■■■■■■■■■■ 2   
                   57 ┤■■■■■■■■■■■■■■■■■■■■■■■■■■■■■■■■■■■■■ 2   
                   58 ┤■■■■■■■■■■■■■■■■■■■ 1                     
                   59 ┤■■■■■■■■■■■■■■■■■■■■■■■■■■■■■■■■■■■■■ 2   
                      └                                        ┘ 
                                     num of slices               
[ Info: slicing branch with sc: 56.0
[ Info: cc.sc: 56.0
region size: 10
tbl0_rows:77 filtered_rows:77
QIP_gurobi_bound: solver finished in 1.489 s (time_limit=100.0 s, status=OPTIMAL)
[ Info: slice 1, lp_score: 5405.0, primal_bound: 5410.0
QIP_gurobi_bound: solver finished in 5.35 s (time_limit=100.0 s, status=OPTIMAL)
[ Info: slice 2, lp_score: 5404.0, primal_bound: 5410.0
[ Info: new_scs: Int64[]
[ Info: lp_scores: Float64[]
[ Info: current num of unfinished slices: 7, finished slices: 5
                      ┌                                        ┐ 
                   54 ┤■■■■■■■■■■■■■■■■■■■ 1                     
                   55 ┤ 0                                        
   sc, target = 31 56 ┤■■■■■■■■■■■■■■■■■■■ 1                     
                   57 ┤■■■■■■■■■■■■■■■■■■■■■■■■■■■■■■■■■■■■■ 2   
                   58 ┤■■■■■■■■■■■■■■■■■■■ 1                     
                   59 ┤■■■■■■■■■■■■■■■■■■■■■■■■■■■■■■■■■■■■■ 2   
                      └                                        ┘ 
                                     num of slices               
[ Info: slicing branch with sc: 56.0
[ Info: cc.sc: 56.0
region size: 10
tbl0_rows:77 filtered_rows:77
QIP_gurobi_bound: solver finished in 1.419 s (time_limit=100.0 s, status=OPTIMAL)
[ Info: slice 1, lp_score: 5404.0, primal_bound: 5410.0
QIP_gurobi_bound: solver finished in 1.438 s (time_limit=100.0 s, status=OPTIMAL)
[ Info: slice 2, lp_score: 5403.0, primal_bound: 5410.0
[ Info: new_scs: Int64[]
[ Info: lp_scores: Float64[]
[ Info: current num of unfinished slices: 6, finished slices: 5
                      ┌                                        ┐ 
                   54 ┤■■■■■■■■■■■■■■■■■■■ 1                     
                   55 ┤ 0                                        
   sc, target = 31 56 ┤ 0                                        
                   57 ┤■■■■■■■■■■■■■■■■■■■■■■■■■■■■■■■■■■■■■ 2   
                   58 ┤■■■■■■■■■■■■■■■■■■■ 1                     
                   59 ┤■■■■■■■■■■■■■■■■■■■■■■■■■■■■■■■■■■■■■ 2   
                      └                                        ┘ 
                                     num of slices               
[ Info: slicing branch with sc: 54.0
[ Info: cc.sc: 54.0
region size: 10
tbl0_rows:54 filtered_rows:54
QIP_gurobi_bound: solver finished in 1.631 s (time_limit=100.0 s, status=OPTIMAL)
[ Info: slice 1, lp_score: 5397.0, primal_bound: 5410.0
QIP_gurobi_bound: solver finished in 1.469 s (time_limit=100.0 s, status=OPTIMAL)
[ Info: slice 2, lp_score: 5401.0, primal_bound: 5410.0
QIP_gurobi_bound: solver finished in 1.309 s (time_limit=100.0 s, status=OPTIMAL)
[ Info: slice 3, lp_score: 5397.0, primal_bound: 5410.0
[ Info: new_scs: Int64[]
[ Info: lp_scores: Float64[]
[ Info: current num of unfinished slices: 5, finished slices: 5
                      ┌                                        ┐ 
                   57 ┤■■■■■■■■■■■■■■■■■■■■■■■■■■■■■■■■■■■■■ 2   
   sc, target = 31 58 ┤■■■■■■■■■■■■■■■■■■■ 1                     
                   59 ┤■■■■■■■■■■■■■■■■■■■■■■■■■■■■■■■■■■■■■ 2   
                      └                                        ┘ 
                                     num of slices               
[ Info: slicing branch with sc: 57.0
[ Info: cc.sc: 57.0
region size: 10
tbl0_rows:53 filtered_rows:53
QIP_gurobi_bound: solver finished in 1.658 s (time_limit=100.0 s, status=OPTIMAL)
[ Info: slice 1, lp_score: 5407.0, primal_bound: 5410.0
QIP_gurobi_bound: solver finished in 1.383 s (time_limit=100.0 s, status=OPTIMAL)
[ Info: slice 2, lp_score: 5409.0, primal_bound: 5410.0
QIP_gurobi_bound: solver finished in 1.407 s (time_limit=100.0 s, status=OPTIMAL)
[ Info: slice 3, lp_score: 5400.0, primal_bound: 5410.0
QIP_gurobi_bound: solver finished in 1.705 s (time_limit=100.0 s, status=OPTIMAL)
[ Info: slice 4, lp_score: 5404.0, primal_bound: 5410.0
QIP_gurobi_bound: solver finished in 1.293 s (time_limit=100.0 s, status=OPTIMAL)
[ Info: slice 5, lp_score: 5403.0, primal_bound: 5410.0
[ Info: new_scs: Int64[]
[ Info: lp_scores: Float64[]
[ Info: current num of unfinished slices: 4, finished slices: 5
                      ┌                                        ┐ 
                   57 ┤■■■■■■■■■■■■■■■■■■■ 1                     
   sc, target = 31 58 ┤■■■■■■■■■■■■■■■■■■■ 1                     
                   59 ┤■■■■■■■■■■■■■■■■■■■■■■■■■■■■■■■■■■■■■ 2   
                      └                                        ┘ 
                                     num of slices               
[ Info: slicing branch with sc: 59.0
[ Info: cc.sc: 59.0
region size: 10
tbl0_rows:53 filtered_rows:53
QIP_gurobi_bound: solver finished in 1.523 s (time_limit=100.0 s, status=OPTIMAL)
[ Info: slice 1, lp_score: 5403.0, primal_bound: 5410.0
QIP_gurobi_bound: solver finished in 1.443 s (time_limit=100.0 s, status=OPTIMAL)
[ Info: slice 2, lp_score: 5394.0, primal_bound: 5410.0
QIP_gurobi_bound: solver finished in 1.477 s (time_limit=100.0 s, status=OPTIMAL)
[ Info: slice 3, lp_score: 5397.0, primal_bound: 5410.0
[ Info: new_scs: Int64[]
[ Info: lp_scores: Float64[]
[ Info: current num of unfinished slices: 3, finished slices: 5
                      ┌                                        ┐ 
                   57 ┤■■■■■■■■■■■■■■■■■■■■■■■■■■■■■■■■■■■■■ 1   
   sc, target = 31 58 ┤■■■■■■■■■■■■■■■■■■■■■■■■■■■■■■■■■■■■■ 1   
                   59 ┤■■■■■■■■■■■■■■■■■■■■■■■■■■■■■■■■■■■■■ 1   
                      └                                        ┘ 
                                     num of slices               
[ Info: slicing branch with sc: 59.0
[ Info: cc.sc: 59.0
region size: 10
tbl0_rows:55 filtered_rows:55
QIP_gurobi_bound: solver finished in 1.428 s (time_limit=100.0 s, status=OPTIMAL)
[ Info: slice 1, lp_score: 5401.0, primal_bound: 5410.0
QIP_gurobi_bound: solver finished in 1.961 s (time_limit=100.0 s, status=OPTIMAL)
[ Info: slice 2, lp_score: 5408.0, primal_bound: 5410.0
QIP_gurobi_bound: solver finished in 1.543 s (time_limit=100.0 s, status=OPTIMAL)
[ Info: slice 3, lp_score: 5407.0, primal_bound: 5410.0
[ Info: new_scs: Int64[]
[ Info: lp_scores: Float64[]
[ Info: current num of unfinished slices: 2, finished slices: 5
                      ┌                                        ┐ 
   sc, target = 31 57 ┤■■■■■■■■■■■■■■■■■■■■■■■■■■■■■■■■■■■■■ 1   
                   58 ┤■■■■■■■■■■■■■■■■■■■■■■■■■■■■■■■■■■■■■ 1   
                      └                                        ┘ 
                                     num of slices               
[ Info: slicing branch with sc: 58.0
[ Info: cc.sc: 58.0
region size: 10
tbl0_rows:55 filtered_rows:55
QIP_gurobi_bound: solver finished in 1.498 s (time_limit=100.0 s, status=OPTIMAL)
[ Info: slice 1, lp_score: 5407.0, primal_bound: 5410.0
QIP_gurobi_bound: solver finished in 1.53 s (time_limit=100.0 s, status=OPTIMAL)
[ Info: slice 2, lp_score: 5400.0, primal_bound: 5410.0
QIP_gurobi_bound: solver finished in 1.419 s (time_limit=100.0 s, status=OPTIMAL)
[ Info: slice 3, lp_score: 5406.0, primal_bound: 5410.0
[ Info: new_scs: Int64[]
[ Info: lp_scores: Float64[]
[ Info: current num of unfinished slices: 1, finished slices: 5
                      ┌                                        ┐ 
   sc, target = 31 57 ┤■■■■■■■■■■■■■■■■■■■■■■■■■■■■■■■■■■■■■ 1   
                      └                                        ┘ 
                                     num of slices               
[ Info: slicing branch with sc: 57.0
[ Info: cc.sc: 57.0
region size: 10
tbl0_rows:55 filtered_rows:55
QIP_gurobi_bound: solver finished in 1.403 s (time_limit=100.0 s, status=OPTIMAL)
[ Info: slice 1, lp_score: 5404.0, primal_bound: 5410.0
QIP_gurobi_bound: solver finished in 1.739 s (time_limit=100.0 s, status=OPTIMAL)
[ Info: slice 2, lp_score: 5397.0, primal_bound: 5410.0
QIP_gurobi_bound: solver finished in 1.464 s (time_limit=100.0 s, status=OPTIMAL)
[ Info: slice 3, lp_score: 5403.0, primal_bound: 5410.0
[ Info: new_scs: Int64[]
[ Info: lp_scores: Float64[]
  finished 5 slice(s) in 3288.282s; persisting ...
  saved 5 slice(s) to /data/wangyijia/mwis/beyond_mis/branch_results/grid_Jpm1_n=60_seed=4_cheating
  branching wall time (s): 3288.2819480895996
