WARNING: method definition for slice_dfs at /data/wangyijia/mwis/beyond_mis/hacked_funcs/src/spin_glass_ground_counting.jl:15 declares type variable RT but does not use it.
WARNING: method definition for #slice_dfs_lp#1 at /data/wangyijia/mwis/beyond_mis/hacked_funcs/src/spin_glass_ground_counting.jl:54 declares type variable RT but does not use it.
============================================================
[slice_spin_glass] model=../../hacked_funcs/benchmarks/models/spin_glass_models/nn_pm1/spin_glass_J±1_grid_n=60_seed=5.model  sc_target=31
============================================================
  model_name : spin_glass_J±1_grid_n=60_seed=5_cheating
  family     : j1pm1
  graph_type : grid_Jpm1
  vertices   : 3600
  edges      : 7080
  h_default  : 0.5
  meta       : Dict{String, Any}("model_path" => "/data/wangyijia/mwis/beyond_mis/hacked_funcs/benchmarks/models/spin_glass_models/nn_pm1/spin_glass_J±1_grid_n=60_seed=5.model", "family" => "j1pm1", "sc_target" => 31, "seed" => 5, "h" => 0.5, "n" => 60)
    code seed=1 -> tc=80.09371783534996, sc=61.0, rw=68.53406005374211
    code seed=2 -> tc=79.00672651368107, sc=61.0, rw=68.11971796485439
  best code complexity over seeds [1, 2]: Time complexity: 2^79.00672651368107
Space complexity: 2^61.0
Read-write complexity: 2^68.11971796485439
  branch results root : /data/wangyijia/mwis/beyond_mis/branch_results
  slice subdir        : grid_Jpm1_n=60_seed=5_cheating
Set parameter LicenseID to value 2803191
QIP_gurobi_bound: solver finished in 7.399 s (time_limit=300.0 s, status=OPTIMAL)
[ Info: initial lp_bound: 5359.0
[ Info: slicing branch with sc: 61.0
[ Info: cc.sc: 61.0
region size: 10
QIP_gurobi_bound: solver finished in 6.19 s (time_limit=100.0 s, status=OPTIMAL)
[ Info: slice 1, lp_score: 5355.0, primal_bound: 0.0
QIP_gurobi_bound: solver finished in 1.5 s (time_limit=100.0 s, status=OPTIMAL)
[ Info: slice 2, lp_score: 5353.0, primal_bound: 0.0
QIP_gurobi_bound: solver finished in 1.6 s (time_limit=100.0 s, status=OPTIMAL)
[ Info: slice 3, lp_score: 5352.0, primal_bound: 0.0
QIP_gurobi_bound: solver finished in 1.523 s (time_limit=100.0 s, status=OPTIMAL)
[ Info: slice 4, lp_score: 5359.0, primal_bound: 0.0
[ Info: new_scs: [58, 59, 60, 57]
[ Info: lp_scores: [5359.0, 5355.0, 5353.0, 5352.0]
[ Info: lp_scores: 5352.0
[ Info: lp_scores: 5353.0
[ Info: lp_scores: 5355.0
[ Info: lp_scores: 5359.0
[ Info: current num of unfinished slices: 4, finished slices: 0
                      ┌                                        ┐ 
                   57 ┤■■■■■■■■■■■■■■■■■■■■■■■■■■■■■■■■■■■■■ 1   
   sc, target = 31 58 ┤■■■■■■■■■■■■■■■■■■■■■■■■■■■■■■■■■■■■■ 1   
                   59 ┤■■■■■■■■■■■■■■■■■■■■■■■■■■■■■■■■■■■■■ 1   
                   60 ┤■■■■■■■■■■■■■■■■■■■■■■■■■■■■■■■■■■■■■ 1   
                      └                                        ┘ 
                                     num of slices               
[ Info: slicing branch with sc: 58.0
[ Info: cc.sc: 58.0
region size: 10
QIP_gurobi_bound: solver finished in 5.951 s (time_limit=100.0 s, status=OPTIMAL)
[ Info: slice 1, lp_score: 5359.0, primal_bound: 0.0
QIP_gurobi_bound: solver finished in 6.016 s (time_limit=100.0 s, status=OPTIMAL)
[ Info: slice 2, lp_score: 5345.0, primal_bound: 0.0
QIP_gurobi_bound: solver finished in 6.622 s (time_limit=100.0 s, status=OPTIMAL)
[ Info: slice 3, lp_score: 5353.0, primal_bound: 0.0
QIP_gurobi_bound: solver finished in 6.293 s (time_limit=100.0 s, status=OPTIMAL)
[ Info: slice 4, lp_score: 5351.0, primal_bound: 0.0
[ Info: new_scs: [55, 57, 57, 56]
[ Info: lp_scores: [5359.0, 5353.0, 5351.0, 5345.0]
[ Info: lp_scores: 5345.0
[ Info: lp_scores: 5351.0
[ Info: lp_scores: 5353.0
[ Info: lp_scores: 5359.0
[ Info: current num of unfinished slices: 7, finished slices: 0
                      ┌                                        ┐ 
                   55 ┤■■■■■■■■■■■■ 1                            
                   56 ┤■■■■■■■■■■■■ 1                            
   sc, target = 31 57 ┤■■■■■■■■■■■■■■■■■■■■■■■■■■■■■■■■■■■■■ 3   
                   58 ┤ 0                                        
                   59 ┤■■■■■■■■■■■■ 1                            
                   60 ┤■■■■■■■■■■■■ 1                            
                      └                                        ┘ 
                                     num of slices               
[ Info: slicing branch with sc: 55.0
[ Info: cc.sc: 55.0
region size: 10
QIP_gurobi_bound: solver finished in 1.594 s (time_limit=100.0 s, status=OPTIMAL)
[ Info: slice 1, lp_score: 5356.0, primal_bound: 0.0
QIP_gurobi_bound: solver finished in 1.494 s (time_limit=100.0 s, status=OPTIMAL)
[ Info: slice 2, lp_score: 5359.0, primal_bound: 0.0
QIP_gurobi_bound: solver finished in 1.548 s (time_limit=100.0 s, status=OPTIMAL)
[ Info: slice 3, lp_score: 5352.0, primal_bound: 0.0
[ Info: new_scs: [53, 54, 52]
[ Info: lp_scores: [5359.0, 5356.0, 5352.0]
[ Info: lp_scores: 5352.0
[ Info: lp_scores: 5356.0
[ Info: lp_scores: 5359.0
[ Info: current num of unfinished slices: 9, finished slices: 0
                      ┌                                        ┐ 
                   52 ┤■■■■■■■■■■■■ 1                            
                   53 ┤■■■■■■■■■■■■ 1                            
                   54 ┤■■■■■■■■■■■■ 1                            
                   55 ┤ 0                                        
   sc, target = 31 56 ┤■■■■■■■■■■■■ 1                            
                   57 ┤■■■■■■■■■■■■■■■■■■■■■■■■■■■■■■■■■■■■■ 3   
                   58 ┤ 0                                        
                   59 ┤■■■■■■■■■■■■ 1                            
                   60 ┤■■■■■■■■■■■■ 1                            
                      └                                        ┘ 
                                     num of slices               
[ Info: slicing branch with sc: 53.0
[ Info: cc.sc: 53.0
region size: 10
QIP_gurobi_bound: solver finished in 2.034 s (time_limit=100.0 s, status=OPTIMAL)
[ Info: slice 1, lp_score: 5357.0, primal_bound: 0.0
QIP_gurobi_bound: solver finished in 1.595 s (time_limit=100.0 s, status=OPTIMAL)
[ Info: slice 2, lp_score: 5359.0, primal_bound: 0.0
[ Info: new_scs: [52, 50]
[ Info: lp_scores: [5359.0, 5357.0]
[ Info: lp_scores: 5357.0
[ Info: lp_scores: 5359.0
[ Info: current num of unfinished slices: 10, finished slices: 0
                      ┌                                        ┐ 
                   50 ┤■■■■■■■■■■■■ 1                            
                   51 ┤ 0                                        
                   52 ┤■■■■■■■■■■■■■■■■■■■■■■■■■ 2               
                   53 ┤ 0                                        
                   54 ┤■■■■■■■■■■■■ 1                            
   sc, target = 31 55 ┤ 0                                        
                   56 ┤■■■■■■■■■■■■ 1                            
                   57 ┤■■■■■■■■■■■■■■■■■■■■■■■■■■■■■■■■■■■■■ 3   
                   58 ┤ 0                                        
                   59 ┤■■■■■■■■■■■■ 1                            
                   60 ┤■■■■■■■■■■■■ 1                            
                      └                                        ┘ 
                                     num of slices               
[ Info: slicing branch with sc: 52.0
[ Info: cc.sc: 52.0
region size: 10
QIP_gurobi_bound: solver finished in 1.794 s (time_limit=100.0 s, status=OPTIMAL)
[ Info: slice 1, lp_score: 5355.0, primal_bound: 0.0
QIP_gurobi_bound: solver finished in 1.604 s (time_limit=100.0 s, status=OPTIMAL)
[ Info: slice 2, lp_score: 5359.0, primal_bound: 0.0
[ Info: new_scs: [50, 50]
[ Info: lp_scores: [5359.0, 5355.0]
[ Info: lp_scores: 5355.0
[ Info: lp_scores: 5359.0
[ Info: current num of unfinished slices: 11, finished slices: 0
                      ┌                                        ┐ 
                   50 ┤■■■■■■■■■■■■■■■■■■■■■■■■■■■■■■■■■■■■■ 3   
                   51 ┤ 0                                        
                   52 ┤■■■■■■■■■■■■ 1                            
                   53 ┤ 0                                        
                   54 ┤■■■■■■■■■■■■ 1                            
   sc, target = 31 55 ┤ 0                                        
                   56 ┤■■■■■■■■■■■■ 1                            
                   57 ┤■■■■■■■■■■■■■■■■■■■■■■■■■■■■■■■■■■■■■ 3   
                   58 ┤ 0                                        
                   59 ┤■■■■■■■■■■■■ 1                            
                   60 ┤■■■■■■■■■■■■ 1                            
                      └                                        ┘ 
                                     num of slices               
[ Info: slicing branch with sc: 50.0
[ Info: cc.sc: 50.0
region size: 10
QIP_gurobi_bound: solver finished in 1.384 s (time_limit=100.0 s, status=OPTIMAL)
[ Info: slice 1, lp_score: 5359.0, primal_bound: 0.0
QIP_gurobi_bound: solver finished in 6.639 s (time_limit=100.0 s, status=OPTIMAL)
[ Info: slice 2, lp_score: 5355.0, primal_bound: 0.0
[ Info: new_scs: [49, 49]
[ Info: lp_scores: [5359.0, 5355.0]
[ Info: lp_scores: 5355.0
[ Info: lp_scores: 5359.0
[ Info: current num of unfinished slices: 12, finished slices: 0
                      ┌                                        ┐ 
                   49 ┤■■■■■■■■■■■■■■■■■■■■■■■■■ 2               
                   50 ┤■■■■■■■■■■■■■■■■■■■■■■■■■ 2               
                   51 ┤ 0                                        
                   52 ┤■■■■■■■■■■■■ 1                            
                   53 ┤ 0                                        
   sc, target = 31 54 ┤■■■■■■■■■■■■ 1                            
                   55 ┤ 0                                        
                   56 ┤■■■■■■■■■■■■ 1                            
                   57 ┤■■■■■■■■■■■■■■■■■■■■■■■■■■■■■■■■■■■■■ 3   
                   58 ┤ 0                                        
                   59 ┤■■■■■■■■■■■■ 1                            
                   60 ┤■■■■■■■■■■■■ 1                            
                      └                                        ┘ 
                                     num of slices               
[ Info: slicing branch with sc: 49.0
[ Info: cc.sc: 49.0
region size: 10
QIP_gurobi_bound: solver finished in 5.949 s (time_limit=100.0 s, status=OPTIMAL)
[ Info: slice 1, lp_score: 5359.0, primal_bound: 0.0
QIP_gurobi_bound: solver finished in 1.603 s (time_limit=100.0 s, status=OPTIMAL)
[ Info: slice 2, lp_score: 5354.0, primal_bound: 0.0
[ Info: new_scs: [49, 49]
[ Info: lp_scores: [5359.0, 5354.0]
[ Info: lp_scores: 5354.0
[ Info: lp_scores: 5359.0
[ Info: current num of unfinished slices: 13, finished slices: 0
                      ┌                                        ┐ 
                   49 ┤■■■■■■■■■■■■■■■■■■■■■■■■■■■■■■■■■■■■■ 3   
                   50 ┤■■■■■■■■■■■■■■■■■■■■■■■■■ 2               
                   51 ┤ 0                                        
                   52 ┤■■■■■■■■■■■■ 1                            
                   53 ┤ 0                                        
   sc, target = 31 54 ┤■■■■■■■■■■■■ 1                            
                   55 ┤ 0                                        
                   56 ┤■■■■■■■■■■■■ 1                            
                   57 ┤■■■■■■■■■■■■■■■■■■■■■■■■■■■■■■■■■■■■■ 3   
                   58 ┤ 0                                        
                   59 ┤■■■■■■■■■■■■ 1                            
                   60 ┤■■■■■■■■■■■■ 1                            
                      └                                        ┘ 
                                     num of slices               
[ Info: slicing branch with sc: 49.0
[ Info: cc.sc: 49.0
region size: 10
QIP_gurobi_bound: solver finished in 7.933 s (time_limit=100.0 s, status=OPTIMAL)
[ Info: slice 1, lp_score: 5359.0, primal_bound: 0.0
QIP_gurobi_bound: solver finished in 1.551 s (time_limit=100.0 s, status=OPTIMAL)
[ Info: slice 2, lp_score: 5355.0, primal_bound: 0.0
[ Info: new_scs: [48, 48]
[ Info: lp_scores: [5359.0, 5355.0]
[ Info: lp_scores: 5355.0
[ Info: lp_scores: 5359.0
[ Info: current num of unfinished slices: 14, finished slices: 0
                      ┌                                        ┐ 
                   48 ┤■■■■■■■■■■■■■■■■■■■■■■■■■ 2               
                   49 ┤■■■■■■■■■■■■■■■■■■■■■■■■■ 2               
                   50 ┤■■■■■■■■■■■■■■■■■■■■■■■■■ 2               
                   51 ┤ 0                                        
                   52 ┤■■■■■■■■■■■■ 1                            
                   53 ┤ 0                                        
   sc, target = 31 54 ┤■■■■■■■■■■■■ 1                            
                   55 ┤ 0                                        
                   56 ┤■■■■■■■■■■■■ 1                            
                   57 ┤■■■■■■■■■■■■■■■■■■■■■■■■■■■■■■■■■■■■■ 3   
                   58 ┤ 0                                        
                   59 ┤■■■■■■■■■■■■ 1                            
                   60 ┤■■■■■■■■■■■■ 1                            
                      └                                        ┘ 
                                     num of slices               
[ Info: slicing branch with sc: 48.0
[ Info: cc.sc: 48.0
region size: 10
QIP_gurobi_bound: solver finished in 1.535 s (time_limit=100.0 s, status=OPTIMAL)
[ Info: slice 1, lp_score: 5359.0, primal_bound: 0.0
QIP_gurobi_bound: solver finished in 5.397 s (time_limit=100.0 s, status=OPTIMAL)
[ Info: slice 2, lp_score: 5355.0, primal_bound: 0.0
[ Info: new_scs: [47, 48]
[ Info: lp_scores: [5359.0, 5355.0]
[ Info: lp_scores: 5355.0
[ Info: lp_scores: 5359.0
[ Info: current num of unfinished slices: 15, finished slices: 0
                      ┌                                        ┐ 
                   47 ┤■■■■■■■■■■■■ 1                            
                   48 ┤■■■■■■■■■■■■■■■■■■■■■■■■■ 2               
                   49 ┤■■■■■■■■■■■■■■■■■■■■■■■■■ 2               
                   50 ┤■■■■■■■■■■■■■■■■■■■■■■■■■ 2               
                   51 ┤ 0                                        
                   52 ┤■■■■■■■■■■■■ 1                            
   sc, target = 31 53 ┤ 0                                        
                   54 ┤■■■■■■■■■■■■ 1                            
                   55 ┤ 0                                        
                   56 ┤■■■■■■■■■■■■ 1                            
                   57 ┤■■■■■■■■■■■■■■■■■■■■■■■■■■■■■■■■■■■■■ 3   
                   58 ┤ 0                                        
                   59 ┤■■■■■■■■■■■■ 1                            
                   60 ┤■■■■■■■■■■■■ 1                            
                      └                                        ┘ 
                                     num of slices               
[ Info: slicing branch with sc: 47.0
[ Info: cc.sc: 47.0
region size: 10
QIP_gurobi_bound: solver finished in 1.679 s (time_limit=100.0 s, status=OPTIMAL)
[ Info: slice 1, lp_score: 5351.0, primal_bound: 0.0
QIP_gurobi_bound: solver finished in 1.819 s (time_limit=100.0 s, status=OPTIMAL)
[ Info: slice 2, lp_score: 5359.0, primal_bound: 0.0
[ Info: new_scs: [46, 47]
[ Info: lp_scores: [5359.0, 5351.0]
[ Info: lp_scores: 5351.0
[ Info: lp_scores: 5359.0
[ Info: current num of unfinished slices: 16, finished slices: 0
                      ┌                                        ┐ 
                   46 ┤■■■■■■■■■■■■ 1                            
                   47 ┤■■■■■■■■■■■■ 1                            
                   48 ┤■■■■■■■■■■■■■■■■■■■■■■■■■ 2               
                   49 ┤■■■■■■■■■■■■■■■■■■■■■■■■■ 2               
                   50 ┤■■■■■■■■■■■■■■■■■■■■■■■■■ 2               
                   51 ┤ 0                                        
                   52 ┤■■■■■■■■■■■■ 1                            
   sc, target = 31 53 ┤ 0                                        
                   54 ┤■■■■■■■■■■■■ 1                            
                   55 ┤ 0                                        
                   56 ┤■■■■■■■■■■■■ 1                            
                   57 ┤■■■■■■■■■■■■■■■■■■■■■■■■■■■■■■■■■■■■■ 3   
                   58 ┤ 0                                        
                   59 ┤■■■■■■■■■■■■ 1                            
                   60 ┤■■■■■■■■■■■■ 1                            
                      └                                        ┘ 
                                     num of slices               
[ Info: slicing branch with sc: 46.0
[ Info: cc.sc: 46.0
region size: 10
QIP_gurobi_bound: solver finished in 1.599 s (time_limit=100.0 s, status=OPTIMAL)
[ Info: slice 1, lp_score: 5358.0, primal_bound: 0.0
QIP_gurobi_bound: solver finished in 1.508 s (time_limit=100.0 s, status=OPTIMAL)
[ Info: slice 2, lp_score: 5359.0, primal_bound: 0.0
[ Info: new_scs: [46, 45]
[ Info: lp_scores: [5359.0, 5358.0]
[ Info: lp_scores: 5358.0
[ Info: lp_scores: 5359.0
[ Info: current num of unfinished slices: 17, finished slices: 0
                      ┌                                        ┐ 
                   45 ┤■■■■■■■■■■■■ 1                            
                   46 ┤■■■■■■■■■■■■ 1                            
                   47 ┤■■■■■■■■■■■■ 1                            
                   48 ┤■■■■■■■■■■■■■■■■■■■■■■■■■ 2               
                   49 ┤■■■■■■■■■■■■■■■■■■■■■■■■■ 2               
                   50 ┤■■■■■■■■■■■■■■■■■■■■■■■■■ 2               
                   51 ┤ 0                                        
   sc, target = 31 52 ┤■■■■■■■■■■■■ 1                            
                   53 ┤ 0                                        
                   54 ┤■■■■■■■■■■■■ 1                            
                   55 ┤ 0                                        
                   56 ┤■■■■■■■■■■■■ 1                            
                   57 ┤■■■■■■■■■■■■■■■■■■■■■■■■■■■■■■■■■■■■■ 3   
                   58 ┤ 0                                        
                   59 ┤■■■■■■■■■■■■ 1                            
                   60 ┤■■■■■■■■■■■■ 1                            
                      └                                        ┘ 
                                     num of slices               
[ Info: slicing branch with sc: 46.0
[ Info: cc.sc: 46.0
region size: 10
QIP_gurobi_bound: solver finished in 1.977 s (time_limit=100.0 s, status=OPTIMAL)
[ Info: slice 1, lp_score: 5359.0, primal_bound: 0.0
QIP_gurobi_bound: solver finished in 1.451 s (time_limit=100.0 s, status=OPTIMAL)
[ Info: slice 2, lp_score: 5353.0, primal_bound: 0.0
[ Info: new_scs: [44, 42]
[ Info: lp_scores: [5359.0, 5353.0]
[ Info: lp_scores: 5353.0
[ Info: lp_scores: 5359.0
[ Info: current num of unfinished slices: 18, finished slices: 0
                      ┌                                        ┐ 
                   42 ┤■■■■■■■■■■■■ 1                            
                   43 ┤ 0                                        
                   44 ┤■■■■■■■■■■■■ 1                            
                   45 ┤■■■■■■■■■■■■ 1                            
                   46 ┤ 0                                        
                   47 ┤■■■■■■■■■■■■ 1                            
                   48 ┤■■■■■■■■■■■■■■■■■■■■■■■■■ 2               
                   49 ┤■■■■■■■■■■■■■■■■■■■■■■■■■ 2               
                   50 ┤■■■■■■■■■■■■■■■■■■■■■■■■■ 2               
   sc, target = 31 51 ┤ 0                                        
                   52 ┤■■■■■■■■■■■■ 1                            
                   53 ┤ 0                                        
                   54 ┤■■■■■■■■■■■■ 1                            
                   55 ┤ 0                                        
                   56 ┤■■■■■■■■■■■■ 1                            
                   57 ┤■■■■■■■■■■■■■■■■■■■■■■■■■■■■■■■■■■■■■ 3   
                   58 ┤ 0                                        
                   59 ┤■■■■■■■■■■■■ 1                            
                   60 ┤■■■■■■■■■■■■ 1                            
                      └                                        ┘ 
                                     num of slices               
[ Info: slicing branch with sc: 44.0
[ Info: cc.sc: 44.0
region size: 10
QIP_gurobi_bound: solver finished in 1.635 s (time_limit=100.0 s, status=OPTIMAL)
[ Info: slice 1, lp_score: 5359.0, primal_bound: 0.0
QIP_gurobi_bound: solver finished in 5.121 s (time_limit=100.0 s, status=OPTIMAL)
[ Info: slice 2, lp_score: 5356.0, primal_bound: 0.0
[ Info: new_scs: [44, 44]
[ Info: lp_scores: [5359.0, 5356.0]
[ Info: lp_scores: 5356.0
[ Info: lp_scores: 5359.0
[ Info: current num of unfinished slices: 19, finished slices: 0
                      ┌                                        ┐ 
                   42 ┤■■■■■■■■■■■■ 1                            
                   43 ┤ 0                                        
                   44 ┤■■■■■■■■■■■■■■■■■■■■■■■■■ 2               
                   45 ┤■■■■■■■■■■■■ 1                            
                   46 ┤ 0                                        
                   47 ┤■■■■■■■■■■■■ 1                            
                   48 ┤■■■■■■■■■■■■■■■■■■■■■■■■■ 2               
                   49 ┤■■■■■■■■■■■■■■■■■■■■■■■■■ 2               
                   50 ┤■■■■■■■■■■■■■■■■■■■■■■■■■ 2               
   sc, target = 31 51 ┤ 0                                        
                   52 ┤■■■■■■■■■■■■ 1                            
                   53 ┤ 0                                        
                   54 ┤■■■■■■■■■■■■ 1                            
                   55 ┤ 0                                        
                   56 ┤■■■■■■■■■■■■ 1                            
                   57 ┤■■■■■■■■■■■■■■■■■■■■■■■■■■■■■■■■■■■■■ 3   
                   58 ┤ 0                                        
                   59 ┤■■■■■■■■■■■■ 1                            
                   60 ┤■■■■■■■■■■■■ 1                            
                      └                                        ┘ 
                                     num of slices               
[ Info: slicing branch with sc: 44.0
[ Info: cc.sc: 44.0
region size: 10
QIP_gurobi_bound: solver finished in 1.405 s (time_limit=100.0 s, status=OPTIMAL)
[ Info: slice 1, lp_score: 5354.0, primal_bound: 0.0
QIP_gurobi_bound: solver finished in 2.245 s (time_limit=100.0 s, status=OPTIMAL)
[ Info: slice 2, lp_score: 5359.0, primal_bound: 0.0
[ Info: new_scs: [43, 42]
[ Info: lp_scores: [5359.0, 5354.0]
[ Info: lp_scores: 5354.0
[ Info: lp_scores: 5359.0
[ Info: current num of unfinished slices: 20, finished slices: 0
                      ┌                                        ┐ 
                   42 ┤■■■■■■■■■■■■■■■■■■■■■■■■■ 2               
                   43 ┤■■■■■■■■■■■■ 1                            
                   44 ┤■■■■■■■■■■■■ 1                            
                   45 ┤■■■■■■■■■■■■ 1                            
                   46 ┤ 0                                        
                   47 ┤■■■■■■■■■■■■ 1                            
                   48 ┤■■■■■■■■■■■■■■■■■■■■■■■■■ 2               
                   49 ┤■■■■■■■■■■■■■■■■■■■■■■■■■ 2               
                   50 ┤■■■■■■■■■■■■■■■■■■■■■■■■■ 2               
   sc, target = 31 51 ┤ 0                                        
                   52 ┤■■■■■■■■■■■■ 1                            
                   53 ┤ 0                                        
                   54 ┤■■■■■■■■■■■■ 1                            
                   55 ┤ 0                                        
                   56 ┤■■■■■■■■■■■■ 1                            
                   57 ┤■■■■■■■■■■■■■■■■■■■■■■■■■■■■■■■■■■■■■ 3   
                   58 ┤ 0                                        
                   59 ┤■■■■■■■■■■■■ 1                            
                   60 ┤■■■■■■■■■■■■ 1                            
                      └                                        ┘ 
                                     num of slices               
[ Info: slicing branch with sc: 43.0
[ Info: cc.sc: 43.0
region size: 10
QIP_gurobi_bound: solver finished in 1.272 s (time_limit=100.0 s, status=OPTIMAL)
[ Info: slice 1, lp_score: 5359.0, primal_bound: 0.0
QIP_gurobi_bound: solver finished in 1.452 s (time_limit=100.0 s, status=OPTIMAL)
[ Info: slice 2, lp_score: 5358.0, primal_bound: 0.0
QIP_gurobi_bound: solver finished in 1.391 s (time_limit=100.0 s, status=OPTIMAL)
[ Info: slice 3, lp_score: 5352.0, primal_bound: 0.0
[ Info: new_scs: [43, 43, 43]
[ Info: lp_scores: [5359.0, 5358.0, 5352.0]
[ Info: lp_scores: 5352.0
[ Info: lp_scores: 5358.0
[ Info: lp_scores: 5359.0
[ Info: current num of unfinished slices: 22, finished slices: 0
                      ┌                                        ┐ 
                   42 ┤■■■■■■■■■■■■■■■■■■■■■■■■■ 2               
                   43 ┤■■■■■■■■■■■■■■■■■■■■■■■■■■■■■■■■■■■■■ 3   
                   44 ┤■■■■■■■■■■■■ 1                            
                   45 ┤■■■■■■■■■■■■ 1                            
                   46 ┤ 0                                        
                   47 ┤■■■■■■■■■■■■ 1                            
                   48 ┤■■■■■■■■■■■■■■■■■■■■■■■■■ 2               
                   49 ┤■■■■■■■■■■■■■■■■■■■■■■■■■ 2               
                   50 ┤■■■■■■■■■■■■■■■■■■■■■■■■■ 2               
   sc, target = 31 51 ┤ 0                                        
                   52 ┤■■■■■■■■■■■■ 1                            
                   53 ┤ 0                                        
                   54 ┤■■■■■■■■■■■■ 1                            
                   55 ┤ 0                                        
                   56 ┤■■■■■■■■■■■■ 1                            
                   57 ┤■■■■■■■■■■■■■■■■■■■■■■■■■■■■■■■■■■■■■ 3   
                   58 ┤ 0                                        
                   59 ┤■■■■■■■■■■■■ 1                            
                   60 ┤■■■■■■■■■■■■ 1                            
                      └                                        ┘ 
                                     num of slices               
[ Info: slicing branch with sc: 43.0
[ Info: cc.sc: 43.0
region size: 10
QIP_gurobi_bound: solver finished in 1.836 s (time_limit=100.0 s, status=OPTIMAL)
[ Info: slice 1, lp_score: 5355.0, primal_bound: 0.0
QIP_gurobi_bound: solver finished in 1.395 s (time_limit=100.0 s, status=OPTIMAL)
[ Info: slice 2, lp_score: 5359.0, primal_bound: 0.0
[ Info: new_scs: [43, 42]
[ Info: lp_scores: [5359.0, 5355.0]
[ Info: lp_scores: 5355.0
[ Info: lp_scores: 5359.0
[ Info: current num of unfinished slices: 23, finished slices: 0
                      ┌                                        ┐ 
                   42 ┤■■■■■■■■■■■■■■■■■■■■■■■■■■■■■■■■■■■■■ 3   
                   43 ┤■■■■■■■■■■■■■■■■■■■■■■■■■■■■■■■■■■■■■ 3   
                   44 ┤■■■■■■■■■■■■ 1                            
                   45 ┤■■■■■■■■■■■■ 1                            
                   46 ┤ 0                                        
                   47 ┤■■■■■■■■■■■■ 1                            
                   48 ┤■■■■■■■■■■■■■■■■■■■■■■■■■ 2               
                   49 ┤■■■■■■■■■■■■■■■■■■■■■■■■■ 2               
                   50 ┤■■■■■■■■■■■■■■■■■■■■■■■■■ 2               
   sc, target = 31 51 ┤ 0                                        
                   52 ┤■■■■■■■■■■■■ 1                            
                   53 ┤ 0                                        
                   54 ┤■■■■■■■■■■■■ 1                            
                   55 ┤ 0                                        
                   56 ┤■■■■■■■■■■■■ 1                            
                   57 ┤■■■■■■■■■■■■■■■■■■■■■■■■■■■■■■■■■■■■■ 3   
                   58 ┤ 0                                        
                   59 ┤■■■■■■■■■■■■ 1                            
                   60 ┤■■■■■■■■■■■■ 1                            
                      └                                        ┘ 
                                     num of slices               
[ Info: slicing branch with sc: 43.0
[ Info: cc.sc: 43.0
region size: 10
QIP_gurobi_bound: solver finished in 1.419 s (time_limit=100.0 s, status=OPTIMAL)
[ Info: slice 1, lp_score: 5354.0, primal_bound: 0.0
QIP_gurobi_bound: solver finished in 1.474 s (time_limit=100.0 s, status=OPTIMAL)
[ Info: slice 2, lp_score: 5359.0, primal_bound: 0.0
[ Info: new_scs: [41, 39]
[ Info: lp_scores: [5359.0, 5354.0]
[ Info: lp_scores: 5354.0
[ Info: lp_scores: 5359.0
[ Info: current num of unfinished slices: 24, finished slices: 0
                      ┌                                        ┐ 
                   39 ┤■■■■■■■■■■■■ 1                            
                   40 ┤ 0                                        
                   41 ┤■■■■■■■■■■■■ 1                            
                   42 ┤■■■■■■■■■■■■■■■■■■■■■■■■■■■■■■■■■■■■■ 3   
                   43 ┤■■■■■■■■■■■■■■■■■■■■■■■■■ 2               
                   44 ┤■■■■■■■■■■■■ 1                            
                   45 ┤■■■■■■■■■■■■ 1                            
                   46 ┤ 0                                        
                   47 ┤■■■■■■■■■■■■ 1                            
                   48 ┤■■■■■■■■■■■■■■■■■■■■■■■■■ 2               
   sc, target = 31 49 ┤■■■■■■■■■■■■■■■■■■■■■■■■■ 2               
                   50 ┤■■■■■■■■■■■■■■■■■■■■■■■■■ 2               
                   51 ┤ 0                                        
                   52 ┤■■■■■■■■■■■■ 1                            
                   53 ┤ 0                                        
                   54 ┤■■■■■■■■■■■■ 1                            
                   55 ┤ 0                                        
                   56 ┤■■■■■■■■■■■■ 1                            
                   57 ┤■■■■■■■■■■■■■■■■■■■■■■■■■■■■■■■■■■■■■ 3   
                   58 ┤ 0                                        
                   59 ┤■■■■■■■■■■■■ 1                            
                   60 ┤■■■■■■■■■■■■ 1                            
                      └                                        ┘ 
                                     num of slices               
[ Info: slicing branch with sc: 41.0
[ Info: cc.sc: 41.0
region size: 10
QIP_gurobi_bound: solver finished in 1.404 s (time_limit=100.0 s, status=OPTIMAL)
[ Info: slice 1, lp_score: 5358.0, primal_bound: 0.0
QIP_gurobi_bound: solver finished in 1.719 s (time_limit=100.0 s, status=OPTIMAL)
[ Info: slice 2, lp_score: 5359.0, primal_bound: 0.0
[ Info: new_scs: [39, 40]
[ Info: lp_scores: [5359.0, 5358.0]
[ Info: lp_scores: 5358.0
[ Info: lp_scores: 5359.0
[ Info: current num of unfinished slices: 25, finished slices: 0
                      ┌                                        ┐ 
                   39 ┤■■■■■■■■■■■■■■■■■■■■■■■■■ 2               
                   40 ┤■■■■■■■■■■■■ 1                            
                   41 ┤ 0                                        
                   42 ┤■■■■■■■■■■■■■■■■■■■■■■■■■■■■■■■■■■■■■ 3   
                   43 ┤■■■■■■■■■■■■■■■■■■■■■■■■■ 2               
                   44 ┤■■■■■■■■■■■■ 1                            
                   45 ┤■■■■■■■■■■■■ 1                            
                   46 ┤ 0                                        
                   47 ┤■■■■■■■■■■■■ 1                            
                   48 ┤■■■■■■■■■■■■■■■■■■■■■■■■■ 2               
   sc, target = 31 49 ┤■■■■■■■■■■■■■■■■■■■■■■■■■ 2               
                   50 ┤■■■■■■■■■■■■■■■■■■■■■■■■■ 2               
                   51 ┤ 0                                        
                   52 ┤■■■■■■■■■■■■ 1                            
                   53 ┤ 0                                        
                   54 ┤■■■■■■■■■■■■ 1                            
                   55 ┤ 0                                        
                   56 ┤■■■■■■■■■■■■ 1                            
                   57 ┤■■■■■■■■■■■■■■■■■■■■■■■■■■■■■■■■■■■■■ 3   
                   58 ┤ 0                                        
                   59 ┤■■■■■■■■■■■■ 1                            
                   60 ┤■■■■■■■■■■■■ 1                            
                      └                                        ┘ 
                                     num of slices               
[ Info: slicing branch with sc: 39.0
[ Info: cc.sc: 39.0
region size: 10
QIP_gurobi_bound: solver finished in 1.496 s (time_limit=100.0 s, status=OPTIMAL)
[ Info: slice 1, lp_score: 5359.0, primal_bound: 0.0
QIP_gurobi_bound: solver finished in 1.544 s (time_limit=100.0 s, status=OPTIMAL)
[ Info: slice 2, lp_score: 5358.0, primal_bound: 0.0
[ Info: new_scs: [39, 39]
[ Info: lp_scores: [5359.0, 5358.0]
[ Info: lp_scores: 5358.0
[ Info: lp_scores: 5359.0
[ Info: current num of unfinished slices: 26, finished slices: 0
                      ┌                                        ┐ 
                   39 ┤■■■■■■■■■■■■■■■■■■■■■■■■■■■■■■■■■■■■■ 3   
                   40 ┤■■■■■■■■■■■■ 1                            
                   41 ┤ 0                                        
                   42 ┤■■■■■■■■■■■■■■■■■■■■■■■■■■■■■■■■■■■■■ 3   
                   43 ┤■■■■■■■■■■■■■■■■■■■■■■■■■ 2               
                   44 ┤■■■■■■■■■■■■ 1                            
                   45 ┤■■■■■■■■■■■■ 1                            
                   46 ┤ 0                                        
                   47 ┤■■■■■■■■■■■■ 1                            
                   48 ┤■■■■■■■■■■■■■■■■■■■■■■■■■ 2               
   sc, target = 31 49 ┤■■■■■■■■■■■■■■■■■■■■■■■■■ 2               
                   50 ┤■■■■■■■■■■■■■■■■■■■■■■■■■ 2               
                   51 ┤ 0                                        
                   52 ┤■■■■■■■■■■■■ 1                            
                   53 ┤ 0                                        
                   54 ┤■■■■■■■■■■■■ 1                            
                   55 ┤ 0                                        
                   56 ┤■■■■■■■■■■■■ 1                            
                   57 ┤■■■■■■■■■■■■■■■■■■■■■■■■■■■■■■■■■■■■■ 3   
                   58 ┤ 0                                        
                   59 ┤■■■■■■■■■■■■ 1                            
                   60 ┤■■■■■■■■■■■■ 1                            
                      └                                        ┘ 
                                     num of slices               
[ Info: slicing branch with sc: 39.0
[ Info: cc.sc: 39.0
region size: 10
QIP_gurobi_bound: solver finished in 1.905 s (time_limit=100.0 s, status=OPTIMAL)
[ Info: slice 1, lp_score: 5359.0, primal_bound: 0.0
QIP_gurobi_bound: solver finished in 1.427 s (time_limit=100.0 s, status=OPTIMAL)
[ Info: slice 2, lp_score: 5356.0, primal_bound: 0.0
[ Info: new_scs: [38, 38]
[ Info: lp_scores: [5359.0, 5356.0]
[ Info: lp_scores: 5356.0
[ Info: lp_scores: 5359.0
[ Info: current num of unfinished slices: 27, finished slices: 0
                      ┌                                        ┐ 
                   38 ┤■■■■■■■■■■■■■■■■■■■■■■■■■ 2               
                   39 ┤■■■■■■■■■■■■■■■■■■■■■■■■■ 2               
                   40 ┤■■■■■■■■■■■■ 1                            
                   41 ┤ 0                                        
                   42 ┤■■■■■■■■■■■■■■■■■■■■■■■■■■■■■■■■■■■■■ 3   
                   43 ┤■■■■■■■■■■■■■■■■■■■■■■■■■ 2               
                   44 ┤■■■■■■■■■■■■ 1                            
                   45 ┤■■■■■■■■■■■■ 1                            
                   46 ┤ 0                                        
                   47 ┤■■■■■■■■■■■■ 1                            
                   48 ┤■■■■■■■■■■■■■■■■■■■■■■■■■ 2               
   sc, target = 31 49 ┤■■■■■■■■■■■■■■■■■■■■■■■■■ 2               
                   50 ┤■■■■■■■■■■■■■■■■■■■■■■■■■ 2               
                   51 ┤ 0                                        
                   52 ┤■■■■■■■■■■■■ 1                            
                   53 ┤ 0                                        
                   54 ┤■■■■■■■■■■■■ 1                            
                   55 ┤ 0                                        
                   56 ┤■■■■■■■■■■■■ 1                            
                   57 ┤■■■■■■■■■■■■■■■■■■■■■■■■■■■■■■■■■■■■■ 3   
                   58 ┤ 0                                        
                   59 ┤■■■■■■■■■■■■ 1                            
                   60 ┤■■■■■■■■■■■■ 1                            
                      └                                        ┘ 
                                     num of slices               
[ Info: slicing branch with sc: 38.0
[ Info: cc.sc: 38.0
region size: 10
QIP_gurobi_bound: solver finished in 1.789 s (time_limit=100.0 s, status=OPTIMAL)
[ Info: slice 1, lp_score: 5359.0, primal_bound: 0.0
QIP_gurobi_bound: solver finished in 1.516 s (time_limit=100.0 s, status=OPTIMAL)
[ Info: slice 2, lp_score: 5356.0, primal_bound: 0.0
[ Info: new_scs: [36, 37]
[ Info: lp_scores: [5359.0, 5356.0]
[ Info: lp_scores: 5356.0
[ Info: lp_scores: 5359.0
[ Info: current num of unfinished slices: 28, finished slices: 0
                      ┌                                        ┐ 
                   36 ┤■■■■■■■■■■■■ 1                            
                   37 ┤■■■■■■■■■■■■ 1                            
                   38 ┤■■■■■■■■■■■■ 1                            
                   39 ┤■■■■■■■■■■■■■■■■■■■■■■■■■ 2               
                   40 ┤■■■■■■■■■■■■ 1                            
                   41 ┤ 0                                        
                   42 ┤■■■■■■■■■■■■■■■■■■■■■■■■■■■■■■■■■■■■■ 3   
                   43 ┤■■■■■■■■■■■■■■■■■■■■■■■■■ 2               
                   44 ┤■■■■■■■■■■■■ 1                            
                   45 ┤■■■■■■■■■■■■ 1                            
                   46 ┤ 0                                        
                   47 ┤■■■■■■■■■■■■ 1                            
   sc, target = 31 48 ┤■■■■■■■■■■■■■■■■■■■■■■■■■ 2               
                   49 ┤■■■■■■■■■■■■■■■■■■■■■■■■■ 2               
                   50 ┤■■■■■■■■■■■■■■■■■■■■■■■■■ 2               
                   51 ┤ 0                                        
                   52 ┤■■■■■■■■■■■■ 1                            
                   53 ┤ 0                                        
                   54 ┤■■■■■■■■■■■■ 1                            
                   55 ┤ 0                                        
                   56 ┤■■■■■■■■■■■■ 1                            
                   57 ┤■■■■■■■■■■■■■■■■■■■■■■■■■■■■■■■■■■■■■ 3   
                   58 ┤ 0                                        
                   59 ┤■■■■■■■■■■■■ 1                            
                   60 ┤■■■■■■■■■■■■ 1                            
                      └                                        ┘ 
                                     num of slices               
[ Info: slicing branch with sc: 36.0
[ Info: cc.sc: 36.0
region size: 10
QIP_gurobi_bound: solver finished in 1.557 s (time_limit=100.0 s, status=OPTIMAL)
[ Info: slice 1, lp_score: 5359.0, primal_bound: 0.0
[ Info: new_scs: [36]
[ Info: lp_scores: [5359.0]
[ Info: lp_scores: 5359.0
[ Info: current num of unfinished slices: 28, finished slices: 0
                      ┌                                        ┐ 
                   36 ┤■■■■■■■■■■■■ 1                            
                   37 ┤■■■■■■■■■■■■ 1                            
                   38 ┤■■■■■■■■■■■■ 1                            
                   39 ┤■■■■■■■■■■■■■■■■■■■■■■■■■ 2               
                   40 ┤■■■■■■■■■■■■ 1                            
                   41 ┤ 0                                        
                   42 ┤■■■■■■■■■■■■■■■■■■■■■■■■■■■■■■■■■■■■■ 3   
                   43 ┤■■■■■■■■■■■■■■■■■■■■■■■■■ 2               
                   44 ┤■■■■■■■■■■■■ 1                            
                   45 ┤■■■■■■■■■■■■ 1                            
                   46 ┤ 0                                        
                   47 ┤■■■■■■■■■■■■ 1                            
   sc, target = 31 48 ┤■■■■■■■■■■■■■■■■■■■■■■■■■ 2               
                   49 ┤■■■■■■■■■■■■■■■■■■■■■■■■■ 2               
                   50 ┤■■■■■■■■■■■■■■■■■■■■■■■■■ 2               
                   51 ┤ 0                                        
                   52 ┤■■■■■■■■■■■■ 1                            
                   53 ┤ 0                                        
                   54 ┤■■■■■■■■■■■■ 1                            
                   55 ┤ 0                                        
                   56 ┤■■■■■■■■■■■■ 1                            
                   57 ┤■■■■■■■■■■■■■■■■■■■■■■■■■■■■■■■■■■■■■ 3   
                   58 ┤ 0                                        
                   59 ┤■■■■■■■■■■■■ 1                            
                   60 ┤■■■■■■■■■■■■ 1                            
                      └                                        ┘ 
                                     num of slices               
[ Info: slicing branch with sc: 36.0
[ Info: cc.sc: 36.0
region size: 10
QIP_gurobi_bound: solver finished in 1.355 s (time_limit=100.0 s, status=OPTIMAL)
[ Info: slice 1, lp_score: 5357.0, primal_bound: 0.0
QIP_gurobi_bound: solver finished in 1.543 s (time_limit=100.0 s, status=OPTIMAL)
[ Info: slice 2, lp_score: 5359.0, primal_bound: 0.0
[ Info: new_scs: [35, 35]
[ Info: lp_scores: [5359.0, 5357.0]
[ Info: lp_scores: 5357.0
[ Info: lp_scores: 5359.0
[ Info: current num of unfinished slices: 29, finished slices: 0
                      ┌                                        ┐ 
                   35 ┤■■■■■■■■■■■■■■■■■■■■■■■■■ 2               
                   36 ┤ 0                                        
                   37 ┤■■■■■■■■■■■■ 1                            
                   38 ┤■■■■■■■■■■■■ 1                            
                   39 ┤■■■■■■■■■■■■■■■■■■■■■■■■■ 2               
                   40 ┤■■■■■■■■■■■■ 1                            
                   41 ┤ 0                                        
                   42 ┤■■■■■■■■■■■■■■■■■■■■■■■■■■■■■■■■■■■■■ 3   
                   43 ┤■■■■■■■■■■■■■■■■■■■■■■■■■ 2               
                   44 ┤■■■■■■■■■■■■ 1                            
                   45 ┤■■■■■■■■■■■■ 1                            
                   46 ┤ 0                                        
   sc, target = 31 47 ┤■■■■■■■■■■■■ 1                            
                   48 ┤■■■■■■■■■■■■■■■■■■■■■■■■■ 2               
                   49 ┤■■■■■■■■■■■■■■■■■■■■■■■■■ 2               
                   50 ┤■■■■■■■■■■■■■■■■■■■■■■■■■ 2               
                   51 ┤ 0                                        
                   52 ┤■■■■■■■■■■■■ 1                            
                   53 ┤ 0                                        
                   54 ┤■■■■■■■■■■■■ 1                            
                   55 ┤ 0                                        
                   56 ┤■■■■■■■■■■■■ 1                            
                   57 ┤■■■■■■■■■■■■■■■■■■■■■■■■■■■■■■■■■■■■■ 3   
                   58 ┤ 0                                        
                   59 ┤■■■■■■■■■■■■ 1                            
                   60 ┤■■■■■■■■■■■■ 1                            
                      └                                        ┘ 
                                     num of slices               
[ Info: slicing branch with sc: 35.0
[ Info: cc.sc: 35.0
region size: 10
QIP_gurobi_bound: solver finished in 1.376 s (time_limit=100.0 s, status=OPTIMAL)
[ Info: slice 1, lp_score: 5359.0, primal_bound: 0.0
QIP_gurobi_bound: solver finished in 1.327 s (time_limit=100.0 s, status=OPTIMAL)
[ Info: slice 2, lp_score: 5355.0, primal_bound: 0.0
[ Info: new_scs: [35, 35]
[ Info: lp_scores: [5359.0, 5355.0]
[ Info: lp_scores: 5355.0
[ Info: lp_scores: 5359.0
[ Info: current num of unfinished slices: 30, finished slices: 0
                      ┌                                        ┐ 
                   35 ┤■■■■■■■■■■■■■■■■■■■■■■■■■■■■■■■■■■■■■ 3   
                   36 ┤ 0                                        
                   37 ┤■■■■■■■■■■■■ 1                            
                   38 ┤■■■■■■■■■■■■ 1                            
                   39 ┤■■■■■■■■■■■■■■■■■■■■■■■■■ 2               
                   40 ┤■■■■■■■■■■■■ 1                            
                   41 ┤ 0                                        
                   42 ┤■■■■■■■■■■■■■■■■■■■■■■■■■■■■■■■■■■■■■ 3   
                   43 ┤■■■■■■■■■■■■■■■■■■■■■■■■■ 2               
                   44 ┤■■■■■■■■■■■■ 1                            
                   45 ┤■■■■■■■■■■■■ 1                            
                   46 ┤ 0                                        
   sc, target = 31 47 ┤■■■■■■■■■■■■ 1                            
                   48 ┤■■■■■■■■■■■■■■■■■■■■■■■■■ 2               
                   49 ┤■■■■■■■■■■■■■■■■■■■■■■■■■ 2               
                   50 ┤■■■■■■■■■■■■■■■■■■■■■■■■■ 2               
                   51 ┤ 0                                        
                   52 ┤■■■■■■■■■■■■ 1                            
                   53 ┤ 0                                        
                   54 ┤■■■■■■■■■■■■ 1                            
                   55 ┤ 0                                        
                   56 ┤■■■■■■■■■■■■ 1                            
                   57 ┤■■■■■■■■■■■■■■■■■■■■■■■■■■■■■■■■■■■■■ 3   
                   58 ┤ 0                                        
                   59 ┤■■■■■■■■■■■■ 1                            
                   60 ┤■■■■■■■■■■■■ 1                            
                      └                                        ┘ 
                                     num of slices               
[ Info: slicing branch with sc: 35.0
[ Info: cc.sc: 35.0
region size: 10
QIP_gurobi_bound: solver finished in 1.351 s (time_limit=100.0 s, status=OPTIMAL)
[ Info: slice 1, lp_score: 5348.0, primal_bound: 0.0
QIP_gurobi_bound: solver finished in 1.339 s (time_limit=100.0 s, status=OPTIMAL)
[ Info: slice 2, lp_score: 5359.0, primal_bound: 0.0
[ Info: new_scs: [34, 33]
[ Info: lp_scores: [5359.0, 5348.0]
[ Info: lp_scores: 5348.0
[ Info: lp_scores: 5359.0
[ Info: current num of unfinished slices: 31, finished slices: 0
                      ┌                                        ┐ 
                   33 ┤■■■■■■■■■■■■ 1                            
                   34 ┤■■■■■■■■■■■■ 1                            
                   35 ┤■■■■■■■■■■■■■■■■■■■■■■■■■ 2               
                   36 ┤ 0                                        
                   37 ┤■■■■■■■■■■■■ 1                            
                   38 ┤■■■■■■■■■■■■ 1                            
                   39 ┤■■■■■■■■■■■■■■■■■■■■■■■■■ 2               
                   40 ┤■■■■■■■■■■■■ 1                            
                   41 ┤ 0                                        
                   42 ┤■■■■■■■■■■■■■■■■■■■■■■■■■■■■■■■■■■■■■ 3   
                   43 ┤■■■■■■■■■■■■■■■■■■■■■■■■■ 2               
                   44 ┤■■■■■■■■■■■■ 1                            
                   45 ┤■■■■■■■■■■■■ 1                            
   sc, target = 31 46 ┤ 0                                        
                   47 ┤■■■■■■■■■■■■ 1                            
                   48 ┤■■■■■■■■■■■■■■■■■■■■■■■■■ 2               
                   49 ┤■■■■■■■■■■■■■■■■■■■■■■■■■ 2               
                   50 ┤■■■■■■■■■■■■■■■■■■■■■■■■■ 2               
                   51 ┤ 0                                        
                   52 ┤■■■■■■■■■■■■ 1                            
                   53 ┤ 0                                        
                   54 ┤■■■■■■■■■■■■ 1                            
                   55 ┤ 0                                        
                   56 ┤■■■■■■■■■■■■ 1                            
                   57 ┤■■■■■■■■■■■■■■■■■■■■■■■■■■■■■■■■■■■■■ 3   
                   58 ┤ 0                                        
                   59 ┤■■■■■■■■■■■■ 1                            
                   60 ┤■■■■■■■■■■■■ 1                            
                      └                                        ┘ 
                                     num of slices               
[ Info: slicing branch with sc: 34.0
[ Info: cc.sc: 34.0
region size: 10
QIP_gurobi_bound: solver finished in 1.464 s (time_limit=100.0 s, status=OPTIMAL)
[ Info: slice 1, lp_score: 5359.0, primal_bound: 0.0
[ Info: new_scs: [34]
[ Info: lp_scores: [5359.0]
[ Info: lp_scores: 5359.0
[ Info: current num of unfinished slices: 31, finished slices: 0
                      ┌                                        ┐ 
                   33 ┤■■■■■■■■■■■■ 1                            
                   34 ┤■■■■■■■■■■■■ 1                            
                   35 ┤■■■■■■■■■■■■■■■■■■■■■■■■■ 2               
                   36 ┤ 0                                        
                   37 ┤■■■■■■■■■■■■ 1                            
                   38 ┤■■■■■■■■■■■■ 1                            
                   39 ┤■■■■■■■■■■■■■■■■■■■■■■■■■ 2               
                   40 ┤■■■■■■■■■■■■ 1                            
                   41 ┤ 0                                        
                   42 ┤■■■■■■■■■■■■■■■■■■■■■■■■■■■■■■■■■■■■■ 3   
                   43 ┤■■■■■■■■■■■■■■■■■■■■■■■■■ 2               
                   44 ┤■■■■■■■■■■■■ 1                            
                   45 ┤■■■■■■■■■■■■ 1                            
   sc, target = 31 46 ┤ 0                                        
                   47 ┤■■■■■■■■■■■■ 1                            
                   48 ┤■■■■■■■■■■■■■■■■■■■■■■■■■ 2               
                   49 ┤■■■■■■■■■■■■■■■■■■■■■■■■■ 2               
                   50 ┤■■■■■■■■■■■■■■■■■■■■■■■■■ 2               
                   51 ┤ 0                                        
                   52 ┤■■■■■■■■■■■■ 1                            
                   53 ┤ 0                                        
                   54 ┤■■■■■■■■■■■■ 1                            
                   55 ┤ 0                                        
                   56 ┤■■■■■■■■■■■■ 1                            
                   57 ┤■■■■■■■■■■■■■■■■■■■■■■■■■■■■■■■■■■■■■ 3   
                   58 ┤ 0                                        
                   59 ┤■■■■■■■■■■■■ 1                            
                   60 ┤■■■■■■■■■■■■ 1                            
                      └                                        ┘ 
                                     num of slices               
[ Info: slicing branch with sc: 34.0
[ Info: cc.sc: 34.0
region size: 10
QIP_gurobi_bound: solver finished in 1.792 s (time_limit=100.0 s, status=OPTIMAL)
[ Info: slice 1, lp_score: 5358.0, primal_bound: 0.0
QIP_gurobi_bound: solver finished in 1.402 s (time_limit=100.0 s, status=OPTIMAL)
[ Info: slice 2, lp_score: 5359.0, primal_bound: 0.0
[ Info: new_scs: [34, 34]
[ Info: lp_scores: [5359.0, 5358.0]
[ Info: lp_scores: 5358.0
[ Info: lp_scores: 5359.0
[ Info: current num of unfinished slices: 32, finished slices: 0
                      ┌                                        ┐ 
                   33 ┤■■■■■■■■■■■■ 1                            
                   34 ┤■■■■■■■■■■■■■■■■■■■■■■■■■ 2               
                   35 ┤■■■■■■■■■■■■■■■■■■■■■■■■■ 2               
                   36 ┤ 0                                        
                   37 ┤■■■■■■■■■■■■ 1                            
                   38 ┤■■■■■■■■■■■■ 1                            
                   39 ┤■■■■■■■■■■■■■■■■■■■■■■■■■ 2               
                   40 ┤■■■■■■■■■■■■ 1                            
                   41 ┤ 0                                        
                   42 ┤■■■■■■■■■■■■■■■■■■■■■■■■■■■■■■■■■■■■■ 3   
                   43 ┤■■■■■■■■■■■■■■■■■■■■■■■■■ 2               
                   44 ┤■■■■■■■■■■■■ 1                            
                   45 ┤■■■■■■■■■■■■ 1                            
   sc, target = 31 46 ┤ 0                                        
                   47 ┤■■■■■■■■■■■■ 1                            
                   48 ┤■■■■■■■■■■■■■■■■■■■■■■■■■ 2               
                   49 ┤■■■■■■■■■■■■■■■■■■■■■■■■■ 2               
                   50 ┤■■■■■■■■■■■■■■■■■■■■■■■■■ 2               
                   51 ┤ 0                                        
                   52 ┤■■■■■■■■■■■■ 1                            
                   53 ┤ 0                                        
                   54 ┤■■■■■■■■■■■■ 1                            
                   55 ┤ 0                                        
                   56 ┤■■■■■■■■■■■■ 1                            
                   57 ┤■■■■■■■■■■■■■■■■■■■■■■■■■■■■■■■■■■■■■ 3   
                   58 ┤ 0                                        
                   59 ┤■■■■■■■■■■■■ 1                            
                   60 ┤■■■■■■■■■■■■ 1                            
                      └                                        ┘ 
                                     num of slices               
[ Info: slicing branch with sc: 34.0
[ Info: cc.sc: 34.0
region size: 10
QIP_gurobi_bound: solver finished in 1.435 s (time_limit=100.0 s, status=OPTIMAL)
[ Info: slice 1, lp_score: 5359.0, primal_bound: 0.0
[ Info: new_scs: [34]
[ Info: lp_scores: [5359.0]
[ Info: lp_scores: 5359.0
[ Info: current num of unfinished slices: 32, finished slices: 0
                      ┌                                        ┐ 
                   33 ┤■■■■■■■■■■■■ 1                            
                   34 ┤■■■■■■■■■■■■■■■■■■■■■■■■■ 2               
                   35 ┤■■■■■■■■■■■■■■■■■■■■■■■■■ 2               
                   36 ┤ 0                                        
                   37 ┤■■■■■■■■■■■■ 1                            
                   38 ┤■■■■■■■■■■■■ 1                            
                   39 ┤■■■■■■■■■■■■■■■■■■■■■■■■■ 2               
                   40 ┤■■■■■■■■■■■■ 1                            
                   41 ┤ 0                                        
                   42 ┤■■■■■■■■■■■■■■■■■■■■■■■■■■■■■■■■■■■■■ 3   
                   43 ┤■■■■■■■■■■■■■■■■■■■■■■■■■ 2               
                   44 ┤■■■■■■■■■■■■ 1                            
                   45 ┤■■■■■■■■■■■■ 1                            
   sc, target = 31 46 ┤ 0                                        
                   47 ┤■■■■■■■■■■■■ 1                            
                   48 ┤■■■■■■■■■■■■■■■■■■■■■■■■■ 2               
                   49 ┤■■■■■■■■■■■■■■■■■■■■■■■■■ 2               
                   50 ┤■■■■■■■■■■■■■■■■■■■■■■■■■ 2               
                   51 ┤ 0                                        
                   52 ┤■■■■■■■■■■■■ 1                            
                   53 ┤ 0                                        
                   54 ┤■■■■■■■■■■■■ 1                            
                   55 ┤ 0                                        
                   56 ┤■■■■■■■■■■■■ 1                            
                   57 ┤■■■■■■■■■■■■■■■■■■■■■■■■■■■■■■■■■■■■■ 3   
                   58 ┤ 0                                        
                   59 ┤■■■■■■■■■■■■ 1                            
                   60 ┤■■■■■■■■■■■■ 1                            
                      └                                        ┘ 
                                     num of slices               
[ Info: slicing branch with sc: 34.0
[ Info: cc.sc: 34.0
region size: 10
QIP_gurobi_bound: solver finished in 2.105 s (time_limit=100.0 s, status=OPTIMAL)
[ Info: slice 1, lp_score: 5359.0, primal_bound: 0.0
QIP_gurobi_bound: solver finished in 1.681 s (time_limit=100.0 s, status=OPTIMAL)
[ Info: slice 2, lp_score: 5359.0, primal_bound: 0.0
[ Info: new_scs: [33, 33]
[ Info: lp_scores: [5359.0, 5359.0]
[ Info: lp_scores: 5359.0
[ Info: lp_scores: 5359.0
[ Info: current num of unfinished slices: 33, finished slices: 0
                      ┌                                        ┐ 
                   33 ┤■■■■■■■■■■■■■■■■■■■■■■■■■■■■■■■■■■■■■ 3   
                   34 ┤■■■■■■■■■■■■ 1                            
                   35 ┤■■■■■■■■■■■■■■■■■■■■■■■■■ 2               
                   36 ┤ 0                                        
                   37 ┤■■■■■■■■■■■■ 1                            
                   38 ┤■■■■■■■■■■■■ 1                            
                   39 ┤■■■■■■■■■■■■■■■■■■■■■■■■■ 2               
                   40 ┤■■■■■■■■■■■■ 1                            
                   41 ┤ 0                                        
                   42 ┤■■■■■■■■■■■■■■■■■■■■■■■■■■■■■■■■■■■■■ 3   
                   43 ┤■■■■■■■■■■■■■■■■■■■■■■■■■ 2               
                   44 ┤■■■■■■■■■■■■ 1                            
                   45 ┤■■■■■■■■■■■■ 1                            
   sc, target = 31 46 ┤ 0                                        
                   47 ┤■■■■■■■■■■■■ 1                            
                   48 ┤■■■■■■■■■■■■■■■■■■■■■■■■■ 2               
                   49 ┤■■■■■■■■■■■■■■■■■■■■■■■■■ 2               
                   50 ┤■■■■■■■■■■■■■■■■■■■■■■■■■ 2               
                   51 ┤ 0                                        
                   52 ┤■■■■■■■■■■■■ 1                            
                   53 ┤ 0                                        
                   54 ┤■■■■■■■■■■■■ 1                            
                   55 ┤ 0                                        
                   56 ┤■■■■■■■■■■■■ 1                            
                   57 ┤■■■■■■■■■■■■■■■■■■■■■■■■■■■■■■■■■■■■■ 3   
                   58 ┤ 0                                        
                   59 ┤■■■■■■■■■■■■ 1                            
                   60 ┤■■■■■■■■■■■■ 1                            
                      └                                        ┘ 
                                     num of slices               
[ Info: slicing branch with sc: 33.0
[ Info: cc.sc: 33.0
region size: 10
QIP_gurobi_bound: solver finished in 1.491 s (time_limit=100.0 s, status=OPTIMAL)
[ Info: slice 1, lp_score: 5359.0, primal_bound: 0.0
QIP_gurobi_bound: solver finished in 1.513 s (time_limit=100.0 s, status=OPTIMAL)
[ Info: slice 2, lp_score: 5354.0, primal_bound: 0.0
QIP_gurobi_bound: solver finished in 1.981 s (time_limit=100.0 s, status=OPTIMAL)
[ Info: slice 3, lp_score: 5359.0, primal_bound: 0.0
QIP_gurobi_bound: solver finished in 1.401 s (time_limit=100.0 s, status=OPTIMAL)
[ Info: slice 4, lp_score: 5355.0, primal_bound: 0.0
[ Info: new_scs: [31, 31, 31, 31]
[ Info: lp_scores: [5359.0, 5359.0, 5355.0, 5354.0]
[ Info: lp_scores: 5354.0
[ Info: lp_scores: 5355.0
[ Info: lp_scores: 5359.0
[ Info: lp_scores: 5359.0
[ Info: current num of unfinished slices: 36, finished slices: 0
                      ┌                                        ┐ 
                   31 ┤■■■■■■■■■■■■■■■■■■■■■■■■■■■■■■■■■■■■■ 4   
                   32 ┤ 0                                        
                   33 ┤■■■■■■■■■■■■■■■■■■■ 2                     
                   34 ┤■■■■■■■■■ 1                               
                   35 ┤■■■■■■■■■■■■■■■■■■■ 2                     
                   36 ┤ 0                                        
                   37 ┤■■■■■■■■■ 1                               
                   38 ┤■■■■■■■■■ 1                               
                   39 ┤■■■■■■■■■■■■■■■■■■■ 2                     
                   40 ┤■■■■■■■■■ 1                               
                   41 ┤ 0                                        
                   42 ┤■■■■■■■■■■■■■■■■■■■■■■■■■■■■ 3            
                   43 ┤■■■■■■■■■■■■■■■■■■■ 2                     
                   44 ┤■■■■■■■■■ 1                               
   sc, target = 31 45 ┤■■■■■■■■■ 1                               
                   46 ┤ 0                                        
                   47 ┤■■■■■■■■■ 1                               
                   48 ┤■■■■■■■■■■■■■■■■■■■ 2                     
                   49 ┤■■■■■■■■■■■■■■■■■■■ 2                     
                   50 ┤■■■■■■■■■■■■■■■■■■■ 2                     
                   51 ┤ 0                                        
                   52 ┤■■■■■■■■■ 1                               
                   53 ┤ 0                                        
                   54 ┤■■■■■■■■■ 1                               
                   55 ┤ 0                                        
                   56 ┤■■■■■■■■■ 1                               
                   57 ┤■■■■■■■■■■■■■■■■■■■■■■■■■■■■ 3            
                   58 ┤ 0                                        
                   59 ┤■■■■■■■■■ 1                               
                   60 ┤■■■■■■■■■ 1                               
                      └                                        ┘ 
                                     num of slices               
[ Info: slicing branch with sc: 31.0
  [slice produced] sc=31.0 tc=45.278994656460334 nv=3545 ne=6911 r=59.5
QIP_value_gurobi: solver finished in 1.913 s (time_limit=604800.0 s, status=OPTIMAL)
[ Info: feasible solution: 5359.0, primal bound: 5359.0
[ Info: current num of unfinished slices: 35, finished slices: 1
                      ┌                                        ┐ 
                   31 ┤■■■■■■■■■■■■■■■■■■■■■■■■■■■■■■■■■■■■■ 3   
                   32 ┤ 0                                        
                   33 ┤■■■■■■■■■■■■■■■■■■■■■■■■■ 2               
                   34 ┤■■■■■■■■■■■■ 1                            
                   35 ┤■■■■■■■■■■■■■■■■■■■■■■■■■ 2               
                   36 ┤ 0                                        
                   37 ┤■■■■■■■■■■■■ 1                            
                   38 ┤■■■■■■■■■■■■ 1                            
                   39 ┤■■■■■■■■■■■■■■■■■■■■■■■■■ 2               
                   40 ┤■■■■■■■■■■■■ 1                            
                   41 ┤ 0                                        
                   42 ┤■■■■■■■■■■■■■■■■■■■■■■■■■■■■■■■■■■■■■ 3   
                   43 ┤■■■■■■■■■■■■■■■■■■■■■■■■■ 2               
                   44 ┤■■■■■■■■■■■■ 1                            
   sc, target = 31 45 ┤■■■■■■■■■■■■ 1                            
                   46 ┤ 0                                        
                   47 ┤■■■■■■■■■■■■ 1                            
                   48 ┤■■■■■■■■■■■■■■■■■■■■■■■■■ 2               
                   49 ┤■■■■■■■■■■■■■■■■■■■■■■■■■ 2               
                   50 ┤■■■■■■■■■■■■■■■■■■■■■■■■■ 2               
                   51 ┤ 0                                        
                   52 ┤■■■■■■■■■■■■ 1                            
                   53 ┤ 0                                        
                   54 ┤■■■■■■■■■■■■ 1                            
                   55 ┤ 0                                        
                   56 ┤■■■■■■■■■■■■ 1                            
                   57 ┤■■■■■■■■■■■■■■■■■■■■■■■■■■■■■■■■■■■■■ 3   
                   58 ┤ 0                                        
                   59 ┤■■■■■■■■■■■■ 1                            
                   60 ┤■■■■■■■■■■■■ 1                            
                      └                                        ┘ 
                                     num of slices               
[ Info: slicing branch with sc: 31.0
  [slice produced] sc=31.0 tc=45.27779836933043 nv=3546 ne=6915 r=60.0
QIP_value_gurobi: solver finished in 1.312 s (time_limit=604800.0 s, status=OPTIMAL)
[ Info: feasible solution: 5359.0, primal bound: 5359.0
[ Info: current num of unfinished slices: 34, finished slices: 2
                      ┌                                        ┐ 
                   31 ┤■■■■■■■■■■■■■■■■■■■■■■■■■ 2               
                   32 ┤ 0                                        
                   33 ┤■■■■■■■■■■■■■■■■■■■■■■■■■ 2               
                   34 ┤■■■■■■■■■■■■ 1                            
                   35 ┤■■■■■■■■■■■■■■■■■■■■■■■■■ 2               
                   36 ┤ 0                                        
                   37 ┤■■■■■■■■■■■■ 1                            
                   38 ┤■■■■■■■■■■■■ 1                            
                   39 ┤■■■■■■■■■■■■■■■■■■■■■■■■■ 2               
                   40 ┤■■■■■■■■■■■■ 1                            
                   41 ┤ 0                                        
                   42 ┤■■■■■■■■■■■■■■■■■■■■■■■■■■■■■■■■■■■■■ 3   
                   43 ┤■■■■■■■■■■■■■■■■■■■■■■■■■ 2               
                   44 ┤■■■■■■■■■■■■ 1                            
   sc, target = 31 45 ┤■■■■■■■■■■■■ 1                            
                   46 ┤ 0                                        
                   47 ┤■■■■■■■■■■■■ 1                            
                   48 ┤■■■■■■■■■■■■■■■■■■■■■■■■■ 2               
                   49 ┤■■■■■■■■■■■■■■■■■■■■■■■■■ 2               
                   50 ┤■■■■■■■■■■■■■■■■■■■■■■■■■ 2               
                   51 ┤ 0                                        
                   52 ┤■■■■■■■■■■■■ 1                            
                   53 ┤ 0                                        
                   54 ┤■■■■■■■■■■■■ 1                            
                   55 ┤ 0                                        
                   56 ┤■■■■■■■■■■■■ 1                            
                   57 ┤■■■■■■■■■■■■■■■■■■■■■■■■■■■■■■■■■■■■■ 3   
                   58 ┤ 0                                        
                   59 ┤■■■■■■■■■■■■ 1                            
                   60 ┤■■■■■■■■■■■■ 1                            
                      └                                        ┘ 
                                     num of slices               
[ Info: slicing branch with sc: 31.0
  [slice produced] sc=31.0 tc=45.27876498219979 nv=3543 ne=6907 r=60.5
QIP_value_gurobi: solver finished in 1.417 s (time_limit=604800.0 s, status=OPTIMAL)
[ Info: feasible solution: 5355.0, primal bound: 5359.0
[ Info: current num of unfinished slices: 33, finished slices: 3
                      ┌                                        ┐ 
                   31 ┤■■■■■■■■■■■■ 1                            
                   32 ┤ 0                                        
                   33 ┤■■■■■■■■■■■■■■■■■■■■■■■■■ 2               
                   34 ┤■■■■■■■■■■■■ 1                            
                   35 ┤■■■■■■■■■■■■■■■■■■■■■■■■■ 2               
                   36 ┤ 0                                        
                   37 ┤■■■■■■■■■■■■ 1                            
                   38 ┤■■■■■■■■■■■■ 1                            
                   39 ┤■■■■■■■■■■■■■■■■■■■■■■■■■ 2               
                   40 ┤■■■■■■■■■■■■ 1                            
                   41 ┤ 0                                        
                   42 ┤■■■■■■■■■■■■■■■■■■■■■■■■■■■■■■■■■■■■■ 3   
                   43 ┤■■■■■■■■■■■■■■■■■■■■■■■■■ 2               
                   44 ┤■■■■■■■■■■■■ 1                            
   sc, target = 31 45 ┤■■■■■■■■■■■■ 1                            
                   46 ┤ 0                                        
                   47 ┤■■■■■■■■■■■■ 1                            
                   48 ┤■■■■■■■■■■■■■■■■■■■■■■■■■ 2               
                   49 ┤■■■■■■■■■■■■■■■■■■■■■■■■■ 2               
                   50 ┤■■■■■■■■■■■■■■■■■■■■■■■■■ 2               
                   51 ┤ 0                                        
                   52 ┤■■■■■■■■■■■■ 1                            
                   53 ┤ 0                                        
                   54 ┤■■■■■■■■■■■■ 1                            
                   55 ┤ 0                                        
                   56 ┤■■■■■■■■■■■■ 1                            
                   57 ┤■■■■■■■■■■■■■■■■■■■■■■■■■■■■■■■■■■■■■ 3   
                   58 ┤ 0                                        
                   59 ┤■■■■■■■■■■■■ 1                            
                   60 ┤■■■■■■■■■■■■ 1                            
                      └                                        ┘ 
                                     num of slices               
[ Info: slicing branch with sc: 31.0
  [slice produced] sc=31.0 tc=45.241362596139965 nv=3546 ne=6915 r=57.0
QIP_value_gurobi: solver finished in 1.474 s (time_limit=604800.0 s, status=OPTIMAL)
[ Info: feasible solution: 5354.0, primal bound: 5359.0
[ Info: current num of unfinished slices: 32, finished slices: 4
                      ┌                                        ┐ 
                   33 ┤■■■■■■■■■■■■■■■■■■■■■■■■■ 2               
                   34 ┤■■■■■■■■■■■■ 1                            
                   35 ┤■■■■■■■■■■■■■■■■■■■■■■■■■ 2               
                   36 ┤ 0                                        
                   37 ┤■■■■■■■■■■■■ 1                            
                   38 ┤■■■■■■■■■■■■ 1                            
                   39 ┤■■■■■■■■■■■■■■■■■■■■■■■■■ 2               
                   40 ┤■■■■■■■■■■■■ 1                            
                   41 ┤ 0                                        
                   42 ┤■■■■■■■■■■■■■■■■■■■■■■■■■■■■■■■■■■■■■ 3   
                   43 ┤■■■■■■■■■■■■■■■■■■■■■■■■■ 2               
                   44 ┤■■■■■■■■■■■■ 1                            
                   45 ┤■■■■■■■■■■■■ 1                            
   sc, target = 31 46 ┤ 0                                        
                   47 ┤■■■■■■■■■■■■ 1                            
                   48 ┤■■■■■■■■■■■■■■■■■■■■■■■■■ 2               
                   49 ┤■■■■■■■■■■■■■■■■■■■■■■■■■ 2               
                   50 ┤■■■■■■■■■■■■■■■■■■■■■■■■■ 2               
                   51 ┤ 0                                        
                   52 ┤■■■■■■■■■■■■ 1                            
                   53 ┤ 0                                        
                   54 ┤■■■■■■■■■■■■ 1                            
                   55 ┤ 0                                        
                   56 ┤■■■■■■■■■■■■ 1                            
                   57 ┤■■■■■■■■■■■■■■■■■■■■■■■■■■■■■■■■■■■■■ 3   
                   58 ┤ 0                                        
                   59 ┤■■■■■■■■■■■■ 1                            
                   60 ┤■■■■■■■■■■■■ 1                            
                      └                                        ┘ 
                                     num of slices               
[ Info: slicing branch with sc: 33.0
[ Info: cc.sc: 33.0
region size: 10
tbl0_rows:70 filtered_rows:70
QIP_gurobi_bound: solver finished in 1.37 s (time_limit=100.0 s, status=OPTIMAL)
[ Info: slice 1, lp_score: 5359.0, primal_bound: 5359.0
QIP_gurobi_bound: solver finished in 1.444 s (time_limit=100.0 s, status=OPTIMAL)
[ Info: slice 2, lp_score: 5357.0, primal_bound: 5359.0
[ Info: new_scs: [32]
[ Info: lp_scores: [5359.0]
[ Info: lp_scores: 5359.0
[ Info: current num of unfinished slices: 32, finished slices: 4
                      ┌                                        ┐ 
                   32 ┤■■■■■■■■■■■■ 1                            
                   33 ┤■■■■■■■■■■■■ 1                            
                   34 ┤■■■■■■■■■■■■ 1                            
                   35 ┤■■■■■■■■■■■■■■■■■■■■■■■■■ 2               
                   36 ┤ 0                                        
                   37 ┤■■■■■■■■■■■■ 1                            
                   38 ┤■■■■■■■■■■■■ 1                            
                   39 ┤■■■■■■■■■■■■■■■■■■■■■■■■■ 2               
                   40 ┤■■■■■■■■■■■■ 1                            
                   41 ┤ 0                                        
                   42 ┤■■■■■■■■■■■■■■■■■■■■■■■■■■■■■■■■■■■■■ 3   
                   43 ┤■■■■■■■■■■■■■■■■■■■■■■■■■ 2               
                   44 ┤■■■■■■■■■■■■ 1                            
                   45 ┤■■■■■■■■■■■■ 1                            
   sc, target = 31 46 ┤ 0                                        
                   47 ┤■■■■■■■■■■■■ 1                            
                   48 ┤■■■■■■■■■■■■■■■■■■■■■■■■■ 2               
                   49 ┤■■■■■■■■■■■■■■■■■■■■■■■■■ 2               
                   50 ┤■■■■■■■■■■■■■■■■■■■■■■■■■ 2               
                   51 ┤ 0                                        
                   52 ┤■■■■■■■■■■■■ 1                            
                   53 ┤ 0                                        
                   54 ┤■■■■■■■■■■■■ 1                            
                   55 ┤ 0                                        
                   56 ┤■■■■■■■■■■■■ 1                            
                   57 ┤■■■■■■■■■■■■■■■■■■■■■■■■■■■■■■■■■■■■■ 3   
                   58 ┤ 0                                        
                   59 ┤■■■■■■■■■■■■ 1                            
                   60 ┤■■■■■■■■■■■■ 1                            
                      └                                        ┘ 
                                     num of slices               
[ Info: slicing branch with sc: 32.0
[ Info: cc.sc: 32.0
region size: 10
tbl0_rows:85 filtered_rows:85
QIP_gurobi_bound: solver finished in 1.601 s (time_limit=100.0 s, status=OPTIMAL)
[ Info: slice 1, lp_score: 5359.0, primal_bound: 5359.0
QIP_gurobi_bound: solver finished in 1.397 s (time_limit=100.0 s, status=OPTIMAL)
[ Info: slice 2, lp_score: 5355.0, primal_bound: 5359.0
[ Info: new_scs: [31]
[ Info: lp_scores: [5359.0]
[ Info: lp_scores: 5359.0
[ Info: current num of unfinished slices: 32, finished slices: 4
                      ┌                                        ┐ 
                   31 ┤■■■■■■■■■■■■ 1                            
                   32 ┤ 0                                        
                   33 ┤■■■■■■■■■■■■ 1                            
                   34 ┤■■■■■■■■■■■■ 1                            
                   35 ┤■■■■■■■■■■■■■■■■■■■■■■■■■ 2               
                   36 ┤ 0                                        
                   37 ┤■■■■■■■■■■■■ 1                            
                   38 ┤■■■■■■■■■■■■ 1                            
                   39 ┤■■■■■■■■■■■■■■■■■■■■■■■■■ 2               
                   40 ┤■■■■■■■■■■■■ 1                            
                   41 ┤ 0                                        
                   42 ┤■■■■■■■■■■■■■■■■■■■■■■■■■■■■■■■■■■■■■ 3   
                   43 ┤■■■■■■■■■■■■■■■■■■■■■■■■■ 2               
                   44 ┤■■■■■■■■■■■■ 1                            
   sc, target = 31 45 ┤■■■■■■■■■■■■ 1                            
                   46 ┤ 0                                        
                   47 ┤■■■■■■■■■■■■ 1                            
                   48 ┤■■■■■■■■■■■■■■■■■■■■■■■■■ 2               
                   49 ┤■■■■■■■■■■■■■■■■■■■■■■■■■ 2               
                   50 ┤■■■■■■■■■■■■■■■■■■■■■■■■■ 2               
                   51 ┤ 0                                        
                   52 ┤■■■■■■■■■■■■ 1                            
                   53 ┤ 0                                        
                   54 ┤■■■■■■■■■■■■ 1                            
                   55 ┤ 0                                        
                   56 ┤■■■■■■■■■■■■ 1                            
                   57 ┤■■■■■■■■■■■■■■■■■■■■■■■■■■■■■■■■■■■■■ 3   
                   58 ┤ 0                                        
                   59 ┤■■■■■■■■■■■■ 1                            
                   60 ┤■■■■■■■■■■■■ 1                            
                      └                                        ┘ 
                                     num of slices               
[ Info: slicing branch with sc: 31.0
  [slice produced] sc=31.0 tc=45.64505292959373 nv=3548 ne=6919 r=57.0
QIP_value_gurobi: solver finished in 1.559 s (time_limit=604800.0 s, status=OPTIMAL)
[ Info: feasible solution: 5359.0, primal bound: 5359.0
[ Info: current num of unfinished slices: 31, finished slices: 5
                      ┌                                        ┐ 
                   33 ┤■■■■■■■■■■■■ 1                            
                   34 ┤■■■■■■■■■■■■ 1                            
                   35 ┤■■■■■■■■■■■■■■■■■■■■■■■■■ 2               
                   36 ┤ 0                                        
                   37 ┤■■■■■■■■■■■■ 1                            
                   38 ┤■■■■■■■■■■■■ 1                            
                   39 ┤■■■■■■■■■■■■■■■■■■■■■■■■■ 2               
                   40 ┤■■■■■■■■■■■■ 1                            
                   41 ┤ 0                                        
                   42 ┤■■■■■■■■■■■■■■■■■■■■■■■■■■■■■■■■■■■■■ 3   
                   43 ┤■■■■■■■■■■■■■■■■■■■■■■■■■ 2               
                   44 ┤■■■■■■■■■■■■ 1                            
                   45 ┤■■■■■■■■■■■■ 1                            
   sc, target = 31 46 ┤ 0                                        
                   47 ┤■■■■■■■■■■■■ 1                            
                   48 ┤■■■■■■■■■■■■■■■■■■■■■■■■■ 2               
                   49 ┤■■■■■■■■■■■■■■■■■■■■■■■■■ 2               
                   50 ┤■■■■■■■■■■■■■■■■■■■■■■■■■ 2               
                   51 ┤ 0                                        
                   52 ┤■■■■■■■■■■■■ 1                            
                   53 ┤ 0                                        
                   54 ┤■■■■■■■■■■■■ 1                            
                   55 ┤ 0                                        
                   56 ┤■■■■■■■■■■■■ 1                            
                   57 ┤■■■■■■■■■■■■■■■■■■■■■■■■■■■■■■■■■■■■■ 3   
                   58 ┤ 0                                        
                   59 ┤■■■■■■■■■■■■ 1                            
                   60 ┤■■■■■■■■■■■■ 1                            
                      └                                        ┘ 
                                     num of slices               
[ Info: slicing branch with sc: 34.0
[ Info: cc.sc: 34.0
region size: 10
tbl0_rows:19 filtered_rows:19
QIP_gurobi_bound: solver finished in 1.607 s (time_limit=100.0 s, status=OPTIMAL)
[ Info: slice 1, lp_score: 5355.0, primal_bound: 5359.0
QIP_gurobi_bound: solver finished in 2.204 s (time_limit=100.0 s, status=OPTIMAL)
[ Info: slice 2, lp_score: 5358.0, primal_bound: 5359.0
[ Info: new_scs: Int64[]
[ Info: lp_scores: Float64[]
[ Info: current num of unfinished slices: 30, finished slices: 5
                      ┌                                        ┐ 
                   33 ┤■■■■■■■■■■■■ 1                            
                   34 ┤ 0                                        
                   35 ┤■■■■■■■■■■■■■■■■■■■■■■■■■ 2               
                   36 ┤ 0                                        
                   37 ┤■■■■■■■■■■■■ 1                            
                   38 ┤■■■■■■■■■■■■ 1                            
                   39 ┤■■■■■■■■■■■■■■■■■■■■■■■■■ 2               
                   40 ┤■■■■■■■■■■■■ 1                            
                   41 ┤ 0                                        
                   42 ┤■■■■■■■■■■■■■■■■■■■■■■■■■■■■■■■■■■■■■ 3   
                   43 ┤■■■■■■■■■■■■■■■■■■■■■■■■■ 2               
                   44 ┤■■■■■■■■■■■■ 1                            
                   45 ┤■■■■■■■■■■■■ 1                            
   sc, target = 31 46 ┤ 0                                        
                   47 ┤■■■■■■■■■■■■ 1                            
                   48 ┤■■■■■■■■■■■■■■■■■■■■■■■■■ 2               
                   49 ┤■■■■■■■■■■■■■■■■■■■■■■■■■ 2               
                   50 ┤■■■■■■■■■■■■■■■■■■■■■■■■■ 2               
                   51 ┤ 0                                        
                   52 ┤■■■■■■■■■■■■ 1                            
                   53 ┤ 0                                        
                   54 ┤■■■■■■■■■■■■ 1                            
                   55 ┤ 0                                        
                   56 ┤■■■■■■■■■■■■ 1                            
                   57 ┤■■■■■■■■■■■■■■■■■■■■■■■■■■■■■■■■■■■■■ 3   
                   58 ┤ 0                                        
                   59 ┤■■■■■■■■■■■■ 1                            
                   60 ┤■■■■■■■■■■■■ 1                            
                      └                                        ┘ 
                                     num of slices               
[ Info: slicing branch with sc: 33.0
[ Info: cc.sc: 33.0
region size: 10
tbl0_rows:11 filtered_rows:11
QIP_gurobi_bound: solver finished in 1.363 s (time_limit=100.0 s, status=OPTIMAL)
[ Info: slice 1, lp_score: 5348.0, primal_bound: 5359.0
[ Info: new_scs: Int64[]
[ Info: lp_scores: Float64[]
[ Info: current num of unfinished slices: 29, finished slices: 5
                      ┌                                        ┐ 
                   35 ┤■■■■■■■■■■■■■■■■■■■■■■■■■ 2               
                   36 ┤ 0                                        
                   37 ┤■■■■■■■■■■■■ 1                            
                   38 ┤■■■■■■■■■■■■ 1                            
                   39 ┤■■■■■■■■■■■■■■■■■■■■■■■■■ 2               
                   40 ┤■■■■■■■■■■■■ 1                            
                   41 ┤ 0                                        
                   42 ┤■■■■■■■■■■■■■■■■■■■■■■■■■■■■■■■■■■■■■ 3   
                   43 ┤■■■■■■■■■■■■■■■■■■■■■■■■■ 2               
                   44 ┤■■■■■■■■■■■■ 1                            
                   45 ┤■■■■■■■■■■■■ 1                            
                   46 ┤ 0                                        
   sc, target = 31 47 ┤■■■■■■■■■■■■ 1                            
                   48 ┤■■■■■■■■■■■■■■■■■■■■■■■■■ 2               
                   49 ┤■■■■■■■■■■■■■■■■■■■■■■■■■ 2               
                   50 ┤■■■■■■■■■■■■■■■■■■■■■■■■■ 2               
                   51 ┤ 0                                        
                   52 ┤■■■■■■■■■■■■ 1                            
                   53 ┤ 0                                        
                   54 ┤■■■■■■■■■■■■ 1                            
                   55 ┤ 0                                        
                   56 ┤■■■■■■■■■■■■ 1                            
                   57 ┤■■■■■■■■■■■■■■■■■■■■■■■■■■■■■■■■■■■■■ 3   
                   58 ┤ 0                                        
                   59 ┤■■■■■■■■■■■■ 1                            
                   60 ┤■■■■■■■■■■■■ 1                            
                      └                                        ┘ 
                                     num of slices               
[ Info: slicing branch with sc: 35.0
[ Info: cc.sc: 35.0
region size: 10
tbl0_rows:56 filtered_rows:56
QIP_gurobi_bound: solver finished in 1.733 s (time_limit=100.0 s, status=OPTIMAL)
[ Info: slice 1, lp_score: 5354.0, primal_bound: 5359.0
QIP_gurobi_bound: solver finished in 2.15 s (time_limit=100.0 s, status=OPTIMAL)
[ Info: slice 2, lp_score: 5355.0, primal_bound: 5359.0
[ Info: new_scs: Int64[]
[ Info: lp_scores: Float64[]
[ Info: current num of unfinished slices: 28, finished slices: 5
                      ┌                                        ┐ 
                   35 ┤■■■■■■■■■■■■ 1                            
                   36 ┤ 0                                        
                   37 ┤■■■■■■■■■■■■ 1                            
                   38 ┤■■■■■■■■■■■■ 1                            
                   39 ┤■■■■■■■■■■■■■■■■■■■■■■■■■ 2               
                   40 ┤■■■■■■■■■■■■ 1                            
                   41 ┤ 0                                        
                   42 ┤■■■■■■■■■■■■■■■■■■■■■■■■■■■■■■■■■■■■■ 3   
                   43 ┤■■■■■■■■■■■■■■■■■■■■■■■■■ 2               
                   44 ┤■■■■■■■■■■■■ 1                            
                   45 ┤■■■■■■■■■■■■ 1                            
                   46 ┤ 0                                        
   sc, target = 31 47 ┤■■■■■■■■■■■■ 1                            
                   48 ┤■■■■■■■■■■■■■■■■■■■■■■■■■ 2               
                   49 ┤■■■■■■■■■■■■■■■■■■■■■■■■■ 2               
                   50 ┤■■■■■■■■■■■■■■■■■■■■■■■■■ 2               
                   51 ┤ 0                                        
                   52 ┤■■■■■■■■■■■■ 1                            
                   53 ┤ 0                                        
                   54 ┤■■■■■■■■■■■■ 1                            
                   55 ┤ 0                                        
                   56 ┤■■■■■■■■■■■■ 1                            
                   57 ┤■■■■■■■■■■■■■■■■■■■■■■■■■■■■■■■■■■■■■ 3   
                   58 ┤ 0                                        
                   59 ┤■■■■■■■■■■■■ 1                            
                   60 ┤■■■■■■■■■■■■ 1                            
                      └                                        ┘ 
                                     num of slices               
[ Info: slicing branch with sc: 35.0
[ Info: cc.sc: 35.0
region size: 10
tbl0_rows:28 filtered_rows:28
QIP_gurobi_bound: solver finished in 1.522 s (time_limit=100.0 s, status=OPTIMAL)
[ Info: slice 1, lp_score: 5352.0, primal_bound: 5359.0
QIP_gurobi_bound: solver finished in 1.451 s (time_limit=100.0 s, status=OPTIMAL)
[ Info: slice 2, lp_score: 5357.0, primal_bound: 5359.0
[ Info: new_scs: Int64[]
[ Info: lp_scores: Float64[]
[ Info: current num of unfinished slices: 27, finished slices: 5
                      ┌                                        ┐ 
                   37 ┤■■■■■■■■■■■■ 1                            
                   38 ┤■■■■■■■■■■■■ 1                            
                   39 ┤■■■■■■■■■■■■■■■■■■■■■■■■■ 2               
                   40 ┤■■■■■■■■■■■■ 1                            
                   41 ┤ 0                                        
                   42 ┤■■■■■■■■■■■■■■■■■■■■■■■■■■■■■■■■■■■■■ 3   
                   43 ┤■■■■■■■■■■■■■■■■■■■■■■■■■ 2               
                   44 ┤■■■■■■■■■■■■ 1                            
                   45 ┤■■■■■■■■■■■■ 1                            
                   46 ┤ 0                                        
                   47 ┤■■■■■■■■■■■■ 1                            
   sc, target = 31 48 ┤■■■■■■■■■■■■■■■■■■■■■■■■■ 2               
                   49 ┤■■■■■■■■■■■■■■■■■■■■■■■■■ 2               
                   50 ┤■■■■■■■■■■■■■■■■■■■■■■■■■ 2               
                   51 ┤ 0                                        
                   52 ┤■■■■■■■■■■■■ 1                            
                   53 ┤ 0                                        
                   54 ┤■■■■■■■■■■■■ 1                            
                   55 ┤ 0                                        
                   56 ┤■■■■■■■■■■■■ 1                            
                   57 ┤■■■■■■■■■■■■■■■■■■■■■■■■■■■■■■■■■■■■■ 3   
                   58 ┤ 0                                        
                   59 ┤■■■■■■■■■■■■ 1                            
                   60 ┤■■■■■■■■■■■■ 1                            
                      └                                        ┘ 
                                     num of slices               
[ Info: slicing branch with sc: 37.0
[ Info: cc.sc: 37.0
region size: 10
tbl0_rows:36 filtered_rows:36
QIP_gurobi_bound: solver finished in 1.308 s (time_limit=100.0 s, status=OPTIMAL)
[ Info: slice 1, lp_score: 5356.0, primal_bound: 5359.0
QIP_gurobi_bound: solver finished in 1.299 s (time_limit=100.0 s, status=OPTIMAL)
[ Info: slice 2, lp_score: 5348.0, primal_bound: 5359.0
[ Info: new_scs: Int64[]
[ Info: lp_scores: Float64[]
[ Info: current num of unfinished slices: 26, finished slices: 5
                      ┌                                        ┐ 
                   38 ┤■■■■■■■■■■■■ 1                            
                   39 ┤■■■■■■■■■■■■■■■■■■■■■■■■■ 2               
                   40 ┤■■■■■■■■■■■■ 1                            
                   41 ┤ 0                                        
                   42 ┤■■■■■■■■■■■■■■■■■■■■■■■■■■■■■■■■■■■■■ 3   
                   43 ┤■■■■■■■■■■■■■■■■■■■■■■■■■ 2               
                   44 ┤■■■■■■■■■■■■ 1                            
                   45 ┤■■■■■■■■■■■■ 1                            
                   46 ┤ 0                                        
                   47 ┤■■■■■■■■■■■■ 1                            
                   48 ┤■■■■■■■■■■■■■■■■■■■■■■■■■ 2               
   sc, target = 31 49 ┤■■■■■■■■■■■■■■■■■■■■■■■■■ 2               
                   50 ┤■■■■■■■■■■■■■■■■■■■■■■■■■ 2               
                   51 ┤ 0                                        
                   52 ┤■■■■■■■■■■■■ 1                            
                   53 ┤ 0                                        
                   54 ┤■■■■■■■■■■■■ 1                            
                   55 ┤ 0                                        
                   56 ┤■■■■■■■■■■■■ 1                            
                   57 ┤■■■■■■■■■■■■■■■■■■■■■■■■■■■■■■■■■■■■■ 3   
                   58 ┤ 0                                        
                   59 ┤■■■■■■■■■■■■ 1                            
                   60 ┤■■■■■■■■■■■■ 1                            
                      └                                        ┘ 
                                     num of slices               
[ Info: slicing branch with sc: 38.0
[ Info: cc.sc: 38.0
region size: 10
tbl0_rows:60 filtered_rows:60
QIP_gurobi_bound: solver finished in 1.459 s (time_limit=100.0 s, status=OPTIMAL)
[ Info: slice 1, lp_score: 5355.0, primal_bound: 5359.0
QIP_gurobi_bound: solver finished in 1.401 s (time_limit=100.0 s, status=OPTIMAL)
[ Info: slice 2, lp_score: 5356.0, primal_bound: 5359.0
[ Info: new_scs: Int64[]
[ Info: lp_scores: Float64[]
[ Info: current num of unfinished slices: 25, finished slices: 5
                      ┌                                        ┐ 
                   39 ┤■■■■■■■■■■■■■■■■■■■■■■■■■ 2               
                   40 ┤■■■■■■■■■■■■ 1                            
                   41 ┤ 0                                        
                   42 ┤■■■■■■■■■■■■■■■■■■■■■■■■■■■■■■■■■■■■■ 3   
                   43 ┤■■■■■■■■■■■■■■■■■■■■■■■■■ 2               
                   44 ┤■■■■■■■■■■■■ 1                            
                   45 ┤■■■■■■■■■■■■ 1                            
                   46 ┤ 0                                        
                   47 ┤■■■■■■■■■■■■ 1                            
                   48 ┤■■■■■■■■■■■■■■■■■■■■■■■■■ 2               
   sc, target = 31 49 ┤■■■■■■■■■■■■■■■■■■■■■■■■■ 2               
                   50 ┤■■■■■■■■■■■■■■■■■■■■■■■■■ 2               
                   51 ┤ 0                                        
                   52 ┤■■■■■■■■■■■■ 1                            
                   53 ┤ 0                                        
                   54 ┤■■■■■■■■■■■■ 1                            
                   55 ┤ 0                                        
                   56 ┤■■■■■■■■■■■■ 1                            
                   57 ┤■■■■■■■■■■■■■■■■■■■■■■■■■■■■■■■■■■■■■ 3   
                   58 ┤ 0                                        
                   59 ┤■■■■■■■■■■■■ 1                            
                   60 ┤■■■■■■■■■■■■ 1                            
                      └                                        ┘ 
                                     num of slices               
[ Info: slicing branch with sc: 39.0
[ Info: cc.sc: 39.0
region size: 10
tbl0_rows:41 filtered_rows:41
QIP_gurobi_bound: solver finished in 1.795 s (time_limit=100.0 s, status=OPTIMAL)
[ Info: slice 1, lp_score: 5358.0, primal_bound: 5359.0
QIP_gurobi_bound: solver finished in 1.546 s (time_limit=100.0 s, status=OPTIMAL)
[ Info: slice 2, lp_score: 5358.0, primal_bound: 5359.0
[ Info: new_scs: Int64[]
[ Info: lp_scores: Float64[]
[ Info: current num of unfinished slices: 24, finished slices: 5
                      ┌                                        ┐ 
                   39 ┤■■■■■■■■■■■■ 1                            
                   40 ┤■■■■■■■■■■■■ 1                            
                   41 ┤ 0                                        
                   42 ┤■■■■■■■■■■■■■■■■■■■■■■■■■■■■■■■■■■■■■ 3   
                   43 ┤■■■■■■■■■■■■■■■■■■■■■■■■■ 2               
                   44 ┤■■■■■■■■■■■■ 1                            
                   45 ┤■■■■■■■■■■■■ 1                            
                   46 ┤ 0                                        
                   47 ┤■■■■■■■■■■■■ 1                            
                   48 ┤■■■■■■■■■■■■■■■■■■■■■■■■■ 2               
   sc, target = 31 49 ┤■■■■■■■■■■■■■■■■■■■■■■■■■ 2               
                   50 ┤■■■■■■■■■■■■■■■■■■■■■■■■■ 2               
                   51 ┤ 0                                        
                   52 ┤■■■■■■■■■■■■ 1                            
                   53 ┤ 0                                        
                   54 ┤■■■■■■■■■■■■ 1                            
                   55 ┤ 0                                        
                   56 ┤■■■■■■■■■■■■ 1                            
                   57 ┤■■■■■■■■■■■■■■■■■■■■■■■■■■■■■■■■■■■■■ 3   
                   58 ┤ 0                                        
                   59 ┤■■■■■■■■■■■■ 1                            
                   60 ┤■■■■■■■■■■■■ 1                            
                      └                                        ┘ 
                                     num of slices               
[ Info: slicing branch with sc: 40.0
[ Info: cc.sc: 40.0
region size: 10
tbl0_rows:60 filtered_rows:60
QIP_gurobi_bound: solver finished in 1.443 s (time_limit=100.0 s, status=OPTIMAL)
[ Info: slice 1, lp_score: 5358.0, primal_bound: 5359.0
QIP_gurobi_bound: solver finished in 1.467 s (time_limit=100.0 s, status=OPTIMAL)
[ Info: slice 2, lp_score: 5356.0, primal_bound: 5359.0
[ Info: new_scs: Int64[]
[ Info: lp_scores: Float64[]
[ Info: current num of unfinished slices: 23, finished slices: 5
                      ┌                                        ┐ 
                   39 ┤■■■■■■■■■■■■ 1                            
                   40 ┤ 0                                        
                   41 ┤ 0                                        
                   42 ┤■■■■■■■■■■■■■■■■■■■■■■■■■■■■■■■■■■■■■ 3   
                   43 ┤■■■■■■■■■■■■■■■■■■■■■■■■■ 2               
                   44 ┤■■■■■■■■■■■■ 1                            
                   45 ┤■■■■■■■■■■■■ 1                            
                   46 ┤ 0                                        
                   47 ┤■■■■■■■■■■■■ 1                            
                   48 ┤■■■■■■■■■■■■■■■■■■■■■■■■■ 2               
   sc, target = 31 49 ┤■■■■■■■■■■■■■■■■■■■■■■■■■ 2               
                   50 ┤■■■■■■■■■■■■■■■■■■■■■■■■■ 2               
                   51 ┤ 0                                        
                   52 ┤■■■■■■■■■■■■ 1                            
                   53 ┤ 0                                        
                   54 ┤■■■■■■■■■■■■ 1                            
                   55 ┤ 0                                        
                   56 ┤■■■■■■■■■■■■ 1                            
                   57 ┤■■■■■■■■■■■■■■■■■■■■■■■■■■■■■■■■■■■■■ 3   
                   58 ┤ 0                                        
                   59 ┤■■■■■■■■■■■■ 1                            
                   60 ┤■■■■■■■■■■■■ 1                            
                      └                                        ┘ 
                                     num of slices               
[ Info: slicing branch with sc: 39.0
[ Info: cc.sc: 39.0
region size: 10
tbl0_rows:50 filtered_rows:50
QIP_gurobi_bound: solver finished in 1.45 s (time_limit=100.0 s, status=OPTIMAL)
[ Info: slice 1, lp_score: 5354.0, primal_bound: 5359.0
QIP_gurobi_bound: solver finished in 1.3 s (time_limit=100.0 s, status=OPTIMAL)
[ Info: slice 2, lp_score: 5353.0, primal_bound: 5359.0
[ Info: new_scs: Int64[]
[ Info: lp_scores: Float64[]
[ Info: current num of unfinished slices: 22, finished slices: 5
                      ┌                                        ┐ 
                   42 ┤■■■■■■■■■■■■■■■■■■■■■■■■■■■■■■■■■■■■■ 3   
                   43 ┤■■■■■■■■■■■■■■■■■■■■■■■■■ 2               
                   44 ┤■■■■■■■■■■■■ 1                            
                   45 ┤■■■■■■■■■■■■ 1                            
                   46 ┤ 0                                        
                   47 ┤■■■■■■■■■■■■ 1                            
                   48 ┤■■■■■■■■■■■■■■■■■■■■■■■■■ 2               
                   49 ┤■■■■■■■■■■■■■■■■■■■■■■■■■ 2               
                   50 ┤■■■■■■■■■■■■■■■■■■■■■■■■■ 2               
   sc, target = 31 51 ┤ 0                                        
                   52 ┤■■■■■■■■■■■■ 1                            
                   53 ┤ 0                                        
                   54 ┤■■■■■■■■■■■■ 1                            
                   55 ┤ 0                                        
                   56 ┤■■■■■■■■■■■■ 1                            
                   57 ┤■■■■■■■■■■■■■■■■■■■■■■■■■■■■■■■■■■■■■ 3   
                   58 ┤ 0                                        
                   59 ┤■■■■■■■■■■■■ 1                            
                   60 ┤■■■■■■■■■■■■ 1                            
                      └                                        ┘ 
                                     num of slices               
[ Info: slicing branch with sc: 42.0
[ Info: cc.sc: 42.0
region size: 10
tbl0_rows:50 filtered_rows:50
QIP_gurobi_bound: solver finished in 1.643 s (time_limit=100.0 s, status=OPTIMAL)
[ Info: slice 1, lp_score: 5355.0, primal_bound: 5359.0
QIP_gurobi_bound: solver finished in 1.624 s (time_limit=100.0 s, status=OPTIMAL)
[ Info: slice 2, lp_score: 5354.0, primal_bound: 5359.0
[ Info: new_scs: Int64[]
[ Info: lp_scores: Float64[]
[ Info: current num of unfinished slices: 21, finished slices: 5
                      ┌                                        ┐ 
                   42 ┤■■■■■■■■■■■■■■■■■■■■■■■■■ 2               
                   43 ┤■■■■■■■■■■■■■■■■■■■■■■■■■ 2               
                   44 ┤■■■■■■■■■■■■ 1                            
                   45 ┤■■■■■■■■■■■■ 1                            
                   46 ┤ 0                                        
                   47 ┤■■■■■■■■■■■■ 1                            
                   48 ┤■■■■■■■■■■■■■■■■■■■■■■■■■ 2               
                   49 ┤■■■■■■■■■■■■■■■■■■■■■■■■■ 2               
                   50 ┤■■■■■■■■■■■■■■■■■■■■■■■■■ 2               
   sc, target = 31 51 ┤ 0                                        
                   52 ┤■■■■■■■■■■■■ 1                            
                   53 ┤ 0                                        
                   54 ┤■■■■■■■■■■■■ 1                            
                   55 ┤ 0                                        
                   56 ┤■■■■■■■■■■■■ 1                            
                   57 ┤■■■■■■■■■■■■■■■■■■■■■■■■■■■■■■■■■■■■■ 3   
                   58 ┤ 0                                        
                   59 ┤■■■■■■■■■■■■ 1                            
                   60 ┤■■■■■■■■■■■■ 1                            
                      └                                        ┘ 
                                     num of slices               
[ Info: slicing branch with sc: 43.0
[ Info: cc.sc: 43.0
region size: 10
tbl0_rows:48 filtered_rows:48
QIP_gurobi_bound: solver finished in 1.465 s (time_limit=100.0 s, status=OPTIMAL)
[ Info: slice 1, lp_score: 5357.0, primal_bound: 5359.0
QIP_gurobi_bound: solver finished in 1.391 s (time_limit=100.0 s, status=OPTIMAL)
[ Info: slice 2, lp_score: 5358.0, primal_bound: 5359.0
[ Info: new_scs: Int64[]
[ Info: lp_scores: Float64[]
[ Info: current num of unfinished slices: 20, finished slices: 5
                      ┌                                        ┐ 
                   42 ┤■■■■■■■■■■■■■■■■■■■■■■■■■ 2               
                   43 ┤■■■■■■■■■■■■ 1                            
                   44 ┤■■■■■■■■■■■■ 1                            
                   45 ┤■■■■■■■■■■■■ 1                            
                   46 ┤ 0                                        
                   47 ┤■■■■■■■■■■■■ 1                            
                   48 ┤■■■■■■■■■■■■■■■■■■■■■■■■■ 2               
                   49 ┤■■■■■■■■■■■■■■■■■■■■■■■■■ 2               
                   50 ┤■■■■■■■■■■■■■■■■■■■■■■■■■ 2               
   sc, target = 31 51 ┤ 0                                        
                   52 ┤■■■■■■■■■■■■ 1                            
                   53 ┤ 0                                        
                   54 ┤■■■■■■■■■■■■ 1                            
                   55 ┤ 0                                        
                   56 ┤■■■■■■■■■■■■ 1                            
                   57 ┤■■■■■■■■■■■■■■■■■■■■■■■■■■■■■■■■■■■■■ 3   
                   58 ┤ 0                                        
                   59 ┤■■■■■■■■■■■■ 1                            
                   60 ┤■■■■■■■■■■■■ 1                            
                      └                                        ┘ 
                                     num of slices               
[ Info: slicing branch with sc: 43.0
[ Info: cc.sc: 43.0
region size: 10
tbl0_rows:48 filtered_rows:48
QIP_gurobi_bound: solver finished in 1.389 s (time_limit=100.0 s, status=OPTIMAL)
[ Info: slice 1, lp_score: 5348.0, primal_bound: 5359.0
QIP_gurobi_bound: solver finished in 1.521 s (time_limit=100.0 s, status=OPTIMAL)
[ Info: slice 2, lp_score: 5352.0, primal_bound: 5359.0
[ Info: new_scs: Int64[]
[ Info: lp_scores: Float64[]
[ Info: current num of unfinished slices: 19, finished slices: 5
                      ┌                                        ┐ 
                   42 ┤■■■■■■■■■■■■■■■■■■■■■■■■■ 2               
                   43 ┤ 0                                        
                   44 ┤■■■■■■■■■■■■ 1                            
                   45 ┤■■■■■■■■■■■■ 1                            
                   46 ┤ 0                                        
                   47 ┤■■■■■■■■■■■■ 1                            
                   48 ┤■■■■■■■■■■■■■■■■■■■■■■■■■ 2               
                   49 ┤■■■■■■■■■■■■■■■■■■■■■■■■■ 2               
                   50 ┤■■■■■■■■■■■■■■■■■■■■■■■■■ 2               
   sc, target = 31 51 ┤ 0                                        
                   52 ┤■■■■■■■■■■■■ 1                            
                   53 ┤ 0                                        
                   54 ┤■■■■■■■■■■■■ 1                            
                   55 ┤ 0                                        
                   56 ┤■■■■■■■■■■■■ 1                            
                   57 ┤■■■■■■■■■■■■■■■■■■■■■■■■■■■■■■■■■■■■■ 3   
                   58 ┤ 0                                        
                   59 ┤■■■■■■■■■■■■ 1                            
                   60 ┤■■■■■■■■■■■■ 1                            
                      └                                        ┘ 
                                     num of slices               
[ Info: slicing branch with sc: 42.0
[ Info: cc.sc: 42.0
region size: 10
tbl0_rows:40 filtered_rows:40
QIP_gurobi_bound: solver finished in 1.539 s (time_limit=100.0 s, status=OPTIMAL)
[ Info: slice 1, lp_score: 5353.0, primal_bound: 5359.0
QIP_gurobi_bound: solver finished in 1.449 s (time_limit=100.0 s, status=OPTIMAL)
[ Info: slice 2, lp_score: 5354.0, primal_bound: 5359.0
QIP_gurobi_bound: solver finished in 1.773 s (time_limit=100.0 s, status=OPTIMAL)
[ Info: slice 3, lp_score: 5347.0, primal_bound: 5359.0
[ Info: new_scs: Int64[]
[ Info: lp_scores: Float64[]
[ Info: current num of unfinished slices: 18, finished slices: 5
                      ┌                                        ┐ 
                   42 ┤■■■■■■■■■■■■ 1                            
                   43 ┤ 0                                        
                   44 ┤■■■■■■■■■■■■ 1                            
                   45 ┤■■■■■■■■■■■■ 1                            
                   46 ┤ 0                                        
                   47 ┤■■■■■■■■■■■■ 1                            
                   48 ┤■■■■■■■■■■■■■■■■■■■■■■■■■ 2               
                   49 ┤■■■■■■■■■■■■■■■■■■■■■■■■■ 2               
                   50 ┤■■■■■■■■■■■■■■■■■■■■■■■■■ 2               
   sc, target = 31 51 ┤ 0                                        
                   52 ┤■■■■■■■■■■■■ 1                            
                   53 ┤ 0                                        
                   54 ┤■■■■■■■■■■■■ 1                            
                   55 ┤ 0                                        
                   56 ┤■■■■■■■■■■■■ 1                            
                   57 ┤■■■■■■■■■■■■■■■■■■■■■■■■■■■■■■■■■■■■■ 3   
                   58 ┤ 0                                        
                   59 ┤■■■■■■■■■■■■ 1                            
                   60 ┤■■■■■■■■■■■■ 1                            
                      └                                        ┘ 
                                     num of slices               
[ Info: slicing branch with sc: 44.0
[ Info: cc.sc: 44.0
region size: 10
tbl0_rows:44 filtered_rows:44
QIP_gurobi_bound: solver finished in 1.564 s (time_limit=100.0 s, status=OPTIMAL)
[ Info: slice 1, lp_score: 5351.0, primal_bound: 5359.0
QIP_gurobi_bound: solver finished in 2.134 s (time_limit=100.0 s, status=OPTIMAL)
[ Info: slice 2, lp_score: 5356.0, primal_bound: 5359.0
[ Info: new_scs: Int64[]
[ Info: lp_scores: Float64[]
[ Info: current num of unfinished slices: 17, finished slices: 5
                      ┌                                        ┐ 
                   42 ┤■■■■■■■■■■■■ 1                            
                   43 ┤ 0                                        
                   44 ┤ 0                                        
                   45 ┤■■■■■■■■■■■■ 1                            
                   46 ┤ 0                                        
                   47 ┤■■■■■■■■■■■■ 1                            
                   48 ┤■■■■■■■■■■■■■■■■■■■■■■■■■ 2               
                   49 ┤■■■■■■■■■■■■■■■■■■■■■■■■■ 2               
                   50 ┤■■■■■■■■■■■■■■■■■■■■■■■■■ 2               
   sc, target = 31 51 ┤ 0                                        
                   52 ┤■■■■■■■■■■■■ 1                            
                   53 ┤ 0                                        
                   54 ┤■■■■■■■■■■■■ 1                            
                   55 ┤ 0                                        
                   56 ┤■■■■■■■■■■■■ 1                            
                   57 ┤■■■■■■■■■■■■■■■■■■■■■■■■■■■■■■■■■■■■■ 3   
                   58 ┤ 0                                        
                   59 ┤■■■■■■■■■■■■ 1                            
                   60 ┤■■■■■■■■■■■■ 1                            
                      └                                        ┘ 
                                     num of slices               
[ Info: slicing branch with sc: 42.0
[ Info: cc.sc: 42.0
region size: 10
tbl0_rows:46 filtered_rows:46
QIP_gurobi_bound: solver finished in 1.905 s (time_limit=100.0 s, status=OPTIMAL)
[ Info: slice 1, lp_score: 5353.0, primal_bound: 5359.0
QIP_gurobi_bound: solver finished in 1.532 s (time_limit=100.0 s, status=OPTIMAL)
[ Info: slice 2, lp_score: 5350.0, primal_bound: 5359.0
[ Info: new_scs: Int64[]
[ Info: lp_scores: Float64[]
[ Info: current num of unfinished slices: 16, finished slices: 5
                      ┌                                        ┐ 
                   45 ┤■■■■■■■■■■■■ 1                            
                   46 ┤ 0                                        
                   47 ┤■■■■■■■■■■■■ 1                            
                   48 ┤■■■■■■■■■■■■■■■■■■■■■■■■■ 2               
                   49 ┤■■■■■■■■■■■■■■■■■■■■■■■■■ 2               
                   50 ┤■■■■■■■■■■■■■■■■■■■■■■■■■ 2               
                   51 ┤ 0                                        
   sc, target = 31 52 ┤■■■■■■■■■■■■ 1                            
                   53 ┤ 0                                        
                   54 ┤■■■■■■■■■■■■ 1                            
                   55 ┤ 0                                        
                   56 ┤■■■■■■■■■■■■ 1                            
                   57 ┤■■■■■■■■■■■■■■■■■■■■■■■■■■■■■■■■■■■■■ 3   
                   58 ┤ 0                                        
                   59 ┤■■■■■■■■■■■■ 1                            
                   60 ┤■■■■■■■■■■■■ 1                            
                      └                                        ┘ 
                                     num of slices               
[ Info: slicing branch with sc: 45.0
[ Info: cc.sc: 45.0
region size: 10
tbl0_rows:46 filtered_rows:46
QIP_gurobi_bound: solver finished in 1.483 s (time_limit=100.0 s, status=OPTIMAL)
[ Info: slice 1, lp_score: 5358.0, primal_bound: 5359.0
QIP_gurobi_bound: solver finished in 1.469 s (time_limit=100.0 s, status=OPTIMAL)
[ Info: slice 2, lp_score: 5355.0, primal_bound: 5359.0
[ Info: new_scs: Int64[]
[ Info: lp_scores: Float64[]
[ Info: current num of unfinished slices: 15, finished slices: 5
                      ┌                                        ┐ 
                   47 ┤■■■■■■■■■■■■ 1                            
                   48 ┤■■■■■■■■■■■■■■■■■■■■■■■■■ 2               
                   49 ┤■■■■■■■■■■■■■■■■■■■■■■■■■ 2               
                   50 ┤■■■■■■■■■■■■■■■■■■■■■■■■■ 2               
                   51 ┤ 0                                        
                   52 ┤■■■■■■■■■■■■ 1                            
   sc, target = 31 53 ┤ 0                                        
                   54 ┤■■■■■■■■■■■■ 1                            
                   55 ┤ 0                                        
                   56 ┤■■■■■■■■■■■■ 1                            
                   57 ┤■■■■■■■■■■■■■■■■■■■■■■■■■■■■■■■■■■■■■ 3   
                   58 ┤ 0                                        
                   59 ┤■■■■■■■■■■■■ 1                            
                   60 ┤■■■■■■■■■■■■ 1                            
                      └                                        ┘ 
                                     num of slices               
[ Info: slicing branch with sc: 47.0
[ Info: cc.sc: 47.0
region size: 10
tbl0_rows:46 filtered_rows:46
QIP_gurobi_bound: solver finished in 1.443 s (time_limit=100.0 s, status=OPTIMAL)
[ Info: slice 1, lp_score: 5351.0, primal_bound: 5359.0
QIP_gurobi_bound: solver finished in 1.516 s (time_limit=100.0 s, status=OPTIMAL)
[ Info: slice 2, lp_score: 5348.0, primal_bound: 5359.0
[ Info: new_scs: Int64[]
[ Info: lp_scores: Float64[]
[ Info: current num of unfinished slices: 14, finished slices: 5
                      ┌                                        ┐ 
                   48 ┤■■■■■■■■■■■■■■■■■■■■■■■■■ 2               
                   49 ┤■■■■■■■■■■■■■■■■■■■■■■■■■ 2               
                   50 ┤■■■■■■■■■■■■■■■■■■■■■■■■■ 2               
                   51 ┤ 0                                        
                   52 ┤■■■■■■■■■■■■ 1                            
                   53 ┤ 0                                        
   sc, target = 31 54 ┤■■■■■■■■■■■■ 1                            
                   55 ┤ 0                                        
                   56 ┤■■■■■■■■■■■■ 1                            
                   57 ┤■■■■■■■■■■■■■■■■■■■■■■■■■■■■■■■■■■■■■ 3   
                   58 ┤ 0                                        
                   59 ┤■■■■■■■■■■■■ 1                            
                   60 ┤■■■■■■■■■■■■ 1                            
                      └                                        ┘ 
                                     num of slices               
[ Info: slicing branch with sc: 48.0
[ Info: cc.sc: 48.0
region size: 10
tbl0_rows:30 filtered_rows:30
QIP_gurobi_bound: solver finished in 1.611 s (time_limit=100.0 s, status=OPTIMAL)
[ Info: slice 1, lp_score: 5355.0, primal_bound: 5359.0
QIP_gurobi_bound: solver finished in 1.446 s (time_limit=100.0 s, status=OPTIMAL)
[ Info: slice 2, lp_score: 5354.0, primal_bound: 5359.0
[ Info: new_scs: Int64[]
[ Info: lp_scores: Float64[]
[ Info: current num of unfinished slices: 13, finished slices: 5
                      ┌                                        ┐ 
                   48 ┤■■■■■■■■■■■■ 1                            
                   49 ┤■■■■■■■■■■■■■■■■■■■■■■■■■ 2               
                   50 ┤■■■■■■■■■■■■■■■■■■■■■■■■■ 2               
                   51 ┤ 0                                        
                   52 ┤■■■■■■■■■■■■ 1                            
                   53 ┤ 0                                        
   sc, target = 31 54 ┤■■■■■■■■■■■■ 1                            
                   55 ┤ 0                                        
                   56 ┤■■■■■■■■■■■■ 1                            
                   57 ┤■■■■■■■■■■■■■■■■■■■■■■■■■■■■■■■■■■■■■ 3   
                   58 ┤ 0                                        
                   59 ┤■■■■■■■■■■■■ 1                            
                   60 ┤■■■■■■■■■■■■ 1                            
                      └                                        ┘ 
                                     num of slices               
[ Info: slicing branch with sc: 48.0
[ Info: cc.sc: 48.0
region size: 10
tbl0_rows:51 filtered_rows:51
QIP_gurobi_bound: solver finished in 1.4 s (time_limit=100.0 s, status=OPTIMAL)
[ Info: slice 1, lp_score: 5355.0, primal_bound: 5359.0
QIP_gurobi_bound: solver finished in 5.872 s (time_limit=100.0 s, status=OPTIMAL)
[ Info: slice 2, lp_score: 5354.0, primal_bound: 5359.0
[ Info: new_scs: Int64[]
[ Info: lp_scores: Float64[]
[ Info: current num of unfinished slices: 12, finished slices: 5
                      ┌                                        ┐ 
                   49 ┤■■■■■■■■■■■■■■■■■■■■■■■■■ 2               
                   50 ┤■■■■■■■■■■■■■■■■■■■■■■■■■ 2               
                   51 ┤ 0                                        
                   52 ┤■■■■■■■■■■■■ 1                            
                   53 ┤ 0                                        
   sc, target = 31 54 ┤■■■■■■■■■■■■ 1                            
                   55 ┤ 0                                        
                   56 ┤■■■■■■■■■■■■ 1                            
                   57 ┤■■■■■■■■■■■■■■■■■■■■■■■■■■■■■■■■■■■■■ 3   
                   58 ┤ 0                                        
                   59 ┤■■■■■■■■■■■■ 1                            
                   60 ┤■■■■■■■■■■■■ 1                            
                      └                                        ┘ 
                                     num of slices               
[ Info: slicing branch with sc: 49.0
[ Info: cc.sc: 49.0
region size: 10
tbl0_rows:55 filtered_rows:55
QIP_gurobi_bound: solver finished in 5.712 s (time_limit=100.0 s, status=OPTIMAL)
[ Info: slice 1, lp_score: 5354.0, primal_bound: 5359.0
QIP_gurobi_bound: solver finished in 2.125 s (time_limit=100.0 s, status=OPTIMAL)
[ Info: slice 2, lp_score: 5353.0, primal_bound: 5359.0
[ Info: new_scs: Int64[]
[ Info: lp_scores: Float64[]
[ Info: current num of unfinished slices: 11, finished slices: 5
                      ┌                                        ┐ 
                   49 ┤■■■■■■■■■■■■ 1                            
                   50 ┤■■■■■■■■■■■■■■■■■■■■■■■■■ 2               
                   51 ┤ 0                                        
                   52 ┤■■■■■■■■■■■■ 1                            
                   53 ┤ 0                                        
   sc, target = 31 54 ┤■■■■■■■■■■■■ 1                            
                   55 ┤ 0                                        
                   56 ┤■■■■■■■■■■■■ 1                            
                   57 ┤■■■■■■■■■■■■■■■■■■■■■■■■■■■■■■■■■■■■■ 3   
                   58 ┤ 0                                        
                   59 ┤■■■■■■■■■■■■ 1                            
                   60 ┤■■■■■■■■■■■■ 1                            
                      └                                        ┘ 
                                     num of slices               
[ Info: slicing branch with sc: 49.0
[ Info: cc.sc: 49.0
region size: 10
tbl0_rows:68 filtered_rows:68
QIP_gurobi_bound: solver finished in 1.454 s (time_limit=100.0 s, status=OPTIMAL)
[ Info: slice 1, lp_score: 5355.0, primal_bound: 5359.0
QIP_gurobi_bound: solver finished in 1.778 s (time_limit=100.0 s, status=OPTIMAL)
[ Info: slice 2, lp_score: 5353.0, primal_bound: 5359.0
[ Info: new_scs: Int64[]
[ Info: lp_scores: Float64[]
[ Info: current num of unfinished slices: 10, finished slices: 5
                      ┌                                        ┐ 
                   50 ┤■■■■■■■■■■■■■■■■■■■■■■■■■ 2               
                   51 ┤ 0                                        
                   52 ┤■■■■■■■■■■■■ 1                            
                   53 ┤ 0                                        
                   54 ┤■■■■■■■■■■■■ 1                            
   sc, target = 31 55 ┤ 0                                        
                   56 ┤■■■■■■■■■■■■ 1                            
                   57 ┤■■■■■■■■■■■■■■■■■■■■■■■■■■■■■■■■■■■■■ 3   
                   58 ┤ 0                                        
                   59 ┤■■■■■■■■■■■■ 1                            
                   60 ┤■■■■■■■■■■■■ 1                            
                      └                                        ┘ 
                                     num of slices               
[ Info: slicing branch with sc: 50.0
[ Info: cc.sc: 50.0
region size: 10
tbl0_rows:52 filtered_rows:52
QIP_gurobi_bound: solver finished in 6.152 s (time_limit=100.0 s, status=OPTIMAL)
[ Info: slice 1, lp_score: 5352.0, primal_bound: 5359.0
QIP_gurobi_bound: solver finished in 6.417 s (time_limit=100.0 s, status=OPTIMAL)
[ Info: slice 2, lp_score: 5355.0, primal_bound: 5359.0
[ Info: new_scs: Int64[]
[ Info: lp_scores: Float64[]
[ Info: current num of unfinished slices: 9, finished slices: 5
                      ┌                                        ┐ 
                   50 ┤■■■■■■■■■■■■ 1                            
                   51 ┤ 0                                        
                   52 ┤■■■■■■■■■■■■ 1                            
                   53 ┤ 0                                        
                   54 ┤■■■■■■■■■■■■ 1                            
   sc, target = 31 55 ┤ 0                                        
                   56 ┤■■■■■■■■■■■■ 1                            
                   57 ┤■■■■■■■■■■■■■■■■■■■■■■■■■■■■■■■■■■■■■ 3   
                   58 ┤ 0                                        
                   59 ┤■■■■■■■■■■■■ 1                            
                   60 ┤■■■■■■■■■■■■ 1                            
                      └                                        ┘ 
                                     num of slices               
[ Info: slicing branch with sc: 50.0
[ Info: cc.sc: 50.0
region size: 10
tbl0_rows:66 filtered_rows:66
QIP_gurobi_bound: solver finished in 7.058 s (time_limit=100.0 s, status=OPTIMAL)
[ Info: slice 1, lp_score: 5353.0, primal_bound: 5359.0
QIP_gurobi_bound: solver finished in 5.848 s (time_limit=100.0 s, status=OPTIMAL)
[ Info: slice 2, lp_score: 5357.0, primal_bound: 5359.0
[ Info: new_scs: Int64[]
[ Info: lp_scores: Float64[]
[ Info: current num of unfinished slices: 8, finished slices: 5
                      ┌                                        ┐ 
                   52 ┤■■■■■■■■■■■■ 1                            
                   53 ┤ 0                                        
                   54 ┤■■■■■■■■■■■■ 1                            
                   55 ┤ 0                                        
   sc, target = 31 56 ┤■■■■■■■■■■■■ 1                            
                   57 ┤■■■■■■■■■■■■■■■■■■■■■■■■■■■■■■■■■■■■■ 3   
                   58 ┤ 0                                        
                   59 ┤■■■■■■■■■■■■ 1                            
                   60 ┤■■■■■■■■■■■■ 1                            
                      └                                        ┘ 
                                     num of slices               
[ Info: slicing branch with sc: 54.0
[ Info: cc.sc: 54.0
region size: 10
tbl0_rows:47 filtered_rows:47
QIP_gurobi_bound: solver finished in 1.433 s (time_limit=100.0 s, status=OPTIMAL)
[ Info: slice 1, lp_score: 5354.0, primal_bound: 5359.0
QIP_gurobi_bound: solver finished in 1.527 s (time_limit=100.0 s, status=OPTIMAL)
[ Info: slice 2, lp_score: 5356.0, primal_bound: 5359.0
[ Info: new_scs: Int64[]
[ Info: lp_scores: Float64[]
[ Info: current num of unfinished slices: 7, finished slices: 5
                      ┌                                        ┐ 
                   52 ┤■■■■■■■■■■■■ 1                            
                   53 ┤ 0                                        
                   54 ┤ 0                                        
                   55 ┤ 0                                        
   sc, target = 31 56 ┤■■■■■■■■■■■■ 1                            
                   57 ┤■■■■■■■■■■■■■■■■■■■■■■■■■■■■■■■■■■■■■ 3   
                   58 ┤ 0                                        
                   59 ┤■■■■■■■■■■■■ 1                            
                   60 ┤■■■■■■■■■■■■ 1                            
                      └                                        ┘ 
                                     num of slices               
[ Info: slicing branch with sc: 52.0
[ Info: cc.sc: 52.0
region size: 10
tbl0_rows:47 filtered_rows:47
QIP_gurobi_bound: solver finished in 1.517 s (time_limit=100.0 s, status=OPTIMAL)
[ Info: slice 1, lp_score: 5350.0, primal_bound: 5359.0
QIP_gurobi_bound: solver finished in 2.191 s (time_limit=100.0 s, status=OPTIMAL)
[ Info: slice 2, lp_score: 5352.0, primal_bound: 5359.0
[ Info: new_scs: Int64[]
[ Info: lp_scores: Float64[]
[ Info: current num of unfinished slices: 6, finished slices: 5
                      ┌                                        ┐ 
                   56 ┤■■■■■■■■■■■■ 1                            
                   57 ┤■■■■■■■■■■■■■■■■■■■■■■■■■■■■■■■■■■■■■ 3   
   sc, target = 31 58 ┤ 0                                        
                   59 ┤■■■■■■■■■■■■ 1                            
                   60 ┤■■■■■■■■■■■■ 1                            
                      └                                        ┘ 
                                     num of slices               
[ Info: slicing branch with sc: 57.0
[ Info: cc.sc: 57.0
region size: 10
tbl0_rows:71 filtered_rows:71
QIP_gurobi_bound: solver finished in 1.659 s (time_limit=100.0 s, status=OPTIMAL)
[ Info: slice 1, lp_score: 5353.0, primal_bound: 5359.0
QIP_gurobi_bound: solver finished in 1.607 s (time_limit=100.0 s, status=OPTIMAL)
[ Info: slice 2, lp_score: 5350.0, primal_bound: 5359.0
QIP_gurobi_bound: solver finished in 1.493 s (time_limit=100.0 s, status=OPTIMAL)
[ Info: slice 3, lp_score: 5344.0, primal_bound: 5359.0
[ Info: new_scs: Int64[]
[ Info: lp_scores: Float64[]
[ Info: current num of unfinished slices: 5, finished slices: 5
                      ┌                                        ┐ 
                   56 ┤■■■■■■■■■■■■■■■■■■■ 1                     
                   57 ┤■■■■■■■■■■■■■■■■■■■■■■■■■■■■■■■■■■■■■ 2   
   sc, target = 31 58 ┤ 0                                        
                   59 ┤■■■■■■■■■■■■■■■■■■■ 1                     
                   60 ┤■■■■■■■■■■■■■■■■■■■ 1                     
                      └                                        ┘ 
                                     num of slices               
[ Info: slicing branch with sc: 57.0
[ Info: cc.sc: 57.0
region size: 10
tbl0_rows:71 filtered_rows:71
QIP_gurobi_bound: solver finished in 1.531 s (time_limit=100.0 s, status=OPTIMAL)
[ Info: slice 1, lp_score: 5351.0, primal_bound: 5359.0
QIP_gurobi_bound: solver finished in 1.417 s (time_limit=100.0 s, status=OPTIMAL)
[ Info: slice 2, lp_score: 5348.0, primal_bound: 5359.0
QIP_gurobi_bound: solver finished in 1.512 s (time_limit=100.0 s, status=OPTIMAL)
[ Info: slice 3, lp_score: 5342.0, primal_bound: 5359.0
[ Info: new_scs: Int64[]
[ Info: lp_scores: Float64[]
[ Info: current num of unfinished slices: 4, finished slices: 5
                      ┌                                        ┐ 
                   56 ┤■■■■■■■■■■■■■■■■■■■■■■■■■■■■■■■■■■■■■ 1   
                   57 ┤■■■■■■■■■■■■■■■■■■■■■■■■■■■■■■■■■■■■■ 1   
   sc, target = 31 58 ┤ 0                                        
                   59 ┤■■■■■■■■■■■■■■■■■■■■■■■■■■■■■■■■■■■■■ 1   
                   60 ┤■■■■■■■■■■■■■■■■■■■■■■■■■■■■■■■■■■■■■ 1   
                      └                                        ┘ 
                                     num of slices               
[ Info: slicing branch with sc: 56.0
[ Info: cc.sc: 56.0
region size: 10
tbl0_rows:71 filtered_rows:71
QIP_gurobi_bound: solver finished in 1.952 s (time_limit=100.0 s, status=OPTIMAL)
[ Info: slice 1, lp_score: 5345.0, primal_bound: 5359.0
QIP_gurobi_bound: solver finished in 1.615 s (time_limit=100.0 s, status=OPTIMAL)
[ Info: slice 2, lp_score: 5342.0, primal_bound: 5359.0
QIP_gurobi_bound: solver finished in 6.053 s (time_limit=100.0 s, status=OPTIMAL)
[ Info: slice 3, lp_score: 5336.0, primal_bound: 5359.0
[ Info: new_scs: Int64[]
[ Info: lp_scores: Float64[]
[ Info: current num of unfinished slices: 3, finished slices: 5
                      ┌                                        ┐ 
                   57 ┤■■■■■■■■■■■■■■■■■■■■■■■■■■■■■■■■■■■■■ 1   
   sc, target = 31 58 ┤ 0                                        
                   59 ┤■■■■■■■■■■■■■■■■■■■■■■■■■■■■■■■■■■■■■ 1   
                   60 ┤■■■■■■■■■■■■■■■■■■■■■■■■■■■■■■■■■■■■■ 1   
                      └                                        ┘ 
                                     num of slices               
[ Info: slicing branch with sc: 59.0
[ Info: cc.sc: 59.0
region size: 10
tbl0_rows:60 filtered_rows:60
QIP_gurobi_bound: solver finished in 5.757 s (time_limit=100.0 s, status=OPTIMAL)
[ Info: slice 1, lp_score: 5355.0, primal_bound: 5359.0
QIP_gurobi_bound: solver finished in 1.608 s (time_limit=100.0 s, status=OPTIMAL)
[ Info: slice 2, lp_score: 5347.0, primal_bound: 5359.0
QIP_gurobi_bound: solver finished in 1.574 s (time_limit=100.0 s, status=OPTIMAL)
[ Info: slice 3, lp_score: 5349.0, primal_bound: 5359.0
QIP_gurobi_bound: solver finished in 1.544 s (time_limit=100.0 s, status=OPTIMAL)
[ Info: slice 4, lp_score: 5341.0, primal_bound: 5359.0
[ Info: new_scs: Int64[]
[ Info: lp_scores: Float64[]
[ Info: current num of unfinished slices: 2, finished slices: 5
                      ┌                                        ┐ 
                   57 ┤■■■■■■■■■■■■■■■■■■■■■■■■■■■■■■■■■■■■■ 1   
   sc, target = 31 58 ┤ 0                                        
                   59 ┤ 0                                        
                   60 ┤■■■■■■■■■■■■■■■■■■■■■■■■■■■■■■■■■■■■■ 1   
                      └                                        ┘ 
                                     num of slices               
[ Info: slicing branch with sc: 60.0
[ Info: cc.sc: 60.0
region size: 10
tbl0_rows:60 filtered_rows:60
QIP_gurobi_bound: solver finished in 1.389 s (time_limit=100.0 s, status=OPTIMAL)
[ Info: slice 1, lp_score: 5345.0, primal_bound: 5359.0
QIP_gurobi_bound: solver finished in 5.851 s (time_limit=100.0 s, status=OPTIMAL)
[ Info: slice 2, lp_score: 5347.0, primal_bound: 5359.0
QIP_gurobi_bound: solver finished in 1.519 s (time_limit=100.0 s, status=OPTIMAL)
[ Info: slice 3, lp_score: 5339.0, primal_bound: 5359.0
QIP_gurobi_bound: solver finished in 1.602 s (time_limit=100.0 s, status=OPTIMAL)
[ Info: slice 4, lp_score: 5353.0, primal_bound: 5359.0
[ Info: new_scs: Int64[]
[ Info: lp_scores: Float64[]
[ Info: current num of unfinished slices: 1, finished slices: 5
                      ┌                                        ┐ 
   sc, target = 31 57 ┤■■■■■■■■■■■■■■■■■■■■■■■■■■■■■■■■■■■■■ 1   
                      └                                        ┘ 
                                     num of slices               
[ Info: slicing branch with sc: 57.0
[ Info: cc.sc: 57.0
region size: 10
tbl0_rows:60 filtered_rows:60
QIP_gurobi_bound: solver finished in 6.015 s (time_limit=100.0 s, status=OPTIMAL)
[ Info: slice 1, lp_score: 5352.0, primal_bound: 5359.0
QIP_gurobi_bound: solver finished in 5.499 s (time_limit=100.0 s, status=OPTIMAL)
[ Info: slice 2, lp_score: 5338.0, primal_bound: 5359.0
QIP_gurobi_bound: solver finished in 1.576 s (time_limit=100.0 s, status=OPTIMAL)
[ Info: slice 3, lp_score: 5346.0, primal_bound: 5359.0
QIP_gurobi_bound: solver finished in 1.421 s (time_limit=100.0 s, status=OPTIMAL)
[ Info: slice 4, lp_score: 5344.0, primal_bound: 5359.0
[ Info: new_scs: Int64[]
[ Info: lp_scores: Float64[]
  finished 5 slice(s) in 2774.723s; persisting ...
  saved 5 slice(s) to /data/wangyijia/mwis/beyond_mis/branch_results/grid_Jpm1_n=60_seed=5_cheating
  branching wall time (s): 2774.72260594368
