name,iters,id,sc,tc,rwc
finetune,10,1,23.0,33.3729889811306,27.560397875445886
finetune,10,2,24.0,33.24618139647341,27.816159085128152
finetune,10,3,24.0,33.72727609247524,28.407594460854515
finetune,10,4,24.0,33.642510194688576,27.58112734688978
finetune,10,5,24.0,33.021875095511035,28.454609912575737
finetune,10,6,24.0,33.31327414492709,27.893566406845498
finetune,10,7,23.0,33.66788896260146,27.724225791234897
finetune,10,8,24.0,33.250138654122004,28.258373535257228
finetune,10,9,24.0,33.11151655437058,27.915148677039003
finetune,10,10,23.0,33.37548391859445,27.302233476887064
finetune,10,11,24.0,33.239168096171504,27.42731894307401
finetune,10,12,23.0,33.420523541752935,27.399607930447857
finetune,10,13,24.0,32.91766980639023,27.989220214467323
finetune,10,14,24.0,33.98807809020776,28.078209328377792
finetune,10,15,24.0,33.81317737194695,27.970749452563176
finetune,10,16,24.0,33.305893482763956,27.823454800476465
finetune,10,17,24.0,33.61082427469389,27.667717152650653
finetune,10,18,24.0,33.555315690448,28.15580124441179
finetune,10,19,24.0,33.20785120106253,28.229570040651204
finetune,10,20,24.0,33.61369568138121,28.25719209292332
finetune,10,21,24.0,33.37089306495325,27.725148281609236
finetune,10,22,24.0,33.062588130363395,27.966713533671953
finetune,10,23,24.0,33.79987723507039,27.93682506083834
finetune,10,24,24.0,33.30870635567621,27.881514255944058
finetune,10,25,24.0,32.85889088036085,28.418480249744082
finetune,10,26,24.0,33.32755784611208,27.64086294827379
finetune,10,27,24.0,33.33172084893978,28.15191982295432
finetune,10,28,25.0,33.32813608825143,28.124292317789962
finetune,10,29,24.0,33.847899082544714,27.85745040225641
finetune,10,30,24.0,34.01858205944371,27.904869043055488
finetune,10,31,24.0,33.36702248947135,27.852405011288695
finetune,10,32,23.0,33.363463264876444,27.288540273920436
finetune,10,33,23.0,32.84722082566528,27.622502158629565
finetune,10,34,24.0,33.001429625788745,27.987976057997837
finetune,10,35,24.0,33.58300851213854,28.119921970736787
finetune,10,36,24.0,32.969089862372684,28.031804306824323
finetune,10,37,24.0,33.32996802014298,27.742471214797387
finetune,10,38,24.0,33.334581901606235,27.84080631676983
finetune,10,39,24.0,33.22915127921546,28.258017143939643
finetune,10,40,24.0,33.5894612738794,27.934409969416816
finetune,10,41,24.0,33.45739027252395,28.13256379369701
finetune,10,42,24.0,32.856903788568445,28.304042812871657
finetune,10,43,24.0,33.38657873308929,28.017090502868562
finetune,10,44,24.0,33.31279897852525,28.297485666017927
finetune,10,45,24.0,33.64866230158382,27.537047042866845
finetune,10,46,23.0,33.66953927887885,27.72357772315448
finetune,10,47,24.0,33.42736153775907,28.115492207945227
finetune,10,48,23.0,33.618134081977225,27.770785102221016
finetune,10,49,24.0,33.34405572923418,28.12175691322576
finetune,10,50,23.0,33.653783921900406,27.725265632040824
finetune,10,51,24.0,33.48398179822518,27.9971833958094
finetune,10,52,24.0,33.59918999978495,28.094607807156393
finetune,10,53,23.0,33.39184612204284,27.582124857335472
finetune,10,54,24.0,32.996383271710066,27.718663665957507
finetune,10,55,23.0,33.64351176028434,27.307550407101584
finetune,10,56,23.0,33.64867393367932,27.637724496052584
finetune,10,57,24.0,33.942898451654365,27.521510637182153
finetune,10,58,24.0,33.27348690261993,27.787057315156893
finetune,10,59,24.0,33.19796324829285,28.11223010713597
finetune,10,60,24.0,33.293223418011145,28.173566105392116
finetune,10,61,24.0,33.52802412430009,27.90923761877878
finetune,10,62,23.0,33.4677173942273,27.64479498520646
finetune,10,63,24.0,33.78344954318952,27.648203539051732
finetune,10,64,24.0,33.636524960501326,27.75392136875996
finetune,10,65,23.0,33.35863940254662,27.848067970663536
finetune,10,66,24.0,33.86731747100851,28.170002081051848
finetune,10,67,23.0,33.3651274606776,27.739977246363786
finetune,10,68,24.0,33.37941998214085,27.609128050595167
finetune,10,69,24.0,33.78794331228393,27.940275613074057
finetune,10,70,24.0,33.447790908563846,27.73563198558946
finetune,10,71,24.0,33.40844756748349,28.009287283248288
finetune,10,72,24.0,33.065816987475515,27.767014185314228
finetune,10,73,24.0,33.64521508942644,27.820220864694665
finetune,10,74,23.0,33.39712887251032,27.2435380276482
finetune,10,75,24.0,33.034670237739434,28.226948283972046
finetune,10,76,23.0,33.55299489571149,27.623448619949528
finetune,10,77,24.0,33.25308249775387,27.94201856755889
finetune,10,78,24.0,33.31548822303098,28.434363429584387
finetune,10,79,23.0,33.714874946174525,27.493112094253643
finetune,10,80,24.0,33.33577711206342,27.80747294032444
finetune,10,81,24.0,33.53538382985675,28.455909194112717
finetune,10,82,23.0,33.37867400263538,27.534560664083912
finetune,10,83,24.0,33.33276573780393,27.748680673086824
finetune,10,84,24.0,33.28280516062767,27.77710703755618
finetune,10,85,24.0,33.308772497740705,28.074680163708056
finetune,10,86,24.0,33.28184516421361,27.69369925653776
finetune,10,87,25.0,33.200673591810016,28.422108644647647
finetune,10,88,24.0,33.37625644186809,27.775034234822684
finetune,10,89,24.0,33.5878865673107,28.26384294465896
finetune,10,90,24.0,33.082317880994204,28.078955618566486
finetune,10,91,23.0,33.354873957876464,27.447500379050556
finetune,10,92,24.0,33.25275414626821,28.020013970249135
finetune,10,93,24.0,32.994365119154644,28.274720890271247
finetune,10,94,24.0,33.701461166777285,27.977728051601897
finetune,10,95,23.0,33.666995385647496,27.649304062860853
finetune,10,96,24.0,33.14692540512897,28.181585750366274
finetune,10,97,24.0,33.95842344471368,28.04424017624977
finetune,10,98,24.0,32.92417641437526,28.077431744269067
finetune,10,99,24.0,32.90575580345396,28.459534581757854
finetune,10,100,24.0,33.077355593480334,27.740305645849194
finetune,20,1,24.0,33.27591373694373,27.667565413486297
finetune,20,2,23.0,33.35796730417501,27.196154343477943
finetune,20,3,23.0,32.8514258635938,27.500977290608308
finetune,20,4,24.0,33.597973834483916,27.352196040417155
finetune,20,5,23.0,32.907349353742305,27.470964699759023
finetune,20,6,24.0,33.20799795805047,27.813017373856095
finetune,20,7,23.0,33.337035199596635,26.998151195523175
finetune,20,8,23.0,33.6096350850133,27.23129779651848
finetune,20,9,24.0,33.46918474084964,27.125134645037118
finetune,20,10,24.0,33.94240620725994,28.0136370890122
finetune,20,11,23.0,33.31072074345296,27.290781206654767
finetune,20,12,23.0,32.83583620420595,27.188108452233692
finetune,20,13,23.0,33.37430165913574,27.411578829910805
finetune,20,14,23.0,33.01261514188888,27.031989072400698
finetune,20,15,24.0,33.21936039388231,28.061272147855657
finetune,20,16,23.0,33.381215368267696,27.266222568604086
finetune,20,17,25.0,33.52471896793743,27.98739920612878
finetune,20,18,24.0,33.51605481120692,27.37230031939656
finetune,20,19,23.0,33.366405148150186,27.24492725424715
finetune,20,20,24.0,33.442153938029236,27.98224810584726
finetune,20,21,24.0,33.992669591366905,27.85099467573365
finetune,20,22,24.0,33.9770825436979,27.62173327591478
finetune,20,23,23.0,32.78893402772549,27.327108625500532
finetune,20,24,23.0,33.29459318402676,27.077669672471593
finetune,20,25,24.0,33.71824547025164,28.337866393288913
finetune,20,26,23.0,33.64422459492451,27.28739921275982
finetune,20,27,24.0,33.23058730315158,27.742195899372966
finetune,20,28,24.0,33.565220110844365,27.164777244730157
finetune,20,29,23.0,33.637999125231566,27.309448554454796
finetune,20,30,24.0,33.55687934941778,27.325448468934304
finetune,20,31,24.0,33.40036032750028,27.82050072585654
finetune,20,32,23.0,33.29800262635362,26.8159356479662
finetune,20,33,24.0,33.57383834392728,27.31738179241939
finetune,20,34,23.0,33.592772575106544,27.847816532057543
finetune,20,35,24.0,32.99493044835706,27.59076043012971
finetune,20,36,23.0,33.29417663585165,26.979953985183347
finetune,20,37,23.0,33.33986842747008,27.261500090816444
finetune,20,38,24.0,32.782548657445616,28.056921835416823
finetune,20,39,24.0,33.38429726589793,27.410308190136785
finetune,20,40,23.0,33.63570785127637,27.356764218092238
finetune,20,41,24.0,33.535574964786484,27.594750228676276
finetune,20,42,24.0,33.3540810989974,27.60995374053028
finetune,20,43,23.0,33.360495571598705,27.241069725028535
finetune,20,44,23.0,33.343356708762755,26.87559130983734
finetune,20,45,23.0,33.36989162810625,27.054550778048387
finetune,20,46,23.0,33.3403818240987,27.438585363460383
finetune,20,47,23.0,33.341789362971916,27.0503376189512
finetune,20,48,24.0,33.32253636279229,27.816212929060633
finetune,20,49,23.0,33.27778378637001,27.36077090444769
finetune,20,50,23.0,33.693049187348365,27.47875270409348
finetune,20,51,23.0,34.01827016443549,27.049340512820127
finetune,20,52,23.0,33.30360027266354,27.21123782265077
finetune,20,53,23.0,33.40892845960006,27.353369866072747
finetune,20,54,24.0,33.06941463196073,27.90874225045244
finetune,20,55,24.0,33.322125373177535,27.40976566396676
finetune,20,56,23.0,33.37743003415504,27.12136003477195
finetune,20,57,24.0,33.01101931774679,27.74206398019927
finetune,20,58,24.0,33.30973959365571,27.534216598625495
finetune,20,59,23.0,33.35312140944665,27.33416813200178
finetune,20,60,24.0,33.512144599635114,27.469371999017103
finetune,20,61,23.0,33.30788787976618,27.35145773534268
finetune,20,62,24.0,33.93425337635536,27.631374715074763
finetune,20,63,23.0,33.32949516930862,27.12149394534932
finetune,20,64,24.0,33.838653351201906,27.318820282479507
finetune,20,65,24.0,33.79199976007853,27.206177358280197
finetune,20,66,23.0,33.347192759250134,26.97093163188714
finetune,20,67,23.0,33.51147065028541,27.148816378665074
finetune,20,68,23.0,33.650534044557126,27.579617789732275
finetune,20,69,23.0,33.324133868001354,27.239256601448087
finetune,20,70,24.0,33.840795124945934,27.71692343770104
finetune,20,71,23.0,33.66205614823785,27.223354948121198
finetune,20,72,25.0,33.353257687724266,27.879026973127626
finetune,20,73,24.0,33.29754106360372,27.683814638352395
finetune,20,74,24.0,33.42695347379164,27.979208372206642
finetune,20,75,23.0,32.92209982149241,27.144364128598355
finetune,20,76,23.0,33.351759601766595,27.38129113216847
finetune,20,77,25.0,32.62508477202899,28.46120246471695
finetune,20,78,23.0,33.90454879322323,27.049012437783013
finetune,20,79,23.0,33.307045245364705,27.353769262091532
finetune,20,80,24.0,33.95819828859651,27.89695430925968
finetune,20,81,24.0,33.34202286345665,27.853553179772
finetune,20,82,24.0,33.08809649955612,27.958702727665795
finetune,20,83,24.0,34.069747140957986,27.831158498137462
finetune,20,84,23.0,33.49276148659397,27.259503884382852
finetune,20,85,23.0,33.23737311362172,27.174457366176032
finetune,20,86,23.0,33.34887107396677,27.487377816055968
finetune,20,87,23.0,33.45282789476119,27.285952484850593
finetune,20,88,24.0,33.25904274185306,27.806186508722362
finetune,20,89,23.0,33.59903856881775,27.543326136003405
finetune,20,90,24.0,33.811625611698716,27.957153238193428
finetune,20,91,24.0,33.54477522035684,27.377354812738314
finetune,20,92,24.0,33.387433934466536,27.891917928889963
finetune,20,93,23.0,33.34513448096041,27.25797507201904
finetune,20,94,23.0,33.48678642527883,27.17061401913687
finetune,20,95,23.0,33.35605733925187,27.869752690209847
finetune,20,96,23.0,33.52632285763963,27.248309834523827
finetune,20,97,24.0,33.335004121546305,27.447913888927875
finetune,20,98,24.0,33.54849466046151,27.51940304239076
finetune,20,99,24.0,33.254035009949966,27.798191855327623
finetune,20,100,24.0,33.90619238905407,27.87614774112803
finetune,30,1,24.0,33.51803660694332,27.287437225098227
finetune,30,2,24.0,33.63741669149462,27.226595595603346
finetune,30,3,24.0,33.35716830670842,27.967001545745266
finetune,30,4,23.0,33.46454342826201,27.242461474715842
finetune,30,5,23.0,33.44200484555805,27.179821667991785
finetune,30,6,24.0,33.35656898110782,27.58982383934857
finetune,30,7,23.0,32.76738293328784,26.540205313896287
finetune,30,8,23.0,33.30192620117577,27.15700133353789
finetune,30,9,23.0,33.30882168218094,27.16667418501072
finetune,30,10,23.0,33.33184024983401,26.87405758682589
finetune,30,11,24.0,34.05450489627254,27.852728720947752
finetune,30,12,23.0,33.67049210882436,27.13266734820141
finetune,30,13,23.0,33.35158518203417,27.020686367260854
finetune,30,14,24.0,33.298796079149845,27.450389819171463
finetune,30,15,25.0,33.013248905875834,27.789735827987293
finetune,30,16,23.0,33.297121153260825,27.493851991455116
finetune,30,17,23.0,33.32229433194173,26.81579745457133
finetune,30,18,24.0,32.731070418597696,27.349028373046927
finetune,30,19,24.0,33.51997068682709,27.91912421226555
finetune,30,20,23.0,33.019349846712565,27.193271427727616
finetune,30,21,23.0,33.356301129222544,27.240390434654106
finetune,30,22,23.0,33.33877698345434,26.824041819225418
finetune,30,23,24.0,33.36497182325515,27.880773156225146
finetune,30,24,23.0,33.40574727113608,27.328529579420756
finetune,30,25,24.0,33.55937820858443,27.41873964037403
finetune,30,26,24.0,33.361656052311346,27.41187553506851
finetune,30,27,23.0,32.843997057384364,27.339118224361563
finetune,30,28,23.0,33.47100772638131,27.066201257187696
finetune,30,29,23.0,33.352288912182175,27.095793568456966
finetune,30,30,23.0,32.929274512826105,26.64452705504079
finetune,30,31,23.0,33.6397079952727,27.301457112145297
finetune,30,32,23.0,33.29924475423275,27.517682504742826
finetune,30,33,23.0,32.82669114818002,27.32049665271197
finetune,30,34,24.0,33.36437906862568,27.61784740167791
finetune,30,35,24.0,33.317834413949335,27.69778596129899
finetune,30,36,23.0,33.38667607659584,27.199039150634867
finetune,30,37,23.0,33.352724461331036,27.317493446581025
finetune,30,38,23.0,33.325828727650574,26.971407989622993
finetune,30,39,23.0,33.29003762671145,27.205415209673333
finetune,30,40,24.0,33.44523987267501,28.059318975575056
finetune,30,41,24.0,33.33500029563362,28.196709325987563
finetune,30,42,23.0,33.30917454598409,27.06752687515997
finetune,30,43,23.0,33.33412616270063,26.863550758418935
finetune,30,44,23.0,33.34148180256025,27.06837232901066
finetune,30,45,24.0,33.87142606637114,27.557656181508946
finetune,30,46,23.0,33.34152791264882,27.230937821627204
finetune,30,47,24.0,33.50171282849533,27.756879208172236
finetune,30,48,23.0,33.359786396337,27.11002765917168
finetune,30,49,23.0,33.36630008173295,27.420084759211715
finetune,30,50,24.0,33.51692044395222,27.343320562608994
finetune,30,51,24.0,33.80013679852307,27.484523234561017
finetune,30,52,24.0,33.33765526916487,27.330281851067724
finetune,30,53,23.0,33.349412180971925,27.116725671317287
finetune,30,54,24.0,33.47112566562152,27.414161672497226
finetune,30,55,24.0,33.21806974909035,26.92400840292505
finetune,30,56,24.0,34.03334411596047,27.462091230360855
finetune,30,57,23.0,33.23073558854106,26.867646315923018
finetune,30,58,23.0,33.191997688222436,26.853130899548287
finetune,30,59,24.0,33.20687474935982,27.80781622247167
finetune,30,60,23.0,33.357037578609386,27.076955449111693
finetune,30,61,24.0,33.31029968076087,27.620343000910612
finetune,30,62,24.0,33.26688323581659,27.63598717944692
finetune,30,63,24.0,33.1578196695345,27.75386795369413
finetune,30,64,24.0,33.25744878312066,27.532064521716045
finetune,30,65,24.0,33.52158025490305,27.00338754990381
finetune,30,66,24.0,33.26215834338472,26.972686447279454
finetune,30,67,23.0,33.51645919625943,27.479294669029287
finetune,30,68,23.0,33.38872133524964,27.35357127724497
finetune,30,69,24.0,33.84028703480072,27.548951244636175
finetune,30,70,24.0,32.997553121232286,27.77849239180519
finetune,30,71,24.0,33.333493837249776,27.376095134506034
finetune,30,72,23.0,33.386429983142726,27.29315667708703
finetune,30,73,23.0,33.35078028321354,27.18482733353664
finetune,30,74,24.0,33.98316568184401,27.648308170172875
finetune,30,75,25.0,32.95931765218381,28.133886465448136
finetune,30,76,24.0,33.24158787657828,27.142974051977347
finetune,30,77,23.0,32.79415195846414,27.16435359013936
finetune,30,78,24.0,32.73499404705033,26.86578247659006
finetune,30,79,23.0,33.71414104322686,27.489939648437506
finetune,30,80,23.0,33.34756033864627,27.071481378981357
finetune,30,81,24.0,33.42450345131953,27.313617071658225
finetune,30,82,23.0,33.34442343111947,27.080524011184906
finetune,30,83,23.0,33.42656136853388,27.17698127745643
finetune,30,84,24.0,33.09938172648832,27.63426053836545
finetune,30,85,24.0,33.498795504395225,27.457525378362238
finetune,30,86,23.0,33.33701742382033,27.40721105090108
finetune,30,87,24.0,33.829627371712235,27.609460936492834
finetune,30,88,23.0,33.43933531475449,27.18665005745429
finetune,30,89,23.0,33.40648026520958,27.0186319302985
finetune,30,90,23.0,33.42044982726934,27.10271224341866
finetune,30,91,24.0,33.36723790813351,27.598400723222852
finetune,30,92,23.0,32.85431408777205,27.2830057283154
finetune,30,93,23.0,33.35155508585696,26.85083945938726
finetune,30,94,23.0,33.59715506505076,27.011057865232676
finetune,30,95,24.0,33.594445778078686,27.347682145930328
finetune,30,96,23.0,33.34457692639042,26.930133670594053
finetune,30,97,24.0,33.90480584575972,27.23215046904397
finetune,30,98,23.0,33.30869500414073,27.21209849597535
finetune,30,99,23.0,33.258326134228376,27.28002553335694
finetune,30,100,23.0,32.81858949367665,27.23543188660204
finetune,40,1,23.0,33.301448171775654,27.05895442172855
finetune,40,2,23.0,33.21149960519284,27.12063374470288
finetune,40,3,23.0,33.31373155388687,26.631056169174112
finetune,40,4,23.0,33.27985760032182,27.347885062110404
finetune,40,5,23.0,33.3516172382662,27.469208579080693
finetune,40,6,24.0,33.114307387121606,27.621094510126138
finetune,40,7,23.0,32.795646124257686,26.777525563897253
finetune,40,8,24.0,33.15539290326763,26.964080678480048
finetune,40,9,23.0,33.34580790039179,27.06578962205209
finetune,40,10,23.0,33.11855911025189,27.472221571990538
finetune,40,11,23.0,33.34208594540602,26.935401076922897
finetune,40,12,23.0,33.31247255767021,27.103841158709468
finetune,40,13,23.0,33.49353556779335,27.198320213239718
finetune,40,14,23.0,33.44060558123427,26.945569963568502
finetune,40,15,23.0,33.33213401320133,27.28800359245659
finetune,40,16,24.0,33.39300477220156,27.012576408226217
finetune,40,17,23.0,33.16663767519557,27.101738918265998
finetune,40,18,24.0,33.11611833179532,27.94363111022253
finetune,40,19,23.0,33.3372522915786,27.144972498085668
finetune,40,20,24.0,33.21630854930201,27.558874019333462
finetune,40,21,23.0,32.613836404107104,27.009804649693486
finetune,40,22,23.0,33.06268708550942,26.83250297111502
finetune,40,23,23.0,34.012984434014136,27.058062543024796
finetune,40,24,23.0,33.32565578021962,27.12869665316863
finetune,40,25,24.0,33.5489273951782,27.565811597591306
finetune,40,26,23.0,33.51844615225858,26.97572006599591
finetune,40,27,23.0,33.45005149095347,27.325821022438937
finetune,40,28,23.0,33.10752760541534,27.39031621299444
finetune,40,29,24.0,33.37556745328219,27.066104499399383
finetune,40,30,23.0,32.80467538207017,26.702928976222406
finetune,40,31,23.0,33.40312832818786,26.90849023632716
finetune,40,32,24.0,33.7546150824002,28.368665557241798
finetune,40,33,24.0,33.244538055644604,27.615012522886463
finetune,40,34,23.0,32.78069547347145,26.398629590823404
finetune,40,35,23.0,33.2959973741467,27.305756898543574
finetune,40,36,24.0,33.30781468915767,27.344973527619686
finetune,40,37,23.0,32.820210429189736,27.23639004738425
finetune,40,38,24.0,33.799446817710184,27.749154678239023
finetune,40,39,23.0,33.305313667972314,26.85300074637772
finetune,40,40,23.0,33.29953846322159,27.15680218425597
finetune,40,41,23.0,33.34233014190315,27.000186707332308
finetune,40,42,24.0,33.41570144346051,27.620447910230148
finetune,40,43,23.0,33.528611191422485,27.343864330961246
finetune,40,44,24.0,32.724889526122226,27.09006963353308
finetune,40,45,24.0,33.40057829808843,26.995866964066753
finetune,40,46,24.0,33.7649529150859,27.33192180401879
finetune,40,47,23.0,33.394767998462164,26.97032951176919
finetune,40,48,23.0,32.81108002814015,27.347255678926036
finetune,40,49,24.0,33.407072503611296,27.099797116517635
finetune,40,50,23.0,32.84161876070303,26.234689014734364
finetune,40,51,23.0,33.14978674763884,26.773814695473252
finetune,40,52,24.0,33.67052779810469,27.745136270763687
finetune,40,53,23.0,33.310408997618715,26.81220623657058
finetune,40,54,23.0,33.06377088836592,26.355387712773204
finetune,40,55,23.0,33.404447303806414,26.91968109703151
finetune,40,56,23.0,33.32865256325823,27.339409073910048
finetune,40,57,23.0,33.64653927673514,27.451670489848183
finetune,40,58,24.0,32.93821787246578,27.684156848659587
finetune,40,59,23.0,33.47661534032784,27.158025569261117
finetune,40,60,24.0,33.59163035944673,27.360572069873275
finetune,40,61,23.0,32.952192943187555,26.64005837255277
finetune,40,62,23.0,33.22857020948928,26.739867053106305
finetune,40,63,24.0,33.045244212642686,27.430020530375753
finetune,40,64,23.0,33.38755442760931,27.11324501204387
finetune,40,65,24.0,33.091981433349694,27.08862597651642
finetune,40,66,23.0,32.78451828769973,26.769960326325755
finetune,40,67,24.0,32.770934480222955,26.60257941939432
finetune,40,68,24.0,33.46064610439406,27.396281552320254
finetune,40,69,24.0,32.945631545148096,27.165062500864188
finetune,40,70,23.0,33.39144800994015,27.086288622402154
finetune,40,71,24.0,33.343944676856374,27.395631298430068
finetune,40,72,23.0,33.30138682377131,27.12176030665191
finetune,40,73,24.0,33.762903050864395,27.20921107285912
finetune,40,74,24.0,32.895445510443146,27.229203834357925
finetune,40,75,23.0,33.355930386507055,26.99482051737806
finetune,40,76,24.0,33.77876179001688,27.64146898844943
finetune,40,77,24.0,33.21441319253326,27.313417097241448
finetune,40,78,24.0,33.15623614629298,27.51888740258285
finetune,40,79,23.0,32.70946281458053,26.478224694821495
finetune,40,80,23.0,33.34074016280985,26.998929817337586
finetune,40,81,24.0,33.44353886019629,27.296151042672538
finetune,40,82,23.0,33.278872915669915,26.74924496768219
finetune,40,83,23.0,33.36804922040377,27.006056397901823
finetune,40,84,24.0,33.36543727847143,27.707366788168628
finetune,40,85,23.0,33.45221437725175,27.214596925365303
finetune,40,86,23.0,33.3441942549149,27.009125830867195
finetune,40,87,23.0,32.56626423330429,26.70213118099855
finetune,40,88,24.0,33.84098114194917,27.64721951462313
finetune,40,89,24.0,33.2914964553303,28.042184227778794
finetune,40,90,23.0,33.36533910925682,26.85604251639445
finetune,40,91,24.0,33.47662206284876,27.432517266089874
finetune,40,92,24.0,33.56086467122164,27.321380355165918
finetune,40,93,23.0,33.47920958331307,27.29107606156327
finetune,40,94,24.0,33.161937676158686,27.91578213094152
finetune,40,95,23.0,33.32602390601025,27.17426987133059
finetune,40,96,23.0,33.35822541879008,27.03807815065715
finetune,40,97,23.0,32.96759085343694,27.22260628126669
finetune,40,98,23.0,33.31511860045709,26.76943819910163
finetune,40,99,23.0,32.85733293646369,27.379459040689298
finetune,40,100,23.0,33.34859864310803,26.920105332512087
finetune,50,1,24.0,33.368966857666294,27.472355736973967
finetune,50,2,23.0,33.455385739032074,27.028162326787243
finetune,50,3,24.0,33.52476256285173,27.31882662507548
finetune,50,4,24.0,33.401016758656446,27.3545904879274
finetune,50,5,23.0,32.94613222541694,26.91816757742511
finetune,50,6,23.0,33.341615898784205,26.83096400791405
finetune,50,7,24.0,33.101723816602416,27.774440445439378
finetune,50,8,23.0,33.2790823803034,26.968989922361963
finetune,50,9,23.0,33.29220782215394,27.29305322988619
finetune,50,10,23.0,33.37352480355803,27.16453482089345
finetune,50,11,24.0,33.42389201050068,27.155900114939808
finetune,50,12,23.0,32.892811034348526,27.040501888570272
finetune,50,13,23.0,33.25164717582795,26.89531450241918
finetune,50,14,24.0,32.711843410616495,26.553415013481203
finetune,50,15,24.0,32.8951214559547,27.553205792397467
finetune,50,16,23.0,33.10899759412338,26.941415310522355
finetune,50,17,24.0,33.41314955512694,27.344575718248713
finetune,50,18,23.0,33.355536801841346,27.334703086785527
finetune,50,19,24.0,34.03316714825851,27.6569385016989
finetune,50,20,24.0,33.22050318457998,27.34340881013871
finetune,50,21,23.0,33.290551109492036,27.089719622196945
finetune,50,22,24.0,32.86199069569378,26.66185814689307
finetune,50,23,24.0,33.43539917268152,27.186010487609074
finetune,50,24,23.0,33.402837387614056,27.25867833573428
finetune,50,25,23.0,32.806578495193065,26.59487884314397
finetune,50,26,24.0,32.971245799331705,27.36833239727964
finetune,50,27,23.0,33.355074578276415,26.836577565802596
finetune,50,28,23.0,32.92263152536761,26.696736694618767
finetune,50,29,23.0,32.96383290758535,26.801333533344234
finetune,50,30,23.0,32.59608206387726,27.199922364886046
finetune,50,31,23.0,33.278702910965734,26.899102543379897
finetune,50,32,23.0,33.29312541841596,27.34123969206167
finetune,50,33,24.0,33.38124027199879,27.58311912422206
finetune,50,34,24.0,33.207588437375115,27.321507596225047
finetune,50,35,23.0,32.5118412909027,26.476417473730763
finetune,50,36,23.0,33.46545012452629,27.428376810744165
finetune,50,37,23.0,33.39225965566975,27.40821714860866
finetune,50,38,24.0,33.26320802111026,27.347070589516594
finetune,50,39,23.0,32.900264305038476,27.012920927259387
finetune,50,40,24.0,33.79563351573202,27.48002778219362
finetune,50,41,23.0,33.34013867740276,26.967480406533422
finetune,50,42,24.0,33.42661450276859,27.155838366880435
finetune,50,43,24.0,33.12888809595191,27.626255760901277
finetune,50,44,23.0,33.283326428314275,26.930320673393453
finetune,50,45,24.0,33.05206364570006,27.705256199286083
finetune,50,46,25.0,33.2167554177976,27.937328888257536
finetune,50,47,23.0,33.03369722445746,26.93305804779197
finetune,50,48,23.0,32.811430962992155,26.90130852420523
finetune,50,49,24.0,33.43308335571008,27.560789270927717
finetune,50,50,23.0,33.306396664318285,27.205300352926375
finetune,50,51,24.0,33.391021785958955,27.843878957406506
finetune,50,52,23.0,33.316751707487114,27.133756379792093
finetune,50,53,23.0,33.19562668965074,26.924863449204768
finetune,50,54,23.0,33.30482329187935,26.98460110945174
finetune,50,55,23.0,32.7760174825216,26.777145969672603
finetune,50,56,23.0,33.29715703002489,26.8703106601606
finetune,50,57,24.0,33.56341617477602,27.24701012887112
finetune,50,58,23.0,32.73434494306292,27.10831573948807
finetune,50,59,23.0,33.456481043375724,26.92037515299756
finetune,50,60,23.0,32.905577130698056,26.9494681576769
finetune,50,61,23.0,33.10534314514521,27.04352209144322
finetune,50,62,23.0,32.66200080660716,26.97050716377633
finetune,50,63,25.0,33.21409606840814,28.06169619666022
finetune,50,64,24.0,33.20165639650429,27.239997917537913
finetune,50,65,24.0,33.30862414431689,27.464638156951263
finetune,50,66,24.0,33.31073506697515,27.258172958011148
finetune,50,67,24.0,33.431508909738014,27.45311557927077
finetune,50,68,23.0,33.33660981566915,26.764208937682913
finetune,50,69,24.0,32.68852068179958,27.442476030581652
finetune,50,70,24.0,33.11313600166407,27.259588108479996
finetune,50,71,23.0,32.78042049320878,26.867719548963926
finetune,50,72,23.0,33.26020791403605,26.74340227030228
finetune,50,73,23.0,32.565671940596374,26.364481806280622
finetune,50,74,24.0,33.635538066501255,27.339921027847854
finetune,50,75,23.0,32.880138617089976,27.733134433044103
finetune,50,76,24.0,33.47557298083046,27.418930618181527
finetune,50,77,23.0,33.32144938748902,27.383602615219587
finetune,50,78,23.0,33.32764433482195,27.198155770128736
finetune,50,79,23.0,33.25366101472772,27.166897023853288
finetune,50,80,23.0,32.94724122397067,26.97865620906531
finetune,50,81,23.0,33.40166066783918,26.896113808770178
finetune,50,82,23.0,33.315473288808064,27.1332722407394
finetune,50,83,24.0,33.46995619807558,27.518111720698364
finetune,50,84,24.0,33.50926222679337,27.418631693603277
finetune,50,85,23.0,33.313034651420416,27.016611542055735
finetune,50,86,24.0,33.490978958808924,27.32664229700959
finetune,50,87,24.0,32.77031674389529,26.787317369753833
finetune,50,88,24.0,33.21786433642228,27.062889570763698
finetune,50,89,23.0,33.35863090208185,27.137870251636325
finetune,50,90,24.0,33.347993072728976,27.22687006369693
finetune,50,91,24.0,33.33314241422424,27.21885515020035
finetune,50,92,24.0,33.78923399228598,27.618119596953324
finetune,50,93,23.0,33.342106814086904,26.785230779228883
finetune,50,94,24.0,33.234578780813074,27.786234393952533
finetune,50,95,23.0,33.829353647694695,27.138957824314947
finetune,50,96,24.0,33.8519572668538,27.134026560023067
finetune,50,97,25.0,33.40319225038937,27.626437475357875
finetune,50,98,24.0,32.90496952389561,27.810702259035168
finetune,50,99,24.0,33.32796549085701,27.37712057729582
finetune,50,100,23.0,33.32016091537169,27.135762304094676
finetune,60,1,23.0,32.728274398084,26.247329161305185
finetune,60,2,23.0,33.31927284606099,27.016699946501053
finetune,60,3,23.0,32.665633003567834,26.413952014856243
finetune,60,4,23.0,33.23641454988823,27.078536730364434
finetune,60,5,24.0,32.92675804152542,27.240362882221902
finetune,60,6,24.0,33.19473888564516,27.18120863644675
finetune,60,7,23.0,33.35049268843017,27.125147891278036
finetune,60,8,24.0,33.397502133343885,27.440327328936686
finetune,60,9,23.0,32.7661884008212,27.30079495898079
finetune,60,10,24.0,32.7669955790214,27.63909371222851
finetune,60,11,24.0,32.896397060358304,26.857319706700736
finetune,60,12,23.0,33.233603555724436,26.9701815102421
finetune,60,13,23.0,33.45025328274595,27.36945020586277
finetune,60,14,23.0,33.250502779537065,26.98770546719671
finetune,60,15,23.0,32.65356566177054,26.48728895557659
finetune,60,16,23.0,33.46243862639894,26.90953087502205
finetune,60,17,24.0,33.79885276952382,27.309326213441757
finetune,60,18,23.0,33.20208169856165,27.030086021713853
finetune,60,19,23.0,33.258528923066436,27.039334878864782
finetune,60,20,23.0,33.321284095691674,27.12587270099694
finetune,60,21,23.0,33.02270590618428,26.963145976834227
finetune,60,22,23.0,33.23408809316245,26.87141153472001
finetune,60,23,23.0,33.42477682994997,26.99791530092357
finetune,60,24,24.0,33.321387515300316,27.59967341537875
finetune,60,25,23.0,33.17981334913733,26.90928163705643
finetune,60,26,23.0,33.34350381226939,27.170732511038256
finetune,60,27,23.0,33.449264831831286,27.254090742881832
finetune,60,28,23.0,33.33487006981025,26.764917831583176
finetune,60,29,23.0,33.339364434592675,27.142225059970464
finetune,60,30,23.0,32.99837024657125,27.036827200349112
finetune,60,31,23.0,33.640827344792484,26.770007022085686
finetune,60,32,24.0,32.70090578983528,27.61975560833475
finetune,60,33,23.0,33.05893507984686,27.577416402010595
finetune,60,34,23.0,32.81138071566561,26.92972013867493
finetune,60,35,23.0,33.23755023111651,26.907563085927144
finetune,60,36,24.0,32.760457458832505,27.665144849599635
finetune,60,37,24.0,33.47048481784585,27.06666557141881
finetune,60,38,23.0,33.29465494592194,27.13035409082762
finetune,60,39,23.0,33.339236657501424,26.783369509355605
finetune,60,40,24.0,32.94222023433702,26.621688197073862
finetune,60,41,23.0,33.29727227666475,27.08051961972501
finetune,60,42,24.0,33.80075373483425,27.760128937256727
finetune,60,43,23.0,32.68342007170658,26.506270333516774
finetune,60,44,23.0,33.250650195885676,27.290249120466818
finetune,60,45,24.0,32.75623925705388,26.673594983710377
finetune,60,46,24.0,33.4162049449387,27.37771582364292
finetune,60,47,23.0,33.338752038886426,26.878076025997835
finetune,60,48,24.0,33.000391523484716,27.751347217702264
finetune,60,49,23.0,33.23861772781701,27.17919136668536
finetune,60,50,24.0,33.7753912983415,27.466435819402662
finetune,60,51,23.0,32.94727403243,27.320668451552493
finetune,60,52,23.0,32.83197602953837,26.314734575667842
finetune,60,53,23.0,33.022204987534074,26.695794046208206
finetune,60,54,24.0,33.36068133072704,27.299368841046558
finetune,60,55,24.0,33.31571748755481,27.227181725588558
finetune,60,56,23.0,33.363095104760006,26.88444829694182
finetune,60,57,24.0,32.87138696507293,26.88189554156876
finetune,60,58,23.0,33.608278142901284,27.385150042843634
finetune,60,59,24.0,33.43135235367489,27.187401036980777
finetune,60,60,24.0,33.448340987862686,27.361331766263657
finetune,60,61,22.0,32.25121131848475,26.569480210074722
finetune,60,62,24.0,33.43716410888461,26.99836923133165
finetune,60,63,24.0,32.74067173566626,26.750055842149305
finetune,60,64,24.0,33.395464625473714,27.063618277572626
finetune,60,65,23.0,33.326853928493506,26.936772295420585
finetune,60,66,23.0,33.47207375335585,26.91862382893211
finetune,60,67,23.0,33.20294952906619,26.971214044157666
finetune,60,68,23.0,33.30240776739572,27.030115497232522
finetune,60,69,23.0,32.68556556328353,27.456106045396467
finetune,60,70,23.0,33.31986547274033,26.907248309567866
finetune,60,71,24.0,32.9835879252372,27.419022270832283
finetune,60,72,23.0,33.589694495535966,26.85893613146584
finetune,60,73,24.0,33.42814200183238,27.345025962561856
finetune,60,74,23.0,33.387666965750746,27.141028358830923
finetune,60,75,24.0,33.8060861367858,27.257059639984373
finetune,60,76,23.0,33.334964909388134,26.962638555702846
finetune,60,77,23.0,32.94532270701677,26.93313073680508
finetune,60,78,24.0,33.03568854288928,27.334276175571993
finetune,60,79,24.0,33.393179480298784,27.32521666802324
finetune,60,80,24.0,33.05997986463208,27.69920188453902
finetune,60,81,24.0,33.50608629192523,27.277797431849116
finetune,60,82,23.0,33.28709241070393,26.73306554378775
finetune,60,83,23.0,33.46680413979669,27.220531724028007
finetune,60,84,23.0,32.75632729861107,26.42178586057217
finetune,60,85,23.0,33.336598245596456,26.970405086764043
finetune,60,86,23.0,33.898115818946096,27.224935549426785
finetune,60,87,24.0,32.989778929415,26.724713927846484
finetune,60,88,23.0,33.03924061952151,26.654465520912353
finetune,60,89,23.0,33.328646512999995,27.074584396533602
finetune,60,90,23.0,33.891602415054166,27.331318838502565
finetune,60,91,23.0,33.248739965173854,27.1368745379575
finetune,60,92,24.0,33.80143954204419,27.53362021216229
finetune,60,93,23.0,33.23363839560709,27.0600435641653
finetune,60,94,24.0,32.90832720038299,27.287898436819738
finetune,60,95,23.0,33.23130756406617,26.976041674073915
finetune,60,96,23.0,33.247459668261605,27.004441090964175
finetune,60,97,23.0,32.79626798255304,26.644321527290415
finetune,60,98,23.0,33.291186137598885,26.90460057282836
finetune,60,99,23.0,33.26711850970122,27.12858865910533
finetune,60,100,23.0,32.82080025482315,26.94326093503901
finetune,70,1,23.0,33.321378880122744,26.799006892553848
finetune,70,2,24.0,33.32428101345334,27.107838865770987
finetune,70,3,24.0,33.42630247515378,27.595450619156242
finetune,70,4,24.0,33.41605466698748,27.0829297404722
finetune,70,5,24.0,32.82410152423428,27.03769636134892
finetune,70,6,23.0,33.29739993703183,26.865413422138698
finetune,70,7,24.0,32.89948156732229,27.449246105808058
finetune,70,8,23.0,33.35664599584562,27.290559832580563
finetune,70,9,23.0,32.76698041620163,26.42965043693413
finetune,70,10,23.0,33.279196496160885,26.845240831045135
finetune,70,11,24.0,33.66495566278598,27.376602515768937
finetune,70,12,23.0,33.29099421675923,27.11718376059978
finetune,70,13,24.0,32.734924599073736,27.713139602521856
finetune,70,14,23.0,32.61535330749798,26.550867283778846
finetune,70,15,24.0,33.435480559175836,27.439576482744105
finetune,70,16,23.0,33.36116374364056,27.383082129015826
finetune,70,17,24.0,33.34771721291279,27.4041540362023
finetune,70,18,23.0,33.351852950397095,26.89236617449585
finetune,70,19,25.0,33.6142729541023,27.589963526934973
finetune,70,20,24.0,33.16345148231094,27.699483621047907
finetune,70,21,23.0,33.33998081921954,27.07322332062867
finetune,70,22,23.0,33.30203880939416,27.4228615588309
finetune,70,23,23.0,33.28888303724698,27.02901430402158
finetune,70,24,23.0,32.80728820314694,26.4296883594997
finetune,70,25,24.0,33.43505932099444,27.028869420781138
finetune,70,26,23.0,33.25942657633007,27.20150396916415
finetune,70,27,24.0,32.90318554402269,27.710813703744783
finetune,70,28,24.0,33.3161945312607,27.22260267016184
finetune,70,29,23.0,32.748337820080515,26.446092881303077
finetune,70,30,23.0,32.75451486995356,26.871870689473408
finetune,70,31,23.0,33.29469108068729,26.90135456330385
finetune,70,32,24.0,33.4622017060564,27.427452649638873
finetune,70,33,23.0,32.99080186905269,27.028374651578225
finetune,70,34,23.0,32.64671757046208,26.5168967919634
finetune,70,35,23.0,33.312935283842634,26.891840648265667
finetune,70,36,23.0,32.48033487757533,26.08591738700896
finetune,70,37,23.0,33.35245045617516,27.396811080289467
finetune,70,38,24.0,32.8526095151148,26.637476310653955
finetune,70,39,24.0,33.16304138565453,27.396602911315856
finetune,70,40,23.0,33.238931225935026,26.963554977809036
finetune,70,41,23.0,33.32805720807772,27.511930946823355
finetune,70,42,24.0,33.60778719599371,27.29425967597796
finetune,70,43,24.0,33.321828313820895,27.40554248514255
finetune,70,44,23.0,32.889185887914834,26.670750500129124
finetune,70,45,23.0,33.37356802056694,26.89339267336117
finetune,70,46,24.0,33.507677446507806,27.115697632729546
finetune,70,47,23.0,33.142258248916775,26.816101472336882
finetune,70,48,23.0,33.010187301895996,27.155929367160358
finetune,70,49,23.0,33.32720446876625,26.84646295918296
finetune,70,50,23.0,33.28336675282167,27.06165789956802
finetune,70,51,23.0,33.343068644133176,26.907926923261904
finetune,70,52,23.0,32.874654637035825,27.091035844468898
finetune,70,53,23.0,33.26956617281811,26.79971396319723
finetune,70,54,23.0,32.5548292437263,27.088400095101502
finetune,70,55,24.0,33.61528268114335,27.503898653006843
finetune,70,56,24.0,33.92204831923865,27.59555015533716
finetune,70,57,23.0,33.46393461414318,27.001181413165803
finetune,70,58,23.0,33.29576555140697,27.04260116536028
finetune,70,59,23.0,33.38128387950797,27.180760724417997
finetune,70,60,23.0,33.33085193744618,27.084704386178487
finetune,70,61,24.0,33.84186888083489,27.490723064185666
finetune,70,62,24.0,34.03925837233579,27.770087633009762
finetune,70,63,23.0,33.27927051536398,26.840256640601407
finetune,70,64,24.0,34.03020773049692,27.361663882198563
finetune,70,65,23.0,33.19377489881672,26.85943557878754
finetune,70,66,24.0,33.26168662601401,27.39184610514616
finetune,70,67,24.0,33.10569513473703,26.76292216865946
finetune,70,68,23.0,33.322842141628406,26.97509089544332
finetune,70,69,23.0,33.3567707651194,27.044760250017426
finetune,70,70,24.0,33.38959983948966,27.108650581845524
finetune,70,71,23.0,32.677629407774944,26.83844410071333
finetune,70,72,24.0,33.32703674121553,27.368933244224024
finetune,70,73,23.0,33.337232803771194,27.06930203501003
finetune,70,74,23.0,33.23217058706804,26.836123415352006
finetune,70,75,23.0,32.86287788230767,26.512068818413045
finetune,70,76,23.0,33.29803568490002,26.88416841090898
finetune,70,77,23.0,33.27697944292978,26.78905780769387
finetune,70,78,23.0,33.29630903806605,27.314968559276405
finetune,70,79,23.0,33.34054574033576,27.351811336081177
finetune,70,80,24.0,32.81562601144163,27.463605714387107
finetune,70,81,23.0,33.31520058998332,27.012066723768438
finetune,70,82,23.0,33.38719994606334,27.065552576675422
finetune,70,83,23.0,33.16818440616717,26.759667101727775
finetune,70,84,23.0,33.310144828191994,27.340105134634175
finetune,70,85,23.0,33.82133346316282,27.179528799303412
finetune,70,86,23.0,32.968651184569545,26.737390264311493
finetune,70,87,23.0,32.458474528039055,26.310314802185953
finetune,70,88,23.0,33.363690855595934,26.835580077097596
finetune,70,89,23.0,32.88575292543514,26.582475596156534
finetune,70,90,24.0,33.22232101730581,27.224537074745854
finetune,70,91,24.0,33.47078688964814,27.173054011799277
finetune,70,92,24.0,32.878830404921935,27.462078995212636
finetune,70,93,23.0,33.316046013374624,27.412782854368118
finetune,70,94,24.0,33.42754172626847,27.59907013644
finetune,70,95,23.0,33.28778237699162,27.278524138299748
finetune,70,96,23.0,33.36858351470258,27.565650030209536
finetune,70,97,23.0,32.72750358181187,26.622422583865546
finetune,70,98,24.0,33.41446433395493,27.41133327479344
finetune,70,99,23.0,32.75515337836707,26.647122787075048
finetune,70,100,24.0,34.04455253453166,27.913395490137834
finetune,80,1,24.0,33.442780921818006,27.5500950523424
finetune,80,2,23.0,32.70802657029402,26.40792282533339
finetune,80,3,23.0,33.45886810687067,27.148324310552834
finetune,80,4,23.0,33.2967517998701,27.002857272432987
finetune,80,5,23.0,33.17101108367111,27.069952390993176
finetune,80,6,23.0,32.825494516595455,26.675453413487542
finetune,80,7,24.0,33.31866361457837,27.630824146651683
finetune,80,8,24.0,33.40486101461612,27.42991833946311
finetune,80,9,23.0,33.29187746490943,26.671520267522155
finetune,80,10,24.0,33.252658888918475,27.821707592479306
finetune,80,11,23.0,33.4736193268374,27.470285592151424
finetune,80,12,24.0,33.53755009425479,27.54677381315222
finetune,80,13,24.0,33.49365023787622,27.149375036719036
finetune,80,14,24.0,33.88455750587648,27.094225138232627
finetune,80,15,23.0,32.53723341595784,26.526627390951734
finetune,80,16,24.0,32.816289584900424,26.913990917590354
finetune,80,17,23.0,33.17465612747854,26.746167940537365
finetune,80,18,24.0,33.135171017592,26.901542755861133
finetune,80,19,23.0,33.665645837932225,27.32942226929046
finetune,80,20,23.0,33.29375483330239,26.891574336986018
finetune,80,21,24.0,32.97123190314522,28.0160425478939
finetune,80,22,24.0,33.38897343556761,27.42589792106917
finetune,80,23,24.0,33.484719737228474,27.304214923792955
finetune,80,24,24.0,33.840626123571454,27.424484211905884
finetune,80,25,23.0,32.8817461153701,26.519443739396404
finetune,80,26,24.0,32.67006146116553,28.094428992279514
finetune,80,27,23.0,32.67599390193474,26.38895094239593
finetune,80,28,23.0,33.26997214030542,27.309802473063794
finetune,80,29,23.0,32.774877697500756,26.734424795301436
finetune,80,30,24.0,32.80695919367655,27.09433444660939
finetune,80,31,24.0,33.16445678415211,26.976209707200876
finetune,80,32,23.0,32.682699012309634,26.460359323049097
finetune,80,33,24.0,33.396316247861876,26.979741389327483
finetune,80,34,23.0,32.76216693485526,26.25129333977736
finetune,80,35,23.0,33.24958153615687,27.378764916578735
finetune,80,36,23.0,33.300279920719994,26.8114390183726
finetune,80,37,23.0,33.26360002431418,26.884690777454903
finetune,80,38,23.0,33.32034866988069,27.08171051668531
finetune,80,39,23.0,33.30320454431009,27.062660117362185
finetune,80,40,23.0,32.999885185927226,26.777536399379525
finetune,80,41,23.0,32.954559284383755,26.62058233599536
finetune,80,42,23.0,33.307492251880035,27.300316065175387
finetune,80,43,23.0,32.79869348351483,27.35326283917256
finetune,80,44,24.0,33.4310160902995,27.46608127811829
finetune,80,45,23.0,33.23392066670779,27.153790848883453
finetune,80,46,23.0,33.3577607520717,27.499898754151523
finetune,80,47,23.0,32.9096430955197,27.07584025064571
finetune,80,48,23.0,33.28913658782333,27.18258760515061
finetune,80,49,23.0,33.29325300216918,27.094827882521006
finetune,80,50,24.0,32.98048779094518,26.73619281106695
finetune,80,51,23.0,33.233513857553326,27.0220123631275
finetune,80,52,23.0,32.42251912843667,26.43843608317062
finetune,80,53,23.0,33.00031716865837,26.944679927939273
finetune,80,54,23.0,33.20400153108843,26.838192470127918
finetune,80,55,23.0,32.828321352752646,26.538555599190712
finetune,80,56,24.0,33.377058836560586,27.187917778705998
finetune,80,57,23.0,32.948866338114286,27.10766218221984
finetune,80,58,23.0,33.32347427176171,26.84653029349418
finetune,80,59,24.0,32.77036221581824,26.914424494080862
finetune,80,60,23.0,32.73598014280279,26.558065923724648
finetune,80,61,23.0,33.238782402515014,27.02730178792227
finetune,80,62,23.0,32.70545884086774,26.40827510214805
finetune,80,63,23.0,33.21567061604241,27.146742008060333
finetune,80,64,23.0,33.296725443087304,26.94713057676091
finetune,80,65,23.0,33.20061523659758,26.95620955417312
finetune,80,66,24.0,33.00109051165693,26.8093364100885
finetune,80,67,23.0,32.71268993854799,26.481913021374016
finetune,80,68,24.0,33.93344494520669,27.183368115494886
finetune,80,69,24.0,33.2756359132133,27.424334851007572
finetune,80,70,23.0,33.258692702185634,26.94127425432205
finetune,80,71,24.0,32.95680695525119,26.86061865847333
finetune,80,72,23.0,33.291015570317164,27.11408801709201
finetune,80,73,23.0,33.334006049075235,26.936596550257477
finetune,80,74,23.0,33.313958341293215,27.255468445070345
finetune,80,75,23.0,33.439295311832936,26.97066654043837
finetune,80,76,23.0,33.189233115663626,26.794574156075843
finetune,80,77,23.0,32.63883131847743,26.23767057160142
finetune,80,78,22.0,31.932199325200557,26.48849715489073
finetune,80,79,23.0,33.00382071555679,26.828208880830005
finetune,80,80,25.0,33.87198956891542,27.663726516085298
finetune,80,81,23.0,32.65039865062598,26.22429605085184
finetune,80,82,24.0,33.41758786286944,26.990336193784124
finetune,80,83,23.0,32.57702005786357,26.379244741209117
finetune,80,84,23.0,33.442812225848265,27.21597108889601
finetune,80,85,23.0,33.31477334557124,27.012928086109422
finetune,80,86,24.0,33.3993068516881,27.278997846259085
finetune,80,87,24.0,33.37867626404395,27.224394436007053
finetune,80,88,23.0,32.45843430670016,26.402449554554373
finetune,80,89,24.0,32.990149678049654,26.754786640367684
finetune,80,90,24.0,33.832463984750945,27.38726726659901
finetune,80,91,24.0,33.11349010221392,27.29160777265317
finetune,80,92,24.0,33.374950853677426,27.04290077706518
finetune,80,93,23.0,32.625129928678284,26.628230629038192
finetune,80,94,23.0,32.855342719973834,27.200240650758683
finetune,80,95,23.0,33.23152017146926,27.205549669947242
finetune,80,96,24.0,33.54232328595238,27.33951726938788
finetune,80,97,23.0,32.775532953011286,27.298921347788482
finetune,80,98,23.0,33.256584105507464,26.88028876826511
finetune,80,99,23.0,33.297884869327916,26.86487562292251
finetune,80,100,23.0,32.43598446795417,26.28486763302959
finetune,90,1,24.0,33.975933469884374,27.19992453593535
finetune,90,2,23.0,32.60677959031643,26.12950932836216
finetune,90,3,24.0,33.17855258485184,27.42249184568288
finetune,90,4,23.0,33.007421032029605,26.660696503329923
finetune,90,5,24.0,33.04480604335728,27.51939386347128
finetune,90,6,23.0,32.686047107584,26.1035073491368
finetune,90,7,24.0,33.266259502719,27.494883494276145
finetune,90,8,23.0,33.30701520715399,26.96179130912935
finetune,90,9,23.0,33.30659888249458,27.21591089666059
finetune,90,10,23.0,33.33257730909108,26.718048504686465
finetune,90,11,23.0,32.88964264565867,26.83322311515371
finetune,90,12,23.0,32.78273462738514,27.122078216015762
finetune,90,13,23.0,33.23911085852314,26.667310640668425
finetune,90,14,23.0,32.64608699717957,26.324554337496707
finetune,90,15,23.0,32.58014846609402,26.465022076050296
finetune,90,16,23.0,33.268767680492786,27.246536598775076
finetune,90,17,24.0,33.31858500638252,26.859549229150495
finetune,90,18,23.0,32.76081205070159,27.09657686312921
finetune,90,19,23.0,33.614031563902124,27.2645016872218
finetune,90,20,24.0,32.818708356947894,26.761322998962363
finetune,90,21,24.0,33.48075427492898,27.221032235987757
finetune,90,22,23.0,33.238394461047164,27.064856169282113
finetune,90,23,23.0,33.294889777792214,27.093815621363028
finetune,90,24,23.0,33.23954217957655,26.98403405743869
finetune,90,25,23.0,33.27976878092076,26.82175820736954
finetune,90,26,23.0,33.28318079142749,26.65313069996911
finetune,90,27,23.0,32.724734076155165,26.405920290655164
finetune,90,28,23.0,33.274340107155105,27.311984774882966
finetune,90,29,24.0,33.400376642117344,27.5052120838097
finetune,90,30,24.0,32.80270029086389,27.04609088179421
finetune,90,31,23.0,33.44393930649528,27.3629607579277
finetune,90,32,24.0,32.718465047783404,26.90475325234306
finetune,90,33,23.0,32.81280229434226,26.47850245205103
finetune,90,34,23.0,33.32208478004053,27.369309682532652
finetune,90,35,24.0,33.42746932137634,27.367606471692714
finetune,90,36,23.0,32.58887867760275,26.221145801024516
finetune,90,37,23.0,33.232959466875606,27.14956932208952
finetune,90,38,23.0,33.847531128668166,27.57879708886335
finetune,90,39,23.0,33.3016964809053,26.952133118886685
finetune,90,40,23.0,33.320837788359746,26.992918666212233
finetune,90,41,24.0,33.4141375670792,27.1910799570497
finetune,90,42,23.0,33.19147547106862,26.902668268215137
finetune,90,43,24.0,33.380454180347705,27.144916424635717
finetune,90,44,24.0,33.43457418803545,27.26935381885206
finetune,90,45,23.0,33.32359790066848,26.90123623985621
finetune,90,46,24.0,32.95533839755834,27.50921312834195
finetune,90,47,23.0,33.276652656175735,27.09593413748846
finetune,90,48,23.0,33.254661055760494,26.80587751050926
finetune,90,49,23.0,33.32675437237817,27.017468369423
finetune,90,50,23.0,32.78889005662576,26.83036929937784
finetune,90,51,23.0,33.3503343498209,26.856773848100662
finetune,90,52,24.0,33.042333346540495,27.61942019187028
finetune,90,53,24.0,32.93341164010881,26.669582157686513
finetune,90,54,24.0,33.79829881712824,27.214356875420677
finetune,90,55,24.0,32.80554979464355,26.53451084795152
finetune,90,56,23.0,32.63129699658046,26.97348431717927
finetune,90,57,23.0,33.34898276078255,27.00028282999089
finetune,90,58,23.0,32.41685699186686,26.118223843119967
finetune,90,59,23.0,33.004023498743194,26.607675310264135
finetune,90,60,23.0,32.65662723579474,26.61816258852071
finetune,90,61,24.0,32.788940355415946,26.96292736029441
finetune,90,62,23.0,33.260591257265965,27.460646078764825
finetune,90,63,23.0,33.30310285565419,27.296503757045144
finetune,90,64,23.0,33.53478330759998,27.09713939513732
finetune,90,65,24.0,33.05538741577528,26.80715220169264
finetune,90,66,24.0,33.40719404259312,27.131125994507205
finetune,90,67,23.0,32.511674896195174,26.70767902055134
finetune,90,68,23.0,33.33446661042723,26.87645290612289
finetune,90,69,22.0,31.219128554141562,26.148088990625293
finetune,90,70,23.0,33.32989584980347,26.921245613867402
finetune,90,71,24.0,33.315703566963705,27.061365042798197
finetune,90,72,24.0,32.90997953410526,27.68582538909278
finetune,90,73,23.0,33.29737866190844,27.118633510216366
finetune,90,74,23.0,32.81028771477559,26.678926467549008
finetune,90,75,23.0,33.471896664783685,27.00667195411921
finetune,90,76,23.0,33.282471928009734,26.992458954552582
finetune,90,77,23.0,33.224595521654514,27.072873203790092
finetune,90,78,23.0,32.52902783559119,26.289297539544524
finetune,90,79,24.0,33.5165155236545,27.16990102877253
finetune,90,80,23.0,33.22581786688361,26.917986183283073
finetune,90,81,23.0,33.34619463043315,27.1273942862993
finetune,90,82,23.0,33.32375448590567,26.826267359941504
finetune,90,83,24.0,32.59465023912636,26.330298223236994
finetune,90,84,23.0,32.85046524566162,26.831845466080807
finetune,90,85,24.0,33.39665012749708,26.92981204490119
finetune,90,86,23.0,33.00807102181662,26.75871265866267
finetune,90,87,23.0,33.314049441298906,26.761917038337728
finetune,90,88,23.0,32.539212062333945,26.480744894208787
finetune,90,89,24.0,33.76844115110175,27.33816335805765
finetune,90,90,23.0,33.34879424812931,26.851032069381553
finetune,90,91,24.0,33.82405495678586,27.021066751942566
finetune,90,92,23.0,33.430128191568684,26.956563456095974
finetune,90,93,24.0,33.51892771256852,27.066206267388814
finetune,90,94,23.0,33.331717124008435,26.868789722085626
finetune,90,95,23.0,32.829158483487184,26.83292876706825
finetune,90,96,23.0,33.45657231376846,26.994757430259032
finetune,90,97,24.0,33.78584887745394,27.006359072061908
finetune,90,98,24.0,32.92956717000315,26.579971468325017
finetune,90,99,23.0,32.98086544683884,26.915442535167553
finetune,90,100,23.0,32.44746774147607,26.46775371573047
finetune,100,1,23.0,32.941589263992356,27.01084139741352
finetune,100,2,24.0,33.338962995942595,27.282233228271686
finetune,100,3,23.0,32.68638339932145,26.950165747670127
finetune,100,4,24.0,32.82596842814995,27.55595524692998
finetune,100,5,23.0,33.320276926578266,27.160774571444275
finetune,100,6,24.0,33.4256355972385,27.020766215677785
finetune,100,7,24.0,33.7874906657678,26.914153101951005
finetune,100,8,24.0,33.004956938445346,27.931007313784846
finetune,100,9,23.0,32.79165503641884,26.44792182411945
finetune,100,10,23.0,33.32403371184279,27.08944057033497
finetune,100,11,24.0,33.53950799741839,27.478283560673315
finetune,100,12,23.0,33.21019583833361,26.84444271227906
finetune,100,13,23.0,33.511308317644755,26.95844114882365
finetune,100,14,22.0,31.57957941971573,26.10899805415064
finetune,100,15,24.0,33.39736202692543,27.05788205238537
finetune,100,16,24.0,33.47248594070818,27.261253083696303
finetune,100,17,24.0,33.366080495051946,27.482384317729263
finetune,100,18,23.0,33.89096293024073,26.780391420262408
finetune,100,19,23.0,33.26029338235553,26.86542805397171
finetune,100,20,24.0,33.13354346119005,27.557001462354833
finetune,100,21,23.0,33.899690587405345,27.028817751510278
finetune,100,22,23.0,33.284977921303,27.03570251414751
finetune,100,23,23.0,33.42921922383984,27.02335177909431
finetune,100,24,24.0,32.568493651021505,27.427742528440806
finetune,100,25,24.0,33.01148758333746,27.02186669027177
finetune,100,26,23.0,33.2527589905161,26.892730529515756
finetune,100,27,24.0,33.23716786728028,26.686194372261287
finetune,100,28,24.0,33.96837070326194,27.305507195585616
finetune,100,29,24.0,33.52641011252536,27.341570153884522
finetune,100,30,23.0,33.31610471870005,26.98366995915426
finetune,100,31,24.0,32.975827801661815,27.758702474989736
finetune,100,32,24.0,33.61906533410763,27.361575204953674
finetune,100,33,23.0,33.16515394901663,26.792753699341343
finetune,100,34,23.0,33.369790709676586,26.9859917596949
finetune,100,35,24.0,33.36863388253591,27.793923168138186
finetune,100,36,23.0,33.247792925932984,27.060453790714114
finetune,100,37,23.0,32.847155275776494,26.77515133411702
finetune,100,38,23.0,32.632711083721176,26.64504580535942
finetune,100,39,23.0,33.763599881528535,27.162232680595807
finetune,100,40,23.0,33.15507297116397,26.866435311257995
finetune,100,41,23.0,33.37603701647433,27.01592027054497
finetune,100,42,24.0,32.92721440260566,26.588342626226698
finetune,100,43,24.0,33.8351628505422,27.052800223598734
finetune,100,44,23.0,33.29743347978249,27.488419289224275
finetune,100,45,23.0,32.762698898332445,26.55013254357852
finetune,100,46,24.0,32.650357273330414,27.59980852118616
finetune,100,47,23.0,33.37782667470574,26.975576114849158
finetune,100,48,23.0,33.23072428820953,26.824928680606014
finetune,100,49,23.0,33.290816213119804,26.946072442865223
finetune,100,50,23.0,33.00279158387014,26.77542133666484
finetune,100,51,24.0,32.62595961333654,26.360645966336225
finetune,100,52,24.0,33.209610921313136,27.05256061957985
finetune,100,53,24.0,32.71996513984108,26.551918543151498
finetune,100,54,24.0,33.42649876586396,27.181079852278433
finetune,100,55,23.0,32.704946981018445,26.347819411409603
finetune,100,56,24.0,33.27192356316859,27.318524907234707
finetune,100,57,23.0,32.708793792707496,26.630318721069514
finetune,100,58,24.0,33.35993378019761,26.958335736173627
finetune,100,59,23.0,33.24708161351345,26.772450136687283
finetune,100,60,23.0,32.59988467443403,26.881407358409813
finetune,100,61,23.0,33.23805589270323,26.88013506597047
finetune,100,62,23.0,33.32930158131285,27.30597052759241
finetune,100,63,24.0,32.88189210049354,27.65721781652007
finetune,100,64,24.0,32.867846225704604,26.715574681602728
finetune,100,65,24.0,33.394508676620795,26.96785098720859
finetune,100,66,24.0,32.779316382454425,26.808858482819748
finetune,100,67,23.0,33.203708300295396,27.096503273895493
finetune,100,68,24.0,33.95812939953457,27.364685153336264
finetune,100,69,24.0,33.35886289796817,27.56402475196071
finetune,100,70,24.0,33.18072723357831,26.75077652662717
finetune,100,71,23.0,32.54177092014216,26.19837255340821
finetune,100,72,24.0,33.400844951058815,27.094522353887005
finetune,100,73,23.0,32.95303584056881,26.41718916511987
finetune,100,74,23.0,33.2784128154805,26.995945955936726
finetune,100,75,24.0,33.372711956561005,27.040696521374617
finetune,100,76,23.0,32.800504473429996,26.948013307760828
finetune,100,77,24.0,33.30419147543762,27.295546388945915
finetune,100,78,23.0,32.83337559748789,26.577456186524323
finetune,100,79,23.0,33.353176257635525,27.51067492561169
finetune,100,80,23.0,32.70305699930816,26.493938296224236
finetune,100,81,23.0,33.22147565347587,27.304049164176963
finetune,100,82,23.0,33.25559042736017,27.186330496904294
finetune,100,83,23.0,33.30743728884343,27.102879605193277
finetune,100,84,22.0,32.296895953250846,26.13206654717071
finetune,100,85,23.0,33.272512578140336,26.943893320488215
finetune,100,86,23.0,33.26909448068322,26.83682235283045
finetune,100,87,23.0,33.30410998907897,27.15266861059344
finetune,100,88,24.0,33.96505778240244,27.503505949379427
finetune,100,89,23.0,32.66535599030139,26.421802036997352
finetune,100,90,23.0,33.359467412341445,26.947771611410356
finetune,100,91,24.0,32.80929251551317,27.723234893396633
finetune,100,92,24.0,32.91920391919621,26.945262925799334
finetune,100,93,23.0,32.65552719905302,26.521318680762604
finetune,100,94,24.0,33.54525797592744,27.027218207791613
finetune,100,95,23.0,32.63321432841832,26.5262445881288
finetune,100,96,24.0,33.508508008243105,27.432605001458878
finetune,100,97,23.0,32.709062035724926,26.591477419499817
finetune,100,98,24.0,33.96028194220584,27.286452244947263
finetune,100,99,23.0,33.322821775522755,27.078562952294597
finetune,100,100,24.0,33.356999578418005,27.162909222322263
treesa,100,1,32.0,42.64683766931519,35.515678877481875
treesa,100,2,30.0,42.18397980891049,33.242029686653794
treesa,100,3,36.0,51.004823462090506,38.423906575531944
treesa,100,4,33.0,44.074465761103184,34.61649407836975
treesa,100,5,27.0,38.6069004307717,30.477567318813758
treesa,100,6,28.0,38.931383203645375,31.29353818143044
treesa,100,7,33.0,47.02198486273256,35.579208369859266
treesa,100,8,30.0,41.42886559809905,32.166113910935486
treesa,100,9,32.0,42.58538068236202,34.715154193893234
treesa,100,10,30.0,41.47551447055677,33.824836685990775
treesa,100,11,33.0,47.01345209222878,35.26865319994775
treesa,100,12,34.0,44.46720080769942,35.798674619161076
treesa,100,13,34.0,49.01757718619728,36.444311292740025
treesa,100,14,30.0,42.76830637448045,33.40725905655193
treesa,100,15,29.0,38.01396477834901,31.981132167552186
treesa,100,16,28.0,38.912920338306364,31.24906170662931
treesa,100,17,31.0,42.244290492990906,33.58332049778544
treesa,100,18,31.0,44.04983954406742,35.01876329529002
treesa,100,19,34.0,46.021299197183346,36.388482766044724
treesa,100,20,33.0,49.014898650362255,36.01470699680499
treesa,100,21,33.0,44.333285067924784,35.86017753087936
treesa,100,22,34.0,44.19008696013495,35.52016047162714
treesa,100,23,37.0,50.109571679245384,38.64863548571198
treesa,100,24,32.0,44.264322397023065,33.68790286849484
treesa,100,25,34.0,45.26670829788488,36.86452751883057
treesa,100,26,34.0,47.05150765044427,35.43830739409836
treesa,100,27,34.0,46.04754180666666,35.166695472736876
treesa,100,28,31.0,44.37092649541634,33.9766386292408
treesa,100,29,36.0,46.22720486450387,39.04322709532673
treesa,100,30,33.0,43.42384890132205,34.923701828865696
treesa,100,31,34.0,44.08373343148321,36.78149665127715
treesa,100,32,32.0,46.01776053446998,34.8909356995543
treesa,100,33,31.0,42.347405264011904,34.4616841786536
treesa,100,34,35.0,50.007937789460826,37.23738543425352
treesa,100,35,31.0,44.34471843416869,33.46378509039217
treesa,100,36,33.0,41.19457113703208,34.97460866716463
treesa,100,37,34.0,45.07154257777096,36.409025776752166
treesa,100,38,33.0,42.372883259343304,34.94427115070388
treesa,100,39,34.0,46.0592630312827,36.30046488174949
treesa,100,40,29.0,42.15000408098161,31.837551954686433
treesa,100,41,34.0,46.09600203599158,35.850690595569525
treesa,100,42,34.0,49.01218659477548,36.7807627774513
treesa,100,43,36.0,52.02250064035859,38.21533588452098
treesa,100,44,35.0,49.111825453773655,37.91994864741438
treesa,100,45,32.0,44.61100669783002,34.61905152980506
treesa,100,46,37.0,52.003746368736955,38.852352687332214
treesa,100,47,33.0,47.00872840390382,35.66599106474639
treesa,100,48,38.0,49.397944338220235,39.581786299324705
treesa,100,49,31.0,44.06609687710317,34.67820934720718
treesa,100,50,28.0,39.33004308383058,31.306301431797966
treesa,100,51,34.0,47.05525421545578,37.366862662513384
treesa,100,52,35.0,47.20200450539752,37.087352037834535
treesa,100,53,31.0,41.61627606433165,33.298931862483556
treesa,100,54,38.0,51.18170233954464,39.919054693804505
treesa,100,55,28.0,40.454830800420375,31.645154742789682
treesa,100,56,31.0,43.134985136073176,32.97713845725097
treesa,100,57,29.0,41.44514204435458,32.572236864248296
treesa,100,58,33.0,44.36461714520404,34.60010423881195
treesa,100,59,32.0,43.45572536028718,35.84800750746146
treesa,100,60,40.0,51.10046391407291,41.43031111922201
treesa,100,61,32.0,41.43194931426041,33.502618445768185
treesa,100,62,29.0,41.977814487279836,32.53443953504368
treesa,100,63,27.0,37.76481454223395,30.45652429801435
treesa,100,64,31.0,40.92612664476866,32.78545198543777
treesa,100,65,34.0,47.39695433220198,36.726661771170754
treesa,100,66,28.0,39.705566426667595,32.06484816747677
treesa,100,67,33.0,47.01667510172759,35.81189055771665
treesa,100,68,34.0,48.04664405132587,36.58327198717554
treesa,100,69,30.0,41.240924695846175,32.25897354881806
treesa,100,70,32.0,42.76417392337661,33.36639491351958
treesa,100,71,31.0,42.08534850459827,32.637045303739406
treesa,100,72,34.0,48.018405376338485,36.31544867945831
treesa,100,73,28.0,39.511317276037175,31.554160794259246
treesa,100,74,31.0,42.23524280757549,33.88741537049524
treesa,100,75,28.0,40.28108581878906,30.74948299594885
treesa,100,76,38.0,53.00632871166663,40.91604913404494
treesa,100,77,31.0,42.614614224341985,33.07094937610428
treesa,100,78,30.0,42.44800258886977,33.583874430468825
treesa,100,79,35.0,48.01312966569286,36.82314086629361
treesa,100,80,33.0,42.81548275173936,35.20880067207216
treesa,100,81,34.0,46.46639571466447,36.926906238965735
treesa,100,82,27.0,37.447605086884806,30.6626969712489
treesa,100,83,36.0,50.026356557401456,38.31179634937154
treesa,100,84,35.0,48.03525705231256,37.952997733358586
treesa,100,85,31.0,42.73402985606912,33.28944442413991
treesa,100,86,28.0,39.75244516245453,31.891284284530133
treesa,100,87,30.0,43.35216713451571,33.4681639487399
treesa,100,88,35.0,49.03681529963313,37.932920597290654
treesa,100,89,35.0,50.01489583848169,37.4518608161127
treesa,100,90,29.0,40.24468025664602,32.01223251400401
treesa,100,91,34.0,42.56510086329909,35.70406071813165
treesa,100,92,33.0,45.37298556448389,34.63786752836623
treesa,100,93,30.0,39.576238325204194,32.01115833639598
treesa,100,94,38.0,48.05528385497028,39.380156645992145
treesa,100,95,30.0,39.70449419770532,32.52706103402112
treesa,100,96,33.0,44.34788519978985,35.17366600976473
treesa,100,97,31.0,43.18952444924516,32.930790751812744
treesa,100,98,35.0,47.36898113233252,37.23539410008731
treesa,100,99,36.0,50.03014054998683,37.56537130872925
treesa,100,100,31.0,42.35752872174581,33.403011006793896
treesa,200,1,33.0,46.0114445264697,35.04282348357487
treesa,200,2,26.0,36.43305161771549,29.471217012798334
treesa,200,3,29.0,37.69117545979527,31.595134477148537
treesa,200,4,26.0,36.24559094019106,28.971552946502577
treesa,200,5,29.0,39.75719034345519,31.070101092902796
treesa,200,6,29.0,40.10619332507949,31.27213113820735
treesa,200,7,27.0,38.68790083967145,29.797178073899406
treesa,200,8,24.0,33.97519738312309,27.347491839623057
treesa,200,9,26.0,36.9719128282309,29.306676038216153
treesa,200,10,25.0,36.490406034826975,28.882413690808775
treesa,200,11,33.0,44.038808758999245,34.62316766189963
treesa,200,12,26.0,34.86002206635238,27.927257419724974
treesa,200,13,26.0,35.862492602327244,28.918795122008824
treesa,200,14,29.0,40.213719310580224,31.117840708459905
treesa,200,15,32.0,47.001553647874886,34.32517890804304
treesa,200,16,30.0,42.054014734658956,32.566542749819604
treesa,200,17,24.0,35.177347559300806,28.450991723910363
treesa,200,18,25.0,37.50975530142997,28.992437600523303
treesa,200,19,35.0,45.104708039842855,36.46404111396379
treesa,200,20,25.0,36.509634431888294,28.549538585336773
treesa,200,21,26.0,36.98727737533796,29.488470360550277
treesa,200,22,28.0,39.29495171798511,30.954543176415882
treesa,200,23,26.0,37.65645971353205,29.16108016169208
treesa,200,24,28.0,37.46990489276321,30.86837544317727
treesa,200,25,32.0,43.35246488720607,34.248764717580656
treesa,200,26,26.0,36.98404648485087,29.117825092446402
treesa,200,27,24.0,35.050081065615394,28.2285768993178
treesa,200,28,28.0,36.9761937519734,29.89208233412147
treesa,200,29,29.0,40.05201121599517,32.98033976432627
treesa,200,30,31.0,41.0751818836879,33.12840572519443
treesa,200,31,26.0,36.58067527937946,29.776497947473302
treesa,200,32,28.0,37.071882515664015,31.06636839331599
treesa,200,33,26.0,36.02634807217539,29.66586972542434
treesa,200,34,28.0,36.62820896368389,30.37839839117946
treesa,200,35,24.0,36.04741365415531,28.76379890275424
treesa,200,36,30.0,40.07560180470581,32.23098231595386
treesa,200,37,27.0,35.421721268722166,29.775879674816817
treesa,200,38,27.0,38.494919691171724,30.583389043491
treesa,200,39,28.0,37.4795105373367,31.662029292446736
treesa,200,40,26.0,36.5144835693073,28.941703109152737
treesa,200,41,29.0,42.016609176046934,31.238635466352264
treesa,200,42,29.0,39.179475953278505,31.621638985882203
treesa,200,43,28.0,36.508937053967514,29.992369585630854
treesa,200,44,27.0,36.76567990888122,29.232090817678017
treesa,200,45,26.0,35.381587124716305,28.590613014377308
treesa,200,46,26.0,36.106101431606874,28.588495721242907
treesa,200,47,27.0,37.770715907858644,30.74541391335882
treesa,200,48,26.0,36.046980927016136,29.04864656119578
treesa,200,49,27.0,35.979450217312454,29.656412852146982
treesa,200,50,28.0,38.426586054060806,30.76012589325205
treesa,200,51,26.0,36.76673159198264,29.325848188680983
treesa,200,52,27.0,36.00088527913191,29.186242506619852
treesa,200,53,26.0,36.17123461439794,28.626818784745172
treesa,200,54,25.0,35.53220361476695,28.489080255290716
treesa,200,55,26.0,35.73435112882256,29.076049739786257
treesa,200,56,29.0,37.6673025108012,30.651845371263523
treesa,200,57,35.0,43.34945805893144,37.536875649869906
treesa,200,58,27.0,37.063404545426586,29.203824448401395
treesa,200,59,32.0,43.05928719334263,33.744856486414605
treesa,200,60,30.0,41.04221954000926,32.386531334398285
treesa,200,61,30.0,40.03689237742924,31.987373000223908
treesa,200,62,34.0,47.01583476123048,36.38921412586924
treesa,200,63,30.0,39.896224411566386,32.29802346469998
treesa,200,64,33.0,46.014903880043036,35.73763431221323
treesa,200,65,27.0,37.091204531885204,29.640842954990013
treesa,200,66,29.0,39.66521498173524,31.796207204603327
treesa,200,67,25.0,36.407925599190875,28.83939332906533
treesa,200,68,26.0,35.89461059880933,28.403282288936204
treesa,200,69,31.0,44.01668596418016,33.58028669588118
treesa,200,70,29.0,40.06977751085089,31.477219528265287
treesa,200,71,29.0,39.30095976245797,32.280087073614624
treesa,200,72,29.0,40.49117640872071,31.296754823442274
treesa,200,73,24.0,35.07822512276959,28.411031336811053
treesa,200,74,24.0,34.691310677790256,27.542510027369744
treesa,200,75,29.0,39.15391891879181,31.4886517604287
treesa,200,76,28.0,38.10387103807911,30.840120567570132
treesa,200,77,26.0,35.480224727172185,29.210199231206822
treesa,200,78,25.0,35.36758794410965,28.61876695048217
treesa,200,79,28.0,39.142567155762286,30.19659800303721
treesa,200,80,25.0,34.94388443261478,28.797282427833604
treesa,200,81,25.0,35.442506559842094,28.7935175181005
treesa,200,82,30.0,43.02238966209121,32.67104180401122
treesa,200,83,28.0,39.267580062610904,30.460429580893152
treesa,200,84,29.0,40.122245694415554,31.629331063491907
treesa,200,85,30.0,41.11154231277075,32.90766724845787
treesa,200,86,22.0,33.7982326438943,26.70630496901826
treesa,200,87,24.0,35.10723422861491,28.19371102284517
treesa,200,88,25.0,35.47948972350022,27.923709190353385
treesa,200,89,25.0,36.17548004927094,27.960162666802027
treesa,200,90,27.0,36.126432592458094,29.327071744882755
treesa,200,91,27.0,38.256919582783496,29.756685133965995
treesa,200,92,25.0,35.374823769381415,28.688701384332504
treesa,200,93,24.0,35.53409728585642,27.81273121057371
treesa,200,94,26.0,36.40061046872987,28.696333532665157
treesa,200,95,25.0,35.75369445308133,28.440032096336886
treesa,200,96,27.0,37.76133361135456,30.364308043812557
treesa,200,97,34.0,47.00947618021158,36.5581068182412
treesa,200,98,25.0,37.468760097490836,28.944977952606852
treesa,200,99,25.0,34.41974884603181,27.810300451219472
treesa,200,100,27.0,35.613311178768946,30.197778191855818
treesa,300,1,23.0,33.73639340696193,27.249001615847778
treesa,300,2,26.0,36.25274982260887,28.446945345712855
treesa,300,3,26.0,35.08581797400445,29.609027175810045
treesa,300,4,28.0,39.18905734987656,30.50014873764592
treesa,300,5,24.0,33.05131564628697,27.175269663920627
treesa,300,6,28.0,39.15369438383844,30.539671978011338
treesa,300,7,24.0,33.505816603387636,27.36571332973017
treesa,300,8,24.0,33.84306761356447,26.93199440582702
treesa,300,9,25.0,35.41709501540691,27.872250104431085
treesa,300,10,27.0,36.756635959775465,29.699684448840884
treesa,300,11,32.0,46.00613948311529,34.51962761730838
treesa,300,12,25.0,34.829270529109614,27.726983234152556
treesa,300,13,25.0,35.44631175373796,28.259352722122234
treesa,300,14,26.0,35.47275415246157,28.1541679912768
treesa,300,15,26.0,34.421725594444794,28.191384408399355
treesa,300,16,26.0,36.08693481104556,29.887494615379918
treesa,300,17,23.0,33.71002665499307,26.892513576587504
treesa,300,18,27.0,35.75641523433019,29.739832403983478
treesa,300,19,25.0,35.67030157323654,28.029438361025978
treesa,300,20,24.0,35.401288619045005,28.042020991694223
treesa,300,21,27.0,36.325431717236064,30.229437212733483
treesa,300,22,25.0,35.4221589353838,28.77235363872582
treesa,300,23,25.0,34.12318894987118,27.860198713957484
treesa,300,24,27.0,37.19278535394303,30.42689250177011
treesa,300,25,25.0,34.56650345922868,28.06117176205519
treesa,300,26,23.0,32.86047314098891,26.825598903350702
treesa,300,27,25.0,35.62394816297502,27.822322027048813
treesa,300,28,25.0,34.91066643663147,28.494083946234454
treesa,300,29,25.0,35.19344404955642,27.743290989910665
treesa,300,30,24.0,33.58973628066041,27.37632072556727
treesa,300,31,30.0,42.0207298152881,32.01469068469141
treesa,300,32,24.0,34.10255187661559,27.202938094486992
treesa,300,33,24.0,33.800804129205055,27.499102540524163
treesa,300,34,28.0,39.06698847246205,30.397005843067358
treesa,300,35,29.0,39.23322964201992,31.008624122040825
treesa,300,36,24.0,34.531941379767574,27.45881456147408
treesa,300,37,28.0,39.06455820052128,30.290568149441466
treesa,300,38,26.0,35.708502928138586,29.22359819825209
treesa,300,39,26.0,35.2813021418557,29.663140547111066
treesa,300,40,25.0,33.9152469620509,28.328774255524316
treesa,300,41,27.0,35.83625030382093,29.681056288880328
treesa,300,42,25.0,36.15232517261903,27.947620636516817
treesa,300,43,32.0,45.008431047145805,34.46027603073153
treesa,300,44,28.0,39.021363036884765,30.624914145365278
treesa,300,45,25.0,34.83032859751017,27.56478233456144
treesa,300,46,26.0,36.40830699537631,28.899905949861765
treesa,300,47,27.0,35.735096210605924,29.460418889172107
treesa,300,48,25.0,35.10018793607443,28.274635448008226
treesa,300,49,25.0,36.199102603985246,28.00420852159637
treesa,300,50,26.0,36.54803534045964,28.859111115915603
treesa,300,51,26.0,36.40792200255204,28.336747086691805
treesa,300,52,25.0,35.75084034362354,28.314328023485068
treesa,300,53,26.0,36.2338560956432,28.784881952153725
treesa,300,54,26.0,35.119963057891475,28.7527073674188
treesa,300,55,25.0,35.36226745418463,28.611933926905486
treesa,300,56,25.0,34.77315599596148,28.161434060151414
treesa,300,57,32.0,47.004272562461395,35.139937165647936
treesa,300,58,23.0,33.858552188204634,26.967888796211536
treesa,300,59,25.0,34.141386307579985,28.395044727984047
treesa,300,60,28.0,37.12397727620031,31.00564803166113
treesa,300,61,25.0,36.46033543229434,28.2065175790383
treesa,300,62,25.0,35.40057146116177,27.247771987485894
treesa,300,63,23.0,34.008432070903005,27.33582207197273
treesa,300,64,27.0,35.98846401154195,28.975810615692392
treesa,300,65,26.0,37.22861688671965,29.14425790162085
treesa,300,66,25.0,35.29955696494859,27.666504959323202
treesa,300,67,27.0,36.75770941501452,29.802460323495612
treesa,300,68,30.0,42.080213292341135,31.997691720248547
treesa,300,69,26.0,37.08636861612074,28.392359627522907
treesa,300,70,28.0,37.65320231599535,32.28594253869768
treesa,300,71,23.0,34.49529912701757,27.083733924150067
treesa,300,72,25.0,35.30944979921794,28.127497789406338
treesa,300,73,26.0,36.599040420996126,29.597232877236532
treesa,300,74,25.0,35.68227953064783,27.805815956254342
treesa,300,75,24.0,33.85283129204356,27.139093781598
treesa,300,76,25.0,34.092344525937705,28.7368767204689
treesa,300,77,26.0,35.59576180134185,28.777100454681893
treesa,300,78,24.0,33.20304327034673,27.362607338228294
treesa,300,79,26.0,35.633969198680504,29.046187031423614
treesa,300,80,28.0,41.023159457524194,30.98032087137992
treesa,300,81,24.0,34.42320449001686,27.178274846703342
treesa,300,82,24.0,35.436305161314834,27.794553067894647
treesa,300,83,32.0,42.26576616604761,34.33493974535954
treesa,300,84,24.0,33.7327252273107,27.44163012894141
treesa,300,85,28.0,37.60879391825273,30.174871102863282
treesa,300,86,25.0,33.84694860134035,27.250239451220995
treesa,300,87,29.0,41.02121070497271,31.30316493357015
treesa,300,88,25.0,34.49647923470708,28.21805404420874
treesa,300,89,27.0,35.8065867506996,30.416539147527313
treesa,300,90,30.0,41.05486827358122,32.75431736795628
treesa,300,91,23.0,33.2793822610677,26.897701309315597
treesa,300,92,28.0,35.85914280369674,29.99338406658715
treesa,300,93,24.0,32.896761632930534,27.568471516164788
treesa,300,94,29.0,41.10059316510945,31.120692274488352
treesa,300,95,25.0,35.50038063922183,28.382224173728737
treesa,300,96,29.0,41.02408431858692,31.02073879675835
treesa,300,97,24.0,34.33618458233719,27.265517429685374
treesa,300,98,24.0,34.43646907970716,27.494419537456512
treesa,300,99,24.0,33.44109235240042,27.354945406097954
treesa,300,100,24.0,35.44435893465141,27.9619163187771
treesa,400,1,24.0,33.71336741930753,27.400651749922
treesa,400,2,25.0,34.525401176433434,27.656810059807437
treesa,400,3,25.0,34.51362044748792,27.272226816035488
treesa,400,4,27.0,38.05464571791455,29.813927421036166
treesa,400,5,23.0,33.450134568390446,26.754988942882164
treesa,400,6,26.0,35.12913426570467,28.094819936093064
treesa,400,7,25.0,33.707130484217956,28.241047337886876
treesa,400,8,24.0,34.33132247462406,27.5967193192875
treesa,400,9,23.0,32.59964287730515,26.523086233439628
treesa,400,10,26.0,35.7135195744615,27.891385934706705
treesa,400,11,24.0,34.486970144340894,27.67371135397849
treesa,400,12,30.0,44.00553354174068,32.98824657418175
treesa,400,13,27.0,35.84604785673057,29.39199508104623
treesa,400,14,25.0,36.161515757754906,27.984594053097062
treesa,400,15,27.0,37.879064742303605,30.141748532729046
treesa,400,16,25.0,34.73272836454996,27.614756868319372
treesa,400,17,24.0,33.20242651687052,27.610968065669223
treesa,400,18,28.0,36.96115208988222,30.84763990866453
treesa,400,19,28.0,39.0628277167158,30.045877643490567
treesa,400,20,27.0,37.22106925297091,29.23855974545298
treesa,400,21,24.0,33.49193841177258,26.99742091226065
treesa,400,22,26.0,35.900602881635216,28.293746571237058
treesa,400,23,25.0,33.736727816955465,28.0353313658974
treesa,400,24,27.0,36.50033440538263,30.02769104441585
treesa,400,25,24.0,34.14385260357586,27.56040860481734
treesa,400,26,29.0,39.34780298382067,31.363461467485852
treesa,400,27,28.0,36.54287109400523,30.027454141230084
treesa,400,28,24.0,34.22541271143453,26.95399607539941
treesa,400,29,25.0,35.68448691573176,28.355858277838706
treesa,400,30,23.0,33.25806139346955,27.017084867710032
treesa,400,31,25.0,33.92633607042425,28.022196957992378
treesa,400,32,23.0,33.46727742793071,26.925785616965065
treesa,400,33,27.0,37.258940620136414,29.40158266983216
treesa,400,34,25.0,35.271377201347384,27.791852573652058
treesa,400,35,25.0,34.41348719231234,27.712698030020327
treesa,400,36,23.0,33.24435764911958,26.783868340316587
treesa,400,37,23.0,32.8325004333108,26.65979760512923
treesa,400,38,23.0,33.63393507437309,26.749741314808364
treesa,400,39,23.0,33.762795110016214,27.044921300987998
treesa,400,40,27.0,35.74322131977101,29.05991733201336
treesa,400,41,24.0,34.12444698539731,28.571181600534366
treesa,400,42,29.0,38.14966271209298,31.062280302777545
treesa,400,43,25.0,37.065801517125216,28.341175193462735
treesa,400,44,29.0,41.028141219774184,31.93524948587119
treesa,400,45,25.0,33.06084877140091,27.18380583149797
treesa,400,46,26.0,34.80583576003605,28.177557046268376
treesa,400,47,25.0,35.36134859264329,27.779012155096147
treesa,400,48,23.0,33.69351697418318,27.104094117893048
treesa,400,49,24.0,34.75730759175385,27.34866510802314
treesa,400,50,24.0,33.812776015100646,27.761584576087206
treesa,400,51,24.0,33.76131034052682,27.966017320218317
treesa,400,52,28.0,39.24235379069926,31.52045969894869
treesa,400,53,24.0,32.77582281760804,26.709281515354622
treesa,400,54,24.0,34.367253510128904,27.203322114617702
treesa,400,55,28.0,36.98544964265812,31.521993588096244
treesa,400,56,24.0,33.994959325723315,27.738602836098753
treesa,400,57,25.0,34.532744893772865,28.053036622567728
treesa,400,58,24.0,33.87548830610143,26.979863736052447
treesa,400,59,25.0,33.992005974218856,27.480053429475934
treesa,400,60,28.0,38.11281597163856,29.924517046793472
treesa,400,61,27.0,36.283694711667756,29.463483469078184
treesa,400,62,24.0,35.43787771964585,27.65514691857183
treesa,400,63,24.0,34.2646110714457,27.43178159550301
treesa,400,64,26.0,35.743743185780545,28.65518335699243
treesa,400,65,26.0,36.28682462497948,28.404868972240994
treesa,400,66,31.0,44.01041983061587,33.235735863897716
treesa,400,67,24.0,34.46575910993209,26.95046658218887
treesa,400,68,26.0,34.9757359244737,28.07036843491916
treesa,400,69,25.0,34.59384322105204,28.031791983721508
treesa,400,70,25.0,33.828963837836206,27.437752921448944
treesa,400,71,26.0,35.76589982908474,28.905028022703686
treesa,400,72,26.0,35.23513545100134,28.326436220682776
treesa,400,73,23.0,32.913778735055736,26.187138244275463
treesa,400,74,25.0,35.465944094521504,27.594210935156386
treesa,400,75,24.0,34.093144675236,27.40632046363897
treesa,400,76,23.0,32.541141757203505,26.45614298899463
treesa,400,77,29.0,41.0330199131751,31.004442266361547
treesa,400,78,23.0,32.84998461771381,26.277142556027915
treesa,400,79,23.0,33.480580016728176,26.77221401691076
treesa,400,80,24.0,33.53789049914466,27.210226420362215
treesa,400,81,24.0,33.12910489488116,26.577578925964712
treesa,400,82,26.0,36.27087732031097,28.333641052071407
treesa,400,83,24.0,32.88684819608932,27.584426410033235
treesa,400,84,24.0,34.18116410821392,27.390081579190976
treesa,400,85,27.0,39.1566855112503,30.201653220070572
treesa,400,86,25.0,34.6667412699647,28.28000916046593
treesa,400,87,24.0,33.835149232894146,27.607205528325213
treesa,400,88,24.0,34.7063278313538,27.479359312419326
treesa,400,89,24.0,34.275330432673165,27.928260754896133
treesa,400,90,23.0,33.52319409131447,27.241009879688498
treesa,400,91,30.0,39.205222079163846,32.09929282852443
treesa,400,92,28.0,37.691986943650335,30.316322980723193
treesa,400,93,25.0,35.867775318083694,27.95201193696235
treesa,400,94,24.0,33.726513133026174,27.653861261881005
treesa,400,95,24.0,34.201937620155725,27.57865286112401
treesa,400,96,23.0,34.345664414776216,27.33287398165568
treesa,400,97,25.0,34.579983436537944,27.770931127038665
treesa,400,98,24.0,33.90845654912056,26.867857333875047
treesa,400,99,27.0,36.42852453005052,29.28945311860544
treesa,400,100,25.0,34.906465979711925,28.37176143813589
treesa,500,1,24.0,32.92427350803605,27.07750400545338
treesa,500,2,26.0,35.238864958755734,28.343194065916215
treesa,500,3,27.0,37.08640872797043,28.627795476154354
treesa,500,4,26.0,36.65401725603875,28.19338234374348
treesa,500,5,24.0,34.228633351090004,27.078284991872405
treesa,500,6,23.0,33.03866441191036,26.95885520171943
treesa,500,7,24.0,33.55970775099242,27.165798736376036
treesa,500,8,24.0,34.30663087190474,27.055338410242303
treesa,500,9,26.0,34.826360725609774,28.150954247458223
treesa,500,10,23.0,34.2413503714133,27.443333452350558
treesa,500,11,24.0,33.46466855045739,26.84068462008369
treesa,500,12,23.0,32.43590322311213,26.843279550761025
treesa,500,13,24.0,33.917527031080766,27.53838524400432
treesa,500,14,25.0,33.70323964623396,27.524763023970134
treesa,500,15,23.0,32.24445182573705,26.659080370281647
treesa,500,16,32.0,42.07196666215056,34.16188449683613
treesa,500,17,25.0,33.672252370800585,27.74636482343003
treesa,500,18,23.0,33.0560185865252,26.889967454814084
treesa,500,19,25.0,34.75950819226511,27.85001278592166
treesa,500,20,26.0,34.74501170360033,28.816153996711567
treesa,500,21,23.0,33.05180871019195,27.09725660189546
treesa,500,22,32.0,43.02817515927592,33.851993315296795
treesa,500,23,26.0,34.92207806933808,28.54714807797535
treesa,500,24,28.0,36.66415463732911,29.813804909340544
treesa,500,25,28.0,37.712740325827475,30.17061149195807
treesa,500,26,28.0,37.43880737149737,29.879483756226918
treesa,500,27,24.0,33.819406570138845,27.386863918458044
treesa,500,28,27.0,37.21202815796803,29.17085490568505
treesa,500,29,23.0,33.61221867848659,26.739041207918213
treesa,500,30,31.0,41.12077410515356,32.66112403221104
treesa,500,31,24.0,33.94343550365912,27.313942991307886
treesa,500,32,34.0,46.02499596582189,35.49541747130566
treesa,500,33,25.0,35.47314916573464,27.96010777003887
treesa,500,34,29.0,39.22067327751754,31.02579591463429
treesa,500,35,24.0,33.50392640379395,26.759776903973176
treesa,500,36,22.0,32.06893766347028,26.551982241891807
treesa,500,37,29.0,41.062324662852845,31.696977463481957
treesa,500,38,24.0,33.78728179163738,27.21057365317143
treesa,500,39,28.0,39.065333617304994,30.430048034635806
treesa,500,40,27.0,35.54286747369108,29.974278325243116
treesa,500,41,23.0,32.97778145545081,26.784931165020875
treesa,500,42,25.0,34.22620879604674,27.743412421297318
treesa,500,43,25.0,34.315982727013285,27.530684727241503
treesa,500,44,29.0,39.47168084629435,31.395165898513223
treesa,500,45,25.0,36.154354912012806,28.231679125579184
treesa,500,46,24.0,34.49140433921358,26.957180914733193
treesa,500,47,23.0,33.18224076146562,26.582046614182968
treesa,500,48,30.0,38.477822839170024,31.396459852747352
treesa,500,49,26.0,35.43771292714005,29.16150795956973
treesa,500,50,26.0,34.642869574233885,28.358084343705855
treesa,500,51,30.0,39.153065013173254,32.07359614949575
treesa,500,52,22.0,32.40166077844856,26.4692894761263
treesa,500,53,27.0,35.74752285215966,29.719986873436085
treesa,500,54,26.0,36.27374612296508,28.325057959004063
treesa,500,55,26.0,34.916919724696484,29.05100089206887
treesa,500,56,22.0,32.08765294226764,26.445671304048027
treesa,500,57,24.0,33.95282171841857,27.11787375208806
treesa,500,58,24.0,33.300215323102066,26.93092528825994
treesa,500,59,25.0,35.29262188456718,27.39632918251622
treesa,500,60,23.0,33.61322920875681,26.77611866803584
treesa,500,61,30.0,42.01960412701775,32.73836871900492
treesa,500,62,24.0,33.60149403292515,27.323657710490203
treesa,500,63,24.0,35.16317216468937,27.03671168620753
treesa,500,64,25.0,35.36738395293937,28.30678780054521
treesa,500,65,30.0,38.79451915425497,31.993492552905984
treesa,500,66,23.0,32.70434223449135,26.395822704468962
treesa,500,67,29.0,39.190770921800144,31.40297551249181
treesa,500,68,29.0,39.21921173116396,31.80191624273301
treesa,500,69,26.0,35.72402588138752,28.207532105132714
treesa,500,70,24.0,33.03789945176579,27.44012547244174
treesa,500,71,24.0,33.26681200646614,26.667007169157767
treesa,500,72,24.0,34.5980788087181,27.068155065306083
treesa,500,73,24.0,35.392362011855,27.63913495830657
treesa,500,74,23.0,32.8380750108896,26.821754850531644
treesa,500,75,24.0,34.43427644481481,27.320162429866045
treesa,500,76,25.0,34.37260183870343,28.122375777695428
treesa,500,77,23.0,34.05197913246851,27.232546480770605
treesa,500,78,23.0,32.505149877446414,26.90934079147716
treesa,500,79,23.0,32.80608501042213,26.817281181279153
treesa,500,80,23.0,33.520224648333134,26.400895116130023
treesa,500,81,25.0,34.45713007537676,28.529591533958254
treesa,500,82,24.0,33.50805787649864,26.647665744578173
treesa,500,83,24.0,34.52437126572348,27.3039510923783
treesa,500,84,26.0,34.31475160742316,28.392337253880033
treesa,500,85,34.0,49.00192212458237,36.79409147228541
treesa,500,86,24.0,33.641976029985656,27.569638140698487
treesa,500,87,28.0,39.06834982413736,30.077343743167578
treesa,500,88,30.0,39.14286797745152,31.823744317585344
treesa,500,89,24.0,33.898776267754656,27.109279616876876
treesa,500,90,27.0,36.29344218150257,29.486364899010486
treesa,500,91,25.0,34.345489234333805,27.36292946522092
treesa,500,92,28.0,36.86808803075762,30.600109671768603
treesa,500,93,27.0,36.51012060231964,29.66487971487982
treesa,500,94,22.0,32.10687160263253,26.938443410028917
treesa,500,95,26.0,35.478530802944825,29.18777476409854
treesa,500,96,26.0,35.621605864400095,28.562218965232788
treesa,500,97,23.0,32.820895679958284,26.580240895977592
treesa,500,98,23.0,33.58359119562251,26.770736409296823
treesa,500,99,26.0,35.24032011805395,27.89557909000836
treesa,500,100,24.0,32.96868022871941,27.228540657191136
treesa,600,1,23.0,32.82087808700593,26.444141657944705
treesa,600,2,24.0,33.42896959017528,27.115537704434644
treesa,600,3,23.0,32.967184339474606,26.92076339146698
treesa,600,4,24.0,33.78210294890917,26.897797401017115
treesa,600,5,24.0,34.46147472507392,27.142907153166533
treesa,600,6,26.0,34.83722847730254,28.76702817293851
treesa,600,7,23.0,33.32364540720801,26.6916856353461
treesa,600,8,25.0,34.12498003696903,28.799696052919067
treesa,600,9,25.0,34.83387133722807,27.393162044357084
treesa,600,10,25.0,34.07897551642587,28.051650699783586
treesa,600,11,22.0,32.459731176915824,26.47227279572594
treesa,600,12,22.0,31.840521406203546,25.812359158723257
treesa,600,13,23.0,32.10058706377504,26.58071382573937
treesa,600,14,23.0,32.99299486452362,26.399714499028605
treesa,600,15,22.0,32.11023003515915,26.63209333460552
treesa,600,16,25.0,34.48560062189361,27.17783286447312
treesa,600,17,23.0,33.22650296605125,26.910880791279908
treesa,600,18,25.0,34.78083421640244,27.483158803858952
treesa,600,19,23.0,33.60303036280756,26.76516086580842
treesa,600,20,24.0,33.156819277129216,26.97385169533276
treesa,600,21,27.0,37.13465142196233,28.836297094815283
treesa,600,22,25.0,35.65903704668437,28.720563804381687
treesa,600,23,26.0,35.03051316615315,28.09759529138292
treesa,600,24,24.0,33.60140329303607,26.822740841214873
treesa,600,25,23.0,33.17073176470486,26.928190638815167
treesa,600,26,23.0,32.668950656058136,26.563133925169414
treesa,600,27,27.0,37.3514721097,29.49174312069838
treesa,600,28,23.0,33.71296727955731,27.421296092808376
treesa,600,29,24.0,33.82783262734383,28.135066981634655
treesa,600,30,24.0,33.42749841784103,27.096376112503783
treesa,600,31,30.0,41.02692654448765,31.811132835196656
treesa,600,32,23.0,32.434483598386954,26.199605309823454
treesa,600,33,23.0,32.82126688306417,26.39775509767672
treesa,600,34,23.0,32.50947556349019,26.589413118069285
treesa,600,35,22.0,32.50192028500029,26.468229558613814
treesa,600,36,26.0,34.16453549926115,28.754226309875715
treesa,600,37,24.0,34.383766954974455,27.64844060791532
treesa,600,38,25.0,35.24143585412222,27.35015991763587
treesa,600,39,24.0,33.13550063144831,27.2031179042279
treesa,600,40,24.0,32.803559502756144,27.19847489557523
treesa,600,41,25.0,35.41250859349894,27.478767668007674
treesa,600,42,23.0,33.3545477187916,26.831793192851016
treesa,600,43,24.0,33.20784268687099,27.074561531914274
treesa,600,44,26.0,38.04392482926548,28.98726193811277
treesa,600,45,24.0,34.45788313889033,26.76830987611574
treesa,600,46,24.0,33.845935698887835,26.683620407864495
treesa,600,47,25.0,34.07417865950394,27.493902674283625
treesa,600,48,26.0,34.75369448241627,28.16406898524814
treesa,600,49,23.0,33.90684930216225,26.869308082910518
treesa,600,50,25.0,34.6200817291766,28.13234751273929
treesa,600,51,22.0,32.17666342237029,26.68656340133451
treesa,600,52,23.0,32.56199114524099,26.840548345062608
treesa,600,53,27.0,35.358712230455296,29.72016561429896
treesa,600,54,25.0,34.610231046752524,28.091993083672563
treesa,600,55,25.0,34.8375181235207,27.74588556773718
treesa,600,56,23.0,32.4230757230164,26.715885018501414
treesa,600,57,23.0,32.820258675313106,26.348247603214443
treesa,600,58,24.0,33.440418056379706,26.87900436038168
treesa,600,59,24.0,33.873096127462816,28.007839574462643
treesa,600,60,22.0,32.023954951415305,26.277611539231714
treesa,600,61,23.0,33.544333565885864,26.60217263265239
treesa,600,62,23.0,33.5816059390468,26.632084456978227
treesa,600,63,24.0,34.46797635884207,28.009379832659405
treesa,600,64,23.0,32.03461799662417,26.243804235423543
treesa,600,65,24.0,34.33534810398129,26.883133274026573
treesa,600,66,25.0,34.6991865709664,28.07617458361105
treesa,600,67,29.0,41.02150306858052,31.57997339320497
treesa,600,68,26.0,35.30078093803442,27.78338652744816
treesa,600,69,23.0,32.808619342049504,26.660227100218247
treesa,600,70,26.0,37.05375867022331,28.615375758154137
treesa,600,71,26.0,35.449420501387756,28.59379217021419
treesa,600,72,22.0,32.01513211368163,26.13236799394322
treesa,600,73,25.0,37.03290617940995,28.504085161158727
treesa,600,74,29.0,40.04630641615893,31.257858415572723
treesa,600,75,24.0,32.70231107954622,27.433419659749728
treesa,600,76,23.0,32.20164307354515,26.287530675178374
treesa,600,77,26.0,33.94138622143365,28.68774022974917
treesa,600,78,23.0,33.031827632831785,26.728075723826553
treesa,600,79,26.0,35.63840217225057,28.304503969441274
treesa,600,80,24.0,33.13626507679727,27.054339289942703
treesa,600,81,23.0,33.91319379207136,27.55347194466777
treesa,600,82,27.0,37.1977634150632,28.955275189554797
treesa,600,83,24.0,33.120826443529964,26.817368093196404
treesa,600,84,22.0,31.82627130115235,26.516207915250753
treesa,600,85,25.0,34.62493334003728,28.158299974254312
treesa,600,86,24.0,34.04911430904913,27.630990405368475
treesa,600,87,26.0,35.38532617638599,27.81501022885589
treesa,600,88,26.0,35.5711305743231,28.93225491191085
treesa,600,89,23.0,33.5873217640789,26.569435590907627
treesa,600,90,25.0,33.83183763876683,27.946726735004503
treesa,600,91,22.0,32.295312699719695,26.479271498788467
treesa,600,92,23.0,33.029124753297815,27.044878372491866
treesa,600,93,31.0,43.02271976456698,33.29552840504803
treesa,600,94,25.0,34.03120428291096,27.93087218257548
treesa,600,95,24.0,33.649713901083594,27.380907043540567
treesa,600,96,23.0,33.50257027783938,26.688420899165965
treesa,600,97,25.0,34.73652270475911,27.25360265331943
treesa,600,98,22.0,31.488214571080682,26.507012500596478
treesa,600,99,30.0,42.02207915614303,32.34945997396685
treesa,600,100,23.0,32.843596579170665,26.79288811207973
treesa,700,1,26.0,36.332408057133044,28.391715075230596
treesa,700,2,23.0,33.62853917714309,27.138897611683046
treesa,700,3,25.0,34.32891380816883,27.490696749105496
treesa,700,4,29.0,36.27092320650843,32.889928747335986
treesa,700,5,21.0,32.748948548580515,26.234799070960488
treesa,700,6,23.0,34.20064212717778,27.34940646313887
treesa,700,7,24.0,33.49550909043013,27.024414604999674
treesa,700,8,23.0,33.11735766647483,26.812372147361057
treesa,700,9,27.0,36.55462976184231,30.330127638986355
treesa,700,10,24.0,32.8218541206195,26.68098895880968
treesa,700,11,23.0,32.35574365026027,26.37290960163456
treesa,700,12,24.0,33.74575273293876,27.49488422652888
treesa,700,13,25.0,34.4092228984169,27.114323973437735
treesa,700,14,25.0,34.75666351771374,28.802784015399727
treesa,700,15,24.0,33.7813999883678,27.32152892813274
treesa,700,16,24.0,32.82923192916474,27.28542694005405
treesa,700,17,24.0,33.8123433613721,27.77261522765799
treesa,700,18,23.0,32.896896953445136,26.83110805488624
treesa,700,19,24.0,33.80397388223507,27.266182062574526
treesa,700,20,24.0,33.422624875873645,27.114789893730883
treesa,700,21,29.0,40.053079497879196,31.433559568659305
treesa,700,22,24.0,34.28364840546272,27.118767198921823
treesa,700,23,27.0,36.658434798535225,29.032656545686898
treesa,700,24,24.0,34.271070855971494,27.45973605052881
treesa,700,25,24.0,33.775514610300306,27.501369042871644
treesa,700,26,23.0,33.4688198143444,26.684151195770262
treesa,700,27,28.0,37.53398389070972,31.29788036279306
treesa,700,28,25.0,33.56329607940153,27.393536076564114
treesa,700,29,22.0,31.806032355252956,26.24790859522795
treesa,700,30,23.0,33.356404623185156,26.676518342384934
treesa,700,31,26.0,35.05530849233468,29.580068445283263
treesa,700,32,24.0,34.301440427235505,27.300393156936877
treesa,700,33,23.0,33.41334041372347,27.08186351428518
treesa,700,34,24.0,33.07436297503516,27.568157136540755
treesa,700,35,25.0,34.45313983306728,27.258963943215107
treesa,700,36,24.0,33.12147279013036,27.189647184389166
treesa,700,37,23.0,32.84634680436896,26.89686492127043
treesa,700,38,24.0,33.714028975872765,27.23075016096026
treesa,700,39,23.0,32.74804763012954,27.140044967928464
treesa,700,40,25.0,34.38819249537887,27.43179460030192
treesa,700,41,25.0,35.195376135715826,27.646595918866876
treesa,700,42,24.0,34.493112594119474,27.130432336749713
treesa,700,43,25.0,34.364484712972285,27.808504603965723
treesa,700,44,27.0,37.23123459610041,28.616819500240226
treesa,700,45,23.0,32.247003240077994,27.267921474488237
treesa,700,46,23.0,32.220715502877454,26.555646574296464
treesa,700,47,26.0,34.81611508829399,28.613209442148676
treesa,700,48,25.0,34.55757436801785,27.440157226308667
treesa,700,49,23.0,32.37368116473822,26.798120662695876
treesa,700,50,25.0,36.226636872456226,28.654122119421018
treesa,700,51,23.0,33.43241258579065,26.81550158143329
treesa,700,52,27.0,35.77945780613584,28.97501777199546
treesa,700,53,24.0,33.69259056285158,27.402455320368478
treesa,700,54,25.0,36.16108519475952,28.69425038835122
treesa,700,55,26.0,34.45801013826362,27.861231023956805
treesa,700,56,29.0,39.228456247568616,31.61133255404442
treesa,700,57,23.0,32.922885002030725,26.16755066269692
treesa,700,58,24.0,33.97660079272312,27.573038899731337
treesa,700,59,28.0,38.35193950509696,30.583669704033827
treesa,700,60,25.0,33.136107763331886,27.442992543676272
treesa,700,61,30.0,41.09984825642068,31.551807024633902
treesa,700,62,25.0,34.469099666457296,27.40431017916805
treesa,700,63,24.0,33.78042302202011,26.7545821688013
treesa,700,64,23.0,32.82267307599862,26.352368172491897
treesa,700,65,26.0,35.70983483607381,28.75421598614943
treesa,700,66,23.0,32.6164196792454,26.93450654343004
treesa,700,67,26.0,34.84289309489682,28.744408620900547
treesa,700,68,25.0,33.61453718360323,27.10282331294509
treesa,700,69,26.0,36.256253113753495,28.130701868728913
treesa,700,70,24.0,34.46037873067163,27.641533594192175
treesa,700,71,23.0,32.777429403656384,27.030317598853607
treesa,700,72,29.0,41.01890822026052,31.85186464300118
treesa,700,73,24.0,34.10210719819255,27.363331137122792
treesa,700,74,23.0,33.84712086828695,26.851794628755005
treesa,700,75,24.0,34.30908337146554,27.003211584603758
treesa,700,76,23.0,33.542969763845434,26.426376019187
treesa,700,77,22.0,32.164583792617016,26.46753607130567
treesa,700,78,24.0,33.5701044916952,27.343083175721034
treesa,700,79,23.0,32.6452492648099,26.785279677706775
treesa,700,80,30.0,43.01290918197401,32.84011389957992
treesa,700,81,26.0,38.03286960738023,28.830310561630696
treesa,700,82,24.0,33.78522587155296,27.289431766644736
treesa,700,83,31.0,43.021518518003965,34.20620525538598
treesa,700,84,24.0,33.71724998094514,28.009802626568643
treesa,700,85,24.0,34.57167408924966,27.34334103217891
treesa,700,86,24.0,33.625118436233855,27.746606902895614
treesa,700,87,24.0,32.91951354861396,26.69534973393513
treesa,700,88,22.0,31.92373601230009,26.46471728558806
treesa,700,89,22.0,32.241926996763084,26.239470392074153
treesa,700,90,27.0,36.65330945490201,28.812260078255864
treesa,700,91,25.0,35.37532990560024,27.6556946707758
treesa,700,92,29.0,41.02284448869697,32.033218094930405
treesa,700,93,26.0,35.04954245771076,27.822290854395593
treesa,700,94,23.0,33.34092490290805,26.727537693720127
treesa,700,95,25.0,33.914965224918895,27.587418864569052
treesa,700,96,25.0,35.40216036203408,27.161405433531307
treesa,700,97,24.0,33.379616708364345,27.23073044821225
treesa,700,98,28.0,40.02802732325406,30.486929289424957
treesa,700,99,24.0,33.77062225636952,27.295979871249536
treesa,700,100,25.0,36.227034049042295,28.157710112186347
treesa,800,1,22.0,32.21699475834229,26.549347013457883
treesa,800,2,25.0,34.891999192157265,28.490258582216335
treesa,800,3,23.0,32.5417340730511,27.014864017776834
treesa,800,4,23.0,32.40909909101128,26.43611706351483
treesa,800,5,25.0,33.62215297204594,27.86947182103183
treesa,800,6,22.0,32.714731983159155,26.850650829233604
treesa,800,7,23.0,32.81799833119529,26.511188915500345
treesa,800,8,24.0,32.801529954184474,27.054763890923414
treesa,800,9,25.0,35.438753466171846,28.37053760473916
treesa,800,10,23.0,32.69904855341725,26.223199586477435
treesa,800,11,24.0,34.306829669132966,26.850924039318777
treesa,800,12,23.0,33.54773956429584,26.893239527522024
treesa,800,13,25.0,34.726487724058764,27.636641400421688
treesa,800,14,23.0,32.700123234939255,26.332061055347697
treesa,800,15,24.0,33.27134287799214,26.740102554336737
treesa,800,16,24.0,34.22744293470275,26.899821131515843
treesa,800,17,30.0,42.00940720195083,32.74434457876202
treesa,800,18,24.0,34.30482543208606,27.013587400243814
treesa,800,19,24.0,34.345286478753614,27.192555855152495
treesa,800,20,23.0,32.31718170345617,26.08479612409065
treesa,800,21,24.0,33.62386994663998,27.44328209983364
treesa,800,22,23.0,33.59757380857112,26.559359161366388
treesa,800,23,23.0,32.74796660227145,26.37571008237664
treesa,800,24,24.0,32.886216240664766,27.248800875645024
treesa,800,25,27.0,37.63517888972673,29.92711040338113
treesa,800,26,23.0,32.379534334509444,26.137423561327434
treesa,800,27,23.0,34.307586293737025,26.6744397470038
treesa,800,28,24.0,32.60373641631538,27.155519241662326
treesa,800,29,23.0,33.44093781823477,26.668351944108025
treesa,800,30,25.0,34.25020929213408,27.470807695976923
treesa,800,31,24.0,34.098706377762866,27.40077896235073
treesa,800,32,24.0,34.49856668030997,27.13824987412515
treesa,800,33,25.0,36.090854031414096,28.372012027199542
treesa,800,34,23.0,31.915114995856857,26.42065447318588
treesa,800,35,24.0,32.84854526448186,27.263010197281087
treesa,800,36,25.0,33.63036576200582,28.664245670765848
treesa,800,37,26.0,37.15597484025679,28.888131409543487
treesa,800,38,25.0,34.54525815995977,28.087746741496534
treesa,800,39,24.0,33.70866315748617,26.67480102142977
treesa,800,40,25.0,34.72914040305835,27.818500086664333
treesa,800,41,23.0,32.2028213400373,26.396550349942554
treesa,800,42,26.0,38.04530959977344,29.057935517863132
treesa,800,43,25.0,34.47941414033964,27.886803728863306
treesa,800,44,23.0,32.20267948823361,26.947501427023223
treesa,800,45,30.0,41.10571688815638,33.06531170332025
treesa,800,46,24.0,33.589761579702916,26.853263420924204
treesa,800,47,23.0,32.601855061872044,26.802704628581136
treesa,800,48,23.0,32.9210466241972,26.800997662960658
treesa,800,49,24.0,33.86113680654578,26.910059058576064
treesa,800,50,22.0,32.30420093584055,26.383028611135693
treesa,800,51,24.0,33.05567144304389,27.36821724772606
treesa,800,52,24.0,34.5747551408139,26.939896910799554
treesa,800,53,24.0,33.718394970012326,26.835573427428045
treesa,800,54,27.0,35.83040797605903,29.291835551542555
treesa,800,55,25.0,34.21551290020008,27.55685340227812
treesa,800,56,25.0,33.61249848045882,27.034279803568364
treesa,800,57,25.0,34.54751040553133,28.416334870170928
treesa,800,58,23.0,32.92389637792877,26.38456249217586
treesa,800,59,24.0,33.82630131435876,27.161671984636254
treesa,800,60,24.0,32.700678986938875,26.88039153877971
treesa,800,61,23.0,33.429529160779346,26.780632012144988
treesa,800,62,24.0,33.65498338419494,27.181323228004825
treesa,800,63,28.0,38.09438918542494,29.778236976007307
treesa,800,64,24.0,33.85198653605003,27.497287977637953
treesa,800,65,24.0,33.81853810182518,26.694346554796883
treesa,800,66,27.0,35.67891118781596,28.956735941289153
treesa,800,67,24.0,33.58370563737443,27.049390455129824
treesa,800,68,26.0,34.79466196211959,29.09248995467632
treesa,800,69,23.0,32.54079955803417,26.712023809942423
treesa,800,70,22.0,31.94349675321232,26.698791699370044
treesa,800,71,23.0,32.60876253426846,26.947283637628477
treesa,800,72,24.0,33.508907674375656,26.935678481913968
treesa,800,73,25.0,34.56173371348358,28.0565106031921
treesa,800,74,26.0,38.04264918756766,28.87051634739538
treesa,800,75,24.0,33.61130341374602,26.723487153966452
treesa,800,76,24.0,33.80259882642342,26.800057935711216
treesa,800,77,24.0,33.06211614695743,26.524131853805834
treesa,800,78,25.0,34.40002986270957,28.2316819816992
treesa,800,79,27.0,35.711852736966314,29.293204132499834
treesa,800,80,23.0,33.16882667459117,26.60350810803731
treesa,800,81,23.0,34.33717613371291,26.760462648786273
treesa,800,82,23.0,33.55833523239359,26.73956930063825
treesa,800,83,28.0,37.4669322546772,30.417278532832935
treesa,800,84,23.0,33.52211022064502,26.356794528435255
treesa,800,85,28.0,38.26247782546397,30.806812757754557
treesa,800,86,23.0,32.696159184009844,27.046718899522553
treesa,800,87,25.0,35.39629024848826,28.07340200952619
treesa,800,88,23.0,32.504980914947275,26.563659622048235
treesa,800,89,24.0,33.709038896845634,27.3095116292335
treesa,800,90,24.0,33.314883471918485,27.090202117977427
treesa,800,91,25.0,37.093172682519835,28.218392672436092
treesa,800,92,25.0,34.17406100693983,28.09142559510211
treesa,800,93,23.0,32.72158154099848,26.544738486530623
treesa,800,94,25.0,34.48829281691666,27.804049926198662
treesa,800,95,25.0,33.62424336042596,27.52546569145296
treesa,800,96,25.0,34.65552172192028,27.357349260579717
treesa,800,97,23.0,33.57546755849207,26.63484132918438
treesa,800,98,24.0,34.3541381040904,27.067475669339995
treesa,800,99,24.0,33.149274829624396,27.266870832066765
treesa,800,100,24.0,33.709869209107794,26.94602638062138
treesa,900,1,24.0,34.354393980444236,27.02784508838615
treesa,900,2,25.0,34.49568873163735,27.564331542922464
treesa,900,3,23.0,32.461333614728346,26.575065122538383
treesa,900,4,26.0,35.709487867676664,28.586061320022512
treesa,900,5,24.0,33.621364549953235,27.079964154931012
treesa,900,6,26.0,35.106924383119406,29.080380425375417
treesa,900,7,25.0,34.54838710099616,27.87201346409898
treesa,900,8,22.0,32.14005016160352,26.49027401264606
treesa,900,9,24.0,34.47131283789507,27.008586118858506
treesa,900,10,24.0,33.612407206057554,27.048969713972667
treesa,900,11,25.0,34.7774452903988,28.114382186950213
treesa,900,12,24.0,33.539716444218,27.071880348988405
treesa,900,13,22.0,31.740539660960444,26.291624097867892
treesa,900,14,24.0,33.00583927162189,27.300648284531334
treesa,900,15,24.0,33.77857448676754,27.589963012772333
treesa,900,16,23.0,32.43963412984184,26.438867772743123
treesa,900,17,25.0,35.40849396188055,28.195508221739505
treesa,900,18,26.0,35.227049042280136,28.76779093578056
treesa,900,19,22.0,32.38097333483182,26.500968927955967
treesa,900,20,25.0,34.32111600547012,27.26264941250949
treesa,900,21,24.0,33.59737300581355,27.022614378036472
treesa,900,22,24.0,32.950338798111076,26.986283566982582
treesa,900,23,24.0,34.753085636342746,27.465143278094473
treesa,900,24,27.0,35.731879029201835,29.38895520069563
treesa,900,25,23.0,32.859156728611985,26.91416934676307
treesa,900,26,25.0,33.86250346331386,27.32404903319186
treesa,900,27,25.0,34.01042024297243,28.06531592895197
treesa,900,28,24.0,32.97201340426722,27.28313601047897
treesa,900,29,24.0,32.64751942582472,26.568700160964813
treesa,900,30,23.0,33.58921623315781,26.839193249802747
treesa,900,31,24.0,34.182373585239915,27.663048161675018
treesa,900,32,23.0,32.47296591215726,26.534276563650362
treesa,900,33,23.0,32.683133375373615,27.116234354234884
treesa,900,34,25.0,34.39664961679602,27.51252343521649
treesa,900,35,24.0,33.36874304158175,27.32557476845531
treesa,900,36,23.0,31.919835057453827,26.50088798773675
treesa,900,37,22.0,31.79834173116182,26.240927319967845
treesa,900,38,24.0,33.12125259168401,27.480881850375024
treesa,900,39,24.0,33.9436134817347,26.688936482201026
treesa,900,40,25.0,35.253155949370594,27.495137868718377
treesa,900,41,28.0,35.94782790403486,30.76690941988669
treesa,900,42,23.0,33.5895176543472,26.48511392915937
treesa,900,43,25.0,34.538991033548065,27.963020555379963
treesa,900,44,24.0,33.62644438315955,27.21147582989394
treesa,900,45,24.0,32.87111782940883,26.451080831548996
treesa,900,46,25.0,35.188123137395785,29.0376836460391
treesa,900,47,23.0,32.77364253040872,26.532617792660847
treesa,900,48,24.0,34.16127389836611,27.331103872025306
treesa,900,49,24.0,33.17645392025173,27.1412474748939
treesa,900,50,23.0,32.730867237944096,26.484113900963454
treesa,900,51,25.0,34.54870484632442,28.029119380570155
treesa,900,52,25.0,35.21106435151959,27.829494759551643
treesa,900,53,26.0,34.80649264082869,28.583139461916065
treesa,900,54,23.0,32.9737075545524,26.389567716968838
treesa,900,55,23.0,32.97488033834677,26.596868141507507
treesa,900,56,22.0,31.194474506414693,26.324098585032697
treesa,900,57,29.0,40.050846359679184,31.271708624383294
treesa,900,58,24.0,33.91563431283324,26.732568393441323
treesa,900,59,23.0,33.475399731782595,26.59630265056046
treesa,900,60,23.0,32.71488527860491,26.45107064135785
treesa,900,61,24.0,33.00980954902017,27.081512562629083
treesa,900,62,28.0,36.65002547027475,29.758792631031376
treesa,900,63,22.0,32.42072379712054,26.094850780469457
treesa,900,64,24.0,34.521304533820015,26.963982642164876
treesa,900,65,23.0,32.7880004885143,26.674623358554474
treesa,900,66,23.0,33.710875829492686,26.747878722278305
treesa,900,67,24.0,33.190430935021375,27.230431059805074
treesa,900,68,24.0,33.73108954643995,26.867575435617464
treesa,900,69,28.0,36.67927388058422,30.98715666853883
treesa,900,70,28.0,37.636195222499026,29.622486224129283
treesa,900,71,22.0,31.797634588867908,26.336885341174288
treesa,900,72,23.0,32.643675751062446,26.524301306927477
treesa,900,73,23.0,33.42869348524967,26.618385992387196
treesa,900,74,23.0,32.74266090171167,26.69430319051205
treesa,900,75,24.0,34.395908746622204,27.00290378676663
treesa,900,76,23.0,33.40924099462987,26.999519690749604
treesa,900,77,25.0,34.69587376009844,27.498762449551037
treesa,900,78,23.0,32.51385996852543,26.452406452162382
treesa,900,79,23.0,33.158280441547575,26.93240845796839
treesa,900,80,24.0,33.49545928603212,26.706896702781012
treesa,900,81,23.0,32.37061044017981,26.394422967859832
treesa,900,82,23.0,32.910869353461536,26.85922977206803
treesa,900,83,24.0,33.00442052269464,27.157347812443977
treesa,900,84,24.0,34.363974468807825,27.44446994931692
treesa,900,85,23.0,32.72406530427997,26.388085017197024
treesa,900,86,24.0,33.6261811443979,27.13988404801568
treesa,900,87,22.0,31.716293507719616,26.073192700036028
treesa,900,88,25.0,35.45778088773524,28.294994001544836
treesa,900,89,24.0,33.594449002534574,27.01118897611022
treesa,900,90,22.0,32.06345920978274,26.283133775604764
treesa,900,91,24.0,33.98100946121658,27.18996465432812
treesa,900,92,23.0,32.92351160421172,26.84631928939371
treesa,900,93,23.0,32.95042327051487,26.89679878733428
treesa,900,94,26.0,35.35463314920495,28.567549107521593
treesa,900,95,23.0,32.60914217738219,26.461507846343213
treesa,900,96,23.0,33.70147309123236,26.55399674394898
treesa,900,97,30.0,43.008816256922856,32.579526699400084
treesa,900,98,25.0,33.84401273945667,27.732904621240227
treesa,900,99,25.0,34.50286977617477,27.809936251453017
treesa,900,100,23.0,32.66516942540745,26.469496795343975
treesa,1000,1,22.0,31.929307077318715,26.139704562509152
treesa,1000,2,24.0,33.58654466641252,26.872806076429747
treesa,1000,3,23.0,32.75163877452706,26.60833733250933
treesa,1000,4,24.0,33.56050926008436,27.28684948959339
treesa,1000,5,23.0,33.65934550708436,26.861516548619125
treesa,1000,6,24.0,32.99181381435093,27.156321552049185
treesa,1000,7,26.0,34.80917106489541,28.32738280677139
treesa,1000,8,23.0,33.57431555697373,26.55914183463915
treesa,1000,9,25.0,34.26990381786359,27.78378216493174
treesa,1000,10,26.0,35.81436049815418,28.683422567018294
treesa,1000,11,23.0,32.08387108580451,26.194488362761163
treesa,1000,12,24.0,33.59191909711548,26.83245482639316
treesa,1000,13,24.0,32.97929546091499,26.792336185539416
treesa,1000,14,24.0,33.45931978527142,26.920509271989573
treesa,1000,15,24.0,33.781160352510405,27.37125688430995
treesa,1000,16,23.0,31.926136212813383,26.352027980696977
treesa,1000,17,22.0,32.427249180922864,26.301775177832223
treesa,1000,18,26.0,36.26603057045554,29.981019199915
treesa,1000,19,24.0,34.42353783211648,27.340673136022282
treesa,1000,20,27.0,36.496144200636785,30.11036539412773
treesa,1000,21,24.0,34.45838223048657,26.792955313753126
treesa,1000,22,23.0,32.78544437004282,26.821829963992776
treesa,1000,23,26.0,36.076826732207714,28.83850430555319
treesa,1000,24,31.0,43.016950890480224,33.007284495743846
treesa,1000,25,23.0,32.65744203623864,26.55008274102692
treesa,1000,26,24.0,33.574515020139984,27.018714693642867
treesa,1000,27,23.0,32.25949795966556,26.41350854290749
treesa,1000,28,25.0,35.39375223461499,27.4074023289475
treesa,1000,29,24.0,33.14598004667148,27.208554267005706
treesa,1000,30,24.0,33.18561296077107,27.4072036586303
treesa,1000,31,27.0,35.74149240068248,29.79295699344465
treesa,1000,32,26.0,36.84251633232005,28.559867623365417
treesa,1000,33,22.0,31.50308255407723,26.12103061047332
treesa,1000,34,24.0,34.56553310908312,27.33121932223294
treesa,1000,35,28.0,38.228620209249385,30.486218606664817
treesa,1000,36,23.0,33.54575532349627,26.645238694180502
treesa,1000,37,24.0,33.62738499482287,26.63261269168104
treesa,1000,38,24.0,33.77665690530488,26.92391132187256
treesa,1000,39,23.0,31.70548357164627,26.420742740208187
treesa,1000,40,23.0,32.80750344484858,26.537531048247153
treesa,1000,41,22.0,31.486998425309967,26.676969889766053
treesa,1000,42,25.0,34.33895238444808,27.242390092718114
treesa,1000,43,24.0,32.7245600685497,27.243764193461217
treesa,1000,44,24.0,33.4647473400817,26.742412176246766
treesa,1000,45,25.0,34.75579493567986,27.753191973898844
treesa,1000,46,23.0,33.03944334919767,26.983479133912994
treesa,1000,47,24.0,33.69756389659999,27.261977197717762
treesa,1000,48,24.0,33.09422092704882,26.948464942272874
treesa,1000,49,24.0,34.49212502746313,27.15439834756518
treesa,1000,50,25.0,34.608699791015894,27.67664383794646
treesa,1000,51,27.0,36.37769947253188,28.938720676513984
treesa,1000,52,23.0,32.82527168656632,26.600403118642408
treesa,1000,53,25.0,34.40174438896823,27.143471918423852
treesa,1000,54,27.0,35.76215031486649,28.877230634132165
treesa,1000,55,23.0,32.93507604768116,26.593558261100107
treesa,1000,56,25.0,33.372986495245854,27.49980759810606
treesa,1000,57,24.0,34.22008962211022,27.724558159724136
treesa,1000,58,26.0,36.08457761863457,28.47158757130891
treesa,1000,59,23.0,32.756914572578395,26.789966729051432
treesa,1000,60,24.0,35.28002135169498,28.13690979468055
treesa,1000,61,23.0,33.58310745588332,26.680256104679245
treesa,1000,62,25.0,35.23596456471107,27.48091475304083
treesa,1000,63,24.0,33.650608103477914,26.692082430338495
treesa,1000,64,23.0,32.31948328563394,26.68113902458712
treesa,1000,65,26.0,35.17173309967825,28.16994255789776
treesa,1000,66,25.0,34.74666975514961,27.453020413620646
treesa,1000,67,25.0,34.747151582013856,27.307191452819893
treesa,1000,68,23.0,31.572736454635173,26.52448568566638
treesa,1000,69,23.0,32.1179099337235,25.89137903320575
treesa,1000,70,22.0,31.849452616967568,26.03246001848963
treesa,1000,71,24.0,33.68220130738551,27.36252313332883
treesa,1000,72,24.0,33.09649998924754,26.569924935587274
treesa,1000,73,24.0,32.96805052601992,26.60011780257886
treesa,1000,74,23.0,32.254541516626524,26.602623478241405
treesa,1000,75,24.0,33.717370222034546,27.31274002304979
treesa,1000,76,30.0,43.00758081257707,33.11944115164855
treesa,1000,77,23.0,33.55945425681623,26.59314687027763
treesa,1000,78,23.0,32.68105252992015,26.78265018181803
treesa,1000,79,25.0,33.950921614075504,27.74028894195797
treesa,1000,80,26.0,37.09692195679403,29.833598377073802
treesa,1000,81,23.0,33.46641425121771,26.582291015719008
treesa,1000,82,27.0,35.258232457299805,29.909187616541224
treesa,1000,83,25.0,35.43919110814564,27.61492807710238
treesa,1000,84,23.0,34.33185345153843,26.57105559872722
treesa,1000,85,23.0,32.44595164969872,26.908607050201734
treesa,1000,86,24.0,33.65397209123936,27.505730544268197
treesa,1000,87,23.0,32.45221385012301,26.4095490867614
treesa,1000,88,24.0,34.40462207704593,27.212822324854102
treesa,1000,89,23.0,33.57384046115335,26.625073968111813
treesa,1000,90,23.0,33.40988722026573,26.600302952471885
treesa,1000,91,24.0,33.52393497815636,27.569931228025844
treesa,1000,92,24.0,33.65041647012172,27.025772066245143
treesa,1000,93,25.0,34.3151748711578,27.641559832558514
treesa,1000,94,23.0,32.74694683771303,26.820832251147213
treesa,1000,95,26.0,35.32335535664415,28.75217967227332
treesa,1000,96,24.0,32.873997811286166,26.369810097179055
treesa,1000,97,23.0,32.6474906666229,27.030844445711665
treesa,1000,98,22.0,32.194200824813265,26.607458594756295
treesa,1000,99,25.0,34.85423935286135,27.789537544015836
treesa,1000,100,26.0,34.607806392861264,29.59921449277843
baseline,1,1,22.0,31.390497010535476,26.449544445439063
