WARNING: method definition for slice_dfs at /data/wangyijia/mwis/beyond_mis/hacked_funcs/src/spin_glass_ground_counting.jl:15 declares type variable RT but does not use it.
WARNING: method definition for #slice_dfs_lp#1 at /data/wangyijia/mwis/beyond_mis/hacked_funcs/src/spin_glass_ground_counting.jl:54 declares type variable RT but does not use it.
============================================================
[slice_spin_glass] model=../../hacked_funcs/benchmarks/models/spin_glass_models/nn_pm1/spin_glass_J±1_grid_n=60_seed=7.model  sc_target=31
============================================================
  model_name : spin_glass_J±1_grid_n=60_seed=7_cheating
  family     : j1pm1
  graph_type : grid_Jpm1
  vertices   : 3600
  edges      : 7080
  h_default  : 0.5
  meta       : Dict{String, Any}("model_path" => "/data/wangyijia/mwis/beyond_mis/hacked_funcs/benchmarks/models/spin_glass_models/nn_pm1/spin_glass_J±1_grid_n=60_seed=7.model", "family" => "j1pm1", "sc_target" => 31, "seed" => 7, "h" => 0.5, "n" => 60)
    code seed=1 -> tc=80.09371783534996, sc=61.0, rw=68.53406005374211
    code seed=2 -> tc=79.00672651368107, sc=61.0, rw=68.11971796485439
  best code complexity over seeds [1, 2]: Time complexity: 2^79.00672651368107
Space complexity: 2^61.0
Read-write complexity: 2^68.11971796485439
  branch results root : /data/wangyijia/mwis/beyond_mis/branch_results
  slice subdir        : grid_Jpm1_n=60_seed=7_cheating
Set parameter LicenseID to value 2803191
QIP_gurobi_bound: solver finished in 1.674 s (time_limit=300.0 s, status=OPTIMAL)
[ Info: initial lp_bound: 5408.0
[ Info: slicing branch with sc: 61.0
[ Info: cc.sc: 61.0
region size: 10
QIP_gurobi_bound: solver finished in 1.379 s (time_limit=100.0 s, status=OPTIMAL)
[ Info: slice 1, lp_score: 5401.0, primal_bound: 0.0
QIP_gurobi_bound: solver finished in 1.367 s (time_limit=100.0 s, status=OPTIMAL)
[ Info: slice 2, lp_score: 5408.0, primal_bound: 0.0
QIP_gurobi_bound: solver finished in 1.352 s (time_limit=100.0 s, status=OPTIMAL)
[ Info: slice 3, lp_score: 5405.0, primal_bound: 0.0
[ Info: new_scs: [60, 58, 59]
[ Info: lp_scores: [5408.0, 5405.0, 5401.0]
[ Info: lp_scores: 5401.0
[ Info: lp_scores: 5405.0
[ Info: lp_scores: 5408.0
[ Info: current num of unfinished slices: 3, finished slices: 0
                      ┌                                        ┐ 
                   58 ┤■■■■■■■■■■■■■■■■■■■■■■■■■■■■■■■■■■■■■ 1   
   sc, target = 31 59 ┤■■■■■■■■■■■■■■■■■■■■■■■■■■■■■■■■■■■■■ 1   
                   60 ┤■■■■■■■■■■■■■■■■■■■■■■■■■■■■■■■■■■■■■ 1   
                      └                                        ┘ 
                                     num of slices               
[ Info: slicing branch with sc: 60.0
[ Info: cc.sc: 60.0
region size: 10
QIP_gurobi_bound: solver finished in 1.298 s (time_limit=100.0 s, status=OPTIMAL)
[ Info: slice 1, lp_score: 5408.0, primal_bound: 0.0
QIP_gurobi_bound: solver finished in 1.687 s (time_limit=100.0 s, status=OPTIMAL)
[ Info: slice 2, lp_score: 5407.0, primal_bound: 0.0
[ Info: new_scs: [59, 60]
[ Info: lp_scores: [5408.0, 5407.0]
[ Info: lp_scores: 5407.0
[ Info: lp_scores: 5408.0
[ Info: current num of unfinished slices: 4, finished slices: 0
                      ┌                                        ┐ 
                   58 ┤■■■■■■■■■■■■■■■■■■■ 1                     
   sc, target = 31 59 ┤■■■■■■■■■■■■■■■■■■■■■■■■■■■■■■■■■■■■■ 2   
                   60 ┤■■■■■■■■■■■■■■■■■■■ 1                     
                      └                                        ┘ 
                                     num of slices               
[ Info: slicing branch with sc: 59.0
[ Info: cc.sc: 59.0
region size: 10
QIP_gurobi_bound: solver finished in 1.495 s (time_limit=100.0 s, status=OPTIMAL)
[ Info: slice 1, lp_score: 5408.0, primal_bound: 0.0
QIP_gurobi_bound: solver finished in 1.243 s (time_limit=100.0 s, status=OPTIMAL)
[ Info: slice 2, lp_score: 5408.0, primal_bound: 0.0
QIP_gurobi_bound: solver finished in 1.451 s (time_limit=100.0 s, status=OPTIMAL)
[ Info: slice 3, lp_score: 5407.0, primal_bound: 0.0
[ Info: new_scs: [57, 58, 55]
[ Info: lp_scores: [5408.0, 5408.0, 5407.0]
[ Info: lp_scores: 5407.0
[ Info: lp_scores: 5408.0
[ Info: lp_scores: 5408.0
[ Info: current num of unfinished slices: 6, finished slices: 0
                      ┌                                        ┐ 
                   55 ┤■■■■■■■■■■■■■■■■■■■ 1                     
                   56 ┤ 0                                        
   sc, target = 31 57 ┤■■■■■■■■■■■■■■■■■■■ 1                     
                   58 ┤■■■■■■■■■■■■■■■■■■■■■■■■■■■■■■■■■■■■■ 2   
                   59 ┤■■■■■■■■■■■■■■■■■■■ 1                     
                   60 ┤■■■■■■■■■■■■■■■■■■■ 1                     
                      └                                        ┘ 
                                     num of slices               
[ Info: slicing branch with sc: 57.0
[ Info: cc.sc: 57.0
region size: 10
QIP_gurobi_bound: solver finished in 1.331 s (time_limit=100.0 s, status=OPTIMAL)
[ Info: slice 1, lp_score: 5408.0, primal_bound: 0.0
QIP_gurobi_bound: solver finished in 1.364 s (time_limit=100.0 s, status=OPTIMAL)
[ Info: slice 2, lp_score: 5406.0, primal_bound: 0.0
[ Info: new_scs: [55, 55]
[ Info: lp_scores: [5408.0, 5406.0]
[ Info: lp_scores: 5406.0
[ Info: lp_scores: 5408.0
[ Info: current num of unfinished slices: 7, finished slices: 0
                      ┌                                        ┐ 
                   55 ┤■■■■■■■■■■■■■■■■■■■■■■■■■■■■■■■■■■■■■ 3   
                   56 ┤ 0                                        
   sc, target = 31 57 ┤ 0                                        
                   58 ┤■■■■■■■■■■■■■■■■■■■■■■■■■ 2               
                   59 ┤■■■■■■■■■■■■ 1                            
                   60 ┤■■■■■■■■■■■■ 1                            
                      └                                        ┘ 
                                     num of slices               
[ Info: slicing branch with sc: 55.0
[ Info: cc.sc: 55.0
region size: 10
QIP_gurobi_bound: solver finished in 1.436 s (time_limit=100.0 s, status=OPTIMAL)
[ Info: slice 1, lp_score: 5403.0, primal_bound: 0.0
QIP_gurobi_bound: solver finished in 1.489 s (time_limit=100.0 s, status=OPTIMAL)
[ Info: slice 2, lp_score: 5408.0, primal_bound: 0.0
[ Info: new_scs: [55, 54]
[ Info: lp_scores: [5408.0, 5403.0]
[ Info: lp_scores: 5403.0
[ Info: lp_scores: 5408.0
[ Info: current num of unfinished slices: 8, finished slices: 0
                      ┌                                        ┐ 
                   54 ┤■■■■■■■■■■■■ 1                            
                   55 ┤■■■■■■■■■■■■■■■■■■■■■■■■■■■■■■■■■■■■■ 3   
                   56 ┤ 0                                        
   sc, target = 31 57 ┤ 0                                        
                   58 ┤■■■■■■■■■■■■■■■■■■■■■■■■■ 2               
                   59 ┤■■■■■■■■■■■■ 1                            
                   60 ┤■■■■■■■■■■■■ 1                            
                      └                                        ┘ 
                                     num of slices               
[ Info: slicing branch with sc: 55.0
[ Info: cc.sc: 55.0
region size: 10
QIP_gurobi_bound: solver finished in 1.493 s (time_limit=100.0 s, status=OPTIMAL)
[ Info: slice 1, lp_score: 5408.0, primal_bound: 0.0
QIP_gurobi_bound: solver finished in 1.456 s (time_limit=100.0 s, status=OPTIMAL)
[ Info: slice 2, lp_score: 5407.0, primal_bound: 0.0
[ Info: new_scs: [53, 53]
[ Info: lp_scores: [5408.0, 5407.0]
[ Info: lp_scores: 5407.0
[ Info: lp_scores: 5408.0
[ Info: current num of unfinished slices: 9, finished slices: 0
                      ┌                                        ┐ 
                   53 ┤■■■■■■■■■■■■■■■■■■■■■■■■■■■■■■■■■■■■■ 2   
                   54 ┤■■■■■■■■■■■■■■■■■■■ 1                     
                   55 ┤■■■■■■■■■■■■■■■■■■■■■■■■■■■■■■■■■■■■■ 2   
   sc, target = 31 56 ┤ 0                                        
                   57 ┤ 0                                        
                   58 ┤■■■■■■■■■■■■■■■■■■■■■■■■■■■■■■■■■■■■■ 2   
                   59 ┤■■■■■■■■■■■■■■■■■■■ 1                     
                   60 ┤■■■■■■■■■■■■■■■■■■■ 1                     
                      └                                        ┘ 
                                     num of slices               
[ Info: slicing branch with sc: 53.0
[ Info: cc.sc: 53.0
region size: 10
QIP_gurobi_bound: solver finished in 1.339 s (time_limit=100.0 s, status=OPTIMAL)
[ Info: slice 1, lp_score: 5398.0, primal_bound: 0.0
QIP_gurobi_bound: solver finished in 1.383 s (time_limit=100.0 s, status=OPTIMAL)
[ Info: slice 2, lp_score: 5405.0, primal_bound: 0.0
QIP_gurobi_bound: solver finished in 1.41 s (time_limit=100.0 s, status=OPTIMAL)
[ Info: slice 3, lp_score: 5406.0, primal_bound: 0.0
QIP_gurobi_bound: solver finished in 1.715 s (time_limit=100.0 s, status=OPTIMAL)
[ Info: slice 4, lp_score: 5408.0, primal_bound: 0.0
[ Info: new_scs: [51, 51, 52, 51]
[ Info: lp_scores: [5408.0, 5406.0, 5405.0, 5398.0]
[ Info: lp_scores: 5398.0
[ Info: lp_scores: 5405.0
[ Info: lp_scores: 5406.0
[ Info: lp_scores: 5408.0
[ Info: current num of unfinished slices: 12, finished slices: 0
                      ┌                                        ┐ 
                   51 ┤■■■■■■■■■■■■■■■■■■■■■■■■■■■■■■■■■■■■■ 3   
                   52 ┤■■■■■■■■■■■■ 1                            
                   53 ┤■■■■■■■■■■■■ 1                            
                   54 ┤■■■■■■■■■■■■ 1                            
   sc, target = 31 55 ┤■■■■■■■■■■■■■■■■■■■■■■■■■ 2               
                   56 ┤ 0                                        
                   57 ┤ 0                                        
                   58 ┤■■■■■■■■■■■■■■■■■■■■■■■■■ 2               
                   59 ┤■■■■■■■■■■■■ 1                            
                   60 ┤■■■■■■■■■■■■ 1                            
                      └                                        ┘ 
                                     num of slices               
[ Info: slicing branch with sc: 51.0
[ Info: cc.sc: 51.0
region size: 10
QIP_gurobi_bound: solver finished in 1.506 s (time_limit=100.0 s, status=OPTIMAL)
[ Info: slice 1, lp_score: 5405.0, primal_bound: 0.0
QIP_gurobi_bound: solver finished in 1.331 s (time_limit=100.0 s, status=OPTIMAL)
[ Info: slice 2, lp_score: 5408.0, primal_bound: 0.0
[ Info: new_scs: [51, 51]
[ Info: lp_scores: [5408.0, 5405.0]
[ Info: lp_scores: 5405.0
[ Info: lp_scores: 5408.0
[ Info: current num of unfinished slices: 13, finished slices: 0
                      ┌                                        ┐ 
                   51 ┤■■■■■■■■■■■■■■■■■■■■■■■■■■■■■■■■■■■■■ 4   
                   52 ┤■■■■■■■■■ 1                               
                   53 ┤■■■■■■■■■ 1                               
                   54 ┤■■■■■■■■■ 1                               
   sc, target = 31 55 ┤■■■■■■■■■■■■■■■■■■■ 2                     
                   56 ┤ 0                                        
                   57 ┤ 0                                        
                   58 ┤■■■■■■■■■■■■■■■■■■■ 2                     
                   59 ┤■■■■■■■■■ 1                               
                   60 ┤■■■■■■■■■ 1                               
                      └                                        ┘ 
                                     num of slices               
[ Info: slicing branch with sc: 51.0
[ Info: cc.sc: 51.0
region size: 10
QIP_gurobi_bound: solver finished in 1.323 s (time_limit=100.0 s, status=OPTIMAL)
[ Info: slice 1, lp_score: 5404.0, primal_bound: 0.0
QIP_gurobi_bound: solver finished in 1.336 s (time_limit=100.0 s, status=OPTIMAL)
[ Info: slice 2, lp_score: 5408.0, primal_bound: 0.0
[ Info: new_scs: [51, 51]
[ Info: lp_scores: [5408.0, 5404.0]
[ Info: lp_scores: 5404.0
[ Info: lp_scores: 5408.0
[ Info: current num of unfinished slices: 14, finished slices: 0
                      ┌                                        ┐ 
                   51 ┤■■■■■■■■■■■■■■■■■■■■■■■■■■■■■■■■■■■■■ 5   
                   52 ┤■■■■■■■ 1                                 
                   53 ┤■■■■■■■ 1                                 
                   54 ┤■■■■■■■ 1                                 
   sc, target = 31 55 ┤■■■■■■■■■■■■■■■ 2                         
                   56 ┤ 0                                        
                   57 ┤ 0                                        
                   58 ┤■■■■■■■■■■■■■■■ 2                         
                   59 ┤■■■■■■■ 1                                 
                   60 ┤■■■■■■■ 1                                 
                      └                                        ┘ 
                                     num of slices               
[ Info: slicing branch with sc: 51.0
[ Info: cc.sc: 51.0
region size: 10
QIP_gurobi_bound: solver finished in 1.586 s (time_limit=100.0 s, status=OPTIMAL)
[ Info: slice 1, lp_score: 5404.0, primal_bound: 0.0
QIP_gurobi_bound: solver finished in 1.902 s (time_limit=100.0 s, status=OPTIMAL)
[ Info: slice 2, lp_score: 5408.0, primal_bound: 0.0
QIP_gurobi_bound: solver finished in 1.341 s (time_limit=100.0 s, status=OPTIMAL)
[ Info: slice 3, lp_score: 5406.0, primal_bound: 0.0
[ Info: new_scs: [50, 51, 50]
[ Info: lp_scores: [5408.0, 5406.0, 5404.0]
[ Info: lp_scores: 5404.0
[ Info: lp_scores: 5406.0
[ Info: lp_scores: 5408.0
[ Info: current num of unfinished slices: 16, finished slices: 0
                      ┌                                        ┐ 
                   50 ┤■■■■■■■■■■■■■■■ 2                         
                   51 ┤■■■■■■■■■■■■■■■■■■■■■■■■■■■■■■■■■■■■■ 5   
                   52 ┤■■■■■■■ 1                                 
                   53 ┤■■■■■■■ 1                                 
                   54 ┤■■■■■■■ 1                                 
   sc, target = 31 55 ┤■■■■■■■■■■■■■■■ 2                         
                   56 ┤ 0                                        
                   57 ┤ 0                                        
                   58 ┤■■■■■■■■■■■■■■■ 2                         
                   59 ┤■■■■■■■ 1                                 
                   60 ┤■■■■■■■ 1                                 
                      └                                        ┘ 
                                     num of slices               
[ Info: slicing branch with sc: 50.0
[ Info: cc.sc: 50.0
region size: 10
QIP_gurobi_bound: solver finished in 1.429 s (time_limit=100.0 s, status=OPTIMAL)
[ Info: slice 1, lp_score: 5408.0, primal_bound: 0.0
QIP_gurobi_bound: solver finished in 1.561 s (time_limit=100.0 s, status=OPTIMAL)
[ Info: slice 2, lp_score: 5404.0, primal_bound: 0.0
[ Info: new_scs: [49, 49]
[ Info: lp_scores: [5408.0, 5404.0]
[ Info: lp_scores: 5404.0
[ Info: lp_scores: 5408.0
[ Info: current num of unfinished slices: 17, finished slices: 0
                      ┌                                        ┐ 
                   49 ┤■■■■■■■■■■■■■■■ 2                         
                   50 ┤■■■■■■■ 1                                 
                   51 ┤■■■■■■■■■■■■■■■■■■■■■■■■■■■■■■■■■■■■■ 5   
                   52 ┤■■■■■■■ 1                                 
                   53 ┤■■■■■■■ 1                                 
   sc, target = 31 54 ┤■■■■■■■ 1                                 
                   55 ┤■■■■■■■■■■■■■■■ 2                         
                   56 ┤ 0                                        
                   57 ┤ 0                                        
                   58 ┤■■■■■■■■■■■■■■■ 2                         
                   59 ┤■■■■■■■ 1                                 
                   60 ┤■■■■■■■ 1                                 
                      └                                        ┘ 
                                     num of slices               
[ Info: slicing branch with sc: 49.0
[ Info: cc.sc: 49.0
region size: 10
QIP_gurobi_bound: solver finished in 1.421 s (time_limit=100.0 s, status=OPTIMAL)
[ Info: slice 1, lp_score: 5408.0, primal_bound: 0.0
QIP_gurobi_bound: solver finished in 1.408 s (time_limit=100.0 s, status=OPTIMAL)
[ Info: slice 2, lp_score: 5408.0, primal_bound: 0.0
[ Info: new_scs: [45, 45]
[ Info: lp_scores: [5408.0, 5408.0]
[ Info: lp_scores: 5408.0
[ Info: lp_scores: 5408.0
[ Info: current num of unfinished slices: 18, finished slices: 0
                      ┌                                        ┐ 
                   45 ┤■■■■■■■■■■■■■■■ 2                         
                   46 ┤ 0                                        
                   47 ┤ 0                                        
                   48 ┤ 0                                        
                   49 ┤■■■■■■■ 1                                 
                   50 ┤■■■■■■■ 1                                 
                   51 ┤■■■■■■■■■■■■■■■■■■■■■■■■■■■■■■■■■■■■■ 5   
   sc, target = 31 52 ┤■■■■■■■ 1                                 
                   53 ┤■■■■■■■ 1                                 
                   54 ┤■■■■■■■ 1                                 
                   55 ┤■■■■■■■■■■■■■■■ 2                         
                   56 ┤ 0                                        
                   57 ┤ 0                                        
                   58 ┤■■■■■■■■■■■■■■■ 2                         
                   59 ┤■■■■■■■ 1                                 
                   60 ┤■■■■■■■ 1                                 
                      └                                        ┘ 
                                     num of slices               
[ Info: slicing branch with sc: 45.0
[ Info: cc.sc: 45.0
region size: 10
QIP_gurobi_bound: solver finished in 1.34 s (time_limit=100.0 s, status=OPTIMAL)
[ Info: slice 1, lp_score: 5408.0, primal_bound: 0.0
QIP_gurobi_bound: solver finished in 1.254 s (time_limit=100.0 s, status=OPTIMAL)
[ Info: slice 2, lp_score: 5404.0, primal_bound: 0.0
QIP_gurobi_bound: solver finished in 1.248 s (time_limit=100.0 s, status=OPTIMAL)
[ Info: slice 3, lp_score: 5404.0, primal_bound: 0.0
[ Info: new_scs: [43, 41, 43]
[ Info: lp_scores: [5408.0, 5404.0, 5404.0]
[ Info: lp_scores: 5404.0
[ Info: lp_scores: 5404.0
[ Info: lp_scores: 5408.0
[ Info: current num of unfinished slices: 20, finished slices: 0
                      ┌                                        ┐ 
                   41 ┤■■■■■■■ 1                                 
                   42 ┤ 0                                        
                   43 ┤■■■■■■■■■■■■■■■ 2                         
                   44 ┤ 0                                        
                   45 ┤■■■■■■■ 1                                 
                   46 ┤ 0                                        
                   47 ┤ 0                                        
                   48 ┤ 0                                        
                   49 ┤■■■■■■■ 1                                 
   sc, target = 31 50 ┤■■■■■■■ 1                                 
                   51 ┤■■■■■■■■■■■■■■■■■■■■■■■■■■■■■■■■■■■■■ 5   
                   52 ┤■■■■■■■ 1                                 
                   53 ┤■■■■■■■ 1                                 
                   54 ┤■■■■■■■ 1                                 
                   55 ┤■■■■■■■■■■■■■■■ 2                         
                   56 ┤ 0                                        
                   57 ┤ 0                                        
                   58 ┤■■■■■■■■■■■■■■■ 2                         
                   59 ┤■■■■■■■ 1                                 
                   60 ┤■■■■■■■ 1                                 
                      └                                        ┘ 
                                     num of slices               
[ Info: slicing branch with sc: 43.0
[ Info: cc.sc: 43.0
region size: 10
QIP_gurobi_bound: solver finished in 5.763 s (time_limit=100.0 s, status=OPTIMAL)
[ Info: slice 1, lp_score: 5408.0, primal_bound: 0.0
QIP_gurobi_bound: solver finished in 1.435 s (time_limit=100.0 s, status=OPTIMAL)
[ Info: slice 2, lp_score: 5408.0, primal_bound: 0.0
[ Info: new_scs: [43, 43]
[ Info: lp_scores: [5408.0, 5408.0]
[ Info: lp_scores: 5408.0
[ Info: lp_scores: 5408.0
[ Info: current num of unfinished slices: 21, finished slices: 0
                      ┌                                        ┐ 
                   41 ┤■■■■■■■ 1                                 
                   42 ┤ 0                                        
                   43 ┤■■■■■■■■■■■■■■■■■■■■■■ 3                  
                   44 ┤ 0                                        
                   45 ┤■■■■■■■ 1                                 
                   46 ┤ 0                                        
                   47 ┤ 0                                        
                   48 ┤ 0                                        
                   49 ┤■■■■■■■ 1                                 
   sc, target = 31 50 ┤■■■■■■■ 1                                 
                   51 ┤■■■■■■■■■■■■■■■■■■■■■■■■■■■■■■■■■■■■■ 5   
                   52 ┤■■■■■■■ 1                                 
                   53 ┤■■■■■■■ 1                                 
                   54 ┤■■■■■■■ 1                                 
                   55 ┤■■■■■■■■■■■■■■■ 2                         
                   56 ┤ 0                                        
                   57 ┤ 0                                        
                   58 ┤■■■■■■■■■■■■■■■ 2                         
                   59 ┤■■■■■■■ 1                                 
                   60 ┤■■■■■■■ 1                                 
                      └                                        ┘ 
                                     num of slices               
[ Info: slicing branch with sc: 43.0
[ Info: cc.sc: 43.0
region size: 10
QIP_gurobi_bound: solver finished in 1.336 s (time_limit=100.0 s, status=OPTIMAL)
[ Info: slice 1, lp_score: 5408.0, primal_bound: 0.0
QIP_gurobi_bound: solver finished in 1.284 s (time_limit=100.0 s, status=OPTIMAL)
[ Info: slice 2, lp_score: 5405.0, primal_bound: 0.0
[ Info: new_scs: [41, 41]
[ Info: lp_scores: [5408.0, 5405.0]
[ Info: lp_scores: 5405.0
[ Info: lp_scores: 5408.0
[ Info: current num of unfinished slices: 22, finished slices: 0
                      ┌                                        ┐ 
                   41 ┤■■■■■■■■■■■■■■■■■■■■■■ 3                  
                   42 ┤ 0                                        
                   43 ┤■■■■■■■■■■■■■■■ 2                         
                   44 ┤ 0                                        
                   45 ┤■■■■■■■ 1                                 
                   46 ┤ 0                                        
                   47 ┤ 0                                        
                   48 ┤ 0                                        
                   49 ┤■■■■■■■ 1                                 
   sc, target = 31 50 ┤■■■■■■■ 1                                 
                   51 ┤■■■■■■■■■■■■■■■■■■■■■■■■■■■■■■■■■■■■■ 5   
                   52 ┤■■■■■■■ 1                                 
                   53 ┤■■■■■■■ 1                                 
                   54 ┤■■■■■■■ 1                                 
                   55 ┤■■■■■■■■■■■■■■■ 2                         
                   56 ┤ 0                                        
                   57 ┤ 0                                        
                   58 ┤■■■■■■■■■■■■■■■ 2                         
                   59 ┤■■■■■■■ 1                                 
                   60 ┤■■■■■■■ 1                                 
                      └                                        ┘ 
                                     num of slices               
[ Info: slicing branch with sc: 41.0
[ Info: cc.sc: 41.0
region size: 10
QIP_gurobi_bound: solver finished in 1.408 s (time_limit=100.0 s, status=OPTIMAL)
[ Info: slice 1, lp_score: 5402.0, primal_bound: 0.0
QIP_gurobi_bound: solver finished in 1.269 s (time_limit=100.0 s, status=OPTIMAL)
[ Info: slice 2, lp_score: 5408.0, primal_bound: 0.0
[ Info: new_scs: [41, 41]
[ Info: lp_scores: [5408.0, 5402.0]
[ Info: lp_scores: 5402.0
[ Info: lp_scores: 5408.0
[ Info: current num of unfinished slices: 23, finished slices: 0
                      ┌                                        ┐ 
                   41 ┤■■■■■■■■■■■■■■■■■■■■■■■■■■■■■■ 4          
                   42 ┤ 0                                        
                   43 ┤■■■■■■■■■■■■■■■ 2                         
                   44 ┤ 0                                        
                   45 ┤■■■■■■■ 1                                 
                   46 ┤ 0                                        
                   47 ┤ 0                                        
                   48 ┤ 0                                        
                   49 ┤■■■■■■■ 1                                 
   sc, target = 31 50 ┤■■■■■■■ 1                                 
                   51 ┤■■■■■■■■■■■■■■■■■■■■■■■■■■■■■■■■■■■■■ 5   
                   52 ┤■■■■■■■ 1                                 
                   53 ┤■■■■■■■ 1                                 
                   54 ┤■■■■■■■ 1                                 
                   55 ┤■■■■■■■■■■■■■■■ 2                         
                   56 ┤ 0                                        
                   57 ┤ 0                                        
                   58 ┤■■■■■■■■■■■■■■■ 2                         
                   59 ┤■■■■■■■ 1                                 
                   60 ┤■■■■■■■ 1                                 
                      └                                        ┘ 
                                     num of slices               
[ Info: slicing branch with sc: 41.0
[ Info: cc.sc: 41.0
region size: 10
QIP_gurobi_bound: solver finished in 1.25 s (time_limit=100.0 s, status=OPTIMAL)
[ Info: slice 1, lp_score: 5396.0, primal_bound: 0.0
QIP_gurobi_bound: solver finished in 1.592 s (time_limit=100.0 s, status=OPTIMAL)
[ Info: slice 2, lp_score: 5408.0, primal_bound: 0.0
[ Info: new_scs: [40, 40]
[ Info: lp_scores: [5408.0, 5396.0]
[ Info: lp_scores: 5396.0
[ Info: lp_scores: 5408.0
[ Info: current num of unfinished slices: 24, finished slices: 0
                      ┌                                        ┐ 
                   40 ┤■■■■■■■■■■■■■■■ 2                         
                   41 ┤■■■■■■■■■■■■■■■■■■■■■■ 3                  
                   42 ┤ 0                                        
                   43 ┤■■■■■■■■■■■■■■■ 2                         
                   44 ┤ 0                                        
                   45 ┤■■■■■■■ 1                                 
                   46 ┤ 0                                        
                   47 ┤ 0                                        
                   48 ┤ 0                                        
                   49 ┤■■■■■■■ 1                                 
   sc, target = 31 50 ┤■■■■■■■ 1                                 
                   51 ┤■■■■■■■■■■■■■■■■■■■■■■■■■■■■■■■■■■■■■ 5   
                   52 ┤■■■■■■■ 1                                 
                   53 ┤■■■■■■■ 1                                 
                   54 ┤■■■■■■■ 1                                 
                   55 ┤■■■■■■■■■■■■■■■ 2                         
                   56 ┤ 0                                        
                   57 ┤ 0                                        
                   58 ┤■■■■■■■■■■■■■■■ 2                         
                   59 ┤■■■■■■■ 1                                 
                   60 ┤■■■■■■■ 1                                 
                      └                                        ┘ 
                                     num of slices               
[ Info: slicing branch with sc: 40.0
[ Info: cc.sc: 40.0
region size: 10
QIP_gurobi_bound: solver finished in 1.379 s (time_limit=100.0 s, status=OPTIMAL)
[ Info: slice 1, lp_score: 5408.0, primal_bound: 0.0
[ Info: new_scs: [40]
[ Info: lp_scores: [5408.0]
[ Info: lp_scores: 5408.0
[ Info: current num of unfinished slices: 24, finished slices: 0
                      ┌                                        ┐ 
                   40 ┤■■■■■■■■■■■■■■■ 2                         
                   41 ┤■■■■■■■■■■■■■■■■■■■■■■ 3                  
                   42 ┤ 0                                        
                   43 ┤■■■■■■■■■■■■■■■ 2                         
                   44 ┤ 0                                        
                   45 ┤■■■■■■■ 1                                 
                   46 ┤ 0                                        
                   47 ┤ 0                                        
                   48 ┤ 0                                        
                   49 ┤■■■■■■■ 1                                 
   sc, target = 31 50 ┤■■■■■■■ 1                                 
                   51 ┤■■■■■■■■■■■■■■■■■■■■■■■■■■■■■■■■■■■■■ 5   
                   52 ┤■■■■■■■ 1                                 
                   53 ┤■■■■■■■ 1                                 
                   54 ┤■■■■■■■ 1                                 
                   55 ┤■■■■■■■■■■■■■■■ 2                         
                   56 ┤ 0                                        
                   57 ┤ 0                                        
                   58 ┤■■■■■■■■■■■■■■■ 2                         
                   59 ┤■■■■■■■ 1                                 
                   60 ┤■■■■■■■ 1                                 
                      └                                        ┘ 
                                     num of slices               
[ Info: slicing branch with sc: 40.0
[ Info: cc.sc: 40.0
region size: 10
QIP_gurobi_bound: solver finished in 1.329 s (time_limit=100.0 s, status=OPTIMAL)
[ Info: slice 1, lp_score: 5405.0, primal_bound: 0.0
QIP_gurobi_bound: solver finished in 1.271 s (time_limit=100.0 s, status=OPTIMAL)
[ Info: slice 2, lp_score: 5408.0, primal_bound: 0.0
[ Info: new_scs: [38, 39]
[ Info: lp_scores: [5408.0, 5405.0]
[ Info: lp_scores: 5405.0
[ Info: lp_scores: 5408.0
[ Info: current num of unfinished slices: 25, finished slices: 0
                      ┌                                        ┐ 
                   38 ┤■■■■■■■ 1                                 
                   39 ┤■■■■■■■ 1                                 
                   40 ┤■■■■■■■ 1                                 
                   41 ┤■■■■■■■■■■■■■■■■■■■■■■ 3                  
                   42 ┤ 0                                        
                   43 ┤■■■■■■■■■■■■■■■ 2                         
                   44 ┤ 0                                        
                   45 ┤■■■■■■■ 1                                 
                   46 ┤ 0                                        
                   47 ┤ 0                                        
                   48 ┤ 0                                        
   sc, target = 31 49 ┤■■■■■■■ 1                                 
                   50 ┤■■■■■■■ 1                                 
                   51 ┤■■■■■■■■■■■■■■■■■■■■■■■■■■■■■■■■■■■■■ 5   
                   52 ┤■■■■■■■ 1                                 
                   53 ┤■■■■■■■ 1                                 
                   54 ┤■■■■■■■ 1                                 
                   55 ┤■■■■■■■■■■■■■■■ 2                         
                   56 ┤ 0                                        
                   57 ┤ 0                                        
                   58 ┤■■■■■■■■■■■■■■■ 2                         
                   59 ┤■■■■■■■ 1                                 
                   60 ┤■■■■■■■ 1                                 
                      └                                        ┘ 
                                     num of slices               
[ Info: slicing branch with sc: 38.0
[ Info: cc.sc: 38.0
region size: 10
QIP_gurobi_bound: solver finished in 1.25 s (time_limit=100.0 s, status=OPTIMAL)
[ Info: slice 1, lp_score: 5408.0, primal_bound: 0.0
QIP_gurobi_bound: solver finished in 1.262 s (time_limit=100.0 s, status=OPTIMAL)
[ Info: slice 2, lp_score: 5406.0, primal_bound: 0.0
[ Info: new_scs: [37, 37]
[ Info: lp_scores: [5408.0, 5406.0]
[ Info: lp_scores: 5406.0
[ Info: lp_scores: 5408.0
[ Info: current num of unfinished slices: 26, finished slices: 0
                      ┌                                        ┐ 
                   37 ┤■■■■■■■■■■■■■■■ 2                         
                   38 ┤ 0                                        
                   39 ┤■■■■■■■ 1                                 
                   40 ┤■■■■■■■ 1                                 
                   41 ┤■■■■■■■■■■■■■■■■■■■■■■ 3                  
                   42 ┤ 0                                        
                   43 ┤■■■■■■■■■■■■■■■ 2                         
                   44 ┤ 0                                        
                   45 ┤■■■■■■■ 1                                 
                   46 ┤ 0                                        
                   47 ┤ 0                                        
   sc, target = 31 48 ┤ 0                                        
                   49 ┤■■■■■■■ 1                                 
                   50 ┤■■■■■■■ 1                                 
                   51 ┤■■■■■■■■■■■■■■■■■■■■■■■■■■■■■■■■■■■■■ 5   
                   52 ┤■■■■■■■ 1                                 
                   53 ┤■■■■■■■ 1                                 
                   54 ┤■■■■■■■ 1                                 
                   55 ┤■■■■■■■■■■■■■■■ 2                         
                   56 ┤ 0                                        
                   57 ┤ 0                                        
                   58 ┤■■■■■■■■■■■■■■■ 2                         
                   59 ┤■■■■■■■ 1                                 
                   60 ┤■■■■■■■ 1                                 
                      └                                        ┘ 
                                     num of slices               
[ Info: slicing branch with sc: 37.0
[ Info: cc.sc: 37.0
region size: 10
QIP_gurobi_bound: solver finished in 1.305 s (time_limit=100.0 s, status=OPTIMAL)
[ Info: slice 1, lp_score: 5408.0, primal_bound: 0.0
[ Info: new_scs: [37]
[ Info: lp_scores: [5408.0]
[ Info: lp_scores: 5408.0
[ Info: current num of unfinished slices: 26, finished slices: 0
                      ┌                                        ┐ 
                   37 ┤■■■■■■■■■■■■■■■ 2                         
                   38 ┤ 0                                        
                   39 ┤■■■■■■■ 1                                 
                   40 ┤■■■■■■■ 1                                 
                   41 ┤■■■■■■■■■■■■■■■■■■■■■■ 3                  
                   42 ┤ 0                                        
                   43 ┤■■■■■■■■■■■■■■■ 2                         
                   44 ┤ 0                                        
                   45 ┤■■■■■■■ 1                                 
                   46 ┤ 0                                        
                   47 ┤ 0                                        
   sc, target = 31 48 ┤ 0                                        
                   49 ┤■■■■■■■ 1                                 
                   50 ┤■■■■■■■ 1                                 
                   51 ┤■■■■■■■■■■■■■■■■■■■■■■■■■■■■■■■■■■■■■ 5   
                   52 ┤■■■■■■■ 1                                 
                   53 ┤■■■■■■■ 1                                 
                   54 ┤■■■■■■■ 1                                 
                   55 ┤■■■■■■■■■■■■■■■ 2                         
                   56 ┤ 0                                        
                   57 ┤ 0                                        
                   58 ┤■■■■■■■■■■■■■■■ 2                         
                   59 ┤■■■■■■■ 1                                 
                   60 ┤■■■■■■■ 1                                 
                      └                                        ┘ 
                                     num of slices               
[ Info: slicing branch with sc: 37.0
[ Info: cc.sc: 37.0
region size: 10
QIP_gurobi_bound: solver finished in 1.356 s (time_limit=100.0 s, status=OPTIMAL)
[ Info: slice 1, lp_score: 5408.0, primal_bound: 0.0
QIP_gurobi_bound: solver finished in 1.224 s (time_limit=100.0 s, status=OPTIMAL)
[ Info: slice 2, lp_score: 5405.0, primal_bound: 0.0
[ Info: new_scs: [35, 36]
[ Info: lp_scores: [5408.0, 5405.0]
[ Info: lp_scores: 5405.0
[ Info: lp_scores: 5408.0
[ Info: current num of unfinished slices: 27, finished slices: 0
                      ┌                                        ┐ 
                   35 ┤■■■■■■■ 1                                 
                   36 ┤■■■■■■■ 1                                 
                   37 ┤■■■■■■■ 1                                 
                   38 ┤ 0                                        
                   39 ┤■■■■■■■ 1                                 
                   40 ┤■■■■■■■ 1                                 
                   41 ┤■■■■■■■■■■■■■■■■■■■■■■ 3                  
                   42 ┤ 0                                        
                   43 ┤■■■■■■■■■■■■■■■ 2                         
                   44 ┤ 0                                        
                   45 ┤■■■■■■■ 1                                 
                   46 ┤ 0                                        
   sc, target = 31 47 ┤ 0                                        
                   48 ┤ 0                                        
                   49 ┤■■■■■■■ 1                                 
                   50 ┤■■■■■■■ 1                                 
                   51 ┤■■■■■■■■■■■■■■■■■■■■■■■■■■■■■■■■■■■■■ 5   
                   52 ┤■■■■■■■ 1                                 
                   53 ┤■■■■■■■ 1                                 
                   54 ┤■■■■■■■ 1                                 
                   55 ┤■■■■■■■■■■■■■■■ 2                         
                   56 ┤ 0                                        
                   57 ┤ 0                                        
                   58 ┤■■■■■■■■■■■■■■■ 2                         
                   59 ┤■■■■■■■ 1                                 
                   60 ┤■■■■■■■ 1                                 
                      └                                        ┘ 
                                     num of slices               
[ Info: slicing branch with sc: 35.0
[ Info: cc.sc: 35.0
region size: 10
QIP_gurobi_bound: solver finished in 1.335 s (time_limit=100.0 s, status=OPTIMAL)
[ Info: slice 1, lp_score: 5408.0, primal_bound: 0.0
QIP_gurobi_bound: solver finished in 1.28 s (time_limit=100.0 s, status=OPTIMAL)
[ Info: slice 2, lp_score: 5399.0, primal_bound: 0.0
[ Info: new_scs: [34, 34]
[ Info: lp_scores: [5408.0, 5399.0]
[ Info: lp_scores: 5399.0
[ Info: lp_scores: 5408.0
[ Info: current num of unfinished slices: 28, finished slices: 0
                      ┌                                        ┐ 
                   34 ┤■■■■■■■■■■■■■■■ 2                         
                   35 ┤ 0                                        
                   36 ┤■■■■■■■ 1                                 
                   37 ┤■■■■■■■ 1                                 
                   38 ┤ 0                                        
                   39 ┤■■■■■■■ 1                                 
                   40 ┤■■■■■■■ 1                                 
                   41 ┤■■■■■■■■■■■■■■■■■■■■■■ 3                  
                   42 ┤ 0                                        
                   43 ┤■■■■■■■■■■■■■■■ 2                         
                   44 ┤ 0                                        
                   45 ┤■■■■■■■ 1                                 
                   46 ┤ 0                                        
   sc, target = 31 47 ┤ 0                                        
                   48 ┤ 0                                        
                   49 ┤■■■■■■■ 1                                 
                   50 ┤■■■■■■■ 1                                 
                   51 ┤■■■■■■■■■■■■■■■■■■■■■■■■■■■■■■■■■■■■■ 5   
                   52 ┤■■■■■■■ 1                                 
                   53 ┤■■■■■■■ 1                                 
                   54 ┤■■■■■■■ 1                                 
                   55 ┤■■■■■■■■■■■■■■■ 2                         
                   56 ┤ 0                                        
                   57 ┤ 0                                        
                   58 ┤■■■■■■■■■■■■■■■ 2                         
                   59 ┤■■■■■■■ 1                                 
                   60 ┤■■■■■■■ 1                                 
                      └                                        ┘ 
                                     num of slices               
[ Info: slicing branch with sc: 34.0
[ Info: cc.sc: 34.0
region size: 10
QIP_gurobi_bound: solver finished in 1.33 s (time_limit=100.0 s, status=OPTIMAL)
[ Info: slice 1, lp_score: 5408.0, primal_bound: 0.0
QIP_gurobi_bound: solver finished in 1.329 s (time_limit=100.0 s, status=OPTIMAL)
[ Info: slice 2, lp_score: 5406.0, primal_bound: 0.0
[ Info: new_scs: [34, 34]
[ Info: lp_scores: [5408.0, 5406.0]
[ Info: lp_scores: 5406.0
[ Info: lp_scores: 5408.0
[ Info: current num of unfinished slices: 29, finished slices: 0
                      ┌                                        ┐ 
                   34 ┤■■■■■■■■■■■■■■■■■■■■■■ 3                  
                   35 ┤ 0                                        
                   36 ┤■■■■■■■ 1                                 
                   37 ┤■■■■■■■ 1                                 
                   38 ┤ 0                                        
                   39 ┤■■■■■■■ 1                                 
                   40 ┤■■■■■■■ 1                                 
                   41 ┤■■■■■■■■■■■■■■■■■■■■■■ 3                  
                   42 ┤ 0                                        
                   43 ┤■■■■■■■■■■■■■■■ 2                         
                   44 ┤ 0                                        
                   45 ┤■■■■■■■ 1                                 
                   46 ┤ 0                                        
   sc, target = 31 47 ┤ 0                                        
                   48 ┤ 0                                        
                   49 ┤■■■■■■■ 1                                 
                   50 ┤■■■■■■■ 1                                 
                   51 ┤■■■■■■■■■■■■■■■■■■■■■■■■■■■■■■■■■■■■■ 5   
                   52 ┤■■■■■■■ 1                                 
                   53 ┤■■■■■■■ 1                                 
                   54 ┤■■■■■■■ 1                                 
                   55 ┤■■■■■■■■■■■■■■■ 2                         
                   56 ┤ 0                                        
                   57 ┤ 0                                        
                   58 ┤■■■■■■■■■■■■■■■ 2                         
                   59 ┤■■■■■■■ 1                                 
                   60 ┤■■■■■■■ 1                                 
                      └                                        ┘ 
                                     num of slices               
[ Info: slicing branch with sc: 34.0
[ Info: cc.sc: 34.0
region size: 10
QIP_gurobi_bound: solver finished in 1.263 s (time_limit=100.0 s, status=OPTIMAL)
[ Info: slice 1, lp_score: 5408.0, primal_bound: 0.0
QIP_gurobi_bound: solver finished in 1.332 s (time_limit=100.0 s, status=OPTIMAL)
[ Info: slice 2, lp_score: 5408.0, primal_bound: 0.0
[ Info: new_scs: [33, 33]
[ Info: lp_scores: [5408.0, 5408.0]
[ Info: lp_scores: 5408.0
[ Info: lp_scores: 5408.0
[ Info: current num of unfinished slices: 30, finished slices: 0
                      ┌                                        ┐ 
                   33 ┤■■■■■■■■■■■■■■■ 2                         
                   34 ┤■■■■■■■■■■■■■■■ 2                         
                   35 ┤ 0                                        
                   36 ┤■■■■■■■ 1                                 
                   37 ┤■■■■■■■ 1                                 
                   38 ┤ 0                                        
                   39 ┤■■■■■■■ 1                                 
                   40 ┤■■■■■■■ 1                                 
                   41 ┤■■■■■■■■■■■■■■■■■■■■■■ 3                  
                   42 ┤ 0                                        
                   43 ┤■■■■■■■■■■■■■■■ 2                         
                   44 ┤ 0                                        
                   45 ┤■■■■■■■ 1                                 
   sc, target = 31 46 ┤ 0                                        
                   47 ┤ 0                                        
                   48 ┤ 0                                        
                   49 ┤■■■■■■■ 1                                 
                   50 ┤■■■■■■■ 1                                 
                   51 ┤■■■■■■■■■■■■■■■■■■■■■■■■■■■■■■■■■■■■■ 5   
                   52 ┤■■■■■■■ 1                                 
                   53 ┤■■■■■■■ 1                                 
                   54 ┤■■■■■■■ 1                                 
                   55 ┤■■■■■■■■■■■■■■■ 2                         
                   56 ┤ 0                                        
                   57 ┤ 0                                        
                   58 ┤■■■■■■■■■■■■■■■ 2                         
                   59 ┤■■■■■■■ 1                                 
                   60 ┤■■■■■■■ 1                                 
                      └                                        ┘ 
                                     num of slices               
[ Info: slicing branch with sc: 33.0
[ Info: cc.sc: 33.0
region size: 10
QIP_gurobi_bound: solver finished in 1.24 s (time_limit=100.0 s, status=OPTIMAL)
[ Info: slice 1, lp_score: 5408.0, primal_bound: 0.0
QIP_gurobi_bound: solver finished in 1.276 s (time_limit=100.0 s, status=OPTIMAL)
[ Info: slice 2, lp_score: 5408.0, primal_bound: 0.0
[ Info: new_scs: [33, 33]
[ Info: lp_scores: [5408.0, 5408.0]
[ Info: lp_scores: 5408.0
[ Info: lp_scores: 5408.0
[ Info: current num of unfinished slices: 31, finished slices: 0
                      ┌                                        ┐ 
                   33 ┤■■■■■■■■■■■■■■■■■■■■■■ 3                  
                   34 ┤■■■■■■■■■■■■■■■ 2                         
                   35 ┤ 0                                        
                   36 ┤■■■■■■■ 1                                 
                   37 ┤■■■■■■■ 1                                 
                   38 ┤ 0                                        
                   39 ┤■■■■■■■ 1                                 
                   40 ┤■■■■■■■ 1                                 
                   41 ┤■■■■■■■■■■■■■■■■■■■■■■ 3                  
                   42 ┤ 0                                        
                   43 ┤■■■■■■■■■■■■■■■ 2                         
                   44 ┤ 0                                        
                   45 ┤■■■■■■■ 1                                 
   sc, target = 31 46 ┤ 0                                        
                   47 ┤ 0                                        
                   48 ┤ 0                                        
                   49 ┤■■■■■■■ 1                                 
                   50 ┤■■■■■■■ 1                                 
                   51 ┤■■■■■■■■■■■■■■■■■■■■■■■■■■■■■■■■■■■■■ 5   
                   52 ┤■■■■■■■ 1                                 
                   53 ┤■■■■■■■ 1                                 
                   54 ┤■■■■■■■ 1                                 
                   55 ┤■■■■■■■■■■■■■■■ 2                         
                   56 ┤ 0                                        
                   57 ┤ 0                                        
                   58 ┤■■■■■■■■■■■■■■■ 2                         
                   59 ┤■■■■■■■ 1                                 
                   60 ┤■■■■■■■ 1                                 
                      └                                        ┘ 
                                     num of slices               
[ Info: slicing branch with sc: 33.0
[ Info: cc.sc: 33.0
region size: 10
QIP_gurobi_bound: solver finished in 1.344 s (time_limit=100.0 s, status=OPTIMAL)
[ Info: slice 1, lp_score: 5408.0, primal_bound: 0.0
QIP_gurobi_bound: solver finished in 1.457 s (time_limit=100.0 s, status=OPTIMAL)
[ Info: slice 2, lp_score: 5403.0, primal_bound: 0.0
[ Info: new_scs: [33, 33]
[ Info: lp_scores: [5408.0, 5403.0]
[ Info: lp_scores: 5403.0
[ Info: lp_scores: 5408.0
[ Info: current num of unfinished slices: 32, finished slices: 0
                      ┌                                        ┐ 
                   33 ┤■■■■■■■■■■■■■■■■■■■■■■■■■■■■■■ 4          
                   34 ┤■■■■■■■■■■■■■■■ 2                         
                   35 ┤ 0                                        
                   36 ┤■■■■■■■ 1                                 
                   37 ┤■■■■■■■ 1                                 
                   38 ┤ 0                                        
                   39 ┤■■■■■■■ 1                                 
                   40 ┤■■■■■■■ 1                                 
                   41 ┤■■■■■■■■■■■■■■■■■■■■■■ 3                  
                   42 ┤ 0                                        
                   43 ┤■■■■■■■■■■■■■■■ 2                         
                   44 ┤ 0                                        
                   45 ┤■■■■■■■ 1                                 
   sc, target = 31 46 ┤ 0                                        
                   47 ┤ 0                                        
                   48 ┤ 0                                        
                   49 ┤■■■■■■■ 1                                 
                   50 ┤■■■■■■■ 1                                 
                   51 ┤■■■■■■■■■■■■■■■■■■■■■■■■■■■■■■■■■■■■■ 5   
                   52 ┤■■■■■■■ 1                                 
                   53 ┤■■■■■■■ 1                                 
                   54 ┤■■■■■■■ 1                                 
                   55 ┤■■■■■■■■■■■■■■■ 2                         
                   56 ┤ 0                                        
                   57 ┤ 0                                        
                   58 ┤■■■■■■■■■■■■■■■ 2                         
                   59 ┤■■■■■■■ 1                                 
                   60 ┤■■■■■■■ 1                                 
                      └                                        ┘ 
                                     num of slices               
[ Info: slicing branch with sc: 33.0
[ Info: cc.sc: 33.0
region size: 10
QIP_gurobi_bound: solver finished in 1.235 s (time_limit=100.0 s, status=OPTIMAL)
[ Info: slice 1, lp_score: 5408.0, primal_bound: 0.0
[ Info: new_scs: [32]
[ Info: lp_scores: [5408.0]
[ Info: lp_scores: 5408.0
[ Info: current num of unfinished slices: 32, finished slices: 0
                      ┌                                        ┐ 
                   32 ┤■■■■■■■ 1                                 
                   33 ┤■■■■■■■■■■■■■■■■■■■■■■ 3                  
                   34 ┤■■■■■■■■■■■■■■■ 2                         
                   35 ┤ 0                                        
                   36 ┤■■■■■■■ 1                                 
                   37 ┤■■■■■■■ 1                                 
                   38 ┤ 0                                        
                   39 ┤■■■■■■■ 1                                 
                   40 ┤■■■■■■■ 1                                 
                   41 ┤■■■■■■■■■■■■■■■■■■■■■■ 3                  
                   42 ┤ 0                                        
                   43 ┤■■■■■■■■■■■■■■■ 2                         
                   44 ┤ 0                                        
                   45 ┤■■■■■■■ 1                                 
   sc, target = 31 46 ┤ 0                                        
                   47 ┤ 0                                        
                   48 ┤ 0                                        
                   49 ┤■■■■■■■ 1                                 
                   50 ┤■■■■■■■ 1                                 
                   51 ┤■■■■■■■■■■■■■■■■■■■■■■■■■■■■■■■■■■■■■ 5   
                   52 ┤■■■■■■■ 1                                 
                   53 ┤■■■■■■■ 1                                 
                   54 ┤■■■■■■■ 1                                 
                   55 ┤■■■■■■■■■■■■■■■ 2                         
                   56 ┤ 0                                        
                   57 ┤ 0                                        
                   58 ┤■■■■■■■■■■■■■■■ 2                         
                   59 ┤■■■■■■■ 1                                 
                   60 ┤■■■■■■■ 1                                 
                      └                                        ┘ 
                                     num of slices               
[ Info: slicing branch with sc: 32.0
[ Info: cc.sc: 32.0
region size: 10
QIP_gurobi_bound: solver finished in 1.325 s (time_limit=100.0 s, status=OPTIMAL)
[ Info: slice 1, lp_score: 5408.0, primal_bound: 0.0
QIP_gurobi_bound: solver finished in 1.339 s (time_limit=100.0 s, status=OPTIMAL)
[ Info: slice 2, lp_score: 5406.0, primal_bound: 0.0
[ Info: new_scs: [31, 31]
[ Info: lp_scores: [5408.0, 5406.0]
[ Info: lp_scores: 5406.0
[ Info: lp_scores: 5408.0
[ Info: current num of unfinished slices: 33, finished slices: 0
                      ┌                                        ┐ 
                   31 ┤■■■■■■■■■■■■■■■ 2                         
                   32 ┤ 0                                        
                   33 ┤■■■■■■■■■■■■■■■■■■■■■■ 3                  
                   34 ┤■■■■■■■■■■■■■■■ 2                         
                   35 ┤ 0                                        
                   36 ┤■■■■■■■ 1                                 
                   37 ┤■■■■■■■ 1                                 
                   38 ┤ 0                                        
                   39 ┤■■■■■■■ 1                                 
                   40 ┤■■■■■■■ 1                                 
                   41 ┤■■■■■■■■■■■■■■■■■■■■■■ 3                  
                   42 ┤ 0                                        
                   43 ┤■■■■■■■■■■■■■■■ 2                         
                   44 ┤ 0                                        
   sc, target = 31 45 ┤■■■■■■■ 1                                 
                   46 ┤ 0                                        
                   47 ┤ 0                                        
                   48 ┤ 0                                        
                   49 ┤■■■■■■■ 1                                 
                   50 ┤■■■■■■■ 1                                 
                   51 ┤■■■■■■■■■■■■■■■■■■■■■■■■■■■■■■■■■■■■■ 5   
                   52 ┤■■■■■■■ 1                                 
                   53 ┤■■■■■■■ 1                                 
                   54 ┤■■■■■■■ 1                                 
                   55 ┤■■■■■■■■■■■■■■■ 2                         
                   56 ┤ 0                                        
                   57 ┤ 0                                        
                   58 ┤■■■■■■■■■■■■■■■ 2                         
                   59 ┤■■■■■■■ 1                                 
                   60 ┤■■■■■■■ 1                                 
                      └                                        ┘ 
                                     num of slices               
[ Info: slicing branch with sc: 31.0
  [slice produced] sc=31.0 tc=45.66465581700212 nv=3538 ne=6901 r=73.0
QIP_value_gurobi: solver finished in 1.334 s (time_limit=604800.0 s, status=OPTIMAL)
[ Info: feasible solution: 5408.0, primal bound: 5408.0
[ Info: current num of unfinished slices: 32, finished slices: 1
                      ┌                                        ┐ 
                   31 ┤■■■■■■■ 1                                 
                   32 ┤ 0                                        
                   33 ┤■■■■■■■■■■■■■■■■■■■■■■ 3                  
                   34 ┤■■■■■■■■■■■■■■■ 2                         
                   35 ┤ 0                                        
                   36 ┤■■■■■■■ 1                                 
                   37 ┤■■■■■■■ 1                                 
                   38 ┤ 0                                        
                   39 ┤■■■■■■■ 1                                 
                   40 ┤■■■■■■■ 1                                 
                   41 ┤■■■■■■■■■■■■■■■■■■■■■■ 3                  
                   42 ┤ 0                                        
                   43 ┤■■■■■■■■■■■■■■■ 2                         
                   44 ┤ 0                                        
   sc, target = 31 45 ┤■■■■■■■ 1                                 
                   46 ┤ 0                                        
                   47 ┤ 0                                        
                   48 ┤ 0                                        
                   49 ┤■■■■■■■ 1                                 
                   50 ┤■■■■■■■ 1                                 
                   51 ┤■■■■■■■■■■■■■■■■■■■■■■■■■■■■■■■■■■■■■ 5   
                   52 ┤■■■■■■■ 1                                 
                   53 ┤■■■■■■■ 1                                 
                   54 ┤■■■■■■■ 1                                 
                   55 ┤■■■■■■■■■■■■■■■ 2                         
                   56 ┤ 0                                        
                   57 ┤ 0                                        
                   58 ┤■■■■■■■■■■■■■■■ 2                         
                   59 ┤■■■■■■■ 1                                 
                   60 ┤■■■■■■■ 1                                 
                      └                                        ┘ 
                                     num of slices               
[ Info: slicing branch with sc: 31.0
  [slice produced] sc=31.0 tc=45.65866317128978 nv=3538 ne=6901 r=72.0
QIP_value_gurobi: solver finished in 1.288 s (time_limit=604800.0 s, status=OPTIMAL)
[ Info: feasible solution: 5406.0, primal bound: 5408.0
[ Info: current num of unfinished slices: 31, finished slices: 2
                      ┌                                        ┐ 
                   33 ┤■■■■■■■■■■■■■■■■■■■■■■ 3                  
                   34 ┤■■■■■■■■■■■■■■■ 2                         
                   35 ┤ 0                                        
                   36 ┤■■■■■■■ 1                                 
                   37 ┤■■■■■■■ 1                                 
                   38 ┤ 0                                        
                   39 ┤■■■■■■■ 1                                 
                   40 ┤■■■■■■■ 1                                 
                   41 ┤■■■■■■■■■■■■■■■■■■■■■■ 3                  
                   42 ┤ 0                                        
                   43 ┤■■■■■■■■■■■■■■■ 2                         
                   44 ┤ 0                                        
                   45 ┤■■■■■■■ 1                                 
   sc, target = 31 46 ┤ 0                                        
                   47 ┤ 0                                        
                   48 ┤ 0                                        
                   49 ┤■■■■■■■ 1                                 
                   50 ┤■■■■■■■ 1                                 
                   51 ┤■■■■■■■■■■■■■■■■■■■■■■■■■■■■■■■■■■■■■ 5   
                   52 ┤■■■■■■■ 1                                 
                   53 ┤■■■■■■■ 1                                 
                   54 ┤■■■■■■■ 1                                 
                   55 ┤■■■■■■■■■■■■■■■ 2                         
                   56 ┤ 0                                        
                   57 ┤ 0                                        
                   58 ┤■■■■■■■■■■■■■■■ 2                         
                   59 ┤■■■■■■■ 1                                 
                   60 ┤■■■■■■■ 1                                 
                      └                                        ┘ 
                                     num of slices               
[ Info: slicing branch with sc: 33.0
[ Info: cc.sc: 33.0
region size: 10
tbl0_rows:10 filtered_rows:10
QIP_gurobi_bound: solver finished in 1.294 s (time_limit=100.0 s, status=OPTIMAL)
[ Info: slice 1, lp_score: 5403.0, primal_bound: 5408.0
[ Info: new_scs: Int64[]
[ Info: lp_scores: Float64[]
[ Info: current num of unfinished slices: 30, finished slices: 2
                      ┌                                        ┐ 
                   33 ┤■■■■■■■■■■■■■■■ 2                         
                   34 ┤■■■■■■■■■■■■■■■ 2                         
                   35 ┤ 0                                        
                   36 ┤■■■■■■■ 1                                 
                   37 ┤■■■■■■■ 1                                 
                   38 ┤ 0                                        
                   39 ┤■■■■■■■ 1                                 
                   40 ┤■■■■■■■ 1                                 
                   41 ┤■■■■■■■■■■■■■■■■■■■■■■ 3                  
                   42 ┤ 0                                        
                   43 ┤■■■■■■■■■■■■■■■ 2                         
                   44 ┤ 0                                        
                   45 ┤■■■■■■■ 1                                 
   sc, target = 31 46 ┤ 0                                        
                   47 ┤ 0                                        
                   48 ┤ 0                                        
                   49 ┤■■■■■■■ 1                                 
                   50 ┤■■■■■■■ 1                                 
                   51 ┤■■■■■■■■■■■■■■■■■■■■■■■■■■■■■■■■■■■■■ 5   
                   52 ┤■■■■■■■ 1                                 
                   53 ┤■■■■■■■ 1                                 
                   54 ┤■■■■■■■ 1                                 
                   55 ┤■■■■■■■■■■■■■■■ 2                         
                   56 ┤ 0                                        
                   57 ┤ 0                                        
                   58 ┤■■■■■■■■■■■■■■■ 2                         
                   59 ┤■■■■■■■ 1                                 
                   60 ┤■■■■■■■ 1                                 
                      └                                        ┘ 
                                     num of slices               
[ Info: slicing branch with sc: 33.0
[ Info: cc.sc: 33.0
region size: 10
tbl0_rows:46 filtered_rows:46
QIP_gurobi_bound: solver finished in 1.17 s (time_limit=100.0 s, status=OPTIMAL)
[ Info: slice 1, lp_score: 5408.0, primal_bound: 5408.0
QIP_gurobi_bound: solver finished in 4.099 s (time_limit=100.0 s, status=OPTIMAL)
[ Info: slice 2, lp_score: 5403.0, primal_bound: 5408.0
[ Info: new_scs: [33]
[ Info: lp_scores: [5408.0]
[ Info: lp_scores: 5408.0
[ Info: current num of unfinished slices: 30, finished slices: 2
                      ┌                                        ┐ 
                   33 ┤■■■■■■■■■■■■■■■ 2                         
                   34 ┤■■■■■■■■■■■■■■■ 2                         
                   35 ┤ 0                                        
                   36 ┤■■■■■■■ 1                                 
                   37 ┤■■■■■■■ 1                                 
                   38 ┤ 0                                        
                   39 ┤■■■■■■■ 1                                 
                   40 ┤■■■■■■■ 1                                 
                   41 ┤■■■■■■■■■■■■■■■■■■■■■■ 3                  
                   42 ┤ 0                                        
                   43 ┤■■■■■■■■■■■■■■■ 2                         
                   44 ┤ 0                                        
                   45 ┤■■■■■■■ 1                                 
   sc, target = 31 46 ┤ 0                                        
                   47 ┤ 0                                        
                   48 ┤ 0                                        
                   49 ┤■■■■■■■ 1                                 
                   50 ┤■■■■■■■ 1                                 
                   51 ┤■■■■■■■■■■■■■■■■■■■■■■■■■■■■■■■■■■■■■ 5   
                   52 ┤■■■■■■■ 1                                 
                   53 ┤■■■■■■■ 1                                 
                   54 ┤■■■■■■■ 1                                 
                   55 ┤■■■■■■■■■■■■■■■ 2                         
                   56 ┤ 0                                        
                   57 ┤ 0                                        
                   58 ┤■■■■■■■■■■■■■■■ 2                         
                   59 ┤■■■■■■■ 1                                 
                   60 ┤■■■■■■■ 1                                 
                      └                                        ┘ 
                                     num of slices               
[ Info: slicing branch with sc: 33.0
[ Info: cc.sc: 33.0
region size: 10
tbl0_rows:10 filtered_rows:10
QIP_gurobi_bound: solver finished in 1.586 s (time_limit=100.0 s, status=OPTIMAL)
[ Info: slice 1, lp_score: 5408.0, primal_bound: 5408.0
[ Info: new_scs: [32]
[ Info: lp_scores: [5408.0]
[ Info: lp_scores: 5408.0
[ Info: current num of unfinished slices: 30, finished slices: 2
                      ┌                                        ┐ 
                   32 ┤■■■■■■■ 1                                 
                   33 ┤■■■■■■■ 1                                 
                   34 ┤■■■■■■■■■■■■■■■ 2                         
                   35 ┤ 0                                        
                   36 ┤■■■■■■■ 1                                 
                   37 ┤■■■■■■■ 1                                 
                   38 ┤ 0                                        
                   39 ┤■■■■■■■ 1                                 
                   40 ┤■■■■■■■ 1                                 
                   41 ┤■■■■■■■■■■■■■■■■■■■■■■ 3                  
                   42 ┤ 0                                        
                   43 ┤■■■■■■■■■■■■■■■ 2                         
                   44 ┤ 0                                        
                   45 ┤■■■■■■■ 1                                 
   sc, target = 31 46 ┤ 0                                        
                   47 ┤ 0                                        
                   48 ┤ 0                                        
                   49 ┤■■■■■■■ 1                                 
                   50 ┤■■■■■■■ 1                                 
                   51 ┤■■■■■■■■■■■■■■■■■■■■■■■■■■■■■■■■■■■■■ 5   
                   52 ┤■■■■■■■ 1                                 
                   53 ┤■■■■■■■ 1                                 
                   54 ┤■■■■■■■ 1                                 
                   55 ┤■■■■■■■■■■■■■■■ 2                         
                   56 ┤ 0                                        
                   57 ┤ 0                                        
                   58 ┤■■■■■■■■■■■■■■■ 2                         
                   59 ┤■■■■■■■ 1                                 
                   60 ┤■■■■■■■ 1                                 
                      └                                        ┘ 
                                     num of slices               
[ Info: slicing branch with sc: 32.0
[ Info: cc.sc: 32.0
region size: 10
tbl0_rows:54 filtered_rows:54
QIP_gurobi_bound: solver finished in 1.235 s (time_limit=100.0 s, status=OPTIMAL)
[ Info: slice 1, lp_score: 5408.0, primal_bound: 5408.0
QIP_gurobi_bound: solver finished in 1.434 s (time_limit=100.0 s, status=OPTIMAL)
[ Info: slice 2, lp_score: 5406.0, primal_bound: 5408.0
[ Info: new_scs: [31]
[ Info: lp_scores: [5408.0]
[ Info: lp_scores: 5408.0
[ Info: current num of unfinished slices: 30, finished slices: 2
                      ┌                                        ┐ 
                   31 ┤■■■■■■■ 1                                 
                   32 ┤ 0                                        
                   33 ┤■■■■■■■ 1                                 
                   34 ┤■■■■■■■■■■■■■■■ 2                         
                   35 ┤ 0                                        
                   36 ┤■■■■■■■ 1                                 
                   37 ┤■■■■■■■ 1                                 
                   38 ┤ 0                                        
                   39 ┤■■■■■■■ 1                                 
                   40 ┤■■■■■■■ 1                                 
                   41 ┤■■■■■■■■■■■■■■■■■■■■■■ 3                  
                   42 ┤ 0                                        
                   43 ┤■■■■■■■■■■■■■■■ 2                         
                   44 ┤ 0                                        
   sc, target = 31 45 ┤■■■■■■■ 1                                 
                   46 ┤ 0                                        
                   47 ┤ 0                                        
                   48 ┤ 0                                        
                   49 ┤■■■■■■■ 1                                 
                   50 ┤■■■■■■■ 1                                 
                   51 ┤■■■■■■■■■■■■■■■■■■■■■■■■■■■■■■■■■■■■■ 5   
                   52 ┤■■■■■■■ 1                                 
                   53 ┤■■■■■■■ 1                                 
                   54 ┤■■■■■■■ 1                                 
                   55 ┤■■■■■■■■■■■■■■■ 2                         
                   56 ┤ 0                                        
                   57 ┤ 0                                        
                   58 ┤■■■■■■■■■■■■■■■ 2                         
                   59 ┤■■■■■■■ 1                                 
                   60 ┤■■■■■■■ 1                                 
                      └                                        ┘ 
                                     num of slices               
[ Info: slicing branch with sc: 31.0
  [slice produced] sc=31.0 tc=45.40522916386065 nv=3539 ne=6903 r=72.5
QIP_value_gurobi: solver finished in 1.202 s (time_limit=604800.0 s, status=OPTIMAL)
[ Info: feasible solution: 5408.0, primal bound: 5408.0
[ Info: current num of unfinished slices: 29, finished slices: 3
                      ┌                                        ┐ 
                   33 ┤■■■■■■■ 1                                 
                   34 ┤■■■■■■■■■■■■■■■ 2                         
                   35 ┤ 0                                        
                   36 ┤■■■■■■■ 1                                 
                   37 ┤■■■■■■■ 1                                 
                   38 ┤ 0                                        
                   39 ┤■■■■■■■ 1                                 
                   40 ┤■■■■■■■ 1                                 
                   41 ┤■■■■■■■■■■■■■■■■■■■■■■ 3                  
                   42 ┤ 0                                        
                   43 ┤■■■■■■■■■■■■■■■ 2                         
                   44 ┤ 0                                        
                   45 ┤■■■■■■■ 1                                 
   sc, target = 31 46 ┤ 0                                        
                   47 ┤ 0                                        
                   48 ┤ 0                                        
                   49 ┤■■■■■■■ 1                                 
                   50 ┤■■■■■■■ 1                                 
                   51 ┤■■■■■■■■■■■■■■■■■■■■■■■■■■■■■■■■■■■■■ 5   
                   52 ┤■■■■■■■ 1                                 
                   53 ┤■■■■■■■ 1                                 
                   54 ┤■■■■■■■ 1                                 
                   55 ┤■■■■■■■■■■■■■■■ 2                         
                   56 ┤ 0                                        
                   57 ┤ 0                                        
                   58 ┤■■■■■■■■■■■■■■■ 2                         
                   59 ┤■■■■■■■ 1                                 
                   60 ┤■■■■■■■ 1                                 
                      └                                        ┘ 
                                     num of slices               
[ Info: slicing branch with sc: 33.0
[ Info: cc.sc: 33.0
region size: 10
tbl0_rows:40 filtered_rows:40
QIP_gurobi_bound: solver finished in 1.36 s (time_limit=100.0 s, status=OPTIMAL)
[ Info: slice 1, lp_score: 5407.0, primal_bound: 5408.0
QIP_gurobi_bound: solver finished in 1.37 s (time_limit=100.0 s, status=OPTIMAL)
[ Info: slice 2, lp_score: 5408.0, primal_bound: 5408.0
[ Info: new_scs: [33]
[ Info: lp_scores: [5408.0]
[ Info: lp_scores: 5408.0
[ Info: current num of unfinished slices: 29, finished slices: 3
                      ┌                                        ┐ 
                   33 ┤■■■■■■■ 1                                 
                   34 ┤■■■■■■■■■■■■■■■ 2                         
                   35 ┤ 0                                        
                   36 ┤■■■■■■■ 1                                 
                   37 ┤■■■■■■■ 1                                 
                   38 ┤ 0                                        
                   39 ┤■■■■■■■ 1                                 
                   40 ┤■■■■■■■ 1                                 
                   41 ┤■■■■■■■■■■■■■■■■■■■■■■ 3                  
                   42 ┤ 0                                        
                   43 ┤■■■■■■■■■■■■■■■ 2                         
                   44 ┤ 0                                        
                   45 ┤■■■■■■■ 1                                 
   sc, target = 31 46 ┤ 0                                        
                   47 ┤ 0                                        
                   48 ┤ 0                                        
                   49 ┤■■■■■■■ 1                                 
                   50 ┤■■■■■■■ 1                                 
                   51 ┤■■■■■■■■■■■■■■■■■■■■■■■■■■■■■■■■■■■■■ 5   
                   52 ┤■■■■■■■ 1                                 
                   53 ┤■■■■■■■ 1                                 
                   54 ┤■■■■■■■ 1                                 
                   55 ┤■■■■■■■■■■■■■■■ 2                         
                   56 ┤ 0                                        
                   57 ┤ 0                                        
                   58 ┤■■■■■■■■■■■■■■■ 2                         
                   59 ┤■■■■■■■ 1                                 
                   60 ┤■■■■■■■ 1                                 
                      └                                        ┘ 
                                     num of slices               
[ Info: slicing branch with sc: 33.0
[ Info: cc.sc: 33.0
region size: 10
tbl0_rows:47 filtered_rows:47
QIP_gurobi_bound: solver finished in 1.285 s (time_limit=100.0 s, status=OPTIMAL)
[ Info: slice 1, lp_score: 5408.0, primal_bound: 5408.0
QIP_gurobi_bound: solver finished in 1.319 s (time_limit=100.0 s, status=OPTIMAL)
[ Info: slice 2, lp_score: 5403.0, primal_bound: 5408.0
[ Info: new_scs: [33]
[ Info: lp_scores: [5408.0]
[ Info: lp_scores: 5408.0
[ Info: current num of unfinished slices: 29, finished slices: 3
                      ┌                                        ┐ 
                   33 ┤■■■■■■■ 1                                 
                   34 ┤■■■■■■■■■■■■■■■ 2                         
                   35 ┤ 0                                        
                   36 ┤■■■■■■■ 1                                 
                   37 ┤■■■■■■■ 1                                 
                   38 ┤ 0                                        
                   39 ┤■■■■■■■ 1                                 
                   40 ┤■■■■■■■ 1                                 
                   41 ┤■■■■■■■■■■■■■■■■■■■■■■ 3                  
                   42 ┤ 0                                        
                   43 ┤■■■■■■■■■■■■■■■ 2                         
                   44 ┤ 0                                        
                   45 ┤■■■■■■■ 1                                 
   sc, target = 31 46 ┤ 0                                        
                   47 ┤ 0                                        
                   48 ┤ 0                                        
                   49 ┤■■■■■■■ 1                                 
                   50 ┤■■■■■■■ 1                                 
                   51 ┤■■■■■■■■■■■■■■■■■■■■■■■■■■■■■■■■■■■■■ 5   
                   52 ┤■■■■■■■ 1                                 
                   53 ┤■■■■■■■ 1                                 
                   54 ┤■■■■■■■ 1                                 
                   55 ┤■■■■■■■■■■■■■■■ 2                         
                   56 ┤ 0                                        
                   57 ┤ 0                                        
                   58 ┤■■■■■■■■■■■■■■■ 2                         
                   59 ┤■■■■■■■ 1                                 
                   60 ┤■■■■■■■ 1                                 
                      └                                        ┘ 
                                     num of slices               
[ Info: slicing branch with sc: 33.0
[ Info: cc.sc: 33.0
region size: 10
tbl0_rows:50 filtered_rows:50
QIP_gurobi_bound: solver finished in 1.294 s (time_limit=100.0 s, status=OPTIMAL)
[ Info: slice 1, lp_score: 5406.0, primal_bound: 5408.0
QIP_gurobi_bound: solver finished in 1.422 s (time_limit=100.0 s, status=OPTIMAL)
[ Info: slice 2, lp_score: 5408.0, primal_bound: 5408.0
[ Info: new_scs: [32]
[ Info: lp_scores: [5408.0]
[ Info: lp_scores: 5408.0
[ Info: current num of unfinished slices: 29, finished slices: 3
                      ┌                                        ┐ 
                   32 ┤■■■■■■■ 1                                 
                   33 ┤ 0                                        
                   34 ┤■■■■■■■■■■■■■■■ 2                         
                   35 ┤ 0                                        
                   36 ┤■■■■■■■ 1                                 
                   37 ┤■■■■■■■ 1                                 
                   38 ┤ 0                                        
                   39 ┤■■■■■■■ 1                                 
                   40 ┤■■■■■■■ 1                                 
                   41 ┤■■■■■■■■■■■■■■■■■■■■■■ 3                  
                   42 ┤ 0                                        
                   43 ┤■■■■■■■■■■■■■■■ 2                         
                   44 ┤ 0                                        
                   45 ┤■■■■■■■ 1                                 
   sc, target = 31 46 ┤ 0                                        
                   47 ┤ 0                                        
                   48 ┤ 0                                        
                   49 ┤■■■■■■■ 1                                 
                   50 ┤■■■■■■■ 1                                 
                   51 ┤■■■■■■■■■■■■■■■■■■■■■■■■■■■■■■■■■■■■■ 5   
                   52 ┤■■■■■■■ 1                                 
                   53 ┤■■■■■■■ 1                                 
                   54 ┤■■■■■■■ 1                                 
                   55 ┤■■■■■■■■■■■■■■■ 2                         
                   56 ┤ 0                                        
                   57 ┤ 0                                        
                   58 ┤■■■■■■■■■■■■■■■ 2                         
                   59 ┤■■■■■■■ 1                                 
                   60 ┤■■■■■■■ 1                                 
                      └                                        ┘ 
                                     num of slices               
[ Info: slicing branch with sc: 32.0
[ Info: cc.sc: 32.0
region size: 10
tbl0_rows:10 filtered_rows:10
QIP_gurobi_bound: solver finished in 1.243 s (time_limit=100.0 s, status=OPTIMAL)
[ Info: slice 1, lp_score: 5408.0, primal_bound: 5408.0
[ Info: new_scs: [32]
[ Info: lp_scores: [5408.0]
[ Info: lp_scores: 5408.0
[ Info: current num of unfinished slices: 29, finished slices: 3
                      ┌                                        ┐ 
                   32 ┤■■■■■■■ 1                                 
                   33 ┤ 0                                        
                   34 ┤■■■■■■■■■■■■■■■ 2                         
                   35 ┤ 0                                        
                   36 ┤■■■■■■■ 1                                 
                   37 ┤■■■■■■■ 1                                 
                   38 ┤ 0                                        
                   39 ┤■■■■■■■ 1                                 
                   40 ┤■■■■■■■ 1                                 
                   41 ┤■■■■■■■■■■■■■■■■■■■■■■ 3                  
                   42 ┤ 0                                        
                   43 ┤■■■■■■■■■■■■■■■ 2                         
                   44 ┤ 0                                        
                   45 ┤■■■■■■■ 1                                 
   sc, target = 31 46 ┤ 0                                        
                   47 ┤ 0                                        
                   48 ┤ 0                                        
                   49 ┤■■■■■■■ 1                                 
                   50 ┤■■■■■■■ 1                                 
                   51 ┤■■■■■■■■■■■■■■■■■■■■■■■■■■■■■■■■■■■■■ 5   
                   52 ┤■■■■■■■ 1                                 
                   53 ┤■■■■■■■ 1                                 
                   54 ┤■■■■■■■ 1                                 
                   55 ┤■■■■■■■■■■■■■■■ 2                         
                   56 ┤ 0                                        
                   57 ┤ 0                                        
                   58 ┤■■■■■■■■■■■■■■■ 2                         
                   59 ┤■■■■■■■ 1                                 
                   60 ┤■■■■■■■ 1                                 
                      └                                        ┘ 
                                     num of slices               
[ Info: slicing branch with sc: 32.0
[ Info: cc.sc: 32.0
region size: 10
tbl0_rows:83 filtered_rows:83
QIP_gurobi_bound: solver finished in 1.239 s (time_limit=100.0 s, status=OPTIMAL)
[ Info: slice 1, lp_score: 5408.0, primal_bound: 5408.0
QIP_gurobi_bound: solver finished in 1.195 s (time_limit=100.0 s, status=OPTIMAL)
[ Info: slice 2, lp_score: 5408.0, primal_bound: 5408.0
[ Info: new_scs: [31, 31]
[ Info: lp_scores: [5408.0, 5408.0]
[ Info: lp_scores: 5408.0
[ Info: lp_scores: 5408.0
[ Info: current num of unfinished slices: 30, finished slices: 3
                      ┌                                        ┐ 
                   31 ┤■■■■■■■■■■■■■■■ 2                         
                   32 ┤ 0                                        
                   33 ┤ 0                                        
                   34 ┤■■■■■■■■■■■■■■■ 2                         
                   35 ┤ 0                                        
                   36 ┤■■■■■■■ 1                                 
                   37 ┤■■■■■■■ 1                                 
                   38 ┤ 0                                        
                   39 ┤■■■■■■■ 1                                 
                   40 ┤■■■■■■■ 1                                 
                   41 ┤■■■■■■■■■■■■■■■■■■■■■■ 3                  
                   42 ┤ 0                                        
                   43 ┤■■■■■■■■■■■■■■■ 2                         
                   44 ┤ 0                                        
   sc, target = 31 45 ┤■■■■■■■ 1                                 
                   46 ┤ 0                                        
                   47 ┤ 0                                        
                   48 ┤ 0                                        
                   49 ┤■■■■■■■ 1                                 
                   50 ┤■■■■■■■ 1                                 
                   51 ┤■■■■■■■■■■■■■■■■■■■■■■■■■■■■■■■■■■■■■ 5   
                   52 ┤■■■■■■■ 1                                 
                   53 ┤■■■■■■■ 1                                 
                   54 ┤■■■■■■■ 1                                 
                   55 ┤■■■■■■■■■■■■■■■ 2                         
                   56 ┤ 0                                        
                   57 ┤ 0                                        
                   58 ┤■■■■■■■■■■■■■■■ 2                         
                   59 ┤■■■■■■■ 1                                 
                   60 ┤■■■■■■■ 1                                 
                      └                                        ┘ 
                                     num of slices               
[ Info: slicing branch with sc: 31.0
  [slice produced] sc=31.0 tc=45.39734081863025 nv=3540 ne=6903 r=71.0
QIP_value_gurobi: solver finished in 1.199 s (time_limit=604800.0 s, status=OPTIMAL)
[ Info: feasible solution: 5408.0, primal bound: 5408.0
[ Info: current num of unfinished slices: 29, finished slices: 4
                      ┌                                        ┐ 
                   31 ┤■■■■■■■ 1                                 
                   32 ┤ 0                                        
                   33 ┤ 0                                        
                   34 ┤■■■■■■■■■■■■■■■ 2                         
                   35 ┤ 0                                        
                   36 ┤■■■■■■■ 1                                 
                   37 ┤■■■■■■■ 1                                 
                   38 ┤ 0                                        
                   39 ┤■■■■■■■ 1                                 
                   40 ┤■■■■■■■ 1                                 
                   41 ┤■■■■■■■■■■■■■■■■■■■■■■ 3                  
                   42 ┤ 0                                        
                   43 ┤■■■■■■■■■■■■■■■ 2                         
                   44 ┤ 0                                        
   sc, target = 31 45 ┤■■■■■■■ 1                                 
                   46 ┤ 0                                        
                   47 ┤ 0                                        
                   48 ┤ 0                                        
                   49 ┤■■■■■■■ 1                                 
                   50 ┤■■■■■■■ 1                                 
                   51 ┤■■■■■■■■■■■■■■■■■■■■■■■■■■■■■■■■■■■■■ 5   
                   52 ┤■■■■■■■ 1                                 
                   53 ┤■■■■■■■ 1                                 
                   54 ┤■■■■■■■ 1                                 
                   55 ┤■■■■■■■■■■■■■■■ 2                         
                   56 ┤ 0                                        
                   57 ┤ 0                                        
                   58 ┤■■■■■■■■■■■■■■■ 2                         
                   59 ┤■■■■■■■ 1                                 
                   60 ┤■■■■■■■ 1                                 
                      └                                        ┘ 
                                     num of slices               
[ Info: slicing branch with sc: 31.0
  [slice produced] sc=31.0 tc=45.39606604721598 nv=3540 ne=6903 r=70.0
QIP_value_gurobi: solver finished in 1.204 s (time_limit=604800.0 s, status=OPTIMAL)
[ Info: feasible solution: 5408.0, primal bound: 5408.0
[ Info: current num of unfinished slices: 28, finished slices: 5
                      ┌                                        ┐ 
                   34 ┤■■■■■■■■■■■■■■■ 2                         
                   35 ┤ 0                                        
                   36 ┤■■■■■■■ 1                                 
                   37 ┤■■■■■■■ 1                                 
                   38 ┤ 0                                        
                   39 ┤■■■■■■■ 1                                 
                   40 ┤■■■■■■■ 1                                 
                   41 ┤■■■■■■■■■■■■■■■■■■■■■■ 3                  
                   42 ┤ 0                                        
                   43 ┤■■■■■■■■■■■■■■■ 2                         
                   44 ┤ 0                                        
                   45 ┤■■■■■■■ 1                                 
                   46 ┤ 0                                        
   sc, target = 31 47 ┤ 0                                        
                   48 ┤ 0                                        
                   49 ┤■■■■■■■ 1                                 
                   50 ┤■■■■■■■ 1                                 
                   51 ┤■■■■■■■■■■■■■■■■■■■■■■■■■■■■■■■■■■■■■ 5   
                   52 ┤■■■■■■■ 1                                 
                   53 ┤■■■■■■■ 1                                 
                   54 ┤■■■■■■■ 1                                 
                   55 ┤■■■■■■■■■■■■■■■ 2                         
                   56 ┤ 0                                        
                   57 ┤ 0                                        
                   58 ┤■■■■■■■■■■■■■■■ 2                         
                   59 ┤■■■■■■■ 1                                 
                   60 ┤■■■■■■■ 1                                 
                      └                                        ┘ 
                                     num of slices               
[ Info: slicing branch with sc: 34.0
[ Info: cc.sc: 34.0
region size: 10
tbl0_rows:26 filtered_rows:26
QIP_gurobi_bound: solver finished in 1.278 s (time_limit=100.0 s, status=OPTIMAL)
[ Info: slice 1, lp_score: 5406.0, primal_bound: 5408.0
QIP_gurobi_bound: solver finished in 1.173 s (time_limit=100.0 s, status=OPTIMAL)
[ Info: slice 2, lp_score: 5406.0, primal_bound: 5408.0
[ Info: new_scs: Int64[]
[ Info: lp_scores: Float64[]
[ Info: current num of unfinished slices: 27, finished slices: 5
                      ┌                                        ┐ 
                   34 ┤■■■■■■■ 1                                 
                   35 ┤ 0                                        
                   36 ┤■■■■■■■ 1                                 
                   37 ┤■■■■■■■ 1                                 
                   38 ┤ 0                                        
                   39 ┤■■■■■■■ 1                                 
                   40 ┤■■■■■■■ 1                                 
                   41 ┤■■■■■■■■■■■■■■■■■■■■■■ 3                  
                   42 ┤ 0                                        
                   43 ┤■■■■■■■■■■■■■■■ 2                         
                   44 ┤ 0                                        
                   45 ┤■■■■■■■ 1                                 
                   46 ┤ 0                                        
   sc, target = 31 47 ┤ 0                                        
                   48 ┤ 0                                        
                   49 ┤■■■■■■■ 1                                 
                   50 ┤■■■■■■■ 1                                 
                   51 ┤■■■■■■■■■■■■■■■■■■■■■■■■■■■■■■■■■■■■■ 5   
                   52 ┤■■■■■■■ 1                                 
                   53 ┤■■■■■■■ 1                                 
                   54 ┤■■■■■■■ 1                                 
                   55 ┤■■■■■■■■■■■■■■■ 2                         
                   56 ┤ 0                                        
                   57 ┤ 0                                        
                   58 ┤■■■■■■■■■■■■■■■ 2                         
                   59 ┤■■■■■■■ 1                                 
                   60 ┤■■■■■■■ 1                                 
                      └                                        ┘ 
                                     num of slices               
[ Info: slicing branch with sc: 34.0
[ Info: cc.sc: 34.0
region size: 10
tbl0_rows:25 filtered_rows:25
QIP_gurobi_bound: solver finished in 1.36 s (time_limit=100.0 s, status=OPTIMAL)
[ Info: slice 1, lp_score: 5399.0, primal_bound: 5408.0
QIP_gurobi_bound: solver finished in 1.376 s (time_limit=100.0 s, status=OPTIMAL)
[ Info: slice 2, lp_score: 5396.0, primal_bound: 5408.0
[ Info: new_scs: Int64[]
[ Info: lp_scores: Float64[]
[ Info: current num of unfinished slices: 26, finished slices: 5
                      ┌                                        ┐ 
                   36 ┤■■■■■■■ 1                                 
                   37 ┤■■■■■■■ 1                                 
                   38 ┤ 0                                        
                   39 ┤■■■■■■■ 1                                 
                   40 ┤■■■■■■■ 1                                 
                   41 ┤■■■■■■■■■■■■■■■■■■■■■■ 3                  
                   42 ┤ 0                                        
                   43 ┤■■■■■■■■■■■■■■■ 2                         
                   44 ┤ 0                                        
                   45 ┤■■■■■■■ 1                                 
                   46 ┤ 0                                        
                   47 ┤ 0                                        
   sc, target = 31 48 ┤ 0                                        
                   49 ┤■■■■■■■ 1                                 
                   50 ┤■■■■■■■ 1                                 
                   51 ┤■■■■■■■■■■■■■■■■■■■■■■■■■■■■■■■■■■■■■ 5   
                   52 ┤■■■■■■■ 1                                 
                   53 ┤■■■■■■■ 1                                 
                   54 ┤■■■■■■■ 1                                 
                   55 ┤■■■■■■■■■■■■■■■ 2                         
                   56 ┤ 0                                        
                   57 ┤ 0                                        
                   58 ┤■■■■■■■■■■■■■■■ 2                         
                   59 ┤■■■■■■■ 1                                 
                   60 ┤■■■■■■■ 1                                 
                      └                                        ┘ 
                                     num of slices               
[ Info: slicing branch with sc: 36.0
[ Info: cc.sc: 36.0
region size: 10
tbl0_rows:15 filtered_rows:15
QIP_gurobi_bound: solver finished in 1.36 s (time_limit=100.0 s, status=OPTIMAL)
[ Info: slice 1, lp_score: 5405.0, primal_bound: 5408.0
QIP_gurobi_bound: solver finished in 1.329 s (time_limit=100.0 s, status=OPTIMAL)
[ Info: slice 2, lp_score: 5396.0, primal_bound: 5408.0
[ Info: new_scs: Int64[]
[ Info: lp_scores: Float64[]
[ Info: current num of unfinished slices: 25, finished slices: 5
                      ┌                                        ┐ 
                   37 ┤■■■■■■■ 1                                 
                   38 ┤ 0                                        
                   39 ┤■■■■■■■ 1                                 
                   40 ┤■■■■■■■ 1                                 
                   41 ┤■■■■■■■■■■■■■■■■■■■■■■ 3                  
                   42 ┤ 0                                        
                   43 ┤■■■■■■■■■■■■■■■ 2                         
                   44 ┤ 0                                        
                   45 ┤■■■■■■■ 1                                 
                   46 ┤ 0                                        
                   47 ┤ 0                                        
   sc, target = 31 48 ┤ 0                                        
                   49 ┤■■■■■■■ 1                                 
                   50 ┤■■■■■■■ 1                                 
                   51 ┤■■■■■■■■■■■■■■■■■■■■■■■■■■■■■■■■■■■■■ 5   
                   52 ┤■■■■■■■ 1                                 
                   53 ┤■■■■■■■ 1                                 
                   54 ┤■■■■■■■ 1                                 
                   55 ┤■■■■■■■■■■■■■■■ 2                         
                   56 ┤ 0                                        
                   57 ┤ 0                                        
                   58 ┤■■■■■■■■■■■■■■■ 2                         
                   59 ┤■■■■■■■ 1                                 
                   60 ┤■■■■■■■ 1                                 
                      └                                        ┘ 
                                     num of slices               
[ Info: slicing branch with sc: 37.0
[ Info: cc.sc: 37.0
region size: 10
tbl0_rows:17 filtered_rows:17
QIP_gurobi_bound: solver finished in 1.309 s (time_limit=100.0 s, status=OPTIMAL)
[ Info: slice 1, lp_score: 5406.0, primal_bound: 5408.0
[ Info: new_scs: Int64[]
[ Info: lp_scores: Float64[]
[ Info: current num of unfinished slices: 24, finished slices: 5
                      ┌                                        ┐ 
                   39 ┤■■■■■■■ 1                                 
                   40 ┤■■■■■■■ 1                                 
                   41 ┤■■■■■■■■■■■■■■■■■■■■■■ 3                  
                   42 ┤ 0                                        
                   43 ┤■■■■■■■■■■■■■■■ 2                         
                   44 ┤ 0                                        
                   45 ┤■■■■■■■ 1                                 
                   46 ┤ 0                                        
                   47 ┤ 0                                        
                   48 ┤ 0                                        
   sc, target = 31 49 ┤■■■■■■■ 1                                 
                   50 ┤■■■■■■■ 1                                 
                   51 ┤■■■■■■■■■■■■■■■■■■■■■■■■■■■■■■■■■■■■■ 5   
                   52 ┤■■■■■■■ 1                                 
                   53 ┤■■■■■■■ 1                                 
                   54 ┤■■■■■■■ 1                                 
                   55 ┤■■■■■■■■■■■■■■■ 2                         
                   56 ┤ 0                                        
                   57 ┤ 0                                        
                   58 ┤■■■■■■■■■■■■■■■ 2                         
                   59 ┤■■■■■■■ 1                                 
                   60 ┤■■■■■■■ 1                                 
                      └                                        ┘ 
                                     num of slices               
[ Info: slicing branch with sc: 39.0
[ Info: cc.sc: 39.0
region size: 10
tbl0_rows:47 filtered_rows:47
QIP_gurobi_bound: solver finished in 1.278 s (time_limit=100.0 s, status=OPTIMAL)
[ Info: slice 1, lp_score: 5405.0, primal_bound: 5408.0
QIP_gurobi_bound: solver finished in 1.761 s (time_limit=100.0 s, status=OPTIMAL)
[ Info: slice 2, lp_score: 5404.0, primal_bound: 5408.0
[ Info: new_scs: Int64[]
[ Info: lp_scores: Float64[]
[ Info: current num of unfinished slices: 23, finished slices: 5
                      ┌                                        ┐ 
                   40 ┤■■■■■■■ 1                                 
                   41 ┤■■■■■■■■■■■■■■■■■■■■■■ 3                  
                   42 ┤ 0                                        
                   43 ┤■■■■■■■■■■■■■■■ 2                         
                   44 ┤ 0                                        
                   45 ┤■■■■■■■ 1                                 
                   46 ┤ 0                                        
                   47 ┤ 0                                        
                   48 ┤ 0                                        
                   49 ┤■■■■■■■ 1                                 
   sc, target = 31 50 ┤■■■■■■■ 1                                 
                   51 ┤■■■■■■■■■■■■■■■■■■■■■■■■■■■■■■■■■■■■■ 5   
                   52 ┤■■■■■■■ 1                                 
                   53 ┤■■■■■■■ 1                                 
                   54 ┤■■■■■■■ 1                                 
                   55 ┤■■■■■■■■■■■■■■■ 2                         
                   56 ┤ 0                                        
                   57 ┤ 0                                        
                   58 ┤■■■■■■■■■■■■■■■ 2                         
                   59 ┤■■■■■■■ 1                                 
                   60 ┤■■■■■■■ 1                                 
                      └                                        ┘ 
                                     num of slices               
[ Info: slicing branch with sc: 40.0
[ Info: cc.sc: 40.0
region size: 10
tbl0_rows:19 filtered_rows:19
QIP_gurobi_bound: solver finished in 1.265 s (time_limit=100.0 s, status=OPTIMAL)
[ Info: slice 1, lp_score: 5396.0, primal_bound: 5408.0
[ Info: new_scs: Int64[]
[ Info: lp_scores: Float64[]
[ Info: current num of unfinished slices: 22, finished slices: 5
                      ┌                                        ┐ 
                   41 ┤■■■■■■■■■■■■■■■■■■■■■■ 3                  
                   42 ┤ 0                                        
                   43 ┤■■■■■■■■■■■■■■■ 2                         
                   44 ┤ 0                                        
                   45 ┤■■■■■■■ 1                                 
                   46 ┤ 0                                        
                   47 ┤ 0                                        
                   48 ┤ 0                                        
                   49 ┤■■■■■■■ 1                                 
   sc, target = 31 50 ┤■■■■■■■ 1                                 
                   51 ┤■■■■■■■■■■■■■■■■■■■■■■■■■■■■■■■■■■■■■ 5   
                   52 ┤■■■■■■■ 1                                 
                   53 ┤■■■■■■■ 1                                 
                   54 ┤■■■■■■■ 1                                 
                   55 ┤■■■■■■■■■■■■■■■ 2                         
                   56 ┤ 0                                        
                   57 ┤ 0                                        
                   58 ┤■■■■■■■■■■■■■■■ 2                         
                   59 ┤■■■■■■■ 1                                 
                   60 ┤■■■■■■■ 1                                 
                      └                                        ┘ 
                                     num of slices               
[ Info: slicing branch with sc: 41.0
[ Info: cc.sc: 41.0
region size: 10
tbl0_rows:19 filtered_rows:19
QIP_gurobi_bound: solver finished in 1.23 s (time_limit=100.0 s, status=OPTIMAL)
[ Info: slice 1, lp_score: 5402.0, primal_bound: 5408.0
[ Info: new_scs: Int64[]
[ Info: lp_scores: Float64[]
[ Info: current num of unfinished slices: 21, finished slices: 5
                      ┌                                        ┐ 
                   41 ┤■■■■■■■■■■■■■■■ 2                         
                   42 ┤ 0                                        
                   43 ┤■■■■■■■■■■■■■■■ 2                         
                   44 ┤ 0                                        
                   45 ┤■■■■■■■ 1                                 
                   46 ┤ 0                                        
                   47 ┤ 0                                        
                   48 ┤ 0                                        
                   49 ┤■■■■■■■ 1                                 
   sc, target = 31 50 ┤■■■■■■■ 1                                 
                   51 ┤■■■■■■■■■■■■■■■■■■■■■■■■■■■■■■■■■■■■■ 5   
                   52 ┤■■■■■■■ 1                                 
                   53 ┤■■■■■■■ 1                                 
                   54 ┤■■■■■■■ 1                                 
                   55 ┤■■■■■■■■■■■■■■■ 2                         
                   56 ┤ 0                                        
                   57 ┤ 0                                        
                   58 ┤■■■■■■■■■■■■■■■ 2                         
                   59 ┤■■■■■■■ 1                                 
                   60 ┤■■■■■■■ 1                                 
                      └                                        ┘ 
                                     num of slices               
[ Info: slicing branch with sc: 41.0
[ Info: cc.sc: 41.0
region size: 10
tbl0_rows:47 filtered_rows:47
QIP_gurobi_bound: solver finished in 1.427 s (time_limit=100.0 s, status=OPTIMAL)
[ Info: slice 1, lp_score: 5399.0, primal_bound: 5408.0
QIP_gurobi_bound: solver finished in 1.295 s (time_limit=100.0 s, status=OPTIMAL)
[ Info: slice 2, lp_score: 5405.0, primal_bound: 5408.0
[ Info: new_scs: Int64[]
[ Info: lp_scores: Float64[]
[ Info: current num of unfinished slices: 20, finished slices: 5
                      ┌                                        ┐ 
                   41 ┤■■■■■■■ 1                                 
                   42 ┤ 0                                        
                   43 ┤■■■■■■■■■■■■■■■ 2                         
                   44 ┤ 0                                        
                   45 ┤■■■■■■■ 1                                 
                   46 ┤ 0                                        
                   47 ┤ 0                                        
                   48 ┤ 0                                        
                   49 ┤■■■■■■■ 1                                 
   sc, target = 31 50 ┤■■■■■■■ 1                                 
                   51 ┤■■■■■■■■■■■■■■■■■■■■■■■■■■■■■■■■■■■■■ 5   
                   52 ┤■■■■■■■ 1                                 
                   53 ┤■■■■■■■ 1                                 
                   54 ┤■■■■■■■ 1                                 
                   55 ┤■■■■■■■■■■■■■■■ 2                         
                   56 ┤ 0                                        
                   57 ┤ 0                                        
                   58 ┤■■■■■■■■■■■■■■■ 2                         
                   59 ┤■■■■■■■ 1                                 
                   60 ┤■■■■■■■ 1                                 
                      └                                        ┘ 
                                     num of slices               
[ Info: slicing branch with sc: 43.0
[ Info: cc.sc: 43.0
region size: 10
tbl0_rows:39 filtered_rows:39
QIP_gurobi_bound: solver finished in 1.264 s (time_limit=100.0 s, status=OPTIMAL)
[ Info: slice 1, lp_score: 5406.0, primal_bound: 5408.0
QIP_gurobi_bound: solver finished in 1.335 s (time_limit=100.0 s, status=OPTIMAL)
[ Info: slice 2, lp_score: 5408.0, primal_bound: 5408.0
[ Info: new_scs: [43]
[ Info: lp_scores: [5408.0]
[ Info: lp_scores: 5408.0
[ Info: current num of unfinished slices: 20, finished slices: 5
                      ┌                                        ┐ 
                   41 ┤■■■■■■■ 1                                 
                   42 ┤ 0                                        
                   43 ┤■■■■■■■■■■■■■■■ 2                         
                   44 ┤ 0                                        
                   45 ┤■■■■■■■ 1                                 
                   46 ┤ 0                                        
                   47 ┤ 0                                        
                   48 ┤ 0                                        
                   49 ┤■■■■■■■ 1                                 
   sc, target = 31 50 ┤■■■■■■■ 1                                 
                   51 ┤■■■■■■■■■■■■■■■■■■■■■■■■■■■■■■■■■■■■■ 5   
                   52 ┤■■■■■■■ 1                                 
                   53 ┤■■■■■■■ 1                                 
                   54 ┤■■■■■■■ 1                                 
                   55 ┤■■■■■■■■■■■■■■■ 2                         
                   56 ┤ 0                                        
                   57 ┤ 0                                        
                   58 ┤■■■■■■■■■■■■■■■ 2                         
                   59 ┤■■■■■■■ 1                                 
                   60 ┤■■■■■■■ 1                                 
                      └                                        ┘ 
                                     num of slices               
[ Info: slicing branch with sc: 43.0
[ Info: cc.sc: 43.0
region size: 10
tbl0_rows:58 filtered_rows:58
QIP_gurobi_bound: solver finished in 1.404 s (time_limit=100.0 s, status=OPTIMAL)
[ Info: slice 1, lp_score: 5408.0, primal_bound: 5408.0
QIP_gurobi_bound: solver finished in 1.313 s (time_limit=100.0 s, status=OPTIMAL)
[ Info: slice 2, lp_score: 5408.0, primal_bound: 5408.0
[ Info: new_scs: [41, 42]
[ Info: lp_scores: [5408.0, 5408.0]
[ Info: lp_scores: 5408.0
[ Info: lp_scores: 5408.0
[ Info: current num of unfinished slices: 21, finished slices: 5
                      ┌                                        ┐ 
                   41 ┤■■■■■■■■■■■■■■■ 2                         
                   42 ┤■■■■■■■ 1                                 
                   43 ┤■■■■■■■ 1                                 
                   44 ┤ 0                                        
                   45 ┤■■■■■■■ 1                                 
                   46 ┤ 0                                        
                   47 ┤ 0                                        
                   48 ┤ 0                                        
                   49 ┤■■■■■■■ 1                                 
   sc, target = 31 50 ┤■■■■■■■ 1                                 
                   51 ┤■■■■■■■■■■■■■■■■■■■■■■■■■■■■■■■■■■■■■ 5   
                   52 ┤■■■■■■■ 1                                 
                   53 ┤■■■■■■■ 1                                 
                   54 ┤■■■■■■■ 1                                 
                   55 ┤■■■■■■■■■■■■■■■ 2                         
                   56 ┤ 0                                        
                   57 ┤ 0                                        
                   58 ┤■■■■■■■■■■■■■■■ 2                         
                   59 ┤■■■■■■■ 1                                 
                   60 ┤■■■■■■■ 1                                 
                      └                                        ┘ 
                                     num of slices               
[ Info: slicing branch with sc: 41.0
[ Info: cc.sc: 41.0
region size: 10
tbl0_rows:39 filtered_rows:39
QIP_gurobi_bound: solver finished in 1.24 s (time_limit=100.0 s, status=OPTIMAL)
[ Info: slice 1, lp_score: 5408.0, primal_bound: 5408.0
[ Info: new_scs: [41]
[ Info: lp_scores: [5408.0]
[ Info: lp_scores: 5408.0
[ Info: current num of unfinished slices: 21, finished slices: 5
                      ┌                                        ┐ 
                   41 ┤■■■■■■■■■■■■■■■ 2                         
                   42 ┤■■■■■■■ 1                                 
                   43 ┤■■■■■■■ 1                                 
                   44 ┤ 0                                        
                   45 ┤■■■■■■■ 1                                 
                   46 ┤ 0                                        
                   47 ┤ 0                                        
                   48 ┤ 0                                        
                   49 ┤■■■■■■■ 1                                 
   sc, target = 31 50 ┤■■■■■■■ 1                                 
                   51 ┤■■■■■■■■■■■■■■■■■■■■■■■■■■■■■■■■■■■■■ 5   
                   52 ┤■■■■■■■ 1                                 
                   53 ┤■■■■■■■ 1                                 
                   54 ┤■■■■■■■ 1                                 
                   55 ┤■■■■■■■■■■■■■■■ 2                         
                   56 ┤ 0                                        
                   57 ┤ 0                                        
                   58 ┤■■■■■■■■■■■■■■■ 2                         
                   59 ┤■■■■■■■ 1                                 
                   60 ┤■■■■■■■ 1                                 
                      └                                        ┘ 
                                     num of slices               
[ Info: slicing branch with sc: 41.0
[ Info: cc.sc: 41.0
region size: 10
tbl0_rows:49 filtered_rows:49
QIP_gurobi_bound: solver finished in 1.424 s (time_limit=100.0 s, status=OPTIMAL)
[ Info: slice 1, lp_score: 5408.0, primal_bound: 5408.0
QIP_gurobi_bound: solver finished in 1.385 s (time_limit=100.0 s, status=OPTIMAL)
[ Info: slice 2, lp_score: 5405.0, primal_bound: 5408.0
[ Info: new_scs: [40]
[ Info: lp_scores: [5408.0]
[ Info: lp_scores: 5408.0
[ Info: current num of unfinished slices: 21, finished slices: 5
                      ┌                                        ┐ 
                   40 ┤■■■■■■■ 1                                 
                   41 ┤■■■■■■■ 1                                 
                   42 ┤■■■■■■■ 1                                 
                   43 ┤■■■■■■■ 1                                 
                   44 ┤ 0                                        
                   45 ┤■■■■■■■ 1                                 
                   46 ┤ 0                                        
                   47 ┤ 0                                        
                   48 ┤ 0                                        
                   49 ┤■■■■■■■ 1                                 
   sc, target = 31 50 ┤■■■■■■■ 1                                 
                   51 ┤■■■■■■■■■■■■■■■■■■■■■■■■■■■■■■■■■■■■■ 5   
                   52 ┤■■■■■■■ 1                                 
                   53 ┤■■■■■■■ 1                                 
                   54 ┤■■■■■■■ 1                                 
                   55 ┤■■■■■■■■■■■■■■■ 2                         
                   56 ┤ 0                                        
                   57 ┤ 0                                        
                   58 ┤■■■■■■■■■■■■■■■ 2                         
                   59 ┤■■■■■■■ 1                                 
                   60 ┤■■■■■■■ 1                                 
                      └                                        ┘ 
                                     num of slices               
[ Info: slicing branch with sc: 40.0
[ Info: cc.sc: 40.0
region size: 10
tbl0_rows:49 filtered_rows:49
QIP_gurobi_bound: solver finished in 1.229 s (time_limit=100.0 s, status=OPTIMAL)
[ Info: slice 1, lp_score: 5405.0, primal_bound: 5408.0
QIP_gurobi_bound: solver finished in 1.151 s (time_limit=100.0 s, status=OPTIMAL)
[ Info: slice 2, lp_score: 5408.0, primal_bound: 5408.0
[ Info: new_scs: [38]
[ Info: lp_scores: [5408.0]
[ Info: lp_scores: 5408.0
[ Info: current num of unfinished slices: 21, finished slices: 5
                      ┌                                        ┐ 
                   38 ┤■■■■■■■ 1                                 
                   39 ┤ 0                                        
                   40 ┤ 0                                        
                   41 ┤■■■■■■■ 1                                 
                   42 ┤■■■■■■■ 1                                 
                   43 ┤■■■■■■■ 1                                 
                   44 ┤ 0                                        
                   45 ┤■■■■■■■ 1                                 
                   46 ┤ 0                                        
                   47 ┤ 0                                        
                   48 ┤ 0                                        
   sc, target = 31 49 ┤■■■■■■■ 1                                 
                   50 ┤■■■■■■■ 1                                 
                   51 ┤■■■■■■■■■■■■■■■■■■■■■■■■■■■■■■■■■■■■■ 5   
                   52 ┤■■■■■■■ 1                                 
                   53 ┤■■■■■■■ 1                                 
                   54 ┤■■■■■■■ 1                                 
                   55 ┤■■■■■■■■■■■■■■■ 2                         
                   56 ┤ 0                                        
                   57 ┤ 0                                        
                   58 ┤■■■■■■■■■■■■■■■ 2                         
                   59 ┤■■■■■■■ 1                                 
                   60 ┤■■■■■■■ 1                                 
                      └                                        ┘ 
                                     num of slices               
[ Info: slicing branch with sc: 38.0
[ Info: cc.sc: 38.0
region size: 10
tbl0_rows:24 filtered_rows:24
QIP_gurobi_bound: solver finished in 1.204 s (time_limit=100.0 s, status=OPTIMAL)
[ Info: slice 1, lp_score: 5398.0, primal_bound: 5408.0
QIP_gurobi_bound: solver finished in 1.232 s (time_limit=100.0 s, status=OPTIMAL)
[ Info: slice 2, lp_score: 5408.0, primal_bound: 5408.0
[ Info: new_scs: [37]
[ Info: lp_scores: [5408.0]
[ Info: lp_scores: 5408.0
[ Info: current num of unfinished slices: 21, finished slices: 5
                      ┌                                        ┐ 
                   37 ┤■■■■■■■ 1                                 
                   38 ┤ 0                                        
                   39 ┤ 0                                        
                   40 ┤ 0                                        
                   41 ┤■■■■■■■ 1                                 
                   42 ┤■■■■■■■ 1                                 
                   43 ┤■■■■■■■ 1                                 
                   44 ┤ 0                                        
                   45 ┤■■■■■■■ 1                                 
                   46 ┤ 0                                        
                   47 ┤ 0                                        
   sc, target = 31 48 ┤ 0                                        
                   49 ┤■■■■■■■ 1                                 
                   50 ┤■■■■■■■ 1                                 
                   51 ┤■■■■■■■■■■■■■■■■■■■■■■■■■■■■■■■■■■■■■ 5   
                   52 ┤■■■■■■■ 1                                 
                   53 ┤■■■■■■■ 1                                 
                   54 ┤■■■■■■■ 1                                 
                   55 ┤■■■■■■■■■■■■■■■ 2                         
                   56 ┤ 0                                        
                   57 ┤ 0                                        
                   58 ┤■■■■■■■■■■■■■■■ 2                         
                   59 ┤■■■■■■■ 1                                 
                   60 ┤■■■■■■■ 1                                 
                      └                                        ┘ 
                                     num of slices               
[ Info: slicing branch with sc: 37.0
[ Info: cc.sc: 37.0
region size: 10
tbl0_rows:4 filtered_rows:4
QIP_gurobi_bound: solver finished in 1.441 s (time_limit=100.0 s, status=OPTIMAL)
[ Info: slice 1, lp_score: 5408.0, primal_bound: 5408.0
[ Info: new_scs: [35]
[ Info: lp_scores: [5408.0]
[ Info: lp_scores: 5408.0
[ Info: current num of unfinished slices: 21, finished slices: 5
                      ┌                                        ┐ 
                   35 ┤■■■■■■■ 1                                 
                   36 ┤ 0                                        
                   37 ┤ 0                                        
                   38 ┤ 0                                        
                   39 ┤ 0                                        
                   40 ┤ 0                                        
                   41 ┤■■■■■■■ 1                                 
                   42 ┤■■■■■■■ 1                                 
                   43 ┤■■■■■■■ 1                                 
                   44 ┤ 0                                        
                   45 ┤■■■■■■■ 1                                 
                   46 ┤ 0                                        
   sc, target = 31 47 ┤ 0                                        
                   48 ┤ 0                                        
                   49 ┤■■■■■■■ 1                                 
                   50 ┤■■■■■■■ 1                                 
                   51 ┤■■■■■■■■■■■■■■■■■■■■■■■■■■■■■■■■■■■■■ 5   
                   52 ┤■■■■■■■ 1                                 
                   53 ┤■■■■■■■ 1                                 
                   54 ┤■■■■■■■ 1                                 
                   55 ┤■■■■■■■■■■■■■■■ 2                         
                   56 ┤ 0                                        
                   57 ┤ 0                                        
                   58 ┤■■■■■■■■■■■■■■■ 2                         
                   59 ┤■■■■■■■ 1                                 
                   60 ┤■■■■■■■ 1                                 
                      └                                        ┘ 
                                     num of slices               
[ Info: slicing branch with sc: 35.0
[ Info: cc.sc: 35.0
region size: 10
tbl0_rows:15 filtered_rows:15
QIP_gurobi_bound: solver finished in 1.345 s (time_limit=100.0 s, status=OPTIMAL)
[ Info: slice 1, lp_score: 5408.0, primal_bound: 5408.0
QIP_gurobi_bound: solver finished in 1.223 s (time_limit=100.0 s, status=OPTIMAL)
[ Info: slice 2, lp_score: 5399.0, primal_bound: 5408.0
[ Info: new_scs: [34]
[ Info: lp_scores: [5408.0]
[ Info: lp_scores: 5408.0
[ Info: current num of unfinished slices: 21, finished slices: 5
                      ┌                                        ┐ 
                   34 ┤■■■■■■■ 1                                 
                   35 ┤ 0                                        
                   36 ┤ 0                                        
                   37 ┤ 0                                        
                   38 ┤ 0                                        
                   39 ┤ 0                                        
                   40 ┤ 0                                        
                   41 ┤■■■■■■■ 1                                 
                   42 ┤■■■■■■■ 1                                 
                   43 ┤■■■■■■■ 1                                 
                   44 ┤ 0                                        
                   45 ┤■■■■■■■ 1                                 
                   46 ┤ 0                                        
   sc, target = 31 47 ┤ 0                                        
                   48 ┤ 0                                        
                   49 ┤■■■■■■■ 1                                 
                   50 ┤■■■■■■■ 1                                 
                   51 ┤■■■■■■■■■■■■■■■■■■■■■■■■■■■■■■■■■■■■■ 5   
                   52 ┤■■■■■■■ 1                                 
                   53 ┤■■■■■■■ 1                                 
                   54 ┤■■■■■■■ 1                                 
                   55 ┤■■■■■■■■■■■■■■■ 2                         
                   56 ┤ 0                                        
                   57 ┤ 0                                        
                   58 ┤■■■■■■■■■■■■■■■ 2                         
                   59 ┤■■■■■■■ 1                                 
                   60 ┤■■■■■■■ 1                                 
                      └                                        ┘ 
                                     num of slices               
[ Info: slicing branch with sc: 34.0
[ Info: cc.sc: 34.0
region size: 10
tbl0_rows:32 filtered_rows:32
QIP_gurobi_bound: solver finished in 1.528 s (time_limit=100.0 s, status=OPTIMAL)
[ Info: slice 1, lp_score: 5408.0, primal_bound: 5408.0
QIP_gurobi_bound: solver finished in 1.268 s (time_limit=100.0 s, status=OPTIMAL)
[ Info: slice 2, lp_score: 5405.0, primal_bound: 5408.0
[ Info: new_scs: [33]
[ Info: lp_scores: [5408.0]
[ Info: lp_scores: 5408.0
[ Info: current num of unfinished slices: 21, finished slices: 5
                      ┌                                        ┐ 
                   33 ┤■■■■■■■ 1                                 
                   34 ┤ 0                                        
                   35 ┤ 0                                        
                   36 ┤ 0                                        
                   37 ┤ 0                                        
                   38 ┤ 0                                        
                   39 ┤ 0                                        
                   40 ┤ 0                                        
                   41 ┤■■■■■■■ 1                                 
                   42 ┤■■■■■■■ 1                                 
                   43 ┤■■■■■■■ 1                                 
                   44 ┤ 0                                        
                   45 ┤■■■■■■■ 1                                 
   sc, target = 31 46 ┤ 0                                        
                   47 ┤ 0                                        
                   48 ┤ 0                                        
                   49 ┤■■■■■■■ 1                                 
                   50 ┤■■■■■■■ 1                                 
                   51 ┤■■■■■■■■■■■■■■■■■■■■■■■■■■■■■■■■■■■■■ 5   
                   52 ┤■■■■■■■ 1                                 
                   53 ┤■■■■■■■ 1                                 
                   54 ┤■■■■■■■ 1                                 
                   55 ┤■■■■■■■■■■■■■■■ 2                         
                   56 ┤ 0                                        
                   57 ┤ 0                                        
                   58 ┤■■■■■■■■■■■■■■■ 2                         
                   59 ┤■■■■■■■ 1                                 
                   60 ┤■■■■■■■ 1                                 
                      └                                        ┘ 
                                     num of slices               
[ Info: slicing branch with sc: 33.0
[ Info: cc.sc: 33.0
region size: 10
tbl0_rows:40 filtered_rows:40
QIP_gurobi_bound: solver finished in 1.568 s (time_limit=100.0 s, status=OPTIMAL)
[ Info: slice 1, lp_score: 5406.0, primal_bound: 5408.0
QIP_gurobi_bound: solver finished in 1.29 s (time_limit=100.0 s, status=OPTIMAL)
[ Info: slice 2, lp_score: 5408.0, primal_bound: 5408.0
[ Info: new_scs: [33]
[ Info: lp_scores: [5408.0]
[ Info: lp_scores: 5408.0
[ Info: current num of unfinished slices: 21, finished slices: 5
                      ┌                                        ┐ 
                   33 ┤■■■■■■■ 1                                 
                   34 ┤ 0                                        
                   35 ┤ 0                                        
                   36 ┤ 0                                        
                   37 ┤ 0                                        
                   38 ┤ 0                                        
                   39 ┤ 0                                        
                   40 ┤ 0                                        
                   41 ┤■■■■■■■ 1                                 
                   42 ┤■■■■■■■ 1                                 
                   43 ┤■■■■■■■ 1                                 
                   44 ┤ 0                                        
                   45 ┤■■■■■■■ 1                                 
   sc, target = 31 46 ┤ 0                                        
                   47 ┤ 0                                        
                   48 ┤ 0                                        
                   49 ┤■■■■■■■ 1                                 
                   50 ┤■■■■■■■ 1                                 
                   51 ┤■■■■■■■■■■■■■■■■■■■■■■■■■■■■■■■■■■■■■ 5   
                   52 ┤■■■■■■■ 1                                 
                   53 ┤■■■■■■■ 1                                 
                   54 ┤■■■■■■■ 1                                 
                   55 ┤■■■■■■■■■■■■■■■ 2                         
                   56 ┤ 0                                        
                   57 ┤ 0                                        
                   58 ┤■■■■■■■■■■■■■■■ 2                         
                   59 ┤■■■■■■■ 1                                 
                   60 ┤■■■■■■■ 1                                 
                      └                                        ┘ 
                                     num of slices               
[ Info: slicing branch with sc: 33.0
[ Info: cc.sc: 33.0
region size: 10
tbl0_rows:25 filtered_rows:25
QIP_gurobi_bound: solver finished in 1.364 s (time_limit=100.0 s, status=OPTIMAL)
[ Info: slice 1, lp_score: 5408.0, primal_bound: 5408.0
QIP_gurobi_bound: solver finished in 1.275 s (time_limit=100.0 s, status=OPTIMAL)
[ Info: slice 2, lp_score: 5406.0, primal_bound: 5408.0
[ Info: new_scs: [33]
[ Info: lp_scores: [5408.0]
[ Info: lp_scores: 5408.0
[ Info: current num of unfinished slices: 21, finished slices: 5
                      ┌                                        ┐ 
                   33 ┤■■■■■■■ 1                                 
                   34 ┤ 0                                        
                   35 ┤ 0                                        
                   36 ┤ 0                                        
                   37 ┤ 0                                        
                   38 ┤ 0                                        
                   39 ┤ 0                                        
                   40 ┤ 0                                        
                   41 ┤■■■■■■■ 1                                 
                   42 ┤■■■■■■■ 1                                 
                   43 ┤■■■■■■■ 1                                 
                   44 ┤ 0                                        
                   45 ┤■■■■■■■ 1                                 
   sc, target = 31 46 ┤ 0                                        
                   47 ┤ 0                                        
                   48 ┤ 0                                        
                   49 ┤■■■■■■■ 1                                 
                   50 ┤■■■■■■■ 1                                 
                   51 ┤■■■■■■■■■■■■■■■■■■■■■■■■■■■■■■■■■■■■■ 5   
                   52 ┤■■■■■■■ 1                                 
                   53 ┤■■■■■■■ 1                                 
                   54 ┤■■■■■■■ 1                                 
                   55 ┤■■■■■■■■■■■■■■■ 2                         
                   56 ┤ 0                                        
                   57 ┤ 0                                        
                   58 ┤■■■■■■■■■■■■■■■ 2                         
                   59 ┤■■■■■■■ 1                                 
                   60 ┤■■■■■■■ 1                                 
                      └                                        ┘ 
                                     num of slices               
[ Info: slicing branch with sc: 33.0
[ Info: cc.sc: 33.0
region size: 10
tbl0_rows:45 filtered_rows:45
QIP_gurobi_bound: solver finished in 1.382 s (time_limit=100.0 s, status=OPTIMAL)
[ Info: slice 1, lp_score: 5408.0, primal_bound: 5408.0
QIP_gurobi_bound: solver finished in 1.384 s (time_limit=100.0 s, status=OPTIMAL)
[ Info: slice 2, lp_score: 5405.0, primal_bound: 5408.0
[ Info: new_scs: [33]
[ Info: lp_scores: [5408.0]
[ Info: lp_scores: 5408.0
[ Info: current num of unfinished slices: 21, finished slices: 5
                      ┌                                        ┐ 
                   33 ┤■■■■■■■ 1                                 
                   34 ┤ 0                                        
                   35 ┤ 0                                        
                   36 ┤ 0                                        
                   37 ┤ 0                                        
                   38 ┤ 0                                        
                   39 ┤ 0                                        
                   40 ┤ 0                                        
                   41 ┤■■■■■■■ 1                                 
                   42 ┤■■■■■■■ 1                                 
                   43 ┤■■■■■■■ 1                                 
                   44 ┤ 0                                        
                   45 ┤■■■■■■■ 1                                 
   sc, target = 31 46 ┤ 0                                        
                   47 ┤ 0                                        
                   48 ┤ 0                                        
                   49 ┤■■■■■■■ 1                                 
                   50 ┤■■■■■■■ 1                                 
                   51 ┤■■■■■■■■■■■■■■■■■■■■■■■■■■■■■■■■■■■■■ 5   
                   52 ┤■■■■■■■ 1                                 
                   53 ┤■■■■■■■ 1                                 
                   54 ┤■■■■■■■ 1                                 
                   55 ┤■■■■■■■■■■■■■■■ 2                         
                   56 ┤ 0                                        
                   57 ┤ 0                                        
                   58 ┤■■■■■■■■■■■■■■■ 2                         
                   59 ┤■■■■■■■ 1                                 
                   60 ┤■■■■■■■ 1                                 
                      └                                        ┘ 
                                     num of slices               
[ Info: slicing branch with sc: 33.0
[ Info: cc.sc: 33.0
region size: 10
tbl0_rows:38 filtered_rows:38
QIP_gurobi_bound: solver finished in 1.378 s (time_limit=100.0 s, status=OPTIMAL)
[ Info: slice 1, lp_score: 5408.0, primal_bound: 5408.0
[ Info: new_scs: [33]
[ Info: lp_scores: [5408.0]
[ Info: lp_scores: 5408.0
[ Info: current num of unfinished slices: 21, finished slices: 5
                      ┌                                        ┐ 
                   33 ┤■■■■■■■ 1                                 
                   34 ┤ 0                                        
                   35 ┤ 0                                        
                   36 ┤ 0                                        
                   37 ┤ 0                                        
                   38 ┤ 0                                        
                   39 ┤ 0                                        
                   40 ┤ 0                                        
                   41 ┤■■■■■■■ 1                                 
                   42 ┤■■■■■■■ 1                                 
                   43 ┤■■■■■■■ 1                                 
                   44 ┤ 0                                        
                   45 ┤■■■■■■■ 1                                 
   sc, target = 31 46 ┤ 0                                        
                   47 ┤ 0                                        
                   48 ┤ 0                                        
                   49 ┤■■■■■■■ 1                                 
                   50 ┤■■■■■■■ 1                                 
                   51 ┤■■■■■■■■■■■■■■■■■■■■■■■■■■■■■■■■■■■■■ 5   
                   52 ┤■■■■■■■ 1                                 
                   53 ┤■■■■■■■ 1                                 
                   54 ┤■■■■■■■ 1                                 
                   55 ┤■■■■■■■■■■■■■■■ 2                         
                   56 ┤ 0                                        
                   57 ┤ 0                                        
                   58 ┤■■■■■■■■■■■■■■■ 2                         
                   59 ┤■■■■■■■ 1                                 
                   60 ┤■■■■■■■ 1                                 
                      └                                        ┘ 
                                     num of slices               
[ Info: slicing branch with sc: 33.0
[ Info: cc.sc: 33.0
region size: 10
tbl0_rows:16 filtered_rows:16
QIP_gurobi_bound: solver finished in 1.201 s (time_limit=100.0 s, status=OPTIMAL)
[ Info: slice 1, lp_score: 5408.0, primal_bound: 5408.0
QIP_gurobi_bound: solver finished in 1.39 s (time_limit=100.0 s, status=OPTIMAL)
[ Info: slice 2, lp_score: 5408.0, primal_bound: 5408.0
[ Info: new_scs: [32, 32]
[ Info: lp_scores: [5408.0, 5408.0]
[ Info: lp_scores: 5408.0
[ Info: lp_scores: 5408.0
[ Info: current num of unfinished slices: 22, finished slices: 5
                      ┌                                        ┐ 
                   32 ┤■■■■■■■■■■■■■■■ 2                         
                   33 ┤ 0                                        
                   34 ┤ 0                                        
                   35 ┤ 0                                        
                   36 ┤ 0                                        
                   37 ┤ 0                                        
                   38 ┤ 0                                        
                   39 ┤ 0                                        
                   40 ┤ 0                                        
                   41 ┤■■■■■■■ 1                                 
                   42 ┤■■■■■■■ 1                                 
                   43 ┤■■■■■■■ 1                                 
                   44 ┤ 0                                        
                   45 ┤■■■■■■■ 1                                 
   sc, target = 31 46 ┤ 0                                        
                   47 ┤ 0                                        
                   48 ┤ 0                                        
                   49 ┤■■■■■■■ 1                                 
                   50 ┤■■■■■■■ 1                                 
                   51 ┤■■■■■■■■■■■■■■■■■■■■■■■■■■■■■■■■■■■■■ 5   
                   52 ┤■■■■■■■ 1                                 
                   53 ┤■■■■■■■ 1                                 
                   54 ┤■■■■■■■ 1                                 
                   55 ┤■■■■■■■■■■■■■■■ 2                         
                   56 ┤ 0                                        
                   57 ┤ 0                                        
                   58 ┤■■■■■■■■■■■■■■■ 2                         
                   59 ┤■■■■■■■ 1                                 
                   60 ┤■■■■■■■ 1                                 
                      └                                        ┘ 
                                     num of slices               
[ Info: slicing branch with sc: 32.0
[ Info: cc.sc: 32.0
region size: 10
tbl0_rows:88 filtered_rows:88
QIP_gurobi_bound: solver finished in 1.265 s (time_limit=100.0 s, status=OPTIMAL)
[ Info: slice 1, lp_score: 5406.0, primal_bound: 5408.0
QIP_gurobi_bound: solver finished in 1.253 s (time_limit=100.0 s, status=OPTIMAL)
[ Info: slice 2, lp_score: 5408.0, primal_bound: 5408.0
[ Info: new_scs: [31]
[ Info: lp_scores: [5408.0]
[ Info: lp_scores: 5408.0
[ Info: current num of unfinished slices: 22, finished slices: 5
                      ┌                                        ┐ 
                   31 ┤■■■■■■■ 1                                 
                   32 ┤■■■■■■■ 1                                 
                   33 ┤ 0                                        
                   34 ┤ 0                                        
                   35 ┤ 0                                        
                   36 ┤ 0                                        
                   37 ┤ 0                                        
                   38 ┤ 0                                        
                   39 ┤ 0                                        
                   40 ┤ 0                                        
                   41 ┤■■■■■■■ 1                                 
                   42 ┤■■■■■■■ 1                                 
                   43 ┤■■■■■■■ 1                                 
                   44 ┤ 0                                        
   sc, target = 31 45 ┤■■■■■■■ 1                                 
                   46 ┤ 0                                        
                   47 ┤ 0                                        
                   48 ┤ 0                                        
                   49 ┤■■■■■■■ 1                                 
                   50 ┤■■■■■■■ 1                                 
                   51 ┤■■■■■■■■■■■■■■■■■■■■■■■■■■■■■■■■■■■■■ 5   
                   52 ┤■■■■■■■ 1                                 
                   53 ┤■■■■■■■ 1                                 
                   54 ┤■■■■■■■ 1                                 
                   55 ┤■■■■■■■■■■■■■■■ 2                         
                   56 ┤ 0                                        
                   57 ┤ 0                                        
                   58 ┤■■■■■■■■■■■■■■■ 2                         
                   59 ┤■■■■■■■ 1                                 
                   60 ┤■■■■■■■ 1                                 
                      └                                        ┘ 
                                     num of slices               
[ Info: slicing branch with sc: 31.0
  [slice produced] sc=31.0 tc=45.8535262120085 nv=3540 ne=6902 r=71.0
QIP_value_gurobi: solver finished in 1.277 s (time_limit=604800.0 s, status=OPTIMAL)
[ Info: feasible solution: 5408.0, primal bound: 5408.0
[ Info: current num of unfinished slices: 21, finished slices: 6
                      ┌                                        ┐ 
                   32 ┤■■■■■■■ 1                                 
                   33 ┤ 0                                        
                   34 ┤ 0                                        
                   35 ┤ 0                                        
                   36 ┤ 0                                        
                   37 ┤ 0                                        
                   38 ┤ 0                                        
                   39 ┤ 0                                        
                   40 ┤ 0                                        
                   41 ┤■■■■■■■ 1                                 
                   42 ┤■■■■■■■ 1                                 
                   43 ┤■■■■■■■ 1                                 
                   44 ┤ 0                                        
                   45 ┤■■■■■■■ 1                                 
   sc, target = 31 46 ┤ 0                                        
                   47 ┤ 0                                        
                   48 ┤ 0                                        
                   49 ┤■■■■■■■ 1                                 
                   50 ┤■■■■■■■ 1                                 
                   51 ┤■■■■■■■■■■■■■■■■■■■■■■■■■■■■■■■■■■■■■ 5   
                   52 ┤■■■■■■■ 1                                 
                   53 ┤■■■■■■■ 1                                 
                   54 ┤■■■■■■■ 1                                 
                   55 ┤■■■■■■■■■■■■■■■ 2                         
                   56 ┤ 0                                        
                   57 ┤ 0                                        
                   58 ┤■■■■■■■■■■■■■■■ 2                         
                   59 ┤■■■■■■■ 1                                 
                   60 ┤■■■■■■■ 1                                 
                      └                                        ┘ 
                                     num of slices               
[ Info: slicing branch with sc: 32.0
[ Info: cc.sc: 32.0
region size: 10
tbl0_rows:24 filtered_rows:24
QIP_gurobi_bound: solver finished in 1.199 s (time_limit=100.0 s, status=OPTIMAL)
[ Info: slice 1, lp_score: 5408.0, primal_bound: 5408.0
QIP_gurobi_bound: solver finished in 1.365 s (time_limit=100.0 s, status=OPTIMAL)
[ Info: slice 2, lp_score: 5407.0, primal_bound: 5408.0
[ Info: new_scs: [31]
[ Info: lp_scores: [5408.0]
[ Info: lp_scores: 5408.0
[ Info: current num of unfinished slices: 21, finished slices: 6
                      ┌                                        ┐ 
                   31 ┤■■■■■■■ 1                                 
                   32 ┤ 0                                        
                   33 ┤ 0                                        
                   34 ┤ 0                                        
                   35 ┤ 0                                        
                   36 ┤ 0                                        
                   37 ┤ 0                                        
                   38 ┤ 0                                        
                   39 ┤ 0                                        
                   40 ┤ 0                                        
                   41 ┤■■■■■■■ 1                                 
                   42 ┤■■■■■■■ 1                                 
                   43 ┤■■■■■■■ 1                                 
                   44 ┤ 0                                        
   sc, target = 31 45 ┤■■■■■■■ 1                                 
                   46 ┤ 0                                        
                   47 ┤ 0                                        
                   48 ┤ 0                                        
                   49 ┤■■■■■■■ 1                                 
                   50 ┤■■■■■■■ 1                                 
                   51 ┤■■■■■■■■■■■■■■■■■■■■■■■■■■■■■■■■■■■■■ 5   
                   52 ┤■■■■■■■ 1                                 
                   53 ┤■■■■■■■ 1                                 
                   54 ┤■■■■■■■ 1                                 
                   55 ┤■■■■■■■■■■■■■■■ 2                         
                   56 ┤ 0                                        
                   57 ┤ 0                                        
                   58 ┤■■■■■■■■■■■■■■■ 2                         
                   59 ┤■■■■■■■ 1                                 
                   60 ┤■■■■■■■ 1                                 
                      └                                        ┘ 
                                     num of slices               
[ Info: slicing branch with sc: 31.0
  [slice produced] sc=31.0 tc=45.160759481764316 nv=3539 ne=6899 r=72.5
QIP_value_gurobi: solver finished in 1.172 s (time_limit=604800.0 s, status=OPTIMAL)
[ Info: feasible solution: 5408.0, primal bound: 5408.0
[ Info: current num of unfinished slices: 20, finished slices: 7
                      ┌                                        ┐ 
                   41 ┤■■■■■■■ 1                                 
                   42 ┤■■■■■■■ 1                                 
                   43 ┤■■■■■■■ 1                                 
                   44 ┤ 0                                        
                   45 ┤■■■■■■■ 1                                 
                   46 ┤ 0                                        
                   47 ┤ 0                                        
                   48 ┤ 0                                        
                   49 ┤■■■■■■■ 1                                 
   sc, target = 31 50 ┤■■■■■■■ 1                                 
                   51 ┤■■■■■■■■■■■■■■■■■■■■■■■■■■■■■■■■■■■■■ 5   
                   52 ┤■■■■■■■ 1                                 
                   53 ┤■■■■■■■ 1                                 
                   54 ┤■■■■■■■ 1                                 
                   55 ┤■■■■■■■■■■■■■■■ 2                         
                   56 ┤ 0                                        
                   57 ┤ 0                                        
                   58 ┤■■■■■■■■■■■■■■■ 2                         
                   59 ┤■■■■■■■ 1                                 
                   60 ┤■■■■■■■ 1                                 
                      └                                        ┘ 
                                     num of slices               
[ Info: slicing branch with sc: 42.0
[ Info: cc.sc: 42.0
region size: 10
tbl0_rows:49 filtered_rows:49
QIP_gurobi_bound: solver finished in 1.287 s (time_limit=100.0 s, status=OPTIMAL)
[ Info: slice 1, lp_score: 5408.0, primal_bound: 5408.0
QIP_gurobi_bound: solver finished in 1.265 s (time_limit=100.0 s, status=OPTIMAL)
[ Info: slice 2, lp_score: 5405.0, primal_bound: 5408.0
[ Info: new_scs: [40]
[ Info: lp_scores: [5408.0]
[ Info: lp_scores: 5408.0
[ Info: current num of unfinished slices: 20, finished slices: 7
                      ┌                                        ┐ 
                   40 ┤■■■■■■■ 1                                 
                   41 ┤■■■■■■■ 1                                 
                   42 ┤ 0                                        
                   43 ┤■■■■■■■ 1                                 
                   44 ┤ 0                                        
                   45 ┤■■■■■■■ 1                                 
                   46 ┤ 0                                        
                   47 ┤ 0                                        
                   48 ┤ 0                                        
                   49 ┤■■■■■■■ 1                                 
   sc, target = 31 50 ┤■■■■■■■ 1                                 
                   51 ┤■■■■■■■■■■■■■■■■■■■■■■■■■■■■■■■■■■■■■ 5   
                   52 ┤■■■■■■■ 1                                 
                   53 ┤■■■■■■■ 1                                 
                   54 ┤■■■■■■■ 1                                 
                   55 ┤■■■■■■■■■■■■■■■ 2                         
                   56 ┤ 0                                        
                   57 ┤ 0                                        
                   58 ┤■■■■■■■■■■■■■■■ 2                         
                   59 ┤■■■■■■■ 1                                 
                   60 ┤■■■■■■■ 1                                 
                      └                                        ┘ 
                                     num of slices               
[ Info: slicing branch with sc: 40.0
[ Info: cc.sc: 40.0
region size: 10
tbl0_rows:39 filtered_rows:39
QIP_gurobi_bound: solver finished in 1.245 s (time_limit=100.0 s, status=OPTIMAL)
[ Info: slice 1, lp_score: 5408.0, primal_bound: 5408.0
[ Info: new_scs: [40]
[ Info: lp_scores: [5408.0]
[ Info: lp_scores: 5408.0
[ Info: current num of unfinished slices: 20, finished slices: 7
                      ┌                                        ┐ 
                   40 ┤■■■■■■■ 1                                 
                   41 ┤■■■■■■■ 1                                 
                   42 ┤ 0                                        
                   43 ┤■■■■■■■ 1                                 
                   44 ┤ 0                                        
                   45 ┤■■■■■■■ 1                                 
                   46 ┤ 0                                        
                   47 ┤ 0                                        
                   48 ┤ 0                                        
                   49 ┤■■■■■■■ 1                                 
   sc, target = 31 50 ┤■■■■■■■ 1                                 
                   51 ┤■■■■■■■■■■■■■■■■■■■■■■■■■■■■■■■■■■■■■ 5   
                   52 ┤■■■■■■■ 1                                 
                   53 ┤■■■■■■■ 1                                 
                   54 ┤■■■■■■■ 1                                 
                   55 ┤■■■■■■■■■■■■■■■ 2                         
                   56 ┤ 0                                        
                   57 ┤ 0                                        
                   58 ┤■■■■■■■■■■■■■■■ 2                         
                   59 ┤■■■■■■■ 1                                 
                   60 ┤■■■■■■■ 1                                 
                      └                                        ┘ 
                                     num of slices               
[ Info: slicing branch with sc: 40.0
[ Info: cc.sc: 40.0
region size: 10
tbl0_rows:49 filtered_rows:49
QIP_gurobi_bound: solver finished in 1.284 s (time_limit=100.0 s, status=OPTIMAL)
[ Info: slice 1, lp_score: 5405.0, primal_bound: 5408.0
QIP_gurobi_bound: solver finished in 1.376 s (time_limit=100.0 s, status=OPTIMAL)
[ Info: slice 2, lp_score: 5408.0, primal_bound: 5408.0
[ Info: new_scs: [38]
[ Info: lp_scores: [5408.0]
[ Info: lp_scores: 5408.0
[ Info: current num of unfinished slices: 20, finished slices: 7
                      ┌                                        ┐ 
                   38 ┤■■■■■■■ 1                                 
                   39 ┤ 0                                        
                   40 ┤ 0                                        
                   41 ┤■■■■■■■ 1                                 
                   42 ┤ 0                                        
                   43 ┤■■■■■■■ 1                                 
                   44 ┤ 0                                        
                   45 ┤■■■■■■■ 1                                 
                   46 ┤ 0                                        
                   47 ┤ 0                                        
                   48 ┤ 0                                        
   sc, target = 31 49 ┤■■■■■■■ 1                                 
                   50 ┤■■■■■■■ 1                                 
                   51 ┤■■■■■■■■■■■■■■■■■■■■■■■■■■■■■■■■■■■■■ 5   
                   52 ┤■■■■■■■ 1                                 
                   53 ┤■■■■■■■ 1                                 
                   54 ┤■■■■■■■ 1                                 
                   55 ┤■■■■■■■■■■■■■■■ 2                         
                   56 ┤ 0                                        
                   57 ┤ 0                                        
                   58 ┤■■■■■■■■■■■■■■■ 2                         
                   59 ┤■■■■■■■ 1                                 
                   60 ┤■■■■■■■ 1                                 
                      └                                        ┘ 
                                     num of slices               
[ Info: slicing branch with sc: 38.0
[ Info: cc.sc: 38.0
region size: 10
tbl0_rows:21 filtered_rows:21
QIP_gurobi_bound: solver finished in 1.427 s (time_limit=100.0 s, status=OPTIMAL)
[ Info: slice 1, lp_score: 5408.0, primal_bound: 5408.0
QIP_gurobi_bound: solver finished in 1.384 s (time_limit=100.0 s, status=OPTIMAL)
[ Info: slice 2, lp_score: 5396.0, primal_bound: 5408.0
[ Info: new_scs: [37]
[ Info: lp_scores: [5408.0]
[ Info: lp_scores: 5408.0
[ Info: current num of unfinished slices: 20, finished slices: 7
                      ┌                                        ┐ 
                   37 ┤■■■■■■■ 1                                 
                   38 ┤ 0                                        
                   39 ┤ 0                                        
                   40 ┤ 0                                        
                   41 ┤■■■■■■■ 1                                 
                   42 ┤ 0                                        
                   43 ┤■■■■■■■ 1                                 
                   44 ┤ 0                                        
                   45 ┤■■■■■■■ 1                                 
                   46 ┤ 0                                        
                   47 ┤ 0                                        
   sc, target = 31 48 ┤ 0                                        
                   49 ┤■■■■■■■ 1                                 
                   50 ┤■■■■■■■ 1                                 
                   51 ┤■■■■■■■■■■■■■■■■■■■■■■■■■■■■■■■■■■■■■ 5   
                   52 ┤■■■■■■■ 1                                 
                   53 ┤■■■■■■■ 1                                 
                   54 ┤■■■■■■■ 1                                 
                   55 ┤■■■■■■■■■■■■■■■ 2                         
                   56 ┤ 0                                        
                   57 ┤ 0                                        
                   58 ┤■■■■■■■■■■■■■■■ 2                         
                   59 ┤■■■■■■■ 1                                 
                   60 ┤■■■■■■■ 1                                 
                      └                                        ┘ 
                                     num of slices               
[ Info: slicing branch with sc: 37.0
[ Info: cc.sc: 37.0
region size: 10
tbl0_rows:10 filtered_rows:10
QIP_gurobi_bound: solver finished in 1.235 s (time_limit=100.0 s, status=OPTIMAL)
[ Info: slice 1, lp_score: 5402.0, primal_bound: 5408.0
QIP_gurobi_bound: solver finished in 1.689 s (time_limit=100.0 s, status=OPTIMAL)
[ Info: slice 2, lp_score: 5408.0, primal_bound: 5408.0
[ Info: new_scs: [36]
[ Info: lp_scores: [5408.0]
[ Info: lp_scores: 5408.0
[ Info: current num of unfinished slices: 20, finished slices: 7
                      ┌                                        ┐ 
                   36 ┤■■■■■■■ 1                                 
                   37 ┤ 0                                        
                   38 ┤ 0                                        
                   39 ┤ 0                                        
                   40 ┤ 0                                        
                   41 ┤■■■■■■■ 1                                 
                   42 ┤ 0                                        
                   43 ┤■■■■■■■ 1                                 
                   44 ┤ 0                                        
                   45 ┤■■■■■■■ 1                                 
                   46 ┤ 0                                        
                   47 ┤ 0                                        
   sc, target = 31 48 ┤ 0                                        
                   49 ┤■■■■■■■ 1                                 
                   50 ┤■■■■■■■ 1                                 
                   51 ┤■■■■■■■■■■■■■■■■■■■■■■■■■■■■■■■■■■■■■ 5   
                   52 ┤■■■■■■■ 1                                 
                   53 ┤■■■■■■■ 1                                 
                   54 ┤■■■■■■■ 1                                 
                   55 ┤■■■■■■■■■■■■■■■ 2                         
                   56 ┤ 0                                        
                   57 ┤ 0                                        
                   58 ┤■■■■■■■■■■■■■■■ 2                         
                   59 ┤■■■■■■■ 1                                 
                   60 ┤■■■■■■■ 1                                 
                      └                                        ┘ 
                                     num of slices               
[ Info: slicing branch with sc: 36.0
[ Info: cc.sc: 36.0
region size: 10
tbl0_rows:32 filtered_rows:32
QIP_gurobi_bound: solver finished in 1.341 s (time_limit=100.0 s, status=OPTIMAL)
[ Info: slice 1, lp_score: 5408.0, primal_bound: 5408.0
QIP_gurobi_bound: solver finished in 1.328 s (time_limit=100.0 s, status=OPTIMAL)
[ Info: slice 2, lp_score: 5405.0, primal_bound: 5408.0
[ Info: new_scs: [35]
[ Info: lp_scores: [5408.0]
[ Info: lp_scores: 5408.0
[ Info: current num of unfinished slices: 20, finished slices: 7
                      ┌                                        ┐ 
                   35 ┤■■■■■■■ 1                                 
                   36 ┤ 0                                        
                   37 ┤ 0                                        
                   38 ┤ 0                                        
                   39 ┤ 0                                        
                   40 ┤ 0                                        
                   41 ┤■■■■■■■ 1                                 
                   42 ┤ 0                                        
                   43 ┤■■■■■■■ 1                                 
                   44 ┤ 0                                        
                   45 ┤■■■■■■■ 1                                 
                   46 ┤ 0                                        
   sc, target = 31 47 ┤ 0                                        
                   48 ┤ 0                                        
                   49 ┤■■■■■■■ 1                                 
                   50 ┤■■■■■■■ 1                                 
                   51 ┤■■■■■■■■■■■■■■■■■■■■■■■■■■■■■■■■■■■■■ 5   
                   52 ┤■■■■■■■ 1                                 
                   53 ┤■■■■■■■ 1                                 
                   54 ┤■■■■■■■ 1                                 
                   55 ┤■■■■■■■■■■■■■■■ 2                         
                   56 ┤ 0                                        
                   57 ┤ 0                                        
                   58 ┤■■■■■■■■■■■■■■■ 2                         
                   59 ┤■■■■■■■ 1                                 
                   60 ┤■■■■■■■ 1                                 
                      └                                        ┘ 
                                     num of slices               
[ Info: slicing branch with sc: 35.0
[ Info: cc.sc: 35.0
region size: 10
tbl0_rows:50 filtered_rows:50
QIP_gurobi_bound: solver finished in 1.769 s (time_limit=100.0 s, status=OPTIMAL)
[ Info: slice 1, lp_score: 5407.0, primal_bound: 5408.0
QIP_gurobi_bound: solver finished in 1.269 s (time_limit=100.0 s, status=OPTIMAL)
[ Info: slice 2, lp_score: 5408.0, primal_bound: 5408.0
[ Info: new_scs: [35]
[ Info: lp_scores: [5408.0]
[ Info: lp_scores: 5408.0
[ Info: current num of unfinished slices: 20, finished slices: 7
                      ┌                                        ┐ 
                   35 ┤■■■■■■■ 1                                 
                   36 ┤ 0                                        
                   37 ┤ 0                                        
                   38 ┤ 0                                        
                   39 ┤ 0                                        
                   40 ┤ 0                                        
                   41 ┤■■■■■■■ 1                                 
                   42 ┤ 0                                        
                   43 ┤■■■■■■■ 1                                 
                   44 ┤ 0                                        
                   45 ┤■■■■■■■ 1                                 
                   46 ┤ 0                                        
   sc, target = 31 47 ┤ 0                                        
                   48 ┤ 0                                        
                   49 ┤■■■■■■■ 1                                 
                   50 ┤■■■■■■■ 1                                 
                   51 ┤■■■■■■■■■■■■■■■■■■■■■■■■■■■■■■■■■■■■■ 5   
                   52 ┤■■■■■■■ 1                                 
                   53 ┤■■■■■■■ 1                                 
                   54 ┤■■■■■■■ 1                                 
                   55 ┤■■■■■■■■■■■■■■■ 2                         
                   56 ┤ 0                                        
                   57 ┤ 0                                        
                   58 ┤■■■■■■■■■■■■■■■ 2                         
                   59 ┤■■■■■■■ 1                                 
                   60 ┤■■■■■■■ 1                                 
                      └                                        ┘ 
                                     num of slices               
[ Info: slicing branch with sc: 35.0
[ Info: cc.sc: 35.0
region size: 10
tbl0_rows:15 filtered_rows:15
QIP_gurobi_bound: solver finished in 1.264 s (time_limit=100.0 s, status=OPTIMAL)
[ Info: slice 1, lp_score: 5408.0, primal_bound: 5408.0
QIP_gurobi_bound: solver finished in 1.47 s (time_limit=100.0 s, status=OPTIMAL)
[ Info: slice 2, lp_score: 5399.0, primal_bound: 5408.0
[ Info: new_scs: [35]
[ Info: lp_scores: [5408.0]
[ Info: lp_scores: 5408.0
[ Info: current num of unfinished slices: 20, finished slices: 7
                      ┌                                        ┐ 
                   35 ┤■■■■■■■ 1                                 
                   36 ┤ 0                                        
                   37 ┤ 0                                        
                   38 ┤ 0                                        
                   39 ┤ 0                                        
                   40 ┤ 0                                        
                   41 ┤■■■■■■■ 1                                 
                   42 ┤ 0                                        
                   43 ┤■■■■■■■ 1                                 
                   44 ┤ 0                                        
                   45 ┤■■■■■■■ 1                                 
                   46 ┤ 0                                        
   sc, target = 31 47 ┤ 0                                        
                   48 ┤ 0                                        
                   49 ┤■■■■■■■ 1                                 
                   50 ┤■■■■■■■ 1                                 
                   51 ┤■■■■■■■■■■■■■■■■■■■■■■■■■■■■■■■■■■■■■ 5   
                   52 ┤■■■■■■■ 1                                 
                   53 ┤■■■■■■■ 1                                 
                   54 ┤■■■■■■■ 1                                 
                   55 ┤■■■■■■■■■■■■■■■ 2                         
                   56 ┤ 0                                        
                   57 ┤ 0                                        
                   58 ┤■■■■■■■■■■■■■■■ 2                         
                   59 ┤■■■■■■■ 1                                 
                   60 ┤■■■■■■■ 1                                 
                      └                                        ┘ 
                                     num of slices               
[ Info: slicing branch with sc: 35.0
[ Info: cc.sc: 35.0
region size: 10
tbl0_rows:18 filtered_rows:18
QIP_gurobi_bound: solver finished in 1.274 s (time_limit=100.0 s, status=OPTIMAL)
[ Info: slice 1, lp_score: 5401.0, primal_bound: 5408.0
QIP_gurobi_bound: solver finished in 1.399 s (time_limit=100.0 s, status=OPTIMAL)
[ Info: slice 2, lp_score: 5408.0, primal_bound: 5408.0
[ Info: new_scs: [35]
[ Info: lp_scores: [5408.0]
[ Info: lp_scores: 5408.0
[ Info: current num of unfinished slices: 20, finished slices: 7
                      ┌                                        ┐ 
                   35 ┤■■■■■■■ 1                                 
                   36 ┤ 0                                        
                   37 ┤ 0                                        
                   38 ┤ 0                                        
                   39 ┤ 0                                        
                   40 ┤ 0                                        
                   41 ┤■■■■■■■ 1                                 
                   42 ┤ 0                                        
                   43 ┤■■■■■■■ 1                                 
                   44 ┤ 0                                        
                   45 ┤■■■■■■■ 1                                 
                   46 ┤ 0                                        
   sc, target = 31 47 ┤ 0                                        
                   48 ┤ 0                                        
                   49 ┤■■■■■■■ 1                                 
                   50 ┤■■■■■■■ 1                                 
                   51 ┤■■■■■■■■■■■■■■■■■■■■■■■■■■■■■■■■■■■■■ 5   
                   52 ┤■■■■■■■ 1                                 
                   53 ┤■■■■■■■ 1                                 
                   54 ┤■■■■■■■ 1                                 
                   55 ┤■■■■■■■■■■■■■■■ 2                         
                   56 ┤ 0                                        
                   57 ┤ 0                                        
                   58 ┤■■■■■■■■■■■■■■■ 2                         
                   59 ┤■■■■■■■ 1                                 
                   60 ┤■■■■■■■ 1                                 
                      └                                        ┘ 
                                     num of slices               
[ Info: slicing branch with sc: 35.0
[ Info: cc.sc: 35.0
region size: 10
tbl0_rows:67 filtered_rows:67
QIP_gurobi_bound: solver finished in 1.281 s (time_limit=100.0 s, status=OPTIMAL)
[ Info: slice 1, lp_score: 5408.0, primal_bound: 5408.0
QIP_gurobi_bound: solver finished in 5.859 s (time_limit=100.0 s, status=OPTIMAL)
[ Info: slice 2, lp_score: 5407.0, primal_bound: 5408.0
[ Info: new_scs: [34]
[ Info: lp_scores: [5408.0]
[ Info: lp_scores: 5408.0
[ Info: current num of unfinished slices: 20, finished slices: 7
                      ┌                                        ┐ 
                   34 ┤■■■■■■■ 1                                 
                   35 ┤ 0                                        
                   36 ┤ 0                                        
                   37 ┤ 0                                        
                   38 ┤ 0                                        
                   39 ┤ 0                                        
                   40 ┤ 0                                        
                   41 ┤■■■■■■■ 1                                 
                   42 ┤ 0                                        
                   43 ┤■■■■■■■ 1                                 
                   44 ┤ 0                                        
                   45 ┤■■■■■■■ 1                                 
                   46 ┤ 0                                        
   sc, target = 31 47 ┤ 0                                        
                   48 ┤ 0                                        
                   49 ┤■■■■■■■ 1                                 
                   50 ┤■■■■■■■ 1                                 
                   51 ┤■■■■■■■■■■■■■■■■■■■■■■■■■■■■■■■■■■■■■ 5   
                   52 ┤■■■■■■■ 1                                 
                   53 ┤■■■■■■■ 1                                 
                   54 ┤■■■■■■■ 1                                 
                   55 ┤■■■■■■■■■■■■■■■ 2                         
                   56 ┤ 0                                        
                   57 ┤ 0                                        
                   58 ┤■■■■■■■■■■■■■■■ 2                         
                   59 ┤■■■■■■■ 1                                 
                   60 ┤■■■■■■■ 1                                 
                      └                                        ┘ 
                                     num of slices               
[ Info: slicing branch with sc: 34.0
[ Info: cc.sc: 34.0
region size: 10
tbl0_rows:65 filtered_rows:65
QIP_gurobi_bound: solver finished in 1.264 s (time_limit=100.0 s, status=OPTIMAL)
[ Info: slice 1, lp_score: 5408.0, primal_bound: 5408.0
QIP_gurobi_bound: solver finished in 1.811 s (time_limit=100.0 s, status=OPTIMAL)
[ Info: slice 2, lp_score: 5405.0, primal_bound: 5408.0
[ Info: new_scs: [34]
[ Info: lp_scores: [5408.0]
[ Info: lp_scores: 5408.0
[ Info: current num of unfinished slices: 20, finished slices: 7
                      ┌                                        ┐ 
                   34 ┤■■■■■■■ 1                                 
                   35 ┤ 0                                        
                   36 ┤ 0                                        
                   37 ┤ 0                                        
                   38 ┤ 0                                        
                   39 ┤ 0                                        
                   40 ┤ 0                                        
                   41 ┤■■■■■■■ 1                                 
                   42 ┤ 0                                        
                   43 ┤■■■■■■■ 1                                 
                   44 ┤ 0                                        
                   45 ┤■■■■■■■ 1                                 
                   46 ┤ 0                                        
   sc, target = 31 47 ┤ 0                                        
                   48 ┤ 0                                        
                   49 ┤■■■■■■■ 1                                 
                   50 ┤■■■■■■■ 1                                 
                   51 ┤■■■■■■■■■■■■■■■■■■■■■■■■■■■■■■■■■■■■■ 5   
                   52 ┤■■■■■■■ 1                                 
                   53 ┤■■■■■■■ 1                                 
                   54 ┤■■■■■■■ 1                                 
                   55 ┤■■■■■■■■■■■■■■■ 2                         
                   56 ┤ 0                                        
                   57 ┤ 0                                        
                   58 ┤■■■■■■■■■■■■■■■ 2                         
                   59 ┤■■■■■■■ 1                                 
                   60 ┤■■■■■■■ 1                                 
                      └                                        ┘ 
                                     num of slices               
[ Info: slicing branch with sc: 34.0
[ Info: cc.sc: 34.0
region size: 10
tbl0_rows:74 filtered_rows:74
QIP_gurobi_bound: solver finished in 1.247 s (time_limit=100.0 s, status=OPTIMAL)
[ Info: slice 1, lp_score: 5405.0, primal_bound: 5408.0
QIP_gurobi_bound: solver finished in 1.15 s (time_limit=100.0 s, status=OPTIMAL)
[ Info: slice 2, lp_score: 5408.0, primal_bound: 5408.0
[ Info: new_scs: [34]
[ Info: lp_scores: [5408.0]
[ Info: lp_scores: 5408.0
[ Info: current num of unfinished slices: 20, finished slices: 7
                      ┌                                        ┐ 
                   34 ┤■■■■■■■ 1                                 
                   35 ┤ 0                                        
                   36 ┤ 0                                        
                   37 ┤ 0                                        
                   38 ┤ 0                                        
                   39 ┤ 0                                        
                   40 ┤ 0                                        
                   41 ┤■■■■■■■ 1                                 
                   42 ┤ 0                                        
                   43 ┤■■■■■■■ 1                                 
                   44 ┤ 0                                        
                   45 ┤■■■■■■■ 1                                 
                   46 ┤ 0                                        
   sc, target = 31 47 ┤ 0                                        
                   48 ┤ 0                                        
                   49 ┤■■■■■■■ 1                                 
                   50 ┤■■■■■■■ 1                                 
                   51 ┤■■■■■■■■■■■■■■■■■■■■■■■■■■■■■■■■■■■■■ 5   
                   52 ┤■■■■■■■ 1                                 
                   53 ┤■■■■■■■ 1                                 
                   54 ┤■■■■■■■ 1                                 
                   55 ┤■■■■■■■■■■■■■■■ 2                         
                   56 ┤ 0                                        
                   57 ┤ 0                                        
                   58 ┤■■■■■■■■■■■■■■■ 2                         
                   59 ┤■■■■■■■ 1                                 
                   60 ┤■■■■■■■ 1                                 
                      └                                        ┘ 
                                     num of slices               
[ Info: slicing branch with sc: 34.0
[ Info: cc.sc: 34.0
region size: 10
tbl0_rows:16 filtered_rows:16
QIP_gurobi_bound: solver finished in 1.285 s (time_limit=100.0 s, status=OPTIMAL)
[ Info: slice 1, lp_score: 5408.0, primal_bound: 5408.0
QIP_gurobi_bound: solver finished in 1.278 s (time_limit=100.0 s, status=OPTIMAL)
[ Info: slice 2, lp_score: 5408.0, primal_bound: 5408.0
[ Info: new_scs: [33, 33]
[ Info: lp_scores: [5408.0, 5408.0]
[ Info: lp_scores: 5408.0
[ Info: lp_scores: 5408.0
[ Info: current num of unfinished slices: 21, finished slices: 7
                      ┌                                        ┐ 
                   33 ┤■■■■■■■■■■■■■■■ 2                         
                   34 ┤ 0                                        
                   35 ┤ 0                                        
                   36 ┤ 0                                        
                   37 ┤ 0                                        
                   38 ┤ 0                                        
                   39 ┤ 0                                        
                   40 ┤ 0                                        
                   41 ┤■■■■■■■ 1                                 
                   42 ┤ 0                                        
                   43 ┤■■■■■■■ 1                                 
                   44 ┤ 0                                        
                   45 ┤■■■■■■■ 1                                 
   sc, target = 31 46 ┤ 0                                        
                   47 ┤ 0                                        
                   48 ┤ 0                                        
                   49 ┤■■■■■■■ 1                                 
                   50 ┤■■■■■■■ 1                                 
                   51 ┤■■■■■■■■■■■■■■■■■■■■■■■■■■■■■■■■■■■■■ 5   
                   52 ┤■■■■■■■ 1                                 
                   53 ┤■■■■■■■ 1                                 
                   54 ┤■■■■■■■ 1                                 
                   55 ┤■■■■■■■■■■■■■■■ 2                         
                   56 ┤ 0                                        
                   57 ┤ 0                                        
                   58 ┤■■■■■■■■■■■■■■■ 2                         
                   59 ┤■■■■■■■ 1                                 
                   60 ┤■■■■■■■ 1                                 
                      └                                        ┘ 
                                     num of slices               
[ Info: slicing branch with sc: 33.0
[ Info: cc.sc: 33.0
region size: 10
tbl0_rows:10 filtered_rows:10
QIP_gurobi_bound: solver finished in 1.285 s (time_limit=100.0 s, status=OPTIMAL)
[ Info: slice 1, lp_score: 5408.0, primal_bound: 5408.0
[ Info: new_scs: [32]
[ Info: lp_scores: [5408.0]
[ Info: lp_scores: 5408.0
[ Info: current num of unfinished slices: 21, finished slices: 7
                      ┌                                        ┐ 
                   32 ┤■■■■■■■ 1                                 
                   33 ┤■■■■■■■ 1                                 
                   34 ┤ 0                                        
                   35 ┤ 0                                        
                   36 ┤ 0                                        
                   37 ┤ 0                                        
                   38 ┤ 0                                        
                   39 ┤ 0                                        
                   40 ┤ 0                                        
                   41 ┤■■■■■■■ 1                                 
                   42 ┤ 0                                        
                   43 ┤■■■■■■■ 1                                 
                   44 ┤ 0                                        
                   45 ┤■■■■■■■ 1                                 
   sc, target = 31 46 ┤ 0                                        
                   47 ┤ 0                                        
                   48 ┤ 0                                        
                   49 ┤■■■■■■■ 1                                 
                   50 ┤■■■■■■■ 1                                 
                   51 ┤■■■■■■■■■■■■■■■■■■■■■■■■■■■■■■■■■■■■■ 5   
                   52 ┤■■■■■■■ 1                                 
                   53 ┤■■■■■■■ 1                                 
                   54 ┤■■■■■■■ 1                                 
                   55 ┤■■■■■■■■■■■■■■■ 2                         
                   56 ┤ 0                                        
                   57 ┤ 0                                        
                   58 ┤■■■■■■■■■■■■■■■ 2                         
                   59 ┤■■■■■■■ 1                                 
                   60 ┤■■■■■■■ 1                                 
                      └                                        ┘ 
                                     num of slices               
[ Info: slicing branch with sc: 32.0
[ Info: cc.sc: 32.0
region size: 10
tbl0_rows:57 filtered_rows:57
QIP_gurobi_bound: solver finished in 1.335 s (time_limit=100.0 s, status=OPTIMAL)
[ Info: slice 1, lp_score: 5408.0, primal_bound: 5408.0
QIP_gurobi_bound: solver finished in 1.256 s (time_limit=100.0 s, status=OPTIMAL)
[ Info: slice 2, lp_score: 5406.0, primal_bound: 5408.0
[ Info: new_scs: [31]
[ Info: lp_scores: [5408.0]
[ Info: lp_scores: 5408.0
[ Info: current num of unfinished slices: 21, finished slices: 7
                      ┌                                        ┐ 
                   31 ┤■■■■■■■ 1                                 
                   32 ┤ 0                                        
                   33 ┤■■■■■■■ 1                                 
                   34 ┤ 0                                        
                   35 ┤ 0                                        
                   36 ┤ 0                                        
                   37 ┤ 0                                        
                   38 ┤ 0                                        
                   39 ┤ 0                                        
                   40 ┤ 0                                        
                   41 ┤■■■■■■■ 1                                 
                   42 ┤ 0                                        
                   43 ┤■■■■■■■ 1                                 
                   44 ┤ 0                                        
   sc, target = 31 45 ┤■■■■■■■ 1                                 
                   46 ┤ 0                                        
                   47 ┤ 0                                        
                   48 ┤ 0                                        
                   49 ┤■■■■■■■ 1                                 
                   50 ┤■■■■■■■ 1                                 
                   51 ┤■■■■■■■■■■■■■■■■■■■■■■■■■■■■■■■■■■■■■ 5   
                   52 ┤■■■■■■■ 1                                 
                   53 ┤■■■■■■■ 1                                 
                   54 ┤■■■■■■■ 1                                 
                   55 ┤■■■■■■■■■■■■■■■ 2                         
                   56 ┤ 0                                        
                   57 ┤ 0                                        
                   58 ┤■■■■■■■■■■■■■■■ 2                         
                   59 ┤■■■■■■■ 1                                 
                   60 ┤■■■■■■■ 1                                 
                      └                                        ┘ 
                                     num of slices               
[ Info: slicing branch with sc: 31.0
  [slice produced] sc=31.0 tc=45.4430537088922 nv=3537 ne=6894 r=75.5
QIP_value_gurobi: solver finished in 1.332 s (time_limit=604800.0 s, status=OPTIMAL)
[ Info: feasible solution: 5408.0, primal bound: 5408.0
[ Info: current num of unfinished slices: 20, finished slices: 8
                      ┌                                        ┐ 
                   33 ┤■■■■■■■ 1                                 
                   34 ┤ 0                                        
                   35 ┤ 0                                        
                   36 ┤ 0                                        
                   37 ┤ 0                                        
                   38 ┤ 0                                        
                   39 ┤ 0                                        
                   40 ┤ 0                                        
                   41 ┤■■■■■■■ 1                                 
                   42 ┤ 0                                        
                   43 ┤■■■■■■■ 1                                 
                   44 ┤ 0                                        
                   45 ┤■■■■■■■ 1                                 
   sc, target = 31 46 ┤ 0                                        
                   47 ┤ 0                                        
                   48 ┤ 0                                        
                   49 ┤■■■■■■■ 1                                 
                   50 ┤■■■■■■■ 1                                 
                   51 ┤■■■■■■■■■■■■■■■■■■■■■■■■■■■■■■■■■■■■■ 5   
                   52 ┤■■■■■■■ 1                                 
                   53 ┤■■■■■■■ 1                                 
                   54 ┤■■■■■■■ 1                                 
                   55 ┤■■■■■■■■■■■■■■■ 2                         
                   56 ┤ 0                                        
                   57 ┤ 0                                        
                   58 ┤■■■■■■■■■■■■■■■ 2                         
                   59 ┤■■■■■■■ 1                                 
                   60 ┤■■■■■■■ 1                                 
                      └                                        ┘ 
                                     num of slices               
[ Info: slicing branch with sc: 33.0
[ Info: cc.sc: 33.0
region size: 10
tbl0_rows:10 filtered_rows:10
QIP_gurobi_bound: solver finished in 1.304 s (time_limit=100.0 s, status=OPTIMAL)
[ Info: slice 1, lp_score: 5408.0, primal_bound: 5408.0
[ Info: new_scs: [31]
[ Info: lp_scores: [5408.0]
[ Info: lp_scores: 5408.0
[ Info: current num of unfinished slices: 20, finished slices: 8
                      ┌                                        ┐ 
                   31 ┤■■■■■■■ 1                                 
                   32 ┤ 0                                        
                   33 ┤ 0                                        
                   34 ┤ 0                                        
                   35 ┤ 0                                        
                   36 ┤ 0                                        
                   37 ┤ 0                                        
                   38 ┤ 0                                        
                   39 ┤ 0                                        
                   40 ┤ 0                                        
                   41 ┤■■■■■■■ 1                                 
                   42 ┤ 0                                        
                   43 ┤■■■■■■■ 1                                 
                   44 ┤ 0                                        
   sc, target = 31 45 ┤■■■■■■■ 1                                 
                   46 ┤ 0                                        
                   47 ┤ 0                                        
                   48 ┤ 0                                        
                   49 ┤■■■■■■■ 1                                 
                   50 ┤■■■■■■■ 1                                 
                   51 ┤■■■■■■■■■■■■■■■■■■■■■■■■■■■■■■■■■■■■■ 5   
                   52 ┤■■■■■■■ 1                                 
                   53 ┤■■■■■■■ 1                                 
                   54 ┤■■■■■■■ 1                                 
                   55 ┤■■■■■■■■■■■■■■■ 2                         
                   56 ┤ 0                                        
                   57 ┤ 0                                        
                   58 ┤■■■■■■■■■■■■■■■ 2                         
                   59 ┤■■■■■■■ 1                                 
                   60 ┤■■■■■■■ 1                                 
                      └                                        ┘ 
                                     num of slices               
[ Info: slicing branch with sc: 31.0
  [slice produced] sc=31.0 tc=45.51602080199457 nv=3538 ne=6899 r=75.0
QIP_value_gurobi: solver finished in 1.296 s (time_limit=604800.0 s, status=OPTIMAL)
[ Info: feasible solution: 5408.0, primal bound: 5408.0
[ Info: current num of unfinished slices: 19, finished slices: 9
                      ┌                                        ┐ 
                   41 ┤■■■■■■■ 1                                 
                   42 ┤ 0                                        
                   43 ┤■■■■■■■ 1                                 
                   44 ┤ 0                                        
                   45 ┤■■■■■■■ 1                                 
                   46 ┤ 0                                        
                   47 ┤ 0                                        
                   48 ┤ 0                                        
                   49 ┤■■■■■■■ 1                                 
   sc, target = 31 50 ┤■■■■■■■ 1                                 
                   51 ┤■■■■■■■■■■■■■■■■■■■■■■■■■■■■■■■■■■■■■ 5   
                   52 ┤■■■■■■■ 1                                 
                   53 ┤■■■■■■■ 1                                 
                   54 ┤■■■■■■■ 1                                 
                   55 ┤■■■■■■■■■■■■■■■ 2                         
                   56 ┤ 0                                        
                   57 ┤ 0                                        
                   58 ┤■■■■■■■■■■■■■■■ 2                         
                   59 ┤■■■■■■■ 1                                 
                   60 ┤■■■■■■■ 1                                 
                      └                                        ┘ 
                                     num of slices               
[ Info: slicing branch with sc: 41.0
[ Info: cc.sc: 41.0
region size: 10
tbl0_rows:24 filtered_rows:24
QIP_gurobi_bound: solver finished in 1.179 s (time_limit=100.0 s, status=OPTIMAL)
[ Info: slice 1, lp_score: 5404.0, primal_bound: 5408.0
QIP_gurobi_bound: solver finished in 1.187 s (time_limit=100.0 s, status=OPTIMAL)
[ Info: slice 2, lp_score: 5394.0, primal_bound: 5408.0
[ Info: new_scs: Int64[]
[ Info: lp_scores: Float64[]
[ Info: current num of unfinished slices: 18, finished slices: 9
                      ┌                                        ┐ 
                   43 ┤■■■■■■■ 1                                 
                   44 ┤ 0                                        
                   45 ┤■■■■■■■ 1                                 
                   46 ┤ 0                                        
                   47 ┤ 0                                        
                   48 ┤ 0                                        
                   49 ┤■■■■■■■ 1                                 
                   50 ┤■■■■■■■ 1                                 
   sc, target = 31 51 ┤■■■■■■■■■■■■■■■■■■■■■■■■■■■■■■■■■■■■■ 5   
                   52 ┤■■■■■■■ 1                                 
                   53 ┤■■■■■■■ 1                                 
                   54 ┤■■■■■■■ 1                                 
                   55 ┤■■■■■■■■■■■■■■■ 2                         
                   56 ┤ 0                                        
                   57 ┤ 0                                        
                   58 ┤■■■■■■■■■■■■■■■ 2                         
                   59 ┤■■■■■■■ 1                                 
                   60 ┤■■■■■■■ 1                                 
                      └                                        ┘ 
                                     num of slices               
[ Info: slicing branch with sc: 43.0
[ Info: cc.sc: 43.0
region size: 10
tbl0_rows:66 filtered_rows:66
QIP_gurobi_bound: solver finished in 1.353 s (time_limit=100.0 s, status=OPTIMAL)
[ Info: slice 1, lp_score: 5404.0, primal_bound: 5408.0
QIP_gurobi_bound: solver finished in 1.778 s (time_limit=100.0 s, status=OPTIMAL)
[ Info: slice 2, lp_score: 5404.0, primal_bound: 5408.0
[ Info: new_scs: Int64[]
[ Info: lp_scores: Float64[]
[ Info: current num of unfinished slices: 17, finished slices: 9
                      ┌                                        ┐ 
                   45 ┤■■■■■■■ 1                                 
                   46 ┤ 0                                        
                   47 ┤ 0                                        
                   48 ┤ 0                                        
                   49 ┤■■■■■■■ 1                                 
                   50 ┤■■■■■■■ 1                                 
                   51 ┤■■■■■■■■■■■■■■■■■■■■■■■■■■■■■■■■■■■■■ 5   
   sc, target = 31 52 ┤■■■■■■■ 1                                 
                   53 ┤■■■■■■■ 1                                 
                   54 ┤■■■■■■■ 1                                 
                   55 ┤■■■■■■■■■■■■■■■ 2                         
                   56 ┤ 0                                        
                   57 ┤ 0                                        
                   58 ┤■■■■■■■■■■■■■■■ 2                         
                   59 ┤■■■■■■■ 1                                 
                   60 ┤■■■■■■■ 1                                 
                      └                                        ┘ 
                                     num of slices               
[ Info: slicing branch with sc: 45.0
[ Info: cc.sc: 45.0
region size: 10
tbl0_rows:46 filtered_rows:46
QIP_gurobi_bound: solver finished in 1.509 s (time_limit=100.0 s, status=OPTIMAL)
[ Info: slice 1, lp_score: 5404.0, primal_bound: 5408.0
QIP_gurobi_bound: solver finished in 1.356 s (time_limit=100.0 s, status=OPTIMAL)
[ Info: slice 2, lp_score: 5408.0, primal_bound: 5408.0
[ Info: new_scs: [43]
[ Info: lp_scores: [5408.0]
[ Info: lp_scores: 5408.0
[ Info: current num of unfinished slices: 17, finished slices: 9
                      ┌                                        ┐ 
                   43 ┤■■■■■■■ 1                                 
                   44 ┤ 0                                        
                   45 ┤ 0                                        
                   46 ┤ 0                                        
                   47 ┤ 0                                        
                   48 ┤ 0                                        
                   49 ┤■■■■■■■ 1                                 
                   50 ┤■■■■■■■ 1                                 
   sc, target = 31 51 ┤■■■■■■■■■■■■■■■■■■■■■■■■■■■■■■■■■■■■■ 5   
                   52 ┤■■■■■■■ 1                                 
                   53 ┤■■■■■■■ 1                                 
                   54 ┤■■■■■■■ 1                                 
                   55 ┤■■■■■■■■■■■■■■■ 2                         
                   56 ┤ 0                                        
                   57 ┤ 0                                        
                   58 ┤■■■■■■■■■■■■■■■ 2                         
                   59 ┤■■■■■■■ 1                                 
                   60 ┤■■■■■■■ 1                                 
                      └                                        ┘ 
                                     num of slices               
[ Info: slicing branch with sc: 43.0
[ Info: cc.sc: 43.0
region size: 10
tbl0_rows:48 filtered_rows:48
QIP_gurobi_bound: solver finished in 1.309 s (time_limit=100.0 s, status=OPTIMAL)
[ Info: slice 1, lp_score: 5408.0, primal_bound: 5408.0
QIP_gurobi_bound: solver finished in 1.194 s (time_limit=100.0 s, status=OPTIMAL)
[ Info: slice 2, lp_score: 5402.0, primal_bound: 5408.0
[ Info: new_scs: [43]
[ Info: lp_scores: [5408.0]
[ Info: lp_scores: 5408.0
[ Info: current num of unfinished slices: 17, finished slices: 9
                      ┌                                        ┐ 
                   43 ┤■■■■■■■ 1                                 
                   44 ┤ 0                                        
                   45 ┤ 0                                        
                   46 ┤ 0                                        
                   47 ┤ 0                                        
                   48 ┤ 0                                        
                   49 ┤■■■■■■■ 1                                 
                   50 ┤■■■■■■■ 1                                 
   sc, target = 31 51 ┤■■■■■■■■■■■■■■■■■■■■■■■■■■■■■■■■■■■■■ 5   
                   52 ┤■■■■■■■ 1                                 
                   53 ┤■■■■■■■ 1                                 
                   54 ┤■■■■■■■ 1                                 
                   55 ┤■■■■■■■■■■■■■■■ 2                         
                   56 ┤ 0                                        
                   57 ┤ 0                                        
                   58 ┤■■■■■■■■■■■■■■■ 2                         
                   59 ┤■■■■■■■ 1                                 
                   60 ┤■■■■■■■ 1                                 
                      └                                        ┘ 
                                     num of slices               
[ Info: slicing branch with sc: 43.0
[ Info: cc.sc: 43.0
region size: 10
tbl0_rows:59 filtered_rows:59
QIP_gurobi_bound: solver finished in 1.544 s (time_limit=100.0 s, status=OPTIMAL)
[ Info: slice 1, lp_score: 5408.0, primal_bound: 5408.0
QIP_gurobi_bound: solver finished in 1.289 s (time_limit=100.0 s, status=OPTIMAL)
[ Info: slice 2, lp_score: 5407.0, primal_bound: 5408.0
[ Info: new_scs: [42]
[ Info: lp_scores: [5408.0]
[ Info: lp_scores: 5408.0
[ Info: current num of unfinished slices: 17, finished slices: 9
                      ┌                                        ┐ 
                   42 ┤■■■■■■■ 1                                 
                   43 ┤ 0                                        
                   44 ┤ 0                                        
                   45 ┤ 0                                        
                   46 ┤ 0                                        
                   47 ┤ 0                                        
                   48 ┤ 0                                        
                   49 ┤■■■■■■■ 1                                 
                   50 ┤■■■■■■■ 1                                 
   sc, target = 31 51 ┤■■■■■■■■■■■■■■■■■■■■■■■■■■■■■■■■■■■■■ 5   
                   52 ┤■■■■■■■ 1                                 
                   53 ┤■■■■■■■ 1                                 
                   54 ┤■■■■■■■ 1                                 
                   55 ┤■■■■■■■■■■■■■■■ 2                         
                   56 ┤ 0                                        
                   57 ┤ 0                                        
                   58 ┤■■■■■■■■■■■■■■■ 2                         
                   59 ┤■■■■■■■ 1                                 
                   60 ┤■■■■■■■ 1                                 
                      └                                        ┘ 
                                     num of slices               
[ Info: slicing branch with sc: 42.0
[ Info: cc.sc: 42.0
region size: 10
tbl0_rows:49 filtered_rows:49
QIP_gurobi_bound: solver finished in 1.421 s (time_limit=100.0 s, status=OPTIMAL)
[ Info: slice 1, lp_score: 5408.0, primal_bound: 5408.0
QIP_gurobi_bound: solver finished in 1.311 s (time_limit=100.0 s, status=OPTIMAL)
[ Info: slice 2, lp_score: 5408.0, primal_bound: 5408.0
[ Info: new_scs: [41, 41]
[ Info: lp_scores: [5408.0, 5408.0]
[ Info: lp_scores: 5408.0
[ Info: lp_scores: 5408.0
[ Info: current num of unfinished slices: 18, finished slices: 9
                      ┌                                        ┐ 
                   41 ┤■■■■■■■■■■■■■■■ 2                         
                   42 ┤ 0                                        
                   43 ┤ 0                                        
                   44 ┤ 0                                        
                   45 ┤ 0                                        
                   46 ┤ 0                                        
                   47 ┤ 0                                        
                   48 ┤ 0                                        
                   49 ┤■■■■■■■ 1                                 
   sc, target = 31 50 ┤■■■■■■■ 1                                 
                   51 ┤■■■■■■■■■■■■■■■■■■■■■■■■■■■■■■■■■■■■■ 5   
                   52 ┤■■■■■■■ 1                                 
                   53 ┤■■■■■■■ 1                                 
                   54 ┤■■■■■■■ 1                                 
                   55 ┤■■■■■■■■■■■■■■■ 2                         
                   56 ┤ 0                                        
                   57 ┤ 0                                        
                   58 ┤■■■■■■■■■■■■■■■ 2                         
                   59 ┤■■■■■■■ 1                                 
                   60 ┤■■■■■■■ 1                                 
                      └                                        ┘ 
                                     num of slices               
[ Info: slicing branch with sc: 41.0
[ Info: cc.sc: 41.0
region size: 10
tbl0_rows:49 filtered_rows:49
QIP_gurobi_bound: solver finished in 1.457 s (time_limit=100.0 s, status=OPTIMAL)
[ Info: slice 1, lp_score: 5408.0, primal_bound: 5408.0
QIP_gurobi_bound: solver finished in 1.389 s (time_limit=100.0 s, status=OPTIMAL)
[ Info: slice 2, lp_score: 5407.0, primal_bound: 5408.0
[ Info: new_scs: [40]
[ Info: lp_scores: [5408.0]
[ Info: lp_scores: 5408.0
[ Info: current num of unfinished slices: 18, finished slices: 9
                      ┌                                        ┐ 
                   40 ┤■■■■■■■ 1                                 
                   41 ┤■■■■■■■ 1                                 
                   42 ┤ 0                                        
                   43 ┤ 0                                        
                   44 ┤ 0                                        
                   45 ┤ 0                                        
                   46 ┤ 0                                        
                   47 ┤ 0                                        
                   48 ┤ 0                                        
                   49 ┤■■■■■■■ 1                                 
   sc, target = 31 50 ┤■■■■■■■ 1                                 
                   51 ┤■■■■■■■■■■■■■■■■■■■■■■■■■■■■■■■■■■■■■ 5   
                   52 ┤■■■■■■■ 1                                 
                   53 ┤■■■■■■■ 1                                 
                   54 ┤■■■■■■■ 1                                 
                   55 ┤■■■■■■■■■■■■■■■ 2                         
                   56 ┤ 0                                        
                   57 ┤ 0                                        
                   58 ┤■■■■■■■■■■■■■■■ 2                         
                   59 ┤■■■■■■■ 1                                 
                   60 ┤■■■■■■■ 1                                 
                      └                                        ┘ 
                                     num of slices               
[ Info: slicing branch with sc: 40.0
[ Info: cc.sc: 40.0
region size: 10
tbl0_rows:39 filtered_rows:39
QIP_gurobi_bound: solver finished in 1.287 s (time_limit=100.0 s, status=OPTIMAL)
[ Info: slice 1, lp_score: 5408.0, primal_bound: 5408.0
QIP_gurobi_bound: solver finished in 1.407 s (time_limit=100.0 s, status=OPTIMAL)
[ Info: slice 2, lp_score: 5406.0, primal_bound: 5408.0
[ Info: new_scs: [39]
[ Info: lp_scores: [5408.0]
[ Info: lp_scores: 5408.0
[ Info: current num of unfinished slices: 18, finished slices: 9
                      ┌                                        ┐ 
                   39 ┤■■■■■■■ 1                                 
                   40 ┤ 0                                        
                   41 ┤■■■■■■■ 1                                 
                   42 ┤ 0                                        
                   43 ┤ 0                                        
                   44 ┤ 0                                        
                   45 ┤ 0                                        
                   46 ┤ 0                                        
                   47 ┤ 0                                        
                   48 ┤ 0                                        
   sc, target = 31 49 ┤■■■■■■■ 1                                 
                   50 ┤■■■■■■■ 1                                 
                   51 ┤■■■■■■■■■■■■■■■■■■■■■■■■■■■■■■■■■■■■■ 5   
                   52 ┤■■■■■■■ 1                                 
                   53 ┤■■■■■■■ 1                                 
                   54 ┤■■■■■■■ 1                                 
                   55 ┤■■■■■■■■■■■■■■■ 2                         
                   56 ┤ 0                                        
                   57 ┤ 0                                        
                   58 ┤■■■■■■■■■■■■■■■ 2                         
                   59 ┤■■■■■■■ 1                                 
                   60 ┤■■■■■■■ 1                                 
                      └                                        ┘ 
                                     num of slices               
[ Info: slicing branch with sc: 39.0
[ Info: cc.sc: 39.0
region size: 10
tbl0_rows:19 filtered_rows:19
QIP_gurobi_bound: solver finished in 1.281 s (time_limit=100.0 s, status=OPTIMAL)
[ Info: slice 1, lp_score: 5408.0, primal_bound: 5408.0
[ Info: new_scs: [39]
[ Info: lp_scores: [5408.0]
[ Info: lp_scores: 5408.0
[ Info: current num of unfinished slices: 18, finished slices: 9
                      ┌                                        ┐ 
                   39 ┤■■■■■■■ 1                                 
                   40 ┤ 0                                        
                   41 ┤■■■■■■■ 1                                 
                   42 ┤ 0                                        
                   43 ┤ 0                                        
                   44 ┤ 0                                        
                   45 ┤ 0                                        
                   46 ┤ 0                                        
                   47 ┤ 0                                        
                   48 ┤ 0                                        
   sc, target = 31 49 ┤■■■■■■■ 1                                 
                   50 ┤■■■■■■■ 1                                 
                   51 ┤■■■■■■■■■■■■■■■■■■■■■■■■■■■■■■■■■■■■■ 5   
                   52 ┤■■■■■■■ 1                                 
                   53 ┤■■■■■■■ 1                                 
                   54 ┤■■■■■■■ 1                                 
                   55 ┤■■■■■■■■■■■■■■■ 2                         
                   56 ┤ 0                                        
                   57 ┤ 0                                        
                   58 ┤■■■■■■■■■■■■■■■ 2                         
                   59 ┤■■■■■■■ 1                                 
                   60 ┤■■■■■■■ 1                                 
                      └                                        ┘ 
                                     num of slices               
[ Info: slicing branch with sc: 39.0
[ Info: cc.sc: 39.0
region size: 10
tbl0_rows:36 filtered_rows:36
QIP_gurobi_bound: solver finished in 1.39 s (time_limit=100.0 s, status=OPTIMAL)
[ Info: slice 1, lp_score: 5404.0, primal_bound: 5408.0
QIP_gurobi_bound: solver finished in 1.532 s (time_limit=100.0 s, status=OPTIMAL)
[ Info: slice 2, lp_score: 5408.0, primal_bound: 5408.0
[ Info: new_scs: [38]
[ Info: lp_scores: [5408.0]
[ Info: lp_scores: 5408.0
[ Info: current num of unfinished slices: 18, finished slices: 9
                      ┌                                        ┐ 
                   38 ┤■■■■■■■ 1                                 
                   39 ┤ 0                                        
                   40 ┤ 0                                        
                   41 ┤■■■■■■■ 1                                 
                   42 ┤ 0                                        
                   43 ┤ 0                                        
                   44 ┤ 0                                        
                   45 ┤ 0                                        
                   46 ┤ 0                                        
                   47 ┤ 0                                        
                   48 ┤ 0                                        
   sc, target = 31 49 ┤■■■■■■■ 1                                 
                   50 ┤■■■■■■■ 1                                 
                   51 ┤■■■■■■■■■■■■■■■■■■■■■■■■■■■■■■■■■■■■■ 5   
                   52 ┤■■■■■■■ 1                                 
                   53 ┤■■■■■■■ 1                                 
                   54 ┤■■■■■■■ 1                                 
                   55 ┤■■■■■■■■■■■■■■■ 2                         
                   56 ┤ 0                                        
                   57 ┤ 0                                        
                   58 ┤■■■■■■■■■■■■■■■ 2                         
                   59 ┤■■■■■■■ 1                                 
                   60 ┤■■■■■■■ 1                                 
                      └                                        ┘ 
                                     num of slices               
[ Info: slicing branch with sc: 38.0
[ Info: cc.sc: 38.0
region size: 10
tbl0_rows:43 filtered_rows:43
QIP_gurobi_bound: solver finished in 1.399 s (time_limit=100.0 s, status=OPTIMAL)
[ Info: slice 1, lp_score: 5408.0, primal_bound: 5408.0
QIP_gurobi_bound: solver finished in 1.384 s (time_limit=100.0 s, status=OPTIMAL)
[ Info: slice 2, lp_score: 5401.0, primal_bound: 5408.0
[ Info: new_scs: [37]
[ Info: lp_scores: [5408.0]
[ Info: lp_scores: 5408.0
[ Info: current num of unfinished slices: 18, finished slices: 9
                      ┌                                        ┐ 
                   37 ┤■■■■■■■ 1                                 
                   38 ┤ 0                                        
                   39 ┤ 0                                        
                   40 ┤ 0                                        
                   41 ┤■■■■■■■ 1                                 
                   42 ┤ 0                                        
                   43 ┤ 0                                        
                   44 ┤ 0                                        
                   45 ┤ 0                                        
                   46 ┤ 0                                        
                   47 ┤ 0                                        
   sc, target = 31 48 ┤ 0                                        
                   49 ┤■■■■■■■ 1                                 
                   50 ┤■■■■■■■ 1                                 
                   51 ┤■■■■■■■■■■■■■■■■■■■■■■■■■■■■■■■■■■■■■ 5   
                   52 ┤■■■■■■■ 1                                 
                   53 ┤■■■■■■■ 1                                 
                   54 ┤■■■■■■■ 1                                 
                   55 ┤■■■■■■■■■■■■■■■ 2                         
                   56 ┤ 0                                        
                   57 ┤ 0                                        
                   58 ┤■■■■■■■■■■■■■■■ 2                         
                   59 ┤■■■■■■■ 1                                 
                   60 ┤■■■■■■■ 1                                 
                      └                                        ┘ 
                                     num of slices               
[ Info: slicing branch with sc: 37.0
[ Info: cc.sc: 37.0
region size: 10
tbl0_rows:21 filtered_rows:21
QIP_gurobi_bound: solver finished in 1.442 s (time_limit=100.0 s, status=OPTIMAL)
[ Info: slice 1, lp_score: 5396.0, primal_bound: 5408.0
QIP_gurobi_bound: solver finished in 1.363 s (time_limit=100.0 s, status=OPTIMAL)
[ Info: slice 2, lp_score: 5408.0, primal_bound: 5408.0
[ Info: new_scs: [36]
[ Info: lp_scores: [5408.0]
[ Info: lp_scores: 5408.0
[ Info: current num of unfinished slices: 18, finished slices: 9
                      ┌                                        ┐ 
                   36 ┤■■■■■■■ 1                                 
                   37 ┤ 0                                        
                   38 ┤ 0                                        
                   39 ┤ 0                                        
                   40 ┤ 0                                        
                   41 ┤■■■■■■■ 1                                 
                   42 ┤ 0                                        
                   43 ┤ 0                                        
                   44 ┤ 0                                        
                   45 ┤ 0                                        
                   46 ┤ 0                                        
                   47 ┤ 0                                        
   sc, target = 31 48 ┤ 0                                        
                   49 ┤■■■■■■■ 1                                 
                   50 ┤■■■■■■■ 1                                 
                   51 ┤■■■■■■■■■■■■■■■■■■■■■■■■■■■■■■■■■■■■■ 5   
                   52 ┤■■■■■■■ 1                                 
                   53 ┤■■■■■■■ 1                                 
                   54 ┤■■■■■■■ 1                                 
                   55 ┤■■■■■■■■■■■■■■■ 2                         
                   56 ┤ 0                                        
                   57 ┤ 0                                        
                   58 ┤■■■■■■■■■■■■■■■ 2                         
                   59 ┤■■■■■■■ 1                                 
                   60 ┤■■■■■■■ 1                                 
                      └                                        ┘ 
                                     num of slices               
[ Info: slicing branch with sc: 36.0
[ Info: cc.sc: 36.0
region size: 10
tbl0_rows:21 filtered_rows:21
QIP_gurobi_bound: solver finished in 1.487 s (time_limit=100.0 s, status=OPTIMAL)
[ Info: slice 1, lp_score: 5400.0, primal_bound: 5408.0
QIP_gurobi_bound: solver finished in 1.218 s (time_limit=100.0 s, status=OPTIMAL)
[ Info: slice 2, lp_score: 5408.0, primal_bound: 5408.0
[ Info: new_scs: [36]
[ Info: lp_scores: [5408.0]
[ Info: lp_scores: 5408.0
[ Info: current num of unfinished slices: 18, finished slices: 9
                      ┌                                        ┐ 
                   36 ┤■■■■■■■ 1                                 
                   37 ┤ 0                                        
                   38 ┤ 0                                        
                   39 ┤ 0                                        
                   40 ┤ 0                                        
                   41 ┤■■■■■■■ 1                                 
                   42 ┤ 0                                        
                   43 ┤ 0                                        
                   44 ┤ 0                                        
                   45 ┤ 0                                        
                   46 ┤ 0                                        
                   47 ┤ 0                                        
   sc, target = 31 48 ┤ 0                                        
                   49 ┤■■■■■■■ 1                                 
                   50 ┤■■■■■■■ 1                                 
                   51 ┤■■■■■■■■■■■■■■■■■■■■■■■■■■■■■■■■■■■■■ 5   
                   52 ┤■■■■■■■ 1                                 
                   53 ┤■■■■■■■ 1                                 
                   54 ┤■■■■■■■ 1                                 
                   55 ┤■■■■■■■■■■■■■■■ 2                         
                   56 ┤ 0                                        
                   57 ┤ 0                                        
                   58 ┤■■■■■■■■■■■■■■■ 2                         
                   59 ┤■■■■■■■ 1                                 
                   60 ┤■■■■■■■ 1                                 
                      └                                        ┘ 
                                     num of slices               
[ Info: slicing branch with sc: 36.0
[ Info: cc.sc: 36.0
region size: 10
tbl0_rows:27 filtered_rows:27
QIP_gurobi_bound: solver finished in 1.176 s (time_limit=100.0 s, status=OPTIMAL)
[ Info: slice 1, lp_score: 5408.0, primal_bound: 5408.0
QIP_gurobi_bound: solver finished in 1.258 s (time_limit=100.0 s, status=OPTIMAL)
[ Info: slice 2, lp_score: 5408.0, primal_bound: 5408.0
[ Info: new_scs: [34, 34]
[ Info: lp_scores: [5408.0, 5408.0]
[ Info: lp_scores: 5408.0
[ Info: lp_scores: 5408.0
[ Info: current num of unfinished slices: 19, finished slices: 9
                      ┌                                        ┐ 
                   34 ┤■■■■■■■■■■■■■■■ 2                         
                   35 ┤ 0                                        
                   36 ┤ 0                                        
                   37 ┤ 0                                        
                   38 ┤ 0                                        
                   39 ┤ 0                                        
                   40 ┤ 0                                        
                   41 ┤■■■■■■■ 1                                 
                   42 ┤ 0                                        
                   43 ┤ 0                                        
                   44 ┤ 0                                        
                   45 ┤ 0                                        
                   46 ┤ 0                                        
   sc, target = 31 47 ┤ 0                                        
                   48 ┤ 0                                        
                   49 ┤■■■■■■■ 1                                 
                   50 ┤■■■■■■■ 1                                 
                   51 ┤■■■■■■■■■■■■■■■■■■■■■■■■■■■■■■■■■■■■■ 5   
                   52 ┤■■■■■■■ 1                                 
                   53 ┤■■■■■■■ 1                                 
                   54 ┤■■■■■■■ 1                                 
                   55 ┤■■■■■■■■■■■■■■■ 2                         
                   56 ┤ 0                                        
                   57 ┤ 0                                        
                   58 ┤■■■■■■■■■■■■■■■ 2                         
                   59 ┤■■■■■■■ 1                                 
                   60 ┤■■■■■■■ 1                                 
                      └                                        ┘ 
                                     num of slices               
[ Info: slicing branch with sc: 34.0
[ Info: cc.sc: 34.0
region size: 10
tbl0_rows:70 filtered_rows:70
QIP_gurobi_bound: solver finished in 1.441 s (time_limit=100.0 s, status=OPTIMAL)
[ Info: slice 1, lp_score: 5407.0, primal_bound: 5408.0
QIP_gurobi_bound: solver finished in 1.189 s (time_limit=100.0 s, status=OPTIMAL)
[ Info: slice 2, lp_score: 5408.0, primal_bound: 5408.0
[ Info: new_scs: [34]
[ Info: lp_scores: [5408.0]
[ Info: lp_scores: 5408.0
[ Info: current num of unfinished slices: 19, finished slices: 9
                      ┌                                        ┐ 
                   34 ┤■■■■■■■■■■■■■■■ 2                         
                   35 ┤ 0                                        
                   36 ┤ 0                                        
                   37 ┤ 0                                        
                   38 ┤ 0                                        
                   39 ┤ 0                                        
                   40 ┤ 0                                        
                   41 ┤■■■■■■■ 1                                 
                   42 ┤ 0                                        
                   43 ┤ 0                                        
                   44 ┤ 0                                        
                   45 ┤ 0                                        
                   46 ┤ 0                                        
   sc, target = 31 47 ┤ 0                                        
                   48 ┤ 0                                        
                   49 ┤■■■■■■■ 1                                 
                   50 ┤■■■■■■■ 1                                 
                   51 ┤■■■■■■■■■■■■■■■■■■■■■■■■■■■■■■■■■■■■■ 5   
                   52 ┤■■■■■■■ 1                                 
                   53 ┤■■■■■■■ 1                                 
                   54 ┤■■■■■■■ 1                                 
                   55 ┤■■■■■■■■■■■■■■■ 2                         
                   56 ┤ 0                                        
                   57 ┤ 0                                        
                   58 ┤■■■■■■■■■■■■■■■ 2                         
                   59 ┤■■■■■■■ 1                                 
                   60 ┤■■■■■■■ 1                                 
                      └                                        ┘ 
                                     num of slices               
[ Info: slicing branch with sc: 34.0
[ Info: cc.sc: 34.0
region size: 10
tbl0_rows:29 filtered_rows:29
QIP_gurobi_bound: solver finished in 1.248 s (time_limit=100.0 s, status=OPTIMAL)
[ Info: slice 1, lp_score: 5405.0, primal_bound: 5408.0
QIP_gurobi_bound: solver finished in 1.23 s (time_limit=100.0 s, status=OPTIMAL)
[ Info: slice 2, lp_score: 5408.0, primal_bound: 5408.0
[ Info: new_scs: [34]
[ Info: lp_scores: [5408.0]
[ Info: lp_scores: 5408.0
[ Info: current num of unfinished slices: 19, finished slices: 9
                      ┌                                        ┐ 
                   34 ┤■■■■■■■■■■■■■■■ 2                         
                   35 ┤ 0                                        
                   36 ┤ 0                                        
                   37 ┤ 0                                        
                   38 ┤ 0                                        
                   39 ┤ 0                                        
                   40 ┤ 0                                        
                   41 ┤■■■■■■■ 1                                 
                   42 ┤ 0                                        
                   43 ┤ 0                                        
                   44 ┤ 0                                        
                   45 ┤ 0                                        
                   46 ┤ 0                                        
   sc, target = 31 47 ┤ 0                                        
                   48 ┤ 0                                        
                   49 ┤■■■■■■■ 1                                 
                   50 ┤■■■■■■■ 1                                 
                   51 ┤■■■■■■■■■■■■■■■■■■■■■■■■■■■■■■■■■■■■■ 5   
                   52 ┤■■■■■■■ 1                                 
                   53 ┤■■■■■■■ 1                                 
                   54 ┤■■■■■■■ 1                                 
                   55 ┤■■■■■■■■■■■■■■■ 2                         
                   56 ┤ 0                                        
                   57 ┤ 0                                        
                   58 ┤■■■■■■■■■■■■■■■ 2                         
                   59 ┤■■■■■■■ 1                                 
                   60 ┤■■■■■■■ 1                                 
                      └                                        ┘ 
                                     num of slices               
[ Info: slicing branch with sc: 34.0
[ Info: cc.sc: 34.0
region size: 10
tbl0_rows:46 filtered_rows:46
QIP_gurobi_bound: solver finished in 1.209 s (time_limit=100.0 s, status=OPTIMAL)
[ Info: slice 1, lp_score: 5408.0, primal_bound: 5408.0
QIP_gurobi_bound: solver finished in 1.362 s (time_limit=100.0 s, status=OPTIMAL)
[ Info: slice 2, lp_score: 5407.0, primal_bound: 5408.0
[ Info: new_scs: [33]
[ Info: lp_scores: [5408.0]
[ Info: lp_scores: 5408.0
[ Info: current num of unfinished slices: 19, finished slices: 9
                      ┌                                        ┐ 
                   33 ┤■■■■■■■ 1                                 
                   34 ┤■■■■■■■ 1                                 
                   35 ┤ 0                                        
                   36 ┤ 0                                        
                   37 ┤ 0                                        
                   38 ┤ 0                                        
                   39 ┤ 0                                        
                   40 ┤ 0                                        
                   41 ┤■■■■■■■ 1                                 
                   42 ┤ 0                                        
                   43 ┤ 0                                        
                   44 ┤ 0                                        
                   45 ┤ 0                                        
   sc, target = 31 46 ┤ 0                                        
                   47 ┤ 0                                        
                   48 ┤ 0                                        
                   49 ┤■■■■■■■ 1                                 
                   50 ┤■■■■■■■ 1                                 
                   51 ┤■■■■■■■■■■■■■■■■■■■■■■■■■■■■■■■■■■■■■ 5   
                   52 ┤■■■■■■■ 1                                 
                   53 ┤■■■■■■■ 1                                 
                   54 ┤■■■■■■■ 1                                 
                   55 ┤■■■■■■■■■■■■■■■ 2                         
                   56 ┤ 0                                        
                   57 ┤ 0                                        
                   58 ┤■■■■■■■■■■■■■■■ 2                         
                   59 ┤■■■■■■■ 1                                 
                   60 ┤■■■■■■■ 1                                 
                      └                                        ┘ 
                                     num of slices               
[ Info: slicing branch with sc: 33.0
[ Info: cc.sc: 33.0
region size: 10
tbl0_rows:27 filtered_rows:27
QIP_gurobi_bound: solver finished in 1.365 s (time_limit=100.0 s, status=OPTIMAL)
[ Info: slice 1, lp_score: 5408.0, primal_bound: 5408.0
QIP_gurobi_bound: solver finished in 1.358 s (time_limit=100.0 s, status=OPTIMAL)
[ Info: slice 2, lp_score: 5408.0, primal_bound: 5408.0
[ Info: new_scs: [33, 33]
[ Info: lp_scores: [5408.0, 5408.0]
[ Info: lp_scores: 5408.0
[ Info: lp_scores: 5408.0
[ Info: current num of unfinished slices: 20, finished slices: 9
                      ┌                                        ┐ 
                   33 ┤■■■■■■■■■■■■■■■ 2                         
                   34 ┤■■■■■■■ 1                                 
                   35 ┤ 0                                        
                   36 ┤ 0                                        
                   37 ┤ 0                                        
                   38 ┤ 0                                        
                   39 ┤ 0                                        
                   40 ┤ 0                                        
                   41 ┤■■■■■■■ 1                                 
                   42 ┤ 0                                        
                   43 ┤ 0                                        
                   44 ┤ 0                                        
                   45 ┤ 0                                        
   sc, target = 31 46 ┤ 0                                        
                   47 ┤ 0                                        
                   48 ┤ 0                                        
                   49 ┤■■■■■■■ 1                                 
                   50 ┤■■■■■■■ 1                                 
                   51 ┤■■■■■■■■■■■■■■■■■■■■■■■■■■■■■■■■■■■■■ 5   
                   52 ┤■■■■■■■ 1                                 
                   53 ┤■■■■■■■ 1                                 
                   54 ┤■■■■■■■ 1                                 
                   55 ┤■■■■■■■■■■■■■■■ 2                         
                   56 ┤ 0                                        
                   57 ┤ 0                                        
                   58 ┤■■■■■■■■■■■■■■■ 2                         
                   59 ┤■■■■■■■ 1                                 
                   60 ┤■■■■■■■ 1                                 
                      └                                        ┘ 
                                     num of slices               
[ Info: slicing branch with sc: 33.0
[ Info: cc.sc: 33.0
region size: 10
tbl0_rows:64 filtered_rows:64
QIP_gurobi_bound: solver finished in 1.406 s (time_limit=100.0 s, status=OPTIMAL)
[ Info: slice 1, lp_score: 5401.0, primal_bound: 5408.0
QIP_gurobi_bound: solver finished in 1.235 s (time_limit=100.0 s, status=OPTIMAL)
[ Info: slice 2, lp_score: 5408.0, primal_bound: 5408.0
QIP_gurobi_bound: solver finished in 1.254 s (time_limit=100.0 s, status=OPTIMAL)
[ Info: slice 3, lp_score: 5399.0, primal_bound: 5408.0
QIP_gurobi_bound: solver finished in 1.311 s (time_limit=100.0 s, status=OPTIMAL)
[ Info: slice 4, lp_score: 5406.0, primal_bound: 5408.0
[ Info: new_scs: [33]
[ Info: lp_scores: [5408.0]
[ Info: lp_scores: 5408.0
[ Info: current num of unfinished slices: 20, finished slices: 9
                      ┌                                        ┐ 
                   33 ┤■■■■■■■■■■■■■■■ 2                         
                   34 ┤■■■■■■■ 1                                 
                   35 ┤ 0                                        
                   36 ┤ 0                                        
                   37 ┤ 0                                        
                   38 ┤ 0                                        
                   39 ┤ 0                                        
                   40 ┤ 0                                        
                   41 ┤■■■■■■■ 1                                 
                   42 ┤ 0                                        
                   43 ┤ 0                                        
                   44 ┤ 0                                        
                   45 ┤ 0                                        
   sc, target = 31 46 ┤ 0                                        
                   47 ┤ 0                                        
                   48 ┤ 0                                        
                   49 ┤■■■■■■■ 1                                 
                   50 ┤■■■■■■■ 1                                 
                   51 ┤■■■■■■■■■■■■■■■■■■■■■■■■■■■■■■■■■■■■■ 5   
                   52 ┤■■■■■■■ 1                                 
                   53 ┤■■■■■■■ 1                                 
                   54 ┤■■■■■■■ 1                                 
                   55 ┤■■■■■■■■■■■■■■■ 2                         
                   56 ┤ 0                                        
                   57 ┤ 0                                        
                   58 ┤■■■■■■■■■■■■■■■ 2                         
                   59 ┤■■■■■■■ 1                                 
                   60 ┤■■■■■■■ 1                                 
                      └                                        ┘ 
                                     num of slices               
[ Info: slicing branch with sc: 33.0
[ Info: cc.sc: 33.0
region size: 10
tbl0_rows:39 filtered_rows:39
QIP_gurobi_bound: solver finished in 1.229 s (time_limit=100.0 s, status=OPTIMAL)
[ Info: slice 1, lp_score: 5408.0, primal_bound: 5408.0
QIP_gurobi_bound: solver finished in 1.352 s (time_limit=100.0 s, status=OPTIMAL)
[ Info: slice 2, lp_score: 5406.0, primal_bound: 5408.0
QIP_gurobi_bound: solver finished in 5.505 s (time_limit=100.0 s, status=OPTIMAL)
[ Info: slice 3, lp_score: 5406.0, primal_bound: 5408.0
QIP_gurobi_bound: solver finished in 1.315 s (time_limit=100.0 s, status=OPTIMAL)
[ Info: slice 4, lp_score: 5406.0, primal_bound: 5408.0
[ Info: new_scs: [31]
[ Info: lp_scores: [5408.0]
[ Info: lp_scores: 5408.0
[ Info: current num of unfinished slices: 20, finished slices: 9
                      ┌                                        ┐ 
                   31 ┤■■■■■■■ 1                                 
                   32 ┤ 0                                        
                   33 ┤■■■■■■■ 1                                 
                   34 ┤■■■■■■■ 1                                 
                   35 ┤ 0                                        
                   36 ┤ 0                                        
                   37 ┤ 0                                        
                   38 ┤ 0                                        
                   39 ┤ 0                                        
                   40 ┤ 0                                        
                   41 ┤■■■■■■■ 1                                 
                   42 ┤ 0                                        
                   43 ┤ 0                                        
                   44 ┤ 0                                        
   sc, target = 31 45 ┤ 0                                        
                   46 ┤ 0                                        
                   47 ┤ 0                                        
                   48 ┤ 0                                        
                   49 ┤■■■■■■■ 1                                 
                   50 ┤■■■■■■■ 1                                 
                   51 ┤■■■■■■■■■■■■■■■■■■■■■■■■■■■■■■■■■■■■■ 5   
                   52 ┤■■■■■■■ 1                                 
                   53 ┤■■■■■■■ 1                                 
                   54 ┤■■■■■■■ 1                                 
                   55 ┤■■■■■■■■■■■■■■■ 2                         
                   56 ┤ 0                                        
                   57 ┤ 0                                        
                   58 ┤■■■■■■■■■■■■■■■ 2                         
                   59 ┤■■■■■■■ 1                                 
                   60 ┤■■■■■■■ 1                                 
                      └                                        ┘ 
                                     num of slices               
[ Info: slicing branch with sc: 31.0
  [slice produced] sc=31.0 tc=46.06708297900218 nv=3548 ne=6915 r=48.0
QIP_value_gurobi: solver finished in 1.194 s (time_limit=604800.0 s, status=OPTIMAL)
[ Info: feasible solution: 5408.0, primal bound: 5408.0
[ Info: current num of unfinished slices: 19, finished slices: 10
                      ┌                                        ┐ 
                   33 ┤■■■■■■■ 1                                 
                   34 ┤■■■■■■■ 1                                 
                   35 ┤ 0                                        
                   36 ┤ 0                                        
                   37 ┤ 0                                        
                   38 ┤ 0                                        
                   39 ┤ 0                                        
                   40 ┤ 0                                        
                   41 ┤■■■■■■■ 1                                 
                   42 ┤ 0                                        
                   43 ┤ 0                                        
                   44 ┤ 0                                        
                   45 ┤ 0                                        
   sc, target = 31 46 ┤ 0                                        
                   47 ┤ 0                                        
                   48 ┤ 0                                        
                   49 ┤■■■■■■■ 1                                 
                   50 ┤■■■■■■■ 1                                 
                   51 ┤■■■■■■■■■■■■■■■■■■■■■■■■■■■■■■■■■■■■■ 5   
                   52 ┤■■■■■■■ 1                                 
                   53 ┤■■■■■■■ 1                                 
                   54 ┤■■■■■■■ 1                                 
                   55 ┤■■■■■■■■■■■■■■■ 2                         
                   56 ┤ 0                                        
                   57 ┤ 0                                        
                   58 ┤■■■■■■■■■■■■■■■ 2                         
                   59 ┤■■■■■■■ 1                                 
                   60 ┤■■■■■■■ 1                                 
                      └                                        ┘ 
                                     num of slices               
[ Info: slicing branch with sc: 33.0
[ Info: cc.sc: 33.0
region size: 10
tbl0_rows:44 filtered_rows:44
QIP_gurobi_bound: solver finished in 1.385 s (time_limit=100.0 s, status=OPTIMAL)
[ Info: slice 1, lp_score: 5408.0, primal_bound: 5408.0
QIP_gurobi_bound: solver finished in 1.397 s (time_limit=100.0 s, status=OPTIMAL)
[ Info: slice 2, lp_score: 5399.0, primal_bound: 5408.0
[ Info: new_scs: [33]
[ Info: lp_scores: [5408.0]
[ Info: lp_scores: 5408.0
[ Info: current num of unfinished slices: 19, finished slices: 10
                      ┌                                        ┐ 
                   33 ┤■■■■■■■ 1                                 
                   34 ┤■■■■■■■ 1                                 
                   35 ┤ 0                                        
                   36 ┤ 0                                        
                   37 ┤ 0                                        
                   38 ┤ 0                                        
                   39 ┤ 0                                        
                   40 ┤ 0                                        
                   41 ┤■■■■■■■ 1                                 
                   42 ┤ 0                                        
                   43 ┤ 0                                        
                   44 ┤ 0                                        
                   45 ┤ 0                                        
   sc, target = 31 46 ┤ 0                                        
                   47 ┤ 0                                        
                   48 ┤ 0                                        
                   49 ┤■■■■■■■ 1                                 
                   50 ┤■■■■■■■ 1                                 
                   51 ┤■■■■■■■■■■■■■■■■■■■■■■■■■■■■■■■■■■■■■ 5   
                   52 ┤■■■■■■■ 1                                 
                   53 ┤■■■■■■■ 1                                 
                   54 ┤■■■■■■■ 1                                 
                   55 ┤■■■■■■■■■■■■■■■ 2                         
                   56 ┤ 0                                        
                   57 ┤ 0                                        
                   58 ┤■■■■■■■■■■■■■■■ 2                         
                   59 ┤■■■■■■■ 1                                 
                   60 ┤■■■■■■■ 1                                 
                      └                                        ┘ 
                                     num of slices               
[ Info: slicing branch with sc: 33.0
[ Info: cc.sc: 33.0
region size: 10
tbl0_rows:38 filtered_rows:38
QIP_gurobi_bound: solver finished in 1.168 s (time_limit=100.0 s, status=OPTIMAL)
[ Info: slice 1, lp_score: 5408.0, primal_bound: 5408.0
[ Info: new_scs: [33]
[ Info: lp_scores: [5408.0]
[ Info: lp_scores: 5408.0
[ Info: current num of unfinished slices: 19, finished slices: 10
                      ┌                                        ┐ 
                   33 ┤■■■■■■■ 1                                 
                   34 ┤■■■■■■■ 1                                 
                   35 ┤ 0                                        
                   36 ┤ 0                                        
                   37 ┤ 0                                        
                   38 ┤ 0                                        
                   39 ┤ 0                                        
                   40 ┤ 0                                        
                   41 ┤■■■■■■■ 1                                 
                   42 ┤ 0                                        
                   43 ┤ 0                                        
                   44 ┤ 0                                        
                   45 ┤ 0                                        
   sc, target = 31 46 ┤ 0                                        
                   47 ┤ 0                                        
                   48 ┤ 0                                        
                   49 ┤■■■■■■■ 1                                 
                   50 ┤■■■■■■■ 1                                 
                   51 ┤■■■■■■■■■■■■■■■■■■■■■■■■■■■■■■■■■■■■■ 5   
                   52 ┤■■■■■■■ 1                                 
                   53 ┤■■■■■■■ 1                                 
                   54 ┤■■■■■■■ 1                                 
                   55 ┤■■■■■■■■■■■■■■■ 2                         
                   56 ┤ 0                                        
                   57 ┤ 0                                        
                   58 ┤■■■■■■■■■■■■■■■ 2                         
                   59 ┤■■■■■■■ 1                                 
                   60 ┤■■■■■■■ 1                                 
                      └                                        ┘ 
                                     num of slices               
[ Info: slicing branch with sc: 33.0
[ Info: cc.sc: 33.0
region size: 10
tbl0_rows:10 filtered_rows:10
QIP_gurobi_bound: solver finished in 1.21 s (time_limit=100.0 s, status=OPTIMAL)
[ Info: slice 1, lp_score: 5408.0, primal_bound: 5408.0
[ Info: new_scs: [32]
[ Info: lp_scores: [5408.0]
[ Info: lp_scores: 5408.0
[ Info: current num of unfinished slices: 19, finished slices: 10
                      ┌                                        ┐ 
                   32 ┤■■■■■■■ 1                                 
                   33 ┤ 0                                        
                   34 ┤■■■■■■■ 1                                 
                   35 ┤ 0                                        
                   36 ┤ 0                                        
                   37 ┤ 0                                        
                   38 ┤ 0                                        
                   39 ┤ 0                                        
                   40 ┤ 0                                        
                   41 ┤■■■■■■■ 1                                 
                   42 ┤ 0                                        
                   43 ┤ 0                                        
                   44 ┤ 0                                        
                   45 ┤ 0                                        
   sc, target = 31 46 ┤ 0                                        
                   47 ┤ 0                                        
                   48 ┤ 0                                        
                   49 ┤■■■■■■■ 1                                 
                   50 ┤■■■■■■■ 1                                 
                   51 ┤■■■■■■■■■■■■■■■■■■■■■■■■■■■■■■■■■■■■■ 5   
                   52 ┤■■■■■■■ 1                                 
                   53 ┤■■■■■■■ 1                                 
                   54 ┤■■■■■■■ 1                                 
                   55 ┤■■■■■■■■■■■■■■■ 2                         
                   56 ┤ 0                                        
                   57 ┤ 0                                        
                   58 ┤■■■■■■■■■■■■■■■ 2                         
                   59 ┤■■■■■■■ 1                                 
                   60 ┤■■■■■■■ 1                                 
                      └                                        ┘ 
                                     num of slices               
[ Info: slicing branch with sc: 32.0
[ Info: cc.sc: 32.0
region size: 10
tbl0_rows:28 filtered_rows:28
QIP_gurobi_bound: solver finished in 1.19 s (time_limit=100.0 s, status=OPTIMAL)
[ Info: slice 1, lp_score: 5408.0, primal_bound: 5408.0
QIP_gurobi_bound: solver finished in 1.271 s (time_limit=100.0 s, status=OPTIMAL)
[ Info: slice 2, lp_score: 5401.0, primal_bound: 5408.0
[ Info: new_scs: [32]
[ Info: lp_scores: [5408.0]
[ Info: lp_scores: 5408.0
[ Info: current num of unfinished slices: 19, finished slices: 10
                      ┌                                        ┐ 
                   32 ┤■■■■■■■ 1                                 
                   33 ┤ 0                                        
                   34 ┤■■■■■■■ 1                                 
                   35 ┤ 0                                        
                   36 ┤ 0                                        
                   37 ┤ 0                                        
                   38 ┤ 0                                        
                   39 ┤ 0                                        
                   40 ┤ 0                                        
                   41 ┤■■■■■■■ 1                                 
                   42 ┤ 0                                        
                   43 ┤ 0                                        
                   44 ┤ 0                                        
                   45 ┤ 0                                        
   sc, target = 31 46 ┤ 0                                        
                   47 ┤ 0                                        
                   48 ┤ 0                                        
                   49 ┤■■■■■■■ 1                                 
                   50 ┤■■■■■■■ 1                                 
                   51 ┤■■■■■■■■■■■■■■■■■■■■■■■■■■■■■■■■■■■■■ 5   
                   52 ┤■■■■■■■ 1                                 
                   53 ┤■■■■■■■ 1                                 
                   54 ┤■■■■■■■ 1                                 
                   55 ┤■■■■■■■■■■■■■■■ 2                         
                   56 ┤ 0                                        
                   57 ┤ 0                                        
                   58 ┤■■■■■■■■■■■■■■■ 2                         
                   59 ┤■■■■■■■ 1                                 
                   60 ┤■■■■■■■ 1                                 
                      └                                        ┘ 
                                     num of slices               
[ Info: slicing branch with sc: 32.0
[ Info: cc.sc: 32.0
region size: 10
tbl0_rows:16 filtered_rows:16
QIP_gurobi_bound: solver finished in 1.337 s (time_limit=100.0 s, status=OPTIMAL)
[ Info: slice 1, lp_score: 5408.0, primal_bound: 5408.0
QIP_gurobi_bound: solver finished in 1.381 s (time_limit=100.0 s, status=OPTIMAL)
[ Info: slice 2, lp_score: 5408.0, primal_bound: 5408.0
[ Info: new_scs: [32, 31]
[ Info: lp_scores: [5408.0, 5408.0]
[ Info: lp_scores: 5408.0
[ Info: lp_scores: 5408.0
[ Info: current num of unfinished slices: 20, finished slices: 10
                      ┌                                        ┐ 
                   31 ┤■■■■■■■ 1                                 
                   32 ┤■■■■■■■ 1                                 
                   33 ┤ 0                                        
                   34 ┤■■■■■■■ 1                                 
                   35 ┤ 0                                        
                   36 ┤ 0                                        
                   37 ┤ 0                                        
                   38 ┤ 0                                        
                   39 ┤ 0                                        
                   40 ┤ 0                                        
                   41 ┤■■■■■■■ 1                                 
                   42 ┤ 0                                        
                   43 ┤ 0                                        
                   44 ┤ 0                                        
   sc, target = 31 45 ┤ 0                                        
                   46 ┤ 0                                        
                   47 ┤ 0                                        
                   48 ┤ 0                                        
                   49 ┤■■■■■■■ 1                                 
                   50 ┤■■■■■■■ 1                                 
                   51 ┤■■■■■■■■■■■■■■■■■■■■■■■■■■■■■■■■■■■■■ 5   
                   52 ┤■■■■■■■ 1                                 
                   53 ┤■■■■■■■ 1                                 
                   54 ┤■■■■■■■ 1                                 
                   55 ┤■■■■■■■■■■■■■■■ 2                         
                   56 ┤ 0                                        
                   57 ┤ 0                                        
                   58 ┤■■■■■■■■■■■■■■■ 2                         
                   59 ┤■■■■■■■ 1                                 
                   60 ┤■■■■■■■ 1                                 
                      └                                        ┘ 
                                     num of slices               
[ Info: slicing branch with sc: 32.0
[ Info: cc.sc: 32.0
region size: 10
tbl0_rows:38 filtered_rows:38
QIP_gurobi_bound: solver finished in 1.392 s (time_limit=100.0 s, status=OPTIMAL)
[ Info: slice 1, lp_score: 5408.0, primal_bound: 5408.0
QIP_gurobi_bound: solver finished in 1.451 s (time_limit=100.0 s, status=OPTIMAL)
[ Info: slice 2, lp_score: 5407.0, primal_bound: 5408.0
[ Info: new_scs: [31]
[ Info: lp_scores: [5408.0]
[ Info: lp_scores: 5408.0
[ Info: current num of unfinished slices: 20, finished slices: 10
                      ┌                                        ┐ 
                   31 ┤■■■■■■■■■■■■■■■ 2                         
                   32 ┤ 0                                        
                   33 ┤ 0                                        
                   34 ┤■■■■■■■ 1                                 
                   35 ┤ 0                                        
                   36 ┤ 0                                        
                   37 ┤ 0                                        
                   38 ┤ 0                                        
                   39 ┤ 0                                        
                   40 ┤ 0                                        
                   41 ┤■■■■■■■ 1                                 
                   42 ┤ 0                                        
                   43 ┤ 0                                        
                   44 ┤ 0                                        
   sc, target = 31 45 ┤ 0                                        
                   46 ┤ 0                                        
                   47 ┤ 0                                        
                   48 ┤ 0                                        
                   49 ┤■■■■■■■ 1                                 
                   50 ┤■■■■■■■ 1                                 
                   51 ┤■■■■■■■■■■■■■■■■■■■■■■■■■■■■■■■■■■■■■ 5   
                   52 ┤■■■■■■■ 1                                 
                   53 ┤■■■■■■■ 1                                 
                   54 ┤■■■■■■■ 1                                 
                   55 ┤■■■■■■■■■■■■■■■ 2                         
                   56 ┤ 0                                        
                   57 ┤ 0                                        
                   58 ┤■■■■■■■■■■■■■■■ 2                         
                   59 ┤■■■■■■■ 1                                 
                   60 ┤■■■■■■■ 1                                 
                      └                                        ┘ 
                                     num of slices               
[ Info: slicing branch with sc: 31.0
  [slice produced] sc=31.0 tc=44.42144180781733 nv=3541 ne=6901 r=61.5
QIP_value_gurobi: solver finished in 1.338 s (time_limit=604800.0 s, status=OPTIMAL)
[ Info: feasible solution: 5408.0, primal bound: 5408.0
[ Info: current num of unfinished slices: 19, finished slices: 11
                      ┌                                        ┐ 
                   31 ┤■■■■■■■ 1                                 
                   32 ┤ 0                                        
                   33 ┤ 0                                        
                   34 ┤■■■■■■■ 1                                 
                   35 ┤ 0                                        
                   36 ┤ 0                                        
                   37 ┤ 0                                        
                   38 ┤ 0                                        
                   39 ┤ 0                                        
                   40 ┤ 0                                        
                   41 ┤■■■■■■■ 1                                 
                   42 ┤ 0                                        
                   43 ┤ 0                                        
                   44 ┤ 0                                        
   sc, target = 31 45 ┤ 0                                        
                   46 ┤ 0                                        
                   47 ┤ 0                                        
                   48 ┤ 0                                        
                   49 ┤■■■■■■■ 1                                 
                   50 ┤■■■■■■■ 1                                 
                   51 ┤■■■■■■■■■■■■■■■■■■■■■■■■■■■■■■■■■■■■■ 5   
                   52 ┤■■■■■■■ 1                                 
                   53 ┤■■■■■■■ 1                                 
                   54 ┤■■■■■■■ 1                                 
                   55 ┤■■■■■■■■■■■■■■■ 2                         
                   56 ┤ 0                                        
                   57 ┤ 0                                        
                   58 ┤■■■■■■■■■■■■■■■ 2                         
                   59 ┤■■■■■■■ 1                                 
                   60 ┤■■■■■■■ 1                                 
                      └                                        ┘ 
                                     num of slices               
[ Info: slicing branch with sc: 31.0
  [slice produced] sc=31.0 tc=46.11533541422203 nv=3542 ne=6906 r=61.0
QIP_value_gurobi: solver finished in 1.386 s (time_limit=604800.0 s, status=OPTIMAL)
[ Info: feasible solution: 5408.0, primal bound: 5408.0
[ Info: current num of unfinished slices: 18, finished slices: 12
                      ┌                                        ┐ 
                   34 ┤■■■■■■■ 1                                 
                   35 ┤ 0                                        
                   36 ┤ 0                                        
                   37 ┤ 0                                        
                   38 ┤ 0                                        
                   39 ┤ 0                                        
                   40 ┤ 0                                        
                   41 ┤■■■■■■■ 1                                 
                   42 ┤ 0                                        
                   43 ┤ 0                                        
                   44 ┤ 0                                        
                   45 ┤ 0                                        
                   46 ┤ 0                                        
   sc, target = 31 47 ┤ 0                                        
                   48 ┤ 0                                        
                   49 ┤■■■■■■■ 1                                 
                   50 ┤■■■■■■■ 1                                 
                   51 ┤■■■■■■■■■■■■■■■■■■■■■■■■■■■■■■■■■■■■■ 5   
                   52 ┤■■■■■■■ 1                                 
                   53 ┤■■■■■■■ 1                                 
                   54 ┤■■■■■■■ 1                                 
                   55 ┤■■■■■■■■■■■■■■■ 2                         
                   56 ┤ 0                                        
                   57 ┤ 0                                        
                   58 ┤■■■■■■■■■■■■■■■ 2                         
                   59 ┤■■■■■■■ 1                                 
                   60 ┤■■■■■■■ 1                                 
                      └                                        ┘ 
                                     num of slices               
[ Info: slicing branch with sc: 34.0
[ Info: cc.sc: 34.0
region size: 10
tbl0_rows:31 filtered_rows:31
QIP_gurobi_bound: solver finished in 1.772 s (time_limit=100.0 s, status=OPTIMAL)
[ Info: slice 1, lp_score: 5408.0, primal_bound: 5408.0
QIP_gurobi_bound: solver finished in 1.235 s (time_limit=100.0 s, status=OPTIMAL)
[ Info: slice 2, lp_score: 5407.0, primal_bound: 5408.0
[ Info: new_scs: [34]
[ Info: lp_scores: [5408.0]
[ Info: lp_scores: 5408.0
[ Info: current num of unfinished slices: 18, finished slices: 12
                      ┌                                        ┐ 
                   34 ┤■■■■■■■ 1                                 
                   35 ┤ 0                                        
                   36 ┤ 0                                        
                   37 ┤ 0                                        
                   38 ┤ 0                                        
                   39 ┤ 0                                        
                   40 ┤ 0                                        
                   41 ┤■■■■■■■ 1                                 
                   42 ┤ 0                                        
                   43 ┤ 0                                        
                   44 ┤ 0                                        
                   45 ┤ 0                                        
                   46 ┤ 0                                        
   sc, target = 31 47 ┤ 0                                        
                   48 ┤ 0                                        
                   49 ┤■■■■■■■ 1                                 
                   50 ┤■■■■■■■ 1                                 
                   51 ┤■■■■■■■■■■■■■■■■■■■■■■■■■■■■■■■■■■■■■ 5   
                   52 ┤■■■■■■■ 1                                 
                   53 ┤■■■■■■■ 1                                 
                   54 ┤■■■■■■■ 1                                 
                   55 ┤■■■■■■■■■■■■■■■ 2                         
                   56 ┤ 0                                        
                   57 ┤ 0                                        
                   58 ┤■■■■■■■■■■■■■■■ 2                         
                   59 ┤■■■■■■■ 1                                 
                   60 ┤■■■■■■■ 1                                 
                      └                                        ┘ 
                                     num of slices               
[ Info: slicing branch with sc: 34.0
[ Info: cc.sc: 34.0
region size: 10
tbl0_rows:71 filtered_rows:71
QIP_gurobi_bound: solver finished in 1.299 s (time_limit=100.0 s, status=OPTIMAL)
[ Info: slice 1, lp_score: 5405.0, primal_bound: 5408.0
QIP_gurobi_bound: solver finished in 1.282 s (time_limit=100.0 s, status=OPTIMAL)
[ Info: slice 2, lp_score: 5408.0, primal_bound: 5408.0
[ Info: new_scs: [33]
[ Info: lp_scores: [5408.0]
[ Info: lp_scores: 5408.0
[ Info: current num of unfinished slices: 18, finished slices: 12
                      ┌                                        ┐ 
                   33 ┤■■■■■■■ 1                                 
                   34 ┤ 0                                        
                   35 ┤ 0                                        
                   36 ┤ 0                                        
                   37 ┤ 0                                        
                   38 ┤ 0                                        
                   39 ┤ 0                                        
                   40 ┤ 0                                        
                   41 ┤■■■■■■■ 1                                 
                   42 ┤ 0                                        
                   43 ┤ 0                                        
                   44 ┤ 0                                        
                   45 ┤ 0                                        
   sc, target = 31 46 ┤ 0                                        
                   47 ┤ 0                                        
                   48 ┤ 0                                        
                   49 ┤■■■■■■■ 1                                 
                   50 ┤■■■■■■■ 1                                 
                   51 ┤■■■■■■■■■■■■■■■■■■■■■■■■■■■■■■■■■■■■■ 5   
                   52 ┤■■■■■■■ 1                                 
                   53 ┤■■■■■■■ 1                                 
                   54 ┤■■■■■■■ 1                                 
                   55 ┤■■■■■■■■■■■■■■■ 2                         
                   56 ┤ 0                                        
                   57 ┤ 0                                        
                   58 ┤■■■■■■■■■■■■■■■ 2                         
                   59 ┤■■■■■■■ 1                                 
                   60 ┤■■■■■■■ 1                                 
                      └                                        ┘ 
                                     num of slices               
[ Info: slicing branch with sc: 33.0
[ Info: cc.sc: 33.0
region size: 10
tbl0_rows:43 filtered_rows:43
QIP_gurobi_bound: solver finished in 1.407 s (time_limit=100.0 s, status=OPTIMAL)
[ Info: slice 1, lp_score: 5408.0, primal_bound: 5408.0
QIP_gurobi_bound: solver finished in 1.253 s (time_limit=100.0 s, status=OPTIMAL)
[ Info: slice 2, lp_score: 5408.0, primal_bound: 5408.0
[ Info: new_scs: [33, 33]
[ Info: lp_scores: [5408.0, 5408.0]
[ Info: lp_scores: 5408.0
[ Info: lp_scores: 5408.0
[ Info: current num of unfinished slices: 19, finished slices: 12
                      ┌                                        ┐ 
                   33 ┤■■■■■■■■■■■■■■■ 2                         
                   34 ┤ 0                                        
                   35 ┤ 0                                        
                   36 ┤ 0                                        
                   37 ┤ 0                                        
                   38 ┤ 0                                        
                   39 ┤ 0                                        
                   40 ┤ 0                                        
                   41 ┤■■■■■■■ 1                                 
                   42 ┤ 0                                        
                   43 ┤ 0                                        
                   44 ┤ 0                                        
                   45 ┤ 0                                        
   sc, target = 31 46 ┤ 0                                        
                   47 ┤ 0                                        
                   48 ┤ 0                                        
                   49 ┤■■■■■■■ 1                                 
                   50 ┤■■■■■■■ 1                                 
                   51 ┤■■■■■■■■■■■■■■■■■■■■■■■■■■■■■■■■■■■■■ 5   
                   52 ┤■■■■■■■ 1                                 
                   53 ┤■■■■■■■ 1                                 
                   54 ┤■■■■■■■ 1                                 
                   55 ┤■■■■■■■■■■■■■■■ 2                         
                   56 ┤ 0                                        
                   57 ┤ 0                                        
                   58 ┤■■■■■■■■■■■■■■■ 2                         
                   59 ┤■■■■■■■ 1                                 
                   60 ┤■■■■■■■ 1                                 
                      └                                        ┘ 
                                     num of slices               
[ Info: slicing branch with sc: 33.0
[ Info: cc.sc: 33.0
region size: 10
tbl0_rows:54 filtered_rows:54
QIP_gurobi_bound: solver finished in 1.169 s (time_limit=100.0 s, status=OPTIMAL)
[ Info: slice 1, lp_score: 5408.0, primal_bound: 5408.0
QIP_gurobi_bound: solver finished in 1.259 s (time_limit=100.0 s, status=OPTIMAL)
[ Info: slice 2, lp_score: 5406.0, primal_bound: 5408.0
[ Info: new_scs: [32]
[ Info: lp_scores: [5408.0]
[ Info: lp_scores: 5408.0
[ Info: current num of unfinished slices: 19, finished slices: 12
                      ┌                                        ┐ 
                   32 ┤■■■■■■■ 1                                 
                   33 ┤■■■■■■■ 1                                 
                   34 ┤ 0                                        
                   35 ┤ 0                                        
                   36 ┤ 0                                        
                   37 ┤ 0                                        
                   38 ┤ 0                                        
                   39 ┤ 0                                        
                   40 ┤ 0                                        
                   41 ┤■■■■■■■ 1                                 
                   42 ┤ 0                                        
                   43 ┤ 0                                        
                   44 ┤ 0                                        
                   45 ┤ 0                                        
   sc, target = 31 46 ┤ 0                                        
                   47 ┤ 0                                        
                   48 ┤ 0                                        
                   49 ┤■■■■■■■ 1                                 
                   50 ┤■■■■■■■ 1                                 
                   51 ┤■■■■■■■■■■■■■■■■■■■■■■■■■■■■■■■■■■■■■ 5   
                   52 ┤■■■■■■■ 1                                 
                   53 ┤■■■■■■■ 1                                 
                   54 ┤■■■■■■■ 1                                 
                   55 ┤■■■■■■■■■■■■■■■ 2                         
                   56 ┤ 0                                        
                   57 ┤ 0                                        
                   58 ┤■■■■■■■■■■■■■■■ 2                         
                   59 ┤■■■■■■■ 1                                 
                   60 ┤■■■■■■■ 1                                 
                      └                                        ┘ 
                                     num of slices               
[ Info: slicing branch with sc: 32.0
[ Info: cc.sc: 32.0
region size: 10
tbl0_rows:10 filtered_rows:10
QIP_gurobi_bound: solver finished in 1.609 s (time_limit=100.0 s, status=OPTIMAL)
[ Info: slice 1, lp_score: 5408.0, primal_bound: 5408.0
[ Info: new_scs: [32]
[ Info: lp_scores: [5408.0]
[ Info: lp_scores: 5408.0
[ Info: current num of unfinished slices: 19, finished slices: 12
                      ┌                                        ┐ 
                   32 ┤■■■■■■■ 1                                 
                   33 ┤■■■■■■■ 1                                 
                   34 ┤ 0                                        
                   35 ┤ 0                                        
                   36 ┤ 0                                        
                   37 ┤ 0                                        
                   38 ┤ 0                                        
                   39 ┤ 0                                        
                   40 ┤ 0                                        
                   41 ┤■■■■■■■ 1                                 
                   42 ┤ 0                                        
                   43 ┤ 0                                        
                   44 ┤ 0                                        
                   45 ┤ 0                                        
   sc, target = 31 46 ┤ 0                                        
                   47 ┤ 0                                        
                   48 ┤ 0                                        
                   49 ┤■■■■■■■ 1                                 
                   50 ┤■■■■■■■ 1                                 
                   51 ┤■■■■■■■■■■■■■■■■■■■■■■■■■■■■■■■■■■■■■ 5   
                   52 ┤■■■■■■■ 1                                 
                   53 ┤■■■■■■■ 1                                 
                   54 ┤■■■■■■■ 1                                 
                   55 ┤■■■■■■■■■■■■■■■ 2                         
                   56 ┤ 0                                        
                   57 ┤ 0                                        
                   58 ┤■■■■■■■■■■■■■■■ 2                         
                   59 ┤■■■■■■■ 1                                 
                   60 ┤■■■■■■■ 1                                 
                      └                                        ┘ 
                                     num of slices               
[ Info: slicing branch with sc: 32.0
[ Info: cc.sc: 32.0
region size: 10
tbl0_rows:50 filtered_rows:50
QIP_gurobi_bound: solver finished in 1.338 s (time_limit=100.0 s, status=OPTIMAL)
[ Info: slice 1, lp_score: 5405.0, primal_bound: 5408.0
QIP_gurobi_bound: solver finished in 1.186 s (time_limit=100.0 s, status=OPTIMAL)
[ Info: slice 2, lp_score: 5408.0, primal_bound: 5408.0
[ Info: new_scs: [31]
[ Info: lp_scores: [5408.0]
[ Info: lp_scores: 5408.0
[ Info: current num of unfinished slices: 19, finished slices: 12
                      ┌                                        ┐ 
                   31 ┤■■■■■■■ 1                                 
                   32 ┤ 0                                        
                   33 ┤■■■■■■■ 1                                 
                   34 ┤ 0                                        
                   35 ┤ 0                                        
                   36 ┤ 0                                        
                   37 ┤ 0                                        
                   38 ┤ 0                                        
                   39 ┤ 0                                        
                   40 ┤ 0                                        
                   41 ┤■■■■■■■ 1                                 
                   42 ┤ 0                                        
                   43 ┤ 0                                        
                   44 ┤ 0                                        
   sc, target = 31 45 ┤ 0                                        
                   46 ┤ 0                                        
                   47 ┤ 0                                        
                   48 ┤ 0                                        
                   49 ┤■■■■■■■ 1                                 
                   50 ┤■■■■■■■ 1                                 
                   51 ┤■■■■■■■■■■■■■■■■■■■■■■■■■■■■■■■■■■■■■ 5   
                   52 ┤■■■■■■■ 1                                 
                   53 ┤■■■■■■■ 1                                 
                   54 ┤■■■■■■■ 1                                 
                   55 ┤■■■■■■■■■■■■■■■ 2                         
                   56 ┤ 0                                        
                   57 ┤ 0                                        
                   58 ┤■■■■■■■■■■■■■■■ 2                         
                   59 ┤■■■■■■■ 1                                 
                   60 ┤■■■■■■■ 1                                 
                      └                                        ┘ 
                                     num of slices               
[ Info: slicing branch with sc: 31.0
  [slice produced] sc=31.0 tc=46.20236218851148 nv=3543 ne=6909 r=63.5
QIP_value_gurobi: solver finished in 1.194 s (time_limit=604800.0 s, status=OPTIMAL)
[ Info: feasible solution: 5408.0, primal bound: 5408.0
[ Info: current num of unfinished slices: 18, finished slices: 13
                      ┌                                        ┐ 
                   33 ┤■■■■■■■ 1                                 
                   34 ┤ 0                                        
                   35 ┤ 0                                        
                   36 ┤ 0                                        
                   37 ┤ 0                                        
                   38 ┤ 0                                        
                   39 ┤ 0                                        
                   40 ┤ 0                                        
                   41 ┤■■■■■■■ 1                                 
                   42 ┤ 0                                        
                   43 ┤ 0                                        
                   44 ┤ 0                                        
                   45 ┤ 0                                        
   sc, target = 31 46 ┤ 0                                        
                   47 ┤ 0                                        
                   48 ┤ 0                                        
                   49 ┤■■■■■■■ 1                                 
                   50 ┤■■■■■■■ 1                                 
                   51 ┤■■■■■■■■■■■■■■■■■■■■■■■■■■■■■■■■■■■■■ 5   
                   52 ┤■■■■■■■ 1                                 
                   53 ┤■■■■■■■ 1                                 
                   54 ┤■■■■■■■ 1                                 
                   55 ┤■■■■■■■■■■■■■■■ 2                         
                   56 ┤ 0                                        
                   57 ┤ 0                                        
                   58 ┤■■■■■■■■■■■■■■■ 2                         
                   59 ┤■■■■■■■ 1                                 
                   60 ┤■■■■■■■ 1                                 
                      └                                        ┘ 
                                     num of slices               
[ Info: slicing branch with sc: 33.0
[ Info: cc.sc: 33.0
region size: 10
tbl0_rows:42 filtered_rows:42
QIP_gurobi_bound: solver finished in 1.245 s (time_limit=100.0 s, status=OPTIMAL)
[ Info: slice 1, lp_score: 5407.0, primal_bound: 5408.0
QIP_gurobi_bound: solver finished in 1.416 s (time_limit=100.0 s, status=OPTIMAL)
[ Info: slice 2, lp_score: 5408.0, primal_bound: 5408.0
[ Info: new_scs: [32]
[ Info: lp_scores: [5408.0]
[ Info: lp_scores: 5408.0
[ Info: current num of unfinished slices: 18, finished slices: 13
                      ┌                                        ┐ 
                   32 ┤■■■■■■■ 1                                 
                   33 ┤ 0                                        
                   34 ┤ 0                                        
                   35 ┤ 0                                        
                   36 ┤ 0                                        
                   37 ┤ 0                                        
                   38 ┤ 0                                        
                   39 ┤ 0                                        
                   40 ┤ 0                                        
                   41 ┤■■■■■■■ 1                                 
                   42 ┤ 0                                        
                   43 ┤ 0                                        
                   44 ┤ 0                                        
                   45 ┤ 0                                        
   sc, target = 31 46 ┤ 0                                        
                   47 ┤ 0                                        
                   48 ┤ 0                                        
                   49 ┤■■■■■■■ 1                                 
                   50 ┤■■■■■■■ 1                                 
                   51 ┤■■■■■■■■■■■■■■■■■■■■■■■■■■■■■■■■■■■■■ 5   
                   52 ┤■■■■■■■ 1                                 
                   53 ┤■■■■■■■ 1                                 
                   54 ┤■■■■■■■ 1                                 
                   55 ┤■■■■■■■■■■■■■■■ 2                         
                   56 ┤ 0                                        
                   57 ┤ 0                                        
                   58 ┤■■■■■■■■■■■■■■■ 2                         
                   59 ┤■■■■■■■ 1                                 
                   60 ┤■■■■■■■ 1                                 
                      └                                        ┘ 
                                     num of slices               
[ Info: slicing branch with sc: 32.0
[ Info: cc.sc: 32.0
region size: 10
tbl0_rows:16 filtered_rows:16
QIP_gurobi_bound: solver finished in 1.174 s (time_limit=100.0 s, status=OPTIMAL)
[ Info: slice 1, lp_score: 5408.0, primal_bound: 5408.0
QIP_gurobi_bound: solver finished in 1.402 s (time_limit=100.0 s, status=OPTIMAL)
[ Info: slice 2, lp_score: 5408.0, primal_bound: 5408.0
[ Info: new_scs: [32, 32]
[ Info: lp_scores: [5408.0, 5408.0]
[ Info: lp_scores: 5408.0
[ Info: lp_scores: 5408.0
[ Info: current num of unfinished slices: 19, finished slices: 13
                      ┌                                        ┐ 
                   32 ┤■■■■■■■■■■■■■■■ 2                         
                   33 ┤ 0                                        
                   34 ┤ 0                                        
                   35 ┤ 0                                        
                   36 ┤ 0                                        
                   37 ┤ 0                                        
                   38 ┤ 0                                        
                   39 ┤ 0                                        
                   40 ┤ 0                                        
                   41 ┤■■■■■■■ 1                                 
                   42 ┤ 0                                        
                   43 ┤ 0                                        
                   44 ┤ 0                                        
                   45 ┤ 0                                        
   sc, target = 31 46 ┤ 0                                        
                   47 ┤ 0                                        
                   48 ┤ 0                                        
                   49 ┤■■■■■■■ 1                                 
                   50 ┤■■■■■■■ 1                                 
                   51 ┤■■■■■■■■■■■■■■■■■■■■■■■■■■■■■■■■■■■■■ 5   
                   52 ┤■■■■■■■ 1                                 
                   53 ┤■■■■■■■ 1                                 
                   54 ┤■■■■■■■ 1                                 
                   55 ┤■■■■■■■■■■■■■■■ 2                         
                   56 ┤ 0                                        
                   57 ┤ 0                                        
                   58 ┤■■■■■■■■■■■■■■■ 2                         
                   59 ┤■■■■■■■ 1                                 
                   60 ┤■■■■■■■ 1                                 
                      └                                        ┘ 
                                     num of slices               
[ Info: slicing branch with sc: 32.0
[ Info: cc.sc: 32.0
region size: 10
tbl0_rows:40 filtered_rows:40
QIP_gurobi_bound: solver finished in 1.229 s (time_limit=100.0 s, status=OPTIMAL)
[ Info: slice 1, lp_score: 5408.0, primal_bound: 5408.0
QIP_gurobi_bound: solver finished in 1.356 s (time_limit=100.0 s, status=OPTIMAL)
[ Info: slice 2, lp_score: 5407.0, primal_bound: 5408.0
[ Info: new_scs: [31]
[ Info: lp_scores: [5408.0]
[ Info: lp_scores: 5408.0
[ Info: current num of unfinished slices: 19, finished slices: 13
                      ┌                                        ┐ 
                   31 ┤■■■■■■■ 1                                 
                   32 ┤■■■■■■■ 1                                 
                   33 ┤ 0                                        
                   34 ┤ 0                                        
                   35 ┤ 0                                        
                   36 ┤ 0                                        
                   37 ┤ 0                                        
                   38 ┤ 0                                        
                   39 ┤ 0                                        
                   40 ┤ 0                                        
                   41 ┤■■■■■■■ 1                                 
                   42 ┤ 0                                        
                   43 ┤ 0                                        
                   44 ┤ 0                                        
   sc, target = 31 45 ┤ 0                                        
                   46 ┤ 0                                        
                   47 ┤ 0                                        
                   48 ┤ 0                                        
                   49 ┤■■■■■■■ 1                                 
                   50 ┤■■■■■■■ 1                                 
                   51 ┤■■■■■■■■■■■■■■■■■■■■■■■■■■■■■■■■■■■■■ 5   
                   52 ┤■■■■■■■ 1                                 
                   53 ┤■■■■■■■ 1                                 
                   54 ┤■■■■■■■ 1                                 
                   55 ┤■■■■■■■■■■■■■■■ 2                         
                   56 ┤ 0                                        
                   57 ┤ 0                                        
                   58 ┤■■■■■■■■■■■■■■■ 2                         
                   59 ┤■■■■■■■ 1                                 
                   60 ┤■■■■■■■ 1                                 
                      └                                        ┘ 
                                     num of slices               
[ Info: slicing branch with sc: 31.0
  [slice produced] sc=31.0 tc=46.36332411808048 nv=3550 ne=6924 r=48.0
QIP_value_gurobi: solver finished in 1.216 s (time_limit=604800.0 s, status=OPTIMAL)
[ Info: feasible solution: 5408.0, primal bound: 5408.0
[ Info: current num of unfinished slices: 18, finished slices: 14
                      ┌                                        ┐ 
                   32 ┤■■■■■■■ 1                                 
                   33 ┤ 0                                        
                   34 ┤ 0                                        
                   35 ┤ 0                                        
                   36 ┤ 0                                        
                   37 ┤ 0                                        
                   38 ┤ 0                                        
                   39 ┤ 0                                        
                   40 ┤ 0                                        
                   41 ┤■■■■■■■ 1                                 
                   42 ┤ 0                                        
                   43 ┤ 0                                        
                   44 ┤ 0                                        
                   45 ┤ 0                                        
   sc, target = 31 46 ┤ 0                                        
                   47 ┤ 0                                        
                   48 ┤ 0                                        
                   49 ┤■■■■■■■ 1                                 
                   50 ┤■■■■■■■ 1                                 
                   51 ┤■■■■■■■■■■■■■■■■■■■■■■■■■■■■■■■■■■■■■ 5   
                   52 ┤■■■■■■■ 1                                 
                   53 ┤■■■■■■■ 1                                 
                   54 ┤■■■■■■■ 1                                 
                   55 ┤■■■■■■■■■■■■■■■ 2                         
                   56 ┤ 0                                        
                   57 ┤ 0                                        
                   58 ┤■■■■■■■■■■■■■■■ 2                         
                   59 ┤■■■■■■■ 1                                 
                   60 ┤■■■■■■■ 1                                 
                      └                                        ┘ 
                                     num of slices               
[ Info: slicing branch with sc: 32.0
[ Info: cc.sc: 32.0
region size: 10
tbl0_rows:63 filtered_rows:63
QIP_gurobi_bound: solver finished in 1.298 s (time_limit=100.0 s, status=OPTIMAL)
[ Info: slice 1, lp_score: 5408.0, primal_bound: 5408.0
QIP_gurobi_bound: solver finished in 1.617 s (time_limit=100.0 s, status=OPTIMAL)
[ Info: slice 2, lp_score: 5408.0, primal_bound: 5408.0
[ Info: new_scs: [31, 31]
[ Info: lp_scores: [5408.0, 5408.0]
[ Info: lp_scores: 5408.0
[ Info: lp_scores: 5408.0
[ Info: current num of unfinished slices: 19, finished slices: 14
                      ┌                                        ┐ 
                   31 ┤■■■■■■■■■■■■■■■ 2                         
                   32 ┤ 0                                        
                   33 ┤ 0                                        
                   34 ┤ 0                                        
                   35 ┤ 0                                        
                   36 ┤ 0                                        
                   37 ┤ 0                                        
                   38 ┤ 0                                        
                   39 ┤ 0                                        
                   40 ┤ 0                                        
                   41 ┤■■■■■■■ 1                                 
                   42 ┤ 0                                        
                   43 ┤ 0                                        
                   44 ┤ 0                                        
   sc, target = 31 45 ┤ 0                                        
                   46 ┤ 0                                        
                   47 ┤ 0                                        
                   48 ┤ 0                                        
                   49 ┤■■■■■■■ 1                                 
                   50 ┤■■■■■■■ 1                                 
                   51 ┤■■■■■■■■■■■■■■■■■■■■■■■■■■■■■■■■■■■■■ 5   
                   52 ┤■■■■■■■ 1                                 
                   53 ┤■■■■■■■ 1                                 
                   54 ┤■■■■■■■ 1                                 
                   55 ┤■■■■■■■■■■■■■■■ 2                         
                   56 ┤ 0                                        
                   57 ┤ 0                                        
                   58 ┤■■■■■■■■■■■■■■■ 2                         
                   59 ┤■■■■■■■ 1                                 
                   60 ┤■■■■■■■ 1                                 
                      └                                        ┘ 
                                     num of slices               
[ Info: slicing branch with sc: 31.0
  [slice produced] sc=31.0 tc=46.42473178359185 nv=3550 ne=6923 r=47.0
QIP_value_gurobi: solver finished in 1.331 s (time_limit=604800.0 s, status=OPTIMAL)
[ Info: feasible solution: 5408.0, primal bound: 5408.0
[ Info: current num of unfinished slices: 18, finished slices: 15
                      ┌                                        ┐ 
                   31 ┤■■■■■■■ 1                                 
                   32 ┤ 0                                        
                   33 ┤ 0                                        
                   34 ┤ 0                                        
                   35 ┤ 0                                        
                   36 ┤ 0                                        
                   37 ┤ 0                                        
                   38 ┤ 0                                        
                   39 ┤ 0                                        
                   40 ┤ 0                                        
                   41 ┤■■■■■■■ 1                                 
                   42 ┤ 0                                        
                   43 ┤ 0                                        
                   44 ┤ 0                                        
   sc, target = 31 45 ┤ 0                                        
                   46 ┤ 0                                        
                   47 ┤ 0                                        
                   48 ┤ 0                                        
                   49 ┤■■■■■■■ 1                                 
                   50 ┤■■■■■■■ 1                                 
                   51 ┤■■■■■■■■■■■■■■■■■■■■■■■■■■■■■■■■■■■■■ 5   
                   52 ┤■■■■■■■ 1                                 
                   53 ┤■■■■■■■ 1                                 
                   54 ┤■■■■■■■ 1                                 
                   55 ┤■■■■■■■■■■■■■■■ 2                         
                   56 ┤ 0                                        
                   57 ┤ 0                                        
                   58 ┤■■■■■■■■■■■■■■■ 2                         
                   59 ┤■■■■■■■ 1                                 
                   60 ┤■■■■■■■ 1                                 
                      └                                        ┘ 
                                     num of slices               
[ Info: slicing branch with sc: 31.0
  [slice produced] sc=31.0 tc=46.37442094438269 nv=3550 ne=6923 r=48.0
QIP_value_gurobi: solver finished in 1.619 s (time_limit=604800.0 s, status=OPTIMAL)
[ Info: feasible solution: 5408.0, primal bound: 5408.0
[ Info: current num of unfinished slices: 17, finished slices: 16
                      ┌                                        ┐ 
                   41 ┤■■■■■■■ 1                                 
                   42 ┤ 0                                        
                   43 ┤ 0                                        
                   44 ┤ 0                                        
                   45 ┤ 0                                        
                   46 ┤ 0                                        
                   47 ┤ 0                                        
                   48 ┤ 0                                        
                   49 ┤■■■■■■■ 1                                 
   sc, target = 31 50 ┤■■■■■■■ 1                                 
                   51 ┤■■■■■■■■■■■■■■■■■■■■■■■■■■■■■■■■■■■■■ 5   
                   52 ┤■■■■■■■ 1                                 
                   53 ┤■■■■■■■ 1                                 
                   54 ┤■■■■■■■ 1                                 
                   55 ┤■■■■■■■■■■■■■■■ 2                         
                   56 ┤ 0                                        
                   57 ┤ 0                                        
                   58 ┤■■■■■■■■■■■■■■■ 2                         
                   59 ┤■■■■■■■ 1                                 
                   60 ┤■■■■■■■ 1                                 
                      └                                        ┘ 
                                     num of slices               
[ Info: slicing branch with sc: 41.0
[ Info: cc.sc: 41.0
region size: 10
tbl0_rows:21 filtered_rows:21
QIP_gurobi_bound: solver finished in 1.397 s (time_limit=100.0 s, status=OPTIMAL)
[ Info: slice 1, lp_score: 5396.0, primal_bound: 5408.0
QIP_gurobi_bound: solver finished in 1.323 s (time_limit=100.0 s, status=OPTIMAL)
[ Info: slice 2, lp_score: 5408.0, primal_bound: 5408.0
[ Info: new_scs: [40]
[ Info: lp_scores: [5408.0]
[ Info: lp_scores: 5408.0
[ Info: current num of unfinished slices: 17, finished slices: 16
                      ┌                                        ┐ 
                   40 ┤■■■■■■■ 1                                 
                   41 ┤ 0                                        
                   42 ┤ 0                                        
                   43 ┤ 0                                        
                   44 ┤ 0                                        
                   45 ┤ 0                                        
                   46 ┤ 0                                        
                   47 ┤ 0                                        
                   48 ┤ 0                                        
                   49 ┤■■■■■■■ 1                                 
   sc, target = 31 50 ┤■■■■■■■ 1                                 
                   51 ┤■■■■■■■■■■■■■■■■■■■■■■■■■■■■■■■■■■■■■ 5   
                   52 ┤■■■■■■■ 1                                 
                   53 ┤■■■■■■■ 1                                 
                   54 ┤■■■■■■■ 1                                 
                   55 ┤■■■■■■■■■■■■■■■ 2                         
                   56 ┤ 0                                        
                   57 ┤ 0                                        
                   58 ┤■■■■■■■■■■■■■■■ 2                         
                   59 ┤■■■■■■■ 1                                 
                   60 ┤■■■■■■■ 1                                 
                      └                                        ┘ 
                                     num of slices               
[ Info: slicing branch with sc: 40.0
[ Info: cc.sc: 40.0
region size: 10
tbl0_rows:19 filtered_rows:19
QIP_gurobi_bound: solver finished in 1.337 s (time_limit=100.0 s, status=OPTIMAL)
[ Info: slice 1, lp_score: 5408.0, primal_bound: 5408.0
[ Info: new_scs: [40]
[ Info: lp_scores: [5408.0]
[ Info: lp_scores: 5408.0
[ Info: current num of unfinished slices: 17, finished slices: 16
                      ┌                                        ┐ 
                   40 ┤■■■■■■■ 1                                 
                   41 ┤ 0                                        
                   42 ┤ 0                                        
                   43 ┤ 0                                        
                   44 ┤ 0                                        
                   45 ┤ 0                                        
                   46 ┤ 0                                        
                   47 ┤ 0                                        
                   48 ┤ 0                                        
                   49 ┤■■■■■■■ 1                                 
   sc, target = 31 50 ┤■■■■■■■ 1                                 
                   51 ┤■■■■■■■■■■■■■■■■■■■■■■■■■■■■■■■■■■■■■ 5   
                   52 ┤■■■■■■■ 1                                 
                   53 ┤■■■■■■■ 1                                 
                   54 ┤■■■■■■■ 1                                 
                   55 ┤■■■■■■■■■■■■■■■ 2                         
                   56 ┤ 0                                        
                   57 ┤ 0                                        
                   58 ┤■■■■■■■■■■■■■■■ 2                         
                   59 ┤■■■■■■■ 1                                 
                   60 ┤■■■■■■■ 1                                 
                      └                                        ┘ 
                                     num of slices               
[ Info: slicing branch with sc: 40.0
[ Info: cc.sc: 40.0
region size: 10
tbl0_rows:36 filtered_rows:36
QIP_gurobi_bound: solver finished in 1.358 s (time_limit=100.0 s, status=OPTIMAL)
[ Info: slice 1, lp_score: 5404.0, primal_bound: 5408.0
QIP_gurobi_bound: solver finished in 1.234 s (time_limit=100.0 s, status=OPTIMAL)
[ Info: slice 2, lp_score: 5408.0, primal_bound: 5408.0
[ Info: new_scs: [39]
[ Info: lp_scores: [5408.0]
[ Info: lp_scores: 5408.0
[ Info: current num of unfinished slices: 17, finished slices: 16
                      ┌                                        ┐ 
                   39 ┤■■■■■■■ 1                                 
                   40 ┤ 0                                        
                   41 ┤ 0                                        
                   42 ┤ 0                                        
                   43 ┤ 0                                        
                   44 ┤ 0                                        
                   45 ┤ 0                                        
                   46 ┤ 0                                        
                   47 ┤ 0                                        
                   48 ┤ 0                                        
   sc, target = 31 49 ┤■■■■■■■ 1                                 
                   50 ┤■■■■■■■ 1                                 
                   51 ┤■■■■■■■■■■■■■■■■■■■■■■■■■■■■■■■■■■■■■ 5   
                   52 ┤■■■■■■■ 1                                 
                   53 ┤■■■■■■■ 1                                 
                   54 ┤■■■■■■■ 1                                 
                   55 ┤■■■■■■■■■■■■■■■ 2                         
                   56 ┤ 0                                        
                   57 ┤ 0                                        
                   58 ┤■■■■■■■■■■■■■■■ 2                         
                   59 ┤■■■■■■■ 1                                 
                   60 ┤■■■■■■■ 1                                 
                      └                                        ┘ 
                                     num of slices               
[ Info: slicing branch with sc: 39.0
[ Info: cc.sc: 39.0
region size: 10
tbl0_rows:47 filtered_rows:47
QIP_gurobi_bound: solver finished in 1.333 s (time_limit=100.0 s, status=OPTIMAL)
[ Info: slice 1, lp_score: 5404.0, primal_bound: 5408.0
QIP_gurobi_bound: solver finished in 1.261 s (time_limit=100.0 s, status=OPTIMAL)
[ Info: slice 2, lp_score: 5408.0, primal_bound: 5408.0
[ Info: new_scs: [38]
[ Info: lp_scores: [5408.0]
[ Info: lp_scores: 5408.0
[ Info: current num of unfinished slices: 17, finished slices: 16
                      ┌                                        ┐ 
                   38 ┤■■■■■■■ 1                                 
                   39 ┤ 0                                        
                   40 ┤ 0                                        
                   41 ┤ 0                                        
                   42 ┤ 0                                        
                   43 ┤ 0                                        
                   44 ┤ 0                                        
                   45 ┤ 0                                        
                   46 ┤ 0                                        
                   47 ┤ 0                                        
                   48 ┤ 0                                        
   sc, target = 31 49 ┤■■■■■■■ 1                                 
                   50 ┤■■■■■■■ 1                                 
                   51 ┤■■■■■■■■■■■■■■■■■■■■■■■■■■■■■■■■■■■■■ 5   
                   52 ┤■■■■■■■ 1                                 
                   53 ┤■■■■■■■ 1                                 
                   54 ┤■■■■■■■ 1                                 
                   55 ┤■■■■■■■■■■■■■■■ 2                         
                   56 ┤ 0                                        
                   57 ┤ 0                                        
                   58 ┤■■■■■■■■■■■■■■■ 2                         
                   59 ┤■■■■■■■ 1                                 
                   60 ┤■■■■■■■ 1                                 
                      └                                        ┘ 
                                     num of slices               
[ Info: slicing branch with sc: 38.0
[ Info: cc.sc: 38.0
region size: 10
tbl0_rows:39 filtered_rows:39
QIP_gurobi_bound: solver finished in 1.414 s (time_limit=100.0 s, status=OPTIMAL)
[ Info: slice 1, lp_score: 5408.0, primal_bound: 5408.0
QIP_gurobi_bound: solver finished in 1.261 s (time_limit=100.0 s, status=OPTIMAL)
[ Info: slice 2, lp_score: 5407.0, primal_bound: 5408.0
[ Info: new_scs: [37]
[ Info: lp_scores: [5408.0]
[ Info: lp_scores: 5408.0
[ Info: current num of unfinished slices: 17, finished slices: 16
                      ┌                                        ┐ 
                   37 ┤■■■■■■■ 1                                 
                   38 ┤ 0                                        
                   39 ┤ 0                                        
                   40 ┤ 0                                        
                   41 ┤ 0                                        
                   42 ┤ 0                                        
                   43 ┤ 0                                        
                   44 ┤ 0                                        
                   45 ┤ 0                                        
                   46 ┤ 0                                        
                   47 ┤ 0                                        
   sc, target = 31 48 ┤ 0                                        
                   49 ┤■■■■■■■ 1                                 
                   50 ┤■■■■■■■ 1                                 
                   51 ┤■■■■■■■■■■■■■■■■■■■■■■■■■■■■■■■■■■■■■ 5   
                   52 ┤■■■■■■■ 1                                 
                   53 ┤■■■■■■■ 1                                 
                   54 ┤■■■■■■■ 1                                 
                   55 ┤■■■■■■■■■■■■■■■ 2                         
                   56 ┤ 0                                        
                   57 ┤ 0                                        
                   58 ┤■■■■■■■■■■■■■■■ 2                         
                   59 ┤■■■■■■■ 1                                 
                   60 ┤■■■■■■■ 1                                 
                      └                                        ┘ 
                                     num of slices               
[ Info: slicing branch with sc: 37.0
[ Info: cc.sc: 37.0
region size: 10
tbl0_rows:28 filtered_rows:28
QIP_gurobi_bound: solver finished in 1.306 s (time_limit=100.0 s, status=OPTIMAL)
[ Info: slice 1, lp_score: 5405.0, primal_bound: 5408.0
QIP_gurobi_bound: solver finished in 1.658 s (time_limit=100.0 s, status=OPTIMAL)
[ Info: slice 2, lp_score: 5408.0, primal_bound: 5408.0
[ Info: new_scs: [37]
[ Info: lp_scores: [5408.0]
[ Info: lp_scores: 5408.0
[ Info: current num of unfinished slices: 17, finished slices: 16
                      ┌                                        ┐ 
                   37 ┤■■■■■■■ 1                                 
                   38 ┤ 0                                        
                   39 ┤ 0                                        
                   40 ┤ 0                                        
                   41 ┤ 0                                        
                   42 ┤ 0                                        
                   43 ┤ 0                                        
                   44 ┤ 0                                        
                   45 ┤ 0                                        
                   46 ┤ 0                                        
                   47 ┤ 0                                        
   sc, target = 31 48 ┤ 0                                        
                   49 ┤■■■■■■■ 1                                 
                   50 ┤■■■■■■■ 1                                 
                   51 ┤■■■■■■■■■■■■■■■■■■■■■■■■■■■■■■■■■■■■■ 5   
                   52 ┤■■■■■■■ 1                                 
                   53 ┤■■■■■■■ 1                                 
                   54 ┤■■■■■■■ 1                                 
                   55 ┤■■■■■■■■■■■■■■■ 2                         
                   56 ┤ 0                                        
                   57 ┤ 0                                        
                   58 ┤■■■■■■■■■■■■■■■ 2                         
                   59 ┤■■■■■■■ 1                                 
                   60 ┤■■■■■■■ 1                                 
                      └                                        ┘ 
                                     num of slices               
[ Info: slicing branch with sc: 37.0
[ Info: cc.sc: 37.0
region size: 10
tbl0_rows:38 filtered_rows:38
QIP_gurobi_bound: solver finished in 1.416 s (time_limit=100.0 s, status=OPTIMAL)
[ Info: slice 1, lp_score: 5408.0, primal_bound: 5408.0
QIP_gurobi_bound: solver finished in 1.419 s (time_limit=100.0 s, status=OPTIMAL)
[ Info: slice 2, lp_score: 5400.0, primal_bound: 5408.0
[ Info: new_scs: [36]
[ Info: lp_scores: [5408.0]
[ Info: lp_scores: 5408.0
[ Info: current num of unfinished slices: 17, finished slices: 16
                      ┌                                        ┐ 
                   36 ┤■■■■■■■ 1                                 
                   37 ┤ 0                                        
                   38 ┤ 0                                        
                   39 ┤ 0                                        
                   40 ┤ 0                                        
                   41 ┤ 0                                        
                   42 ┤ 0                                        
                   43 ┤ 0                                        
                   44 ┤ 0                                        
                   45 ┤ 0                                        
                   46 ┤ 0                                        
                   47 ┤ 0                                        
   sc, target = 31 48 ┤ 0                                        
                   49 ┤■■■■■■■ 1                                 
                   50 ┤■■■■■■■ 1                                 
                   51 ┤■■■■■■■■■■■■■■■■■■■■■■■■■■■■■■■■■■■■■ 5   
                   52 ┤■■■■■■■ 1                                 
                   53 ┤■■■■■■■ 1                                 
                   54 ┤■■■■■■■ 1                                 
                   55 ┤■■■■■■■■■■■■■■■ 2                         
                   56 ┤ 0                                        
                   57 ┤ 0                                        
                   58 ┤■■■■■■■■■■■■■■■ 2                         
                   59 ┤■■■■■■■ 1                                 
                   60 ┤■■■■■■■ 1                                 
                      └                                        ┘ 
                                     num of slices               
[ Info: slicing branch with sc: 36.0
[ Info: cc.sc: 36.0
region size: 10
tbl0_rows:63 filtered_rows:63
QIP_gurobi_bound: solver finished in 1.361 s (time_limit=100.0 s, status=OPTIMAL)
[ Info: slice 1, lp_score: 5408.0, primal_bound: 5408.0
QIP_gurobi_bound: solver finished in 1.434 s (time_limit=100.0 s, status=OPTIMAL)
[ Info: slice 2, lp_score: 5408.0, primal_bound: 5408.0
[ Info: new_scs: [36, 36]
[ Info: lp_scores: [5408.0, 5408.0]
[ Info: lp_scores: 5408.0
[ Info: lp_scores: 5408.0
[ Info: current num of unfinished slices: 18, finished slices: 16
                      ┌                                        ┐ 
                   36 ┤■■■■■■■■■■■■■■■ 2                         
                   37 ┤ 0                                        
                   38 ┤ 0                                        
                   39 ┤ 0                                        
                   40 ┤ 0                                        
                   41 ┤ 0                                        
                   42 ┤ 0                                        
                   43 ┤ 0                                        
                   44 ┤ 0                                        
                   45 ┤ 0                                        
                   46 ┤ 0                                        
                   47 ┤ 0                                        
   sc, target = 31 48 ┤ 0                                        
                   49 ┤■■■■■■■ 1                                 
                   50 ┤■■■■■■■ 1                                 
                   51 ┤■■■■■■■■■■■■■■■■■■■■■■■■■■■■■■■■■■■■■ 5   
                   52 ┤■■■■■■■ 1                                 
                   53 ┤■■■■■■■ 1                                 
                   54 ┤■■■■■■■ 1                                 
                   55 ┤■■■■■■■■■■■■■■■ 2                         
                   56 ┤ 0                                        
                   57 ┤ 0                                        
                   58 ┤■■■■■■■■■■■■■■■ 2                         
                   59 ┤■■■■■■■ 1                                 
                   60 ┤■■■■■■■ 1                                 
                      └                                        ┘ 
                                     num of slices               
[ Info: slicing branch with sc: 36.0
[ Info: cc.sc: 36.0
region size: 10
tbl0_rows:56 filtered_rows:56
QIP_gurobi_bound: solver finished in 1.301 s (time_limit=100.0 s, status=OPTIMAL)
[ Info: slice 1, lp_score: 5405.0, primal_bound: 5408.0
QIP_gurobi_bound: solver finished in 1.313 s (time_limit=100.0 s, status=OPTIMAL)
[ Info: slice 2, lp_score: 5408.0, primal_bound: 5408.0
[ Info: new_scs: [36]
[ Info: lp_scores: [5408.0]
[ Info: lp_scores: 5408.0
[ Info: current num of unfinished slices: 18, finished slices: 16
                      ┌                                        ┐ 
                   36 ┤■■■■■■■■■■■■■■■ 2                         
                   37 ┤ 0                                        
                   38 ┤ 0                                        
                   39 ┤ 0                                        
                   40 ┤ 0                                        
                   41 ┤ 0                                        
                   42 ┤ 0                                        
                   43 ┤ 0                                        
                   44 ┤ 0                                        
                   45 ┤ 0                                        
                   46 ┤ 0                                        
                   47 ┤ 0                                        
   sc, target = 31 48 ┤ 0                                        
                   49 ┤■■■■■■■ 1                                 
                   50 ┤■■■■■■■ 1                                 
                   51 ┤■■■■■■■■■■■■■■■■■■■■■■■■■■■■■■■■■■■■■ 5   
                   52 ┤■■■■■■■ 1                                 
                   53 ┤■■■■■■■ 1                                 
                   54 ┤■■■■■■■ 1                                 
                   55 ┤■■■■■■■■■■■■■■■ 2                         
                   56 ┤ 0                                        
                   57 ┤ 0                                        
                   58 ┤■■■■■■■■■■■■■■■ 2                         
                   59 ┤■■■■■■■ 1                                 
                   60 ┤■■■■■■■ 1                                 
                      └                                        ┘ 
                                     num of slices               
[ Info: slicing branch with sc: 36.0
[ Info: cc.sc: 36.0
region size: 10
tbl0_rows:27 filtered_rows:27
QIP_gurobi_bound: solver finished in 1.231 s (time_limit=100.0 s, status=OPTIMAL)
[ Info: slice 1, lp_score: 5408.0, primal_bound: 5408.0
QIP_gurobi_bound: solver finished in 1.231 s (time_limit=100.0 s, status=OPTIMAL)
[ Info: slice 2, lp_score: 5401.0, primal_bound: 5408.0
[ Info: new_scs: [35]
[ Info: lp_scores: [5408.0]
[ Info: lp_scores: 5408.0
[ Info: current num of unfinished slices: 18, finished slices: 16
                      ┌                                        ┐ 
                   35 ┤■■■■■■■ 1                                 
                   36 ┤■■■■■■■ 1                                 
                   37 ┤ 0                                        
                   38 ┤ 0                                        
                   39 ┤ 0                                        
                   40 ┤ 0                                        
                   41 ┤ 0                                        
                   42 ┤ 0                                        
                   43 ┤ 0                                        
                   44 ┤ 0                                        
                   45 ┤ 0                                        
                   46 ┤ 0                                        
   sc, target = 31 47 ┤ 0                                        
                   48 ┤ 0                                        
                   49 ┤■■■■■■■ 1                                 
                   50 ┤■■■■■■■ 1                                 
                   51 ┤■■■■■■■■■■■■■■■■■■■■■■■■■■■■■■■■■■■■■ 5   
                   52 ┤■■■■■■■ 1                                 
                   53 ┤■■■■■■■ 1                                 
                   54 ┤■■■■■■■ 1                                 
                   55 ┤■■■■■■■■■■■■■■■ 2                         
                   56 ┤ 0                                        
                   57 ┤ 0                                        
                   58 ┤■■■■■■■■■■■■■■■ 2                         
                   59 ┤■■■■■■■ 1                                 
                   60 ┤■■■■■■■ 1                                 
                      └                                        ┘ 
                                     num of slices               
[ Info: slicing branch with sc: 35.0
[ Info: cc.sc: 35.0
region size: 10
tbl0_rows:38 filtered_rows:38
QIP_gurobi_bound: solver finished in 1.357 s (time_limit=100.0 s, status=OPTIMAL)
[ Info: slice 1, lp_score: 5407.0, primal_bound: 5408.0
QIP_gurobi_bound: solver finished in 1.318 s (time_limit=100.0 s, status=OPTIMAL)
[ Info: slice 2, lp_score: 5408.0, primal_bound: 5408.0
[ Info: new_scs: [34]
[ Info: lp_scores: [5408.0]
[ Info: lp_scores: 5408.0
[ Info: current num of unfinished slices: 18, finished slices: 16
                      ┌                                        ┐ 
                   34 ┤■■■■■■■ 1                                 
                   35 ┤ 0                                        
                   36 ┤■■■■■■■ 1                                 
                   37 ┤ 0                                        
                   38 ┤ 0                                        
                   39 ┤ 0                                        
                   40 ┤ 0                                        
                   41 ┤ 0                                        
                   42 ┤ 0                                        
                   43 ┤ 0                                        
                   44 ┤ 0                                        
                   45 ┤ 0                                        
                   46 ┤ 0                                        
   sc, target = 31 47 ┤ 0                                        
                   48 ┤ 0                                        
                   49 ┤■■■■■■■ 1                                 
                   50 ┤■■■■■■■ 1                                 
                   51 ┤■■■■■■■■■■■■■■■■■■■■■■■■■■■■■■■■■■■■■ 5   
                   52 ┤■■■■■■■ 1                                 
                   53 ┤■■■■■■■ 1                                 
                   54 ┤■■■■■■■ 1                                 
                   55 ┤■■■■■■■■■■■■■■■ 2                         
                   56 ┤ 0                                        
                   57 ┤ 0                                        
                   58 ┤■■■■■■■■■■■■■■■ 2                         
                   59 ┤■■■■■■■ 1                                 
                   60 ┤■■■■■■■ 1                                 
                      └                                        ┘ 
                                     num of slices               
[ Info: slicing branch with sc: 34.0
[ Info: cc.sc: 34.0
region size: 10
tbl0_rows:58 filtered_rows:58
QIP_gurobi_bound: solver finished in 1.19 s (time_limit=100.0 s, status=OPTIMAL)
[ Info: slice 1, lp_score: 5408.0, primal_bound: 5408.0
QIP_gurobi_bound: solver finished in 1.402 s (time_limit=100.0 s, status=OPTIMAL)
[ Info: slice 2, lp_score: 5401.0, primal_bound: 5408.0
[ Info: new_scs: [33]
[ Info: lp_scores: [5408.0]
[ Info: lp_scores: 5408.0
[ Info: current num of unfinished slices: 18, finished slices: 16
                      ┌                                        ┐ 
                   33 ┤■■■■■■■ 1                                 
                   34 ┤ 0                                        
                   35 ┤ 0                                        
                   36 ┤■■■■■■■ 1                                 
                   37 ┤ 0                                        
                   38 ┤ 0                                        
                   39 ┤ 0                                        
                   40 ┤ 0                                        
                   41 ┤ 0                                        
                   42 ┤ 0                                        
                   43 ┤ 0                                        
                   44 ┤ 0                                        
                   45 ┤ 0                                        
   sc, target = 31 46 ┤ 0                                        
                   47 ┤ 0                                        
                   48 ┤ 0                                        
                   49 ┤■■■■■■■ 1                                 
                   50 ┤■■■■■■■ 1                                 
                   51 ┤■■■■■■■■■■■■■■■■■■■■■■■■■■■■■■■■■■■■■ 5   
                   52 ┤■■■■■■■ 1                                 
                   53 ┤■■■■■■■ 1                                 
                   54 ┤■■■■■■■ 1                                 
                   55 ┤■■■■■■■■■■■■■■■ 2                         
                   56 ┤ 0                                        
                   57 ┤ 0                                        
                   58 ┤■■■■■■■■■■■■■■■ 2                         
                   59 ┤■■■■■■■ 1                                 
                   60 ┤■■■■■■■ 1                                 
                      └                                        ┘ 
                                     num of slices               
[ Info: slicing branch with sc: 33.0
[ Info: cc.sc: 33.0
region size: 10
tbl0_rows:85 filtered_rows:85
QIP_gurobi_bound: solver finished in 1.21 s (time_limit=100.0 s, status=OPTIMAL)
[ Info: slice 1, lp_score: 5407.0, primal_bound: 5408.0
QIP_gurobi_bound: solver finished in 1.286 s (time_limit=100.0 s, status=OPTIMAL)
[ Info: slice 2, lp_score: 5408.0, primal_bound: 5408.0
[ Info: new_scs: [33]
[ Info: lp_scores: [5408.0]
[ Info: lp_scores: 5408.0
[ Info: current num of unfinished slices: 18, finished slices: 16
                      ┌                                        ┐ 
                   33 ┤■■■■■■■ 1                                 
                   34 ┤ 0                                        
                   35 ┤ 0                                        
                   36 ┤■■■■■■■ 1                                 
                   37 ┤ 0                                        
                   38 ┤ 0                                        
                   39 ┤ 0                                        
                   40 ┤ 0                                        
                   41 ┤ 0                                        
                   42 ┤ 0                                        
                   43 ┤ 0                                        
                   44 ┤ 0                                        
                   45 ┤ 0                                        
   sc, target = 31 46 ┤ 0                                        
                   47 ┤ 0                                        
                   48 ┤ 0                                        
                   49 ┤■■■■■■■ 1                                 
                   50 ┤■■■■■■■ 1                                 
                   51 ┤■■■■■■■■■■■■■■■■■■■■■■■■■■■■■■■■■■■■■ 5   
                   52 ┤■■■■■■■ 1                                 
                   53 ┤■■■■■■■ 1                                 
                   54 ┤■■■■■■■ 1                                 
                   55 ┤■■■■■■■■■■■■■■■ 2                         
                   56 ┤ 0                                        
                   57 ┤ 0                                        
                   58 ┤■■■■■■■■■■■■■■■ 2                         
                   59 ┤■■■■■■■ 1                                 
                   60 ┤■■■■■■■ 1                                 
                      └                                        ┘ 
                                     num of slices               
[ Info: slicing branch with sc: 33.0
[ Info: cc.sc: 33.0
region size: 10
tbl0_rows:24 filtered_rows:24
QIP_gurobi_bound: solver finished in 1.304 s (time_limit=100.0 s, status=OPTIMAL)
[ Info: slice 1, lp_score: 5408.0, primal_bound: 5408.0
QIP_gurobi_bound: solver finished in 1.263 s (time_limit=100.0 s, status=OPTIMAL)
[ Info: slice 2, lp_score: 5405.0, primal_bound: 5408.0
[ Info: new_scs: [32]
[ Info: lp_scores: [5408.0]
[ Info: lp_scores: 5408.0
[ Info: current num of unfinished slices: 18, finished slices: 16
                      ┌                                        ┐ 
                   32 ┤■■■■■■■ 1                                 
                   33 ┤ 0                                        
                   34 ┤ 0                                        
                   35 ┤ 0                                        
                   36 ┤■■■■■■■ 1                                 
                   37 ┤ 0                                        
                   38 ┤ 0                                        
                   39 ┤ 0                                        
                   40 ┤ 0                                        
                   41 ┤ 0                                        
                   42 ┤ 0                                        
                   43 ┤ 0                                        
                   44 ┤ 0                                        
                   45 ┤ 0                                        
   sc, target = 31 46 ┤ 0                                        
                   47 ┤ 0                                        
                   48 ┤ 0                                        
                   49 ┤■■■■■■■ 1                                 
                   50 ┤■■■■■■■ 1                                 
                   51 ┤■■■■■■■■■■■■■■■■■■■■■■■■■■■■■■■■■■■■■ 5   
                   52 ┤■■■■■■■ 1                                 
                   53 ┤■■■■■■■ 1                                 
                   54 ┤■■■■■■■ 1                                 
                   55 ┤■■■■■■■■■■■■■■■ 2                         
                   56 ┤ 0                                        
                   57 ┤ 0                                        
                   58 ┤■■■■■■■■■■■■■■■ 2                         
                   59 ┤■■■■■■■ 1                                 
                   60 ┤■■■■■■■ 1                                 
                      └                                        ┘ 
                                     num of slices               
[ Info: slicing branch with sc: 32.0
[ Info: cc.sc: 32.0
region size: 10
tbl0_rows:10 filtered_rows:10
QIP_gurobi_bound: solver finished in 1.305 s (time_limit=100.0 s, status=OPTIMAL)
[ Info: slice 1, lp_score: 5408.0, primal_bound: 5408.0
[ Info: new_scs: [31]
[ Info: lp_scores: [5408.0]
[ Info: lp_scores: 5408.0
[ Info: current num of unfinished slices: 18, finished slices: 16
                      ┌                                        ┐ 
                   31 ┤■■■■■■■ 1                                 
                   32 ┤ 0                                        
                   33 ┤ 0                                        
                   34 ┤ 0                                        
                   35 ┤ 0                                        
                   36 ┤■■■■■■■ 1                                 
                   37 ┤ 0                                        
                   38 ┤ 0                                        
                   39 ┤ 0                                        
                   40 ┤ 0                                        
                   41 ┤ 0                                        
                   42 ┤ 0                                        
                   43 ┤ 0                                        
                   44 ┤ 0                                        
   sc, target = 31 45 ┤ 0                                        
                   46 ┤ 0                                        
                   47 ┤ 0                                        
                   48 ┤ 0                                        
                   49 ┤■■■■■■■ 1                                 
                   50 ┤■■■■■■■ 1                                 
                   51 ┤■■■■■■■■■■■■■■■■■■■■■■■■■■■■■■■■■■■■■ 5   
                   52 ┤■■■■■■■ 1                                 
                   53 ┤■■■■■■■ 1                                 
                   54 ┤■■■■■■■ 1                                 
                   55 ┤■■■■■■■■■■■■■■■ 2                         
                   56 ┤ 0                                        
                   57 ┤ 0                                        
                   58 ┤■■■■■■■■■■■■■■■ 2                         
                   59 ┤■■■■■■■ 1                                 
                   60 ┤■■■■■■■ 1                                 
                      └                                        ┘ 
                                     num of slices               
[ Info: slicing branch with sc: 31.0
  [slice produced] sc=31.0 tc=46.23618672728883 nv=3545 ne=6912 r=58.5
QIP_value_gurobi: solver finished in 1.262 s (time_limit=604800.0 s, status=OPTIMAL)
[ Info: feasible solution: 5408.0, primal bound: 5408.0
[ Info: current num of unfinished slices: 17, finished slices: 17
                      ┌                                        ┐ 
                   36 ┤■■■■■■■ 1                                 
                   37 ┤ 0                                        
                   38 ┤ 0                                        
                   39 ┤ 0                                        
                   40 ┤ 0                                        
                   41 ┤ 0                                        
                   42 ┤ 0                                        
                   43 ┤ 0                                        
                   44 ┤ 0                                        
                   45 ┤ 0                                        
                   46 ┤ 0                                        
                   47 ┤ 0                                        
   sc, target = 31 48 ┤ 0                                        
                   49 ┤■■■■■■■ 1                                 
                   50 ┤■■■■■■■ 1                                 
                   51 ┤■■■■■■■■■■■■■■■■■■■■■■■■■■■■■■■■■■■■■ 5   
                   52 ┤■■■■■■■ 1                                 
                   53 ┤■■■■■■■ 1                                 
                   54 ┤■■■■■■■ 1                                 
                   55 ┤■■■■■■■■■■■■■■■ 2                         
                   56 ┤ 0                                        
                   57 ┤ 0                                        
                   58 ┤■■■■■■■■■■■■■■■ 2                         
                   59 ┤■■■■■■■ 1                                 
                   60 ┤■■■■■■■ 1                                 
                      └                                        ┘ 
                                     num of slices               
[ Info: slicing branch with sc: 36.0
[ Info: cc.sc: 36.0
region size: 10
tbl0_rows:56 filtered_rows:56
QIP_gurobi_bound: solver finished in 1.491 s (time_limit=100.0 s, status=OPTIMAL)
[ Info: slice 1, lp_score: 5405.0, primal_bound: 5408.0
QIP_gurobi_bound: solver finished in 1.324 s (time_limit=100.0 s, status=OPTIMAL)
[ Info: slice 2, lp_score: 5408.0, primal_bound: 5408.0
[ Info: new_scs: [36]
[ Info: lp_scores: [5408.0]
[ Info: lp_scores: 5408.0
[ Info: current num of unfinished slices: 17, finished slices: 17
                      ┌                                        ┐ 
                   36 ┤■■■■■■■ 1                                 
                   37 ┤ 0                                        
                   38 ┤ 0                                        
                   39 ┤ 0                                        
                   40 ┤ 0                                        
                   41 ┤ 0                                        
                   42 ┤ 0                                        
                   43 ┤ 0                                        
                   44 ┤ 0                                        
                   45 ┤ 0                                        
                   46 ┤ 0                                        
                   47 ┤ 0                                        
   sc, target = 31 48 ┤ 0                                        
                   49 ┤■■■■■■■ 1                                 
                   50 ┤■■■■■■■ 1                                 
                   51 ┤■■■■■■■■■■■■■■■■■■■■■■■■■■■■■■■■■■■■■ 5   
                   52 ┤■■■■■■■ 1                                 
                   53 ┤■■■■■■■ 1                                 
                   54 ┤■■■■■■■ 1                                 
                   55 ┤■■■■■■■■■■■■■■■ 2                         
                   56 ┤ 0                                        
                   57 ┤ 0                                        
                   58 ┤■■■■■■■■■■■■■■■ 2                         
                   59 ┤■■■■■■■ 1                                 
                   60 ┤■■■■■■■ 1                                 
                      └                                        ┘ 
                                     num of slices               
[ Info: slicing branch with sc: 36.0
[ Info: cc.sc: 36.0
region size: 10
tbl0_rows:26 filtered_rows:26
QIP_gurobi_bound: solver finished in 1.251 s (time_limit=100.0 s, status=OPTIMAL)
[ Info: slice 1, lp_score: 5399.0, primal_bound: 5408.0
QIP_gurobi_bound: solver finished in 1.245 s (time_limit=100.0 s, status=OPTIMAL)
[ Info: slice 2, lp_score: 5408.0, primal_bound: 5408.0
[ Info: new_scs: [35]
[ Info: lp_scores: [5408.0]
[ Info: lp_scores: 5408.0
[ Info: current num of unfinished slices: 17, finished slices: 17
                      ┌                                        ┐ 
                   35 ┤■■■■■■■ 1                                 
                   36 ┤ 0                                        
                   37 ┤ 0                                        
                   38 ┤ 0                                        
                   39 ┤ 0                                        
                   40 ┤ 0                                        
                   41 ┤ 0                                        
                   42 ┤ 0                                        
                   43 ┤ 0                                        
                   44 ┤ 0                                        
                   45 ┤ 0                                        
                   46 ┤ 0                                        
   sc, target = 31 47 ┤ 0                                        
                   48 ┤ 0                                        
                   49 ┤■■■■■■■ 1                                 
                   50 ┤■■■■■■■ 1                                 
                   51 ┤■■■■■■■■■■■■■■■■■■■■■■■■■■■■■■■■■■■■■ 5   
                   52 ┤■■■■■■■ 1                                 
                   53 ┤■■■■■■■ 1                                 
                   54 ┤■■■■■■■ 1                                 
                   55 ┤■■■■■■■■■■■■■■■ 2                         
                   56 ┤ 0                                        
                   57 ┤ 0                                        
                   58 ┤■■■■■■■■■■■■■■■ 2                         
                   59 ┤■■■■■■■ 1                                 
                   60 ┤■■■■■■■ 1                                 
                      └                                        ┘ 
                                     num of slices               
[ Info: slicing branch with sc: 35.0
[ Info: cc.sc: 35.0
region size: 10
tbl0_rows:38 filtered_rows:38
QIP_gurobi_bound: solver finished in 1.359 s (time_limit=100.0 s, status=OPTIMAL)
[ Info: slice 1, lp_score: 5408.0, primal_bound: 5408.0
QIP_gurobi_bound: solver finished in 1.296 s (time_limit=100.0 s, status=OPTIMAL)
[ Info: slice 2, lp_score: 5405.0, primal_bound: 5408.0
[ Info: new_scs: [34]
[ Info: lp_scores: [5408.0]
[ Info: lp_scores: 5408.0
[ Info: current num of unfinished slices: 17, finished slices: 17
                      ┌                                        ┐ 
                   34 ┤■■■■■■■ 1                                 
                   35 ┤ 0                                        
                   36 ┤ 0                                        
                   37 ┤ 0                                        
                   38 ┤ 0                                        
                   39 ┤ 0                                        
                   40 ┤ 0                                        
                   41 ┤ 0                                        
                   42 ┤ 0                                        
                   43 ┤ 0                                        
                   44 ┤ 0                                        
                   45 ┤ 0                                        
                   46 ┤ 0                                        
   sc, target = 31 47 ┤ 0                                        
                   48 ┤ 0                                        
                   49 ┤■■■■■■■ 1                                 
                   50 ┤■■■■■■■ 1                                 
                   51 ┤■■■■■■■■■■■■■■■■■■■■■■■■■■■■■■■■■■■■■ 5   
                   52 ┤■■■■■■■ 1                                 
                   53 ┤■■■■■■■ 1                                 
                   54 ┤■■■■■■■ 1                                 
                   55 ┤■■■■■■■■■■■■■■■ 2                         
                   56 ┤ 0                                        
                   57 ┤ 0                                        
                   58 ┤■■■■■■■■■■■■■■■ 2                         
                   59 ┤■■■■■■■ 1                                 
                   60 ┤■■■■■■■ 1                                 
                      └                                        ┘ 
                                     num of slices               
[ Info: slicing branch with sc: 34.0
[ Info: cc.sc: 34.0
region size: 10
tbl0_rows:27 filtered_rows:27
QIP_gurobi_bound: solver finished in 1.319 s (time_limit=100.0 s, status=OPTIMAL)
[ Info: slice 1, lp_score: 5408.0, primal_bound: 5408.0
QIP_gurobi_bound: solver finished in 1.197 s (time_limit=100.0 s, status=OPTIMAL)
[ Info: slice 2, lp_score: 5408.0, primal_bound: 5408.0
[ Info: new_scs: [33, 35]
[ Info: lp_scores: [5408.0, 5408.0]
[ Info: lp_scores: 5408.0
[ Info: lp_scores: 5408.0
[ Info: current num of unfinished slices: 18, finished slices: 17
                      ┌                                        ┐ 
                   33 ┤■■■■■■■ 1                                 
                   34 ┤ 0                                        
                   35 ┤■■■■■■■ 1                                 
                   36 ┤ 0                                        
                   37 ┤ 0                                        
                   38 ┤ 0                                        
                   39 ┤ 0                                        
                   40 ┤ 0                                        
                   41 ┤ 0                                        
                   42 ┤ 0                                        
                   43 ┤ 0                                        
                   44 ┤ 0                                        
                   45 ┤ 0                                        
   sc, target = 31 46 ┤ 0                                        
                   47 ┤ 0                                        
                   48 ┤ 0                                        
                   49 ┤■■■■■■■ 1                                 
                   50 ┤■■■■■■■ 1                                 
                   51 ┤■■■■■■■■■■■■■■■■■■■■■■■■■■■■■■■■■■■■■ 5   
                   52 ┤■■■■■■■ 1                                 
                   53 ┤■■■■■■■ 1                                 
                   54 ┤■■■■■■■ 1                                 
                   55 ┤■■■■■■■■■■■■■■■ 2                         
                   56 ┤ 0                                        
                   57 ┤ 0                                        
                   58 ┤■■■■■■■■■■■■■■■ 2                         
                   59 ┤■■■■■■■ 1                                 
                   60 ┤■■■■■■■ 1                                 
                      └                                        ┘ 
                                     num of slices               
[ Info: slicing branch with sc: 33.0
[ Info: cc.sc: 33.0
region size: 10
tbl0_rows:52 filtered_rows:52
QIP_gurobi_bound: solver finished in 1.313 s (time_limit=100.0 s, status=OPTIMAL)
[ Info: slice 1, lp_score: 5408.0, primal_bound: 5408.0
QIP_gurobi_bound: solver finished in 1.235 s (time_limit=100.0 s, status=OPTIMAL)
[ Info: slice 2, lp_score: 5400.0, primal_bound: 5408.0
[ Info: new_scs: [33]
[ Info: lp_scores: [5408.0]
[ Info: lp_scores: 5408.0
[ Info: current num of unfinished slices: 18, finished slices: 17
                      ┌                                        ┐ 
                   33 ┤■■■■■■■ 1                                 
                   34 ┤ 0                                        
                   35 ┤■■■■■■■ 1                                 
                   36 ┤ 0                                        
                   37 ┤ 0                                        
                   38 ┤ 0                                        
                   39 ┤ 0                                        
                   40 ┤ 0                                        
                   41 ┤ 0                                        
                   42 ┤ 0                                        
                   43 ┤ 0                                        
                   44 ┤ 0                                        
                   45 ┤ 0                                        
   sc, target = 31 46 ┤ 0                                        
                   47 ┤ 0                                        
                   48 ┤ 0                                        
                   49 ┤■■■■■■■ 1                                 
                   50 ┤■■■■■■■ 1                                 
                   51 ┤■■■■■■■■■■■■■■■■■■■■■■■■■■■■■■■■■■■■■ 5   
                   52 ┤■■■■■■■ 1                                 
                   53 ┤■■■■■■■ 1                                 
                   54 ┤■■■■■■■ 1                                 
                   55 ┤■■■■■■■■■■■■■■■ 2                         
                   56 ┤ 0                                        
                   57 ┤ 0                                        
                   58 ┤■■■■■■■■■■■■■■■ 2                         
                   59 ┤■■■■■■■ 1                                 
                   60 ┤■■■■■■■ 1                                 
                      └                                        ┘ 
                                     num of slices               
[ Info: slicing branch with sc: 33.0
[ Info: cc.sc: 33.0
region size: 10
tbl0_rows:10 filtered_rows:10
QIP_gurobi_bound: solver finished in 1.622 s (time_limit=100.0 s, status=OPTIMAL)
[ Info: slice 1, lp_score: 5408.0, primal_bound: 5408.0
[ Info: new_scs: [33]
[ Info: lp_scores: [5408.0]
[ Info: lp_scores: 5408.0
[ Info: current num of unfinished slices: 18, finished slices: 17
                      ┌                                        ┐ 
                   33 ┤■■■■■■■ 1                                 
                   34 ┤ 0                                        
                   35 ┤■■■■■■■ 1                                 
                   36 ┤ 0                                        
                   37 ┤ 0                                        
                   38 ┤ 0                                        
                   39 ┤ 0                                        
                   40 ┤ 0                                        
                   41 ┤ 0                                        
                   42 ┤ 0                                        
                   43 ┤ 0                                        
                   44 ┤ 0                                        
                   45 ┤ 0                                        
   sc, target = 31 46 ┤ 0                                        
                   47 ┤ 0                                        
                   48 ┤ 0                                        
                   49 ┤■■■■■■■ 1                                 
                   50 ┤■■■■■■■ 1                                 
                   51 ┤■■■■■■■■■■■■■■■■■■■■■■■■■■■■■■■■■■■■■ 5   
                   52 ┤■■■■■■■ 1                                 
                   53 ┤■■■■■■■ 1                                 
                   54 ┤■■■■■■■ 1                                 
                   55 ┤■■■■■■■■■■■■■■■ 2                         
                   56 ┤ 0                                        
                   57 ┤ 0                                        
                   58 ┤■■■■■■■■■■■■■■■ 2                         
                   59 ┤■■■■■■■ 1                                 
                   60 ┤■■■■■■■ 1                                 
                      └                                        ┘ 
                                     num of slices               
[ Info: slicing branch with sc: 33.0
[ Info: cc.sc: 33.0
region size: 10
tbl0_rows:65 filtered_rows:65
QIP_gurobi_bound: solver finished in 1.368 s (time_limit=100.0 s, status=OPTIMAL)
[ Info: slice 1, lp_score: 5408.0, primal_bound: 5408.0
QIP_gurobi_bound: solver finished in 1.211 s (time_limit=100.0 s, status=OPTIMAL)
[ Info: slice 2, lp_score: 5401.0, primal_bound: 5408.0
QIP_gurobi_bound: solver finished in 1.212 s (time_limit=100.0 s, status=OPTIMAL)
[ Info: slice 3, lp_score: 5408.0, primal_bound: 5408.0
QIP_gurobi_bound: solver finished in 1.34 s (time_limit=100.0 s, status=OPTIMAL)
[ Info: slice 4, lp_score: 5402.0, primal_bound: 5408.0
[ Info: new_scs: [31, 31]
[ Info: lp_scores: [5408.0, 5408.0]
[ Info: lp_scores: 5408.0
[ Info: lp_scores: 5408.0
[ Info: current num of unfinished slices: 19, finished slices: 17
                      ┌                                        ┐ 
                   31 ┤■■■■■■■■■■■■■■■ 2                         
                   32 ┤ 0                                        
                   33 ┤ 0                                        
                   34 ┤ 0                                        
                   35 ┤■■■■■■■ 1                                 
                   36 ┤ 0                                        
                   37 ┤ 0                                        
                   38 ┤ 0                                        
                   39 ┤ 0                                        
                   40 ┤ 0                                        
                   41 ┤ 0                                        
                   42 ┤ 0                                        
                   43 ┤ 0                                        
                   44 ┤ 0                                        
   sc, target = 31 45 ┤ 0                                        
                   46 ┤ 0                                        
                   47 ┤ 0                                        
                   48 ┤ 0                                        
                   49 ┤■■■■■■■ 1                                 
                   50 ┤■■■■■■■ 1                                 
                   51 ┤■■■■■■■■■■■■■■■■■■■■■■■■■■■■■■■■■■■■■ 5   
                   52 ┤■■■■■■■ 1                                 
                   53 ┤■■■■■■■ 1                                 
                   54 ┤■■■■■■■ 1                                 
                   55 ┤■■■■■■■■■■■■■■■ 2                         
                   56 ┤ 0                                        
                   57 ┤ 0                                        
                   58 ┤■■■■■■■■■■■■■■■ 2                         
                   59 ┤■■■■■■■ 1                                 
                   60 ┤■■■■■■■ 1                                 
                      └                                        ┘ 
                                     num of slices               
[ Info: slicing branch with sc: 31.0
  [slice produced] sc=31.0 tc=46.04853409171658 nv=3543 ne=6906 r=59.5
QIP_value_gurobi: solver finished in 1.35 s (time_limit=604800.0 s, status=OPTIMAL)
[ Info: feasible solution: 5408.0, primal bound: 5408.0
[ Info: current num of unfinished slices: 18, finished slices: 18
                      ┌                                        ┐ 
                   31 ┤■■■■■■■ 1                                 
                   32 ┤ 0                                        
                   33 ┤ 0                                        
                   34 ┤ 0                                        
                   35 ┤■■■■■■■ 1                                 
                   36 ┤ 0                                        
                   37 ┤ 0                                        
                   38 ┤ 0                                        
                   39 ┤ 0                                        
                   40 ┤ 0                                        
                   41 ┤ 0                                        
                   42 ┤ 0                                        
                   43 ┤ 0                                        
                   44 ┤ 0                                        
   sc, target = 31 45 ┤ 0                                        
                   46 ┤ 0                                        
                   47 ┤ 0                                        
                   48 ┤ 0                                        
                   49 ┤■■■■■■■ 1                                 
                   50 ┤■■■■■■■ 1                                 
                   51 ┤■■■■■■■■■■■■■■■■■■■■■■■■■■■■■■■■■■■■■ 5   
                   52 ┤■■■■■■■ 1                                 
                   53 ┤■■■■■■■ 1                                 
                   54 ┤■■■■■■■ 1                                 
                   55 ┤■■■■■■■■■■■■■■■ 2                         
                   56 ┤ 0                                        
                   57 ┤ 0                                        
                   58 ┤■■■■■■■■■■■■■■■ 2                         
                   59 ┤■■■■■■■ 1                                 
                   60 ┤■■■■■■■ 1                                 
                      └                                        ┘ 
                                     num of slices               
[ Info: slicing branch with sc: 31.0
  [slice produced] sc=31.0 tc=46.05834600515348 nv=3544 ne=6908 r=58.0
QIP_value_gurobi: solver finished in 1.15 s (time_limit=604800.0 s, status=OPTIMAL)
[ Info: feasible solution: 5408.0, primal bound: 5408.0
[ Info: current num of unfinished slices: 17, finished slices: 19
                      ┌                                        ┐ 
                   35 ┤■■■■■■■ 1                                 
                   36 ┤ 0                                        
                   37 ┤ 0                                        
                   38 ┤ 0                                        
                   39 ┤ 0                                        
                   40 ┤ 0                                        
                   41 ┤ 0                                        
                   42 ┤ 0                                        
                   43 ┤ 0                                        
                   44 ┤ 0                                        
                   45 ┤ 0                                        
                   46 ┤ 0                                        
   sc, target = 31 47 ┤ 0                                        
                   48 ┤ 0                                        
                   49 ┤■■■■■■■ 1                                 
                   50 ┤■■■■■■■ 1                                 
                   51 ┤■■■■■■■■■■■■■■■■■■■■■■■■■■■■■■■■■■■■■ 5   
                   52 ┤■■■■■■■ 1                                 
                   53 ┤■■■■■■■ 1                                 
                   54 ┤■■■■■■■ 1                                 
                   55 ┤■■■■■■■■■■■■■■■ 2                         
                   56 ┤ 0                                        
                   57 ┤ 0                                        
                   58 ┤■■■■■■■■■■■■■■■ 2                         
                   59 ┤■■■■■■■ 1                                 
                   60 ┤■■■■■■■ 1                                 
                      └                                        ┘ 
                                     num of slices               
[ Info: slicing branch with sc: 35.0
[ Info: cc.sc: 35.0
region size: 10
tbl0_rows:51 filtered_rows:51
QIP_gurobi_bound: solver finished in 1.355 s (time_limit=100.0 s, status=OPTIMAL)
[ Info: slice 1, lp_score: 5408.0, primal_bound: 5408.0
QIP_gurobi_bound: solver finished in 1.237 s (time_limit=100.0 s, status=OPTIMAL)
[ Info: slice 2, lp_score: 5407.0, primal_bound: 5408.0
[ Info: new_scs: [35]
[ Info: lp_scores: [5408.0]
[ Info: lp_scores: 5408.0
[ Info: current num of unfinished slices: 17, finished slices: 19
                      ┌                                        ┐ 
                   35 ┤■■■■■■■ 1                                 
                   36 ┤ 0                                        
                   37 ┤ 0                                        
                   38 ┤ 0                                        
                   39 ┤ 0                                        
                   40 ┤ 0                                        
                   41 ┤ 0                                        
                   42 ┤ 0                                        
                   43 ┤ 0                                        
                   44 ┤ 0                                        
                   45 ┤ 0                                        
                   46 ┤ 0                                        
   sc, target = 31 47 ┤ 0                                        
                   48 ┤ 0                                        
                   49 ┤■■■■■■■ 1                                 
                   50 ┤■■■■■■■ 1                                 
                   51 ┤■■■■■■■■■■■■■■■■■■■■■■■■■■■■■■■■■■■■■ 5   
                   52 ┤■■■■■■■ 1                                 
                   53 ┤■■■■■■■ 1                                 
                   54 ┤■■■■■■■ 1                                 
                   55 ┤■■■■■■■■■■■■■■■ 2                         
                   56 ┤ 0                                        
                   57 ┤ 0                                        
                   58 ┤■■■■■■■■■■■■■■■ 2                         
                   59 ┤■■■■■■■ 1                                 
                   60 ┤■■■■■■■ 1                                 
                      └                                        ┘ 
                                     num of slices               
[ Info: slicing branch with sc: 35.0
[ Info: cc.sc: 35.0
region size: 10
tbl0_rows:38 filtered_rows:38
QIP_gurobi_bound: solver finished in 1.234 s (time_limit=100.0 s, status=OPTIMAL)
[ Info: slice 1, lp_score: 5408.0, primal_bound: 5408.0
[ Info: new_scs: [35]
[ Info: lp_scores: [5408.0]
[ Info: lp_scores: 5408.0
[ Info: current num of unfinished slices: 17, finished slices: 19
                      ┌                                        ┐ 
                   35 ┤■■■■■■■ 1                                 
                   36 ┤ 0                                        
                   37 ┤ 0                                        
                   38 ┤ 0                                        
                   39 ┤ 0                                        
                   40 ┤ 0                                        
                   41 ┤ 0                                        
                   42 ┤ 0                                        
                   43 ┤ 0                                        
                   44 ┤ 0                                        
                   45 ┤ 0                                        
                   46 ┤ 0                                        
   sc, target = 31 47 ┤ 0                                        
                   48 ┤ 0                                        
                   49 ┤■■■■■■■ 1                                 
                   50 ┤■■■■■■■ 1                                 
                   51 ┤■■■■■■■■■■■■■■■■■■■■■■■■■■■■■■■■■■■■■ 5   
                   52 ┤■■■■■■■ 1                                 
                   53 ┤■■■■■■■ 1                                 
                   54 ┤■■■■■■■ 1                                 
                   55 ┤■■■■■■■■■■■■■■■ 2                         
                   56 ┤ 0                                        
                   57 ┤ 0                                        
                   58 ┤■■■■■■■■■■■■■■■ 2                         
                   59 ┤■■■■■■■ 1                                 
                   60 ┤■■■■■■■ 1                                 
                      └                                        ┘ 
                                     num of slices               
[ Info: slicing branch with sc: 35.0
[ Info: cc.sc: 35.0
region size: 10
tbl0_rows:10 filtered_rows:10
QIP_gurobi_bound: solver finished in 1.256 s (time_limit=100.0 s, status=OPTIMAL)
[ Info: slice 1, lp_score: 5408.0, primal_bound: 5408.0
[ Info: new_scs: [35]
[ Info: lp_scores: [5408.0]
[ Info: lp_scores: 5408.0
[ Info: current num of unfinished slices: 17, finished slices: 19
                      ┌                                        ┐ 
                   35 ┤■■■■■■■ 1                                 
                   36 ┤ 0                                        
                   37 ┤ 0                                        
                   38 ┤ 0                                        
                   39 ┤ 0                                        
                   40 ┤ 0                                        
                   41 ┤ 0                                        
                   42 ┤ 0                                        
                   43 ┤ 0                                        
                   44 ┤ 0                                        
                   45 ┤ 0                                        
                   46 ┤ 0                                        
   sc, target = 31 47 ┤ 0                                        
                   48 ┤ 0                                        
                   49 ┤■■■■■■■ 1                                 
                   50 ┤■■■■■■■ 1                                 
                   51 ┤■■■■■■■■■■■■■■■■■■■■■■■■■■■■■■■■■■■■■ 5   
                   52 ┤■■■■■■■ 1                                 
                   53 ┤■■■■■■■ 1                                 
                   54 ┤■■■■■■■ 1                                 
                   55 ┤■■■■■■■■■■■■■■■ 2                         
                   56 ┤ 0                                        
                   57 ┤ 0                                        
                   58 ┤■■■■■■■■■■■■■■■ 2                         
                   59 ┤■■■■■■■ 1                                 
                   60 ┤■■■■■■■ 1                                 
                      └                                        ┘ 
                                     num of slices               
[ Info: slicing branch with sc: 35.0
[ Info: cc.sc: 35.0
region size: 10
tbl0_rows:95 filtered_rows:95
QIP_gurobi_bound: solver finished in 1.365 s (time_limit=100.0 s, status=OPTIMAL)
[ Info: slice 1, lp_score: 5401.0, primal_bound: 5408.0
QIP_gurobi_bound: solver finished in 1.307 s (time_limit=100.0 s, status=OPTIMAL)
[ Info: slice 2, lp_score: 5408.0, primal_bound: 5408.0
QIP_gurobi_bound: solver finished in 1.493 s (time_limit=100.0 s, status=OPTIMAL)
[ Info: slice 3, lp_score: 5407.0, primal_bound: 5408.0
QIP_gurobi_bound: solver finished in 1.299 s (time_limit=100.0 s, status=OPTIMAL)
[ Info: slice 4, lp_score: 5406.0, primal_bound: 5408.0
QIP_gurobi_bound: solver finished in 1.751 s (time_limit=100.0 s, status=OPTIMAL)
[ Info: slice 5, lp_score: 5407.0, primal_bound: 5408.0
[ Info: new_scs: [34]
[ Info: lp_scores: [5408.0]
[ Info: lp_scores: 5408.0
[ Info: current num of unfinished slices: 17, finished slices: 19
                      ┌                                        ┐ 
                   34 ┤■■■■■■■ 1                                 
                   35 ┤ 0                                        
                   36 ┤ 0                                        
                   37 ┤ 0                                        
                   38 ┤ 0                                        
                   39 ┤ 0                                        
                   40 ┤ 0                                        
                   41 ┤ 0                                        
                   42 ┤ 0                                        
                   43 ┤ 0                                        
                   44 ┤ 0                                        
                   45 ┤ 0                                        
                   46 ┤ 0                                        
   sc, target = 31 47 ┤ 0                                        
                   48 ┤ 0                                        
                   49 ┤■■■■■■■ 1                                 
                   50 ┤■■■■■■■ 1                                 
                   51 ┤■■■■■■■■■■■■■■■■■■■■■■■■■■■■■■■■■■■■■ 5   
                   52 ┤■■■■■■■ 1                                 
                   53 ┤■■■■■■■ 1                                 
                   54 ┤■■■■■■■ 1                                 
                   55 ┤■■■■■■■■■■■■■■■ 2                         
                   56 ┤ 0                                        
                   57 ┤ 0                                        
                   58 ┤■■■■■■■■■■■■■■■ 2                         
                   59 ┤■■■■■■■ 1                                 
                   60 ┤■■■■■■■ 1                                 
                      └                                        ┘ 
                                     num of slices               
[ Info: slicing branch with sc: 34.0
[ Info: cc.sc: 34.0
region size: 10
tbl0_rows:51 filtered_rows:51
QIP_gurobi_bound: solver finished in 1.275 s (time_limit=100.0 s, status=OPTIMAL)
[ Info: slice 1, lp_score: 5408.0, primal_bound: 5408.0
QIP_gurobi_bound: solver finished in 1.218 s (time_limit=100.0 s, status=OPTIMAL)
[ Info: slice 2, lp_score: 5404.0, primal_bound: 5408.0
[ Info: new_scs: [33]
[ Info: lp_scores: [5408.0]
[ Info: lp_scores: 5408.0
[ Info: current num of unfinished slices: 17, finished slices: 19
                      ┌                                        ┐ 
                   33 ┤■■■■■■■ 1                                 
                   34 ┤ 0                                        
                   35 ┤ 0                                        
                   36 ┤ 0                                        
                   37 ┤ 0                                        
                   38 ┤ 0                                        
                   39 ┤ 0                                        
                   40 ┤ 0                                        
                   41 ┤ 0                                        
                   42 ┤ 0                                        
                   43 ┤ 0                                        
                   44 ┤ 0                                        
                   45 ┤ 0                                        
   sc, target = 31 46 ┤ 0                                        
                   47 ┤ 0                                        
                   48 ┤ 0                                        
                   49 ┤■■■■■■■ 1                                 
                   50 ┤■■■■■■■ 1                                 
                   51 ┤■■■■■■■■■■■■■■■■■■■■■■■■■■■■■■■■■■■■■ 5   
                   52 ┤■■■■■■■ 1                                 
                   53 ┤■■■■■■■ 1                                 
                   54 ┤■■■■■■■ 1                                 
                   55 ┤■■■■■■■■■■■■■■■ 2                         
                   56 ┤ 0                                        
                   57 ┤ 0                                        
                   58 ┤■■■■■■■■■■■■■■■ 2                         
                   59 ┤■■■■■■■ 1                                 
                   60 ┤■■■■■■■ 1                                 
                      └                                        ┘ 
                                     num of slices               
[ Info: slicing branch with sc: 33.0
[ Info: cc.sc: 33.0
region size: 10
tbl0_rows:9 filtered_rows:9
QIP_gurobi_bound: solver finished in 1.619 s (time_limit=100.0 s, status=OPTIMAL)
[ Info: slice 1, lp_score: 5408.0, primal_bound: 5408.0
QIP_gurobi_bound: solver finished in 1.267 s (time_limit=100.0 s, status=OPTIMAL)
[ Info: slice 2, lp_score: 5408.0, primal_bound: 5408.0
[ Info: new_scs: [31, 32]
[ Info: lp_scores: [5408.0, 5408.0]
[ Info: lp_scores: 5408.0
[ Info: lp_scores: 5408.0
[ Info: current num of unfinished slices: 18, finished slices: 19
                      ┌                                        ┐ 
                   31 ┤■■■■■■■ 1                                 
                   32 ┤■■■■■■■ 1                                 
                   33 ┤ 0                                        
                   34 ┤ 0                                        
                   35 ┤ 0                                        
                   36 ┤ 0                                        
                   37 ┤ 0                                        
                   38 ┤ 0                                        
                   39 ┤ 0                                        
                   40 ┤ 0                                        
                   41 ┤ 0                                        
                   42 ┤ 0                                        
                   43 ┤ 0                                        
                   44 ┤ 0                                        
   sc, target = 31 45 ┤ 0                                        
                   46 ┤ 0                                        
                   47 ┤ 0                                        
                   48 ┤ 0                                        
                   49 ┤■■■■■■■ 1                                 
                   50 ┤■■■■■■■ 1                                 
                   51 ┤■■■■■■■■■■■■■■■■■■■■■■■■■■■■■■■■■■■■■ 5   
                   52 ┤■■■■■■■ 1                                 
                   53 ┤■■■■■■■ 1                                 
                   54 ┤■■■■■■■ 1                                 
                   55 ┤■■■■■■■■■■■■■■■ 2                         
                   56 ┤ 0                                        
                   57 ┤ 0                                        
                   58 ┤■■■■■■■■■■■■■■■ 2                         
                   59 ┤■■■■■■■ 1                                 
                   60 ┤■■■■■■■ 1                                 
                      └                                        ┘ 
                                     num of slices               
[ Info: slicing branch with sc: 31.0
  [slice produced] sc=31.0 tc=43.02816499164081 nv=3535 ne=6887 r=69.5
QIP_value_gurobi: solver finished in 1.27 s (time_limit=604800.0 s, status=OPTIMAL)
[ Info: feasible solution: 5408.0, primal bound: 5408.0
[ Info: current num of unfinished slices: 17, finished slices: 20
                      ┌                                        ┐ 
                   32 ┤■■■■■■■ 1                                 
                   33 ┤ 0                                        
                   34 ┤ 0                                        
                   35 ┤ 0                                        
                   36 ┤ 0                                        
                   37 ┤ 0                                        
                   38 ┤ 0                                        
                   39 ┤ 0                                        
                   40 ┤ 0                                        
                   41 ┤ 0                                        
                   42 ┤ 0                                        
                   43 ┤ 0                                        
                   44 ┤ 0                                        
                   45 ┤ 0                                        
   sc, target = 31 46 ┤ 0                                        
                   47 ┤ 0                                        
                   48 ┤ 0                                        
                   49 ┤■■■■■■■ 1                                 
                   50 ┤■■■■■■■ 1                                 
                   51 ┤■■■■■■■■■■■■■■■■■■■■■■■■■■■■■■■■■■■■■ 5   
                   52 ┤■■■■■■■ 1                                 
                   53 ┤■■■■■■■ 1                                 
                   54 ┤■■■■■■■ 1                                 
                   55 ┤■■■■■■■■■■■■■■■ 2                         
                   56 ┤ 0                                        
                   57 ┤ 0                                        
                   58 ┤■■■■■■■■■■■■■■■ 2                         
                   59 ┤■■■■■■■ 1                                 
                   60 ┤■■■■■■■ 1                                 
                      └                                        ┘ 
                                     num of slices               
[ Info: slicing branch with sc: 32.0
[ Info: cc.sc: 32.0
region size: 10
tbl0_rows:51 filtered_rows:51
QIP_gurobi_bound: solver finished in 1.339 s (time_limit=100.0 s, status=OPTIMAL)
[ Info: slice 1, lp_score: 5407.0, primal_bound: 5408.0
QIP_gurobi_bound: solver finished in 1.342 s (time_limit=100.0 s, status=OPTIMAL)
[ Info: slice 2, lp_score: 5408.0, primal_bound: 5408.0
[ Info: new_scs: [31]
[ Info: lp_scores: [5408.0]
[ Info: lp_scores: 5408.0
[ Info: current num of unfinished slices: 17, finished slices: 20
                      ┌                                        ┐ 
                   31 ┤■■■■■■■ 1                                 
                   32 ┤ 0                                        
                   33 ┤ 0                                        
                   34 ┤ 0                                        
                   35 ┤ 0                                        
                   36 ┤ 0                                        
                   37 ┤ 0                                        
                   38 ┤ 0                                        
                   39 ┤ 0                                        
                   40 ┤ 0                                        
                   41 ┤ 0                                        
                   42 ┤ 0                                        
                   43 ┤ 0                                        
                   44 ┤ 0                                        
   sc, target = 31 45 ┤ 0                                        
                   46 ┤ 0                                        
                   47 ┤ 0                                        
                   48 ┤ 0                                        
                   49 ┤■■■■■■■ 1                                 
                   50 ┤■■■■■■■ 1                                 
                   51 ┤■■■■■■■■■■■■■■■■■■■■■■■■■■■■■■■■■■■■■ 5   
                   52 ┤■■■■■■■ 1                                 
                   53 ┤■■■■■■■ 1                                 
                   54 ┤■■■■■■■ 1                                 
                   55 ┤■■■■■■■■■■■■■■■ 2                         
                   56 ┤ 0                                        
                   57 ┤ 0                                        
                   58 ┤■■■■■■■■■■■■■■■ 2                         
                   59 ┤■■■■■■■ 1                                 
                   60 ┤■■■■■■■ 1                                 
                      └                                        ┘ 
                                     num of slices               
[ Info: slicing branch with sc: 31.0
  [slice produced] sc=31.0 tc=43.69851212168476 nv=3536 ne=6887 r=69.0
QIP_value_gurobi: solver finished in 1.322 s (time_limit=604800.0 s, status=OPTIMAL)
[ Info: feasible solution: 5408.0, primal bound: 5408.0
[ Info: current num of unfinished slices: 16, finished slices: 21
                      ┌                                        ┐ 
                   49 ┤■■■■■■■ 1                                 
                   50 ┤■■■■■■■ 1                                 
                   51 ┤■■■■■■■■■■■■■■■■■■■■■■■■■■■■■■■■■■■■■ 5   
                   52 ┤■■■■■■■ 1                                 
                   53 ┤■■■■■■■ 1                                 
   sc, target = 31 54 ┤■■■■■■■ 1                                 
                   55 ┤■■■■■■■■■■■■■■■ 2                         
                   56 ┤ 0                                        
                   57 ┤ 0                                        
                   58 ┤■■■■■■■■■■■■■■■ 2                         
                   59 ┤■■■■■■■ 1                                 
                   60 ┤■■■■■■■ 1                                 
                      └                                        ┘ 
                                     num of slices               
[ Info: slicing branch with sc: 49.0
[ Info: cc.sc: 49.0
region size: 10
tbl0_rows:42 filtered_rows:42
QIP_gurobi_bound: solver finished in 1.224 s (time_limit=100.0 s, status=OPTIMAL)
[ Info: slice 1, lp_score: 5403.0, primal_bound: 5408.0
QIP_gurobi_bound: solver finished in 1.262 s (time_limit=100.0 s, status=OPTIMAL)
[ Info: slice 2, lp_score: 5404.0, primal_bound: 5408.0
[ Info: new_scs: Int64[]
[ Info: lp_scores: Float64[]
[ Info: current num of unfinished slices: 15, finished slices: 21
                      ┌                                        ┐ 
                   50 ┤■■■■■■■ 1                                 
                   51 ┤■■■■■■■■■■■■■■■■■■■■■■■■■■■■■■■■■■■■■ 5   
                   52 ┤■■■■■■■ 1                                 
                   53 ┤■■■■■■■ 1                                 
                   54 ┤■■■■■■■ 1                                 
   sc, target = 31 55 ┤■■■■■■■■■■■■■■■ 2                         
                   56 ┤ 0                                        
                   57 ┤ 0                                        
                   58 ┤■■■■■■■■■■■■■■■ 2                         
                   59 ┤■■■■■■■ 1                                 
                   60 ┤■■■■■■■ 1                                 
                      └                                        ┘ 
                                     num of slices               
[ Info: slicing branch with sc: 51.0
[ Info: cc.sc: 51.0
region size: 10
tbl0_rows:58 filtered_rows:58
QIP_gurobi_bound: solver finished in 1.364 s (time_limit=100.0 s, status=OPTIMAL)
[ Info: slice 1, lp_score: 5406.0, primal_bound: 5408.0
QIP_gurobi_bound: solver finished in 1.415 s (time_limit=100.0 s, status=OPTIMAL)
[ Info: slice 2, lp_score: 5402.0, primal_bound: 5408.0
[ Info: new_scs: Int64[]
[ Info: lp_scores: Float64[]
[ Info: current num of unfinished slices: 14, finished slices: 21
                      ┌                                        ┐ 
                   50 ┤■■■■■■■■■ 1                               
                   51 ┤■■■■■■■■■■■■■■■■■■■■■■■■■■■■■■■■■■■■■ 4   
                   52 ┤■■■■■■■■■ 1                               
                   53 ┤■■■■■■■■■ 1                               
                   54 ┤■■■■■■■■■ 1                               
   sc, target = 31 55 ┤■■■■■■■■■■■■■■■■■■■ 2                     
                   56 ┤ 0                                        
                   57 ┤ 0                                        
                   58 ┤■■■■■■■■■■■■■■■■■■■ 2                     
                   59 ┤■■■■■■■■■ 1                               
                   60 ┤■■■■■■■■■ 1                               
                      └                                        ┘ 
                                     num of slices               
[ Info: slicing branch with sc: 50.0
[ Info: cc.sc: 50.0
region size: 10
tbl0_rows:52 filtered_rows:52
QIP_gurobi_bound: solver finished in 1.366 s (time_limit=100.0 s, status=OPTIMAL)
[ Info: slice 1, lp_score: 5404.0, primal_bound: 5408.0
QIP_gurobi_bound: solver finished in 1.25 s (time_limit=100.0 s, status=OPTIMAL)
[ Info: slice 2, lp_score: 5402.0, primal_bound: 5408.0
[ Info: new_scs: Int64[]
[ Info: lp_scores: Float64[]
[ Info: current num of unfinished slices: 13, finished slices: 21
                      ┌                                        ┐ 
                   51 ┤■■■■■■■■■■■■■■■■■■■■■■■■■■■■■■■■■■■■■ 4   
                   52 ┤■■■■■■■■■ 1                               
                   53 ┤■■■■■■■■■ 1                               
                   54 ┤■■■■■■■■■ 1                               
   sc, target = 31 55 ┤■■■■■■■■■■■■■■■■■■■ 2                     
                   56 ┤ 0                                        
                   57 ┤ 0                                        
                   58 ┤■■■■■■■■■■■■■■■■■■■ 2                     
                   59 ┤■■■■■■■■■ 1                               
                   60 ┤■■■■■■■■■ 1                               
                      └                                        ┘ 
                                     num of slices               
[ Info: slicing branch with sc: 51.0
[ Info: cc.sc: 51.0
region size: 10
tbl0_rows:46 filtered_rows:46
QIP_gurobi_bound: solver finished in 1.411 s (time_limit=100.0 s, status=OPTIMAL)
[ Info: slice 1, lp_score: 5404.0, primal_bound: 5408.0
QIP_gurobi_bound: solver finished in 1.275 s (time_limit=100.0 s, status=OPTIMAL)
[ Info: slice 2, lp_score: 5402.0, primal_bound: 5408.0
[ Info: new_scs: Int64[]
[ Info: lp_scores: Float64[]
[ Info: current num of unfinished slices: 12, finished slices: 21
                      ┌                                        ┐ 
                   51 ┤■■■■■■■■■■■■■■■■■■■■■■■■■■■■■■■■■■■■■ 3   
                   52 ┤■■■■■■■■■■■■ 1                            
                   53 ┤■■■■■■■■■■■■ 1                            
                   54 ┤■■■■■■■■■■■■ 1                            
   sc, target = 31 55 ┤■■■■■■■■■■■■■■■■■■■■■■■■■ 2               
                   56 ┤ 0                                        
                   57 ┤ 0                                        
                   58 ┤■■■■■■■■■■■■■■■■■■■■■■■■■ 2               
                   59 ┤■■■■■■■■■■■■ 1                            
                   60 ┤■■■■■■■■■■■■ 1                            
                      └                                        ┘ 
                                     num of slices               
[ Info: slicing branch with sc: 51.0
[ Info: cc.sc: 51.0
region size: 10
tbl0_rows:49 filtered_rows:49
QIP_gurobi_bound: solver finished in 1.256 s (time_limit=100.0 s, status=OPTIMAL)
[ Info: slice 1, lp_score: 5405.0, primal_bound: 5408.0
QIP_gurobi_bound: solver finished in 1.455 s (time_limit=100.0 s, status=OPTIMAL)
[ Info: slice 2, lp_score: 5401.0, primal_bound: 5408.0
[ Info: new_scs: Int64[]
[ Info: lp_scores: Float64[]
[ Info: current num of unfinished slices: 11, finished slices: 21
                      ┌                                        ┐ 
                   51 ┤■■■■■■■■■■■■■■■■■■■■■■■■■■■■■■■■■■■■■ 2   
                   52 ┤■■■■■■■■■■■■■■■■■■■ 1                     
                   53 ┤■■■■■■■■■■■■■■■■■■■ 1                     
                   54 ┤■■■■■■■■■■■■■■■■■■■ 1                     
   sc, target = 31 55 ┤■■■■■■■■■■■■■■■■■■■■■■■■■■■■■■■■■■■■■ 2   
                   56 ┤ 0                                        
                   57 ┤ 0                                        
                   58 ┤■■■■■■■■■■■■■■■■■■■■■■■■■■■■■■■■■■■■■ 2   
                   59 ┤■■■■■■■■■■■■■■■■■■■ 1                     
                   60 ┤■■■■■■■■■■■■■■■■■■■ 1                     
                      └                                        ┘ 
                                     num of slices               
[ Info: slicing branch with sc: 51.0
[ Info: cc.sc: 51.0
region size: 10
tbl0_rows:55 filtered_rows:55
QIP_gurobi_bound: solver finished in 1.219 s (time_limit=100.0 s, status=OPTIMAL)
[ Info: slice 1, lp_score: 5403.0, primal_bound: 5408.0
QIP_gurobi_bound: solver finished in 1.284 s (time_limit=100.0 s, status=OPTIMAL)
[ Info: slice 2, lp_score: 5406.0, primal_bound: 5408.0
[ Info: new_scs: Int64[]
[ Info: lp_scores: Float64[]
[ Info: current num of unfinished slices: 10, finished slices: 21
                      ┌                                        ┐ 
                   51 ┤■■■■■■■■■■■■■■■■■■■ 1                     
                   52 ┤■■■■■■■■■■■■■■■■■■■ 1                     
                   53 ┤■■■■■■■■■■■■■■■■■■■ 1                     
                   54 ┤■■■■■■■■■■■■■■■■■■■ 1                     
   sc, target = 31 55 ┤■■■■■■■■■■■■■■■■■■■■■■■■■■■■■■■■■■■■■ 2   
                   56 ┤ 0                                        
                   57 ┤ 0                                        
                   58 ┤■■■■■■■■■■■■■■■■■■■■■■■■■■■■■■■■■■■■■ 2   
                   59 ┤■■■■■■■■■■■■■■■■■■■ 1                     
                   60 ┤■■■■■■■■■■■■■■■■■■■ 1                     
                      └                                        ┘ 
                                     num of slices               
[ Info: slicing branch with sc: 52.0
[ Info: cc.sc: 52.0
region size: 10
tbl0_rows:29 filtered_rows:29
QIP_gurobi_bound: solver finished in 1.403 s (time_limit=100.0 s, status=OPTIMAL)
[ Info: slice 1, lp_score: 5405.0, primal_bound: 5408.0
[ Info: new_scs: Int64[]
[ Info: lp_scores: Float64[]
[ Info: current num of unfinished slices: 9, finished slices: 21
                      ┌                                        ┐ 
                   51 ┤■■■■■■■■■■■■■■■■■■■ 1                     
                   52 ┤ 0                                        
                   53 ┤■■■■■■■■■■■■■■■■■■■ 1                     
                   54 ┤■■■■■■■■■■■■■■■■■■■ 1                     
   sc, target = 31 55 ┤■■■■■■■■■■■■■■■■■■■■■■■■■■■■■■■■■■■■■ 2   
                   56 ┤ 0                                        
                   57 ┤ 0                                        
                   58 ┤■■■■■■■■■■■■■■■■■■■■■■■■■■■■■■■■■■■■■ 2   
                   59 ┤■■■■■■■■■■■■■■■■■■■ 1                     
                   60 ┤■■■■■■■■■■■■■■■■■■■ 1                     
                      └                                        ┘ 
                                     num of slices               
[ Info: slicing branch with sc: 51.0
[ Info: cc.sc: 51.0
region size: 10
tbl0_rows:58 filtered_rows:58
QIP_gurobi_bound: solver finished in 1.571 s (time_limit=100.0 s, status=OPTIMAL)
[ Info: slice 1, lp_score: 5395.0, primal_bound: 5408.0
QIP_gurobi_bound: solver finished in 1.559 s (time_limit=100.0 s, status=OPTIMAL)
[ Info: slice 2, lp_score: 5398.0, primal_bound: 5408.0
[ Info: new_scs: Int64[]
[ Info: lp_scores: Float64[]
[ Info: current num of unfinished slices: 8, finished slices: 21
                      ┌                                        ┐ 
                   53 ┤■■■■■■■■■■■■■■■■■■■ 1                     
                   54 ┤■■■■■■■■■■■■■■■■■■■ 1                     
                   55 ┤■■■■■■■■■■■■■■■■■■■■■■■■■■■■■■■■■■■■■ 2   
   sc, target = 31 56 ┤ 0                                        
                   57 ┤ 0                                        
                   58 ┤■■■■■■■■■■■■■■■■■■■■■■■■■■■■■■■■■■■■■ 2   
                   59 ┤■■■■■■■■■■■■■■■■■■■ 1                     
                   60 ┤■■■■■■■■■■■■■■■■■■■ 1                     
                      └                                        ┘ 
                                     num of slices               
[ Info: slicing branch with sc: 53.0
[ Info: cc.sc: 53.0
region size: 10
tbl0_rows:39 filtered_rows:39
QIP_gurobi_bound: solver finished in 1.267 s (time_limit=100.0 s, status=OPTIMAL)
[ Info: slice 1, lp_score: 5404.0, primal_bound: 5408.0
QIP_gurobi_bound: solver finished in 1.422 s (time_limit=100.0 s, status=OPTIMAL)
[ Info: slice 2, lp_score: 5397.0, primal_bound: 5408.0
QIP_gurobi_bound: solver finished in 1.443 s (time_limit=100.0 s, status=OPTIMAL)
[ Info: slice 3, lp_score: 5407.0, primal_bound: 5408.0
[ Info: new_scs: Int64[]
[ Info: lp_scores: Float64[]
[ Info: current num of unfinished slices: 7, finished slices: 21
                      ┌                                        ┐ 
                   54 ┤■■■■■■■■■■■■■■■■■■■ 1                     
                   55 ┤■■■■■■■■■■■■■■■■■■■■■■■■■■■■■■■■■■■■■ 2   
                   56 ┤ 0                                        
   sc, target = 31 57 ┤ 0                                        
                   58 ┤■■■■■■■■■■■■■■■■■■■■■■■■■■■■■■■■■■■■■ 2   
                   59 ┤■■■■■■■■■■■■■■■■■■■ 1                     
                   60 ┤■■■■■■■■■■■■■■■■■■■ 1                     
                      └                                        ┘ 
                                     num of slices               
[ Info: slicing branch with sc: 54.0
[ Info: cc.sc: 54.0
region size: 10
tbl0_rows:44 filtered_rows:44
QIP_gurobi_bound: solver finished in 1.486 s (time_limit=100.0 s, status=OPTIMAL)
[ Info: slice 1, lp_score: 5403.0, primal_bound: 5408.0
QIP_gurobi_bound: solver finished in 1.382 s (time_limit=100.0 s, status=OPTIMAL)
[ Info: slice 2, lp_score: 5402.0, primal_bound: 5408.0
[ Info: new_scs: Int64[]
[ Info: lp_scores: Float64[]
[ Info: current num of unfinished slices: 6, finished slices: 21
                      ┌                                        ┐ 
                   55 ┤■■■■■■■■■■■■■■■■■■■■■■■■■■■■■■■■■■■■■ 2   
                   56 ┤ 0                                        
   sc, target = 31 57 ┤ 0                                        
                   58 ┤■■■■■■■■■■■■■■■■■■■■■■■■■■■■■■■■■■■■■ 2   
                   59 ┤■■■■■■■■■■■■■■■■■■■ 1                     
                   60 ┤■■■■■■■■■■■■■■■■■■■ 1                     
                      └                                        ┘ 
                                     num of slices               
[ Info: slicing branch with sc: 55.0
[ Info: cc.sc: 55.0
region size: 10
tbl0_rows:56 filtered_rows:56
QIP_gurobi_bound: solver finished in 1.487 s (time_limit=100.0 s, status=OPTIMAL)
[ Info: slice 1, lp_score: 5401.0, primal_bound: 5408.0
QIP_gurobi_bound: solver finished in 1.437 s (time_limit=100.0 s, status=OPTIMAL)
[ Info: slice 2, lp_score: 5406.0, primal_bound: 5408.0
[ Info: new_scs: Int64[]
[ Info: lp_scores: Float64[]
[ Info: current num of unfinished slices: 5, finished slices: 21
                      ┌                                        ┐ 
                   55 ┤■■■■■■■■■■■■■■■■■■■ 1                     
                   56 ┤ 0                                        
   sc, target = 31 57 ┤ 0                                        
                   58 ┤■■■■■■■■■■■■■■■■■■■■■■■■■■■■■■■■■■■■■ 2   
                   59 ┤■■■■■■■■■■■■■■■■■■■ 1                     
                   60 ┤■■■■■■■■■■■■■■■■■■■ 1                     
                      └                                        ┘ 
                                     num of slices               
[ Info: slicing branch with sc: 58.0
[ Info: cc.sc: 58.0
region size: 10
tbl0_rows:60 filtered_rows:60
QIP_gurobi_bound: solver finished in 1.474 s (time_limit=100.0 s, status=OPTIMAL)
[ Info: slice 1, lp_score: 5408.0, primal_bound: 5408.0
QIP_gurobi_bound: solver finished in 1.302 s (time_limit=100.0 s, status=OPTIMAL)
[ Info: slice 2, lp_score: 5406.0, primal_bound: 5408.0
[ Info: new_scs: [57]
[ Info: lp_scores: [5408.0]
[ Info: lp_scores: 5408.0
[ Info: current num of unfinished slices: 5, finished slices: 21
                      ┌                                        ┐ 
                   55 ┤■■■■■■■■■■■■■■■■■■■■■■■■■■■■■■■■■■■■■ 1   
                   56 ┤ 0                                        
   sc, target = 31 57 ┤■■■■■■■■■■■■■■■■■■■■■■■■■■■■■■■■■■■■■ 1   
                   58 ┤■■■■■■■■■■■■■■■■■■■■■■■■■■■■■■■■■■■■■ 1   
                   59 ┤■■■■■■■■■■■■■■■■■■■■■■■■■■■■■■■■■■■■■ 1   
                   60 ┤■■■■■■■■■■■■■■■■■■■■■■■■■■■■■■■■■■■■■ 1   
                      └                                        ┘ 
                                     num of slices               
[ Info: slicing branch with sc: 57.0
[ Info: cc.sc: 57.0
region size: 10
tbl0_rows:56 filtered_rows:56
QIP_gurobi_bound: solver finished in 1.361 s (time_limit=100.0 s, status=OPTIMAL)
[ Info: slice 1, lp_score: 5403.0, primal_bound: 5408.0
QIP_gurobi_bound: solver finished in 1.315 s (time_limit=100.0 s, status=OPTIMAL)
[ Info: slice 2, lp_score: 5408.0, primal_bound: 5408.0
[ Info: new_scs: [55]
[ Info: lp_scores: [5408.0]
[ Info: lp_scores: 5408.0
[ Info: current num of unfinished slices: 5, finished slices: 21
                      ┌                                        ┐ 
                   55 ┤■■■■■■■■■■■■■■■■■■■■■■■■■■■■■■■■■■■■■ 2   
                   56 ┤ 0                                        
   sc, target = 31 57 ┤ 0                                        
                   58 ┤■■■■■■■■■■■■■■■■■■■ 1                     
                   59 ┤■■■■■■■■■■■■■■■■■■■ 1                     
                   60 ┤■■■■■■■■■■■■■■■■■■■ 1                     
                      └                                        ┘ 
                                     num of slices               
[ Info: slicing branch with sc: 55.0
[ Info: cc.sc: 55.0
region size: 10
tbl0_rows:44 filtered_rows:44
QIP_gurobi_bound: solver finished in 1.37 s (time_limit=100.0 s, status=OPTIMAL)
[ Info: slice 1, lp_score: 5408.0, primal_bound: 5408.0
QIP_gurobi_bound: solver finished in 1.306 s (time_limit=100.0 s, status=OPTIMAL)
[ Info: slice 2, lp_score: 5407.0, primal_bound: 5408.0
[ Info: new_scs: [54]
[ Info: lp_scores: [5408.0]
[ Info: lp_scores: 5408.0
[ Info: current num of unfinished slices: 5, finished slices: 21
                      ┌                                        ┐ 
                   54 ┤■■■■■■■■■■■■■■■■■■■■■■■■■■■■■■■■■■■■■ 1   
                   55 ┤■■■■■■■■■■■■■■■■■■■■■■■■■■■■■■■■■■■■■ 1   
                   56 ┤ 0                                        
   sc, target = 31 57 ┤ 0                                        
                   58 ┤■■■■■■■■■■■■■■■■■■■■■■■■■■■■■■■■■■■■■ 1   
                   59 ┤■■■■■■■■■■■■■■■■■■■■■■■■■■■■■■■■■■■■■ 1   
                   60 ┤■■■■■■■■■■■■■■■■■■■■■■■■■■■■■■■■■■■■■ 1   
                      └                                        ┘ 
                                     num of slices               
[ Info: slicing branch with sc: 54.0
[ Info: cc.sc: 54.0
region size: 10
tbl0_rows:39 filtered_rows:39
QIP_gurobi_bound: solver finished in 1.478 s (time_limit=100.0 s, status=OPTIMAL)
[ Info: slice 1, lp_score: 5408.0, primal_bound: 5408.0
QIP_gurobi_bound: solver finished in 1.338 s (time_limit=100.0 s, status=OPTIMAL)
[ Info: slice 2, lp_score: 5401.0, primal_bound: 5408.0
QIP_gurobi_bound: solver finished in 1.593 s (time_limit=100.0 s, status=OPTIMAL)
[ Info: slice 3, lp_score: 5401.0, primal_bound: 5408.0
[ Info: new_scs: [53]
[ Info: lp_scores: [5408.0]
[ Info: lp_scores: 5408.0
[ Info: current num of unfinished slices: 5, finished slices: 21
                      ┌                                        ┐ 
                   53 ┤■■■■■■■■■■■■■■■■■■■■■■■■■■■■■■■■■■■■■ 1   
                   54 ┤ 0                                        
                   55 ┤■■■■■■■■■■■■■■■■■■■■■■■■■■■■■■■■■■■■■ 1   
   sc, target = 31 56 ┤ 0                                        
                   57 ┤ 0                                        
                   58 ┤■■■■■■■■■■■■■■■■■■■■■■■■■■■■■■■■■■■■■ 1   
                   59 ┤■■■■■■■■■■■■■■■■■■■■■■■■■■■■■■■■■■■■■ 1   
                   60 ┤■■■■■■■■■■■■■■■■■■■■■■■■■■■■■■■■■■■■■ 1   
                      └                                        ┘ 
                                     num of slices               
[ Info: slicing branch with sc: 53.0
[ Info: cc.sc: 53.0
region size: 10
tbl0_rows:74 filtered_rows:74
QIP_gurobi_bound: solver finished in 1.319 s (time_limit=100.0 s, status=OPTIMAL)
[ Info: slice 1, lp_score: 5405.0, primal_bound: 5408.0
QIP_gurobi_bound: solver finished in 1.416 s (time_limit=100.0 s, status=OPTIMAL)
[ Info: slice 2, lp_score: 5408.0, primal_bound: 5408.0
[ Info: new_scs: [53]
[ Info: lp_scores: [5408.0]
[ Info: lp_scores: 5408.0
[ Info: current num of unfinished slices: 5, finished slices: 21
                      ┌                                        ┐ 
                   53 ┤■■■■■■■■■■■■■■■■■■■■■■■■■■■■■■■■■■■■■ 1   
                   54 ┤ 0                                        
                   55 ┤■■■■■■■■■■■■■■■■■■■■■■■■■■■■■■■■■■■■■ 1   
   sc, target = 31 56 ┤ 0                                        
                   57 ┤ 0                                        
                   58 ┤■■■■■■■■■■■■■■■■■■■■■■■■■■■■■■■■■■■■■ 1   
                   59 ┤■■■■■■■■■■■■■■■■■■■■■■■■■■■■■■■■■■■■■ 1   
                   60 ┤■■■■■■■■■■■■■■■■■■■■■■■■■■■■■■■■■■■■■ 1   
                      └                                        ┘ 
                                     num of slices               
[ Info: slicing branch with sc: 53.0
[ Info: cc.sc: 53.0
region size: 10
tbl0_rows:24 filtered_rows:24
QIP_gurobi_bound: solver finished in 1.404 s (time_limit=100.0 s, status=OPTIMAL)
[ Info: slice 1, lp_score: 5406.0, primal_bound: 5408.0
QIP_gurobi_bound: solver finished in 1.707 s (time_limit=100.0 s, status=OPTIMAL)
[ Info: slice 2, lp_score: 5398.0, primal_bound: 5408.0
QIP_gurobi_bound: solver finished in 1.433 s (time_limit=100.0 s, status=OPTIMAL)
[ Info: slice 3, lp_score: 5408.0, primal_bound: 5408.0
[ Info: new_scs: [51]
[ Info: lp_scores: [5408.0]
[ Info: lp_scores: 5408.0
[ Info: current num of unfinished slices: 5, finished slices: 21
                      ┌                                        ┐ 
                   51 ┤■■■■■■■■■■■■■■■■■■■■■■■■■■■■■■■■■■■■■ 1   
                   52 ┤ 0                                        
                   53 ┤ 0                                        
                   54 ┤ 0                                        
   sc, target = 31 55 ┤■■■■■■■■■■■■■■■■■■■■■■■■■■■■■■■■■■■■■ 1   
                   56 ┤ 0                                        
                   57 ┤ 0                                        
                   58 ┤■■■■■■■■■■■■■■■■■■■■■■■■■■■■■■■■■■■■■ 1   
                   59 ┤■■■■■■■■■■■■■■■■■■■■■■■■■■■■■■■■■■■■■ 1   
                   60 ┤■■■■■■■■■■■■■■■■■■■■■■■■■■■■■■■■■■■■■ 1   
                      └                                        ┘ 
                                     num of slices               
[ Info: slicing branch with sc: 51.0
[ Info: cc.sc: 51.0
region size: 10
tbl0_rows:46 filtered_rows:46
QIP_gurobi_bound: solver finished in 1.267 s (time_limit=100.0 s, status=OPTIMAL)
[ Info: slice 1, lp_score: 5408.0, primal_bound: 5408.0
QIP_gurobi_bound: solver finished in 1.393 s (time_limit=100.0 s, status=OPTIMAL)
[ Info: slice 2, lp_score: 5400.0, primal_bound: 5408.0
QIP_gurobi_bound: solver finished in 2.014 s (time_limit=100.0 s, status=OPTIMAL)
[ Info: slice 3, lp_score: 5404.0, primal_bound: 5408.0
[ Info: new_scs: [50]
[ Info: lp_scores: [5408.0]
[ Info: lp_scores: 5408.0
[ Info: current num of unfinished slices: 5, finished slices: 21
                      ┌                                        ┐ 
                   50 ┤■■■■■■■■■■■■■■■■■■■■■■■■■■■■■■■■■■■■■ 1   
                   51 ┤ 0                                        
                   52 ┤ 0                                        
                   53 ┤ 0                                        
                   54 ┤ 0                                        
   sc, target = 31 55 ┤■■■■■■■■■■■■■■■■■■■■■■■■■■■■■■■■■■■■■ 1   
                   56 ┤ 0                                        
                   57 ┤ 0                                        
                   58 ┤■■■■■■■■■■■■■■■■■■■■■■■■■■■■■■■■■■■■■ 1   
                   59 ┤■■■■■■■■■■■■■■■■■■■■■■■■■■■■■■■■■■■■■ 1   
                   60 ┤■■■■■■■■■■■■■■■■■■■■■■■■■■■■■■■■■■■■■ 1   
                      └                                        ┘ 
                                     num of slices               
[ Info: slicing branch with sc: 50.0
[ Info: cc.sc: 50.0
region size: 10
tbl0_rows:45 filtered_rows:45
QIP_gurobi_bound: solver finished in 1.394 s (time_limit=100.0 s, status=OPTIMAL)
[ Info: slice 1, lp_score: 5405.0, primal_bound: 5408.0
QIP_gurobi_bound: solver finished in 1.378 s (time_limit=100.0 s, status=OPTIMAL)
[ Info: slice 2, lp_score: 5408.0, primal_bound: 5408.0
[ Info: new_scs: [49]
[ Info: lp_scores: [5408.0]
[ Info: lp_scores: 5408.0
[ Info: current num of unfinished slices: 5, finished slices: 21
                      ┌                                        ┐ 
                   49 ┤■■■■■■■■■■■■■■■■■■■■■■■■■■■■■■■■■■■■■ 1   
                   50 ┤ 0                                        
                   51 ┤ 0                                        
                   52 ┤ 0                                        
                   53 ┤ 0                                        
   sc, target = 31 54 ┤ 0                                        
                   55 ┤■■■■■■■■■■■■■■■■■■■■■■■■■■■■■■■■■■■■■ 1   
                   56 ┤ 0                                        
                   57 ┤ 0                                        
                   58 ┤■■■■■■■■■■■■■■■■■■■■■■■■■■■■■■■■■■■■■ 1   
                   59 ┤■■■■■■■■■■■■■■■■■■■■■■■■■■■■■■■■■■■■■ 1   
                   60 ┤■■■■■■■■■■■■■■■■■■■■■■■■■■■■■■■■■■■■■ 1   
                      └                                        ┘ 
                                     num of slices               
[ Info: slicing branch with sc: 49.0
[ Info: cc.sc: 49.0
region size: 10
tbl0_rows:74 filtered_rows:74
QIP_gurobi_bound: solver finished in 1.353 s (time_limit=100.0 s, status=OPTIMAL)
[ Info: slice 1, lp_score: 5408.0, primal_bound: 5408.0
QIP_gurobi_bound: solver finished in 1.231 s (time_limit=100.0 s, status=OPTIMAL)
[ Info: slice 2, lp_score: 5408.0, primal_bound: 5408.0
[ Info: new_scs: [47, 47]
[ Info: lp_scores: [5408.0, 5408.0]
[ Info: lp_scores: 5408.0
[ Info: lp_scores: 5408.0
[ Info: current num of unfinished slices: 6, finished slices: 21
                      ┌                                        ┐ 
                   47 ┤■■■■■■■■■■■■■■■■■■■■■■■■■■■■■■■■■■■■■ 2   
                   48 ┤ 0                                        
                   49 ┤ 0                                        
                   50 ┤ 0                                        
                   51 ┤ 0                                        
                   52 ┤ 0                                        
   sc, target = 31 53 ┤ 0                                        
                   54 ┤ 0                                        
                   55 ┤■■■■■■■■■■■■■■■■■■■ 1                     
                   56 ┤ 0                                        
                   57 ┤ 0                                        
                   58 ┤■■■■■■■■■■■■■■■■■■■ 1                     
                   59 ┤■■■■■■■■■■■■■■■■■■■ 1                     
                   60 ┤■■■■■■■■■■■■■■■■■■■ 1                     
                      └                                        ┘ 
                                     num of slices               
[ Info: slicing branch with sc: 47.0
[ Info: cc.sc: 47.0
region size: 10
tbl0_rows:38 filtered_rows:38
QIP_gurobi_bound: solver finished in 1.34 s (time_limit=100.0 s, status=OPTIMAL)
[ Info: slice 1, lp_score: 5400.0, primal_bound: 5408.0
QIP_gurobi_bound: solver finished in 1.429 s (time_limit=100.0 s, status=OPTIMAL)
[ Info: slice 2, lp_score: 5408.0, primal_bound: 5408.0
[ Info: new_scs: [44]
[ Info: lp_scores: [5408.0]
[ Info: lp_scores: 5408.0
[ Info: current num of unfinished slices: 6, finished slices: 21
                      ┌                                        ┐ 
                   44 ┤■■■■■■■■■■■■■■■■■■■■■■■■■■■■■■■■■■■■■ 1   
                   45 ┤ 0                                        
                   46 ┤ 0                                        
                   47 ┤■■■■■■■■■■■■■■■■■■■■■■■■■■■■■■■■■■■■■ 1   
                   48 ┤ 0                                        
                   49 ┤ 0                                        
                   50 ┤ 0                                        
                   51 ┤ 0                                        
   sc, target = 31 52 ┤ 0                                        
                   53 ┤ 0                                        
                   54 ┤ 0                                        
                   55 ┤■■■■■■■■■■■■■■■■■■■■■■■■■■■■■■■■■■■■■ 1   
                   56 ┤ 0                                        
                   57 ┤ 0                                        
                   58 ┤■■■■■■■■■■■■■■■■■■■■■■■■■■■■■■■■■■■■■ 1   
                   59 ┤■■■■■■■■■■■■■■■■■■■■■■■■■■■■■■■■■■■■■ 1   
                   60 ┤■■■■■■■■■■■■■■■■■■■■■■■■■■■■■■■■■■■■■ 1   
                      └                                        ┘ 
                                     num of slices               
[ Info: slicing branch with sc: 44.0
[ Info: cc.sc: 44.0
region size: 10
tbl0_rows:72 filtered_rows:72
QIP_gurobi_bound: solver finished in 1.474 s (time_limit=100.0 s, status=OPTIMAL)
[ Info: slice 1, lp_score: 5405.0, primal_bound: 5408.0
QIP_gurobi_bound: solver finished in 1.391 s (time_limit=100.0 s, status=OPTIMAL)
[ Info: slice 2, lp_score: 5408.0, primal_bound: 5408.0
[ Info: new_scs: [44]
[ Info: lp_scores: [5408.0]
[ Info: lp_scores: 5408.0
[ Info: current num of unfinished slices: 6, finished slices: 21
                      ┌                                        ┐ 
                   44 ┤■■■■■■■■■■■■■■■■■■■■■■■■■■■■■■■■■■■■■ 1   
                   45 ┤ 0                                        
                   46 ┤ 0                                        
                   47 ┤■■■■■■■■■■■■■■■■■■■■■■■■■■■■■■■■■■■■■ 1   
                   48 ┤ 0                                        
                   49 ┤ 0                                        
                   50 ┤ 0                                        
                   51 ┤ 0                                        
   sc, target = 31 52 ┤ 0                                        
                   53 ┤ 0                                        
                   54 ┤ 0                                        
                   55 ┤■■■■■■■■■■■■■■■■■■■■■■■■■■■■■■■■■■■■■ 1   
                   56 ┤ 0                                        
                   57 ┤ 0                                        
                   58 ┤■■■■■■■■■■■■■■■■■■■■■■■■■■■■■■■■■■■■■ 1   
                   59 ┤■■■■■■■■■■■■■■■■■■■■■■■■■■■■■■■■■■■■■ 1   
                   60 ┤■■■■■■■■■■■■■■■■■■■■■■■■■■■■■■■■■■■■■ 1   
                      └                                        ┘ 
                                     num of slices               
[ Info: slicing branch with sc: 44.0
[ Info: cc.sc: 44.0
region size: 10
tbl0_rows:55 filtered_rows:55
QIP_gurobi_bound: solver finished in 1.487 s (time_limit=100.0 s, status=OPTIMAL)
[ Info: slice 1, lp_score: 5403.0, primal_bound: 5408.0
QIP_gurobi_bound: solver finished in 1.468 s (time_limit=100.0 s, status=OPTIMAL)
[ Info: slice 2, lp_score: 5408.0, primal_bound: 5408.0
[ Info: new_scs: [42]
[ Info: lp_scores: [5408.0]
[ Info: lp_scores: 5408.0
[ Info: current num of unfinished slices: 6, finished slices: 21
                      ┌                                        ┐ 
                   42 ┤■■■■■■■■■■■■■■■■■■■■■■■■■■■■■■■■■■■■■ 1   
                   43 ┤ 0                                        
                   44 ┤ 0                                        
                   45 ┤ 0                                        
                   46 ┤ 0                                        
                   47 ┤■■■■■■■■■■■■■■■■■■■■■■■■■■■■■■■■■■■■■ 1   
                   48 ┤ 0                                        
                   49 ┤ 0                                        
                   50 ┤ 0                                        
   sc, target = 31 51 ┤ 0                                        
                   52 ┤ 0                                        
                   53 ┤ 0                                        
                   54 ┤ 0                                        
                   55 ┤■■■■■■■■■■■■■■■■■■■■■■■■■■■■■■■■■■■■■ 1   
                   56 ┤ 0                                        
                   57 ┤ 0                                        
                   58 ┤■■■■■■■■■■■■■■■■■■■■■■■■■■■■■■■■■■■■■ 1   
                   59 ┤■■■■■■■■■■■■■■■■■■■■■■■■■■■■■■■■■■■■■ 1   
                   60 ┤■■■■■■■■■■■■■■■■■■■■■■■■■■■■■■■■■■■■■ 1   
                      └                                        ┘ 
                                     num of slices               
[ Info: slicing branch with sc: 42.0
[ Info: cc.sc: 42.0
region size: 10
tbl0_rows:82 filtered_rows:82
QIP_gurobi_bound: solver finished in 1.274 s (time_limit=100.0 s, status=OPTIMAL)
[ Info: slice 1, lp_score: 5408.0, primal_bound: 5408.0
QIP_gurobi_bound: solver finished in 1.315 s (time_limit=100.0 s, status=OPTIMAL)
[ Info: slice 2, lp_score: 5408.0, primal_bound: 5408.0
[ Info: new_scs: [41, 41]
[ Info: lp_scores: [5408.0, 5408.0]
[ Info: lp_scores: 5408.0
[ Info: lp_scores: 5408.0
[ Info: current num of unfinished slices: 7, finished slices: 21
                      ┌                                        ┐ 
                   41 ┤■■■■■■■■■■■■■■■■■■■■■■■■■■■■■■■■■■■■■ 2   
                   42 ┤ 0                                        
                   43 ┤ 0                                        
                   44 ┤ 0                                        
                   45 ┤ 0                                        
                   46 ┤ 0                                        
                   47 ┤■■■■■■■■■■■■■■■■■■■ 1                     
                   48 ┤ 0                                        
                   49 ┤ 0                                        
   sc, target = 31 50 ┤ 0                                        
                   51 ┤ 0                                        
                   52 ┤ 0                                        
                   53 ┤ 0                                        
                   54 ┤ 0                                        
                   55 ┤■■■■■■■■■■■■■■■■■■■ 1                     
                   56 ┤ 0                                        
                   57 ┤ 0                                        
                   58 ┤■■■■■■■■■■■■■■■■■■■ 1                     
                   59 ┤■■■■■■■■■■■■■■■■■■■ 1                     
                   60 ┤■■■■■■■■■■■■■■■■■■■ 1                     
                      └                                        ┘ 
                                     num of slices               
[ Info: slicing branch with sc: 41.0
[ Info: cc.sc: 41.0
region size: 10
tbl0_rows:59 filtered_rows:59
QIP_gurobi_bound: solver finished in 1.393 s (time_limit=100.0 s, status=OPTIMAL)
[ Info: slice 1, lp_score: 5408.0, primal_bound: 5408.0
QIP_gurobi_bound: solver finished in 1.299 s (time_limit=100.0 s, status=OPTIMAL)
[ Info: slice 2, lp_score: 5404.0, primal_bound: 5408.0
[ Info: new_scs: [41]
[ Info: lp_scores: [5408.0]
[ Info: lp_scores: 5408.0
[ Info: current num of unfinished slices: 7, finished slices: 21
                      ┌                                        ┐ 
                   41 ┤■■■■■■■■■■■■■■■■■■■■■■■■■■■■■■■■■■■■■ 2   
                   42 ┤ 0                                        
                   43 ┤ 0                                        
                   44 ┤ 0                                        
                   45 ┤ 0                                        
                   46 ┤ 0                                        
                   47 ┤■■■■■■■■■■■■■■■■■■■ 1                     
                   48 ┤ 0                                        
                   49 ┤ 0                                        
   sc, target = 31 50 ┤ 0                                        
                   51 ┤ 0                                        
                   52 ┤ 0                                        
                   53 ┤ 0                                        
                   54 ┤ 0                                        
                   55 ┤■■■■■■■■■■■■■■■■■■■ 1                     
                   56 ┤ 0                                        
                   57 ┤ 0                                        
                   58 ┤■■■■■■■■■■■■■■■■■■■ 1                     
                   59 ┤■■■■■■■■■■■■■■■■■■■ 1                     
                   60 ┤■■■■■■■■■■■■■■■■■■■ 1                     
                      └                                        ┘ 
                                     num of slices               
[ Info: slicing branch with sc: 41.0
[ Info: cc.sc: 41.0
region size: 10
tbl0_rows:24 filtered_rows:24
QIP_gurobi_bound: solver finished in 1.351 s (time_limit=100.0 s, status=OPTIMAL)
[ Info: slice 1, lp_score: 5408.0, primal_bound: 5408.0
QIP_gurobi_bound: solver finished in 1.305 s (time_limit=100.0 s, status=OPTIMAL)
[ Info: slice 2, lp_score: 5402.0, primal_bound: 5408.0
[ Info: new_scs: [41]
[ Info: lp_scores: [5408.0]
[ Info: lp_scores: 5408.0
[ Info: current num of unfinished slices: 7, finished slices: 21
                      ┌                                        ┐ 
                   41 ┤■■■■■■■■■■■■■■■■■■■■■■■■■■■■■■■■■■■■■ 2   
                   42 ┤ 0                                        
                   43 ┤ 0                                        
                   44 ┤ 0                                        
                   45 ┤ 0                                        
                   46 ┤ 0                                        
                   47 ┤■■■■■■■■■■■■■■■■■■■ 1                     
                   48 ┤ 0                                        
                   49 ┤ 0                                        
   sc, target = 31 50 ┤ 0                                        
                   51 ┤ 0                                        
                   52 ┤ 0                                        
                   53 ┤ 0                                        
                   54 ┤ 0                                        
                   55 ┤■■■■■■■■■■■■■■■■■■■ 1                     
                   56 ┤ 0                                        
                   57 ┤ 0                                        
                   58 ┤■■■■■■■■■■■■■■■■■■■ 1                     
                   59 ┤■■■■■■■■■■■■■■■■■■■ 1                     
                   60 ┤■■■■■■■■■■■■■■■■■■■ 1                     
                      └                                        ┘ 
                                     num of slices               
[ Info: slicing branch with sc: 41.0
[ Info: cc.sc: 41.0
region size: 10
tbl0_rows:23 filtered_rows:23
QIP_gurobi_bound: solver finished in 1.316 s (time_limit=100.0 s, status=OPTIMAL)
[ Info: slice 1, lp_score: 5408.0, primal_bound: 5408.0
QIP_gurobi_bound: solver finished in 1.325 s (time_limit=100.0 s, status=OPTIMAL)
[ Info: slice 2, lp_score: 5408.0, primal_bound: 5408.0
[ Info: new_scs: [41, 41]
[ Info: lp_scores: [5408.0, 5408.0]
[ Info: lp_scores: 5408.0
[ Info: lp_scores: 5408.0
[ Info: current num of unfinished slices: 8, finished slices: 21
                      ┌                                        ┐ 
                   41 ┤■■■■■■■■■■■■■■■■■■■■■■■■■■■■■■■■■■■■■ 3   
                   42 ┤ 0                                        
                   43 ┤ 0                                        
                   44 ┤ 0                                        
                   45 ┤ 0                                        
                   46 ┤ 0                                        
                   47 ┤■■■■■■■■■■■■ 1                            
                   48 ┤ 0                                        
                   49 ┤ 0                                        
   sc, target = 31 50 ┤ 0                                        
                   51 ┤ 0                                        
                   52 ┤ 0                                        
                   53 ┤ 0                                        
                   54 ┤ 0                                        
                   55 ┤■■■■■■■■■■■■ 1                            
                   56 ┤ 0                                        
                   57 ┤ 0                                        
                   58 ┤■■■■■■■■■■■■ 1                            
                   59 ┤■■■■■■■■■■■■ 1                            
                   60 ┤■■■■■■■■■■■■ 1                            
                      └                                        ┘ 
                                     num of slices               
[ Info: slicing branch with sc: 41.0
[ Info: cc.sc: 41.0
region size: 10
tbl0_rows:41 filtered_rows:41
QIP_gurobi_bound: solver finished in 1.719 s (time_limit=100.0 s, status=OPTIMAL)
[ Info: slice 1, lp_score: 5408.0, primal_bound: 5408.0
QIP_gurobi_bound: solver finished in 1.289 s (time_limit=100.0 s, status=OPTIMAL)
[ Info: slice 2, lp_score: 5404.0, primal_bound: 5408.0
[ Info: new_scs: [41]
[ Info: lp_scores: [5408.0]
[ Info: lp_scores: 5408.0
[ Info: current num of unfinished slices: 8, finished slices: 21
                      ┌                                        ┐ 
                   41 ┤■■■■■■■■■■■■■■■■■■■■■■■■■■■■■■■■■■■■■ 3   
                   42 ┤ 0                                        
                   43 ┤ 0                                        
                   44 ┤ 0                                        
                   45 ┤ 0                                        
                   46 ┤ 0                                        
                   47 ┤■■■■■■■■■■■■ 1                            
                   48 ┤ 0                                        
                   49 ┤ 0                                        
   sc, target = 31 50 ┤ 0                                        
                   51 ┤ 0                                        
                   52 ┤ 0                                        
                   53 ┤ 0                                        
                   54 ┤ 0                                        
                   55 ┤■■■■■■■■■■■■ 1                            
                   56 ┤ 0                                        
                   57 ┤ 0                                        
                   58 ┤■■■■■■■■■■■■ 1                            
                   59 ┤■■■■■■■■■■■■ 1                            
                   60 ┤■■■■■■■■■■■■ 1                            
                      └                                        ┘ 
                                     num of slices               
[ Info: slicing branch with sc: 41.0
[ Info: cc.sc: 41.0
region size: 10
tbl0_rows:25 filtered_rows:25
QIP_gurobi_bound: solver finished in 1.34 s (time_limit=100.0 s, status=OPTIMAL)
[ Info: slice 1, lp_score: 5408.0, primal_bound: 5408.0
QIP_gurobi_bound: solver finished in 1.474 s (time_limit=100.0 s, status=OPTIMAL)
[ Info: slice 2, lp_score: 5408.0, primal_bound: 5408.0
[ Info: new_scs: [38, 41]
[ Info: lp_scores: [5408.0, 5408.0]
[ Info: lp_scores: 5408.0
[ Info: lp_scores: 5408.0
[ Info: current num of unfinished slices: 9, finished slices: 21
                      ┌                                        ┐ 
                   38 ┤■■■■■■■■■■■■ 1                            
                   39 ┤ 0                                        
                   40 ┤ 0                                        
                   41 ┤■■■■■■■■■■■■■■■■■■■■■■■■■■■■■■■■■■■■■ 3   
                   42 ┤ 0                                        
                   43 ┤ 0                                        
                   44 ┤ 0                                        
                   45 ┤ 0                                        
                   46 ┤ 0                                        
                   47 ┤■■■■■■■■■■■■ 1                            
                   48 ┤ 0                                        
   sc, target = 31 49 ┤ 0                                        
                   50 ┤ 0                                        
                   51 ┤ 0                                        
                   52 ┤ 0                                        
                   53 ┤ 0                                        
                   54 ┤ 0                                        
                   55 ┤■■■■■■■■■■■■ 1                            
                   56 ┤ 0                                        
                   57 ┤ 0                                        
                   58 ┤■■■■■■■■■■■■ 1                            
                   59 ┤■■■■■■■■■■■■ 1                            
                   60 ┤■■■■■■■■■■■■ 1                            
                      └                                        ┘ 
                                     num of slices               
[ Info: slicing branch with sc: 38.0
[ Info: cc.sc: 38.0
region size: 10
tbl0_rows:26 filtered_rows:26
QIP_gurobi_bound: solver finished in 1.345 s (time_limit=100.0 s, status=OPTIMAL)
[ Info: slice 1, lp_score: 5397.0, primal_bound: 5408.0
QIP_gurobi_bound: solver finished in 1.387 s (time_limit=100.0 s, status=OPTIMAL)
[ Info: slice 2, lp_score: 5408.0, primal_bound: 5408.0
[ Info: new_scs: [37]
[ Info: lp_scores: [5408.0]
[ Info: lp_scores: 5408.0
[ Info: current num of unfinished slices: 9, finished slices: 21
                      ┌                                        ┐ 
                   37 ┤■■■■■■■■■■■■ 1                            
                   38 ┤ 0                                        
                   39 ┤ 0                                        
                   40 ┤ 0                                        
                   41 ┤■■■■■■■■■■■■■■■■■■■■■■■■■■■■■■■■■■■■■ 3   
                   42 ┤ 0                                        
                   43 ┤ 0                                        
                   44 ┤ 0                                        
                   45 ┤ 0                                        
                   46 ┤ 0                                        
                   47 ┤■■■■■■■■■■■■ 1                            
   sc, target = 31 48 ┤ 0                                        
                   49 ┤ 0                                        
                   50 ┤ 0                                        
                   51 ┤ 0                                        
                   52 ┤ 0                                        
                   53 ┤ 0                                        
                   54 ┤ 0                                        
                   55 ┤■■■■■■■■■■■■ 1                            
                   56 ┤ 0                                        
                   57 ┤ 0                                        
                   58 ┤■■■■■■■■■■■■ 1                            
                   59 ┤■■■■■■■■■■■■ 1                            
                   60 ┤■■■■■■■■■■■■ 1                            
                      └                                        ┘ 
                                     num of slices               
[ Info: slicing branch with sc: 37.0
[ Info: cc.sc: 37.0
region size: 10
tbl0_rows:63 filtered_rows:63
QIP_gurobi_bound: solver finished in 1.169 s (time_limit=100.0 s, status=OPTIMAL)
[ Info: slice 1, lp_score: 5408.0, primal_bound: 5408.0
QIP_gurobi_bound: solver finished in 1.252 s (time_limit=100.0 s, status=OPTIMAL)
[ Info: slice 2, lp_score: 5406.0, primal_bound: 5408.0
[ Info: new_scs: [36]
[ Info: lp_scores: [5408.0]
[ Info: lp_scores: 5408.0
[ Info: current num of unfinished slices: 9, finished slices: 21
                      ┌                                        ┐ 
                   36 ┤■■■■■■■■■■■■ 1                            
                   37 ┤ 0                                        
                   38 ┤ 0                                        
                   39 ┤ 0                                        
                   40 ┤ 0                                        
                   41 ┤■■■■■■■■■■■■■■■■■■■■■■■■■■■■■■■■■■■■■ 3   
                   42 ┤ 0                                        
                   43 ┤ 0                                        
                   44 ┤ 0                                        
                   45 ┤ 0                                        
                   46 ┤ 0                                        
                   47 ┤■■■■■■■■■■■■ 1                            
   sc, target = 31 48 ┤ 0                                        
                   49 ┤ 0                                        
                   50 ┤ 0                                        
                   51 ┤ 0                                        
                   52 ┤ 0                                        
                   53 ┤ 0                                        
                   54 ┤ 0                                        
                   55 ┤■■■■■■■■■■■■ 1                            
                   56 ┤ 0                                        
                   57 ┤ 0                                        
                   58 ┤■■■■■■■■■■■■ 1                            
                   59 ┤■■■■■■■■■■■■ 1                            
                   60 ┤■■■■■■■■■■■■ 1                            
                      └                                        ┘ 
                                     num of slices               
[ Info: slicing branch with sc: 36.0
[ Info: cc.sc: 36.0
region size: 10
tbl0_rows:34 filtered_rows:34
QIP_gurobi_bound: solver finished in 1.536 s (time_limit=100.0 s, status=OPTIMAL)
[ Info: slice 1, lp_score: 5407.0, primal_bound: 5408.0
QIP_gurobi_bound: solver finished in 1.294 s (time_limit=100.0 s, status=OPTIMAL)
[ Info: slice 2, lp_score: 5408.0, primal_bound: 5408.0
[ Info: new_scs: [36]
[ Info: lp_scores: [5408.0]
[ Info: lp_scores: 5408.0
[ Info: current num of unfinished slices: 9, finished slices: 21
                      ┌                                        ┐ 
                   36 ┤■■■■■■■■■■■■ 1                            
                   37 ┤ 0                                        
                   38 ┤ 0                                        
                   39 ┤ 0                                        
                   40 ┤ 0                                        
                   41 ┤■■■■■■■■■■■■■■■■■■■■■■■■■■■■■■■■■■■■■ 3   
                   42 ┤ 0                                        
                   43 ┤ 0                                        
                   44 ┤ 0                                        
                   45 ┤ 0                                        
                   46 ┤ 0                                        
                   47 ┤■■■■■■■■■■■■ 1                            
   sc, target = 31 48 ┤ 0                                        
                   49 ┤ 0                                        
                   50 ┤ 0                                        
                   51 ┤ 0                                        
                   52 ┤ 0                                        
                   53 ┤ 0                                        
                   54 ┤ 0                                        
                   55 ┤■■■■■■■■■■■■ 1                            
                   56 ┤ 0                                        
                   57 ┤ 0                                        
                   58 ┤■■■■■■■■■■■■ 1                            
                   59 ┤■■■■■■■■■■■■ 1                            
                   60 ┤■■■■■■■■■■■■ 1                            
                      └                                        ┘ 
                                     num of slices               
[ Info: slicing branch with sc: 36.0
[ Info: cc.sc: 36.0
region size: 10
tbl0_rows:51 filtered_rows:51
QIP_gurobi_bound: solver finished in 1.236 s (time_limit=100.0 s, status=OPTIMAL)
[ Info: slice 1, lp_score: 5407.0, primal_bound: 5408.0
QIP_gurobi_bound: solver finished in 1.31 s (time_limit=100.0 s, status=OPTIMAL)
[ Info: slice 2, lp_score: 5408.0, primal_bound: 5408.0
[ Info: new_scs: [35]
[ Info: lp_scores: [5408.0]
[ Info: lp_scores: 5408.0
[ Info: current num of unfinished slices: 9, finished slices: 21
                      ┌                                        ┐ 
                   35 ┤■■■■■■■■■■■■ 1                            
                   36 ┤ 0                                        
                   37 ┤ 0                                        
                   38 ┤ 0                                        
                   39 ┤ 0                                        
                   40 ┤ 0                                        
                   41 ┤■■■■■■■■■■■■■■■■■■■■■■■■■■■■■■■■■■■■■ 3   
                   42 ┤ 0                                        
                   43 ┤ 0                                        
                   44 ┤ 0                                        
                   45 ┤ 0                                        
                   46 ┤ 0                                        
   sc, target = 31 47 ┤■■■■■■■■■■■■ 1                            
                   48 ┤ 0                                        
                   49 ┤ 0                                        
                   50 ┤ 0                                        
                   51 ┤ 0                                        
                   52 ┤ 0                                        
                   53 ┤ 0                                        
                   54 ┤ 0                                        
                   55 ┤■■■■■■■■■■■■ 1                            
                   56 ┤ 0                                        
                   57 ┤ 0                                        
                   58 ┤■■■■■■■■■■■■ 1                            
                   59 ┤■■■■■■■■■■■■ 1                            
                   60 ┤■■■■■■■■■■■■ 1                            
                      └                                        ┘ 
                                     num of slices               
[ Info: slicing branch with sc: 35.0
[ Info: cc.sc: 35.0
region size: 10
tbl0_rows:34 filtered_rows:34
QIP_gurobi_bound: solver finished in 1.314 s (time_limit=100.0 s, status=OPTIMAL)
[ Info: slice 1, lp_score: 5408.0, primal_bound: 5408.0
QIP_gurobi_bound: solver finished in 1.231 s (time_limit=100.0 s, status=OPTIMAL)
[ Info: slice 2, lp_score: 5402.0, primal_bound: 5408.0
[ Info: new_scs: [35]
[ Info: lp_scores: [5408.0]
[ Info: lp_scores: 5408.0
[ Info: current num of unfinished slices: 9, finished slices: 21
                      ┌                                        ┐ 
                   35 ┤■■■■■■■■■■■■ 1                            
                   36 ┤ 0                                        
                   37 ┤ 0                                        
                   38 ┤ 0                                        
                   39 ┤ 0                                        
                   40 ┤ 0                                        
                   41 ┤■■■■■■■■■■■■■■■■■■■■■■■■■■■■■■■■■■■■■ 3   
                   42 ┤ 0                                        
                   43 ┤ 0                                        
                   44 ┤ 0                                        
                   45 ┤ 0                                        
                   46 ┤ 0                                        
   sc, target = 31 47 ┤■■■■■■■■■■■■ 1                            
                   48 ┤ 0                                        
                   49 ┤ 0                                        
                   50 ┤ 0                                        
                   51 ┤ 0                                        
                   52 ┤ 0                                        
                   53 ┤ 0                                        
                   54 ┤ 0                                        
                   55 ┤■■■■■■■■■■■■ 1                            
                   56 ┤ 0                                        
                   57 ┤ 0                                        
                   58 ┤■■■■■■■■■■■■ 1                            
                   59 ┤■■■■■■■■■■■■ 1                            
                   60 ┤■■■■■■■■■■■■ 1                            
                      └                                        ┘ 
                                     num of slices               
[ Info: slicing branch with sc: 35.0
[ Info: cc.sc: 35.0
region size: 10
tbl0_rows:81 filtered_rows:81
QIP_gurobi_bound: solver finished in 1.271 s (time_limit=100.0 s, status=OPTIMAL)
[ Info: slice 1, lp_score: 5405.0, primal_bound: 5408.0
QIP_gurobi_bound: solver finished in 1.329 s (time_limit=100.0 s, status=OPTIMAL)
[ Info: slice 2, lp_score: 5408.0, primal_bound: 5408.0
[ Info: new_scs: [33]
[ Info: lp_scores: [5408.0]
[ Info: lp_scores: 5408.0
[ Info: current num of unfinished slices: 9, finished slices: 21
                      ┌                                        ┐ 
                   33 ┤■■■■■■■■■■■■ 1                            
                   34 ┤ 0                                        
                   35 ┤ 0                                        
                   36 ┤ 0                                        
                   37 ┤ 0                                        
                   38 ┤ 0                                        
                   39 ┤ 0                                        
                   40 ┤ 0                                        
                   41 ┤■■■■■■■■■■■■■■■■■■■■■■■■■■■■■■■■■■■■■ 3   
                   42 ┤ 0                                        
                   43 ┤ 0                                        
                   44 ┤ 0                                        
                   45 ┤ 0                                        
   sc, target = 31 46 ┤ 0                                        
                   47 ┤■■■■■■■■■■■■ 1                            
                   48 ┤ 0                                        
                   49 ┤ 0                                        
                   50 ┤ 0                                        
                   51 ┤ 0                                        
                   52 ┤ 0                                        
                   53 ┤ 0                                        
                   54 ┤ 0                                        
                   55 ┤■■■■■■■■■■■■ 1                            
                   56 ┤ 0                                        
                   57 ┤ 0                                        
                   58 ┤■■■■■■■■■■■■ 1                            
                   59 ┤■■■■■■■■■■■■ 1                            
                   60 ┤■■■■■■■■■■■■ 1                            
                      └                                        ┘ 
                                     num of slices               
[ Info: slicing branch with sc: 33.0
[ Info: cc.sc: 33.0
region size: 10
tbl0_rows:26 filtered_rows:26
QIP_gurobi_bound: solver finished in 1.346 s (time_limit=100.0 s, status=OPTIMAL)
[ Info: slice 1, lp_score: 5408.0, primal_bound: 5408.0
QIP_gurobi_bound: solver finished in 1.198 s (time_limit=100.0 s, status=OPTIMAL)
[ Info: slice 2, lp_score: 5404.0, primal_bound: 5408.0
[ Info: new_scs: [32]
[ Info: lp_scores: [5408.0]
[ Info: lp_scores: 5408.0
[ Info: current num of unfinished slices: 9, finished slices: 21
                      ┌                                        ┐ 
                   32 ┤■■■■■■■■■■■■ 1                            
                   33 ┤ 0                                        
                   34 ┤ 0                                        
                   35 ┤ 0                                        
                   36 ┤ 0                                        
                   37 ┤ 0                                        
                   38 ┤ 0                                        
                   39 ┤ 0                                        
                   40 ┤ 0                                        
                   41 ┤■■■■■■■■■■■■■■■■■■■■■■■■■■■■■■■■■■■■■ 3   
                   42 ┤ 0                                        
                   43 ┤ 0                                        
                   44 ┤ 0                                        
                   45 ┤ 0                                        
   sc, target = 31 46 ┤ 0                                        
                   47 ┤■■■■■■■■■■■■ 1                            
                   48 ┤ 0                                        
                   49 ┤ 0                                        
                   50 ┤ 0                                        
                   51 ┤ 0                                        
                   52 ┤ 0                                        
                   53 ┤ 0                                        
                   54 ┤ 0                                        
                   55 ┤■■■■■■■■■■■■ 1                            
                   56 ┤ 0                                        
                   57 ┤ 0                                        
                   58 ┤■■■■■■■■■■■■ 1                            
                   59 ┤■■■■■■■■■■■■ 1                            
                   60 ┤■■■■■■■■■■■■ 1                            
                      └                                        ┘ 
                                     num of slices               
[ Info: slicing branch with sc: 32.0
[ Info: cc.sc: 32.0
region size: 10
tbl0_rows:16 filtered_rows:16
QIP_gurobi_bound: solver finished in 1.26 s (time_limit=100.0 s, status=OPTIMAL)
[ Info: slice 1, lp_score: 5408.0, primal_bound: 5408.0
[ Info: new_scs: [31]
[ Info: lp_scores: [5408.0]
[ Info: lp_scores: 5408.0
[ Info: current num of unfinished slices: 9, finished slices: 21
                      ┌                                        ┐ 
                   31 ┤■■■■■■■■■■■■ 1                            
                   32 ┤ 0                                        
                   33 ┤ 0                                        
                   34 ┤ 0                                        
                   35 ┤ 0                                        
                   36 ┤ 0                                        
                   37 ┤ 0                                        
                   38 ┤ 0                                        
                   39 ┤ 0                                        
                   40 ┤ 0                                        
                   41 ┤■■■■■■■■■■■■■■■■■■■■■■■■■■■■■■■■■■■■■ 3   
                   42 ┤ 0                                        
                   43 ┤ 0                                        
                   44 ┤ 0                                        
   sc, target = 31 45 ┤ 0                                        
                   46 ┤ 0                                        
                   47 ┤■■■■■■■■■■■■ 1                            
                   48 ┤ 0                                        
                   49 ┤ 0                                        
                   50 ┤ 0                                        
                   51 ┤ 0                                        
                   52 ┤ 0                                        
                   53 ┤ 0                                        
                   54 ┤ 0                                        
                   55 ┤■■■■■■■■■■■■ 1                            
                   56 ┤ 0                                        
                   57 ┤ 0                                        
                   58 ┤■■■■■■■■■■■■ 1                            
                   59 ┤■■■■■■■■■■■■ 1                            
                   60 ┤■■■■■■■■■■■■ 1                            
                      └                                        ┘ 
                                     num of slices               
[ Info: slicing branch with sc: 31.0
  [slice produced] sc=31.0 tc=45.64383275360496 nv=3549 ne=6927 r=47.5
QIP_value_gurobi: solver finished in 1.264 s (time_limit=604800.0 s, status=OPTIMAL)
[ Info: feasible solution: 5408.0, primal bound: 5408.0
[ Info: current num of unfinished slices: 8, finished slices: 22
                      ┌                                        ┐ 
                   41 ┤■■■■■■■■■■■■■■■■■■■■■■■■■■■■■■■■■■■■■ 3   
                   42 ┤ 0                                        
                   43 ┤ 0                                        
                   44 ┤ 0                                        
                   45 ┤ 0                                        
                   46 ┤ 0                                        
                   47 ┤■■■■■■■■■■■■ 1                            
                   48 ┤ 0                                        
                   49 ┤ 0                                        
   sc, target = 31 50 ┤ 0                                        
                   51 ┤ 0                                        
                   52 ┤ 0                                        
                   53 ┤ 0                                        
                   54 ┤ 0                                        
                   55 ┤■■■■■■■■■■■■ 1                            
                   56 ┤ 0                                        
                   57 ┤ 0                                        
                   58 ┤■■■■■■■■■■■■ 1                            
                   59 ┤■■■■■■■■■■■■ 1                            
                   60 ┤■■■■■■■■■■■■ 1                            
                      └                                        ┘ 
                                     num of slices               
[ Info: slicing branch with sc: 41.0
[ Info: cc.sc: 41.0
region size: 10
tbl0_rows:37 filtered_rows:37
QIP_gurobi_bound: solver finished in 1.472 s (time_limit=100.0 s, status=OPTIMAL)
[ Info: slice 1, lp_score: 5408.0, primal_bound: 5408.0
QIP_gurobi_bound: solver finished in 1.303 s (time_limit=100.0 s, status=OPTIMAL)
[ Info: slice 2, lp_score: 5408.0, primal_bound: 5408.0
[ Info: new_scs: [38, 39]
[ Info: lp_scores: [5408.0, 5408.0]
[ Info: lp_scores: 5408.0
[ Info: lp_scores: 5408.0
[ Info: current num of unfinished slices: 9, finished slices: 22
                      ┌                                        ┐ 
                   38 ┤■■■■■■■■■■■■■■■■■■■ 1                     
                   39 ┤■■■■■■■■■■■■■■■■■■■ 1                     
                   40 ┤ 0                                        
                   41 ┤■■■■■■■■■■■■■■■■■■■■■■■■■■■■■■■■■■■■■ 2   
                   42 ┤ 0                                        
                   43 ┤ 0                                        
                   44 ┤ 0                                        
                   45 ┤ 0                                        
                   46 ┤ 0                                        
                   47 ┤■■■■■■■■■■■■■■■■■■■ 1                     
                   48 ┤ 0                                        
   sc, target = 31 49 ┤ 0                                        
                   50 ┤ 0                                        
                   51 ┤ 0                                        
                   52 ┤ 0                                        
                   53 ┤ 0                                        
                   54 ┤ 0                                        
                   55 ┤■■■■■■■■■■■■■■■■■■■ 1                     
                   56 ┤ 0                                        
                   57 ┤ 0                                        
                   58 ┤■■■■■■■■■■■■■■■■■■■ 1                     
                   59 ┤■■■■■■■■■■■■■■■■■■■ 1                     
                   60 ┤■■■■■■■■■■■■■■■■■■■ 1                     
                      └                                        ┘ 
                                     num of slices               
[ Info: slicing branch with sc: 38.0
[ Info: cc.sc: 38.0
region size: 10
tbl0_rows:26 filtered_rows:26
QIP_gurobi_bound: solver finished in 1.449 s (time_limit=100.0 s, status=OPTIMAL)
[ Info: slice 1, lp_score: 5397.0, primal_bound: 5408.0
QIP_gurobi_bound: solver finished in 1.346 s (time_limit=100.0 s, status=OPTIMAL)
[ Info: slice 2, lp_score: 5408.0, primal_bound: 5408.0
[ Info: new_scs: [38]
[ Info: lp_scores: [5408.0]
[ Info: lp_scores: 5408.0
[ Info: current num of unfinished slices: 9, finished slices: 22
                      ┌                                        ┐ 
                   38 ┤■■■■■■■■■■■■■■■■■■■ 1                     
                   39 ┤■■■■■■■■■■■■■■■■■■■ 1                     
                   40 ┤ 0                                        
                   41 ┤■■■■■■■■■■■■■■■■■■■■■■■■■■■■■■■■■■■■■ 2   
                   42 ┤ 0                                        
                   43 ┤ 0                                        
                   44 ┤ 0                                        
                   45 ┤ 0                                        
                   46 ┤ 0                                        
                   47 ┤■■■■■■■■■■■■■■■■■■■ 1                     
                   48 ┤ 0                                        
   sc, target = 31 49 ┤ 0                                        
                   50 ┤ 0                                        
                   51 ┤ 0                                        
                   52 ┤ 0                                        
                   53 ┤ 0                                        
                   54 ┤ 0                                        
                   55 ┤■■■■■■■■■■■■■■■■■■■ 1                     
                   56 ┤ 0                                        
                   57 ┤ 0                                        
                   58 ┤■■■■■■■■■■■■■■■■■■■ 1                     
                   59 ┤■■■■■■■■■■■■■■■■■■■ 1                     
                   60 ┤■■■■■■■■■■■■■■■■■■■ 1                     
                      └                                        ┘ 
                                     num of slices               
[ Info: slicing branch with sc: 38.0
[ Info: cc.sc: 38.0
region size: 10
tbl0_rows:48 filtered_rows:48
QIP_gurobi_bound: solver finished in 1.315 s (time_limit=100.0 s, status=OPTIMAL)
[ Info: slice 1, lp_score: 5408.0, primal_bound: 5408.0
QIP_gurobi_bound: solver finished in 1.434 s (time_limit=100.0 s, status=OPTIMAL)
[ Info: slice 2, lp_score: 5403.0, primal_bound: 5408.0
[ Info: new_scs: [36]
[ Info: lp_scores: [5408.0]
[ Info: lp_scores: 5408.0
[ Info: current num of unfinished slices: 9, finished slices: 22
                      ┌                                        ┐ 
                   36 ┤■■■■■■■■■■■■■■■■■■■ 1                     
                   37 ┤ 0                                        
                   38 ┤ 0                                        
                   39 ┤■■■■■■■■■■■■■■■■■■■ 1                     
                   40 ┤ 0                                        
                   41 ┤■■■■■■■■■■■■■■■■■■■■■■■■■■■■■■■■■■■■■ 2   
                   42 ┤ 0                                        
                   43 ┤ 0                                        
                   44 ┤ 0                                        
                   45 ┤ 0                                        
                   46 ┤ 0                                        
                   47 ┤■■■■■■■■■■■■■■■■■■■ 1                     
   sc, target = 31 48 ┤ 0                                        
                   49 ┤ 0                                        
                   50 ┤ 0                                        
                   51 ┤ 0                                        
                   52 ┤ 0                                        
                   53 ┤ 0                                        
                   54 ┤ 0                                        
                   55 ┤■■■■■■■■■■■■■■■■■■■ 1                     
                   56 ┤ 0                                        
                   57 ┤ 0                                        
                   58 ┤■■■■■■■■■■■■■■■■■■■ 1                     
                   59 ┤■■■■■■■■■■■■■■■■■■■ 1                     
                   60 ┤■■■■■■■■■■■■■■■■■■■ 1                     
                      └                                        ┘ 
                                     num of slices               
[ Info: slicing branch with sc: 36.0
[ Info: cc.sc: 36.0
region size: 10
tbl0_rows:36 filtered_rows:36
QIP_gurobi_bound: solver finished in 1.193 s (time_limit=100.0 s, status=OPTIMAL)
[ Info: slice 1, lp_score: 5404.0, primal_bound: 5408.0
QIP_gurobi_bound: solver finished in 1.499 s (time_limit=100.0 s, status=OPTIMAL)
[ Info: slice 2, lp_score: 5408.0, primal_bound: 5408.0
[ Info: new_scs: [35]
[ Info: lp_scores: [5408.0]
[ Info: lp_scores: 5408.0
[ Info: current num of unfinished slices: 9, finished slices: 22
                      ┌                                        ┐ 
                   35 ┤■■■■■■■■■■■■■■■■■■■ 1                     
                   36 ┤ 0                                        
                   37 ┤ 0                                        
                   38 ┤ 0                                        
                   39 ┤■■■■■■■■■■■■■■■■■■■ 1                     
                   40 ┤ 0                                        
                   41 ┤■■■■■■■■■■■■■■■■■■■■■■■■■■■■■■■■■■■■■ 2   
                   42 ┤ 0                                        
                   43 ┤ 0                                        
                   44 ┤ 0                                        
                   45 ┤ 0                                        
                   46 ┤ 0                                        
   sc, target = 31 47 ┤■■■■■■■■■■■■■■■■■■■ 1                     
                   48 ┤ 0                                        
                   49 ┤ 0                                        
                   50 ┤ 0                                        
                   51 ┤ 0                                        
                   52 ┤ 0                                        
                   53 ┤ 0                                        
                   54 ┤ 0                                        
                   55 ┤■■■■■■■■■■■■■■■■■■■ 1                     
                   56 ┤ 0                                        
                   57 ┤ 0                                        
                   58 ┤■■■■■■■■■■■■■■■■■■■ 1                     
                   59 ┤■■■■■■■■■■■■■■■■■■■ 1                     
                   60 ┤■■■■■■■■■■■■■■■■■■■ 1                     
                      └                                        ┘ 
                                     num of slices               
[ Info: slicing branch with sc: 35.0
[ Info: cc.sc: 35.0
region size: 10
tbl0_rows:46 filtered_rows:46
QIP_gurobi_bound: solver finished in 1.292 s (time_limit=100.0 s, status=OPTIMAL)
[ Info: slice 1, lp_score: 5408.0, primal_bound: 5408.0
QIP_gurobi_bound: solver finished in 1.241 s (time_limit=100.0 s, status=OPTIMAL)
[ Info: slice 2, lp_score: 5407.0, primal_bound: 5408.0
[ Info: new_scs: [35]
[ Info: lp_scores: [5408.0]
[ Info: lp_scores: 5408.0
[ Info: current num of unfinished slices: 9, finished slices: 22
                      ┌                                        ┐ 
                   35 ┤■■■■■■■■■■■■■■■■■■■ 1                     
                   36 ┤ 0                                        
                   37 ┤ 0                                        
                   38 ┤ 0                                        
                   39 ┤■■■■■■■■■■■■■■■■■■■ 1                     
                   40 ┤ 0                                        
                   41 ┤■■■■■■■■■■■■■■■■■■■■■■■■■■■■■■■■■■■■■ 2   
                   42 ┤ 0                                        
                   43 ┤ 0                                        
                   44 ┤ 0                                        
                   45 ┤ 0                                        
                   46 ┤ 0                                        
   sc, target = 31 47 ┤■■■■■■■■■■■■■■■■■■■ 1                     
                   48 ┤ 0                                        
                   49 ┤ 0                                        
                   50 ┤ 0                                        
                   51 ┤ 0                                        
                   52 ┤ 0                                        
                   53 ┤ 0                                        
                   54 ┤ 0                                        
                   55 ┤■■■■■■■■■■■■■■■■■■■ 1                     
                   56 ┤ 0                                        
                   57 ┤ 0                                        
                   58 ┤■■■■■■■■■■■■■■■■■■■ 1                     
                   59 ┤■■■■■■■■■■■■■■■■■■■ 1                     
                   60 ┤■■■■■■■■■■■■■■■■■■■ 1                     
                      └                                        ┘ 
                                     num of slices               
[ Info: slicing branch with sc: 35.0
[ Info: cc.sc: 35.0
region size: 10
tbl0_rows:78 filtered_rows:78
QIP_gurobi_bound: solver finished in 1.327 s (time_limit=100.0 s, status=OPTIMAL)
[ Info: slice 1, lp_score: 5408.0, primal_bound: 5408.0
QIP_gurobi_bound: solver finished in 1.417 s (time_limit=100.0 s, status=OPTIMAL)
[ Info: slice 2, lp_score: 5407.0, primal_bound: 5408.0
[ Info: new_scs: [34]
[ Info: lp_scores: [5408.0]
[ Info: lp_scores: 5408.0
[ Info: current num of unfinished slices: 9, finished slices: 22
                      ┌                                        ┐ 
                   34 ┤■■■■■■■■■■■■■■■■■■■ 1                     
                   35 ┤ 0                                        
                   36 ┤ 0                                        
                   37 ┤ 0                                        
                   38 ┤ 0                                        
                   39 ┤■■■■■■■■■■■■■■■■■■■ 1                     
                   40 ┤ 0                                        
                   41 ┤■■■■■■■■■■■■■■■■■■■■■■■■■■■■■■■■■■■■■ 2   
                   42 ┤ 0                                        
                   43 ┤ 0                                        
                   44 ┤ 0                                        
                   45 ┤ 0                                        
                   46 ┤ 0                                        
   sc, target = 31 47 ┤■■■■■■■■■■■■■■■■■■■ 1                     
                   48 ┤ 0                                        
                   49 ┤ 0                                        
                   50 ┤ 0                                        
                   51 ┤ 0                                        
                   52 ┤ 0                                        
                   53 ┤ 0                                        
                   54 ┤ 0                                        
                   55 ┤■■■■■■■■■■■■■■■■■■■ 1                     
                   56 ┤ 0                                        
                   57 ┤ 0                                        
                   58 ┤■■■■■■■■■■■■■■■■■■■ 1                     
                   59 ┤■■■■■■■■■■■■■■■■■■■ 1                     
                   60 ┤■■■■■■■■■■■■■■■■■■■ 1                     
                      └                                        ┘ 
                                     num of slices               
[ Info: slicing branch with sc: 34.0
[ Info: cc.sc: 34.0
region size: 10
tbl0_rows:34 filtered_rows:34
QIP_gurobi_bound: solver finished in 1.205 s (time_limit=100.0 s, status=OPTIMAL)
[ Info: slice 1, lp_score: 5408.0, primal_bound: 5408.0
QIP_gurobi_bound: solver finished in 1.204 s (time_limit=100.0 s, status=OPTIMAL)
[ Info: slice 2, lp_score: 5403.0, primal_bound: 5408.0
QIP_gurobi_bound: solver finished in 3.951 s (time_limit=100.0 s, status=OPTIMAL)
[ Info: slice 3, lp_score: 5403.0, primal_bound: 5408.0
QIP_gurobi_bound: solver finished in 1.313 s (time_limit=100.0 s, status=OPTIMAL)
[ Info: slice 4, lp_score: 5403.0, primal_bound: 5408.0
[ Info: new_scs: [34]
[ Info: lp_scores: [5408.0]
[ Info: lp_scores: 5408.0
[ Info: current num of unfinished slices: 9, finished slices: 22
                      ┌                                        ┐ 
                   34 ┤■■■■■■■■■■■■■■■■■■■ 1                     
                   35 ┤ 0                                        
                   36 ┤ 0                                        
                   37 ┤ 0                                        
                   38 ┤ 0                                        
                   39 ┤■■■■■■■■■■■■■■■■■■■ 1                     
                   40 ┤ 0                                        
                   41 ┤■■■■■■■■■■■■■■■■■■■■■■■■■■■■■■■■■■■■■ 2   
                   42 ┤ 0                                        
                   43 ┤ 0                                        
                   44 ┤ 0                                        
                   45 ┤ 0                                        
                   46 ┤ 0                                        
   sc, target = 31 47 ┤■■■■■■■■■■■■■■■■■■■ 1                     
                   48 ┤ 0                                        
                   49 ┤ 0                                        
                   50 ┤ 0                                        
                   51 ┤ 0                                        
                   52 ┤ 0                                        
                   53 ┤ 0                                        
                   54 ┤ 0                                        
                   55 ┤■■■■■■■■■■■■■■■■■■■ 1                     
                   56 ┤ 0                                        
                   57 ┤ 0                                        
                   58 ┤■■■■■■■■■■■■■■■■■■■ 1                     
                   59 ┤■■■■■■■■■■■■■■■■■■■ 1                     
                   60 ┤■■■■■■■■■■■■■■■■■■■ 1                     
                      └                                        ┘ 
                                     num of slices               
[ Info: slicing branch with sc: 34.0
[ Info: cc.sc: 34.0
region size: 10
tbl0_rows:69 filtered_rows:69
QIP_gurobi_bound: solver finished in 1.208 s (time_limit=100.0 s, status=OPTIMAL)
[ Info: slice 1, lp_score: 5408.0, primal_bound: 5408.0
QIP_gurobi_bound: solver finished in 1.256 s (time_limit=100.0 s, status=OPTIMAL)
[ Info: slice 2, lp_score: 5402.0, primal_bound: 5408.0
QIP_gurobi_bound: solver finished in 1.34 s (time_limit=100.0 s, status=OPTIMAL)
[ Info: slice 3, lp_score: 5408.0, primal_bound: 5408.0
[ Info: new_scs: [32, 33]
[ Info: lp_scores: [5408.0, 5408.0]
[ Info: lp_scores: 5408.0
[ Info: lp_scores: 5408.0
[ Info: current num of unfinished slices: 10, finished slices: 22
                      ┌                                        ┐ 
                   32 ┤■■■■■■■■■■■■■■■■■■■ 1                     
                   33 ┤■■■■■■■■■■■■■■■■■■■ 1                     
                   34 ┤ 0                                        
                   35 ┤ 0                                        
                   36 ┤ 0                                        
                   37 ┤ 0                                        
                   38 ┤ 0                                        
                   39 ┤■■■■■■■■■■■■■■■■■■■ 1                     
                   40 ┤ 0                                        
                   41 ┤■■■■■■■■■■■■■■■■■■■■■■■■■■■■■■■■■■■■■ 2   
                   42 ┤ 0                                        
                   43 ┤ 0                                        
                   44 ┤ 0                                        
                   45 ┤ 0                                        
   sc, target = 31 46 ┤ 0                                        
                   47 ┤■■■■■■■■■■■■■■■■■■■ 1                     
                   48 ┤ 0                                        
                   49 ┤ 0                                        
                   50 ┤ 0                                        
                   51 ┤ 0                                        
                   52 ┤ 0                                        
                   53 ┤ 0                                        
                   54 ┤ 0                                        
                   55 ┤■■■■■■■■■■■■■■■■■■■ 1                     
                   56 ┤ 0                                        
                   57 ┤ 0                                        
                   58 ┤■■■■■■■■■■■■■■■■■■■ 1                     
                   59 ┤■■■■■■■■■■■■■■■■■■■ 1                     
                   60 ┤■■■■■■■■■■■■■■■■■■■ 1                     
                      └                                        ┘ 
                                     num of slices               
[ Info: slicing branch with sc: 32.0
[ Info: cc.sc: 32.0
region size: 10
tbl0_rows:67 filtered_rows:67
QIP_gurobi_bound: solver finished in 1.633 s (time_limit=100.0 s, status=OPTIMAL)
[ Info: slice 1, lp_score: 5408.0, primal_bound: 5408.0
QIP_gurobi_bound: solver finished in 1.31 s (time_limit=100.0 s, status=OPTIMAL)
[ Info: slice 2, lp_score: 5404.0, primal_bound: 5408.0
[ Info: new_scs: [31]
[ Info: lp_scores: [5408.0]
[ Info: lp_scores: 5408.0
[ Info: current num of unfinished slices: 10, finished slices: 22
                      ┌                                        ┐ 
                   31 ┤■■■■■■■■■■■■■■■■■■■ 1                     
                   32 ┤ 0                                        
                   33 ┤■■■■■■■■■■■■■■■■■■■ 1                     
                   34 ┤ 0                                        
                   35 ┤ 0                                        
                   36 ┤ 0                                        
                   37 ┤ 0                                        
                   38 ┤ 0                                        
                   39 ┤■■■■■■■■■■■■■■■■■■■ 1                     
                   40 ┤ 0                                        
                   41 ┤■■■■■■■■■■■■■■■■■■■■■■■■■■■■■■■■■■■■■ 2   
                   42 ┤ 0                                        
                   43 ┤ 0                                        
                   44 ┤ 0                                        
   sc, target = 31 45 ┤ 0                                        
                   46 ┤ 0                                        
                   47 ┤■■■■■■■■■■■■■■■■■■■ 1                     
                   48 ┤ 0                                        
                   49 ┤ 0                                        
                   50 ┤ 0                                        
                   51 ┤ 0                                        
                   52 ┤ 0                                        
                   53 ┤ 0                                        
                   54 ┤ 0                                        
                   55 ┤■■■■■■■■■■■■■■■■■■■ 1                     
                   56 ┤ 0                                        
                   57 ┤ 0                                        
                   58 ┤■■■■■■■■■■■■■■■■■■■ 1                     
                   59 ┤■■■■■■■■■■■■■■■■■■■ 1                     
                   60 ┤■■■■■■■■■■■■■■■■■■■ 1                     
                      └                                        ┘ 
                                     num of slices               
[ Info: slicing branch with sc: 31.0
  [slice produced] sc=31.0 tc=45.079801786295 nv=3542 ne=6905 r=58.0
QIP_value_gurobi: solver finished in 1.629 s (time_limit=604800.0 s, status=OPTIMAL)
[ Info: feasible solution: 5408.0, primal bound: 5408.0
[ Info: current num of unfinished slices: 9, finished slices: 23
                      ┌                                        ┐ 
                   33 ┤■■■■■■■■■■■■■■■■■■■ 1                     
                   34 ┤ 0                                        
                   35 ┤ 0                                        
                   36 ┤ 0                                        
                   37 ┤ 0                                        
                   38 ┤ 0                                        
                   39 ┤■■■■■■■■■■■■■■■■■■■ 1                     
                   40 ┤ 0                                        
                   41 ┤■■■■■■■■■■■■■■■■■■■■■■■■■■■■■■■■■■■■■ 2   
                   42 ┤ 0                                        
                   43 ┤ 0                                        
                   44 ┤ 0                                        
                   45 ┤ 0                                        
   sc, target = 31 46 ┤ 0                                        
                   47 ┤■■■■■■■■■■■■■■■■■■■ 1                     
                   48 ┤ 0                                        
                   49 ┤ 0                                        
                   50 ┤ 0                                        
                   51 ┤ 0                                        
                   52 ┤ 0                                        
                   53 ┤ 0                                        
                   54 ┤ 0                                        
                   55 ┤■■■■■■■■■■■■■■■■■■■ 1                     
                   56 ┤ 0                                        
                   57 ┤ 0                                        
                   58 ┤■■■■■■■■■■■■■■■■■■■ 1                     
                   59 ┤■■■■■■■■■■■■■■■■■■■ 1                     
                   60 ┤■■■■■■■■■■■■■■■■■■■ 1                     
                      └                                        ┘ 
                                     num of slices               
[ Info: slicing branch with sc: 33.0
[ Info: cc.sc: 33.0
region size: 10
tbl0_rows:86 filtered_rows:86
QIP_gurobi_bound: solver finished in 1.309 s (time_limit=100.0 s, status=OPTIMAL)
[ Info: slice 1, lp_score: 5408.0, primal_bound: 5408.0
QIP_gurobi_bound: solver finished in 1.228 s (time_limit=100.0 s, status=OPTIMAL)
[ Info: slice 2, lp_score: 5406.0, primal_bound: 5408.0
QIP_gurobi_bound: solver finished in 1.375 s (time_limit=100.0 s, status=OPTIMAL)
[ Info: slice 3, lp_score: 5404.0, primal_bound: 5408.0
[ Info: new_scs: [31]
[ Info: lp_scores: [5408.0]
[ Info: lp_scores: 5408.0
[ Info: current num of unfinished slices: 9, finished slices: 23
                      ┌                                        ┐ 
                   31 ┤■■■■■■■■■■■■■■■■■■■ 1                     
                   32 ┤ 0                                        
                   33 ┤ 0                                        
                   34 ┤ 0                                        
                   35 ┤ 0                                        
                   36 ┤ 0                                        
                   37 ┤ 0                                        
                   38 ┤ 0                                        
                   39 ┤■■■■■■■■■■■■■■■■■■■ 1                     
                   40 ┤ 0                                        
                   41 ┤■■■■■■■■■■■■■■■■■■■■■■■■■■■■■■■■■■■■■ 2   
                   42 ┤ 0                                        
                   43 ┤ 0                                        
                   44 ┤ 0                                        
   sc, target = 31 45 ┤ 0                                        
                   46 ┤ 0                                        
                   47 ┤■■■■■■■■■■■■■■■■■■■ 1                     
                   48 ┤ 0                                        
                   49 ┤ 0                                        
                   50 ┤ 0                                        
                   51 ┤ 0                                        
                   52 ┤ 0                                        
                   53 ┤ 0                                        
                   54 ┤ 0                                        
                   55 ┤■■■■■■■■■■■■■■■■■■■ 1                     
                   56 ┤ 0                                        
                   57 ┤ 0                                        
                   58 ┤■■■■■■■■■■■■■■■■■■■ 1                     
                   59 ┤■■■■■■■■■■■■■■■■■■■ 1                     
                   60 ┤■■■■■■■■■■■■■■■■■■■ 1                     
                      └                                        ┘ 
                                     num of slices               
[ Info: slicing branch with sc: 31.0
  [slice produced] sc=31.0 tc=45.079622183854056 nv=3543 ne=6907 r=56.5
QIP_value_gurobi: solver finished in 1.302 s (time_limit=604800.0 s, status=OPTIMAL)
[ Info: feasible solution: 5408.0, primal bound: 5408.0
[ Info: current num of unfinished slices: 8, finished slices: 24
                      ┌                                        ┐ 
                   39 ┤■■■■■■■■■■■■■■■■■■■ 1                     
                   40 ┤ 0                                        
                   41 ┤■■■■■■■■■■■■■■■■■■■■■■■■■■■■■■■■■■■■■ 2   
                   42 ┤ 0                                        
                   43 ┤ 0                                        
                   44 ┤ 0                                        
                   45 ┤ 0                                        
                   46 ┤ 0                                        
                   47 ┤■■■■■■■■■■■■■■■■■■■ 1                     
                   48 ┤ 0                                        
   sc, target = 31 49 ┤ 0                                        
                   50 ┤ 0                                        
                   51 ┤ 0                                        
                   52 ┤ 0                                        
                   53 ┤ 0                                        
                   54 ┤ 0                                        
                   55 ┤■■■■■■■■■■■■■■■■■■■ 1                     
                   56 ┤ 0                                        
                   57 ┤ 0                                        
                   58 ┤■■■■■■■■■■■■■■■■■■■ 1                     
                   59 ┤■■■■■■■■■■■■■■■■■■■ 1                     
                   60 ┤■■■■■■■■■■■■■■■■■■■ 1                     
                      └                                        ┘ 
                                     num of slices               
[ Info: slicing branch with sc: 39.0
[ Info: cc.sc: 39.0
region size: 10
tbl0_rows:26 filtered_rows:26
QIP_gurobi_bound: solver finished in 1.476 s (time_limit=100.0 s, status=OPTIMAL)
[ Info: slice 1, lp_score: 5397.0, primal_bound: 5408.0
QIP_gurobi_bound: solver finished in 1.658 s (time_limit=100.0 s, status=OPTIMAL)
[ Info: slice 2, lp_score: 5408.0, primal_bound: 5408.0
[ Info: new_scs: [38]
[ Info: lp_scores: [5408.0]
[ Info: lp_scores: 5408.0
[ Info: current num of unfinished slices: 8, finished slices: 24
                      ┌                                        ┐ 
                   38 ┤■■■■■■■■■■■■■■■■■■■ 1                     
                   39 ┤ 0                                        
                   40 ┤ 0                                        
                   41 ┤■■■■■■■■■■■■■■■■■■■■■■■■■■■■■■■■■■■■■ 2   
                   42 ┤ 0                                        
                   43 ┤ 0                                        
                   44 ┤ 0                                        
                   45 ┤ 0                                        
                   46 ┤ 0                                        
                   47 ┤■■■■■■■■■■■■■■■■■■■ 1                     
                   48 ┤ 0                                        
   sc, target = 31 49 ┤ 0                                        
                   50 ┤ 0                                        
                   51 ┤ 0                                        
                   52 ┤ 0                                        
                   53 ┤ 0                                        
                   54 ┤ 0                                        
                   55 ┤■■■■■■■■■■■■■■■■■■■ 1                     
                   56 ┤ 0                                        
                   57 ┤ 0                                        
                   58 ┤■■■■■■■■■■■■■■■■■■■ 1                     
                   59 ┤■■■■■■■■■■■■■■■■■■■ 1                     
                   60 ┤■■■■■■■■■■■■■■■■■■■ 1                     
                      └                                        ┘ 
                                     num of slices               
[ Info: slicing branch with sc: 38.0
[ Info: cc.sc: 38.0
region size: 10
tbl0_rows:58 filtered_rows:58
QIP_gurobi_bound: solver finished in 1.419 s (time_limit=100.0 s, status=OPTIMAL)
[ Info: slice 1, lp_score: 5408.0, primal_bound: 5408.0
QIP_gurobi_bound: solver finished in 1.286 s (time_limit=100.0 s, status=OPTIMAL)
[ Info: slice 2, lp_score: 5408.0, primal_bound: 5408.0
[ Info: new_scs: [37, 37]
[ Info: lp_scores: [5408.0, 5408.0]
[ Info: lp_scores: 5408.0
[ Info: lp_scores: 5408.0
[ Info: current num of unfinished slices: 9, finished slices: 24
                      ┌                                        ┐ 
                   37 ┤■■■■■■■■■■■■■■■■■■■■■■■■■■■■■■■■■■■■■ 2   
                   38 ┤ 0                                        
                   39 ┤ 0                                        
                   40 ┤ 0                                        
                   41 ┤■■■■■■■■■■■■■■■■■■■■■■■■■■■■■■■■■■■■■ 2   
                   42 ┤ 0                                        
                   43 ┤ 0                                        
                   44 ┤ 0                                        
                   45 ┤ 0                                        
                   46 ┤ 0                                        
                   47 ┤■■■■■■■■■■■■■■■■■■■ 1                     
   sc, target = 31 48 ┤ 0                                        
                   49 ┤ 0                                        
                   50 ┤ 0                                        
                   51 ┤ 0                                        
                   52 ┤ 0                                        
                   53 ┤ 0                                        
                   54 ┤ 0                                        
                   55 ┤■■■■■■■■■■■■■■■■■■■ 1                     
                   56 ┤ 0                                        
                   57 ┤ 0                                        
                   58 ┤■■■■■■■■■■■■■■■■■■■ 1                     
                   59 ┤■■■■■■■■■■■■■■■■■■■ 1                     
                   60 ┤■■■■■■■■■■■■■■■■■■■ 1                     
                      └                                        ┘ 
                                     num of slices               
[ Info: slicing branch with sc: 37.0
[ Info: cc.sc: 37.0
region size: 10
tbl0_rows:40 filtered_rows:40
QIP_gurobi_bound: solver finished in 1.355 s (time_limit=100.0 s, status=OPTIMAL)
[ Info: slice 1, lp_score: 5407.0, primal_bound: 5408.0
QIP_gurobi_bound: solver finished in 1.287 s (time_limit=100.0 s, status=OPTIMAL)
[ Info: slice 2, lp_score: 5408.0, primal_bound: 5408.0
[ Info: new_scs: [36]
[ Info: lp_scores: [5408.0]
[ Info: lp_scores: 5408.0
[ Info: current num of unfinished slices: 9, finished slices: 24
                      ┌                                        ┐ 
                   36 ┤■■■■■■■■■■■■■■■■■■■ 1                     
                   37 ┤■■■■■■■■■■■■■■■■■■■ 1                     
                   38 ┤ 0                                        
                   39 ┤ 0                                        
                   40 ┤ 0                                        
                   41 ┤■■■■■■■■■■■■■■■■■■■■■■■■■■■■■■■■■■■■■ 2   
                   42 ┤ 0                                        
                   43 ┤ 0                                        
                   44 ┤ 0                                        
                   45 ┤ 0                                        
                   46 ┤ 0                                        
                   47 ┤■■■■■■■■■■■■■■■■■■■ 1                     
   sc, target = 31 48 ┤ 0                                        
                   49 ┤ 0                                        
                   50 ┤ 0                                        
                   51 ┤ 0                                        
                   52 ┤ 0                                        
                   53 ┤ 0                                        
                   54 ┤ 0                                        
                   55 ┤■■■■■■■■■■■■■■■■■■■ 1                     
                   56 ┤ 0                                        
                   57 ┤ 0                                        
                   58 ┤■■■■■■■■■■■■■■■■■■■ 1                     
                   59 ┤■■■■■■■■■■■■■■■■■■■ 1                     
                   60 ┤■■■■■■■■■■■■■■■■■■■ 1                     
                      └                                        ┘ 
                                     num of slices               
[ Info: slicing branch with sc: 36.0
[ Info: cc.sc: 36.0
region size: 10
tbl0_rows:29 filtered_rows:29
QIP_gurobi_bound: solver finished in 1.307 s (time_limit=100.0 s, status=OPTIMAL)
[ Info: slice 1, lp_score: 5408.0, primal_bound: 5408.0
QIP_gurobi_bound: solver finished in 1.631 s (time_limit=100.0 s, status=OPTIMAL)
[ Info: slice 2, lp_score: 5407.0, primal_bound: 5408.0
[ Info: new_scs: [35]
[ Info: lp_scores: [5408.0]
[ Info: lp_scores: 5408.0
[ Info: current num of unfinished slices: 9, finished slices: 24
                      ┌                                        ┐ 
                   35 ┤■■■■■■■■■■■■■■■■■■■ 1                     
                   36 ┤ 0                                        
                   37 ┤■■■■■■■■■■■■■■■■■■■ 1                     
                   38 ┤ 0                                        
                   39 ┤ 0                                        
                   40 ┤ 0                                        
                   41 ┤■■■■■■■■■■■■■■■■■■■■■■■■■■■■■■■■■■■■■ 2   
                   42 ┤ 0                                        
                   43 ┤ 0                                        
                   44 ┤ 0                                        
                   45 ┤ 0                                        
                   46 ┤ 0                                        
   sc, target = 31 47 ┤■■■■■■■■■■■■■■■■■■■ 1                     
                   48 ┤ 0                                        
                   49 ┤ 0                                        
                   50 ┤ 0                                        
                   51 ┤ 0                                        
                   52 ┤ 0                                        
                   53 ┤ 0                                        
                   54 ┤ 0                                        
                   55 ┤■■■■■■■■■■■■■■■■■■■ 1                     
                   56 ┤ 0                                        
                   57 ┤ 0                                        
                   58 ┤■■■■■■■■■■■■■■■■■■■ 1                     
                   59 ┤■■■■■■■■■■■■■■■■■■■ 1                     
                   60 ┤■■■■■■■■■■■■■■■■■■■ 1                     
                      └                                        ┘ 
                                     num of slices               
[ Info: slicing branch with sc: 35.0
[ Info: cc.sc: 35.0
region size: 10
tbl0_rows:81 filtered_rows:81
QIP_gurobi_bound: solver finished in 1.228 s (time_limit=100.0 s, status=OPTIMAL)
[ Info: slice 1, lp_score: 5408.0, primal_bound: 5408.0
QIP_gurobi_bound: solver finished in 1.338 s (time_limit=100.0 s, status=OPTIMAL)
[ Info: slice 2, lp_score: 5407.0, primal_bound: 5408.0
[ Info: new_scs: [35]
[ Info: lp_scores: [5408.0]
[ Info: lp_scores: 5408.0
[ Info: current num of unfinished slices: 9, finished slices: 24
                      ┌                                        ┐ 
                   35 ┤■■■■■■■■■■■■■■■■■■■ 1                     
                   36 ┤ 0                                        
                   37 ┤■■■■■■■■■■■■■■■■■■■ 1                     
                   38 ┤ 0                                        
                   39 ┤ 0                                        
                   40 ┤ 0                                        
                   41 ┤■■■■■■■■■■■■■■■■■■■■■■■■■■■■■■■■■■■■■ 2   
                   42 ┤ 0                                        
                   43 ┤ 0                                        
                   44 ┤ 0                                        
                   45 ┤ 0                                        
                   46 ┤ 0                                        
   sc, target = 31 47 ┤■■■■■■■■■■■■■■■■■■■ 1                     
                   48 ┤ 0                                        
                   49 ┤ 0                                        
                   50 ┤ 0                                        
                   51 ┤ 0                                        
                   52 ┤ 0                                        
                   53 ┤ 0                                        
                   54 ┤ 0                                        
                   55 ┤■■■■■■■■■■■■■■■■■■■ 1                     
                   56 ┤ 0                                        
                   57 ┤ 0                                        
                   58 ┤■■■■■■■■■■■■■■■■■■■ 1                     
                   59 ┤■■■■■■■■■■■■■■■■■■■ 1                     
                   60 ┤■■■■■■■■■■■■■■■■■■■ 1                     
                      └                                        ┘ 
                                     num of slices               
[ Info: slicing branch with sc: 35.0
[ Info: cc.sc: 35.0
region size: 10
tbl0_rows:46 filtered_rows:46
QIP_gurobi_bound: solver finished in 1.208 s (time_limit=100.0 s, status=OPTIMAL)
[ Info: slice 1, lp_score: 5406.0, primal_bound: 5408.0
QIP_gurobi_bound: solver finished in 1.398 s (time_limit=100.0 s, status=OPTIMAL)
[ Info: slice 2, lp_score: 5408.0, primal_bound: 5408.0
[ Info: new_scs: [35]
[ Info: lp_scores: [5408.0]
[ Info: lp_scores: 5408.0
[ Info: current num of unfinished slices: 9, finished slices: 24
                      ┌                                        ┐ 
                   35 ┤■■■■■■■■■■■■■■■■■■■ 1                     
                   36 ┤ 0                                        
                   37 ┤■■■■■■■■■■■■■■■■■■■ 1                     
                   38 ┤ 0                                        
                   39 ┤ 0                                        
                   40 ┤ 0                                        
                   41 ┤■■■■■■■■■■■■■■■■■■■■■■■■■■■■■■■■■■■■■ 2   
                   42 ┤ 0                                        
                   43 ┤ 0                                        
                   44 ┤ 0                                        
                   45 ┤ 0                                        
                   46 ┤ 0                                        
   sc, target = 31 47 ┤■■■■■■■■■■■■■■■■■■■ 1                     
                   48 ┤ 0                                        
                   49 ┤ 0                                        
                   50 ┤ 0                                        
                   51 ┤ 0                                        
                   52 ┤ 0                                        
                   53 ┤ 0                                        
                   54 ┤ 0                                        
                   55 ┤■■■■■■■■■■■■■■■■■■■ 1                     
                   56 ┤ 0                                        
                   57 ┤ 0                                        
                   58 ┤■■■■■■■■■■■■■■■■■■■ 1                     
                   59 ┤■■■■■■■■■■■■■■■■■■■ 1                     
                   60 ┤■■■■■■■■■■■■■■■■■■■ 1                     
                      └                                        ┘ 
                                     num of slices               
[ Info: slicing branch with sc: 35.0
[ Info: cc.sc: 35.0
region size: 10
tbl0_rows:68 filtered_rows:68
QIP_gurobi_bound: solver finished in 1.211 s (time_limit=100.0 s, status=OPTIMAL)
[ Info: slice 1, lp_score: 5408.0, primal_bound: 5408.0
QIP_gurobi_bound: solver finished in 1.352 s (time_limit=100.0 s, status=OPTIMAL)
[ Info: slice 2, lp_score: 5408.0, primal_bound: 5408.0
[ Info: new_scs: [34, 34]
[ Info: lp_scores: [5408.0, 5408.0]
[ Info: lp_scores: 5408.0
[ Info: lp_scores: 5408.0
[ Info: current num of unfinished slices: 10, finished slices: 24
                      ┌                                        ┐ 
                   34 ┤■■■■■■■■■■■■■■■■■■■■■■■■■■■■■■■■■■■■■ 2   
                   35 ┤ 0                                        
                   36 ┤ 0                                        
                   37 ┤■■■■■■■■■■■■■■■■■■■ 1                     
                   38 ┤ 0                                        
                   39 ┤ 0                                        
                   40 ┤ 0                                        
                   41 ┤■■■■■■■■■■■■■■■■■■■■■■■■■■■■■■■■■■■■■ 2   
                   42 ┤ 0                                        
                   43 ┤ 0                                        
                   44 ┤ 0                                        
                   45 ┤ 0                                        
                   46 ┤ 0                                        
   sc, target = 31 47 ┤■■■■■■■■■■■■■■■■■■■ 1                     
                   48 ┤ 0                                        
                   49 ┤ 0                                        
                   50 ┤ 0                                        
                   51 ┤ 0                                        
                   52 ┤ 0                                        
                   53 ┤ 0                                        
                   54 ┤ 0                                        
                   55 ┤■■■■■■■■■■■■■■■■■■■ 1                     
                   56 ┤ 0                                        
                   57 ┤ 0                                        
                   58 ┤■■■■■■■■■■■■■■■■■■■ 1                     
                   59 ┤■■■■■■■■■■■■■■■■■■■ 1                     
                   60 ┤■■■■■■■■■■■■■■■■■■■ 1                     
                      └                                        ┘ 
                                     num of slices               
[ Info: slicing branch with sc: 34.0
[ Info: cc.sc: 34.0
region size: 10
tbl0_rows:78 filtered_rows:78
QIP_gurobi_bound: solver finished in 1.345 s (time_limit=100.0 s, status=OPTIMAL)
[ Info: slice 1, lp_score: 5406.0, primal_bound: 5408.0
QIP_gurobi_bound: solver finished in 1.33 s (time_limit=100.0 s, status=OPTIMAL)
[ Info: slice 2, lp_score: 5408.0, primal_bound: 5408.0
[ Info: new_scs: [33]
[ Info: lp_scores: [5408.0]
[ Info: lp_scores: 5408.0
[ Info: current num of unfinished slices: 10, finished slices: 24
                      ┌                                        ┐ 
                   33 ┤■■■■■■■■■■■■■■■■■■■ 1                     
                   34 ┤■■■■■■■■■■■■■■■■■■■ 1                     
                   35 ┤ 0                                        
                   36 ┤ 0                                        
                   37 ┤■■■■■■■■■■■■■■■■■■■ 1                     
                   38 ┤ 0                                        
                   39 ┤ 0                                        
                   40 ┤ 0                                        
                   41 ┤■■■■■■■■■■■■■■■■■■■■■■■■■■■■■■■■■■■■■ 2   
                   42 ┤ 0                                        
                   43 ┤ 0                                        
                   44 ┤ 0                                        
                   45 ┤ 0                                        
   sc, target = 31 46 ┤ 0                                        
                   47 ┤■■■■■■■■■■■■■■■■■■■ 1                     
                   48 ┤ 0                                        
                   49 ┤ 0                                        
                   50 ┤ 0                                        
                   51 ┤ 0                                        
                   52 ┤ 0                                        
                   53 ┤ 0                                        
                   54 ┤ 0                                        
                   55 ┤■■■■■■■■■■■■■■■■■■■ 1                     
                   56 ┤ 0                                        
                   57 ┤ 0                                        
                   58 ┤■■■■■■■■■■■■■■■■■■■ 1                     
                   59 ┤■■■■■■■■■■■■■■■■■■■ 1                     
                   60 ┤■■■■■■■■■■■■■■■■■■■ 1                     
                      └                                        ┘ 
                                     num of slices               
[ Info: slicing branch with sc: 33.0
[ Info: cc.sc: 33.0
region size: 10
tbl0_rows:43 filtered_rows:43
QIP_gurobi_bound: solver finished in 1.356 s (time_limit=100.0 s, status=OPTIMAL)
[ Info: slice 1, lp_score: 5408.0, primal_bound: 5408.0
QIP_gurobi_bound: solver finished in 1.225 s (time_limit=100.0 s, status=OPTIMAL)
[ Info: slice 2, lp_score: 5406.0, primal_bound: 5408.0
[ Info: new_scs: [32]
[ Info: lp_scores: [5408.0]
[ Info: lp_scores: 5408.0
[ Info: current num of unfinished slices: 10, finished slices: 24
                      ┌                                        ┐ 
                   32 ┤■■■■■■■■■■■■■■■■■■■ 1                     
                   33 ┤ 0                                        
                   34 ┤■■■■■■■■■■■■■■■■■■■ 1                     
                   35 ┤ 0                                        
                   36 ┤ 0                                        
                   37 ┤■■■■■■■■■■■■■■■■■■■ 1                     
                   38 ┤ 0                                        
                   39 ┤ 0                                        
                   40 ┤ 0                                        
                   41 ┤■■■■■■■■■■■■■■■■■■■■■■■■■■■■■■■■■■■■■ 2   
                   42 ┤ 0                                        
                   43 ┤ 0                                        
                   44 ┤ 0                                        
                   45 ┤ 0                                        
   sc, target = 31 46 ┤ 0                                        
                   47 ┤■■■■■■■■■■■■■■■■■■■ 1                     
                   48 ┤ 0                                        
                   49 ┤ 0                                        
                   50 ┤ 0                                        
                   51 ┤ 0                                        
                   52 ┤ 0                                        
                   53 ┤ 0                                        
                   54 ┤ 0                                        
                   55 ┤■■■■■■■■■■■■■■■■■■■ 1                     
                   56 ┤ 0                                        
                   57 ┤ 0                                        
                   58 ┤■■■■■■■■■■■■■■■■■■■ 1                     
                   59 ┤■■■■■■■■■■■■■■■■■■■ 1                     
                   60 ┤■■■■■■■■■■■■■■■■■■■ 1                     
                      └                                        ┘ 
                                     num of slices               
[ Info: slicing branch with sc: 32.0
[ Info: cc.sc: 32.0
region size: 10
tbl0_rows:16 filtered_rows:16
QIP_gurobi_bound: solver finished in 1.308 s (time_limit=100.0 s, status=OPTIMAL)
[ Info: slice 1, lp_score: 5408.0, primal_bound: 5408.0
[ Info: new_scs: [32]
[ Info: lp_scores: [5408.0]
[ Info: lp_scores: 5408.0
[ Info: current num of unfinished slices: 10, finished slices: 24
                      ┌                                        ┐ 
                   32 ┤■■■■■■■■■■■■■■■■■■■ 1                     
                   33 ┤ 0                                        
                   34 ┤■■■■■■■■■■■■■■■■■■■ 1                     
                   35 ┤ 0                                        
                   36 ┤ 0                                        
                   37 ┤■■■■■■■■■■■■■■■■■■■ 1                     
                   38 ┤ 0                                        
                   39 ┤ 0                                        
                   40 ┤ 0                                        
                   41 ┤■■■■■■■■■■■■■■■■■■■■■■■■■■■■■■■■■■■■■ 2   
                   42 ┤ 0                                        
                   43 ┤ 0                                        
                   44 ┤ 0                                        
                   45 ┤ 0                                        
   sc, target = 31 46 ┤ 0                                        
                   47 ┤■■■■■■■■■■■■■■■■■■■ 1                     
                   48 ┤ 0                                        
                   49 ┤ 0                                        
                   50 ┤ 0                                        
                   51 ┤ 0                                        
                   52 ┤ 0                                        
                   53 ┤ 0                                        
                   54 ┤ 0                                        
                   55 ┤■■■■■■■■■■■■■■■■■■■ 1                     
                   56 ┤ 0                                        
                   57 ┤ 0                                        
                   58 ┤■■■■■■■■■■■■■■■■■■■ 1                     
                   59 ┤■■■■■■■■■■■■■■■■■■■ 1                     
                   60 ┤■■■■■■■■■■■■■■■■■■■ 1                     
                      └                                        ┘ 
                                     num of slices               
[ Info: slicing branch with sc: 32.0
[ Info: cc.sc: 32.0
region size: 10
tbl0_rows:31 filtered_rows:31
QIP_gurobi_bound: solver finished in 1.549 s (time_limit=100.0 s, status=OPTIMAL)
[ Info: slice 1, lp_score: 5408.0, primal_bound: 5408.0
[ Info: new_scs: [32]
[ Info: lp_scores: [5408.0]
[ Info: lp_scores: 5408.0
[ Info: current num of unfinished slices: 10, finished slices: 24
                      ┌                                        ┐ 
                   32 ┤■■■■■■■■■■■■■■■■■■■ 1                     
                   33 ┤ 0                                        
                   34 ┤■■■■■■■■■■■■■■■■■■■ 1                     
                   35 ┤ 0                                        
                   36 ┤ 0                                        
                   37 ┤■■■■■■■■■■■■■■■■■■■ 1                     
                   38 ┤ 0                                        
                   39 ┤ 0                                        
                   40 ┤ 0                                        
                   41 ┤■■■■■■■■■■■■■■■■■■■■■■■■■■■■■■■■■■■■■ 2   
                   42 ┤ 0                                        
                   43 ┤ 0                                        
                   44 ┤ 0                                        
                   45 ┤ 0                                        
   sc, target = 31 46 ┤ 0                                        
                   47 ┤■■■■■■■■■■■■■■■■■■■ 1                     
                   48 ┤ 0                                        
                   49 ┤ 0                                        
                   50 ┤ 0                                        
                   51 ┤ 0                                        
                   52 ┤ 0                                        
                   53 ┤ 0                                        
                   54 ┤ 0                                        
                   55 ┤■■■■■■■■■■■■■■■■■■■ 1                     
                   56 ┤ 0                                        
                   57 ┤ 0                                        
                   58 ┤■■■■■■■■■■■■■■■■■■■ 1                     
                   59 ┤■■■■■■■■■■■■■■■■■■■ 1                     
                   60 ┤■■■■■■■■■■■■■■■■■■■ 1                     
                      └                                        ┘ 
                                     num of slices               
[ Info: slicing branch with sc: 32.0
[ Info: cc.sc: 32.0
region size: 10
tbl0_rows:65 filtered_rows:65
QIP_gurobi_bound: solver finished in 1.195 s (time_limit=100.0 s, status=OPTIMAL)
[ Info: slice 1, lp_score: 5408.0, primal_bound: 5408.0
QIP_gurobi_bound: solver finished in 1.266 s (time_limit=100.0 s, status=OPTIMAL)
[ Info: slice 2, lp_score: 5404.0, primal_bound: 5408.0
[ Info: new_scs: [31]
[ Info: lp_scores: [5408.0]
[ Info: lp_scores: 5408.0
[ Info: current num of unfinished slices: 10, finished slices: 24
                      ┌                                        ┐ 
                   31 ┤■■■■■■■■■■■■■■■■■■■ 1                     
                   32 ┤ 0                                        
                   33 ┤ 0                                        
                   34 ┤■■■■■■■■■■■■■■■■■■■ 1                     
                   35 ┤ 0                                        
                   36 ┤ 0                                        
                   37 ┤■■■■■■■■■■■■■■■■■■■ 1                     
                   38 ┤ 0                                        
                   39 ┤ 0                                        
                   40 ┤ 0                                        
                   41 ┤■■■■■■■■■■■■■■■■■■■■■■■■■■■■■■■■■■■■■ 2   
                   42 ┤ 0                                        
                   43 ┤ 0                                        
                   44 ┤ 0                                        
   sc, target = 31 45 ┤ 0                                        
                   46 ┤ 0                                        
                   47 ┤■■■■■■■■■■■■■■■■■■■ 1                     
                   48 ┤ 0                                        
                   49 ┤ 0                                        
                   50 ┤ 0                                        
                   51 ┤ 0                                        
                   52 ┤ 0                                        
                   53 ┤ 0                                        
                   54 ┤ 0                                        
                   55 ┤■■■■■■■■■■■■■■■■■■■ 1                     
                   56 ┤ 0                                        
                   57 ┤ 0                                        
                   58 ┤■■■■■■■■■■■■■■■■■■■ 1                     
                   59 ┤■■■■■■■■■■■■■■■■■■■ 1                     
                   60 ┤■■■■■■■■■■■■■■■■■■■ 1                     
                      └                                        ┘ 
                                     num of slices               
[ Info: slicing branch with sc: 31.0
  [slice produced] sc=31.0 tc=45.177590302213964 nv=3545 ne=6911 r=53.5
QIP_value_gurobi: solver finished in 1.178 s (time_limit=604800.0 s, status=OPTIMAL)
[ Info: feasible solution: 5408.0, primal bound: 5408.0
[ Info: current num of unfinished slices: 9, finished slices: 25
                      ┌                                        ┐ 
                   34 ┤■■■■■■■■■■■■■■■■■■■ 1                     
                   35 ┤ 0                                        
                   36 ┤ 0                                        
                   37 ┤■■■■■■■■■■■■■■■■■■■ 1                     
                   38 ┤ 0                                        
                   39 ┤ 0                                        
                   40 ┤ 0                                        
                   41 ┤■■■■■■■■■■■■■■■■■■■■■■■■■■■■■■■■■■■■■ 2   
                   42 ┤ 0                                        
                   43 ┤ 0                                        
                   44 ┤ 0                                        
                   45 ┤ 0                                        
                   46 ┤ 0                                        
   sc, target = 31 47 ┤■■■■■■■■■■■■■■■■■■■ 1                     
                   48 ┤ 0                                        
                   49 ┤ 0                                        
                   50 ┤ 0                                        
                   51 ┤ 0                                        
                   52 ┤ 0                                        
                   53 ┤ 0                                        
                   54 ┤ 0                                        
                   55 ┤■■■■■■■■■■■■■■■■■■■ 1                     
                   56 ┤ 0                                        
                   57 ┤ 0                                        
                   58 ┤■■■■■■■■■■■■■■■■■■■ 1                     
                   59 ┤■■■■■■■■■■■■■■■■■■■ 1                     
                   60 ┤■■■■■■■■■■■■■■■■■■■ 1                     
                      └                                        ┘ 
                                     num of slices               
[ Info: slicing branch with sc: 34.0
[ Info: cc.sc: 34.0
region size: 10
tbl0_rows:78 filtered_rows:78
QIP_gurobi_bound: solver finished in 1.303 s (time_limit=100.0 s, status=OPTIMAL)
[ Info: slice 1, lp_score: 5408.0, primal_bound: 5408.0
QIP_gurobi_bound: solver finished in 1.217 s (time_limit=100.0 s, status=OPTIMAL)
[ Info: slice 2, lp_score: 5407.0, primal_bound: 5408.0
[ Info: new_scs: [33]
[ Info: lp_scores: [5408.0]
[ Info: lp_scores: 5408.0
[ Info: current num of unfinished slices: 9, finished slices: 25
                      ┌                                        ┐ 
                   33 ┤■■■■■■■■■■■■■■■■■■■ 1                     
                   34 ┤ 0                                        
                   35 ┤ 0                                        
                   36 ┤ 0                                        
                   37 ┤■■■■■■■■■■■■■■■■■■■ 1                     
                   38 ┤ 0                                        
                   39 ┤ 0                                        
                   40 ┤ 0                                        
                   41 ┤■■■■■■■■■■■■■■■■■■■■■■■■■■■■■■■■■■■■■ 2   
                   42 ┤ 0                                        
                   43 ┤ 0                                        
                   44 ┤ 0                                        
                   45 ┤ 0                                        
   sc, target = 31 46 ┤ 0                                        
                   47 ┤■■■■■■■■■■■■■■■■■■■ 1                     
                   48 ┤ 0                                        
                   49 ┤ 0                                        
                   50 ┤ 0                                        
                   51 ┤ 0                                        
                   52 ┤ 0                                        
                   53 ┤ 0                                        
                   54 ┤ 0                                        
                   55 ┤■■■■■■■■■■■■■■■■■■■ 1                     
                   56 ┤ 0                                        
                   57 ┤ 0                                        
                   58 ┤■■■■■■■■■■■■■■■■■■■ 1                     
                   59 ┤■■■■■■■■■■■■■■■■■■■ 1                     
                   60 ┤■■■■■■■■■■■■■■■■■■■ 1                     
                      └                                        ┘ 
                                     num of slices               
[ Info: slicing branch with sc: 33.0
[ Info: cc.sc: 33.0
region size: 10
tbl0_rows:27 filtered_rows:27
QIP_gurobi_bound: solver finished in 1.161 s (time_limit=100.0 s, status=OPTIMAL)
[ Info: slice 1, lp_score: 5403.0, primal_bound: 5408.0
QIP_gurobi_bound: solver finished in 1.706 s (time_limit=100.0 s, status=OPTIMAL)
[ Info: slice 2, lp_score: 5408.0, primal_bound: 5408.0
[ Info: new_scs: [33]
[ Info: lp_scores: [5408.0]
[ Info: lp_scores: 5408.0
[ Info: current num of unfinished slices: 9, finished slices: 25
                      ┌                                        ┐ 
                   33 ┤■■■■■■■■■■■■■■■■■■■ 1                     
                   34 ┤ 0                                        
                   35 ┤ 0                                        
                   36 ┤ 0                                        
                   37 ┤■■■■■■■■■■■■■■■■■■■ 1                     
                   38 ┤ 0                                        
                   39 ┤ 0                                        
                   40 ┤ 0                                        
                   41 ┤■■■■■■■■■■■■■■■■■■■■■■■■■■■■■■■■■■■■■ 2   
                   42 ┤ 0                                        
                   43 ┤ 0                                        
                   44 ┤ 0                                        
                   45 ┤ 0                                        
   sc, target = 31 46 ┤ 0                                        
                   47 ┤■■■■■■■■■■■■■■■■■■■ 1                     
                   48 ┤ 0                                        
                   49 ┤ 0                                        
                   50 ┤ 0                                        
                   51 ┤ 0                                        
                   52 ┤ 0                                        
                   53 ┤ 0                                        
                   54 ┤ 0                                        
                   55 ┤■■■■■■■■■■■■■■■■■■■ 1                     
                   56 ┤ 0                                        
                   57 ┤ 0                                        
                   58 ┤■■■■■■■■■■■■■■■■■■■ 1                     
                   59 ┤■■■■■■■■■■■■■■■■■■■ 1                     
                   60 ┤■■■■■■■■■■■■■■■■■■■ 1                     
                      └                                        ┘ 
                                     num of slices               
[ Info: slicing branch with sc: 33.0
[ Info: cc.sc: 33.0
region size: 10
tbl0_rows:72 filtered_rows:72
QIP_gurobi_bound: solver finished in 1.241 s (time_limit=100.0 s, status=OPTIMAL)
[ Info: slice 1, lp_score: 5400.0, primal_bound: 5408.0
QIP_gurobi_bound: solver finished in 1.393 s (time_limit=100.0 s, status=OPTIMAL)
[ Info: slice 2, lp_score: 5408.0, primal_bound: 5408.0
[ Info: new_scs: [32]
[ Info: lp_scores: [5408.0]
[ Info: lp_scores: 5408.0
[ Info: current num of unfinished slices: 9, finished slices: 25
                      ┌                                        ┐ 
                   32 ┤■■■■■■■■■■■■■■■■■■■ 1                     
                   33 ┤ 0                                        
                   34 ┤ 0                                        
                   35 ┤ 0                                        
                   36 ┤ 0                                        
                   37 ┤■■■■■■■■■■■■■■■■■■■ 1                     
                   38 ┤ 0                                        
                   39 ┤ 0                                        
                   40 ┤ 0                                        
                   41 ┤■■■■■■■■■■■■■■■■■■■■■■■■■■■■■■■■■■■■■ 2   
                   42 ┤ 0                                        
                   43 ┤ 0                                        
                   44 ┤ 0                                        
                   45 ┤ 0                                        
   sc, target = 31 46 ┤ 0                                        
                   47 ┤■■■■■■■■■■■■■■■■■■■ 1                     
                   48 ┤ 0                                        
                   49 ┤ 0                                        
                   50 ┤ 0                                        
                   51 ┤ 0                                        
                   52 ┤ 0                                        
                   53 ┤ 0                                        
                   54 ┤ 0                                        
                   55 ┤■■■■■■■■■■■■■■■■■■■ 1                     
                   56 ┤ 0                                        
                   57 ┤ 0                                        
                   58 ┤■■■■■■■■■■■■■■■■■■■ 1                     
                   59 ┤■■■■■■■■■■■■■■■■■■■ 1                     
                   60 ┤■■■■■■■■■■■■■■■■■■■ 1                     
                      └                                        ┘ 
                                     num of slices               
[ Info: slicing branch with sc: 32.0
[ Info: cc.sc: 32.0
region size: 10
tbl0_rows:75 filtered_rows:75
QIP_gurobi_bound: solver finished in 1.147 s (time_limit=100.0 s, status=OPTIMAL)
[ Info: slice 1, lp_score: 5406.0, primal_bound: 5408.0
QIP_gurobi_bound: solver finished in 1.341 s (time_limit=100.0 s, status=OPTIMAL)
[ Info: slice 2, lp_score: 5408.0, primal_bound: 5408.0
[ Info: new_scs: [31]
[ Info: lp_scores: [5408.0]
[ Info: lp_scores: 5408.0
[ Info: current num of unfinished slices: 9, finished slices: 25
                      ┌                                        ┐ 
                   31 ┤■■■■■■■■■■■■■■■■■■■ 1                     
                   32 ┤ 0                                        
                   33 ┤ 0                                        
                   34 ┤ 0                                        
                   35 ┤ 0                                        
                   36 ┤ 0                                        
                   37 ┤■■■■■■■■■■■■■■■■■■■ 1                     
                   38 ┤ 0                                        
                   39 ┤ 0                                        
                   40 ┤ 0                                        
                   41 ┤■■■■■■■■■■■■■■■■■■■■■■■■■■■■■■■■■■■■■ 2   
                   42 ┤ 0                                        
                   43 ┤ 0                                        
                   44 ┤ 0                                        
   sc, target = 31 45 ┤ 0                                        
                   46 ┤ 0                                        
                   47 ┤■■■■■■■■■■■■■■■■■■■ 1                     
                   48 ┤ 0                                        
                   49 ┤ 0                                        
                   50 ┤ 0                                        
                   51 ┤ 0                                        
                   52 ┤ 0                                        
                   53 ┤ 0                                        
                   54 ┤ 0                                        
                   55 ┤■■■■■■■■■■■■■■■■■■■ 1                     
                   56 ┤ 0                                        
                   57 ┤ 0                                        
                   58 ┤■■■■■■■■■■■■■■■■■■■ 1                     
                   59 ┤■■■■■■■■■■■■■■■■■■■ 1                     
                   60 ┤■■■■■■■■■■■■■■■■■■■ 1                     
                      └                                        ┘ 
                                     num of slices               
[ Info: slicing branch with sc: 31.0
  [slice produced] sc=31.0 tc=43.86892081088798 nv=3547 ne=6918 r=47.5
QIP_value_gurobi: solver finished in 1.343 s (time_limit=604800.0 s, status=OPTIMAL)
[ Info: feasible solution: 5408.0, primal bound: 5408.0
[ Info: current num of unfinished slices: 8, finished slices: 26
                      ┌                                        ┐ 
                   37 ┤■■■■■■■■■■■■■■■■■■■ 1                     
                   38 ┤ 0                                        
                   39 ┤ 0                                        
                   40 ┤ 0                                        
                   41 ┤■■■■■■■■■■■■■■■■■■■■■■■■■■■■■■■■■■■■■ 2   
                   42 ┤ 0                                        
                   43 ┤ 0                                        
                   44 ┤ 0                                        
                   45 ┤ 0                                        
                   46 ┤ 0                                        
                   47 ┤■■■■■■■■■■■■■■■■■■■ 1                     
   sc, target = 31 48 ┤ 0                                        
                   49 ┤ 0                                        
                   50 ┤ 0                                        
                   51 ┤ 0                                        
                   52 ┤ 0                                        
                   53 ┤ 0                                        
                   54 ┤ 0                                        
                   55 ┤■■■■■■■■■■■■■■■■■■■ 1                     
                   56 ┤ 0                                        
                   57 ┤ 0                                        
                   58 ┤■■■■■■■■■■■■■■■■■■■ 1                     
                   59 ┤■■■■■■■■■■■■■■■■■■■ 1                     
                   60 ┤■■■■■■■■■■■■■■■■■■■ 1                     
                      └                                        ┘ 
                                     num of slices               
[ Info: slicing branch with sc: 37.0
[ Info: cc.sc: 37.0
region size: 10
tbl0_rows:54 filtered_rows:54
QIP_gurobi_bound: solver finished in 1.181 s (time_limit=100.0 s, status=OPTIMAL)
[ Info: slice 1, lp_score: 5408.0, primal_bound: 5408.0
QIP_gurobi_bound: solver finished in 1.289 s (time_limit=100.0 s, status=OPTIMAL)
[ Info: slice 2, lp_score: 5404.0, primal_bound: 5408.0
[ Info: new_scs: [36]
[ Info: lp_scores: [5408.0]
[ Info: lp_scores: 5408.0
[ Info: current num of unfinished slices: 8, finished slices: 26
                      ┌                                        ┐ 
                   36 ┤■■■■■■■■■■■■■■■■■■■ 1                     
                   37 ┤ 0                                        
                   38 ┤ 0                                        
                   39 ┤ 0                                        
                   40 ┤ 0                                        
                   41 ┤■■■■■■■■■■■■■■■■■■■■■■■■■■■■■■■■■■■■■ 2   
                   42 ┤ 0                                        
                   43 ┤ 0                                        
                   44 ┤ 0                                        
                   45 ┤ 0                                        
                   46 ┤ 0                                        
                   47 ┤■■■■■■■■■■■■■■■■■■■ 1                     
   sc, target = 31 48 ┤ 0                                        
                   49 ┤ 0                                        
                   50 ┤ 0                                        
                   51 ┤ 0                                        
                   52 ┤ 0                                        
                   53 ┤ 0                                        
                   54 ┤ 0                                        
                   55 ┤■■■■■■■■■■■■■■■■■■■ 1                     
                   56 ┤ 0                                        
                   57 ┤ 0                                        
                   58 ┤■■■■■■■■■■■■■■■■■■■ 1                     
                   59 ┤■■■■■■■■■■■■■■■■■■■ 1                     
                   60 ┤■■■■■■■■■■■■■■■■■■■ 1                     
                      └                                        ┘ 
                                     num of slices               
[ Info: slicing branch with sc: 36.0
[ Info: cc.sc: 36.0
region size: 10
tbl0_rows:68 filtered_rows:68
QIP_gurobi_bound: solver finished in 1.246 s (time_limit=100.0 s, status=OPTIMAL)
[ Info: slice 1, lp_score: 5407.0, primal_bound: 5408.0
QIP_gurobi_bound: solver finished in 1.252 s (time_limit=100.0 s, status=OPTIMAL)
[ Info: slice 2, lp_score: 5408.0, primal_bound: 5408.0
[ Info: new_scs: [35]
[ Info: lp_scores: [5408.0]
[ Info: lp_scores: 5408.0
[ Info: current num of unfinished slices: 8, finished slices: 26
                      ┌                                        ┐ 
                   35 ┤■■■■■■■■■■■■■■■■■■■ 1                     
                   36 ┤ 0                                        
                   37 ┤ 0                                        
                   38 ┤ 0                                        
                   39 ┤ 0                                        
                   40 ┤ 0                                        
                   41 ┤■■■■■■■■■■■■■■■■■■■■■■■■■■■■■■■■■■■■■ 2   
                   42 ┤ 0                                        
                   43 ┤ 0                                        
                   44 ┤ 0                                        
                   45 ┤ 0                                        
                   46 ┤ 0                                        
   sc, target = 31 47 ┤■■■■■■■■■■■■■■■■■■■ 1                     
                   48 ┤ 0                                        
                   49 ┤ 0                                        
                   50 ┤ 0                                        
                   51 ┤ 0                                        
                   52 ┤ 0                                        
                   53 ┤ 0                                        
                   54 ┤ 0                                        
                   55 ┤■■■■■■■■■■■■■■■■■■■ 1                     
                   56 ┤ 0                                        
                   57 ┤ 0                                        
                   58 ┤■■■■■■■■■■■■■■■■■■■ 1                     
                   59 ┤■■■■■■■■■■■■■■■■■■■ 1                     
                   60 ┤■■■■■■■■■■■■■■■■■■■ 1                     
                      └                                        ┘ 
                                     num of slices               
[ Info: slicing branch with sc: 35.0
[ Info: cc.sc: 35.0
region size: 10
tbl0_rows:45 filtered_rows:45
QIP_gurobi_bound: solver finished in 1.336 s (time_limit=100.0 s, status=OPTIMAL)
[ Info: slice 1, lp_score: 5407.0, primal_bound: 5408.0
QIP_gurobi_bound: solver finished in 1.355 s (time_limit=100.0 s, status=OPTIMAL)
[ Info: slice 2, lp_score: 5408.0, primal_bound: 5408.0
[ Info: new_scs: [35]
[ Info: lp_scores: [5408.0]
[ Info: lp_scores: 5408.0
[ Info: current num of unfinished slices: 8, finished slices: 26
                      ┌                                        ┐ 
                   35 ┤■■■■■■■■■■■■■■■■■■■ 1                     
                   36 ┤ 0                                        
                   37 ┤ 0                                        
                   38 ┤ 0                                        
                   39 ┤ 0                                        
                   40 ┤ 0                                        
                   41 ┤■■■■■■■■■■■■■■■■■■■■■■■■■■■■■■■■■■■■■ 2   
                   42 ┤ 0                                        
                   43 ┤ 0                                        
                   44 ┤ 0                                        
                   45 ┤ 0                                        
                   46 ┤ 0                                        
   sc, target = 31 47 ┤■■■■■■■■■■■■■■■■■■■ 1                     
                   48 ┤ 0                                        
                   49 ┤ 0                                        
                   50 ┤ 0                                        
                   51 ┤ 0                                        
                   52 ┤ 0                                        
                   53 ┤ 0                                        
                   54 ┤ 0                                        
                   55 ┤■■■■■■■■■■■■■■■■■■■ 1                     
                   56 ┤ 0                                        
                   57 ┤ 0                                        
                   58 ┤■■■■■■■■■■■■■■■■■■■ 1                     
                   59 ┤■■■■■■■■■■■■■■■■■■■ 1                     
                   60 ┤■■■■■■■■■■■■■■■■■■■ 1                     
                      └                                        ┘ 
                                     num of slices               
[ Info: slicing branch with sc: 35.0
[ Info: cc.sc: 35.0
region size: 10
tbl0_rows:25 filtered_rows:25
QIP_gurobi_bound: solver finished in 1.411 s (time_limit=100.0 s, status=OPTIMAL)
[ Info: slice 1, lp_score: 5408.0, primal_bound: 5408.0
QIP_gurobi_bound: solver finished in 1.73 s (time_limit=100.0 s, status=OPTIMAL)
[ Info: slice 2, lp_score: 5401.0, primal_bound: 5408.0
[ Info: new_scs: [35]
[ Info: lp_scores: [5408.0]
[ Info: lp_scores: 5408.0
[ Info: current num of unfinished slices: 8, finished slices: 26
                      ┌                                        ┐ 
                   35 ┤■■■■■■■■■■■■■■■■■■■ 1                     
                   36 ┤ 0                                        
                   37 ┤ 0                                        
                   38 ┤ 0                                        
                   39 ┤ 0                                        
                   40 ┤ 0                                        
                   41 ┤■■■■■■■■■■■■■■■■■■■■■■■■■■■■■■■■■■■■■ 2   
                   42 ┤ 0                                        
                   43 ┤ 0                                        
                   44 ┤ 0                                        
                   45 ┤ 0                                        
                   46 ┤ 0                                        
   sc, target = 31 47 ┤■■■■■■■■■■■■■■■■■■■ 1                     
                   48 ┤ 0                                        
                   49 ┤ 0                                        
                   50 ┤ 0                                        
                   51 ┤ 0                                        
                   52 ┤ 0                                        
                   53 ┤ 0                                        
                   54 ┤ 0                                        
                   55 ┤■■■■■■■■■■■■■■■■■■■ 1                     
                   56 ┤ 0                                        
                   57 ┤ 0                                        
                   58 ┤■■■■■■■■■■■■■■■■■■■ 1                     
                   59 ┤■■■■■■■■■■■■■■■■■■■ 1                     
                   60 ┤■■■■■■■■■■■■■■■■■■■ 1                     
                      └                                        ┘ 
                                     num of slices               
[ Info: slicing branch with sc: 35.0
[ Info: cc.sc: 35.0
region size: 10
tbl0_rows:32 filtered_rows:32
QIP_gurobi_bound: solver finished in 1.27 s (time_limit=100.0 s, status=OPTIMAL)
[ Info: slice 1, lp_score: 5407.0, primal_bound: 5408.0
QIP_gurobi_bound: solver finished in 1.28 s (time_limit=100.0 s, status=OPTIMAL)
[ Info: slice 2, lp_score: 5408.0, primal_bound: 5408.0
[ Info: new_scs: [35]
[ Info: lp_scores: [5408.0]
[ Info: lp_scores: 5408.0
[ Info: current num of unfinished slices: 8, finished slices: 26
                      ┌                                        ┐ 
                   35 ┤■■■■■■■■■■■■■■■■■■■ 1                     
                   36 ┤ 0                                        
                   37 ┤ 0                                        
                   38 ┤ 0                                        
                   39 ┤ 0                                        
                   40 ┤ 0                                        
                   41 ┤■■■■■■■■■■■■■■■■■■■■■■■■■■■■■■■■■■■■■ 2   
                   42 ┤ 0                                        
                   43 ┤ 0                                        
                   44 ┤ 0                                        
                   45 ┤ 0                                        
                   46 ┤ 0                                        
   sc, target = 31 47 ┤■■■■■■■■■■■■■■■■■■■ 1                     
                   48 ┤ 0                                        
                   49 ┤ 0                                        
                   50 ┤ 0                                        
                   51 ┤ 0                                        
                   52 ┤ 0                                        
                   53 ┤ 0                                        
                   54 ┤ 0                                        
                   55 ┤■■■■■■■■■■■■■■■■■■■ 1                     
                   56 ┤ 0                                        
                   57 ┤ 0                                        
                   58 ┤■■■■■■■■■■■■■■■■■■■ 1                     
                   59 ┤■■■■■■■■■■■■■■■■■■■ 1                     
                   60 ┤■■■■■■■■■■■■■■■■■■■ 1                     
                      └                                        ┘ 
                                     num of slices               
[ Info: slicing branch with sc: 35.0
[ Info: cc.sc: 35.0
region size: 10
tbl0_rows:51 filtered_rows:51
QIP_gurobi_bound: solver finished in 1.244 s (time_limit=100.0 s, status=OPTIMAL)
[ Info: slice 1, lp_score: 5408.0, primal_bound: 5408.0
QIP_gurobi_bound: solver finished in 1.279 s (time_limit=100.0 s, status=OPTIMAL)
[ Info: slice 2, lp_score: 5407.0, primal_bound: 5408.0
[ Info: new_scs: [34]
[ Info: lp_scores: [5408.0]
[ Info: lp_scores: 5408.0
[ Info: current num of unfinished slices: 8, finished slices: 26
                      ┌                                        ┐ 
                   34 ┤■■■■■■■■■■■■■■■■■■■ 1                     
                   35 ┤ 0                                        
                   36 ┤ 0                                        
                   37 ┤ 0                                        
                   38 ┤ 0                                        
                   39 ┤ 0                                        
                   40 ┤ 0                                        
                   41 ┤■■■■■■■■■■■■■■■■■■■■■■■■■■■■■■■■■■■■■ 2   
                   42 ┤ 0                                        
                   43 ┤ 0                                        
                   44 ┤ 0                                        
                   45 ┤ 0                                        
                   46 ┤ 0                                        
   sc, target = 31 47 ┤■■■■■■■■■■■■■■■■■■■ 1                     
                   48 ┤ 0                                        
                   49 ┤ 0                                        
                   50 ┤ 0                                        
                   51 ┤ 0                                        
                   52 ┤ 0                                        
                   53 ┤ 0                                        
                   54 ┤ 0                                        
                   55 ┤■■■■■■■■■■■■■■■■■■■ 1                     
                   56 ┤ 0                                        
                   57 ┤ 0                                        
                   58 ┤■■■■■■■■■■■■■■■■■■■ 1                     
                   59 ┤■■■■■■■■■■■■■■■■■■■ 1                     
                   60 ┤■■■■■■■■■■■■■■■■■■■ 1                     
                      └                                        ┘ 
                                     num of slices               
[ Info: slicing branch with sc: 34.0
[ Info: cc.sc: 34.0
region size: 10
tbl0_rows:17 filtered_rows:17
QIP_gurobi_bound: solver finished in 1.335 s (time_limit=100.0 s, status=OPTIMAL)
[ Info: slice 1, lp_score: 5408.0, primal_bound: 5408.0
QIP_gurobi_bound: solver finished in 1.367 s (time_limit=100.0 s, status=OPTIMAL)
[ Info: slice 2, lp_score: 5403.0, primal_bound: 5408.0
[ Info: new_scs: [34]
[ Info: lp_scores: [5408.0]
[ Info: lp_scores: 5408.0
[ Info: current num of unfinished slices: 8, finished slices: 26
                      ┌                                        ┐ 
                   34 ┤■■■■■■■■■■■■■■■■■■■ 1                     
                   35 ┤ 0                                        
                   36 ┤ 0                                        
                   37 ┤ 0                                        
                   38 ┤ 0                                        
                   39 ┤ 0                                        
                   40 ┤ 0                                        
                   41 ┤■■■■■■■■■■■■■■■■■■■■■■■■■■■■■■■■■■■■■ 2   
                   42 ┤ 0                                        
                   43 ┤ 0                                        
                   44 ┤ 0                                        
                   45 ┤ 0                                        
                   46 ┤ 0                                        
   sc, target = 31 47 ┤■■■■■■■■■■■■■■■■■■■ 1                     
                   48 ┤ 0                                        
                   49 ┤ 0                                        
                   50 ┤ 0                                        
                   51 ┤ 0                                        
                   52 ┤ 0                                        
                   53 ┤ 0                                        
                   54 ┤ 0                                        
                   55 ┤■■■■■■■■■■■■■■■■■■■ 1                     
                   56 ┤ 0                                        
                   57 ┤ 0                                        
                   58 ┤■■■■■■■■■■■■■■■■■■■ 1                     
                   59 ┤■■■■■■■■■■■■■■■■■■■ 1                     
                   60 ┤■■■■■■■■■■■■■■■■■■■ 1                     
                      └                                        ┘ 
                                     num of slices               
[ Info: slicing branch with sc: 34.0
[ Info: cc.sc: 34.0
region size: 10
tbl0_rows:28 filtered_rows:28
QIP_gurobi_bound: solver finished in 1.28 s (time_limit=100.0 s, status=OPTIMAL)
[ Info: slice 1, lp_score: 5408.0, primal_bound: 5408.0
QIP_gurobi_bound: solver finished in 1.316 s (time_limit=100.0 s, status=OPTIMAL)
[ Info: slice 2, lp_score: 5395.0, primal_bound: 5408.0
[ Info: new_scs: [33]
[ Info: lp_scores: [5408.0]
[ Info: lp_scores: 5408.0
[ Info: current num of unfinished slices: 8, finished slices: 26
                      ┌                                        ┐ 
                   33 ┤■■■■■■■■■■■■■■■■■■■ 1                     
                   34 ┤ 0                                        
                   35 ┤ 0                                        
                   36 ┤ 0                                        
                   37 ┤ 0                                        
                   38 ┤ 0                                        
                   39 ┤ 0                                        
                   40 ┤ 0                                        
                   41 ┤■■■■■■■■■■■■■■■■■■■■■■■■■■■■■■■■■■■■■ 2   
                   42 ┤ 0                                        
                   43 ┤ 0                                        
                   44 ┤ 0                                        
                   45 ┤ 0                                        
   sc, target = 31 46 ┤ 0                                        
                   47 ┤■■■■■■■■■■■■■■■■■■■ 1                     
                   48 ┤ 0                                        
                   49 ┤ 0                                        
                   50 ┤ 0                                        
                   51 ┤ 0                                        
                   52 ┤ 0                                        
                   53 ┤ 0                                        
                   54 ┤ 0                                        
                   55 ┤■■■■■■■■■■■■■■■■■■■ 1                     
                   56 ┤ 0                                        
                   57 ┤ 0                                        
                   58 ┤■■■■■■■■■■■■■■■■■■■ 1                     
                   59 ┤■■■■■■■■■■■■■■■■■■■ 1                     
                   60 ┤■■■■■■■■■■■■■■■■■■■ 1                     
                      └                                        ┘ 
                                     num of slices               
[ Info: slicing branch with sc: 33.0
[ Info: cc.sc: 33.0
region size: 10
tbl0_rows:58 filtered_rows:58
QIP_gurobi_bound: solver finished in 1.357 s (time_limit=100.0 s, status=OPTIMAL)
[ Info: slice 1, lp_score: 5405.0, primal_bound: 5408.0
QIP_gurobi_bound: solver finished in 1.334 s (time_limit=100.0 s, status=OPTIMAL)
[ Info: slice 2, lp_score: 5408.0, primal_bound: 5408.0
[ Info: new_scs: [33]
[ Info: lp_scores: [5408.0]
[ Info: lp_scores: 5408.0
[ Info: current num of unfinished slices: 8, finished slices: 26
                      ┌                                        ┐ 
                   33 ┤■■■■■■■■■■■■■■■■■■■ 1                     
                   34 ┤ 0                                        
                   35 ┤ 0                                        
                   36 ┤ 0                                        
                   37 ┤ 0                                        
                   38 ┤ 0                                        
                   39 ┤ 0                                        
                   40 ┤ 0                                        
                   41 ┤■■■■■■■■■■■■■■■■■■■■■■■■■■■■■■■■■■■■■ 2   
                   42 ┤ 0                                        
                   43 ┤ 0                                        
                   44 ┤ 0                                        
                   45 ┤ 0                                        
   sc, target = 31 46 ┤ 0                                        
                   47 ┤■■■■■■■■■■■■■■■■■■■ 1                     
                   48 ┤ 0                                        
                   49 ┤ 0                                        
                   50 ┤ 0                                        
                   51 ┤ 0                                        
                   52 ┤ 0                                        
                   53 ┤ 0                                        
                   54 ┤ 0                                        
                   55 ┤■■■■■■■■■■■■■■■■■■■ 1                     
                   56 ┤ 0                                        
                   57 ┤ 0                                        
                   58 ┤■■■■■■■■■■■■■■■■■■■ 1                     
                   59 ┤■■■■■■■■■■■■■■■■■■■ 1                     
                   60 ┤■■■■■■■■■■■■■■■■■■■ 1                     
                      └                                        ┘ 
                                     num of slices               
[ Info: slicing branch with sc: 33.0
[ Info: cc.sc: 33.0
region size: 10
tbl0_rows:73 filtered_rows:73
QIP_gurobi_bound: solver finished in 1.217 s (time_limit=100.0 s, status=OPTIMAL)
[ Info: slice 1, lp_score: 5408.0, primal_bound: 5408.0
QIP_gurobi_bound: solver finished in 1.318 s (time_limit=100.0 s, status=OPTIMAL)
[ Info: slice 2, lp_score: 5406.0, primal_bound: 5408.0
[ Info: new_scs: [32]
[ Info: lp_scores: [5408.0]
[ Info: lp_scores: 5408.0
[ Info: current num of unfinished slices: 8, finished slices: 26
                      ┌                                        ┐ 
                   32 ┤■■■■■■■■■■■■■■■■■■■ 1                     
                   33 ┤ 0                                        
                   34 ┤ 0                                        
                   35 ┤ 0                                        
                   36 ┤ 0                                        
                   37 ┤ 0                                        
                   38 ┤ 0                                        
                   39 ┤ 0                                        
                   40 ┤ 0                                        
                   41 ┤■■■■■■■■■■■■■■■■■■■■■■■■■■■■■■■■■■■■■ 2   
                   42 ┤ 0                                        
                   43 ┤ 0                                        
                   44 ┤ 0                                        
                   45 ┤ 0                                        
   sc, target = 31 46 ┤ 0                                        
                   47 ┤■■■■■■■■■■■■■■■■■■■ 1                     
                   48 ┤ 0                                        
                   49 ┤ 0                                        
                   50 ┤ 0                                        
                   51 ┤ 0                                        
                   52 ┤ 0                                        
                   53 ┤ 0                                        
                   54 ┤ 0                                        
                   55 ┤■■■■■■■■■■■■■■■■■■■ 1                     
                   56 ┤ 0                                        
                   57 ┤ 0                                        
                   58 ┤■■■■■■■■■■■■■■■■■■■ 1                     
                   59 ┤■■■■■■■■■■■■■■■■■■■ 1                     
                   60 ┤■■■■■■■■■■■■■■■■■■■ 1                     
                      └                                        ┘ 
                                     num of slices               
[ Info: slicing branch with sc: 32.0
[ Info: cc.sc: 32.0
region size: 10
tbl0_rows:27 filtered_rows:27
QIP_gurobi_bound: solver finished in 1.299 s (time_limit=100.0 s, status=OPTIMAL)
[ Info: slice 1, lp_score: 5408.0, primal_bound: 5408.0
QIP_gurobi_bound: solver finished in 1.342 s (time_limit=100.0 s, status=OPTIMAL)
[ Info: slice 2, lp_score: 5404.0, primal_bound: 5408.0
[ Info: new_scs: [32]
[ Info: lp_scores: [5408.0]
[ Info: lp_scores: 5408.0
[ Info: current num of unfinished slices: 8, finished slices: 26
                      ┌                                        ┐ 
                   32 ┤■■■■■■■■■■■■■■■■■■■ 1                     
                   33 ┤ 0                                        
                   34 ┤ 0                                        
                   35 ┤ 0                                        
                   36 ┤ 0                                        
                   37 ┤ 0                                        
                   38 ┤ 0                                        
                   39 ┤ 0                                        
                   40 ┤ 0                                        
                   41 ┤■■■■■■■■■■■■■■■■■■■■■■■■■■■■■■■■■■■■■ 2   
                   42 ┤ 0                                        
                   43 ┤ 0                                        
                   44 ┤ 0                                        
                   45 ┤ 0                                        
   sc, target = 31 46 ┤ 0                                        
                   47 ┤■■■■■■■■■■■■■■■■■■■ 1                     
                   48 ┤ 0                                        
                   49 ┤ 0                                        
                   50 ┤ 0                                        
                   51 ┤ 0                                        
                   52 ┤ 0                                        
                   53 ┤ 0                                        
                   54 ┤ 0                                        
                   55 ┤■■■■■■■■■■■■■■■■■■■ 1                     
                   56 ┤ 0                                        
                   57 ┤ 0                                        
                   58 ┤■■■■■■■■■■■■■■■■■■■ 1                     
                   59 ┤■■■■■■■■■■■■■■■■■■■ 1                     
                   60 ┤■■■■■■■■■■■■■■■■■■■ 1                     
                      └                                        ┘ 
                                     num of slices               
[ Info: slicing branch with sc: 32.0
[ Info: cc.sc: 32.0
region size: 10
tbl0_rows:57 filtered_rows:57
QIP_gurobi_bound: solver finished in 1.299 s (time_limit=100.0 s, status=OPTIMAL)
[ Info: slice 1, lp_score: 5408.0, primal_bound: 5408.0
QIP_gurobi_bound: solver finished in 1.116 s (time_limit=100.0 s, status=OPTIMAL)
[ Info: slice 2, lp_score: 5405.0, primal_bound: 5408.0
[ Info: new_scs: [31]
[ Info: lp_scores: [5408.0]
[ Info: lp_scores: 5408.0
[ Info: current num of unfinished slices: 8, finished slices: 26
                      ┌                                        ┐ 
                   31 ┤■■■■■■■■■■■■■■■■■■■ 1                     
                   32 ┤ 0                                        
                   33 ┤ 0                                        
                   34 ┤ 0                                        
                   35 ┤ 0                                        
                   36 ┤ 0                                        
                   37 ┤ 0                                        
                   38 ┤ 0                                        
                   39 ┤ 0                                        
                   40 ┤ 0                                        
                   41 ┤■■■■■■■■■■■■■■■■■■■■■■■■■■■■■■■■■■■■■ 2   
                   42 ┤ 0                                        
                   43 ┤ 0                                        
                   44 ┤ 0                                        
   sc, target = 31 45 ┤ 0                                        
                   46 ┤ 0                                        
                   47 ┤■■■■■■■■■■■■■■■■■■■ 1                     
                   48 ┤ 0                                        
                   49 ┤ 0                                        
                   50 ┤ 0                                        
                   51 ┤ 0                                        
                   52 ┤ 0                                        
                   53 ┤ 0                                        
                   54 ┤ 0                                        
                   55 ┤■■■■■■■■■■■■■■■■■■■ 1                     
                   56 ┤ 0                                        
                   57 ┤ 0                                        
                   58 ┤■■■■■■■■■■■■■■■■■■■ 1                     
                   59 ┤■■■■■■■■■■■■■■■■■■■ 1                     
                   60 ┤■■■■■■■■■■■■■■■■■■■ 1                     
                      └                                        ┘ 
                                     num of slices               
[ Info: slicing branch with sc: 31.0
  [slice produced] sc=31.0 tc=44.76480179476534 nv=3543 ne=6904 r=50.5
QIP_value_gurobi: solver finished in 1.263 s (time_limit=604800.0 s, status=OPTIMAL)
[ Info: feasible solution: 5408.0, primal bound: 5408.0
[ Info: current num of unfinished slices: 7, finished slices: 27
                      ┌                                        ┐ 
                   41 ┤■■■■■■■■■■■■■■■■■■■■■■■■■■■■■■■■■■■■■ 2   
                   42 ┤ 0                                        
                   43 ┤ 0                                        
                   44 ┤ 0                                        
                   45 ┤ 0                                        
                   46 ┤ 0                                        
                   47 ┤■■■■■■■■■■■■■■■■■■■ 1                     
                   48 ┤ 0                                        
                   49 ┤ 0                                        
   sc, target = 31 50 ┤ 0                                        
                   51 ┤ 0                                        
                   52 ┤ 0                                        
                   53 ┤ 0                                        
                   54 ┤ 0                                        
                   55 ┤■■■■■■■■■■■■■■■■■■■ 1                     
                   56 ┤ 0                                        
                   57 ┤ 0                                        
                   58 ┤■■■■■■■■■■■■■■■■■■■ 1                     
                   59 ┤■■■■■■■■■■■■■■■■■■■ 1                     
                   60 ┤■■■■■■■■■■■■■■■■■■■ 1                     
                      └                                        ┘ 
                                     num of slices               
[ Info: slicing branch with sc: 41.0
[ Info: cc.sc: 41.0
region size: 10
tbl0_rows:44 filtered_rows:44
QIP_gurobi_bound: solver finished in 4.269 s (time_limit=100.0 s, status=OPTIMAL)
[ Info: slice 1, lp_score: 5408.0, primal_bound: 5408.0
QIP_gurobi_bound: solver finished in 1.371 s (time_limit=100.0 s, status=OPTIMAL)
[ Info: slice 2, lp_score: 5403.0, primal_bound: 5408.0
[ Info: new_scs: [40]
[ Info: lp_scores: [5408.0]
[ Info: lp_scores: 5408.0
[ Info: current num of unfinished slices: 7, finished slices: 27
                      ┌                                        ┐ 
                   40 ┤■■■■■■■■■■■■■■■■■■■■■■■■■■■■■■■■■■■■■ 1   
                   41 ┤■■■■■■■■■■■■■■■■■■■■■■■■■■■■■■■■■■■■■ 1   
                   42 ┤ 0                                        
                   43 ┤ 0                                        
                   44 ┤ 0                                        
                   45 ┤ 0                                        
                   46 ┤ 0                                        
                   47 ┤■■■■■■■■■■■■■■■■■■■■■■■■■■■■■■■■■■■■■ 1   
                   48 ┤ 0                                        
                   49 ┤ 0                                        
   sc, target = 31 50 ┤ 0                                        
                   51 ┤ 0                                        
                   52 ┤ 0                                        
                   53 ┤ 0                                        
                   54 ┤ 0                                        
                   55 ┤■■■■■■■■■■■■■■■■■■■■■■■■■■■■■■■■■■■■■ 1   
                   56 ┤ 0                                        
                   57 ┤ 0                                        
                   58 ┤■■■■■■■■■■■■■■■■■■■■■■■■■■■■■■■■■■■■■ 1   
                   59 ┤■■■■■■■■■■■■■■■■■■■■■■■■■■■■■■■■■■■■■ 1   
                   60 ┤■■■■■■■■■■■■■■■■■■■■■■■■■■■■■■■■■■■■■ 1   
                      └                                        ┘ 
                                     num of slices               
[ Info: slicing branch with sc: 40.0
[ Info: cc.sc: 40.0
region size: 10
tbl0_rows:49 filtered_rows:49
QIP_gurobi_bound: solver finished in 1.25 s (time_limit=100.0 s, status=OPTIMAL)
[ Info: slice 1, lp_score: 5408.0, primal_bound: 5408.0
QIP_gurobi_bound: solver finished in 1.289 s (time_limit=100.0 s, status=OPTIMAL)
[ Info: slice 2, lp_score: 5408.0, primal_bound: 5408.0
[ Info: new_scs: [39, 39]
[ Info: lp_scores: [5408.0, 5408.0]
[ Info: lp_scores: 5408.0
[ Info: lp_scores: 5408.0
[ Info: current num of unfinished slices: 8, finished slices: 27
                      ┌                                        ┐ 
                   39 ┤■■■■■■■■■■■■■■■■■■■■■■■■■■■■■■■■■■■■■ 2   
                   40 ┤ 0                                        
                   41 ┤■■■■■■■■■■■■■■■■■■■ 1                     
                   42 ┤ 0                                        
                   43 ┤ 0                                        
                   44 ┤ 0                                        
                   45 ┤ 0                                        
                   46 ┤ 0                                        
                   47 ┤■■■■■■■■■■■■■■■■■■■ 1                     
                   48 ┤ 0                                        
   sc, target = 31 49 ┤ 0                                        
                   50 ┤ 0                                        
                   51 ┤ 0                                        
                   52 ┤ 0                                        
                   53 ┤ 0                                        
                   54 ┤ 0                                        
                   55 ┤■■■■■■■■■■■■■■■■■■■ 1                     
                   56 ┤ 0                                        
                   57 ┤ 0                                        
                   58 ┤■■■■■■■■■■■■■■■■■■■ 1                     
                   59 ┤■■■■■■■■■■■■■■■■■■■ 1                     
                   60 ┤■■■■■■■■■■■■■■■■■■■ 1                     
                      └                                        ┘ 
                                     num of slices               
[ Info: slicing branch with sc: 39.0
[ Info: cc.sc: 39.0
region size: 10
tbl0_rows:31 filtered_rows:31
QIP_gurobi_bound: solver finished in 1.295 s (time_limit=100.0 s, status=OPTIMAL)
[ Info: slice 1, lp_score: 5401.0, primal_bound: 5408.0
QIP_gurobi_bound: solver finished in 1.422 s (time_limit=100.0 s, status=OPTIMAL)
[ Info: slice 2, lp_score: 5408.0, primal_bound: 5408.0
[ Info: new_scs: [38]
[ Info: lp_scores: [5408.0]
[ Info: lp_scores: 5408.0
[ Info: current num of unfinished slices: 8, finished slices: 27
                      ┌                                        ┐ 
                   38 ┤■■■■■■■■■■■■■■■■■■■■■■■■■■■■■■■■■■■■■ 1   
                   39 ┤■■■■■■■■■■■■■■■■■■■■■■■■■■■■■■■■■■■■■ 1   
                   40 ┤ 0                                        
                   41 ┤■■■■■■■■■■■■■■■■■■■■■■■■■■■■■■■■■■■■■ 1   
                   42 ┤ 0                                        
                   43 ┤ 0                                        
                   44 ┤ 0                                        
                   45 ┤ 0                                        
                   46 ┤ 0                                        
                   47 ┤■■■■■■■■■■■■■■■■■■■■■■■■■■■■■■■■■■■■■ 1   
                   48 ┤ 0                                        
   sc, target = 31 49 ┤ 0                                        
                   50 ┤ 0                                        
                   51 ┤ 0                                        
                   52 ┤ 0                                        
                   53 ┤ 0                                        
                   54 ┤ 0                                        
                   55 ┤■■■■■■■■■■■■■■■■■■■■■■■■■■■■■■■■■■■■■ 1   
                   56 ┤ 0                                        
                   57 ┤ 0                                        
                   58 ┤■■■■■■■■■■■■■■■■■■■■■■■■■■■■■■■■■■■■■ 1   
                   59 ┤■■■■■■■■■■■■■■■■■■■■■■■■■■■■■■■■■■■■■ 1   
                   60 ┤■■■■■■■■■■■■■■■■■■■■■■■■■■■■■■■■■■■■■ 1   
                      └                                        ┘ 
                                     num of slices               
[ Info: slicing branch with sc: 38.0
[ Info: cc.sc: 38.0
region size: 10
tbl0_rows:26 filtered_rows:26
QIP_gurobi_bound: solver finished in 1.333 s (time_limit=100.0 s, status=OPTIMAL)
[ Info: slice 1, lp_score: 5397.0, primal_bound: 5408.0
QIP_gurobi_bound: solver finished in 1.744 s (time_limit=100.0 s, status=OPTIMAL)
[ Info: slice 2, lp_score: 5408.0, primal_bound: 5408.0
[ Info: new_scs: [38]
[ Info: lp_scores: [5408.0]
[ Info: lp_scores: 5408.0
[ Info: current num of unfinished slices: 8, finished slices: 27
                      ┌                                        ┐ 
                   38 ┤■■■■■■■■■■■■■■■■■■■■■■■■■■■■■■■■■■■■■ 1   
                   39 ┤■■■■■■■■■■■■■■■■■■■■■■■■■■■■■■■■■■■■■ 1   
                   40 ┤ 0                                        
                   41 ┤■■■■■■■■■■■■■■■■■■■■■■■■■■■■■■■■■■■■■ 1   
                   42 ┤ 0                                        
                   43 ┤ 0                                        
                   44 ┤ 0                                        
                   45 ┤ 0                                        
                   46 ┤ 0                                        
                   47 ┤■■■■■■■■■■■■■■■■■■■■■■■■■■■■■■■■■■■■■ 1   
                   48 ┤ 0                                        
   sc, target = 31 49 ┤ 0                                        
                   50 ┤ 0                                        
                   51 ┤ 0                                        
                   52 ┤ 0                                        
                   53 ┤ 0                                        
                   54 ┤ 0                                        
                   55 ┤■■■■■■■■■■■■■■■■■■■■■■■■■■■■■■■■■■■■■ 1   
                   56 ┤ 0                                        
                   57 ┤ 0                                        
                   58 ┤■■■■■■■■■■■■■■■■■■■■■■■■■■■■■■■■■■■■■ 1   
                   59 ┤■■■■■■■■■■■■■■■■■■■■■■■■■■■■■■■■■■■■■ 1   
                   60 ┤■■■■■■■■■■■■■■■■■■■■■■■■■■■■■■■■■■■■■ 1   
                      └                                        ┘ 
                                     num of slices               
[ Info: slicing branch with sc: 38.0
[ Info: cc.sc: 38.0
region size: 10
tbl0_rows:54 filtered_rows:54
QIP_gurobi_bound: solver finished in 1.272 s (time_limit=100.0 s, status=OPTIMAL)
[ Info: slice 1, lp_score: 5408.0, primal_bound: 5408.0
QIP_gurobi_bound: solver finished in 1.331 s (time_limit=100.0 s, status=OPTIMAL)
[ Info: slice 2, lp_score: 5407.0, primal_bound: 5408.0
[ Info: new_scs: [36]
[ Info: lp_scores: [5408.0]
[ Info: lp_scores: 5408.0
[ Info: current num of unfinished slices: 8, finished slices: 27
                      ┌                                        ┐ 
                   36 ┤■■■■■■■■■■■■■■■■■■■■■■■■■■■■■■■■■■■■■ 1   
                   37 ┤ 0                                        
                   38 ┤ 0                                        
                   39 ┤■■■■■■■■■■■■■■■■■■■■■■■■■■■■■■■■■■■■■ 1   
                   40 ┤ 0                                        
                   41 ┤■■■■■■■■■■■■■■■■■■■■■■■■■■■■■■■■■■■■■ 1   
                   42 ┤ 0                                        
                   43 ┤ 0                                        
                   44 ┤ 0                                        
                   45 ┤ 0                                        
                   46 ┤ 0                                        
                   47 ┤■■■■■■■■■■■■■■■■■■■■■■■■■■■■■■■■■■■■■ 1   
   sc, target = 31 48 ┤ 0                                        
                   49 ┤ 0                                        
                   50 ┤ 0                                        
                   51 ┤ 0                                        
                   52 ┤ 0                                        
                   53 ┤ 0                                        
                   54 ┤ 0                                        
                   55 ┤■■■■■■■■■■■■■■■■■■■■■■■■■■■■■■■■■■■■■ 1   
                   56 ┤ 0                                        
                   57 ┤ 0                                        
                   58 ┤■■■■■■■■■■■■■■■■■■■■■■■■■■■■■■■■■■■■■ 1   
                   59 ┤■■■■■■■■■■■■■■■■■■■■■■■■■■■■■■■■■■■■■ 1   
                   60 ┤■■■■■■■■■■■■■■■■■■■■■■■■■■■■■■■■■■■■■ 1   
                      └                                        ┘ 
                                     num of slices               
[ Info: slicing branch with sc: 36.0
[ Info: cc.sc: 36.0
region size: 10
tbl0_rows:68 filtered_rows:68
QIP_gurobi_bound: solver finished in 1.38 s (time_limit=100.0 s, status=OPTIMAL)
[ Info: slice 1, lp_score: 5408.0, primal_bound: 5408.0
QIP_gurobi_bound: solver finished in 1.374 s (time_limit=100.0 s, status=OPTIMAL)
[ Info: slice 2, lp_score: 5407.0, primal_bound: 5408.0
[ Info: new_scs: [35]
[ Info: lp_scores: [5408.0]
[ Info: lp_scores: 5408.0
[ Info: current num of unfinished slices: 8, finished slices: 27
                      ┌                                        ┐ 
                   35 ┤■■■■■■■■■■■■■■■■■■■■■■■■■■■■■■■■■■■■■ 1   
                   36 ┤ 0                                        
                   37 ┤ 0                                        
                   38 ┤ 0                                        
                   39 ┤■■■■■■■■■■■■■■■■■■■■■■■■■■■■■■■■■■■■■ 1   
                   40 ┤ 0                                        
                   41 ┤■■■■■■■■■■■■■■■■■■■■■■■■■■■■■■■■■■■■■ 1   
                   42 ┤ 0                                        
                   43 ┤ 0                                        
                   44 ┤ 0                                        
                   45 ┤ 0                                        
                   46 ┤ 0                                        
   sc, target = 31 47 ┤■■■■■■■■■■■■■■■■■■■■■■■■■■■■■■■■■■■■■ 1   
                   48 ┤ 0                                        
                   49 ┤ 0                                        
                   50 ┤ 0                                        
                   51 ┤ 0                                        
                   52 ┤ 0                                        
                   53 ┤ 0                                        
                   54 ┤ 0                                        
                   55 ┤■■■■■■■■■■■■■■■■■■■■■■■■■■■■■■■■■■■■■ 1   
                   56 ┤ 0                                        
                   57 ┤ 0                                        
                   58 ┤■■■■■■■■■■■■■■■■■■■■■■■■■■■■■■■■■■■■■ 1   
                   59 ┤■■■■■■■■■■■■■■■■■■■■■■■■■■■■■■■■■■■■■ 1   
                   60 ┤■■■■■■■■■■■■■■■■■■■■■■■■■■■■■■■■■■■■■ 1   
                      └                                        ┘ 
                                     num of slices               
[ Info: slicing branch with sc: 35.0
[ Info: cc.sc: 35.0
region size: 10
tbl0_rows:31 filtered_rows:31
QIP_gurobi_bound: solver finished in 1.364 s (time_limit=100.0 s, status=OPTIMAL)
[ Info: slice 1, lp_score: 5408.0, primal_bound: 5408.0
QIP_gurobi_bound: solver finished in 1.366 s (time_limit=100.0 s, status=OPTIMAL)
[ Info: slice 2, lp_score: 5408.0, primal_bound: 5408.0
[ Info: new_scs: [35, 35]
[ Info: lp_scores: [5408.0, 5408.0]
[ Info: lp_scores: 5408.0
[ Info: lp_scores: 5408.0
[ Info: current num of unfinished slices: 9, finished slices: 27
                      ┌                                        ┐ 
                   35 ┤■■■■■■■■■■■■■■■■■■■■■■■■■■■■■■■■■■■■■ 2   
                   36 ┤ 0                                        
                   37 ┤ 0                                        
                   38 ┤ 0                                        
                   39 ┤■■■■■■■■■■■■■■■■■■■ 1                     
                   40 ┤ 0                                        
                   41 ┤■■■■■■■■■■■■■■■■■■■ 1                     
                   42 ┤ 0                                        
                   43 ┤ 0                                        
                   44 ┤ 0                                        
                   45 ┤ 0                                        
                   46 ┤ 0                                        
   sc, target = 31 47 ┤■■■■■■■■■■■■■■■■■■■ 1                     
                   48 ┤ 0                                        
                   49 ┤ 0                                        
                   50 ┤ 0                                        
                   51 ┤ 0                                        
                   52 ┤ 0                                        
                   53 ┤ 0                                        
                   54 ┤ 0                                        
                   55 ┤■■■■■■■■■■■■■■■■■■■ 1                     
                   56 ┤ 0                                        
                   57 ┤ 0                                        
                   58 ┤■■■■■■■■■■■■■■■■■■■ 1                     
                   59 ┤■■■■■■■■■■■■■■■■■■■ 1                     
                   60 ┤■■■■■■■■■■■■■■■■■■■ 1                     
                      └                                        ┘ 
                                     num of slices               
[ Info: slicing branch with sc: 35.0
[ Info: cc.sc: 35.0
region size: 10
tbl0_rows:77 filtered_rows:77
QIP_gurobi_bound: solver finished in 5.466 s (time_limit=100.0 s, status=OPTIMAL)
[ Info: slice 1, lp_score: 5405.0, primal_bound: 5408.0
QIP_gurobi_bound: solver finished in 1.348 s (time_limit=100.0 s, status=OPTIMAL)
[ Info: slice 2, lp_score: 5408.0, primal_bound: 5408.0
[ Info: new_scs: [35]
[ Info: lp_scores: [5408.0]
[ Info: lp_scores: 5408.0
[ Info: current num of unfinished slices: 9, finished slices: 27
                      ┌                                        ┐ 
                   35 ┤■■■■■■■■■■■■■■■■■■■■■■■■■■■■■■■■■■■■■ 2   
                   36 ┤ 0                                        
                   37 ┤ 0                                        
                   38 ┤ 0                                        
                   39 ┤■■■■■■■■■■■■■■■■■■■ 1                     
                   40 ┤ 0                                        
                   41 ┤■■■■■■■■■■■■■■■■■■■ 1                     
                   42 ┤ 0                                        
                   43 ┤ 0                                        
                   44 ┤ 0                                        
                   45 ┤ 0                                        
                   46 ┤ 0                                        
   sc, target = 31 47 ┤■■■■■■■■■■■■■■■■■■■ 1                     
                   48 ┤ 0                                        
                   49 ┤ 0                                        
                   50 ┤ 0                                        
                   51 ┤ 0                                        
                   52 ┤ 0                                        
                   53 ┤ 0                                        
                   54 ┤ 0                                        
                   55 ┤■■■■■■■■■■■■■■■■■■■ 1                     
                   56 ┤ 0                                        
                   57 ┤ 0                                        
                   58 ┤■■■■■■■■■■■■■■■■■■■ 1                     
                   59 ┤■■■■■■■■■■■■■■■■■■■ 1                     
                   60 ┤■■■■■■■■■■■■■■■■■■■ 1                     
                      └                                        ┘ 
                                     num of slices               
[ Info: slicing branch with sc: 35.0
[ Info: cc.sc: 35.0
region size: 10
tbl0_rows:56 filtered_rows:56
QIP_gurobi_bound: solver finished in 1.238 s (time_limit=100.0 s, status=OPTIMAL)
[ Info: slice 1, lp_score: 5408.0, primal_bound: 5408.0
QIP_gurobi_bound: solver finished in 1.254 s (time_limit=100.0 s, status=OPTIMAL)
[ Info: slice 2, lp_score: 5408.0, primal_bound: 5408.0
[ Info: new_scs: [34, 34]
[ Info: lp_scores: [5408.0, 5408.0]
[ Info: lp_scores: 5408.0
[ Info: lp_scores: 5408.0
[ Info: current num of unfinished slices: 10, finished slices: 27
                      ┌                                        ┐ 
                   34 ┤■■■■■■■■■■■■■■■■■■■■■■■■■■■■■■■■■■■■■ 2   
                   35 ┤■■■■■■■■■■■■■■■■■■■ 1                     
                   36 ┤ 0                                        
                   37 ┤ 0                                        
                   38 ┤ 0                                        
                   39 ┤■■■■■■■■■■■■■■■■■■■ 1                     
                   40 ┤ 0                                        
                   41 ┤■■■■■■■■■■■■■■■■■■■ 1                     
                   42 ┤ 0                                        
                   43 ┤ 0                                        
                   44 ┤ 0                                        
                   45 ┤ 0                                        
                   46 ┤ 0                                        
   sc, target = 31 47 ┤■■■■■■■■■■■■■■■■■■■ 1                     
                   48 ┤ 0                                        
                   49 ┤ 0                                        
                   50 ┤ 0                                        
                   51 ┤ 0                                        
                   52 ┤ 0                                        
                   53 ┤ 0                                        
                   54 ┤ 0                                        
                   55 ┤■■■■■■■■■■■■■■■■■■■ 1                     
                   56 ┤ 0                                        
                   57 ┤ 0                                        
                   58 ┤■■■■■■■■■■■■■■■■■■■ 1                     
                   59 ┤■■■■■■■■■■■■■■■■■■■ 1                     
                   60 ┤■■■■■■■■■■■■■■■■■■■ 1                     
                      └                                        ┘ 
                                     num of slices               
[ Info: slicing branch with sc: 34.0
[ Info: cc.sc: 34.0
region size: 10
tbl0_rows:39 filtered_rows:39
QIP_gurobi_bound: solver finished in 1.266 s (time_limit=100.0 s, status=OPTIMAL)
[ Info: slice 1, lp_score: 5408.0, primal_bound: 5408.0
QIP_gurobi_bound: solver finished in 1.365 s (time_limit=100.0 s, status=OPTIMAL)
[ Info: slice 2, lp_score: 5405.0, primal_bound: 5408.0
[ Info: new_scs: [33]
[ Info: lp_scores: [5408.0]
[ Info: lp_scores: 5408.0
[ Info: current num of unfinished slices: 10, finished slices: 27
                      ┌                                        ┐ 
                   33 ┤■■■■■■■■■■■■■■■■■■■■■■■■■■■■■■■■■■■■■ 1   
                   34 ┤■■■■■■■■■■■■■■■■■■■■■■■■■■■■■■■■■■■■■ 1   
                   35 ┤■■■■■■■■■■■■■■■■■■■■■■■■■■■■■■■■■■■■■ 1   
                   36 ┤ 0                                        
                   37 ┤ 0                                        
                   38 ┤ 0                                        
                   39 ┤■■■■■■■■■■■■■■■■■■■■■■■■■■■■■■■■■■■■■ 1   
                   40 ┤ 0                                        
                   41 ┤■■■■■■■■■■■■■■■■■■■■■■■■■■■■■■■■■■■■■ 1   
                   42 ┤ 0                                        
                   43 ┤ 0                                        
                   44 ┤ 0                                        
                   45 ┤ 0                                        
   sc, target = 31 46 ┤ 0                                        
                   47 ┤■■■■■■■■■■■■■■■■■■■■■■■■■■■■■■■■■■■■■ 1   
                   48 ┤ 0                                        
                   49 ┤ 0                                        
                   50 ┤ 0                                        
                   51 ┤ 0                                        
                   52 ┤ 0                                        
                   53 ┤ 0                                        
                   54 ┤ 0                                        
                   55 ┤■■■■■■■■■■■■■■■■■■■■■■■■■■■■■■■■■■■■■ 1   
                   56 ┤ 0                                        
                   57 ┤ 0                                        
                   58 ┤■■■■■■■■■■■■■■■■■■■■■■■■■■■■■■■■■■■■■ 1   
                   59 ┤■■■■■■■■■■■■■■■■■■■■■■■■■■■■■■■■■■■■■ 1   
                   60 ┤■■■■■■■■■■■■■■■■■■■■■■■■■■■■■■■■■■■■■ 1   
                      └                                        ┘ 
                                     num of slices               
[ Info: slicing branch with sc: 33.0
[ Info: cc.sc: 33.0
region size: 10
tbl0_rows:46 filtered_rows:46
QIP_gurobi_bound: solver finished in 1.307 s (time_limit=100.0 s, status=OPTIMAL)
[ Info: slice 1, lp_score: 5408.0, primal_bound: 5408.0
QIP_gurobi_bound: solver finished in 1.264 s (time_limit=100.0 s, status=OPTIMAL)
[ Info: slice 2, lp_score: 5405.0, primal_bound: 5408.0
[ Info: new_scs: [33]
[ Info: lp_scores: [5408.0]
[ Info: lp_scores: 5408.0
[ Info: current num of unfinished slices: 10, finished slices: 27
                      ┌                                        ┐ 
                   33 ┤■■■■■■■■■■■■■■■■■■■■■■■■■■■■■■■■■■■■■ 1   
                   34 ┤■■■■■■■■■■■■■■■■■■■■■■■■■■■■■■■■■■■■■ 1   
                   35 ┤■■■■■■■■■■■■■■■■■■■■■■■■■■■■■■■■■■■■■ 1   
                   36 ┤ 0                                        
                   37 ┤ 0                                        
                   38 ┤ 0                                        
                   39 ┤■■■■■■■■■■■■■■■■■■■■■■■■■■■■■■■■■■■■■ 1   
                   40 ┤ 0                                        
                   41 ┤■■■■■■■■■■■■■■■■■■■■■■■■■■■■■■■■■■■■■ 1   
                   42 ┤ 0                                        
                   43 ┤ 0                                        
                   44 ┤ 0                                        
                   45 ┤ 0                                        
   sc, target = 31 46 ┤ 0                                        
                   47 ┤■■■■■■■■■■■■■■■■■■■■■■■■■■■■■■■■■■■■■ 1   
                   48 ┤ 0                                        
                   49 ┤ 0                                        
                   50 ┤ 0                                        
                   51 ┤ 0                                        
                   52 ┤ 0                                        
                   53 ┤ 0                                        
                   54 ┤ 0                                        
                   55 ┤■■■■■■■■■■■■■■■■■■■■■■■■■■■■■■■■■■■■■ 1   
                   56 ┤ 0                                        
                   57 ┤ 0                                        
                   58 ┤■■■■■■■■■■■■■■■■■■■■■■■■■■■■■■■■■■■■■ 1   
                   59 ┤■■■■■■■■■■■■■■■■■■■■■■■■■■■■■■■■■■■■■ 1   
                   60 ┤■■■■■■■■■■■■■■■■■■■■■■■■■■■■■■■■■■■■■ 1   
                      └                                        ┘ 
                                     num of slices               
[ Info: slicing branch with sc: 33.0
[ Info: cc.sc: 33.0
region size: 10
tbl0_rows:72 filtered_rows:72
QIP_gurobi_bound: solver finished in 1.388 s (time_limit=100.0 s, status=OPTIMAL)
[ Info: slice 1, lp_score: 5408.0, primal_bound: 5408.0
QIP_gurobi_bound: solver finished in 1.472 s (time_limit=100.0 s, status=OPTIMAL)
[ Info: slice 2, lp_score: 5405.0, primal_bound: 5408.0
[ Info: new_scs: [32]
[ Info: lp_scores: [5408.0]
[ Info: lp_scores: 5408.0
[ Info: current num of unfinished slices: 10, finished slices: 27
                      ┌                                        ┐ 
                   32 ┤■■■■■■■■■■■■■■■■■■■■■■■■■■■■■■■■■■■■■ 1   
                   33 ┤ 0                                        
                   34 ┤■■■■■■■■■■■■■■■■■■■■■■■■■■■■■■■■■■■■■ 1   
                   35 ┤■■■■■■■■■■■■■■■■■■■■■■■■■■■■■■■■■■■■■ 1   
                   36 ┤ 0                                        
                   37 ┤ 0                                        
                   38 ┤ 0                                        
                   39 ┤■■■■■■■■■■■■■■■■■■■■■■■■■■■■■■■■■■■■■ 1   
                   40 ┤ 0                                        
                   41 ┤■■■■■■■■■■■■■■■■■■■■■■■■■■■■■■■■■■■■■ 1   
                   42 ┤ 0                                        
                   43 ┤ 0                                        
                   44 ┤ 0                                        
                   45 ┤ 0                                        
   sc, target = 31 46 ┤ 0                                        
                   47 ┤■■■■■■■■■■■■■■■■■■■■■■■■■■■■■■■■■■■■■ 1   
                   48 ┤ 0                                        
                   49 ┤ 0                                        
                   50 ┤ 0                                        
                   51 ┤ 0                                        
                   52 ┤ 0                                        
                   53 ┤ 0                                        
                   54 ┤ 0                                        
                   55 ┤■■■■■■■■■■■■■■■■■■■■■■■■■■■■■■■■■■■■■ 1   
                   56 ┤ 0                                        
                   57 ┤ 0                                        
                   58 ┤■■■■■■■■■■■■■■■■■■■■■■■■■■■■■■■■■■■■■ 1   
                   59 ┤■■■■■■■■■■■■■■■■■■■■■■■■■■■■■■■■■■■■■ 1   
                   60 ┤■■■■■■■■■■■■■■■■■■■■■■■■■■■■■■■■■■■■■ 1   
                      └                                        ┘ 
                                     num of slices               
[ Info: slicing branch with sc: 32.0
[ Info: cc.sc: 32.0
region size: 10
tbl0_rows:64 filtered_rows:64
QIP_gurobi_bound: solver finished in 1.346 s (time_limit=100.0 s, status=OPTIMAL)
[ Info: slice 1, lp_score: 5405.0, primal_bound: 5408.0
QIP_gurobi_bound: solver finished in 1.359 s (time_limit=100.0 s, status=OPTIMAL)
[ Info: slice 2, lp_score: 5408.0, primal_bound: 5408.0
[ Info: new_scs: [32]
[ Info: lp_scores: [5408.0]
[ Info: lp_scores: 5408.0
[ Info: current num of unfinished slices: 10, finished slices: 27
                      ┌                                        ┐ 
                   32 ┤■■■■■■■■■■■■■■■■■■■■■■■■■■■■■■■■■■■■■ 1   
                   33 ┤ 0                                        
                   34 ┤■■■■■■■■■■■■■■■■■■■■■■■■■■■■■■■■■■■■■ 1   
                   35 ┤■■■■■■■■■■■■■■■■■■■■■■■■■■■■■■■■■■■■■ 1   
                   36 ┤ 0                                        
                   37 ┤ 0                                        
                   38 ┤ 0                                        
                   39 ┤■■■■■■■■■■■■■■■■■■■■■■■■■■■■■■■■■■■■■ 1   
                   40 ┤ 0                                        
                   41 ┤■■■■■■■■■■■■■■■■■■■■■■■■■■■■■■■■■■■■■ 1   
                   42 ┤ 0                                        
                   43 ┤ 0                                        
                   44 ┤ 0                                        
                   45 ┤ 0                                        
   sc, target = 31 46 ┤ 0                                        
                   47 ┤■■■■■■■■■■■■■■■■■■■■■■■■■■■■■■■■■■■■■ 1   
                   48 ┤ 0                                        
                   49 ┤ 0                                        
                   50 ┤ 0                                        
                   51 ┤ 0                                        
                   52 ┤ 0                                        
                   53 ┤ 0                                        
                   54 ┤ 0                                        
                   55 ┤■■■■■■■■■■■■■■■■■■■■■■■■■■■■■■■■■■■■■ 1   
                   56 ┤ 0                                        
                   57 ┤ 0                                        
                   58 ┤■■■■■■■■■■■■■■■■■■■■■■■■■■■■■■■■■■■■■ 1   
                   59 ┤■■■■■■■■■■■■■■■■■■■■■■■■■■■■■■■■■■■■■ 1   
                   60 ┤■■■■■■■■■■■■■■■■■■■■■■■■■■■■■■■■■■■■■ 1   
                      └                                        ┘ 
                                     num of slices               
[ Info: slicing branch with sc: 32.0
[ Info: cc.sc: 32.0
region size: 10
tbl0_rows:94 filtered_rows:94
QIP_gurobi_bound: solver finished in 1.712 s (time_limit=100.0 s, status=OPTIMAL)
[ Info: slice 1, lp_score: 5408.0, primal_bound: 5408.0
QIP_gurobi_bound: solver finished in 1.503 s (time_limit=100.0 s, status=OPTIMAL)
[ Info: slice 2, lp_score: 5406.0, primal_bound: 5408.0
[ Info: new_scs: [31]
[ Info: lp_scores: [5408.0]
[ Info: lp_scores: 5408.0
[ Info: current num of unfinished slices: 10, finished slices: 27
                      ┌                                        ┐ 
                   31 ┤■■■■■■■■■■■■■■■■■■■■■■■■■■■■■■■■■■■■■ 1   
                   32 ┤ 0                                        
                   33 ┤ 0                                        
                   34 ┤■■■■■■■■■■■■■■■■■■■■■■■■■■■■■■■■■■■■■ 1   
                   35 ┤■■■■■■■■■■■■■■■■■■■■■■■■■■■■■■■■■■■■■ 1   
                   36 ┤ 0                                        
                   37 ┤ 0                                        
                   38 ┤ 0                                        
                   39 ┤■■■■■■■■■■■■■■■■■■■■■■■■■■■■■■■■■■■■■ 1   
                   40 ┤ 0                                        
                   41 ┤■■■■■■■■■■■■■■■■■■■■■■■■■■■■■■■■■■■■■ 1   
                   42 ┤ 0                                        
                   43 ┤ 0                                        
                   44 ┤ 0                                        
   sc, target = 31 45 ┤ 0                                        
                   46 ┤ 0                                        
                   47 ┤■■■■■■■■■■■■■■■■■■■■■■■■■■■■■■■■■■■■■ 1   
                   48 ┤ 0                                        
                   49 ┤ 0                                        
                   50 ┤ 0                                        
                   51 ┤ 0                                        
                   52 ┤ 0                                        
                   53 ┤ 0                                        
                   54 ┤ 0                                        
                   55 ┤■■■■■■■■■■■■■■■■■■■■■■■■■■■■■■■■■■■■■ 1   
                   56 ┤ 0                                        
                   57 ┤ 0                                        
                   58 ┤■■■■■■■■■■■■■■■■■■■■■■■■■■■■■■■■■■■■■ 1   
                   59 ┤■■■■■■■■■■■■■■■■■■■■■■■■■■■■■■■■■■■■■ 1   
                   60 ┤■■■■■■■■■■■■■■■■■■■■■■■■■■■■■■■■■■■■■ 1   
                      └                                        ┘ 
                                     num of slices               
[ Info: slicing branch with sc: 31.0
  [slice produced] sc=31.0 tc=44.59671821198417 nv=3550 ne=6920 r=41.0
QIP_value_gurobi: solver finished in 1.63 s (time_limit=604800.0 s, status=OPTIMAL)
[ Info: feasible solution: 5408.0, primal bound: 5408.0
[ Info: current num of unfinished slices: 9, finished slices: 28
                      ┌                                        ┐ 
                   34 ┤■■■■■■■■■■■■■■■■■■■■■■■■■■■■■■■■■■■■■ 1   
                   35 ┤■■■■■■■■■■■■■■■■■■■■■■■■■■■■■■■■■■■■■ 1   
                   36 ┤ 0                                        
                   37 ┤ 0                                        
                   38 ┤ 0                                        
                   39 ┤■■■■■■■■■■■■■■■■■■■■■■■■■■■■■■■■■■■■■ 1   
                   40 ┤ 0                                        
                   41 ┤■■■■■■■■■■■■■■■■■■■■■■■■■■■■■■■■■■■■■ 1   
                   42 ┤ 0                                        
                   43 ┤ 0                                        
                   44 ┤ 0                                        
                   45 ┤ 0                                        
                   46 ┤ 0                                        
   sc, target = 31 47 ┤■■■■■■■■■■■■■■■■■■■■■■■■■■■■■■■■■■■■■ 1   
                   48 ┤ 0                                        
                   49 ┤ 0                                        
                   50 ┤ 0                                        
                   51 ┤ 0                                        
                   52 ┤ 0                                        
                   53 ┤ 0                                        
                   54 ┤ 0                                        
                   55 ┤■■■■■■■■■■■■■■■■■■■■■■■■■■■■■■■■■■■■■ 1   
                   56 ┤ 0                                        
                   57 ┤ 0                                        
                   58 ┤■■■■■■■■■■■■■■■■■■■■■■■■■■■■■■■■■■■■■ 1   
                   59 ┤■■■■■■■■■■■■■■■■■■■■■■■■■■■■■■■■■■■■■ 1   
                   60 ┤■■■■■■■■■■■■■■■■■■■■■■■■■■■■■■■■■■■■■ 1   
                      └                                        ┘ 
                                     num of slices               
[ Info: slicing branch with sc: 34.0
[ Info: cc.sc: 34.0
region size: 10
tbl0_rows:46 filtered_rows:46
QIP_gurobi_bound: solver finished in 1.459 s (time_limit=100.0 s, status=OPTIMAL)
[ Info: slice 1, lp_score: 5408.0, primal_bound: 5408.0
QIP_gurobi_bound: solver finished in 1.397 s (time_limit=100.0 s, status=OPTIMAL)
[ Info: slice 2, lp_score: 5405.0, primal_bound: 5408.0
[ Info: new_scs: [34]
[ Info: lp_scores: [5408.0]
[ Info: lp_scores: 5408.0
[ Info: current num of unfinished slices: 9, finished slices: 28
                      ┌                                        ┐ 
                   34 ┤■■■■■■■■■■■■■■■■■■■■■■■■■■■■■■■■■■■■■ 1   
                   35 ┤■■■■■■■■■■■■■■■■■■■■■■■■■■■■■■■■■■■■■ 1   
                   36 ┤ 0                                        
                   37 ┤ 0                                        
                   38 ┤ 0                                        
                   39 ┤■■■■■■■■■■■■■■■■■■■■■■■■■■■■■■■■■■■■■ 1   
                   40 ┤ 0                                        
                   41 ┤■■■■■■■■■■■■■■■■■■■■■■■■■■■■■■■■■■■■■ 1   
                   42 ┤ 0                                        
                   43 ┤ 0                                        
                   44 ┤ 0                                        
                   45 ┤ 0                                        
                   46 ┤ 0                                        
   sc, target = 31 47 ┤■■■■■■■■■■■■■■■■■■■■■■■■■■■■■■■■■■■■■ 1   
                   48 ┤ 0                                        
                   49 ┤ 0                                        
                   50 ┤ 0                                        
                   51 ┤ 0                                        
                   52 ┤ 0                                        
                   53 ┤ 0                                        
                   54 ┤ 0                                        
                   55 ┤■■■■■■■■■■■■■■■■■■■■■■■■■■■■■■■■■■■■■ 1   
                   56 ┤ 0                                        
                   57 ┤ 0                                        
                   58 ┤■■■■■■■■■■■■■■■■■■■■■■■■■■■■■■■■■■■■■ 1   
                   59 ┤■■■■■■■■■■■■■■■■■■■■■■■■■■■■■■■■■■■■■ 1   
                   60 ┤■■■■■■■■■■■■■■■■■■■■■■■■■■■■■■■■■■■■■ 1   
                      └                                        ┘ 
                                     num of slices               
[ Info: slicing branch with sc: 34.0
[ Info: cc.sc: 34.0
region size: 10
tbl0_rows:48 filtered_rows:48
QIP_gurobi_bound: solver finished in 1.29 s (time_limit=100.0 s, status=OPTIMAL)
[ Info: slice 1, lp_score: 5408.0, primal_bound: 5408.0
QIP_gurobi_bound: solver finished in 1.436 s (time_limit=100.0 s, status=OPTIMAL)
[ Info: slice 2, lp_score: 5405.0, primal_bound: 5408.0
[ Info: new_scs: [33]
[ Info: lp_scores: [5408.0]
[ Info: lp_scores: 5408.0
[ Info: current num of unfinished slices: 9, finished slices: 28
                      ┌                                        ┐ 
                   33 ┤■■■■■■■■■■■■■■■■■■■■■■■■■■■■■■■■■■■■■ 1   
                   34 ┤ 0                                        
                   35 ┤■■■■■■■■■■■■■■■■■■■■■■■■■■■■■■■■■■■■■ 1   
                   36 ┤ 0                                        
                   37 ┤ 0                                        
                   38 ┤ 0                                        
                   39 ┤■■■■■■■■■■■■■■■■■■■■■■■■■■■■■■■■■■■■■ 1   
                   40 ┤ 0                                        
                   41 ┤■■■■■■■■■■■■■■■■■■■■■■■■■■■■■■■■■■■■■ 1   
                   42 ┤ 0                                        
                   43 ┤ 0                                        
                   44 ┤ 0                                        
                   45 ┤ 0                                        
   sc, target = 31 46 ┤ 0                                        
                   47 ┤■■■■■■■■■■■■■■■■■■■■■■■■■■■■■■■■■■■■■ 1   
                   48 ┤ 0                                        
                   49 ┤ 0                                        
                   50 ┤ 0                                        
                   51 ┤ 0                                        
                   52 ┤ 0                                        
                   53 ┤ 0                                        
                   54 ┤ 0                                        
                   55 ┤■■■■■■■■■■■■■■■■■■■■■■■■■■■■■■■■■■■■■ 1   
                   56 ┤ 0                                        
                   57 ┤ 0                                        
                   58 ┤■■■■■■■■■■■■■■■■■■■■■■■■■■■■■■■■■■■■■ 1   
                   59 ┤■■■■■■■■■■■■■■■■■■■■■■■■■■■■■■■■■■■■■ 1   
                   60 ┤■■■■■■■■■■■■■■■■■■■■■■■■■■■■■■■■■■■■■ 1   
                      └                                        ┘ 
                                     num of slices               
[ Info: slicing branch with sc: 33.0
[ Info: cc.sc: 33.0
region size: 10
tbl0_rows:53 filtered_rows:53
QIP_gurobi_bound: solver finished in 1.206 s (time_limit=100.0 s, status=OPTIMAL)
[ Info: slice 1, lp_score: 5408.0, primal_bound: 5408.0
QIP_gurobi_bound: solver finished in 1.12 s (time_limit=100.0 s, status=OPTIMAL)
[ Info: slice 2, lp_score: 5406.0, primal_bound: 5408.0
[ Info: new_scs: [32]
[ Info: lp_scores: [5408.0]
[ Info: lp_scores: 5408.0
[ Info: current num of unfinished slices: 9, finished slices: 28
                      ┌                                        ┐ 
                   32 ┤■■■■■■■■■■■■■■■■■■■■■■■■■■■■■■■■■■■■■ 1   
                   33 ┤ 0                                        
                   34 ┤ 0                                        
                   35 ┤■■■■■■■■■■■■■■■■■■■■■■■■■■■■■■■■■■■■■ 1   
                   36 ┤ 0                                        
                   37 ┤ 0                                        
                   38 ┤ 0                                        
                   39 ┤■■■■■■■■■■■■■■■■■■■■■■■■■■■■■■■■■■■■■ 1   
                   40 ┤ 0                                        
                   41 ┤■■■■■■■■■■■■■■■■■■■■■■■■■■■■■■■■■■■■■ 1   
                   42 ┤ 0                                        
                   43 ┤ 0                                        
                   44 ┤ 0                                        
                   45 ┤ 0                                        
   sc, target = 31 46 ┤ 0                                        
                   47 ┤■■■■■■■■■■■■■■■■■■■■■■■■■■■■■■■■■■■■■ 1   
                   48 ┤ 0                                        
                   49 ┤ 0                                        
                   50 ┤ 0                                        
                   51 ┤ 0                                        
                   52 ┤ 0                                        
                   53 ┤ 0                                        
                   54 ┤ 0                                        
                   55 ┤■■■■■■■■■■■■■■■■■■■■■■■■■■■■■■■■■■■■■ 1   
                   56 ┤ 0                                        
                   57 ┤ 0                                        
                   58 ┤■■■■■■■■■■■■■■■■■■■■■■■■■■■■■■■■■■■■■ 1   
                   59 ┤■■■■■■■■■■■■■■■■■■■■■■■■■■■■■■■■■■■■■ 1   
                   60 ┤■■■■■■■■■■■■■■■■■■■■■■■■■■■■■■■■■■■■■ 1   
                      └                                        ┘ 
                                     num of slices               
[ Info: slicing branch with sc: 32.0
[ Info: cc.sc: 32.0
region size: 10
tbl0_rows:30 filtered_rows:30
QIP_gurobi_bound: solver finished in 1.353 s (time_limit=100.0 s, status=OPTIMAL)
[ Info: slice 1, lp_score: 5408.0, primal_bound: 5408.0
QIP_gurobi_bound: solver finished in 1.422 s (time_limit=100.0 s, status=OPTIMAL)
[ Info: slice 2, lp_score: 5404.0, primal_bound: 5408.0
[ Info: new_scs: [32]
[ Info: lp_scores: [5408.0]
[ Info: lp_scores: 5408.0
[ Info: current num of unfinished slices: 9, finished slices: 28
                      ┌                                        ┐ 
                   32 ┤■■■■■■■■■■■■■■■■■■■■■■■■■■■■■■■■■■■■■ 1   
                   33 ┤ 0                                        
                   34 ┤ 0                                        
                   35 ┤■■■■■■■■■■■■■■■■■■■■■■■■■■■■■■■■■■■■■ 1   
                   36 ┤ 0                                        
                   37 ┤ 0                                        
                   38 ┤ 0                                        
                   39 ┤■■■■■■■■■■■■■■■■■■■■■■■■■■■■■■■■■■■■■ 1   
                   40 ┤ 0                                        
                   41 ┤■■■■■■■■■■■■■■■■■■■■■■■■■■■■■■■■■■■■■ 1   
                   42 ┤ 0                                        
                   43 ┤ 0                                        
                   44 ┤ 0                                        
                   45 ┤ 0                                        
   sc, target = 31 46 ┤ 0                                        
                   47 ┤■■■■■■■■■■■■■■■■■■■■■■■■■■■■■■■■■■■■■ 1   
                   48 ┤ 0                                        
                   49 ┤ 0                                        
                   50 ┤ 0                                        
                   51 ┤ 0                                        
                   52 ┤ 0                                        
                   53 ┤ 0                                        
                   54 ┤ 0                                        
                   55 ┤■■■■■■■■■■■■■■■■■■■■■■■■■■■■■■■■■■■■■ 1   
                   56 ┤ 0                                        
                   57 ┤ 0                                        
                   58 ┤■■■■■■■■■■■■■■■■■■■■■■■■■■■■■■■■■■■■■ 1   
                   59 ┤■■■■■■■■■■■■■■■■■■■■■■■■■■■■■■■■■■■■■ 1   
                   60 ┤■■■■■■■■■■■■■■■■■■■■■■■■■■■■■■■■■■■■■ 1   
                      └                                        ┘ 
                                     num of slices               
[ Info: slicing branch with sc: 32.0
[ Info: cc.sc: 32.0
region size: 10
tbl0_rows:40 filtered_rows:40
QIP_gurobi_bound: solver finished in 1.18 s (time_limit=100.0 s, status=OPTIMAL)
[ Info: slice 1, lp_score: 5405.0, primal_bound: 5408.0
QIP_gurobi_bound: solver finished in 1.292 s (time_limit=100.0 s, status=OPTIMAL)
[ Info: slice 2, lp_score: 5408.0, primal_bound: 5408.0
[ Info: new_scs: [31]
[ Info: lp_scores: [5408.0]
[ Info: lp_scores: 5408.0
[ Info: current num of unfinished slices: 9, finished slices: 28
                      ┌                                        ┐ 
                   31 ┤■■■■■■■■■■■■■■■■■■■■■■■■■■■■■■■■■■■■■ 1   
                   32 ┤ 0                                        
                   33 ┤ 0                                        
                   34 ┤ 0                                        
                   35 ┤■■■■■■■■■■■■■■■■■■■■■■■■■■■■■■■■■■■■■ 1   
                   36 ┤ 0                                        
                   37 ┤ 0                                        
                   38 ┤ 0                                        
                   39 ┤■■■■■■■■■■■■■■■■■■■■■■■■■■■■■■■■■■■■■ 1   
                   40 ┤ 0                                        
                   41 ┤■■■■■■■■■■■■■■■■■■■■■■■■■■■■■■■■■■■■■ 1   
                   42 ┤ 0                                        
                   43 ┤ 0                                        
                   44 ┤ 0                                        
   sc, target = 31 45 ┤ 0                                        
                   46 ┤ 0                                        
                   47 ┤■■■■■■■■■■■■■■■■■■■■■■■■■■■■■■■■■■■■■ 1   
                   48 ┤ 0                                        
                   49 ┤ 0                                        
                   50 ┤ 0                                        
                   51 ┤ 0                                        
                   52 ┤ 0                                        
                   53 ┤ 0                                        
                   54 ┤ 0                                        
                   55 ┤■■■■■■■■■■■■■■■■■■■■■■■■■■■■■■■■■■■■■ 1   
                   56 ┤ 0                                        
                   57 ┤ 0                                        
                   58 ┤■■■■■■■■■■■■■■■■■■■■■■■■■■■■■■■■■■■■■ 1   
                   59 ┤■■■■■■■■■■■■■■■■■■■■■■■■■■■■■■■■■■■■■ 1   
                   60 ┤■■■■■■■■■■■■■■■■■■■■■■■■■■■■■■■■■■■■■ 1   
                      └                                        ┘ 
                                     num of slices               
[ Info: slicing branch with sc: 31.0
  [slice produced] sc=31.0 tc=44.423213900223864 nv=3549 ne=6920 r=44.5
QIP_value_gurobi: solver finished in 1.295 s (time_limit=604800.0 s, status=OPTIMAL)
[ Info: feasible solution: 5408.0, primal bound: 5408.0
[ Info: current num of unfinished slices: 8, finished slices: 29
                      ┌                                        ┐ 
                   35 ┤■■■■■■■■■■■■■■■■■■■■■■■■■■■■■■■■■■■■■ 1   
                   36 ┤ 0                                        
                   37 ┤ 0                                        
                   38 ┤ 0                                        
                   39 ┤■■■■■■■■■■■■■■■■■■■■■■■■■■■■■■■■■■■■■ 1   
                   40 ┤ 0                                        
                   41 ┤■■■■■■■■■■■■■■■■■■■■■■■■■■■■■■■■■■■■■ 1   
                   42 ┤ 0                                        
                   43 ┤ 0                                        
                   44 ┤ 0                                        
                   45 ┤ 0                                        
                   46 ┤ 0                                        
   sc, target = 31 47 ┤■■■■■■■■■■■■■■■■■■■■■■■■■■■■■■■■■■■■■ 1   
                   48 ┤ 0                                        
                   49 ┤ 0                                        
                   50 ┤ 0                                        
                   51 ┤ 0                                        
                   52 ┤ 0                                        
                   53 ┤ 0                                        
                   54 ┤ 0                                        
                   55 ┤■■■■■■■■■■■■■■■■■■■■■■■■■■■■■■■■■■■■■ 1   
                   56 ┤ 0                                        
                   57 ┤ 0                                        
                   58 ┤■■■■■■■■■■■■■■■■■■■■■■■■■■■■■■■■■■■■■ 1   
                   59 ┤■■■■■■■■■■■■■■■■■■■■■■■■■■■■■■■■■■■■■ 1   
                   60 ┤■■■■■■■■■■■■■■■■■■■■■■■■■■■■■■■■■■■■■ 1   
                      └                                        ┘ 
                                     num of slices               
[ Info: slicing branch with sc: 35.0
[ Info: cc.sc: 35.0
region size: 10
tbl0_rows:68 filtered_rows:68
QIP_gurobi_bound: solver finished in 1.287 s (time_limit=100.0 s, status=OPTIMAL)
[ Info: slice 1, lp_score: 5408.0, primal_bound: 5408.0
QIP_gurobi_bound: solver finished in 1.244 s (time_limit=100.0 s, status=OPTIMAL)
[ Info: slice 2, lp_score: 5408.0, primal_bound: 5408.0
[ Info: new_scs: [34, 35]
[ Info: lp_scores: [5408.0, 5408.0]
[ Info: lp_scores: 5408.0
[ Info: lp_scores: 5408.0
[ Info: current num of unfinished slices: 9, finished slices: 29
                      ┌                                        ┐ 
                   34 ┤■■■■■■■■■■■■■■■■■■■■■■■■■■■■■■■■■■■■■ 1   
                   35 ┤■■■■■■■■■■■■■■■■■■■■■■■■■■■■■■■■■■■■■ 1   
                   36 ┤ 0                                        
                   37 ┤ 0                                        
                   38 ┤ 0                                        
                   39 ┤■■■■■■■■■■■■■■■■■■■■■■■■■■■■■■■■■■■■■ 1   
                   40 ┤ 0                                        
                   41 ┤■■■■■■■■■■■■■■■■■■■■■■■■■■■■■■■■■■■■■ 1   
                   42 ┤ 0                                        
                   43 ┤ 0                                        
                   44 ┤ 0                                        
                   45 ┤ 0                                        
                   46 ┤ 0                                        
   sc, target = 31 47 ┤■■■■■■■■■■■■■■■■■■■■■■■■■■■■■■■■■■■■■ 1   
                   48 ┤ 0                                        
                   49 ┤ 0                                        
                   50 ┤ 0                                        
                   51 ┤ 0                                        
                   52 ┤ 0                                        
                   53 ┤ 0                                        
                   54 ┤ 0                                        
                   55 ┤■■■■■■■■■■■■■■■■■■■■■■■■■■■■■■■■■■■■■ 1   
                   56 ┤ 0                                        
                   57 ┤ 0                                        
                   58 ┤■■■■■■■■■■■■■■■■■■■■■■■■■■■■■■■■■■■■■ 1   
                   59 ┤■■■■■■■■■■■■■■■■■■■■■■■■■■■■■■■■■■■■■ 1   
                   60 ┤■■■■■■■■■■■■■■■■■■■■■■■■■■■■■■■■■■■■■ 1   
                      └                                        ┘ 
                                     num of slices               
[ Info: slicing branch with sc: 34.0
[ Info: cc.sc: 34.0
region size: 10
tbl0_rows:60 filtered_rows:60
QIP_gurobi_bound: solver finished in 1.233 s (time_limit=100.0 s, status=OPTIMAL)
[ Info: slice 1, lp_score: 5405.0, primal_bound: 5408.0
QIP_gurobi_bound: solver finished in 1.186 s (time_limit=100.0 s, status=OPTIMAL)
[ Info: slice 2, lp_score: 5407.0, primal_bound: 5408.0
QIP_gurobi_bound: solver finished in 1.223 s (time_limit=100.0 s, status=OPTIMAL)
[ Info: slice 3, lp_score: 5408.0, primal_bound: 5408.0
QIP_gurobi_bound: solver finished in 1.317 s (time_limit=100.0 s, status=OPTIMAL)
[ Info: slice 4, lp_score: 5403.0, primal_bound: 5408.0
[ Info: new_scs: [34]
[ Info: lp_scores: [5408.0]
[ Info: lp_scores: 5408.0
[ Info: current num of unfinished slices: 9, finished slices: 29
                      ┌                                        ┐ 
                   34 ┤■■■■■■■■■■■■■■■■■■■■■■■■■■■■■■■■■■■■■ 1   
                   35 ┤■■■■■■■■■■■■■■■■■■■■■■■■■■■■■■■■■■■■■ 1   
                   36 ┤ 0                                        
                   37 ┤ 0                                        
                   38 ┤ 0                                        
                   39 ┤■■■■■■■■■■■■■■■■■■■■■■■■■■■■■■■■■■■■■ 1   
                   40 ┤ 0                                        
                   41 ┤■■■■■■■■■■■■■■■■■■■■■■■■■■■■■■■■■■■■■ 1   
                   42 ┤ 0                                        
                   43 ┤ 0                                        
                   44 ┤ 0                                        
                   45 ┤ 0                                        
                   46 ┤ 0                                        
   sc, target = 31 47 ┤■■■■■■■■■■■■■■■■■■■■■■■■■■■■■■■■■■■■■ 1   
                   48 ┤ 0                                        
                   49 ┤ 0                                        
                   50 ┤ 0                                        
                   51 ┤ 0                                        
                   52 ┤ 0                                        
                   53 ┤ 0                                        
                   54 ┤ 0                                        
                   55 ┤■■■■■■■■■■■■■■■■■■■■■■■■■■■■■■■■■■■■■ 1   
                   56 ┤ 0                                        
                   57 ┤ 0                                        
                   58 ┤■■■■■■■■■■■■■■■■■■■■■■■■■■■■■■■■■■■■■ 1   
                   59 ┤■■■■■■■■■■■■■■■■■■■■■■■■■■■■■■■■■■■■■ 1   
                   60 ┤■■■■■■■■■■■■■■■■■■■■■■■■■■■■■■■■■■■■■ 1   
                      └                                        ┘ 
                                     num of slices               
[ Info: slicing branch with sc: 34.0
[ Info: cc.sc: 34.0
region size: 10
tbl0_rows:29 filtered_rows:29
QIP_gurobi_bound: solver finished in 1.314 s (time_limit=100.0 s, status=OPTIMAL)
[ Info: slice 1, lp_score: 5408.0, primal_bound: 5408.0
QIP_gurobi_bound: solver finished in 1.619 s (time_limit=100.0 s, status=OPTIMAL)
[ Info: slice 2, lp_score: 5406.0, primal_bound: 5408.0
[ Info: new_scs: [32]
[ Info: lp_scores: [5408.0]
[ Info: lp_scores: 5408.0
[ Info: current num of unfinished slices: 9, finished slices: 29
                      ┌                                        ┐ 
                   32 ┤■■■■■■■■■■■■■■■■■■■■■■■■■■■■■■■■■■■■■ 1   
                   33 ┤ 0                                        
                   34 ┤ 0                                        
                   35 ┤■■■■■■■■■■■■■■■■■■■■■■■■■■■■■■■■■■■■■ 1   
                   36 ┤ 0                                        
                   37 ┤ 0                                        
                   38 ┤ 0                                        
                   39 ┤■■■■■■■■■■■■■■■■■■■■■■■■■■■■■■■■■■■■■ 1   
                   40 ┤ 0                                        
                   41 ┤■■■■■■■■■■■■■■■■■■■■■■■■■■■■■■■■■■■■■ 1   
                   42 ┤ 0                                        
                   43 ┤ 0                                        
                   44 ┤ 0                                        
                   45 ┤ 0                                        
   sc, target = 31 46 ┤ 0                                        
                   47 ┤■■■■■■■■■■■■■■■■■■■■■■■■■■■■■■■■■■■■■ 1   
                   48 ┤ 0                                        
                   49 ┤ 0                                        
                   50 ┤ 0                                        
                   51 ┤ 0                                        
                   52 ┤ 0                                        
                   53 ┤ 0                                        
                   54 ┤ 0                                        
                   55 ┤■■■■■■■■■■■■■■■■■■■■■■■■■■■■■■■■■■■■■ 1   
                   56 ┤ 0                                        
                   57 ┤ 0                                        
                   58 ┤■■■■■■■■■■■■■■■■■■■■■■■■■■■■■■■■■■■■■ 1   
                   59 ┤■■■■■■■■■■■■■■■■■■■■■■■■■■■■■■■■■■■■■ 1   
                   60 ┤■■■■■■■■■■■■■■■■■■■■■■■■■■■■■■■■■■■■■ 1   
                      └                                        ┘ 
                                     num of slices               
[ Info: slicing branch with sc: 32.0
[ Info: cc.sc: 32.0
region size: 10
tbl0_rows:55 filtered_rows:55
QIP_gurobi_bound: solver finished in 1.287 s (time_limit=100.0 s, status=OPTIMAL)
[ Info: slice 1, lp_score: 5408.0, primal_bound: 5408.0
QIP_gurobi_bound: solver finished in 1.229 s (time_limit=100.0 s, status=OPTIMAL)
[ Info: slice 2, lp_score: 5405.0, primal_bound: 5408.0
[ Info: new_scs: [31]
[ Info: lp_scores: [5408.0]
[ Info: lp_scores: 5408.0
[ Info: current num of unfinished slices: 9, finished slices: 29
                      ┌                                        ┐ 
                   31 ┤■■■■■■■■■■■■■■■■■■■■■■■■■■■■■■■■■■■■■ 1   
                   32 ┤ 0                                        
                   33 ┤ 0                                        
                   34 ┤ 0                                        
                   35 ┤■■■■■■■■■■■■■■■■■■■■■■■■■■■■■■■■■■■■■ 1   
                   36 ┤ 0                                        
                   37 ┤ 0                                        
                   38 ┤ 0                                        
                   39 ┤■■■■■■■■■■■■■■■■■■■■■■■■■■■■■■■■■■■■■ 1   
                   40 ┤ 0                                        
                   41 ┤■■■■■■■■■■■■■■■■■■■■■■■■■■■■■■■■■■■■■ 1   
                   42 ┤ 0                                        
                   43 ┤ 0                                        
                   44 ┤ 0                                        
   sc, target = 31 45 ┤ 0                                        
                   46 ┤ 0                                        
                   47 ┤■■■■■■■■■■■■■■■■■■■■■■■■■■■■■■■■■■■■■ 1   
                   48 ┤ 0                                        
                   49 ┤ 0                                        
                   50 ┤ 0                                        
                   51 ┤ 0                                        
                   52 ┤ 0                                        
                   53 ┤ 0                                        
                   54 ┤ 0                                        
                   55 ┤■■■■■■■■■■■■■■■■■■■■■■■■■■■■■■■■■■■■■ 1   
                   56 ┤ 0                                        
                   57 ┤ 0                                        
                   58 ┤■■■■■■■■■■■■■■■■■■■■■■■■■■■■■■■■■■■■■ 1   
                   59 ┤■■■■■■■■■■■■■■■■■■■■■■■■■■■■■■■■■■■■■ 1   
                   60 ┤■■■■■■■■■■■■■■■■■■■■■■■■■■■■■■■■■■■■■ 1   
                      └                                        ┘ 
                                     num of slices               
[ Info: slicing branch with sc: 31.0
  [slice produced] sc=31.0 tc=43.78514827299719 nv=3548 ne=6918 r=48.0
QIP_value_gurobi: solver finished in 1.262 s (time_limit=604800.0 s, status=OPTIMAL)
[ Info: feasible solution: 5408.0, primal bound: 5408.0
[ Info: current num of unfinished slices: 8, finished slices: 30
                      ┌                                        ┐ 
                   35 ┤■■■■■■■■■■■■■■■■■■■■■■■■■■■■■■■■■■■■■ 1   
                   36 ┤ 0                                        
                   37 ┤ 0                                        
                   38 ┤ 0                                        
                   39 ┤■■■■■■■■■■■■■■■■■■■■■■■■■■■■■■■■■■■■■ 1   
                   40 ┤ 0                                        
                   41 ┤■■■■■■■■■■■■■■■■■■■■■■■■■■■■■■■■■■■■■ 1   
                   42 ┤ 0                                        
                   43 ┤ 0                                        
                   44 ┤ 0                                        
                   45 ┤ 0                                        
                   46 ┤ 0                                        
   sc, target = 31 47 ┤■■■■■■■■■■■■■■■■■■■■■■■■■■■■■■■■■■■■■ 1   
                   48 ┤ 0                                        
                   49 ┤ 0                                        
                   50 ┤ 0                                        
                   51 ┤ 0                                        
                   52 ┤ 0                                        
                   53 ┤ 0                                        
                   54 ┤ 0                                        
                   55 ┤■■■■■■■■■■■■■■■■■■■■■■■■■■■■■■■■■■■■■ 1   
                   56 ┤ 0                                        
                   57 ┤ 0                                        
                   58 ┤■■■■■■■■■■■■■■■■■■■■■■■■■■■■■■■■■■■■■ 1   
                   59 ┤■■■■■■■■■■■■■■■■■■■■■■■■■■■■■■■■■■■■■ 1   
                   60 ┤■■■■■■■■■■■■■■■■■■■■■■■■■■■■■■■■■■■■■ 1   
                      └                                        ┘ 
                                     num of slices               
[ Info: slicing branch with sc: 35.0
[ Info: cc.sc: 35.0
region size: 10
tbl0_rows:69 filtered_rows:69
QIP_gurobi_bound: solver finished in 1.168 s (time_limit=100.0 s, status=OPTIMAL)
[ Info: slice 1, lp_score: 5408.0, primal_bound: 5408.0
QIP_gurobi_bound: solver finished in 1.443 s (time_limit=100.0 s, status=OPTIMAL)
[ Info: slice 2, lp_score: 5405.0, primal_bound: 5408.0
[ Info: new_scs: [34]
[ Info: lp_scores: [5408.0]
[ Info: lp_scores: 5408.0
[ Info: current num of unfinished slices: 8, finished slices: 30
                      ┌                                        ┐ 
                   34 ┤■■■■■■■■■■■■■■■■■■■■■■■■■■■■■■■■■■■■■ 1   
                   35 ┤ 0                                        
                   36 ┤ 0                                        
                   37 ┤ 0                                        
                   38 ┤ 0                                        
                   39 ┤■■■■■■■■■■■■■■■■■■■■■■■■■■■■■■■■■■■■■ 1   
                   40 ┤ 0                                        
                   41 ┤■■■■■■■■■■■■■■■■■■■■■■■■■■■■■■■■■■■■■ 1   
                   42 ┤ 0                                        
                   43 ┤ 0                                        
                   44 ┤ 0                                        
                   45 ┤ 0                                        
                   46 ┤ 0                                        
   sc, target = 31 47 ┤■■■■■■■■■■■■■■■■■■■■■■■■■■■■■■■■■■■■■ 1   
                   48 ┤ 0                                        
                   49 ┤ 0                                        
                   50 ┤ 0                                        
                   51 ┤ 0                                        
                   52 ┤ 0                                        
                   53 ┤ 0                                        
                   54 ┤ 0                                        
                   55 ┤■■■■■■■■■■■■■■■■■■■■■■■■■■■■■■■■■■■■■ 1   
                   56 ┤ 0                                        
                   57 ┤ 0                                        
                   58 ┤■■■■■■■■■■■■■■■■■■■■■■■■■■■■■■■■■■■■■ 1   
                   59 ┤■■■■■■■■■■■■■■■■■■■■■■■■■■■■■■■■■■■■■ 1   
                   60 ┤■■■■■■■■■■■■■■■■■■■■■■■■■■■■■■■■■■■■■ 1   
                      └                                        ┘ 
                                     num of slices               
[ Info: slicing branch with sc: 34.0
[ Info: cc.sc: 34.0
region size: 10
tbl0_rows:78 filtered_rows:78
QIP_gurobi_bound: solver finished in 1.137 s (time_limit=100.0 s, status=OPTIMAL)
[ Info: slice 1, lp_score: 5408.0, primal_bound: 5408.0
QIP_gurobi_bound: solver finished in 1.282 s (time_limit=100.0 s, status=OPTIMAL)
[ Info: slice 2, lp_score: 5407.0, primal_bound: 5408.0
[ Info: new_scs: [34]
[ Info: lp_scores: [5408.0]
[ Info: lp_scores: 5408.0
[ Info: current num of unfinished slices: 8, finished slices: 30
                      ┌                                        ┐ 
                   34 ┤■■■■■■■■■■■■■■■■■■■■■■■■■■■■■■■■■■■■■ 1   
                   35 ┤ 0                                        
                   36 ┤ 0                                        
                   37 ┤ 0                                        
                   38 ┤ 0                                        
                   39 ┤■■■■■■■■■■■■■■■■■■■■■■■■■■■■■■■■■■■■■ 1   
                   40 ┤ 0                                        
                   41 ┤■■■■■■■■■■■■■■■■■■■■■■■■■■■■■■■■■■■■■ 1   
                   42 ┤ 0                                        
                   43 ┤ 0                                        
                   44 ┤ 0                                        
                   45 ┤ 0                                        
                   46 ┤ 0                                        
   sc, target = 31 47 ┤■■■■■■■■■■■■■■■■■■■■■■■■■■■■■■■■■■■■■ 1   
                   48 ┤ 0                                        
                   49 ┤ 0                                        
                   50 ┤ 0                                        
                   51 ┤ 0                                        
                   52 ┤ 0                                        
                   53 ┤ 0                                        
                   54 ┤ 0                                        
                   55 ┤■■■■■■■■■■■■■■■■■■■■■■■■■■■■■■■■■■■■■ 1   
                   56 ┤ 0                                        
                   57 ┤ 0                                        
                   58 ┤■■■■■■■■■■■■■■■■■■■■■■■■■■■■■■■■■■■■■ 1   
                   59 ┤■■■■■■■■■■■■■■■■■■■■■■■■■■■■■■■■■■■■■ 1   
                   60 ┤■■■■■■■■■■■■■■■■■■■■■■■■■■■■■■■■■■■■■ 1   
                      └                                        ┘ 
                                     num of slices               
[ Info: slicing branch with sc: 34.0
[ Info: cc.sc: 34.0
region size: 10
tbl0_rows:60 filtered_rows:60
QIP_gurobi_bound: solver finished in 1.377 s (time_limit=100.0 s, status=OPTIMAL)
[ Info: slice 1, lp_score: 5408.0, primal_bound: 5408.0
QIP_gurobi_bound: solver finished in 1.593 s (time_limit=100.0 s, status=OPTIMAL)
[ Info: slice 2, lp_score: 5399.0, primal_bound: 5408.0
QIP_gurobi_bound: solver finished in 5.371 s (time_limit=100.0 s, status=OPTIMAL)
[ Info: slice 3, lp_score: 5406.0, primal_bound: 5408.0
QIP_gurobi_bound: solver finished in 1.235 s (time_limit=100.0 s, status=OPTIMAL)
[ Info: slice 4, lp_score: 5405.0, primal_bound: 5408.0
[ Info: new_scs: [32]
[ Info: lp_scores: [5408.0]
[ Info: lp_scores: 5408.0
[ Info: current num of unfinished slices: 8, finished slices: 30
                      ┌                                        ┐ 
                   32 ┤■■■■■■■■■■■■■■■■■■■■■■■■■■■■■■■■■■■■■ 1   
                   33 ┤ 0                                        
                   34 ┤ 0                                        
                   35 ┤ 0                                        
                   36 ┤ 0                                        
                   37 ┤ 0                                        
                   38 ┤ 0                                        
                   39 ┤■■■■■■■■■■■■■■■■■■■■■■■■■■■■■■■■■■■■■ 1   
                   40 ┤ 0                                        
                   41 ┤■■■■■■■■■■■■■■■■■■■■■■■■■■■■■■■■■■■■■ 1   
                   42 ┤ 0                                        
                   43 ┤ 0                                        
                   44 ┤ 0                                        
                   45 ┤ 0                                        
   sc, target = 31 46 ┤ 0                                        
                   47 ┤■■■■■■■■■■■■■■■■■■■■■■■■■■■■■■■■■■■■■ 1   
                   48 ┤ 0                                        
                   49 ┤ 0                                        
                   50 ┤ 0                                        
                   51 ┤ 0                                        
                   52 ┤ 0                                        
                   53 ┤ 0                                        
                   54 ┤ 0                                        
                   55 ┤■■■■■■■■■■■■■■■■■■■■■■■■■■■■■■■■■■■■■ 1   
                   56 ┤ 0                                        
                   57 ┤ 0                                        
                   58 ┤■■■■■■■■■■■■■■■■■■■■■■■■■■■■■■■■■■■■■ 1   
                   59 ┤■■■■■■■■■■■■■■■■■■■■■■■■■■■■■■■■■■■■■ 1   
                   60 ┤■■■■■■■■■■■■■■■■■■■■■■■■■■■■■■■■■■■■■ 1   
                      └                                        ┘ 
                                     num of slices               
[ Info: slicing branch with sc: 32.0
[ Info: cc.sc: 32.0
region size: 10
tbl0_rows:75 filtered_rows:75
QIP_gurobi_bound: solver finished in 1.229 s (time_limit=100.0 s, status=OPTIMAL)
[ Info: slice 1, lp_score: 5407.0, primal_bound: 5408.0
QIP_gurobi_bound: solver finished in 1.194 s (time_limit=100.0 s, status=OPTIMAL)
[ Info: slice 2, lp_score: 5408.0, primal_bound: 5408.0
[ Info: new_scs: [31]
[ Info: lp_scores: [5408.0]
[ Info: lp_scores: 5408.0
[ Info: current num of unfinished slices: 8, finished slices: 30
                      ┌                                        ┐ 
                   31 ┤■■■■■■■■■■■■■■■■■■■■■■■■■■■■■■■■■■■■■ 1   
                   32 ┤ 0                                        
                   33 ┤ 0                                        
                   34 ┤ 0                                        
                   35 ┤ 0                                        
                   36 ┤ 0                                        
                   37 ┤ 0                                        
                   38 ┤ 0                                        
                   39 ┤■■■■■■■■■■■■■■■■■■■■■■■■■■■■■■■■■■■■■ 1   
                   40 ┤ 0                                        
                   41 ┤■■■■■■■■■■■■■■■■■■■■■■■■■■■■■■■■■■■■■ 1   
                   42 ┤ 0                                        
                   43 ┤ 0                                        
                   44 ┤ 0                                        
   sc, target = 31 45 ┤ 0                                        
                   46 ┤ 0                                        
                   47 ┤■■■■■■■■■■■■■■■■■■■■■■■■■■■■■■■■■■■■■ 1   
                   48 ┤ 0                                        
                   49 ┤ 0                                        
                   50 ┤ 0                                        
                   51 ┤ 0                                        
                   52 ┤ 0                                        
                   53 ┤ 0                                        
                   54 ┤ 0                                        
                   55 ┤■■■■■■■■■■■■■■■■■■■■■■■■■■■■■■■■■■■■■ 1   
                   56 ┤ 0                                        
                   57 ┤ 0                                        
                   58 ┤■■■■■■■■■■■■■■■■■■■■■■■■■■■■■■■■■■■■■ 1   
                   59 ┤■■■■■■■■■■■■■■■■■■■■■■■■■■■■■■■■■■■■■ 1   
                   60 ┤■■■■■■■■■■■■■■■■■■■■■■■■■■■■■■■■■■■■■ 1   
                      └                                        ┘ 
                                     num of slices               
[ Info: slicing branch with sc: 31.0
  [slice produced] sc=31.0 tc=46.428356412813926 nv=3550 ne=6920 r=43.0
QIP_value_gurobi: solver finished in 1.173 s (time_limit=604800.0 s, status=OPTIMAL)
[ Info: feasible solution: 5408.0, primal bound: 5408.0
[ Info: current num of unfinished slices: 7, finished slices: 31
                      ┌                                        ┐ 
                   39 ┤■■■■■■■■■■■■■■■■■■■■■■■■■■■■■■■■■■■■■ 1   
                   40 ┤ 0                                        
                   41 ┤■■■■■■■■■■■■■■■■■■■■■■■■■■■■■■■■■■■■■ 1   
                   42 ┤ 0                                        
                   43 ┤ 0                                        
                   44 ┤ 0                                        
                   45 ┤ 0                                        
                   46 ┤ 0                                        
                   47 ┤■■■■■■■■■■■■■■■■■■■■■■■■■■■■■■■■■■■■■ 1   
                   48 ┤ 0                                        
   sc, target = 31 49 ┤ 0                                        
                   50 ┤ 0                                        
                   51 ┤ 0                                        
                   52 ┤ 0                                        
                   53 ┤ 0                                        
                   54 ┤ 0                                        
                   55 ┤■■■■■■■■■■■■■■■■■■■■■■■■■■■■■■■■■■■■■ 1   
                   56 ┤ 0                                        
                   57 ┤ 0                                        
                   58 ┤■■■■■■■■■■■■■■■■■■■■■■■■■■■■■■■■■■■■■ 1   
                   59 ┤■■■■■■■■■■■■■■■■■■■■■■■■■■■■■■■■■■■■■ 1   
                   60 ┤■■■■■■■■■■■■■■■■■■■■■■■■■■■■■■■■■■■■■ 1   
                      └                                        ┘ 
                                     num of slices               
[ Info: slicing branch with sc: 39.0
[ Info: cc.sc: 39.0
region size: 10
tbl0_rows:44 filtered_rows:44
QIP_gurobi_bound: solver finished in 1.395 s (time_limit=100.0 s, status=OPTIMAL)
[ Info: slice 1, lp_score: 5407.0, primal_bound: 5408.0
QIP_gurobi_bound: solver finished in 1.229 s (time_limit=100.0 s, status=OPTIMAL)
[ Info: slice 2, lp_score: 5408.0, primal_bound: 5408.0
[ Info: new_scs: [39]
[ Info: lp_scores: [5408.0]
[ Info: lp_scores: 5408.0
[ Info: current num of unfinished slices: 7, finished slices: 31
                      ┌                                        ┐ 
                   39 ┤■■■■■■■■■■■■■■■■■■■■■■■■■■■■■■■■■■■■■ 1   
                   40 ┤ 0                                        
                   41 ┤■■■■■■■■■■■■■■■■■■■■■■■■■■■■■■■■■■■■■ 1   
                   42 ┤ 0                                        
                   43 ┤ 0                                        
                   44 ┤ 0                                        
                   45 ┤ 0                                        
                   46 ┤ 0                                        
                   47 ┤■■■■■■■■■■■■■■■■■■■■■■■■■■■■■■■■■■■■■ 1   
                   48 ┤ 0                                        
   sc, target = 31 49 ┤ 0                                        
                   50 ┤ 0                                        
                   51 ┤ 0                                        
                   52 ┤ 0                                        
                   53 ┤ 0                                        
                   54 ┤ 0                                        
                   55 ┤■■■■■■■■■■■■■■■■■■■■■■■■■■■■■■■■■■■■■ 1   
                   56 ┤ 0                                        
                   57 ┤ 0                                        
                   58 ┤■■■■■■■■■■■■■■■■■■■■■■■■■■■■■■■■■■■■■ 1   
                   59 ┤■■■■■■■■■■■■■■■■■■■■■■■■■■■■■■■■■■■■■ 1   
                   60 ┤■■■■■■■■■■■■■■■■■■■■■■■■■■■■■■■■■■■■■ 1   
                      └                                        ┘ 
                                     num of slices               
[ Info: slicing branch with sc: 39.0
[ Info: cc.sc: 39.0
region size: 10
tbl0_rows:28 filtered_rows:28
QIP_gurobi_bound: solver finished in 1.822 s (time_limit=100.0 s, status=OPTIMAL)
[ Info: slice 1, lp_score: 5407.0, primal_bound: 5408.0
QIP_gurobi_bound: solver finished in 1.384 s (time_limit=100.0 s, status=OPTIMAL)
[ Info: slice 2, lp_score: 5408.0, primal_bound: 5408.0
[ Info: new_scs: [37]
[ Info: lp_scores: [5408.0]
[ Info: lp_scores: 5408.0
[ Info: current num of unfinished slices: 7, finished slices: 31
                      ┌                                        ┐ 
                   37 ┤■■■■■■■■■■■■■■■■■■■■■■■■■■■■■■■■■■■■■ 1   
                   38 ┤ 0                                        
                   39 ┤ 0                                        
                   40 ┤ 0                                        
                   41 ┤■■■■■■■■■■■■■■■■■■■■■■■■■■■■■■■■■■■■■ 1   
                   42 ┤ 0                                        
                   43 ┤ 0                                        
                   44 ┤ 0                                        
                   45 ┤ 0                                        
                   46 ┤ 0                                        
                   47 ┤■■■■■■■■■■■■■■■■■■■■■■■■■■■■■■■■■■■■■ 1   
   sc, target = 31 48 ┤ 0                                        
                   49 ┤ 0                                        
                   50 ┤ 0                                        
                   51 ┤ 0                                        
                   52 ┤ 0                                        
                   53 ┤ 0                                        
                   54 ┤ 0                                        
                   55 ┤■■■■■■■■■■■■■■■■■■■■■■■■■■■■■■■■■■■■■ 1   
                   56 ┤ 0                                        
                   57 ┤ 0                                        
                   58 ┤■■■■■■■■■■■■■■■■■■■■■■■■■■■■■■■■■■■■■ 1   
                   59 ┤■■■■■■■■■■■■■■■■■■■■■■■■■■■■■■■■■■■■■ 1   
                   60 ┤■■■■■■■■■■■■■■■■■■■■■■■■■■■■■■■■■■■■■ 1   
                      └                                        ┘ 
                                     num of slices               
[ Info: slicing branch with sc: 37.0
[ Info: cc.sc: 37.0
region size: 10
tbl0_rows:26 filtered_rows:26
QIP_gurobi_bound: solver finished in 1.334 s (time_limit=100.0 s, status=OPTIMAL)
[ Info: slice 1, lp_score: 5397.0, primal_bound: 5408.0
QIP_gurobi_bound: solver finished in 1.349 s (time_limit=100.0 s, status=OPTIMAL)
[ Info: slice 2, lp_score: 5408.0, primal_bound: 5408.0
[ Info: new_scs: [36]
[ Info: lp_scores: [5408.0]
[ Info: lp_scores: 5408.0
[ Info: current num of unfinished slices: 7, finished slices: 31
                      ┌                                        ┐ 
                   36 ┤■■■■■■■■■■■■■■■■■■■■■■■■■■■■■■■■■■■■■ 1   
                   37 ┤ 0                                        
                   38 ┤ 0                                        
                   39 ┤ 0                                        
                   40 ┤ 0                                        
                   41 ┤■■■■■■■■■■■■■■■■■■■■■■■■■■■■■■■■■■■■■ 1   
                   42 ┤ 0                                        
                   43 ┤ 0                                        
                   44 ┤ 0                                        
                   45 ┤ 0                                        
                   46 ┤ 0                                        
                   47 ┤■■■■■■■■■■■■■■■■■■■■■■■■■■■■■■■■■■■■■ 1   
   sc, target = 31 48 ┤ 0                                        
                   49 ┤ 0                                        
                   50 ┤ 0                                        
                   51 ┤ 0                                        
                   52 ┤ 0                                        
                   53 ┤ 0                                        
                   54 ┤ 0                                        
                   55 ┤■■■■■■■■■■■■■■■■■■■■■■■■■■■■■■■■■■■■■ 1   
                   56 ┤ 0                                        
                   57 ┤ 0                                        
                   58 ┤■■■■■■■■■■■■■■■■■■■■■■■■■■■■■■■■■■■■■ 1   
                   59 ┤■■■■■■■■■■■■■■■■■■■■■■■■■■■■■■■■■■■■■ 1   
                   60 ┤■■■■■■■■■■■■■■■■■■■■■■■■■■■■■■■■■■■■■ 1   
                      └                                        ┘ 
                                     num of slices               
[ Info: slicing branch with sc: 36.0
[ Info: cc.sc: 36.0
region size: 10
tbl0_rows:34 filtered_rows:34
QIP_gurobi_bound: solver finished in 1.303 s (time_limit=100.0 s, status=OPTIMAL)
[ Info: slice 1, lp_score: 5407.0, primal_bound: 5408.0
QIP_gurobi_bound: solver finished in 1.405 s (time_limit=100.0 s, status=OPTIMAL)
[ Info: slice 2, lp_score: 5408.0, primal_bound: 5408.0
[ Info: new_scs: [33]
[ Info: lp_scores: [5408.0]
[ Info: lp_scores: 5408.0
[ Info: current num of unfinished slices: 7, finished slices: 31
                      ┌                                        ┐ 
                   33 ┤■■■■■■■■■■■■■■■■■■■■■■■■■■■■■■■■■■■■■ 1   
                   34 ┤ 0                                        
                   35 ┤ 0                                        
                   36 ┤ 0                                        
                   37 ┤ 0                                        
                   38 ┤ 0                                        
                   39 ┤ 0                                        
                   40 ┤ 0                                        
                   41 ┤■■■■■■■■■■■■■■■■■■■■■■■■■■■■■■■■■■■■■ 1   
                   42 ┤ 0                                        
                   43 ┤ 0                                        
                   44 ┤ 0                                        
                   45 ┤ 0                                        
   sc, target = 31 46 ┤ 0                                        
                   47 ┤■■■■■■■■■■■■■■■■■■■■■■■■■■■■■■■■■■■■■ 1   
                   48 ┤ 0                                        
                   49 ┤ 0                                        
                   50 ┤ 0                                        
                   51 ┤ 0                                        
                   52 ┤ 0                                        
                   53 ┤ 0                                        
                   54 ┤ 0                                        
                   55 ┤■■■■■■■■■■■■■■■■■■■■■■■■■■■■■■■■■■■■■ 1   
                   56 ┤ 0                                        
                   57 ┤ 0                                        
                   58 ┤■■■■■■■■■■■■■■■■■■■■■■■■■■■■■■■■■■■■■ 1   
                   59 ┤■■■■■■■■■■■■■■■■■■■■■■■■■■■■■■■■■■■■■ 1   
                   60 ┤■■■■■■■■■■■■■■■■■■■■■■■■■■■■■■■■■■■■■ 1   
                      └                                        ┘ 
                                     num of slices               
[ Info: slicing branch with sc: 33.0
[ Info: cc.sc: 33.0
region size: 10
tbl0_rows:66 filtered_rows:66
QIP_gurobi_bound: solver finished in 1.452 s (time_limit=100.0 s, status=OPTIMAL)
[ Info: slice 1, lp_score: 5404.0, primal_bound: 5408.0
QIP_gurobi_bound: solver finished in 1.667 s (time_limit=100.0 s, status=OPTIMAL)
[ Info: slice 2, lp_score: 5407.0, primal_bound: 5408.0
QIP_gurobi_bound: solver finished in 1.234 s (time_limit=100.0 s, status=OPTIMAL)
[ Info: slice 3, lp_score: 5406.0, primal_bound: 5408.0
QIP_gurobi_bound: solver finished in 1.234 s (time_limit=100.0 s, status=OPTIMAL)
[ Info: slice 4, lp_score: 5408.0, primal_bound: 5408.0
[ Info: new_scs: [33]
[ Info: lp_scores: [5408.0]
[ Info: lp_scores: 5408.0
[ Info: current num of unfinished slices: 7, finished slices: 31
                      ┌                                        ┐ 
                   33 ┤■■■■■■■■■■■■■■■■■■■■■■■■■■■■■■■■■■■■■ 1   
                   34 ┤ 0                                        
                   35 ┤ 0                                        
                   36 ┤ 0                                        
                   37 ┤ 0                                        
                   38 ┤ 0                                        
                   39 ┤ 0                                        
                   40 ┤ 0                                        
                   41 ┤■■■■■■■■■■■■■■■■■■■■■■■■■■■■■■■■■■■■■ 1   
                   42 ┤ 0                                        
                   43 ┤ 0                                        
                   44 ┤ 0                                        
                   45 ┤ 0                                        
   sc, target = 31 46 ┤ 0                                        
                   47 ┤■■■■■■■■■■■■■■■■■■■■■■■■■■■■■■■■■■■■■ 1   
                   48 ┤ 0                                        
                   49 ┤ 0                                        
                   50 ┤ 0                                        
                   51 ┤ 0                                        
                   52 ┤ 0                                        
                   53 ┤ 0                                        
                   54 ┤ 0                                        
                   55 ┤■■■■■■■■■■■■■■■■■■■■■■■■■■■■■■■■■■■■■ 1   
                   56 ┤ 0                                        
                   57 ┤ 0                                        
                   58 ┤■■■■■■■■■■■■■■■■■■■■■■■■■■■■■■■■■■■■■ 1   
                   59 ┤■■■■■■■■■■■■■■■■■■■■■■■■■■■■■■■■■■■■■ 1   
                   60 ┤■■■■■■■■■■■■■■■■■■■■■■■■■■■■■■■■■■■■■ 1   
                      └                                        ┘ 
                                     num of slices               
[ Info: slicing branch with sc: 33.0
[ Info: cc.sc: 33.0
region size: 10
tbl0_rows:73 filtered_rows:73
QIP_gurobi_bound: solver finished in 1.353 s (time_limit=100.0 s, status=OPTIMAL)
[ Info: slice 1, lp_score: 5404.0, primal_bound: 5408.0
QIP_gurobi_bound: solver finished in 1.37 s (time_limit=100.0 s, status=OPTIMAL)
[ Info: slice 2, lp_score: 5404.0, primal_bound: 5408.0
QIP_gurobi_bound: solver finished in 1.328 s (time_limit=100.0 s, status=OPTIMAL)
[ Info: slice 3, lp_score: 5408.0, primal_bound: 5408.0
QIP_gurobi_bound: solver finished in 1.386 s (time_limit=100.0 s, status=OPTIMAL)
[ Info: slice 4, lp_score: 5407.0, primal_bound: 5408.0
[ Info: new_scs: [31]
[ Info: lp_scores: [5408.0]
[ Info: lp_scores: 5408.0
[ Info: current num of unfinished slices: 7, finished slices: 31
                      ┌                                        ┐ 
                   31 ┤■■■■■■■■■■■■■■■■■■■■■■■■■■■■■■■■■■■■■ 1   
                   32 ┤ 0                                        
                   33 ┤ 0                                        
                   34 ┤ 0                                        
                   35 ┤ 0                                        
                   36 ┤ 0                                        
                   37 ┤ 0                                        
                   38 ┤ 0                                        
                   39 ┤ 0                                        
                   40 ┤ 0                                        
                   41 ┤■■■■■■■■■■■■■■■■■■■■■■■■■■■■■■■■■■■■■ 1   
                   42 ┤ 0                                        
                   43 ┤ 0                                        
                   44 ┤ 0                                        
   sc, target = 31 45 ┤ 0                                        
                   46 ┤ 0                                        
                   47 ┤■■■■■■■■■■■■■■■■■■■■■■■■■■■■■■■■■■■■■ 1   
                   48 ┤ 0                                        
                   49 ┤ 0                                        
                   50 ┤ 0                                        
                   51 ┤ 0                                        
                   52 ┤ 0                                        
                   53 ┤ 0                                        
                   54 ┤ 0                                        
                   55 ┤■■■■■■■■■■■■■■■■■■■■■■■■■■■■■■■■■■■■■ 1   
                   56 ┤ 0                                        
                   57 ┤ 0                                        
                   58 ┤■■■■■■■■■■■■■■■■■■■■■■■■■■■■■■■■■■■■■ 1   
                   59 ┤■■■■■■■■■■■■■■■■■■■■■■■■■■■■■■■■■■■■■ 1   
                   60 ┤■■■■■■■■■■■■■■■■■■■■■■■■■■■■■■■■■■■■■ 1   
                      └                                        ┘ 
                                     num of slices               
[ Info: slicing branch with sc: 31.0
  [slice produced] sc=31.0 tc=45.41207816233501 nv=3554 ne=6934 r=40.0
QIP_value_gurobi: solver finished in 1.312 s (time_limit=604800.0 s, status=OPTIMAL)
[ Info: feasible solution: 5408.0, primal bound: 5408.0
[ Info: current num of unfinished slices: 6, finished slices: 32
                      ┌                                        ┐ 
                   41 ┤■■■■■■■■■■■■■■■■■■■■■■■■■■■■■■■■■■■■■ 1   
                   42 ┤ 0                                        
                   43 ┤ 0                                        
                   44 ┤ 0                                        
                   45 ┤ 0                                        
                   46 ┤ 0                                        
                   47 ┤■■■■■■■■■■■■■■■■■■■■■■■■■■■■■■■■■■■■■ 1   
                   48 ┤ 0                                        
                   49 ┤ 0                                        
   sc, target = 31 50 ┤ 0                                        
                   51 ┤ 0                                        
                   52 ┤ 0                                        
                   53 ┤ 0                                        
                   54 ┤ 0                                        
                   55 ┤■■■■■■■■■■■■■■■■■■■■■■■■■■■■■■■■■■■■■ 1   
                   56 ┤ 0                                        
                   57 ┤ 0                                        
                   58 ┤■■■■■■■■■■■■■■■■■■■■■■■■■■■■■■■■■■■■■ 1   
                   59 ┤■■■■■■■■■■■■■■■■■■■■■■■■■■■■■■■■■■■■■ 1   
                   60 ┤■■■■■■■■■■■■■■■■■■■■■■■■■■■■■■■■■■■■■ 1   
                      └                                        ┘ 
                                     num of slices               
[ Info: slicing branch with sc: 41.0
[ Info: cc.sc: 41.0
region size: 10
tbl0_rows:70 filtered_rows:70
QIP_gurobi_bound: solver finished in 1.283 s (time_limit=100.0 s, status=OPTIMAL)
[ Info: slice 1, lp_score: 5408.0, primal_bound: 5408.0
QIP_gurobi_bound: solver finished in 1.256 s (time_limit=100.0 s, status=OPTIMAL)
[ Info: slice 2, lp_score: 5408.0, primal_bound: 5408.0
[ Info: new_scs: [40, 40]
[ Info: lp_scores: [5408.0, 5408.0]
[ Info: lp_scores: 5408.0
[ Info: lp_scores: 5408.0
[ Info: current num of unfinished slices: 7, finished slices: 32
                      ┌                                        ┐ 
                   40 ┤■■■■■■■■■■■■■■■■■■■■■■■■■■■■■■■■■■■■■ 2   
                   41 ┤ 0                                        
                   42 ┤ 0                                        
                   43 ┤ 0                                        
                   44 ┤ 0                                        
                   45 ┤ 0                                        
                   46 ┤ 0                                        
                   47 ┤■■■■■■■■■■■■■■■■■■■ 1                     
                   48 ┤ 0                                        
                   49 ┤ 0                                        
   sc, target = 31 50 ┤ 0                                        
                   51 ┤ 0                                        
                   52 ┤ 0                                        
                   53 ┤ 0                                        
                   54 ┤ 0                                        
                   55 ┤■■■■■■■■■■■■■■■■■■■ 1                     
                   56 ┤ 0                                        
                   57 ┤ 0                                        
                   58 ┤■■■■■■■■■■■■■■■■■■■ 1                     
                   59 ┤■■■■■■■■■■■■■■■■■■■ 1                     
                   60 ┤■■■■■■■■■■■■■■■■■■■ 1                     
                      └                                        ┘ 
                                     num of slices               
[ Info: slicing branch with sc: 40.0
[ Info: cc.sc: 40.0
region size: 10
tbl0_rows:59 filtered_rows:59
QIP_gurobi_bound: solver finished in 1.311 s (time_limit=100.0 s, status=OPTIMAL)
[ Info: slice 1, lp_score: 5408.0, primal_bound: 5408.0
QIP_gurobi_bound: solver finished in 1.279 s (time_limit=100.0 s, status=OPTIMAL)
[ Info: slice 2, lp_score: 5404.0, primal_bound: 5408.0
[ Info: new_scs: [40]
[ Info: lp_scores: [5408.0]
[ Info: lp_scores: 5408.0
[ Info: current num of unfinished slices: 7, finished slices: 32
                      ┌                                        ┐ 
                   40 ┤■■■■■■■■■■■■■■■■■■■■■■■■■■■■■■■■■■■■■ 2   
                   41 ┤ 0                                        
                   42 ┤ 0                                        
                   43 ┤ 0                                        
                   44 ┤ 0                                        
                   45 ┤ 0                                        
                   46 ┤ 0                                        
                   47 ┤■■■■■■■■■■■■■■■■■■■ 1                     
                   48 ┤ 0                                        
                   49 ┤ 0                                        
   sc, target = 31 50 ┤ 0                                        
                   51 ┤ 0                                        
                   52 ┤ 0                                        
                   53 ┤ 0                                        
                   54 ┤ 0                                        
                   55 ┤■■■■■■■■■■■■■■■■■■■ 1                     
                   56 ┤ 0                                        
                   57 ┤ 0                                        
                   58 ┤■■■■■■■■■■■■■■■■■■■ 1                     
                   59 ┤■■■■■■■■■■■■■■■■■■■ 1                     
                   60 ┤■■■■■■■■■■■■■■■■■■■ 1                     
                      └                                        ┘ 
                                     num of slices               
[ Info: slicing branch with sc: 40.0
[ Info: cc.sc: 40.0
region size: 10
tbl0_rows:51 filtered_rows:51
QIP_gurobi_bound: solver finished in 1.321 s (time_limit=100.0 s, status=OPTIMAL)
[ Info: slice 1, lp_score: 5408.0, primal_bound: 5408.0
QIP_gurobi_bound: solver finished in 1.361 s (time_limit=100.0 s, status=OPTIMAL)
[ Info: slice 2, lp_score: 5405.0, primal_bound: 5408.0
[ Info: new_scs: [39]
[ Info: lp_scores: [5408.0]
[ Info: lp_scores: 5408.0
[ Info: current num of unfinished slices: 7, finished slices: 32
                      ┌                                        ┐ 
                   39 ┤■■■■■■■■■■■■■■■■■■■■■■■■■■■■■■■■■■■■■ 1   
                   40 ┤■■■■■■■■■■■■■■■■■■■■■■■■■■■■■■■■■■■■■ 1   
                   41 ┤ 0                                        
                   42 ┤ 0                                        
                   43 ┤ 0                                        
                   44 ┤ 0                                        
                   45 ┤ 0                                        
                   46 ┤ 0                                        
                   47 ┤■■■■■■■■■■■■■■■■■■■■■■■■■■■■■■■■■■■■■ 1   
                   48 ┤ 0                                        
   sc, target = 31 49 ┤ 0                                        
                   50 ┤ 0                                        
                   51 ┤ 0                                        
                   52 ┤ 0                                        
                   53 ┤ 0                                        
                   54 ┤ 0                                        
                   55 ┤■■■■■■■■■■■■■■■■■■■■■■■■■■■■■■■■■■■■■ 1   
                   56 ┤ 0                                        
                   57 ┤ 0                                        
                   58 ┤■■■■■■■■■■■■■■■■■■■■■■■■■■■■■■■■■■■■■ 1   
                   59 ┤■■■■■■■■■■■■■■■■■■■■■■■■■■■■■■■■■■■■■ 1   
                   60 ┤■■■■■■■■■■■■■■■■■■■■■■■■■■■■■■■■■■■■■ 1   
                      └                                        ┘ 
                                     num of slices               
[ Info: slicing branch with sc: 39.0
[ Info: cc.sc: 39.0
region size: 10
tbl0_rows:24 filtered_rows:24
QIP_gurobi_bound: solver finished in 1.206 s (time_limit=100.0 s, status=OPTIMAL)
[ Info: slice 1, lp_score: 5408.0, primal_bound: 5408.0
QIP_gurobi_bound: solver finished in 1.466 s (time_limit=100.0 s, status=OPTIMAL)
[ Info: slice 2, lp_score: 5406.0, primal_bound: 5408.0
[ Info: new_scs: [39]
[ Info: lp_scores: [5408.0]
[ Info: lp_scores: 5408.0
[ Info: current num of unfinished slices: 7, finished slices: 32
                      ┌                                        ┐ 
                   39 ┤■■■■■■■■■■■■■■■■■■■■■■■■■■■■■■■■■■■■■ 1   
                   40 ┤■■■■■■■■■■■■■■■■■■■■■■■■■■■■■■■■■■■■■ 1   
                   41 ┤ 0                                        
                   42 ┤ 0                                        
                   43 ┤ 0                                        
                   44 ┤ 0                                        
                   45 ┤ 0                                        
                   46 ┤ 0                                        
                   47 ┤■■■■■■■■■■■■■■■■■■■■■■■■■■■■■■■■■■■■■ 1   
                   48 ┤ 0                                        
   sc, target = 31 49 ┤ 0                                        
                   50 ┤ 0                                        
                   51 ┤ 0                                        
                   52 ┤ 0                                        
                   53 ┤ 0                                        
                   54 ┤ 0                                        
                   55 ┤■■■■■■■■■■■■■■■■■■■■■■■■■■■■■■■■■■■■■ 1   
                   56 ┤ 0                                        
                   57 ┤ 0                                        
                   58 ┤■■■■■■■■■■■■■■■■■■■■■■■■■■■■■■■■■■■■■ 1   
                   59 ┤■■■■■■■■■■■■■■■■■■■■■■■■■■■■■■■■■■■■■ 1   
                   60 ┤■■■■■■■■■■■■■■■■■■■■■■■■■■■■■■■■■■■■■ 1   
                      └                                        ┘ 
                                     num of slices               
[ Info: slicing branch with sc: 39.0
[ Info: cc.sc: 39.0
region size: 10
tbl0_rows:53 filtered_rows:53
QIP_gurobi_bound: solver finished in 1.409 s (time_limit=100.0 s, status=OPTIMAL)
[ Info: slice 1, lp_score: 5408.0, primal_bound: 5408.0
QIP_gurobi_bound: solver finished in 1.309 s (time_limit=100.0 s, status=OPTIMAL)
[ Info: slice 2, lp_score: 5402.0, primal_bound: 5408.0
[ Info: new_scs: [38]
[ Info: lp_scores: [5408.0]
[ Info: lp_scores: 5408.0
[ Info: current num of unfinished slices: 7, finished slices: 32
                      ┌                                        ┐ 
                   38 ┤■■■■■■■■■■■■■■■■■■■■■■■■■■■■■■■■■■■■■ 1   
                   39 ┤ 0                                        
                   40 ┤■■■■■■■■■■■■■■■■■■■■■■■■■■■■■■■■■■■■■ 1   
                   41 ┤ 0                                        
                   42 ┤ 0                                        
                   43 ┤ 0                                        
                   44 ┤ 0                                        
                   45 ┤ 0                                        
                   46 ┤ 0                                        
                   47 ┤■■■■■■■■■■■■■■■■■■■■■■■■■■■■■■■■■■■■■ 1   
                   48 ┤ 0                                        
   sc, target = 31 49 ┤ 0                                        
                   50 ┤ 0                                        
                   51 ┤ 0                                        
                   52 ┤ 0                                        
                   53 ┤ 0                                        
                   54 ┤ 0                                        
                   55 ┤■■■■■■■■■■■■■■■■■■■■■■■■■■■■■■■■■■■■■ 1   
                   56 ┤ 0                                        
                   57 ┤ 0                                        
                   58 ┤■■■■■■■■■■■■■■■■■■■■■■■■■■■■■■■■■■■■■ 1   
                   59 ┤■■■■■■■■■■■■■■■■■■■■■■■■■■■■■■■■■■■■■ 1   
                   60 ┤■■■■■■■■■■■■■■■■■■■■■■■■■■■■■■■■■■■■■ 1   
                      └                                        ┘ 
                                     num of slices               
[ Info: slicing branch with sc: 38.0
[ Info: cc.sc: 38.0
region size: 10
tbl0_rows:54 filtered_rows:54
QIP_gurobi_bound: solver finished in 1.27 s (time_limit=100.0 s, status=OPTIMAL)
[ Info: slice 1, lp_score: 5406.0, primal_bound: 5408.0
QIP_gurobi_bound: solver finished in 1.23 s (time_limit=100.0 s, status=OPTIMAL)
[ Info: slice 2, lp_score: 5408.0, primal_bound: 5408.0
[ Info: new_scs: [37]
[ Info: lp_scores: [5408.0]
[ Info: lp_scores: 5408.0
[ Info: current num of unfinished slices: 7, finished slices: 32
                      ┌                                        ┐ 
                   37 ┤■■■■■■■■■■■■■■■■■■■■■■■■■■■■■■■■■■■■■ 1   
                   38 ┤ 0                                        
                   39 ┤ 0                                        
                   40 ┤■■■■■■■■■■■■■■■■■■■■■■■■■■■■■■■■■■■■■ 1   
                   41 ┤ 0                                        
                   42 ┤ 0                                        
                   43 ┤ 0                                        
                   44 ┤ 0                                        
                   45 ┤ 0                                        
                   46 ┤ 0                                        
                   47 ┤■■■■■■■■■■■■■■■■■■■■■■■■■■■■■■■■■■■■■ 1   
   sc, target = 31 48 ┤ 0                                        
                   49 ┤ 0                                        
                   50 ┤ 0                                        
                   51 ┤ 0                                        
                   52 ┤ 0                                        
                   53 ┤ 0                                        
                   54 ┤ 0                                        
                   55 ┤■■■■■■■■■■■■■■■■■■■■■■■■■■■■■■■■■■■■■ 1   
                   56 ┤ 0                                        
                   57 ┤ 0                                        
                   58 ┤■■■■■■■■■■■■■■■■■■■■■■■■■■■■■■■■■■■■■ 1   
                   59 ┤■■■■■■■■■■■■■■■■■■■■■■■■■■■■■■■■■■■■■ 1   
                   60 ┤■■■■■■■■■■■■■■■■■■■■■■■■■■■■■■■■■■■■■ 1   
                      └                                        ┘ 
                                     num of slices               
[ Info: slicing branch with sc: 37.0
[ Info: cc.sc: 37.0
region size: 10
tbl0_rows:27 filtered_rows:27
QIP_gurobi_bound: solver finished in 1.409 s (time_limit=100.0 s, status=OPTIMAL)
[ Info: slice 1, lp_score: 5408.0, primal_bound: 5408.0
QIP_gurobi_bound: solver finished in 1.304 s (time_limit=100.0 s, status=OPTIMAL)
[ Info: slice 2, lp_score: 5408.0, primal_bound: 5408.0
[ Info: new_scs: [37, 37]
[ Info: lp_scores: [5408.0, 5408.0]
[ Info: lp_scores: 5408.0
[ Info: lp_scores: 5408.0
[ Info: current num of unfinished slices: 8, finished slices: 32
                      ┌                                        ┐ 
                   37 ┤■■■■■■■■■■■■■■■■■■■■■■■■■■■■■■■■■■■■■ 2   
                   38 ┤ 0                                        
                   39 ┤ 0                                        
                   40 ┤■■■■■■■■■■■■■■■■■■■ 1                     
                   41 ┤ 0                                        
                   42 ┤ 0                                        
                   43 ┤ 0                                        
                   44 ┤ 0                                        
                   45 ┤ 0                                        
                   46 ┤ 0                                        
                   47 ┤■■■■■■■■■■■■■■■■■■■ 1                     
   sc, target = 31 48 ┤ 0                                        
                   49 ┤ 0                                        
                   50 ┤ 0                                        
                   51 ┤ 0                                        
                   52 ┤ 0                                        
                   53 ┤ 0                                        
                   54 ┤ 0                                        
                   55 ┤■■■■■■■■■■■■■■■■■■■ 1                     
                   56 ┤ 0                                        
                   57 ┤ 0                                        
                   58 ┤■■■■■■■■■■■■■■■■■■■ 1                     
                   59 ┤■■■■■■■■■■■■■■■■■■■ 1                     
                   60 ┤■■■■■■■■■■■■■■■■■■■ 1                     
                      └                                        ┘ 
                                     num of slices               
[ Info: slicing branch with sc: 37.0
[ Info: cc.sc: 37.0
region size: 10
tbl0_rows:26 filtered_rows:26
QIP_gurobi_bound: solver finished in 1.438 s (time_limit=100.0 s, status=OPTIMAL)
[ Info: slice 1, lp_score: 5397.0, primal_bound: 5408.0
QIP_gurobi_bound: solver finished in 1.624 s (time_limit=100.0 s, status=OPTIMAL)
[ Info: slice 2, lp_score: 5408.0, primal_bound: 5408.0
[ Info: new_scs: [36]
[ Info: lp_scores: [5408.0]
[ Info: lp_scores: 5408.0
[ Info: current num of unfinished slices: 8, finished slices: 32
                      ┌                                        ┐ 
                   36 ┤■■■■■■■■■■■■■■■■■■■■■■■■■■■■■■■■■■■■■ 1   
                   37 ┤■■■■■■■■■■■■■■■■■■■■■■■■■■■■■■■■■■■■■ 1   
                   38 ┤ 0                                        
                   39 ┤ 0                                        
                   40 ┤■■■■■■■■■■■■■■■■■■■■■■■■■■■■■■■■■■■■■ 1   
                   41 ┤ 0                                        
                   42 ┤ 0                                        
                   43 ┤ 0                                        
                   44 ┤ 0                                        
                   45 ┤ 0                                        
                   46 ┤ 0                                        
                   47 ┤■■■■■■■■■■■■■■■■■■■■■■■■■■■■■■■■■■■■■ 1   
   sc, target = 31 48 ┤ 0                                        
                   49 ┤ 0                                        
                   50 ┤ 0                                        
                   51 ┤ 0                                        
                   52 ┤ 0                                        
                   53 ┤ 0                                        
                   54 ┤ 0                                        
                   55 ┤■■■■■■■■■■■■■■■■■■■■■■■■■■■■■■■■■■■■■ 1   
                   56 ┤ 0                                        
                   57 ┤ 0                                        
                   58 ┤■■■■■■■■■■■■■■■■■■■■■■■■■■■■■■■■■■■■■ 1   
                   59 ┤■■■■■■■■■■■■■■■■■■■■■■■■■■■■■■■■■■■■■ 1   
                   60 ┤■■■■■■■■■■■■■■■■■■■■■■■■■■■■■■■■■■■■■ 1   
                      └                                        ┘ 
                                     num of slices               
[ Info: slicing branch with sc: 36.0
[ Info: cc.sc: 36.0
region size: 10
tbl0_rows:68 filtered_rows:68
QIP_gurobi_bound: solver finished in 1.327 s (time_limit=100.0 s, status=OPTIMAL)
[ Info: slice 1, lp_score: 5407.0, primal_bound: 5408.0
QIP_gurobi_bound: solver finished in 1.355 s (time_limit=100.0 s, status=OPTIMAL)
[ Info: slice 2, lp_score: 5408.0, primal_bound: 5408.0
[ Info: new_scs: [36]
[ Info: lp_scores: [5408.0]
[ Info: lp_scores: 5408.0
[ Info: current num of unfinished slices: 8, finished slices: 32
                      ┌                                        ┐ 
                   36 ┤■■■■■■■■■■■■■■■■■■■■■■■■■■■■■■■■■■■■■ 1   
                   37 ┤■■■■■■■■■■■■■■■■■■■■■■■■■■■■■■■■■■■■■ 1   
                   38 ┤ 0                                        
                   39 ┤ 0                                        
                   40 ┤■■■■■■■■■■■■■■■■■■■■■■■■■■■■■■■■■■■■■ 1   
                   41 ┤ 0                                        
                   42 ┤ 0                                        
                   43 ┤ 0                                        
                   44 ┤ 0                                        
                   45 ┤ 0                                        
                   46 ┤ 0                                        
                   47 ┤■■■■■■■■■■■■■■■■■■■■■■■■■■■■■■■■■■■■■ 1   
   sc, target = 31 48 ┤ 0                                        
                   49 ┤ 0                                        
                   50 ┤ 0                                        
                   51 ┤ 0                                        
                   52 ┤ 0                                        
                   53 ┤ 0                                        
                   54 ┤ 0                                        
                   55 ┤■■■■■■■■■■■■■■■■■■■■■■■■■■■■■■■■■■■■■ 1   
                   56 ┤ 0                                        
                   57 ┤ 0                                        
                   58 ┤■■■■■■■■■■■■■■■■■■■■■■■■■■■■■■■■■■■■■ 1   
                   59 ┤■■■■■■■■■■■■■■■■■■■■■■■■■■■■■■■■■■■■■ 1   
                   60 ┤■■■■■■■■■■■■■■■■■■■■■■■■■■■■■■■■■■■■■ 1   
                      └                                        ┘ 
                                     num of slices               
[ Info: slicing branch with sc: 36.0
[ Info: cc.sc: 36.0
region size: 10
tbl0_rows:31 filtered_rows:31
QIP_gurobi_bound: solver finished in 1.55 s (time_limit=100.0 s, status=OPTIMAL)
[ Info: slice 1, lp_score: 5408.0, primal_bound: 5408.0
QIP_gurobi_bound: solver finished in 1.271 s (time_limit=100.0 s, status=OPTIMAL)
[ Info: slice 2, lp_score: 5402.0, primal_bound: 5408.0
[ Info: new_scs: [34]
[ Info: lp_scores: [5408.0]
[ Info: lp_scores: 5408.0
[ Info: current num of unfinished slices: 8, finished slices: 32
                      ┌                                        ┐ 
                   34 ┤■■■■■■■■■■■■■■■■■■■■■■■■■■■■■■■■■■■■■ 1   
                   35 ┤ 0                                        
                   36 ┤ 0                                        
                   37 ┤■■■■■■■■■■■■■■■■■■■■■■■■■■■■■■■■■■■■■ 1   
                   38 ┤ 0                                        
                   39 ┤ 0                                        
                   40 ┤■■■■■■■■■■■■■■■■■■■■■■■■■■■■■■■■■■■■■ 1   
                   41 ┤ 0                                        
                   42 ┤ 0                                        
                   43 ┤ 0                                        
                   44 ┤ 0                                        
                   45 ┤ 0                                        
                   46 ┤ 0                                        
   sc, target = 31 47 ┤■■■■■■■■■■■■■■■■■■■■■■■■■■■■■■■■■■■■■ 1   
                   48 ┤ 0                                        
                   49 ┤ 0                                        
                   50 ┤ 0                                        
                   51 ┤ 0                                        
                   52 ┤ 0                                        
                   53 ┤ 0                                        
                   54 ┤ 0                                        
                   55 ┤■■■■■■■■■■■■■■■■■■■■■■■■■■■■■■■■■■■■■ 1   
                   56 ┤ 0                                        
                   57 ┤ 0                                        
                   58 ┤■■■■■■■■■■■■■■■■■■■■■■■■■■■■■■■■■■■■■ 1   
                   59 ┤■■■■■■■■■■■■■■■■■■■■■■■■■■■■■■■■■■■■■ 1   
                   60 ┤■■■■■■■■■■■■■■■■■■■■■■■■■■■■■■■■■■■■■ 1   
                      └                                        ┘ 
                                     num of slices               
[ Info: slicing branch with sc: 34.0
[ Info: cc.sc: 34.0
region size: 10
tbl0_rows:34 filtered_rows:34
QIP_gurobi_bound: solver finished in 1.402 s (time_limit=100.0 s, status=OPTIMAL)
[ Info: slice 1, lp_score: 5407.0, primal_bound: 5408.0
QIP_gurobi_bound: solver finished in 1.554 s (time_limit=100.0 s, status=OPTIMAL)
[ Info: slice 2, lp_score: 5408.0, primal_bound: 5408.0
[ Info: new_scs: [33]
[ Info: lp_scores: [5408.0]
[ Info: lp_scores: 5408.0
[ Info: current num of unfinished slices: 8, finished slices: 32
                      ┌                                        ┐ 
                   33 ┤■■■■■■■■■■■■■■■■■■■■■■■■■■■■■■■■■■■■■ 1   
                   34 ┤ 0                                        
                   35 ┤ 0                                        
                   36 ┤ 0                                        
                   37 ┤■■■■■■■■■■■■■■■■■■■■■■■■■■■■■■■■■■■■■ 1   
                   38 ┤ 0                                        
                   39 ┤ 0                                        
                   40 ┤■■■■■■■■■■■■■■■■■■■■■■■■■■■■■■■■■■■■■ 1   
                   41 ┤ 0                                        
                   42 ┤ 0                                        
                   43 ┤ 0                                        
                   44 ┤ 0                                        
                   45 ┤ 0                                        
   sc, target = 31 46 ┤ 0                                        
                   47 ┤■■■■■■■■■■■■■■■■■■■■■■■■■■■■■■■■■■■■■ 1   
                   48 ┤ 0                                        
                   49 ┤ 0                                        
                   50 ┤ 0                                        
                   51 ┤ 0                                        
                   52 ┤ 0                                        
                   53 ┤ 0                                        
                   54 ┤ 0                                        
                   55 ┤■■■■■■■■■■■■■■■■■■■■■■■■■■■■■■■■■■■■■ 1   
                   56 ┤ 0                                        
                   57 ┤ 0                                        
                   58 ┤■■■■■■■■■■■■■■■■■■■■■■■■■■■■■■■■■■■■■ 1   
                   59 ┤■■■■■■■■■■■■■■■■■■■■■■■■■■■■■■■■■■■■■ 1   
                   60 ┤■■■■■■■■■■■■■■■■■■■■■■■■■■■■■■■■■■■■■ 1   
                      └                                        ┘ 
                                     num of slices               
[ Info: slicing branch with sc: 33.0
[ Info: cc.sc: 33.0
region size: 10
tbl0_rows:36 filtered_rows:36
QIP_gurobi_bound: solver finished in 1.171 s (time_limit=100.0 s, status=OPTIMAL)
[ Info: slice 1, lp_score: 5407.0, primal_bound: 5408.0
QIP_gurobi_bound: solver finished in 1.297 s (time_limit=100.0 s, status=OPTIMAL)
[ Info: slice 2, lp_score: 5408.0, primal_bound: 5408.0
[ Info: new_scs: [33]
[ Info: lp_scores: [5408.0]
[ Info: lp_scores: 5408.0
[ Info: current num of unfinished slices: 8, finished slices: 32
                      ┌                                        ┐ 
                   33 ┤■■■■■■■■■■■■■■■■■■■■■■■■■■■■■■■■■■■■■ 1   
                   34 ┤ 0                                        
                   35 ┤ 0                                        
                   36 ┤ 0                                        
                   37 ┤■■■■■■■■■■■■■■■■■■■■■■■■■■■■■■■■■■■■■ 1   
                   38 ┤ 0                                        
                   39 ┤ 0                                        
                   40 ┤■■■■■■■■■■■■■■■■■■■■■■■■■■■■■■■■■■■■■ 1   
                   41 ┤ 0                                        
                   42 ┤ 0                                        
                   43 ┤ 0                                        
                   44 ┤ 0                                        
                   45 ┤ 0                                        
   sc, target = 31 46 ┤ 0                                        
                   47 ┤■■■■■■■■■■■■■■■■■■■■■■■■■■■■■■■■■■■■■ 1   
                   48 ┤ 0                                        
                   49 ┤ 0                                        
                   50 ┤ 0                                        
                   51 ┤ 0                                        
                   52 ┤ 0                                        
                   53 ┤ 0                                        
                   54 ┤ 0                                        
                   55 ┤■■■■■■■■■■■■■■■■■■■■■■■■■■■■■■■■■■■■■ 1   
                   56 ┤ 0                                        
                   57 ┤ 0                                        
                   58 ┤■■■■■■■■■■■■■■■■■■■■■■■■■■■■■■■■■■■■■ 1   
                   59 ┤■■■■■■■■■■■■■■■■■■■■■■■■■■■■■■■■■■■■■ 1   
                   60 ┤■■■■■■■■■■■■■■■■■■■■■■■■■■■■■■■■■■■■■ 1   
                      └                                        ┘ 
                                     num of slices               
[ Info: slicing branch with sc: 33.0
[ Info: cc.sc: 33.0
region size: 10
tbl0_rows:78 filtered_rows:78
QIP_gurobi_bound: solver finished in 1.241 s (time_limit=100.0 s, status=OPTIMAL)
[ Info: slice 1, lp_score: 5408.0, primal_bound: 5408.0
QIP_gurobi_bound: solver finished in 1.379 s (time_limit=100.0 s, status=OPTIMAL)
[ Info: slice 2, lp_score: 5407.0, primal_bound: 5408.0
QIP_gurobi_bound: solver finished in 1.21 s (time_limit=100.0 s, status=OPTIMAL)
[ Info: slice 3, lp_score: 5405.0, primal_bound: 5408.0
QIP_gurobi_bound: solver finished in 1.245 s (time_limit=100.0 s, status=OPTIMAL)
[ Info: slice 4, lp_score: 5401.0, primal_bound: 5408.0
[ Info: new_scs: [31]
[ Info: lp_scores: [5408.0]
[ Info: lp_scores: 5408.0
[ Info: current num of unfinished slices: 8, finished slices: 32
                      ┌                                        ┐ 
                   31 ┤■■■■■■■■■■■■■■■■■■■■■■■■■■■■■■■■■■■■■ 1   
                   32 ┤ 0                                        
                   33 ┤ 0                                        
                   34 ┤ 0                                        
                   35 ┤ 0                                        
                   36 ┤ 0                                        
                   37 ┤■■■■■■■■■■■■■■■■■■■■■■■■■■■■■■■■■■■■■ 1   
                   38 ┤ 0                                        
                   39 ┤ 0                                        
                   40 ┤■■■■■■■■■■■■■■■■■■■■■■■■■■■■■■■■■■■■■ 1   
                   41 ┤ 0                                        
                   42 ┤ 0                                        
                   43 ┤ 0                                        
                   44 ┤ 0                                        
   sc, target = 31 45 ┤ 0                                        
                   46 ┤ 0                                        
                   47 ┤■■■■■■■■■■■■■■■■■■■■■■■■■■■■■■■■■■■■■ 1   
                   48 ┤ 0                                        
                   49 ┤ 0                                        
                   50 ┤ 0                                        
                   51 ┤ 0                                        
                   52 ┤ 0                                        
                   53 ┤ 0                                        
                   54 ┤ 0                                        
                   55 ┤■■■■■■■■■■■■■■■■■■■■■■■■■■■■■■■■■■■■■ 1   
                   56 ┤ 0                                        
                   57 ┤ 0                                        
                   58 ┤■■■■■■■■■■■■■■■■■■■■■■■■■■■■■■■■■■■■■ 1   
                   59 ┤■■■■■■■■■■■■■■■■■■■■■■■■■■■■■■■■■■■■■ 1   
                   60 ┤■■■■■■■■■■■■■■■■■■■■■■■■■■■■■■■■■■■■■ 1   
                      └                                        ┘ 
                                     num of slices               
[ Info: slicing branch with sc: 31.0
  [slice produced] sc=31.0 tc=45.089964652370824 nv=3552 ne=6930 r=46.0
QIP_value_gurobi: solver finished in 1.221 s (time_limit=604800.0 s, status=OPTIMAL)
[ Info: feasible solution: 5408.0, primal bound: 5408.0
[ Info: current num of unfinished slices: 7, finished slices: 33
                      ┌                                        ┐ 
                   37 ┤■■■■■■■■■■■■■■■■■■■■■■■■■■■■■■■■■■■■■ 1   
                   38 ┤ 0                                        
                   39 ┤ 0                                        
                   40 ┤■■■■■■■■■■■■■■■■■■■■■■■■■■■■■■■■■■■■■ 1   
                   41 ┤ 0                                        
                   42 ┤ 0                                        
                   43 ┤ 0                                        
                   44 ┤ 0                                        
                   45 ┤ 0                                        
                   46 ┤ 0                                        
                   47 ┤■■■■■■■■■■■■■■■■■■■■■■■■■■■■■■■■■■■■■ 1   
   sc, target = 31 48 ┤ 0                                        
                   49 ┤ 0                                        
                   50 ┤ 0                                        
                   51 ┤ 0                                        
                   52 ┤ 0                                        
                   53 ┤ 0                                        
                   54 ┤ 0                                        
                   55 ┤■■■■■■■■■■■■■■■■■■■■■■■■■■■■■■■■■■■■■ 1   
                   56 ┤ 0                                        
                   57 ┤ 0                                        
                   58 ┤■■■■■■■■■■■■■■■■■■■■■■■■■■■■■■■■■■■■■ 1   
                   59 ┤■■■■■■■■■■■■■■■■■■■■■■■■■■■■■■■■■■■■■ 1   
                   60 ┤■■■■■■■■■■■■■■■■■■■■■■■■■■■■■■■■■■■■■ 1   
                      └                                        ┘ 
                                     num of slices               
[ Info: slicing branch with sc: 37.0
[ Info: cc.sc: 37.0
region size: 10
tbl0_rows:26 filtered_rows:26
QIP_gurobi_bound: solver finished in 1.327 s (time_limit=100.0 s, status=OPTIMAL)
[ Info: slice 1, lp_score: 5397.0, primal_bound: 5408.0
QIP_gurobi_bound: solver finished in 1.576 s (time_limit=100.0 s, status=OPTIMAL)
[ Info: slice 2, lp_score: 5408.0, primal_bound: 5408.0
[ Info: new_scs: [36]
[ Info: lp_scores: [5408.0]
[ Info: lp_scores: 5408.0
[ Info: current num of unfinished slices: 7, finished slices: 33
                      ┌                                        ┐ 
                   36 ┤■■■■■■■■■■■■■■■■■■■■■■■■■■■■■■■■■■■■■ 1   
                   37 ┤ 0                                        
                   38 ┤ 0                                        
                   39 ┤ 0                                        
                   40 ┤■■■■■■■■■■■■■■■■■■■■■■■■■■■■■■■■■■■■■ 1   
                   41 ┤ 0                                        
                   42 ┤ 0                                        
                   43 ┤ 0                                        
                   44 ┤ 0                                        
                   45 ┤ 0                                        
                   46 ┤ 0                                        
                   47 ┤■■■■■■■■■■■■■■■■■■■■■■■■■■■■■■■■■■■■■ 1   
   sc, target = 31 48 ┤ 0                                        
                   49 ┤ 0                                        
                   50 ┤ 0                                        
                   51 ┤ 0                                        
                   52 ┤ 0                                        
                   53 ┤ 0                                        
                   54 ┤ 0                                        
                   55 ┤■■■■■■■■■■■■■■■■■■■■■■■■■■■■■■■■■■■■■ 1   
                   56 ┤ 0                                        
                   57 ┤ 0                                        
                   58 ┤■■■■■■■■■■■■■■■■■■■■■■■■■■■■■■■■■■■■■ 1   
                   59 ┤■■■■■■■■■■■■■■■■■■■■■■■■■■■■■■■■■■■■■ 1   
                   60 ┤■■■■■■■■■■■■■■■■■■■■■■■■■■■■■■■■■■■■■ 1   
                      └                                        ┘ 
                                     num of slices               
[ Info: slicing branch with sc: 36.0
[ Info: cc.sc: 36.0
region size: 10
tbl0_rows:68 filtered_rows:68
QIP_gurobi_bound: solver finished in 1.347 s (time_limit=100.0 s, status=OPTIMAL)
[ Info: slice 1, lp_score: 5407.0, primal_bound: 5408.0
QIP_gurobi_bound: solver finished in 1.268 s (time_limit=100.0 s, status=OPTIMAL)
[ Info: slice 2, lp_score: 5408.0, primal_bound: 5408.0
[ Info: new_scs: [35]
[ Info: lp_scores: [5408.0]
[ Info: lp_scores: 5408.0
[ Info: current num of unfinished slices: 7, finished slices: 33
                      ┌                                        ┐ 
                   35 ┤■■■■■■■■■■■■■■■■■■■■■■■■■■■■■■■■■■■■■ 1   
                   36 ┤ 0                                        
                   37 ┤ 0                                        
                   38 ┤ 0                                        
                   39 ┤ 0                                        
                   40 ┤■■■■■■■■■■■■■■■■■■■■■■■■■■■■■■■■■■■■■ 1   
                   41 ┤ 0                                        
                   42 ┤ 0                                        
                   43 ┤ 0                                        
                   44 ┤ 0                                        
                   45 ┤ 0                                        
                   46 ┤ 0                                        
   sc, target = 31 47 ┤■■■■■■■■■■■■■■■■■■■■■■■■■■■■■■■■■■■■■ 1   
                   48 ┤ 0                                        
                   49 ┤ 0                                        
                   50 ┤ 0                                        
                   51 ┤ 0                                        
                   52 ┤ 0                                        
                   53 ┤ 0                                        
                   54 ┤ 0                                        
                   55 ┤■■■■■■■■■■■■■■■■■■■■■■■■■■■■■■■■■■■■■ 1   
                   56 ┤ 0                                        
                   57 ┤ 0                                        
                   58 ┤■■■■■■■■■■■■■■■■■■■■■■■■■■■■■■■■■■■■■ 1   
                   59 ┤■■■■■■■■■■■■■■■■■■■■■■■■■■■■■■■■■■■■■ 1   
                   60 ┤■■■■■■■■■■■■■■■■■■■■■■■■■■■■■■■■■■■■■ 1   
                      └                                        ┘ 
                                     num of slices               
[ Info: slicing branch with sc: 35.0
[ Info: cc.sc: 35.0
region size: 10
tbl0_rows:31 filtered_rows:31
QIP_gurobi_bound: solver finished in 1.3 s (time_limit=100.0 s, status=OPTIMAL)
[ Info: slice 1, lp_score: 5408.0, primal_bound: 5408.0
QIP_gurobi_bound: solver finished in 1.398 s (time_limit=100.0 s, status=OPTIMAL)
[ Info: slice 2, lp_score: 5402.0, primal_bound: 5408.0
[ Info: new_scs: [34]
[ Info: lp_scores: [5408.0]
[ Info: lp_scores: 5408.0
[ Info: current num of unfinished slices: 7, finished slices: 33
                      ┌                                        ┐ 
                   34 ┤■■■■■■■■■■■■■■■■■■■■■■■■■■■■■■■■■■■■■ 1   
                   35 ┤ 0                                        
                   36 ┤ 0                                        
                   37 ┤ 0                                        
                   38 ┤ 0                                        
                   39 ┤ 0                                        
                   40 ┤■■■■■■■■■■■■■■■■■■■■■■■■■■■■■■■■■■■■■ 1   
                   41 ┤ 0                                        
                   42 ┤ 0                                        
                   43 ┤ 0                                        
                   44 ┤ 0                                        
                   45 ┤ 0                                        
                   46 ┤ 0                                        
   sc, target = 31 47 ┤■■■■■■■■■■■■■■■■■■■■■■■■■■■■■■■■■■■■■ 1   
                   48 ┤ 0                                        
                   49 ┤ 0                                        
                   50 ┤ 0                                        
                   51 ┤ 0                                        
                   52 ┤ 0                                        
                   53 ┤ 0                                        
                   54 ┤ 0                                        
                   55 ┤■■■■■■■■■■■■■■■■■■■■■■■■■■■■■■■■■■■■■ 1   
                   56 ┤ 0                                        
                   57 ┤ 0                                        
                   58 ┤■■■■■■■■■■■■■■■■■■■■■■■■■■■■■■■■■■■■■ 1   
                   59 ┤■■■■■■■■■■■■■■■■■■■■■■■■■■■■■■■■■■■■■ 1   
                   60 ┤■■■■■■■■■■■■■■■■■■■■■■■■■■■■■■■■■■■■■ 1   
                      └                                        ┘ 
                                     num of slices               
[ Info: slicing branch with sc: 34.0
[ Info: cc.sc: 34.0
region size: 10
tbl0_rows:36 filtered_rows:36
QIP_gurobi_bound: solver finished in 1.334 s (time_limit=100.0 s, status=OPTIMAL)
[ Info: slice 1, lp_score: 5407.0, primal_bound: 5408.0
QIP_gurobi_bound: solver finished in 1.223 s (time_limit=100.0 s, status=OPTIMAL)
[ Info: slice 2, lp_score: 5408.0, primal_bound: 5408.0
[ Info: new_scs: [34]
[ Info: lp_scores: [5408.0]
[ Info: lp_scores: 5408.0
[ Info: current num of unfinished slices: 7, finished slices: 33
                      ┌                                        ┐ 
                   34 ┤■■■■■■■■■■■■■■■■■■■■■■■■■■■■■■■■■■■■■ 1   
                   35 ┤ 0                                        
                   36 ┤ 0                                        
                   37 ┤ 0                                        
                   38 ┤ 0                                        
                   39 ┤ 0                                        
                   40 ┤■■■■■■■■■■■■■■■■■■■■■■■■■■■■■■■■■■■■■ 1   
                   41 ┤ 0                                        
                   42 ┤ 0                                        
                   43 ┤ 0                                        
                   44 ┤ 0                                        
                   45 ┤ 0                                        
                   46 ┤ 0                                        
   sc, target = 31 47 ┤■■■■■■■■■■■■■■■■■■■■■■■■■■■■■■■■■■■■■ 1   
                   48 ┤ 0                                        
                   49 ┤ 0                                        
                   50 ┤ 0                                        
                   51 ┤ 0                                        
                   52 ┤ 0                                        
                   53 ┤ 0                                        
                   54 ┤ 0                                        
                   55 ┤■■■■■■■■■■■■■■■■■■■■■■■■■■■■■■■■■■■■■ 1   
                   56 ┤ 0                                        
                   57 ┤ 0                                        
                   58 ┤■■■■■■■■■■■■■■■■■■■■■■■■■■■■■■■■■■■■■ 1   
                   59 ┤■■■■■■■■■■■■■■■■■■■■■■■■■■■■■■■■■■■■■ 1   
                   60 ┤■■■■■■■■■■■■■■■■■■■■■■■■■■■■■■■■■■■■■ 1   
                      └                                        ┘ 
                                     num of slices               
[ Info: slicing branch with sc: 34.0
[ Info: cc.sc: 34.0
region size: 10
tbl0_rows:68 filtered_rows:68
QIP_gurobi_bound: solver finished in 1.365 s (time_limit=100.0 s, status=OPTIMAL)
[ Info: slice 1, lp_score: 5405.0, primal_bound: 5408.0
QIP_gurobi_bound: solver finished in 1.29 s (time_limit=100.0 s, status=OPTIMAL)
[ Info: slice 2, lp_score: 5408.0, primal_bound: 5408.0
QIP_gurobi_bound: solver finished in 1.402 s (time_limit=100.0 s, status=OPTIMAL)
[ Info: slice 3, lp_score: 5404.0, primal_bound: 5408.0
QIP_gurobi_bound: solver finished in 1.243 s (time_limit=100.0 s, status=OPTIMAL)
[ Info: slice 4, lp_score: 5405.0, primal_bound: 5408.0
QIP_gurobi_bound: solver finished in 1.238 s (time_limit=100.0 s, status=OPTIMAL)
[ Info: slice 5, lp_score: 5406.0, primal_bound: 5408.0
QIP_gurobi_bound: solver finished in 1.306 s (time_limit=100.0 s, status=OPTIMAL)
[ Info: slice 6, lp_score: 5408.0, primal_bound: 5408.0
QIP_gurobi_bound: solver finished in 1.288 s (time_limit=100.0 s, status=OPTIMAL)
[ Info: slice 7, lp_score: 5406.0, primal_bound: 5408.0
QIP_gurobi_bound: solver finished in 1.266 s (time_limit=100.0 s, status=OPTIMAL)
[ Info: slice 8, lp_score: 5404.0, primal_bound: 5408.0
QIP_gurobi_bound: solver finished in 1.205 s (time_limit=100.0 s, status=OPTIMAL)
[ Info: slice 9, lp_score: 5403.0, primal_bound: 5408.0
QIP_gurobi_bound: solver finished in 1.353 s (time_limit=100.0 s, status=OPTIMAL)
[ Info: slice 10, lp_score: 5406.0, primal_bound: 5408.0
QIP_gurobi_bound: solver finished in 1.183 s (time_limit=100.0 s, status=OPTIMAL)
[ Info: slice 11, lp_score: 5403.0, primal_bound: 5408.0
[ Info: new_scs: [32, 33]
[ Info: lp_scores: [5408.0, 5408.0]
[ Info: lp_scores: 5408.0
[ Info: lp_scores: 5408.0
[ Info: current num of unfinished slices: 8, finished slices: 33
                      ┌                                        ┐ 
                   32 ┤■■■■■■■■■■■■■■■■■■■■■■■■■■■■■■■■■■■■■ 1   
                   33 ┤■■■■■■■■■■■■■■■■■■■■■■■■■■■■■■■■■■■■■ 1   
                   34 ┤ 0                                        
                   35 ┤ 0                                        
                   36 ┤ 0                                        
                   37 ┤ 0                                        
                   38 ┤ 0                                        
                   39 ┤ 0                                        
                   40 ┤■■■■■■■■■■■■■■■■■■■■■■■■■■■■■■■■■■■■■ 1   
                   41 ┤ 0                                        
                   42 ┤ 0                                        
                   43 ┤ 0                                        
                   44 ┤ 0                                        
                   45 ┤ 0                                        
   sc, target = 31 46 ┤ 0                                        
                   47 ┤■■■■■■■■■■■■■■■■■■■■■■■■■■■■■■■■■■■■■ 1   
                   48 ┤ 0                                        
                   49 ┤ 0                                        
                   50 ┤ 0                                        
                   51 ┤ 0                                        
                   52 ┤ 0                                        
                   53 ┤ 0                                        
                   54 ┤ 0                                        
                   55 ┤■■■■■■■■■■■■■■■■■■■■■■■■■■■■■■■■■■■■■ 1   
                   56 ┤ 0                                        
                   57 ┤ 0                                        
                   58 ┤■■■■■■■■■■■■■■■■■■■■■■■■■■■■■■■■■■■■■ 1   
                   59 ┤■■■■■■■■■■■■■■■■■■■■■■■■■■■■■■■■■■■■■ 1   
                   60 ┤■■■■■■■■■■■■■■■■■■■■■■■■■■■■■■■■■■■■■ 1   
                      └                                        ┘ 
                                     num of slices               
[ Info: slicing branch with sc: 32.0
[ Info: cc.sc: 32.0
region size: 10
tbl0_rows:63 filtered_rows:63
QIP_gurobi_bound: solver finished in 1.287 s (time_limit=100.0 s, status=OPTIMAL)
[ Info: slice 1, lp_score: 5408.0, primal_bound: 5408.0
QIP_gurobi_bound: solver finished in 1.683 s (time_limit=100.0 s, status=OPTIMAL)
[ Info: slice 2, lp_score: 5408.0, primal_bound: 5408.0
[ Info: new_scs: [31, 31]
[ Info: lp_scores: [5408.0, 5408.0]
[ Info: lp_scores: 5408.0
[ Info: lp_scores: 5408.0
[ Info: current num of unfinished slices: 9, finished slices: 33
                      ┌                                        ┐ 
                   31 ┤■■■■■■■■■■■■■■■■■■■■■■■■■■■■■■■■■■■■■ 2   
                   32 ┤ 0                                        
                   33 ┤■■■■■■■■■■■■■■■■■■■ 1                     
                   34 ┤ 0                                        
                   35 ┤ 0                                        
                   36 ┤ 0                                        
                   37 ┤ 0                                        
                   38 ┤ 0                                        
                   39 ┤ 0                                        
                   40 ┤■■■■■■■■■■■■■■■■■■■ 1                     
                   41 ┤ 0                                        
                   42 ┤ 0                                        
                   43 ┤ 0                                        
                   44 ┤ 0                                        
   sc, target = 31 45 ┤ 0                                        
                   46 ┤ 0                                        
                   47 ┤■■■■■■■■■■■■■■■■■■■ 1                     
                   48 ┤ 0                                        
                   49 ┤ 0                                        
                   50 ┤ 0                                        
                   51 ┤ 0                                        
                   52 ┤ 0                                        
                   53 ┤ 0                                        
                   54 ┤ 0                                        
                   55 ┤■■■■■■■■■■■■■■■■■■■ 1                     
                   56 ┤ 0                                        
                   57 ┤ 0                                        
                   58 ┤■■■■■■■■■■■■■■■■■■■ 1                     
                   59 ┤■■■■■■■■■■■■■■■■■■■ 1                     
                   60 ┤■■■■■■■■■■■■■■■■■■■ 1                     
                      └                                        ┘ 
                                     num of slices               
[ Info: slicing branch with sc: 31.0
  [slice produced] sc=31.0 tc=44.71958520797358 nv=3551 ne=6925 r=44.5
QIP_value_gurobi: solver finished in 1.283 s (time_limit=604800.0 s, status=OPTIMAL)
[ Info: feasible solution: 5408.0, primal bound: 5408.0
[ Info: current num of unfinished slices: 8, finished slices: 34
                      ┌                                        ┐ 
                   31 ┤■■■■■■■■■■■■■■■■■■■■■■■■■■■■■■■■■■■■■ 1   
                   32 ┤ 0                                        
                   33 ┤■■■■■■■■■■■■■■■■■■■■■■■■■■■■■■■■■■■■■ 1   
                   34 ┤ 0                                        
                   35 ┤ 0                                        
                   36 ┤ 0                                        
                   37 ┤ 0                                        
                   38 ┤ 0                                        
                   39 ┤ 0                                        
                   40 ┤■■■■■■■■■■■■■■■■■■■■■■■■■■■■■■■■■■■■■ 1   
                   41 ┤ 0                                        
                   42 ┤ 0                                        
                   43 ┤ 0                                        
                   44 ┤ 0                                        
   sc, target = 31 45 ┤ 0                                        
                   46 ┤ 0                                        
                   47 ┤■■■■■■■■■■■■■■■■■■■■■■■■■■■■■■■■■■■■■ 1   
                   48 ┤ 0                                        
                   49 ┤ 0                                        
                   50 ┤ 0                                        
                   51 ┤ 0                                        
                   52 ┤ 0                                        
                   53 ┤ 0                                        
                   54 ┤ 0                                        
                   55 ┤■■■■■■■■■■■■■■■■■■■■■■■■■■■■■■■■■■■■■ 1   
                   56 ┤ 0                                        
                   57 ┤ 0                                        
                   58 ┤■■■■■■■■■■■■■■■■■■■■■■■■■■■■■■■■■■■■■ 1   
                   59 ┤■■■■■■■■■■■■■■■■■■■■■■■■■■■■■■■■■■■■■ 1   
                   60 ┤■■■■■■■■■■■■■■■■■■■■■■■■■■■■■■■■■■■■■ 1   
                      └                                        ┘ 
                                     num of slices               
[ Info: slicing branch with sc: 31.0
  [slice produced] sc=31.0 tc=45.25842331823323 nv=3551 ne=6925 r=43.5
QIP_value_gurobi: solver finished in 1.649 s (time_limit=604800.0 s, status=OPTIMAL)
[ Info: feasible solution: 5408.0, primal bound: 5408.0
[ Info: current num of unfinished slices: 7, finished slices: 35
                      ┌                                        ┐ 
                   33 ┤■■■■■■■■■■■■■■■■■■■■■■■■■■■■■■■■■■■■■ 1   
                   34 ┤ 0                                        
                   35 ┤ 0                                        
                   36 ┤ 0                                        
                   37 ┤ 0                                        
                   38 ┤ 0                                        
                   39 ┤ 0                                        
                   40 ┤■■■■■■■■■■■■■■■■■■■■■■■■■■■■■■■■■■■■■ 1   
                   41 ┤ 0                                        
                   42 ┤ 0                                        
                   43 ┤ 0                                        
                   44 ┤ 0                                        
                   45 ┤ 0                                        
   sc, target = 31 46 ┤ 0                                        
                   47 ┤■■■■■■■■■■■■■■■■■■■■■■■■■■■■■■■■■■■■■ 1   
                   48 ┤ 0                                        
                   49 ┤ 0                                        
                   50 ┤ 0                                        
                   51 ┤ 0                                        
                   52 ┤ 0                                        
                   53 ┤ 0                                        
                   54 ┤ 0                                        
                   55 ┤■■■■■■■■■■■■■■■■■■■■■■■■■■■■■■■■■■■■■ 1   
                   56 ┤ 0                                        
                   57 ┤ 0                                        
                   58 ┤■■■■■■■■■■■■■■■■■■■■■■■■■■■■■■■■■■■■■ 1   
                   59 ┤■■■■■■■■■■■■■■■■■■■■■■■■■■■■■■■■■■■■■ 1   
                   60 ┤■■■■■■■■■■■■■■■■■■■■■■■■■■■■■■■■■■■■■ 1   
                      └                                        ┘ 
                                     num of slices               
[ Info: slicing branch with sc: 33.0
[ Info: cc.sc: 33.0
region size: 10
tbl0_rows:101 filtered_rows:101
QIP_gurobi_bound: solver finished in 1.614 s (time_limit=100.0 s, status=OPTIMAL)
[ Info: slice 1, lp_score: 5408.0, primal_bound: 5408.0
QIP_gurobi_bound: solver finished in 1.263 s (time_limit=100.0 s, status=OPTIMAL)
[ Info: slice 2, lp_score: 5406.0, primal_bound: 5408.0
[ Info: new_scs: [32]
[ Info: lp_scores: [5408.0]
[ Info: lp_scores: 5408.0
[ Info: current num of unfinished slices: 7, finished slices: 35
                      ┌                                        ┐ 
                   32 ┤■■■■■■■■■■■■■■■■■■■■■■■■■■■■■■■■■■■■■ 1   
                   33 ┤ 0                                        
                   34 ┤ 0                                        
                   35 ┤ 0                                        
                   36 ┤ 0                                        
                   37 ┤ 0                                        
                   38 ┤ 0                                        
                   39 ┤ 0                                        
                   40 ┤■■■■■■■■■■■■■■■■■■■■■■■■■■■■■■■■■■■■■ 1   
                   41 ┤ 0                                        
                   42 ┤ 0                                        
                   43 ┤ 0                                        
                   44 ┤ 0                                        
                   45 ┤ 0                                        
   sc, target = 31 46 ┤ 0                                        
                   47 ┤■■■■■■■■■■■■■■■■■■■■■■■■■■■■■■■■■■■■■ 1   
                   48 ┤ 0                                        
                   49 ┤ 0                                        
                   50 ┤ 0                                        
                   51 ┤ 0                                        
                   52 ┤ 0                                        
                   53 ┤ 0                                        
                   54 ┤ 0                                        
                   55 ┤■■■■■■■■■■■■■■■■■■■■■■■■■■■■■■■■■■■■■ 1   
                   56 ┤ 0                                        
                   57 ┤ 0                                        
                   58 ┤■■■■■■■■■■■■■■■■■■■■■■■■■■■■■■■■■■■■■ 1   
                   59 ┤■■■■■■■■■■■■■■■■■■■■■■■■■■■■■■■■■■■■■ 1   
                   60 ┤■■■■■■■■■■■■■■■■■■■■■■■■■■■■■■■■■■■■■ 1   
                      └                                        ┘ 
                                     num of slices               
[ Info: slicing branch with sc: 32.0
[ Info: cc.sc: 32.0
region size: 10
tbl0_rows:81 filtered_rows:81
QIP_gurobi_bound: solver finished in 1.156 s (time_limit=100.0 s, status=OPTIMAL)
[ Info: slice 1, lp_score: 5408.0, primal_bound: 5408.0
QIP_gurobi_bound: solver finished in 1.207 s (time_limit=100.0 s, status=OPTIMAL)
[ Info: slice 2, lp_score: 5402.0, primal_bound: 5408.0
[ Info: new_scs: [31]
[ Info: lp_scores: [5408.0]
[ Info: lp_scores: 5408.0
[ Info: current num of unfinished slices: 7, finished slices: 35
                      ┌                                        ┐ 
                   31 ┤■■■■■■■■■■■■■■■■■■■■■■■■■■■■■■■■■■■■■ 1   
                   32 ┤ 0                                        
                   33 ┤ 0                                        
                   34 ┤ 0                                        
                   35 ┤ 0                                        
                   36 ┤ 0                                        
                   37 ┤ 0                                        
                   38 ┤ 0                                        
                   39 ┤ 0                                        
                   40 ┤■■■■■■■■■■■■■■■■■■■■■■■■■■■■■■■■■■■■■ 1   
                   41 ┤ 0                                        
                   42 ┤ 0                                        
                   43 ┤ 0                                        
                   44 ┤ 0                                        
   sc, target = 31 45 ┤ 0                                        
                   46 ┤ 0                                        
                   47 ┤■■■■■■■■■■■■■■■■■■■■■■■■■■■■■■■■■■■■■ 1   
                   48 ┤ 0                                        
                   49 ┤ 0                                        
                   50 ┤ 0                                        
                   51 ┤ 0                                        
                   52 ┤ 0                                        
                   53 ┤ 0                                        
                   54 ┤ 0                                        
                   55 ┤■■■■■■■■■■■■■■■■■■■■■■■■■■■■■■■■■■■■■ 1   
                   56 ┤ 0                                        
                   57 ┤ 0                                        
                   58 ┤■■■■■■■■■■■■■■■■■■■■■■■■■■■■■■■■■■■■■ 1   
                   59 ┤■■■■■■■■■■■■■■■■■■■■■■■■■■■■■■■■■■■■■ 1   
                   60 ┤■■■■■■■■■■■■■■■■■■■■■■■■■■■■■■■■■■■■■ 1   
                      └                                        ┘ 
                                     num of slices               
[ Info: slicing branch with sc: 31.0
  [slice produced] sc=31.0 tc=44.695484914657854 nv=3552 ne=6926 r=43.0
QIP_value_gurobi: solver finished in 1.147 s (time_limit=604800.0 s, status=OPTIMAL)
[ Info: feasible solution: 5408.0, primal bound: 5408.0
[ Info: current num of unfinished slices: 6, finished slices: 36
                      ┌                                        ┐ 
                   40 ┤■■■■■■■■■■■■■■■■■■■■■■■■■■■■■■■■■■■■■ 1   
                   41 ┤ 0                                        
                   42 ┤ 0                                        
                   43 ┤ 0                                        
                   44 ┤ 0                                        
                   45 ┤ 0                                        
                   46 ┤ 0                                        
                   47 ┤■■■■■■■■■■■■■■■■■■■■■■■■■■■■■■■■■■■■■ 1   
                   48 ┤ 0                                        
                   49 ┤ 0                                        
   sc, target = 31 50 ┤ 0                                        
                   51 ┤ 0                                        
                   52 ┤ 0                                        
                   53 ┤ 0                                        
                   54 ┤ 0                                        
                   55 ┤■■■■■■■■■■■■■■■■■■■■■■■■■■■■■■■■■■■■■ 1   
                   56 ┤ 0                                        
                   57 ┤ 0                                        
                   58 ┤■■■■■■■■■■■■■■■■■■■■■■■■■■■■■■■■■■■■■ 1   
                   59 ┤■■■■■■■■■■■■■■■■■■■■■■■■■■■■■■■■■■■■■ 1   
                   60 ┤■■■■■■■■■■■■■■■■■■■■■■■■■■■■■■■■■■■■■ 1   
                      └                                        ┘ 
                                     num of slices               
[ Info: slicing branch with sc: 40.0
[ Info: cc.sc: 40.0
region size: 10
tbl0_rows:59 filtered_rows:59
QIP_gurobi_bound: solver finished in 1.272 s (time_limit=100.0 s, status=OPTIMAL)
[ Info: slice 1, lp_score: 5408.0, primal_bound: 5408.0
QIP_gurobi_bound: solver finished in 1.587 s (time_limit=100.0 s, status=OPTIMAL)
[ Info: slice 2, lp_score: 5404.0, primal_bound: 5408.0
[ Info: new_scs: [40]
[ Info: lp_scores: [5408.0]
[ Info: lp_scores: 5408.0
[ Info: current num of unfinished slices: 6, finished slices: 36
                      ┌                                        ┐ 
                   40 ┤■■■■■■■■■■■■■■■■■■■■■■■■■■■■■■■■■■■■■ 1   
                   41 ┤ 0                                        
                   42 ┤ 0                                        
                   43 ┤ 0                                        
                   44 ┤ 0                                        
                   45 ┤ 0                                        
                   46 ┤ 0                                        
                   47 ┤■■■■■■■■■■■■■■■■■■■■■■■■■■■■■■■■■■■■■ 1   
                   48 ┤ 0                                        
                   49 ┤ 0                                        
   sc, target = 31 50 ┤ 0                                        
                   51 ┤ 0                                        
                   52 ┤ 0                                        
                   53 ┤ 0                                        
                   54 ┤ 0                                        
                   55 ┤■■■■■■■■■■■■■■■■■■■■■■■■■■■■■■■■■■■■■ 1   
                   56 ┤ 0                                        
                   57 ┤ 0                                        
                   58 ┤■■■■■■■■■■■■■■■■■■■■■■■■■■■■■■■■■■■■■ 1   
                   59 ┤■■■■■■■■■■■■■■■■■■■■■■■■■■■■■■■■■■■■■ 1   
                   60 ┤■■■■■■■■■■■■■■■■■■■■■■■■■■■■■■■■■■■■■ 1   
                      └                                        ┘ 
                                     num of slices               
[ Info: slicing branch with sc: 40.0
[ Info: cc.sc: 40.0
region size: 10
tbl0_rows:49 filtered_rows:49
QIP_gurobi_bound: solver finished in 4.709 s (time_limit=100.0 s, status=OPTIMAL)
[ Info: slice 1, lp_score: 5407.0, primal_bound: 5408.0
QIP_gurobi_bound: solver finished in 1.468 s (time_limit=100.0 s, status=OPTIMAL)
[ Info: slice 2, lp_score: 5408.0, primal_bound: 5408.0
[ Info: new_scs: [39]
[ Info: lp_scores: [5408.0]
[ Info: lp_scores: 5408.0
[ Info: current num of unfinished slices: 6, finished slices: 36
                      ┌                                        ┐ 
                   39 ┤■■■■■■■■■■■■■■■■■■■■■■■■■■■■■■■■■■■■■ 1   
                   40 ┤ 0                                        
                   41 ┤ 0                                        
                   42 ┤ 0                                        
                   43 ┤ 0                                        
                   44 ┤ 0                                        
                   45 ┤ 0                                        
                   46 ┤ 0                                        
                   47 ┤■■■■■■■■■■■■■■■■■■■■■■■■■■■■■■■■■■■■■ 1   
                   48 ┤ 0                                        
   sc, target = 31 49 ┤ 0                                        
                   50 ┤ 0                                        
                   51 ┤ 0                                        
                   52 ┤ 0                                        
                   53 ┤ 0                                        
                   54 ┤ 0                                        
                   55 ┤■■■■■■■■■■■■■■■■■■■■■■■■■■■■■■■■■■■■■ 1   
                   56 ┤ 0                                        
                   57 ┤ 0                                        
                   58 ┤■■■■■■■■■■■■■■■■■■■■■■■■■■■■■■■■■■■■■ 1   
                   59 ┤■■■■■■■■■■■■■■■■■■■■■■■■■■■■■■■■■■■■■ 1   
                   60 ┤■■■■■■■■■■■■■■■■■■■■■■■■■■■■■■■■■■■■■ 1   
                      └                                        ┘ 
                                     num of slices               
[ Info: slicing branch with sc: 39.0
[ Info: cc.sc: 39.0
region size: 10
tbl0_rows:29 filtered_rows:29
QIP_gurobi_bound: solver finished in 1.251 s (time_limit=100.0 s, status=OPTIMAL)
[ Info: slice 1, lp_score: 5408.0, primal_bound: 5408.0
QIP_gurobi_bound: solver finished in 1.247 s (time_limit=100.0 s, status=OPTIMAL)
[ Info: slice 2, lp_score: 5408.0, primal_bound: 5408.0
[ Info: new_scs: [39, 39]
[ Info: lp_scores: [5408.0, 5408.0]
[ Info: lp_scores: 5408.0
[ Info: lp_scores: 5408.0
[ Info: current num of unfinished slices: 7, finished slices: 36
                      ┌                                        ┐ 
                   39 ┤■■■■■■■■■■■■■■■■■■■■■■■■■■■■■■■■■■■■■ 2   
                   40 ┤ 0                                        
                   41 ┤ 0                                        
                   42 ┤ 0                                        
                   43 ┤ 0                                        
                   44 ┤ 0                                        
                   45 ┤ 0                                        
                   46 ┤ 0                                        
                   47 ┤■■■■■■■■■■■■■■■■■■■ 1                     
                   48 ┤ 0                                        
   sc, target = 31 49 ┤ 0                                        
                   50 ┤ 0                                        
                   51 ┤ 0                                        
                   52 ┤ 0                                        
                   53 ┤ 0                                        
                   54 ┤ 0                                        
                   55 ┤■■■■■■■■■■■■■■■■■■■ 1                     
                   56 ┤ 0                                        
                   57 ┤ 0                                        
                   58 ┤■■■■■■■■■■■■■■■■■■■ 1                     
                   59 ┤■■■■■■■■■■■■■■■■■■■ 1                     
                   60 ┤■■■■■■■■■■■■■■■■■■■ 1                     
                      └                                        ┘ 
                                     num of slices               
[ Info: slicing branch with sc: 39.0
[ Info: cc.sc: 39.0
region size: 10
tbl0_rows:56 filtered_rows:56
QIP_gurobi_bound: solver finished in 1.266 s (time_limit=100.0 s, status=OPTIMAL)
[ Info: slice 1, lp_score: 5408.0, primal_bound: 5408.0
QIP_gurobi_bound: solver finished in 1.404 s (time_limit=100.0 s, status=OPTIMAL)
[ Info: slice 2, lp_score: 5404.0, primal_bound: 5408.0
[ Info: new_scs: [38]
[ Info: lp_scores: [5408.0]
[ Info: lp_scores: 5408.0
[ Info: current num of unfinished slices: 7, finished slices: 36
                      ┌                                        ┐ 
                   38 ┤■■■■■■■■■■■■■■■■■■■■■■■■■■■■■■■■■■■■■ 1   
                   39 ┤■■■■■■■■■■■■■■■■■■■■■■■■■■■■■■■■■■■■■ 1   
                   40 ┤ 0                                        
                   41 ┤ 0                                        
                   42 ┤ 0                                        
                   43 ┤ 0                                        
                   44 ┤ 0                                        
                   45 ┤ 0                                        
                   46 ┤ 0                                        
                   47 ┤■■■■■■■■■■■■■■■■■■■■■■■■■■■■■■■■■■■■■ 1   
                   48 ┤ 0                                        
   sc, target = 31 49 ┤ 0                                        
                   50 ┤ 0                                        
                   51 ┤ 0                                        
                   52 ┤ 0                                        
                   53 ┤ 0                                        
                   54 ┤ 0                                        
                   55 ┤■■■■■■■■■■■■■■■■■■■■■■■■■■■■■■■■■■■■■ 1   
                   56 ┤ 0                                        
                   57 ┤ 0                                        
                   58 ┤■■■■■■■■■■■■■■■■■■■■■■■■■■■■■■■■■■■■■ 1   
                   59 ┤■■■■■■■■■■■■■■■■■■■■■■■■■■■■■■■■■■■■■ 1   
                   60 ┤■■■■■■■■■■■■■■■■■■■■■■■■■■■■■■■■■■■■■ 1   
                      └                                        ┘ 
                                     num of slices               
[ Info: slicing branch with sc: 38.0
[ Info: cc.sc: 38.0
region size: 10
tbl0_rows:22 filtered_rows:22
QIP_gurobi_bound: solver finished in 1.674 s (time_limit=100.0 s, status=OPTIMAL)
[ Info: slice 1, lp_score: 5404.0, primal_bound: 5408.0
QIP_gurobi_bound: solver finished in 1.421 s (time_limit=100.0 s, status=OPTIMAL)
[ Info: slice 2, lp_score: 5408.0, primal_bound: 5408.0
[ Info: new_scs: [38]
[ Info: lp_scores: [5408.0]
[ Info: lp_scores: 5408.0
[ Info: current num of unfinished slices: 7, finished slices: 36
                      ┌                                        ┐ 
                   38 ┤■■■■■■■■■■■■■■■■■■■■■■■■■■■■■■■■■■■■■ 1   
                   39 ┤■■■■■■■■■■■■■■■■■■■■■■■■■■■■■■■■■■■■■ 1   
                   40 ┤ 0                                        
                   41 ┤ 0                                        
                   42 ┤ 0                                        
                   43 ┤ 0                                        
                   44 ┤ 0                                        
                   45 ┤ 0                                        
                   46 ┤ 0                                        
                   47 ┤■■■■■■■■■■■■■■■■■■■■■■■■■■■■■■■■■■■■■ 1   
                   48 ┤ 0                                        
   sc, target = 31 49 ┤ 0                                        
                   50 ┤ 0                                        
                   51 ┤ 0                                        
                   52 ┤ 0                                        
                   53 ┤ 0                                        
                   54 ┤ 0                                        
                   55 ┤■■■■■■■■■■■■■■■■■■■■■■■■■■■■■■■■■■■■■ 1   
                   56 ┤ 0                                        
                   57 ┤ 0                                        
                   58 ┤■■■■■■■■■■■■■■■■■■■■■■■■■■■■■■■■■■■■■ 1   
                   59 ┤■■■■■■■■■■■■■■■■■■■■■■■■■■■■■■■■■■■■■ 1   
                   60 ┤■■■■■■■■■■■■■■■■■■■■■■■■■■■■■■■■■■■■■ 1   
                      └                                        ┘ 
                                     num of slices               
[ Info: slicing branch with sc: 38.0
[ Info: cc.sc: 38.0
region size: 10
tbl0_rows:26 filtered_rows:26
QIP_gurobi_bound: solver finished in 1.62 s (time_limit=100.0 s, status=OPTIMAL)
[ Info: slice 1, lp_score: 5408.0, primal_bound: 5408.0
QIP_gurobi_bound: solver finished in 1.287 s (time_limit=100.0 s, status=OPTIMAL)
[ Info: slice 2, lp_score: 5403.0, primal_bound: 5408.0
[ Info: new_scs: [37]
[ Info: lp_scores: [5408.0]
[ Info: lp_scores: 5408.0
[ Info: current num of unfinished slices: 7, finished slices: 36
                      ┌                                        ┐ 
                   37 ┤■■■■■■■■■■■■■■■■■■■■■■■■■■■■■■■■■■■■■ 1   
                   38 ┤ 0                                        
                   39 ┤■■■■■■■■■■■■■■■■■■■■■■■■■■■■■■■■■■■■■ 1   
                   40 ┤ 0                                        
                   41 ┤ 0                                        
                   42 ┤ 0                                        
                   43 ┤ 0                                        
                   44 ┤ 0                                        
                   45 ┤ 0                                        
                   46 ┤ 0                                        
                   47 ┤■■■■■■■■■■■■■■■■■■■■■■■■■■■■■■■■■■■■■ 1   
   sc, target = 31 48 ┤ 0                                        
                   49 ┤ 0                                        
                   50 ┤ 0                                        
                   51 ┤ 0                                        
                   52 ┤ 0                                        
                   53 ┤ 0                                        
                   54 ┤ 0                                        
                   55 ┤■■■■■■■■■■■■■■■■■■■■■■■■■■■■■■■■■■■■■ 1   
                   56 ┤ 0                                        
                   57 ┤ 0                                        
                   58 ┤■■■■■■■■■■■■■■■■■■■■■■■■■■■■■■■■■■■■■ 1   
                   59 ┤■■■■■■■■■■■■■■■■■■■■■■■■■■■■■■■■■■■■■ 1   
                   60 ┤■■■■■■■■■■■■■■■■■■■■■■■■■■■■■■■■■■■■■ 1   
                      └                                        ┘ 
                                     num of slices               
[ Info: slicing branch with sc: 37.0
[ Info: cc.sc: 37.0
region size: 10
tbl0_rows:26 filtered_rows:26
QIP_gurobi_bound: solver finished in 1.232 s (time_limit=100.0 s, status=OPTIMAL)
[ Info: slice 1, lp_score: 5397.0, primal_bound: 5408.0
QIP_gurobi_bound: solver finished in 1.313 s (time_limit=100.0 s, status=OPTIMAL)
[ Info: slice 2, lp_score: 5408.0, primal_bound: 5408.0
[ Info: new_scs: [36]
[ Info: lp_scores: [5408.0]
[ Info: lp_scores: 5408.0
[ Info: current num of unfinished slices: 7, finished slices: 36
                      ┌                                        ┐ 
                   36 ┤■■■■■■■■■■■■■■■■■■■■■■■■■■■■■■■■■■■■■ 1   
                   37 ┤ 0                                        
                   38 ┤ 0                                        
                   39 ┤■■■■■■■■■■■■■■■■■■■■■■■■■■■■■■■■■■■■■ 1   
                   40 ┤ 0                                        
                   41 ┤ 0                                        
                   42 ┤ 0                                        
                   43 ┤ 0                                        
                   44 ┤ 0                                        
                   45 ┤ 0                                        
                   46 ┤ 0                                        
                   47 ┤■■■■■■■■■■■■■■■■■■■■■■■■■■■■■■■■■■■■■ 1   
   sc, target = 31 48 ┤ 0                                        
                   49 ┤ 0                                        
                   50 ┤ 0                                        
                   51 ┤ 0                                        
                   52 ┤ 0                                        
                   53 ┤ 0                                        
                   54 ┤ 0                                        
                   55 ┤■■■■■■■■■■■■■■■■■■■■■■■■■■■■■■■■■■■■■ 1   
                   56 ┤ 0                                        
                   57 ┤ 0                                        
                   58 ┤■■■■■■■■■■■■■■■■■■■■■■■■■■■■■■■■■■■■■ 1   
                   59 ┤■■■■■■■■■■■■■■■■■■■■■■■■■■■■■■■■■■■■■ 1   
                   60 ┤■■■■■■■■■■■■■■■■■■■■■■■■■■■■■■■■■■■■■ 1   
                      └                                        ┘ 
                                     num of slices               
[ Info: slicing branch with sc: 36.0
[ Info: cc.sc: 36.0
region size: 10
tbl0_rows:48 filtered_rows:48
QIP_gurobi_bound: solver finished in 1.326 s (time_limit=100.0 s, status=OPTIMAL)
[ Info: slice 1, lp_score: 5408.0, primal_bound: 5408.0
QIP_gurobi_bound: solver finished in 1.373 s (time_limit=100.0 s, status=OPTIMAL)
[ Info: slice 2, lp_score: 5406.0, primal_bound: 5408.0
[ Info: new_scs: [35]
[ Info: lp_scores: [5408.0]
[ Info: lp_scores: 5408.0
[ Info: current num of unfinished slices: 7, finished slices: 36
                      ┌                                        ┐ 
                   35 ┤■■■■■■■■■■■■■■■■■■■■■■■■■■■■■■■■■■■■■ 1   
                   36 ┤ 0                                        
                   37 ┤ 0                                        
                   38 ┤ 0                                        
                   39 ┤■■■■■■■■■■■■■■■■■■■■■■■■■■■■■■■■■■■■■ 1   
                   40 ┤ 0                                        
                   41 ┤ 0                                        
                   42 ┤ 0                                        
                   43 ┤ 0                                        
                   44 ┤ 0                                        
                   45 ┤ 0                                        
                   46 ┤ 0                                        
   sc, target = 31 47 ┤■■■■■■■■■■■■■■■■■■■■■■■■■■■■■■■■■■■■■ 1   
                   48 ┤ 0                                        
                   49 ┤ 0                                        
                   50 ┤ 0                                        
                   51 ┤ 0                                        
                   52 ┤ 0                                        
                   53 ┤ 0                                        
                   54 ┤ 0                                        
                   55 ┤■■■■■■■■■■■■■■■■■■■■■■■■■■■■■■■■■■■■■ 1   
                   56 ┤ 0                                        
                   57 ┤ 0                                        
                   58 ┤■■■■■■■■■■■■■■■■■■■■■■■■■■■■■■■■■■■■■ 1   
                   59 ┤■■■■■■■■■■■■■■■■■■■■■■■■■■■■■■■■■■■■■ 1   
                   60 ┤■■■■■■■■■■■■■■■■■■■■■■■■■■■■■■■■■■■■■ 1   
                      └                                        ┘ 
                                     num of slices               
[ Info: slicing branch with sc: 35.0
[ Info: cc.sc: 35.0
region size: 10
tbl0_rows:40 filtered_rows:40
QIP_gurobi_bound: solver finished in 1.248 s (time_limit=100.0 s, status=OPTIMAL)
[ Info: slice 1, lp_score: 5408.0, primal_bound: 5408.0
QIP_gurobi_bound: solver finished in 1.27 s (time_limit=100.0 s, status=OPTIMAL)
[ Info: slice 2, lp_score: 5401.0, primal_bound: 5408.0
[ Info: new_scs: [35]
[ Info: lp_scores: [5408.0]
[ Info: lp_scores: 5408.0
[ Info: current num of unfinished slices: 7, finished slices: 36
                      ┌                                        ┐ 
                   35 ┤■■■■■■■■■■■■■■■■■■■■■■■■■■■■■■■■■■■■■ 1   
                   36 ┤ 0                                        
                   37 ┤ 0                                        
                   38 ┤ 0                                        
                   39 ┤■■■■■■■■■■■■■■■■■■■■■■■■■■■■■■■■■■■■■ 1   
                   40 ┤ 0                                        
                   41 ┤ 0                                        
                   42 ┤ 0                                        
                   43 ┤ 0                                        
                   44 ┤ 0                                        
                   45 ┤ 0                                        
                   46 ┤ 0                                        
   sc, target = 31 47 ┤■■■■■■■■■■■■■■■■■■■■■■■■■■■■■■■■■■■■■ 1   
                   48 ┤ 0                                        
                   49 ┤ 0                                        
                   50 ┤ 0                                        
                   51 ┤ 0                                        
                   52 ┤ 0                                        
                   53 ┤ 0                                        
                   54 ┤ 0                                        
                   55 ┤■■■■■■■■■■■■■■■■■■■■■■■■■■■■■■■■■■■■■ 1   
                   56 ┤ 0                                        
                   57 ┤ 0                                        
                   58 ┤■■■■■■■■■■■■■■■■■■■■■■■■■■■■■■■■■■■■■ 1   
                   59 ┤■■■■■■■■■■■■■■■■■■■■■■■■■■■■■■■■■■■■■ 1   
                   60 ┤■■■■■■■■■■■■■■■■■■■■■■■■■■■■■■■■■■■■■ 1   
                      └                                        ┘ 
                                     num of slices               
[ Info: slicing branch with sc: 35.0
[ Info: cc.sc: 35.0
region size: 10
tbl0_rows:50 filtered_rows:50
QIP_gurobi_bound: solver finished in 1.379 s (time_limit=100.0 s, status=OPTIMAL)
[ Info: slice 1, lp_score: 5408.0, primal_bound: 5408.0
QIP_gurobi_bound: solver finished in 1.251 s (time_limit=100.0 s, status=OPTIMAL)
[ Info: slice 2, lp_score: 5403.0, primal_bound: 5408.0
[ Info: new_scs: [35]
[ Info: lp_scores: [5408.0]
[ Info: lp_scores: 5408.0
[ Info: current num of unfinished slices: 7, finished slices: 36
                      ┌                                        ┐ 
                   35 ┤■■■■■■■■■■■■■■■■■■■■■■■■■■■■■■■■■■■■■ 1   
                   36 ┤ 0                                        
                   37 ┤ 0                                        
                   38 ┤ 0                                        
                   39 ┤■■■■■■■■■■■■■■■■■■■■■■■■■■■■■■■■■■■■■ 1   
                   40 ┤ 0                                        
                   41 ┤ 0                                        
                   42 ┤ 0                                        
                   43 ┤ 0                                        
                   44 ┤ 0                                        
                   45 ┤ 0                                        
                   46 ┤ 0                                        
   sc, target = 31 47 ┤■■■■■■■■■■■■■■■■■■■■■■■■■■■■■■■■■■■■■ 1   
                   48 ┤ 0                                        
                   49 ┤ 0                                        
                   50 ┤ 0                                        
                   51 ┤ 0                                        
                   52 ┤ 0                                        
                   53 ┤ 0                                        
                   54 ┤ 0                                        
                   55 ┤■■■■■■■■■■■■■■■■■■■■■■■■■■■■■■■■■■■■■ 1   
                   56 ┤ 0                                        
                   57 ┤ 0                                        
                   58 ┤■■■■■■■■■■■■■■■■■■■■■■■■■■■■■■■■■■■■■ 1   
                   59 ┤■■■■■■■■■■■■■■■■■■■■■■■■■■■■■■■■■■■■■ 1   
                   60 ┤■■■■■■■■■■■■■■■■■■■■■■■■■■■■■■■■■■■■■ 1   
                      └                                        ┘ 
                                     num of slices               
[ Info: slicing branch with sc: 35.0
[ Info: cc.sc: 35.0
region size: 10
tbl0_rows:50 filtered_rows:50
QIP_gurobi_bound: solver finished in 1.388 s (time_limit=100.0 s, status=OPTIMAL)
[ Info: slice 1, lp_score: 5408.0, primal_bound: 5408.0
QIP_gurobi_bound: solver finished in 1.291 s (time_limit=100.0 s, status=OPTIMAL)
[ Info: slice 2, lp_score: 5407.0, primal_bound: 5408.0
[ Info: new_scs: [34]
[ Info: lp_scores: [5408.0]
[ Info: lp_scores: 5408.0
[ Info: current num of unfinished slices: 7, finished slices: 36
                      ┌                                        ┐ 
                   34 ┤■■■■■■■■■■■■■■■■■■■■■■■■■■■■■■■■■■■■■ 1   
                   35 ┤ 0                                        
                   36 ┤ 0                                        
                   37 ┤ 0                                        
                   38 ┤ 0                                        
                   39 ┤■■■■■■■■■■■■■■■■■■■■■■■■■■■■■■■■■■■■■ 1   
                   40 ┤ 0                                        
                   41 ┤ 0                                        
                   42 ┤ 0                                        
                   43 ┤ 0                                        
                   44 ┤ 0                                        
                   45 ┤ 0                                        
                   46 ┤ 0                                        
   sc, target = 31 47 ┤■■■■■■■■■■■■■■■■■■■■■■■■■■■■■■■■■■■■■ 1   
                   48 ┤ 0                                        
                   49 ┤ 0                                        
                   50 ┤ 0                                        
                   51 ┤ 0                                        
                   52 ┤ 0                                        
                   53 ┤ 0                                        
                   54 ┤ 0                                        
                   55 ┤■■■■■■■■■■■■■■■■■■■■■■■■■■■■■■■■■■■■■ 1   
                   56 ┤ 0                                        
                   57 ┤ 0                                        
                   58 ┤■■■■■■■■■■■■■■■■■■■■■■■■■■■■■■■■■■■■■ 1   
                   59 ┤■■■■■■■■■■■■■■■■■■■■■■■■■■■■■■■■■■■■■ 1   
                   60 ┤■■■■■■■■■■■■■■■■■■■■■■■■■■■■■■■■■■■■■ 1   
                      └                                        ┘ 
                                     num of slices               
[ Info: slicing branch with sc: 34.0
[ Info: cc.sc: 34.0
region size: 10
tbl0_rows:40 filtered_rows:40
QIP_gurobi_bound: solver finished in 1.296 s (time_limit=100.0 s, status=OPTIMAL)
[ Info: slice 1, lp_score: 5408.0, primal_bound: 5408.0
QIP_gurobi_bound: solver finished in 1.211 s (time_limit=100.0 s, status=OPTIMAL)
[ Info: slice 2, lp_score: 5406.0, primal_bound: 5408.0
[ Info: new_scs: [32]
[ Info: lp_scores: [5408.0]
[ Info: lp_scores: 5408.0
[ Info: current num of unfinished slices: 7, finished slices: 36
                      ┌                                        ┐ 
                   32 ┤■■■■■■■■■■■■■■■■■■■■■■■■■■■■■■■■■■■■■ 1   
                   33 ┤ 0                                        
                   34 ┤ 0                                        
                   35 ┤ 0                                        
                   36 ┤ 0                                        
                   37 ┤ 0                                        
                   38 ┤ 0                                        
                   39 ┤■■■■■■■■■■■■■■■■■■■■■■■■■■■■■■■■■■■■■ 1   
                   40 ┤ 0                                        
                   41 ┤ 0                                        
                   42 ┤ 0                                        
                   43 ┤ 0                                        
                   44 ┤ 0                                        
                   45 ┤ 0                                        
   sc, target = 31 46 ┤ 0                                        
                   47 ┤■■■■■■■■■■■■■■■■■■■■■■■■■■■■■■■■■■■■■ 1   
                   48 ┤ 0                                        
                   49 ┤ 0                                        
                   50 ┤ 0                                        
                   51 ┤ 0                                        
                   52 ┤ 0                                        
                   53 ┤ 0                                        
                   54 ┤ 0                                        
                   55 ┤■■■■■■■■■■■■■■■■■■■■■■■■■■■■■■■■■■■■■ 1   
                   56 ┤ 0                                        
                   57 ┤ 0                                        
                   58 ┤■■■■■■■■■■■■■■■■■■■■■■■■■■■■■■■■■■■■■ 1   
                   59 ┤■■■■■■■■■■■■■■■■■■■■■■■■■■■■■■■■■■■■■ 1   
                   60 ┤■■■■■■■■■■■■■■■■■■■■■■■■■■■■■■■■■■■■■ 1   
                      └                                        ┘ 
                                     num of slices               
[ Info: slicing branch with sc: 32.0
[ Info: cc.sc: 32.0
region size: 10
tbl0_rows:55 filtered_rows:55
QIP_gurobi_bound: solver finished in 1.435 s (time_limit=100.0 s, status=OPTIMAL)
[ Info: slice 1, lp_score: 5408.0, primal_bound: 5408.0
QIP_gurobi_bound: solver finished in 1.186 s (time_limit=100.0 s, status=OPTIMAL)
[ Info: slice 2, lp_score: 5405.0, primal_bound: 5408.0
[ Info: new_scs: [32]
[ Info: lp_scores: [5408.0]
[ Info: lp_scores: 5408.0
[ Info: current num of unfinished slices: 7, finished slices: 36
                      ┌                                        ┐ 
                   32 ┤■■■■■■■■■■■■■■■■■■■■■■■■■■■■■■■■■■■■■ 1   
                   33 ┤ 0                                        
                   34 ┤ 0                                        
                   35 ┤ 0                                        
                   36 ┤ 0                                        
                   37 ┤ 0                                        
                   38 ┤ 0                                        
                   39 ┤■■■■■■■■■■■■■■■■■■■■■■■■■■■■■■■■■■■■■ 1   
                   40 ┤ 0                                        
                   41 ┤ 0                                        
                   42 ┤ 0                                        
                   43 ┤ 0                                        
                   44 ┤ 0                                        
                   45 ┤ 0                                        
   sc, target = 31 46 ┤ 0                                        
                   47 ┤■■■■■■■■■■■■■■■■■■■■■■■■■■■■■■■■■■■■■ 1   
                   48 ┤ 0                                        
                   49 ┤ 0                                        
                   50 ┤ 0                                        
                   51 ┤ 0                                        
                   52 ┤ 0                                        
                   53 ┤ 0                                        
                   54 ┤ 0                                        
                   55 ┤■■■■■■■■■■■■■■■■■■■■■■■■■■■■■■■■■■■■■ 1   
                   56 ┤ 0                                        
                   57 ┤ 0                                        
                   58 ┤■■■■■■■■■■■■■■■■■■■■■■■■■■■■■■■■■■■■■ 1   
                   59 ┤■■■■■■■■■■■■■■■■■■■■■■■■■■■■■■■■■■■■■ 1   
                   60 ┤■■■■■■■■■■■■■■■■■■■■■■■■■■■■■■■■■■■■■ 1   
                      └                                        ┘ 
                                     num of slices               
[ Info: slicing branch with sc: 32.0
[ Info: cc.sc: 32.0
region size: 10
tbl0_rows:54 filtered_rows:54
QIP_gurobi_bound: solver finished in 1.088 s (time_limit=100.0 s, status=OPTIMAL)
[ Info: slice 1, lp_score: 5408.0, primal_bound: 5408.0
QIP_gurobi_bound: solver finished in 1.34 s (time_limit=100.0 s, status=OPTIMAL)
[ Info: slice 2, lp_score: 5406.0, primal_bound: 5408.0
[ Info: new_scs: [31]
[ Info: lp_scores: [5408.0]
[ Info: lp_scores: 5408.0
[ Info: current num of unfinished slices: 7, finished slices: 36
                      ┌                                        ┐ 
                   31 ┤■■■■■■■■■■■■■■■■■■■■■■■■■■■■■■■■■■■■■ 1   
                   32 ┤ 0                                        
                   33 ┤ 0                                        
                   34 ┤ 0                                        
                   35 ┤ 0                                        
                   36 ┤ 0                                        
                   37 ┤ 0                                        
                   38 ┤ 0                                        
                   39 ┤■■■■■■■■■■■■■■■■■■■■■■■■■■■■■■■■■■■■■ 1   
                   40 ┤ 0                                        
                   41 ┤ 0                                        
                   42 ┤ 0                                        
                   43 ┤ 0                                        
                   44 ┤ 0                                        
   sc, target = 31 45 ┤ 0                                        
                   46 ┤ 0                                        
                   47 ┤■■■■■■■■■■■■■■■■■■■■■■■■■■■■■■■■■■■■■ 1   
                   48 ┤ 0                                        
                   49 ┤ 0                                        
                   50 ┤ 0                                        
                   51 ┤ 0                                        
                   52 ┤ 0                                        
                   53 ┤ 0                                        
                   54 ┤ 0                                        
                   55 ┤■■■■■■■■■■■■■■■■■■■■■■■■■■■■■■■■■■■■■ 1   
                   56 ┤ 0                                        
                   57 ┤ 0                                        
                   58 ┤■■■■■■■■■■■■■■■■■■■■■■■■■■■■■■■■■■■■■ 1   
                   59 ┤■■■■■■■■■■■■■■■■■■■■■■■■■■■■■■■■■■■■■ 1   
                   60 ┤■■■■■■■■■■■■■■■■■■■■■■■■■■■■■■■■■■■■■ 1   
                      └                                        ┘ 
                                     num of slices               
[ Info: slicing branch with sc: 31.0
  [slice produced] sc=31.0 tc=45.164522948279036 nv=3552 ne=6926 r=39.0
QIP_value_gurobi: solver finished in 1.09 s (time_limit=604800.0 s, status=OPTIMAL)
[ Info: feasible solution: 5408.0, primal bound: 5408.0
[ Info: current num of unfinished slices: 6, finished slices: 37
                      ┌                                        ┐ 
                   39 ┤■■■■■■■■■■■■■■■■■■■■■■■■■■■■■■■■■■■■■ 1   
                   40 ┤ 0                                        
                   41 ┤ 0                                        
                   42 ┤ 0                                        
                   43 ┤ 0                                        
                   44 ┤ 0                                        
                   45 ┤ 0                                        
                   46 ┤ 0                                        
                   47 ┤■■■■■■■■■■■■■■■■■■■■■■■■■■■■■■■■■■■■■ 1   
                   48 ┤ 0                                        
   sc, target = 31 49 ┤ 0                                        
                   50 ┤ 0                                        
                   51 ┤ 0                                        
                   52 ┤ 0                                        
                   53 ┤ 0                                        
                   54 ┤ 0                                        
                   55 ┤■■■■■■■■■■■■■■■■■■■■■■■■■■■■■■■■■■■■■ 1   
                   56 ┤ 0                                        
                   57 ┤ 0                                        
                   58 ┤■■■■■■■■■■■■■■■■■■■■■■■■■■■■■■■■■■■■■ 1   
                   59 ┤■■■■■■■■■■■■■■■■■■■■■■■■■■■■■■■■■■■■■ 1   
                   60 ┤■■■■■■■■■■■■■■■■■■■■■■■■■■■■■■■■■■■■■ 1   
                      └                                        ┘ 
                                     num of slices               
[ Info: slicing branch with sc: 39.0
[ Info: cc.sc: 39.0
region size: 10
tbl0_rows:56 filtered_rows:56
QIP_gurobi_bound: solver finished in 1.199 s (time_limit=100.0 s, status=OPTIMAL)
[ Info: slice 1, lp_score: 5408.0, primal_bound: 5408.0
QIP_gurobi_bound: solver finished in 1.351 s (time_limit=100.0 s, status=OPTIMAL)
[ Info: slice 2, lp_score: 5404.0, primal_bound: 5408.0
[ Info: new_scs: [38]
[ Info: lp_scores: [5408.0]
[ Info: lp_scores: 5408.0
[ Info: current num of unfinished slices: 6, finished slices: 37
                      ┌                                        ┐ 
                   38 ┤■■■■■■■■■■■■■■■■■■■■■■■■■■■■■■■■■■■■■ 1   
                   39 ┤ 0                                        
                   40 ┤ 0                                        
                   41 ┤ 0                                        
                   42 ┤ 0                                        
                   43 ┤ 0                                        
                   44 ┤ 0                                        
                   45 ┤ 0                                        
                   46 ┤ 0                                        
                   47 ┤■■■■■■■■■■■■■■■■■■■■■■■■■■■■■■■■■■■■■ 1   
                   48 ┤ 0                                        
   sc, target = 31 49 ┤ 0                                        
                   50 ┤ 0                                        
                   51 ┤ 0                                        
                   52 ┤ 0                                        
                   53 ┤ 0                                        
                   54 ┤ 0                                        
                   55 ┤■■■■■■■■■■■■■■■■■■■■■■■■■■■■■■■■■■■■■ 1   
                   56 ┤ 0                                        
                   57 ┤ 0                                        
                   58 ┤■■■■■■■■■■■■■■■■■■■■■■■■■■■■■■■■■■■■■ 1   
                   59 ┤■■■■■■■■■■■■■■■■■■■■■■■■■■■■■■■■■■■■■ 1   
                   60 ┤■■■■■■■■■■■■■■■■■■■■■■■■■■■■■■■■■■■■■ 1   
                      └                                        ┘ 
                                     num of slices               
[ Info: slicing branch with sc: 38.0
[ Info: cc.sc: 38.0
region size: 10
tbl0_rows:17 filtered_rows:17
QIP_gurobi_bound: solver finished in 1.284 s (time_limit=100.0 s, status=OPTIMAL)
[ Info: slice 1, lp_score: 5400.0, primal_bound: 5408.0
QIP_gurobi_bound: solver finished in 1.277 s (time_limit=100.0 s, status=OPTIMAL)
[ Info: slice 2, lp_score: 5408.0, primal_bound: 5408.0
[ Info: new_scs: [38]
[ Info: lp_scores: [5408.0]
[ Info: lp_scores: 5408.0
[ Info: current num of unfinished slices: 6, finished slices: 37
                      ┌                                        ┐ 
                   38 ┤■■■■■■■■■■■■■■■■■■■■■■■■■■■■■■■■■■■■■ 1   
                   39 ┤ 0                                        
                   40 ┤ 0                                        
                   41 ┤ 0                                        
                   42 ┤ 0                                        
                   43 ┤ 0                                        
                   44 ┤ 0                                        
                   45 ┤ 0                                        
                   46 ┤ 0                                        
                   47 ┤■■■■■■■■■■■■■■■■■■■■■■■■■■■■■■■■■■■■■ 1   
                   48 ┤ 0                                        
   sc, target = 31 49 ┤ 0                                        
                   50 ┤ 0                                        
                   51 ┤ 0                                        
                   52 ┤ 0                                        
                   53 ┤ 0                                        
                   54 ┤ 0                                        
                   55 ┤■■■■■■■■■■■■■■■■■■■■■■■■■■■■■■■■■■■■■ 1   
                   56 ┤ 0                                        
                   57 ┤ 0                                        
                   58 ┤■■■■■■■■■■■■■■■■■■■■■■■■■■■■■■■■■■■■■ 1   
                   59 ┤■■■■■■■■■■■■■■■■■■■■■■■■■■■■■■■■■■■■■ 1   
                   60 ┤■■■■■■■■■■■■■■■■■■■■■■■■■■■■■■■■■■■■■ 1   
                      └                                        ┘ 
                                     num of slices               
[ Info: slicing branch with sc: 38.0
[ Info: cc.sc: 38.0
region size: 10
tbl0_rows:26 filtered_rows:26
QIP_gurobi_bound: solver finished in 1.204 s (time_limit=100.0 s, status=OPTIMAL)
[ Info: slice 1, lp_score: 5397.0, primal_bound: 5408.0
QIP_gurobi_bound: solver finished in 1.48 s (time_limit=100.0 s, status=OPTIMAL)
[ Info: slice 2, lp_score: 5408.0, primal_bound: 5408.0
[ Info: new_scs: [37]
[ Info: lp_scores: [5408.0]
[ Info: lp_scores: 5408.0
[ Info: current num of unfinished slices: 6, finished slices: 37
                      ┌                                        ┐ 
                   37 ┤■■■■■■■■■■■■■■■■■■■■■■■■■■■■■■■■■■■■■ 1   
                   38 ┤ 0                                        
                   39 ┤ 0                                        
                   40 ┤ 0                                        
                   41 ┤ 0                                        
                   42 ┤ 0                                        
                   43 ┤ 0                                        
                   44 ┤ 0                                        
                   45 ┤ 0                                        
                   46 ┤ 0                                        
                   47 ┤■■■■■■■■■■■■■■■■■■■■■■■■■■■■■■■■■■■■■ 1   
   sc, target = 31 48 ┤ 0                                        
                   49 ┤ 0                                        
                   50 ┤ 0                                        
                   51 ┤ 0                                        
                   52 ┤ 0                                        
                   53 ┤ 0                                        
                   54 ┤ 0                                        
                   55 ┤■■■■■■■■■■■■■■■■■■■■■■■■■■■■■■■■■■■■■ 1   
                   56 ┤ 0                                        
                   57 ┤ 0                                        
                   58 ┤■■■■■■■■■■■■■■■■■■■■■■■■■■■■■■■■■■■■■ 1   
                   59 ┤■■■■■■■■■■■■■■■■■■■■■■■■■■■■■■■■■■■■■ 1   
                   60 ┤■■■■■■■■■■■■■■■■■■■■■■■■■■■■■■■■■■■■■ 1   
                      └                                        ┘ 
                                     num of slices               
[ Info: slicing branch with sc: 37.0
[ Info: cc.sc: 37.0
region size: 10
tbl0_rows:26 filtered_rows:26
QIP_gurobi_bound: solver finished in 1.692 s (time_limit=100.0 s, status=OPTIMAL)
[ Info: slice 1, lp_score: 5408.0, primal_bound: 5408.0
QIP_gurobi_bound: solver finished in 1.303 s (time_limit=100.0 s, status=OPTIMAL)
[ Info: slice 2, lp_score: 5403.0, primal_bound: 5408.0
[ Info: new_scs: [36]
[ Info: lp_scores: [5408.0]
[ Info: lp_scores: 5408.0
[ Info: current num of unfinished slices: 6, finished slices: 37
                      ┌                                        ┐ 
                   36 ┤■■■■■■■■■■■■■■■■■■■■■■■■■■■■■■■■■■■■■ 1   
                   37 ┤ 0                                        
                   38 ┤ 0                                        
                   39 ┤ 0                                        
                   40 ┤ 0                                        
                   41 ┤ 0                                        
                   42 ┤ 0                                        
                   43 ┤ 0                                        
                   44 ┤ 0                                        
                   45 ┤ 0                                        
                   46 ┤ 0                                        
                   47 ┤■■■■■■■■■■■■■■■■■■■■■■■■■■■■■■■■■■■■■ 1   
   sc, target = 31 48 ┤ 0                                        
                   49 ┤ 0                                        
                   50 ┤ 0                                        
                   51 ┤ 0                                        
                   52 ┤ 0                                        
                   53 ┤ 0                                        
                   54 ┤ 0                                        
                   55 ┤■■■■■■■■■■■■■■■■■■■■■■■■■■■■■■■■■■■■■ 1   
                   56 ┤ 0                                        
                   57 ┤ 0                                        
                   58 ┤■■■■■■■■■■■■■■■■■■■■■■■■■■■■■■■■■■■■■ 1   
                   59 ┤■■■■■■■■■■■■■■■■■■■■■■■■■■■■■■■■■■■■■ 1   
                   60 ┤■■■■■■■■■■■■■■■■■■■■■■■■■■■■■■■■■■■■■ 1   
                      └                                        ┘ 
                                     num of slices               
[ Info: slicing branch with sc: 36.0
[ Info: cc.sc: 36.0
region size: 10
tbl0_rows:34 filtered_rows:34
QIP_gurobi_bound: solver finished in 1.341 s (time_limit=100.0 s, status=OPTIMAL)
[ Info: slice 1, lp_score: 5408.0, primal_bound: 5408.0
QIP_gurobi_bound: solver finished in 1.336 s (time_limit=100.0 s, status=OPTIMAL)
[ Info: slice 2, lp_score: 5408.0, primal_bound: 5408.0
[ Info: new_scs: [35, 36]
[ Info: lp_scores: [5408.0, 5408.0]
[ Info: lp_scores: 5408.0
[ Info: lp_scores: 5408.0
[ Info: current num of unfinished slices: 7, finished slices: 37
                      ┌                                        ┐ 
                   35 ┤■■■■■■■■■■■■■■■■■■■■■■■■■■■■■■■■■■■■■ 1   
                   36 ┤■■■■■■■■■■■■■■■■■■■■■■■■■■■■■■■■■■■■■ 1   
                   37 ┤ 0                                        
                   38 ┤ 0                                        
                   39 ┤ 0                                        
                   40 ┤ 0                                        
                   41 ┤ 0                                        
                   42 ┤ 0                                        
                   43 ┤ 0                                        
                   44 ┤ 0                                        
                   45 ┤ 0                                        
                   46 ┤ 0                                        
   sc, target = 31 47 ┤■■■■■■■■■■■■■■■■■■■■■■■■■■■■■■■■■■■■■ 1   
                   48 ┤ 0                                        
                   49 ┤ 0                                        
                   50 ┤ 0                                        
                   51 ┤ 0                                        
                   52 ┤ 0                                        
                   53 ┤ 0                                        
                   54 ┤ 0                                        
                   55 ┤■■■■■■■■■■■■■■■■■■■■■■■■■■■■■■■■■■■■■ 1   
                   56 ┤ 0                                        
                   57 ┤ 0                                        
                   58 ┤■■■■■■■■■■■■■■■■■■■■■■■■■■■■■■■■■■■■■ 1   
                   59 ┤■■■■■■■■■■■■■■■■■■■■■■■■■■■■■■■■■■■■■ 1   
                   60 ┤■■■■■■■■■■■■■■■■■■■■■■■■■■■■■■■■■■■■■ 1   
                      └                                        ┘ 
                                     num of slices               
[ Info: slicing branch with sc: 35.0
[ Info: cc.sc: 35.0
region size: 10
tbl0_rows:34 filtered_rows:34
QIP_gurobi_bound: solver finished in 1.516 s (time_limit=100.0 s, status=OPTIMAL)
[ Info: slice 1, lp_score: 5407.0, primal_bound: 5408.0
QIP_gurobi_bound: solver finished in 1.279 s (time_limit=100.0 s, status=OPTIMAL)
[ Info: slice 2, lp_score: 5408.0, primal_bound: 5408.0
[ Info: new_scs: [35]
[ Info: lp_scores: [5408.0]
[ Info: lp_scores: 5408.0
[ Info: current num of unfinished slices: 7, finished slices: 37
                      ┌                                        ┐ 
                   35 ┤■■■■■■■■■■■■■■■■■■■■■■■■■■■■■■■■■■■■■ 1   
                   36 ┤■■■■■■■■■■■■■■■■■■■■■■■■■■■■■■■■■■■■■ 1   
                   37 ┤ 0                                        
                   38 ┤ 0                                        
                   39 ┤ 0                                        
                   40 ┤ 0                                        
                   41 ┤ 0                                        
                   42 ┤ 0                                        
                   43 ┤ 0                                        
                   44 ┤ 0                                        
                   45 ┤ 0                                        
                   46 ┤ 0                                        
   sc, target = 31 47 ┤■■■■■■■■■■■■■■■■■■■■■■■■■■■■■■■■■■■■■ 1   
                   48 ┤ 0                                        
                   49 ┤ 0                                        
                   50 ┤ 0                                        
                   51 ┤ 0                                        
                   52 ┤ 0                                        
                   53 ┤ 0                                        
                   54 ┤ 0                                        
                   55 ┤■■■■■■■■■■■■■■■■■■■■■■■■■■■■■■■■■■■■■ 1   
                   56 ┤ 0                                        
                   57 ┤ 0                                        
                   58 ┤■■■■■■■■■■■■■■■■■■■■■■■■■■■■■■■■■■■■■ 1   
                   59 ┤■■■■■■■■■■■■■■■■■■■■■■■■■■■■■■■■■■■■■ 1   
                   60 ┤■■■■■■■■■■■■■■■■■■■■■■■■■■■■■■■■■■■■■ 1   
                      └                                        ┘ 
                                     num of slices               
[ Info: slicing branch with sc: 35.0
[ Info: cc.sc: 35.0
region size: 10
tbl0_rows:42 filtered_rows:42
QIP_gurobi_bound: solver finished in 1.372 s (time_limit=100.0 s, status=OPTIMAL)
[ Info: slice 1, lp_score: 5407.0, primal_bound: 5408.0
QIP_gurobi_bound: solver finished in 1.293 s (time_limit=100.0 s, status=OPTIMAL)
[ Info: slice 2, lp_score: 5408.0, primal_bound: 5408.0
[ Info: new_scs: [35]
[ Info: lp_scores: [5408.0]
[ Info: lp_scores: 5408.0
[ Info: current num of unfinished slices: 7, finished slices: 37
                      ┌                                        ┐ 
                   35 ┤■■■■■■■■■■■■■■■■■■■■■■■■■■■■■■■■■■■■■ 1   
                   36 ┤■■■■■■■■■■■■■■■■■■■■■■■■■■■■■■■■■■■■■ 1   
                   37 ┤ 0                                        
                   38 ┤ 0                                        
                   39 ┤ 0                                        
                   40 ┤ 0                                        
                   41 ┤ 0                                        
                   42 ┤ 0                                        
                   43 ┤ 0                                        
                   44 ┤ 0                                        
                   45 ┤ 0                                        
                   46 ┤ 0                                        
   sc, target = 31 47 ┤■■■■■■■■■■■■■■■■■■■■■■■■■■■■■■■■■■■■■ 1   
                   48 ┤ 0                                        
                   49 ┤ 0                                        
                   50 ┤ 0                                        
                   51 ┤ 0                                        
                   52 ┤ 0                                        
                   53 ┤ 0                                        
                   54 ┤ 0                                        
                   55 ┤■■■■■■■■■■■■■■■■■■■■■■■■■■■■■■■■■■■■■ 1   
                   56 ┤ 0                                        
                   57 ┤ 0                                        
                   58 ┤■■■■■■■■■■■■■■■■■■■■■■■■■■■■■■■■■■■■■ 1   
                   59 ┤■■■■■■■■■■■■■■■■■■■■■■■■■■■■■■■■■■■■■ 1   
                   60 ┤■■■■■■■■■■■■■■■■■■■■■■■■■■■■■■■■■■■■■ 1   
                      └                                        ┘ 
                                     num of slices               
[ Info: slicing branch with sc: 35.0
[ Info: cc.sc: 35.0
region size: 10
tbl0_rows:55 filtered_rows:55
QIP_gurobi_bound: solver finished in 1.359 s (time_limit=100.0 s, status=OPTIMAL)
[ Info: slice 1, lp_score: 5408.0, primal_bound: 5408.0
QIP_gurobi_bound: solver finished in 1.385 s (time_limit=100.0 s, status=OPTIMAL)
[ Info: slice 2, lp_score: 5405.0, primal_bound: 5408.0
[ Info: new_scs: [34]
[ Info: lp_scores: [5408.0]
[ Info: lp_scores: 5408.0
[ Info: current num of unfinished slices: 7, finished slices: 37
                      ┌                                        ┐ 
                   34 ┤■■■■■■■■■■■■■■■■■■■■■■■■■■■■■■■■■■■■■ 1   
                   35 ┤ 0                                        
                   36 ┤■■■■■■■■■■■■■■■■■■■■■■■■■■■■■■■■■■■■■ 1   
                   37 ┤ 0                                        
                   38 ┤ 0                                        
                   39 ┤ 0                                        
                   40 ┤ 0                                        
                   41 ┤ 0                                        
                   42 ┤ 0                                        
                   43 ┤ 0                                        
                   44 ┤ 0                                        
                   45 ┤ 0                                        
                   46 ┤ 0                                        
   sc, target = 31 47 ┤■■■■■■■■■■■■■■■■■■■■■■■■■■■■■■■■■■■■■ 1   
                   48 ┤ 0                                        
                   49 ┤ 0                                        
                   50 ┤ 0                                        
                   51 ┤ 0                                        
                   52 ┤ 0                                        
                   53 ┤ 0                                        
                   54 ┤ 0                                        
                   55 ┤■■■■■■■■■■■■■■■■■■■■■■■■■■■■■■■■■■■■■ 1   
                   56 ┤ 0                                        
                   57 ┤ 0                                        
                   58 ┤■■■■■■■■■■■■■■■■■■■■■■■■■■■■■■■■■■■■■ 1   
                   59 ┤■■■■■■■■■■■■■■■■■■■■■■■■■■■■■■■■■■■■■ 1   
                   60 ┤■■■■■■■■■■■■■■■■■■■■■■■■■■■■■■■■■■■■■ 1   
                      └                                        ┘ 
                                     num of slices               
[ Info: slicing branch with sc: 34.0
[ Info: cc.sc: 34.0
region size: 10
tbl0_rows:45 filtered_rows:45
QIP_gurobi_bound: solver finished in 1.305 s (time_limit=100.0 s, status=OPTIMAL)
[ Info: slice 1, lp_score: 5408.0, primal_bound: 5408.0
QIP_gurobi_bound: solver finished in 1.688 s (time_limit=100.0 s, status=OPTIMAL)
[ Info: slice 2, lp_score: 5404.0, primal_bound: 5408.0
[ Info: new_scs: [33]
[ Info: lp_scores: [5408.0]
[ Info: lp_scores: 5408.0
[ Info: current num of unfinished slices: 7, finished slices: 37
                      ┌                                        ┐ 
                   33 ┤■■■■■■■■■■■■■■■■■■■■■■■■■■■■■■■■■■■■■ 1   
                   34 ┤ 0                                        
                   35 ┤ 0                                        
                   36 ┤■■■■■■■■■■■■■■■■■■■■■■■■■■■■■■■■■■■■■ 1   
                   37 ┤ 0                                        
                   38 ┤ 0                                        
                   39 ┤ 0                                        
                   40 ┤ 0                                        
                   41 ┤ 0                                        
                   42 ┤ 0                                        
                   43 ┤ 0                                        
                   44 ┤ 0                                        
                   45 ┤ 0                                        
   sc, target = 31 46 ┤ 0                                        
                   47 ┤■■■■■■■■■■■■■■■■■■■■■■■■■■■■■■■■■■■■■ 1   
                   48 ┤ 0                                        
                   49 ┤ 0                                        
                   50 ┤ 0                                        
                   51 ┤ 0                                        
                   52 ┤ 0                                        
                   53 ┤ 0                                        
                   54 ┤ 0                                        
                   55 ┤■■■■■■■■■■■■■■■■■■■■■■■■■■■■■■■■■■■■■ 1   
                   56 ┤ 0                                        
                   57 ┤ 0                                        
                   58 ┤■■■■■■■■■■■■■■■■■■■■■■■■■■■■■■■■■■■■■ 1   
                   59 ┤■■■■■■■■■■■■■■■■■■■■■■■■■■■■■■■■■■■■■ 1   
                   60 ┤■■■■■■■■■■■■■■■■■■■■■■■■■■■■■■■■■■■■■ 1   
                      └                                        ┘ 
                                     num of slices               
[ Info: slicing branch with sc: 33.0
[ Info: cc.sc: 33.0
region size: 10
tbl0_rows:23 filtered_rows:23
QIP_gurobi_bound: solver finished in 1.282 s (time_limit=100.0 s, status=OPTIMAL)
[ Info: slice 1, lp_score: 5398.0, primal_bound: 5408.0
QIP_gurobi_bound: solver finished in 1.307 s (time_limit=100.0 s, status=OPTIMAL)
[ Info: slice 2, lp_score: 5408.0, primal_bound: 5408.0
[ Info: new_scs: [33]
[ Info: lp_scores: [5408.0]
[ Info: lp_scores: 5408.0
[ Info: current num of unfinished slices: 7, finished slices: 37
                      ┌                                        ┐ 
                   33 ┤■■■■■■■■■■■■■■■■■■■■■■■■■■■■■■■■■■■■■ 1   
                   34 ┤ 0                                        
                   35 ┤ 0                                        
                   36 ┤■■■■■■■■■■■■■■■■■■■■■■■■■■■■■■■■■■■■■ 1   
                   37 ┤ 0                                        
                   38 ┤ 0                                        
                   39 ┤ 0                                        
                   40 ┤ 0                                        
                   41 ┤ 0                                        
                   42 ┤ 0                                        
                   43 ┤ 0                                        
                   44 ┤ 0                                        
                   45 ┤ 0                                        
   sc, target = 31 46 ┤ 0                                        
                   47 ┤■■■■■■■■■■■■■■■■■■■■■■■■■■■■■■■■■■■■■ 1   
                   48 ┤ 0                                        
                   49 ┤ 0                                        
                   50 ┤ 0                                        
                   51 ┤ 0                                        
                   52 ┤ 0                                        
                   53 ┤ 0                                        
                   54 ┤ 0                                        
                   55 ┤■■■■■■■■■■■■■■■■■■■■■■■■■■■■■■■■■■■■■ 1   
                   56 ┤ 0                                        
                   57 ┤ 0                                        
                   58 ┤■■■■■■■■■■■■■■■■■■■■■■■■■■■■■■■■■■■■■ 1   
                   59 ┤■■■■■■■■■■■■■■■■■■■■■■■■■■■■■■■■■■■■■ 1   
                   60 ┤■■■■■■■■■■■■■■■■■■■■■■■■■■■■■■■■■■■■■ 1   
                      └                                        ┘ 
                                     num of slices               
[ Info: slicing branch with sc: 33.0
[ Info: cc.sc: 33.0
region size: 10
tbl0_rows:38 filtered_rows:38
QIP_gurobi_bound: solver finished in 1.39 s (time_limit=100.0 s, status=OPTIMAL)
[ Info: slice 1, lp_score: 5406.0, primal_bound: 5408.0
QIP_gurobi_bound: solver finished in 1.135 s (time_limit=100.0 s, status=OPTIMAL)
[ Info: slice 2, lp_score: 5408.0, primal_bound: 5408.0
[ Info: new_scs: [32]
[ Info: lp_scores: [5408.0]
[ Info: lp_scores: 5408.0
[ Info: current num of unfinished slices: 7, finished slices: 37
                      ┌                                        ┐ 
                   32 ┤■■■■■■■■■■■■■■■■■■■■■■■■■■■■■■■■■■■■■ 1   
                   33 ┤ 0                                        
                   34 ┤ 0                                        
                   35 ┤ 0                                        
                   36 ┤■■■■■■■■■■■■■■■■■■■■■■■■■■■■■■■■■■■■■ 1   
                   37 ┤ 0                                        
                   38 ┤ 0                                        
                   39 ┤ 0                                        
                   40 ┤ 0                                        
                   41 ┤ 0                                        
                   42 ┤ 0                                        
                   43 ┤ 0                                        
                   44 ┤ 0                                        
                   45 ┤ 0                                        
   sc, target = 31 46 ┤ 0                                        
                   47 ┤■■■■■■■■■■■■■■■■■■■■■■■■■■■■■■■■■■■■■ 1   
                   48 ┤ 0                                        
                   49 ┤ 0                                        
                   50 ┤ 0                                        
                   51 ┤ 0                                        
                   52 ┤ 0                                        
                   53 ┤ 0                                        
                   54 ┤ 0                                        
                   55 ┤■■■■■■■■■■■■■■■■■■■■■■■■■■■■■■■■■■■■■ 1   
                   56 ┤ 0                                        
                   57 ┤ 0                                        
                   58 ┤■■■■■■■■■■■■■■■■■■■■■■■■■■■■■■■■■■■■■ 1   
                   59 ┤■■■■■■■■■■■■■■■■■■■■■■■■■■■■■■■■■■■■■ 1   
                   60 ┤■■■■■■■■■■■■■■■■■■■■■■■■■■■■■■■■■■■■■ 1   
                      └                                        ┘ 
                                     num of slices               
[ Info: slicing branch with sc: 32.0
[ Info: cc.sc: 32.0
region size: 10
tbl0_rows:44 filtered_rows:44
QIP_gurobi_bound: solver finished in 1.323 s (time_limit=100.0 s, status=OPTIMAL)
[ Info: slice 1, lp_score: 5408.0, primal_bound: 5408.0
QIP_gurobi_bound: solver finished in 1.23 s (time_limit=100.0 s, status=OPTIMAL)
[ Info: slice 2, lp_score: 5407.0, primal_bound: 5408.0
[ Info: new_scs: [32]
[ Info: lp_scores: [5408.0]
[ Info: lp_scores: 5408.0
[ Info: current num of unfinished slices: 7, finished slices: 37
                      ┌                                        ┐ 
                   32 ┤■■■■■■■■■■■■■■■■■■■■■■■■■■■■■■■■■■■■■ 1   
                   33 ┤ 0                                        
                   34 ┤ 0                                        
                   35 ┤ 0                                        
                   36 ┤■■■■■■■■■■■■■■■■■■■■■■■■■■■■■■■■■■■■■ 1   
                   37 ┤ 0                                        
                   38 ┤ 0                                        
                   39 ┤ 0                                        
                   40 ┤ 0                                        
                   41 ┤ 0                                        
                   42 ┤ 0                                        
                   43 ┤ 0                                        
                   44 ┤ 0                                        
                   45 ┤ 0                                        
   sc, target = 31 46 ┤ 0                                        
                   47 ┤■■■■■■■■■■■■■■■■■■■■■■■■■■■■■■■■■■■■■ 1   
                   48 ┤ 0                                        
                   49 ┤ 0                                        
                   50 ┤ 0                                        
                   51 ┤ 0                                        
                   52 ┤ 0                                        
                   53 ┤ 0                                        
                   54 ┤ 0                                        
                   55 ┤■■■■■■■■■■■■■■■■■■■■■■■■■■■■■■■■■■■■■ 1   
                   56 ┤ 0                                        
                   57 ┤ 0                                        
                   58 ┤■■■■■■■■■■■■■■■■■■■■■■■■■■■■■■■■■■■■■ 1   
                   59 ┤■■■■■■■■■■■■■■■■■■■■■■■■■■■■■■■■■■■■■ 1   
                   60 ┤■■■■■■■■■■■■■■■■■■■■■■■■■■■■■■■■■■■■■ 1   
                      └                                        ┘ 
                                     num of slices               
[ Info: slicing branch with sc: 32.0
[ Info: cc.sc: 32.0
region size: 10
tbl0_rows:58 filtered_rows:58
QIP_gurobi_bound: solver finished in 1.219 s (time_limit=100.0 s, status=OPTIMAL)
[ Info: slice 1, lp_score: 5406.0, primal_bound: 5408.0
QIP_gurobi_bound: solver finished in 1.182 s (time_limit=100.0 s, status=OPTIMAL)
[ Info: slice 2, lp_score: 5408.0, primal_bound: 5408.0
[ Info: new_scs: [32]
[ Info: lp_scores: [5408.0]
[ Info: lp_scores: 5408.0
[ Info: current num of unfinished slices: 7, finished slices: 37
                      ┌                                        ┐ 
                   32 ┤■■■■■■■■■■■■■■■■■■■■■■■■■■■■■■■■■■■■■ 1   
                   33 ┤ 0                                        
                   34 ┤ 0                                        
                   35 ┤ 0                                        
                   36 ┤■■■■■■■■■■■■■■■■■■■■■■■■■■■■■■■■■■■■■ 1   
                   37 ┤ 0                                        
                   38 ┤ 0                                        
                   39 ┤ 0                                        
                   40 ┤ 0                                        
                   41 ┤ 0                                        
                   42 ┤ 0                                        
                   43 ┤ 0                                        
                   44 ┤ 0                                        
                   45 ┤ 0                                        
   sc, target = 31 46 ┤ 0                                        
                   47 ┤■■■■■■■■■■■■■■■■■■■■■■■■■■■■■■■■■■■■■ 1   
                   48 ┤ 0                                        
                   49 ┤ 0                                        
                   50 ┤ 0                                        
                   51 ┤ 0                                        
                   52 ┤ 0                                        
                   53 ┤ 0                                        
                   54 ┤ 0                                        
                   55 ┤■■■■■■■■■■■■■■■■■■■■■■■■■■■■■■■■■■■■■ 1   
                   56 ┤ 0                                        
                   57 ┤ 0                                        
                   58 ┤■■■■■■■■■■■■■■■■■■■■■■■■■■■■■■■■■■■■■ 1   
                   59 ┤■■■■■■■■■■■■■■■■■■■■■■■■■■■■■■■■■■■■■ 1   
                   60 ┤■■■■■■■■■■■■■■■■■■■■■■■■■■■■■■■■■■■■■ 1   
                      └                                        ┘ 
                                     num of slices               
[ Info: slicing branch with sc: 32.0
[ Info: cc.sc: 32.0
region size: 10
tbl0_rows:48 filtered_rows:48
QIP_gurobi_bound: solver finished in 1.273 s (time_limit=100.0 s, status=OPTIMAL)
[ Info: slice 1, lp_score: 5406.0, primal_bound: 5408.0
QIP_gurobi_bound: solver finished in 1.236 s (time_limit=100.0 s, status=OPTIMAL)
[ Info: slice 2, lp_score: 5408.0, primal_bound: 5408.0
[ Info: new_scs: [31]
[ Info: lp_scores: [5408.0]
[ Info: lp_scores: 5408.0
[ Info: current num of unfinished slices: 7, finished slices: 37
                      ┌                                        ┐ 
                   31 ┤■■■■■■■■■■■■■■■■■■■■■■■■■■■■■■■■■■■■■ 1   
                   32 ┤ 0                                        
                   33 ┤ 0                                        
                   34 ┤ 0                                        
                   35 ┤ 0                                        
                   36 ┤■■■■■■■■■■■■■■■■■■■■■■■■■■■■■■■■■■■■■ 1   
                   37 ┤ 0                                        
                   38 ┤ 0                                        
                   39 ┤ 0                                        
                   40 ┤ 0                                        
                   41 ┤ 0                                        
                   42 ┤ 0                                        
                   43 ┤ 0                                        
                   44 ┤ 0                                        
   sc, target = 31 45 ┤ 0                                        
                   46 ┤ 0                                        
                   47 ┤■■■■■■■■■■■■■■■■■■■■■■■■■■■■■■■■■■■■■ 1   
                   48 ┤ 0                                        
                   49 ┤ 0                                        
                   50 ┤ 0                                        
                   51 ┤ 0                                        
                   52 ┤ 0                                        
                   53 ┤ 0                                        
                   54 ┤ 0                                        
                   55 ┤■■■■■■■■■■■■■■■■■■■■■■■■■■■■■■■■■■■■■ 1   
                   56 ┤ 0                                        
                   57 ┤ 0                                        
                   58 ┤■■■■■■■■■■■■■■■■■■■■■■■■■■■■■■■■■■■■■ 1   
                   59 ┤■■■■■■■■■■■■■■■■■■■■■■■■■■■■■■■■■■■■■ 1   
                   60 ┤■■■■■■■■■■■■■■■■■■■■■■■■■■■■■■■■■■■■■ 1   
                      └                                        ┘ 
                                     num of slices               
[ Info: slicing branch with sc: 31.0
  [slice produced] sc=31.0 tc=42.31506714550894 nv=3544 ne=6906 r=49.0
QIP_value_gurobi: solver finished in 1.226 s (time_limit=604800.0 s, status=OPTIMAL)
[ Info: feasible solution: 5408.0, primal bound: 5408.0
[ Info: current num of unfinished slices: 6, finished slices: 38
                      ┌                                        ┐ 
                   36 ┤■■■■■■■■■■■■■■■■■■■■■■■■■■■■■■■■■■■■■ 1   
                   37 ┤ 0                                        
                   38 ┤ 0                                        
                   39 ┤ 0                                        
                   40 ┤ 0                                        
                   41 ┤ 0                                        
                   42 ┤ 0                                        
                   43 ┤ 0                                        
                   44 ┤ 0                                        
                   45 ┤ 0                                        
                   46 ┤ 0                                        
                   47 ┤■■■■■■■■■■■■■■■■■■■■■■■■■■■■■■■■■■■■■ 1   
   sc, target = 31 48 ┤ 0                                        
                   49 ┤ 0                                        
                   50 ┤ 0                                        
                   51 ┤ 0                                        
                   52 ┤ 0                                        
                   53 ┤ 0                                        
                   54 ┤ 0                                        
                   55 ┤■■■■■■■■■■■■■■■■■■■■■■■■■■■■■■■■■■■■■ 1   
                   56 ┤ 0                                        
                   57 ┤ 0                                        
                   58 ┤■■■■■■■■■■■■■■■■■■■■■■■■■■■■■■■■■■■■■ 1   
                   59 ┤■■■■■■■■■■■■■■■■■■■■■■■■■■■■■■■■■■■■■ 1   
                   60 ┤■■■■■■■■■■■■■■■■■■■■■■■■■■■■■■■■■■■■■ 1   
                      └                                        ┘ 
                                     num of slices               
[ Info: slicing branch with sc: 36.0
[ Info: cc.sc: 36.0
region size: 10
tbl0_rows:34 filtered_rows:34
QIP_gurobi_bound: solver finished in 1.332 s (time_limit=100.0 s, status=OPTIMAL)
[ Info: slice 1, lp_score: 5408.0, primal_bound: 5408.0
QIP_gurobi_bound: solver finished in 1.292 s (time_limit=100.0 s, status=OPTIMAL)
[ Info: slice 2, lp_score: 5407.0, primal_bound: 5408.0
[ Info: new_scs: [35]
[ Info: lp_scores: [5408.0]
[ Info: lp_scores: 5408.0
[ Info: current num of unfinished slices: 6, finished slices: 38
                      ┌                                        ┐ 
                   35 ┤■■■■■■■■■■■■■■■■■■■■■■■■■■■■■■■■■■■■■ 1   
                   36 ┤ 0                                        
                   37 ┤ 0                                        
                   38 ┤ 0                                        
                   39 ┤ 0                                        
                   40 ┤ 0                                        
                   41 ┤ 0                                        
                   42 ┤ 0                                        
                   43 ┤ 0                                        
                   44 ┤ 0                                        
                   45 ┤ 0                                        
                   46 ┤ 0                                        
   sc, target = 31 47 ┤■■■■■■■■■■■■■■■■■■■■■■■■■■■■■■■■■■■■■ 1   
                   48 ┤ 0                                        
                   49 ┤ 0                                        
                   50 ┤ 0                                        
                   51 ┤ 0                                        
                   52 ┤ 0                                        
                   53 ┤ 0                                        
                   54 ┤ 0                                        
                   55 ┤■■■■■■■■■■■■■■■■■■■■■■■■■■■■■■■■■■■■■ 1   
                   56 ┤ 0                                        
                   57 ┤ 0                                        
                   58 ┤■■■■■■■■■■■■■■■■■■■■■■■■■■■■■■■■■■■■■ 1   
                   59 ┤■■■■■■■■■■■■■■■■■■■■■■■■■■■■■■■■■■■■■ 1   
                   60 ┤■■■■■■■■■■■■■■■■■■■■■■■■■■■■■■■■■■■■■ 1   
                      └                                        ┘ 
                                     num of slices               
[ Info: slicing branch with sc: 35.0
[ Info: cc.sc: 35.0
region size: 10
tbl0_rows:24 filtered_rows:24
QIP_gurobi_bound: solver finished in 1.335 s (time_limit=100.0 s, status=OPTIMAL)
[ Info: slice 1, lp_score: 5407.0, primal_bound: 5408.0
QIP_gurobi_bound: solver finished in 1.309 s (time_limit=100.0 s, status=OPTIMAL)
[ Info: slice 2, lp_score: 5408.0, primal_bound: 5408.0
[ Info: new_scs: [33]
[ Info: lp_scores: [5408.0]
[ Info: lp_scores: 5408.0
[ Info: current num of unfinished slices: 6, finished slices: 38
                      ┌                                        ┐ 
                   33 ┤■■■■■■■■■■■■■■■■■■■■■■■■■■■■■■■■■■■■■ 1   
                   34 ┤ 0                                        
                   35 ┤ 0                                        
                   36 ┤ 0                                        
                   37 ┤ 0                                        
                   38 ┤ 0                                        
                   39 ┤ 0                                        
                   40 ┤ 0                                        
                   41 ┤ 0                                        
                   42 ┤ 0                                        
                   43 ┤ 0                                        
                   44 ┤ 0                                        
                   45 ┤ 0                                        
   sc, target = 31 46 ┤ 0                                        
                   47 ┤■■■■■■■■■■■■■■■■■■■■■■■■■■■■■■■■■■■■■ 1   
                   48 ┤ 0                                        
                   49 ┤ 0                                        
                   50 ┤ 0                                        
                   51 ┤ 0                                        
                   52 ┤ 0                                        
                   53 ┤ 0                                        
                   54 ┤ 0                                        
                   55 ┤■■■■■■■■■■■■■■■■■■■■■■■■■■■■■■■■■■■■■ 1   
                   56 ┤ 0                                        
                   57 ┤ 0                                        
                   58 ┤■■■■■■■■■■■■■■■■■■■■■■■■■■■■■■■■■■■■■ 1   
                   59 ┤■■■■■■■■■■■■■■■■■■■■■■■■■■■■■■■■■■■■■ 1   
                   60 ┤■■■■■■■■■■■■■■■■■■■■■■■■■■■■■■■■■■■■■ 1   
                      └                                        ┘ 
                                     num of slices               
[ Info: slicing branch with sc: 33.0
[ Info: cc.sc: 33.0
region size: 10
tbl0_rows:67 filtered_rows:67
QIP_gurobi_bound: solver finished in 1.524 s (time_limit=100.0 s, status=OPTIMAL)
[ Info: slice 1, lp_score: 5405.0, primal_bound: 5408.0
QIP_gurobi_bound: solver finished in 1.235 s (time_limit=100.0 s, status=OPTIMAL)
[ Info: slice 2, lp_score: 5408.0, primal_bound: 5408.0
[ Info: new_scs: [33]
[ Info: lp_scores: [5408.0]
[ Info: lp_scores: 5408.0
[ Info: current num of unfinished slices: 6, finished slices: 38
                      ┌                                        ┐ 
                   33 ┤■■■■■■■■■■■■■■■■■■■■■■■■■■■■■■■■■■■■■ 1   
                   34 ┤ 0                                        
                   35 ┤ 0                                        
                   36 ┤ 0                                        
                   37 ┤ 0                                        
                   38 ┤ 0                                        
                   39 ┤ 0                                        
                   40 ┤ 0                                        
                   41 ┤ 0                                        
                   42 ┤ 0                                        
                   43 ┤ 0                                        
                   44 ┤ 0                                        
                   45 ┤ 0                                        
   sc, target = 31 46 ┤ 0                                        
                   47 ┤■■■■■■■■■■■■■■■■■■■■■■■■■■■■■■■■■■■■■ 1   
                   48 ┤ 0                                        
                   49 ┤ 0                                        
                   50 ┤ 0                                        
                   51 ┤ 0                                        
                   52 ┤ 0                                        
                   53 ┤ 0                                        
                   54 ┤ 0                                        
                   55 ┤■■■■■■■■■■■■■■■■■■■■■■■■■■■■■■■■■■■■■ 1   
                   56 ┤ 0                                        
                   57 ┤ 0                                        
                   58 ┤■■■■■■■■■■■■■■■■■■■■■■■■■■■■■■■■■■■■■ 1   
                   59 ┤■■■■■■■■■■■■■■■■■■■■■■■■■■■■■■■■■■■■■ 1   
                   60 ┤■■■■■■■■■■■■■■■■■■■■■■■■■■■■■■■■■■■■■ 1   
                      └                                        ┘ 
                                     num of slices               
[ Info: slicing branch with sc: 33.0
[ Info: cc.sc: 33.0
region size: 10
tbl0_rows:61 filtered_rows:61
QIP_gurobi_bound: solver finished in 1.32 s (time_limit=100.0 s, status=OPTIMAL)
[ Info: slice 1, lp_score: 5407.0, primal_bound: 5408.0
QIP_gurobi_bound: solver finished in 1.371 s (time_limit=100.0 s, status=OPTIMAL)
[ Info: slice 2, lp_score: 5408.0, primal_bound: 5408.0
[ Info: new_scs: [33]
[ Info: lp_scores: [5408.0]
[ Info: lp_scores: 5408.0
[ Info: current num of unfinished slices: 6, finished slices: 38
                      ┌                                        ┐ 
                   33 ┤■■■■■■■■■■■■■■■■■■■■■■■■■■■■■■■■■■■■■ 1   
                   34 ┤ 0                                        
                   35 ┤ 0                                        
                   36 ┤ 0                                        
                   37 ┤ 0                                        
                   38 ┤ 0                                        
                   39 ┤ 0                                        
                   40 ┤ 0                                        
                   41 ┤ 0                                        
                   42 ┤ 0                                        
                   43 ┤ 0                                        
                   44 ┤ 0                                        
                   45 ┤ 0                                        
   sc, target = 31 46 ┤ 0                                        
                   47 ┤■■■■■■■■■■■■■■■■■■■■■■■■■■■■■■■■■■■■■ 1   
                   48 ┤ 0                                        
                   49 ┤ 0                                        
                   50 ┤ 0                                        
                   51 ┤ 0                                        
                   52 ┤ 0                                        
                   53 ┤ 0                                        
                   54 ┤ 0                                        
                   55 ┤■■■■■■■■■■■■■■■■■■■■■■■■■■■■■■■■■■■■■ 1   
                   56 ┤ 0                                        
                   57 ┤ 0                                        
                   58 ┤■■■■■■■■■■■■■■■■■■■■■■■■■■■■■■■■■■■■■ 1   
                   59 ┤■■■■■■■■■■■■■■■■■■■■■■■■■■■■■■■■■■■■■ 1   
                   60 ┤■■■■■■■■■■■■■■■■■■■■■■■■■■■■■■■■■■■■■ 1   
                      └                                        ┘ 
                                     num of slices               
[ Info: slicing branch with sc: 33.0
[ Info: cc.sc: 33.0
region size: 10
tbl0_rows:63 filtered_rows:63
QIP_gurobi_bound: solver finished in 1.16 s (time_limit=100.0 s, status=OPTIMAL)
[ Info: slice 1, lp_score: 5406.0, primal_bound: 5408.0
QIP_gurobi_bound: solver finished in 1.555 s (time_limit=100.0 s, status=OPTIMAL)
[ Info: slice 2, lp_score: 5408.0, primal_bound: 5408.0
[ Info: new_scs: [33]
[ Info: lp_scores: [5408.0]
[ Info: lp_scores: 5408.0
[ Info: current num of unfinished slices: 6, finished slices: 38
                      ┌                                        ┐ 
                   33 ┤■■■■■■■■■■■■■■■■■■■■■■■■■■■■■■■■■■■■■ 1   
                   34 ┤ 0                                        
                   35 ┤ 0                                        
                   36 ┤ 0                                        
                   37 ┤ 0                                        
                   38 ┤ 0                                        
                   39 ┤ 0                                        
                   40 ┤ 0                                        
                   41 ┤ 0                                        
                   42 ┤ 0                                        
                   43 ┤ 0                                        
                   44 ┤ 0                                        
                   45 ┤ 0                                        
   sc, target = 31 46 ┤ 0                                        
                   47 ┤■■■■■■■■■■■■■■■■■■■■■■■■■■■■■■■■■■■■■ 1   
                   48 ┤ 0                                        
                   49 ┤ 0                                        
                   50 ┤ 0                                        
                   51 ┤ 0                                        
                   52 ┤ 0                                        
                   53 ┤ 0                                        
                   54 ┤ 0                                        
                   55 ┤■■■■■■■■■■■■■■■■■■■■■■■■■■■■■■■■■■■■■ 1   
                   56 ┤ 0                                        
                   57 ┤ 0                                        
                   58 ┤■■■■■■■■■■■■■■■■■■■■■■■■■■■■■■■■■■■■■ 1   
                   59 ┤■■■■■■■■■■■■■■■■■■■■■■■■■■■■■■■■■■■■■ 1   
                   60 ┤■■■■■■■■■■■■■■■■■■■■■■■■■■■■■■■■■■■■■ 1   
                      └                                        ┘ 
                                     num of slices               
[ Info: slicing branch with sc: 33.0
[ Info: cc.sc: 33.0
region size: 10
tbl0_rows:27 filtered_rows:27
QIP_gurobi_bound: solver finished in 1.264 s (time_limit=100.0 s, status=OPTIMAL)
[ Info: slice 1, lp_score: 5408.0, primal_bound: 5408.0
QIP_gurobi_bound: solver finished in 1.238 s (time_limit=100.0 s, status=OPTIMAL)
[ Info: slice 2, lp_score: 5406.0, primal_bound: 5408.0
QIP_gurobi_bound: solver finished in 1.362 s (time_limit=100.0 s, status=OPTIMAL)
[ Info: slice 3, lp_score: 5406.0, primal_bound: 5408.0
QIP_gurobi_bound: solver finished in 5.078 s (time_limit=100.0 s, status=OPTIMAL)
[ Info: slice 4, lp_score: 5405.0, primal_bound: 5408.0
[ Info: new_scs: [31]
[ Info: lp_scores: [5408.0]
[ Info: lp_scores: 5408.0
[ Info: current num of unfinished slices: 6, finished slices: 38
                      ┌                                        ┐ 
                   31 ┤■■■■■■■■■■■■■■■■■■■■■■■■■■■■■■■■■■■■■ 1   
                   32 ┤ 0                                        
                   33 ┤ 0                                        
                   34 ┤ 0                                        
                   35 ┤ 0                                        
                   36 ┤ 0                                        
                   37 ┤ 0                                        
                   38 ┤ 0                                        
                   39 ┤ 0                                        
                   40 ┤ 0                                        
                   41 ┤ 0                                        
                   42 ┤ 0                                        
                   43 ┤ 0                                        
                   44 ┤ 0                                        
   sc, target = 31 45 ┤ 0                                        
                   46 ┤ 0                                        
                   47 ┤■■■■■■■■■■■■■■■■■■■■■■■■■■■■■■■■■■■■■ 1   
                   48 ┤ 0                                        
                   49 ┤ 0                                        
                   50 ┤ 0                                        
                   51 ┤ 0                                        
                   52 ┤ 0                                        
                   53 ┤ 0                                        
                   54 ┤ 0                                        
                   55 ┤■■■■■■■■■■■■■■■■■■■■■■■■■■■■■■■■■■■■■ 1   
                   56 ┤ 0                                        
                   57 ┤ 0                                        
                   58 ┤■■■■■■■■■■■■■■■■■■■■■■■■■■■■■■■■■■■■■ 1   
                   59 ┤■■■■■■■■■■■■■■■■■■■■■■■■■■■■■■■■■■■■■ 1   
                   60 ┤■■■■■■■■■■■■■■■■■■■■■■■■■■■■■■■■■■■■■ 1   
                      └                                        ┘ 
                                     num of slices               
[ Info: slicing branch with sc: 31.0
  [slice produced] sc=31.0 tc=44.39864908075612 nv=3542 ne=6900 r=52.0
QIP_value_gurobi: solver finished in 1.226 s (time_limit=604800.0 s, status=OPTIMAL)
[ Info: feasible solution: 5408.0, primal bound: 5408.0
[ Info: current num of unfinished slices: 5, finished slices: 39
                      ┌                                        ┐ 
                   47 ┤■■■■■■■■■■■■■■■■■■■■■■■■■■■■■■■■■■■■■ 1   
                   48 ┤ 0                                        
                   49 ┤ 0                                        
                   50 ┤ 0                                        
                   51 ┤ 0                                        
                   52 ┤ 0                                        
   sc, target = 31 53 ┤ 0                                        
                   54 ┤ 0                                        
                   55 ┤■■■■■■■■■■■■■■■■■■■■■■■■■■■■■■■■■■■■■ 1   
                   56 ┤ 0                                        
                   57 ┤ 0                                        
                   58 ┤■■■■■■■■■■■■■■■■■■■■■■■■■■■■■■■■■■■■■ 1   
                   59 ┤■■■■■■■■■■■■■■■■■■■■■■■■■■■■■■■■■■■■■ 1   
                   60 ┤■■■■■■■■■■■■■■■■■■■■■■■■■■■■■■■■■■■■■ 1   
                      └                                        ┘ 
                                     num of slices               
[ Info: slicing branch with sc: 47.0
[ Info: cc.sc: 47.0
region size: 10
tbl0_rows:78 filtered_rows:78
QIP_gurobi_bound: solver finished in 1.395 s (time_limit=100.0 s, status=OPTIMAL)
[ Info: slice 1, lp_score: 5402.0, primal_bound: 5408.0
QIP_gurobi_bound: solver finished in 1.866 s (time_limit=100.0 s, status=OPTIMAL)
[ Info: slice 2, lp_score: 5408.0, primal_bound: 5408.0
[ Info: new_scs: [44]
[ Info: lp_scores: [5408.0]
[ Info: lp_scores: 5408.0
[ Info: current num of unfinished slices: 5, finished slices: 39
                      ┌                                        ┐ 
                   44 ┤■■■■■■■■■■■■■■■■■■■■■■■■■■■■■■■■■■■■■ 1   
                   45 ┤ 0                                        
                   46 ┤ 0                                        
                   47 ┤ 0                                        
                   48 ┤ 0                                        
                   49 ┤ 0                                        
                   50 ┤ 0                                        
                   51 ┤ 0                                        
   sc, target = 31 52 ┤ 0                                        
                   53 ┤ 0                                        
                   54 ┤ 0                                        
                   55 ┤■■■■■■■■■■■■■■■■■■■■■■■■■■■■■■■■■■■■■ 1   
                   56 ┤ 0                                        
                   57 ┤ 0                                        
                   58 ┤■■■■■■■■■■■■■■■■■■■■■■■■■■■■■■■■■■■■■ 1   
                   59 ┤■■■■■■■■■■■■■■■■■■■■■■■■■■■■■■■■■■■■■ 1   
                   60 ┤■■■■■■■■■■■■■■■■■■■■■■■■■■■■■■■■■■■■■ 1   
                      └                                        ┘ 
                                     num of slices               
[ Info: slicing branch with sc: 44.0
[ Info: cc.sc: 44.0
region size: 10
tbl0_rows:58 filtered_rows:58
QIP_gurobi_bound: solver finished in 1.41 s (time_limit=100.0 s, status=OPTIMAL)
[ Info: slice 1, lp_score: 5404.0, primal_bound: 5408.0
QIP_gurobi_bound: solver finished in 1.734 s (time_limit=100.0 s, status=OPTIMAL)
[ Info: slice 2, lp_score: 5408.0, primal_bound: 5408.0
[ Info: new_scs: [43]
[ Info: lp_scores: [5408.0]
[ Info: lp_scores: 5408.0
[ Info: current num of unfinished slices: 5, finished slices: 39
                      ┌                                        ┐ 
                   43 ┤■■■■■■■■■■■■■■■■■■■■■■■■■■■■■■■■■■■■■ 1   
                   44 ┤ 0                                        
                   45 ┤ 0                                        
                   46 ┤ 0                                        
                   47 ┤ 0                                        
                   48 ┤ 0                                        
                   49 ┤ 0                                        
                   50 ┤ 0                                        
   sc, target = 31 51 ┤ 0                                        
                   52 ┤ 0                                        
                   53 ┤ 0                                        
                   54 ┤ 0                                        
                   55 ┤■■■■■■■■■■■■■■■■■■■■■■■■■■■■■■■■■■■■■ 1   
                   56 ┤ 0                                        
                   57 ┤ 0                                        
                   58 ┤■■■■■■■■■■■■■■■■■■■■■■■■■■■■■■■■■■■■■ 1   
                   59 ┤■■■■■■■■■■■■■■■■■■■■■■■■■■■■■■■■■■■■■ 1   
                   60 ┤■■■■■■■■■■■■■■■■■■■■■■■■■■■■■■■■■■■■■ 1   
                      └                                        ┘ 
                                     num of slices               
[ Info: slicing branch with sc: 43.0
[ Info: cc.sc: 43.0
region size: 10
tbl0_rows:59 filtered_rows:59
QIP_gurobi_bound: solver finished in 1.266 s (time_limit=100.0 s, status=OPTIMAL)
[ Info: slice 1, lp_score: 5408.0, primal_bound: 5408.0
QIP_gurobi_bound: solver finished in 1.311 s (time_limit=100.0 s, status=OPTIMAL)
[ Info: slice 2, lp_score: 5407.0, primal_bound: 5408.0
[ Info: new_scs: [43]
[ Info: lp_scores: [5408.0]
[ Info: lp_scores: 5408.0
[ Info: current num of unfinished slices: 5, finished slices: 39
                      ┌                                        ┐ 
                   43 ┤■■■■■■■■■■■■■■■■■■■■■■■■■■■■■■■■■■■■■ 1   
                   44 ┤ 0                                        
                   45 ┤ 0                                        
                   46 ┤ 0                                        
                   47 ┤ 0                                        
                   48 ┤ 0                                        
                   49 ┤ 0                                        
                   50 ┤ 0                                        
   sc, target = 31 51 ┤ 0                                        
                   52 ┤ 0                                        
                   53 ┤ 0                                        
                   54 ┤ 0                                        
                   55 ┤■■■■■■■■■■■■■■■■■■■■■■■■■■■■■■■■■■■■■ 1   
                   56 ┤ 0                                        
                   57 ┤ 0                                        
                   58 ┤■■■■■■■■■■■■■■■■■■■■■■■■■■■■■■■■■■■■■ 1   
                   59 ┤■■■■■■■■■■■■■■■■■■■■■■■■■■■■■■■■■■■■■ 1   
                   60 ┤■■■■■■■■■■■■■■■■■■■■■■■■■■■■■■■■■■■■■ 1   
                      └                                        ┘ 
                                     num of slices               
[ Info: slicing branch with sc: 43.0
[ Info: cc.sc: 43.0
region size: 10
tbl0_rows:58 filtered_rows:58
QIP_gurobi_bound: solver finished in 1.189 s (time_limit=100.0 s, status=OPTIMAL)
[ Info: slice 1, lp_score: 5408.0, primal_bound: 5408.0
QIP_gurobi_bound: solver finished in 1.52 s (time_limit=100.0 s, status=OPTIMAL)
[ Info: slice 2, lp_score: 5404.0, primal_bound: 5408.0
[ Info: new_scs: [42]
[ Info: lp_scores: [5408.0]
[ Info: lp_scores: 5408.0
[ Info: current num of unfinished slices: 5, finished slices: 39
                      ┌                                        ┐ 
                   42 ┤■■■■■■■■■■■■■■■■■■■■■■■■■■■■■■■■■■■■■ 1   
                   43 ┤ 0                                        
                   44 ┤ 0                                        
                   45 ┤ 0                                        
                   46 ┤ 0                                        
                   47 ┤ 0                                        
                   48 ┤ 0                                        
                   49 ┤ 0                                        
                   50 ┤ 0                                        
   sc, target = 31 51 ┤ 0                                        
                   52 ┤ 0                                        
                   53 ┤ 0                                        
                   54 ┤ 0                                        
                   55 ┤■■■■■■■■■■■■■■■■■■■■■■■■■■■■■■■■■■■■■ 1   
                   56 ┤ 0                                        
                   57 ┤ 0                                        
                   58 ┤■■■■■■■■■■■■■■■■■■■■■■■■■■■■■■■■■■■■■ 1   
                   59 ┤■■■■■■■■■■■■■■■■■■■■■■■■■■■■■■■■■■■■■ 1   
                   60 ┤■■■■■■■■■■■■■■■■■■■■■■■■■■■■■■■■■■■■■ 1   
                      └                                        ┘ 
                                     num of slices               
[ Info: slicing branch with sc: 42.0
[ Info: cc.sc: 42.0
region size: 10
tbl0_rows:24 filtered_rows:24
QIP_gurobi_bound: solver finished in 1.447 s (time_limit=100.0 s, status=OPTIMAL)
[ Info: slice 1, lp_score: 5408.0, primal_bound: 5408.0
QIP_gurobi_bound: solver finished in 1.324 s (time_limit=100.0 s, status=OPTIMAL)
[ Info: slice 2, lp_score: 5402.0, primal_bound: 5408.0
QIP_gurobi_bound: solver finished in 1.23 s (time_limit=100.0 s, status=OPTIMAL)
[ Info: slice 3, lp_score: 5405.0, primal_bound: 5408.0
[ Info: new_scs: [42]
[ Info: lp_scores: [5408.0]
[ Info: lp_scores: 5408.0
[ Info: current num of unfinished slices: 5, finished slices: 39
                      ┌                                        ┐ 
                   42 ┤■■■■■■■■■■■■■■■■■■■■■■■■■■■■■■■■■■■■■ 1   
                   43 ┤ 0                                        
                   44 ┤ 0                                        
                   45 ┤ 0                                        
                   46 ┤ 0                                        
                   47 ┤ 0                                        
                   48 ┤ 0                                        
                   49 ┤ 0                                        
                   50 ┤ 0                                        
   sc, target = 31 51 ┤ 0                                        
                   52 ┤ 0                                        
                   53 ┤ 0                                        
                   54 ┤ 0                                        
                   55 ┤■■■■■■■■■■■■■■■■■■■■■■■■■■■■■■■■■■■■■ 1   
                   56 ┤ 0                                        
                   57 ┤ 0                                        
                   58 ┤■■■■■■■■■■■■■■■■■■■■■■■■■■■■■■■■■■■■■ 1   
                   59 ┤■■■■■■■■■■■■■■■■■■■■■■■■■■■■■■■■■■■■■ 1   
                   60 ┤■■■■■■■■■■■■■■■■■■■■■■■■■■■■■■■■■■■■■ 1   
                      └                                        ┘ 
                                     num of slices               
[ Info: slicing branch with sc: 42.0
[ Info: cc.sc: 42.0
region size: 10
tbl0_rows:25 filtered_rows:25
QIP_gurobi_bound: solver finished in 1.301 s (time_limit=100.0 s, status=OPTIMAL)
[ Info: slice 1, lp_score: 5402.0, primal_bound: 5408.0
QIP_gurobi_bound: solver finished in 1.287 s (time_limit=100.0 s, status=OPTIMAL)
[ Info: slice 2, lp_score: 5408.0, primal_bound: 5408.0
[ Info: new_scs: [42]
[ Info: lp_scores: [5408.0]
[ Info: lp_scores: 5408.0
[ Info: current num of unfinished slices: 5, finished slices: 39
                      ┌                                        ┐ 
                   42 ┤■■■■■■■■■■■■■■■■■■■■■■■■■■■■■■■■■■■■■ 1   
                   43 ┤ 0                                        
                   44 ┤ 0                                        
                   45 ┤ 0                                        
                   46 ┤ 0                                        
                   47 ┤ 0                                        
                   48 ┤ 0                                        
                   49 ┤ 0                                        
                   50 ┤ 0                                        
   sc, target = 31 51 ┤ 0                                        
                   52 ┤ 0                                        
                   53 ┤ 0                                        
                   54 ┤ 0                                        
                   55 ┤■■■■■■■■■■■■■■■■■■■■■■■■■■■■■■■■■■■■■ 1   
                   56 ┤ 0                                        
                   57 ┤ 0                                        
                   58 ┤■■■■■■■■■■■■■■■■■■■■■■■■■■■■■■■■■■■■■ 1   
                   59 ┤■■■■■■■■■■■■■■■■■■■■■■■■■■■■■■■■■■■■■ 1   
                   60 ┤■■■■■■■■■■■■■■■■■■■■■■■■■■■■■■■■■■■■■ 1   
                      └                                        ┘ 
                                     num of slices               
[ Info: slicing branch with sc: 42.0
[ Info: cc.sc: 42.0
region size: 10
tbl0_rows:53 filtered_rows:53
QIP_gurobi_bound: solver finished in 1.339 s (time_limit=100.0 s, status=OPTIMAL)
[ Info: slice 1, lp_score: 5408.0, primal_bound: 5408.0
QIP_gurobi_bound: solver finished in 1.24 s (time_limit=100.0 s, status=OPTIMAL)
[ Info: slice 2, lp_score: 5408.0, primal_bound: 5408.0
[ Info: new_scs: [40, 41]
[ Info: lp_scores: [5408.0, 5408.0]
[ Info: lp_scores: 5408.0
[ Info: lp_scores: 5408.0
[ Info: current num of unfinished slices: 6, finished slices: 39
                      ┌                                        ┐ 
                   40 ┤■■■■■■■■■■■■■■■■■■■■■■■■■■■■■■■■■■■■■ 1   
                   41 ┤■■■■■■■■■■■■■■■■■■■■■■■■■■■■■■■■■■■■■ 1   
                   42 ┤ 0                                        
                   43 ┤ 0                                        
                   44 ┤ 0                                        
                   45 ┤ 0                                        
                   46 ┤ 0                                        
                   47 ┤ 0                                        
                   48 ┤ 0                                        
                   49 ┤ 0                                        
   sc, target = 31 50 ┤ 0                                        
                   51 ┤ 0                                        
                   52 ┤ 0                                        
                   53 ┤ 0                                        
                   54 ┤ 0                                        
                   55 ┤■■■■■■■■■■■■■■■■■■■■■■■■■■■■■■■■■■■■■ 1   
                   56 ┤ 0                                        
                   57 ┤ 0                                        
                   58 ┤■■■■■■■■■■■■■■■■■■■■■■■■■■■■■■■■■■■■■ 1   
                   59 ┤■■■■■■■■■■■■■■■■■■■■■■■■■■■■■■■■■■■■■ 1   
                   60 ┤■■■■■■■■■■■■■■■■■■■■■■■■■■■■■■■■■■■■■ 1   
                      └                                        ┘ 
                                     num of slices               
[ Info: slicing branch with sc: 40.0
[ Info: cc.sc: 40.0
region size: 10
tbl0_rows:44 filtered_rows:44
QIP_gurobi_bound: solver finished in 1.308 s (time_limit=100.0 s, status=OPTIMAL)
[ Info: slice 1, lp_score: 5408.0, primal_bound: 5408.0
QIP_gurobi_bound: solver finished in 1.233 s (time_limit=100.0 s, status=OPTIMAL)
[ Info: slice 2, lp_score: 5408.0, primal_bound: 5408.0
[ Info: new_scs: [39, 40]
[ Info: lp_scores: [5408.0, 5408.0]
[ Info: lp_scores: 5408.0
[ Info: lp_scores: 5408.0
[ Info: current num of unfinished slices: 7, finished slices: 39
                      ┌                                        ┐ 
                   39 ┤■■■■■■■■■■■■■■■■■■■■■■■■■■■■■■■■■■■■■ 1   
                   40 ┤■■■■■■■■■■■■■■■■■■■■■■■■■■■■■■■■■■■■■ 1   
                   41 ┤■■■■■■■■■■■■■■■■■■■■■■■■■■■■■■■■■■■■■ 1   
                   42 ┤ 0                                        
                   43 ┤ 0                                        
                   44 ┤ 0                                        
                   45 ┤ 0                                        
                   46 ┤ 0                                        
                   47 ┤ 0                                        
                   48 ┤ 0                                        
   sc, target = 31 49 ┤ 0                                        
                   50 ┤ 0                                        
                   51 ┤ 0                                        
                   52 ┤ 0                                        
                   53 ┤ 0                                        
                   54 ┤ 0                                        
                   55 ┤■■■■■■■■■■■■■■■■■■■■■■■■■■■■■■■■■■■■■ 1   
                   56 ┤ 0                                        
                   57 ┤ 0                                        
                   58 ┤■■■■■■■■■■■■■■■■■■■■■■■■■■■■■■■■■■■■■ 1   
                   59 ┤■■■■■■■■■■■■■■■■■■■■■■■■■■■■■■■■■■■■■ 1   
                   60 ┤■■■■■■■■■■■■■■■■■■■■■■■■■■■■■■■■■■■■■ 1   
                      └                                        ┘ 
                                     num of slices               
[ Info: slicing branch with sc: 39.0
[ Info: cc.sc: 39.0
region size: 10
tbl0_rows:22 filtered_rows:22
QIP_gurobi_bound: solver finished in 1.401 s (time_limit=100.0 s, status=OPTIMAL)
[ Info: slice 1, lp_score: 5408.0, primal_bound: 5408.0
QIP_gurobi_bound: solver finished in 1.612 s (time_limit=100.0 s, status=OPTIMAL)
[ Info: slice 2, lp_score: 5407.0, primal_bound: 5408.0
[ Info: new_scs: [38]
[ Info: lp_scores: [5408.0]
[ Info: lp_scores: 5408.0
[ Info: current num of unfinished slices: 7, finished slices: 39
                      ┌                                        ┐ 
                   38 ┤■■■■■■■■■■■■■■■■■■■■■■■■■■■■■■■■■■■■■ 1   
                   39 ┤ 0                                        
                   40 ┤■■■■■■■■■■■■■■■■■■■■■■■■■■■■■■■■■■■■■ 1   
                   41 ┤■■■■■■■■■■■■■■■■■■■■■■■■■■■■■■■■■■■■■ 1   
                   42 ┤ 0                                        
                   43 ┤ 0                                        
                   44 ┤ 0                                        
                   45 ┤ 0                                        
                   46 ┤ 0                                        
                   47 ┤ 0                                        
                   48 ┤ 0                                        
   sc, target = 31 49 ┤ 0                                        
                   50 ┤ 0                                        
                   51 ┤ 0                                        
                   52 ┤ 0                                        
                   53 ┤ 0                                        
                   54 ┤ 0                                        
                   55 ┤■■■■■■■■■■■■■■■■■■■■■■■■■■■■■■■■■■■■■ 1   
                   56 ┤ 0                                        
                   57 ┤ 0                                        
                   58 ┤■■■■■■■■■■■■■■■■■■■■■■■■■■■■■■■■■■■■■ 1   
                   59 ┤■■■■■■■■■■■■■■■■■■■■■■■■■■■■■■■■■■■■■ 1   
                   60 ┤■■■■■■■■■■■■■■■■■■■■■■■■■■■■■■■■■■■■■ 1   
                      └                                        ┘ 
                                     num of slices               
[ Info: slicing branch with sc: 38.0
[ Info: cc.sc: 38.0
region size: 10
tbl0_rows:51 filtered_rows:51
QIP_gurobi_bound: solver finished in 1.23 s (time_limit=100.0 s, status=OPTIMAL)
[ Info: slice 1, lp_score: 5407.0, primal_bound: 5408.0
QIP_gurobi_bound: solver finished in 1.683 s (time_limit=100.0 s, status=OPTIMAL)
[ Info: slice 2, lp_score: 5408.0, primal_bound: 5408.0
[ Info: new_scs: [37]
[ Info: lp_scores: [5408.0]
[ Info: lp_scores: 5408.0
[ Info: current num of unfinished slices: 7, finished slices: 39
                      ┌                                        ┐ 
                   37 ┤■■■■■■■■■■■■■■■■■■■■■■■■■■■■■■■■■■■■■ 1   
                   38 ┤ 0                                        
                   39 ┤ 0                                        
                   40 ┤■■■■■■■■■■■■■■■■■■■■■■■■■■■■■■■■■■■■■ 1   
                   41 ┤■■■■■■■■■■■■■■■■■■■■■■■■■■■■■■■■■■■■■ 1   
                   42 ┤ 0                                        
                   43 ┤ 0                                        
                   44 ┤ 0                                        
                   45 ┤ 0                                        
                   46 ┤ 0                                        
                   47 ┤ 0                                        
   sc, target = 31 48 ┤ 0                                        
                   49 ┤ 0                                        
                   50 ┤ 0                                        
                   51 ┤ 0                                        
                   52 ┤ 0                                        
                   53 ┤ 0                                        
                   54 ┤ 0                                        
                   55 ┤■■■■■■■■■■■■■■■■■■■■■■■■■■■■■■■■■■■■■ 1   
                   56 ┤ 0                                        
                   57 ┤ 0                                        
                   58 ┤■■■■■■■■■■■■■■■■■■■■■■■■■■■■■■■■■■■■■ 1   
                   59 ┤■■■■■■■■■■■■■■■■■■■■■■■■■■■■■■■■■■■■■ 1   
                   60 ┤■■■■■■■■■■■■■■■■■■■■■■■■■■■■■■■■■■■■■ 1   
                      └                                        ┘ 
                                     num of slices               
[ Info: slicing branch with sc: 37.0
[ Info: cc.sc: 37.0
region size: 10
tbl0_rows:26 filtered_rows:26
QIP_gurobi_bound: solver finished in 1.281 s (time_limit=100.0 s, status=OPTIMAL)
[ Info: slice 1, lp_score: 5397.0, primal_bound: 5408.0
QIP_gurobi_bound: solver finished in 1.284 s (time_limit=100.0 s, status=OPTIMAL)
[ Info: slice 2, lp_score: 5408.0, primal_bound: 5408.0
[ Info: new_scs: [36]
[ Info: lp_scores: [5408.0]
[ Info: lp_scores: 5408.0
[ Info: current num of unfinished slices: 7, finished slices: 39
                      ┌                                        ┐ 
                   36 ┤■■■■■■■■■■■■■■■■■■■■■■■■■■■■■■■■■■■■■ 1   
                   37 ┤ 0                                        
                   38 ┤ 0                                        
                   39 ┤ 0                                        
                   40 ┤■■■■■■■■■■■■■■■■■■■■■■■■■■■■■■■■■■■■■ 1   
                   41 ┤■■■■■■■■■■■■■■■■■■■■■■■■■■■■■■■■■■■■■ 1   
                   42 ┤ 0                                        
                   43 ┤ 0                                        
                   44 ┤ 0                                        
                   45 ┤ 0                                        
                   46 ┤ 0                                        
                   47 ┤ 0                                        
   sc, target = 31 48 ┤ 0                                        
                   49 ┤ 0                                        
                   50 ┤ 0                                        
                   51 ┤ 0                                        
                   52 ┤ 0                                        
                   53 ┤ 0                                        
                   54 ┤ 0                                        
                   55 ┤■■■■■■■■■■■■■■■■■■■■■■■■■■■■■■■■■■■■■ 1   
                   56 ┤ 0                                        
                   57 ┤ 0                                        
                   58 ┤■■■■■■■■■■■■■■■■■■■■■■■■■■■■■■■■■■■■■ 1   
                   59 ┤■■■■■■■■■■■■■■■■■■■■■■■■■■■■■■■■■■■■■ 1   
                   60 ┤■■■■■■■■■■■■■■■■■■■■■■■■■■■■■■■■■■■■■ 1   
                      └                                        ┘ 
                                     num of slices               
[ Info: slicing branch with sc: 36.0
[ Info: cc.sc: 36.0
region size: 10
tbl0_rows:53 filtered_rows:53
QIP_gurobi_bound: solver finished in 1.289 s (time_limit=100.0 s, status=OPTIMAL)
[ Info: slice 1, lp_score: 5408.0, primal_bound: 5408.0
QIP_gurobi_bound: solver finished in 1.776 s (time_limit=100.0 s, status=OPTIMAL)
[ Info: slice 2, lp_score: 5403.0, primal_bound: 5408.0
[ Info: new_scs: [35]
[ Info: lp_scores: [5408.0]
[ Info: lp_scores: 5408.0
[ Info: current num of unfinished slices: 7, finished slices: 39
                      ┌                                        ┐ 
                   35 ┤■■■■■■■■■■■■■■■■■■■■■■■■■■■■■■■■■■■■■ 1   
                   36 ┤ 0                                        
                   37 ┤ 0                                        
                   38 ┤ 0                                        
                   39 ┤ 0                                        
                   40 ┤■■■■■■■■■■■■■■■■■■■■■■■■■■■■■■■■■■■■■ 1   
                   41 ┤■■■■■■■■■■■■■■■■■■■■■■■■■■■■■■■■■■■■■ 1   
                   42 ┤ 0                                        
                   43 ┤ 0                                        
                   44 ┤ 0                                        
                   45 ┤ 0                                        
                   46 ┤ 0                                        
   sc, target = 31 47 ┤ 0                                        
                   48 ┤ 0                                        
                   49 ┤ 0                                        
                   50 ┤ 0                                        
                   51 ┤ 0                                        
                   52 ┤ 0                                        
                   53 ┤ 0                                        
                   54 ┤ 0                                        
                   55 ┤■■■■■■■■■■■■■■■■■■■■■■■■■■■■■■■■■■■■■ 1   
                   56 ┤ 0                                        
                   57 ┤ 0                                        
                   58 ┤■■■■■■■■■■■■■■■■■■■■■■■■■■■■■■■■■■■■■ 1   
                   59 ┤■■■■■■■■■■■■■■■■■■■■■■■■■■■■■■■■■■■■■ 1   
                   60 ┤■■■■■■■■■■■■■■■■■■■■■■■■■■■■■■■■■■■■■ 1   
                      └                                        ┘ 
                                     num of slices               
[ Info: slicing branch with sc: 35.0
[ Info: cc.sc: 35.0
region size: 10
tbl0_rows:35 filtered_rows:35
QIP_gurobi_bound: solver finished in 1.702 s (time_limit=100.0 s, status=OPTIMAL)
[ Info: slice 1, lp_score: 5408.0, primal_bound: 5408.0
QIP_gurobi_bound: solver finished in 1.238 s (time_limit=100.0 s, status=OPTIMAL)
[ Info: slice 2, lp_score: 5407.0, primal_bound: 5408.0
[ Info: new_scs: [33]
[ Info: lp_scores: [5408.0]
[ Info: lp_scores: 5408.0
[ Info: current num of unfinished slices: 7, finished slices: 39
                      ┌                                        ┐ 
                   33 ┤■■■■■■■■■■■■■■■■■■■■■■■■■■■■■■■■■■■■■ 1   
                   34 ┤ 0                                        
                   35 ┤ 0                                        
                   36 ┤ 0                                        
                   37 ┤ 0                                        
                   38 ┤ 0                                        
                   39 ┤ 0                                        
                   40 ┤■■■■■■■■■■■■■■■■■■■■■■■■■■■■■■■■■■■■■ 1   
                   41 ┤■■■■■■■■■■■■■■■■■■■■■■■■■■■■■■■■■■■■■ 1   
                   42 ┤ 0                                        
                   43 ┤ 0                                        
                   44 ┤ 0                                        
                   45 ┤ 0                                        
   sc, target = 31 46 ┤ 0                                        
                   47 ┤ 0                                        
                   48 ┤ 0                                        
                   49 ┤ 0                                        
                   50 ┤ 0                                        
                   51 ┤ 0                                        
                   52 ┤ 0                                        
                   53 ┤ 0                                        
                   54 ┤ 0                                        
                   55 ┤■■■■■■■■■■■■■■■■■■■■■■■■■■■■■■■■■■■■■ 1   
                   56 ┤ 0                                        
                   57 ┤ 0                                        
                   58 ┤■■■■■■■■■■■■■■■■■■■■■■■■■■■■■■■■■■■■■ 1   
                   59 ┤■■■■■■■■■■■■■■■■■■■■■■■■■■■■■■■■■■■■■ 1   
                   60 ┤■■■■■■■■■■■■■■■■■■■■■■■■■■■■■■■■■■■■■ 1   
                      └                                        ┘ 
                                     num of slices               
[ Info: slicing branch with sc: 33.0
[ Info: cc.sc: 33.0
region size: 10
tbl0_rows:68 filtered_rows:68
QIP_gurobi_bound: solver finished in 1.243 s (time_limit=100.0 s, status=OPTIMAL)
[ Info: slice 1, lp_score: 5403.0, primal_bound: 5408.0
QIP_gurobi_bound: solver finished in 1.265 s (time_limit=100.0 s, status=OPTIMAL)
[ Info: slice 2, lp_score: 5408.0, primal_bound: 5408.0
[ Info: new_scs: [33]
[ Info: lp_scores: [5408.0]
[ Info: lp_scores: 5408.0
[ Info: current num of unfinished slices: 7, finished slices: 39
                      ┌                                        ┐ 
                   33 ┤■■■■■■■■■■■■■■■■■■■■■■■■■■■■■■■■■■■■■ 1   
                   34 ┤ 0                                        
                   35 ┤ 0                                        
                   36 ┤ 0                                        
                   37 ┤ 0                                        
                   38 ┤ 0                                        
                   39 ┤ 0                                        
                   40 ┤■■■■■■■■■■■■■■■■■■■■■■■■■■■■■■■■■■■■■ 1   
                   41 ┤■■■■■■■■■■■■■■■■■■■■■■■■■■■■■■■■■■■■■ 1   
                   42 ┤ 0                                        
                   43 ┤ 0                                        
                   44 ┤ 0                                        
                   45 ┤ 0                                        
   sc, target = 31 46 ┤ 0                                        
                   47 ┤ 0                                        
                   48 ┤ 0                                        
                   49 ┤ 0                                        
                   50 ┤ 0                                        
                   51 ┤ 0                                        
                   52 ┤ 0                                        
                   53 ┤ 0                                        
                   54 ┤ 0                                        
                   55 ┤■■■■■■■■■■■■■■■■■■■■■■■■■■■■■■■■■■■■■ 1   
                   56 ┤ 0                                        
                   57 ┤ 0                                        
                   58 ┤■■■■■■■■■■■■■■■■■■■■■■■■■■■■■■■■■■■■■ 1   
                   59 ┤■■■■■■■■■■■■■■■■■■■■■■■■■■■■■■■■■■■■■ 1   
                   60 ┤■■■■■■■■■■■■■■■■■■■■■■■■■■■■■■■■■■■■■ 1   
                      └                                        ┘ 
                                     num of slices               
[ Info: slicing branch with sc: 33.0
[ Info: cc.sc: 33.0
region size: 10
tbl0_rows:27 filtered_rows:27
QIP_gurobi_bound: solver finished in 1.423 s (time_limit=100.0 s, status=OPTIMAL)
[ Info: slice 1, lp_score: 5408.0, primal_bound: 5408.0
QIP_gurobi_bound: solver finished in 1.305 s (time_limit=100.0 s, status=OPTIMAL)
[ Info: slice 2, lp_score: 5397.0, primal_bound: 5408.0
QIP_gurobi_bound: solver finished in 1.311 s (time_limit=100.0 s, status=OPTIMAL)
[ Info: slice 3, lp_score: 5406.0, primal_bound: 5408.0
QIP_gurobi_bound: solver finished in 1.236 s (time_limit=100.0 s, status=OPTIMAL)
[ Info: slice 4, lp_score: 5401.0, primal_bound: 5408.0
QIP_gurobi_bound: solver finished in 1.226 s (time_limit=100.0 s, status=OPTIMAL)
[ Info: slice 5, lp_score: 5403.0, primal_bound: 5408.0
[ Info: new_scs: [33]
[ Info: lp_scores: [5408.0]
[ Info: lp_scores: 5408.0
[ Info: current num of unfinished slices: 7, finished slices: 39
                      ┌                                        ┐ 
                   33 ┤■■■■■■■■■■■■■■■■■■■■■■■■■■■■■■■■■■■■■ 1   
                   34 ┤ 0                                        
                   35 ┤ 0                                        
                   36 ┤ 0                                        
                   37 ┤ 0                                        
                   38 ┤ 0                                        
                   39 ┤ 0                                        
                   40 ┤■■■■■■■■■■■■■■■■■■■■■■■■■■■■■■■■■■■■■ 1   
                   41 ┤■■■■■■■■■■■■■■■■■■■■■■■■■■■■■■■■■■■■■ 1   
                   42 ┤ 0                                        
                   43 ┤ 0                                        
                   44 ┤ 0                                        
                   45 ┤ 0                                        
   sc, target = 31 46 ┤ 0                                        
                   47 ┤ 0                                        
                   48 ┤ 0                                        
                   49 ┤ 0                                        
                   50 ┤ 0                                        
                   51 ┤ 0                                        
                   52 ┤ 0                                        
                   53 ┤ 0                                        
                   54 ┤ 0                                        
                   55 ┤■■■■■■■■■■■■■■■■■■■■■■■■■■■■■■■■■■■■■ 1   
                   56 ┤ 0                                        
                   57 ┤ 0                                        
                   58 ┤■■■■■■■■■■■■■■■■■■■■■■■■■■■■■■■■■■■■■ 1   
                   59 ┤■■■■■■■■■■■■■■■■■■■■■■■■■■■■■■■■■■■■■ 1   
                   60 ┤■■■■■■■■■■■■■■■■■■■■■■■■■■■■■■■■■■■■■ 1   
                      └                                        ┘ 
                                     num of slices               
[ Info: slicing branch with sc: 33.0
[ Info: cc.sc: 33.0
region size: 10
tbl0_rows:15 filtered_rows:15
QIP_gurobi_bound: solver finished in 1.268 s (time_limit=100.0 s, status=OPTIMAL)
[ Info: slice 1, lp_score: 5404.0, primal_bound: 5408.0
QIP_gurobi_bound: solver finished in 1.263 s (time_limit=100.0 s, status=OPTIMAL)
[ Info: slice 2, lp_score: 5408.0, primal_bound: 5408.0
[ Info: new_scs: [32]
[ Info: lp_scores: [5408.0]
[ Info: lp_scores: 5408.0
[ Info: current num of unfinished slices: 7, finished slices: 39
                      ┌                                        ┐ 
                   32 ┤■■■■■■■■■■■■■■■■■■■■■■■■■■■■■■■■■■■■■ 1   
                   33 ┤ 0                                        
                   34 ┤ 0                                        
                   35 ┤ 0                                        
                   36 ┤ 0                                        
                   37 ┤ 0                                        
                   38 ┤ 0                                        
                   39 ┤ 0                                        
                   40 ┤■■■■■■■■■■■■■■■■■■■■■■■■■■■■■■■■■■■■■ 1   
                   41 ┤■■■■■■■■■■■■■■■■■■■■■■■■■■■■■■■■■■■■■ 1   
                   42 ┤ 0                                        
                   43 ┤ 0                                        
                   44 ┤ 0                                        
                   45 ┤ 0                                        
   sc, target = 31 46 ┤ 0                                        
                   47 ┤ 0                                        
                   48 ┤ 0                                        
                   49 ┤ 0                                        
                   50 ┤ 0                                        
                   51 ┤ 0                                        
                   52 ┤ 0                                        
                   53 ┤ 0                                        
                   54 ┤ 0                                        
                   55 ┤■■■■■■■■■■■■■■■■■■■■■■■■■■■■■■■■■■■■■ 1   
                   56 ┤ 0                                        
                   57 ┤ 0                                        
                   58 ┤■■■■■■■■■■■■■■■■■■■■■■■■■■■■■■■■■■■■■ 1   
                   59 ┤■■■■■■■■■■■■■■■■■■■■■■■■■■■■■■■■■■■■■ 1   
                   60 ┤■■■■■■■■■■■■■■■■■■■■■■■■■■■■■■■■■■■■■ 1   
                      └                                        ┘ 
                                     num of slices               
[ Info: slicing branch with sc: 32.0
[ Info: cc.sc: 32.0
region size: 10
tbl0_rows:54 filtered_rows:54
QIP_gurobi_bound: solver finished in 1.341 s (time_limit=100.0 s, status=OPTIMAL)
[ Info: slice 1, lp_score: 5408.0, primal_bound: 5408.0
QIP_gurobi_bound: solver finished in 1.26 s (time_limit=100.0 s, status=OPTIMAL)
[ Info: slice 2, lp_score: 5407.0, primal_bound: 5408.0
[ Info: new_scs: [31]
[ Info: lp_scores: [5408.0]
[ Info: lp_scores: 5408.0
[ Info: current num of unfinished slices: 7, finished slices: 39
                      ┌                                        ┐ 
                   31 ┤■■■■■■■■■■■■■■■■■■■■■■■■■■■■■■■■■■■■■ 1   
                   32 ┤ 0                                        
                   33 ┤ 0                                        
                   34 ┤ 0                                        
                   35 ┤ 0                                        
                   36 ┤ 0                                        
                   37 ┤ 0                                        
                   38 ┤ 0                                        
                   39 ┤ 0                                        
                   40 ┤■■■■■■■■■■■■■■■■■■■■■■■■■■■■■■■■■■■■■ 1   
                   41 ┤■■■■■■■■■■■■■■■■■■■■■■■■■■■■■■■■■■■■■ 1   
                   42 ┤ 0                                        
                   43 ┤ 0                                        
                   44 ┤ 0                                        
   sc, target = 31 45 ┤ 0                                        
                   46 ┤ 0                                        
                   47 ┤ 0                                        
                   48 ┤ 0                                        
                   49 ┤ 0                                        
                   50 ┤ 0                                        
                   51 ┤ 0                                        
                   52 ┤ 0                                        
                   53 ┤ 0                                        
                   54 ┤ 0                                        
                   55 ┤■■■■■■■■■■■■■■■■■■■■■■■■■■■■■■■■■■■■■ 1   
                   56 ┤ 0                                        
                   57 ┤ 0                                        
                   58 ┤■■■■■■■■■■■■■■■■■■■■■■■■■■■■■■■■■■■■■ 1   
                   59 ┤■■■■■■■■■■■■■■■■■■■■■■■■■■■■■■■■■■■■■ 1   
                   60 ┤■■■■■■■■■■■■■■■■■■■■■■■■■■■■■■■■■■■■■ 1   
                      └                                        ┘ 
                                     num of slices               
[ Info: slicing branch with sc: 31.0
  [slice produced] sc=31.0 tc=45.46322590284431 nv=3548 ne=6918 r=50.0
QIP_value_gurobi: solver finished in 1.321 s (time_limit=604800.0 s, status=OPTIMAL)
[ Info: feasible solution: 5408.0, primal bound: 5408.0
[ Info: current num of unfinished slices: 6, finished slices: 40
                      ┌                                        ┐ 
                   40 ┤■■■■■■■■■■■■■■■■■■■■■■■■■■■■■■■■■■■■■ 1   
                   41 ┤■■■■■■■■■■■■■■■■■■■■■■■■■■■■■■■■■■■■■ 1   
                   42 ┤ 0                                        
                   43 ┤ 0                                        
                   44 ┤ 0                                        
                   45 ┤ 0                                        
                   46 ┤ 0                                        
                   47 ┤ 0                                        
                   48 ┤ 0                                        
                   49 ┤ 0                                        
   sc, target = 31 50 ┤ 0                                        
                   51 ┤ 0                                        
                   52 ┤ 0                                        
                   53 ┤ 0                                        
                   54 ┤ 0                                        
                   55 ┤■■■■■■■■■■■■■■■■■■■■■■■■■■■■■■■■■■■■■ 1   
                   56 ┤ 0                                        
                   57 ┤ 0                                        
                   58 ┤■■■■■■■■■■■■■■■■■■■■■■■■■■■■■■■■■■■■■ 1   
                   59 ┤■■■■■■■■■■■■■■■■■■■■■■■■■■■■■■■■■■■■■ 1   
                   60 ┤■■■■■■■■■■■■■■■■■■■■■■■■■■■■■■■■■■■■■ 1   
                      └                                        ┘ 
                                     num of slices               
[ Info: slicing branch with sc: 40.0
[ Info: cc.sc: 40.0
region size: 10
tbl0_rows:27 filtered_rows:27
QIP_gurobi_bound: solver finished in 1.438 s (time_limit=100.0 s, status=OPTIMAL)
[ Info: slice 1, lp_score: 5407.0, primal_bound: 5408.0
QIP_gurobi_bound: solver finished in 1.307 s (time_limit=100.0 s, status=OPTIMAL)
[ Info: slice 2, lp_score: 5408.0, primal_bound: 5408.0
[ Info: new_scs: [39]
[ Info: lp_scores: [5408.0]
[ Info: lp_scores: 5408.0
[ Info: current num of unfinished slices: 6, finished slices: 40
                      ┌                                        ┐ 
                   39 ┤■■■■■■■■■■■■■■■■■■■■■■■■■■■■■■■■■■■■■ 1   
                   40 ┤ 0                                        
                   41 ┤■■■■■■■■■■■■■■■■■■■■■■■■■■■■■■■■■■■■■ 1   
                   42 ┤ 0                                        
                   43 ┤ 0                                        
                   44 ┤ 0                                        
                   45 ┤ 0                                        
                   46 ┤ 0                                        
                   47 ┤ 0                                        
                   48 ┤ 0                                        
   sc, target = 31 49 ┤ 0                                        
                   50 ┤ 0                                        
                   51 ┤ 0                                        
                   52 ┤ 0                                        
                   53 ┤ 0                                        
                   54 ┤ 0                                        
                   55 ┤■■■■■■■■■■■■■■■■■■■■■■■■■■■■■■■■■■■■■ 1   
                   56 ┤ 0                                        
                   57 ┤ 0                                        
                   58 ┤■■■■■■■■■■■■■■■■■■■■■■■■■■■■■■■■■■■■■ 1   
                   59 ┤■■■■■■■■■■■■■■■■■■■■■■■■■■■■■■■■■■■■■ 1   
                   60 ┤■■■■■■■■■■■■■■■■■■■■■■■■■■■■■■■■■■■■■ 1   
                      └                                        ┘ 
                                     num of slices               
[ Info: slicing branch with sc: 39.0
[ Info: cc.sc: 39.0
region size: 10
tbl0_rows:26 filtered_rows:26
QIP_gurobi_bound: solver finished in 1.22 s (time_limit=100.0 s, status=OPTIMAL)
[ Info: slice 1, lp_score: 5397.0, primal_bound: 5408.0
QIP_gurobi_bound: solver finished in 1.355 s (time_limit=100.0 s, status=OPTIMAL)
[ Info: slice 2, lp_score: 5408.0, primal_bound: 5408.0
[ Info: new_scs: [38]
[ Info: lp_scores: [5408.0]
[ Info: lp_scores: 5408.0
[ Info: current num of unfinished slices: 6, finished slices: 40
                      ┌                                        ┐ 
                   38 ┤■■■■■■■■■■■■■■■■■■■■■■■■■■■■■■■■■■■■■ 1   
                   39 ┤ 0                                        
                   40 ┤ 0                                        
                   41 ┤■■■■■■■■■■■■■■■■■■■■■■■■■■■■■■■■■■■■■ 1   
                   42 ┤ 0                                        
                   43 ┤ 0                                        
                   44 ┤ 0                                        
                   45 ┤ 0                                        
                   46 ┤ 0                                        
                   47 ┤ 0                                        
                   48 ┤ 0                                        
   sc, target = 31 49 ┤ 0                                        
                   50 ┤ 0                                        
                   51 ┤ 0                                        
                   52 ┤ 0                                        
                   53 ┤ 0                                        
                   54 ┤ 0                                        
                   55 ┤■■■■■■■■■■■■■■■■■■■■■■■■■■■■■■■■■■■■■ 1   
                   56 ┤ 0                                        
                   57 ┤ 0                                        
                   58 ┤■■■■■■■■■■■■■■■■■■■■■■■■■■■■■■■■■■■■■ 1   
                   59 ┤■■■■■■■■■■■■■■■■■■■■■■■■■■■■■■■■■■■■■ 1   
                   60 ┤■■■■■■■■■■■■■■■■■■■■■■■■■■■■■■■■■■■■■ 1   
                      └                                        ┘ 
                                     num of slices               
[ Info: slicing branch with sc: 38.0
[ Info: cc.sc: 38.0
region size: 10
tbl0_rows:67 filtered_rows:67
QIP_gurobi_bound: solver finished in 1.373 s (time_limit=100.0 s, status=OPTIMAL)
[ Info: slice 1, lp_score: 5408.0, primal_bound: 5408.0
QIP_gurobi_bound: solver finished in 1.34 s (time_limit=100.0 s, status=OPTIMAL)
[ Info: slice 2, lp_score: 5403.0, primal_bound: 5408.0
[ Info: new_scs: [37]
[ Info: lp_scores: [5408.0]
[ Info: lp_scores: 5408.0
[ Info: current num of unfinished slices: 6, finished slices: 40
                      ┌                                        ┐ 
                   37 ┤■■■■■■■■■■■■■■■■■■■■■■■■■■■■■■■■■■■■■ 1   
                   38 ┤ 0                                        
                   39 ┤ 0                                        
                   40 ┤ 0                                        
                   41 ┤■■■■■■■■■■■■■■■■■■■■■■■■■■■■■■■■■■■■■ 1   
                   42 ┤ 0                                        
                   43 ┤ 0                                        
                   44 ┤ 0                                        
                   45 ┤ 0                                        
                   46 ┤ 0                                        
                   47 ┤ 0                                        
   sc, target = 31 48 ┤ 0                                        
                   49 ┤ 0                                        
                   50 ┤ 0                                        
                   51 ┤ 0                                        
                   52 ┤ 0                                        
                   53 ┤ 0                                        
                   54 ┤ 0                                        
                   55 ┤■■■■■■■■■■■■■■■■■■■■■■■■■■■■■■■■■■■■■ 1   
                   56 ┤ 0                                        
                   57 ┤ 0                                        
                   58 ┤■■■■■■■■■■■■■■■■■■■■■■■■■■■■■■■■■■■■■ 1   
                   59 ┤■■■■■■■■■■■■■■■■■■■■■■■■■■■■■■■■■■■■■ 1   
                   60 ┤■■■■■■■■■■■■■■■■■■■■■■■■■■■■■■■■■■■■■ 1   
                      └                                        ┘ 
                                     num of slices               
[ Info: slicing branch with sc: 37.0
[ Info: cc.sc: 37.0
region size: 10
tbl0_rows:43 filtered_rows:43
QIP_gurobi_bound: solver finished in 1.322 s (time_limit=100.0 s, status=OPTIMAL)
[ Info: slice 1, lp_score: 5407.0, primal_bound: 5408.0
QIP_gurobi_bound: solver finished in 1.252 s (time_limit=100.0 s, status=OPTIMAL)
[ Info: slice 2, lp_score: 5408.0, primal_bound: 5408.0
[ Info: new_scs: [35]
[ Info: lp_scores: [5408.0]
[ Info: lp_scores: 5408.0
[ Info: current num of unfinished slices: 6, finished slices: 40
                      ┌                                        ┐ 
                   35 ┤■■■■■■■■■■■■■■■■■■■■■■■■■■■■■■■■■■■■■ 1   
                   36 ┤ 0                                        
                   37 ┤ 0                                        
                   38 ┤ 0                                        
                   39 ┤ 0                                        
                   40 ┤ 0                                        
                   41 ┤■■■■■■■■■■■■■■■■■■■■■■■■■■■■■■■■■■■■■ 1   
                   42 ┤ 0                                        
                   43 ┤ 0                                        
                   44 ┤ 0                                        
                   45 ┤ 0                                        
                   46 ┤ 0                                        
   sc, target = 31 47 ┤ 0                                        
                   48 ┤ 0                                        
                   49 ┤ 0                                        
                   50 ┤ 0                                        
                   51 ┤ 0                                        
                   52 ┤ 0                                        
                   53 ┤ 0                                        
                   54 ┤ 0                                        
                   55 ┤■■■■■■■■■■■■■■■■■■■■■■■■■■■■■■■■■■■■■ 1   
                   56 ┤ 0                                        
                   57 ┤ 0                                        
                   58 ┤■■■■■■■■■■■■■■■■■■■■■■■■■■■■■■■■■■■■■ 1   
                   59 ┤■■■■■■■■■■■■■■■■■■■■■■■■■■■■■■■■■■■■■ 1   
                   60 ┤■■■■■■■■■■■■■■■■■■■■■■■■■■■■■■■■■■■■■ 1   
                      └                                        ┘ 
                                     num of slices               
[ Info: slicing branch with sc: 35.0
[ Info: cc.sc: 35.0
region size: 10
tbl0_rows:34 filtered_rows:34
QIP_gurobi_bound: solver finished in 1.618 s (time_limit=100.0 s, status=OPTIMAL)
[ Info: slice 1, lp_score: 5407.0, primal_bound: 5408.0
QIP_gurobi_bound: solver finished in 1.407 s (time_limit=100.0 s, status=OPTIMAL)
[ Info: slice 2, lp_score: 5408.0, primal_bound: 5408.0
[ Info: new_scs: [34]
[ Info: lp_scores: [5408.0]
[ Info: lp_scores: 5408.0
[ Info: current num of unfinished slices: 6, finished slices: 40
                      ┌                                        ┐ 
                   34 ┤■■■■■■■■■■■■■■■■■■■■■■■■■■■■■■■■■■■■■ 1   
                   35 ┤ 0                                        
                   36 ┤ 0                                        
                   37 ┤ 0                                        
                   38 ┤ 0                                        
                   39 ┤ 0                                        
                   40 ┤ 0                                        
                   41 ┤■■■■■■■■■■■■■■■■■■■■■■■■■■■■■■■■■■■■■ 1   
                   42 ┤ 0                                        
                   43 ┤ 0                                        
                   44 ┤ 0                                        
                   45 ┤ 0                                        
                   46 ┤ 0                                        
   sc, target = 31 47 ┤ 0                                        
                   48 ┤ 0                                        
                   49 ┤ 0                                        
                   50 ┤ 0                                        
                   51 ┤ 0                                        
                   52 ┤ 0                                        
                   53 ┤ 0                                        
                   54 ┤ 0                                        
                   55 ┤■■■■■■■■■■■■■■■■■■■■■■■■■■■■■■■■■■■■■ 1   
                   56 ┤ 0                                        
                   57 ┤ 0                                        
                   58 ┤■■■■■■■■■■■■■■■■■■■■■■■■■■■■■■■■■■■■■ 1   
                   59 ┤■■■■■■■■■■■■■■■■■■■■■■■■■■■■■■■■■■■■■ 1   
                   60 ┤■■■■■■■■■■■■■■■■■■■■■■■■■■■■■■■■■■■■■ 1   
                      └                                        ┘ 
                                     num of slices               
[ Info: slicing branch with sc: 34.0
[ Info: cc.sc: 34.0
region size: 10
tbl0_rows:42 filtered_rows:42
QIP_gurobi_bound: solver finished in 1.349 s (time_limit=100.0 s, status=OPTIMAL)
[ Info: slice 1, lp_score: 5406.0, primal_bound: 5408.0
QIP_gurobi_bound: solver finished in 1.206 s (time_limit=100.0 s, status=OPTIMAL)
[ Info: slice 2, lp_score: 5408.0, primal_bound: 5408.0
[ Info: new_scs: [32]
[ Info: lp_scores: [5408.0]
[ Info: lp_scores: 5408.0
[ Info: current num of unfinished slices: 6, finished slices: 40
                      ┌                                        ┐ 
                   32 ┤■■■■■■■■■■■■■■■■■■■■■■■■■■■■■■■■■■■■■ 1   
                   33 ┤ 0                                        
                   34 ┤ 0                                        
                   35 ┤ 0                                        
                   36 ┤ 0                                        
                   37 ┤ 0                                        
                   38 ┤ 0                                        
                   39 ┤ 0                                        
                   40 ┤ 0                                        
                   41 ┤■■■■■■■■■■■■■■■■■■■■■■■■■■■■■■■■■■■■■ 1   
                   42 ┤ 0                                        
                   43 ┤ 0                                        
                   44 ┤ 0                                        
                   45 ┤ 0                                        
   sc, target = 31 46 ┤ 0                                        
                   47 ┤ 0                                        
                   48 ┤ 0                                        
                   49 ┤ 0                                        
                   50 ┤ 0                                        
                   51 ┤ 0                                        
                   52 ┤ 0                                        
                   53 ┤ 0                                        
                   54 ┤ 0                                        
                   55 ┤■■■■■■■■■■■■■■■■■■■■■■■■■■■■■■■■■■■■■ 1   
                   56 ┤ 0                                        
                   57 ┤ 0                                        
                   58 ┤■■■■■■■■■■■■■■■■■■■■■■■■■■■■■■■■■■■■■ 1   
                   59 ┤■■■■■■■■■■■■■■■■■■■■■■■■■■■■■■■■■■■■■ 1   
                   60 ┤■■■■■■■■■■■■■■■■■■■■■■■■■■■■■■■■■■■■■ 1   
                      └                                        ┘ 
                                     num of slices               
[ Info: slicing branch with sc: 32.0
[ Info: cc.sc: 32.0
region size: 10
tbl0_rows:36 filtered_rows:36
QIP_gurobi_bound: solver finished in 1.338 s (time_limit=100.0 s, status=OPTIMAL)
[ Info: slice 1, lp_score: 5408.0, primal_bound: 5408.0
QIP_gurobi_bound: solver finished in 1.192 s (time_limit=100.0 s, status=OPTIMAL)
[ Info: slice 2, lp_score: 5405.0, primal_bound: 5408.0
[ Info: new_scs: [33]
[ Info: lp_scores: [5408.0]
[ Info: lp_scores: 5408.0
[ Info: current num of unfinished slices: 6, finished slices: 40
                      ┌                                        ┐ 
                   33 ┤■■■■■■■■■■■■■■■■■■■■■■■■■■■■■■■■■■■■■ 1   
                   34 ┤ 0                                        
                   35 ┤ 0                                        
                   36 ┤ 0                                        
                   37 ┤ 0                                        
                   38 ┤ 0                                        
                   39 ┤ 0                                        
                   40 ┤ 0                                        
                   41 ┤■■■■■■■■■■■■■■■■■■■■■■■■■■■■■■■■■■■■■ 1   
                   42 ┤ 0                                        
                   43 ┤ 0                                        
                   44 ┤ 0                                        
                   45 ┤ 0                                        
   sc, target = 31 46 ┤ 0                                        
                   47 ┤ 0                                        
                   48 ┤ 0                                        
                   49 ┤ 0                                        
                   50 ┤ 0                                        
                   51 ┤ 0                                        
                   52 ┤ 0                                        
                   53 ┤ 0                                        
                   54 ┤ 0                                        
                   55 ┤■■■■■■■■■■■■■■■■■■■■■■■■■■■■■■■■■■■■■ 1   
                   56 ┤ 0                                        
                   57 ┤ 0                                        
                   58 ┤■■■■■■■■■■■■■■■■■■■■■■■■■■■■■■■■■■■■■ 1   
                   59 ┤■■■■■■■■■■■■■■■■■■■■■■■■■■■■■■■■■■■■■ 1   
                   60 ┤■■■■■■■■■■■■■■■■■■■■■■■■■■■■■■■■■■■■■ 1   
                      └                                        ┘ 
                                     num of slices               
[ Info: slicing branch with sc: 33.0
[ Info: cc.sc: 33.0
region size: 10
tbl0_rows:53 filtered_rows:53
QIP_gurobi_bound: solver finished in 1.317 s (time_limit=100.0 s, status=OPTIMAL)
[ Info: slice 1, lp_score: 5408.0, primal_bound: 5408.0
QIP_gurobi_bound: solver finished in 1.266 s (time_limit=100.0 s, status=OPTIMAL)
[ Info: slice 2, lp_score: 5405.0, primal_bound: 5408.0
[ Info: new_scs: [32]
[ Info: lp_scores: [5408.0]
[ Info: lp_scores: 5408.0
[ Info: current num of unfinished slices: 6, finished slices: 40
                      ┌                                        ┐ 
                   32 ┤■■■■■■■■■■■■■■■■■■■■■■■■■■■■■■■■■■■■■ 1   
                   33 ┤ 0                                        
                   34 ┤ 0                                        
                   35 ┤ 0                                        
                   36 ┤ 0                                        
                   37 ┤ 0                                        
                   38 ┤ 0                                        
                   39 ┤ 0                                        
                   40 ┤ 0                                        
                   41 ┤■■■■■■■■■■■■■■■■■■■■■■■■■■■■■■■■■■■■■ 1   
                   42 ┤ 0                                        
                   43 ┤ 0                                        
                   44 ┤ 0                                        
                   45 ┤ 0                                        
   sc, target = 31 46 ┤ 0                                        
                   47 ┤ 0                                        
                   48 ┤ 0                                        
                   49 ┤ 0                                        
                   50 ┤ 0                                        
                   51 ┤ 0                                        
                   52 ┤ 0                                        
                   53 ┤ 0                                        
                   54 ┤ 0                                        
                   55 ┤■■■■■■■■■■■■■■■■■■■■■■■■■■■■■■■■■■■■■ 1   
                   56 ┤ 0                                        
                   57 ┤ 0                                        
                   58 ┤■■■■■■■■■■■■■■■■■■■■■■■■■■■■■■■■■■■■■ 1   
                   59 ┤■■■■■■■■■■■■■■■■■■■■■■■■■■■■■■■■■■■■■ 1   
                   60 ┤■■■■■■■■■■■■■■■■■■■■■■■■■■■■■■■■■■■■■ 1   
                      └                                        ┘ 
                                     num of slices               
[ Info: slicing branch with sc: 32.0
[ Info: cc.sc: 32.0
region size: 10
tbl0_rows:80 filtered_rows:80
QIP_gurobi_bound: solver finished in 1.334 s (time_limit=100.0 s, status=OPTIMAL)
[ Info: slice 1, lp_score: 5408.0, primal_bound: 5408.0
QIP_gurobi_bound: solver finished in 1.275 s (time_limit=100.0 s, status=OPTIMAL)
[ Info: slice 2, lp_score: 5406.0, primal_bound: 5408.0
[ Info: new_scs: [31]
[ Info: lp_scores: [5408.0]
[ Info: lp_scores: 5408.0
[ Info: current num of unfinished slices: 6, finished slices: 40
                      ┌                                        ┐ 
                   31 ┤■■■■■■■■■■■■■■■■■■■■■■■■■■■■■■■■■■■■■ 1   
                   32 ┤ 0                                        
                   33 ┤ 0                                        
                   34 ┤ 0                                        
                   35 ┤ 0                                        
                   36 ┤ 0                                        
                   37 ┤ 0                                        
                   38 ┤ 0                                        
                   39 ┤ 0                                        
                   40 ┤ 0                                        
                   41 ┤■■■■■■■■■■■■■■■■■■■■■■■■■■■■■■■■■■■■■ 1   
                   42 ┤ 0                                        
                   43 ┤ 0                                        
                   44 ┤ 0                                        
   sc, target = 31 45 ┤ 0                                        
                   46 ┤ 0                                        
                   47 ┤ 0                                        
                   48 ┤ 0                                        
                   49 ┤ 0                                        
                   50 ┤ 0                                        
                   51 ┤ 0                                        
                   52 ┤ 0                                        
                   53 ┤ 0                                        
                   54 ┤ 0                                        
                   55 ┤■■■■■■■■■■■■■■■■■■■■■■■■■■■■■■■■■■■■■ 1   
                   56 ┤ 0                                        
                   57 ┤ 0                                        
                   58 ┤■■■■■■■■■■■■■■■■■■■■■■■■■■■■■■■■■■■■■ 1   
                   59 ┤■■■■■■■■■■■■■■■■■■■■■■■■■■■■■■■■■■■■■ 1   
                   60 ┤■■■■■■■■■■■■■■■■■■■■■■■■■■■■■■■■■■■■■ 1   
                      └                                        ┘ 
                                     num of slices               
[ Info: slicing branch with sc: 31.0
  [slice produced] sc=31.0 tc=43.75538351934855 nv=3541 ne=6904 r=59.5
QIP_value_gurobi: solver finished in 1.328 s (time_limit=604800.0 s, status=OPTIMAL)
[ Info: feasible solution: 5408.0, primal bound: 5408.0
[ Info: current num of unfinished slices: 5, finished slices: 41
                      ┌                                        ┐ 
                   41 ┤■■■■■■■■■■■■■■■■■■■■■■■■■■■■■■■■■■■■■ 1   
                   42 ┤ 0                                        
                   43 ┤ 0                                        
                   44 ┤ 0                                        
                   45 ┤ 0                                        
                   46 ┤ 0                                        
                   47 ┤ 0                                        
                   48 ┤ 0                                        
                   49 ┤ 0                                        
   sc, target = 31 50 ┤ 0                                        
                   51 ┤ 0                                        
                   52 ┤ 0                                        
                   53 ┤ 0                                        
                   54 ┤ 0                                        
                   55 ┤■■■■■■■■■■■■■■■■■■■■■■■■■■■■■■■■■■■■■ 1   
                   56 ┤ 0                                        
                   57 ┤ 0                                        
                   58 ┤■■■■■■■■■■■■■■■■■■■■■■■■■■■■■■■■■■■■■ 1   
                   59 ┤■■■■■■■■■■■■■■■■■■■■■■■■■■■■■■■■■■■■■ 1   
                   60 ┤■■■■■■■■■■■■■■■■■■■■■■■■■■■■■■■■■■■■■ 1   
                      └                                        ┘ 
                                     num of slices               
[ Info: slicing branch with sc: 41.0
[ Info: cc.sc: 41.0
region size: 10
tbl0_rows:44 filtered_rows:44
QIP_gurobi_bound: solver finished in 1.272 s (time_limit=100.0 s, status=OPTIMAL)
[ Info: slice 1, lp_score: 5408.0, primal_bound: 5408.0
QIP_gurobi_bound: solver finished in 1.33 s (time_limit=100.0 s, status=OPTIMAL)
[ Info: slice 2, lp_score: 5408.0, primal_bound: 5408.0
[ Info: new_scs: [40, 41]
[ Info: lp_scores: [5408.0, 5408.0]
[ Info: lp_scores: 5408.0
[ Info: lp_scores: 5408.0
[ Info: current num of unfinished slices: 6, finished slices: 41
                      ┌                                        ┐ 
                   40 ┤■■■■■■■■■■■■■■■■■■■■■■■■■■■■■■■■■■■■■ 1   
                   41 ┤■■■■■■■■■■■■■■■■■■■■■■■■■■■■■■■■■■■■■ 1   
                   42 ┤ 0                                        
                   43 ┤ 0                                        
                   44 ┤ 0                                        
                   45 ┤ 0                                        
                   46 ┤ 0                                        
                   47 ┤ 0                                        
                   48 ┤ 0                                        
                   49 ┤ 0                                        
   sc, target = 31 50 ┤ 0                                        
                   51 ┤ 0                                        
                   52 ┤ 0                                        
                   53 ┤ 0                                        
                   54 ┤ 0                                        
                   55 ┤■■■■■■■■■■■■■■■■■■■■■■■■■■■■■■■■■■■■■ 1   
                   56 ┤ 0                                        
                   57 ┤ 0                                        
                   58 ┤■■■■■■■■■■■■■■■■■■■■■■■■■■■■■■■■■■■■■ 1   
                   59 ┤■■■■■■■■■■■■■■■■■■■■■■■■■■■■■■■■■■■■■ 1   
                   60 ┤■■■■■■■■■■■■■■■■■■■■■■■■■■■■■■■■■■■■■ 1   
                      └                                        ┘ 
                                     num of slices               
[ Info: slicing branch with sc: 40.0
[ Info: cc.sc: 40.0
region size: 10
tbl0_rows:49 filtered_rows:49
QIP_gurobi_bound: solver finished in 1.147 s (time_limit=100.0 s, status=OPTIMAL)
[ Info: slice 1, lp_score: 5407.0, primal_bound: 5408.0
QIP_gurobi_bound: solver finished in 1.308 s (time_limit=100.0 s, status=OPTIMAL)
[ Info: slice 2, lp_score: 5408.0, primal_bound: 5408.0
[ Info: new_scs: [38]
[ Info: lp_scores: [5408.0]
[ Info: lp_scores: 5408.0
[ Info: current num of unfinished slices: 6, finished slices: 41
                      ┌                                        ┐ 
                   38 ┤■■■■■■■■■■■■■■■■■■■■■■■■■■■■■■■■■■■■■ 1   
                   39 ┤ 0                                        
                   40 ┤ 0                                        
                   41 ┤■■■■■■■■■■■■■■■■■■■■■■■■■■■■■■■■■■■■■ 1   
                   42 ┤ 0                                        
                   43 ┤ 0                                        
                   44 ┤ 0                                        
                   45 ┤ 0                                        
                   46 ┤ 0                                        
                   47 ┤ 0                                        
                   48 ┤ 0                                        
   sc, target = 31 49 ┤ 0                                        
                   50 ┤ 0                                        
                   51 ┤ 0                                        
                   52 ┤ 0                                        
                   53 ┤ 0                                        
                   54 ┤ 0                                        
                   55 ┤■■■■■■■■■■■■■■■■■■■■■■■■■■■■■■■■■■■■■ 1   
                   56 ┤ 0                                        
                   57 ┤ 0                                        
                   58 ┤■■■■■■■■■■■■■■■■■■■■■■■■■■■■■■■■■■■■■ 1   
                   59 ┤■■■■■■■■■■■■■■■■■■■■■■■■■■■■■■■■■■■■■ 1   
                   60 ┤■■■■■■■■■■■■■■■■■■■■■■■■■■■■■■■■■■■■■ 1   
                      └                                        ┘ 
                                     num of slices               
[ Info: slicing branch with sc: 38.0
[ Info: cc.sc: 38.0
region size: 10
tbl0_rows:26 filtered_rows:26
QIP_gurobi_bound: solver finished in 1.414 s (time_limit=100.0 s, status=OPTIMAL)
[ Info: slice 1, lp_score: 5397.0, primal_bound: 5408.0
QIP_gurobi_bound: solver finished in 1.235 s (time_limit=100.0 s, status=OPTIMAL)
[ Info: slice 2, lp_score: 5408.0, primal_bound: 5408.0
[ Info: new_scs: [37]
[ Info: lp_scores: [5408.0]
[ Info: lp_scores: 5408.0
[ Info: current num of unfinished slices: 6, finished slices: 41
                      ┌                                        ┐ 
                   37 ┤■■■■■■■■■■■■■■■■■■■■■■■■■■■■■■■■■■■■■ 1   
                   38 ┤ 0                                        
                   39 ┤ 0                                        
                   40 ┤ 0                                        
                   41 ┤■■■■■■■■■■■■■■■■■■■■■■■■■■■■■■■■■■■■■ 1   
                   42 ┤ 0                                        
                   43 ┤ 0                                        
                   44 ┤ 0                                        
                   45 ┤ 0                                        
                   46 ┤ 0                                        
                   47 ┤ 0                                        
   sc, target = 31 48 ┤ 0                                        
                   49 ┤ 0                                        
                   50 ┤ 0                                        
                   51 ┤ 0                                        
                   52 ┤ 0                                        
                   53 ┤ 0                                        
                   54 ┤ 0                                        
                   55 ┤■■■■■■■■■■■■■■■■■■■■■■■■■■■■■■■■■■■■■ 1   
                   56 ┤ 0                                        
                   57 ┤ 0                                        
                   58 ┤■■■■■■■■■■■■■■■■■■■■■■■■■■■■■■■■■■■■■ 1   
                   59 ┤■■■■■■■■■■■■■■■■■■■■■■■■■■■■■■■■■■■■■ 1   
                   60 ┤■■■■■■■■■■■■■■■■■■■■■■■■■■■■■■■■■■■■■ 1   
                      └                                        ┘ 
                                     num of slices               
[ Info: slicing branch with sc: 37.0
[ Info: cc.sc: 37.0
region size: 10
tbl0_rows:59 filtered_rows:59
QIP_gurobi_bound: solver finished in 1.315 s (time_limit=100.0 s, status=OPTIMAL)
[ Info: slice 1, lp_score: 5406.0, primal_bound: 5408.0
QIP_gurobi_bound: solver finished in 1.362 s (time_limit=100.0 s, status=OPTIMAL)
[ Info: slice 2, lp_score: 5408.0, primal_bound: 5408.0
[ Info: new_scs: [36]
[ Info: lp_scores: [5408.0]
[ Info: lp_scores: 5408.0
[ Info: current num of unfinished slices: 6, finished slices: 41
                      ┌                                        ┐ 
                   36 ┤■■■■■■■■■■■■■■■■■■■■■■■■■■■■■■■■■■■■■ 1   
                   37 ┤ 0                                        
                   38 ┤ 0                                        
                   39 ┤ 0                                        
                   40 ┤ 0                                        
                   41 ┤■■■■■■■■■■■■■■■■■■■■■■■■■■■■■■■■■■■■■ 1   
                   42 ┤ 0                                        
                   43 ┤ 0                                        
                   44 ┤ 0                                        
                   45 ┤ 0                                        
                   46 ┤ 0                                        
                   47 ┤ 0                                        
   sc, target = 31 48 ┤ 0                                        
                   49 ┤ 0                                        
                   50 ┤ 0                                        
                   51 ┤ 0                                        
                   52 ┤ 0                                        
                   53 ┤ 0                                        
                   54 ┤ 0                                        
                   55 ┤■■■■■■■■■■■■■■■■■■■■■■■■■■■■■■■■■■■■■ 1   
                   56 ┤ 0                                        
                   57 ┤ 0                                        
                   58 ┤■■■■■■■■■■■■■■■■■■■■■■■■■■■■■■■■■■■■■ 1   
                   59 ┤■■■■■■■■■■■■■■■■■■■■■■■■■■■■■■■■■■■■■ 1   
                   60 ┤■■■■■■■■■■■■■■■■■■■■■■■■■■■■■■■■■■■■■ 1   
                      └                                        ┘ 
                                     num of slices               
[ Info: slicing branch with sc: 36.0
[ Info: cc.sc: 36.0
region size: 10
tbl0_rows:34 filtered_rows:34
QIP_gurobi_bound: solver finished in 1.26 s (time_limit=100.0 s, status=OPTIMAL)
[ Info: slice 1, lp_score: 5407.0, primal_bound: 5408.0
QIP_gurobi_bound: solver finished in 1.205 s (time_limit=100.0 s, status=OPTIMAL)
[ Info: slice 2, lp_score: 5408.0, primal_bound: 5408.0
[ Info: new_scs: [34]
[ Info: lp_scores: [5408.0]
[ Info: lp_scores: 5408.0
[ Info: current num of unfinished slices: 6, finished slices: 41
                      ┌                                        ┐ 
                   34 ┤■■■■■■■■■■■■■■■■■■■■■■■■■■■■■■■■■■■■■ 1   
                   35 ┤ 0                                        
                   36 ┤ 0                                        
                   37 ┤ 0                                        
                   38 ┤ 0                                        
                   39 ┤ 0                                        
                   40 ┤ 0                                        
                   41 ┤■■■■■■■■■■■■■■■■■■■■■■■■■■■■■■■■■■■■■ 1   
                   42 ┤ 0                                        
                   43 ┤ 0                                        
                   44 ┤ 0                                        
                   45 ┤ 0                                        
                   46 ┤ 0                                        
   sc, target = 31 47 ┤ 0                                        
                   48 ┤ 0                                        
                   49 ┤ 0                                        
                   50 ┤ 0                                        
                   51 ┤ 0                                        
                   52 ┤ 0                                        
                   53 ┤ 0                                        
                   54 ┤ 0                                        
                   55 ┤■■■■■■■■■■■■■■■■■■■■■■■■■■■■■■■■■■■■■ 1   
                   56 ┤ 0                                        
                   57 ┤ 0                                        
                   58 ┤■■■■■■■■■■■■■■■■■■■■■■■■■■■■■■■■■■■■■ 1   
                   59 ┤■■■■■■■■■■■■■■■■■■■■■■■■■■■■■■■■■■■■■ 1   
                   60 ┤■■■■■■■■■■■■■■■■■■■■■■■■■■■■■■■■■■■■■ 1   
                      └                                        ┘ 
                                     num of slices               
[ Info: slicing branch with sc: 34.0
[ Info: cc.sc: 34.0
region size: 10
tbl0_rows:41 filtered_rows:41
QIP_gurobi_bound: solver finished in 1.392 s (time_limit=100.0 s, status=OPTIMAL)
[ Info: slice 1, lp_score: 5408.0, primal_bound: 5408.0
[ Info: new_scs: [34]
[ Info: lp_scores: [5408.0]
[ Info: lp_scores: 5408.0
[ Info: current num of unfinished slices: 6, finished slices: 41
                      ┌                                        ┐ 
                   34 ┤■■■■■■■■■■■■■■■■■■■■■■■■■■■■■■■■■■■■■ 1   
                   35 ┤ 0                                        
                   36 ┤ 0                                        
                   37 ┤ 0                                        
                   38 ┤ 0                                        
                   39 ┤ 0                                        
                   40 ┤ 0                                        
                   41 ┤■■■■■■■■■■■■■■■■■■■■■■■■■■■■■■■■■■■■■ 1   
                   42 ┤ 0                                        
                   43 ┤ 0                                        
                   44 ┤ 0                                        
                   45 ┤ 0                                        
                   46 ┤ 0                                        
   sc, target = 31 47 ┤ 0                                        
                   48 ┤ 0                                        
                   49 ┤ 0                                        
                   50 ┤ 0                                        
                   51 ┤ 0                                        
                   52 ┤ 0                                        
                   53 ┤ 0                                        
                   54 ┤ 0                                        
                   55 ┤■■■■■■■■■■■■■■■■■■■■■■■■■■■■■■■■■■■■■ 1   
                   56 ┤ 0                                        
                   57 ┤ 0                                        
                   58 ┤■■■■■■■■■■■■■■■■■■■■■■■■■■■■■■■■■■■■■ 1   
                   59 ┤■■■■■■■■■■■■■■■■■■■■■■■■■■■■■■■■■■■■■ 1   
                   60 ┤■■■■■■■■■■■■■■■■■■■■■■■■■■■■■■■■■■■■■ 1   
                      └                                        ┘ 
                                     num of slices               
[ Info: slicing branch with sc: 34.0
[ Info: cc.sc: 34.0
region size: 10
tbl0_rows:67 filtered_rows:67
QIP_gurobi_bound: solver finished in 1.285 s (time_limit=100.0 s, status=OPTIMAL)
[ Info: slice 1, lp_score: 5408.0, primal_bound: 5408.0
QIP_gurobi_bound: solver finished in 1.327 s (time_limit=100.0 s, status=OPTIMAL)
[ Info: slice 2, lp_score: 5406.0, primal_bound: 5408.0
[ Info: new_scs: [34]
[ Info: lp_scores: [5408.0]
[ Info: lp_scores: 5408.0
[ Info: current num of unfinished slices: 6, finished slices: 41
                      ┌                                        ┐ 
                   34 ┤■■■■■■■■■■■■■■■■■■■■■■■■■■■■■■■■■■■■■ 1   
                   35 ┤ 0                                        
                   36 ┤ 0                                        
                   37 ┤ 0                                        
                   38 ┤ 0                                        
                   39 ┤ 0                                        
                   40 ┤ 0                                        
                   41 ┤■■■■■■■■■■■■■■■■■■■■■■■■■■■■■■■■■■■■■ 1   
                   42 ┤ 0                                        
                   43 ┤ 0                                        
                   44 ┤ 0                                        
                   45 ┤ 0                                        
                   46 ┤ 0                                        
   sc, target = 31 47 ┤ 0                                        
                   48 ┤ 0                                        
                   49 ┤ 0                                        
                   50 ┤ 0                                        
                   51 ┤ 0                                        
                   52 ┤ 0                                        
                   53 ┤ 0                                        
                   54 ┤ 0                                        
                   55 ┤■■■■■■■■■■■■■■■■■■■■■■■■■■■■■■■■■■■■■ 1   
                   56 ┤ 0                                        
                   57 ┤ 0                                        
                   58 ┤■■■■■■■■■■■■■■■■■■■■■■■■■■■■■■■■■■■■■ 1   
                   59 ┤■■■■■■■■■■■■■■■■■■■■■■■■■■■■■■■■■■■■■ 1   
                   60 ┤■■■■■■■■■■■■■■■■■■■■■■■■■■■■■■■■■■■■■ 1   
                      └                                        ┘ 
                                     num of slices               
[ Info: slicing branch with sc: 34.0
[ Info: cc.sc: 34.0
region size: 10
tbl0_rows:58 filtered_rows:58
QIP_gurobi_bound: solver finished in 1.203 s (time_limit=100.0 s, status=OPTIMAL)
[ Info: slice 1, lp_score: 5406.0, primal_bound: 5408.0
QIP_gurobi_bound: solver finished in 1.284 s (time_limit=100.0 s, status=OPTIMAL)
[ Info: slice 2, lp_score: 5408.0, primal_bound: 5408.0
[ Info: new_scs: [33]
[ Info: lp_scores: [5408.0]
[ Info: lp_scores: 5408.0
[ Info: current num of unfinished slices: 6, finished slices: 41
                      ┌                                        ┐ 
                   33 ┤■■■■■■■■■■■■■■■■■■■■■■■■■■■■■■■■■■■■■ 1   
                   34 ┤ 0                                        
                   35 ┤ 0                                        
                   36 ┤ 0                                        
                   37 ┤ 0                                        
                   38 ┤ 0                                        
                   39 ┤ 0                                        
                   40 ┤ 0                                        
                   41 ┤■■■■■■■■■■■■■■■■■■■■■■■■■■■■■■■■■■■■■ 1   
                   42 ┤ 0                                        
                   43 ┤ 0                                        
                   44 ┤ 0                                        
                   45 ┤ 0                                        
   sc, target = 31 46 ┤ 0                                        
                   47 ┤ 0                                        
                   48 ┤ 0                                        
                   49 ┤ 0                                        
                   50 ┤ 0                                        
                   51 ┤ 0                                        
                   52 ┤ 0                                        
                   53 ┤ 0                                        
                   54 ┤ 0                                        
                   55 ┤■■■■■■■■■■■■■■■■■■■■■■■■■■■■■■■■■■■■■ 1   
                   56 ┤ 0                                        
                   57 ┤ 0                                        
                   58 ┤■■■■■■■■■■■■■■■■■■■■■■■■■■■■■■■■■■■■■ 1   
                   59 ┤■■■■■■■■■■■■■■■■■■■■■■■■■■■■■■■■■■■■■ 1   
                   60 ┤■■■■■■■■■■■■■■■■■■■■■■■■■■■■■■■■■■■■■ 1   
                      └                                        ┘ 
                                     num of slices               
[ Info: slicing branch with sc: 33.0
[ Info: cc.sc: 33.0
region size: 10
tbl0_rows:63 filtered_rows:63
QIP_gurobi_bound: solver finished in 1.254 s (time_limit=100.0 s, status=OPTIMAL)
[ Info: slice 1, lp_score: 5408.0, primal_bound: 5408.0
QIP_gurobi_bound: solver finished in 1.287 s (time_limit=100.0 s, status=OPTIMAL)
[ Info: slice 2, lp_score: 5403.0, primal_bound: 5408.0
[ Info: new_scs: [33]
[ Info: lp_scores: [5408.0]
[ Info: lp_scores: 5408.0
[ Info: current num of unfinished slices: 6, finished slices: 41
                      ┌                                        ┐ 
                   33 ┤■■■■■■■■■■■■■■■■■■■■■■■■■■■■■■■■■■■■■ 1   
                   34 ┤ 0                                        
                   35 ┤ 0                                        
                   36 ┤ 0                                        
                   37 ┤ 0                                        
                   38 ┤ 0                                        
                   39 ┤ 0                                        
                   40 ┤ 0                                        
                   41 ┤■■■■■■■■■■■■■■■■■■■■■■■■■■■■■■■■■■■■■ 1   
                   42 ┤ 0                                        
                   43 ┤ 0                                        
                   44 ┤ 0                                        
                   45 ┤ 0                                        
   sc, target = 31 46 ┤ 0                                        
                   47 ┤ 0                                        
                   48 ┤ 0                                        
                   49 ┤ 0                                        
                   50 ┤ 0                                        
                   51 ┤ 0                                        
                   52 ┤ 0                                        
                   53 ┤ 0                                        
                   54 ┤ 0                                        
                   55 ┤■■■■■■■■■■■■■■■■■■■■■■■■■■■■■■■■■■■■■ 1   
                   56 ┤ 0                                        
                   57 ┤ 0                                        
                   58 ┤■■■■■■■■■■■■■■■■■■■■■■■■■■■■■■■■■■■■■ 1   
                   59 ┤■■■■■■■■■■■■■■■■■■■■■■■■■■■■■■■■■■■■■ 1   
                   60 ┤■■■■■■■■■■■■■■■■■■■■■■■■■■■■■■■■■■■■■ 1   
                      └                                        ┘ 
                                     num of slices               
[ Info: slicing branch with sc: 33.0
[ Info: cc.sc: 33.0
region size: 10
tbl0_rows:26 filtered_rows:26
QIP_gurobi_bound: solver finished in 1.268 s (time_limit=100.0 s, status=OPTIMAL)
[ Info: slice 1, lp_score: 5408.0, primal_bound: 5408.0
QIP_gurobi_bound: solver finished in 1.413 s (time_limit=100.0 s, status=OPTIMAL)
[ Info: slice 2, lp_score: 5406.0, primal_bound: 5408.0
[ Info: new_scs: [31]
[ Info: lp_scores: [5408.0]
[ Info: lp_scores: 5408.0
[ Info: current num of unfinished slices: 6, finished slices: 41
                      ┌                                        ┐ 
                   31 ┤■■■■■■■■■■■■■■■■■■■■■■■■■■■■■■■■■■■■■ 1   
                   32 ┤ 0                                        
                   33 ┤ 0                                        
                   34 ┤ 0                                        
                   35 ┤ 0                                        
                   36 ┤ 0                                        
                   37 ┤ 0                                        
                   38 ┤ 0                                        
                   39 ┤ 0                                        
                   40 ┤ 0                                        
                   41 ┤■■■■■■■■■■■■■■■■■■■■■■■■■■■■■■■■■■■■■ 1   
                   42 ┤ 0                                        
                   43 ┤ 0                                        
                   44 ┤ 0                                        
   sc, target = 31 45 ┤ 0                                        
                   46 ┤ 0                                        
                   47 ┤ 0                                        
                   48 ┤ 0                                        
                   49 ┤ 0                                        
                   50 ┤ 0                                        
                   51 ┤ 0                                        
                   52 ┤ 0                                        
                   53 ┤ 0                                        
                   54 ┤ 0                                        
                   55 ┤■■■■■■■■■■■■■■■■■■■■■■■■■■■■■■■■■■■■■ 1   
                   56 ┤ 0                                        
                   57 ┤ 0                                        
                   58 ┤■■■■■■■■■■■■■■■■■■■■■■■■■■■■■■■■■■■■■ 1   
                   59 ┤■■■■■■■■■■■■■■■■■■■■■■■■■■■■■■■■■■■■■ 1   
                   60 ┤■■■■■■■■■■■■■■■■■■■■■■■■■■■■■■■■■■■■■ 1   
                      └                                        ┘ 
                                     num of slices               
[ Info: slicing branch with sc: 31.0
  [slice produced] sc=31.0 tc=45.64062394656366 nv=3548 ne=6918 r=49.0
QIP_value_gurobi: solver finished in 1.255 s (time_limit=604800.0 s, status=OPTIMAL)
[ Info: feasible solution: 5408.0, primal bound: 5408.0
[ Info: current num of unfinished slices: 5, finished slices: 42
                      ┌                                        ┐ 
                   41 ┤■■■■■■■■■■■■■■■■■■■■■■■■■■■■■■■■■■■■■ 1   
                   42 ┤ 0                                        
                   43 ┤ 0                                        
                   44 ┤ 0                                        
                   45 ┤ 0                                        
                   46 ┤ 0                                        
                   47 ┤ 0                                        
                   48 ┤ 0                                        
                   49 ┤ 0                                        
   sc, target = 31 50 ┤ 0                                        
                   51 ┤ 0                                        
                   52 ┤ 0                                        
                   53 ┤ 0                                        
                   54 ┤ 0                                        
                   55 ┤■■■■■■■■■■■■■■■■■■■■■■■■■■■■■■■■■■■■■ 1   
                   56 ┤ 0                                        
                   57 ┤ 0                                        
                   58 ┤■■■■■■■■■■■■■■■■■■■■■■■■■■■■■■■■■■■■■ 1   
                   59 ┤■■■■■■■■■■■■■■■■■■■■■■■■■■■■■■■■■■■■■ 1   
                   60 ┤■■■■■■■■■■■■■■■■■■■■■■■■■■■■■■■■■■■■■ 1   
                      └                                        ┘ 
                                     num of slices               
[ Info: slicing branch with sc: 41.0
[ Info: cc.sc: 41.0
region size: 10
tbl0_rows:27 filtered_rows:27
QIP_gurobi_bound: solver finished in 1.529 s (time_limit=100.0 s, status=OPTIMAL)
[ Info: slice 1, lp_score: 5408.0, primal_bound: 5408.0
QIP_gurobi_bound: solver finished in 1.344 s (time_limit=100.0 s, status=OPTIMAL)
[ Info: slice 2, lp_score: 5406.0, primal_bound: 5408.0
[ Info: new_scs: [38]
[ Info: lp_scores: [5408.0]
[ Info: lp_scores: 5408.0
[ Info: current num of unfinished slices: 5, finished slices: 42
                      ┌                                        ┐ 
                   38 ┤■■■■■■■■■■■■■■■■■■■■■■■■■■■■■■■■■■■■■ 1   
                   39 ┤ 0                                        
                   40 ┤ 0                                        
                   41 ┤ 0                                        
                   42 ┤ 0                                        
                   43 ┤ 0                                        
                   44 ┤ 0                                        
                   45 ┤ 0                                        
                   46 ┤ 0                                        
                   47 ┤ 0                                        
                   48 ┤ 0                                        
   sc, target = 31 49 ┤ 0                                        
                   50 ┤ 0                                        
                   51 ┤ 0                                        
                   52 ┤ 0                                        
                   53 ┤ 0                                        
                   54 ┤ 0                                        
                   55 ┤■■■■■■■■■■■■■■■■■■■■■■■■■■■■■■■■■■■■■ 1   
                   56 ┤ 0                                        
                   57 ┤ 0                                        
                   58 ┤■■■■■■■■■■■■■■■■■■■■■■■■■■■■■■■■■■■■■ 1   
                   59 ┤■■■■■■■■■■■■■■■■■■■■■■■■■■■■■■■■■■■■■ 1   
                   60 ┤■■■■■■■■■■■■■■■■■■■■■■■■■■■■■■■■■■■■■ 1   
                      └                                        ┘ 
                                     num of slices               
[ Info: slicing branch with sc: 38.0
[ Info: cc.sc: 38.0
region size: 10
tbl0_rows:59 filtered_rows:59
QIP_gurobi_bound: solver finished in 1.268 s (time_limit=100.0 s, status=OPTIMAL)
[ Info: slice 1, lp_score: 5405.0, primal_bound: 5408.0
QIP_gurobi_bound: solver finished in 1.331 s (time_limit=100.0 s, status=OPTIMAL)
[ Info: slice 2, lp_score: 5408.0, primal_bound: 5408.0
[ Info: new_scs: [37]
[ Info: lp_scores: [5408.0]
[ Info: lp_scores: 5408.0
[ Info: current num of unfinished slices: 5, finished slices: 42
                      ┌                                        ┐ 
                   37 ┤■■■■■■■■■■■■■■■■■■■■■■■■■■■■■■■■■■■■■ 1   
                   38 ┤ 0                                        
                   39 ┤ 0                                        
                   40 ┤ 0                                        
                   41 ┤ 0                                        
                   42 ┤ 0                                        
                   43 ┤ 0                                        
                   44 ┤ 0                                        
                   45 ┤ 0                                        
                   46 ┤ 0                                        
                   47 ┤ 0                                        
   sc, target = 31 48 ┤ 0                                        
                   49 ┤ 0                                        
                   50 ┤ 0                                        
                   51 ┤ 0                                        
                   52 ┤ 0                                        
                   53 ┤ 0                                        
                   54 ┤ 0                                        
                   55 ┤■■■■■■■■■■■■■■■■■■■■■■■■■■■■■■■■■■■■■ 1   
                   56 ┤ 0                                        
                   57 ┤ 0                                        
                   58 ┤■■■■■■■■■■■■■■■■■■■■■■■■■■■■■■■■■■■■■ 1   
                   59 ┤■■■■■■■■■■■■■■■■■■■■■■■■■■■■■■■■■■■■■ 1   
                   60 ┤■■■■■■■■■■■■■■■■■■■■■■■■■■■■■■■■■■■■■ 1   
                      └                                        ┘ 
                                     num of slices               
[ Info: slicing branch with sc: 37.0
[ Info: cc.sc: 37.0
region size: 10
tbl0_rows:22 filtered_rows:22
QIP_gurobi_bound: solver finished in 1.349 s (time_limit=100.0 s, status=OPTIMAL)
[ Info: slice 1, lp_score: 5408.0, primal_bound: 5408.0
QIP_gurobi_bound: solver finished in 1.374 s (time_limit=100.0 s, status=OPTIMAL)
[ Info: slice 2, lp_score: 5407.0, primal_bound: 5408.0
[ Info: new_scs: [37]
[ Info: lp_scores: [5408.0]
[ Info: lp_scores: 5408.0
[ Info: current num of unfinished slices: 5, finished slices: 42
                      ┌                                        ┐ 
                   37 ┤■■■■■■■■■■■■■■■■■■■■■■■■■■■■■■■■■■■■■ 1   
                   38 ┤ 0                                        
                   39 ┤ 0                                        
                   40 ┤ 0                                        
                   41 ┤ 0                                        
                   42 ┤ 0                                        
                   43 ┤ 0                                        
                   44 ┤ 0                                        
                   45 ┤ 0                                        
                   46 ┤ 0                                        
                   47 ┤ 0                                        
   sc, target = 31 48 ┤ 0                                        
                   49 ┤ 0                                        
                   50 ┤ 0                                        
                   51 ┤ 0                                        
                   52 ┤ 0                                        
                   53 ┤ 0                                        
                   54 ┤ 0                                        
                   55 ┤■■■■■■■■■■■■■■■■■■■■■■■■■■■■■■■■■■■■■ 1   
                   56 ┤ 0                                        
                   57 ┤ 0                                        
                   58 ┤■■■■■■■■■■■■■■■■■■■■■■■■■■■■■■■■■■■■■ 1   
                   59 ┤■■■■■■■■■■■■■■■■■■■■■■■■■■■■■■■■■■■■■ 1   
                   60 ┤■■■■■■■■■■■■■■■■■■■■■■■■■■■■■■■■■■■■■ 1   
                      └                                        ┘ 
                                     num of slices               
[ Info: slicing branch with sc: 37.0
[ Info: cc.sc: 37.0
region size: 10
tbl0_rows:26 filtered_rows:26
QIP_gurobi_bound: solver finished in 1.41 s (time_limit=100.0 s, status=OPTIMAL)
[ Info: slice 1, lp_score: 5397.0, primal_bound: 5408.0
QIP_gurobi_bound: solver finished in 1.356 s (time_limit=100.0 s, status=OPTIMAL)
[ Info: slice 2, lp_score: 5408.0, primal_bound: 5408.0
[ Info: new_scs: [35]
[ Info: lp_scores: [5408.0]
[ Info: lp_scores: 5408.0
[ Info: current num of unfinished slices: 5, finished slices: 42
                      ┌                                        ┐ 
                   35 ┤■■■■■■■■■■■■■■■■■■■■■■■■■■■■■■■■■■■■■ 1   
                   36 ┤ 0                                        
                   37 ┤ 0                                        
                   38 ┤ 0                                        
                   39 ┤ 0                                        
                   40 ┤ 0                                        
                   41 ┤ 0                                        
                   42 ┤ 0                                        
                   43 ┤ 0                                        
                   44 ┤ 0                                        
                   45 ┤ 0                                        
                   46 ┤ 0                                        
   sc, target = 31 47 ┤ 0                                        
                   48 ┤ 0                                        
                   49 ┤ 0                                        
                   50 ┤ 0                                        
                   51 ┤ 0                                        
                   52 ┤ 0                                        
                   53 ┤ 0                                        
                   54 ┤ 0                                        
                   55 ┤■■■■■■■■■■■■■■■■■■■■■■■■■■■■■■■■■■■■■ 1   
                   56 ┤ 0                                        
                   57 ┤ 0                                        
                   58 ┤■■■■■■■■■■■■■■■■■■■■■■■■■■■■■■■■■■■■■ 1   
                   59 ┤■■■■■■■■■■■■■■■■■■■■■■■■■■■■■■■■■■■■■ 1   
                   60 ┤■■■■■■■■■■■■■■■■■■■■■■■■■■■■■■■■■■■■■ 1   
                      └                                        ┘ 
                                     num of slices               
[ Info: slicing branch with sc: 35.0
[ Info: cc.sc: 35.0
region size: 10
tbl0_rows:40 filtered_rows:40
QIP_gurobi_bound: solver finished in 1.32 s (time_limit=100.0 s, status=OPTIMAL)
[ Info: slice 1, lp_score: 5403.0, primal_bound: 5408.0
QIP_gurobi_bound: solver finished in 1.467 s (time_limit=100.0 s, status=OPTIMAL)
[ Info: slice 2, lp_score: 5408.0, primal_bound: 5408.0
QIP_gurobi_bound: solver finished in 1.31 s (time_limit=100.0 s, status=OPTIMAL)
[ Info: slice 3, lp_score: 5400.0, primal_bound: 5408.0
QIP_gurobi_bound: solver finished in 1.2 s (time_limit=100.0 s, status=OPTIMAL)
[ Info: slice 4, lp_score: 5406.0, primal_bound: 5408.0
[ Info: new_scs: [34]
[ Info: lp_scores: [5408.0]
[ Info: lp_scores: 5408.0
[ Info: current num of unfinished slices: 5, finished slices: 42
                      ┌                                        ┐ 
                   34 ┤■■■■■■■■■■■■■■■■■■■■■■■■■■■■■■■■■■■■■ 1   
                   35 ┤ 0                                        
                   36 ┤ 0                                        
                   37 ┤ 0                                        
                   38 ┤ 0                                        
                   39 ┤ 0                                        
                   40 ┤ 0                                        
                   41 ┤ 0                                        
                   42 ┤ 0                                        
                   43 ┤ 0                                        
                   44 ┤ 0                                        
                   45 ┤ 0                                        
                   46 ┤ 0                                        
   sc, target = 31 47 ┤ 0                                        
                   48 ┤ 0                                        
                   49 ┤ 0                                        
                   50 ┤ 0                                        
                   51 ┤ 0                                        
                   52 ┤ 0                                        
                   53 ┤ 0                                        
                   54 ┤ 0                                        
                   55 ┤■■■■■■■■■■■■■■■■■■■■■■■■■■■■■■■■■■■■■ 1   
                   56 ┤ 0                                        
                   57 ┤ 0                                        
                   58 ┤■■■■■■■■■■■■■■■■■■■■■■■■■■■■■■■■■■■■■ 1   
                   59 ┤■■■■■■■■■■■■■■■■■■■■■■■■■■■■■■■■■■■■■ 1   
                   60 ┤■■■■■■■■■■■■■■■■■■■■■■■■■■■■■■■■■■■■■ 1   
                      └                                        ┘ 
                                     num of slices               
[ Info: slicing branch with sc: 34.0
[ Info: cc.sc: 34.0
region size: 10
tbl0_rows:70 filtered_rows:70
QIP_gurobi_bound: solver finished in 1.53 s (time_limit=100.0 s, status=OPTIMAL)
[ Info: slice 1, lp_score: 5408.0, primal_bound: 5408.0
QIP_gurobi_bound: solver finished in 1.357 s (time_limit=100.0 s, status=OPTIMAL)
[ Info: slice 2, lp_score: 5407.0, primal_bound: 5408.0
[ Info: new_scs: [33]
[ Info: lp_scores: [5408.0]
[ Info: lp_scores: 5408.0
[ Info: current num of unfinished slices: 5, finished slices: 42
                      ┌                                        ┐ 
                   33 ┤■■■■■■■■■■■■■■■■■■■■■■■■■■■■■■■■■■■■■ 1   
                   34 ┤ 0                                        
                   35 ┤ 0                                        
                   36 ┤ 0                                        
                   37 ┤ 0                                        
                   38 ┤ 0                                        
                   39 ┤ 0                                        
                   40 ┤ 0                                        
                   41 ┤ 0                                        
                   42 ┤ 0                                        
                   43 ┤ 0                                        
                   44 ┤ 0                                        
                   45 ┤ 0                                        
   sc, target = 31 46 ┤ 0                                        
                   47 ┤ 0                                        
                   48 ┤ 0                                        
                   49 ┤ 0                                        
                   50 ┤ 0                                        
                   51 ┤ 0                                        
                   52 ┤ 0                                        
                   53 ┤ 0                                        
                   54 ┤ 0                                        
                   55 ┤■■■■■■■■■■■■■■■■■■■■■■■■■■■■■■■■■■■■■ 1   
                   56 ┤ 0                                        
                   57 ┤ 0                                        
                   58 ┤■■■■■■■■■■■■■■■■■■■■■■■■■■■■■■■■■■■■■ 1   
                   59 ┤■■■■■■■■■■■■■■■■■■■■■■■■■■■■■■■■■■■■■ 1   
                   60 ┤■■■■■■■■■■■■■■■■■■■■■■■■■■■■■■■■■■■■■ 1   
                      └                                        ┘ 
                                     num of slices               
[ Info: slicing branch with sc: 33.0
[ Info: cc.sc: 33.0
region size: 10
tbl0_rows:79 filtered_rows:79
QIP_gurobi_bound: solver finished in 1.248 s (time_limit=100.0 s, status=OPTIMAL)
[ Info: slice 1, lp_score: 5408.0, primal_bound: 5408.0
QIP_gurobi_bound: solver finished in 1.252 s (time_limit=100.0 s, status=OPTIMAL)
[ Info: slice 2, lp_score: 5406.0, primal_bound: 5408.0
[ Info: new_scs: [33]
[ Info: lp_scores: [5408.0]
[ Info: lp_scores: 5408.0
[ Info: current num of unfinished slices: 5, finished slices: 42
                      ┌                                        ┐ 
                   33 ┤■■■■■■■■■■■■■■■■■■■■■■■■■■■■■■■■■■■■■ 1   
                   34 ┤ 0                                        
                   35 ┤ 0                                        
                   36 ┤ 0                                        
                   37 ┤ 0                                        
                   38 ┤ 0                                        
                   39 ┤ 0                                        
                   40 ┤ 0                                        
                   41 ┤ 0                                        
                   42 ┤ 0                                        
                   43 ┤ 0                                        
                   44 ┤ 0                                        
                   45 ┤ 0                                        
   sc, target = 31 46 ┤ 0                                        
                   47 ┤ 0                                        
                   48 ┤ 0                                        
                   49 ┤ 0                                        
                   50 ┤ 0                                        
                   51 ┤ 0                                        
                   52 ┤ 0                                        
                   53 ┤ 0                                        
                   54 ┤ 0                                        
                   55 ┤■■■■■■■■■■■■■■■■■■■■■■■■■■■■■■■■■■■■■ 1   
                   56 ┤ 0                                        
                   57 ┤ 0                                        
                   58 ┤■■■■■■■■■■■■■■■■■■■■■■■■■■■■■■■■■■■■■ 1   
                   59 ┤■■■■■■■■■■■■■■■■■■■■■■■■■■■■■■■■■■■■■ 1   
                   60 ┤■■■■■■■■■■■■■■■■■■■■■■■■■■■■■■■■■■■■■ 1   
                      └                                        ┘ 
                                     num of slices               
[ Info: slicing branch with sc: 33.0
[ Info: cc.sc: 33.0
region size: 10
tbl0_rows:34 filtered_rows:34
QIP_gurobi_bound: solver finished in 1.323 s (time_limit=100.0 s, status=OPTIMAL)
[ Info: slice 1, lp_score: 5408.0, primal_bound: 5408.0
QIP_gurobi_bound: solver finished in 1.215 s (time_limit=100.0 s, status=OPTIMAL)
[ Info: slice 2, lp_score: 5405.0, primal_bound: 5408.0
[ Info: new_scs: [32]
[ Info: lp_scores: [5408.0]
[ Info: lp_scores: 5408.0
[ Info: current num of unfinished slices: 5, finished slices: 42
                      ┌                                        ┐ 
                   32 ┤■■■■■■■■■■■■■■■■■■■■■■■■■■■■■■■■■■■■■ 1   
                   33 ┤ 0                                        
                   34 ┤ 0                                        
                   35 ┤ 0                                        
                   36 ┤ 0                                        
                   37 ┤ 0                                        
                   38 ┤ 0                                        
                   39 ┤ 0                                        
                   40 ┤ 0                                        
                   41 ┤ 0                                        
                   42 ┤ 0                                        
                   43 ┤ 0                                        
                   44 ┤ 0                                        
                   45 ┤ 0                                        
   sc, target = 31 46 ┤ 0                                        
                   47 ┤ 0                                        
                   48 ┤ 0                                        
                   49 ┤ 0                                        
                   50 ┤ 0                                        
                   51 ┤ 0                                        
                   52 ┤ 0                                        
                   53 ┤ 0                                        
                   54 ┤ 0                                        
                   55 ┤■■■■■■■■■■■■■■■■■■■■■■■■■■■■■■■■■■■■■ 1   
                   56 ┤ 0                                        
                   57 ┤ 0                                        
                   58 ┤■■■■■■■■■■■■■■■■■■■■■■■■■■■■■■■■■■■■■ 1   
                   59 ┤■■■■■■■■■■■■■■■■■■■■■■■■■■■■■■■■■■■■■ 1   
                   60 ┤■■■■■■■■■■■■■■■■■■■■■■■■■■■■■■■■■■■■■ 1   
                      └                                        ┘ 
                                     num of slices               
[ Info: slicing branch with sc: 32.0
[ Info: cc.sc: 32.0
region size: 10
tbl0_rows:36 filtered_rows:36
QIP_gurobi_bound: solver finished in 1.322 s (time_limit=100.0 s, status=OPTIMAL)
[ Info: slice 1, lp_score: 5408.0, primal_bound: 5408.0
QIP_gurobi_bound: solver finished in 1.254 s (time_limit=100.0 s, status=OPTIMAL)
[ Info: slice 2, lp_score: 5408.0, primal_bound: 5408.0
[ Info: new_scs: [31, 31]
[ Info: lp_scores: [5408.0, 5408.0]
[ Info: lp_scores: 5408.0
[ Info: lp_scores: 5408.0
[ Info: current num of unfinished slices: 6, finished slices: 42
                      ┌                                        ┐ 
                   31 ┤■■■■■■■■■■■■■■■■■■■■■■■■■■■■■■■■■■■■■ 2   
                   32 ┤ 0                                        
                   33 ┤ 0                                        
                   34 ┤ 0                                        
                   35 ┤ 0                                        
                   36 ┤ 0                                        
                   37 ┤ 0                                        
                   38 ┤ 0                                        
                   39 ┤ 0                                        
                   40 ┤ 0                                        
                   41 ┤ 0                                        
                   42 ┤ 0                                        
                   43 ┤ 0                                        
                   44 ┤ 0                                        
   sc, target = 31 45 ┤ 0                                        
                   46 ┤ 0                                        
                   47 ┤ 0                                        
                   48 ┤ 0                                        
                   49 ┤ 0                                        
                   50 ┤ 0                                        
                   51 ┤ 0                                        
                   52 ┤ 0                                        
                   53 ┤ 0                                        
                   54 ┤ 0                                        
                   55 ┤■■■■■■■■■■■■■■■■■■■ 1                     
                   56 ┤ 0                                        
                   57 ┤ 0                                        
                   58 ┤■■■■■■■■■■■■■■■■■■■ 1                     
                   59 ┤■■■■■■■■■■■■■■■■■■■ 1                     
                   60 ┤■■■■■■■■■■■■■■■■■■■ 1                     
                      └                                        ┘ 
                                     num of slices               
[ Info: slicing branch with sc: 31.0
  [slice produced] sc=31.0 tc=45.11140223637256 nv=3546 ne=6915 r=55.0
QIP_value_gurobi: solver finished in 1.247 s (time_limit=604800.0 s, status=OPTIMAL)
[ Info: feasible solution: 5408.0, primal bound: 5408.0
[ Info: current num of unfinished slices: 5, finished slices: 43
                      ┌                                        ┐ 
                   31 ┤■■■■■■■■■■■■■■■■■■■■■■■■■■■■■■■■■■■■■ 1   
                   32 ┤ 0                                        
                   33 ┤ 0                                        
                   34 ┤ 0                                        
                   35 ┤ 0                                        
                   36 ┤ 0                                        
                   37 ┤ 0                                        
                   38 ┤ 0                                        
                   39 ┤ 0                                        
                   40 ┤ 0                                        
                   41 ┤ 0                                        
                   42 ┤ 0                                        
                   43 ┤ 0                                        
                   44 ┤ 0                                        
   sc, target = 31 45 ┤ 0                                        
                   46 ┤ 0                                        
                   47 ┤ 0                                        
                   48 ┤ 0                                        
                   49 ┤ 0                                        
                   50 ┤ 0                                        
                   51 ┤ 0                                        
                   52 ┤ 0                                        
                   53 ┤ 0                                        
                   54 ┤ 0                                        
                   55 ┤■■■■■■■■■■■■■■■■■■■■■■■■■■■■■■■■■■■■■ 1   
                   56 ┤ 0                                        
                   57 ┤ 0                                        
                   58 ┤■■■■■■■■■■■■■■■■■■■■■■■■■■■■■■■■■■■■■ 1   
                   59 ┤■■■■■■■■■■■■■■■■■■■■■■■■■■■■■■■■■■■■■ 1   
                   60 ┤■■■■■■■■■■■■■■■■■■■■■■■■■■■■■■■■■■■■■ 1   
                      └                                        ┘ 
                                     num of slices               
[ Info: slicing branch with sc: 31.0
  [slice produced] sc=31.0 tc=45.111870285296504 nv=3548 ne=6919 r=51.0
QIP_value_gurobi: solver finished in 1.284 s (time_limit=604800.0 s, status=OPTIMAL)
[ Info: feasible solution: 5408.0, primal bound: 5408.0
[ Info: current num of unfinished slices: 4, finished slices: 44
                      ┌                                        ┐ 
                   55 ┤■■■■■■■■■■■■■■■■■■■■■■■■■■■■■■■■■■■■■ 1   
                   56 ┤ 0                                        
   sc, target = 31 57 ┤ 0                                        
                   58 ┤■■■■■■■■■■■■■■■■■■■■■■■■■■■■■■■■■■■■■ 1   
                   59 ┤■■■■■■■■■■■■■■■■■■■■■■■■■■■■■■■■■■■■■ 1   
                   60 ┤■■■■■■■■■■■■■■■■■■■■■■■■■■■■■■■■■■■■■ 1   
                      └                                        ┘ 
                                     num of slices               
[ Info: slicing branch with sc: 55.0
[ Info: cc.sc: 55.0
region size: 10
tbl0_rows:60 filtered_rows:60
QIP_gurobi_bound: solver finished in 1.316 s (time_limit=100.0 s, status=OPTIMAL)
[ Info: slice 1, lp_score: 5407.0, primal_bound: 5408.0
QIP_gurobi_bound: solver finished in 1.316 s (time_limit=100.0 s, status=OPTIMAL)
[ Info: slice 2, lp_score: 5405.0, primal_bound: 5408.0
[ Info: new_scs: Int64[]
[ Info: lp_scores: Float64[]
[ Info: current num of unfinished slices: 3, finished slices: 44
                      ┌                                        ┐ 
                   58 ┤■■■■■■■■■■■■■■■■■■■■■■■■■■■■■■■■■■■■■ 1   
   sc, target = 31 59 ┤■■■■■■■■■■■■■■■■■■■■■■■■■■■■■■■■■■■■■ 1   
                   60 ┤■■■■■■■■■■■■■■■■■■■■■■■■■■■■■■■■■■■■■ 1   
                      └                                        ┘ 
                                     num of slices               
[ Info: slicing branch with sc: 60.0
[ Info: cc.sc: 60.0
region size: 10
tbl0_rows:85 filtered_rows:85
QIP_gurobi_bound: solver finished in 1.373 s (time_limit=100.0 s, status=OPTIMAL)
[ Info: slice 1, lp_score: 5407.0, primal_bound: 5408.0
QIP_gurobi_bound: solver finished in 1.403 s (time_limit=100.0 s, status=OPTIMAL)
[ Info: slice 2, lp_score: 5407.0, primal_bound: 5408.0
QIP_gurobi_bound: solver finished in 1.335 s (time_limit=100.0 s, status=OPTIMAL)
[ Info: slice 3, lp_score: 5406.0, primal_bound: 5408.0
[ Info: new_scs: Int64[]
[ Info: lp_scores: Float64[]
[ Info: current num of unfinished slices: 2, finished slices: 44
                      ┌                                        ┐ 
   sc, target = 31 58 ┤■■■■■■■■■■■■■■■■■■■■■■■■■■■■■■■■■■■■■ 1   
                   59 ┤■■■■■■■■■■■■■■■■■■■■■■■■■■■■■■■■■■■■■ 1   
                      └                                        ┘ 
                                     num of slices               
[ Info: slicing branch with sc: 58.0
[ Info: cc.sc: 58.0
region size: 10
tbl0_rows:57 filtered_rows:57
QIP_gurobi_bound: solver finished in 1.447 s (time_limit=100.0 s, status=OPTIMAL)
[ Info: slice 1, lp_score: 5405.0, primal_bound: 5408.0
QIP_gurobi_bound: solver finished in 1.542 s (time_limit=100.0 s, status=OPTIMAL)
[ Info: slice 2, lp_score: 5404.0, primal_bound: 5408.0
[ Info: new_scs: Int64[]
[ Info: lp_scores: Float64[]
[ Info: current num of unfinished slices: 1, finished slices: 44
                      ┌                                        ┐ 
   sc, target = 31 59 ┤■■■■■■■■■■■■■■■■■■■■■■■■■■■■■■■■■■■■■ 1   
                      └                                        ┘ 
                                     num of slices               
[ Info: slicing branch with sc: 59.0
[ Info: cc.sc: 59.0
region size: 10
tbl0_rows:57 filtered_rows:57
QIP_gurobi_bound: solver finished in 1.407 s (time_limit=100.0 s, status=OPTIMAL)
[ Info: slice 1, lp_score: 5401.0, primal_bound: 5408.0
QIP_gurobi_bound: solver finished in 1.372 s (time_limit=100.0 s, status=OPTIMAL)
[ Info: slice 2, lp_score: 5400.0, primal_bound: 5408.0
[ Info: new_scs: Int64[]
[ Info: lp_scores: Float64[]
  finished 44 slice(s) in 15212.96s; persisting ...
  saved 44 slice(s) to /data/wangyijia/mwis/beyond_mis/branch_results/grid_Jpm1_n=60_seed=7_cheating
  branching wall time (s): 15212.959806919098
