WARNING: method definition for slice_dfs at /data/wangyijia/mwis/beyond_mis/hacked_funcs/src/spin_glass_ground_counting.jl:15 declares type variable RT but does not use it.
WARNING: method definition for #slice_dfs_lp#1 at /data/wangyijia/mwis/beyond_mis/hacked_funcs/src/spin_glass_ground_counting.jl:54 declares type variable RT but does not use it.
============================================================
[slice_spin_glass] model=../../hacked_funcs/benchmarks/models/spin_glass_models/nn_pm1/spin_glass_J±1_grid_n=60_seed=6.model  sc_target=31
============================================================
  model_name : spin_glass_J±1_grid_n=60_seed=6_cheating
  family     : j1pm1
  graph_type : grid_Jpm1
  vertices   : 3600
  edges      : 7080
  h_default  : 0.5
  meta       : Dict{String, Any}("model_path" => "/data/wangyijia/mwis/beyond_mis/hacked_funcs/benchmarks/models/spin_glass_models/nn_pm1/spin_glass_J±1_grid_n=60_seed=6.model", "family" => "j1pm1", "sc_target" => 31, "seed" => 6, "h" => 0.5, "n" => 60)
    code seed=1 -> tc=80.09371783534996, sc=61.0, rw=68.53406005374211
    code seed=2 -> tc=79.00672651368107, sc=61.0, rw=68.11971796485439
  best code complexity over seeds [1, 2]: Time complexity: 2^79.00672651368107
Space complexity: 2^61.0
Read-write complexity: 2^68.11971796485439
  branch results root : /data/wangyijia/mwis/beyond_mis/branch_results
  slice subdir        : grid_Jpm1_n=60_seed=6_cheating
Set parameter LicenseID to value 2803191
QIP_gurobi_bound: solver finished in 1.904 s (time_limit=300.0 s, status=OPTIMAL)
[ Info: initial lp_bound: 5397.0
[ Info: slicing branch with sc: 61.0
[ Info: cc.sc: 61.0
region size: 10
QIP_gurobi_bound: solver finished in 1.874 s (time_limit=100.0 s, status=OPTIMAL)
[ Info: slice 1, lp_score: 5391.0, primal_bound: 0.0
QIP_gurobi_bound: solver finished in 1.541 s (time_limit=100.0 s, status=OPTIMAL)
[ Info: slice 2, lp_score: 5396.0, primal_bound: 0.0
QIP_gurobi_bound: solver finished in 1.422 s (time_limit=100.0 s, status=OPTIMAL)
[ Info: slice 3, lp_score: 5393.0, primal_bound: 0.0
QIP_gurobi_bound: solver finished in 1.449 s (time_limit=100.0 s, status=OPTIMAL)
[ Info: slice 4, lp_score: 5393.0, primal_bound: 0.0
QIP_gurobi_bound: solver finished in 1.995 s (time_limit=100.0 s, status=OPTIMAL)
[ Info: slice 5, lp_score: 5397.0, primal_bound: 0.0
[ Info: new_scs: [58, 59, 58, 57, 59]
[ Info: lp_scores: [5397.0, 5396.0, 5393.0, 5393.0, 5391.0]
[ Info: lp_scores: 5391.0
[ Info: lp_scores: 5393.0
[ Info: lp_scores: 5393.0
[ Info: lp_scores: 5396.0
[ Info: lp_scores: 5397.0
[ Info: current num of unfinished slices: 5, finished slices: 0
                      ┌                                        ┐ 
                   57 ┤■■■■■■■■■■■■■■■■■■■ 1                     
   sc, target = 31 58 ┤■■■■■■■■■■■■■■■■■■■■■■■■■■■■■■■■■■■■■ 2   
                   59 ┤■■■■■■■■■■■■■■■■■■■■■■■■■■■■■■■■■■■■■ 2   
                      └                                        ┘ 
                                     num of slices               
[ Info: slicing branch with sc: 58.0
[ Info: cc.sc: 58.0
region size: 10
QIP_gurobi_bound: solver finished in 1.391 s (time_limit=100.0 s, status=OPTIMAL)
[ Info: slice 1, lp_score: 5397.0, primal_bound: 0.0
QIP_gurobi_bound: solver finished in 1.948 s (time_limit=100.0 s, status=OPTIMAL)
[ Info: slice 2, lp_score: 5393.0, primal_bound: 0.0
QIP_gurobi_bound: solver finished in 1.524 s (time_limit=100.0 s, status=OPTIMAL)
[ Info: slice 3, lp_score: 5393.0, primal_bound: 0.0
QIP_gurobi_bound: solver finished in 2.611 s (time_limit=100.0 s, status=OPTIMAL)
[ Info: slice 4, lp_score: 5390.0, primal_bound: 0.0
[ Info: new_scs: [54, 56, 57, 54]
[ Info: lp_scores: [5397.0, 5393.0, 5393.0, 5390.0]
[ Info: lp_scores: 5390.0
[ Info: lp_scores: 5393.0
[ Info: lp_scores: 5393.0
[ Info: lp_scores: 5397.0
[ Info: current num of unfinished slices: 8, finished slices: 0
                      ┌                                        ┐ 
                   54 ┤■■■■■■■■■■■■■■■■■■■■■■■■■■■■■■■■■■■■■ 2   
                   55 ┤ 0                                        
   sc, target = 31 56 ┤■■■■■■■■■■■■■■■■■■■ 1                     
                   57 ┤■■■■■■■■■■■■■■■■■■■■■■■■■■■■■■■■■■■■■ 2   
                   58 ┤■■■■■■■■■■■■■■■■■■■ 1                     
                   59 ┤■■■■■■■■■■■■■■■■■■■■■■■■■■■■■■■■■■■■■ 2   
                      └                                        ┘ 
                                     num of slices               
[ Info: slicing branch with sc: 54.0
[ Info: cc.sc: 54.0
region size: 10
QIP_gurobi_bound: solver finished in 1.702 s (time_limit=100.0 s, status=OPTIMAL)
[ Info: slice 1, lp_score: 5387.0, primal_bound: 0.0
QIP_gurobi_bound: solver finished in 1.392 s (time_limit=100.0 s, status=OPTIMAL)
[ Info: slice 2, lp_score: 5396.0, primal_bound: 0.0
QIP_gurobi_bound: solver finished in 2.063 s (time_limit=100.0 s, status=OPTIMAL)
[ Info: slice 3, lp_score: 5395.0, primal_bound: 0.0
QIP_gurobi_bound: solver finished in 1.671 s (time_limit=100.0 s, status=OPTIMAL)
[ Info: slice 4, lp_score: 5390.0, primal_bound: 0.0
QIP_gurobi_bound: solver finished in 1.549 s (time_limit=100.0 s, status=OPTIMAL)
[ Info: slice 5, lp_score: 5397.0, primal_bound: 0.0
[ Info: new_scs: [52, 52, 52, 50, 50]
[ Info: lp_scores: [5397.0, 5396.0, 5395.0, 5390.0, 5387.0]
[ Info: lp_scores: 5387.0
[ Info: lp_scores: 5390.0
[ Info: lp_scores: 5395.0
[ Info: lp_scores: 5396.0
[ Info: lp_scores: 5397.0
[ Info: current num of unfinished slices: 12, finished slices: 0
                      ┌                                        ┐ 
                   50 ┤■■■■■■■■■■■■■■■■■■■■■■■■■ 2               
                   51 ┤ 0                                        
                   52 ┤■■■■■■■■■■■■■■■■■■■■■■■■■■■■■■■■■■■■■ 3   
                   53 ┤ 0                                        
   sc, target = 31 54 ┤■■■■■■■■■■■■ 1                            
                   55 ┤ 0                                        
                   56 ┤■■■■■■■■■■■■ 1                            
                   57 ┤■■■■■■■■■■■■■■■■■■■■■■■■■ 2               
                   58 ┤■■■■■■■■■■■■ 1                            
                   59 ┤■■■■■■■■■■■■■■■■■■■■■■■■■ 2               
                      └                                        ┘ 
                                     num of slices               
[ Info: slicing branch with sc: 52.0
[ Info: cc.sc: 52.0
region size: 10
QIP_gurobi_bound: solver finished in 1.918 s (time_limit=100.0 s, status=OPTIMAL)
[ Info: slice 1, lp_score: 5394.0, primal_bound: 0.0
QIP_gurobi_bound: solver finished in 5.888 s (time_limit=100.0 s, status=OPTIMAL)
[ Info: slice 2, lp_score: 5397.0, primal_bound: 0.0
[ Info: new_scs: [52, 50]
[ Info: lp_scores: [5397.0, 5394.0]
[ Info: lp_scores: 5394.0
[ Info: lp_scores: 5397.0
[ Info: current num of unfinished slices: 13, finished slices: 0
                      ┌                                        ┐ 
                   50 ┤■■■■■■■■■■■■■■■■■■■■■■■■■■■■■■■■■■■■■ 3   
                   51 ┤ 0                                        
                   52 ┤■■■■■■■■■■■■■■■■■■■■■■■■■■■■■■■■■■■■■ 3   
                   53 ┤ 0                                        
   sc, target = 31 54 ┤■■■■■■■■■■■■ 1                            
                   55 ┤ 0                                        
                   56 ┤■■■■■■■■■■■■ 1                            
                   57 ┤■■■■■■■■■■■■■■■■■■■■■■■■■ 2               
                   58 ┤■■■■■■■■■■■■ 1                            
                   59 ┤■■■■■■■■■■■■■■■■■■■■■■■■■ 2               
                      └                                        ┘ 
                                     num of slices               
[ Info: slicing branch with sc: 52.0
[ Info: cc.sc: 52.0
region size: 10
QIP_gurobi_bound: solver finished in 1.526 s (time_limit=100.0 s, status=OPTIMAL)
[ Info: slice 1, lp_score: 5394.0, primal_bound: 0.0
QIP_gurobi_bound: solver finished in 2.192 s (time_limit=100.0 s, status=OPTIMAL)
[ Info: slice 2, lp_score: 5397.0, primal_bound: 0.0
[ Info: new_scs: [49, 51]
[ Info: lp_scores: [5397.0, 5394.0]
[ Info: lp_scores: 5394.0
[ Info: lp_scores: 5397.0
[ Info: current num of unfinished slices: 14, finished slices: 0
                      ┌                                        ┐ 
                   49 ┤■■■■■■■■■■■■ 1                            
                   50 ┤■■■■■■■■■■■■■■■■■■■■■■■■■■■■■■■■■■■■■ 3   
                   51 ┤■■■■■■■■■■■■ 1                            
                   52 ┤■■■■■■■■■■■■■■■■■■■■■■■■■ 2               
                   53 ┤ 0                                        
   sc, target = 31 54 ┤■■■■■■■■■■■■ 1                            
                   55 ┤ 0                                        
                   56 ┤■■■■■■■■■■■■ 1                            
                   57 ┤■■■■■■■■■■■■■■■■■■■■■■■■■ 2               
                   58 ┤■■■■■■■■■■■■ 1                            
                   59 ┤■■■■■■■■■■■■■■■■■■■■■■■■■ 2               
                      └                                        ┘ 
                                     num of slices               
[ Info: slicing branch with sc: 49.0
[ Info: cc.sc: 49.0
region size: 10
QIP_gurobi_bound: solver finished in 1.685 s (time_limit=100.0 s, status=OPTIMAL)
[ Info: slice 1, lp_score: 5395.0, primal_bound: 0.0
QIP_gurobi_bound: solver finished in 1.542 s (time_limit=100.0 s, status=OPTIMAL)
[ Info: slice 2, lp_score: 5397.0, primal_bound: 0.0
[ Info: new_scs: [49, 48]
[ Info: lp_scores: [5397.0, 5395.0]
[ Info: lp_scores: 5395.0
[ Info: lp_scores: 5397.0
[ Info: current num of unfinished slices: 15, finished slices: 0
                      ┌                                        ┐ 
                   48 ┤■■■■■■■■■■■■ 1                            
                   49 ┤■■■■■■■■■■■■ 1                            
                   50 ┤■■■■■■■■■■■■■■■■■■■■■■■■■■■■■■■■■■■■■ 3   
                   51 ┤■■■■■■■■■■■■ 1                            
                   52 ┤■■■■■■■■■■■■■■■■■■■■■■■■■ 2               
   sc, target = 31 53 ┤ 0                                        
                   54 ┤■■■■■■■■■■■■ 1                            
                   55 ┤ 0                                        
                   56 ┤■■■■■■■■■■■■ 1                            
                   57 ┤■■■■■■■■■■■■■■■■■■■■■■■■■ 2               
                   58 ┤■■■■■■■■■■■■ 1                            
                   59 ┤■■■■■■■■■■■■■■■■■■■■■■■■■ 2               
                      └                                        ┘ 
                                     num of slices               
[ Info: slicing branch with sc: 49.0
[ Info: cc.sc: 49.0
region size: 10
QIP_gurobi_bound: solver finished in 1.93 s (time_limit=100.0 s, status=OPTIMAL)
[ Info: slice 1, lp_score: 5393.0, primal_bound: 0.0
QIP_gurobi_bound: solver finished in 2.102 s (time_limit=100.0 s, status=OPTIMAL)
[ Info: slice 2, lp_score: 5393.0, primal_bound: 0.0
QIP_gurobi_bound: solver finished in 1.971 s (time_limit=100.0 s, status=OPTIMAL)
[ Info: slice 3, lp_score: 5397.0, primal_bound: 0.0
[ Info: new_scs: [48, 48, 48]
[ Info: lp_scores: [5397.0, 5393.0, 5393.0]
[ Info: lp_scores: 5393.0
[ Info: lp_scores: 5393.0
[ Info: lp_scores: 5397.0
[ Info: current num of unfinished slices: 17, finished slices: 0
                      ┌                                        ┐ 
                   48 ┤■■■■■■■■■■■■■■■■■■■■■■■■■■■■■■■■■■■■■ 4   
                   49 ┤ 0                                        
                   50 ┤■■■■■■■■■■■■■■■■■■■■■■■■■■■■ 3            
                   51 ┤■■■■■■■■■ 1                               
                   52 ┤■■■■■■■■■■■■■■■■■■■ 2                     
   sc, target = 31 53 ┤ 0                                        
                   54 ┤■■■■■■■■■ 1                               
                   55 ┤ 0                                        
                   56 ┤■■■■■■■■■ 1                               
                   57 ┤■■■■■■■■■■■■■■■■■■■ 2                     
                   58 ┤■■■■■■■■■ 1                               
                   59 ┤■■■■■■■■■■■■■■■■■■■ 2                     
                      └                                        ┘ 
                                     num of slices               
[ Info: slicing branch with sc: 48.0
[ Info: cc.sc: 48.0
region size: 10
QIP_gurobi_bound: solver finished in 1.71 s (time_limit=100.0 s, status=OPTIMAL)
[ Info: slice 1, lp_score: 5395.0, primal_bound: 0.0
QIP_gurobi_bound: solver finished in 1.653 s (time_limit=100.0 s, status=OPTIMAL)
[ Info: slice 2, lp_score: 5397.0, primal_bound: 0.0
[ Info: new_scs: [48, 48]
[ Info: lp_scores: [5397.0, 5395.0]
[ Info: lp_scores: 5395.0
[ Info: lp_scores: 5397.0
[ Info: current num of unfinished slices: 18, finished slices: 0
                      ┌                                        ┐ 
                   48 ┤■■■■■■■■■■■■■■■■■■■■■■■■■■■■■■■■■■■■■ 5   
                   49 ┤ 0                                        
                   50 ┤■■■■■■■■■■■■■■■■■■■■■■ 3                  
                   51 ┤■■■■■■■ 1                                 
                   52 ┤■■■■■■■■■■■■■■■ 2                         
   sc, target = 31 53 ┤ 0                                        
                   54 ┤■■■■■■■ 1                                 
                   55 ┤ 0                                        
                   56 ┤■■■■■■■ 1                                 
                   57 ┤■■■■■■■■■■■■■■■ 2                         
                   58 ┤■■■■■■■ 1                                 
                   59 ┤■■■■■■■■■■■■■■■ 2                         
                      └                                        ┘ 
                                     num of slices               
[ Info: slicing branch with sc: 48.0
[ Info: cc.sc: 48.0
region size: 10
QIP_gurobi_bound: solver finished in 1.384 s (time_limit=100.0 s, status=OPTIMAL)
[ Info: slice 1, lp_score: 5397.0, primal_bound: 0.0
QIP_gurobi_bound: solver finished in 1.906 s (time_limit=100.0 s, status=OPTIMAL)
[ Info: slice 2, lp_score: 5395.0, primal_bound: 0.0
[ Info: new_scs: [48, 48]
[ Info: lp_scores: [5397.0, 5395.0]
[ Info: lp_scores: 5395.0
[ Info: lp_scores: 5397.0
[ Info: current num of unfinished slices: 19, finished slices: 0
                      ┌                                        ┐ 
                   48 ┤■■■■■■■■■■■■■■■■■■■■■■■■■■■■■■■■■■■■■ 6   
                   49 ┤ 0                                        
                   50 ┤■■■■■■■■■■■■■■■■■■■ 3                     
                   51 ┤■■■■■■ 1                                  
                   52 ┤■■■■■■■■■■■■ 2                            
   sc, target = 31 53 ┤ 0                                        
                   54 ┤■■■■■■ 1                                  
                   55 ┤ 0                                        
                   56 ┤■■■■■■ 1                                  
                   57 ┤■■■■■■■■■■■■ 2                            
                   58 ┤■■■■■■ 1                                  
                   59 ┤■■■■■■■■■■■■ 2                            
                      └                                        ┘ 
                                     num of slices               
[ Info: slicing branch with sc: 48.0
[ Info: cc.sc: 48.0
region size: 10
QIP_gurobi_bound: solver finished in 1.898 s (time_limit=100.0 s, status=OPTIMAL)
[ Info: slice 1, lp_score: 5397.0, primal_bound: 0.0
QIP_gurobi_bound: solver finished in 1.955 s (time_limit=100.0 s, status=OPTIMAL)
[ Info: slice 2, lp_score: 5392.0, primal_bound: 0.0
[ Info: new_scs: [48, 44]
[ Info: lp_scores: [5397.0, 5392.0]
[ Info: lp_scores: 5392.0
[ Info: lp_scores: 5397.0
[ Info: current num of unfinished slices: 20, finished slices: 0
                      ┌                                        ┐ 
                   44 ┤■■■■■■ 1                                  
                   45 ┤ 0                                        
                   46 ┤ 0                                        
                   47 ┤ 0                                        
                   48 ┤■■■■■■■■■■■■■■■■■■■■■■■■■■■■■■■■■■■■■ 6   
                   49 ┤ 0                                        
                   50 ┤■■■■■■■■■■■■■■■■■■■ 3                     
   sc, target = 31 51 ┤■■■■■■ 1                                  
                   52 ┤■■■■■■■■■■■■ 2                            
                   53 ┤ 0                                        
                   54 ┤■■■■■■ 1                                  
                   55 ┤ 0                                        
                   56 ┤■■■■■■ 1                                  
                   57 ┤■■■■■■■■■■■■ 2                            
                   58 ┤■■■■■■ 1                                  
                   59 ┤■■■■■■■■■■■■ 2                            
                      └                                        ┘ 
                                     num of slices               
[ Info: slicing branch with sc: 48.0
[ Info: cc.sc: 48.0
region size: 10
QIP_gurobi_bound: solver finished in 1.439 s (time_limit=100.0 s, status=OPTIMAL)
[ Info: slice 1, lp_score: 5397.0, primal_bound: 0.0
QIP_gurobi_bound: solver finished in 1.884 s (time_limit=100.0 s, status=OPTIMAL)
[ Info: slice 2, lp_score: 5397.0, primal_bound: 0.0
[ Info: new_scs: [45, 47]
[ Info: lp_scores: [5397.0, 5397.0]
[ Info: lp_scores: 5397.0
[ Info: lp_scores: 5397.0
[ Info: current num of unfinished slices: 21, finished slices: 0
                      ┌                                        ┐ 
                   44 ┤■■■■■■■ 1                                 
                   45 ┤■■■■■■■ 1                                 
                   46 ┤ 0                                        
                   47 ┤■■■■■■■ 1                                 
                   48 ┤■■■■■■■■■■■■■■■■■■■■■■■■■■■■■■■■■■■■■ 5   
                   49 ┤ 0                                        
                   50 ┤■■■■■■■■■■■■■■■■■■■■■■ 3                  
   sc, target = 31 51 ┤■■■■■■■ 1                                 
                   52 ┤■■■■■■■■■■■■■■■ 2                         
                   53 ┤ 0                                        
                   54 ┤■■■■■■■ 1                                 
                   55 ┤ 0                                        
                   56 ┤■■■■■■■ 1                                 
                   57 ┤■■■■■■■■■■■■■■■ 2                         
                   58 ┤■■■■■■■ 1                                 
                   59 ┤■■■■■■■■■■■■■■■ 2                         
                      └                                        ┘ 
                                     num of slices               
[ Info: slicing branch with sc: 45.0
[ Info: cc.sc: 45.0
region size: 10
QIP_gurobi_bound: solver finished in 1.863 s (time_limit=100.0 s, status=OPTIMAL)
[ Info: slice 1, lp_score: 5394.0, primal_bound: 0.0
QIP_gurobi_bound: solver finished in 1.572 s (time_limit=100.0 s, status=OPTIMAL)
[ Info: slice 2, lp_score: 5397.0, primal_bound: 0.0
[ Info: new_scs: [43, 43]
[ Info: lp_scores: [5397.0, 5394.0]
[ Info: lp_scores: 5394.0
[ Info: lp_scores: 5397.0
[ Info: current num of unfinished slices: 22, finished slices: 0
                      ┌                                        ┐ 
                   43 ┤■■■■■■■■■■■■■■■ 2                         
                   44 ┤■■■■■■■ 1                                 
                   45 ┤ 0                                        
                   46 ┤ 0                                        
                   47 ┤■■■■■■■ 1                                 
                   48 ┤■■■■■■■■■■■■■■■■■■■■■■■■■■■■■■■■■■■■■ 5   
                   49 ┤ 0                                        
                   50 ┤■■■■■■■■■■■■■■■■■■■■■■ 3                  
   sc, target = 31 51 ┤■■■■■■■ 1                                 
                   52 ┤■■■■■■■■■■■■■■■ 2                         
                   53 ┤ 0                                        
                   54 ┤■■■■■■■ 1                                 
                   55 ┤ 0                                        
                   56 ┤■■■■■■■ 1                                 
                   57 ┤■■■■■■■■■■■■■■■ 2                         
                   58 ┤■■■■■■■ 1                                 
                   59 ┤■■■■■■■■■■■■■■■ 2                         
                      └                                        ┘ 
                                     num of slices               
[ Info: slicing branch with sc: 43.0
[ Info: cc.sc: 43.0
region size: 10
QIP_gurobi_bound: solver finished in 2.023 s (time_limit=100.0 s, status=OPTIMAL)
[ Info: slice 1, lp_score: 5397.0, primal_bound: 0.0
QIP_gurobi_bound: solver finished in 1.875 s (time_limit=100.0 s, status=OPTIMAL)
[ Info: slice 2, lp_score: 5391.0, primal_bound: 0.0
QIP_gurobi_bound: solver finished in 1.625 s (time_limit=100.0 s, status=OPTIMAL)
[ Info: slice 3, lp_score: 5391.0, primal_bound: 0.0
[ Info: new_scs: [40, 39, 39]
[ Info: lp_scores: [5397.0, 5391.0, 5391.0]
[ Info: lp_scores: 5391.0
[ Info: lp_scores: 5391.0
[ Info: lp_scores: 5397.0
[ Info: current num of unfinished slices: 24, finished slices: 0
                      ┌                                        ┐ 
                   39 ┤■■■■■■■■■■■■■■■ 2                         
                   40 ┤■■■■■■■ 1                                 
                   41 ┤ 0                                        
                   42 ┤ 0                                        
                   43 ┤■■■■■■■ 1                                 
                   44 ┤■■■■■■■ 1                                 
                   45 ┤ 0                                        
                   46 ┤ 0                                        
                   47 ┤■■■■■■■ 1                                 
                   48 ┤■■■■■■■■■■■■■■■■■■■■■■■■■■■■■■■■■■■■■ 5   
   sc, target = 31 49 ┤ 0                                        
                   50 ┤■■■■■■■■■■■■■■■■■■■■■■ 3                  
                   51 ┤■■■■■■■ 1                                 
                   52 ┤■■■■■■■■■■■■■■■ 2                         
                   53 ┤ 0                                        
                   54 ┤■■■■■■■ 1                                 
                   55 ┤ 0                                        
                   56 ┤■■■■■■■ 1                                 
                   57 ┤■■■■■■■■■■■■■■■ 2                         
                   58 ┤■■■■■■■ 1                                 
                   59 ┤■■■■■■■■■■■■■■■ 2                         
                      └                                        ┘ 
                                     num of slices               
[ Info: slicing branch with sc: 40.0
[ Info: cc.sc: 40.0
region size: 10
QIP_gurobi_bound: solver finished in 1.811 s (time_limit=100.0 s, status=OPTIMAL)
[ Info: slice 1, lp_score: 5393.0, primal_bound: 0.0
QIP_gurobi_bound: solver finished in 1.415 s (time_limit=100.0 s, status=OPTIMAL)
[ Info: slice 2, lp_score: 5397.0, primal_bound: 0.0
[ Info: new_scs: [40, 39]
[ Info: lp_scores: [5397.0, 5393.0]
[ Info: lp_scores: 5393.0
[ Info: lp_scores: 5397.0
[ Info: current num of unfinished slices: 25, finished slices: 0
                      ┌                                        ┐ 
                   39 ┤■■■■■■■■■■■■■■■■■■■■■■ 3                  
                   40 ┤■■■■■■■ 1                                 
                   41 ┤ 0                                        
                   42 ┤ 0                                        
                   43 ┤■■■■■■■ 1                                 
                   44 ┤■■■■■■■ 1                                 
                   45 ┤ 0                                        
                   46 ┤ 0                                        
                   47 ┤■■■■■■■ 1                                 
                   48 ┤■■■■■■■■■■■■■■■■■■■■■■■■■■■■■■■■■■■■■ 5   
   sc, target = 31 49 ┤ 0                                        
                   50 ┤■■■■■■■■■■■■■■■■■■■■■■ 3                  
                   51 ┤■■■■■■■ 1                                 
                   52 ┤■■■■■■■■■■■■■■■ 2                         
                   53 ┤ 0                                        
                   54 ┤■■■■■■■ 1                                 
                   55 ┤ 0                                        
                   56 ┤■■■■■■■ 1                                 
                   57 ┤■■■■■■■■■■■■■■■ 2                         
                   58 ┤■■■■■■■ 1                                 
                   59 ┤■■■■■■■■■■■■■■■ 2                         
                      └                                        ┘ 
                                     num of slices               
[ Info: slicing branch with sc: 40.0
[ Info: cc.sc: 40.0
region size: 10
QIP_gurobi_bound: solver finished in 1.56 s (time_limit=100.0 s, status=OPTIMAL)
[ Info: slice 1, lp_score: 5391.0, primal_bound: 0.0
QIP_gurobi_bound: solver finished in 2.81 s (time_limit=100.0 s, status=OPTIMAL)
[ Info: slice 2, lp_score: 5397.0, primal_bound: 0.0
[ Info: new_scs: [40, 39]
[ Info: lp_scores: [5397.0, 5391.0]
[ Info: lp_scores: 5391.0
[ Info: lp_scores: 5397.0
[ Info: current num of unfinished slices: 26, finished slices: 0
                      ┌                                        ┐ 
                   39 ┤■■■■■■■■■■■■■■■■■■■■■■■■■■■■■■ 4          
                   40 ┤■■■■■■■ 1                                 
                   41 ┤ 0                                        
                   42 ┤ 0                                        
                   43 ┤■■■■■■■ 1                                 
                   44 ┤■■■■■■■ 1                                 
                   45 ┤ 0                                        
                   46 ┤ 0                                        
                   47 ┤■■■■■■■ 1                                 
                   48 ┤■■■■■■■■■■■■■■■■■■■■■■■■■■■■■■■■■■■■■ 5   
   sc, target = 31 49 ┤ 0                                        
                   50 ┤■■■■■■■■■■■■■■■■■■■■■■ 3                  
                   51 ┤■■■■■■■ 1                                 
                   52 ┤■■■■■■■■■■■■■■■ 2                         
                   53 ┤ 0                                        
                   54 ┤■■■■■■■ 1                                 
                   55 ┤ 0                                        
                   56 ┤■■■■■■■ 1                                 
                   57 ┤■■■■■■■■■■■■■■■ 2                         
                   58 ┤■■■■■■■ 1                                 
                   59 ┤■■■■■■■■■■■■■■■ 2                         
                      └                                        ┘ 
                                     num of slices               
[ Info: slicing branch with sc: 40.0
[ Info: cc.sc: 40.0
region size: 10
QIP_gurobi_bound: solver finished in 1.453 s (time_limit=100.0 s, status=OPTIMAL)
[ Info: slice 1, lp_score: 5397.0, primal_bound: 0.0
QIP_gurobi_bound: solver finished in 1.52 s (time_limit=100.0 s, status=OPTIMAL)
[ Info: slice 2, lp_score: 5395.0, primal_bound: 0.0
[ Info: new_scs: [39, 40]
[ Info: lp_scores: [5397.0, 5395.0]
[ Info: lp_scores: 5395.0
[ Info: lp_scores: 5397.0
[ Info: current num of unfinished slices: 27, finished slices: 0
                      ┌                                        ┐ 
                   39 ┤■■■■■■■■■■■■■■■■■■■■■■■■■■■■■■■■■■■■■ 5   
                   40 ┤■■■■■■■ 1                                 
                   41 ┤ 0                                        
                   42 ┤ 0                                        
                   43 ┤■■■■■■■ 1                                 
                   44 ┤■■■■■■■ 1                                 
                   45 ┤ 0                                        
                   46 ┤ 0                                        
                   47 ┤■■■■■■■ 1                                 
                   48 ┤■■■■■■■■■■■■■■■■■■■■■■■■■■■■■■■■■■■■■ 5   
   sc, target = 31 49 ┤ 0                                        
                   50 ┤■■■■■■■■■■■■■■■■■■■■■■ 3                  
                   51 ┤■■■■■■■ 1                                 
                   52 ┤■■■■■■■■■■■■■■■ 2                         
                   53 ┤ 0                                        
                   54 ┤■■■■■■■ 1                                 
                   55 ┤ 0                                        
                   56 ┤■■■■■■■ 1                                 
                   57 ┤■■■■■■■■■■■■■■■ 2                         
                   58 ┤■■■■■■■ 1                                 
                   59 ┤■■■■■■■■■■■■■■■ 2                         
                      └                                        ┘ 
                                     num of slices               
[ Info: slicing branch with sc: 39.0
[ Info: cc.sc: 39.0
region size: 10
QIP_gurobi_bound: solver finished in 1.453 s (time_limit=100.0 s, status=OPTIMAL)
[ Info: slice 1, lp_score: 5397.0, primal_bound: 0.0
QIP_gurobi_bound: solver finished in 1.494 s (time_limit=100.0 s, status=OPTIMAL)
[ Info: slice 2, lp_score: 5396.0, primal_bound: 0.0
[ Info: new_scs: [38, 38]
[ Info: lp_scores: [5397.0, 5396.0]
[ Info: lp_scores: 5396.0
[ Info: lp_scores: 5397.0
[ Info: current num of unfinished slices: 28, finished slices: 0
                      ┌                                        ┐ 
                   38 ┤■■■■■■■■■■■■■■■ 2                         
                   39 ┤■■■■■■■■■■■■■■■■■■■■■■■■■■■■■■ 4          
                   40 ┤■■■■■■■ 1                                 
                   41 ┤ 0                                        
                   42 ┤ 0                                        
                   43 ┤■■■■■■■ 1                                 
                   44 ┤■■■■■■■ 1                                 
                   45 ┤ 0                                        
                   46 ┤ 0                                        
                   47 ┤■■■■■■■ 1                                 
   sc, target = 31 48 ┤■■■■■■■■■■■■■■■■■■■■■■■■■■■■■■■■■■■■■ 5   
                   49 ┤ 0                                        
                   50 ┤■■■■■■■■■■■■■■■■■■■■■■ 3                  
                   51 ┤■■■■■■■ 1                                 
                   52 ┤■■■■■■■■■■■■■■■ 2                         
                   53 ┤ 0                                        
                   54 ┤■■■■■■■ 1                                 
                   55 ┤ 0                                        
                   56 ┤■■■■■■■ 1                                 
                   57 ┤■■■■■■■■■■■■■■■ 2                         
                   58 ┤■■■■■■■ 1                                 
                   59 ┤■■■■■■■■■■■■■■■ 2                         
                      └                                        ┘ 
                                     num of slices               
[ Info: slicing branch with sc: 38.0
[ Info: cc.sc: 38.0
region size: 10
QIP_gurobi_bound: solver finished in 1.512 s (time_limit=100.0 s, status=OPTIMAL)
[ Info: slice 1, lp_score: 5389.0, primal_bound: 0.0
QIP_gurobi_bound: solver finished in 1.445 s (time_limit=100.0 s, status=OPTIMAL)
[ Info: slice 2, lp_score: 5397.0, primal_bound: 0.0
[ Info: new_scs: [37, 36]
[ Info: lp_scores: [5397.0, 5389.0]
[ Info: lp_scores: 5389.0
[ Info: lp_scores: 5397.0
[ Info: current num of unfinished slices: 29, finished slices: 0
                      ┌                                        ┐ 
                   36 ┤■■■■■■■ 1                                 
                   37 ┤■■■■■■■ 1                                 
                   38 ┤■■■■■■■ 1                                 
                   39 ┤■■■■■■■■■■■■■■■■■■■■■■■■■■■■■■ 4          
                   40 ┤■■■■■■■ 1                                 
                   41 ┤ 0                                        
                   42 ┤ 0                                        
                   43 ┤■■■■■■■ 1                                 
                   44 ┤■■■■■■■ 1                                 
                   45 ┤ 0                                        
                   46 ┤ 0                                        
   sc, target = 31 47 ┤■■■■■■■ 1                                 
                   48 ┤■■■■■■■■■■■■■■■■■■■■■■■■■■■■■■■■■■■■■ 5   
                   49 ┤ 0                                        
                   50 ┤■■■■■■■■■■■■■■■■■■■■■■ 3                  
                   51 ┤■■■■■■■ 1                                 
                   52 ┤■■■■■■■■■■■■■■■ 2                         
                   53 ┤ 0                                        
                   54 ┤■■■■■■■ 1                                 
                   55 ┤ 0                                        
                   56 ┤■■■■■■■ 1                                 
                   57 ┤■■■■■■■■■■■■■■■ 2                         
                   58 ┤■■■■■■■ 1                                 
                   59 ┤■■■■■■■■■■■■■■■ 2                         
                      └                                        ┘ 
                                     num of slices               
[ Info: slicing branch with sc: 37.0
[ Info: cc.sc: 37.0
region size: 10
QIP_gurobi_bound: solver finished in 1.773 s (time_limit=100.0 s, status=OPTIMAL)
[ Info: slice 1, lp_score: 5397.0, primal_bound: 0.0
QIP_gurobi_bound: solver finished in 1.396 s (time_limit=100.0 s, status=OPTIMAL)
[ Info: slice 2, lp_score: 5393.0, primal_bound: 0.0
[ Info: new_scs: [37, 37]
[ Info: lp_scores: [5397.0, 5393.0]
[ Info: lp_scores: 5393.0
[ Info: lp_scores: 5397.0
[ Info: current num of unfinished slices: 30, finished slices: 0
                      ┌                                        ┐ 
                   36 ┤■■■■■■■ 1                                 
                   37 ┤■■■■■■■■■■■■■■■ 2                         
                   38 ┤■■■■■■■ 1                                 
                   39 ┤■■■■■■■■■■■■■■■■■■■■■■■■■■■■■■ 4          
                   40 ┤■■■■■■■ 1                                 
                   41 ┤ 0                                        
                   42 ┤ 0                                        
                   43 ┤■■■■■■■ 1                                 
                   44 ┤■■■■■■■ 1                                 
                   45 ┤ 0                                        
                   46 ┤ 0                                        
   sc, target = 31 47 ┤■■■■■■■ 1                                 
                   48 ┤■■■■■■■■■■■■■■■■■■■■■■■■■■■■■■■■■■■■■ 5   
                   49 ┤ 0                                        
                   50 ┤■■■■■■■■■■■■■■■■■■■■■■ 3                  
                   51 ┤■■■■■■■ 1                                 
                   52 ┤■■■■■■■■■■■■■■■ 2                         
                   53 ┤ 0                                        
                   54 ┤■■■■■■■ 1                                 
                   55 ┤ 0                                        
                   56 ┤■■■■■■■ 1                                 
                   57 ┤■■■■■■■■■■■■■■■ 2                         
                   58 ┤■■■■■■■ 1                                 
                   59 ┤■■■■■■■■■■■■■■■ 2                         
                      └                                        ┘ 
                                     num of slices               
[ Info: slicing branch with sc: 37.0
[ Info: cc.sc: 37.0
region size: 10
QIP_gurobi_bound: solver finished in 1.65 s (time_limit=100.0 s, status=OPTIMAL)
[ Info: slice 1, lp_score: 5397.0, primal_bound: 0.0
QIP_gurobi_bound: solver finished in 1.45 s (time_limit=100.0 s, status=OPTIMAL)
[ Info: slice 2, lp_score: 5397.0, primal_bound: 0.0
[ Info: new_scs: [36, 37]
[ Info: lp_scores: [5397.0, 5397.0]
[ Info: lp_scores: 5397.0
[ Info: lp_scores: 5397.0
[ Info: current num of unfinished slices: 31, finished slices: 0
                      ┌                                        ┐ 
                   36 ┤■■■■■■■■■■■■■■■ 2                         
                   37 ┤■■■■■■■■■■■■■■■ 2                         
                   38 ┤■■■■■■■ 1                                 
                   39 ┤■■■■■■■■■■■■■■■■■■■■■■■■■■■■■■ 4          
                   40 ┤■■■■■■■ 1                                 
                   41 ┤ 0                                        
                   42 ┤ 0                                        
                   43 ┤■■■■■■■ 1                                 
                   44 ┤■■■■■■■ 1                                 
                   45 ┤ 0                                        
                   46 ┤ 0                                        
   sc, target = 31 47 ┤■■■■■■■ 1                                 
                   48 ┤■■■■■■■■■■■■■■■■■■■■■■■■■■■■■■■■■■■■■ 5   
                   49 ┤ 0                                        
                   50 ┤■■■■■■■■■■■■■■■■■■■■■■ 3                  
                   51 ┤■■■■■■■ 1                                 
                   52 ┤■■■■■■■■■■■■■■■ 2                         
                   53 ┤ 0                                        
                   54 ┤■■■■■■■ 1                                 
                   55 ┤ 0                                        
                   56 ┤■■■■■■■ 1                                 
                   57 ┤■■■■■■■■■■■■■■■ 2                         
                   58 ┤■■■■■■■ 1                                 
                   59 ┤■■■■■■■■■■■■■■■ 2                         
                      └                                        ┘ 
                                     num of slices               
[ Info: slicing branch with sc: 36.0
[ Info: cc.sc: 36.0
region size: 10
QIP_gurobi_bound: solver finished in 1.687 s (time_limit=100.0 s, status=OPTIMAL)
[ Info: slice 1, lp_score: 5397.0, primal_bound: 0.0
QIP_gurobi_bound: solver finished in 1.788 s (time_limit=100.0 s, status=OPTIMAL)
[ Info: slice 2, lp_score: 5396.0, primal_bound: 0.0
[ Info: new_scs: [35, 35]
[ Info: lp_scores: [5397.0, 5396.0]
[ Info: lp_scores: 5396.0
[ Info: lp_scores: 5397.0
[ Info: current num of unfinished slices: 32, finished slices: 0
                      ┌                                        ┐ 
                   35 ┤■■■■■■■■■■■■■■■ 2                         
                   36 ┤■■■■■■■ 1                                 
                   37 ┤■■■■■■■■■■■■■■■ 2                         
                   38 ┤■■■■■■■ 1                                 
                   39 ┤■■■■■■■■■■■■■■■■■■■■■■■■■■■■■■ 4          
                   40 ┤■■■■■■■ 1                                 
                   41 ┤ 0                                        
                   42 ┤ 0                                        
                   43 ┤■■■■■■■ 1                                 
                   44 ┤■■■■■■■ 1                                 
                   45 ┤ 0                                        
                   46 ┤ 0                                        
   sc, target = 31 47 ┤■■■■■■■ 1                                 
                   48 ┤■■■■■■■■■■■■■■■■■■■■■■■■■■■■■■■■■■■■■ 5   
                   49 ┤ 0                                        
                   50 ┤■■■■■■■■■■■■■■■■■■■■■■ 3                  
                   51 ┤■■■■■■■ 1                                 
                   52 ┤■■■■■■■■■■■■■■■ 2                         
                   53 ┤ 0                                        
                   54 ┤■■■■■■■ 1                                 
                   55 ┤ 0                                        
                   56 ┤■■■■■■■ 1                                 
                   57 ┤■■■■■■■■■■■■■■■ 2                         
                   58 ┤■■■■■■■ 1                                 
                   59 ┤■■■■■■■■■■■■■■■ 2                         
                      └                                        ┘ 
                                     num of slices               
[ Info: slicing branch with sc: 35.0
[ Info: cc.sc: 35.0
region size: 10
QIP_gurobi_bound: solver finished in 1.806 s (time_limit=100.0 s, status=OPTIMAL)
[ Info: slice 1, lp_score: 5397.0, primal_bound: 0.0
[ Info: new_scs: [34]
[ Info: lp_scores: [5397.0]
[ Info: lp_scores: 5397.0
[ Info: current num of unfinished slices: 32, finished slices: 0
                      ┌                                        ┐ 
                   34 ┤■■■■■■■ 1                                 
                   35 ┤■■■■■■■ 1                                 
                   36 ┤■■■■■■■ 1                                 
                   37 ┤■■■■■■■■■■■■■■■ 2                         
                   38 ┤■■■■■■■ 1                                 
                   39 ┤■■■■■■■■■■■■■■■■■■■■■■■■■■■■■■ 4          
                   40 ┤■■■■■■■ 1                                 
                   41 ┤ 0                                        
                   42 ┤ 0                                        
                   43 ┤■■■■■■■ 1                                 
                   44 ┤■■■■■■■ 1                                 
                   45 ┤ 0                                        
   sc, target = 31 46 ┤ 0                                        
                   47 ┤■■■■■■■ 1                                 
                   48 ┤■■■■■■■■■■■■■■■■■■■■■■■■■■■■■■■■■■■■■ 5   
                   49 ┤ 0                                        
                   50 ┤■■■■■■■■■■■■■■■■■■■■■■ 3                  
                   51 ┤■■■■■■■ 1                                 
                   52 ┤■■■■■■■■■■■■■■■ 2                         
                   53 ┤ 0                                        
                   54 ┤■■■■■■■ 1                                 
                   55 ┤ 0                                        
                   56 ┤■■■■■■■ 1                                 
                   57 ┤■■■■■■■■■■■■■■■ 2                         
                   58 ┤■■■■■■■ 1                                 
                   59 ┤■■■■■■■■■■■■■■■ 2                         
                      └                                        ┘ 
                                     num of slices               
[ Info: slicing branch with sc: 34.0
[ Info: cc.sc: 34.0
region size: 10
QIP_gurobi_bound: solver finished in 1.663 s (time_limit=100.0 s, status=OPTIMAL)
[ Info: slice 1, lp_score: 5397.0, primal_bound: 0.0
QIP_gurobi_bound: solver finished in 1.771 s (time_limit=100.0 s, status=OPTIMAL)
[ Info: slice 2, lp_score: 5388.0, primal_bound: 0.0
[ Info: new_scs: [33, 32]
[ Info: lp_scores: [5397.0, 5388.0]
[ Info: lp_scores: 5388.0
[ Info: lp_scores: 5397.0
[ Info: current num of unfinished slices: 33, finished slices: 0
                      ┌                                        ┐ 
                   32 ┤■■■■■■■ 1                                 
                   33 ┤■■■■■■■ 1                                 
                   34 ┤ 0                                        
                   35 ┤■■■■■■■ 1                                 
                   36 ┤■■■■■■■ 1                                 
                   37 ┤■■■■■■■■■■■■■■■ 2                         
                   38 ┤■■■■■■■ 1                                 
                   39 ┤■■■■■■■■■■■■■■■■■■■■■■■■■■■■■■ 4          
                   40 ┤■■■■■■■ 1                                 
                   41 ┤ 0                                        
                   42 ┤ 0                                        
                   43 ┤■■■■■■■ 1                                 
                   44 ┤■■■■■■■ 1                                 
   sc, target = 31 45 ┤ 0                                        
                   46 ┤ 0                                        
                   47 ┤■■■■■■■ 1                                 
                   48 ┤■■■■■■■■■■■■■■■■■■■■■■■■■■■■■■■■■■■■■ 5   
                   49 ┤ 0                                        
                   50 ┤■■■■■■■■■■■■■■■■■■■■■■ 3                  
                   51 ┤■■■■■■■ 1                                 
                   52 ┤■■■■■■■■■■■■■■■ 2                         
                   53 ┤ 0                                        
                   54 ┤■■■■■■■ 1                                 
                   55 ┤ 0                                        
                   56 ┤■■■■■■■ 1                                 
                   57 ┤■■■■■■■■■■■■■■■ 2                         
                   58 ┤■■■■■■■ 1                                 
                   59 ┤■■■■■■■■■■■■■■■ 2                         
                      └                                        ┘ 
                                     num of slices               
[ Info: slicing branch with sc: 33.0
[ Info: cc.sc: 33.0
region size: 10
QIP_gurobi_bound: solver finished in 1.576 s (time_limit=100.0 s, status=OPTIMAL)
[ Info: slice 1, lp_score: 5397.0, primal_bound: 0.0
QIP_gurobi_bound: solver finished in 1.877 s (time_limit=100.0 s, status=OPTIMAL)
[ Info: slice 2, lp_score: 5397.0, primal_bound: 0.0
[ Info: new_scs: [32, 32]
[ Info: lp_scores: [5397.0, 5397.0]
[ Info: lp_scores: 5397.0
[ Info: lp_scores: 5397.0
[ Info: current num of unfinished slices: 34, finished slices: 0
                      ┌                                        ┐ 
                   32 ┤■■■■■■■■■■■■■■■■■■■■■■ 3                  
                   33 ┤ 0                                        
                   34 ┤ 0                                        
                   35 ┤■■■■■■■ 1                                 
                   36 ┤■■■■■■■ 1                                 
                   37 ┤■■■■■■■■■■■■■■■ 2                         
                   38 ┤■■■■■■■ 1                                 
                   39 ┤■■■■■■■■■■■■■■■■■■■■■■■■■■■■■■ 4          
                   40 ┤■■■■■■■ 1                                 
                   41 ┤ 0                                        
                   42 ┤ 0                                        
                   43 ┤■■■■■■■ 1                                 
                   44 ┤■■■■■■■ 1                                 
   sc, target = 31 45 ┤ 0                                        
                   46 ┤ 0                                        
                   47 ┤■■■■■■■ 1                                 
                   48 ┤■■■■■■■■■■■■■■■■■■■■■■■■■■■■■■■■■■■■■ 5   
                   49 ┤ 0                                        
                   50 ┤■■■■■■■■■■■■■■■■■■■■■■ 3                  
                   51 ┤■■■■■■■ 1                                 
                   52 ┤■■■■■■■■■■■■■■■ 2                         
                   53 ┤ 0                                        
                   54 ┤■■■■■■■ 1                                 
                   55 ┤ 0                                        
                   56 ┤■■■■■■■ 1                                 
                   57 ┤■■■■■■■■■■■■■■■ 2                         
                   58 ┤■■■■■■■ 1                                 
                   59 ┤■■■■■■■■■■■■■■■ 2                         
                      └                                        ┘ 
                                     num of slices               
[ Info: slicing branch with sc: 32.0
[ Info: cc.sc: 32.0
region size: 10
QIP_gurobi_bound: solver finished in 1.564 s (time_limit=100.0 s, status=OPTIMAL)
[ Info: slice 1, lp_score: 5397.0, primal_bound: 0.0
QIP_gurobi_bound: solver finished in 1.413 s (time_limit=100.0 s, status=OPTIMAL)
[ Info: slice 2, lp_score: 5393.0, primal_bound: 0.0
[ Info: new_scs: [31, 31]
[ Info: lp_scores: [5397.0, 5393.0]
[ Info: lp_scores: 5393.0
[ Info: lp_scores: 5397.0
[ Info: current num of unfinished slices: 35, finished slices: 0
                      ┌                                        ┐ 
                   31 ┤■■■■■■■■■■■■■■■ 2                         
                   32 ┤■■■■■■■■■■■■■■■ 2                         
                   33 ┤ 0                                        
                   34 ┤ 0                                        
                   35 ┤■■■■■■■ 1                                 
                   36 ┤■■■■■■■ 1                                 
                   37 ┤■■■■■■■■■■■■■■■ 2                         
                   38 ┤■■■■■■■ 1                                 
                   39 ┤■■■■■■■■■■■■■■■■■■■■■■■■■■■■■■ 4          
                   40 ┤■■■■■■■ 1                                 
                   41 ┤ 0                                        
                   42 ┤ 0                                        
                   43 ┤■■■■■■■ 1                                 
                   44 ┤■■■■■■■ 1                                 
   sc, target = 31 45 ┤ 0                                        
                   46 ┤ 0                                        
                   47 ┤■■■■■■■ 1                                 
                   48 ┤■■■■■■■■■■■■■■■■■■■■■■■■■■■■■■■■■■■■■ 5   
                   49 ┤ 0                                        
                   50 ┤■■■■■■■■■■■■■■■■■■■■■■ 3                  
                   51 ┤■■■■■■■ 1                                 
                   52 ┤■■■■■■■■■■■■■■■ 2                         
                   53 ┤ 0                                        
                   54 ┤■■■■■■■ 1                                 
                   55 ┤ 0                                        
                   56 ┤■■■■■■■ 1                                 
                   57 ┤■■■■■■■■■■■■■■■ 2                         
                   58 ┤■■■■■■■ 1                                 
                   59 ┤■■■■■■■■■■■■■■■ 2                         
                      └                                        ┘ 
                                     num of slices               
[ Info: slicing branch with sc: 31.0
  [slice produced] sc=31.0 tc=45.10721236719127 nv=3542 ne=6912 r=56.0
QIP_value_gurobi: solver finished in 1.568 s (time_limit=604800.0 s, status=OPTIMAL)
[ Info: feasible solution: 5397.0, primal bound: 5397.0
[ Info: current num of unfinished slices: 34, finished slices: 1
                      ┌                                        ┐ 
                   31 ┤■■■■■■■ 1                                 
                   32 ┤■■■■■■■■■■■■■■■ 2                         
                   33 ┤ 0                                        
                   34 ┤ 0                                        
                   35 ┤■■■■■■■ 1                                 
                   36 ┤■■■■■■■ 1                                 
                   37 ┤■■■■■■■■■■■■■■■ 2                         
                   38 ┤■■■■■■■ 1                                 
                   39 ┤■■■■■■■■■■■■■■■■■■■■■■■■■■■■■■ 4          
                   40 ┤■■■■■■■ 1                                 
                   41 ┤ 0                                        
                   42 ┤ 0                                        
                   43 ┤■■■■■■■ 1                                 
                   44 ┤■■■■■■■ 1                                 
   sc, target = 31 45 ┤ 0                                        
                   46 ┤ 0                                        
                   47 ┤■■■■■■■ 1                                 
                   48 ┤■■■■■■■■■■■■■■■■■■■■■■■■■■■■■■■■■■■■■ 5   
                   49 ┤ 0                                        
                   50 ┤■■■■■■■■■■■■■■■■■■■■■■ 3                  
                   51 ┤■■■■■■■ 1                                 
                   52 ┤■■■■■■■■■■■■■■■ 2                         
                   53 ┤ 0                                        
                   54 ┤■■■■■■■ 1                                 
                   55 ┤ 0                                        
                   56 ┤■■■■■■■ 1                                 
                   57 ┤■■■■■■■■■■■■■■■ 2                         
                   58 ┤■■■■■■■ 1                                 
                   59 ┤■■■■■■■■■■■■■■■ 2                         
                      └                                        ┘ 
                                     num of slices               
[ Info: slicing branch with sc: 31.0
  [slice produced] sc=31.0 tc=45.146615109418896 nv=3542 ne=6912 r=55.0
QIP_value_gurobi: solver finished in 1.395 s (time_limit=604800.0 s, status=OPTIMAL)
[ Info: feasible solution: 5393.0, primal bound: 5397.0
[ Info: current num of unfinished slices: 33, finished slices: 2
                      ┌                                        ┐ 
                   32 ┤■■■■■■■■■■■■■■■ 2                         
                   33 ┤ 0                                        
                   34 ┤ 0                                        
                   35 ┤■■■■■■■ 1                                 
                   36 ┤■■■■■■■ 1                                 
                   37 ┤■■■■■■■■■■■■■■■ 2                         
                   38 ┤■■■■■■■ 1                                 
                   39 ┤■■■■■■■■■■■■■■■■■■■■■■■■■■■■■■ 4          
                   40 ┤■■■■■■■ 1                                 
                   41 ┤ 0                                        
                   42 ┤ 0                                        
                   43 ┤■■■■■■■ 1                                 
                   44 ┤■■■■■■■ 1                                 
   sc, target = 31 45 ┤ 0                                        
                   46 ┤ 0                                        
                   47 ┤■■■■■■■ 1                                 
                   48 ┤■■■■■■■■■■■■■■■■■■■■■■■■■■■■■■■■■■■■■ 5   
                   49 ┤ 0                                        
                   50 ┤■■■■■■■■■■■■■■■■■■■■■■ 3                  
                   51 ┤■■■■■■■ 1                                 
                   52 ┤■■■■■■■■■■■■■■■ 2                         
                   53 ┤ 0                                        
                   54 ┤■■■■■■■ 1                                 
                   55 ┤ 0                                        
                   56 ┤■■■■■■■ 1                                 
                   57 ┤■■■■■■■■■■■■■■■ 2                         
                   58 ┤■■■■■■■ 1                                 
                   59 ┤■■■■■■■■■■■■■■■ 2                         
                      └                                        ┘ 
                                     num of slices               
[ Info: slicing branch with sc: 32.0
[ Info: cc.sc: 32.0
region size: 10
tbl0_rows:29 filtered_rows:29
QIP_gurobi_bound: solver finished in 1.466 s (time_limit=100.0 s, status=OPTIMAL)
[ Info: slice 1, lp_score: 5392.0, primal_bound: 5397.0
QIP_gurobi_bound: solver finished in 1.781 s (time_limit=100.0 s, status=OPTIMAL)
[ Info: slice 2, lp_score: 5397.0, primal_bound: 5397.0
[ Info: new_scs: [31]
[ Info: lp_scores: [5397.0]
[ Info: lp_scores: 5397.0
[ Info: current num of unfinished slices: 33, finished slices: 2
                      ┌                                        ┐ 
                   31 ┤■■■■■■■ 1                                 
                   32 ┤■■■■■■■ 1                                 
                   33 ┤ 0                                        
                   34 ┤ 0                                        
                   35 ┤■■■■■■■ 1                                 
                   36 ┤■■■■■■■ 1                                 
                   37 ┤■■■■■■■■■■■■■■■ 2                         
                   38 ┤■■■■■■■ 1                                 
                   39 ┤■■■■■■■■■■■■■■■■■■■■■■■■■■■■■■ 4          
                   40 ┤■■■■■■■ 1                                 
                   41 ┤ 0                                        
                   42 ┤ 0                                        
                   43 ┤■■■■■■■ 1                                 
                   44 ┤■■■■■■■ 1                                 
   sc, target = 31 45 ┤ 0                                        
                   46 ┤ 0                                        
                   47 ┤■■■■■■■ 1                                 
                   48 ┤■■■■■■■■■■■■■■■■■■■■■■■■■■■■■■■■■■■■■ 5   
                   49 ┤ 0                                        
                   50 ┤■■■■■■■■■■■■■■■■■■■■■■ 3                  
                   51 ┤■■■■■■■ 1                                 
                   52 ┤■■■■■■■■■■■■■■■ 2                         
                   53 ┤ 0                                        
                   54 ┤■■■■■■■ 1                                 
                   55 ┤ 0                                        
                   56 ┤■■■■■■■ 1                                 
                   57 ┤■■■■■■■■■■■■■■■ 2                         
                   58 ┤■■■■■■■ 1                                 
                   59 ┤■■■■■■■■■■■■■■■ 2                         
                      └                                        ┘ 
                                     num of slices               
[ Info: slicing branch with sc: 31.0
  [slice produced] sc=31.0 tc=45.629183578869544 nv=3544 ne=6916 r=56.0
QIP_value_gurobi: solver finished in 1.783 s (time_limit=604800.0 s, status=OPTIMAL)
[ Info: feasible solution: 5397.0, primal bound: 5397.0
[ Info: current num of unfinished slices: 32, finished slices: 3
                      ┌                                        ┐ 
                   32 ┤■■■■■■■ 1                                 
                   33 ┤ 0                                        
                   34 ┤ 0                                        
                   35 ┤■■■■■■■ 1                                 
                   36 ┤■■■■■■■ 1                                 
                   37 ┤■■■■■■■■■■■■■■■ 2                         
                   38 ┤■■■■■■■ 1                                 
                   39 ┤■■■■■■■■■■■■■■■■■■■■■■■■■■■■■■ 4          
                   40 ┤■■■■■■■ 1                                 
                   41 ┤ 0                                        
                   42 ┤ 0                                        
                   43 ┤■■■■■■■ 1                                 
                   44 ┤■■■■■■■ 1                                 
   sc, target = 31 45 ┤ 0                                        
                   46 ┤ 0                                        
                   47 ┤■■■■■■■ 1                                 
                   48 ┤■■■■■■■■■■■■■■■■■■■■■■■■■■■■■■■■■■■■■ 5   
                   49 ┤ 0                                        
                   50 ┤■■■■■■■■■■■■■■■■■■■■■■ 3                  
                   51 ┤■■■■■■■ 1                                 
                   52 ┤■■■■■■■■■■■■■■■ 2                         
                   53 ┤ 0                                        
                   54 ┤■■■■■■■ 1                                 
                   55 ┤ 0                                        
                   56 ┤■■■■■■■ 1                                 
                   57 ┤■■■■■■■■■■■■■■■ 2                         
                   58 ┤■■■■■■■ 1                                 
                   59 ┤■■■■■■■■■■■■■■■ 2                         
                      └                                        ┘ 
                                     num of slices               
[ Info: slicing branch with sc: 32.0
[ Info: cc.sc: 32.0
region size: 10
tbl0_rows:51 filtered_rows:51
QIP_gurobi_bound: solver finished in 1.81 s (time_limit=100.0 s, status=OPTIMAL)
[ Info: slice 1, lp_score: 5388.0, primal_bound: 5397.0
QIP_gurobi_bound: solver finished in 1.504 s (time_limit=100.0 s, status=OPTIMAL)
[ Info: slice 2, lp_score: 5388.0, primal_bound: 5397.0
[ Info: new_scs: Int64[]
[ Info: lp_scores: Float64[]
[ Info: current num of unfinished slices: 31, finished slices: 3
                      ┌                                        ┐ 
                   35 ┤■■■■■■■ 1                                 
                   36 ┤■■■■■■■ 1                                 
                   37 ┤■■■■■■■■■■■■■■■ 2                         
                   38 ┤■■■■■■■ 1                                 
                   39 ┤■■■■■■■■■■■■■■■■■■■■■■■■■■■■■■ 4          
                   40 ┤■■■■■■■ 1                                 
                   41 ┤ 0                                        
                   42 ┤ 0                                        
                   43 ┤■■■■■■■ 1                                 
                   44 ┤■■■■■■■ 1                                 
                   45 ┤ 0                                        
                   46 ┤ 0                                        
   sc, target = 31 47 ┤■■■■■■■ 1                                 
                   48 ┤■■■■■■■■■■■■■■■■■■■■■■■■■■■■■■■■■■■■■ 5   
                   49 ┤ 0                                        
                   50 ┤■■■■■■■■■■■■■■■■■■■■■■ 3                  
                   51 ┤■■■■■■■ 1                                 
                   52 ┤■■■■■■■■■■■■■■■ 2                         
                   53 ┤ 0                                        
                   54 ┤■■■■■■■ 1                                 
                   55 ┤ 0                                        
                   56 ┤■■■■■■■ 1                                 
                   57 ┤■■■■■■■■■■■■■■■ 2                         
                   58 ┤■■■■■■■ 1                                 
                   59 ┤■■■■■■■■■■■■■■■ 2                         
                      └                                        ┘ 
                                     num of slices               
[ Info: slicing branch with sc: 35.0
[ Info: cc.sc: 35.0
region size: 10
tbl0_rows:10 filtered_rows:10
QIP_gurobi_bound: solver finished in 1.577 s (time_limit=100.0 s, status=OPTIMAL)
[ Info: slice 1, lp_score: 5396.0, primal_bound: 5397.0
[ Info: new_scs: Int64[]
[ Info: lp_scores: Float64[]
[ Info: current num of unfinished slices: 30, finished slices: 3
                      ┌                                        ┐ 
                   36 ┤■■■■■■■ 1                                 
                   37 ┤■■■■■■■■■■■■■■■ 2                         
                   38 ┤■■■■■■■ 1                                 
                   39 ┤■■■■■■■■■■■■■■■■■■■■■■■■■■■■■■ 4          
                   40 ┤■■■■■■■ 1                                 
                   41 ┤ 0                                        
                   42 ┤ 0                                        
                   43 ┤■■■■■■■ 1                                 
                   44 ┤■■■■■■■ 1                                 
                   45 ┤ 0                                        
                   46 ┤ 0                                        
   sc, target = 31 47 ┤■■■■■■■ 1                                 
                   48 ┤■■■■■■■■■■■■■■■■■■■■■■■■■■■■■■■■■■■■■ 5   
                   49 ┤ 0                                        
                   50 ┤■■■■■■■■■■■■■■■■■■■■■■ 3                  
                   51 ┤■■■■■■■ 1                                 
                   52 ┤■■■■■■■■■■■■■■■ 2                         
                   53 ┤ 0                                        
                   54 ┤■■■■■■■ 1                                 
                   55 ┤ 0                                        
                   56 ┤■■■■■■■ 1                                 
                   57 ┤■■■■■■■■■■■■■■■ 2                         
                   58 ┤■■■■■■■ 1                                 
                   59 ┤■■■■■■■■■■■■■■■ 2                         
                      └                                        ┘ 
                                     num of slices               
[ Info: slicing branch with sc: 37.0
[ Info: cc.sc: 37.0
region size: 10
tbl0_rows:19 filtered_rows:19
QIP_gurobi_bound: solver finished in 1.478 s (time_limit=100.0 s, status=OPTIMAL)
[ Info: slice 1, lp_score: 5397.0, primal_bound: 5397.0
QIP_gurobi_bound: solver finished in 1.866 s (time_limit=100.0 s, status=OPTIMAL)
[ Info: slice 2, lp_score: 5396.0, primal_bound: 5397.0
[ Info: new_scs: [35]
[ Info: lp_scores: [5397.0]
[ Info: lp_scores: 5397.0
[ Info: current num of unfinished slices: 30, finished slices: 3
                      ┌                                        ┐ 
                   35 ┤■■■■■■■ 1                                 
                   36 ┤■■■■■■■ 1                                 
                   37 ┤■■■■■■■ 1                                 
                   38 ┤■■■■■■■ 1                                 
                   39 ┤■■■■■■■■■■■■■■■■■■■■■■■■■■■■■■ 4          
                   40 ┤■■■■■■■ 1                                 
                   41 ┤ 0                                        
                   42 ┤ 0                                        
                   43 ┤■■■■■■■ 1                                 
                   44 ┤■■■■■■■ 1                                 
                   45 ┤ 0                                        
                   46 ┤ 0                                        
   sc, target = 31 47 ┤■■■■■■■ 1                                 
                   48 ┤■■■■■■■■■■■■■■■■■■■■■■■■■■■■■■■■■■■■■ 5   
                   49 ┤ 0                                        
                   50 ┤■■■■■■■■■■■■■■■■■■■■■■ 3                  
                   51 ┤■■■■■■■ 1                                 
                   52 ┤■■■■■■■■■■■■■■■ 2                         
                   53 ┤ 0                                        
                   54 ┤■■■■■■■ 1                                 
                   55 ┤ 0                                        
                   56 ┤■■■■■■■ 1                                 
                   57 ┤■■■■■■■■■■■■■■■ 2                         
                   58 ┤■■■■■■■ 1                                 
                   59 ┤■■■■■■■■■■■■■■■ 2                         
                      └                                        ┘ 
                                     num of slices               
[ Info: slicing branch with sc: 35.0
[ Info: cc.sc: 35.0
region size: 10
tbl0_rows:51 filtered_rows:51
QIP_gurobi_bound: solver finished in 1.463 s (time_limit=100.0 s, status=OPTIMAL)
[ Info: slice 1, lp_score: 5397.0, primal_bound: 5397.0
QIP_gurobi_bound: solver finished in 1.484 s (time_limit=100.0 s, status=OPTIMAL)
[ Info: slice 2, lp_score: 5397.0, primal_bound: 5397.0
[ Info: new_scs: [34, 34]
[ Info: lp_scores: [5397.0, 5397.0]
[ Info: lp_scores: 5397.0
[ Info: lp_scores: 5397.0
[ Info: current num of unfinished slices: 31, finished slices: 3
                      ┌                                        ┐ 
                   34 ┤■■■■■■■■■■■■■■■ 2                         
                   35 ┤ 0                                        
                   36 ┤■■■■■■■ 1                                 
                   37 ┤■■■■■■■ 1                                 
                   38 ┤■■■■■■■ 1                                 
                   39 ┤■■■■■■■■■■■■■■■■■■■■■■■■■■■■■■ 4          
                   40 ┤■■■■■■■ 1                                 
                   41 ┤ 0                                        
                   42 ┤ 0                                        
                   43 ┤■■■■■■■ 1                                 
                   44 ┤■■■■■■■ 1                                 
                   45 ┤ 0                                        
   sc, target = 31 46 ┤ 0                                        
                   47 ┤■■■■■■■ 1                                 
                   48 ┤■■■■■■■■■■■■■■■■■■■■■■■■■■■■■■■■■■■■■ 5   
                   49 ┤ 0                                        
                   50 ┤■■■■■■■■■■■■■■■■■■■■■■ 3                  
                   51 ┤■■■■■■■ 1                                 
                   52 ┤■■■■■■■■■■■■■■■ 2                         
                   53 ┤ 0                                        
                   54 ┤■■■■■■■ 1                                 
                   55 ┤ 0                                        
                   56 ┤■■■■■■■ 1                                 
                   57 ┤■■■■■■■■■■■■■■■ 2                         
                   58 ┤■■■■■■■ 1                                 
                   59 ┤■■■■■■■■■■■■■■■ 2                         
                      └                                        ┘ 
                                     num of slices               
[ Info: slicing branch with sc: 34.0
[ Info: cc.sc: 34.0
region size: 10
tbl0_rows:62 filtered_rows:62
QIP_gurobi_bound: solver finished in 1.662 s (time_limit=100.0 s, status=OPTIMAL)
[ Info: slice 1, lp_score: 5393.0, primal_bound: 5397.0
QIP_gurobi_bound: solver finished in 1.762 s (time_limit=100.0 s, status=OPTIMAL)
[ Info: slice 2, lp_score: 5397.0, primal_bound: 5397.0
[ Info: new_scs: [33]
[ Info: lp_scores: [5397.0]
[ Info: lp_scores: 5397.0
[ Info: current num of unfinished slices: 31, finished slices: 3
                      ┌                                        ┐ 
                   33 ┤■■■■■■■ 1                                 
                   34 ┤■■■■■■■ 1                                 
                   35 ┤ 0                                        
                   36 ┤■■■■■■■ 1                                 
                   37 ┤■■■■■■■ 1                                 
                   38 ┤■■■■■■■ 1                                 
                   39 ┤■■■■■■■■■■■■■■■■■■■■■■■■■■■■■■ 4          
                   40 ┤■■■■■■■ 1                                 
                   41 ┤ 0                                        
                   42 ┤ 0                                        
                   43 ┤■■■■■■■ 1                                 
                   44 ┤■■■■■■■ 1                                 
                   45 ┤ 0                                        
   sc, target = 31 46 ┤ 0                                        
                   47 ┤■■■■■■■ 1                                 
                   48 ┤■■■■■■■■■■■■■■■■■■■■■■■■■■■■■■■■■■■■■ 5   
                   49 ┤ 0                                        
                   50 ┤■■■■■■■■■■■■■■■■■■■■■■ 3                  
                   51 ┤■■■■■■■ 1                                 
                   52 ┤■■■■■■■■■■■■■■■ 2                         
                   53 ┤ 0                                        
                   54 ┤■■■■■■■ 1                                 
                   55 ┤ 0                                        
                   56 ┤■■■■■■■ 1                                 
                   57 ┤■■■■■■■■■■■■■■■ 2                         
                   58 ┤■■■■■■■ 1                                 
                   59 ┤■■■■■■■■■■■■■■■ 2                         
                      └                                        ┘ 
                                     num of slices               
[ Info: slicing branch with sc: 33.0
[ Info: cc.sc: 33.0
region size: 10
tbl0_rows:10 filtered_rows:10
QIP_gurobi_bound: solver finished in 1.841 s (time_limit=100.0 s, status=OPTIMAL)
[ Info: slice 1, lp_score: 5397.0, primal_bound: 5397.0
[ Info: new_scs: [32]
[ Info: lp_scores: [5397.0]
[ Info: lp_scores: 5397.0
[ Info: current num of unfinished slices: 31, finished slices: 3
                      ┌                                        ┐ 
                   32 ┤■■■■■■■ 1                                 
                   33 ┤ 0                                        
                   34 ┤■■■■■■■ 1                                 
                   35 ┤ 0                                        
                   36 ┤■■■■■■■ 1                                 
                   37 ┤■■■■■■■ 1                                 
                   38 ┤■■■■■■■ 1                                 
                   39 ┤■■■■■■■■■■■■■■■■■■■■■■■■■■■■■■ 4          
                   40 ┤■■■■■■■ 1                                 
                   41 ┤ 0                                        
                   42 ┤ 0                                        
                   43 ┤■■■■■■■ 1                                 
                   44 ┤■■■■■■■ 1                                 
   sc, target = 31 45 ┤ 0                                        
                   46 ┤ 0                                        
                   47 ┤■■■■■■■ 1                                 
                   48 ┤■■■■■■■■■■■■■■■■■■■■■■■■■■■■■■■■■■■■■ 5   
                   49 ┤ 0                                        
                   50 ┤■■■■■■■■■■■■■■■■■■■■■■ 3                  
                   51 ┤■■■■■■■ 1                                 
                   52 ┤■■■■■■■■■■■■■■■ 2                         
                   53 ┤ 0                                        
                   54 ┤■■■■■■■ 1                                 
                   55 ┤ 0                                        
                   56 ┤■■■■■■■ 1                                 
                   57 ┤■■■■■■■■■■■■■■■ 2                         
                   58 ┤■■■■■■■ 1                                 
                   59 ┤■■■■■■■■■■■■■■■ 2                         
                      └                                        ┘ 
                                     num of slices               
[ Info: slicing branch with sc: 32.0
[ Info: cc.sc: 32.0
region size: 10
tbl0_rows:37 filtered_rows:37
QIP_gurobi_bound: solver finished in 1.468 s (time_limit=100.0 s, status=OPTIMAL)
[ Info: slice 1, lp_score: 5393.0, primal_bound: 5397.0
QIP_gurobi_bound: solver finished in 1.93 s (time_limit=100.0 s, status=OPTIMAL)
[ Info: slice 2, lp_score: 5397.0, primal_bound: 5397.0
[ Info: new_scs: [31]
[ Info: lp_scores: [5397.0]
[ Info: lp_scores: 5397.0
[ Info: current num of unfinished slices: 31, finished slices: 3
                      ┌                                        ┐ 
                   31 ┤■■■■■■■ 1                                 
                   32 ┤ 0                                        
                   33 ┤ 0                                        
                   34 ┤■■■■■■■ 1                                 
                   35 ┤ 0                                        
                   36 ┤■■■■■■■ 1                                 
                   37 ┤■■■■■■■ 1                                 
                   38 ┤■■■■■■■ 1                                 
                   39 ┤■■■■■■■■■■■■■■■■■■■■■■■■■■■■■■ 4          
                   40 ┤■■■■■■■ 1                                 
                   41 ┤ 0                                        
                   42 ┤ 0                                        
                   43 ┤■■■■■■■ 1                                 
                   44 ┤■■■■■■■ 1                                 
   sc, target = 31 45 ┤ 0                                        
                   46 ┤ 0                                        
                   47 ┤■■■■■■■ 1                                 
                   48 ┤■■■■■■■■■■■■■■■■■■■■■■■■■■■■■■■■■■■■■ 5   
                   49 ┤ 0                                        
                   50 ┤■■■■■■■■■■■■■■■■■■■■■■ 3                  
                   51 ┤■■■■■■■ 1                                 
                   52 ┤■■■■■■■■■■■■■■■ 2                         
                   53 ┤ 0                                        
                   54 ┤■■■■■■■ 1                                 
                   55 ┤ 0                                        
                   56 ┤■■■■■■■ 1                                 
                   57 ┤■■■■■■■■■■■■■■■ 2                         
                   58 ┤■■■■■■■ 1                                 
                   59 ┤■■■■■■■■■■■■■■■ 2                         
                      └                                        ┘ 
                                     num of slices               
[ Info: slicing branch with sc: 31.0
  [slice produced] sc=31.0 tc=44.68689486570327 nv=3547 ne=6922 r=48.5
QIP_value_gurobi: solver finished in 1.901 s (time_limit=604800.0 s, status=OPTIMAL)
[ Info: feasible solution: 5397.0, primal bound: 5397.0
[ Info: current num of unfinished slices: 30, finished slices: 4
                      ┌                                        ┐ 
                   34 ┤■■■■■■■ 1                                 
                   35 ┤ 0                                        
                   36 ┤■■■■■■■ 1                                 
                   37 ┤■■■■■■■ 1                                 
                   38 ┤■■■■■■■ 1                                 
                   39 ┤■■■■■■■■■■■■■■■■■■■■■■■■■■■■■■ 4          
                   40 ┤■■■■■■■ 1                                 
                   41 ┤ 0                                        
                   42 ┤ 0                                        
                   43 ┤■■■■■■■ 1                                 
                   44 ┤■■■■■■■ 1                                 
                   45 ┤ 0                                        
   sc, target = 31 46 ┤ 0                                        
                   47 ┤■■■■■■■ 1                                 
                   48 ┤■■■■■■■■■■■■■■■■■■■■■■■■■■■■■■■■■■■■■ 5   
                   49 ┤ 0                                        
                   50 ┤■■■■■■■■■■■■■■■■■■■■■■ 3                  
                   51 ┤■■■■■■■ 1                                 
                   52 ┤■■■■■■■■■■■■■■■ 2                         
                   53 ┤ 0                                        
                   54 ┤■■■■■■■ 1                                 
                   55 ┤ 0                                        
                   56 ┤■■■■■■■ 1                                 
                   57 ┤■■■■■■■■■■■■■■■ 2                         
                   58 ┤■■■■■■■ 1                                 
                   59 ┤■■■■■■■■■■■■■■■ 2                         
                      └                                        ┘ 
                                     num of slices               
[ Info: slicing branch with sc: 34.0
[ Info: cc.sc: 34.0
region size: 10
tbl0_rows:14 filtered_rows:14
QIP_gurobi_bound: solver finished in 1.922 s (time_limit=100.0 s, status=OPTIMAL)
[ Info: slice 1, lp_score: 5397.0, primal_bound: 5397.0
QIP_gurobi_bound: solver finished in 1.482 s (time_limit=100.0 s, status=OPTIMAL)
[ Info: slice 2, lp_score: 5390.0, primal_bound: 5397.0
QIP_gurobi_bound: solver finished in 1.409 s (time_limit=100.0 s, status=OPTIMAL)
[ Info: slice 3, lp_score: 5388.0, primal_bound: 5397.0
[ Info: new_scs: [34]
[ Info: lp_scores: [5397.0]
[ Info: lp_scores: 5397.0
[ Info: current num of unfinished slices: 30, finished slices: 4
                      ┌                                        ┐ 
                   34 ┤■■■■■■■ 1                                 
                   35 ┤ 0                                        
                   36 ┤■■■■■■■ 1                                 
                   37 ┤■■■■■■■ 1                                 
                   38 ┤■■■■■■■ 1                                 
                   39 ┤■■■■■■■■■■■■■■■■■■■■■■■■■■■■■■ 4          
                   40 ┤■■■■■■■ 1                                 
                   41 ┤ 0                                        
                   42 ┤ 0                                        
                   43 ┤■■■■■■■ 1                                 
                   44 ┤■■■■■■■ 1                                 
                   45 ┤ 0                                        
   sc, target = 31 46 ┤ 0                                        
                   47 ┤■■■■■■■ 1                                 
                   48 ┤■■■■■■■■■■■■■■■■■■■■■■■■■■■■■■■■■■■■■ 5   
                   49 ┤ 0                                        
                   50 ┤■■■■■■■■■■■■■■■■■■■■■■ 3                  
                   51 ┤■■■■■■■ 1                                 
                   52 ┤■■■■■■■■■■■■■■■ 2                         
                   53 ┤ 0                                        
                   54 ┤■■■■■■■ 1                                 
                   55 ┤ 0                                        
                   56 ┤■■■■■■■ 1                                 
                   57 ┤■■■■■■■■■■■■■■■ 2                         
                   58 ┤■■■■■■■ 1                                 
                   59 ┤■■■■■■■■■■■■■■■ 2                         
                      └                                        ┘ 
                                     num of slices               
[ Info: slicing branch with sc: 34.0
[ Info: cc.sc: 34.0
region size: 10
tbl0_rows:10 filtered_rows:10
QIP_gurobi_bound: solver finished in 1.647 s (time_limit=100.0 s, status=OPTIMAL)
[ Info: slice 1, lp_score: 5397.0, primal_bound: 5397.0
[ Info: new_scs: [32]
[ Info: lp_scores: [5397.0]
[ Info: lp_scores: 5397.0
[ Info: current num of unfinished slices: 30, finished slices: 4
                      ┌                                        ┐ 
                   32 ┤■■■■■■■ 1                                 
                   33 ┤ 0                                        
                   34 ┤ 0                                        
                   35 ┤ 0                                        
                   36 ┤■■■■■■■ 1                                 
                   37 ┤■■■■■■■ 1                                 
                   38 ┤■■■■■■■ 1                                 
                   39 ┤■■■■■■■■■■■■■■■■■■■■■■■■■■■■■■ 4          
                   40 ┤■■■■■■■ 1                                 
                   41 ┤ 0                                        
                   42 ┤ 0                                        
                   43 ┤■■■■■■■ 1                                 
                   44 ┤■■■■■■■ 1                                 
   sc, target = 31 45 ┤ 0                                        
                   46 ┤ 0                                        
                   47 ┤■■■■■■■ 1                                 
                   48 ┤■■■■■■■■■■■■■■■■■■■■■■■■■■■■■■■■■■■■■ 5   
                   49 ┤ 0                                        
                   50 ┤■■■■■■■■■■■■■■■■■■■■■■ 3                  
                   51 ┤■■■■■■■ 1                                 
                   52 ┤■■■■■■■■■■■■■■■ 2                         
                   53 ┤ 0                                        
                   54 ┤■■■■■■■ 1                                 
                   55 ┤ 0                                        
                   56 ┤■■■■■■■ 1                                 
                   57 ┤■■■■■■■■■■■■■■■ 2                         
                   58 ┤■■■■■■■ 1                                 
                   59 ┤■■■■■■■■■■■■■■■ 2                         
                      └                                        ┘ 
                                     num of slices               
[ Info: slicing branch with sc: 32.0
[ Info: cc.sc: 32.0
region size: 10
tbl0_rows:37 filtered_rows:37
QIP_gurobi_bound: solver finished in 2.032 s (time_limit=100.0 s, status=OPTIMAL)
[ Info: slice 1, lp_score: 5393.0, primal_bound: 5397.0
QIP_gurobi_bound: solver finished in 2.126 s (time_limit=100.0 s, status=OPTIMAL)
[ Info: slice 2, lp_score: 5397.0, primal_bound: 5397.0
[ Info: new_scs: [31]
[ Info: lp_scores: [5397.0]
[ Info: lp_scores: 5397.0
[ Info: current num of unfinished slices: 30, finished slices: 4
                      ┌                                        ┐ 
                   31 ┤■■■■■■■ 1                                 
                   32 ┤ 0                                        
                   33 ┤ 0                                        
                   34 ┤ 0                                        
                   35 ┤ 0                                        
                   36 ┤■■■■■■■ 1                                 
                   37 ┤■■■■■■■ 1                                 
                   38 ┤■■■■■■■ 1                                 
                   39 ┤■■■■■■■■■■■■■■■■■■■■■■■■■■■■■■ 4          
                   40 ┤■■■■■■■ 1                                 
                   41 ┤ 0                                        
                   42 ┤ 0                                        
                   43 ┤■■■■■■■ 1                                 
                   44 ┤■■■■■■■ 1                                 
   sc, target = 31 45 ┤ 0                                        
                   46 ┤ 0                                        
                   47 ┤■■■■■■■ 1                                 
                   48 ┤■■■■■■■■■■■■■■■■■■■■■■■■■■■■■■■■■■■■■ 5   
                   49 ┤ 0                                        
                   50 ┤■■■■■■■■■■■■■■■■■■■■■■ 3                  
                   51 ┤■■■■■■■ 1                                 
                   52 ┤■■■■■■■■■■■■■■■ 2                         
                   53 ┤ 0                                        
                   54 ┤■■■■■■■ 1                                 
                   55 ┤ 0                                        
                   56 ┤■■■■■■■ 1                                 
                   57 ┤■■■■■■■■■■■■■■■ 2                         
                   58 ┤■■■■■■■ 1                                 
                   59 ┤■■■■■■■■■■■■■■■ 2                         
                      └                                        ┘ 
                                     num of slices               
[ Info: slicing branch with sc: 31.0
  [slice produced] sc=31.0 tc=45.38557359625831 nv=3546 ne=6922 r=54.0
QIP_value_gurobi: solver finished in 2.099 s (time_limit=604800.0 s, status=OPTIMAL)
[ Info: feasible solution: 5397.0, primal bound: 5397.0
[ Info: current num of unfinished slices: 29, finished slices: 5
                      ┌                                        ┐ 
                   36 ┤■■■■■■■ 1                                 
                   37 ┤■■■■■■■ 1                                 
                   38 ┤■■■■■■■ 1                                 
                   39 ┤■■■■■■■■■■■■■■■■■■■■■■■■■■■■■■ 4          
                   40 ┤■■■■■■■ 1                                 
                   41 ┤ 0                                        
                   42 ┤ 0                                        
                   43 ┤■■■■■■■ 1                                 
                   44 ┤■■■■■■■ 1                                 
                   45 ┤ 0                                        
                   46 ┤ 0                                        
   sc, target = 31 47 ┤■■■■■■■ 1                                 
                   48 ┤■■■■■■■■■■■■■■■■■■■■■■■■■■■■■■■■■■■■■ 5   
                   49 ┤ 0                                        
                   50 ┤■■■■■■■■■■■■■■■■■■■■■■ 3                  
                   51 ┤■■■■■■■ 1                                 
                   52 ┤■■■■■■■■■■■■■■■ 2                         
                   53 ┤ 0                                        
                   54 ┤■■■■■■■ 1                                 
                   55 ┤ 0                                        
                   56 ┤■■■■■■■ 1                                 
                   57 ┤■■■■■■■■■■■■■■■ 2                         
                   58 ┤■■■■■■■ 1                                 
                   59 ┤■■■■■■■■■■■■■■■ 2                         
                      └                                        ┘ 
                                     num of slices               
[ Info: slicing branch with sc: 37.0
[ Info: cc.sc: 37.0
region size: 10
tbl0_rows:18 filtered_rows:18
QIP_gurobi_bound: solver finished in 1.51 s (time_limit=100.0 s, status=OPTIMAL)
[ Info: slice 1, lp_score: 5393.0, primal_bound: 5397.0
QIP_gurobi_bound: solver finished in 1.589 s (time_limit=100.0 s, status=OPTIMAL)
[ Info: slice 2, lp_score: 5392.0, primal_bound: 5397.0
[ Info: new_scs: Int64[]
[ Info: lp_scores: Float64[]
[ Info: current num of unfinished slices: 28, finished slices: 5
                      ┌                                        ┐ 
                   36 ┤■■■■■■■ 1                                 
                   37 ┤ 0                                        
                   38 ┤■■■■■■■ 1                                 
                   39 ┤■■■■■■■■■■■■■■■■■■■■■■■■■■■■■■ 4          
                   40 ┤■■■■■■■ 1                                 
                   41 ┤ 0                                        
                   42 ┤ 0                                        
                   43 ┤■■■■■■■ 1                                 
                   44 ┤■■■■■■■ 1                                 
                   45 ┤ 0                                        
                   46 ┤ 0                                        
   sc, target = 31 47 ┤■■■■■■■ 1                                 
                   48 ┤■■■■■■■■■■■■■■■■■■■■■■■■■■■■■■■■■■■■■ 5   
                   49 ┤ 0                                        
                   50 ┤■■■■■■■■■■■■■■■■■■■■■■ 3                  
                   51 ┤■■■■■■■ 1                                 
                   52 ┤■■■■■■■■■■■■■■■ 2                         
                   53 ┤ 0                                        
                   54 ┤■■■■■■■ 1                                 
                   55 ┤ 0                                        
                   56 ┤■■■■■■■ 1                                 
                   57 ┤■■■■■■■■■■■■■■■ 2                         
                   58 ┤■■■■■■■ 1                                 
                   59 ┤■■■■■■■■■■■■■■■ 2                         
                      └                                        ┘ 
                                     num of slices               
[ Info: slicing branch with sc: 36.0
[ Info: cc.sc: 36.0
region size: 10
tbl0_rows:51 filtered_rows:51
QIP_gurobi_bound: solver finished in 1.592 s (time_limit=100.0 s, status=OPTIMAL)
[ Info: slice 1, lp_score: 5389.0, primal_bound: 5397.0
[ Info: new_scs: Int64[]
[ Info: lp_scores: Float64[]
[ Info: current num of unfinished slices: 27, finished slices: 5
                      ┌                                        ┐ 
                   38 ┤■■■■■■■ 1                                 
                   39 ┤■■■■■■■■■■■■■■■■■■■■■■■■■■■■■■ 4          
                   40 ┤■■■■■■■ 1                                 
                   41 ┤ 0                                        
                   42 ┤ 0                                        
                   43 ┤■■■■■■■ 1                                 
                   44 ┤■■■■■■■ 1                                 
                   45 ┤ 0                                        
                   46 ┤ 0                                        
                   47 ┤■■■■■■■ 1                                 
   sc, target = 31 48 ┤■■■■■■■■■■■■■■■■■■■■■■■■■■■■■■■■■■■■■ 5   
                   49 ┤ 0                                        
                   50 ┤■■■■■■■■■■■■■■■■■■■■■■ 3                  
                   51 ┤■■■■■■■ 1                                 
                   52 ┤■■■■■■■■■■■■■■■ 2                         
                   53 ┤ 0                                        
                   54 ┤■■■■■■■ 1                                 
                   55 ┤ 0                                        
                   56 ┤■■■■■■■ 1                                 
                   57 ┤■■■■■■■■■■■■■■■ 2                         
                   58 ┤■■■■■■■ 1                                 
                   59 ┤■■■■■■■■■■■■■■■ 2                         
                      └                                        ┘ 
                                     num of slices               
[ Info: slicing branch with sc: 38.0
[ Info: cc.sc: 38.0
region size: 10
tbl0_rows:41 filtered_rows:41
QIP_gurobi_bound: solver finished in 1.54 s (time_limit=100.0 s, status=OPTIMAL)
[ Info: slice 1, lp_score: 5396.0, primal_bound: 5397.0
QIP_gurobi_bound: solver finished in 1.44 s (time_limit=100.0 s, status=OPTIMAL)
[ Info: slice 2, lp_score: 5392.0, primal_bound: 5397.0
[ Info: new_scs: Int64[]
[ Info: lp_scores: Float64[]
[ Info: current num of unfinished slices: 26, finished slices: 5
                      ┌                                        ┐ 
                   39 ┤■■■■■■■■■■■■■■■■■■■■■■■■■■■■■■ 4          
                   40 ┤■■■■■■■ 1                                 
                   41 ┤ 0                                        
                   42 ┤ 0                                        
                   43 ┤■■■■■■■ 1                                 
                   44 ┤■■■■■■■ 1                                 
                   45 ┤ 0                                        
                   46 ┤ 0                                        
                   47 ┤■■■■■■■ 1                                 
                   48 ┤■■■■■■■■■■■■■■■■■■■■■■■■■■■■■■■■■■■■■ 5   
   sc, target = 31 49 ┤ 0                                        
                   50 ┤■■■■■■■■■■■■■■■■■■■■■■ 3                  
                   51 ┤■■■■■■■ 1                                 
                   52 ┤■■■■■■■■■■■■■■■ 2                         
                   53 ┤ 0                                        
                   54 ┤■■■■■■■ 1                                 
                   55 ┤ 0                                        
                   56 ┤■■■■■■■ 1                                 
                   57 ┤■■■■■■■■■■■■■■■ 2                         
                   58 ┤■■■■■■■ 1                                 
                   59 ┤■■■■■■■■■■■■■■■ 2                         
                      └                                        ┘ 
                                     num of slices               
[ Info: slicing branch with sc: 40.0
[ Info: cc.sc: 40.0
region size: 10
tbl0_rows:60 filtered_rows:60
QIP_gurobi_bound: solver finished in 1.489 s (time_limit=100.0 s, status=OPTIMAL)
[ Info: slice 1, lp_score: 5395.0, primal_bound: 5397.0
QIP_gurobi_bound: solver finished in 5.688 s (time_limit=100.0 s, status=OPTIMAL)
[ Info: slice 2, lp_score: 5393.0, primal_bound: 5397.0
[ Info: new_scs: Int64[]
[ Info: lp_scores: Float64[]
[ Info: current num of unfinished slices: 25, finished slices: 5
                      ┌                                        ┐ 
                   39 ┤■■■■■■■■■■■■■■■■■■■■■■■■■■■■■■ 4          
                   40 ┤ 0                                        
                   41 ┤ 0                                        
                   42 ┤ 0                                        
                   43 ┤■■■■■■■ 1                                 
                   44 ┤■■■■■■■ 1                                 
                   45 ┤ 0                                        
                   46 ┤ 0                                        
                   47 ┤■■■■■■■ 1                                 
                   48 ┤■■■■■■■■■■■■■■■■■■■■■■■■■■■■■■■■■■■■■ 5   
   sc, target = 31 49 ┤ 0                                        
                   50 ┤■■■■■■■■■■■■■■■■■■■■■■ 3                  
                   51 ┤■■■■■■■ 1                                 
                   52 ┤■■■■■■■■■■■■■■■ 2                         
                   53 ┤ 0                                        
                   54 ┤■■■■■■■ 1                                 
                   55 ┤ 0                                        
                   56 ┤■■■■■■■ 1                                 
                   57 ┤■■■■■■■■■■■■■■■ 2                         
                   58 ┤■■■■■■■ 1                                 
                   59 ┤■■■■■■■■■■■■■■■ 2                         
                      └                                        ┘ 
                                     num of slices               
[ Info: slicing branch with sc: 39.0
[ Info: cc.sc: 39.0
region size: 10
tbl0_rows:52 filtered_rows:52
QIP_gurobi_bound: solver finished in 2.227 s (time_limit=100.0 s, status=OPTIMAL)
[ Info: slice 1, lp_score: 5391.0, primal_bound: 5397.0
QIP_gurobi_bound: solver finished in 1.371 s (time_limit=100.0 s, status=OPTIMAL)
[ Info: slice 2, lp_score: 5390.0, primal_bound: 5397.0
[ Info: new_scs: Int64[]
[ Info: lp_scores: Float64[]
[ Info: current num of unfinished slices: 24, finished slices: 5
                      ┌                                        ┐ 
                   39 ┤■■■■■■■■■■■■■■■■■■■■■■ 3                  
                   40 ┤ 0                                        
                   41 ┤ 0                                        
                   42 ┤ 0                                        
                   43 ┤■■■■■■■ 1                                 
                   44 ┤■■■■■■■ 1                                 
                   45 ┤ 0                                        
                   46 ┤ 0                                        
                   47 ┤■■■■■■■ 1                                 
                   48 ┤■■■■■■■■■■■■■■■■■■■■■■■■■■■■■■■■■■■■■ 5   
   sc, target = 31 49 ┤ 0                                        
                   50 ┤■■■■■■■■■■■■■■■■■■■■■■ 3                  
                   51 ┤■■■■■■■ 1                                 
                   52 ┤■■■■■■■■■■■■■■■ 2                         
                   53 ┤ 0                                        
                   54 ┤■■■■■■■ 1                                 
                   55 ┤ 0                                        
                   56 ┤■■■■■■■ 1                                 
                   57 ┤■■■■■■■■■■■■■■■ 2                         
                   58 ┤■■■■■■■ 1                                 
                   59 ┤■■■■■■■■■■■■■■■ 2                         
                      └                                        ┘ 
                                     num of slices               
[ Info: slicing branch with sc: 39.0
[ Info: cc.sc: 39.0
region size: 10
tbl0_rows:50 filtered_rows:50
QIP_gurobi_bound: solver finished in 1.515 s (time_limit=100.0 s, status=OPTIMAL)
[ Info: slice 1, lp_score: 5392.0, primal_bound: 5397.0
QIP_gurobi_bound: solver finished in 1.406 s (time_limit=100.0 s, status=OPTIMAL)
[ Info: slice 2, lp_score: 5393.0, primal_bound: 5397.0
[ Info: new_scs: Int64[]
[ Info: lp_scores: Float64[]
[ Info: current num of unfinished slices: 23, finished slices: 5
                      ┌                                        ┐ 
                   39 ┤■■■■■■■■■■■■■■■ 2                         
                   40 ┤ 0                                        
                   41 ┤ 0                                        
                   42 ┤ 0                                        
                   43 ┤■■■■■■■ 1                                 
                   44 ┤■■■■■■■ 1                                 
                   45 ┤ 0                                        
                   46 ┤ 0                                        
                   47 ┤■■■■■■■ 1                                 
                   48 ┤■■■■■■■■■■■■■■■■■■■■■■■■■■■■■■■■■■■■■ 5   
   sc, target = 31 49 ┤ 0                                        
                   50 ┤■■■■■■■■■■■■■■■■■■■■■■ 3                  
                   51 ┤■■■■■■■ 1                                 
                   52 ┤■■■■■■■■■■■■■■■ 2                         
                   53 ┤ 0                                        
                   54 ┤■■■■■■■ 1                                 
                   55 ┤ 0                                        
                   56 ┤■■■■■■■ 1                                 
                   57 ┤■■■■■■■■■■■■■■■ 2                         
                   58 ┤■■■■■■■ 1                                 
                   59 ┤■■■■■■■■■■■■■■■ 2                         
                      └                                        ┘ 
                                     num of slices               
[ Info: slicing branch with sc: 39.0
[ Info: cc.sc: 39.0
region size: 10
tbl0_rows:65 filtered_rows:65
QIP_gurobi_bound: solver finished in 2.066 s (time_limit=100.0 s, status=OPTIMAL)
[ Info: slice 1, lp_score: 5387.0, primal_bound: 5397.0
QIP_gurobi_bound: solver finished in 1.454 s (time_limit=100.0 s, status=OPTIMAL)
[ Info: slice 2, lp_score: 5391.0, primal_bound: 5397.0
[ Info: new_scs: Int64[]
[ Info: lp_scores: Float64[]
[ Info: current num of unfinished slices: 22, finished slices: 5
                      ┌                                        ┐ 
                   39 ┤■■■■■■■ 1                                 
                   40 ┤ 0                                        
                   41 ┤ 0                                        
                   42 ┤ 0                                        
                   43 ┤■■■■■■■ 1                                 
                   44 ┤■■■■■■■ 1                                 
                   45 ┤ 0                                        
                   46 ┤ 0                                        
                   47 ┤■■■■■■■ 1                                 
                   48 ┤■■■■■■■■■■■■■■■■■■■■■■■■■■■■■■■■■■■■■ 5   
   sc, target = 31 49 ┤ 0                                        
                   50 ┤■■■■■■■■■■■■■■■■■■■■■■ 3                  
                   51 ┤■■■■■■■ 1                                 
                   52 ┤■■■■■■■■■■■■■■■ 2                         
                   53 ┤ 0                                        
                   54 ┤■■■■■■■ 1                                 
                   55 ┤ 0                                        
                   56 ┤■■■■■■■ 1                                 
                   57 ┤■■■■■■■■■■■■■■■ 2                         
                   58 ┤■■■■■■■ 1                                 
                   59 ┤■■■■■■■■■■■■■■■ 2                         
                      └                                        ┘ 
                                     num of slices               
[ Info: slicing branch with sc: 39.0
[ Info: cc.sc: 39.0
region size: 10
tbl0_rows:65 filtered_rows:65
QIP_gurobi_bound: solver finished in 1.811 s (time_limit=100.0 s, status=OPTIMAL)
[ Info: slice 1, lp_score: 5387.0, primal_bound: 5397.0
QIP_gurobi_bound: solver finished in 1.979 s (time_limit=100.0 s, status=OPTIMAL)
[ Info: slice 2, lp_score: 5391.0, primal_bound: 5397.0
[ Info: new_scs: Int64[]
[ Info: lp_scores: Float64[]
[ Info: current num of unfinished slices: 21, finished slices: 5
                      ┌                                        ┐ 
                   43 ┤■■■■■■■ 1                                 
                   44 ┤■■■■■■■ 1                                 
                   45 ┤ 0                                        
                   46 ┤ 0                                        
                   47 ┤■■■■■■■ 1                                 
                   48 ┤■■■■■■■■■■■■■■■■■■■■■■■■■■■■■■■■■■■■■ 5   
                   49 ┤ 0                                        
                   50 ┤■■■■■■■■■■■■■■■■■■■■■■ 3                  
   sc, target = 31 51 ┤■■■■■■■ 1                                 
                   52 ┤■■■■■■■■■■■■■■■ 2                         
                   53 ┤ 0                                        
                   54 ┤■■■■■■■ 1                                 
                   55 ┤ 0                                        
                   56 ┤■■■■■■■ 1                                 
                   57 ┤■■■■■■■■■■■■■■■ 2                         
                   58 ┤■■■■■■■ 1                                 
                   59 ┤■■■■■■■■■■■■■■■ 2                         
                      └                                        ┘ 
                                     num of slices               
[ Info: slicing branch with sc: 43.0
[ Info: cc.sc: 43.0
region size: 10
tbl0_rows:53 filtered_rows:53
QIP_gurobi_bound: solver finished in 1.513 s (time_limit=100.0 s, status=OPTIMAL)
[ Info: slice 1, lp_score: 5382.0, primal_bound: 5397.0
QIP_gurobi_bound: solver finished in 1.753 s (time_limit=100.0 s, status=OPTIMAL)
[ Info: slice 2, lp_score: 5390.0, primal_bound: 5397.0
QIP_gurobi_bound: solver finished in 1.563 s (time_limit=100.0 s, status=OPTIMAL)
[ Info: slice 3, lp_score: 5394.0, primal_bound: 5397.0
[ Info: new_scs: Int64[]
[ Info: lp_scores: Float64[]
[ Info: current num of unfinished slices: 20, finished slices: 5
                      ┌                                        ┐ 
                   44 ┤■■■■■■■ 1                                 
                   45 ┤ 0                                        
                   46 ┤ 0                                        
                   47 ┤■■■■■■■ 1                                 
                   48 ┤■■■■■■■■■■■■■■■■■■■■■■■■■■■■■■■■■■■■■ 5   
                   49 ┤ 0                                        
                   50 ┤■■■■■■■■■■■■■■■■■■■■■■ 3                  
   sc, target = 31 51 ┤■■■■■■■ 1                                 
                   52 ┤■■■■■■■■■■■■■■■ 2                         
                   53 ┤ 0                                        
                   54 ┤■■■■■■■ 1                                 
                   55 ┤ 0                                        
                   56 ┤■■■■■■■ 1                                 
                   57 ┤■■■■■■■■■■■■■■■ 2                         
                   58 ┤■■■■■■■ 1                                 
                   59 ┤■■■■■■■■■■■■■■■ 2                         
                      └                                        ┘ 
                                     num of slices               
[ Info: slicing branch with sc: 47.0
[ Info: cc.sc: 47.0
region size: 10
tbl0_rows:62 filtered_rows:62
QIP_gurobi_bound: solver finished in 1.525 s (time_limit=100.0 s, status=OPTIMAL)
[ Info: slice 1, lp_score: 5397.0, primal_bound: 5397.0
QIP_gurobi_bound: solver finished in 1.639 s (time_limit=100.0 s, status=OPTIMAL)
[ Info: slice 2, lp_score: 5395.0, primal_bound: 5397.0
[ Info: new_scs: [44]
[ Info: lp_scores: [5397.0]
[ Info: lp_scores: 5397.0
[ Info: current num of unfinished slices: 20, finished slices: 5
                      ┌                                        ┐ 
                   44 ┤■■■■■■■■■■■■■■■ 2                         
                   45 ┤ 0                                        
                   46 ┤ 0                                        
                   47 ┤ 0                                        
                   48 ┤■■■■■■■■■■■■■■■■■■■■■■■■■■■■■■■■■■■■■ 5   
                   49 ┤ 0                                        
                   50 ┤■■■■■■■■■■■■■■■■■■■■■■ 3                  
   sc, target = 31 51 ┤■■■■■■■ 1                                 
                   52 ┤■■■■■■■■■■■■■■■ 2                         
                   53 ┤ 0                                        
                   54 ┤■■■■■■■ 1                                 
                   55 ┤ 0                                        
                   56 ┤■■■■■■■ 1                                 
                   57 ┤■■■■■■■■■■■■■■■ 2                         
                   58 ┤■■■■■■■ 1                                 
                   59 ┤■■■■■■■■■■■■■■■ 2                         
                      └                                        ┘ 
                                     num of slices               
[ Info: slicing branch with sc: 44.0
[ Info: cc.sc: 44.0
region size: 10
tbl0_rows:37 filtered_rows:37
QIP_gurobi_bound: solver finished in 1.828 s (time_limit=100.0 s, status=OPTIMAL)
[ Info: slice 1, lp_score: 5394.0, primal_bound: 5397.0
QIP_gurobi_bound: solver finished in 1.506 s (time_limit=100.0 s, status=OPTIMAL)
[ Info: slice 2, lp_score: 5397.0, primal_bound: 5397.0
[ Info: new_scs: [42]
[ Info: lp_scores: [5397.0]
[ Info: lp_scores: 5397.0
[ Info: current num of unfinished slices: 20, finished slices: 5
                      ┌                                        ┐ 
                   42 ┤■■■■■■■ 1                                 
                   43 ┤ 0                                        
                   44 ┤■■■■■■■ 1                                 
                   45 ┤ 0                                        
                   46 ┤ 0                                        
                   47 ┤ 0                                        
                   48 ┤■■■■■■■■■■■■■■■■■■■■■■■■■■■■■■■■■■■■■ 5   
                   49 ┤ 0                                        
   sc, target = 31 50 ┤■■■■■■■■■■■■■■■■■■■■■■ 3                  
                   51 ┤■■■■■■■ 1                                 
                   52 ┤■■■■■■■■■■■■■■■ 2                         
                   53 ┤ 0                                        
                   54 ┤■■■■■■■ 1                                 
                   55 ┤ 0                                        
                   56 ┤■■■■■■■ 1                                 
                   57 ┤■■■■■■■■■■■■■■■ 2                         
                   58 ┤■■■■■■■ 1                                 
                   59 ┤■■■■■■■■■■■■■■■ 2                         
                      └                                        ┘ 
                                     num of slices               
[ Info: slicing branch with sc: 42.0
[ Info: cc.sc: 42.0
region size: 10
tbl0_rows:71 filtered_rows:71
QIP_gurobi_bound: solver finished in 1.465 s (time_limit=100.0 s, status=OPTIMAL)
[ Info: slice 1, lp_score: 5391.0, primal_bound: 5397.0
QIP_gurobi_bound: solver finished in 1.516 s (time_limit=100.0 s, status=OPTIMAL)
[ Info: slice 2, lp_score: 5391.0, primal_bound: 5397.0
QIP_gurobi_bound: solver finished in 2.269 s (time_limit=100.0 s, status=OPTIMAL)
[ Info: slice 3, lp_score: 5397.0, primal_bound: 5397.0
[ Info: new_scs: [40]
[ Info: lp_scores: [5397.0]
[ Info: lp_scores: 5397.0
[ Info: current num of unfinished slices: 20, finished slices: 5
                      ┌                                        ┐ 
                   40 ┤■■■■■■■ 1                                 
                   41 ┤ 0                                        
                   42 ┤ 0                                        
                   43 ┤ 0                                        
                   44 ┤■■■■■■■ 1                                 
                   45 ┤ 0                                        
                   46 ┤ 0                                        
                   47 ┤ 0                                        
                   48 ┤■■■■■■■■■■■■■■■■■■■■■■■■■■■■■■■■■■■■■ 5   
   sc, target = 31 49 ┤ 0                                        
                   50 ┤■■■■■■■■■■■■■■■■■■■■■■ 3                  
                   51 ┤■■■■■■■ 1                                 
                   52 ┤■■■■■■■■■■■■■■■ 2                         
                   53 ┤ 0                                        
                   54 ┤■■■■■■■ 1                                 
                   55 ┤ 0                                        
                   56 ┤■■■■■■■ 1                                 
                   57 ┤■■■■■■■■■■■■■■■ 2                         
                   58 ┤■■■■■■■ 1                                 
                   59 ┤■■■■■■■■■■■■■■■ 2                         
                      └                                        ┘ 
                                     num of slices               
[ Info: slicing branch with sc: 40.0
[ Info: cc.sc: 40.0
region size: 10
tbl0_rows:66 filtered_rows:66
QIP_gurobi_bound: solver finished in 1.616 s (time_limit=100.0 s, status=OPTIMAL)
[ Info: slice 1, lp_score: 5397.0, primal_bound: 5397.0
QIP_gurobi_bound: solver finished in 1.601 s (time_limit=100.0 s, status=OPTIMAL)
[ Info: slice 2, lp_score: 5392.0, primal_bound: 5397.0
[ Info: new_scs: [40]
[ Info: lp_scores: [5397.0]
[ Info: lp_scores: 5397.0
[ Info: current num of unfinished slices: 20, finished slices: 5
                      ┌                                        ┐ 
                   40 ┤■■■■■■■ 1                                 
                   41 ┤ 0                                        
                   42 ┤ 0                                        
                   43 ┤ 0                                        
                   44 ┤■■■■■■■ 1                                 
                   45 ┤ 0                                        
                   46 ┤ 0                                        
                   47 ┤ 0                                        
                   48 ┤■■■■■■■■■■■■■■■■■■■■■■■■■■■■■■■■■■■■■ 5   
   sc, target = 31 49 ┤ 0                                        
                   50 ┤■■■■■■■■■■■■■■■■■■■■■■ 3                  
                   51 ┤■■■■■■■ 1                                 
                   52 ┤■■■■■■■■■■■■■■■ 2                         
                   53 ┤ 0                                        
                   54 ┤■■■■■■■ 1                                 
                   55 ┤ 0                                        
                   56 ┤■■■■■■■ 1                                 
                   57 ┤■■■■■■■■■■■■■■■ 2                         
                   58 ┤■■■■■■■ 1                                 
                   59 ┤■■■■■■■■■■■■■■■ 2                         
                      └                                        ┘ 
                                     num of slices               
[ Info: slicing branch with sc: 40.0
[ Info: cc.sc: 40.0
region size: 10
tbl0_rows:24 filtered_rows:24
QIP_gurobi_bound: solver finished in 1.42 s (time_limit=100.0 s, status=OPTIMAL)
[ Info: slice 1, lp_score: 5397.0, primal_bound: 5397.0
QIP_gurobi_bound: solver finished in 1.833 s (time_limit=100.0 s, status=OPTIMAL)
[ Info: slice 2, lp_score: 5389.0, primal_bound: 5397.0
[ Info: new_scs: [40]
[ Info: lp_scores: [5397.0]
[ Info: lp_scores: 5397.0
[ Info: current num of unfinished slices: 20, finished slices: 5
                      ┌                                        ┐ 
                   40 ┤■■■■■■■ 1                                 
                   41 ┤ 0                                        
                   42 ┤ 0                                        
                   43 ┤ 0                                        
                   44 ┤■■■■■■■ 1                                 
                   45 ┤ 0                                        
                   46 ┤ 0                                        
                   47 ┤ 0                                        
                   48 ┤■■■■■■■■■■■■■■■■■■■■■■■■■■■■■■■■■■■■■ 5   
   sc, target = 31 49 ┤ 0                                        
                   50 ┤■■■■■■■■■■■■■■■■■■■■■■ 3                  
                   51 ┤■■■■■■■ 1                                 
                   52 ┤■■■■■■■■■■■■■■■ 2                         
                   53 ┤ 0                                        
                   54 ┤■■■■■■■ 1                                 
                   55 ┤ 0                                        
                   56 ┤■■■■■■■ 1                                 
                   57 ┤■■■■■■■■■■■■■■■ 2                         
                   58 ┤■■■■■■■ 1                                 
                   59 ┤■■■■■■■■■■■■■■■ 2                         
                      └                                        ┘ 
                                     num of slices               
[ Info: slicing branch with sc: 40.0
[ Info: cc.sc: 40.0
region size: 10
tbl0_rows:43 filtered_rows:43
QIP_gurobi_bound: solver finished in 1.466 s (time_limit=100.0 s, status=OPTIMAL)
[ Info: slice 1, lp_score: 5393.0, primal_bound: 5397.0
QIP_gurobi_bound: solver finished in 1.435 s (time_limit=100.0 s, status=OPTIMAL)
[ Info: slice 2, lp_score: 5397.0, primal_bound: 5397.0
[ Info: new_scs: [39]
[ Info: lp_scores: [5397.0]
[ Info: lp_scores: 5397.0
[ Info: current num of unfinished slices: 20, finished slices: 5
                      ┌                                        ┐ 
                   39 ┤■■■■■■■ 1                                 
                   40 ┤ 0                                        
                   41 ┤ 0                                        
                   42 ┤ 0                                        
                   43 ┤ 0                                        
                   44 ┤■■■■■■■ 1                                 
                   45 ┤ 0                                        
                   46 ┤ 0                                        
                   47 ┤ 0                                        
                   48 ┤■■■■■■■■■■■■■■■■■■■■■■■■■■■■■■■■■■■■■ 5   
   sc, target = 31 49 ┤ 0                                        
                   50 ┤■■■■■■■■■■■■■■■■■■■■■■ 3                  
                   51 ┤■■■■■■■ 1                                 
                   52 ┤■■■■■■■■■■■■■■■ 2                         
                   53 ┤ 0                                        
                   54 ┤■■■■■■■ 1                                 
                   55 ┤ 0                                        
                   56 ┤■■■■■■■ 1                                 
                   57 ┤■■■■■■■■■■■■■■■ 2                         
                   58 ┤■■■■■■■ 1                                 
                   59 ┤■■■■■■■■■■■■■■■ 2                         
                      └                                        ┘ 
                                     num of slices               
[ Info: slicing branch with sc: 39.0
[ Info: cc.sc: 39.0
region size: 10
tbl0_rows:42 filtered_rows:42
QIP_gurobi_bound: solver finished in 2.077 s (time_limit=100.0 s, status=OPTIMAL)
[ Info: slice 1, lp_score: 5393.0, primal_bound: 5397.0
QIP_gurobi_bound: solver finished in 1.735 s (time_limit=100.0 s, status=OPTIMAL)
[ Info: slice 2, lp_score: 5397.0, primal_bound: 5397.0
[ Info: new_scs: [38]
[ Info: lp_scores: [5397.0]
[ Info: lp_scores: 5397.0
[ Info: current num of unfinished slices: 20, finished slices: 5
                      ┌                                        ┐ 
                   38 ┤■■■■■■■ 1                                 
                   39 ┤ 0                                        
                   40 ┤ 0                                        
                   41 ┤ 0                                        
                   42 ┤ 0                                        
                   43 ┤ 0                                        
                   44 ┤■■■■■■■ 1                                 
                   45 ┤ 0                                        
                   46 ┤ 0                                        
                   47 ┤ 0                                        
   sc, target = 31 48 ┤■■■■■■■■■■■■■■■■■■■■■■■■■■■■■■■■■■■■■ 5   
                   49 ┤ 0                                        
                   50 ┤■■■■■■■■■■■■■■■■■■■■■■ 3                  
                   51 ┤■■■■■■■ 1                                 
                   52 ┤■■■■■■■■■■■■■■■ 2                         
                   53 ┤ 0                                        
                   54 ┤■■■■■■■ 1                                 
                   55 ┤ 0                                        
                   56 ┤■■■■■■■ 1                                 
                   57 ┤■■■■■■■■■■■■■■■ 2                         
                   58 ┤■■■■■■■ 1                                 
                   59 ┤■■■■■■■■■■■■■■■ 2                         
                      └                                        ┘ 
                                     num of slices               
[ Info: slicing branch with sc: 38.0
[ Info: cc.sc: 38.0
region size: 10
tbl0_rows:44 filtered_rows:44
QIP_gurobi_bound: solver finished in 1.644 s (time_limit=100.0 s, status=OPTIMAL)
[ Info: slice 1, lp_score: 5397.0, primal_bound: 5397.0
QIP_gurobi_bound: solver finished in 1.428 s (time_limit=100.0 s, status=OPTIMAL)
[ Info: slice 2, lp_score: 5396.0, primal_bound: 5397.0
[ Info: new_scs: [38]
[ Info: lp_scores: [5397.0]
[ Info: lp_scores: 5397.0
[ Info: current num of unfinished slices: 20, finished slices: 5
                      ┌                                        ┐ 
                   38 ┤■■■■■■■ 1                                 
                   39 ┤ 0                                        
                   40 ┤ 0                                        
                   41 ┤ 0                                        
                   42 ┤ 0                                        
                   43 ┤ 0                                        
                   44 ┤■■■■■■■ 1                                 
                   45 ┤ 0                                        
                   46 ┤ 0                                        
                   47 ┤ 0                                        
   sc, target = 31 48 ┤■■■■■■■■■■■■■■■■■■■■■■■■■■■■■■■■■■■■■ 5   
                   49 ┤ 0                                        
                   50 ┤■■■■■■■■■■■■■■■■■■■■■■ 3                  
                   51 ┤■■■■■■■ 1                                 
                   52 ┤■■■■■■■■■■■■■■■ 2                         
                   53 ┤ 0                                        
                   54 ┤■■■■■■■ 1                                 
                   55 ┤ 0                                        
                   56 ┤■■■■■■■ 1                                 
                   57 ┤■■■■■■■■■■■■■■■ 2                         
                   58 ┤■■■■■■■ 1                                 
                   59 ┤■■■■■■■■■■■■■■■ 2                         
                      └                                        ┘ 
                                     num of slices               
[ Info: slicing branch with sc: 38.0
[ Info: cc.sc: 38.0
region size: 10
tbl0_rows:18 filtered_rows:18
QIP_gurobi_bound: solver finished in 1.488 s (time_limit=100.0 s, status=OPTIMAL)
[ Info: slice 1, lp_score: 5397.0, primal_bound: 5397.0
QIP_gurobi_bound: solver finished in 1.949 s (time_limit=100.0 s, status=OPTIMAL)
[ Info: slice 2, lp_score: 5396.0, primal_bound: 5397.0
[ Info: new_scs: [37]
[ Info: lp_scores: [5397.0]
[ Info: lp_scores: 5397.0
[ Info: current num of unfinished slices: 20, finished slices: 5
                      ┌                                        ┐ 
                   37 ┤■■■■■■■ 1                                 
                   38 ┤ 0                                        
                   39 ┤ 0                                        
                   40 ┤ 0                                        
                   41 ┤ 0                                        
                   42 ┤ 0                                        
                   43 ┤ 0                                        
                   44 ┤■■■■■■■ 1                                 
                   45 ┤ 0                                        
                   46 ┤ 0                                        
                   47 ┤ 0                                        
   sc, target = 31 48 ┤■■■■■■■■■■■■■■■■■■■■■■■■■■■■■■■■■■■■■ 5   
                   49 ┤ 0                                        
                   50 ┤■■■■■■■■■■■■■■■■■■■■■■ 3                  
                   51 ┤■■■■■■■ 1                                 
                   52 ┤■■■■■■■■■■■■■■■ 2                         
                   53 ┤ 0                                        
                   54 ┤■■■■■■■ 1                                 
                   55 ┤ 0                                        
                   56 ┤■■■■■■■ 1                                 
                   57 ┤■■■■■■■■■■■■■■■ 2                         
                   58 ┤■■■■■■■ 1                                 
                   59 ┤■■■■■■■■■■■■■■■ 2                         
                      └                                        ┘ 
                                     num of slices               
[ Info: slicing branch with sc: 37.0
[ Info: cc.sc: 37.0
region size: 10
tbl0_rows:33 filtered_rows:33
QIP_gurobi_bound: solver finished in 1.534 s (time_limit=100.0 s, status=OPTIMAL)
[ Info: slice 1, lp_score: 5397.0, primal_bound: 5397.0
QIP_gurobi_bound: solver finished in 1.448 s (time_limit=100.0 s, status=OPTIMAL)
[ Info: slice 2, lp_score: 5395.0, primal_bound: 5397.0
[ Info: new_scs: [37]
[ Info: lp_scores: [5397.0]
[ Info: lp_scores: 5397.0
[ Info: current num of unfinished slices: 20, finished slices: 5
                      ┌                                        ┐ 
                   37 ┤■■■■■■■ 1                                 
                   38 ┤ 0                                        
                   39 ┤ 0                                        
                   40 ┤ 0                                        
                   41 ┤ 0                                        
                   42 ┤ 0                                        
                   43 ┤ 0                                        
                   44 ┤■■■■■■■ 1                                 
                   45 ┤ 0                                        
                   46 ┤ 0                                        
                   47 ┤ 0                                        
   sc, target = 31 48 ┤■■■■■■■■■■■■■■■■■■■■■■■■■■■■■■■■■■■■■ 5   
                   49 ┤ 0                                        
                   50 ┤■■■■■■■■■■■■■■■■■■■■■■ 3                  
                   51 ┤■■■■■■■ 1                                 
                   52 ┤■■■■■■■■■■■■■■■ 2                         
                   53 ┤ 0                                        
                   54 ┤■■■■■■■ 1                                 
                   55 ┤ 0                                        
                   56 ┤■■■■■■■ 1                                 
                   57 ┤■■■■■■■■■■■■■■■ 2                         
                   58 ┤■■■■■■■ 1                                 
                   59 ┤■■■■■■■■■■■■■■■ 2                         
                      └                                        ┘ 
                                     num of slices               
[ Info: slicing branch with sc: 37.0
[ Info: cc.sc: 37.0
region size: 10
tbl0_rows:32 filtered_rows:32
QIP_gurobi_bound: solver finished in 1.753 s (time_limit=100.0 s, status=OPTIMAL)
[ Info: slice 1, lp_score: 5397.0, primal_bound: 5397.0
[ Info: new_scs: [37]
[ Info: lp_scores: [5397.0]
[ Info: lp_scores: 5397.0
[ Info: current num of unfinished slices: 20, finished slices: 5
                      ┌                                        ┐ 
                   37 ┤■■■■■■■ 1                                 
                   38 ┤ 0                                        
                   39 ┤ 0                                        
                   40 ┤ 0                                        
                   41 ┤ 0                                        
                   42 ┤ 0                                        
                   43 ┤ 0                                        
                   44 ┤■■■■■■■ 1                                 
                   45 ┤ 0                                        
                   46 ┤ 0                                        
                   47 ┤ 0                                        
   sc, target = 31 48 ┤■■■■■■■■■■■■■■■■■■■■■■■■■■■■■■■■■■■■■ 5   
                   49 ┤ 0                                        
                   50 ┤■■■■■■■■■■■■■■■■■■■■■■ 3                  
                   51 ┤■■■■■■■ 1                                 
                   52 ┤■■■■■■■■■■■■■■■ 2                         
                   53 ┤ 0                                        
                   54 ┤■■■■■■■ 1                                 
                   55 ┤ 0                                        
                   56 ┤■■■■■■■ 1                                 
                   57 ┤■■■■■■■■■■■■■■■ 2                         
                   58 ┤■■■■■■■ 1                                 
                   59 ┤■■■■■■■■■■■■■■■ 2                         
                      └                                        ┘ 
                                     num of slices               
[ Info: slicing branch with sc: 37.0
[ Info: cc.sc: 37.0
region size: 10
tbl0_rows:58 filtered_rows:58
QIP_gurobi_bound: solver finished in 1.555 s (time_limit=100.0 s, status=OPTIMAL)
[ Info: slice 1, lp_score: 5396.0, primal_bound: 5397.0
QIP_gurobi_bound: solver finished in 1.931 s (time_limit=100.0 s, status=OPTIMAL)
[ Info: slice 2, lp_score: 5397.0, primal_bound: 5397.0
[ Info: new_scs: [36]
[ Info: lp_scores: [5397.0]
[ Info: lp_scores: 5397.0
[ Info: current num of unfinished slices: 20, finished slices: 5
                      ┌                                        ┐ 
                   36 ┤■■■■■■■ 1                                 
                   37 ┤ 0                                        
                   38 ┤ 0                                        
                   39 ┤ 0                                        
                   40 ┤ 0                                        
                   41 ┤ 0                                        
                   42 ┤ 0                                        
                   43 ┤ 0                                        
                   44 ┤■■■■■■■ 1                                 
                   45 ┤ 0                                        
                   46 ┤ 0                                        
   sc, target = 31 47 ┤ 0                                        
                   48 ┤■■■■■■■■■■■■■■■■■■■■■■■■■■■■■■■■■■■■■ 5   
                   49 ┤ 0                                        
                   50 ┤■■■■■■■■■■■■■■■■■■■■■■ 3                  
                   51 ┤■■■■■■■ 1                                 
                   52 ┤■■■■■■■■■■■■■■■ 2                         
                   53 ┤ 0                                        
                   54 ┤■■■■■■■ 1                                 
                   55 ┤ 0                                        
                   56 ┤■■■■■■■ 1                                 
                   57 ┤■■■■■■■■■■■■■■■ 2                         
                   58 ┤■■■■■■■ 1                                 
                   59 ┤■■■■■■■■■■■■■■■ 2                         
                      └                                        ┘ 
                                     num of slices               
[ Info: slicing branch with sc: 36.0
[ Info: cc.sc: 36.0
region size: 10
tbl0_rows:26 filtered_rows:26
QIP_gurobi_bound: solver finished in 1.975 s (time_limit=100.0 s, status=OPTIMAL)
[ Info: slice 1, lp_score: 5396.0, primal_bound: 5397.0
QIP_gurobi_bound: solver finished in 1.548 s (time_limit=100.0 s, status=OPTIMAL)
[ Info: slice 2, lp_score: 5397.0, primal_bound: 5397.0
[ Info: new_scs: [35]
[ Info: lp_scores: [5397.0]
[ Info: lp_scores: 5397.0
[ Info: current num of unfinished slices: 20, finished slices: 5
                      ┌                                        ┐ 
                   35 ┤■■■■■■■ 1                                 
                   36 ┤ 0                                        
                   37 ┤ 0                                        
                   38 ┤ 0                                        
                   39 ┤ 0                                        
                   40 ┤ 0                                        
                   41 ┤ 0                                        
                   42 ┤ 0                                        
                   43 ┤ 0                                        
                   44 ┤■■■■■■■ 1                                 
                   45 ┤ 0                                        
                   46 ┤ 0                                        
   sc, target = 31 47 ┤ 0                                        
                   48 ┤■■■■■■■■■■■■■■■■■■■■■■■■■■■■■■■■■■■■■ 5   
                   49 ┤ 0                                        
                   50 ┤■■■■■■■■■■■■■■■■■■■■■■ 3                  
                   51 ┤■■■■■■■ 1                                 
                   52 ┤■■■■■■■■■■■■■■■ 2                         
                   53 ┤ 0                                        
                   54 ┤■■■■■■■ 1                                 
                   55 ┤ 0                                        
                   56 ┤■■■■■■■ 1                                 
                   57 ┤■■■■■■■■■■■■■■■ 2                         
                   58 ┤■■■■■■■ 1                                 
                   59 ┤■■■■■■■■■■■■■■■ 2                         
                      └                                        ┘ 
                                     num of slices               
[ Info: slicing branch with sc: 35.0
[ Info: cc.sc: 35.0
region size: 10
tbl0_rows:62 filtered_rows:62
QIP_gurobi_bound: solver finished in 1.586 s (time_limit=100.0 s, status=OPTIMAL)
[ Info: slice 1, lp_score: 5397.0, primal_bound: 5397.0
QIP_gurobi_bound: solver finished in 1.795 s (time_limit=100.0 s, status=OPTIMAL)
[ Info: slice 2, lp_score: 5394.0, primal_bound: 5397.0
[ Info: new_scs: [35]
[ Info: lp_scores: [5397.0]
[ Info: lp_scores: 5397.0
[ Info: current num of unfinished slices: 20, finished slices: 5
                      ┌                                        ┐ 
                   35 ┤■■■■■■■ 1                                 
                   36 ┤ 0                                        
                   37 ┤ 0                                        
                   38 ┤ 0                                        
                   39 ┤ 0                                        
                   40 ┤ 0                                        
                   41 ┤ 0                                        
                   42 ┤ 0                                        
                   43 ┤ 0                                        
                   44 ┤■■■■■■■ 1                                 
                   45 ┤ 0                                        
                   46 ┤ 0                                        
   sc, target = 31 47 ┤ 0                                        
                   48 ┤■■■■■■■■■■■■■■■■■■■■■■■■■■■■■■■■■■■■■ 5   
                   49 ┤ 0                                        
                   50 ┤■■■■■■■■■■■■■■■■■■■■■■ 3                  
                   51 ┤■■■■■■■ 1                                 
                   52 ┤■■■■■■■■■■■■■■■ 2                         
                   53 ┤ 0                                        
                   54 ┤■■■■■■■ 1                                 
                   55 ┤ 0                                        
                   56 ┤■■■■■■■ 1                                 
                   57 ┤■■■■■■■■■■■■■■■ 2                         
                   58 ┤■■■■■■■ 1                                 
                   59 ┤■■■■■■■■■■■■■■■ 2                         
                      └                                        ┘ 
                                     num of slices               
[ Info: slicing branch with sc: 35.0
[ Info: cc.sc: 35.0
region size: 10
tbl0_rows:20 filtered_rows:20
QIP_gurobi_bound: solver finished in 1.693 s (time_limit=100.0 s, status=OPTIMAL)
[ Info: slice 1, lp_score: 5396.0, primal_bound: 5397.0
QIP_gurobi_bound: solver finished in 1.622 s (time_limit=100.0 s, status=OPTIMAL)
[ Info: slice 2, lp_score: 5397.0, primal_bound: 5397.0
[ Info: new_scs: [34]
[ Info: lp_scores: [5397.0]
[ Info: lp_scores: 5397.0
[ Info: current num of unfinished slices: 20, finished slices: 5
                      ┌                                        ┐ 
                   34 ┤■■■■■■■ 1                                 
                   35 ┤ 0                                        
                   36 ┤ 0                                        
                   37 ┤ 0                                        
                   38 ┤ 0                                        
                   39 ┤ 0                                        
                   40 ┤ 0                                        
                   41 ┤ 0                                        
                   42 ┤ 0                                        
                   43 ┤ 0                                        
                   44 ┤■■■■■■■ 1                                 
                   45 ┤ 0                                        
   sc, target = 31 46 ┤ 0                                        
                   47 ┤ 0                                        
                   48 ┤■■■■■■■■■■■■■■■■■■■■■■■■■■■■■■■■■■■■■ 5   
                   49 ┤ 0                                        
                   50 ┤■■■■■■■■■■■■■■■■■■■■■■ 3                  
                   51 ┤■■■■■■■ 1                                 
                   52 ┤■■■■■■■■■■■■■■■ 2                         
                   53 ┤ 0                                        
                   54 ┤■■■■■■■ 1                                 
                   55 ┤ 0                                        
                   56 ┤■■■■■■■ 1                                 
                   57 ┤■■■■■■■■■■■■■■■ 2                         
                   58 ┤■■■■■■■ 1                                 
                   59 ┤■■■■■■■■■■■■■■■ 2                         
                      └                                        ┘ 
                                     num of slices               
[ Info: slicing branch with sc: 34.0
[ Info: cc.sc: 34.0
region size: 10
tbl0_rows:69 filtered_rows:69
QIP_gurobi_bound: solver finished in 1.46 s (time_limit=100.0 s, status=OPTIMAL)
[ Info: slice 1, lp_score: 5395.0, primal_bound: 5397.0
QIP_gurobi_bound: solver finished in 1.452 s (time_limit=100.0 s, status=OPTIMAL)
[ Info: slice 2, lp_score: 5396.0, primal_bound: 5397.0
QIP_gurobi_bound: solver finished in 1.516 s (time_limit=100.0 s, status=OPTIMAL)
[ Info: slice 3, lp_score: 5391.0, primal_bound: 5397.0
QIP_gurobi_bound: solver finished in 1.424 s (time_limit=100.0 s, status=OPTIMAL)
[ Info: slice 4, lp_score: 5392.0, primal_bound: 5397.0
QIP_gurobi_bound: solver finished in 1.41 s (time_limit=100.0 s, status=OPTIMAL)
[ Info: slice 5, lp_score: 5396.0, primal_bound: 5397.0
QIP_gurobi_bound: solver finished in 1.362 s (time_limit=100.0 s, status=OPTIMAL)
[ Info: slice 6, lp_score: 5391.0, primal_bound: 5397.0
QIP_gurobi_bound: solver finished in 1.968 s (time_limit=100.0 s, status=OPTIMAL)
[ Info: slice 7, lp_score: 5396.0, primal_bound: 5397.0
QIP_gurobi_bound: solver finished in 1.419 s (time_limit=100.0 s, status=OPTIMAL)
[ Info: slice 8, lp_score: 5397.0, primal_bound: 5397.0
[ Info: new_scs: [32]
[ Info: lp_scores: [5397.0]
[ Info: lp_scores: 5397.0
[ Info: current num of unfinished slices: 20, finished slices: 5
                      ┌                                        ┐ 
                   32 ┤■■■■■■■ 1                                 
                   33 ┤ 0                                        
                   34 ┤ 0                                        
                   35 ┤ 0                                        
                   36 ┤ 0                                        
                   37 ┤ 0                                        
                   38 ┤ 0                                        
                   39 ┤ 0                                        
                   40 ┤ 0                                        
                   41 ┤ 0                                        
                   42 ┤ 0                                        
                   43 ┤ 0                                        
                   44 ┤■■■■■■■ 1                                 
   sc, target = 31 45 ┤ 0                                        
                   46 ┤ 0                                        
                   47 ┤ 0                                        
                   48 ┤■■■■■■■■■■■■■■■■■■■■■■■■■■■■■■■■■■■■■ 5   
                   49 ┤ 0                                        
                   50 ┤■■■■■■■■■■■■■■■■■■■■■■ 3                  
                   51 ┤■■■■■■■ 1                                 
                   52 ┤■■■■■■■■■■■■■■■ 2                         
                   53 ┤ 0                                        
                   54 ┤■■■■■■■ 1                                 
                   55 ┤ 0                                        
                   56 ┤■■■■■■■ 1                                 
                   57 ┤■■■■■■■■■■■■■■■ 2                         
                   58 ┤■■■■■■■ 1                                 
                   59 ┤■■■■■■■■■■■■■■■ 2                         
                      └                                        ┘ 
                                     num of slices               
[ Info: slicing branch with sc: 32.0
[ Info: cc.sc: 32.0
region size: 10
tbl0_rows:10 filtered_rows:10
QIP_gurobi_bound: solver finished in 5.29 s (time_limit=100.0 s, status=OPTIMAL)
[ Info: slice 1, lp_score: 5397.0, primal_bound: 5397.0
[ Info: new_scs: [31]
[ Info: lp_scores: [5397.0]
[ Info: lp_scores: 5397.0
[ Info: current num of unfinished slices: 20, finished slices: 5
                      ┌                                        ┐ 
                   31 ┤■■■■■■■ 1                                 
                   32 ┤ 0                                        
                   33 ┤ 0                                        
                   34 ┤ 0                                        
                   35 ┤ 0                                        
                   36 ┤ 0                                        
                   37 ┤ 0                                        
                   38 ┤ 0                                        
                   39 ┤ 0                                        
                   40 ┤ 0                                        
                   41 ┤ 0                                        
                   42 ┤ 0                                        
                   43 ┤ 0                                        
                   44 ┤■■■■■■■ 1                                 
   sc, target = 31 45 ┤ 0                                        
                   46 ┤ 0                                        
                   47 ┤ 0                                        
                   48 ┤■■■■■■■■■■■■■■■■■■■■■■■■■■■■■■■■■■■■■ 5   
                   49 ┤ 0                                        
                   50 ┤■■■■■■■■■■■■■■■■■■■■■■ 3                  
                   51 ┤■■■■■■■ 1                                 
                   52 ┤■■■■■■■■■■■■■■■ 2                         
                   53 ┤ 0                                        
                   54 ┤■■■■■■■ 1                                 
                   55 ┤ 0                                        
                   56 ┤■■■■■■■ 1                                 
                   57 ┤■■■■■■■■■■■■■■■ 2                         
                   58 ┤■■■■■■■ 1                                 
                   59 ┤■■■■■■■■■■■■■■■ 2                         
                      └                                        ┘ 
                                     num of slices               
[ Info: slicing branch with sc: 31.0
  [slice produced] sc=31.0 tc=45.6230662865563 nv=3539 ne=6899 r=58.5
QIP_value_gurobi: solver finished in 5.373 s (time_limit=604800.0 s, status=OPTIMAL)
[ Info: feasible solution: 5397.0, primal bound: 5397.0
[ Info: current num of unfinished slices: 19, finished slices: 6
                      ┌                                        ┐ 
                   44 ┤■■■■■■■ 1                                 
                   45 ┤ 0                                        
                   46 ┤ 0                                        
                   47 ┤ 0                                        
                   48 ┤■■■■■■■■■■■■■■■■■■■■■■■■■■■■■■■■■■■■■ 5   
                   49 ┤ 0                                        
                   50 ┤■■■■■■■■■■■■■■■■■■■■■■ 3                  
   sc, target = 31 51 ┤■■■■■■■ 1                                 
                   52 ┤■■■■■■■■■■■■■■■ 2                         
                   53 ┤ 0                                        
                   54 ┤■■■■■■■ 1                                 
                   55 ┤ 0                                        
                   56 ┤■■■■■■■ 1                                 
                   57 ┤■■■■■■■■■■■■■■■ 2                         
                   58 ┤■■■■■■■ 1                                 
                   59 ┤■■■■■■■■■■■■■■■ 2                         
                      └                                        ┘ 
                                     num of slices               
[ Info: slicing branch with sc: 44.0
[ Info: cc.sc: 44.0
region size: 10
tbl0_rows:37 filtered_rows:37
QIP_gurobi_bound: solver finished in 1.591 s (time_limit=100.0 s, status=OPTIMAL)
[ Info: slice 1, lp_score: 5392.0, primal_bound: 5397.0
QIP_gurobi_bound: solver finished in 1.378 s (time_limit=100.0 s, status=OPTIMAL)
[ Info: slice 2, lp_score: 5392.0, primal_bound: 5397.0
[ Info: new_scs: Int64[]
[ Info: lp_scores: Float64[]
[ Info: current num of unfinished slices: 18, finished slices: 6
                      ┌                                        ┐ 
                   48 ┤■■■■■■■■■■■■■■■■■■■■■■■■■■■■■■■■■■■■■ 5   
                   49 ┤ 0                                        
                   50 ┤■■■■■■■■■■■■■■■■■■■■■■ 3                  
                   51 ┤■■■■■■■ 1                                 
                   52 ┤■■■■■■■■■■■■■■■ 2                         
   sc, target = 31 53 ┤ 0                                        
                   54 ┤■■■■■■■ 1                                 
                   55 ┤ 0                                        
                   56 ┤■■■■■■■ 1                                 
                   57 ┤■■■■■■■■■■■■■■■ 2                         
                   58 ┤■■■■■■■ 1                                 
                   59 ┤■■■■■■■■■■■■■■■ 2                         
                      └                                        ┘ 
                                     num of slices               
[ Info: slicing branch with sc: 48.0
[ Info: cc.sc: 48.0
region size: 10
tbl0_rows:81 filtered_rows:81
QIP_gurobi_bound: solver finished in 1.491 s (time_limit=100.0 s, status=OPTIMAL)
[ Info: slice 1, lp_score: 5395.0, primal_bound: 5397.0
QIP_gurobi_bound: solver finished in 1.697 s (time_limit=100.0 s, status=OPTIMAL)
[ Info: slice 2, lp_score: 5392.0, primal_bound: 5397.0
[ Info: new_scs: Int64[]
[ Info: lp_scores: Float64[]
[ Info: current num of unfinished slices: 17, finished slices: 6
                      ┌                                        ┐ 
                   48 ┤■■■■■■■■■■■■■■■■■■■■■■■■■■■■■■■■■■■■■ 4   
                   49 ┤ 0                                        
                   50 ┤■■■■■■■■■■■■■■■■■■■■■■■■■■■■ 3            
                   51 ┤■■■■■■■■■ 1                               
                   52 ┤■■■■■■■■■■■■■■■■■■■ 2                     
   sc, target = 31 53 ┤ 0                                        
                   54 ┤■■■■■■■■■ 1                               
                   55 ┤ 0                                        
                   56 ┤■■■■■■■■■ 1                               
                   57 ┤■■■■■■■■■■■■■■■■■■■ 2                     
                   58 ┤■■■■■■■■■ 1                               
                   59 ┤■■■■■■■■■■■■■■■■■■■ 2                     
                      └                                        ┘ 
                                     num of slices               
[ Info: slicing branch with sc: 48.0
[ Info: cc.sc: 48.0
region size: 10
tbl0_rows:85 filtered_rows:85
QIP_gurobi_bound: solver finished in 1.602 s (time_limit=100.0 s, status=OPTIMAL)
[ Info: slice 1, lp_score: 5391.0, primal_bound: 5397.0
QIP_gurobi_bound: solver finished in 1.995 s (time_limit=100.0 s, status=OPTIMAL)
[ Info: slice 2, lp_score: 5395.0, primal_bound: 5397.0
[ Info: new_scs: Int64[]
[ Info: lp_scores: Float64[]
[ Info: current num of unfinished slices: 16, finished slices: 6
                      ┌                                        ┐ 
                   48 ┤■■■■■■■■■■■■■■■■■■■■■■■■■■■■■■■■■■■■■ 3   
                   49 ┤ 0                                        
                   50 ┤■■■■■■■■■■■■■■■■■■■■■■■■■■■■■■■■■■■■■ 3   
                   51 ┤■■■■■■■■■■■■ 1                            
                   52 ┤■■■■■■■■■■■■■■■■■■■■■■■■■ 2               
   sc, target = 31 53 ┤ 0                                        
                   54 ┤■■■■■■■■■■■■ 1                            
                   55 ┤ 0                                        
                   56 ┤■■■■■■■■■■■■ 1                            
                   57 ┤■■■■■■■■■■■■■■■■■■■■■■■■■ 2               
                   58 ┤■■■■■■■■■■■■ 1                            
                   59 ┤■■■■■■■■■■■■■■■■■■■■■■■■■ 2               
                      └                                        ┘ 
                                     num of slices               
[ Info: slicing branch with sc: 48.0
[ Info: cc.sc: 48.0
region size: 10
tbl0_rows:81 filtered_rows:81
QIP_gurobi_bound: solver finished in 1.742 s (time_limit=100.0 s, status=OPTIMAL)
[ Info: slice 1, lp_score: 5393.0, primal_bound: 5397.0
QIP_gurobi_bound: solver finished in 1.952 s (time_limit=100.0 s, status=OPTIMAL)
[ Info: slice 2, lp_score: 5393.0, primal_bound: 5397.0
[ Info: new_scs: Int64[]
[ Info: lp_scores: Float64[]
[ Info: current num of unfinished slices: 15, finished slices: 6
                      ┌                                        ┐ 
                   48 ┤■■■■■■■■■■■■■■■■■■■■■■■■■ 2               
                   49 ┤ 0                                        
                   50 ┤■■■■■■■■■■■■■■■■■■■■■■■■■■■■■■■■■■■■■ 3   
                   51 ┤■■■■■■■■■■■■ 1                            
                   52 ┤■■■■■■■■■■■■■■■■■■■■■■■■■ 2               
   sc, target = 31 53 ┤ 0                                        
                   54 ┤■■■■■■■■■■■■ 1                            
                   55 ┤ 0                                        
                   56 ┤■■■■■■■■■■■■ 1                            
                   57 ┤■■■■■■■■■■■■■■■■■■■■■■■■■ 2               
                   58 ┤■■■■■■■■■■■■ 1                            
                   59 ┤■■■■■■■■■■■■■■■■■■■■■■■■■ 2               
                      └                                        ┘ 
                                     num of slices               
[ Info: slicing branch with sc: 48.0
[ Info: cc.sc: 48.0
region size: 10
tbl0_rows:85 filtered_rows:85
QIP_gurobi_bound: solver finished in 2.091 s (time_limit=100.0 s, status=OPTIMAL)
[ Info: slice 1, lp_score: 5391.0, primal_bound: 5397.0
QIP_gurobi_bound: solver finished in 1.398 s (time_limit=100.0 s, status=OPTIMAL)
[ Info: slice 2, lp_score: 5393.0, primal_bound: 5397.0
[ Info: new_scs: Int64[]
[ Info: lp_scores: Float64[]
[ Info: current num of unfinished slices: 14, finished slices: 6
                      ┌                                        ┐ 
                   48 ┤■■■■■■■■■■■■ 1                            
                   49 ┤ 0                                        
                   50 ┤■■■■■■■■■■■■■■■■■■■■■■■■■■■■■■■■■■■■■ 3   
                   51 ┤■■■■■■■■■■■■ 1                            
                   52 ┤■■■■■■■■■■■■■■■■■■■■■■■■■ 2               
   sc, target = 31 53 ┤ 0                                        
                   54 ┤■■■■■■■■■■■■ 1                            
                   55 ┤ 0                                        
                   56 ┤■■■■■■■■■■■■ 1                            
                   57 ┤■■■■■■■■■■■■■■■■■■■■■■■■■ 2               
                   58 ┤■■■■■■■■■■■■ 1                            
                   59 ┤■■■■■■■■■■■■■■■■■■■■■■■■■ 2               
                      └                                        ┘ 
                                     num of slices               
[ Info: slicing branch with sc: 48.0
[ Info: cc.sc: 48.0
region size: 10
tbl0_rows:51 filtered_rows:51
QIP_gurobi_bound: solver finished in 1.557 s (time_limit=100.0 s, status=OPTIMAL)
[ Info: slice 1, lp_score: 5395.0, primal_bound: 5397.0
QIP_gurobi_bound: solver finished in 1.559 s (time_limit=100.0 s, status=OPTIMAL)
[ Info: slice 2, lp_score: 5395.0, primal_bound: 5397.0
[ Info: new_scs: Int64[]
[ Info: lp_scores: Float64[]
[ Info: current num of unfinished slices: 13, finished slices: 6
                      ┌                                        ┐ 
                   50 ┤■■■■■■■■■■■■■■■■■■■■■■■■■■■■■■■■■■■■■ 3   
                   51 ┤■■■■■■■■■■■■ 1                            
                   52 ┤■■■■■■■■■■■■■■■■■■■■■■■■■ 2               
                   53 ┤ 0                                        
   sc, target = 31 54 ┤■■■■■■■■■■■■ 1                            
                   55 ┤ 0                                        
                   56 ┤■■■■■■■■■■■■ 1                            
                   57 ┤■■■■■■■■■■■■■■■■■■■■■■■■■ 2               
                   58 ┤■■■■■■■■■■■■ 1                            
                   59 ┤■■■■■■■■■■■■■■■■■■■■■■■■■ 2               
                      └                                        ┘ 
                                     num of slices               
[ Info: slicing branch with sc: 51.0
[ Info: cc.sc: 51.0
region size: 10
tbl0_rows:35 filtered_rows:35
QIP_gurobi_bound: solver finished in 2.06 s (time_limit=100.0 s, status=OPTIMAL)
[ Info: slice 1, lp_score: 5393.0, primal_bound: 5397.0
QIP_gurobi_bound: solver finished in 1.488 s (time_limit=100.0 s, status=OPTIMAL)
[ Info: slice 2, lp_score: 5390.0, primal_bound: 5397.0
QIP_gurobi_bound: solver finished in 2.245 s (time_limit=100.0 s, status=OPTIMAL)
[ Info: slice 3, lp_score: 5394.0, primal_bound: 5397.0
[ Info: new_scs: Int64[]
[ Info: lp_scores: Float64[]
[ Info: current num of unfinished slices: 12, finished slices: 6
                      ┌                                        ┐ 
                   50 ┤■■■■■■■■■■■■■■■■■■■■■■■■■■■■■■■■■■■■■ 3   
                   51 ┤ 0                                        
                   52 ┤■■■■■■■■■■■■■■■■■■■■■■■■■ 2               
                   53 ┤ 0                                        
   sc, target = 31 54 ┤■■■■■■■■■■■■ 1                            
                   55 ┤ 0                                        
                   56 ┤■■■■■■■■■■■■ 1                            
                   57 ┤■■■■■■■■■■■■■■■■■■■■■■■■■ 2               
                   58 ┤■■■■■■■■■■■■ 1                            
                   59 ┤■■■■■■■■■■■■■■■■■■■■■■■■■ 2               
                      └                                        ┘ 
                                     num of slices               
[ Info: slicing branch with sc: 50.0
[ Info: cc.sc: 50.0
region size: 10
tbl0_rows:68 filtered_rows:68
QIP_gurobi_bound: solver finished in 1.931 s (time_limit=100.0 s, status=OPTIMAL)
[ Info: slice 1, lp_score: 5391.0, primal_bound: 5397.0
QIP_gurobi_bound: solver finished in 2.098 s (time_limit=100.0 s, status=OPTIMAL)
[ Info: slice 2, lp_score: 5394.0, primal_bound: 5397.0
[ Info: new_scs: Int64[]
[ Info: lp_scores: Float64[]
[ Info: current num of unfinished slices: 11, finished slices: 6
                      ┌                                        ┐ 
                   50 ┤■■■■■■■■■■■■■■■■■■■■■■■■■■■■■■■■■■■■■ 2   
                   51 ┤ 0                                        
                   52 ┤■■■■■■■■■■■■■■■■■■■■■■■■■■■■■■■■■■■■■ 2   
                   53 ┤ 0                                        
   sc, target = 31 54 ┤■■■■■■■■■■■■■■■■■■■ 1                     
                   55 ┤ 0                                        
                   56 ┤■■■■■■■■■■■■■■■■■■■ 1                     
                   57 ┤■■■■■■■■■■■■■■■■■■■■■■■■■■■■■■■■■■■■■ 2   
                   58 ┤■■■■■■■■■■■■■■■■■■■ 1                     
                   59 ┤■■■■■■■■■■■■■■■■■■■■■■■■■■■■■■■■■■■■■ 2   
                      └                                        ┘ 
                                     num of slices               
[ Info: slicing branch with sc: 52.0
[ Info: cc.sc: 52.0
region size: 10
tbl0_rows:66 filtered_rows:66
QIP_gurobi_bound: solver finished in 1.583 s (time_limit=100.0 s, status=OPTIMAL)
[ Info: slice 1, lp_score: 5393.0, primal_bound: 5397.0
QIP_gurobi_bound: solver finished in 2.189 s (time_limit=100.0 s, status=OPTIMAL)
[ Info: slice 2, lp_score: 5396.0, primal_bound: 5397.0
[ Info: new_scs: Int64[]
[ Info: lp_scores: Float64[]
[ Info: current num of unfinished slices: 10, finished slices: 6
                      ┌                                        ┐ 
                   50 ┤■■■■■■■■■■■■■■■■■■■■■■■■■■■■■■■■■■■■■ 2   
                   51 ┤ 0                                        
                   52 ┤■■■■■■■■■■■■■■■■■■■ 1                     
                   53 ┤ 0                                        
   sc, target = 31 54 ┤■■■■■■■■■■■■■■■■■■■ 1                     
                   55 ┤ 0                                        
                   56 ┤■■■■■■■■■■■■■■■■■■■ 1                     
                   57 ┤■■■■■■■■■■■■■■■■■■■■■■■■■■■■■■■■■■■■■ 2   
                   58 ┤■■■■■■■■■■■■■■■■■■■ 1                     
                   59 ┤■■■■■■■■■■■■■■■■■■■■■■■■■■■■■■■■■■■■■ 2   
                      └                                        ┘ 
                                     num of slices               
[ Info: slicing branch with sc: 52.0
[ Info: cc.sc: 52.0
region size: 10
tbl0_rows:66 filtered_rows:66
QIP_gurobi_bound: solver finished in 2.236 s (time_limit=100.0 s, status=OPTIMAL)
[ Info: slice 1, lp_score: 5392.0, primal_bound: 5397.0
QIP_gurobi_bound: solver finished in 1.447 s (time_limit=100.0 s, status=OPTIMAL)
[ Info: slice 2, lp_score: 5395.0, primal_bound: 5397.0
[ Info: new_scs: Int64[]
[ Info: lp_scores: Float64[]
[ Info: current num of unfinished slices: 9, finished slices: 6
                      ┌                                        ┐ 
                   50 ┤■■■■■■■■■■■■■■■■■■■■■■■■■■■■■■■■■■■■■ 2   
                   51 ┤ 0                                        
                   52 ┤ 0                                        
                   53 ┤ 0                                        
   sc, target = 31 54 ┤■■■■■■■■■■■■■■■■■■■ 1                     
                   55 ┤ 0                                        
                   56 ┤■■■■■■■■■■■■■■■■■■■ 1                     
                   57 ┤■■■■■■■■■■■■■■■■■■■■■■■■■■■■■■■■■■■■■ 2   
                   58 ┤■■■■■■■■■■■■■■■■■■■ 1                     
                   59 ┤■■■■■■■■■■■■■■■■■■■■■■■■■■■■■■■■■■■■■ 2   
                      └                                        ┘ 
                                     num of slices               
[ Info: slicing branch with sc: 50.0
[ Info: cc.sc: 50.0
region size: 10
tbl0_rows:66 filtered_rows:66
QIP_gurobi_bound: solver finished in 1.602 s (time_limit=100.0 s, status=OPTIMAL)
[ Info: slice 1, lp_score: 5387.0, primal_bound: 5397.0
QIP_gurobi_bound: solver finished in 1.555 s (time_limit=100.0 s, status=OPTIMAL)
[ Info: slice 2, lp_score: 5390.0, primal_bound: 5397.0
[ Info: new_scs: Int64[]
[ Info: lp_scores: Float64[]
[ Info: current num of unfinished slices: 8, finished slices: 6
                      ┌                                        ┐ 
                   50 ┤■■■■■■■■■■■■■■■■■■■ 1                     
                   51 ┤ 0                                        
                   52 ┤ 0                                        
                   53 ┤ 0                                        
   sc, target = 31 54 ┤■■■■■■■■■■■■■■■■■■■ 1                     
                   55 ┤ 0                                        
                   56 ┤■■■■■■■■■■■■■■■■■■■ 1                     
                   57 ┤■■■■■■■■■■■■■■■■■■■■■■■■■■■■■■■■■■■■■ 2   
                   58 ┤■■■■■■■■■■■■■■■■■■■ 1                     
                   59 ┤■■■■■■■■■■■■■■■■■■■■■■■■■■■■■■■■■■■■■ 2   
                      └                                        ┘ 
                                     num of slices               
[ Info: slicing branch with sc: 50.0
[ Info: cc.sc: 50.0
region size: 10
tbl0_rows:66 filtered_rows:66
QIP_gurobi_bound: solver finished in 1.569 s (time_limit=100.0 s, status=OPTIMAL)
[ Info: slice 1, lp_score: 5384.0, primal_bound: 5397.0
QIP_gurobi_bound: solver finished in 1.742 s (time_limit=100.0 s, status=OPTIMAL)
[ Info: slice 2, lp_score: 5387.0, primal_bound: 5397.0
[ Info: new_scs: Int64[]
[ Info: lp_scores: Float64[]
[ Info: current num of unfinished slices: 7, finished slices: 6
                      ┌                                        ┐ 
                   54 ┤■■■■■■■■■■■■■■■■■■■ 1                     
                   55 ┤ 0                                        
   sc, target = 31 56 ┤■■■■■■■■■■■■■■■■■■■ 1                     
                   57 ┤■■■■■■■■■■■■■■■■■■■■■■■■■■■■■■■■■■■■■ 2   
                   58 ┤■■■■■■■■■■■■■■■■■■■ 1                     
                   59 ┤■■■■■■■■■■■■■■■■■■■■■■■■■■■■■■■■■■■■■ 2   
                      └                                        ┘ 
                                     num of slices               
[ Info: slicing branch with sc: 56.0
[ Info: cc.sc: 56.0
region size: 10
tbl0_rows:91 filtered_rows:91
QIP_gurobi_bound: solver finished in 4.996 s (time_limit=100.0 s, status=OPTIMAL)
[ Info: slice 1, lp_score: 5391.0, primal_bound: 5397.0
QIP_gurobi_bound: solver finished in 1.48 s (time_limit=100.0 s, status=OPTIMAL)
[ Info: slice 2, lp_score: 5392.0, primal_bound: 5397.0
QIP_gurobi_bound: solver finished in 1.485 s (time_limit=100.0 s, status=OPTIMAL)
[ Info: slice 3, lp_score: 5393.0, primal_bound: 5397.0
[ Info: new_scs: Int64[]
[ Info: lp_scores: Float64[]
[ Info: current num of unfinished slices: 6, finished slices: 6
                      ┌                                        ┐ 
                   54 ┤■■■■■■■■■■■■■■■■■■■ 1                     
                   55 ┤ 0                                        
   sc, target = 31 56 ┤ 0                                        
                   57 ┤■■■■■■■■■■■■■■■■■■■■■■■■■■■■■■■■■■■■■ 2   
                   58 ┤■■■■■■■■■■■■■■■■■■■ 1                     
                   59 ┤■■■■■■■■■■■■■■■■■■■■■■■■■■■■■■■■■■■■■ 2   
                      └                                        ┘ 
                                     num of slices               
[ Info: slicing branch with sc: 57.0
[ Info: cc.sc: 57.0
region size: 10
tbl0_rows:91 filtered_rows:91
QIP_gurobi_bound: solver finished in 1.469 s (time_limit=100.0 s, status=OPTIMAL)
[ Info: slice 1, lp_score: 5391.0, primal_bound: 5397.0
QIP_gurobi_bound: solver finished in 2.171 s (time_limit=100.0 s, status=OPTIMAL)
[ Info: slice 2, lp_score: 5389.0, primal_bound: 5397.0
QIP_gurobi_bound: solver finished in 1.493 s (time_limit=100.0 s, status=OPTIMAL)
[ Info: slice 3, lp_score: 5393.0, primal_bound: 5397.0
[ Info: new_scs: Int64[]
[ Info: lp_scores: Float64[]
[ Info: current num of unfinished slices: 5, finished slices: 6
                      ┌                                        ┐ 
                   54 ┤■■■■■■■■■■■■■■■■■■■ 1                     
                   55 ┤ 0                                        
   sc, target = 31 56 ┤ 0                                        
                   57 ┤■■■■■■■■■■■■■■■■■■■ 1                     
                   58 ┤■■■■■■■■■■■■■■■■■■■ 1                     
                   59 ┤■■■■■■■■■■■■■■■■■■■■■■■■■■■■■■■■■■■■■ 2   
                      └                                        ┘ 
                                     num of slices               
[ Info: slicing branch with sc: 54.0
[ Info: cc.sc: 54.0
region size: 10
tbl0_rows:91 filtered_rows:91
QIP_gurobi_bound: solver finished in 1.809 s (time_limit=100.0 s, status=OPTIMAL)
[ Info: slice 1, lp_score: 5388.0, primal_bound: 5397.0
QIP_gurobi_bound: solver finished in 1.915 s (time_limit=100.0 s, status=OPTIMAL)
[ Info: slice 2, lp_score: 5386.0, primal_bound: 5397.0
QIP_gurobi_bound: solver finished in 1.475 s (time_limit=100.0 s, status=OPTIMAL)
[ Info: slice 3, lp_score: 5390.0, primal_bound: 5397.0
[ Info: new_scs: Int64[]
[ Info: lp_scores: Float64[]
[ Info: current num of unfinished slices: 4, finished slices: 6
                      ┌                                        ┐ 
                   57 ┤■■■■■■■■■■■■■■■■■■■ 1                     
   sc, target = 31 58 ┤■■■■■■■■■■■■■■■■■■■ 1                     
                   59 ┤■■■■■■■■■■■■■■■■■■■■■■■■■■■■■■■■■■■■■ 2   
                      └                                        ┘ 
                                     num of slices               
[ Info: slicing branch with sc: 59.0
[ Info: cc.sc: 59.0
region size: 10
tbl0_rows:65 filtered_rows:65
QIP_gurobi_bound: solver finished in 1.453 s (time_limit=100.0 s, status=OPTIMAL)
[ Info: slice 1, lp_score: 5392.0, primal_bound: 5397.0
QIP_gurobi_bound: solver finished in 1.534 s (time_limit=100.0 s, status=OPTIMAL)
[ Info: slice 2, lp_score: 5389.0, primal_bound: 5397.0
QIP_gurobi_bound: solver finished in 2.173 s (time_limit=100.0 s, status=OPTIMAL)
[ Info: slice 3, lp_score: 5396.0, primal_bound: 5397.0
QIP_gurobi_bound: solver finished in 2.054 s (time_limit=100.0 s, status=OPTIMAL)
[ Info: slice 4, lp_score: 5391.0, primal_bound: 5397.0
[ Info: new_scs: Int64[]
[ Info: lp_scores: Float64[]
[ Info: current num of unfinished slices: 3, finished slices: 6
                      ┌                                        ┐ 
                   57 ┤■■■■■■■■■■■■■■■■■■■■■■■■■■■■■■■■■■■■■ 1   
   sc, target = 31 58 ┤■■■■■■■■■■■■■■■■■■■■■■■■■■■■■■■■■■■■■ 1   
                   59 ┤■■■■■■■■■■■■■■■■■■■■■■■■■■■■■■■■■■■■■ 1   
                      └                                        ┘ 
                                     num of slices               
[ Info: slicing branch with sc: 58.0
[ Info: cc.sc: 58.0
region size: 10
tbl0_rows:65 filtered_rows:65
QIP_gurobi_bound: solver finished in 1.412 s (time_limit=100.0 s, status=OPTIMAL)
[ Info: slice 1, lp_score: 5393.0, primal_bound: 5397.0
QIP_gurobi_bound: solver finished in 1.701 s (time_limit=100.0 s, status=OPTIMAL)
[ Info: slice 2, lp_score: 5389.0, primal_bound: 5397.0
QIP_gurobi_bound: solver finished in 1.703 s (time_limit=100.0 s, status=OPTIMAL)
[ Info: slice 3, lp_score: 5386.0, primal_bound: 5397.0
QIP_gurobi_bound: solver finished in 1.626 s (time_limit=100.0 s, status=OPTIMAL)
[ Info: slice 4, lp_score: 5388.0, primal_bound: 5397.0
[ Info: new_scs: Int64[]
[ Info: lp_scores: Float64[]
[ Info: current num of unfinished slices: 2, finished slices: 6
                      ┌                                        ┐ 
                   57 ┤■■■■■■■■■■■■■■■■■■■■■■■■■■■■■■■■■■■■■ 1   
   sc, target = 31 58 ┤ 0                                        
                   59 ┤■■■■■■■■■■■■■■■■■■■■■■■■■■■■■■■■■■■■■ 1   
                      └                                        ┘ 
                                     num of slices               
[ Info: slicing branch with sc: 57.0
[ Info: cc.sc: 57.0
region size: 10
tbl0_rows:65 filtered_rows:65
QIP_gurobi_bound: solver finished in 1.524 s (time_limit=100.0 s, status=OPTIMAL)
[ Info: slice 1, lp_score: 5386.0, primal_bound: 5397.0
QIP_gurobi_bound: solver finished in 1.733 s (time_limit=100.0 s, status=OPTIMAL)
[ Info: slice 2, lp_score: 5389.0, primal_bound: 5397.0
QIP_gurobi_bound: solver finished in 1.552 s (time_limit=100.0 s, status=OPTIMAL)
[ Info: slice 3, lp_score: 5393.0, primal_bound: 5397.0
QIP_gurobi_bound: solver finished in 1.458 s (time_limit=100.0 s, status=OPTIMAL)
[ Info: slice 4, lp_score: 5389.0, primal_bound: 5397.0
[ Info: new_scs: Int64[]
[ Info: lp_scores: Float64[]
[ Info: current num of unfinished slices: 1, finished slices: 6
                      ┌                                        ┐ 
   sc, target = 31 59 ┤■■■■■■■■■■■■■■■■■■■■■■■■■■■■■■■■■■■■■ 1   
                      └                                        ┘ 
                                     num of slices               
[ Info: slicing branch with sc: 59.0
[ Info: cc.sc: 59.0
region size: 10
tbl0_rows:65 filtered_rows:65
QIP_gurobi_bound: solver finished in 1.613 s (time_limit=100.0 s, status=OPTIMAL)
[ Info: slice 1, lp_score: 5384.0, primal_bound: 5397.0
QIP_gurobi_bound: solver finished in 5.629 s (time_limit=100.0 s, status=OPTIMAL)
[ Info: slice 2, lp_score: 5386.0, primal_bound: 5397.0
QIP_gurobi_bound: solver finished in 1.961 s (time_limit=100.0 s, status=OPTIMAL)
[ Info: slice 3, lp_score: 5391.0, primal_bound: 5397.0
QIP_gurobi_bound: solver finished in 4.82 s (time_limit=100.0 s, status=OPTIMAL)
[ Info: slice 4, lp_score: 5387.0, primal_bound: 5397.0
[ Info: new_scs: Int64[]
[ Info: lp_scores: Float64[]
  finished 6 slice(s) in 3718.33s; persisting ...
  saved 6 slice(s) to /data/wangyijia/mwis/beyond_mis/branch_results/grid_Jpm1_n=60_seed=6_cheating
  branching wall time (s): 3718.330060005188
