WARNING: method definition for slice_dfs at /data/wangyijia/mwis/beyond_mis/hacked_funcs/src/spin_glass_ground_counting.jl:15 declares type variable RT but does not use it.
WARNING: method definition for #slice_dfs_lp#1 at /data/wangyijia/mwis/beyond_mis/hacked_funcs/src/spin_glass_ground_counting.jl:54 declares type variable RT but does not use it.
============================================================
[slice_spin_glass] model=../../hacked_funcs/benchmarks/models/spin_glass_models/nn_pm1/spin_glass_J±1_grid_n=60_seed=3.model  sc_target=31
============================================================
  model_name : spin_glass_J±1_grid_n=60_seed=3_cheating
  family     : j1pm1
  graph_type : grid_Jpm1
  vertices   : 3600
  edges      : 7080
  h_default  : 0.5
  meta       : Dict{String, Any}("model_path" => "/data/wangyijia/mwis/beyond_mis/hacked_funcs/benchmarks/models/spin_glass_models/nn_pm1/spin_glass_J±1_grid_n=60_seed=3.model", "family" => "j1pm1", "sc_target" => 31, "seed" => 3, "h" => 0.5, "n" => 60)
    code seed=1 -> tc=80.09371783534996, sc=61.0, rw=68.53406005374211
    code seed=2 -> tc=79.00672651368107, sc=61.0, rw=68.11971796485439
  best code complexity over seeds [1, 2]: Time complexity: 2^79.00672651368107
Space complexity: 2^61.0
Read-write complexity: 2^68.11971796485439
  branch results root : /data/wangyijia/mwis/beyond_mis/branch_results
  slice subdir        : grid_Jpm1_n=60_seed=3_cheating
Set parameter LicenseID to value 2803191
QIP_gurobi_bound: solver finished in 1.648 s (time_limit=300.0 s, status=OPTIMAL)
[ Info: initial lp_bound: 5349.0
[ Info: slicing branch with sc: 61.0
[ Info: cc.sc: 61.0
region size: 10
QIP_gurobi_bound: solver finished in 1.432 s (time_limit=100.0 s, status=OPTIMAL)
[ Info: slice 1, lp_score: 5346.0, primal_bound: 0.0
QIP_gurobi_bound: solver finished in 1.871 s (time_limit=100.0 s, status=OPTIMAL)
[ Info: slice 2, lp_score: 5346.0, primal_bound: 0.0
QIP_gurobi_bound: solver finished in 5.117 s (time_limit=100.0 s, status=OPTIMAL)
[ Info: slice 3, lp_score: 5340.0, primal_bound: 0.0
QIP_gurobi_bound: solver finished in 1.417 s (time_limit=100.0 s, status=OPTIMAL)
[ Info: slice 4, lp_score: 5349.0, primal_bound: 0.0
[ Info: new_scs: [58, 57, 60, 58]
[ Info: lp_scores: [5349.0, 5346.0, 5346.0, 5340.0]
[ Info: lp_scores: 5340.0
[ Info: lp_scores: 5346.0
[ Info: lp_scores: 5346.0
[ Info: lp_scores: 5349.0
[ Info: current num of unfinished slices: 4, finished slices: 0
                      ┌                                        ┐ 
                   57 ┤■■■■■■■■■■■■■■■■■■■ 1                     
   sc, target = 31 58 ┤■■■■■■■■■■■■■■■■■■■■■■■■■■■■■■■■■■■■■ 2   
                   59 ┤ 0                                        
                   60 ┤■■■■■■■■■■■■■■■■■■■ 1                     
                      └                                        ┘ 
                                     num of slices               
[ Info: slicing branch with sc: 58.0
[ Info: cc.sc: 58.0
region size: 10
QIP_gurobi_bound: solver finished in 1.397 s (time_limit=100.0 s, status=OPTIMAL)
[ Info: slice 1, lp_score: 5349.0, primal_bound: 0.0
QIP_gurobi_bound: solver finished in 1.603 s (time_limit=100.0 s, status=OPTIMAL)
[ Info: slice 2, lp_score: 5344.0, primal_bound: 0.0
[ Info: new_scs: [58, 57]
[ Info: lp_scores: [5349.0, 5344.0]
[ Info: lp_scores: 5344.0
[ Info: lp_scores: 5349.0
[ Info: current num of unfinished slices: 5, finished slices: 0
                      ┌                                        ┐ 
                   57 ┤■■■■■■■■■■■■■■■■■■■■■■■■■■■■■■■■■■■■■ 2   
   sc, target = 31 58 ┤■■■■■■■■■■■■■■■■■■■■■■■■■■■■■■■■■■■■■ 2   
                   59 ┤ 0                                        
                   60 ┤■■■■■■■■■■■■■■■■■■■ 1                     
                      └                                        ┘ 
                                     num of slices               
[ Info: slicing branch with sc: 58.0
[ Info: cc.sc: 58.0
region size: 10
QIP_gurobi_bound: solver finished in 1.424 s (time_limit=100.0 s, status=OPTIMAL)
[ Info: slice 1, lp_score: 5348.0, primal_bound: 0.0
QIP_gurobi_bound: solver finished in 1.46 s (time_limit=100.0 s, status=OPTIMAL)
[ Info: slice 2, lp_score: 5344.0, primal_bound: 0.0
QIP_gurobi_bound: solver finished in 5.425 s (time_limit=100.0 s, status=OPTIMAL)
[ Info: slice 3, lp_score: 5349.0, primal_bound: 0.0
[ Info: new_scs: [55, 54, 52]
[ Info: lp_scores: [5349.0, 5348.0, 5344.0]
[ Info: lp_scores: 5344.0
[ Info: lp_scores: 5348.0
[ Info: lp_scores: 5349.0
[ Info: current num of unfinished slices: 7, finished slices: 0
                      ┌                                        ┐ 
                   52 ┤■■■■■■■■■■■■■■■■■■■ 1                     
                   53 ┤ 0                                        
                   54 ┤■■■■■■■■■■■■■■■■■■■ 1                     
                   55 ┤■■■■■■■■■■■■■■■■■■■ 1                     
   sc, target = 31 56 ┤ 0                                        
                   57 ┤■■■■■■■■■■■■■■■■■■■■■■■■■■■■■■■■■■■■■ 2   
                   58 ┤■■■■■■■■■■■■■■■■■■■ 1                     
                   59 ┤ 0                                        
                   60 ┤■■■■■■■■■■■■■■■■■■■ 1                     
                      └                                        ┘ 
                                     num of slices               
[ Info: slicing branch with sc: 55.0
[ Info: cc.sc: 55.0
region size: 10
QIP_gurobi_bound: solver finished in 1.418 s (time_limit=100.0 s, status=OPTIMAL)
[ Info: slice 1, lp_score: 5349.0, primal_bound: 0.0
QIP_gurobi_bound: solver finished in 1.451 s (time_limit=100.0 s, status=OPTIMAL)
[ Info: slice 2, lp_score: 5344.0, primal_bound: 0.0
QIP_gurobi_bound: solver finished in 1.862 s (time_limit=100.0 s, status=OPTIMAL)
[ Info: slice 3, lp_score: 5343.0, primal_bound: 0.0
QIP_gurobi_bound: solver finished in 1.495 s (time_limit=100.0 s, status=OPTIMAL)
[ Info: slice 4, lp_score: 5344.0, primal_bound: 0.0
[ Info: new_scs: [53, 52, 52, 52]
[ Info: lp_scores: [5349.0, 5344.0, 5344.0, 5343.0]
[ Info: lp_scores: 5343.0
[ Info: lp_scores: 5344.0
[ Info: lp_scores: 5344.0
[ Info: lp_scores: 5349.0
[ Info: current num of unfinished slices: 10, finished slices: 0
                      ┌                                        ┐ 
                   52 ┤■■■■■■■■■■■■■■■■■■■■■■■■■■■■■■■■■■■■■ 4   
                   53 ┤■■■■■■■■■ 1                               
                   54 ┤■■■■■■■■■ 1                               
                   55 ┤ 0                                        
   sc, target = 31 56 ┤ 0                                        
                   57 ┤■■■■■■■■■■■■■■■■■■■ 2                     
                   58 ┤■■■■■■■■■ 1                               
                   59 ┤ 0                                        
                   60 ┤■■■■■■■■■ 1                               
                      └                                        ┘ 
                                     num of slices               
[ Info: slicing branch with sc: 53.0
[ Info: cc.sc: 53.0
region size: 10
QIP_gurobi_bound: solver finished in 1.515 s (time_limit=100.0 s, status=OPTIMAL)
[ Info: slice 1, lp_score: 5336.0, primal_bound: 0.0
QIP_gurobi_bound: solver finished in 1.409 s (time_limit=100.0 s, status=OPTIMAL)
[ Info: slice 2, lp_score: 5349.0, primal_bound: 0.0
QIP_gurobi_bound: solver finished in 1.373 s (time_limit=100.0 s, status=OPTIMAL)
[ Info: slice 3, lp_score: 5349.0, primal_bound: 0.0
[ Info: new_scs: [51, 52, 50]
[ Info: lp_scores: [5349.0, 5349.0, 5336.0]
[ Info: lp_scores: 5336.0
[ Info: lp_scores: 5349.0
[ Info: lp_scores: 5349.0
[ Info: current num of unfinished slices: 12, finished slices: 0
                      ┌                                        ┐ 
                   50 ┤■■■■■■■ 1                                 
                   51 ┤■■■■■■■ 1                                 
                   52 ┤■■■■■■■■■■■■■■■■■■■■■■■■■■■■■■■■■■■■■ 5   
                   53 ┤ 0                                        
                   54 ┤■■■■■■■ 1                                 
   sc, target = 31 55 ┤ 0                                        
                   56 ┤ 0                                        
                   57 ┤■■■■■■■■■■■■■■■ 2                         
                   58 ┤■■■■■■■ 1                                 
                   59 ┤ 0                                        
                   60 ┤■■■■■■■ 1                                 
                      └                                        ┘ 
                                     num of slices               
[ Info: slicing branch with sc: 51.0
[ Info: cc.sc: 51.0
region size: 10
QIP_gurobi_bound: solver finished in 1.336 s (time_limit=100.0 s, status=OPTIMAL)
[ Info: slice 1, lp_score: 5345.0, primal_bound: 0.0
QIP_gurobi_bound: solver finished in 1.372 s (time_limit=100.0 s, status=OPTIMAL)
[ Info: slice 2, lp_score: 5349.0, primal_bound: 0.0
[ Info: new_scs: [51, 50]
[ Info: lp_scores: [5349.0, 5345.0]
[ Info: lp_scores: 5345.0
[ Info: lp_scores: 5349.0
[ Info: current num of unfinished slices: 13, finished slices: 0
                      ┌                                        ┐ 
                   50 ┤■■■■■■■■■■■■■■■ 2                         
                   51 ┤■■■■■■■ 1                                 
                   52 ┤■■■■■■■■■■■■■■■■■■■■■■■■■■■■■■■■■■■■■ 5   
                   53 ┤ 0                                        
                   54 ┤■■■■■■■ 1                                 
   sc, target = 31 55 ┤ 0                                        
                   56 ┤ 0                                        
                   57 ┤■■■■■■■■■■■■■■■ 2                         
                   58 ┤■■■■■■■ 1                                 
                   59 ┤ 0                                        
                   60 ┤■■■■■■■ 1                                 
                      └                                        ┘ 
                                     num of slices               
[ Info: slicing branch with sc: 51.0
[ Info: cc.sc: 51.0
region size: 10
QIP_gurobi_bound: solver finished in 1.381 s (time_limit=100.0 s, status=OPTIMAL)
[ Info: slice 1, lp_score: 5349.0, primal_bound: 0.0
QIP_gurobi_bound: solver finished in 1.467 s (time_limit=100.0 s, status=OPTIMAL)
[ Info: slice 2, lp_score: 5345.0, primal_bound: 0.0
[ Info: new_scs: [49, 49]
[ Info: lp_scores: [5349.0, 5345.0]
[ Info: lp_scores: 5345.0
[ Info: lp_scores: 5349.0
[ Info: current num of unfinished slices: 14, finished slices: 0
                      ┌                                        ┐ 
                   49 ┤■■■■■■■■■■■■■■■ 2                         
                   50 ┤■■■■■■■■■■■■■■■ 2                         
                   51 ┤ 0                                        
                   52 ┤■■■■■■■■■■■■■■■■■■■■■■■■■■■■■■■■■■■■■ 5   
                   53 ┤ 0                                        
   sc, target = 31 54 ┤■■■■■■■ 1                                 
                   55 ┤ 0                                        
                   56 ┤ 0                                        
                   57 ┤■■■■■■■■■■■■■■■ 2                         
                   58 ┤■■■■■■■ 1                                 
                   59 ┤ 0                                        
                   60 ┤■■■■■■■ 1                                 
                      └                                        ┘ 
                                     num of slices               
[ Info: slicing branch with sc: 49.0
[ Info: cc.sc: 49.0
region size: 10
QIP_gurobi_bound: solver finished in 1.498 s (time_limit=100.0 s, status=OPTIMAL)
[ Info: slice 1, lp_score: 5349.0, primal_bound: 0.0
QIP_gurobi_bound: solver finished in 1.379 s (time_limit=100.0 s, status=OPTIMAL)
[ Info: slice 2, lp_score: 5338.0, primal_bound: 0.0
QIP_gurobi_bound: solver finished in 1.43 s (time_limit=100.0 s, status=OPTIMAL)
[ Info: slice 3, lp_score: 5340.0, primal_bound: 0.0
QIP_gurobi_bound: solver finished in 1.24 s (time_limit=100.0 s, status=OPTIMAL)
[ Info: slice 4, lp_score: 5341.0, primal_bound: 0.0
[ Info: new_scs: [48, 47, 46, 45]
[ Info: lp_scores: [5349.0, 5341.0, 5340.0, 5338.0]
[ Info: lp_scores: 5338.0
[ Info: lp_scores: 5340.0
[ Info: lp_scores: 5341.0
[ Info: lp_scores: 5349.0
[ Info: current num of unfinished slices: 17, finished slices: 0
                      ┌                                        ┐ 
                   45 ┤■■■■■■■ 1                                 
                   46 ┤■■■■■■■ 1                                 
                   47 ┤■■■■■■■ 1                                 
                   48 ┤■■■■■■■ 1                                 
                   49 ┤■■■■■■■ 1                                 
                   50 ┤■■■■■■■■■■■■■■■ 2                         
                   51 ┤ 0                                        
   sc, target = 31 52 ┤■■■■■■■■■■■■■■■■■■■■■■■■■■■■■■■■■■■■■ 5   
                   53 ┤ 0                                        
                   54 ┤■■■■■■■ 1                                 
                   55 ┤ 0                                        
                   56 ┤ 0                                        
                   57 ┤■■■■■■■■■■■■■■■ 2                         
                   58 ┤■■■■■■■ 1                                 
                   59 ┤ 0                                        
                   60 ┤■■■■■■■ 1                                 
                      └                                        ┘ 
                                     num of slices               
[ Info: slicing branch with sc: 48.0
[ Info: cc.sc: 48.0
region size: 10
QIP_gurobi_bound: solver finished in 1.408 s (time_limit=100.0 s, status=OPTIMAL)
[ Info: slice 1, lp_score: 5349.0, primal_bound: 0.0
QIP_gurobi_bound: solver finished in 1.398 s (time_limit=100.0 s, status=OPTIMAL)
[ Info: slice 2, lp_score: 5346.0, primal_bound: 0.0
[ Info: new_scs: [47, 47]
[ Info: lp_scores: [5349.0, 5346.0]
[ Info: lp_scores: 5346.0
[ Info: lp_scores: 5349.0
[ Info: current num of unfinished slices: 18, finished slices: 0
                      ┌                                        ┐ 
                   45 ┤■■■■■■■ 1                                 
                   46 ┤■■■■■■■ 1                                 
                   47 ┤■■■■■■■■■■■■■■■■■■■■■■ 3                  
                   48 ┤ 0                                        
                   49 ┤■■■■■■■ 1                                 
                   50 ┤■■■■■■■■■■■■■■■ 2                         
                   51 ┤ 0                                        
   sc, target = 31 52 ┤■■■■■■■■■■■■■■■■■■■■■■■■■■■■■■■■■■■■■ 5   
                   53 ┤ 0                                        
                   54 ┤■■■■■■■ 1                                 
                   55 ┤ 0                                        
                   56 ┤ 0                                        
                   57 ┤■■■■■■■■■■■■■■■ 2                         
                   58 ┤■■■■■■■ 1                                 
                   59 ┤ 0                                        
                   60 ┤■■■■■■■ 1                                 
                      └                                        ┘ 
                                     num of slices               
[ Info: slicing branch with sc: 47.0
[ Info: cc.sc: 47.0
region size: 10
QIP_gurobi_bound: solver finished in 1.409 s (time_limit=100.0 s, status=OPTIMAL)
[ Info: slice 1, lp_score: 5349.0, primal_bound: 0.0
QIP_gurobi_bound: solver finished in 1.301 s (time_limit=100.0 s, status=OPTIMAL)
[ Info: slice 2, lp_score: 5345.0, primal_bound: 0.0
[ Info: new_scs: [46, 46]
[ Info: lp_scores: [5349.0, 5345.0]
[ Info: lp_scores: 5345.0
[ Info: lp_scores: 5349.0
[ Info: current num of unfinished slices: 19, finished slices: 0
                      ┌                                        ┐ 
                   45 ┤■■■■■■■ 1                                 
                   46 ┤■■■■■■■■■■■■■■■■■■■■■■ 3                  
                   47 ┤■■■■■■■■■■■■■■■ 2                         
                   48 ┤ 0                                        
                   49 ┤■■■■■■■ 1                                 
                   50 ┤■■■■■■■■■■■■■■■ 2                         
                   51 ┤ 0                                        
   sc, target = 31 52 ┤■■■■■■■■■■■■■■■■■■■■■■■■■■■■■■■■■■■■■ 5   
                   53 ┤ 0                                        
                   54 ┤■■■■■■■ 1                                 
                   55 ┤ 0                                        
                   56 ┤ 0                                        
                   57 ┤■■■■■■■■■■■■■■■ 2                         
                   58 ┤■■■■■■■ 1                                 
                   59 ┤ 0                                        
                   60 ┤■■■■■■■ 1                                 
                      └                                        ┘ 
                                     num of slices               
[ Info: slicing branch with sc: 46.0
[ Info: cc.sc: 46.0
region size: 10
QIP_gurobi_bound: solver finished in 1.542 s (time_limit=100.0 s, status=OPTIMAL)
[ Info: slice 1, lp_score: 5347.0, primal_bound: 0.0
QIP_gurobi_bound: solver finished in 1.427 s (time_limit=100.0 s, status=OPTIMAL)
[ Info: slice 2, lp_score: 5349.0, primal_bound: 0.0
QIP_gurobi_bound: solver finished in 1.429 s (time_limit=100.0 s, status=OPTIMAL)
[ Info: slice 3, lp_score: 5346.0, primal_bound: 0.0
[ Info: new_scs: [43, 44, 43]
[ Info: lp_scores: [5349.0, 5347.0, 5346.0]
[ Info: lp_scores: 5346.0
[ Info: lp_scores: 5347.0
[ Info: lp_scores: 5349.0
[ Info: current num of unfinished slices: 21, finished slices: 0
                      ┌                                        ┐ 
                   43 ┤■■■■■■■■■■■■■■■ 2                         
                   44 ┤■■■■■■■ 1                                 
                   45 ┤■■■■■■■ 1                                 
                   46 ┤■■■■■■■■■■■■■■■ 2                         
                   47 ┤■■■■■■■■■■■■■■■ 2                         
                   48 ┤ 0                                        
                   49 ┤■■■■■■■ 1                                 
                   50 ┤■■■■■■■■■■■■■■■ 2                         
   sc, target = 31 51 ┤ 0                                        
                   52 ┤■■■■■■■■■■■■■■■■■■■■■■■■■■■■■■■■■■■■■ 5   
                   53 ┤ 0                                        
                   54 ┤■■■■■■■ 1                                 
                   55 ┤ 0                                        
                   56 ┤ 0                                        
                   57 ┤■■■■■■■■■■■■■■■ 2                         
                   58 ┤■■■■■■■ 1                                 
                   59 ┤ 0                                        
                   60 ┤■■■■■■■ 1                                 
                      └                                        ┘ 
                                     num of slices               
[ Info: slicing branch with sc: 43.0
[ Info: cc.sc: 43.0
region size: 10
QIP_gurobi_bound: solver finished in 1.351 s (time_limit=100.0 s, status=OPTIMAL)
[ Info: slice 1, lp_score: 5346.0, primal_bound: 0.0
QIP_gurobi_bound: solver finished in 1.457 s (time_limit=100.0 s, status=OPTIMAL)
[ Info: slice 2, lp_score: 5349.0, primal_bound: 0.0
[ Info: new_scs: [42, 42]
[ Info: lp_scores: [5349.0, 5346.0]
[ Info: lp_scores: 5346.0
[ Info: lp_scores: 5349.0
[ Info: current num of unfinished slices: 22, finished slices: 0
                      ┌                                        ┐ 
                   42 ┤■■■■■■■■■■■■■■■ 2                         
                   43 ┤■■■■■■■ 1                                 
                   44 ┤■■■■■■■ 1                                 
                   45 ┤■■■■■■■ 1                                 
                   46 ┤■■■■■■■■■■■■■■■ 2                         
                   47 ┤■■■■■■■■■■■■■■■ 2                         
                   48 ┤ 0                                        
                   49 ┤■■■■■■■ 1                                 
                   50 ┤■■■■■■■■■■■■■■■ 2                         
   sc, target = 31 51 ┤ 0                                        
                   52 ┤■■■■■■■■■■■■■■■■■■■■■■■■■■■■■■■■■■■■■ 5   
                   53 ┤ 0                                        
                   54 ┤■■■■■■■ 1                                 
                   55 ┤ 0                                        
                   56 ┤ 0                                        
                   57 ┤■■■■■■■■■■■■■■■ 2                         
                   58 ┤■■■■■■■ 1                                 
                   59 ┤ 0                                        
                   60 ┤■■■■■■■ 1                                 
                      └                                        ┘ 
                                     num of slices               
[ Info: slicing branch with sc: 42.0
[ Info: cc.sc: 42.0
region size: 10
QIP_gurobi_bound: solver finished in 1.435 s (time_limit=100.0 s, status=OPTIMAL)
[ Info: slice 1, lp_score: 5346.0, primal_bound: 0.0
QIP_gurobi_bound: solver finished in 1.576 s (time_limit=100.0 s, status=OPTIMAL)
[ Info: slice 2, lp_score: 5349.0, primal_bound: 0.0
[ Info: new_scs: [42, 42]
[ Info: lp_scores: [5349.0, 5346.0]
[ Info: lp_scores: 5346.0
[ Info: lp_scores: 5349.0
[ Info: current num of unfinished slices: 23, finished slices: 0
                      ┌                                        ┐ 
                   42 ┤■■■■■■■■■■■■■■■■■■■■■■ 3                  
                   43 ┤■■■■■■■ 1                                 
                   44 ┤■■■■■■■ 1                                 
                   45 ┤■■■■■■■ 1                                 
                   46 ┤■■■■■■■■■■■■■■■ 2                         
                   47 ┤■■■■■■■■■■■■■■■ 2                         
                   48 ┤ 0                                        
                   49 ┤■■■■■■■ 1                                 
                   50 ┤■■■■■■■■■■■■■■■ 2                         
   sc, target = 31 51 ┤ 0                                        
                   52 ┤■■■■■■■■■■■■■■■■■■■■■■■■■■■■■■■■■■■■■ 5   
                   53 ┤ 0                                        
                   54 ┤■■■■■■■ 1                                 
                   55 ┤ 0                                        
                   56 ┤ 0                                        
                   57 ┤■■■■■■■■■■■■■■■ 2                         
                   58 ┤■■■■■■■ 1                                 
                   59 ┤ 0                                        
                   60 ┤■■■■■■■ 1                                 
                      └                                        ┘ 
                                     num of slices               
[ Info: slicing branch with sc: 42.0
[ Info: cc.sc: 42.0
region size: 10
QIP_gurobi_bound: solver finished in 1.517 s (time_limit=100.0 s, status=OPTIMAL)
[ Info: slice 1, lp_score: 5349.0, primal_bound: 0.0
QIP_gurobi_bound: solver finished in 1.251 s (time_limit=100.0 s, status=OPTIMAL)
[ Info: slice 2, lp_score: 5342.0, primal_bound: 0.0
[ Info: new_scs: [41, 41]
[ Info: lp_scores: [5349.0, 5342.0]
[ Info: lp_scores: 5342.0
[ Info: lp_scores: 5349.0
[ Info: current num of unfinished slices: 24, finished slices: 0
                      ┌                                        ┐ 
                   41 ┤■■■■■■■■■■■■■■■ 2                         
                   42 ┤■■■■■■■■■■■■■■■ 2                         
                   43 ┤■■■■■■■ 1                                 
                   44 ┤■■■■■■■ 1                                 
                   45 ┤■■■■■■■ 1                                 
                   46 ┤■■■■■■■■■■■■■■■ 2                         
                   47 ┤■■■■■■■■■■■■■■■ 2                         
                   48 ┤ 0                                        
                   49 ┤■■■■■■■ 1                                 
   sc, target = 31 50 ┤■■■■■■■■■■■■■■■ 2                         
                   51 ┤ 0                                        
                   52 ┤■■■■■■■■■■■■■■■■■■■■■■■■■■■■■■■■■■■■■ 5   
                   53 ┤ 0                                        
                   54 ┤■■■■■■■ 1                                 
                   55 ┤ 0                                        
                   56 ┤ 0                                        
                   57 ┤■■■■■■■■■■■■■■■ 2                         
                   58 ┤■■■■■■■ 1                                 
                   59 ┤ 0                                        
                   60 ┤■■■■■■■ 1                                 
                      └                                        ┘ 
                                     num of slices               
[ Info: slicing branch with sc: 41.0
[ Info: cc.sc: 41.0
region size: 10
QIP_gurobi_bound: solver finished in 1.463 s (time_limit=100.0 s, status=OPTIMAL)
[ Info: slice 1, lp_score: 5349.0, primal_bound: 0.0
QIP_gurobi_bound: solver finished in 1.403 s (time_limit=100.0 s, status=OPTIMAL)
[ Info: slice 2, lp_score: 5344.0, primal_bound: 0.0
[ Info: new_scs: [40, 40]
[ Info: lp_scores: [5349.0, 5344.0]
[ Info: lp_scores: 5344.0
[ Info: lp_scores: 5349.0
[ Info: current num of unfinished slices: 25, finished slices: 0
                      ┌                                        ┐ 
                   40 ┤■■■■■■■■■■■■■■■ 2                         
                   41 ┤■■■■■■■ 1                                 
                   42 ┤■■■■■■■■■■■■■■■ 2                         
                   43 ┤■■■■■■■ 1                                 
                   44 ┤■■■■■■■ 1                                 
                   45 ┤■■■■■■■ 1                                 
                   46 ┤■■■■■■■■■■■■■■■ 2                         
                   47 ┤■■■■■■■■■■■■■■■ 2                         
                   48 ┤ 0                                        
                   49 ┤■■■■■■■ 1                                 
   sc, target = 31 50 ┤■■■■■■■■■■■■■■■ 2                         
                   51 ┤ 0                                        
                   52 ┤■■■■■■■■■■■■■■■■■■■■■■■■■■■■■■■■■■■■■ 5   
                   53 ┤ 0                                        
                   54 ┤■■■■■■■ 1                                 
                   55 ┤ 0                                        
                   56 ┤ 0                                        
                   57 ┤■■■■■■■■■■■■■■■ 2                         
                   58 ┤■■■■■■■ 1                                 
                   59 ┤ 0                                        
                   60 ┤■■■■■■■ 1                                 
                      └                                        ┘ 
                                     num of slices               
[ Info: slicing branch with sc: 40.0
[ Info: cc.sc: 40.0
region size: 10
QIP_gurobi_bound: solver finished in 1.352 s (time_limit=100.0 s, status=OPTIMAL)
[ Info: slice 1, lp_score: 5346.0, primal_bound: 0.0
QIP_gurobi_bound: solver finished in 1.323 s (time_limit=100.0 s, status=OPTIMAL)
[ Info: slice 2, lp_score: 5349.0, primal_bound: 0.0
[ Info: new_scs: [40, 40]
[ Info: lp_scores: [5349.0, 5346.0]
[ Info: lp_scores: 5346.0
[ Info: lp_scores: 5349.0
[ Info: current num of unfinished slices: 26, finished slices: 0
                      ┌                                        ┐ 
                   40 ┤■■■■■■■■■■■■■■■■■■■■■■ 3                  
                   41 ┤■■■■■■■ 1                                 
                   42 ┤■■■■■■■■■■■■■■■ 2                         
                   43 ┤■■■■■■■ 1                                 
                   44 ┤■■■■■■■ 1                                 
                   45 ┤■■■■■■■ 1                                 
                   46 ┤■■■■■■■■■■■■■■■ 2                         
                   47 ┤■■■■■■■■■■■■■■■ 2                         
                   48 ┤ 0                                        
                   49 ┤■■■■■■■ 1                                 
   sc, target = 31 50 ┤■■■■■■■■■■■■■■■ 2                         
                   51 ┤ 0                                        
                   52 ┤■■■■■■■■■■■■■■■■■■■■■■■■■■■■■■■■■■■■■ 5   
                   53 ┤ 0                                        
                   54 ┤■■■■■■■ 1                                 
                   55 ┤ 0                                        
                   56 ┤ 0                                        
                   57 ┤■■■■■■■■■■■■■■■ 2                         
                   58 ┤■■■■■■■ 1                                 
                   59 ┤ 0                                        
                   60 ┤■■■■■■■ 1                                 
                      └                                        ┘ 
                                     num of slices               
[ Info: slicing branch with sc: 40.0
[ Info: cc.sc: 40.0
region size: 10
QIP_gurobi_bound: solver finished in 1.335 s (time_limit=100.0 s, status=OPTIMAL)
[ Info: slice 1, lp_score: 5342.0, primal_bound: 0.0
QIP_gurobi_bound: solver finished in 1.553 s (time_limit=100.0 s, status=OPTIMAL)
[ Info: slice 2, lp_score: 5349.0, primal_bound: 0.0
[ Info: new_scs: [39, 39]
[ Info: lp_scores: [5349.0, 5342.0]
[ Info: lp_scores: 5342.0
[ Info: lp_scores: 5349.0
[ Info: current num of unfinished slices: 27, finished slices: 0
                      ┌                                        ┐ 
                   39 ┤■■■■■■■■■■■■■■■ 2                         
                   40 ┤■■■■■■■■■■■■■■■ 2                         
                   41 ┤■■■■■■■ 1                                 
                   42 ┤■■■■■■■■■■■■■■■ 2                         
                   43 ┤■■■■■■■ 1                                 
                   44 ┤■■■■■■■ 1                                 
                   45 ┤■■■■■■■ 1                                 
                   46 ┤■■■■■■■■■■■■■■■ 2                         
                   47 ┤■■■■■■■■■■■■■■■ 2                         
                   48 ┤ 0                                        
   sc, target = 31 49 ┤■■■■■■■ 1                                 
                   50 ┤■■■■■■■■■■■■■■■ 2                         
                   51 ┤ 0                                        
                   52 ┤■■■■■■■■■■■■■■■■■■■■■■■■■■■■■■■■■■■■■ 5   
                   53 ┤ 0                                        
                   54 ┤■■■■■■■ 1                                 
                   55 ┤ 0                                        
                   56 ┤ 0                                        
                   57 ┤■■■■■■■■■■■■■■■ 2                         
                   58 ┤■■■■■■■ 1                                 
                   59 ┤ 0                                        
                   60 ┤■■■■■■■ 1                                 
                      └                                        ┘ 
                                     num of slices               
[ Info: slicing branch with sc: 39.0
[ Info: cc.sc: 39.0
region size: 10
QIP_gurobi_bound: solver finished in 1.471 s (time_limit=100.0 s, status=OPTIMAL)
[ Info: slice 1, lp_score: 5348.0, primal_bound: 0.0
QIP_gurobi_bound: solver finished in 1.356 s (time_limit=100.0 s, status=OPTIMAL)
[ Info: slice 2, lp_score: 5349.0, primal_bound: 0.0
[ Info: new_scs: [39, 39]
[ Info: lp_scores: [5349.0, 5348.0]
[ Info: lp_scores: 5348.0
[ Info: lp_scores: 5349.0
[ Info: current num of unfinished slices: 28, finished slices: 0
                      ┌                                        ┐ 
                   39 ┤■■■■■■■■■■■■■■■■■■■■■■ 3                  
                   40 ┤■■■■■■■■■■■■■■■ 2                         
                   41 ┤■■■■■■■ 1                                 
                   42 ┤■■■■■■■■■■■■■■■ 2                         
                   43 ┤■■■■■■■ 1                                 
                   44 ┤■■■■■■■ 1                                 
                   45 ┤■■■■■■■ 1                                 
                   46 ┤■■■■■■■■■■■■■■■ 2                         
                   47 ┤■■■■■■■■■■■■■■■ 2                         
                   48 ┤ 0                                        
   sc, target = 31 49 ┤■■■■■■■ 1                                 
                   50 ┤■■■■■■■■■■■■■■■ 2                         
                   51 ┤ 0                                        
                   52 ┤■■■■■■■■■■■■■■■■■■■■■■■■■■■■■■■■■■■■■ 5   
                   53 ┤ 0                                        
                   54 ┤■■■■■■■ 1                                 
                   55 ┤ 0                                        
                   56 ┤ 0                                        
                   57 ┤■■■■■■■■■■■■■■■ 2                         
                   58 ┤■■■■■■■ 1                                 
                   59 ┤ 0                                        
                   60 ┤■■■■■■■ 1                                 
                      └                                        ┘ 
                                     num of slices               
[ Info: slicing branch with sc: 39.0
[ Info: cc.sc: 39.0
region size: 10
QIP_gurobi_bound: solver finished in 1.31 s (time_limit=100.0 s, status=OPTIMAL)
[ Info: slice 1, lp_score: 5339.0, primal_bound: 0.0
QIP_gurobi_bound: solver finished in 1.404 s (time_limit=100.0 s, status=OPTIMAL)
[ Info: slice 2, lp_score: 5349.0, primal_bound: 0.0
[ Info: new_scs: [39, 39]
[ Info: lp_scores: [5349.0, 5339.0]
[ Info: lp_scores: 5339.0
[ Info: lp_scores: 5349.0
[ Info: current num of unfinished slices: 29, finished slices: 0
                      ┌                                        ┐ 
                   39 ┤■■■■■■■■■■■■■■■■■■■■■■■■■■■■■■ 4          
                   40 ┤■■■■■■■■■■■■■■■ 2                         
                   41 ┤■■■■■■■ 1                                 
                   42 ┤■■■■■■■■■■■■■■■ 2                         
                   43 ┤■■■■■■■ 1                                 
                   44 ┤■■■■■■■ 1                                 
                   45 ┤■■■■■■■ 1                                 
                   46 ┤■■■■■■■■■■■■■■■ 2                         
                   47 ┤■■■■■■■■■■■■■■■ 2                         
                   48 ┤ 0                                        
   sc, target = 31 49 ┤■■■■■■■ 1                                 
                   50 ┤■■■■■■■■■■■■■■■ 2                         
                   51 ┤ 0                                        
                   52 ┤■■■■■■■■■■■■■■■■■■■■■■■■■■■■■■■■■■■■■ 5   
                   53 ┤ 0                                        
                   54 ┤■■■■■■■ 1                                 
                   55 ┤ 0                                        
                   56 ┤ 0                                        
                   57 ┤■■■■■■■■■■■■■■■ 2                         
                   58 ┤■■■■■■■ 1                                 
                   59 ┤ 0                                        
                   60 ┤■■■■■■■ 1                                 
                      └                                        ┘ 
                                     num of slices               
[ Info: slicing branch with sc: 39.0
[ Info: cc.sc: 39.0
region size: 10
QIP_gurobi_bound: solver finished in 6.076 s (time_limit=100.0 s, status=OPTIMAL)
[ Info: slice 1, lp_score: 5349.0, primal_bound: 0.0
QIP_gurobi_bound: solver finished in 1.316 s (time_limit=100.0 s, status=OPTIMAL)
[ Info: slice 2, lp_score: 5345.0, primal_bound: 0.0
[ Info: new_scs: [38, 39]
[ Info: lp_scores: [5349.0, 5345.0]
[ Info: lp_scores: 5345.0
[ Info: lp_scores: 5349.0
[ Info: current num of unfinished slices: 30, finished slices: 0
                      ┌                                        ┐ 
                   38 ┤■■■■■■■ 1                                 
                   39 ┤■■■■■■■■■■■■■■■■■■■■■■■■■■■■■■ 4          
                   40 ┤■■■■■■■■■■■■■■■ 2                         
                   41 ┤■■■■■■■ 1                                 
                   42 ┤■■■■■■■■■■■■■■■ 2                         
                   43 ┤■■■■■■■ 1                                 
                   44 ┤■■■■■■■ 1                                 
                   45 ┤■■■■■■■ 1                                 
                   46 ┤■■■■■■■■■■■■■■■ 2                         
                   47 ┤■■■■■■■■■■■■■■■ 2                         
                   48 ┤ 0                                        
   sc, target = 31 49 ┤■■■■■■■ 1                                 
                   50 ┤■■■■■■■■■■■■■■■ 2                         
                   51 ┤ 0                                        
                   52 ┤■■■■■■■■■■■■■■■■■■■■■■■■■■■■■■■■■■■■■ 5   
                   53 ┤ 0                                        
                   54 ┤■■■■■■■ 1                                 
                   55 ┤ 0                                        
                   56 ┤ 0                                        
                   57 ┤■■■■■■■■■■■■■■■ 2                         
                   58 ┤■■■■■■■ 1                                 
                   59 ┤ 0                                        
                   60 ┤■■■■■■■ 1                                 
                      └                                        ┘ 
                                     num of slices               
[ Info: slicing branch with sc: 38.0
[ Info: cc.sc: 38.0
region size: 10
QIP_gurobi_bound: solver finished in 1.386 s (time_limit=100.0 s, status=OPTIMAL)
[ Info: slice 1, lp_score: 5341.0, primal_bound: 0.0
QIP_gurobi_bound: solver finished in 1.347 s (time_limit=100.0 s, status=OPTIMAL)
[ Info: slice 2, lp_score: 5349.0, primal_bound: 0.0
[ Info: new_scs: [37, 36]
[ Info: lp_scores: [5349.0, 5341.0]
[ Info: lp_scores: 5341.0
[ Info: lp_scores: 5349.0
[ Info: current num of unfinished slices: 31, finished slices: 0
                      ┌                                        ┐ 
                   36 ┤■■■■■■■ 1                                 
                   37 ┤■■■■■■■ 1                                 
                   38 ┤ 0                                        
                   39 ┤■■■■■■■■■■■■■■■■■■■■■■■■■■■■■■ 4          
                   40 ┤■■■■■■■■■■■■■■■ 2                         
                   41 ┤■■■■■■■ 1                                 
                   42 ┤■■■■■■■■■■■■■■■ 2                         
                   43 ┤■■■■■■■ 1                                 
                   44 ┤■■■■■■■ 1                                 
                   45 ┤■■■■■■■ 1                                 
                   46 ┤■■■■■■■■■■■■■■■ 2                         
                   47 ┤■■■■■■■■■■■■■■■ 2                         
   sc, target = 31 48 ┤ 0                                        
                   49 ┤■■■■■■■ 1                                 
                   50 ┤■■■■■■■■■■■■■■■ 2                         
                   51 ┤ 0                                        
                   52 ┤■■■■■■■■■■■■■■■■■■■■■■■■■■■■■■■■■■■■■ 5   
                   53 ┤ 0                                        
                   54 ┤■■■■■■■ 1                                 
                   55 ┤ 0                                        
                   56 ┤ 0                                        
                   57 ┤■■■■■■■■■■■■■■■ 2                         
                   58 ┤■■■■■■■ 1                                 
                   59 ┤ 0                                        
                   60 ┤■■■■■■■ 1                                 
                      └                                        ┘ 
                                     num of slices               
[ Info: slicing branch with sc: 37.0
[ Info: cc.sc: 37.0
region size: 10
QIP_gurobi_bound: solver finished in 1.3 s (time_limit=100.0 s, status=OPTIMAL)
[ Info: slice 1, lp_score: 5349.0, primal_bound: 0.0
QIP_gurobi_bound: solver finished in 1.255 s (time_limit=100.0 s, status=OPTIMAL)
[ Info: slice 2, lp_score: 5343.0, primal_bound: 0.0
[ Info: new_scs: [37, 37]
[ Info: lp_scores: [5349.0, 5343.0]
[ Info: lp_scores: 5343.0
[ Info: lp_scores: 5349.0
[ Info: current num of unfinished slices: 32, finished slices: 0
                      ┌                                        ┐ 
                   36 ┤■■■■■■■ 1                                 
                   37 ┤■■■■■■■■■■■■■■■ 2                         
                   38 ┤ 0                                        
                   39 ┤■■■■■■■■■■■■■■■■■■■■■■■■■■■■■■ 4          
                   40 ┤■■■■■■■■■■■■■■■ 2                         
                   41 ┤■■■■■■■ 1                                 
                   42 ┤■■■■■■■■■■■■■■■ 2                         
                   43 ┤■■■■■■■ 1                                 
                   44 ┤■■■■■■■ 1                                 
                   45 ┤■■■■■■■ 1                                 
                   46 ┤■■■■■■■■■■■■■■■ 2                         
                   47 ┤■■■■■■■■■■■■■■■ 2                         
   sc, target = 31 48 ┤ 0                                        
                   49 ┤■■■■■■■ 1                                 
                   50 ┤■■■■■■■■■■■■■■■ 2                         
                   51 ┤ 0                                        
                   52 ┤■■■■■■■■■■■■■■■■■■■■■■■■■■■■■■■■■■■■■ 5   
                   53 ┤ 0                                        
                   54 ┤■■■■■■■ 1                                 
                   55 ┤ 0                                        
                   56 ┤ 0                                        
                   57 ┤■■■■■■■■■■■■■■■ 2                         
                   58 ┤■■■■■■■ 1                                 
                   59 ┤ 0                                        
                   60 ┤■■■■■■■ 1                                 
                      └                                        ┘ 
                                     num of slices               
[ Info: slicing branch with sc: 37.0
[ Info: cc.sc: 37.0
region size: 10
QIP_gurobi_bound: solver finished in 1.495 s (time_limit=100.0 s, status=OPTIMAL)
[ Info: slice 1, lp_score: 5349.0, primal_bound: 0.0
QIP_gurobi_bound: solver finished in 1.276 s (time_limit=100.0 s, status=OPTIMAL)
[ Info: slice 2, lp_score: 5341.0, primal_bound: 0.0
[ Info: new_scs: [37, 36]
[ Info: lp_scores: [5349.0, 5341.0]
[ Info: lp_scores: 5341.0
[ Info: lp_scores: 5349.0
[ Info: current num of unfinished slices: 33, finished slices: 0
                      ┌                                        ┐ 
                   36 ┤■■■■■■■■■■■■■■■ 2                         
                   37 ┤■■■■■■■■■■■■■■■ 2                         
                   38 ┤ 0                                        
                   39 ┤■■■■■■■■■■■■■■■■■■■■■■■■■■■■■■ 4          
                   40 ┤■■■■■■■■■■■■■■■ 2                         
                   41 ┤■■■■■■■ 1                                 
                   42 ┤■■■■■■■■■■■■■■■ 2                         
                   43 ┤■■■■■■■ 1                                 
                   44 ┤■■■■■■■ 1                                 
                   45 ┤■■■■■■■ 1                                 
                   46 ┤■■■■■■■■■■■■■■■ 2                         
                   47 ┤■■■■■■■■■■■■■■■ 2                         
   sc, target = 31 48 ┤ 0                                        
                   49 ┤■■■■■■■ 1                                 
                   50 ┤■■■■■■■■■■■■■■■ 2                         
                   51 ┤ 0                                        
                   52 ┤■■■■■■■■■■■■■■■■■■■■■■■■■■■■■■■■■■■■■ 5   
                   53 ┤ 0                                        
                   54 ┤■■■■■■■ 1                                 
                   55 ┤ 0                                        
                   56 ┤ 0                                        
                   57 ┤■■■■■■■■■■■■■■■ 2                         
                   58 ┤■■■■■■■ 1                                 
                   59 ┤ 0                                        
                   60 ┤■■■■■■■ 1                                 
                      └                                        ┘ 
                                     num of slices               
[ Info: slicing branch with sc: 37.0
[ Info: cc.sc: 37.0
region size: 10
QIP_gurobi_bound: solver finished in 1.66 s (time_limit=100.0 s, status=OPTIMAL)
[ Info: slice 1, lp_score: 5349.0, primal_bound: 0.0
QIP_gurobi_bound: solver finished in 1.42 s (time_limit=100.0 s, status=OPTIMAL)
[ Info: slice 2, lp_score: 5345.0, primal_bound: 0.0
[ Info: new_scs: [35, 36]
[ Info: lp_scores: [5349.0, 5345.0]
[ Info: lp_scores: 5345.0
[ Info: lp_scores: 5349.0
[ Info: current num of unfinished slices: 34, finished slices: 0
                      ┌                                        ┐ 
                   35 ┤■■■■■■■ 1                                 
                   36 ┤■■■■■■■■■■■■■■■■■■■■■■ 3                  
                   37 ┤■■■■■■■ 1                                 
                   38 ┤ 0                                        
                   39 ┤■■■■■■■■■■■■■■■■■■■■■■■■■■■■■■ 4          
                   40 ┤■■■■■■■■■■■■■■■ 2                         
                   41 ┤■■■■■■■ 1                                 
                   42 ┤■■■■■■■■■■■■■■■ 2                         
                   43 ┤■■■■■■■ 1                                 
                   44 ┤■■■■■■■ 1                                 
                   45 ┤■■■■■■■ 1                                 
                   46 ┤■■■■■■■■■■■■■■■ 2                         
   sc, target = 31 47 ┤■■■■■■■■■■■■■■■ 2                         
                   48 ┤ 0                                        
                   49 ┤■■■■■■■ 1                                 
                   50 ┤■■■■■■■■■■■■■■■ 2                         
                   51 ┤ 0                                        
                   52 ┤■■■■■■■■■■■■■■■■■■■■■■■■■■■■■■■■■■■■■ 5   
                   53 ┤ 0                                        
                   54 ┤■■■■■■■ 1                                 
                   55 ┤ 0                                        
                   56 ┤ 0                                        
                   57 ┤■■■■■■■■■■■■■■■ 2                         
                   58 ┤■■■■■■■ 1                                 
                   59 ┤ 0                                        
                   60 ┤■■■■■■■ 1                                 
                      └                                        ┘ 
                                     num of slices               
[ Info: slicing branch with sc: 35.0
[ Info: cc.sc: 35.0
region size: 10
QIP_gurobi_bound: solver finished in 1.402 s (time_limit=100.0 s, status=OPTIMAL)
[ Info: slice 1, lp_score: 5349.0, primal_bound: 0.0
QIP_gurobi_bound: solver finished in 1.501 s (time_limit=100.0 s, status=OPTIMAL)
[ Info: slice 2, lp_score: 5348.0, primal_bound: 0.0
[ Info: new_scs: [34, 35]
[ Info: lp_scores: [5349.0, 5348.0]
[ Info: lp_scores: 5348.0
[ Info: lp_scores: 5349.0
[ Info: current num of unfinished slices: 35, finished slices: 0
                      ┌                                        ┐ 
                   34 ┤■■■■■■■ 1                                 
                   35 ┤■■■■■■■ 1                                 
                   36 ┤■■■■■■■■■■■■■■■■■■■■■■ 3                  
                   37 ┤■■■■■■■ 1                                 
                   38 ┤ 0                                        
                   39 ┤■■■■■■■■■■■■■■■■■■■■■■■■■■■■■■ 4          
                   40 ┤■■■■■■■■■■■■■■■ 2                         
                   41 ┤■■■■■■■ 1                                 
                   42 ┤■■■■■■■■■■■■■■■ 2                         
                   43 ┤■■■■■■■ 1                                 
                   44 ┤■■■■■■■ 1                                 
                   45 ┤■■■■■■■ 1                                 
                   46 ┤■■■■■■■■■■■■■■■ 2                         
   sc, target = 31 47 ┤■■■■■■■■■■■■■■■ 2                         
                   48 ┤ 0                                        
                   49 ┤■■■■■■■ 1                                 
                   50 ┤■■■■■■■■■■■■■■■ 2                         
                   51 ┤ 0                                        
                   52 ┤■■■■■■■■■■■■■■■■■■■■■■■■■■■■■■■■■■■■■ 5   
                   53 ┤ 0                                        
                   54 ┤■■■■■■■ 1                                 
                   55 ┤ 0                                        
                   56 ┤ 0                                        
                   57 ┤■■■■■■■■■■■■■■■ 2                         
                   58 ┤■■■■■■■ 1                                 
                   59 ┤ 0                                        
                   60 ┤■■■■■■■ 1                                 
                      └                                        ┘ 
                                     num of slices               
[ Info: slicing branch with sc: 34.0
[ Info: cc.sc: 34.0
region size: 10
QIP_gurobi_bound: solver finished in 1.315 s (time_limit=100.0 s, status=OPTIMAL)
[ Info: slice 1, lp_score: 5346.0, primal_bound: 0.0
QIP_gurobi_bound: solver finished in 1.757 s (time_limit=100.0 s, status=OPTIMAL)
[ Info: slice 2, lp_score: 5349.0, primal_bound: 0.0
[ Info: new_scs: [34, 34]
[ Info: lp_scores: [5349.0, 5346.0]
[ Info: lp_scores: 5346.0
[ Info: lp_scores: 5349.0
[ Info: current num of unfinished slices: 36, finished slices: 0
                      ┌                                        ┐ 
                   34 ┤■■■■■■■■■■■■■■■ 2                         
                   35 ┤■■■■■■■ 1                                 
                   36 ┤■■■■■■■■■■■■■■■■■■■■■■ 3                  
                   37 ┤■■■■■■■ 1                                 
                   38 ┤ 0                                        
                   39 ┤■■■■■■■■■■■■■■■■■■■■■■■■■■■■■■ 4          
                   40 ┤■■■■■■■■■■■■■■■ 2                         
                   41 ┤■■■■■■■ 1                                 
                   42 ┤■■■■■■■■■■■■■■■ 2                         
                   43 ┤■■■■■■■ 1                                 
                   44 ┤■■■■■■■ 1                                 
                   45 ┤■■■■■■■ 1                                 
                   46 ┤■■■■■■■■■■■■■■■ 2                         
   sc, target = 31 47 ┤■■■■■■■■■■■■■■■ 2                         
                   48 ┤ 0                                        
                   49 ┤■■■■■■■ 1                                 
                   50 ┤■■■■■■■■■■■■■■■ 2                         
                   51 ┤ 0                                        
                   52 ┤■■■■■■■■■■■■■■■■■■■■■■■■■■■■■■■■■■■■■ 5   
                   53 ┤ 0                                        
                   54 ┤■■■■■■■ 1                                 
                   55 ┤ 0                                        
                   56 ┤ 0                                        
                   57 ┤■■■■■■■■■■■■■■■ 2                         
                   58 ┤■■■■■■■ 1                                 
                   59 ┤ 0                                        
                   60 ┤■■■■■■■ 1                                 
                      └                                        ┘ 
                                     num of slices               
[ Info: slicing branch with sc: 34.0
[ Info: cc.sc: 34.0
region size: 10
QIP_gurobi_bound: solver finished in 1.239 s (time_limit=100.0 s, status=OPTIMAL)
[ Info: slice 1, lp_score: 5349.0, primal_bound: 0.0
QIP_gurobi_bound: solver finished in 1.435 s (time_limit=100.0 s, status=OPTIMAL)
[ Info: slice 2, lp_score: 5345.0, primal_bound: 0.0
[ Info: new_scs: [34, 34]
[ Info: lp_scores: [5349.0, 5345.0]
[ Info: lp_scores: 5345.0
[ Info: lp_scores: 5349.0
[ Info: current num of unfinished slices: 37, finished slices: 0
                      ┌                                        ┐ 
                   34 ┤■■■■■■■■■■■■■■■■■■■■■■ 3                  
                   35 ┤■■■■■■■ 1                                 
                   36 ┤■■■■■■■■■■■■■■■■■■■■■■ 3                  
                   37 ┤■■■■■■■ 1                                 
                   38 ┤ 0                                        
                   39 ┤■■■■■■■■■■■■■■■■■■■■■■■■■■■■■■ 4          
                   40 ┤■■■■■■■■■■■■■■■ 2                         
                   41 ┤■■■■■■■ 1                                 
                   42 ┤■■■■■■■■■■■■■■■ 2                         
                   43 ┤■■■■■■■ 1                                 
                   44 ┤■■■■■■■ 1                                 
                   45 ┤■■■■■■■ 1                                 
                   46 ┤■■■■■■■■■■■■■■■ 2                         
   sc, target = 31 47 ┤■■■■■■■■■■■■■■■ 2                         
                   48 ┤ 0                                        
                   49 ┤■■■■■■■ 1                                 
                   50 ┤■■■■■■■■■■■■■■■ 2                         
                   51 ┤ 0                                        
                   52 ┤■■■■■■■■■■■■■■■■■■■■■■■■■■■■■■■■■■■■■ 5   
                   53 ┤ 0                                        
                   54 ┤■■■■■■■ 1                                 
                   55 ┤ 0                                        
                   56 ┤ 0                                        
                   57 ┤■■■■■■■■■■■■■■■ 2                         
                   58 ┤■■■■■■■ 1                                 
                   59 ┤ 0                                        
                   60 ┤■■■■■■■ 1                                 
                      └                                        ┘ 
                                     num of slices               
[ Info: slicing branch with sc: 34.0
[ Info: cc.sc: 34.0
region size: 10
QIP_gurobi_bound: solver finished in 1.728 s (time_limit=100.0 s, status=OPTIMAL)
[ Info: slice 1, lp_score: 5349.0, primal_bound: 0.0
[ Info: new_scs: [33]
[ Info: lp_scores: [5349.0]
[ Info: lp_scores: 5349.0
[ Info: current num of unfinished slices: 37, finished slices: 0
                      ┌                                        ┐ 
                   33 ┤■■■■■■■ 1                                 
                   34 ┤■■■■■■■■■■■■■■■ 2                         
                   35 ┤■■■■■■■ 1                                 
                   36 ┤■■■■■■■■■■■■■■■■■■■■■■ 3                  
                   37 ┤■■■■■■■ 1                                 
                   38 ┤ 0                                        
                   39 ┤■■■■■■■■■■■■■■■■■■■■■■■■■■■■■■ 4          
                   40 ┤■■■■■■■■■■■■■■■ 2                         
                   41 ┤■■■■■■■ 1                                 
                   42 ┤■■■■■■■■■■■■■■■ 2                         
                   43 ┤■■■■■■■ 1                                 
                   44 ┤■■■■■■■ 1                                 
                   45 ┤■■■■■■■ 1                                 
   sc, target = 31 46 ┤■■■■■■■■■■■■■■■ 2                         
                   47 ┤■■■■■■■■■■■■■■■ 2                         
                   48 ┤ 0                                        
                   49 ┤■■■■■■■ 1                                 
                   50 ┤■■■■■■■■■■■■■■■ 2                         
                   51 ┤ 0                                        
                   52 ┤■■■■■■■■■■■■■■■■■■■■■■■■■■■■■■■■■■■■■ 5   
                   53 ┤ 0                                        
                   54 ┤■■■■■■■ 1                                 
                   55 ┤ 0                                        
                   56 ┤ 0                                        
                   57 ┤■■■■■■■■■■■■■■■ 2                         
                   58 ┤■■■■■■■ 1                                 
                   59 ┤ 0                                        
                   60 ┤■■■■■■■ 1                                 
                      └                                        ┘ 
                                     num of slices               
[ Info: slicing branch with sc: 33.0
[ Info: cc.sc: 33.0
region size: 10
QIP_gurobi_bound: solver finished in 1.522 s (time_limit=100.0 s, status=OPTIMAL)
[ Info: slice 1, lp_score: 5349.0, primal_bound: 0.0
QIP_gurobi_bound: solver finished in 1.384 s (time_limit=100.0 s, status=OPTIMAL)
[ Info: slice 2, lp_score: 5342.0, primal_bound: 0.0
[ Info: new_scs: [33, 33]
[ Info: lp_scores: [5349.0, 5342.0]
[ Info: lp_scores: 5342.0
[ Info: lp_scores: 5349.0
[ Info: current num of unfinished slices: 38, finished slices: 0
                      ┌                                        ┐ 
                   33 ┤■■■■■■■■■■■■■■■ 2                         
                   34 ┤■■■■■■■■■■■■■■■ 2                         
                   35 ┤■■■■■■■ 1                                 
                   36 ┤■■■■■■■■■■■■■■■■■■■■■■ 3                  
                   37 ┤■■■■■■■ 1                                 
                   38 ┤ 0                                        
                   39 ┤■■■■■■■■■■■■■■■■■■■■■■■■■■■■■■ 4          
                   40 ┤■■■■■■■■■■■■■■■ 2                         
                   41 ┤■■■■■■■ 1                                 
                   42 ┤■■■■■■■■■■■■■■■ 2                         
                   43 ┤■■■■■■■ 1                                 
                   44 ┤■■■■■■■ 1                                 
                   45 ┤■■■■■■■ 1                                 
   sc, target = 31 46 ┤■■■■■■■■■■■■■■■ 2                         
                   47 ┤■■■■■■■■■■■■■■■ 2                         
                   48 ┤ 0                                        
                   49 ┤■■■■■■■ 1                                 
                   50 ┤■■■■■■■■■■■■■■■ 2                         
                   51 ┤ 0                                        
                   52 ┤■■■■■■■■■■■■■■■■■■■■■■■■■■■■■■■■■■■■■ 5   
                   53 ┤ 0                                        
                   54 ┤■■■■■■■ 1                                 
                   55 ┤ 0                                        
                   56 ┤ 0                                        
                   57 ┤■■■■■■■■■■■■■■■ 2                         
                   58 ┤■■■■■■■ 1                                 
                   59 ┤ 0                                        
                   60 ┤■■■■■■■ 1                                 
                      └                                        ┘ 
                                     num of slices               
[ Info: slicing branch with sc: 33.0
[ Info: cc.sc: 33.0
region size: 10
QIP_gurobi_bound: solver finished in 1.294 s (time_limit=100.0 s, status=OPTIMAL)
[ Info: slice 1, lp_score: 5347.0, primal_bound: 0.0
QIP_gurobi_bound: solver finished in 1.349 s (time_limit=100.0 s, status=OPTIMAL)
[ Info: slice 2, lp_score: 5349.0, primal_bound: 0.0
[ Info: new_scs: [33, 33]
[ Info: lp_scores: [5349.0, 5347.0]
[ Info: lp_scores: 5347.0
[ Info: lp_scores: 5349.0
[ Info: current num of unfinished slices: 39, finished slices: 0
                      ┌                                        ┐ 
                   33 ┤■■■■■■■■■■■■■■■■■■■■■■ 3                  
                   34 ┤■■■■■■■■■■■■■■■ 2                         
                   35 ┤■■■■■■■ 1                                 
                   36 ┤■■■■■■■■■■■■■■■■■■■■■■ 3                  
                   37 ┤■■■■■■■ 1                                 
                   38 ┤ 0                                        
                   39 ┤■■■■■■■■■■■■■■■■■■■■■■■■■■■■■■ 4          
                   40 ┤■■■■■■■■■■■■■■■ 2                         
                   41 ┤■■■■■■■ 1                                 
                   42 ┤■■■■■■■■■■■■■■■ 2                         
                   43 ┤■■■■■■■ 1                                 
                   44 ┤■■■■■■■ 1                                 
                   45 ┤■■■■■■■ 1                                 
   sc, target = 31 46 ┤■■■■■■■■■■■■■■■ 2                         
                   47 ┤■■■■■■■■■■■■■■■ 2                         
                   48 ┤ 0                                        
                   49 ┤■■■■■■■ 1                                 
                   50 ┤■■■■■■■■■■■■■■■ 2                         
                   51 ┤ 0                                        
                   52 ┤■■■■■■■■■■■■■■■■■■■■■■■■■■■■■■■■■■■■■ 5   
                   53 ┤ 0                                        
                   54 ┤■■■■■■■ 1                                 
                   55 ┤ 0                                        
                   56 ┤ 0                                        
                   57 ┤■■■■■■■■■■■■■■■ 2                         
                   58 ┤■■■■■■■ 1                                 
                   59 ┤ 0                                        
                   60 ┤■■■■■■■ 1                                 
                      └                                        ┘ 
                                     num of slices               
[ Info: slicing branch with sc: 33.0
[ Info: cc.sc: 33.0
region size: 10
QIP_gurobi_bound: solver finished in 1.325 s (time_limit=100.0 s, status=OPTIMAL)
[ Info: slice 1, lp_score: 5336.0, primal_bound: 0.0
QIP_gurobi_bound: solver finished in 1.595 s (time_limit=100.0 s, status=OPTIMAL)
[ Info: slice 2, lp_score: 5349.0, primal_bound: 0.0
[ Info: new_scs: [32, 33]
[ Info: lp_scores: [5349.0, 5336.0]
[ Info: lp_scores: 5336.0
[ Info: lp_scores: 5349.0
[ Info: current num of unfinished slices: 40, finished slices: 0
                      ┌                                        ┐ 
                   32 ┤■■■■■■■ 1                                 
                   33 ┤■■■■■■■■■■■■■■■■■■■■■■ 3                  
                   34 ┤■■■■■■■■■■■■■■■ 2                         
                   35 ┤■■■■■■■ 1                                 
                   36 ┤■■■■■■■■■■■■■■■■■■■■■■ 3                  
                   37 ┤■■■■■■■ 1                                 
                   38 ┤ 0                                        
                   39 ┤■■■■■■■■■■■■■■■■■■■■■■■■■■■■■■ 4          
                   40 ┤■■■■■■■■■■■■■■■ 2                         
                   41 ┤■■■■■■■ 1                                 
                   42 ┤■■■■■■■■■■■■■■■ 2                         
                   43 ┤■■■■■■■ 1                                 
                   44 ┤■■■■■■■ 1                                 
                   45 ┤■■■■■■■ 1                                 
   sc, target = 31 46 ┤■■■■■■■■■■■■■■■ 2                         
                   47 ┤■■■■■■■■■■■■■■■ 2                         
                   48 ┤ 0                                        
                   49 ┤■■■■■■■ 1                                 
                   50 ┤■■■■■■■■■■■■■■■ 2                         
                   51 ┤ 0                                        
                   52 ┤■■■■■■■■■■■■■■■■■■■■■■■■■■■■■■■■■■■■■ 5   
                   53 ┤ 0                                        
                   54 ┤■■■■■■■ 1                                 
                   55 ┤ 0                                        
                   56 ┤ 0                                        
                   57 ┤■■■■■■■■■■■■■■■ 2                         
                   58 ┤■■■■■■■ 1                                 
                   59 ┤ 0                                        
                   60 ┤■■■■■■■ 1                                 
                      └                                        ┘ 
                                     num of slices               
[ Info: slicing branch with sc: 32.0
[ Info: cc.sc: 32.0
region size: 10
QIP_gurobi_bound: solver finished in 1.271 s (time_limit=100.0 s, status=OPTIMAL)
[ Info: slice 1, lp_score: 5349.0, primal_bound: 0.0
QIP_gurobi_bound: solver finished in 1.218 s (time_limit=100.0 s, status=OPTIMAL)
[ Info: slice 2, lp_score: 5346.0, primal_bound: 0.0
[ Info: new_scs: [32, 32]
[ Info: lp_scores: [5349.0, 5346.0]
[ Info: lp_scores: 5346.0
[ Info: lp_scores: 5349.0
[ Info: current num of unfinished slices: 41, finished slices: 0
                      ┌                                        ┐ 
                   32 ┤■■■■■■■■■■■■■■■ 2                         
                   33 ┤■■■■■■■■■■■■■■■■■■■■■■ 3                  
                   34 ┤■■■■■■■■■■■■■■■ 2                         
                   35 ┤■■■■■■■ 1                                 
                   36 ┤■■■■■■■■■■■■■■■■■■■■■■ 3                  
                   37 ┤■■■■■■■ 1                                 
                   38 ┤ 0                                        
                   39 ┤■■■■■■■■■■■■■■■■■■■■■■■■■■■■■■ 4          
                   40 ┤■■■■■■■■■■■■■■■ 2                         
                   41 ┤■■■■■■■ 1                                 
                   42 ┤■■■■■■■■■■■■■■■ 2                         
                   43 ┤■■■■■■■ 1                                 
                   44 ┤■■■■■■■ 1                                 
                   45 ┤■■■■■■■ 1                                 
   sc, target = 31 46 ┤■■■■■■■■■■■■■■■ 2                         
                   47 ┤■■■■■■■■■■■■■■■ 2                         
                   48 ┤ 0                                        
                   49 ┤■■■■■■■ 1                                 
                   50 ┤■■■■■■■■■■■■■■■ 2                         
                   51 ┤ 0                                        
                   52 ┤■■■■■■■■■■■■■■■■■■■■■■■■■■■■■■■■■■■■■ 5   
                   53 ┤ 0                                        
                   54 ┤■■■■■■■ 1                                 
                   55 ┤ 0                                        
                   56 ┤ 0                                        
                   57 ┤■■■■■■■■■■■■■■■ 2                         
                   58 ┤■■■■■■■ 1                                 
                   59 ┤ 0                                        
                   60 ┤■■■■■■■ 1                                 
                      └                                        ┘ 
                                     num of slices               
[ Info: slicing branch with sc: 32.0
[ Info: cc.sc: 32.0
region size: 10
QIP_gurobi_bound: solver finished in 1.292 s (time_limit=100.0 s, status=OPTIMAL)
[ Info: slice 1, lp_score: 5349.0, primal_bound: 0.0
QIP_gurobi_bound: solver finished in 1.586 s (time_limit=100.0 s, status=OPTIMAL)
[ Info: slice 2, lp_score: 5347.0, primal_bound: 0.0
[ Info: new_scs: [31, 31]
[ Info: lp_scores: [5349.0, 5347.0]
[ Info: lp_scores: 5347.0
[ Info: lp_scores: 5349.0
[ Info: current num of unfinished slices: 42, finished slices: 0
                      ┌                                        ┐ 
                   31 ┤■■■■■■■■■■■■■■■ 2                         
                   32 ┤■■■■■■■ 1                                 
                   33 ┤■■■■■■■■■■■■■■■■■■■■■■ 3                  
                   34 ┤■■■■■■■■■■■■■■■ 2                         
                   35 ┤■■■■■■■ 1                                 
                   36 ┤■■■■■■■■■■■■■■■■■■■■■■ 3                  
                   37 ┤■■■■■■■ 1                                 
                   38 ┤ 0                                        
                   39 ┤■■■■■■■■■■■■■■■■■■■■■■■■■■■■■■ 4          
                   40 ┤■■■■■■■■■■■■■■■ 2                         
                   41 ┤■■■■■■■ 1                                 
                   42 ┤■■■■■■■■■■■■■■■ 2                         
                   43 ┤■■■■■■■ 1                                 
                   44 ┤■■■■■■■ 1                                 
   sc, target = 31 45 ┤■■■■■■■ 1                                 
                   46 ┤■■■■■■■■■■■■■■■ 2                         
                   47 ┤■■■■■■■■■■■■■■■ 2                         
                   48 ┤ 0                                        
                   49 ┤■■■■■■■ 1                                 
                   50 ┤■■■■■■■■■■■■■■■ 2                         
                   51 ┤ 0                                        
                   52 ┤■■■■■■■■■■■■■■■■■■■■■■■■■■■■■■■■■■■■■ 5   
                   53 ┤ 0                                        
                   54 ┤■■■■■■■ 1                                 
                   55 ┤ 0                                        
                   56 ┤ 0                                        
                   57 ┤■■■■■■■■■■■■■■■ 2                         
                   58 ┤■■■■■■■ 1                                 
                   59 ┤ 0                                        
                   60 ┤■■■■■■■ 1                                 
                      └                                        ┘ 
                                     num of slices               
[ Info: slicing branch with sc: 31.0
  [slice produced] sc=31.0 tc=44.734420992052854 nv=3544 ne=6904 r=55.0
QIP_value_gurobi: solver finished in 1.252 s (time_limit=604800.0 s, status=OPTIMAL)
[ Info: feasible solution: 5349.0, primal bound: 5349.0
[ Info: current num of unfinished slices: 41, finished slices: 1
                      ┌                                        ┐ 
                   31 ┤■■■■■■■ 1                                 
                   32 ┤■■■■■■■ 1                                 
                   33 ┤■■■■■■■■■■■■■■■■■■■■■■ 3                  
                   34 ┤■■■■■■■■■■■■■■■ 2                         
                   35 ┤■■■■■■■ 1                                 
                   36 ┤■■■■■■■■■■■■■■■■■■■■■■ 3                  
                   37 ┤■■■■■■■ 1                                 
                   38 ┤ 0                                        
                   39 ┤■■■■■■■■■■■■■■■■■■■■■■■■■■■■■■ 4          
                   40 ┤■■■■■■■■■■■■■■■ 2                         
                   41 ┤■■■■■■■ 1                                 
                   42 ┤■■■■■■■■■■■■■■■ 2                         
                   43 ┤■■■■■■■ 1                                 
                   44 ┤■■■■■■■ 1                                 
   sc, target = 31 45 ┤■■■■■■■ 1                                 
                   46 ┤■■■■■■■■■■■■■■■ 2                         
                   47 ┤■■■■■■■■■■■■■■■ 2                         
                   48 ┤ 0                                        
                   49 ┤■■■■■■■ 1                                 
                   50 ┤■■■■■■■■■■■■■■■ 2                         
                   51 ┤ 0                                        
                   52 ┤■■■■■■■■■■■■■■■■■■■■■■■■■■■■■■■■■■■■■ 5   
                   53 ┤ 0                                        
                   54 ┤■■■■■■■ 1                                 
                   55 ┤ 0                                        
                   56 ┤ 0                                        
                   57 ┤■■■■■■■■■■■■■■■ 2                         
                   58 ┤■■■■■■■ 1                                 
                   59 ┤ 0                                        
                   60 ┤■■■■■■■ 1                                 
                      └                                        ┘ 
                                     num of slices               
[ Info: slicing branch with sc: 31.0
  [slice produced] sc=31.0 tc=44.73525346567858 nv=3545 ne=6906 r=52.5
QIP_value_gurobi: solver finished in 1.581 s (time_limit=604800.0 s, status=OPTIMAL)
[ Info: feasible solution: 5347.0, primal bound: 5349.0
[ Info: current num of unfinished slices: 40, finished slices: 2
                      ┌                                        ┐ 
                   32 ┤■■■■■■■ 1                                 
                   33 ┤■■■■■■■■■■■■■■■■■■■■■■ 3                  
                   34 ┤■■■■■■■■■■■■■■■ 2                         
                   35 ┤■■■■■■■ 1                                 
                   36 ┤■■■■■■■■■■■■■■■■■■■■■■ 3                  
                   37 ┤■■■■■■■ 1                                 
                   38 ┤ 0                                        
                   39 ┤■■■■■■■■■■■■■■■■■■■■■■■■■■■■■■ 4          
                   40 ┤■■■■■■■■■■■■■■■ 2                         
                   41 ┤■■■■■■■ 1                                 
                   42 ┤■■■■■■■■■■■■■■■ 2                         
                   43 ┤■■■■■■■ 1                                 
                   44 ┤■■■■■■■ 1                                 
                   45 ┤■■■■■■■ 1                                 
   sc, target = 31 46 ┤■■■■■■■■■■■■■■■ 2                         
                   47 ┤■■■■■■■■■■■■■■■ 2                         
                   48 ┤ 0                                        
                   49 ┤■■■■■■■ 1                                 
                   50 ┤■■■■■■■■■■■■■■■ 2                         
                   51 ┤ 0                                        
                   52 ┤■■■■■■■■■■■■■■■■■■■■■■■■■■■■■■■■■■■■■ 5   
                   53 ┤ 0                                        
                   54 ┤■■■■■■■ 1                                 
                   55 ┤ 0                                        
                   56 ┤ 0                                        
                   57 ┤■■■■■■■■■■■■■■■ 2                         
                   58 ┤■■■■■■■ 1                                 
                   59 ┤ 0                                        
                   60 ┤■■■■■■■ 1                                 
                      └                                        ┘ 
                                     num of slices               
[ Info: slicing branch with sc: 32.0
[ Info: cc.sc: 32.0
region size: 10
tbl0_rows:62 filtered_rows:62
QIP_gurobi_bound: solver finished in 1.189 s (time_limit=100.0 s, status=OPTIMAL)
[ Info: slice 1, lp_score: 5343.0, primal_bound: 5349.0
QIP_gurobi_bound: solver finished in 1.263 s (time_limit=100.0 s, status=OPTIMAL)
[ Info: slice 2, lp_score: 5346.0, primal_bound: 5349.0
[ Info: new_scs: Int64[]
[ Info: lp_scores: Float64[]
[ Info: current num of unfinished slices: 39, finished slices: 2
                      ┌                                        ┐ 
                   33 ┤■■■■■■■■■■■■■■■■■■■■■■ 3                  
                   34 ┤■■■■■■■■■■■■■■■ 2                         
                   35 ┤■■■■■■■ 1                                 
                   36 ┤■■■■■■■■■■■■■■■■■■■■■■ 3                  
                   37 ┤■■■■■■■ 1                                 
                   38 ┤ 0                                        
                   39 ┤■■■■■■■■■■■■■■■■■■■■■■■■■■■■■■ 4          
                   40 ┤■■■■■■■■■■■■■■■ 2                         
                   41 ┤■■■■■■■ 1                                 
                   42 ┤■■■■■■■■■■■■■■■ 2                         
                   43 ┤■■■■■■■ 1                                 
                   44 ┤■■■■■■■ 1                                 
                   45 ┤■■■■■■■ 1                                 
   sc, target = 31 46 ┤■■■■■■■■■■■■■■■ 2                         
                   47 ┤■■■■■■■■■■■■■■■ 2                         
                   48 ┤ 0                                        
                   49 ┤■■■■■■■ 1                                 
                   50 ┤■■■■■■■■■■■■■■■ 2                         
                   51 ┤ 0                                        
                   52 ┤■■■■■■■■■■■■■■■■■■■■■■■■■■■■■■■■■■■■■ 5   
                   53 ┤ 0                                        
                   54 ┤■■■■■■■ 1                                 
                   55 ┤ 0                                        
                   56 ┤ 0                                        
                   57 ┤■■■■■■■■■■■■■■■ 2                         
                   58 ┤■■■■■■■ 1                                 
                   59 ┤ 0                                        
                   60 ┤■■■■■■■ 1                                 
                      └                                        ┘ 
                                     num of slices               
[ Info: slicing branch with sc: 33.0
[ Info: cc.sc: 33.0
region size: 10
tbl0_rows:54 filtered_rows:54
QIP_gurobi_bound: solver finished in 1.332 s (time_limit=100.0 s, status=OPTIMAL)
[ Info: slice 1, lp_score: 5332.0, primal_bound: 5349.0
QIP_gurobi_bound: solver finished in 1.344 s (time_limit=100.0 s, status=OPTIMAL)
[ Info: slice 2, lp_score: 5336.0, primal_bound: 5349.0
[ Info: new_scs: Int64[]
[ Info: lp_scores: Float64[]
[ Info: current num of unfinished slices: 38, finished slices: 2
                      ┌                                        ┐ 
                   33 ┤■■■■■■■■■■■■■■■ 2                         
                   34 ┤■■■■■■■■■■■■■■■ 2                         
                   35 ┤■■■■■■■ 1                                 
                   36 ┤■■■■■■■■■■■■■■■■■■■■■■ 3                  
                   37 ┤■■■■■■■ 1                                 
                   38 ┤ 0                                        
                   39 ┤■■■■■■■■■■■■■■■■■■■■■■■■■■■■■■ 4          
                   40 ┤■■■■■■■■■■■■■■■ 2                         
                   41 ┤■■■■■■■ 1                                 
                   42 ┤■■■■■■■■■■■■■■■ 2                         
                   43 ┤■■■■■■■ 1                                 
                   44 ┤■■■■■■■ 1                                 
                   45 ┤■■■■■■■ 1                                 
   sc, target = 31 46 ┤■■■■■■■■■■■■■■■ 2                         
                   47 ┤■■■■■■■■■■■■■■■ 2                         
                   48 ┤ 0                                        
                   49 ┤■■■■■■■ 1                                 
                   50 ┤■■■■■■■■■■■■■■■ 2                         
                   51 ┤ 0                                        
                   52 ┤■■■■■■■■■■■■■■■■■■■■■■■■■■■■■■■■■■■■■ 5   
                   53 ┤ 0                                        
                   54 ┤■■■■■■■ 1                                 
                   55 ┤ 0                                        
                   56 ┤ 0                                        
                   57 ┤■■■■■■■■■■■■■■■ 2                         
                   58 ┤■■■■■■■ 1                                 
                   59 ┤ 0                                        
                   60 ┤■■■■■■■ 1                                 
                      └                                        ┘ 
                                     num of slices               
[ Info: slicing branch with sc: 33.0
[ Info: cc.sc: 33.0
region size: 10
tbl0_rows:15 filtered_rows:15
QIP_gurobi_bound: solver finished in 1.417 s (time_limit=100.0 s, status=OPTIMAL)
[ Info: slice 1, lp_score: 5334.0, primal_bound: 5349.0
QIP_gurobi_bound: solver finished in 1.14 s (time_limit=100.0 s, status=OPTIMAL)
[ Info: slice 2, lp_score: 5347.0, primal_bound: 5349.0
[ Info: new_scs: Int64[]
[ Info: lp_scores: Float64[]
[ Info: current num of unfinished slices: 37, finished slices: 2
                      ┌                                        ┐ 
                   33 ┤■■■■■■■ 1                                 
                   34 ┤■■■■■■■■■■■■■■■ 2                         
                   35 ┤■■■■■■■ 1                                 
                   36 ┤■■■■■■■■■■■■■■■■■■■■■■ 3                  
                   37 ┤■■■■■■■ 1                                 
                   38 ┤ 0                                        
                   39 ┤■■■■■■■■■■■■■■■■■■■■■■■■■■■■■■ 4          
                   40 ┤■■■■■■■■■■■■■■■ 2                         
                   41 ┤■■■■■■■ 1                                 
                   42 ┤■■■■■■■■■■■■■■■ 2                         
                   43 ┤■■■■■■■ 1                                 
                   44 ┤■■■■■■■ 1                                 
                   45 ┤■■■■■■■ 1                                 
   sc, target = 31 46 ┤■■■■■■■■■■■■■■■ 2                         
                   47 ┤■■■■■■■■■■■■■■■ 2                         
                   48 ┤ 0                                        
                   49 ┤■■■■■■■ 1                                 
                   50 ┤■■■■■■■■■■■■■■■ 2                         
                   51 ┤ 0                                        
                   52 ┤■■■■■■■■■■■■■■■■■■■■■■■■■■■■■■■■■■■■■ 5   
                   53 ┤ 0                                        
                   54 ┤■■■■■■■ 1                                 
                   55 ┤ 0                                        
                   56 ┤ 0                                        
                   57 ┤■■■■■■■■■■■■■■■ 2                         
                   58 ┤■■■■■■■ 1                                 
                   59 ┤ 0                                        
                   60 ┤■■■■■■■ 1                                 
                      └                                        ┘ 
                                     num of slices               
[ Info: slicing branch with sc: 33.0
[ Info: cc.sc: 33.0
region size: 10
tbl0_rows:26 filtered_rows:26
QIP_gurobi_bound: solver finished in 1.237 s (time_limit=100.0 s, status=OPTIMAL)
[ Info: slice 1, lp_score: 5334.0, primal_bound: 5349.0
QIP_gurobi_bound: solver finished in 1.337 s (time_limit=100.0 s, status=OPTIMAL)
[ Info: slice 2, lp_score: 5342.0, primal_bound: 5349.0
[ Info: new_scs: Int64[]
[ Info: lp_scores: Float64[]
[ Info: current num of unfinished slices: 36, finished slices: 2
                      ┌                                        ┐ 
                   34 ┤■■■■■■■■■■■■■■■ 2                         
                   35 ┤■■■■■■■ 1                                 
                   36 ┤■■■■■■■■■■■■■■■■■■■■■■ 3                  
                   37 ┤■■■■■■■ 1                                 
                   38 ┤ 0                                        
                   39 ┤■■■■■■■■■■■■■■■■■■■■■■■■■■■■■■ 4          
                   40 ┤■■■■■■■■■■■■■■■ 2                         
                   41 ┤■■■■■■■ 1                                 
                   42 ┤■■■■■■■■■■■■■■■ 2                         
                   43 ┤■■■■■■■ 1                                 
                   44 ┤■■■■■■■ 1                                 
                   45 ┤■■■■■■■ 1                                 
                   46 ┤■■■■■■■■■■■■■■■ 2                         
   sc, target = 31 47 ┤■■■■■■■■■■■■■■■ 2                         
                   48 ┤ 0                                        
                   49 ┤■■■■■■■ 1                                 
                   50 ┤■■■■■■■■■■■■■■■ 2                         
                   51 ┤ 0                                        
                   52 ┤■■■■■■■■■■■■■■■■■■■■■■■■■■■■■■■■■■■■■ 5   
                   53 ┤ 0                                        
                   54 ┤■■■■■■■ 1                                 
                   55 ┤ 0                                        
                   56 ┤ 0                                        
                   57 ┤■■■■■■■■■■■■■■■ 2                         
                   58 ┤■■■■■■■ 1                                 
                   59 ┤ 0                                        
                   60 ┤■■■■■■■ 1                                 
                      └                                        ┘ 
                                     num of slices               
[ Info: slicing branch with sc: 34.0
[ Info: cc.sc: 34.0
region size: 10
tbl0_rows:72 filtered_rows:72
QIP_gurobi_bound: solver finished in 1.35 s (time_limit=100.0 s, status=OPTIMAL)
[ Info: slice 1, lp_score: 5345.0, primal_bound: 5349.0
QIP_gurobi_bound: solver finished in 1.411 s (time_limit=100.0 s, status=OPTIMAL)
[ Info: slice 2, lp_score: 5344.0, primal_bound: 5349.0
[ Info: new_scs: Int64[]
[ Info: lp_scores: Float64[]
[ Info: current num of unfinished slices: 35, finished slices: 2
                      ┌                                        ┐ 
                   34 ┤■■■■■■■ 1                                 
                   35 ┤■■■■■■■ 1                                 
                   36 ┤■■■■■■■■■■■■■■■■■■■■■■ 3                  
                   37 ┤■■■■■■■ 1                                 
                   38 ┤ 0                                        
                   39 ┤■■■■■■■■■■■■■■■■■■■■■■■■■■■■■■ 4          
                   40 ┤■■■■■■■■■■■■■■■ 2                         
                   41 ┤■■■■■■■ 1                                 
                   42 ┤■■■■■■■■■■■■■■■ 2                         
                   43 ┤■■■■■■■ 1                                 
                   44 ┤■■■■■■■ 1                                 
                   45 ┤■■■■■■■ 1                                 
                   46 ┤■■■■■■■■■■■■■■■ 2                         
   sc, target = 31 47 ┤■■■■■■■■■■■■■■■ 2                         
                   48 ┤ 0                                        
                   49 ┤■■■■■■■ 1                                 
                   50 ┤■■■■■■■■■■■■■■■ 2                         
                   51 ┤ 0                                        
                   52 ┤■■■■■■■■■■■■■■■■■■■■■■■■■■■■■■■■■■■■■ 5   
                   53 ┤ 0                                        
                   54 ┤■■■■■■■ 1                                 
                   55 ┤ 0                                        
                   56 ┤ 0                                        
                   57 ┤■■■■■■■■■■■■■■■ 2                         
                   58 ┤■■■■■■■ 1                                 
                   59 ┤ 0                                        
                   60 ┤■■■■■■■ 1                                 
                      └                                        ┘ 
                                     num of slices               
[ Info: slicing branch with sc: 34.0
[ Info: cc.sc: 34.0
region size: 10
tbl0_rows:51 filtered_rows:51
QIP_gurobi_bound: solver finished in 1.179 s (time_limit=100.0 s, status=OPTIMAL)
[ Info: slice 1, lp_score: 5339.0, primal_bound: 5349.0
QIP_gurobi_bound: solver finished in 1.294 s (time_limit=100.0 s, status=OPTIMAL)
[ Info: slice 2, lp_score: 5346.0, primal_bound: 5349.0
[ Info: new_scs: Int64[]
[ Info: lp_scores: Float64[]
[ Info: current num of unfinished slices: 34, finished slices: 2
                      ┌                                        ┐ 
                   35 ┤■■■■■■■ 1                                 
                   36 ┤■■■■■■■■■■■■■■■■■■■■■■ 3                  
                   37 ┤■■■■■■■ 1                                 
                   38 ┤ 0                                        
                   39 ┤■■■■■■■■■■■■■■■■■■■■■■■■■■■■■■ 4          
                   40 ┤■■■■■■■■■■■■■■■ 2                         
                   41 ┤■■■■■■■ 1                                 
                   42 ┤■■■■■■■■■■■■■■■ 2                         
                   43 ┤■■■■■■■ 1                                 
                   44 ┤■■■■■■■ 1                                 
                   45 ┤■■■■■■■ 1                                 
                   46 ┤■■■■■■■■■■■■■■■ 2                         
   sc, target = 31 47 ┤■■■■■■■■■■■■■■■ 2                         
                   48 ┤ 0                                        
                   49 ┤■■■■■■■ 1                                 
                   50 ┤■■■■■■■■■■■■■■■ 2                         
                   51 ┤ 0                                        
                   52 ┤■■■■■■■■■■■■■■■■■■■■■■■■■■■■■■■■■■■■■ 5   
                   53 ┤ 0                                        
                   54 ┤■■■■■■■ 1                                 
                   55 ┤ 0                                        
                   56 ┤ 0                                        
                   57 ┤■■■■■■■■■■■■■■■ 2                         
                   58 ┤■■■■■■■ 1                                 
                   59 ┤ 0                                        
                   60 ┤■■■■■■■ 1                                 
                      └                                        ┘ 
                                     num of slices               
[ Info: slicing branch with sc: 35.0
[ Info: cc.sc: 35.0
region size: 10
tbl0_rows:50 filtered_rows:50
QIP_gurobi_bound: solver finished in 1.321 s (time_limit=100.0 s, status=OPTIMAL)
[ Info: slice 1, lp_score: 5344.0, primal_bound: 5349.0
QIP_gurobi_bound: solver finished in 1.303 s (time_limit=100.0 s, status=OPTIMAL)
[ Info: slice 2, lp_score: 5348.0, primal_bound: 5349.0
[ Info: new_scs: Int64[]
[ Info: lp_scores: Float64[]
[ Info: current num of unfinished slices: 33, finished slices: 2
                      ┌                                        ┐ 
                   36 ┤■■■■■■■■■■■■■■■■■■■■■■ 3                  
                   37 ┤■■■■■■■ 1                                 
                   38 ┤ 0                                        
                   39 ┤■■■■■■■■■■■■■■■■■■■■■■■■■■■■■■ 4          
                   40 ┤■■■■■■■■■■■■■■■ 2                         
                   41 ┤■■■■■■■ 1                                 
                   42 ┤■■■■■■■■■■■■■■■ 2                         
                   43 ┤■■■■■■■ 1                                 
                   44 ┤■■■■■■■ 1                                 
                   45 ┤■■■■■■■ 1                                 
                   46 ┤■■■■■■■■■■■■■■■ 2                         
                   47 ┤■■■■■■■■■■■■■■■ 2                         
   sc, target = 31 48 ┤ 0                                        
                   49 ┤■■■■■■■ 1                                 
                   50 ┤■■■■■■■■■■■■■■■ 2                         
                   51 ┤ 0                                        
                   52 ┤■■■■■■■■■■■■■■■■■■■■■■■■■■■■■■■■■■■■■ 5   
                   53 ┤ 0                                        
                   54 ┤■■■■■■■ 1                                 
                   55 ┤ 0                                        
                   56 ┤ 0                                        
                   57 ┤■■■■■■■■■■■■■■■ 2                         
                   58 ┤■■■■■■■ 1                                 
                   59 ┤ 0                                        
                   60 ┤■■■■■■■ 1                                 
                      └                                        ┘ 
                                     num of slices               
[ Info: slicing branch with sc: 36.0
[ Info: cc.sc: 36.0
region size: 10
tbl0_rows:11 filtered_rows:11
QIP_gurobi_bound: solver finished in 1.472 s (time_limit=100.0 s, status=OPTIMAL)
[ Info: slice 1, lp_score: 5345.0, primal_bound: 5349.0
[ Info: new_scs: Int64[]
[ Info: lp_scores: Float64[]
[ Info: current num of unfinished slices: 32, finished slices: 2
                      ┌                                        ┐ 
                   36 ┤■■■■■■■■■■■■■■■ 2                         
                   37 ┤■■■■■■■ 1                                 
                   38 ┤ 0                                        
                   39 ┤■■■■■■■■■■■■■■■■■■■■■■■■■■■■■■ 4          
                   40 ┤■■■■■■■■■■■■■■■ 2                         
                   41 ┤■■■■■■■ 1                                 
                   42 ┤■■■■■■■■■■■■■■■ 2                         
                   43 ┤■■■■■■■ 1                                 
                   44 ┤■■■■■■■ 1                                 
                   45 ┤■■■■■■■ 1                                 
                   46 ┤■■■■■■■■■■■■■■■ 2                         
                   47 ┤■■■■■■■■■■■■■■■ 2                         
   sc, target = 31 48 ┤ 0                                        
                   49 ┤■■■■■■■ 1                                 
                   50 ┤■■■■■■■■■■■■■■■ 2                         
                   51 ┤ 0                                        
                   52 ┤■■■■■■■■■■■■■■■■■■■■■■■■■■■■■■■■■■■■■ 5   
                   53 ┤ 0                                        
                   54 ┤■■■■■■■ 1                                 
                   55 ┤ 0                                        
                   56 ┤ 0                                        
                   57 ┤■■■■■■■■■■■■■■■ 2                         
                   58 ┤■■■■■■■ 1                                 
                   59 ┤ 0                                        
                   60 ┤■■■■■■■ 1                                 
                      └                                        ┘ 
                                     num of slices               
[ Info: slicing branch with sc: 36.0
[ Info: cc.sc: 36.0
region size: 10
tbl0_rows:18 filtered_rows:18
QIP_gurobi_bound: solver finished in 1.323 s (time_limit=100.0 s, status=OPTIMAL)
[ Info: slice 1, lp_score: 5341.0, primal_bound: 5349.0
QIP_gurobi_bound: solver finished in 1.285 s (time_limit=100.0 s, status=OPTIMAL)
[ Info: slice 2, lp_score: 5336.0, primal_bound: 5349.0
[ Info: new_scs: Int64[]
[ Info: lp_scores: Float64[]
[ Info: current num of unfinished slices: 31, finished slices: 2
                      ┌                                        ┐ 
                   36 ┤■■■■■■■ 1                                 
                   37 ┤■■■■■■■ 1                                 
                   38 ┤ 0                                        
                   39 ┤■■■■■■■■■■■■■■■■■■■■■■■■■■■■■■ 4          
                   40 ┤■■■■■■■■■■■■■■■ 2                         
                   41 ┤■■■■■■■ 1                                 
                   42 ┤■■■■■■■■■■■■■■■ 2                         
                   43 ┤■■■■■■■ 1                                 
                   44 ┤■■■■■■■ 1                                 
                   45 ┤■■■■■■■ 1                                 
                   46 ┤■■■■■■■■■■■■■■■ 2                         
                   47 ┤■■■■■■■■■■■■■■■ 2                         
   sc, target = 31 48 ┤ 0                                        
                   49 ┤■■■■■■■ 1                                 
                   50 ┤■■■■■■■■■■■■■■■ 2                         
                   51 ┤ 0                                        
                   52 ┤■■■■■■■■■■■■■■■■■■■■■■■■■■■■■■■■■■■■■ 5   
                   53 ┤ 0                                        
                   54 ┤■■■■■■■ 1                                 
                   55 ┤ 0                                        
                   56 ┤ 0                                        
                   57 ┤■■■■■■■■■■■■■■■ 2                         
                   58 ┤■■■■■■■ 1                                 
                   59 ┤ 0                                        
                   60 ┤■■■■■■■ 1                                 
                      └                                        ┘ 
                                     num of slices               
[ Info: slicing branch with sc: 37.0
[ Info: cc.sc: 37.0
region size: 10
tbl0_rows:44 filtered_rows:44
QIP_gurobi_bound: solver finished in 5.939 s (time_limit=100.0 s, status=OPTIMAL)
[ Info: slice 1, lp_score: 5343.0, primal_bound: 5349.0
QIP_gurobi_bound: solver finished in 5.869 s (time_limit=100.0 s, status=OPTIMAL)
[ Info: slice 2, lp_score: 5336.0, primal_bound: 5349.0
[ Info: new_scs: Int64[]
[ Info: lp_scores: Float64[]
[ Info: current num of unfinished slices: 30, finished slices: 2
                      ┌                                        ┐ 
                   36 ┤■■■■■■■ 1                                 
                   37 ┤ 0                                        
                   38 ┤ 0                                        
                   39 ┤■■■■■■■■■■■■■■■■■■■■■■■■■■■■■■ 4          
                   40 ┤■■■■■■■■■■■■■■■ 2                         
                   41 ┤■■■■■■■ 1                                 
                   42 ┤■■■■■■■■■■■■■■■ 2                         
                   43 ┤■■■■■■■ 1                                 
                   44 ┤■■■■■■■ 1                                 
                   45 ┤■■■■■■■ 1                                 
                   46 ┤■■■■■■■■■■■■■■■ 2                         
                   47 ┤■■■■■■■■■■■■■■■ 2                         
   sc, target = 31 48 ┤ 0                                        
                   49 ┤■■■■■■■ 1                                 
                   50 ┤■■■■■■■■■■■■■■■ 2                         
                   51 ┤ 0                                        
                   52 ┤■■■■■■■■■■■■■■■■■■■■■■■■■■■■■■■■■■■■■ 5   
                   53 ┤ 0                                        
                   54 ┤■■■■■■■ 1                                 
                   55 ┤ 0                                        
                   56 ┤ 0                                        
                   57 ┤■■■■■■■■■■■■■■■ 2                         
                   58 ┤■■■■■■■ 1                                 
                   59 ┤ 0                                        
                   60 ┤■■■■■■■ 1                                 
                      └                                        ┘ 
                                     num of slices               
[ Info: slicing branch with sc: 36.0
[ Info: cc.sc: 36.0
region size: 10
tbl0_rows:52 filtered_rows:52
QIP_gurobi_bound: solver finished in 1.436 s (time_limit=100.0 s, status=OPTIMAL)
[ Info: slice 1, lp_score: 5341.0, primal_bound: 5349.0
QIP_gurobi_bound: solver finished in 1.271 s (time_limit=100.0 s, status=OPTIMAL)
[ Info: slice 2, lp_score: 5335.0, primal_bound: 5349.0
[ Info: new_scs: Int64[]
[ Info: lp_scores: Float64[]
[ Info: current num of unfinished slices: 29, finished slices: 2
                      ┌                                        ┐ 
                   39 ┤■■■■■■■■■■■■■■■■■■■■■■■■■■■■■■ 4          
                   40 ┤■■■■■■■■■■■■■■■ 2                         
                   41 ┤■■■■■■■ 1                                 
                   42 ┤■■■■■■■■■■■■■■■ 2                         
                   43 ┤■■■■■■■ 1                                 
                   44 ┤■■■■■■■ 1                                 
                   45 ┤■■■■■■■ 1                                 
                   46 ┤■■■■■■■■■■■■■■■ 2                         
                   47 ┤■■■■■■■■■■■■■■■ 2                         
                   48 ┤ 0                                        
   sc, target = 31 49 ┤■■■■■■■ 1                                 
                   50 ┤■■■■■■■■■■■■■■■ 2                         
                   51 ┤ 0                                        
                   52 ┤■■■■■■■■■■■■■■■■■■■■■■■■■■■■■■■■■■■■■ 5   
                   53 ┤ 0                                        
                   54 ┤■■■■■■■ 1                                 
                   55 ┤ 0                                        
                   56 ┤ 0                                        
                   57 ┤■■■■■■■■■■■■■■■ 2                         
                   58 ┤■■■■■■■ 1                                 
                   59 ┤ 0                                        
                   60 ┤■■■■■■■ 1                                 
                      └                                        ┘ 
                                     num of slices               
[ Info: slicing branch with sc: 39.0
[ Info: cc.sc: 39.0
region size: 10
tbl0_rows:52 filtered_rows:52
QIP_gurobi_bound: solver finished in 1.244 s (time_limit=100.0 s, status=OPTIMAL)
[ Info: slice 1, lp_score: 5345.0, primal_bound: 5349.0
QIP_gurobi_bound: solver finished in 1.377 s (time_limit=100.0 s, status=OPTIMAL)
[ Info: slice 2, lp_score: 5339.0, primal_bound: 5349.0
[ Info: new_scs: Int64[]
[ Info: lp_scores: Float64[]
[ Info: current num of unfinished slices: 28, finished slices: 2
                      ┌                                        ┐ 
                   39 ┤■■■■■■■■■■■■■■■■■■■■■■ 3                  
                   40 ┤■■■■■■■■■■■■■■■ 2                         
                   41 ┤■■■■■■■ 1                                 
                   42 ┤■■■■■■■■■■■■■■■ 2                         
                   43 ┤■■■■■■■ 1                                 
                   44 ┤■■■■■■■ 1                                 
                   45 ┤■■■■■■■ 1                                 
                   46 ┤■■■■■■■■■■■■■■■ 2                         
                   47 ┤■■■■■■■■■■■■■■■ 2                         
                   48 ┤ 0                                        
   sc, target = 31 49 ┤■■■■■■■ 1                                 
                   50 ┤■■■■■■■■■■■■■■■ 2                         
                   51 ┤ 0                                        
                   52 ┤■■■■■■■■■■■■■■■■■■■■■■■■■■■■■■■■■■■■■ 5   
                   53 ┤ 0                                        
                   54 ┤■■■■■■■ 1                                 
                   55 ┤ 0                                        
                   56 ┤ 0                                        
                   57 ┤■■■■■■■■■■■■■■■ 2                         
                   58 ┤■■■■■■■ 1                                 
                   59 ┤ 0                                        
                   60 ┤■■■■■■■ 1                                 
                      └                                        ┘ 
                                     num of slices               
[ Info: slicing branch with sc: 39.0
[ Info: cc.sc: 39.0
region size: 10
tbl0_rows:26 filtered_rows:26
QIP_gurobi_bound: solver finished in 1.279 s (time_limit=100.0 s, status=OPTIMAL)
[ Info: slice 1, lp_score: 5332.0, primal_bound: 5349.0
QIP_gurobi_bound: solver finished in 1.311 s (time_limit=100.0 s, status=OPTIMAL)
[ Info: slice 2, lp_score: 5339.0, primal_bound: 5349.0
[ Info: new_scs: Int64[]
[ Info: lp_scores: Float64[]
[ Info: current num of unfinished slices: 27, finished slices: 2
                      ┌                                        ┐ 
                   39 ┤■■■■■■■■■■■■■■■ 2                         
                   40 ┤■■■■■■■■■■■■■■■ 2                         
                   41 ┤■■■■■■■ 1                                 
                   42 ┤■■■■■■■■■■■■■■■ 2                         
                   43 ┤■■■■■■■ 1                                 
                   44 ┤■■■■■■■ 1                                 
                   45 ┤■■■■■■■ 1                                 
                   46 ┤■■■■■■■■■■■■■■■ 2                         
                   47 ┤■■■■■■■■■■■■■■■ 2                         
                   48 ┤ 0                                        
   sc, target = 31 49 ┤■■■■■■■ 1                                 
                   50 ┤■■■■■■■■■■■■■■■ 2                         
                   51 ┤ 0                                        
                   52 ┤■■■■■■■■■■■■■■■■■■■■■■■■■■■■■■■■■■■■■ 5   
                   53 ┤ 0                                        
                   54 ┤■■■■■■■ 1                                 
                   55 ┤ 0                                        
                   56 ┤ 0                                        
                   57 ┤■■■■■■■■■■■■■■■ 2                         
                   58 ┤■■■■■■■ 1                                 
                   59 ┤ 0                                        
                   60 ┤■■■■■■■ 1                                 
                      └                                        ┘ 
                                     num of slices               
[ Info: slicing branch with sc: 39.0
[ Info: cc.sc: 39.0
region size: 10
tbl0_rows:42 filtered_rows:42
QIP_gurobi_bound: solver finished in 1.262 s (time_limit=100.0 s, status=OPTIMAL)
[ Info: slice 1, lp_score: 5339.0, primal_bound: 5349.0
QIP_gurobi_bound: solver finished in 1.361 s (time_limit=100.0 s, status=OPTIMAL)
[ Info: slice 2, lp_score: 5348.0, primal_bound: 5349.0
[ Info: new_scs: Int64[]
[ Info: lp_scores: Float64[]
[ Info: current num of unfinished slices: 26, finished slices: 2
                      ┌                                        ┐ 
                   39 ┤■■■■■■■ 1                                 
                   40 ┤■■■■■■■■■■■■■■■ 2                         
                   41 ┤■■■■■■■ 1                                 
                   42 ┤■■■■■■■■■■■■■■■ 2                         
                   43 ┤■■■■■■■ 1                                 
                   44 ┤■■■■■■■ 1                                 
                   45 ┤■■■■■■■ 1                                 
                   46 ┤■■■■■■■■■■■■■■■ 2                         
                   47 ┤■■■■■■■■■■■■■■■ 2                         
                   48 ┤ 0                                        
   sc, target = 31 49 ┤■■■■■■■ 1                                 
                   50 ┤■■■■■■■■■■■■■■■ 2                         
                   51 ┤ 0                                        
                   52 ┤■■■■■■■■■■■■■■■■■■■■■■■■■■■■■■■■■■■■■ 5   
                   53 ┤ 0                                        
                   54 ┤■■■■■■■ 1                                 
                   55 ┤ 0                                        
                   56 ┤ 0                                        
                   57 ┤■■■■■■■■■■■■■■■ 2                         
                   58 ┤■■■■■■■ 1                                 
                   59 ┤ 0                                        
                   60 ┤■■■■■■■ 1                                 
                      └                                        ┘ 
                                     num of slices               
[ Info: slicing branch with sc: 39.0
[ Info: cc.sc: 39.0
region size: 10
tbl0_rows:50 filtered_rows:50
QIP_gurobi_bound: solver finished in 1.23 s (time_limit=100.0 s, status=OPTIMAL)
[ Info: slice 1, lp_score: 5341.0, primal_bound: 5349.0
QIP_gurobi_bound: solver finished in 1.372 s (time_limit=100.0 s, status=OPTIMAL)
[ Info: slice 2, lp_score: 5342.0, primal_bound: 5349.0
[ Info: new_scs: Int64[]
[ Info: lp_scores: Float64[]
[ Info: current num of unfinished slices: 25, finished slices: 2
                      ┌                                        ┐ 
                   40 ┤■■■■■■■■■■■■■■■ 2                         
                   41 ┤■■■■■■■ 1                                 
                   42 ┤■■■■■■■■■■■■■■■ 2                         
                   43 ┤■■■■■■■ 1                                 
                   44 ┤■■■■■■■ 1                                 
                   45 ┤■■■■■■■ 1                                 
                   46 ┤■■■■■■■■■■■■■■■ 2                         
                   47 ┤■■■■■■■■■■■■■■■ 2                         
                   48 ┤ 0                                        
                   49 ┤■■■■■■■ 1                                 
   sc, target = 31 50 ┤■■■■■■■■■■■■■■■ 2                         
                   51 ┤ 0                                        
                   52 ┤■■■■■■■■■■■■■■■■■■■■■■■■■■■■■■■■■■■■■ 5   
                   53 ┤ 0                                        
                   54 ┤■■■■■■■ 1                                 
                   55 ┤ 0                                        
                   56 ┤ 0                                        
                   57 ┤■■■■■■■■■■■■■■■ 2                         
                   58 ┤■■■■■■■ 1                                 
                   59 ┤ 0                                        
                   60 ┤■■■■■■■ 1                                 
                      └                                        ┘ 
                                     num of slices               
[ Info: slicing branch with sc: 40.0
[ Info: cc.sc: 40.0
region size: 10
tbl0_rows:23 filtered_rows:23
QIP_gurobi_bound: solver finished in 1.377 s (time_limit=100.0 s, status=OPTIMAL)
[ Info: slice 1, lp_score: 5339.0, primal_bound: 5349.0
QIP_gurobi_bound: solver finished in 1.382 s (time_limit=100.0 s, status=OPTIMAL)
[ Info: slice 2, lp_score: 5346.0, primal_bound: 5349.0
[ Info: new_scs: Int64[]
[ Info: lp_scores: Float64[]
[ Info: current num of unfinished slices: 24, finished slices: 2
                      ┌                                        ┐ 
                   40 ┤■■■■■■■ 1                                 
                   41 ┤■■■■■■■ 1                                 
                   42 ┤■■■■■■■■■■■■■■■ 2                         
                   43 ┤■■■■■■■ 1                                 
                   44 ┤■■■■■■■ 1                                 
                   45 ┤■■■■■■■ 1                                 
                   46 ┤■■■■■■■■■■■■■■■ 2                         
                   47 ┤■■■■■■■■■■■■■■■ 2                         
                   48 ┤ 0                                        
                   49 ┤■■■■■■■ 1                                 
   sc, target = 31 50 ┤■■■■■■■■■■■■■■■ 2                         
                   51 ┤ 0                                        
                   52 ┤■■■■■■■■■■■■■■■■■■■■■■■■■■■■■■■■■■■■■ 5   
                   53 ┤ 0                                        
                   54 ┤■■■■■■■ 1                                 
                   55 ┤ 0                                        
                   56 ┤ 0                                        
                   57 ┤■■■■■■■■■■■■■■■ 2                         
                   58 ┤■■■■■■■ 1                                 
                   59 ┤ 0                                        
                   60 ┤■■■■■■■ 1                                 
                      └                                        ┘ 
                                     num of slices               
[ Info: slicing branch with sc: 40.0
[ Info: cc.sc: 40.0
region size: 10
tbl0_rows:40 filtered_rows:40
QIP_gurobi_bound: solver finished in 1.429 s (time_limit=100.0 s, status=OPTIMAL)
[ Info: slice 1, lp_score: 5344.0, primal_bound: 5349.0
QIP_gurobi_bound: solver finished in 1.4 s (time_limit=100.0 s, status=OPTIMAL)
[ Info: slice 2, lp_score: 5344.0, primal_bound: 5349.0
[ Info: new_scs: Int64[]
[ Info: lp_scores: Float64[]
[ Info: current num of unfinished slices: 23, finished slices: 2
                      ┌                                        ┐ 
                   41 ┤■■■■■■■ 1                                 
                   42 ┤■■■■■■■■■■■■■■■ 2                         
                   43 ┤■■■■■■■ 1                                 
                   44 ┤■■■■■■■ 1                                 
                   45 ┤■■■■■■■ 1                                 
                   46 ┤■■■■■■■■■■■■■■■ 2                         
                   47 ┤■■■■■■■■■■■■■■■ 2                         
                   48 ┤ 0                                        
                   49 ┤■■■■■■■ 1                                 
   sc, target = 31 50 ┤■■■■■■■■■■■■■■■ 2                         
                   51 ┤ 0                                        
                   52 ┤■■■■■■■■■■■■■■■■■■■■■■■■■■■■■■■■■■■■■ 5   
                   53 ┤ 0                                        
                   54 ┤■■■■■■■ 1                                 
                   55 ┤ 0                                        
                   56 ┤ 0                                        
                   57 ┤■■■■■■■■■■■■■■■ 2                         
                   58 ┤■■■■■■■ 1                                 
                   59 ┤ 0                                        
                   60 ┤■■■■■■■ 1                                 
                      └                                        ┘ 
                                     num of slices               
[ Info: slicing branch with sc: 41.0
[ Info: cc.sc: 41.0
region size: 10
tbl0_rows:63 filtered_rows:63
QIP_gurobi_bound: solver finished in 1.416 s (time_limit=100.0 s, status=OPTIMAL)
[ Info: slice 1, lp_score: 5342.0, primal_bound: 5349.0
QIP_gurobi_bound: solver finished in 1.396 s (time_limit=100.0 s, status=OPTIMAL)
[ Info: slice 2, lp_score: 5337.0, primal_bound: 5349.0
[ Info: new_scs: Int64[]
[ Info: lp_scores: Float64[]
[ Info: current num of unfinished slices: 22, finished slices: 2
                      ┌                                        ┐ 
                   42 ┤■■■■■■■■■■■■■■■ 2                         
                   43 ┤■■■■■■■ 1                                 
                   44 ┤■■■■■■■ 1                                 
                   45 ┤■■■■■■■ 1                                 
                   46 ┤■■■■■■■■■■■■■■■ 2                         
                   47 ┤■■■■■■■■■■■■■■■ 2                         
                   48 ┤ 0                                        
                   49 ┤■■■■■■■ 1                                 
                   50 ┤■■■■■■■■■■■■■■■ 2                         
   sc, target = 31 51 ┤ 0                                        
                   52 ┤■■■■■■■■■■■■■■■■■■■■■■■■■■■■■■■■■■■■■ 5   
                   53 ┤ 0                                        
                   54 ┤■■■■■■■ 1                                 
                   55 ┤ 0                                        
                   56 ┤ 0                                        
                   57 ┤■■■■■■■■■■■■■■■ 2                         
                   58 ┤■■■■■■■ 1                                 
                   59 ┤ 0                                        
                   60 ┤■■■■■■■ 1                                 
                      └                                        ┘ 
                                     num of slices               
[ Info: slicing branch with sc: 42.0
[ Info: cc.sc: 42.0
region size: 10
tbl0_rows:63 filtered_rows:63
QIP_gurobi_bound: solver finished in 1.392 s (time_limit=100.0 s, status=OPTIMAL)
[ Info: slice 1, lp_score: 5346.0, primal_bound: 5349.0
QIP_gurobi_bound: solver finished in 1.656 s (time_limit=100.0 s, status=OPTIMAL)
[ Info: slice 2, lp_score: 5341.0, primal_bound: 5349.0
[ Info: new_scs: Int64[]
[ Info: lp_scores: Float64[]
[ Info: current num of unfinished slices: 21, finished slices: 2
                      ┌                                        ┐ 
                   42 ┤■■■■■■■ 1                                 
                   43 ┤■■■■■■■ 1                                 
                   44 ┤■■■■■■■ 1                                 
                   45 ┤■■■■■■■ 1                                 
                   46 ┤■■■■■■■■■■■■■■■ 2                         
                   47 ┤■■■■■■■■■■■■■■■ 2                         
                   48 ┤ 0                                        
                   49 ┤■■■■■■■ 1                                 
                   50 ┤■■■■■■■■■■■■■■■ 2                         
   sc, target = 31 51 ┤ 0                                        
                   52 ┤■■■■■■■■■■■■■■■■■■■■■■■■■■■■■■■■■■■■■ 5   
                   53 ┤ 0                                        
                   54 ┤■■■■■■■ 1                                 
                   55 ┤ 0                                        
                   56 ┤ 0                                        
                   57 ┤■■■■■■■■■■■■■■■ 2                         
                   58 ┤■■■■■■■ 1                                 
                   59 ┤ 0                                        
                   60 ┤■■■■■■■ 1                                 
                      └                                        ┘ 
                                     num of slices               
[ Info: slicing branch with sc: 42.0
[ Info: cc.sc: 42.0
region size: 10
tbl0_rows:63 filtered_rows:63
QIP_gurobi_bound: solver finished in 1.494 s (time_limit=100.0 s, status=OPTIMAL)
[ Info: slice 1, lp_score: 5346.0, primal_bound: 5349.0
QIP_gurobi_bound: solver finished in 1.414 s (time_limit=100.0 s, status=OPTIMAL)
[ Info: slice 2, lp_score: 5343.0, primal_bound: 5349.0
[ Info: new_scs: Int64[]
[ Info: lp_scores: Float64[]
[ Info: current num of unfinished slices: 20, finished slices: 2
                      ┌                                        ┐ 
                   43 ┤■■■■■■■ 1                                 
                   44 ┤■■■■■■■ 1                                 
                   45 ┤■■■■■■■ 1                                 
                   46 ┤■■■■■■■■■■■■■■■ 2                         
                   47 ┤■■■■■■■■■■■■■■■ 2                         
                   48 ┤ 0                                        
                   49 ┤■■■■■■■ 1                                 
                   50 ┤■■■■■■■■■■■■■■■ 2                         
   sc, target = 31 51 ┤ 0                                        
                   52 ┤■■■■■■■■■■■■■■■■■■■■■■■■■■■■■■■■■■■■■ 5   
                   53 ┤ 0                                        
                   54 ┤■■■■■■■ 1                                 
                   55 ┤ 0                                        
                   56 ┤ 0                                        
                   57 ┤■■■■■■■■■■■■■■■ 2                         
                   58 ┤■■■■■■■ 1                                 
                   59 ┤ 0                                        
                   60 ┤■■■■■■■ 1                                 
                      └                                        ┘ 
                                     num of slices               
[ Info: slicing branch with sc: 44.0
[ Info: cc.sc: 44.0
region size: 10
tbl0_rows:70 filtered_rows:70
QIP_gurobi_bound: solver finished in 4.697 s (time_limit=100.0 s, status=OPTIMAL)
[ Info: slice 1, lp_score: 5344.0, primal_bound: 5349.0
QIP_gurobi_bound: solver finished in 1.426 s (time_limit=100.0 s, status=OPTIMAL)
[ Info: slice 2, lp_score: 5347.0, primal_bound: 5349.0
[ Info: new_scs: Int64[]
[ Info: lp_scores: Float64[]
[ Info: current num of unfinished slices: 19, finished slices: 2
                      ┌                                        ┐ 
                   43 ┤■■■■■■■ 1                                 
                   44 ┤ 0                                        
                   45 ┤■■■■■■■ 1                                 
                   46 ┤■■■■■■■■■■■■■■■ 2                         
                   47 ┤■■■■■■■■■■■■■■■ 2                         
                   48 ┤ 0                                        
                   49 ┤■■■■■■■ 1                                 
                   50 ┤■■■■■■■■■■■■■■■ 2                         
   sc, target = 31 51 ┤ 0                                        
                   52 ┤■■■■■■■■■■■■■■■■■■■■■■■■■■■■■■■■■■■■■ 5   
                   53 ┤ 0                                        
                   54 ┤■■■■■■■ 1                                 
                   55 ┤ 0                                        
                   56 ┤ 0                                        
                   57 ┤■■■■■■■■■■■■■■■ 2                         
                   58 ┤■■■■■■■ 1                                 
                   59 ┤ 0                                        
                   60 ┤■■■■■■■ 1                                 
                      └                                        ┘ 
                                     num of slices               
[ Info: slicing branch with sc: 43.0
[ Info: cc.sc: 43.0
region size: 10
tbl0_rows:70 filtered_rows:70
QIP_gurobi_bound: solver finished in 1.438 s (time_limit=100.0 s, status=OPTIMAL)
[ Info: slice 1, lp_score: 5343.0, primal_bound: 5349.0
QIP_gurobi_bound: solver finished in 5.115 s (time_limit=100.0 s, status=OPTIMAL)
[ Info: slice 2, lp_score: 5346.0, primal_bound: 5349.0
[ Info: new_scs: Int64[]
[ Info: lp_scores: Float64[]
[ Info: current num of unfinished slices: 18, finished slices: 2
                      ┌                                        ┐ 
                   45 ┤■■■■■■■ 1                                 
                   46 ┤■■■■■■■■■■■■■■■ 2                         
                   47 ┤■■■■■■■■■■■■■■■ 2                         
                   48 ┤ 0                                        
                   49 ┤■■■■■■■ 1                                 
                   50 ┤■■■■■■■■■■■■■■■ 2                         
                   51 ┤ 0                                        
   sc, target = 31 52 ┤■■■■■■■■■■■■■■■■■■■■■■■■■■■■■■■■■■■■■ 5   
                   53 ┤ 0                                        
                   54 ┤■■■■■■■ 1                                 
                   55 ┤ 0                                        
                   56 ┤ 0                                        
                   57 ┤■■■■■■■■■■■■■■■ 2                         
                   58 ┤■■■■■■■ 1                                 
                   59 ┤ 0                                        
                   60 ┤■■■■■■■ 1                                 
                      └                                        ┘ 
                                     num of slices               
[ Info: slicing branch with sc: 46.0
[ Info: cc.sc: 46.0
region size: 10
tbl0_rows:70 filtered_rows:70
QIP_gurobi_bound: solver finished in 1.357 s (time_limit=100.0 s, status=OPTIMAL)
[ Info: slice 1, lp_score: 5342.0, primal_bound: 5349.0
QIP_gurobi_bound: solver finished in 1.973 s (time_limit=100.0 s, status=OPTIMAL)
[ Info: slice 2, lp_score: 5345.0, primal_bound: 5349.0
[ Info: new_scs: Int64[]
[ Info: lp_scores: Float64[]
[ Info: current num of unfinished slices: 17, finished slices: 2
                      ┌                                        ┐ 
                   45 ┤■■■■■■■ 1                                 
                   46 ┤■■■■■■■ 1                                 
                   47 ┤■■■■■■■■■■■■■■■ 2                         
                   48 ┤ 0                                        
                   49 ┤■■■■■■■ 1                                 
                   50 ┤■■■■■■■■■■■■■■■ 2                         
                   51 ┤ 0                                        
   sc, target = 31 52 ┤■■■■■■■■■■■■■■■■■■■■■■■■■■■■■■■■■■■■■ 5   
                   53 ┤ 0                                        
                   54 ┤■■■■■■■ 1                                 
                   55 ┤ 0                                        
                   56 ┤ 0                                        
                   57 ┤■■■■■■■■■■■■■■■ 2                         
                   58 ┤■■■■■■■ 1                                 
                   59 ┤ 0                                        
                   60 ┤■■■■■■■ 1                                 
                      └                                        ┘ 
                                     num of slices               
[ Info: slicing branch with sc: 47.0
[ Info: cc.sc: 47.0
region size: 10
tbl0_rows:79 filtered_rows:79
QIP_gurobi_bound: solver finished in 1.606 s (time_limit=100.0 s, status=OPTIMAL)
[ Info: slice 1, lp_score: 5340.0, primal_bound: 5349.0
QIP_gurobi_bound: solver finished in 1.432 s (time_limit=100.0 s, status=OPTIMAL)
[ Info: slice 2, lp_score: 5346.0, primal_bound: 5349.0
[ Info: new_scs: Int64[]
[ Info: lp_scores: Float64[]
[ Info: current num of unfinished slices: 16, finished slices: 2
                      ┌                                        ┐ 
                   45 ┤■■■■■■■ 1                                 
                   46 ┤■■■■■■■ 1                                 
                   47 ┤■■■■■■■ 1                                 
                   48 ┤ 0                                        
                   49 ┤■■■■■■■ 1                                 
                   50 ┤■■■■■■■■■■■■■■■ 2                         
                   51 ┤ 0                                        
   sc, target = 31 52 ┤■■■■■■■■■■■■■■■■■■■■■■■■■■■■■■■■■■■■■ 5   
                   53 ┤ 0                                        
                   54 ┤■■■■■■■ 1                                 
                   55 ┤ 0                                        
                   56 ┤ 0                                        
                   57 ┤■■■■■■■■■■■■■■■ 2                         
                   58 ┤■■■■■■■ 1                                 
                   59 ┤ 0                                        
                   60 ┤■■■■■■■ 1                                 
                      └                                        ┘ 
                                     num of slices               
[ Info: slicing branch with sc: 47.0
[ Info: cc.sc: 47.0
region size: 10
tbl0_rows:76 filtered_rows:76
QIP_gurobi_bound: solver finished in 1.391 s (time_limit=100.0 s, status=OPTIMAL)
[ Info: slice 1, lp_score: 5341.0, primal_bound: 5349.0
QIP_gurobi_bound: solver finished in 1.332 s (time_limit=100.0 s, status=OPTIMAL)
[ Info: slice 2, lp_score: 5338.0, primal_bound: 5349.0
[ Info: new_scs: Int64[]
[ Info: lp_scores: Float64[]
[ Info: current num of unfinished slices: 15, finished slices: 2
                      ┌                                        ┐ 
                   45 ┤■■■■■■■ 1                                 
                   46 ┤■■■■■■■ 1                                 
                   47 ┤ 0                                        
                   48 ┤ 0                                        
                   49 ┤■■■■■■■ 1                                 
                   50 ┤■■■■■■■■■■■■■■■ 2                         
                   51 ┤ 0                                        
   sc, target = 31 52 ┤■■■■■■■■■■■■■■■■■■■■■■■■■■■■■■■■■■■■■ 5   
                   53 ┤ 0                                        
                   54 ┤■■■■■■■ 1                                 
                   55 ┤ 0                                        
                   56 ┤ 0                                        
                   57 ┤■■■■■■■■■■■■■■■ 2                         
                   58 ┤■■■■■■■ 1                                 
                   59 ┤ 0                                        
                   60 ┤■■■■■■■ 1                                 
                      └                                        ┘ 
                                     num of slices               
[ Info: slicing branch with sc: 46.0
[ Info: cc.sc: 46.0
region size: 10
tbl0_rows:76 filtered_rows:76
QIP_gurobi_bound: solver finished in 1.394 s (time_limit=100.0 s, status=OPTIMAL)
[ Info: slice 1, lp_score: 5340.0, primal_bound: 5349.0
QIP_gurobi_bound: solver finished in 1.527 s (time_limit=100.0 s, status=OPTIMAL)
[ Info: slice 2, lp_score: 5339.0, primal_bound: 5349.0
[ Info: new_scs: Int64[]
[ Info: lp_scores: Float64[]
[ Info: current num of unfinished slices: 14, finished slices: 2
                      ┌                                        ┐ 
                   45 ┤■■■■■■■ 1                                 
                   46 ┤ 0                                        
                   47 ┤ 0                                        
                   48 ┤ 0                                        
                   49 ┤■■■■■■■ 1                                 
                   50 ┤■■■■■■■■■■■■■■■ 2                         
                   51 ┤ 0                                        
   sc, target = 31 52 ┤■■■■■■■■■■■■■■■■■■■■■■■■■■■■■■■■■■■■■ 5   
                   53 ┤ 0                                        
                   54 ┤■■■■■■■ 1                                 
                   55 ┤ 0                                        
                   56 ┤ 0                                        
                   57 ┤■■■■■■■■■■■■■■■ 2                         
                   58 ┤■■■■■■■ 1                                 
                   59 ┤ 0                                        
                   60 ┤■■■■■■■ 1                                 
                      └                                        ┘ 
                                     num of slices               
[ Info: slicing branch with sc: 45.0
[ Info: cc.sc: 45.0
region size: 10
tbl0_rows:70 filtered_rows:70
QIP_gurobi_bound: solver finished in 1.44 s (time_limit=100.0 s, status=OPTIMAL)
[ Info: slice 1, lp_score: 5335.0, primal_bound: 5349.0
QIP_gurobi_bound: solver finished in 1.701 s (time_limit=100.0 s, status=OPTIMAL)
[ Info: slice 2, lp_score: 5338.0, primal_bound: 5349.0
[ Info: new_scs: Int64[]
[ Info: lp_scores: Float64[]
[ Info: current num of unfinished slices: 13, finished slices: 2
                      ┌                                        ┐ 
                   49 ┤■■■■■■■ 1                                 
                   50 ┤■■■■■■■■■■■■■■■ 2                         
                   51 ┤ 0                                        
                   52 ┤■■■■■■■■■■■■■■■■■■■■■■■■■■■■■■■■■■■■■ 5   
                   53 ┤ 0                                        
   sc, target = 31 54 ┤■■■■■■■ 1                                 
                   55 ┤ 0                                        
                   56 ┤ 0                                        
                   57 ┤■■■■■■■■■■■■■■■ 2                         
                   58 ┤■■■■■■■ 1                                 
                   59 ┤ 0                                        
                   60 ┤■■■■■■■ 1                                 
                      └                                        ┘ 
                                     num of slices               
[ Info: slicing branch with sc: 49.0
[ Info: cc.sc: 49.0
region size: 10
tbl0_rows:67 filtered_rows:67
QIP_gurobi_bound: solver finished in 1.537 s (time_limit=100.0 s, status=OPTIMAL)
[ Info: slice 1, lp_score: 5345.0, primal_bound: 5349.0
QIP_gurobi_bound: solver finished in 1.351 s (time_limit=100.0 s, status=OPTIMAL)
[ Info: slice 2, lp_score: 5334.0, primal_bound: 5349.0
QIP_gurobi_bound: solver finished in 1.492 s (time_limit=100.0 s, status=OPTIMAL)
[ Info: slice 3, lp_score: 5337.0, primal_bound: 5349.0
QIP_gurobi_bound: solver finished in 1.37 s (time_limit=100.0 s, status=OPTIMAL)
[ Info: slice 4, lp_score: 5337.0, primal_bound: 5349.0
[ Info: new_scs: Int64[]
[ Info: lp_scores: Float64[]
[ Info: current num of unfinished slices: 12, finished slices: 2
                      ┌                                        ┐ 
                   50 ┤■■■■■■■■■■■■■■■ 2                         
                   51 ┤ 0                                        
                   52 ┤■■■■■■■■■■■■■■■■■■■■■■■■■■■■■■■■■■■■■ 5   
                   53 ┤ 0                                        
                   54 ┤■■■■■■■ 1                                 
   sc, target = 31 55 ┤ 0                                        
                   56 ┤ 0                                        
                   57 ┤■■■■■■■■■■■■■■■ 2                         
                   58 ┤■■■■■■■ 1                                 
                   59 ┤ 0                                        
                   60 ┤■■■■■■■ 1                                 
                      └                                        ┘ 
                                     num of slices               
[ Info: slicing branch with sc: 50.0
[ Info: cc.sc: 50.0
region size: 10
tbl0_rows:53 filtered_rows:53
QIP_gurobi_bound: solver finished in 6.213 s (time_limit=100.0 s, status=OPTIMAL)
[ Info: slice 1, lp_score: 5345.0, primal_bound: 5349.0
QIP_gurobi_bound: solver finished in 1.408 s (time_limit=100.0 s, status=OPTIMAL)
[ Info: slice 2, lp_score: 5343.0, primal_bound: 5349.0
[ Info: new_scs: Int64[]
[ Info: lp_scores: Float64[]
[ Info: current num of unfinished slices: 11, finished slices: 2
                      ┌                                        ┐ 
                   50 ┤■■■■■■■ 1                                 
                   51 ┤ 0                                        
                   52 ┤■■■■■■■■■■■■■■■■■■■■■■■■■■■■■■■■■■■■■ 5   
                   53 ┤ 0                                        
                   54 ┤■■■■■■■ 1                                 
   sc, target = 31 55 ┤ 0                                        
                   56 ┤ 0                                        
                   57 ┤■■■■■■■■■■■■■■■ 2                         
                   58 ┤■■■■■■■ 1                                 
                   59 ┤ 0                                        
                   60 ┤■■■■■■■ 1                                 
                      └                                        ┘ 
                                     num of slices               
[ Info: slicing branch with sc: 52.0
[ Info: cc.sc: 52.0
region size: 10
tbl0_rows:70 filtered_rows:70
QIP_gurobi_bound: solver finished in 1.402 s (time_limit=100.0 s, status=OPTIMAL)
[ Info: slice 1, lp_score: 5346.0, primal_bound: 5349.0
QIP_gurobi_bound: solver finished in 1.419 s (time_limit=100.0 s, status=OPTIMAL)
[ Info: slice 2, lp_score: 5349.0, primal_bound: 5349.0
[ Info: new_scs: [52]
[ Info: lp_scores: [5349.0]
[ Info: lp_scores: 5349.0
[ Info: current num of unfinished slices: 11, finished slices: 2
                      ┌                                        ┐ 
                   50 ┤■■■■■■■ 1                                 
                   51 ┤ 0                                        
                   52 ┤■■■■■■■■■■■■■■■■■■■■■■■■■■■■■■■■■■■■■ 5   
                   53 ┤ 0                                        
                   54 ┤■■■■■■■ 1                                 
   sc, target = 31 55 ┤ 0                                        
                   56 ┤ 0                                        
                   57 ┤■■■■■■■■■■■■■■■ 2                         
                   58 ┤■■■■■■■ 1                                 
                   59 ┤ 0                                        
                   60 ┤■■■■■■■ 1                                 
                      └                                        ┘ 
                                     num of slices               
[ Info: slicing branch with sc: 52.0
[ Info: cc.sc: 52.0
region size: 10
tbl0_rows:65 filtered_rows:65
QIP_gurobi_bound: solver finished in 1.461 s (time_limit=100.0 s, status=OPTIMAL)
[ Info: slice 1, lp_score: 5349.0, primal_bound: 5349.0
QIP_gurobi_bound: solver finished in 1.693 s (time_limit=100.0 s, status=OPTIMAL)
[ Info: slice 2, lp_score: 5345.0, primal_bound: 5349.0
[ Info: new_scs: [51]
[ Info: lp_scores: [5349.0]
[ Info: lp_scores: 5349.0
[ Info: current num of unfinished slices: 11, finished slices: 2
                      ┌                                        ┐ 
                   50 ┤■■■■■■■■■ 1                               
                   51 ┤■■■■■■■■■ 1                               
                   52 ┤■■■■■■■■■■■■■■■■■■■■■■■■■■■■■■■■■■■■■ 4   
                   53 ┤ 0                                        
                   54 ┤■■■■■■■■■ 1                               
   sc, target = 31 55 ┤ 0                                        
                   56 ┤ 0                                        
                   57 ┤■■■■■■■■■■■■■■■■■■■ 2                     
                   58 ┤■■■■■■■■■ 1                               
                   59 ┤ 0                                        
                   60 ┤■■■■■■■■■ 1                               
                      └                                        ┘ 
                                     num of slices               
[ Info: slicing branch with sc: 51.0
[ Info: cc.sc: 51.0
region size: 10
tbl0_rows:63 filtered_rows:63
QIP_gurobi_bound: solver finished in 1.341 s (time_limit=100.0 s, status=OPTIMAL)
[ Info: slice 1, lp_score: 5346.0, primal_bound: 5349.0
QIP_gurobi_bound: solver finished in 1.413 s (time_limit=100.0 s, status=OPTIMAL)
[ Info: slice 2, lp_score: 5349.0, primal_bound: 5349.0
[ Info: new_scs: [51]
[ Info: lp_scores: [5349.0]
[ Info: lp_scores: 5349.0
[ Info: current num of unfinished slices: 11, finished slices: 2
                      ┌                                        ┐ 
                   50 ┤■■■■■■■■■ 1                               
                   51 ┤■■■■■■■■■ 1                               
                   52 ┤■■■■■■■■■■■■■■■■■■■■■■■■■■■■■■■■■■■■■ 4   
                   53 ┤ 0                                        
                   54 ┤■■■■■■■■■ 1                               
   sc, target = 31 55 ┤ 0                                        
                   56 ┤ 0                                        
                   57 ┤■■■■■■■■■■■■■■■■■■■ 2                     
                   58 ┤■■■■■■■■■ 1                               
                   59 ┤ 0                                        
                   60 ┤■■■■■■■■■ 1                               
                      └                                        ┘ 
                                     num of slices               
[ Info: slicing branch with sc: 51.0
[ Info: cc.sc: 51.0
region size: 10
tbl0_rows:42 filtered_rows:42
QIP_gurobi_bound: solver finished in 1.502 s (time_limit=100.0 s, status=OPTIMAL)
[ Info: slice 1, lp_score: 5347.0, primal_bound: 5349.0
QIP_gurobi_bound: solver finished in 1.413 s (time_limit=100.0 s, status=OPTIMAL)
[ Info: slice 2, lp_score: 5349.0, primal_bound: 5349.0
[ Info: new_scs: [51]
[ Info: lp_scores: [5349.0]
[ Info: lp_scores: 5349.0
[ Info: current num of unfinished slices: 11, finished slices: 2
                      ┌                                        ┐ 
                   50 ┤■■■■■■■■■ 1                               
                   51 ┤■■■■■■■■■ 1                               
                   52 ┤■■■■■■■■■■■■■■■■■■■■■■■■■■■■■■■■■■■■■ 4   
                   53 ┤ 0                                        
                   54 ┤■■■■■■■■■ 1                               
   sc, target = 31 55 ┤ 0                                        
                   56 ┤ 0                                        
                   57 ┤■■■■■■■■■■■■■■■■■■■ 2                     
                   58 ┤■■■■■■■■■ 1                               
                   59 ┤ 0                                        
                   60 ┤■■■■■■■■■ 1                               
                      └                                        ┘ 
                                     num of slices               
[ Info: slicing branch with sc: 51.0
[ Info: cc.sc: 51.0
region size: 10
tbl0_rows:61 filtered_rows:61
QIP_gurobi_bound: solver finished in 1.47 s (time_limit=100.0 s, status=OPTIMAL)
[ Info: slice 1, lp_score: 5349.0, primal_bound: 5349.0
QIP_gurobi_bound: solver finished in 1.463 s (time_limit=100.0 s, status=OPTIMAL)
[ Info: slice 2, lp_score: 5347.0, primal_bound: 5349.0
[ Info: new_scs: [50]
[ Info: lp_scores: [5349.0]
[ Info: lp_scores: 5349.0
[ Info: current num of unfinished slices: 11, finished slices: 2
                      ┌                                        ┐ 
                   50 ┤■■■■■■■■■■■■■■■■■■■ 2                     
                   51 ┤ 0                                        
                   52 ┤■■■■■■■■■■■■■■■■■■■■■■■■■■■■■■■■■■■■■ 4   
                   53 ┤ 0                                        
                   54 ┤■■■■■■■■■ 1                               
   sc, target = 31 55 ┤ 0                                        
                   56 ┤ 0                                        
                   57 ┤■■■■■■■■■■■■■■■■■■■ 2                     
                   58 ┤■■■■■■■■■ 1                               
                   59 ┤ 0                                        
                   60 ┤■■■■■■■■■ 1                               
                      └                                        ┘ 
                                     num of slices               
[ Info: slicing branch with sc: 50.0
[ Info: cc.sc: 50.0
region size: 10
tbl0_rows:45 filtered_rows:45
QIP_gurobi_bound: solver finished in 1.492 s (time_limit=100.0 s, status=OPTIMAL)
[ Info: slice 1, lp_score: 5347.0, primal_bound: 5349.0
QIP_gurobi_bound: solver finished in 1.327 s (time_limit=100.0 s, status=OPTIMAL)
[ Info: slice 2, lp_score: 5349.0, primal_bound: 5349.0
[ Info: new_scs: [49]
[ Info: lp_scores: [5349.0]
[ Info: lp_scores: 5349.0
[ Info: current num of unfinished slices: 11, finished slices: 2
                      ┌                                        ┐ 
                   49 ┤■■■■■■■■■ 1                               
                   50 ┤■■■■■■■■■ 1                               
                   51 ┤ 0                                        
                   52 ┤■■■■■■■■■■■■■■■■■■■■■■■■■■■■■■■■■■■■■ 4   
                   53 ┤ 0                                        
   sc, target = 31 54 ┤■■■■■■■■■ 1                               
                   55 ┤ 0                                        
                   56 ┤ 0                                        
                   57 ┤■■■■■■■■■■■■■■■■■■■ 2                     
                   58 ┤■■■■■■■■■ 1                               
                   59 ┤ 0                                        
                   60 ┤■■■■■■■■■ 1                               
                      └                                        ┘ 
                                     num of slices               
[ Info: slicing branch with sc: 49.0
[ Info: cc.sc: 49.0
region size: 10
tbl0_rows:54 filtered_rows:54
QIP_gurobi_bound: solver finished in 1.376 s (time_limit=100.0 s, status=OPTIMAL)
[ Info: slice 1, lp_score: 5349.0, primal_bound: 5349.0
QIP_gurobi_bound: solver finished in 1.403 s (time_limit=100.0 s, status=OPTIMAL)
[ Info: slice 2, lp_score: 5346.0, primal_bound: 5349.0
[ Info: new_scs: [46]
[ Info: lp_scores: [5349.0]
[ Info: lp_scores: 5349.0
[ Info: current num of unfinished slices: 11, finished slices: 2
                      ┌                                        ┐ 
                   46 ┤■■■■■■■■■ 1                               
                   47 ┤ 0                                        
                   48 ┤ 0                                        
                   49 ┤ 0                                        
                   50 ┤■■■■■■■■■ 1                               
                   51 ┤ 0                                        
                   52 ┤■■■■■■■■■■■■■■■■■■■■■■■■■■■■■■■■■■■■■ 4   
   sc, target = 31 53 ┤ 0                                        
                   54 ┤■■■■■■■■■ 1                               
                   55 ┤ 0                                        
                   56 ┤ 0                                        
                   57 ┤■■■■■■■■■■■■■■■■■■■ 2                     
                   58 ┤■■■■■■■■■ 1                               
                   59 ┤ 0                                        
                   60 ┤■■■■■■■■■ 1                               
                      └                                        ┘ 
                                     num of slices               
[ Info: slicing branch with sc: 46.0
[ Info: cc.sc: 46.0
region size: 10
tbl0_rows:63 filtered_rows:63
QIP_gurobi_bound: solver finished in 1.336 s (time_limit=100.0 s, status=OPTIMAL)
[ Info: slice 1, lp_score: 5349.0, primal_bound: 5349.0
QIP_gurobi_bound: solver finished in 1.421 s (time_limit=100.0 s, status=OPTIMAL)
[ Info: slice 2, lp_score: 5345.0, primal_bound: 5349.0
[ Info: new_scs: [45]
[ Info: lp_scores: [5349.0]
[ Info: lp_scores: 5349.0
[ Info: current num of unfinished slices: 11, finished slices: 2
                      ┌                                        ┐ 
                   45 ┤■■■■■■■■■ 1                               
                   46 ┤ 0                                        
                   47 ┤ 0                                        
                   48 ┤ 0                                        
                   49 ┤ 0                                        
                   50 ┤■■■■■■■■■ 1                               
                   51 ┤ 0                                        
   sc, target = 31 52 ┤■■■■■■■■■■■■■■■■■■■■■■■■■■■■■■■■■■■■■ 4   
                   53 ┤ 0                                        
                   54 ┤■■■■■■■■■ 1                               
                   55 ┤ 0                                        
                   56 ┤ 0                                        
                   57 ┤■■■■■■■■■■■■■■■■■■■ 2                     
                   58 ┤■■■■■■■■■ 1                               
                   59 ┤ 0                                        
                   60 ┤■■■■■■■■■ 1                               
                      └                                        ┘ 
                                     num of slices               
[ Info: slicing branch with sc: 45.0
[ Info: cc.sc: 45.0
region size: 10
tbl0_rows:79 filtered_rows:79
QIP_gurobi_bound: solver finished in 1.402 s (time_limit=100.0 s, status=OPTIMAL)
[ Info: slice 1, lp_score: 5348.0, primal_bound: 5349.0
QIP_gurobi_bound: solver finished in 1.334 s (time_limit=100.0 s, status=OPTIMAL)
[ Info: slice 2, lp_score: 5349.0, primal_bound: 5349.0
[ Info: new_scs: [43]
[ Info: lp_scores: [5349.0]
[ Info: lp_scores: 5349.0
[ Info: current num of unfinished slices: 11, finished slices: 2
                      ┌                                        ┐ 
                   43 ┤■■■■■■■■■ 1                               
                   44 ┤ 0                                        
                   45 ┤ 0                                        
                   46 ┤ 0                                        
                   47 ┤ 0                                        
                   48 ┤ 0                                        
                   49 ┤ 0                                        
                   50 ┤■■■■■■■■■ 1                               
   sc, target = 31 51 ┤ 0                                        
                   52 ┤■■■■■■■■■■■■■■■■■■■■■■■■■■■■■■■■■■■■■ 4   
                   53 ┤ 0                                        
                   54 ┤■■■■■■■■■ 1                               
                   55 ┤ 0                                        
                   56 ┤ 0                                        
                   57 ┤■■■■■■■■■■■■■■■■■■■ 2                     
                   58 ┤■■■■■■■■■ 1                               
                   59 ┤ 0                                        
                   60 ┤■■■■■■■■■ 1                               
                      └                                        ┘ 
                                     num of slices               
[ Info: slicing branch with sc: 43.0
[ Info: cc.sc: 43.0
region size: 10
tbl0_rows:38 filtered_rows:38
QIP_gurobi_bound: solver finished in 1.518 s (time_limit=100.0 s, status=OPTIMAL)
[ Info: slice 1, lp_score: 5347.0, primal_bound: 5349.0
QIP_gurobi_bound: solver finished in 1.442 s (time_limit=100.0 s, status=OPTIMAL)
[ Info: slice 2, lp_score: 5349.0, primal_bound: 5349.0
QIP_gurobi_bound: solver finished in 1.288 s (time_limit=100.0 s, status=OPTIMAL)
[ Info: slice 3, lp_score: 5342.0, primal_bound: 5349.0
[ Info: new_scs: [44]
[ Info: lp_scores: [5349.0]
[ Info: lp_scores: 5349.0
[ Info: current num of unfinished slices: 11, finished slices: 2
                      ┌                                        ┐ 
                   44 ┤■■■■■■■■■ 1                               
                   45 ┤ 0                                        
                   46 ┤ 0                                        
                   47 ┤ 0                                        
                   48 ┤ 0                                        
                   49 ┤ 0                                        
                   50 ┤■■■■■■■■■ 1                               
                   51 ┤ 0                                        
   sc, target = 31 52 ┤■■■■■■■■■■■■■■■■■■■■■■■■■■■■■■■■■■■■■ 4   
                   53 ┤ 0                                        
                   54 ┤■■■■■■■■■ 1                               
                   55 ┤ 0                                        
                   56 ┤ 0                                        
                   57 ┤■■■■■■■■■■■■■■■■■■■ 2                     
                   58 ┤■■■■■■■■■ 1                               
                   59 ┤ 0                                        
                   60 ┤■■■■■■■■■ 1                               
                      └                                        ┘ 
                                     num of slices               
[ Info: slicing branch with sc: 44.0
[ Info: cc.sc: 44.0
region size: 10
tbl0_rows:75 filtered_rows:75
QIP_gurobi_bound: solver finished in 1.406 s (time_limit=100.0 s, status=OPTIMAL)
[ Info: slice 1, lp_score: 5349.0, primal_bound: 5349.0
QIP_gurobi_bound: solver finished in 1.407 s (time_limit=100.0 s, status=OPTIMAL)
[ Info: slice 2, lp_score: 5344.0, primal_bound: 5349.0
[ Info: new_scs: [43]
[ Info: lp_scores: [5349.0]
[ Info: lp_scores: 5349.0
[ Info: current num of unfinished slices: 11, finished slices: 2
                      ┌                                        ┐ 
                   43 ┤■■■■■■■■■ 1                               
                   44 ┤ 0                                        
                   45 ┤ 0                                        
                   46 ┤ 0                                        
                   47 ┤ 0                                        
                   48 ┤ 0                                        
                   49 ┤ 0                                        
                   50 ┤■■■■■■■■■ 1                               
   sc, target = 31 51 ┤ 0                                        
                   52 ┤■■■■■■■■■■■■■■■■■■■■■■■■■■■■■■■■■■■■■ 4   
                   53 ┤ 0                                        
                   54 ┤■■■■■■■■■ 1                               
                   55 ┤ 0                                        
                   56 ┤ 0                                        
                   57 ┤■■■■■■■■■■■■■■■■■■■ 2                     
                   58 ┤■■■■■■■■■ 1                               
                   59 ┤ 0                                        
                   60 ┤■■■■■■■■■ 1                               
                      └                                        ┘ 
                                     num of slices               
[ Info: slicing branch with sc: 43.0
[ Info: cc.sc: 43.0
region size: 10
tbl0_rows:76 filtered_rows:76
QIP_gurobi_bound: solver finished in 1.378 s (time_limit=100.0 s, status=OPTIMAL)
[ Info: slice 1, lp_score: 5349.0, primal_bound: 5349.0
QIP_gurobi_bound: solver finished in 1.586 s (time_limit=100.0 s, status=OPTIMAL)
[ Info: slice 2, lp_score: 5345.0, primal_bound: 5349.0
[ Info: new_scs: [41]
[ Info: lp_scores: [5349.0]
[ Info: lp_scores: 5349.0
[ Info: current num of unfinished slices: 11, finished slices: 2
                      ┌                                        ┐ 
                   41 ┤■■■■■■■■■ 1                               
                   42 ┤ 0                                        
                   43 ┤ 0                                        
                   44 ┤ 0                                        
                   45 ┤ 0                                        
                   46 ┤ 0                                        
                   47 ┤ 0                                        
                   48 ┤ 0                                        
                   49 ┤ 0                                        
   sc, target = 31 50 ┤■■■■■■■■■ 1                               
                   51 ┤ 0                                        
                   52 ┤■■■■■■■■■■■■■■■■■■■■■■■■■■■■■■■■■■■■■ 4   
                   53 ┤ 0                                        
                   54 ┤■■■■■■■■■ 1                               
                   55 ┤ 0                                        
                   56 ┤ 0                                        
                   57 ┤■■■■■■■■■■■■■■■■■■■ 2                     
                   58 ┤■■■■■■■■■ 1                               
                   59 ┤ 0                                        
                   60 ┤■■■■■■■■■ 1                               
                      └                                        ┘ 
                                     num of slices               
[ Info: slicing branch with sc: 41.0
[ Info: cc.sc: 41.0
region size: 10
tbl0_rows:38 filtered_rows:38
QIP_gurobi_bound: solver finished in 1.742 s (time_limit=100.0 s, status=OPTIMAL)
[ Info: slice 1, lp_score: 5349.0, primal_bound: 5349.0
QIP_gurobi_bound: solver finished in 1.387 s (time_limit=100.0 s, status=OPTIMAL)
[ Info: slice 2, lp_score: 5340.0, primal_bound: 5349.0
[ Info: new_scs: [41]
[ Info: lp_scores: [5349.0]
[ Info: lp_scores: 5349.0
[ Info: current num of unfinished slices: 11, finished slices: 2
                      ┌                                        ┐ 
                   41 ┤■■■■■■■■■ 1                               
                   42 ┤ 0                                        
                   43 ┤ 0                                        
                   44 ┤ 0                                        
                   45 ┤ 0                                        
                   46 ┤ 0                                        
                   47 ┤ 0                                        
                   48 ┤ 0                                        
                   49 ┤ 0                                        
   sc, target = 31 50 ┤■■■■■■■■■ 1                               
                   51 ┤ 0                                        
                   52 ┤■■■■■■■■■■■■■■■■■■■■■■■■■■■■■■■■■■■■■ 4   
                   53 ┤ 0                                        
                   54 ┤■■■■■■■■■ 1                               
                   55 ┤ 0                                        
                   56 ┤ 0                                        
                   57 ┤■■■■■■■■■■■■■■■■■■■ 2                     
                   58 ┤■■■■■■■■■ 1                               
                   59 ┤ 0                                        
                   60 ┤■■■■■■■■■ 1                               
                      └                                        ┘ 
                                     num of slices               
[ Info: slicing branch with sc: 41.0
[ Info: cc.sc: 41.0
region size: 10
tbl0_rows:57 filtered_rows:57
QIP_gurobi_bound: solver finished in 1.713 s (time_limit=100.0 s, status=OPTIMAL)
[ Info: slice 1, lp_score: 5345.0, primal_bound: 5349.0
QIP_gurobi_bound: solver finished in 1.294 s (time_limit=100.0 s, status=OPTIMAL)
[ Info: slice 2, lp_score: 5349.0, primal_bound: 5349.0
[ Info: new_scs: [40]
[ Info: lp_scores: [5349.0]
[ Info: lp_scores: 5349.0
[ Info: current num of unfinished slices: 11, finished slices: 2
                      ┌                                        ┐ 
                   40 ┤■■■■■■■■■ 1                               
                   41 ┤ 0                                        
                   42 ┤ 0                                        
                   43 ┤ 0                                        
                   44 ┤ 0                                        
                   45 ┤ 0                                        
                   46 ┤ 0                                        
                   47 ┤ 0                                        
                   48 ┤ 0                                        
                   49 ┤ 0                                        
   sc, target = 31 50 ┤■■■■■■■■■ 1                               
                   51 ┤ 0                                        
                   52 ┤■■■■■■■■■■■■■■■■■■■■■■■■■■■■■■■■■■■■■ 4   
                   53 ┤ 0                                        
                   54 ┤■■■■■■■■■ 1                               
                   55 ┤ 0                                        
                   56 ┤ 0                                        
                   57 ┤■■■■■■■■■■■■■■■■■■■ 2                     
                   58 ┤■■■■■■■■■ 1                               
                   59 ┤ 0                                        
                   60 ┤■■■■■■■■■ 1                               
                      └                                        ┘ 
                                     num of slices               
[ Info: slicing branch with sc: 40.0
[ Info: cc.sc: 40.0
region size: 10
tbl0_rows:41 filtered_rows:41
QIP_gurobi_bound: solver finished in 1.3 s (time_limit=100.0 s, status=OPTIMAL)
[ Info: slice 1, lp_score: 5341.0, primal_bound: 5349.0
QIP_gurobi_bound: solver finished in 1.643 s (time_limit=100.0 s, status=OPTIMAL)
[ Info: slice 2, lp_score: 5349.0, primal_bound: 5349.0
[ Info: new_scs: [39]
[ Info: lp_scores: [5349.0]
[ Info: lp_scores: 5349.0
[ Info: current num of unfinished slices: 11, finished slices: 2
                      ┌                                        ┐ 
                   39 ┤■■■■■■■■■ 1                               
                   40 ┤ 0                                        
                   41 ┤ 0                                        
                   42 ┤ 0                                        
                   43 ┤ 0                                        
                   44 ┤ 0                                        
                   45 ┤ 0                                        
                   46 ┤ 0                                        
                   47 ┤ 0                                        
                   48 ┤ 0                                        
   sc, target = 31 49 ┤ 0                                        
                   50 ┤■■■■■■■■■ 1                               
                   51 ┤ 0                                        
                   52 ┤■■■■■■■■■■■■■■■■■■■■■■■■■■■■■■■■■■■■■ 4   
                   53 ┤ 0                                        
                   54 ┤■■■■■■■■■ 1                               
                   55 ┤ 0                                        
                   56 ┤ 0                                        
                   57 ┤■■■■■■■■■■■■■■■■■■■ 2                     
                   58 ┤■■■■■■■■■ 1                               
                   59 ┤ 0                                        
                   60 ┤■■■■■■■■■ 1                               
                      └                                        ┘ 
                                     num of slices               
[ Info: slicing branch with sc: 39.0
[ Info: cc.sc: 39.0
region size: 10
tbl0_rows:37 filtered_rows:37
QIP_gurobi_bound: solver finished in 1.541 s (time_limit=100.0 s, status=OPTIMAL)
[ Info: slice 1, lp_score: 5345.0, primal_bound: 5349.0
QIP_gurobi_bound: solver finished in 1.378 s (time_limit=100.0 s, status=OPTIMAL)
[ Info: slice 2, lp_score: 5349.0, primal_bound: 5349.0
[ Info: new_scs: [39]
[ Info: lp_scores: [5349.0]
[ Info: lp_scores: 5349.0
[ Info: current num of unfinished slices: 11, finished slices: 2
                      ┌                                        ┐ 
                   39 ┤■■■■■■■■■ 1                               
                   40 ┤ 0                                        
                   41 ┤ 0                                        
                   42 ┤ 0                                        
                   43 ┤ 0                                        
                   44 ┤ 0                                        
                   45 ┤ 0                                        
                   46 ┤ 0                                        
                   47 ┤ 0                                        
                   48 ┤ 0                                        
   sc, target = 31 49 ┤ 0                                        
                   50 ┤■■■■■■■■■ 1                               
                   51 ┤ 0                                        
                   52 ┤■■■■■■■■■■■■■■■■■■■■■■■■■■■■■■■■■■■■■ 4   
                   53 ┤ 0                                        
                   54 ┤■■■■■■■■■ 1                               
                   55 ┤ 0                                        
                   56 ┤ 0                                        
                   57 ┤■■■■■■■■■■■■■■■■■■■ 2                     
                   58 ┤■■■■■■■■■ 1                               
                   59 ┤ 0                                        
                   60 ┤■■■■■■■■■ 1                               
                      └                                        ┘ 
                                     num of slices               
[ Info: slicing branch with sc: 39.0
[ Info: cc.sc: 39.0
region size: 10
tbl0_rows:34 filtered_rows:34
QIP_gurobi_bound: solver finished in 1.382 s (time_limit=100.0 s, status=OPTIMAL)
[ Info: slice 1, lp_score: 5342.0, primal_bound: 5349.0
QIP_gurobi_bound: solver finished in 1.396 s (time_limit=100.0 s, status=OPTIMAL)
[ Info: slice 2, lp_score: 5349.0, primal_bound: 5349.0
[ Info: new_scs: [38]
[ Info: lp_scores: [5349.0]
[ Info: lp_scores: 5349.0
[ Info: current num of unfinished slices: 11, finished slices: 2
                      ┌                                        ┐ 
                   38 ┤■■■■■■■■■ 1                               
                   39 ┤ 0                                        
                   40 ┤ 0                                        
                   41 ┤ 0                                        
                   42 ┤ 0                                        
                   43 ┤ 0                                        
                   44 ┤ 0                                        
                   45 ┤ 0                                        
                   46 ┤ 0                                        
                   47 ┤ 0                                        
                   48 ┤ 0                                        
   sc, target = 31 49 ┤ 0                                        
                   50 ┤■■■■■■■■■ 1                               
                   51 ┤ 0                                        
                   52 ┤■■■■■■■■■■■■■■■■■■■■■■■■■■■■■■■■■■■■■ 4   
                   53 ┤ 0                                        
                   54 ┤■■■■■■■■■ 1                               
                   55 ┤ 0                                        
                   56 ┤ 0                                        
                   57 ┤■■■■■■■■■■■■■■■■■■■ 2                     
                   58 ┤■■■■■■■■■ 1                               
                   59 ┤ 0                                        
                   60 ┤■■■■■■■■■ 1                               
                      └                                        ┘ 
                                     num of slices               
[ Info: slicing branch with sc: 38.0
[ Info: cc.sc: 38.0
region size: 10
tbl0_rows:57 filtered_rows:57
QIP_gurobi_bound: solver finished in 1.474 s (time_limit=100.0 s, status=OPTIMAL)
[ Info: slice 1, lp_score: 5349.0, primal_bound: 5349.0
QIP_gurobi_bound: solver finished in 1.21 s (time_limit=100.0 s, status=OPTIMAL)
[ Info: slice 2, lp_score: 5347.0, primal_bound: 5349.0
[ Info: new_scs: [37]
[ Info: lp_scores: [5349.0]
[ Info: lp_scores: 5349.0
[ Info: current num of unfinished slices: 11, finished slices: 2
                      ┌                                        ┐ 
                   37 ┤■■■■■■■■■ 1                               
                   38 ┤ 0                                        
                   39 ┤ 0                                        
                   40 ┤ 0                                        
                   41 ┤ 0                                        
                   42 ┤ 0                                        
                   43 ┤ 0                                        
                   44 ┤ 0                                        
                   45 ┤ 0                                        
                   46 ┤ 0                                        
                   47 ┤ 0                                        
   sc, target = 31 48 ┤ 0                                        
                   49 ┤ 0                                        
                   50 ┤■■■■■■■■■ 1                               
                   51 ┤ 0                                        
                   52 ┤■■■■■■■■■■■■■■■■■■■■■■■■■■■■■■■■■■■■■ 4   
                   53 ┤ 0                                        
                   54 ┤■■■■■■■■■ 1                               
                   55 ┤ 0                                        
                   56 ┤ 0                                        
                   57 ┤■■■■■■■■■■■■■■■■■■■ 2                     
                   58 ┤■■■■■■■■■ 1                               
                   59 ┤ 0                                        
                   60 ┤■■■■■■■■■ 1                               
                      └                                        ┘ 
                                     num of slices               
[ Info: slicing branch with sc: 37.0
[ Info: cc.sc: 37.0
region size: 10
tbl0_rows:15 filtered_rows:15
QIP_gurobi_bound: solver finished in 1.413 s (time_limit=100.0 s, status=OPTIMAL)
[ Info: slice 1, lp_score: 5348.0, primal_bound: 5349.0
QIP_gurobi_bound: solver finished in 1.17 s (time_limit=100.0 s, status=OPTIMAL)
[ Info: slice 2, lp_score: 5349.0, primal_bound: 5349.0
[ Info: new_scs: [37]
[ Info: lp_scores: [5349.0]
[ Info: lp_scores: 5349.0
[ Info: current num of unfinished slices: 11, finished slices: 2
                      ┌                                        ┐ 
                   37 ┤■■■■■■■■■ 1                               
                   38 ┤ 0                                        
                   39 ┤ 0                                        
                   40 ┤ 0                                        
                   41 ┤ 0                                        
                   42 ┤ 0                                        
                   43 ┤ 0                                        
                   44 ┤ 0                                        
                   45 ┤ 0                                        
                   46 ┤ 0                                        
                   47 ┤ 0                                        
   sc, target = 31 48 ┤ 0                                        
                   49 ┤ 0                                        
                   50 ┤■■■■■■■■■ 1                               
                   51 ┤ 0                                        
                   52 ┤■■■■■■■■■■■■■■■■■■■■■■■■■■■■■■■■■■■■■ 4   
                   53 ┤ 0                                        
                   54 ┤■■■■■■■■■ 1                               
                   55 ┤ 0                                        
                   56 ┤ 0                                        
                   57 ┤■■■■■■■■■■■■■■■■■■■ 2                     
                   58 ┤■■■■■■■■■ 1                               
                   59 ┤ 0                                        
                   60 ┤■■■■■■■■■ 1                               
                      └                                        ┘ 
                                     num of slices               
[ Info: slicing branch with sc: 37.0
[ Info: cc.sc: 37.0
region size: 10
tbl0_rows:55 filtered_rows:55
QIP_gurobi_bound: solver finished in 1.467 s (time_limit=100.0 s, status=OPTIMAL)
[ Info: slice 1, lp_score: 5349.0, primal_bound: 5349.0
QIP_gurobi_bound: solver finished in 1.389 s (time_limit=100.0 s, status=OPTIMAL)
[ Info: slice 2, lp_score: 5347.0, primal_bound: 5349.0
[ Info: new_scs: [36]
[ Info: lp_scores: [5349.0]
[ Info: lp_scores: 5349.0
[ Info: current num of unfinished slices: 11, finished slices: 2
                      ┌                                        ┐ 
                   36 ┤■■■■■■■■■ 1                               
                   37 ┤ 0                                        
                   38 ┤ 0                                        
                   39 ┤ 0                                        
                   40 ┤ 0                                        
                   41 ┤ 0                                        
                   42 ┤ 0                                        
                   43 ┤ 0                                        
                   44 ┤ 0                                        
                   45 ┤ 0                                        
                   46 ┤ 0                                        
                   47 ┤ 0                                        
   sc, target = 31 48 ┤ 0                                        
                   49 ┤ 0                                        
                   50 ┤■■■■■■■■■ 1                               
                   51 ┤ 0                                        
                   52 ┤■■■■■■■■■■■■■■■■■■■■■■■■■■■■■■■■■■■■■ 4   
                   53 ┤ 0                                        
                   54 ┤■■■■■■■■■ 1                               
                   55 ┤ 0                                        
                   56 ┤ 0                                        
                   57 ┤■■■■■■■■■■■■■■■■■■■ 2                     
                   58 ┤■■■■■■■■■ 1                               
                   59 ┤ 0                                        
                   60 ┤■■■■■■■■■ 1                               
                      └                                        ┘ 
                                     num of slices               
[ Info: slicing branch with sc: 36.0
[ Info: cc.sc: 36.0
region size: 10
tbl0_rows:46 filtered_rows:46
QIP_gurobi_bound: solver finished in 1.306 s (time_limit=100.0 s, status=OPTIMAL)
[ Info: slice 1, lp_score: 5349.0, primal_bound: 5349.0
QIP_gurobi_bound: solver finished in 1.348 s (time_limit=100.0 s, status=OPTIMAL)
[ Info: slice 2, lp_score: 5346.0, primal_bound: 5349.0
[ Info: new_scs: [35]
[ Info: lp_scores: [5349.0]
[ Info: lp_scores: 5349.0
[ Info: current num of unfinished slices: 11, finished slices: 2
                      ┌                                        ┐ 
                   35 ┤■■■■■■■■■ 1                               
                   36 ┤ 0                                        
                   37 ┤ 0                                        
                   38 ┤ 0                                        
                   39 ┤ 0                                        
                   40 ┤ 0                                        
                   41 ┤ 0                                        
                   42 ┤ 0                                        
                   43 ┤ 0                                        
                   44 ┤ 0                                        
                   45 ┤ 0                                        
                   46 ┤ 0                                        
   sc, target = 31 47 ┤ 0                                        
                   48 ┤ 0                                        
                   49 ┤ 0                                        
                   50 ┤■■■■■■■■■ 1                               
                   51 ┤ 0                                        
                   52 ┤■■■■■■■■■■■■■■■■■■■■■■■■■■■■■■■■■■■■■ 4   
                   53 ┤ 0                                        
                   54 ┤■■■■■■■■■ 1                               
                   55 ┤ 0                                        
                   56 ┤ 0                                        
                   57 ┤■■■■■■■■■■■■■■■■■■■ 2                     
                   58 ┤■■■■■■■■■ 1                               
                   59 ┤ 0                                        
                   60 ┤■■■■■■■■■ 1                               
                      └                                        ┘ 
                                     num of slices               
[ Info: slicing branch with sc: 35.0
[ Info: cc.sc: 35.0
region size: 10
tbl0_rows:30 filtered_rows:30
QIP_gurobi_bound: solver finished in 1.358 s (time_limit=100.0 s, status=OPTIMAL)
[ Info: slice 1, lp_score: 5349.0, primal_bound: 5349.0
QIP_gurobi_bound: solver finished in 1.308 s (time_limit=100.0 s, status=OPTIMAL)
[ Info: slice 2, lp_score: 5345.0, primal_bound: 5349.0
[ Info: new_scs: [35]
[ Info: lp_scores: [5349.0]
[ Info: lp_scores: 5349.0
[ Info: current num of unfinished slices: 11, finished slices: 2
                      ┌                                        ┐ 
                   35 ┤■■■■■■■■■ 1                               
                   36 ┤ 0                                        
                   37 ┤ 0                                        
                   38 ┤ 0                                        
                   39 ┤ 0                                        
                   40 ┤ 0                                        
                   41 ┤ 0                                        
                   42 ┤ 0                                        
                   43 ┤ 0                                        
                   44 ┤ 0                                        
                   45 ┤ 0                                        
                   46 ┤ 0                                        
   sc, target = 31 47 ┤ 0                                        
                   48 ┤ 0                                        
                   49 ┤ 0                                        
                   50 ┤■■■■■■■■■ 1                               
                   51 ┤ 0                                        
                   52 ┤■■■■■■■■■■■■■■■■■■■■■■■■■■■■■■■■■■■■■ 4   
                   53 ┤ 0                                        
                   54 ┤■■■■■■■■■ 1                               
                   55 ┤ 0                                        
                   56 ┤ 0                                        
                   57 ┤■■■■■■■■■■■■■■■■■■■ 2                     
                   58 ┤■■■■■■■■■ 1                               
                   59 ┤ 0                                        
                   60 ┤■■■■■■■■■ 1                               
                      └                                        ┘ 
                                     num of slices               
[ Info: slicing branch with sc: 35.0
[ Info: cc.sc: 35.0
region size: 10
tbl0_rows:75 filtered_rows:75
QIP_gurobi_bound: solver finished in 1.245 s (time_limit=100.0 s, status=OPTIMAL)
[ Info: slice 1, lp_score: 5349.0, primal_bound: 5349.0
QIP_gurobi_bound: solver finished in 1.323 s (time_limit=100.0 s, status=OPTIMAL)
[ Info: slice 2, lp_score: 5348.0, primal_bound: 5349.0
[ Info: new_scs: [34]
[ Info: lp_scores: [5349.0]
[ Info: lp_scores: 5349.0
[ Info: current num of unfinished slices: 11, finished slices: 2
                      ┌                                        ┐ 
                   34 ┤■■■■■■■■■ 1                               
                   35 ┤ 0                                        
                   36 ┤ 0                                        
                   37 ┤ 0                                        
                   38 ┤ 0                                        
                   39 ┤ 0                                        
                   40 ┤ 0                                        
                   41 ┤ 0                                        
                   42 ┤ 0                                        
                   43 ┤ 0                                        
                   44 ┤ 0                                        
                   45 ┤ 0                                        
                   46 ┤ 0                                        
   sc, target = 31 47 ┤ 0                                        
                   48 ┤ 0                                        
                   49 ┤ 0                                        
                   50 ┤■■■■■■■■■ 1                               
                   51 ┤ 0                                        
                   52 ┤■■■■■■■■■■■■■■■■■■■■■■■■■■■■■■■■■■■■■ 4   
                   53 ┤ 0                                        
                   54 ┤■■■■■■■■■ 1                               
                   55 ┤ 0                                        
                   56 ┤ 0                                        
                   57 ┤■■■■■■■■■■■■■■■■■■■ 2                     
                   58 ┤■■■■■■■■■ 1                               
                   59 ┤ 0                                        
                   60 ┤■■■■■■■■■ 1                               
                      └                                        ┘ 
                                     num of slices               
[ Info: slicing branch with sc: 34.0
[ Info: cc.sc: 34.0
region size: 10
tbl0_rows:21 filtered_rows:21
QIP_gurobi_bound: solver finished in 1.601 s (time_limit=100.0 s, status=OPTIMAL)
[ Info: slice 1, lp_score: 5346.0, primal_bound: 5349.0
QIP_gurobi_bound: solver finished in 1.278 s (time_limit=100.0 s, status=OPTIMAL)
[ Info: slice 2, lp_score: 5349.0, primal_bound: 5349.0
[ Info: new_scs: [34]
[ Info: lp_scores: [5349.0]
[ Info: lp_scores: 5349.0
[ Info: current num of unfinished slices: 11, finished slices: 2
                      ┌                                        ┐ 
                   34 ┤■■■■■■■■■ 1                               
                   35 ┤ 0                                        
                   36 ┤ 0                                        
                   37 ┤ 0                                        
                   38 ┤ 0                                        
                   39 ┤ 0                                        
                   40 ┤ 0                                        
                   41 ┤ 0                                        
                   42 ┤ 0                                        
                   43 ┤ 0                                        
                   44 ┤ 0                                        
                   45 ┤ 0                                        
                   46 ┤ 0                                        
   sc, target = 31 47 ┤ 0                                        
                   48 ┤ 0                                        
                   49 ┤ 0                                        
                   50 ┤■■■■■■■■■ 1                               
                   51 ┤ 0                                        
                   52 ┤■■■■■■■■■■■■■■■■■■■■■■■■■■■■■■■■■■■■■ 4   
                   53 ┤ 0                                        
                   54 ┤■■■■■■■■■ 1                               
                   55 ┤ 0                                        
                   56 ┤ 0                                        
                   57 ┤■■■■■■■■■■■■■■■■■■■ 2                     
                   58 ┤■■■■■■■■■ 1                               
                   59 ┤ 0                                        
                   60 ┤■■■■■■■■■ 1                               
                      └                                        ┘ 
                                     num of slices               
[ Info: slicing branch with sc: 34.0
[ Info: cc.sc: 34.0
region size: 10
tbl0_rows:24 filtered_rows:24
QIP_gurobi_bound: solver finished in 1.35 s (time_limit=100.0 s, status=OPTIMAL)
[ Info: slice 1, lp_score: 5349.0, primal_bound: 5349.0
QIP_gurobi_bound: solver finished in 1.372 s (time_limit=100.0 s, status=OPTIMAL)
[ Info: slice 2, lp_score: 5348.0, primal_bound: 5349.0
[ Info: new_scs: [33]
[ Info: lp_scores: [5349.0]
[ Info: lp_scores: 5349.0
[ Info: current num of unfinished slices: 11, finished slices: 2
                      ┌                                        ┐ 
                   33 ┤■■■■■■■■■ 1                               
                   34 ┤ 0                                        
                   35 ┤ 0                                        
                   36 ┤ 0                                        
                   37 ┤ 0                                        
                   38 ┤ 0                                        
                   39 ┤ 0                                        
                   40 ┤ 0                                        
                   41 ┤ 0                                        
                   42 ┤ 0                                        
                   43 ┤ 0                                        
                   44 ┤ 0                                        
                   45 ┤ 0                                        
   sc, target = 31 46 ┤ 0                                        
                   47 ┤ 0                                        
                   48 ┤ 0                                        
                   49 ┤ 0                                        
                   50 ┤■■■■■■■■■ 1                               
                   51 ┤ 0                                        
                   52 ┤■■■■■■■■■■■■■■■■■■■■■■■■■■■■■■■■■■■■■ 4   
                   53 ┤ 0                                        
                   54 ┤■■■■■■■■■ 1                               
                   55 ┤ 0                                        
                   56 ┤ 0                                        
                   57 ┤■■■■■■■■■■■■■■■■■■■ 2                     
                   58 ┤■■■■■■■■■ 1                               
                   59 ┤ 0                                        
                   60 ┤■■■■■■■■■ 1                               
                      └                                        ┘ 
                                     num of slices               
[ Info: slicing branch with sc: 33.0
[ Info: cc.sc: 33.0
region size: 10
tbl0_rows:16 filtered_rows:16
QIP_gurobi_bound: solver finished in 1.324 s (time_limit=100.0 s, status=OPTIMAL)
[ Info: slice 1, lp_score: 5346.0, primal_bound: 5349.0
QIP_gurobi_bound: solver finished in 1.289 s (time_limit=100.0 s, status=OPTIMAL)
[ Info: slice 2, lp_score: 5349.0, primal_bound: 5349.0
[ Info: new_scs: [33]
[ Info: lp_scores: [5349.0]
[ Info: lp_scores: 5349.0
[ Info: current num of unfinished slices: 11, finished slices: 2
                      ┌                                        ┐ 
                   33 ┤■■■■■■■■■ 1                               
                   34 ┤ 0                                        
                   35 ┤ 0                                        
                   36 ┤ 0                                        
                   37 ┤ 0                                        
                   38 ┤ 0                                        
                   39 ┤ 0                                        
                   40 ┤ 0                                        
                   41 ┤ 0                                        
                   42 ┤ 0                                        
                   43 ┤ 0                                        
                   44 ┤ 0                                        
                   45 ┤ 0                                        
   sc, target = 31 46 ┤ 0                                        
                   47 ┤ 0                                        
                   48 ┤ 0                                        
                   49 ┤ 0                                        
                   50 ┤■■■■■■■■■ 1                               
                   51 ┤ 0                                        
                   52 ┤■■■■■■■■■■■■■■■■■■■■■■■■■■■■■■■■■■■■■ 4   
                   53 ┤ 0                                        
                   54 ┤■■■■■■■■■ 1                               
                   55 ┤ 0                                        
                   56 ┤ 0                                        
                   57 ┤■■■■■■■■■■■■■■■■■■■ 2                     
                   58 ┤■■■■■■■■■ 1                               
                   59 ┤ 0                                        
                   60 ┤■■■■■■■■■ 1                               
                      └                                        ┘ 
                                     num of slices               
[ Info: slicing branch with sc: 33.0
[ Info: cc.sc: 33.0
region size: 10
tbl0_rows:68 filtered_rows:68
QIP_gurobi_bound: solver finished in 1.413 s (time_limit=100.0 s, status=OPTIMAL)
[ Info: slice 1, lp_score: 5349.0, primal_bound: 5349.0
QIP_gurobi_bound: solver finished in 1.353 s (time_limit=100.0 s, status=OPTIMAL)
[ Info: slice 2, lp_score: 5343.0, primal_bound: 5349.0
QIP_gurobi_bound: solver finished in 1.436 s (time_limit=100.0 s, status=OPTIMAL)
[ Info: slice 3, lp_score: 5348.0, primal_bound: 5349.0
QIP_gurobi_bound: solver finished in 1.184 s (time_limit=100.0 s, status=OPTIMAL)
[ Info: slice 4, lp_score: 5346.0, primal_bound: 5349.0
[ Info: new_scs: [32]
[ Info: lp_scores: [5349.0]
[ Info: lp_scores: 5349.0
[ Info: current num of unfinished slices: 11, finished slices: 2
                      ┌                                        ┐ 
                   32 ┤■■■■■■■■■ 1                               
                   33 ┤ 0                                        
                   34 ┤ 0                                        
                   35 ┤ 0                                        
                   36 ┤ 0                                        
                   37 ┤ 0                                        
                   38 ┤ 0                                        
                   39 ┤ 0                                        
                   40 ┤ 0                                        
                   41 ┤ 0                                        
                   42 ┤ 0                                        
                   43 ┤ 0                                        
                   44 ┤ 0                                        
                   45 ┤ 0                                        
   sc, target = 31 46 ┤ 0                                        
                   47 ┤ 0                                        
                   48 ┤ 0                                        
                   49 ┤ 0                                        
                   50 ┤■■■■■■■■■ 1                               
                   51 ┤ 0                                        
                   52 ┤■■■■■■■■■■■■■■■■■■■■■■■■■■■■■■■■■■■■■ 4   
                   53 ┤ 0                                        
                   54 ┤■■■■■■■■■ 1                               
                   55 ┤ 0                                        
                   56 ┤ 0                                        
                   57 ┤■■■■■■■■■■■■■■■■■■■ 2                     
                   58 ┤■■■■■■■■■ 1                               
                   59 ┤ 0                                        
                   60 ┤■■■■■■■■■ 1                               
                      └                                        ┘ 
                                     num of slices               
[ Info: slicing branch with sc: 32.0
[ Info: cc.sc: 32.0
region size: 10
tbl0_rows:10 filtered_rows:10
QIP_gurobi_bound: solver finished in 1.275 s (time_limit=100.0 s, status=OPTIMAL)
[ Info: slice 1, lp_score: 5336.0, primal_bound: 5349.0
QIP_gurobi_bound: solver finished in 1.243 s (time_limit=100.0 s, status=OPTIMAL)
[ Info: slice 2, lp_score: 5349.0, primal_bound: 5349.0
[ Info: new_scs: [31]
[ Info: lp_scores: [5349.0]
[ Info: lp_scores: 5349.0
[ Info: current num of unfinished slices: 11, finished slices: 2
                      ┌                                        ┐ 
                   31 ┤■■■■■■■■■ 1                               
                   32 ┤ 0                                        
                   33 ┤ 0                                        
                   34 ┤ 0                                        
                   35 ┤ 0                                        
                   36 ┤ 0                                        
                   37 ┤ 0                                        
                   38 ┤ 0                                        
                   39 ┤ 0                                        
                   40 ┤ 0                                        
                   41 ┤ 0                                        
                   42 ┤ 0                                        
                   43 ┤ 0                                        
                   44 ┤ 0                                        
   sc, target = 31 45 ┤ 0                                        
                   46 ┤ 0                                        
                   47 ┤ 0                                        
                   48 ┤ 0                                        
                   49 ┤ 0                                        
                   50 ┤■■■■■■■■■ 1                               
                   51 ┤ 0                                        
                   52 ┤■■■■■■■■■■■■■■■■■■■■■■■■■■■■■■■■■■■■■ 4   
                   53 ┤ 0                                        
                   54 ┤■■■■■■■■■ 1                               
                   55 ┤ 0                                        
                   56 ┤ 0                                        
                   57 ┤■■■■■■■■■■■■■■■■■■■ 2                     
                   58 ┤■■■■■■■■■ 1                               
                   59 ┤ 0                                        
                   60 ┤■■■■■■■■■ 1                               
                      └                                        ┘ 
                                     num of slices               
[ Info: slicing branch with sc: 31.0
  [slice produced] sc=31.0 tc=44.49888127505778 nv=3536 ne=6889 r=53.0
QIP_value_gurobi: solver finished in 1.237 s (time_limit=604800.0 s, status=OPTIMAL)
[ Info: feasible solution: 5349.0, primal bound: 5349.0
[ Info: current num of unfinished slices: 10, finished slices: 3
                      ┌                                        ┐ 
                   50 ┤■■■■■■■■■ 1                               
                   51 ┤ 0                                        
                   52 ┤■■■■■■■■■■■■■■■■■■■■■■■■■■■■■■■■■■■■■ 4   
                   53 ┤ 0                                        
                   54 ┤■■■■■■■■■ 1                               
   sc, target = 31 55 ┤ 0                                        
                   56 ┤ 0                                        
                   57 ┤■■■■■■■■■■■■■■■■■■■ 2                     
                   58 ┤■■■■■■■■■ 1                               
                   59 ┤ 0                                        
                   60 ┤■■■■■■■■■ 1                               
                      └                                        ┘ 
                                     num of slices               
[ Info: slicing branch with sc: 50.0
[ Info: cc.sc: 50.0
region size: 10
tbl0_rows:65 filtered_rows:65
QIP_gurobi_bound: solver finished in 1.468 s (time_limit=100.0 s, status=OPTIMAL)
[ Info: slice 1, lp_score: 5336.0, primal_bound: 5349.0
QIP_gurobi_bound: solver finished in 5.666 s (time_limit=100.0 s, status=OPTIMAL)
[ Info: slice 2, lp_score: 5332.0, primal_bound: 5349.0
[ Info: new_scs: Int64[]
[ Info: lp_scores: Float64[]
[ Info: current num of unfinished slices: 9, finished slices: 3
                      ┌                                        ┐ 
                   52 ┤■■■■■■■■■■■■■■■■■■■■■■■■■■■■■■■■■■■■■ 4   
                   53 ┤ 0                                        
                   54 ┤■■■■■■■■■ 1                               
                   55 ┤ 0                                        
   sc, target = 31 56 ┤ 0                                        
                   57 ┤■■■■■■■■■■■■■■■■■■■ 2                     
                   58 ┤■■■■■■■■■ 1                               
                   59 ┤ 0                                        
                   60 ┤■■■■■■■■■ 1                               
                      └                                        ┘ 
                                     num of slices               
[ Info: slicing branch with sc: 52.0
[ Info: cc.sc: 52.0
region size: 10
tbl0_rows:70 filtered_rows:70
QIP_gurobi_bound: solver finished in 1.579 s (time_limit=100.0 s, status=OPTIMAL)
[ Info: slice 1, lp_score: 5341.0, primal_bound: 5349.0
QIP_gurobi_bound: solver finished in 1.415 s (time_limit=100.0 s, status=OPTIMAL)
[ Info: slice 2, lp_score: 5344.0, primal_bound: 5349.0
[ Info: new_scs: Int64[]
[ Info: lp_scores: Float64[]
[ Info: current num of unfinished slices: 8, finished slices: 3
                      ┌                                        ┐ 
                   52 ┤■■■■■■■■■■■■■■■■■■■■■■■■■■■■■■■■■■■■■ 3   
                   53 ┤ 0                                        
                   54 ┤■■■■■■■■■■■■ 1                            
                   55 ┤ 0                                        
   sc, target = 31 56 ┤ 0                                        
                   57 ┤■■■■■■■■■■■■■■■■■■■■■■■■■ 2               
                   58 ┤■■■■■■■■■■■■ 1                            
                   59 ┤ 0                                        
                   60 ┤■■■■■■■■■■■■ 1                            
                      └                                        ┘ 
                                     num of slices               
[ Info: slicing branch with sc: 52.0
[ Info: cc.sc: 52.0
region size: 10
tbl0_rows:70 filtered_rows:70
QIP_gurobi_bound: solver finished in 1.496 s (time_limit=100.0 s, status=OPTIMAL)
[ Info: slice 1, lp_score: 5341.0, primal_bound: 5349.0
QIP_gurobi_bound: solver finished in 1.399 s (time_limit=100.0 s, status=OPTIMAL)
[ Info: slice 2, lp_score: 5344.0, primal_bound: 5349.0
[ Info: new_scs: Int64[]
[ Info: lp_scores: Float64[]
[ Info: current num of unfinished slices: 7, finished slices: 3
                      ┌                                        ┐ 
                   52 ┤■■■■■■■■■■■■■■■■■■■■■■■■■■■■■■■■■■■■■ 2   
                   53 ┤ 0                                        
                   54 ┤■■■■■■■■■■■■■■■■■■■ 1                     
                   55 ┤ 0                                        
   sc, target = 31 56 ┤ 0                                        
                   57 ┤■■■■■■■■■■■■■■■■■■■■■■■■■■■■■■■■■■■■■ 2   
                   58 ┤■■■■■■■■■■■■■■■■■■■ 1                     
                   59 ┤ 0                                        
                   60 ┤■■■■■■■■■■■■■■■■■■■ 1                     
                      └                                        ┘ 
                                     num of slices               
[ Info: slicing branch with sc: 52.0
[ Info: cc.sc: 52.0
region size: 10
tbl0_rows:65 filtered_rows:65
QIP_gurobi_bound: solver finished in 1.289 s (time_limit=100.0 s, status=OPTIMAL)
[ Info: slice 1, lp_score: 5343.0, primal_bound: 5349.0
QIP_gurobi_bound: solver finished in 1.281 s (time_limit=100.0 s, status=OPTIMAL)
[ Info: slice 2, lp_score: 5339.0, primal_bound: 5349.0
[ Info: new_scs: Int64[]
[ Info: lp_scores: Float64[]
[ Info: current num of unfinished slices: 6, finished slices: 3
                      ┌                                        ┐ 
                   52 ┤■■■■■■■■■■■■■■■■■■■ 1                     
                   53 ┤ 0                                        
                   54 ┤■■■■■■■■■■■■■■■■■■■ 1                     
                   55 ┤ 0                                        
   sc, target = 31 56 ┤ 0                                        
                   57 ┤■■■■■■■■■■■■■■■■■■■■■■■■■■■■■■■■■■■■■ 2   
                   58 ┤■■■■■■■■■■■■■■■■■■■ 1                     
                   59 ┤ 0                                        
                   60 ┤■■■■■■■■■■■■■■■■■■■ 1                     
                      └                                        ┘ 
                                     num of slices               
[ Info: slicing branch with sc: 54.0
[ Info: cc.sc: 54.0
region size: 10
tbl0_rows:65 filtered_rows:65
QIP_gurobi_bound: solver finished in 1.837 s (time_limit=100.0 s, status=OPTIMAL)
[ Info: slice 1, lp_score: 5348.0, primal_bound: 5349.0
QIP_gurobi_bound: solver finished in 1.907 s (time_limit=100.0 s, status=OPTIMAL)
[ Info: slice 2, lp_score: 5344.0, primal_bound: 5349.0
[ Info: new_scs: Int64[]
[ Info: lp_scores: Float64[]
[ Info: current num of unfinished slices: 5, finished slices: 3
                      ┌                                        ┐ 
                   52 ┤■■■■■■■■■■■■■■■■■■■ 1                     
                   53 ┤ 0                                        
                   54 ┤ 0                                        
                   55 ┤ 0                                        
   sc, target = 31 56 ┤ 0                                        
                   57 ┤■■■■■■■■■■■■■■■■■■■■■■■■■■■■■■■■■■■■■ 2   
                   58 ┤■■■■■■■■■■■■■■■■■■■ 1                     
                   59 ┤ 0                                        
                   60 ┤■■■■■■■■■■■■■■■■■■■ 1                     
                      └                                        ┘ 
                                     num of slices               
[ Info: slicing branch with sc: 52.0
[ Info: cc.sc: 52.0
region size: 10
tbl0_rows:65 filtered_rows:65
QIP_gurobi_bound: solver finished in 1.682 s (time_limit=100.0 s, status=OPTIMAL)
[ Info: slice 1, lp_score: 5344.0, primal_bound: 5349.0
QIP_gurobi_bound: solver finished in 1.586 s (time_limit=100.0 s, status=OPTIMAL)
[ Info: slice 2, lp_score: 5340.0, primal_bound: 5349.0
[ Info: new_scs: Int64[]
[ Info: lp_scores: Float64[]
[ Info: current num of unfinished slices: 4, finished slices: 3
                      ┌                                        ┐ 
                   57 ┤■■■■■■■■■■■■■■■■■■■■■■■■■■■■■■■■■■■■■ 2   
   sc, target = 31 58 ┤■■■■■■■■■■■■■■■■■■■ 1                     
                   59 ┤ 0                                        
                   60 ┤■■■■■■■■■■■■■■■■■■■ 1                     
                      └                                        ┘ 
                                     num of slices               
[ Info: slicing branch with sc: 57.0
[ Info: cc.sc: 57.0
region size: 10
tbl0_rows:60 filtered_rows:60
QIP_gurobi_bound: solver finished in 1.46 s (time_limit=100.0 s, status=OPTIMAL)
[ Info: slice 1, lp_score: 5343.0, primal_bound: 5349.0
QIP_gurobi_bound: solver finished in 1.534 s (time_limit=100.0 s, status=OPTIMAL)
[ Info: slice 2, lp_score: 5339.0, primal_bound: 5349.0
QIP_gurobi_bound: solver finished in 1.445 s (time_limit=100.0 s, status=OPTIMAL)
[ Info: slice 3, lp_score: 5344.0, primal_bound: 5349.0
[ Info: new_scs: Int64[]
[ Info: lp_scores: Float64[]
[ Info: current num of unfinished slices: 3, finished slices: 3
                      ┌                                        ┐ 
                   57 ┤■■■■■■■■■■■■■■■■■■■■■■■■■■■■■■■■■■■■■ 1   
   sc, target = 31 58 ┤■■■■■■■■■■■■■■■■■■■■■■■■■■■■■■■■■■■■■ 1   
                   59 ┤ 0                                        
                   60 ┤■■■■■■■■■■■■■■■■■■■■■■■■■■■■■■■■■■■■■ 1   
                      └                                        ┘ 
                                     num of slices               
[ Info: slicing branch with sc: 57.0
[ Info: cc.sc: 57.0
region size: 10
tbl0_rows:61 filtered_rows:61
QIP_gurobi_bound: solver finished in 1.371 s (time_limit=100.0 s, status=OPTIMAL)
[ Info: slice 1, lp_score: 5346.0, primal_bound: 5349.0
QIP_gurobi_bound: solver finished in 1.478 s (time_limit=100.0 s, status=OPTIMAL)
[ Info: slice 2, lp_score: 5341.0, primal_bound: 5349.0
[ Info: new_scs: Int64[]
[ Info: lp_scores: Float64[]
[ Info: current num of unfinished slices: 2, finished slices: 3
                      ┌                                        ┐ 
                   58 ┤■■■■■■■■■■■■■■■■■■■■■■■■■■■■■■■■■■■■■ 1   
   sc, target = 31 59 ┤ 0                                        
                   60 ┤■■■■■■■■■■■■■■■■■■■■■■■■■■■■■■■■■■■■■ 1   
                      └                                        ┘ 
                                     num of slices               
[ Info: slicing branch with sc: 60.0
[ Info: cc.sc: 60.0
region size: 10
tbl0_rows:61 filtered_rows:61
QIP_gurobi_bound: solver finished in 1.44 s (time_limit=100.0 s, status=OPTIMAL)
[ Info: slice 1, lp_score: 5346.0, primal_bound: 5349.0
QIP_gurobi_bound: solver finished in 4.847 s (time_limit=100.0 s, status=OPTIMAL)
[ Info: slice 2, lp_score: 5341.0, primal_bound: 5349.0
[ Info: new_scs: Int64[]
[ Info: lp_scores: Float64[]
[ Info: current num of unfinished slices: 1, finished slices: 3
                      ┌                                        ┐ 
   sc, target = 31 58 ┤■■■■■■■■■■■■■■■■■■■■■■■■■■■■■■■■■■■■■ 1   
                      └                                        ┘ 
                                     num of slices               
[ Info: slicing branch with sc: 58.0
[ Info: cc.sc: 58.0
region size: 10
tbl0_rows:61 filtered_rows:61
QIP_gurobi_bound: solver finished in 1.46 s (time_limit=100.0 s, status=OPTIMAL)
[ Info: slice 1, lp_score: 5340.0, primal_bound: 5349.0
QIP_gurobi_bound: solver finished in 1.643 s (time_limit=100.0 s, status=OPTIMAL)
[ Info: slice 2, lp_score: 5335.0, primal_bound: 5349.0
[ Info: new_scs: Int64[]
[ Info: lp_scores: Float64[]
  finished 3 slice(s) in 4620.282s; persisting ...
  saved 3 slice(s) to /data/wangyijia/mwis/beyond_mis/branch_results/grid_Jpm1_n=60_seed=3_cheating
  branching wall time (s): 4620.28214597702
