# FromNodeId	ToNodeId
0 1
0 80
0 81
1 2
1 80
1 81
1 82
2 81
2 82
2 83
3 4
3 83
3 84
3 85
4 5
4 84
4 85
4 86
5 6
5 85
5 86
5 87
6 7
6 86
6 87
6 88
7 8
7 87
7 88
7 89
8 9
8 88
8 89
8 90
9 10
9 89
9 90
9 91
10 11
10 90
10 91
10 92
11 12
11 91
11 92
11 93
12 13
12 92
12 93
12 94
13 14
13 93
13 94
13 95
14 15
14 94
14 95
14 96
15 16
15 95
15 96
15 97
16 96
16 97
16 98
17 98
17 99
18 19
18 100
18 101
19 20
19 100
19 101
20 21
20 101
20 102
21 102
21 103
22 103
22 104
22 105
23 105
23 106
23 107
24 108
24 109
25 26
25 110
26 27
26 110
27 28
27 111
28 111
28 112
29 30
29 112
29 113
29 114
30 113
30 114
31 115
31 116
32 33
32 117
33 34
33 117
33 118
34 35
34 117
34 118
34 119
35 36
35 118
35 119
35 120
36 37
36 119
36 120
36 121
37 38
37 120
37 121
37 122
38 39
38 121
38 122
38 123
39 40
39 122
39 123
40 41
40 123
40 124
41 42
41 124
41 125
42 43
42 124
42 125
42 126
43 44
43 125
43 126
44 45
44 126
44 127
45 46
45 127
45 128
46 47
46 127
46 128
46 129
47 128
47 129
48 130
48 131
48 132
49 50
49 132
49 133
49 134
50 51
50 133
50 134
50 135
51 52
51 134
51 135
51 136
52 53
52 135
52 136
52 137
53 54
53 136
53 137
53 138
54 137
54 138
54 139
55 56
55 139
55 140
55 141
56 57
56 140
56 141
56 142
57 58
57 141
57 142
57 143
58 59
58 142
58 143
59 60
59 143
60 144
61 62
61 144
61 145
62 63
62 145
62 146
63 145
63 146
63 147
64 65
64 147
65 148
66 67
66 148
66 149
67 68
67 149
67 150
68 69
68 150
68 151
69 70
69 150
69 151
69 152
70 71
70 151
70 152
70 153
71 72
71 152
71 153
71 154
72 73
72 153
72 154
73 74
73 154
74 75
75 76
75 155
76 77
76 155
76 156
77 78
77 155
77 156
77 157
78 156
78 157
78 158
79 158
79 159
80 81
80 160
80 161
81 82
81 160
81 161
81 162
82 83
82 161
82 162
82 163
83 84
83 162
83 163
83 164
84 85
84 163
84 164
84 165
85 86
85 164
85 165
85 166
86 87
86 165
86 166
86 167
87 88
87 166
87 167
87 168
88 89
88 167
88 168
88 169
89 90
89 168
89 169
89 170
90 91
90 169
90 170
90 171
91 92
91 170
91 171
91 172
92 93
92 171
92 172
92 173
93 94
93 172
93 173
93 174
94 95
94 173
94 174
95 96
95 174
95 175
96 97
96 175
96 176
97 98
97 175
97 176
97 177
98 99
98 176
98 177
99 177
99 178
100 101
100 178
100 179
101 179
101 180
102 103
102 180
103 104
104 105
105 106
105 181
106 107
106 181
106 182
107 108
107 181
107 182
107 183
108 109
108 182
108 183
109 183
109 184
110 184
110 185
110 186
111 112
111 187
111 188
112 113
112 188
112 189
113 114
113 189
113 190
114 189
114 190
114 191
115 116
115 191
115 192
115 193
116 192
116 193
116 194
117 118
117 195
118 119
118 195
118 196
119 120
119 196
119 197
120 121
120 196
120 197
121 122
121 197
121 198
122 123
122 198
122 199
123 198
123 199
124 125
124 200
125 126
125 200
125 201
126 201
126 202
127 128
127 202
127 203
127 204
128 129
128 203
128 204
128 205
129 204
129 205
129 206
130 131
130 206
130 207
130 208
131 132
131 207
131 208
131 209
132 133
132 208
132 209
132 210
133 134
133 209
133 210
134 135
134 210
135 136
135 211
136 137
136 211
136 212
137 138
137 211
137 212
137 213
138 139
138 212
138 213
139 140
139 213
139 214
140 141
140 214
141 142
141 214
142 143
142 215
143 215
143 216
144 217
144 218
144 219
145 146
145 219
146 147
146 220
147 220
147 221
148 149
148 222
148 223
149 223
149 224
150 151
150 224
150 225
150 226
151 152
151 225
151 226
151 227
152 153
152 226
152 227
152 228
153 154
153 227
153 228
153 229
154 228
154 229
154 230
155 156
155 232
155 233
155 234
156 157
156 233
156 234
157 158
157 234
157 235
158 159
158 235
158 236
159 235
159 236
160 161
160 237
160 238
161 162
161 237
161 238
162 163
162 238
163 164
163 239
164 165
164 239
164 240
165 166
165 239
165 240
165 241
166 167
166 240
166 241
166 242
167 168
167 241
167 242
167 243
168 169
168 242
168 243
168 244
169 170
169 243
169 244
170 171
170 244
170 245
171 172
171 245
171 246
172 173
172 245
172 246
172 247
173 174
173 246
173 247
173 248
174 247
174 248
174 249
175 176
175 249
175 250
175 251
176 177
176 250
176 251
176 252
177 251
177 252
177 253
178 179
178 253
178 254
178 255
179 254
179 255
180 256
181 182
181 259
181 260
182 183
182 259
182 260
182 261
183 260
183 261
183 262
184 185
184 262
184 263
184 264
185 186
185 263
185 264
185 265
186 187
186 264
186 265
186 266
187 188
187 265
187 266
188 266
188 267
189 190
189 267
189 268
189 269
190 191
190 268
190 269
190 270
191 192
191 269
191 270
192 193
192 270
192 271
193 194
193 271
193 272
194 271
194 272
194 273
195 273
195 274
195 275
196 197
196 275
196 276
196 277
197 276
197 277
198 199
198 278
199 278
199 279
200 279
200 280
200 281
201 202
201 281
201 282
202 203
202 282
202 283
203 204
203 282
203 283
203 284
204 205
204 283
204 284
204 285
205 206
205 284
205 285
205 286
206 207
206 285
206 286
207 208
207 286
207 287
208 209
208 287
208 288
209 210
209 287
209 288
209 289
210 288
210 289
210 290
211 212
211 291
211 292
212 213
212 292
212 293
213 292
213 293
213 294
214 294
214 295
215 216
215 296
215 297
216 217
216 297
216 298
217 218
217 298
218 219
218 298
218 299
219 299
219 300
220 221
220 301
220 302
220 303
221 222
221 302
221 303
221 304
222 303
222 304
223 224
223 305
224 225
224 305
224 306
225 226
225 305
225 306
225 307
226 227
226 306
226 307
227 228
227 307
227 308
228 229
228 308
228 309
229 230
229 308
229 309
229 310
230 231
230 309
230 310
230 311
231 232
231 310
231 311
231 312
232 233
232 311
232 312
233 234
233 312
233 313
234 313
234 314
235 236
235 314
235 315
235 316
236 315
236 316
237 238
237 317
237 318
238 317
238 318
238 319
239 240
239 320
239 321
239 322
240 241
240 321
240 322
240 323
241 242
241 322
241 323
241 324
242 243
242 323
242 324
242 325
243 244
243 324
243 325
244 325
244 326
245 246
245 326
245 327
245 328
246 247
246 327
246 328
246 329
247 248
247 328
247 329
247 330
248 249
248 329
248 330
248 331
249 250
249 330
249 331
249 332
250 251
250 331
250 332
250 333
251 252
251 332
251 333
251 334
252 253
252 333
252 334
252 335
253 254
253 334
253 335
254 255
254 335
254 336
255 336
255 337
256 257
256 338
256 339
256 340
257 258
257 339
257 340
257 341
258 340
258 341
258 342
259 260
259 342
259 343
259 344
260 261
260 343
260 344
260 345
261 262
261 344
261 345
261 346
262 263
262 345
262 346
262 347
263 264
263 346
263 347
263 348
264 265
264 347
264 348
264 349
265 266
265 348
265 349
265 350
266 349
266 350
267 268
267 351
267 352
268 269
268 351
268 352
268 353
269 270
269 352
269 353
269 354
270 353
270 354
271 272
271 355
272 273
272 355
273 274
273 356
274 275
274 356
274 357
275 276
275 356
275 357
275 358
276 277
276 357
276 358
277 358
277 359
278 279
278 360
278 361
278 362
279 280
279 361
279 362
280 281
280 362
280 363
281 363
281 364
282 283
282 364
282 365
282 366
283 284
283 365
283 366
283 367
284 285
284 366
284 367
284 368
285 286
285 367
285 368
285 369
286 368
286 369
287 288
287 370
288 289
288 370
288 371
289 290
289 371
289 372
290 291
290 371
290 372
291 372
291 373
292 293
292 373
292 374
293 294
293 374
293 375
294 295
294 375
294 376
295 375
295 376
295 377
296 297
296 377
296 378
296 379
297 378
297 379
297 380
298 380
298 381
299 300
299 381
299 382
299 383
300 301
300 382
300 383
300 384
301 302
301 383
301 384
302 303
302 384
303 304
305 306
305 385
306 307
306 385
307 385
307 386
308 309
308 386
308 387
308 388
309 310
309 387
309 388
309 389
310 311
310 388
310 389
310 390
311 312
311 389
311 390
311 391
312 390
312 391
312 392
313 314
313 392
313 393
313 394
314 315
314 393
314 394
314 395
315 316
315 394
315 395
315 396
316 395
316 396
317 318
317 397
317 398
318 319
318 397
318 398
318 399
319 320
319 398
319 399
319 400
320 321
320 399
320 400
320 401
321 322
321 400
321 401
322 323
322 401
322 402
323 324
323 402
323 403
324 325
324 402
324 403
324 404
325 403
325 404
326 327
326 405
326 406
327 328
327 405
327 406
327 407
328 329
328 406
328 407
329 330
329 407
329 408
330 331
330 408
330 409
331 332
331 408
331 409
332 333
332 409
332 410
333 334
333 410
333 411
334 335
334 410
334 411
335 411
335 412
336 337
336 412
336 413
336 414
337 338
337 413
337 414
337 415
338 339
338 414
338 415
338 416
339 340
339 415
339 416
339 417
340 341
340 416
340 417
341 342
341 417
341 418
342 343
342 418
342 419
343 344
343 418
343 419
343 420
344 345
344 419
344 420
344 421
345 346
345 420
345 421
345 422
346 347
346 421
346 422
346 423
347 348
347 422
347 423
348 349
348 423
348 424
349 350
349 424
349 425
350 424
350 425
350 426
351 352
351 426
351 427
351 428
352 353
352 427
352 428
353 354
353 428
353 429
354 429
355 430
355 431
356 357
356 432
356 433
357 358
357 433
358 434
359 360
359 434
359 435
360 361
360 435
360 436
361 362
361 436
361 437
362 436
362 437
362 438
363 364
363 438
363 439
363 440
364 365
364 439
364 440
364 441
365 366
365 440
365 441
365 442
366 367
366 441
366 442
366 443
367 368
367 442
367 443
367 444
368 369
368 443
368 444
368 445
369 444
369 445
369 446
370 446
370 447
370 448
371 372
371 448
371 449
371 450
372 449
372 450
372 451
373 374
373 451
373 452
373 453
374 452
374 453
374 454
375 376
375 454
375 455
375 456
376 377
376 455
376 456
376 457
377 378
377 456
377 457
377 458
378 379
378 457
378 458
378 459
379 380
379 458
379 459
379 460
380 459
380 460
381 382
381 461
381 462
382 383
382 461
382 462
382 463
383 384
383 462
383 463
383 464
384 463
384 464
384 465
385 469
385 470
385 471
386 387
386 471
386 472
386 473
387 388
387 472
387 473
387 474
388 389
388 473
388 474
388 475
389 390
389 474
389 475
389 476
390 391
390 475
390 476
390 477
391 392
391 476
391 477
392 393
392 477
392 478
393 394
393 478
393 479
394 395
394 478
394 479
394 480
395 396
395 479
395 480
395 481
396 480
396 481
397 398
397 482
397 483
398 399
398 482
398 483
398 484
399 400
399 483
399 484
400 401
400 484
402 403
402 485
402 486
403 404
403 485
403 486
403 487
404 486
404 487
404 488
405 406
405 488
405 489
405 490
406 407
406 489
406 490
406 491
407 490
407 491
407 492
408 409
408 492
409 493
410 411
410 493
410 494
411 494
412 413
412 495
413 414
413 495
413 496
414 415
414 495
414 496
414 497
415 416
415 496
415 497
416 417
416 497
416 498
417 498
417 499
418 419
418 499
418 500
419 420
419 500
419 501
420 421
420 501
420 502
421 422
421 501
421 502
422 423
422 502
422 503
423 503
423 504
424 425
424 504
424 505
424 506
425 426
425 505
425 506
425 507
426 427
426 506
426 507
427 428
427 507
427 508
428 508
429 509
429 510
430 431
430 510
430 511
431 432
431 511
431 512
432 433
432 511
432 512
433 512
434 435
434 513
434 514
434 515
435 514
435 515
435 516
436 437
436 516
436 517
436 518
437 438
437 517
437 518
437 519
438 439
438 518
438 519
439 440
439 519
439 520
440 441
440 520
440 521
441 442
441 520
441 521
441 522
442 443
442 521
442 522
443 444
443 522
444 445
444 523
445 446
445 523
445 524
446 447
446 523
446 524
446 525
447 448
447 524
447 525
447 526
448 449
448 525
448 526
448 527
449 450
449 526
449 527
449 528
450 451
450 527
450 528
450 529
451 452
451 528
451 529
451 530
452 453
452 529
452 530
452 531
453 454
453 530
453 531
454 455
454 531
454 532
455 456
455 532
456 457
456 532
457 458
457 533
458 459
458 533
458 534
459 460
459 533
459 534
459 535
460 534
460 535
461 462
461 536
462 463
462 536
462 537
463 464
463 536
463 537
463 538
464 465
464 537
464 538
464 539
465 466
465 538
465 539
465 540
466 467
466 539
466 540
467 540
468 469
468 541
469 470
469 541
469 542
470 471
470 541
470 542
470 543
471 472
471 542
471 543
471 544
472 473
472 543
472 544
472 545
473 474
473 544
473 545
473 546
474 475
474 545
474 546
474 547
475 476
475 546
475 547
476 477
476 547
476 548
477 548
477 549
478 479
478 549
478 550
479 480
479 550
479 551
480 481
480 551
480 552
481 551
481 552
482 483
482 553
483 484
483 553
483 554
484 553
484 554
484 555
485 486
485 557
485 558
485 559
486 487
486 558
486 559
486 560
487 488
487 559
487 560
488 489
488 560
488 561
489 490
489 561
489 562
490 491
490 561
490 562
490 563
491 492
491 562
491 563
491 564
492 563
492 564
492 565
493 494
493 566
495 496
495 567
496 497
496 568
497 568
497 569
498 499
498 569
498 570
498 571
499 500
499 570
499 571
499 572
500 571
500 572
500 573
501 502
501 573
501 574
501 575
502 574
502 575
502 576
503 504
503 576
503 577
504 505
504 577
504 578
505 506
505 577
505 578
505 579
506 507
506 578
506 579
506 580
507 579
507 580
508 581
508 582
509 510
509 582
509 583
509 584
510 583
510 584
510 585
511 512
511 585
511 586
512 586
512 587
513 514
513 588
513 589
513 590
514 515
514 589
514 590
515 516
515 590
515 591
516 517
516 591
517 518
517 591
518 519
518 592
519 592
520 521
520 593
520 594
521 522
521 593
521 594
521 595
522 594
522 595
522 596
523 524
523 597
523 598
523 599
524 525
524 598
524 599
524 600
525 526
525 599
525 600
525 601
526 527
526 600
526 601
526 602
527 528
527 601
527 602
527 603
528 529
528 602
528 603
529 530
529 603
529 604
530 531
530 604
531 604
531 605
532 605
532 606
532 607
533 534
533 608
533 609
533 610
534 535
534 609
534 610
534 611
535 610
535 611
535 612
536 537
536 613
536 614
537 538
537 614
537 615
538 539
538 615
538 616
539 540
539 615
539 616
539 617
540 616
540 617
540 618
541 542
541 620
541 621
541 622
542 543
542 621
542 622
542 623
543 544
543 622
543 623
543 624
544 545
544 623
544 624
544 625
545 546
545 624
545 625
545 626
546 547
546 625
546 626
546 627
547 626
547 627
547 628
548 549
548 628
548 629
548 630
549 550
549 629
549 630
549 631
550 630
550 631
551 552
551 632
551 633
552 632
552 633
553 554
553 634
554 555
555 556
555 635
556 557
556 635
556 636
557 558
557 635
557 636
558 559
558 636
558 637
559 560
559 637
559 638
560 637
560 638
560 639
561 562
561 639
561 640
561 641
562 563
562 640
562 641
562 642
563 564
563 641
563 642
563 643
564 565
564 642
564 643
564 644
565 566
565 643
565 644
565 645
566 644
566 645
566 646
567 649
567 650
568 569
568 651
569 570
570 571
570 652
571 572
571 652
571 653
572 573
572 652
572 653
572 654
573 574
573 653
573 654
574 575
574 654
575 576
575 655
576 655
576 656
577 578
577 656
578 579
578 657
579 580
579 657
579 658
580 657
580 658
580 659
581 582
581 659
581 660
581 661
582 583
582 660
582 661
582 662
583 584
583 661
583 662
583 663
584 585
584 662
584 663
584 664
585 663
585 664
586 587
586 665
587 588
587 665
588 589
588 666
589 590
589 666
590 666
590 667
591 667
591 668
592 669
592 670
593 594
593 671
593 672
594 595
594 671
594 672
594 673
595 596
595 672
595 673
596 597
596 673
596 674
597 598
597 674
597 675
598 599
598 674
598 675
598 676
599 600
599 675
599 676
599 677
600 601
600 676
600 677
600 678
601 602
601 677
601 678
602 603
602 678
602 679
603 679
604 680
604 681
605 606
605 681
605 682
606 607
606 682
606 683
607 608
607 683
608 609
608 683
609 610
609 684
610 611
610 684
610 685
611 612
611 684
611 685
611 686
612 613
612 685
612 686
612 687
613 614
613 686
613 687
613 688
614 687
614 688
614 689
615 616
615 689
615 690
616 617
616 690
616 691
617 618
617 690
617 691
617 692
618 619
618 691
618 692
619 620
619 692
619 693
620 621
620 693
620 694
621 622
621 693
621 694
621 695
622 623
622 694
622 695
622 696
623 624
623 695
623 696
623 697
624 625
624 696
624 697
624 698
625 626
625 697
625 698
626 627
626 698
626 699
627 628
627 699
627 700
628 629
628 699
628 700
628 701
629 630
629 700
629 701
629 702
630 631
630 701
630 702
630 703
631 702
631 703
631 704
632 633
632 704
632 705
632 706
633 705
633 706
634 707
634 708
635 636
635 710
635 711
635 712
636 711
636 712
637 638
637 713
637 714
638 639
638 713
638 714
638 715
639 640
639 714
639 715
640 641
640 715
640 716
641 642
641 716
641 717
642 643
642 716
642 717
643 644
643 717
643 718
644 645
644 718
645 646
645 718
645 719
646 647
646 719
646 720
647 648
647 719
647 720
647 721
648 649
648 720
648 721
648 722
649 721
649 722
649 723
650 651
650 723
650 724
650 725
651 724
651 725
651 726
652 653
652 728
652 729
652 730
653 654
653 729
653 730
653 731
654 730
654 731
654 732
655 656
655 733
655 734
656 733
656 734
656 735
657 658
657 736
657 737
658 659
658 737
658 738
659 660
659 738
660 661
660 738
660 739
661 662
661 739
661 740
662 663
662 739
662 740
662 741
663 664
663 740
663 741
663 742
664 741
664 742
664 743
665 743
665 744
665 745
666 746
666 747
667 748
667 749
668 669
668 749
668 750
669 670
669 750
669 751
670 750
670 751
670 752
671 672
671 752
671 753
671 754
672 673
672 753
672 754
672 755
673 754
673 755
673 756
674 675
674 756
674 757
674 758
675 676
675 757
675 758
675 759
676 677
676 758
676 759
676 760
677 678
677 759
677 760
677 761
678 760
678 761
678 762
679 762
679 763
679 764
680 681
680 764
680 765
680 766
681 682
681 765
681 766
682 766
682 767
683 767
683 768
683 769
684 685
684 770
684 771
685 686
685 770
685 771
685 772
686 687
686 771
686 772
686 773
687 688
687 772
687 773
688 689
688 773
688 774
689 774
689 775
690 691
690 775
690 776
690 777
691 692
691 776
691 777
691 778
692 777
692 778
692 779
693 694
693 779
693 780
693 781
694 695
694 780
694 781
694 782
695 696
695 781
695 782
695 783
696 697
696 782
696 783
696 784
697 698
697 783
697 784
697 785
698 784
698 785
698 786
699 700
699 786
699 787
700 701
700 787
700 788
701 702
701 788
702 703
702 788
702 789
703 704
703 789
703 790
704 705
704 789
704 790
704 791
705 706
705 790
705 791
705 792
706 791
706 792
707 708
707 793
707 794
708 709
708 793
708 794
708 795
709 710
709 794
709 795
710 711
710 795
710 796
711 712
711 796
711 797
712 796
712 797
712 798
713 714
713 798
713 799
713 800
714 715
714 799
714 800
714 801
715 800
715 801
715 802
716 717
716 802
716 803
716 804
717 803
717 804
717 805
718 805
718 806
719 720
719 806
719 807
719 808
720 721
720 807
720 808
720 809
721 722
721 808
721 809
721 810
722 723
722 809
722 810
722 811
723 724
723 810
723 811
723 812
724 725
724 811
724 812
724 813
725 726
725 812
725 813
725 814
726 727
726 813
726 814
726 815
727 728
727 814
727 815
727 816
728 729
728 815
728 816
728 817
729 730
729 816
729 817
729 818
730 731
730 817
730 818
730 819
731 732
731 818
731 819
732 819
732 820
733 734
733 820
733 821
734 735
734 821
734 822
735 736
735 822
735 823
736 737
736 822
736 823
737 823
737 824
738 824
738 825
738 826
739 740
739 826
739 827
739 828
740 741
740 827
740 828
741 742
741 828
741 829
742 743
742 829
742 830
743 744
743 829
743 830
743 831
744 745
744 830
744 831
744 832
745 746
745 831
745 832
745 833
746 747
746 832
746 833
746 834
747 833
747 834
747 835
748 749
748 835
748 836
748 837
749 836
749 837
749 838
750 751
750 838
750 839
750 840
751 752
751 839
751 840
751 841
752 753
752 840
752 841
752 842
753 754
753 841
753 842
753 843
754 755
754 842
754 843
754 844
755 756
755 843
755 844
755 845
756 757
756 844
756 845
756 846
757 758
757 845
757 846
757 847
758 759
758 846
758 847
758 848
759 760
759 847
759 848
759 849
760 761
760 848
760 849
760 850
761 762
761 849
761 850
761 851
762 763
762 850
762 851
763 764
763 851
763 852
764 765
764 852
764 853
765 766
765 852
765 853
765 854
766 853
766 854
766 855
767 768
767 855
767 856
767 857
768 769
768 856
768 857
769 857
769 858
770 771
770 858
770 859
770 860
771 772
771 859
771 860
771 861
772 773
772 860
772 861
772 862
773 861
773 862
773 863
774 775
774 863
774 864
775 776
775 864
775 865
776 777
776 864
776 865
776 866
777 778
777 865
777 866
777 867
778 779
778 866
778 867
779 780
779 867
779 868
780 781
780 868
780 869
781 782
781 868
781 869
781 870
782 783
782 869
782 870
782 871
783 784
783 870
783 871
783 872
784 785
784 871
784 872
784 873
785 786
785 872
785 873
785 874
786 787
786 873
786 874
787 874
787 875
788 875
788 876
788 877
789 790
789 877
789 878
790 791
790 878
790 879
791 792
791 878
791 879
792 879
793 794
793 880
794 795
794 880
794 881
795 880
795 881
795 882
796 797
796 882
796 883
797 798
797 883
797 884
798 799
798 883
798 884
799 800
799 884
799 885
800 801
800 885
801 802
801 885
801 886
802 803
802 886
802 887
803 804
803 886
803 887
803 888
804 805
804 887
804 888
804 889
805 888
805 889
805 890
806 807
806 890
806 891
806 892
807 808
807 891
807 892
807 893
808 809
808 892
808 893
808 894
809 810
809 893
809 894
810 811
810 894
810 895
811 812
811 895
811 896
812 813
812 895
812 896
812 897
813 814
813 896
813 897
813 898
814 815
814 897
814 898
814 899
815 816
815 898
815 899
815 900
816 817
816 899
816 900
816 901
817 818
817 900
817 901
817 902
818 819
818 901
818 902
818 903
819 902
819 903
819 904
820 821
820 904
820 905
820 906
821 905
821 906
821 907
822 823
822 907
822 908
822 909
823 908
823 909
824 825
824 910
824 911
825 826
825 910
825 911
825 912
826 827
826 911
826 912
826 913
827 828
827 912
827 913
827 914
828 913
828 914
828 915
829 830
829 915
830 831
830 916
831 832
831 916
831 917
832 833
832 916
832 917
832 918
833 834
833 917
833 918
833 919
834 835
834 918
834 919
835 836
835 919
835 920
836 837
836 920
836 921
837 838
837 920
837 921
837 922
838 839
838 921
838 922
838 923
839 840
839 922
839 923
839 924
840 841
840 923
840 924
841 842
841 924
841 925
842 843
842 925
843 844
843 925
843 926
844 845
844 926
844 927
845 846
845 926
845 927
846 847
846 927
846 928
847 848
847 928
847 929
848 849
848 928
848 929
848 930
849 850
849 929
849 930
849 931
850 851
850 930
850 931
851 931
852 853
852 932
852 933
853 854
853 932
853 933
853 934
854 855
854 933
854 934
854 935
855 856
855 934
855 935
855 936
856 857
856 935
856 936
856 937
857 936
857 937
857 938
858 859
858 938
858 939
859 860
859 939
859 940
860 861
860 939
860 940
860 941
861 862
861 940
861 941
862 863
862 941
862 942
863 942
864 865
865 866
865 943
866 867
866 943
866 944
867 943
867 944
867 945
868 869
868 945
868 946
869 870
869 946
869 947
870 871
870 947
870 948
871 872
871 947
871 948
872 873
872 948
872 949
873 874
873 949
873 950
874 949
874 950
874 951
875 876
875 951
875 952
875 953
876 877
876 952
876 953
877 953
877 954
878 879
878 954
878 955
878 956
879 955
879 956
879 957
880 881
880 958
880 959
881 882
881 959
881 960
882 960
882 961
883 884
883 961
883 962
883 963
884 962
884 963
884 964
885 964
885 965
885 966
886 887
886 966
886 967
886 968
887 888
887 967
887 968
888 889
888 968
888 969
889 890
889 969
889 970
890 891
890 969
890 970
890 971
891 892
891 970
891 971
891 972
892 893
892 971
892 972
892 973
893 894
893 972
893 973
893 974
894 973
894 974
894 975
895 896
895 975
895 976
896 897
896 976
896 977
897 898
897 977
897 978
898 899
898 977
898 978
898 979
899 900
899 978
899 979
899 980
900 901
900 979
900 980
900 981
901 902
901 980
901 981
901 982
902 903
902 981
902 982
902 983
903 904
903 982
903 983
904 905
904 983
904 984
905 906
905 984
906 907
906 984
906 985
907 908
907 985
907 986
908 909
908 985
908 986
908 987
909 986
909 987
909 988
910 911
910 988
910 989
910 990
911 912
911 989
911 990
911 991
912 913
912 990
912 991
912 992
913 914
913 991
913 992
913 993
914 915
914 992
914 993
914 994
915 993
915 994
915 995
916 917
916 996
916 997
916 998
917 918
917 997
917 998
918 919
918 998
918 999
919 999
919 1000
920 921
920 1000
920 1001
920 1002
921 922
921 1001
921 1002
921 1003
922 923
922 1002
922 1003
922 1004
923 924
923 1003
923 1004
924 1004
924 1005
925 1005
925 1006
926 927
926 1007
927 1007
927 1008
928 929
928 1008
928 1009
928 1010
929 930
929 1009
929 1010
929 1011
930 931
930 1010
930 1011
930 1012
931 1011
931 1012
931 1013
932 933
932 1014
932 1015
932 1016
933 934
933 1015
933 1016
934 935
934 1016
934 1017
935 936
935 1017
935 1018
936 937
936 1017
936 1018
937 938
937 1018
937 1019
938 1019
938 1020
939 940
939 1020
939 1021
940 941
940 1021
941 1022
942 1022
942 1023
942 1024
943 944
943 1026
943 1027
944 945
944 1027
944 1028
945 946
945 1028
945 1029
946 1028
946 1029
946 1030
947 948
947 1030
947 1031
948 1031
948 1032
949 950
949 1032
949 1033
949 1034
950 951
950 1033
950 1034
950 1035
951 952
951 1034
951 1035
951 1036
952 953
952 1035
952 1036
952 1037
953 1036
953 1037
953 1038
954 955
954 1038
954 1039
954 1040
955 956
955 1039
955 1040
955 1041
956 957
956 1040
956 1041
956 1042
957 1041
957 1042
958 959
958 1043
958 1044
959 1043
959 1044
959 1045
960 961
960 1045
960 1046
961 962
961 1046
961 1047
962 963
962 1047
962 1048
963 964
963 1047
963 1048
963 1049
964 965
964 1048
964 1049
965 966
965 1049
965 1050
966 967
966 1050
966 1051
967 968
967 1050
967 1051
968 1051
969 970
969 1052
969 1053
970 971
970 1052
970 1053
970 1054
971 972
971 1053
971 1054
971 1055
972 973
972 1054
972 1055
972 1056
973 974
973 1055
973 1056
973 1057
974 975
974 1056
974 1057
974 1058
975 976
975 1057
975 1058
975 1059
976 1058
976 1059
976 1060
977 978
977 1060
977 1061
978 979
978 1061
978 1062
979 980
979 1062
979 1063
980 981
980 1062
980 1063
980 1064
981 982
981 1063
981 1064
981 1065
982 983
982 1064
982 1065
982 1066
983 1065
983 1066
983 1067
984 1067
984 1068
984 1069
985 986
985 1069
985 1070
985 1071
986 987
986 1070
986 1071
986 1072
987 988
987 1071
987 1072
987 1073
988 989
988 1072
988 1073
988 1074
989 990
989 1073
989 1074
989 1075
990 991
990 1074
990 1075
990 1076
991 992
991 1075
991 1076
991 1077
992 993
992 1076
992 1077
992 1078
993 994
993 1077
993 1078
993 1079
994 995
994 1078
994 1079
994 1080
995 996
995 1079
995 1080
995 1081
996 997
996 1080
996 1081
997 998
997 1081
998 1082
999 1000
999 1082
999 1083
999 1084
1000 1001
1000 1083
1000 1084
1001 1002
1001 1084
1001 1085
1002 1003
1002 1085
1002 1086
1003 1004
1003 1085
1003 1086
1003 1087
1004 1086
1004 1087
1004 1088
1005 1006
1005 1088
1005 1089
1006 1089
1006 1090
1007 1008
1007 1091
1007 1092
1007 1093
1008 1009
1008 1092
1008 1093
1008 1094
1009 1010
1009 1093
1009 1094
1009 1095
1010 1011
1010 1094
1010 1095
1010 1096
1011 1012
1011 1095
1011 1096
1011 1097
1012 1013
1012 1096
1012 1097
1012 1098
1013 1014
1013 1097
1013 1098
1014 1015
1014 1098
1014 1099
1015 1016
1015 1099
1015 1100
1016 1099
1016 1100
1017 1018
1017 1101
1018 1101
1018 1102
1019 1020
1019 1102
1019 1103
1020 1021
1020 1103
1020 1104
1021 1103
1021 1104
1021 1105
1022 1023
1022 1106
1022 1107
1023 1024
1023 1107
1023 1108
1024 1025
1024 1107
1024 1108
1024 1109
1025 1026
1025 1108
1025 1109
1025 1110
1026 1027
1026 1109
1026 1110
1027 1110
1027 1111
1028 1029
1028 1111
1028 1112
1028 1113
1029 1030
1029 1112
1029 1113
1030 1113
1030 1114
1031 1032
1031 1114
1031 1115
1032 1033
1032 1115
1032 1116
1033 1034
1033 1116
1033 1117
1034 1035
1034 1116
1034 1117
1034 1118
1035 1036
1035 1117
1035 1118
1035 1119
1036 1037
1036 1118
1036 1119
1036 1120
1037 1038
1037 1119
1037 1120
1037 1121
1038 1039
1038 1120
1038 1121
1038 1122
1039 1040
1039 1121
1039 1122
1039 1123
1040 1041
1040 1122
1040 1123
1040 1124
1041 1042
1041 1123
1041 1124
1041 1125
1042 1124
1042 1125
1043 1044
1043 1126
1044 1045
1044 1126
1044 1127
1045 1046
1045 1127
1045 1128
1046 1127
1046 1128
1046 1129
1047 1048
1047 1129
1047 1130
1048 1049
1048 1130
1048 1131
1049 1130
1049 1131
1050 1051
1050 1132
1050 1133
1051 1132
1051 1133
1051 1134
1052 1053
1052 1135
1052 1136
1053 1054
1053 1135
1053 1136
1053 1137
1054 1055
1054 1136
1054 1137
1054 1138
1055 1056
1055 1137
1055 1138
1055 1139
1056 1057
1056 1138
1056 1139
1057 1058
1057 1139
1057 1140
1058 1059
1058 1140
1059 1060
1059 1140
1059 1141
1060 1061
1060 1141
1060 1142
1061 1141
1061 1142
1061 1143
1062 1063
1062 1143
1062 1144
1062 1145
1063 1064
1063 1144
1063 1145
1063 1146
1064 1065
1064 1145
1064 1146
1064 1147
1065 1066
1065 1146
1065 1147
1065 1148
1066 1067
1066 1147
1066 1148
1066 1149
1067 1068
1067 1148
1067 1149
1067 1150
1068 1069
1068 1149
1068 1150
1068 1151
1069 1070
1069 1150
1069 1151
1069 1152
1070 1071
1070 1151
1070 1152
1070 1153
1071 1072
1071 1152
1071 1153
1071 1154
1072 1073
1072 1153
1072 1154
1072 1155
1073 1074
1073 1154
1073 1155
1073 1156
1074 1075
1074 1155
1074 1156
1074 1157
1075 1076
1075 1156
1075 1157
1075 1158
1076 1077
1076 1157
1076 1158
1077 1078
1077 1158
1077 1159
1078 1079
1078 1159
1078 1160
1079 1080
1079 1159
1079 1160
1079 1161
1080 1081
1080 1160
1080 1161
1080 1162
1081 1161
1081 1162
1081 1163
1082 1083
1082 1164
1082 1165
1082 1166
1083 1084
1083 1165
1083 1166
1084 1166
1084 1167
1085 1086
1085 1167
1085 1168
1085 1169
1086 1087
1086 1168
1086 1169
1086 1170
1087 1088
1087 1169
1087 1170
1087 1171
1088 1089
1088 1170
1088 1171
1089 1171
1089 1172
1090 1091
1090 1172
1090 1173
1090 1174
1091 1092
1091 1173
1091 1174
1091 1175
1092 1093
1092 1174
1092 1175
1093 1094
1093 1175
1093 1176
1094 1095
1094 1176
1094 1177
1095 1096
1095 1176
1095 1177
1096 1097
1096 1177
1096 1178
1097 1098
1097 1178
1098 1178
1098 1179
1099 1100
1099 1179
1099 1180
1100 1180
1100 1181
1101 1102
1101 1182
1101 1183
1102 1183
1102 1184
1103 1104
1103 1184
1103 1185
1103 1186
1104 1105
1104 1185
1104 1186
1104 1187
1105 1106
1105 1186
1105 1187
1105 1188
1106 1187
1106 1188
1107 1108
1107 1189
1108 1109
1108 1189
1108 1190
1109 1110
1109 1190
1109 1191
1110 1190
1110 1191
1110 1192
1111 1112
1111 1192
1111 1193
1111 1194
1112 1113
1112 1193
1112 1194
1112 1195
1113 1194
1113 1195
1114 1115
1114 1196
1114 1197
1115 1196
1115 1197
1115 1198
1116 1117
1116 1198
1116 1199
1116 1200
1117 1118
1117 1199
1117 1200
1117 1201
1118 1119
1118 1200
1118 1201
1119 1120
1119 1201
1119 1202
1120 1121
1120 1202
1121 1122
1121 1202
1122 1123
1122 1203
1123 1124
1123 1203
1123 1204
1124 1125
1124 1203
1124 1204
1124 1205
1125 1204
1125 1205
1126 1206
1127 1128
1127 1206
1127 1207
1127 1208
1128 1129
1128 1207
1128 1208
1128 1209
1129 1208
1129 1209
1130 1131
1131 1210
1132 1133
1132 1210
1132 1211
1132 1212
1133 1134
1133 1211
1133 1212
1133 1213
1134 1212
1134 1213
1134 1214
1135 1136
1135 1214
1135 1215
1135 1216
1136 1137
1136 1215
1136 1216
1136 1217
1137 1138
1137 1216
1137 1217
1137 1218
1138 1139
1138 1217
1138 1218
1139 1218
1139 1219
1140 1219
1140 1220
1140 1221
1141 1142
1141 1221
1141 1222
1141 1223
1142 1143
1142 1222
1142 1223
1142 1224
1143 1144
1143 1223
1143 1224
1143 1225
1144 1145
1144 1224
1144 1225
1144 1226
1145 1146
1145 1225
1145 1226
1146 1147
1146 1226
1147 1148
1147 1227
1148 1149
1148 1227
1148 1228
1149 1150
1149 1227
1149 1228
1149 1229
1150 1151
1150 1228
1150 1229
1150 1230
1151 1152
1151 1229
1151 1230
1152 1153
1152 1230
1153 1154
1153 1231
1154 1155
1154 1231
1155 1156
1155 1231
1156 1157
1156 1232
1157 1158
1157 1232
1157 1233
1158 1232
1158 1233
1159 1160
1159 1234
1159 1235
1160 1161
1160 1234
1160 1235
1160 1236
1161 1162
1161 1235
1161 1236
1162 1163
1162 1236
1162 1237
1163 1164
1163 1237
1163 1238
1164 1165
1164 1237
1164 1238
1164 1239
1165 1166
1165 1238
1165 1239
1165 1240
1166 1239
1166 1240
1166 1241
1167 1168
1167 1241
1167 1242
1167 1243
1168 1169
1168 1242
1168 1243
1168 1244
1169 1170
1169 1243
1169 1244
1169 1245
1170 1171
1170 1244
1170 1245
1171 1245
1171 1246
1172 1173
1172 1246
1172 1247
1172 1248
1173 1174
1173 1247
1173 1248
1174 1175
1174 1248
1175 1249
1176 1177
1176 1249
1176 1250
1176 1251
1177 1250
1177 1251
1177 1252
1178 1252
1178 1253
1178 1254
1179 1180
1179 1254
1179 1255
1180 1255
1180 1256
1181 1182
1181 1256
1181 1257
1182 1183
1182 1257
1182 1258
1183 1258
1183 1259
1184 1185
1184 1259
1184 1260
1184 1261
1185 1186
1185 1260
1185 1261
1185 1262
1186 1187
1186 1261
1186 1262
1187 1188
1187 1262
1187 1263
1188 1263
1188 1264
1189 1264
1189 1265
1189 1266
1190 1191
1190 1266
1190 1267
1191 1192
1191 1267
1191 1268
1192 1193
1192 1267
1192 1268
1192 1269
1193 1194
1193 1268
1193 1269
1193 1270
1194 1195
1194 1269
1194 1270
1194 1271
1195 1270
1195 1271
1195 1272
1196 1197
1196 1272
1196 1273
1197 1198
1197 1273
1197 1274
1198 1199
1198 1274
1198 1275
1199 1200
1199 1274
1199 1275
1199 1276
1200 1201
1200 1275
1200 1276
1200 1277
1201 1276
1201 1277
1201 1278
1202 1278
1202 1279
1202 1280
1203 1204
1203 1281
1203 1282
1203 1283
1204 1205
1204 1282
1204 1283
1204 1284
1205 1283
1205 1284
1206 1207
1206 1285
1206 1286
1206 1287
1207 1208
1207 1286
1207 1287
1207 1288
1208 1209
1208 1287
1208 1288
1208 1289
1209 1288
1209 1289
1209 1290
1210 1211
1210 1292
1210 1293
1210 1294
1211 1212
1211 1293
1211 1294
1211 1295
1212 1213
1212 1294
1212 1295
1212 1296
1213 1214
1213 1295
1213 1296
1213 1297
1214 1215
1214 1296
1214 1297
1214 1298
1215 1216
1215 1297
1215 1298
1215 1299
1216 1217
1216 1298
1216 1299
1216 1300
1217 1218
1217 1299
1217 1300
1217 1301
1218 1300
1218 1301
1218 1302
1219 1220
1219 1302
1219 1303
1220 1221
1220 1303
1220 1304
1221 1222
1221 1304
1221 1305
1222 1223
1222 1304
1222 1305
1222 1306
1223 1224
1223 1305
1223 1306
1223 1307
1224 1225
1224 1306
1224 1307
1224 1308
1225 1226
1225 1307
1225 1308
1226 1308
1226 1309
1227 1228
1227 1310
1228 1229
1228 1310
1228 1311
1229 1230
1229 1311
1230 1311
1231 1312
1231 1313
1232 1233
1232 1314
1232 1315
1232 1316
1233 1315
1233 1316
1233 1317
1234 1235
1234 1317
1234 1318
1234 1319
1235 1236
1235 1318
1235 1319
1235 1320
1236 1319
1236 1320
1236 1321
1237 1238
1237 1321
1237 1322
1237 1323
1238 1239
1238 1322
1238 1323
1238 1324
1239 1240
1239 1323
1239 1324
1239 1325
1240 1241
1240 1324
1240 1325
1240 1326
1241 1242
1241 1325
1241 1326
1241 1327
1242 1243
1242 1326
1242 1327
1242 1328
1243 1244
1243 1327
1243 1328
1243 1329
1244 1245
1244 1328
1244 1329
1244 1330
1245 1329
1245 1330
1245 1331
1246 1247
1246 1331
1246 1332
1246 1333
1247 1248
1247 1332
1247 1333
1247 1334
1248 1333
1248 1334
1248 1335
1249 1250
1249 1336
1249 1337
1249 1338
1250 1251
1250 1337
1250 1338
1250 1339
1251 1252
1251 1338
1251 1339
1251 1340
1252 1253
1252 1339
1252 1340
1252 1341
1253 1254
1253 1340
1253 1341
1253 1342
1254 1341
1254 1342
1254 1343
1255 1256
1255 1343
1255 1344
1255 1345
1256 1257
1256 1344
1256 1345
1257 1345
1257 1346
1258 1259
1258 1346
1258 1347
1258 1348
1259 1260
1259 1347
1259 1348
1259 1349
1260 1261
1260 1348
1260 1349
1260 1350
1261 1262
1261 1349
1261 1350
1261 1351
1262 1350
1262 1351
1262 1352
1263 1264
1263 1352
1263 1353
1263 1354
1264 1265
1264 1353
1264 1354
1264 1355
1265 1266
1265 1354
1265 1355
1265 1356
1266 1355
1266 1356
1266 1357
1267 1268
1267 1357
1267 1358
1268 1269
1268 1358
1269 1270
1269 1359
1270 1271
1270 1359
1270 1360
1271 1272
1271 1359
1271 1360
1272 1273
1272 1360
1272 1361
1273 1361
1273 1362
1274 1275
1274 1362
1274 1363
1275 1276
1275 1363
1275 1364
1276 1277
1276 1363
1276 1364
1276 1365
1277 1278
1277 1364
1277 1365
1277 1366
1278 1279
1278 1365
1278 1366
1279 1280
1279 1366
1279 1367
1280 1281
1280 1367
1280 1368
1281 1282
1281 1367
1281 1368
1281 1369
1282 1283
1282 1368
1282 1369
1282 1370
1283 1284
1283 1369
1283 1370
1283 1371
1284 1370
1284 1371
1285 1286
1285 1372
1285 1373
1286 1287
1286 1372
1286 1373
1286 1374
1287 1288
1287 1373
1287 1374
1287 1375
1288 1289
1288 1374
1288 1375
1288 1376
1289 1290
1289 1375
1289 1376
1290 1291
1290 1376
1290 1377
1291 1292
1291 1377
1291 1378
1292 1293
1292 1377
1292 1378
1292 1379
1293 1294
1293 1378
1293 1379
1293 1380
1294 1295
1294 1379
1294 1380
1295 1296
1295 1380
1295 1381
1296 1297
1296 1381
1296 1382
1297 1298
1297 1381
1297 1382
1298 1299
1298 1382
1298 1383
1299 1300
1299 1383
1299 1384
1300 1301
1300 1383
1300 1384
1301 1302
1301 1384
1301 1385
1302 1303
1302 1385
1303 1385
1303 1386
1304 1305
1304 1386
1304 1387
1304 1388
1305 1306
1305 1387
1305 1388
1305 1389
1306 1307
1306 1388
1306 1389
1307 1308
1307 1389
1307 1390
1308 1390
1308 1391
1309 1391
1309 1392
1310 1393
1310 1394
1311 1394
1311 1395
1311 1396
1312 1397
1312 1398
1313 1314
1313 1398
1313 1399
1313 1400
1314 1315
1314 1399
1314 1400
1314 1401
1315 1316
1315 1400
1315 1401
1315 1402
1316 1317
1316 1401
1316 1402
1316 1403
1317 1318
1317 1402
1317 1403
1317 1404
1318 1319
1318 1403
1318 1404
1318 1405
1319 1320
1319 1404
1319 1405
1319 1406
1320 1321
1320 1405
1320 1406
1320 1407
1321 1322
1321 1406
1321 1407
1322 1323
1322 1407
1322 1408
1323 1324
1323 1408
1323 1409
1324 1325
1324 1408
1324 1409
1325 1326
1325 1409
1325 1410
1326 1327
1326 1410
1326 1411
1327 1328
1327 1410
1327 1411
1327 1412
1328 1329
1328 1411
1328 1412
1328 1413
1329 1330
1329 1412
1329 1413
1330 1331
1330 1413
1331 1332
1331 1414
1332 1333
1332 1414
1332 1415
1333 1334
1333 1414
1333 1415
1333 1416
1334 1335
1334 1415
1334 1416
1334 1417
1335 1336
1335 1416
1335 1417
1335 1418
1336 1337
1336 1417
1336 1418
1336 1419
1337 1338
1337 1418
1337 1419
1337 1420
1338 1339
1338 1419
1338 1420
1339 1340
1339 1420
1340 1341
1340 1421
1341 1342
1341 1421
1341 1422
1342 1343
1342 1421
1342 1422
1342 1423
1343 1344
1343 1422
1343 1423
1343 1424
1344 1345
1344 1423
1344 1424
1344 1425
1345 1424
1345 1425
1345 1426
1346 1347
1346 1426
1346 1427
1346 1428
1347 1348
1347 1427
1347 1428
1347 1429
1348 1349
1348 1428
1348 1429
1348 1430
1349 1350
1349 1429
1349 1430
1350 1351
1350 1430
1350 1431
1351 1352
1351 1431
1351 1432
1352 1353
1352 1431
1352 1432
1352 1433
1353 1354
1353 1432
1353 1433
1353 1434
1354 1355
1354 1433
1354 1434
1354 1435
1355 1356
1355 1434
1355 1435
1355 1436
1356 1357
1356 1435
1356 1436
1356 1437
1357 1358
1357 1436
1357 1437
1357 1438
1358 1437
1358 1438
1358 1439
1359 1360
1359 1440
1359 1441
1359 1442
1360 1441
1360 1442
1360 1443
1361 1362
1361 1443
1361 1444
1362 1444
1362 1445
1363 1364
1363 1445
1363 1446
1363 1447
1364 1365
1364 1446
1364 1447
1364 1448
1365 1366
1365 1447
1365 1448
1365 1449
1366 1448
1366 1449
1366 1450
1367 1368
1367 1450
1367 1451
1367 1452
1368 1369
1368 1451
1368 1452
1368 1453
1369 1370
1369 1452
1369 1453
1370 1371
1370 1453
1370 1454
1371 1454
1372 1373
1372 1455
1372 1456
1373 1374
1373 1455
1373 1456
1373 1457
1374 1375
1374 1456
1374 1457
1374 1458
1375 1376
1375 1457
1375 1458
1375 1459
1376 1458
1376 1459
1376 1460
1377 1378
1377 1460
1377 1461
1378 1379
1378 1461
1378 1462
1379 1380
1379 1461
1379 1462
1380 1462
1381 1382
1381 1463
1382 1463
1382 1464
1383 1384
1383 1464
1383 1465
1383 1466
1384 1465
1384 1466
1384 1467
1385 1467
1385 1468
1386 1387
1387 1388
1387 1469
1388 1389
1388 1469
1388 1470
1389 1469
1389 1470
1389 1471
1390 1391
1390 1471
1390 1472
1390 1473
1391 1392
1391 1472
1391 1473
1391 1474
1392 1473
1392 1474
1392 1475
1393 1394
1393 1475
1393 1476
1393 1477
1394 1395
1394 1476
1394 1477
1394 1478
1395 1396
1395 1477
1395 1478
1396 1478
1396 1479
1397 1398
1397 1479
1397 1480
1398 1399
1398 1480
1398 1481
1399 1400
1399 1480
1399 1481
1399 1482
1400 1401
1400 1481
1400 1482
1400 1483
1401 1402
1401 1482
1401 1483
1401 1484
1402 1403
1402 1483
1402 1484
1402 1485
1403 1404
1403 1484
1403 1485
1403 1486
1404 1405
1404 1485
1404 1486
1404 1487
1405 1406
1405 1486
1405 1487
1405 1488
1406 1407
1406 1487
1406 1488
1406 1489
1407 1488
1407 1489
1407 1490
1408 1409
1408 1490
1408 1491
1409 1491
1409 1492
1410 1411
1410 1492
1410 1493
1411 1412
1411 1493
1412 1413
1414 1415
1414 1494
1414 1495
1414 1496
1415 1416
1415 1495
1415 1496
1415 1497
1416 1417
1416 1496
1416 1497
1416 1498
1417 1418
1417 1497
1417 1498
1417 1499
1418 1419
1418 1498
1418 1499
1418 1500
1419 1420
1419 1499
1419 1500
1419 1501
1420 1500
1420 1501
1420 1502
1421 1422
1421 1503
1421 1504
1422 1423
1422 1504
1422 1505
1423 1424
1423 1505
1423 1506
1424 1425
1424 1505
1424 1506
1424 1507
1425 1426
1425 1506
1425 1507
1425 1508
1426 1427
1426 1507
1426 1508
1426 1509
1427 1428
1427 1508
1427 1509
1427 1510
1428 1429
1428 1509
1428 1510
1428 1511
1429 1430
1429 1510
1429 1511
1429 1512
1430 1511
1430 1512
1430 1513
1431 1432
1431 1513
1431 1514
1432 1433
1432 1514
1432 1515
1433 1434
1433 1515
1434 1435
1434 1515
1434 1516
1435 1436
1435 1516
1436 1437
1436 1516
1436 1517
1437 1438
1437 1517
1437 1518
1438 1439
1438 1517
1438 1518
1438 1519
1439 1440
1439 1518
1439 1519
1440 1441
1440 1519
1440 1520
1441 1442
1441 1520
1441 1521
1442 1443
1442 1520
1442 1521
1442 1522
1443 1521
1443 1522
1444 1445
1444 1523
1445 1446
1445 1523
1445 1524
1446 1447
1446 1523
1446 1524
1446 1525
1447 1448
1447 1524
1447 1525
1447 1526
1448 1449
1448 1525
1448 1526
1448 1527
1449 1450
1449 1526
1449 1527
1449 1528
1450 1451
1450 1527
1450 1528
1450 1529
1451 1452
1451 1528
1451 1529
1451 1530
1452 1453
1452 1529
1452 1530
1452 1531
1453 1530
1453 1531
1453 1532
1454 1532
1454 1533
1455 1456
1455 1534
1456 1457
1456 1534
1456 1535
1457 1458
1457 1534
1457 1535
1457 1536
1458 1459
1458 1535
1458 1536
1458 1537
1459 1460
1459 1536
1459 1537
1460 1537
1461 1462
1461 1538
1461 1539
1462 1538
1462 1539
1462 1540
1463 1464
1463 1542
1463 1543
1463 1544
1464 1465
1464 1543
1464 1544
1464 1545
1465 1466
1465 1544
1465 1545
1466 1467
1466 1545
1467 1468
1468 1546
1469 1470
1469 1548
1469 1549
1470 1471
1470 1549
1470 1550
1471 1472
1471 1549
1471 1550
1471 1551
1472 1473
1472 1550
1472 1551
1472 1552
1473 1474
1473 1551
1473 1552
1473 1553
1474 1475
1474 1552
1474 1553
1474 1554
1475 1476
1475 1553
1475 1554
1475 1555
1476 1477
1476 1554
1476 1555
1476 1556
1477 1478
1477 1555
1477 1556
1477 1557
1478 1556
1478 1557
1479 1558
1479 1559
1480 1481
1480 1559
1480 1560
1481 1482
1481 1560
1482 1483
1482 1561
1483 1484
1483 1561
1483 1562
1484 1485
1484 1561
1484 1562
1484 1563
1485 1486
1485 1562
1485 1563
1485 1564
1486 1487
1486 1563
1486 1564
1486 1565
1487 1488
1487 1564
1487 1565
1487 1566
1488 1489
1488 1565
1488 1566
1488 1567
1489 1490
1489 1566
1489 1567
1489 1568
1490 1567
1490 1568
1490 1569
1491 1492
1491 1569
1491 1570
1491 1571
1492 1493
1492 1570
1492 1571
1492 1572
1493 1571
1493 1572
1494 1495
1494 1575
1494 1576
1495 1496
1495 1575
1495 1576
1495 1577
1496 1497
1496 1576
1496 1577
1496 1578
1497 1498
1497 1577
1497 1578
1498 1499
1498 1578
1498 1579
1499 1500
1499 1579
1499 1580
1500 1501
1500 1579
1500 1580
1500 1581
1501 1502
1501 1580
1501 1581
1501 1582
1502 1503
1502 1581
1502 1582
1502 1583
1503 1504
1503 1582
1503 1583
1503 1584
1504 1583
1504 1584
1504 1585
1505 1506
1505 1585
1505 1586
1506 1507
1506 1586
1507 1508
1508 1509
1508 1587
1509 1510
1509 1587
1509 1588
1510 1511
1510 1587
1510 1588
1510 1589
1511 1512
1511 1588
1511 1589
1511 1590
1512 1513
1512 1589
1512 1590
1512 1591
1513 1514
1513 1590
1513 1591
1513 1592
1514 1591
1514 1592
1514 1593
1515 1593
1515 1594
1515 1595
1516 1595
1516 1596
1516 1597
1517 1518
1517 1597
1517 1598
1518 1519
1518 1598
1518 1599
1519 1598
1519 1599
1519 1600
1520 1521
1520 1600
1520 1601
1520 1602
1521 1522
1521 1601
1521 1602
1521 1603
1522 1602
1522 1603
1522 1604
1523 1524
1523 1605
1523 1606
1524 1525
1524 1606
1524 1607
1525 1526
1525 1606
1525 1607
1525 1608
1526 1527
1526 1607
1526 1608
1526 1609
1527 1528
1527 1608
1527 1609
1527 1610
1528 1529
1528 1609
1528 1610
1528 1611
1529 1530
1529 1610
1529 1611
1529 1612
1530 1531
1530 1611
1530 1612
1530 1613
1531 1532
1531 1612
1531 1613
1531 1614
1532 1533
1532 1613
1532 1614
1532 1615
1533 1614
1533 1615
1534 1535
1534 1616
1534 1617
1534 1618
1535 1536
1535 1617
1535 1618
1535 1619
1536 1537
1536 1618
1536 1619
1536 1620
1537 1619
1537 1620
1537 1621
1538 1539
1538 1622
1538 1623
1538 1624
1539 1540
1539 1623
1539 1624
1539 1625
1540 1541
1540 1624
1540 1625
1540 1626
1541 1542
1541 1625
1541 1626
1541 1627
1542 1543
1542 1626
1542 1627
1542 1628
1543 1544
1543 1627
1543 1628
1543 1629
1544 1545
1544 1628
1544 1629
1544 1630
1545 1629
1545 1630
1545 1631
1546 1547
1546 1633
1547 1548
1547 1634
1548 1634
1548 1635
1549 1550
1549 1635
1549 1636
1549 1637
1550 1551
1550 1636
1550 1637
1550 1638
1551 1552
1551 1637
1551 1638
1551 1639
1552 1553
1552 1638
1552 1639
1552 1640
1553 1554
1553 1639
1553 1640
1553 1641
1554 1555
1554 1640
1554 1641
1555 1556
1555 1641
1555 1642
1556 1557
1556 1642
1556 1643
1557 1642
1557 1643
1557 1644
1558 1559
1558 1644
1558 1645
1558 1646
1559 1560
1559 1645
1559 1646
1559 1647
1560 1646
1560 1647
1560 1648
1561 1562
1561 1649
1561 1650
1561 1651
1562 1563
1562 1650
1562 1651
1562 1652
1563 1564
1563 1651
1563 1652
1563 1653
1564 1565
1564 1652
1564 1653
1565 1566
1565 1653
1565 1654
1566 1567
1566 1654
1567 1568
1567 1654
1567 1655
1568 1569
1568 1655
1568 1656
1569 1570
1569 1655
1569 1656
1570 1571
1570 1656
1570 1657
1571 1572
1571 1657
1572 1657
1572 1658
1573 1574
1573 1658
1573 1659
1574 1659
1574 1660
1575 1576
1575 1660
1575 1661
1575 1662
1576 1577
1576 1661
1576 1662
1576 1663
1577 1578
1577 1662
1577 1663
1577 1664
1578 1663
1578 1664
1578 1665
1579 1580
1579 1665
1579 1666
1579 1667
1580 1581
1580 1666
1580 1667
1580 1668
1581 1582
1581 1667
1581 1668
1581 1669
1582 1583
1582 1668
1582 1669
1582 1670
1583 1584
1583 1669
1583 1670
1583 1671
1584 1585
1584 1670
1584 1671
1585 1586
1585 1671
1585 1672
1586 1672
1586 1673
1587 1588
1587 1675
1587 1676
1588 1589
1588 1675
1588 1676
1588 1677
1589 1590
1589 1676
1589 1677
1589 1678
1590 1591
1590 1677
1590 1678
1590 1679
1591 1592
1591 1678
1591 1679
1591 1680
1592 1593
1592 1679
1592 1680
1593 1594
1593 1680
1593 1681
1594 1595
1594 1681
1594 1682
1595 1596
1595 1681
1595 1682
1595 1683
1596 1597
1596 1682
1596 1683
1596 1684
1597 1683
1597 1684
1597 1685
1598 1599
1598 1685
1599 1600
1599 1686
1600 1601
1600 1686
1600 1687
1601 1602
1601 1686
1601 1687
1601 1688
1602 1603
1602 1687
1602 1688
1602 1689
1603 1604
1603 1688
1603 1689
1603 1690
1604 1605
1604 1689
1604 1690
1604 1691
1605 1690
1605 1691
1605 1692
1606 1607
1606 1692
1606 1693
1607 1608
1607 1693
1607 1694
1608 1609
1608 1693
1608 1694
1608 1695
1609 1610
1609 1694
1609 1695
1610 1611
1610 1695
1610 1696
1611 1612
1611 1696
1611 1697
1612 1613
1612 1696
1612 1697
1612 1698
1613 1614
1613 1697
1613 1698
1613 1699
1614 1615
1614 1698
1614 1699
1614 1700
1615 1699
1615 1700
1616 1617
1616 1701
1616 1702
1617 1618
1617 1701
1617 1702
1617 1703
1618 1619
1618 1702
1618 1703
1618 1704
1619 1620
1619 1703
1619 1704
1619 1705
1620 1621
1620 1704
1620 1705
1620 1706
1621 1622
1621 1705
1621 1706
1621 1707
1622 1623
1622 1706
1622 1707
1623 1624
1623 1707
1623 1708
1624 1625
1624 1708
1624 1709
1625 1626
1625 1708
1625 1709
1625 1710
1626 1627
1626 1709
1626 1710
1626 1711
1627 1628
1627 1710
1627 1711
1627 1712
1628 1629
1628 1711
1628 1712
1628 1713
1629 1630
1629 1712
1629 1713
1629 1714
1630 1631
1630 1713
1630 1714
1630 1715
1631 1632
1631 1714
1631 1715
1631 1716
1632 1633
1632 1715
1632 1716
1633 1716
1633 1717
1634 1635
1634 1718
1634 1719
1635 1636
1635 1719
1635 1720
1636 1637
1636 1720
1636 1721
1637 1638
1637 1720
1637 1721
1637 1722
1638 1639
1638 1721
1638 1722
1638 1723
1639 1640
1639 1722
1639 1723
1640 1641
1640 1723
1641 1724
1642 1643
1642 1724
1642 1725
1642 1726
1643 1644
1643 1725
1643 1726
1644 1645
1644 1726
1645 1646
1645 1727
1646 1647
1646 1727
1646 1728
1647 1648
1647 1727
1647 1728
1647 1729
1648 1649
1648 1728
1648 1729
1648 1730
1649 1650
1649 1729
1649 1730
1649 1731
1650 1651
1650 1730
1650 1731
1650 1732
1651 1652
1651 1731
1651 1732
1651 1733
1652 1653
1652 1732
1652 1733
1652 1734
1653 1733
1653 1734
1654 1735
1654 1736
1655 1656
1655 1736
1655 1737
1655 1738
1656 1737
1656 1738
1656 1739
1657 1739
1658 1740
1658 1741
1659 1660
1659 1741
1659 1742
1659 1743
1660 1661
1660 1742
1660 1743
1660 1744
1661 1662
1661 1743
1661 1744
1661 1745
1662 1663
1662 1744
1662 1745
1662 1746
1663 1664
1663 1745
1663 1746
1663 1747
1664 1665
1664 1746
1664 1747
1664 1748
1665 1666
1665 1747
1665 1748
1665 1749
1666 1667
1666 1748
1666 1749
1667 1668
1667 1749
1667 1750
1668 1669
1668 1750
1668 1751
1669 1670
1669 1750
1669 1751
1669 1752
1670 1671
1670 1751
1670 1752
1670 1753
1671 1752
1671 1753
1671 1754
1672 1673
1672 1754
1672 1755
1672 1756
1673 1674
1673 1755
1673 1756
1673 1757
1674 1756
1674 1757
1675 1676
1675 1758
1675 1759
1676 1677
1676 1758
1676 1759
1676 1760
1677 1678
1677 1759
1677 1760
1677 1761
1678 1679
1678 1760
1678 1761
1678 1762
1679 1680
1679 1761
1679 1762
1679 1763
1680 1762
1680 1763
1680 1764
1681 1682
1681 1764
1681 1765
1681 1766
1682 1683
1682 1765
1682 1766
1682 1767
1683 1684
1683 1766
1683 1767
1683 1768
1684 1685
1684 1767
1684 1768
1684 1769
1685 1768
1685 1769
1685 1770
1686 1687
1686 1771
1686 1772
1687 1688
1687 1771
1687 1772
1687 1773
1688 1689
1688 1772
1688 1773
1688 1774
1689 1690
1689 1773
1689 1774
1689 1775
1690 1691
1690 1774
1690 1775
1691 1692
1691 1775
1691 1776
1692 1776
1692 1777
1693 1694
1693 1777
1693 1778
1694 1695
1694 1778
1694 1779
1695 1779
1695 1780
1696 1697
1696 1780
1696 1781
1697 1698
1697 1781
1697 1782
1698 1699
1698 1782
1698 1783
1699 1700
1699 1782
1699 1783
1699 1784
1700 1783
1700 1784
1701 1702
1701 1785
1701 1786
1702 1703
1702 1785
1702 1786
1702 1787
1703 1704
1703 1786
1703 1787
1703 1788
1704 1705
1704 1787
1704 1788
1704 1789
1705 1706
1705 1788
1705 1789
1705 1790
1706 1707
1706 1789
1706 1790
1706 1791
1707 1790
1707 1791
1707 1792
1708 1709
1708 1792
1708 1793
1708 1794
1709 1710
1709 1793
1709 1794
1709 1795
1710 1711
1710 1794
1710 1795
1710 1796
1711 1712
1711 1795
1711 1796
1711 1797
1712 1713
1712 1796
1712 1797
1712 1798
1713 1714
1713 1797
1713 1798
1713 1799
1714 1715
1714 1798
1714 1799
1715 1716
1715 1799
1715 1800
1716 1800
1716 1801
1717 1718
1717 1801
1717 1802
1717 1803
1718 1719
1718 1802
1718 1803
1718 1804
1719 1803
1719 1804
1719 1805
1720 1721
1720 1805
1720 1806
1720 1807
1721 1722
1721 1806
1721 1807
1722 1723
1722 1807
1722 1808
1723 1808
1723 1809
1724 1725
1724 1810
1724 1811
1724 1812
1725 1726
1725 1811
1725 1812
1725 1813
1726 1812
1726 1813
1726 1814
1727 1728
1727 1815
1727 1816
1727 1817
1728 1729
1728 1816
1728 1817
1728 1818
1729 1730
1729 1817
1729 1818
1729 1819
1730 1731
1730 1818
1730 1819
1730 1820
1731 1732
1731 1819
1731 1820
1732 1733
1732 1820
1732 1821
1733 1734
1733 1821
1733 1822
1734 1821
1734 1822
1734 1823
1735 1736
1735 1823
1735 1824
1736 1737
1736 1824
1736 1825
1737 1738
1737 1825
1737 1826
1738 1739
1738 1825
1738 1826
1738 1827
1739 1826
1739 1827
1739 1828
1740 1741
1740 1829
1740 1830
1741 1742
1741 1829
1741 1830
1741 1831
1742 1743
1742 1830
1742 1831
1742 1832
1743 1744
1743 1831
1743 1832
1744 1745
1744 1832
1744 1833
1745 1746
1745 1833
1745 1834
1746 1747
1746 1833
1746 1834
1746 1835
1747 1748
1747 1834
1747 1835
1747 1836
1748 1749
1748 1835
1748 1836
1749 1836
1749 1837
1750 1751
1750 1837
1750 1838
1751 1752
1751 1838
1752 1753
1752 1838
1752 1839
1753 1754
1753 1839
1753 1840
1754 1755
1754 1839
1754 1840
1755 1756
1755 1840
1755 1841
1756 1757
1756 1841
1757 1841
1757 1842
1758 1759
1758 1842
1758 1843
1758 1844
1759 1760
1759 1843
1759 1844
1759 1845
1760 1761
1760 1844
1760 1845
1760 1846
1761 1762
1761 1845
1761 1846
1761 1847
1762 1763
1762 1846
1762 1847
1762 1848
1763 1764
1763 1847
1763 1848
1763 1849
1764 1765
1764 1848
1764 1849
1764 1850
1765 1766
1765 1849
1765 1850
1765 1851
1766 1767
1766 1850
1766 1851
1766 1852
1767 1768
1767 1851
1767 1852
1768 1769
1768 1852
1768 1853
1769 1770
1769 1853
1770 1853
1770 1854
1771 1772
1771 1854
1771 1855
1771 1856
1772 1773
1772 1855
1772 1856
1773 1774
1773 1856
1773 1857
1774 1775
1774 1857
1774 1858
1775 1857
1775 1858
1775 1859
1776 1777
1776 1859
1776 1860
1777 1778
1777 1860
1777 1861
1778 1860
1778 1861
1778 1862
1779 1780
1779 1862
1779 1863
1779 1864
1780 1781
1780 1863
1780 1864
1780 1865
1781 1864
1781 1865
1782 1783
1782 1866
1782 1867
1783 1784
1783 1866
1783 1867
1783 1868
1784 1867
1784 1868
1785 1786
1785 1869
1785 1870
1786 1787
1786 1869
1786 1870
1787 1788
1787 1870
1787 1871
1788 1789
1788 1871
1789 1790
1789 1871
1789 1872
1790 1791
1790 1872
1790 1873
1791 1792
1791 1872
1791 1873
1791 1874
1792 1793
1792 1873
1792 1874
1792 1875
1793 1794
1793 1874
1793 1875
1794 1795
1794 1875
1795 1796
1796 1797
1796 1876
1797 1798
1797 1876
1797 1877
1798 1799
1798 1876
1798 1877
1798 1878
1799 1877
1799 1878
1799 1879
1800 1801
1800 1879
1801 1802
1801 1880
1802 1803
1802 1880
1802 1881
1803 1804
1803 1880
1803 1881
1803 1882
1804 1805
1804 1881
1804 1882
1804 1883
1805 1806
1805 1882
1805 1883
1806 1807
1806 1883
1806 1884
1807 1884
1807 1885
1808 1809
1808 1885
1808 1886
1809 1810
1809 1886
1809 1887
1810 1811
1810 1887
1811 1812
1811 1887
1812 1813
1812 1888
1813 1814
1813 1888
1813 1889
1814 1815
1814 1888
1814 1889
1815 1816
1815 1889
1815 1890
1816 1817
1816 1890
1817 1818
1817 1890
1817 1891
1818 1819
1818 1891
1818 1892
1819 1820
1819 1891
1819 1892
1819 1893
1820 1892
1820 1893
1821 1822
1821 1894
1822 1823
1822 1894
1822 1895
1823 1824
1823 1895
1823 1896
1824 1895
1824 1896
1824 1897
1825 1826
1825 1897
1825 1898
1826 1827
1826 1898
1827 1828
1827 1899
1828 1899
1828 1900
1829 1830
1829 1900
1830 1831
1831 1832
1831 1901
1832 1901
1832 1902
1833 1834
1833 1902
1833 1903
1833 1904
1834 1835
1834 1903
1834 1904
1834 1905
1835 1836
1835 1904
1835 1905
1835 1906
1836 1905
1836 1906
1836 1907
1837 1907
1837 1908
1837 1909
1838 1909
1838 1910
1838 1911
1839 1840
1839 1911
1839 1912
1839 1913
1840 1912
1840 1913
1840 1914
1841 1914
1841 1915
1842 1843
1842 1916
1842 1917
1843 1844
1843 1916
1843 1917
1843 1918
1844 1845
1844 1917
1844 1918
1844 1919
1845 1846
1845 1918
1845 1919
1845 1920
1846 1847
1846 1919
1846 1920
1847 1848
1847 1920
1847 1921
1848 1849
1848 1921
1849 1850
1849 1921
1850 1851
1851 1852
1851 1922
1852 1922
1852 1923
1853 1923
1853 1924
1853 1925
1854 1855
1854 1925
1854 1926
1855 1856
1855 1926
1855 1927
1856 1927
1856 1928
1857 1858
1857 1928
1857 1929
1857 1930
1858 1859
1858 1929
1858 1930
1858 1931
1859 1930
1859 1931
1860 1861
1860 1932
1860 1933
1861 1862
1861 1932
1861 1933
1862 1863
1862 1933
1862 1934
1863 1864
1863 1934
1863 1935
1864 1865
1864 1934
1864 1935
1864 1936
1865 1935
1865 1936
1866 1867
1866 1937
1867 1868
1867 1937
1867 1938
1868 1937
1868 1938
1869 1870
1869 1939
1869 1940
1870 1939
1870 1940
1870 1941
1871 1941
1871 1942
1871 1943
1872 1873
1872 1943
1872 1944
1873 1874
1873 1944
1873 1945
1874 1875
1874 1945
1875 1945
1875 1946
1876 1877
1876 1948
1876 1949
1876 1950
1877 1878
1877 1949
1877 1950
1878 1879
1878 1950
1878 1951
1879 1951
1879 1952
1880 1881
1880 1953
1880 1954
1881 1882
1881 1953
1881 1954
1881 1955
1882 1883
1882 1954
1882 1955
1882 1956
1883 1955
1883 1956
1883 1957
1884 1885
1884 1957
1884 1958
1885 1886
1885 1958
1885 1959
1886 1958
1886 1959
1886 1960
1887 1960
1887 1961
1887 1962
1888 1889
1888 1963
1888 1964
1888 1965
1889 1964
1889 1965
1889 1966
1890 1966
1890 1967
1890 1968
1891 1892
1891 1968
1891 1969
1892 1893
1892 1969
1892 1970
1893 1969
1893 1970
1893 1971
1894 1971
1894 1972
1894 1973
1895 1896
1895 1973
1895 1974
1895 1975
1896 1897
1896 1974
1896 1975
1896 1976
1897 1898
1897 1975
1897 1976
1898 1976
1898 1977
1899 1900
1899 1978
1899 1979
1899 1980
1900 1979
1900 1980
1900 1981
1901 1902
1901 1983
1902 1903
1902 1983
1902 1984
1903 1904
1903 1984
1903 1985
1904 1905
1904 1984
1904 1985
1904 1986
1905 1906
1905 1985
1905 1986
1905 1987
1906 1907
1906 1986
1906 1987
1906 1988
1907 1908
1907 1987
1907 1988
1907 1989
1908 1909
1908 1988
1908 1989
1908 1990
1909 1910
1909 1989
1909 1990
1909 1991
1910 1911
1910 1990
1910 1991
1911 1912
1911 1991
1911 1992
1912 1913
1912 1992
1912 1993
1913 1914
1913 1992
1913 1993
1914 1915
1914 1993
1914 1994
1915 1994
1915 1995
1916 1917
1916 1995
1916 1996
1917 1918
1917 1996
1918 1919
1918 1997
1919 1920
1919 1997
1919 1998
1920 1997
1920 1998
1920 1999
1921 1999
1921 2000
1921 2001
1922 1923
1922 2003
1922 2004
1923 1924
1923 2004
1923 2005
1924 1925
1924 2005
1924 2006
1925 1926
1925 2005
1925 2006
1925 2007
1926 2006
1926 2007
1926 2008
1927 1928
1927 2008
1927 2009
1927 2010
1928 1929
1928 2009
1928 2010
1928 2011
1929 1930
1929 2010
1929 2011
1929 2012
1930 1931
1930 2011
1930 2012
1930 2013
1931 2012
1931 2013
1931 2014
1932 1933
1932 2014
1932 2015
1932 2016
1933 2015
1933 2016
1933 2017
1934 1935
1934 2017
1934 2018
1934 2019
1935 1936
1935 2018
1935 2019
1935 2020
1936 2019
1936 2020
1936 2021
1937 1938
1937 2022
1937 2023
1938 2022
1938 2023
1939 1940
1939 2024
1940 1941
1940 2024
1940 2025
1941 1942
1941 2024
1941 2025
1941 2026
1942 1943
1942 2025
1942 2026
1943 1944
1943 2026
1943 2027
1944 2027
1944 2028
1945 2028
1945 2029
1945 2030
1946 1947
1946 2030
1946 2031
1946 2032
1947 1948
1947 2031
1947 2032
1947 2033
1948 1949
1948 2032
1948 2033
1948 2034
1949 1950
1949 2033
1949 2034
1949 2035
1950 2034
1950 2035
1950 2036
1951 1952
1951 2036
1951 2037
1951 2038
1952 2037
1952 2038
1952 2039
1953 1954
1953 2039
1954 1955
1954 2040
1955 1956
1955 2040
1955 2041
1956 1957
1956 2040
1956 2041
1956 2042
1957 2041
1957 2042
1957 2043
1958 1959
1958 2043
1958 2044
1958 2045
1959 1960
1959 2044
1959 2045
1960 1961
1960 2045
1960 2046
1961 1962
1961 2046
1961 2047
1962 1963
1962 2046
1962 2047
1962 2048
1963 1964
1963 2047
1963 2048
1963 2049
1964 1965
1964 2048
1964 2049
1964 2050
1965 1966
1965 2049
1965 2050
1965 2051
1966 1967
1966 2050
1966 2051
1966 2052
1967 1968
1967 2051
1967 2052
1967 2053
1968 2052
1968 2053
1968 2054
1969 1970
1969 2054
1969 2055
1970 1971
1970 2055
1970 2056
1971 1972
1971 2056
1971 2057
1972 1973
1972 2056
1972 2057
1973 1974
1973 2057
1974 1975
1974 2058
1975 1976
1975 2058
1975 2059
1976 2058
1976 2059
1976 2060
1977 1978
1977 2060
1977 2061
1978 1979
1978 2061
1978 2062
1979 1980
1979 2061
1979 2062
1979 2063
1980 1981
1980 2062
1980 2063
1980 2064
1981 1982
1981 2063
1981 2064
1981 2065
1982 2064
1982 2065
1983 2066
1983 2067
1984 1985
1984 2067
1984 2068
1984 2069
1985 1986
1985 2068
1985 2069
1985 2070
1986 1987
1986 2069
1986 2070
1986 2071
1987 1988
1987 2070
1987 2071
1987 2072
1988 1989
1988 2071
1988 2072
1988 2073
1989 1990
1989 2072
1989 2073
1990 1991
1990 2073
1990 2074
1991 2074
1991 2075
1992 1993
1992 2075
1992 2076
1993 2076
1993 2077
1994 1995
1994 2077
1994 2078
1994 2079
1995 1996
1995 2078
1995 2079
1995 2080
1996 2079
1996 2080
1996 2081
1997 1998
1997 2082
1997 2083
1997 2084
1998 1999
1998 2083
1998 2084
1999 2000
1999 2084
1999 2085
2000 2001
2000 2085
2001 2002
2001 2085
2001 2086
2002 2003
2002 2086
2002 2087
2003 2004
2003 2086
2003 2087
2003 2088
2004 2087
2004 2088
2004 2089
2005 2006
2005 2089
2005 2090
2006 2007
2006 2090
2006 2091
2007 2008
2007 2091
2007 2092
2008 2009
2008 2091
2008 2092
2008 2093
2009 2010
2009 2092
2009 2093
2009 2094
2010 2011
2010 2093
2010 2094
2011 2012
2011 2094
2012 2013
2012 2095
2013 2014
2013 2095
2013 2096
2014 2015
2014 2095
2014 2096
2014 2097
2015 2016
2015 2096
2015 2097
2015 2098
2016 2017
2016 2097
2016 2098
2016 2099
2017 2018
2017 2098
2017 2099
2018 2019
2018 2099
2018 2100
2019 2020
2019 2100
2019 2101
2020 2021
2020 2100
2020 2101
2021 2101
2022 2023
2022 2102
2022 2103
2023 2102
2023 2103
2024 2025
2024 2104
2024 2105
2024 2106
2025 2026
2025 2105
2025 2106
2026 2106
2026 2107
2027 2028
2027 2107
2027 2108
2027 2109
2028 2029
2028 2108
2028 2109
2028 2110
2029 2030
2029 2109
2029 2110
2030 2031
2030 2110
2030 2111
2031 2032
2031 2111
2031 2112
2032 2033
2032 2111
2032 2112
2032 2113
2033 2034
2033 2112
2033 2113
2033 2114
2034 2035
2034 2113
2034 2114
2034 2115
2035 2036
2035 2114
2035 2115
2035 2116
2036 2037
2036 2115
2036 2116
2036 2117
2037 2038
2037 2116
2037 2117
2037 2118
2038 2039
2038 2117
2038 2118
2038 2119
2039 2118
2039 2119
2039 2120
2040 2041
2040 2121
2040 2122
2041 2042
2041 2122
2041 2123
2042 2043
2042 2123
2043 2044
2043 2123
2043 2124
2044 2045
2044 2124
2045 2124
2046 2047
2046 2125
2047 2048
2047 2125
2047 2126
2048 2049
2048 2126
2049 2050
2049 2126
2049 2127
2050 2051
2050 2127
2050 2128
2051 2052
2051 2127
2051 2128
2051 2129
2052 2053
2052 2128
2052 2129
2052 2130
2053 2054
2053 2129
2053 2130
2053 2131
2054 2055
2054 2130
2054 2131
2054 2132
2055 2131
2055 2132
2055 2133
2056 2057
2056 2133
2056 2134
2056 2135
2057 2134
2057 2135
2058 2059
2058 2136
2059 2060
2059 2136
2059 2137
2060 2137
2061 2062
2061 2138
2061 2139
2062 2063
2062 2138
2062 2139
2062 2140
2063 2064
2063 2139
2063 2140
2064 2065
2064 2140
2064 2141
2065 2141
2065 2142
2066 2067
2066 2142
2067 2068
2067 2143
2068 2069
2068 2143
2068 2144
2069 2070
2069 2143
2069 2144
2069 2145
2070 2071
2070 2144
2070 2145
2070 2146
2071 2072
2071 2145
2071 2146
2071 2147
2072 2073
2072 2146
2072 2147
2072 2148
2073 2147
2073 2148
2073 2149
2074 2075
2074 2149
2074 2150
2074 2151
2075 2076
2075 2150
2075 2151
2076 2151
2076 2152
2077 2078
2077 2152
2077 2153
2078 2079
2078 2153
2078 2154
2079 2080
2079 2154
2079 2155
2080 2081
2080 2154
2080 2155
2080 2156
2081 2082
2081 2155
2081 2156
2081 2157
2082 2083
2082 2156
2082 2157
2083 2084
2083 2157
2083 2158
2084 2158
2085 2159
2085 2160
2086 2087
2086 2160
2086 2161
2086 2162
2087 2088
2087 2161
2087 2162
2087 2163
2088 2089
2088 2162
2088 2163
2089 2090
2089 2163
2089 2164
2090 2164
2091 2092
2091 2165
2092 2093
2092 2165
2093 2094
2093 2166
2094 2166
2094 2167
2095 2096
2095 2168
2095 2169
2096 2097
2096 2168
2096 2169
2097 2098
2097 2169
2098 2099
2098 2170
2099 2170
2099 2171
2100 2101
2100 2171
2100 2172
2101 2172
2101 2173
2102 2103
2102 2174
2102 2175
2102 2176
2103 2175
2103 2176
2104 2105
2104 2177
2105 2106
2105 2177
2105 2178
2106 2177
2106 2178
2106 2179
2107 2108
2107 2179
2107 2180
2108 2109
2108 2180
2108 2181
2109 2110
2109 2180
2109 2181
2109 2182
2110 2181
2110 2182
2110 2183
2111 2112
2111 2183
2111 2184
2111 2185
2112 2113
2112 2184
2112 2185
2112 2186
2113 2114
2113 2185
2113 2186
2113 2187
2114 2115
2114 2186
2114 2187
2115 2116
2115 2187
2115 2188
2116 2117
2116 2188
2116 2189
2117 2118
2117 2188
2117 2189
2118 2119
2118 2189
2118 2190
2119 2120
2119 2190
2119 2191
2120 2121
2120 2190
2120 2191
2120 2192
2121 2122
2121 2191
2121 2192
2122 2192
2123 2193
2124 2193
2124 2194
2124 2195
2125 2196
2125 2197
2126 2198
2126 2199
2127 2128
2127 2199
2127 2200
2127 2201
2128 2129
2128 2200
2128 2201
2128 2202
2129 2130
2129 2201
2129 2202
2129 2203
2130 2131
2130 2202
2130 2203
2130 2204
2131 2132
2131 2203
2131 2204
2131 2205
2132 2133
2132 2204
2132 2205
2133 2134
2133 2205
2133 2206
2134 2135
2134 2206
2134 2207
2135 2206
2135 2207
2136 2208
2136 2209
2136 2210
2137 2210
2138 2139
2138 2211
2138 2212
2139 2140
2139 2211
2139 2212
2140 2212
2141 2142
2141 2213
2141 2214
2142 2213
2142 2214
2142 2215
2143 2144
2143 2216
2143 2217
2143 2218
2144 2145
2144 2217
2144 2218
2144 2219
2145 2146
2145 2218
2145 2219
2145 2220
2146 2147
2146 2219
2146 2220
2146 2221
2147 2148
2147 2220
2147 2221
2147 2222
2148 2149
2148 2221
2148 2222
2148 2223
2149 2150
2149 2222
2149 2223
2149 2224
2150 2151
2150 2223
2150 2224
2150 2225
2151 2224
2151 2225
2152 2153
2152 2226
2152 2227
2153 2226
2153 2227
2153 2228
2154 2155
2154 2228
2154 2229
2154 2230
2155 2156
2155 2229
2155 2230
2155 2231
2156 2157
2156 2230
2156 2231
2156 2232
2157 2231
2157 2232
2157 2233
2158 2233
2158 2234
2159 2160
2159 2234
2159 2235
2160 2161
2160 2235
2160 2236
2161 2162
2161 2236
2161 2237
2162 2163
2162 2236
2162 2237
2162 2238
2163 2237
2163 2238
2164 2239
2164 2240
2165 2240
2165 2241
2165 2242
2166 2167
2166 2243
2166 2244
2166 2245
2167 2244
2167 2245
2167 2246
2168 2169
2168 2246
2168 2247
2169 2247
2169 2248
2170 2171
2170 2249
2170 2250
2170 2251
2171 2172
2171 2250
2171 2251
2171 2252
2172 2251
2172 2252
2172 2253
2173 2174
2173 2253
2173 2254
2173 2255
2174 2175
2174 2254
2174 2255
2174 2256
2175 2176
2175 2255
2175 2256
2175 2257
2176 2256
2176 2257
2177 2178
2177 2258
2177 2259
2177 2260
2178 2179
2178 2259
2178 2260
2179 2260
2179 2261
2180 2181
2180 2261
2180 2262
2180 2263
2181 2182
2181 2262
2181 2263
2181 2264
2182 2183
2182 2263
2182 2264
2183 2184
2183 2264
2183 2265
2184 2185
2184 2265
2184 2266
2185 2186
2185 2265
2185 2266
2185 2267
2186 2187
2186 2266
2186 2267
2186 2268
2187 2267
2187 2268
2188 2189
2190 2191
2190 2269
2191 2192
2191 2269
2191 2270
2192 2269
2192 2270
2192 2271
2193 2194
2193 2273
2194 2195
2194 2273
2194 2274
2195 2196
2195 2274
2196 2197
2196 2274
2196 2275
2197 2275
2197 2276
2198 2199
2198 2276
2198 2277
2198 2278
2199 2200
2199 2277
2199 2278
2200 2201
2200 2278
2200 2279
2201 2202
2201 2279
2201 2280
2202 2203
2202 2279
2202 2280
2202 2281
2203 2204
2203 2280
2203 2281
2203 2282
2204 2205
2204 2281
2204 2282
2204 2283
2205 2282
2205 2283
2205 2284
2206 2207
2206 2284
2206 2285
2207 2285
2207 2286
2208 2209
2208 2286
2208 2287
2208 2288
2209 2210
2209 2287
2209 2288
2209 2289
2210 2288
2210 2289
2210 2290
2211 2212
2211 2291
2211 2292
2212 2292
2212 2293
2213 2214
2213 2294
2213 2295
2214 2215
2214 2294
2214 2295
2215 2216
2215 2295
2215 2296
2216 2217
2216 2296
2216 2297
2217 2218
2217 2296
2217 2297
2217 2298
2218 2219
2218 2297
2218 2298
2218 2299
2219 2220
2219 2298
2219 2299
2220 2221
2220 2299
2220 2300
2221 2222
2221 2300
2221 2301
2222 2223
2222 2300
2222 2301
2222 2302
2223 2224
2223 2301
2223 2302
2223 2303
2224 2225
2224 2302
2224 2303
2224 2304
2225 2303
2225 2304
2225 2305
2226 2227
2226 2305
2226 2306
2226 2307
2227 2228
2227 2306
2227 2307
2227 2308
2228 2229
2228 2307
2228 2308
2228 2309
2229 2230
2229 2308
2229 2309
2229 2310
2230 2231
2230 2309
2230 2310
2230 2311
2231 2232
2231 2310
2231 2311
2231 2312
2232 2233
2232 2311
2232 2312
2232 2313
2233 2312
2233 2313
2233 2314
2234 2235
2234 2314
2234 2315
2234 2316
2235 2315
2235 2316
2235 2317
2236 2237
2236 2317
2236 2318
2237 2238
2237 2318
2237 2319
2238 2318
2238 2319
2238 2320
2239 2240
2239 2320
2239 2321
2239 2322
2240 2241
2240 2321
2240 2322
2240 2323
2241 2242
2241 2322
2241 2323
2242 2243
2242 2323
2242 2324
2243 2244
2243 2324
2243 2325
2244 2245
2244 2324
2244 2325
2244 2326
2245 2246
2245 2325
2245 2326
2245 2327
2246 2326
2246 2327
2247 2248
2247 2328
2247 2329
2248 2249
2248 2328
2248 2329
2249 2250
2249 2329
2250 2251
2250 2330
2251 2252
2251 2330
2251 2331
2252 2253
2252 2330
2252 2331
2252 2332
2253 2254
2253 2331
2253 2332
2253 2333
2254 2255
2254 2332
2254 2333
2254 2334
2255 2256
2255 2333
2255 2334
2256 2257
2256 2334
2256 2335
2257 2335
2258 2259
2258 2336
2258 2337
2259 2260
2259 2336
2259 2337
2259 2338
2260 2337
2260 2338
2260 2339
2261 2262
2261 2339
2261 2340
2261 2341
2262 2263
2262 2340
2262 2341
2262 2342
2263 2264
2263 2341
2263 2342
2263 2343
2264 2342
2264 2343
2264 2344
2265 2266
2265 2344
2265 2345
2266 2267
2266 2345
2267 2268
2267 2346
2268 2346
2269 2270
2269 2350
2269 2351
2269 2352
2270 2271
2270 2351
2270 2352
2271 2272
2271 2352
2271 2353
2272 2353
2272 2354
2273 2354
2273 2355
2273 2356
2274 2356
2274 2357
2275 2276
2275 2357
2275 2358
2275 2359
2276 2277
2276 2358
2276 2359
2276 2360
2277 2278
2277 2359
2277 2360
2277 2361
2278 2360
2278 2361
2278 2362
2279 2280
2279 2362
2279 2363
2279 2364
2280 2281
2280 2363
2280 2364
2280 2365
2281 2282
2281 2364
2281 2365
2281 2366
2282 2283
2282 2365
2282 2366
2282 2367
2283 2284
2283 2366
2283 2367
2283 2368
2284 2367
2284 2368
2285 2286
2285 2369
2285 2370
2286 2287
2286 2369
2286 2370
2286 2371
2287 2288
2287 2370
2287 2371
2287 2372
2288 2289
2288 2371
2288 2372
2289 2290
2289 2372
2289 2373
2290 2291
2290 2373
2290 2374
2291 2292
2291 2373
2291 2374
2292 2374
2293 2375
2294 2295
2294 2376
2295 2376
2295 2377
2296 2297
2296 2377
2296 2378
2297 2298
2297 2378
2297 2379
2298 2299
2298 2379
2298 2380
2299 2379
2299 2380
2300 2301
2300 2381
2300 2382
2301 2302
2301 2381
2301 2382
2301 2383
2302 2303
2302 2382
2302 2383
2302 2384
2303 2304
2303 2383
2303 2384
2303 2385
2304 2305
2304 2384
2304 2385
2304 2386
2305 2306
2305 2385
2305 2386
2305 2387
2306 2307
2306 2386
2306 2387
2306 2388
2307 2308
2307 2387
2307 2388
2307 2389
2308 2309
2308 2388
2308 2389
2309 2310
2309 2389
2310 2311
2311 2312
2311 2390
2312 2313
2312 2390
2312 2391
2313 2314
2313 2390
2313 2391
2314 2315
2314 2391
2314 2392
2315 2316
2315 2392
2315 2393
2316 2317
2316 2392
2316 2393
2317 2393
2317 2394
2318 2319
2318 2394
2318 2395
2318 2396
2319 2320
2319 2395
2319 2396
2319 2397
2320 2321
2320 2396
2320 2397
2320 2398
2321 2322
2321 2397
2321 2398
2322 2323
2322 2398
2322 2399
2323 2399
2324 2325
2324 2400
2324 2401
2325 2326
2325 2400
2325 2401
2325 2402
2326 2327
2326 2401
2326 2402
2326 2403
2327 2402
2327 2403
2327 2404
2328 2329
2328 2404
2329 2405
2330 2331
2330 2406
2330 2407
2330 2408
2331 2332
2331 2407
2331 2408
2331 2409
2332 2333
2332 2408
2332 2409
2332 2410
2333 2334
2333 2409
2333 2410
2333 2411
2334 2410
2334 2411
2334 2412
2335 2412
2336 2337
2336 2413
2336 2414
2337 2338
2337 2413
2337 2414
2337 2415
2338 2339
2338 2414
2338 2415
2339 2340
2339 2415
2340 2341
2340 2416
2341 2342
2341 2416
2341 2417
2342 2343
2342 2416
2342 2417
2342 2418
2343 2344
2343 2417
2343 2418
2343 2419
2344 2345
2344 2418
2344 2419
2345 2419
2345 2420
2346 2421
2346 2422
2346 2423
2347 2348
2347 2423
2347 2424
2347 2425
2348 2349
2348 2424
2348 2425
2348 2426
2349 2350
2349 2425
2349 2426
2349 2427
2350 2351
2350 2426
2350 2427
2350 2428
2351 2352
2351 2427
2351 2428
2352 2428
2353 2354
2353 2429
2353 2430
2354 2355
2354 2429
2354 2430
2354 2431
2355 2356
2355 2430
2355 2431
2355 2432
2356 2431
2356 2432
2356 2433
2357 2358
2357 2433
2357 2434
2358 2359
2358 2434
2358 2435
2359 2360
2359 2435
2359 2436
2360 2361
2360 2435
2360 2436
2360 2437
2361 2362
2361 2436
2361 2437
2361 2438
2362 2363
2362 2437
2362 2438
2362 2439
2363 2364
2363 2438
2363 2439
2363 2440
2364 2365
2364 2439
2364 2440
2364 2441
2365 2366
2365 2440
2365 2441
2365 2442
2366 2367
2366 2441
2366 2442
2366 2443
2367 2368
2367 2442
2367 2443
2367 2444
2368 2443
2368 2444
2368 2445
2369 2370
2369 2445
2369 2446
2370 2371
2370 2446
2370 2447
2371 2372
2371 2446
2371 2447
2371 2448
2372 2447
2372 2448
2372 2449
2373 2374
2373 2449
2373 2450
2373 2451
2374 2450
2374 2451
2374 2452
2375 2453
2375 2454
2376 2377
2376 2455
2376 2456
2376 2457
2377 2378
2377 2456
2377 2457
2377 2458
2378 2457
2378 2458
2379 2380
2379 2459
2379 2460
2380 2459
2380 2460
2381 2382
2381 2461
2381 2462
2382 2383
2382 2461
2382 2462
2382 2463
2383 2384
2383 2462
2383 2463
2383 2464
2384 2385
2384 2463
2384 2464
2384 2465
2385 2386
2385 2464
2385 2465
2385 2466
2386 2387
2386 2465
2386 2466
2386 2467
2387 2388
2387 2466
2387 2467
2388 2389
2388 2467
2390 2391
2390 2469
2390 2470
2391 2470
2391 2471
2392 2393
2392 2471
2392 2472
2392 2473
2393 2472
2393 2473
2393 2474
2394 2395
2394 2474
2394 2475
2395 2396
2395 2475
2395 2476
2396 2397
2396 2475
2396 2476
2396 2477
2397 2398
2397 2476
2397 2477
2397 2478
2398 2477
2398 2478
2399 2479
2399 2480
2400 2401
2400 2480
2400 2481
2401 2402
2401 2481
2401 2482
2402 2403
2402 2481
2402 2482
2403 2404
2403 2482
2403 2483
2404 2483
2405 2406
2405 2484
2405 2485
2405 2486
2406 2407
2406 2485
2406 2486
2406 2487
2407 2408
2407 2486
2407 2487
2407 2488
2408 2409
2408 2487
2408 2488
2408 2489
2409 2410
2409 2488
2409 2489
2409 2490
2410 2411
2410 2489
2410 2490
2410 2491
2411 2412
2411 2490
2411 2491
2411 2492
2412 2491
2412 2492
2412 2493
2413 2414
2413 2494
2413 2495
2414 2415
2414 2494
2414 2495
2415 2495
2415 2496
2416 2417
2416 2497
2417 2418
2417 2497
2417 2498
2418 2419
2418 2497
2418 2498
2418 2499
2419 2498
2419 2499
2419 2500
2420 2421
2420 2500
2420 2501
2420 2502
2421 2422
2421 2501
2421 2502
2421 2503
2422 2423
2422 2502
2422 2503
2422 2504
2423 2424
2423 2503
2423 2504
2423 2505
2424 2425
2424 2504
2424 2505
2424 2506
2425 2426
2425 2505
2425 2506
2425 2507
2426 2427
2426 2506
2426 2507
2427 2428
2427 2507
2427 2508
2428 2508
2428 2509
2429 2430
2429 2510
2429 2511
2430 2431
2430 2511
2430 2512
2431 2432
2431 2512
2431 2513
2432 2433
2432 2512
2432 2513
2432 2514
2433 2434
2433 2513
2433 2514
2433 2515
2434 2514
2434 2515
2435 2436
2435 2516
2436 2437
2436 2516
2436 2517
2437 2438
2437 2516
2437 2517
2437 2518
2438 2439
2438 2517
2438 2518
2438 2519
2439 2440
2439 2518
2439 2519
2439 2520
2440 2441
2440 2519
2440 2520
2440 2521
2441 2442
2441 2520
2441 2521
2441 2522
2442 2443
2442 2521
2442 2522
2442 2523
2443 2444
2443 2522
2443 2523
2443 2524
2444 2445
2444 2523
2444 2524
2444 2525
2445 2524
2445 2525
2446 2447
2446 2526
2446 2527
2447 2448
2447 2526
2447 2527
2447 2528
2448 2449
2448 2527
2448 2528
2448 2529
2449 2450
2449 2528
2449 2529
2449 2530
2450 2451
2450 2529
2450 2530
2450 2531
2451 2452
2451 2530
2451 2531
2451 2532
2452 2453
2452 2531
2452 2532
2452 2533
2453 2454
2453 2532
2453 2533
2453 2534
2454 2533
2454 2534
2454 2535
2455 2456
2455 2535
2455 2536
2456 2457
2456 2536
2456 2537
2457 2458
2457 2537
2458 2537
2459 2460
2459 2538
2459 2539
2460 2538
2460 2539
2460 2540
2461 2462
2461 2540
2461 2541
2461 2542
2462 2463
2462 2541
2462 2542
2463 2464
2463 2542
2463 2543
2464 2465
2464 2543
2464 2544
2465 2466
2465 2543
2465 2544
2466 2467
2466 2544
2466 2545
2467 2545
2467 2546
2468 2469
2468 2548
2468 2549
2468 2550
2469 2549
2469 2550
2469 2551
2470 2471
2470 2551
2470 2552
2471 2472
2471 2552
2471 2553
2472 2473
2472 2553
2473 2474
2473 2553
2473 2554
2474 2554
2474 2555
2475 2476
2475 2555
2475 2556
2475 2557
2476 2477
2476 2556
2476 2557
2477 2478
2477 2557
2478 2558
2479 2480
2479 2558
2479 2559
2480 2559
2481 2482
2481 2560
2482 2560
2482 2561
2483 2561
2483 2562
2483 2563
2484 2485
2484 2563
2484 2564
2484 2565
2485 2486
2485 2564
2485 2565
2485 2566
2486 2487
2486 2565
2486 2566
2486 2567
2487 2488
2487 2566
2487 2567
2488 2489
2488 2567
2488 2568
2489 2490
2489 2568
2489 2569
2490 2491
2490 2568
2490 2569
2490 2570
2491 2492
2491 2569
2491 2570
2491 2571
2492 2493
2492 2570
2492 2571
2492 2572
2493 2571
2493 2572
2494 2495
2494 2573
2495 2573
2495 2574
2496 2574
2496 2575
2496 2576
2497 2498
2497 2577
2497 2578
2497 2579
2498 2499
2498 2578
2498 2579
2498 2580
2499 2500
2499 2579
2499 2580
2499 2581
2500 2501
2500 2580
2500 2581
2500 2582
2501 2502
2501 2581
2501 2582
2502 2503
2502 2582
2502 2583
2503 2504
2503 2583
2503 2584
2504 2505
2504 2583
2504 2584
2504 2585
2505 2506
2505 2584
2505 2585
2505 2586
2506 2507
2506 2585
2506 2586
2506 2587
2507 2586
2507 2587
2507 2588
2508 2509
2508 2588
2508 2589
2508 2590
2509 2510
2509 2589
2509 2590
2509 2591
2510 2511
2510 2590
2510 2591
2510 2592
2511 2591
2511 2592
2511 2593
2512 2513
2512 2593
2512 2594
2512 2595
2513 2514
2513 2594
2513 2595
2513 2596
2514 2515
2514 2595
2514 2596
2514 2597
2515 2596
2515 2597
2515 2598
2516 2517
2516 2599
2516 2600
2517 2518
2517 2599
2517 2600
2518 2519
2518 2600
2519 2520
2520 2521
2520 2601
2521 2522
2521 2601
2522 2523
2522 2601
2522 2602
2523 2524
2523 2602
2523 2603
2524 2525
2524 2602
2524 2603
2524 2604
2525 2603
2525 2604
2525 2605
2526 2527
2526 2605
2526 2606
2526 2607
2527 2528
2527 2606
2527 2607
2528 2529
2528 2607
2528 2608
2529 2530
2529 2608
2529 2609
2530 2531
2530 2608
2530 2609
2530 2610
2531 2532
2531 2609
2531 2610
2531 2611
2532 2533
2532 2610
2532 2611
2532 2612
2533 2534
2533 2611
2533 2612
2533 2613
2534 2535
2534 2612
2534 2613
2534 2614
2535 2536
2535 2613
2535 2614
2535 2615
2536 2614
2536 2615
2536 2616
2537 2616
2537 2617
2538 2539
2538 2618
2538 2619
2538 2620
2539 2540
2539 2619
2539 2620
2539 2621
2540 2541
2540 2620
2540 2621
2540 2622
2541 2542
2541 2621
2541 2622
2541 2623
2542 2622
2542 2623
2543 2544
2543 2624
2544 2624
2544 2625
2545 2546
2545 2625
2545 2626
2545 2627
2546 2547
2546 2626
2546 2627
2546 2628
2547 2548
2547 2627
2547 2628
2548 2549
2548 2628
2549 2550
2549 2629
2550 2551
2550 2629
2550 2630
2551 2552
2551 2629
2551 2630
2552 2630
2552 2631
2553 2631
2553 2632
2553 2633
2554 2555
2554 2633
2554 2634
2555 2556
2555 2634
2555 2635
2556 2557
2556 2634
2556 2635
2556 2636
2557 2635
2557 2636
2557 2637
2558 2638
2558 2639
2559 2640
2559 2641
2560 2641
2560 2642
2560 2643
2561 2562
2561 2643
2561 2644
2562 2563
2562 2644
2562 2645
2563 2564
2563 2645
2563 2646
2564 2565
2564 2645
2564 2646
2564 2647
2565 2566
2565 2646
2565 2647
2565 2648
2566 2567
2566 2647
2566 2648
2566 2649
2567 2648
2567 2649
2567 2650
2568 2569
2568 2650
2568 2651
2568 2652
2569 2570
2569 2651
2569 2652
2569 2653
2570 2571
2570 2652
2570 2653
2570 2654
2571 2572
2571 2653
2571 2654
2571 2655
2572 2654
2572 2655
2573 2656
2574 2575
2574 2656
2574 2657
2574 2658
2575 2576
2575 2657
2575 2658
2575 2659
2576 2577
2576 2658
2576 2659
2577 2578
2577 2659
2577 2660
2578 2579
2578 2660
2578 2661
2579 2580
2579 2660
2579 2661
2580 2581
2580 2661
2580 2662
2581 2582
2581 2662
2581 2663
2582 2662
2582 2663
2582 2664
2583 2584
2583 2664
2584 2585
2584 2665
2585 2586
2585 2665
2585 2666
2586 2587
2586 2665
2586 2666
2586 2667
2587 2588
2587 2666
2587 2667
2587 2668
2588 2589
2588 2667
2588 2668
2588 2669
2589 2590
2589 2668
2589 2669
2590 2591
2590 2669
2590 2670
2591 2592
2591 2670
2591 2671
2592 2593
2592 2670
2592 2671
2592 2672
2593 2594
2593 2671
2593 2672
2593 2673
2594 2595
2594 2672
2594 2673
2594 2674
2595 2596
2595 2673
2595 2674
2596 2597
2596 2674
2596 2675
2597 2598
2597 2675
2597 2676
2598 2675
2598 2676
2598 2677
2599 2600
2599 2677
2601 2679
2601 2680
2601 2681
2602 2603
2602 2681
2602 2682
2602 2683
2603 2604
2603 2682
2603 2683
2603 2684
2604 2605
2604 2683
2604 2684
2604 2685
2605 2606
2605 2684
2605 2685
2605 2686
2606 2607
2606 2685
2606 2686
2606 2687
2607 2686
2607 2687
2608 2609
2608 2688
2609 2610
2609 2688
2609 2689
2610 2611
2610 2689
2611 2612
2611 2689
2612 2613
2612 2690
2613 2614
2613 2690
2613 2691
2614 2615
2614 2690
2614 2691
2615 2616
2615 2691
2615 2692
2616 2617
2616 2692
2616 2693
2617 2692
2617 2693
2617 2694
2618 2619
2618 2694
2618 2695
2619 2620
2619 2695
2619 2696
2620 2621
2620 2696
2620 2697
2621 2622
2621 2696
2621 2697
2621 2698
2622 2623
2622 2697
2622 2698
2622 2699
2623 2698
2623 2699
2623 2700
2624 2625
2624 2701
2624 2702
2625 2626
2625 2701
2625 2702
2625 2703
2626 2627
2626 2702
2626 2703
2626 2704
2627 2628
2627 2703
2627 2704
2627 2705
2628 2704
2628 2705
2629 2630
2629 2706
2629 2707
2629 2708
2630 2707
2630 2708
2630 2709
2631 2632
2631 2709
2631 2710
2631 2711
2632 2633
2632 2710
2632 2711
2633 2711
2634 2635
2634 2712
2634 2713
2635 2636
2635 2712
2635 2713
2635 2714
2636 2637
2636 2713
2636 2714
2637 2638
2637 2714
2637 2715
2638 2639
2638 2715
2638 2716
2639 2715
2639 2716
2639 2717
2640 2641
2640 2717
2640 2718
2640 2719
2641 2642
2641 2718
2641 2719
2641 2720
2642 2643
2642 2719
2642 2720
2642 2721
2643 2644
2643 2720
2643 2721
2644 2721
2644 2722
2645 2646
2645 2722
2645 2723
2646 2647
2646 2723
2646 2724
2647 2648
2647 2724
2647 2725
2648 2649
2648 2724
2648 2725
2648 2726
2649 2650
2649 2725
2649 2726
2649 2727
2650 2651
2650 2726
2650 2727
2650 2728
2651 2652
2651 2727
2651 2728
2651 2729
2652 2653
2652 2728
2652 2729
2652 2730
2653 2654
2653 2729
2653 2730
2653 2731
2654 2655
2654 2730
2654 2731
2655 2731
2656 2657
2656 2732
2656 2733
2656 2734
2657 2658
2657 2733
2657 2734
2657 2735
2658 2659
2658 2734
2658 2735
2658 2736
2659 2735
2659 2736
2659 2737
2660 2661
2660 2737
2660 2738
2661 2738
2661 2739
2662 2663
2662 2739
2662 2740
2662 2741
2663 2664
2663 2740
2663 2741
2663 2742
2664 2741
2664 2742
2665 2666
2665 2743
2665 2744
2666 2667
2666 2744
2666 2745
2667 2668
2667 2745
2667 2746
2668 2669
2668 2745
2668 2746
2668 2747
2669 2746
2669 2747
2669 2748
2670 2671
2670 2748
2671 2672
2671 2749
2672 2673
2672 2749
2672 2750
2673 2674
2673 2749
2673 2750
2673 2751
2674 2750
2674 2751
2674 2752
2675 2676
2675 2752
2675 2753
2676 2677
2676 2753
2676 2754
2677 2754
2677 2755
2678 2679
2678 2757
2678 2758
2679 2680
2679 2758
2679 2759
2680 2681
2680 2759
2680 2760
2681 2682
2681 2759
2681 2760
2682 2683
2682 2760
2683 2684
2683 2761
2684 2685
2684 2761
2684 2762
2685 2686
2685 2761
2685 2762
2686 2687
2686 2762
2686 2763
2687 2763
2687 2764
2688 2764
2688 2765
2688 2766
2689 2766
2689 2767
2690 2691
2690 2768
2690 2769
2690 2770
2691 2769
2691 2770
2691 2771
2692 2693
2692 2771
2692 2772
2692 2773
2693 2694
2693 2772
2693 2773
2693 2774
2694 2695
2694 2773
2694 2774
2694 2775
2695 2774
2695 2775
2695 2776
2696 2697
2696 2776
2696 2777
2697 2698
2697 2777
2698 2699
2698 2777
2698 2778
2699 2700
2699 2778
2700 2778
2700 2779
2701 2702
2701 2779
2701 2780
2701 2781
2702 2703
2702 2780
2702 2781
2702 2782
2703 2704
2703 2781
2703 2782
2703 2783
2704 2705
2704 2782
2704 2783
2705 2783
2705 2784
2706 2707
2706 2784
2707 2708
2707 2785
2708 2709
2708 2785
2709 2710
2709 2785
2710 2711
2712 2713
2712 2786
2712 2787
2712 2788
2713 2714
2713 2787
2713 2788
2713 2789
2714 2788
2714 2789
2714 2790
2715 2716
2715 2790
2715 2791
2715 2792
2716 2717
2716 2791
2716 2792
2716 2793
2717 2718
2717 2792
2717 2793
2717 2794
2718 2719
2718 2793
2718 2794
2718 2795
2719 2720
2719 2794
2719 2795
2719 2796
2720 2721
2720 2795
2720 2796
2720 2797
2721 2796
2721 2797
2721 2798
2722 2723
2722 2798
2722 2799
2723 2799
2723 2800
2724 2725
2724 2800
2725 2726
2726 2727
2726 2801
2727 2728
2727 2801
2727 2802
2728 2729
2728 2801
2728 2802
2729 2730
2729 2802
2730 2731
2730 2803
2731 2803
2731 2804
2732 2733
2732 2805
2733 2734
2733 2805
2733 2806
2734 2735
2734 2806
2734 2807
2735 2736
2735 2806
2735 2807
2735 2808
2736 2737
2736 2807
2736 2808
2736 2809
2737 2738
2737 2808
2737 2809
2737 2810
2738 2809
2738 2810
2738 2811
2739 2740
2739 2811
2739 2812
2739 2813
2740 2741
2740 2812
2740 2813
2740 2814
2741 2742
2741 2813
2741 2814
2741 2815
2742 2814
2742 2815
2742 2816
2743 2744
2743 2816
2743 2817
2743 2818
2744 2817
2744 2818
2744 2819
2745 2746
2745 2819
2745 2820
2746 2747
2746 2820
2746 2821
2747 2748
2747 2820
2747 2821
2747 2822
2748 2821
2748 2822
2748 2823
2749 2750
2749 2824
2749 2825
2750 2751
2750 2825
2750 2826
2751 2752
2751 2826
2751 2827
2752 2753
2752 2826
2752 2827
2752 2828
2753 2827
2753 2828
2754 2755
2754 2829
2754 2830
2755 2756
2755 2829
2755 2830
2755 2831
2756 2757
2756 2830
2756 2831
2756 2832
2757 2758
2757 2831
2757 2832
2757 2833
2758 2832
2758 2833
2758 2834
2759 2760
2759 2834
2759 2835
2759 2836
2760 2835
2760 2836
2760 2837
2761 2762
2761 2838
2761 2839
2761 2840
2762 2839
2762 2840
2762 2841
2763 2764
2763 2841
2763 2842
2764 2765
2764 2842
2765 2766
2765 2843
2766 2843
2767 2768
2767 2844
2767 2845
2768 2769
2768 2844
2768 2845
2768 2846
2769 2770
2769 2845
2769 2846
2769 2847
2770 2771
2770 2846
2770 2847
2770 2848
2771 2772
2771 2847
2771 2848
2772 2773
2772 2848
2772 2849
2773 2774
2773 2849
2774 2775
2774 2849
2775 2776
2776 2850
2777 2850
2777 2851
2777 2852
2778 2852
2778 2853
2778 2854
2779 2780
2779 2854
2779 2855
2779 2856
2780 2781
2780 2855
2780 2856
2780 2857
2781 2782
2781 2856
2781 2857
2781 2858
2782 2783
2782 2857
2782 2858
2782 2859
2783 2858
2783 2859
2783 2860
2784 2860
2784 2861
2784 2862
2785 2863
2785 2864
2786 2787
2786 2867
2786 2868
2787 2788
2787 2868
2788 2789
2788 2869
2789 2790
2789 2869
2789 2870
2790 2791
2790 2869
2790 2870
2790 2871
2791 2792
2791 2870
2791 2871
2791 2872
2792 2793
2792 2871
2792 2872
2793 2794
2793 2872
2793 2873
2794 2795
2794 2873
2795 2796
2795 2873
2795 2874
2796 2797
2796 2874
2796 2875
2797 2798
2797 2874
2797 2875
2798 2799
2798 2875
2798 2876
2799 2876
2799 2877
2800 2877
2800 2878
2800 2879
2801 2802
2801 2881
2801 2882
2802 2881
2802 2882
2802 2883
2803 2804
2803 2884
2804 2884
2805 2885
2805 2886
2806 2807
2806 2886
2806 2887
2807 2808
2807 2887
2807 2888
2808 2809
2808 2887
2808 2888
2808 2889
2809 2810
2809 2888
2809 2889
2810 2811
2810 2889
2811 2812
2811 2890
2812 2813
2812 2890
2812 2891
2813 2814
2813 2890
2813 2891
2814 2815
2814 2891
2815 2816
2815 2892
2816 2817
2816 2892
2816 2893
2817 2818
2817 2892
2817 2893
2817 2894
2818 2819
2818 2893
2818 2894
2818 2895
2819 2894
2819 2895
2819 2896
2820 2821
2820 2896
2820 2897
2821 2822
2821 2897
2821 2898
2822 2823
2822 2897
2822 2898
2823 2824
2823 2898
2823 2899
2824 2825
2824 2899
2824 2900
2825 2899
2825 2900
2825 2901
2826 2827
2826 2901
2826 2902
2826 2903
2827 2828
2827 2902
2827 2903
2827 2904
2828 2903
2828 2904
2829 2830
2829 2905
2829 2906
2830 2831
2830 2905
2830 2906
2830 2907
2831 2832
2831 2906
2831 2907
2831 2908
2832 2833
2832 2907
2832 2908
2832 2909
2833 2834
2833 2908
2833 2909
2833 2910
2834 2835
2834 2909
2834 2910
2834 2911
2835 2836
2835 2910
2835 2911
2836 2837
2836 2911
2837 2838
2837 2912
2838 2839
2838 2912
2838 2913
2839 2840
2839 2912
2839 2913
2840 2841
2840 2913
2840 2914
2841 2842
2841 2914
2841 2915
2842 2914
2842 2915
2842 2916
2843 2917
2843 2918
2843 2919
2844 2845
2844 2919
2844 2920
2845 2846
2845 2920
2845 2921
2846 2847
2846 2921
2846 2922
2847 2848
2847 2921
2847 2922
2847 2923
2848 2922
2848 2923
2848 2924
2849 2924
2849 2925
2849 2926
2850 2851
2850 2927
2850 2928
2850 2929
2851 2852
2851 2928
2851 2929
2851 2930
2852 2853
2852 2929
2852 2930
2853 2854
2853 2930
2853 2931
2854 2855
2854 2931
2854 2932
2855 2856
2855 2931
2855 2932
2855 2933
2856 2857
2856 2932
2856 2933
2856 2934
2857 2858
2857 2933
2857 2934
2857 2935
2858 2859
2858 2934
2858 2935
2858 2936
2859 2860
2859 2935
2859 2936
2859 2937
2860 2861
2860 2936
2860 2937
2860 2938
2861 2862
2861 2937
2861 2938
2862 2938
2862 2939
2863 2864
2863 2939
2863 2940
2864 2865
2864 2940
2864 2941
2865 2866
2865 2941
2866 2867
2866 2941
2867 2868
2867 2942
2868 2942
2868 2943
2869 2870
2869 2944
2869 2945
2870 2871
2870 2944
2870 2945
2870 2946
2871 2872
2871 2945
2871 2946
2871 2947
2872 2946
2872 2947
2872 2948
2873 2948
2873 2949
2874 2875
2874 2949
2874 2950
2875 2950
2876 2877
2876 2951
2877 2878
2877 2951
2877 2952
2878 2879
2878 2952
2878 2953
2879 2880
2879 2952
2879 2953
2879 2954
2880 2953
2880 2954
2881 2882
2881 2955
2881 2956
2882 2883
2882 2955
2882 2956
2882 2957
2883 2956
2883 2957
2883 2958
2884 2958
2884 2959
2885 2886
2885 2960
2886 2960
2887 2888
2887 2961
2887 2962
2888 2889
2888 2961
2888 2962
2889 2962
2890 2891
2890 2963
2890 2964
2891 2964
2891 2965
2892 2893
2892 2966
2892 2967
2892 2968
2893 2894
2893 2967
2893 2968
2893 2969
2894 2895
2894 2968
2894 2969
2894 2970
2895 2896
2895 2969
2895 2970
2895 2971
2896 2970
2896 2971
2896 2972
2897 2898
2897 2972
2897 2973
2897 2974
2898 2973
2898 2974
2898 2975
2899 2900
2899 2975
2899 2976
2899 2977
2900 2901
2900 2976
2900 2977
2900 2978
2901 2902
2901 2977
2901 2978
2901 2979
2902 2903
2902 2978
2902 2979
2902 2980
2903 2904
2903 2979
2903 2980
2904 2980
2904 2981
2905 2906
2905 2981
2905 2982
2905 2983
2906 2907
2906 2982
2906 2983
2907 2908
2907 2983
2907 2984
2908 2909
2908 2984
2908 2985
2909 2910
2909 2984
2909 2985
2909 2986
2910 2911
2910 2985
2910 2986
2910 2987
2911 2986
2911 2987
2912 2913
2912 2988
2912 2989
2912 2990
2913 2989
2913 2990
2913 2991
2914 2915
2914 2991
2914 2992
2914 2993
2915 2916
2915 2992
2915 2993
2915 2994
2916 2917
2916 2993
2916 2994
2916 2995
2917 2918
2917 2994
2917 2995
2917 2996
2918 2919
2918 2995
2918 2996
2918 2997
2919 2920
2919 2996
2919 2997
2919 2998
2920 2997
2920 2998
2920 2999
2921 2922
2921 2999
2921 3000
2921 3001
2922 2923
2922 3000
2922 3001
2922 3002
2923 2924
2923 3001
2923 3002
2924 2925
2924 3002
2924 3003
2925 2926
2925 3003
2925 3004
2926 3003
2926 3004
2927 2928
2927 3005
2927 3006
2928 2929
2928 3005
2928 3006
2928 3007
2929 2930
2929 3006
2929 3007
2929 3008
2930 3007
2930 3008
2930 3009
2931 2932
2931 3009
2931 3010
2932 2933
2932 3010
2932 3011
2933 2934
2933 3011
2933 3012
2934 2935
2934 3011
2934 3012
2934 3013
2935 2936
2935 3012
2935 3013
2935 3014
2936 2937
2936 3013
2936 3014
2936 3015
2937 2938
2937 3014
2937 3015
2937 3016
2938 3015
2938 3016
2938 3017
2939 2940
2939 3017
2939 3018
2940 3018
2940 3019
2941 3019
2941 3020
2941 3021
2942 2943
2942 3022
2942 3023
2942 3024
2943 3023
2943 3024
2943 3025
2944 2945
2944 3025
2944 3026
2945 2946
2945 3026
2946 2947
2947 2948
2947 3027
2948 3027
2949 2950
2949 3028
2950 3028
2950 3029
2951 3030
2951 3031
2952 2953
2952 3031
2952 3032
2953 2954
2953 3032
2953 3033
2954 3032
2954 3033
2955 2956
2955 3034
2955 3035
2956 2957
2956 3034
2956 3035
2956 3036
2957 2958
2957 3035
2957 3036
2957 3037
2958 3036
2958 3037
2958 3038
2959 3038
2959 3039
2960 3040
2960 3041
2961 2962
2961 3042
2961 3043
2962 3042
2962 3043
2962 3044
2963 2964
2963 3045
2963 3046
2963 3047
2964 3046
2964 3047
2964 3048
2965 2966
2965 3048
2965 3049
2965 3050
2966 2967
2966 3049
2966 3050
2966 3051
2967 2968
2967 3050
2967 3051
2967 3052
2968 2969
2968 3051
2968 3052
2968 3053
2969 2970
2969 3052
2969 3053
2969 3054
2970 2971
2970 3053
2970 3054
2970 3055
2971 2972
2971 3054
2971 3055
2971 3056
2972 2973
2972 3055
2972 3056
2972 3057
2973 2974
2973 3056
2973 3057
2973 3058
2974 2975
2974 3057
2974 3058
2974 3059
2975 2976
2975 3058
2975 3059
2975 3060
2976 2977
2976 3059
2976 3060
2976 3061
2977 2978
2977 3060
2977 3061
2977 3062
2978 2979
2978 3061
2978 3062
2978 3063
2979 2980
2979 3062
2979 3063
2979 3064
2980 3063
2980 3064
2980 3065
2981 2982
2981 3065
2981 3066
2982 2983
2982 3066
2982 3067
2983 3066
2983 3067
2983 3068
2984 2985
2984 3068
2984 3069
2984 3070
2985 2986
2985 3069
2985 3070
2985 3071
2986 2987
2986 3070
2986 3071
2986 3072
2987 3071
2987 3072
2987 3073
2988 2989
2988 3073
2988 3074
2988 3075
2989 2990
2989 3074
2989 3075
2989 3076
2990 2991
2990 3075
2990 3076
2990 3077
2991 2992
2991 3076
2991 3077
2991 3078
2992 2993
2992 3077
2992 3078
2992 3079
2993 2994
2993 3078
2993 3079
2993 3080
2994 2995
2994 3079
2994 3080
2995 2996
2995 3080
2995 3081
2996 2997
2996 3081
2996 3082
2997 2998
2997 3081
2997 3082
2998 2999
2998 3082
2999 3000
2999 3083
3000 3001
3000 3083
3000 3084
3001 3002
3001 3083
3001 3084
3001 3085
3002 3084
3002 3085
3002 3086
3003 3004
3003 3086
3003 3087
3003 3088
3004 3087
3004 3088
3004 3089
3005 3006
3005 3089
3005 3090
3006 3007
3006 3090
3006 3091
3007 3008
3007 3090
3007 3091
3007 3092
3008 3009
3008 3091
3008 3092
3008 3093
3009 3010
3009 3092
3009 3093
3009 3094
3010 3093
3010 3094
3010 3095
3011 3012
3011 3095
3011 3096
3011 3097
3012 3013
3012 3096
3012 3097
3012 3098
3013 3014
3013 3097
3013 3098
3013 3099
3014 3015
3014 3098
3014 3099
3014 3100
3015 3016
3015 3099
3015 3100
3015 3101
3016 3017
3016 3100
3016 3101
3016 3102
3017 3101
3017 3102
3017 3103
3018 3019
3018 3103
3018 3104
3018 3105
3019 3020
3019 3104
3019 3105
3019 3106
3020 3021
3020 3105
3020 3106
3020 3107
3021 3022
3021 3106
3021 3107
3021 3108
3022 3023
3022 3107
3022 3108
3023 3024
3023 3108
3023 3109
3024 3025
3024 3109
3024 3110
3025 3026
3025 3109
3025 3110
3026 3110
3026 3111
3027 3113
3027 3114
3027 3115
3028 3029
3028 3116
3028 3117
3029 3030
3029 3116
3029 3117
3029 3118
3030 3117
3030 3118
3030 3119
3031 3119
3032 3033
3032 3120
3033 3120
3033 3121
3034 3035
3034 3121
3034 3122
3034 3123
3035 3036
3035 3122
3035 3123
3035 3124
3036 3037
3036 3123
3036 3124
3036 3125
3037 3038
3037 3124
3037 3125
3037 3126
3038 3039
3038 3125
3038 3126
3039 3126
3040 3041
3040 3127
3040 3128
3041 3127
3041 3128
3041 3129
3042 3043
3042 3129
3042 3130
3042 3131
3043 3044
3043 3130
3043 3131
3043 3132
3044 3045
3044 3131
3044 3132
3044 3133
3045 3046
3045 3132
3045 3133
3045 3134
3046 3047
3046 3133
3046 3134
3046 3135
3047 3048
3047 3134
3047 3135
3047 3136
3048 3049
3048 3135
3048 3136
3049 3050
3049 3136
3049 3137
3050 3051
3050 3137
3051 3052
3051 3137
3051 3138
3052 3053
3052 3138
3052 3139
3053 3054
3053 3138
3053 3139
3054 3055
3054 3139
3054 3140
3055 3056
3055 3140
3055 3141
3056 3057
3056 3140
3056 3141
3056 3142
3057 3058
3057 3141
3057 3142
3057 3143
3058 3059
3058 3142
3058 3143
3058 3144
3059 3060
3059 3143
3059 3144
3059 3145
3060 3061
3060 3144
3060 3145
3060 3146
3061 3062
3061 3145
3061 3146
3061 3147
3062 3063
3062 3146
3062 3147
3062 3148
3063 3064
3063 3147
3063 3148
3063 3149
3064 3065
3064 3148
3064 3149
3064 3150
3065 3149
3065 3150
3065 3151
3066 3067
3066 3151
3066 3152
3066 3153
3067 3068
3067 3152
3067 3153
3067 3154
3068 3069
3068 3153
3068 3154
3068 3155
3069 3070
3069 3154
3069 3155
3069 3156
3070 3071
3070 3155
3070 3156
3070 3157
3071 3072
3071 3156
3071 3157
3071 3158
3072 3073
3072 3157
3072 3158
3072 3159
3073 3074
3073 3158
3073 3159
3073 3160
3074 3075
3074 3159
3074 3160
3074 3161
3075 3076
3075 3160
3075 3161
3075 3162
3076 3077
3076 3161
3076 3162
3076 3163
3077 3078
3077 3162
3077 3163
3077 3164
3078 3079
3078 3163
3078 3164
3078 3165
3079 3080
3079 3164
3079 3165
3079 3166
3080 3165
3080 3166
3080 3167
3081 3082
3081 3167
3081 3168
3082 3168
3082 3169
3083 3084
3083 3170
3083 3171
3083 3172
3084 3085
3084 3171
3084 3172
3085 3086
3085 3172
3085 3173
3086 3087
3086 3173
3087 3088
3087 3173
3087 3174
3088 3089
3088 3174
3088 3175
3089 3174
3089 3175
3089 3176
3090 3091
3090 3176
3090 3177
3090 3178
3091 3092
3091 3177
3091 3178
3092 3093
3092 3178
3092 3179
3093 3094
3093 3179
3094 3095
3094 3179
3094 3180
3095 3096
3095 3180
3095 3181
3096 3097
3096 3180
3096 3181
3096 3182
3097 3098
3097 3181
3097 3182
3097 3183
3098 3099
3098 3182
3098 3183
3098 3184
3099 3100
3099 3183
3099 3184
3099 3185
3100 3101
3100 3184
3100 3185
3100 3186
3101 3102
3101 3185
3101 3186
3101 3187
3102 3103
3102 3186
3102 3187
3103 3104
3103 3187
3103 3188
3104 3105
3104 3188
3104 3189
3105 3106
3105 3188
3105 3189
3105 3190
3106 3107
3106 3189
3106 3190
3107 3108
3107 3190
3107 3191
3108 3191
3108 3192
3109 3110
3109 3192
3109 3193
3109 3194
3110 3193
3110 3194
3110 3195
3111 3112
3111 3195
3111 3196
3111 3197
3112 3113
3112 3196
3112 3197
3113 3114
3113 3197
3113 3198
3114 3115
3114 3198
3114 3199
3115 3198
3115 3199
3115 3200
3116 3117
3116 3200
3116 3201
3116 3202
3117 3118
3117 3201
3117 3202
3117 3203
3118 3119
3118 3202
3118 3203
3118 3204
3119 3203
3119 3204
3120 3121
3120 3206
3120 3207
3120 3208
3121 3122
3121 3207
3121 3208
3121 3209
3122 3123
3122 3208
3122 3209
3122 3210
3123 3124
3123 3209
3123 3210
3123 3211
3124 3125
3124 3210
3124 3211
3125 3126
3125 3211
3126 3212
3127 3128
3127 3213
3127 3214
3128 3129
3128 3213
3128 3214
3128 3215
3129 3130
3129 3214
3129 3215
3129 3216
3130 3131
3130 3215
3130 3216
3130 3217
3131 3132
3131 3216
3131 3217
3131 3218
3132 3133
3132 3217
3132 3218
3133 3134
3133 3218
3133 3219
3134 3135
3134 3219
3135 3136
3135 3219
3135 3220
3136 3220
3136 3221
3137 3221
3137 3222
3137 3223
3138 3139
3138 3223
3138 3224
3139 3224
3139 3225
3140 3141
3140 3225
3140 3226
3140 3227
3141 3142
3141 3226
3141 3227
3141 3228
3142 3143
3142 3227
3142 3228
3142 3229
3143 3144
3143 3228
3143 3229
3144 3145
3144 3229
3144 3230
3145 3146
3145 3230
3145 3231
3146 3147
3146 3230
3146 3231
3146 3232
3147 3148
3147 3231
3147 3232
3147 3233
3148 3149
3148 3232
3148 3233
3148 3234
3149 3150
3149 3233
3149 3234
3149 3235
3150 3151
3150 3234
3150 3235
3151 3152
3151 3235
3152 3153
3153 3154
3154 3155
3155 3156
3155 3236
3156 3157
3156 3236
3156 3237
3157 3158
3157 3236
3157 3237
3158 3159
3158 3237
3159 3160
3159 3238
3160 3161
3160 3238
3160 3239
3161 3162
3161 3238
3161 3239
3161 3240
3162 3163
3162 3239
3162 3240
3162 3241
3163 3164
3163 3240
3163 3241
3163 3242
3164 3165
3164 3241
3164 3242
3165 3166
3165 3242
3165 3243
3166 3167
3166 3243
3166 3244
3167 3168
3167 3243
3167 3244
3167 3245
3168 3244
3168 3245
3168 3246
3169 3170
3169 3246
3169 3247
3169 3248
3170 3171
3170 3247
3170 3248
3170 3249
3171 3172
3171 3248
3171 3249
3171 3250
3172 3249
3172 3250
3172 3251
3173 3251
3173 3252
3174 3175
3174 3253
3175 3176
3175 3253
3175 3254
3176 3177
3176 3253
3176 3254
3176 3255
3177 3178
3177 3254
3177 3255
3177 3256
3178 3255
3178 3256
3178 3257
3179 3257
3179 3258
3180 3181
3180 3258
3180 3259
3180 3260
3181 3182
3181 3259
3181 3260
3181 3261
3182 3183
3182 3260
3182 3261
3182 3262
3183 3184
3183 3261
3183 3262
3183 3263
3184 3185
3184 3262
3184 3263
3184 3264
3185 3186
3185 3263
3185 3264
3185 3265
3186 3187
3186 3264
3186 3265
3186 3266
3187 3265
3187 3266
3187 3267
3188 3189
3188 3267
3188 3268
3188 3269
3189 3190
3189 3268
3189 3269
3189 3270
3190 3269
3190 3270
3191 3192
3191 3271
3191 3272
3192 3193
3192 3271
3192 3272
3192 3273
3193 3194
3193 3272
3193 3273
3194 3195
3194 3273
3194 3274
3195 3196
3195 3274
3196 3197
3196 3274
3197 3275
3198 3199
3198 3275
3198 3276
3199 3200
3199 3276
3200 3201
3200 3276
3200 3277
3201 3202
3201 3277
3201 3278
3202 3203
3202 3277
3202 3278
3203 3204
3203 3278
3203 3279
3204 3279
3205 3206
3205 3280
3206 3207
3206 3280
3206 3281
3207 3208
3207 3280
3207 3281
3207 3282
3208 3209
3208 3281
3208 3282
3208 3283
3209 3210
3209 3282
3209 3283
3209 3284
3210 3211
3210 3283
3210 3284
3210 3285
3211 3284
3211 3285
3211 3286
3212 3287
3212 3288
3213 3214
3213 3289
3213 3290
3214 3215
3214 3289
3214 3290
3214 3291
3215 3216
3215 3290
3215 3291
3215 3292
3216 3217
3216 3291
3216 3292
3216 3293
3217 3218
3217 3292
3217 3293
3217 3294
3218 3293
3218 3294
3218 3295
3219 3295
3219 3296
3219 3297
3220 3221
3220 3297
3220 3298
3221 3222
3221 3298
3222 3223
3222 3299
3223 3299
3224 3225
3224 3300
3225 3226
3225 3300
3225 3301
3226 3227
3226 3301
3226 3302
3227 3228
3227 3301
3227 3302
3227 3303
3228 3229
3228 3302
3228 3303
3228 3304
3229 3303
3229 3304
3230 3231
3230 3305
3230 3306
3231 3232
3231 3305
3231 3306
3231 3307
3232 3233
3232 3306
3232 3307
3232 3308
3233 3234
3233 3307
3233 3308
3233 3309
3234 3235
3234 3308
3234 3309
3234 3310
3235 3309
3235 3310
3235 3311
3236 3237
3236 3314
3236 3315
3236 3316
3237 3315
3237 3316
3238 3239
3238 3317
3238 3318
3239 3240
3239 3318
3239 3319
3240 3241
3240 3319
3240 3320
3241 3242
3241 3319
3241 3320
3241 3321
3242 3320
3242 3321
3243 3244
3243 3322
3243 3323
3244 3245
3244 3322
3244 3323
3245 3246
3245 3323
3245 3324
3246 3247
3246 3324
3246 3325
3247 3248
3247 3324
3247 3325
3247 3326
3248 3249
3248 3325
3248 3326
3249 3250
3249 3326
3250 3251
3250 3327
3251 3252
3251 3327
3251 3328
3252 3327
3252 3328
3252 3329
3253 3254
3253 3330
3253 3331
3254 3255
3254 3330
3254 3331
3254 3332
3255 3256
3255 3331
3255 3332
3255 3333
3256 3257
3256 3332
3256 3333
3257 3333
3257 3334
3258 3259
3258 3334
3258 3335
3258 3336
3259 3260
3259 3335
3259 3336
3259 3337
3260 3261
3260 3336
3260 3337
3260 3338
3261 3262
3261 3337
3261 3338
3261 3339
3262 3263
3262 3338
3262 3339
3262 3340
3263 3264
3263 3339
3263 3340
3263 3341
3264 3265
3264 3340
3264 3341
3264 3342
3265 3266
3265 3341
3265 3342
3265 3343
3266 3267
3266 3342
3266 3343
3266 3344
3267 3268
3267 3343
3267 3344
3267 3345
3268 3269
3268 3344
3268 3345
3268 3346
3269 3270
3269 3345
3269 3346
3269 3347
3270 3346
3270 3347
3270 3348
3271 3272
3271 3348
3271 3349
3271 3350
3272 3273
3272 3349
3272 3350
3272 3351
3273 3350
3273 3351
3273 3352
3274 3352
3274 3353
3274 3354
3275 3355
3276 3355
3276 3356
3276 3357
3277 3278
3277 3357
3277 3358
3277 3359
3278 3358
3278 3359
3278 3360
3279 3360
3279 3361
3280 3281
3280 3362
3280 3363
3281 3282
3281 3362
3281 3363
3281 3364
3282 3283
3282 3363
3282 3364
3282 3365
3283 3284
3283 3364
3283 3365
3283 3366
3284 3285
3284 3365
3284 3366
3284 3367
3285 3286
3285 3366
3285 3367
3285 3368
3286 3287
3286 3367
3286 3368
3286 3369
3287 3288
3287 3368
3287 3369
3287 3370
3288 3369
3288 3370
3289 3290
3289 3371
3290 3291
3290 3371
3290 3372
3291 3292
3291 3372
3291 3373
3292 3293
3292 3372
3292 3373
3293 3294
3293 3373
3293 3374
3294 3295
3294 3374
3294 3375
3295 3296
3295 3374
3295 3375
3295 3376
3296 3297
3296 3375
3296 3376
3296 3377
3297 3298
3297 3376
3297 3377
3298 3377
3298 3378
3299 3379
3299 3380
3299 3381
3300 3381
3301 3302
3301 3382
3301 3383
3302 3303
3302 3382
3302 3383
3303 3304
3303 3383
3304 3384
3305 3306
3305 3384
3305 3385
3305 3386
3306 3307
3306 3385
3306 3386
3306 3387
3307 3308
3307 3386
3307 3387
3307 3388
3308 3309
3308 3387
3308 3388
3309 3310
3309 3388
3309 3389
3310 3311
3310 3389
3310 3390
3311 3312
3311 3389
3311 3390
3311 3391
3312 3313
3312 3390
3312 3391
3312 3392
3313 3391
3313 3392
3313 3393
3314 3315
3314 3393
3314 3394
3315 3316
3315 3394
3315 3395
3316 3394
3316 3395
3316 3396
3317 3318
3317 3396
3317 3397
3317 3398
3318 3397
3318 3398
3318 3399
3319 3320
3319 3399
3319 3400
3319 3401
3320 3321
3320 3400
3320 3401
3320 3402
3321 3401
3321 3402
3321 3403
3322 3323
3322 3403
3322 3404
3322 3405
3323 3404
3323 3405
3323 3406
3324 3325
3324 3406
3324 3407
3324 3408
3325 3326
3325 3407
3325 3408
3325 3409
3326 3408
3326 3409
3327 3328
3327 3410
3327 3411
3328 3329
3328 3411
3328 3412
3329 3411
3329 3412
3329 3413
3330 3331
3330 3413
3330 3414
3330 3415
3331 3332
3331 3414
3331 3415
3331 3416
3332 3333
3332 3415
3332 3416
3332 3417
3333 3416
3333 3417
3334 3335
3334 3418
3334 3419
3335 3336
3335 3418
3335 3419
3336 3337
3336 3419
3336 3420
3337 3338
3337 3420
3337 3421
3338 3339
3338 3420
3338 3421
3338 3422
3339 3340
3339 3421
3339 3422
3339 3423
3340 3341
3340 3422
3340 3423
3340 3424
3341 3342
3341 3423
3341 3424
3341 3425
3342 3343
3342 3424
3342 3425
3342 3426
3343 3344
3343 3425
3343 3426
3343 3427
3344 3345
3344 3426
3344 3427
3344 3428
3345 3346
3345 3427
3345 3428
3346 3347
3346 3428
3346 3429
3347 3348
3347 3429
3348 3349
3348 3429
3348 3430
3349 3350
3349 3430
3349 3431
3350 3351
3350 3430
3350 3431
3350 3432
3351 3352
3351 3431
3351 3432
3351 3433
3352 3353
3352 3432
3352 3433
3352 3434
3353 3354
3353 3433
3353 3434
3353 3435
3354 3434
3354 3435
3355 3356
3355 3436
3355 3437
3355 3438
3356 3357
3356 3437
3356 3438
3356 3439
3357 3358
3357 3438
3357 3439
3358 3359
3358 3439
3359 3360
3359 3440
3360 3361
3360 3440
3360 3441
3361 3440
3361 3441
3361 3442
3362 3363
3362 3443
3362 3444
3362 3445
3363 3364
3363 3444
3363 3445
3363 3446
3364 3365
3364 3445
3364 3446
3364 3447
3365 3366
3365 3446
3365 3447
3365 3448
3366 3367
3366 3447
3366 3448
3367 3368
3367 3448
3367 3449
3368 3369
3368 3449
3369 3370
3369 3449
3369 3450
3370 3450
3371 3451
3371 3452
3372 3373
3372 3452
3372 3453
3373 3453
3373 3454
3374 3375
3374 3454
3374 3455
3374 3456
3375 3376
3375 3455
3375 3456
3376 3377
3376 3456
3378 3379
3378 3457
3379 3380
3379 3457
3380 3381
3380 3458
3381 3458
3381 3459
3382 3383
3382 3460
3382 3461
3383 3461
3383 3462
3384 3385
3384 3463
3384 3464
3384 3465
3385 3386
3385 3464
3385 3465
3385 3466
3386 3387
3386 3465
3386 3466
3386 3467
3387 3388
3387 3466
3387 3467
3387 3468
3388 3467
3388 3468
3388 3469
3389 3390
3389 3469
3389 3470
3389 3471
3390 3391
3390 3470
3390 3471
3390 3472
3391 3392
3391 3471
3391 3472
3391 3473
3392 3393
3392 3472
3392 3473
3393 3473
3393 3474
3394 3395
3394 3474
3394 3475
3394 3476
3395 3396
3395 3475
3395 3476
3395 3477
3396 3397
3396 3476
3396 3477
3396 3478
3397 3398
3397 3477
3397 3478
3397 3479
3398 3399
3398 3478
3398 3479
3398 3480
3399 3400
3399 3479
3399 3480
3399 3481
3400 3401
3400 3480
3400 3481
3400 3482
3401 3402
3401 3481
3401 3482
3402 3403
3402 3482
3402 3483
3403 3404
3403 3483
3403 3484
3404 3405
3404 3483
3404 3484
3404 3485
3405 3406
3405 3484
3405 3485
3405 3486
3406 3407
3406 3485
3406 3486
3406 3487
3407 3408
3407 3486
3407 3487
3408 3409
3408 3487
3408 3488
3409 3488
3409 3489
3410 3489
3410 3490
3410 3491
3411 3412
3411 3491
3411 3492
3412 3413
3412 3492
3412 3493
3413 3414
3413 3493
3414 3415
3414 3493
3414 3494
3415 3416
3415 3494
3415 3495
3416 3417
3416 3494
3416 3495
3416 3496
3417 3495
3417 3496
3417 3497
3418 3419
3418 3497
3418 3498
3418 3499
3419 3498
3419 3499
3419 3500
3420 3421
3420 3500
3420 3501
3420 3502
3421 3422
3421 3501
3421 3502
3421 3503
3422 3423
3422 3502
3422 3503
3423 3424
3423 3503
3423 3504
3424 3425
3424 3504
3424 3505
3425 3426
3425 3504
3425 3505
3425 3506
3426 3427
3426 3505
3426 3506
3426 3507
3427 3428
3427 3506
3427 3507
3427 3508
3428 3507
3428 3508
3428 3509
3429 3509
3429 3510
3429 3511
3430 3431
3430 3511
3430 3512
3430 3513
3431 3432
3431 3512
3431 3513
3431 3514
3432 3433
3432 3513
3432 3514
3433 3434
3433 3514
3434 3435
3435 3515
3436 3437
3436 3515
3437 3438
3437 3516
3438 3439
3438 3516
3439 3516
3439 3517
3440 3441
3440 3518
3440 3519
3440 3520
3441 3442
3441 3519
3441 3520
3442 3443
3442 3520
3442 3521
3443 3444
3443 3521
3444 3445
3444 3521
3444 3522
3445 3446
3445 3522
3445 3523
3446 3447
3446 3522
3446 3523
3446 3524
3447 3448
3447 3523
3447 3524
3447 3525
3448 3524
3448 3525
3448 3526
3449 3526
3449 3527
3450 3527
3450 3528
3451 3452
3451 3529
3451 3530
3452 3529
3452 3530
3452 3531
3453 3454
3453 3531
3453 3532
3454 3455
3454 3532
3454 3533
3455 3456
3455 3532
3455 3533
3455 3534
3456 3533
3456 3534
3456 3535
3457 3537
3457 3538
3457 3539
3458 3459
3458 3540
3458 3541
3458 3542
3459 3460
3459 3541
3459 3542
3459 3543
3460 3461
3460 3542
3460 3543
3460 3544
3461 3543
3461 3544
3462 3463
3462 3545
3463 3464
3463 3545
3463 3546
3464 3465
3464 3545
3464 3546
3464 3547
3465 3466
3465 3546
3465 3547
3465 3548
3466 3467
3466 3547
3466 3548
3466 3549
3467 3468
3467 3548
3467 3549
3468 3469
3468 3549
3469 3470
3470 3471
3470 3550
3471 3472
3471 3550
3472 3473
3472 3550
3474 3475
3474 3551
3474 3552
3475 3476
3475 3551
3475 3552
3475 3553
3476 3477
3476 3552
3476 3553
3476 3554
3477 3478
3477 3553
3477 3554
3477 3555
3478 3479
3478 3554
3478 3555
3478 3556
3479 3480
3479 3555
3479 3556
3479 3557
3480 3481
3480 3556
3480 3557
3480 3558
3481 3482
3481 3557
3481 3558
3482 3558
3482 3559
3483 3484
3483 3559
3483 3560
3483 3561
3484 3485
3484 3560
3484 3561
3484 3562
3485 3486
3485 3561
3485 3562
3486 3487
3486 3562
3486 3563
3487 3563
3487 3564
3488 3489
3488 3564
3488 3565
3488 3566
3489 3490
3489 3565
3489 3566
3490 3491
3490 3566
3490 3567
3491 3492
3491 3567
3491 3568
3492 3567
3492 3568
3492 3569
3493 3569
3493 3570
3493 3571
3494 3495
3494 3571
3494 3572
3494 3573
3495 3496
3495 3572
3495 3573
3495 3574
3496 3497
3496 3573
3496 3574
3497 3498
3497 3574
3497 3575
3498 3499
3498 3575
3498 3576
3499 3500
3499 3575
3499 3576
3499 3577
3500 3501
3500 3576
3500 3577
3500 3578
3501 3502
3501 3577
3501 3578
3502 3503
3502 3578
3502 3579
3503 3579
3504 3505
3505 3506
3505 3580
3506 3507
3506 3580
3506 3581
3507 3508
3507 3580
3507 3581
3507 3582
3508 3509
3508 3581
3508 3582
3508 3583
3509 3510
3509 3582
3509 3583
3509 3584
3510 3511
3510 3583
3510 3584
3510 3585
3511 3512
3511 3584
3511 3585
3512 3513
3512 3585
3512 3586
3513 3514
3513 3586
3514 3586
3515 3588
3515 3589
3515 3590
3516 3591
3516 3592
3517 3518
3517 3593
3517 3594
3518 3519
3518 3593
3518 3594
3518 3595
3519 3520
3519 3594
3519 3595
3519 3596
3520 3595
3520 3596
3521 3597
3521 3598
3522 3523
3522 3598
3522 3599
3522 3600
3523 3524
3523 3599
3523 3600
3523 3601
3524 3525
3524 3600
3524 3601
3524 3602
3525 3526
3525 3601
3525 3602
3525 3603
3526 3602
3526 3603
3526 3604
3527 3528
3527 3604
3527 3605
3527 3606
3528 3605
3528 3606
3529 3530
3529 3607
3529 3608
3530 3531
3530 3607
3530 3608
3530 3609
3531 3608
3531 3609
3531 3610
3532 3533
3532 3610
3532 3611
3532 3612
3533 3534
3533 3611
3533 3612
3533 3613
3534 3535
3534 3612
3534 3613
3534 3614
3535 3536
3535 3613
3535 3614
3536 3537
3536 3614
3536 3615
3537 3538
3537 3615
3537 3616
3538 3539
3538 3615
3538 3616
3538 3617
3539 3540
3539 3616
3539 3617
3539 3618
3540 3541
3540 3617
3540 3618
3540 3619
3541 3542
3541 3618
3541 3619
3541 3620
3542 3543
3542 3619
3542 3620
3542 3621
3543 3544
3543 3620
3543 3621
3543 3622
3544 3621
3544 3622
3544 3623
3545 3546
3545 3624
3546 3547
3546 3624
3546 3625
3547 3548
3547 3625
3548 3549
3548 3625
3548 3626
3549 3626
3550 3628
3550 3629
3551 3552
3551 3631
3551 3632
3551 3633
3552 3553
3552 3632
3552 3633
3552 3634
3553 3554
3553 3633
3553 3634
3553 3635
3554 3555
3554 3634
3554 3635
3554 3636
3555 3556
3555 3635
3555 3636
3555 3637
3556 3557
3556 3636
3556 3637
3556 3638
3557 3558
3557 3637
3557 3638
3557 3639
3558 3638
3558 3639
3559 3560
3559 3640
3559 3641
3560 3561
3560 3640
3560 3641
3560 3642
3561 3562
3561 3641
3561 3642
3561 3643
3562 3642
3562 3643
3563 3564
3563 3644
3563 3645
3564 3565
3564 3644
3564 3645
3565 3566
3565 3645
3566 3646
3567 3568
3567 3646
3567 3647
3567 3648
3568 3569
3568 3647
3568 3648
3568 3649
3569 3570
3569 3648
3569 3649
3569 3650
3570 3571
3570 3649
3570 3650
3570 3651
3571 3572
3571 3650
3571 3651
3571 3652
3572 3573
3572 3651
3572 3652
3572 3653
3573 3574
3573 3652
3573 3653
3573 3654
3574 3653
3574 3654
3574 3655
3575 3576
3575 3655
3575 3656
3575 3657
3576 3577
3576 3656
3576 3657
3576 3658
3577 3578
3577 3657
3577 3658
3577 3659
3578 3658
3578 3659
3578 3660
3579 3660
3579 3661
3580 3581
3580 3663
3581 3582
3581 3663
3581 3664
3582 3583
3582 3663
3582 3664
3582 3665
3583 3584
3583 3664
3583 3665
3583 3666
3584 3585
3584 3665
3584 3666
3584 3667
3585 3666
3585 3667
3585 3668
3586 3668
3586 3669
3586 3670
3587 3588
3587 3671
3587 3672
3587 3673
3588 3589
3588 3672
3588 3673
3588 3674
3589 3590
3589 3673
3589 3674
3589 3675
3590 3591
3590 3674
3590 3675
3590 3676
3591 3592
3591 3675
3591 3676
3591 3677
3592 3676
3592 3677
3592 3678
3593 3594
3593 3678
3593 3679
3593 3680
3594 3595
3594 3679
3594 3680
3595 3596
3595 3680
3595 3681
3596 3681
3596 3682
3597 3598
3597 3682
3597 3683
3597 3684
3598 3599
3598 3683
3598 3684
3598 3685
3599 3600
3599 3684
3599 3685
3599 3686
3600 3601
3600 3685
3600 3686
3601 3602
3601 3686
3601 3687
3602 3603
3602 3687
3602 3688
3603 3604
3603 3687
3603 3688
3604 3605
3604 3688
3605 3606
3607 3608
3607 3689
3607 3690
3608 3609
3608 3689
3608 3690
3608 3691
3609 3610
3609 3690
3609 3691
3610 3611
3610 3691
3611 3612
3611 3692
3612 3613
3612 3692
3612 3693
3613 3614
3613 3692
3613 3693
3613 3694
3614 3693
3614 3694
3614 3695
3615 3616
3615 3695
3615 3696
3616 3617
3616 3696
3616 3697
3617 3618
3617 3696
3617 3697
3618 3619
3618 3697
3618 3698
3619 3620
3619 3698
3619 3699
3620 3621
3620 3698
3620 3699
3620 3700
3621 3622
3621 3699
3621 3700
3621 3701
3622 3623
3622 3700
3622 3701
3622 3702
3623 3701
3623 3702
3623 3703
3624 3703
3624 3704
3624 3705
3625 3705
3625 3706
3625 3707
3626 3707
3626 3708
3626 3709
3627 3628
3627 3709
3627 3710
3628 3629
3628 3710
3628 3711
3629 3711
3629 3712
3630 3631
3630 3712
3630 3713
3631 3632
3631 3713
3631 3714
3632 3633
3632 3714
3632 3715
3633 3634
3633 3714
3633 3715
3633 3716
3634 3635
3634 3715
3634 3716
3634 3717
3635 3636
3635 3716
3635 3717
3636 3637
3636 3717
3636 3718
3637 3638
3637 3718
3637 3719
3638 3639
3638 3718
3638 3719
3638 3720
3639 3719
3639 3720
3640 3641
3640 3721
3640 3722
3641 3642
3641 3721
3641 3722
3641 3723
3642 3643
3642 3722
3642 3723
3642 3724
3643 3723
3643 3724
3643 3725
3644 3645
3644 3725
3644 3726
3644 3727
3645 3726
3645 3727
3645 3728
3646 3647
3646 3729
3646 3730
3646 3731
3647 3648
3647 3730
3647 3731
3647 3732
3648 3649
3648 3731
3648 3732
3648 3733
3649 3650
3649 3732
3649 3733
3649 3734
3650 3651
3650 3733
3650 3734
3650 3735
3651 3652
3651 3734
3651 3735
3651 3736
3652 3653
3652 3735
3652 3736
3652 3737
3653 3654
3653 3736
3653 3737
3653 3738
3654 3655
3654 3737
3654 3738
3654 3739
3655 3656
3655 3738
3655 3739
3655 3740
3656 3657
3656 3739
3656 3740
3656 3741
3657 3658
3657 3740
3657 3741
3657 3742
3658 3659
3658 3741
3658 3742
3658 3743
3659 3660
3659 3742
3659 3743
3660 3661
3660 3743
3661 3744
3662 3744
3663 3664
3663 3745
3663 3746
3664 3665
3664 3746
3664 3747
3665 3666
3665 3746
3665 3747
3665 3748
3666 3667
3666 3747
3666 3748
3666 3749
3667 3668
3667 3748
3667 3749
3668 3669
3668 3749
3669 3670
3669 3750
3670 3671
3670 3750
3670 3751
3671 3672
3671 3750
3671 3751
3671 3752
3672 3673
3672 3751
3672 3752
3672 3753
3673 3674
3673 3752
3673 3753
3673 3754
3674 3675
3674 3753
3674 3754
3674 3755
3675 3676
3675 3754
3675 3755
3675 3756
3676 3677
3676 3755
3676 3756
3676 3757
3677 3678
3677 3756
3677 3757
3677 3758
3678 3679
3678 3757
3678 3758
3678 3759
3679 3680
3679 3758
3679 3759
3679 3760
3680 3759
3680 3760
3680 3761
3681 3682
3681 3761
3681 3762
3681 3763
3682 3683
3682 3762
3682 3763
3682 3764
3683 3684
3683 3763
3683 3764
3683 3765
3684 3685
3684 3764
3684 3765
3684 3766
3685 3686
3685 3765
3685 3766
3685 3767
3686 3766
3686 3767
3686 3768
3687 3688
3687 3768
3687 3769
3688 3769
3688 3770
3689 3690
3689 3773
3689 3774
3690 3691
3690 3773
3690 3774
3690 3775
3691 3774
3691 3775
3691 3776
3692 3693
3692 3777
3693 3694
3693 3778
3694 3695
3694 3778
3694 3779
3695 3778
3695 3779
3695 3780
3696 3697
3696 3780
3696 3781
3697 3781
3697 3782
3698 3699
3698 3782
3699 3700
3700 3701
3701 3702
3701 3783
3702 3703
3702 3783
3702 3784
3703 3704
3703 3783
3703 3784
3703 3785
3704 3705
3704 3784
3704 3785
3704 3786
3705 3706
3705 3785
3705 3786
3705 3787
3706 3707
3706 3786
3706 3787
3706 3788
3707 3708
3707 3787
3707 3788
3707 3789
3708 3709
3708 3788
3708 3789
3708 3790
3709 3710
3709 3789
3709 3790
3709 3791
3710 3790
3710 3791
3710 3792
3711 3712
3711 3792
3711 3793
3712 3713
3712 3793
3712 3794
3713 3794
3713 3795
3714 3715
3714 3795
3714 3796
3715 3716
3715 3796
3715 3797
3716 3717
3716 3797
3716 3798
3717 3797
3717 3798
3717 3799
3718 3719
3718 3799
3718 3800
3718 3801
3719 3720
3719 3800
3719 3801
3719 3802
3720 3801
3720 3802
3720 3803
3721 3722
3721 3803
3721 3804
3722 3723
3722 3804
3722 3805
3723 3724
3723 3805
3723 3806
3724 3725
3724 3805
3724 3806
3725 3726
3725 3806
3725 3807
3726 3727
3726 3807
3726 3808
3727 3728
3727 3807
3727 3808
3727 3809
3728 3729
3728 3808
3728 3809
3729 3730
3729 3809
3729 3810
3730 3731
3730 3810
3730 3811
3731 3732
3731 3810
3731 3811
3731 3812
3732 3733
3732 3811
3732 3812
3732 3813
3733 3734
3733 3812
3733 3813
3733 3814
3734 3735
3734 3813
3734 3814
3734 3815
3735 3736
3735 3814
3735 3815
3735 3816
3736 3737
3736 3815
3736 3816
3736 3817
3737 3738
3737 3816
3737 3817
3738 3739
3738 3817
3739 3740
3739 3818
3740 3741
3740 3818
3740 3819
3741 3742
3741 3818
3741 3819
3741 3820
3742 3743
3742 3819
3742 3820
3742 3821
3743 3820
3743 3821
3743 3822
3744 3823
3744 3824
3744 3825
3745 3826
3745 3827
3745 3828
3746 3747
3746 3828
3746 3829
3747 3748
3747 3829
3747 3830
3748 3749
3748 3830
3749 3830
3749 3831
3750 3751
3750 3832
3750 3833
3750 3834
3751 3752
3751 3833
3751 3834
3751 3835
3752 3753
3752 3834
3752 3835
3752 3836
3753 3754
3753 3835
3753 3836
3753 3837
3754 3755
3754 3836
3754 3837
3754 3838
3755 3756
3755 3837
3755 3838
3755 3839
3756 3757
3756 3838
3756 3839
3756 3840
3757 3758
3757 3839
3757 3840
3757 3841
3758 3759
3758 3840
3758 3841
3758 3842
3759 3760
3759 3841
3759 3842
3759 3843
3760 3761
3760 3842
3760 3843
3760 3844
3761 3762
3761 3843
3761 3844
3761 3845
3762 3763
3762 3844
3762 3845
3762 3846
3763 3764
3763 3845
3763 3846
3763 3847
3764 3765
3764 3846
3764 3847
3764 3848
3765 3766
3765 3847
3765 3848
3766 3767
3766 3848
3767 3768
3767 3849
3768 3769
3768 3849
3768 3850
3769 3849
3769 3850
3769 3851
3770 3771
3770 3851
3770 3852
3770 3853
3771 3772
3771 3852
3771 3853
3771 3854
3772 3853
3772 3854
3773 3774
3773 3855
3773 3856
3774 3775
3774 3855
3774 3856
3774 3857
3775 3776
3775 3856
3775 3857
3776 3777
3776 3857
3777 3858
3778 3779
3778 3859
3778 3860
3778 3861
3779 3780
3779 3860
3779 3861
3780 3781
3780 3861
3780 3862
3781 3862
3782 3863
3782 3864
3783 3784
3783 3866
3783 3867
3783 3868
3784 3785
3784 3867
3784 3868
3784 3869
3785 3786
3785 3868
3785 3869
3785 3870
3786 3787
3786 3869
3786 3870
3787 3788
3787 3870
3787 3871
3788 3789
3788 3871
3788 3872
3789 3790
3789 3871
3789 3872
3789 3873
3790 3791
3790 3872
3790 3873
3790 3874
3791 3792
3791 3873
3791 3874
3792 3793
3792 3874
3792 3875
3793 3875
3793 3876
3794 3795
3794 3876
3794 3877
3794 3878
3795 3796
3795 3877
3795 3878
3795 3879
3796 3878
3796 3879
3796 3880
3797 3798
3797 3880
3797 3881
3797 3882
3798 3799
3798 3881
3798 3882
3798 3883
3799 3800
3799 3882
3799 3883
3799 3884
3800 3801
3800 3883
3800 3884
3800 3885
3801 3802
3801 3884
3801 3885
3801 3886
3802 3803
3802 3885
3802 3886
3803 3804
3803 3886
3803 3887
3804 3887
3804 3888
3805 3806
3805 3888
3805 3889
3805 3890
3806 3889
3806 3890
3807 3808
3807 3891
3808 3809
3808 3891
3808 3892
3809 3891
3809 3892
3809 3893
3810 3811
3810 3893
3810 3894
3811 3812
3811 3894
3811 3895
3812 3813
3812 3894
3812 3895
3812 3896
3813 3814
3813 3895
3813 3896
3813 3897
3814 3815
3814 3896
3814 3897
3815 3816
3815 3897
3816 3817
3816 3898
3817 3898
3817 3899
3818 3819
3818 3900
3818 3901
3819 3820
3819 3900
3819 3901
3819 3902
3820 3821
3820 3901
3820 3902
3821 3822
3821 3902
3821 3903
3822 3823
3822 3903
3822 3904
3823 3824
3823 3903
3823 3904
3823 3905
3824 3825
3824 3904
3824 3905
3824 3906
3825 3826
3825 3905
3825 3906
3825 3907
3826 3827
3826 3906
3826 3907
3826 3908
3827 3828
3827 3907
3827 3908
3827 3909
3828 3829
3828 3908
3828 3909
3828 3910
3829 3909
3829 3910
3830 3911
3830 3912
3831 3832
3831 3912
3831 3913
3831 3914
3832 3833
3832 3913
3832 3914
3832 3915
3833 3834
3833 3914
3833 3915
3833 3916
3834 3835
3834 3915
3834 3916
3834 3917
3835 3836
3835 3916
3835 3917
3835 3918
3836 3837
3836 3917
3836 3918
3836 3919
3837 3838
3837 3918
3837 3919
3837 3920
3838 3839
3838 3919
3838 3920
3838 3921
3839 3840
3839 3920
3839 3921
3839 3922
3840 3841
3840 3921
3840 3922
3840 3923
3841 3842
3841 3922
3841 3923
3841 3924
3842 3843
3842 3923
3842 3924
3843 3844
3843 3924
3843 3925
3844 3845
3844 3925
3844 3926
3845 3846
3845 3925
3845 3926
3845 3927
3846 3847
3846 3926
3846 3927
3846 3928
3847 3848
3847 3927
3847 3928
3848 3928
3849 3850
3849 3929
3849 3930
3849 3931
3850 3851
3850 3930
3850 3931
3850 3932
3851 3852
3851 3931
3851 3932
3852 3853
3852 3932
3852 3933
3853 3854
3853 3933
3854 3933
3855 3856
3855 3934
3856 3857
3856 3934
3856 3935
3857 3935
3857 3936
3858 3859
3858 3937
3858 3938
3859 3860
3859 3938
3859 3939
3860 3861
3860 3938
3860 3939
3860 3940
3861 3939
3861 3940
3861 3941
3862 3941
3862 3942
3862 3943
3863 3864
3863 3943
3863 3944
3863 3945
3864 3944
3864 3945
3864 3946
3865 3866
3865 3946
3865 3947
3865 3948
3866 3867
3866 3947
3866 3948
3867 3868
3867 3948
3867 3949
3868 3869
3868 3949
3868 3950
3869 3870
3869 3949
3869 3950
3870 3950
3870 3951
3871 3872
3871 3951
3871 3952
3871 3953
3872 3873
3872 3952
3872 3953
3872 3954
3873 3874
3873 3953
3873 3954
3873 3955
3874 3954
3874 3955
3874 3956
3875 3876
3875 3956
3875 3957
3875 3958
3876 3877
3876 3957
3876 3958
3876 3959
3877 3878
3877 3958
3877 3959
3878 3879
3878 3959
3879 3880
3879 3960
3880 3881
3880 3960
3880 3961
3881 3882
3881 3960
3881 3961
3881 3962
3882 3883
3882 3961
3882 3962
3883 3884
3883 3962
3883 3963
3884 3885
3884 3963
3884 3964
3885 3886
3885 3963
3885 3964
3886 3964
3886 3965
3887 3888
3887 3965
3887 3966
3887 3967
3888 3889
3888 3966
3888 3967
3888 3968
3889 3890
3889 3967
3889 3968
3889 3969
3890 3968
3890 3969
3890 3970
3891 3892
3891 3971
3891 3972
3891 3973
3892 3893
3892 3972
3892 3973
3892 3974
3893 3973
3893 3974
3893 3975
3894 3895
3894 3975
3894 3976
3894 3977
3895 3896
3895 3976
3895 3977
3895 3978
3896 3897
3896 3977
3896 3978
3896 3979
3897 3978
3897 3979
3897 3980
3898 3899
3898 3981
3898 3982
3898 3983
3899 3982
3899 3983
3899 3984
3900 3901
3900 3984
3900 3985
3900 3986
3901 3902
3901 3985
3901 3986
3901 3987
3902 3986
3902 3987
3902 3988
3903 3904
3903 3988
3903 3989
3903 3990
3904 3905
3904 3989
3904 3990
3904 3991
3905 3906
3905 3990
3905 3991
3905 3992
3906 3907
3906 3991
3906 3992
3907 3908
3907 3992
3907 3993
3908 3909
3908 3993
3908 3994
3909 3910
3909 3993
3909 3994
3909 3995
3910 3994
3910 3995
3910 3996
3911 3912
3911 3996
3911 3997
3912 3913
3912 3997
3912 3998
3913 3914
3913 3997
3913 3998
3913 3999
3914 3915
3914 3998
3914 3999
3914 4000
3915 3916
3915 3999
3915 4000
3916 3917
3916 4000
3916 4001
3917 3918
3917 4001
3917 4002
3918 3919
3918 4001
3918 4002
3918 4003
3919 3920
3919 4002
3919 4003
3919 4004
3920 3921
3920 4003
3920 4004
3920 4005
3921 3922
3921 4004
3921 4005
3922 3923
3922 4005
3922 4006
3923 3924
3923 4006
3923 4007
3924 4006
3924 4007
3924 4008
3925 3926
3925 4008
3926 3927
3926 4009
3927 3928
3927 4009
3928 4009
3928 4010
3929 3930
3929 4011
3930 3931
3930 4011
3931 3932
3931 4012
3932 4012
3932 4013
3933 4013
3933 4014
3934 4015
3935 3936
3935 4015
3935 4016
3935 4017
3936 3937
3936 4016
3936 4017
3936 4018
3937 4017
3937 4018
3938 3939
3938 4019
3938 4020
3939 3940
3939 4019
3939 4020
3940 3941
3940 4020
3940 4021
3941 3942
3941 4021
3941 4022
3942 3943
3942 4021
3942 4022
3942 4023
3943 3944
3943 4022
3943 4023
3943 4024
3944 3945
3944 4023
3944 4024
3944 4025
3945 3946
3945 4024
3945 4025
3945 4026
3946 3947
3946 4025
3946 4026
3946 4027
3947 3948
3947 4026
3947 4027
3947 4028
3948 4027
3948 4028
3948 4029
3949 3950
3949 4029
3949 4030
3950 4030
3950 4031
3951 3952
3951 4031
3951 4032
3952 3953
3952 4032
3952 4033
3953 3954
3953 4032
3953 4033
3953 4034
3954 3955
3954 4033
3954 4034
3954 4035
3955 3956
3955 4034
3955 4035
3956 3957
3956 4035
3956 4036
3957 3958
3957 4036
3958 3959
3958 4036
3959 4037
3960 3961
3960 4038
3960 4039
3960 4040
3961 3962
3961 4039
3961 4040
3961 4041
3962 4040
3962 4041
3962 4042
3963 3964
3963 4042
3963 4043
3963 4044
3964 4043
3964 4044
3964 4045
3965 3966
3965 4045
3965 4046
3966 3967
3966 4046
3966 4047
3967 3968
3967 4046
3967 4047
3967 4048
3968 3969
3968 4047
3968 4048
3968 4049
3969 3970
3969 4048
3969 4049
3969 4050
3970 3971
3970 4049
3970 4050
3970 4051
3971 3972
3971 4050
3971 4051
3972 3973
3972 4051
3972 4052
3973 3974
3973 4052
3973 4053
3974 3975
3974 4052
3974 4053
3974 4054
3975 3976
3975 4053
3975 4054
3975 4055
3976 3977
3976 4054
3976 4055
3976 4056
3977 3978
3977 4055
3977 4056
3977 4057
3978 3979
3978 4056
3978 4057
3978 4058
3979 3980
3979 4057
3979 4058
3979 4059
3980 3981
3980 4058
3980 4059
3980 4060
3981 3982
3981 4059
3981 4060
3981 4061
3982 3983
3982 4060
3982 4061
3983 3984
3983 4061
3983 4062
3984 3985
3984 4062
3984 4063
3985 3986
3985 4062
3985 4063
3985 4064
3986 3987
3986 4063
3986 4064
3986 4065
3987 3988
3987 4064
3987 4065
3987 4066
3988 3989
3988 4065
3988 4066
3988 4067
3989 3990
3989 4066
3989 4067
3989 4068
3990 3991
3990 4067
3990 4068
3990 4069
3991 3992
3991 4068
3991 4069
3991 4070
3992 4069
3992 4070
3992 4071
3993 3994
3993 4071
3993 4072
3993 4073
3994 3995
3994 4072
3994 4073
3994 4074
3995 3996
3995 4073
3995 4074
3995 4075
3996 4074
3996 4075
3996 4076
3997 3998
3997 4076
3997 4077
3997 4078
3998 3999
3998 4077
3998 4078
3999 4000
3999 4078
4000 4079
4001 4002
4001 4079
4002 4003
4002 4080
4003 4004
4003 4080
4003 4081
4004 4005
4004 4080
4004 4081
4004 4082
4005 4081
4005 4082
4005 4083
4006 4007
4006 4083
4006 4084
4006 4085
4007 4008
4007 4084
4007 4085
4008 4085
4008 4086
4009 4087
4010 4087
4010 4088
4011 4088
4011 4089
4012 4013
4012 4090
4012 4091
4013 4091
4014 4092
4015 4016
4015 4093
4015 4094
4015 4095
4016 4017
4016 4094
4016 4095
4016 4096
4017 4018
4017 4095
4017 4096
4017 4097
4018 4096
4018 4097
4018 4098
4019 4020
4019 4098
4019 4099
4020 4099
4021 4022
4021 4100
4022 4023
4022 4100
4022 4101
4023 4024
4023 4101
4023 4102
4024 4025
4024 4101
4024 4102
4024 4103
4025 4026
4025 4102
4025 4103
4025 4104
4026 4027
4026 4103
4026 4104
4026 4105
4027 4028
4027 4104
4027 4105
4027 4106
4028 4029
4028 4105
4028 4106
4028 4107
4029 4106
4029 4107
4029 4108
4030 4031
4030 4108
4030 4109
4031 4109
4032 4033
4032 4110
4032 4111
4033 4034
4033 4110
4033 4111
4033 4112
4034 4035
4034 4111
4034 4112
4034 4113
4035 4112
4035 4113
4035 4114
4036 4114
4036 4115
4036 4116
4037 4038
4037 4117
4037 4118
4038 4039
4038 4118
4038 4119
4039 4040
4039 4118
4039 4119
4039 4120
4040 4041
4040 4119
4040 4120
4040 4121
4041 4042
4041 4120
4041 4121
4042 4043
4042 4121
4042 4122
4043 4044
4043 4122
4043 4123
4044 4045
4044 4122
4044 4123
4044 4124
4045 4123
4045 4124
4045 4125
4046 4047
4046 4125
4046 4126
4047 4048
4047 4126
4048 4049
4048 4126
4048 4127
4049 4050
4049 4127
4049 4128
4050 4051
4050 4127
4050 4128
4050 4129
4051 4128
4051 4129
4051 4130
4052 4053
4052 4130
4052 4131
4052 4132
4053 4054
4053 4131
4053 4132
4053 4133
4054 4055
4054 4132
4054 4133
4054 4134
4055 4056
4055 4133
4055 4134
4055 4135
4056 4057
4056 4134
4056 4135
4057 4058
4057 4135
4058 4059
4058 4136
4059 4060
4059 4136
4059 4137
4060 4061
4060 4136
4060 4137
4060 4138
4061 4137
4061 4138
4061 4139
4062 4063
4062 4139
4062 4140
4063 4064
4063 4140
4063 4141
4064 4065
4064 4141
4064 4142
4065 4066
4065 4141
4065 4142
4065 4143
4066 4067
4066 4142
4066 4143
4066 4144
4067 4068
4067 4143
4067 4144
4068 4069
4068 4144
4068 4145
4069 4070
4069 4145
4069 4146
4070 4071
4070 4145
4070 4146
4070 4147
4071 4072
4071 4146
4071 4147
4071 4148
4072 4073
4072 4147
4072 4148
4072 4149
4073 4074
4073 4148
4073 4149
4073 4150
4074 4075
4074 4149
4074 4150
4074 4151
4075 4076
4075 4150
4075 4151
4075 4152
4076 4077
4076 4151
4076 4152
4077 4078
4077 4152
4077 4153
4078 4153
4078 4154
4079 4155
4079 4156
4080 4081
4080 4157
4080 4158
4081 4082
4081 4158
4081 4159
4082 4083
4082 4159
4083 4084
4083 4159
4083 4160
4084 4085
4084 4160
4084 4161
4085 4160
4085 4161
4086 4162
4086 4163
4087 4164
4087 4165
4087 4166
4088 4166
4088 4167
4088 4168
4089 4090
4089 4168
4089 4169
4089 4170
4090 4091
4090 4169
4090 4170
4090 4171
4091 4170
4091 4171
4091 4172
4092 4173
4092 4174
4093 4094
4093 4175
4093 4176
4094 4095
4094 4175
4094 4176
4094 4177
4095 4096
4095 4176
4095 4177
4095 4178
4096 4097
4096 4177
4096 4178
4096 4179
4097 4098
4097 4178
4097 4179
4097 4180
4098 4099
4098 4179
4098 4180
4098 4181
4099 4180
4099 4181
4100 4182
4100 4183
4101 4102
4101 4183
4101 4184
4102 4103
4102 4184
4102 4185
4103 4104
4103 4184
4103 4185
4104 4105
4104 4185
4104 4186
4105 4106
4105 4186
4105 4187
4106 4107
4106 4186
4106 4187
4106 4188
4107 4108
4107 4187
4107 4188
4107 4189
4108 4109
4108 4188
4108 4189
4108 4190
4109 4189
4109 4190
4109 4191
4110 4111
4110 4192
4110 4193
4111 4112
4111 4193
4111 4194
4112 4113
4112 4193
4112 4194
4112 4195
4113 4114
4113 4194
4113 4195
4113 4196
4114 4115
4114 4195
4114 4196
4115 4116
4115 4196
4116 4117
4116 4197
4117 4197
4118 4119
4118 4198
4118 4199
4119 4120
4119 4198
4119 4199
4119 4200
4120 4121
4120 4199
4120 4200
4120 4201
4121 4200
4121 4201
4121 4202
4122 4123
4122 4202
4122 4203
4122 4204
4123 4124
4123 4203
4123 4204
4123 4205
4124 4125
4124 4204
4124 4205
4124 4206
4125 4205
4125 4206
4125 4207
4126 4207
4126 4208
4126 4209
4127 4128
4127 4209
4127 4210
4127 4211
4128 4129
4128 4210
4128 4211
4128 4212
4129 4130
4129 4211
4129 4212
4129 4213
4130 4131
4130 4212
4130 4213
4130 4214
4131 4132
4131 4213
4131 4214
4131 4215
4132 4133
4132 4214
4132 4215
4133 4134
4133 4215
4133 4216
4134 4135
4134 4216
4134 4217
4135 4216
4135 4217
4136 4137
4136 4218
4136 4219
4136 4220
4137 4138
4137 4219
4137 4220
4137 4221
4138 4139
4138 4220
4138 4221
4138 4222
4139 4140
4139 4221
4139 4222
4139 4223
4140 4222
4140 4223
4140 4224
4141 4142
4141 4224
4141 4225
4141 4226
4142 4143
4142 4225
4142 4226
4143 4144
4143 4226
4143 4227
4144 4227
4145 4146
4145 4228
4146 4147
4146 4228
4146 4229
4147 4148
4147 4229
4147 4230
4148 4149
4148 4229
4148 4230
4148 4231
4149 4150
4149 4230
4149 4231
4149 4232
4150 4151
4150 4231
4150 4232
4150 4233
4151 4152
4151 4232
4151 4233
4151 4234
4152 4233
4152 4234
4152 4235
4153 4154
4153 4235
4153 4236
4154 4236
4154 4237
4155 4156
4155 4237
4155 4238
4155 4239
4156 4157
4156 4238
4156 4239
4156 4240
4157 4158
4157 4239
4157 4240
4157 4241
4158 4240
4158 4241
4159 4242
4159 4243
4160 4161
4160 4243
4160 4244
4160 4245
4161 4244
4161 4245
4161 4246
4162 4163
4162 4246
4162 4247
4162 4248
4163 4164
4163 4247
4163 4248
4163 4249
4164 4165
4164 4248
4164 4249
4164 4250
4165 4166
4165 4249
4165 4250
4165 4251
4166 4167
4166 4250
4166 4251
4166 4252
4167 4168
4167 4251
4167 4252
4168 4169
4168 4252
4169 4170
4169 4253
4170 4171
4170 4253
4170 4254
4171 4172
4171 4253
4171 4254
4171 4255
4172 4173
4172 4254
4172 4255
4172 4256
4173 4174
4173 4255
4173 4256
4174 4256
4175 4176
4175 4257
4176 4177
4176 4257
4177 4178
4177 4257
4177 4258
4178 4179
4178 4258
4178 4259
4179 4180
4179 4258
4179 4259
4179 4260
4180 4181
4180 4259
4180 4260
4180 4261
4181 4260
4181 4261
4181 4262
4182 4262
4182 4263
4182 4264
4183 4264
4183 4265
4183 4266
4184 4185
4184 4266
4184 4267
4185 4267
4185 4268
4186 4187
4186 4268
4186 4269
4187 4188
4187 4269
4188 4189
4188 4270
4189 4190
4189 4270
4189 4271
4190 4191
4190 4270
4190 4271
4191 4192
4191 4271
4191 4272
4192 4272
4192 4273
4193 4194
4193 4273
4193 4274
4194 4195
4194 4274
4194 4275
4195 4196
4195 4275
4196 4275
4197 4276
4197 4277
4198 4199
4198 4277
4198 4278
4198 4279
4199 4200
4199 4278
4199 4279
4200 4201
4200 4279
4200 4280
4201 4202
4201 4280
4201 4281
4202 4203
4202 4280
4202 4281
4202 4282
4203 4204
4203 4281
4203 4282
4203 4283
4204 4205
4204 4282
4204 4283
4204 4284
4205 4206
4205 4283
4205 4284
4206 4207
4206 4284
4206 4285
4207 4208
4207 4285
4207 4286
4208 4209
4208 4285
4208 4286
4209 4210
4209 4286
4209 4287
4210 4211
4210 4287
4210 4288
4211 4212
4211 4287
4211 4288
4211 4289
4212 4213
4212 4288
4212 4289
4212 4290
4213 4214
4213 4289
4213 4290
4214 4215
4214 4290
4214 4291
4215 4291
4216 4217
4216 4292
4217 4292
4217 4293
4218 4219
4218 4293
4218 4294
4219 4220
4219 4294
4220 4221
4221 4222
4221 4295
4222 4223
4222 4295
4222 4296
4223 4224
4223 4295
4223 4296
4224 4225
4224 4296
4224 4297
4225 4226
4225 4297
4225 4298
4226 4297
4226 4298
4226 4299
4227 4299
4227 4300
4227 4301
4228 4301
4228 4302
4229 4230
4229 4302
4229 4303
4229 4304
4230 4231
4230 4303
4230 4304
4230 4305
4231 4232
4231 4304
4231 4305
4231 4306
4232 4233
4232 4305
4232 4306
4232 4307
4233 4234
4233 4306
4233 4307
4234 4235
4234 4307
4234 4308
4235 4308
4235 4309
4236 4237
4236 4309
4236 4310
4236 4311
4237 4238
4237 4310
4237 4311
4237 4312
4238 4239
4238 4311
4238 4312
4238 4313
4239 4240
4239 4312
4239 4313
4239 4314
4240 4241
4240 4313
4240 4314
4240 4315
4241 4314
4241 4315
4241 4316
4242 4243
4242 4316
4242 4317
4243 4244
4243 4317
4243 4318
4244 4245
4244 4317
4244 4318
4244 4319
4245 4246
4245 4318
4245 4319
4245 4320
4246 4247
4246 4319
4246 4320
4246 4321
4247 4248
4247 4320
4247 4321
4247 4322
4248 4249
4248 4321
4248 4322
4248 4323
4249 4250
4249 4322
4249 4323
4249 4324
4250 4251
4250 4323
4250 4324
4250 4325
4251 4252
4251 4324
4251 4325
4251 4326
4252 4325
4252 4326
4252 4327
4253 4254
4253 4328
4253 4329
4253 4330
4254 4255
4254 4329
4254 4330
4254 4331
4255 4256
4255 4330
4255 4331
4255 4332
4256 4331
4256 4332
4256 4333
4257 4334
4258 4259
4258 4335
4258 4336
4259 4260
4259 4335
4259 4336
4260 4261
4260 4336
4261 4262
4261 4337
4262 4263
4262 4337
4262 4338
4263 4264
4263 4337
4263 4338
4263 4339
4264 4265
4264 4338
4264 4339
4265 4266
4265 4339
4265 4340
4266 4267
4266 4340
4266 4341
4267 4340
4267 4341
4268 4269
4268 4342
4268 4343
4269 4342
4269 4343
4269 4344
4270 4271
4270 4345
4271 4345
4271 4346
4272 4273
4272 4346
4272 4347
4273 4274
4273 4347
4273 4348
4274 4348
4274 4349
4275 4349
4275 4350
4275 4351
4276 4352
4276 4353
4276 4354
4277 4278
4277 4354
4277 4355
4277 4356
4278 4279
4278 4355
4278 4356
4279 4356
4279 4357
4280 4281
4280 4357
4280 4358
4281 4282
4281 4358
4281 4359
4282 4283
4282 4358
4282 4359
4282 4360
4283 4284
4283 4359
4283 4360
4283 4361
4284 4360
4284 4361
4284 4362
4285 4286
4285 4362
4285 4363
4285 4364
4286 4363
4286 4364
4286 4365
4287 4288
4287 4365
4287 4366
4287 4367
4288 4289
4288 4366
4288 4367
4288 4368
4289 4290
4289 4367
4289 4368
4290 4368
4290 4369
4291 4369
4291 4370
4291 4371
4292 4293
4292 4372
4292 4373
4293 4294
4293 4372
4293 4373
4293 4374
4294 4373
4294 4374
4294 4375
4295 4296
4295 4377
4295 4378
4295 4379
4296 4378
4296 4379
4297 4298
4297 4380
4298 4299
4298 4380
4299 4300
4299 4381
4300 4301
4300 4381
4300 4382
4301 4381
4301 4382
4301 4383
4302 4303
4302 4383
4302 4384
4303 4304
4303 4384
4304 4305
4304 4385
4305 4306
4305 4385
4305 4386
4306 4307
4306 4385
4306 4386
4306 4387
4307 4386
4307 4387
4307 4388
4308 4309
4308 4388
4308 4389
4308 4390
4309 4310
4309 4389
4309 4390
4309 4391
4310 4311
4310 4390
4310 4391
4310 4392
4311 4312
4311 4391
4311 4392
4311 4393
4312 4313
4312 4392
4312 4393
4312 4394
4313 4314
4313 4393
4313 4394
4313 4395
4314 4315
4314 4394
4314 4395
4314 4396
4315 4316
4315 4395
4315 4396
4315 4397
4316 4396
4316 4397
4316 4398
4317 4318
4317 4398
4317 4399
4318 4319
4318 4399
4318 4400
4319 4320
4319 4399
4319 4400
4319 4401
4320 4321
4320 4400
4320 4401
4321 4322
4321 4401
4321 4402
4322 4323
4322 4402
4323 4324
4323 4402
4324 4325
4324 4403
4325 4326
4325 4403
4325 4404
4326 4327
4326 4403
4326 4404
4326 4405
4327 4328
4327 4404
4327 4405
4327 4406
4328 4329
4328 4405
4328 4406
4328 4407
4329 4330
4329 4406
4329 4407
4330 4331
4330 4407
4331 4332
4331 4408
4332 4333
4332 4408
4332 4409
4333 4408
4333 4409
4334 4410
4334 4411
4334 4412
4335 4336
4335 4412
4335 4413
4335 4414
4336 4413
4336 4414
4336 4415
4337 4338
4337 4416
4337 4417
4337 4418
4338 4339
4338 4417
4338 4418
4339 4418
4339 4419
4340 4341
4340 4419
4340 4420
4341 4420
4341 4421
4342 4343
4342 4421
4342 4422
4342 4423
4343 4344
4343 4422
4343 4423
4343 4424
4344 4423
4344 4424
4344 4425
4345 4425
4345 4426
4346 4347
4346 4427
4347 4427
4347 4428
4348 4349
4348 4428
4348 4429
4348 4430
4349 4350
4349 4429
4349 4430
4349 4431
4350 4351
4350 4430
4350 4431
4351 4352
4351 4431
4351 4432
4352 4353
4352 4432
4352 4433
4353 4354
4353 4432
4353 4433
4353 4434
4354 4355
4354 4433
4354 4434
4354 4435
4355 4356
4355 4434
4355 4435
4355 4436
4356 4435
4356 4436
4356 4437
4357 4437
4357 4438
4357 4439
4358 4359
4358 4439
4358 4440
4359 4360
4359 4440
4360 4361
4360 4440
4361 4362
4361 4441
4362 4363
4362 4441
4362 4442
4363 4364
4363 4441
4363 4442
4363 4443
4364 4365
4364 4442
4364 4443
4364 4444
4365 4366
4365 4443
4365 4444
4365 4445
4366 4367
4366 4444
4366 4445
4366 4446
4367 4368
4367 4445
4367 4446
4367 4447
4368 4446
4368 4447
4369 4370
4369 4448
4369 4449
4370 4371
4370 4448
4370 4449
4370 4450
4371 4449
4371 4450
4371 4451
4372 4373
4372 4451
4372 4452
4372 4453
4373 4374
4373 4452
4373 4453
4373 4454
4374 4375
4374 4453
4374 4454
4374 4455
4375 4376
4375 4454
4375 4455
4375 4456
4376 4377
4376 4455
4376 4456
4376 4457
4377 4378
4377 4456
4377 4457
4377 4458
4378 4379
4378 4457
4378 4458
4379 4458
4379 4459
4380 4459
4380 4460
4381 4382
4381 4461
4381 4462
4382 4383
4382 4462
4382 4463
4383 4384
4383 4463
4383 4464
4384 4463
4384 4464
4384 4465
4385 4386
4385 4466
4385 4467
4385 4468
4386 4387
4386 4467
4386 4468
4387 4388
4387 4468
4388 4389
4388 4469
4389 4390
4389 4469
4389 4470
4390 4391
4390 4469
4390 4470
4390 4471
4391 4392
4391 4470
4391 4471
4391 4472
4392 4393
4392 4471
4392 4472
4392 4473
4393 4394
4393 4472
4393 4473
4393 4474
4394 4395
4394 4473
4394 4474
4395 4396
4395 4474
4395 4475
4396 4397
4396 4475
4397 4398
4397 4475
4398 4476
4399 4400
4399 4476
4399 4477
4400 4401
4400 4477
4400 4478
4401 4478
4401 4479
4402 4479
4402 4480
4403 4404
4403 4481
4403 4482
4403 4483
4404 4405
4404 4482
4404 4483
4404 4484
4405 4406
4405 4483
4405 4484
4405 4485
4406 4407
4406 4484
4406 4485
4406 4486
4407 4485
4407 4486
4407 4487
4408 4409
4408 4488
4408 4489
4409 4488
4409 4489
4410 4411
4410 4490
4410 4491
4411 4412
4411 4490
4411 4491
4411 4492
4412 4413
4412 4491
4412 4492
4412 4493
4413 4414
4413 4492
4413 4493
4413 4494
4414 4415
4414 4493
4414 4494
4414 4495
4415 4416
4415 4494
4415 4495
4415 4496
4416 4417
4416 4495
4416 4496
4417 4418
4417 4496
4417 4497
4418 4497
4418 4498
4419 4420
4419 4498
4419 4499
4419 4500
4420 4499
4420 4500
4421 4422
4421 4501
4421 4502
4422 4423
4422 4501
4422 4502
4422 4503
4423 4424
4423 4502
4423 4503
4424 4425
4424 4503
4424 4504
4425 4426
4425 4504
4425 4505
4426 4504
4426 4505
4426 4506
4427 4428
4427 4507
4427 4508
4427 4509
4428 4429
4428 4508
4428 4509
4428 4510
4429 4430
4429 4509
4429 4510
4430 4431
4430 4510
4430 4511
4431 4511
4431 4512
4432 4433
4432 4512
4432 4513
4433 4434
4433 4513
4433 4514
4434 4435
4434 4514
4435 4436
4435 4514
4435 4515
4436 4437
4436 4515
4437 4438
4437 4515
4437 4516
4438 4439
4438 4516
4438 4517
4439 4516
4439 4517
4440 4518
4440 4519
4441 4442
4441 4520
4441 4521
4441 4522
4442 4443
4442 4521
4442 4522
4442 4523
4443 4444
4443 4522
4443 4523
4443 4524
4444 4445
4444 4523
4444 4524
4445 4446
4445 4524
4445 4525
4446 4447
4446 4525
4447 4525
4447 4526
4448 4449
4448 4526
4448 4527
4448 4528
4449 4450
4449 4527
4449 4528
4450 4451
4450 4528
4450 4529
4451 4452
4451 4529
4451 4530
4452 4453
4452 4529
4452 4530
4453 4454
4453 4530
4453 4531
4454 4455
4454 4531
4455 4456
4455 4531
4456 4457
4456 4532
4457 4458
4457 4532
4457 4533
4458 4532
4458 4533
4459 4534
4459 4535
4460 4461
4460 4535
4460 4536
4461 4462
4461 4536
4461 4537
4462 4536
4462 4537
4462 4538
4463 4464
4463 4538
4463 4539
4463 4540
4464 4465
4464 4539
4464 4540
4464 4541
4465 4466
4465 4540
4465 4541
4465 4542
4466 4467
4466 4541
4466 4542
4467 4468
4467 4542
4467 4543
4468 4543
4468 4544
4469 4470
4469 4545
4469 4546
4469 4547
4470 4471
4470 4546
4470 4547
4470 4548
4471 4472
4471 4547
4471 4548
4471 4549
4472 4473
4472 4548
4472 4549
4472 4550
4473 4474
4473 4549
4473 4550
4473 4551
4474 4550
4474 4551
4474 4552
4475 4552
4475 4553
4476 4477
4476 4554
4476 4555
4477 4554
4477 4555
4477 4556
4478 4479
4478 4556
4478 4557
4478 4558
4479 4480
4479 4557
4479 4558
4479 4559
4480 4558
4480 4559
4480 4560
4481 4482
4481 4560
4481 4561
4482 4483
4482 4561
4482 4562
4483 4484
4483 4561
4483 4562
4483 4563
4484 4485
4484 4562
4484 4563
4485 4486
4485 4563
4485 4564
4486 4487
4486 4564
4486 4565
4487 4564
4487 4565
4487 4566
4488 4489
4488 4566
4488 4567
4489 4567
4490 4491
4490 4568
4490 4569
4491 4492
4491 4568
4491 4569
4491 4570
4492 4493
4492 4569
4492 4570
4492 4571
4493 4494
4493 4570
4493 4571
4493 4572
4494 4495
4494 4571
4494 4572
4495 4496
4495 4572
4495 4573
4496 4573
4496 4574
4497 4498
4497 4574
4497 4575
4498 4499
4498 4575
4498 4576
4499 4500
4499 4575
4499 4576
4499 4577
4500 4576
4500 4577
4500 4578
4501 4502
4501 4578
4501 4579
4501 4580
4502 4503
4502 4579
4502 4580
4503 4580
4503 4581
4504 4505
4504 4581
4504 4582
4504 4583
4505 4506
4505 4582
4505 4583
4505 4584
4506 4507
4506 4583
4506 4584
4507 4508
4507 4584
4507 4585
4508 4509
4508 4585
4508 4586
4509 4510
4509 4585
4509 4586
4509 4587
4510 4586
4510 4587
4510 4588
4511 4512
4511 4588
4511 4589
4512 4513
4512 4589
4512 4590
4513 4590
4513 4591
4514 4591
4514 4592
4515 4592
4515 4593
4516 4517
4516 4593
4516 4594
4516 4595
4517 4594
4517 4595
4518 4519
4518 4596
4518 4597
4519 4520
4519 4596
4519 4597
4520 4521
4520 4597
4520 4598
4521 4522
4521 4598
4521 4599
4522 4523
4522 4598
4522 4599
4522 4600
4523 4524
4523 4599
4523 4600
4523 4601
4524 4600
4524 4601
4524 4602
4525 4602
4525 4603
4525 4604
4526 4527
4526 4604
4526 4605
4526 4606
4527 4528
4527 4605
4527 4606
4527 4607
4528 4606
4528 4607
4528 4608
4529 4530
4529 4608
4529 4609
4529 4610
4530 4609
4530 4610
4530 4611
4531 4611
4532 4533
4532 4612
4532 4613
4533 4613
4533 4614
4534 4535
4534 4614
4534 4615
4535 4615
4535 4616
4536 4537
4536 4616
4536 4617
4537 4538
4537 4617
4537 4618
4538 4539
4538 4618
4538 4619
4539 4540
4539 4618
4539 4619
4539 4620
4540 4541
4540 4619
4540 4620
4540 4621
4541 4542
4541 4620
4541 4621
4541 4622
4542 4621
4542 4622
4543 4544
4543 4623
4543 4624
4544 4545
4544 4623
4544 4624
4544 4625
4545 4546
4545 4624
4545 4625
4545 4626
4546 4547
4546 4625
4546 4626
4546 4627
4547 4548
4547 4626
4547 4627
4548 4549
4548 4627
4549 4550
4550 4551
4551 4552
4551 4628
4552 4553
4552 4628
4552 4629
4553 4628
4553 4629
4553 4630
4554 4555
4554 4631
4554 4632
4555 4556
4555 4631
4555 4632
4555 4633
4556 4557
4556 4632
4556 4633
4556 4634
4557 4558
4557 4633
4557 4634
4557 4635
4558 4559
4558 4634
4558 4635
4559 4560
4559 4635
4559 4636
4560 4636
4560 4637
4561 4562
4561 4637
4561 4638
4561 4639
4562 4563
4562 4638
4562 4639
4563 4639
4564 4565
4564 4640
4565 4566
4565 4640
4565 4641
4566 4567
4566 4640
4566 4641
4566 4642
4567 4641
4567 4642
4568 4569
4568 4643
4568 4644
4569 4570
4569 4643
4569 4644
4570 4571
4570 4644
4570 4645
4571 4572
4571 4645
4571 4646
4572 4645
4572 4646
4572 4647
4573 4574
4573 4647
4573 4648
4573 4649
4574 4648
4574 4649
4574 4650
4575 4576
4575 4650
4575 4651
4576 4577
4576 4651
4576 4652
4577 4578
4577 4652
4577 4653
4578 4579
4578 4652
4578 4653
4579 4580
4579 4653
4579 4654
4580 4654
4580 4655
4581 4582
4581 4655
4581 4656
4581 4657
4582 4583
4582 4656
4582 4657
4582 4658
4583 4584
4583 4657
4583 4658
4583 4659
4584 4658
4584 4659
4585 4586
4585 4660
4585 4661
4586 4587
4586 4660
4586 4661
4586 4662
4587 4588
4587 4661
4587 4662
4588 4589
4588 4662
4588 4663
4589 4663
4590 4591
4590 4664
4590 4665
4591 4664
4591 4665
4591 4666
4592 4666
4592 4667
4592 4668
4593 4594
4593 4668
4593 4669
4593 4670
4594 4595
4594 4669
4594 4670
4594 4671
4595 4670
4595 4671
4595 4672
4596 4597
4596 4672
4596 4673
4596 4674
4597 4673
4597 4674
4597 4675
4598 4599
4598 4675
4598 4676
4599 4600
4599 4676
4599 4677
4600 4601
4600 4677
4600 4678
4601 4602
4601 4677
4601 4678
4601 4679
4602 4603
4602 4678
4602 4679
4602 4680
4603 4604
4603 4679
4603 4680
4603 4681
4604 4605
4604 4680
4604 4681
4604 4682
4605 4606
4605 4681
4605 4682
4605 4683
4606 4607
4606 4682
4606 4683
4606 4684
4607 4608
4607 4683
4607 4684
4607 4685
4608 4609
4608 4684
4608 4685
4608 4686
4609 4610
4609 4685
4609 4686
4610 4611
4610 4686
4610 4687
4611 4687
4611 4688
4612 4689
4612 4690
4612 4691
4613 4614
4613 4691
4613 4692
4614 4692
4614 4693
4615 4616
4615 4693
4615 4694
4615 4695
4616 4617
4616 4694
4616 4695
4616 4696
4617 4695
4617 4696
4617 4697
4618 4619
4618 4697
4618 4698
4618 4699
4619 4620
4619 4698
4619 4699
4619 4700
4620 4621
4620 4699
4620 4700
4620 4701
4621 4622
4621 4700
4621 4701
4621 4702
4622 4701
4622 4702
4623 4624
4623 4703
4624 4625
4624 4703
4625 4626
4625 4704
4626 4627
4626 4704
4627 4704
4627 4705
4628 4629
4628 4708
4628 4709
4629 4630
4629 4709
4629 4710
4630 4709
4630 4710
4631 4632
4631 4711
4631 4712
4632 4633
4632 4711
4632 4712
4633 4634
4633 4712
4633 4713
4634 4635
4634 4713
4634 4714
4635 4713
4635 4714
4636 4637
4636 4715
4636 4716
4637 4638
4637 4715
4637 4716
4637 4717
4638 4639
4638 4716
4638 4717
4638 4718
4639 4717
4639 4718
4639 4719
4640 4641
4640 4720
4640 4721
4641 4642
4641 4720
4641 4721
4642 4721
4643 4644
4643 4722
4643 4723
4644 4722
4644 4723
4645 4646
4645 4724
4645 4725
4646 4647
4646 4724
4646 4725
4646 4726
4647 4648
4647 4725
4647 4726
4648 4649
4648 4726
4648 4727
4649 4650
4649 4727
4649 4728
4650 4651
4650 4727
4650 4728
4651 4728
4652 4653
4652 4729
4652 4730
4653 4729
4653 4730
4653 4731
4654 4655
4654 4731
4654 4732
4654 4733
4655 4656
4655 4732
4655 4733
4655 4734
4656 4657
4656 4733
4656 4734
4656 4735
4657 4658
4657 4734
4657 4735
4658 4659
4658 4735
4658 4736
4659 4736
4659 4737
4660 4661
4660 4737
4660 4738
4661 4662
4661 4738
4661 4739
4662 4738
4662 4739
4662 4740
4663 4740
4663 4741
4663 4742
4664 4665
4664 4742
4664 4743
4664 4744
4665 4666
4665 4743
4665 4744
4666 4667
4666 4744
4666 4745
4667 4668
4667 4745
4667 4746
4668 4669
4668 4745
4668 4746
4668 4747
4669 4670
4669 4746
4669 4747
4669 4748
4670 4671
4670 4747
4670 4748
4670 4749
4671 4672
4671 4748
4671 4749
4671 4750
4672 4673
4672 4749
4672 4750
4672 4751
4673 4674
4673 4750
4673 4751
4673 4752
4674 4675
4674 4751
4674 4752
4674 4753
4675 4676
4675 4752
4675 4753
4676 4753
4676 4754
4677 4678
4677 4754
4677 4755
4678 4679
4678 4755
4678 4756
4679 4680
4679 4755
4679 4756
4679 4757
4680 4681
4680 4756
4680 4757
4680 4758
4681 4682
4681 4757
4681 4758
4681 4759
4682 4683
4682 4758
4682 4759
4682 4760
4683 4684
4683 4759
4683 4760
4683 4761
4684 4685
4684 4760
4684 4761
4684 4762
4685 4686
4685 4761
4685 4762
4685 4763
4686 4762
4686 4763
4686 4764
4687 4688
4687 4764
4687 4765
4687 4766
4688 4689
4688 4765
4688 4766
4689 4690
4689 4766
4689 4767
4690 4691
4690 4767
4690 4768
4691 4692
4691 4767
4691 4768
4692 4768
4692 4769
4693 4694
4693 4769
4693 4770
4693 4771
4694 4695
4694 4770
4694 4771
4694 4772
4695 4696
4695 4771
4695 4772
4695 4773
4696 4697
4696 4772
4696 4773
4696 4774
4697 4698
4697 4773
4697 4774
4698 4699
4698 4774
4698 4775
4699 4700
4699 4775
4699 4776
4700 4701
4700 4775
4700 4776
4700 4777
4701 4702
4701 4776
4701 4777
4702 4777
4702 4778
4703 4778
4703 4779
4703 4780
4704 4781
4704 4782
4705 4706
4705 4783
4705 4784
4706 4707
4706 4783
4706 4784
4706 4785
4707 4708
4707 4784
4707 4785
4707 4786
4708 4785
4708 4786
4708 4787
4709 4710
4709 4787
4709 4788
4709 4789
4710 4788
4710 4789
4711 4712
4711 4790
4712 4790
4712 4791
4713 4714
4713 4791
4713 4792
4714 4792
4714 4793
4715 4716
4715 4793
4715 4794
4716 4717
4716 4794
4716 4795
4717 4718
4717 4794
4717 4795
4717 4796
4718 4719
4718 4795
4718 4796
4718 4797
4719 4796
4719 4797
4719 4798
4720 4721
4720 4799
4720 4800
4720 4801
4721 4800
4721 4801
4721 4802
4722 4723
4722 4804
4723 4804
4723 4805
4724 4725
4724 4805
4724 4806
4724 4807
4725 4726
4725 4806
4725 4807
4726 4807
4726 4808
4727 4728
4727 4808
4727 4809
4727 4810
4728 4809
4728 4810
4728 4811
4729 4730
4729 4812
4729 4813
4730 4731
4730 4813
4730 4814
4731 4732
4731 4814
4731 4815
4732 4733
4732 4814
4732 4815
4732 4816
4733 4734
4733 4815
4733 4816
4733 4817
4734 4735
4734 4816
4734 4817
4734 4818
4735 4817
4735 4818
4735 4819
4736 4737
4736 4819
4737 4820
4738 4739
4738 4820
4738 4821
4739 4740
4739 4821
4739 4822
4740 4741
4740 4822
4740 4823
4741 4742
4741 4822
4741 4823
4742 4743
4742 4823
4742 4824
4743 4744
4743 4824
4743 4825
4744 4824
4744 4825
4745 4746
4745 4826
4745 4827
4746 4747
4746 4826
4746 4827
4747 4748
4747 4827
4747 4828
4748 4749
4748 4828
4748 4829
4749 4750
4749 4828
4749 4829
4749 4830
4750 4751
4750 4829
4750 4830
4750 4831
4751 4752
4751 4830
4751 4831
4751 4832
4752 4753
4752 4831
4752 4832
4753 4832
4753 4833
4754 4833
4754 4834
4754 4835
4755 4756
4755 4835
4755 4836
4755 4837
4756 4757
4756 4836
4756 4837
4756 4838
4757 4758
4757 4837
4757 4838
4757 4839
4758 4759
4758 4838
4758 4839
4758 4840
4759 4760
4759 4839
4759 4840
4759 4841
4760 4761
4760 4840
4760 4841
4760 4842
4761 4762
4761 4841
4761 4842
4762 4763
4762 4842
4762 4843
4763 4764
4763 4843
4763 4844
4764 4765
4764 4843
4764 4844
4765 4766
4765 4844
4765 4845
4766 4845
4767 4768
4767 4846
4767 4847
4768 4846
4768 4847
4768 4848
4769 4770
4769 4848
4769 4849
4770 4771
4770 4849
4771 4772
4771 4850
4772 4773
4772 4850
4772 4851
4773 4774
4773 4850
4773 4851
4773 4852
4774 4851
4774 4852
4774 4853
4775 4776
4775 4853
4775 4854
4775 4855
4776 4777
4776 4854
4776 4855
4776 4856
4777 4855
4777 4856
4778 4779
4778 4857
4778 4858
4779 4780
4779 4857
4779 4858
4779 4859
4780 4781
4780 4858
4780 4859
4780 4860
4781 4782
4781 4859
4781 4860
4781 4861
4782 4860
4782 4861
4782 4862
4783 4784
4783 4862
4783 4863
4783 4864
4784 4785
4784 4863
4784 4864
4784 4865
4785 4786
4785 4864
4785 4865
4785 4866
4786 4787
4786 4865
4786 4866
4786 4867
4787 4788
4787 4866
4787 4867
4787 4868
4788 4789
4788 4867
4788 4868
4788 4869
4789 4868
4789 4869
4789 4870
4790 4791
4790 4871
4790 4872
4790 4873
4791 4872
4791 4873
4791 4874
4792 4793
4792 4874
4792 4875
4792 4876
4793 4875
4793 4876
4793 4877
4794 4795
4794 4877
4794 4878
4794 4879
4795 4796
4795 4878
4795 4879
4795 4880
4796 4797
4796 4879
4796 4880
4797 4798
4797 4880
4797 4881
4798 4799
4798 4881
4798 4882
4799 4800
4799 4881
4799 4882
4799 4883
4800 4801
4800 4882
4800 4883
4801 4802
4801 4883
4802 4803
4802 4884
4803 4884
4804 4805
4804 4885
4804 4886
4804 4887
4805 4806
4805 4886
4805 4887
4806 4807
4806 4887
4806 4888
4807 4888
4807 4889
4808 4809
4808 4889
4808 4890
4808 4891
4809 4810
4809 4890
4809 4891
4809 4892
4810 4811
4810 4891
4810 4892
4810 4893
4811 4812
4811 4892
4811 4893
4811 4894
4812 4813
4812 4893
4812 4894
4812 4895
4813 4894
4813 4895
4813 4896
4814 4815
4814 4896
4814 4897
4815 4816
4815 4897
4815 4898
4816 4817
4816 4897
4816 4898
4816 4899
4817 4818
4817 4898
4817 4899
4818 4819
4818 4899
4819 4900
4820 4821
4820 4901
4820 4902
4821 4901
4821 4902
4821 4903
4822 4823
4822 4903
4824 4825
4824 4904
4825 4904
4826 4827
4826 4905
4826 4906
4827 4905
4827 4906
4828 4829
4828 4907
4829 4830
4829 4907
4830 4831
4830 4907
4831 4832
4831 4908
4832 4908
4832 4909
4833 4834
4833 4909
4833 4910
4834 4835
4834 4910
4834 4911
4835 4836
4835 4910
4835 4911
4835 4912
4836 4837
4836 4911
4836 4912
4836 4913
4837 4838
4837 4912
4837 4913
4837 4914
4838 4839
4838 4913
4838 4914
4838 4915
4839 4840
4839 4914
4839 4915
4840 4841
4840 4915
4840 4916
4841 4842
4841 4916
4841 4917
4842 4916
4842 4917
4842 4918
4843 4844
4843 4918
4843 4919
4844 4919
4845 4920
4845 4921
4846 4847
4846 4921
4846 4922
4846 4923
4847 4848
4847 4922
4847 4923
4847 4924
4848 4849
4848 4923
4848 4924
4848 4925
4849 4924
4849 4925
4850 4851
4850 4926
4850 4927
4850 4928
4851 4852
4851 4927
4851 4928
4851 4929
4852 4853
4852 4928
4852 4929
4852 4930
4853 4854
4853 4929
4853 4930
4853 4931
4854 4855
4854 4930
4854 4931
4854 4932
4855 4856
4855 4931
4855 4932
4855 4933
4856 4932
4856 4933
4856 4934
4857 4858
4857 4934
4857 4935
4858 4859
4858 4935
4858 4936
4859 4860
4859 4935
4859 4936
4859 4937
4860 4861
4860 4936
4860 4937
4860 4938
4861 4862
4861 4937
4861 4938
4861 4939
4862 4863
4862 4938
4862 4939
4862 4940
4863 4864
4863 4939
4863 4940
4863 4941
4864 4865
4864 4940
4864 4941
4864 4942
4865 4866
4865 4941
4865 4942
4865 4943
4866 4867
4866 4942
4866 4943
4866 4944
4867 4868
4867 4943
4867 4944
4867 4945
4868 4869
4868 4944
4868 4945
4868 4946
4869 4870
4869 4945
4869 4946
4869 4947
4870 4871
4870 4946
4870 4947
4870 4948
4871 4872
4871 4947
4871 4948
4871 4949
4872 4873
4872 4948
4872 4949
4872 4950
4873 4874
4873 4949
4873 4950
4873 4951
4874 4875
4874 4950
4874 4951
4875 4876
4875 4951
4875 4952
4876 4877
4876 4952
4876 4953
4877 4878
4877 4952
4877 4953
4878 4879
4878 4953
4878 4954
4879 4880
4879 4954
4879 4955
4880 4954
4880 4955
4880 4956
4881 4882
4881 4956
4881 4957
4881 4958
4882 4883
4882 4957
4882 4958
4882 4959
4883 4958
4883 4959
4883 4960
4884 4961
4884 4962
4885 4886
4885 4963
4886 4887
4886 4963
4886 4964
4887 4964
4887 4965
4888 4889
4888 4965
4888 4966
4888 4967
4889 4890
4889 4966
4889 4967
4889 4968
4890 4891
4890 4967
4890 4968
4890 4969
4891 4892
4891 4968
4891 4969
4891 4970
4892 4893
4892 4969
4892 4970
4892 4971
4893 4894
4893 4970
4893 4971
4893 4972
4894 4895
4894 4971
4894 4972
4894 4973
4895 4896
4895 4972
4895 4973
4896 4973
4896 4974
4897 4898
4897 4974
4897 4975
4898 4899
4898 4975
4898 4976
4899 4976
4899 4977
4900 4978
4900 4979
4900 4980
4901 4902
4901 4980
4901 4981
4901 4982
4902 4903
4902 4981
4902 4982
4902 4983
4903 4982
4903 4983
4904 4985
4904 4986
4905 4906
4905 4986
4905 4987
4905 4988
4906 4987
4906 4988
4906 4989
4907 4990
4907 4991
4907 4992
4908 4909
4908 4993
4908 4994
4908 4995
4909 4994
4909 4995
4909 4996
4910 4911
4910 4996
4910 4997
4910 4998
4911 4912
4911 4997
4911 4998
4912 4913
4912 4998
4912 4999
4913 4914
4913 4999
4913 5000
4914 4915
4914 4999
4914 5000
4914 5001
4915 5000
4915 5001
4915 5002
4916 4917
4916 5002
4916 5003
4917 4918
4917 5003
4917 5004
4918 4919
4918 5003
4918 5004
4918 5005
4919 5004
4919 5005
4919 5006
4920 4921
4920 5007
4920 5008
4921 4922
4921 5007
4921 5008
4921 5009
4922 4923
4922 5008
4922 5009
4923 4924
4923 5009
4924 4925
4924 5010
4925 5010
4925 5011
4926 4927
4926 5011
4927 4928
4927 5012
4928 4929
4928 5012
4928 5013
4929 4930
4929 5012
4929 5013
4929 5014
4930 4931
4930 5013
4930 5014
4930 5015
4931 4932
4931 5014
4931 5015
4931 5016
4932 4933
4932 5015
4932 5016
4933 4934
4933 5016
4933 5017
4934 5017
4935 4936
4935 5018
4936 4937
4936 5018
4936 5019
4937 4938
4937 5018
4937 5019
4937 5020
4938 4939
4938 5019
4938 5020
4938 5021
4939 4940
4939 5020
4939 5021
4939 5022
4940 4941
4940 5021
4940 5022
4940 5023
4941 4942
4941 5022
4941 5023
4941 5024
4942 4943
4942 5023
4942 5024
4942 5025
4943 4944
4943 5024
4943 5025
4943 5026
4944 4945
4944 5025
4944 5026
4944 5027
4945 4946
4945 5026
4945 5027
4945 5028
4946 4947
4946 5027
4946 5028
4946 5029
4947 4948
4947 5028
4947 5029
4947 5030
4948 4949
4948 5029
4948 5030
4949 4950
4949 5030
4949 5031
4950 4951
4950 5031
4950 5032
4951 5031
4951 5032
4951 5033
4952 4953
4952 5033
4952 5034
4953 5034
4954 4955
4954 5035
4955 4956
4955 5035
4955 5036
4956 4957
4956 5036
4956 5037
4957 4958
4957 5036
4957 5037
4957 5038
4958 4959
4958 5037
4958 5038
4959 4960
4959 5038
4959 5039
4960 4961
4960 5039
4960 5040
4961 4962
4961 5039
4961 5040
4961 5041
4962 5040
4962 5041
4963 5042
4963 5043
4964 4965
4964 5043
4964 5044
4964 5045
4965 4966
4965 5044
4965 5045
4966 4967
4966 5045
4966 5046
4967 4968
4967 5046
4967 5047
4968 4969
4968 5046
4968 5047
4968 5048
4969 4970
4969 5047
4969 5048
4969 5049
4970 4971
4970 5048
4970 5049
4970 5050
4971 4972
4971 5049
4971 5050
4971 5051
4972 4973
4972 5050
4972 5051
4972 5052
4973 5051
4973 5052
4974 4975
4974 5053
4975 5053
4975 5054
4976 4977
4976 5054
4976 5055
4977 4978
4977 5055
4977 5056
4978 4979
4978 5055
4978 5056
4978 5057
4979 4980
4979 5056
4979 5057
4979 5058
4980 4981
4980 5057
4980 5058
4980 5059
4981 4982
4981 5058
4981 5059
4981 5060
4982 4983
4982 5059
4982 5060
4982 5061
4983 5060
4983 5061
4983 5062
4984 5063
4984 5064
4984 5065
4985 4986
4985 5065
4985 5066
4985 5067
4986 4987
4986 5066
4986 5067
4987 4988
4987 5067
4987 5068
4988 4989
4988 5068
4988 5069
4989 4990
4989 5068
4989 5069
4990 4991
4990 5069
4990 5070
4991 4992
4991 5070
4991 5071
4992 4993
4992 5070
4992 5071
4993 4994
4993 5071
4994 4995
4994 5072
4995 4996
4995 5072
4995 5073
4996 4997
4996 5072
4996 5073
4997 4998
4997 5073
4997 5074
4998 5074
4998 5075
4999 5000
4999 5075
4999 5076
4999 5077
5000 5001
5000 5076
5000 5077
5000 5078
5001 5002
5001 5077
5001 5078
5001 5079
5002 5078
5002 5079
5002 5080
5003 5004
5003 5080
5003 5081
5004 5005
5004 5081
5004 5082
5005 5006
5005 5081
5005 5082
5005 5083
5006 5082
5006 5083
5006 5084
5007 5008
5007 5084
5007 5085
5008 5009
5008 5085
5008 5086
5009 5086
5009 5087
5010 5011
5010 5088
5010 5089
5010 5090
5011 5089
5011 5090
5012 5013
5012 5091
5013 5014
5013 5092
5014 5015
5014 5092
5015 5016
5015 5092
5015 5093
5016 5093
5016 5094
5017 5094
5017 5095
5017 5096
5018 5019
5018 5097
5019 5020
5019 5097
5019 5098
5020 5021
5020 5098
5021 5022
5021 5098
5021 5099
5022 5023
5022 5099
5022 5100
5023 5024
5023 5099
5023 5100
5024 5025
5024 5100
5024 5101
5025 5026
5025 5101
5025 5102
5026 5027
5026 5101
5026 5102
5027 5028
5027 5102
5027 5103
5028 5029
5028 5103
5028 5104
5029 5030
5029 5103
5029 5104
5029 5105
5030 5104
5030 5105
5030 5106
5031 5032
5031 5106
5031 5107
5031 5108
5032 5033
5032 5107
5032 5108
5033 5034
5033 5108
5033 5109
5034 5109
5034 5110
5035 5111
5036 5037
5036 5111
5036 5112
5037 5038
5037 5112
5037 5113
5038 5112
5038 5113
5038 5114
5039 5040
5039 5114
5039 5115
5039 5116
5040 5041
5040 5115
5040 5116
5040 5117
5041 5116
5041 5117
5042 5043
5042 5118
5042 5119
5043 5044
5043 5118
5043 5119
5044 5045
5044 5119
5044 5120
5045 5120
5046 5047
5046 5121
5046 5122
5047 5048
5047 5121
5047 5122
5047 5123
5048 5049
5048 5122
5048 5123
5048 5124
5049 5050
5049 5123
5049 5124
5050 5051
5050 5124
5051 5052
5051 5125
5052 5125
5053 5054
5053 5126
5054 5126
5054 5127
5055 5056
5055 5127
5055 5128
5055 5129
5056 5057
5056 5128
5056 5129
5056 5130
5057 5058
5057 5129
5057 5130
5057 5131
5058 5059
5058 5130
5058 5131
5059 5060
5059 5131
5059 5132
5060 5061
5060 5132
5060 5133
5061 5062
5061 5132
5061 5133
5061 5134
5062 5063
5062 5133
5062 5134
5062 5135
5063 5064
5063 5134
5063 5135
5063 5136
5064 5065
5064 5135
5064 5136
5064 5137
5065 5066
5065 5136
5065 5137
5065 5138
5066 5067
5066 5137
5066 5138
5066 5139
5067 5138
5067 5139
5067 5140
5068 5069
5068 5140
5068 5141
5068 5142
5069 5141
5069 5142
5070 5071
5070 5143
5071 5143
5071 5144
5072 5073
5072 5145
5072 5146
5072 5147
5073 5146
5073 5147
5073 5148
5074 5075
5074 5148
5074 5149
5074 5150
5075 5076
5075 5149
5075 5150
5076 5077
5076 5150
5076 5151
5077 5078
5077 5151
5077 5152
5078 5079
5078 5151
5078 5152
5078 5153
5079 5080
5079 5152
5079 5153
5079 5154
5080 5153
5080 5154
5081 5082
5081 5155
5082 5083
5082 5155
5082 5156
5083 5084
5083 5156
5084 5085
5084 5156
5084 5157
5085 5157
5086 5087
5087 5088
5087 5158
5088 5089
5088 5158
5088 5159
5089 5090
5089 5158
5089 5159
5089 5160
5090 5159
5090 5160
5091 5161
5091 5162
5092 5163
5092 5164
5093 5094
5093 5165
5093 5166
5094 5095
5094 5165
5094 5166
5094 5167
5095 5096
5095 5166
5095 5167
5095 5168
5096 5167
5096 5168
5096 5169
5097 5169
5097 5170
5097 5171
5098 5171
5098 5172
5098 5173
5099 5100
5099 5173
5099 5174
5099 5175
5100 5174
5100 5175
5100 5176
5101 5102
5101 5176
5101 5177
5101 5178
5102 5177
5102 5178
5102 5179
5103 5104
5103 5179
5103 5180
5104 5105
5104 5180
5104 5181
5105 5106
5105 5181
5105 5182
5106 5107
5106 5181
5106 5182
5106 5183
5107 5108
5107 5182
5107 5183
5107 5184
5108 5183
5108 5184
5109 5110
5109 5185
5109 5186
5110 5185
5110 5186
5111 5187
5111 5188
5112 5113
5112 5188
5112 5189
5112 5190
5113 5114
5113 5189
5113 5190
5113 5191
5114 5115
5114 5190
5114 5191
5114 5192
5115 5116
5115 5191
5115 5192
5115 5193
5116 5117
5116 5192
5116 5193
5116 5194
5117 5193
5117 5194
5118 5119
5118 5195
5119 5195
5120 5196
5120 5197
5121 5122
5121 5197
5121 5198
5121 5199
5122 5123
5122 5198
5122 5199
5122 5200
5123 5124
5123 5199
5123 5200
5124 5200
5124 5201
5125 5202
5125 5203
5125 5204
5126 5127
5126 5206
5126 5207
5126 5208
5127 5128
5127 5207
5127 5208
5127 5209
5128 5129
5128 5208
5128 5209
5129 5130
5129 5209
5129 5210
5130 5131
5130 5210
5131 5210
5131 5211
5132 5133
5132 5211
5132 5212
5132 5213
5133 5134
5133 5212
5133 5213
5133 5214
5134 5135
5134 5213
5134 5214
5134 5215
5135 5136
5135 5214
5135 5215
5135 5216
5136 5137
5136 5215
5136 5216
5136 5217
5137 5138
5137 5216
5137 5217
5137 5218
5138 5139
5138 5217
5138 5218
5138 5219
5139 5140
5139 5218
5139 5219
5139 5220
5140 5141
5140 5219
5140 5220
5140 5221
5141 5142
5141 5220
5141 5221
5141 5222
5142 5221
5142 5222
5143 5223
5143 5224
5144 5145
5144 5224
5144 5225
5144 5226
5145 5146
5145 5225
5145 5226
5145 5227
5146 5147
5146 5226
5146 5227
5146 5228
5147 5148
5147 5227
5147 5228
5148 5149
5148 5228
5148 5229
5149 5150
5149 5229
5150 5229
5151 5152
5151 5230
5151 5231
5152 5153
5152 5230
5152 5231
5152 5232
5153 5154
5153 5231
5153 5232
5153 5233
5154 5232
5154 5233
5154 5234
5155 5234
5155 5235
5155 5236
5156 5236
5157 5237
5157 5238
5158 5159
5158 5240
5159 5160
5159 5240
5159 5241
5160 5240
5160 5241
5160 5242
5161 5162
5161 5242
5161 5243
5161 5244
5162 5163
5162 5243
5162 5244
5163 5164
5163 5244
5163 5245
5164 5245
5164 5246
5165 5166
5165 5246
5165 5247
5166 5167
5166 5247
5166 5248
5167 5168
5167 5248
5167 5249
5168 5169
5168 5248
5168 5249
5168 5250
5169 5170
5169 5249
5169 5250
5169 5251
5170 5171
5170 5250
5170 5251
5171 5172
5171 5251
5171 5252
5172 5173
5172 5252
5172 5253
5173 5174
5173 5252
5173 5253
5174 5175
5174 5253
5174 5254
5175 5176
5175 5254
5175 5255
5176 5177
5176 5254
5176 5255
5176 5256
5177 5178
5177 5255
5177 5256
5178 5179
5178 5256
5178 5257
5179 5180
5179 5257
5179 5258
5180 5257
5180 5258
5181 5182
5181 5259
5181 5260
5182 5183
5182 5259
5182 5260
5183 5184
5183 5260
5183 5261
5184 5261
5185 5186
5185 5262
5185 5263
5186 5262
5186 5263
5186 5264
5187 5264
5187 5265
5187 5266
5188 5189
5188 5266
5188 5267
5188 5268
5189 5190
5189 5267
5189 5268
5189 5269
5190 5191
5190 5268
5190 5269
5191 5192
5191 5269
5191 5270
5192 5193
5192 5270
5192 5271
5193 5194
5193 5270
5193 5271
5194 5271
5195 5272
5195 5273
5196 5197
5196 5274
5196 5275
5197 5198
5197 5275
5197 5276
5198 5199
5198 5275
5198 5276
5198 5277
5199 5200
5199 5276
5199 5277
5200 5277
5200 5278
5201 5202
5201 5278
5201 5279
5201 5280
5202 5203
5202 5279
5202 5280
5202 5281
5203 5204
5203 5280
5203 5281
5204 5205
5204 5281
5205 5206
5205 5282
5206 5207
5206 5282
5207 5208
5207 5282
5208 5209
5209 5283
5210 5283
5210 5284
5210 5285
5211 5212
5211 5285
5211 5286
5211 5287
5212 5213
5212 5286
5212 5287
5212 5288
5213 5214
5213 5287
5213 5288
5214 5215
5214 5288
5214 5289
5215 5216
5215 5289
5215 5290
5216 5217
5216 5289
5216 5290
5216 5291
5217 5218
5217 5290
5217 5291
5217 5292
5218 5219
5218 5291
5218 5292
5218 5293
5219 5220
5219 5292
5219 5293
5220 5221
5220 5293
5220 5294
5221 5222
5221 5294
5221 5295
5222 5294
5222 5295
5223 5224
5223 5296
5223 5297
5224 5225
5224 5296
5224 5297
5224 5298
5225 5226
5225 5297
5225 5298
5225 5299
5226 5227
5226 5298
5226 5299
5227 5228
5227 5299
5227 5300
5228 5300
5229 5301
5229 5302
5230 5231
5230 5303
5230 5304
5231 5232
5231 5304
5231 5305
5232 5233
5232 5304
5232 5305
5232 5306
5233 5234
5233 5305
5233 5306
5233 5307
5234 5235
5234 5306
5234 5307
5235 5236
5235 5307
5236 5308
5237 5238
5237 5309
5237 5310
5238 5239
5238 5310
5238 5311
5239 5310
5239 5311
5239 5312
5240 5241
5240 5313
5240 5314
5240 5315
5241 5242
5241 5314
5241 5315
5242 5243
5242 5315
5242 5316
5243 5244
5243 5316
5243 5317
5244 5316
5244 5317
5244 5318
5245 5246
5245 5318
5245 5319
5245 5320
5246 5247
5246 5319
5246 5320
5246 5321
5247 5320
5247 5321
5247 5322
5248 5249
5248 5322
5248 5323
5248 5324
5249 5250
5249 5323
5249 5324
5249 5325
5250 5251
5250 5324
5250 5325
5250 5326
5251 5325
5251 5326
5251 5327
5252 5253
5252 5327
5252 5328
5252 5329
5253 5328
5253 5329
5253 5330
5254 5255
5254 5330
5254 5331
5254 5332
5255 5256
5255 5331
5255 5332
5255 5333
5256 5332
5256 5333
5256 5334
5257 5258
5257 5334
5257 5335
5258 5335
5258 5336
5259 5260
5259 5336
5259 5337
5259 5338
5260 5337
5260 5338
5260 5339
5261 5339
5261 5340
5261 5341
5262 5263
5262 5341
5262 5342
5262 5343
5263 5264
5263 5342
5263 5343
5264 5265
5264 5343
5265 5266
5265 5344
5266 5267
5266 5344
5266 5345
5267 5268
5267 5344
5267 5345
5267 5346
5268 5269
5268 5345
5268 5346
5268 5347
5269 5346
5269 5347
5270 5271
5270 5348
5270 5349
5271 5348
5271 5349
5272 5273
5272 5350
5273 5274
5273 5350
5274 5350
5275 5276
5275 5351
5275 5352
5276 5277
5276 5351
5276 5352
5276 5353
5277 5352
5277 5353
5277 5354
5278 5279
5278 5354
5278 5355
5278 5356
5279 5280
5279 5355
5279 5356
5279 5357
5280 5281
5280 5356
5280 5357
5280 5358
5281 5357
5281 5358
5281 5359
5282 5360
5282 5361
5282 5362
5283 5284
5283 5364
5283 5365
5283 5366
5284 5285
5284 5365
5284 5366
5284 5367
5285 5286
5285 5366
5285 5367
5285 5368
5286 5287
5286 5367
5286 5368
5286 5369
5287 5288
5287 5368
5287 5369
5288 5369
5288 5370
5289 5290
5289 5370
5289 5371
5290 5291
5290 5371
5290 5372
5291 5292
5291 5372
5291 5373
5292 5293
5292 5372
5292 5373
5292 5374
5293 5373
5293 5374
5293 5375
5294 5295
5294 5375
5294 5376
5295 5376
5295 5377
5296 5297
5296 5377
5296 5378
5296 5379
5297 5298
5297 5378
5297 5379
5297 5380
5298 5299
5298 5379
5298 5380
5298 5381
5299 5380
5299 5381
5299 5382
5300 5382
5300 5383
5300 5384
5301 5302
5301 5384
5301 5385
5302 5303
5302 5385
5302 5386
5303 5386
5303 5387
5304 5305
5304 5387
5304 5388
5304 5389
5305 5306
5305 5388
5305 5389
5305 5390
5306 5307
5306 5389
5306 5390
5306 5391
5307 5390
5307 5391
5307 5392
5308 5309
5308 5393
5308 5394
5308 5395
5309 5394
5309 5395
5310 5311
5310 5396
5311 5312
5311 5396
5311 5397
5312 5313
5312 5397
5312 5398
5313 5314
5313 5397
5313 5398
5313 5399
5314 5315
5314 5398
5314 5399
5314 5400
5315 5399
5315 5400
5315 5401
5316 5317
5316 5401
5316 5402
5317 5318
5317 5402
5317 5403
5318 5319
5318 5403
5318 5404
5319 5320
5319 5403
5319 5404
5320 5321
5320 5404
5320 5405
5321 5322
5321 5405
5321 5406
5322 5323
5322 5405
5322 5406
5323 5324
5323 5406
5324 5325
5324 5407
5325 5326
5325 5407
5325 5408
5326 5327
5326 5407
5326 5408
5327 5328
5327 5408
5327 5409
5328 5329
5328 5409
5329 5330
5329 5409
5330 5331
5330 5410
5331 5332
5331 5410
5331 5411
5332 5333
5332 5410
5332 5411
5333 5334
5333 5411
5333 5412
5334 5335
5334 5412
5334 5413
5335 5412
5335 5413
5336 5337
5336 5414
5337 5338
5337 5414
5337 5415
5338 5339
5338 5414
5338 5415
5339 5340
5339 5415
5339 5416
5340 5341
5340 5416
5340 5417
5341 5342
5341 5416
5341 5417
5341 5418
5342 5343
5342 5417
5342 5418
5343 5418
5344 5345
5344 5419
5344 5420
5345 5346
5345 5419
5345 5420
5345 5421
5346 5347
5346 5420
5346 5421
5346 5422
5347 5421
5347 5422
5347 5423
5348 5349
5348 5423
5348 5424
5349 5424
5349 5425
5350 5426
5350 5427
5351 5352
5351 5428
5351 5429
5351 5430
5352 5353
5352 5429
5352 5430
5352 5431
5353 5354
5353 5430
5353 5431
5353 5432
5354 5355
5354 5431
5354 5432
5355 5356
5355 5432
5356 5357
5357 5358
5358 5359
5358 5433
5359 5360
5359 5433
5359 5434
5360 5361
5360 5433
5360 5434
5360 5435
5361 5362
5361 5434
5361 5435
5361 5436
5362 5363
5362 5435
5362 5436
5363 5364
5363 5436
5363 5437
5364 5365
5364 5437
5364 5438
5365 5366
5365 5437
5365 5438
5365 5439
5366 5367
5366 5438
5366 5439
5367 5368
5367 5439
5367 5440
5368 5369
5368 5440
5368 5441
5369 5440
5369 5441
5369 5442
5370 5371
5370 5442
5370 5443
5370 5444
5371 5443
5371 5444
5371 5445
5372 5373
5372 5445
5372 5446
5372 5447
5373 5374
5373 5446
5373 5447
5373 5448
5374 5375
5374 5447
5374 5448
5374 5449
5375 5448
5375 5449
5375 5450
5376 5377
5376 5450
5376 5451
5376 5452
5377 5378
5377 5451
5377 5452
5377 5453
5378 5379
5378 5452
5378 5453
5378 5454
5379 5380
5379 5453
5379 5454
5379 5455
5380 5381
5380 5454
5380 5455
5380 5456
5381 5382
5381 5455
5381 5456
5381 5457
5382 5383
5382 5456
5382 5457
5382 5458
5383 5384
5383 5457
5383 5458
5383 5459
5384 5385
5384 5458
5384 5459
5384 5460
5385 5459
5385 5460
5386 5387
5386 5461
5387 5388
5387 5461
5387 5462
5388 5389
5388 5462
5389 5390
5389 5462
5389 5463
5390 5391
5390 5463
5390 5464
5391 5392
5391 5463
5391 5464
5391 5465
5392 5393
5392 5464
5392 5465
5392 5466
5393 5394
5393 5465
5393 5466
5393 5467
5394 5395
5394 5466
5394 5467
5394 5468
5395 5467
5395 5468
5395 5469
5396 5469
5396 5470
5396 5471
5397 5398
5397 5471
5397 5472
5398 5399
5398 5472
5398 5473
5399 5400
5399 5472
5399 5473
5399 5474
5400 5401
5400 5473
5400 5474
5400 5475
5401 5402
5401 5474
5401 5475
5401 5476
5402 5475
5402 5476
5402 5477
5403 5404
5403 5477
5403 5478
5403 5479
5404 5478
5404 5479
5404 5480
5405 5406
5405 5480
5406 5481
5407 5408
5407 5482
5407 5483
5408 5483
5408 5484
5409 5484
5409 5485
5409 5486
5410 5411
5410 5487
5410 5488
5410 5489
5411 5488
5411 5489
5412 5413
5412 5490
5412 5491
5413 5490
5413 5491
5413 5492
5414 5415
5414 5493
5414 5494
5415 5494
5415 5495
5416 5417
5416 5495
5416 5496
5417 5418
5417 5496
5417 5497
5418 5497
5418 5498
5419 5420
5419 5499
5419 5500
5420 5421
5420 5499
5420 5500
5420 5501
5421 5422
5421 5500
5421 5501
5421 5502
5422 5423
5422 5501
5422 5502
5422 5503
5423 5424
5423 5502
5423 5503
5423 5504
5424 5503
5424 5504
5424 5505
5425 5505
5425 5506
5426 5507
5426 5508
5427 5428
5427 5508
5427 5509
5427 5510
5428 5429
5428 5509
5428 5510
5428 5511
5429 5430
5429 5510
5429 5511
5429 5512
5430 5431
5430 5511
5430 5512
5430 5513
5431 5432
5431 5512
5431 5513
5431 5514
5432 5513
5432 5514
5433 5434
5433 5515
5434 5435
5434 5515
5434 5516
5435 5436
5435 5516
5435 5517
5436 5516
5436 5517
5436 5518
5437 5438
5437 5518
5437 5519
5437 5520
5438 5439
5438 5519
5438 5520
5439 5520
5439 5521
5440 5441
5440 5521
5440 5522
5440 5523
5441 5442
5441 5522
5441 5523
5442 5443
5442 5523
5442 5524
5443 5444
5443 5524
5444 5445
5444 5524
5444 5525
5445 5446
5445 5525
5445 5526
5446 5447
5446 5525
5446 5526
5446 5527
5447 5448
5447 5526
5447 5527
5447 5528
5448 5449
5448 5527
5448 5528
5448 5529
5449 5450
5449 5528
5449 5529
5450 5451
5450 5529
5451 5452
5451 5530
5452 5453
5452 5530
5452 5531
5453 5454
5453 5530
5453 5531
5453 5532
5454 5455
5454 5531
5454 5532
5454 5533
5455 5456
5455 5532
5455 5533
5455 5534
5456 5457
5456 5533
5456 5534
5456 5535
5457 5458
5457 5534
5457 5535
5457 5536
5458 5459
5458 5535
5458 5536
5459 5460
5459 5536
5460 5537
5461 5537
5461 5538
5462 5539
5463 5464
5463 5539
5463 5540
5464 5465
5464 5540
5464 5541
5465 5466
5465 5541
5465 5542
5466 5467
5466 5541
5466 5542
5466 5543
5467 5468
5467 5542
5467 5543
5467 5544
5468 5469
5468 5543
5468 5544
5468 5545
5469 5470
5469 5544
5469 5545
5469 5546
5470 5471
5470 5545
5470 5546
5470 5547
5471 5546
5471 5547
5471 5548
5472 5473
5472 5548
5472 5549
5473 5474
5473 5549
5473 5550
5474 5475
5474 5550
5474 5551
5475 5476
5475 5550
5475 5551
5475 5552
5476 5477
5476 5551
5476 5552
5476 5553
5477 5478
5477 5552
5477 5553
5478 5479
5478 5553
5478 5554
5479 5480
5479 5554
5479 5555
5480 5554
5480 5555
5481 5482
5481 5556
5481 5557
5482 5556
5482 5557
5482 5558
5483 5484
5483 5558
5483 5559
5483 5560
5484 5485
5484 5559
5484 5560
5484 5561
5485 5486
5485 5560
5485 5561
5485 5562
5486 5487
5486 5561
5486 5562
5487 5488
5487 5562
5487 5563
5488 5489
5488 5563
5488 5564
5489 5563
5489 5564
5489 5565
5490 5491
5490 5565
5490 5566
5490 5567
5491 5492
5491 5566
5491 5567
5491 5568
5492 5493
5492 5567
5492 5568
5493 5494
5493 5568
5493 5569
5494 5569
5494 5570
5495 5496
5495 5570
5495 5571
5495 5572
5496 5571
5496 5572
5496 5573
5497 5498
5497 5573
5497 5574
5497 5575
5498 5574
5498 5575
5498 5576
5499 5500
5499 5577
5499 5578
5499 5579
5500 5501
5500 5578
5500 5579
5500 5580
5501 5502
5501 5579
5501 5580
5501 5581
5502 5503
5502 5580
5502 5581
5502 5582
5503 5504
5503 5581
5503 5582
5504 5505
5504 5582
5504 5583
5505 5506
5505 5583
5505 5584
5506 5583
5506 5584
5507 5508
5507 5585
5507 5586
5508 5509
5508 5585
5508 5586
5508 5587
5509 5510
5509 5586
5509 5587
5510 5511
5510 5587
5510 5588
5511 5512
5511 5588
5511 5589
5512 5513
5512 5588
5512 5589
5512 5590
5513 5514
5513 5589
5513 5590
5513 5591
5514 5590
5514 5591
5514 5592
5516 5517
5516 5593
5516 5594
5517 5518
5517 5593
5517 5594
5517 5595
5518 5519
5518 5594
5518 5595
5519 5520
5519 5595
5519 5596
5520 5596
5520 5597
5521 5522
5521 5597
5521 5598
5521 5599
5522 5523
5522 5598
5522 5599
5522 5600
5523 5599
5523 5600
5523 5601
5524 5601
5524 5602
5524 5603
5525 5526
5525 5603
5526 5527
5526 5604
5527 5528
5527 5604
5527 5605
5528 5529
5528 5604
5528 5605
5528 5606
5529 5605
5529 5606
5530 5531
5530 5607
5530 5608
5530 5609
5531 5532
5531 5608
5531 5609
5532 5533
5532 5609
5532 5610
5533 5534
5533 5610
5533 5611
5534 5535
5534 5610
5534 5611
5534 5612
5535 5536
5535 5611
5535 5612
5535 5613
5536 5612
5536 5613
5536 5614
5537 5538
5537 5615
5537 5616
5537 5617
5538 5616
5538 5617
5538 5618
5539 5540
5539 5619
5539 5620
5539 5621
5540 5620
5540 5621
5540 5622
5541 5542
5541 5622
5541 5623
5542 5543
5542 5623
5542 5624
5543 5544
5543 5624
5543 5625
5544 5545
5544 5624
5544 5625
5545 5546
5545 5625
5545 5626
5546 5547
5546 5626
5546 5627
5547 5548
5547 5626
5547 5627
5548 5549
5548 5627
5548 5628
5549 5628
5549 5629
5550 5551
5550 5629
5550 5630
5550 5631
5551 5552
5551 5630
5551 5631
5551 5632
5552 5553
5552 5631
5552 5632
5552 5633
5553 5632
5553 5633
5553 5634
5554 5555
5554 5634
5554 5635
5554 5636
5555 5635
5555 5636
5555 5637
5556 5557
5556 5638
5556 5639
5557 5558
5557 5639
5557 5640
5558 5559
5558 5639
5558 5640
5558 5641
5559 5560
5559 5640
5559 5641
5559 5642
5560 5561
5560 5641
5560 5642
5560 5643
5561 5562
5561 5642
5561 5643
5561 5644
5562 5643
5562 5644
5562 5645
5563 5564
5563 5645
5563 5646
5564 5565
5564 5646
5564 5647
5565 5566
5565 5647
5565 5648
5566 5567
5566 5647
5566 5648
5566 5649
5567 5568
5567 5648
5567 5649
5567 5650
5568 5649
5568 5650
5568 5651
5569 5570
5569 5651
5569 5652
5569 5653
5570 5571
5570 5652
5570 5653
5570 5654
5571 5572
5571 5653
5571 5654
5572 5573
5572 5654
5572 5655
5573 5574
5573 5655
5573 5656
5574 5575
5574 5655
5574 5656
5574 5657
5575 5576
5575 5656
5575 5657
5575 5658
5576 5577
5576 5657
5576 5658
5576 5659
5577 5578
5577 5658
5577 5659
5577 5660
5578 5579
5578 5659
5578 5660
5579 5580
5579 5660
5580 5581
5581 5582
5581 5661
5582 5661
5582 5662
5583 5584
5583 5662
5583 5663
5583 5664
5584 5663
5584 5664
5585 5586
5585 5665
5586 5587
5586 5665
5586 5666
5587 5666
5587 5667
5588 5589
5588 5667
5588 5668
5588 5669
5589 5590
5589 5668
5589 5669
5590 5591
5590 5669
5591 5592
5592 5670
5593 5594
5593 5674
5593 5675
5593 5676
5594 5595
5594 5675
5594 5676
5594 5677
5595 5676
5595 5677
5595 5678
5596 5597
5596 5678
5596 5679
5597 5598
5597 5679
5597 5680
5598 5599
5598 5679
5598 5680
5599 5600
5599 5680
5599 5681
5600 5601
5600 5681
5600 5682
5601 5602
5601 5681
5601 5682
5601 5683
5602 5603
5602 5682
5602 5683
5602 5684
5603 5683
5603 5684
5603 5685
5604 5605
5604 5686
5604 5687
5605 5606
5605 5687
5605 5688
5606 5687
5606 5688
5606 5689
5607 5608
5607 5689
5607 5690
5607 5691
5608 5609
5608 5690
5608 5691
5608 5692
5609 5691
5609 5692
5610 5611
5610 5693
5610 5694
5611 5612
5611 5693
5611 5694
5611 5695
5612 5613
5612 5694
5612 5695
5612 5696
5613 5614
5613 5695
5613 5696
5613 5697
5614 5615
5614 5696
5614 5697
5614 5698
5615 5616
5615 5697
5615 5698
5616 5617
5616 5698
5617 5618
5617 5699
5618 5619
5618 5699
5618 5700
5619 5620
5619 5699
5619 5700
5620 5621
5620 5700
5620 5701
5621 5622
5621 5701
5621 5702
5622 5623
5622 5701
5622 5702
5622 5703
5623 5702
5623 5703
5623 5704
5624 5625
5624 5704
5626 5627
5626 5705
5626 5706
5627 5705
5627 5706
5628 5629
5629 5630
5629 5707
5630 5631
5630 5707
5631 5632
5631 5707
5631 5708
5632 5633
5632 5708
5632 5709
5633 5634
5633 5708
5633 5709
5633 5710
5634 5635
5634 5709
5634 5710
5634 5711
5635 5636
5635 5710
5635 5711
5635 5712
5636 5637
5636 5711
5636 5712
5636 5713
5637 5638
5637 5712
5637 5713
5637 5714
5638 5713
5638 5714
5638 5715
5639 5640
5639 5715
5640 5641
5640 5716
5641 5642
5641 5716
5641 5717
5642 5643
5642 5716
5642 5717
5642 5718
5643 5644
5643 5717
5643 5718
5643 5719
5644 5645
5644 5718
5644 5719
5645 5646
5645 5719
5645 5720
5646 5720
5646 5721
5647 5648
5647 5721
5647 5722
5647 5723
5648 5649
5648 5722
5648 5723
5648 5724
5649 5650
5649 5723
5649 5724
5649 5725
5650 5651
5650 5724
5650 5725
5650 5726
5651 5652
5651 5725
5651 5726
5651 5727
5652 5653
5652 5726
5652 5727
5652 5728
5653 5654
5653 5727
5653 5728
5653 5729
5654 5728
5654 5729
5654 5730
5655 5656
5655 5730
5655 5731
5655 5732
5656 5657
5656 5731
5656 5732
5656 5733
5657 5658
5657 5732
5657 5733
5657 5734
5658 5659
5658 5733
5658 5734
5658 5735
5659 5660
5659 5734
5659 5735
5659 5736
5660 5735
5660 5736
5660 5737
5661 5662
5661 5738
5661 5739
5662 5663
5662 5739
5662 5740
5663 5664
5663 5739
5663 5740
5664 5740
5665 5741
5665 5742
5666 5667
5666 5742
5666 5743
5666 5744
5667 5668
5667 5743
5667 5744
5668 5669
5668 5744
5668 5745
5669 5745
5669 5746
5670 5671
5670 5748
5670 5749
5670 5750
5671 5672
5671 5749
5671 5750
5671 5751
5672 5673
5672 5750
5672 5751
5672 5752
5673 5674
5673 5751
5673 5752
5673 5753
5674 5675
5674 5752
5674 5753
5675 5676
5675 5753
5675 5754
5676 5677
5676 5754
5676 5755
5677 5678
5677 5754
5677 5755
5677 5756
5678 5755
5678 5756
5678 5757
5679 5680
5679 5757
5679 5758
5679 5759
5680 5758
5680 5759
5680 5760
5681 5682
5681 5760
5681 5761
5682 5683
5682 5761
5682 5762
5683 5684
5683 5762
5683 5763
5684 5685
5684 5762
5684 5763
5684 5764
5685 5686
5685 5763
5685 5764
5685 5765
5686 5764
5686 5765
5686 5766
5687 5688
5687 5766
5687 5767
5688 5689
5688 5767
5688 5768
5689 5690
5689 5767
5689 5768
5690 5691
5690 5768
5691 5692
5691 5769
5692 5769
5692 5770
5693 5694
5693 5770
5693 5771
5694 5695
5694 5771
5694 5772
5695 5696
5695 5772
5695 5773
5696 5697
5696 5772
5696 5773
5696 5774
5697 5698
5697 5773
5697 5774
5697 5775
5698 5774
5698 5775
5698 5776
5699 5700
5699 5777
5699 5778
5700 5778
5700 5779
5701 5702
5701 5779
5701 5780
5701 5781
5702 5703
5702 5780
5702 5781
5702 5782
5703 5704
5703 5781
5703 5782
5703 5783
5704 5782
5704 5783
5704 5784
5705 5706
5705 5786
5705 5787
5705 5788
5706 5787
5706 5788
5706 5789
5707 5791
5707 5792
5707 5793
5708 5709
5708 5793
5708 5794
5708 5795
5709 5710
5709 5794
5709 5795
5709 5796
5710 5711
5710 5795
5710 5796
5710 5797
5711 5712
5711 5796
5711 5797
5711 5798
5712 5713
5712 5797
5712 5798
5713 5714
5713 5798
5713 5799
5714 5715
5714 5799
5714 5800
5715 5799
5715 5800
5716 5717
5716 5801
5716 5802
5717 5718
5717 5801
5717 5802
5717 5803
5718 5719
5718 5802
5718 5803
5718 5804
5719 5803
5719 5804
5720 5721
5720 5805
5720 5806
5721 5722
5721 5805
5721 5806
5721 5807
5722 5723
5722 5806
5722 5807
5722 5808
5723 5724
5723 5807
5723 5808
5723 5809
5724 5725
5724 5808
5724 5809
5725 5726
5725 5809
5726 5727
5726 5810
5727 5728
5727 5810
5727 5811
5728 5729
5728 5810
5728 5811
5729 5730
5729 5811
5729 5812
5730 5731
5730 5812
5731 5732
5731 5812
5731 5813
5732 5733
5732 5813
5732 5814
5733 5734
5733 5813
5733 5814
5734 5735
5734 5814
5734 5815
5735 5736
5735 5815
5735 5816
5736 5737
5736 5815
5736 5816
5737 5816
5737 5817
5738 5817
5738 5818
5739 5740
5739 5819
5740 5819
5740 5820
5741 5742
5741 5821
5741 5822
5742 5743
5742 5821
5742 5822
5742 5823
5743 5744
5743 5822
5743 5823
5743 5824
5744 5823
5744 5824
5745 5746
5745 5825
5745 5826
5746 5747
5746 5825
5746 5826
5746 5827
5747 5748
5747 5826
5747 5827
5747 5828
5748 5749
5748 5827
5748 5828
5748 5829
5749 5750
5749 5828
5749 5829
5750 5751
5750 5829
5750 5830
5751 5752
5751 5830
5751 5831
5752 5753
5752 5830
5752 5831
5752 5832
5753 5831
5753 5832
5753 5833
5754 5755
5754 5833
5754 5834
5754 5835
5755 5756
5755 5834
5755 5835
5755 5836
5756 5757
5756 5835
5756 5836
5757 5758
5757 5836
5757 5837
5758 5759
5758 5837
5759 5760
5759 5837
5760 5761
5760 5838
5761 5838
5761 5839
5762 5763
5762 5839
5762 5840
5763 5764
5763 5840
5763 5841
5764 5765
5764 5840
5764 5841
5764 5842
5765 5766
5765 5841
5765 5842
5766 5842
5766 5843
5767 5768
5767 5843
5767 5844
5767 5845
5768 5844
5768 5845
5768 5846
5769 5770
5769 5847
5769 5848
5769 5849
5770 5771
5770 5848
5770 5849
5770 5850
5771 5849
5771 5850
5771 5851
5772 5773
5772 5851
5772 5852
5772 5853
5773 5774
5773 5852
5773 5853
5773 5854
5774 5775
5774 5853
5774 5854
5774 5855
5775 5776
5775 5854
5775 5855
5775 5856
5776 5777
5776 5855
5776 5856
5776 5857
5777 5856
5777 5857
5777 5858
5778 5779
5778 5858
5778 5859
5779 5780
5779 5859
5780 5781
5780 5859
5780 5860
5781 5782
5781 5860
5782 5783
5782 5860
5782 5861
5783 5784
5783 5861
5784 5785
5784 5861
5784 5862
5785 5786
5785 5862
5785 5863
5786 5787
5786 5862
5786 5863
5786 5864
5787 5788
5787 5863
5787 5864
5787 5865
5788 5789
5788 5864
5788 5865
5789 5790
5789 5865
5790 5791
5790 5866
5791 5792
5791 5866
5791 5867
5792 5793
5792 5866
5792 5867
5793 5794
5793 5867
5793 5868
5794 5795
5794 5868
5794 5869
5795 5796
5795 5868
5795 5869
5795 5870
5796 5797
5796 5869
5796 5870
5796 5871
5797 5798
5797 5870
5797 5871
5798 5871
5798 5872
5799 5800
5799 5872
5799 5873
5799 5874
5800 5873
5800 5874
5800 5875
5801 5802
5801 5876
5801 5877
5801 5878
5802 5803
5802 5877
5802 5878
5802 5879
5803 5804
5803 5878
5803 5879
5803 5880
5804 5879
5804 5880
5805 5806
5805 5881
5805 5882
5806 5807
5806 5881
5806 5882
5806 5883
5807 5808
5807 5882
5807 5883
5807 5884
5808 5809
5808 5883
5808 5884
5808 5885
5809 5884
5809 5885
5809 5886
5810 5811
5810 5887
5810 5888
5811 5888
5811 5889
5812 5889
5812 5890
5813 5814
5813 5890
5813 5891
5813 5892
5814 5891
5814 5892
5814 5893
5815 5816
5815 5893
5815 5894
5815 5895
5816 5894
5816 5895
5816 5896
5817 5818
5817 5896
5817 5897
5817 5898
5818 5897
5818 5898
5818 5899
5819 5899
5819 5900
5820 5901
5821 5822
5821 5902
5821 5903
5822 5823
5822 5902
5822 5903
5822 5904
5823 5824
5823 5903
5823 5904
5823 5905
5824 5904
5824 5905
5824 5906
5825 5826
5825 5906
5825 5907
5825 5908
5826 5827
5826 5907
5826 5908
5826 5909
5827 5828
5827 5908
5827 5909
5827 5910
5828 5829
5828 5909
5828 5910
5828 5911
5829 5910
5829 5911
5829 5912
5830 5831
5830 5912
5830 5913
5831 5832
5831 5913
5831 5914
5832 5833
5832 5914
5832 5915
5833 5834
5833 5914
5833 5915
5834 5835
5834 5915
5834 5916
5835 5836
5835 5916
5835 5917
5836 5916
5836 5917
5837 5918
5837 5919
5838 5839
5838 5920
5838 5921
5838 5922
5839 5921
5839 5922
5839 5923
5840 5841
5840 5923
5840 5924
5840 5925
5841 5842
5841 5924
5841 5925
5842 5925
5842 5926
5843 5844
5843 5926
5843 5927
5843 5928
5844 5845
5844 5927
5844 5928
5844 5929
5845 5846
5845 5928
5845 5929
5845 5930
5846 5847
5846 5929
5846 5930
5846 5931
5847 5848
5847 5930
5847 5931
5848 5849
5848 5931
5849 5850
5850 5851
5850 5932
5851 5852
5851 5932
5851 5933
5852 5853
5852 5932
5852 5933
5852 5934
5853 5854
5853 5933
5853 5934
5854 5855
5854 5934
5854 5935
5855 5856
5855 5935
5855 5936
5856 5857
5856 5935
5856 5936
5856 5937
5857 5858
5857 5936
5857 5937
5857 5938
5858 5937
5858 5938
5858 5939
5859 5939
5859 5940
5859 5941
5860 5941
5860 5942
5860 5943
5861 5943
5861 5944
5862 5863
5862 5944
5862 5945
5862 5946
5863 5864
5863 5945
5863 5946
5863 5947
5864 5865
5864 5946
5864 5947
5865 5947
5865 5948
5866 5867
5866 5949
5866 5950
5866 5951
5867 5950
5867 5951
5867 5952
5868 5869
5868 5952
5868 5953
5869 5870
5869 5953
5869 5954
5870 5871
5870 5954
5871 5954
5872 5873
5872 5955
5872 5956
5873 5874
5873 5955
5873 5956
5873 5957
5874 5875
5874 5956
5874 5957
5874 5958
5875 5876
5875 5957
5875 5958
5875 5959
5876 5877
5876 5958
5876 5959
5876 5960
5877 5878
5877 5959
5877 5960
5877 5961
5878 5879
5878 5960
5878 5961
5878 5962
5879 5880
5879 5961
5879 5962
5880 5962
5880 5963
5881 5882
5881 5963
5881 5964
5881 5965
5882 5883
5882 5964
5882 5965
5882 5966
5883 5884
5883 5965
5883 5966
5883 5967
5884 5885
5884 5966
5884 5967
5884 5968
5885 5886
5885 5967
5885 5968
5886 5887
5886 5968
5887 5888
5887 5969
5888 5969
5888 5970
5889 5970
5890 5891
5890 5971
5890 5972
5891 5892
5891 5971
5891 5972
5891 5973
5892 5893
5892 5972
5892 5973
5892 5974
5893 5894
5893 5973
5893 5974
5893 5975
5894 5895
5894 5974
5894 5975
5894 5976
5895 5896
5895 5975
5895 5976
5895 5977
5896 5897
5896 5976
5896 5977
5896 5978
5897 5898
5897 5977
5897 5978
5897 5979
5898 5899
5898 5978
5898 5979
5898 5980
5899 5900
5899 5979
5899 5980
5899 5981
5900 5980
5900 5981
5900 5982
5901 5982
5901 5983
5902 5903
5902 5984
5903 5904
5903 5984
5903 5985
5904 5905
5904 5985
5904 5986
5905 5906
5905 5985
5905 5986
5905 5987
5906 5907
5906 5986
5906 5987
5906 5988
5907 5908
5907 5987
5907 5988
5907 5989
5908 5909
5908 5988
5908 5989
5908 5990
5909 5910
5909 5989
5909 5990
5909 5991
5910 5911
5910 5990
5910 5991
5911 5912
5911 5991
5911 5992
5912 5913
5912 5992
5912 5993
5913 5992
5913 5993
5913 5994
5914 5915
5914 5994
5914 5995
5915 5995
5915 5996
5916 5917
5916 5996
5916 5997
5917 5997
5917 5998
5918 5919
5918 5998
5918 5999
5918 6000
5919 5920
5919 5999
5919 6000
5919 6001
5920 5921
5920 6000
5920 6001
5920 6002
5921 5922
5921 6001
5921 6002
5921 6003
5922 5923
5922 6002
5922 6003
5922 6004
5923 5924
5923 6003
5923 6004
5923 6005
5924 5925
5924 6004
5924 6005
5925 6005
5925 6006
5926 5927
5926 6006
5926 6007
5926 6008
5927 5928
5927 6007
5927 6008
5927 6009
5928 5929
5928 6008
5928 6009
5928 6010
5929 5930
5929 6009
5929 6010
5929 6011
5930 5931
5930 6010
5930 6011
5931 6011
5931 6012
5932 5933
5932 6014
5933 5934
5933 6014
5933 6015
5934 6015
5934 6016
5935 5936
5935 6016
5935 6017
5935 6018
5936 5937
5936 6017
5936 6018
5936 6019
5937 5938
5937 6018
5937 6019
5937 6020
5938 5939
5938 6019
5938 6020
5938 6021
5939 5940
5939 6020
5939 6021
5939 6022
5940 5941
5940 6021
5940 6022
5941 5942
5941 6022
5941 6023
5942 5943
5942 6023
5943 6023
5943 6024
5944 5945
5944 6024
5944 6025
5944 6026
5945 5946
5945 6025
5945 6026
5945 6027
5946 5947
5946 6026
5946 6027
5946 6028
5947 6027
5947 6028
5947 6029
5948 5949
5948 6029
5948 6030
5948 6031
5949 5950
5949 6030
5949 6031
5949 6032
5950 5951
5950 6031
5950 6032
5950 6033
5951 5952
5951 6032
5951 6033
5951 6034
5952 5953
5952 6033
5952 6034
5953 6034
5953 6035
5954 6035
5954 6036
5954 6037
5955 5956
5955 6038
5955 6039
5956 5957
5956 6039
5956 6040
5957 5958
5957 6040
5957 6041
5958 5959
5958 6040
5958 6041
5958 6042
5959 5960
5959 6041
5959 6042
5959 6043
5960 5961
5960 6042
5960 6043
5960 6044
5961 5962
5961 6043
5961 6044
5961 6045
5962 6044
5962 6045
5962 6046
5963 5964
5963 6046
5963 6047
5963 6048
5964 5965
5964 6047
5964 6048
5965 5966
5965 6048
5965 6049
5966 5967
5966 6049
5967 5968
5967 6049
5967 6050
5968 6050
5968 6051
5969 5970
5969 6052
5969 6053
5970 6053
5971 5972
5971 6054
5971 6055
5972 5973
5972 6055
5972 6056
5973 5974
5973 6055
5973 6056
5974 5975
5974 6056
5974 6057
5975 5976
5975 6057
5975 6058
5976 5977
5976 6057
5976 6058
5976 6059
5977 5978
5977 6058
5977 6059
5977 6060
5978 5979
5978 6059
5978 6060
5978 6061
5979 5980
5979 6060
5979 6061
5979 6062
5980 5981
5980 6061
5980 6062
5980 6063
5981 5982
5981 6062
5981 6063
5981 6064
5982 5983
5982 6063
5982 6064
5982 6065
5983 6064
5983 6065
5984 6066
5984 6067
5985 5986
5985 6067
5985 6068
5985 6069
5986 5987
5986 6068
5986 6069
5986 6070
5987 5988
5987 6069
5987 6070
5987 6071
5988 5989
5988 6070
5988 6071
5988 6072
5989 5990
5989 6071
5989 6072
5989 6073
5990 5991
5990 6072
5990 6073
5990 6074
5991 6073
5991 6074
5991 6075
5992 5993
5992 6075
5992 6076
5992 6077
5993 5994
5993 6076
5993 6077
5993 6078
5994 5995
5994 6077
5994 6078
5994 6079
5995 6078
5995 6079
5995 6080
5996 6080
5996 6081
5996 6082
5997 5998
5997 6082
5997 6083
5998 5999
5998 6083
5999 6000
5999 6084
6000 6001
6000 6084
6000 6085
6001 6002
6001 6084
6001 6085
6001 6086
6002 6003
6002 6085
6002 6086
6002 6087
6003 6004
6003 6086
6003 6087
6003 6088
6004 6005
6004 6087
6004 6088
6004 6089
6005 6088
6005 6089
6005 6090
6006 6007
6006 6090
6006 6091
6006 6092
6007 6008
6007 6091
6007 6092
6008 6009
6008 6092
6008 6093
6009 6010
6009 6093
6009 6094
6010 6011
6010 6093
6010 6094
6010 6095
6011 6094
6011 6095
6011 6096
6012 6013
6012 6096
6012 6097
6013 6097
6013 6098
6014 6098
6014 6099
6015 6016
6015 6100
6015 6101
6016 6017
6016 6100
6016 6101
6016 6102
6017 6018
6017 6101
6017 6102
6018 6019
6018 6102
6018 6103
6019 6020
6019 6103
6019 6104
6020 6021
6020 6103
6020 6104
6020 6105
6021 6022
6021 6104
6021 6105
6021 6106
6022 6105
6022 6106
6022 6107
6023 6107
6023 6108
6024 6025
6024 6108
6024 6109
6024 6110
6025 6026
6025 6109
6025 6110
6025 6111
6026 6027
6026 6110
6026 6111
6026 6112
6027 6028
6027 6111
6027 6112
6027 6113
6028 6029
6028 6112
6028 6113
6028 6114
6029 6030
6029 6113
6029 6114
6029 6115
6030 6031
6030 6114
6030 6115
6031 6032
6031 6115
6032 6033
6032 6116
6033 6034
6033 6116
6033 6117
6034 6116
6034 6117
6034 6118
6035 6036
6035 6118
6035 6119
6036 6037
6036 6119
6036 6120
6037 6038
6037 6120
6037 6121
6038 6039
6038 6120
6038 6121
6038 6122
6039 6121
6039 6122
6039 6123
6040 6041
6040 6123
6040 6124
6040 6125
6041 6042
6041 6124
6041 6125
6041 6126
6042 6043
6042 6125
6042 6126
6042 6127
6043 6044
6043 6126
6043 6127
6043 6128
6044 6045
6044 6127
6044 6128
6044 6129
6045 6046
6045 6128
6045 6129
6045 6130
6046 6047
6046 6129
6046 6130
6046 6131
6047 6048
6047 6130
6047 6131
6047 6132
6048 6131
6048 6132
6048 6133
6049 6133
6049 6134
6049 6135
6050 6051
6050 6135
6050 6136
6050 6137
6051 6052
6051 6136
6051 6137
6051 6138
6052 6137
6052 6138
6052 6139
6053 6139
6053 6140
6053 6141
6054 6141
6054 6142
6055 6056
6055 6143
6056 6143
6056 6144
6057 6058
6057 6144
6057 6145
6057 6146
6058 6059
6058 6145
6058 6146
6058 6147
6059 6060
6059 6146
6059 6147
6060 6061
6060 6147
6060 6148
6061 6062
6061 6148
6061 6149
6062 6063
6062 6148
6062 6149
6062 6150
6063 6064
6063 6149
6063 6150
6063 6151
6064 6065
6064 6150
6064 6151
6065 6151
6066 6067
6066 6152
6066 6153
6067 6068
6067 6152
6067 6153
6067 6154
6068 6069
6068 6153
6068 6154
6069 6070
6069 6154
6069 6155
6070 6071
6070 6155
6070 6156
6071 6072
6071 6155
6071 6156
6071 6157
6072 6073
6072 6156
6072 6157
6073 6074
6073 6157
6074 6075
6074 6158
6075 6076
6075 6158
6075 6159
6076 6077
6076 6158
6076 6159
6076 6160
6077 6078
6077 6159
6077 6160
6077 6161
6078 6079
6078 6160
6078 6161
6078 6162
6079 6080
6079 6161
6079 6162
6079 6163
6080 6081
6080 6162
6080 6163
6080 6164
6081 6082
6081 6163
6081 6164
6081 6165
6082 6083
6082 6164
6082 6165
6082 6166
6083 6165
6083 6166
6084 6085
6084 6167
6084 6168
6084 6169
6085 6086
6085 6168
6085 6169
6085 6170
6086 6087
6086 6169
6086 6170
6086 6171
6087 6088
6087 6170
6087 6171
6088 6089
6088 6171
6088 6172
6089 6090
6089 6172
6089 6173
6090 6091
6090 6172
6090 6173
6090 6174
6091 6092
6091 6173
6091 6174
6091 6175
6092 6174
6092 6175
6092 6176
6093 6094
6093 6176
6093 6177
6094 6095
6094 6177
6094 6178
6095 6096
6095 6178
6096 6178
6096 6179
6097 6098
6097 6179
6097 6180
6097 6181
6098 6099
6098 6180
6098 6181
6098 6182
6099 6181
6099 6182
6099 6183
6100 6101
6100 6183
6100 6184
6100 6185
6101 6102
6101 6184
6101 6185
6101 6186
6102 6185
6102 6186
6102 6187
6103 6104
6103 6187
6103 6188
6103 6189
6104 6105
6104 6188
6104 6189
6104 6190
6105 6106
6105 6189
6105 6190
6105 6191
6106 6107
6106 6190
6106 6191
6106 6192
6107 6191
6107 6192
6107 6193
6108 6109
6108 6193
6108 6194
6108 6195
6109 6110
6109 6194
6109 6195
6109 6196
6110 6111
6110 6195
6110 6196
6110 6197
6111 6112
6111 6196
6111 6197
6111 6198
6112 6113
6112 6197
6112 6198
6112 6199
6113 6114
6113 6198
6113 6199
6113 6200
6114 6115
6114 6199
6114 6200
6114 6201
6115 6200
6115 6201
6115 6202
6116 6117
6116 6203
6116 6204
6116 6205
6117 6118
6117 6204
6117 6205
6117 6206
6118 6119
6118 6205
6118 6206
6119 6206
6119 6207
6120 6121
6120 6207
6120 6208
6120 6209
6121 6122
6121 6208
6121 6209
6121 6210
6122 6123
6122 6209
6122 6210
6122 6211
6123 6124
6123 6210
6123 6211
6123 6212
6124 6125
6124 6211
6124 6212
6124 6213
6125 6126
6125 6212
6125 6213
6126 6127
6126 6213
6126 6214
6127 6128
6127 6214
6127 6215
6128 6129
6128 6214
6128 6215
6129 6130
6129 6215
6129 6216
6130 6131
6130 6216
6130 6217
6131 6132
6131 6216
6131 6217
6132 6133
6132 6217
6132 6218
6133 6134
6133 6218
6133 6219
6134 6135
6134 6218
6134 6219
6134 6220
6135 6136
6135 6219
6135 6220
6135 6221
6136 6137
6136 6220
6136 6221
6136 6222
6137 6138
6137 6221
6137 6222
6137 6223
6138 6139
6138 6222
6138 6223
6138 6224
6139 6140
6139 6223
6139 6224
6139 6225
6140 6141
6140 6224
6140 6225
6141 6142
6141 6225
6141 6226
6142 6226
6143 6144
6143 6227
6143 6228
6143 6229
6144 6145
6144 6228
6144 6229
6144 6230
6145 6146
6145 6229
6145 6230
6145 6231
6146 6147
6146 6230
6146 6231
6147 6231
6148 6149
6148 6232
6148 6233
6149 6150
6149 6232
6149 6233
6149 6234
6150 6151
6150 6233
6150 6234
6150 6235
6151 6234
6151 6235
6151 6236
6152 6153
6152 6237
6152 6238
6153 6154
6153 6237
6153 6238
6153 6239
6154 6238
6154 6239
6155 6156
6155 6240
6155 6241
6156 6157
6156 6240
6156 6241
6157 6241
6157 6242
6158 6159
6158 6243
6159 6160
6160 6161
6160 6244
6161 6162
6161 6244
6162 6163
6162 6244
6162 6245
6163 6164
6163 6245
6163 6246
6164 6165
6164 6245
6164 6246
6164 6247
6165 6166
6165 6246
6165 6247
6165 6248
6166 6247
6166 6248
6166 6249
6167 6168
6167 6249
6167 6250
6167 6251
6168 6169
6168 6250
6168 6251
6168 6252
6169 6170
6169 6251
6169 6252
6170 6171
6170 6252
6170 6253
6171 6253
6171 6254
6172 6173
6172 6254
6172 6255
6172 6256
6173 6174
6173 6255
6173 6256
6173 6257
6174 6175
6174 6256
6174 6257
6174 6258
6175 6176
6175 6257
6175 6258
6175 6259
6176 6177
6176 6258
6176 6259
6176 6260
6177 6259
6177 6260
6178 6261
6179 6180
6179 6262
6179 6263
6180 6181
6180 6262
6180 6263
6181 6182
6181 6263
6181 6264
6182 6183
6182 6264
6182 6265
6183 6184
6183 6264
6183 6265
6183 6266
6184 6185
6184 6265
6184 6266
6184 6267
6185 6186
6185 6266
6185 6267
6185 6268
6186 6187
6186 6267
6186 6268
6186 6269
6187 6188
6187 6268
6187 6269
6187 6270
6188 6189
6188 6269
6188 6270
6188 6271
6189 6190
6189 6270
6189 6271
6189 6272
6190 6191
6190 6271
6190 6272
6190 6273
6191 6192
6191 6272
6191 6273
6191 6274
6192 6193
6192 6273
6192 6274
6192 6275
6193 6194
6193 6274
6193 6275
6193 6276
6194 6195
6194 6275
6194 6276
6195 6196
6195 6276
6195 6277
6196 6197
6196 6277
6196 6278
6197 6198
6197 6277
6197 6278
6197 6279
6198 6199
6198 6278
6198 6279
6199 6200
6199 6279
6200 6201
6201 6202
6201 6280
6202 6203
6202 6280
6202 6281
6203 6204
6203 6280
6203 6281
6203 6282
6204 6205
6204 6281
6204 6282
6205 6206
6205 6282
6205 6283
6206 6283
6206 6284
6207 6208
6207 6284
6207 6285
6207 6286
6208 6209
6208 6285
6208 6286
6208 6287
6209 6210
6209 6286
6209 6287
6209 6288
6210 6211
6210 6287
6210 6288
6210 6289
6211 6212
6211 6288
6211 6289
6211 6290
6212 6213
6212 6289
6212 6290
6212 6291
6213 6290
6213 6291
6214 6215
6214 6292
6214 6293
6215 6292
6215 6293
6216 6217
6216 6294
6216 6295
6217 6294
6217 6295
6218 6219
6218 6296
6218 6297
6219 6220
6219 6296
6219 6297
6219 6298
6220 6221
6220 6297
6220 6298
6220 6299
6221 6222
6221 6298
6221 6299
6222 6223
6222 6299
6222 6300
6223 6224
6223 6300
6223 6301
6224 6225
6224 6300
6224 6301
6225 6301
6225 6302
6226 6302
6226 6303
6226 6304
6227 6228
6227 6304
6227 6305
6228 6229
6228 6305
6228 6306
6229 6230
6229 6305
6229 6306
6229 6307
6230 6231
6230 6306
6230 6307
6230 6308
6231 6307
6231 6308
6231 6309
6232 6233
6232 6310
6232 6311
6232 6312
6233 6234
6233 6311
6233 6312
6233 6313
6234 6235
6234 6312
6234 6313
6235 6236
6235 6313
6235 6314
6236 6314
6237 6238
6237 6315
6238 6239
6238 6315
6239 6315
6240 6241
6240 6316
6240 6317
6241 6316
6241 6317
6241 6318
6242 6243
6242 6318
6242 6319
6242 6320
6243 6319
6243 6320
6244 6322
6244 6323
6245 6246
6245 6323
6245 6324
6246 6247
6246 6324
6247 6248
6247 6325
6248 6249
6248 6325
6248 6326
6249 6250
6249 6325
6249 6326
6249 6327
6250 6251
6250 6326
6250 6327
6250 6328
6251 6252
6251 6327
6251 6328
6251 6329
6252 6328
6252 6329
6253 6254
6253 6330
6254 6255
6254 6330
6255 6256
6255 6330
6255 6331
6256 6257
6256 6331
6256 6332
6257 6258
6257 6331
6257 6332
6257 6333
6258 6259
6258 6332
6258 6333
6258 6334
6259 6260
6259 6333
6259 6334
6259 6335
6260 6334
6260 6335
6260 6336
6261 6336
6261 6337
6261 6338
6262 6263
6262 6338
6262 6339
6263 6339
6263 6340
6264 6265
6264 6340
6264 6341
6265 6266
6265 6341
6266 6267
6266 6342
6267 6268
6267 6342
6267 6343
6268 6269
6268 6342
6268 6343
6269 6270
6269 6343
6269 6344
6270 6271
6270 6344
6270 6345
6271 6272
6271 6344
6271 6345
6271 6346
6272 6273
6272 6345
6272 6346
6272 6347
6273 6274
6273 6346
6273 6347
6273 6348
6274 6275
6274 6347
6274 6348
6275 6276
6275 6348
6275 6349
6276 6349
6276 6350
6277 6278
6277 6350
6277 6351
6277 6352
6278 6279
6278 6351
6278 6352
6278 6353
6279 6352
6279 6353
6279 6354
6280 6281
6280 6356
6280 6357
6281 6282
6281 6356
6281 6357
6281 6358
6282 6357
6282 6358
6282 6359
6283 6284
6283 6359
6283 6360
6283 6361
6284 6285
6284 6360
6284 6361
6284 6362
6285 6286
6285 6361
6285 6362
6285 6363
6286 6287
6286 6362
6286 6363
6286 6364
6287 6288
6287 6363
6287 6364
6287 6365
6288 6289
6288 6364
6288 6365
6288 6366
6289 6290
6289 6365
6289 6366
6289 6367
6290 6291
6290 6366
6290 6367
6290 6368
6291 6367
6291 6368
6291 6369
6292 6293
6292 6369
6292 6370
6293 6370
6293 6371
6294 6295
6294 6371
6294 6372
6295 6372
6296 6297
6296 6373
6296 6374
6297 6298
6297 6373
6297 6374
6298 6299
6298 6374
6298 6375
6299 6375
6300 6301
6300 6376
6300 6377
6301 6376
6301 6377
6301 6378
6302 6303
6302 6378
6302 6379
6303 6304
6303 6379
6303 6380
6304 6379
6304 6380
6304 6381
6305 6306
6305 6381
6305 6382
6306 6307
6306 6382
6306 6383
6307 6308
6307 6383
6307 6384
6308 6309
6308 6383
6308 6384
6308 6385
6309 6310
6309 6384
6309 6385
6309 6386
6310 6311
6310 6385
6310 6386
6310 6387
6311 6312
6311 6386
6311 6387
6311 6388
6312 6313
6312 6387
6312 6388
6313 6388
6313 6389
6314 6389
6314 6390
6315 6391
6315 6392
6315 6393
6316 6317
6316 6394
6316 6395
6316 6396
6317 6318
6317 6395
6317 6396
6317 6397
6318 6319
6318 6396
6318 6397
6318 6398
6319 6320
6319 6397
6319 6398
6319 6399
6320 6398
6320 6399
6320 6400
6321 6322
6321 6400
6321 6401
6321 6402
6322 6401
6322 6402
6322 6403
6323 6324
6323 6403
6323 6404
6323 6405
6324 6404
6324 6405
6325 6326
6325 6406
6325 6407
6326 6327
6326 6406
6326 6407
6326 6408
6327 6328
6327 6407
6327 6408
6327 6409
6328 6329
6328 6408
6328 6409
6328 6410
6329 6409
6329 6410
6329 6411
6330 6412
6330 6413
6330 6414
6331 6332
6331 6414
6331 6415
6331 6416
6332 6333
6332 6415
6332 6416
6333 6334
6333 6416
6334 6335
6334 6417
6335 6336
6335 6417
6336 6337
6336 6417
6336 6418
6337 6338
6337 6418
6337 6419
6338 6418
6338 6419
6339 6340
6339 6420
6339 6421
6340 6341
6340 6420
6340 6421
6340 6422
6341 6421
6341 6422
6341 6423
6342 6343
6342 6424
6342 6425
6343 6425
6343 6426
6344 6345
6344 6426
6344 6427
6344 6428
6345 6346
6345 6427
6345 6428
6345 6429
6346 6347
6346 6428
6346 6429
6347 6348
6347 6429
6347 6430
6348 6430
6349 6350
6349 6431
6349 6432
6350 6351
6350 6431
6350 6432
6350 6433
6351 6352
6351 6432
6351 6433
6351 6434
6352 6353
6352 6433
6352 6434
6352 6435
6353 6354
6353 6434
6353 6435
6353 6436
6354 6355
6354 6435
6354 6436
6354 6437
6355 6436
6355 6437
6355 6438
6356 6357
6356 6438
6356 6439
6356 6440
6357 6358
6357 6439
6357 6440
6357 6441
6358 6359
6358 6440
6358 6441
6358 6442
6359 6360
6359 6441
6359 6442
6359 6443
6360 6361
6360 6442
6360 6443
6360 6444
6361 6362
6361 6443
6361 6444
6361 6445
6362 6363
6362 6444
6362 6445
6362 6446
6363 6364
6363 6445
6363 6446
6363 6447
6364 6365
6364 6446
6364 6447
6364 6448
6365 6366
6365 6447
6365 6448
6365 6449
6366 6367
6366 6448
6366 6449
6366 6450
6367 6368
6367 6449
6367 6450
6368 6369
6368 6450
6368 6451
6369 6451
6369 6452
6370 6371
6370 6452
6370 6453
6370 6454
6371 6453
6371 6454
6371 6455
6372 6455
6372 6456
6372 6457
6373 6374
6373 6457
6373 6458
6373 6459
6374 6458
6374 6459
6374 6460
6375 6460
6375 6461
6375 6462
6376 6377
6376 6462
6376 6463
6376 6464
6377 6378
6377 6463
6377 6464
6378 6464
6378 6465
6379 6380
6379 6465
6379 6466
6380 6381
6380 6466
6381 6382
6381 6466
6382 6467
6383 6384
6383 6467
6383 6468
6383 6469
6384 6385
6384 6468
6384 6469
6384 6470
6385 6386
6385 6469
6385 6470
6385 6471
6386 6387
6386 6470
6386 6471
6386 6472
6387 6388
6387 6471
6387 6472
6387 6473
6388 6472
6388 6473
6388 6474
6389 6390
6389 6474
6389 6475
6389 6476
6390 6475
6390 6476
6391 6392
6391 6477
6391 6478
6392 6393
6392 6477
6392 6478
6392 6479
6393 6394
6393 6478
6393 6479
6393 6480
6394 6395
6394 6479
6394 6480
6394 6481
6395 6396
6395 6480
6395 6481
6395 6482
6396 6397
6396 6481
6396 6482
6397 6398
6397 6482
6397 6483
6398 6399
6398 6483
6398 6484
6399 6400
6399 6483
6399 6484
6399 6485
6400 6401
6400 6484
6400 6485
6401 6402
6401 6485
6402 6403
6402 6486
6403 6404
6403 6486
6404 6405
6404 6486
6404 6487
6405 6487
6406 6407
6406 6488
6406 6489
6407 6408
6407 6489
6408 6409
6408 6489
6408 6490
6409 6410
6409 6490
6409 6491
6410 6411
6410 6490
6410 6491
6410 6492
6411 6412
6411 6491
6411 6492
6412 6413
6412 6492
6412 6493
6413 6414
6413 6493
6413 6494
6414 6415
6414 6493
6414 6494
6414 6495
6415 6416
6415 6494
6415 6495
6415 6496
6416 6495
6416 6496
6416 6497
6417 6498
6417 6499
6417 6500
6418 6419
6418 6500
6418 6501
6418 6502
6419 6501
6419 6502
6419 6503
6420 6421
6420 6503
6420 6504
6420 6505
6421 6422
6421 6504
6421 6505
6421 6506
6422 6423
6422 6505
6422 6506
6422 6507
6423 6424
6423 6506
6423 6507
6423 6508
6424 6425
6424 6507
6424 6508
6425 6508
6425 6509
6426 6427
6426 6509
6426 6510
6427 6428
6427 6510
6427 6511
6428 6429
6428 6511
6429 6511
6430 6512
6431 6432
6431 6512
6431 6513
6432 6433
6432 6513
6432 6514
6433 6434
6433 6513
6433 6514
6434 6435
6434 6514
6434 6515
6435 6436
6435 6515
6435 6516
6436 6437
6436 6515
6436 6516
6436 6517
6437 6438
6437 6516
6437 6517
6437 6518
6438 6439
6438 6517
6438 6518
6439 6440
6439 6518
6440 6441
6441 6442
6442 6443
6442 6519
6443 6444
6443 6519
6444 6445
6444 6519
6444 6520
6445 6446
6445 6520
6445 6521
6446 6447
6446 6520
6446 6521
6446 6522
6447 6448
6447 6521
6447 6522
6447 6523
6448 6449
6448 6522
6448 6523
6448 6524
6449 6450
6449 6523
6449 6524
6450 6524
6450 6525
6451 6452
6451 6525
6451 6526
6451 6527
6452 6453
6452 6526
6452 6527
6453 6454
6453 6527
6454 6455
6454 6528
6455 6456
6455 6528
6455 6529
6456 6457
6456 6528
6456 6529
6456 6530
6457 6458
6457 6529
6457 6530
6457 6531
6458 6459
6458 6530
6458 6531
6459 6460
6459 6531
6459 6532
6460 6461
6460 6532
6461 6462
6461 6532
6461 6533
6462 6463
6462 6533
6463 6464
6463 6533
6464 6534
6465 6534
6465 6535
6466 6535
6466 6536
6467 6468
6467 6537
6467 6538
6468 6469
6468 6538
6469 6470
6469 6539
6470 6471
6470 6539
6470 6540
6471 6472
6471 6539
6471 6540
6471 6541
6472 6473
6472 6540
6472 6541
6473 6474
6473 6541
6473 6542
6474 6475
6474 6542
6474 6543
6475 6476
6475 6542
6475 6543
6475 6544
6476 6543
6476 6544
6477 6478
6477 6545
6477 6546
6478 6479
6478 6545
6478 6546
6478 6547
6479 6480
6479 6546
6479 6547
6480 6481
6480 6547
6480 6548
6481 6482
6481 6548
6481 6549
6482 6548
6482 6549
6482 6550
6483 6484
6483 6550
6483 6551
6483 6552
6484 6485
6484 6551
6484 6552
6484 6553
6485 6552
6485 6553
6486 6554
6486 6555
6487 6555
6487 6556
6487 6557
6488 6557
6488 6558
6489 6559
6490 6491
6490 6560
6490 6561
6491 6492
6491 6560
6491 6561
6491 6562
6492 6561
6492 6562
6493 6494
6493 6563
6494 6495
6494 6563
6495 6496
6495 6564
6496 6497
6496 6564
6496 6565
6497 6498
6497 6564
6497 6565
6497 6566
6498 6499
6498 6565
6498 6566
6498 6567
6499 6500
6499 6566
6499 6567
6499 6568
6500 6501
6500 6567
6500 6568
6500 6569
6501 6502
6501 6568
6501 6569
6501 6570
6502 6503
6502 6569
6502 6570
6502 6571
6503 6504
6503 6570
6503 6571
6504 6505
6504 6571
6504 6572
6505 6506
6505 6572
6505 6573
6506 6507
6506 6572
6506 6573
6506 6574
6507 6508
6507 6573
6507 6574
6507 6575
6508 6574
6508 6575
6508 6576
6509 6510
6509 6576
6509 6577
6509 6578
6510 6577
6510 6578
6510 6579
6511 6579
6511 6580
6512 6582
6512 6583
6513 6514
6513 6583
6514 6584
6515 6516
6515 6584
6515 6585
6516 6517
6516 6585
6516 6586
6517 6518
6517 6585
6517 6586
6517 6587
6518 6586
6518 6587
6519 6590
6519 6591
6520 6521
6520 6591
6520 6592
6520 6593
6521 6522
6521 6592
6521 6593
6521 6594
6522 6523
6522 6593
6522 6594
6522 6595
6523 6524
6523 6594
6523 6595
6523 6596
6524 6595
6524 6596
6524 6597
6525 6526
6525 6597
6525 6598
6526 6527
6526 6598
6527 6599
6528 6529
6528 6600
6528 6601
6528 6602
6529 6530
6529 6601
6529 6602
6529 6603
6530 6531
6530 6602
6530 6603
6531 6603
6531 6604
6532 6604
6532 6605
6533 6606
6533 6607
6534 6608
6535 6536
6535 6609
6535 6610
6536 6609
6536 6610
6536 6611
6537 6538
6537 6611
6537 6612
6537 6613
6538 6612
6538 6613
6538 6614
6539 6540
6539 6615
6539 6616
6539 6617
6540 6541
6540 6616
6540 6617
6540 6618
6541 6617
6541 6618
6541 6619
6542 6543
6542 6619
6542 6620
6542 6621
6543 6544
6543 6620
6543 6621
6543 6622
6544 6621
6544 6622
6545 6546
6545 6623
6546 6547
6546 6623
6546 6624
6547 6624
6547 6625
6548 6549
6548 6625
6548 6626
6548 6627
6549 6550
6549 6626
6549 6627
6549 6628
6550 6551
6550 6627
6550 6628
6551 6552
6551 6628
6551 6629
6552 6553
6552 6629
6552 6630
6553 6629
6553 6630
6553 6631
6554 6631
6554 6632
6555 6556
6555 6633
6556 6557
6556 6633
6556 6634
6557 6558
6557 6634
6557 6635
6558 6634
6558 6635
6559 6636
6559 6637
6560 6561
6560 6637
6560 6638
6560 6639
6561 6562
6561 6638
6561 6639
6561 6640
6562 6639
6562 6640
6562 6641
6563 6641
6564 6565
6564 6642
6564 6643
6565 6566
6565 6643
6565 6644
6566 6567
6566 6644
6566 6645
6567 6568
6567 6644
6567 6645
6567 6646
6568 6569
6568 6645
6568 6646
6568 6647
6569 6570
6569 6646
6569 6647
6569 6648
6570 6571
6570 6647
6570 6648
6570 6649
6571 6648
6571 6649
6571 6650
6572 6573
6572 6650
6572 6651
6572 6652
6573 6574
6573 6651
6573 6652
6573 6653
6574 6575
6574 6652
6574 6653
6574 6654
6575 6576
6575 6653
6575 6654
6575 6655
6576 6577
6576 6654
6576 6655
6576 6656
6577 6578
6577 6655
6577 6656
6578 6579
6578 6656
6578 6657
6579 6580
6579 6657
6580 6657
6580 6658
6581 6658
6581 6659
6581 6660
6582 6583
6582 6660
6582 6661
6582 6662
6583 6661
6583 6662
6583 6663
6584 6664
6584 6665
6584 6666
6585 6586
6585 6666
6585 6667
6586 6587
6586 6667
6587 6667
6587 6668
6588 6589
6588 6668
6588 6669
6589 6590
6589 6669
6590 6670
6591 6592
6591 6670
6591 6671
6592 6593
6592 6671
6592 6672
6593 6594
6593 6671
6593 6672
6593 6673
6594 6595
6594 6672
6594 6673
6594 6674
6595 6596
6595 6673
6595 6674
6595 6675
6596 6597
6596 6674
6596 6675
6596 6676
6597 6598
6597 6675
6597 6676
6597 6677
6598 6676
6598 6677
6598 6678
6599 6600
6599 6679
6599 6680
6600 6601
6600 6680
6600 6681
6601 6602
6601 6680
6601 6681
6601 6682
6602 6603
6602 6681
6602 6682
6603 6682
6604 6605
6605 6683
6606 6607
6606 6683
6606 6684
6606 6685
6607 6608
6607 6684
6607 6685
6607 6686
6608 6685
6608 6686
6608 6687
6609 6610
6609 6688
6609 6689
6609 6690
6610 6611
6610 6689
6610 6690
6610 6691
6611 6612
6611 6690
6611 6691
6611 6692
6612 6613
6612 6691
6612 6692
6613 6614
6613 6692
6613 6693
6614 6615
6614 6693
6614 6694
6615 6616
6615 6693
6615 6694
6615 6695
6616 6617
6616 6694
6616 6695
6616 6696
6617 6618
6617 6695
6617 6696
6618 6619
6618 6696
6618 6697
6619 6620
6619 6697
6619 6698
6620 6621
6620 6697
6620 6698
6620 6699
6621 6622
6621 6698
6621 6699
6621 6700
6622 6699
6622 6700
6623 6701
6624 6625
6624 6701
6624 6702
6624 6703
6625 6626
6625 6702
6625 6703
6626 6627
6626 6703
6626 6704
6627 6628
6627 6704
6627 6705
6628 6704
6628 6705
6629 6630
6629 6706
6629 6707
6630 6631
6630 6706
6630 6707
6630 6708
6631 6632
6631 6707
6631 6708
6632 6708
6632 6709
6633 6709
6633 6710
6633 6711
6634 6635
6634 6711
6634 6712
6635 6712
6636 6637
6636 6713
6636 6714
6637 6638
6637 6713
6637 6714
6637 6715
6638 6639
6638 6714
6638 6715
6638 6716
6639 6640
6639 6715
6639 6716
6639 6717
6640 6641
6640 6716
6640 6717
6641 6717
6641 6718
6642 6643
6642 6719
6643 6720
6644 6645
6644 6720
6644 6721
6644 6722
6645 6646
6645 6721
6645 6722
6646 6647
6646 6722
6646 6723
6647 6648
6647 6723
6647 6724
6648 6649
6648 6723
6648 6724
6648 6725
6649 6650
6649 6724
6649 6725
6649 6726
6650 6651
6650 6725
6650 6726
6651 6652
6651 6726
6651 6727
6652 6653
6652 6727
6652 6728
6653 6654
6653 6727
6653 6728
6653 6729
6654 6655
6654 6728
6654 6729
6654 6730
6655 6656
6655 6729
6655 6730
6655 6731
6656 6730
6656 6731
6656 6732
6657 6732
6657 6733
6657 6734
6658 6659
6658 6734
6658 6735
6658 6736
6659 6660
6659 6735
6659 6736
6659 6737
6660 6661
6660 6736
6660 6737
6660 6738
6661 6662
6661 6737
6661 6738
6661 6739
6662 6663
6662 6738
6662 6739
6662 6740
6663 6664
6663 6739
6663 6740
6663 6741
6664 6665
6664 6740
6664 6741
6664 6742
6665 6666
6665 6741
6665 6742
6665 6743
6666 6742
6666 6743
6666 6744
6667 6744
6667 6745
6668 6669
6668 6746
6668 6747
6669 6746
6669 6747
6669 6748
6670 6749
6670 6750
6671 6672
6671 6750
6671 6751
6671 6752
6672 6673
6672 6751
6672 6752
6673 6674
6673 6752
6673 6753
6674 6675
6674 6753
6674 6754
6675 6676
6675 6753
6675 6754
6675 6755
6676 6677
6676 6754
6676 6755
6677 6678
6677 6755
6677 6756
6678 6679
6678 6756
6678 6757
6679 6756
6679 6757
6680 6681
6680 6758
6681 6682
6681 6758
6681 6759
6682 6759
6682 6760
6683 6684
6683 6763
6683 6764
6683 6765
6684 6685
6684 6764
6684 6765
6684 6766
6685 6686
6685 6765
6685 6766
6685 6767
6686 6687
6686 6766
6686 6767
6686 6768
6687 6688
6687 6767
6687 6768
6687 6769
6688 6689
6688 6768
6688 6769
6688 6770
6689 6690
6689 6769
6689 6770
6689 6771
6690 6691
6690 6770
6690 6771
6690 6772
6691 6692
6691 6771
6691 6772
6691 6773
6692 6772
6692 6773
6692 6774
6693 6694
6693 6774
6693 6775
6694 6695
6694 6775
6694 6776
6695 6696
6695 6775
6695 6776
6695 6777
6696 6776
6696 6777
6696 6778
6697 6698
6697 6778
6697 6779
6698 6699
6698 6779
6698 6780
6699 6700
6699 6779
6699 6780
6699 6781
6700 6780
6700 6781
6701 6702
6701 6782
6701 6783
6702 6703
6702 6782
6702 6783
6702 6784
6703 6783
6703 6784
6703 6785
6704 6705
6704 6785
6704 6786
6704 6787
6705 6786
6705 6787
6706 6707
6706 6788
6706 6789
6707 6708
6707 6788
6707 6789
6708 6789
6708 6790
6709 6710
6709 6790
6709 6791
6709 6792
6710 6711
6710 6791
6710 6792
6711 6792
6711 6793
6712 6793
6712 6794
6713 6714
6713 6794
6713 6795
6713 6796
6714 6715
6714 6795
6714 6796
6714 6797
6715 6716
6715 6796
6715 6797
6715 6798
6716 6717
6716 6797
6716 6798
6716 6799
6717 6798
6717 6799
6717 6800
6718 6719
6718 6800
6718 6801
6719 6801
6719 6802
6720 6721
6720 6803
6720 6804
6720 6805
6721 6722
6721 6804
6721 6805
6721 6806
6722 6805
6722 6806
6722 6807
6723 6724
6723 6807
6723 6808
6723 6809
6724 6725
6724 6808
6724 6809
6724 6810
6725 6726
6725 6809
6725 6810
6725 6811
6726 6810
6726 6811
6726 6812
6727 6728
6727 6812
6727 6813
6727 6814
6728 6729
6728 6813
6728 6814
6728 6815
6729 6730
6729 6814
6729 6815
6729 6816
6730 6731
6730 6815
6730 6816
6730 6817
6731 6732
6731 6816
6731 6817
6731 6818
6732 6733
6732 6817
6732 6818
6732 6819
6733 6734
6733 6818
6733 6819
6733 6820
6734 6735
6734 6819
6734 6820
6734 6821
6735 6736
6735 6820
6735 6821
6735 6822
6736 6737
6736 6821
6736 6822
6736 6823
6737 6738
6737 6822
6737 6823
6737 6824
6738 6739
6738 6823
6738 6824
6739 6740
6739 6824
6739 6825
6740 6741
6740 6825
6740 6826
6741 6742
6741 6825
6741 6826
6741 6827
6742 6743
6742 6826
6742 6827
6742 6828
6743 6744
6743 6827
6743 6828
6743 6829
6744 6745
6744 6828
6744 6829
6744 6830
6745 6829
6745 6830
6745 6831
6746 6747
6746 6831
6746 6832
6746 6833
6747 6748
6747 6832
6747 6833
6747 6834
6748 6749
6748 6833
6748 6834
6748 6835
6749 6834
6749 6835
6750 6751
6750 6836
6750 6837
6751 6752
6751 6836
6751 6837
6752 6837
6752 6838
6753 6754
6753 6838
6753 6839
6753 6840
6754 6755
6754 6839
6754 6840
6754 6841
6755 6840
6755 6841
6755 6842
6756 6757
6756 6842
6756 6843
6757 6843
6757 6844
6758 6844
6758 6845
6759 6760
6759 6845
6759 6846
6759 6847
6760 6761
6760 6846
6760 6847
6760 6848
6761 6762
6761 6847
6761 6848
6761 6849
6762 6763
6762 6848
6762 6849
6762 6850
6763 6764
6763 6849
6763 6850
6763 6851
6764 6765
6764 6850
6764 6851
6764 6852
6765 6766
6765 6851
6765 6852
6765 6853
6766 6767
6766 6852
6766 6853
6766 6854
6767 6768
6767 6853
6767 6854
6768 6769
6768 6854
6769 6770
6769 6855
6770 6771
6770 6855
6770 6856
6771 6772
6771 6855
6771 6856
6771 6857
6772 6773
6772 6856
6772 6857
6772 6858
6773 6774
6773 6857
6773 6858
6773 6859
6774 6858
6774 6859
6774 6860
6775 6776
6775 6860
6775 6861
6776 6777
6776 6861
6777 6778
6777 6862
6778 6862
6779 6780
6779 6863
6779 6864
6780 6781
6780 6863
6780 6864
6780 6865
6781 6864
6781 6865
6782 6783
6782 6866
6782 6867
6782 6868
6783 6784
6783 6867
6783 6868
6783 6869
6784 6785
6784 6868
6784 6869
6784 6870
6785 6786
6785 6869
6785 6870
6786 6787
6786 6870
6787 6871
6788 6789
6788 6871
6788 6872
6788 6873
6789 6872
6789 6873
6789 6874
6790 6791
6790 6874
6790 6875
6791 6792
6791 6875
6791 6876
6792 6876
6792 6877
6793 6877
6793 6878
6793 6879
6794 6795
6794 6879
6794 6880
6794 6881
6795 6796
6795 6880
6795 6881
6795 6882
6796 6797
6796 6881
6796 6882
6797 6798
6797 6882
6798 6799
6798 6883
6799 6800
6799 6883
6799 6884
6800 6883
6800 6884
6800 6885
6801 6802
6801 6885
6801 6886
6801 6887
6802 6803
6802 6886
6802 6887
6803 6804
6803 6887
6804 6805
6804 6888
6805 6806
6805 6888
6805 6889
6806 6807
6806 6888
6806 6889
6806 6890
6807 6808
6807 6889
6807 6890
6807 6891
6808 6809
6808 6890
6808 6891
6808 6892
6809 6810
6809 6891
6809 6892
6810 6811
6810 6892
6811 6812
6811 6893
6812 6813
6812 6893
6812 6894
6813 6814
6813 6893
6813 6894
6813 6895
6814 6815
6814 6894
6814 6895
6814 6896
6815 6816
6815 6895
6815 6896
6816 6817
6816 6896
6816 6897
6817 6818
6817 6897
6817 6898
6818 6819
6818 6897
6818 6898
6818 6899
6819 6820
6819 6898
6819 6899
6820 6821
6820 6899
6820 6900
6821 6822
6821 6900
6821 6901
6822 6823
6822 6900
6822 6901
6822 6902
6823 6824
6823 6901
6823 6902
6823 6903
6824 6902
6824 6903
6825 6826
6825 6904
6826 6827
6826 6904
6826 6905
6827 6828
6827 6905
6827 6906
6828 6829
6828 6905
6828 6906
6828 6907
6829 6830
6829 6906
6829 6907
6829 6908
6830 6831
6830 6907
6830 6908
6830 6909
6831 6832
6831 6908
6831 6909
6831 6910
6832 6833
6832 6909
6832 6910
6832 6911
6833 6834
6833 6910
6833 6911
6834 6835
6834 6911
6834 6912
6835 6912
6835 6913
6836 6837
6836 6913
6836 6914
6837 6914
6837 6915
6838 6839
6838 6915
6838 6916
6838 6917
6839 6840
6839 6916
6839 6917
6839 6918
6840 6841
6840 6917
6840 6918
6840 6919
6841 6842
6841 6918
6841 6919
6841 6920
6842 6919
6842 6920
6843 6844
6843 6921
6843 6922
6844 6921
6844 6922
6844 6923
6845 6846
6845 6923
6845 6924
6845 6925
6846 6847
6846 6924
6846 6925
6847 6848
6847 6925
6847 6926
6848 6849
6848 6926
6848 6927
6849 6850
6849 6926
6849 6927
6849 6928
6850 6851
6850 6927
6850 6928
6850 6929
6851 6852
6851 6928
6851 6929
6851 6930
6852 6853
6852 6929
6852 6930
6853 6854
6853 6930
6854 6931
6855 6856
6855 6932
6855 6933
6856 6857
6856 6933
6856 6934
6857 6858
6857 6934
6858 6859
6858 6934
6858 6935
6859 6860
6859 6935
6860 6861
6860 6935
6860 6936
6861 6936
6861 6937
6862 6938
6862 6939
6862 6940
6863 6864
6863 6940
6864 6865
6864 6941
6865 6941
6866 6867
6866 6942
6866 6943
6867 6868
6867 6942
6867 6943
6868 6869
6868 6943
6869 6870
6869 6944
6870 6944
6870 6945
6871 6872
6871 6946
6872 6873
6872 6946
6872 6947
6873 6874
6873 6947
6873 6948
6874 6875
6874 6947
6874 6948
6874 6949
6875 6948
6875 6949
6876 6877
6876 6950
6876 6951
6877 6878
6877 6950
6877 6951
6877 6952
6878 6879
6878 6951
6878 6952
6878 6953
6879 6880
6879 6952
6879 6953
6879 6954
6880 6881
6880 6953
6880 6954
6880 6955
6881 6882
6881 6954
6881 6955
6881 6956
6882 6955
6882 6956
6882 6957
6883 6884
6883 6958
6883 6959
6883 6960
6884 6885
6884 6959
6884 6960
6884 6961
6885 6886
6885 6960
6885 6961
6885 6962
6886 6887
6886 6961
6886 6962
6886 6963
6887 6962
6887 6963
6887 6964
6888 6889
6888 6965
6888 6966
6888 6967
6889 6890
6889 6966
6889 6967
6889 6968
6890 6891
6890 6967
6890 6968
6890 6969
6891 6892
6891 6968
6891 6969
6891 6970
6892 6969
6892 6970
6893 6894
6893 6971
6893 6972
6894 6895
6894 6971
6894 6972
6894 6973
6895 6896
6895 6972
6895 6973
6895 6974
6896 6973
6896 6974
6896 6975
6897 6898
6897 6975
6897 6976
6898 6899
6898 6976
6898 6977
6899 6977
6899 6978
6900 6901
6900 6978
6900 6979
6900 6980
6901 6902
6901 6979
6901 6980
6901 6981
6902 6903
6902 6980
6902 6981
6902 6982
6903 6981
6903 6982
6903 6983
6904 6983
6905 6906
6905 6984
6906 6907
6906 6984
6906 6985
6907 6908
6907 6985
6907 6986
6908 6909
6908 6985
6908 6986
6908 6987
6909 6910
6909 6986
6909 6987
6909 6988
6910 6911
6910 6987
6910 6988
6910 6989
6911 6988
6911 6989
6912 6913
6912 6990
6912 6991
6913 6914
6913 6990
6913 6991
6913 6992
6914 6991
6914 6992
6915 6916
6915 6993
6915 6994
6916 6917
6916 6993
6916 6994
6916 6995
6917 6918
6917 6994
6917 6995
6917 6996
6918 6919
6918 6995
6918 6996
6918 6997
6919 6920
6919 6996
6919 6997
6920 6997
6920 6998
6921 6922
6921 6998
6921 6999
6921 7000
6922 6923
6922 6999
6922 7000
6922 7001
6923 6924
6923 7000
6923 7001
6923 7002
6924 6925
6924 7001
6924 7002
6925 7002
6925 7003
6926 6927
6926 7003
6926 7004
6926 7005
6927 6928
6927 7004
6927 7005
6927 7006
6928 6929
6928 7005
6928 7006
6928 7007
6929 6930
6929 7006
6929 7007
6929 7008
6930 7007
6930 7008
6930 7009
6931 6932
6931 7010
6931 7011
6931 7012
6932 6933
6932 7011
6932 7012
6932 7013
6933 7012
6933 7013
6933 7014
6934 7014
6934 7015
6935 7016
6936 6937
6936 7017
6937 6938
6937 7017
6938 6939
6939 6940
6939 7018
6940 7018
6941 7019
6941 7020
6942 6943
6942 7021
6942 7022
6943 7021
6943 7022
6943 7023
6944 6945
6944 7024
6944 7025
6944 7026
6945 7025
6945 7026
6945 7027
6946 7027
6946 7028
6947 6948
6947 7029
6947 7030
6948 6949
6948 7029
6948 7030
6948 7031
6949 7030
6949 7031
6949 7032
6950 6951
6950 7032
6950 7033
6950 7034
6951 6952
6951 7033
6951 7034
6951 7035
6952 6953
6952 7034
6952 7035
6952 7036
6953 6954
6953 7035
6953 7036
6954 6955
6954 7036
6955 6956
6955 7037
6956 6957
6956 7037
6956 7038
6957 6958
6957 7037
6957 7038
6957 7039
6958 6959
6958 7038
6958 7039
6958 7040
6959 6960
6959 7039
6959 7040
6960 6961
6960 7040
6960 7041
6961 6962
6961 7041
6961 7042
6962 6963
6962 7041
6962 7042
6962 7043
6963 6964
6963 7042
6963 7043
6963 7044
6964 6965
6964 7043
6964 7044
6964 7045
6965 6966
6965 7044
6965 7045
6965 7046
6966 6967
6966 7045
6966 7046
6966 7047
6967 6968
6967 7046
6967 7047
6967 7048
6968 6969
6968 7047
6968 7048
6968 7049
6969 6970
6969 7048
6969 7049
6970 7049
6970 7050
6971 6972
6971 7051
6971 7052
6971 7053
6972 6973
6972 7052
6972 7053
6972 7054
6973 6974
6973 7053
6973 7054
6973 7055
6974 6975
6974 7054
6974 7055
6975 6976
6975 7055
6975 7056
6976 7056
6976 7057
6977 6978
6977 7057
6977 7058
6978 6979
6978 7058
6978 7059
6979 6980
6979 7058
6979 7059
6979 7060
6980 6981
6980 7059
6980 7060
6981 6982
6981 7060
6981 7061
6982 6983
6982 7061
6982 7062
6983 7061
6983 7062
6983 7063
6984 7064
6984 7065
6984 7066
6985 6986
6985 7066
6985 7067
6985 7068
6986 6987
6986 7067
6986 7068
6986 7069
6987 6988
6987 7068
6987 7069
6987 7070
6988 6989
6988 7069
6988 7070
6988 7071
6989 7070
6989 7071
6990 6991
6990 7072
6991 6992
6991 7072
6991 7073
6992 7073
6992 7074
6993 6994
6993 7074
6993 7075
6993 7076
6994 6995
6994 7075
6994 7076
6995 6996
6995 7076
6996 6997
6996 7077
6997 7077
6997 7078
6998 6999
6998 7078
6998 7079
6999 7000
6999 7079
6999 7080
7000 7001
7000 7080
7000 7081
7001 7002
7001 7080
7001 7081
7001 7082
7002 7081
7002 7082
7002 7083
7003 7004
7003 7083
7003 7084
7003 7085
7004 7005
7004 7084
7004 7085
7004 7086
7005 7006
7005 7085
7005 7086
7005 7087
7006 7007
7006 7086
7006 7087
7007 7008
7007 7087
7007 7088
7008 7009
7008 7088
7008 7089
7009 7010
7009 7088
7009 7089
7009 7090
7010 7011
7010 7089
7010 7090
7010 7091
7011 7012
7011 7090
7011 7091
7012 7013
7012 7091
7012 7092
7013 7014
7013 7092
7013 7093
7014 7015
7014 7092
7014 7093
7014 7094
7015 7093
7015 7094
7016 7095
7017 7096
7018 7098
7018 7099
7019 7020
7019 7099
7019 7100
7020 7100
7021 7022
7021 7101
7021 7102
7022 7023
7022 7101
7022 7102
7022 7103
7023 7024
7023 7102
7023 7103
7023 7104
7024 7025
7024 7103
7024 7104
7024 7105
7025 7026
7025 7104
7025 7105
7025 7106
7026 7027
7026 7105
7026 7106
7026 7107
7027 7028
7027 7106
7027 7107
7028 7107
7028 7108
7029 7030
7029 7108
7029 7109
7030 7031
7030 7109
7031 7032
7031 7109
7031 7110
7032 7033
7032 7110
7032 7111
7033 7034
7033 7110
7033 7111
7033 7112
7034 7035
7034 7111
7034 7112
7034 7113
7035 7036
7035 7112
7035 7113
7036 7113
7036 7114
7037 7038
7037 7115
7037 7116
7037 7117
7038 7039
7038 7116
7038 7117
7038 7118
7039 7040
7039 7117
7039 7118
7039 7119
7040 7118
7040 7119
7041 7042
7041 7120
7042 7043
7042 7120
7043 7044
7043 7121
7044 7045
7044 7121
7044 7122
7045 7046
7045 7121
7045 7122
7045 7123
7046 7047
7046 7122
7046 7123
7046 7124
7047 7048
7047 7123
7047 7124
7047 7125
7048 7049
7048 7124
7048 7125
7048 7126
7049 7125
7049 7126
7049 7127
7050 7051
7050 7127
7050 7128
7050 7129
7051 7052
7051 7128
7051 7129
7051 7130
7052 7053
7052 7129
7052 7130
7052 7131
7053 7054
7053 7130
7053 7131
7053 7132
7054 7055
7054 7131
7054 7132
7054 7133
7055 7132
7055 7133
7055 7134
7056 7057
7056 7134
7056 7135
7056 7136
7057 7135
7057 7136
7057 7137
7058 7059
7058 7137
7058 7138
7058 7139
7059 7060
7059 7138
7059 7139
7059 7140
7060 7139
7060 7140
7060 7141
7061 7062
7061 7141
7061 7142
7062 7063
7062 7142
7063 7064
7063 7142
7063 7143
7064 7065
7064 7143
7064 7144
7065 7066
7065 7143
7065 7144
7066 7067
7066 7144
7066 7145
7067 7068
7067 7145
7067 7146
7068 7069
7068 7145
7068 7146
7068 7147
7069 7070
7069 7146
7069 7147
7069 7148
7070 7071
7070 7147
7070 7148
7070 7149
7071 7148
7071 7149
7071 7150
7072 7150
7072 7151
7072 7152
7073 7074
7073 7152
7073 7153
7074 7075
7074 7153
7074 7154
7075 7076
7075 7153
7075 7154
7075 7155
7076 7154
7076 7155
7076 7156
7077 7078
7077 7157
7077 7158
7077 7159
7078 7079
7078 7158
7078 7159
7078 7160
7079 7159
7079 7160
7079 7161
7080 7081
7080 7161
7080 7162
7081 7082
7081 7162
7081 7163
7082 7083
7082 7162
7082 7163
7082 7164
7083 7084
7083 7163
7083 7164
7083 7165
7084 7085
7084 7164
7084 7165
7085 7086
7085 7165
7085 7166
7086 7087
7086 7166
7086 7167
7087 7166
7087 7167
7087 7168
7088 7089
7088 7168
7088 7169
7089 7090
7089 7169
7090 7091
7090 7169
7092 7093
7092 7170
7092 7171
7093 7094
7093 7170
7093 7171
7093 7172
7094 7171
7094 7172
7094 7173
7095 7173
7095 7174
7095 7175
7096 7097
7096 7176
7096 7177
7096 7178
7097 7177
7097 7178
7097 7179
7098 7099
7098 7179
7098 7180
7098 7181
7099 7100
7099 7180
7099 7181
7099 7182
7100 7181
7100 7182
7100 7183
7101 7102
7101 7184
7101 7185
7102 7103
7102 7184
7102 7185
7103 7104
7103 7185
7103 7186
7104 7105
7104 7186
7104 7187
7105 7106
7105 7186
7105 7187
7105 7188
7106 7107
7106 7187
7106 7188
7107 7188
7107 7189
7108 7189
7108 7190
7108 7191
7109 7191
7109 7192
7109 7193
7110 7111
7110 7193
7110 7194
7111 7112
7111 7194
7112 7113
7112 7195
7113 7195
7113 7196
7114 7115
7114 7196
7114 7197
7114 7198
7115 7116
7115 7197
7115 7198
7115 7199
7116 7117
7116 7198
7116 7199
7116 7200
7117 7118
7117 7199
7117 7200
7117 7201
7118 7119
7118 7200
7118 7201
7118 7202
7119 7201
7119 7202
7120 7203
7121 7122
7121 7204
7121 7205
7121 7206
7122 7123
7122 7205
7122 7206
7122 7207
7123 7124
7123 7206
7123 7207
7123 7208
7124 7125
7124 7207
7124 7208
7124 7209
7125 7126
7125 7208
7125 7209
7125 7210
7126 7127
7126 7209
7126 7210
7127 7128
7127 7210
7127 7211
7128 7129
7128 7211
7128 7212
7129 7130
7129 7211
7129 7212
7129 7213
7130 7131
7130 7212
7130 7213
7131 7132
7131 7213
7131 7214
7132 7133
7132 7214
7132 7215
7133 7134
7133 7214
7133 7215
7133 7216
7134 7135
7134 7215
7134 7216
7134 7217
7135 7136
7135 7216
7135 7217
7135 7218
7136 7137
7136 7217
7136 7218
7136 7219
7137 7138
7137 7218
7137 7219
7138 7139
7138 7219
7138 7220
7139 7140
7139 7220
7139 7221
7140 7141
7140 7220
7140 7221
7140 7222
7141 7221
7141 7222
7141 7223
7142 7223
7142 7224
7142 7225
7143 7144
7143 7225
7143 7226
7143 7227
7144 7226
7144 7227
7144 7228
7145 7146
7145 7228
7145 7229
7145 7230
7146 7147
7146 7229
7146 7230
7147 7148
7147 7230
7147 7231
7148 7149
7148 7231
7148 7232
7149 7150
7149 7231
7149 7232
7149 7233
7150 7151
7150 7232
7150 7233
7150 7234
7151 7152
7151 7233
7151 7234
7152 7234
7153 7154
7153 7235
7153 7236
7154 7155
7154 7235
7154 7236
7154 7237
7155 7156
7155 7236
7155 7237
7155 7238
7156 7157
7156 7237
7156 7238
7156 7239
7157 7158
7157 7238
7157 7239
7158 7159
7158 7239
7159 7160
7159 7240
7160 7161
7160 7240
7160 7241
7161 7240
7161 7241
7162 7163
7162 7242
7162 7243
7163 7164
7163 7242
7163 7243
7163 7244
7164 7165
7164 7243
7164 7244
7164 7245
7165 7244
7165 7245
7165 7246
7166 7167
7166 7246
7166 7247
7166 7248
7167 7168
7167 7247
7167 7248
7167 7249
7168 7248
7168 7249
7168 7250
7169 7250
7169 7251
7170 7171
7170 7253
7170 7254
7170 7255
7171 7172
7171 7254
7171 7255
7171 7256
7172 7173
7172 7255
7172 7256
7173 7174
7173 7256
7173 7257
7174 7175
7174 7257
7175 7176
7175 7257
7175 7258
7176 7177
7176 7258
7176 7259
7177 7178
7177 7258
7177 7259
7177 7260
7178 7179
7178 7259
7178 7260
7178 7261
7179 7180
7179 7260
7179 7261
7179 7262
7180 7181
7180 7261
7180 7262
7181 7182
7181 7262
7181 7263
7182 7183
7182 7263
7182 7264
7183 7263
7183 7264
7184 7185
7186 7187
7186 7265
7187 7188
7187 7265
7187 7266
7188 7265
7188 7266
7188 7267
7189 7190
7189 7267
7189 7268
7189 7269
7190 7191
7190 7268
7190 7269
7190 7270
7191 7192
7191 7269
7191 7270
7191 7271
7192 7193
7192 7270
7192 7271
7193 7194
7193 7271
7195 7196
7195 7272
7195 7273
7196 7197
7196 7272
7196 7273
7196 7274
7197 7198
7197 7273
7197 7274
7197 7275
7198 7199
7198 7274
7198 7275
7198 7276
7199 7200
7199 7275
7199 7276
7200 7201
7200 7276
7200 7277
7201 7202
7201 7277
7202 7277
7203 7278
7204 7205
7204 7278
7204 7279
7204 7280
7205 7206
7205 7279
7205 7280
7205 7281
7206 7207
7206 7280
7206 7281
7206 7282
7207 7208
7207 7281
7207 7282
7207 7283
7208 7209
7208 7282
7208 7283
7208 7284
7209 7210
7209 7283
7209 7284
7210 7284
7210 7285
7211 7212
7211 7285
7211 7286
7212 7213
7212 7286
7212 7287
7213 7287
7213 7288
7214 7215
7214 7288
7214 7289
7215 7216
7215 7289
7215 7290
7216 7217
7216 7289
7216 7290
7217 7218
7217 7290
7217 7291
7218 7219
7218 7291
7218 7292
7219 7291
7219 7292
7220 7221
7220 7293
7220 7294
7221 7222
7221 7293
7221 7294
7221 7295
7222 7223
7222 7294
7222 7295
7222 7296
7223 7224
7223 7295
7223 7296
7223 7297
7224 7225
7224 7296
7224 7297
7224 7298
7225 7226
7225 7297
7225 7298
7225 7299
7226 7227
7226 7298
7226 7299
7226 7300
7227 7228
7227 7299
7227 7300
7227 7301
7228 7229
7228 7300
7228 7301
7228 7302
7229 7230
7229 7301
7229 7302
7229 7303
7230 7302
7230 7303
7231 7232
7231 7304
7232 7233
7232 7304
7232 7305
7233 7234
7233 7304
7233 7305
7233 7306
7234 7305
7234 7306
7234 7307
7235 7236
7235 7308
7235 7309
7235 7310
7236 7237
7236 7309
7236 7310
7236 7311
7237 7238
7237 7310
7237 7311
7237 7312
7238 7239
7238 7311
7238 7312
7238 7313
7239 7312
7239 7313
7239 7314
7240 7241
7240 7315
7240 7316
7240 7317
7241 7316
7241 7317
7241 7318
7242 7243
7242 7318
7242 7319
7242 7320
7243 7244
7243 7319
7243 7320
7243 7321
7244 7245
7244 7320
7244 7321
7244 7322
7245 7246
7245 7321
7245 7322
7245 7323
7246 7247
7246 7322
7246 7323
7246 7324
7247 7248
7247 7323
7247 7324
7247 7325
7248 7249
7248 7324
7248 7325
7248 7326
7249 7250
7249 7325
7249 7326
7249 7327
7250 7251
7250 7326
7250 7327
7250 7328
7251 7327
7251 7328
7251 7329
7252 7253
7252 7329
7252 7330
7253 7254
7253 7330
7253 7331
7254 7255
7254 7331
7254 7332
7255 7256
7255 7331
7255 7332
7255 7333
7256 7332
7256 7333
7256 7334
7257 7334
7257 7335
7257 7336
7258 7259
7258 7336
7258 7337
7258 7338
7259 7260
7259 7337
7259 7338
7259 7339
7260 7261
7260 7338
7260 7339
7260 7340
7261 7262
7261 7339
7261 7340
7261 7341
7262 7340
7262 7341
7262 7342
7263 7264
7263 7342
7263 7343
7263 7344
7264 7343
7264 7344
7265 7266
7265 7348
7266 7267
7267 7268
7267 7349
7268 7269
7268 7349
7268 7350
7269 7270
7269 7349
7269 7350
7269 7351
7270 7271
7270 7350
7270 7351
7271 7351
7271 7352
7272 7273
7272 7355
7273 7274
7273 7356
7274 7275
7274 7356
7274 7357
7275 7276
7275 7356
7275 7357
7276 7357
7276 7358
7277 7358
7277 7359
7277 7360
7278 7279
7278 7362
7279 7280
7279 7363
7280 7281
7280 7363
7280 7364
7281 7282
7281 7363
7281 7364
7281 7365
7282 7283
7282 7364
7282 7365
7282 7366
7283 7284
7283 7365
7283 7366
7283 7367
7284 7366
7284 7367
7284 7368
7285 7286
7285 7368
7285 7369
7285 7370
7286 7369
7286 7370
7286 7371
7287 7288
7287 7371
7287 7372
7288 7372
7288 7373
7289 7290
7289 7373
7290 7374
7291 7292
7291 7374
7291 7375
7291 7376
7292 7375
7292 7376
7292 7377
7293 7294
7293 7377
7293 7378
7293 7379
7294 7295
7294 7378
7294 7379
7294 7380
7295 7296
7295 7379
7295 7380
7295 7381
7296 7297
7296 7380
7296 7381
7297 7298
7297 7381
7297 7382
7298 7299
7298 7382
7298 7383
7299 7300
7299 7382
7299 7383
7299 7384
7300 7301
7300 7383
7300 7384
7300 7385
7301 7302
7301 7384
7301 7385
7301 7386
7302 7303
7302 7385
7302 7386
7302 7387
7303 7386
7303 7387
7303 7388
7304 7305
7304 7389
7304 7390
7305 7306
7305 7389
7305 7390
7306 7307
7306 7390
7306 7391
7307 7308
7307 7391
7307 7392
7308 7309
7308 7391
7308 7392
7308 7393
7309 7310
7309 7392
7309 7393
7310 7311
7310 7393
7310 7394
7311 7312
7311 7394
7312 7313
7312 7394
7313 7314
7313 7395
7314 7315
7314 7395
7314 7396
7315 7316
7315 7395
7315 7396
7315 7397
7316 7317
7316 7396
7316 7397
7316 7398
7317 7318
7317 7397
7317 7398
7317 7399
7318 7319
7318 7398
7318 7399
7318 7400
7319 7320
7319 7399
7319 7400
7319 7401
7320 7321
7320 7400
7320 7401
7320 7402
7321 7322
7321 7401
7321 7402
7321 7403
7322 7323
7322 7402
7322 7403
7322 7404
7323 7324
7323 7403
7323 7404
7323 7405
7324 7325
7324 7404
7324 7405
7325 7326
7325 7405
7326 7327
7326 7406
7327 7328
7327 7406
7327 7407
7328 7329
7328 7406
7328 7407
7329 7330
7329 7407
7329 7408
7330 7408
7330 7409
7331 7332
7331 7409
7331 7410
7331 7411
7332 7333
7332 7410
7332 7411
7333 7334
7333 7411
7333 7412
7334 7335
7334 7412
7335 7336
7335 7412
7335 7413
7336 7337
7336 7413
7336 7414
7337 7338
7337 7413
7337 7414
7337 7415
7338 7339
7338 7414
7338 7415
7338 7416
7339 7340
7339 7415
7339 7416
7339 7417
7340 7341
7340 7416
7340 7417
7341 7342
7341 7417
7341 7418
7342 7343
7342 7418
7342 7419
7343 7344
7343 7418
7343 7419
7343 7420
7344 7419
7344 7420
7345 7346
7345 7421
7346 7347
7346 7421
7346 7422
7347 7348
7347 7422
7347 7423
7348 7422
7348 7423
7348 7424
7349 7350
7349 7426
7349 7427
7349 7428
7350 7351
7350 7427
7350 7428
7351 7428
7351 7429
7352 7353
7352 7429
7352 7430
7353 7354
7353 7430
7353 7431
7354 7355
7354 7430
7354 7431
7354 7432
7355 7431
7355 7432
7355 7433
7356 7357
7356 7434
7356 7435
7356 7436
7357 7435
7357 7436
7357 7437
7358 7359
7358 7437
7358 7438
7358 7439
7359 7360
7359 7438
7359 7439
7359 7440
7360 7361
7360 7439
7360 7440
7361 7362
7361 7440
7361 7441
7362 7441
7362 7442
7363 7364
7363 7443
7363 7444
7364 7365
7364 7443
7364 7444
7364 7445
7365 7366
7365 7444
7365 7445
7366 7367
7366 7445
7366 7446
7367 7368
7367 7446
7367 7447
7368 7369
7368 7446
7368 7447
7368 7448
7369 7370
7369 7447
7369 7448
7369 7449
7370 7371
7370 7448
7370 7449
7370 7450
7371 7449
7371 7450
7372 7373
7372 7451
7372 7452
7373 7451
7373 7452
7373 7453
7374 7375
7374 7454
7374 7455
7374 7456
7375 7376
7375 7455
7375 7456
7375 7457
7376 7377
7376 7456
7376 7457
7376 7458
7377 7378
7377 7457
7377 7458
7377 7459
7378 7379
7378 7458
7378 7459
7378 7460
7379 7380
7379 7459
7379 7460
7379 7461
7380 7381
7380 7460
7380 7461
7380 7462
7381 7461
7381 7462
7381 7463
7382 7383
7382 7463
7382 7464
7382 7465
7383 7384
7383 7464
7383 7465
7383 7466
7384 7385
7384 7465
7384 7466
7384 7467
7385 7386
7385 7466
7385 7467
7385 7468
7386 7387
7386 7467
7386 7468
7386 7469
7387 7388
7387 7468
7387 7469
7387 7470
7388 7469
7388 7470
7389 7390
7389 7471
7390 7471
7390 7472
7391 7392
7391 7472
7391 7473
7392 7393
7392 7473
7392 7474
7393 7474
7393 7475
7394 7475
7394 7476
7395 7396
7395 7477
7395 7478
7396 7397
7396 7477
7396 7478
7397 7398
7397 7478
7397 7479
7398 7399
7398 7479
7398 7480
7399 7400
7399 7479
7399 7480
7399 7481
7400 7401
7400 7480
7400 7481
7400 7482
7401 7402
7401 7481
7401 7482
7402 7403
7402 7482
7403 7404
7403 7483
7404 7405
7404 7483
7404 7484
7405 7483
7405 7484
7406 7407
7406 7485
7406 7486
7406 7487
7407 7486
7407 7487
7407 7488
7408 7409
7408 7488
7408 7489
7408 7490
7409 7410
7409 7489
7409 7490
7409 7491
7410 7411
7410 7490
7410 7491
7410 7492
7411 7491
7411 7492
7411 7493
7412 7493
7412 7494
7412 7495
7413 7414
7413 7495
7413 7496
7413 7497
7414 7415
7414 7496
7414 7497
7414 7498
7415 7416
7415 7497
7415 7498
7415 7499
7416 7417
7416 7498
7416 7499
7416 7500
7417 7499
7417 7500
7417 7501
7418 7419
7418 7501
7418 7502
7418 7503
7419 7420
7419 7502
7419 7503
7419 7504
7420 7503
7420 7504
7421 7505
7422 7423
7422 7506
7422 7507
7423 7424
7423 7506
7423 7507
7423 7508
7424 7425
7424 7507
7424 7508
7424 7509
7425 7426
7425 7508
7425 7509
7425 7510
7426 7427
7426 7509
7426 7510
7426 7511
7427 7428
7427 7510
7427 7511
7427 7512
7428 7511
7428 7512
7428 7513
7429 7513
7429 7514
7430 7431
7430 7515
7431 7432
7431 7515
7432 7433
7432 7516
7433 7434
7433 7516
7433 7517
7434 7435
7434 7516
7434 7517
7434 7518
7435 7436
7435 7517
7435 7518
7435 7519
7436 7437
7436 7518
7436 7519
7437 7438
7437 7519
7438 7439
7438 7520
7439 7440
7439 7520
7440 7520
7440 7521
7441 7442
7441 7521
7442 7522
7443 7444
7443 7522
7443 7523
7443 7524
7444 7445
7444 7523
7444 7524
7444 7525
7445 7524
7445 7525
7446 7447
7446 7526
7446 7527
7447 7448
7447 7526
7447 7527
7448 7449
7448 7527
7448 7528
7449 7450
7449 7528
7449 7529
7450 7528
7450 7529
7451 7452
7451 7530
7452 7453
7452 7530
7453 7454
7453 7530
7454 7455
7454 7531
7455 7456
7455 7531
7455 7532
7456 7457
7456 7531
7456 7532
7456 7533
7457 7458
7457 7532
7457 7533
7457 7534
7458 7459
7458 7533
7458 7534
7458 7535
7459 7460
7459 7534
7459 7535
7460 7461
7460 7535
7461 7462
7461 7536
7462 7463
7462 7536
7462 7537
7463 7464
7463 7536
7463 7537
7464 7465
7464 7537
7464 7538
7465 7466
7465 7538
7465 7539
7466 7467
7466 7538
7466 7539
7466 7540
7467 7468
7467 7539
7467 7540
7467 7541
7468 7469
7468 7540
7468 7541
7468 7542
7469 7470
7469 7541
7469 7542
7469 7543
7470 7542
7470 7543
7470 7544
7471 7544
7471 7545
7471 7546
7472 7473
7472 7546
7472 7547
7473 7547
7473 7548
7474 7475
7474 7548
7474 7549
7474 7550
7475 7476
7475 7549
7475 7550
7475 7551
7476 7550
7476 7551
7477 7478
7477 7552
7477 7553
7478 7553
7478 7554
7479 7480
7479 7554
7479 7555
7480 7481
7480 7555
7480 7556
7481 7482
7481 7556
7481 7557
7482 7556
7482 7557
7482 7558
7483 7484
7483 7559
7483 7560
7484 7560
7485 7486
7485 7561
7486 7487
7486 7561
7486 7562
7487 7488
7487 7561
7487 7562
7487 7563
7488 7489
7488 7562
7488 7563
7489 7490
7489 7563
7489 7564
7490 7491
7490 7564
7490 7565
7491 7492
7491 7564
7491 7565
7491 7566
7492 7493
7492 7565
7492 7566
7493 7494
7493 7566
7493 7567
7494 7495
7494 7567
7494 7568
7495 7496
7495 7567
7495 7568
7495 7569
7496 7497
7496 7568
7496 7569
7497 7498
7497 7569
7497 7570
7498 7499
7498 7570
7498 7571
7499 7500
7499 7570
7499 7571
7499 7572
7500 7501
7500 7571
7500 7572
7500 7573
7501 7502
7501 7572
7501 7573
7501 7574
7502 7503
7502 7573
7502 7574
7502 7575
7503 7504
7503 7574
7503 7575
7503 7576
7504 7575
7504 7576
7505 7577
7505 7578
7506 7507
7506 7578
7506 7579
7507 7508
7507 7579
7507 7580
7508 7509
7508 7580
7508 7581
7509 7510
7509 7580
7509 7581
7509 7582
7510 7511
7510 7581
7510 7582
7510 7583
7511 7512
7511 7582
7511 7583
7511 7584
7512 7513
7512 7583
7512 7584
7512 7585
7513 7514
7513 7584
7513 7585
7513 7586
7514 7585
7514 7586
7514 7587
7515 7587
7515 7588
7515 7589
7516 7517
7516 7590
7516 7591
7516 7592
7517 7518
7517 7591
7517 7592
7517 7593
7518 7519
7518 7592
7518 7593
7518 7594
7519 7593
7519 7594
7519 7595
7520 7596
7520 7597
7521 7598
7522 7523
7522 7599
7522 7600
7523 7524
7523 7600
7523 7601
7524 7525
7524 7600
7524 7601
7524 7602
7525 7601
7525 7602
7525 7603
7526 7527
7526 7603
7526 7604
7526 7605
7527 7604
7527 7605
7527 7606
7528 7529
7528 7606
7528 7607
7529 7607
7529 7608
7530 7609
7530 7610
7531 7532
7531 7611
7531 7612
7531 7613
7532 7533
7532 7612
7532 7613
7532 7614
7533 7534
7533 7613
7533 7614
7533 7615
7534 7535
7534 7614
7534 7615
7534 7616
7535 7615
7535 7616
7536 7537
7536 7617
7536 7618
7537 7618
7537 7619
7538 7539
7538 7619
7538 7620
7538 7621
7539 7540
7539 7620
7539 7621
7540 7541
7540 7621
7540 7622
7541 7542
7541 7622
7542 7543
7542 7622
7542 7623
7543 7544
7543 7623
7543 7624
7544 7545
7544 7623
7544 7624
7544 7625
7545 7546
7545 7624
7545 7625
7545 7626
7546 7625
7546 7626
7546 7627
7547 7548
7547 7627
7547 7628
7548 7549
7548 7628
7548 7629
7549 7550
7549 7629
7550 7551
7550 7629
7550 7630
7551 7630
7551 7631
7552 7631
7552 7632
7553 7554
7553 7633
7553 7634
7554 7555
7554 7633
7554 7634
7554 7635
7555 7634
7555 7635
7555 7636
7556 7557
7556 7636
7556 7637
7556 7638
7557 7558
7557 7637
7557 7638
7557 7639
7558 7559
7558 7638
7558 7639
7558 7640
7559 7639
7559 7640
7560 7641
7560 7642
7561 7562
7561 7643
7561 7644
7561 7645
7562 7563
7562 7644
7562 7645
7562 7646
7563 7645
7563 7646
7563 7647
7564 7565
7564 7647
7564 7648
7564 7649
7565 7566
7565 7648
7565 7649
7565 7650
7566 7649
7566 7650
7566 7651
7567 7568
7567 7651
7567 7652
7567 7653
7568 7569
7568 7652
7568 7653
7568 7654
7569 7653
7569 7654
7569 7655
7570 7571
7570 7655
7570 7656
7570 7657
7571 7572
7571 7656
7571 7657
7571 7658
7572 7573
7572 7657
7572 7658
7572 7659
7573 7574
7573 7658
7573 7659
7573 7660
7574 7575
7574 7659
7574 7660
7574 7661
7575 7576
7575 7660
7575 7661
7575 7662
7576 7661
7576 7662
7577 7578
7577 7663
7577 7664
7578 7579
7578 7663
7578 7664
7579 7664
7579 7665
7580 7581
7580 7665
7580 7666
7581 7582
7581 7666
7582 7583
7582 7666
7582 7667
7583 7584
7583 7667
7583 7668
7584 7585
7584 7667
7584 7668
7584 7669
7585 7586
7585 7668
7585 7669
7585 7670
7586 7587
7586 7669
7586 7670
7587 7588
7587 7670
7588 7589
7588 7671
7589 7590
7589 7671
7589 7672
7590 7591
7590 7671
7590 7672
7590 7673
7591 7592
7591 7672
7591 7673
7591 7674
7592 7593
7592 7673
7592 7674
7592 7675
7593 7594
7593 7674
7593 7675
7593 7676
7594 7595
7594 7675
7594 7676
7594 7677
7595 7596
7595 7676
7595 7677
7595 7678
7596 7597
7596 7677
7596 7678
7597 7678
7597 7679
7598 7679
7598 7680
7598 7681
7599 7681
7600 7601
7600 7682
7601 7602
7601 7682
7601 7683
7602 7603
7602 7683
7602 7684
7603 7604
7603 7683
7603 7684
7603 7685
7604 7605
7604 7684
7604 7685
7605 7606
7605 7685
7605 7686
7606 7686
7606 7687
7607 7608
7607 7687
7607 7688
7607 7689
7608 7688
7608 7689
7608 7690
7609 7610
7609 7690
7609 7691
7610 7611
7610 7691
7611 7612
7611 7692
7612 7613
7612 7692
7612 7693
7613 7614
7613 7692
7613 7693
7613 7694
7614 7615
7614 7693
7614 7694
7614 7695
7615 7616
7615 7694
7615 7695
7615 7696
7616 7695
7616 7696
7616 7697
7617 7697
7617 7698
7617 7699
7618 7619
7618 7699
7618 7700
7618 7701
7619 7620
7619 7700
7619 7701
7620 7621
7620 7701
7620 7702
7621 7702
7622 7703
7622 7704
7623 7624
7623 7704
7623 7705
7623 7706
7624 7625
7624 7705
7624 7706
7625 7626
7625 7706
7625 7707
7626 7627
7626 7707
7626 7708
7627 7628
7627 7707
7627 7708
7627 7709
7628 7708
7628 7709
7628 7710
7629 7710
7629 7711
7629 7712
7630 7631
7630 7712
7630 7713
7631 7632
7631 7713
7631 7714
7632 7713
7632 7714
7632 7715
7633 7634
7633 7715
7633 7716
7633 7717
7634 7635
7634 7716
7634 7717
7634 7718
7635 7636
7635 7717
7635 7718
7635 7719
7636 7637
7636 7718
7636 7719
7636 7720
7637 7638
7637 7719
7637 7720
7637 7721
7638 7639
7638 7720
7638 7721
7639 7640
7639 7721
7639 7722
7640 7722
7640 7723
7641 7642
7641 7723
7641 7724
7642 7643
7642 7724
7642 7725
7643 7644
7643 7725
7643 7726
7644 7645
7644 7725
7644 7726
7644 7727
7645 7646
7645 7726
7645 7727
7646 7647
7646 7727
7646 7728
7647 7648
7647 7728
7647 7729
7648 7649
7648 7728
7648 7729
7648 7730
7649 7650
7649 7729
7649 7730
7649 7731
7650 7651
7650 7730
7650 7731
7651 7652
7651 7731
7651 7732
7652 7653
7652 7732
7652 7733
7653 7654
7653 7732
7653 7733
7653 7734
7654 7655
7654 7733
7654 7734
7654 7735
7655 7656
7655 7734
7655 7735
7655 7736
7656 7657
7656 7735
7656 7736
7656 7737
7657 7658
7657 7736
7657 7737
7657 7738
7658 7659
7658 7737
7658 7738
7659 7660
7659 7738
7659 7739
7660 7661
7660 7739
7660 7740
7661 7662
7661 7739
7661 7740
7661 7741
7662 7740
7662 7741
7663 7664
7663 7742
7663 7743
7664 7742
7664 7743
7664 7744
7665 7744
7665 7745
7665 7746
7666 7746
7666 7747
7666 7748
7667 7668
7667 7748
7667 7749
7667 7750
7668 7669
7668 7749
7668 7750
7668 7751
7669 7670
7669 7750
7669 7751
7669 7752
7670 7751
7670 7752
7671 7672
7671 7753
7671 7754
7671 7755
7672 7673
7672 7754
7672 7755
7672 7756
7673 7674
7673 7755
7673 7756
7673 7757
7674 7675
7674 7756
7674 7757
7674 7758
7675 7676
7675 7757
7675 7758
7675 7759
7676 7677
7676 7758
7676 7759
7676 7760
7677 7678
7677 7759
7677 7760
7677 7761
7678 7760
7678 7761
7678 7762
7679 7680
7679 7762
7679 7763
7680 7681
7680 7763
7680 7764
7681 7763
7681 7764
7681 7765
7682 7766
7682 7767
7682 7768
7683 7684
7683 7768
7683 7769
7684 7685
7684 7769
7684 7770
7685 7769
7685 7770
7685 7771
7686 7687
7686 7771
7686 7772
7686 7773
7687 7688
7687 7772
7687 7773
7687 7774
7688 7689
7688 7773
7688 7774
7689 7690
7689 7774
7689 7775
7690 7691
7690 7775
7690 7776
7691 7775
7691 7776
7691 7777
7692 7693
7692 7778
7692 7779
7693 7694
7693 7779
7694 7695
7694 7779
7694 7780
7695 7696
7695 7780
7695 7781
7696 7697
7696 7780
7696 7781
7696 7782
7697 7698
7697 7781
7697 7782
7698 7699
7698 7782
7698 7783
7699 7700
7699 7783
7699 7784
7700 7701
7700 7783
7700 7784
7700 7785
7701 7784
7701 7785
7701 7786
7702 7786
7702 7787
7702 7788
7703 7704
7703 7788
7703 7789
7703 7790
7704 7705
7704 7789
7704 7790
7704 7791
7705 7706
7705 7790
7705 7791
7705 7792
7706 7791
7706 7792
7706 7793
7707 7708
7707 7793
7707 7794
7707 7795
7708 7709
7708 7794
7708 7795
7708 7796
7709 7710
7709 7795
7709 7796
7709 7797
7710 7711
7710 7796
7710 7797
7710 7798
7711 7712
7711 7797
7711 7798
7711 7799
7712 7798
7712 7799
7712 7800
7713 7714
7713 7800
7713 7801
7713 7802
7714 7715
7714 7801
7714 7802
7714 7803
7715 7716
7715 7802
7715 7803
7715 7804
7716 7717
7716 7803
7716 7804
7716 7805
7717 7718
7717 7804
7717 7805
7717 7806
7718 7719
7718 7805
7718 7806
7719 7720
7719 7806
7719 7807
7720 7721
7720 7807
7720 7808
7721 7807
7721 7808
7721 7809
7722 7723
7722 7809
7722 7810
7722 7811
7723 7724
7723 7810
7723 7811
7724 7811
7725 7726
7725 7812
7725 7813
7726 7727
7726 7812
7726 7813
7726 7814
7727 7813
7727 7814
7728 7729
7728 7815
7728 7816
7729 7730
7729 7815
7729 7816
7729 7817
7730 7731
7730 7816
7730 7817
7730 7818
7731 7817
7731 7818
7731 7819
7732 7733
7732 7819
7732 7820
7733 7734
7733 7820
7733 7821
7734 7735
7734 7820
7734 7821
7734 7822
7735 7736
7735 7821
7735 7822
7735 7823
7736 7737
7736 7822
7736 7823
7737 7738
7737 7823
7737 7824
7738 7824
7738 7825
7739 7740
7739 7825
7739 7826
7739 7827
7740 7741
7740 7826
7740 7827
7740 7828
7741 7827
7741 7828
7742 7743
7742 7829
7742 7830
7743 7744
7743 7829
7743 7830
7744 7745
7744 7830
7744 7831
7745 7746
7745 7831
7745 7832
7746 7747
7746 7831
7746 7832
7746 7833
7747 7748
7747 7832
7747 7833
7747 7834
7748 7749
7748 7833
7748 7834
7748 7835
7749 7750
7749 7834
7749 7835
7749 7836
7750 7751
7750 7835
7750 7836
7750 7837
7751 7752
7751 7836
7751 7837
7751 7838
7752 7837
7752 7838
7752 7839
7753 7754
7753 7839
7753 7840
7753 7841
7754 7755
7754 7840
7754 7841
7754 7842
7755 7756
7755 7841
7755 7842
7755 7843
7756 7757
7756 7842
7756 7843
7756 7844
7757 7758
7757 7843
7757 7844
7757 7845
7758 7759
7758 7844
7758 7845
7758 7846
7759 7760
7759 7845
7759 7846
7759 7847
7760 7761
7760 7846
7760 7847
7761 7762
7761 7847
7761 7848
7762 7848
7762 7849
7763 7764
7763 7849
7763 7850
7763 7851
7764 7765
7764 7850
7764 7851
7764 7852
7765 7766
7765 7851
7765 7852
7765 7853
7766 7767
7766 7852
7766 7853
7766 7854
7767 7768
7767 7853
7767 7854
7767 7855
7768 7854
7768 7855
7768 7856
7769 7770
7769 7856
7769 7857
7769 7858
7770 7771
7770 7857
7770 7858
7770 7859
7771 7772
7771 7858
7771 7859
7772 7773
7772 7859
7772 7860
7773 7774
7773 7860
7773 7861
7774 7860
7774 7861
7774 7862
7775 7776
7775 7862
7775 7863
7775 7864
7776 7777
7776 7863
7776 7864
7776 7865
7777 7778
7777 7864
7777 7865
7778 7865
7778 7866
7779 7866
7779 7867
7779 7868
7780 7781
7780 7868
7780 7869
7780 7870
7781 7782
7781 7869
7781 7870
7781 7871
7782 7870
7782 7871
7782 7872
7783 7784
7783 7872
7783 7873
7783 7874
7784 7785
7784 7873
7784 7874
7785 7786
7785 7874
7785 7875
7786 7787
7786 7875
7786 7876
7787 7788
7787 7875
7787 7876
7788 7789
7788 7876
7788 7877
7789 7790
7789 7877
7790 7791
7790 7877
7790 7878
7791 7792
7791 7878
7791 7879
7792 7793
7792 7878
7792 7879
7792 7880
7793 7794
7793 7879
7793 7880
7793 7881
7794 7795
7794 7880
7794 7881
7794 7882
7795 7796
7795 7881
7795 7882
7795 7883
7796 7797
7796 7882
7796 7883
7797 7798
7797 7883
7797 7884
7798 7799
7798 7884
7799 7800
7799 7884
7800 7801
7801 7802
7802 7803
7803 7804
7803 7885
7804 7805
7804 7885
7804 7886
7805 7806
7805 7885
7805 7886
7805 7887
7806 7886
7806 7887
7806 7888
7807 7808
7807 7888
7807 7889
7807 7890
7808 7809
7808 7889
7808 7890
7808 7891
7809 7810
7809 7890
7809 7891
7809 7892
7810 7811
7810 7891
7810 7892
7810 7893
7811 7892
7811 7893
7811 7894
7812 7813
7812 7895
7812 7896
7812 7897
7813 7814
7813 7896
7813 7897
7813 7898
7814 7897
7814 7898
7814 7899
7815 7816
7815 7899
7815 7900
7815 7901
7816 7817
7816 7900
7816 7901
7816 7902
7817 7818
7817 7901
7817 7902
7817 7903
7818 7819
7818 7902
7818 7903
7819 7903
7819 7904
7820 7821
7820 7904
7820 7905
7820 7906
7821 7822
7821 7905
7821 7906
7821 7907
7822 7823
7822 7906
7822 7907
7822 7908
7823 7907
7823 7908
7823 7909
7824 7825
7824 7909
7824 7910
7825 7826
7825 7910
7826 7827
7826 7911
7827 7828
7827 7911
7827 7912
7828 7911
7828 7912
7829 7830
7829 7913
7829 7914
7830 7913
7830 7914
7831 7832
7831 7915
7831 7916
7832 7833
7832 7915
7832 7916
7832 7917
7833 7834
7833 7916
7833 7917
7833 7918
7834 7835
7834 7917
7834 7918
7834 7919
7835 7836
7835 7918
7835 7919
7836 7837
7836 7919
7836 7920
7837 7838
7837 7920
7837 7921
7838 7839
7838 7920
7838 7921
7838 7922
7839 7840
7839 7921
7839 7922
7839 7923
7840 7841
7840 7922
7840 7923
7840 7924
7841 7842
7841 7923
7841 7924
7841 7925
7842 7843
7842 7924
7842 7925
7842 7926
7843 7844
7843 7925
7843 7926
7843 7927
7844 7845
7844 7926
7844 7927
7844 7928
7845 7846
7845 7927
7845 7928
7846 7847
7846 7928
7846 7929
7847 7929
7847 7930
7848 7849
7848 7930
7848 7931
7848 7932
7849 7850
7849 7931
7849 7932
7849 7933
7850 7851
7850 7932
7850 7933
7850 7934
7851 7852
7851 7933
7851 7934
7851 7935
7852 7853
7852 7934
7852 7935
7852 7936
7853 7854
7853 7935
7853 7936
7853 7937
7854 7855
7854 7936
7854 7937
7854 7938
7855 7856
7855 7937
7855 7938
7856 7857
7856 7938
7857 7858
7857 7939
7858 7859
7858 7939
7858 7940
7859 7939
7859 7940
7859 7941
7860 7861
7860 7941
7860 7942
7861 7862
7861 7942
7862 7863
7862 7942
7862 7943
7863 7864
7863 7943
7864 7865
7864 7943
7865 7944
7866 7867
7866 7944
7866 7945
7866 7946
7867 7868
7867 7945
7867 7946
7867 7947
7868 7869
7868 7946
7868 7947
7869 7870
7869 7947
7869 7948
7870 7871
7870 7948
7870 7949
7871 7872
7871 7948
7871 7949
7871 7950
7872 7873
7872 7949
7872 7950
7872 7951
7873 7874
7873 7950
7873 7951
7873 7952
7874 7951
7874 7952
7874 7953
7875 7876
7875 7953
7875 7954
7875 7955
7876 7954
7876 7955
7876 7956
7877 7956
7877 7957
7877 7958
7878 7879
7878 7958
7878 7959
7879 7880
7879 7959
7879 7960
7880 7881
7880 7960
7880 7961
7881 7882
7881 7960
7881 7961
7882 7883
7882 7961
7882 7962
7883 7962
7883 7963
7884 7963
7884 7964
7884 7965
7885 7886
7885 7969
7885 7970
7885 7971
7886 7887
7886 7970
7886 7971
7886 7972
7887 7888
7887 7971
7887 7972
7887 7973
7888 7889
7888 7972
7888 7973
7888 7974
7889 7890
7889 7973
7889 7974
7889 7975
7890 7891
7890 7974
7890 7975
7890 7976
7891 7892
7891 7975
7891 7976
7891 7977
7892 7893
7892 7976
7892 7977
7892 7978
7893 7894
7893 7977
7893 7978
7893 7979
7894 7895
7894 7978
7894 7979
7894 7980
7895 7896
7895 7979
7895 7980
7896 7897
7896 7980
7896 7981
7897 7898
7897 7981
7897 7982
7898 7899
7898 7981
7898 7982
7898 7983
7899 7900
7899 7982
7899 7983
7899 7984
7900 7901
7900 7983
7900 7984
7900 7985
7901 7902
7901 7984
7901 7985
7901 7986
7902 7903
7902 7985
7902 7986
7902 7987
7903 7986
7903 7987
7903 7988
7904 7905
7904 7988
7904 7989
7904 7990
7905 7906
7905 7989
7905 7990
7905 7991
7906 7907
7906 7990
7906 7991
7906 7992
7907 7908
7907 7991
7907 7992
7907 7993
7908 7909
7908 7992
7908 7993
7908 7994
7909 7910
7909 7993
7909 7994
7909 7995
7910 7994
7910 7995
7910 7996
7911 7912
7911 7997
7911 7998
7911 7999
7912 7998
7912 7999
7913 7914
7915 7916
7916 7917
7917 7918
7918 7919
7920 7921
7921 7922
7922 7923
7923 7924
7924 7925
7925 7926
7926 7927
7927 7928
7929 7930
7930 7931
7931 7932
7932 7933
7933 7934
7934 7935
7935 7936
7936 7937
7937 7938
7939 7940
7940 7941
7944 7945
7945 7946
7946 7947
7948 7949
7949 7950
7950 7951
7951 7952
7952 7953
7953 7954
7954 7955
7955 7956
7956 7957
7957 7958
7958 7959
7960 7961
7962 7963
7963 7964
7964 7965
7965 7966
7966 7967
7967 7968
7968 7969
7969 7970
7970 7971
7971 7972
7972 7973
7973 7974
7974 7975
7975 7976
7976 7977
7977 7978
7978 7979
7979 7980
7981 7982
7982 7983
7983 7984
7984 7985
7985 7986
7986 7987
7987 7988
7988 7989
7989 7990
7990 7991
7991 7992
7992 7993
7993 7994
7994 7995
7995 7996
7996 7997
7997 7998
7998 7999
