# FromNodeId	ToNodeId
0 1
0 57
0 58
1 2
1 57
1 58
1 59
2 3
2 58
2 59
3 59
3 60
4 5
4 60
4 61
5 6
5 61
5 62
6 7
6 61
6 62
6 63
7 8
7 62
7 63
7 64
8 9
8 63
8 64
8 65
9 10
9 64
9 65
9 66
10 11
10 65
10 66
10 67
11 12
11 66
11 67
11 68
12 13
12 67
12 68
12 69
13 68
13 69
13 70
14 15
14 70
14 71
14 72
15 16
15 71
15 72
15 73
16 72
16 73
17 18
17 74
17 75
18 19
18 74
18 75
19 20
19 75
19 76
20 21
20 76
20 77
21 22
21 76
21 77
21 78
22 23
22 77
22 78
22 79
23 78
23 79
23 80
24 25
24 80
24 81
24 82
25 26
25 81
25 82
25 83
26 27
26 82
26 83
26 84
27 28
27 83
27 84
27 85
28 84
28 85
28 86
29 30
29 86
29 87
29 88
30 87
30 88
30 89
31 32
31 90
31 91
32 90
32 91
32 92
33 34
33 92
33 93
33 94
34 35
34 93
34 94
34 95
35 36
35 94
35 95
35 96
36 37
36 95
36 96
36 97
37 38
37 96
37 97
37 98
38 39
38 97
38 98
38 99
39 40
39 98
39 99
40 41
40 99
40 100
41 42
41 100
41 101
42 43
42 100
42 101
42 102
43 44
43 101
43 102
43 103
44 45
44 102
44 103
44 104
45 103
45 104
46 47
46 105
47 105
47 106
48 106
48 107
48 108
49 50
49 108
49 109
49 110
50 51
50 109
50 110
51 52
51 110
51 111
52 53
52 111
52 112
53 111
53 112
53 113
54 55
54 113
54 114
54 115
55 56
55 114
55 115
56 115
56 116
57 58
57 117
57 118
58 59
58 117
58 118
58 119
59 118
59 119
59 120
60 120
60 121
60 122
61 62
61 122
61 123
61 124
62 63
62 123
62 124
63 64
63 124
64 65
64 125
65 66
65 125
65 126
66 67
66 125
66 126
66 127
67 68
67 126
67 127
68 69
68 127
69 70
69 128
70 71
70 128
70 129
71 72
71 128
71 129
71 130
72 73
72 129
72 130
72 131
73 130
73 131
73 132
74 75
74 132
74 133
74 134
75 133
75 134
75 135
76 77
76 135
76 136
76 137
77 78
77 136
77 137
78 79
78 137
78 138
79 80
79 138
80 81
80 138
80 139
81 82
81 139
81 140
82 83
82 139
82 140
83 84
83 140
84 85
84 141
85 86
85 141
85 142
86 87
86 141
86 142
86 143
87 88
87 142
87 143
88 89
88 143
88 144
89 144
89 145
90 91
90 145
90 146
91 92
91 146
91 147
92 93
92 146
92 147
92 148
93 94
93 147
93 148
93 149
94 95
94 148
94 149
94 150
95 96
95 149
95 150
95 151
96 97
96 150
96 151
96 152
97 98
97 151
97 152
98 99
98 152
98 153
99 153
99 154
100 101
100 154
100 155
100 156
101 102
101 155
101 156
101 157
102 103
102 156
102 157
102 158
103 104
103 157
103 158
103 159
104 158
104 159
104 160
105 106
105 161
105 162
106 107
106 162
106 163
107 108
107 162
107 163
107 164
108 109
108 163
108 164
108 165
109 110
109 164
109 165
109 166
110 165
110 166
110 167
111 112
111 167
111 168
111 169
112 113
112 168
112 169
112 170
113 114
113 169
113 170
113 171
114 115
114 170
114 171
114 172
115 171
115 172
115 173
116 173
116 174
117 118
117 175
117 176
118 119
118 175
118 176
118 177
119 120
119 176
119 177
119 178
120 121
120 177
120 178
120 179
121 122
121 178
121 179
121 180
122 123
122 179
122 180
122 181
123 124
123 180
123 181
123 182
124 181
124 182
124 183
125 126
125 184
125 185
125 186
126 127
126 185
126 186
126 187
127 186
127 187
127 188
128 129
128 189
128 190
128 191
129 130
129 190
129 191
129 192
130 131
130 191
130 192
130 193
131 132
131 192
131 193
131 194
132 133
132 193
132 194
132 195
133 134
133 194
133 195
133 196
134 135
134 195
134 196
134 197
135 136
135 196
135 197
135 198
136 137
136 197
136 198
136 199
137 198
137 199
137 200
138 200
138 201
138 202
139 140
139 202
139 203
140 203
140 204
141 142
141 205
141 206
142 143
142 205
142 206
142 207
143 206
143 207
143 208
144 145
144 208
144 209
145 209
145 210
146 147
146 210
146 211
147 148
147 211
147 212
148 149
148 211
148 212
148 213
149 150
149 212
149 213
149 214
150 151
150 213
150 214
150 215
151 152
151 214
151 215
151 216
152 215
152 216
152 217
153 154
153 217
153 218
153 219
154 155
154 218
154 219
155 156
155 219
156 157
157 158
158 159
158 220
159 160
159 220
159 221
160 161
160 220
160 221
160 222
161 221
161 222
162 163
162 223
162 224
163 164
163 223
163 224
163 225
164 165
164 224
164 225
164 226
165 166
165 225
165 226
165 227
166 167
166 226
166 227
166 228
167 168
167 227
167 228
167 229
168 169
168 228
168 229
168 230
169 170
169 229
169 230
170 171
170 230
170 231
171 172
171 231
171 232
172 173
172 231
172 232
172 233
173 174
173 232
173 233
173 234
174 233
174 234
175 176
175 235
175 236
176 177
176 235
176 236
176 237
177 178
177 236
177 237
177 238
178 179
178 237
178 238
178 239
179 180
179 238
179 239
180 181
180 239
180 240
181 182
181 240
182 183
182 240
183 184
183 241
184 185
184 241
184 242
185 186
185 241
185 242
185 243
186 187
186 242
186 243
187 188
187 243
187 244
188 189
188 244
189 190
189 244
189 245
190 191
190 245
190 246
191 192
191 245
191 246
191 247
192 193
192 246
192 247
192 248
193 194
193 247
193 248
194 195
194 248
194 249
195 196
195 249
195 250
196 197
196 249
196 250
196 251
197 198
197 250
197 251
197 252
198 199
198 251
198 252
199 200
199 252
199 253
200 201
200 253
200 254
201 202
201 253
201 254
201 255
202 203
202 254
202 255
202 256
203 255
203 256
203 257
204 257
204 258
204 259
205 206
205 259
205 260
206 207
206 260
206 261
207 208
207 261
207 262
208 261
208 262
208 263
209 210
209 263
209 264
210 264
210 265
211 212
211 265
211 266
212 213
212 266
212 267
213 214
213 267
213 268
214 215
214 267
214 268
214 269
215 216
215 268
215 269
215 270
216 217
216 269
216 270
216 271
217 218
217 270
217 271
217 272
218 219
218 271
218 272
218 273
219 272
219 273
220 221
220 275
221 222
221 275
221 276
222 275
222 276
223 224
223 277
223 278
224 225
224 277
224 278
224 279
225 226
225 278
225 279
225 280
226 227
226 279
226 280
226 281
227 228
227 280
227 281
227 282
228 229
228 281
228 282
228 283
229 230
229 282
229 283
229 284
230 283
230 284
230 285
231 232
231 285
231 286
231 287
232 233
232 286
232 287
233 234
233 287
233 288
234 288
235 236
235 289
235 290
236 237
236 289
236 290
236 291
237 238
237 290
237 291
238 239
238 291
238 292
239 292
239 293
240 293
240 294
240 295
241 242
241 296
241 297
242 243
242 297
243 297
244 298
245 246
245 298
245 299
245 300
246 247
246 299
246 300
246 301
247 248
247 300
247 301
247 302
248 301
248 302
248 303
249 250
249 303
249 304
250 251
250 304
250 305
251 252
251 304
251 305
251 306
252 305
252 306
252 307
253 254
253 307
253 308
254 255
254 308
254 309
255 256
255 308
255 309
256 257
256 309
256 310
257 258
257 310
257 311
258 259
258 310
258 311
259 260
259 311
259 312
260 312
260 313
261 262
261 313
261 314
261 315
262 263
262 314
262 315
262 316
263 264
263 315
263 316
263 317
264 316
264 317
264 318
265 266
265 318
265 319
266 319
266 320
267 268
267 320
267 321
268 269
268 321
268 322
269 270
269 322
269 323
270 271
270 322
270 323
270 324
271 272
271 323
271 324
272 273
272 324
272 325
273 325
273 326
274 326
274 327
274 328
275 276
275 330
275 331
276 331
276 332
277 278
277 332
277 333
277 334
278 279
278 333
278 334
278 335
279 280
279 334
279 335
279 336
280 281
280 335
280 336
280 337
281 282
281 336
281 337
281 338
282 283
282 337
282 338
282 339
283 284
283 338
283 339
283 340
284 285
284 339
284 340
284 341
285 286
285 340
285 341
285 342
286 287
286 341
286 342
286 343
287 342
287 343
287 344
288 344
288 345
289 290
289 346
289 347
290 291
290 346
290 347
290 348
291 347
291 348
292 293
292 349
293 294
293 349
293 350
294 295
294 350
294 351
295 296
295 350
295 351
295 352
296 351
296 352
297 353
297 354
298 299
298 355
298 356
299 300
299 356
299 357
300 301
300 357
300 358
301 302
301 357
301 358
301 359
302 303
302 358
302 359
303 359
303 360
304 305
304 360
304 361
304 362
305 306
305 361
305 362
306 307
306 362
306 363
307 363
307 364
308 309
308 364
308 365
309 365
309 366
310 311
310 366
310 367
311 367
312 313
312 368
312 369
313 314
313 368
313 369
313 370
314 315
314 369
314 370
314 371
315 316
315 370
315 371
315 372
316 317
316 371
316 372
317 318
317 372
317 373
318 373
318 374
319 320
319 374
319 375
319 376
320 321
320 375
320 376
320 377
321 376
321 377
321 378
322 323
322 378
322 379
322 380
323 324
323 379
323 380
324 380
324 381
325 326
325 381
325 382
325 383
326 327
326 382
326 383
326 384
327 328
327 383
327 384
327 385
328 329
328 384
328 385
328 386
329 330
329 385
329 386
329 387
330 386
330 387
330 388
331 332
331 388
331 389
331 390
332 333
332 389
332 390
332 391
333 334
333 390
333 391
334 335
334 391
334 392
335 336
335 392
335 393
336 337
336 392
336 393
336 394
337 338
337 393
337 394
338 339
338 394
339 340
339 395
340 341
340 395
340 396
341 342
341 395
341 396
342 343
342 396
342 397
343 344
343 397
343 398
344 345
344 397
344 398
344 399
345 398
345 399
346 347
346 400
346 401
347 348
347 400
347 401
347 402
348 401
348 402
348 403
349 403
349 404
349 405
350 351
350 405
350 406
350 407
351 352
351 406
351 407
351 408
352 407
352 408
352 409
353 354
353 409
353 410
353 411
354 410
354 411
354 412
355 356
355 412
355 413
355 414
356 413
356 414
357 358
357 415
357 416
358 359
358 415
358 416
358 417
359 416
359 417
359 418
360 361
360 418
360 419
360 420
361 362
361 419
361 420
362 420
362 421
363 364
363 421
363 422
363 423
364 365
364 422
364 423
364 424
365 423
365 424
365 425
366 425
366 426
367 427
367 428
368 369
368 428
368 429
368 430
369 370
369 429
369 430
369 431
370 371
370 430
370 431
370 432
371 372
371 431
371 432
371 433
372 432
372 433
372 434
373 374
373 434
373 435
374 375
374 435
374 436
375 376
375 436
375 437
376 377
376 436
376 437
376 438
377 378
377 437
377 438
377 439
378 379
378 438
378 439
378 440
379 380
379 439
379 440
379 441
380 440
380 441
380 442
381 382
381 442
381 443
382 383
382 443
382 444
383 384
383 444
383 445
384 385
384 444
384 445
385 386
385 445
385 446
386 387
386 446
387 388
387 446
388 389
389 390
389 447
390 391
390 447
390 448
391 447
391 448
391 449
392 393
392 449
392 450
393 394
393 450
393 451
394 450
394 451
394 452
395 396
395 453
395 454
396 454
396 455
397 398
397 455
397 456
397 457
398 399
398 456
398 457
398 458
399 457
399 458
400 401
400 459
400 460
401 402
401 459
401 460
402 403
402 460
402 461
403 404
403 461
403 462
404 405
404 461
404 462
404 463
405 406
405 462
405 463
406 407
406 463
406 464
407 408
407 464
408 409
408 464
408 465
409 410
409 465
409 466
410 411
410 465
410 466
410 467
411 412
411 466
411 467
411 468
412 413
412 467
412 468
412 469
413 414
413 468
413 469
413 470
414 469
414 470
415 416
415 471
416 417
416 471
416 472
417 418
417 471
417 472
417 473
418 419
418 472
418 473
418 474
419 420
419 473
419 474
419 475
420 474
420 475
420 476
421 422
421 476
421 477
421 478
422 423
422 477
422 478
422 479
423 424
423 478
423 479
423 480
424 425
424 479
424 480
424 481
425 426
425 480
425 481
426 481
426 482
427 428
427 482
427 483
427 484
428 429
428 483
428 484
428 485
429 430
429 484
429 485
430 431
430 485
430 486
431 432
431 486
431 487
432 433
432 486
432 487
433 434
433 487
434 435
434 488
435 488
435 489
436 437
436 489
436 490
436 491
437 438
437 490
437 491
437 492
438 439
438 491
438 492
438 493
439 440
439 492
439 493
439 494
440 441
440 493
440 494
441 442
441 494
442 443
442 495
443 495
443 496
444 445
444 496
444 497
445 497
445 498
446 498
446 499
446 500
447 448
447 502
447 503
447 504
448 449
448 503
448 504
448 505
449 504
449 505
449 506
450 451
450 506
450 507
450 508
451 452
451 507
451 508
452 453
452 508
453 509
454 455
454 509
454 510
455 456
455 510
455 511
456 457
456 510
456 511
456 512
457 458
457 511
457 512
457 513
458 512
458 513
459 460
459 514
460 514
460 515
461 462
461 515
461 516
462 463
462 516
462 517
463 516
463 517
463 518
464 518
464 519
465 466
465 520
465 521
466 467
466 520
466 521
466 522
467 468
467 521
467 522
467 523
468 469
468 522
468 523
468 524
469 470
469 523
469 524
469 525
470 524
470 525
470 526
471 472
471 527
471 528
472 473
472 528
472 529
473 474
473 529
473 530
474 475
474 529
474 530
474 531
475 476
475 530
475 531
475 532
476 477
476 531
476 532
476 533
477 478
477 532
477 533
477 534
478 479
478 533
478 534
478 535
479 480
479 534
479 535
479 536
480 481
480 535
480 536
480 537
481 536
481 537
482 483
482 538
483 484
483 538
483 539
484 485
484 539
484 540
485 539
485 540
485 541
486 487
486 541
486 542
486 543
487 542
487 543
487 544
488 489
488 545
488 546
489 490
489 546
490 491
490 547
491 492
491 547
491 548
492 493
492 547
492 548
493 494
493 548
493 549
494 549
495 496
495 550
495 551
496 497
496 551
496 552
497 552
498 499
498 553
498 554
499 500
499 553
499 554
499 555
500 501
500 554
500 555
500 556
501 502
501 555
501 556
501 557
502 503
502 556
502 557
502 558
503 504
503 557
503 558
503 559
504 505
504 558
504 559
505 506
505 559
505 560
506 507
506 560
506 561
507 508
507 560
507 561
508 561
508 562
509 563
509 564
510 511
510 564
510 565
510 566
511 512
511 565
511 566
511 567
512 513
512 566
512 567
512 568
513 567
513 568
514 515
514 569
514 570
514 571
515 570
515 571
515 572
516 517
516 572
516 573
517 518
517 573
517 574
518 519
518 573
518 574
518 575
519 574
519 575
519 576
520 521
520 576
520 577
520 578
521 522
521 577
521 578
521 579
522 523
522 578
522 579
522 580
523 524
523 579
523 580
523 581
524 525
524 580
524 581
524 582
525 526
525 581
525 582
525 583
526 527
526 582
526 583
527 528
527 583
527 584
528 584
528 585
529 530
529 585
529 586
529 587
530 531
530 586
530 587
531 532
531 587
531 588
532 533
532 588
533 534
533 588
533 589
534 535
534 589
534 590
535 536
535 589
535 590
535 591
536 537
536 590
536 591
536 592
537 591
537 592
537 593
538 593
538 594
538 595
539 540
539 595
539 596
540 541
540 596
540 597
541 542
541 597
541 598
542 543
542 597
542 598
542 599
543 544
543 598
543 599
543 600
544 545
544 599
544 600
544 601
545 546
545 600
545 601
545 602
546 601
546 602
546 603
547 548
547 604
547 605
547 606
548 605
548 606
548 607
549 607
549 608
549 609
550 551
550 609
550 610
551 610
551 611
552 611
552 612
552 613
553 554
553 613
554 555
554 614
555 556
555 614
555 615
556 557
556 614
556 615
557 558
557 615
557 616
558 559
558 616
558 617
559 616
559 617
559 618
560 561
560 618
560 619
561 619
561 620
562 563
562 620
562 621
562 622
563 621
563 622
563 623
564 565
564 623
564 624
564 625
565 566
565 624
565 625
565 626
566 567
566 625
566 626
567 568
567 626
567 627
568 627
569 570
569 628
569 629
570 571
570 628
570 629
571 572
571 629
571 630
572 630
572 631
573 574
573 631
573 632
573 633
574 575
574 632
574 633
575 576
575 633
575 634
576 577
576 634
577 578
577 634
577 635
578 579
578 635
578 636
579 580
579 635
579 636
580 581
580 636
580 637
581 582
581 637
581 638
582 583
582 637
582 638
582 639
583 638
583 639
584 585
584 640
584 641
585 586
585 640
585 641
585 642
586 587
586 641
586 642
587 642
587 643
588 643
588 644
588 645
589 590
589 645
589 646
590 591
590 646
590 647
591 592
591 647
592 593
592 647
592 648
593 594
593 648
593 649
594 595
594 648
594 649
595 596
595 649
596 650
597 598
597 650
597 651
597 652
598 599
598 651
598 652
599 600
599 652
599 653
600 601
600 653
600 654
601 602
601 653
601 654
602 603
602 654
602 655
603 604
603 655
603 656
604 605
604 655
604 656
604 657
605 606
605 656
605 657
605 658
606 607
606 657
606 658
606 659
607 608
607 658
607 659
607 660
608 609
608 659
608 660
608 661
609 660
609 661
609 662
610 611
610 662
610 663
610 664
611 612
611 663
611 664
611 665
612 613
612 664
612 665
612 666
613 665
613 666
614 615
614 667
614 668
614 669
615 668
615 669
615 670
616 617
616 670
616 671
616 672
617 618
617 671
617 672
618 619
618 672
618 673
619 673
619 674
620 621
620 674
620 675
621 622
621 675
622 623
622 676
623 624
623 676
623 677
624 625
624 676
624 677
625 626
625 677
626 678
627 678
628 629
628 679
628 680
629 679
629 680
629 681
630 631
630 681
630 682
630 683
631 632
631 682
631 683
631 684
632 633
632 683
632 684
633 684
633 685
634 685
634 686
634 687
635 636
635 687
636 688
637 638
637 688
637 689
638 639
638 689
638 690
639 689
639 690
639 691
640 641
640 691
640 692
641 642
641 692
641 693
642 692
642 693
642 694
643 644
643 694
643 695
643 696
644 645
644 695
644 696
644 697
645 646
645 696
645 697
645 698
646 697
646 698
646 699
647 699
647 700
648 649
648 701
649 701
650 651
650 702
650 703
650 704
651 652
651 703
651 704
651 705
652 704
652 705
652 706
653 654
653 706
653 707
654 707
654 708
655 656
655 708
655 709
655 710
656 657
656 709
656 710
656 711
657 658
657 710
657 711
657 712
658 659
658 711
658 712
658 713
659 660
659 712
659 713
659 714
660 661
660 713
660 714
660 715
661 662
661 714
661 715
661 716
662 663
662 715
662 716
662 717
663 664
663 716
663 717
663 718
664 665
664 717
664 718
664 719
665 666
665 718
665 719
665 720
666 719
666 720
666 721
667 668
667 721
667 722
668 669
668 722
668 723
669 670
669 722
669 723
669 724
670 671
670 723
670 724
670 725
671 672
671 724
671 725
671 726
672 725
672 726
672 727
673 674
673 727
673 728
673 729
674 675
674 728
674 729
674 730
675 729
675 730
676 677
676 731
676 732
676 733
677 732
677 733
677 734
678 735
678 736
678 737
679 680
679 738
679 739
680 681
680 738
680 739
680 740
681 682
681 739
681 740
681 741
682 683
682 740
682 741
683 684
683 741
683 742
684 742
685 686
686 687
686 743
687 743
687 744
688 745
688 746
689 690
689 746
689 747
689 748
690 691
690 747
690 748
691 748
691 749
692 693
692 749
692 750
692 751
693 694
693 750
693 751
693 752
694 695
694 751
694 752
694 753
695 696
695 752
695 753
695 754
696 697
696 753
696 754
696 755
697 698
697 754
697 755
698 699
698 755
698 756
699 700
699 756
699 757
700 756
700 757
700 758
701 758
701 759
701 760
702 703
702 761
702 762
702 763
703 704
703 762
703 763
703 764
704 705
704 763
704 764
704 765
705 706
705 764
705 765
705 766
706 707
706 765
706 766
706 767
707 766
707 767
707 768
708 709
708 768
708 769
709 710
709 769
709 770
710 711
710 769
710 770
710 771
711 712
711 770
711 771
711 772
712 713
712 771
712 772
712 773
713 714
713 772
713 773
714 715
714 773
715 716
715 774
716 717
716 774
716 775
717 718
717 774
717 775
717 776
718 719
718 775
718 776
718 777
719 720
719 776
719 777
720 721
720 777
720 778
721 778
721 779
722 723
722 779
722 780
723 724
723 780
723 781
724 725
724 780
724 781
724 782
725 726
725 781
725 782
725 783
726 727
726 782
726 783
726 784
727 728
727 783
727 784
727 785
728 729
728 784
728 785
728 786
729 730
729 785
729 786
729 787
730 786
730 787
731 732
731 788
731 789
732 733
732 788
732 789
733 734
733 789
733 790
734 735
734 790
734 791
735 736
735 790
735 791
736 737
736 791
736 792
737 792
738 739
738 793
739 740
739 793
739 794
740 741
740 794
740 795
741 794
741 795
742 796
742 797
743 744
743 799
743 800
744 745
744 800
744 801
745 800
745 801
746 747
746 802
746 803
747 748
747 802
747 803
748 803
748 804
749 750
749 804
749 805
749 806
750 751
750 805
750 806
751 752
751 806
752 753
752 807
753 754
753 807
753 808
754 755
754 807
754 808
754 809
755 808
755 809
756 757
756 810
756 811
757 758
757 810
757 811
757 812
758 759
758 811
758 812
758 813
759 760
759 812
759 813
759 814
760 761
760 813
760 814
761 762
761 814
761 815
762 763
762 815
762 816
763 764
763 815
763 816
763 817
764 765
764 816
764 817
764 818
765 766
765 817
765 818
765 819
766 767
766 818
766 819
766 820
767 768
767 819
767 820
768 820
768 821
769 770
769 821
769 822
770 771
770 822
770 823
771 772
771 823
772 773
772 823
772 824
773 824
773 825
774 775
774 826
774 827
774 828
775 776
775 827
775 828
775 829
776 777
776 828
776 829
776 830
777 829
777 830
778 779
778 831
778 832
779 831
779 832
780 781
780 833
781 782
781 833
781 834
782 783
782 833
782 834
783 784
783 834
783 835
784 785
784 835
784 836
785 786
785 835
785 836
785 837
786 787
786 836
786 837
786 838
787 837
787 838
788 789
788 839
789 839
789 840
790 791
790 840
790 841
791 841
791 842
792 842
793 843
793 844
794 795
794 844
794 845
795 845
795 846
796 797
796 846
796 847
796 848
797 798
797 847
797 848
797 849
798 799
798 848
798 849
799 849
799 850
800 801
800 850
800 851
800 852
801 851
801 852
801 853
802 803
802 853
802 854
802 855
803 854
803 855
803 856
804 805
804 856
804 857
804 858
805 806
805 857
805 858
806 858
806 859
807 808
807 860
807 861
807 862
808 809
808 861
808 862
808 863
809 862
809 863
809 864
810 811
810 864
811 812
811 865
812 813
812 865
812 866
813 814
813 865
813 866
813 867
814 866
814 867
814 868
815 816
815 868
815 869
816 817
816 869
816 870
817 818
817 870
817 871
818 819
818 870
818 871
818 872
819 820
819 871
819 872
819 873
820 872
820 873
820 874
821 822
821 874
821 875
821 876
822 875
822 876
822 877
823 877
823 878
824 825
824 879
825 826
825 879
825 880
826 827
826 880
826 881
827 828
827 880
827 881
827 882
828 829
828 881
828 882
828 883
829 830
829 882
829 883
829 884
830 883
830 884
830 885
831 832
831 885
831 886
832 886
833 834
833 887
833 888
834 888
835 836
835 889
835 890
836 837
836 889
836 890
837 838
837 890
837 891
838 891
838 892
839 892
839 893
839 894
840 841
840 894
840 895
841 895
841 896
842 896
842 897
842 898
843 844
843 899
844 845
844 899
845 900
846 847
846 900
846 901
847 848
847 901
847 902
848 849
848 902
848 903
849 902
849 903
850 851
850 904
851 852
851 904
851 905
852 853
852 904
852 905
852 906
853 854
853 905
853 906
853 907
854 855
854 906
854 907
854 908
855 856
855 907
855 908
855 909
856 857
856 908
856 909
856 910
857 858
857 909
857 910
858 910
858 911
859 860
859 911
859 912
859 913
860 861
860 912
860 913
861 862
861 913
861 914
862 863
862 914
862 915
863 864
863 914
863 915
863 916
864 915
864 916
864 917
865 866
865 918
865 919
866 867
866 918
866 919
866 920
867 868
867 919
867 920
868 869
868 920
868 921
869 921
870 871
870 922
870 923
871 872
871 922
871 923
871 924
872 873
872 923
872 924
872 925
873 874
873 924
873 925
873 926
874 875
874 925
874 926
875 876
875 926
875 927
876 877
876 927
876 928
877 878
877 927
877 928
877 929
878 928
878 929
878 930
879 930
879 931
879 932
880 881
880 932
880 933
881 882
881 933
881 934
882 883
882 933
882 934
882 935
883 884
883 934
883 935
883 936
884 885
884 935
884 936
885 886
885 936
885 937
886 937
886 938
887 888
887 939
887 940
887 941
888 940
888 941
888 942
889 890
889 943
889 944
889 945
890 944
890 945
890 946
891 892
891 946
891 947
891 948
892 893
892 947
892 948
892 949
893 894
893 948
893 949
893 950
894 949
894 950
894 951
895 896
895 951
895 952
895 953
896 897
896 952
896 953
896 954
897 898
897 953
897 954
897 955
898 954
898 955
900 901
900 956
900 957
900 958
901 957
901 958
901 959
902 903
902 959
902 960
903 960
903 961
904 905
904 962
904 963
904 964
905 906
905 963
905 964
905 965
906 907
906 964
906 965
906 966
907 908
907 965
907 966
907 967
908 909
908 966
908 967
908 968
909 910
909 967
909 968
909 969
910 968
910 969
910 970
911 912
911 970
911 971
911 972
912 913
912 971
912 972
912 973
913 972
913 973
913 974
914 915
914 974
914 975
914 976
915 916
915 975
915 976
915 977
916 917
916 976
916 977
916 978
917 977
917 978
918 919
918 979
918 980
919 920
919 979
919 980
919 981
920 980
920 981
920 982
921 982
921 983
921 984
922 923
922 984
922 985
922 986
923 924
923 985
923 986
923 987
924 925
924 986
924 987
924 988
925 926
925 987
925 988
926 988
927 928
927 989
928 929
928 989
928 990
929 930
929 990
929 991
930 931
930 990
930 991
930 992
931 932
931 991
931 992
932 992
932 993
933 934
933 993
933 994
934 935
934 994
934 995
935 936
935 995
935 996
936 995
936 996
936 997
937 938
937 997
937 998
937 999
938 939
938 998
938 999
938 1000
939 940
939 999
939 1000
940 941
940 1000
941 942
942 943
942 1001
943 944
943 1001
943 1002
944 945
944 1001
944 1002
944 1003
945 946
945 1002
945 1003
945 1004
946 947
946 1003
946 1004
946 1005
947 948
947 1004
947 1005
948 949
948 1005
948 1006
949 950
949 1006
949 1007
950 951
950 1006
950 1007
950 1008
951 952
951 1007
951 1008
951 1009
952 953
952 1008
952 1009
952 1010
953 954
953 1009
953 1010
953 1011
954 955
954 1010
954 1011
954 1012
955 1011
955 1012
956 957
956 1014
956 1015
956 1016
957 958
957 1015
957 1016
957 1017
958 959
958 1016
958 1017
958 1018
959 960
959 1017
959 1018
959 1019
960 1018
960 1019
960 1020
961 962
961 1020
961 1021
961 1022
962 963
962 1021
962 1022
962 1023
963 964
963 1022
963 1023
963 1024
964 965
964 1023
964 1024
964 1025
965 966
965 1024
965 1025
965 1026
966 967
966 1025
966 1026
966 1027
967 968
967 1026
967 1027
967 1028
968 969
968 1027
968 1028
969 970
969 1028
969 1029
970 971
970 1029
970 1030
971 972
971 1029
971 1030
971 1031
972 973
972 1030
972 1031
973 974
973 1031
973 1032
974 975
974 1032
974 1033
975 976
975 1032
975 1033
975 1034
976 977
976 1033
976 1034
976 1035
977 978
977 1034
977 1035
978 1035
978 1036
979 980
979 1036
979 1037
980 981
980 1037
980 1038
981 982
981 1037
981 1038
981 1039
982 983
982 1038
982 1039
983 984
983 1039
984 985
984 1040
985 986
985 1040
985 1041
986 987
986 1040
986 1041
986 1042
987 988
987 1041
987 1042
987 1043
988 1042
988 1043
988 1044
989 1045
989 1046
989 1047
990 991
990 1047
990 1048
990 1049
991 992
991 1048
991 1049
992 1049
992 1050
993 994
993 1050
993 1051
993 1052
994 1051
994 1052
994 1053
995 996
995 1053
995 1054
995 1055
996 997
996 1054
996 1055
997 998
997 1055
997 1056
998 999
998 1056
999 1000
999 1056
999 1057
1000 1057
1000 1058
1001 1002
1001 1060
1001 1061
1002 1003
1002 1060
1002 1061
1002 1062
1003 1004
1003 1061
1003 1062
1003 1063
1004 1005
1004 1062
1004 1063
1004 1064
1005 1063
1005 1064
1006 1007
1006 1065
1006 1066
1007 1008
1007 1065
1007 1066
1007 1067
1008 1009
1008 1066
1008 1067
1008 1068
1009 1010
1009 1067
1009 1068
1009 1069
1010 1011
1010 1068
1010 1069
1010 1070
1011 1012
1011 1069
1011 1070
1012 1070
1013 1014
1013 1071
1013 1072
1014 1015
1014 1071
1014 1072
1014 1073
1015 1016
1015 1072
1015 1073
1015 1074
1016 1017
1016 1073
1016 1074
1016 1075
1017 1018
1017 1074
1017 1075
1017 1076
1018 1019
1018 1075
1018 1076
1019 1020
1019 1076
1019 1077
1020 1021
1020 1077
1020 1078
1021 1022
1021 1077
1021 1078
1021 1079
1022 1023
1022 1078
1022 1079
1022 1080
1023 1024
1023 1079
1023 1080
1023 1081
1024 1025
1024 1080
1024 1081
1024 1082
1025 1026
1025 1081
1025 1082
1026 1027
1026 1082
1027 1028
1027 1083
1028 1083
1029 1030
1029 1084
1029 1085
1030 1031
1030 1084
1030 1085
1030 1086
1031 1085
1031 1086
1031 1087
1032 1033
1032 1087
1032 1088
1033 1034
1033 1088
1033 1089
1034 1035
1034 1089
1034 1090
1035 1089
1035 1090
1035 1091
1036 1091
1036 1092
1037 1038
1037 1092
1037 1093
1038 1039
1038 1093
1038 1094
1039 1094
1039 1095
1040 1041
1040 1096
1041 1042
1041 1096
1041 1097
1042 1043
1042 1097
1042 1098
1043 1044
1043 1097
1043 1098
1043 1099
1044 1045
1044 1098
1044 1099
1044 1100
1045 1046
1045 1099
1045 1100
1045 1101
1046 1047
1046 1100
1046 1101
1046 1102
1047 1048
1047 1101
1047 1102
1047 1103
1048 1049
1048 1102
1048 1103
1048 1104
1049 1103
1049 1104
1049 1105
1050 1051
1050 1105
1050 1106
1051 1052
1051 1106
1051 1107
1052 1053
1052 1106
1052 1107
1052 1108
1053 1054
1053 1107
1053 1108
1053 1109
1054 1055
1054 1108
1054 1109
1055 1109
1055 1110
1056 1110
1056 1111
1056 1112
1057 1058
1057 1112
1057 1113
1057 1114
1058 1059
1058 1113
1058 1114
1059 1114
1059 1115
1060 1061
1060 1115
1060 1116
1060 1117
1061 1062
1061 1116
1061 1117
1061 1118
1062 1063
1062 1117
1062 1118
1063 1064
1063 1118
1063 1119
1064 1119
1064 1120
1065 1066
1065 1120
1065 1121
1066 1067
1066 1121
1066 1122
1067 1068
1067 1121
1067 1122
1067 1123
1068 1069
1068 1122
1068 1123
1068 1124
1069 1070
1069 1123
1069 1124
1069 1125
1070 1124
1070 1125
1070 1126
1071 1072
1071 1127
1072 1073
1072 1127
1072 1128
1073 1074
1073 1128
1073 1129
1074 1075
1074 1128
1074 1129
1074 1130
1075 1076
1075 1129
1075 1130
1075 1131
1076 1130
1076 1131
1076 1132
1077 1078
1077 1132
1077 1133
1078 1079
1078 1133
1078 1134
1079 1080
1079 1134
1079 1135
1080 1081
1080 1134
1080 1135
1080 1136
1081 1082
1081 1135
1081 1136
1081 1137
1082 1136
1082 1137
1084 1085
1084 1138
1084 1139
1085 1086
1085 1138
1085 1139
1085 1140
1086 1087
1086 1139
1086 1140
1086 1141
1087 1088
1087 1140
1087 1141
1087 1142
1088 1141
1088 1142
1088 1143
1089 1090
1089 1143
1089 1144
1090 1091
1090 1144
1091 1144
1091 1145
1092 1093
1092 1145
1092 1146
1092 1147
1093 1146
1093 1147
1093 1148
1094 1095
1094 1148
1094 1149
1094 1150
1095 1149
1095 1150
1095 1151
1096 1151
1096 1152
1097 1098
1097 1153
1097 1154
1098 1099
1098 1153
1098 1154
1098 1155
1099 1100
1099 1154
1099 1155
1099 1156
1100 1101
1100 1155
1100 1156
1100 1157
1101 1102
1101 1156
1101 1157
1101 1158
1102 1103
1102 1157
1102 1158
1102 1159
1103 1104
1103 1158
1103 1159
1103 1160
1104 1105
1104 1159
1104 1160
1104 1161
1105 1160
1105 1161
1105 1162
1106 1107
1106 1162
1106 1163
1107 1108
1107 1163
1107 1164
1108 1109
1108 1164
1109 1164
1109 1165
1110 1111
1110 1165
1110 1166
1110 1167
1111 1112
1111 1166
1111 1167
1111 1168
1112 1113
1112 1167
1112 1168
1112 1169
1113 1114
1113 1168
1113 1169
1113 1170
1114 1169
1114 1170
1114 1171
1115 1116
1115 1171
1115 1172
1115 1173
1116 1117
1116 1172
1116 1173
1116 1174
1117 1118
1117 1173
1117 1174
1117 1175
1118 1174
1118 1175
1118 1176
1119 1120
1119 1176
1119 1177
1120 1177
1121 1122
1121 1178
1121 1179
1122 1123
1122 1178
1122 1179
1122 1180
1123 1124
1123 1179
1123 1180
1123 1181
1124 1125
1124 1180
1124 1181
1124 1182
1125 1126
1125 1181
1125 1182
1126 1182
1127 1183
1128 1129
1128 1183
1128 1184
1128 1185
1129 1130
1129 1184
1129 1185
1129 1186
1130 1131
1130 1185
1130 1186
1130 1187
1131 1132
1131 1186
1131 1187
1131 1188
1132 1133
1132 1187
1132 1188
1133 1188
1133 1189
1134 1135
1134 1189
1134 1190
1134 1191
1135 1136
1135 1190
1135 1191
1136 1137
1136 1191
1136 1192
1137 1192
1138 1139
1138 1195
1138 1196
1138 1197
1139 1140
1139 1196
1139 1197
1139 1198
1140 1141
1140 1197
1140 1198
1140 1199
1141 1142
1141 1198
1141 1199
1141 1200
1142 1143
1142 1199
1142 1200
1142 1201
1143 1200
1143 1201
1143 1202
1144 1202
1144 1203
1144 1204
1145 1146
1145 1204
1145 1205
1145 1206
1146 1147
1146 1205
1146 1206
1146 1207
1147 1148
1147 1206
1147 1207
1147 1208
1148 1149
1148 1207
1148 1208
1148 1209
1149 1150
1149 1208
1149 1209
1149 1210
1150 1151
1150 1209
1150 1210
1150 1211
1151 1152
1151 1210
1151 1211
1152 1211
1153 1154
1153 1212
1153 1213
1154 1155
1154 1212
1154 1213
1154 1214
1155 1156
1155 1213
1155 1214
1156 1157
1156 1214
1156 1215
1157 1158
1157 1215
1157 1216
1158 1159
1158 1215
1158 1216
1158 1217
1159 1160
1159 1216
1159 1217
1160 1161
1160 1217
1160 1218
1161 1162
1161 1218
1162 1163
1162 1218
1162 1219
1163 1219
1163 1220
1164 1220
1164 1221
1164 1222
1165 1166
1165 1222
1165 1223
1165 1224
1166 1167
1166 1223
1166 1224
1166 1225
1167 1168
1167 1224
1167 1225
1168 1169
1168 1225
1168 1226
1169 1170
1169 1226
1169 1227
1170 1171
1170 1226
1170 1227
1170 1228
1171 1172
1171 1227
1171 1228
1171 1229
1172 1173
1172 1228
1172 1229
1173 1174
1173 1229
1173 1230
1174 1175
1174 1230
1174 1231
1175 1176
1175 1230
1175 1231
1175 1232
1176 1177
1176 1231
1176 1232
1176 1233
1177 1232
1177 1233
1177 1234
1178 1179
1178 1235
1178 1236
1178 1237
1179 1180
1179 1236
1179 1237
1179 1238
1180 1181
1180 1237
1180 1238
1181 1182
1181 1238
1181 1239
1182 1239
1182 1240
1183 1184
1183 1241
1184 1185
1184 1241
1184 1242
1185 1186
1185 1241
1185 1242
1185 1243
1186 1187
1186 1242
1186 1243
1186 1244
1187 1188
1187 1243
1187 1244
1188 1244
1188 1245
1189 1190
1189 1245
1189 1246
1189 1247
1190 1191
1190 1246
1190 1247
1190 1248
1191 1247
1191 1248
1192 1249
1193 1194
1193 1249
1193 1250
1194 1195
1194 1250
1194 1251
1195 1196
1195 1251
1195 1252
1196 1197
1196 1251
1196 1252
1196 1253
1197 1198
1197 1252
1197 1253
1197 1254
1198 1199
1198 1253
1198 1254
1198 1255
1199 1200
1199 1254
1199 1255
1199 1256
1200 1201
1200 1255
1200 1256
1200 1257
1201 1202
1201 1256
1201 1257
1201 1258
1202 1203
1202 1257
1202 1258
1202 1259
1203 1204
1203 1258
1203 1259
1203 1260
1204 1205
1204 1259
1204 1260
1204 1261
1205 1206
1205 1260
1205 1261
1205 1262
1206 1207
1206 1261
1206 1262
1206 1263
1207 1208
1207 1262
1207 1263
1207 1264
1208 1209
1208 1263
1208 1264
1209 1210
1209 1264
1209 1265
1210 1211
1210 1265
1210 1266
1211 1265
1211 1266
1212 1213
1212 1267
1212 1268
1213 1214
1213 1268
1213 1269
1214 1269
1214 1270
1215 1216
1215 1270
1215 1271
1215 1272
1216 1217
1216 1271
1216 1272
1216 1273
1217 1272
1217 1273
1218 1274
1218 1275
1219 1220
1219 1275
1219 1276
1219 1277
1220 1221
1220 1276
1220 1277
1220 1278
1221 1222
1221 1277
1221 1278
1221 1279
1222 1223
1222 1278
1222 1279
1222 1280
1223 1224
1223 1279
1223 1280
1224 1225
1224 1280
1224 1281
1225 1281
1226 1227
1226 1282
1227 1228
1227 1282
1227 1283
1228 1229
1228 1282
1228 1283
1228 1284
1229 1283
1229 1284
1229 1285
1230 1231
1230 1285
1230 1286
1230 1287
1231 1232
1231 1286
1231 1287
1231 1288
1232 1233
1232 1287
1232 1288
1232 1289
1233 1234
1233 1288
1233 1289
1233 1290
1234 1235
1234 1289
1234 1290
1235 1236
1235 1290
1236 1237
1237 1238
1238 1291
1239 1240
1239 1291
1239 1292
1239 1293
1240 1292
1240 1293
1241 1242
1241 1295
1241 1296
1241 1297
1242 1243
1242 1296
1242 1297
1242 1298
1243 1244
1243 1297
1243 1298
1243 1299
1244 1298
1244 1299
1244 1300
1245 1246
1245 1300
1245 1301
1245 1302
1246 1247
1246 1301
1246 1302
1246 1303
1247 1248
1247 1302
1247 1303
1247 1304
1248 1303
1248 1304
1248 1305
1249 1250
1249 1306
1249 1307
1250 1307
1250 1308
1251 1252
1251 1308
1251 1309
1252 1253
1252 1309
1253 1254
1253 1310
1254 1255
1254 1310
1254 1311
1255 1256
1255 1310
1255 1311
1256 1257
1256 1311
1256 1312
1257 1258
1257 1312
1257 1313
1258 1259
1258 1312
1258 1313
1258 1314
1259 1260
1259 1313
1259 1314
1259 1315
1260 1261
1260 1314
1260 1315
1260 1316
1261 1262
1261 1315
1261 1316
1261 1317
1262 1263
1262 1316
1262 1317
1262 1318
1263 1264
1263 1317
1263 1318
1264 1318
1265 1266
1265 1319
1265 1320
1266 1319
1266 1320
1266 1321
1267 1268
1267 1321
1267 1322
1267 1323
1268 1322
1268 1323
1268 1324
1269 1270
1269 1324
1269 1325
1269 1326
1270 1271
1270 1325
1270 1326
1270 1327
1271 1272
1271 1326
1271 1327
1271 1328
1272 1273
1272 1327
1272 1328
1272 1329
1273 1328
1273 1329
1273 1330
1274 1275
1274 1330
1274 1331
1274 1332
1275 1276
1275 1331
1275 1332
1275 1333
1276 1277
1276 1332
1276 1333
1276 1334
1277 1278
1277 1333
1277 1334
1277 1335
1278 1279
1278 1334
1278 1335
1278 1336
1279 1280
1279 1335
1279 1336
1280 1336
1281 1337
1282 1283
1282 1338
1282 1339
1282 1340
1283 1284
1283 1339
1283 1340
1283 1341
1284 1285
1284 1340
1284 1341
1284 1342
1285 1286
1285 1341
1285 1342
1285 1343
1286 1287
1286 1342
1286 1343
1286 1344
1287 1288
1287 1343
1287 1344
1287 1345
1288 1289
1288 1344
1288 1345
1288 1346
1289 1290
1289 1345
1289 1346
1289 1347
1290 1346
1290 1347
1290 1348
1291 1292
1291 1351
1291 1352
1292 1293
1292 1352
1294 1295
1294 1353
1294 1354
1295 1296
1295 1353
1295 1354
1295 1355
1296 1297
1296 1354
1296 1355
1296 1356
1297 1298
1297 1355
1297 1356
1298 1299
1298 1356
1298 1357
1299 1300
1299 1357
1300 1301
1300 1357
1300 1358
1301 1302
1301 1358
1301 1359
1302 1303
1302 1358
1302 1359
1302 1360
1303 1304
1303 1359
1303 1360
1303 1361
1304 1305
1304 1360
1304 1361
1305 1306
1305 1361
1305 1362
1306 1362
1306 1363
1307 1308
1307 1363
1307 1364
1307 1365
1308 1309
1308 1364
1308 1365
1308 1366
1309 1365
1309 1366
1309 1367
1310 1311
1310 1368
1310 1369
1310 1370
1311 1369
1311 1370
1311 1371
1312 1313
1312 1371
1312 1372
1312 1373
1313 1314
1313 1372
1313 1373
1314 1315
1314 1373
1314 1374
1315 1316
1315 1374
1315 1375
1316 1317
1316 1374
1316 1375
1316 1376
1317 1318
1317 1375
1317 1376
1317 1377
1318 1376
1318 1377
1319 1320
1319 1378
1319 1379
1320 1321
1320 1379
1320 1380
1321 1322
1321 1380
1321 1381
1322 1323
1322 1380
1322 1381
1322 1382
1323 1324
1323 1381
1323 1382
1324 1325
1324 1382
1324 1383
1325 1326
1325 1383
1325 1384
1326 1327
1326 1383
1326 1384
1327 1328
1327 1384
1327 1385
1328 1329
1328 1385
1328 1386
1329 1330
1329 1385
1329 1386
1329 1387
1330 1331
1330 1386
1330 1387
1330 1388
1331 1332
1331 1387
1331 1388
1332 1333
1332 1388
1332 1389
1333 1334
1333 1389
1333 1390
1334 1335
1334 1389
1334 1390
1334 1391
1335 1336
1335 1390
1335 1391
1335 1392
1336 1391
1336 1392
1337 1393
1337 1394
1337 1395
1338 1339
1338 1395
1338 1396
1339 1340
1339 1396
1339 1397
1340 1341
1340 1397
1340 1398
1341 1342
1341 1397
1341 1398
1341 1399
1342 1343
1342 1398
1342 1399
1342 1400
1343 1344
1343 1399
1343 1400
1343 1401
1344 1345
1344 1400
1344 1401
1344 1402
1345 1346
1345 1401
1345 1402
1345 1403
1346 1347
1346 1402
1346 1403
1346 1404
1347 1348
1347 1403
1347 1404
1347 1405
1348 1349
1348 1404
1348 1405
1348 1406
1349 1350
1349 1405
1349 1406
1350 1351
1350 1406
1350 1407
1351 1352
1351 1407
1351 1408
1352 1407
1352 1408
1353 1354
1353 1410
1353 1411
1354 1355
1354 1410
1354 1411
1354 1412
1355 1356
1355 1411
1355 1412
1355 1413
1356 1412
1356 1413
1356 1414
1357 1414
1357 1415
1357 1416
1358 1359
1358 1416
1358 1417
1359 1360
1359 1417
1359 1418
1360 1361
1360 1417
1360 1418
1360 1419
1361 1418
1361 1419
1361 1420
1362 1363
1362 1420
1363 1364
1364 1365
1364 1421
1365 1366
1365 1421
1365 1422
1366 1367
1366 1421
1366 1422
1366 1423
1367 1368
1367 1422
1367 1423
1367 1424
1368 1369
1368 1423
1368 1424
1368 1425
1369 1370
1369 1424
1369 1425
1369 1426
1370 1371
1370 1425
1370 1426
1370 1427
1371 1372
1371 1426
1371 1427
1372 1373
1372 1427
1372 1428
1373 1428
1373 1429
1374 1375
1374 1429
1374 1430
1374 1431
1375 1376
1375 1430
1375 1431
1375 1432
1376 1377
1376 1431
1376 1432
1376 1433
1377 1432
1377 1433
1377 1434
1378 1379
1378 1434
1378 1435
1379 1435
1379 1436
1380 1381
1380 1436
1380 1437
1381 1382
1381 1437
1382 1437
1382 1438
1383 1384
1383 1438
1383 1439
1384 1439
1385 1386
1385 1440
1386 1387
1386 1440
1386 1441
1387 1388
1387 1440
1387 1441
1387 1442
1388 1441
1388 1442
1388 1443
1389 1390
1389 1443
1389 1444
1390 1391
1390 1444
1390 1445
1391 1392
1391 1445
1391 1446
1392 1445
1392 1446
1392 1447
1393 1394
1393 1447
1393 1448
1394 1395
1394 1448
1394 1449
1395 1396
1395 1449
1395 1450
1396 1449
1396 1450
1396 1451
1397 1398
1397 1451
1397 1452
1398 1399
1398 1452
1398 1453
1399 1400
1399 1453
1399 1454
1400 1401
1400 1453
1400 1454
1400 1455
1401 1402
1401 1454
1401 1455
1401 1456
1402 1403
1402 1455
1402 1456
1403 1404
1403 1456
1403 1457
1404 1405
1404 1457
1404 1458
1405 1406
1405 1457
1405 1458
1405 1459
1406 1458
1406 1459
1406 1460
1407 1408
1407 1460
1407 1461
1407 1462
1408 1461
1408 1462
1408 1463
1409 1463
1409 1464
1410 1411
1410 1465
1411 1412
1411 1465
1411 1466
1412 1413
1412 1465
1412 1466
1412 1467
1413 1414
1413 1466
1413 1467
1414 1415
1414 1467
1415 1416
1415 1468
1416 1468
1417 1418
1417 1469
1418 1419
1418 1469
1418 1470
1419 1420
1419 1469
1419 1470
1419 1471
1420 1470
1420 1471
1420 1472
1421 1422
1421 1474
1422 1423
1422 1474
1423 1424
1424 1425
1424 1475
1425 1426
1425 1475
1425 1476
1426 1427
1426 1475
1426 1476
1426 1477
1427 1476
1427 1477
1428 1429
1428 1478
1428 1479
1429 1430
1429 1478
1429 1479
1429 1480
1430 1431
1430 1479
1430 1480
1430 1481
1431 1432
1431 1480
1431 1481
1431 1482
1432 1433
1432 1481
1432 1482
1432 1483
1433 1434
1433 1482
1433 1483
1434 1435
1434 1483
1434 1484
1435 1484
1435 1485
1436 1485
1436 1486
1437 1486
1437 1487
1437 1488
1438 1488
1438 1489
1438 1490
1439 1490
1439 1491
1440 1441
1440 1492
1440 1493
1441 1442
1441 1493
1441 1494
1442 1443
1442 1493
1442 1494
1442 1495
1443 1444
1443 1494
1443 1495
1444 1495
1445 1446
1445 1496
1446 1447
1446 1496
1447 1448
1448 1497
1449 1450
1449 1497
1449 1498
1450 1451
1450 1498
1450 1499
1451 1452
1451 1499
1451 1500
1452 1499
1452 1500
1452 1501
1453 1454
1453 1501
1453 1502
1453 1503
1454 1455
1454 1502
1454 1503
1454 1504
1455 1456
1455 1503
1455 1504
1455 1505
1456 1504
1456 1505
1456 1506
1457 1458
1457 1506
1457 1507
1457 1508
1458 1459
1458 1507
1458 1508
1458 1509
1459 1460
1459 1508
1459 1509
1459 1510
1460 1461
1460 1509
1460 1510
1460 1511
1461 1462
1461 1510
1461 1511
1461 1512
1462 1463
1462 1511
1462 1512
1462 1513
1463 1464
1463 1512
1463 1513
1463 1514
1464 1513
1464 1514
1465 1466
1465 1515
1465 1516
1466 1467
1466 1516
1466 1517
1467 1516
1467 1517
1467 1518
1468 1519
1468 1520
1469 1470
1469 1521
1469 1522
1469 1523
1470 1471
1470 1522
1470 1523
1470 1524
1471 1472
1471 1523
1471 1524
1471 1525
1472 1473
1472 1524
1472 1525
1472 1526
1473 1525
1473 1526
1473 1527
1474 1527
1474 1528
1475 1476
1475 1530
1475 1531
1475 1532
1476 1477
1476 1531
1476 1532
1476 1533
1477 1532
1477 1533
1477 1534
1478 1479
1478 1534
1478 1535
1478 1536
1479 1480
1479 1535
1479 1536
1479 1537
1480 1481
1480 1536
1480 1537
1480 1538
1481 1482
1481 1537
1481 1538
1481 1539
1482 1483
1482 1538
1482 1539
1482 1540
1483 1539
1483 1540
1484 1485
1484 1541
1485 1541
1485 1542
1486 1487
1486 1542
1486 1543
1487 1488
1487 1543
1487 1544
1488 1489
1488 1543
1488 1544
1488 1545
1489 1490
1489 1544
1489 1545
1489 1546
1490 1491
1490 1545
1490 1546
1490 1547
1491 1546
1491 1547
1491 1548
1492 1548
1492 1549
1492 1550
1493 1494
1493 1550
1493 1551
1494 1495
1494 1551
1494 1552
1495 1552
1495 1553
1496 1554
1496 1555
1496 1556
1497 1498
1497 1558
1497 1559
1497 1560
1498 1559
1498 1560
1498 1561
1499 1500
1499 1561
1499 1562
1499 1563
1500 1501
1500 1562
1500 1563
1500 1564
1501 1502
1501 1563
1501 1564
1501 1565
1502 1503
1502 1564
1502 1565
1502 1566
1503 1504
1503 1565
1503 1566
1503 1567
1504 1505
1504 1566
1504 1567
1505 1506
1505 1567
1505 1568
1506 1507
1506 1568
1506 1569
1507 1508
1507 1568
1507 1569
1507 1570
1508 1509
1508 1569
1508 1570
1508 1571
1509 1510
1509 1570
1509 1571
1510 1511
1510 1571
1510 1572
1511 1512
1511 1572
1511 1573
1512 1513
1512 1572
1512 1573
1512 1574
1513 1514
1513 1573
1513 1574
1513 1575
1514 1574
1514 1575
1515 1576
1515 1577
1516 1517
1516 1577
1516 1578
1516 1579
1517 1518
1517 1578
1517 1579
1517 1580
1518 1519
1518 1579
1518 1580
1518 1581
1519 1520
1519 1580
1519 1581
1519 1582
1520 1581
1520 1582
1520 1583
1521 1522
1521 1583
1521 1584
1521 1585
1522 1523
1522 1584
1522 1585
1522 1586
1523 1524
1523 1585
1523 1586
1523 1587
1524 1525
1524 1586
1524 1587
1524 1588
1525 1526
1525 1587
1525 1588
1525 1589
1526 1527
1526 1588
1526 1589
1526 1590
1527 1589
1527 1590
1527 1591
1528 1529
1528 1591
1528 1592
1528 1593
1529 1530
1529 1592
1529 1593
1529 1594
1530 1531
1530 1593
1530 1594
1531 1532
1531 1594
1531 1595
1532 1533
1532 1595
1532 1596
1533 1534
1533 1595
1533 1596
1533 1597
1534 1535
1534 1596
1534 1597
1535 1536
1535 1597
1535 1598
1536 1537
1536 1598
1536 1599
1537 1538
1537 1598
1537 1599
1537 1600
1538 1539
1538 1599
1538 1600
1538 1601
1539 1540
1539 1600
1539 1601
1539 1602
1540 1601
1540 1602
1540 1603
1541 1603
1541 1604
1541 1605
1542 1605
1542 1606
1543 1544
1543 1607
1543 1608
1544 1545
1544 1607
1544 1608
1544 1609
1545 1546
1545 1608
1545 1609
1545 1610
1546 1547
1546 1609
1546 1610
1546 1611
1547 1548
1547 1610
1547 1611
1547 1612
1548 1549
1548 1611
1548 1612
1548 1613
1549 1550
1549 1612
1549 1613
1549 1614
1550 1551
1550 1613
1550 1614
1550 1615
1551 1614
1551 1615
1551 1616
1552 1553
1552 1616
1552 1617
1553 1554
1553 1617
1553 1618
1554 1555
1554 1618
1554 1619
1555 1556
1555 1618
1555 1619
1555 1620
1556 1557
1556 1619
1556 1620
1556 1621
1557 1558
1557 1620
1557 1621
1557 1622
1558 1559
1558 1621
1558 1622
1559 1560
1559 1622
1559 1623
1560 1561
1560 1623
1561 1562
1561 1623
1561 1624
1562 1563
1562 1624
1562 1625
1563 1564
1563 1624
1563 1625
1564 1565
1564 1625
1564 1626
1565 1566
1565 1626
1565 1627
1566 1567
1566 1626
1566 1627
1566 1628
1567 1627
1567 1628
1567 1629
1568 1569
1568 1629
1568 1630
1569 1570
1569 1630
1569 1631
1570 1571
1570 1631
1570 1632
1571 1631
1571 1632
1572 1573
1572 1633
1573 1574
1573 1633
1573 1634
1574 1575
1574 1634
1574 1635
1575 1634
1575 1635
1576 1577
1576 1636
1576 1637
1577 1578
1577 1636
1577 1637
1577 1638
1578 1579
1578 1637
1578 1638
1578 1639
1579 1580
1579 1638
1579 1639
1580 1581
1580 1639
1580 1640
1581 1582
1581 1640
1581 1641
1582 1583
1582 1640
1582 1641
1582 1642
1583 1584
1583 1641
1583 1642
1583 1643
1584 1585
1584 1642
1584 1643
1584 1644
1585 1586
1585 1643
1585 1644
1586 1587
1586 1644
1586 1645
1587 1588
1587 1645
1587 1646
1588 1589
1588 1645
1588 1646
1588 1647
1589 1590
1589 1646
1589 1647
1589 1648
1590 1591
1590 1647
1590 1648
1590 1649
1591 1592
1591 1648
1591 1649
1592 1593
1592 1649
1592 1650
1593 1594
1593 1650
1593 1651
1594 1650
1594 1651
1594 1652
1595 1596
1595 1652
1595 1653
1596 1597
1596 1653
1596 1654
1597 1654
1598 1599
1598 1655
1598 1656
1599 1600
1599 1655
1599 1656
1599 1657
1600 1601
1600 1656
1600 1657
1601 1602
1601 1657
1601 1658
1602 1603
1602 1658
1602 1659
1603 1604
1603 1658
1603 1659
1603 1660
1604 1605
1604 1659
1604 1660
1604 1661
1605 1606
1605 1660
1605 1661
1605 1662
1606 1661
1606 1662
1606 1663
1607 1608
1607 1663
1607 1664
1607 1665
1608 1609
1608 1664
1608 1665
1608 1666
1609 1610
1609 1665
1609 1666
1609 1667
1610 1611
1610 1666
1610 1667
1611 1612
1611 1667
1611 1668
1612 1613
1612 1668
1613 1614
1613 1668
1613 1669
1614 1615
1614 1669
1614 1670
1615 1616
1615 1669
1615 1670
1615 1671
1616 1617
1616 1670
1616 1671
1616 1672
1617 1671
1617 1672
1618 1619
1618 1673
1618 1674
1619 1620
1619 1673
1619 1674
1619 1675
1620 1621
1620 1674
1620 1675
1620 1676
1621 1622
1621 1675
1621 1676
1621 1677
1622 1676
1622 1677
1622 1678
1623 1678
1623 1679
1623 1680
1624 1625
1624 1680
1624 1681
1625 1681
1625 1682
1626 1627
1626 1682
1627 1628
1627 1683
1628 1629
1628 1683
1628 1684
1629 1630
1629 1683
1629 1684
1629 1685
1630 1684
1630 1685
1630 1686
1631 1632
1631 1686
1631 1687
1631 1688
1632 1687
1632 1688
1633 1689
1633 1690
1634 1635
1634 1690
1634 1691
1634 1692
1635 1691
1635 1692
1636 1637
1636 1693
1636 1694
1637 1638
1637 1693
1637 1694
1637 1695
1638 1639
1638 1694
1638 1695
1638 1696
1639 1695
1639 1696
1639 1697
1640 1641
1640 1697
1640 1698
1640 1699
1641 1642
1641 1698
1641 1699
1641 1700
1642 1643
1642 1699
1642 1700
1642 1701
1643 1644
1643 1700
1643 1701
1644 1701
1644 1702
1645 1646
1645 1702
1645 1703
1645 1704
1646 1647
1646 1703
1646 1704
1646 1705
1647 1648
1647 1704
1647 1705
1648 1649
1648 1705
1648 1706
1649 1706
1649 1707
1650 1651
1650 1707
1650 1708
1650 1709
1651 1652
1651 1708
1651 1709
1651 1710
1652 1653
1652 1709
1652 1710
1652 1711
1653 1710
1653 1711
1654 1712
1655 1656
1655 1713
1655 1714
1656 1657
1656 1713
1656 1714
1656 1715
1657 1714
1657 1715
1657 1716
1658 1659
1658 1716
1658 1717
1659 1660
1659 1717
1659 1718
1660 1661
1660 1717
1660 1718
1660 1719
1661 1662
1661 1718
1661 1719
1661 1720
1662 1663
1662 1719
1662 1720
1663 1664
1663 1720
1664 1665
1664 1721
1665 1666
1665 1721
1665 1722
1666 1667
1666 1721
1666 1722
1666 1723
1667 1722
1667 1723
1668 1724
1668 1725
1669 1670
1669 1725
1669 1726
1669 1727
1670 1671
1670 1726
1670 1727
1670 1728
1671 1672
1671 1727
1671 1728
1671 1729
1672 1728
1672 1729
1673 1674
1673 1730
1673 1731
1674 1675
1674 1730
1674 1731
1675 1676
1675 1731
1675 1732
1676 1677
1676 1732
1676 1733
1677 1678
1677 1732
1677 1733
1677 1734
1678 1679
1678 1733
1678 1734
1678 1735
1679 1680
1679 1734
1679 1735
1679 1736
1680 1681
1680 1735
1680 1736
1680 1737
1681 1736
1681 1737
1681 1738
1682 1738
1683 1684
1683 1739
1683 1740
1684 1685
1684 1740
1684 1741
1685 1686
1685 1741
1685 1742
1686 1687
1686 1741
1686 1742
1687 1688
1687 1742
1687 1743
1688 1743
1688 1744
1689 1690
1689 1744
1689 1745
1690 1691
1690 1745
1690 1746
1691 1692
1691 1745
1691 1746
1691 1747
1692 1746
1692 1747
1693 1694
1693 1748
1693 1749
1694 1695
1694 1748
1694 1749
1694 1750
1695 1696
1695 1749
1695 1750
1695 1751
1696 1697
1696 1750
1696 1751
1697 1698
1697 1751
1697 1752
1698 1699
1698 1752
1698 1753
1699 1700
1699 1752
1699 1753
1699 1754
1700 1701
1700 1753
1700 1754
1700 1755
1701 1754
1701 1755
1701 1756
1702 1703
1702 1756
1702 1757
1702 1758
1703 1704
1703 1757
1703 1758
1704 1705
1704 1758
1704 1759
1705 1759
1706 1707
1706 1760
1706 1761
1707 1708
1707 1760
1707 1761
1707 1762
1708 1709
1708 1761
1708 1762
1709 1710
1709 1762
1709 1763
1710 1711
1710 1763
1710 1764
1711 1763
1711 1764
1711 1765
1712 1765
1712 1766
1713 1714
1713 1766
1713 1767
1714 1715
1714 1767
1715 1716
1715 1767
1715 1768
1716 1768
1716 1769
1717 1718
1717 1769
1717 1770
1717 1771
1718 1719
1718 1770
1718 1771
1718 1772
1719 1720
1719 1771
1719 1772
1720 1772
1720 1773
1721 1722
1721 1774
1721 1775
1721 1776
1722 1723
1722 1775
1722 1776
1722 1777
1723 1776
1723 1777
1723 1778
1724 1725
1724 1778
1724 1779
1724 1780
1725 1726
1725 1779
1725 1780
1725 1781
1726 1727
1726 1780
1726 1781
1726 1782
1727 1728
1727 1781
1727 1782
1727 1783
1728 1729
1728 1782
1728 1783
1729 1783
1729 1784
1730 1731
1730 1784
1730 1785
1730 1786
1731 1785
1731 1786
1731 1787
1732 1733
1732 1787
1732 1788
1732 1789
1733 1734
1733 1788
1733 1789
1733 1790
1734 1735
1734 1789
1734 1790
1734 1791
1735 1736
1735 1790
1735 1791
1735 1792
1736 1737
1736 1791
1736 1792
1736 1793
1737 1738
1737 1792
1737 1793
1737 1794
1738 1793
1738 1794
1738 1795
1739 1740
1739 1796
1739 1797
1739 1798
1740 1797
1740 1798
1740 1799
1741 1742
1741 1799
1741 1800
1742 1800
1742 1801
1743 1744
1743 1801
1743 1802
1744 1802
1745 1746
1745 1803
1745 1804
1746 1747
1746 1803
1746 1804
1746 1805
1747 1804
1747 1805
1748 1749
1748 1806
1749 1750
1749 1806
1750 1751
1750 1806
1750 1807
1751 1807
1751 1808
1752 1753
1752 1808
1752 1809
1752 1810
1753 1754
1753 1809
1753 1810
1753 1811
1754 1755
1754 1810
1754 1811
1754 1812
1755 1756
1755 1811
1755 1812
1755 1813
1756 1757
1756 1812
1756 1813
1757 1758
1757 1813
1757 1814
1758 1814
1758 1815
1759 1815
1759 1816
1759 1817
1760 1761
1760 1817
1760 1818
1761 1762
1761 1818
1761 1819
1762 1818
1762 1819
1762 1820
1763 1764
1763 1820
1763 1821
1763 1822
1764 1765
1764 1821
1764 1822
1765 1822
1766 1823
1767 1823
1767 1824
1768 1769
1768 1824
1768 1825
1768 1826
1769 1770
1769 1825
1769 1826
1769 1827
1770 1771
1770 1826
1770 1827
1771 1772
1771 1827
1771 1828
1772 1828
1772 1829
1773 1774
1773 1829
1773 1830
1774 1775
1774 1830
1774 1831
1775 1776
1775 1830
1775 1831
1775 1832
1776 1777
1776 1831
1776 1832
1777 1778
1777 1832
1777 1833
1778 1779
1778 1833
1778 1834
1779 1780
1779 1833
1779 1834
1779 1835
1780 1781
1780 1834
1780 1835
1781 1782
1781 1835
1781 1836
1782 1783
1782 1836
1782 1837
1783 1836
1783 1837
1783 1838
1784 1785
1784 1838
1784 1839
1784 1840
1785 1786
1785 1839
1785 1840
1785 1841
1786 1787
1786 1840
1786 1841
1786 1842
1787 1788
1787 1841
1787 1842
1788 1789
1788 1842
1788 1843
1789 1790
1789 1843
1789 1844
1790 1791
1790 1843
1790 1844
1790 1845
1791 1792
1791 1844
1791 1845
1792 1793
1792 1845
1793 1794
1793 1846
1794 1795
1794 1846
1795 1796
1795 1846
1795 1847
1796 1797
1796 1847
1796 1848
1797 1798
1797 1847
1797 1848
1798 1799
1798 1848
1798 1849
1799 1800
1799 1849
1799 1850
1800 1849
1800 1850
1800 1851
1801 1851
1801 1852
1801 1853
1802 1853
1802 1854
1803 1804
1803 1855
1803 1856
1804 1805
1804 1855
1804 1856
1805 1856
1806 1857
1806 1858
1806 1859
1807 1808
1807 1859
1807 1860
1807 1861
1808 1809
1808 1860
1808 1861
1809 1810
1809 1861
1809 1862
1810 1811
1810 1862
1811 1812
1811 1862
1811 1863
1812 1813
1812 1863
1812 1864
1813 1863
1813 1864
1814 1815
1814 1865
1814 1866
1815 1816
1815 1865
1815 1866
1815 1867
1816 1817
1816 1866
1816 1867
1816 1868
1817 1867
1817 1868
1818 1819
1818 1869
1819 1820
1819 1869
1819 1870
1820 1821
1820 1870
1820 1871
1821 1822
1821 1870
1821 1871
1821 1872
1822 1871
1822 1872
1823 1873
1823 1874
1823 1875
1824 1825
1824 1875
1824 1876
1824 1877
1825 1826
1825 1876
1825 1877
1825 1878
1826 1827
1826 1877
1826 1878
1827 1878
1828 1829
1828 1879
1828 1880
1829 1879
1829 1880
1829 1881
1830 1831
1830 1881
1830 1882
1831 1832
1831 1882
1831 1883
1832 1882
1832 1883
1832 1884
1833 1834
1833 1884
1833 1885
1833 1886
1834 1835
1834 1885
1834 1886
1834 1887
1835 1886
1835 1887
1835 1888
1836 1837
1836 1888
1836 1889
1837 1838
1837 1889
1837 1890
1838 1839
1838 1889
1838 1890
1838 1891
1839 1840
1839 1890
1839 1891
1839 1892
1840 1841
1840 1891
1840 1892
1841 1842
1841 1892
1842 1893
1843 1844
1843 1893
1843 1894
1843 1895
1844 1845
1844 1894
1844 1895
1844 1896
1845 1895
1845 1896
1846 1897
1846 1898
1846 1899
1847 1848
1847 1899
1847 1900
1847 1901
1848 1900
1848 1901
1848 1902
1849 1850
1849 1902
1849 1903
1849 1904
1850 1851
1850 1903
1850 1904
1850 1905
1851 1852
1851 1904
1851 1905
1852 1853
1852 1905
1852 1906
1853 1854
1853 1906
1853 1907
1854 1906
1854 1907
1854 1908
1855 1856
1855 1908
1855 1909
1856 1909
1856 1910
1857 1858
1857 1911
1857 1912
1858 1859
1858 1911
1858 1912
1858 1913
1859 1860
1859 1912
1859 1913
1859 1914
1860 1861
1860 1913
1860 1914
1860 1915
1861 1914
1861 1915
1861 1916
1862 1916
1862 1917
1863 1864
1863 1917
1863 1918
1863 1919
1864 1918
1864 1919
1864 1920
1865 1866
1865 1920
1865 1921
1865 1922
1866 1867
1866 1921
1866 1922
1867 1868
1867 1922
1868 1923
1869 1923
1869 1924
1870 1871
1870 1925
1870 1926
1871 1872
1871 1925
1871 1926
1871 1927
1872 1926
1872 1927
1872 1928
1873 1874
1873 1929
1874 1875
1874 1929
1874 1930
1875 1876
1875 1929
1875 1930
1875 1931
1876 1877
1876 1930
1876 1931
1876 1932
1877 1878
1877 1931
1877 1932
1877 1933
1878 1932
1878 1933
1878 1934
1879 1880
1879 1935
1879 1936
1879 1937
1880 1881
1880 1936
1880 1937
1880 1938
1881 1937
1881 1938
1881 1939
1882 1883
1882 1939
1882 1940
1883 1884
1883 1940
1883 1941
1884 1885
1884 1941
1885 1886
1885 1941
1885 1942
1886 1887
1886 1942
1886 1943
1887 1888
1887 1942
1887 1943
1888 1943
1888 1944
1889 1890
1889 1944
1889 1945
1889 1946
1890 1891
1890 1945
1890 1946
1890 1947
1891 1892
1891 1946
1891 1947
1891 1948
1892 1947
1892 1948
1892 1949
1893 1894
1893 1950
1893 1951
1894 1895
1894 1951
1894 1952
1895 1896
1895 1951
1895 1952
1895 1953
1896 1952
1896 1953
1896 1954
1897 1898
1897 1954
1897 1955
1898 1899
1898 1955
1899 1900
1899 1955
1899 1956
1900 1901
1900 1956
1900 1957
1901 1902
1901 1956
1901 1957
1901 1958
1902 1903
1902 1957
1902 1958
1902 1959
1903 1904
1903 1958
1903 1959
1903 1960
1904 1905
1904 1959
1904 1960
1904 1961
1905 1960
1905 1961
1906 1907
1906 1962
1906 1963
1907 1908
1907 1962
1907 1963
1908 1963
1909 1910
1909 1964
1909 1965
1910 1964
1910 1965
1911 1912
1911 1966
1911 1967
1912 1913
1912 1966
1912 1967
1912 1968
1913 1914
1913 1967
1913 1968
1913 1969
1914 1915
1914 1968
1914 1969
1914 1970
1915 1916
1915 1969
1915 1970
1915 1971
1916 1970
1916 1971
1916 1972
1917 1918
1917 1972
1917 1973
1918 1919
1918 1973
1918 1974
1919 1920
1919 1973
1919 1974
1919 1975
1920 1921
1920 1974
1920 1975
1921 1922
1921 1975
1921 1976
1922 1976
1922 1977
1923 1924
1923 1978
1923 1979
1924 1979
1924 1980
1925 1926
1925 1980
1925 1981
1925 1982
1926 1927
1926 1981
1926 1982
1927 1928
1927 1982
1929 1930
1929 1983
1929 1984
1930 1931
1930 1983
1930 1984
1931 1932
1931 1984
1932 1933
1933 1934
1933 1985
1934 1935
1934 1985
1934 1986
1935 1936
1935 1985
1935 1986
1935 1987
1936 1937
1936 1986
1936 1987
1936 1988
1937 1938
1937 1987
1937 1988
1937 1989
1938 1939
1938 1988
1938 1989
1938 1990
1939 1940
1939 1989
1939 1990
1939 1991
1940 1990
1940 1991
1940 1992
1941 1992
1941 1993
1941 1994
1942 1943
1942 1994
1942 1995
1942 1996
1943 1995
1943 1996
1943 1997
1944 1945
1944 1997
1944 1998
1944 1999
1945 1946
1945 1998
1945 1999
1945 2000
1946 1947
1946 1999
1946 2000
1946 2001
1947 1948
1947 2000
1947 2001
1948 1949
1948 2001
1948 2002
1949 1950
1949 2002
1949 2003
1950 2002
1950 2003
1950 2004
1951 1952
1951 2004
1951 2005
1951 2006
1952 1953
1952 2005
1952 2006
1952 2007
1953 1954
1953 2006
1953 2007
1953 2008
1954 2007
1954 2008
1954 2009
1955 2009
1955 2010
1956 1957
1956 2011
1956 2012
1957 1958
1957 2011
1957 2012
1957 2013
1958 1959
1958 2012
1958 2013
1959 1960
1959 2013
1959 2014
1960 1961
1960 2014
1960 2015
1961 2014
1961 2015
1961 2016
1962 1963
1962 2016
1962 2017
1962 2018
1963 2017
1963 2018
1963 2019
1964 1965
1964 2020
1964 2021
1965 2021
1966 1967
1966 2022
1967 1968
1967 2022
1967 2023
1968 1969
1968 2022
1968 2023
1968 2024
1969 1970
1969 2023
1969 2024
1969 2025
1970 1971
1970 2024
1970 2025
1970 2026
1971 1972
1971 2025
1971 2026
1971 2027
1972 2026
1972 2027
1972 2028
1973 1974
1973 2028
1973 2029
1974 1975
1974 2029
1974 2030
1975 2029
1975 2030
1975 2031
1976 1977
1976 2031
1976 2032
1976 2033
1977 1978
1977 2032
1977 2033
1977 2034
1978 2033
1978 2034
1978 2035
1979 1980
1979 2035
1979 2036
1979 2037
1980 1981
1980 2036
1980 2037
1980 2038
1981 1982
1981 2037
1981 2038
1981 2039
1982 2038
1982 2039
1982 2040
1983 1984
1983 2042
1983 2043
1984 2042
1984 2043
1984 2044
1985 1986
1985 2046
1985 2047
1986 1987
1986 2047
1986 2048
1987 1988
1987 2048
1987 2049
1988 1989
1988 2048
1988 2049
1989 1990
1989 2049
1989 2050
1990 1991
1990 2050
1990 2051
1991 1992
1991 2050
1991 2051
1992 1993
1992 2051
1992 2052
1993 1994
1993 2052
1993 2053
1994 1995
1994 2052
1994 2053
1994 2054
1995 1996
1995 2053
1995 2054
1995 2055
1996 1997
1996 2054
1996 2055
1997 1998
1997 2055
1997 2056
1998 1999
1998 2056
1999 2000
1999 2056
1999 2057
2000 2001
2000 2057
2000 2058
2001 2057
2001 2058
2002 2003
2002 2059
2002 2060
2003 2004
2003 2059
2003 2060
2003 2061
2004 2005
2004 2060
2004 2061
2005 2006
2005 2061
2005 2062
2006 2007
2006 2062
2006 2063
2007 2008
2007 2062
2007 2063
2007 2064
2008 2009
2008 2063
2008 2064
2008 2065
2009 2010
2009 2064
2009 2065
2009 2066
2010 2065
2010 2066
2010 2067
2011 2012
2011 2067
2011 2068
2011 2069
2012 2013
2012 2068
2012 2069
2012 2070
2013 2069
2013 2070
2013 2071
2014 2015
2014 2071
2014 2072
2014 2073
2015 2016
2015 2072
2015 2073
2015 2074
2016 2017
2016 2073
2016 2074
2016 2075
2017 2018
2017 2074
2017 2075
2017 2076
2018 2019
2018 2075
2018 2076
2019 2020
2019 2076
2019 2077
2020 2021
2020 2077
2020 2078
2021 2077
2021 2078
2021 2079
2022 2023
2022 2080
2022 2081
2023 2024
2023 2081
2023 2082
2024 2025
2024 2082
2024 2083
2025 2026
2025 2082
2025 2083
2025 2084
2026 2027
2026 2083
2026 2084
2026 2085
2027 2028
2027 2084
2027 2085
2028 2085
2028 2086
2029 2030
2029 2086
2029 2087
2030 2031
2030 2087
2030 2088
2031 2032
2031 2088
2031 2089
2032 2033
2032 2088
2032 2089
2032 2090
2033 2034
2033 2089
2033 2090
2033 2091
2034 2035
2034 2090
2034 2091
2035 2036
2035 2091
2035 2092
2036 2037
2036 2092
2037 2038
2037 2092
2037 2093
2038 2039
2038 2093
2038 2094
2039 2040
2039 2093
2039 2094
2039 2095
2040 2094
2040 2095
2040 2096
2041 2096
2041 2097
2041 2098
2042 2043
2042 2098
2042 2099
2042 2100
2043 2044
2043 2099
2043 2100
2043 2101
2044 2045
2044 2100
2044 2101
2044 2102
2045 2046
2045 2101
2045 2102
2045 2103
2046 2047
2046 2102
2046 2103
2046 2104
2047 2103
2047 2104
2047 2105
2048 2049
2048 2105
2048 2106
2048 2107
2049 2106
2049 2107
2050 2051
2050 2108
2050 2109
2051 2108
2051 2109
2051 2110
2052 2053
2052 2110
2052 2111
2052 2112
2053 2054
2053 2111
2053 2112
2053 2113
2054 2055
2054 2112
2054 2113
2055 2113
2055 2114
2056 2114
2056 2115
2056 2116
2057 2058
2057 2116
2057 2117
2057 2118
2058 2117
2058 2118
2059 2060
2059 2119
2059 2120
2060 2061
2060 2119
2060 2120
2060 2121
2061 2120
2061 2121
2061 2122
2062 2063
2062 2122
2062 2123
2062 2124
2063 2064
2063 2123
2063 2124
2063 2125
2064 2065
2064 2124
2064 2125
2064 2126
2065 2066
2065 2125
2065 2126
2065 2127
2066 2067
2066 2126
2066 2127
2066 2128
2067 2068
2067 2127
2067 2128
2067 2129
2068 2069
2068 2128
2068 2129
2068 2130
2069 2070
2069 2129
2069 2130
2069 2131
2070 2071
2070 2130
2070 2131
2070 2132
2071 2072
2071 2131
2071 2132
2071 2133
2072 2073
2072 2132
2072 2133
2072 2134
2073 2074
2073 2133
2073 2134
2073 2135
2074 2075
2074 2134
2074 2135
2074 2136
2075 2076
2075 2135
2075 2136
2075 2137
2076 2136
2076 2137
2076 2138
2077 2078
2077 2138
2077 2139
2077 2140
2078 2079
2078 2139
2078 2140
2079 2140
2080 2081
2080 2141
2080 2142
2081 2141
2081 2142
2081 2143
2082 2083
2082 2143
2082 2144
2083 2084
2083 2144
2083 2145
2084 2085
2084 2144
2084 2145
2084 2146
2085 2145
2085 2146
2085 2147
2086 2087
2086 2147
2086 2148
2086 2149
2087 2148
2087 2149
2087 2150
2088 2089
2088 2150
2088 2151
2089 2090
2089 2151
2089 2152
2090 2091
2090 2151
2090 2152
2090 2153
2091 2152
2091 2153
2091 2154
2092 2154
2092 2155
2092 2156
2093 2094
2093 2156
2093 2157
2094 2095
2094 2157
2094 2158
2095 2096
2095 2158
2095 2159
2096 2097
2096 2158
2096 2159
2096 2160
2097 2098
2097 2159
2097 2160
2097 2161
2098 2099
2098 2160
2098 2161
2098 2162
2099 2100
2099 2161
2099 2162
2099 2163
2100 2101
2100 2162
2100 2163
2101 2102
2101 2163
2101 2164
2102 2103
2102 2164
2102 2165
2103 2104
2103 2164
2103 2165
2104 2105
2104 2165
2104 2166
2105 2106
2105 2166
2105 2167
2106 2107
2106 2166
2106 2167
2107 2167
2107 2168
2108 2109
2108 2168
2108 2169
2109 2110
2109 2169
2110 2111
2110 2169
2110 2170
2111 2112
2111 2170
2111 2171
2112 2113
2112 2170
2112 2171
2112 2172
2113 2171
2113 2172
2113 2173
2114 2115
2114 2173
2114 2174
2114 2175
2115 2116
2115 2174
2115 2175
2115 2176
2116 2117
2116 2175
2116 2176
2116 2177
2117 2118
2117 2176
2117 2177
2117 2178
2118 2177
2118 2178
2118 2179
2119 2120
2119 2179
2119 2180
2119 2181
2120 2121
2120 2180
2120 2181
2120 2182
2121 2122
2121 2181
2121 2182
2121 2183
2122 2123
2122 2182
2122 2183
2122 2184
2123 2124
2123 2183
2123 2184
2123 2185
2124 2125
2124 2184
2124 2185
2124 2186
2125 2126
2125 2185
2125 2186
2126 2127
2126 2186
2126 2187
2127 2128
2127 2187
2127 2188
2128 2129
2128 2187
2128 2188
2129 2130
2129 2188
2129 2189
2130 2131
2130 2189
2131 2132
2131 2189
2131 2190
2132 2133
2132 2190
2132 2191
2133 2134
2133 2190
2133 2191
2133 2192
2134 2135
2134 2191
2134 2192
2134 2193
2135 2136
2135 2192
2135 2193
2136 2137
2136 2193
2136 2194
2137 2138
2137 2194
2137 2195
2138 2139
2138 2194
2138 2195
2139 2140
2139 2195
2139 2196
2140 2196
2140 2197
2141 2142
2141 2198
2142 2143
2142 2198
2143 2198
2144 2145
2144 2199
2144 2200
2145 2146
2145 2199
2145 2200
2145 2201
2146 2147
2146 2200
2146 2201
2146 2202
2147 2148
2147 2201
2147 2202
2147 2203
2148 2149
2148 2202
2148 2203
2148 2204
2149 2150
2149 2203
2149 2204
2149 2205
2150 2204
2150 2205
2150 2206
2151 2152
2151 2206
2151 2207
2151 2208
2152 2153
2152 2207
2152 2208
2152 2209
2153 2154
2153 2208
2153 2209
2153 2210
2154 2155
2154 2209
2154 2210
2155 2156
2155 2210
2156 2157
2156 2211
2157 2211
2158 2159
2158 2212
2159 2160
2159 2212
2160 2161
2160 2212
2160 2213
2161 2162
2161 2213
2161 2214
2162 2163
2162 2213
2162 2214
2162 2215
2163 2214
2163 2215
2163 2216
2164 2165
2164 2216
2164 2217
2165 2217
2165 2218
2166 2167
2166 2218
2166 2219
2167 2219
2167 2220
2168 2220
2168 2221
2168 2222
2169 2222
2169 2223
2170 2171
2170 2223
2170 2224
2171 2172
2171 2224
2171 2225
2172 2173
2172 2225
2172 2226
2173 2174
2173 2225
2173 2226
2174 2175
2174 2226
2175 2176
2175 2227
2176 2177
2176 2227
2176 2228
2177 2178
2177 2227
2177 2228
2177 2229
2178 2179
2178 2228
2178 2229
2178 2230
2179 2180
2179 2229
2179 2230
2179 2231
2180 2181
2180 2230
2180 2231
2180 2232
2181 2182
2181 2231
2181 2232
2181 2233
2182 2183
2182 2232
2182 2233
2182 2234
2183 2184
2183 2233
2183 2234
2183 2235
2184 2185
2184 2234
2184 2235
2185 2186
2185 2235
2185 2236
2186 2236
2187 2188
2189 2237
2189 2238
2190 2191
2190 2238
2190 2239
2190 2240
2191 2192
2191 2239
2191 2240
2191 2241
2192 2193
2192 2240
2192 2241
2192 2242
2193 2241
2193 2242
2193 2243
2194 2195
2194 2243
2194 2244
2194 2245
2195 2244
2195 2245
2196 2197
2196 2246
2196 2247
2197 2246
2197 2247
2198 2248
2198 2249
2199 2200
2199 2250
2200 2201
2200 2250
2200 2251
2201 2202
2201 2251
2201 2252
2202 2203
2202 2251
2202 2252
2202 2253
2203 2204
2203 2252
2203 2253
2204 2205
2204 2253
2204 2254
2205 2206
2205 2254
2205 2255
2206 2207
2206 2254
2206 2255
2206 2256
2207 2208
2207 2255
2207 2256
2208 2209
2208 2256
2208 2257
2209 2210
2209 2257
2209 2258
2210 2257
2210 2258
2210 2259
2211 2260
2211 2261
2211 2262
2212 2263
2212 2264
2212 2265
2213 2214
2213 2265
2213 2266
2214 2215
2214 2266
2214 2267
2215 2216
2215 2266
2215 2267
2215 2268
2216 2217
2216 2267
2216 2268
2216 2269
2217 2268
2217 2269
2218 2219
2218 2270
2218 2271
2219 2270
2219 2271
2220 2221
2220 2272
2221 2222
2221 2272
2221 2273
2222 2272
2222 2273
2222 2274
2223 2224
2223 2274
2223 2275
2223 2276
2224 2275
2224 2276
2224 2277
2225 2226
2225 2277
2225 2278
2226 2278
2226 2279
2227 2228
2227 2280
2227 2281
2227 2282
2228 2229
2228 2281
2228 2282
2229 2230
2229 2282
2229 2283
2230 2231
2230 2283
2230 2284
2231 2232
2231 2283
2231 2284
2231 2285
2232 2233
2232 2284
2232 2285
2232 2286
2233 2234
2233 2285
2233 2286
2233 2287
2234 2235
2234 2286
2234 2287
2235 2287
2235 2288
2236 2288
2236 2289
2237 2238
2237 2292
2238 2239
2239 2240
2240 2241
2240 2293
2241 2242
2241 2293
2241 2294
2242 2243
2242 2293
2242 2294
2242 2295
2243 2244
2243 2294
2243 2295
2243 2296
2244 2245
2244 2295
2244 2296
2244 2297
2245 2296
2245 2297
2245 2298
2246 2247
2246 2298
2246 2299
2247 2299
2248 2249
2248 2300
2248 2301
2249 2300
2249 2301
2249 2302
2250 2302
2250 2303
2250 2304
2251 2252
2251 2304
2251 2305
2252 2253
2252 2305
2253 2305
2253 2306
2254 2255
2254 2306
2254 2307
2254 2308
2255 2256
2255 2307
2255 2308
2255 2309
2256 2308
2256 2309
2256 2310
2257 2258
2257 2310
2258 2259
2258 2311
2259 2260
2259 2311
2260 2261
2260 2311
2260 2312
2261 2262
2261 2312
2261 2313
2262 2263
2262 2312
2262 2313
2262 2314
2263 2264
2263 2313
2263 2314
2264 2265
2264 2314
2264 2315
2265 2315
2265 2316
2266 2267
2266 2316
2266 2317
2266 2318
2267 2268
2267 2317
2267 2318
2267 2319
2268 2269
2268 2318
2268 2319
2268 2320
2269 2319
2269 2320
2269 2321
2270 2271
2270 2321
2270 2322
2270 2323
2271 2322
2271 2323
2272 2273
2272 2324
2273 2274
2273 2325
2274 2275
2274 2325
2275 2276
2275 2325
2275 2326
2276 2277
2276 2326
2276 2327
2277 2278
2277 2326
2277 2327
2277 2328
2278 2327
2278 2328
2278 2329
2279 2280
2279 2329
2279 2330
2279 2331
2280 2281
2280 2330
2280 2331
2280 2332
2281 2282
2281 2331
2281 2332
2282 2332
2282 2333
2283 2284
2283 2333
2283 2334
2283 2335
2284 2285
2284 2334
2284 2335
2284 2336
2285 2286
2285 2335
2285 2336
2285 2337
2286 2287
2286 2336
2286 2337
2286 2338
2287 2337
2287 2338
2287 2339
2288 2289
2288 2339
2288 2340
2289 2340
2289 2341
2290 2291
2290 2341
2290 2342
2290 2343
2291 2292
2291 2342
2291 2343
2291 2344
2292 2343
2292 2344
2292 2345
2293 2294
2293 2348
2293 2349
2294 2295
2294 2348
2294 2349
2294 2350
2295 2296
2295 2349
2295 2350
2295 2351
2296 2297
2296 2350
2296 2351
2297 2298
2297 2351
2298 2299
2298 2352
2299 2352
2299 2353
2300 2301
2300 2354
2300 2355
2301 2302
2301 2355
2302 2303
2303 2304
2303 2356
2304 2356
2305 2357
2305 2358
2306 2307
2306 2358
2306 2359
2307 2308
2307 2359
2307 2360
2308 2309
2308 2360
2308 2361
2309 2310
2309 2360
2309 2361
2309 2362
2310 2361
2310 2362
2310 2363
2311 2364
2311 2365
2312 2313
2312 2365
2312 2366
2312 2367
2313 2314
2313 2366
2313 2367
2313 2368
2314 2367
2314 2368
2314 2369
2315 2316
2315 2369
2315 2370
2316 2317
2316 2370
2317 2318
2317 2371
2318 2319
2318 2371
2318 2372
2319 2320
2319 2371
2319 2372
2320 2321
2320 2372
2320 2373
2321 2322
2321 2373
2321 2374
2322 2323
2322 2373
2322 2374
2322 2375
2323 2374
2323 2375
2323 2376
2324 2376
2324 2377
2325 2378
2325 2379
2326 2327
2326 2380
2326 2381
2327 2328
2327 2380
2327 2381
2327 2382
2328 2329
2328 2381
2328 2382
2328 2383
2329 2330
2329 2382
2329 2383
2329 2384
2330 2331
2330 2383
2330 2384
2330 2385
2331 2332
2331 2384
2331 2385
2331 2386
2332 2385
2332 2386
2332 2387
2333 2334
2333 2387
2333 2388
2333 2389
2334 2335
2334 2388
2334 2389
2334 2390
2335 2336
2335 2389
2335 2390
2335 2391
2336 2337
2336 2390
2336 2391
2336 2392
2337 2338
2337 2391
2337 2392
2337 2393
2338 2339
2338 2392
2338 2393
2338 2394
2339 2340
2339 2393
2339 2394
2339 2395
2340 2394
2340 2395
2341 2342
2341 2396
2341 2397
2342 2343
2342 2396
2342 2397
2342 2398
2343 2344
2343 2397
2343 2398
2343 2399
2344 2345
2344 2398
2344 2399
2344 2400
2345 2346
2345 2399
2345 2400
2346 2347
2346 2400
2346 2401
2347 2401
2347 2402
2348 2349
2348 2402
2348 2403
2349 2350
2349 2403
2350 2351
2350 2403
2350 2404
2351 2404
2351 2405
2352 2353
2352 2406
2352 2407
2352 2408
2353 2407
2353 2408
2354 2355
2354 2409
2354 2410
2355 2409
2355 2410
2355 2411
2356 2413
2356 2414
2356 2415
2357 2358
2357 2415
2357 2416
2357 2417
2358 2359
2358 2416
2358 2417
2358 2418
2359 2417
2359 2418
2359 2419
2360 2361
2360 2419
2360 2420
2361 2362
2361 2420
2361 2421
2362 2363
2362 2420
2362 2421
2362 2422
2363 2364
2363 2421
2363 2422
2364 2422
2364 2423
2365 2366
2365 2423
2365 2424
2365 2425
2366 2367
2366 2424
2366 2425
2366 2426
2367 2368
2367 2425
2367 2426
2367 2427
2368 2369
2368 2426
2368 2427
2368 2428
2369 2370
2369 2427
2369 2428
2370 2428
2370 2429
2371 2372
2371 2430
2372 2430
2372 2431
2373 2374
2373 2431
2373 2432
2373 2433
2374 2375
2374 2432
2374 2433
2374 2434
2375 2376
2375 2433
2375 2434
2375 2435
2376 2377
2376 2434
2376 2435
2376 2436
2377 2435
2377 2436
2377 2437
2378 2379
2378 2437
2378 2438
2378 2439
2379 2438
2379 2439
2379 2440
2380 2381
2380 2440
2380 2441
2380 2442
2381 2382
2381 2441
2381 2442
2381 2443
2382 2383
2382 2442
2382 2443
2382 2444
2383 2384
2383 2443
2383 2444
2383 2445
2384 2385
2384 2444
2384 2445
2384 2446
2385 2386
2385 2445
2385 2446
2385 2447
2386 2387
2386 2446
2386 2447
2386 2448
2387 2388
2387 2447
2387 2448
2387 2449
2388 2389
2388 2448
2388 2449
2388 2450
2389 2390
2389 2449
2389 2450
2389 2451
2390 2391
2390 2450
2390 2451
2391 2392
2391 2451
2391 2452
2392 2393
2392 2452
2392 2453
2393 2394
2393 2452
2393 2453
2394 2395
2394 2453
2394 2454
2395 2454
2395 2455
2396 2397
2396 2455
2396 2456
2396 2457
2397 2398
2397 2456
2397 2457
2397 2458
2398 2399
2398 2457
2398 2458
2398 2459
2399 2400
2399 2458
2399 2459
2399 2460
2400 2459
2400 2460
2401 2402
2401 2461
2402 2461
2403 2462
2403 2463
2404 2405
2404 2463
2404 2464
2404 2465
2405 2406
2405 2464
2405 2465
2406 2407
2406 2465
2406 2466
2407 2408
2407 2466
2407 2467
2408 2466
2408 2467
2409 2410
2409 2468
2409 2469
2410 2411
2410 2468
2410 2469
2410 2470
2411 2412
2411 2469
2411 2470
2411 2471
2412 2413
2412 2470
2412 2471
2412 2472
2413 2414
2413 2471
2413 2472
2413 2473
2414 2415
2414 2472
2414 2473
2414 2474
2415 2416
2415 2473
2415 2474
2415 2475
2416 2417
2416 2474
2416 2475
2417 2418
2417 2475
2417 2476
2418 2419
2418 2476
2418 2477
2419 2476
2419 2477
2419 2478
2420 2421
2420 2478
2420 2479
2420 2480
2421 2422
2421 2479
2421 2480
2422 2480
2423 2424
2423 2481
2423 2482
2424 2425
2424 2481
2424 2482
2424 2483
2425 2426
2425 2482
2425 2483
2426 2427
2426 2483
2426 2484
2427 2428
2427 2484
2427 2485
2428 2484
2428 2485
2428 2486
2429 2486
2429 2487
2429 2488
2430 2488
2430 2489
2430 2490
2431 2432
2431 2490
2431 2491
2432 2433
2432 2491
2432 2492
2433 2434
2433 2491
2433 2492
2434 2435
2434 2492
2434 2493
2435 2436
2435 2493
2435 2494
2436 2437
2436 2493
2436 2494
2436 2495
2437 2438
2437 2494
2437 2495
2437 2496
2438 2439
2438 2495
2438 2496
2438 2497
2439 2440
2439 2496
2439 2497
2439 2498
2440 2441
2440 2497
2440 2498
2440 2499
2441 2442
2441 2498
2441 2499
2441 2500
2442 2443
2442 2499
2442 2500
2442 2501
2443 2444
2443 2500
2443 2501
2443 2502
2444 2445
2444 2501
2444 2502
2444 2503
2445 2446
2445 2502
2445 2503
2445 2504
2446 2447
2446 2503
2446 2504
2447 2448
2447 2504
2447 2505
2448 2449
2448 2505
2448 2506
2449 2450
2449 2505
2449 2506
2449 2507
2450 2451
2450 2506
2450 2507
2450 2508
2451 2507
2451 2508
2452 2453
2452 2509
2453 2509
2454 2455
2454 2510
2454 2511
2455 2456
2455 2510
2455 2511
2456 2457
2456 2511
2456 2512
2457 2458
2457 2512
2457 2513
2458 2459
2458 2512
2458 2513
2458 2514
2459 2460
2459 2513
2459 2514
2459 2515
2460 2514
2460 2515
2460 2516
2461 2517
2461 2518
2462 2463
2462 2519
2463 2464
2463 2519
2463 2520
2464 2465
2464 2519
2464 2520
2464 2521
2465 2520
2465 2521
2465 2522
2466 2467
2466 2522
2468 2469
2468 2523
2469 2470
2469 2523
2469 2524
2470 2471
2470 2523
2470 2524
2471 2472
2471 2524
2472 2473
2472 2525
2473 2474
2473 2525
2473 2526
2474 2475
2474 2525
2474 2526
2474 2527
2475 2526
2475 2527
2475 2528
2476 2477
2476 2528
2476 2529
2477 2478
2477 2529
2477 2530
2478 2479
2478 2529
2478 2530
2478 2531
2479 2480
2479 2530
2479 2531
2479 2532
2480 2531
2480 2532
2480 2533
2481 2482
2481 2534
2481 2535
2481 2536
2482 2483
2482 2535
2482 2536
2482 2537
2483 2536
2483 2537
2483 2538
2484 2485
2484 2538
2484 2539
2484 2540
2485 2486
2485 2539
2485 2540
2485 2541
2486 2487
2486 2540
2486 2541
2486 2542
2487 2488
2487 2541
2487 2542
2488 2489
2488 2542
2488 2543
2489 2490
2489 2543
2490 2543
2491 2492
2491 2544
2492 2544
2492 2545
2493 2494
2493 2545
2493 2546
2493 2547
2494 2495
2494 2546
2494 2547
2494 2548
2495 2496
2495 2547
2495 2548
2495 2549
2496 2497
2496 2548
2496 2549
2496 2550
2497 2498
2497 2549
2497 2550
2497 2551
2498 2499
2498 2550
2498 2551
2498 2552
2499 2500
2499 2551
2499 2552
2499 2553
2500 2501
2500 2552
2500 2553
2500 2554
2501 2502
2501 2553
2501 2554
2501 2555
2502 2503
2502 2554
2502 2555
2502 2556
2503 2504
2503 2555
2503 2556
2504 2556
2504 2557
2505 2506
2505 2557
2505 2558
2505 2559
2506 2507
2506 2558
2506 2559
2506 2560
2507 2508
2507 2559
2507 2560
2507 2561
2508 2560
2508 2561
2508 2562
2509 2563
2509 2564
2510 2511
2510 2564
2510 2565
2510 2566
2511 2565
2511 2566
2511 2567
2512 2513
2512 2567
2512 2568
2512 2569
2513 2514
2513 2568
2513 2569
2513 2570
2514 2515
2514 2569
2514 2570
2514 2571
2515 2516
2515 2570
2515 2571
2515 2572
2516 2517
2516 2571
2516 2572
2516 2573
2517 2518
2517 2572
2517 2573
2517 2574
2518 2573
2518 2574
2518 2575
2519 2520
2519 2576
2519 2577
2519 2578
2520 2521
2520 2577
2520 2578
2520 2579
2521 2522
2521 2578
2521 2579
2522 2579
2522 2580
2523 2524
2523 2582
2523 2583
2524 2583
2525 2526
2525 2584
2525 2585
2525 2586
2526 2527
2526 2585
2526 2586
2526 2587
2527 2528
2527 2586
2527 2587
2528 2587
2528 2588
2529 2530
2529 2588
2529 2589
2530 2531
2530 2589
2531 2532
2531 2589
2531 2590
2532 2533
2532 2590
2532 2591
2533 2534
2533 2590
2533 2591
2533 2592
2534 2535
2534 2591
2534 2592
2535 2536
2535 2592
2535 2593
2536 2537
2536 2593
2537 2538
2537 2593
2537 2594
2538 2539
2538 2594
2538 2595
2539 2540
2539 2594
2539 2595
2539 2596
2540 2541
2540 2595
2540 2596
2540 2597
2541 2542
2541 2596
2541 2597
2541 2598
2542 2597
2542 2598
2543 2599
2543 2600
2544 2601
2544 2602
2544 2603
2545 2546
2545 2603
2545 2604
2545 2605
2546 2547
2546 2604
2546 2605
2546 2606
2547 2548
2547 2605
2547 2606
2547 2607
2548 2549
2548 2606
2548 2607
2548 2608
2549 2550
2549 2607
2549 2608
2550 2551
2550 2608
2550 2609
2551 2552
2551 2609
2551 2610
2552 2553
2552 2609
2552 2610
2552 2611
2553 2554
2553 2610
2553 2611
2553 2612
2554 2555
2554 2611
2554 2612
2554 2613
2555 2556
2555 2612
2555 2613
2555 2614
2556 2613
2556 2614
2557 2558
2557 2615
2558 2559
2558 2615
2558 2616
2559 2560
2559 2615
2559 2616
2559 2617
2560 2561
2560 2616
2560 2617
2561 2562
2561 2617
2562 2563
2562 2618
2563 2618
2564 2565
2564 2619
2565 2566
2565 2619
2565 2620
2566 2567
2566 2620
2566 2621
2567 2568
2567 2620
2567 2621
2567 2622
2568 2569
2568 2621
2568 2622
2568 2623
2569 2570
2569 2622
2569 2623
2569 2624
2570 2571
2570 2623
2570 2624
2570 2625
2571 2572
2571 2624
2571 2625
2571 2626
2572 2573
2572 2625
2572 2626
2572 2627
2573 2574
2573 2626
2573 2627
2573 2628
2574 2575
2574 2627
2574 2628
2574 2629
2575 2576
2575 2628
2575 2629
2575 2630
2576 2577
2576 2629
2576 2630
2576 2631
2577 2578
2577 2630
2577 2631
2577 2632
2578 2579
2578 2631
2578 2632
2578 2633
2579 2632
2579 2633
2579 2634
2580 2581
2580 2634
2580 2635
2580 2636
2581 2635
2581 2636
2582 2637
2582 2638
2583 2638
2583 2639
2583 2640
2584 2585
2584 2640
2584 2641
2584 2642
2585 2586
2585 2641
2585 2642
2585 2643
2586 2587
2586 2642
2586 2643
2586 2644
2587 2643
2587 2644
2587 2645
2588 2645
2588 2646
2588 2647
2589 2647
2589 2648
2589 2649
2590 2591
2590 2649
2590 2650
2590 2651
2591 2592
2591 2650
2591 2651
2591 2652
2592 2651
2592 2652
2592 2653
2593 2653
2593 2654
2593 2655
2594 2595
2594 2655
2594 2656
2594 2657
2595 2596
2595 2656
2595 2657
2595 2658
2596 2597
2596 2657
2596 2658
2596 2659
2597 2598
2597 2658
2597 2659
2597 2660
2598 2659
2598 2660
2599 2600
2599 2661
2599 2662
2600 2601
2600 2661
2600 2662
2600 2663
2601 2602
2601 2662
2601 2663
2601 2664
2602 2603
2602 2663
2602 2664
2602 2665
2603 2604
2603 2664
2603 2665
2603 2666
2604 2605
2604 2665
2604 2666
2604 2667
2605 2606
2605 2666
2605 2667
2605 2668
2606 2607
2606 2667
2606 2668
2607 2608
2607 2668
2608 2669
2609 2610
2609 2669
2609 2670
2609 2671
2610 2611
2610 2670
2610 2671
2610 2672
2611 2612
2611 2671
2611 2672
2611 2673
2612 2613
2612 2672
2612 2673
2612 2674
2613 2614
2613 2673
2613 2674
2613 2675
2614 2674
2614 2675
2614 2676
2615 2616
2615 2677
2615 2678
2615 2679
2616 2617
2616 2678
2616 2679
2616 2680
2617 2679
2617 2680
2617 2681
2618 2682
2618 2683
2619 2683
2619 2684
2620 2621
2620 2685
2620 2686
2621 2622
2621 2685
2621 2686
2621 2687
2622 2623
2622 2686
2622 2687
2622 2688
2623 2624
2623 2687
2623 2688
2623 2689
2624 2625
2624 2688
2624 2689
2625 2626
2625 2689
2626 2627
2626 2690
2627 2628
2627 2690
2627 2691
2628 2629
2628 2690
2628 2691
2628 2692
2629 2630
2629 2691
2629 2692
2629 2693
2630 2631
2630 2692
2630 2693
2631 2632
2631 2693
2631 2694
2632 2633
2632 2694
2632 2695
2633 2634
2633 2694
2633 2695
2633 2696
2634 2635
2634 2695
2634 2696
2634 2697
2635 2636
2635 2696
2635 2697
2635 2698
2636 2697
2636 2698
2637 2638
2637 2699
2638 2639
2638 2699
2639 2640
2639 2700
2640 2641
2640 2700
2640 2701
2641 2642
2641 2700
2641 2701
2642 2643
2642 2701
2642 2702
2643 2644
2643 2702
2644 2645
2644 2702
2644 2703
2645 2646
2645 2703
2645 2704
2646 2647
2646 2703
2646 2704
2646 2705
2647 2648
2647 2704
2647 2705
2647 2706
2648 2649
2648 2705
2648 2706
2649 2650
2649 2706
2649 2707
2650 2651
2650 2707
2651 2652
2651 2707
2651 2708
2652 2653
2652 2708
2652 2709
2653 2654
2653 2708
2653 2709
2653 2710
2654 2655
2654 2709
2654 2710
2654 2711
2655 2656
2655 2710
2655 2711
2656 2657
2656 2711
2656 2712
2657 2658
2657 2712
2657 2713
2658 2659
2658 2712
2658 2713
2658 2714
2659 2660
2659 2713
2659 2714
2659 2715
2660 2714
2660 2715
2660 2716
2661 2662
2661 2716
2661 2717
2662 2663
2662 2717
2662 2718
2663 2664
2663 2718
2664 2665
2664 2718
2664 2719
2665 2666
2665 2719
2665 2720
2666 2667
2666 2719
2666 2720
2666 2721
2667 2668
2667 2720
2667 2721
2667 2722
2668 2721
2668 2722
2668 2723
2669 2670
2669 2724
2669 2725
2670 2671
2670 2725
2671 2672
2671 2726
2672 2673
2672 2726
2672 2727
2673 2674
2673 2726
2673 2727
2673 2728
2674 2675
2674 2727
2674 2728
2674 2729
2675 2676
2675 2728
2675 2729
2675 2730
2676 2677
2676 2729
2676 2730
2676 2731
2677 2678
2677 2730
2677 2731
2678 2679
2678 2731
2678 2732
2679 2680
2679 2732
2679 2733
2680 2681
2680 2732
2680 2733
2680 2734
2681 2733
2681 2734
2681 2735
2682 2683
2682 2735
2682 2736
2682 2737
2683 2684
2683 2736
2683 2737
2683 2738
2684 2737
2684 2738
2684 2739
2685 2686
2685 2739
2685 2740
2685 2741
2686 2687
2686 2740
2686 2741
2686 2742
2687 2688
2687 2741
2687 2742
2688 2689
2688 2742
2688 2743
2689 2743
2689 2744
2690 2691
2690 2745
2690 2746
2691 2692
2691 2746
2691 2747
2692 2693
2692 2747
2693 2747
2694 2695
2694 2748
2694 2749
2695 2696
2695 2748
2695 2749
2695 2750
2696 2697
2696 2749
2696 2750
2697 2698
2697 2750
2697 2751
2698 2751
2699 2752
2699 2753
2700 2701
2700 2754
2700 2755
2700 2756
2701 2755
2701 2756
2701 2757
2702 2757
2702 2758
2702 2759
2703 2704
2703 2759
2703 2760
2704 2705
2704 2760
2704 2761
2705 2706
2705 2761
2705 2762
2706 2761
2706 2762
2706 2763
2707 2763
2707 2764
2707 2765
2708 2709
2708 2765
2708 2766
2709 2710
2709 2766
2709 2767
2710 2711
2710 2766
2710 2767
2710 2768
2711 2767
2711 2768
2711 2769
2712 2713
2712 2769
2712 2770
2712 2771
2713 2714
2713 2770
2713 2771
2714 2715
2714 2771
2714 2772
2715 2716
2715 2772
2716 2717
2716 2772
2716 2773
2717 2773
2717 2774
2718 2774
2718 2775
2718 2776
2719 2720
2719 2776
2719 2777
2719 2778
2720 2721
2720 2777
2720 2778
2720 2779
2721 2722
2721 2778
2721 2779
2721 2780
2722 2723
2722 2779
2722 2780
2722 2781
2723 2724
2723 2780
2723 2781
2723 2782
2724 2725
2724 2781
2724 2782
2724 2783
2725 2782
2725 2783
2726 2727
2726 2784
2726 2785
2726 2786
2727 2728
2727 2785
2727 2786
2727 2787
2728 2729
2728 2786
2728 2787
2729 2730
2729 2787
2729 2788
2730 2731
2730 2788
2731 2788
2731 2789
2732 2733
2732 2789
2732 2790
2733 2734
2733 2790
2733 2791
2734 2735
2734 2791
2734 2792
2735 2736
2735 2791
2735 2792
2736 2737
2736 2792
2737 2738
2737 2793
2738 2739
2738 2793
2738 2794
2739 2740
2739 2793
2739 2794
2739 2795
2740 2741
2740 2794
2740 2795
2740 2796
2741 2742
2741 2795
2741 2796
2741 2797
2742 2796
2742 2797
2742 2798
2743 2744
2743 2798
2743 2799
2743 2800
2744 2745
2744 2799
2744 2800
2744 2801
2745 2746
2745 2800
2745 2801
2746 2801
2746 2802
2747 2802
2747 2803
2747 2804
2748 2749
2748 2805
2748 2806
2748 2807
2749 2750
2749 2806
2749 2807
2750 2807
2752 2753
2752 2808
2752 2809
2753 2754
2753 2808
2753 2809
2753 2810
2754 2755
2754 2809
2754 2810
2754 2811
2755 2756
2755 2810
2755 2811
2755 2812
2756 2757
2756 2811
2756 2812
2756 2813
2757 2758
2757 2812
2757 2813
2757 2814
2758 2759
2758 2813
2758 2814
2758 2815
2759 2760
2759 2814
2759 2815
2760 2815
2760 2816
2761 2762
2761 2816
2761 2817
2762 2763
2762 2817
2762 2818
2763 2764
2763 2818
2764 2765
2764 2818
2765 2819
2766 2767
2766 2819
2766 2820
2766 2821
2767 2768
2767 2820
2767 2821
2767 2822
2768 2769
2768 2821
2768 2822
2769 2770
2769 2822
2769 2823
2770 2771
2770 2823
2770 2824
2771 2823
2771 2824
2771 2825
2772 2825
2772 2826
2773 2774
2773 2827
2773 2828
2774 2775
2774 2827
2774 2828
2774 2829
2775 2776
2775 2828
2775 2829
2775 2830
2776 2777
2776 2829
2776 2830
2777 2778
2777 2830
2777 2831
2778 2779
2778 2831
2778 2832
2779 2780
2779 2831
2779 2832
2779 2833
2780 2781
2780 2832
2780 2833
2780 2834
2781 2782
2781 2833
2781 2834
2781 2835
2782 2783
2782 2834
2782 2835
2782 2836
2783 2835
2783 2836
2784 2785
2784 2837
2784 2838
2785 2786
2785 2837
2785 2838
2785 2839
2786 2787
2786 2838
2786 2839
2787 2839
2787 2840
2788 2840
2788 2841
2788 2842
2789 2790
2789 2842
2789 2843
2789 2844
2790 2843
2790 2844
2790 2845
2791 2792
2791 2845
2791 2846
2791 2847
2792 2846
2792 2847
2792 2848
2793 2794
2793 2849
2794 2795
2794 2849
2794 2850
2795 2796
2795 2849
2795 2850
2796 2797
2796 2850
2796 2851
2797 2798
2797 2851
2797 2852
2798 2799
2798 2851
2798 2852
2798 2853
2799 2800
2799 2852
2799 2853
2799 2854
2800 2801
2800 2853
2800 2854
2800 2855
2801 2854
2801 2855
2801 2856
2802 2803
2802 2856
2802 2857
2802 2858
2803 2804
2803 2857
2803 2858
2803 2859
2804 2805
2804 2858
2804 2859
2804 2860
2805 2806
2805 2859
2805 2860
2805 2861
2806 2807
2806 2860
2806 2861
2806 2862
2807 2861
2807 2862
2807 2863
2808 2809
2808 2866
2808 2867
2809 2810
2809 2866
2809 2867
2810 2811
2810 2867
2810 2868
2811 2812
2811 2868
2811 2869
2812 2813
2812 2868
2812 2869
2812 2870
2813 2814
2813 2869
2813 2870
2813 2871
2814 2815
2814 2870
2814 2871
2814 2872
2815 2871
2815 2872
2815 2873
2816 2817
2816 2873
2816 2874
2816 2875
2817 2874
2817 2875
2817 2876
2818 2876
2818 2877
2818 2878
2819 2820
2819 2879
2819 2880
2820 2821
2820 2880
2820 2881
2821 2822
2821 2880
2821 2881
2821 2882
2822 2881
2822 2882
2822 2883
2823 2824
2823 2883
2823 2884
2824 2825
2824 2884
2824 2885
2825 2826
2825 2885
2825 2886
2826 2885
2826 2886
2827 2828
2827 2887
2828 2829
2828 2887
2828 2888
2829 2830
2829 2887
2829 2888
2829 2889
2830 2888
2830 2889
2830 2890
2831 2832
2831 2890
2831 2891
2831 2892
2832 2833
2832 2891
2832 2892
2833 2834
2833 2892
2833 2893
2834 2835
2834 2893
2834 2894
2835 2836
2835 2893
2835 2894
2835 2895
2836 2894
2836 2895
2837 2838
2837 2896
2837 2897
2838 2839
2838 2896
2838 2897
2838 2898
2839 2897
2839 2898
2839 2899
2840 2841
2840 2899
2840 2900
2841 2842
2841 2900
2842 2843
2842 2901
2843 2844
2843 2901
2843 2902
2844 2845
2844 2901
2844 2902
2845 2846
2845 2902
2845 2903
2846 2847
2846 2903
2846 2904
2847 2848
2847 2903
2847 2904
2847 2905
2848 2904
2848 2905
2848 2906
2849 2850
2849 2907
2849 2908
2850 2908
2850 2909
2851 2852
2851 2909
2851 2910
2852 2853
2852 2910
2852 2911
2853 2854
2853 2910
2853 2911
2853 2912
2854 2855
2854 2911
2854 2912
2854 2913
2855 2856
2855 2912
2855 2913
2855 2914
2856 2857
2856 2913
2856 2914
2856 2915
2857 2858
2857 2914
2857 2915
2857 2916
2858 2859
2858 2915
2858 2916
2859 2860
2859 2916
2859 2917
2860 2861
2860 2917
2860 2918
2861 2862
2861 2917
2861 2918
2861 2919
2862 2863
2862 2918
2862 2919
2862 2920
2863 2864
2863 2919
2863 2920
2863 2921
2864 2865
2864 2920
2864 2921
2864 2922
2865 2921
2865 2922
2866 2867
2866 2923
2866 2924
2867 2923
2867 2924
2867 2925
2868 2869
2868 2925
2868 2926
2869 2870
2869 2926
2869 2927
2870 2871
2870 2926
2870 2927
2870 2928
2871 2872
2871 2927
2871 2928
2871 2929
2872 2873
2872 2928
2872 2929
2872 2930
2873 2874
2873 2929
2873 2930
2873 2931
2874 2875
2874 2930
2874 2931
2874 2932
2875 2876
2875 2931
2875 2932
2875 2933
2876 2877
2876 2932
2876 2933
2876 2934
2877 2878
2877 2933
2877 2934
2877 2935
2878 2879
2878 2934
2878 2935
2878 2936
2879 2935
2879 2936
2880 2881
2880 2937
2881 2882
2881 2937
2881 2938
2882 2883
2882 2938
2882 2939
2883 2884
2883 2938
2883 2939
2883 2940
2884 2939
2884 2940
2885 2886
2885 2941
2885 2942
2886 2941
2886 2942
2886 2943
2887 2888
2887 2944
2887 2945
2887 2946
2888 2889
2888 2945
2888 2946
2888 2947
2889 2890
2889 2946
2889 2947
2889 2948
2890 2891
2890 2947
2890 2948
2890 2949
2891 2892
2891 2948
2891 2949
2891 2950
2892 2949
2892 2950
2892 2951
2893 2894
2893 2951
2893 2952
2893 2953
2894 2895
2894 2952
2894 2953
2894 2954
2895 2953
2895 2954
2895 2955
2896 2897
2896 2955
2896 2956
2896 2957
2897 2898
2897 2956
2897 2957
2897 2958
2898 2899
2898 2957
2898 2958
2898 2959
2899 2900
2899 2958
2899 2959
2899 2960
2900 2959
2900 2960
2900 2961
2901 2902
2901 2962
2901 2963
2902 2963
2902 2964
2903 2904
2903 2964
2903 2965
2904 2905
2904 2965
2904 2966
2905 2906
2905 2965
2905 2966
2905 2967
2906 2907
2906 2966
2906 2967
2907 2967
2907 2968
2908 2909
2908 2968
2908 2969
2908 2970
2909 2969
2909 2970
2909 2971
2910 2911
2910 2971
2910 2972
2910 2973
2911 2912
2911 2972
2911 2973
2911 2974
2912 2913
2912 2973
2912 2974
2912 2975
2913 2914
2913 2974
2913 2975
2913 2976
2914 2915
2914 2975
2914 2976
2915 2916
2915 2976
2915 2977
2916 2977
2916 2978
2917 2918
2917 2978
2917 2979
2918 2919
2918 2979
2918 2980
2919 2920
2919 2979
2919 2980
2919 2981
2920 2921
2920 2980
2920 2981
2920 2982
2921 2922
2921 2981
2921 2982
2921 2983
2922 2982
2922 2983
2923 2924
2923 2984
2924 2925
2924 2984
2924 2985
2925 2984
2925 2985
2925 2986
2926 2927
2926 2986
2926 2987
2926 2988
2927 2928
2927 2987
2927 2988
2927 2989
2928 2929
2928 2988
2928 2989
2928 2990
2929 2930
2929 2989
2929 2990
2929 2991
2930 2931
2930 2990
2930 2991
2930 2992
2931 2932
2931 2991
2931 2992
2931 2993
2932 2933
2932 2992
2932 2993
2932 2994
2933 2934
2933 2993
2933 2994
2933 2995
2934 2935
2934 2994
2934 2995
2934 2996
2935 2936
2935 2995
2935 2996
2935 2997
2936 2996
2936 2997
2936 2998
2937 2998
2937 2999
2937 3000
2938 2939
2938 3000
2938 3001
2939 2940
2939 3001
2940 3001
2940 3002
2941 2942
2941 3002
2941 3003
2942 2943
2942 3003
2942 3004
2943 2944
2943 3004
2943 3005
2944 2945
2944 3004
2944 3005
2945 2946
2945 3005
2945 3006
2946 2947
2946 3006
2946 3007
2947 2948
2947 3006
2947 3007
2947 3008
2948 2949
2948 3007
2948 3008
2948 3009
2949 2950
2949 3008
2949 3009
2950 2951
2950 3009
2950 3010
2951 2952
2951 3010
2951 3011
2952 2953
2952 3010
2952 3011
2952 3012
2953 2954
2953 3011
2953 3012
2953 3013
2954 2955
2954 3012
2954 3013
2954 3014
2955 2956
2955 3013
2955 3014
2955 3015
2956 2957
2956 3014
2956 3015
2956 3016
2957 2958
2957 3015
2957 3016
2958 2959
2958 3016
2958 3017
2959 2960
2959 3017
2960 2961
2960 3017
2960 3018
2961 2962
2961 3018
2961 3019
2962 3018
2962 3019
2962 3020
2963 2964
2963 3020
2963 3021
2964 3021
2964 3022
2965 2966
2965 3022
2965 3023
2965 3024
2966 2967
2966 3023
2966 3024
2966 3025
2967 3024
2967 3025
2967 3026
2968 2969
2968 3026
2968 3027
2969 2970
2969 3027
2969 3028
2970 2971
2970 3028
2971 2972
2971 3028
2971 3029
2972 2973
2972 3029
2972 3030
2973 2974
2973 3029
2973 3030
2973 3031
2974 2975
2974 3030
2974 3031
2974 3032
2975 2976
2975 3031
2975 3032
2975 3033
2976 3032
2976 3033
2976 3034
2977 2978
2977 3034
2977 3035
2978 3035
2978 3036
2979 2980
2979 3036
2979 3037
2980 2981
2980 3037
2980 3038
2981 2982
2981 3038
2982 2983
2982 3038
2982 3039
2983 3039
2984 2985
2984 3040
2984 3041
2985 2986
2985 3041
2985 3042
2986 2987
2986 3041
2986 3042
2986 3043
2987 2988
2987 3042
2987 3043
2987 3044
2988 2989
2988 3043
2988 3044
2988 3045
2989 2990
2989 3044
2989 3045
2989 3046
2990 2991
2990 3045
2990 3046
2990 3047
2991 2992
2991 3046
2991 3047
2992 2993
2992 3047
2993 2994
2993 3048
2994 2995
2994 3048
2994 3049
2995 2996
2995 3048
2995 3049
2995 3050
2996 2997
2996 3049
2996 3050
2996 3051
2997 2998
2997 3050
2997 3051
2997 3052
2998 2999
2998 3051
2998 3052
2998 3053
2999 3000
2999 3052
2999 3053
2999 3054
3000 3053
3000 3054
3000 3055
3001 3055
3001 3056
3001 3057
3002 3003
3002 3057
3002 3058
3002 3059
3003 3058
3003 3059
3003 3060
3004 3005
3004 3060
3004 3061
3004 3062
3005 3061
3005 3062
3005 3063
3006 3007
3006 3063
3006 3064
3007 3008
3007 3064
3008 3009
3008 3065
3009 3065
3009 3066
3010 3011
3010 3066
3010 3067
3011 3012
3011 3067
3011 3068
3012 3013
3012 3067
3012 3068
3012 3069
3013 3014
3013 3068
3013 3069
3013 3070
3014 3015
3014 3069
3014 3070
3014 3071
3015 3016
3015 3070
3015 3071
3015 3072
3016 3071
3016 3072
3016 3073
3017 3073
3017 3074
3017 3075
3018 3019
3018 3075
3018 3076
3019 3020
3019 3076
3020 3021
3020 3076
3020 3077
3021 3077
3021 3078
3022 3023
3022 3078
3022 3079
3022 3080
3023 3024
3023 3079
3023 3080
3023 3081
3024 3025
3024 3080
3024 3081
3024 3082
3025 3026
3025 3081
3025 3082
3025 3083
3026 3027
3026 3082
3026 3083
3026 3084
3027 3083
3027 3084
3027 3085
3028 3085
3028 3086
3028 3087
3029 3030
3029 3087
3029 3088
3029 3089
3030 3031
3030 3088
3030 3089
3030 3090
3031 3032
3031 3089
3031 3090
3032 3033
3032 3090
3032 3091
3033 3034
3033 3091
3033 3092
3034 3091
3034 3092
3034 3093
3035 3036
3035 3093
3035 3094
3035 3095
3036 3037
3036 3094
3036 3095
3037 3095
3037 3096
3038 3096
3038 3097
3038 3098
3039 3098
3040 3099
3041 3042
3041 3099
3041 3100
3041 3101
3042 3043
3042 3100
3042 3101
3042 3102
3043 3044
3043 3101
3043 3102
3043 3103
3044 3045
3044 3102
3044 3103
3044 3104
3045 3046
3045 3103
3045 3104
3045 3105
3046 3047
3046 3104
3046 3105
3046 3106
3047 3105
3047 3106
3047 3107
3048 3049
3048 3108
3049 3050
3049 3108
3049 3109
3050 3051
3050 3108
3050 3109
3050 3110
3051 3052
3051 3109
3051 3110
3051 3111
3052 3053
3052 3110
3052 3111
3052 3112
3053 3054
3053 3111
3053 3112
3053 3113
3054 3055
3054 3112
3054 3113
3055 3056
3055 3113
3056 3057
3056 3114
3057 3058
3057 3114
3058 3059
3058 3114
3058 3115
3059 3060
3059 3115
3059 3116
3060 3061
3060 3115
3060 3116
3060 3117
3061 3062
3061 3116
3061 3117
3061 3118
3062 3063
3062 3117
3062 3118
3063 3064
3063 3118
3063 3119
3064 3119
3064 3120
3065 3066
3065 3121
3065 3122
3065 3123
3066 3122
3066 3123
3066 3124
3067 3068
3067 3124
3067 3125
3067 3126
3068 3069
3068 3125
3068 3126
3068 3127
3069 3070
3069 3126
3069 3127
3070 3071
3070 3127
3071 3072
3071 3128
3072 3073
3072 3128
3072 3129
3073 3074
3073 3128
3073 3129
3073 3130
3074 3075
3074 3129
3074 3130
3074 3131
3075 3130
3075 3131
3075 3132
3076 3132
3076 3133
3076 3134
3077 3078
3077 3134
3077 3135
3077 3136
3078 3079
3078 3135
3078 3136
3079 3080
3079 3136
3079 3137
3080 3081
3080 3137
3080 3138
3081 3082
3081 3137
3081 3138
3081 3139
3082 3083
3082 3138
3082 3139
3082 3140
3083 3084
3083 3139
3083 3140
3083 3141
3084 3085
3084 3140
3084 3141
3084 3142
3085 3086
3085 3141
3085 3142
3086 3087
3086 3142
3087 3088
3087 3143
3088 3089
3088 3143
3088 3144
3089 3090
3089 3143
3089 3144
3090 3144
3091 3092
3091 3145
3091 3146
3092 3093
3092 3145
3092 3146
3093 3094
3093 3146
3093 3147
3094 3095
3094 3147
3094 3148
3095 3147
3095 3148
3095 3149
3096 3097
3096 3149
3096 3150
3096 3151
3097 3098
3097 3150
3097 3151
3097 3152
3098 3151
3098 3152
3098 3153
3099 3100
3099 3154
3099 3155
3100 3101
3100 3154
3100 3155
3100 3156
3101 3102
3101 3155
3101 3156
3101 3157
3102 3103
3102 3156
3102 3157
3103 3104
3103 3157
3103 3158
3104 3105
3104 3158
3104 3159
3105 3106
3105 3158
3105 3159
3105 3160
3106 3107
3106 3159
3106 3160
3106 3161
3107 3160
3107 3161
3107 3162
3108 3109
3108 3163
3109 3110
3109 3163
3109 3164
3110 3111
3110 3164
3111 3112
3111 3164
3111 3165
3112 3113
3112 3165
3112 3166
3113 3165
3113 3166
3113 3167
3114 3168
3114 3169
3115 3116
3115 3169
3116 3117
3117 3118
3117 3170
3118 3170
3118 3171
3119 3120
3119 3171
3119 3172
3119 3173
3120 3121
3120 3172
3120 3173
3120 3174
3121 3122
3121 3173
3121 3174
3122 3123
3122 3174
3123 3124
3123 3175
3124 3125
3124 3175
3124 3176
3125 3126
3125 3175
3125 3176
3126 3127
3126 3176
3126 3177
3127 3177
3127 3178
3128 3129
3128 3179
3128 3180
3129 3130
3129 3179
3129 3180
3129 3181
3130 3131
3130 3180
3130 3181
3130 3182
3131 3132
3131 3181
3131 3182
3131 3183
3132 3133
3132 3182
3132 3183
3132 3184
3133 3134
3133 3183
3133 3184
3133 3185
3134 3135
3134 3184
3134 3185
3134 3186
3135 3136
3135 3185
3135 3186
3136 3186
3137 3138
3137 3187
3137 3188
3138 3139
3138 3187
3138 3188
3138 3189
3139 3140
3139 3188
3139 3189
3139 3190
3140 3141
3140 3189
3140 3190
3140 3191
3141 3142
3141 3190
3141 3191
3141 3192
3142 3191
3142 3192
3142 3193
3143 3144
3143 3194
3143 3195
3143 3196
3144 3195
3144 3196
3144 3197
3145 3146
3145 3198
3146 3198
3146 3199
3147 3148
3147 3199
3147 3200
3148 3149
3148 3200
3148 3201
3149 3150
3149 3201
3149 3202
3150 3151
3150 3201
3150 3202
3150 3203
3151 3152
3151 3202
3151 3203
3151 3204
3152 3153
3152 3203
3152 3204
3152 3205
3153 3204
3153 3205
3154 3155
3154 3206
3154 3207
3155 3156
3155 3207
3155 3208
3156 3157
3156 3208
3156 3209
3157 3208
3157 3209
3157 3210
3158 3159
3158 3210
3158 3211
3158 3212
3159 3160
3159 3211
3159 3212
3159 3213
3160 3161
3160 3212
3160 3213
3161 3162
3161 3213
3161 3214
3162 3214
3162 3215
3163 3215
3163 3216
3163 3217
3164 3217
3164 3218
3164 3219
3165 3166
3165 3219
3165 3220
3165 3221
3166 3167
3166 3220
3166 3221
3167 3168
3167 3221
3167 3222
3168 3222
3168 3223
3169 3223
3169 3224
3169 3225
3170 3171
3170 3227
3170 3228
3171 3172
3171 3228
3171 3229
3172 3173
3172 3229
3172 3230
3173 3174
3173 3229
3173 3230
3173 3231
3174 3230
3174 3231
3174 3232
3175 3176
3175 3233
3175 3234
3176 3234
3176 3235
3177 3178
3177 3235
3177 3236
3178 3236
3178 3237
3179 3180
3179 3237
3179 3238
3180 3181
3180 3238
3180 3239
3181 3182
3181 3238
3181 3239
3181 3240
3182 3183
3182 3239
3182 3240
3182 3241
3183 3184
3183 3240
3183 3241
3183 3242
3184 3185
3184 3241
3184 3242
3184 3243
3185 3186
3185 3242
3185 3243
3185 3244
3186 3243
3186 3244
3187 3188
3188 3189
3188 3245
3189 3190
3189 3245
3190 3191
3190 3245
3190 3246
3191 3192
3191 3246
3191 3247
3192 3193
3192 3246
3192 3247
3192 3248
3193 3194
3193 3247
3193 3248
3193 3249
3194 3195
3194 3248
3194 3249
3195 3196
3195 3249
3195 3250
3196 3197
3196 3250
3196 3251
3197 3250
3197 3251
3197 3252
3198 3199
3198 3253
3198 3254
3199 3200
3199 3254
3199 3255
3200 3254
3200 3255
3200 3256
3201 3202
3201 3256
3201 3257
3201 3258
3202 3203
3202 3257
3202 3258
3202 3259
3203 3204
3203 3258
3203 3259
3203 3260
3204 3205
3204 3259
3204 3260
3204 3261
3205 3260
3205 3261
3206 3207
3206 3262
3207 3262
3207 3263
3208 3209
3208 3263
3208 3264
3209 3210
3209 3264
3210 3211
3210 3264
3210 3265
3211 3212
3211 3265
3212 3213
3212 3265
3212 3266
3213 3266
3213 3267
3214 3215
3214 3267
3214 3268
3214 3269
3215 3216
3215 3268
3215 3269
3215 3270
3216 3217
3216 3269
3216 3270
3216 3271
3217 3218
3217 3270
3217 3271
3217 3272
3218 3219
3218 3271
3218 3272
3219 3220
3219 3272
3220 3221
3220 3273
3221 3273
3222 3223
3222 3274
3222 3275
3223 3224
3223 3274
3223 3275
3223 3276
3224 3225
3224 3275
3224 3276
3224 3277
3225 3226
3225 3276
3225 3277
3226 3227
3226 3277
3226 3278
3227 3228
3227 3278
3227 3279
3228 3278
3228 3279
3228 3280
3229 3230
3229 3280
3229 3281
3229 3282
3230 3231
3230 3281
3230 3282
3230 3283
3231 3232
3231 3282
3231 3283
3231 3284
3232 3233
3232 3283
3232 3284
3232 3285
3233 3234
3233 3284
3233 3285
3233 3286
3234 3285
3234 3286
3234 3287
3235 3287
3235 3288
3235 3289
3236 3237
3236 3289
3236 3290
3236 3291
3237 3290
3237 3291
3237 3292
3238 3239
3238 3292
3238 3293
3239 3240
3239 3293
3240 3241
3240 3293
3240 3294
3241 3242
3241 3294
3241 3295
3242 3243
3242 3294
3242 3295
3242 3296
3243 3244
3243 3295
3243 3296
3243 3297
3244 3296
3244 3297
3244 3298
3245 3301
3245 3302
3246 3247
3246 3303
3246 3304
3247 3248
3247 3303
3247 3304
3247 3305
3248 3249
3248 3304
3248 3305
3248 3306
3249 3305
3249 3306
3249 3307
3250 3251
3250 3307
3250 3308
3251 3252
3251 3308
3251 3309
3252 3253
3252 3308
3252 3309
3252 3310
3253 3309
3253 3310
3253 3311
3254 3255
3254 3311
3254 3312
3254 3313
3255 3256
3255 3312
3255 3313
3255 3314
3256 3257
3256 3313
3256 3314
3256 3315
3257 3258
3257 3314
3257 3315
3257 3316
3258 3259
3258 3315
3258 3316
3258 3317
3259 3260
3259 3316
3259 3317
3259 3318
3260 3261
3260 3317
3260 3318
3260 3319
3261 3318
3261 3319
3262 3263
3262 3320
3262 3321
3263 3321
3263 3322
3264 3322
3264 3323
3265 3323
3265 3324
3265 3325
3266 3267
3266 3325
3266 3326
3266 3327
3267 3268
3267 3326
3267 3327
3268 3269
3268 3327
3268 3328
3269 3270
3269 3328
3270 3271
3270 3328
3271 3272
3271 3329
3272 3329
3273 3330
3273 3331
3273 3332
3274 3275
3274 3332
3274 3333
3275 3276
3275 3333
3276 3277
3276 3333
3276 3334
3277 3334
3277 3335
3278 3279
3278 3335
3278 3336
3278 3337
3279 3280
3279 3336
3279 3337
3280 3281
3280 3337
3280 3338
3281 3282
3281 3338
3281 3339
3282 3283
3282 3338
3282 3339
3282 3340
3283 3284
3283 3339
3283 3340
3283 3341
3284 3285
3284 3340
3284 3341
3284 3342
3285 3286
3285 3341
3285 3342
3285 3343
3286 3287
3286 3342
3286 3343
3287 3288
3287 3343
3287 3344
3288 3289
3288 3344
3288 3345
3289 3290
3289 3344
3289 3345
3289 3346
3290 3291
3290 3345
3290 3346
3290 3347
3291 3292
3291 3346
3291 3347
3291 3348
3292 3347
3292 3348
3292 3349
3293 3349
3293 3350
3293 3351
3294 3295
3294 3351
3294 3352
3294 3353
3295 3296
3295 3352
3295 3353
3295 3354
3296 3297
3296 3353
3296 3354
3296 3355
3297 3298
3297 3354
3297 3355
3297 3356
3298 3299
3298 3355
3298 3356
3298 3357
3299 3300
3299 3356
3299 3357
3299 3358
3300 3301
3300 3357
3300 3358
3300 3359
3301 3302
3301 3358
3301 3359
3302 3359
3302 3360
3303 3304
3303 3360
3303 3361
3303 3362
3304 3305
3304 3361
3304 3362
3304 3363
3305 3306
3305 3362
3305 3363
3305 3364
3306 3307
3306 3363
3306 3364
3306 3365
3307 3364
3307 3365
3308 3309
3308 3366
3309 3310
3309 3366
3309 3367
3310 3311
3310 3366
3310 3367
3310 3368
3311 3312
3311 3367
3311 3368
3311 3369
3312 3313
3312 3368
3312 3369
3312 3370
3313 3314
3313 3369
3313 3370
3314 3315
3314 3370
3315 3316
3316 3317
3317 3318
3317 3371
3318 3319
3318 3371
3318 3372
3319 3371
3319 3372
3320 3321
3320 3373
3320 3374
3321 3373
3321 3374
3321 3375
3322 3375
3322 3376
3322 3377
3323 3324
3323 3377
3323 3378
3324 3325
3324 3378
3324 3379
3325 3326
3325 3379
3325 3380
3326 3327
3326 3379
3326 3380
3326 3381
3327 3380
3327 3381
3327 3382
3328 3382
3328 3383
3329 3384
3329 3385
3330 3331
3330 3385
3330 3386
3330 3387
3331 3332
3331 3386
3331 3387
3331 3388
3332 3387
3332 3388
3333 3389
3334 3335
3334 3389
3335 3336
3336 3337
3337 3390
3338 3339
3338 3390
3338 3391
3338 3392
3339 3340
3339 3391
3339 3392
3339 3393
3340 3341
3340 3392
3340 3393
3341 3342
3341 3393
3342 3343
3342 3394
3343 3394
3344 3345
3344 3395
3344 3396
3345 3346
3345 3395
3345 3396
3345 3397
3346 3347
3346 3396
3346 3397
3346 3398
3347 3348
3347 3397
3347 3398
3347 3399
3348 3349
3348 3398
3348 3399
3349 3350
3349 3399
3349 3400
3350 3351
3350 3400
3350 3401
3351 3352
3351 3400
3351 3401
3352 3353
3352 3401
3352 3402
3353 3354
3353 3402
3353 3403
3354 3355
3354 3402
3354 3403
3354 3404
3355 3356
3355 3403
3355 3404
3355 3405
3356 3357
3356 3404
3356 3405
3356 3406
3357 3358
3357 3405
3357 3406
3357 3407
3358 3359
3358 3406
3358 3407
3358 3408
3359 3407
3359 3408
3359 3409
3360 3361
3360 3409
3360 3410
3361 3362
3361 3410
3362 3363
3362 3410
3362 3411
3363 3364
3363 3411
3363 3412
3364 3365
3364 3411
3364 3412
3365 3412
3365 3413
3366 3367
3366 3414
3366 3415
3366 3416
3367 3368
3367 3415
3367 3416
3367 3417
3368 3369
3368 3416
3368 3417
3368 3418
3369 3370
3369 3417
3369 3418
3370 3418
3370 3419
3371 3372
3371 3421
3371 3422
3371 3423
3372 3422
3372 3423
3373 3374
3373 3424
3373 3425
3374 3375
3374 3424
3374 3425
3374 3426
3375 3376
3375 3425
3375 3426
3375 3427
3376 3377
3376 3426
3376 3427
3377 3378
3377 3427
3377 3428
3378 3428
3379 3380
3379 3429
3379 3430
3380 3381
3380 3429
3380 3430
3380 3431
3381 3382
3381 3430
3381 3431
3382 3383
3382 3431
3383 3432
3384 3432
3384 3433
3384 3434
3385 3386
3385 3434
3385 3435
3385 3436
3386 3387
3386 3435
3386 3436
3387 3388
3387 3436
3388 3437
3389 3438
3389 3439
3389 3440
3390 3391
3390 3443
3390 3444
3391 3392
3391 3443
3391 3444
3391 3445
3392 3393
3392 3444
3392 3445
3392 3446
3393 3445
3393 3446
3393 3447
3394 3448
3394 3449
3395 3396
3395 3449
3395 3450
3395 3451
3396 3397
3396 3450
3396 3451
3397 3398
3397 3451
3397 3452
3398 3399
3398 3452
3399 3452
3400 3401
3402 3403
3402 3453
3403 3404
3403 3453
3403 3454
3404 3405
3404 3453
3404 3454
3404 3455
3405 3406
3405 3454
3405 3455
3405 3456
3406 3407
3406 3455
3406 3456
3407 3408
3407 3456
3407 3457
3408 3409
3408 3457
3408 3458
3409 3457
3409 3458
3409 3459
3410 3459
3410 3460
3410 3461
3411 3412
3411 3461
3411 3462
3411 3463
3412 3462
3412 3463
3412 3464
3413 3414
3413 3464
3414 3415
3414 3465
3415 3416
3415 3465
3415 3466
3416 3417
3416 3465
3416 3466
3416 3467
3417 3418
3417 3466
3417 3467
3417 3468
3418 3467
3418 3468
3418 3469
3419 3420
3419 3469
3419 3470
3419 3471
3420 3470
3420 3471
3421 3422
3421 3472
3421 3473
3422 3423
3422 3472
3422 3473
3422 3474
3423 3473
3423 3474
3424 3425
3424 3475
3424 3476
3425 3426
3425 3475
3425 3476
3425 3477
3426 3427
3426 3476
3426 3477
3426 3478
3427 3477
3427 3478
3427 3479
3428 3479
3428 3480
3428 3481
3429 3430
3429 3481
3429 3482
3429 3483
3430 3431
3430 3482
3430 3483
3431 3483
3431 3484
3432 3433
3432 3485
3432 3486
3433 3434
3433 3486
3433 3487
3434 3435
3434 3486
3434 3487
3434 3488
3435 3436
3435 3487
3435 3488
3435 3489
3436 3488
3436 3489
3436 3490
3437 3438
3437 3491
3437 3492
3437 3493
3438 3439
3438 3492
3438 3493
3438 3494
3439 3440
3439 3493
3439 3494
3439 3495
3440 3441
3440 3494
3440 3495
3441 3442
3441 3495
3441 3496
3442 3496
3443 3444
3443 3497
3443 3498
3444 3445
3444 3497
3444 3498
3445 3446
3445 3498
3445 3499
3446 3447
3446 3499
3447 3499
3448 3449
3448 3500
3448 3501
3449 3450
3449 3500
3449 3501
3449 3502
3450 3451
3450 3501
3450 3502
3450 3503
3451 3502
3451 3503
3452 3504
3452 3505
3453 3454
3453 3507
3454 3455
3454 3507
3454 3508
3455 3456
3455 3508
3456 3508
3456 3509
3457 3458
3457 3509
3457 3510
3458 3459
3458 3510
3458 3511
3459 3460
3459 3510
3459 3511
3459 3512
3460 3461
3460 3511
3460 3512
3460 3513
3461 3462
3461 3512
3461 3513
3461 3514
3462 3463
3462 3513
3462 3514
3462 3515
3463 3464
3463 3514
3463 3515
3463 3516
3464 3515
3464 3516
3465 3466
3465 3517
3465 3518
3465 3519
3466 3467
3466 3518
3466 3519
3466 3520
3467 3468
3467 3519
3467 3520
3467 3521
3468 3469
3468 3520
3468 3521
3468 3522
3469 3470
3469 3521
3469 3522
3469 3523
3470 3471
3470 3522
3470 3523
3470 3524
3471 3523
3471 3524
3472 3473
3472 3525
3473 3474
3473 3525
3473 3526
3474 3526
3475 3476
3475 3527
3475 3528
3476 3477
3476 3527
3476 3528
3477 3478
3477 3528
3477 3529
3478 3479
3478 3529
3478 3530
3479 3480
3479 3529
3479 3530
3479 3531
3480 3481
3480 3530
3480 3531
3481 3482
3481 3531
3482 3483
3482 3532
3483 3532
3483 3533
3484 3485
3484 3533
3484 3534
3485 3534
3486 3487
3486 3535
3487 3488
3487 3535
3487 3536
3488 3489
3488 3536
3488 3537
3489 3490
3489 3536
3489 3537
3489 3538
3490 3491
3490 3537
3490 3538
3490 3539
3491 3492
3491 3538
3491 3539
3491 3540
3492 3493
3492 3539
3492 3540
3493 3494
3493 3540
3493 3541
3494 3495
3494 3541
3494 3542
3495 3541
3495 3542
3495 3543
3496 3543
3496 3544
3496 3545
3497 3498
3497 3545
3499 3546
3499 3547
3500 3501
3500 3548
3500 3549
3500 3550
3501 3502
3501 3549
3501 3550
3501 3551
3502 3503
3502 3550
3502 3551
3502 3552
3503 3551
3503 3552
3503 3553
3504 3505
3504 3553
3504 3554
3504 3555
3505 3554
3505 3555
3505 3556
3506 3556
3506 3557
3506 3558
3507 3560
3507 3561
3507 3562
3508 3562
3508 3563
3508 3564
3509 3564
3509 3565
3510 3511
3510 3565
3510 3566
3510 3567
3511 3512
3511 3566
3511 3567
3512 3513
3512 3567
3512 3568
3513 3514
3513 3568
3513 3569
3514 3515
3514 3568
3514 3569
3515 3516
3515 3569
3515 3570
3516 3570
3516 3571
3517 3518
3517 3571
3517 3572
3517 3573
3518 3519
3518 3572
3518 3573
3518 3574
3519 3520
3519 3573
3519 3574
3519 3575
3520 3521
3520 3574
3520 3575
3521 3522
3521 3575
3522 3523
3522 3576
3523 3524
3523 3576
3523 3577
3524 3576
3524 3577
3524 3578
3525 3578
3525 3579
3526 3579
3526 3580
3527 3528
3528 3581
3529 3530
3529 3581
3529 3582
3529 3583
3530 3531
3530 3582
3530 3583
3530 3584
3531 3583
3531 3584
3531 3585
3532 3533
3532 3586
3532 3587
3532 3588
3533 3534
3533 3587
3533 3588
3533 3589
3534 3588
3534 3589
3534 3590
3535 3591
3535 3592
3535 3593
3536 3537
3536 3593
3536 3594
3536 3595
3537 3538
3537 3594
3537 3595
3537 3596
3538 3539
3538 3595
3538 3596
3538 3597
3539 3540
3539 3596
3539 3597
3539 3598
3540 3597
3540 3598
3540 3599
3541 3542
3541 3599
3541 3600
3541 3601
3542 3543
3542 3600
3542 3601
3542 3602
3543 3544
3543 3601
3543 3602
3543 3603
3544 3545
3544 3602
3544 3603
3545 3603
3546 3547
3546 3605
3546 3606
3547 3548
3547 3606
3547 3607
3548 3549
3548 3606
3548 3607
3548 3608
3549 3550
3549 3607
3549 3608
3549 3609
3550 3551
3550 3608
3550 3609
3551 3552
3551 3609
3551 3610
3552 3553
3552 3610
3552 3611
3553 3554
3553 3610
3553 3611
3553 3612
3554 3555
3554 3611
3554 3612
3554 3613
3555 3556
3555 3612
3555 3613
3555 3614
3556 3557
3556 3613
3556 3614
3556 3615
3557 3558
3557 3614
3557 3615
3557 3616
3558 3559
3558 3615
3558 3616
3558 3617
3559 3560
3559 3616
3559 3617
3559 3618
3560 3561
3560 3617
3560 3618
3561 3562
3561 3618
3561 3619
3562 3563
3562 3619
3562 3620
3563 3564
3563 3619
3563 3620
3563 3621
3564 3620
3564 3621
3564 3622
3565 3566
3565 3622
3565 3623
3565 3624
3566 3567
3566 3623
3566 3624
3566 3625
3567 3624
3567 3625
3567 3626
3568 3569
3568 3626
3568 3627
3568 3628
3569 3627
3569 3628
3569 3629
3570 3571
3570 3629
3570 3630
3570 3631
3571 3572
3571 3630
3571 3631
3571 3632
3572 3573
3572 3631
3572 3632
3573 3574
3573 3632
3573 3633
3574 3575
3574 3633
3574 3634
3575 3633
3575 3634
3576 3577
3576 3635
3576 3636
3576 3637
3577 3578
3577 3636
3577 3637
3577 3638
3578 3637
3578 3638
3578 3639
3579 3580
3579 3639
3579 3640
3579 3641
3580 3640
3580 3641
3581 3582
3581 3643
3581 3644
3582 3583
3582 3644
3583 3584
3583 3645
3584 3585
3584 3645
3584 3646
3585 3586
3585 3645
3585 3646
3585 3647
3586 3587
3586 3646
3586 3647
3586 3648
3587 3588
3587 3647
3587 3648
3587 3649
3588 3589
3588 3648
3588 3649
3589 3590
3589 3649
3589 3650
3590 3591
3590 3650
3590 3651
3591 3592
3591 3650
3591 3651
3591 3652
3592 3593
3592 3651
3592 3652
3592 3653
3593 3594
3593 3652
3593 3653
3593 3654
3594 3595
3594 3653
3594 3654
3594 3655
3595 3596
3595 3654
3595 3655
3595 3656
3596 3597
3596 3655
3596 3656
3597 3598
3597 3656
3597 3657
3598 3599
3598 3657
3598 3658
3599 3600
3599 3657
3599 3658
3599 3659
3600 3601
3600 3658
3600 3659
3600 3660
3601 3602
3601 3659
3601 3660
3601 3661
3602 3603
3602 3660
3602 3661
3602 3662
3603 3661
3603 3662
3603 3663
3604 3605
3604 3664
3604 3665
3604 3666
3605 3665
3605 3666
3605 3667
3606 3607
3606 3667
3606 3668
3606 3669
3607 3608
3607 3668
3607 3669
3607 3670
3608 3609
3608 3669
3608 3670
3608 3671
3609 3670
3609 3671
3609 3672
3610 3611
3610 3672
3611 3612
3612 3613
3612 3673
3613 3614
3613 3673
3613 3674
3614 3615
3614 3673
3614 3674
3615 3616
3615 3674
3615 3675
3616 3617
3616 3675
3616 3676
3617 3618
3617 3675
3617 3676
3617 3677
3618 3676
3618 3677
3618 3678
3619 3620
3619 3678
3619 3679
3620 3621
3620 3679
3620 3680
3621 3622
3621 3679
3621 3680
3621 3681
3622 3623
3622 3680
3622 3681
3622 3682
3623 3624
3623 3681
3623 3682
3624 3625
3624 3682
3624 3683
3625 3626
3625 3683
3625 3684
3626 3627
3626 3683
3626 3684
3626 3685
3627 3628
3627 3684
3627 3685
3628 3629
3628 3685
3628 3686
3629 3630
3629 3686
3629 3687
3630 3631
3630 3686
3630 3687
3630 3688
3631 3632
3631 3687
3631 3688
3631 3689
3632 3688
3632 3689
3632 3690
3633 3634
3633 3690
3633 3691
3633 3692
3634 3691
3634 3692
3634 3693
3635 3636
3635 3693
3635 3694
3635 3695
3636 3637
3636 3694
3636 3695
3636 3696
3637 3638
3637 3695
3637 3696
3637 3697
3638 3639
3638 3696
3638 3697
3638 3698
3639 3640
3639 3697
3639 3698
3639 3699
3640 3641
3640 3698
3640 3699
3640 3700
3641 3699
3641 3700
3642 3643
3642 3701
3642 3702
3643 3644
3643 3701
3643 3702
3644 3702
3644 3703
3645 3646
3645 3704
3645 3705
3646 3647
3646 3705
3646 3706
3647 3648
3647 3705
3647 3706
3647 3707
3648 3649
3648 3706
3648 3707
3648 3708
3649 3707
3649 3708
3649 3709
3650 3651
3650 3709
3650 3710
3650 3711
3651 3652
3651 3710
3651 3711
3651 3712
3652 3653
3652 3711
3652 3712
3653 3654
3653 3712
3654 3655
3654 3713
3655 3656
3655 3713
3655 3714
3656 3713
3656 3714
3656 3715
3657 3658
3657 3715
3657 3716
3657 3717
3658 3659
3658 3716
3658 3717
3658 3718
3659 3660
3659 3717
3659 3718
3659 3719
3660 3661
3660 3718
3660 3719
3660 3720
3661 3662
3661 3719
3661 3720
3662 3663
3662 3720
3662 3721
3663 3664
3663 3721
3663 3722
3664 3665
3664 3721
3664 3722
3664 3723
3665 3666
3665 3722
3665 3723
3665 3724
3666 3667
3666 3723
3666 3724
3666 3725
3667 3668
3667 3724
3667 3725
3667 3726
3668 3669
3668 3725
3668 3726
3668 3727
3669 3670
3669 3726
3669 3727
3669 3728
3670 3671
3670 3727
3670 3728
3670 3729
3671 3672
3671 3728
3671 3729
3671 3730
3672 3729
3672 3730
3673 3674
3673 3732
3673 3733
3674 3733
3674 3734
3675 3676
3675 3734
3675 3735
3675 3736
3676 3677
3676 3735
3676 3736
3676 3737
3677 3678
3677 3736
3677 3737
3678 3737
3678 3738
3679 3680
3679 3738
3679 3739
3680 3681
3680 3739
3680 3740
3681 3682
3681 3740
3681 3741
3682 3740
3682 3741
3683 3684
3683 3742
3684 3685
3684 3742
3684 3743
3685 3743
3685 3744
3686 3687
3686 3744
3686 3745
3686 3746
3687 3688
3687 3745
3687 3746
3687 3747
3688 3689
3688 3746
3688 3747
3688 3748
3689 3690
3689 3747
3689 3748
3689 3749
3690 3691
3690 3748
3690 3749
3690 3750
3691 3692
3691 3749
3691 3750
3691 3751
3692 3693
3692 3750
3692 3751
3692 3752
3693 3694
3693 3751
3693 3752
3694 3695
3694 3752
3694 3753
3695 3696
3695 3753
3696 3697
3696 3753
3696 3754
3697 3698
3697 3754
3697 3755
3698 3699
3698 3754
3698 3755
3698 3756
3699 3700
3699 3755
3699 3756
3699 3757
3700 3756
3700 3757
3701 3702
3701 3758
3701 3759
3702 3758
3702 3759
3703 3704
3703 3760
3704 3760
3704 3761
3705 3706
3705 3761
3705 3762
3705 3763
3706 3707
3706 3762
3706 3763
3707 3708
3707 3763
3707 3764
3708 3709
3708 3764
3708 3765
3709 3710
3709 3764
3709 3765
3710 3711
3710 3765
3710 3766
3711 3712
3711 3766
3712 3766
3712 3767
3713 3714
3713 3768
3713 3769
3713 3770
3714 3715
3714 3769
3714 3770
3714 3771
3715 3716
3715 3770
3715 3771
3715 3772
3716 3717
3716 3771
3716 3772
3716 3773
3717 3718
3717 3772
3717 3773
3717 3774
3718 3719
3718 3773
3718 3774
3718 3775
3719 3720
3719 3774
3719 3775
3720 3775
3720 3776
3721 3722
3721 3776
3721 3777
3721 3778
3722 3723
3722 3777
3722 3778
3722 3779
3723 3724
3723 3778
3723 3779
3723 3780
3724 3725
3724 3779
3724 3780
3725 3726
3725 3780
3725 3781
3726 3727
3726 3781
3726 3782
3727 3728
3727 3781
3727 3782
3727 3783
3728 3729
3728 3782
3728 3783
3728 3784
3729 3730
3729 3783
3729 3784
3729 3785
3730 3784
3730 3785
3730 3786
3731 3732
3731 3786
3731 3787
3732 3733
3732 3787
3732 3788
3733 3787
3733 3788
3733 3789
3734 3735
3734 3789
3734 3790
3735 3736
3735 3790
3736 3737
3736 3791
3737 3791
3737 3792
3738 3739
3738 3792
3738 3793
3739 3793
3739 3794
3740 3741
3740 3794
3740 3795
3740 3796
3741 3795
3741 3796
3741 3797
3742 3797
3742 3798
3742 3799
3743 3744
3743 3799
3743 3800
3743 3801
3744 3745
3744 3800
3744 3801
3744 3802
3745 3746
3745 3801
3745 3802
3745 3803
3746 3747
3746 3802
3746 3803
3746 3804
3747 3748
3747 3803
3747 3804
3747 3805
3748 3749
3748 3804
3748 3805
3748 3806
3749 3750
3749 3805
3749 3806
3749 3807
3750 3751
3750 3806
3750 3807
3750 3808
3751 3752
3751 3807
3751 3808
3752 3808
3753 3809
3753 3810
3754 3755
3754 3810
3754 3811
3754 3812
3755 3756
3755 3811
3755 3812
3756 3757
3756 3812
3758 3759
3758 3813
3758 3814
3759 3813
3759 3814
3759 3815
3760 3761
3760 3816
3760 3817
3761 3762
3761 3817
3762 3763
3762 3818
3763 3818
3764 3765
3764 3819
3765 3819
3765 3820
3766 3820
3766 3821
3766 3822
3767 3768
3767 3822
3767 3823
3768 3769
3768 3823
3768 3824
3769 3770
3769 3824
3769 3825
3770 3771
3770 3824
3770 3825
3770 3826
3771 3772
3771 3825
3771 3826
3771 3827
3772 3773
3772 3826
3772 3827
3772 3828
3773 3774
3773 3827
3773 3828
3773 3829
3774 3775
3774 3828
3774 3829
3774 3830
3775 3829
3775 3830
3775 3831
3776 3777
3776 3831
3776 3832
3777 3778
3777 3832
3777 3833
3778 3779
3778 3833
3778 3834
3779 3780
3779 3833
3779 3834
3779 3835
3780 3834
3780 3835
3780 3836
3781 3782
3781 3836
3781 3837
3782 3783
3782 3837
3782 3838
3783 3784
3783 3838
3784 3785
3784 3838
3785 3786
3785 3839
3786 3839
3786 3840
3787 3788
3787 3840
3787 3841
3787 3842
3788 3789
3788 3841
3788 3842
3788 3843
3789 3790
3789 3842
3789 3843
3789 3844
3790 3843
3790 3844
3790 3845
3791 3792
3791 3846
3791 3847
3792 3793
3792 3847
3793 3847
3794 3795
3794 3848
3794 3849
3795 3796
3795 3848
3795 3849
3795 3850
3796 3797
3796 3849
3796 3850
3796 3851
3797 3798
3797 3850
3797 3851
3798 3799
3798 3851
3799 3800
3799 3852
3800 3801
3800 3852
3800 3853
3801 3802
3801 3852
3801 3853
3802 3803
3802 3853
3803 3804
3803 3854
3804 3805
3804 3854
3804 3855
3805 3806
3805 3854
3805 3855
3805 3856
3806 3807
3806 3855
3806 3856
3806 3857
3807 3808
3807 3856
3807 3857
3807 3858
3808 3857
3808 3858
3808 3859
3809 3810
3809 3860
3809 3861
3810 3811
3810 3860
3810 3861
3810 3862
3811 3812
3811 3861
3811 3862
3811 3863
3812 3862
3812 3863
3812 3864
3813 3814
3813 3865
3813 3866
3814 3815
3814 3865
3814 3866
3814 3867
3815 3816
3815 3866
3815 3867
3815 3868
3816 3817
3816 3867
3816 3868
3816 3869
3817 3868
3817 3869
3817 3870
3818 3871
3818 3872
3819 3872
3819 3873
3819 3874
3820 3821
3820 3874
3820 3875
3820 3876
3821 3822
3821 3875
3821 3876
3821 3877
3822 3823
3822 3876
3822 3877
3822 3878
3823 3877
3823 3878
3823 3879
3824 3825
3824 3879
3824 3880
3824 3881
3825 3826
3825 3880
3825 3881
3825 3882
3826 3827
3826 3881
3826 3882
3826 3883
3827 3828
3827 3882
3827 3883
3828 3829
3828 3883
3828 3884
3829 3830
3829 3884
3829 3885
3830 3831
3830 3884
3830 3885
3830 3886
3831 3832
3831 3885
3831 3886
3832 3886
3832 3887
3833 3834
3833 3887
3833 3888
3834 3835
3834 3888
3834 3889
3835 3836
3835 3888
3835 3889
3836 3837
3836 3889
3836 3890
3837 3890
3838 3891
3839 3840
3839 3892
3839 3893
3839 3894
3840 3841
3840 3893
3840 3894
3840 3895
3841 3842
3841 3894
3841 3895
3841 3896
3842 3843
3842 3895
3842 3896
3842 3897
3843 3844
3843 3896
3843 3897
3844 3845
3844 3897
3844 3898
3845 3846
3845 3898
3845 3899
3846 3898
3846 3899
3846 3900
3847 3900
3847 3901
3847 3902
3848 3849
3848 3903
3848 3904
3849 3850
3849 3904
3850 3851
3850 3904
3851 3905
3852 3853
3852 3906
3852 3907
3853 3906
3853 3907
3853 3908
3854 3855
3854 3909
3854 3910
3854 3911
3855 3856
3855 3910
3855 3911
3855 3912
3856 3857
3856 3911
3856 3912
3856 3913
3857 3858
3857 3912
3857 3913
3857 3914
3858 3859
3858 3913
3858 3914
3858 3915
3859 3914
3859 3915
3859 3916
3860 3861
3860 3916
3861 3862
3861 3917
3862 3863
3862 3917
3862 3918
3863 3864
3863 3917
3863 3918
3863 3919
3864 3918
3864 3919
3865 3866
3866 3867
3867 3868
3868 3869
3869 3870
3871 3872
3872 3873
3873 3874
3874 3875
3875 3876
3876 3877
3877 3878
3878 3879
3879 3880
3880 3881
3881 3882
3882 3883
3884 3885
3885 3886
3888 3889
3891 3892
3892 3893
3893 3894
3894 3895
3895 3896
3896 3897
3898 3899
3899 3900
3900 3901
3901 3902
3902 3903
3906 3907
3907 3908
3908 3909
3909 3910
3910 3911
3911 3912
3912 3913
3913 3914
3914 3915
3915 3916
3917 3918
3918 3919
