# FromNodeId	ToNodeId
0 1
0 70
1 2
1 70
1 71
2 71
2 72
3 73
3 74
3 75
4 75
4 76
4 77
5 6
5 77
5 78
5 79
6 7
6 78
6 79
6 80
7 8
7 79
7 80
7 81
8 9
8 80
8 81
8 82
9 10
9 81
9 82
10 11
10 82
10 83
11 12
11 83
11 84
12 13
12 83
12 84
13 14
13 84
13 85
14 15
14 85
14 86
15 16
15 85
15 86
15 87
16 17
16 86
16 87
16 88
17 18
17 87
17 88
17 89
18 19
18 88
18 89
18 90
19 20
19 89
19 90
19 91
20 21
20 90
20 91
21 22
21 91
21 92
22 23
22 92
22 93
23 92
23 93
23 94
24 94
24 95
25 96
25 97
26 97
26 98
26 99
27 28
27 99
27 100
28 29
28 100
28 101
29 101
30 102
31 32
32 103
33 34
33 103
33 104
33 105
34 35
34 104
34 105
34 106
35 36
35 105
35 106
35 107
36 106
36 107
36 108
37 38
37 108
37 109
37 110
38 39
38 109
38 110
38 111
39 40
39 110
39 111
39 112
40 111
40 112
40 113
41 42
41 113
41 114
42 43
42 114
43 44
43 115
44 45
44 115
44 116
45 46
45 115
45 116
46 47
46 116
47 117
48 117
48 118
49 50
49 118
49 119
49 120
50 51
50 119
50 120
50 121
51 52
51 120
51 121
51 122
52 53
52 121
52 122
52 123
53 54
53 122
53 123
53 124
54 123
54 124
54 125
55 125
55 126
55 127
56 57
56 128
56 129
56 130
57 129
57 130
57 131
58 59
58 131
58 132
58 133
59 60
59 132
59 133
60 61
60 133
60 134
61 62
61 134
61 135
62 63
62 134
62 135
62 136
63 64
63 135
63 136
63 137
64 65
64 136
64 137
64 138
65 66
65 137
65 138
65 139
66 67
66 138
66 139
66 140
67 68
67 139
67 140
67 141
68 140
68 141
68 142
69 142
69 143
70 144
70 145
71 72
71 145
71 146
71 147
72 73
72 146
72 147
73 74
73 147
73 148
74 75
74 148
75 76
75 148
76 77
77 78
77 149
78 79
78 149
78 150
79 80
79 149
79 150
80 81
80 150
80 151
81 82
81 151
82 151
83 84
83 152
84 152
84 153
85 86
85 153
85 154
85 155
86 87
86 154
86 155
86 156
87 88
87 155
87 156
87 157
88 89
88 156
88 157
88 158
89 90
89 157
89 158
89 159
90 91
90 158
90 159
91 159
92 93
92 160
92 161
93 94
93 160
93 161
93 162
94 95
94 161
94 162
94 163
95 162
95 163
96 97
96 164
96 165
97 98
97 164
97 165
97 166
98 99
98 165
98 166
99 100
99 166
99 167
100 167
100 168
101 168
101 169
101 170
102 170
102 171
102 172
103 104
103 174
103 175
104 105
104 174
104 175
104 176
105 106
105 175
105 176
105 177
106 107
106 176
106 177
106 178
107 108
107 177
107 178
107 179
108 109
108 178
108 179
108 180
109 110
109 179
109 180
109 181
110 111
110 180
110 181
110 182
111 112
111 181
111 182
111 183
112 113
112 182
112 183
112 184
113 114
113 183
113 184
113 185
114 184
114 185
114 186
115 116
115 187
115 188
115 189
116 188
116 189
116 190
117 191
117 192
118 119
118 193
118 194
119 120
119 193
119 194
119 195
120 121
120 194
120 195
120 196
121 122
121 195
121 196
122 123
122 196
122 197
123 124
123 197
123 198
124 125
124 197
124 198
124 199
125 126
125 198
125 199
126 127
126 199
127 128
128 129
129 130
129 200
130 131
130 200
130 201
131 132
131 200
131 201
131 202
132 133
132 201
132 202
133 202
134 135
134 203
134 204
135 136
135 203
135 204
135 205
136 137
136 204
136 205
136 206
137 138
137 205
137 206
138 139
138 206
139 140
139 207
140 141
140 207
140 208
141 142
141 207
141 208
142 143
142 208
142 209
143 209
144 145
145 146
145 210
146 147
146 210
146 211
147 210
147 211
147 212
148 212
148 213
148 214
149 150
149 215
149 216
150 215
150 216
152 153
152 218
152 219
152 220
153 154
153 219
153 220
153 221
154 155
154 220
154 221
155 156
155 221
155 222
156 157
156 222
157 158
157 222
157 223
158 159
158 223
159 223
160 161
160 224
160 225
161 162
161 224
161 225
161 226
162 163
162 225
162 226
163 226
163 227
164 165
164 227
164 228
165 166
165 228
165 229
166 229
166 230
167 168
167 230
167 231
167 232
168 169
168 231
168 232
168 233
169 170
169 232
169 233
169 234
170 171
170 233
170 234
170 235
171 172
171 234
171 235
171 236
172 173
172 235
172 236
172 237
173 236
173 237
174 175
174 238
175 176
175 238
175 239
176 177
176 238
176 239
176 240
177 178
177 239
177 240
177 241
178 179
178 240
178 241
178 242
179 180
179 241
179 242
179 243
180 181
180 242
180 243
180 244
181 182
181 243
181 244
182 183
182 244
182 245
183 184
183 245
183 246
184 185
184 245
184 246
184 247
185 186
185 246
185 247
186 187
186 247
186 248
187 188
187 248
187 249
188 189
188 248
188 249
188 250
189 190
189 249
189 250
189 251
190 191
190 250
190 251
190 252
191 192
191 251
191 252
191 253
192 252
192 253
192 254
193 194
193 254
193 255
194 195
194 255
194 256
195 196
195 255
195 256
196 256
196 257
197 198
197 257
197 258
198 199
198 258
198 259
199 259
199 260
200 201
200 263
200 264
200 265
201 202
201 264
201 265
201 266
202 265
202 266
202 267
203 204
203 268
203 269
204 205
204 268
204 269
204 270
205 206
205 269
205 270
205 271
206 270
206 271
206 272
207 208
207 273
207 274
207 275
208 274
208 275
208 276
209 276
209 277
210 211
210 279
210 280
210 281
211 212
211 280
211 281
211 282
212 213
212 281
212 282
212 283
213 214
213 282
213 283
213 284
214 283
214 284
214 285
215 216
215 286
215 287
216 287
216 288
217 218
217 289
217 290
218 219
218 290
218 291
219 220
219 291
219 292
220 221
220 291
220 292
221 292
223 293
224 225
224 295
224 296
225 226
225 296
225 297
226 297
226 298
227 228
227 298
227 299
227 300
228 299
228 300
228 301
229 230
229 301
229 302
230 231
230 302
230 303
231 232
231 303
231 304
232 233
232 303
232 304
232 305
233 234
233 304
233 305
233 306
234 235
234 305
234 306
234 307
235 236
235 306
235 307
235 308
236 237
236 307
236 308
236 309
237 308
237 309
237 310
238 239
238 311
238 312
238 313
239 240
239 312
239 313
239 314
240 241
240 313
240 314
241 242
241 314
241 315
242 243
242 315
242 316
243 244
243 315
243 316
243 317
244 316
244 317
244 318
245 246
245 318
245 319
245 320
246 247
246 319
246 320
246 321
247 320
247 321
247 322
248 249
248 322
248 323
248 324
249 250
249 323
249 324
249 325
250 251
250 324
250 325
250 326
251 252
251 325
251 326
251 327
252 253
252 326
252 327
252 328
253 254
253 327
253 328
253 329
254 328
254 329
254 330
255 256
255 330
255 331
255 332
256 331
256 332
256 333
257 258
257 333
257 334
257 335
258 334
258 335
258 336
259 260
259 336
259 337
260 261
260 337
260 338
261 262
261 338
262 263
262 338
263 264
263 339
264 265
264 339
264 340
265 266
265 339
265 340
265 341
266 267
266 340
266 341
266 342
267 341
267 342
268 269
268 343
268 344
269 270
269 343
269 344
269 345
270 271
270 344
270 345
270 346
271 272
271 345
271 346
271 347
272 273
272 346
272 347
272 348
273 274
273 347
273 348
273 349
274 275
274 348
274 349
274 350
275 276
275 349
275 350
275 351
276 277
276 350
276 351
276 352
277 351
277 352
278 279
278 353
279 280
279 353
279 354
280 281
280 353
280 354
280 355
281 282
281 354
281 355
281 356
282 283
282 355
282 356
282 357
283 284
283 356
283 357
283 358
284 285
284 357
284 358
284 359
285 286
285 358
285 359
285 360
286 359
286 360
286 361
287 288
287 361
287 362
287 363
288 362
288 363
288 364
289 290
289 364
289 365
289 366
290 365
290 366
291 292
291 367
292 367
293 370
293 371
293 372
294 295
294 372
294 373
294 374
295 296
295 373
295 374
295 375
296 374
296 375
296 376
297 298
297 376
297 377
297 378
298 299
298 377
298 378
299 300
299 378
299 379
300 301
300 379
301 302
301 379
302 380
303 304
303 380
303 381
304 305
304 381
304 382
305 306
305 381
305 382
305 383
306 307
306 382
306 383
306 384
307 308
307 383
307 384
308 309
308 384
309 310
309 385
310 311
310 385
310 386
311 312
311 385
311 386
311 387
312 313
312 386
312 387
313 314
313 387
313 388
314 388
314 389
315 316
315 389
315 390
315 391
316 317
316 390
316 391
316 392
317 318
317 391
317 392
317 393
318 319
318 392
318 393
318 394
319 320
319 393
319 394
319 395
320 321
320 394
320 395
320 396
321 322
321 395
321 396
321 397
322 323
322 396
322 397
322 398
323 324
323 397
323 398
323 399
324 325
324 398
324 399
324 400
325 326
325 399
325 400
325 401
326 327
326 400
326 401
326 402
327 328
327 401
327 402
327 403
328 329
328 402
328 403
328 404
329 330
329 403
329 404
329 405
330 331
330 404
330 405
331 332
331 405
331 406
332 333
332 406
332 407
333 334
333 406
333 407
333 408
334 335
334 407
334 408
335 336
335 408
335 409
336 337
336 409
337 409
337 410
338 410
338 411
338 412
339 340
339 413
339 414
339 415
340 341
340 414
340 415
341 342
341 415
342 416
343 344
343 416
343 417
344 345
344 417
344 418
345 346
345 418
345 419
346 347
346 418
346 419
346 420
347 348
347 419
347 420
348 349
348 420
349 350
349 421
350 351
350 421
350 422
351 352
351 421
351 422
351 423
352 422
352 423
353 354
353 424
353 425
353 426
354 355
354 425
354 426
354 427
355 356
355 426
355 427
355 428
356 357
356 427
356 428
356 429
357 358
357 428
357 429
358 359
358 429
358 430
359 360
359 430
359 431
360 361
360 430
360 431
360 432
361 362
361 431
361 432
361 433
362 363
362 432
362 433
362 434
363 364
363 433
363 434
363 435
364 365
364 434
364 435
364 436
365 366
365 435
365 436
365 437
366 436
366 437
366 438
367 439
367 440
368 369
368 440
368 441
369 370
369 441
370 371
370 441
370 442
371 372
371 442
371 443
372 373
372 442
372 443
372 444
373 374
373 443
373 444
373 445
374 375
374 444
374 445
374 446
375 376
375 445
375 446
375 447
376 377
376 446
376 447
376 448
377 378
377 447
377 448
378 448
378 449
379 449
379 450
379 451
380 452
380 453
380 454
381 382
381 454
381 455
381 456
382 383
382 455
382 456
382 457
383 384
383 456
383 457
383 458
384 457
384 458
385 386
385 459
385 460
385 461
386 387
386 460
386 461
386 462
387 461
387 462
387 463
388 389
388 463
388 464
388 465
389 390
389 464
389 465
390 391
390 465
390 466
391 392
391 466
391 467
392 393
392 466
392 467
392 468
393 394
393 467
393 468
393 469
394 395
394 468
394 469
394 470
395 396
395 469
395 470
395 471
396 397
396 470
396 471
396 472
397 398
397 471
397 472
398 399
398 472
398 473
399 400
399 473
399 474
400 401
400 473
400 474
400 475
401 402
401 474
401 475
401 476
402 403
402 475
402 476
402 477
403 404
403 476
403 477
404 405
404 477
404 478
405 478
406 407
406 479
406 480
407 408
407 479
407 480
408 480
408 481
409 481
409 482
409 483
410 411
410 483
410 484
410 485
411 412
411 484
411 485
411 486
412 413
412 485
412 486
412 487
413 414
413 486
413 487
413 488
414 415
414 487
414 488
414 489
415 488
415 489
415 490
416 417
416 491
416 492
417 492
418 419
418 493
419 420
419 493
420 493
420 494
421 422
421 495
421 496
422 423
422 495
422 496
422 497
423 496
423 497
424 425
424 498
424 499
425 426
425 498
425 499
425 500
426 427
426 499
426 500
426 501
427 428
427 500
427 501
427 502
428 429
428 501
428 502
428 503
429 502
429 503
429 504
430 431
430 504
430 505
431 432
431 505
431 506
432 433
432 505
432 506
432 507
433 434
433 506
433 507
433 508
434 435
434 507
434 508
434 509
435 436
435 508
435 509
435 510
436 437
436 509
436 510
437 438
437 510
437 511
438 511
438 512
439 440
439 512
439 513
439 514
440 513
440 514
440 515
441 515
442 443
442 516
443 444
443 516
443 517
444 445
444 517
444 518
445 446
445 517
445 518
446 447
446 518
446 519
447 448
447 519
447 520
448 519
448 520
448 521
449 450
449 521
449 522
449 523
450 451
450 522
450 523
451 452
451 523
452 453
452 524
453 454
453 524
453 525
454 455
454 524
454 525
454 526
455 456
455 525
455 526
455 527
456 457
456 526
456 527
456 528
457 458
457 527
457 528
458 528
458 529
459 460
459 529
459 530
460 461
460 530
460 531
461 462
461 530
461 531
461 532
462 463
462 531
462 532
462 533
463 464
463 532
463 533
464 465
464 533
465 534
466 467
466 534
466 535
466 536
467 468
467 535
467 536
468 469
468 536
468 537
469 470
469 537
470 471
470 537
471 472
471 538
472 538
472 539
473 474
473 539
474 475
474 540
475 476
475 540
475 541
476 477
476 540
476 541
476 542
477 541
477 542
477 543
478 543
478 544
478 545
479 480
479 545
479 546
480 546
480 547
481 482
481 547
482 483
483 484
483 548
484 485
484 548
484 549
485 486
485 548
485 549
485 550
486 487
486 549
486 550
487 488
487 550
487 551
488 489
488 551
488 552
489 490
489 551
489 552
489 553
490 491
490 552
490 553
490 554
491 492
491 553
491 554
492 554
492 555
493 557
493 558
494 559
495 496
495 560
495 561
496 497
496 560
496 561
496 562
497 561
497 562
498 499
498 563
498 564
499 500
499 563
499 564
500 501
500 564
500 565
501 502
501 565
501 566
502 503
502 565
502 566
502 567
503 504
503 566
503 567
503 568
504 567
504 568
504 569
505 506
505 569
505 570
506 507
506 570
506 571
507 508
507 571
508 509
508 571
508 572
509 510
509 572
509 573
510 572
510 573
510 574
511 512
511 574
512 513
513 514
513 575
514 515
514 575
514 576
515 575
515 576
515 577
516 578
516 579
517 518
517 579
517 580
517 581
518 580
518 581
519 520
519 582
520 521
520 582
521 522
521 582
521 583
522 523
522 583
522 584
523 583
523 584
523 585
524 525
524 586
525 526
525 587
526 527
526 587
526 588
527 528
527 587
527 588
527 589
528 588
528 589
528 590
529 590
529 591
530 531
530 591
530 592
530 593
531 532
531 592
531 593
531 594
532 533
532 593
532 594
532 595
533 594
533 595
533 596
534 535
534 597
535 536
535 598
536 598
537 599
537 600
538 539
538 601
538 602
538 603
539 602
539 603
540 541
540 604
541 542
541 604
541 605
542 543
542 605
542 606
543 544
543 605
543 606
544 545
544 606
544 607
545 607
545 608
546 547
546 608
546 609
547 609
547 610
548 549
548 612
548 613
548 614
549 550
549 613
549 614
549 615
550 614
550 615
550 616
551 552
551 616
551 617
552 553
552 617
552 618
553 554
553 618
553 619
554 618
554 619
554 620
555 556
555 620
555 621
556 557
556 621
556 622
557 558
557 621
557 622
557 623
558 622
558 623
558 624
559 624
559 625
559 626
560 561
560 626
560 627
560 628
561 562
561 627
561 628
562 628
563 564
563 629
563 630
564 629
564 630
564 631
565 566
565 631
565 632
565 633
566 567
566 632
566 633
566 634
567 568
567 633
567 634
567 635
568 569
568 634
568 635
568 636
569 570
569 635
569 636
570 636
570 637
571 637
571 638
571 639
572 573
572 639
572 640
572 641
573 574
573 640
573 641
573 642
574 641
574 642
574 643
575 576
575 645
575 646
576 577
576 646
577 578
577 647
578 647
579 580
579 648
579 649
580 581
580 648
580 649
580 650
581 649
581 650
581 651
582 652
582 653
583 584
583 654
584 585
584 654
584 655
585 586
585 654
585 655
585 656
586 655
586 656
586 657
587 588
587 658
587 659
587 660
588 589
588 659
588 660
588 661
589 590
589 660
589 661
589 662
590 661
590 662
590 663
591 592
591 663
591 664
591 665
592 593
592 664
592 665
593 594
593 665
593 666
594 595
594 666
594 667
595 596
595 666
595 667
595 668
596 597
596 667
596 668
596 669
597 668
597 669
597 670
598 671
598 672
598 673
599 600
599 673
599 674
600 601
600 674
601 602
602 603
602 675
603 675
603 676
604 677
604 678
605 606
605 678
605 679
605 680
606 679
606 680
606 681
607 608
607 681
607 682
607 683
608 609
608 682
608 683
608 684
609 683
609 684
609 685
610 611
610 685
610 686
610 687
611 612
611 686
611 687
612 613
612 687
612 688
613 614
613 688
614 615
614 688
615 616
615 689
616 617
616 689
616 690
617 689
617 690
617 691
618 619
618 691
618 692
618 693
619 620
619 692
619 693
620 693
620 694
621 622
621 694
621 695
621 696
622 623
622 695
622 696
622 697
623 624
623 696
623 697
623 698
624 625
624 697
624 698
624 699
625 626
625 698
625 699
625 700
626 627
626 699
626 700
626 701
627 628
627 700
627 701
627 702
628 701
628 702
628 703
629 630
629 704
629 705
630 631
630 704
630 705
630 706
631 632
631 705
631 706
631 707
632 633
632 706
632 707
632 708
633 634
633 707
633 708
634 635
634 708
634 709
635 636
635 709
635 710
636 709
636 710
636 711
637 638
637 711
637 712
637 713
638 639
638 712
638 713
639 640
639 713
639 714
640 641
640 714
640 715
641 642
641 714
641 715
641 716
642 643
642 715
642 716
642 717
643 644
643 716
643 717
643 718
644 645
644 717
644 718
644 719
645 646
645 718
645 719
646 719
646 720
647 721
647 722
647 723
648 649
648 723
648 724
648 725
649 650
649 724
649 725
650 651
650 725
650 726
651 652
651 726
651 727
652 653
652 726
652 727
652 728
653 727
653 728
653 729
654 655
654 730
654 731
654 732
655 656
655 731
655 732
655 733
656 657
656 732
656 733
656 734
657 658
657 733
657 734
657 735
658 659
658 734
658 735
658 736
659 660
659 735
659 736
659 737
660 661
660 736
660 737
660 738
661 662
661 737
661 738
661 739
662 663
662 738
662 739
662 740
663 664
663 739
663 740
663 741
664 665
664 740
664 741
664 742
665 741
665 742
665 743
666 667
666 743
666 744
666 745
667 668
667 744
667 745
667 746
668 669
668 745
668 746
668 747
669 670
669 746
669 747
670 671
670 747
671 672
671 748
672 673
672 748
672 749
673 674
673 748
673 749
673 750
674 749
674 750
674 751
675 676
675 752
675 753
676 677
676 753
676 754
677 754
677 755
678 679
678 755
678 756
678 757
679 680
679 756
679 757
680 681
680 757
680 758
681 682
681 758
682 683
682 758
683 684
684 685
684 759
685 686
685 759
685 760
686 687
686 759
686 760
687 760
687 761
688 761
688 762
688 763
689 690
689 764
689 765
689 766
690 691
690 765
690 766
691 692
691 766
692 693
692 767
693 767
693 768
694 695
694 768
694 769
695 696
695 769
695 770
696 697
696 769
696 770
696 771
697 698
697 770
697 771
697 772
698 699
698 771
698 772
698 773
699 700
699 772
699 773
699 774
700 701
700 773
700 774
701 702
701 774
701 775
702 703
702 775
703 775
704 705
704 776
704 777
705 706
705 776
705 777
706 707
706 777
706 778
707 708
707 778
707 779
708 778
708 779
708 780
709 710
709 780
709 781
710 711
710 781
710 782
711 712
711 781
711 782
712 713
712 782
712 783
713 783
713 784
714 715
714 784
714 785
715 716
715 785
715 786
716 717
716 785
716 786
716 787
717 718
717 786
717 787
717 788
718 719
718 787
718 788
719 788
719 789
720 721
720 789
720 790
721 722
721 790
721 791
722 723
722 790
722 791
723 724
723 791
723 792
724 725
724 792
724 793
725 792
725 793
725 794
726 727
726 794
727 728
727 795
728 729
728 795
728 796
729 730
729 795
729 796
729 797
730 731
730 796
730 797
730 798
731 732
731 797
731 798
731 799
732 733
732 798
732 799
732 800
733 734
733 799
733 800
733 801
734 735
734 800
734 801
735 736
735 801
735 802
736 737
736 802
736 803
737 738
737 802
737 803
737 804
738 739
738 803
738 804
738 805
739 740
739 804
739 805
739 806
740 741
740 805
740 806
741 742
741 806
741 807
742 743
742 807
742 808
743 744
743 807
743 808
743 809
744 745
744 808
744 809
744 810
745 746
745 809
745 810
746 747
746 810
746 811
747 811
747 812
748 749
748 813
748 814
748 815
749 750
749 814
749 815
750 751
750 815
750 816
751 816
752 753
752 817
753 817
754 755
754 818
754 819
755 756
755 818
755 819
756 757
756 819
758 820
759 760
759 822
759 823
760 822
760 823
760 824
761 762
761 824
761 825
761 826
762 763
762 825
762 826
763 764
763 826
763 827
764 765
764 827
764 828
765 766
765 827
765 828
765 829
766 828
766 829
767 768
767 830
767 831
767 832
768 831
768 832
769 770
769 833
770 771
770 833
770 834
771 772
771 833
771 834
771 835
772 773
772 834
772 835
772 836
773 774
773 835
773 836
773 837
774 836
774 837
774 838
775 838
775 839
775 840
776 777
776 841
776 842
777 841
777 842
777 843
778 779
778 843
778 844
778 845
779 780
779 844
779 845
779 846
780 845
780 846
780 847
781 782
781 847
781 848
782 848
782 849
783 784
783 849
783 850
783 851
784 850
784 851
785 786
785 852
786 787
786 852
786 853
787 788
787 852
787 853
788 853
789 854
789 855
790 791
790 855
790 856
790 857
791 856
791 857
791 858
792 793
792 858
792 859
793 794
793 859
793 860
794 859
794 860
794 861
795 796
795 862
795 863
796 797
796 863
796 864
797 798
797 864
797 865
798 799
798 864
798 865
798 866
799 800
799 865
799 866
800 801
800 866
800 867
801 867
801 868
802 803
802 868
802 869
802 870
803 804
803 869
803 870
803 871
804 805
804 870
804 871
805 806
805 871
805 872
806 872
806 873
807 808
807 873
807 874
807 875
808 809
808 874
808 875
809 810
809 875
809 876
810 876
810 877
811 812
811 877
811 878
812 813
812 878
813 814
813 878
813 879
814 815
814 879
815 879
815 880
816 880
816 881
817 881
818 819
818 882
818 883
818 884
819 883
819 884
819 885
820 886
820 887
820 888
821 888
821 889
822 823
822 890
823 824
823 890
823 891
824 825
824 891
824 892
825 826
825 891
825 892
826 892
827 828
828 829
828 893
829 893
829 894
830 831
830 894
830 895
831 832
831 895
831 896
832 895
832 896
832 897
833 834
833 898
834 835
834 898
834 899
835 836
835 899
835 900
836 837
836 899
836 900
836 901
837 838
837 900
837 901
837 902
838 839
838 901
838 902
838 903
839 840
839 902
839 903
839 904
840 903
840 904
841 842
841 905
842 843
842 905
842 906
843 844
843 905
843 906
844 845
844 906
844 907
845 846
845 907
846 847
846 907
847 908
848 849
848 908
848 909
848 910
849 850
849 909
849 910
849 911
850 851
850 910
850 911
850 912
851 911
851 912
851 913
852 853
852 914
852 915
852 916
853 915
853 916
853 917
854 855
855 856
855 918
856 857
856 918
856 919
857 858
857 918
857 919
857 920
858 919
858 920
858 921
859 860
859 921
859 922
860 861
860 922
860 923
861 862
861 923
861 924
862 863
862 923
862 924
862 925
863 924
863 925
863 926
864 865
864 926
864 927
864 928
865 866
865 927
865 928
865 929
866 928
866 929
866 930
867 868
867 930
867 931
867 932
868 869
868 931
868 932
868 933
869 870
869 932
869 933
869 934
870 871
870 933
870 934
871 934
871 935
872 873
872 935
872 936
872 937
873 874
873 936
873 937
873 938
874 875
874 937
874 938
874 939
875 938
875 939
875 940
876 877
876 940
876 941
877 941
877 942
878 942
878 943
878 944
879 944
879 945
879 946
880 946
880 947
880 948
881 948
881 949
882 883
882 950
882 951
882 952
883 884
883 951
883 952
883 953
884 885
884 952
884 953
885 953
885 954
886 887
886 954
886 955
886 956
887 888
887 955
887 956
887 957
888 889
888 956
888 957
888 958
889 957
889 958
890 959
891 892
891 960
891 961
892 960
892 961
892 962
893 894
893 965
893 966
894 965
894 966
894 967
895 896
895 967
895 968
895 969
896 897
896 968
896 969
896 970
897 969
897 970
897 971
898 971
898 972
898 973
899 900
899 973
899 974
900 901
900 974
900 975
901 902
901 974
901 975
902 903
902 975
902 976
903 904
903 976
903 977
904 976
904 977
905 906
905 978
905 979
906 978
906 979
906 980
907 980
907 981
907 982
908 909
908 983
908 984
909 910
909 984
909 985
910 911
910 985
910 986
911 912
911 985
911 986
911 987
912 913
912 986
912 987
912 988
913 914
913 987
913 988
914 915
914 988
914 989
915 916
915 989
916 917
916 989
917 990
918 919
918 992
918 993
918 994
919 920
919 993
919 994
919 995
920 921
920 994
920 995
920 996
921 922
921 995
921 996
921 997
922 996
922 997
922 998
923 924
923 998
923 999
923 1000
924 925
924 999
924 1000
924 1001
925 926
925 1000
925 1001
925 1002
926 927
926 1001
926 1002
927 928
927 1002
928 929
928 1003
929 930
929 1003
929 1004
930 931
930 1003
930 1004
930 1005
931 932
931 1004
931 1005
932 933
932 1005
932 1006
933 934
933 1006
933 1007
934 1006
934 1007
934 1008
935 936
935 1008
935 1009
935 1010
936 937
936 1009
936 1010
937 938
937 1010
938 939
938 1011
939 940
939 1011
939 1012
940 1011
940 1012
940 1013
941 942
941 1013
941 1014
941 1015
942 943
942 1014
942 1015
942 1016
943 944
943 1015
943 1016
943 1017
944 945
944 1016
944 1017
944 1018
945 946
945 1017
945 1018
945 1019
946 947
946 1018
946 1019
946 1020
947 948
947 1019
947 1020
947 1021
948 1020
948 1021
948 1022
949 950
949 1022
949 1023
949 1024
950 951
950 1023
950 1024
950 1025
951 952
951 1024
951 1025
951 1026
952 953
952 1025
952 1026
952 1027
953 1026
953 1027
954 955
954 1028
954 1029
955 956
955 1028
955 1029
956 957
956 1029
956 1030
957 958
957 1030
957 1031
958 1030
958 1031
959 1032
959 1033
960 961
960 1033
960 1034
961 962
961 1034
961 1035
962 963
962 1034
962 1035
962 1036
963 964
963 1035
963 1036
963 1037
964 1036
964 1037
964 1038
965 966
965 1038
965 1039
966 967
966 1039
966 1040
967 968
967 1039
967 1040
967 1041
968 969
968 1040
968 1041
968 1042
969 970
969 1041
969 1042
970 971
970 1042
970 1043
971 972
971 1043
971 1044
972 973
972 1043
972 1044
972 1045
973 1044
973 1045
973 1046
974 975
974 1046
974 1047
975 1047
976 977
976 1048
977 1048
978 979
978 1049
978 1050
979 980
979 1049
979 1050
979 1051
980 981
980 1050
980 1051
980 1052
981 982
981 1051
981 1052
981 1053
982 983
982 1052
982 1053
983 984
983 1053
983 1054
984 1054
984 1055
985 986
985 1055
985 1056
985 1057
986 987
986 1056
986 1057
986 1058
987 988
987 1057
987 1058
987 1059
988 1058
988 1059
989 1060
989 1061
990 991
990 1062
990 1063
991 992
991 1062
991 1063
991 1064
992 993
992 1063
992 1064
992 1065
993 994
993 1064
993 1065
993 1066
994 995
994 1065
994 1066
994 1067
995 996
995 1066
995 1067
995 1068
996 997
996 1067
996 1068
997 998
997 1068
997 1069
998 999
998 1069
998 1070
999 1000
999 1069
999 1070
999 1071
1000 1001
1000 1070
1000 1071
1000 1072
1001 1002
1001 1071
1001 1072
1001 1073
1002 1072
1002 1073
1002 1074
1003 1004
1003 1075
1003 1076
1004 1005
1004 1076
1004 1077
1005 1077
1006 1007
1006 1078
1006 1079
1007 1008
1007 1078
1007 1079
1007 1080
1008 1009
1008 1079
1008 1080
1009 1010
1009 1080
1009 1081
1010 1081
1010 1082
1011 1012
1011 1083
1011 1084
1011 1085
1012 1013
1012 1084
1012 1085
1012 1086
1013 1014
1013 1085
1013 1086
1014 1015
1014 1086
1014 1087
1015 1016
1015 1087
1015 1088
1016 1017
1016 1087
1016 1088
1016 1089
1017 1018
1017 1088
1017 1089
1017 1090
1018 1019
1018 1089
1018 1090
1018 1091
1019 1020
1019 1090
1019 1091
1019 1092
1020 1021
1020 1091
1020 1092
1021 1022
1021 1092
1021 1093
1022 1023
1022 1093
1023 1024
1023 1093
1024 1025
1025 1026
1025 1094
1026 1027
1026 1094
1027 1094
1028 1029
1028 1095
1029 1095
1030 1031
1030 1096
1031 1096
1031 1097
1032 1033
1032 1097
1032 1098
1033 1098
1033 1099
1034 1035
1034 1099
1034 1100
1035 1036
1035 1100
1035 1101
1036 1037
1036 1101
1036 1102
1037 1038
1037 1101
1037 1102
1037 1103
1038 1102
1038 1103
1038 1104
1039 1040
1039 1104
1039 1105
1039 1106
1040 1041
1040 1105
1040 1106
1041 1042
1041 1106
1042 1107
1043 1044
1043 1107
1043 1108
1043 1109
1044 1045
1044 1108
1044 1109
1045 1046
1045 1109
1045 1110
1046 1110
1047 1111
1047 1112
1048 1112
1048 1113
1049 1050
1049 1114
1050 1051
1050 1114
1050 1115
1051 1052
1051 1114
1051 1115
1051 1116
1052 1053
1052 1115
1052 1116
1052 1117
1053 1116
1053 1117
1054 1055
1054 1118
1054 1119
1055 1056
1055 1118
1055 1119
1055 1120
1056 1057
1056 1119
1056 1120
1056 1121
1057 1058
1057 1120
1057 1121
1058 1059
1058 1121
1058 1122
1059 1122
1059 1123
1060 1061
1060 1123
1060 1124
1060 1125
1061 1124
1061 1125
1061 1126
1062 1063
1062 1126
1062 1127
1062 1128
1063 1064
1063 1127
1063 1128
1063 1129
1064 1065
1064 1128
1064 1129
1064 1130
1065 1066
1065 1129
1065 1130
1065 1131
1066 1067
1066 1130
1066 1131
1066 1132
1067 1068
1067 1131
1067 1132
1067 1133
1068 1132
1068 1133
1068 1134
1069 1070
1069 1134
1069 1135
1069 1136
1070 1071
1070 1135
1070 1136
1071 1072
1071 1136
1071 1137
1072 1073
1072 1137
1072 1138
1073 1074
1073 1137
1073 1138
1073 1139
1074 1075
1074 1138
1074 1139
1074 1140
1075 1076
1075 1139
1075 1140
1075 1141
1076 1140
1076 1141
1076 1142
1077 1142
1078 1079
1078 1143
1078 1144
1079 1080
1079 1143
1079 1144
1079 1145
1080 1144
1080 1145
1080 1146
1081 1082
1081 1146
1081 1147
1081 1148
1082 1083
1082 1147
1082 1148
1082 1149
1083 1084
1083 1148
1083 1149
1083 1150
1084 1085
1084 1149
1084 1150
1084 1151
1085 1086
1085 1150
1085 1151
1085 1152
1086 1151
1086 1152
1086 1153
1087 1088
1087 1153
1087 1154
1087 1155
1088 1089
1088 1154
1088 1155
1088 1156
1089 1090
1089 1155
1089 1156
1089 1157
1090 1091
1090 1156
1090 1157
1090 1158
1091 1092
1091 1157
1091 1158
1091 1159
1092 1158
1092 1159
1092 1160
1093 1160
1094 1162
1094 1163
1094 1164
1095 1165
1095 1166
1096 1167
1096 1168
1097 1168
1097 1169
1097 1170
1098 1099
1098 1170
1098 1171
1098 1172
1099 1100
1099 1171
1099 1172
1099 1173
1100 1172
1100 1173
1100 1174
1101 1102
1101 1174
1101 1175
1102 1103
1102 1175
1102 1176
1103 1104
1103 1175
1103 1176
1103 1177
1104 1105
1104 1176
1104 1177
1104 1178
1105 1106
1105 1177
1105 1178
1105 1179
1106 1178
1106 1179
1106 1180
1107 1108
1107 1181
1107 1182
1108 1109
1108 1182
1108 1183
1109 1183
1109 1184
1110 1184
1110 1185
1110 1186
1111 1112
1111 1186
1111 1187
1111 1188
1112 1113
1112 1187
1112 1188
1113 1188
1113 1189
1114 1115
1114 1191
1114 1192
1114 1193
1115 1116
1115 1192
1115 1193
1115 1194
1116 1117
1116 1193
1116 1194
1117 1194
1117 1195
1118 1119
1118 1195
1118 1196
1118 1197
1119 1120
1119 1196
1119 1197
1120 1121
1120 1197
1120 1198
1121 1198
1121 1199
1122 1123
1122 1199
1122 1200
1123 1124
1123 1200
1123 1201
1124 1125
1124 1201
1124 1202
1125 1126
1125 1201
1125 1202
1126 1127
1126 1202
1126 1203
1127 1128
1127 1203
1128 1129
1128 1203
1128 1204
1129 1130
1129 1204
1130 1131
1130 1204
1130 1205
1131 1132
1131 1205
1131 1206
1132 1133
1132 1205
1132 1206
1132 1207
1133 1134
1133 1206
1133 1207
1133 1208
1134 1135
1134 1207
1134 1208
1135 1136
1135 1208
1135 1209
1136 1209
1137 1138
1137 1210
1138 1139
1138 1210
1138 1211
1139 1140
1139 1210
1139 1211
1139 1212
1140 1141
1140 1211
1140 1212
1141 1142
1141 1212
1141 1213
1142 1213
1142 1214
1143 1144
1143 1215
1143 1216
1143 1217
1144 1145
1144 1216
1144 1217
1145 1146
1145 1217
1145 1218
1146 1147
1146 1218
1146 1219
1147 1148
1147 1218
1147 1219
1148 1149
1148 1219
1148 1220
1149 1150
1149 1220
1149 1221
1150 1151
1150 1220
1150 1221
1150 1222
1151 1152
1151 1221
1151 1222
1151 1223
1152 1153
1152 1222
1152 1223
1152 1224
1153 1154
1153 1223
1153 1224
1153 1225
1154 1155
1154 1224
1154 1225
1154 1226
1155 1156
1155 1225
1155 1226
1155 1227
1156 1157
1156 1226
1156 1227
1156 1228
1157 1158
1157 1227
1157 1228
1157 1229
1158 1159
1158 1228
1158 1229
1159 1160
1159 1229
1161 1162
1161 1230
1161 1231
1162 1163
1162 1231
1162 1232
1163 1164
1163 1231
1163 1232
1163 1233
1164 1232
1164 1233
1164 1234
1165 1166
1165 1234
1165 1235
1166 1235
1167 1168
1167 1236
1167 1237
1168 1169
1168 1236
1168 1237
1168 1238
1169 1170
1169 1237
1169 1238
1169 1239
1170 1171
1170 1238
1170 1239
1170 1240
1171 1172
1171 1239
1171 1240
1171 1241
1172 1173
1172 1240
1172 1241
1172 1242
1173 1174
1173 1241
1173 1242
1173 1243
1174 1242
1174 1243
1175 1176
1175 1244
1175 1245
1176 1177
1176 1244
1176 1245
1176 1246
1177 1178
1177 1245
1177 1246
1177 1247
1178 1179
1178 1246
1178 1247
1179 1180
1179 1247
1179 1248
1180 1181
1180 1248
1180 1249
1181 1182
1181 1248
1181 1249
1182 1249
1182 1250
1183 1184
1183 1250
1183 1251
1184 1185
1184 1251
1184 1252
1185 1186
1185 1252
1185 1253
1186 1187
1186 1252
1186 1253
1186 1254
1187 1188
1187 1253
1187 1254
1187 1255
1188 1254
1188 1255
1188 1256
1189 1256
1189 1257
1190 1191
1190 1258
1190 1259
1191 1192
1191 1258
1191 1259
1191 1260
1192 1193
1192 1259
1192 1260
1192 1261
1193 1194
1193 1260
1193 1261
1193 1262
1194 1261
1194 1262
1194 1263
1195 1196
1195 1263
1195 1264
1195 1265
1196 1197
1196 1264
1196 1265
1196 1266
1197 1265
1197 1266
1197 1267
1198 1199
1198 1267
1198 1268
1198 1269
1199 1200
1199 1268
1199 1269
1200 1269
1201 1202
1201 1270
1201 1271
1202 1270
1202 1271
1202 1272
1203 1272
1203 1273
1203 1274
1204 1274
1204 1275
1204 1276
1205 1206
1205 1276
1205 1277
1206 1207
1206 1277
1206 1278
1207 1208
1207 1277
1207 1278
1208 1278
1208 1279
1209 1279
1209 1280
1209 1281
1210 1211
1210 1282
1211 1212
1211 1282
1211 1283
1212 1282
1212 1283
1212 1284
1213 1214
1213 1284
1213 1285
1214 1215
1214 1285
1214 1286
1215 1216
1215 1286
1216 1217
1216 1286
1216 1287
1217 1287
1218 1219
1218 1288
1219 1288
1219 1289
1220 1221
1220 1289
1220 1290
1221 1222
1221 1290
1221 1291
1222 1223
1222 1290
1222 1291
1223 1224
1223 1291
1224 1225
1224 1292
1225 1226
1225 1292
1225 1293
1226 1227
1226 1292
1226 1293
1227 1228
1227 1293
1227 1294
1228 1229
1228 1294
1228 1295
1229 1294
1229 1295
1229 1296
1230 1298
1230 1299
1231 1232
1231 1300
1232 1233
1232 1300
1232 1301
1233 1234
1233 1301
1234 1301
1234 1302
1235 1302
1235 1303
1235 1304
1236 1237
1236 1304
1236 1305
1236 1306
1237 1238
1237 1305
1237 1306
1237 1307
1238 1239
1238 1306
1238 1307
1238 1308
1239 1240
1239 1307
1239 1308
1239 1309
1240 1241
1240 1308
1240 1309
1240 1310
1241 1242
1241 1309
1241 1310
1241 1311
1242 1243
1242 1310
1242 1311
1242 1312
1243 1311
1243 1312
1243 1313
1244 1245
1244 1313
1244 1314
1244 1315
1245 1246
1245 1314
1245 1315
1245 1316
1246 1247
1246 1315
1246 1316
1246 1317
1247 1316
1247 1317
1247 1318
1248 1249
1248 1318
1248 1319
1248 1320
1249 1319
1249 1320
1249 1321
1250 1251
1250 1321
1250 1322
1250 1323
1251 1322
1251 1323
1252 1253
1252 1324
1253 1254
1253 1324
1254 1255
1254 1325
1255 1256
1255 1325
1255 1326
1256 1257
1256 1325
1256 1326
1256 1327
1257 1326
1257 1327
1258 1259
1258 1328
1259 1260
1259 1328
1259 1329
1260 1261
1260 1328
1260 1329
1261 1262
1261 1329
1261 1330
1262 1263
1262 1330
1262 1331
1263 1264
1263 1330
1263 1331
1263 1332
1264 1265
1264 1331
1264 1332
1264 1333
1265 1266
1265 1332
1265 1333
1265 1334
1266 1267
1266 1333
1266 1334
1266 1335
1267 1268
1267 1334
1267 1335
1267 1336
1268 1269
1268 1335
1268 1336
1269 1336
1269 1337
1270 1271
1270 1338
1271 1272
1271 1338
1271 1339
1272 1273
1272 1339
1272 1340
1273 1274
1273 1339
1273 1340
1273 1341
1274 1275
1274 1340
1274 1341
1274 1342
1275 1276
1275 1341
1275 1342
1275 1343
1276 1342
1276 1343
1276 1344
1277 1278
1277 1344
1277 1345
1277 1346
1278 1345
1278 1346
1278 1347
1279 1280
1279 1347
1279 1348
1279 1349
1280 1281
1280 1348
1280 1349
1280 1350
1281 1349
1281 1350
1281 1351
1282 1283
1282 1352
1282 1353
1282 1354
1283 1284
1283 1353
1283 1354
1283 1355
1284 1285
1284 1354
1284 1355
1285 1355
1286 1356
1286 1357
1287 1357
1287 1358
1287 1359
1288 1289
1288 1360
1288 1361
1288 1362
1289 1361
1289 1362
1289 1363
1290 1291
1290 1363
1290 1364
1290 1365
1291 1364
1291 1365
1291 1366
1292 1293
1292 1367
1293 1368
1294 1295
1294 1368
1294 1369
1294 1370
1295 1296
1295 1369
1295 1370
1295 1371
1296 1297
1296 1370
1296 1371
1296 1372
1297 1298
1297 1371
1297 1372
1297 1373
1298 1299
1298 1372
1298 1373
1299 1373
1299 1374
1300 1374
1300 1375
1300 1376
1301 1376
1301 1377
1302 1303
1302 1377
1302 1378
1302 1379
1303 1304
1303 1378
1303 1379
1303 1380
1304 1305
1304 1379
1304 1380
1304 1381
1305 1306
1305 1380
1305 1381
1305 1382
1306 1307
1306 1381
1306 1382
1306 1383
1307 1308
1307 1382
1307 1383
1307 1384
1308 1309
1308 1383
1308 1384
1308 1385
1309 1310
1309 1384
1309 1385
1309 1386
1310 1311
1310 1385
1310 1386
1310 1387
1311 1312
1311 1386
1311 1387
1311 1388
1312 1313
1312 1387
1312 1388
1313 1314
1313 1388
1314 1315
1314 1389
1315 1316
1315 1389
1315 1390
1316 1317
1316 1389
1316 1390
1317 1318
1317 1390
1317 1391
1318 1319
1318 1391
1318 1392
1319 1320
1319 1391
1319 1392
1319 1393
1320 1321
1320 1392
1320 1393
1320 1394
1321 1322
1321 1393
1321 1394
1321 1395
1322 1323
1322 1394
1322 1395
1322 1396
1323 1395
1323 1396
1323 1397
1324 1397
1325 1326
1325 1398
1325 1399
1325 1400
1326 1327
1326 1399
1326 1400
1327 1400
1328 1329
1328 1401
1328 1402
1328 1403
1329 1402
1329 1403
1329 1404
1330 1331
1330 1404
1330 1405
1330 1406
1331 1332
1331 1405
1331 1406
1332 1333
1332 1406
1332 1407
1333 1334
1333 1407
1333 1408
1334 1335
1334 1407
1334 1408
1334 1409
1335 1336
1335 1408
1335 1409
1335 1410
1336 1409
1336 1410
1336 1411
1337 1411
1337 1412
1338 1413
1339 1340
1339 1413
1339 1414
1339 1415
1340 1341
1340 1414
1340 1415
1340 1416
1341 1342
1341 1415
1341 1416
1341 1417
1342 1343
1342 1416
1342 1417
1343 1344
1343 1417
1343 1418
1344 1345
1344 1418
1345 1346
1345 1418
1345 1419
1346 1347
1346 1419
1346 1420
1347 1348
1347 1419
1347 1420
1347 1421
1348 1349
1348 1420
1348 1421
1349 1350
1349 1421
1350 1351
1350 1422
1351 1352
1351 1422
1351 1423
1352 1353
1352 1422
1352 1423
1353 1354
1353 1423
1353 1424
1354 1355
1354 1424
1354 1425
1355 1424
1355 1425
1356 1357
1356 1426
1356 1427
1356 1428
1357 1358
1357 1427
1357 1428
1357 1429
1358 1359
1358 1428
1358 1429
1358 1430
1359 1360
1359 1429
1359 1430
1359 1431
1360 1361
1360 1430
1360 1431
1360 1432
1361 1362
1361 1431
1361 1432
1361 1433
1362 1363
1362 1432
1362 1433
1362 1434
1363 1364
1363 1433
1363 1434
1363 1435
1364 1365
1364 1434
1364 1435
1365 1366
1365 1435
1366 1367
1366 1436
1367 1436
1367 1437
1368 1369
1368 1438
1368 1439
1369 1370
1369 1439
1369 1440
1370 1371
1370 1439
1370 1440
1370 1441
1371 1372
1371 1440
1371 1441
1371 1442
1372 1373
1372 1441
1372 1442
1372 1443
1373 1442
1373 1443
1374 1375
1374 1444
1374 1445
1375 1376
1375 1444
1375 1445
1375 1446
1376 1445
1376 1446
1376 1447
1377 1378
1377 1447
1377 1448
1377 1449
1378 1379
1378 1448
1378 1449
1378 1450
1379 1380
1379 1449
1379 1450
1379 1451
1380 1381
1380 1450
1380 1451
1380 1452
1381 1382
1381 1451
1381 1452
1382 1383
1382 1452
1382 1453
1383 1384
1383 1453
1383 1454
1384 1385
1384 1453
1384 1454
1384 1455
1385 1386
1385 1454
1385 1455
1386 1387
1386 1455
1386 1456
1387 1388
1387 1456
1388 1456
1388 1457
1389 1390
1389 1458
1389 1459
1389 1460
1390 1459
1390 1460
1390 1461
1391 1392
1391 1461
1391 1462
1391 1463
1392 1393
1392 1462
1392 1463
1392 1464
1393 1394
1393 1463
1393 1464
1393 1465
1394 1395
1394 1464
1394 1465
1394 1466
1395 1396
1395 1465
1395 1466
1396 1397
1396 1466
1396 1467
1397 1467
1397 1468
1398 1399
1398 1469
1399 1400
1399 1469
1399 1470
1400 1469
1400 1470
1400 1471
1401 1402
1401 1472
1401 1473
1402 1403
1402 1472
1402 1473
1402 1474
1403 1404
1403 1473
1403 1474
1403 1475
1404 1405
1404 1474
1404 1475
1405 1406
1405 1475
1405 1476
1406 1476
1406 1477
1407 1408
1407 1477
1407 1478
1408 1409
1408 1478
1409 1410
1409 1478
1409 1479
1410 1411
1410 1479
1410 1480
1411 1412
1411 1479
1411 1480
1411 1481
1412 1480
1412 1481
1413 1414
1413 1482
1414 1415
1414 1482
1415 1416
1416 1417
1417 1483
1418 1483
1418 1484
1418 1485
1419 1420
1419 1485
1419 1486
1419 1487
1420 1421
1420 1486
1420 1487
1421 1487
1421 1488
1422 1423
1422 1489
1422 1490
1423 1489
1423 1490
1423 1491
1424 1425
1424 1491
1424 1492
1424 1493
1425 1492
1425 1493
1425 1494
1426 1427
1426 1494
1426 1495
1426 1496
1427 1428
1427 1495
1427 1496
1427 1497
1428 1429
1428 1496
1428 1497
1429 1430
1429 1497
1429 1498
1430 1431
1430 1498
1430 1499
1431 1432
1431 1498
1431 1499
1431 1500
1432 1433
1432 1499
1432 1500
1432 1501
1433 1434
1433 1500
1433 1501
1433 1502
1434 1435
1434 1501
1434 1502
1434 1503
1435 1502
1435 1503
1435 1504
1436 1437
1436 1505
1436 1506
1436 1507
1437 1438
1437 1506
1437 1507
1437 1508
1438 1507
1438 1508
1438 1509
1439 1440
1439 1509
1439 1510
1439 1511
1440 1441
1440 1510
1440 1511
1440 1512
1441 1442
1441 1511
1441 1512
1441 1513
1442 1443
1442 1512
1442 1513
1442 1514
1443 1513
1443 1514
1443 1515
1444 1445
1444 1515
1444 1516
1445 1446
1445 1516
1445 1517
1446 1447
1446 1516
1446 1517
1446 1518
1447 1448
1447 1517
1447 1518
1447 1519
1448 1449
1448 1518
1448 1519
1449 1450
1449 1519
1449 1520
1450 1451
1450 1520
1451 1452
1451 1520
1451 1521
1452 1521
1452 1522
1453 1454
1453 1522
1453 1523
1453 1524
1454 1455
1454 1523
1454 1524
1454 1525
1455 1524
1455 1525
1455 1526
1456 1526
1456 1527
1456 1528
1457 1458
1457 1528
1457 1529
1457 1530
1458 1459
1458 1529
1458 1530
1458 1531
1459 1460
1459 1530
1459 1531
1459 1532
1460 1461
1460 1531
1460 1532
1460 1533
1461 1462
1461 1532
1461 1533
1461 1534
1462 1463
1462 1533
1462 1534
1462 1535
1463 1464
1463 1534
1463 1535
1463 1536
1464 1465
1464 1535
1464 1536
1464 1537
1465 1466
1465 1536
1465 1537
1465 1538
1466 1537
1466 1538
1466 1539
1467 1468
1467 1539
1467 1540
1467 1541
1468 1540
1468 1541
1468 1542
1469 1470
1469 1543
1470 1471
1470 1544
1471 1544
1472 1473
1472 1545
1472 1546
1473 1474
1473 1545
1473 1546
1473 1547
1474 1475
1474 1546
1474 1547
1474 1548
1475 1547
1475 1548
1475 1549
1476 1477
1476 1549
1476 1550
1476 1551
1477 1550
1477 1551
1477 1552
1478 1552
1478 1553
1478 1554
1479 1480
1479 1554
1479 1555
1479 1556
1480 1481
1480 1555
1480 1556
1481 1556
1481 1557
1482 1558
1482 1559
1483 1484
1483 1561
1483 1562
1483 1563
1484 1485
1484 1562
1484 1563
1484 1564
1485 1486
1485 1563
1485 1564
1485 1565
1486 1487
1486 1564
1486 1565
1486 1566
1487 1565
1487 1566
1487 1567
1488 1567
1489 1490
1489 1568
1490 1491
1490 1568
1490 1569
1491 1492
1491 1568
1491 1569
1491 1570
1492 1493
1492 1569
1492 1570
1492 1571
1493 1494
1493 1570
1493 1571
1493 1572
1494 1495
1494 1571
1494 1572
1494 1573
1495 1496
1495 1572
1495 1573
1495 1574
1496 1497
1496 1573
1496 1574
1497 1574
1497 1575
1498 1499
1498 1575
1498 1576
1498 1577
1499 1500
1499 1576
1499 1577
1499 1578
1500 1501
1500 1577
1500 1578
1500 1579
1501 1502
1501 1578
1501 1579
1502 1503
1502 1579
1503 1504
1504 1505
1504 1580
1505 1506
1505 1580
1505 1581
1506 1507
1506 1580
1506 1581
1506 1582
1507 1508
1507 1581
1507 1582
1507 1583
1508 1509
1508 1582
1508 1583
1508 1584
1509 1510
1509 1583
1509 1584
1509 1585
1510 1511
1510 1584
1510 1585
1511 1512
1511 1585
1511 1586
1512 1513
1512 1586
1513 1514
1513 1586
1513 1587
1514 1515
1514 1587
1514 1588
1515 1587
1515 1588
1515 1589
1516 1517
1516 1589
1516 1590
1517 1518
1517 1590
1518 1519
1518 1591
1519 1591
1519 1592
1520 1592
1520 1593
1521 1522
1521 1594
1521 1595
1522 1523
1522 1594
1522 1595
1522 1596
1523 1524
1523 1595
1523 1596
1523 1597
1524 1525
1524 1596
1524 1597
1524 1598
1525 1526
1525 1597
1525 1598
1526 1527
1526 1598
1527 1528
1528 1529
1529 1530
1529 1599
1530 1531
1530 1599
1530 1600
1531 1532
1531 1599
1531 1600
1532 1533
1532 1600
1532 1601
1533 1534
1533 1601
1533 1602
1534 1535
1534 1601
1534 1602
1534 1603
1535 1536
1535 1602
1535 1603
1535 1604
1536 1537
1536 1603
1536 1604
1536 1605
1537 1538
1537 1604
1537 1605
1537 1606
1538 1539
1538 1605
1538 1606
1538 1607
1539 1540
1539 1606
1539 1607
1539 1608
1540 1541
1540 1607
1540 1608
1540 1609
1541 1542
1541 1608
1541 1609
1541 1610
1542 1543
1542 1609
1542 1610
1542 1611
1543 1610
1543 1611
1543 1612
1544 1613
1544 1614
1545 1546
1545 1615
1546 1547
1546 1615
1546 1616
1547 1548
1547 1615
1547 1616
1548 1549
1548 1616
1548 1617
1549 1550
1549 1617
1549 1618
1550 1551
1550 1617
1550 1618
1550 1619
1551 1552
1551 1618
1551 1619
1551 1620
1552 1553
1552 1619
1552 1620
1552 1621
1553 1554
1553 1620
1553 1621
1553 1622
1554 1555
1554 1621
1554 1622
1555 1556
1555 1622
1555 1623
1556 1623
1557 1558
1557 1624
1558 1559
1558 1624
1558 1625
1559 1625
1559 1626
1560 1561
1560 1627
1560 1628
1560 1629
1561 1562
1561 1628
1561 1629
1561 1630
1562 1563
1562 1629
1562 1630
1563 1564
1563 1630
1563 1631
1564 1565
1564 1631
1564 1632
1565 1566
1565 1631
1565 1632
1565 1633
1566 1567
1566 1632
1566 1633
1567 1633
1567 1634
1568 1569
1568 1636
1568 1637
1568 1638
1569 1570
1569 1637
1569 1638
1569 1639
1570 1571
1570 1638
1570 1639
1570 1640
1571 1572
1571 1639
1571 1640
1571 1641
1572 1573
1572 1640
1572 1641
1573 1574
1573 1641
1573 1642
1574 1642
1574 1643
1575 1576
1575 1643
1575 1644
1575 1645
1576 1577
1576 1644
1576 1645
1576 1646
1577 1578
1577 1645
1577 1646
1577 1647
1578 1579
1578 1646
1578 1647
1578 1648
1579 1647
1579 1648
1579 1649
1580 1581
1580 1651
1580 1652
1581 1582
1581 1652
1581 1653
1582 1583
1582 1652
1582 1653
1582 1654
1583 1584
1583 1653
1583 1654
1583 1655
1584 1585
1584 1654
1584 1655
1584 1656
1585 1655
1585 1656
1585 1657
1586 1657
1586 1658
1586 1659
1587 1588
1587 1659
1587 1660
1587 1661
1588 1589
1588 1660
1588 1661
1588 1662
1589 1590
1589 1661
1589 1662
1589 1663
1590 1662
1590 1663
1590 1664
1591 1592
1591 1665
1591 1666
1591 1667
1592 1593
1592 1666
1592 1667
1592 1668
1593 1667
1593 1668
1594 1595
1594 1669
1595 1596
1595 1669
1596 1597
1596 1670
1597 1598
1597 1670
1597 1671
1598 1670
1598 1671
1598 1672
1599 1600
1599 1675
1599 1676
1600 1676
1601 1602
1601 1677
1602 1603
1602 1677
1602 1678
1603 1604
1603 1677
1603 1678
1603 1679
1604 1605
1604 1678
1604 1679
1604 1680
1605 1606
1605 1679
1605 1680
1605 1681
1606 1607
1606 1680
1606 1681
1606 1682
1607 1608
1607 1681
1607 1682
1607 1683
1608 1609
1608 1682
1608 1683
1608 1684
1609 1610
1609 1683
1609 1684
1609 1685
1610 1611
1610 1684
1610 1685
1611 1612
1611 1685
1612 1613
1613 1614
1613 1686
1614 1686
1615 1616
1615 1687
1615 1688
1616 1687
1616 1688
1617 1618
1617 1689
1617 1690
1618 1619
1618 1689
1618 1690
1618 1691
1619 1620
1619 1690
1619 1691
1620 1621
1620 1691
1620 1692
1621 1622
1621 1692
1621 1693
1622 1692
1622 1693
1622 1694
1623 1694
1623 1695
1623 1696
1624 1696
1624 1697
1624 1698
1625 1626
1625 1698
1625 1699
1625 1700
1626 1627
1626 1699
1626 1700
1627 1628
1627 1700
1627 1701
1628 1629
1628 1701
1628 1702
1629 1630
1629 1701
1629 1702
1629 1703
1630 1702
1630 1703
1631 1632
1631 1704
1631 1705
1632 1633
1632 1704
1632 1705
1632 1706
1633 1705
1633 1706
1633 1707
1634 1635
1634 1707
1634 1708
1634 1709
1635 1636
1635 1708
1635 1709
1636 1637
1636 1709
1636 1710
1637 1638
1637 1710
1637 1711
1638 1639
1638 1710
1638 1711
1638 1712
1639 1640
1639 1711
1639 1712
1639 1713
1640 1641
1640 1712
1640 1713
1640 1714
1641 1713
1641 1714
1641 1715
1642 1643
1642 1715
1642 1716
1642 1717
1643 1644
1643 1716
1643 1717
1643 1718
1644 1645
1644 1717
1644 1718
1645 1646
1645 1718
1645 1719
1646 1647
1646 1719
1646 1720
1647 1648
1647 1719
1647 1720
1647 1721
1648 1649
1648 1720
1648 1721
1648 1722
1649 1650
1649 1721
1649 1722
1649 1723
1650 1651
1650 1722
1650 1723
1650 1724
1651 1723
1651 1724
1651 1725
1652 1653
1652 1725
1652 1726
1653 1654
1653 1726
1653 1727
1654 1655
1654 1726
1654 1727
1654 1728
1655 1656
1655 1727
1655 1728
1655 1729
1656 1657
1656 1728
1656 1729
1657 1658
1657 1729
1657 1730
1658 1659
1658 1730
1658 1731
1659 1660
1659 1730
1659 1731
1660 1661
1660 1731
1661 1662
1662 1663
1662 1732
1663 1664
1663 1732
1664 1665
1664 1732
1665 1666
1665 1733
1666 1667
1666 1733
1666 1734
1667 1668
1667 1733
1667 1734
1667 1735
1668 1734
1668 1735
1668 1736
1669 1736
1669 1737
1669 1738
1670 1671
1670 1739
1670 1740
1670 1741
1671 1672
1671 1740
1671 1741
1671 1742
1672 1673
1672 1741
1672 1742
1673 1674
1673 1742
1673 1743
1674 1675
1674 1743
1675 1676
1675 1743
1675 1744
1676 1744
1676 1745
1677 1678
1677 1747
1677 1748
1677 1749
1678 1679
1678 1748
1678 1749
1678 1750
1679 1680
1679 1749
1679 1750
1679 1751
1680 1681
1680 1750
1680 1751
1680 1752
1681 1682
1681 1751
1681 1752
1682 1683
1682 1752
1682 1753
1683 1684
1683 1753
1683 1754
1684 1685
1684 1753
1684 1754
1684 1755
1685 1754
1685 1755
1685 1756
1687 1688
1687 1758
1687 1759
1688 1759
1688 1760
1689 1690
1689 1760
1689 1761
1689 1762
1690 1691
1690 1761
1690 1762
1690 1763
1691 1762
1691 1763
1691 1764
1692 1693
1692 1764
1692 1765
1692 1766
1693 1694
1693 1765
1693 1766
1694 1695
1694 1766
1694 1767
1695 1696
1695 1767
1695 1768
1696 1697
1696 1767
1696 1768
1696 1769
1697 1698
1697 1768
1697 1769
1697 1770
1698 1699
1698 1769
1698 1770
1699 1700
1699 1770
1699 1771
1700 1771
1701 1702
1702 1703
1702 1772
1703 1772
1703 1773
1704 1705
1704 1773
1704 1774
1705 1706
1705 1774
1706 1707
1706 1774
1706 1775
1707 1708
1707 1775
1707 1776
1708 1709
1708 1775
1708 1776
1708 1777
1709 1776
1709 1777
1709 1778
1710 1711
1710 1778
1710 1779
1710 1780
1711 1712
1711 1779
1711 1780
1711 1781
1712 1713
1712 1780
1712 1781
1712 1782
1713 1714
1713 1781
1713 1782
1713 1783
1714 1715
1714 1782
1714 1783
1714 1784
1715 1716
1715 1783
1715 1784
1715 1785
1716 1717
1716 1784
1716 1785
1716 1786
1717 1718
1717 1785
1717 1786
1717 1787
1718 1786
1718 1787
1719 1720
1719 1788
1720 1721
1720 1788
1720 1789
1721 1722
1721 1788
1721 1789
1721 1790
1722 1723
1722 1789
1722 1790
1723 1724
1723 1790
1723 1791
1724 1725
1724 1791
1724 1792
1725 1791
1725 1792
1726 1727
1726 1793
1727 1728
1727 1793
1727 1794
1728 1729
1728 1794
1728 1795
1729 1794
1729 1795
1729 1796
1730 1731
1730 1796
1730 1797
1730 1798
1731 1797
1731 1798
1731 1799
1732 1801
1733 1734
1733 1802
1733 1803
1733 1804
1734 1735
1734 1803
1734 1804
1734 1805
1735 1736
1735 1804
1735 1805
1735 1806
1736 1737
1736 1805
1736 1806
1737 1738
1737 1806
1737 1807
1738 1739
1738 1807
1738 1808
1739 1740
1739 1807
1739 1808
1739 1809
1740 1741
1740 1808
1740 1809
1740 1810
1741 1742
1741 1809
1741 1810
1742 1810
1742 1811
1743 1811
1743 1812
1743 1813
1744 1745
1744 1813
1744 1814
1744 1815
1745 1746
1745 1814
1745 1815
1745 1816
1746 1747
1746 1815
1746 1816
1746 1817
1747 1748
1747 1816
1747 1817
1747 1818
1748 1749
1748 1817
1748 1818
1748 1819
1749 1750
1749 1818
1749 1819
1750 1751
1750 1819
1750 1820
1751 1752
1751 1820
1752 1820
1752 1821
1753 1754
1753 1821
1753 1822
1753 1823
1754 1755
1754 1822
1754 1823
1754 1824
1755 1756
1755 1823
1755 1824
1755 1825
1756 1757
1756 1824
1756 1825
1757 1825
1757 1826
1758 1759
1758 1827
1759 1827
1759 1828
1760 1761
1760 1828
1761 1762
1761 1829
1762 1763
1762 1829
1762 1830
1763 1764
1763 1829
1763 1830
1763 1831
1764 1765
1764 1830
1764 1831
1764 1832
1765 1766
1765 1831
1765 1832
1765 1833
1766 1832
1766 1833
1766 1834
1767 1768
1767 1834
1767 1835
1768 1769
1768 1835
1769 1770
1770 1836
1771 1836
1771 1837
1771 1838
1772 1773
1772 1840
1772 1841
1773 1841
1774 1842
1774 1843
1775 1776
1775 1843
1775 1844
1775 1845
1776 1777
1776 1844
1776 1845
1777 1778
1777 1845
1777 1846
1778 1779
1778 1846
1778 1847
1779 1780
1779 1846
1779 1847
1780 1781
1780 1847
1780 1848
1781 1782
1781 1848
1782 1783
1782 1848
1782 1849
1783 1784
1783 1849
1783 1850
1784 1785
1784 1849
1784 1850
1785 1786
1785 1850
1785 1851
1786 1787
1786 1851
1786 1852
1787 1851
1787 1852
1787 1853
1788 1789
1788 1854
1788 1855
1789 1790
1789 1855
1789 1856
1790 1855
1790 1856
1790 1857
1791 1792
1791 1857
1791 1858
1791 1859
1792 1858
1792 1859
1792 1860
1793 1860
1793 1861
1793 1862
1794 1795
1794 1862
1794 1863
1794 1864
1795 1796
1795 1863
1795 1864
1795 1865
1796 1797
1796 1864
1796 1865
1797 1798
1797 1865
1797 1866
1798 1799
1798 1866
1799 1800
1799 1866
1799 1867
1800 1867
1800 1868
1801 1802
1801 1869
1801 1870
1802 1803
1802 1870
1802 1871
1803 1804
1803 1871
1803 1872
1804 1805
1804 1871
1804 1872
1804 1873
1805 1806
1805 1872
1805 1873
1805 1874
1806 1873
1806 1874
1806 1875
1807 1808
1807 1875
1807 1876
1807 1877
1808 1809
1808 1876
1808 1877
1808 1878
1809 1810
1809 1877
1809 1878
1809 1879
1810 1878
1810 1879
1810 1880
1811 1812
1811 1880
1811 1881
1811 1882
1812 1813
1812 1881
1812 1882
1812 1883
1813 1814
1813 1882
1813 1883
1814 1815
1814 1883
1814 1884
1815 1816
1815 1884
1815 1885
1816 1817
1816 1884
1816 1885
1816 1886
1817 1818
1817 1885
1817 1886
1818 1819
1818 1886
1818 1887
1819 1887
1819 1888
1820 1888
1820 1889
1820 1890
1821 1822
1821 1890
1821 1891
1822 1823
1822 1891
1822 1892
1823 1824
1823 1891
1823 1892
1823 1893
1824 1825
1824 1892
1824 1893
1825 1893
1825 1894
1826 1894
1826 1895
1827 1828
1827 1896
1827 1897
1828 1897
1828 1898
1829 1830
1829 1899
1829 1900
1830 1831
1830 1900
1830 1901
1831 1832
1831 1900
1831 1901
1831 1902
1832 1833
1832 1901
1832 1902
1833 1834
1833 1902
1833 1903
1834 1835
1834 1903
1834 1904
1835 1903
1835 1904
1835 1905
1836 1837
1836 1907
1836 1908
1836 1909
1837 1838
1837 1908
1837 1909
1837 1910
1838 1839
1838 1909
1838 1910
1838 1911
1839 1840
1839 1910
1839 1911
1839 1912
1840 1911
1840 1912
1840 1913
1841 1913
1841 1914
1842 1843
1843 1844
1843 1915
1844 1845
1844 1915
1845 1915
1845 1916
1846 1847
1846 1916
1846 1917
1846 1918
1847 1917
1847 1918
1847 1919
1848 1919
1848 1920
1848 1921
1849 1850
1849 1921
1849 1922
1850 1922
1850 1923
1851 1852
1851 1923
1851 1924
1851 1925
1852 1853
1852 1924
1852 1925
1853 1854
1853 1925
1853 1926
1854 1926
1854 1927
1855 1856
1855 1927
1855 1928
1855 1929
1856 1857
1856 1928
1856 1929
1856 1930
1857 1858
1857 1929
1857 1930
1857 1931
1858 1859
1858 1930
1858 1931
1858 1932
1859 1860
1859 1931
1859 1932
1859 1933
1860 1861
1860 1932
1860 1933
1860 1934
1861 1862
1861 1933
1861 1934
1861 1935
1862 1863
1862 1934
1862 1935
1863 1864
1863 1935
1863 1936
1864 1865
1864 1936
1864 1937
1865 1936
1865 1937
1865 1938
1866 1938
1866 1939
1867 1868
1867 1940
1867 1941
1868 1869
1868 1940
1868 1941
1868 1942
1869 1870
1869 1941
1869 1942
1869 1943
1870 1942
1870 1943
1870 1944
1871 1872
1871 1944
1871 1945
1871 1946
1872 1873
1872 1945
1872 1946
1872 1947
1873 1874
1873 1946
1873 1947
1873 1948
1874 1875
1874 1947
1874 1948
1874 1949
1875 1876
1875 1948
1875 1949
1876 1877
1876 1949
1877 1878
1877 1950
1878 1879
1878 1950
1878 1951
1879 1880
1879 1950
1879 1951
1879 1952
1880 1881
1880 1951
1880 1952
1881 1882
1881 1952
1881 1953
1882 1883
1882 1953
1882 1954
1883 1953
1883 1954
1883 1955
1884 1885
1884 1955
1884 1956
1884 1957
1885 1886
1885 1956
1885 1957
1885 1958
1886 1957
1886 1958
1887 1888
1887 1959
1887 1960
1888 1889
1888 1959
1888 1960
1888 1961
1889 1890
1889 1960
1889 1961
1889 1962
1890 1961
1890 1962
1890 1963
1891 1892
1891 1963
1891 1964
1891 1965
1892 1893
1892 1964
1892 1965
1892 1966
1893 1965
1893 1966
1893 1967
1894 1895
1894 1967
1894 1968
1895 1968
1895 1969
1896 1897
1896 1970
1896 1971
1897 1970
1897 1971
1897 1972
1898 1899
1898 1972
1898 1973
1898 1974
1899 1973
1899 1974
1899 1975
1900 1901
1900 1975
1900 1976
1900 1977
1901 1902
1901 1976
1901 1977
1901 1978
1902 1977
1902 1978
1902 1979
1903 1904
1903 1979
1903 1980
1903 1981
1904 1905
1904 1980
1904 1981
1904 1982
1905 1906
1905 1981
1905 1982
1906 1907
1906 1982
1906 1983
1907 1908
1907 1983
1908 1909
1908 1983
1909 1910
1910 1911
1910 1984
1911 1912
1911 1984
1911 1985
1912 1913
1912 1984
1912 1985
1912 1986
1913 1914
1913 1985
1913 1986
1913 1987
1914 1986
1914 1987
1914 1988
1915 1990
1915 1991
1915 1992
1916 1917
1916 1992
1916 1993
1917 1918
1917 1993
1917 1994
1918 1919
1918 1994
1918 1995
1919 1920
1919 1994
1919 1995
1920 1921
1920 1995
1920 1996
1921 1996
1922 1923
1922 1997
1923 1924
1923 1997
1923 1998
1924 1925
1924 1998
1925 1998
1925 1999
1926 1927
1926 1999
1926 2000
1926 2001
1927 1928
1927 2000
1927 2001
1927 2002
1928 1929
1928 2001
1928 2002
1928 2003
1929 1930
1929 2002
1929 2003
1929 2004
1930 1931
1930 2003
1930 2004
1930 2005
1931 1932
1931 2004
1931 2005
1931 2006
1932 1933
1932 2005
1932 2006
1933 1934
1933 2006
1933 2007
1934 1935
1934 2007
1934 2008
1935 2007
1935 2008
1935 2009
1936 1937
1936 2009
1936 2010
1936 2011
1937 1938
1937 2010
1937 2011
1937 2012
1938 1939
1938 2011
1938 2012
1938 2013
1939 2012
1939 2013
1939 2014
1940 1941
1940 2014
1940 2015
1940 2016
1941 1942
1941 2015
1941 2016
1942 1943
1942 2016
1942 2017
1943 1944
1943 2017
1943 2018
1944 1945
1944 2017
1944 2018
1944 2019
1945 1946
1945 2018
1945 2019
1945 2020
1946 1947
1946 2019
1946 2020
1946 2021
1947 1948
1947 2020
1947 2021
1947 2022
1948 1949
1948 2021
1948 2022
1949 2022
1949 2023
1950 1951
1950 2024
1950 2025
1950 2026
1951 1952
1951 2025
1951 2026
1951 2027
1952 2026
1952 2027
1952 2028
1953 1954
1953 2028
1953 2029
1953 2030
1954 1955
1954 2029
1954 2030
1954 2031
1955 1956
1955 2030
1955 2031
1955 2032
1956 1957
1956 2031
1956 2032
1956 2033
1957 1958
1957 2032
1957 2033
1957 2034
1958 2033
1958 2034
1958 2035
1959 1960
1959 2035
1959 2036
1959 2037
1960 1961
1960 2036
1960 2037
1960 2038
1961 1962
1961 2037
1961 2038
1961 2039
1962 1963
1962 2038
1962 2039
1962 2040
1963 1964
1963 2039
1963 2040
1963 2041
1964 1965
1964 2040
1964 2041
1964 2042
1965 1966
1965 2041
1965 2042
1965 2043
1966 1967
1966 2042
1966 2043
1966 2044
1967 2043
1967 2044
1967 2045
1968 1969
1968 2045
1968 2046
1969 2046
1970 1971
1970 2047
1970 2048
1971 1972
1971 2047
1971 2048
1971 2049
1972 1973
1972 2048
1972 2049
1972 2050
1973 1974
1973 2049
1973 2050
1974 1975
1974 2050
1974 2051
1975 1976
1975 2051
1975 2052
1976 1977
1976 2051
1976 2052
1976 2053
1977 1978
1977 2052
1977 2053
1978 1979
1978 2053
1978 2054
1979 1980
1979 2054
1979 2055
1980 1981
1980 2054
1980 2055
1980 2056
1981 1982
1981 2055
1981 2056
1981 2057
1982 2056
1982 2057
1982 2058
1983 2058
1983 2059
1984 1985
1984 2060
1984 2061
1984 2062
1985 1986
1985 2061
1985 2062
1985 2063
1986 1987
1986 2062
1986 2063
1986 2064
1987 1988
1987 2063
1987 2064
1987 2065
1988 1989
1988 2064
1988 2065
1988 2066
1989 1990
1989 2065
1989 2066
1990 1991
1990 2066
1991 1992
1991 2067
1992 1993
1992 2067
1992 2068
1993 2067
1993 2068
1993 2069
1994 1995
1994 2069
1994 2070
1994 2071
1995 2070
1995 2071
1995 2072
1996 2072
1996 2073
1996 2074
1997 2074
1997 2075
1997 2076
1998 2076
1998 2077
1998 2078
1999 2000
1999 2078
1999 2079
1999 2080
2000 2001
2000 2079
2000 2080
2001 2002
2001 2080
2001 2081
2002 2003
2002 2081
2002 2082
2003 2004
2003 2081
2003 2082
2003 2083
2004 2005
2004 2082
2004 2083
2004 2084
2005 2006
2005 2083
2005 2084
2005 2085
2006 2084
2006 2085
2007 2008
2007 2086
2007 2087
2008 2009
2008 2086
2008 2087
2008 2088
2009 2010
2009 2087
2009 2088
2010 2011
2010 2088
2010 2089
2011 2012
2011 2089
2011 2090
2012 2013
2012 2089
2012 2090
2013 2014
2013 2090
2013 2091
2014 2015
2014 2091
2014 2092
2015 2016
2015 2091
2015 2092
2015 2093
2016 2092
2016 2093
2016 2094
2017 2018
2017 2094
2017 2095
2017 2096
2018 2019
2018 2095
2018 2096
2019 2020
2019 2096
2019 2097
2020 2021
2020 2097
2020 2098
2021 2022
2021 2097
2021 2098
2021 2099
2022 2098
2022 2099
2023 2024
2023 2100
2024 2025
2024 2100
2024 2101
2025 2026
2025 2100
2025 2101
2025 2102
2026 2027
2026 2101
2026 2102
2027 2028
2027 2102
2027 2103
2028 2029
2028 2103
2028 2104
2029 2030
2029 2103
2029 2104
2029 2105
2030 2031
2030 2104
2030 2105
2030 2106
2031 2032
2031 2105
2031 2106
2032 2033
2032 2106
2032 2107
2033 2034
2033 2107
2033 2108
2034 2035
2034 2107
2034 2108
2034 2109
2035 2036
2035 2108
2035 2109
2035 2110
2036 2037
2036 2109
2036 2110
2037 2038
2037 2110
2037 2111
2038 2039
2038 2111
2038 2112
2039 2040
2039 2111
2039 2112
2039 2113
2040 2041
2040 2112
2040 2113
2040 2114
2041 2042
2041 2113
2041 2114
2041 2115
2042 2043
2042 2114
2042 2115
2042 2116
2043 2044
2043 2115
2043 2116
2043 2117
2044 2045
2044 2116
2044 2117
2045 2046
2045 2117
2045 2118
2046 2118
2047 2048
2047 2119
2048 2049
2048 2119
2048 2120
2049 2050
2049 2119
2049 2120
2049 2121
2050 2120
2050 2121
2050 2122
2051 2052
2051 2122
2051 2123
2051 2124
2052 2053
2052 2123
2052 2124
2052 2125
2053 2124
2053 2125
2053 2126
2054 2055
2054 2126
2054 2127
2055 2056
2055 2127
2055 2128
2056 2057
2056 2127
2056 2128
2057 2058
2057 2128
2057 2129
2058 2059
2058 2129
2058 2130
2059 2129
2059 2130
2059 2131
2060 2061
2060 2132
2061 2062
2061 2132
2061 2133
2062 2063
2062 2132
2062 2133
2063 2064
2063 2133
2064 2065
2064 2134
2065 2066
2065 2134
2065 2135
2066 2134
2066 2135
2066 2136
2067 2068
2067 2137
2067 2138
2068 2069
2068 2138
2068 2139
2069 2070
2069 2139
2069 2140
2070 2071
2070 2139
2070 2140
2071 2072
2071 2140
2071 2141
2072 2073
2072 2141
2072 2142
2073 2074
2073 2141
2073 2142
2073 2143
2074 2075
2074 2142
2074 2143
2074 2144
2075 2076
2075 2143
2075 2144
2075 2145
2076 2077
2076 2144
2076 2145
2076 2146
2077 2078
2077 2145
2077 2146
2077 2147
2078 2079
2078 2146
2078 2147
2078 2148
2079 2080
2079 2147
2079 2148
2079 2149
2080 2148
2080 2149
2080 2150
2081 2082
2081 2150
2081 2151
2081 2152
2082 2083
2082 2151
2082 2152
2083 2084
2083 2152
2083 2153
2084 2085
2084 2153
2084 2154
2085 2153
2085 2154
2085 2155
2086 2087
2086 2155
2086 2156
2087 2088
2087 2156
2088 2157
2089 2090
2089 2157
2090 2158
2091 2092
2091 2158
2091 2159
2091 2160
2092 2093
2092 2159
2092 2160
2092 2161
2093 2094
2093 2160
2093 2161
2094 2095
2094 2161
2095 2096
2095 2162
2096 2162
2096 2163
2097 2098
2097 2163
2097 2164
2097 2165
2098 2099
2098 2164
2098 2165
2099 2165
2099 2166
2100 2101
2100 2167
2100 2168
2100 2169
2101 2102
2101 2168
2101 2169
2101 2170
2102 2169
2102 2170
2102 2171
2103 2104
2103 2171
2103 2172
2104 2105
2104 2172
2104 2173
2105 2106
2105 2173
2105 2174
2106 2173
2106 2174
2107 2108
2107 2175
2107 2176
2108 2109
2108 2175
2108 2176
2108 2177
2109 2110
2109 2176
2109 2177
2109 2178
2110 2177
2110 2178
2110 2179
2111 2112
2111 2179
2111 2180
2111 2181
2112 2113
2112 2180
2112 2181
2113 2114
2113 2181
2113 2182
2114 2115
2114 2182
2114 2183
2115 2116
2115 2182
2115 2183
2116 2117
2116 2183
2116 2184
2117 2184
2117 2185
2118 2185
2118 2186
2118 2187
2119 2120
2119 2188
2119 2189
2119 2190
2120 2121
2120 2189
2120 2190
2120 2191
2121 2122
2121 2190
2121 2191
2122 2123
2122 2191
2122 2192
2123 2124
2123 2192
2123 2193
2124 2125
2124 2192
2124 2193
2124 2194
2125 2126
2125 2193
2125 2194
2126 2194
2126 2195
2127 2128
2127 2195
2127 2196
2127 2197
2128 2196
2128 2197
2128 2198
2129 2130
2129 2198
2129 2199
2130 2131
2130 2199
2130 2200
2131 2199
2131 2200
2132 2133
2132 2201
2132 2202
2132 2203
2133 2202
2133 2203
2134 2135
2134 2204
2134 2205
2135 2136
2135 2204
2135 2205
2135 2206
2136 2137
2136 2205
2136 2206
2136 2207
2137 2138
2137 2206
2137 2207
2137 2208
2138 2207
2138 2208
2138 2209
2139 2140
2139 2209
2139 2210
2139 2211
2140 2210
2140 2211
2140 2212
2141 2142
2141 2212
2141 2213
2141 2214
2142 2143
2142 2213
2142 2214
2142 2215
2143 2144
2143 2214
2143 2215
2143 2216
2144 2145
2144 2215
2144 2216
2144 2217
2145 2146
2145 2216
2145 2217
2146 2147
2146 2217
2147 2148
2148 2149
2148 2218
2149 2150
2149 2218
2149 2219
2150 2151
2150 2218
2150 2219
2150 2220
2151 2152
2151 2219
2151 2220
2152 2220
2152 2221
2153 2154
2153 2221
2153 2222
2153 2223
2154 2155
2154 2222
2154 2223
2154 2224
2155 2156
2155 2223
2155 2224
2155 2225
2156 2224
2156 2225
2156 2226
2157 2227
2157 2228
2157 2229
2158 2159
2158 2230
2158 2231
2159 2160
2159 2231
2159 2232
2160 2161
2160 2232
2160 2233
2161 2232
2161 2233
2161 2234
2162 2163
2162 2235
2162 2236
2163 2164
2163 2235
2163 2236
2163 2237
2164 2165
2164 2236
2164 2237
2164 2238
2165 2237
2165 2238
2165 2239
2166 2167
2166 2239
2166 2240
2167 2168
2167 2240
2167 2241
2168 2169
2168 2240
2168 2241
2168 2242
2169 2170
2169 2241
2169 2242
2169 2243
2170 2171
2170 2242
2170 2243
2170 2244
2171 2172
2171 2243
2171 2244
2171 2245
2172 2244
2172 2245
2173 2174
2173 2246
2173 2247
2174 2246
2174 2247
2174 2248
2175 2176
2175 2248
2175 2249
2175 2250
2176 2177
2176 2249
2176 2250
2176 2251
2177 2178
2177 2250
2177 2251
2177 2252
2178 2179
2178 2251
2178 2252
2178 2253
2179 2180
2179 2252
2179 2253
2179 2254
2180 2181
2180 2253
2180 2254
2180 2255
2181 2254
2181 2255
2181 2256
2182 2183
2182 2256
2182 2257
2182 2258
2183 2257
2183 2258
2183 2259
2184 2185
2184 2259
2184 2260
2184 2261
2185 2186
2185 2260
2185 2261
2185 2262
2186 2187
2186 2261
2186 2262
2186 2263
2187 2262
2187 2263
2188 2189
2188 2264
2188 2265
2189 2190
2189 2264
2189 2265
2189 2266
2190 2191
2190 2265
2190 2266
2190 2267
2191 2266
2191 2267
2191 2268
2192 2193
2192 2268
2192 2269
2193 2194
2193 2269
2193 2270
2194 2270
2195 2196
2195 2271
2196 2197
2196 2271
2196 2272
2197 2198
2197 2272
2197 2273
2198 2272
2198 2273
2198 2274
2199 2200
2199 2274
2199 2275
2200 2275
2201 2202
2201 2276
2202 2203
2202 2276
2202 2277
2203 2277
2203 2278
2204 2205
2204 2279
2205 2206
2205 2279
2205 2280
2206 2207
2206 2279
2206 2280
2207 2208
2207 2280
2207 2281
2208 2209
2208 2281
2209 2210
2209 2281
2209 2282
2210 2211
2210 2282
2210 2283
2211 2212
2211 2282
2211 2283
2212 2213
2212 2283
2212 2284
2213 2214
2213 2284
2213 2285
2214 2215
2214 2284
2214 2285
2214 2286
2215 2216
2215 2285
2215 2286
2215 2287
2216 2217
2216 2286
2216 2287
2216 2288
2217 2287
2217 2288
2217 2289
2218 2219
2218 2291
2218 2292
2219 2220
2219 2292
2219 2293
2220 2293
2220 2294
2221 2222
2221 2294
2221 2295
2222 2223
2222 2295
2223 2224
2223 2295
2224 2225
2225 2226
2225 2296
2226 2227
2226 2296
2227 2228
2227 2296
2227 2297
2228 2229
2228 2297
2228 2298
2229 2230
2229 2297
2229 2298
2229 2299
2230 2231
2230 2298
2230 2299
2230 2300
2231 2299
2231 2300
2232 2233
2232 2301
2233 2234
2233 2301
2233 2302
2234 2301
2234 2302
2234 2303
2235 2236
2235 2303
2235 2304
2235 2305
2236 2237
2236 2304
2236 2305
2237 2238
2237 2305
2237 2306
2238 2239
2238 2306
2239 2306
2239 2307
2240 2241
2240 2307
2240 2308
2241 2242
2241 2308
2241 2309
2242 2243
2242 2309
2242 2310
2243 2244
2243 2309
2243 2310
2244 2245
2244 2310
2245 2311
2246 2247
2246 2311
2246 2312
2246 2313
2247 2248
2247 2312
2247 2313
2247 2314
2248 2249
2248 2313
2248 2314
2248 2315
2249 2250
2249 2314
2249 2315
2249 2316
2250 2251
2250 2315
2250 2316
2250 2317
2251 2252
2251 2316
2251 2317
2251 2318
2252 2253
2252 2317
2252 2318
2252 2319
2253 2254
2253 2318
2253 2319
2254 2255
2254 2319
2254 2320
2255 2256
2255 2320
2255 2321
2256 2257
2256 2320
2256 2321
2257 2258
2257 2321
2257 2322
2258 2259
2258 2322
2259 2260
2259 2322
2259 2323
2260 2261
2260 2323
2260 2324
2261 2262
2261 2323
2261 2324
2262 2263
2262 2324
2262 2325
2263 2325
2264 2265
2264 2326
2265 2266
2265 2326
2265 2327
2266 2267
2266 2326
2266 2327
2266 2328
2267 2268
2267 2327
2267 2328
2268 2269
2268 2328
2268 2329
2269 2329
2269 2330
2270 2330
2270 2331
2270 2332
2271 2332
2271 2333
2271 2334
2272 2273
2272 2334
2273 2274
2273 2335
2274 2275
2274 2335
2274 2336
2275 2335
2275 2336
2275 2337
2276 2338
2276 2339
2276 2340
2277 2278
2277 2340
2277 2341
2277 2342
2278 2341
2278 2342
2278 2343
2279 2280
2279 2344
2280 2344
2280 2345
2281 2345
2281 2346
2281 2347
2282 2283
2282 2347
2282 2348
2283 2348
2284 2285
2284 2349
2284 2350
2285 2286
2285 2349
2285 2350
2285 2351
2286 2287
2286 2350
2286 2351
2286 2352
2287 2288
2287 2351
2287 2352
2287 2353
2288 2289
2288 2352
2288 2353
2289 2290
2289 2353
2289 2354
2290 2291
2290 2354
2290 2355
2291 2292
2291 2354
2291 2355
2291 2356
2292 2355
2292 2356
2292 2357
2293 2294
2293 2357
2293 2358
2294 2358
2294 2359
2295 2359
2295 2360
2296 2362
2297 2298
2297 2362
2297 2363
2297 2364
2298 2299
2298 2363
2298 2364
2298 2365
2299 2300
2299 2364
2299 2365
2300 2365
2300 2366
2301 2302
2301 2367
2301 2368
2301 2369
2302 2303
2302 2368
2302 2369
2303 2304
2303 2369
2303 2370
2304 2305
2304 2370
2304 2371
2305 2370
2305 2371
2305 2372
2306 2372
2306 2373
2306 2374
2307 2308
2307 2374
2307 2375
2308 2375
2308 2376
2309 2310
2309 2376
2309 2377
2309 2378
2310 2377
2310 2378
2310 2379
2311 2312
2311 2380
2311 2381
2312 2313
2312 2381
2312 2382
2313 2314
2313 2382
2313 2383
2314 2315
2314 2382
2314 2383
2314 2384
2315 2316
2315 2383
2315 2384
2315 2385
2316 2317
2316 2384
2316 2385
2316 2386
2317 2318
2317 2385
2317 2386
2317 2387
2318 2319
2318 2386
2318 2387
2318 2388
2319 2387
2319 2388
2319 2389
2320 2321
2320 2389
2320 2390
2321 2390
2321 2391
2322 2391
2322 2392
2323 2324
2323 2392
2323 2393
2323 2394
2324 2393
2324 2394
2324 2395
2325 2395
2325 2396
2326 2327
2326 2397
2326 2398
2326 2399
2327 2328
2327 2398
2327 2399
2328 2399
2328 2400
2329 2330
2329 2400
2329 2401
2329 2402
2330 2331
2330 2401
2330 2402
2330 2403
2331 2332
2331 2402
2331 2403
2331 2404
2332 2333
2332 2403
2332 2404
2332 2405
2333 2334
2333 2404
2333 2405
2334 2405
2334 2406
2335 2336
2335 2407
2335 2408
2335 2409
2336 2337
2336 2408
2336 2409
2336 2410
2337 2338
2337 2409
2337 2410
2337 2411
2338 2339
2338 2410
2338 2411
2338 2412
2339 2340
2339 2411
2339 2412
2339 2413
2340 2341
2340 2412
2340 2413
2340 2414
2341 2342
2341 2413
2341 2414
2341 2415
2342 2343
2342 2414
2342 2415
2342 2416
2343 2415
2343 2416
2343 2417
2344 2345
2344 2418
2344 2419
2344 2420
2345 2346
2345 2419
2345 2420
2345 2421
2346 2347
2346 2420
2346 2421
2346 2422
2347 2421
2347 2422
2348 2423
2348 2424
2349 2350
2349 2424
2349 2425
2349 2426
2350 2351
2350 2425
2350 2426
2350 2427
2351 2352
2351 2426
2351 2427
2351 2428
2352 2353
2352 2427
2352 2428
2352 2429
2353 2428
2353 2429
2354 2355
2354 2430
2354 2431
2355 2356
2355 2430
2355 2431
2356 2357
2356 2431
2358 2359
2358 2432
2359 2360
2359 2432
2359 2433
2360 2432
2360 2433
2360 2434
2361 2434
2361 2435
2361 2436
2362 2363
2362 2437
2362 2438
2363 2364
2363 2437
2363 2438
2363 2439
2364 2365
2364 2438
2364 2439
2364 2440
2365 2439
2365 2440
2365 2441
2366 2367
2366 2441
2366 2442
2366 2443
2367 2368
2367 2442
2367 2443
2367 2444
2368 2369
2368 2443
2368 2444
2368 2445
2369 2444
2369 2445
2369 2446
2370 2371
2370 2446
2370 2447
2370 2448
2371 2372
2371 2447
2371 2448
2371 2449
2372 2373
2372 2448
2372 2449
2372 2450
2373 2374
2373 2449
2373 2450
2374 2375
2374 2450
2374 2451
2375 2451
2376 2377
2376 2452
2376 2453
2377 2378
2377 2452
2377 2453
2377 2454
2378 2379
2378 2453
2378 2454
2378 2455
2379 2380
2379 2454
2379 2455
2379 2456
2380 2381
2380 2455
2380 2456
2380 2457
2381 2456
2381 2457
2382 2383
2382 2458
2382 2459
2383 2384
2383 2458
2383 2459
2383 2460
2384 2385
2384 2459
2384 2460
2384 2461
2385 2386
2385 2460
2385 2461
2385 2462
2386 2387
2386 2461
2386 2462
2387 2388
2387 2462
2387 2463
2388 2389
2388 2463
2389 2463
2389 2464
2390 2391
2390 2464
2390 2465
2391 2465
2391 2466
2392 2393
2392 2466
2392 2467
2393 2394
2393 2467
2393 2468
2394 2395
2394 2467
2394 2468
2395 2396
2395 2468
2395 2469
2396 2469
2397 2398
2397 2470
2397 2471
2398 2399
2398 2470
2398 2471
2398 2472
2399 2471
2399 2472
2399 2473
2400 2401
2400 2473
2400 2474
2401 2402
2401 2474
2401 2475
2402 2403
2402 2474
2402 2475
2402 2476
2403 2404
2403 2475
2403 2476
2403 2477
2404 2405
2404 2476
2404 2477
2404 2478
2405 2477
2405 2478
2405 2479
2406 2407
2406 2479
2406 2480
2406 2481
2407 2408
2407 2480
2407 2481
2407 2482
2408 2409
2408 2481
2408 2482
2409 2410
2409 2482
2410 2411
2410 2483
2411 2412
2411 2483
2411 2484
2412 2413
2412 2483
2412 2484
2412 2485
2413 2414
2413 2484
2413 2485
2413 2486
2414 2415
2414 2485
2414 2486
2414 2487
2415 2416
2415 2486
2415 2487
2415 2488
2416 2417
2416 2487
2416 2488
2416 2489
2417 2418
2417 2488
2417 2489
2418 2419
2418 2489
2418 2490
2419 2420
2419 2490
2419 2491
2420 2421
2420 2490
2420 2491
2420 2492
2421 2422
2421 2491
2421 2492
2422 2492
2422 2493
2423 2424
2423 2493
2423 2494
2423 2495
2424 2425
2424 2494
2424 2495
2424 2496
2425 2426
2425 2495
2425 2496
2426 2427
2426 2496
2426 2497
2427 2428
2427 2497
2427 2498
2428 2429
2428 2497
2428 2498
2429 2498
2429 2499
2430 2431
2430 2499
2430 2500
2430 2501
2431 2500
2431 2501
2431 2502
2432 2433
2432 2505
2432 2506
2433 2434
2433 2506
2433 2507
2434 2435
2434 2506
2434 2507
2434 2508
2435 2436
2435 2507
2435 2508
2435 2509
2436 2508
2436 2509
2436 2510
2437 2438
2437 2510
2437 2511
2437 2512
2438 2439
2438 2511
2438 2512
2438 2513
2439 2440
2439 2512
2439 2513
2439 2514
2440 2441
2440 2513
2440 2514
2441 2442
2441 2514
2441 2515
2442 2443
2442 2515
2443 2444
2443 2515
2443 2516
2444 2445
2444 2516
2444 2517
2445 2446
2445 2516
2445 2517
2445 2518
2446 2447
2446 2517
2446 2518
2446 2519
2447 2448
2447 2518
2447 2519
2447 2520
2448 2449
2448 2519
2448 2520
2448 2521
2449 2450
2449 2520
2449 2521
2449 2522
2450 2521
2450 2522
2450 2523
2451 2523
2451 2524
2451 2525
2452 2453
2452 2525
2452 2526
2452 2527
2453 2454
2453 2526
2453 2527
2453 2528
2454 2455
2454 2527
2454 2528
2454 2529
2455 2456
2455 2528
2455 2529
2455 2530
2456 2457
2456 2529
2456 2530
2456 2531
2457 2530
2457 2531
2457 2532
2458 2459
2458 2532
2458 2533
2458 2534
2459 2460
2459 2533
2459 2534
2459 2535
2460 2461
2460 2534
2460 2535
2461 2462
2461 2535
2461 2536
2462 2536
2462 2537
2463 2537
2463 2538
2464 2465
2464 2538
2464 2539
2465 2539
2466 2540
2466 2541
2467 2468
2467 2541
2467 2542
2468 2542
2468 2543
2469 2543
2469 2544
2470 2471
2470 2545
2470 2546
2471 2472
2471 2545
2471 2546
2472 2473
2472 2546
2472 2547
2473 2547
2473 2548
2474 2475
2474 2548
2474 2549
2475 2476
2475 2549
2475 2550
2476 2477
2476 2549
2476 2550
2477 2478
2477 2550
2477 2551
2478 2479
2478 2551
2478 2552
2479 2480
2479 2551
2479 2552
2479 2553
2480 2481
2480 2552
2480 2553
2480 2554
2481 2482
2481 2553
2481 2554
2481 2555
2482 2554
2482 2555
2482 2556
2483 2484
2483 2557
2483 2558
2484 2485
2484 2557
2484 2558
2484 2559
2485 2486
2485 2558
2485 2559
2485 2560
2486 2487
2486 2559
2486 2560
2487 2488
2487 2560
2487 2561
2488 2489
2488 2561
2488 2562
2489 2561
2489 2562
2489 2563
2490 2491
2490 2563
2490 2564
2490 2565
2491 2492
2491 2564
2491 2565
2491 2566
2492 2565
2492 2566
2492 2567
2493 2494
2493 2567
2493 2568
2493 2569
2494 2495
2494 2568
2494 2569
2494 2570
2495 2496
2495 2569
2495 2570
2496 2570
2496 2571
2497 2498
2497 2571
2497 2572
2497 2573
2498 2572
2498 2573
2498 2574
2499 2500
2499 2574
2499 2575
2500 2501
2500 2575
2500 2576
2501 2502
2501 2575
2501 2576
2501 2577
2502 2503
2502 2576
2502 2577
2503 2504
2503 2577
2503 2578
2504 2505
2504 2578
2504 2579
2505 2578
2505 2579
2505 2580
2506 2507
2506 2580
2506 2581
2506 2582
2507 2508
2507 2581
2507 2582
2507 2583
2508 2509
2508 2582
2508 2583
2508 2584
2509 2510
2509 2583
2509 2584
2509 2585
2510 2511
2510 2584
2510 2585
2511 2512
2511 2585
2512 2513
2512 2586
2513 2514
2513 2586
2513 2587
2514 2586
2514 2587
2514 2588
2515 2588
2515 2589
2515 2590
2516 2517
2516 2590
2516 2591
2516 2592
2517 2518
2517 2591
2517 2592
2517 2593
2518 2519
2518 2592
2518 2593
2518 2594
2519 2520
2519 2593
2519 2594
2519 2595
2520 2521
2520 2594
2520 2595
2520 2596
2521 2522
2521 2595
2521 2596
2521 2597
2522 2523
2522 2596
2522 2597
2522 2598
2523 2524
2523 2597
2523 2598
2523 2599
2524 2525
2524 2598
2524 2599
2524 2600
2525 2526
2525 2599
2525 2600
2525 2601
2526 2527
2526 2600
2526 2601
2526 2602
2527 2528
2527 2601
2527 2602
2527 2603
2528 2529
2528 2602
2528 2603
2529 2530
2529 2603
2529 2604
2530 2531
2530 2604
2530 2605
2531 2532
2531 2604
2531 2605
2531 2606
2532 2533
2532 2605
2532 2606
2533 2534
2533 2606
2533 2607
2534 2535
2534 2607
2534 2608
2535 2607
2535 2608
2535 2609
2536 2537
2536 2609
2536 2610
2536 2611
2537 2610
2537 2611
2537 2612
2538 2539
2538 2612
2538 2613
2539 2613
2539 2614
2540 2541
2540 2615
2540 2616
2540 2617
2541 2616
2541 2617
2541 2618
2542 2543
2542 2618
2542 2619
2543 2544
2543 2619
2545 2546
2545 2620
2545 2621
2546 2620
2546 2621
2546 2622
2547 2548
2547 2622
2547 2623
2548 2623
2548 2624
2549 2550
2549 2624
2549 2625
2549 2626
2550 2625
2550 2626
2550 2627
2551 2552
2551 2627
2551 2628
2552 2553
2552 2628
2553 2554
2553 2629
2554 2555
2554 2629
2554 2630
2555 2556
2555 2629
2555 2630
2555 2631
2556 2630
2556 2631
2556 2632
2557 2558
2557 2632
2557 2633
2558 2559
2558 2633
2558 2634
2559 2560
2559 2633
2559 2634
2559 2635
2560 2634
2560 2635
2560 2636
2561 2562
2561 2636
2561 2637
2562 2563
2562 2637
2562 2638
2563 2564
2563 2638
2563 2639
2564 2565
2564 2638
2564 2639
2564 2640
2565 2566
2565 2639
2565 2640
2565 2641
2566 2567
2566 2640
2566 2641
2566 2642
2567 2568
2567 2641
2567 2642
2567 2643
2568 2569
2568 2642
2568 2643
2569 2570
2569 2643
2570 2644
2571 2572
2571 2644
2571 2645
2571 2646
2572 2573
2572 2645
2572 2646
2572 2647
2573 2574
2573 2646
2573 2647
2573 2648
2574 2647
2574 2648
2574 2649
2575 2576
2575 2649
2575 2650
2575 2651
2576 2577
2576 2650
2576 2651
2576 2652
2577 2651
2577 2652
2577 2653
2578 2579
2578 2653
2578 2654
2579 2580
2579 2654
2579 2655
2580 2581
2580 2655
2580 2656
2581 2582
2581 2655
2581 2656
2581 2657
2582 2583
2582 2656
2582 2657
2582 2658
2583 2584
2583 2657
2583 2658
2583 2659
2584 2585
2584 2658
2584 2659
2584 2660
2585 2659
2585 2660
2585 2661
2586 2587
2586 2662
2586 2663
2586 2664
2587 2588
2587 2663
2587 2664
2587 2665
2588 2589
2588 2664
2588 2665
2589 2590
2589 2665
2589 2666
2590 2591
2590 2666
2590 2667
2591 2592
2591 2666
2591 2667
2591 2668
2592 2593
2592 2667
2592 2668
2592 2669
2593 2594
2593 2668
2593 2669
2593 2670
2594 2595
2594 2669
2594 2670
2594 2671
2595 2596
2595 2670
2595 2671
2595 2672
2596 2597
2596 2671
2596 2672
2596 2673
2597 2598
2597 2672
2597 2673
2597 2674
2598 2599
2598 2673
2598 2674
2598 2675
2599 2600
2599 2674
2599 2675
2599 2676
2600 2601
2600 2675
2600 2676
2600 2677
2601 2602
2601 2676
2601 2677
2601 2678
2602 2603
2602 2677
2602 2678
2602 2679
2603 2678
2603 2679
2603 2680
2604 2605
2604 2680
2604 2681
2604 2682
2605 2606
2605 2681
2605 2682
2605 2683
2606 2682
2606 2683
2606 2684
2607 2608
2607 2684
2607 2685
2607 2686
2608 2609
2608 2685
2608 2686
2609 2610
2609 2686
2609 2687
2610 2611
2610 2687
2610 2688
2611 2612
2611 2687
2611 2688
2611 2689
2612 2688
2612 2689
2612 2690
2613 2614
2613 2690
2613 2691
2613 2692
2614 2615
2614 2691
2614 2692
2615 2616
2615 2692
2615 2693
2616 2617
2616 2693
2616 2694
2617 2618
2617 2693
2617 2694
2617 2695
2618 2619
2618 2694
2618 2695
2618 2696
2619 2695
2619 2696
2619 2697
2620 2621
2621 2622
2621 2698
2622 2698
2622 2699
2623 2624
2623 2699
2623 2700
2624 2625
2624 2700
2624 2701
2625 2626
2625 2701
2625 2702
2626 2627
2626 2701
2626 2702
2626 2703
2627 2628
2627 2702
2627 2703
2628 2703
2628 2704
2629 2630
2629 2705
2630 2631
2630 2705
2630 2706
2631 2632
2631 2705
2631 2706
2632 2706
2632 2707
2633 2634
2633 2707
2633 2708
2633 2709
2634 2635
2634 2708
2634 2709
2634 2710
2635 2636
2635 2709
2635 2710
2635 2711
2636 2637
2636 2710
2636 2711
2636 2712
2637 2711
2637 2712
2637 2713
2638 2639
2638 2713
2638 2714
2638 2715
2639 2640
2639 2714
2639 2715
2639 2716
2640 2641
2640 2715
2640 2716
2640 2717
2641 2642
2641 2716
2641 2717
2641 2718
2642 2643
2642 2717
2642 2718
2642 2719
2643 2718
2643 2719
2643 2720
2644 2645
2644 2721
2644 2722
2645 2646
2645 2722
2645 2723
2646 2647
2646 2722
2646 2723
2646 2724
2647 2648
2647 2723
2647 2724
2647 2725
2648 2649
2648 2724
2648 2725
2648 2726
2649 2650
2649 2725
2649 2726
2649 2727
2650 2651
2650 2726
2650 2727
2650 2728
2651 2652
2651 2727
2651 2728
2651 2729
2652 2653
2652 2728
2652 2729
2652 2730
2653 2654
2653 2729
2653 2730
2653 2731
2654 2730
2654 2731
2654 2732
2655 2656
2655 2732
2655 2733
2655 2734
2656 2657
2656 2733
2656 2734
2656 2735
2657 2658
2657 2734
2657 2735
2657 2736
2658 2659
2658 2735
2658 2736
2658 2737
2659 2660
2659 2736
2659 2737
2659 2738
2660 2661
2660 2737
2660 2738
2660 2739
2661 2662
2661 2738
2661 2739
2661 2740
2662 2663
2662 2739
2662 2740
2663 2664
2663 2740
2663 2741
2664 2665
2664 2741
2664 2742
2665 2741
2665 2742
2665 2743
2666 2667
2666 2743
2666 2744
2667 2668
2667 2744
2667 2745
2668 2669
2668 2744
2668 2745
2669 2670
2669 2745
2669 2746
2670 2671
2670 2746
2670 2747
2671 2672
2671 2746
2671 2747
2671 2748
2672 2673
2672 2747
2672 2748
2672 2749
2673 2674
2673 2748
2673 2749
2674 2675
2674 2749
2674 2750
2675 2676
2675 2750
2675 2751
2676 2677
2676 2750
2676 2751
2676 2752
2677 2678
2677 2751
2677 2752
2678 2679
2678 2752
2678 2753
2679 2680
2679 2753
2679 2754
2680 2681
2680 2753
2680 2754
2680 2755
2681 2682
2681 2754
2681 2755
2681 2756
2682 2683
2682 2755
2682 2756
2682 2757
2683 2684
2683 2756
2683 2757
2683 2758
2684 2685
2684 2757
2684 2758
2684 2759
2685 2686
2685 2758
2685 2759
2685 2760
2686 2759
2686 2760
2686 2761
2687 2688
2687 2761
2687 2762
2687 2763
2688 2689
2688 2762
2688 2763
2689 2690
2689 2763
2690 2691
2690 2764
2691 2692
2691 2764
2691 2765
2692 2764
2692 2765
2692 2766
2693 2694
2693 2766
2693 2767
2693 2768
2694 2695
2694 2767
2694 2768
2694 2769
2695 2696
2695 2768
2695 2769
2696 2697
2696 2769
2696 2770
2697 2770
2697 2771
2698 2699
2698 2773
2698 2774
2699 2700
2699 2774
2699 2775
2700 2774
2700 2775
2700 2776
2701 2702
2701 2776
2701 2777
2701 2778
2702 2703
2702 2777
2702 2778
2703 2778
2703 2779
2704 2779
2704 2780
2704 2781
2705 2706
2705 2782
2705 2783
2706 2782
2706 2783
2706 2784
2707 2708
2707 2784
2707 2785
2707 2786
2708 2709
2708 2785
2708 2786
2709 2710
2709 2786
2709 2787
2710 2711
2710 2787
2710 2788
2711 2712
2711 2787
2711 2788
2711 2789
2712 2713
2712 2788
2712 2789
2712 2790
2713 2714
2713 2789
2713 2790
2714 2715
2714 2790
2714 2791
2715 2716
2715 2791
2715 2792
2716 2717
2716 2791
2716 2792
2716 2793
2717 2718
2717 2792
2717 2793
2717 2794
2718 2719
2718 2793
2718 2794
2718 2795
2719 2720
2719 2794
2719 2795
2719 2796
2720 2721
2720 2795
2720 2796
2720 2797
2721 2796
2721 2797
2721 2798
2722 2723
2722 2798
2722 2799
2722 2800
2723 2724
2723 2799
2723 2800
2724 2725
2724 2800
2724 2801
2725 2726
2725 2801
2726 2727
2726 2801
2726 2802
2727 2728
2727 2802
2727 2803
2728 2729
2728 2802
2728 2803
2728 2804
2729 2730
2729 2803
2729 2804
2730 2731
2730 2804
2731 2732
2731 2805
2732 2733
2732 2805
2733 2734
2733 2805
2733 2806
2734 2735
2734 2806
2734 2807
2735 2736
2735 2806
2735 2807
2735 2808
2736 2737
2736 2807
2736 2808
2736 2809
2737 2738
2737 2808
2737 2809
2737 2810
2738 2739
2738 2809
2738 2810
2738 2811
2739 2740
2739 2810
2739 2811
2739 2812
2740 2811
2740 2812
2740 2813
2741 2742
2741 2813
2741 2814
2741 2815
2742 2743
2742 2814
2742 2815
2743 2815
2743 2816
2744 2745
2744 2816
2744 2817
2744 2818
2745 2817
2745 2818
2745 2819
2746 2747
2746 2819
2746 2820
2746 2821
2747 2748
2747 2820
2747 2821
2747 2822
2748 2749
2748 2821
2748 2822
2748 2823
2749 2822
2749 2823
2749 2824
2750 2751
2750 2824
2750 2825
2751 2752
2751 2825
2753 2754
2753 2826
2754 2755
2754 2826
2754 2827
2755 2756
2755 2827
2755 2828
2756 2757
2756 2827
2756 2828
2756 2829
2757 2758
2757 2828
2757 2829
2757 2830
2758 2759
2758 2829
2758 2830
2758 2831
2759 2760
2759 2830
2759 2831
2759 2832
2760 2761
2760 2831
2760 2832
2760 2833
2761 2762
2761 2832
2761 2833
2761 2834
2762 2763
2762 2833
2762 2834
2762 2835
2763 2834
2763 2835
2763 2836
2764 2765
2764 2837
2764 2838
2765 2766
2765 2837
2765 2838
2765 2839
2766 2767
2766 2838
2766 2839
2766 2840
2767 2768
2767 2839
2767 2840
2767 2841
2768 2769
2768 2840
2768 2841
2768 2842
2769 2841
2769 2842
2770 2771
2770 2843
2770 2844
2771 2843
2771 2844
2772 2773
2772 2845
2773 2845
2773 2846
2774 2775
2774 2846
2774 2847
2774 2848
2775 2776
2775 2847
2775 2848
2775 2849
2776 2777
2776 2848
2776 2849
2776 2850
2777 2778
2777 2849
2777 2850
2777 2851
2778 2850
2778 2851
2778 2852
2779 2780
2779 2852
2779 2853
2779 2854
2780 2781
2780 2853
2780 2854
2780 2855
2781 2854
2781 2855
2781 2856
2782 2783
2782 2856
2782 2857
2782 2858
2783 2784
2783 2857
2783 2858
2783 2859
2784 2785
2784 2858
2784 2859
2784 2860
2785 2786
2785 2859
2785 2860
2785 2861
2786 2860
2786 2861
2786 2862
2787 2788
2787 2862
2787 2863
2787 2864
2788 2789
2788 2863
2788 2864
2788 2865
2789 2790
2789 2864
2789 2865
2789 2866
2790 2865
2790 2866
2790 2867
2791 2792
2791 2867
2791 2868
2791 2869
2792 2793
2792 2868
2792 2869
2792 2870
2793 2794
2793 2869
2793 2870
2794 2795
2794 2870
2794 2871
2795 2796
2795 2871
2795 2872
2796 2797
2796 2871
2796 2872
2796 2873
2797 2798
2797 2872
2797 2873
2797 2874
2798 2799
2798 2873
2798 2874
2798 2875
2799 2800
2799 2874
2799 2875
2800 2875
2800 2876
2801 2876
2801 2877
2802 2803
2802 2878
2802 2879
2803 2804
2803 2878
2803 2879
2803 2880
2804 2879
2804 2880
2804 2881
2805 2882
2806 2807
2806 2883
2806 2884
2807 2808
2807 2883
2807 2884
2808 2809
2808 2884
2808 2885
2809 2810
2809 2885
2809 2886
2810 2811
2810 2885
2810 2886
2810 2887
2811 2812
2811 2886
2811 2887
2811 2888
2812 2813
2812 2887
2812 2888
2813 2814
2813 2888
2813 2889
2814 2815
2814 2889
2814 2890
2815 2889
2815 2890
2815 2891
2816 2817
2816 2891
2816 2892
2816 2893
2817 2818
2817 2892
2817 2893
2818 2819
2818 2893
2818 2894
2819 2820
2819 2894
2819 2895
2820 2821
2820 2894
2820 2895
2820 2896
2821 2822
2821 2895
2821 2896
2821 2897
2822 2823
2822 2896
2822 2897
2822 2898
2823 2824
2823 2897
2823 2898
2823 2899
2824 2825
2824 2898
2824 2899
2824 2900
2825 2899
2825 2900
2825 2901
2826 2903
2826 2904
2826 2905
2827 2828
2827 2905
2827 2906
2828 2829
2828 2906
2828 2907
2829 2830
2829 2907
2829 2908
2830 2831
2830 2907
2830 2908
2830 2909
2831 2832
2831 2908
2831 2909
2832 2833
2832 2909
2833 2834
2834 2835
2835 2836
2835 2910
2836 2910
2836 2911
2837 2838
2837 2911
2837 2912
2838 2839
2838 2912
2839 2840
2839 2912
2839 2913
2840 2841
2840 2913
2840 2914
2841 2842
2841 2913
2841 2914
2841 2915
2842 2914
2842 2915
2842 2916
2843 2844
2843 2916
2843 2917
2844 2917
2845 2918
2846 2847
2846 2918
2846 2919
2846 2920
2847 2848
2847 2919
2847 2920
2847 2921
2848 2849
2848 2920
2848 2921
2848 2922
2849 2850
2849 2921
2849 2922
2850 2851
2850 2922
2850 2923
2851 2852
2851 2923
2852 2853
2852 2923
2853 2854
2853 2924
2854 2855
2854 2924
2854 2925
2855 2856
2855 2924
2855 2925
2855 2926
2856 2857
2856 2925
2856 2926
2857 2858
2857 2926
2857 2927
2858 2859
2858 2927
2859 2860
2859 2927
2859 2928
2860 2861
2860 2928
2861 2862
2861 2928
2861 2929
2862 2863
2862 2929
2862 2930
2863 2864
2863 2929
2863 2930
2863 2931
2864 2865
2864 2930
2864 2931
2864 2932
2865 2866
2865 2931
2865 2932
2865 2933
2866 2867
2866 2932
2866 2933
2866 2934
2867 2868
2867 2933
2867 2934
2867 2935
2868 2869
2868 2934
2868 2935
2868 2936
2869 2870
2869 2935
2869 2936
2869 2937
2870 2936
2870 2937
2870 2938
2871 2872
2871 2938
2871 2939
2872 2873
2872 2939
2872 2940
2873 2874
2873 2939
2873 2940
2873 2941
2874 2875
2874 2940
2874 2941
2875 2941
2875 2942
2876 2877
2876 2942
2876 2943
2876 2944
2877 2943
2877 2944
2877 2945
2878 2879
2878 2945
2878 2946
2878 2947
2879 2880
2879 2946
2879 2947
2879 2948
2880 2881
2880 2947
2880 2948
2880 2949
2881 2948
2881 2949
2881 2950
2882 2950
2883 2884
2884 2951
2885 2886
2885 2951
2885 2952
2886 2887
2886 2952
2886 2953
2887 2888
2887 2953
2887 2954
2888 2953
2888 2954
2888 2955
2889 2890
2889 2955
2889 2956
2890 2891
2890 2956
2891 2892
2891 2957
2892 2893
2892 2957
2892 2958
2893 2957
2893 2958
2894 2895
2894 2959
2895 2896
2895 2959
2895 2960
2896 2897
2896 2959
2896 2960
2896 2961
2897 2898
2897 2960
2897 2961
2897 2962
2898 2899
2898 2961
2898 2962
2899 2900
2899 2962
2899 2963
2900 2901
2900 2963
2900 2964
2901 2902
2901 2963
2901 2964
2901 2965
2902 2903
2902 2964
2902 2965
2902 2966
2903 2904
2903 2965
2903 2966
2903 2967
2904 2905
2904 2966
2904 2967
2904 2968
2905 2906
2905 2967
2905 2968
2905 2969
2906 2968
2906 2969
2906 2970
2907 2908
2907 2970
2907 2971
2907 2972
2908 2909
2908 2971
2908 2972
2909 2972
2909 2973
2910 2911
2910 2975
2910 2976
2910 2977
2911 2976
2911 2977
2911 2978
2912 2978
2912 2979
2913 2914
2913 2979
2914 2915
2914 2980
2915 2916
2915 2980
2915 2981
2916 2980
2916 2981
2916 2982
2917 2982
2917 2983
2918 2919
2918 2984
2918 2985
2919 2920
2919 2985
2919 2986
2920 2921
2920 2986
2920 2987
2921 2922
2921 2986
2921 2987
2921 2988
2922 2987
2922 2988
2922 2989
2923 2989
2923 2990
2923 2991
2924 2925
2924 2992
2924 2993
2925 2926
2925 2992
2925 2993
2925 2994
2926 2993
2926 2994
2926 2995
2927 2995
2927 2996
2928 2996
2928 2997
2928 2998
2929 2930
2929 2998
2930 2931
2930 2999
2931 2932
2931 2999
2931 3000
2932 2933
2932 2999
2932 3000
2932 3001
2933 2934
2933 3000
2933 3001
2933 3002
2934 2935
2934 3001
2934 3002
2935 2936
2935 3002
2935 3003
2936 2937
2936 3003
2937 2938
2937 3003
2938 3004
2939 2940
2939 3004
2939 3005
2940 2941
2940 3005
2940 3006
2941 3005
2941 3006
2941 3007
2942 2943
2942 3007
2942 3008
2942 3009
2943 2944
2943 3008
2943 3009
2943 3010
2944 2945
2944 3009
2944 3010
2944 3011
2945 2946
2945 3010
2945 3011
2945 3012
2946 2947
2946 3011
2946 3012
2946 3013
2947 2948
2947 3012
2947 3013
2947 3014
2948 2949
2948 3013
2948 3014
2949 2950
2949 3014
2949 3015
2950 3015
2950 3016
2951 2952
2951 3018
2951 3019
2952 3018
2952 3019
2953 2954
2953 3020
2954 2955
2954 3020
2954 3021
2955 2956
2955 3021
2955 3022
2956 3021
2956 3022
2956 3023
2957 2958
2957 3024
2957 3025
2957 3026
2958 3025
2958 3026
2958 3027
2959 2960
2959 3028
2959 3029
2959 3030
2960 2961
2960 3029
2960 3030
2960 3031
2961 2962
2961 3030
2961 3031
2962 3031
2962 3032
2963 2964
2963 3032
2963 3033
2963 3034
2964 2965
2964 3033
2964 3034
2964 3035
2965 2966
2965 3034
2965 3035
2965 3036
2966 2967
2966 3035
2966 3036
2967 2968
2967 3036
2968 2969
2969 2970
2969 3037
2970 2971
2970 3037
2971 2972
2971 3037
2972 3038
2973 2974
2973 3038
2973 3039
2973 3040
2974 3039
2974 3040
2975 2976
2975 3041
2975 3042
2976 2977
2976 3041
2976 3042
2977 2978
2977 3042
2977 3043
2978 3043
2979 3044
2979 3045
2980 2981
2980 3046
2981 2982
2981 3046
2981 3047
2982 2983
2982 3047
2982 3048
2983 3047
2983 3048
2984 2985
2984 3049
2984 3050
2985 3049
2985 3050
2985 3051
2986 2987
2986 3051
2986 3052
2987 2988
2987 3052
2987 3053
2988 2989
2988 3053
2988 3054
2989 2990
2989 3053
2989 3054
2990 2991
2990 3054
2990 3055
2991 3055
2991 3056
2992 2993
2992 3056
2992 3057
2992 3058
2993 2994
2993 3057
2993 3058
2993 3059
2994 2995
2994 3058
2994 3059
2995 3059
2995 3060
2996 2997
2996 3060
2996 3061
2996 3062
2997 2998
2997 3061
2997 3062
2997 3063
2998 3062
2998 3063
2998 3064
2999 3000
2999 3065
2999 3066
3000 3001
3000 3066
3000 3067
3001 3002
3001 3066
3001 3067
3001 3068
3002 3067
3002 3068
3002 3069
3003 3069
3003 3070
3003 3071
3004 3072
3004 3073
3005 3006
3005 3073
3005 3074
3005 3075
3006 3007
3006 3074
3006 3075
3006 3076
3007 3008
3007 3075
3007 3076
3007 3077
3008 3009
3008 3076
3008 3077
3009 3010
3009 3077
3009 3078
3010 3011
3010 3078
3010 3079
3011 3012
3011 3078
3011 3079
3011 3080
3012 3013
3012 3079
3012 3080
3013 3014
3013 3080
3013 3081
3014 3081
3015 3016
3015 3082
3016 3082
3016 3083
3017 3083
3017 3084
3017 3085
3018 3019
3018 3085
3018 3086
3019 3086
3019 3087
3020 3087
3020 3088
3020 3089
3021 3022
3021 3089
3021 3090
3021 3091
3022 3023
3022 3090
3022 3091
3022 3092
3023 3024
3023 3091
3023 3092
3023 3093
3024 3025
3024 3092
3024 3093
3024 3094
3025 3026
3025 3093
3025 3094
3026 3027
3026 3094
3026 3095
3027 3028
3027 3095
3027 3096
3028 3029
3028 3095
3028 3096
3028 3097
3029 3030
3029 3096
3029 3097
3029 3098
3030 3031
3030 3097
3030 3098
3030 3099
3031 3098
3031 3099
3031 3100
3032 3033
3032 3100
3032 3101
3032 3102
3033 3034
3033 3101
3033 3102
3033 3103
3034 3035
3034 3102
3034 3103
3034 3104
3035 3036
3035 3103
3035 3104
3035 3105
3036 3104
3036 3105
3036 3106
3037 3108
3037 3109
3037 3110
3038 3039
3038 3111
3039 3040
3039 3112
3040 3112
3040 3113
3041 3042
3041 3113
3041 3114
3041 3115
3042 3114
3042 3115
3042 3116
3043 3116
3043 3117
3044 3045
3044 3117
3044 3118
3045 3118
3046 3119
3046 3120
3047 3048
3047 3120
3047 3121
3047 3122
3048 3121
3048 3122
3049 3050
3049 3123
3049 3124
3050 3051
3050 3123
3050 3124
3050 3125
3051 3052
3051 3124
3051 3125
3052 3125
3052 3126
3053 3054
3053 3126
3053 3127
3053 3128
3054 3127
3054 3128
3054 3129
3055 3056
3055 3129
3055 3130
3056 3057
3056 3130
3056 3131
3057 3058
3057 3130
3057 3131
3057 3132
3058 3059
3058 3131
3058 3132
3059 3132
3059 3133
3060 3061
3060 3133
3060 3134
3060 3135
3061 3062
3061 3134
3061 3135
3062 3063
3062 3135
3063 3064
3063 3136
3064 3065
3064 3136
3064 3137
3065 3136
3065 3137
3066 3067
3066 3138
3066 3139
3067 3068
3067 3138
3067 3139
3067 3140
3068 3069
3068 3139
3068 3140
3068 3141
3069 3070
3069 3140
3069 3141
3069 3142
3070 3071
3070 3141
3070 3142
3070 3143
3071 3142
3071 3143
3071 3144
3072 3073
3072 3144
3072 3145
3073 3074
3073 3145
3073 3146
3074 3075
3074 3145
3074 3146
3075 3076
3075 3146
3075 3147
3076 3077
3076 3147
3077 3147
3077 3148
3078 3079
3078 3148
3078 3149
3078 3150
3079 3080
3079 3149
3079 3150
3079 3151
3080 3150
3080 3151
3080 3152
3081 3152
3081 3153
3081 3154
3082 3154
3082 3155
3082 3156
3083 3084
3083 3156
3083 3157
3084 3085
3084 3157
3084 3158
3085 3086
3085 3157
3085 3158
3085 3159
3086 3158
3086 3159
3086 3160
3087 3088
3087 3160
3087 3161
3087 3162
3088 3089
3088 3161
3088 3162
3088 3163
3089 3090
3089 3162
3089 3163
3089 3164
3090 3091
3090 3163
3090 3164
3090 3165
3091 3092
3091 3164
3091 3165
3091 3166
3092 3093
3092 3165
3092 3166
3092 3167
3093 3094
3093 3166
3093 3167
3093 3168
3094 3167
3094 3168
3094 3169
3095 3096
3095 3169
3095 3170
3095 3171
3096 3097
3096 3170
3096 3171
3096 3172
3097 3098
3097 3171
3097 3172
3097 3173
3098 3099
3098 3172
3098 3173
3098 3174
3099 3100
3099 3173
3099 3174
3099 3175
3100 3101
3100 3174
3100 3175
3101 3102
3101 3175
3101 3176
3102 3103
3102 3176
3102 3177
3103 3104
3103 3176
3103 3177
3103 3178
3104 3105
3104 3177
3104 3178
3104 3179
3105 3106
3105 3178
3105 3179
3105 3180
3106 3107
3106 3179
3106 3180
3107 3108
3107 3180
3107 3181
3108 3109
3108 3181
3108 3182
3109 3110
3109 3181
3109 3182
3109 3183
3110 3111
3110 3182
3110 3183
3110 3184
3111 3183
3111 3184
3111 3185
3112 3113
3112 3186
3113 3114
3113 3186
3113 3187
3114 3115
3114 3186
3114 3187
3114 3188
3115 3116
3115 3187
3115 3188
3115 3189
3116 3188
3116 3189
3116 3190
3117 3190
3117 3191
3117 3192
3118 3192
3118 3193
3118 3194
3119 3120
3119 3194
3119 3195
3119 3196
3120 3121
3120 3195
3120 3196
3120 3197
3121 3122
3121 3196
3121 3197
3121 3198
3122 3197
3122 3198
3123 3124
3123 3199
3124 3125
3124 3199
3124 3200
3125 3200
3125 3201
3126 3127
3126 3201
3126 3202
3126 3203
3127 3128
3127 3202
3127 3203
3127 3204
3128 3129
3128 3203
3128 3204
3128 3205
3129 3204
3129 3205
3129 3206
3130 3131
3130 3206
3130 3207
3130 3208
3131 3132
3131 3207
3131 3208
3131 3209
3132 3208
3132 3209
3133 3134
3133 3210
3133 3211
3134 3135
3134 3210
3134 3211
3134 3212
3135 3211
3135 3212
3136 3137
3136 3213
3136 3214
3136 3215
3137 3214
3137 3215
3138 3139
3139 3140
3139 3216
3140 3141
3140 3216
3140 3217
3141 3142
3141 3216
3141 3217
3141 3218
3142 3143
3142 3217
3142 3218
3142 3219
3143 3144
3143 3218
3143 3219
3143 3220
3144 3219
3144 3220
3144 3221
3145 3146
3145 3221
3145 3222
3146 3222
3146 3223
3147 3223
3147 3224
3147 3225
3148 3149
3148 3225
3148 3226
3149 3150
3149 3226
3149 3227
3150 3151
3150 3227
3150 3228
3151 3152
3151 3227
3151 3228
3152 3153
3152 3228
3152 3229
3153 3154
3153 3229
3153 3230
3154 3155
3154 3229
3154 3230
3155 3156
3155 3230
3155 3231
3156 3231
3156 3232
3157 3158
3157 3232
3157 3233
3157 3234
3158 3159
3158 3233
3158 3234
3158 3235
3159 3160
3159 3234
3159 3235
3159 3236
3160 3161
3160 3235
3160 3236
3160 3237
3161 3162
3161 3236
3161 3237
3161 3238
3162 3163
3162 3237
3162 3238
3163 3164
3163 3238
3164 3165
3164 3239
3165 3166
3165 3239
3165 3240
3166 3167
3166 3239
3166 3240
3166 3241
3167 3168
3167 3240
3167 3241
3167 3242
3168 3169
3168 3241
3168 3242
3168 3243
3169 3170
3169 3242
3169 3243
3169 3244
3170 3171
3170 3243
3170 3244
3170 3245
3171 3172
3171 3244
3171 3245
3171 3246
3172 3173
3172 3245
3172 3246
3172 3247
3173 3174
3173 3246
3173 3247
3174 3175
3174 3247
3176 3177
3176 3248
3176 3249
3177 3178
3177 3248
3177 3249
3177 3250
3178 3179
3178 3249
3178 3250
3178 3251
3179 3180
3179 3250
3179 3251
3179 3252
3180 3251
3180 3252
3180 3253
3181 3182
3181 3253
3181 3254
3181 3255
3182 3183
3182 3254
3182 3255
3183 3184
3183 3255
3183 3256
3184 3185
3184 3256
3184 3257
3185 3256
3185 3257
3185 3258
3186 3187
3186 3259
3186 3260
3186 3261
3187 3188
3187 3260
3187 3261
3187 3262
3188 3189
3188 3261
3188 3262
3188 3263
3189 3190
3189 3262
3189 3263
3189 3264
3190 3191
3190 3263
3190 3264
3191 3192
3191 3264
3192 3193
3192 3265
3193 3194
3193 3265
3193 3266
3194 3195
3194 3265
3194 3266
3195 3196
3195 3266
3195 3267
3196 3197
3196 3267
3196 3268
3197 3198
3197 3267
3197 3268
3197 3269
3198 3268
3198 3269
3199 3270
3199 3271
3200 3201
3200 3271
3200 3272
3200 3273
3201 3202
3201 3272
3201 3273
3201 3274
3202 3203
3202 3273
3202 3274
3202 3275
3203 3204
3203 3274
3203 3275
3203 3276
3204 3205
3204 3275
3204 3276
3204 3277
3205 3206
3205 3276
3205 3277
3206 3207
3206 3277
3206 3278
3207 3208
3207 3278
3207 3279
3208 3209
3208 3278
3208 3279
3209 3279
3209 3280
3210 3211
3210 3280
3210 3281
3210 3282
3211 3212
3211 3281
3211 3282
3211 3283
3212 3282
3212 3283
3212 3284
3213 3214
3213 3284
3213 3285
3214 3215
3214 3285
3214 3286
3215 3285
3215 3286
3216 3217
3216 3288
3216 3289
3217 3218
3217 3288
3217 3289
3217 3290
3218 3219
3218 3289
3218 3290
3218 3291
3219 3220
3219 3290
3219 3291
3219 3292
3220 3221
3220 3291
3220 3292
3220 3293
3221 3292
3221 3293
3221 3294
3222 3223
3222 3294
3222 3295
3222 3296
3223 3224
3223 3295
3223 3296
3223 3297
3224 3225
3224 3296
3224 3297
3225 3226
3225 3297
3225 3298
3226 3298
3226 3299
3227 3228
3227 3299
3227 3300
3228 3300
3229 3230
3229 3301
3229 3302
3230 3301
3230 3302
3230 3303
3231 3232
3231 3303
3231 3304
3231 3305
3232 3233
3232 3304
3232 3305
3232 3306
3233 3234
3233 3305
3233 3306
3233 3307
3234 3235
3234 3306
3234 3307
3234 3308
3235 3236
3235 3307
3235 3308
3235 3309
3236 3237
3236 3308
3236 3309
3237 3238
3237 3309
3238 3310
3239 3240
3239 3311
3239 3312
3239 3313
3240 3241
3240 3312
3240 3313
3240 3314
3241 3242
3241 3313
3241 3314
3242 3243
3242 3314
3242 3315
3243 3244
3243 3315
3243 3316
3244 3245
3244 3315
3244 3316
3245 3246
3245 3316
3246 3247
3246 3317
3247 3317
3247 3318
3248 3249
3248 3320
3248 3321
3248 3322
3249 3250
3249 3321
3249 3322
3249 3323
3250 3251
3250 3322
3250 3323
3250 3324
3251 3252
3251 3323
3251 3324
3251 3325
3252 3253
3252 3324
3252 3325
3252 3326
3253 3254
3253 3325
3253 3326
3253 3327
3254 3255
3254 3326
3254 3327
3254 3328
3255 3327
3255 3328
3255 3329
3256 3257
3256 3329
3256 3330
3256 3331
3257 3258
3257 3330
3257 3331
3258 3259
3258 3331
3258 3332
3259 3260
3259 3332
3259 3333
3260 3261
3260 3332
3260 3333
3260 3334
3261 3262
3261 3333
3261 3334
3262 3263
3262 3334
3262 3335
3263 3264
3263 3335
3263 3336
3264 3335
3264 3336
3265 3266
3265 3337
3265 3338
3266 3337
3266 3338
3266 3339
3267 3268
3267 3339
3267 3340
3268 3269
3268 3340
3268 3341
3269 3341
3270 3271
3270 3342
3271 3272
3271 3342
3271 3343
3272 3273
3272 3342
3272 3343
3272 3344
3273 3274
3273 3343
3273 3344
3274 3275
3274 3344
3274 3345
3275 3276
3275 3345
3276 3277
3276 3345
3276 3346
3277 3346
3277 3347
3278 3279
3278 3347
3278 3348
3279 3348
3279 3349
3280 3281
3280 3349
3280 3350
3280 3351
3281 3282
3281 3350
3281 3351
3281 3352
3282 3283
3282 3351
3282 3352
3282 3353
3283 3284
3283 3352
3283 3353
3283 3354
3284 3353
3284 3354
3284 3355
3285 3286
3285 3355
3285 3356
3286 3356
3286 3357
3287 3357
3287 3358
3287 3359
3288 3289
3288 3359
3288 3360
3288 3361
3289 3290
3289 3360
3289 3361
3289 3362
3290 3291
3290 3361
3290 3362
3290 3363
3291 3292
3291 3362
3291 3363
3291 3364
3292 3293
3292 3363
3292 3364
3292 3365
3293 3294
3293 3364
3293 3365
3294 3295
3294 3365
3294 3366
3295 3296
3295 3366
3296 3297
3296 3366
3296 3367
3297 3367
3297 3368
3298 3299
3298 3368
3298 3369
3298 3370
3299 3300
3299 3369
3299 3370
3299 3371
3300 3370
3300 3371
3300 3372
3301 3302
3301 3373
3301 3374
3301 3375
3302 3303
3302 3374
3302 3375
3302 3376
3303 3304
3303 3375
3303 3376
3303 3377
3304 3305
3304 3376
3304 3377
3304 3378
3305 3306
3305 3377
3305 3378
3305 3379
3306 3307
3306 3378
3306 3379
3306 3380
3307 3308
3307 3379
3307 3380
3308 3309
3308 3380
3308 3381
3309 3381
3309 3382
3310 3311
3310 3383
3310 3384
3310 3385
3311 3312
3311 3384
3311 3385
3311 3386
3312 3313
3312 3385
3312 3386
3312 3387
3313 3314
3313 3386
3313 3387
3313 3388
3314 3387
3314 3388
3314 3389
3315 3316
3315 3389
3315 3390
3316 3390
3316 3391
3317 3318
3317 3392
3317 3393
3318 3319
3318 3393
3318 3394
3319 3320
3319 3393
3319 3394
3320 3321
3320 3394
3321 3322
3321 3395
3322 3323
3322 3395
3322 3396
3323 3324
3323 3395
3323 3396
3323 3397
3324 3325
3324 3396
3324 3397
3324 3398
3325 3326
3325 3397
3325 3398
3325 3399
3326 3327
3326 3398
3326 3399
3326 3400
3327 3328
3327 3399
3327 3400
3328 3329
3328 3400
3328 3401
3329 3330
3329 3401
3329 3402
3330 3331
3330 3401
3330 3402
3330 3403
3331 3402
3331 3403
3331 3404
3332 3333
3332 3404
3332 3405
3332 3406
3333 3334
3333 3405
3333 3406
3333 3407
3334 3406
3334 3407
3334 3408
3335 3336
3335 3408
3335 3409
3335 3410
3336 3409
3336 3410
3336 3411
3337 3338
3337 3412
3337 3413
3338 3339
3338 3413
3338 3414
3339 3340
3339 3413
3339 3414
3339 3415
3340 3414
3340 3415
3340 3416
3341 3416
3341 3417
3342 3343
3342 3418
3342 3419
3343 3344
3343 3418
3343 3419
3343 3420
3344 3419
3344 3420
3344 3421
3345 3421
3345 3422
3345 3423
3346 3347
3346 3423
3346 3424
3347 3424
3347 3425
3348 3349
3348 3425
3348 3426
3348 3427
3349 3350
3349 3426
3349 3427
3349 3428
3350 3351
3350 3427
3350 3428
3351 3352
3351 3428
3351 3429
3352 3353
3352 3429
3352 3430
3353 3354
3353 3429
3353 3430
3354 3355
3354 3430
3354 3431
3355 3356
3355 3431
3355 3432
3356 3431
3356 3432
3356 3433
3357 3358
3357 3433
3357 3434
3357 3435
3358 3359
3358 3434
3358 3435
3359 3360
3359 3435
3359 3436
3360 3361
3360 3436
3360 3437
3361 3362
3361 3436
3361 3437
3361 3438
3362 3363
3362 3437
3362 3438
3362 3439
3363 3364
3363 3438
3363 3439
3363 3440
3364 3365
3364 3439
3364 3440
3364 3441
3365 3440
3365 3441
3365 3442
3366 3442
3366 3443
3366 3444
3367 3368
3367 3444
3367 3445
3367 3446
3368 3369
3368 3445
3368 3446
3369 3370
3369 3446
3369 3447
3370 3371
3370 3447
3370 3448
3371 3372
3371 3447
3371 3448
3371 3449
3372 3373
3372 3448
3372 3449
3372 3450
3373 3374
3373 3449
3373 3450
3373 3451
3374 3375
3374 3450
3374 3451
3374 3452
3375 3376
3375 3451
3375 3452
3375 3453
3376 3377
3376 3452
3376 3453
3376 3454
3377 3378
3377 3453
3377 3454
3377 3455
3378 3379
3378 3454
3378 3455
3378 3456
3379 3380
3379 3455
3379 3456
3379 3457
3380 3456
3380 3457
3381 3382
3381 3458
3381 3459
3382 3383
3382 3458
3382 3459
3382 3460
3383 3384
3383 3459
3383 3460
3383 3461
3384 3385
3384 3460
3384 3461
3384 3462
3385 3386
3385 3461
3385 3462
3385 3463
3386 3387
3386 3462
3386 3463
3386 3464
3387 3388
3387 3463
3387 3464
3387 3465
3388 3389
3388 3464
3388 3465
3389 3390
3389 3465
3389 3466
3390 3466
3390 3467
3391 3392
3391 3467
3392 3468
3393 3394
3393 3468
3393 3469
3393 3470
3394 3469
3394 3470
3395 3396
3395 3471
3395 3472
3396 3397
3396 3471
3396 3472
3396 3473
3397 3398
3397 3472
3397 3473
3398 3399
3398 3473
3398 3474
3399 3400
3399 3474
3399 3475
3400 3474
3400 3475
3400 3476
3401 3402
3401 3476
3401 3477
3402 3403
3402 3477
3403 3404
3403 3477
3403 3478
3404 3405
3404 3478
3404 3479
3405 3406
3405 3478
3405 3479
3405 3480
3406 3407
3406 3479
3406 3480
3406 3481
3407 3408
3407 3480
3407 3481
3408 3409
3408 3481
3408 3482
3409 3410
3409 3482
3409 3483
3410 3411
3410 3482
3410 3483
3410 3484
3411 3412
3411 3483
3411 3484
3412 3484
3412 3485
3413 3414
3413 3485
3413 3486
3414 3415
3414 3486
3414 3487
3415 3416
3415 3487
3415 3488
3416 3417
3416 3487
3416 3488
3416 3489
3417 3488
3417 3489
3418 3419
3418 3490
3418 3491
3418 3492
3419 3420
3419 3491
3419 3492
3419 3493
3420 3421
3420 3492
3420 3493
3420 3494
3421 3422
3421 3493
3421 3494
3421 3495
3422 3423
3422 3494
3422 3495
3423 3424
3423 3495
3423 3496
3424 3496
3424 3497
3425 3426
3425 3497
3425 3498
3425 3499
3426 3427
3426 3498
3426 3499
3427 3428
3427 3499
3429 3430
3429 3500
3430 3500
3430 3501
3431 3432
3431 3501
3431 3502
3432 3433
3432 3502
3432 3503
3433 3434
3433 3503
3433 3504
3434 3435
3434 3503
3434 3504
3434 3505
3435 3504
3435 3505
3435 3506
3436 3437
3436 3506
3436 3507
3436 3508
3437 3438
3437 3507
3437 3508
3438 3439
3438 3508
3438 3509
3439 3440
3439 3509
3439 3510
3440 3441
3440 3509
3440 3510
3440 3511
3441 3442
3441 3510
3441 3511
3442 3443
3442 3511
3442 3512
3443 3444
3443 3512
3443 3513
3444 3445
3444 3512
3444 3513
3445 3446
3445 3513
3445 3514
3446 3514
3446 3515
3447 3448
3447 3515
3447 3516
3447 3517
3448 3449
3448 3516
3448 3517
3448 3518
3449 3450
3449 3517
3449 3518
3449 3519
3450 3451
3450 3518
3450 3519
3450 3520
3451 3452
3451 3519
3451 3520
3451 3521
3452 3453
3452 3520
3452 3521
3452 3522
3453 3454
3453 3521
3453 3522
3453 3523
3454 3455
3454 3522
3454 3523
3454 3524
3455 3456
3455 3523
3455 3524
3455 3525
3456 3457
3456 3524
3456 3525
3456 3526
3457 3525
3457 3526
3457 3527
3458 3459
3458 3527
3458 3528
3459 3460
3459 3528
3460 3461
3460 3529
3461 3462
3461 3529
3461 3530
3462 3463
3462 3529
3462 3530
3462 3531
3463 3464
3463 3530
3463 3531
3463 3532
3464 3465
3464 3531
3464 3532
3465 3532
3466 3467
3467 3533
3468 3469
3468 3534
3468 3535
3469 3470
3469 3534
3469 3535
3469 3536
3470 3535
3470 3536
3471 3472
3471 3537
3471 3538
3472 3473
3472 3538
3472 3539
3473 3539
3473 3540
3474 3475
3474 3540
3474 3541
3474 3542
3475 3476
3475 3541
3475 3542
3475 3543
3476 3542
3476 3543
3476 3544
3477 3544
3477 3545
3477 3546
3478 3479
3478 3546
3478 3547
3478 3548
3479 3480
3479 3547
3479 3548
3479 3549
3480 3481
3480 3548
3480 3549
3480 3550
3481 3549
3481 3550
3482 3483
3482 3551
3482 3552
3483 3484
3483 3551
3483 3552
3484 3552
3485 3486
3485 3553
3485 3554
3486 3553
3486 3554
3486 3555
3487 3488
3487 3555
3487 3556
3487 3557
3488 3489
3488 3556
3488 3557
3488 3558
3489 3557
3489 3558
3490 3491
3490 3559
3490 3560
3491 3492
3491 3559
3491 3560
3491 3561
3492 3493
3492 3560
3492 3561
3492 3562
3493 3494
3493 3561
3493 3562
3493 3563
3494 3495
3494 3562
3494 3563
3494 3564
3495 3563
3495 3564
3496 3497
3496 3565
3496 3566
3497 3498
3497 3565
3497 3566
3497 3567
3498 3499
3498 3566
3498 3567
3498 3568
3499 3567
3499 3568
3499 3569
3500 3571
3500 3572
3501 3502
3501 3572
3501 3573
3501 3574
3502 3573
3502 3574
3503 3504
3503 3575
3503 3576
3504 3505
3504 3575
3504 3576
3504 3577
3505 3506
3505 3576
3505 3577
3505 3578
3506 3507
3506 3577
3506 3578
3506 3579
3507 3508
3507 3578
3507 3579
3507 3580
3508 3579
3508 3580
3508 3581
3509 3510
3509 3581
3509 3582
3509 3583
3510 3511
3510 3582
3510 3583
3510 3584
3511 3583
3511 3584
3511 3585
3512 3513
3512 3585
3512 3586
3512 3587
3513 3586
3513 3587
3513 3588
3514 3515
3514 3588
3514 3589
3515 3516
3515 3589
3515 3590
3516 3517
3516 3590
3516 3591
3517 3518
3517 3590
3517 3591
3517 3592
3518 3519
3518 3591
3518 3592
3518 3593
3519 3520
3519 3592
3519 3593
3519 3594
3520 3521
3520 3593
3520 3594
3520 3595
3521 3522
3521 3594
3521 3595
3521 3596
3522 3523
3522 3595
3522 3596
3523 3524
3523 3596
3523 3597
3524 3525
3524 3597
3524 3598
3525 3526
3525 3597
3525 3598
3525 3599
3526 3527
3526 3598
3526 3599
3526 3600
3527 3528
3527 3599
3527 3600
3527 3601
3528 3600
3528 3601
3528 3602
3529 3530
3529 3603
3529 3604
3529 3605
3530 3531
3530 3604
3530 3605
3530 3606
3531 3532
3531 3605
3531 3606
3531 3607
3532 3606
3532 3607
3532 3608
3533 3611
3533 3612
3534 3535
3534 3612
3534 3613
3534 3614
3535 3536
3535 3613
3535 3614
3535 3615
3536 3614
3536 3615
3536 3616
3537 3538
3537 3616
3537 3617
3537 3618
3538 3617
3538 3618
3538 3619
3539 3540
3539 3619
3539 3620
3539 3621
3540 3541
3540 3620
3540 3621
3540 3622
3541 3542
3541 3621
3541 3622
3541 3623
3542 3543
3542 3622
3542 3623
3542 3624
3543 3544
3543 3623
3543 3624
3544 3545
3544 3624
3544 3625
3545 3546
3545 3625
3545 3626
3546 3547
3546 3625
3546 3626
3547 3548
3547 3626
3547 3627
3548 3549
3548 3627
3549 3550
3549 3627
3549 3628
3550 3628
3550 3629
3551 3552
3551 3629
3551 3630
3552 3630
3552 3631
3553 3554
3553 3632
3553 3633
3554 3555
3554 3633
3554 3634
3555 3556
3555 3634
3555 3635
3556 3557
3556 3634
3556 3635
3556 3636
3557 3558
3557 3635
3557 3636
3558 3636
3559 3560
3559 3637
3559 3638
3560 3561
3560 3637
3560 3638
3561 3562
3561 3638
3561 3639
3562 3563
3562 3639
3562 3640
3563 3564
3563 3639
3563 3640
3563 3641
3564 3640
3564 3641
3565 3566
3565 3642
3566 3567
3566 3642
3566 3643
3567 3568
3567 3642
3567 3643
3567 3644
3568 3569
3568 3643
3568 3644
3568 3645
3569 3570
3569 3644
3569 3645
3569 3646
3570 3571
3570 3645
3570 3646
3570 3647
3571 3646
3571 3647
3572 3573
3572 3648
3572 3649
3573 3574
3573 3648
3573 3649
3573 3650
3574 3649
3574 3650
3575 3576
3575 3651
3576 3577
3576 3651
3576 3652
3577 3578
3577 3651
3577 3652
3577 3653
3578 3579
3578 3652
3578 3653
3578 3654
3579 3580
3579 3653
3579 3654
3579 3655
3580 3581
3580 3654
3580 3655
3580 3656
3581 3582
3581 3655
3581 3656
3581 3657
3582 3583
3582 3656
3582 3657
3582 3658
3583 3584
3583 3657
3583 3658
3583 3659
3584 3585
3584 3658
3584 3659
3584 3660
3585 3586
3585 3659
3585 3660
3586 3587
3586 3660
3586 3661
3587 3588
3587 3661
3587 3662
3588 3589
3588 3661
3588 3662
3588 3663
3589 3662
3589 3663
3589 3664
3590 3591
3590 3664
3590 3665
3590 3666
3591 3592
3591 3665
3591 3666
3591 3667
3592 3593
3592 3666
3592 3667
3593 3594
3593 3667
3593 3668
3594 3595
3594 3668
3594 3669
3595 3596
3595 3668
3595 3669
3595 3670
3596 3669
3596 3670
3596 3671
3597 3598
3597 3671
3597 3672
3597 3673
3598 3599
3598 3672
3598 3673
3598 3674
3599 3600
3599 3673
3599 3674
3599 3675
3600 3601
3600 3674
3600 3675
3600 3676
3601 3602
3601 3675
3601 3676
3601 3677
3602 3603
3602 3676
3602 3677
3602 3678
3603 3604
3603 3677
3603 3678
3603 3679
3604 3605
3604 3678
3604 3679
3605 3606
3605 3679
3606 3607
3606 3680
3607 3608
3607 3680
3608 3609
3608 3680
3608 3681
3609 3610
3609 3681
3609 3682
3610 3681
3610 3682
3611 3612
3611 3683
3611 3684
3612 3613
3612 3683
3612 3684
3612 3685
3613 3614
3613 3684
3613 3685
3614 3615
3614 3685
3614 3686
3615 3616
3615 3686
3615 3687
3616 3617
3616 3686
3616 3687
3617 3618
3617 3687
3617 3688
3618 3619
3618 3688
3619 3620
3619 3688
3619 3689
3620 3621
3620 3689
3620 3690
3621 3622
3621 3689
3621 3690
3621 3691
3622 3623
3622 3690
3622 3691
3622 3692
3623 3624
3623 3691
3623 3692
3623 3693
3624 3692
3624 3693
3624 3694
3625 3626
3625 3694
3625 3695
3625 3696
3626 3695
3626 3696
3626 3697
3627 3697
3627 3698
3627 3699
3628 3629
3628 3699
3628 3700
3628 3701
3629 3630
3629 3700
3629 3701
3630 3701
3630 3702
3631 3632
3631 3702
3631 3703
3632 3633
3632 3703
3633 3703
3633 3704
3634 3635
3634 3704
3634 3705
3634 3706
3635 3636
3635 3705
3635 3706
3636 3706
3637 3638
3637 3707
3637 3708
3638 3707
3638 3708
3638 3709
3639 3640
3639 3709
3639 3710
3639 3711
3640 3641
3640 3710
3640 3711
3641 3711
3641 3712
3642 3643
3642 3713
3643 3644
3643 3714
3644 3645
3644 3714
3644 3715
3645 3646
3645 3714
3645 3715
3645 3716
3646 3647
3646 3715
3646 3716
3646 3717
3647 3716
3647 3717
3647 3718
3648 3649
3648 3718
3648 3719
3648 3720
3649 3650
3649 3719
3649 3720
3649 3721
3650 3720
3650 3721
3650 3722
3651 3652
3651 3723
3651 3724
3652 3653
3652 3724
3653 3654
3654 3655
3654 3725
3655 3656
3655 3725
3655 3726
3656 3657
3656 3725
3656 3726
3656 3727
3657 3658
3657 3726
3657 3727
3657 3728
3658 3659
3658 3727
3658 3728
3659 3660
3659 3728
3659 3729
3660 3729
3660 3730
3661 3662
3661 3730
3661 3731
3661 3732
3662 3663
3662 3731
3662 3732
3662 3733
3663 3664
3663 3732
3663 3733
3663 3734
3664 3665
3664 3733
3664 3734
3664 3735
3665 3666
3665 3734
3665 3735
3665 3736
3666 3667
3666 3735
3666 3736
3666 3737
3667 3736
3667 3737
3667 3738
3668 3669
3668 3738
3668 3739
3669 3670
3669 3739
3669 3740
3670 3671
3670 3739
3670 3740
3670 3741
3671 3672
3671 3740
3671 3741
3671 3742
3672 3673
3672 3741
3672 3742
3672 3743
3673 3674
3673 3742
3673 3743
3673 3744
3674 3675
3674 3743
3674 3744
3674 3745
3675 3676
3675 3744
3675 3745
3675 3746
3676 3677
3676 3745
3676 3746
3677 3678
3677 3746
3677 3747
3678 3679
3678 3747
3678 3748
3679 3747
3679 3748
3680 3749
3680 3750
3680 3751
3681 3682
3681 3751
3681 3752
3682 3752
3682 3753
3683 3684
3683 3753
3683 3754
3683 3755
3684 3685
3684 3754
3684 3755
3684 3756
3685 3755
3685 3756
3685 3757
3686 3687
3686 3757
3686 3758
3686 3759
3687 3758
3687 3759
3688 3760
3688 3761
3689 3690
3689 3761
3689 3762
3689 3763
3690 3691
3690 3762
3690 3763
3690 3764
3691 3692
3691 3763
3691 3764
3691 3765
3692 3693
3692 3764
3692 3765
3692 3766
3693 3694
3693 3765
3693 3766
3693 3767
3694 3695
3694 3766
3694 3767
3694 3768
3695 3696
3695 3767
3695 3768
3695 3769
3696 3697
3696 3768
3696 3769
3696 3770
3697 3698
3697 3769
3697 3770
3697 3771
3698 3699
3698 3770
3698 3771
3698 3772
3699 3700
3699 3771
3699 3772
3699 3773
3700 3701
3700 3772
3700 3773
3700 3774
3701 3773
3701 3774
3701 3775
3702 3775
3702 3776
3702 3777
3703 3777
3703 3778
3703 3779
3704 3705
3704 3779
3704 3780
3704 3781
3705 3706
3705 3780
3705 3781
3705 3782
3706 3781
3706 3782
3706 3783
3707 3708
3707 3785
3707 3786
3708 3709
3708 3785
3708 3786
3708 3787
3709 3710
3709 3786
3709 3787
3709 3788
3710 3711
3710 3787
3710 3788
3711 3788
3711 3789
3712 3713
3712 3789
3712 3790
3713 3790
3713 3791
3714 3715
3714 3792
3714 3793
3715 3716
3715 3792
3715 3793
3716 3717
3716 3793
3716 3794
3717 3718
3717 3794
3717 3795
3718 3719
3718 3794
3718 3795
3718 3796
3719 3720
3719 3795
3719 3796
3719 3797
3720 3721
3720 3796
3720 3797
3721 3722
3721 3797
3721 3798
3722 3723
3722 3798
3723 3724
3723 3798
3723 3799
3724 3799
3724 3800
3725 3726
3725 3802
3725 3803
3725 3804
3726 3727
3726 3803
3726 3804
3727 3728
3727 3804
3727 3805
3728 3805
3728 3806
3729 3730
3729 3806
3729 3807
3729 3808
3730 3731
3730 3807
3730 3808
3730 3809
3731 3732
3731 3808
3731 3809
3731 3810
3732 3733
3732 3809
3732 3810
3732 3811
3733 3734
3733 3810
3733 3811
3733 3812
3734 3735
3734 3811
3734 3812
3734 3813
3735 3736
3735 3812
3735 3813
3735 3814
3736 3737
3736 3813
3736 3814
3736 3815
3737 3738
3737 3814
3737 3815
3737 3816
3738 3815
3738 3816
3739 3740
3739 3817
3739 3818
3740 3741
3740 3817
3740 3818
3740 3819
3741 3742
3741 3818
3741 3819
3741 3820
3742 3743
3742 3819
3742 3820
3742 3821
3743 3744
3743 3820
3743 3821
3743 3822
3744 3745
3744 3821
3744 3822
3744 3823
3745 3746
3745 3822
3745 3823
3745 3824
3746 3823
3746 3824
3746 3825
3747 3748
3747 3825
3747 3826
3748 3826
3749 3750
3749 3827
3749 3828
3750 3751
3750 3827
3750 3828
3750 3829
3751 3828
3751 3829
3751 3830
3752 3753
3752 3830
3752 3831
3753 3754
3753 3831
3753 3832
3754 3755
3754 3832
3754 3833
3755 3756
3755 3832
3755 3833
3755 3834
3756 3757
3756 3833
3756 3834
3756 3835
3757 3758
3757 3834
3757 3835
3757 3836
3758 3759
3758 3835
3758 3836
3758 3837
3759 3836
3759 3837
3759 3838
3760 3761
3760 3838
3760 3839
3760 3840
3761 3762
3761 3839
3761 3840
3761 3841
3762 3763
3762 3840
3762 3841
3762 3842
3763 3764
3763 3841
3763 3842
3763 3843
3764 3765
3764 3842
3764 3843
3765 3766
3765 3843
3766 3767
3766 3844
3767 3768
3767 3844
3767 3845
3768 3769
3768 3844
3768 3845
3768 3846
3769 3770
3769 3845
3769 3846
3769 3847
3770 3771
3770 3846
3770 3847
3770 3848
3771 3772
3771 3847
3771 3848
3771 3849
3772 3773
3772 3848
3772 3849
3772 3850
3773 3774
3773 3849
3773 3850
3773 3851
3774 3775
3774 3850
3774 3851
3774 3852
3775 3776
3775 3851
3775 3852
3775 3853
3776 3777
3776 3852
3776 3853
3776 3854
3777 3778
3777 3853
3777 3854
3777 3855
3778 3779
3778 3854
3778 3855
3779 3780
3779 3855
3780 3781
3780 3856
3781 3782
3781 3856
3781 3857
3782 3783
3782 3856
3782 3857
3782 3858
3783 3784
3783 3857
3783 3858
3784 3858
3785 3786
3786 3787
3786 3859
3787 3788
3787 3859
3787 3860
3788 3859
3788 3860
3788 3861
3789 3861
3789 3862
3790 3791
3790 3862
3790 3863
3790 3864
3791 3863
3791 3864
3791 3865
3792 3793
3792 3865
3792 3866
3792 3867
3793 3866
3793 3867
3793 3868
3794 3795
3794 3868
3794 3869
3794 3870
3795 3796
3795 3869
3795 3870
3795 3871
3796 3797
3796 3870
3796 3871
3796 3872
3797 3871
3797 3872
3797 3873
3798 3873
3798 3874
3798 3875
3799 3800
3799 3875
3799 3876
3799 3877
3800 3801
3800 3876
3800 3877
3800 3878
3801 3802
3801 3877
3801 3878
3801 3879
3802 3803
3802 3878
3802 3879
3802 3880
3803 3804
3803 3879
3803 3880
3803 3881
3804 3880
3804 3881
3804 3882
3805 3806
3805 3882
3805 3883
3805 3884
3806 3807
3806 3883
3806 3884
3806 3885
3807 3808
3807 3884
3807 3885
3808 3809
3808 3885
3808 3886
3809 3810
3809 3886
3809 3887
3810 3811
3810 3886
3810 3887
3810 3888
3811 3812
3811 3887
3811 3888
3811 3889
3812 3813
3812 3888
3812 3889
3812 3890
3813 3814
3813 3889
3813 3890
3813 3891
3814 3815
3814 3890
3814 3891
3814 3892
3815 3816
3815 3891
3815 3892
3815 3893
3816 3892
3816 3893
3816 3894
3817 3818
3817 3894
3817 3895
3817 3896
3818 3819
3818 3895
3818 3896
3818 3897
3819 3820
3819 3896
3819 3897
3820 3821
3820 3897
3821 3822
3821 3898
3822 3823
3822 3898
3822 3899
3823 3824
3823 3898
3823 3899
3823 3900
3824 3825
3824 3899
3824 3900
3825 3900
3825 3901
3826 3901
3826 3902
3827 3828
3827 3903
3827 3904
3828 3829
3828 3903
3828 3904
3829 3830
3829 3904
3829 3905
3830 3831
3830 3905
3830 3906
3831 3905
3831 3906
3831 3907
3832 3833
3832 3907
3832 3908
3833 3834
3833 3908
3833 3909
3834 3835
3834 3908
3834 3909
3835 3836
3835 3909
3835 3910
3836 3837
3836 3910
3836 3911
3837 3838
3837 3910
3837 3911
3837 3912
3838 3839
3838 3911
3838 3912
3839 3840
3839 3912
3839 3913
3840 3841
3840 3913
3840 3914
3841 3842
3841 3913
3841 3914
3841 3915
3842 3843
3842 3914
3842 3915
3842 3916
3843 3915
3843 3916
3843 3917
3844 3845
3844 3918
3844 3919
3844 3920
3845 3846
3845 3919
3845 3920
3845 3921
3846 3847
3846 3920
3846 3921
3846 3922
3847 3848
3847 3921
3847 3922
3848 3849
3848 3922
3848 3923
3849 3850
3849 3923
3849 3924
3850 3851
3850 3923
3850 3924
3850 3925
3851 3852
3851 3924
3851 3925
3851 3926
3852 3853
3852 3925
3852 3926
3852 3927
3853 3854
3853 3926
3853 3927
3854 3855
3854 3927
3854 3928
3855 3928
3855 3929
3856 3857
3856 3930
3856 3931
3857 3858
3857 3931
3857 3932
3858 3931
3858 3932
3858 3933
3859 3860
3859 3935
3859 3936
3860 3861
3860 3936
3860 3937
3861 3936
3861 3937
3861 3938
3862 3863
3862 3938
3862 3939
3862 3940
3863 3864
3863 3939
3863 3940
3863 3941
3864 3865
3864 3940
3864 3941
3864 3942
3865 3866
3865 3941
3865 3942
3866 3867
3866 3942
3866 3943
3867 3868
3867 3943
3867 3944
3868 3869
3868 3943
3868 3944
3868 3945
3869 3870
3869 3944
3869 3945
3870 3871
3870 3945
3870 3946
3871 3872
3871 3946
3871 3947
3872 3873
3872 3946
3872 3947
3872 3948
3873 3874
3873 3947
3873 3948
3873 3949
3874 3875
3874 3948
3874 3949
3875 3876
3875 3949
3875 3950
3876 3877
3876 3950
3876 3951
3877 3878
3877 3950
3877 3951
3877 3952
3878 3879
3878 3951
3878 3952
3879 3880
3879 3952
3880 3881
3880 3953
3881 3882
3881 3953
3882 3883
3882 3953
3882 3954
3883 3884
3883 3954
3883 3955
3884 3885
3884 3954
3884 3955
3884 3956
3885 3955
3885 3956
3886 3887
3886 3957
3887 3888
3887 3957
3887 3958
3888 3889
3888 3957
3888 3958
3888 3959
3889 3890
3889 3958
3889 3959
3889 3960
3890 3891
3890 3959
3890 3960
3890 3961
3891 3892
3891 3960
3891 3961
3891 3962
3892 3893
3892 3961
3892 3962
3892 3963
3893 3894
3893 3962
3893 3963
3893 3964
3894 3895
3894 3963
3894 3964
3894 3965
3895 3896
3895 3964
3895 3965
3895 3966
3896 3897
3896 3965
3896 3966
3896 3967
3897 3966
3897 3967
3897 3968
3898 3899
3898 3969
3898 3970
3899 3900
3899 3970
3899 3971
3900 3971
3900 3972
3901 3902
3901 3972
3901 3973
3901 3974
3902 3973
3902 3974
3902 3975
3903 3904
3903 3975
3903 3976
3903 3977
3904 3976
3904 3977
3904 3978
3905 3906
3905 3978
3905 3979
3905 3980
3906 3907
3906 3979
3906 3980
3906 3981
3907 3980
3907 3981
3907 3982
3908 3909
3908 3982
3908 3983
3908 3984
3909 3983
3909 3984
3909 3985
3910 3911
3910 3985
3910 3986
3911 3912
3911 3986
3911 3987
3912 3987
3912 3988
3913 3914
3913 3988
3913 3989
3914 3915
3914 3989
3914 3990
3915 3916
3915 3990
3915 3991
3916 3917
3916 3990
3916 3991
3916 3992
3917 3918
3917 3991
3917 3992
3917 3993
3918 3919
3918 3992
3918 3993
3919 3920
3919 3993
3919 3994
3920 3921
3920 3994
3920 3995
3921 3922
3921 3994
3921 3995
3922 3995
3922 3996
3923 3924
3923 3996
3923 3997
3923 3998
3924 3925
3924 3997
3924 3998
3924 3999
3925 3926
3925 3998
3925 3999
3926 3927
3926 3999
3926 4000
3927 4000
3927 4001
3928 3929
3928 4001
3928 4002
3928 4003
3929 3930
3929 4002
3929 4003
3929 4004
3930 4003
3930 4004
3931 3932
3931 4005
3932 3933
3932 4005
3932 4006
3933 4005
3933 4006
3934 3935
3934 4007
3934 4008
3935 4007
3935 4008
3935 4009
3936 3937
3936 4009
3936 4010
3936 4011
3937 3938
3937 4010
3937 4011
3937 4012
3938 3939
3938 4011
3938 4012
3938 4013
3939 3940
3939 4012
3939 4013
3940 3941
3940 4013
3940 4014
3941 3942
3941 4014
3941 4015
3942 4014
3942 4015
3943 3944
3943 4016
3943 4017
3944 3945
3944 4016
3944 4017
3944 4018
3945 4017
3945 4018
3945 4019
3946 3947
3946 4019
3946 4020
3946 4021
3947 3948
3947 4020
3947 4021
3948 3949
3948 4021
3948 4022
3949 4022
3949 4023
3950 3951
3950 4023
3950 4024
3950 4025
3951 3952
3951 4024
3951 4025
3951 4026
3952 4025
3952 4026
3952 4027
3953 4028
3953 4029
3954 3955
3954 4029
3954 4030
3955 3956
3955 4030
3955 4031
3956 4030
3956 4031
3957 3958
3957 4032
3957 4033
3957 4034
3958 3959
3958 4033
3958 4034
3958 4035
3959 3960
3959 4034
3959 4035
3959 4036
3960 3961
3960 4035
3960 4036
3960 4037
3961 3962
3961 4036
3961 4037
3961 4038
3962 3963
3962 4037
3962 4038
3962 4039
3963 3964
3963 4038
3963 4039
3963 4040
3964 3965
3964 4039
3964 4040
3965 3966
3965 4040
3965 4041
3966 3967
3966 4041
3967 3968
3967 4041
3968 3969
3968 4042
3969 3970
3969 4042
3969 4043
3970 4042
3970 4043
3970 4044
3971 3972
3971 4044
3971 4045
3971 4046
3972 3973
3972 4045
3972 4046
3972 4047
3973 3974
3973 4046
3973 4047
3973 4048
3974 3975
3974 4047
3974 4048
3975 3976
3975 4048
3975 4049
3976 3977
3976 4049
3976 4050
3977 3978
3977 4049
3977 4050
3978 3979
3978 4050
3978 4051
3979 3980
3979 4051
3979 4052
3980 3981
3980 4051
3980 4052
3980 4053
3981 3982
3981 4052
3981 4053
3981 4054
3982 3983
3982 4053
3982 4054
3982 4055
3983 3984
3983 4054
3983 4055
3984 3985
3984 4055
3984 4056
3985 3986
3985 4056
3985 4057
3986 4056
3986 4057
3986 4058
3987 3988
3987 4058
3987 4059
3988 3989
3988 4059
3988 4060
3989 4060
3989 4061
3990 3991
3990 4061
3990 4062
3990 4063
3991 3992
3991 4062
3991 4063
3991 4064
3992 3993
3992 4063
3992 4064
3992 4065
3993 4064
3993 4065
3993 4066
3994 3995
3994 4066
3995 4067
3996 3997
3996 4067
3996 4068
3996 4069
3997 3998
3997 4068
3997 4069
3998 3999
3998 4069
3998 4070
3999 4070
4000 4001
4000 4071
4001 4002
4001 4071
4001 4072
4002 4003
4002 4072
4002 4073
4003 4004
4003 4072
4003 4073
4004 4073
4005 4006
4005 4074
4005 4075
4005 4076
4006 4075
4006 4076
4007 4008
4007 4077
4008 4009
4008 4077
4008 4078
4009 4010
4009 4077
4009 4078
4010 4011
4010 4078
4010 4079
4011 4012
4011 4079
4011 4080
4012 4013
4012 4079
4012 4080
4012 4081
4013 4080
4013 4081
4013 4082
4014 4015
4014 4082
4014 4083
4015 4083
4015 4084
4016 4017
4016 4084
4016 4085
4016 4086
4017 4018
4017 4085
4017 4086
4017 4087
4018 4019
4018 4086
4018 4087
4018 4088
4019 4020
4019 4087
4019 4088
4019 4089
4020 4021
4020 4088
4020 4089
4020 4090
4021 4089
4021 4090
4021 4091
4022 4023
4022 4091
4022 4092
4022 4093
4023 4024
4023 4092
4023 4093
4023 4094
4024 4025
4024 4093
4024 4094
4024 4095
4025 4026
4025 4094
4025 4095
4026 4027
4026 4095
4027 4096
4028 4029
4028 4096
4028 4097
4028 4098
4029 4097
4029 4098
4029 4099
4030 4031
4030 4099
4030 4100
4031 4100
4031 4101
4032 4033
4032 4101
4032 4102
4033 4034
4033 4102
4034 4035
4034 4103
4035 4036
4035 4103
4035 4104
4036 4037
4036 4103
4036 4104
4037 4038
4037 4104
4037 4105
4038 4039
4038 4105
4038 4106
4039 4040
4039 4105
4039 4106
4039 4107
4040 4106
4040 4107
4041 4108
4041 4109
4042 4043
4042 4110
4042 4111
4042 4112
4043 4044
4043 4111
4043 4112
4043 4113
4044 4045
4044 4112
4044 4113
4044 4114
4045 4046
4045 4113
4045 4114
4045 4115
4046 4047
4046 4114
4046 4115
4046 4116
4047 4048
4047 4115
4047 4116
4047 4117
4048 4116
4048 4117
4048 4118
4049 4050
4049 4118
4049 4119
4050 4119
4050 4120
4051 4052
4051 4120
4051 4121
4051 4122
4052 4053
4052 4121
4052 4122
4052 4123
4053 4054
4053 4122
4053 4123
4053 4124
4054 4055
4054 4123
4054 4124
4054 4125
4055 4124
4055 4125
4056 4057
4056 4126
4056 4127
4057 4058
4057 4126
4057 4127
4057 4128
4058 4059
4058 4127
4058 4128
4059 4128
4059 4129
4060 4061
4060 4129
4060 4130
4060 4131
4061 4062
4061 4130
4061 4131
4062 4063
4062 4131
4062 4132
4063 4064
4063 4132
4063 4133
4064 4065
4064 4132
4064 4133
4064 4134
4065 4066
4065 4133
4065 4134
4066 4134
4066 4135
4067 4068
4067 4136
4067 4137
4068 4069
4068 4137
4068 4138
4069 4138
4069 4139
4070 4139
4070 4140
4070 4141
4071 4141
4071 4142
4071 4143
4072 4073
4072 4143
4072 4144
4072 4145
4073 4144
4073 4145
4073 4146
4074 4075
4074 4147
4074 4148
4074 4149
4075 4076
4075 4148
4075 4149
4075 4150
4076 4149
4076 4150
4077 4078
4077 4151
4077 4152
4078 4152
4078 4153
4079 4080
4079 4153
4079 4154
4079 4155
4080 4081
4080 4154
4080 4155
4080 4156
4081 4082
4081 4155
4081 4156
4081 4157
4082 4083
4082 4156
4082 4157
4082 4158
4083 4157
4083 4158
4083 4159
4084 4085
4084 4159
4084 4160
4085 4086
4085 4160
4085 4161
4086 4087
4086 4160
4086 4161
4087 4088
4087 4161
4088 4089
4088 4162
4089 4090
4089 4162
4089 4163
4090 4091
4090 4162
4090 4163
4091 4092
4091 4163
4092 4093
4092 4164
4093 4094
4093 4164
4093 4165
4094 4095
4094 4164
4094 4165
4094 4166
4095 4165
4095 4166
4095 4167
4096 4097
4096 4168
4097 4098
4097 4168
4097 4169
4098 4099
4098 4168
4098 4169
4098 4170
4099 4100
4099 4169
4099 4170
4099 4171
4100 4170
4100 4171
4100 4172
4101 4102
4101 4172
4101 4173
4101 4174
4102 4173
4102 4174
4102 4175
4103 4104
4103 4176
4103 4177
4104 4177
4104 4178
4105 4106
4105 4178
4105 4179
4105 4180
4106 4107
4106 4179
4106 4180
4106 4181
4107 4180
4107 4181
4107 4182
4108 4109
4108 4182
4108 4183
4109 4110
4109 4183
4109 4184
4110 4111
4110 4183
4110 4184
4110 4185
4111 4112
4111 4184
4111 4185
4111 4186
4112 4113
4112 4185
4112 4186
4112 4187
4113 4114
4113 4186
4113 4187
4113 4188
4114 4115
4114 4187
4114 4188
4115 4116
4115 4188
4115 4189
4116 4117
4116 4189
4117 4118
4117 4189
4117 4190
4118 4190
4118 4191
4119 4120
4119 4191
4119 4192
4119 4193
4120 4121
4120 4192
4120 4193
4120 4194
4121 4122
4121 4193
4121 4194
4121 4195
4122 4123
4122 4194
4122 4195
4122 4196
4123 4124
4123 4195
4123 4196
4123 4197
4124 4125
4124 4196
4124 4197
4124 4198
4125 4197
4125 4198
4125 4199
4126 4127
4126 4199
4126 4200
4126 4201
4127 4128
4127 4200
4127 4201
4127 4202
4128 4201
4128 4202
4128 4203
4129 4130
4129 4203
4129 4204
4129 4205
4130 4131
4130 4204
4130 4205
4130 4206
4131 4205
4131 4206
4131 4207
4132 4133
4132 4207
4132 4208
4133 4134
4133 4208
4134 4209
4135 4136
4135 4209
4135 4210
4135 4211
4136 4137
4136 4210
4136 4211
4136 4212
4137 4211
4137 4212
4137 4213
4138 4139
4138 4213
4138 4214
4138 4215
4139 4140
4139 4214
4139 4215
4140 4141
4140 4215
4140 4216
4141 4142
4141 4216
4141 4217
4142 4143
4142 4216
4142 4217
4143 4144
4143 4217
4143 4218
4144 4145
4144 4218
4144 4219
4145 4146
4145 4218
4145 4219
4146 4147
4146 4219
4146 4220
4147 4148
4147 4220
4147 4221
4148 4149
4148 4220
4148 4221
4149 4150
4149 4221
4151 4222
4151 4223
4152 4153
4152 4223
4152 4224
4153 4154
4153 4224
4153 4225
4154 4155
4154 4224
4154 4225
4154 4226
4155 4156
4155 4225
4155 4226
4155 4227
4156 4157
4156 4226
4156 4227
4156 4228
4157 4158
4157 4227
4157 4228
4157 4229
4158 4159
4158 4228
4158 4229
4158 4230
4159 4229
4159 4230
4159 4231
4160 4161
4160 4231
4160 4232
4161 4232
4161 4233
4162 4163
4162 4234
4162 4235
4162 4236
4163 4235
4163 4236
4163 4237
4164 4165
4164 4238
4164 4239
4165 4166
4165 4238
4165 4239
4165 4240
4166 4167
4166 4239
4166 4240
4166 4241
4167 4240
4167 4241
4167 4242
4168 4169
4168 4243
4168 4244
4169 4170
4169 4243
4169 4244
4169 4245
4170 4171
4170 4244
4170 4245
4170 4246
4171 4172
4171 4245
4171 4246
4172 4173
4172 4246
4172 4247
4173 4174
4173 4247
4173 4248
4174 4175
4174 4247
4174 4248
4174 4249
4175 4176
4175 4248
4175 4249
4175 4250
4176 4249
4176 4250
4176 4251
4177 4178
4177 4251
4177 4252
4178 4179
4178 4252
4178 4253
4179 4180
4179 4253
4180 4181
4180 4253
4180 4254
4181 4182
4181 4254
4181 4255
4182 4254
4182 4255
4182 4256
4183 4184
4183 4256
4183 4257
4184 4185
4184 4257
4184 4258
4185 4186
4185 4258
4185 4259
4186 4187
4186 4258
4186 4259
4187 4188
4187 4259
4187 4260
4188 4260
4188 4261
4189 4261
4189 4262
4190 4191
4190 4263
4190 4264
4191 4192
4191 4263
4191 4264
4191 4265
4192 4193
4192 4264
4192 4265
4192 4266
4193 4194
4193 4265
4193 4266
4193 4267
4194 4195
4194 4266
4194 4267
4194 4268
4195 4196
4195 4267
4195 4268
4196 4197
4196 4268
4196 4269
4197 4198
4197 4269
4197 4270
4198 4199
4198 4269
4198 4270
4198 4271
4199 4200
4199 4270
4199 4271
4200 4201
4200 4271
4201 4202
4201 4272
4202 4203
4202 4272
4202 4273
4203 4204
4203 4272
4203 4273
4204 4205
4204 4273
4204 4274
4205 4206
4205 4274
4205 4275
4206 4207
4206 4274
4206 4275
4207 4208
4207 4275
4207 4276
4208 4276
4208 4277
4209 4210
4209 4278
4209 4279
4209 4280
4210 4211
4210 4279
4210 4280
4210 4281
4211 4212
4211 4280
4211 4281
4212 4213
4212 4281
4212 4282
4213 4214
4213 4282
4213 4283
4214 4215
4214 4282
4214 4283
4214 4284
4215 4283
4215 4284
4215 4285
4216 4217
4216 4285
4216 4286
4217 4286
4217 4287
4218 4219
4218 4287
4218 4288
4218 4289
4219 4288
4219 4289
4220 4221
4220 4290
4220 4291
4221 4290
4221 4291
4221 4292
4222 4223
4222 4294
4223 4294
4223 4295
4224 4225
4224 4295
4224 4296
4224 4297
4225 4226
4225 4296
4225 4297
4225 4298
4226 4227
4226 4297
4226 4298
4226 4299
4227 4228
4227 4298
4227 4299
4227 4300
4228 4229
4228 4299
4228 4300
4228 4301
4229 4230
4229 4300
4229 4301
4229 4302
4230 4231
4230 4301
4230 4302
4230 4303
4231 4232
4231 4302
4231 4303
4231 4304
4232 4303
4232 4304
4232 4305
4233 4234
4233 4305
4233 4306
4233 4307
4234 4235
4234 4306
4234 4307
4234 4308
4235 4236
4235 4307
4235 4308
4235 4309
4236 4237
4236 4308
4236 4309
4236 4310
4237 4309
4237 4310
4238 4239
4238 4311
4238 4312
4239 4240
4239 4311
4239 4312
4240 4241
4240 4312
4240 4313
4241 4242
4241 4313
4242 4313
4243 4244
4243 4314
4243 4315
4244 4245
4244 4314
4244 4315
4244 4316
4245 4246
4245 4315
4245 4316
4246 4316
4246 4317
4247 4248
4247 4317
4247 4318
4248 4249
4248 4318
4248 4319
4249 4250
4249 4318
4249 4319
4249 4320
4250 4251
4250 4319
4250 4320
4250 4321
4251 4252
4251 4320
4251 4321
4251 4322
4252 4321
4252 4322
4252 4323
4253 4323
4253 4324
4253 4325
4254 4255
4254 4325
4254 4326
4254 4327
4255 4256
4255 4326
4255 4327
4255 4328
4256 4257
4256 4327
4256 4328
4256 4329
4257 4328
4257 4329
4257 4330
4258 4259
4258 4330
4258 4331
4258 4332
4259 4331
4259 4332
4259 4333
4260 4261
4260 4333
4260 4334
4261 4262
4261 4334
4261 4335
4262 4334
4262 4335
4262 4336
4263 4264
4263 4336
4263 4337
4263 4338
4264 4265
4264 4337
4264 4338
4264 4339
4265 4266
4265 4338
4265 4339
4265 4340
4266 4267
4266 4339
4266 4340
4266 4341
4267 4268
4267 4340
4267 4341
4267 4342
4268 4341
4268 4342
4268 4343
4269 4270
4269 4343
4269 4344
4269 4345
4270 4271
4270 4344
4270 4345
4270 4346
4271 4345
4271 4346
4271 4347
4272 4273
4272 4348
4272 4349
4272 4350
4273 4349
4273 4350
4274 4275
4274 4351
4275 4351
4276 4277
4276 4352
4276 4353
4277 4278
4277 4352
4277 4353
4278 4279
4278 4353
4279 4280
4279 4354
4280 4281
4280 4354
4280 4355
4281 4354
4281 4355
4281 4356
4282 4283
4282 4356
4282 4357
4282 4358
4283 4284
4283 4357
4283 4358
4283 4359
4284 4285
4284 4358
4284 4359
4284 4360
4285 4359
4285 4360
4286 4287
4286 4361
4286 4362
4287 4288
4287 4361
4287 4362
4287 4363
4288 4289
4288 4362
4288 4363
4288 4364
4289 4363
4289 4364
4289 4365
4290 4291
4290 4365
4290 4366
4290 4367
4291 4292
4291 4366
4291 4367
4291 4368
4292 4293
4292 4367
4292 4368
4293 4368
4294 4295
4294 4369
4294 4370
4295 4296
4295 4369
4295 4370
4295 4371
4296 4297
4296 4370
4296 4371
4296 4372
4297 4298
4297 4371
4297 4372
4297 4373
4298 4299
4298 4372
4298 4373
4298 4374
4299 4300
4299 4373
4299 4374
4299 4375
4300 4301
4300 4374
4300 4375
4301 4302
4301 4375
4301 4376
4302 4303
4302 4376
4302 4377
4303 4304
4303 4376
4303 4377
4303 4378
4304 4305
4304 4377
4304 4378
4304 4379
4305 4306
4305 4378
4305 4379
4305 4380
4306 4307
4306 4379
4306 4380
4307 4308
4307 4380
4308 4309
4308 4381
4309 4310
4309 4381
4309 4382
4310 4381
4310 4382
4310 4383
4311 4312
4311 4383
4311 4384
4311 4385
4312 4384
4312 4385
4312 4386
4313 4386
4313 4387
4313 4388
4314 4315
4314 4389
4315 4316
4315 4390
4316 4390
4316 4391
4317 4391
4317 4392
4318 4319
4318 4392
4318 4393
4318 4394
4319 4320
4319 4393
4319 4394
4319 4395
4320 4321
4320 4394
4320 4395
4320 4396
4321 4322
4321 4395
4321 4396
4321 4397
4322 4323
4322 4396
4322 4397
4322 4398
4323 4324
4323 4397
4323 4398
4323 4399
4324 4325
4324 4398
4324 4399
4324 4400
4325 4326
4325 4399
4325 4400
4326 4327
4326 4400
4326 4401
4327 4328
4327 4401
4327 4402
4328 4329
4328 4401
4328 4402
4329 4330
4329 4402
4330 4331
4330 4403
4331 4332
4331 4403
4332 4333
4332 4403
4332 4404
4333 4404
4334 4335
4334 4405
4335 4336
4335 4405
4335 4406
4336 4337
4336 4405
4336 4406
4336 4407
4337 4338
4337 4406
4337 4407
4337 4408
4338 4339
4338 4407
4338 4408
4338 4409
4339 4340
4339 4408
4339 4409
4339 4410
4340 4341
4340 4409
4340 4410
4340 4411
4341 4342
4341 4410
4341 4411
4341 4412
4342 4343
4342 4411
4342 4412
4343 4344
4343 4412
4343 4413
4344 4345
4344 4413
4345 4346
4345 4413
4345 4414
4346 4347
4346 4414
4346 4415
4347 4348
4347 4414
4347 4415
4347 4416
4348 4349
4348 4415
4348 4416
4348 4417
4349 4350
4349 4416
4349 4417
4349 4418
4350 4417
4350 4418
4351 4419
4351 4420
4352 4353
4352 4421
4353 4421
4353 4422
4354 4355
4354 4423
4354 4424
4354 4425
4355 4356
4355 4424
4355 4425
4356 4357
4356 4425
4356 4426
4357 4358
4357 4426
4357 4427
4358 4359
4358 4426
4358 4427
4359 4360
4359 4427
4360 4428
4361 4362
4361 4428
4361 4429
4361 4430
4362 4363
4362 4429
4362 4430
4362 4431
4363 4364
4363 4430
4363 4431
4363 4432
4364 4365
4364 4431
4364 4432
4364 4433
4365 4366
4365 4432
4365 4433
4365 4434
4366 4367
4366 4433
4366 4434
4366 4435
4367 4368
4367 4434
4367 4435
4367 4436
4368 4435
4368 4436
4368 4437
4369 4370
4369 4438
4369 4439
4369 4440
4370 4371
4370 4439
4370 4440
4370 4441
4371 4372
4371 4440
4371 4441
4371 4442
4372 4373
4372 4441
4372 4442
4372 4443
4373 4374
4373 4442
4373 4443
4373 4444
4374 4375
4374 4443
4374 4444
4374 4445
4375 4444
4375 4445
4375 4446
4376 4377
4376 4446
4376 4447
4376 4448
4377 4378
4377 4447
4377 4448
4378 4379
4378 4448
4379 4380
4379 4449
4380 4449
4380 4450
4381 4382
4381 4451
4381 4452
4381 4453
4382 4383
4382 4452
4382 4453
4382 4454
4383 4384
4383 4453
4383 4454
4383 4455
4384 4385
4384 4454
4384 4455
4384 4456
4385 4386
4385 4455
4385 4456
4385 4457
4386 4387
4386 4456
4386 4457
4386 4458
4387 4388
4387 4457
4387 4458
4387 4459
4388 4389
4388 4458
4388 4459
4388 4460
4389 4459
4389 4460
4389 4461
4390 4391
4390 4462
4390 4463
4391 4463
4391 4464
4392 4393
4392 4464
4392 4465
4392 4466
4393 4394
4393 4465
4393 4466
4393 4467
4394 4395
4394 4466
4394 4467
4395 4396
4395 4467
4395 4468
4396 4397
4396 4468
4397 4398
4397 4468
4398 4399
4399 4400
4400 4469
4401 4402
4401 4469
4401 4470
4401 4471
4402 4470
4402 4471
4402 4472
4403 4473
4403 4474
4404 4475
4405 4406
4405 4476
4405 4477
4406 4407
4406 4477
4406 4478
4407 4408
4407 4477
4407 4478
4407 4479
4408 4409
4408 4478
4408 4479
4409 4410
4409 4479
4409 4480
4410 4411
4410 4480
4410 4481
4411 4412
4411 4480
4411 4481
4411 4482
4412 4481
4412 4482
4412 4483
4413 4483
4413 4484
4413 4485
4414 4415
4414 4485
4414 4486
4415 4416
4415 4486
4415 4487
4416 4417
4416 4486
4416 4487
4416 4488
4417 4418
4417 4487
4417 4488
4417 4489
4418 4488
4418 4489
4418 4490
4419 4420
4419 4490
4419 4491
4419 4492
4420 4491
4420 4492
4421 4493
4422 4423
4422 4494
4422 4495
4423 4424
4423 4494
4423 4495
4423 4496
4424 4425
4424 4495
4424 4496
4424 4497
4425 4496
4425 4497
4425 4498
4426 4427
4426 4498
4426 4499
4427 4499
4427 4500
4428 4429
4428 4501
4428 4502
4428 4503
4429 4430
4429 4502
4429 4503
4429 4504
4430 4431
4430 4503
4430 4504
4431 4432
4431 4504
4431 4505
4432 4433
4432 4505
4433 4434
4433 4505
4434 4435
4434 4506
4435 4436
4435 4506
4435 4507
4436 4437
4436 4506
4436 4507
4436 4508
4437 4507
4437 4508
4438 4439
4438 4509
4439 4440
4439 4509
4439 4510
4440 4441
4440 4509
4440 4510
4440 4511
4441 4442
4441 4510
4441 4511
4441 4512
4442 4443
4442 4511
4442 4512
4442 4513
4443 4444
4443 4512
4443 4513
4444 4445
4444 4513
4445 4446
4445 4514
4446 4447
4446 4514
4447 4448
4447 4514
4447 4515
4448 4515
4448 4516
4449 4450
4449 4517
4449 4518
4450 4451
4450 4518
4451 4452
4451 4518
4451 4519
4452 4453
4452 4519
4452 4520
4453 4454
4453 4519
4453 4520
4453 4521
4454 4455
4454 4520
4454 4521
4454 4522
4455 4456
4455 4521
4455 4522
4455 4523
4456 4457
4456 4522
4456 4523
4456 4524
4457 4458
4457 4523
4457 4524
4457 4525
4458 4459
4458 4524
4458 4525
4458 4526
4459 4460
4459 4525
4459 4526
4459 4527
4460 4461
4460 4526
4460 4527
4460 4528
4461 4462
4461 4527
4461 4528
4461 4529
4462 4463
4462 4528
4462 4529
4462 4530
4463 4529
4463 4530
4463 4531
4464 4465
4464 4531
4464 4532
4465 4466
4465 4532
4465 4533
4466 4467
4466 4532
4466 4533
4466 4534
4467 4533
4467 4534
4467 4535
4468 4535
4468 4536
4469 4470
4469 4539
4470 4471
4470 4539
4470 4540
4471 4472
4471 4540
4471 4541
4472 4473
4472 4540
4472 4541
4472 4542
4473 4474
4473 4541
4473 4542
4473 4543
4474 4542
4474 4543
4474 4544
4475 4544
4475 4545
4476 4546
4476 4547
4477 4478
4477 4547
4477 4548
4477 4549
4478 4479
4478 4548
4478 4549
4478 4550
4479 4549
4479 4550
4479 4551
4480 4481
4480 4551
4480 4552
4481 4482
4481 4552
4481 4553
4482 4483
4482 4553
4482 4554
4483 4484
4483 4553
4483 4554
4483 4555
4484 4485
4484 4554
4484 4555
4484 4556
4485 4555
4485 4556
4485 4557
4486 4487
4486 4557
4486 4558
4487 4488
4487 4558
4487 4559
4488 4489
4488 4558
4488 4559
4488 4560
4489 4490
4489 4559
4489 4560
4490 4491
4490 4560
4491 4492
4491 4561
4492 4561
4492 4562
4493 4562
4493 4563
4494 4495
4494 4563
4494 4564
4494 4565
4495 4496
4495 4564
4495 4565
4496 4497
4496 4565
4496 4566
4497 4498
4497 4566
4498 4566
4499 4500
4499 4567
4500 4501
4500 4567
4500 4568
4501 4502
4501 4567
4501 4568
4501 4569
4502 4503
4502 4568
4502 4569
4502 4570
4503 4504
4503 4569
4503 4570
4503 4571
4504 4570
4504 4571
4504 4572
4505 4572
4505 4573
4505 4574
4506 4507
4506 4575
4506 4576
4507 4508
4507 4576
4509 4510
4509 4577
4509 4578
4509 4579
4510 4511
4510 4578
4510 4579
4510 4580
4511 4512
4511 4579
4511 4580
4512 4513
4512 4580
4512 4581
4513 4581
4513 4582
4514 4583
4515 4516
4515 4584
4515 4585
4516 4517
4516 4584
4516 4585
4516 4586
4517 4585
4517 4586
4518 4587
4518 4588
4519 4520
4519 4588
4519 4589
4519 4590
4520 4521
4520 4589
4520 4590
4520 4591
4521 4522
4521 4590
4521 4591
4522 4523
4522 4591
4523 4524
4524 4525
4524 4592
4525 4526
4525 4592
4525 4593
4526 4527
4526 4592
4526 4593
4527 4528
4527 4593
4527 4594
4528 4529
4528 4594
4528 4595
4529 4530
4529 4594
4529 4595
4529 4596
4530 4531
4530 4595
4530 4596
4531 4596
4531 4597
4532 4533
4532 4597
4532 4598
4532 4599
4533 4534
4533 4598
4533 4599
4533 4600
4534 4535
4534 4599
4534 4600
4534 4601
4535 4536
4535 4600
4535 4601
4535 4602
4536 4601
4536 4602
4536 4603
4537 4538
4537 4603
4537 4604
4537 4605
4538 4604
4538 4605
4539 4606
4540 4541
4540 4607
4540 4608
4541 4542
4541 4607
4541 4608
4541 4609
4542 4543
4542 4608
4542 4609
4542 4610
4543 4544
4543 4609
4543 4610
4543 4611
4544 4545
4544 4610
4544 4611
4545 4611
4545 4612
4546 4547
4546 4612
4546 4613
4546 4614
4547 4548
4547 4613
4547 4614
4547 4615
4548 4549
4548 4614
4548 4615
4548 4616
4549 4550
4549 4615
4549 4616
4549 4617
4550 4551
4550 4616
4550 4617
4550 4618
4551 4552
4551 4617
4551 4618
4551 4619
4552 4618
4552 4619
4552 4620
4553 4554
4553 4620
4553 4621
4553 4622
4554 4555
4554 4621
4554 4622
4554 4623
4555 4556
4555 4622
4555 4623
4555 4624
4556 4557
4556 4623
4556 4624
4556 4625
4557 4624
4557 4625
4557 4626
4558 4559
4558 4626
4558 4627
4559 4560
4559 4627
4559 4628
4560 4627
4560 4628
4560 4629
4561 4562
4561 4630
4561 4631
4561 4632
4562 4631
4562 4632
4562 4633
4563 4564
4563 4633
4563 4634
4563 4635
4564 4565
4564 4634
4564 4635
4564 4636
4565 4635
4565 4636
4565 4637
4566 4637
4566 4638
4566 4639
4567 4568
4567 4641
4567 4642
4567 4643
4568 4569
4568 4642
4568 4643
4568 4644
4569 4570
4569 4643
4569 4644
4569 4645
4570 4571
4570 4644
4570 4645
4570 4646
4571 4572
4571 4645
4571 4646
4572 4573
4572 4646
4572 4647
4573 4574
4573 4647
4573 4648
4574 4575
4574 4647
4574 4648
4574 4649
4575 4576
4575 4648
4575 4649
4575 4650
4576 4649
4576 4650
4576 4651
4577 4578
4577 4653
4577 4654
4578 4579
4578 4653
4578 4654
4578 4655
4579 4580
4579 4654
4579 4655
4580 4655
4580 4656
4581 4582
4581 4656
4581 4657
4581 4658
4582 4583
4582 4657
4582 4658
4582 4659
4583 4658
4583 4659
4583 4660
4584 4585
4584 4661
4584 4662
4585 4586
4585 4662
4586 4662
4587 4588
4587 4663
4587 4664
4588 4589
4588 4663
4588 4664
4588 4665
4589 4590
4589 4664
4589 4665
4589 4666
4590 4591
4590 4665
4590 4666
4590 4667
4591 4666
4591 4667
4591 4668
4592 4593
4592 4670
4592 4671
4593 4671
4593 4672
4594 4595
4594 4672
4594 4673
4595 4596
4595 4673
4596 4673
4596 4674
4597 4598
4597 4674
4597 4675
4598 4599
4598 4675
4598 4676
4599 4600
4599 4676
4599 4677
4600 4601
4600 4676
4600 4677
4600 4678
4601 4602
4601 4677
4601 4678
4601 4679
4602 4603
4602 4678
4602 4679
4602 4680
4603 4604
4603 4679
4603 4680
4603 4681
4604 4605
4604 4680
4604 4681
4605 4681
4605 4682
4606 4682
4606 4683
4606 4684
4607 4608
4607 4684
4607 4685
4608 4609
4608 4685
4608 4686
4609 4610
4609 4685
4609 4686
4609 4687
4610 4611
4610 4686
4610 4687
4610 4688
4611 4687
4611 4688
4611 4689
4612 4613
4612 4689
4612 4690
4612 4691
4613 4614
4613 4690
4613 4691
4614 4615
4614 4691
4614 4692
4615 4616
4615 4692
4616 4617
4616 4692
4616 4693
4617 4618
4617 4693
4617 4694
4618 4619
4618 4693
4618 4694
4618 4695
4619 4620
4619 4694
4619 4695
4619 4696
4620 4621
4620 4695
4620 4696
4620 4697
4621 4622
4621 4696
4621 4697
4622 4623
4622 4697
4622 4698
4623 4624
4623 4698
4623 4699
4624 4625
4624 4698
4624 4699
4625 4626
4625 4699
4625 4700
4626 4700
4627 4628
4627 4701
4627 4702
4628 4629
4628 4701
4628 4702
4628 4703
4629 4630
4629 4702
4629 4703
4629 4704
4630 4631
4630 4703
4630 4704
4630 4705
4631 4632
4631 4704
4631 4705
4631 4706
4632 4633
4632 4705
4632 4706
4633 4634
4633 4706
4633 4707
4634 4635
4634 4707
4635 4636
4635 4707
4636 4637
4636 4708
4637 4638
4637 4708
4638 4639
4638 4708
4638 4709
4639 4640
4639 4709
4639 4710
4640 4641
4640 4709
4640 4710
4640 4711
4641 4642
4641 4710
4641 4711
4641 4712
4642 4643
4642 4711
4642 4712
4642 4713
4643 4644
4643 4712
4643 4713
4643 4714
4644 4645
4644 4713
4644 4714
4644 4715
4645 4646
4645 4714
4645 4715
4645 4716
4646 4715
4646 4716
4646 4717
4647 4648
4647 4717
4647 4718
4647 4719
4648 4649
4648 4718
4648 4719
4648 4720
4649 4650
4649 4719
4649 4720
4649 4721
4650 4651
4650 4720
4650 4721
4651 4652
4651 4721
4651 4722
4652 4722
4653 4654
4653 4723
4653 4724
4654 4655
4654 4723
4654 4724
4654 4725
4655 4724
4655 4725
4655 4726
4656 4657
4656 4726
4656 4727
4657 4658
4657 4727
4658 4659
4658 4728
4659 4660
4659 4728
4659 4729
4660 4661
4660 4728
4660 4729
4661 4729
4661 4730
4662 4730
4662 4731
4663 4664
4663 4732
4663 4733
4663 4734
4664 4665
4664 4733
4664 4734
4664 4735
4665 4666
4665 4734
4665 4735
4665 4736
4666 4667
4666 4735
4666 4736
4666 4737
4667 4668
4667 4736
4667 4737
4667 4738
4668 4669
4668 4737
4668 4738
4669 4670
4669 4738
4669 4739
4670 4671
4670 4739
4670 4740
4671 4739
4671 4740
4672 4741
4672 4742
4673 4742
4673 4743
4673 4744
4674 4675
4674 4744
4674 4745
4675 4745
4676 4677
4676 4746
4676 4747
4677 4678
4677 4746
4677 4747
4677 4748
4678 4679
4678 4747
4678 4748
4678 4749
4679 4680
4679 4748
4679 4749
4679 4750
4680 4681
4680 4749
4680 4750
4681 4750
4681 4751
4682 4683
4682 4751
4682 4752
4682 4753
4683 4684
4683 4752
4683 4753
4683 4754
4684 4753
4684 4754
4684 4755
4685 4686
4685 4755
4685 4756
4686 4687
4686 4756
4687 4688
4688 4689
4688 4757
4689 4690
4689 4757
4690 4691
4690 4757
4690 4758
4691 4758
4691 4759
4692 4759
4692 4760
4692 4761
4693 4694
4693 4761
4693 4762
4693 4763
4694 4695
4694 4762
4694 4763
4694 4764
4695 4696
4695 4763
4695 4764
4695 4765
4696 4697
4696 4764
4696 4765
4697 4765
4698 4699
4698 4766
4698 4767
4699 4766
4699 4767
4699 4768
4700 4768
4700 4769
4700 4770
4701 4702
4701 4770
4701 4771
4701 4772
4702 4703
4702 4771
4702 4772
4702 4773
4703 4704
4703 4772
4703 4773
4704 4705
4704 4773
4704 4774
4705 4706
4705 4774
4705 4775
4706 4774
4706 4775
4707 4776
4708 4777
4708 4778
4709 4710
4709 4778
4709 4779
4710 4711
4710 4779
4711 4712
4711 4779
4711 4780
4712 4713
4712 4780
4713 4714
4713 4780
4713 4781
4714 4715
4714 4781
4715 4716
4715 4781
4715 4782
4716 4717
4716 4782
4716 4783
4717 4718
4717 4782
4717 4783
4717 4784
4718 4719
4718 4783
4718 4784
4718 4785
4719 4720
4719 4784
4719 4785
4719 4786
4720 4721
4720 4785
4720 4786
4721 4786
4721 4787
4722 4787
4722 4788
4723 4724
4723 4789
4723 4790
4724 4725
4724 4789
4724 4790
4724 4791
4725 4726
4725 4790
4725 4791
4725 4792
4726 4727
4726 4791
4726 4792
4726 4793
4727 4792
4727 4793
4727 4794
4728 4729
4728 4795
4728 4796
4728 4797
4729 4796
4729 4797
4729 4798
4730 4731
4730 4798
4730 4799
4731 4799
4732 4733
4732 4800
4733 4734
4733 4800
4733 4801
4734 4735
4734 4800
4734 4801
4734 4802
4735 4736
4735 4801
4735 4802
4735 4803
4736 4737
4736 4802
4736 4803
4736 4804
4737 4738
4737 4803
4737 4804
4737 4805
4738 4804
4738 4805
4738 4806
4739 4740
4739 4806
4739 4807
4739 4808
4740 4807
4740 4808
4740 4809
4741 4742
4741 4809
4741 4810
4742 4743
4742 4810
4742 4811
4743 4744
4743 4811
4743 4812
4744 4745
4744 4811
4744 4812
4745 4812
4746 4747
4746 4813
4746 4814
4746 4815
4747 4748
4747 4814
4747 4815
4748 4749
4748 4815
4749 4750
4749 4816
4750 4816
4750 4817
4751 4752
4751 4817
4751 4818
4751 4819
4752 4753
4752 4818
4752 4819
4752 4820
4753 4754
4753 4819
4753 4820
4754 4755
4754 4820
4754 4821
4755 4756
4755 4821
4755 4822
4756 4821
4756 4822
4757 4824
4757 4825
4757 4826
4758 4759
4758 4826
4758 4827
4759 4760
4759 4827
4760 4761
4760 4827
4761 4762
4761 4828
4762 4763
4762 4828
4762 4829
4763 4764
4763 4828
4763 4829
4764 4765
4764 4829
4764 4830
4765 4830
4765 4831
4766 4767
4766 4832
4766 4833
4766 4834
4767 4768
4767 4833
4767 4834
4767 4835
4768 4769
4768 4834
4768 4835
4768 4836
4769 4770
4769 4835
4769 4836
4769 4837
4770 4771
4770 4836
4770 4837
4770 4838
4771 4772
4771 4837
4771 4838
4771 4839
4772 4773
4772 4838
4772 4839
4772 4840
4773 4839
4773 4840
4774 4775
4774 4841
4774 4842
4775 4841
4775 4842
4775 4843
4776 4844
4776 4845
4776 4846
4777 4778
4777 4846
4777 4847
4777 4848
4778 4847
4778 4848
4779 4849
4779 4850
4780 4850
4780 4851
4780 4852
4781 4852
4781 4853
4781 4854
4782 4783
4782 4854
4782 4855
4782 4856
4783 4784
4783 4855
4783 4856
4783 4857
4784 4785
4784 4856
4784 4857
4785 4786
4785 4857
4785 4858
4786 4858
4786 4859
4787 4788
4787 4859
4787 4860
4787 4861
4788 4860
4788 4861
4789 4790
4789 4862
4789 4863
4790 4791
4790 4862
4790 4863
4790 4864
4791 4792
4791 4863
4791 4864
4791 4865
4792 4793
4792 4864
4792 4865
4792 4866
4793 4794
4793 4865
4793 4866
4793 4867
4794 4795
4794 4866
4794 4867
4795 4796
4795 4867
4795 4868
4796 4797
4796 4868
4796 4869
4797 4798
4797 4868
4797 4869
4797 4870
4798 4799
4798 4869
4798 4870
4798 4871
4799 4870
4799 4871
4800 4801
4800 4873
4800 4874
4800 4875
4801 4802
4801 4874
4801 4875
4801 4876
4802 4803
4802 4875
4802 4876
4802 4877
4803 4804
4803 4876
4803 4877
4803 4878
4804 4805
4804 4877
4804 4878
4804 4879
4805 4806
4805 4878
4805 4879
4805 4880
4806 4807
4806 4879
4806 4880
4806 4881
4807 4808
4807 4880
4807 4881
4807 4882
4808 4809
4808 4881
4808 4882
4808 4883
4809 4810
4809 4882
4809 4883
4809 4884
4810 4883
4810 4884
4810 4885
4811 4812
4811 4885
4811 4886
4811 4887
4812 4886
4812 4887
4812 4888
4813 4814
4813 4889
4813 4890
4813 4891
4814 4815
4814 4890
4814 4891
4814 4892
4815 4891
4815 4892
4815 4893
4816 4817
4816 4894
4816 4895
4817 4818
4817 4894
4817 4895
4817 4896
4818 4819
4818 4895
4818 4896
4818 4897
4819 4820
4819 4896
4819 4897
4819 4898
4820 4897
4820 4898
4820 4899
4821 4822
4821 4899
4821 4900
4822 4900
4822 4901
4823 4824
4823 4901
4823 4902
4823 4903
4824 4825
4824 4902
4824 4903
4824 4904
4825 4826
4825 4903
4825 4904
4825 4905
4826 4904
4826 4905
4826 4906
4827 4906
4827 4907
4827 4908
4828 4829
4828 4909
4828 4910
4829 4910
4830 4831
4830 4911
4830 4912
4831 4832
4831 4911
4831 4912
4831 4913
4832 4833
4832 4912
4832 4913
4832 4914
4833 4834
4833 4913
4833 4914
4833 4915
4834 4835
4834 4914
4834 4915
4834 4916
4835 4836
4835 4915
4835 4916
4835 4917
4836 4837
4836 4916
4836 4917
4836 4918
4837 4838
4837 4917
4837 4918
4837 4919
4838 4839
4838 4918
4838 4919
4838 4920
4839 4840
4839 4919
4839 4920
4839 4921
4840 4920
4840 4921
4840 4922
4841 4842
4841 4922
4841 4923
4841 4924
4842 4843
4842 4923
4842 4924
4842 4925
4843 4844
4843 4924
4843 4925
4843 4926
4844 4845
4844 4925
4844 4926
4844 4927
4845 4846
4845 4926
4845 4927
4845 4928
4846 4847
4846 4927
4846 4928
4847 4848
4847 4928
4847 4929
4848 4929
4848 4930
4849 4850
4849 4930
4849 4931
4849 4932
4850 4851
4850 4931
4850 4932
4850 4933
4851 4852
4851 4932
4851 4933
4852 4853
4852 4933
4852 4934
4853 4854
4853 4934
4853 4935
4854 4855
4854 4934
4854 4935
4855 4856
4855 4935
4855 4936
4856 4857
4856 4936
4857 4936
4857 4937
4858 4859
4858 4937
4858 4938
4858 4939
4859 4860
4859 4938
4859 4939
4860 4861
4860 4939
4860 4940
4861 4940
4862 4863
4862 4941
4863 4864
4863 4941
4863 4942
4864 4865
4864 4942
4864 4943
4865 4866
4865 4942
4865 4943
4866 4867
4866 4943
4867 4944
4868 4869
4868 4944
4868 4945
4868 4946
4869 4870
4869 4945
4869 4946
4869 4947
4870 4871
4870 4946
4870 4947
4870 4948
4871 4947
4871 4948
4871 4949
4872 4873
4872 4949
4872 4950
4872 4951
4873 4874
4873 4950
4873 4951
4873 4952
4874 4875
4874 4951
4874 4952
4874 4953
4875 4876
4875 4952
4875 4953
4875 4954
4876 4877
4876 4953
4876 4954
4876 4955
4877 4878
4877 4954
4877 4955
4877 4956
4878 4879
4878 4955
4878 4956
4878 4957
4879 4880
4879 4956
4879 4957
4879 4958
4880 4881
4880 4957
4880 4958
4880 4959
4881 4882
4881 4958
4881 4959
4881 4960
4882 4883
4882 4959
4882 4960
4882 4961
4883 4884
4883 4960
4883 4961
4883 4962
4884 4885
4884 4961
4884 4962
4884 4963
4885 4886
4885 4962
4885 4963
4885 4964
4886 4887
4886 4963
4886 4964
4886 4965
4887 4888
4887 4964
4887 4965
4887 4966
4888 4889
4888 4965
4888 4966
4888 4967
4889 4890
4889 4966
4889 4967
4889 4968
4890 4891
4890 4967
4890 4968
4890 4969
4891 4892
4891 4968
4891 4969
4891 4970
4892 4893
4892 4969
4892 4970
4892 4971
4893 4970
4893 4971
4893 4972
4894 4895
4894 4972
4894 4973
4894 4974
4895 4896
4895 4973
4895 4974
4895 4975
4896 4897
4896 4974
4896 4975
4896 4976
4897 4898
4897 4975
4897 4976
4898 4899
4898 4976
4898 4977
4899 4977
4900 4901
4900 4978
4901 4902
4901 4978
4901 4979
4902 4903
4902 4979
4902 4980
4903 4904
4903 4979
4903 4980
4903 4981
4904 4905
4904 4980
4904 4981
4905 4906
4905 4981
4905 4982
4906 4907
4906 4982
4906 4983
4907 4908
4907 4982
4907 4983
4908 4909
4908 4983
4908 4984
4909 4910
4909 4984
4909 4985
4910 4984
4910 4985
4910 4986
4911 4912
4911 4987
4911 4988
4911 4989
4912 4913
4912 4988
4912 4989
4912 4990
4913 4914
4913 4989
4913 4990
4913 4991
4914 4915
4914 4990
4914 4991
4914 4992
4915 4916
4915 4991
4915 4992
4916 4917
4916 4992
4916 4993
4917 4918
4917 4993
4917 4994
4918 4919
4918 4993
4918 4994
4918 4995
4919 4920
4919 4994
4919 4995
4919 4996
4920 4921
4920 4995
4920 4996
4920 4997
4921 4922
4921 4996
4921 4997
4921 4998
4922 4923
4922 4997
4922 4998
4922 4999
4923 4924
4923 4998
4923 4999
4923 5000
4924 4925
4924 4999
4924 5000
4924 5001
4925 4926
4925 5000
4925 5001
4925 5002
4926 4927
4926 5001
4926 5002
4926 5003
4927 4928
4927 5002
4927 5003
4928 5003
4928 5004
4929 4930
4929 5004
4929 5005
4929 5006
4930 4931
4930 5005
4930 5006
4930 5007
4931 4932
4931 5006
4931 5007
4931 5008
4932 4933
4932 5007
4932 5008
4933 5008
4933 5009
4934 4935
4934 5009
4934 5010
4934 5011
4935 5010
4935 5011
4935 5012
4936 5012
4936 5013
4936 5014
4937 4938
4937 5014
4937 5015
4938 4939
4938 5015
4938 5016
4939 5015
4939 5016
4939 5017
4940 5017
4940 5018
4941 5019
4941 5020
4942 4943
4942 5020
4943 5021
4944 4945
4944 5022
4944 5023
4945 4946
4945 5022
4945 5023
4945 5024
4946 4947
4946 5023
4946 5024
4946 5025
4947 4948
4947 5024
4947 5025
4947 5026
4948 4949
4948 5025
4948 5026
4948 5027
4949 4950
4949 5026
4949 5027
4949 5028
4950 4951
4950 5027
4950 5028
4950 5029
4951 4952
4951 5028
4951 5029
4951 5030
4952 4953
4952 5029
4952 5030
4953 4954
4953 5030
4953 5031
4954 4955
4954 5031
4955 4956
4955 5031
4955 5032
4956 4957
4956 5032
4956 5033
4957 4958
4957 5032
4957 5033
4957 5034
4958 4959
4958 5033
4958 5034
4959 4960
4959 5034
4960 4961
4960 5035
4961 4962
4961 5035
4961 5036
4962 4963
4962 5035
4962 5036
4962 5037
4963 4964
4963 5036
4963 5037
4963 5038
4964 4965
4964 5037
4964 5038
4965 4966
4965 5038
4965 5039
4966 4967
4966 5039
4966 5040
4967 4968
4967 5039
4967 5040
4967 5041
4968 4969
4968 5040
4968 5041
4968 5042
4969 4970
4969 5041
4969 5042
4969 5043
4970 4971
4970 5042
4970 5043
4970 5044
4971 4972
4971 5043
4971 5044
4972 4973
4972 5044
4973 4974
4974 4975
4974 5045
4975 4976
4975 5045
4975 5046
4976 5045
4976 5046
4977 5047
4978 5048
4978 5049
4979 4980
4979 5049
4979 5050
4979 5051
4980 4981
4980 5050
4980 5051
4980 5052
4981 5051
4981 5052
4981 5053
4982 4983
4982 5053
4982 5054
4982 5055
4983 5054
4983 5055
4983 5056
4984 4985
4984 5056
4984 5057
4984 5058
4985 4986
4985 5057
4985 5058
4985 5059
4986 4987
4986 5058
4986 5059
4986 5060
4987 4988
4987 5059
4987 5060
4987 5061
4988 4989
4988 5060
4988 5061
4989 4990
4989 5061
4989 5062
4990 4991
4990 5062
4990 5063
4991 4992
4991 5062
4991 5063
4991 5064
4992 5063
4992 5064
4992 5065
4993 4994
4993 5065
4993 5066
4993 5067
4994 4995
4994 5066
4994 5067
4994 5068
4995 4996
4995 5067
4995 5068
4996 4997
4996 5068
4996 5069
4997 4998
4997 5069
4997 5070
4998 4999
4998 5069
4998 5070
4998 5071
4999 5000
4999 5070
4999 5071
5000 5001
5000 5071
5000 5072
5001 5002
5001 5072
5001 5073
5002 5003
5002 5072
5002 5073
5003 5073
5004 5005
5004 5074
5005 5006
5005 5074
5005 5075
5006 5007
5006 5075
5006 5076
5007 5008
5007 5075
5007 5076
5008 5076
5009 5010
5009 5077
5009 5078
5010 5011
5010 5077
5010 5078
5010 5079
5011 5012
5011 5078
5011 5079
5011 5080
5012 5013
5012 5079
5012 5080
5012 5081
5013 5014
5013 5080
5013 5081
5013 5082
5014 5081
5014 5082
5014 5083
5015 5016
5015 5083
5015 5084
5015 5085
5016 5017
5016 5084
5016 5085
5017 5018
5017 5085
5017 5086
5018 5086
5019 5020
5019 5087
5019 5088
5020 5087
5020 5088
5020 5089
5021 5090
5021 5091
5022 5023
5022 5091
5022 5092
5022 5093
5023 5024
5023 5092
5023 5093
5023 5094
5024 5025
5024 5093
5024 5094
5024 5095
5025 5026
5025 5094
5025 5095
5026 5027
5026 5095
5026 5096
5027 5028
5027 5096
5027 5097
5028 5029
5028 5096
5028 5097
5028 5098
5029 5030
5029 5097
5029 5098
5029 5099
5030 5098
5030 5099
5030 5100
5031 5100
5031 5101
5031 5102
5032 5033
5032 5102
5032 5103
5032 5104
5033 5034
5033 5103
5033 5104
5033 5105
5034 5104
5034 5105
5034 5106
5035 5036
5035 5107
5035 5108
5035 5109
5036 5037
5036 5108
5036 5109
5036 5110
5037 5038
5037 5109
5037 5110
5037 5111
5038 5110
5038 5111
5039 5040
5039 5112
5040 5041
5040 5112
5040 5113
5041 5042
5041 5113
5041 5114
5042 5043
5042 5113
5042 5114
5042 5115
5043 5044
5043 5114
5043 5115
5044 5115
5045 5046
5045 5117
5045 5118
5046 5118
5046 5119
5047 5119
5047 5120
5048 5049
5048 5121
5048 5122
5049 5050
5049 5121
5049 5122
5049 5123
5050 5051
5050 5122
5050 5123
5050 5124
5051 5052
5051 5123
5051 5124
5051 5125
5052 5053
5052 5124
5052 5125
5052 5126
5053 5054
5053 5125
5053 5126
5054 5055
5054 5126
5055 5056
5055 5127
5056 5057
5056 5127
5057 5058
5057 5127
5057 5128
5058 5059
5058 5128
5059 5060
5059 5128
5059 5129
5060 5061
5060 5129
5060 5130
5061 5129
5061 5130
5061 5131
5062 5063
5062 5131
5062 5132
5063 5064
5063 5132
5063 5133
5064 5065
5064 5133
5064 5134
5065 5066
5065 5133
5065 5134
5065 5135
5066 5067
5066 5134
5066 5135
5066 5136
5067 5068
5067 5135
5067 5136
5067 5137
5068 5136
5068 5137
5069 5070
5069 5138
5069 5139
5070 5071
5070 5138
5070 5139
5070 5140
5071 5139
5071 5140
5072 5073
5072 5141
5072 5142
5073 5141
5073 5142
5073 5143
5074 5144
5074 5145
5074 5146
5075 5076
5075 5146
5075 5147
5075 5148
5076 5147
5076 5148
5076 5149
5077 5078
5077 5150
5077 5151
5077 5152
5078 5079
5078 5151
5078 5152
5078 5153
5079 5080
5079 5152
5079 5153
5079 5154
5080 5081
5080 5153
5080 5154
5081 5082
5081 5154
5081 5155
5082 5083
5082 5155
5083 5084
5083 5155
5083 5156
5084 5085
5084 5156
5085 5156
5085 5157
5086 5157
5087 5088
5087 5158
5088 5089
5088 5158
5089 5159
5090 5091
5090 5159
5090 5160
5090 5161
5091 5092
5091 5160
5091 5161
5091 5162
5092 5093
5092 5161
5092 5162
5092 5163
5093 5094
5093 5162
5093 5163
5093 5164
5094 5095
5094 5163
5094 5164
5094 5165
5095 5164
5095 5165
5095 5166
5096 5097
5096 5166
5096 5167
5097 5098
5097 5167
5097 5168
5098 5099
5098 5167
5098 5168
5098 5169
5099 5100
5099 5168
5099 5169
5099 5170
5100 5101
5100 5169
5100 5170
5101 5102
5101 5170
5102 5103
5102 5171
5103 5104
5103 5171
5103 5172
5104 5105
5104 5171
5104 5172
5104 5173
5105 5106
5105 5172
5105 5173
5105 5174
5106 5107
5106 5173
5106 5174
5106 5175
5107 5108
5107 5174
5107 5175
5108 5109
5108 5175
5109 5110
5109 5176
5110 5111
5110 5176
5110 5177
5111 5176
5111 5177
5111 5178
5112 5178
5112 5179
5112 5180
5113 5114
5113 5180
5113 5181
5113 5182
5114 5115
5114 5181
5114 5182
5114 5183
5115 5182
5115 5183
5115 5184
5116 5117
5116 5185
5117 5118
5117 5185
5117 5186
5118 5186
5118 5187
5119 5120
5119 5187
5119 5188
5119 5189
5120 5188
5120 5189
5120 5190
5121 5122
5121 5190
5121 5191
5121 5192
5122 5123
5122 5191
5122 5192
5122 5193
5123 5124
5123 5192
5123 5193
5124 5125
5124 5193
5124 5194
5125 5126
5125 5194
5125 5195
5126 5194
5126 5195
5126 5196
5127 5197
5127 5198
5127 5199
5128 5199
5129 5130
5129 5200
5129 5201
5130 5131
5130 5200
5130 5201
5130 5202
5131 5132
5131 5201
5131 5202
5131 5203
5132 5202
5132 5203
5132 5204
5133 5134
5133 5204
5133 5205
5134 5135
5134 5205
5134 5206
5135 5136
5135 5205
5135 5206
5135 5207
5136 5137
5136 5206
5136 5207
5136 5208
5137 5207
5137 5208
5137 5209
5138 5139
5138 5209
5138 5210
5138 5211
5139 5140
5139 5210
5139 5211
5139 5212
5140 5211
5140 5212
5140 5213
5141 5142
5141 5213
5141 5214
5142 5143
5142 5214
5142 5215
5143 5144
5143 5215
5143 5216
5144 5145
5144 5215
5144 5216
5144 5217
5145 5146
5145 5216
5145 5217
5145 5218
5146 5147
5146 5217
5146 5218
5146 5219
5147 5148
5147 5218
5147 5219
5147 5220
5148 5149
5148 5219
5148 5220
5148 5221
5149 5150
5149 5220
5149 5221
5150 5151
5150 5221
5150 5222
5151 5152
5151 5222
5151 5223
5152 5153
5152 5222
5152 5223
5152 5224
5153 5154
5153 5223
5153 5224
5153 5225
5154 5224
5154 5225
5154 5226
5155 5226
5155 5227
5155 5228
5156 5228
5156 5229
5156 5230
5157 5230
5157 5231
5158 5232
5158 5233
5159 5160
5159 5234
5160 5161
5160 5235
5161 5162
5161 5235
5161 5236
5162 5163
5162 5235
5162 5236
5162 5237
5163 5164
5163 5236
5163 5237
5163 5238
5164 5165
5164 5237
5164 5238
5164 5239
5165 5166
5165 5238
5165 5239
5165 5240
5166 5239
5166 5240
5166 5241
5167 5168
5167 5241
5167 5242
5167 5243
5168 5169
5168 5242
5168 5243
5168 5244
5169 5170
5169 5243
5169 5244
5170 5244
5170 5245
5171 5172
5171 5246
5171 5247
5172 5173
5172 5247
5173 5174
5173 5247
5173 5248
5174 5175
5174 5248
5174 5249
5175 5248
5175 5249
5175 5250
5176 5177
5176 5251
5176 5252
5177 5178
5177 5252
5177 5253
5178 5179
5178 5252
5178 5253
5179 5180
5179 5253
5180 5181
5180 5254
5181 5182
5181 5254
5181 5255
5182 5183
5182 5254
5182 5255
5182 5256
5183 5184
5183 5255
5183 5256
5183 5257
5184 5256
5184 5257
5184 5258
5185 5258
5185 5259
5186 5187
5186 5259
5186 5260
5186 5261
5187 5188
5187 5260
5187 5261
5187 5262
5188 5189
5188 5261
5188 5262
5189 5190
5189 5262
5189 5263
5190 5191
5190 5263
5190 5264
5191 5192
5191 5263
5191 5264
5191 5265
5192 5193
5192 5264
5192 5265
5193 5265
5193 5266
5194 5195
5194 5266
5194 5267
5195 5196
5195 5267
5195 5268
5196 5197
5196 5267
5196 5268
5196 5269
5197 5198
5197 5268
5197 5269
5197 5270
5198 5199
5198 5269
5198 5270
5198 5271
5199 5270
5199 5271
5200 5201
5200 5272
5200 5273
5200 5274
5201 5202
5201 5273
5201 5274
5202 5203
5202 5274
5202 5275
5203 5204
5203 5275
5203 5276
5204 5275
5204 5276
5205 5206
5205 5277
5206 5207
5206 5277
5206 5278
5207 5208
5207 5278
5207 5279
5208 5209
5208 5278
5208 5279
5208 5280
5209 5210
5209 5279
5209 5280
5209 5281
5210 5211
5210 5280
5210 5281
5210 5282
5211 5212
5211 5281
5211 5282
5211 5283
5212 5213
5212 5282
5212 5283
5212 5284
5213 5214
5213 5283
5213 5284
5214 5284
5215 5216
5215 5285
5216 5217
5216 5285
5216 5286
5217 5218
5217 5285
5217 5286
5217 5287
5218 5219
5218 5286
5218 5287
5218 5288
5219 5220
5219 5287
5219 5288
5219 5289
5220 5221
5220 5288
5220 5289
5220 5290
5221 5289
5221 5290
5221 5291
5222 5223
5222 5291
5222 5292
5222 5293
5223 5224
5223 5292
5223 5293
5223 5294
5224 5225
5224 5293
5224 5294
5225 5226
5225 5294
5225 5295
5226 5227
5226 5295
5227 5228
5227 5295
5227 5296
5228 5229
5228 5296
5228 5297
5229 5230
5229 5296
5229 5297
5229 5298
5230 5231
5230 5297
5230 5298
5231 5298
5231 5299
5232 5233
5232 5300
5233 5234
5233 5300
5233 5301
5234 5300
5234 5301
5235 5236
5235 5302
5235 5303
5236 5237
5236 5303
5236 5304
5237 5238
5237 5303
5237 5304
5237 5305
5238 5239
5238 5304
5238 5305
5238 5306
5239 5240
5239 5305
5239 5306
5239 5307
5240 5241
5240 5306
5240 5307
5240 5308
5241 5242
5241 5307
5241 5308
5241 5309
5242 5243
5242 5308
5242 5309
5243 5244
5243 5309
5243 5310
5244 5310
5244 5311
5245 5246
5245 5311
5246 5312
5247 5312
5247 5313
5247 5314
5248 5249
5248 5314
5248 5315
5248 5316
5249 5250
5249 5315
5249 5316
5249 5317
5250 5251
5250 5316
5250 5317
5251 5317
5252 5253
5252 5318
5253 5318
5254 5255
5254 5319
5254 5320
5255 5256
5255 5319
5255 5320
5255 5321
5256 5257
5256 5320
5256 5321
5256 5322
5257 5258
5257 5321
5257 5322
5257 5323
5258 5322
5258 5323
5258 5324
5259 5260
5259 5324
5259 5325
5259 5326
5260 5261
5260 5325
5260 5326
5260 5327
5261 5262
5261 5326
5261 5327
5261 5328
5262 5327
5262 5328
5262 5329
5263 5264
5263 5329
5263 5330
5263 5331
5264 5265
5264 5330
5264 5331
5264 5332
5265 5331
5265 5332
5265 5333
5266 5333
5266 5334
5266 5335
5267 5268
5267 5335
5267 5336
5267 5337
5268 5269
5268 5336
5268 5337
5268 5338
5269 5270
5269 5337
5269 5338
5269 5339
5270 5271
5270 5338
5270 5339
5270 5340
5271 5339
5271 5340
5271 5341
5272 5273
5272 5341
5272 5342
5272 5343
5273 5274
5273 5342
5273 5343
5273 5344
5274 5343
5274 5344
5275 5276
5275 5345
5276 5345
5277 5346
5277 5347
5278 5279
5278 5347
5278 5348
5278 5349
5279 5280
5279 5348
5279 5349
5279 5350
5280 5281
5280 5349
5280 5350
5280 5351
5281 5282
5281 5350
5281 5351
5281 5352
5282 5283
5282 5351
5282 5352
5282 5353
5283 5284
5283 5352
5283 5353
5283 5354
5284 5353
5284 5354
5284 5355
5285 5286
5285 5357
5285 5358
5286 5287
5286 5358
5286 5359
5287 5288
5287 5358
5287 5359
5287 5360
5288 5289
5288 5359
5288 5360
5288 5361
5289 5290
5289 5360
5289 5361
5289 5362
5290 5291
5290 5361
5290 5362
5291 5292
5291 5362
5291 5363
5292 5293
5292 5363
5292 5364
5293 5294
5293 5363
5293 5364
5293 5365
5294 5364
5294 5365
5294 5366
5295 5366
5295 5367
5296 5297
5296 5368
5296 5369
5297 5298
5297 5368
5297 5369
5298 5369
5298 5370
5299 5370
5300 5301
5300 5371
5300 5372
5300 5373
5301 5372
5301 5373
5301 5374
5302 5374
5302 5375
5302 5376
5303 5304
5303 5376
5303 5377
5303 5378
5304 5305
5304 5377
5304 5378
5304 5379
5305 5306
5305 5378
5305 5379
5306 5307
5306 5379
5306 5380
5307 5308
5307 5380
5307 5381
5308 5309
5308 5380
5308 5381
5308 5382
5309 5381
5309 5382
5310 5311
5310 5383
5310 5384
5311 5383
5311 5384
5311 5385
5312 5313
5312 5386
5312 5387
5312 5388
5313 5314
5313 5387
5313 5388
5313 5389
5314 5315
5314 5388
5314 5389
5314 5390
5315 5316
5315 5389
5315 5390
5315 5391
5316 5317
5316 5390
5316 5391
5316 5392
5317 5391
5317 5392
5317 5393
5318 5395
5318 5396
5319 5320
5319 5397
5319 5398
5320 5321
5320 5397
5320 5398
5320 5399
5321 5322
5321 5398
5321 5399
5321 5400
5322 5323
5322 5399
5322 5400
5323 5324
5323 5400
5324 5325
5325 5326
5325 5401
5326 5327
5326 5401
5326 5402
5327 5328
5327 5401
5327 5402
5327 5403
5328 5329
5328 5402
5328 5403
5328 5404
5329 5330
5329 5403
5329 5404
5329 5405
5330 5331
5330 5404
5330 5405
5330 5406
5331 5332
5331 5405
5331 5406
5331 5407
5332 5333
5332 5406
5332 5407
5332 5408
5333 5334
5333 5407
5333 5408
5334 5335
5334 5408
5334 5409
5335 5336
5335 5409
5335 5410
5336 5337
5336 5409
5336 5410
5336 5411
5337 5338
5337 5410
5337 5411
5337 5412
5338 5339
5338 5411
5338 5412
5338 5413
5339 5340
5339 5412
5339 5413
5339 5414
5340 5341
5340 5413
5340 5414
5340 5415
5341 5342
5341 5414
5341 5415
5341 5416
5342 5343
5342 5415
5342 5416
5342 5417
5343 5344
5343 5416
5343 5417
5343 5418
5344 5417
5344 5418
5344 5419
5345 5419
5345 5420
5345 5421
5346 5347
5346 5422
5346 5423
5346 5424
5347 5348
5347 5423
5347 5424
5347 5425
5348 5349
5348 5424
5348 5425
5348 5426
5349 5350
5349 5425
5349 5426
5349 5427
5350 5351
5350 5426
5350 5427
5350 5428
5351 5352
5351 5427
5351 5428
5351 5429
5352 5353
5352 5428
5352 5429
5352 5430
5353 5354
5353 5429
5353 5430
5354 5355
5354 5430
5355 5356
5355 5431
5356 5357
5356 5431
5356 5432
5357 5431
5357 5432
5357 5433
5358 5359
5358 5433
5358 5434
5358 5435
5359 5360
5359 5434
5359 5435
5359 5436
5360 5361
5360 5435
5360 5436
5361 5362
5361 5436
5362 5437
5363 5364
5363 5437
5363 5438
5364 5365
5364 5438
5365 5366
5365 5438
5365 5439
5366 5367
5366 5439
5366 5440
5367 5439
5367 5440
5367 5441
5368 5369
5368 5441
5368 5442
5368 5443
5369 5442
5369 5443
5369 5444
5370 5444
5370 5445
5370 5446
5371 5372
5371 5447
5371 5448
5372 5373
5372 5447
5372 5448
5373 5374
5373 5448
5373 5449
5374 5375
5374 5449
5375 5376
5375 5449
5375 5450
5376 5377
5376 5450
5376 5451
5377 5378
5377 5450
5377 5451
5377 5452
5378 5379
5378 5451
5378 5452
5378 5453
5379 5452
5379 5453
5379 5454
5380 5381
5380 5454
5380 5455
5381 5382
5381 5455
5381 5456
5382 5455
5382 5456
5382 5457
5383 5384
5383 5457
5383 5458
5384 5385
5384 5458
5384 5459
5385 5386
5385 5458
5385 5459
5385 5460
5386 5387
5386 5459
5386 5460
5386 5461
5387 5388
5387 5460
5387 5461
5387 5462
5388 5389
5388 5461
5388 5462
5388 5463
5389 5390
5389 5462
5389 5463
5389 5464
5390 5391
5390 5463
5390 5464
5391 5392
5391 5464
5392 5393
5392 5465
5393 5394
5393 5465
5393 5466
5394 5395
5394 5465
5394 5466
5394 5467
5395 5466
5395 5467
5395 5468
5396 5468
5396 5469
5396 5470
5397 5398
5397 5470
5397 5471
5398 5399
5398 5471
5398 5472
5399 5400
5399 5471
5399 5472
5399 5473
5400 5472
5400 5473
5400 5474
5401 5402
5401 5476
5401 5477
5402 5403
5402 5477
5402 5478
5403 5404
5403 5478
5403 5479
5404 5405
5404 5478
5404 5479
5404 5480
5405 5406
5405 5479
5405 5480
5405 5481
5406 5407
5406 5480
5406 5481
5406 5482
5407 5408
5407 5481
5407 5482
5408 5482
5409 5410
5409 5483
5409 5484
5410 5411
5410 5483
5410 5484
5410 5485
5411 5412
5411 5484
5411 5485
5411 5486
5412 5413
5412 5485
5412 5486
5412 5487
5413 5414
5413 5486
5413 5487
5413 5488
5414 5415
5414 5487
5414 5488
5414 5489
5415 5416
5415 5488
5415 5489
5415 5490
5416 5417
5416 5489
5416 5490
5416 5491
5417 5418
5417 5490
5417 5491
5417 5492
5418 5419
5418 5491
5418 5492
5418 5493
5419 5420
5419 5492
5419 5493
5419 5494
5420 5421
5420 5493
5420 5494
5420 5495
5421 5422
5421 5494
5421 5495
5421 5496
5422 5423
5422 5495
5422 5496
5422 5497
5423 5424
5423 5496
5423 5497
5423 5498
5424 5425
5424 5497
5424 5498
5424 5499
5425 5426
5425 5498
5425 5499
5425 5500
5426 5427
5426 5499
5426 5500
5426 5501
5427 5428
5427 5500
5427 5501
5427 5502
5428 5429
5428 5501
5428 5502
5429 5430
5429 5502
5430 5503
5431 5432
5431 5504
5431 5505
5431 5506
5432 5433
5432 5505
5432 5506
5433 5434
5433 5506
5434 5435
5435 5436
5436 5507
5437 5508
5437 5509
5437 5510
5438 5510
5438 5511
5438 5512
5439 5440
5439 5512
5439 5513
5439 5514
5440 5441
5440 5513
5440 5514
5440 5515
5441 5442
5441 5514
5441 5515
5441 5516
5442 5443
5442 5515
5442 5516
5442 5517
5443 5444
5443 5516
5443 5517
5443 5518
5444 5445
5444 5517
5444 5518
5444 5519
5445 5446
5445 5518
5445 5519
5445 5520
5446 5519
5446 5520
5447 5448
5447 5521
5447 5522
5448 5521
5448 5522
5448 5523
5449 5523
5449 5524
5450 5451
5450 5525
5450 5526
5451 5452
5451 5525
5451 5526
5451 5527
5452 5453
5452 5526
5452 5527
5452 5528
5453 5454
5453 5527
5453 5528
5453 5529
5454 5528
5454 5529
5454 5530
5455 5456
5455 5530
5455 5531
5455 5532
5456 5457
5456 5531
5456 5532
5457 5532
5457 5533
5458 5459
5458 5533
5458 5534
5459 5460
5459 5534
5459 5535
5460 5461
5460 5534
5460 5535
5460 5536
5461 5462
5461 5535
5461 5536
5461 5537
5462 5463
5462 5536
5462 5537
5462 5538
5463 5464
5463 5537
5463 5538
5463 5539
5464 5538
5464 5539
5464 5540
5465 5466
5465 5541
5465 5542
5465 5543
5466 5467
5466 5542
5466 5543
5466 5544
5467 5468
5467 5543
5467 5544
5467 5545
5468 5469
5468 5544
5468 5545
5468 5546
5469 5470
5469 5545
5469 5546
5469 5547
5470 5546
5470 5547
5470 5548
5471 5472
5471 5548
5471 5549
5471 5550
5472 5473
5472 5549
5472 5550
5472 5551
5473 5474
5473 5550
5473 5551
5474 5475
5474 5551
5474 5552
5475 5476
5475 5552
5475 5553
5476 5477
5476 5552
5476 5553
5477 5553
5477 5554
5478 5479
5478 5554
5478 5555
5479 5480
5479 5555
5479 5556
5480 5481
5480 5556
5481 5482
5481 5556
5482 5557
5483 5484
5483 5558
5483 5559
5484 5485
5484 5559
5484 5560
5485 5486
5485 5559
5485 5560
5485 5561
5486 5487
5486 5560
5486 5561
5486 5562
5487 5488
5487 5561
5487 5562
5487 5563
5488 5489
5488 5562
5488 5563
5489 5490
5489 5563
5489 5564
5490 5491
5490 5564
5490 5565
5491 5492
5491 5564
5491 5565
5491 5566
5492 5493
5492 5565
5492 5566
5492 5567
5493 5494
5493 5566
5493 5567
5493 5568
5494 5495
5494 5567
5494 5568
5495 5496
5495 5568
5495 5569
5496 5497
5496 5569
5496 5570
5497 5498
5497 5569
5497 5570
5497 5571
5498 5499
5498 5570
5498 5571
5498 5572
5499 5500
5499 5571
5499 5572
5499 5573
5500 5501
5500 5572
5500 5573
5500 5574
5501 5502
5501 5573
5501 5574
5501 5575
5502 5574
5502 5575
5502 5576
5503 5504
5503 5577
5503 5578
5504 5505
5504 5577
5504 5578
5505 5506
5505 5578
5505 5579
5506 5579
5506 5580
5507 5508
5507 5582
5507 5583
5508 5509
5508 5583
5508 5584
5509 5510
5509 5584
5509 5585
5510 5511
5510 5584
5510 5585
5510 5586
5511 5512
5511 5585
5511 5586
5512 5513
5512 5586
5512 5587
5513 5514
5513 5587
5513 5588
5514 5515
5514 5587
5514 5588
5515 5516
5515 5588
5515 5589
5516 5517
5516 5589
5516 5590
5517 5518
5517 5589
5517 5590
5517 5591
5518 5519
5518 5590
5518 5591
5518 5592
5519 5520
5519 5591
5519 5592
5519 5593
5520 5592
5520 5593
5521 5522
5521 5594
5521 5595
5522 5523
5522 5594
5522 5595
5522 5596
5523 5524
5523 5595
5523 5596
5523 5597
5524 5596
5524 5597
5524 5598
5525 5526
5525 5598
5525 5599
5525 5600
5526 5527
5526 5599
5526 5600
5527 5528
5527 5600
5527 5601
5528 5529
5528 5601
5528 5602
5529 5530
5529 5601
5529 5602
5529 5603
5530 5531
5530 5602
5530 5603
5530 5604
5531 5532
5531 5603
5531 5604
5531 5605
5532 5604
5532 5605
5532 5606
5533 5606
5533 5607
5533 5608
5534 5535
5534 5608
5534 5609
5535 5536
5535 5609
5535 5610
5536 5537
5536 5609
5536 5610
5536 5611
5537 5538
5537 5610
5537 5611
5537 5612
5538 5539
5538 5611
5538 5612
5538 5613
5539 5540
5539 5612
5539 5613
5539 5614
5540 5541
5540 5613
5540 5614
5541 5542
5541 5614
5542 5543
5542 5615
5543 5544
5543 5615
5544 5545
5544 5615
5545 5546
5545 5616
5546 5547
5546 5616
5546 5617
5547 5548
5547 5616
5547 5617
5547 5618
5548 5549
5548 5617
5548 5618
5548 5619
5549 5550
5549 5618
5549 5619
5549 5620
5550 5551
5550 5619
5550 5620
5550 5621
5551 5620
5551 5621
5551 5622
5552 5553
5552 5622
5552 5623
5552 5624
5553 5623
5553 5624
5553 5625
5554 5555
5554 5625
5554 5626
5554 5627
5555 5626
5555 5627
5555 5628
5556 5628
5556 5629
5557 5558
5557 5630
5557 5631
5557 5632
5558 5631
5558 5632
5559 5560
5559 5633
5559 5634
5560 5561
5560 5633
5560 5634
5560 5635
5561 5562
5561 5634
5561 5635
5561 5636
5562 5563
5562 5635
5562 5636
5562 5637
5563 5636
5563 5637
5563 5638
5564 5565
5564 5638
5564 5639
5564 5640
5565 5566
5565 5639
5565 5640
5565 5641
5566 5567
5566 5640
5566 5641
5566 5642
5567 5568
5567 5641
5567 5642
5567 5643
5568 5642
5568 5643
5568 5644
5569 5570
5569 5644
5569 5645
5570 5571
5570 5645
5570 5646
5571 5572
5571 5645
5571 5646
5571 5647
5572 5573
5572 5646
5572 5647
5572 5648
5573 5574
5573 5647
5573 5648
5573 5649
5574 5575
5574 5648
5574 5649
5575 5576
5575 5649
5575 5650
5576 5650
5576 5651
5577 5578
5577 5651
5577 5652
5577 5653
5578 5652
5578 5653
5579 5580
5579 5654
5580 5654
5580 5655
5581 5582
5581 5655
5581 5656
5581 5657
5582 5583
5582 5656
5582 5657
5582 5658
5583 5657
5583 5658
5584 5585
5584 5659
5584 5660
5585 5586
5585 5659
5585 5660
5585 5661
5586 5660
5586 5661
5586 5662
5587 5588
5587 5662
5587 5663
5588 5663
5588 5664
5589 5590
5589 5664
5590 5591
5590 5665
5591 5592
5591 5665
5591 5666
5592 5593
5592 5665
5592 5666
5592 5667
5593 5666
5593 5667
5594 5595
5594 5668
5595 5596
5595 5668
5595 5669
5596 5597
5596 5669
5596 5670
5597 5598
5597 5669
5597 5670
5597 5671
5598 5599
5598 5670
5598 5671
5599 5600
5599 5671
5599 5672
5600 5672
5601 5602
5601 5673
5601 5674
5602 5603
5602 5673
5602 5674
5602 5675
5603 5604
5603 5674
5603 5675
5603 5676
5604 5605
5604 5675
5604 5676
5604 5677
5605 5606
5605 5676
5605 5677
5605 5678
5606 5607
5606 5677
5606 5678
5606 5679
5607 5608
5607 5678
5607 5679
5607 5680
5608 5679
5608 5680
5608 5681
5609 5610
5609 5681
5609 5682
5609 5683
5610 5611
5610 5682
5610 5683
5610 5684
5611 5612
5611 5683
5611 5684
5611 5685
5612 5613
5612 5684
5612 5685
5612 5686
5613 5614
5613 5685
5613 5686
5614 5686
5614 5687
5615 5688
5616 5617
5616 5689
5616 5690
5617 5618
5617 5690
5617 5691
5618 5619
5618 5690
5618 5691
5618 5692
5619 5620
5619 5691
5619 5692
5619 5693
5620 5621
5620 5692
5620 5693
5621 5622
5621 5693
5622 5623
5622 5694
5623 5624
5623 5694
5623 5695
5624 5625
5624 5694
5624 5695
5624 5696
5625 5626
5625 5695
5625 5696
5625 5697
5626 5627
5626 5696
5626 5697
5626 5698
5627 5628
5627 5697
5627 5698
5627 5699
5628 5698
5628 5699
5628 5700
5629 5630
5629 5700
5629 5701
5629 5702
5630 5631
5630 5701
5630 5702
5630 5703
5631 5632
5631 5702
5631 5703
5631 5704
5632 5703
5632 5704
5633 5634
5633 5705
5633 5706
5634 5635
5634 5705
5634 5706
5634 5707
5635 5636
5635 5706
5635 5707
5636 5637
5636 5707
5636 5708
5637 5638
5637 5708
5637 5709
5638 5639
5638 5708
5638 5709
5638 5710
5639 5640
5639 5709
5639 5710
5640 5641
5640 5710
5641 5642
5641 5711
5642 5643
5642 5711
5642 5712
5643 5644
5643 5711
5643 5712
5643 5713
5644 5712
5644 5713
5645 5646
5645 5714
5646 5647
5646 5714
5646 5715
5647 5648
5647 5715
5647 5716
5648 5649
5648 5715
5648 5716
5649 5716
5649 5717
5650 5651
5650 5717
5650 5718
5651 5652
5651 5718
5651 5719
5652 5653
5652 5719
5652 5720
5653 5719
5653 5720
5653 5721
5654 5655
5654 5722
5654 5723
5654 5724
5655 5656
5655 5723
5655 5724
5655 5725
5656 5657
5656 5724
5656 5725
5656 5726
5657 5658
5657 5725
5657 5726
5657 5727
5658 5726
5658 5727
5658 5728
5659 5660
5659 5728
5659 5729
5659 5730
5660 5661
5660 5729
5660 5730
5660 5731
5661 5662
5661 5730
5661 5731
5661 5732
5662 5731
5662 5732
5662 5733
5663 5664
5663 5733
5663 5734
5663 5735
5664 5734
5664 5735
5664 5736
5665 5666
5665 5737
5665 5738
5666 5667
5666 5738
5666 5739
5667 5738
5667 5739
5668 5740
5669 5670
5669 5740
5669 5741
5669 5742
5670 5671
5670 5741
5670 5742
5670 5743
5671 5742
5671 5743
5671 5744
5672 5744
5672 5745
5672 5746
5673 5674
5673 5746
5673 5747
5673 5748
5674 5675
5674 5747
5674 5748
5674 5749
5675 5676
5675 5748
5675 5749
5676 5677
5676 5749
5676 5750
5677 5678
5677 5750
5677 5751
5678 5679
5678 5750
5678 5751
5678 5752
5679 5680
5679 5751
5679 5752
5680 5681
5680 5752
5680 5753
5681 5682
5681 5753
5681 5754
5682 5683
5682 5753
5682 5754
5682 5755
5683 5684
5683 5754
5683 5755
5683 5756
5684 5685
5684 5755
5684 5756
5685 5686
5685 5756
5686 5757
5687 5688
5687 5757
5687 5758
5688 5758
5688 5759
5689 5760
5689 5761
5689 5762
5690 5691
5690 5762
5690 5763
5690 5764
5691 5692
5691 5763
5691 5764
5691 5765
5692 5693
5692 5764
5692 5765
5692 5766
5693 5765
5693 5766
5693 5767
5694 5695
5694 5768
5694 5769
5694 5770
5695 5696
5695 5769
5695 5770
5695 5771
5696 5697
5696 5770
5696 5771
5697 5698
5697 5771
5697 5772
5698 5699
5698 5772
5698 5773
5699 5700
5699 5772
5699 5773
5699 5774
5700 5701
5700 5773
5700 5774
5700 5775
5701 5702
5701 5774
5701 5775
5701 5776
5702 5703
5702 5775
5702 5776
5702 5777
5703 5704
5703 5776
5703 5777
5703 5778
5704 5777
5704 5778
5704 5779
5705 5706
5705 5779
5705 5780
5706 5707
5706 5780
5706 5781
5707 5780
5707 5781
5707 5782
5708 5709
5708 5782
5708 5783
5709 5710
5709 5783
5709 5784
5710 5783
5710 5784
5710 5785
5711 5712
5711 5786
5711 5787
5711 5788
5712 5713
5712 5787
5712 5788
5712 5789
5713 5788
5713 5789
5713 5790
5714 5790
5714 5791
5714 5792
5715 5716
5715 5792
5715 5793
5716 5793
5716 5794
5717 5718
5717 5794
5717 5795
5718 5795
5718 5796
5719 5720
5719 5796
5719 5797
5719 5798
5720 5721
5720 5797
5720 5798
5721 5722
5721 5798
5721 5799
5722 5723
5722 5799
5722 5800
5723 5724
5723 5799
5723 5800
5723 5801
5724 5725
5724 5800
5724 5801
5724 5802
5725 5726
5725 5801
5725 5802
5725 5803
5726 5727
5726 5802
5726 5803
5726 5804
5727 5728
5727 5803
5727 5804
5727 5805
5728 5729
5728 5804
5728 5805
5728 5806
5729 5730
5729 5805
5729 5806
5729 5807
5730 5731
5730 5806
5730 5807
5730 5808
5731 5732
5731 5807
5731 5808
5731 5809
5732 5733
5732 5808
5732 5809
5732 5810
5733 5734
5733 5809
5733 5810
5733 5811
5734 5735
5734 5810
5734 5811
5735 5736
5735 5811
5735 5812
5736 5737
5736 5812
5737 5812
5737 5813
5738 5739
5738 5813
5738 5814
5738 5815
5739 5814
5739 5815
5740 5741
5740 5816
5740 5817
5740 5818
5741 5742
5741 5817
5741 5818
5741 5819
5742 5743
5742 5818
5742 5819
5742 5820
5743 5744
5743 5819
5743 5820
5743 5821
5744 5745
5744 5820
5744 5821
5744 5822
5745 5746
5745 5821
5745 5822
5745 5823
5746 5747
5746 5822
5746 5823
5746 5824
5747 5748
5747 5823
5747 5824
5747 5825
5748 5749
5748 5824
5748 5825
5749 5825
5749 5826
5750 5751
5750 5826
5750 5827
5750 5828
5751 5752
5751 5827
5751 5828
5751 5829
5752 5828
5752 5829
5752 5830
5753 5754
5753 5830
5753 5831
5754 5755
5754 5831
5754 5832
5755 5756
5755 5832
5755 5833
5756 5832
5756 5833
5756 5834
5757 5758
5757 5835
5757 5836
5757 5837
5758 5836
5758 5837
5758 5838
5759 5760
5759 5838
5759 5839
5759 5840
5760 5761
5760 5839
5760 5840
5760 5841
5761 5762
5761 5840
5761 5841
5761 5842
5762 5763
5762 5841
5762 5842
5763 5764
5763 5842
5763 5843
5764 5765
5764 5843
5765 5766
5765 5843
5765 5844
5766 5767
5766 5844
5766 5845
5767 5768
5767 5844
5767 5845
5768 5769
5768 5845
5768 5846
5769 5770
5769 5846
5769 5847
5770 5771
5770 5846
5770 5847
5770 5848
5771 5847
5771 5848
5771 5849
5772 5773
5772 5849
5772 5850
5772 5851
5773 5774
5773 5850
5773 5851
5773 5852
5774 5775
5774 5851
5774 5852
5774 5853
5775 5776
5775 5852
5775 5853
5775 5854
5776 5777
5776 5853
5776 5854
5776 5855
5777 5778
5777 5854
5777 5855
5777 5856
5778 5779
5778 5855
5778 5856
5778 5857
5779 5856
5779 5857
5779 5858
5780 5781
5780 5858
5780 5859
5780 5860
5781 5782
5781 5859
5781 5860
5781 5861
5782 5860
5782 5861
5782 5862
5783 5784
5783 5862
5783 5863
5783 5864
5784 5785
5784 5863
5784 5864
5784 5865
5785 5786
5785 5864
5785 5865
5785 5866
5786 5787
5786 5865
5786 5866
5786 5867
5787 5788
5787 5866
5787 5867
5787 5868
5788 5789
5788 5867
5788 5868
5789 5790
5789 5868
5789 5869
5790 5791
5790 5869
5790 5870
5791 5792
5791 5869
5791 5870
5792 5793
5792 5870
5792 5871
5793 5871
5793 5872
5794 5872
5794 5873
5794 5874
5795 5796
5795 5874
5795 5875
5796 5797
5796 5875
5797 5798
5797 5875
5799 5800
5799 5876
5799 5877
5800 5801
5800 5876
5800 5877
5800 5878
5801 5802
5801 5877
5801 5878
5801 5879
5802 5803
5802 5878
5802 5879
5802 5880
5803 5804
5803 5879
5803 5880
5803 5881
5804 5805
5804 5880
5804 5881
5805 5806
5805 5881
5805 5882
5806 5807
5806 5882
5807 5808
5807 5882
5807 5883
5808 5809
5808 5883
5808 5884
5809 5810
5809 5883
5809 5884
5809 5885
5810 5811
5810 5884
5810 5885
5810 5886
5811 5885
5811 5886
5811 5887
5812 5887
5812 5888
5812 5889
5813 5814
5813 5889
5813 5890
5813 5891
5814 5815
5814 5890
5814 5891
5814 5892
5815 5891
5815 5892
5816 5817
5816 5893
5817 5818
5817 5893
5817 5894
5818 5819
5818 5893
5818 5894
5818 5895
5819 5820
5819 5894
5819 5895
5819 5896
5820 5821
5820 5895
5820 5896
5821 5822
5821 5896
5821 5897
5822 5823
5822 5897
5822 5898
5823 5824
5823 5897
5823 5898
5823 5899
5824 5825
5824 5898
5824 5899
5824 5900
5825 5899
5825 5900
5825 5901
5826 5827
5826 5901
5826 5902
5827 5828
5827 5902
5827 5903
5828 5829
5828 5902
5828 5903
5828 5904
5829 5830
5829 5903
5829 5904
5829 5905
5830 5831
5830 5904
5830 5905
5830 5906
5831 5905
5831 5906
5831 5907
5832 5833
5832 5907
5832 5908
5832 5909
5833 5834
5833 5908
5833 5909
5833 5910
5834 5835
5834 5909
5834 5910
5834 5911
5835 5836
5835 5910
5835 5911
5835 5912
5836 5837
5836 5911
5836 5912
5837 5838
5837 5912
5837 5913
5838 5839
5838 5913
5838 5914
5839 5840
5839 5913
5839 5914
5839 5915
5840 5841
5840 5914
5840 5915
5840 5916
5841 5842
5841 5915
5841 5916
5841 5917
5842 5916
5842 5917
5842 5918
5843 5918
5843 5919
5843 5920
5844 5845
5844 5920
5844 5921
5845 5921
5845 5922
5846 5847
5846 5922
5846 5923
5847 5848
5847 5923
5848 5849
5848 5924
5849 5850
5849 5924
5849 5925
5850 5851
5850 5924
5850 5925
5850 5926
5851 5852
5851 5925
5851 5926
5851 5927
5852 5853
5852 5926
5852 5927
5852 5928
5853 5854
5853 5927
5853 5928
5853 5929
5854 5855
5854 5928
5854 5929
5854 5930
5855 5856
5855 5929
5855 5930
5855 5931
5856 5857
5856 5930
5856 5931
5856 5932
5857 5858
5857 5931
5857 5932
5857 5933
5858 5859
5858 5932
5858 5933
5858 5934
5859 5860
5859 5933
5859 5934
5859 5935
5860 5861
5860 5934
5860 5935
5860 5936
5861 5862
5861 5935
5861 5936
5861 5937
5862 5863
5862 5936
5862 5937
5862 5938
5863 5864
5863 5937
5863 5938
5863 5939
5864 5865
5864 5938
5864 5939
5864 5940
5865 5866
5865 5939
5865 5940
5865 5941
5866 5867
5866 5940
5866 5941
5866 5942
5867 5868
5867 5941
5867 5942
5867 5943
5868 5942
5868 5943
5868 5944
5869 5870
5869 5944
5869 5945
5869 5946
5870 5945
5870 5946
5871 5872
5871 5947
5872 5873
5872 5947
5872 5948
5873 5874
5873 5947
5873 5948
5873 5949
5874 5948
5874 5949
5874 5950
5875 5950
5875 5951
5875 5952
5876 5877
5876 5954
5876 5955
5877 5878
5877 5955
5877 5956
5878 5879
5878 5955
5878 5956
5879 5880
5879 5956
5879 5957
5880 5881
5880 5957
5880 5958
5881 5957
5881 5958
5881 5959
5882 5959
5882 5960
5882 5961
5883 5884
5883 5961
5883 5962
5883 5963
5884 5885
5884 5962
5884 5963
5884 5964
5885 5886
5885 5963
5885 5964
5885 5965
5886 5887
5886 5964
5886 5965
5887 5888
5887 5965
5888 5889
5888 5966
5889 5890
5889 5966
5889 5967
5890 5891
5890 5966
5890 5967
5890 5968
5891 5892
5891 5967
5891 5968
5891 5969
5892 5968
5892 5969
5893 5894
5893 5970
5893 5971
5893 5972
5894 5895
5894 5971
5894 5972
5894 5973
5895 5896
5895 5972
5895 5973
5895 5974
5896 5973
5896 5974
5896 5975
5897 5898
5897 5975
5897 5976
5897 5977
5898 5899
5898 5976
5898 5977
5898 5978
5899 5900
5899 5977
5899 5978
5899 5979
5900 5901
5900 5978
5900 5979
5900 5980
5901 5979
5901 5980
5901 5981
5902 5903
5902 5981
5902 5982
5903 5904
5903 5982
5903 5983
5904 5905
5904 5983
5904 5984
5905 5906
5905 5983
5905 5984
5905 5985
5906 5907
5906 5984
5906 5985
5906 5986
5907 5908
5907 5985
5907 5986
5908 5909
5908 5986
5908 5987
5909 5910
5909 5987
5910 5911
5910 5987
5910 5988
5911 5912
5911 5988
5911 5989
5912 5988
5912 5989
5912 5990
5913 5914
5913 5990
5913 5991
5913 5992
5914 5915
5914 5991
5914 5992
5915 5916
5915 5992
5915 5993
5916 5917
5916 5993
5917 5918
5917 5993
5917 5994
5918 5919
5918 5994
5918 5995
5919 5920
5919 5994
5919 5995
5919 5996
5920 5995
5920 5996
5920 5997
5921 5922
5921 5997
5921 5998
5921 5999
5922 5923
5922 5998
5922 5999
5922 6000
5923 5999
5923 6000
5923 6001
5924 5925
5924 6002
5924 6003
5925 5926
5925 6003
5925 6004
5926 5927
5926 6004
5926 6005
5927 5928
5927 6004
5927 6005
5927 6006
5928 5929
5928 6005
5928 6006
5929 5930
5929 6006
5929 6007
5930 5931
5930 6007
5930 6008
5931 5932
5931 6007
5931 6008
5931 6009
5932 5933
5932 6008
5932 6009
5932 6010
5933 5934
5933 6009
5933 6010
5933 6011
5934 5935
5934 6010
5934 6011
5935 5936
5935 6011
5935 6012
5936 5937
5936 6012
5936 6013
5937 5938
5937 6012
5937 6013
5937 6014
5938 5939
5938 6013
5938 6014
5938 6015
5939 5940
5939 6014
5939 6015
5939 6016
5940 5941
5940 6015
5940 6016
5940 6017
5941 5942
5941 6016
5941 6017
5941 6018
5942 5943
5942 6017
5942 6018
5942 6019
5943 5944
5943 6018
5943 6019
5943 6020
5944 5945
5944 6019
5944 6020
5945 5946
5945 6020
5945 6021
5946 6021
5946 6022
5947 5948
5947 6023
5947 6024
5948 5949
5948 6024
5948 6025
5949 5950
5949 6025
5950 5951
5950 6025
5950 6026
5951 5952
5951 6026
5951 6027
5952 5953
5952 6026
5952 6027
5952 6028
5953 5954
5953 6027
5953 6028
5953 6029
5954 6028
5954 6029
5955 5956
5955 6030
5956 6030
5956 6031
5957 5958
5957 6031
5957 6032
5957 6033
5958 5959
5958 6032
5958 6033
5958 6034
5959 5960
5959 6033
5959 6034
5959 6035
5960 5961
5960 6034
5960 6035
5960 6036
5961 5962
5961 6035
5961 6036
5961 6037
5962 5963
5962 6036
5962 6037
5962 6038
5963 5964
5963 6037
5963 6038
5963 6039
5964 5965
5964 6038
5964 6039
5964 6040
5965 6039
5965 6040
5965 6041
5966 5967
5966 6042
5966 6043
5966 6044
5967 5968
5967 6043
5967 6044
5968 5969
5968 6044
5968 6045
5969 6045
5970 5971
5970 6046
5970 6047
5971 5972
5971 6046
5971 6047
5971 6048
5972 5973
5972 6047
5972 6048
5972 6049
5973 5974
5973 6048
5973 6049
5973 6050
5974 5975
5974 6049
5974 6050
5974 6051
5975 5976
5975 6050
5975 6051
5975 6052
5976 5977
5976 6051
5976 6052
5976 6053
5977 5978
5977 6052
5977 6053
5977 6054
5978 5979
5978 6053
5978 6054
5978 6055
5979 5980
5979 6054
5979 6055
5979 6056
5980 5981
5980 6055
5980 6056
5980 6057
5981 5982
5981 6056
5981 6057
5981 6058
5982 6057
5982 6058
5983 5984
5983 6059
5983 6060
5984 5985
5984 6059
5984 6060
5984 6061
5985 5986
5985 6060
5985 6061
5985 6062
5986 6061
5986 6062
5986 6063
5987 6063
5987 6064
5988 5989
5988 6064
5988 6065
5988 6066
5989 5990
5989 6065
5989 6066
5989 6067
5990 5991
5990 6066
5990 6067
5990 6068
5991 5992
5991 6067
5991 6068
5991 6069
5992 6068
5992 6069
5992 6070
5993 6070
5993 6071
5993 6072
5994 5995
5994 6072
5994 6073
5994 6074
5995 5996
5995 6073
5995 6074
5995 6075
5996 5997
5996 6074
5996 6075
5996 6076
5997 5998
5997 6075
5997 6076
5997 6077
5998 5999
5998 6076
5998 6077
5998 6078
5999 6000
5999 6077
5999 6078
5999 6079
6000 6001
6000 6078
6000 6079
6000 6080
6001 6002
6001 6079
6001 6080
6001 6081
6002 6003
6002 6080
6002 6081
6002 6082
6003 6081
6003 6082
6004 6005
6004 6083
6004 6084
6005 6006
6005 6083
6005 6084
6005 6085
6006 6084
6006 6085
6006 6086
6007 6008
6007 6086
6007 6087
6008 6009
6008 6087
6008 6088
6009 6010
6009 6088
6009 6089
6010 6011
6010 6088
6010 6089
6010 6090
6011 6089
6011 6090
6011 6091
6012 6013
6012 6091
6012 6092
6012 6093
6013 6014
6013 6092
6013 6093
6013 6094
6014 6015
6014 6093
6014 6094
6014 6095
6015 6016
6015 6094
6015 6095
6015 6096
6016 6017
6016 6095
6016 6096
6016 6097
6017 6018
6017 6096
6017 6097
6017 6098
6018 6019
6018 6097
6018 6098
6018 6099
6019 6020
6019 6098
6019 6099
6019 6100
6020 6099
6020 6100
6020 6101
6021 6022
6021 6101
6021 6102
6021 6103
6022 6023
6022 6102
6022 6103
6022 6104
6023 6024
6023 6103
6023 6104
6023 6105
6024 6104
6024 6105
6024 6106
6025 6106
6025 6107
6025 6108
6026 6027
6026 6108
6026 6109
6026 6110
6027 6028
6027 6109
6027 6110
6027 6111
6028 6029
6028 6110
6028 6111
6028 6112
6029 6111
6029 6112
6029 6113
6030 6031
6030 6114
6030 6115
6030 6116
6031 6032
6031 6115
6031 6116
6031 6117
6032 6033
6032 6116
6032 6117
6032 6118
6033 6034
6033 6117
6033 6118
6033 6119
6034 6035
6034 6118
6034 6119
6035 6036
6035 6119
6036 6037
6036 6120
6037 6038
6037 6120
6038 6039
6038 6120
6038 6121
6039 6040
6039 6121
6039 6122
6040 6041
6040 6121
6040 6122
6041 6042
6041 6122
6041 6123
6042 6043
6042 6123
6043 6044
6043 6123
6043 6124
6044 6124
6044 6125
6045 6125
6045 6126
6046 6047
6046 6127
6046 6128
6047 6048
6047 6127
6047 6128
6048 6049
6048 6128
6048 6129
6049 6050
6049 6129
6049 6130
6050 6051
6050 6129
6050 6130
6050 6131
6051 6052
6051 6130
6051 6131
6051 6132
6052 6053
6052 6131
6052 6132
6052 6133
6053 6054
6053 6132
6053 6133
6053 6134
6054 6055
6054 6133
6054 6134
6054 6135
6055 6056
6055 6134
6055 6135
6055 6136
6056 6057
6056 6135
6056 6136
6057 6058
6057 6136
6057 6137
6058 6137
6058 6138
6059 6060
6059 6138
6060 6061
6061 6062
6062 6063
6063 6139
6064 6065
6064 6139
6064 6140
6065 6066
6065 6140
6065 6141
6066 6067
6066 6141
6066 6142
6067 6068
6067 6141
6067 6142
6067 6143
6068 6069
6068 6142
6068 6143
6068 6144
6069 6070
6069 6143
6069 6144
6069 6145
6070 6071
6070 6144
6070 6145
6071 6072
6071 6145
6071 6146
6072 6073
6072 6146
6072 6147
6073 6074
6073 6146
6073 6147
6073 6148
6074 6075
6074 6147
6074 6148
6074 6149
6075 6076
6075 6148
6075 6149
6075 6150
6076 6077
6076 6149
6076 6150
6076 6151
6077 6078
6077 6150
6077 6151
6077 6152
6078 6079
6078 6151
6078 6152
6078 6153
6079 6080
6079 6152
6079 6153
6080 6081
6080 6153
6080 6154
6081 6082
6081 6154
6081 6155
6082 6154
6082 6155
6082 6156
6083 6084
6083 6156
6083 6157
6083 6158
6084 6085
6084 6157
6084 6158
6084 6159
6085 6086
6085 6158
6085 6159
6085 6160
6086 6087
6086 6159
6086 6160
6086 6161
6087 6160
6087 6161
6087 6162
6088 6089
6088 6162
6088 6163
6089 6090
6089 6163
6089 6164
6090 6091
6090 6163
6090 6164
6090 6165
6091 6092
6091 6164
6091 6165
6091 6166
6092 6093
6092 6165
6092 6166
6092 6167
6093 6094
6093 6166
6093 6167
6093 6168
6094 6095
6094 6167
6094 6168
6095 6096
6095 6168
6096 6097
6097 6098
6097 6169
6098 6099
6098 6169
6099 6100
6099 6169
6100 6101
6100 6170
6101 6102
6101 6170
6101 6171
6102 6103
6102 6170
6102 6171
6102 6172
6103 6104
6103 6171
6103 6172
6103 6173
6104 6105
6104 6172
6104 6173
6104 6174
6105 6106
6105 6173
6105 6174
6105 6175
6106 6107
6106 6174
6106 6175
6106 6176
6107 6108
6107 6175
6107 6176
6108 6109
6108 6176
6108 6177
6109 6110
6109 6177
6109 6178
6110 6111
6110 6177
6110 6178
6110 6179
6111 6112
6111 6178
6111 6179
6111 6180
6112 6113
6112 6179
6112 6180
6112 6181
6113 6114
6113 6180
6113 6181
6114 6115
6114 6181
6114 6182
6115 6116
6115 6182
6115 6183
6116 6117
6116 6182
6116 6183
6116 6184
6117 6118
6117 6183
6117 6184
6117 6185
6118 6119
6118 6184
6118 6185
6119 6185
6119 6186
6120 6187
6120 6188
6120 6189
6121 6122
6121 6189
6121 6190
6121 6191
6122 6190
6122 6191
6122 6192
6123 6192
6123 6193
6123 6194
6124 6125
6124 6194
6125 6126
6125 6195
6126 6195
6127 6128
6127 6196
6127 6197
6128 6196
6128 6197
6128 6198
6129 6130
6129 6198
6129 6199
6130 6131
6130 6199
6130 6200
6131 6132
6131 6200
6131 6201
6132 6133
6132 6200
6132 6201
6133 6134
6133 6201
6133 6202
6134 6135
6134 6202
6134 6203
6135 6136
6135 6202
6135 6203
6135 6204
6136 6203
6136 6204
6136 6205
6137 6138
6137 6205
6137 6206
6137 6207
6138 6206
6138 6207
6138 6208
6139 6140
6139 6212
6139 6213
6139 6214
6140 6213
6140 6214
6141 6142
6141 6215
6142 6143
6142 6215
6142 6216
6143 6144
6143 6215
6143 6216
6143 6217
6144 6145
6144 6216
6144 6217
6144 6218
6145 6217
6145 6218
6145 6219
6146 6147
6146 6219
6147 6148
6147 6220
6148 6149
6148 6220
6148 6221
6149 6150
6149 6220
6149 6221
6150 6151
6150 6221
6150 6222
6151 6152
6151 6222
6151 6223
6152 6153
6152 6222
6152 6223
6153 6223
6153 6224
6154 6155
6154 6224
6154 6225
6154 6226
6155 6156
6155 6225
6155 6226
6155 6227
6156 6157
6156 6226
6156 6227
6156 6228
6157 6158
6157 6227
6157 6228
6157 6229
6158 6159
6158 6228
6158 6229
6158 6230
6159 6160
6159 6229
6159 6230
6159 6231
6160 6161
6160 6230
6160 6231
6160 6232
6161 6162
6161 6231
6161 6232
6161 6233
6162 6232
6162 6233
6163 6164
6163 6234
6163 6235
6164 6165
6164 6234
6164 6235
6164 6236
6165 6166
6165 6235
6165 6236
6165 6237
6166 6167
6166 6236
6166 6237
6166 6238
6167 6168
6167 6237
6167 6238
6168 6238
6169 6240
6169 6241
6169 6242
6170 6171
6170 6243
6170 6244
6170 6245
6171 6172
6171 6244
6171 6245
6171 6246
6172 6173
6172 6245
6172 6246
6173 6174
6173 6246
6173 6247
6174 6175
6174 6247
6174 6248
6175 6176
6175 6247
6175 6248
6175 6249
6176 6248
6176 6249
6176 6250
6177 6178
6177 6250
6177 6251
6177 6252
6178 6179
6178 6251
6178 6252
6179 6180
6179 6252
6179 6253
6180 6181
6180 6253
6181 6253
6182 6183
6183 6184
6183 6254
6184 6185
6184 6254
6185 6254
6185 6255
6186 6187
6186 6255
6186 6256
6186 6257
6187 6188
6187 6256
6187 6257
6187 6258
6188 6189
6188 6257
6188 6258
6188 6259
6189 6190
6189 6258
6189 6259
6189 6260
6190 6191
6190 6259
6190 6260
6190 6261
6191 6192
6191 6260
6191 6261
6191 6262
6192 6193
6192 6261
6192 6262
6192 6263
6193 6194
6193 6262
6193 6263
6193 6264
6194 6263
6194 6264
6196 6197
6196 6265
6196 6266
6197 6198
6197 6265
6197 6266
6197 6267
6198 6199
6198 6266
6198 6267
6198 6268
6199 6267
6199 6268
6200 6201
6200 6269
6200 6270
6201 6269
6201 6270
6201 6271
6202 6203
6202 6271
6202 6272
6203 6204
6203 6272
6203 6273
6204 6205
6204 6272
6204 6273
6204 6274
6205 6206
6205 6273
6205 6274
6205 6275
6206 6207
6206 6274
6206 6275
6206 6276
6207 6208
6207 6275
6207 6276
6207 6277
6208 6209
6208 6276
6208 6277
6208 6278
6209 6210
6209 6277
6209 6278
6209 6279
6210 6211
6210 6278
6210 6279
6210 6280
6211 6212
6211 6279
6211 6280
6211 6281
6212 6213
6212 6280
6212 6281
6212 6282
6213 6214
6213 6281
6213 6282
6214 6282
6214 6283
6215 6216
6215 6284
6216 6217
6216 6284
6216 6285
6217 6218
6217 6284
6217 6285
6217 6286
6218 6219
6218 6285
6218 6286
6219 6286
6219 6287
6220 6221
6220 6288
6220 6289
6220 6290
6221 6289
6221 6290
6221 6291
6222 6223
6222 6291
6222 6292
6222 6293
6223 6292
6223 6293
6223 6294
6224 6225
6224 6294
6224 6295
6225 6226
6225 6295
6225 6296
6226 6227
6226 6295
6226 6296
6226 6297
6227 6228
6227 6296
6227 6297
6227 6298
6228 6229
6228 6297
6228 6298
6228 6299
6229 6230
6229 6298
6229 6299
6229 6300
6230 6231
6230 6299
6230 6300
6230 6301
6231 6232
6231 6300
6231 6301
6231 6302
6232 6233
6232 6301
6232 6302
6232 6303
6233 6302
6233 6303
6234 6235
6235 6236
6235 6304
6236 6237
6236 6304
6236 6305
6237 6238
6237 6304
6237 6305
6237 6306
6238 6305
6238 6306
6238 6307
6239 6240
6239 6308
6239 6309
6240 6241
6240 6309
6240 6310
6241 6242
6241 6309
6241 6310
6241 6311
6242 6243
6242 6310
6242 6311
6242 6312
6243 6244
6243 6311
6243 6312
6243 6313
6244 6245
6244 6312
6244 6313
6244 6314
6245 6246
6245 6313
6245 6314
6245 6315
6246 6314
6246 6315
6246 6316
6247 6248
6247 6316
6247 6317
6248 6249
6248 6317
6249 6250
6249 6317
6249 6318
6250 6251
6250 6318
6251 6252
6251 6318
6251 6319
6252 6319
6252 6320
6253 6320
6253 6321
6253 6322
6254 6325
6254 6326
6255 6256
6255 6327
6255 6328
6256 6257
6256 6327
6256 6328
6256 6329
6257 6258
6257 6328
6257 6329
6257 6330
6258 6259
6258 6329
6258 6330
6258 6331
6259 6260
6259 6330
6259 6331
6259 6332
6260 6261
6260 6331
6260 6332
6261 6262
6261 6332
6261 6333
6262 6263
6262 6333
6262 6334
6263 6264
6263 6333
6263 6334
6263 6335
6264 6334
6264 6335
6264 6336
6265 6266
6265 6338
6266 6267
6266 6338
6266 6339
6267 6268
6267 6339
6268 6339
6268 6340
6269 6270
6269 6340
6269 6341
6269 6342
6270 6271
6270 6341
6270 6342
6270 6343
6271 6342
6271 6343
6272 6273
6272 6344
6272 6345
6273 6274
6273 6344
6273 6345
6273 6346
6274 6275
6274 6345
6274 6346
6274 6347
6275 6276
6275 6346
6275 6347
6275 6348
6276 6277
6276 6347
6276 6348
6276 6349
6277 6278
6277 6348
6277 6349
6277 6350
6278 6279
6278 6349
6278 6350
6278 6351
6279 6280
6279 6350
6279 6351
6280 6281
6280 6351
6280 6352
6281 6282
6281 6352
6281 6353
6282 6352
6282 6353
6282 6354
6283 6354
6283 6355
6284 6285
6284 6356
6284 6357
6284 6358
6285 6286
6285 6357
6285 6358
6285 6359
6286 6358
6286 6359
6287 6288
6287 6360
6287 6361
6288 6289
6288 6360
6288 6361
6288 6362
6289 6290
6289 6361
6289 6362
6289 6363
6290 6291
6290 6362
6290 6363
6290 6364
6291 6292
6291 6363
6291 6364
6291 6365
6292 6293
6292 6364
6292 6365
6292 6366
6293 6294
6293 6365
6293 6366
6294 6366
6294 6367
6295 6296
6295 6367
6295 6368
6295 6369
6296 6297
6296 6368
6296 6369
6296 6370
6297 6298
6297 6369
6297 6370
6297 6371
6298 6299
6298 6370
6298 6371
6298 6372
6299 6300
6299 6371
6299 6372
6299 6373
6300 6301
6300 6372
6300 6373
6300 6374
6301 6302
6301 6373
6301 6374
6301 6375
6302 6303
6302 6374
6302 6375
6302 6376
6303 6375
6303 6376
6304 6305
6304 6377
6304 6378
6305 6306
6305 6378
6305 6379
6306 6307
6306 6378
6306 6379
6306 6380
6307 6308
6307 6379
6307 6380
6307 6381
6308 6380
6308 6381
6308 6382
6309 6310
6309 6382
6309 6383
6309 6384
6310 6311
6310 6383
6310 6384
6310 6385
6311 6312
6311 6384
6311 6385
6311 6386
6312 6313
6312 6385
6312 6386
6312 6387
6313 6314
6313 6386
6313 6387
6313 6388
6314 6315
6314 6387
6314 6388
6314 6389
6315 6316
6315 6388
6315 6389
6315 6390
6316 6389
6316 6390
6316 6391
6317 6391
6317 6392
6317 6393
6318 6393
6318 6394
6319 6320
6319 6394
6319 6395
6319 6396
6320 6321
6320 6395
6320 6396
6320 6397
6321 6322
6321 6396
6321 6397
6321 6398
6322 6323
6322 6397
6322 6398
6322 6399
6323 6324
6323 6398
6323 6399
6324 6325
6324 6399
6324 6400
6325 6326
6325 6400
6325 6401
6326 6400
6326 6401
6327 6328
6327 6402
6327 6403
6328 6329
6328 6402
6328 6403
6328 6404
6329 6330
6329 6403
6329 6404
6329 6405
6330 6331
6330 6404
6330 6405
6330 6406
6331 6332
6331 6405
6331 6406
6331 6407
6332 6406
6332 6407
6332 6408
6333 6334
6333 6408
6333 6409
6333 6410
6334 6335
6334 6409
6334 6410
6334 6411
6335 6336
6335 6410
6335 6411
6335 6412
6336 6337
6336 6411
6336 6412
6337 6412
6338 6413
6338 6414
6339 6414
6339 6415
6339 6416
6340 6341
6340 6416
6340 6417
6341 6342
6341 6417
6341 6418
6342 6343
6342 6418
6342 6419
6343 6418
6343 6419
6344 6345
6344 6420
6345 6346
6345 6420
6345 6421
6346 6347
6346 6421
6346 6422
6347 6348
6347 6421
6347 6422
6348 6349
6348 6422
6348 6423
6349 6350
6349 6423
6349 6424
6350 6351
6350 6423
6350 6424
6351 6424
6351 6425
6352 6353
6352 6425
6352 6426
6353 6354
6353 6426
6354 6355
6354 6427
6355 6427
6355 6428
6356 6357
6356 6428
6356 6429
6356 6430
6357 6358
6357 6429
6357 6430
6358 6359
6358 6430
6358 6431
6359 6431
6359 6432
6360 6361
6360 6432
6360 6433
6361 6362
6361 6433
6361 6434
6362 6363
6362 6433
6362 6434
6362 6435
6363 6364
6363 6434
6363 6435
6363 6436
6364 6365
6364 6435
6364 6436
6364 6437
6365 6366
6365 6436
6365 6437
6365 6438
6366 6437
6366 6438
6367 6368
6367 6439
6367 6440
6368 6369
6368 6439
6368 6440
6368 6441
6369 6370
6369 6440
6369 6441
6370 6371
6370 6441
6371 6372
6371 6442
6372 6373
6372 6442
6372 6443
6373 6374
6373 6442
6373 6443
6374 6375
6374 6443
6374 6444
6375 6376
6375 6444
6376 6444
6376 6445
6378 6379
6378 6446
6378 6447
6379 6380
6379 6446
6379 6447
6379 6448
6380 6381
6380 6447
6380 6448
6381 6382
6381 6448
6381 6449
6382 6383
6382 6449
6382 6450
6383 6384
6383 6449
6383 6450
6383 6451
6384 6385
6384 6450
6384 6451
6384 6452
6385 6386
6385 6451
6385 6452
6385 6453
6386 6387
6386 6452
6386 6453
6386 6454
6387 6388
6387 6453
6387 6454
6387 6455
6388 6389
6388 6454
6388 6455
6389 6390
6389 6455
6389 6456
6390 6391
6390 6456
6390 6457
6391 6392
6391 6456
6391 6457
6391 6458
6392 6393
6392 6457
6392 6458
6392 6459
6393 6458
6393 6459
6393 6460
6394 6395
6394 6460
6394 6461
6394 6462
6395 6396
6395 6461
6395 6462
6395 6463
6396 6397
6396 6462
6396 6463
6396 6464
6397 6398
6397 6463
6397 6464
6397 6465
6398 6399
6398 6464
6398 6465
6398 6466
6399 6465
6399 6466
6399 6467
6400 6401
6400 6467
6400 6468
6400 6469
6401 6468
6401 6469
6401 6470
6402 6403
6402 6470
6402 6471
6403 6404
6403 6471
6404 6405
6405 6406
6405 6472
6406 6407
6406 6472
6407 6408
6407 6472
6407 6473
6408 6409
6408 6473
6408 6474
6409 6410
6409 6473
6409 6474
6409 6475
6410 6411
6410 6474
6410 6475
6410 6476
6411 6412
6411 6475
6411 6476
6411 6477
6412 6476
6412 6477
6412 6478
6413 6414
6414 6415
6415 6416
6416 6417
6418 6419
6421 6422
6423 6424
6425 6426
6427 6428
6428 6429
6429 6430
6431 6432
6433 6434
6434 6435
6435 6436
6436 6437
6437 6438
6439 6440
6440 6441
6442 6443
6446 6447
6447 6448
6449 6450
6450 6451
6451 6452
6452 6453
6453 6454
6454 6455
6456 6457
6457 6458
6458 6459
6459 6460
6460 6461
6461 6462
6462 6463
6463 6464
6464 6465
6465 6466
6466 6467
6467 6468
6468 6469
6469 6470
6470 6471
6473 6474
6474 6475
6475 6476
6476 6477
6477 6478
6478 6479
