# FromNodeId	ToNodeId
0 1
0 69
1 69
1 70
2 3
2 70
2 71
3 4
3 71
3 72
4 5
4 72
4 73
5 6
5 72
5 73
5 74
6 7
6 73
6 74
6 75
7 8
7 74
7 75
7 76
8 75
8 76
8 77
9 10
9 77
9 78
10 11
10 78
10 79
11 78
11 79
11 80
12 13
12 80
12 81
12 82
13 14
13 81
13 82
13 83
14 15
14 82
14 83
14 84
15 16
15 83
15 84
15 85
16 17
16 84
16 85
16 86
17 18
17 85
17 86
17 87
18 19
18 86
18 87
18 88
19 20
19 87
19 88
19 89
20 21
20 88
20 89
21 22
21 89
21 90
22 23
22 90
22 91
23 24
23 90
23 91
23 92
24 25
24 91
24 92
24 93
25 26
25 92
25 93
25 94
26 27
26 93
26 94
27 28
27 94
27 95
28 29
28 95
29 30
29 95
29 96
30 31
30 96
30 97
31 32
31 96
31 97
31 98
32 33
32 97
32 98
32 99
33 34
33 98
33 99
33 100
34 35
34 99
34 100
34 101
35 36
35 100
35 101
35 102
36 37
36 101
36 102
36 103
37 102
37 103
37 104
38 39
38 104
38 105
38 106
39 40
39 105
39 106
39 107
40 41
40 106
40 107
40 108
41 42
41 107
41 108
41 109
42 43
42 108
42 109
42 110
43 109
43 110
43 111
44 45
44 111
44 112
44 113
45 46
45 112
45 113
46 113
47 48
47 115
48 49
48 115
49 50
49 116
50 51
50 116
50 117
51 52
51 116
51 117
51 118
52 53
52 117
52 118
52 119
53 118
53 119
53 120
54 55
54 120
54 121
55 56
55 121
55 122
56 57
56 122
57 58
57 122
57 123
58 59
58 123
58 124
59 123
59 124
59 125
60 61
60 125
60 126
61 62
61 126
62 63
62 127
63 127
63 128
64 65
64 128
64 129
64 130
65 66
65 129
65 130
65 131
66 67
66 130
66 131
66 132
67 68
67 131
67 132
67 133
68 132
68 133
69 70
69 134
69 135
69 136
70 71
70 135
70 136
70 137
71 136
71 137
71 138
72 73
72 138
72 139
72 140
73 74
73 139
73 140
73 141
74 75
74 140
74 141
74 142
75 76
75 141
75 142
75 143
76 77
76 142
76 143
76 144
77 143
77 144
77 145
78 79
78 145
78 146
78 147
79 80
79 146
79 147
79 148
80 81
80 147
80 148
80 149
81 82
81 148
81 149
81 150
82 83
82 149
82 150
82 151
83 84
83 150
83 151
84 85
84 151
84 152
85 86
85 152
85 153
86 87
86 152
86 153
86 154
87 88
87 153
87 154
87 155
88 89
88 154
88 155
88 156
89 155
89 156
89 157
90 91
90 157
90 158
90 159
91 92
91 158
91 159
91 160
92 93
92 159
92 160
93 94
93 160
93 161
94 161
94 162
95 162
95 163
95 164
96 97
96 164
96 165
96 166
97 98
97 165
97 166
97 167
98 99
98 166
98 167
99 100
99 167
99 168
100 101
100 168
100 169
101 102
101 168
101 169
101 170
102 103
102 169
102 170
102 171
103 104
103 170
103 171
103 172
104 105
104 171
104 172
104 173
105 106
105 172
105 173
106 107
106 173
107 108
107 174
108 109
108 174
108 175
109 110
109 174
109 175
109 176
110 111
110 175
110 176
110 177
111 112
111 176
111 177
111 178
112 113
112 177
112 178
112 179
113 178
113 179
114 180
114 181
114 182
115 182
115 183
115 184
116 117
116 185
116 186
117 118
117 185
117 186
117 187
118 119
118 186
118 187
118 188
119 120
119 187
119 188
120 121
120 188
120 189
121 189
121 190
122 190
122 191
122 192
123 124
123 192
123 193
123 194
124 125
124 193
124 194
125 126
125 194
125 195
126 195
126 196
127 128
127 197
127 198
127 199
128 129
128 198
128 199
129 130
129 199
129 200
130 131
130 200
130 201
131 132
131 200
131 201
131 202
132 133
132 201
132 202
132 203
133 202
133 203
134 135
134 204
134 205
135 136
135 204
135 205
135 206
136 137
136 205
136 206
136 207
137 138
137 206
137 207
137 208
138 139
138 207
138 208
139 140
139 208
139 209
140 141
140 209
140 210
141 142
141 209
141 210
141 211
142 143
142 210
142 211
142 212
143 144
143 211
143 212
143 213
144 145
144 212
144 213
144 214
145 146
145 213
145 214
145 215
146 147
146 214
146 215
146 216
147 148
147 215
147 216
147 217
148 149
148 216
148 217
148 218
149 150
149 217
149 218
149 219
150 151
150 218
150 219
151 219
151 220
152 153
152 220
152 221
152 222
153 154
153 221
153 222
153 223
154 155
154 222
154 223
154 224
155 156
155 223
155 224
155 225
156 157
156 224
156 225
157 158
157 225
157 226
158 159
158 226
158 227
159 160
159 226
159 227
159 228
160 227
160 228
161 162
161 229
161 230
162 163
162 229
162 230
162 231
163 164
163 230
163 231
163 232
164 165
164 231
164 232
164 233
165 166
165 232
165 233
165 234
166 167
166 233
166 234
166 235
167 234
167 235
167 236
168 169
168 236
168 237
168 238
169 170
169 237
169 238
169 239
170 171
170 238
170 239
170 240
171 172
171 239
171 240
171 241
172 173
172 240
172 241
172 242
173 241
173 242
173 243
174 175
174 244
174 245
174 246
175 176
175 245
175 246
175 247
176 177
176 246
176 247
176 248
177 178
177 247
177 248
178 179
178 248
179 249
180 181
180 249
180 250
180 251
181 182
181 250
181 251
182 183
182 251
183 184
183 252
184 252
184 253
185 186
185 253
185 254
185 255
186 187
186 254
186 255
186 256
187 188
187 255
187 256
187 257
188 256
188 257
188 258
189 190
189 258
189 259
189 260
190 191
190 259
190 260
190 261
191 192
191 260
191 261
191 262
192 193
192 261
192 262
192 263
193 194
193 262
193 263
194 263
194 264
195 196
195 264
195 265
195 266
196 197
196 265
196 266
196 267
197 198
197 266
197 267
197 268
198 199
198 267
198 268
198 269
199 268
199 269
199 270
200 201
200 270
200 271
201 202
201 271
201 272
202 203
202 272
203 272
204 205
204 273
204 274
205 206
205 273
205 274
205 275
206 207
206 274
206 275
206 276
207 208
207 275
207 276
207 277
208 276
208 277
208 278
209 210
209 278
209 279
209 280
210 211
210 279
210 280
210 281
211 212
211 280
211 281
212 213
212 281
212 282
213 214
213 282
213 283
214 215
214 282
214 283
214 284
215 216
215 283
215 284
215 285
216 217
216 284
216 285
216 286
217 218
217 285
217 286
217 287
218 219
218 286
218 287
218 288
219 287
219 288
220 221
220 289
220 290
221 222
221 289
221 290
221 291
222 223
222 290
222 291
223 224
223 291
223 292
224 225
224 292
225 292
225 293
226 227
226 293
226 294
227 228
227 294
227 295
228 294
228 295
228 296
229 230
229 296
229 297
229 298
230 231
230 297
230 298
230 299
231 232
231 298
231 299
232 233
232 299
233 234
234 235
234 300
235 236
235 300
235 301
236 237
236 300
236 301
237 238
237 301
237 302
238 239
238 302
238 303
239 240
239 302
239 303
239 304
240 241
240 303
240 304
240 305
241 242
241 304
241 305
242 243
242 305
242 306
243 244
243 306
243 307
244 245
244 306
244 307
244 308
245 246
245 307
245 308
246 247
246 308
246 309
247 248
247 309
247 310
248 309
248 310
248 311
249 250
249 312
249 313
250 251
250 312
250 313
250 314
251 313
251 314
251 315
252 253
252 316
252 317
252 318
253 254
253 317
253 318
253 319
254 255
254 318
254 319
254 320
255 256
255 319
255 320
256 257
256 320
256 321
257 258
257 321
258 259
258 321
258 322
259 260
259 322
259 323
260 261
260 322
260 323
260 324
261 262
261 323
261 324
262 263
262 324
262 325
263 325
263 326
264 265
264 326
264 327
264 328
265 266
265 327
265 328
266 267
266 328
266 329
267 268
267 329
267 330
268 269
268 329
268 330
268 331
269 270
269 330
269 331
270 271
270 331
271 332
272 332
272 333
272 334
273 274
274 275
274 335
275 276
275 335
275 336
276 277
276 335
276 336
277 278
277 336
278 279
278 337
279 280
279 337
279 338
280 281
280 337
280 338
280 339
281 338
281 339
281 340
282 283
282 340
283 284
283 341
284 285
284 341
284 342
285 286
285 341
285 342
285 343
286 287
286 342
286 343
286 344
287 288
287 343
287 344
287 345
288 344
288 345
289 290
289 346
290 291
290 346
290 347
291 347
291 348
292 348
292 349
293 350
293 351
294 295
294 351
294 352
294 353
295 296
295 352
295 353
295 354
296 297
296 353
296 354
296 355
297 298
297 354
297 355
297 356
298 299
298 355
298 356
298 357
299 356
299 357
299 358
300 301
300 359
300 360
300 361
301 360
301 361
302 303
302 362
302 363
303 304
303 362
303 363
303 364
304 305
304 363
304 364
304 365
305 364
305 365
306 307
307 308
307 366
308 366
308 367
309 310
309 367
309 368
309 369
310 311
310 368
310 369
311 369
311 370
312 313
312 370
312 371
312 372
313 314
313 371
313 372
313 373
314 315
314 372
314 373
314 374
315 316
315 373
315 374
315 375
316 317
316 374
316 375
316 376
317 318
317 375
317 376
318 319
318 376
318 377
319 320
319 377
319 378
320 377
320 378
320 379
321 379
321 380
321 381
322 323
322 381
322 382
322 383
323 324
323 382
323 383
323 384
324 383
324 384
324 385
325 326
325 385
325 386
325 387
326 327
326 386
326 387
327 328
327 387
327 388
328 388
328 389
329 330
329 389
329 390
330 331
330 390
330 391
331 391
331 392
332 333
332 393
332 394
332 395
333 334
333 394
333 395
333 396
334 395
334 396
335 336
335 398
335 399
335 400
336 399
336 400
336 401
337 338
337 402
337 403
338 339
338 403
338 404
339 340
339 404
339 405
340 404
340 405
340 406
341 342
341 407
341 408
341 409
342 343
342 408
342 409
342 410
343 344
343 409
343 410
343 411
344 345
344 410
344 411
344 412
345 411
345 412
345 413
346 413
346 414
346 415
347 348
347 415
347 416
347 417
348 349
348 416
348 417
348 418
349 417
349 418
350 351
350 419
350 420
351 352
351 419
351 420
351 421
352 353
352 420
352 421
352 422
353 354
353 421
353 422
353 423
354 355
354 422
354 423
355 356
355 423
355 424
356 357
356 424
357 358
357 424
357 425
358 425
358 426
359 360
359 426
360 361
360 427
361 427
361 428
362 363
362 428
362 429
362 430
363 364
363 429
363 430
363 431
364 365
364 430
364 431
364 432
365 431
365 432
365 433
366 367
366 435
366 436
367 368
367 436
367 437
368 369
368 436
368 437
368 438
369 437
369 438
369 439
370 371
370 439
370 440
371 372
371 440
371 441
372 373
372 441
372 442
373 374
373 441
373 442
373 443
374 375
374 442
374 443
375 376
375 443
375 444
376 444
376 445
377 378
377 445
377 446
377 447
378 379
378 446
378 447
378 448
379 380
379 447
379 448
379 449
380 381
380 448
380 449
380 450
381 382
381 449
381 450
381 451
382 383
382 450
382 451
382 452
383 384
383 451
383 452
384 385
384 452
384 453
385 386
385 453
385 454
386 387
386 453
386 454
386 455
387 454
387 455
387 456
388 389
388 456
388 457
389 390
389 457
390 457
390 458
391 392
391 458
391 459
391 460
392 393
392 459
392 460
392 461
393 394
393 460
393 461
394 395
394 461
394 462
395 396
395 462
395 463
396 462
396 463
397 398
397 464
398 399
398 464
399 400
399 464
399 465
400 401
400 465
400 466
401 402
401 465
401 466
402 403
402 466
403 467
404 405
404 467
404 468
404 469
405 406
405 468
405 469
405 470
406 407
406 469
406 470
406 471
407 408
407 470
407 471
407 472
408 409
408 471
408 472
408 473
409 410
409 472
409 473
409 474
410 411
410 473
410 474
410 475
411 412
411 474
411 475
411 476
412 413
412 475
412 476
413 414
413 476
414 415
415 416
415 477
416 417
416 477
416 478
417 418
417 477
417 478
417 479
418 478
418 479
418 480
419 420
419 480
420 421
420 481
421 422
421 481
421 482
422 423
422 481
422 482
422 483
423 482
423 483
424 484
425 426
425 485
425 486
426 485
426 486
427 428
427 487
427 488
427 489
428 429
428 488
428 489
428 490
429 430
429 489
429 490
429 491
430 431
430 490
430 491
430 492
431 432
431 491
431 492
431 493
432 433
432 492
432 493
433 434
433 493
433 494
434 435
434 494
434 495
435 494
435 495
435 496
436 437
436 496
436 497
437 438
437 497
438 439
438 498
439 440
439 498
439 499
440 498
440 499
440 500
441 442
441 500
441 501
442 443
442 501
443 501
443 502
444 445
444 502
444 503
445 446
445 503
445 504
446 447
446 503
446 504
446 505
447 448
447 504
447 505
447 506
448 449
448 505
448 506
448 507
449 450
449 506
449 507
449 508
450 451
450 507
450 508
450 509
451 452
451 508
451 509
451 510
452 509
452 510
452 511
453 454
453 511
453 512
453 513
454 455
454 512
454 513
454 514
455 456
455 513
455 514
455 515
456 514
456 515
456 516
457 516
457 517
458 459
458 517
459 460
459 518
460 461
460 518
460 519
461 518
461 519
461 520
462 463
462 520
462 521
462 522
463 521
463 522
464 523
464 524
465 466
465 524
465 525
465 526
466 525
466 526
466 527
467 468
467 528
467 529
467 530
468 469
468 529
468 530
468 531
469 470
469 530
469 531
470 471
470 531
470 532
471 472
471 532
471 533
472 473
472 532
472 533
473 474
473 533
473 534
474 475
474 534
475 476
475 534
475 535
476 535
476 536
477 478
477 538
477 539
478 479
478 539
478 540
479 480
479 540
479 541
480 540
480 541
480 542
481 482
481 543
481 544
482 483
482 544
482 545
483 545
483 546
484 546
484 547
484 548
485 486
485 548
485 549
486 549
486 550
487 488
487 550
487 551
487 552
488 489
488 551
488 552
488 553
489 490
489 552
489 553
489 554
490 491
490 553
490 554
491 492
491 554
492 493
492 555
493 555
493 556
494 495
494 556
494 557
494 558
495 496
495 557
495 558
495 559
496 497
496 558
496 559
497 559
497 560
498 499
498 561
498 562
499 500
499 562
499 563
500 562
500 563
500 564
501 564
501 565
501 566
502 566
502 567
503 504
503 568
504 505
504 568
504 569
505 506
505 568
505 569
505 570
506 507
506 569
506 570
506 571
507 508
507 570
507 571
507 572
508 509
508 571
508 572
508 573
509 510
509 572
509 573
509 574
510 511
510 573
510 574
511 512
511 574
511 575
512 513
512 575
512 576
513 514
513 575
513 576
514 515
514 576
514 577
515 516
515 577
515 578
516 577
516 578
516 579
517 579
517 580
517 581
518 519
518 582
519 520
519 583
520 521
520 583
520 584
521 522
521 583
521 584
521 585
522 584
522 585
523 586
524 525
524 586
524 587
524 588
525 526
525 587
525 588
526 527
526 588
526 589
527 528
527 589
528 529
528 589
528 590
529 530
529 590
529 591
530 531
530 590
530 591
530 592
531 591
531 592
531 593
532 533
532 593
532 594
532 595
533 594
533 595
533 596
534 596
534 597
535 536
535 597
535 598
536 537
536 598
536 599
537 538
537 598
537 599
537 600
538 539
538 599
538 600
539 600
539 601
540 541
540 601
540 602
540 603
541 542
541 602
541 603
541 604
542 543
542 603
542 604
542 605
543 544
543 604
543 605
543 606
544 605
544 606
544 607
545 546
545 607
545 608
546 547
546 608
546 609
547 548
547 608
547 609
548 549
548 609
550 551
551 552
551 610
552 553
552 610
552 611
553 554
553 610
553 611
553 612
554 611
554 612
555 556
555 613
555 614
555 615
556 557
556 614
556 615
556 616
557 558
557 615
557 616
557 617
558 559
558 616
558 617
559 617
560 561
560 618
560 619
561 618
561 619
561 620
562 563
562 620
562 621
562 622
563 564
563 621
563 622
563 623
564 565
564 622
564 623
565 566
565 623
565 624
566 567
566 624
566 625
567 624
567 625
568 569
568 626
568 627
568 628
569 570
569 627
569 628
570 571
570 628
570 629
571 572
571 629
571 630
572 573
572 629
572 630
572 631
573 574
573 630
573 631
573 632
574 631
574 632
574 633
575 576
575 633
575 634
575 635
576 634
576 635
576 636
577 578
577 636
577 637
578 579
578 637
579 580
579 638
580 581
580 638
580 639
581 582
581 638
581 639
581 640
582 639
582 640
582 641
583 584
583 642
583 643
584 585
584 643
584 644
585 643
585 644
586 587
586 645
586 646
587 588
587 646
587 647
588 647
588 648
589 648
589 649
589 650
590 591
590 650
590 651
591 592
591 651
591 652
592 593
592 651
592 652
592 653
593 594
593 652
593 653
593 654
594 595
594 653
594 654
594 655
595 596
595 654
595 655
595 656
596 655
596 656
596 657
597 657
597 658
598 599
598 659
598 660
599 600
599 659
599 660
599 661
600 660
600 661
600 662
601 602
601 662
601 663
601 664
602 603
602 663
602 664
602 665
603 604
603 664
603 665
603 666
604 605
604 665
604 666
605 606
605 666
605 667
606 607
606 667
606 668
607 667
607 668
607 669
608 609
608 669
608 670
608 671
609 670
609 671
609 672
610 611
610 676
610 677
610 678
611 612
611 677
611 678
611 679
612 678
612 679
612 680
613 614
613 680
613 681
613 682
614 615
614 681
614 682
614 683
615 616
615 682
615 683
615 684
616 617
616 683
616 684
616 685
617 684
617 685
617 686
618 619
618 687
618 688
619 620
619 687
619 688
619 689
620 621
620 688
620 689
621 622
621 689
621 690
622 623
622 690
623 690
623 691
624 625
624 691
625 692
626 627
626 692
626 693
626 694
627 628
627 693
627 694
627 695
628 694
628 695
628 696
629 630
629 696
629 697
629 698
630 631
630 697
630 698
630 699
631 632
631 698
631 699
631 700
632 633
632 699
632 700
632 701
633 634
633 700
633 701
633 702
634 635
634 701
634 702
634 703
635 636
635 702
635 703
635 704
636 637
636 703
636 704
637 704
637 705
638 639
639 640
639 706
640 641
640 706
640 707
641 642
641 706
641 707
641 708
642 707
642 708
642 709
643 644
643 709
643 710
644 710
645 646
645 711
645 712
646 711
646 712
646 713
647 648
647 713
647 714
648 649
648 714
648 715
649 650
649 715
649 716
650 715
650 716
650 717
651 652
651 717
651 718
652 653
652 718
652 719
653 654
653 719
653 720
654 655
654 719
654 720
655 656
655 720
655 721
656 657
656 721
656 722
657 658
657 721
657 722
657 723
658 722
658 723
658 724
659 660
659 724
659 725
659 726
660 661
660 725
660 726
660 727
661 662
661 726
661 727
661 728
662 663
662 727
662 728
662 729
663 664
663 728
663 729
663 730
664 665
664 729
664 730
664 731
665 666
665 730
665 731
665 732
666 731
666 732
667 668
667 733
667 734
668 669
668 733
668 734
668 735
669 670
669 734
669 735
669 736
670 671
670 735
670 736
671 672
671 736
671 737
672 673
672 737
672 738
673 674
673 737
673 738
674 675
674 738
674 739
675 676
675 739
676 677
676 739
676 740
677 678
677 740
677 741
678 679
678 740
678 741
678 742
679 680
679 741
679 742
679 743
680 681
680 742
680 743
681 682
681 743
682 683
682 744
683 684
683 744
684 685
684 744
685 686
685 745
686 745
686 746
687 688
687 746
687 747
687 748
688 689
688 747
688 748
688 749
689 748
689 749
689 750
690 750
690 751
690 752
691 752
691 753
691 754
692 693
692 755
692 756
692 757
693 694
693 756
693 757
693 758
694 695
694 757
694 758
695 696
695 758
696 697
696 759
697 698
697 759
697 760
698 699
698 759
698 760
698 761
699 700
699 760
699 761
699 762
700 701
700 761
700 762
700 763
701 702
701 762
701 763
701 764
702 703
702 763
702 764
702 765
703 704
703 764
703 765
703 766
704 765
704 766
704 767
705 767
705 768
705 769
706 707
706 771
707 708
707 771
708 709
708 771
708 772
709 710
709 772
709 773
710 772
710 773
710 774
711 712
711 775
711 776
712 713
712 775
712 776
712 777
713 714
713 776
713 777
714 777
714 778
715 716
715 778
715 779
716 717
716 779
716 780
717 718
717 779
717 780
718 780
718 781
719 720
719 781
719 782
719 783
720 782
720 783
720 784
721 722
721 784
721 785
721 786
722 723
722 785
722 786
723 724
723 786
723 787
724 725
724 787
724 788
725 726
725 787
725 788
725 789
726 727
726 788
726 789
726 790
727 728
727 789
727 790
727 791
728 729
728 790
728 791
728 792
729 730
729 791
729 792
730 731
730 792
730 793
731 732
731 793
731 794
732 793
732 794
732 795
733 734
733 795
733 796
733 797
734 735
734 796
734 797
734 798
735 736
735 797
735 798
735 799
736 798
736 799
736 800
737 738
737 800
737 801
737 802
738 801
738 802
738 803
739 803
739 804
739 805
740 741
740 805
740 806
740 807
741 742
741 806
741 807
742 743
742 807
742 808
743 808
743 809
744 810
744 811
744 812
745 746
745 813
746 747
747 748
747 814
748 749
748 814
748 815
749 750
749 814
749 815
750 751
750 815
751 752
751 816
752 753
752 816
752 817
753 754
753 816
753 817
753 818
754 755
754 817
754 818
754 819
755 756
755 818
755 819
755 820
756 757
756 819
756 820
756 821
757 758
757 820
757 821
758 821
758 822
759 760
759 823
759 824
760 761
760 824
760 825
761 762
761 825
761 826
762 763
762 825
762 826
762 827
763 764
763 826
763 827
763 828
764 765
764 827
764 828
764 829
765 766
765 828
765 829
766 767
766 829
766 830
767 768
767 830
767 831
768 769
768 830
768 831
768 832
769 770
769 831
769 832
769 833
770 832
770 833
770 834
771 835
772 773
772 835
772 836
772 837
773 774
773 836
773 837
773 838
774 837
774 838
775 776
775 839
775 840
776 777
776 839
776 840
777 840
777 841
778 841
778 842
778 843
779 780
779 843
779 844
779 845
780 844
780 845
780 846
781 782
781 846
781 847
781 848
782 783
782 847
782 848
782 849
783 784
783 848
783 849
783 850
784 785
784 849
784 850
784 851
785 786
785 850
785 851
786 851
787 788
787 852
787 853
788 789
788 852
788 853
789 790
789 853
789 854
790 791
790 854
790 855
791 792
791 854
791 855
791 856
792 855
792 856
792 857
793 794
793 857
793 858
794 795
794 858
794 859
795 796
795 859
795 860
796 797
796 859
796 860
796 861
797 798
797 860
797 861
797 862
798 799
798 861
798 862
799 800
799 862
799 863
800 801
800 863
800 864
801 802
801 863
801 864
802 803
802 864
802 865
803 804
803 865
803 866
804 805
804 865
804 866
804 867
805 806
805 866
805 867
805 868
806 807
806 867
806 868
806 869
807 868
807 869
807 870
808 809
808 870
808 871
809 810
809 871
809 872
810 811
810 871
810 872
810 873
811 812
811 872
811 873
811 874
812 813
812 873
812 874
812 875
813 874
813 875
813 876
814 815
814 878
814 879
814 880
815 879
815 880
815 881
816 817
816 882
816 883
816 884
817 818
817 883
817 884
818 819
818 884
819 820
819 885
820 821
820 885
820 886
821 885
821 886
822 823
822 887
823 824
823 887
823 888
824 887
824 888
825 826
825 889
826 827
826 889
827 828
827 890
828 829
828 890
829 890
830 831
830 891
831 832
831 891
832 833
832 891
832 892
833 834
833 892
833 893
834 892
834 893
834 894
835 836
835 895
835 896
835 897
836 837
836 896
836 897
836 898
837 838
837 897
837 898
837 899
838 898
838 899
839 840
839 900
839 901
840 900
840 901
840 902
841 842
841 902
841 903
842 843
842 903
843 844
843 903
844 845
845 846
845 904
846 847
846 904
846 905
847 848
847 904
847 905
847 906
848 849
848 905
848 906
848 907
849 850
849 906
849 907
849 908
850 851
850 907
850 908
851 908
851 909
852 853
852 910
852 911
852 912
853 911
853 912
853 913
854 855
854 913
854 914
854 915
855 856
855 914
855 915
856 857
856 915
856 916
857 858
857 916
857 917
858 916
858 917
859 860
859 918
860 861
860 918
861 862
861 919
862 919
863 864
863 920
863 921
864 920
864 921
864 922
865 866
865 922
865 923
865 924
866 867
866 923
866 924
866 925
867 868
867 924
867 925
867 926
868 869
868 925
868 926
868 927
869 870
869 926
869 927
869 928
870 927
870 928
870 929
871 872
871 929
871 930
871 931
872 873
872 930
872 931
872 932
873 874
873 931
873 932
874 875
874 932
875 876
875 933
876 877
876 933
876 934
877 878
877 933
877 934
877 935
878 879
878 934
878 935
878 936
879 880
879 935
879 936
879 937
880 881
880 936
880 937
881 882
881 937
881 938
882 883
882 938
883 884
883 938
883 939
884 939
884 940
885 886
885 941
885 942
885 943
886 942
886 943
886 944
887 888
887 945
888 945
888 946
889 946
889 947
889 948
890 949
890 950
890 951
891 953
891 954
891 955
892 893
892 955
892 956
892 957
893 894
893 956
893 957
893 958
894 895
894 957
894 958
894 959
895 896
895 958
895 959
895 960
896 897
896 959
896 960
896 961
897 898
897 960
897 961
897 962
898 899
898 961
898 962
898 963
899 962
899 963
900 901
900 964
900 965
901 902
901 964
901 965
901 966
902 965
902 966
902 967
903 967
903 968
904 905
904 970
905 906
905 970
905 971
906 907
906 971
906 972
907 908
907 971
907 972
907 973
908 972
908 973
908 974
909 910
909 974
909 975
909 976
910 911
910 975
910 976
910 977
911 912
911 976
911 977
911 978
912 913
912 977
912 978
912 979
913 914
913 978
913 979
913 980
914 915
914 979
914 980
915 980
915 981
916 917
916 981
916 982
916 983
917 982
917 983
917 984
918 984
918 985
918 986
919 987
919 988
920 921
920 988
921 922
921 989
922 923
922 989
922 990
923 924
923 989
923 990
923 991
924 925
924 990
924 991
924 992
925 926
925 991
925 992
925 993
926 927
926 992
926 993
926 994
927 928
927 993
927 994
927 995
928 929
928 994
928 995
929 930
929 995
929 996
930 931
930 996
931 932
931 996
931 997
932 997
932 998
933 934
933 999
933 1000
934 935
934 1000
934 1001
935 936
935 1001
935 1002
936 937
936 1001
936 1002
936 1003
937 1002
937 1003
938 1004
938 1005
939 940
939 1005
939 1006
939 1007
940 941
940 1006
940 1007
940 1008
941 942
941 1007
941 1008
941 1009
942 943
942 1008
942 1009
943 944
943 1009
943 1010
944 1010
944 1011
945 946
945 1012
945 1013
945 1014
946 947
946 1013
946 1014
946 1015
947 948
947 1014
947 1015
947 1016
948 949
948 1015
948 1016
948 1017
949 950
949 1016
949 1017
949 1018
950 951
950 1017
950 1018
950 1019
951 952
951 1018
951 1019
951 1020
952 953
952 1019
952 1020
952 1021
953 954
953 1020
953 1021
953 1022
954 955
954 1021
954 1022
954 1023
955 956
955 1022
955 1023
955 1024
956 957
956 1023
956 1024
956 1025
957 958
957 1024
957 1025
957 1026
958 959
958 1025
958 1026
958 1027
959 960
959 1026
959 1027
959 1028
960 961
960 1027
960 1028
961 962
961 1028
962 963
962 1029
963 1029
964 965
964 1030
964 1031
965 966
965 1030
965 1031
965 1032
966 967
966 1031
966 1032
966 1033
967 968
967 1032
967 1033
967 1034
968 1033
968 1034
969 1035
969 1036
970 1036
970 1037
971 972
971 1037
971 1038
971 1039
972 973
972 1038
972 1039
973 974
973 1039
973 1040
974 975
974 1040
974 1041
975 976
975 1040
975 1041
975 1042
976 977
976 1041
976 1042
977 978
977 1042
978 979
978 1043
979 980
979 1043
979 1044
980 1043
980 1044
980 1045
981 982
981 1045
981 1046
981 1047
982 983
982 1046
982 1047
982 1048
983 984
983 1047
983 1048
983 1049
984 985
984 1048
984 1049
984 1050
985 986
985 1049
985 1050
985 1051
986 1050
986 1051
986 1052
987 988
987 1052
987 1053
987 1054
988 1053
988 1054
989 990
989 1055
989 1056
989 1057
990 991
990 1056
990 1057
990 1058
991 992
991 1057
991 1058
992 993
992 1058
992 1059
993 994
993 1059
994 995
994 1059
994 1060
995 1060
996 1061
996 1062
997 998
997 1062
997 1063
997 1064
998 999
998 1063
998 1064
998 1065
999 1000
999 1064
999 1065
1000 1065
1001 1002
1001 1066
1001 1067
1002 1003
1002 1066
1002 1067
1003 1067
1003 1068
1004 1005
1004 1068
1004 1069
1004 1070
1005 1006
1005 1069
1005 1070
1005 1071
1006 1007
1006 1070
1006 1071
1006 1072
1007 1008
1007 1071
1007 1072
1008 1009
1008 1072
1008 1073
1009 1073
1009 1074
1010 1011
1010 1074
1010 1075
1010 1076
1011 1012
1011 1075
1011 1076
1011 1077
1012 1013
1012 1076
1012 1077
1012 1078
1013 1014
1013 1077
1013 1078
1013 1079
1014 1015
1014 1078
1014 1079
1015 1016
1015 1079
1015 1080
1016 1017
1016 1080
1016 1081
1017 1018
1017 1080
1017 1081
1018 1019
1018 1081
1018 1082
1019 1020
1019 1082
1019 1083
1020 1021
1020 1082
1020 1083
1020 1084
1021 1022
1021 1083
1021 1084
1021 1085
1022 1023
1022 1084
1022 1085
1022 1086
1023 1024
1023 1085
1023 1086
1024 1025
1024 1086
1024 1087
1025 1026
1025 1087
1025 1088
1026 1027
1026 1087
1026 1088
1026 1089
1027 1028
1027 1088
1027 1089
1027 1090
1028 1089
1028 1090
1029 1091
1029 1092
1030 1031
1030 1093
1030 1094
1031 1032
1031 1093
1031 1094
1031 1095
1032 1033
1032 1094
1032 1095
1032 1096
1033 1034
1033 1095
1033 1096
1033 1097
1034 1096
1034 1097
1034 1098
1035 1036
1035 1098
1035 1099
1036 1099
1036 1100
1037 1038
1037 1100
1037 1101
1037 1102
1038 1039
1038 1101
1038 1102
1038 1103
1039 1102
1039 1103
1039 1104
1040 1041
1040 1104
1040 1105
1040 1106
1041 1042
1041 1105
1041 1106
1042 1106
1042 1107
1043 1044
1043 1108
1043 1109
1043 1110
1044 1045
1044 1109
1044 1110
1044 1111
1045 1046
1045 1110
1045 1111
1045 1112
1046 1047
1046 1111
1046 1112
1046 1113
1047 1048
1047 1112
1047 1113
1047 1114
1048 1049
1048 1113
1048 1114
1048 1115
1049 1050
1049 1114
1049 1115
1049 1116
1050 1051
1050 1115
1050 1116
1050 1117
1051 1052
1051 1116
1051 1117
1051 1118
1052 1053
1052 1117
1052 1118
1052 1119
1053 1054
1053 1118
1053 1119
1053 1120
1054 1119
1054 1120
1055 1056
1055 1121
1055 1122
1056 1057
1056 1121
1056 1122
1056 1123
1057 1058
1057 1122
1057 1123
1057 1124
1058 1123
1058 1124
1058 1125
1059 1125
1060 1126
1060 1127
1061 1062
1061 1127
1061 1128
1061 1129
1062 1063
1062 1128
1062 1129
1062 1130
1063 1064
1063 1129
1063 1130
1063 1131
1064 1065
1064 1130
1064 1131
1064 1132
1065 1131
1065 1132
1065 1133
1066 1067
1066 1134
1066 1135
1066 1136
1067 1135
1067 1136
1067 1137
1068 1069
1068 1137
1068 1138
1069 1070
1069 1138
1069 1139
1070 1071
1070 1139
1071 1072
1071 1139
1071 1140
1072 1140
1072 1141
1073 1074
1073 1141
1073 1142
1074 1075
1074 1142
1074 1143
1075 1076
1075 1143
1076 1077
1076 1143
1076 1144
1077 1078
1077 1144
1077 1145
1078 1079
1078 1144
1078 1145
1079 1145
1079 1146
1080 1081
1080 1146
1080 1147
1080 1148
1081 1147
1081 1148
1081 1149
1082 1083
1082 1149
1082 1150
1082 1151
1083 1084
1083 1150
1083 1151
1083 1152
1084 1085
1084 1151
1084 1152
1084 1153
1085 1086
1085 1152
1085 1153
1086 1153
1087 1088
1088 1089
1088 1154
1089 1090
1089 1154
1090 1154
1090 1155
1091 1092
1091 1155
1091 1156
1091 1157
1092 1156
1092 1157
1093 1094
1093 1158
1093 1159
1094 1095
1094 1158
1094 1159
1094 1160
1095 1096
1095 1159
1095 1160
1095 1161
1096 1097
1096 1160
1096 1161
1096 1162
1097 1098
1097 1161
1097 1162
1098 1162
1098 1163
1099 1100
1099 1163
1100 1101
1100 1164
1101 1102
1101 1164
1101 1165
1102 1103
1102 1164
1102 1165
1103 1104
1103 1165
1103 1166
1104 1105
1104 1166
1104 1167
1105 1106
1105 1166
1105 1167
1105 1168
1106 1167
1106 1168
1106 1169
1107 1108
1107 1169
1107 1170
1107 1171
1108 1109
1108 1170
1108 1171
1108 1172
1109 1110
1109 1171
1109 1172
1109 1173
1110 1111
1110 1172
1110 1173
1110 1174
1111 1112
1111 1173
1111 1174
1111 1175
1112 1113
1112 1174
1112 1175
1113 1114
1113 1175
1114 1115
1114 1176
1115 1116
1115 1176
1115 1177
1116 1117
1116 1176
1116 1177
1117 1118
1117 1177
1117 1178
1118 1119
1118 1178
1118 1179
1119 1120
1119 1178
1119 1179
1119 1180
1120 1179
1120 1180
1120 1181
1121 1122
1121 1181
1121 1182
1121 1183
1122 1123
1122 1182
1122 1183
1122 1184
1123 1124
1123 1183
1123 1184
1123 1185
1124 1125
1124 1184
1124 1185
1124 1186
1125 1185
1125 1186
1126 1127
1126 1187
1126 1188
1127 1128
1127 1188
1127 1189
1128 1129
1128 1189
1128 1190
1129 1130
1129 1189
1129 1190
1129 1191
1130 1131
1130 1190
1130 1191
1131 1132
1131 1191
1131 1192
1132 1133
1132 1192
1132 1193
1133 1134
1133 1192
1133 1193
1133 1194
1134 1135
1134 1193
1134 1194
1134 1195
1135 1136
1135 1194
1135 1195
1135 1196
1136 1137
1136 1195
1136 1196
1136 1197
1137 1138
1137 1196
1137 1197
1138 1197
1138 1198
1139 1198
1139 1199
1139 1200
1140 1141
1140 1200
1140 1201
1141 1142
1141 1201
1141 1202
1142 1201
1142 1202
1142 1203
1143 1203
1143 1204
1144 1145
1144 1205
1144 1206
1145 1205
1145 1206
1145 1207
1146 1147
1146 1207
1146 1208
1147 1148
1147 1208
1147 1209
1148 1149
1148 1209
1148 1210
1149 1150
1149 1209
1149 1210
1149 1211
1150 1151
1150 1210
1150 1211
1151 1152
1151 1211
1151 1212
1152 1153
1152 1212
1152 1213
1153 1212
1153 1213
1153 1214
1154 1217
1154 1218
1154 1219
1155 1156
1155 1219
1155 1220
1155 1221
1156 1157
1156 1220
1156 1221
1156 1222
1157 1221
1157 1222
1158 1159
1158 1223
1158 1224
1159 1160
1159 1223
1159 1224
1159 1225
1160 1161
1160 1224
1160 1225
1160 1226
1161 1162
1161 1225
1161 1226
1161 1227
1162 1226
1162 1227
1162 1228
1163 1228
1163 1229
1163 1230
1164 1165
1164 1231
1164 1232
1164 1233
1165 1232
1165 1233
1165 1234
1166 1167
1166 1234
1166 1235
1166 1236
1167 1168
1167 1235
1167 1236
1167 1237
1168 1169
1168 1236
1168 1237
1169 1170
1169 1237
1169 1238
1170 1171
1170 1238
1170 1239
1171 1172
1171 1238
1171 1239
1171 1240
1172 1173
1172 1239
1172 1240
1172 1241
1173 1174
1173 1240
1173 1241
1174 1175
1174 1241
1174 1242
1175 1242
1175 1243
1176 1177
1176 1244
1176 1245
1176 1246
1177 1245
1177 1246
1178 1179
1178 1247
1178 1248
1179 1180
1179 1247
1179 1248
1179 1249
1180 1181
1180 1248
1180 1249
1180 1250
1181 1182
1181 1249
1181 1250
1182 1183
1182 1250
1182 1251
1183 1184
1183 1251
1184 1185
1184 1251
1185 1186
1185 1252
1186 1252
1186 1253
1187 1188
1187 1253
1187 1254
1188 1254
1188 1255
1189 1190
1189 1255
1189 1256
1189 1257
1190 1191
1190 1256
1190 1257
1190 1258
1191 1257
1191 1258
1191 1259
1192 1193
1192 1259
1192 1260
1192 1261
1193 1194
1193 1260
1193 1261
1193 1262
1194 1195
1194 1261
1194 1262
1194 1263
1195 1196
1195 1262
1195 1263
1195 1264
1196 1197
1196 1263
1196 1264
1196 1265
1197 1264
1197 1265
1198 1199
1198 1266
1199 1200
1199 1266
1199 1267
1200 1267
1201 1202
1201 1268
1202 1203
1202 1268
1202 1269
1203 1204
1203 1268
1203 1269
1203 1270
1204 1269
1204 1270
1204 1271
1205 1206
1205 1271
1205 1272
1205 1273
1206 1207
1206 1272
1206 1273
1206 1274
1207 1208
1207 1273
1207 1274
1207 1275
1208 1274
1208 1275
1208 1276
1209 1210
1209 1276
1209 1277
1209 1278
1210 1211
1210 1277
1210 1278
1210 1279
1211 1278
1211 1279
1211 1280
1212 1213
1212 1280
1212 1281
1213 1214
1213 1281
1214 1215
1214 1282
1215 1216
1215 1282
1215 1283
1216 1217
1216 1282
1216 1283
1216 1284
1217 1218
1217 1283
1217 1284
1217 1285
1218 1219
1218 1284
1218 1285
1218 1286
1219 1220
1219 1285
1219 1286
1219 1287
1220 1221
1220 1286
1220 1287
1220 1288
1221 1222
1221 1287
1221 1288
1222 1288
1223 1224
1223 1289
1223 1290
1224 1225
1224 1289
1224 1290
1224 1291
1225 1226
1225 1290
1225 1291
1225 1292
1226 1227
1226 1291
1226 1292
1226 1293
1227 1228
1227 1292
1227 1293
1228 1229
1228 1293
1228 1294
1229 1230
1229 1294
1229 1295
1230 1231
1230 1294
1230 1295
1230 1296
1231 1232
1231 1295
1231 1296
1231 1297
1232 1233
1232 1296
1232 1297
1232 1298
1233 1234
1233 1297
1233 1298
1233 1299
1234 1235
1234 1298
1234 1299
1234 1300
1235 1236
1235 1299
1235 1300
1235 1301
1236 1237
1236 1300
1236 1301
1236 1302
1237 1301
1237 1302
1237 1303
1238 1239
1238 1303
1238 1304
1238 1305
1239 1240
1239 1304
1239 1305
1239 1306
1240 1241
1240 1305
1240 1306
1240 1307
1241 1306
1241 1307
1241 1308
1242 1243
1242 1308
1242 1309
1243 1244
1243 1309
1244 1245
1244 1309
1244 1310
1245 1246
1245 1310
1245 1311
1246 1310
1246 1311
1246 1312
1247 1248
1247 1312
1247 1313
1248 1249
1248 1313
1248 1314
1249 1250
1249 1313
1249 1314
1249 1315
1250 1314
1250 1315
1250 1316
1251 1316
1251 1317
1252 1253
1252 1318
1252 1319
1253 1254
1253 1319
1253 1320
1254 1320
1255 1256
1255 1321
1255 1322
1256 1257
1256 1321
1256 1322
1256 1323
1257 1258
1257 1322
1257 1323
1257 1324
1258 1259
1258 1323
1258 1324
1258 1325
1259 1260
1259 1324
1259 1325
1259 1326
1260 1261
1260 1325
1260 1326
1260 1327
1261 1262
1261 1326
1261 1327
1261 1328
1262 1263
1262 1327
1262 1328
1263 1264
1263 1328
1264 1265
1264 1329
1265 1329
1265 1330
1266 1330
1267 1331
1267 1332
1268 1269
1268 1333
1268 1334
1269 1270
1269 1334
1269 1335
1270 1271
1270 1335
1271 1272
1271 1335
1271 1336
1272 1273
1272 1336
1273 1274
1273 1336
1273 1337
1274 1275
1274 1337
1274 1338
1275 1276
1275 1337
1275 1338
1275 1339
1276 1277
1276 1338
1276 1339
1277 1278
1277 1339
1277 1340
1278 1279
1278 1340
1279 1280
1279 1340
1280 1281
1280 1341
1281 1341
1282 1283
1282 1342
1282 1343
1282 1344
1283 1284
1283 1343
1283 1344
1283 1345
1284 1285
1284 1344
1284 1345
1284 1346
1285 1286
1285 1345
1285 1346
1285 1347
1286 1287
1286 1346
1286 1347
1286 1348
1287 1288
1287 1347
1287 1348
1287 1349
1288 1348
1288 1349
1288 1350
1289 1290
1289 1351
1289 1352
1290 1291
1290 1351
1290 1352
1290 1353
1291 1292
1291 1352
1291 1353
1291 1354
1292 1293
1292 1353
1292 1354
1292 1355
1293 1354
1293 1355
1294 1295
1294 1356
1295 1296
1295 1356
1295 1357
1296 1297
1296 1356
1296 1357
1296 1358
1297 1298
1297 1357
1297 1358
1297 1359
1298 1299
1298 1358
1298 1359
1298 1360
1299 1300
1299 1359
1299 1360
1299 1361
1300 1301
1300 1360
1300 1361
1300 1362
1301 1302
1301 1361
1301 1362
1301 1363
1302 1303
1302 1362
1302 1363
1302 1364
1303 1304
1303 1363
1303 1364
1303 1365
1304 1305
1304 1364
1304 1365
1304 1366
1305 1306
1305 1365
1305 1366
1305 1367
1306 1307
1306 1366
1306 1367
1306 1368
1307 1308
1307 1367
1307 1368
1307 1369
1308 1368
1308 1369
1310 1311
1310 1370
1311 1312
1311 1370
1311 1371
1312 1370
1312 1371
1312 1372
1313 1314
1313 1372
1313 1373
1313 1374
1314 1315
1314 1373
1314 1374
1314 1375
1315 1316
1315 1374
1315 1375
1315 1376
1316 1375
1316 1376
1316 1377
1317 1318
1317 1377
1317 1378
1318 1319
1318 1378
1318 1379
1319 1379
1319 1380
1320 1380
1320 1381
1321 1322
1321 1382
1321 1383
1322 1323
1322 1382
1322 1383
1322 1384
1323 1324
1323 1383
1323 1384
1323 1385
1324 1325
1324 1384
1324 1385
1324 1386
1325 1326
1325 1385
1325 1386
1326 1327
1326 1386
1326 1387
1327 1328
1327 1387
1328 1387
1328 1388
1329 1330
1329 1389
1329 1390
1329 1391
1330 1390
1330 1391
1330 1392
1331 1332
1331 1393
1331 1394
1331 1395
1332 1333
1332 1394
1332 1395
1332 1396
1333 1334
1333 1395
1333 1396
1333 1397
1334 1396
1334 1397
1334 1398
1335 1398
1335 1399
1335 1400
1336 1400
1336 1401
1337 1338
1337 1401
1337 1402
1337 1403
1338 1339
1338 1402
1338 1403
1338 1404
1339 1403
1339 1404
1339 1405
1340 1405
1340 1406
1340 1407
1341 1408
1341 1409
1341 1410
1342 1343
1342 1410
1342 1411
1342 1412
1343 1344
1343 1411
1343 1412
1343 1413
1344 1345
1344 1412
1344 1413
1344 1414
1345 1346
1345 1413
1345 1414
1345 1415
1346 1347
1346 1414
1346 1415
1346 1416
1347 1348
1347 1415
1347 1416
1347 1417
1348 1349
1348 1416
1348 1417
1348 1418
1349 1350
1349 1417
1349 1418
1349 1419
1350 1418
1350 1419
1351 1352
1351 1420
1351 1421
1352 1353
1352 1420
1352 1421
1352 1422
1353 1354
1353 1421
1353 1422
1353 1423
1354 1355
1354 1422
1354 1423
1355 1423
1355 1424
1356 1357
1356 1425
1356 1426
1357 1358
1357 1425
1357 1426
1357 1427
1358 1359
1358 1426
1358 1427
1358 1428
1359 1360
1359 1427
1359 1428
1359 1429
1360 1361
1360 1428
1360 1429
1361 1362
1361 1429
1361 1430
1362 1363
1362 1430
1362 1431
1363 1364
1363 1430
1363 1431
1363 1432
1364 1365
1364 1431
1364 1432
1365 1366
1365 1432
1365 1433
1366 1367
1366 1433
1367 1368
1367 1433
1367 1434
1368 1369
1368 1434
1368 1435
1369 1434
1369 1435
1369 1436
1370 1371
1370 1439
1370 1440
1370 1441
1371 1372
1371 1440
1371 1441
1371 1442
1372 1373
1372 1441
1372 1442
1372 1443
1373 1374
1373 1442
1373 1443
1374 1375
1374 1443
1374 1444
1375 1376
1375 1444
1376 1377
1376 1444
1376 1445
1377 1378
1377 1445
1377 1446
1378 1445
1378 1446
1378 1447
1379 1380
1379 1447
1379 1448
1379 1449
1380 1381
1380 1448
1380 1449
1380 1450
1381 1449
1381 1450
1381 1451
1382 1383
1382 1451
1382 1452
1382 1453
1383 1384
1383 1452
1383 1453
1383 1454
1384 1385
1384 1453
1384 1454
1384 1455
1385 1386
1385 1454
1385 1455
1385 1456
1386 1455
1386 1456
1386 1457
1387 1457
1387 1458
1387 1459
1388 1389
1388 1459
1388 1460
1388 1461
1389 1390
1389 1460
1389 1461
1389 1462
1390 1391
1390 1461
1390 1462
1391 1392
1391 1462
1391 1463
1392 1393
1392 1463
1392 1464
1393 1394
1393 1463
1393 1464
1394 1395
1394 1464
1395 1396
1395 1465
1396 1397
1396 1465
1396 1466
1397 1398
1397 1465
1397 1466
1397 1467
1398 1399
1398 1466
1398 1467
1398 1468
1399 1400
1399 1467
1399 1468
1399 1469
1400 1468
1400 1469
1400 1470
1401 1402
1401 1470
1401 1471
1401 1472
1402 1403
1402 1471
1402 1472
1402 1473
1403 1404
1403 1472
1403 1473
1404 1405
1404 1473
1404 1474
1405 1406
1405 1474
1405 1475
1406 1407
1406 1474
1406 1475
1406 1476
1407 1408
1407 1475
1407 1476
1407 1477
1408 1409
1408 1476
1408 1477
1408 1478
1409 1410
1409 1477
1409 1478
1409 1479
1410 1411
1410 1478
1410 1479
1410 1480
1411 1412
1411 1479
1411 1480
1412 1413
1412 1480
1412 1481
1413 1414
1413 1481
1413 1482
1414 1415
1414 1481
1414 1482
1415 1416
1415 1482
1415 1483
1416 1417
1416 1483
1416 1484
1417 1418
1417 1483
1417 1484
1417 1485
1418 1419
1418 1484
1418 1485
1418 1486
1419 1485
1419 1486
1420 1421
1420 1487
1420 1488
1421 1422
1421 1487
1421 1488
1421 1489
1422 1423
1422 1488
1422 1489
1422 1490
1423 1489
1423 1490
1423 1491
1424 1491
1424 1492
1425 1426
1425 1492
1425 1493
1426 1427
1426 1493
1426 1494
1427 1428
1427 1494
1428 1429
1428 1494
1428 1495
1429 1495
1429 1496
1430 1431
1430 1496
1430 1497
1430 1498
1431 1432
1431 1497
1431 1498
1431 1499
1432 1498
1432 1499
1432 1500
1433 1500
1433 1501
1433 1502
1434 1435
1434 1502
1434 1503
1434 1504
1435 1436
1435 1503
1435 1504
1435 1505
1436 1437
1436 1504
1436 1505
1436 1506
1437 1438
1437 1505
1437 1506
1437 1507
1438 1439
1438 1506
1438 1507
1439 1440
1439 1507
1439 1508
1440 1441
1440 1508
1440 1509
1441 1442
1441 1508
1441 1509
1441 1510
1442 1443
1442 1509
1442 1510
1442 1511
1443 1510
1443 1511
1443 1512
1444 1512
1444 1513
1444 1514
1445 1446
1445 1514
1445 1515
1446 1447
1446 1515
1446 1516
1447 1448
1447 1515
1447 1516
1448 1449
1448 1516
1448 1517
1449 1450
1449 1517
1449 1518
1450 1451
1450 1517
1450 1518
1450 1519
1451 1452
1451 1518
1451 1519
1451 1520
1452 1453
1452 1519
1452 1520
1452 1521
1453 1454
1453 1520
1453 1521
1453 1522
1454 1455
1454 1521
1454 1522
1454 1523
1455 1456
1455 1522
1455 1523
1455 1524
1456 1457
1456 1523
1456 1524
1457 1458
1457 1524
1458 1459
1458 1525
1459 1460
1459 1525
1459 1526
1460 1461
1460 1525
1460 1526
1460 1527
1461 1462
1461 1526
1461 1527
1461 1528
1462 1527
1462 1528
1462 1529
1463 1464
1463 1529
1463 1530
1463 1531
1464 1530
1464 1531
1464 1532
1465 1466
1465 1533
1465 1534
1466 1467
1466 1534
1466 1535
1467 1468
1467 1534
1467 1535
1467 1536
1468 1469
1468 1535
1468 1536
1468 1537
1469 1470
1469 1536
1469 1537
1470 1471
1470 1537
1470 1538
1471 1472
1471 1538
1472 1473
1472 1538
1472 1539
1473 1539
1474 1475
1474 1540
1474 1541
1475 1476
1475 1540
1475 1541
1475 1542
1476 1477
1476 1541
1476 1542
1476 1543
1477 1478
1477 1542
1477 1543
1477 1544
1478 1479
1478 1543
1478 1544
1478 1545
1479 1480
1479 1544
1479 1545
1479 1546
1480 1545
1480 1546
1480 1547
1481 1482
1481 1547
1481 1548
1481 1549
1482 1548
1482 1549
1482 1550
1483 1484
1483 1550
1483 1551
1484 1485
1484 1551
1484 1552
1485 1486
1485 1551
1485 1552
1485 1553
1486 1552
1486 1553
1487 1488
1487 1554
1487 1555
1488 1489
1488 1554
1488 1555
1488 1556
1489 1490
1489 1555
1489 1556
1489 1557
1490 1491
1490 1556
1490 1557
1490 1558
1491 1557
1491 1558
1491 1559
1492 1493
1492 1559
1492 1560
1493 1560
1493 1561
1494 1561
1494 1562
1494 1563
1495 1496
1495 1563
1495 1564
1495 1565
1496 1497
1496 1564
1496 1565
1496 1566
1497 1498
1497 1565
1497 1566
1497 1567
1498 1499
1498 1566
1498 1567
1498 1568
1499 1500
1499 1567
1499 1568
1500 1501
1500 1568
1500 1569
1501 1502
1501 1569
1501 1570
1502 1503
1502 1569
1502 1570
1502 1571
1503 1504
1503 1570
1503 1571
1503 1572
1504 1505
1504 1571
1504 1572
1505 1506
1505 1572
1505 1573
1506 1507
1506 1573
1506 1574
1507 1573
1507 1574
1507 1575
1508 1509
1508 1575
1508 1576
1508 1577
1509 1510
1509 1576
1509 1577
1509 1578
1510 1511
1510 1577
1510 1578
1510 1579
1511 1512
1511 1578
1511 1579
1511 1580
1512 1513
1512 1579
1512 1580
1512 1581
1513 1514
1513 1580
1513 1581
1514 1581
1514 1582
1515 1516
1515 1582
1515 1583
1515 1584
1516 1583
1516 1584
1516 1585
1517 1518
1517 1585
1518 1519
1518 1586
1519 1520
1519 1586
1520 1521
1520 1586
1521 1522
1521 1587
1522 1523
1522 1587
1522 1588
1523 1524
1523 1587
1523 1588
1523 1589
1524 1588
1524 1589
1525 1526
1525 1590
1525 1591
1526 1527
1526 1591
1526 1592
1527 1528
1527 1591
1527 1592
1527 1593
1528 1529
1528 1592
1528 1593
1528 1594
1529 1530
1529 1593
1529 1594
1529 1595
1530 1531
1530 1594
1530 1595
1530 1596
1531 1532
1531 1595
1531 1596
1531 1597
1532 1533
1532 1596
1532 1597
1532 1598
1533 1597
1533 1598
1534 1535
1534 1599
1534 1600
1535 1536
1535 1599
1535 1600
1536 1537
1536 1600
1536 1601
1537 1601
1538 1602
1538 1603
1539 1603
1539 1604
1539 1605
1540 1541
1540 1605
1540 1606
1540 1607
1541 1542
1541 1606
1541 1607
1541 1608
1542 1543
1542 1607
1542 1608
1542 1609
1543 1544
1543 1608
1543 1609
1543 1610
1544 1545
1544 1609
1544 1610
1544 1611
1545 1546
1545 1610
1545 1611
1546 1547
1546 1611
1546 1612
1547 1548
1547 1612
1547 1613
1548 1549
1548 1612
1548 1613
1548 1614
1549 1550
1549 1613
1549 1614
1549 1615
1550 1614
1550 1615
1550 1616
1551 1552
1551 1616
1551 1617
1552 1553
1552 1617
1552 1618
1553 1617
1553 1618
1554 1555
1554 1619
1554 1620
1555 1556
1555 1619
1555 1620
1555 1621
1556 1557
1556 1620
1556 1621
1556 1622
1557 1558
1557 1621
1557 1622
1558 1559
1558 1622
1558 1623
1559 1623
1559 1624
1560 1561
1560 1624
1560 1625
1561 1562
1561 1625
1562 1563
1562 1625
1562 1626
1563 1564
1563 1626
1563 1627
1564 1565
1564 1626
1564 1627
1565 1566
1565 1627
1565 1628
1566 1567
1566 1628
1566 1629
1567 1568
1567 1628
1567 1629
1567 1630
1568 1629
1568 1630
1568 1631
1569 1570
1569 1631
1570 1571
1570 1632
1571 1572
1571 1632
1571 1633
1572 1632
1572 1633
1572 1634
1573 1574
1573 1634
1573 1635
1573 1636
1574 1575
1574 1635
1574 1636
1575 1576
1575 1636
1575 1637
1576 1577
1576 1637
1576 1638
1577 1578
1577 1637
1577 1638
1577 1639
1578 1579
1578 1638
1578 1639
1578 1640
1579 1580
1579 1639
1579 1640
1580 1581
1580 1640
1580 1641
1581 1641
1582 1583
1583 1584
1583 1642
1584 1585
1584 1642
1584 1643
1585 1642
1585 1643
1585 1644
1586 1645
1586 1646
1587 1588
1587 1647
1587 1648
1587 1649
1588 1589
1588 1648
1588 1649
1588 1650
1589 1649
1589 1650
1589 1651
1590 1651
1590 1652
1590 1653
1591 1592
1591 1653
1591 1654
1591 1655
1592 1593
1592 1654
1592 1655
1592 1656
1593 1594
1593 1655
1593 1656
1594 1595
1594 1656
1595 1596
1595 1657
1596 1597
1596 1657
1596 1658
1597 1598
1597 1657
1597 1658
1597 1659
1598 1658
1598 1659
1598 1660
1599 1600
1599 1660
1599 1661
1600 1661
1601 1662
1601 1663
1602 1603
1602 1663
1602 1664
1602 1665
1603 1604
1603 1664
1603 1665
1603 1666
1604 1605
1604 1665
1604 1666
1604 1667
1605 1606
1605 1666
1605 1667
1605 1668
1606 1607
1606 1667
1606 1668
1606 1669
1607 1608
1607 1668
1607 1669
1607 1670
1608 1609
1608 1669
1608 1670
1608 1671
1609 1610
1609 1670
1609 1671
1609 1672
1610 1611
1610 1671
1610 1672
1610 1673
1611 1672
1611 1673
1612 1613
1613 1614
1614 1615
1614 1674
1615 1616
1615 1674
1615 1675
1616 1674
1616 1675
1616 1676
1617 1618
1617 1676
1617 1677
1617 1678
1618 1677
1618 1678
1619 1620
1619 1679
1619 1680
1620 1621
1620 1679
1620 1680
1620 1681
1621 1622
1621 1680
1621 1681
1621 1682
1622 1681
1622 1682
1622 1683
1623 1624
1623 1683
1623 1684
1623 1685
1624 1684
1624 1685
1624 1686
1625 1686
1625 1687
1626 1627
1626 1688
1626 1689
1627 1688
1627 1689
1627 1690
1628 1629
1628 1690
1628 1691
1629 1630
1629 1691
1630 1631
1630 1691
1630 1692
1631 1692
1631 1693
1632 1633
1632 1694
1632 1695
1632 1696
1633 1634
1633 1695
1633 1696
1634 1635
1634 1696
1634 1697
1635 1636
1635 1697
1635 1698
1636 1697
1636 1698
1636 1699
1637 1638
1637 1699
1637 1700
1637 1701
1638 1639
1638 1700
1638 1701
1638 1702
1639 1640
1639 1701
1639 1702
1639 1703
1640 1702
1640 1703
1640 1704
1641 1704
1641 1705
1641 1706
1642 1643
1642 1708
1642 1709
1643 1644
1643 1708
1643 1709
1643 1710
1644 1645
1644 1709
1644 1710
1644 1711
1645 1646
1645 1710
1645 1711
1646 1711
1646 1712
1647 1648
1647 1712
1647 1713
1647 1714
1648 1649
1648 1713
1648 1714
1648 1715
1649 1650
1649 1714
1649 1715
1649 1716
1650 1651
1650 1715
1650 1716
1650 1717
1651 1652
1651 1716
1651 1717
1652 1653
1652 1717
1652 1718
1653 1654
1653 1718
1653 1719
1654 1655
1654 1718
1654 1719
1654 1720
1655 1656
1655 1719
1655 1720
1656 1720
1657 1658
1657 1721
1657 1722
1658 1659
1658 1722
1658 1723
1659 1660
1659 1723
1659 1724
1660 1661
1660 1723
1660 1724
1661 1724
1661 1725
1662 1663
1662 1726
1663 1664
1663 1726
1664 1665
1664 1727
1665 1666
1665 1727
1665 1728
1666 1667
1666 1727
1666 1728
1666 1729
1667 1668
1667 1728
1667 1729
1667 1730
1668 1669
1668 1729
1668 1730
1668 1731
1669 1670
1669 1730
1669 1731
1669 1732
1670 1671
1670 1731
1670 1732
1670 1733
1671 1672
1671 1732
1671 1733
1671 1734
1672 1673
1672 1733
1672 1734
1672 1735
1673 1734
1673 1735
1674 1675
1674 1738
1674 1739
1675 1676
1675 1739
1675 1740
1676 1677
1676 1739
1676 1740
1676 1741
1677 1678
1677 1740
1677 1741
1677 1742
1678 1741
1678 1742
1679 1680
1679 1743
1680 1681
1680 1743
1680 1744
1681 1682
1681 1744
1681 1745
1682 1683
1682 1744
1682 1745
1682 1746
1683 1684
1683 1745
1683 1746
1683 1747
1684 1685
1684 1746
1684 1747
1684 1748
1685 1686
1685 1747
1685 1748
1685 1749
1686 1687
1686 1748
1686 1749
1686 1750
1687 1749
1687 1750
1687 1751
1688 1689
1688 1751
1688 1752
1689 1690
1689 1752
1689 1753
1690 1753
1691 1754
1691 1755
1692 1693
1692 1755
1692 1756
1693 1694
1693 1756
1693 1757
1694 1695
1694 1756
1694 1757
1695 1696
1695 1757
1695 1758
1696 1758
1697 1698
1697 1759
1697 1760
1698 1699
1698 1759
1698 1760
1698 1761
1699 1700
1699 1760
1699 1761
1699 1762
1700 1701
1700 1761
1700 1762
1700 1763
1701 1702
1701 1762
1701 1763
1701 1764
1702 1703
1702 1763
1702 1764
1702 1765
1703 1704
1703 1764
1703 1765
1703 1766
1704 1705
1704 1765
1704 1766
1704 1767
1705 1706
1705 1766
1705 1767
1705 1768
1706 1707
1706 1767
1706 1768
1706 1769
1707 1768
1707 1769
1708 1709
1708 1770
1709 1710
1709 1770
1710 1711
1710 1770
1710 1771
1711 1771
1711 1772
1712 1713
1712 1772
1712 1773
1713 1714
1713 1773
1714 1715
1714 1773
1714 1774
1715 1716
1715 1774
1715 1775
1716 1717
1716 1774
1716 1775
1716 1776
1717 1775
1717 1776
1717 1777
1718 1719
1718 1777
1718 1778
1718 1779
1719 1720
1719 1778
1719 1779
1720 1779
1720 1780
1721 1722
1721 1781
1721 1782
1722 1782
1722 1783
1723 1724
1723 1783
1723 1784
1723 1785
1724 1784
1724 1785
1724 1786
1725 1786
1725 1787
1725 1788
1726 1788
1727 1728
1727 1789
1727 1790
1727 1791
1728 1729
1728 1790
1728 1791
1728 1792
1729 1730
1729 1791
1729 1792
1729 1793
1730 1731
1730 1792
1730 1793
1731 1732
1731 1793
1732 1733
1733 1734
1734 1735
1735 1794
1736 1737
1736 1794
1736 1795
1736 1796
1737 1738
1737 1795
1737 1796
1737 1797
1738 1796
1738 1797
1738 1798
1739 1740
1739 1798
1739 1799
1739 1800
1740 1741
1740 1799
1740 1800
1740 1801
1741 1742
1741 1800
1741 1801
1741 1802
1742 1801
1742 1802
1743 1803
1744 1745
1744 1803
1744 1804
1745 1746
1745 1804
1745 1805
1746 1747
1746 1804
1746 1805
1746 1806
1747 1748
1747 1805
1747 1806
1747 1807
1748 1749
1748 1806
1748 1807
1748 1808
1749 1750
1749 1807
1749 1808
1749 1809
1750 1751
1750 1808
1750 1809
1751 1752
1751 1809
1751 1810
1752 1810
1752 1811
1753 1811
1753 1812
1753 1813
1754 1755
1754 1813
1754 1814
1754 1815
1755 1814
1755 1815
1755 1816
1756 1757
1756 1816
1756 1817
1756 1818
1757 1817
1757 1818
1757 1819
1758 1819
1758 1820
1758 1821
1759 1760
1759 1821
1759 1822
1760 1761
1760 1822
1760 1823
1761 1762
1761 1822
1761 1823
1762 1763
1762 1823
1762 1824
1763 1764
1763 1824
1763 1825
1764 1765
1764 1824
1764 1825
1764 1826
1765 1766
1765 1825
1765 1826
1765 1827
1766 1767
1766 1826
1766 1827
1766 1828
1767 1768
1767 1827
1767 1828
1767 1829
1768 1769
1768 1828
1768 1829
1769 1829
1770 1830
1770 1831
1771 1772
1771 1831
1771 1832
1771 1833
1772 1832
1772 1833
1773 1834
1773 1835
1774 1775
1774 1835
1774 1836
1774 1837
1775 1776
1775 1836
1775 1837
1775 1838
1776 1777
1776 1837
1776 1838
1777 1778
1777 1838
1777 1839
1778 1779
1778 1839
1778 1840
1779 1839
1779 1840
1779 1841
1780 1781
1780 1841
1780 1842
1781 1782
1781 1842
1782 1842
1782 1843
1783 1784
1783 1843
1783 1844
1783 1845
1784 1785
1784 1844
1784 1845
1785 1786
1785 1845
1785 1846
1786 1787
1786 1846
1786 1847
1787 1788
1787 1846
1787 1847
1787 1848
1788 1847
1788 1848
1788 1849
1789 1790
1789 1850
1790 1791
1790 1850
1790 1851
1791 1792
1791 1851
1791 1852
1792 1793
1792 1851
1792 1852
1792 1853
1793 1852
1793 1853
1794 1795
1794 1856
1794 1857
1794 1858
1795 1796
1795 1857
1795 1858
1795 1859
1796 1797
1796 1858
1796 1859
1797 1798
1797 1859
1797 1860
1798 1799
1798 1860
1798 1861
1799 1800
1799 1860
1799 1861
1799 1862
1800 1801
1800 1861
1800 1862
1800 1863
1801 1802
1801 1862
1801 1863
1801 1864
1802 1863
1802 1864
1804 1805
1804 1865
1804 1866
1805 1806
1805 1865
1805 1866
1806 1807
1806 1866
1806 1867
1807 1808
1807 1867
1807 1868
1808 1809
1808 1867
1808 1868
1808 1869
1809 1868
1809 1869
1809 1870
1810 1811
1810 1870
1810 1871
1810 1872
1811 1812
1811 1871
1811 1872
1812 1813
1812 1872
1812 1873
1813 1814
1813 1873
1813 1874
1814 1815
1814 1873
1814 1874
1814 1875
1815 1816
1815 1874
1815 1875
1815 1876
1816 1817
1816 1875
1816 1876
1817 1818
1817 1876
1817 1877
1818 1819
1818 1877
1818 1878
1819 1820
1819 1877
1819 1878
1820 1821
1820 1878
1820 1879
1821 1879
1821 1880
1822 1823
1822 1880
1822 1881
1822 1882
1823 1881
1823 1882
1823 1883
1824 1825
1824 1883
1824 1884
1824 1885
1825 1826
1825 1884
1825 1885
1825 1886
1826 1827
1826 1885
1826 1886
1826 1887
1827 1828
1827 1886
1827 1887
1827 1888
1828 1829
1828 1887
1828 1888
1828 1889
1829 1888
1829 1889
1830 1831
1830 1891
1830 1892
1830 1893
1831 1832
1831 1892
1831 1893
1832 1833
1832 1893
1832 1894
1833 1894
1833 1895
1834 1835
1834 1895
1834 1896
1834 1897
1835 1836
1835 1896
1835 1897
1835 1898
1836 1837
1836 1897
1836 1898
1836 1899
1837 1838
1837 1898
1837 1899
1837 1900
1838 1899
1838 1900
1838 1901
1839 1840
1839 1901
1839 1902
1839 1903
1840 1841
1840 1902
1840 1903
1840 1904
1841 1903
1841 1904
1841 1905
1842 1905
1842 1906
1842 1907
1843 1844
1843 1907
1843 1908
1844 1845
1844 1908
1844 1909
1845 1909
1845 1910
1846 1847
1846 1910
1846 1911
1847 1848
1847 1911
1847 1912
1848 1849
1848 1912
1848 1913
1849 1912
1849 1913
1849 1914
1850 1914
1850 1915
1850 1916
1851 1852
1851 1916
1852 1853
1852 1917
1853 1917
1853 1918
1854 1855
1854 1919
1854 1920
1855 1856
1855 1919
1855 1920
1855 1921
1856 1857
1856 1920
1856 1921
1856 1922
1857 1858
1857 1921
1857 1922
1857 1923
1858 1859
1858 1922
1858 1923
1858 1924
1859 1923
1859 1924
1859 1925
1860 1861
1860 1925
1860 1926
1860 1927
1861 1862
1861 1926
1861 1927
1861 1928
1862 1863
1862 1927
1862 1928
1862 1929
1863 1864
1863 1928
1863 1929
1863 1930
1864 1929
1864 1930
1865 1866
1865 1933
1865 1934
1866 1934
1867 1868
1867 1935
1867 1936
1868 1869
1868 1935
1868 1936
1868 1937
1869 1870
1869 1936
1869 1937
1869 1938
1870 1871
1870 1937
1870 1938
1871 1872
1871 1938
1871 1939
1872 1939
1872 1940
1873 1874
1873 1940
1873 1941
1873 1942
1874 1875
1874 1941
1874 1942
1875 1876
1875 1942
1875 1943
1876 1943
1876 1944
1877 1878
1877 1944
1877 1945
1878 1945
1878 1946
1879 1880
1879 1946
1880 1881
1880 1947
1881 1882
1881 1947
1881 1948
1882 1883
1882 1947
1882 1948
1882 1949
1883 1884
1883 1948
1883 1949
1883 1950
1884 1885
1884 1949
1884 1950
1884 1951
1885 1886
1885 1950
1885 1951
1886 1887
1886 1951
1887 1888
1887 1952
1888 1889
1888 1952
1888 1953
1889 1952
1889 1953
1889 1954
1890 1891
1890 1954
1890 1955
1890 1956
1891 1892
1891 1955
1891 1956
1891 1957
1892 1893
1892 1956
1892 1957
1892 1958
1893 1957
1893 1958
1894 1895
1894 1959
1894 1960
1895 1896
1895 1959
1895 1960
1896 1897
1896 1960
1896 1961
1897 1898
1897 1961
1897 1962
1898 1899
1898 1961
1898 1962
1898 1963
1899 1900
1899 1962
1899 1963
1899 1964
1900 1901
1900 1963
1900 1964
1900 1965
1901 1902
1901 1964
1901 1965
1901 1966
1902 1903
1902 1965
1902 1966
1903 1904
1903 1966
1903 1967
1904 1905
1904 1967
1904 1968
1905 1906
1905 1967
1905 1968
1905 1969
1906 1907
1906 1968
1906 1969
1906 1970
1907 1908
1907 1969
1907 1970
1907 1971
1908 1970
1908 1971
1908 1972
1909 1910
1909 1972
1909 1973
1909 1974
1910 1911
1910 1973
1910 1974
1911 1974
1911 1975
1912 1913
1912 1975
1912 1976
1912 1977
1913 1914
1913 1976
1913 1977
1913 1978
1914 1915
1914 1977
1914 1978
1915 1916
1915 1978
1915 1979
1916 1979
1916 1980
1917 1918
1917 1981
1917 1982
1918 1981
1918 1982
1918 1983
1919 1920
1919 1983
1919 1984
1919 1985
1920 1921
1920 1984
1920 1985
1920 1986
1921 1922
1921 1985
1921 1986
1922 1923
1922 1986
1922 1987
1923 1924
1923 1987
1923 1988
1924 1925
1924 1987
1924 1988
1924 1989
1925 1926
1925 1988
1925 1989
1925 1990
1926 1927
1926 1989
1926 1990
1926 1991
1927 1928
1927 1990
1927 1991
1927 1992
1928 1929
1928 1991
1928 1992
1929 1930
1929 1992
1929 1993
1930 1993
1931 1932
1931 1994
1931 1995
1932 1933
1932 1994
1932 1995
1932 1996
1933 1995
1933 1996
1933 1997
1934 1997
1934 1998
1934 1999
1935 1936
1935 1999
1936 1937
1937 1938
1937 2000
1938 2000
1938 2001
1939 1940
1939 2001
1939 2002
1940 1941
1940 2002
1940 2003
1941 1942
1941 2003
1941 2004
1942 2003
1942 2004
1942 2005
1943 1944
1943 2005
1943 2006
1943 2007
1944 1945
1944 2006
1944 2007
1944 2008
1945 2007
1945 2008
1945 2009
1946 2009
1946 2010
1946 2011
1947 1948
1947 2012
1947 2013
1947 2014
1948 1949
1948 2013
1948 2014
1948 2015
1949 1950
1949 2014
1949 2015
1949 2016
1950 1951
1950 2015
1950 2016
1950 2017
1951 2016
1951 2017
1951 2018
1952 1953
1952 2019
1952 2020
1952 2021
1953 1954
1953 2020
1953 2021
1953 2022
1954 1955
1954 2021
1954 2022
1954 2023
1955 1956
1955 2022
1955 2023
1956 1957
1956 2023
1956 2024
1957 1958
1957 2024
1957 2025
1958 2024
1958 2025
1958 2026
1959 1960
1959 2026
1959 2027
1959 2028
1960 2027
1960 2028
1960 2029
1961 1962
1961 2029
1961 2030
1962 1963
1962 2030
1962 2031
1963 1964
1963 2030
1963 2031
1963 2032
1964 1965
1964 2031
1964 2032
1964 2033
1965 1966
1965 2032
1965 2033
1965 2034
1966 2033
1966 2034
1966 2035
1967 1968
1967 2035
1967 2036
1967 2037
1968 1969
1968 2036
1968 2037
1968 2038
1969 1970
1969 2037
1969 2038
1969 2039
1970 1971
1970 2038
1970 2039
1970 2040
1971 1972
1971 2039
1971 2040
1971 2041
1972 1973
1972 2040
1972 2041
1973 1974
1973 2041
1973 2042
1974 2042
1975 1976
1975 2043
1976 1977
1976 2043
1976 2044
1977 1978
1977 2044
1977 2045
1978 2044
1978 2045
1978 2046
1979 1980
1979 2046
1979 2047
1979 2048
1980 2047
1980 2048
1980 2049
1981 1982
1981 2049
1981 2050
1981 2051
1982 1983
1982 2050
1982 2051
1983 1984
1983 2051
1983 2052
1984 1985
1984 2052
1984 2053
1985 1986
1985 2052
1985 2053
1985 2054
1986 2053
1986 2054
1986 2055
1987 1988
1987 2055
1987 2056
1988 1989
1988 2056
1989 1990
1989 2056
1989 2057
1990 1991
1990 2057
1990 2058
1991 1992
1991 2057
1991 2058
1991 2059
1992 2058
1992 2059
1992 2060
1993 2060
1994 1995
1994 2061
1994 2062
1995 1996
1995 2061
1995 2062
1995 2063
1996 1997
1996 2062
1996 2063
1997 1998
1997 2063
1997 2064
1998 1999
1998 2064
1998 2065
1999 2064
1999 2065
1999 2066
2000 2001
2000 2068
2000 2069
2000 2070
2001 2002
2001 2069
2001 2070
2002 2070
2002 2071
2003 2004
2003 2071
2003 2072
2003 2073
2004 2005
2004 2072
2004 2073
2004 2074
2005 2006
2005 2073
2005 2074
2005 2075
2006 2007
2006 2074
2006 2075
2006 2076
2007 2008
2007 2075
2007 2076
2007 2077
2008 2009
2008 2076
2008 2077
2009 2010
2009 2077
2009 2078
2010 2011
2010 2078
2010 2079
2011 2012
2011 2078
2011 2079
2011 2080
2012 2013
2012 2079
2012 2080
2013 2014
2013 2080
2014 2015
2015 2016
2016 2017
2017 2018
2017 2081
2018 2019
2018 2081
2018 2082
2019 2020
2019 2081
2019 2082
2019 2083
2020 2021
2020 2082
2020 2083
2020 2084
2021 2022
2021 2083
2021 2084
2021 2085
2022 2023
2022 2084
2022 2085
2022 2086
2023 2085
2023 2086
2024 2025
2024 2087
2025 2026
2025 2087
2025 2088
2026 2027
2026 2088
2026 2089
2027 2028
2027 2088
2027 2089
2027 2090
2028 2029
2028 2089
2028 2090
2028 2091
2029 2090
2029 2091
2029 2092
2030 2031
2030 2092
2030 2093
2030 2094
2031 2032
2031 2093
2031 2094
2031 2095
2032 2033
2032 2094
2032 2095
2032 2096
2033 2034
2033 2095
2033 2096
2033 2097
2034 2035
2034 2096
2034 2097
2034 2098
2035 2036
2035 2097
2035 2098
2035 2099
2036 2037
2036 2098
2036 2099
2036 2100
2037 2038
2037 2099
2037 2100
2037 2101
2038 2039
2038 2100
2038 2101
2038 2102
2039 2040
2039 2101
2039 2102
2039 2103
2040 2041
2040 2102
2040 2103
2041 2103
2041 2104
2042 2104
2042 2105
2042 2106
2043 2106
2043 2107
2043 2108
2044 2045
2044 2108
2044 2109
2044 2110
2045 2046
2045 2109
2045 2110
2045 2111
2046 2047
2046 2110
2046 2111
2046 2112
2047 2048
2047 2111
2047 2112
2047 2113
2048 2049
2048 2112
2048 2113
2048 2114
2049 2050
2049 2113
2049 2114
2049 2115
2050 2051
2050 2114
2050 2115
2051 2115
2051 2116
2052 2053
2052 2116
2052 2117
2052 2118
2053 2054
2053 2117
2053 2118
2053 2119
2054 2055
2054 2118
2054 2119
2054 2120
2055 2119
2055 2120
2055 2121
2056 2121
2056 2122
2056 2123
2057 2058
2057 2123
2057 2124
2057 2125
2058 2059
2058 2124
2058 2125
2058 2126
2059 2060
2059 2125
2059 2126
2059 2127
2060 2126
2060 2127
2060 2128
2061 2062
2061 2129
2061 2130
2062 2063
2062 2129
2062 2130
2063 2130
2064 2065
2064 2131
2064 2132
2065 2066
2065 2131
2065 2132
2065 2133
2066 2067
2066 2132
2066 2133
2066 2134
2067 2068
2067 2133
2067 2134
2067 2135
2068 2069
2068 2134
2068 2135
2068 2136
2069 2070
2069 2135
2069 2136
2069 2137
2070 2136
2070 2137
2071 2072
2071 2138
2071 2139
2072 2073
2072 2138
2072 2139
2073 2074
2073 2139
2073 2140
2074 2075
2074 2140
2074 2141
2075 2076
2075 2140
2075 2141
2075 2142
2076 2077
2076 2141
2076 2142
2076 2143
2077 2142
2077 2143
2077 2144
2078 2079
2078 2144
2078 2145
2078 2146
2079 2080
2079 2145
2079 2146
2079 2147
2080 2146
2080 2147
2080 2148
2081 2082
2081 2152
2081 2153
2081 2154
2082 2083
2082 2153
2082 2154
2083 2084
2083 2154
2083 2155
2084 2085
2084 2155
2084 2156
2085 2086
2085 2155
2085 2156
2085 2157
2086 2156
2086 2157
2086 2158
2087 2158
2087 2159
2087 2160
2088 2089
2088 2160
2088 2161
2089 2090
2089 2161
2089 2162
2090 2091
2090 2162
2091 2092
2091 2162
2092 2093
2093 2094
2094 2095
2095 2096
2095 2163
2096 2097
2096 2163
2097 2098
2097 2163
2097 2164
2098 2099
2098 2164
2098 2165
2099 2100
2099 2164
2099 2165
2100 2101
2100 2165
2100 2166
2101 2102
2101 2166
2101 2167
2102 2103
2102 2166
2102 2167
2103 2167
2103 2168
2104 2105
2104 2168
2104 2169
2105 2106
2105 2169
2105 2170
2106 2107
2106 2170
2107 2108
2107 2170
2107 2171
2108 2109
2108 2171
2108 2172
2109 2110
2109 2171
2109 2172
2109 2173
2110 2111
2110 2172
2110 2173
2110 2174
2111 2112
2111 2173
2111 2174
2111 2175
2112 2113
2112 2174
2112 2175
2112 2176
2113 2114
2113 2175
2113 2176
2114 2115
2114 2176
2114 2177
2115 2177
2115 2178
2116 2117
2116 2178
2116 2179
2116 2180
2117 2118
2117 2179
2117 2180
2117 2181
2118 2119
2118 2180
2118 2181
2119 2120
2119 2181
2119 2182
2120 2121
2120 2182
2120 2183
2121 2122
2121 2182
2121 2183
2121 2184
2122 2123
2122 2183
2122 2184
2122 2185
2123 2124
2123 2184
2123 2185
2124 2125
2124 2185
2124 2186
2125 2126
2125 2186
2125 2187
2126 2127
2126 2186
2126 2187
2126 2188
2127 2128
2127 2187
2127 2188
2127 2189
2128 2188
2128 2189
2129 2130
2129 2190
2129 2191
2130 2190
2130 2191
2130 2192
2131 2132
2131 2193
2131 2194
2131 2195
2132 2133
2132 2194
2132 2195
2133 2134
2133 2195
2133 2196
2134 2135
2134 2196
2134 2197
2135 2136
2135 2196
2135 2197
2135 2198
2136 2137
2136 2197
2136 2198
2136 2199
2137 2198
2137 2199
2137 2200
2138 2139
2138 2200
2138 2201
2138 2202
2139 2201
2139 2202
2140 2141
2140 2203
2140 2204
2141 2142
2141 2203
2141 2204
2141 2205
2142 2143
2142 2204
2142 2205
2142 2206
2143 2144
2143 2205
2143 2206
2143 2207
2144 2145
2144 2206
2144 2207
2144 2208
2145 2146
2145 2207
2145 2208
2145 2209
2146 2147
2146 2208
2146 2209
2146 2210
2147 2148
2147 2209
2147 2210
2147 2211
2148 2149
2148 2210
2148 2211
2148 2212
2149 2150
2149 2211
2149 2212
2149 2213
2150 2151
2150 2212
2150 2213
2150 2214
2151 2152
2151 2213
2151 2214
2151 2215
2152 2153
2152 2214
2152 2215
2153 2154
2153 2215
2153 2216
2154 2216
2154 2217
2155 2156
2155 2217
2155 2218
2155 2219
2156 2157
2156 2218
2156 2219
2156 2220
2157 2158
2157 2219
2157 2220
2157 2221
2158 2159
2158 2220
2158 2221
2158 2222
2159 2160
2159 2221
2159 2222
2159 2223
2160 2161
2160 2222
2160 2223
2160 2224
2161 2223
2161 2224
2163 2227
2164 2165
2164 2227
2164 2228
2165 2228
2165 2229
2166 2167
2166 2229
2166 2230
2166 2231
2167 2230
2167 2231
2167 2232
2168 2169
2168 2232
2168 2233
2168 2234
2169 2233
2169 2234
2169 2235
2170 2235
2170 2236
2170 2237
2171 2172
2171 2237
2171 2238
2171 2239
2172 2173
2172 2238
2172 2239
2172 2240
2173 2174
2173 2239
2173 2240
2173 2241
2174 2175
2174 2240
2174 2241
2175 2176
2175 2241
2175 2242
2176 2242
2176 2243
2177 2178
2177 2243
2177 2244
2178 2179
2178 2244
2178 2245
2179 2180
2179 2244
2179 2245
2179 2246
2180 2181
2180 2245
2180 2246
2180 2247
2181 2246
2181 2247
2181 2248
2182 2183
2182 2248
2182 2249
2182 2250
2183 2184
2183 2249
2183 2250
2183 2251
2184 2185
2184 2250
2184 2251
2185 2251
2186 2187
2186 2252
2187 2188
2187 2252
2187 2253
2188 2189
2188 2253
2188 2254
2189 2253
2189 2254
2190 2191
2190 2255
2191 2192
2191 2255
2191 2256
2192 2193
2192 2255
2192 2256
2192 2257
2193 2194
2193 2256
2193 2257
2194 2195
2194 2257
2194 2258
2195 2258
2195 2259
2196 2197
2196 2259
2196 2260
2197 2198
2197 2260
2197 2261
2198 2199
2198 2261
2198 2262
2199 2200
2199 2261
2199 2262
2199 2263
2200 2201
2200 2262
2200 2263
2200 2264
2201 2202
2201 2263
2201 2264
2202 2264
2202 2265
2203 2204
2203 2265
2203 2266
2204 2205
2204 2266
2204 2267
2205 2206
2205 2266
2205 2267
2206 2207
2206 2267
2206 2268
2207 2208
2207 2268
2207 2269
2208 2209
2208 2268
2208 2269
2208 2270
2209 2210
2209 2269
2209 2270
2209 2271
2210 2211
2210 2270
2210 2271
2210 2272
2211 2212
2211 2271
2211 2272
2211 2273
2212 2213
2212 2272
2212 2273
2212 2274
2213 2214
2213 2273
2213 2274
2213 2275
2214 2215
2214 2274
2214 2275
2214 2276
2215 2275
2215 2276
2215 2277
2216 2217
2216 2277
2216 2278
2217 2218
2217 2278
2217 2279
2218 2219
2218 2279
2218 2280
2219 2220
2219 2279
2219 2280
2219 2281
2220 2221
2220 2280
2220 2281
2220 2282
2221 2222
2221 2281
2221 2282
2222 2223
2222 2282
2222 2283
2223 2224
2223 2283
2223 2284
2224 2283
2224 2284
2224 2285
2225 2226
2225 2287
2225 2288
2226 2288
2227 2290
2227 2291
2227 2292
2228 2229
2228 2292
2228 2293
2228 2294
2229 2230
2229 2293
2229 2294
2229 2295
2230 2231
2230 2294
2230 2295
2230 2296
2231 2232
2231 2295
2231 2296
2231 2297
2232 2233
2232 2296
2232 2297
2232 2298
2233 2234
2233 2297
2233 2298
2233 2299
2234 2235
2234 2298
2234 2299
2234 2300
2235 2236
2235 2299
2235 2300
2235 2301
2236 2237
2236 2300
2236 2301
2236 2302
2237 2238
2237 2301
2237 2302
2237 2303
2238 2239
2238 2302
2238 2303
2238 2304
2239 2240
2239 2303
2239 2304
2239 2305
2240 2241
2240 2304
2240 2305
2240 2306
2241 2305
2241 2306
2241 2307
2242 2243
2242 2307
2242 2308
2242 2309
2243 2308
2243 2309
2243 2310
2244 2245
2244 2310
2244 2311
2244 2312
2245 2246
2245 2311
2245 2312
2245 2313
2246 2247
2246 2312
2246 2313
2246 2314
2247 2248
2247 2313
2247 2314
2247 2315
2248 2249
2248 2314
2248 2315
2248 2316
2249 2250
2249 2315
2249 2316
2249 2317
2250 2251
2250 2316
2250 2317
2250 2318
2251 2317
2251 2318
2251 2319
2252 2320
2252 2321
2252 2322
2253 2254
2253 2322
2253 2323
2254 2323
2255 2256
2255 2324
2255 2325
2255 2326
2256 2257
2256 2325
2256 2326
2256 2327
2257 2326
2257 2327
2257 2328
2258 2259
2258 2328
2258 2329
2258 2330
2259 2260
2259 2329
2259 2330
2259 2331
2260 2330
2260 2331
2260 2332
2261 2262
2261 2332
2261 2333
2262 2263
2262 2333
2262 2334
2263 2264
2263 2334
2263 2335
2264 2334
2264 2335
2264 2336
2265 2336
2265 2337
2265 2338
2266 2267
2266 2338
2266 2339
2266 2340
2267 2339
2267 2340
2267 2341
2268 2269
2268 2341
2268 2342
2269 2270
2269 2342
2269 2343
2270 2271
2270 2342
2270 2343
2270 2344
2271 2272
2271 2343
2271 2344
2272 2273
2272 2344
2272 2345
2273 2274
2273 2345
2273 2346
2274 2275
2274 2345
2274 2346
2274 2347
2275 2276
2275 2346
2275 2347
2275 2348
2276 2277
2276 2347
2276 2348
2276 2349
2277 2278
2277 2348
2277 2349
2277 2350
2278 2349
2278 2350
2278 2351
2279 2280
2279 2351
2279 2352
2279 2353
2280 2281
2280 2352
2280 2353
2280 2354
2281 2282
2281 2353
2281 2354
2281 2355
2282 2354
2282 2355
2282 2356
2283 2284
2283 2356
2283 2357
2283 2358
2284 2285
2284 2357
2284 2358
2284 2359
2285 2286
2285 2358
2285 2359
2285 2360
2286 2287
2286 2359
2286 2360
2287 2288
2287 2360
2287 2361
2288 2361
2289 2290
2289 2362
2289 2363
2290 2291
2290 2363
2290 2364
2291 2292
2291 2363
2291 2364
2291 2365
2292 2293
2292 2364
2292 2365
2292 2366
2293 2294
2293 2365
2293 2366
2294 2295
2294 2366
2294 2367
2295 2296
2295 2367
2295 2368
2296 2297
2296 2367
2296 2368
2297 2298
2297 2368
2297 2369
2298 2299
2298 2369
2298 2370
2299 2300
2299 2369
2299 2370
2299 2371
2300 2301
2300 2370
2300 2371
2300 2372
2301 2302
2301 2371
2301 2372
2302 2303
2302 2372
2302 2373
2303 2304
2303 2373
2304 2305
2304 2373
2305 2306
2305 2374
2306 2307
2306 2374
2306 2375
2307 2308
2307 2374
2307 2375
2307 2376
2308 2309
2308 2375
2308 2376
2308 2377
2309 2310
2309 2376
2309 2377
2309 2378
2310 2311
2310 2377
2310 2378
2311 2312
2311 2378
2311 2379
2312 2313
2312 2379
2312 2380
2313 2314
2313 2379
2313 2380
2313 2381
2314 2315
2314 2380
2314 2381
2314 2382
2315 2316
2315 2381
2315 2382
2315 2383
2316 2317
2316 2382
2316 2383
2317 2318
2317 2383
2318 2319
2318 2384
2319 2320
2319 2384
2319 2385
2320 2321
2320 2384
2320 2385
2320 2386
2321 2322
2321 2385
2321 2386
2321 2387
2322 2386
2322 2387
2322 2388
2323 2388
2323 2389
2324 2325
2324 2390
2325 2326
2325 2390
2326 2327
2326 2390
2326 2391
2327 2328
2327 2391
2327 2392
2328 2329
2328 2391
2328 2392
2328 2393
2329 2330
2329 2392
2329 2393
2329 2394
2330 2331
2330 2393
2330 2394
2330 2395
2331 2332
2331 2394
2331 2395
2331 2396
2332 2333
2332 2395
2332 2396
2332 2397
2333 2396
2333 2397
2334 2335
2334 2398
2334 2399
2335 2336
2335 2398
2335 2399
2335 2400
2336 2337
2336 2399
2336 2400
2336 2401
2337 2338
2337 2400
2337 2401
2337 2402
2338 2339
2338 2401
2338 2402
2338 2403
2339 2340
2339 2402
2339 2403
2340 2341
2340 2403
2340 2404
2341 2404
2341 2405
2342 2343
2342 2405
2342 2406
2342 2407
2343 2344
2343 2406
2343 2407
2343 2408
2344 2407
2344 2408
2344 2409
2345 2346
2345 2409
2345 2410
2345 2411
2346 2347
2346 2410
2346 2411
2347 2348
2347 2411
2348 2349
2348 2412
2349 2350
2349 2412
2349 2413
2350 2351
2350 2412
2350 2413
2350 2414
2351 2352
2351 2413
2351 2414
2351 2415
2352 2353
2352 2414
2352 2415
2352 2416
2353 2354
2353 2415
2353 2416
2353 2417
2354 2355
2354 2416
2354 2417
2354 2418
2355 2356
2355 2417
2355 2418
2355 2419
2356 2357
2356 2418
2356 2419
2356 2420
2357 2358
2357 2419
2357 2420
2357 2421
2358 2359
2358 2420
2358 2421
2359 2360
2359 2421
2359 2422
2360 2422
2360 2423
2361 2423
2361 2424
2361 2425
2362 2425
2362 2426
2362 2427
2363 2364
2363 2427
2363 2428
2363 2429
2364 2365
2364 2428
2364 2429
2364 2430
2365 2366
2365 2429
2365 2430
2366 2430
2366 2431
2367 2368
2367 2431
2367 2432
2367 2433
2368 2432
2368 2433
2368 2434
2369 2370
2369 2434
2369 2435
2369 2436
2370 2371
2370 2435
2370 2436
2371 2372
2371 2436
2371 2437
2372 2437
2372 2438
2373 2438
2374 2375
2374 2439
2374 2440
2374 2441
2375 2376
2375 2440
2375 2441
2375 2442
2376 2377
2376 2441
2376 2442
2376 2443
2377 2378
2377 2442
2377 2443
2377 2444
2378 2443
2378 2444
2378 2445
2379 2380
2379 2445
2379 2446
2379 2447
2380 2381
2380 2446
2380 2447
2380 2448
2381 2382
2381 2447
2381 2448
2381 2449
2382 2383
2382 2448
2382 2449
2382 2450
2383 2449
2383 2450
2384 2385
2384 2451
2384 2452
2384 2453
2385 2386
2385 2452
2385 2453
2385 2454
2386 2387
2386 2453
2386 2454
2387 2388
2387 2454
2387 2455
2388 2389
2388 2455
2388 2456
2389 2455
2389 2456
2390 2457
2390 2458
2391 2392
2391 2458
2391 2459
2391 2460
2392 2393
2392 2459
2392 2460
2392 2461
2393 2394
2393 2460
2393 2461
2393 2462
2394 2395
2394 2461
2394 2462
2394 2463
2395 2396
2395 2462
2395 2463
2395 2464
2396 2397
2396 2463
2396 2464
2396 2465
2397 2464
2397 2465
2397 2466
2398 2399
2398 2466
2398 2467
2398 2468
2399 2400
2399 2467
2399 2468
2399 2469
2400 2401
2400 2468
2400 2469
2401 2402
2401 2469
2401 2470
2402 2403
2402 2470
2402 2471
2403 2470
2403 2471
2403 2472
2404 2405
2404 2472
2404 2473
2404 2474
2405 2406
2405 2473
2405 2474
2406 2407
2406 2474
2406 2475
2407 2408
2407 2475
2407 2476
2408 2409
2408 2475
2408 2476
2409 2410
2409 2476
2409 2477
2410 2411
2410 2477
2410 2478
2411 2477
2411 2478
2411 2479
2412 2413
2412 2480
2412 2481
2413 2414
2413 2481
2413 2482
2414 2415
2414 2482
2415 2416
2415 2482
2415 2483
2416 2417
2416 2483
2416 2484
2417 2418
2417 2483
2417 2484
2417 2485
2418 2419
2418 2484
2418 2485
2418 2486
2419 2420
2419 2485
2419 2486
2419 2487
2420 2421
2420 2486
2420 2487
2420 2488
2421 2487
2421 2488
2421 2489
2422 2423
2422 2489
2422 2490
2422 2491
2423 2424
2423 2490
2423 2491
2423 2492
2424 2425
2424 2491
2424 2492
2425 2426
2425 2492
2425 2493
2426 2427
2426 2493
2426 2494
2427 2428
2427 2493
2427 2494
2427 2495
2428 2429
2428 2494
2428 2495
2428 2496
2429 2430
2429 2495
2429 2496
2430 2496
2430 2497
2431 2432
2431 2497
2431 2498
2432 2433
2432 2498
2432 2499
2433 2434
2433 2498
2433 2499
2433 2500
2434 2435
2434 2499
2434 2500
2435 2436
2435 2500
2435 2501
2436 2501
2436 2502
2437 2438
2437 2502
2437 2503
2437 2504
2438 2503
2438 2504
2438 2505
2439 2440
2439 2506
2439 2507
2439 2508
2440 2441
2440 2507
2440 2508
2440 2509
2441 2442
2441 2508
2441 2509
2441 2510
2442 2443
2442 2509
2442 2510
2442 2511
2443 2444
2443 2510
2443 2511
2443 2512
2444 2445
2444 2511
2444 2512
2444 2513
2445 2446
2445 2512
2445 2513
2445 2514
2446 2447
2446 2513
2446 2514
2446 2515
2447 2448
2447 2514
2447 2515
2447 2516
2448 2449
2448 2515
2448 2516
2448 2517
2449 2450
2449 2516
2449 2517
2449 2518
2450 2517
2450 2518
2450 2519
2451 2452
2451 2519
2451 2520
2451 2521
2452 2453
2452 2520
2452 2521
2452 2522
2453 2454
2453 2521
2453 2522
2453 2523
2454 2522
2454 2523
2454 2524
2455 2456
2455 2524
2455 2525
2455 2526
2456 2525
2456 2526
2457 2527
2457 2528
2458 2459
2458 2528
2458 2529
2458 2530
2459 2460
2459 2529
2459 2530
2459 2531
2460 2461
2460 2530
2460 2531
2460 2532
2461 2462
2461 2531
2461 2532
2461 2533
2462 2463
2462 2532
2462 2533
2462 2534
2463 2464
2463 2533
2463 2534
2463 2535
2464 2465
2464 2534
2464 2535
2464 2536
2465 2466
2465 2535
2465 2536
2465 2537
2466 2467
2466 2536
2466 2537
2466 2538
2467 2468
2467 2537
2467 2538
2467 2539
2468 2469
2468 2538
2468 2539
2469 2539
2470 2471
2470 2540
2470 2541
2471 2472
2471 2540
2471 2541
2472 2473
2472 2541
2472 2542
2473 2474
2473 2542
2473 2543
2474 2542
2474 2543
2474 2544
2475 2476
2475 2544
2475 2545
2475 2546
2476 2545
2476 2546
2476 2547
2477 2478
2477 2547
2477 2548
2478 2479
2478 2548
2478 2549
2479 2480
2479 2549
2479 2550
2480 2481
2480 2549
2480 2550
2480 2551
2481 2550
2481 2551
2481 2552
2482 2552
2482 2553
2482 2554
2483 2484
2483 2554
2483 2555
2483 2556
2484 2485
2484 2555
2484 2556
2484 2557
2485 2486
2485 2556
2485 2557
2486 2487
2486 2557
2486 2558
2487 2488
2487 2558
2487 2559
2488 2489
2488 2558
2488 2559
2488 2560
2489 2490
2489 2559
2489 2560
2489 2561
2490 2491
2490 2560
2490 2561
2490 2562
2491 2492
2491 2561
2491 2562
2492 2562
2493 2494
2493 2563
2493 2564
2494 2495
2494 2563
2494 2564
2494 2565
2495 2496
2495 2564
2495 2565
2495 2566
2496 2565
2496 2566
2496 2567
2497 2567
2497 2568
2498 2499
2498 2568
2498 2569
2499 2500
2499 2569
2500 2569
2500 2570
2501 2502
2501 2570
2501 2571
2501 2572
2502 2503
2502 2571
2502 2572
2502 2573
2503 2504
2503 2572
2503 2573
2503 2574
2504 2505
2504 2573
2504 2574
2505 2506
2505 2574
2505 2575
2506 2507
2506 2575
2506 2576
2507 2508
2507 2575
2507 2576
2508 2509
2508 2576
2508 2577
2509 2510
2509 2577
2509 2578
2510 2511
2510 2577
2510 2578
2510 2579
2511 2512
2511 2578
2511 2579
2511 2580
2512 2513
2512 2579
2512 2580
2512 2581
2513 2514
2513 2580
2513 2581
2514 2515
2514 2581
2514 2582
2515 2516
2515 2582
2515 2583
2516 2517
2516 2582
2516 2583
2517 2518
2517 2583
2517 2584
2518 2519
2518 2584
2518 2585
2519 2520
2519 2584
2519 2585
2519 2586
2520 2521
2520 2585
2520 2586
2521 2522
2521 2586
2521 2587
2522 2523
2522 2587
2522 2588
2523 2524
2523 2587
2523 2588
2523 2589
2524 2525
2524 2588
2524 2589
2524 2590
2525 2526
2525 2589
2525 2590
2525 2591
2526 2590
2526 2591
2527 2528
2527 2592
2527 2593
2528 2529
2528 2592
2528 2593
2528 2594
2529 2530
2529 2593
2529 2594
2529 2595
2530 2531
2530 2594
2530 2595
2530 2596
2531 2532
2531 2595
2531 2596
2531 2597
2532 2533
2532 2596
2532 2597
2532 2598
2533 2534
2533 2597
2533 2598
2534 2535
2534 2598
2535 2536
2535 2599
2536 2537
2536 2599
2536 2600
2537 2538
2537 2599
2537 2600
2537 2601
2538 2539
2538 2600
2538 2601
2538 2602
2539 2601
2539 2602
2539 2603
2540 2541
2540 2604
2540 2605
2541 2604
2541 2605
2541 2606
2542 2543
2542 2606
2542 2607
2542 2608
2543 2544
2543 2607
2543 2608
2544 2545
2544 2608
2544 2609
2545 2546
2545 2609
2545 2610
2546 2547
2546 2609
2546 2610
2546 2611
2547 2548
2547 2610
2547 2611
2547 2612
2548 2611
2548 2612
2548 2613
2549 2550
2549 2613
2549 2614
2550 2551
2550 2614
2551 2552
2551 2614
2551 2615
2552 2553
2552 2615
2552 2616
2553 2554
2553 2615
2553 2616
2554 2555
2554 2616
2554 2617
2555 2556
2555 2617
2555 2618
2556 2557
2556 2617
2556 2618
2557 2618
2557 2619
2558 2559
2558 2619
2558 2620
2558 2621
2559 2560
2559 2620
2559 2621
2560 2561
2560 2621
2561 2562
2561 2622
2562 2622
2562 2623
2563 2564
2563 2624
2563 2625
2564 2565
2564 2625
2564 2626
2565 2566
2565 2625
2565 2626
2565 2627
2566 2567
2566 2626
2566 2627
2566 2628
2567 2627
2567 2628
2567 2629
2568 2629
2568 2630
2568 2631
2569 2631
2569 2632
2569 2633
2570 2571
2570 2633
2570 2634
2571 2572
2571 2634
2571 2635
2572 2573
2572 2635
2572 2636
2573 2574
2573 2635
2573 2636
2573 2637
2574 2636
2574 2637
2574 2638
2575 2576
2575 2638
2575 2639
2576 2639
2576 2640
2577 2578
2577 2640
2577 2641
2577 2642
2578 2579
2578 2641
2578 2642
2579 2580
2579 2642
2579 2643
2580 2581
2580 2643
2581 2643
2581 2644
2582 2583
2582 2644
2582 2645
2583 2645
2583 2646
2584 2585
2584 2646
2584 2647
2584 2648
2585 2586
2585 2647
2585 2648
2585 2649
2586 2648
2586 2649
2587 2588
2587 2650
2588 2589
2588 2650
2589 2590
2589 2650
2589 2651
2590 2591
2590 2651
2590 2652
2591 2651
2591 2652
2592 2593
2592 2653
2592 2654
2593 2594
2593 2653
2593 2654
2593 2655
2594 2595
2594 2654
2594 2655
2594 2656
2595 2596
2595 2655
2595 2656
2596 2597
2596 2656
2596 2657
2597 2598
2597 2657
2597 2658
2598 2657
2598 2658
2598 2659
2599 2600
2599 2660
2599 2661
2600 2601
2600 2660
2600 2661
2600 2662
2601 2602
2601 2661
2601 2662
2601 2663
2602 2603
2602 2662
2602 2663
2602 2664
2603 2663
2603 2664
2603 2665
2604 2605
2604 2665
2604 2666
2605 2606
2605 2666
2605 2667
2606 2607
2606 2667
2606 2668
2607 2608
2607 2667
2607 2668
2607 2669
2608 2668
2608 2669
2608 2670
2609 2610
2609 2670
2609 2671
2610 2611
2610 2671
2610 2672
2611 2612
2611 2672
2612 2613
2612 2672
2612 2673
2613 2673
2614 2674
2615 2616
2615 2675
2616 2675
2616 2676
2617 2618
2617 2676
2617 2677
2617 2678
2618 2677
2618 2678
2619 2620
2619 2679
2619 2680
2620 2621
2620 2679
2620 2680
2620 2681
2621 2680
2621 2681
2621 2682
2622 2623
2622 2683
2622 2684
2622 2685
2623 2624
2623 2684
2623 2685
2623 2686
2624 2685
2624 2686
2624 2687
2625 2626
2625 2687
2626 2627
2626 2688
2627 2628
2627 2688
2627 2689
2628 2629
2628 2688
2628 2689
2628 2690
2629 2630
2629 2689
2629 2690
2630 2631
2630 2690
2630 2691
2631 2632
2631 2691
2631 2692
2632 2633
2632 2691
2632 2692
2632 2693
2633 2634
2633 2692
2633 2693
2633 2694
2634 2693
2634 2694
2635 2636
2635 2695
2635 2696
2636 2637
2636 2695
2636 2696
2636 2697
2637 2638
2637 2696
2637 2697
2637 2698
2638 2697
2638 2698
2638 2699
2639 2640
2639 2699
2639 2700
2639 2701
2640 2641
2640 2700
2640 2701
2640 2702
2641 2642
2641 2701
2641 2702
2641 2703
2642 2702
2642 2703
2643 2704
2643 2705
2644 2645
2644 2705
2644 2706
2645 2706
2645 2707
2646 2647
2646 2707
2647 2648
2648 2649
2648 2708
2649 2708
2649 2709
2650 2710
2650 2711
2651 2652
2651 2711
2651 2712
2651 2713
2652 2712
2652 2713
2653 2654
2653 2714
2653 2715
2654 2655
2654 2714
2654 2715
2654 2716
2655 2656
2655 2715
2655 2716
2655 2717
2656 2716
2656 2717
2656 2718
2657 2658
2657 2718
2657 2719
2657 2720
2658 2659
2658 2719
2658 2720
2659 2720
2659 2721
2660 2661
2660 2721
2660 2722
2660 2723
2661 2662
2661 2722
2661 2723
2661 2724
2662 2663
2662 2723
2662 2724
2663 2664
2663 2724
2663 2725
2664 2665
2664 2725
2664 2726
2665 2666
2665 2725
2665 2726
2665 2727
2666 2726
2666 2727
2666 2728
2667 2668
2667 2728
2667 2729
2668 2669
2668 2729
2668 2730
2669 2670
2669 2729
2669 2730
2669 2731
2670 2671
2670 2730
2670 2731
2671 2731
2671 2732
2672 2732
2672 2733
2672 2734
2673 2734
2673 2735
2673 2736
2674 2736
2676 2677
2676 2737
2677 2678
2677 2737
2677 2738
2678 2738
2678 2739
2679 2680
2679 2739
2679 2740
2679 2741
2680 2681
2680 2740
2680 2741
2680 2742
2681 2682
2681 2741
2681 2742
2681 2743
2682 2683
2682 2742
2682 2743
2682 2744
2683 2684
2683 2743
2683 2744
2684 2685
2684 2744
2684 2745
2685 2686
2685 2745
2686 2687
2686 2745
2686 2746
2687 2746
2687 2747
2688 2689
2688 2748
2688 2749
2688 2750
2689 2690
2689 2749
2689 2750
2689 2751
2690 2750
2690 2751
2690 2752
2691 2692
2691 2752
2691 2753
2692 2693
2692 2753
2693 2694
2693 2753
2693 2754
2694 2754
2695 2696
2695 2755
2696 2697
2696 2755
2696 2756
2697 2698
2697 2756
2697 2757
2698 2699
2698 2756
2698 2757
2698 2758
2699 2700
2699 2757
2699 2758
2700 2701
2700 2758
2700 2759
2701 2702
2701 2759
2702 2703
2702 2759
2702 2760
2703 2760
2703 2761
2704 2705
2704 2761
2704 2762
2705 2762
2705 2763
2706 2707
2706 2763
2706 2764
2706 2765
2707 2764
2707 2765
2707 2766
2708 2709
2708 2768
2709 2710
2709 2768
2710 2769
2711 2712
2711 2769
2711 2770
2711 2771
2712 2713
2712 2770
2712 2771
2712 2772
2713 2771
2713 2772
2714 2715
2714 2773
2715 2716
2715 2773
2716 2717
2716 2773
2716 2774
2717 2718
2717 2774
2717 2775
2718 2719
2718 2774
2718 2775
2718 2776
2719 2720
2719 2775
2719 2776
2719 2777
2720 2776
2720 2777
2720 2778
2721 2722
2721 2778
2722 2723
2722 2779
2723 2724
2723 2779
2723 2780
2724 2779
2724 2780
2724 2781
2725 2726
2725 2781
2725 2782
2725 2783
2726 2727
2726 2782
2726 2783
2726 2784
2727 2728
2727 2783
2727 2784
2727 2785
2728 2784
2728 2785
2729 2730
2729 2786
2729 2787
2730 2731
2730 2786
2730 2787
2730 2788
2731 2787
2731 2788
2731 2789
2732 2733
2732 2789
2732 2790
2733 2734
2733 2790
2733 2791
2734 2735
2734 2790
2734 2791
2735 2736
2735 2791
2735 2792
2736 2792
2736 2793
2737 2796
2737 2797
2737 2798
2738 2739
2738 2798
2738 2799
2739 2740
2739 2799
2739 2800
2740 2741
2740 2799
2740 2800
2740 2801
2741 2742
2741 2800
2741 2801
2741 2802
2742 2743
2742 2801
2742 2802
2742 2803
2743 2744
2743 2802
2743 2803
2743 2804
2744 2803
2744 2804
2744 2805
2745 2805
2745 2806
2746 2747
2746 2807
2746 2808
2747 2748
2747 2807
2747 2808
2747 2809
2748 2749
2748 2808
2748 2809
2748 2810
2749 2750
2749 2809
2749 2810
2749 2811
2750 2751
2750 2810
2750 2811
2750 2812
2751 2752
2751 2811
2751 2812
2751 2813
2752 2812
2752 2813
2753 2814
2753 2815
2754 2815
2754 2816
2754 2817
2755 2817
2755 2818
2755 2819
2756 2757
2756 2819
2756 2820
2757 2758
2757 2820
2757 2821
2758 2821
2759 2822
2760 2761
2760 2823
2760 2824
2761 2823
2761 2824
2761 2825
2762 2763
2762 2825
2762 2826
2763 2764
2763 2826
2763 2827
2764 2765
2764 2826
2764 2827
2765 2766
2765 2827
2765 2828
2766 2767
2766 2828
2766 2829
2767 2828
2767 2829
2767 2830
2768 2830
2768 2831
2768 2832
2769 2770
2769 2833
2769 2834
2769 2835
2770 2771
2770 2834
2770 2835
2770 2836
2771 2772
2771 2835
2771 2836
2772 2836
2773 2837
2773 2838
2774 2775
2774 2839
2774 2840
2775 2776
2775 2839
2775 2840
2775 2841
2776 2777
2776 2840
2776 2841
2776 2842
2777 2778
2777 2841
2777 2842
2777 2843
2778 2842
2778 2843
2778 2844
2779 2780
2779 2845
2780 2781
2780 2845
2780 2846
2781 2782
2781 2845
2781 2846
2781 2847
2782 2783
2782 2846
2782 2847
2782 2848
2783 2784
2783 2847
2783 2848
2784 2785
2784 2848
2784 2849
2785 2849
2785 2850
2786 2787
2786 2850
2786 2851
2786 2852
2787 2788
2787 2851
2787 2852
2787 2853
2788 2789
2788 2852
2788 2853
2789 2853
2789 2854
2790 2791
2790 2854
2790 2855
2791 2855
2791 2856
2792 2793
2792 2856
2792 2857
2792 2858
2793 2794
2793 2857
2793 2858
2793 2859
2794 2795
2794 2858
2794 2859
2794 2860
2795 2796
2795 2859
2795 2860
2795 2861
2796 2797
2796 2860
2796 2861
2797 2798
2797 2861
2797 2862
2798 2862
2798 2863
2799 2800
2799 2863
2799 2864
2800 2801
2800 2864
2800 2865
2801 2802
2801 2864
2801 2865
2801 2866
2802 2803
2802 2865
2802 2866
2802 2867
2803 2804
2803 2866
2803 2867
2804 2805
2804 2867
2804 2868
2805 2806
2805 2868
2805 2869
2806 2868
2806 2869
2807 2808
2807 2870
2808 2809
2808 2870
2809 2810
2809 2870
2810 2811
2810 2871
2811 2812
2811 2871
2811 2872
2812 2813
2812 2871
2812 2872
2812 2873
2813 2872
2813 2873
2814 2815
2814 2874
2814 2875
2815 2816
2815 2874
2815 2875
2815 2876
2816 2817
2816 2875
2816 2876
2816 2877
2817 2818
2817 2876
2817 2877
2818 2819
2818 2877
2818 2878
2819 2820
2819 2878
2819 2879
2820 2878
2820 2879
2820 2880
2821 2880
2821 2881
2822 2881
2822 2882
2822 2883
2823 2824
2823 2883
2823 2884
2823 2885
2824 2825
2824 2884
2824 2885
2824 2886
2825 2885
2825 2886
2825 2887
2826 2827
2826 2887
2826 2888
2826 2889
2827 2888
2827 2889
2827 2890
2828 2829
2828 2890
2828 2891
2828 2892
2829 2830
2829 2891
2829 2892
2829 2893
2830 2831
2830 2892
2830 2893
2830 2894
2831 2832
2831 2893
2831 2894
2831 2895
2832 2833
2832 2894
2832 2895
2832 2896
2833 2834
2833 2895
2833 2896
2833 2897
2834 2835
2834 2896
2834 2897
2835 2836
2835 2897
2836 2898
2837 2838
2837 2899
2838 2899
2839 2840
2839 2900
2840 2841
2840 2900
2840 2901
2841 2842
2841 2900
2841 2901
2841 2902
2842 2843
2842 2901
2842 2902
2843 2844
2843 2902
2844 2903
2845 2846
2845 2904
2845 2905
2845 2906
2846 2847
2846 2905
2846 2906
2847 2848
2847 2906
2847 2907
2848 2907
2848 2908
2849 2850
2849 2908
2849 2909
2849 2910
2850 2851
2850 2909
2850 2910
2850 2911
2851 2852
2851 2910
2851 2911
2851 2912
2852 2853
2852 2911
2852 2912
2852 2913
2853 2912
2853 2913
2853 2914
2854 2855
2854 2914
2854 2915
2854 2916
2855 2915
2855 2916
2855 2917
2856 2857
2856 2917
2856 2918
2856 2919
2857 2858
2857 2918
2857 2919
2857 2920
2858 2859
2858 2919
2858 2920
2858 2921
2859 2860
2859 2920
2859 2921
2859 2922
2860 2861
2860 2921
2860 2922
2860 2923
2861 2922
2861 2923
2861 2924
2862 2863
2862 2924
2862 2925
2863 2925
2863 2926
2864 2865
2864 2926
2864 2927
2864 2928
2865 2866
2865 2927
2865 2928
2865 2929
2866 2867
2866 2928
2866 2929
2866 2930
2867 2929
2867 2930
2867 2931
2868 2869
2868 2931
2868 2932
2868 2933
2869 2932
2869 2933
2869 2934
2870 2935
2870 2936
2871 2872
2871 2937
2871 2938
2871 2939
2872 2873
2872 2938
2872 2939
2873 2939
2873 2940
2874 2875
2874 2940
2874 2941
2874 2942
2875 2876
2875 2941
2875 2942
2875 2943
2876 2877
2876 2942
2876 2943
2876 2944
2877 2943
2877 2944
2877 2945
2878 2879
2878 2945
2878 2946
2879 2880
2879 2946
2879 2947
2880 2947
2881 2882
2881 2948
2882 2883
2882 2948
2882 2949
2883 2884
2883 2949
2883 2950
2884 2885
2884 2949
2884 2950
2884 2951
2885 2886
2885 2950
2885 2951
2885 2952
2886 2887
2886 2951
2886 2952
2886 2953
2887 2888
2887 2952
2887 2953
2887 2954
2888 2889
2888 2953
2888 2954
2889 2890
2889 2954
2890 2891
2890 2955
2891 2892
2891 2955
2891 2956
2892 2893
2892 2955
2892 2956
2892 2957
2893 2894
2893 2956
2893 2957
2893 2958
2894 2895
2894 2957
2894 2958
2895 2896
2895 2958
2896 2897
2896 2959
2897 2959
2897 2960
2898 2961
2899 2962
2899 2963
2900 2901
2900 2965
2900 2966
2900 2967
2901 2902
2901 2966
2901 2967
2901 2968
2902 2967
2902 2968
2902 2969
2903 2904
2903 2970
2903 2971
2903 2972
2904 2905
2904 2971
2904 2972
2904 2973
2905 2906
2905 2972
2905 2973
2905 2974
2906 2973
2906 2974
2906 2975
2907 2908
2907 2975
2907 2976
2907 2977
2908 2909
2908 2976
2908 2977
2908 2978
2909 2910
2909 2977
2909 2978
2909 2979
2910 2911
2910 2978
2910 2979
2911 2912
2911 2979
2911 2980
2912 2913
2912 2980
2912 2981
2913 2914
2913 2980
2913 2981
2914 2915
2914 2981
2914 2982
2915 2916
2915 2982
2915 2983
2916 2917
2916 2982
2916 2983
2917 2918
2917 2983
2917 2984
2918 2919
2918 2984
2918 2985
2919 2920
2919 2984
2919 2985
2919 2986
2920 2921
2920 2985
2920 2986
2920 2987
2921 2922
2921 2986
2921 2987
2921 2988
2922 2923
2922 2987
2922 2988
2922 2989
2923 2924
2923 2988
2923 2989
2924 2925
2924 2989
2924 2990
2925 2990
2925 2991
2926 2927
2926 2991
2926 2992
2926 2993
2927 2928
2927 2992
2927 2993
2927 2994
2928 2929
2928 2993
2928 2994
2928 2995
2929 2930
2929 2994
2929 2995
2929 2996
2930 2931
2930 2995
2930 2996
2930 2997
2931 2932
2931 2996
2931 2997
2931 2998
2932 2933
2932 2997
2932 2998
2932 2999
2933 2934
2933 2998
2933 2999
2934 2935
2934 2999
2935 2936
2935 3000
2936 3000
2936 3001
2937 2938
2937 3001
2937 3002
2937 3003
2938 2939
2938 3002
2938 3003
2939 3003
2939 3004
2940 2941
2940 3004
2940 3005
2941 2942
2941 3005
2942 2943
2942 3006
2943 2944
2943 3006
2943 3007
2944 2945
2944 3006
2944 3007
2944 3008
2945 2946
2945 3007
2945 3008
2945 3009
2946 3008
2946 3009
2946 3010
2947 3010
2947 3011
2947 3012
2948 3012
2948 3013
2948 3014
2949 2950
2949 3014
2949 3015
2949 3016
2950 2951
2950 3015
2950 3016
2950 3017
2951 2952
2951 3016
2951 3017
2952 2953
2952 3017
2952 3018
2953 2954
2953 3018
2954 3018
2954 3019
2955 2956
2955 3020
2955 3021
2955 3022
2956 2957
2956 3021
2956 3022
2956 3023
2957 2958
2957 3022
2957 3023
2957 3024
2958 3023
2958 3024
2958 3025
2959 2960
2959 3026
2959 3027
2960 3027
2960 3028
2961 3028
2962 2963
2963 2964
2963 3029
2964 2965
2964 3029
2964 3030
2965 2966
2965 3029
2965 3030
2965 3031
2966 2967
2966 3030
2966 3031
2966 3032
2967 2968
2967 3031
2967 3032
2967 3033
2968 2969
2968 3032
2968 3033
2969 2970
2969 3033
2969 3034
2970 2971
2970 3034
2971 2972
2971 3034
2971 3035
2972 2973
2972 3035
2972 3036
2973 2974
2973 3035
2973 3036
2973 3037
2974 2975
2974 3036
2974 3037
2974 3038
2975 2976
2975 3037
2975 3038
2975 3039
2976 2977
2976 3038
2976 3039
2976 3040
2977 2978
2977 3039
2977 3040
2977 3041
2978 2979
2978 3040
2978 3041
2978 3042
2979 3041
2979 3042
2980 2981
2980 3043
2981 3043
2982 2983
2982 3044
2982 3045
2983 3044
2983 3045
2983 3046
2984 2985
2984 3046
2984 3047
2984 3048
2985 2986
2985 3047
2985 3048
2985 3049
2986 2987
2986 3048
2986 3049
2986 3050
2987 2988
2987 3049
2987 3050
2987 3051
2988 2989
2988 3050
2988 3051
2988 3052
2989 3051
2989 3052
2989 3053
2990 2991
2990 3053
2990 3054
2991 2992
2991 3054
2991 3055
2992 2993
2992 3054
2992 3055
2992 3056
2993 2994
2993 3055
2993 3056
2993 3057
2994 2995
2994 3056
2994 3057
2994 3058
2995 2996
2995 3057
2995 3058
2996 2997
2996 3058
2996 3059
2997 2998
2997 3059
2997 3060
2998 2999
2998 3059
2998 3060
2999 3060
2999 3061
3000 3001
3000 3062
3000 3063
3001 3002
3001 3063
3001 3064
3002 3003
3002 3063
3002 3064
3002 3065
3003 3064
3003 3065
3003 3066
3004 3005
3004 3066
3004 3067
3004 3068
3005 3067
3005 3068
3005 3069
3006 3007
3006 3070
3006 3071
3006 3072
3007 3008
3007 3071
3007 3072
3007 3073
3008 3009
3008 3072
3008 3073
3008 3074
3009 3010
3009 3073
3009 3074
3009 3075
3010 3011
3010 3074
3010 3075
3011 3012
3011 3075
3011 3076
3012 3013
3012 3076
3012 3077
3013 3014
3013 3076
3013 3077
3014 3015
3014 3077
3014 3078
3015 3016
3015 3078
3015 3079
3016 3017
3016 3078
3016 3079
3017 3079
3018 3080
3018 3081
3019 3020
3019 3081
3019 3082
3020 3021
3020 3082
3020 3083
3021 3022
3021 3082
3021 3083
3021 3084
3022 3023
3022 3083
3022 3084
3022 3085
3023 3024
3023 3084
3023 3085
3023 3086
3024 3025
3024 3085
3024 3086
3024 3087
3025 3026
3025 3086
3025 3087
3025 3088
3026 3087
3026 3088
3026 3089
3027 3028
3027 3089
3027 3090
3027 3091
3028 3090
3028 3091
3028 3092
3029 3030
3029 3094
3029 3095
3030 3031
3030 3095
3031 3032
3031 3096
3032 3033
3032 3096
3033 3096
3033 3097
3034 3097
3034 3098
3034 3099
3035 3036
3035 3099
3035 3100
3035 3101
3036 3037
3036 3100
3036 3101
3036 3102
3037 3038
3037 3101
3037 3102
3037 3103
3038 3039
3038 3102
3038 3103
3039 3040
3039 3103
3039 3104
3040 3041
3040 3104
3040 3105
3041 3042
3041 3104
3041 3105
3042 3105
3042 3106
3043 3107
3043 3108
3043 3109
3044 3045
3044 3109
3044 3110
3044 3111
3045 3046
3045 3110
3045 3111
3045 3112
3046 3047
3046 3111
3046 3112
3046 3113
3047 3048
3047 3112
3047 3113
3047 3114
3048 3049
3048 3113
3048 3114
3048 3115
3049 3050
3049 3114
3049 3115
3049 3116
3050 3051
3050 3115
3050 3116
3050 3117
3051 3052
3051 3116
3051 3117
3052 3053
3052 3117
3052 3118
3053 3118
3053 3119
3054 3055
3054 3119
3054 3120
3055 3056
3055 3120
3055 3121
3056 3057
3056 3120
3056 3121
3056 3122
3057 3058
3057 3121
3057 3122
3057 3123
3058 3122
3058 3123
3058 3124
3059 3060
3059 3124
3059 3125
3059 3126
3060 3125
3060 3126
3060 3127
3061 3062
3061 3127
3061 3128
3061 3129
3062 3128
3062 3129
3062 3130
3063 3064
3063 3130
3063 3131
3063 3132
3064 3065
3064 3131
3064 3132
3064 3133
3065 3066
3065 3132
3065 3133
3065 3134
3066 3067
3066 3133
3066 3134
3066 3135
3067 3068
3067 3134
3067 3135
3068 3069
3068 3135
3068 3136
3069 3070
3069 3136
3069 3137
3070 3071
3070 3136
3070 3137
3070 3138
3071 3072
3071 3137
3071 3138
3071 3139
3072 3073
3072 3138
3072 3139
3072 3140
3073 3074
3073 3139
3073 3140
3073 3141
3074 3075
3074 3140
3074 3141
3075 3141
3075 3142
3076 3077
3076 3142
3076 3143
3077 3143
3077 3144
3078 3079
3078 3144
3078 3145
3078 3146
3079 3145
3079 3146
3079 3147
3080 3081
3080 3148
3080 3149
3081 3149
3081 3150
3082 3083
3082 3150
3082 3151
3083 3084
3083 3151
3083 3152
3084 3085
3084 3152
3084 3153
3085 3086
3085 3152
3085 3153
3085 3154
3086 3087
3086 3153
3086 3154
3086 3155
3087 3088
3087 3154
3087 3155
3087 3156
3088 3089
3088 3155
3088 3156
3088 3157
3089 3090
3089 3156
3089 3157
3089 3158
3090 3091
3090 3157
3090 3158
3090 3159
3091 3092
3091 3158
3091 3159
3091 3160
3092 3159
3092 3160
3093 3094
3093 3161
3093 3162
3094 3095
3094 3161
3094 3162
3094 3163
3095 3162
3095 3163
3095 3164
3096 3165
3097 3098
3097 3166
3097 3167
3098 3099
3098 3166
3098 3167
3098 3168
3099 3100
3099 3167
3099 3168
3099 3169
3100 3101
3100 3168
3100 3169
3100 3170
3101 3102
3101 3169
3101 3170
3101 3171
3102 3103
3102 3170
3102 3171
3103 3171
3103 3172
3104 3105
3104 3172
3104 3173
3104 3174
3105 3173
3105 3174
3105 3175
3106 3107
3106 3175
3106 3176
3107 3108
3107 3176
3108 3109
3108 3176
3108 3177
3109 3110
3109 3177
3109 3178
3110 3111
3110 3177
3110 3178
3111 3112
3111 3178
3112 3113
3112 3179
3113 3114
3113 3179
3113 3180
3114 3115
3114 3179
3114 3180
3114 3181
3115 3116
3115 3180
3115 3181
3115 3182
3116 3117
3116 3181
3116 3182
3117 3182
3117 3183
3118 3119
3118 3183
3118 3184
3118 3185
3119 3184
3119 3185
3119 3186
3120 3121
3120 3186
3120 3187
3120 3188
3121 3122
3121 3187
3121 3188
3122 3123
3122 3188
3122 3189
3123 3124
3123 3189
3123 3190
3124 3125
3124 3189
3124 3190
3124 3191
3125 3126
3125 3190
3125 3191
3125 3192
3126 3127
3126 3191
3126 3192
3126 3193
3127 3128
3127 3192
3127 3193
3127 3194
3128 3129
3128 3193
3128 3194
3128 3195
3129 3130
3129 3194
3129 3195
3129 3196
3130 3131
3130 3195
3130 3196
3130 3197
3131 3132
3131 3196
3131 3197
3131 3198
3132 3133
3132 3197
3132 3198
3133 3134
3133 3198
3134 3135
3135 3199
3136 3137
3136 3199
3136 3200
3136 3201
3137 3138
3137 3200
3137 3201
3137 3202
3138 3139
3138 3201
3138 3202
3139 3140
3139 3202
3139 3203
3140 3141
3140 3203
3140 3204
3141 3203
3141 3204
3141 3205
3142 3205
3142 3206
3143 3144
3143 3206
3143 3207
3144 3145
3144 3207
3145 3146
3145 3207
3145 3208
3146 3147
3146 3208
3146 3209
3147 3148
3147 3208
3147 3209
3147 3210
3148 3149
3148 3209
3148 3210
3149 3210
3149 3211
3150 3151
3150 3211
3150 3212
3150 3213
3151 3212
3151 3213
3151 3214
3152 3153
3152 3214
3152 3215
3152 3216
3153 3154
3153 3215
3153 3216
3154 3155
3154 3216
3154 3217
3155 3156
3155 3217
3155 3218
3156 3157
3156 3217
3156 3218
3157 3158
3157 3218
3157 3219
3158 3159
3158 3219
3159 3160
3159 3219
3159 3220
3160 3220
3161 3162
3161 3221
3162 3163
3162 3221
3163 3164
3164 3165
3164 3222
3165 3222
3165 3223
3166 3167
3166 3224
3167 3168
3167 3224
3167 3225
3168 3169
3168 3224
3168 3225
3168 3226
3169 3170
3169 3225
3169 3226
3170 3171
3170 3226
3170 3227
3171 3227
3171 3228
3172 3173
3172 3228
3172 3229
3172 3230
3173 3174
3173 3229
3173 3230
3174 3175
3174 3230
3174 3231
3175 3231
3176 3232
3177 3178
3177 3233
3178 3233
3179 3180
3179 3234
3179 3235
3179 3236
3180 3181
3180 3235
3180 3236
3180 3237
3181 3182
3181 3236
3181 3237
3181 3238
3182 3237
3182 3238
3182 3239
3183 3184
3183 3239
3183 3240
3183 3241
3184 3185
3184 3240
3184 3241
3184 3242
3185 3186
3185 3241
3185 3242
3185 3243
3186 3187
3186 3242
3186 3243
3186 3244
3187 3188
3187 3243
3187 3244
3188 3244
3188 3245
3189 3190
3189 3245
3189 3246
3189 3247
3190 3191
3190 3246
3190 3247
3190 3248
3191 3192
3191 3247
3191 3248
3191 3249
3192 3193
3192 3248
3192 3249
3192 3250
3193 3194
3193 3249
3193 3250
3193 3251
3194 3195
3194 3250
3194 3251
3195 3196
3195 3251
3195 3252
3196 3197
3196 3252
3196 3253
3197 3198
3197 3252
3197 3253
3197 3254
3198 3253
3198 3254
3198 3255
3199 3200
3199 3256
3199 3257
3199 3258
3200 3201
3200 3257
3200 3258
3201 3202
3201 3258
3202 3259
3203 3204
3203 3259
3203 3260
3203 3261
3204 3205
3204 3260
3204 3261
3204 3262
3205 3261
3205 3262
3206 3263
3206 3264
3207 3264
3207 3265
3207 3266
3208 3209
3208 3266
3208 3267
3208 3268
3209 3210
3209 3267
3209 3268
3210 3268
3210 3269
3211 3212
3211 3269
3211 3270
3211 3271
3212 3213
3212 3270
3212 3271
3212 3272
3213 3214
3213 3271
3213 3272
3213 3273
3214 3215
3214 3272
3214 3273
3214 3274
3215 3216
3215 3273
3215 3274
3216 3274
3216 3275
3217 3218
3217 3275
3217 3276
3217 3277
3218 3276
3218 3277
3218 3278
3219 3278
3219 3279
3220 3279
3221 3280
3221 3281
3222 3223
3222 3283
3223 3283
3223 3284
3224 3225
3224 3285
3224 3286
3224 3287
3225 3226
3225 3286
3225 3287
3225 3288
3226 3287
3226 3288
3227 3228
3227 3289
3228 3229
3228 3289
3228 3290
3229 3230
3229 3289
3229 3290
3229 3291
3230 3290
3230 3291
3230 3292
3231 3292
3232 3293
3232 3294
3233 3294
3233 3295
3234 3235
3234 3296
3235 3236
3235 3296
3235 3297
3236 3237
3236 3296
3236 3297
3236 3298
3237 3238
3237 3297
3237 3298
3238 3239
3238 3298
3238 3299
3239 3240
3239 3299
3240 3241
3240 3299
3240 3300
3241 3242
3241 3300
3241 3301
3242 3243
3242 3300
3242 3301
3242 3302
3243 3244
3243 3301
3243 3302
3244 3302
3244 3303
3245 3246
3245 3303
3245 3304
3245 3305
3246 3247
3246 3304
3246 3305
3247 3248
3247 3305
3247 3306
3248 3249
3248 3306
3248 3307
3249 3250
3249 3306
3249 3307
3249 3308
3250 3251
3250 3307
3250 3308
3250 3309
3251 3308
3251 3309
3251 3310
3252 3253
3252 3310
3252 3311
3252 3312
3253 3254
3253 3311
3253 3312
3253 3313
3254 3255
3254 3312
3254 3313
3254 3314
3255 3313
3255 3314
3256 3257
3256 3315
3256 3316
3257 3258
3257 3315
3257 3316
3257 3317
3258 3316
3258 3317
3259 3260
3259 3318
3259 3319
3260 3261
3260 3319
3260 3320
3261 3262
3261 3319
3261 3320
3261 3321
3262 3320
3262 3321
3262 3322
3263 3264
3263 3322
3263 3323
3264 3265
3264 3323
3264 3324
3265 3266
3265 3324
3265 3325
3266 3267
3266 3324
3266 3325
3266 3326
3267 3268
3267 3325
3267 3326
3268 3326
3269 3270
3269 3327
3269 3328
3270 3271
3270 3327
3270 3328
3270 3329
3271 3272
3271 3328
3271 3329
3272 3273
3272 3329
3272 3330
3273 3274
3273 3330
3273 3331
3274 3330
3274 3331
3274 3332
3275 3276
3275 3332
3275 3333
3275 3334
3276 3277
3276 3333
3276 3334
3276 3335
3277 3278
3277 3334
3277 3335
3277 3336
3278 3335
3278 3336
3278 3337
3279 3337
3279 3338
3280 3281
3280 3339
3280 3340
3281 3282
3281 3339
3281 3340
3282 3340
3282 3341
3283 3284
3283 3342
3284 3285
3284 3342
3284 3343
3285 3286
3285 3343
3285 3344
3286 3287
3286 3343
3286 3344
3286 3345
3287 3288
3287 3344
3287 3345
3288 3345
3289 3290
3289 3346
3289 3347
3290 3291
3290 3346
3290 3347
3290 3348
3291 3292
3291 3347
3291 3348
3291 3349
3292 3348
3292 3349
3292 3350
3293 3294
3293 3351
3293 3352
3293 3353
3294 3295
3294 3352
3294 3353
3295 3353
3295 3354
3296 3297
3296 3356
3296 3357
3296 3358
3297 3298
3297 3357
3297 3358
3297 3359
3298 3358
3298 3359
3299 3360
3300 3301
3300 3360
3300 3361
3300 3362
3301 3302
3301 3361
3301 3362
3301 3363
3302 3362
3302 3363
3302 3364
3303 3304
3303 3364
3303 3365
3303 3366
3304 3305
3304 3365
3304 3366
3304 3367
3305 3366
3305 3367
3305 3368
3306 3307
3306 3368
3306 3369
3307 3308
3307 3369
3308 3309
3308 3369
3309 3310
3309 3370
3310 3311
3310 3370
3310 3371
3311 3312
3311 3370
3311 3371
3311 3372
3312 3313
3312 3371
3312 3372
3313 3314
3313 3372
3313 3373
3314 3373
3314 3374
3315 3316
3315 3374
3315 3375
3316 3317
3316 3375
3316 3376
3317 3376
3317 3377
3318 3377
3318 3378
3318 3379
3319 3320
3319 3379
3319 3380
3319 3381
3320 3321
3320 3380
3320 3381
3320 3382
3321 3322
3321 3381
3321 3382
3321 3383
3322 3323
3322 3382
3322 3383
3322 3384
3323 3383
3323 3384
3324 3325
3324 3385
3325 3326
3325 3385
3325 3386
3326 3385
3326 3386
3327 3328
3327 3387
3327 3388
3327 3389
3328 3329
3328 3388
3328 3389
3328 3390
3329 3389
3329 3390
3330 3331
3330 3391
3331 3332
3331 3391
3331 3392
3332 3333
3332 3391
3332 3392
3332 3393
3333 3334
3333 3392
3333 3393
3333 3394
3334 3335
3334 3393
3334 3394
3334 3395
3335 3336
3335 3394
3335 3395
3336 3337
3336 3395
3337 3338
3337 3396
3338 3396
3339 3340
3339 3397
3340 3397
3340 3398
3341 3398
3341 3399
3341 3400
3342 3400
3342 3401
3343 3344
3343 3402
3343 3403
3344 3345
3344 3402
3344 3403
3344 3404
3345 3403
3345 3404
3345 3405
3346 3347
3346 3407
3346 3408
3346 3409
3347 3348
3347 3408
3347 3409
3347 3410
3348 3349
3348 3409
3348 3410
3348 3411
3349 3350
3349 3410
3349 3411
3349 3412
3350 3351
3350 3411
3350 3412
3350 3413
3351 3352
3351 3412
3351 3413
3351 3414
3352 3353
3352 3413
3352 3414
3352 3415
3353 3414
3353 3415
3353 3416
3354 3355
3354 3416
3354 3417
3354 3418
3355 3356
3355 3417
3355 3418
3355 3419
3356 3357
3356 3418
3356 3419
3356 3420
3357 3358
3357 3419
3357 3420
3357 3421
3358 3359
3358 3420
3358 3421
3358 3422
3359 3421
3359 3422
3359 3423
3360 3361
3360 3424
3360 3425
3360 3426
3361 3362
3361 3425
3361 3426
3361 3427
3362 3363
3362 3426
3362 3427
3362 3428
3363 3364
3363 3427
3363 3428
3363 3429
3364 3365
3364 3428
3364 3429
3364 3430
3365 3366
3365 3429
3365 3430
3365 3431
3366 3367
3366 3430
3366 3431
3366 3432
3367 3368
3367 3431
3367 3432
3367 3433
3368 3432
3368 3433
3368 3434
3369 3434
3369 3435
3370 3371
3370 3436
3370 3437
3370 3438
3371 3372
3371 3437
3371 3438
3371 3439
3372 3438
3372 3439
3372 3440
3373 3374
3373 3440
3373 3441
3373 3442
3374 3375
3374 3441
3374 3442
3374 3443
3375 3442
3375 3443
3375 3444
3376 3377
3376 3444
3376 3445
3376 3446
3377 3378
3377 3445
3377 3446
3377 3447
3378 3379
3378 3446
3378 3447
3379 3380
3379 3447
3379 3448
3380 3381
3380 3448
3381 3382
3381 3448
3381 3449
3382 3383
3382 3449
3382 3450
3383 3384
3383 3449
3383 3450
3383 3451
3384 3450
3384 3451
3384 3452
3385 3386
3385 3453
3385 3454
3386 3453
3386 3454
3387 3388
3387 3455
3388 3389
3388 3455
3388 3456
3389 3390
3389 3456
3389 3457
3390 3456
3390 3457
3390 3458
3391 3392
3391 3459
3391 3460
3392 3393
3392 3460
3393 3394
3393 3460
3393 3461
3394 3395
3394 3461
3394 3462
3395 3461
3395 3462
3395 3463
3396 3464
3396 3465
3397 3466
3398 3399
3398 3467
3398 3468
3399 3400
3399 3467
3399 3468
3400 3401
3400 3468
3400 3469
3401 3469
3401 3470
3402 3403
3402 3470
3403 3404
3404 3405
3404 3471
3405 3406
3405 3471
3405 3472
3406 3407
3406 3471
3406 3472
3406 3473
3407 3408
3407 3472
3407 3473
3407 3474
3408 3409
3408 3473
3408 3474
3408 3475
3409 3410
3409 3474
3409 3475
3409 3476
3410 3411
3410 3475
3410 3476
3411 3412
3411 3476
3411 3477
3412 3413
3412 3477
3412 3478
3413 3414
3413 3477
3413 3478
3414 3415
3414 3478
3414 3479
3415 3416
3415 3479
3416 3417
3416 3479
3416 3480
3417 3418
3417 3480
3417 3481
3418 3419
3418 3480
3418 3481
3418 3482
3419 3420
3419 3481
3419 3482
3419 3483
3420 3421
3420 3482
3420 3483
3420 3484
3421 3422
3421 3483
3421 3484
3421 3485
3422 3423
3422 3484
3422 3485
3422 3486
3423 3424
3423 3485
3423 3486
3423 3487
3424 3425
3424 3486
3424 3487
3424 3488
3425 3426
3425 3487
3425 3488
3426 3427
3426 3488
3426 3489
3427 3428
3427 3489
3428 3429
3428 3489
3428 3490
3429 3430
3429 3490
3430 3431
3430 3490
3430 3491
3431 3432
3431 3491
3431 3492
3432 3433
3432 3491
3432 3492
3432 3493
3433 3434
3433 3492
3433 3493
3433 3494
3434 3435
3434 3493
3434 3494
3434 3495
3435 3494
3435 3495
3435 3496
3436 3437
3436 3496
3436 3497
3436 3498
3437 3438
3437 3497
3437 3498
3437 3499
3438 3439
3438 3498
3438 3499
3438 3500
3439 3440
3439 3499
3439 3500
3439 3501
3440 3441
3440 3500
3440 3501
3441 3442
3441 3501
3441 3502
3442 3443
3442 3502
3442 3503
3443 3444
3443 3502
3443 3503
3444 3445
3444 3503
3444 3504
3445 3446
3445 3504
3446 3447
3446 3504
3447 3505
3448 3505
3448 3506
3449 3450
3449 3507
3449 3508
3450 3451
3450 3507
3450 3508
3450 3509
3451 3452
3451 3508
3451 3509
3451 3510
3452 3509
3452 3510
3453 3454
3453 3511
3453 3512
3454 3511
3454 3512
3454 3513
3455 3513
3455 3514
3456 3457
3456 3514
3456 3515
3457 3458
3457 3515
3457 3516
3458 3459
3458 3515
3458 3516
3459 3516
3459 3517
3460 3517
3460 3518
3460 3519
3461 3462
3461 3519
3461 3520
3462 3463
3462 3520
3462 3521
3463 3464
3463 3521
3463 3522
3464 3521
3464 3522
3465 3523
3466 3524
3466 3525
3467 3468
3467 3525
3467 3526
3468 3526
3468 3527
3469 3470
3469 3527
3469 3528
3469 3529
3470 3528
3470 3529
3470 3530
3471 3472
3471 3532
3471 3533
3471 3534
3472 3473
3472 3533
3472 3534
3473 3474
3473 3534
3474 3475
3474 3535
3475 3476
3475 3535
3476 3535
3477 3478
3477 3536
3477 3537
3478 3536
3478 3537
3478 3538
3479 3538
3479 3539
3479 3540
3480 3481
3480 3540
3480 3541
3480 3542
3481 3482
3481 3541
3481 3542
3481 3543
3482 3483
3482 3542
3482 3543
3482 3544
3483 3484
3483 3543
3483 3544
3483 3545
3484 3485
3484 3544
3484 3545
3485 3486
3485 3545
3486 3487
3487 3488
3487 3546
3488 3546
3489 3547
3490 3547
3490 3548
3490 3549
3491 3492
3491 3549
3491 3550
3492 3493
3492 3550
3493 3494
3493 3551
3494 3495
3494 3551
3494 3552
3495 3496
3495 3551
3495 3552
3495 3553
3496 3497
3496 3552
3496 3553
3496 3554
3497 3498
3497 3553
3497 3554
3497 3555
3498 3499
3498 3554
3498 3555
3498 3556
3499 3500
3499 3555
3499 3556
3499 3557
3500 3501
3500 3556
3500 3557
3500 3558
3501 3557
3501 3558
3501 3559
3502 3503
3502 3559
3502 3560
3503 3560
3503 3561
3504 3561
3504 3562
3505 3506
3505 3563
3505 3564
3506 3564
3506 3565
3507 3508
3507 3565
3507 3566
3508 3509
3508 3566
3508 3567
3509 3510
3509 3567
3510 3567
3510 3568
3511 3512
3511 3568
3511 3569
3512 3513
3512 3569
3512 3570
3513 3569
3513 3570
3514 3571
3515 3516
3515 3571
3515 3572
3515 3573
3516 3572
3516 3573
3516 3574
3517 3518
3517 3574
3517 3575
3518 3519
3518 3575
3518 3576
3519 3520
3519 3575
3519 3576
3520 3576
3520 3577
3521 3522
3521 3577
3521 3578
3521 3579
3522 3578
3522 3579
3523 3580
3524 3525
3524 3581
3524 3582
3525 3526
3525 3581
3525 3582
3525 3583
3526 3582
3526 3583
3526 3584
3527 3528
3527 3584
3527 3585
3528 3529
3528 3585
3528 3586
3529 3530
3529 3586
3530 3531
3530 3586
3530 3587
3531 3532
3531 3587
3532 3533
3532 3587
3532 3588
3533 3534
3533 3588
3533 3589
3534 3588
3534 3589
3534 3590
3535 3591
3535 3592
3536 3537
3536 3593
3536 3594
3537 3538
3537 3594
3538 3539
3538 3595
3539 3540
3539 3595
3540 3541
3540 3595
3540 3596
3541 3542
3541 3596
3541 3597
3542 3543
3542 3596
3542 3597
3542 3598
3543 3544
3543 3597
3543 3598
3544 3545
3544 3598
3545 3599
3546 3601
3546 3602
3546 3603
3547 3548
3547 3604
3547 3605
3547 3606
3548 3549
3548 3605
3548 3606
3548 3607
3549 3550
3549 3606
3549 3607
3550 3607
3551 3552
3551 3608
3551 3609
3551 3610
3552 3553
3552 3609
3552 3610
3553 3554
3553 3610
3554 3555
3554 3611
3555 3556
3555 3611
3555 3612
3556 3557
3556 3611
3556 3612
3556 3613
3557 3558
3557 3612
3557 3613
3557 3614
3558 3559
3558 3613
3558 3614
3558 3615
3559 3560
3559 3614
3559 3615
3560 3615
3560 3616
3561 3616
3561 3617
3562 3563
3562 3618
3562 3619
3563 3564
3563 3618
3563 3619
3563 3620
3564 3619
3564 3620
3564 3621
3565 3566
3565 3621
3565 3622
3565 3623
3566 3622
3566 3623
3567 3624
3567 3625
3568 3625
3568 3626
3568 3627
3569 3570
3569 3627
3570 3628
3571 3572
3571 3629
3571 3630
3571 3631
3572 3573
3572 3630
3572 3631
3572 3632
3573 3574
3573 3631
3573 3632
3574 3632
3574 3633
3575 3576
3575 3633
3575 3634
3575 3635
3576 3634
3576 3635
3577 3578
3577 3636
3578 3579
3578 3636
3578 3637
3579 3636
3579 3637
3581 3582
3581 3638
3581 3639
3582 3583
3582 3638
3582 3639
3582 3640
3583 3584
3583 3639
3583 3640
3583 3641
3584 3585
3584 3640
3584 3641
3584 3642
3585 3641
3585 3642
3585 3643
3586 3643
3586 3644
3586 3645
3587 3645
3587 3646
3587 3647
3588 3589
3588 3647
3588 3648
3588 3649
3589 3590
3589 3648
3589 3649
3590 3591
3590 3649
3590 3650
3591 3650
3591 3651
3592 3593
3592 3651
3592 3652
3592 3653
3593 3594
3593 3652
3593 3653
3593 3654
3594 3653
3594 3654
3594 3655
3595 3656
3595 3657
3595 3658
3596 3597
3596 3658
3596 3659
3597 3598
3597 3659
3597 3660
3598 3660
3598 3661
3599 3600
3599 3662
3599 3663
3600 3601
3600 3662
3600 3663
3600 3664
3601 3602
3601 3663
3601 3664
3601 3665
3602 3603
3602 3664
3602 3665
3602 3666
3603 3604
3603 3665
3603 3666
3603 3667
3604 3605
3604 3666
3604 3667
3604 3668
3605 3606
3605 3667
3605 3668
3605 3669
3606 3607
3606 3668
3606 3669
3606 3670
3607 3669
3607 3670
3607 3671
3608 3609
3608 3672
3608 3673
3609 3610
3609 3673
3610 3674
3611 3612
3611 3675
3611 3676
3611 3677
3612 3613
3612 3676
3612 3677
3612 3678
3613 3614
3613 3677
3613 3678
3613 3679
3614 3615
3614 3678
3614 3679
3614 3680
3615 3679
3615 3680
3615 3681
3616 3617
3616 3681
3616 3682
3617 3682
3617 3683
3618 3619
3618 3683
3618 3684
3618 3685
3619 3620
3619 3684
3619 3685
3620 3621
3620 3685
3620 3686
3621 3622
3621 3686
3621 3687
3622 3623
3622 3686
3622 3687
3622 3688
3623 3687
3623 3688
3623 3689
3624 3625
3624 3689
3624 3690
3625 3626
3625 3690
3625 3691
3626 3627
3626 3691
3626 3692
3627 3691
3627 3692
3627 3693
3628 3629
3628 3694
3628 3695
3629 3630
3629 3695
3630 3631
3630 3695
3630 3696
3631 3632
3631 3696
3631 3697
3632 3696
3632 3697
3632 3698
3633 3634
3633 3698
3633 3699
3634 3635
3634 3699
3634 3700
3635 3699
3635 3700
3636 3637
3636 3701
3636 3702
3637 3702
3637 3703
3638 3639
3638 3705
3638 3706
3639 3640
3639 3705
3639 3706
3639 3707
3640 3641
3640 3706
3640 3707
3640 3708
3641 3642
3641 3707
3641 3708
3641 3709
3642 3643
3642 3708
3642 3709
3643 3644
3643 3709
3643 3710
3644 3645
3644 3710
3644 3711
3645 3646
3645 3710
3645 3711
3645 3712
3646 3647
3646 3711
3646 3712
3646 3713
3647 3648
3647 3712
3647 3713
3648 3649
3648 3713
3648 3714
3649 3714
3649 3715
3650 3651
3650 3715
3650 3716
3651 3652
3651 3716
3652 3653
3652 3716
3652 3717
3653 3654
3653 3717
3653 3718
3654 3655
3654 3717
3654 3718
3654 3719
3655 3656
3655 3718
3655 3719
3655 3720
3656 3657
3656 3719
3656 3720
3656 3721
3657 3658
3657 3720
3657 3721
3657 3722
3658 3659
3658 3721
3658 3722
3659 3722
3659 3723
3660 3661
3660 3723
3660 3724
3661 3724
3661 3725
3662 3663
3662 3725
3662 3726
3662 3727
3663 3664
3663 3726
3663 3727
3663 3728
3664 3665
3664 3727
3664 3728
3664 3729
3665 3666
3665 3728
3665 3729
3665 3730
3666 3667
3666 3729
3666 3730
3666 3731
3667 3668
3667 3730
3667 3731
3667 3732
3668 3669
3668 3731
3668 3732
3668 3733
3669 3670
3669 3732
3669 3733
3669 3734
3670 3671
3670 3733
3670 3734
3670 3735
3671 3672
3671 3734
3671 3735
3672 3673
3672 3735
3672 3736
3673 3736
3673 3737
3674 3675
3674 3738
3674 3739
3675 3676
3675 3739
3675 3740
3676 3677
3676 3740
3676 3741
3677 3678
3677 3740
3677 3741
3677 3742
3678 3679
3678 3741
3678 3742
3678 3743
3679 3680
3679 3742
3679 3743
3680 3681
3680 3743
3680 3744
3681 3744
3681 3745
3682 3683
3682 3745
3682 3746
3682 3747
3683 3684
3683 3746
3683 3747
3683 3748
3684 3685
3684 3747
3684 3748
3685 3748
3685 3749
3686 3687
3686 3749
3686 3750
3686 3751
3687 3688
3687 3750
3687 3751
3687 3752
3688 3689
3688 3751
3688 3752
3688 3753
3689 3690
3689 3752
3689 3753
3689 3754
3690 3753
3690 3754
3690 3755
3691 3692
3691 3755
3691 3756
3691 3757
3692 3693
3692 3756
3692 3757
3692 3758
3693 3694
3693 3757
3693 3758
3693 3759
3694 3758
3694 3759
3694 3760
3695 3760
3695 3761
3696 3697
3696 3761
3696 3762
3697 3698
3697 3762
3697 3763
3698 3763
3698 3764
3699 3700
3699 3764
3699 3765
3699 3766
3700 3765
3700 3766
3700 3767
3701 3767
3701 3768
3701 3769
3702 3703
3702 3769
3702 3770
3703 3704
3703 3770
3703 3771
3704 3770
3704 3771
3705 3706
3705 3772
3706 3707
3706 3772
3706 3773
3707 3708
3707 3772
3707 3773
3707 3774
3708 3709
3708 3773
3708 3774
3709 3774
3709 3775
3710 3711
3710 3775
3710 3776
3710 3777
3711 3712
3711 3776
3711 3777
3711 3778
3712 3713
3712 3777
3712 3778
3712 3779
3713 3778
3713 3779
3714 3715
3714 3780
3714 3781
3715 3780
3715 3781
3715 3782
3716 3782
3716 3783
3716 3784
3717 3718
3717 3784
3717 3785
3718 3719
3718 3785
3718 3786
3719 3720
3719 3786
3719 3787
3720 3721
3720 3786
3720 3787
3720 3788
3721 3722
3721 3787
3721 3788
3721 3789
3722 3788
3722 3789
3722 3790
3723 3790
3723 3791
3723 3792
3724 3725
3724 3792
3724 3793
3725 3726
3725 3793
3726 3727
3726 3794
3727 3728
3727 3794
3727 3795
3728 3729
3728 3794
3728 3795
3728 3796
3729 3730
3729 3795
3729 3796
3729 3797
3730 3731
3730 3796
3730 3797
3730 3798
3731 3732
3731 3797
3731 3798
3731 3799
3732 3733
3732 3798
3732 3799
3732 3800
3733 3734
3733 3799
3733 3800
3734 3735
3734 3800
3734 3801
3735 3801
3736 3737
3736 3802
3737 3738
3737 3802
3737 3803
3738 3739
3738 3803
3738 3804
3739 3803
3739 3804
3739 3805
3740 3741
3740 3805
3740 3806
3740 3807
3741 3742
3741 3806
3741 3807
3741 3808
3742 3743
3742 3807
3742 3808
3742 3809
3743 3808
3743 3809
3743 3810
3744 3745
3744 3810
3744 3811
3745 3746
3745 3811
3745 3812
3746 3747
3746 3811
3746 3812
3746 3813
3747 3748
3747 3812
3747 3813
3747 3814
3748 3813
3748 3814
3748 3815
3749 3750
3749 3815
3749 3816
3749 3817
3750 3751
3750 3816
3750 3817
3750 3818
3751 3752
3751 3817
3751 3818
3751 3819
3752 3753
3752 3818
3752 3819
3752 3820
3753 3754
3753 3819
3753 3820
3753 3821
3754 3755
3754 3820
3754 3821
3754 3822
3755 3756
3755 3821
3755 3822
3755 3823
3756 3757
3756 3822
3756 3823
3756 3824
3757 3758
3757 3823
3757 3824
3757 3825
3758 3759
3758 3824
3758 3825
3758 3826
3759 3760
3759 3825
3759 3826
3759 3827
3760 3826
3760 3827
3760 3828
3761 3762
3761 3828
3761 3829
3761 3830
3762 3829
3762 3830
3762 3831
3763 3764
3763 3831
3764 3765
3764 3832
3765 3766
3765 3832
3765 3833
3766 3767
3766 3832
3766 3833
3766 3834
3767 3768
3767 3833
3767 3834
3767 3835
3768 3769
3768 3834
3768 3835
3768 3836
3769 3835
3769 3836
3769 3837
3770 3771
3770 3837
3770 3838
3770 3839
3771 3838
3771 3839
3772 3773
3772 3840
3772 3841
3772 3842
3773 3774
3773 3841
3773 3842
3773 3843
3774 3842
3774 3843
3775 3776
3775 3844
3776 3777
3776 3844
3776 3845
3777 3778
3777 3845
3777 3846
3778 3779
3778 3845
3778 3846
3778 3847
3779 3846
3779 3847
3780 3781
3780 3848
3780 3849
3781 3782
3781 3848
3781 3849
3781 3850
3782 3783
3782 3849
3782 3850
3782 3851
3783 3784
3783 3850
3783 3851
3783 3852
3784 3785
3784 3851
3784 3852
3784 3853
3785 3852
3785 3853
3785 3854
3786 3787
3786 3854
3786 3855
3787 3788
3787 3855
3788 3789
3788 3855
3788 3856
3789 3790
3789 3856
3789 3857
3790 3791
3790 3856
3790 3857
3790 3858
3791 3792
3791 3857
3791 3858
3791 3859
3792 3793
3792 3858
3792 3859
3792 3860
3793 3859
3793 3860
3794 3795
3794 3861
3794 3862
3795 3796
3795 3862
3795 3863
3796 3797
3796 3862
3796 3863
3796 3864
3797 3798
3797 3863
3797 3864
3797 3865
3798 3799
3798 3864
3798 3865
3798 3866
3799 3800
3799 3865
3799 3866
3799 3867
3800 3866
3800 3867
3800 3868
3801 3868
3801 3869
3801 3870
3802 3870
3802 3871
3802 3872
3803 3804
3803 3872
3803 3873
3803 3874
3804 3805
3804 3873
3804 3874
3804 3875
3805 3806
3805 3874
3805 3875
3805 3876
3806 3807
3806 3875
3806 3876
3807 3808
3807 3876
3807 3877
3808 3809
3808 3877
3808 3878
3809 3810
3809 3877
3809 3878
3810 3878
3810 3879
3811 3812
3811 3879
3811 3880
3811 3881
3812 3813
3812 3880
3812 3881
3812 3882
3813 3814
3813 3881
3813 3882
3813 3883
3814 3815
3814 3882
3814 3883
3814 3884
3815 3816
3815 3883
3815 3884
3815 3885
3816 3817
3816 3884
3816 3885
3817 3818
3817 3885
3817 3886
3818 3819
3818 3886
3818 3887
3819 3820
3819 3886
3819 3887
3820 3821
3820 3887
3820 3888
3821 3822
3821 3888
3822 3823
3822 3888
3822 3889
3823 3824
3823 3889
3824 3825
3824 3889
3824 3890
3825 3826
3825 3890
3825 3891
3826 3827
3826 3890
3826 3891
3827 3828
3827 3891
3828 3829
3829 3830
3829 3892
3830 3831
3830 3892
3831 3892
3832 3833
3832 3893
3832 3894
3832 3895
3833 3834
3833 3894
3833 3895
3833 3896
3834 3835
3834 3895
3834 3896
3835 3836
3835 3896
3836 3837
3837 3838
3837 3897
3838 3839
3838 3897
3838 3898
3839 3897
3839 3898
3840 3841
3840 3899
3840 3900
3841 3842
3841 3899
3841 3900
3841 3901
3842 3843
3842 3900
3842 3901
3842 3902
3843 3901
3843 3902
3843 3903
3844 3903
3844 3904
3844 3905
3845 3846
3845 3905
3845 3906
3845 3907
3846 3847
3846 3906
3846 3907
3847 3907
3847 3908
3848 3849
3848 3908
3848 3909
3849 3850
3849 3909
3849 3910
3850 3851
3850 3910
3850 3911
3851 3852
3851 3910
3851 3911
3851 3912
3852 3853
3852 3911
3852 3912
3852 3913
3853 3854
3853 3912
3853 3913
3854 3913
3854 3914
3855 3914
3856 3857
3856 3915
3857 3858
3857 3915
3857 3916
3858 3859
3858 3915
3858 3916
3858 3917
3859 3860
3859 3916
3859 3917
3859 3918
3860 3917
3860 3918
3860 3919
3861 3919
3861 3920
3862 3863
3862 3921
3863 3864
3863 3921
3863 3922
3864 3865
3864 3921
3864 3922
3864 3923
3865 3866
3865 3922
3865 3923
3865 3924
3866 3867
3866 3923
3866 3924
3866 3925
3867 3868
3867 3924
3867 3925
3867 3926
3868 3869
3868 3925
3868 3926
3868 3927
3869 3870
3869 3926
3869 3927
3869 3928
3870 3871
3870 3927
3870 3928
3870 3929
3871 3872
3871 3928
3871 3929
3871 3930
3872 3873
3872 3929
3872 3930
3872 3931
3873 3874
3873 3930
3873 3931
3873 3932
3874 3875
3874 3931
3874 3932
3874 3933
3875 3876
3875 3932
3875 3933
3875 3934
3876 3933
3876 3934
3876 3935
3877 3878
3877 3935
3877 3936
3877 3937
3878 3936
3878 3937
3878 3938
3879 3880
3879 3938
3879 3939
3879 3940
3880 3881
3880 3939
3880 3940
3880 3941
3881 3882
3881 3940
3881 3941
3881 3942
3882 3883
3882 3941
3882 3942
3883 3884
3883 3942
3883 3943
3884 3885
3884 3943
3884 3944
3885 3943
3885 3944
3885 3945
3886 3887
3886 3945
3886 3946
3887 3946
3887 3947
3888 3947
3888 3948
3888 3949
3889 3949
3889 3950
3889 3951
3890 3891
3890 3951
3890 3952
3890 3953
3891 3952
3891 3953
3891 3954
3892 3956
3892 3957
3893 3894
3893 3958
3893 3959
3893 3960
3894 3895
3894 3959
3894 3960
3895 3896
3895 3960
3895 3961
3896 3961
3896 3962
3897 3898
3897 3964
3897 3965
3897 3966
3898 3965
3898 3966
3899 3900
3899 3967
3900 3901
3900 3967
3900 3968
3901 3902
3901 3967
3901 3968
3901 3969
3902 3903
3902 3968
3902 3969
3903 3904
3903 3969
3903 3970
3904 3905
3904 3970
3904 3971
3905 3906
3905 3970
3905 3971
3905 3972
3906 3907
3906 3971
3906 3972
3906 3973
3907 3972
3907 3973
3908 3909
3908 3974
3908 3975
3909 3974
3909 3975
3909 3976
3910 3911
3910 3976
3910 3977
3911 3912
3911 3977
3911 3978
3912 3913
3912 3978
3913 3978
3913 3979
3914 3979
3914 3980
3915 3916
3915 3982
3915 3983
3916 3917
3916 3983
3916 3984
3917 3918
3917 3983
3917 3984
3917 3985
3918 3919
3918 3984
3918 3985
3918 3986
3919 3920
3919 3985
3919 3986
3919 3987
3920 3986
3920 3987
3920 3988
3921 3922
3921 3989
3921 3990
3922 3923
3922 3990
3922 3991
3923 3924
3923 3991
3923 3992
3924 3925
3924 3991
3924 3992
3924 3993
3925 3926
3925 3992
3925 3993
3925 3994
3926 3927
3926 3993
3926 3994
3926 3995
3927 3928
3927 3994
3927 3995
3927 3996
3928 3929
3928 3995
3928 3996
3928 3997
3929 3930
3929 3996
3929 3997
3929 3998
3930 3931
3930 3997
3930 3998
3930 3999
3931 3932
3931 3998
3931 3999
3931 4000
3932 3933
3932 3999
3932 4000
3932 4001
3933 3934
3933 4000
3933 4001
3933 4002
3934 3935
3934 4001
3934 4002
3935 3936
3935 4002
3935 4003
3936 3937
3936 4003
3936 4004
3937 3938
3937 4003
3937 4004
3938 3939
3938 4004
3938 4005
3939 3940
3939 4005
3939 4006
3940 3941
3940 4005
3940 4006
3940 4007
3941 3942
3941 4006
3941 4007
3942 4007
3942 4008
3943 3944
3943 4008
3943 4009
3943 4010
3944 3945
3944 4009
3944 4010
3944 4011
3945 3946
3945 4010
3945 4011
3945 4012
3946 4011
3946 4012
3946 4013
3947 3948
3947 4013
3947 4014
3947 4015
3948 3949
3948 4014
3948 4015
3948 4016
3949 3950
3949 4015
3949 4016
3950 3951
3950 4016
3950 4017
3951 3952
3951 4017
3951 4018
3952 3953
3952 4017
3952 4018
3953 3954
3953 4018
3953 4019
3954 3955
3954 4019
3954 4020
3955 3956
3955 4019
3955 4020
3955 4021
3956 3957
3956 4020
3956 4021
3956 4022
3957 4021
3957 4022
3958 3959
3958 4023
3958 4024
3959 3960
3959 4023
3959 4024
3959 4025
3960 4024
3960 4025
3960 4026
3961 3962
3961 4026
3961 4027
3962 3963
3962 4027
3962 4028
3963 3964
3963 4027
3963 4028
3963 4029
3964 3965
3964 4028
3964 4029
3964 4030
3965 3966
3965 4029
3965 4030
3966 4030
3967 3968
3967 4031
3967 4032
3968 3969
3968 4031
3968 4032
3968 4033
3969 4032
3969 4033
3969 4034
3970 3971
3970 4034
3970 4035
3970 4036
3971 3972
3971 4035
3971 4036
3971 4037
3972 3973
3972 4036
3972 4037
3972 4038
3973 4037
3973 4038
3973 4039
3974 3975
3974 4039
3974 4040
3974 4041
3975 3976
3975 4040
3975 4041
3976 3977
3976 4041
3976 4042
3977 4042
3977 4043
3978 4043
3978 4044
3979 3980
3979 4044
3979 4045
3979 4046
3980 4045
3980 4046
3980 4047
3981 3982
3981 4047
3981 4048
3982 4048
3982 4049
3983 3984
3983 4049
3983 4050
3983 4051
3984 3985
3984 4050
3984 4051
3984 4052
3985 3986
3985 4051
3985 4052
3985 4053
3986 3987
3986 4052
3986 4053
3986 4054
3987 3988
3987 4053
3987 4054
3988 3989
3988 4054
3988 4055
3989 3990
3989 4055
3989 4056
3990 4055
3990 4056
3990 4057
3991 3992
3991 4057
3991 4058
3991 4059
3992 3993
3992 4058
3992 4059
3992 4060
3993 3994
3993 4059
3993 4060
3993 4061
3994 3995
3994 4060
3994 4061
3994 4062
3995 3996
3995 4061
3995 4062
3995 4063
3996 3997
3996 4062
3996 4063
3997 3998
3997 4063
3997 4064
3998 3999
3998 4064
3998 4065
3999 4000
3999 4064
3999 4065
3999 4066
4000 4001
4000 4065
4000 4066
4000 4067
4001 4002
4001 4066
4001 4067
4001 4068
4002 4067
4002 4068
4003 4004
4003 4069
4004 4069
4004 4070
4005 4006
4005 4070
4005 4071
4005 4072
4006 4007
4006 4071
4006 4072
4006 4073
4007 4072
4007 4073
4007 4074
4008 4009
4008 4074
4008 4075
4009 4010
4009 4075
4009 4076
4010 4011
4010 4076
4010 4077
4011 4012
4011 4076
4011 4077
4012 4013
4012 4077
4012 4078
4013 4014
4013 4078
4013 4079
4014 4015
4014 4078
4014 4079
4014 4080
4015 4016
4015 4079
4015 4080
4015 4081
4016 4080
4016 4081
4016 4082
4017 4018
4017 4082
4017 4083
4018 4083
4018 4084
4019 4020
4019 4084
4019 4085
4020 4021
4020 4085
4020 4086
4021 4022
4021 4086
4021 4087
4022 4086
4022 4087
4022 4088
4023 4024
4023 4088
4023 4089
4023 4090
4024 4025
4024 4089
4024 4090
4024 4091
4025 4026
4025 4090
4025 4091
4025 4092
4026 4091
4026 4092
4026 4093
4027 4028
4027 4093
4027 4094
4027 4095
4028 4029
4028 4094
4028 4095
4028 4096
4029 4030
4029 4095
4029 4096
4029 4097
4030 4096
4030 4097
4031 4032
4031 4098
4031 4099
4031 4100
4032 4033
4032 4099
4032 4100
4032 4101
4033 4034
4033 4100
4033 4101
4033 4102
4034 4035
4034 4101
4034 4102
4034 4103
4035 4036
4035 4102
4035 4103
4035 4104
4036 4037
4036 4103
4036 4104
4036 4105
4037 4038
4037 4104
4037 4105
4037 4106
4038 4039
4038 4105
4038 4106
4039 4040
4039 4106
4039 4107
4040 4041
4040 4107
4041 4107
4042 4043
4042 4108
4043 4108
4043 4109
4044 4045
4044 4109
4044 4110
4044 4111
4045 4046
4045 4110
4045 4111
4045 4112
4046 4047
4046 4111
4046 4112
4046 4113
4047 4048
4047 4112
4047 4113
4047 4114
4048 4113
4048 4114
4048 4115
4049 4050
4049 4115
4049 4116
4049 4117
4050 4051
4050 4116
4050 4117
4050 4118
4051 4052
4051 4117
4051 4118
4051 4119
4052 4053
4052 4118
4052 4119
4052 4120
4053 4054
4053 4119
4053 4120
4053 4121
4054 4120
4054 4121
4054 4122
4055 4056
4055 4122
4055 4123
4055 4124
4056 4057
4056 4123
4056 4124
4056 4125
4057 4058
4057 4124
4057 4125
4057 4126
4058 4059
4058 4125
4058 4126
4058 4127
4059 4060
4059 4126
4059 4127
4059 4128
4060 4061
4060 4127
4060 4128
4060 4129
4061 4062
4061 4128
4061 4129
4061 4130
4062 4063
4062 4129
4062 4130
4062 4131
4063 4130
4063 4131
4063 4132
4064 4065
4064 4132
4064 4133
4065 4066
4065 4133
4065 4134
4066 4067
4066 4134
4066 4135
4067 4068
4067 4134
4067 4135
4068 4135
4069 4070
4069 4136
4069 4137
4070 4071
4070 4137
4070 4138
4071 4072
4071 4138
4072 4073
4072 4138
4072 4139
4073 4074
4073 4139
4073 4140
4074 4075
4074 4139
4074 4140
4074 4141
4075 4140
4075 4141
4075 4142
4076 4077
4076 4142
4076 4143
4077 4143
4077 4144
4078 4079
4078 4144
4078 4145
4078 4146
4079 4080
4079 4145
4079 4146
4080 4081
4080 4146
4081 4082
4081 4147
4082 4083
4082 4147
4082 4148
4083 4147
4083 4148
4083 4149
4084 4085
4084 4149
4084 4150
4084 4151
4085 4150
4085 4151
4086 4087
4086 4152
4086 4153
4087 4088
4087 4152
4087 4153
4087 4154
4088 4089
4088 4153
4088 4154
4088 4155
4089 4090
4089 4154
4089 4155
4089 4156
4090 4091
4090 4155
4090 4156
4090 4157
4091 4092
4091 4156
4091 4157
4091 4158
4092 4093
4092 4157
4092 4158
4092 4159
4093 4094
4093 4158
4093 4159
4094 4095
4094 4159
4094 4160
4095 4096
4095 4160
4095 4161
4096 4097
4096 4160
4096 4161
4096 4162
4097 4161
4097 4162
4097 4163
4098 4099
4098 4164
4098 4165
4099 4100
4099 4164
4099 4165
4099 4166
4100 4101
4100 4165
4100 4166
4101 4102
4101 4166
4102 4103
4102 4167
4103 4104
4103 4167
4103 4168
4104 4105
4104 4167
4104 4168
4105 4106
4105 4168
4105 4169
4106 4169
4106 4170
4107 4170
4107 4171
4108 4109
4108 4173
4108 4174
4109 4110
4109 4174
4109 4175
4110 4111
4110 4175
4110 4176
4111 4112
4111 4175
4111 4176
4111 4177
4112 4113
4112 4176
4112 4177
4112 4178
4113 4114
4113 4177
4113 4178
4113 4179
4114 4115
4114 4178
4114 4179
4114 4180
4115 4116
4115 4179
4115 4180
4115 4181
4116 4117
4116 4180
4116 4181
4116 4182
4117 4118
4117 4181
4117 4182
4117 4183
4118 4119
4118 4182
4118 4183
4118 4184
4119 4120
4119 4183
4119 4184
4119 4185
4120 4121
4120 4184
4120 4185
4120 4186
4121 4122
4121 4185
4121 4186
4121 4187
4122 4123
4122 4186
4122 4187
4122 4188
4123 4124
4123 4187
4123 4188
4123 4189
4124 4125
4124 4188
4124 4189
4124 4190
4125 4126
4125 4189
4125 4190
4125 4191
4126 4127
4126 4190
4126 4191
4126 4192
4127 4128
4127 4191
4127 4192
4127 4193
4128 4129
4128 4192
4128 4193
4128 4194
4129 4130
4129 4193
4129 4194
4130 4131
4130 4194
4130 4195
4131 4132
4131 4195
4131 4196
4132 4133
4132 4195
4132 4196
4132 4197
4133 4196
4133 4197
4133 4198
4134 4135
4134 4198
4134 4199
4134 4200
4135 4199
4135 4200
4135 4201
4136 4137
4136 4202
4137 4202
4137 4203
4138 4203
4138 4204
4138 4205
4139 4140
4139 4205
4139 4206
4139 4207
4140 4141
4140 4206
4140 4207
4140 4208
4141 4142
4141 4207
4141 4208
4142 4208
4142 4209
4143 4144
4143 4209
4143 4210
4144 4145
4144 4210
4144 4211
4145 4146
4145 4211
4145 4212
4146 4211
4146 4212
4146 4213
4147 4148
4147 4214
4147 4215
4147 4216
4148 4149
4148 4215
4148 4216
4149 4150
4149 4216
4149 4217
4150 4151
4150 4217
4151 4217
4151 4218
4152 4153
4152 4218
4152 4219
4153 4154
4153 4219
4153 4220
4154 4155
4154 4220
4154 4221
4155 4156
4155 4220
4155 4221
4155 4222
4156 4157
4156 4221
4156 4222
4156 4223
4157 4158
4157 4222
4157 4223
4157 4224
4158 4159
4158 4223
4158 4224
4158 4225
4159 4224
4159 4225
4159 4226
4160 4161
4160 4226
4160 4227
4160 4228
4161 4162
4161 4227
4161 4228
4161 4229
4162 4163
4162 4228
4162 4229
4162 4230
4163 4229
4163 4230
4164 4165
4164 4231
4164 4232
4165 4166
4165 4231
4165 4232
4165 4233
4166 4232
4166 4233
4167 4168
4167 4234
4167 4235
4167 4236
4168 4235
4168 4236
4168 4237
4169 4170
4169 4237
4169 4238
4169 4239
4170 4171
4170 4238
4170 4239
4171 4239
4171 4240
4172 4173
4172 4240
4172 4241
4173 4174
4173 4241
4173 4242
4174 4241
4174 4242
4174 4243
4175 4176
4175 4243
4175 4244
4176 4177
4176 4244
4176 4245
4177 4178
4177 4244
4177 4245
4177 4246
4178 4179
4178 4245
4178 4246
4178 4247
4179 4180
4179 4246
4179 4247
4180 4181
4180 4247
4180 4248
4181 4182
4181 4248
4181 4249
4182 4183
4182 4248
4182 4249
4182 4250
4183 4184
4183 4249
4183 4250
4183 4251
4184 4185
4184 4250
4184 4251
4184 4252
4185 4186
4185 4251
4185 4252
4185 4253
4186 4187
4186 4252
4186 4253
4187 4188
4187 4253
4188 4189
4188 4254
4189 4190
4189 4254
4189 4255
4190 4191
4190 4254
4190 4255
4190 4256
4191 4192
4191 4255
4191 4256
4192 4193
4192 4256
4192 4257
4193 4194
4193 4257
4193 4258
4194 4257
4194 4258
4195 4196
4195 4259
4195 4260
4196 4197
4196 4259
4196 4260
4197 4198
4197 4260
4198 4199
4199 4200
4200 4201
4200 4261
4201 4261
4201 4262
4202 4262
4202 4263
4202 4264
4203 4204
4203 4264
4203 4265
4204 4205
4204 4265
4204 4266
4205 4206
4205 4266
4205 4267
4206 4207
4206 4266
4206 4267
4207 4208
4207 4267
4207 4268
4208 4268
4208 4269
4209 4210
4209 4269
4209 4270
4209 4271
4210 4270
4210 4271
4210 4272
4211 4212
4211 4272
4211 4273
4212 4213
4212 4273
4212 4274
4213 4214
4213 4273
4213 4274
4213 4275
4214 4215
4214 4274
4214 4275
4214 4276
4215 4216
4215 4275
4215 4276
4215 4277
4216 4276
4216 4277
4216 4278
4217 4278
4217 4279
4217 4280
4218 4219
4218 4280
4218 4281
4218 4282
4219 4281
4219 4282
4219 4283
4220 4221
4220 4283
4220 4284
4221 4222
4221 4284
4221 4285
4222 4223
4222 4285
4222 4286
4223 4224
4223 4285
4223 4286
4223 4287
4224 4225
4224 4286
4224 4287
4224 4288
4225 4226
4225 4287
4225 4288
4226 4227
4226 4288
4226 4289
4227 4228
4227 4289
4227 4290
4228 4229
4228 4289
4228 4290
4229 4230
4229 4290
4229 4291
4230 4291
4231 4232
4231 4292
4231 4293
4232 4233
4232 4292
4232 4293
4232 4294
4233 4293
4233 4294
4233 4295
4234 4235
4234 4295
4234 4296
4234 4297
4235 4236
4235 4296
4235 4297
4235 4298
4236 4237
4236 4297
4236 4298
4236 4299
4237 4238
4237 4298
4237 4299
4237 4300
4238 4239
4238 4299
4238 4300
4238 4301
4239 4300
4239 4301
4239 4302
4240 4302
4240 4303
4240 4304
4241 4242
4241 4304
4241 4305
4241 4306
4242 4243
4242 4305
4242 4306
4242 4307
4243 4306
4243 4307
4244 4245
4244 4308
4244 4309
4245 4246
4245 4308
4245 4309
4246 4247
4246 4309
4247 4310
4248 4249
4248 4310
4248 4311
4248 4312
4249 4250
4249 4311
4249 4312
4249 4313
4250 4251
4250 4312
4250 4313
4251 4252
4251 4313
4252 4253
4252 4314
4253 4314
4253 4315
4254 4255
4254 4316
4254 4317
4255 4256
4255 4317
4256 4317
4256 4318
4257 4258
4257 4318
4257 4319
4257 4320
4258 4319
4258 4320
4259 4260
4259 4321
4260 4321
4260 4322
4261 4262
4261 4324
4261 4325
4261 4326
4262 4263
4262 4325
4262 4326
4262 4327
4263 4264
4263 4326
4263 4327
4263 4328
4264 4265
4264 4327
4264 4328
4264 4329
4265 4328
4265 4329
4265 4330
4266 4267
4266 4330
4266 4331
4266 4332
4267 4331
4267 4332
4267 4333
4268 4269
4268 4333
4268 4334
4269 4270
4269 4334
4269 4335
4270 4271
4270 4334
4270 4335
4270 4336
4271 4272
4271 4335
4271 4336
4271 4337
4272 4336
4272 4337
4272 4338
4273 4274
4273 4338
4273 4339
4273 4340
4274 4275
4274 4339
4274 4340
4274 4341
4275 4276
4275 4340
4275 4341
4275 4342
4276 4277
4276 4341
4276 4342
4276 4343
4277 4278
4277 4342
4277 4343
4278 4279
4278 4343
4278 4344
4279 4280
4279 4344
4280 4281
4280 4344
4280 4345
4281 4282
4281 4345
4281 4346
4282 4283
4282 4345
4282 4346
4283 4284
4283 4346
4283 4347
4284 4347
4284 4348
4285 4286
4285 4348
4285 4349
4285 4350
4286 4287
4286 4349
4286 4350
4286 4351
4287 4288
4287 4350
4287 4351
4287 4352
4288 4351
4288 4352
4288 4353
4289 4290
4289 4353
4289 4354
4289 4355
4290 4354
4290 4355
4290 4356
4291 4356
4291 4357
4292 4293
4292 4358
4293 4294
4293 4358
4293 4359
4294 4295
4294 4358
4294 4359
4294 4360
4295 4296
4295 4359
4295 4360
4295 4361
4296 4297
4296 4360
4296 4361
4296 4362
4297 4298
4297 4361
4297 4362
4297 4363
4298 4299
4298 4362
4298 4363
4298 4364
4299 4300
4299 4363
4299 4364
4300 4301
4300 4364
4300 4365
4301 4302
4301 4365
4302 4303
4302 4365
4303 4304
4303 4366
4304 4305
4304 4366
4304 4367
4305 4306
4305 4366
4305 4367
4305 4368
4306 4307
4306 4367
4306 4368
4306 4369
4307 4368
4307 4369
4308 4309
4308 4370
4308 4371
4309 4370
4309 4371
4309 4372
4310 4311
4310 4373
4310 4374
4311 4312
4311 4374
4311 4375
4312 4313
4312 4375
4313 4375
4313 4376
4314 4315
4314 4377
4314 4378
4314 4379
4315 4316
4315 4378
4315 4379
4315 4380
4316 4379
4316 4380
4316 4381
4317 4381
4317 4382
4317 4383
4318 4319
4318 4383
4318 4384
4319 4320
4319 4384
4319 4385
4320 4385
4321 4386
4321 4387
4322 4387
4322 4388
4323 4324
4323 4388
4323 4389
4323 4390
4324 4325
4324 4389
4324 4390
4324 4391
4325 4326
4325 4390
4325 4391
4326 4327
4326 4391
4326 4392
4327 4328
4327 4392
4327 4393
4328 4329
4328 4392
4328 4393
4329 4330
4329 4393
4329 4394
4330 4331
4330 4394
4330 4395
4331 4332
4331 4394
4331 4395
4331 4396
4332 4333
4332 4395
4332 4396
4332 4397
4333 4396
4333 4397
4333 4398
4334 4335
4334 4398
4334 4399
4335 4336
4335 4399
4336 4337
4336 4400
4337 4338
4337 4400
4337 4401
4338 4339
4338 4400
4338 4401
4338 4402
4339 4340
4339 4401
4339 4402
4339 4403
4340 4341
4340 4402
4340 4403
4340 4404
4341 4342
4341 4403
4341 4404
4341 4405
4342 4343
4342 4404
4342 4405
4342 4406
4343 4405
4343 4406
4343 4407
4344 4407
4344 4408
4344 4409
4345 4346
4345 4409
4345 4410
4345 4411
4346 4410
4346 4411
4346 4412
4347 4348
4347 4412
4347 4413
4348 4349
4348 4413
4348 4414
4349 4350
4349 4413
4349 4414
4349 4415
4350 4351
4350 4414
4350 4415
4350 4416
4351 4352
4351 4415
4351 4416
4351 4417
4352 4353
4352 4416
4352 4417
4353 4354
4353 4417
4353 4418
4354 4355
4354 4418
4354 4419
4355 4356
4355 4418
4355 4419
4355 4420
4356 4357
4356 4419
4356 4420
4356 4421
4357 4420
4357 4421
4358 4359
4358 4422
4358 4423
4358 4424
4359 4360
4359 4423
4359 4424
4359 4425
4360 4361
4360 4424
4360 4425
4360 4426
4361 4362
4361 4425
4361 4426
4362 4363
4362 4426
4363 4364
4363 4427
4364 4427
4364 4428
4365 4428
4365 4429
4365 4430
4366 4367
4366 4431
4366 4432
4367 4368
4367 4432
4368 4369
4368 4432
4370 4371
4370 4433
4371 4372
4371 4433
4371 4434
4372 4373
4372 4433
4372 4434
4372 4435
4373 4374
4373 4434
4373 4435
4373 4436
4374 4435
4374 4436
4374 4437
4375 4437
4375 4438
4376 4377
4376 4439
4377 4378
4377 4439
4377 4440
4378 4379
4378 4440
4378 4441
4379 4380
4379 4440
4379 4441
4379 4442
4380 4381
4380 4441
4380 4442
4380 4443
4381 4382
4381 4442
4381 4443
4382 4383
4382 4443
4383 4384
4384 4444
4385 4444
4385 4445
4386 4387
4386 4446
4386 4447
4387 4446
4387 4447
4387 4448
4388 4389
4388 4448
4388 4449
4388 4450
4389 4390
4389 4449
4389 4450
4389 4451
4390 4391
4390 4450
4390 4451
4390 4452
4391 4451
4391 4452
4391 4453
4392 4393
4392 4453
4392 4454
4392 4455
4393 4454
4393 4455
4393 4456
4394 4395
4394 4456
4394 4457
4394 4458
4395 4396
4395 4457
4395 4458
4395 4459
4396 4397
4396 4458
4396 4459
4397 4398
4397 4459
4397 4460
4398 4399
4398 4460
4398 4461
4399 4460
4399 4461
4400 4401
4400 4462
4400 4463
4400 4464
4401 4402
4401 4463
4401 4464
4401 4465
4402 4403
4402 4464
4402 4465
4402 4466
4403 4404
4403 4465
4403 4466
4403 4467
4404 4405
4404 4466
4404 4467
4404 4468
4405 4406
4405 4467
4405 4468
4406 4407
4406 4468
4406 4469
4407 4408
4407 4469
4408 4409
4408 4469
4409 4410
4409 4470
4410 4411
4410 4470
4410 4471
4411 4412
4411 4470
4411 4471
4412 4471
4412 4472
4413 4414
4413 4472
4413 4473
4414 4415
4414 4473
4414 4474
4415 4416
4415 4474
4415 4475
4416 4417
4416 4474
4416 4475
4417 4475
4417 4476
4418 4419
4418 4476
4419 4420
4419 4477
4420 4421
4420 4477
4420 4478
4421 4477
4421 4478
4422 4423
4422 4479
4423 4424
4423 4479
4423 4480
4424 4425
4424 4479
4424 4480
4424 4481
4425 4426
4425 4480
4425 4481
4426 4481
4426 4482
4427 4428
4427 4483
4427 4484
4428 4429
4428 4484
4428 4485
4429 4430
4429 4484
4429 4485
4429 4486
4430 4431
4430 4485
4430 4486
4430 4487
4431 4486
4431 4487
4431 4488
4432 4488
4432 4489
4432 4490
4433 4434
4433 4492
4433 4493
4433 4494
4434 4435
4434 4493
4434 4494
4435 4436
4435 4494
4435 4495
4436 4437
4436 4495
4436 4496
4437 4438
4437 4495
4437 4496
4437 4497
4438 4496
4438 4497
4438 4498
4439 4498
4439 4499
4439 4500
4440 4441
4440 4500
4440 4501
4440 4502
4441 4442
4441 4501
4441 4502
4441 4503
4442 4443
4442 4502
4442 4503
4442 4504
4443 4503
4443 4504
4443 4505
4444 4445
4444 4507
4445 4508
4446 4447
4446 4508
4446 4509
4446 4510
4447 4448
4447 4509
4447 4510
4447 4511
4448 4449
4448 4510
4448 4511
4448 4512
4449 4450
4449 4511
4449 4512
4449 4513
4450 4451
4450 4512
4450 4513
4450 4514
4451 4452
4451 4513
4451 4514
4452 4453
4452 4514
4452 4515
4453 4454
4453 4515
4453 4516
4454 4455
4454 4515
4454 4516
4454 4517
4455 4456
4455 4516
4455 4517
4455 4518
4456 4457
4456 4517
4456 4518
4456 4519
4457 4458
4457 4518
4457 4519
4457 4520
4458 4459
4458 4519
4458 4520
4458 4521
4459 4520
4459 4521
4459 4522
4460 4461
4460 4522
4460 4523
4460 4524
4461 4523
4461 4524
4461 4525
4462 4463
4462 4525
4462 4526
4463 4464
4463 4526
4463 4527
4464 4465
4464 4526
4464 4527
4464 4528
4465 4466
4465 4527
4465 4528
4465 4529
4466 4467
4466 4528
4466 4529
4466 4530
4467 4468
4467 4529
4467 4530
4468 4530
4468 4531
4469 4531
4469 4532
4469 4533
4470 4471
4470 4534
4470 4535
4470 4536
4471 4535
4471 4536
4471 4537
4472 4473
4472 4537
4472 4538
4472 4539
4473 4538
4473 4539
4473 4540
4474 4475
4474 4540
4474 4541
4474 4542
4475 4541
4475 4542
4476 4543
4477 4478
4477 4544
4477 4545
4478 4545
4479 4480
4479 4546
4480 4481
4480 4546
4480 4547
4481 4546
4481 4547
4481 4548
4482 4483
4482 4548
4482 4549
4483 4549
4483 4550
4484 4485
4484 4550
4484 4551
4484 4552
4485 4486
4485 4551
4485 4552
4486 4487
4486 4552
4487 4488
4487 4553
4488 4489
4488 4553
4488 4554
4489 4490
4489 4553
4489 4554
4490 4491
4490 4554
4490 4555
4491 4555
4491 4556
4492 4493
4492 4556
4492 4557
4493 4494
4493 4557
4493 4558
4494 4558
4494 4559
4495 4496
4495 4559
4495 4560
4495 4561
4496 4497
4496 4560
4496 4561
4496 4562
4497 4498
4497 4561
4497 4562
4497 4563
4498 4499
4498 4562
4498 4563
4498 4564
4499 4500
4499 4563
4499 4564
4500 4501
4500 4564
4500 4565
4501 4502
4501 4565
4502 4503
4502 4565
4502 4566
4503 4504
4503 4566
4503 4567
4504 4505
4504 4566
4504 4567
4504 4568
4505 4506
4505 4567
4505 4568
4505 4569
4506 4507
4506 4568
4506 4569
4506 4570
4507 4569
4507 4570
4507 4571
4508 4509
4508 4572
4508 4573
4508 4574
4509 4510
4509 4573
4509 4574
4509 4575
4510 4511
4510 4574
4510 4575
4511 4512
4511 4575
4512 4513
4513 4514
4513 4576
4514 4576
4514 4577
4515 4516
4515 4577
4515 4578
4515 4579
4516 4517
4516 4578
4516 4579
4516 4580
4517 4518
4517 4579
4517 4580
4517 4581
4518 4519
4518 4580
4518 4581
4518 4582
4519 4520
4519 4581
4519 4582
4519 4583
4520 4521
4520 4582
4520 4583
4521 4522
4521 4583
4521 4584
4522 4523
4522 4584
4522 4585
4523 4524
4523 4584
4523 4585
4523 4586
4524 4525
4524 4585
4524 4586
4524 4587
4525 4586
4525 4587
4525 4588
4526 4527
4526 4588
4526 4589
4526 4590
4527 4528
4527 4589
4527 4590
4528 4529
4528 4590
4528 4591
4529 4530
4529 4591
4529 4592
4530 4591
4530 4592
4531 4532
4531 4593
4531 4594
4532 4533
4532 4593
4532 4594
4532 4595
4533 4534
4533 4594
4533 4595
4533 4596
4534 4535
4534 4595
4534 4596
4534 4597
4535 4536
4535 4596
4535 4597
4535 4598
4536 4537
4536 4597
4536 4598
4536 4599
4537 4538
4537 4598
4537 4599
4537 4600
4538 4539
4538 4599
4538 4600
4538 4601
4539 4540
4539 4600
4539 4601
4540 4541
4540 4601
4540 4602
4541 4542
4541 4602
4541 4603
4542 4602
4542 4603
4542 4604
4543 4544
4543 4605
4543 4606
4544 4545
4544 4606
4544 4607
4545 4607
4545 4608
4546 4547
4546 4609
4546 4610
4546 4611
4547 4548
4547 4610
4547 4611
4547 4612
4548 4549
4548 4611
4548 4612
4548 4613
4549 4612
4549 4613
4550 4551
4551 4552
4552 4614
4553 4554
4553 4615
4553 4616
4553 4617
4554 4616
4554 4617
4554 4618
4555 4556
4555 4618
4555 4619
4556 4557
4556 4619
4556 4620
4557 4620
4558 4559
4559 4560
4559 4621
4560 4561
4560 4621
4560 4622
4561 4562
4561 4621
4561 4622
4562 4563
4562 4622
4563 4564
4563 4623
4564 4623
4564 4624
4565 4624
4565 4625
4565 4626
4566 4567
4566 4626
4566 4627
4566 4628
4567 4568
4567 4627
4567 4628
4567 4629
4568 4569
4568 4628
4568 4629
4568 4630
4569 4570
4569 4629
4569 4630
4569 4631
4570 4571
4570 4630
4570 4631
4570 4632
4571 4572
4571 4631
4571 4632
4571 4633
4572 4573
4572 4632
4572 4633
4572 4634
4573 4574
4573 4633
4573 4634
4573 4635
4574 4575
4574 4634
4574 4635
4574 4636
4575 4635
4575 4636
4575 4637
4576 4577
4576 4639
4576 4640
4577 4578
4577 4639
4577 4640
4577 4641
4578 4579
4578 4640
4578 4641
4578 4642
4579 4580
4579 4641
4579 4642
4579 4643
4580 4581
4580 4642
4580 4643
4580 4644
4581 4582
4581 4643
4581 4644
4581 4645
4582 4583
4582 4644
4582 4645
4582 4646
4583 4645
4583 4646
4583 4647
4584 4585
4584 4647
4584 4648
4585 4586
4585 4648
4586 4587
4586 4649
4587 4588
4587 4649
4587 4650
4588 4589
4588 4649
4588 4650
4588 4651
4589 4590
4589 4650
4589 4651
4590 4651
4590 4652
4591 4592
4591 4652
4591 4653
4591 4654
4592 4653
4592 4654
4592 4655
4593 4594
4593 4655
4593 4656
4593 4657
4594 4595
4594 4656
4594 4657
4594 4658
4595 4596
4595 4657
4595 4658
4595 4659
4596 4597
4596 4658
4596 4659
4596 4660
4597 4598
4597 4659
4597 4660
4598 4599
4598 4660
4598 4661
4599 4600
4599 4661
4599 4662
4600 4601
4600 4661
4600 4662
4600 4663
4601 4662
4601 4663
4601 4664
4602 4603
4602 4664
4602 4665
4602 4666
4603 4604
4603 4665
4603 4666
4603 4667
4604 4605
4604 4666
4604 4667
4604 4668
4605 4606
4605 4667
4605 4668
4605 4669
4606 4668
4606 4669
4606 4670
4607 4608
4607 4670
4607 4671
4608 4671
4609 4610
4609 4672
4609 4673
4609 4674
4610 4611
4610 4673
4610 4674
4610 4675
4611 4612
4611 4674
4611 4675
4612 4613
4612 4675
4612 4676
4613 4676
4613 4677
4614 4615
4614 4680
4614 4681
4615 4616
4615 4681
4615 4682
4616 4617
4616 4682
4616 4683
4617 4618
4617 4682
4617 4683
4617 4684
4618 4619
4618 4683
4618 4684
4618 4685
4619 4684
4619 4685
4620 4686
4620 4687
4621 4622
4621 4689
4621 4690
4621 4691
4622 4690
4622 4691
4622 4692
4623 4624
4623 4693
4623 4694
4623 4695
4624 4625
4624 4694
4624 4695
4624 4696
4625 4626
4625 4695
4625 4696
4625 4697
4626 4627
4626 4696
4626 4697
4626 4698
4627 4628
4627 4697
4627 4698
4627 4699
4628 4629
4628 4698
4628 4699
4628 4700
4629 4630
4629 4699
4629 4700
4629 4701
4630 4631
4630 4700
4630 4701
4631 4632
4631 4701
4631 4702
4632 4633
4632 4702
4633 4634
4633 4702
4633 4703
4634 4635
4634 4703
4635 4636
4635 4703
4635 4704
4636 4637
4636 4704
4637 4638
4637 4704
4637 4705
4638 4705
4638 4706
4639 4640
4639 4706
4639 4707
4640 4641
4640 4707
4640 4708
4641 4642
4641 4708
4641 4709
4642 4643
4642 4708
4642 4709
4643 4644
4643 4709
4643 4710
4644 4645
4644 4710
4644 4711
4645 4646
4645 4710
4645 4711
4645 4712
4646 4647
4646 4711
4646 4712
4646 4713
4647 4648
4647 4712
4647 4713
4648 4713
4649 4650
4649 4714
4649 4715
4650 4651
4650 4715
4650 4716
4651 4715
4651 4716
4651 4717
4652 4653
4652 4717
4652 4718
4652 4719
4653 4654
4653 4718
4653 4719
4653 4720
4654 4655
4654 4719
4654 4720
4654 4721
4655 4656
4655 4720
4655 4721
4655 4722
4656 4657
4656 4721
4656 4722
4656 4723
4657 4658
4657 4722
4657 4723
4657 4724
4658 4659
4658 4723
4658 4724
4659 4660
4659 4724
4659 4725
4660 4725
4660 4726
4661 4662
4661 4726
4661 4727
4661 4728
4662 4663
4662 4727
4662 4728
4663 4664
4663 4728
4663 4729
4664 4665
4664 4729
4664 4730
4665 4666
4665 4729
4665 4730
4666 4667
4666 4730
4666 4731
4667 4668
4667 4731
4667 4732
4668 4669
4668 4731
4668 4732
4669 4670
4669 4732
4669 4733
4670 4733
4670 4734
4671 4734
4671 4735
4672 4673
4672 4736
4672 4737
4673 4674
4673 4736
4673 4737
4673 4738
4674 4675
4674 4737
4674 4738
4674 4739
4675 4738
4675 4739
4676 4677
4676 4740
4676 4741
4677 4678
4677 4740
4677 4741
4677 4742
4678 4679
4678 4741
4678 4742
4679 4680
4679 4742
4680 4681
4681 4743
4682 4683
4682 4743
4682 4744
4682 4745
4683 4684
4683 4744
4683 4745
4683 4746
4684 4685
4684 4745
4684 4746
4684 4747
4685 4746
4685 4747
4685 4748
4686 4687
4686 4748
4686 4749
4687 4688
4687 4749
4688 4689
4688 4750
4689 4690
4689 4750
4689 4751
4690 4691
4690 4750
4690 4751
4691 4692
4691 4751
4692 4693
4692 4752
4693 4694
4693 4752
4693 4753
4694 4695
4694 4752
4694 4753
4694 4754
4695 4696
4695 4753
4695 4754
4695 4755
4696 4697
4696 4754
4696 4755
4697 4698
4697 4755
4697 4756
4698 4699
4698 4756
4699 4700
4699 4756
4699 4757
4700 4701
4700 4757
4700 4758
4701 4757
4701 4758
4701 4759
4702 4759
4702 4760
4702 4761
4703 4761
4703 4762
4703 4763
4704 4763
4704 4764
4705 4706
4705 4765
4705 4766
4706 4707
4706 4765
4706 4766
4706 4767
4707 4766
4707 4767
4707 4768
4708 4709
4708 4768
4708 4769
4709 4769
4710 4711
4710 4770
4711 4712
4711 4770
4711 4771
4712 4713
4712 4770
4712 4771
4712 4772
4713 4771
4713 4772
4713 4773
4714 4774
4714 4775
4714 4776
4715 4716
4715 4776
4715 4777
4715 4778
4716 4717
4716 4777
4716 4778
4716 4779
4717 4718
4717 4778
4717 4779
4717 4780
4718 4719
4718 4779
4718 4780
4718 4781
4719 4720
4719 4780
4719 4781
4719 4782
4720 4721
4720 4781
4720 4782
4720 4783
4721 4722
4721 4782
4721 4783
4721 4784
4722 4723
4722 4783
4722 4784
4722 4785
4723 4724
4723 4784
4723 4785
4723 4786
4724 4785
4724 4786
4725 4726
4725 4787
4725 4788
4726 4727
4726 4787
4726 4788
4726 4789
4727 4728
4727 4788
4727 4789
4727 4790
4728 4789
4728 4790
4728 4791
4729 4730
4729 4791
4729 4792
4730 4792
4730 4793
4731 4732
4731 4793
4733 4734
4733 4794
4733 4795
4734 4735
4734 4794
4734 4795
4735 4795
4736 4737
4736 4796
4736 4797
4737 4738
4737 4796
4737 4797
4737 4798
4738 4739
4738 4797
4738 4798
4739 4798
4739 4799
4740 4741
4740 4799
4740 4800
4740 4801
4741 4742
4741 4800
4741 4801
4741 4802
4742 4801
4742 4802
4742 4803
4743 4744
4743 4805
4743 4806
4743 4807
4744 4745
4744 4806
4744 4807
4745 4746
4745 4807
4745 4808
4746 4747
4746 4808
4747 4748
4747 4808
4747 4809
4748 4749
4748 4809
4748 4810
4749 4809
4749 4810
4749 4811
4750 4751
4750 4812
4750 4813
4750 4814
4751 4813
4751 4814
4752 4753
4752 4815
4752 4816
4752 4817
4753 4754
4753 4816
4753 4817
4754 4755
4754 4817
4756 4818
4757 4758
4757 4818
4757 4819
4757 4820
4758 4759
4758 4819
4758 4820
4758 4821
4759 4760
4759 4820
4759 4821
4759 4822
4760 4761
4760 4821
4760 4822
4760 4823
4761 4762
4761 4822
4761 4823
4761 4824
4762 4763
4762 4823
4762 4824
4762 4825
4763 4764
4763 4824
4763 4825
4763 4826
4764 4825
4764 4826
4764 4827
4765 4766
4765 4827
4765 4828
4765 4829
4766 4767
4766 4828
4766 4829
4766 4830
4767 4768
4767 4829
4767 4830
4767 4831
4768 4769
4768 4830
4768 4831
4768 4832
4769 4831
4769 4832
4769 4833
4770 4771
4770 4835
4770 4836
4771 4772
4771 4835
4771 4836
4771 4837
4772 4773
4772 4836
4772 4837
4772 4838
4773 4774
4773 4837
4773 4838
4773 4839
4774 4775
4774 4838
4774 4839
4774 4840
4775 4776
4775 4839
4775 4840
4776 4777
4776 4840
4776 4841
4777 4778
4777 4841
4777 4842
4778 4779
4778 4841
4778 4842
4778 4843
4779 4780
4779 4842
4779 4843
4779 4844
4780 4781
4780 4843
4780 4844
4780 4845
4781 4782
4781 4844
4781 4845
4781 4846
4782 4783
4782 4845
4782 4846
4782 4847
4783 4784
4783 4846
4783 4847
4783 4848
4784 4785
4784 4847
4784 4848
4784 4849
4785 4786
4785 4848
4785 4849
4785 4850
4786 4849
4786 4850
4786 4851
4787 4788
4787 4851
4787 4852
4787 4853
4788 4789
4788 4852
4788 4853
4788 4854
4789 4790
4789 4853
4789 4854
4789 4855
4790 4791
4790 4854
4790 4855
4790 4856
4791 4792
4791 4855
4791 4856
4791 4857
4792 4856
4792 4857
4792 4858
4793 4858
4793 4859
4793 4860
4794 4795
4794 4862
4795 4862
4795 4863
4796 4797
4796 4864
4797 4798
4797 4864
4797 4865
4798 4865
4799 4800
4799 4866
4799 4867
4800 4801
4800 4866
4800 4867
4801 4802
4801 4867
4801 4868
4802 4803
4802 4868
4802 4869
4803 4804
4803 4868
4803 4869
4803 4870
4804 4805
4804 4869
4804 4870
4804 4871
4805 4806
4805 4870
4805 4871
4805 4872
4806 4807
4806 4871
4806 4872
4806 4873
4807 4872
4807 4873
4808 4874
4808 4875
4809 4810
4809 4875
4809 4876
4809 4877
4810 4811
4810 4876
4810 4877
4811 4812
4811 4877
4811 4878
4812 4813
4812 4878
4812 4879
4813 4814
4813 4878
4813 4879
4814 4879
4814 4880
4815 4816
4815 4880
4816 4817
4817 4881
4818 4819
4818 4884
4818 4885
4819 4820
4819 4884
4819 4885
4819 4886
4820 4821
4820 4885
4820 4886
4820 4887
4821 4822
4821 4886
4821 4887
4821 4888
4822 4823
4822 4887
4822 4888
4822 4889
4823 4824
4823 4888
4823 4889
4823 4890
4824 4825
4824 4889
4824 4890
4824 4891
4825 4826
4825 4890
4825 4891
4825 4892
4826 4827
4826 4891
4826 4892
4826 4893
4827 4828
4827 4892
4827 4893
4827 4894
4828 4829
4828 4893
4828 4894
4828 4895
4829 4830
4829 4894
4829 4895
4830 4831
4830 4895
4830 4896
4831 4832
4831 4896
4831 4897
4832 4833
4832 4896
4832 4897
4832 4898
4833 4834
4833 4897
4833 4898
4833 4899
4834 4898
4834 4899
4835 4836
4835 4900
4835 4901
4836 4837
4836 4900
4836 4901
4836 4902
4837 4838
4837 4901
4837 4902
4837 4903
4838 4839
4838 4902
4838 4903
4838 4904
4839 4840
4839 4903
4839 4904
4839 4905
4840 4904
4840 4905
4840 4906
4841 4842
4841 4906
4841 4907
4842 4843
4842 4907
4842 4908
4843 4844
4843 4908
4843 4909
4844 4845
4844 4908
4844 4909
4845 4846
4845 4909
4845 4910
4846 4847
4846 4910
4846 4911
4847 4848
4847 4910
4847 4911
4847 4912
4848 4849
4848 4911
4848 4912
4848 4913
4849 4850
4849 4912
4849 4913
4850 4851
4850 4913
4850 4914
4851 4852
4851 4914
4851 4915
4852 4853
4852 4914
4852 4915
4852 4916
4853 4854
4853 4915
4853 4916
4853 4917
4854 4855
4854 4916
4854 4917
4854 4918
4855 4856
4855 4917
4855 4918
4855 4919
4856 4857
4856 4918
4856 4919
4856 4920
4857 4858
4857 4919
4857 4920
4858 4859
4858 4920
4858 4921
4859 4860
4859 4921
4859 4922
4860 4861
4860 4921
4860 4922
4860 4923
4861 4922
4861 4923
4861 4924
4862 4924
4862 4925
4862 4926
4863 4926
4863 4927
4864 4928
4864 4929
4865 4929
4865 4930
4865 4931
4866 4867
4866 4931
4866 4932
4867 4932
4867 4933
4868 4869
4868 4933
4868 4934
4868 4935
4869 4870
4869 4934
4869 4935
4869 4936
4870 4871
4870 4935
4870 4936
4871 4872
4871 4936
4871 4937
4872 4873
4872 4937
4873 4937
4873 4938
4874 4875
4874 4938
4875 4876
4876 4877
4876 4939
4877 4939
4877 4940
4878 4879
4878 4940
4878 4941
4879 4941
4880 4942
4880 4943
4881 4882
4881 4945
4881 4946
4882 4883
4882 4945
4882 4946
4882 4947
4883 4946
4883 4947
4883 4948
4884 4885
4884 4948
4884 4949
4884 4950
4885 4886
4885 4949
4885 4950
4885 4951
4886 4887
4886 4950
4886 4951
4886 4952
4887 4888
4887 4951
4887 4952
4887 4953
4888 4889
4888 4952
4888 4953
4888 4954
4889 4890
4889 4953
4889 4954
4889 4955
4890 4891
4890 4954
4890 4955
4890 4956
4891 4892
4891 4955
4891 4956
4891 4957
4892 4893
4892 4956
4892 4957
4892 4958
4893 4894
4893 4957
4893 4958
4893 4959
4894 4895
4894 4958
4894 4959
4894 4960
4895 4959
4895 4960
4895 4961
4896 4897
4896 4961
4896 4962
4896 4963
4897 4898
4897 4962
4897 4963
4897 4964
4898 4899
4898 4963
4898 4964
4898 4965
4899 4964
4899 4965
4899 4966
4900 4901
4900 4966
4900 4967
4900 4968
4901 4902
4901 4967
4901 4968
4901 4969
4902 4903
4902 4968
4902 4969
4903 4904
4903 4969
4903 4970
4904 4905
4904 4970
4904 4971
4905 4906
4905 4970
4905 4971
4906 4907
4906 4971
4906 4972
4907 4972
4908 4909
4908 4973
4908 4974
4909 4973
4909 4974
4909 4975
4910 4911
4910 4975
4910 4976
4910 4977
4911 4912
4911 4976
4911 4977
4911 4978
4912 4913
4912 4977
4912 4978
4912 4979
4913 4978
4913 4979
4913 4980
4914 4915
4914 4980
4914 4981
4915 4916
4915 4981
4915 4982
4916 4917
4916 4982
4916 4983
4917 4918
4917 4982
4917 4983
4918 4919
4918 4983
4918 4984
4919 4920
4919 4984
4919 4985
4920 4984
4920 4985
4920 4986
4921 4922
4921 4986
4921 4987
4921 4988
4922 4923
4922 4987
4922 4988
4922 4989
4923 4924
4923 4988
4923 4989
4924 4925
4924 4989
4924 4990
4925 4926
4925 4990
4925 4991
4926 4927
4926 4990
4926 4991
4926 4992
4927 4991
4927 4992
4928 4929
4928 4993
4928 4994
4929 4930
4929 4993
4929 4994
4930 4931
4930 4994
4930 4995
4931 4995
4931 4996
4932 4933
4932 4996
4932 4997
4932 4998
4933 4934
4933 4997
4933 4998
4933 4999
4934 4935
4934 4998
4934 4999
4934 5000
4935 4936
4935 4999
4935 5000
4935 5001
4936 5000
4936 5001
4936 5002
4937 5002
4937 5003
4937 5004
4938 5004
4938 5005
4939 4940
4939 5007
4939 5008
4939 5009
4940 5008
4940 5009
4940 5010
4941 5010
4941 5011
4941 5012
4942 4943
4942 5012
4942 5013
4942 5014
4943 4944
4943 5013
4943 5014
4943 5015
4944 5014
4944 5015
4944 5016
4945 4946
4945 5016
4945 5017
4945 5018
4946 4947
4946 5017
4946 5018
4947 4948
4947 5018
4947 5019
4948 4949
4948 5019
4948 5020
4949 4950
4949 5019
4949 5020
4950 4951
4950 5020
4950 5021
4951 4952
4951 5021
4951 5022
4952 4953
4952 5021
4952 5022
4952 5023
4953 4954
4953 5022
4953 5023
4954 4955
4954 5023
4955 4956
4955 5024
4956 4957
4956 5024
4956 5025
4957 4958
4957 5024
4957 5025
4957 5026
4958 4959
4958 5025
4958 5026
4958 5027
4959 4960
4959 5026
4959 5027
4959 5028
4960 4961
4960 5027
4960 5028
4960 5029
4961 4962
4961 5028
4961 5029
4961 5030
4962 4963
4962 5029
4962 5030
4962 5031
4963 4964
4963 5030
4963 5031
4964 4965
4964 5031
4964 5032
4965 4966
4965 5032
4965 5033
4966 4967
4966 5032
4966 5033
4966 5034
4967 4968
4967 5033
4967 5034
4968 4969
4968 5034
4968 5035
4969 5035
4969 5036
4970 4971
4970 5036
4970 5037
4970 5038
4971 5037
4971 5038
4972 5039
4972 5040
4973 4974
4973 5040
4973 5041
4973 5042
4974 4975
4974 5041
4974 5042
4975 4976
4975 5042
4975 5043
4976 4977
4976 5043
4976 5044
4977 4978
4977 5043
4977 5044
4977 5045
4978 4979
4978 5044
4978 5045
4979 4980
4979 5045
4980 4981
4981 5046
4982 4983
4982 5046
4982 5047
4982 5048
4983 5047
4983 5048
4983 5049
4984 4985
4984 5049
4984 5050
4984 5051
4985 4986
4985 5050
4985 5051
4985 5052
4986 4987
4986 5051
4986 5052
4986 5053
4987 4988
4987 5052
4987 5053
4988 4989
4988 5053
4988 5054
4989 5054
4989 5055
4990 4991
4990 5055
4990 5056
4990 5057
4991 4992
4991 5056
4991 5057
4991 5058
4992 5057
4992 5058
4993 4994
4993 5059
4994 5059
4994 5060
4995 4996
4995 5060
4995 5061
4996 4997
4996 5061
4996 5062
4997 4998
4997 5062
4997 5063
4998 4999
4998 5062
4998 5063
4998 5064
4999 5000
4999 5063
4999 5064
5000 5001
5000 5064
5000 5065
5001 5002
5001 5065
5002 5003
5002 5065
5002 5066
5003 5004
5003 5066
5004 5066
5004 5067
5005 5006
5005 5067
5005 5068
5006 5007
5006 5068
5006 5069
5007 5008
5007 5069
5007 5070
5008 5009
5008 5069
5008 5070
5008 5071
5009 5010
5009 5070
5009 5071
5009 5072
5010 5011
5010 5071
5010 5072
5010 5073
5011 5012
5011 5072
5011 5073
5011 5074
5012 5013
5012 5073
5012 5074
5013 5014
5013 5074
5014 5015
5015 5016
5015 5075
5016 5017
5016 5075
5016 5076
5017 5018
5017 5075
5017 5076
5017 5077
5018 5076
5018 5077
5018 5078
5019 5020
5019 5078
5019 5079
5020 5079
5020 5080
5021 5022
5021 5080
5021 5081
5021 5082
5022 5023
5022 5081
5022 5082
5022 5083
5023 5082
5023 5083
5023 5084
5024 5025
5024 5085
5024 5086
5024 5087
5025 5026
5025 5086
5025 5087
5025 5088
5026 5027
5026 5087
5026 5088
5026 5089
5027 5028
5027 5088
5027 5089
5027 5090
5028 5029
5028 5089
5028 5090
5028 5091
5029 5030
5029 5090
5029 5091
5030 5031
5030 5091
5030 5092
5031 5092
5031 5093
5032 5033
5032 5093
5032 5094
5033 5034
5033 5094
5033 5095
5034 5095
5034 5096
5035 5036
5035 5096
5036 5037
5036 5097
5037 5038
5037 5097
5037 5098
5038 5097
5038 5098
5038 5099
5039 5040
5039 5099
5040 5041
5040 5100
5041 5042
5041 5100
5041 5101
5042 5100
5042 5101
5042 5102
5043 5044
5043 5102
5043 5103
5044 5045
5044 5103
5044 5104
5045 5103
5045 5104
5045 5105
5046 5047
5046 5107
5046 5108
5047 5048
5047 5108
5047 5109
5048 5049
5048 5109
5048 5110
5049 5050
5049 5109
5049 5110
5049 5111
5050 5051
5050 5110
5050 5111
5050 5112
5051 5052
5051 5111
5051 5112
5051 5113
5052 5053
5052 5112
5052 5113
5052 5114
5053 5113
5053 5114
5053 5115
5054 5055
5054 5115
5054 5116
5054 5117
5055 5056
5055 5116
5055 5117
5055 5118
5056 5057
5056 5117
5056 5118
5056 5119
5057 5058
5057 5118
5057 5119
5058 5119
5060 5061
5062 5063
5063 5064
5067 5068
5069 5070
5070 5071
5071 5072
5072 5073
5073 5074
5075 5076
5076 5077
5077 5078
5078 5079
5080 5081
5081 5082
5082 5083
5083 5084
5084 5085
5085 5086
5086 5087
5087 5088
5088 5089
5089 5090
5090 5091
5092 5093
5093 5094
5095 5096
5097 5098
5098 5099
5100 5101
5101 5102
5103 5104
5104 5105
5105 5106
5106 5107
5107 5108
5109 5110
5110 5111
5111 5112
5112 5113
5113 5114
5114 5115
5115 5116
5116 5117
5117 5118
5118 5119
