# FromNodeId	ToNodeId
0 1
0 54
1 54
1 55
2 55
2 56
2 57
3 4
3 57
3 58
4 5
4 58
4 59
5 6
5 58
5 59
5 60
6 7
6 59
6 60
6 61
7 8
7 60
7 61
7 62
8 9
8 61
8 62
8 63
9 10
9 62
9 63
9 64
10 11
10 63
10 64
10 65
11 12
11 64
11 65
11 66
12 13
12 65
12 66
13 66
13 67
14 15
14 67
14 68
14 69
15 16
15 68
15 69
15 70
16 69
16 70
16 71
17 18
17 71
17 72
17 73
18 19
18 72
18 73
18 74
19 20
19 73
19 74
19 75
20 74
20 75
21 76
21 77
22 23
22 77
22 78
22 79
23 78
23 79
23 80
24 25
24 80
24 81
25 26
25 81
25 82
26 81
26 82
27 28
27 83
28 83
28 84
29 30
29 84
29 85
30 85
30 86
31 32
31 87
31 88
31 89
32 33
32 88
32 89
32 90
33 89
33 90
34 91
35 36
35 92
36 37
36 93
37 38
37 93
37 94
38 39
38 93
38 94
38 95
39 40
39 94
39 95
39 96
40 41
40 95
40 96
40 97
41 42
41 96
41 97
42 43
42 97
42 98
43 44
43 98
43 99
44 45
44 98
44 99
44 100
45 46
45 99
45 100
45 101
46 100
46 101
46 102
47 48
47 102
47 103
48 49
48 103
48 104
49 50
49 103
49 104
49 105
50 51
50 104
50 105
50 106
51 105
51 106
52 53
52 107
52 108
53 107
53 108
54 55
54 109
55 56
55 109
55 110
56 57
56 110
56 111
57 110
57 111
57 112
58 59
58 112
58 113
58 114
59 60
59 113
59 114
60 61
60 114
60 115
61 62
61 115
61 116
62 63
62 115
62 116
63 64
63 116
63 117
64 65
64 117
64 118
65 66
65 117
65 118
65 119
66 118
66 119
66 120
67 68
67 120
67 121
68 69
68 121
69 70
69 121
70 71
70 122
71 72
71 122
71 123
72 73
72 122
72 123
73 74
73 123
73 124
74 75
74 124
74 125
75 124
75 125
75 126
76 77
76 126
76 127
77 78
77 127
77 128
78 79
78 128
78 129
79 80
79 128
79 129
79 130
80 129
80 130
80 131
81 82
81 131
81 132
81 133
82 132
82 133
82 134
83 84
83 135
83 136
84 85
84 135
84 136
84 137
85 136
85 137
85 138
86 87
86 138
86 139
86 140
87 88
87 139
87 140
87 141
88 89
88 140
88 141
88 142
89 90
89 141
89 142
90 142
90 143
91 143
91 144
91 145
92 145
92 146
92 147
93 94
93 148
93 149
94 95
94 149
94 150
95 96
95 149
95 150
95 151
96 97
96 150
96 151
97 151
97 152
98 99
98 152
99 100
99 153
100 101
100 153
100 154
101 102
101 153
101 154
102 154
102 155
103 104
103 155
103 156
103 157
104 105
104 156
104 157
104 158
105 106
105 157
105 158
105 159
106 158
106 159
106 160
107 108
107 160
107 161
107 162
108 161
108 162
109 163
109 164
109 165
110 111
110 165
110 166
110 167
111 112
111 166
111 167
111 168
112 113
112 167
112 168
113 114
113 168
113 169
114 169
114 170
115 116
115 170
115 171
115 172
116 171
116 172
116 173
117 118
117 173
117 174
117 175
118 119
118 174
118 175
118 176
119 120
119 175
119 176
119 177
120 176
120 177
120 178
121 178
121 179
122 123
122 180
122 181
123 181
123 182
124 125
124 182
124 183
124 184
125 126
125 183
125 184
125 185
126 127
126 184
126 185
126 186
127 185
127 186
127 187
128 129
128 187
128 188
129 130
129 188
130 131
130 189
131 132
131 189
131 190
132 133
132 189
132 190
132 191
133 134
133 190
133 191
133 192
134 191
134 192
134 193
135 136
135 193
135 194
136 137
136 194
136 195
137 138
137 194
137 195
137 196
138 139
138 195
138 196
138 197
139 140
139 196
139 197
139 198
140 141
140 197
140 198
140 199
141 142
141 198
141 199
142 199
142 200
143 144
143 200
143 201
143 202
144 145
144 201
144 202
144 203
145 146
145 202
145 203
146 147
146 203
146 204
147 148
147 204
147 205
148 204
148 205
148 206
149 150
149 206
149 207
149 208
150 151
150 207
150 208
150 209
151 208
151 209
151 210
152 210
152 211
152 212
153 154
153 213
153 214
153 215
154 214
154 215
154 216
155 156
155 216
155 217
155 218
156 157
156 217
156 218
156 219
157 158
157 218
157 219
158 159
158 219
158 220
159 160
159 220
160 161
160 220
161 162
161 221
162 221
163 164
164 165
165 166
166 167
166 222
167 168
167 222
167 223
168 222
168 223
169 170
169 224
170 171
170 224
170 225
171 172
171 225
172 173
172 225
172 226
173 174
173 226
173 227
174 175
174 226
174 227
174 228
175 176
175 227
175 228
175 229
176 177
176 228
176 229
177 178
177 229
177 230
178 230
178 231
179 180
179 231
179 232
179 233
180 232
180 233
180 234
181 182
181 234
181 235
182 183
182 235
182 236
183 184
183 235
183 236
184 185
184 236
184 237
185 186
185 237
185 238
186 187
186 237
186 238
186 239
187 188
187 238
187 239
187 240
188 239
188 240
188 241
189 190
189 242
189 243
189 244
190 191
190 243
190 244
190 245
191 192
191 244
191 245
191 246
192 193
192 245
192 246
192 247
193 246
193 247
193 248
194 195
194 248
194 249
195 196
195 249
195 250
196 197
196 250
196 251
197 198
197 250
197 251
197 252
198 199
198 251
198 252
198 253
199 252
199 253
199 254
200 201
200 254
200 255
200 256
201 202
201 255
201 256
201 257
202 203
202 256
202 257
202 258
203 257
203 258
204 205
204 259
204 260
205 206
205 259
205 260
205 261
206 207
206 260
206 261
207 208
207 261
208 209
208 262
209 210
209 262
210 211
210 262
210 263
211 212
211 263
212 213
212 263
212 264
213 214
213 264
213 265
214 215
214 264
214 265
214 266
215 216
215 265
215 266
215 267
216 217
216 266
216 267
217 218
217 267
217 268
218 219
218 268
218 269
219 268
219 269
219 270
220 270
220 271
221 272
222 223
222 276
222 277
223 276
223 277
223 278
224 278
224 279
224 280
225 280
225 281
225 282
226 227
226 282
226 283
226 284
227 228
227 283
227 284
227 285
228 229
228 284
228 285
228 286
229 285
229 286
229 287
230 231
230 287
230 288
230 289
231 232
231 288
231 289
232 233
232 289
232 290
233 234
233 290
233 291
234 290
234 291
234 292
235 236
235 292
235 293
236 293
236 294
237 238
237 294
237 295
238 239
238 295
238 296
239 240
239 295
239 296
240 241
240 296
240 297
241 242
241 297
241 298
242 243
242 297
242 298
243 244
243 298
244 245
244 299
245 246
245 299
245 300
246 247
246 299
246 300
246 301
247 248
247 300
247 301
248 249
248 301
248 302
249 302
249 303
250 251
250 303
250 304
250 305
251 252
251 304
251 305
252 253
252 305
252 306
253 254
253 306
254 255
254 306
254 307
255 256
255 307
255 308
256 257
256 307
256 308
256 309
257 258
257 308
257 309
257 310
258 309
258 310
258 311
259 260
259 311
259 312
259 313
260 261
260 312
260 313
260 314
261 313
261 314
261 315
262 316
262 317
263 317
263 318
264 265
264 318
264 319
264 320
265 266
265 319
265 320
265 321
266 267
266 320
266 321
266 322
267 321
267 322
267 323
268 269
268 323
268 324
269 270
269 324
270 271
270 325
271 325
271 326
272 327
272 328
273 274
273 329
274 275
274 329
274 330
275 329
275 330
275 331
276 277
276 331
276 332
277 278
277 332
277 333
278 279
278 333
279 280
279 333
279 334
280 281
280 334
280 335
281 282
281 334
281 335
281 336
282 283
282 335
282 336
283 284
283 336
283 337
284 285
284 337
284 338
285 286
285 337
285 338
285 339
286 287
286 338
286 339
286 340
287 288
287 339
287 340
287 341
288 289
288 340
288 341
288 342
289 341
289 342
289 343
290 291
290 343
290 344
291 292
291 344
291 345
292 345
292 346
293 294
293 346
293 347
294 347
295 296
295 348
295 349
296 348
296 349
296 350
297 298
297 350
297 351
298 351
298 352
299 300
299 353
299 354
299 355
300 301
300 354
300 355
300 356
301 355
301 356
301 357
302 303
302 357
302 358
302 359
303 304
303 358
303 359
303 360
304 305
304 359
304 360
304 361
305 360
305 361
305 362
306 362
306 363
306 364
307 308
307 364
307 365
307 366
308 309
308 365
308 366
308 367
309 310
309 366
309 367
309 368
310 311
310 367
310 368
310 369
311 312
311 368
311 369
311 370
312 313
312 369
312 370
312 371
313 314
313 370
313 371
313 372
314 315
314 371
314 372
315 372
315 373
316 317
316 373
316 374
316 375
317 374
317 375
317 376
318 319
318 376
318 377
318 378
319 320
319 377
319 378
320 321
320 378
320 379
321 322
321 379
322 323
322 379
322 380
323 324
323 380
323 381
324 380
324 381
325 326
325 382
325 383
326 327
326 383
327 328
327 383
329 330
329 384
329 385
330 331
330 385
330 386
331 332
331 386
332 386
332 387
333 387
333 388
333 389
334 335
334 389
334 390
334 391
335 336
335 390
335 391
336 391
337 338
337 392
337 393
338 339
338 392
338 393
338 394
339 340
339 393
339 394
339 395
340 341
340 394
340 395
341 342
341 395
341 396
342 343
342 396
343 344
343 396
344 397
345 346
345 397
345 398
345 399
346 347
346 398
346 399
347 399
348 349
348 400
348 401
348 402
349 350
349 401
349 402
349 403
350 402
350 403
350 404
351 352
351 404
351 405
352 353
352 405
352 406
353 354
353 405
353 406
353 407
354 355
354 406
354 407
354 408
355 356
355 407
355 408
355 409
356 357
356 408
356 409
356 410
357 358
357 409
357 410
357 411
358 359
358 410
358 411
358 412
359 360
359 411
359 412
359 413
360 361
360 412
360 413
361 362
361 413
361 414
362 363
362 414
363 364
363 414
363 415
364 365
364 415
364 416
365 366
365 415
365 416
365 417
366 367
366 416
366 417
367 368
367 417
367 418
368 369
368 418
368 419
369 370
369 418
369 419
369 420
370 371
370 419
370 420
370 421
371 372
371 420
371 421
371 422
372 421
372 422
372 423
373 374
373 423
373 424
373 425
374 375
374 424
374 425
374 426
375 376
375 425
375 426
375 427
376 377
376 426
376 427
377 378
377 427
377 428
378 428
379 429
379 430
380 381
380 430
380 431
381 431
381 432
382 432
382 433
382 434
383 434
383 435
383 436
384 385
384 438
384 439
385 438
385 439
385 440
386 440
386 441
387 388
387 442
388 389
388 442
388 443
389 390
389 442
389 443
389 444
390 391
390 443
390 444
390 445
391 444
391 445
391 446
392 393
392 447
392 448
392 449
393 394
393 448
393 449
393 450
394 395
394 449
394 450
394 451
395 450
395 451
395 452
396 452
396 453
396 454
397 398
397 455
397 456
397 457
398 399
398 456
398 457
399 457
400 401
400 458
400 459
400 460
401 402
401 459
401 460
401 461
402 403
402 460
402 461
402 462
403 404
403 461
403 462
403 463
404 462
404 463
405 406
405 464
405 465
406 407
406 464
406 465
406 466
407 408
407 465
407 466
407 467
408 409
408 466
408 467
408 468
409 410
409 467
409 468
409 469
410 411
410 468
410 469
411 412
411 469
411 470
412 413
412 470
412 471
413 470
413 471
413 472
414 472
414 473
414 474
415 416
415 474
415 475
415 476
416 417
416 475
416 476
417 476
418 419
418 477
418 478
419 420
419 477
419 478
420 421
420 478
420 479
421 422
421 479
421 480
422 423
422 479
422 480
422 481
423 424
423 480
423 481
423 482
424 425
424 481
424 482
425 426
425 482
425 483
426 427
426 483
426 484
427 483
427 484
427 485
428 485
428 486
428 487
429 430
429 487
429 488
429 489
430 431
430 488
430 489
430 490
431 489
431 490
431 491
432 433
432 491
432 492
432 493
433 434
433 492
433 493
433 494
434 435
434 493
434 494
435 436
435 494
435 495
436 437
436 495
436 496
437 495
437 496
438 439
438 497
438 498
439 440
439 497
439 498
440 441
440 498
441 499
442 443
442 500
442 501
443 444
443 501
443 502
444 445
444 502
444 503
445 446
445 502
445 503
445 504
446 447
446 503
446 504
446 505
447 448
447 504
447 505
448 449
448 505
448 506
449 450
449 506
450 451
450 506
450 507
451 452
451 507
451 508
452 453
452 507
452 508
452 509
453 454
453 508
453 509
453 510
454 455
454 509
454 510
454 511
455 456
455 510
455 511
455 512
456 457
456 511
456 512
456 513
457 512
457 513
458 459
458 514
458 515
458 516
459 460
459 515
459 516
459 517
460 461
460 516
460 517
460 518
461 462
461 517
461 518
461 519
462 463
462 518
462 519
462 520
463 519
463 520
463 521
464 465
464 521
464 522
464 523
465 466
465 522
465 523
466 467
466 523
466 524
467 468
467 524
467 525
468 469
468 524
468 525
468 526
469 525
469 526
469 527
470 471
470 527
470 528
471 472
471 528
471 529
472 473
472 528
472 529
472 530
473 474
473 529
473 530
473 531
474 475
474 530
474 531
474 532
475 476
475 531
475 532
475 533
476 532
476 533
476 534
477 478
477 535
477 536
478 536
478 537
479 480
479 537
479 538
479 539
480 481
480 538
480 539
480 540
481 482
481 539
481 540
481 541
482 540
482 541
483 484
483 542
483 543
484 485
484 542
484 543
484 544
485 486
485 543
485 544
486 487
486 544
487 488
487 545
488 489
488 545
488 546
489 490
489 545
489 546
490 491
490 546
490 547
491 492
491 547
491 548
492 493
492 547
492 548
493 494
493 548
493 549
494 549
494 550
495 496
495 550
495 551
496 551
497 498
497 552
497 553
498 552
498 553
498 554
499 500
499 555
499 556
499 557
500 501
500 556
500 557
500 558
501 557
501 558
501 559
502 503
502 559
502 560
502 561
503 504
503 560
503 561
503 562
504 505
504 561
504 562
504 563
505 562
505 563
505 564
506 564
506 565
507 508
507 566
507 567
508 509
508 566
508 567
508 568
509 510
509 567
509 568
510 511
510 568
510 569
511 512
511 569
511 570
512 513
512 569
512 570
512 571
513 570
513 571
513 572
514 515
514 572
514 573
514 574
515 516
515 573
515 574
516 517
516 574
516 575
517 518
517 575
517 576
518 519
518 575
518 576
518 577
519 520
519 576
519 577
519 578
520 521
520 577
520 578
520 579
521 522
521 578
521 579
521 580
522 523
522 579
522 580
522 581
523 580
523 581
523 582
524 525
524 582
524 583
525 526
525 583
525 584
526 527
526 583
526 584
526 585
527 584
527 585
527 586
528 529
528 586
528 587
528 588
529 530
529 587
529 588
529 589
530 531
530 588
530 589
530 590
531 532
531 589
531 590
531 591
532 533
532 590
532 591
532 592
533 534
533 591
533 592
533 593
534 535
534 592
534 593
535 593
535 594
536 537
536 594
536 595
537 538
537 595
537 596
538 539
538 595
538 596
538 597
539 540
539 596
539 597
540 541
540 597
540 598
541 598
541 599
542 543
542 599
542 600
542 601
543 544
543 600
543 601
543 602
544 601
544 602
544 603
545 546
545 604
545 605
545 606
546 605
546 606
547 548
547 607
548 607
548 608
549 550
549 608
549 609
549 610
550 609
550 610
552 553
552 611
552 612
553 554
553 611
553 612
553 613
554 555
554 612
554 613
554 614
555 556
555 613
555 614
555 615
556 557
556 614
556 615
556 616
557 558
557 615
557 616
557 617
558 559
558 616
558 617
558 618
559 560
559 617
559 618
560 561
560 618
560 619
561 562
561 619
561 620
562 563
562 619
562 620
562 621
563 564
563 620
563 621
563 622
564 565
564 621
564 622
564 623
565 622
565 623
565 624
566 567
566 624
566 625
566 626
567 568
567 625
567 626
568 626
569 570
569 627
569 628
570 571
570 627
570 628
570 629
571 572
571 628
571 629
571 630
572 573
572 629
572 630
572 631
573 574
573 630
573 631
573 632
574 631
574 632
574 633
575 576
575 633
575 634
575 635
576 577
576 634
576 635
576 636
577 578
577 635
577 636
577 637
578 579
578 636
578 637
579 580
579 637
579 638
580 581
580 638
580 639
581 582
581 638
581 639
581 640
582 639
582 640
582 641
583 584
583 641
583 642
583 643
584 585
584 642
584 643
584 644
585 586
585 643
585 644
586 587
586 644
587 588
588 589
588 645
589 590
589 645
589 646
590 591
590 645
590 646
590 647
591 592
591 646
591 647
591 648
592 593
592 647
592 648
592 649
593 648
593 649
593 650
594 650
594 651
594 652
595 596
595 652
595 653
596 597
596 653
597 654
598 599
598 654
598 655
599 600
599 655
599 656
600 601
600 656
601 602
601 656
601 657
602 603
602 657
603 604
603 657
603 658
604 605
604 658
604 659
605 606
605 658
605 659
606 659
606 660
607 608
607 661
608 609
608 661
608 662
609 610
609 661
609 662
609 663
610 662
610 663
610 664
611 612
611 666
611 667
612 613
612 666
612 667
612 668
613 614
613 667
613 668
614 615
614 668
615 616
615 669
616 617
616 669
617 618
617 669
617 670
618 670
619 620
619 671
619 672
620 621
620 671
620 672
621 622
621 672
621 673
622 623
622 673
622 674
623 624
623 673
623 674
623 675
624 625
624 674
624 675
624 676
625 626
625 675
625 676
625 677
626 676
626 677
626 678
627 628
627 679
627 680
627 681
628 629
628 680
628 681
629 630
629 681
629 682
630 631
630 682
630 683
631 632
631 682
631 683
631 684
632 633
632 683
632 684
632 685
633 634
633 684
633 685
633 686
634 635
634 685
634 686
634 687
635 636
635 686
635 687
636 637
636 687
636 688
637 688
637 689
638 639
638 689
638 690
638 691
639 640
639 690
639 691
639 692
640 641
640 691
640 692
640 693
641 642
641 692
641 693
641 694
642 643
642 693
642 694
642 695
643 644
643 694
643 695
643 696
644 695
644 696
644 697
645 646
645 699
645 700
645 701
646 647
646 700
646 701
646 702
647 648
647 701
647 702
648 649
648 702
648 703
649 650
649 703
649 704
650 651
650 703
650 704
650 705
651 652
651 704
651 705
651 706
652 653
652 705
652 706
652 707
653 706
653 707
653 708
654 655
654 709
654 710
654 711
655 710
655 711
655 712
656 712
656 713
657 713
657 714
658 659
658 715
659 715
659 716
660 716
660 717
660 718
661 662
661 719
661 720
661 721
662 663
662 720
662 721
662 722
663 664
663 721
663 722
663 723
664 665
664 722
664 723
664 724
665 723
665 724
666 667
666 725
666 726
667 668
667 725
667 726
667 727
668 726
668 727
668 728
669 729
669 730
670 730
670 731
670 732
671 672
671 732
671 733
671 734
672 733
672 734
672 735
673 674
673 735
673 736
674 675
674 736
674 737
675 676
675 736
675 737
675 738
676 677
676 737
676 738
676 739
677 678
677 738
677 739
678 679
678 739
678 740
679 680
679 740
679 741
680 681
680 740
680 741
680 742
681 741
681 742
681 743
682 683
682 743
682 744
683 684
683 744
684 685
685 686
686 687
686 745
687 745
687 746
688 689
688 746
688 747
688 748
689 690
689 747
689 748
689 749
690 691
690 748
690 749
690 750
691 692
691 749
691 750
692 693
692 750
692 751
693 694
693 751
694 695
694 751
694 752
695 696
695 752
695 753
696 697
696 752
696 753
696 754
697 698
697 753
697 754
698 699
698 754
698 755
699 700
699 755
699 756
700 701
700 755
700 756
701 702
701 756
701 757
702 757
702 758
703 704
703 758
703 759
704 705
704 759
704 760
705 706
705 760
706 707
706 760
706 761
707 708
707 761
707 762
708 709
708 761
708 762
708 763
709 710
709 762
709 763
710 711
710 763
710 764
711 712
711 764
711 765
712 764
712 765
712 766
713 714
713 766
713 767
713 768
714 767
714 768
714 769
715 716
715 770
715 771
716 717
716 771
717 718
717 772
718 719
718 772
719 720
719 772
720 721
720 773
721 722
721 773
721 774
722 723
722 773
722 774
722 775
723 724
723 774
723 775
723 776
724 775
724 776
725 726
725 777
725 778
726 727
726 777
726 778
726 779
727 728
727 778
727 779
727 780
728 729
728 779
728 780
729 780
730 731
730 781
730 782
731 732
731 781
731 782
731 783
732 733
732 782
732 783
732 784
733 734
733 783
733 784
733 785
734 735
734 784
734 785
734 786
735 785
735 786
736 737
736 787
736 788
737 738
737 787
737 788
737 789
738 739
738 788
738 789
738 790
739 789
739 790
739 791
740 741
740 791
740 792
741 742
741 792
741 793
742 743
742 793
742 794
743 744
743 793
743 794
743 795
744 794
744 795
744 796
745 746
745 799
745 800
746 747
746 799
746 800
746 801
747 748
747 800
747 801
747 802
748 749
748 801
748 802
748 803
749 750
749 802
749 803
749 804
750 803
750 804
751 805
751 806
752 753
752 806
752 807
753 754
753 807
753 808
754 807
754 808
754 809
755 756
755 809
755 810
755 811
756 810
756 811
757 758
757 812
758 759
758 812
758 813
759 813
759 814
760 814
760 815
760 816
761 762
761 816
761 817
761 818
762 763
762 817
762 818
763 818
764 765
764 819
764 820
765 766
765 819
765 820
765 821
766 767
766 820
766 821
767 768
767 821
767 822
768 769
768 822
768 823
769 770
769 822
769 823
769 824
770 771
770 823
770 824
770 825
771 824
771 825
771 826
772 827
772 828
772 829
773 774
773 830
773 831
773 832
774 775
774 831
774 832
774 833
775 776
775 832
775 833
776 833
777 778
777 834
777 835
778 779
778 834
778 835
778 836
779 780
779 835
779 836
779 837
780 836
780 837
780 838
781 782
781 839
781 840
781 841
782 783
782 840
782 841
782 842
783 784
783 841
783 842
784 785
784 842
784 843
785 786
785 843
785 844
786 843
786 844
786 845
787 788
787 845
787 846
788 789
788 846
788 847
789 790
789 846
789 847
789 848
790 791
790 847
790 848
790 849
791 792
791 848
791 849
791 850
792 849
792 850
792 851
793 794
793 851
793 852
793 853
794 795
794 852
794 853
794 854
795 796
795 853
795 854
795 855
796 797
796 854
796 855
796 856
797 798
797 855
797 856
797 857
798 856
798 857
798 858
799 800
799 858
799 859
799 860
800 801
800 859
800 860
800 861
801 802
801 860
801 861
802 803
802 861
802 862
803 804
803 862
803 863
804 862
804 863
804 864
805 806
805 864
805 865
805 866
806 865
806 866
806 867
807 808
807 867
807 868
807 869
808 809
808 868
808 869
809 810
809 869
810 811
810 870
811 870
811 871
812 871
812 872
813 814
813 873
813 874
814 815
814 873
814 874
815 816
815 874
815 875
816 817
816 875
816 876
817 818
817 875
817 876
817 877
818 876
818 877
818 878
819 820
819 879
819 880
820 821
820 880
820 881
821 880
821 881
821 882
822 823
822 882
822 883
822 884
823 824
823 883
823 884
824 825
824 884
824 885
825 826
825 885
825 886
826 827
826 885
826 886
826 887
827 828
827 886
827 887
827 888
828 829
828 887
828 888
828 889
829 830
829 888
829 889
829 890
830 831
830 889
830 890
830 891
831 832
831 890
831 891
831 892
832 833
832 891
832 892
832 893
833 892
833 893
833 894
834 835
834 895
834 896
835 836
835 895
835 896
836 837
836 896
836 897
837 838
837 897
837 898
838 839
838 897
838 898
838 899
839 840
839 898
839 899
839 900
840 841
840 899
840 900
840 901
841 842
841 900
841 901
841 902
842 901
842 902
842 903
843 844
843 903
843 904
844 845
844 904
845 904
845 905
846 847
846 905
846 906
846 907
847 848
847 906
847 907
847 908
848 849
848 907
848 908
848 909
849 850
849 908
849 909
849 910
850 851
850 909
850 910
850 911
851 852
851 910
851 911
851 912
852 853
852 911
852 912
853 854
853 912
853 913
854 855
854 913
854 914
855 856
855 913
855 914
855 915
856 857
856 914
856 915
856 916
857 858
857 915
857 916
857 917
858 859
858 916
858 917
858 918
859 860
859 917
859 918
859 919
860 861
860 918
860 919
861 919
861 920
862 863
862 920
862 921
863 864
863 921
863 922
864 865
864 921
864 922
864 923
865 866
865 922
865 923
865 924
866 867
866 923
866 924
867 868
867 924
868 869
868 925
869 925
869 926
870 871
870 927
870 928
870 929
871 872
871 928
871 929
871 930
872 929
872 930
873 874
873 931
873 932
874 931
874 932
874 933
875 876
875 933
875 934
876 877
876 934
876 935
877 878
877 935
878 879
878 935
878 936
879 936
879 937
880 881
880 937
880 938
880 939
881 882
881 938
881 939
881 940
882 883
882 939
882 940
882 941
883 884
883 940
883 941
883 942
884 941
884 942
884 943
885 886
885 943
885 944
885 945
886 887
886 944
886 945
886 946
887 888
887 945
887 946
887 947
888 889
888 946
888 947
888 948
889 890
889 947
889 948
889 949
890 891
890 948
890 949
890 950
891 892
891 949
891 950
891 951
892 893
892 950
892 951
892 952
893 894
893 951
893 952
893 953
894 952
894 953
895 896
896 954
897 898
897 954
897 955
898 899
898 955
899 900
899 955
900 901
901 902
902 903
902 956
903 956
903 957
904 957
904 958
904 959
905 906
905 959
906 907
906 960
907 908
907 960
907 961
908 909
908 960
908 961
908 962
909 910
909 961
909 962
909 963
910 911
910 962
910 963
910 964
911 912
911 963
911 964
911 965
912 964
912 965
912 966
913 914
913 966
913 967
913 968
914 915
914 967
914 968
914 969
915 916
915 968
915 969
916 917
916 969
916 970
917 918
917 970
917 971
918 919
918 970
918 971
918 972
919 971
919 972
919 973
920 973
920 974
920 975
921 922
921 975
921 976
921 977
922 923
922 976
922 977
922 978
923 924
923 977
923 978
924 978
924 979
925 926
925 980
925 981
926 927
926 981
926 982
927 928
927 981
927 982
927 983
928 929
928 982
928 983
929 930
929 983
929 984
930 984
930 985
931 932
931 985
931 986
932 933
932 986
932 987
933 934
933 987
933 988
934 987
934 988
934 989
935 989
936 937
936 990
936 991
937 938
937 990
937 991
937 992
938 939
938 991
938 992
939 940
939 992
940 941
941 942
941 993
942 943
942 993
943 944
943 993
944 945
945 946
945 994
946 947
946 994
946 995
947 948
947 994
947 995
947 996
948 949
948 995
948 996
948 997
949 950
949 996
949 997
949 998
950 951
950 997
950 998
950 999
951 952
951 998
951 999
951 1000
952 953
952 999
952 1000
952 1001
953 1000
953 1001
954 1003
955 1003
955 1004
955 1005
956 957
956 1008
956 1009
956 1010
957 958
957 1009
957 1010
957 1011
958 959
958 1010
958 1011
958 1012
959 1011
959 1012
959 1013
960 961
960 1014
960 1015
961 962
961 1014
961 1015
961 1016
962 963
962 1015
962 1016
962 1017
963 964
963 1016
963 1017
963 1018
964 965
964 1017
964 1018
965 966
965 1018
966 967
967 968
967 1019
968 969
968 1019
968 1020
969 1019
969 1020
969 1021
970 971
970 1021
970 1022
970 1023
971 972
971 1022
971 1023
972 973
972 1023
972 1024
973 974
973 1024
973 1025
974 975
974 1024
974 1025
974 1026
975 976
975 1025
975 1026
975 1027
976 977
976 1026
976 1027
976 1028
977 978
977 1027
977 1028
977 1029
978 1028
978 1029
978 1030
979 980
979 1030
979 1031
979 1032
980 1031
980 1032
980 1033
981 982
981 1033
981 1034
981 1035
982 983
982 1034
982 1035
982 1036
983 1035
983 1036
983 1037
984 985
984 1037
984 1038
984 1039
985 986
985 1038
985 1039
985 1040
986 1039
986 1040
986 1041
987 988
987 1041
987 1042
987 1043
988 989
988 1042
988 1043
989 1043
990 991
990 1044
990 1045
990 1046
991 992
991 1045
991 1046
991 1047
992 1046
992 1047
992 1048
993 1049
993 1050
994 995
994 1051
994 1052
994 1053
995 996
995 1052
995 1053
995 1054
996 997
996 1053
996 1054
997 998
997 1054
997 1055
998 999
998 1055
998 1056
999 1000
999 1055
999 1056
1000 1001
1000 1056
1002 1057
1002 1058
1003 1004
1003 1059
1003 1060
1004 1005
1004 1059
1004 1060
1004 1061
1005 1006
1005 1060
1005 1061
1005 1062
1006 1007
1006 1061
1006 1062
1006 1063
1007 1008
1007 1062
1007 1063
1007 1064
1008 1009
1008 1063
1008 1064
1008 1065
1009 1010
1009 1064
1009 1065
1009 1066
1010 1011
1010 1065
1010 1066
1010 1067
1011 1012
1011 1066
1011 1067
1012 1013
1012 1067
1012 1068
1013 1068
1013 1069
1014 1015
1014 1069
1014 1070
1015 1016
1015 1070
1015 1071
1016 1017
1016 1071
1016 1072
1017 1018
1017 1071
1017 1072
1017 1073
1018 1072
1018 1073
1018 1074
1019 1020
1019 1076
1019 1077
1019 1078
1020 1021
1020 1077
1020 1078
1020 1079
1021 1022
1021 1078
1021 1079
1021 1080
1022 1023
1022 1079
1022 1080
1023 1080
1023 1081
1024 1025
1024 1081
1024 1082
1024 1083
1025 1026
1025 1082
1025 1083
1026 1027
1026 1083
1026 1084
1027 1028
1027 1084
1027 1085
1028 1029
1028 1084
1028 1085
1028 1086
1029 1030
1029 1085
1029 1086
1029 1087
1030 1031
1030 1086
1030 1087
1030 1088
1031 1032
1031 1087
1031 1088
1032 1033
1032 1088
1032 1089
1033 1034
1033 1089
1034 1035
1034 1089
1034 1090
1035 1036
1035 1090
1035 1091
1036 1037
1036 1090
1036 1091
1036 1092
1037 1038
1037 1091
1037 1092
1037 1093
1038 1039
1038 1092
1038 1093
1038 1094
1039 1040
1039 1093
1039 1094
1040 1041
1040 1094
1040 1095
1041 1042
1041 1095
1041 1096
1042 1043
1042 1095
1042 1096
1042 1097
1043 1096
1043 1097
1043 1098
1044 1045
1044 1099
1044 1100
1045 1046
1045 1099
1045 1100
1045 1101
1046 1047
1046 1100
1046 1101
1046 1102
1047 1048
1047 1101
1047 1102
1047 1103
1048 1102
1048 1103
1048 1104
1049 1050
1049 1105
1049 1106
1050 1106
1050 1107
1051 1052
1051 1107
1051 1108
1052 1053
1052 1108
1052 1109
1053 1054
1053 1108
1053 1109
1053 1110
1054 1109
1054 1110
1054 1111
1055 1056
1055 1111
1055 1112
1055 1113
1056 1112
1056 1113
1056 1114
1057 1058
1057 1115
1058 1115
1058 1116
1059 1060
1059 1116
1059 1117
1059 1118
1060 1061
1060 1117
1060 1118
1061 1062
1061 1118
1062 1063
1062 1119
1063 1064
1063 1119
1063 1120
1064 1065
1064 1119
1064 1120
1065 1066
1065 1120
1065 1121
1066 1067
1066 1121
1066 1122
1067 1121
1067 1122
1067 1123
1068 1069
1068 1123
1068 1124
1068 1125
1069 1070
1069 1124
1069 1125
1069 1126
1070 1125
1070 1126
1070 1127
1071 1072
1071 1127
1071 1128
1071 1129
1072 1073
1072 1128
1072 1129
1072 1130
1073 1074
1073 1129
1073 1130
1073 1131
1074 1075
1074 1130
1074 1131
1074 1132
1075 1076
1075 1131
1075 1132
1075 1133
1076 1077
1076 1132
1076 1133
1076 1134
1077 1078
1077 1133
1077 1134
1077 1135
1078 1079
1078 1134
1078 1135
1078 1136
1079 1080
1079 1135
1079 1136
1079 1137
1080 1136
1080 1137
1080 1138
1081 1082
1081 1138
1081 1139
1082 1083
1082 1139
1082 1140
1083 1140
1083 1141
1084 1085
1084 1141
1084 1142
1084 1143
1085 1086
1085 1142
1085 1143
1086 1087
1086 1143
1086 1144
1087 1088
1087 1144
1087 1145
1088 1144
1088 1145
1088 1146
1089 1146
1089 1147
1089 1148
1090 1091
1090 1148
1090 1149
1090 1150
1091 1092
1091 1149
1091 1150
1091 1151
1092 1093
1092 1150
1092 1151
1093 1094
1093 1151
1093 1152
1094 1152
1094 1153
1095 1096
1095 1153
1095 1154
1095 1155
1096 1097
1096 1154
1096 1155
1096 1156
1097 1098
1097 1155
1097 1156
1097 1157
1098 1156
1098 1157
1098 1158
1099 1100
1099 1158
1099 1159
1100 1101
1100 1159
1100 1160
1101 1102
1101 1159
1101 1160
1101 1161
1102 1103
1102 1160
1102 1161
1103 1104
1103 1161
1103 1162
1104 1105
1104 1162
1104 1163
1105 1106
1105 1162
1105 1163
1105 1164
1106 1163
1106 1164
1106 1165
1107 1165
1107 1166
1107 1167
1108 1109
1108 1167
1108 1168
1108 1169
1109 1110
1109 1168
1109 1169
1109 1170
1110 1111
1110 1169
1110 1170
1110 1171
1111 1112
1111 1170
1111 1171
1112 1113
1112 1171
1112 1172
1113 1114
1113 1172
1113 1173
1114 1172
1114 1173
1114 1174
1115 1175
1116 1117
1116 1176
1117 1118
1117 1176
1117 1177
1118 1177
1118 1178
1119 1120
1119 1179
1119 1180
1119 1181
1120 1180
1120 1181
1120 1182
1121 1122
1121 1182
1121 1183
1122 1123
1122 1183
1122 1184
1123 1124
1123 1183
1123 1184
1123 1185
1124 1125
1124 1184
1124 1185
1124 1186
1125 1126
1125 1185
1125 1186
1125 1187
1126 1127
1126 1186
1126 1187
1126 1188
1127 1128
1127 1187
1127 1188
1127 1189
1128 1129
1128 1188
1128 1189
1128 1190
1129 1130
1129 1189
1129 1190
1129 1191
1130 1131
1130 1190
1130 1191
1130 1192
1131 1132
1131 1191
1131 1192
1131 1193
1132 1133
1132 1192
1132 1193
1132 1194
1133 1134
1133 1193
1133 1194
1133 1195
1134 1135
1134 1194
1134 1195
1134 1196
1135 1136
1135 1195
1135 1196
1135 1197
1136 1137
1136 1196
1136 1197
1136 1198
1137 1138
1137 1197
1137 1198
1137 1199
1138 1139
1138 1198
1138 1199
1139 1199
1139 1200
1140 1141
1140 1200
1140 1201
1140 1202
1141 1142
1141 1201
1141 1202
1141 1203
1142 1143
1142 1202
1142 1203
1142 1204
1143 1203
1143 1204
1143 1205
1144 1145
1144 1205
1144 1206
1144 1207
1145 1146
1145 1206
1145 1207
1146 1147
1146 1207
1147 1148
1147 1208
1148 1149
1148 1208
1148 1209
1149 1150
1149 1208
1149 1209
1149 1210
1150 1151
1150 1209
1150 1210
1150 1211
1151 1210
1151 1211
1151 1212
1152 1153
1152 1212
1153 1154
1153 1213
1154 1155
1154 1213
1155 1156
1155 1213
1156 1157
1156 1214
1157 1158
1157 1214
1157 1215
1158 1214
1158 1215
1158 1216
1159 1160
1159 1216
1159 1217
1160 1161
1160 1217
1160 1218
1161 1217
1161 1218
1161 1219
1162 1163
1162 1219
1162 1220
1162 1221
1163 1164
1163 1220
1163 1221
1164 1165
1164 1221
1164 1222
1165 1166
1165 1222
1165 1223
1166 1167
1166 1222
1166 1223
1166 1224
1167 1168
1167 1223
1167 1224
1167 1225
1168 1169
1168 1224
1168 1225
1168 1226
1169 1170
1169 1225
1169 1226
1169 1227
1170 1171
1170 1226
1170 1227
1170 1228
1171 1227
1171 1228
1172 1173
1172 1229
1172 1230
1173 1174
1173 1229
1173 1230
1173 1231
1174 1230
1174 1231
1175 1232
1176 1232
1177 1178
1177 1233
1178 1179
1178 1233
1178 1234
1179 1180
1179 1233
1179 1234
1180 1181
1180 1234
1180 1235
1181 1182
1181 1235
1181 1236
1182 1235
1182 1236
1183 1184
1183 1237
1184 1185
1184 1237
1185 1186
1185 1238
1186 1187
1186 1238
1186 1239
1187 1188
1187 1238
1187 1239
1187 1240
1188 1189
1188 1239
1188 1240
1188 1241
1189 1190
1189 1240
1189 1241
1189 1242
1190 1191
1190 1241
1190 1242
1190 1243
1191 1192
1191 1242
1191 1243
1191 1244
1192 1193
1192 1243
1192 1244
1192 1245
1193 1194
1193 1244
1193 1245
1194 1195
1194 1245
1194 1246
1195 1196
1195 1246
1195 1247
1196 1197
1196 1246
1196 1247
1196 1248
1197 1198
1197 1247
1197 1248
1198 1199
1198 1248
1198 1249
1199 1249
1199 1250
1200 1201
1200 1250
1200 1251
1200 1252
1201 1202
1201 1251
1201 1252
1201 1253
1202 1203
1202 1252
1202 1253
1202 1254
1203 1204
1203 1253
1203 1254
1203 1255
1204 1205
1204 1254
1204 1255
1204 1256
1205 1206
1205 1255
1205 1256
1205 1257
1206 1207
1206 1256
1206 1257
1206 1258
1207 1257
1207 1258
1208 1209
1208 1259
1208 1260
1208 1261
1209 1210
1209 1260
1209 1261
1209 1262
1210 1211
1210 1261
1210 1262
1211 1212
1211 1262
1211 1263
1212 1263
1213 1264
1213 1265
1213 1266
1214 1215
1214 1267
1214 1268
1214 1269
1215 1216
1215 1268
1215 1269
1215 1270
1216 1269
1216 1270
1216 1271
1217 1218
1217 1271
1217 1272
1217 1273
1218 1219
1218 1272
1218 1273
1218 1274
1219 1220
1219 1273
1219 1274
1219 1275
1220 1221
1220 1274
1220 1275
1220 1276
1221 1275
1221 1276
1221 1277
1222 1223
1222 1277
1222 1278
1222 1279
1223 1224
1223 1278
1223 1279
1224 1225
1224 1279
1224 1280
1225 1226
1225 1280
1226 1227
1226 1280
1226 1281
1227 1228
1227 1281
1227 1282
1228 1281
1228 1282
1228 1283
1229 1230
1229 1283
1229 1284
1229 1285
1230 1231
1230 1284
1230 1285
1231 1285
1232 1286
1232 1287
1233 1234
1233 1289
1233 1290
1234 1290
1234 1291
1235 1236
1235 1291
1235 1292
1235 1293
1236 1292
1236 1293
1236 1294
1237 1294
1237 1295
1237 1296
1238 1239
1238 1297
1239 1240
1240 1241
1240 1298
1241 1242
1241 1298
1241 1299
1242 1243
1242 1298
1242 1299
1242 1300
1243 1244
1243 1299
1243 1300
1243 1301
1244 1245
1244 1300
1244 1301
1244 1302
1245 1301
1245 1302
1246 1247
1247 1248
1247 1303
1248 1303
1248 1304
1249 1250
1249 1304
1249 1305
1249 1306
1250 1251
1250 1305
1250 1306
1250 1307
1251 1252
1251 1306
1251 1307
1251 1308
1252 1253
1252 1307
1252 1308
1252 1309
1253 1254
1253 1308
1253 1309
1254 1255
1254 1309
1254 1310
1255 1256
1255 1310
1255 1311
1256 1257
1256 1310
1256 1311
1256 1312
1257 1258
1257 1311
1257 1312
1257 1313
1258 1312
1258 1313
1258 1314
1259 1260
1259 1314
1259 1315
1259 1316
1260 1261
1260 1315
1260 1316
1260 1317
1261 1262
1261 1316
1261 1317
1261 1318
1262 1317
1262 1318
1262 1319
1263 1319
1263 1320
1263 1321
1264 1265
1264 1321
1264 1322
1264 1323
1265 1266
1265 1322
1265 1323
1266 1267
1266 1323
1266 1324
1267 1268
1267 1324
1267 1325
1268 1269
1268 1324
1268 1325
1268 1326
1269 1270
1269 1325
1269 1326
1269 1327
1270 1271
1270 1326
1270 1327
1270 1328
1271 1272
1271 1327
1271 1328
1272 1273
1272 1328
1272 1329
1273 1274
1273 1329
1274 1275
1274 1329
1274 1330
1275 1276
1275 1330
1275 1331
1276 1277
1276 1330
1276 1331
1277 1278
1277 1331
1278 1279
1278 1332
1279 1332
1280 1333
1280 1334
1281 1282
1281 1334
1281 1335
1282 1283
1282 1335
1282 1336
1283 1284
1283 1336
1284 1285
1284 1336
1285 1337
1286 1338
1287 1288
1287 1339
1287 1340
1288 1289
1288 1339
1288 1340
1289 1290
1289 1340
1291 1292
1291 1341
1291 1342
1292 1293
1292 1341
1292 1342
1292 1343
1293 1294
1293 1342
1293 1343
1293 1344
1294 1295
1294 1343
1294 1344
1294 1345
1295 1296
1295 1344
1295 1345
1295 1346
1296 1297
1296 1345
1296 1346
1296 1347
1297 1346
1297 1347
1297 1348
1298 1299
1298 1350
1298 1351
1299 1300
1299 1350
1299 1351
1299 1352
1300 1301
1300 1351
1300 1352
1300 1353
1301 1302
1301 1352
1301 1353
1301 1354
1302 1353
1302 1354
1302 1355
1303 1304
1303 1357
1304 1305
1304 1357
1304 1358
1305 1306
1305 1358
1305 1359
1306 1307
1306 1358
1306 1359
1306 1360
1307 1308
1307 1359
1307 1360
1308 1309
1308 1360
1308 1361
1309 1361
1309 1362
1310 1311
1310 1362
1310 1363
1310 1364
1311 1312
1311 1363
1311 1364
1311 1365
1312 1313
1312 1364
1312 1365
1312 1366
1313 1314
1313 1365
1313 1366
1313 1367
1314 1315
1314 1366
1314 1367
1315 1316
1315 1367
1316 1317
1316 1368
1317 1318
1317 1368
1317 1369
1318 1319
1318 1368
1318 1369
1318 1370
1319 1320
1319 1369
1319 1370
1319 1371
1320 1321
1320 1370
1320 1371
1320 1372
1321 1322
1321 1371
1321 1372
1321 1373
1322 1323
1322 1372
1322 1373
1322 1374
1323 1373
1323 1374
1323 1375
1324 1325
1324 1375
1324 1376
1325 1326
1325 1376
1325 1377
1326 1327
1326 1376
1326 1377
1326 1378
1327 1328
1327 1377
1327 1378
1327 1379
1328 1378
1328 1379
1328 1380
1329 1380
1329 1381
1330 1331
1330 1381
1330 1382
1331 1382
1332 1383
1332 1384
1333 1334
1333 1385
1333 1386
1334 1335
1334 1385
1334 1386
1334 1387
1335 1386
1335 1387
1335 1388
1336 1388
1336 1389
1336 1390
1337 1391
1338 1392
1338 1393
1339 1340
1339 1393
1339 1394
1340 1394
1340 1395
1341 1342
1341 1397
1341 1398
1342 1343
1342 1398
1342 1399
1343 1344
1343 1399
1343 1400
1344 1345
1344 1399
1344 1400
1344 1401
1345 1346
1345 1400
1345 1401
1345 1402
1346 1347
1346 1401
1346 1402
1347 1348
1347 1402
1347 1403
1348 1349
1348 1403
1348 1404
1349 1403
1349 1404
1349 1405
1350 1351
1350 1405
1350 1406
1350 1407
1351 1352
1351 1406
1351 1407
1351 1408
1352 1353
1352 1407
1352 1408
1352 1409
1353 1354
1353 1408
1353 1409
1353 1410
1354 1355
1354 1409
1354 1410
1354 1411
1355 1356
1355 1410
1355 1411
1355 1412
1356 1411
1356 1412
1356 1413
1357 1413
1357 1414
1357 1415
1358 1359
1358 1415
1358 1416
1359 1360
1359 1416
1359 1417
1360 1417
1360 1418
1361 1362
1361 1418
1361 1419
1362 1363
1362 1419
1362 1420
1363 1364
1363 1419
1363 1420
1363 1421
1364 1365
1364 1420
1364 1421
1364 1422
1365 1366
1365 1421
1365 1422
1365 1423
1366 1367
1366 1422
1366 1423
1366 1424
1367 1423
1367 1424
1367 1425
1368 1369
1368 1426
1368 1427
1368 1428
1369 1370
1369 1427
1369 1428
1369 1429
1370 1371
1370 1428
1370 1429
1370 1430
1371 1372
1371 1429
1371 1430
1371 1431
1372 1373
1372 1430
1372 1431
1372 1432
1373 1374
1373 1431
1373 1432
1373 1433
1374 1375
1374 1432
1374 1433
1374 1434
1375 1433
1375 1434
1375 1435
1376 1377
1376 1435
1376 1436
1376 1437
1377 1378
1377 1436
1377 1437
1378 1379
1378 1437
1378 1438
1379 1380
1379 1438
1379 1439
1380 1438
1380 1439
1380 1440
1381 1440
1381 1441
1381 1442
1382 1442
1382 1443
1382 1444
1383 1384
1383 1444
1383 1445
1383 1446
1384 1445
1384 1446
1384 1447
1385 1386
1385 1447
1386 1387
1387 1388
1387 1448
1388 1389
1388 1448
1388 1449
1389 1390
1389 1448
1389 1449
1389 1450
1390 1391
1390 1449
1390 1450
1390 1451
1391 1450
1391 1451
1391 1452
1392 1393
1392 1453
1392 1454
1393 1453
1393 1454
1393 1455
1394 1395
1394 1455
1394 1456
1395 1396
1395 1456
1395 1457
1396 1397
1396 1456
1396 1457
1396 1458
1397 1398
1397 1457
1397 1458
1397 1459
1398 1458
1398 1459
1398 1460
1399 1400
1399 1460
1399 1461
1399 1462
1400 1401
1400 1461
1400 1462
1400 1463
1401 1402
1401 1462
1401 1463
1401 1464
1402 1463
1402 1464
1402 1465
1403 1404
1403 1465
1403 1466
1404 1405
1404 1466
1404 1467
1405 1406
1405 1466
1405 1467
1405 1468
1406 1407
1406 1467
1406 1468
1406 1469
1407 1408
1407 1468
1407 1469
1407 1470
1408 1409
1408 1469
1408 1470
1408 1471
1409 1410
1409 1470
1409 1471
1409 1472
1410 1411
1410 1471
1410 1472
1410 1473
1411 1412
1411 1472
1411 1473
1411 1474
1412 1413
1412 1473
1412 1474
1412 1475
1413 1414
1413 1474
1413 1475
1413 1476
1414 1415
1414 1475
1414 1476
1414 1477
1415 1416
1415 1476
1415 1477
1415 1478
1416 1477
1416 1478
1416 1479
1417 1418
1417 1479
1419 1420
1419 1480
1420 1421
1420 1480
1420 1481
1421 1422
1421 1481
1421 1482
1422 1423
1422 1481
1422 1482
1423 1424
1423 1482
1423 1483
1424 1425
1424 1483
1424 1484
1425 1426
1425 1483
1425 1484
1425 1485
1426 1427
1426 1484
1426 1485
1426 1486
1427 1428
1427 1485
1427 1486
1427 1487
1428 1429
1428 1486
1428 1487
1428 1488
1429 1430
1429 1487
1429 1488
1429 1489
1430 1431
1430 1488
1430 1489
1430 1490
1431 1432
1431 1489
1431 1490
1431 1491
1432 1433
1432 1490
1432 1491
1432 1492
1433 1434
1433 1491
1433 1492
1433 1493
1434 1435
1434 1492
1434 1493
1434 1494
1435 1436
1435 1493
1435 1494
1435 1495
1436 1437
1436 1494
1436 1495
1436 1496
1437 1495
1437 1496
1437 1497
1438 1439
1438 1497
1438 1498
1439 1440
1439 1498
1439 1499
1440 1441
1440 1499
1441 1442
1441 1499
1442 1443
1442 1500
1443 1444
1443 1500
1443 1501
1444 1445
1444 1500
1444 1501
1445 1446
1445 1501
1445 1502
1446 1447
1446 1502
1446 1503
1447 1502
1447 1503
1447 1504
1448 1449
1448 1506
1448 1507
1448 1508
1449 1450
1449 1507
1449 1508
1449 1509
1450 1451
1450 1508
1450 1509
1450 1510
1451 1452
1451 1509
1451 1510
1452 1510
1453 1454
1453 1511
1453 1512
1454 1455
1454 1511
1454 1512
1454 1513
1455 1512
1455 1513
1455 1514
1456 1457
1456 1514
1456 1515
1456 1516
1457 1458
1457 1515
1457 1516
1457 1517
1458 1459
1458 1516
1458 1517
1459 1460
1459 1517
1459 1518
1460 1461
1460 1518
1461 1462
1461 1518
1461 1519
1462 1463
1462 1519
1462 1520
1463 1464
1463 1519
1463 1520
1463 1521
1464 1465
1464 1520
1464 1521
1464 1522
1465 1521
1465 1522
1465 1523
1466 1467
1466 1523
1466 1524
1466 1525
1467 1468
1467 1524
1467 1525
1467 1526
1468 1469
1468 1525
1468 1526
1468 1527
1469 1470
1469 1526
1469 1527
1469 1528
1470 1471
1470 1527
1470 1528
1470 1529
1471 1472
1471 1528
1471 1529
1472 1473
1472 1529
1472 1530
1473 1474
1473 1530
1474 1475
1474 1530
1474 1531
1475 1476
1475 1531
1476 1477
1476 1531
1476 1532
1477 1478
1477 1532
1478 1479
1478 1532
1478 1533
1479 1533
1479 1534
1480 1535
1480 1536
1480 1537
1481 1482
1481 1537
1481 1538
1481 1539
1482 1538
1482 1539
1482 1540
1483 1484
1483 1540
1483 1541
1484 1485
1484 1541
1484 1542
1485 1486
1485 1542
1485 1543
1486 1487
1486 1542
1486 1543
1486 1544
1487 1488
1487 1543
1487 1544
1487 1545
1488 1489
1488 1544
1488 1545
1489 1490
1489 1545
1489 1546
1490 1491
1490 1546
1490 1547
1491 1492
1491 1546
1491 1547
1492 1493
1492 1547
1492 1548
1493 1494
1493 1548
1493 1549
1494 1495
1494 1548
1494 1549
1494 1550
1495 1496
1495 1549
1495 1550
1495 1551
1496 1497
1496 1550
1496 1551
1497 1498
1497 1551
1497 1552
1498 1552
1498 1553
1499 1553
1499 1554
1499 1555
1500 1501
1500 1556
1500 1557
1501 1556
1501 1557
1502 1503
1502 1558
1502 1559
1503 1504
1503 1558
1503 1559
1503 1560
1504 1505
1504 1559
1504 1560
1504 1561
1505 1506
1505 1560
1505 1561
1505 1562
1506 1507
1506 1561
1506 1562
1506 1563
1507 1508
1507 1562
1507 1563
1507 1564
1508 1509
1508 1563
1508 1564
1508 1565
1509 1510
1509 1564
1509 1565
1509 1566
1510 1565
1510 1566
1510 1567
1511 1512
1511 1568
1511 1569
1512 1513
1512 1568
1512 1569
1513 1514
1513 1569
1513 1570
1514 1515
1514 1570
1515 1516
1515 1570
1516 1517
1516 1571
1517 1571
1517 1572
1518 1572
1518 1573
1518 1574
1519 1520
1519 1574
1519 1575
1519 1576
1520 1521
1520 1575
1520 1576
1521 1522
1521 1576
1521 1577
1522 1523
1522 1577
1523 1524
1523 1577
1524 1525
1524 1578
1525 1526
1525 1578
1525 1579
1526 1527
1526 1578
1526 1579
1526 1580
1527 1528
1527 1579
1527 1580
1528 1529
1528 1580
1528 1581
1529 1581
1530 1582
1530 1583
1531 1583
1531 1584
1531 1585
1532 1585
1532 1586
1532 1587
1533 1534
1533 1587
1533 1588
1533 1589
1534 1588
1534 1589
1534 1590
1535 1536
1535 1590
1535 1591
1536 1537
1536 1591
1536 1592
1537 1538
1537 1592
1538 1539
1538 1592
1538 1593
1539 1540
1539 1593
1539 1594
1540 1541
1540 1593
1540 1594
1540 1595
1541 1594
1541 1595
1541 1596
1542 1543
1542 1596
1542 1597
1542 1598
1543 1544
1543 1597
1543 1598
1543 1599
1544 1545
1544 1598
1544 1599
1544 1600
1545 1599
1545 1600
1545 1601
1546 1547
1546 1601
1546 1602
1546 1603
1547 1602
1547 1603
1547 1604
1548 1549
1548 1604
1548 1605
1549 1550
1549 1605
1550 1551
1550 1605
1550 1606
1551 1606
1551 1607
1552 1553
1552 1607
1552 1608
1552 1609
1553 1554
1553 1608
1553 1609
1553 1610
1554 1555
1554 1609
1554 1610
1554 1611
1555 1610
1555 1611
1556 1557
1556 1612
1557 1612
1557 1613
1558 1559
1558 1613
1558 1614
1558 1615
1559 1560
1559 1614
1559 1615
1559 1616
1560 1561
1560 1615
1560 1616
1560 1617
1561 1562
1561 1616
1561 1617
1561 1618
1562 1563
1562 1617
1562 1618
1562 1619
1563 1564
1563 1618
1563 1619
1563 1620
1564 1565
1564 1619
1564 1620
1564 1621
1565 1566
1565 1620
1565 1621
1565 1622
1566 1567
1566 1621
1566 1622
1567 1622
1568 1569
1568 1623
1569 1623
1569 1624
1570 1624
1570 1625
1570 1626
1571 1572
1571 1627
1571 1628
1572 1573
1572 1627
1572 1628
1572 1629
1573 1574
1573 1628
1573 1629
1573 1630
1574 1575
1574 1629
1574 1630
1574 1631
1575 1576
1575 1630
1575 1631
1575 1632
1576 1631
1576 1632
1576 1633
1577 1633
1577 1634
1577 1635
1578 1579
1578 1636
1578 1637
1579 1580
1579 1637
1579 1638
1580 1638
1580 1639
1581 1639
1581 1640
1582 1583
1582 1641
1582 1642
1583 1584
1583 1641
1583 1642
1583 1643
1584 1585
1584 1642
1584 1643
1584 1644
1585 1586
1585 1643
1585 1644
1585 1645
1586 1587
1586 1644
1586 1645
1587 1588
1587 1645
1587 1646
1588 1589
1588 1646
1588 1647
1589 1590
1589 1646
1589 1647
1589 1648
1590 1591
1590 1647
1590 1648
1591 1648
1591 1649
1592 1649
1592 1650
1593 1594
1593 1650
1593 1651
1593 1652
1594 1595
1594 1651
1594 1652
1595 1596
1595 1652
1595 1653
1596 1597
1596 1653
1596 1654
1597 1598
1597 1653
1597 1654
1598 1599
1598 1654
1598 1655
1599 1600
1599 1655
1599 1656
1600 1601
1600 1655
1600 1656
1600 1657
1601 1602
1601 1656
1601 1657
1601 1658
1602 1603
1602 1657
1602 1658
1602 1659
1603 1604
1603 1658
1603 1659
1603 1660
1604 1659
1604 1660
1604 1661
1605 1661
1605 1662
1605 1663
1606 1607
1606 1663
1606 1664
1607 1608
1607 1664
1608 1609
1608 1665
1609 1610
1609 1665
1609 1666
1610 1611
1610 1665
1610 1666
1610 1667
1611 1666
1611 1667
1612 1668
1612 1669
1613 1614
1613 1669
1613 1670
1614 1615
1614 1670
1614 1671
1615 1616
1615 1670
1615 1671
1615 1672
1616 1617
1616 1671
1616 1672
1616 1673
1617 1618
1617 1672
1617 1673
1617 1674
1618 1619
1618 1673
1618 1674
1618 1675
1619 1620
1619 1674
1619 1675
1619 1676
1620 1621
1620 1675
1620 1676
1620 1677
1621 1622
1621 1676
1621 1677
1622 1677
1622 1678
1623 1679
1624 1625
1624 1680
1624 1681
1625 1626
1625 1680
1625 1681
1625 1682
1626 1681
1626 1682
1626 1683
1627 1628
1627 1683
1628 1629
1628 1684
1629 1630
1629 1684
1629 1685
1630 1631
1630 1684
1630 1685
1630 1686
1631 1632
1631 1685
1631 1686
1631 1687
1632 1633
1632 1686
1632 1687
1632 1688
1633 1634
1633 1687
1633 1688
1633 1689
1634 1635
1634 1688
1634 1689
1634 1690
1635 1636
1635 1689
1635 1690
1635 1691
1636 1637
1636 1690
1636 1691
1636 1692
1637 1691
1637 1692
1638 1639
1638 1693
1638 1694
1639 1640
1639 1693
1639 1694
1640 1694
1640 1695
1641 1642
1641 1695
1641 1696
1641 1697
1642 1643
1642 1696
1642 1697
1642 1698
1643 1644
1643 1697
1643 1698
1643 1699
1644 1645
1644 1698
1644 1699
1644 1700
1645 1699
1645 1700
1645 1701
1646 1647
1646 1701
1646 1702
1646 1703
1647 1648
1647 1702
1647 1703
1647 1704
1648 1703
1648 1704
1648 1705
1649 1705
1649 1706
1649 1707
1650 1651
1650 1707
1651 1652
1651 1708
1652 1708
1653 1654
1653 1709
1653 1710
1654 1709
1654 1710
1654 1711
1655 1656
1655 1711
1655 1712
1655 1713
1656 1657
1656 1712
1656 1713
1656 1714
1657 1658
1657 1713
1657 1714
1657 1715
1658 1659
1658 1714
1658 1715
1658 1716
1659 1660
1659 1715
1659 1716
1659 1717
1660 1661
1660 1716
1660 1717
1660 1718
1661 1662
1661 1717
1661 1718
1661 1719
1662 1663
1662 1718
1662 1719
1662 1720
1663 1664
1663 1719
1663 1720
1663 1721
1664 1720
1664 1721
1664 1722
1665 1666
1665 1723
1665 1724
1665 1725
1666 1667
1666 1724
1666 1725
1666 1726
1667 1725
1667 1726
1667 1727
1668 1669
1668 1727
1668 1728
1668 1729
1669 1728
1669 1729
1669 1730
1670 1671
1670 1730
1670 1731
1671 1672
1671 1731
1671 1732
1672 1673
1672 1731
1672 1732
1672 1733
1673 1674
1673 1732
1673 1733
1673 1734
1674 1675
1674 1733
1674 1734
1674 1735
1675 1676
1675 1734
1675 1735
1675 1736
1676 1677
1676 1735
1676 1736
1676 1737
1677 1736
1677 1737
1677 1738
1678 1738
1679 1739
1680 1681
1680 1739
1680 1740
1680 1741
1681 1682
1681 1740
1681 1741
1681 1742
1682 1683
1682 1741
1682 1742
1682 1743
1683 1742
1683 1743
1683 1744
1684 1685
1684 1745
1684 1746
1684 1747
1685 1686
1685 1746
1685 1747
1685 1748
1686 1687
1686 1747
1686 1748
1686 1749
1687 1688
1687 1748
1687 1749
1687 1750
1688 1689
1688 1749
1688 1750
1689 1690
1689 1750
1689 1751
1690 1691
1690 1751
1690 1752
1691 1692
1691 1751
1691 1752
1691 1753
1692 1752
1692 1753
1692 1754
1693 1694
1693 1754
1693 1755
1693 1756
1694 1755
1694 1756
1695 1696
1695 1757
1695 1758
1696 1697
1696 1757
1696 1758
1696 1759
1697 1698
1697 1758
1697 1759
1697 1760
1698 1699
1698 1759
1698 1760
1698 1761
1699 1700
1699 1760
1699 1761
1699 1762
1700 1701
1700 1761
1700 1762
1700 1763
1701 1702
1701 1762
1701 1763
1701 1764
1702 1703
1702 1763
1702 1764
1703 1704
1703 1764
1703 1765
1704 1705
1704 1765
1704 1766
1705 1706
1705 1765
1705 1766
1705 1767
1706 1707
1706 1766
1706 1767
1706 1768
1707 1767
1707 1768
1707 1769
1708 1770
1708 1771
1709 1710
1709 1771
1710 1711
1710 1772
1711 1712
1711 1772
1711 1773
1712 1713
1712 1772
1712 1773
1712 1774
1713 1714
1713 1773
1713 1774
1713 1775
1714 1715
1714 1774
1714 1775
1714 1776
1715 1716
1715 1775
1715 1776
1715 1777
1716 1717
1716 1776
1716 1777
1716 1778
1717 1718
1717 1777
1717 1778
1717 1779
1718 1719
1718 1778
1718 1779
1718 1780
1719 1720
1719 1779
1719 1780
1719 1781
1720 1721
1720 1780
1720 1781
1720 1782
1721 1722
1721 1781
1721 1782
1721 1783
1722 1723
1722 1782
1722 1783
1722 1784
1723 1724
1723 1783
1723 1784
1724 1725
1724 1784
1724 1785
1725 1726
1725 1785
1725 1786
1726 1727
1726 1785
1726 1786
1726 1787
1727 1728
1727 1786
1727 1787
1727 1788
1728 1729
1728 1787
1728 1788
1729 1730
1729 1788
1729 1789
1730 1789
1730 1790
1731 1732
1731 1790
1731 1791
1731 1792
1732 1733
1732 1791
1732 1792
1732 1793
1733 1734
1733 1792
1733 1793
1733 1794
1734 1735
1734 1793
1734 1794
1735 1736
1735 1794
1736 1737
1736 1795
1737 1738
1737 1795
1738 1795
1738 1796
1739 1740
1739 1797
1739 1798
1740 1741
1740 1797
1740 1798
1740 1799
1741 1742
1741 1798
1741 1799
1741 1800
1742 1743
1742 1799
1742 1800
1742 1801
1743 1744
1743 1800
1743 1801
1743 1802
1744 1745
1744 1801
1744 1802
1744 1803
1745 1746
1745 1802
1745 1803
1745 1804
1746 1747
1746 1803
1746 1804
1746 1805
1747 1748
1747 1804
1747 1805
1747 1806
1748 1749
1748 1805
1748 1806
1748 1807
1749 1750
1749 1806
1749 1807
1750 1807
1750 1808
1751 1752
1751 1808
1751 1809
1751 1810
1752 1753
1752 1809
1752 1810
1752 1811
1753 1754
1753 1810
1753 1811
1753 1812
1754 1755
1754 1811
1754 1812
1754 1813
1755 1756
1755 1812
1755 1813
1755 1814
1756 1813
1756 1814
1756 1815
1757 1758
1757 1815
1757 1816
1757 1817
1758 1759
1758 1816
1758 1817
1758 1818
1759 1760
1759 1817
1759 1818
1759 1819
1760 1761
1760 1818
1760 1819
1761 1762
1761 1819
1761 1820
1762 1763
1762 1820
1762 1821
1763 1764
1763 1820
1763 1821
1763 1822
1764 1821
1764 1822
1764 1823
1765 1766
1765 1823
1765 1824
1765 1825
1766 1767
1766 1824
1766 1825
1766 1826
1767 1768
1767 1825
1767 1826
1767 1827
1768 1769
1768 1826
1768 1827
1768 1828
1769 1770
1769 1827
1769 1828
1769 1829
1770 1828
1770 1829
1770 1830
1771 1830
1771 1831
1772 1773
1772 1832
1772 1833
1772 1834
1773 1774
1773 1833
1773 1834
1774 1775
1774 1834
1774 1835
1775 1776
1775 1835
1775 1836
1776 1777
1776 1835
1776 1836
1776 1837
1777 1778
1777 1836
1777 1837
1777 1838
1778 1779
1778 1837
1778 1838
1778 1839
1779 1780
1779 1838
1779 1839
1779 1840
1780 1781
1780 1839
1780 1840
1780 1841
1781 1782
1781 1840
1781 1841
1781 1842
1782 1783
1782 1841
1782 1842
1782 1843
1783 1784
1783 1842
1783 1843
1784 1843
1785 1786
1785 1844
1785 1845
1786 1787
1786 1844
1786 1845
1786 1846
1787 1788
1787 1845
1787 1846
1787 1847
1788 1846
1788 1847
1788 1848
1789 1790
1789 1848
1789 1849
1789 1850
1790 1791
1790 1849
1790 1850
1790 1851
1791 1792
1791 1850
1791 1851
1791 1852
1792 1793
1792 1851
1792 1852
1792 1853
1793 1794
1793 1852
1793 1853
1793 1854
1794 1853
1794 1854
1794 1855
1795 1856
1795 1857
1796 1857
1796 1858
1797 1798
1797 1859
1797 1860
1797 1861
1798 1799
1798 1860
1798 1861
1799 1800
1799 1861
1800 1801
1800 1862
1801 1802
1801 1862
1801 1863
1802 1803
1802 1862
1802 1863
1802 1864
1803 1804
1803 1863
1803 1864
1804 1805
1804 1864
1805 1806
1805 1865
1806 1807
1806 1865
1806 1866
1807 1865
1807 1866
1807 1867
1808 1809
1808 1867
1808 1868
1808 1869
1809 1810
1809 1868
1809 1869
1809 1870
1810 1811
1810 1869
1810 1870
1810 1871
1811 1812
1811 1870
1811 1871
1811 1872
1812 1813
1812 1871
1812 1872
1812 1873
1813 1814
1813 1872
1813 1873
1813 1874
1814 1815
1814 1873
1814 1874
1814 1875
1815 1816
1815 1874
1815 1875
1815 1876
1816 1817
1816 1875
1816 1876
1816 1877
1817 1818
1817 1876
1817 1877
1818 1819
1818 1877
1819 1878
1820 1821
1820 1878
1820 1879
1821 1822
1821 1879
1821 1880
1822 1823
1822 1880
1822 1881
1823 1824
1823 1880
1823 1881
1823 1882
1824 1825
1824 1881
1824 1882
1824 1883
1825 1826
1825 1882
1825 1883
1825 1884
1826 1827
1826 1883
1826 1884
1826 1885
1827 1828
1827 1884
1827 1885
1828 1829
1828 1885
1828 1886
1829 1830
1829 1886
1830 1886
1830 1887
1831 1832
1831 1887
1831 1888
1831 1889
1832 1833
1832 1888
1832 1889
1832 1890
1833 1834
1833 1889
1833 1890
1834 1890
1835 1836
1835 1891
1836 1837
1836 1891
1837 1838
1837 1892
1838 1839
1838 1892
1838 1893
1839 1840
1839 1892
1839 1893
1840 1841
1840 1893
1840 1894
1841 1842
1841 1894
1841 1895
1842 1843
1842 1894
1842 1895
1842 1896
1843 1895
1843 1896
1843 1897
1844 1845
1844 1898
1845 1846
1845 1898
1846 1847
1846 1898
1846 1899
1847 1848
1847 1899
1847 1900
1848 1849
1848 1899
1848 1900
1848 1901
1849 1850
1849 1900
1849 1901
1849 1902
1850 1851
1850 1901
1850 1902
1850 1903
1851 1852
1851 1902
1851 1903
1851 1904
1852 1853
1852 1903
1852 1904
1852 1905
1853 1854
1853 1904
1853 1905
1853 1906
1854 1855
1854 1905
1854 1906
1854 1907
1855 1906
1855 1907
1856 1857
1856 1908
1856 1909
1857 1858
1857 1908
1857 1909
1857 1910
1858 1909
1858 1910
1859 1860
1859 1911
1859 1912
1860 1861
1860 1911
1860 1912
1860 1913
1861 1912
1861 1913
1862 1863
1862 1914
1862 1915
1863 1864
1863 1915
1863 1916
1864 1916
1864 1917
1865 1866
1865 1918
1865 1919
1866 1867
1866 1919
1866 1920
1867 1868
1867 1920
1867 1921
1868 1869
1868 1920
1868 1921
1868 1922
1869 1870
1869 1921
1869 1922
1869 1923
1870 1871
1870 1922
1870 1923
1871 1872
1871 1923
1871 1924
1872 1873
1872 1924
1872 1925
1873 1874
1873 1924
1873 1925
1873 1926
1874 1875
1874 1925
1874 1926
1874 1927
1875 1876
1875 1926
1875 1927
1875 1928
1876 1877
1876 1927
1876 1928
1876 1929
1877 1928
1877 1929
1877 1930
1878 1879
1878 1931
1878 1932
1878 1933
1879 1932
1879 1933
1880 1881
1881 1882
1881 1934
1882 1883
1882 1934
1882 1935
1883 1884
1883 1934
1883 1935
1883 1936
1884 1885
1884 1935
1884 1936
1885 1936
1885 1937
1886 1937
1886 1938
1886 1939
1887 1888
1887 1939
1887 1940
1887 1941
1888 1889
1888 1940
1888 1941
1888 1942
1889 1890
1889 1941
1889 1942
1890 1942
1890 1943
1891 1944
1891 1945
1892 1893
1892 1946
1892 1947
1892 1948
1893 1947
1893 1948
1893 1949
1894 1895
1894 1949
1894 1950
1895 1896
1895 1950
1896 1897
1896 1950
1896 1951
1897 1951
1897 1952
1898 1953
1898 1954
1898 1955
1899 1900
1899 1955
1899 1956
1900 1901
1900 1956
1901 1902
1901 1956
1901 1957
1902 1903
1902 1957
1902 1958
1903 1904
1903 1957
1903 1958
1903 1959
1904 1905
1904 1958
1904 1959
1904 1960
1905 1906
1905 1959
1905 1960
1906 1907
1906 1960
1906 1961
1907 1961
1908 1909
1908 1962
1908 1963
1909 1910
1909 1962
1909 1963
1909 1964
1910 1963
1910 1964
1911 1912
1911 1965
1911 1966
1912 1913
1912 1965
1912 1966
1912 1967
1913 1966
1913 1967
1913 1968
1914 1915
1914 1968
1914 1969
1915 1969
1915 1970
1916 1917
1916 1970
1916 1971
1916 1972
1917 1918
1917 1971
1917 1972
1918 1919
1918 1972
1918 1973
1919 1973
1919 1974
1920 1921
1920 1974
1920 1975
1920 1976
1921 1922
1921 1975
1921 1976
1922 1923
1922 1976
1922 1977
1923 1977
1923 1978
1924 1925
1924 1978
1924 1979
1924 1980
1925 1926
1925 1979
1925 1980
1925 1981
1926 1927
1926 1980
1926 1981
1926 1982
1927 1928
1927 1981
1927 1982
1927 1983
1928 1929
1928 1982
1928 1983
1928 1984
1929 1930
1929 1983
1929 1984
1929 1985
1930 1931
1930 1984
1930 1985
1930 1986
1931 1932
1931 1985
1931 1986
1931 1987
1932 1933
1932 1986
1932 1987
1933 1987
1933 1988
1934 1935
1934 1990
1934 1991
1935 1936
1935 1991
1935 1992
1936 1991
1936 1992
1936 1993
1937 1938
1937 1993
1937 1994
1937 1995
1938 1939
1938 1994
1938 1995
1938 1996
1939 1940
1939 1995
1939 1996
1939 1997
1940 1941
1940 1996
1940 1997
1940 1998
1941 1942
1941 1997
1941 1998
1942 1998
1943 1999
1944 1945
1944 1999
1944 2000
1945 1946
1945 2000
1945 2001
1946 1947
1946 2001
1946 2002
1947 1948
1947 2001
1947 2002
1947 2003
1948 1949
1948 2002
1948 2003
1948 2004
1949 2003
1949 2004
1949 2005
1950 2005
1950 2006
1950 2007
1951 1952
1951 2007
1951 2008
1951 2009
1952 1953
1952 2008
1952 2009
1953 1954
1953 2009
1953 2010
1954 1955
1954 2010
1954 2011
1955 2010
1955 2011
1955 2012
1956 2012
1956 2013
1956 2014
1957 1958
1957 2014
1957 2015
1957 2016
1958 1959
1958 2015
1958 2016
1959 1960
1959 2016
1959 2017
1960 2017
1960 2018
1961 2018
1961 2019
1962 1963
1962 2019
1962 2020
1963 1964
1963 2020
1963 2021
1964 2020
1964 2021
1965 1966
1965 2022
1965 2023
1966 1967
1966 2022
1966 2023
1966 2024
1967 1968
1967 2023
1967 2024
1967 2025
1968 2024
1968 2025
1969 1970
1969 2026
1969 2027
1970 1971
1970 2026
1970 2027
1970 2028
1971 1972
1971 2027
1971 2028
1971 2029
1972 2028
1972 2029
1972 2030
1973 1974
1973 2030
1973 2031
1973 2032
1974 1975
1974 2031
1974 2032
1974 2033
1975 1976
1975 2032
1975 2033
1975 2034
1976 2033
1976 2034
1976 2035
1977 1978
1977 2035
1977 2036
1978 1979
1978 2036
1979 1980
1979 2036
1979 2037
1980 1981
1980 2037
1981 1982
1981 2037
1982 1983
1982 2038
1983 1984
1983 2038
1983 2039
1984 1985
1984 2038
1984 2039
1984 2040
1985 1986
1985 2039
1985 2040
1986 1987
1986 2040
1986 2041
1987 2041
1987 2042
1988 1989
1988 2042
1988 2043
1988 2044
1989 1990
1989 2043
1989 2044
1989 2045
1990 2044
1990 2045
1990 2046
1991 1992
1991 2046
1991 2047
1992 1993
1992 2047
1992 2048
1993 1994
1993 2047
1993 2048
1993 2049
1994 1995
1994 2048
1994 2049
1995 1996
1995 2049
1995 2050
1996 1997
1996 2050
1996 2051
1997 1998
1997 2050
1997 2051
1997 2052
1998 2051
1998 2052
1998 2053
1999 2000
1999 2055
1999 2056
2000 2056
2000 2057
2001 2002
2001 2057
2001 2058
2001 2059
2002 2003
2002 2058
2002 2059
2002 2060
2003 2004
2003 2059
2003 2060
2003 2061
2004 2005
2004 2060
2004 2061
2004 2062
2005 2006
2005 2061
2005 2062
2005 2063
2006 2007
2006 2062
2006 2063
2006 2064
2007 2008
2007 2063
2007 2064
2007 2065
2008 2009
2008 2064
2008 2065
2009 2065
2009 2066
2010 2011
2010 2066
2010 2067
2010 2068
2011 2012
2011 2067
2011 2068
2011 2069
2012 2013
2012 2068
2012 2069
2012 2070
2013 2014
2013 2069
2013 2070
2013 2071
2014 2015
2014 2070
2014 2071
2014 2072
2015 2016
2015 2071
2015 2072
2015 2073
2016 2072
2016 2073
2016 2074
2017 2018
2017 2074
2017 2075
2017 2076
2018 2075
2018 2076
2018 2077
2019 2077
2019 2078
2019 2079
2020 2021
2020 2079
2020 2080
2020 2081
2021 2080
2021 2081
2022 2023
2023 2024
2023 2082
2024 2025
2024 2082
2024 2083
2025 2082
2025 2083
2025 2084
2026 2027
2026 2084
2026 2085
2027 2028
2027 2085
2027 2086
2028 2029
2028 2086
2029 2030
2029 2086
2029 2087
2030 2031
2030 2087
2030 2088
2031 2032
2031 2087
2031 2088
2032 2033
2032 2088
2032 2089
2033 2034
2033 2089
2034 2035
2034 2089
2034 2090
2035 2090
2035 2091
2036 2091
2036 2092
2036 2093
2037 2093
2037 2094
2037 2095
2038 2039
2038 2096
2038 2097
2039 2040
2039 2096
2039 2097
2040 2097
2040 2098
2041 2042
2041 2098
2041 2099
2041 2100
2042 2043
2042 2099
2042 2100
2042 2101
2043 2044
2043 2100
2043 2101
2044 2045
2044 2101
2044 2102
2045 2046
2045 2102
2045 2103
2046 2102
2046 2103
2046 2104
2047 2048
2047 2104
2048 2049
2048 2105
2049 2105
2049 2106
2050 2051
2050 2106
2050 2107
2050 2108
2051 2052
2051 2107
2051 2108
2051 2109
2052 2053
2052 2108
2052 2109
2052 2110
2053 2054
2053 2109
2053 2110
2054 2055
2054 2110
2054 2111
2055 2111
2055 2112
2056 2057
2056 2112
2056 2113
2056 2114
2057 2058
2057 2113
2057 2114
2058 2059
2058 2114
2058 2115
2059 2060
2059 2115
2059 2116
2060 2061
2060 2115
2060 2116
2060 2117
2061 2062
2061 2116
2061 2117
2061 2118
2062 2063
2062 2117
2062 2118
2062 2119
2063 2064
2063 2118
2063 2119
2063 2120
2064 2065
2064 2119
2064 2120
2064 2121
2065 2120
2065 2121
2066 2067
2066 2122
2066 2123
2067 2068
2067 2122
2067 2123
2067 2124
2068 2069
2068 2123
2068 2124
2069 2070
2069 2124
2069 2125
2070 2071
2070 2125
2070 2126
2071 2072
2071 2125
2071 2126
2071 2127
2072 2073
2072 2126
2072 2127
2072 2128
2073 2074
2073 2127
2073 2128
2073 2129
2074 2075
2074 2128
2074 2129
2074 2130
2075 2076
2075 2129
2075 2130
2075 2131
2076 2077
2076 2130
2076 2131
2077 2078
2077 2131
2077 2132
2078 2079
2078 2132
2078 2133
2079 2080
2079 2132
2079 2133
2079 2134
2080 2081
2080 2133
2080 2134
2080 2135
2081 2134
2081 2135
2082 2083
2082 2137
2082 2138
2083 2084
2083 2138
2083 2139
2084 2085
2084 2139
2084 2140
2085 2139
2085 2140
2085 2141
2086 2141
2086 2142
2087 2088
2087 2142
2087 2143
2087 2144
2088 2143
2088 2144
2088 2145
2089 2145
2089 2146
2089 2147
2090 2091
2090 2147
2090 2148
2090 2149
2091 2092
2091 2148
2091 2149
2091 2150
2092 2093
2092 2149
2092 2150
2092 2151
2093 2094
2093 2150
2093 2151
2093 2152
2094 2095
2094 2151
2094 2152
2094 2153
2095 2152
2095 2153
2096 2097
2096 2154
2096 2155
2097 2154
2097 2155
2097 2156
2098 2099
2098 2156
2098 2157
2098 2158
2099 2100
2099 2157
2099 2158
2099 2159
2100 2101
2100 2158
2100 2159
2100 2160
2101 2159
2101 2160
2101 2161
2102 2103
2102 2161
2102 2162
2102 2163
2103 2104
2103 2162
2103 2163
2103 2164
2104 2163
2104 2164
2105 2106
2105 2165
2106 2107
2106 2166
2107 2108
2107 2166
2108 2109
2108 2166
2108 2167
2109 2110
2109 2167
2110 2167
2110 2168
2111 2112
2111 2168
2112 2113
2113 2114
2113 2169
2114 2169
2115 2116
2115 2170
2115 2171
2116 2117
2116 2170
2116 2171
2116 2172
2117 2118
2117 2171
2117 2172
2118 2119
2118 2172
2118 2173
2119 2120
2119 2173
2119 2174
2120 2121
2120 2173
2120 2174
2120 2175
2121 2174
2121 2175
2122 2123
2122 2176
2123 2124
2123 2176
2123 2177
2124 2176
2124 2177
2124 2178
2125 2126
2125 2178
2125 2179
2126 2127
2126 2179
2126 2180
2127 2128
2127 2179
2127 2180
2127 2181
2128 2129
2128 2180
2128 2181
2128 2182
2129 2130
2129 2181
2129 2182
2130 2131
2130 2182
2130 2183
2131 2183
2131 2184
2132 2133
2132 2184
2132 2185
2132 2186
2133 2134
2133 2185
2133 2186
2133 2187
2134 2135
2134 2186
2134 2187
2134 2188
2135 2187
2135 2188
2136 2137
2136 2189
2136 2190
2137 2138
2137 2189
2137 2190
2138 2190
2139 2140
2139 2191
2139 2192
2140 2141
2140 2191
2140 2192
2141 2192
2141 2193
2142 2143
2142 2193
2142 2194
2142 2195
2143 2144
2143 2194
2143 2195
2143 2196
2144 2145
2144 2195
2144 2196
2144 2197
2145 2146
2145 2196
2145 2197
2145 2198
2146 2147
2146 2197
2146 2198
2146 2199
2147 2148
2147 2198
2147 2199
2148 2149
2148 2199
2148 2200
2149 2150
2149 2200
2149 2201
2150 2151
2150 2200
2150 2201
2151 2152
2151 2201
2151 2202
2152 2153
2152 2202
2152 2203
2153 2202
2153 2203
2153 2204
2154 2155
2154 2204
2154 2205
2154 2206
2155 2156
2155 2205
2155 2206
2155 2207
2156 2157
2156 2206
2156 2207
2156 2208
2157 2158
2157 2207
2157 2208
2157 2209
2158 2159
2158 2208
2158 2209
2159 2160
2159 2209
2159 2210
2160 2161
2160 2210
2160 2211
2161 2162
2161 2210
2161 2211
2161 2212
2162 2163
2162 2211
2162 2212
2162 2213
2163 2164
2163 2212
2163 2213
2163 2214
2164 2213
2164 2214
2164 2215
2165 2215
2165 2216
2165 2217
2166 2218
2167 2219
2167 2220
2168 2220
2168 2221
2169 2223
2169 2224
2170 2171
2170 2225
2171 2172
2171 2225
2171 2226
2172 2225
2172 2226
2172 2227
2173 2174
2173 2227
2173 2228
2173 2229
2174 2175
2174 2228
2174 2229
2174 2230
2175 2229
2175 2230
2176 2177
2176 2231
2176 2232
2177 2178
2177 2231
2177 2232
2177 2233
2178 2232
2178 2233
2178 2234
2179 2180
2179 2234
2179 2235
2179 2236
2180 2181
2180 2235
2180 2236
2180 2237
2181 2182
2181 2236
2181 2237
2181 2238
2182 2237
2182 2238
2182 2239
2183 2184
2183 2239
2183 2240
2183 2241
2184 2185
2184 2240
2184 2241
2184 2242
2185 2186
2185 2241
2185 2242
2185 2243
2186 2187
2186 2242
2186 2243
2186 2244
2187 2188
2187 2243
2187 2244
2187 2245
2188 2244
2188 2245
2189 2190
2189 2246
2190 2246
2190 2247
2191 2192
2191 2248
2191 2249
2191 2250
2192 2249
2192 2250
2192 2251
2193 2194
2193 2251
2193 2252
2193 2253
2194 2195
2194 2252
2194 2253
2195 2196
2195 2253
2196 2197
2196 2254
2197 2198
2197 2254
2197 2255
2198 2199
2198 2254
2198 2255
2198 2256
2199 2255
2199 2256
2199 2257
2200 2201
2200 2257
2200 2258
2201 2258
2201 2259
2202 2203
2202 2259
2202 2260
2202 2261
2203 2204
2203 2260
2203 2261
2204 2205
2204 2261
2204 2262
2205 2206
2205 2262
2205 2263
2206 2207
2206 2262
2206 2263
2206 2264
2207 2208
2207 2263
2207 2264
2207 2265
2208 2209
2208 2264
2208 2265
2208 2266
2209 2265
2209 2266
2209 2267
2210 2211
2210 2267
2210 2268
2211 2212
2211 2268
2211 2269
2212 2213
2212 2269
2212 2270
2213 2214
2213 2269
2213 2270
2213 2271
2214 2215
2214 2270
2214 2271
2214 2272
2215 2216
2215 2271
2215 2272
2215 2273
2216 2217
2216 2272
2216 2273
2216 2274
2217 2218
2217 2273
2217 2274
2217 2275
2218 2274
2218 2275
2218 2276
2219 2220
2219 2277
2219 2278
2220 2221
2220 2277
2220 2278
2221 2278
2222 2223
2222 2279
2222 2280
2223 2224
2223 2279
2223 2280
2223 2281
2224 2280
2224 2281
2225 2226
2225 2282
2225 2283
2225 2284
2226 2227
2226 2283
2226 2284
2227 2228
2227 2284
2227 2285
2228 2229
2228 2285
2229 2230
2229 2285
2230 2286
2231 2232
2232 2233
2232 2287
2233 2234
2233 2287
2233 2288
2234 2235
2234 2287
2234 2288
2234 2289
2235 2236
2235 2288
2235 2289
2235 2290
2236 2237
2236 2289
2236 2290
2236 2291
2237 2238
2237 2290
2237 2291
2238 2239
2238 2291
2239 2240
2239 2292
2240 2241
2240 2292
2240 2293
2241 2242
2241 2292
2241 2293
2241 2294
2242 2243
2242 2293
2242 2294
2243 2244
2243 2294
2244 2245
2244 2295
2245 2295
2246 2296
2247 2248
2247 2296
2247 2297
2247 2298
2248 2249
2248 2297
2248 2298
2248 2299
2249 2250
2249 2298
2249 2299
2249 2300
2250 2251
2250 2299
2250 2300
2250 2301
2251 2252
2251 2300
2251 2301
2251 2302
2252 2253
2252 2301
2252 2302
2253 2302
2253 2303
2254 2255
2254 2304
2254 2305
2255 2256
2255 2304
2255 2305
2255 2306
2256 2257
2256 2305
2256 2306
2256 2307
2257 2306
2257 2307
2257 2308
2258 2259
2258 2308
2258 2309
2259 2260
2259 2309
2259 2310
2260 2261
2260 2309
2260 2310
2260 2311
2261 2310
2261 2311
2261 2312
2262 2263
2262 2312
2262 2313
2262 2314
2263 2264
2263 2313
2263 2314
2263 2315
2264 2265
2264 2314
2264 2315
2264 2316
2265 2266
2265 2315
2265 2316
2265 2317
2266 2267
2266 2316
2266 2317
2266 2318
2267 2268
2267 2317
2267 2318
2268 2318
2268 2319
2269 2270
2269 2319
2269 2320
2270 2271
2270 2320
2270 2321
2271 2272
2271 2320
2271 2321
2271 2322
2272 2273
2272 2321
2272 2322
2273 2274
2273 2322
2273 2323
2274 2275
2274 2323
2275 2276
2275 2323
2275 2324
2276 2324
2276 2325
2277 2278
2277 2325
2277 2326
2278 2326
2278 2327
2279 2280
2279 2328
2279 2329
2280 2281
2280 2329
2280 2330
2281 2329
2281 2330
2281 2331
2282 2283
2282 2331
2283 2284
2283 2332
2284 2332
2284 2333
2285 2333
2285 2334
2285 2335
2286 2336
2286 2337
2287 2288
2287 2338
2287 2339
2288 2289
2288 2338
2288 2339
2288 2340
2289 2290
2289 2339
2289 2340
2289 2341
2290 2291
2290 2340
2290 2341
2290 2342
2291 2341
2291 2342
2291 2343
2292 2293
2292 2344
2292 2345
2293 2294
2293 2345
2293 2346
2294 2345
2294 2346
2294 2347
2295 2348
2296 2297
2296 2349
2296 2350
2296 2351
2297 2298
2297 2350
2297 2351
2297 2352
2298 2299
2298 2351
2298 2352
2298 2353
2299 2300
2299 2352
2299 2353
2299 2354
2300 2301
2300 2353
2300 2354
2300 2355
2301 2302
2301 2354
2301 2355
2301 2356
2302 2355
2302 2356
2302 2357
2303 2357
2303 2358
2303 2359
2304 2305
2304 2359
2304 2360
2304 2361
2305 2306
2305 2360
2305 2361
2305 2362
2306 2307
2306 2361
2306 2362
2306 2363
2307 2308
2307 2362
2307 2363
2307 2364
2308 2363
2308 2364
2308 2365
2309 2310
2309 2365
2309 2366
2309 2367
2310 2311
2310 2366
2310 2367
2311 2312
2311 2367
2311 2368
2312 2313
2312 2368
2312 2369
2313 2314
2313 2368
2313 2369
2313 2370
2314 2315
2314 2369
2314 2370
2315 2316
2315 2370
2315 2371
2316 2317
2316 2371
2317 2318
2317 2371
2317 2372
2318 2372
2318 2373
2319 2373
2319 2374
2319 2375
2320 2321
2320 2375
2320 2376
2320 2377
2321 2322
2321 2376
2321 2377
2321 2378
2322 2377
2322 2378
2322 2379
2323 2379
2323 2380
2324 2325
2324 2381
2324 2382
2325 2381
2325 2382
2325 2383
2326 2327
2326 2383
2326 2384
2327 2328
2327 2384
2327 2385
2328 2384
2328 2385
2328 2386
2329 2330
2329 2386
2329 2387
2329 2388
2330 2331
2330 2387
2330 2388
2330 2389
2331 2388
2331 2389
2331 2390
2332 2333
2332 2391
2333 2334
2333 2391
2333 2392
2334 2335
2334 2392
2334 2393
2335 2392
2335 2393
2336 2337
2336 2394
2336 2395
2337 2394
2337 2395
2337 2396
2338 2339
2338 2397
2338 2398
2338 2399
2339 2340
2339 2398
2339 2399
2339 2400
2340 2341
2340 2399
2340 2400
2341 2342
2341 2400
2341 2401
2342 2343
2342 2401
2343 2344
2343 2401
2343 2402
2344 2402
2345 2346
2345 2403
2345 2404
2346 2347
2346 2403
2346 2404
2346 2405
2347 2348
2347 2404
2347 2405
2347 2406
2348 2405
2348 2406
2348 2407
2349 2350
2349 2408
2349 2409
2350 2351
2350 2408
2350 2409
2350 2410
2351 2352
2351 2409
2351 2410
2351 2411
2352 2353
2352 2410
2352 2411
2352 2412
2353 2354
2353 2411
2353 2412
2353 2413
2354 2355
2354 2412
2354 2413
2354 2414
2355 2356
2355 2413
2355 2414
2355 2415
2356 2357
2356 2414
2356 2415
2356 2416
2357 2358
2357 2415
2357 2416
2357 2417
2358 2359
2358 2416
2358 2417
2358 2418
2359 2360
2359 2417
2359 2418
2359 2419
2360 2361
2360 2418
2360 2419
2360 2420
2361 2362
2361 2419
2361 2420
2361 2421
2362 2363
2362 2420
2362 2421
2362 2422
2363 2364
2363 2421
2363 2422
2363 2423
2364 2365
2364 2422
2364 2423
2364 2424
2365 2366
2365 2423
2365 2424
2365 2425
2366 2367
2366 2424
2366 2425
2367 2425
2367 2426
2368 2369
2368 2426
2368 2427
2369 2370
2369 2427
2369 2428
2370 2428
2370 2429
2371 2429
2371 2430
2371 2431
2372 2373
2372 2431
2372 2432
2372 2433
2373 2374
2373 2432
2373 2433
2373 2434
2374 2375
2374 2433
2374 2434
2374 2435
2375 2376
2375 2434
2375 2435
2375 2436
2376 2377
2376 2435
2376 2436
2376 2437
2377 2378
2377 2436
2377 2437
2377 2438
2378 2379
2378 2437
2378 2438
2378 2439
2379 2380
2379 2438
2379 2439
2380 2439
2380 2440
2381 2382
2381 2440
2381 2441
2381 2442
2382 2383
2382 2441
2382 2442
2383 2442
2383 2443
2384 2385
2384 2443
2384 2444
2385 2386
2385 2444
2385 2445
2386 2387
2386 2445
2386 2446
2387 2388
2387 2445
2387 2446
2387 2447
2388 2389
2388 2446
2388 2447
2388 2448
2389 2390
2389 2447
2389 2448
2389 2449
2390 2448
2390 2449
2390 2450
2391 2450
2391 2451
2391 2452
2392 2393
2392 2452
2392 2453
2392 2454
2393 2453
2393 2454
2394 2395
2394 2455
2394 2456
2395 2396
2395 2455
2395 2456
2396 2397
2396 2456
2397 2398
2397 2457
2398 2399
2398 2457
2398 2458
2399 2400
2399 2457
2399 2458
2400 2458
2400 2459
2401 2459
2401 2460
2401 2461
2402 2461
2402 2462
2402 2463
2403 2404
2403 2463
2403 2464
2403 2465
2404 2405
2404 2464
2404 2465
2405 2406
2405 2465
2405 2466
2406 2407
2406 2466
2406 2467
2407 2466
2407 2467
2408 2409
2408 2468
2409 2410
2409 2468
2409 2469
2410 2411
2410 2469
2411 2412
2411 2469
2411 2470
2412 2413
2412 2470
2412 2471
2413 2414
2413 2470
2413 2471
2413 2472
2414 2415
2414 2471
2414 2472
2414 2473
2415 2416
2415 2472
2415 2473
2416 2417
2416 2473
2417 2418
2417 2474
2418 2419
2418 2474
2419 2420
2419 2474
2419 2475
2420 2421
2420 2475
2420 2476
2421 2422
2421 2475
2421 2476
2421 2477
2422 2423
2422 2476
2422 2477
2422 2478
2423 2424
2423 2477
2423 2478
2423 2479
2424 2425
2424 2478
2424 2479
2424 2480
2425 2479
2425 2480
2425 2481
2426 2427
2426 2481
2426 2482
2426 2483
2427 2482
2427 2483
2427 2484
2428 2429
2428 2484
2428 2485
2428 2486
2429 2430
2429 2485
2429 2486
2430 2431
2430 2486
2431 2432
2431 2487
2432 2433
2432 2487
2432 2488
2433 2434
2433 2487
2433 2488
2433 2489
2434 2435
2434 2488
2434 2489
2434 2490
2435 2436
2435 2489
2435 2490
2435 2491
2436 2437
2436 2490
2436 2491
2436 2492
2437 2438
2437 2491
2437 2492
2437 2493
2438 2439
2438 2492
2438 2493
2438 2494
2439 2493
2439 2494
2439 2495
2440 2441
2440 2495
2440 2496
2440 2497
2441 2442
2441 2496
2441 2497
2441 2498
2442 2497
2442 2498
2442 2499
2443 2444
2443 2499
2443 2500
2443 2501
2444 2500
2444 2501
2444 2502
2445 2446
2445 2502
2445 2503
2445 2504
2446 2447
2446 2503
2446 2504
2446 2505
2447 2448
2447 2504
2447 2505
2447 2506
2448 2449
2448 2505
2448 2506
2448 2507
2449 2450
2449 2506
2449 2507
2449 2508
2450 2451
2450 2507
2450 2508
2450 2509
2451 2452
2451 2508
2451 2509
2451 2510
2452 2453
2452 2509
2452 2510
2452 2511
2453 2454
2453 2510
2453 2511
2453 2512
2454 2511
2454 2512
2455 2456
2455 2513
2455 2514
2456 2513
2456 2514
2456 2515
2457 2458
2457 2516
2457 2517
2458 2516
2458 2517
2458 2518
2459 2460
2459 2518
2459 2519
2459 2520
2460 2461
2460 2519
2460 2520
2461 2462
2461 2520
2461 2521
2462 2463
2462 2521
2462 2522
2463 2464
2463 2521
2463 2522
2463 2523
2464 2465
2464 2522
2464 2523
2464 2524
2465 2523
2465 2524
2465 2525
2466 2467
2466 2525
2466 2526
2467 2526
2468 2527
2469 2527
2469 2528
2469 2529
2470 2471
2470 2529
2470 2530
2471 2472
2471 2530
2471 2531
2472 2473
2472 2531
2472 2532
2473 2531
2473 2532
2473 2533
2474 2534
2474 2535
2475 2476
2475 2536
2475 2537
2476 2477
2476 2536
2476 2537
2476 2538
2477 2478
2477 2537
2477 2538
2477 2539
2478 2479
2478 2538
2478 2539
2478 2540
2479 2480
2479 2539
2479 2540
2480 2481
2480 2540
2480 2541
2481 2482
2481 2541
2481 2542
2482 2483
2482 2541
2482 2542
2482 2543
2483 2484
2483 2542
2483 2543
2483 2544
2484 2485
2484 2543
2484 2544
2484 2545
2485 2486
2485 2544
2485 2545
2485 2546
2486 2545
2486 2546
2486 2547
2487 2488
2487 2548
2487 2549
2487 2550
2488 2489
2488 2549
2488 2550
2488 2551
2489 2490
2489 2550
2489 2551
2489 2552
2490 2491
2490 2551
2490 2552
2490 2553
2491 2492
2491 2552
2491 2553
2492 2493
2492 2553
2492 2554
2493 2494
2493 2554
2493 2555
2494 2495
2494 2554
2494 2555
2494 2556
2495 2496
2495 2555
2495 2556
2495 2557
2496 2497
2496 2556
2496 2557
2496 2558
2497 2498
2497 2557
2497 2558
2497 2559
2498 2499
2498 2558
2498 2559
2499 2500
2499 2559
2500 2501
2500 2560
2501 2502
2501 2560
2501 2561
2502 2503
2502 2560
2502 2561
2503 2504
2503 2561
2504 2505
2504 2562
2505 2506
2505 2562
2506 2507
2506 2562
2507 2508
2507 2563
2508 2509
2508 2563
2508 2564
2509 2510
2509 2563
2509 2564
2509 2565
2510 2511
2510 2564
2510 2565
2510 2566
2511 2512
2511 2565
2511 2566
2511 2567
2512 2566
2512 2567
2512 2568
2513 2514
2513 2568
2513 2569
2514 2515
2514 2569
2515 2570
2516 2517
2516 2570
2516 2571
2516 2572
2517 2518
2517 2571
2517 2572
2517 2573
2518 2519
2518 2572
2518 2573
2518 2574
2519 2520
2519 2573
2519 2574
2519 2575
2520 2574
2520 2575
2520 2576
2521 2522
2521 2576
2521 2577
2521 2578
2522 2523
2522 2577
2522 2578
2522 2579
2523 2524
2523 2578
2523 2579
2523 2580
2524 2525
2524 2579
2524 2580
2524 2581
2525 2580
2525 2581
2525 2582
2526 2582
2527 2528
2527 2583
2527 2584
2528 2529
2528 2583
2528 2584
2529 2530
2529 2584
2529 2585
2530 2585
2530 2586
2531 2532
2531 2586
2531 2587
2532 2533
2532 2587
2532 2588
2533 2534
2533 2588
2533 2589
2534 2535
2534 2588
2534 2589
2534 2590
2535 2589
2535 2590
2535 2591
2536 2537
2536 2591
2536 2592
2536 2593
2537 2538
2537 2592
2537 2593
2537 2594
2538 2539
2538 2593
2538 2594
2538 2595
2539 2540
2539 2594
2539 2595
2539 2596
2540 2595
2540 2596
2540 2597
2541 2542
2541 2597
2541 2598
2541 2599
2542 2543
2542 2598
2542 2599
2542 2600
2543 2544
2543 2599
2543 2600
2543 2601
2544 2545
2544 2600
2544 2601
2545 2546
2545 2601
2545 2602
2546 2547
2546 2602
2546 2603
2547 2548
2547 2602
2547 2603
2547 2604
2548 2549
2548 2603
2548 2604
2548 2605
2549 2550
2549 2604
2549 2605
2549 2606
2550 2551
2550 2605
2550 2606
2550 2607
2551 2552
2551 2606
2551 2607
2551 2608
2552 2553
2552 2607
2552 2608
2552 2609
2553 2608
2553 2609
2553 2610
2554 2555
2554 2610
2554 2611
2554 2612
2555 2556
2555 2611
2555 2612
2555 2613
2556 2557
2556 2612
2556 2613
2556 2614
2557 2558
2557 2613
2557 2614
2557 2615
2558 2559
2558 2614
2558 2615
2558 2616
2559 2615
2559 2616
2559 2617
2560 2561
2560 2618
2561 2618
2561 2619
2562 2620
2562 2621
2563 2564
2563 2622
2563 2623
2563 2624
2564 2565
2564 2623
2564 2624
2564 2625
2565 2566
2565 2624
2565 2625
2565 2626
2566 2567
2566 2625
2566 2626
2566 2627
2567 2568
2567 2626
2567 2627
2567 2628
2568 2569
2568 2627
2568 2628
2568 2629
2569 2628
2569 2629
2569 2630
2570 2571
2570 2631
2570 2632
2571 2572
2571 2631
2571 2632
2572 2573
2572 2632
2572 2633
2573 2574
2573 2633
2573 2634
2574 2575
2574 2633
2574 2634
2574 2635
2575 2576
2575 2634
2575 2635
2575 2636
2576 2577
2576 2635
2576 2636
2576 2637
2577 2578
2577 2636
2577 2637
2578 2579
2578 2637
2578 2638
2579 2580
2579 2638
2579 2639
2580 2581
2580 2638
2580 2639
2580 2640
2581 2582
2581 2639
2581 2640
2581 2641
2582 2640
2582 2641
2582 2642
2583 2584
2583 2643
2583 2644
2584 2644
2584 2645
2585 2586
2585 2645
2585 2646
2586 2587
2586 2646
2586 2647
2587 2647
2587 2648
2588 2589
2588 2648
2588 2649
2588 2650
2589 2590
2589 2649
2589 2650
2589 2651
2590 2591
2590 2650
2590 2651
2591 2592
2591 2651
2591 2652
2592 2593
2592 2652
2592 2653
2593 2594
2593 2652
2593 2653
2593 2654
2594 2595
2594 2653
2594 2654
2595 2596
2595 2654
2596 2597
2596 2655
2597 2598
2597 2655
2597 2656
2598 2599
2598 2655
2598 2656
2598 2657
2599 2600
2599 2656
2599 2657
2600 2601
2600 2657
2600 2658
2601 2658
2601 2659
2602 2603
2602 2659
2602 2660
2602 2661
2603 2604
2603 2660
2603 2661
2603 2662
2604 2605
2604 2661
2604 2662
2604 2663
2605 2606
2605 2662
2605 2663
2605 2664
2606 2607
2606 2663
2606 2664
2606 2665
2607 2608
2607 2664
2607 2665
2607 2666
2608 2609
2608 2665
2608 2666
2608 2667
2609 2610
2609 2666
2609 2667
2609 2668
2610 2611
2610 2667
2610 2668
2610 2669
2611 2612
2611 2668
2611 2669
2611 2670
2612 2613
2612 2669
2612 2670
2612 2671
2613 2614
2613 2670
2613 2671
2613 2672
2614 2615
2614 2671
2614 2672
2614 2673
2615 2616
2615 2672
2615 2673
2615 2674
2616 2617
2616 2673
2616 2674
2617 2674
2617 2675
2618 2619
2618 2676
2618 2677
2618 2678
2619 2677
2619 2678
2620 2621
2620 2679
2620 2680
2621 2622
2621 2679
2621 2680
2622 2623
2622 2680
2622 2681
2623 2624
2623 2681
2624 2625
2624 2681
2624 2682
2625 2626
2625 2682
2625 2683
2626 2627
2626 2682
2626 2683
2626 2684
2627 2628
2627 2683
2627 2684
2627 2685
2628 2629
2628 2684
2628 2685
2629 2630
2629 2685
2629 2686
2630 2686
2630 2687
2631 2632
2631 2687
2631 2688
2632 2688
2632 2689
2633 2634
2633 2689
2633 2690
2634 2635
2634 2690
2634 2691
2635 2636
2635 2690
2635 2691
2635 2692
2636 2637
2636 2691
2636 2692
2637 2692
2637 2693
2638 2639
2638 2693
2638 2694
2638 2695
2639 2640
2639 2694
2639 2695
2639 2696
2640 2641
2640 2695
2640 2696
2640 2697
2641 2642
2641 2696
2641 2697
2641 2698
2642 2697
2642 2698
2643 2699
2643 2700
2644 2645
2644 2700
2644 2701
2645 2646
2645 2701
2645 2702
2646 2701
2646 2702
2646 2703
2647 2648
2647 2703
2647 2704
2648 2649
2648 2704
2648 2705
2649 2650
2649 2704
2649 2705
2649 2706
2650 2651
2650 2705
2650 2706
2650 2707
2651 2706
2651 2707
2651 2708
2652 2653
2652 2708
2652 2709
2653 2654
2653 2709
2653 2710
2654 2710
2654 2711
2655 2656
2655 2712
2655 2713
2655 2714
2656 2657
2656 2713
2656 2714
2656 2715
2657 2714
2657 2715
2657 2716
2658 2659
2658 2716
2658 2717
2659 2660
2659 2717
2659 2718
2660 2661
2660 2718
2660 2719
2661 2662
2661 2718
2661 2719
2661 2720
2662 2663
2662 2719
2662 2720
2662 2721
2663 2664
2663 2720
2663 2721
2663 2722
2664 2665
2664 2721
2664 2722
2664 2723
2665 2666
2665 2722
2665 2723
2666 2667
2666 2723
2666 2724
2667 2668
2667 2724
2667 2725
2668 2669
2668 2724
2668 2725
2668 2726
2669 2670
2669 2725
2669 2726
2669 2727
2670 2671
2670 2726
2670 2727
2671 2672
2671 2727
2672 2673
2672 2728
2673 2674
2673 2728
2673 2729
2674 2728
2674 2729
2674 2730
2675 2676
2675 2730
2675 2731
2676 2677
2676 2731
2676 2732
2677 2678
2677 2731
2677 2732
2677 2733
2678 2732
2678 2733
2678 2734
2679 2680
2679 2734
2679 2735
2679 2736
2680 2735
2680 2736
2680 2737
2681 2737
2681 2738
2681 2739
2682 2683
2682 2739
2682 2740
2683 2684
2683 2740
2683 2741
2684 2685
2684 2741
2684 2742
2685 2741
2685 2742
2685 2743
2686 2687
2686 2743
2686 2744
2687 2688
2687 2744
2688 2745
2689 2745
2689 2746
2689 2747
2690 2691
2690 2747
2690 2748
2691 2692
2691 2748
2691 2749
2692 2749
2692 2750
2693 2694
2693 2750
2693 2751
2694 2695
2694 2751
2694 2752
2695 2696
2695 2752
2696 2697
2696 2752
2696 2753
2697 2698
2697 2753
2698 2753
2699 2700
2699 2754
2699 2755
2700 2754
2700 2755
2700 2756
2701 2702
2701 2756
2701 2757
2702 2703
2702 2757
2702 2758
2703 2758
2703 2759
2704 2705
2704 2759
2705 2706
2705 2760
2706 2707
2706 2760
2706 2761
2707 2708
2707 2760
2707 2761
2707 2762
2708 2709
2708 2761
2708 2762
2709 2762
2709 2763
2710 2711
2710 2763
2710 2764
2710 2765
2711 2712
2711 2764
2711 2765
2711 2766
2712 2713
2712 2765
2712 2766
2712 2767
2713 2714
2713 2766
2713 2767
2713 2768
2714 2715
2714 2767
2714 2768
2714 2769
2715 2716
2715 2768
2715 2769
2715 2770
2716 2717
2716 2769
2716 2770
2716 2771
2717 2770
2717 2771
2717 2772
2718 2719
2718 2772
2718 2773
2718 2774
2719 2720
2719 2773
2719 2774
2719 2775
2720 2721
2720 2774
2720 2775
2720 2776
2721 2722
2721 2775
2721 2776
2721 2777
2722 2723
2722 2776
2722 2777
2722 2778
2723 2777
2723 2778
2724 2725
2724 2779
2724 2780
2725 2726
2725 2779
2725 2780
2725 2781
2726 2727
2726 2780
2726 2781
2726 2782
2727 2781
2727 2782
2727 2783
2728 2729
2728 2784
2729 2730
2729 2785
2730 2785
2730 2786
2731 2732
2731 2786
2731 2787
2731 2788
2732 2733
2732 2787
2732 2788
2732 2789
2733 2734
2733 2788
2733 2789
2734 2735
2734 2789
2735 2736
2735 2790
2736 2737
2736 2790
2736 2791
2737 2738
2737 2790
2737 2791
2737 2792
2738 2739
2738 2791
2738 2792
2739 2740
2739 2792
2739 2793
2740 2793
2740 2794
2741 2742
2741 2794
2741 2795
2742 2743
2742 2795
2743 2744
2743 2796
2744 2796
2745 2746
2745 2797
2745 2798
2745 2799
2746 2747
2746 2798
2746 2799
2746 2800
2747 2748
2747 2799
2747 2800
2747 2801
2748 2800
2748 2801
2749 2750
2749 2802
2749 2803
2750 2751
2750 2802
2750 2803
2750 2804
2751 2803
2751 2804
2751 2805
2752 2805
2752 2806
2753 2806
2753 2807
2753 2808
2754 2755
2754 2809
2754 2810
2755 2756
2755 2809
2755 2810
2755 2811
2756 2757
2756 2810
2756 2811
2756 2812
2757 2811
2757 2812
2758 2759
2758 2813
2758 2814
2759 2813
2759 2814
2759 2815
2760 2761
2760 2816
2760 2817
2760 2818
2761 2762
2761 2817
2761 2818
2761 2819
2762 2818
2762 2819
2763 2764
2763 2820
2763 2821
2764 2765
2764 2820
2764 2821
2764 2822
2765 2766
2765 2821
2765 2822
2765 2823
2766 2767
2766 2822
2766 2823
2766 2824
2767 2768
2767 2823
2767 2824
2768 2769
2768 2824
2768 2825
2769 2770
2769 2825
2769 2826
2770 2771
2770 2825
2770 2826
2770 2827
2771 2772
2771 2826
2771 2827
2771 2828
2772 2773
2772 2827
2772 2828
2772 2829
2773 2774
2773 2828
2773 2829
2774 2775
2774 2829
2775 2776
2775 2830
2776 2777
2776 2830
2776 2831
2777 2778
2777 2830
2777 2831
2777 2832
2778 2831
2778 2832
2778 2833
2779 2780
2779 2833
2779 2834
2779 2835
2780 2781
2780 2834
2780 2835
2780 2836
2781 2782
2781 2835
2781 2836
2781 2837
2782 2783
2782 2836
2782 2837
2782 2838
2783 2784
2783 2837
2783 2838
2783 2839
2784 2838
2784 2839
2785 2786
2785 2840
2785 2841
2785 2842
2786 2787
2786 2841
2786 2842
2786 2843
2787 2788
2787 2842
2787 2843
2787 2844
2788 2789
2788 2843
2788 2844
2788 2845
2789 2844
2789 2845
2789 2846
2790 2791
2790 2847
2790 2848
2791 2792
2791 2848
2792 2849
2793 2794
2793 2849
2793 2850
2793 2851
2794 2795
2794 2850
2794 2851
2795 2851
2796 2852
2797 2798
2797 2852
2797 2853
2797 2854
2798 2799
2798 2853
2798 2854
2798 2855
2799 2800
2799 2854
2799 2855
2799 2856
2800 2801
2800 2855
2800 2856
2800 2857
2801 2856
2801 2857
2801 2858
2802 2803
2802 2858
2802 2859
2802 2860
2803 2804
2803 2859
2803 2860
2803 2861
2804 2805
2804 2860
2804 2861
2804 2862
2805 2861
2805 2862
2805 2863
2806 2807
2806 2863
2806 2864
2806 2865
2807 2808
2807 2864
2807 2865
2807 2866
2808 2865
2808 2866
2809 2810
2809 2867
2809 2868
2810 2811
2810 2867
2810 2868
2811 2812
2811 2868
2812 2869
2813 2814
2813 2869
2813 2870
2814 2815
2814 2870
2814 2871
2815 2816
2815 2871
2815 2872
2816 2817
2816 2871
2816 2872
2816 2873
2817 2818
2817 2872
2817 2873
2817 2874
2818 2819
2818 2873
2818 2874
2819 2874
2820 2821
2820 2875
2821 2822
2821 2875
2821 2876
2822 2823
2822 2876
2822 2877
2823 2824
2823 2876
2823 2877
2823 2878
2824 2877
2824 2878
2824 2879
2825 2826
2825 2879
2825 2880
2826 2827
2826 2880
2826 2881
2827 2828
2827 2881
2827 2882
2828 2829
2828 2881
2828 2882
2829 2882
2829 2883
2830 2831
2830 2884
2830 2885
2830 2886
2831 2832
2831 2885
2831 2886
2832 2833
2832 2886
2832 2887
2833 2834
2833 2887
2833 2888
2834 2835
2834 2887
2834 2888
2835 2836
2835 2888
2835 2889
2836 2837
2836 2889
2836 2890
2837 2838
2837 2889
2837 2890
2837 2891
2838 2839
2838 2890
2838 2891
2838 2892
2839 2891
2839 2892
2839 2893
2840 2841
2840 2893
2840 2894
2840 2895
2841 2842
2841 2894
2841 2895
2842 2843
2842 2895
2842 2896
2843 2844
2843 2896
2843 2897
2844 2845
2844 2896
2844 2897
2844 2898
2845 2846
2845 2897
2845 2898
2845 2899
2846 2847
2846 2898
2846 2899
2846 2900
2847 2848
2847 2899
2847 2900
2847 2901
2848 2900
2848 2901
2849 2850
2849 2902
2849 2903
2849 2904
2850 2851
2850 2903
2850 2904
2851 2904
2851 2905
2852 2853
2852 2907
2852 2908
2853 2854
2853 2908
2853 2909
2854 2855
2854 2909
2855 2856
2855 2909
2855 2910
2856 2857
2856 2910
2856 2911
2857 2858
2857 2910
2857 2911
2857 2912
2858 2859
2858 2911
2858 2912
2858 2913
2859 2860
2859 2912
2859 2913
2860 2861
2860 2913
2860 2914
2861 2862
2861 2914
2861 2915
2862 2863
2862 2914
2862 2915
2863 2864
2863 2915
2863 2916
2864 2865
2864 2916
2865 2866
2865 2916
2865 2917
2866 2917
2867 2868
2867 2918
2867 2919
2868 2918
2868 2919
2868 2920
2869 2870
2869 2921
2871 2872
2871 2922
2871 2923
2872 2873
2872 2922
2872 2923
2872 2924
2873 2874
2873 2923
2873 2924
2873 2925
2874 2924
2874 2925
2874 2926
2875 2927
2875 2928
2875 2929
2876 2877
2876 2929
2876 2930
2877 2878
2877 2930
2878 2879
2878 2931
2879 2880
2879 2931
2880 2931
2880 2932
2881 2882
2881 2932
2881 2933
2881 2934
2882 2933
2882 2934
2883 2884
2883 2935
2883 2936
2884 2885
2884 2935
2884 2936
2884 2937
2885 2886
2885 2936
2885 2937
2886 2937
2887 2888
2887 2938
2888 2938
2889 2890
2889 2939
2889 2940
2890 2891
2890 2939
2890 2940
2890 2941
2891 2892
2891 2940
2891 2941
2891 2942
2892 2893
2892 2941
2892 2942
2892 2943
2893 2894
2893 2942
2893 2943
2893 2944
2894 2895
2894 2943
2894 2944
2894 2945
2895 2944
2895 2945
2895 2946
2896 2897
2896 2946
2896 2947
2897 2898
2897 2947
2897 2948
2898 2899
2898 2947
2898 2948
2898 2949
2899 2900
2899 2948
2899 2949
2900 2901
2900 2949
2900 2950
2901 2950
2901 2951
2902 2903
2902 2951
2902 2952
2902 2953
2903 2904
2903 2952
2903 2953
2903 2954
2904 2953
2904 2954
2904 2955
2905 2906
2905 2955
2905 2956
2905 2957
2906 2956
2906 2957
2906 2958
2907 2908
2907 2958
2907 2959
2908 2959
2908 2960
2909 2960
2909 2961
2909 2962
2910 2911
2910 2962
2910 2963
2911 2912
2911 2963
2911 2964
2912 2913
2912 2964
2912 2965
2913 2964
2913 2965
2913 2966
2914 2915
2914 2966
2914 2967
2914 2968
2915 2967
2915 2968
2915 2969
2916 2969
2916 2970
2916 2971
2917 2971
2917 2972
2918 2919
2918 2973
2918 2974
2919 2920
2919 2973
2919 2974
2919 2975
2920 2921
2920 2974
2920 2975
2920 2976
2921 2975
2921 2976
2921 2977
2922 2923
2922 2979
2922 2980
2922 2981
2923 2924
2923 2980
2923 2981
2924 2925
2924 2981
2925 2926
2925 2982
2926 2927
2926 2982
2927 2928
2927 2982
2927 2983
2928 2929
2928 2983
2928 2984
2929 2930
2929 2983
2929 2984
2929 2985
2930 2984
2930 2985
2930 2986
2931 2987
2931 2988
2932 2933
2932 2988
2932 2989
2933 2934
2933 2989
2935 2936
2935 2990
2935 2991
2936 2937
2936 2990
2936 2991
2936 2992
2937 2991
2937 2992
2937 2993
2938 2995
2938 2996
2938 2997
2939 2940
2939 2997
2939 2998
2940 2941
2940 2998
2941 2942
2941 2999
2942 2943
2942 2999
2942 3000
2943 2944
2943 2999
2943 3000
2943 3001
2944 2945
2944 3000
2944 3001
2944 3002
2945 2946
2945 3001
2945 3002
2945 3003
2946 3002
2946 3003
2946 3004
2947 2948
2947 3004
2947 3005
2947 3006
2948 2949
2948 3005
2948 3006
2949 3006
2949 3007
2950 2951
2950 3007
2950 3008
2951 2952
2951 3008
2951 3009
2952 2953
2952 3009
2952 3010
2953 2954
2953 3009
2953 3010
2953 3011
2954 2955
2954 3010
2954 3011
2954 3012
2955 2956
2955 3011
2955 3012
2955 3013
2956 2957
2956 3012
2956 3013
2956 3014
2957 2958
2957 3013
2957 3014
2957 3015
2958 3014
2958 3015
2959 2960
2959 3016
2959 3017
2960 2961
2960 3016
2960 3017
2961 2962
2961 3017
2962 2963
2964 2965
2964 3018
2964 3019
2965 2966
2965 3018
2965 3019
2965 3020
2966 2967
2966 3019
2966 3020
2966 3021
2967 2968
2967 3020
2967 3021
2967 3022
2968 2969
2968 3021
2968 3022
2968 3023
2969 2970
2969 3022
2969 3023
2969 3024
2970 2971
2970 3023
2970 3024
2970 3025
2971 2972
2971 3024
2971 3025
2971 3026
2972 3025
2972 3026
2973 2974
2973 3027
2974 2975
2974 3027
2974 3028
2975 2976
2975 3028
2975 3029
2976 2977
2976 3028
2976 3029
2977 2978
2977 3029
2977 3030
2978 2979
2978 3030
2978 3031
2979 2980
2979 3030
2979 3031
2979 3032
2980 2981
2980 3031
2980 3032
2980 3033
2981 3032
2981 3033
2982 3034
2982 3035
2983 2984
2983 3035
2983 3036
2984 2985
2984 3036
2984 3037
2985 2986
2985 3037
2985 3038
2986 3037
2986 3038
2986 3039
2987 2988
2987 3039
2987 3040
2988 2989
2988 3040
2989 3040
2990 2991
2990 3042
2990 3043
2991 2992
2991 3043
2991 3044
2992 2993
2992 3043
2992 3044
2993 2994
2993 3044
2993 3045
2994 2995
2994 3045
2994 3046
2995 2996
2995 3045
2995 3046
2995 3047
2996 2997
2996 3046
2996 3047
2996 3048
2997 2998
2997 3047
2997 3048
2997 3049
2998 3048
2998 3049
2998 3050
2999 3000
2999 3051
2999 3052
2999 3053
3000 3001
3000 3052
3000 3053
3000 3054
3001 3002
3001 3053
3001 3054
3001 3055
3002 3003
3002 3054
3002 3055
3002 3056
3003 3004
3003 3055
3003 3056
3003 3057
3004 3005
3004 3056
3004 3057
3004 3058
3005 3006
3005 3057
3005 3058
3005 3059
3006 3058
3006 3059
3006 3060
3007 3008
3007 3060
3007 3061
3008 3061
3009 3010
3009 3062
3010 3011
3010 3062
3010 3063
3011 3012
3011 3063
3012 3013
3012 3063
3012 3064
3013 3014
3013 3064
3014 3015
3014 3064
3014 3065
3015 3065
3015 3066
3016 3017
3016 3066
3016 3067
3016 3068
3017 3067
3017 3068
3017 3069
3018 3019
3018 3072
3018 3073
3019 3020
3019 3073
3019 3074
3020 3021
3020 3074
3020 3075
3021 3022
3021 3074
3021 3075
3021 3076
3022 3023
3022 3075
3022 3076
3023 3024
3023 3076
3023 3077
3024 3025
3024 3077
3024 3078
3025 3026
3025 3077
3025 3078
3025 3079
3026 3078
3026 3079
3027 3080
3027 3081
3028 3029
3028 3081
3028 3082
3028 3083
3029 3082
3029 3083
3029 3084
3030 3031
3030 3084
3030 3085
3031 3032
3031 3085
3031 3086
3032 3033
3032 3085
3032 3086
3032 3087
3033 3086
3033 3087
3033 3088
3034 3088
3034 3089
3034 3090
3035 3036
3035 3090
3035 3091
3035 3092
3036 3091
3036 3092
3036 3093
3037 3038
3037 3093
3037 3094
3038 3039
3038 3094
3038 3095
3039 3094
3039 3095
3039 3096
3040 3096
3040 3097
3041 3042
3041 3098
3041 3099
3042 3099
3043 3044
3043 3100
3044 3100
3044 3101
3045 3046
3045 3101
3045 3102
3045 3103
3046 3047
3046 3102
3046 3103
3046 3104
3047 3048
3047 3103
3047 3104
3047 3105
3048 3049
3048 3104
3048 3105
3048 3106
3049 3050
3049 3105
3049 3106
3049 3107
3050 3051
3050 3106
3050 3107
3050 3108
3051 3052
3051 3107
3051 3108
3051 3109
3052 3053
3052 3108
3052 3109
3052 3110
3053 3054
3053 3109
3053 3110
3053 3111
3054 3055
3054 3110
3054 3111
3054 3112
3055 3056
3055 3111
3055 3112
3055 3113
3056 3057
3056 3112
3056 3113
3057 3058
3057 3113
3057 3114
3058 3059
3058 3114
3058 3115
3059 3060
3059 3114
3059 3115
3059 3116
3060 3061
3060 3115
3060 3116
3060 3117
3061 3116
3061 3117
3061 3118
3062 3119
3062 3120
3063 3120
3063 3121
3064 3121
3064 3122
3064 3123
3065 3066
3065 3123
3065 3124
3065 3125
3066 3067
3066 3124
3066 3125
3066 3126
3067 3068
3067 3125
3067 3126
3067 3127
3068 3069
3068 3126
3068 3127
3068 3128
3069 3070
3069 3127
3069 3128
3070 3071
3070 3128
3071 3072
3071 3129
3072 3073
3072 3129
3072 3130
3073 3129
3073 3130
3073 3131
3074 3075
3074 3131
3074 3132
3074 3133
3075 3076
3075 3132
3075 3133
3075 3134
3076 3133
3076 3134
3076 3135
3077 3078
3077 3135
3077 3136
3077 3137
3078 3079
3078 3136
3078 3137
3078 3138
3079 3137
3079 3138
3080 3081
3080 3139
3081 3082
3081 3139
3081 3140
3082 3083
3082 3140
3082 3141
3083 3084
3083 3140
3083 3141
3083 3142
3084 3141
3084 3142
3085 3086
3085 3143
3086 3087
3086 3143
3086 3144
3087 3088
3087 3144
3087 3145
3088 3089
3088 3144
3088 3145
3089 3090
3089 3145
3089 3146
3090 3091
3090 3146
3091 3092
3091 3146
3091 3147
3092 3093
3092 3147
3092 3148
3093 3147
3093 3148
3093 3149
3094 3095
3094 3149
3094 3150
3094 3151
3095 3096
3095 3150
3095 3151
3095 3152
3096 3151
3096 3152
3096 3153
3097 3098
3097 3153
3097 3154
3097 3155
3098 3154
3098 3155
3098 3156
3099 3156
3099 3157
3099 3158
3100 3158
3100 3159
3100 3160
3101 3102
3101 3160
3101 3161
3101 3162
3102 3103
3102 3161
3102 3162
3102 3163
3103 3104
3103 3162
3103 3163
3103 3164
3104 3105
3104 3163
3104 3164
3104 3165
3105 3106
3105 3164
3105 3165
3105 3166
3106 3107
3106 3165
3106 3166
3107 3108
3107 3166
3107 3167
3108 3109
3108 3167
3109 3110
3109 3167
3109 3168
3110 3111
3110 3168
3111 3112
3111 3168
3111 3169
3112 3113
3112 3169
3112 3170
3113 3169
3113 3170
3113 3171
3114 3115
3114 3171
3114 3172
3114 3173
3115 3116
3115 3172
3115 3173
3115 3174
3116 3117
3116 3173
3116 3174
3116 3175
3117 3118
3117 3174
3117 3175
3117 3176
3118 3119
3118 3175
3118 3176
3118 3177
3119 3176
3119 3177
3119 3178
3120 3178
3120 3179
3121 3122
3121 3180
3122 3123
3122 3180
3122 3181
3123 3124
3123 3181
3123 3182
3124 3125
3124 3181
3124 3182
3124 3183
3125 3126
3125 3182
3125 3183
3125 3184
3126 3127
3126 3183
3126 3184
3126 3185
3127 3128
3127 3184
3127 3185
3127 3186
3128 3185
3128 3186
3129 3130
3129 3187
3129 3188
3129 3189
3130 3131
3130 3188
3130 3189
3131 3132
3131 3189
3131 3190
3132 3133
3132 3190
3132 3191
3133 3134
3133 3190
3133 3191
3133 3192
3134 3135
3134 3191
3134 3192
3134 3193
3135 3136
3135 3192
3135 3193
3135 3194
3136 3137
3136 3193
3136 3194
3136 3195
3137 3138
3137 3194
3137 3195
3137 3196
3138 3195
3138 3196
3139 3197
3139 3198
3140 3141
3140 3198
3140 3199
3141 3142
3141 3199
3141 3200
3142 3199
3142 3200
3143 3201
3143 3202
3144 3145
3144 3202
3144 3203
3144 3204
3145 3203
3145 3204
3145 3205
3146 3205
3146 3206
3147 3148
3147 3207
3148 3149
3148 3207
3148 3208
3149 3150
3149 3207
3149 3208
3150 3151
3150 3208
3150 3209
3151 3152
3151 3209
3151 3210
3152 3153
3152 3209
3152 3210
3153 3154
3153 3210
3154 3155
3155 3156
3155 3211
3156 3157
3156 3211
3156 3212
3157 3158
3157 3211
3157 3212
3157 3213
3158 3159
3158 3212
3158 3213
3158 3214
3159 3160
3159 3213
3159 3214
3160 3161
3160 3214
3160 3215
3161 3162
3161 3215
3161 3216
3162 3163
3162 3215
3162 3216
3162 3217
3163 3164
3163 3216
3163 3217
3163 3218
3164 3165
3164 3217
3164 3218
3164 3219
3165 3166
3165 3218
3165 3219
3165 3220
3166 3219
3166 3220
3166 3221
3167 3221
3167 3222
3167 3223
3168 3223
3168 3224
3169 3170
3169 3225
3170 3171
3170 3225
3171 3172
3171 3226
3172 3173
3172 3226
3172 3227
3173 3174
3173 3226
3173 3227
3173 3228
3174 3175
3174 3227
3174 3228
3174 3229
3175 3176
3175 3228
3175 3229
3175 3230
3176 3177
3176 3229
3176 3230
3177 3178
3177 3230
3177 3231
3178 3179
3178 3231
3178 3232
3179 3231
3179 3232
3179 3233
3180 3233
3180 3234
3181 3182
3181 3235
3182 3183
3182 3235
3182 3236
3183 3184
3183 3235
3183 3236
3184 3185
3184 3236
3185 3186
3185 3237
3186 3237
3186 3238
3187 3188
3187 3238
3187 3239
3187 3240
3188 3189
3188 3239
3188 3240
3188 3241
3189 3240
3189 3241
3190 3191
3190 3242
3191 3192
3191 3242
3191 3243
3192 3193
3192 3242
3192 3243
3192 3244
3193 3194
3193 3243
3193 3244
3193 3245
3194 3195
3194 3244
3194 3245
3195 3196
3195 3245
3195 3246
3196 3246
3197 3198
3197 3247
3198 3247
3198 3248
3199 3200
3199 3248
3199 3249
3200 3249
3200 3250
3201 3202
3201 3250
3201 3251
3201 3252
3202 3203
3202 3251
3202 3252
3203 3204
3203 3252
3203 3253
3204 3205
3204 3253
3204 3254
3205 3206
3205 3253
3205 3254
3206 3254
3206 3255
3207 3208
3207 3256
3207 3257
3207 3258
3208 3257
3208 3258
3208 3259
3209 3210
3209 3259
3209 3260
3210 3260
3211 3212
3211 3261
3211 3262
3212 3213
3212 3261
3212 3262
3212 3263
3213 3214
3213 3262
3213 3263
3213 3264
3214 3263
3214 3264
3214 3265
3215 3216
3215 3265
3215 3266
3215 3267
3216 3217
3216 3266
3216 3267
3216 3268
3217 3218
3217 3267
3217 3268
3217 3269
3218 3219
3218 3268
3218 3269
3218 3270
3219 3220
3219 3269
3219 3270
3220 3221
3220 3270
3220 3271
3221 3222
3221 3271
3221 3272
3222 3223
3222 3271
3222 3272
3222 3273
3223 3224
3223 3272
3223 3273
3223 3274
3224 3273
3224 3274
3224 3275
3225 3275
3225 3276
3225 3277
3226 3227
3226 3278
3226 3279
3226 3280
3227 3228
3227 3279
3227 3280
3227 3281
3228 3229
3228 3280
3228 3281
3228 3282
3229 3230
3229 3281
3229 3282
3229 3283
3230 3282
3230 3283
3230 3284
3231 3232
3231 3284
3231 3285
3232 3233
3232 3285
3233 3234
3233 3285
3233 3286
3234 3286
3234 3287
3235 3236
3235 3288
3236 3288
3236 3289
3237 3238
3237 3290
3237 3291
3237 3292
3238 3239
3238 3291
3238 3292
3238 3293
3239 3240
3239 3292
3239 3293
3239 3294
3240 3241
3240 3293
3240 3294
3240 3295
3241 3294
3241 3295
3242 3243
3242 3296
3242 3297
3243 3244
3243 3297
3243 3298
3244 3245
3244 3297
3244 3298
3244 3299
3245 3298
3245 3299
3245 3300
3246 3300
3246 3301
3247 3302
3247 3303
3248 3249
3248 3303
3248 3304
3248 3305
3249 3304
3249 3305
3249 3306
3250 3251
3250 3306
3250 3307
3251 3252
3251 3307
3251 3308
3252 3307
3252 3308
3253 3254
3253 3309
3254 3309
3254 3310
3255 3256
3255 3310
3255 3311
3255 3312
3256 3257
3256 3311
3256 3312
3256 3313
3257 3258
3257 3312
3257 3313
3257 3314
3258 3259
3258 3313
3258 3314
3259 3314
3259 3315
3260 3315
3260 3316
3260 3317
3261 3262
3261 3319
3261 3320
3261 3321
3262 3263
3262 3320
3262 3321
3262 3322
3263 3264
3263 3321
3263 3322
3263 3323
3264 3265
3264 3322
3264 3323
3264 3324
3265 3266
3265 3323
3265 3324
3266 3267
3266 3324
3267 3268
3267 3325
3268 3269
3268 3325
3268 3326
3269 3270
3269 3325
3269 3326
3270 3326
3270 3327
3271 3272
3271 3327
3271 3328
3271 3329
3272 3273
3272 3328
3272 3329
3272 3330
3273 3274
3273 3329
3273 3330
3274 3275
3274 3330
3275 3276
3275 3331
3276 3277
3276 3331
3277 3278
3277 3331
3277 3332
3278 3279
3278 3332
3278 3333
3279 3280
3279 3332
3279 3333
3279 3334
3280 3281
3280 3333
3280 3334
3280 3335
3281 3282
3281 3334
3281 3335
3281 3336
3282 3283
3282 3335
3282 3336
3282 3337
3283 3284
3283 3336
3283 3337
3284 3337
3284 3338
3285 3338
3285 3339
3285 3340
3286 3287
3286 3340
3286 3341
3286 3342
3287 3341
3287 3342
3287 3343
3288 3289
3288 3344
3288 3345
3289 3290
3289 3345
3290 3291
3290 3346
3291 3292
3291 3346
3291 3347
3292 3293
3292 3346
3292 3347
3293 3294
3293 3347
3293 3348
3294 3295
3294 3348
3294 3349
3295 3348
3295 3349
3296 3350
3296 3351
3297 3298
3297 3351
3297 3352
3297 3353
3298 3299
3298 3352
3298 3353
3298 3354
3299 3300
3299 3353
3299 3354
3299 3355
3300 3301
3300 3354
3300 3355
3300 3356
3301 3355
3301 3356
3302 3303
3302 3357
3302 3358
3303 3304
3303 3357
3303 3358
3304 3305
3304 3358
3304 3359
3305 3306
3305 3359
3305 3360
3306 3359
3306 3360
3307 3308
3307 3361
3307 3362
3308 3361
3308 3362
3308 3363
3309 3363
3309 3364
3309 3365
3310 3311
3310 3365
3310 3366
3310 3367
3311 3312
3311 3366
3311 3367
3311 3368
3312 3313
3312 3367
3312 3368
3312 3369
3313 3314
3313 3368
3313 3369
3313 3370
3314 3369
3314 3370
3314 3371
3315 3316
3315 3371
3315 3372
3316 3317
3316 3372
3316 3373
3317 3318
3317 3372
3317 3373
3317 3374
3318 3319
3318 3373
3318 3374
3318 3375
3319 3320
3319 3374
3319 3375
3319 3376
3320 3321
3320 3375
3320 3376
3320 3377
3321 3322
3321 3376
3321 3377
3321 3378
3322 3323
3322 3377
3322 3378
3322 3379
3323 3324
3323 3378
3323 3379
3323 3380
3324 3379
3324 3380
3325 3326
3325 3381
3325 3382
3326 3382
3326 3383
3327 3328
3327 3383
3327 3384
3327 3385
3328 3329
3328 3384
3328 3385
3328 3386
3329 3330
3329 3385
3329 3386
3329 3387
3330 3386
3330 3387
3331 3388
3332 3333
3332 3389
3332 3390
3333 3334
3333 3389
3333 3390
3333 3391
3334 3335
3334 3390
3334 3391
3335 3336
3335 3391
3335 3392
3336 3337
3336 3392
3336 3393
3337 3392
3337 3393
3338 3339
3338 3394
3338 3395
3339 3340
3339 3394
3339 3395
3339 3396
3340 3341
3340 3395
3340 3396
3340 3397
3341 3342
3341 3396
3341 3397
3341 3398
3342 3343
3342 3397
3342 3398
3342 3399
3343 3344
3343 3398
3343 3399
3343 3400
3344 3345
3344 3399
3344 3400
3344 3401
3345 3400
3345 3401
3345 3402
3346 3347
3346 3403
3346 3404
3346 3405
3347 3404
3347 3405
3347 3406
3348 3349
3348 3406
3348 3407
3348 3408
3349 3407
3349 3408
3349 3409
3350 3351
3350 3409
3350 3410
3351 3352
3351 3410
3352 3353
3353 3354
3353 3411
3354 3355
3354 3411
3354 3412
3355 3356
3355 3411
3355 3412
3356 3412
3357 3358
3357 3413
3357 3414
3358 3413
3358 3414
3358 3415
3359 3360
3359 3415
3359 3416
3359 3417
3360 3416
3360 3417
3360 3418
3361 3362
3361 3418
3361 3419
3361 3420
3362 3363
3362 3419
3362 3420
3362 3421
3363 3364
3363 3420
3363 3421
3364 3365
3364 3421
3364 3422
3365 3366
3365 3422
3365 3423
3366 3367
3366 3422
3366 3423
3367 3368
3367 3423
3367 3424
3368 3369
3368 3424
3368 3425
3369 3370
3369 3424
3369 3425
3369 3426
3370 3371
3370 3425
3370 3426
3370 3427
3371 3426
3371 3427
3371 3428
3372 3373
3372 3428
3372 3429
3373 3374
3373 3429
3373 3430
3374 3375
3374 3429
3374 3430
3374 3431
3375 3376
3375 3430
3375 3431
3375 3432
3376 3377
3376 3431
3376 3432
3377 3378
3377 3432
3377 3433
3378 3379
3378 3433
3378 3434
3379 3380
3379 3433
3379 3434
3380 3434
3380 3435
3381 3382
3381 3435
3381 3436
3381 3437
3382 3436
3382 3437
3382 3438
3383 3384
3383 3438
3383 3439
3383 3440
3384 3385
3384 3439
3384 3440
3384 3441
3385 3386
3385 3440
3385 3441
3385 3442
3386 3387
3386 3441
3386 3442
3387 3442
3387 3443
3388 3444
3388 3445
3388 3446
3389 3390
3389 3446
3389 3447
3389 3448
3390 3391
3390 3447
3390 3448
3390 3449
3391 3448
3391 3449
3391 3450
3392 3393
3392 3450
3392 3451
3393 3451
3393 3452
3394 3395
3394 3452
3394 3453
3394 3454
3395 3396
3395 3453
3395 3454
3395 3455
3396 3397
3396 3454
3396 3455
3396 3456
3397 3398
3397 3455
3397 3456
3397 3457
3398 3399
3398 3456
3398 3457
3398 3458
3399 3400
3399 3457
3399 3458
3399 3459
3400 3401
3400 3458
3400 3459
3400 3460
3401 3402
3401 3459
3401 3460
3401 3461
3402 3403
3402 3460
3402 3461
3403 3404
3403 3461
3403 3462
3404 3405
3404 3462
3404 3463
3405 3406
3405 3462
3405 3463
3406 3407
3406 3463
3406 3464
3407 3408
3407 3464
3407 3465
3408 3409
3408 3464
3408 3465
3408 3466
3409 3410
3409 3465
3409 3466
3409 3467
3410 3466
3410 3467
3410 3468
3411 3412
3411 3470
3411 3471
3412 3470
3412 3471
3413 3414
3413 3472
3414 3415
3414 3472
3414 3473
3415 3416
3415 3472
3415 3473
3415 3474
3416 3417
3416 3473
3416 3474
3416 3475
3417 3418
3417 3474
3417 3475
3417 3476
3418 3419
3418 3475
3418 3476
3418 3477
3419 3420
3419 3476
3419 3477
3419 3478
3420 3421
3420 3477
3420 3478
3420 3479
3421 3478
3421 3479
3421 3480
3422 3423
3422 3480
3422 3481
3422 3482
3423 3481
3423 3482
3423 3483
3424 3425
3424 3483
3424 3484
3424 3485
3425 3426
3425 3484
3425 3485
3425 3486
3426 3427
3426 3485
3426 3486
3426 3487
3427 3428
3427 3486
3427 3487
3427 3488
3428 3487
3428 3488
3428 3489
3429 3430
3429 3489
3429 3490
3429 3491
3430 3431
3430 3490
3430 3491
3430 3492
3431 3432
3431 3491
3431 3492
3431 3493
3432 3492
3432 3493
3432 3494
3433 3434
3433 3494
3433 3495
3433 3496
3434 3495
3434 3496
3434 3497
3435 3436
3435 3497
3435 3498
3435 3499
3436 3437
3436 3498
3436 3499
3436 3500
3437 3438
3437 3499
3437 3500
3438 3439
3438 3500
3438 3501
3439 3440
3439 3501
3439 3502
3440 3441
3440 3501
3440 3502
3440 3503
3441 3442
3441 3502
3441 3503
3441 3504
3442 3503
3442 3504
3442 3505
3443 3444
3443 3505
3443 3506
3443 3507
3444 3445
3444 3506
3444 3507
3444 3508
3445 3446
3445 3507
3445 3508
3445 3509
3446 3447
3446 3508
3446 3509
3447 3448
3447 3509
3447 3510
3448 3449
3448 3510
3449 3450
3449 3510
3449 3511
3450 3451
3450 3511
3451 3511
3451 3512
3452 3453
3452 3512
3452 3513
3452 3514
3453 3454
3453 3513
3453 3514
3453 3515
3454 3455
3454 3514
3454 3515
3454 3516
3455 3456
3455 3515
3455 3516
3455 3517
3456 3457
3456 3516
3456 3517
3456 3518
3457 3458
3457 3517
3457 3518
3457 3519
3458 3459
3458 3518
3458 3519
3458 3520
3459 3460
3459 3519
3459 3520
3459 3521
3460 3461
3460 3520
3460 3521
3460 3522
3461 3521
3461 3522
3461 3523
3462 3463
3462 3523
3462 3524
3462 3525
3463 3524
3463 3525
3464 3465
3464 3526
3465 3466
3465 3526
3465 3527
3466 3467
3466 3527
3466 3528
3467 3468
3467 3527
3467 3528
3467 3529
3468 3469
3468 3528
3468 3529
3468 3530
3469 3529
3469 3530
3469 3531
3470 3471
3470 3531
3470 3532
3470 3533
3471 3532
3471 3533
3471 3534
3472 3473
3472 3535
3472 3536
3473 3474
3473 3536
3473 3537
3474 3475
3474 3536
3474 3537
3474 3538
3475 3476
3475 3537
3475 3538
3475 3539
3476 3477
3476 3538
3476 3539
3476 3540
3477 3478
3477 3539
3477 3540
3477 3541
3478 3479
3478 3540
3478 3541
3478 3542
3479 3480
3479 3541
3479 3542
3479 3543
3480 3481
3480 3542
3480 3543
3481 3482
3481 3543
3481 3544
3482 3483
3482 3544
3482 3545
3483 3484
3483 3544
3483 3545
3483 3546
3484 3485
3484 3545
3484 3546
3484 3547
3485 3486
3485 3546
3485 3547
3485 3548
3486 3487
3486 3547
3486 3548
3486 3549
3487 3488
3487 3548
3487 3549
3488 3489
3488 3549
3488 3550
3489 3490
3489 3550
3489 3551
3490 3491
3490 3550
3490 3551
3490 3552
3491 3492
3491 3551
3491 3552
3491 3553
3492 3493
3492 3552
3492 3553
3493 3494
3493 3553
3493 3554
3494 3495
3494 3554
3494 3555
3495 3496
3495 3554
3495 3555
3496 3497
3496 3555
3496 3556
3497 3498
3497 3556
3497 3557
3498 3499
3498 3556
3498 3557
3498 3558
3499 3500
3499 3557
3499 3558
3499 3559
3500 3558
3500 3559
3500 3560
3501 3502
3501 3560
3501 3561
3501 3562
3502 3503
3502 3561
3502 3562
3503 3504
3503 3562
3503 3563
3504 3505
3504 3563
3504 3564
3505 3506
3505 3563
3505 3564
3506 3507
3506 3564
3507 3508
3508 3509
3508 3565
3509 3565
3510 3566
3511 3567
3511 3568
3512 3513
3512 3568
3512 3569
3513 3514
3513 3569
3513 3570
3514 3515
3514 3570
3515 3516
3515 3570
3516 3517
3516 3571
3517 3518
3517 3571
3518 3519
3518 3571
3519 3520
3519 3572
3520 3521
3520 3572
3520 3573
3521 3522
3521 3572
3521 3573
3521 3574
3522 3523
3522 3573
3522 3574
3522 3575
3523 3524
3523 3574
3523 3575
3523 3576
3524 3525
3524 3575
3524 3576
3524 3577
3525 3576
3525 3577
3525 3578
3526 3578
3526 3579
3526 3580
3527 3528
3527 3580
3527 3581
3528 3529
3528 3581
3529 3530
3529 3581
3529 3582
3530 3531
3530 3582
3530 3583
3531 3532
3531 3582
3531 3583
3531 3584
3532 3533
3532 3583
3532 3584
3532 3585
3533 3534
3533 3584
3533 3585
3533 3586
3534 3585
3534 3586
3535 3587
3535 3588
3536 3537
3536 3588
3536 3589
3536 3590
3537 3538
3537 3589
3537 3590
3537 3591
3538 3539
3538 3590
3538 3591
3539 3540
3539 3591
3539 3592
3540 3541
3540 3592
3541 3542
3541 3592
3541 3593
3542 3543
3542 3593
3542 3594
3543 3593
3543 3594
3543 3595
3544 3545
3544 3595
3544 3596
3544 3597
3545 3546
3545 3596
3545 3597
3546 3547
3546 3597
3546 3598
3547 3548
3547 3598
3547 3599
3548 3549
3548 3598
3548 3599
3548 3600
3549 3599
3549 3600
3550 3551
3550 3601
3550 3602
3551 3552
3551 3601
3551 3602
3551 3603
3552 3553
3552 3602
3552 3603
3553 3603
3554 3555
3554 3604
3554 3605
3555 3604
3555 3605
3555 3606
3556 3557
3556 3606
3556 3607
3557 3558
3557 3607
3557 3608
3558 3559
3558 3608
3558 3609
3559 3560
3559 3608
3559 3609
3559 3610
3560 3561
3560 3609
3560 3610
3561 3562
3561 3610
3561 3611
3562 3611
3563 3564
3563 3612
3563 3613
3564 3612
3564 3613
3564 3614
3565 3616
3565 3617
3565 3618
3566 3618
3567 3568
3568 3569
3569 3619
3570 3619
3570 3620
3571 3621
3571 3622
3572 3573
3572 3623
3572 3624
3572 3625
3573 3574
3573 3624
3573 3625
3573 3626
3574 3575
3574 3625
3574 3626
3574 3627
3575 3576
3575 3626
3575 3627
3575 3628
3576 3577
3576 3627
3576 3628
3576 3629
3577 3578
3577 3628
3577 3629
3577 3630
3578 3579
3578 3629
3578 3630
3578 3631
3579 3580
3579 3630
3579 3631
3579 3632
3580 3631
3580 3632
3580 3633
3581 3633
3581 3634
3581 3635
3582 3583
3582 3635
3582 3636
3582 3637
3583 3584
3583 3636
3583 3637
3583 3638
3584 3585
3584 3637
3584 3638
3584 3639
3585 3586
3585 3638
3585 3639
3586 3639
3587 3588
3587 3640
3588 3589
3588 3640
3588 3641
3589 3590
3589 3640
3589 3641
3589 3642
3590 3591
3590 3641
3590 3642
3590 3643
3591 3642
3591 3643
3591 3644
3592 3644
3592 3645
3592 3646
3593 3594
3593 3646
3593 3647
3593 3648
3594 3595
3594 3647
3594 3648
3594 3649
3595 3596
3595 3648
3595 3649
3595 3650
3596 3597
3596 3649
3596 3650
3596 3651
3597 3650
3597 3651
3597 3652
3598 3599
3598 3652
3598 3653
3599 3600
3599 3653
3599 3654
3600 3654
3600 3655
3601 3602
3601 3655
3601 3656
3601 3657
3602 3603
3602 3656
3602 3657
3602 3658
3603 3657
3603 3658
3603 3659
3604 3605
3604 3660
3604 3661
3604 3662
3605 3606
3605 3661
3605 3662
3606 3607
3606 3662
3606 3663
3607 3663
3607 3664
3608 3609
3608 3664
3608 3665
3609 3610
3609 3665
3609 3666
3610 3666
3610 3667
3611 3667
3611 3668
3611 3669
3612 3613
3612 3669
3612 3670
3612 3671
3613 3614
3613 3670
3613 3671
3613 3672
3614 3615
3614 3671
3614 3672
3614 3673
3615 3616
3615 3672
3615 3673
3615 3674
3616 3617
3616 3673
3616 3674
3616 3675
3617 3618
3617 3674
3617 3675
3617 3676
3618 3675
3618 3676
3618 3677
3619 3681
3619 3682
3620 3621
3620 3682
3620 3683
3620 3684
3621 3683
3621 3684
3621 3685
3622 3623
3622 3685
3622 3686
3623 3624
3623 3686
3623 3687
3624 3625
3624 3687
3624 3688
3625 3626
3625 3687
3625 3688
3626 3627
3626 3688
3626 3689
3627 3628
3627 3689
3628 3629
3628 3689
3628 3690
3629 3630
3629 3690
3629 3691
3630 3631
3630 3690
3630 3691
3630 3692
3631 3632
3631 3691
3631 3692
3632 3633
3632 3692
3632 3693
3633 3634
3633 3693
3634 3635
3634 3693
3635 3636
3635 3694
3636 3637
3636 3694
3636 3695
3637 3638
3637 3694
3637 3695
3637 3696
3638 3639
3638 3695
3638 3696
3639 3696
3639 3697
3640 3641
3640 3698
3640 3699
3641 3642
3641 3698
3641 3699
3641 3700
3642 3643
3642 3699
3642 3700
3642 3701
3643 3644
3643 3700
3643 3701
3643 3702
3644 3645
3644 3701
3644 3702
3645 3646
3645 3702
3646 3647
3646 3703
3647 3648
3647 3703
3647 3704
3648 3649
3648 3703
3648 3704
3649 3650
3649 3704
3650 3651
3650 3705
3651 3652
3651 3705
3651 3706
3652 3653
3652 3705
3652 3706
3652 3707
3653 3706
3653 3707
3653 3708
3654 3655
3654 3708
3654 3709
3654 3710
3655 3656
3655 3709
3655 3710
3655 3711
3656 3657
3656 3710
3656 3711
3656 3712
3657 3658
3657 3711
3657 3712
3657 3713
3658 3659
3658 3712
3658 3713
3659 3660
3659 3713
3659 3714
3660 3661
3660 3714
3660 3715
3661 3662
3661 3714
3661 3715
3661 3716
3662 3715
3662 3716
3662 3717
3663 3664
3663 3717
3663 3718
3663 3719
3664 3665
3664 3718
3664 3719
3664 3720
3665 3719
3665 3720
3665 3721
3666 3667
3666 3721
3667 3668
3667 3722
3668 3669
3668 3722
3668 3723
3669 3670
3669 3722
3669 3723
3669 3724
3670 3671
3670 3723
3670 3724
3670 3725
3671 3672
3671 3724
3671 3725
3671 3726
3672 3673
3672 3725
3672 3726
3672 3727
3673 3674
3673 3726
3673 3727
3673 3728
3674 3675
3674 3727
3674 3728
3675 3676
3675 3728
3676 3677
3676 3729
3677 3678
3677 3729
3677 3730
3678 3679
3678 3729
3678 3730
3679 3680
3679 3730
3679 3731
3680 3731
3680 3732
3681 3682
3681 3732
3681 3733
3681 3734
3682 3683
3682 3733
3682 3734
3682 3735
3683 3684
3683 3734
3683 3735
3683 3736
3684 3685
3684 3735
3684 3736
3684 3737
3685 3686
3685 3736
3685 3737
3685 3738
3686 3737
3686 3738
3686 3739
3687 3688
3687 3739
3687 3740
3688 3740
3688 3741
3689 3741
3689 3742
3690 3691
3690 3743
3690 3744
3691 3692
3691 3743
3691 3744
3691 3745
3692 3744
3692 3745
3692 3746
3693 3746
3693 3747
3693 3748
3694 3695
3694 3749
3694 3750
3695 3696
3695 3749
3695 3750
3695 3751
3696 3750
3696 3751
3696 3752
3697 3752
3697 3753
3698 3699
3698 3754
3698 3755
3698 3756
3699 3700
3699 3755
3699 3756
3699 3757
3700 3701
3700 3756
3700 3757
3700 3758
3701 3702
3701 3757
3701 3758
3701 3759
3702 3758
3702 3759
3702 3760
3703 3704
3703 3761
3703 3762
3703 3763
3704 3762
3704 3763
3704 3764
3705 3706
3706 3707
3706 3765
3707 3708
3707 3765
3708 3709
3708 3765
3708 3766
3709 3710
3709 3766
3709 3767
3710 3711
3710 3766
3710 3767
3710 3768
3711 3712
3711 3767
3711 3768
3712 3713
3712 3768
3712 3769
3713 3769
3714 3715
3714 3770
3714 3771
3715 3716
3715 3770
3715 3771
3715 3772
3716 3717
3716 3771
3716 3772
3716 3773
3717 3718
3717 3772
3717 3773
3717 3774
3718 3719
3718 3773
3718 3774
3718 3775
3719 3720
3719 3774
3719 3775
3719 3776
3720 3721
3720 3775
3720 3776
3720 3777
3721 3776
3721 3777
3722 3723
3722 3778
3722 3779
3722 3780
3723 3724
3723 3779
3723 3780
3723 3781
3724 3725
3724 3780
3724 3781
3724 3782
3725 3726
3725 3781
3725 3782
3725 3783
3726 3727
3726 3782
3726 3783
3726 3784
3727 3728
3727 3783
3727 3784
3727 3785
3728 3784
3728 3785
3729 3730
3729 3786
3729 3787
3729 3788
3730 3787
3730 3788
3730 3789
3731 3732
3731 3789
3731 3790
3732 3733
3732 3790
3732 3791
3733 3734
3733 3790
3733 3791
3733 3792
3734 3735
3734 3791
3734 3792
3734 3793
3735 3736
3735 3792
3735 3793
3735 3794
3736 3737
3736 3793
3736 3794
3736 3795
3737 3738
3737 3794
3737 3795
3737 3796
3738 3739
3738 3795
3738 3796
3738 3797
3739 3740
3739 3796
3739 3797
3739 3798
3740 3797
3740 3798
3740 3799
3741 3742
3741 3799
3741 3800
3741 3801
3742 3800
3742 3801
3743 3744
3743 3802
3743 3803
3744 3745
3744 3802
3744 3803
3744 3804
3745 3746
3745 3803
3745 3804
3746 3747
3746 3804
3746 3805
3747 3748
3747 3805
3748 3805
3748 3806
3749 3750
3749 3806
3749 3807
3749 3808
3750 3751
3750 3807
3750 3808
3750 3809
3751 3752
3751 3808
3751 3809
3751 3810
3752 3753
3752 3809
3752 3810
3752 3811
3753 3810
3753 3811
3754 3755
3754 3812
3754 3813
3755 3756
3755 3812
3755 3813
3755 3814
3756 3757
3756 3813
3756 3814
3756 3815
3757 3758
3757 3814
3757 3815
3758 3759
3758 3815
3758 3816
3759 3760
3759 3816
3760 3761
3760 3816
3760 3817
3761 3762
3761 3817
3761 3818
3762 3763
3762 3817
3762 3818
3763 3764
3763 3818
3763 3819
3764 3819
3764 3820
3765 3822
3765 3823
3766 3767
3766 3823
3766 3824
3766 3825
3767 3768
3767 3824
3767 3825
3767 3826
3768 3825
3768 3826
3768 3827
3769 3827
3770 3771
3770 3828
3771 3772
3771 3828
3771 3829
3772 3773
3772 3829
3772 3830
3773 3774
3773 3829
3773 3830
3773 3831
3774 3775
3774 3830
3774 3831
3774 3832
3775 3776
3775 3831
3775 3832
3776 3777
3776 3832
3776 3833
3777 3833
3778 3779
3778 3834
3778 3835
3779 3780
3779 3834
3779 3835
3779 3836
3780 3781
3780 3835
3780 3836
3780 3837
3781 3782
3781 3836
3781 3837
3781 3838
3782 3783
3782 3837
3782 3838
3782 3839
3783 3784
3783 3838
3783 3839
3784 3785
3784 3839
3785 3840
3786 3787
3786 3840
3786 3841
3787 3788
3787 3841
3787 3842
3788 3789
3788 3841
3788 3842
3789 3842
3789 3843
3790 3791
3790 3843
3790 3844
3790 3845
3791 3792
3791 3844
3791 3845
3791 3846
3792 3793
3792 3845
3792 3846
3792 3847
3793 3794
3793 3846
3793 3847
3793 3848
3794 3795
3794 3847
3794 3848
3794 3849
3795 3796
3795 3848
3795 3849
3795 3850
3796 3797
3796 3849
3796 3850
3796 3851
3797 3798
3797 3850
3797 3851
3797 3852
3798 3799
3798 3851
3798 3852
3799 3800
3799 3852
3799 3853
3800 3801
3800 3853
3800 3854
3801 3853
3801 3854
3801 3855
3802 3803
3802 3855
3802 3856
3802 3857
3803 3804
3803 3856
3803 3857
3803 3858
3804 3857
3804 3858
3804 3859
3805 3859
3805 3860
3805 3861
3806 3807
3806 3861
3806 3862
3806 3863
3807 3808
3807 3862
3807 3863
3807 3864
3808 3809
3808 3863
3808 3864
3808 3865
3809 3810
3809 3864
3809 3865
3809 3866
3810 3811
3810 3865
3810 3866
3811 3866
3812 3813
3812 3867
3812 3868
3813 3814
3813 3867
3813 3868
3813 3869
3814 3815
3814 3868
3814 3869
3814 3870
3815 3869
3815 3870
3815 3871
3816 3871
3816 3872
3816 3873
3817 3818
3817 3873
3817 3874
3818 3874
3819 3820
3819 3875
3819 3876
3820 3821
3820 3875
3820 3876
3820 3877
3821 3822
3821 3876
3821 3877
3821 3878
3822 3877
3822 3878
3822 3879
3823 3824
3823 3879
3823 3880
3823 3881
3824 3825
3824 3880
3824 3881
3824 3882
3825 3826
3825 3881
3825 3882
3825 3883
3826 3827
3826 3882
3826 3883
3826 3884
3827 3883
3827 3884
3827 3885
3828 3886
3828 3887
3828 3888
3829 3830
3829 3888
3829 3889
3829 3890
3830 3831
3830 3889
3830 3890
3831 3832
3831 3890
3831 3891
3832 3891
3832 3892
3833 3892
3833 3893
3833 3894
3834 3835
3834 3894
3834 3895
3835 3836
3835 3895
3835 3896
3836 3837
3836 3895
3836 3896
3836 3897
3837 3838
3837 3896
3837 3897
3837 3898
3838 3839
3838 3897
3838 3898
3839 3898
3839 3899
3840 3900
3840 3901
3840 3902
3841 3842
3841 3902
3841 3903
3841 3904
3842 3903
3842 3904
3843 3844
3843 3905
3844 3845
3844 3905
3845 3846
3845 3906
3846 3847
3846 3906
3846 3907
3847 3848
3847 3906
3847 3907
3847 3908
3848 3849
3848 3907
3848 3908
3848 3909
3849 3850
3849 3908
3849 3909
3850 3851
3850 3909
3851 3852
3851 3910
3852 3910
3852 3911
3853 3854
3853 3911
3853 3912
3854 3855
3854 3912
3854 3913
3855 3856
3855 3913
3855 3914
3856 3857
3856 3913
3856 3914
3856 3915
3857 3858
3857 3914
3857 3915
3857 3916
3858 3859
3858 3915
3858 3916
3859 3860
3859 3916
3860 3861
3860 3917
3861 3862
3861 3917
3862 3863
3862 3917
3862 3918
3863 3864
3863 3918
3864 3865
3864 3918
3865 3866
3866 3919
3867 3868
3868 3869
3869 3870
3870 3871
3871 3872
3872 3873
3873 3874
3875 3876
3876 3877
3877 3878
3878 3879
3879 3880
3880 3881
3881 3882
3882 3883
3883 3884
3884 3885
3885 3886
3886 3887
3887 3888
3888 3889
3889 3890
3891 3892
3892 3893
3893 3894
3895 3896
3896 3897
3897 3898
3899 3900
3900 3901
3901 3902
3902 3903
3903 3904
3906 3907
3907 3908
3908 3909
3910 3911
3911 3912
3913 3914
3914 3915
3915 3916
