# FromNodeId	ToNodeId
0 1
0 83
0 84
1 2
1 83
1 84
1 85
2 84
2 85
3 4
3 86
3 87
4 5
4 86
4 87
4 88
5 6
5 87
5 88
5 89
6 88
6 89
6 90
7 8
7 93
7 94
7 95
8 9
8 94
8 95
8 96
9 10
9 95
9 96
9 97
10 11
10 96
10 97
10 98
11 12
11 97
11 98
11 99
12 98
12 99
12 100
13 100
13 101
14 101
14 102
14 103
15 16
15 103
15 104
16 17
16 104
16 105
17 18
17 104
17 105
17 106
18 105
18 106
18 107
19 20
19 107
19 108
20 21
20 108
20 109
21 22
21 108
21 109
21 110
22 23
22 109
22 110
23 24
23 110
23 111
24 25
24 111
24 112
25 26
25 111
25 112
26 27
26 112
26 113
27 28
27 113
27 114
28 29
28 113
28 114
28 115
29 30
29 114
29 115
29 116
30 31
30 115
30 116
31 32
31 116
31 117
32 33
32 117
32 118
33 34
33 117
33 118
33 119
34 35
34 118
34 119
35 119
35 120
36 37
36 121
36 122
36 123
37 38
37 122
37 123
37 124
38 39
38 123
38 124
38 125
39 40
39 124
39 125
39 126
40 41
40 125
40 126
40 127
41 42
41 126
41 127
41 128
42 43
42 127
42 128
42 129
43 44
43 128
43 129
43 130
44 45
44 129
44 130
44 131
45 46
45 130
45 131
45 132
46 47
46 131
46 132
47 132
47 133
48 49
48 133
48 134
48 135
49 134
49 135
49 136
50 51
50 136
50 137
50 138
51 52
51 137
51 138
51 139
52 53
52 138
52 139
52 140
53 54
53 139
53 140
54 55
54 140
54 141
55 56
55 141
55 142
56 57
56 141
56 142
57 58
57 142
57 143
58 59
58 143
58 144
59 60
59 143
59 144
59 145
60 144
60 145
60 146
61 146
61 147
61 148
62 63
62 148
62 149
63 64
63 149
63 150
64 65
64 150
65 150
65 151
66 67
66 151
66 152
66 153
67 68
67 152
67 153
68 69
68 153
68 154
69 70
69 154
69 155
70 71
70 154
70 155
70 156
71 72
71 155
71 156
72 156
72 157
73 74
73 157
73 158
73 159
74 75
74 158
74 159
75 76
75 159
76 77
76 160
77 78
77 160
77 161
78 79
78 160
78 161
79 80
79 161
80 81
80 162
81 82
81 162
81 163
82 162
82 163
83 84
83 164
83 165
84 85
84 164
84 165
84 166
85 165
85 166
85 167
86 87
86 167
86 168
86 169
87 88
87 168
87 169
88 89
88 169
89 90
89 170
90 91
90 170
91 92
91 170
92 93
92 171
93 94
93 171
93 172
94 95
94 171
94 172
94 173
95 96
95 172
95 173
95 174
96 97
96 173
96 174
96 175
97 98
97 174
97 175
97 176
98 99
98 175
98 176
98 177
99 100
99 176
99 177
99 178
100 177
100 178
100 179
101 102
101 179
101 180
101 181
102 103
102 180
102 181
102 182
103 181
103 182
103 183
104 105
104 183
104 184
105 106
105 184
105 185
106 107
106 185
106 186
107 185
107 186
108 109
108 187
108 188
109 110
109 187
109 188
109 189
110 188
110 189
110 190
111 112
111 190
111 191
111 192
112 191
112 192
112 193
113 114
113 193
113 194
113 195
114 115
114 194
114 195
114 196
115 116
115 195
115 196
115 197
116 196
116 197
116 198
117 118
117 198
117 199
118 119
118 199
118 200
119 200
119 201
120 121
120 201
120 202
120 203
121 122
121 202
121 203
121 204
122 123
122 203
122 204
122 205
123 124
123 204
123 205
123 206
124 125
124 205
124 206
124 207
125 126
125 206
125 207
125 208
126 127
126 207
126 208
126 209
127 128
127 208
127 209
127 210
128 129
128 209
128 210
128 211
129 130
129 210
129 211
129 212
130 131
130 211
130 212
130 213
131 132
131 212
131 213
131 214
132 213
132 214
132 215
133 134
133 215
134 135
134 216
135 136
135 216
135 217
136 137
136 216
136 217
137 138
137 217
137 218
138 139
138 218
138 219
139 140
139 218
139 219
139 220
140 219
140 220
140 221
141 142
141 221
141 222
141 223
142 222
142 223
142 224
143 144
143 224
143 225
143 226
144 145
144 225
144 226
144 227
145 146
145 226
145 227
146 147
146 227
146 228
147 148
147 228
148 149
148 228
149 229
150 229
150 230
151 152
151 231
151 232
152 153
152 231
152 232
152 233
153 232
153 233
154 155
154 234
154 235
155 156
155 234
155 235
155 236
156 235
156 236
156 237
157 158
157 237
158 159
159 238
160 161
160 239
161 239
161 240
162 163
162 241
162 242
163 242
164 165
164 243
165 166
165 243
166 167
166 243
166 244
167 168
167 244
167 245
168 169
168 244
168 245
169 245
169 246
170 247
170 248
170 249
171 172
171 250
171 251
171 252
172 173
172 251
172 252
172 253
173 174
173 252
173 253
174 175
174 253
175 176
175 254
176 177
176 254
176 255
177 178
177 254
177 255
177 256
178 179
178 255
178 256
178 257
179 180
179 256
179 257
179 258
180 181
180 257
180 258
180 259
181 182
181 258
181 259
181 260
182 183
182 259
182 260
183 184
183 260
183 261
184 261
184 262
185 186
185 262
185 263
185 264
186 263
186 264
187 188
187 265
188 189
188 265
188 266
189 190
189 265
189 266
189 267
190 191
190 266
190 267
190 268
191 192
191 267
191 268
192 193
192 268
192 269
193 194
193 269
193 270
194 195
194 269
194 270
194 271
195 196
195 270
195 271
195 272
196 197
196 271
196 272
196 273
197 198
197 272
197 273
197 274
198 199
198 273
198 274
199 274
199 275
200 201
200 275
200 276
201 202
201 276
202 203
202 277
203 204
203 277
203 278
204 205
204 277
204 278
205 206
205 278
206 207
206 279
207 208
207 279
208 209
208 279
208 280
209 210
209 280
209 281
210 211
210 280
210 281
210 282
211 212
211 281
211 282
211 283
212 213
212 282
212 283
212 284
213 214
213 283
213 284
213 285
214 215
214 284
214 285
214 286
215 285
215 286
215 287
216 217
216 288
216 289
217 288
217 289
217 290
218 219
218 290
218 291
219 220
219 291
220 221
220 291
220 292
221 222
221 292
222 223
222 292
222 293
223 224
223 293
223 294
224 225
224 293
224 294
224 295
225 226
225 294
225 295
225 296
226 227
226 295
226 296
226 297
227 296
227 297
227 298
228 298
228 299
228 300
229 230
229 301
229 302
229 303
230 302
230 303
230 304
231 232
231 304
231 305
231 306
232 233
232 305
232 306
232 307
233 306
233 307
233 308
234 235
234 308
234 309
234 310
235 236
235 309
235 310
236 237
236 310
236 311
237 311
237 312
238 313
238 314
238 315
239 315
239 316
240 241
240 316
240 317
241 317
241 318
242 318
242 319
243 320
243 321
243 322
244 245
244 322
244 323
245 323
245 324
246 247
246 324
246 325
246 326
247 248
247 325
247 326
248 249
248 326
248 327
249 250
249 327
249 328
250 251
250 327
250 328
250 329
251 252
251 328
251 329
251 330
252 253
252 329
252 330
252 331
253 330
253 331
254 255
254 332
254 333
255 256
255 333
256 257
256 334
257 258
257 334
257 335
258 259
258 334
258 335
259 260
259 335
259 336
260 336
260 337
261 262
261 337
261 338
262 263
262 338
263 264
263 338
263 339
264 339
264 340
265 266
265 341
266 267
266 342
267 268
267 342
267 343
268 342
268 343
269 270
269 344
269 345
270 271
270 344
270 345
270 346
271 272
271 345
271 346
271 347
272 273
272 346
272 347
272 348
273 274
273 347
273 348
273 349
274 348
274 349
274 350
275 276
275 350
275 351
275 352
276 351
276 352
276 353
277 278
277 354
277 355
277 356
278 355
278 356
278 357
279 358
279 359
280 281
280 360
281 282
281 360
281 361
282 283
282 360
282 361
282 362
283 284
283 361
283 362
283 363
284 285
284 362
284 363
285 286
285 363
285 364
286 287
286 364
287 364
287 365
288 289
288 365
288 366
288 367
289 290
289 366
289 367
290 367
290 368
291 368
291 369
291 370
292 370
292 371
292 372
293 294
293 372
293 373
294 295
294 373
294 374
295 296
295 374
295 375
296 297
296 374
296 375
296 376
297 298
297 375
297 376
298 299
298 376
298 377
299 300
299 377
299 378
300 301
300 377
300 378
300 379
301 302
301 378
301 379
301 380
302 303
302 379
302 380
302 381
303 304
303 380
303 381
303 382
304 305
304 381
304 382
304 383
305 306
305 382
305 383
305 384
306 307
306 383
306 384
306 385
307 308
307 384
307 385
308 309
308 385
308 386
309 310
309 386
309 387
310 386
310 387
310 388
311 312
311 388
311 389
311 390
312 389
312 390
312 391
313 314
313 391
313 392
313 393
314 315
314 392
314 393
314 394
315 393
315 394
315 395
316 317
316 395
316 396
316 397
317 396
317 397
317 398
318 319
318 398
318 399
318 400
319 399
319 400
320 321
320 401
320 402
321 322
321 401
321 402
322 323
322 402
323 403
324 325
324 403
324 404
324 405
325 326
325 404
325 405
325 406
326 405
326 406
326 407
327 328
327 407
327 408
327 409
328 329
328 408
328 409
329 330
329 409
329 410
330 331
330 410
330 411
331 410
331 411
331 412
332 333
332 412
332 413
332 414
333 413
333 414
333 415
334 335
334 416
334 417
335 416
335 417
335 418
336 337
336 418
336 419
336 420
337 419
337 420
337 421
338 421
338 422
338 423
339 340
339 423
339 424
339 425
340 341
340 424
340 425
340 426
341 425
341 426
342 343
342 427
342 428
343 428
343 429
344 345
344 429
344 430
344 431
345 346
345 430
345 431
345 432
346 347
346 431
346 432
346 433
347 348
347 432
347 433
348 349
348 433
348 434
349 350
349 434
349 435
350 351
350 434
350 435
350 436
351 352
351 435
351 436
351 437
352 353
352 436
352 437
352 438
353 354
353 437
353 438
353 439
354 355
354 438
354 439
354 440
355 356
355 439
355 440
355 441
356 357
356 440
356 441
356 442
357 358
357 441
357 442
358 359
358 442
358 443
359 443
359 444
360 361
360 445
360 446
360 447
361 362
361 446
361 447
361 448
362 363
362 447
362 448
363 448
364 449
364 450
365 366
365 450
365 451
366 367
366 451
366 452
367 452
367 453
368 369
368 453
368 454
368 455
369 370
369 454
369 455
370 371
370 455
370 456
371 372
371 456
371 457
372 373
372 456
372 457
372 458
373 457
373 458
374 375
374 459
374 460
375 376
375 459
375 460
375 461
376 460
376 461
376 462
377 378
377 462
377 463
378 379
378 463
378 464
379 380
379 463
379 464
379 465
380 381
380 464
380 465
380 466
381 382
381 465
381 466
381 467
382 383
382 466
382 467
382 468
383 384
383 467
383 468
384 385
384 468
384 469
385 469
385 470
386 387
386 470
386 471
386 472
387 388
387 471
387 472
387 473
388 389
388 472
388 473
389 390
389 473
390 391
391 392
391 474
392 393
392 474
392 475
393 394
393 474
393 475
394 395
394 475
394 476
395 396
395 476
395 477
396 397
396 476
396 477
396 478
397 398
397 477
397 478
397 479
398 399
398 478
398 479
398 480
399 400
399 479
399 480
399 481
400 480
400 481
401 402
401 482
401 483
402 482
402 483
402 484
403 404
403 485
403 486
403 487
404 405
404 486
404 487
404 488
405 406
405 487
405 488
405 489
406 407
406 488
406 489
406 490
407 408
407 489
407 490
407 491
408 409
408 490
408 491
408 492
409 491
409 492
409 493
410 411
410 493
410 494
410 495
411 412
411 494
411 495
411 496
412 413
412 495
412 496
412 497
413 414
413 496
413 497
413 498
414 415
414 497
414 498
414 499
415 498
415 499
415 500
416 417
416 500
416 501
416 502
417 418
417 501
417 502
418 419
418 502
418 503
419 420
419 503
419 504
420 421
420 503
420 504
420 505
421 422
421 504
421 505
421 506
422 423
422 505
422 506
422 507
423 424
423 506
423 507
424 425
424 507
424 508
425 426
425 508
426 508
426 509
427 428
427 509
427 510
427 511
428 510
428 511
428 512
429 430
429 512
429 513
429 514
430 431
430 513
430 514
430 515
431 432
431 514
431 515
431 516
432 433
432 515
432 516
433 516
433 517
434 435
434 517
434 518
435 436
435 518
435 519
436 437
436 518
436 519
436 520
437 438
437 519
437 520
437 521
438 439
438 520
438 521
438 522
439 440
439 521
439 522
439 523
440 441
440 522
440 523
440 524
441 442
441 523
441 524
441 525
442 524
442 525
442 526
443 444
443 526
443 527
443 528
444 445
444 527
444 528
444 529
445 446
445 528
445 529
445 530
446 447
446 529
446 530
446 531
447 448
447 530
447 531
447 532
448 531
448 532
448 533
449 450
449 534
449 535
449 536
450 451
450 535
450 536
450 537
451 536
451 537
451 538
452 453
452 538
452 539
452 540
453 454
453 539
453 540
453 541
454 455
454 540
454 541
455 541
456 457
456 542
456 543
457 458
457 542
457 543
457 544
458 543
458 544
459 460
459 545
460 461
460 545
460 546
461 462
461 546
461 547
462 546
462 547
462 548
463 464
463 548
463 549
464 465
464 549
464 550
465 466
465 550
465 551
466 467
466 550
466 551
467 468
467 551
467 552
468 552
469 470
469 553
469 554
470 471
470 553
470 554
470 555
471 472
471 554
471 555
471 556
472 473
472 555
472 556
473 556
473 557
474 475
474 558
474 559
474 560
475 559
475 560
476 477
476 561
476 562
477 478
477 561
477 562
477 563
478 479
478 562
478 563
478 564
479 480
479 563
479 564
479 565
480 481
480 564
480 565
480 566
481 565
481 566
482 483
482 567
483 484
483 567
483 568
484 485
484 568
484 569
485 486
485 568
485 569
485 570
486 487
486 569
486 570
486 571
487 488
487 570
487 571
487 572
488 489
488 571
488 572
488 573
489 490
489 572
489 573
489 574
490 491
490 573
490 574
490 575
491 492
491 574
491 575
491 576
492 493
492 575
492 576
492 577
493 494
493 576
493 577
493 578
494 495
494 577
494 578
494 579
495 496
495 578
495 579
495 580
496 497
496 579
496 580
496 581
497 498
497 580
497 581
497 582
498 499
498 581
498 582
498 583
499 500
499 582
499 583
499 584
500 501
500 583
500 584
500 585
501 502
501 584
501 585
501 586
502 585
502 586
503 504
503 587
504 505
504 587
504 588
505 506
505 588
505 589
506 507
506 588
506 589
506 590
507 589
507 590
507 591
508 591
508 592
509 510
509 592
509 593
509 594
510 511
510 593
510 594
511 512
511 594
511 595
512 513
512 595
512 596
513 514
513 595
513 596
513 597
514 515
514 596
514 597
514 598
515 516
515 597
515 598
515 599
516 598
516 599
516 600
517 600
517 601
517 602
518 519
518 602
518 603
519 520
519 603
520 521
520 603
520 604
521 522
521 604
521 605
522 523
522 604
522 605
522 606
523 524
523 605
523 606
523 607
524 525
524 606
524 607
525 526
525 607
525 608
526 527
526 608
526 609
527 528
527 608
527 609
527 610
528 529
528 609
528 610
528 611
529 530
529 610
529 611
529 612
530 531
530 611
530 612
530 613
531 532
531 612
531 613
531 614
532 533
532 613
532 614
532 615
533 534
533 614
533 615
534 535
534 615
535 536
535 616
536 537
536 616
536 617
537 538
537 616
537 617
537 618
538 539
538 617
538 618
539 540
539 618
540 541
540 619
541 619
541 620
542 543
542 621
543 544
543 621
543 622
544 622
545 623
545 624
546 547
546 624
546 625
546 626
547 548
547 625
547 626
548 549
548 626
548 627
549 627
549 628
550 551
550 628
550 629
551 629
551 630
552 630
552 631
552 632
553 554
553 632
553 633
554 555
554 633
555 556
555 634
556 634
557 635
557 636
558 559
558 636
559 560
559 637
560 637
560 638
561 562
561 638
561 639
561 640
562 563
562 639
562 640
562 641
563 564
563 640
563 641
564 565
564 641
564 642
565 566
565 642
565 643
566 642
566 643
567 644
567 645
568 569
568 645
568 646
568 647
569 570
569 646
569 647
569 648
570 571
570 647
570 648
570 649
571 572
571 648
571 649
571 650
572 573
572 649
572 650
573 574
573 650
573 651
574 575
574 651
574 652
575 576
575 651
575 652
575 653
576 577
576 652
576 653
576 654
577 578
577 653
577 654
577 655
578 579
578 654
578 655
578 656
579 580
579 655
579 656
579 657
580 581
580 656
580 657
580 658
581 582
581 657
581 658
581 659
582 583
582 658
582 659
582 660
583 584
583 659
583 660
583 661
584 585
584 660
584 661
584 662
585 586
585 661
585 662
585 663
586 662
586 663
586 664
587 664
587 665
588 589
588 665
588 666
588 667
589 590
589 666
589 667
589 668
590 591
590 667
590 668
590 669
591 668
591 669
591 670
592 593
592 670
592 671
592 672
593 594
593 671
593 672
593 673
594 672
594 673
594 674
595 596
595 674
595 675
595 676
596 597
596 675
596 676
597 598
597 676
597 677
598 599
598 677
598 678
599 600
599 677
599 678
599 679
600 601
600 678
600 679
600 680
601 602
601 679
601 680
601 681
602 680
602 681
602 682
603 682
603 683
603 684
604 605
604 684
604 685
604 686
605 606
605 685
605 686
605 687
606 607
606 686
606 687
606 688
607 687
607 688
607 689
608 609
608 689
608 690
608 691
609 610
609 690
609 691
610 611
610 691
610 692
611 612
611 692
611 693
612 613
612 692
612 693
612 694
613 614
613 693
613 694
613 695
614 615
614 694
614 695
614 696
615 695
615 696
615 697
616 617
616 698
616 699
617 618
617 699
618 700
619 620
619 701
619 702
620 701
620 702
621 703
622 703
622 704
622 705
623 624
623 705
623 706
624 625
624 706
624 707
625 626
625 707
625 708
626 707
626 708
626 709
627 628
627 709
627 710
628 710
629 630
629 711
629 712
630 631
630 711
630 712
631 632
631 712
631 713
632 633
632 713
632 714
633 713
633 714
633 715
634 716
634 717
635 636
635 718
636 718
636 719
637 638
637 720
637 721
638 639
638 720
638 721
638 722
639 640
639 721
639 722
639 723
640 641
640 722
640 723
640 724
641 723
641 724
641 725
642 643
642 725
642 726
642 727
643 726
643 727
644 645
644 728
645 646
645 728
645 729
646 647
646 728
646 729
647 648
647 729
647 730
648 649
648 730
648 731
649 650
649 730
649 731
649 732
650 731
650 732
650 733
651 652
651 733
651 734
651 735
652 653
652 734
652 735
653 654
653 735
653 736
654 655
654 736
654 737
655 656
655 736
655 737
655 738
656 657
656 737
656 738
657 658
657 738
658 659
658 739
659 660
659 739
659 740
660 661
660 739
660 740
660 741
661 662
661 740
661 741
661 742
662 663
662 741
662 742
662 743
663 664
663 742
663 743
664 743
664 744
665 666
665 744
665 745
666 667
666 745
666 746
667 668
667 746
667 747
668 669
668 746
668 747
668 748
669 670
669 747
669 748
669 749
670 671
670 748
670 749
670 750
671 672
671 749
671 750
671 751
672 673
672 750
672 751
673 674
673 751
673 752
674 675
674 752
674 753
675 676
675 752
675 753
676 753
676 754
677 678
677 754
677 755
678 679
678 755
678 756
679 680
679 756
679 757
680 681
680 756
680 757
680 758
681 682
681 757
681 758
681 759
682 683
682 758
682 759
683 684
683 759
683 760
684 685
684 760
684 761
685 686
685 760
685 761
685 762
686 687
686 761
686 762
686 763
687 688
687 762
687 763
688 689
688 763
688 764
689 690
689 764
690 691
690 764
690 765
691 765
691 766
692 693
692 766
692 767
692 768
693 694
693 767
693 768
694 695
694 768
694 769
695 696
695 769
695 770
696 697
696 769
696 770
696 771
697 698
697 770
697 771
697 772
698 699
698 771
698 772
698 773
699 772
699 773
699 774
700 775
700 776
700 777
701 702
701 777
701 778
701 779
702 778
702 779
703 704
703 780
703 781
703 782
704 705
704 781
704 782
704 783
705 706
705 782
705 783
705 784
706 783
706 784
706 785
707 708
707 785
707 786
707 787
708 709
708 786
708 787
708 788
709 787
709 788
709 789
710 789
710 790
710 791
711 712
711 791
711 792
712 792
712 793
713 714
713 793
713 794
714 715
714 794
715 716
716 717
716 795
717 795
717 796
718 796
718 797
718 798
719 798
719 799
720 721
720 800
721 722
721 800
721 801
722 723
722 801
723 724
723 801
723 802
724 725
724 802
725 726
725 802
725 803
726 727
726 803
726 804
727 803
727 804
728 729
728 805
729 805
729 806
730 731
730 806
730 807
730 808
731 732
731 807
731 808
731 809
732 733
732 808
732 809
733 734
733 809
733 810
734 735
734 810
734 811
735 810
735 811
735 812
736 737
736 812
736 813
736 814
737 738
737 813
737 814
737 815
738 814
738 815
738 816
739 740
739 817
740 741
740 817
741 742
741 818
742 743
742 818
742 819
743 818
743 819
743 820
744 745
744 820
744 821
744 822
745 821
745 822
746 747
746 823
746 824
747 748
747 823
747 824
747 825
748 749
748 824
748 825
748 826
749 750
749 825
749 826
749 827
750 751
750 826
750 827
750 828
751 827
751 828
751 829
752 753
752 829
752 830
753 830
753 831
754 755
754 831
754 832
754 833
755 832
755 833
755 834
756 757
756 834
756 835
757 758
757 835
757 836
758 759
758 836
758 837
759 836
759 837
759 838
760 761
760 838
760 839
760 840
761 762
761 839
761 840
761 841
762 763
762 840
762 841
762 842
763 841
763 842
763 843
764 843
764 844
765 766
765 844
765 845
765 846
766 767
766 845
766 846
766 847
767 768
767 846
767 847
767 848
768 847
768 848
768 849
769 770
769 849
769 850
770 771
770 850
770 851
771 772
771 851
771 852
772 773
772 851
772 852
772 853
773 774
773 852
773 853
773 854
774 775
774 853
774 854
774 855
775 776
775 854
775 855
776 777
776 855
776 856
777 778
777 856
777 857
778 779
778 856
778 857
778 858
779 857
779 858
779 859
780 781
780 859
780 860
780 861
781 782
781 860
781 861
781 862
782 783
782 861
782 862
782 863
783 784
783 862
783 863
783 864
784 785
784 863
784 864
785 786
785 864
785 865
786 787
786 865
786 866
787 788
787 865
787 866
787 867
788 789
788 866
788 867
789 790
789 867
789 868
790 791
790 868
790 869
791 868
791 869
791 870
792 793
792 870
792 871
792 872
793 794
793 871
793 872
793 873
794 872
794 873
795 796
795 875
795 876
795 877
796 797
796 876
796 877
796 878
797 798
797 877
797 878
797 879
798 799
798 878
798 879
798 880
799 879
799 880
799 881
800 881
800 882
800 883
801 883
801 884
801 885
802 885
802 886
802 887
803 804
803 887
803 888
803 889
804 888
804 889
805 890
805 891
805 892
806 807
806 892
806 893
806 894
807 808
807 893
807 894
808 809
808 894
808 895
809 895
809 896
810 811
810 896
810 897
810 898
811 812
811 897
811 898
811 899
812 813
812 898
812 899
812 900
813 814
813 899
813 900
813 901
814 815
814 900
814 901
814 902
815 816
815 901
815 902
815 903
816 902
816 903
817 904
817 905
818 819
818 906
819 820
819 906
819 907
820 821
820 907
820 908
821 822
821 907
821 908
821 909
822 908
822 909
823 824
823 910
823 911
824 825
824 910
824 911
824 912
825 826
825 911
825 912
825 913
826 827
826 912
826 913
826 914
827 828
827 913
827 914
827 915
828 829
828 914
828 915
828 916
829 915
829 916
829 917
830 831
830 917
831 832
831 918
832 833
832 918
832 919
833 834
833 918
833 919
833 920
834 835
834 919
834 920
834 921
835 920
835 921
835 922
836 837
836 922
836 923
836 924
837 838
837 923
837 924
838 839
838 924
838 925
839 840
839 925
839 926
840 841
840 925
840 926
841 842
841 926
842 843
843 927
844 845
844 927
844 928
844 929
845 846
845 928
845 929
845 930
846 847
846 929
846 930
846 931
847 848
847 930
847 931
847 932
848 849
848 931
848 932
848 933
849 850
849 932
849 933
849 934
850 933
850 934
850 935
851 852
851 935
851 936
851 937
852 853
852 936
852 937
852 938
853 854
853 937
853 938
853 939
854 855
854 938
854 939
854 940
855 939
855 940
855 941
856 857
856 941
856 942
856 943
857 858
857 942
857 943
857 944
858 859
858 943
858 944
858 945
859 860
859 944
859 945
859 946
860 861
860 945
860 946
860 947
861 862
861 946
861 947
861 948
862 863
862 947
862 948
862 949
863 864
863 948
863 949
864 949
864 950
865 866
865 950
865 951
865 952
866 867
866 951
866 952
866 953
867 952
867 953
867 954
868 869
868 954
868 955
868 956
869 870
869 955
869 956
869 957
870 871
870 956
870 957
870 958
871 872
871 957
871 958
871 959
872 873
872 958
872 959
872 960
873 959
873 960
873 961
874 875
874 961
875 876
875 962
876 877
876 962
876 963
877 878
877 962
877 963
877 964
878 879
878 963
878 964
878 965
879 880
879 964
879 965
879 966
880 881
880 965
880 966
880 967
881 882
881 966
881 967
881 968
882 883
882 967
882 968
882 969
883 884
883 968
883 969
883 970
884 885
884 969
884 970
885 886
885 970
886 887
886 971
887 888
887 971
887 972
888 889
888 971
888 972
888 973
889 972
889 973
890 891
890 974
890 975
891 892
891 974
891 975
891 976
892 893
892 975
892 976
892 977
893 894
893 976
893 977
893 978
894 977
894 978
894 979
895 896
895 979
895 980
895 981
896 897
896 980
896 981
896 982
897 898
897 981
897 982
897 983
898 899
898 982
898 983
898 984
899 900
899 983
899 984
900 901
900 984
901 902
901 985
902 903
902 985
902 986
903 985
903 986
904 905
904 987
905 987
905 988
906 988
906 989
906 990
907 908
907 990
907 991
907 992
908 909
908 991
908 992
908 993
909 992
909 993
909 994
910 911
910 994
910 995
911 912
911 995
911 996
912 913
912 995
912 996
912 997
913 914
913 996
913 997
913 998
914 915
914 997
914 998
914 999
915 916
915 998
915 999
916 917
916 999
918 919
918 1000
918 1001
918 1002
919 920
919 1001
919 1002
919 1003
920 921
920 1002
920 1003
920 1004
921 922
921 1003
921 1004
921 1005
922 923
922 1004
922 1005
922 1006
923 924
923 1005
923 1006
923 1007
924 1006
924 1007
924 1008
925 926
925 1008
925 1009
926 1009
926 1010
927 928
927 1011
927 1012
927 1013
928 929
928 1012
928 1013
929 930
929 1013
929 1014
930 931
930 1014
930 1015
931 932
931 1014
931 1015
932 933
932 1015
933 934
933 1016
934 935
934 1016
934 1017
935 936
935 1016
935 1017
935 1018
936 937
936 1017
936 1018
936 1019
937 938
937 1018
937 1019
937 1020
938 939
938 1019
938 1020
938 1021
939 940
939 1020
939 1021
940 941
940 1021
941 942
942 943
942 1022
943 944
943 1022
943 1023
944 945
944 1022
944 1023
945 946
945 1023
945 1024
946 947
946 1024
946 1025
947 948
947 1024
947 1025
947 1026
948 949
948 1025
948 1026
948 1027
949 1026
949 1027
950 951
950 1028
950 1029
951 952
951 1028
951 1029
951 1030
952 953
952 1029
952 1030
952 1031
953 954
953 1030
953 1031
953 1032
954 955
954 1031
954 1032
954 1033
955 956
955 1032
955 1033
955 1034
956 957
956 1033
956 1034
957 958
957 1034
957 1035
958 959
958 1035
959 960
959 1035
959 1036
960 961
960 1036
960 1037
961 1036
961 1037
962 963
962 1038
962 1039
963 964
963 1039
963 1040
964 965
964 1040
964 1041
965 966
965 1040
965 1041
965 1042
966 967
966 1041
966 1042
967 968
967 1042
967 1043
968 969
968 1043
969 970
969 1043
970 1044
971 972
971 1045
971 1046
971 1047
972 973
972 1046
972 1047
972 1048
973 1047
973 1048
974 975
974 1049
975 976
975 1049
975 1050
976 977
976 1049
976 1050
977 978
977 1050
977 1051
978 979
978 1051
978 1052
979 980
979 1051
979 1052
979 1053
980 981
980 1052
980 1053
980 1054
981 982
981 1053
981 1054
981 1055
982 983
982 1054
982 1055
982 1056
983 984
983 1055
983 1056
984 1056
984 1057
985 986
985 1058
985 1059
985 1060
986 1059
986 1060
986 1061
987 988
987 1062
987 1063
988 989
988 1063
989 990
989 1063
989 1064
990 991
990 1064
990 1065
991 992
991 1064
991 1065
991 1066
992 993
992 1065
992 1066
993 994
993 1066
993 1067
994 1067
994 1068
995 996
995 1068
995 1069
995 1070
996 997
996 1069
996 1070
996 1071
997 998
997 1070
997 1071
997 1072
998 999
998 1071
998 1072
998 1073
999 1072
999 1073
1000 1001
1000 1074
1000 1075
1001 1002
1001 1075
1001 1076
1002 1003
1002 1075
1002 1076
1003 1004
1003 1076
1003 1077
1004 1005
1004 1077
1004 1078
1005 1006
1005 1077
1005 1078
1005 1079
1006 1007
1006 1078
1006 1079
1007 1008
1007 1079
1007 1080
1008 1009
1008 1080
1008 1081
1009 1080
1009 1081
1009 1082
1010 1082
1010 1083
1010 1084
1011 1012
1011 1084
1011 1085
1011 1086
1012 1013
1012 1085
1012 1086
1013 1086
1013 1087
1014 1015
1014 1087
1014 1088
1014 1089
1015 1088
1015 1089
1015 1090
1016 1017
1016 1091
1016 1092
1017 1018
1017 1092
1017 1093
1018 1019
1018 1092
1018 1093
1018 1094
1019 1020
1019 1093
1019 1094
1019 1095
1020 1021
1020 1094
1020 1095
1020 1096
1021 1095
1021 1096
1021 1097
1022 1023
1022 1099
1022 1100
1023 1099
1023 1100
1023 1101
1024 1025
1024 1101
1024 1102
1024 1103
1025 1026
1025 1102
1025 1103
1025 1104
1026 1027
1026 1103
1026 1104
1026 1105
1027 1104
1027 1105
1027 1106
1028 1029
1028 1106
1028 1107
1029 1030
1029 1107
1029 1108
1030 1031
1030 1108
1031 1032
1031 1108
1032 1033
1033 1034
1033 1109
1034 1109
1034 1110
1035 1110
1035 1111
1036 1037
1037 1112
1038 1039
1038 1112
1038 1113
1038 1114
1039 1113
1039 1114
1040 1041
1040 1115
1040 1116
1041 1042
1041 1115
1041 1116
1041 1117
1042 1116
1042 1117
1042 1118
1043 1118
1043 1119
1043 1120
1044 1045
1044 1121
1044 1122
1044 1123
1045 1046
1045 1122
1045 1123
1045 1124
1046 1047
1046 1123
1046 1124
1046 1125
1047 1048
1047 1124
1047 1125
1047 1126
1048 1125
1048 1126
1049 1050
1049 1127
1049 1128
1049 1129
1050 1128
1050 1129
1050 1130
1051 1052
1051 1130
1051 1131
1051 1132
1052 1053
1052 1131
1052 1132
1052 1133
1053 1054
1053 1132
1053 1133
1053 1134
1054 1055
1054 1133
1054 1134
1054 1135
1055 1056
1055 1134
1055 1135
1055 1136
1056 1135
1056 1136
1057 1058
1057 1137
1057 1138
1058 1059
1058 1137
1058 1138
1059 1060
1059 1138
1059 1139
1060 1061
1060 1139
1060 1140
1061 1062
1061 1139
1061 1140
1062 1140
1062 1141
1063 1141
1063 1142
1063 1143
1064 1065
1064 1143
1064 1144
1064 1145
1065 1066
1065 1144
1065 1145
1065 1146
1066 1145
1066 1146
1066 1147
1067 1068
1067 1147
1067 1148
1068 1069
1068 1148
1068 1149
1069 1070
1069 1149
1069 1150
1070 1071
1070 1149
1070 1150
1070 1151
1071 1072
1071 1150
1071 1151
1071 1152
1072 1073
1072 1151
1072 1152
1072 1153
1073 1152
1073 1153
1073 1154
1074 1155
1074 1156
1074 1157
1075 1076
1075 1157
1075 1158
1075 1159
1076 1158
1076 1159
1076 1160
1077 1078
1077 1160
1077 1161
1077 1162
1078 1079
1078 1161
1078 1162
1078 1163
1079 1162
1079 1163
1080 1081
1080 1164
1080 1165
1081 1082
1081 1164
1081 1165
1082 1083
1082 1165
1083 1084
1083 1166
1084 1085
1084 1166
1084 1167
1085 1086
1085 1166
1085 1167
1085 1168
1086 1167
1086 1168
1086 1169
1087 1088
1087 1169
1087 1170
1088 1089
1088 1170
1089 1090
1089 1171
1090 1091
1090 1171
1090 1172
1091 1171
1091 1172
1091 1173
1092 1093
1092 1173
1092 1174
1093 1094
1093 1174
1093 1175
1094 1095
1094 1174
1094 1175
1095 1096
1095 1175
1095 1176
1096 1097
1096 1176
1096 1177
1097 1098
1097 1176
1097 1177
1097 1178
1098 1177
1098 1178
1098 1179
1099 1100
1099 1179
1099 1180
1099 1181
1100 1101
1100 1180
1100 1181
1100 1182
1101 1102
1101 1181
1101 1182
1101 1183
1102 1103
1102 1182
1102 1183
1103 1104
1103 1183
1104 1105
1105 1106
1106 1107
1106 1184
1107 1184
1107 1185
1108 1185
1108 1186
1108 1187
1109 1110
1109 1189
1109 1190
1109 1191
1110 1111
1110 1190
1110 1191
1111 1191
1111 1192
1112 1113
1112 1194
1112 1195
1113 1114
1113 1194
1113 1195
1113 1196
1114 1195
1114 1196
1114 1197
1115 1116
1115 1197
1115 1198
1115 1199
1116 1117
1116 1198
1116 1199
1116 1200
1117 1118
1117 1199
1117 1200
1117 1201
1118 1119
1118 1200
1118 1201
1118 1202
1119 1120
1119 1201
1119 1202
1119 1203
1120 1121
1120 1202
1120 1203
1120 1204
1121 1122
1121 1203
1121 1204
1122 1123
1122 1204
1122 1205
1123 1124
1123 1205
1123 1206
1124 1125
1124 1205
1124 1206
1124 1207
1125 1126
1125 1206
1125 1207
1126 1207
1127 1128
1127 1208
1127 1209
1128 1129
1128 1208
1128 1209
1128 1210
1129 1130
1129 1209
1129 1210
1129 1211
1130 1131
1130 1210
1130 1211
1130 1212
1131 1132
1131 1211
1131 1212
1131 1213
1132 1133
1132 1212
1132 1213
1132 1214
1133 1134
1133 1213
1133 1214
1133 1215
1134 1135
1134 1214
1134 1215
1134 1216
1135 1136
1135 1215
1135 1216
1135 1217
1136 1216
1136 1217
1136 1218
1137 1138
1137 1218
1137 1219
1137 1220
1138 1219
1138 1220
1138 1221
1139 1140
1139 1221
1139 1222
1140 1222
1140 1223
1141 1142
1141 1223
1141 1224
1141 1225
1142 1143
1142 1224
1142 1225
1142 1226
1143 1144
1143 1225
1143 1226
1143 1227
1144 1145
1144 1226
1144 1227
1145 1146
1145 1227
1145 1228
1146 1147
1146 1228
1146 1229
1147 1148
1147 1228
1147 1229
1148 1229
1149 1150
1149 1230
1149 1231
1150 1151
1150 1230
1150 1231
1151 1152
1151 1231
1151 1232
1152 1153
1152 1232
1152 1233
1153 1154
1153 1232
1153 1233
1154 1155
1154 1233
1155 1156
1156 1157
1156 1234
1157 1158
1157 1234
1157 1235
1158 1159
1158 1234
1158 1235
1158 1236
1159 1160
1159 1235
1159 1236
1159 1237
1160 1161
1160 1236
1160 1237
1160 1238
1161 1162
1161 1237
1161 1238
1161 1239
1162 1163
1162 1238
1162 1239
1162 1240
1163 1239
1163 1240
1163 1241
1164 1165
1164 1241
1164 1242
1164 1243
1165 1242
1165 1243
1165 1244
1166 1167
1166 1245
1166 1246
1167 1168
1167 1246
1168 1169
1168 1247
1169 1170
1169 1247
1169 1248
1170 1247
1170 1248
1170 1249
1171 1172
1171 1250
1171 1251
1171 1252
1172 1173
1172 1251
1172 1252
1173 1252
1173 1253
1174 1175
1174 1253
1174 1254
1175 1254
1175 1255
1176 1177
1176 1255
1176 1256
1176 1257
1177 1178
1177 1256
1177 1257
1177 1258
1178 1179
1178 1257
1178 1258
1178 1259
1179 1180
1179 1258
1179 1259
1179 1260
1180 1181
1180 1259
1180 1260
1180 1261
1181 1182
1181 1260
1181 1261
1182 1183
1182 1261
1184 1185
1184 1264
1185 1186
1185 1265
1186 1187
1186 1265
1186 1266
1187 1188
1187 1265
1187 1266
1187 1267
1188 1189
1188 1266
1188 1267
1188 1268
1189 1190
1189 1267
1189 1268
1189 1269
1190 1191
1190 1268
1190 1269
1190 1270
1191 1269
1191 1270
1191 1271
1192 1193
1192 1271
1192 1272
1192 1273
1193 1272
1193 1273
1194 1195
1194 1274
1194 1275
1195 1196
1195 1274
1195 1275
1196 1197
1196 1275
1196 1276
1197 1198
1197 1276
1197 1277
1198 1199
1198 1276
1198 1277
1198 1278
1199 1200
1199 1277
1199 1278
1199 1279
1200 1201
1200 1278
1200 1279
1201 1202
1201 1279
1201 1280
1202 1203
1202 1280
1202 1281
1203 1204
1203 1280
1203 1281
1203 1282
1204 1281
1204 1282
1205 1206
1205 1283
1205 1284
1206 1207
1206 1283
1206 1284
1207 1284
1208 1209
1208 1285
1208 1286
1209 1210
1209 1285
1209 1286
1209 1287
1210 1211
1210 1286
1210 1287
1210 1288
1211 1212
1211 1287
1211 1288
1211 1289
1212 1213
1212 1288
1212 1289
1213 1214
1213 1289
1213 1290
1214 1215
1214 1290
1214 1291
1215 1216
1215 1290
1215 1291
1216 1217
1216 1291
1216 1292
1217 1218
1217 1292
1218 1219
1218 1292
1218 1293
1219 1220
1219 1293
1219 1294
1220 1221
1220 1293
1220 1294
1220 1295
1221 1294
1221 1295
1221 1296
1222 1223
1222 1296
1222 1297
1223 1224
1223 1297
1223 1298
1224 1225
1224 1298
1224 1299
1225 1226
1225 1298
1225 1299
1226 1227
1226 1299
1226 1300
1227 1300
1227 1301
1228 1229
1228 1301
1228 1302
1228 1303
1229 1302
1229 1303
1229 1304
1230 1231
1230 1305
1230 1306
1231 1306
1231 1307
1232 1233
1232 1307
1232 1308
1232 1309
1233 1308
1233 1309
1233 1310
1234 1235
1234 1312
1234 1313
1234 1314
1235 1236
1235 1313
1235 1314
1235 1315
1236 1237
1236 1314
1236 1315
1236 1316
1237 1238
1237 1315
1237 1316
1237 1317
1238 1239
1238 1316
1238 1317
1238 1318
1239 1240
1239 1317
1239 1318
1239 1319
1240 1241
1240 1318
1240 1319
1241 1242
1241 1319
1242 1243
1242 1320
1243 1244
1243 1320
1244 1245
1244 1320
1245 1246
1246 1321
1247 1248
1247 1322
1247 1323
1247 1324
1248 1249
1248 1323
1248 1324
1248 1325
1249 1250
1249 1324
1249 1325
1249 1326
1250 1251
1250 1325
1250 1326
1250 1327
1251 1252
1251 1326
1251 1327
1251 1328
1252 1327
1252 1328
1252 1329
1253 1329
1253 1330
1253 1331
1254 1255
1254 1331
1254 1332
1255 1256
1255 1332
1255 1333
1256 1257
1256 1332
1256 1333
1256 1334
1257 1258
1257 1333
1257 1334
1257 1335
1258 1259
1258 1334
1258 1335
1259 1260
1259 1335
1260 1261
1260 1336
1261 1336
1262 1263
1262 1338
1262 1339
1263 1264
1263 1339
1263 1340
1264 1339
1264 1340
1265 1266
1265 1341
1265 1342
1265 1343
1266 1267
1266 1342
1266 1343
1266 1344
1267 1268
1267 1343
1267 1344
1267 1345
1268 1269
1268 1344
1268 1345
1268 1346
1269 1270
1269 1345
1269 1346
1269 1347
1270 1271
1270 1346
1270 1347
1270 1348
1271 1272
1271 1347
1271 1348
1272 1273
1272 1348
1272 1349
1273 1349
1273 1350
1274 1275
1274 1350
1274 1351
1274 1352
1275 1351
1275 1352
1275 1353
1276 1277
1276 1353
1276 1354
1277 1278
1277 1354
1278 1279
1278 1355
1279 1355
1279 1356
1280 1281
1280 1356
1281 1282
1281 1357
1282 1357
1282 1358
1283 1284
1283 1358
1283 1359
1283 1360
1284 1359
1284 1360
1284 1361
1285 1286
1285 1363
1285 1364
1286 1287
1286 1363
1286 1364
1287 1288
1287 1364
1288 1289
1288 1365
1289 1365
1289 1366
1290 1291
1290 1366
1290 1367
1291 1367
1293 1294
1293 1368
1293 1369
1294 1295
1294 1368
1294 1369
1295 1296
1295 1369
1296 1297
1296 1370
1297 1370
1297 1371
1298 1299
1298 1371
1299 1372
1300 1301
1300 1372
1300 1373
1300 1374
1301 1302
1301 1373
1301 1374
1301 1375
1302 1303
1302 1374
1302 1375
1302 1376
1303 1304
1303 1375
1303 1376
1303 1377
1304 1305
1304 1376
1304 1377
1304 1378
1305 1377
1305 1378
1305 1379
1306 1307
1306 1379
1306 1380
1306 1381
1307 1308
1307 1380
1307 1381
1308 1309
1308 1381
1308 1382
1309 1310
1309 1382
1309 1383
1310 1311
1310 1382
1310 1383
1310 1384
1311 1312
1311 1383
1311 1384
1311 1385
1312 1313
1312 1384
1312 1385
1313 1314
1313 1385
1313 1386
1314 1315
1314 1386
1314 1387
1315 1316
1315 1386
1315 1387
1315 1388
1316 1317
1316 1387
1316 1388
1316 1389
1317 1318
1317 1388
1317 1389
1317 1390
1318 1319
1318 1389
1318 1390
1318 1391
1319 1390
1319 1391
1319 1392
1320 1393
1320 1394
1320 1395
1321 1322
1321 1397
1322 1323
1322 1398
1323 1324
1323 1398
1323 1399
1324 1325
1324 1398
1324 1399
1325 1326
1325 1399
1325 1400
1326 1327
1326 1400
1326 1401
1327 1328
1327 1400
1327 1401
1328 1329
1328 1401
1328 1402
1329 1330
1329 1402
1329 1403
1330 1331
1330 1402
1330 1403
1330 1404
1331 1403
1331 1404
1331 1405
1332 1333
1332 1405
1332 1406
1332 1407
1333 1334
1333 1406
1333 1407
1334 1335
1334 1407
1334 1408
1335 1408
1335 1409
1336 1410
1336 1411
1336 1412
1337 1338
1337 1412
1337 1413
1337 1414
1338 1413
1338 1414
1339 1340
1339 1415
1339 1416
1340 1415
1340 1416
1340 1417
1341 1342
1341 1417
1341 1418
1342 1343
1342 1418
1342 1419
1343 1344
1343 1418
1343 1419
1343 1420
1344 1345
1344 1419
1344 1420
1344 1421
1345 1346
1345 1420
1345 1421
1345 1422
1346 1347
1346 1421
1346 1422
1346 1423
1347 1348
1347 1422
1347 1423
1347 1424
1348 1423
1348 1424
1348 1425
1349 1350
1349 1425
1349 1426
1349 1427
1350 1351
1350 1426
1350 1427
1350 1428
1351 1352
1351 1427
1351 1428
1351 1429
1352 1353
1352 1428
1352 1429
1352 1430
1353 1354
1353 1429
1353 1430
1354 1430
1354 1431
1355 1356
1355 1432
1355 1433
1355 1434
1356 1433
1356 1434
1356 1435
1357 1358
1357 1436
1357 1437
1358 1359
1358 1437
1358 1438
1359 1360
1359 1437
1359 1438
1359 1439
1360 1361
1360 1438
1360 1439
1361 1362
1361 1439
1361 1440
1362 1440
1363 1364
1363 1441
1363 1442
1364 1441
1364 1442
1364 1443
1365 1366
1365 1444
1365 1445
1365 1446
1366 1367
1366 1445
1366 1446
1366 1447
1367 1446
1367 1447
1367 1448
1368 1369
1368 1451
1368 1452
1368 1453
1369 1452
1369 1453
1369 1454
1370 1371
1370 1455
1371 1455
1371 1456
1372 1373
1372 1457
1372 1458
1372 1459
1373 1374
1373 1458
1373 1459
1373 1460
1374 1375
1374 1459
1374 1460
1374 1461
1375 1376
1375 1460
1375 1461
1376 1377
1376 1461
1377 1378
1377 1462
1378 1379
1378 1462
1378 1463
1379 1380
1379 1462
1379 1463
1379 1464
1380 1381
1380 1463
1380 1464
1380 1465
1381 1464
1381 1465
1381 1466
1382 1383
1382 1466
1382 1467
1383 1384
1383 1467
1383 1468
1384 1385
1384 1468
1385 1468
1385 1469
1386 1387
1386 1469
1386 1470
1386 1471
1387 1388
1387 1470
1387 1471
1387 1472
1388 1389
1388 1471
1388 1472
1388 1473
1389 1390
1389 1472
1389 1473
1390 1391
1390 1473
1390 1474
1391 1392
1391 1474
1391 1475
1392 1393
1392 1474
1392 1475
1393 1394
1393 1475
1393 1476
1394 1395
1394 1476
1395 1396
1395 1476
1395 1477
1396 1397
1396 1477
1396 1478
1397 1477
1397 1478
1397 1479
1398 1399
1398 1480
1399 1480
1400 1401
1400 1481
1400 1482
1401 1481
1401 1482
1401 1483
1402 1403
1402 1483
1402 1484
1403 1404
1403 1484
1403 1485
1404 1405
1404 1484
1404 1485
1405 1406
1405 1485
1405 1486
1406 1407
1406 1486
1406 1487
1407 1486
1407 1487
1407 1488
1408 1409
1408 1488
1408 1489
1409 1410
1409 1489
1409 1490
1410 1411
1410 1489
1410 1490
1410 1491
1411 1412
1411 1490
1411 1491
1411 1492
1412 1413
1412 1491
1412 1492
1412 1493
1413 1414
1413 1492
1413 1493
1413 1494
1414 1493
1414 1494
1414 1495
1415 1416
1415 1495
1415 1496
1415 1497
1416 1417
1416 1496
1416 1497
1416 1498
1417 1497
1417 1498
1417 1499
1418 1419
1418 1499
1418 1500
1419 1420
1419 1500
1420 1421
1420 1500
1420 1501
1421 1422
1421 1501
1422 1423
1422 1501
1422 1502
1423 1424
1423 1502
1423 1503
1424 1425
1424 1502
1424 1503
1424 1504
1425 1426
1425 1503
1425 1504
1425 1505
1426 1427
1426 1504
1426 1505
1426 1506
1427 1428
1427 1505
1427 1506
1427 1507
1428 1429
1428 1506
1428 1507
1428 1508
1429 1430
1429 1507
1429 1508
1430 1508
1430 1509
1431 1432
1431 1509
1431 1510
1431 1511
1432 1433
1432 1510
1432 1511
1432 1512
1433 1434
1433 1511
1433 1512
1433 1513
1434 1435
1434 1512
1434 1513
1434 1514
1435 1436
1435 1513
1435 1514
1435 1515
1436 1514
1436 1515
1436 1516
1437 1438
1437 1516
1437 1517
1438 1439
1438 1517
1439 1517
1439 1518
1440 1518
1441 1442
1441 1519
1441 1520
1442 1443
1442 1519
1442 1520
1443 1444
1443 1520
1443 1521
1444 1445
1444 1521
1444 1522
1445 1446
1445 1521
1445 1522
1445 1523
1446 1447
1446 1522
1446 1523
1447 1448
1447 1523
1448 1449
1448 1524
1449 1450
1449 1524
1449 1525
1450 1451
1450 1524
1450 1525
1450 1526
1451 1452
1451 1525
1451 1526
1451 1527
1452 1453
1452 1526
1452 1527
1453 1454
1453 1527
1453 1528
1454 1528
1454 1529
1455 1529
1455 1530
1455 1531
1456 1457
1456 1531
1456 1532
1456 1533
1457 1458
1457 1532
1457 1533
1457 1534
1458 1459
1458 1533
1458 1534
1458 1535
1459 1460
1459 1534
1459 1535
1459 1536
1460 1461
1460 1535
1460 1536
1460 1537
1461 1536
1461 1537
1461 1538
1462 1463
1462 1539
1462 1540
1463 1464
1463 1539
1463 1540
1463 1541
1464 1465
1464 1540
1464 1541
1465 1466
1465 1541
1466 1467
1466 1542
1467 1542
1467 1543
1468 1543
1468 1544
1468 1545
1469 1470
1469 1545
1469 1546
1469 1547
1470 1471
1470 1546
1470 1547
1470 1548
1471 1472
1471 1547
1471 1548
1471 1549
1472 1473
1472 1548
1472 1549
1473 1549
1473 1550
1474 1475
1474 1550
1474 1551
1474 1552
1475 1551
1475 1552
1475 1553
1476 1553
1476 1554
1477 1478
1477 1554
1477 1555
1477 1556
1478 1479
1478 1555
1478 1556
1479 1556
1479 1557
1480 1557
1480 1558
1481 1482
1481 1559
1481 1560
1481 1561
1482 1483
1482 1560
1482 1561
1482 1562
1483 1561
1483 1562
1484 1485
1484 1563
1484 1564
1485 1563
1485 1564
1485 1565
1486 1487
1486 1565
1486 1566
1486 1567
1487 1488
1487 1566
1487 1567
1487 1568
1488 1567
1488 1568
1488 1569
1489 1490
1489 1569
1489 1570
1489 1571
1490 1491
1490 1570
1490 1571
1490 1572
1491 1492
1491 1571
1491 1572
1492 1493
1492 1572
1492 1573
1493 1494
1493 1573
1493 1574
1494 1495
1494 1573
1494 1574
1494 1575
1495 1496
1495 1574
1495 1575
1495 1576
1496 1497
1496 1575
1496 1576
1496 1577
1497 1498
1497 1576
1497 1577
1497 1578
1498 1499
1498 1577
1498 1578
1499 1578
1499 1579
1500 1579
1500 1580
1500 1581
1501 1581
1501 1582
1502 1503
1502 1582
1502 1583
1502 1584
1503 1504
1503 1583
1503 1584
1503 1585
1504 1505
1504 1584
1504 1585
1504 1586
1505 1506
1505 1585
1505 1586
1505 1587
1506 1507
1506 1586
1506 1587
1506 1588
1507 1508
1507 1587
1507 1588
1508 1588
1508 1589
1509 1510
1509 1589
1509 1590
1510 1511
1510 1590
1511 1512
1511 1590
1512 1513
1512 1591
1513 1514
1513 1591
1513 1592
1514 1515
1514 1591
1514 1592
1514 1593
1515 1516
1515 1592
1515 1593
1516 1593
1516 1594
1517 1594
1517 1595
1517 1596
1518 1596
1518 1597
1518 1598
1519 1520
1519 1599
1519 1600
1520 1599
1520 1600
1521 1522
1521 1601
1521 1602
1522 1523
1522 1601
1522 1602
1522 1603
1523 1602
1523 1603
1524 1525
1524 1604
1524 1605
1524 1606
1525 1526
1525 1605
1525 1606
1525 1607
1526 1527
1526 1606
1526 1607
1526 1608
1527 1607
1527 1608
1527 1609
1528 1529
1528 1609
1528 1610
1528 1611
1529 1530
1529 1610
1529 1611
1529 1612
1530 1531
1530 1611
1530 1612
1530 1613
1531 1532
1531 1612
1531 1613
1531 1614
1532 1533
1532 1613
1532 1614
1532 1615
1533 1534
1533 1614
1533 1615
1533 1616
1534 1535
1534 1615
1534 1616
1534 1617
1535 1536
1535 1616
1535 1617
1535 1618
1536 1537
1536 1617
1536 1618
1536 1619
1537 1538
1537 1618
1537 1619
1537 1620
1538 1619
1538 1620
1538 1621
1539 1540
1539 1621
1539 1622
1539 1623
1540 1541
1540 1622
1540 1623
1540 1624
1541 1623
1541 1624
1542 1543
1542 1625
1542 1626
1543 1544
1543 1626
1543 1627
1544 1545
1544 1627
1544 1628
1545 1546
1545 1627
1545 1628
1546 1547
1546 1628
1546 1629
1547 1548
1547 1629
1547 1630
1548 1549
1548 1629
1548 1630
1548 1631
1549 1630
1549 1631
1549 1632
1550 1551
1550 1632
1550 1633
1551 1552
1551 1633
1551 1634
1552 1553
1552 1634
1552 1635
1553 1634
1553 1635
1553 1636
1554 1555
1554 1636
1554 1637
1554 1638
1555 1556
1555 1637
1555 1638
1556 1638
1557 1558
1557 1639
1557 1640
1558 1639
1558 1640
1559 1560
1559 1641
1559 1642
1560 1561
1560 1641
1560 1642
1560 1643
1561 1562
1561 1642
1561 1643
1561 1644
1562 1643
1562 1644
1562 1645
1563 1564
1563 1645
1563 1646
1563 1647
1564 1565
1564 1646
1564 1647
1564 1648
1565 1566
1565 1647
1565 1648
1565 1649
1566 1567
1566 1648
1566 1649
1566 1650
1567 1568
1567 1649
1567 1650
1567 1651
1568 1569
1568 1650
1568 1651
1568 1652
1569 1570
1569 1651
1569 1652
1570 1571
1570 1652
1570 1653
1571 1572
1571 1653
1571 1654
1572 1653
1572 1654
1572 1655
1573 1574
1573 1655
1573 1656
1574 1575
1574 1656
1574 1657
1575 1576
1575 1656
1575 1657
1575 1658
1576 1577
1576 1657
1576 1658
1576 1659
1577 1578
1577 1658
1577 1659
1577 1660
1578 1659
1578 1660
1578 1661
1579 1580
1579 1661
1579 1662
1579 1663
1580 1581
1580 1662
1580 1663
1580 1664
1581 1663
1581 1664
1582 1583
1583 1584
1583 1665
1584 1585
1584 1665
1584 1666
1585 1586
1585 1665
1585 1666
1585 1667
1586 1587
1586 1666
1586 1667
1586 1668
1587 1588
1587 1667
1587 1668
1587 1669
1588 1668
1588 1669
1589 1670
1590 1670
1590 1671
1590 1672
1591 1592
1591 1673
1591 1674
1591 1675
1592 1593
1592 1674
1592 1675
1592 1676
1593 1675
1593 1676
1594 1595
1594 1677
1595 1596
1595 1677
1596 1597
1596 1677
1596 1678
1597 1598
1597 1678
1597 1679
1598 1678
1598 1679
1599 1600
1599 1680
1599 1681
1600 1680
1600 1681
1601 1602
1601 1682
1601 1683
1602 1603
1602 1682
1602 1683
1602 1684
1603 1683
1603 1684
1603 1685
1604 1605
1604 1685
1604 1686
1604 1687
1605 1606
1605 1686
1605 1687
1605 1688
1606 1607
1606 1687
1606 1688
1606 1689
1607 1608
1607 1688
1607 1689
1608 1609
1608 1689
1608 1690
1609 1610
1609 1690
1610 1611
1610 1690
1610 1691
1611 1612
1611 1691
1611 1692
1612 1613
1612 1691
1612 1692
1613 1614
1613 1692
1614 1615
1615 1616
1615 1693
1616 1617
1616 1693
1616 1694
1617 1618
1617 1693
1617 1694
1618 1619
1618 1694
1618 1695
1619 1620
1619 1695
1619 1696
1620 1621
1620 1695
1620 1696
1620 1697
1621 1622
1621 1696
1621 1697
1621 1698
1622 1623
1622 1697
1622 1698
1622 1699
1623 1624
1623 1698
1623 1699
1623 1700
1624 1699
1624 1700
1624 1701
1625 1626
1625 1701
1625 1702
1625 1703
1626 1702
1626 1703
1626 1704
1627 1628
1627 1704
1627 1705
1627 1706
1628 1705
1628 1706
1628 1707
1629 1630
1629 1707
1629 1708
1629 1709
1630 1631
1630 1708
1630 1709
1630 1710
1631 1632
1631 1709
1631 1710
1631 1711
1632 1633
1632 1710
1632 1711
1632 1712
1633 1711
1633 1712
1633 1713
1634 1635
1634 1713
1634 1714
1635 1636
1635 1714
1635 1715
1636 1637
1636 1715
1636 1716
1637 1638
1637 1715
1637 1716
1637 1717
1638 1716
1638 1717
1638 1718
1639 1640
1639 1719
1640 1720
1641 1642
1641 1720
1641 1721
1641 1722
1642 1643
1642 1721
1642 1722
1642 1723
1643 1644
1643 1722
1643 1723
1643 1724
1644 1645
1644 1723
1644 1724
1644 1725
1645 1646
1645 1724
1645 1725
1645 1726
1646 1647
1646 1725
1646 1726
1647 1648
1647 1726
1648 1649
1648 1727
1649 1650
1649 1727
1649 1728
1650 1651
1650 1727
1650 1728
1651 1652
1651 1728
1651 1729
1652 1729
1653 1654
1653 1730
1653 1731
1654 1655
1654 1730
1654 1731
1654 1732
1655 1731
1655 1732
1655 1733
1656 1657
1656 1733
1656 1734
1657 1658
1657 1734
1657 1735
1658 1659
1658 1735
1658 1736
1659 1660
1659 1735
1659 1736
1659 1737
1660 1661
1660 1736
1660 1737
1660 1738
1661 1662
1661 1737
1661 1738
1661 1739
1662 1663
1662 1738
1662 1739
1662 1740
1663 1664
1663 1739
1663 1740
1663 1741
1664 1740
1664 1741
1664 1742
1665 1666
1665 1743
1665 1744
1665 1745
1666 1667
1666 1744
1666 1745
1666 1746
1667 1668
1667 1745
1667 1746
1667 1747
1668 1669
1668 1746
1668 1747
1669 1747
1670 1671
1670 1748
1670 1749
1670 1750
1671 1672
1671 1749
1671 1750
1671 1751
1672 1673
1672 1750
1672 1751
1672 1752
1673 1674
1673 1751
1673 1752
1673 1753
1674 1675
1674 1752
1674 1753
1675 1676
1675 1753
1675 1754
1676 1754
1676 1755
1677 1756
1677 1757
1677 1758
1678 1679
1678 1758
1678 1759
1678 1760
1679 1759
1679 1760
1680 1681
1680 1761
1681 1761
1681 1762
1682 1683
1682 1762
1682 1763
1683 1684
1683 1763
1683 1764
1684 1685
1684 1764
1684 1765
1685 1686
1685 1764
1685 1765
1685 1766
1686 1687
1686 1765
1686 1766
1686 1767
1687 1688
1687 1766
1687 1767
1687 1768
1688 1689
1688 1767
1688 1768
1688 1769
1689 1768
1689 1769
1690 1770
1690 1771
1691 1692
1691 1771
1691 1772
1691 1773
1692 1772
1692 1773
1692 1774
1693 1694
1693 1776
1693 1777
1693 1778
1694 1777
1694 1778
1694 1779
1695 1696
1695 1779
1695 1780
1695 1781
1696 1697
1696 1780
1696 1781
1696 1782
1697 1698
1697 1781
1697 1782
1697 1783
1698 1699
1698 1782
1698 1783
1698 1784
1699 1700
1699 1783
1699 1784
1700 1701
1700 1784
1700 1785
1701 1702
1701 1785
1701 1786
1702 1703
1702 1785
1702 1786
1703 1704
1703 1786
1703 1787
1704 1705
1704 1787
1704 1788
1705 1706
1705 1787
1705 1788
1705 1789
1706 1707
1706 1788
1706 1789
1707 1708
1707 1789
1707 1790
1708 1709
1708 1790
1709 1710
1709 1790
1709 1791
1710 1711
1710 1791
1710 1792
1711 1712
1711 1791
1711 1792
1711 1793
1712 1713
1712 1792
1712 1793
1712 1794
1713 1714
1713 1793
1713 1794
1713 1795
1714 1794
1714 1795
1714 1796
1715 1716
1715 1796
1715 1797
1716 1717
1716 1797
1716 1798
1717 1718
1717 1797
1717 1798
1717 1799
1718 1719
1718 1798
1718 1799
1718 1800
1719 1799
1719 1800
1719 1801
1720 1721
1720 1802
1720 1803
1720 1804
1721 1722
1721 1803
1721 1804
1721 1805
1722 1723
1722 1804
1722 1805
1722 1806
1723 1724
1723 1805
1723 1806
1723 1807
1724 1725
1724 1806
1724 1807
1724 1808
1725 1726
1725 1807
1725 1808
1725 1809
1726 1808
1726 1809
1726 1810
1727 1728
1727 1811
1727 1812
1728 1811
1728 1812
1728 1813
1729 1813
1729 1814
1730 1731
1730 1815
1730 1816
1731 1732
1731 1815
1731 1816
1731 1817
1732 1733
1732 1816
1732 1817
1732 1818
1733 1734
1733 1817
1733 1818
1733 1819
1734 1818
1734 1819
1734 1820
1735 1736
1735 1820
1735 1821
1735 1822
1736 1737
1736 1821
1736 1822
1736 1823
1737 1738
1737 1822
1737 1823
1737 1824
1738 1739
1738 1823
1738 1824
1739 1740
1739 1824
1739 1825
1740 1741
1740 1825
1741 1742
1741 1825
1741 1826
1742 1826
1743 1744
1743 1827
1743 1828
1744 1745
1744 1827
1744 1828
1744 1829
1745 1746
1745 1828
1745 1829
1745 1830
1746 1747
1746 1829
1746 1830
1746 1831
1747 1830
1747 1831
1748 1749
1748 1832
1749 1750
1749 1832
1749 1833
1750 1751
1750 1833
1750 1834
1751 1752
1751 1833
1751 1834
1752 1753
1752 1834
1752 1835
1753 1835
1753 1836
1754 1755
1754 1836
1754 1837
1754 1838
1755 1756
1755 1837
1755 1838
1756 1757
1756 1838
1756 1839
1757 1758
1757 1839
1757 1840
1758 1759
1758 1839
1758 1840
1758 1841
1759 1760
1759 1840
1759 1841
1759 1842
1760 1841
1760 1842
1761 1843
1762 1763
1762 1843
1762 1844
1763 1844
1763 1845
1764 1765
1764 1845
1764 1846
1764 1847
1765 1766
1765 1846
1765 1847
1765 1848
1766 1767
1766 1847
1766 1848
1766 1849
1767 1768
1767 1848
1767 1849
1767 1850
1768 1769
1768 1849
1768 1850
1769 1850
1769 1851
1770 1771
1770 1851
1771 1772
1771 1852
1772 1773
1772 1852
1772 1853
1773 1774
1773 1852
1773 1853
1773 1854
1774 1775
1774 1853
1774 1854
1775 1776
1775 1854
1775 1855
1776 1777
1776 1855
1777 1778
1777 1855
1777 1856
1778 1779
1778 1856
1778 1857
1779 1780
1779 1856
1779 1857
1779 1858
1780 1781
1780 1857
1780 1858
1780 1859
1781 1782
1781 1858
1781 1859
1781 1860
1782 1783
1782 1859
1782 1860
1782 1861
1783 1784
1783 1860
1783 1861
1783 1862
1784 1861
1784 1862
1784 1863
1785 1786
1785 1863
1785 1864
1785 1865
1786 1864
1786 1865
1786 1866
1787 1788
1787 1866
1787 1867
1788 1789
1788 1867
1788 1868
1789 1867
1789 1868
1790 1869
1790 1870
1791 1792
1791 1870
1791 1871
1792 1793
1792 1871
1792 1872
1793 1794
1793 1872
1793 1873
1794 1795
1794 1872
1794 1873
1794 1874
1795 1796
1795 1873
1795 1874
1795 1875
1796 1874
1796 1875
1796 1876
1797 1798
1797 1876
1797 1877
1798 1799
1798 1877
1798 1878
1799 1800
1799 1877
1799 1878
1799 1879
1800 1801
1800 1878
1800 1879
1801 1802
1801 1879
1802 1803
1802 1880
1803 1804
1803 1880
1803 1881
1804 1805
1804 1880
1804 1881
1804 1882
1805 1806
1805 1881
1805 1882
1805 1883
1806 1807
1806 1882
1806 1883
1806 1884
1807 1808
1807 1883
1807 1884
1807 1885
1808 1809
1808 1884
1808 1885
1809 1810
1809 1885
1809 1886
1810 1886
1810 1887
1811 1812
1811 1887
1811 1888
1811 1889
1812 1813
1812 1888
1812 1889
1812 1890
1813 1814
1813 1889
1813 1890
1813 1891
1814 1890
1814 1891
1814 1892
1815 1816
1815 1892
1815 1893
1815 1894
1816 1817
1816 1893
1816 1894
1816 1895
1817 1818
1817 1894
1817 1895
1818 1819
1818 1895
1818 1896
1819 1820
1819 1896
1819 1897
1820 1821
1820 1896
1820 1897
1820 1898
1821 1822
1821 1897
1821 1898
1821 1899
1822 1823
1822 1898
1822 1899
1822 1900
1823 1824
1823 1899
1823 1900
1823 1901
1824 1900
1824 1901
1824 1902
1825 1902
1825 1903
1825 1904
1826 1904
1826 1905
1827 1828
1827 1906
1828 1829
1828 1906
1829 1830
1829 1906
1829 1907
1830 1831
1830 1907
1830 1908
1831 1907
1831 1908
1831 1909
1832 1910
1832 1911
1833 1834
1833 1911
1833 1912
1833 1913
1834 1912
1834 1913
1834 1914
1835 1836
1835 1914
1835 1915
1835 1916
1836 1837
1836 1915
1836 1916
1836 1917
1837 1838
1837 1916
1837 1917
1837 1918
1838 1917
1838 1918
1838 1919
1839 1840
1839 1919
1839 1920
1840 1841
1840 1920
1840 1921
1841 1842
1841 1920
1841 1921
1841 1922
1842 1921
1842 1922
1843 1923
1843 1924
1844 1845
1844 1925
1844 1926
1845 1846
1845 1925
1845 1926
1845 1927
1846 1847
1846 1926
1846 1927
1846 1928
1847 1848
1847 1927
1847 1928
1847 1929
1848 1849
1848 1928
1848 1929
1848 1930
1849 1850
1849 1929
1849 1930
1849 1931
1850 1930
1850 1931
1850 1932
1851 1932
1851 1933
1851 1934
1852 1853
1852 1935
1852 1936
1853 1854
1853 1936
1853 1937
1854 1937
1854 1938
1855 1938
1855 1939
1855 1940
1856 1857
1856 1940
1856 1941
1857 1858
1857 1941
1857 1942
1858 1859
1858 1941
1858 1942
1858 1943
1859 1860
1859 1942
1859 1943
1859 1944
1860 1861
1860 1943
1860 1944
1860 1945
1861 1862
1861 1944
1861 1945
1861 1946
1862 1863
1862 1945
1862 1946
1863 1864
1863 1946
1864 1865
1864 1947
1865 1866
1865 1947
1865 1948
1866 1947
1866 1948
1866 1949
1867 1868
1867 1949
1867 1950
1868 1950
1869 1870
1869 1951
1870 1871
1870 1951
1870 1952
1871 1952
1871 1953
1872 1873
1872 1953
1872 1954
1872 1955
1873 1874
1873 1954
1873 1955
1874 1875
1874 1955
1874 1956
1875 1876
1875 1956
1876 1956
1876 1957
1877 1878
1877 1957
1877 1958
1878 1879
1878 1958
1878 1959
1879 1959
1879 1960
1880 1881
1880 1961
1881 1882
1881 1961
1882 1883
1882 1961
1882 1962
1883 1884
1883 1962
1883 1963
1884 1885
1884 1962
1884 1963
1884 1964
1885 1963
1885 1964
1886 1887
1886 1965
1886 1966
1887 1888
1887 1965
1887 1966
1887 1967
1888 1889
1888 1966
1888 1967
1888 1968
1889 1890
1889 1967
1889 1968
1889 1969
1890 1891
1890 1968
1890 1969
1890 1970
1891 1892
1891 1969
1891 1970
1891 1971
1892 1893
1892 1970
1892 1971
1892 1972
1893 1894
1893 1971
1893 1972
1893 1973
1894 1895
1894 1972
1894 1973
1894 1974
1895 1973
1895 1974
1895 1975
1896 1897
1896 1975
1896 1976
1896 1977
1897 1898
1897 1976
1897 1977
1897 1978
1898 1899
1898 1977
1898 1978
1898 1979
1899 1900
1899 1978
1899 1979
1899 1980
1900 1901
1900 1979
1900 1980
1900 1981
1901 1902
1901 1980
1901 1981
1901 1982
1902 1903
1902 1981
1902 1982
1902 1983
1903 1904
1903 1982
1903 1983
1903 1984
1904 1905
1904 1983
1904 1984
1904 1985
1905 1984
1905 1985
1905 1986
1906 1987
1906 1988
1906 1989
1907 1908
1907 1989
1907 1990
1907 1991
1908 1909
1908 1990
1908 1991
1909 1991
1909 1992
1910 1911
1910 1992
1910 1993
1911 1912
1911 1993
1911 1994
1912 1913
1912 1994
1912 1995
1913 1914
1913 1994
1913 1995
1913 1996
1914 1915
1914 1995
1914 1996
1914 1997
1915 1916
1915 1996
1915 1997
1916 1917
1916 1997
1916 1998
1917 1918
1917 1998
1917 1999
1918 1919
1918 1998
1918 1999
1918 2000
1919 1999
1919 2000
1919 2001
1920 1921
1920 2001
1920 2002
1920 2003
1921 1922
1921 2002
1921 2003
1922 2003
1923 1924
1923 2004
1923 2005
1924 2004
1924 2005
1924 2006
1925 1926
1925 2006
1925 2007
1926 1927
1926 2007
1926 2008
1927 1928
1927 2008
1927 2009
1928 1929
1928 2008
1928 2009
1928 2010
1929 1930
1929 2009
1929 2010
1929 2011
1930 1931
1930 2010
1930 2011
1930 2012
1931 1932
1931 2011
1931 2012
1931 2013
1932 1933
1932 2012
1932 2013
1932 2014
1933 1934
1933 2013
1933 2014
1933 2015
1934 1935
1934 2014
1934 2015
1934 2016
1935 1936
1935 2015
1935 2016
1936 2016
1936 2017
1937 1938
1937 2017
1937 2018
1937 2019
1938 1939
1938 2018
1938 2019
1938 2020
1939 1940
1939 2019
1939 2020
1939 2021
1940 2020
1940 2021
1941 1942
1941 2022
1942 1943
1942 2022
1942 2023
1943 1944
1943 2023
1943 2024
1944 1945
1944 2023
1944 2024
1945 1946
1945 2024
1945 2025
1946 2025
1946 2026
1947 1948
1947 2027
1947 2028
1947 2029
1948 1949
1948 2028
1948 2029
1948 2030
1949 2029
1949 2030
1949 2031
1950 2031
1951 2032
1951 2033
1952 1953
1952 2033
1952 2034
1952 2035
1953 1954
1953 2034
1953 2035
1953 2036
1954 1955
1954 2035
1954 2036
1955 2036
1955 2037
1956 2037
1956 2038
1957 1958
1957 2038
1957 2039
1957 2040
1958 2039
1958 2040
1958 2041
1959 1960
1959 2041
1959 2042
1959 2043
1960 2042
1960 2043
1960 2044
1961 2045
1961 2046
1962 1963
1962 2046
1962 2047
1963 1964
1963 2047
1963 2048
1964 2047
1964 2048
1964 2049
1965 1966
1965 2049
1966 1967
1966 2050
1967 1968
1967 2050
1967 2051
1968 1969
1968 2050
1968 2051
1968 2052
1969 1970
1969 2051
1969 2052
1970 1971
1970 2052
1970 2053
1971 1972
1971 2053
1971 2054
1972 1973
1972 2053
1972 2054
1972 2055
1973 1974
1973 2054
1973 2055
1974 1975
1974 2055
1974 2056
1975 1976
1975 2056
1975 2057
1976 1977
1976 2056
1976 2057
1976 2058
1977 1978
1977 2057
1977 2058
1978 1979
1978 2058
1978 2059
1979 1980
1979 2059
1979 2060
1980 1981
1980 2059
1980 2060
1980 2061
1981 1982
1981 2060
1981 2061
1981 2062
1982 1983
1982 2061
1982 2062
1983 1984
1983 2062
1983 2063
1984 1985
1984 2063
1985 1986
1985 2063
1986 1987
1986 2064
1987 1988
1987 2064
1987 2065
1988 1989
1988 2064
1988 2065
1988 2066
1989 1990
1989 2065
1989 2066
1989 2067
1990 1991
1990 2066
1990 2067
1990 2068
1991 2067
1991 2068
1991 2069
1992 1993
1992 2069
1992 2070
1993 2070
1994 1995
1994 2071
1995 1996
1995 2071
1996 1997
1996 2071
1996 2072
1997 2072
1997 2073
1998 1999
1998 2073
1998 2074
1998 2075
1999 2000
1999 2074
1999 2075
1999 2076
2000 2001
2000 2075
2000 2076
2000 2077
2001 2002
2001 2076
2001 2077
2001 2078
2002 2003
2002 2077
2002 2078
2002 2079
2003 2078
2003 2079
2003 2080
2004 2005
2004 2081
2004 2082
2005 2006
2005 2081
2005 2082
2005 2083
2006 2007
2006 2082
2006 2083
2006 2084
2007 2083
2007 2084
2007 2085
2008 2009
2008 2085
2008 2086
2008 2087
2009 2010
2009 2086
2009 2087
2009 2088
2010 2011
2010 2087
2010 2088
2010 2089
2011 2012
2011 2088
2011 2089
2011 2090
2012 2013
2012 2089
2012 2090
2012 2091
2013 2014
2013 2090
2013 2091
2013 2092
2014 2015
2014 2091
2014 2092
2014 2093
2015 2016
2015 2092
2015 2093
2015 2094
2016 2093
2016 2094
2016 2095
2017 2018
2017 2095
2017 2096
2017 2097
2018 2019
2018 2096
2018 2097
2019 2020
2019 2097
2019 2098
2020 2021
2020 2098
2020 2099
2021 2098
2021 2099
2021 2100
2022 2100
2022 2101
2023 2024
2023 2102
2024 2102
2024 2103
2025 2026
2025 2103
2025 2104
2025 2105
2026 2027
2026 2104
2026 2105
2026 2106
2027 2028
2027 2105
2027 2106
2027 2107
2028 2029
2028 2106
2028 2107
2028 2108
2029 2030
2029 2107
2029 2108
2029 2109
2030 2031
2030 2108
2030 2109
2031 2109
2031 2110
2032 2033
2032 2111
2032 2112
2033 2034
2033 2112
2034 2035
2034 2113
2035 2036
2035 2113
2035 2114
2036 2113
2036 2114
2036 2115
2037 2115
2037 2116
2038 2039
2038 2116
2038 2117
2039 2040
2039 2117
2039 2118
2040 2041
2040 2117
2040 2118
2040 2119
2041 2042
2041 2118
2041 2119
2041 2120
2042 2043
2042 2119
2042 2120
2042 2121
2043 2044
2043 2120
2043 2121
2043 2122
2044 2121
2044 2122
2044 2123
2045 2046
2045 2123
2045 2124
2045 2125
2046 2124
2046 2125
2046 2126
2047 2048
2047 2126
2047 2127
2048 2049
2048 2127
2048 2128
2049 2127
2049 2128
2049 2129
2050 2051
2050 2130
2050 2131
2051 2052
2051 2131
2051 2132
2052 2132
2052 2133
2053 2054
2053 2133
2053 2134
2053 2135
2054 2055
2054 2134
2054 2135
2054 2136
2055 2135
2055 2136
2055 2137
2056 2057
2056 2137
2056 2138
2056 2139
2057 2058
2057 2138
2057 2139
2057 2140
2058 2139
2058 2140
2058 2141
2059 2060
2059 2141
2059 2142
2059 2143
2060 2061
2060 2142
2060 2143
2061 2062
2061 2143
2061 2144
2062 2144
2063 2145
2064 2065
2064 2146
2064 2147
2065 2066
2065 2146
2065 2147
2066 2067
2066 2147
2066 2148
2067 2068
2067 2148
2067 2149
2068 2069
2068 2148
2068 2149
2069 2149
2070 2150
2070 2151
2071 2152
2071 2153
2072 2073
2072 2153
2072 2154
2073 2074
2073 2154
2073 2155
2074 2075
2074 2154
2074 2155
2075 2076
2075 2155
2076 2077
2076 2156
2077 2078
2077 2156
2077 2157
2078 2079
2078 2156
2078 2157
2078 2158
2079 2080
2079 2157
2079 2158
2080 2158
2081 2082
2081 2159
2082 2083
2082 2159
2082 2160
2083 2084
2083 2160
2083 2161
2084 2085
2084 2160
2084 2161
2084 2162
2085 2086
2085 2161
2085 2162
2085 2163
2086 2087
2086 2162
2086 2163
2087 2088
2087 2163
2087 2164
2088 2089
2088 2164
2088 2165
2089 2090
2089 2164
2089 2165
2089 2166
2090 2091
2090 2165
2090 2166
2090 2167
2091 2092
2091 2166
2091 2167
2091 2168
2092 2093
2092 2167
2092 2168
2092 2169
2093 2094
2093 2168
2093 2169
2093 2170
2094 2095
2094 2169
2094 2170
2094 2171
2095 2096
2095 2170
2095 2171
2095 2172
2096 2097
2096 2171
2096 2172
2096 2173
2097 2172
2097 2173
2098 2099
2098 2174
2099 2100
2099 2174
2099 2175
2100 2101
2100 2174
2100 2175
2100 2176
2101 2175
2101 2176
2102 2103
2102 2177
2102 2178
2102 2179
2103 2104
2103 2178
2103 2179
2103 2180
2104 2105
2104 2179
2104 2180
2104 2181
2105 2106
2105 2180
2105 2181
2105 2182
2106 2107
2106 2181
2106 2182
2106 2183
2107 2108
2107 2182
2107 2183
2107 2184
2108 2109
2108 2183
2108 2184
2108 2185
2109 2184
2109 2185
2109 2186
2110 2111
2110 2186
2110 2187
2111 2112
2111 2187
2111 2188
2112 2187
2112 2188
2112 2189
2113 2114
2113 2190
2114 2115
2114 2190
2114 2191
2115 2190
2115 2191
2115 2192
2116 2192
2116 2193
2116 2194
2117 2118
2117 2194
2117 2195
2118 2119
2118 2195
2118 2196
2119 2120
2119 2196
2119 2197
2120 2121
2120 2196
2120 2197
2120 2198
2121 2122
2121 2197
2121 2198
2121 2199
2122 2123
2122 2198
2122 2199
2122 2200
2123 2124
2123 2199
2123 2200
2124 2125
2124 2200
2124 2201
2125 2126
2125 2201
2125 2202
2126 2201
2126 2202
2126 2203
2127 2128
2127 2203
2127 2204
2127 2205
2128 2129
2128 2204
2128 2205
2128 2206
2129 2130
2129 2205
2129 2206
2129 2207
2130 2131
2130 2206
2130 2207
2131 2207
2131 2208
2132 2133
2132 2208
2132 2209
2133 2134
2133 2209
2133 2210
2134 2135
2134 2210
2134 2211
2135 2136
2135 2210
2135 2211
2135 2212
2136 2137
2136 2211
2136 2212
2136 2213
2137 2138
2137 2212
2137 2213
2137 2214
2138 2139
2138 2213
2138 2214
2138 2215
2139 2140
2139 2214
2139 2215
2139 2216
2140 2141
2140 2215
2140 2216
2140 2217
2141 2142
2141 2216
2141 2217
2141 2218
2142 2143
2142 2217
2142 2218
2142 2219
2143 2218
2143 2219
2144 2220
2145 2221
2145 2222
2146 2147
2146 2223
2146 2224
2147 2224
2147 2225
2148 2149
2148 2225
2148 2226
2149 2226
2149 2227
2150 2151
2150 2228
2150 2229
2151 2228
2151 2229
2151 2230
2152 2153
2152 2230
2152 2231
2153 2231
2153 2232
2154 2155
2154 2232
2154 2233
2154 2234
2155 2233
2155 2234
2155 2235
2156 2157
2156 2236
2156 2237
2156 2238
2157 2158
2157 2237
2157 2238
2157 2239
2158 2238
2158 2239
2159 2240
2160 2161
2160 2241
2161 2162
2161 2241
2161 2242
2162 2163
2162 2242
2162 2243
2163 2242
2163 2243
2163 2244
2164 2165
2164 2244
2164 2245
2164 2246
2165 2166
2165 2245
2165 2246
2165 2247
2166 2167
2166 2246
2166 2247
2167 2168
2167 2247
2167 2248
2168 2169
2168 2248
2168 2249
2169 2170
2169 2248
2169 2249
2169 2250
2170 2171
2170 2249
2170 2250
2170 2251
2171 2172
2171 2250
2171 2251
2171 2252
2172 2173
2172 2251
2172 2252
2173 2252
2173 2253
2174 2175
2174 2254
2174 2255
2175 2176
2175 2254
2175 2255
2175 2256
2176 2255
2176 2256
2176 2257
2177 2178
2177 2257
2177 2258
2177 2259
2178 2179
2178 2258
2178 2259
2178 2260
2179 2180
2179 2259
2179 2260
2179 2261
2180 2181
2180 2260
2180 2261
2180 2262
2181 2182
2181 2261
2181 2262
2182 2183
2182 2262
2183 2184
2183 2263
2184 2185
2184 2263
2184 2264
2185 2186
2185 2263
2185 2264
2185 2265
2186 2264
2186 2265
2186 2266
2187 2188
2187 2266
2187 2267
2187 2268
2188 2189
2188 2267
2188 2268
2188 2269
2189 2268
2189 2269
2190 2191
2190 2270
2190 2271
2191 2192
2191 2271
2191 2272
2192 2193
2192 2272
2192 2273
2193 2194
2193 2272
2193 2273
2193 2274
2194 2195
2194 2273
2194 2274
2194 2275
2195 2274
2195 2275
2196 2197
2196 2276
2196 2277
2197 2198
2197 2276
2197 2277
2197 2278
2198 2199
2198 2277
2198 2278
2198 2279
2199 2200
2199 2278
2199 2279
2200 2279
2200 2280
2201 2202
2201 2280
2201 2281
2201 2282
2202 2203
2202 2281
2202 2282
2202 2283
2203 2204
2203 2282
2203 2283
2203 2284
2204 2205
2204 2283
2204 2284
2204 2285
2205 2206
2205 2284
2205 2285
2205 2286
2206 2207
2206 2285
2206 2286
2206 2287
2207 2286
2207 2287
2208 2209
2208 2288
2209 2288
2209 2289
2210 2211
2210 2289
2210 2290
2210 2291
2211 2212
2211 2290
2211 2291
2211 2292
2212 2213
2212 2291
2212 2292
2213 2214
2213 2292
2213 2293
2214 2215
2214 2293
2214 2294
2215 2216
2215 2293
2215 2294
2215 2295
2216 2217
2216 2294
2216 2295
2217 2218
2217 2295
2217 2296
2218 2219
2218 2296
2218 2297
2219 2296
2219 2297
2219 2298
2220 2298
2220 2299
2221 2222
2221 2300
2221 2301
2222 2223
2222 2300
2222 2301
2222 2302
2223 2224
2223 2301
2223 2302
2223 2303
2224 2302
2224 2303
2225 2226
2226 2304
2227 2304
2227 2305
2227 2306
2228 2229
2228 2306
2228 2307
2228 2308
2229 2230
2229 2307
2229 2308
2229 2309
2230 2231
2230 2308
2230 2309
2230 2310
2231 2309
2231 2310
2231 2311
2232 2233
2232 2311
2232 2312
2232 2313
2233 2234
2233 2312
2233 2313
2233 2314
2234 2235
2234 2313
2234 2314
2234 2315
2235 2236
2235 2314
2235 2315
2235 2316
2236 2237
2236 2315
2236 2316
2236 2317
2237 2238
2237 2316
2237 2317
2237 2318
2238 2239
2238 2317
2238 2318
2238 2319
2239 2318
2239 2319
2239 2320
2240 2321
2240 2322
2241 2322
2241 2323
2242 2243
2242 2324
2242 2325
2243 2244
2243 2324
2243 2325
2243 2326
2244 2245
2244 2325
2244 2326
2244 2327
2245 2246
2245 2326
2245 2327
2245 2328
2246 2247
2246 2327
2246 2328
2247 2328
2247 2329
2248 2249
2248 2329
2248 2330
2249 2250
2249 2330
2249 2331
2250 2251
2250 2330
2250 2331
2250 2332
2251 2252
2251 2331
2251 2332
2251 2333
2252 2332
2252 2333
2252 2334
2253 2334
2253 2335
2253 2336
2254 2255
2254 2336
2254 2337
2255 2256
2255 2337
2255 2338
2256 2257
2256 2337
2256 2338
2256 2339
2257 2258
2257 2338
2257 2339
2257 2340
2258 2259
2258 2339
2258 2340
2258 2341
2259 2260
2259 2340
2259 2341
2260 2261
2260 2341
2260 2342
2261 2262
2261 2342
2261 2343
2262 2342
2262 2343
2262 2344
2263 2264
2263 2345
2263 2346
2263 2347
2264 2265
2264 2346
2264 2347
2264 2348
2265 2266
2265 2347
2265 2348
2265 2349
2266 2267
2266 2348
2266 2349
2266 2350
2267 2268
2267 2349
2267 2350
2268 2269
2268 2350
2268 2351
2269 2351
2269 2352
2270 2271
2270 2352
2270 2353
2270 2354
2271 2353
2271 2354
2271 2355
2272 2273
2272 2355
2272 2356
2272 2357
2273 2274
2273 2356
2273 2357
2273 2358
2274 2275
2274 2357
2274 2358
2274 2359
2275 2358
2275 2359
2276 2277
2276 2360
2276 2361
2277 2278
2277 2360
2277 2361
2277 2362
2278 2279
2278 2361
2278 2362
2278 2363
2279 2362
2279 2363
2279 2364
2280 2281
2280 2364
2281 2282
2281 2365
2282 2283
2282 2365
2282 2366
2283 2284
2283 2365
2283 2366
2283 2367
2284 2285
2284 2366
2284 2367
2284 2368
2285 2286
2285 2367
2285 2368
2285 2369
2286 2287
2286 2368
2286 2369
2286 2370
2287 2369
2287 2370
2287 2371
2288 2371
2288 2372
2289 2290
2289 2373
2289 2374
2290 2291
2290 2373
2290 2374
2291 2292
2291 2374
2291 2375
2292 2375
2293 2294
2293 2376
2294 2295
2294 2376
2294 2377
2295 2376
2295 2377
2295 2378
2296 2297
2296 2378
2296 2379
2297 2298
2297 2379
2297 2380
2298 2299
2298 2379
2298 2380
2298 2381
2299 2380
2299 2381
2300 2301
2300 2382
2300 2383
2301 2302
2301 2382
2301 2383
2301 2384
2302 2303
2302 2383
2302 2384
2302 2385
2303 2384
2303 2385
2303 2386
2304 2305
2304 2388
2305 2306
2305 2389
2306 2307
2306 2389
2306 2390
2307 2308
2307 2389
2307 2390
2307 2391
2308 2309
2308 2390
2308 2391
2309 2310
2309 2391
2309 2392
2310 2311
2310 2392
2310 2393
2311 2312
2311 2392
2311 2393
2311 2394
2312 2313
2312 2393
2312 2394
2312 2395
2313 2314
2313 2394
2313 2395
2314 2315
2314 2395
2314 2396
2315 2316
2315 2396
2315 2397
2316 2317
2316 2396
2316 2397
2316 2398
2317 2318
2317 2397
2317 2398
2317 2399
2318 2319
2318 2398
2318 2399
2318 2400
2319 2320
2319 2399
2319 2400
2319 2401
2320 2400
2320 2401
2321 2322
2321 2402
2321 2403
2322 2323
2322 2402
2322 2403
2322 2404
2323 2403
2323 2404
2323 2405
2324 2325
2324 2405
2324 2406
2325 2326
2325 2406
2325 2407
2326 2327
2326 2407
2327 2328
2327 2407
2327 2408
2328 2408
2328 2409
2329 2409
2330 2331
2330 2410
2331 2332
2331 2410
2331 2411
2332 2333
2332 2410
2332 2411
2332 2412
2333 2334
2333 2411
2333 2412
2333 2413
2334 2335
2334 2412
2334 2413
2334 2414
2335 2336
2335 2413
2335 2414
2336 2414
2336 2415
2337 2338
2337 2415
2337 2416
2337 2417
2338 2339
2338 2416
2338 2417
2338 2418
2339 2340
2339 2417
2339 2418
2339 2419
2340 2341
2340 2418
2340 2419
2340 2420
2341 2419
2341 2420
2342 2343
2342 2421
2342 2422
2343 2344
2343 2421
2343 2422
2343 2423
2344 2345
2344 2422
2344 2423
2344 2424
2345 2346
2345 2423
2345 2424
2346 2347
2346 2424
2346 2425
2347 2348
2347 2425
2347 2426
2348 2349
2348 2425
2348 2426
2348 2427
2349 2350
2349 2426
2349 2427
2350 2427
2350 2428
2351 2352
2351 2428
2351 2429
2351 2430
2352 2353
2352 2429
2352 2430
2352 2431
2353 2354
2353 2430
2353 2431
2353 2432
2354 2355
2354 2431
2354 2432
2354 2433
2355 2356
2355 2432
2355 2433
2355 2434
2356 2357
2356 2433
2356 2434
2356 2435
2357 2358
2357 2434
2357 2435
2357 2436
2358 2359
2358 2435
2358 2436
2358 2437
2359 2436
2359 2437
2359 2438
2360 2361
2360 2438
2360 2439
2361 2362
2361 2439
2361 2440
2362 2363
2362 2440
2362 2441
2363 2364
2363 2440
2363 2441
2363 2442
2364 2441
2364 2442
2365 2366
2365 2443
2365 2444
2365 2445
2366 2367
2366 2444
2366 2445
2366 2446
2367 2368
2367 2445
2367 2446
2367 2447
2368 2369
2368 2446
2368 2447
2368 2448
2369 2370
2369 2447
2369 2448
2369 2449
2370 2371
2370 2448
2370 2449
2370 2450
2371 2372
2371 2449
2371 2450
2371 2451
2372 2450
2372 2451
2372 2452
2373 2374
2373 2452
2373 2453
2373 2454
2374 2453
2374 2454
2374 2455
2375 2455
2375 2456
2376 2377
2376 2457
2376 2458
2377 2378
2377 2458
2377 2459
2378 2458
2378 2459
2379 2380
2379 2460
2380 2381
2380 2460
2380 2461
2381 2460
2381 2461
2381 2462
2382 2383
2382 2462
2382 2463
2383 2384
2383 2463
2384 2385
2384 2463
2384 2464
2385 2386
2385 2464
2385 2465
2386 2387
2386 2464
2386 2465
2386 2466
2387 2388
2387 2465
2387 2466
2387 2467
2388 2466
2388 2467
2388 2468
2389 2390
2389 2469
2389 2470
2390 2391
2390 2469
2390 2470
2390 2471
2391 2470
2391 2471
2391 2472
2392 2393
2392 2472
2392 2473
2392 2474
2393 2394
2393 2473
2393 2474
2393 2475
2394 2395
2394 2474
2394 2475
2394 2476
2395 2475
2395 2476
2395 2477
2396 2397
2396 2477
2396 2478
2396 2479
2397 2398
2397 2478
2397 2479
2398 2399
2398 2479
2399 2400
2400 2401
2400 2480
2401 2480
2402 2403
2402 2481
2402 2482
2403 2404
2403 2481
2403 2482
2403 2483
2404 2405
2404 2482
2404 2483
2404 2484
2405 2406
2405 2483
2405 2484
2405 2485
2406 2484
2406 2485
2406 2486
2407 2486
2407 2487
2408 2409
2408 2488
2408 2489
2409 2488
2409 2489
2409 2490
2410 2411
2410 2492
2411 2412
2411 2493
2412 2413
2412 2493
2412 2494
2413 2414
2413 2493
2413 2494
2413 2495
2414 2494
2414 2495
2414 2496
2415 2416
2415 2496
2415 2497
2415 2498
2416 2417
2416 2497
2416 2498
2416 2499
2417 2418
2417 2498
2417 2499
2417 2500
2418 2419
2418 2499
2418 2500
2418 2501
2419 2420
2419 2500
2419 2501
2420 2501
2420 2502
2421 2422
2421 2502
2421 2503
2421 2504
2422 2423
2422 2503
2422 2504
2423 2424
2423 2504
2425 2426
2425 2505
2425 2506
2426 2427
2426 2505
2426 2506
2426 2507
2427 2506
2427 2507
2427 2508
2428 2429
2428 2508
2428 2509
2429 2430
2429 2509
2429 2510
2430 2431
2430 2509
2430 2510
2430 2511
2431 2432
2431 2510
2431 2511
2431 2512
2432 2433
2432 2511
2432 2512
2432 2513
2433 2434
2433 2512
2433 2513
2433 2514
2434 2435
2434 2513
2434 2514
2434 2515
2435 2436
2435 2514
2435 2515
2436 2437
2436 2515
2436 2516
2437 2438
2437 2516
2437 2517
2438 2439
2438 2516
2438 2517
2439 2517
2439 2518
2440 2441
2440 2518
2440 2519
2441 2442
2441 2519
2441 2520
2442 2520
2442 2521
2443 2444
2443 2521
2443 2522
2444 2445
2444 2522
2444 2523
2445 2446
2445 2522
2445 2523
2445 2524
2446 2447
2446 2523
2446 2524
2446 2525
2447 2448
2447 2524
2447 2525
2447 2526
2448 2449
2448 2525
2448 2526
2449 2450
2449 2526
2449 2527
2450 2451
2450 2527
2451 2452
2451 2527
2451 2528
2452 2453
2452 2528
2452 2529
2453 2454
2453 2528
2453 2529
2454 2455
2454 2529
2454 2530
2455 2530
2455 2531
2456 2457
2456 2531
2456 2532
2456 2533
2457 2532
2457 2533
2457 2534
2458 2459
2458 2534
2458 2535
2459 2535
2460 2461
2460 2536
2460 2537
2461 2462
2461 2537
2461 2538
2462 2538
2462 2539
2463 2539
2463 2540
2464 2465
2464 2540
2464 2541
2464 2542
2465 2466
2465 2541
2465 2542
2465 2543
2466 2467
2466 2542
2466 2543
2466 2544
2467 2468
2467 2543
2467 2544
2468 2544
2468 2545
2469 2470
2469 2545
2469 2546
2469 2547
2470 2471
2470 2546
2470 2547
2470 2548
2471 2472
2471 2547
2471 2548
2471 2549
2472 2473
2472 2548
2472 2549
2473 2474
2473 2549
2473 2550
2474 2475
2474 2550
2474 2551
2475 2476
2475 2550
2475 2551
2476 2477
2476 2551
2476 2552
2477 2478
2477 2552
2477 2553
2478 2479
2478 2552
2478 2553
2479 2553
2479 2554
2480 2556
2481 2482
2482 2483
2482 2557
2483 2484
2483 2557
2483 2558
2484 2485
2484 2557
2484 2558
2484 2559
2485 2486
2485 2558
2485 2559
2485 2560
2486 2487
2486 2559
2486 2560
2486 2561
2487 2560
2487 2561
2487 2562
2488 2489
2488 2562
2489 2490
2489 2563
2490 2491
2490 2563
2491 2492
2491 2563
2492 2564
2493 2494
2493 2565
2493 2566
2493 2567
2494 2495
2494 2566
2494 2567
2494 2568
2495 2496
2495 2567
2495 2568
2495 2569
2496 2497
2496 2568
2496 2569
2496 2570
2497 2498
2497 2569
2497 2570
2497 2571
2498 2499
2498 2570
2498 2571
2498 2572
2499 2500
2499 2571
2499 2572
2499 2573
2500 2501
2500 2572
2500 2573
2501 2573
2501 2574
2502 2503
2502 2574
2502 2575
2503 2504
2503 2575
2503 2576
2504 2575
2504 2576
2504 2577
2505 2506
2505 2578
2505 2579
2505 2580
2506 2507
2506 2579
2506 2580
2507 2508
2507 2580
2507 2581
2508 2581
2508 2582
2509 2510
2509 2582
2509 2583
2509 2584
2510 2511
2510 2583
2510 2584
2510 2585
2511 2512
2511 2584
2511 2585
2511 2586
2512 2513
2512 2585
2512 2586
2512 2587
2513 2514
2513 2586
2513 2587
2514 2515
2514 2587
2514 2588
2515 2588
2515 2589
2516 2517
2516 2589
2516 2590
2517 2590
2517 2591
2518 2519
2518 2591
2518 2592
2518 2593
2519 2592
2519 2593
2519 2594
2520 2521
2520 2594
2521 2595
2522 2523
2522 2595
2522 2596
2522 2597
2523 2524
2523 2596
2523 2597
2523 2598
2524 2525
2524 2597
2524 2598
2524 2599
2525 2526
2525 2598
2525 2599
2525 2600
2526 2599
2526 2600
2526 2601
2527 2601
2527 2602
2527 2603
2528 2529
2528 2603
2528 2604
2529 2604
2530 2531
2530 2605
2531 2532
2531 2605
2531 2606
2532 2533
2532 2605
2532 2606
2532 2607
2533 2534
2533 2606
2533 2607
2533 2608
2534 2535
2534 2607
2534 2608
2534 2609
2535 2608
2535 2609
2535 2610
2536 2537
2536 2611
2536 2612
2536 2613
2537 2612
2537 2613
2538 2539
2539 2614
2540 2541
2540 2614
2540 2615
2540 2616
2541 2542
2541 2615
2541 2616
2542 2543
2542 2616
2542 2617
2543 2544
2543 2617
2543 2618
2544 2617
2544 2618
2544 2619
2545 2546
2545 2619
2545 2620
2546 2547
2546 2620
2546 2621
2547 2548
2547 2620
2547 2621
2548 2549
2548 2621
2548 2622
2549 2622
2549 2623
2550 2551
2550 2623
2550 2624
2550 2625
2551 2624
2551 2625
2551 2626
2552 2553
2552 2626
2552 2627
2552 2628
2553 2627
2553 2628
2553 2629
2554 2555
2554 2629
2554 2630
2554 2631
2555 2630
2555 2631
2555 2632
2556 2632
2556 2633
2557 2558
2557 2634
2557 2635
2558 2559
2558 2635
2558 2636
2559 2560
2559 2636
2559 2637
2560 2561
2560 2636
2560 2637
2561 2562
2561 2637
2562 2638
2563 2639
2563 2640
2564 2565
2564 2641
2564 2642
2564 2643
2565 2566
2565 2642
2565 2643
2565 2644
2566 2567
2566 2643
2566 2644
2566 2645
2567 2568
2567 2644
2567 2645
2567 2646
2568 2569
2568 2645
2568 2646
2568 2647
2569 2570
2569 2646
2569 2647
2569 2648
2570 2571
2570 2647
2570 2648
2570 2649
2571 2572
2571 2648
2571 2649
2571 2650
2572 2573
2572 2649
2572 2650
2572 2651
2573 2650
2573 2651
2573 2652
2574 2652
2574 2653
2575 2576
2575 2653
2575 2654
2575 2655
2576 2577
2576 2654
2576 2655
2576 2656
2577 2655
2577 2656
2578 2579
2578 2657
2578 2658
2579 2580
2579 2657
2579 2658
2580 2658
2580 2659
2581 2582
2581 2659
2581 2660
2582 2583
2582 2660
2582 2661
2583 2584
2583 2661
2584 2585
2584 2661
2584 2662
2585 2586
2585 2662
2586 2587
2586 2662
2587 2663
2588 2589
2588 2663
2588 2664
2588 2665
2589 2590
2589 2664
2589 2665
2589 2666
2590 2665
2590 2666
2590 2667
2591 2592
2591 2667
2591 2668
2591 2669
2592 2593
2592 2668
2592 2669
2592 2670
2593 2594
2593 2669
2593 2670
2593 2671
2594 2670
2594 2671
2594 2672
2595 2596
2595 2673
2595 2674
2595 2675
2596 2597
2596 2674
2596 2675
2597 2598
2597 2675
2598 2599
2598 2676
2599 2600
2599 2676
2599 2677
2600 2601
2600 2676
2600 2677
2600 2678
2601 2602
2601 2677
2601 2678
2601 2679
2602 2603
2602 2678
2602 2679
2603 2679
2603 2680
2604 2680
2604 2681
2605 2606
2605 2682
2605 2683
2606 2607
2606 2683
2606 2684
2607 2608
2607 2683
2607 2684
2608 2609
2608 2684
2608 2685
2609 2610
2609 2685
2610 2611
2610 2685
2611 2612
2612 2613
2612 2686
2613 2686
2613 2687
2614 2615
2614 2689
2614 2690
2614 2691
2615 2616
2615 2690
2615 2691
2615 2692
2616 2691
2616 2692
2617 2618
2617 2693
2617 2694
2618 2619
2618 2693
2618 2694
2618 2695
2619 2694
2619 2695
2619 2696
2620 2621
2620 2696
2620 2697
2621 2697
2621 2698
2622 2623
2622 2698
2622 2699
2622 2700
2623 2624
2623 2699
2623 2700
2623 2701
2624 2625
2624 2700
2624 2701
2625 2626
2625 2701
2625 2702
2626 2627
2626 2702
2627 2628
2627 2702
2628 2629
2628 2703
2629 2630
2629 2703
2629 2704
2630 2631
2630 2703
2630 2704
2631 2632
2631 2704
2631 2705
2632 2633
2632 2705
2632 2706
2633 2705
2633 2706
2634 2635
2634 2707
2634 2708
2635 2708
2635 2709
2636 2637
2636 2709
2636 2710
2636 2711
2637 2710
2637 2711
2637 2712
2638 2713
2638 2714
2639 2640
2639 2714
2639 2715
2640 2641
2640 2715
2640 2716
2641 2642
2641 2716
2641 2717
2642 2643
2642 2716
2642 2717
2642 2718
2643 2644
2643 2717
2643 2718
2643 2719
2644 2645
2644 2718
2644 2719
2644 2720
2645 2646
2645 2719
2645 2720
2645 2721
2646 2647
2646 2720
2646 2721
2646 2722
2647 2648
2647 2721
2647 2722
2648 2649
2648 2722
2649 2650
2650 2651
2650 2723
2651 2652
2651 2723
2652 2723
2652 2724
2653 2654
2653 2724
2653 2725
2654 2655
2654 2725
2654 2726
2655 2656
2655 2726
2655 2727
2656 2726
2656 2727
2656 2728
2657 2658
2657 2728
2657 2729
2658 2729
2658 2730
2659 2660
2659 2730
2659 2731
2660 2731
2660 2732
2661 2732
2661 2733
2662 2733
2663 2664
2663 2734
2663 2735
2664 2665
2664 2735
2664 2736
2665 2666
2665 2736
2665 2737
2666 2667
2666 2736
2666 2737
2667 2668
2667 2737
2668 2669
2669 2670
2669 2738
2670 2671
2670 2738
2670 2739
2671 2672
2671 2738
2671 2739
2671 2740
2672 2673
2672 2739
2672 2740
2672 2741
2673 2674
2673 2740
2673 2741
2673 2742
2674 2675
2674 2741
2674 2742
2674 2743
2675 2742
2675 2743
2676 2677
2676 2744
2676 2745
2676 2746
2677 2678
2677 2745
2677 2746
2678 2679
2678 2746
2678 2747
2679 2747
2680 2748
2680 2749
2681 2682
2681 2749
2681 2750
2681 2751
2682 2750
2682 2751
2682 2752
2683 2684
2683 2752
2683 2753
2683 2754
2684 2753
2684 2754
2684 2755
2685 2755
2685 2756
2686 2687
2686 2758
2686 2759
2686 2760
2687 2688
2687 2759
2687 2760
2687 2761
2688 2689
2688 2760
2688 2761
2688 2762
2689 2690
2689 2761
2689 2762
2689 2763
2690 2691
2690 2762
2690 2763
2691 2692
2691 2763
2691 2764
2692 2764
2693 2694
2693 2765
2694 2695
2694 2765
2694 2766
2695 2696
2695 2765
2695 2766
2696 2697
2696 2766
2697 2767
2698 2699
2698 2767
2698 2768
2699 2700
2699 2768
2699 2769
2700 2701
2700 2768
2700 2769
2700 2770
2701 2769
2701 2770
2701 2771
2702 2771
2702 2772
2702 2773
2703 2704
2703 2774
2703 2775
2703 2776
2704 2775
2704 2776
2704 2777
2705 2706
2705 2777
2705 2778
2706 2778
2707 2779
2707 2780
2708 2709
2708 2780
2708 2781
2709 2710
2709 2781
2709 2782
2710 2711
2710 2781
2710 2782
2711 2712
2711 2782
2712 2783
2713 2714
2713 2783
2713 2784
2713 2785
2714 2715
2714 2784
2714 2785
2714 2786
2715 2785
2715 2786
2715 2787
2716 2717
2716 2787
2716 2788
2717 2718
2717 2788
2717 2789
2718 2719
2718 2788
2718 2789
2718 2790
2719 2720
2719 2789
2719 2790
2719 2791
2720 2721
2720 2790
2720 2791
2721 2722
2721 2791
2721 2792
2722 2792
2722 2793
2723 2795
2723 2796
2723 2797
2724 2725
2724 2797
2724 2798
2724 2799
2725 2798
2725 2799
2725 2800
2726 2727
2726 2800
2726 2801
2726 2802
2727 2728
2727 2801
2727 2802
2728 2802
2728 2803
2729 2730
2729 2803
2729 2804
2730 2804
2731 2732
2731 2805
2731 2806
2732 2805
2732 2806
2733 2807
2733 2808
2734 2735
2734 2809
2734 2810
2734 2811
2735 2810
2735 2811
2735 2812
2736 2737
2736 2812
2736 2813
2737 2813
2738 2739
2738 2814
2738 2815
2738 2816
2739 2740
2739 2815
2739 2816
2739 2817
2740 2741
2740 2816
2740 2817
2741 2742
2741 2817
2742 2743
2742 2818
2743 2818
2743 2819
2744 2745
2744 2819
2744 2820
2744 2821
2745 2746
2745 2820
2745 2821
2745 2822
2746 2821
2746 2822
2746 2823
2747 2823
2747 2824
2747 2825
2748 2749
2748 2825
2748 2826
2748 2827
2749 2750
2749 2826
2749 2827
2750 2751
2750 2827
2750 2828
2751 2752
2751 2828
2751 2829
2752 2753
2752 2828
2752 2829
2752 2830
2753 2754
2753 2829
2753 2830
2753 2831
2754 2755
2754 2830
2754 2831
2754 2832
2755 2756
2755 2831
2755 2832
2755 2833
2756 2832
2756 2833
2756 2834
2757 2758
2757 2834
2757 2835
2758 2759
2758 2835
2759 2760
2759 2836
2760 2761
2760 2836
2760 2837
2761 2762
2761 2836
2761 2837
2761 2838
2762 2763
2762 2837
2762 2838
2762 2839
2763 2838
2763 2839
2763 2840
2764 2840
2764 2841
2765 2766
2765 2842
2765 2843
2765 2844
2766 2843
2766 2844
2766 2845
2767 2846
2767 2847
2767 2848
2768 2769
2768 2848
2768 2849
2769 2770
2769 2849
2769 2850
2770 2771
2770 2849
2770 2850
2770 2851
2771 2772
2771 2850
2771 2851
2772 2773
2772 2851
2773 2774
2773 2852
2774 2775
2774 2852
2775 2776
2775 2852
2775 2853
2776 2777
2776 2853
2777 2853
2778 2854
2779 2780
2780 2855
2781 2782
2781 2855
2781 2856
2781 2857
2782 2856
2782 2857
2782 2858
2783 2784
2783 2859
2783 2860
2783 2861
2784 2785
2784 2860
2784 2861
2785 2786
2785 2861
2785 2862
2786 2787
2786 2862
2786 2863
2787 2862
2787 2863
2788 2789
2788 2864
2789 2790
2789 2864
2790 2791
2790 2865
2791 2865
2792 2793
2792 2866
2792 2867
2793 2794
2793 2866
2793 2867
2793 2868
2794 2795
2794 2867
2794 2868
2794 2869
2795 2796
2795 2868
2795 2869
2795 2870
2796 2797
2796 2869
2796 2870
2796 2871
2797 2798
2797 2870
2797 2871
2797 2872
2798 2799
2798 2871
2798 2872
2799 2800
2799 2872
2799 2873
2800 2801
2800 2873
2800 2874
2801 2802
2801 2873
2801 2874
2802 2874
2802 2875
2803 2875
2803 2876
2804 2877
2804 2878
2805 2806
2805 2878
2805 2879
2806 2879
2807 2808
2808 2809
2808 2880
2809 2810
2809 2880
2809 2881
2810 2811
2810 2880
2810 2881
2810 2882
2811 2812
2811 2881
2811 2882
2811 2883
2812 2882
2812 2883
2812 2884
2813 2884
2813 2885
2813 2886
2814 2815
2814 2887
2814 2888
2815 2816
2815 2887
2815 2888
2815 2889
2816 2817
2816 2888
2816 2889
2817 2889
2818 2819
2818 2890
2818 2891
2819 2820
2819 2890
2819 2891
2820 2821
2820 2891
2820 2892
2821 2822
2821 2892
2821 2893
2822 2823
2822 2892
2822 2893
2822 2894
2823 2824
2823 2893
2823 2894
2823 2895
2824 2825
2824 2894
2824 2895
2824 2896
2825 2826
2825 2895
2825 2896
2825 2897
2826 2827
2826 2896
2826 2897
2826 2898
2827 2897
2827 2898
2827 2899
2828 2829
2828 2899
2828 2900
2828 2901
2829 2830
2829 2900
2829 2901
2829 2902
2830 2831
2830 2901
2830 2902
2831 2832
2831 2902
2832 2833
2832 2903
2833 2834
2833 2903
2833 2904
2834 2835
2834 2903
2834 2904
2835 2904
2835 2905
2836 2837
2836 2906
2836 2907
2837 2838
2837 2907
2837 2908
2838 2839
2838 2908
2839 2840
2839 2908
2840 2909
2841 2842
2841 2909
2842 2843
2842 2910
2843 2844
2843 2910
2843 2911
2844 2845
2844 2910
2844 2911
2844 2912
2845 2846
2845 2911
2845 2912
2845 2913
2846 2847
2846 2912
2846 2913
2846 2914
2847 2848
2847 2913
2847 2914
2847 2915
2848 2914
2848 2915
2848 2916
2849 2850
2849 2916
2849 2917
2849 2918
2850 2851
2850 2917
2850 2918
2850 2919
2851 2918
2851 2919
2851 2920
2852 2921
2852 2922
2852 2923
2853 2923
2853 2924
2854 2925
2854 2926
2855 2856
2855 2928
2855 2929
2855 2930
2856 2857
2856 2929
2856 2930
2856 2931
2857 2858
2857 2930
2857 2931
2857 2932
2858 2859
2858 2931
2858 2932
2858 2933
2859 2860
2859 2932
2859 2933
2860 2861
2860 2933
2861 2934
2862 2863
2862 2934
2862 2935
2862 2936
2863 2935
2863 2936
2863 2937
2864 2937
2864 2938
2864 2939
2865 2940
2865 2941
2865 2942
2866 2867
2866 2942
2866 2943
2866 2944
2867 2868
2867 2943
2867 2944
2867 2945
2868 2869
2868 2944
2868 2945
2868 2946
2869 2870
2869 2945
2869 2946
2869 2947
2870 2871
2870 2946
2870 2947
2871 2872
2871 2947
2871 2948
2872 2948
2872 2949
2873 2874
2873 2949
2873 2950
2873 2951
2874 2950
2874 2951
2874 2952
2875 2876
2875 2952
2876 2953
2877 2878
2877 2953
2877 2954
2878 2879
2878 2954
2878 2955
2879 2955
2879 2956
2880 2881
2880 2959
2880 2960
2880 2961
2881 2882
2881 2960
2881 2961
2881 2962
2882 2883
2882 2961
2882 2962
2882 2963
2883 2884
2883 2962
2883 2963
2883 2964
2884 2885
2884 2963
2884 2964
2884 2965
2885 2886
2885 2964
2885 2965
2885 2966
2886 2965
2886 2966
2886 2967
2887 2888
2887 2967
2887 2968
2887 2969
2888 2889
2888 2968
2888 2969
2888 2970
2889 2969
2889 2970
2889 2971
2890 2891
2890 2973
2890 2974
2891 2974
2891 2975
2892 2893
2892 2975
2892 2976
2893 2894
2893 2976
2893 2977
2894 2895
2894 2976
2894 2977
2894 2978
2895 2896
2895 2977
2895 2978
2895 2979
2896 2897
2896 2978
2896 2979
2896 2980
2897 2898
2897 2979
2897 2980
2898 2899
2898 2980
2898 2981
2899 2900
2899 2981
2899 2982
2900 2901
2900 2981
2900 2982
2901 2902
2901 2982
2901 2983
2902 2983
2902 2984
2903 2904
2903 2985
2903 2986
2903 2987
2904 2986
2904 2987
2904 2988
2905 2906
2905 2988
2905 2989
2905 2990
2906 2907
2906 2989
2906 2990
2907 2990
2907 2991
2908 2991
2908 2992
2908 2993
2909 2994
2910 2911
2910 2995
2910 2996
2910 2997
2911 2912
2911 2996
2911 2997
2911 2998
2912 2913
2912 2997
2912 2998
2912 2999
2913 2914
2913 2998
2913 2999
2913 3000
2914 2915
2914 2999
2914 3000
2914 3001
2915 2916
2915 3000
2915 3001
2915 3002
2916 2917
2916 3001
2916 3002
2916 3003
2917 2918
2917 3002
2917 3003
2917 3004
2918 2919
2918 3003
2918 3004
2918 3005
2919 2920
2919 3004
2919 3005
2919 3006
2920 2921
2920 3005
2920 3006
2920 3007
2921 2922
2921 3006
2921 3007
2921 3008
2922 2923
2922 3007
2922 3008
2922 3009
2923 3008
2923 3009
2923 3010
2924 2925
2924 3010
2924 3011
2925 2926
2925 3011
2925 3012
2926 3011
2926 3012
2927 2928
2927 3013
2927 3014
2928 2929
2928 3013
2928 3014
2928 3015
2929 2930
2929 3014
2929 3015
2929 3016
2930 2931
2930 3015
2930 3016
2930 3017
2931 2932
2931 3016
2931 3017
2931 3018
2932 2933
2932 3017
2932 3018
2933 3018
2933 3019
2934 2935
2934 3020
2934 3021
2934 3022
2935 2936
2935 3021
2935 3022
2936 2937
2936 3022
2936 3023
2937 2938
2937 3023
2937 3024
2938 2939
2938 3023
2938 3024
2938 3025
2939 2940
2939 3024
2939 3025
2940 2941
2940 3025
2940 3026
2941 2942
2941 3026
2941 3027
2942 2943
2942 3026
2942 3027
2942 3028
2943 2944
2943 3027
2943 3028
2943 3029
2944 2945
2944 3028
2944 3029
2944 3030
2945 2946
2945 3029
2945 3030
2945 3031
2946 2947
2946 3030
2946 3031
2946 3032
2947 3031
2947 3032
2947 3033
2948 2949
2948 3033
2948 3034
2949 2950
2949 3034
2949 3035
2950 2951
2950 3035
2950 3036
2951 2952
2951 3035
2951 3036
2951 3037
2952 3036
2952 3037
2952 3038
2953 2954
2953 3039
2953 3040
2954 3039
2954 3040
2954 3041
2955 2956
2955 3041
2956 2957
2956 3042
2957 2958
2957 3042
2957 3043
2958 2959
2958 3042
2958 3043
2958 3044
2959 2960
2959 3043
2959 3044
2959 3045
2960 2961
2960 3044
2960 3045
2960 3046
2961 2962
2961 3045
2961 3046
2961 3047
2962 2963
2962 3046
2962 3047
2962 3048
2963 2964
2963 3047
2963 3048
2963 3049
2964 2965
2964 3048
2964 3049
2964 3050
2965 2966
2965 3049
2965 3050
2965 3051
2966 2967
2966 3050
2966 3051
2966 3052
2967 2968
2967 3051
2967 3052
2967 3053
2968 2969
2968 3052
2968 3053
2969 2970
2969 3053
2969 3054
2970 2971
2970 3054
2970 3055
2971 2972
2971 3054
2971 3055
2971 3056
2972 2973
2972 3055
2972 3056
2972 3057
2973 3056
2973 3057
2973 3058
2974 2975
2974 3058
2974 3059
2975 3059
2975 3060
2976 2977
2976 3060
2976 3061
2976 3062
2977 2978
2977 3061
2977 3062
2977 3063
2978 2979
2978 3062
2978 3063
2978 3064
2979 2980
2979 3063
2979 3064
2979 3065
2980 3064
2980 3065
2980 3066
2981 2982
2981 3066
2981 3067
2981 3068
2982 3067
2982 3068
2982 3069
2983 2984
2983 3069
2983 3070
2983 3071
2984 2985
2984 3070
2984 3071
2984 3072
2985 2986
2985 3071
2985 3072
2985 3073
2986 2987
2986 3072
2986 3073
2986 3074
2987 2988
2987 3073
2987 3074
2987 3075
2988 2989
2988 3074
2988 3075
2988 3076
2989 2990
2989 3075
2989 3076
2989 3077
2990 3076
2990 3077
2990 3078
2991 2992
2991 3078
2991 3079
2991 3080
2992 2993
2992 3079
2992 3080
2992 3081
2993 3080
2993 3081
2994 2995
2994 3082
2994 3083
2995 2996
2995 3083
2996 2997
2996 3084
2997 2998
2997 3084
2997 3085
2998 2999
2998 3084
2998 3085
2998 3086
2999 3000
2999 3085
2999 3086
2999 3087
3000 3001
3000 3086
3000 3087
3000 3088
3001 3002
3001 3087
3001 3088
3001 3089
3002 3003
3002 3088
3002 3089
3002 3090
3003 3004
3003 3089
3003 3090
3003 3091
3004 3005
3004 3090
3004 3091
3004 3092
3005 3006
3005 3091
3005 3092
3005 3093
3006 3007
3006 3092
3006 3093
3006 3094
3007 3008
3007 3093
3007 3094
3007 3095
3008 3009
3008 3094
3008 3095
3008 3096
3009 3010
3009 3095
3009 3096
3009 3097
3010 3096
3010 3097
3010 3098
3011 3012
3011 3098
3011 3099
3011 3100
3012 3099
3012 3100
3013 3014
3013 3101
3014 3015
3014 3101
3014 3102
3015 3016
3015 3101
3015 3102
3016 3017
3016 3102
3016 3103
3017 3018
3017 3103
3017 3104
3018 3103
3018 3104
3018 3105
3019 3020
3019 3105
3019 3106
3020 3021
3020 3106
3020 3107
3021 3022
3021 3106
3021 3107
3021 3108
3022 3107
3022 3108
3023 3024
3023 3109
3023 3110
3024 3025
3024 3109
3024 3110
3024 3111
3025 3110
3025 3111
3025 3112
3026 3027
3026 3112
3026 3113
3026 3114
3027 3028
3027 3113
3027 3114
3027 3115
3028 3029
3028 3114
3028 3115
3028 3116
3029 3030
3029 3115
3029 3116
3029 3117
3030 3031
3030 3116
3030 3117
3030 3118
3031 3032
3031 3117
3031 3118
3031 3119
3032 3033
3032 3118
3032 3119
3033 3034
3033 3119
3034 3120
3035 3036
3035 3120
3035 3121
3036 3037
3036 3121
3037 3038
3037 3121
3037 3122
3038 3122
3038 3123
3039 3040
3039 3123
3039 3124
3040 3041
3040 3124
3040 3125
3041 3124
3041 3125
3041 3126
3042 3043
3042 3127
3042 3128
3043 3044
3043 3127
3043 3128
3043 3129
3044 3045
3044 3128
3044 3129
3044 3130
3045 3046
3045 3129
3045 3130
3046 3047
3046 3130
3046 3131
3047 3048
3047 3131
3047 3132
3048 3049
3048 3131
3048 3132
3049 3050
3049 3132
3049 3133
3050 3051
3050 3133
3051 3052
3051 3133
3051 3134
3052 3053
3052 3134
3052 3135
3053 3134
3053 3135
3054 3055
3054 3136
3054 3137
3055 3056
3055 3136
3055 3137
3055 3138
3056 3057
3056 3137
3056 3138
3056 3139
3057 3058
3057 3138
3057 3139
3057 3140
3058 3059
3058 3139
3058 3140
3059 3140
3060 3061
3060 3141
3061 3062
3061 3141
3061 3142
3062 3063
3062 3142
3062 3143
3063 3064
3063 3142
3063 3143
3064 3065
3064 3143
3064 3144
3065 3066
3065 3144
3065 3145
3066 3067
3066 3144
3066 3145
3067 3068
3067 3145
3067 3146
3068 3069
3068 3146
3068 3147
3069 3070
3069 3146
3069 3147
3069 3148
3070 3071
3070 3147
3070 3148
3070 3149
3071 3072
3071 3148
3071 3149
3071 3150
3072 3073
3072 3149
3072 3150
3072 3151
3073 3074
3073 3150
3073 3151
3073 3152
3074 3075
3074 3151
3074 3152
3074 3153
3075 3076
3075 3152
3075 3153
3075 3154
3076 3077
3076 3153
3076 3154
3076 3155
3077 3078
3077 3154
3077 3155
3077 3156
3078 3079
3078 3155
3078 3156
3078 3157
3079 3080
3079 3156
3079 3157
3079 3158
3080 3081
3080 3157
3080 3158
3080 3159
3081 3158
3081 3159
3081 3160
3082 3083
3082 3160
3082 3161
3082 3162
3083 3161
3083 3162
3084 3085
3084 3163
3084 3164
3085 3086
3085 3164
3086 3087
3087 3088
3087 3165
3088 3089
3088 3165
3088 3166
3089 3090
3089 3165
3089 3166
3089 3167
3090 3091
3090 3166
3090 3167
3091 3092
3091 3167
3091 3168
3092 3093
3092 3168
3093 3094
3093 3168
3093 3169
3094 3095
3094 3169
3094 3170
3095 3096
3095 3169
3095 3170
3095 3171
3096 3097
3096 3170
3096 3171
3096 3172
3097 3098
3097 3171
3097 3172
3097 3173
3098 3099
3098 3172
3098 3173
3098 3174
3099 3100
3099 3173
3099 3174
3099 3175
3100 3174
3100 3175
3101 3102
3101 3176
3101 3177
3102 3176
3102 3177
3102 3178
3103 3104
3103 3178
3103 3179
3103 3180
3104 3105
3104 3179
3104 3180
3104 3181
3105 3180
3105 3181
3105 3182
3106 3107
3106 3182
3106 3183
3106 3184
3107 3108
3107 3183
3107 3184
3107 3185
3108 3184
3108 3185
3108 3186
3109 3110
3109 3186
3109 3187
3109 3188
3110 3111
3110 3187
3110 3188
3110 3189
3111 3112
3111 3188
3111 3189
3111 3190
3112 3113
3112 3189
3112 3190
3112 3191
3113 3114
3113 3190
3113 3191
3113 3192
3114 3115
3114 3191
3114 3192
3114 3193
3115 3116
3115 3192
3115 3193
3115 3194
3116 3117
3116 3193
3116 3194
3116 3195
3117 3118
3117 3194
3117 3195
3117 3196
3118 3119
3118 3195
3118 3196
3118 3197
3119 3196
3119 3197
3119 3198
3120 3199
3120 3200
3120 3201
3121 3201
3121 3202
3121 3203
3122 3123
3122 3203
3122 3204
3122 3205
3123 3204
3123 3205
3123 3206
3124 3125
3124 3206
3124 3207
3124 3208
3125 3126
3125 3207
3125 3208
3125 3209
3126 3208
3126 3209
3126 3210
3127 3128
3127 3210
3127 3211
3127 3212
3128 3129
3128 3211
3128 3212
3128 3213
3129 3130
3129 3212
3129 3213
3129 3214
3130 3213
3130 3214
3130 3215
3131 3132
3131 3215
3131 3216
3132 3216
3132 3217
3133 3217
3133 3218
3134 3135
3134 3219
3135 3219
3135 3220
3136 3137
3136 3220
3136 3221
3136 3222
3137 3138
3137 3221
3137 3222
3137 3223
3138 3139
3138 3222
3138 3223
3138 3224
3139 3140
3139 3223
3139 3224
3140 3224
3140 3225
3141 3226
3141 3227
3141 3228
3142 3143
3142 3228
3142 3229
3142 3230
3143 3229
3143 3230
3143 3231
3144 3145
3144 3231
3144 3232
3145 3232
3145 3233
3146 3147
3146 3233
3146 3234
3147 3148
3147 3234
3148 3149
3148 3235
3149 3150
3149 3235
3150 3151
3150 3235
3150 3236
3151 3152
3151 3236
3151 3237
3152 3153
3152 3236
3152 3237
3153 3154
3153 3237
3153 3238
3154 3155
3154 3238
3154 3239
3155 3156
3155 3238
3155 3239
3155 3240
3156 3157
3156 3239
3156 3240
3156 3241
3157 3158
3157 3240
3157 3241
3157 3242
3158 3159
3158 3241
3158 3242
3159 3160
3159 3242
3160 3161
3160 3243
3161 3162
3161 3243
3161 3244
3162 3243
3162 3244
3162 3245
3163 3164
3163 3245
3163 3246
3164 3246
3164 3247
3165 3166
3165 3249
3166 3167
3166 3249
3166 3250
3167 3250
3167 3251
3168 3251
3168 3252
3168 3253
3169 3170
3169 3253
3169 3254
3170 3171
3170 3254
3170 3255
3171 3172
3171 3255
3171 3256
3172 3173
3172 3255
3172 3256
3172 3257
3173 3174
3173 3256
3173 3257
3173 3258
3174 3175
3174 3257
3174 3258
3175 3258
3176 3177
3176 3259
3176 3260
3177 3178
3177 3259
3177 3260
3177 3261
3178 3179
3178 3260
3178 3261
3178 3262
3179 3180
3179 3261
3179 3262
3179 3263
3180 3181
3180 3262
3180 3263
3180 3264
3181 3182
3181 3263
3181 3264
3181 3265
3182 3183
3182 3264
3182 3265
3182 3266
3183 3184
3183 3265
3183 3266
3183 3267
3184 3185
3184 3266
3184 3267
3184 3268
3185 3186
3185 3267
3185 3268
3185 3269
3186 3187
3186 3268
3186 3269
3186 3270
3187 3188
3187 3269
3187 3270
3188 3189
3188 3270
3188 3271
3189 3190
3189 3271
3189 3272
3190 3191
3190 3271
3190 3272
3190 3273
3191 3192
3191 3272
3191 3273
3191 3274
3192 3193
3192 3273
3192 3274
3192 3275
3193 3194
3193 3274
3193 3275
3193 3276
3194 3195
3194 3275
3194 3276
3195 3196
3195 3276
3195 3277
3196 3197
3196 3277
3196 3278
3197 3198
3197 3277
3197 3278
3197 3279
3198 3199
3198 3278
3198 3279
3198 3280
3199 3200
3199 3279
3199 3280
3200 3201
3200 3280
3200 3281
3201 3202
3201 3281
3201 3282
3202 3203
3202 3281
3202 3282
3202 3283
3203 3204
3203 3282
3203 3283
3203 3284
3204 3205
3204 3283
3204 3284
3204 3285
3205 3206
3205 3284
3205 3285
3205 3286
3206 3207
3206 3285
3206 3286
3206 3287
3207 3208
3207 3286
3207 3287
3207 3288
3208 3209
3208 3287
3208 3288
3208 3289
3209 3210
3209 3288
3209 3289
3210 3211
3210 3289
3210 3290
3211 3212
3211 3290
3212 3213
3212 3290
3212 3291
3213 3214
3213 3291
3213 3292
3214 3215
3214 3291
3214 3292
3215 3216
3215 3292
3215 3293
3216 3293
3216 3294
3217 3218
3217 3294
3217 3295
3217 3296
3218 3295
3218 3296
3218 3297
3219 3297
3219 3298
3220 3221
3220 3299
3220 3300
3221 3222
3221 3299
3221 3300
3221 3301
3222 3223
3222 3300
3222 3301
3222 3302
3223 3224
3223 3301
3223 3302
3223 3303
3224 3302
3224 3303
3225 3226
3225 3304
3225 3305
3226 3227
3226 3304
3226 3305
3226 3306
3227 3228
3227 3305
3227 3306
3227 3307
3228 3229
3228 3306
3228 3307
3228 3308
3229 3230
3229 3307
3229 3308
3230 3231
3230 3308
3231 3309
3232 3233
3232 3309
3232 3310
3232 3311
3233 3234
3233 3310
3233 3311
3234 3311
3235 3312
3235 3313
3235 3314
3236 3237
3236 3314
3237 3315
3238 3239
3238 3315
3238 3316
3238 3317
3239 3240
3239 3316
3239 3317
3240 3241
3240 3317
3241 3242
3241 3318
3242 3318
3242 3319
3243 3244
3243 3320
3243 3321
3244 3245
3244 3321
3244 3322
3245 3246
3245 3321
3245 3322
3246 3322
3246 3323
3247 3248
3247 3323
3247 3324
3248 3324
3248 3325
3249 3325
3249 3326
3249 3327
3250 3251
3250 3327
3250 3328
3251 3252
3251 3328
3251 3329
3252 3253
3252 3329
3252 3330
3253 3254
3253 3329
3253 3330
3254 3330
3254 3331
3255 3256
3255 3331
3255 3332
3256 3257
3256 3332
3256 3333
3257 3258
3257 3333
3257 3334
3258 3333
3258 3334
3258 3335
3259 3260
3259 3336
3259 3337
3259 3338
3260 3261
3260 3337
3260 3338
3260 3339
3261 3262
3261 3338
3261 3339
3261 3340
3262 3263
3262 3339
3262 3340
3262 3341
3263 3264
3263 3340
3263 3341
3263 3342
3264 3265
3264 3341
3264 3342
3265 3266
3265 3342
3265 3343
3266 3267
3266 3343
3266 3344
3267 3268
3267 3343
3267 3344
3267 3345
3268 3269
3268 3344
3268 3345
3268 3346
3269 3270
3269 3345
3269 3346
3270 3346
3270 3347
3271 3272
3271 3347
3271 3348
3271 3349
3272 3273
3272 3348
3272 3349
3272 3350
3273 3274
3273 3349
3273 3350
3274 3275
3274 3350
3274 3351
3275 3276
3275 3351
3275 3352
3276 3351
3276 3352
3276 3353
3277 3278
3277 3353
3277 3354
3277 3355
3278 3279
3278 3354
3278 3355
3278 3356
3279 3280
3279 3355
3279 3356
3279 3357
3280 3356
3280 3357
3281 3282
3281 3358
3281 3359
3282 3283
3282 3358
3282 3359
3282 3360
3283 3284
3283 3359
3283 3360
3283 3361
3284 3285
3284 3360
3284 3361
3285 3286
3285 3361
3286 3287
3287 3288
3287 3362
3288 3289
3288 3362
3288 3363
3289 3362
3289 3363
3289 3364
3290 3364
3291 3292
3291 3365
3291 3366
3292 3365
3292 3366
3292 3367
3293 3294
3293 3367
3293 3368
3293 3369
3294 3295
3294 3368
3294 3369
3294 3370
3295 3296
3295 3369
3295 3370
3295 3371
3296 3297
3296 3370
3296 3371
3296 3372
3297 3298
3297 3371
3297 3372
3297 3373
3298 3372
3298 3373
3298 3374
3299 3300
3299 3374
3299 3375
3300 3301
3300 3375
3300 3376
3301 3302
3301 3376
3301 3377
3302 3303
3302 3376
3302 3377
3302 3378
3303 3377
3303 3378
3303 3379
3304 3305
3304 3379
3304 3380
3305 3306
3305 3380
3306 3307
3306 3380
3306 3381
3307 3308
3307 3381
3307 3382
3308 3381
3308 3382
3308 3383
3309 3310
3309 3384
3309 3385
3309 3386
3310 3311
3310 3385
3310 3386
3310 3387
3311 3386
3311 3387
3312 3313
3312 3388
3312 3389
3312 3390
3313 3314
3313 3389
3313 3390
3313 3391
3314 3390
3314 3391
3314 3392
3315 3316
3315 3393
3315 3394
3315 3395
3316 3317
3316 3394
3316 3395
3316 3396
3317 3395
3317 3396
3317 3397
3318 3319
3318 3398
3318 3399
3319 3320
3319 3399
3319 3400
3320 3399
3320 3400
3320 3401
3321 3322
3321 3401
3321 3402
3322 3402
3322 3403
3323 3403
3323 3404
3324 3325
3324 3405
3324 3406
3325 3326
3325 3405
3325 3406
3325 3407
3326 3327
3326 3406
3326 3407
3326 3408
3327 3328
3327 3407
3327 3408
3328 3408
3329 3330
3329 3409
3330 3409
3331 3332
3331 3410
3331 3411
3332 3410
3332 3411
3332 3412
3333 3334
3333 3412
3333 3413
3333 3414
3334 3335
3334 3413
3334 3414
3334 3415
3335 3414
3335 3415
3336 3337
3336 3416
3337 3338
3337 3416
3337 3417
3338 3339
3338 3416
3338 3417
3338 3418
3339 3340
3339 3417
3339 3418
3339 3419
3340 3341
3340 3418
3340 3419
3340 3420
3341 3342
3341 3419
3341 3420
3341 3421
3342 3420
3342 3421
3342 3422
3343 3344
3343 3422
3343 3423
3343 3424
3344 3345
3344 3423
3344 3424
3344 3425
3345 3346
3345 3424
3345 3425
3345 3426
3346 3425
3346 3426
3346 3427
3347 3348
3347 3427
3347 3428
3348 3349
3348 3428
3349 3350
3349 3428
3349 3429
3350 3429
3350 3430
3351 3352
3351 3430
3351 3431
3351 3432
3352 3353
3352 3431
3352 3432
3352 3433
3353 3354
3353 3432
3353 3433
3354 3355
3354 3433
3354 3434
3355 3356
3355 3434
3355 3435
3356 3357
3356 3434
3356 3435
3357 3435
3357 3436
3358 3359
3358 3436
3358 3437
3359 3360
3359 3437
3359 3438
3360 3361
3360 3437
3360 3438
3360 3439
3361 3438
3361 3439
3361 3440
3362 3363
3362 3442
3362 3443
3362 3444
3363 3364
3363 3443
3363 3444
3363 3445
3364 3444
3364 3445
3364 3446
3365 3366
3365 3447
3365 3448
3366 3367
3366 3448
3366 3449
3367 3368
3367 3449
3367 3450
3368 3369
3368 3449
3368 3450
3368 3451
3369 3370
3369 3450
3369 3451
3369 3452
3370 3371
3370 3451
3370 3452
3370 3453
3371 3372
3371 3452
3371 3453
3371 3454
3372 3373
3372 3453
3372 3454
3372 3455
3373 3374
3373 3454
3373 3455
3374 3375
3374 3455
3376 3377
3376 3456
3376 3457
3377 3378
3377 3456
3377 3457
3377 3458
3378 3379
3378 3457
3378 3458
3379 3458
3379 3459
3380 3459
3380 3460
3380 3461
3381 3382
3381 3461
3381 3462
3381 3463
3382 3383
3382 3462
3382 3463
3382 3464
3383 3384
3383 3463
3383 3464
3383 3465
3384 3385
3384 3464
3384 3465
3384 3466
3385 3386
3385 3465
3385 3466
3385 3467
3386 3387
3386 3466
3386 3467
3387 3467
3388 3389
3388 3468
3388 3469
3389 3390
3389 3468
3389 3469
3389 3470
3390 3391
3390 3469
3390 3470
3390 3471
3391 3392
3391 3470
3391 3471
3391 3472
3392 3393
3392 3471
3392 3472
3393 3394
3393 3472
3393 3473
3394 3395
3394 3473
3394 3474
3395 3396
3395 3473
3395 3474
3395 3475
3396 3397
3396 3474
3396 3475
3397 3398
3397 3475
3397 3476
3398 3476
3398 3477
3399 3400
3399 3477
3399 3478
3399 3479
3400 3401
3400 3478
3400 3479
3400 3480
3401 3402
3401 3479
3401 3480
3401 3481
3402 3480
3402 3481
3403 3404
3403 3482
3403 3483
3404 3482
3404 3483
3404 3484
3405 3406
3405 3484
3405 3485
3406 3407
3406 3485
3406 3486
3407 3408
3407 3486
3408 3486
3409 3488
3409 3489
3410 3411
3410 3489
3410 3490
3411 3412
3411 3490
3411 3491
3412 3413
3412 3490
3412 3491
3412 3492
3413 3414
3413 3491
3413 3492
3414 3415
3414 3492
3414 3493
3415 3493
3416 3417
3416 3494
3416 3495
3416 3496
3417 3418
3417 3495
3417 3496
3417 3497
3418 3419
3418 3496
3418 3497
3418 3498
3419 3420
3419 3497
3419 3498
3420 3421
3420 3498
3420 3499
3421 3422
3421 3499
3421 3500
3422 3423
3422 3499
3422 3500
3422 3501
3423 3424
3423 3500
3423 3501
3424 3425
3424 3501
3424 3502
3425 3426
3425 3502
3426 3427
3426 3502
3426 3503
3427 3503
3427 3504
3428 3504
3428 3505
3428 3506
3429 3430
3429 3506
3429 3507
3430 3431
3430 3507
3430 3508
3431 3432
3431 3508
3431 3509
3432 3433
3432 3508
3432 3509
3432 3510
3433 3509
3433 3510
3433 3511
3434 3435
3434 3511
3434 3512
3434 3513
3435 3512
3435 3513
3435 3514
3436 3514
3436 3515
3437 3438
3437 3515
3437 3516
3438 3439
3438 3516
3438 3517
3439 3440
3439 3516
3439 3517
3439 3518
3440 3441
3440 3517
3440 3518
3440 3519
3441 3442
3441 3518
3441 3519
3441 3520
3442 3443
3442 3519
3442 3520
3443 3444
3443 3520
3443 3521
3444 3445
3444 3521
3444 3522
3445 3446
3445 3521
3445 3522
3446 3447
3446 3522
3446 3523
3447 3448
3447 3523
3447 3524
3448 3523
3448 3524
3448 3525
3449 3450
3449 3525
3449 3526
3450 3451
3450 3526
3450 3527
3451 3452
3451 3526
3451 3527
3452 3453
3452 3527
3452 3528
3453 3454
3453 3528
3453 3529
3454 3455
3454 3528
3454 3529
3454 3530
3455 3529
3455 3530
3455 3531
3456 3457
3456 3533
3456 3534
3457 3458
3457 3534
3458 3535
3459 3460
3459 3535
3459 3536
3460 3461
3460 3536
3460 3537
3461 3462
3461 3537
3461 3538
3462 3463
3462 3537
3462 3538
3463 3464
3463 3538
3463 3539
3464 3465
3464 3539
3465 3466
3465 3539
3465 3540
3466 3467
3466 3540
3466 3541
3467 3540
3467 3541
3467 3542
3468 3469
3468 3543
3468 3544
3468 3545
3469 3470
3469 3544
3469 3545
3469 3546
3470 3471
3470 3545
3470 3546
3470 3547
3471 3472
3471 3546
3471 3547
3471 3548
3472 3547
3472 3548
3472 3549
3473 3474
3473 3549
3473 3550
3474 3475
3474 3550
3474 3551
3475 3551
3476 3477
3476 3552
3476 3553
3477 3478
3477 3552
3477 3553
3477 3554
3478 3479
3478 3553
3478 3554
3478 3555
3479 3480
3479 3554
3479 3555
3480 3481
3480 3555
3480 3556
3481 3556
3481 3557
3482 3483
3482 3557
3483 3484
3483 3558
3484 3485
3484 3558
3485 3558
3485 3559
3486 3559
3486 3560
3486 3561
3487 3488
3487 3562
3487 3563
3487 3564
3488 3563
3488 3564
3488 3565
3489 3565
3490 3491
3490 3566
3490 3567
3491 3492
3491 3566
3491 3567
3491 3568
3492 3567
3492 3568
3492 3569
3493 3569
3494 3495
3494 3570
3494 3571
3495 3496
3495 3570
3495 3571
3495 3572
3496 3497
3496 3571
3496 3572
3496 3573
3497 3498
3497 3572
3497 3573
3497 3574
3498 3573
3498 3574
3498 3575
3499 3500
3499 3575
3499 3576
3499 3577
3500 3501
3500 3576
3500 3577
3500 3578
3501 3577
3501 3578
3501 3579
3502 3579
3502 3580
3503 3504
3503 3580
3503 3581
3504 3505
3504 3581
3504 3582
3505 3506
3505 3582
3505 3583
3506 3507
3506 3582
3506 3583
3507 3583
3507 3584
3508 3509
3508 3584
3508 3585
3508 3586
3509 3510
3509 3585
3509 3586
3509 3587
3510 3511
3510 3586
3510 3587
3511 3512
3511 3587
3511 3588
3512 3513
3512 3588
3512 3589
3513 3514
3513 3588
3513 3589
3513 3590
3514 3589
3514 3590
3514 3591
3515 3591
3515 3592
3515 3593
3516 3517
3516 3593
3516 3594
3517 3518
3517 3594
3517 3595
3518 3519
3518 3595
3518 3596
3519 3520
3519 3595
3519 3596
3519 3597
3520 3596
3520 3597
3520 3598
3521 3522
3521 3598
3521 3599
3521 3600
3522 3599
3522 3600
3523 3524
3524 3525
3524 3601
3525 3601
3525 3602
3526 3527
3526 3602
3526 3603
3526 3604
3527 3603
3527 3604
3527 3605
3528 3529
3528 3605
3528 3606
3528 3607
3529 3530
3529 3606
3529 3607
3530 3531
3530 3607
3530 3608
3531 3532
3531 3608
3532 3533
3532 3608
3532 3609
3533 3534
3533 3609
3533 3610
3534 3609
3534 3610
3535 3536
3535 3611
3535 3612
3536 3611
3536 3612
3537 3538
3537 3613
3538 3613
3538 3614
3539 3614
3539 3615
3539 3616
3540 3541
3540 3616
3540 3617
3540 3618
3541 3542
3541 3617
3541 3618
3541 3619
3542 3543
3542 3618
3542 3619
3543 3544
3543 3619
3543 3620
3544 3545
3544 3620
3545 3546
3545 3620
3545 3621
3546 3547
3546 3621
3546 3622
3547 3548
3547 3621
3547 3622
3547 3623
3548 3549
3548 3622
3548 3623
3548 3624
3549 3550
3549 3623
3549 3624
3549 3625
3550 3624
3550 3625
3550 3626
3551 3626
3551 3627
3551 3628
3552 3553
3552 3628
3552 3629
3553 3554
3553 3629
3553 3630
3554 3555
3554 3629
3554 3630
3554 3631
3555 3630
3555 3631
3555 3632
3556 3557
3556 3632
3556 3633
3556 3634
3557 3633
3557 3634
3558 3635
3558 3636
3558 3637
3559 3560
3559 3637
3559 3638
3559 3639
3560 3561
3560 3638
3560 3639
3561 3562
3561 3639
3561 3640
3562 3563
3562 3640
3562 3641
3563 3564
3563 3640
3563 3641
3563 3642
3564 3565
3564 3641
3564 3642
3564 3643
3565 3642
3565 3643
3566 3567
3566 3644
3566 3645
3567 3568
3567 3645
3567 3646
3568 3569
3568 3645
3568 3646
3568 3647
3569 3646
3569 3647
3569 3648
3570 3571
3570 3649
3571 3572
3571 3649
3572 3573
3572 3649
3572 3650
3573 3574
3573 3650
3574 3575
3574 3650
3574 3651
3575 3576
3575 3651
3575 3652
3576 3577
3576 3651
3576 3652
3576 3653
3577 3578
3577 3652
3577 3653
3577 3654
3578 3579
3578 3653
3578 3654
3578 3655
3579 3654
3579 3655
3579 3656
3580 3581
3580 3656
3580 3657
3581 3657
3581 3658
3582 3583
3582 3658
3582 3659
3582 3660
3583 3659
3583 3660
3583 3661
3584 3585
3584 3661
3584 3662
3584 3663
3585 3586
3585 3662
3585 3663
3585 3664
3586 3587
3586 3663
3586 3664
3586 3665
3587 3664
3587 3665
3587 3666
3588 3589
3588 3666
3588 3667
3589 3590
3589 3667
3590 3591
3590 3667
3590 3668
3591 3592
3591 3668
3591 3669
3592 3593
3592 3668
3592 3669
3592 3670
3593 3594
3593 3669
3593 3670
3593 3671
3594 3670
3594 3671
3594 3672
3595 3596
3595 3672
3595 3673
3595 3674
3596 3597
3596 3673
3596 3674
3597 3598
3597 3674
3598 3599
3598 3675
3599 3600
3599 3675
3600 3675
3600 3676
3601 3602
3601 3678
3601 3679
3601 3680
3602 3603
3602 3679
3602 3680
3602 3681
3603 3604
3603 3680
3603 3681
3603 3682
3604 3605
3604 3681
3604 3682
3604 3683
3605 3606
3605 3682
3605 3683
3605 3684
3606 3607
3606 3683
3606 3684
3607 3684
3607 3685
3608 3685
3608 3686
3609 3610
3609 3686
3609 3687
3609 3688
3610 3687
3610 3688
3610 3689
3611 3612
3611 3690
3611 3691
3611 3692
3612 3691
3612 3692
3612 3693
3613 3614
3613 3694
3613 3695
3614 3615
3614 3695
3614 3696
3615 3616
3615 3696
3616 3617
3616 3696
3616 3697
3617 3618
3617 3697
3617 3698
3618 3619
3618 3697
3618 3698
3619 3698
3619 3699
3620 3699
3620 3700
3620 3701
3621 3622
3621 3701
3621 3702
3621 3703
3622 3623
3622 3702
3622 3703
3622 3704
3623 3624
3623 3703
3623 3704
3623 3705
3624 3625
3624 3704
3624 3705
3624 3706
3625 3626
3625 3705
3625 3706
3625 3707
3626 3627
3626 3706
3626 3707
3627 3628
3627 3707
3628 3708
3629 3630
3629 3708
3629 3709
3630 3631
3630 3709
3630 3710
3631 3632
3631 3709
3631 3710
3631 3711
3632 3633
3632 3710
3632 3711
3632 3712
3633 3634
3633 3711
3633 3712
3633 3713
3634 3712
3634 3713
3634 3714
3635 3636
3635 3714
3635 3715
3635 3716
3636 3637
3636 3715
3636 3716
3636 3717
3637 3638
3637 3716
3637 3717
3637 3718
3638 3639
3638 3717
3638 3718
3638 3719
3639 3718
3639 3719
3639 3720
3640 3641
3640 3720
3640 3721
3640 3722
3641 3642
3641 3721
3641 3722
3641 3723
3642 3643
3642 3722
3642 3723
3642 3724
3643 3723
3643 3724
3643 3725
3644 3725
3644 3726
3645 3646
3645 3727
3645 3728
3646 3647
3646 3727
3646 3728
3646 3729
3647 3648
3647 3728
3647 3729
3647 3730
3648 3729
3648 3730
3649 3731
3649 3732
3649 3733
3650 3733
3650 3734
3650 3735
3651 3652
3651 3735
3651 3736
3652 3653
3652 3736
3652 3737
3653 3654
3653 3737
3653 3738
3654 3655
3654 3737
3654 3738
3654 3739
3655 3656
3655 3738
3655 3739
3655 3740
3656 3657
3656 3739
3656 3740
3656 3741
3657 3740
3657 3741
3658 3659
3658 3742
3658 3743
3659 3660
3659 3742
3659 3743
3660 3661
3660 3743
3660 3744
3661 3662
3661 3744
3661 3745
3662 3663
3662 3744
3662 3745
3662 3746
3663 3664
3663 3745
3663 3746
3663 3747
3664 3665
3664 3746
3664 3747
3664 3748
3665 3666
3665 3747
3665 3748
3665 3749
3666 3748
3666 3749
3667 3750
3667 3751
3668 3669
3668 3751
3668 3752
3668 3753
3669 3670
3669 3752
3669 3753
3669 3754
3670 3671
3670 3753
3670 3754
3670 3755
3671 3672
3671 3754
3671 3755
3671 3756
3672 3673
3672 3755
3672 3756
3672 3757
3673 3674
3673 3756
3673 3757
3673 3758
3674 3757
3674 3758
3674 3759
3675 3760
3675 3761
3676 3677
3676 3762
3676 3763
3677 3678
3677 3762
3677 3763
3678 3679
3678 3763
3678 3764
3679 3680
3679 3764
3679 3765
3680 3681
3680 3764
3680 3765
3680 3766
3681 3682
3681 3765
3681 3766
3681 3767
3682 3683
3682 3766
3682 3767
3682 3768
3683 3684
3683 3767
3683 3768
3684 3768
3684 3769
3685 3769
3685 3770
3686 3687
3686 3770
3686 3771
3686 3772
3687 3688
3687 3771
3687 3772
3687 3773
3688 3689
3688 3772
3688 3773
3688 3774
3689 3690
3689 3773
3689 3774
3689 3775
3690 3691
3690 3774
3690 3775
3691 3692
3691 3775
3691 3776
3692 3693
3692 3776
3692 3777
3693 3694
3693 3776
3693 3777
3693 3778
3694 3695
3694 3777
3694 3778
3694 3779
3695 3778
3695 3779
3696 3780
3697 3698
3697 3781
3698 3781
3698 3782
3699 3700
3699 3782
3699 3783
3699 3784
3700 3701
3700 3783
3700 3784
3700 3785
3701 3702
3701 3784
3701 3785
3701 3786
3702 3703
3702 3785
3702 3786
3702 3787
3703 3704
3703 3786
3703 3787
3703 3788
3704 3705
3704 3787
3704 3788
3704 3789
3705 3706
3705 3788
3705 3789
3705 3790
3706 3707
3706 3789
3706 3790
3706 3791
3707 3790
3707 3791
3707 3792
3708 3793
3708 3794
3708 3795
3709 3710
3709 3795
3709 3796
3710 3711
3710 3796
3710 3797
3711 3712
3711 3797
3711 3798
3712 3713
3712 3797
3712 3798
3712 3799
3713 3714
3713 3798
3713 3799
3714 3715
3714 3799
3714 3800
3715 3716
3715 3800
3715 3801
3716 3717
3716 3800
3716 3801
3716 3802
3717 3718
3717 3801
3717 3802
3717 3803
3718 3719
3718 3802
3718 3803
3718 3804
3719 3720
3719 3803
3719 3804
3719 3805
3720 3721
3720 3804
3720 3805
3721 3722
3721 3805
3721 3806
3722 3723
3722 3806
3723 3724
3723 3806
3723 3807
3724 3725
3724 3807
3724 3808
3725 3726
3725 3807
3725 3808
3725 3809
3726 3808
3726 3809
3726 3810
3727 3728
3727 3810
3727 3811
3727 3812
3728 3729
3728 3811
3728 3812
3728 3813
3729 3730
3729 3812
3729 3813
3729 3814
3730 3813
3730 3814
3731 3732
3731 3815
3732 3733
3732 3815
3733 3734
3733 3816
3734 3735
3734 3816
3734 3817
3735 3736
3735 3816
3735 3817
3736 3817
3736 3818
3737 3738
3737 3818
3737 3819
3737 3820
3738 3739
3738 3819
3738 3820
3738 3821
3739 3740
3739 3820
3739 3821
3739 3822
3740 3741
3740 3821
3740 3822
3741 3822
3741 3823
3742 3743
3742 3823
3742 3824
3743 3824
3743 3825
3744 3745
3744 3825
3744 3826
3744 3827
3745 3746
3745 3826
3745 3827
3745 3828
3746 3747
3746 3827
3746 3828
3746 3829
3747 3748
3747 3828
3747 3829
3747 3830
3748 3749
3748 3829
3748 3830
3748 3831
3749 3830
3749 3831
3749 3832
3750 3751
3750 3832
3750 3833
3750 3834
3751 3752
3751 3833
3751 3834
3751 3835
3752 3753
3752 3834
3752 3835
3752 3836
3753 3754
3753 3835
3753 3836
3753 3837
3754 3755
3754 3836
3754 3837
3754 3838
3755 3756
3755 3837
3755 3838
3755 3839
3756 3757
3756 3838
3756 3839
3756 3840
3757 3758
3757 3839
3757 3840
3757 3841
3758 3759
3758 3840
3758 3841
3758 3842
3759 3760
3759 3841
3759 3842
3759 3843
3760 3761
3760 3842
3760 3843
3760 3844
3761 3843
3761 3844
3761 3845
3762 3763
3762 3845
3762 3846
3763 3846
3763 3847
3764 3765
3764 3847
3764 3848
3765 3766
3765 3848
3765 3849
3766 3767
3766 3849
3766 3850
3767 3768
3767 3849
3767 3850
3768 3850
3768 3851
3769 3851
3769 3852
3770 3771
3770 3852
3770 3853
3771 3772
3771 3853
3771 3854
3772 3773
3772 3853
3772 3854
3773 3774
3773 3854
3773 3855
3774 3775
3774 3855
3775 3855
3775 3856
3776 3777
3776 3856
3776 3857
3776 3858
3777 3778
3777 3857
3777 3858
3777 3859
3778 3779
3778 3858
3778 3859
3778 3860
3779 3859
3779 3860
3779 3861
3780 3861
3780 3862
3780 3863
3781 3782
3781 3864
3781 3865
3781 3866
3782 3783
3782 3865
3782 3866
3783 3784
3783 3866
3783 3867
3784 3785
3784 3867
3784 3868
3785 3786
3785 3867
3785 3868
3786 3787
3786 3868
3786 3869
3787 3788
3787 3869
3788 3789
3788 3869
3788 3870
3789 3790
3789 3870
3789 3871
3790 3791
3790 3870
3790 3871
3791 3792
3791 3871
3791 3872
3792 3793
3792 3872
3793 3794
3793 3872
3793 3873
3794 3795
3794 3873
3795 3796
3795 3873
3795 3874
3796 3874
3796 3875
3797 3798
3797 3875
3797 3876
3797 3877
3798 3799
3798 3876
3798 3877
3798 3878
3799 3877
3799 3878
3799 3879
3800 3801
3800 3879
3800 3880
3800 3881
3801 3802
3801 3880
3801 3881
3801 3882
3802 3803
3802 3881
3802 3882
3803 3804
3803 3882
3803 3883
3804 3805
3804 3883
3804 3884
3805 3883
3805 3884
3805 3885
3806 3885
3806 3886
3806 3887
3807 3808
3807 3887
3807 3888
3807 3889
3808 3809
3808 3888
3808 3889
3808 3890
3809 3810
3809 3889
3809 3890
3809 3891
3810 3811
3810 3890
3810 3891
3810 3892
3811 3812
3811 3891
3811 3892
3811 3893
3812 3813
3812 3892
3812 3893
3813 3814
3813 3893
3813 3894
3814 3894
3815 3895
3815 3896
3816 3817
3816 3897
3816 3898
3817 3897
3817 3898
3817 3899
3818 3819
3818 3899
3818 3900
3818 3901
3819 3820
3819 3900
3819 3901
3819 3902
3820 3821
3820 3901
3820 3902
3820 3903
3821 3822
3821 3902
3821 3903
3821 3904
3822 3903
3822 3904
3822 3905
3823 3905
3823 3906
3823 3907
3824 3825
3824 3907
3824 3908
3825 3826
3825 3908
3825 3909
3826 3827
3826 3908
3826 3909
3826 3910
3827 3828
3827 3909
3827 3910
3827 3911
3828 3829
3828 3910
3828 3911
3828 3912
3829 3830
3829 3911
3829 3912
3829 3913
3830 3831
3830 3912
3830 3913
3830 3914
3831 3832
3831 3913
3831 3914
3831 3915
3832 3833
3832 3914
3832 3915
3832 3916
3833 3834
3833 3915
3833 3916
3833 3917
3834 3835
3834 3916
3834 3917
3834 3918
3835 3836
3835 3917
3835 3918
3835 3919
3836 3837
3836 3918
3836 3919
3837 3838
3837 3919
3838 3839
3838 3920
3839 3840
3839 3920
3839 3921
3840 3841
3840 3920
3840 3921
3840 3922
3841 3842
3841 3921
3841 3922
3841 3923
3842 3843
3842 3922
3842 3923
3842 3924
3843 3844
3843 3923
3843 3924
3843 3925
3844 3845
3844 3924
3844 3925
3844 3926
3845 3846
3845 3925
3845 3926
3845 3927
3846 3926
3846 3927
3846 3928
3847 3848
3847 3928
3847 3929
3848 3929
3848 3930
3849 3850
3849 3930
3849 3931
3850 3931
3851 3932
3852 3933
3852 3934
3853 3854
3853 3934
3853 3935
3853 3936
3854 3935
3854 3936
3854 3937
3855 3937
3855 3938
3855 3939
3856 3857
3856 3939
3856 3940
3856 3941
3857 3858
3857 3940
3857 3941
3857 3942
3858 3859
3858 3941
3858 3942
3858 3943
3859 3860
3859 3942
3859 3943
3860 3861
3860 3943
3860 3944
3861 3862
3861 3944
3861 3945
3862 3863
3862 3944
3862 3945
3863 3864
3863 3945
3863 3946
3864 3865
3864 3946
3864 3947
3865 3866
3865 3946
3865 3947
3865 3948
3866 3947
3866 3948
3866 3949
3867 3868
3867 3949
3867 3950
3867 3951
3868 3950
3868 3951
3868 3952
3869 3952
3869 3953
3870 3871
3870 3953
3870 3954
3870 3955
3871 3954
3871 3955
3871 3956
3872 3956
3872 3957
3872 3958
3873 3958
3873 3959
3873 3960
3874 3875
3874 3960
3875 3876
3875 3961
3876 3877
3876 3961
3876 3962
3877 3878
3877 3961
3877 3962
3878 3879
3878 3962
3878 3963
3879 3880
3879 3963
3879 3964
3880 3881
3880 3963
3880 3964
3880 3965
3881 3882
3881 3964
3881 3965
3881 3966
3882 3965
3882 3966
3882 3967
3883 3884
3883 3967
3883 3968
3883 3969
3884 3885
3884 3968
3884 3969
3885 3886
3885 3969
3885 3970
3886 3887
3886 3970
3886 3971
3887 3888
3887 3970
3887 3971
3887 3972
3888 3889
3888 3971
3888 3972
3888 3973
3889 3890
3889 3972
3889 3973
3890 3891
3890 3973
3890 3974
3891 3892
3891 3974
3891 3975
3892 3893
3892 3974
3892 3975
3892 3976
3893 3975
3893 3976
3893 3977
3894 3977
3894 3978
3895 3896
3895 3979
3896 3979
3896 3980
3897 3898
3897 3980
3897 3981
3898 3899
3898 3981
3898 3982
3899 3900
3899 3981
3899 3982
3900 3901
3900 3982
3900 3983
3901 3902
3901 3983
3901 3984
3902 3903
3902 3983
3902 3984
3903 3904
3903 3984
3903 3985
3904 3905
3904 3985
3904 3986
3905 3906
3905 3985
3905 3986
3905 3987
3906 3907
3906 3986
3906 3987
3906 3988
3907 3987
3907 3988
3908 3909
3908 3989
3908 3990
3909 3910
3909 3989
3909 3990
3909 3991
3910 3911
3910 3990
3910 3991
3910 3992
3911 3912
3911 3991
3911 3992
3911 3993
3912 3913
3912 3992
3912 3993
3912 3994
3913 3914
3913 3993
3913 3994
3913 3995
3914 3915
3914 3994
3914 3995
3914 3996
3915 3916
3915 3995
3915 3996
3915 3997
3916 3917
3916 3996
3916 3997
3916 3998
3917 3918
3917 3997
3917 3998
3917 3999
3918 3919
3918 3998
3918 3999
3919 3999
3919 4000
3920 3921
3920 4001
3920 4002
3920 4003
3921 3922
3921 4002
3921 4003
3921 4004
3922 3923
3922 4003
3922 4004
3922 4005
3923 3924
3923 4004
3923 4005
3923 4006
3924 3925
3924 4005
3924 4006
3925 3926
3925 4006
3925 4007
3926 3927
3926 4007
3926 4008
3927 3928
3927 4007
3927 4008
3927 4009
3928 3929
3928 4008
3928 4009
3928 4010
3929 4009
3929 4010
3929 4011
3930 3931
3930 4011
3930 4012
3930 4013
3931 4012
3931 4013
3931 4014
3932 4015
3932 4016
3933 3934
3933 4016
3933 4017
3933 4018
3934 3935
3934 4017
3934 4018
3934 4019
3935 3936
3935 4018
3935 4019
3935 4020
3936 3937
3936 4019
3936 4020
3936 4021
3937 3938
3937 4020
3937 4021
3937 4022
3938 3939
3938 4021
3938 4022
3938 4023
3939 3940
3939 4022
3939 4023
3939 4024
3940 3941
3940 4023
3940 4024
3940 4025
3941 3942
3941 4024
3941 4025
3941 4026
3942 3943
3942 4025
3942 4026
3943 4026
3943 4027
3944 3945
3944 4027
3944 4028
3944 4029
3945 4028
3945 4029
3945 4030
3946 3947
3946 4030
3946 4031
3946 4032
3947 3948
3947 4031
3947 4032
3948 3949
3948 4032
3948 4033
3949 3950
3949 4033
3950 3951
3950 4033
3950 4034
3951 3952
3951 4034
3951 4035
3952 4034
3952 4035
3952 4036
3953 3954
3953 4036
3953 4037
3953 4038
3954 3955
3954 4037
3954 4038
3955 3956
3955 4038
3955 4039
3956 3957
3956 4039
3957 3958
3957 4039
3957 4040
3958 3959
3958 4040
3959 3960
3959 4040
3961 3962
3961 4041
3961 4042
3962 4041
3962 4042
3962 4043
3963 3964
3963 4043
3963 4044
3963 4045
3964 3965
3964 4044
3964 4045
3964 4046
3965 3966
3965 4045
3965 4046
3965 4047
3966 3967
3966 4046
3966 4047
3966 4048
3967 3968
3967 4047
3967 4048
3968 3969
3968 4048
3968 4049
3969 4049
3969 4050
3970 3971
3970 4050
3970 4051
3970 4052
3971 3972
3971 4051
3971 4052
3971 4053
3972 3973
3972 4052
3972 4053
3972 4054
3973 4053
3973 4054
3973 4055
3974 3975
3974 4055
3974 4056
3974 4057
3975 3976
3975 4056
3975 4057
3975 4058
3976 3977
3976 4057
3976 4058
3976 4059
3977 3978
3977 4058
3977 4059
3977 4060
3978 4059
3978 4060
3979 4061
3979 4062
3980 4062
3980 4063
3981 3982
3983 3984
3983 4064
3983 4065
3984 4064
3984 4065
3985 3986
3985 4066
3985 4067
3986 3987
3986 4066
3986 4067
3986 4068
3987 3988
3987 4067
3987 4068
3987 4069
3988 4068
3988 4069
3988 4070
3989 3990
3989 4070
3989 4071
3989 4072
3990 3991
3990 4071
3990 4072
3990 4073
3991 3992
3991 4072
3991 4073
3991 4074
3992 3993
3992 4073
3992 4074
3993 3994
3993 4074
3993 4075
3994 3995
3994 4075
3994 4076
3995 3996
3995 4075
3995 4076
3995 4077
3996 3997
3996 4076
3996 4077
3996 4078
3997 3998
3997 4077
3997 4078
3997 4079
3998 3999
3998 4078
3998 4079
3999 4079
3999 4080
4000 4001
4000 4080
4000 4081
4001 4002
4001 4081
4001 4082
4002 4003
4002 4081
4002 4082
4002 4083
4003 4004
4003 4082
4003 4083
4003 4084
4004 4005
4004 4083
4004 4084
4004 4085
4005 4006
4005 4084
4005 4085
4005 4086
4006 4085
4006 4086
4007 4008
4007 4087
4007 4088
4008 4009
4008 4087
4008 4088
4008 4089
4009 4010
4009 4088
4009 4089
4010 4011
4010 4089
4010 4090
4011 4012
4011 4090
4011 4091
4012 4013
4012 4090
4012 4091
4013 4014
4013 4091
4013 4092
4014 4015
4014 4092
4014 4093
4015 4092
4015 4093
4015 4094
4016 4017
4016 4094
4016 4095
4017 4018
4017 4095
4017 4096
4018 4019
4018 4095
4018 4096
4018 4097
4019 4020
4019 4096
4019 4097
4019 4098
4020 4021
4020 4097
4020 4098
4020 4099
4021 4022
4021 4098
4021 4099
4021 4100
4022 4023
4022 4099
4022 4100
4022 4101
4023 4024
4023 4100
4023 4101
4023 4102
4024 4025
4024 4101
4024 4102
4024 4103
4025 4026
4025 4102
4025 4103
4025 4104
4026 4103
4026 4104
4026 4105
4027 4028
4027 4105
4027 4106
4028 4029
4028 4106
4028 4107
4029 4030
4029 4106
4029 4107
4029 4108
4030 4031
4030 4107
4030 4108
4030 4109
4031 4032
4031 4108
4031 4109
4032 4109
4032 4110
4033 4110
4033 4111
4033 4112
4034 4035
4034 4112
4034 4113
4035 4036
4035 4113
4035 4114
4036 4037
4036 4113
4036 4114
4036 4115
4037 4038
4037 4114
4037 4115
4037 4116
4038 4115
4038 4116
4039 4117
4039 4118
4040 4118
4040 4119
4040 4120
4041 4042
4041 4123
4041 4124
4042 4043
4042 4124
4042 4125
4043 4044
4043 4125
4043 4126
4044 4045
4044 4125
4044 4126
4044 4127
4045 4046
4045 4126
4045 4127
4045 4128
4046 4047
4046 4127
4046 4128
4046 4129
4047 4048
4047 4128
4047 4129
4048 4129
4048 4130
4049 4050
4049 4130
4049 4131
4049 4132
4050 4051
4050 4131
4050 4132
4050 4133
4051 4052
4051 4132
4051 4133
4051 4134
4052 4053
4052 4133
4052 4134
4052 4135
4053 4054
4053 4134
4053 4135
4054 4055
4054 4135
4054 4136
4055 4056
4055 4136
4055 4137
4056 4057
4056 4136
4056 4137
4056 4138
4057 4058
4057 4137
4057 4138
4057 4139
4058 4059
4058 4138
4058 4139
4058 4140
4059 4060
4059 4139
4059 4140
4059 4141
4060 4140
4060 4141
4061 4062
4061 4142
4061 4143
4062 4063
4062 4142
4062 4143
4063 4143
4064 4065
4064 4144
4064 4145
4065 4145
4066 4067
4066 4146
4066 4147
4067 4068
4067 4146
4067 4147
4067 4148
4068 4069
4068 4147
4068 4148
4068 4149
4069 4070
4069 4148
4069 4149
4069 4150
4070 4071
4070 4149
4070 4150
4070 4151
4071 4072
4071 4150
4071 4151
4071 4152
4072 4073
4072 4151
4072 4152
4072 4153
4073 4074
4073 4152
4073 4153
4073 4154
4074 4153
4074 4154
4074 4155
4075 4076
4075 4155
4076 4077
4077 4078
4077 4156
4078 4079
4078 4156
4078 4157
4079 4156
4079 4157
4079 4158
4080 4158
4080 4159
4080 4160
4081 4082
4081 4160
4081 4161
4081 4162
4082 4083
4082 4161
4082 4162
4082 4163
4083 4084
4083 4162
4083 4163
4083 4164
4084 4085
4084 4163
4084 4164
4085 4086
4085 4164
4085 4165
4086 4165
4086 4166
4087 4088
4087 4166
4087 4167
4087 4168
4088 4089
4088 4167
4088 4168
4088 4169
4089 4168
4089 4169
4089 4170
4090 4091
4090 4170
4090 4171
4090 4172
4091 4171
4091 4172
4091 4173
4092 4093
4092 4173
4092 4174
4092 4175
4093 4094
4093 4174
4093 4175
4093 4176
4094 4175
4094 4176
4094 4177
4095 4096
4095 4177
4095 4178
4095 4179
4096 4097
4096 4178
4096 4179
4096 4180
4097 4098
4097 4179
4097 4180
4097 4181
4098 4099
4098 4180
4098 4181
4098 4182
4099 4100
4099 4181
4099 4182
4099 4183
4100 4101
4100 4182
4100 4183
4101 4102
4101 4183
4101 4184
4102 4103
4102 4184
4102 4185
4103 4104
4103 4184
4103 4185
4104 4105
4104 4185
4104 4186
4105 4186
4105 4187
4106 4107
4106 4187
4106 4188
4106 4189
4107 4108
4107 4188
4107 4189
4108 4109
4108 4189
4108 4190
4109 4190
4109 4191
4110 4111
4110 4191
4110 4192
4110 4193
4111 4112
4111 4192
4111 4193
4111 4194
4112 4193
4112 4194
4113 4114
4113 4195
4114 4115
4114 4195
4114 4196
4115 4116
4115 4196
4115 4197
4116 4196
4116 4197
4116 4198
4117 4118
4117 4198
4117 4199
4118 4119
4118 4199
4118 4200
4119 4120
4119 4199
4119 4200
4119 4201
4120 4121
4120 4200
4120 4201
4121 4122
4121 4201
4122 4123
4123 4124
4123 4202
4124 4202
4125 4126
4125 4203
4125 4204
4126 4127
4126 4203
4126 4204
4127 4128
4127 4204
4128 4129
4129 4205
4130 4131
4130 4205
4130 4206
4131 4132
4131 4206
4131 4207
4132 4133
4132 4206
4132 4207
4132 4208
4133 4134
4133 4207
4133 4208
4134 4135
4134 4208
4134 4209
4135 4209
4135 4210
4136 4137
4136 4210
4136 4211
4136 4212
4137 4138
4137 4211
4137 4212
4138 4139
4138 4212
4138 4213
4139 4140
4139 4213
4139 4214
4140 4141
4140 4213
4140 4214
4140 4215
4141 4214
4141 4215
4142 4143
4142 4216
4142 4217
4143 4216
4143 4217
4143 4218
4144 4220
4144 4221
4145 4221
4145 4222
4145 4223
4146 4147
4146 4223
4146 4224
4146 4225
4147 4148
4147 4224
4147 4225
4147 4226
4148 4149
4148 4225
4148 4226
4148 4227
4149 4150
4149 4226
4149 4227
4149 4228
4150 4151
4150 4227
4150 4228
4150 4229
4151 4152
4151 4228
4151 4229
4151 4230
4152 4153
4152 4229
4152 4230
4152 4231
4153 4154
4153 4230
4153 4231
4153 4232
4154 4155
4154 4231
4154 4232
4154 4233
4155 4232
4155 4233
4156 4157
4156 4235
4157 4158
4157 4235
4157 4236
4158 4159
4158 4236
4158 4237
4159 4160
4159 4236
4159 4237
4160 4161
4160 4237
4161 4162
4162 4163
4162 4238
4163 4164
4163 4238
4163 4239
4164 4238
4164 4239
4164 4240
4165 4166
4165 4240
4165 4241
4166 4167
4166 4241
4166 4242
4167 4168
4167 4241
4167 4242
4168 4169
4168 4242
4168 4243
4169 4170
4169 4243
4169 4244
4170 4171
4170 4243
4170 4244
4170 4245
4171 4172
4171 4244
4171 4245
4171 4246
4172 4173
4172 4245
4172 4246
4172 4247
4173 4174
4173 4246
4173 4247
4173 4248
4174 4175
4174 4247
4174 4248
4174 4249
4175 4176
4175 4248
4175 4249
4175 4250
4176 4177
4176 4249
4176 4250
4176 4251
4177 4178
4177 4250
4177 4251
4177 4252
4178 4179
4178 4251
4178 4252
4178 4253
4179 4180
4179 4252
4179 4253
4179 4254
4180 4181
4180 4253
4180 4254
4181 4182
4181 4254
4181 4255
4182 4183
4182 4255
4183 4255
4183 4256
4184 4185
4184 4256
4184 4257
4184 4258
4185 4257
4185 4258
4185 4259
4186 4187
4186 4259
4186 4260
4187 4188
4187 4260
4187 4261
4188 4189
4188 4261
4189 4261
4189 4262
4190 4191
4190 4262
4190 4263
4190 4264
4191 4192
4191 4263
4191 4264
4191 4265
4192 4193
4192 4264
4192 4265
4192 4266
4193 4194
4193 4265
4193 4266
4194 4266
4194 4267
4195 4267
4195 4268
4195 4269
4196 4197
4196 4269
4196 4270
4196 4271
4197 4198
4197 4270
4197 4271
4197 4272
4198 4271
4198 4272
4198 4273
4199 4200
4199 4273
4199 4274
4200 4201
4200 4274
4200 4275
4201 4275
4201 4276
4202 4278
4202 4279
4202 4280
4203 4204
4203 4280
4203 4281
4204 4281
4204 4282
4205 4284
4205 4285
4205 4286
4206 4207
4206 4286
4206 4287
4207 4208
4207 4287
4207 4288
4208 4288
4209 4210
4209 4289
4209 4290
4210 4211
4210 4289
4210 4290
4210 4291
4211 4212
4211 4290
4211 4291
4211 4292
4212 4291
4212 4292
4212 4293
4213 4214
4213 4293
4213 4294
4213 4295
4214 4215
4214 4294
4214 4295
4214 4296
4215 4295
4215 4296
4216 4217
4216 4297
4216 4298
4217 4218
4217 4297
4217 4298
4217 4299
4218 4298
4218 4299
4218 4300
4219 4300
4219 4301
4220 4221
4220 4302
4220 4303
4221 4222
4221 4302
4221 4303
4221 4304
4222 4223
4222 4303
4222 4304
4222 4305
4223 4224
4223 4304
4223 4305
4223 4306
4224 4225
4224 4305
4224 4306
4225 4226
4225 4306
4226 4227
4226 4307
4227 4228
4227 4307
4228 4229
4228 4307
4228 4308
4229 4230
4229 4308
4229 4309
4230 4231
4230 4308
4230 4309
4231 4232
4231 4309
4231 4310
4232 4233
4232 4310
4232 4311
4233 4310
4233 4311
4233 4312
4234 4312
4234 4313
4234 4314
4235 4314
4235 4315
4235 4316
4236 4237
4236 4316
4236 4317
4236 4318
4237 4317
4237 4318
4237 4319
4238 4239
4238 4321
4238 4322
4238 4323
4239 4240
4239 4322
4239 4323
4239 4324
4240 4323
4240 4324
4240 4325
4241 4242
4241 4325
4241 4326
4241 4327
4242 4326
4242 4327
4242 4328
4243 4244
4243 4328
4243 4329
4243 4330
4244 4245
4244 4329
4244 4330
4244 4331
4245 4246
4245 4330
4245 4331
4246 4247
4246 4331
4247 4248
4247 4332
4248 4249
4248 4332
4248 4333
4249 4250
4249 4332
4249 4333
4249 4334
4250 4251
4250 4333
4250 4334
4250 4335
4251 4252
4251 4334
4251 4335
4251 4336
4252 4253
4252 4335
4252 4336
4252 4337
4253 4254
4253 4336
4253 4337
4253 4338
4254 4337
4254 4338
4254 4339
4255 4339
4255 4340
4255 4341
4256 4257
4256 4341
4256 4342
4257 4258
4257 4342
4257 4343
4258 4259
4258 4342
4258 4343
4258 4344
4259 4260
4259 4343
4259 4344
4260 4344
4260 4345
4261 4345
4261 4346
4261 4347
4262 4263
4262 4347
4262 4348
4262 4349
4263 4264
4263 4348
4263 4349
4263 4350
4264 4265
4264 4349
4264 4350
4264 4351
4265 4266
4265 4350
4265 4351
4265 4352
4266 4351
4266 4352
4266 4353
4267 4268
4267 4353
4267 4354
4267 4355
4268 4269
4268 4354
4268 4355
4268 4356
4269 4270
4269 4355
4269 4356
4269 4357
4270 4271
4270 4356
4270 4357
4270 4358
4271 4272
4271 4357
4271 4358
4271 4359
4272 4273
4272 4358
4272 4359
4272 4360
4273 4274
4273 4359
4273 4360
4273 4361
4274 4360
4274 4361
4274 4362
4275 4276
4275 4362
4275 4363
4275 4364
4276 4277
4276 4363
4276 4364
4276 4365
4277 4278
4277 4364
4277 4365
4277 4366
4278 4279
4278 4365
4278 4366
4278 4367
4279 4280
4279 4366
4279 4367
4279 4368
4280 4367
4280 4368
4280 4369
4281 4282
4281 4369
4281 4370
4281 4371
4282 4283
4282 4370
4282 4371
4282 4372
4283 4284
4283 4371
4283 4372
4283 4373
4284 4285
4284 4372
4284 4373
4285 4286
4285 4373
4285 4374
4286 4287
4286 4374
4286 4375
4287 4374
4287 4375
4287 4376
4288 4376
4289 4290
4289 4377
4289 4378
4290 4291
4290 4377
4290 4378
4290 4379
4291 4292
4291 4378
4291 4379
4291 4380
4292 4293
4292 4379
4292 4380
4292 4381
4293 4294
4293 4380
4293 4381
4293 4382
4294 4295
4294 4381
4294 4382
4294 4383
4295 4296
4295 4382
4295 4383
4295 4384
4296 4383
4296 4384
4297 4298
4297 4385
4298 4299
4298 4385
4299 4300
4300 4301
4300 4386
4301 4386
4301 4387
4302 4303
4302 4387
4302 4388
4303 4304
4303 4388
4303 4389
4304 4305
4304 4389
4304 4390
4305 4306
4305 4389
4305 4390
4305 4391
4306 4390
4306 4391
4306 4392
4307 4393
4307 4394
4307 4395
4308 4309
4308 4395
4308 4396
4308 4397
4309 4396
4309 4397
4309 4398
4310 4311
4310 4398
4310 4399
4310 4400
4311 4312
4311 4399
4311 4400
4311 4401
4312 4313
4312 4400
4312 4401
4312 4402
4313 4314
4313 4401
4313 4402
4313 4403
4314 4315
4314 4402
4314 4403
4314 4404
4315 4316
4315 4403
4315 4404
4315 4405
4316 4317
4316 4404
4316 4405
4317 4318
4317 4405
4318 4319
4318 4406
4319 4320
4319 4406
4319 4407
4320 4321
4320 4406
4320 4407
4320 4408
4321 4322
4321 4407
4321 4408
4321 4409
4322 4323
4322 4408
4322 4409
4322 4410
4323 4324
4323 4409
4323 4410
4323 4411
4324 4325
4324 4410
4324 4411
4324 4412
4325 4326
4325 4411
4325 4412
4325 4413
4326 4327
4326 4412
4326 4413
4326 4414
4327 4328
4327 4413
4327 4414
4327 4415
4328 4329
4328 4414
4328 4415
4328 4416
4329 4330
4329 4415
4329 4416
4329 4417
4330 4331
4330 4416
4330 4417
4330 4418
4331 4417
4331 4418
4332 4333
4332 4419
4333 4334
4333 4419
4333 4420
4334 4335
4334 4420
4334 4421
4335 4336
4335 4420
4335 4421
4335 4422
4336 4337
4336 4421
4336 4422
4336 4423
4337 4338
4337 4422
4337 4423
4338 4339
4338 4423
4339 4340
4339 4424
4340 4341
4340 4424
4340 4425
4341 4424
4341 4425
4341 4426
4342 4343
4342 4426
4342 4427
4342 4428
4343 4344
4343 4427
4343 4428
4343 4429
4344 4428
4344 4429
4344 4430
4345 4346
4345 4430
4345 4431
4345 4432
4346 4347
4346 4431
4346 4432
4346 4433
4347 4348
4347 4432
4347 4433
4348 4349
4348 4433
4348 4434
4349 4350
4349 4434
4350 4351
4350 4434
4350 4435
4351 4352
4351 4435
4351 4436
4352 4353
4352 4435
4352 4436
4352 4437
4353 4354
4353 4436
4353 4437
4353 4438
4354 4355
4354 4437
4354 4438
4354 4439
4355 4356
4355 4438
4355 4439
4355 4440
4356 4357
4356 4439
4356 4440
4356 4441
4357 4358
4357 4440
4357 4441
4358 4359
4358 4441
4358 4442
4359 4360
4359 4442
4359 4443
4360 4361
4360 4442
4360 4443
4360 4444
4361 4362
4361 4443
4361 4444
4361 4445
4362 4363
4362 4444
4362 4445
4362 4446
4363 4364
4363 4445
4363 4446
4364 4365
4364 4446
4364 4447
4365 4366
4365 4447
4366 4367
4366 4447
4366 4448
4367 4368
4367 4448
4368 4369
4368 4448
4369 4370
4369 4449
4370 4371
4370 4449
4371 4372
4371 4449
4372 4373
4372 4450
4373 4450
4373 4451
4374 4375
4374 4451
4374 4452
4374 4453
4375 4376
4375 4452
4375 4453
4375 4454
4376 4453
4376 4454
4376 4455
4377 4378
4377 4456
4377 4457
4377 4458
4378 4379
4378 4457
4378 4458
4378 4459
4379 4380
4379 4458
4379 4459
4379 4460
4380 4381
4380 4459
4380 4460
4380 4461
4381 4382
4381 4460
4381 4461
4381 4462
4382 4383
4382 4461
4382 4462
4383 4384
4383 4462
4383 4463
4384 4463
4385 4464
4385 4465
4386 4387
4386 4466
4386 4467
4387 4388
4387 4466
4387 4467
4388 4467
4388 4468
4389 4390
4389 4468
4389 4469
4389 4470
4390 4391
4390 4469
4390 4470
4390 4471
4391 4392
4391 4470
4391 4471
4391 4472
4392 4393
4392 4471
4392 4472
4393 4394
4393 4472
4393 4473
4394 4395
4394 4473
4395 4396
4395 4473
4395 4474
4396 4397
4396 4474
4396 4475
4397 4398
4397 4474
4397 4475
4398 4399
4398 4475
4399 4400
4399 4476
4400 4401
4400 4476
4401 4402
4401 4476
4402 4403
4402 4477
4403 4404
4403 4477
4403 4478
4404 4405
4404 4477
4404 4478
4404 4479
4405 4478
4405 4479
4406 4407
4406 4480
4406 4481
4406 4482
4407 4408
4407 4481
4407 4482
4407 4483
4408 4409
4408 4482
4408 4483
4408 4484
4409 4410
4409 4483
4409 4484
4409 4485
4410 4411
4410 4484
4410 4485
4410 4486
4411 4412
4411 4485
4411 4486
4411 4487
4412 4413
4412 4486
4412 4487
4413 4414
4413 4487
4414 4415
4414 4488
4415 4416
4415 4488
4415 4489
4416 4417
4416 4488
4416 4489
4416 4490
4417 4418
4417 4489
4417 4490
4417 4491
4418 4490
4418 4491
4419 4492
4419 4493
4419 4494
4420 4421
4420 4494
4420 4495
4421 4422
4421 4495
4421 4496
4422 4423
4422 4496
4422 4497
4423 4496
4423 4497
4423 4498
4424 4425
4424 4499
4424 4500
4425 4426
4425 4500
4425 4501
4426 4427
4426 4500
4426 4501
4427 4428
4427 4501
4427 4502
4428 4429
4428 4502
4428 4503
4429 4430
4429 4502
4429 4503
4430 4431
4430 4503
4430 4504
4431 4432
4431 4504
4431 4505
4432 4433
4432 4504
4432 4505
4432 4506
4433 4505
4433 4506
4433 4507
4434 4507
4434 4508
4434 4509
4435 4436
4435 4509
4435 4510
4435 4511
4436 4437
4436 4510
4436 4511
4436 4512
4437 4438
4437 4511
4437 4512
4438 4439
4438 4512
4438 4513
4439 4440
4439 4513
4439 4514
4440 4441
4440 4513
4440 4514
4440 4515
4441 4514
4441 4515
4441 4516
4442 4443
4442 4516
4442 4517
4442 4518
4443 4444
4443 4517
4443 4518
4443 4519
4444 4445
4444 4518
4444 4519
4444 4520
4445 4446
4445 4519
4445 4520
4445 4521
4446 4520
4446 4521
4446 4522
4447 4522
4447 4523
4447 4524
4448 4524
4448 4525
4448 4526
4449 4527
4449 4528
4449 4529
4450 4451
4450 4530
4450 4531
4450 4532
4451 4452
4451 4531
4451 4532
4451 4533
4452 4453
4452 4532
4452 4533
4452 4534
4453 4454
4453 4533
4453 4534
4453 4535
4454 4455
4454 4534
4454 4535
4454 4536
4455 4456
4455 4535
4455 4536
4455 4537
4456 4457
4456 4536
4456 4537
4456 4538
4457 4458
4457 4537
4457 4538
4457 4539
4458 4459
4458 4538
4458 4539
4458 4540
4459 4460
4459 4539
4459 4540
4459 4541
4460 4461
4460 4540
4460 4541
4460 4542
4461 4462
4461 4541
4461 4542
4461 4543
4462 4542
4462 4543
4462 4544
4463 4544
4463 4545
4464 4465
4464 4546
4464 4547
4465 4546
4465 4547
4465 4548
4466 4467
4466 4549
4466 4550
4467 4550
4467 4551
4468 4469
4468 4551
4468 4552
4468 4553
4469 4470
4469 4552
4469 4553
4469 4554
4470 4471
4470 4553
4470 4554
4470 4555
4471 4472
4471 4554
4471 4555
4472 4555
4472 4556
4473 4556
4473 4557
4473 4558
4474 4475
4474 4558
4474 4559
4474 4560
4475 4559
4475 4560
4475 4561
4476 4562
4476 4563
4477 4478
4477 4564
4477 4565
4477 4566
4478 4479
4478 4565
4478 4566
4478 4567
4479 4566
4479 4567
4479 4568
4480 4481
4480 4568
4480 4569
4481 4482
4481 4569
4481 4570
4482 4483
4482 4570
4482 4571
4483 4484
4483 4570
4483 4571
4483 4572
4484 4485
4484 4571
4484 4572
4485 4486
4485 4572
4485 4573
4486 4487
4486 4573
4487 4573
4487 4574
4488 4489
4488 4575
4488 4576
4489 4490
4489 4575
4489 4576
4489 4577
4490 4491
4490 4576
4490 4577
4490 4578
4491 4577
4491 4578
4492 4493
4492 4579
4493 4494
4493 4579
4493 4580
4494 4495
4494 4580
4495 4580
4495 4581
4496 4497
4496 4581
4496 4582
4497 4498
4497 4582
4497 4583
4498 4499
4498 4582
4498 4583
4498 4584
4499 4583
4499 4584
4499 4585
4500 4501
4500 4585
4500 4586
4500 4587
4501 4586
4501 4587
4501 4588
4502 4503
4502 4588
4502 4589
4502 4590
4503 4589
4503 4590
4503 4591
4504 4505
4504 4591
4504 4592
4505 4506
4505 4592
4505 4593
4506 4507
4506 4593
4506 4594
4507 4508
4507 4593
4507 4594
4508 4509
4508 4594
4509 4510
4509 4595
4510 4511
4510 4595
4510 4596
4511 4512
4511 4595
4511 4596
4512 4596
4512 4597
4513 4514
4513 4597
4513 4598
4513 4599
4514 4515
4514 4598
4514 4599
4514 4600
4515 4516
4515 4599
4515 4600
4515 4601
4516 4517
4516 4600
4516 4601
4517 4518
4517 4601
4517 4602
4518 4519
4518 4602
4518 4603
4519 4520
4519 4602
4519 4603
4519 4604
4520 4521
4520 4603
4520 4604
4520 4605
4521 4522
4521 4604
4521 4605
4521 4606
4522 4523
4522 4605
4522 4606
4522 4607
4523 4524
4523 4606
4523 4607
4523 4608
4524 4525
4524 4607
4524 4608
4524 4609
4525 4526
4525 4608
4525 4609
4525 4610
4526 4527
4526 4609
4526 4610
4526 4611
4527 4528
4527 4610
4527 4611
4527 4612
4528 4529
4528 4611
4528 4612
4528 4613
4529 4530
4529 4612
4529 4613
4530 4531
4530 4613
4530 4614
4531 4532
4531 4614
4531 4615
4532 4533
4532 4614
4532 4615
4532 4616
4533 4534
4533 4615
4533 4616
4533 4617
4534 4535
4534 4616
4534 4617
4534 4618
4535 4536
4535 4617
4535 4618
4536 4537
4536 4618
4536 4619
4537 4538
4537 4619
4537 4620
4538 4539
4538 4619
4538 4620
4538 4621
4539 4540
4539 4620
4539 4621
4540 4541
4540 4621
4540 4622
4541 4542
4541 4622
4541 4623
4542 4543
4542 4622
4542 4623
4542 4624
4543 4544
4543 4623
4543 4624
4543 4625
4544 4545
4544 4624
4544 4625
4544 4626
4545 4625
4545 4626
4546 4547
4546 4627
4547 4548
4547 4627
4547 4628
4548 4549
4548 4628
4548 4629
4549 4550
4549 4628
4549 4629
4550 4629
4551 4552
4551 4630
4551 4631
4552 4553
4552 4630
4552 4631
4552 4632
4553 4554
4553 4631
4553 4632
4553 4633
4554 4555
4554 4632
4554 4633
4554 4634
4555 4633
4555 4634
4555 4635
4556 4557
4556 4635
4556 4636
4557 4558
4557 4636
4557 4637
4558 4559
4558 4637
4558 4638
4559 4560
4559 4637
4559 4638
4559 4639
4560 4561
4560 4638
4560 4639
4560 4640
4561 4639
4561 4640
4561 4641
4562 4563
4562 4641
4562 4642
4562 4643
4563 4564
4563 4642
4563 4643
4564 4565
4564 4643
4564 4644
4565 4566
4565 4644
4565 4645
4566 4567
4566 4644
4566 4645
4566 4646
4567 4568
4567 4645
4567 4646
4567 4647
4568 4569
4568 4646
4568 4647
4568 4648
4569 4647
4569 4648
4570 4571
4571 4572
4571 4649
4572 4649
4572 4650
4573 4650
4573 4651
4574 4651
4574 4652
4574 4653
4575 4576
4575 4653
4575 4654
4576 4577
4576 4654
4576 4655
4577 4578
4577 4655
4577 4656
4578 4655
4578 4656
4578 4657
4579 4657
4579 4658
4579 4659
4580 4659
4580 4660
4580 4661
4581 4661
4581 4662
4582 4583
4582 4663
4583 4584
4583 4663
4583 4664
4584 4585
4584 4664
4584 4665
4585 4586
4585 4664
4585 4665
4586 4587
4586 4665
4586 4666
4587 4588
4587 4666
4588 4589
4588 4666
4588 4667
4589 4590
4589 4667
4590 4591
4590 4667
4590 4668
4591 4592
4591 4668
4592 4668
4593 4594
4593 4669
4593 4670
4594 4669
4594 4670
4595 4596
4595 4671
4595 4672
4596 4672
4596 4673
4597 4598
4597 4673
4597 4674
4598 4599
4598 4674
4599 4600
4599 4675
4600 4601
4600 4675
4601 4675
4601 4676
4602 4603
4602 4676
4602 4677
4603 4604
4603 4677
4603 4678
4604 4605
4604 4677
4604 4678
4604 4679
4605 4606
4605 4678
4605 4679
4605 4680
4606 4607
4606 4679
4606 4680
4606 4681
4607 4608
4607 4680
4607 4681
4607 4682
4608 4609
4608 4681
4608 4682
4608 4683
4609 4610
4609 4682
4609 4683
4609 4684
4610 4611
4610 4683
4610 4684
4610 4685
4611 4612
4611 4684
4611 4685
4611 4686
4612 4613
4612 4685
4612 4686
4613 4686
4613 4687
4614 4615
4614 4687
4614 4688
4614 4689
4615 4616
4615 4688
4615 4689
4615 4690
4616 4617
4616 4689
4616 4690
4616 4691
4617 4618
4617 4690
4617 4691
4617 4692
4618 4691
4618 4692
4619 4620
4619 4693
4619 4694
4620 4621
4620 4693
4620 4694
4620 4695
4621 4694
4621 4695
4621 4696
4622 4623
4622 4696
4622 4697
4622 4698
4623 4624
4623 4697
4623 4698
4623 4699
4624 4625
4624 4698
4624 4699
4624 4700
4625 4626
4625 4699
4625 4700
4625 4701
4626 4700
4626 4701
4627 4702
4627 4703
4628 4629
4628 4703
4630 4631
4631 4632
4631 4704
4632 4633
4632 4704
4632 4705
4633 4634
4633 4704
4633 4705
4634 4635
4634 4705
4634 4706
4635 4636
4635 4706
4636 4706
4637 4638
4637 4707
4638 4639
4638 4707
4638 4708
4639 4640
4639 4707
4639 4708
4640 4641
4640 4708
4640 4709
4641 4642
4641 4709
4641 4710
4642 4643
4642 4709
4642 4710
4642 4711
4643 4710
4643 4711
4643 4712
4644 4645
4644 4712
4644 4713
4644 4714
4645 4646
4645 4713
4645 4714
4645 4715
4646 4647
4646 4714
4646 4715
4647 4648
4647 4715
4649 4650
4649 4717
4649 4718
4650 4718
4650 4719
4651 4652
4651 4719
4651 4720
4651 4721
4652 4653
4652 4720
4652 4721
4652 4722
4653 4654
4653 4721
4653 4722
4653 4723
4654 4722
4654 4723
4654 4724
4655 4656
4655 4724
4655 4725
4655 4726
4656 4657
4656 4725
4656 4726
4656 4727
4657 4658
4657 4726
4657 4727
4657 4728
4658 4659
4658 4727
4658 4728
4658 4729
4659 4660
4659 4728
4659 4729
4660 4661
4660 4729
4660 4730
4661 4662
4661 4730
4662 4730
4662 4731
4663 4731
4663 4732
4664 4665
4664 4732
4665 4733
4666 4733
4666 4734
4666 4735
4667 4735
4667 4736
4668 4737
4668 4738
4669 4670
4669 4739
4669 4740
4669 4741
4670 4740
4670 4741
4671 4742
4671 4743
4672 4673
4672 4743
4672 4744
4673 4674
4673 4744
4673 4745
4674 4745
4674 4746
4675 4747
4675 4748
4675 4749
4676 4749
4676 4750
4677 4678
4677 4751
4677 4752
4678 4679
4678 4751
4678 4752
4678 4753
4679 4680
4679 4752
4679 4753
4679 4754
4680 4681
4680 4753
4680 4754
4681 4682
4681 4754
4682 4683
4682 4755
4683 4684
4683 4755
4683 4756
4684 4685
4684 4755
4684 4756
4684 4757
4685 4686
4685 4756
4685 4757
4685 4758
4686 4757
4686 4758
4686 4759
4687 4688
4687 4759
4687 4760
4687 4761
4688 4689
4688 4760
4688 4761
4689 4690
4689 4761
4689 4762
4690 4691
4690 4762
4690 4763
4691 4692
4691 4762
4691 4763
4691 4764
4692 4763
4692 4764
4692 4765
4693 4694
4693 4765
4693 4766
4694 4695
4694 4766
4695 4696
4695 4767
4696 4697
4696 4767
4696 4768
4697 4698
4697 4767
4697 4768
4697 4769
4698 4699
4698 4768
4698 4769
4698 4770
4699 4700
4699 4769
4699 4770
4699 4771
4700 4701
4700 4770
4700 4771
4700 4772
4701 4771
4701 4772
4702 4703
4702 4773
4703 4773
4703 4774
4704 4705
4704 4777
4704 4778
4704 4779
4705 4778
4705 4779
4705 4780
4706 4780
4706 4781
4706 4782
4707 4708
4707 4784
4707 4785
4707 4786
4708 4785
4708 4786
4708 4787
4709 4710
4709 4787
4710 4711
4711 4712
4711 4788
4712 4713
4712 4788
4713 4714
4713 4788
4713 4789
4714 4715
4714 4789
4714 4790
4715 4789
4715 4790
4715 4791
4716 4717
4716 4792
4716 4793
4717 4792
4717 4793
4717 4794
4718 4719
4718 4794
4718 4795
4718 4796
4719 4720
4719 4795
4719 4796
4719 4797
4720 4721
4720 4796
4720 4797
4720 4798
4721 4722
4721 4797
4721 4798
4722 4723
4722 4798
4722 4799
4723 4724
4723 4799
4724 4725
4724 4799
4725 4726
4725 4800
4726 4727
4726 4800
4726 4801
4727 4728
4727 4800
4727 4801
4727 4802
4728 4729
4728 4801
4728 4802
4729 4802
4729 4803
4730 4803
4730 4804
4730 4805
4731 4805
4731 4806
4732 4807
4732 4808
4733 4734
4733 4809
4733 4810
4733 4811
4734 4735
4734 4810
4734 4811
4735 4736
4735 4811
4736 4812
4737 4738
4737 4812
4737 4813
4737 4814
4738 4739
4738 4813
4738 4814
4738 4815
4739 4740
4739 4814
4739 4815
4739 4816
4740 4741
4740 4815
4740 4816
4740 4817
4741 4816
4741 4817
4741 4818
4742 4743
4742 4818
4742 4819
4742 4820
4743 4744
4743 4819
4743 4820
4743 4821
4744 4820
4744 4821
4744 4822
4745 4746
4745 4822
4745 4823
4746 4747
4746 4823
4746 4824
4747 4748
4747 4824
4747 4825
4748 4749
4748 4824
4748 4825
4749 4750
4749 4825
4749 4826
4750 4826
4750 4827
4751 4752
4751 4827
4751 4828
4751 4829
4752 4753
4752 4828
4752 4829
4752 4830
4753 4754
4753 4829
4753 4830
4753 4831
4754 4830
4754 4831
4754 4832
4755 4756
4755 4833
4755 4834
4755 4835
4756 4757
4756 4834
4756 4835
4756 4836
4757 4758
4757 4835
4757 4836
4757 4837
4758 4759
4758 4836
4758 4837
4758 4838
4759 4760
4759 4837
4759 4838
4759 4839
4760 4761
4760 4838
4760 4839
4760 4840
4761 4839
4761 4840
4762 4763
4762 4841
4762 4842
4763 4764
4763 4841
4763 4842
4763 4843
4764 4765
4764 4842
4764 4843
4764 4844
4765 4766
4765 4843
4765 4844
4765 4845
4766 4844
4766 4845
4766 4846
4767 4768
4767 4847
4767 4848
4767 4849
4768 4769
4768 4848
4768 4849
4768 4850
4769 4770
4769 4849
4769 4850
4769 4851
4770 4771
4770 4850
4770 4851
4770 4852
4771 4772
4771 4851
4771 4852
4771 4853
4772 4852
4772 4853
4773 4854
4774 4855
4774 4856
4775 4776
4775 4857
4775 4858
4776 4777
4776 4858
4776 4859
4777 4778
4777 4858
4777 4859
4777 4860
4778 4779
4778 4859
4778 4860
4778 4861
4779 4780
4779 4860
4779 4861
4779 4862
4780 4781
4780 4861
4780 4862
4780 4863
4781 4782
4781 4862
4781 4863
4781 4864
4782 4783
4782 4863
4782 4864
4782 4865
4783 4784
4783 4864
4783 4865
4783 4866
4784 4785
4784 4865
4784 4866
4785 4786
4785 4866
4785 4867
4786 4787
4786 4867
4786 4868
4787 4867
4787 4868
4787 4869
4788 4870
4788 4871
4789 4790
4789 4871
4789 4872
4789 4873
4790 4791
4790 4872
4790 4873
4791 4873
4791 4874
4792 4793
4792 4875
4793 4794
4793 4876
4794 4795
4794 4876
4794 4877
4795 4796
4795 4876
4795 4877
4796 4797
4796 4877
4797 4798
4799 4878
4799 4879
4800 4801
4800 4880
4800 4881
4800 4882
4801 4802
4801 4881
4801 4882
4801 4883
4802 4882
4802 4883
4803 4804
4803 4884
4803 4885
4804 4805
4804 4884
4804 4885
4805 4806
4805 4885
4805 4886
4806 4886
4806 4887
4807 4808
4807 4887
4807 4888
4807 4889
4808 4809
4808 4888
4808 4889
4808 4890
4809 4810
4809 4889
4809 4890
4809 4891
4810 4811
4810 4890
4810 4891
4810 4892
4811 4891
4811 4892
4811 4893
4812 4813
4812 4894
4812 4895
4813 4814
4813 4895
4813 4896
4814 4815
4814 4895
4814 4896
4814 4897
4815 4816
4815 4896
4815 4897
4815 4898
4816 4817
4816 4897
4816 4898
4817 4818
4817 4898
4817 4899
4818 4819
4818 4899
4818 4900
4819 4820
4819 4899
4819 4900
4819 4901
4820 4821
4820 4900
4820 4901
4821 4822
4821 4901
4821 4902
4822 4823
4822 4902
4822 4903
4823 4902
4823 4903
4823 4904
4824 4825
4824 4904
4824 4905
4824 4906
4825 4905
4825 4906
4825 4907
4826 4827
4826 4907
4826 4908
4826 4909
4827 4828
4827 4908
4827 4909
4827 4910
4828 4829
4828 4909
4828 4910
4829 4830
4829 4910
4829 4911
4830 4831
4830 4911
4830 4912
4831 4832
4831 4911
4831 4912
4831 4913
4832 4833
4832 4912
4832 4913
4833 4834
4833 4913
4833 4914
4834 4835
4834 4914
4834 4915
4835 4836
4835 4914
4835 4915
4836 4837
4836 4915
4837 4838
4837 4916
4838 4839
4838 4916
4838 4917
4839 4840
4839 4916
4839 4917
4839 4918
4840 4917
4840 4918
4841 4842
4841 4919
4841 4920
4842 4843
4842 4919
4842 4920
4842 4921
4843 4844
4843 4920
4843 4921
4844 4845
4844 4921
4845 4846
4845 4922
4846 4847
4846 4922
4846 4923
4847 4848
4847 4922
4847 4923
4847 4924
4848 4849
4848 4923
4848 4924
4849 4850
4849 4924
4849 4925
4850 4851
4850 4925
4850 4926
4851 4852
4851 4925
4851 4926
4851 4927
4852 4853
4852 4926
4852 4927
4853 4927
4854 4928
4854 4929
4855 4856
4855 4929
4855 4930
4855 4931
4856 4857
4856 4930
4856 4931
4856 4932
4857 4931
4857 4932
4858 4859
4858 4933
4859 4860
4859 4933
4859 4934
4860 4861
4860 4934
4861 4862
4861 4934
4861 4935
4862 4863
4862 4935
4862 4936
4863 4864
4863 4935
4863 4936
4863 4937
4864 4865
4864 4936
4864 4937
4864 4938
4865 4866
4865 4937
4865 4938
4865 4939
4866 4938
4866 4939
4867 4868
4867 4940
4868 4869
4868 4940
4869 4941
4870 4871
4870 4942
4870 4943
4871 4872
4871 4942
4871 4943
4872 4873
4872 4943
4872 4944
4873 4944
4873 4945
4874 4875
4874 4945
4874 4946
4874 4947
4875 4946
4875 4947
4875 4948
4876 4877
4876 4949
4876 4950
4876 4951
4877 4950
4877 4951
4878 4879
4878 4954
4878 4955
4879 4880
4879 4954
4879 4955
4879 4956
4880 4881
4880 4955
4880 4956
4880 4957
4881 4882
4881 4956
4881 4957
4881 4958
4882 4883
4882 4957
4882 4958
4882 4959
4883 4958
4883 4959
4883 4960
4884 4885
4884 4960
4884 4961
4884 4962
4885 4961
4885 4962
4885 4963
4886 4887
4886 4963
4886 4964
4886 4965
4887 4888
4887 4964
4887 4965
4887 4966
4888 4889
4888 4965
4888 4966
4889 4890
4889 4966
4889 4967
4890 4891
4890 4967
4891 4892
4891 4967
4891 4968
4892 4893
4892 4968
4892 4969
4893 4894
4893 4968
4893 4969
4893 4970
4894 4969
4894 4970
4895 4896
4895 4971
4896 4897
4896 4971
4896 4972
4897 4898
4897 4971
4897 4972
4897 4973
4898 4972
4898 4973
4898 4974
4899 4900
4899 4974
4899 4975
4900 4901
4900 4975
4901 4975
4901 4976
4902 4903
4902 4976
4902 4977
4902 4978
4903 4904
4903 4977
4903 4978
4903 4979
4904 4905
4904 4978
4904 4979
4904 4980
4905 4906
4905 4979
4905 4980
4905 4981
4906 4907
4906 4980
4906 4981
4906 4982
4907 4908
4907 4981
4907 4982
4907 4983
4908 4909
4908 4982
4908 4983
4908 4984
4909 4910
4909 4983
4909 4984
4909 4985
4910 4984
4910 4985
4910 4986
4911 4912
4911 4986
4911 4987
4911 4988
4912 4913
4912 4987
4912 4988
4913 4988
4913 4989
4914 4915
4914 4989
4914 4990
4914 4991
4915 4990
4915 4991
4916 4917
4916 4992
4916 4993
4916 4994
4917 4918
4917 4993
4917 4994
4918 4994
4918 4995
4919 4920
4919 4995
4919 4996
4919 4997
4920 4921
4920 4996
4920 4997
4921 4997
4921 4998
4922 4923
4922 4999
4922 5000
4922 5001
4923 4924
4923 5000
4923 5001
4923 5002
4924 5001
4924 5002
4924 5003
4925 4926
4925 5003
4925 5004
4926 4927
4926 5004
4926 5005
4927 5004
4927 5005
4927 5006
4928 4929
4928 5007
4928 5008
4929 4930
4929 5007
4929 5008
4929 5009
4930 4931
4930 5008
4930 5009
4931 4932
4931 5009
4931 5010
4932 5010
4932 5011
4933 5011
4933 5012
4933 5013
4934 5013
4934 5014
4935 4936
4935 5014
4935 5015
4935 5016
4936 4937
4936 5015
4936 5016
4936 5017
4937 4938
4937 5016
4937 5017
4937 5018
4938 4939
4938 5017
4938 5018
4938 5019
4939 5018
4939 5019
4939 5020
4940 5020
4940 5021
4940 5022
4941 5023
4941 5024
4942 4943
4942 5024
4942 5025
4943 5025
4944 4945
4944 5026
4944 5027
4945 4946
4945 5026
4945 5027
4946 4947
4946 5027
4946 5028
4947 4948
4947 5028
4948 4949
4948 5028
4949 4950
4949 5029
4950 4951
4950 5029
4950 5030
4951 5029
4951 5030
4951 5031
4952 4953
4952 5031
4952 5032
4952 5033
4953 5032
4953 5033
4953 5034
4954 4955
4954 5034
4954 5035
4954 5036
4955 4956
4955 5035
4955 5036
4955 5037
4956 4957
4956 5036
4956 5037
4956 5038
4957 4958
4957 5037
4957 5038
4957 5039
4958 4959
4958 5038
4958 5039
4959 4960
4959 5039
4959 5040
4960 4961
4960 5040
4960 5041
4961 4962
4961 5040
4961 5041
4961 5042
4962 4963
4962 5041
4962 5042
4962 5043
4963 4964
4963 5042
4963 5043
4963 5044
4964 4965
4964 5043
4964 5044
4964 5045
4965 4966
4965 5044
4965 5045
4965 5046
4966 5045
4966 5046
4966 5047
4967 5047
4967 5048
4967 5049
4968 4969
4968 5049
4968 5050
4969 4970
4969 5050
4969 5051
4970 5051
4970 5052
4971 4972
4971 5053
4971 5054
4972 4973
4972 5054
4972 5055
4973 4974
4973 5054
4973 5055
4973 5056
4974 5055
4974 5056
4974 5057
4975 5057
4975 5058
4975 5059
4976 4977
4976 5059
4976 5060
4977 4978
4977 5060
4977 5061
4978 4979
4978 5061
4978 5062
4979 4980
4979 5061
4979 5062
4980 4981
4980 5062
4980 5063
4981 4982
4981 5063
4981 5064
4982 4983
4982 5063
4982 5064
4982 5065
4983 4984
4983 5064
4983 5065
4984 4985
4984 5065
4984 5066
4985 4986
4985 5066
4985 5067
4986 4987
4986 5066
4986 5067
4986 5068
4987 4988
4987 5067
4987 5068
4988 5068
4988 5069
4989 4990
4989 5069
4989 5070
4989 5071
4990 4991
4990 5070
4990 5071
4990 5072
4991 5071
4991 5072
4991 5073
4992 4993
4992 5073
4992 5074
4993 4994
4993 5074
4993 5075
4994 5074
4994 5075
4994 5076
4995 4996
4995 5076
4995 5077
4996 4997
4996 5077
4996 5078
4997 5078
4997 5079
4998 4999
4998 5079
4998 5080
4998 5081
4999 5000
4999 5080
4999 5081
4999 5082
5000 5001
5000 5081
5000 5082
5000 5083
5001 5002
5001 5082
5001 5083
5001 5084
5002 5003
5002 5083
5002 5084
5002 5085
5003 5084
5003 5085
5003 5086
5004 5005
5004 5086
5004 5087
5004 5088
5005 5006
5005 5087
5005 5088
5005 5089
5006 5088
5006 5089
5007 5008
5007 5090
5008 5009
5008 5090
5008 5091
5009 5091
5009 5092
5010 5011
5010 5092
5011 5012
5011 5093
5012 5013
5012 5093
5012 5094
5013 5093
5013 5094
5013 5095
5014 5015
5014 5095
5014 5096
5014 5097
5015 5016
5015 5096
5015 5097
5015 5098
5016 5017
5016 5097
5016 5098
5016 5099
5017 5018
5017 5098
5017 5099
5017 5100
5018 5019
5018 5099
5018 5100
5018 5101
5019 5020
5019 5100
5019 5101
5019 5102
5020 5021
5020 5101
5020 5102
5020 5103
5021 5022
5021 5102
5021 5103
5021 5104
5022 5103
5022 5104
5022 5105
5023 5024
5023 5105
5023 5106
5024 5106
5024 5107
5025 5107
5025 5108
5025 5109
5026 5027
5026 5109
5026 5110
5026 5111
5027 5110
5027 5111
5028 5112
5029 5030
5029 5113
5029 5114
5030 5031
5030 5113
5030 5114
5030 5115
5031 5032
5031 5114
5031 5115
5032 5033
5032 5115
5032 5116
5033 5034
5033 5116
5033 5117
5034 5035
5034 5116
5034 5117
5034 5118
5035 5036
5035 5117
5035 5118
5035 5119
5036 5037
5036 5118
5036 5119
5036 5120
5037 5038
5037 5119
5037 5120
5037 5121
5038 5039
5038 5120
5038 5121
5038 5122
5039 5121
5039 5122
5040 5041
5040 5123
5040 5124
5041 5042
5041 5123
5041 5124
5041 5125
5042 5043
5042 5124
5042 5125
5042 5126
5043 5044
5043 5125
5043 5126
5044 5045
5044 5126
5044 5127
5045 5046
5045 5127
5045 5128
5046 5047
5046 5127
5046 5128
5046 5129
5047 5048
5047 5128
5047 5129
5047 5130
5048 5049
5048 5129
5048 5130
5048 5131
5049 5050
5049 5130
5049 5131
5049 5132
5050 5131
5050 5132
5050 5133
5051 5052
5051 5133
5051 5134
5052 5053
5052 5134
5052 5135
5053 5135
5053 5136
5054 5055
5054 5136
5054 5137
5055 5056
5055 5137
5055 5138
5056 5057
5056 5138
5056 5139
5057 5058
5057 5138
5057 5139
5058 5059
5058 5139
5058 5140
5059 5060
5059 5140
5060 5140
5060 5141
5061 5062
5061 5141
5061 5142
5061 5143
5062 5142
5062 5143
5062 5144
5063 5064
5063 5144
5063 5145
5063 5146
5064 5065
5064 5145
5064 5146
5065 5146
5065 5147
5066 5067
5066 5147
5066 5148
5066 5149
5067 5068
5067 5148
5067 5149
5068 5149
5068 5150
5069 5070
5069 5150
5069 5151
5069 5152
5070 5071
5070 5151
5070 5152
5071 5072
5071 5152
5071 5153
5072 5073
5072 5153
5072 5154
5073 5153
5073 5154
5073 5155
5074 5075
5074 5155
5074 5156
5074 5157
5075 5076
5075 5156
5075 5157
5075 5158
5076 5077
5076 5157
5076 5158
5076 5159
5077 5158
5077 5159
5077 5160
5078 5079
5078 5160
5078 5161
5079 5080
5079 5161
5079 5162
5080 5081
5080 5161
5080 5162
5081 5082
5081 5162
5081 5163
5082 5083
5082 5163
5082 5164
5083 5084
5083 5163
5083 5164
5083 5165
5084 5085
5084 5164
5084 5165
5084 5166
5085 5086
5085 5165
5085 5166
5085 5167
5086 5087
5086 5166
5086 5167
5086 5168
5087 5088
5087 5167
5087 5168
5088 5089
5088 5168
5090 5169
5091 5092
5091 5170
5092 5170
5092 5171
5093 5094
5093 5172
5093 5173
5093 5174
5094 5095
5094 5173
5094 5174
5094 5175
5095 5096
5095 5174
5095 5175
5095 5176
5096 5097
5096 5175
5096 5176
5096 5177
5097 5098
5097 5176
5097 5177
5097 5178
5098 5099
5098 5177
5098 5178
5099 5100
5099 5178
5099 5179
5100 5101
5100 5179
5100 5180
5101 5102
5101 5179
5101 5180
5101 5181
5102 5103
5102 5180
5102 5181
5103 5104
5103 5181
5103 5182
5104 5105
5104 5182
5104 5183
5105 5182
5105 5183
5106 5107
5106 5184
5106 5185
5107 5108
5107 5184
5107 5185
5108 5109
5108 5185
5108 5186
5109 5110
5109 5186
5110 5111
5110 5186
5111 5187
5112 5188
5112 5189
5112 5190
5113 5114
5113 5190
5113 5191
5113 5192
5114 5115
5114 5191
5114 5192
5114 5193
5115 5192
5115 5193
5115 5194
5116 5117
5116 5194
5116 5195
5117 5118
5117 5195
5117 5196
5118 5119
5118 5195
5118 5196
5118 5197
5119 5120
5119 5196
5119 5197
5119 5198
5120 5121
5120 5197
5120 5198
5120 5199
5121 5122
5121 5198
5121 5199
5121 5200
5122 5199
5122 5200
5122 5201
5123 5124
5123 5201
5123 5202
5123 5203
5124 5125
5124 5202
5124 5203
5124 5204
5125 5126
5125 5203
5125 5204
5125 5205
5126 5204
5126 5205
5126 5206
5127 5128
5127 5206
5127 5207
5128 5129
5128 5207
5128 5208
5129 5130
5129 5208
5129 5209
5130 5131
5130 5208
5130 5209
5130 5210
5131 5132
5131 5209
5131 5210
5131 5211
5132 5133
5132 5210
5132 5211
5132 5212
5133 5134
5133 5211
5133 5212
5133 5213
5134 5212
5134 5213
5134 5214
5135 5136
5135 5214
5135 5215
5136 5137
5136 5215
5137 5215
5137 5216
5138 5139
5138 5216
5138 5217
5139 5217
5140 5218
5140 5219
5141 5142
5141 5219
5141 5220
5141 5221
5142 5143
5142 5220
5142 5221
5142 5222
5143 5144
5143 5221
5143 5222
5144 5145
5144 5222
5144 5223
5145 5146
5145 5223
5145 5224
5146 5223
5146 5224
5147 5148
5147 5225
5148 5149
5148 5225
5148 5226
5149 5225
5149 5226
5149 5227
5150 5151
5150 5227
5150 5228
5150 5229
5151 5152
5151 5228
5151 5229
5151 5230
5152 5229
5152 5230
5152 5231
5153 5154
5153 5231
5153 5232
5154 5155
5154 5232
5154 5233
5155 5156
5155 5233
5155 5234
5156 5157
5156 5233
5156 5234
5156 5235
5157 5158
5157 5234
5157 5235
5157 5236
5158 5159
5158 5235
5158 5236
5158 5237
5159 5160
5159 5236
5159 5237
5159 5238
5160 5237
5160 5238
5160 5239
5161 5162
5161 5239
5161 5240
5161 5241
5162 5240
5162 5241
5162 5242
5163 5164
5163 5242
5163 5243
5164 5165
5164 5243
5164 5244
5165 5166
5165 5243
5165 5244
5165 5245
5166 5167
5166 5244
5166 5245
5166 5246
5167 5168
5167 5245
5167 5246
5167 5247
5168 5246
5168 5247
5168 5248
5169 5250
5169 5251
5170 5171
5170 5252
5170 5253
5171 5172
5171 5252
5171 5253
5171 5254
5172 5173
5172 5253
5172 5254
5172 5255
5173 5174
5173 5254
5173 5255
5173 5256
5174 5175
5174 5255
5174 5256
5175 5176
5175 5256
5175 5257
5176 5177
5176 5257
5176 5258
5177 5178
5177 5257
5177 5258
5177 5259
5178 5258
5178 5259
5178 5260
5179 5180
5179 5260
5179 5261
5179 5262
5180 5181
5180 5261
5180 5262
5181 5262
5181 5263
5182 5183
5182 5263
5182 5264
5182 5265
5183 5264
5183 5265
5184 5185
5184 5266
5184 5267
5185 5266
5185 5267
5185 5268
5186 5268
5186 5269
5186 5270
5187 5188
5187 5271
5187 5272
5187 5273
5188 5189
5188 5272
5188 5273
5188 5274
5189 5190
5189 5273
5189 5274
5189 5275
5190 5191
5190 5274
5190 5275
5190 5276
5191 5192
5191 5275
5191 5276
5191 5277
5192 5193
5192 5276
5192 5277
5192 5278
5193 5194
5193 5277
5193 5278
5193 5279
5194 5278
5194 5279
5195 5196
5195 5280
5196 5197
5196 5280
5196 5281
5197 5198
5197 5280
5197 5281
5198 5199
5198 5281
5199 5200
5200 5201
5200 5282
5201 5202
5201 5282
5202 5203
5202 5282
5202 5283
5203 5204
5203 5283
5203 5284
5204 5205
5204 5283
5204 5284
5204 5285
5205 5206
5205 5284
5205 5285
5206 5207
5206 5285
5207 5286
5208 5209
5208 5286
5208 5287
5208 5288
5209 5210
5209 5287
5209 5288
5210 5211
5210 5288
5211 5212
5211 5289
5212 5213
5212 5289
5212 5290
5213 5214
5213 5289
5213 5290
5213 5291
5214 5290
5214 5291
5214 5292
5215 5292
5215 5293
5215 5294
5216 5294
5216 5295
5216 5296
5217 5296
5217 5297
5217 5298
5218 5219
5218 5298
5218 5299
5218 5300
5219 5220
5219 5299
5219 5300
5219 5301
5220 5221
5220 5300
5220 5301
5220 5302
5221 5222
5221 5301
5221 5302
5221 5303
5222 5302
5222 5303
5222 5304
5223 5224
5223 5304
5223 5305
5223 5306
5224 5305
5224 5306
5224 5307
5225 5226
5225 5308
5225 5309
5225 5310
5226 5227
5226 5309
5226 5310
5226 5311
5227 5228
5227 5310
5227 5311
5227 5312
5228 5229
5228 5311
5228 5312
5228 5313
5229 5230
5229 5312
5229 5313
5229 5314
5230 5231
5230 5313
5230 5314
5230 5315
5231 5232
5231 5314
5231 5315
5232 5315
5232 5316
5233 5234
5233 5316
5233 5317
5233 5318
5234 5235
5234 5317
5234 5318
5234 5319
5235 5236
5235 5318
5235 5319
5235 5320
5236 5237
5236 5319
5236 5320
5236 5321
5237 5238
5237 5320
5237 5321
5237 5322
5238 5239
5238 5321
5238 5322
5238 5323
5239 5240
5239 5322
5239 5323
5239 5324
5240 5241
5240 5323
5240 5324
5240 5325
5241 5242
5241 5324
5241 5325
5241 5326
5242 5325
5242 5326
5242 5327
5243 5244
5243 5327
5243 5328
5243 5329
5244 5245
5244 5328
5244 5329
5244 5330
5245 5246
5245 5329
5245 5330
5245 5331
5246 5247
5246 5330
5246 5331
5247 5248
5247 5331
5248 5249
5248 5332
5249 5332
5250 5251
5250 5333
5250 5334
5251 5333
5251 5334
5251 5335
5252 5253
5252 5335
5252 5336
5252 5337
5253 5254
5253 5336
5253 5337
5253 5338
5254 5255
5254 5337
5254 5338
5255 5256
5255 5338
5255 5339
5256 5339
5256 5340
5257 5258
5257 5340
5257 5341
5257 5342
5258 5259
5258 5341
5258 5342
5258 5343
5259 5260
5259 5342
5259 5343
5259 5344
5260 5261
5260 5343
5260 5344
5261 5262
5261 5344
5261 5345
5262 5345
5262 5346
5263 5264
5263 5346
5263 5347
5263 5348
5264 5265
5264 5347
5264 5348
5264 5349
5265 5348
5265 5349
5266 5267
5266 5350
5267 5268
5267 5350
5268 5269
5268 5350
5268 5351
5269 5270
5269 5351
5269 5352
5270 5271
5270 5351
5270 5352
5270 5353
5271 5272
5271 5352
5271 5353
5272 5273
5272 5353
5272 5354
5273 5274
5273 5354
5273 5355
5274 5275
5274 5354
5274 5355
5274 5356
5275 5276
5275 5355
5275 5356
5276 5277
5276 5356
5276 5357
5277 5278
5277 5357
5278 5279
5278 5357
5279 5358
5280 5281
5280 5359
5280 5360
5281 5360
5281 5361
5282 5363
5282 5364
5282 5365
5283 5284
5283 5365
5283 5366
5283 5367
5284 5285
5284 5366
5284 5367
5284 5368
5285 5367
5285 5368
5285 5369
5286 5287
5286 5370
5286 5371
5287 5288
5287 5371
5288 5371
5288 5372
5289 5290
5289 5373
5289 5374
5290 5291
5290 5374
5290 5375
5291 5292
5291 5374
5291 5375
5291 5376
5292 5293
5292 5375
5292 5376
5292 5377
5293 5294
5293 5376
5293 5377
5293 5378
5294 5295
5294 5377
5294 5378
5295 5296
5295 5378
5295 5379
5296 5297
5296 5379
5296 5380
5297 5298
5297 5379
5297 5380
5297 5381
5298 5299
5298 5380
5298 5381
5298 5382
5299 5300
5299 5381
5299 5382
5300 5301
5300 5382
5300 5383
5301 5302
5301 5383
5302 5303
5302 5383
5302 5384
5303 5304
5303 5384
5303 5385
5304 5305
5304 5384
5304 5385
5304 5386
5305 5306
5305 5385
5305 5386
5305 5387
5306 5307
5306 5386
5306 5387
5306 5388
5307 5308
5307 5387
5307 5388
5308 5309
5308 5388
5308 5389
5309 5310
5309 5389
5310 5311
5310 5389
5310 5390
5311 5312
5311 5390
5311 5391
5312 5313
5312 5390
5312 5391
5312 5392
5313 5314
5313 5391
5313 5392
5313 5393
5314 5315
5314 5392
5314 5393
5314 5394
5315 5393
5315 5394
5315 5395
5316 5317
5316 5395
5316 5396
5316 5397
5317 5318
5317 5396
5317 5397
5317 5398
5318 5319
5318 5397
5318 5398
5318 5399
5319 5320
5319 5398
5319 5399
5319 5400
5320 5321
5320 5399
5320 5400
5320 5401
5321 5322
5321 5400
5321 5401
5321 5402
5322 5323
5322 5401
5322 5402
5322 5403
5323 5324
5323 5402
5323 5403
5323 5404
5324 5325
5324 5403
5324 5404
5324 5405
5325 5326
5325 5404
5325 5405
5325 5406
5326 5327
5326 5405
5326 5406
5326 5407
5327 5328
5327 5406
5327 5407
5327 5408
5328 5329
5328 5407
5328 5408
5328 5409
5329 5330
5329 5408
5329 5409
5329 5410
5330 5331
5330 5409
5330 5410
5330 5411
5331 5410
5331 5411
5331 5412
5332 5413
5332 5414
5333 5334
5333 5415
5333 5416
5334 5335
5334 5415
5334 5416
5334 5417
5335 5336
5335 5416
5335 5417
5335 5418
5336 5337
5336 5417
5336 5418
5336 5419
5337 5338
5337 5418
5337 5419
5337 5420
5338 5419
5338 5420
5338 5421
5339 5340
5339 5421
5339 5422
5339 5423
5340 5341
5340 5422
5340 5423
5340 5424
5341 5342
5341 5423
5341 5424
5341 5425
5342 5343
5342 5424
5342 5425
5343 5344
5343 5425
5343 5426
5344 5426
5345 5346
5345 5427
5346 5347
5346 5427
5347 5348
5347 5428
5348 5349
5348 5428
5348 5429
5349 5428
5349 5429
5349 5430
5350 5431
5350 5432
5350 5433
5351 5352
5351 5433
5351 5434
5351 5435
5352 5353
5352 5434
5352 5435
5352 5436
5353 5435
5353 5436
5353 5437
5354 5355
5354 5437
5354 5438
5354 5439
5355 5356
5355 5438
5355 5439
5355 5440
5356 5439
5356 5440
5356 5441
5357 5441
5357 5442
5358 5359
5358 5443
5358 5444
5359 5360
5359 5444
5359 5445
5360 5445
5360 5446
5361 5362
5361 5446
5361 5447
5361 5448
5362 5363
5362 5447
5362 5448
5362 5449
5363 5364
5363 5448
5363 5449
5363 5450
5364 5365
5364 5449
5364 5450
5365 5366
5365 5450
5365 5451
5366 5367
5366 5451
5366 5452
5367 5368
5367 5451
5367 5452
5367 5453
5368 5369
5368 5452
5368 5453
5368 5454
5369 5370
5369 5453
5369 5454
5369 5455
5370 5454
5370 5455
5370 5456
5371 5456
5371 5457
5371 5458
5372 5373
5372 5458
5372 5459
5373 5459
5373 5460
5374 5375
5374 5460
5374 5461
5375 5376
5375 5461
5376 5377
5376 5462
5377 5378
5377 5462
5377 5463
5378 5462
5378 5463
5379 5380
5379 5464
5379 5465
5380 5381
5380 5464
5380 5465
5380 5466
5381 5382
5381 5465
5381 5466
5382 5466
5382 5467
5383 5467
5383 5468
5383 5469
5384 5385
5384 5469
5384 5470
5385 5386
5385 5470
5385 5471
5386 5387
5386 5471
5386 5472
5387 5388
5387 5471
5387 5472
5387 5473
5388 5472
5388 5473
5388 5474
5389 5474
5389 5475
5390 5391
5390 5476
5390 5477
5391 5392
5391 5476
5391 5477
5391 5478
5392 5393
5392 5477
5392 5478
5392 5479
5393 5394
5393 5478
5393 5479
5393 5480
5394 5395
5394 5479
5394 5480
5394 5481
5395 5396
5395 5480
5395 5481
5396 5397
5396 5481
5396 5482
5397 5398
5397 5482
5397 5483
5398 5399
5398 5482
5398 5483
5398 5484
5399 5400
5399 5483
5399 5484
5399 5485
5400 5401
5400 5484
5400 5485
5400 5486
5401 5402
5401 5485
5401 5486
5401 5487
5402 5403
5402 5486
5402 5487
5402 5488
5403 5404
5403 5487
5403 5488
5403 5489
5404 5405
5404 5488
5404 5489
5404 5490
5405 5406
5405 5489
5405 5490
5406 5407
5406 5490
5406 5491
5407 5408
5407 5491
5407 5492
5408 5409
5408 5491
5408 5492
5408 5493
5409 5410
5409 5492
5409 5493
5410 5411
5410 5493
5410 5494
5411 5412
5411 5494
5411 5495
5412 5413
5412 5494
5412 5495
5412 5496
5413 5414
5413 5495
5413 5496
5414 5496
5415 5416
5415 5497
5415 5498
5416 5417
5416 5497
5416 5498
5416 5499
5417 5418
5417 5498
5417 5499
5418 5419
5418 5499
5418 5500
5419 5420
5419 5500
5419 5501
5420 5421
5420 5500
5420 5501
5420 5502
5421 5422
5421 5501
5421 5502
5421 5503
5422 5423
5422 5502
5422 5503
5422 5504
5423 5424
5423 5503
5423 5504
5423 5505
5424 5425
5424 5504
5424 5505
5424 5506
5425 5505
5425 5506
5425 5507
5426 5507
5426 5508
5426 5509
5427 5509
5427 5510
5427 5511
5428 5429
5428 5512
5428 5513
5428 5514
5429 5430
5429 5513
5429 5514
5429 5515
5430 5431
5430 5514
5430 5515
5430 5516
5431 5432
5431 5515
5431 5516
5431 5517
5432 5433
5432 5516
5432 5517
5432 5518
5433 5434
5433 5517
5433 5518
5433 5519
5434 5435
5434 5518
5434 5519
5434 5520
5435 5436
5435 5519
5435 5520
5435 5521
5436 5437
5436 5520
5436 5521
5436 5522
5437 5438
5437 5521
5437 5522
5437 5523
5438 5439
5438 5522
5438 5523
5438 5524
5439 5440
5439 5523
5439 5524
5440 5441
5440 5524
5440 5525
5441 5525
5441 5526
5442 5443
5442 5526
5442 5527
5442 5528
5443 5444
5443 5527
5443 5528
5444 5528
5444 5529
5445 5446
5445 5529
5445 5530
5445 5531
5446 5447
5446 5530
5446 5531
5446 5532
5447 5448
5447 5531
5447 5532
5447 5533
5448 5449
5448 5532
5448 5533
5449 5450
5449 5533
5450 5534
5451 5452
5451 5534
5451 5535
5451 5536
5452 5453
5452 5535
5452 5536
5453 5454
5453 5536
5453 5537
5454 5455
5454 5537
5455 5456
5455 5537
5455 5538
5456 5457
5456 5538
5456 5539
5457 5458
5457 5538
5457 5539
5457 5540
5458 5539
5458 5540
5458 5541
5459 5460
5459 5541
5459 5542
5459 5543
5460 5461
5460 5542
5460 5543
5460 5544
5461 5543
5461 5544
5461 5545
5462 5463
5462 5546
5462 5547
5463 5546
5463 5547
5463 5548
5464 5465
5464 5548
5464 5549
5464 5550
5465 5466
5465 5549
5465 5550
5465 5551
5466 5550
5466 5551
5466 5552
5467 5468
5467 5552
5467 5553
5467 5554
5468 5469
5468 5553
5468 5554
5468 5555
5469 5470
5469 5554
5469 5555
5469 5556
5470 5555
5470 5556
5470 5557
5471 5472
5471 5557
5471 5558
5471 5559
5472 5473
5472 5558
5472 5559
5473 5474
5473 5559
5473 5560
5474 5475
5474 5560
5474 5561
5475 5560
5475 5561
5476 5477
5476 5562
5476 5563
5477 5478
5477 5562
5477 5563
5477 5564
5478 5479
5478 5563
5478 5564
5478 5565
5479 5480
5479 5564
5479 5565
5479 5566
5480 5481
5480 5565
5480 5566
5480 5567
5481 5566
5481 5567
5481 5568
5482 5483
5482 5568
5482 5569
5482 5570
5483 5484
5483 5569
5483 5570
5483 5571
5484 5485
5484 5570
5484 5571
5484 5572
5485 5486
5485 5571
5485 5572
5485 5573
5486 5487
5486 5572
5486 5573
5486 5574
5487 5488
5487 5573
5487 5574
5487 5575
5488 5489
5488 5574
5488 5575
5489 5490
5489 5575
5489 5576
5490 5576
5490 5577
5491 5492
5491 5577
5491 5578
5491 5579
5492 5493
5492 5578
5492 5579
5492 5580
5493 5579
5493 5580
5493 5581
5494 5495
5494 5581
5494 5582
5494 5583
5495 5496
5495 5582
5495 5583
5496 5583
5496 5584
5497 5498
5497 5585
5497 5586
5498 5499
5498 5585
5498 5586
5498 5587
5499 5586
5499 5587
5499 5588
5500 5501
5500 5588
5500 5589
5500 5590
5501 5502
5501 5589
5501 5590
5501 5591
5502 5503
5502 5590
5502 5591
5502 5592
5503 5504
5503 5591
5503 5592
5503 5593
5504 5505
5504 5592
5504 5593
5504 5594
5505 5506
5505 5593
5505 5594
5505 5595
5506 5507
5506 5594
5506 5595
5507 5508
5507 5595
5507 5596
5508 5509
5508 5596
5508 5597
5509 5510
5509 5596
5509 5597
5509 5598
5510 5511
5510 5597
5510 5598
5510 5599
5511 5512
5511 5598
5511 5599
5512 5513
5512 5599
5512 5600
5513 5514
5513 5600
5513 5601
5514 5515
5514 5600
5514 5601
5514 5602
5515 5516
5515 5601
5515 5602
5515 5603
5516 5517
5516 5602
5516 5603
5517 5518
5517 5603
5517 5604
5518 5519
5518 5604
5518 5605
5519 5520
5519 5604
5519 5605
5519 5606
5520 5521
5520 5605
5520 5606
5520 5607
5521 5522
5521 5606
5521 5607
5521 5608
5522 5523
5522 5607
5522 5608
5522 5609
5523 5524
5523 5608
5523 5609
5523 5610
5524 5609
5524 5610
5524 5611
5525 5526
5525 5611
5525 5612
5526 5527
5526 5612
5527 5528
5527 5612
5527 5613
5528 5613
5528 5614
5529 5530
5529 5614
5529 5615
5529 5616
5530 5531
5530 5615
5530 5616
5530 5617
5531 5532
5531 5616
5531 5617
5532 5533
5532 5617
5532 5618
5533 5618
5533 5619
5534 5535
5534 5620
5534 5621
5535 5536
5535 5620
5535 5621
5535 5622
5536 5621
5536 5622
5536 5623
5537 5623
5537 5624
5537 5625
5538 5539
5538 5625
5538 5626
5538 5627
5539 5540
5539 5626
5539 5627
5539 5628
5540 5541
5540 5627
5540 5628
5540 5629
5541 5542
5541 5628
5541 5629
5542 5543
5542 5629
5543 5544
5543 5630
5544 5545
5544 5630
5544 5631
5545 5630
5545 5631
5545 5632
5546 5547
5546 5632
5546 5633
5547 5548
5547 5633
5547 5634
5548 5549
5548 5633
5548 5634
5549 5550
5549 5634
5550 5551
5550 5635
5551 5552
5551 5635
5551 5636
5552 5553
5552 5635
5552 5636
5552 5637
5553 5554
5553 5636
5553 5637
5553 5638
5554 5555
5554 5637
5554 5638
5554 5639
5555 5556
5555 5638
5555 5639
5555 5640
5556 5557
5556 5639
5556 5640
5557 5558
5557 5640
5558 5559
5558 5641
5559 5641
5559 5642
5560 5561
5560 5642
5560 5643
5560 5644
5561 5643
5561 5644
5562 5563
5562 5645
5562 5646
5563 5564
5563 5645
5563 5646
5563 5647
5564 5565
5564 5646
5564 5647
5565 5566
5565 5647
5565 5648
5566 5567
5566 5648
5567 5568
5567 5648
5568 5569
5568 5649
5569 5570
5569 5649
5570 5571
5570 5649
5570 5650
5571 5572
5571 5650
5571 5651
5572 5573
5572 5650
5572 5651
5572 5652
5573 5574
5573 5651
5573 5652
5573 5653
5574 5575
5574 5652
5574 5653
5575 5653
5576 5577
5576 5654
5577 5578
5577 5654
5577 5655
5578 5579
5578 5655
5579 5580
5579 5655
5580 5581
5580 5656
5581 5582
5581 5656
5581 5657
5582 5583
5582 5656
5582 5657
5582 5658
5583 5657
5583 5658
5583 5659
5584 5659
5584 5660
5585 5586
5585 5661
5585 5662
5586 5587
5586 5661
5586 5662
5586 5663
5587 5588
5587 5662
5587 5663
5587 5664
5588 5589
5588 5663
5588 5664
5588 5665
5589 5590
5589 5664
5589 5665
5589 5666
5590 5591
5590 5665
5590 5666
5590 5667
5591 5592
5591 5666
5591 5667
5591 5668
5592 5593
5592 5667
5592 5668
5592 5669
5593 5594
5593 5668
5593 5669
5593 5670
5594 5595
5594 5669
5594 5670
5594 5671
5595 5670
5595 5671
5595 5672
5596 5597
5596 5672
5596 5673
5596 5674
5597 5598
5597 5673
5597 5674
5597 5675
5598 5599
5598 5674
5598 5675
5598 5676
5599 5675
5599 5676
5599 5677
5600 5601
5600 5677
5600 5678
5601 5602
5601 5678
5601 5679
5602 5603
5602 5678
5602 5679
5602 5680
5603 5679
5603 5680
5603 5681
5604 5605
5604 5681
5604 5682
5604 5683
5605 5606
5605 5682
5605 5683
5605 5684
5606 5607
5606 5683
5606 5684
5606 5685
5607 5608
5607 5684
5607 5685
5607 5686
5608 5609
5608 5685
5608 5686
5608 5687
5609 5610
5609 5686
5609 5687
5609 5688
5610 5611
5610 5687
5610 5688
5610 5689
5611 5688
5611 5689
5611 5690
5612 5690
5612 5691
5613 5614
5613 5692
5613 5693
5614 5615
5614 5692
5614 5693
5614 5694
5615 5616
5615 5693
5615 5694
5615 5695
5616 5617
5616 5694
5616 5695
5617 5695
5618 5619
5618 5696
5619 5696
5619 5697
5620 5621
5620 5697
5620 5698
5620 5699
5621 5622
5621 5698
5621 5699
5622 5623
5622 5699
5622 5700
5623 5624
5623 5700
5623 5701
5624 5625
5624 5700
5624 5701
5624 5702
5625 5626
5625 5701
5625 5702
5626 5627
5626 5702
5626 5703
5627 5628
5627 5703
5627 5704
5628 5629
5628 5703
5628 5704
5629 5704
5629 5705
5630 5631
5630 5706
5630 5707
5631 5632
5631 5707
5631 5708
5632 5707
5632 5708
5632 5709
5633 5634
5633 5709
5633 5710
5633 5711
5634 5710
5634 5711
5634 5712
5635 5636
5635 5713
5635 5714
5635 5715
5636 5637
5636 5714
5636 5715
5636 5716
5637 5638
5637 5715
5637 5716
5637 5717
5638 5639
5638 5716
5638 5717
5638 5718
5639 5640
5639 5717
5639 5718
5639 5719
5640 5718
5640 5719
5640 5720
5641 5642
5641 5721
5641 5722
5641 5723
5642 5643
5642 5722
5642 5723
5642 5724
5643 5644
5643 5723
5643 5724
5643 5725
5644 5724
5644 5725
5644 5726
5645 5646
5645 5726
5645 5727
5645 5728
5646 5647
5646 5727
5646 5728
5646 5729
5647 5728
5647 5729
5647 5730
5648 5730
5648 5731
5648 5732
5649 5733
5649 5734
5650 5651
5650 5734
5650 5735
5651 5652
5651 5735
5652 5653
5652 5736
5653 5736
5653 5737
5654 5738
5654 5739
5655 5739
5655 5740
5656 5657
5656 5741
5656 5742
5656 5743
5657 5658
5657 5742
5657 5743
5657 5744
5658 5659
5658 5743
5658 5744
5658 5745
5659 5660
5659 5744
5659 5745
5659 5746
5660 5745
5660 5746
5661 5662
5661 5747
5662 5663
5662 5747
5662 5748
5663 5664
5663 5748
5664 5665
5664 5748
5664 5749
5665 5666
5665 5749
5665 5750
5666 5667
5666 5749
5666 5750
5666 5751
5667 5668
5667 5750
5667 5751
5668 5669
5668 5751
5668 5752
5669 5670
5669 5752
5669 5753
5670 5671
5670 5752
5670 5753
5671 5672
5671 5753
5671 5754
5672 5673
5672 5754
5672 5755
5673 5674
5673 5754
5673 5755
5673 5756
5674 5675
5674 5755
5674 5756
5674 5757
5675 5676
5675 5756
5675 5757
5675 5758
5676 5677
5676 5757
5676 5758
5676 5759
5677 5758
5677 5759
5677 5760
5678 5679
5678 5760
5678 5761
5679 5680
5679 5761
5680 5681
5680 5761
5680 5762
5681 5682
5681 5762
5682 5683
5682 5762
5682 5763
5683 5684
5683 5763
5684 5685
5684 5763
5684 5764
5685 5686
5685 5764
5685 5765
5686 5687
5686 5764
5686 5765
5686 5766
5687 5688
5687 5765
5687 5766
5687 5767
5688 5689
5688 5766
5688 5767
5688 5768
5689 5690
5689 5767
5689 5768
5690 5691
5690 5768
5691 5769
5692 5693
5692 5769
5692 5770
5692 5771
5693 5694
5693 5770
5693 5771
5693 5772
5694 5695
5694 5771
5694 5772
5694 5773
5695 5772
5695 5773
5696 5697
5696 5775
5696 5776
5696 5777
5697 5698
5697 5776
5697 5777
5697 5778
5698 5699
5698 5777
5698 5778
5698 5779
5699 5778
5699 5779
5699 5780
5700 5701
5700 5780
5700 5781
5701 5702
5701 5781
5701 5782
5702 5781
5702 5782
5703 5704
5703 5783
5704 5783
5705 5706
5705 5784
5705 5785
5706 5784
5706 5785
5706 5786
5707 5708
5707 5786
5707 5787
5708 5709
5708 5787
5708 5788
5709 5710
5709 5787
5709 5788
5709 5789
5710 5711
5710 5788
5710 5789
5711 5712
5711 5789
5712 5713
5712 5790
5713 5714
5713 5790
5713 5791
5714 5715
5714 5790
5714 5791
5714 5792
5715 5716
5715 5791
5715 5792
5715 5793
5716 5717
5716 5792
5716 5793
5716 5794
5717 5718
5717 5793
5717 5794
5718 5719
5718 5794
5718 5795
5719 5720
5719 5795
5719 5796
5720 5721
5720 5795
5720 5796
5720 5797
5721 5722
5721 5796
5721 5797
5721 5798
5722 5723
5722 5797
5722 5798
5722 5799
5723 5724
5723 5798
5723 5799
5723 5800
5724 5725
5724 5799
5724 5800
5725 5726
5725 5800
5725 5801
5726 5727
5726 5801
5727 5728
5727 5801
5727 5802
5728 5729
5728 5802
5728 5803
5729 5730
5729 5802
5729 5803
5730 5731
5730 5803
5730 5804
5731 5732
5731 5804
5732 5804
5732 5805
5733 5734
5733 5805
5733 5806
5733 5807
5734 5735
5734 5806
5734 5807
5734 5808
5735 5807
5735 5808
5735 5809
5736 5737
5736 5810
5736 5811
5737 5811
5738 5739
5738 5812
5738 5813
5739 5740
5739 5812
5739 5813
5740 5813
5740 5814
5741 5742
5741 5814
5741 5815
5742 5743
5742 5815
5742 5816
5743 5744
5743 5816
5744 5745
5744 5816
5744 5817
5745 5746
5745 5817
5746 5817
5747 5818
5747 5819
5748 5819
5748 5820
5748 5821
5749 5750
5749 5821
5749 5822
5749 5823
5750 5751
5750 5822
5750 5823
5750 5824
5751 5823
5751 5824
5751 5825
5752 5753
5752 5825
5752 5826
5752 5827
5753 5826
5753 5827
5753 5828
5754 5755
5754 5828
5754 5829
5755 5756
5755 5829
5755 5830
5756 5757
5756 5830
5756 5831
5757 5758
5757 5830
5757 5831
5758 5759
5758 5831
5758 5832
5759 5760
5759 5832
5759 5833
5760 5832
5760 5833
5760 5834
5761 5834
5761 5835
5763 5836
5764 5765
5765 5766
5765 5837
5766 5767
5766 5837
5766 5838
5767 5768
5767 5837
5767 5838
5767 5839
5768 5838
5768 5839
5769 5770
5769 5840
5769 5841
5769 5842
5770 5771
5770 5841
5770 5842
5770 5843
5771 5772
5771 5842
5771 5843
5771 5844
5772 5773
5772 5843
5772 5844
5772 5845
5773 5844
5773 5845
5774 5775
5774 5846
5775 5776
5775 5846
5776 5777
5776 5847
5777 5778
5777 5847
5777 5848
5778 5779
5778 5847
5778 5848
5778 5849
5779 5780
5779 5848
5779 5849
5779 5850
5780 5849
5780 5850
5780 5851
5781 5782
5781 5851
5781 5852
5781 5853
5782 5852
5782 5853
5782 5854
5783 5854
5783 5855
5783 5856
5784 5785
5784 5857
5784 5858
5785 5786
5785 5858
5785 5859
5786 5858
5786 5859
5786 5860
5787 5788
5787 5860
5787 5861
5787 5862
5788 5789
5788 5861
5788 5862
5788 5863
5789 5862
5789 5863
5790 5791
5790 5864
5790 5865
5791 5792
5791 5864
5791 5865
5791 5866
5792 5793
5792 5865
5792 5866
5792 5867
5793 5794
5793 5866
5793 5867
5793 5868
5794 5867
5794 5868
5794 5869
5795 5796
5795 5869
5795 5870
5796 5797
5796 5870
5796 5871
5797 5798
5797 5871
5797 5872
5798 5799
5798 5871
5798 5872
5798 5873
5799 5800
5799 5872
5799 5873
5799 5874
5800 5873
5800 5874
5801 5875
5802 5803
5802 5876
5802 5877
5803 5876
5803 5877
5803 5878
5804 5878
5804 5879
5805 5806
5805 5879
5805 5880
5805 5881
5806 5807
5806 5880
5806 5881
5807 5808
5807 5881
5807 5882
5808 5809
5808 5882
5808 5883
5809 5810
5809 5882
5809 5883
5809 5884
5810 5883
5810 5884
5810 5885
5811 5885
5811 5886
5812 5813
5812 5886
5812 5887
5813 5887
5813 5888
5814 5815
5814 5888
5814 5889
5814 5890
5815 5889
5815 5890
5815 5891
5816 5891
5816 5892
5816 5893
5817 5893
5817 5894
5818 5819
5818 5895
5819 5820
5819 5895
5819 5896
5820 5821
5820 5895
5820 5896
5820 5897
5821 5822
5821 5896
5821 5897
5822 5823
5822 5897
5822 5898
5823 5824
5823 5898
5823 5899
5824 5825
5824 5898
5824 5899
5824 5900
5825 5826
5825 5899
5825 5900
5825 5901
5826 5827
5826 5900
5826 5901
5826 5902
5827 5828
5827 5901
5827 5902
5827 5903
5828 5829
5828 5902
5828 5903
5829 5903
5829 5904
5830 5831
5830 5904
5830 5905
5830 5906
5831 5905
5831 5906
5831 5907
5832 5833
5832 5907
5832 5908
5832 5909
5833 5834
5833 5908
5833 5909
5833 5910
5834 5835
5834 5909
5834 5910
5834 5911
5835 5910
5835 5911
5835 5912
5836 5914
5836 5915
5836 5916
5837 5838
5837 5918
5837 5919
5838 5839
5838 5918
5838 5919
5838 5920
5839 5919
5839 5920
5839 5921
5840 5841
5840 5921
5840 5922
5841 5842
5841 5922
5841 5923
5842 5843
5842 5923
5842 5924
5843 5844
5843 5923
5843 5924
5844 5845
5844 5924
5844 5925
5845 5925
5845 5926
5846 5926
5846 5927
5846 5928
5847 5848
5847 5929
5847 5930
5847 5931
5848 5849
5848 5930
5848 5931
5849 5850
5849 5931
5849 5932
5850 5851
5850 5932
5850 5933
5851 5852
5851 5932
5851 5933
5851 5934
5852 5853
5852 5933
5852 5934
5852 5935
5853 5854
5853 5934
5853 5935
5854 5855
5854 5935
5854 5936
5855 5856
5855 5936
5855 5937
5856 5857
5856 5936
5856 5937
5857 5937
5857 5938
5858 5859
5858 5938
5858 5939
5858 5940
5859 5860
5859 5939
5859 5940
5859 5941
5860 5861
5860 5940
5860 5941
5860 5942
5861 5862
5861 5941
5861 5942
5862 5863
5862 5942
5862 5943
5863 5943
5864 5865
5864 5944
5865 5866
5865 5944
5865 5945
5866 5867
5866 5945
5866 5946
5867 5868
5867 5945
5867 5946
5867 5947
5868 5869
5868 5946
5868 5947
5868 5948
5869 5870
5869 5947
5869 5948
5869 5949
5870 5948
5870 5949
5870 5950
5871 5872
5871 5950
5871 5951
5871 5952
5872 5873
5872 5951
5872 5952
5873 5874
5873 5952
5873 5953
5874 5953
5874 5954
5875 5954
5875 5955
5875 5956
5876 5877
5876 5956
5876 5957
5876 5958
5877 5878
5877 5957
5877 5958
5877 5959
5878 5958
5878 5959
5878 5960
5879 5880
5879 5960
5879 5961
5879 5962
5880 5881
5880 5961
5880 5962
5881 5962
5881 5963
5882 5883
5882 5963
5882 5964
5882 5965
5883 5884
5883 5964
5883 5965
5883 5966
5884 5885
5884 5965
5884 5966
5885 5966
5886 5967
5886 5968
5887 5888
5887 5968
5887 5969
5887 5970
5888 5889
5888 5969
5888 5970
5889 5890
5889 5970
5889 5971
5890 5891
5890 5971
5890 5972
5891 5892
5891 5971
5891 5972
5891 5973
5892 5893
5892 5972
5892 5973
5892 5974
5893 5973
5893 5974
5893 5975
5894 5975
5895 5896
5895 5976
5895 5977
5895 5978
5896 5897
5896 5977
5896 5978
5896 5979
5897 5978
5897 5979
5898 5899
5898 5980
5898 5981
5899 5900
5899 5980
5899 5981
5900 5901
5900 5981
5901 5902
5902 5903
5903 5982
5904 5905
5904 5982
5904 5983
5905 5906
5905 5983
5905 5984
5906 5907
5906 5983
5906 5984
5906 5985
5907 5908
5907 5984
5907 5985
5907 5986
5908 5909
5908 5985
5908 5986
5908 5987
5909 5910
5909 5986
5909 5987
5909 5988
5910 5911
5910 5987
5910 5988
5910 5989
5911 5912
5911 5988
5911 5989
5912 5913
5912 5989
5913 5914
5913 5990
5914 5915
5914 5990
5914 5991
5915 5916
5915 5990
5915 5991
5915 5992
5916 5917
5916 5991
5916 5992
5916 5993
5917 5992
5917 5993
5917 5994
5918 5919
5918 5994
5918 5995
5918 5996
5919 5920
5919 5995
5919 5996
5920 5921
5920 5996
5920 5997
5921 5922
5921 5997
5921 5998
5922 5997
5922 5998
5922 5999
5923 5924
5923 5999
5923 6000
5923 6001
5924 6000
5924 6001
5924 6002
5925 5926
5925 6002
5925 6003
5926 5927
5926 6003
5926 6004
5927 5928
5927 6004
5928 5929
5928 6004
5928 6005
5929 5930
5929 6005
5929 6006
5930 5931
5930 6005
5930 6006
5930 6007
5931 6006
5931 6007
5932 5933
5933 5934
5933 6008
5934 5935
5934 6008
5935 6008
5935 6009
5936 5937
5936 6009
5936 6010
5937 6010
5937 6011
5938 5939
5938 6011
5938 6012
5938 6013
5939 5940
5939 6012
5939 6013
5939 6014
5940 5941
5940 6013
5940 6014
5940 6015
5941 5942
5941 6014
5941 6015
5942 6015
5943 6016
5944 6017
5944 6018
5944 6019
5945 5946
5945 6019
5945 6020
5946 5947
5946 6020
5946 6021
5947 5948
5947 6021
5947 6022
5948 5949
5948 6021
5948 6022
5948 6023
5949 5950
5949 6022
5949 6023
5949 6024
5950 5951
5950 6023
5950 6024
5950 6025
5951 5952
5951 6024
5951 6025
5951 6026
5952 6025
5952 6026
5952 6027
5953 5954
5953 6027
5953 6028
5954 5955
5954 6028
5954 6029
5955 5956
5955 6028
5955 6029
5955 6030
5956 5957
5956 6029
5956 6030
5956 6031
5957 5958
5957 6030
5957 6031
5957 6032
5958 5959
5958 6031
5958 6032
5958 6033
5959 5960
5959 6032
5959 6033
5959 6034
5960 5961
5960 6033
5960 6034
5960 6035
5961 5962
5961 6034
5961 6035
5961 6036
5962 6035
5962 6036
5962 6037
5963 5964
5963 6037
5963 6038
5963 6039
5964 5965
5964 6038
5964 6039
5964 6040
5965 5966
5965 6039
5965 6040
5965 6041
5966 6040
5966 6041
5966 6042
5967 5968
5967 6043
5967 6044
5968 5969
5968 6044
5968 6045
5969 5970
5969 6044
5969 6045
5969 6046
5970 6045
5970 6046
5970 6047
5971 5972
5971 6047
5971 6048
5971 6049
5972 5973
5972 6048
5972 6049
5972 6050
5973 5974
5973 6049
5973 6050
5973 6051
5974 5975
5974 6050
5974 6051
5974 6052
5975 6051
5975 6052
5976 5977
5976 6053
5977 5978
5977 6053
5978 5979
5978 6054
5979 6054
5979 6055
5980 5981
5980 6055
5980 6056
5980 6057
5981 6056
5981 6057
5981 6058
5982 6061
5982 6062
5983 5984
5983 6063
5983 6064
5984 5985
5984 6063
5984 6064
5985 5986
5985 6064
5985 6065
5986 5987
5986 6065
5987 5988
5987 6065
5987 6066
5988 5989
5988 6066
5988 6067
5989 6066
5989 6067
5989 6068
5990 5991
5990 6069
5991 5992
5991 6069
5992 5993
5992 6070
5993 5994
5993 6070
5993 6071
5994 5995
5994 6070
5994 6071
5994 6072
5995 5996
5995 6071
5995 6072
5995 6073
5996 6072
5996 6073
5996 6074
5997 5998
5997 6074
5997 6075
5997 6076
5998 5999
5998 6075
5998 6076
5998 6077
5999 6000
5999 6076
5999 6077
6000 6001
6000 6077
6000 6078
6001 6002
6001 6078
6001 6079
6002 6003
6002 6078
6002 6079
6002 6080
6003 6079
6003 6080
6003 6081
6004 6081
6004 6082
6004 6083
6005 6006
6005 6083
6005 6084
6005 6085
6006 6007
6006 6084
6006 6085
6007 6085
6008 6086
6008 6087
6009 6088
6010 6011
6010 6088
6010 6089
6010 6090
6011 6012
6011 6089
6011 6090
6011 6091
6012 6013
6012 6090
6012 6091
6012 6092
6013 6014
6013 6091
6013 6092
6013 6093
6014 6015
6014 6092
6014 6093
6014 6094
6015 6093
6015 6094
6015 6095
6016 6096
6016 6097
6016 6098
6017 6018
6017 6098
6017 6099
6018 6019
6018 6099
6018 6100
6019 6020
6019 6099
6019 6100
6019 6101
6020 6100
6020 6101
6020 6102
6021 6022
6021 6102
6021 6103
6021 6104
6022 6023
6022 6103
6022 6104
6022 6105
6023 6024
6023 6104
6023 6105
6023 6106
6024 6025
6024 6105
6024 6106
6024 6107
6025 6026
6025 6106
6025 6107
6026 6027
6026 6107
6026 6108
6027 6108
6027 6109
6028 6029
6028 6109
6028 6110
6029 6030
6029 6110
6029 6111
6030 6031
6030 6110
6030 6111
6030 6112
6031 6032
6031 6111
6031 6112
6032 6033
6032 6112
6033 6034
6033 6113
6034 6035
6034 6113
6034 6114
6035 6036
6035 6113
6035 6114
6035 6115
6036 6037
6036 6114
6036 6115
6037 6038
6037 6115
6037 6116
6038 6039
6038 6116
6038 6117
6039 6040
6039 6116
6039 6117
6040 6041
6040 6117
6040 6118
6041 6042
6041 6118
6041 6119
6042 6043
6042 6118
6042 6119
6042 6120
6043 6119
6043 6120
6043 6121
6044 6045
6044 6121
6044 6122
6044 6123
6045 6046
6045 6122
6045 6123
6046 6047
6046 6123
6047 6048
6047 6124
6048 6049
6048 6124
6049 6050
6049 6124
6050 6051
6051 6052
6051 6125
6052 6125
6052 6126
6053 6127
6053 6128
6054 6055
6054 6129
6054 6130
6054 6131
6055 6056
6055 6130
6055 6131
6055 6132
6056 6057
6056 6131
6056 6132
6056 6133
6057 6058
6057 6132
6057 6133
6057 6134
6058 6059
6058 6133
6058 6134
6058 6135
6059 6060
6059 6134
6059 6135
6059 6136
6060 6061
6060 6135
6060 6136
6060 6137
6061 6062
6061 6136
6061 6137
6061 6138
6062 6137
6062 6138
6062 6139
6063 6064
6063 6139
6063 6140
6063 6141
6064 6140
6064 6141
6065 6142
6066 6067
6066 6143
6066 6144
6067 6068
6067 6143
6067 6144
6068 6144
6069 6145
6069 6146
6070 6071
6070 6147
6070 6148
6071 6072
6071 6148
6071 6149
6072 6073
6072 6149
6072 6150
6073 6074
6073 6149
6073 6150
6073 6151
6074 6075
6074 6150
6074 6151
6075 6076
6075 6151
6075 6152
6076 6077
6076 6152
6077 6152
6078 6079
6078 6153
6078 6154
6079 6080
6079 6153
6079 6154
6079 6155
6080 6081
6080 6154
6080 6155
6080 6156
6081 6082
6081 6155
6081 6156
6082 6083
6082 6156
6083 6084
6083 6157
6084 6085
6084 6157
6084 6158
6085 6157
6085 6158
6085 6159
6086 6087
6086 6161
6086 6162
6086 6163
6087 6162
6087 6163
6087 6164
6088 6089
6088 6165
6089 6090
6089 6165
6090 6091
6090 6166
6091 6092
6091 6166
6092 6093
6092 6166
6092 6167
6093 6094
6093 6167
6093 6168
6094 6095
6094 6167
6094 6168
6094 6169
6095 6096
6095 6168
6095 6169
6095 6170
6096 6097
6096 6169
6096 6170
6096 6171
6097 6098
6097 6170
6097 6171
6098 6171
6099 6100
6099 6172
6099 6173
6100 6101
6100 6172
6100 6173
6100 6174
6101 6102
6101 6173
6101 6174
6101 6175
6102 6103
6102 6174
6102 6175
6102 6176
6103 6104
6103 6175
6103 6176
6104 6105
6104 6176
6104 6177
6105 6106
6105 6177
6105 6178
6106 6107
6106 6177
6106 6178
6106 6179
6107 6178
6107 6179
6108 6109
6108 6180
6108 6181
6109 6180
6109 6181
6110 6111
6110 6182
6110 6183
6111 6112
6111 6182
6111 6183
6111 6184
6112 6183
6112 6184
6112 6185
6113 6114
6113 6186
6113 6187
6113 6188
6114 6115
6114 6187
6114 6188
6114 6189
6115 6188
6115 6189
6115 6190
6116 6117
6116 6190
6116 6191
6117 6191
6118 6119
6118 6192
6119 6120
6119 6192
6119 6193
6120 6121
6120 6193
6120 6194
6121 6122
6121 6193
6121 6194
6121 6195
6122 6123
6122 6194
6122 6195
6122 6196
6123 6195
6123 6196
6124 6197
6124 6198
6124 6199
6125 6126
6125 6201
6125 6202
6125 6203
6126 6202
6126 6203
6127 6128
6127 6204
6127 6205
6128 6129
6128 6204
6128 6205
6128 6206
6129 6130
6129 6205
6129 6206
6129 6207
6130 6131
6130 6206
6130 6207
6130 6208
6131 6132
6131 6207
6131 6208
6131 6209
6132 6133
6132 6208
6132 6209
6132 6210
6133 6134
6133 6209
6133 6210
6133 6211
6134 6135
6134 6210
6134 6211
6135 6136
6135 6211
6136 6137
6136 6212
6137 6138
6137 6212
6137 6213
6138 6139
6138 6212
6138 6213
6138 6214
6139 6140
6139 6213
6139 6214
6139 6215
6140 6141
6140 6214
6140 6215
6141 6215
6141 6216
6142 6216
6142 6217
6143 6144
6143 6218
6144 6218
6144 6219
6145 6146
6145 6220
6145 6221
6145 6222
6146 6147
6146 6221
6146 6222
6146 6223
6147 6148
6147 6222
6147 6223
6147 6224
6148 6223
6148 6224
6149 6150
6149 6225
6149 6226
6150 6151
6150 6225
6150 6226
6150 6227
6151 6226
6151 6227
6151 6228
6152 6228
6152 6229
6153 6154
6153 6230
6153 6231
6153 6232
6154 6155
6154 6231
6154 6232
6154 6233
6155 6156
6155 6232
6155 6233
6155 6234
6156 6233
6156 6234
6156 6235
6157 6158
6157 6236
6157 6237
6157 6238
6158 6159
6158 6237
6158 6238
6158 6239
6159 6160
6159 6238
6159 6239
6159 6240
6160 6161
6160 6239
6160 6240
6160 6241
6161 6162
6161 6240
6161 6241
6162 6163
6162 6241
6163 6164
6163 6242
6164 6242
6164 6243
6165 6243
6165 6244
6166 6245
6166 6246
6167 6168
6167 6246
6167 6247
6168 6169
6168 6247
6168 6248
6169 6170
6169 6248
6169 6249
6170 6171
6170 6248
6170 6249
6170 6250
6171 6249
6171 6250
6172 6173
6172 6251
6172 6252
6173 6174
6173 6252
6174 6175
6174 6253
6175 6176
6175 6253
6176 6253
6176 6254
6177 6178
6177 6254
6177 6255
6177 6256
6178 6179
6178 6255
6178 6256
6178 6257
6179 6256
6179 6257
6179 6258
6180 6181
6180 6258
6180 6259
6180 6260
6181 6259
6181 6260
6181 6261
6182 6183
6182 6261
6182 6262
6182 6263
6183 6184
6183 6262
6183 6263
6183 6264
6184 6185
6184 6263
6184 6264
6184 6265
6185 6186
6185 6264
6185 6265
6186 6187
6186 6265
6187 6188
6187 6266
6188 6189
6188 6266
6188 6267
6189 6190
6189 6266
6189 6267
6189 6268
6190 6191
6190 6267
6190 6268
6190 6269
6191 6268
6191 6269
6192 6270
6192 6271
6193 6194
6193 6271
6193 6272
6193 6273
6194 6195
6194 6272
6194 6273
6194 6274
6195 6196
6195 6273
6195 6274
6195 6275
6196 6274
6196 6275
6197 6198
6197 6276
6197 6277
6198 6199
6198 6276
6198 6277
6198 6278
6199 6200
6199 6277
6199 6278
6199 6279
6200 6201
6200 6278
6200 6279
6200 6280
6201 6202
6201 6279
6201 6280
6201 6281
6202 6203
6202 6280
6202 6281
6202 6282
6203 6281
6203 6282
6204 6205
6204 6283
6205 6206
6205 6283
6205 6284
6206 6207
6206 6283
6206 6284
6206 6285
6207 6208
6207 6284
6207 6285
6207 6286
6208 6209
6208 6285
6208 6286
6209 6210
6209 6286
6209 6287
6210 6211
6210 6287
6210 6288
6211 6287
6211 6288
6211 6289
6212 6213
6212 6290
6212 6291
6213 6214
6213 6291
6214 6215
6214 6291
6214 6292
6215 6292
6215 6293
6216 6217
6216 6293
6216 6294
6216 6295
6217 6294
6217 6295
6217 6296
6218 6296
6218 6297
6218 6298
6219 6220
6219 6298
6219 6299
6219 6300
6220 6221
6220 6299
6220 6300
6220 6301
6221 6222
6221 6300
6221 6301
6221 6302
6222 6223
6222 6301
6222 6302
6222 6303
6223 6224
6223 6302
6223 6303
6223 6304
6224 6303
6224 6304
6224 6305
6225 6226
6225 6305
6225 6306
6226 6227
6226 6306
6226 6307
6227 6228
6227 6307
6227 6308
6228 6307
6228 6308
6228 6309
6229 6230
6229 6309
6229 6310
6229 6311
6230 6231
6230 6310
6230 6311
6231 6232
6231 6311
6231 6312
6232 6233
6232 6312
6233 6234
6233 6312
6233 6313
6234 6235
6234 6313
6234 6314
6235 6236
6235 6313
6235 6314
6235 6315
6236 6237
6236 6314
6236 6315
6237 6238
6237 6315
6238 6239
6238 6316
6239 6240
6239 6316
6239 6317
6240 6241
6240 6316
6240 6317
6241 6317
6241 6318
6242 6243
6242 6319
6242 6320
6242 6321
6243 6320
6243 6321
6244 6322
6245 6246
6245 6323
6246 6247
6246 6323
6246 6324
6247 6324
6247 6325
6248 6249
6248 6325
6248 6326
6248 6327
6249 6250
6249 6326
6249 6327
6250 6327
6250 6328
6251 6252
6251 6328
6251 6329
6252 6329
6252 6330
6253 6331
6253 6332
6253 6333
6254 6255
6254 6333
6254 6334
6254 6335
6255 6256
6255 6334
6255 6335
6256 6257
6256 6335
6256 6336
6257 6258
6257 6336
6257 6337
6258 6259
6258 6336
6258 6337
6258 6338
6259 6260
6259 6337
6259 6338
6259 6339
6260 6261
6260 6338
6260 6339
6260 6340
6261 6262
6261 6339
6261 6340
6262 6263
6262 6340
6262 6341
6263 6264
6263 6341
6263 6342
6264 6265
6264 6341
6264 6342
6264 6343
6265 6342
6265 6343
6265 6344
6266 6267
6266 6345
6266 6346
6266 6347
6267 6268
6267 6346
6267 6347
6267 6348
6268 6269
6268 6347
6268 6348
6268 6349
6269 6348
6269 6349
6269 6350
6270 6350
6270 6351
6270 6352
6271 6272
6271 6352
6271 6353
6272 6273
6272 6353
6272 6354
6273 6274
6273 6353
6273 6354
6273 6355
6274 6275
6274 6354
6274 6355
6274 6356
6275 6355
6275 6356
6275 6357
6276 6277
6276 6357
6276 6358
6276 6359
6277 6278
6277 6358
6277 6359
6278 6279
6278 6359
6278 6360
6279 6280
6279 6360
6279 6361
6280 6281
6280 6360
6280 6361
6281 6282
6281 6361
6281 6362
6282 6362
6283 6284
6283 6363
6283 6364
6283 6365
6284 6285
6284 6364
6284 6365
6284 6366
6285 6286
6285 6365
6285 6366
6285 6367
6286 6366
6286 6367
6286 6368
6287 6288
6287 6368
6287 6369
6287 6370
6288 6289
6288 6369
6288 6370
6288 6371
6289 6290
6289 6370
6289 6371
6289 6372
6290 6371
6290 6372
6290 6373
6291 6373
6291 6374
6291 6375
6292 6293
6292 6375
6292 6376
6292 6377
6293 6294
6293 6376
6293 6377
6294 6295
6294 6377
6294 6378
6295 6296
6295 6378
6295 6379
6296 6297
6296 6378
6296 6379
6296 6380
6297 6298
6297 6379
6297 6380
6297 6381
6298 6299
6298 6380
6298 6381
6298 6382
6299 6300
6299 6381
6299 6382
6299 6383
6300 6301
6300 6382
6300 6383
6300 6384
6301 6302
6301 6383
6301 6384
6301 6385
6302 6303
6302 6384
6302 6385
6303 6304
6303 6385
6304 6305
6304 6386
6305 6306
6305 6386
6305 6387
6306 6386
6306 6387
6306 6388
6307 6308
6307 6388
6307 6389
6307 6390
6308 6309
6308 6389
6308 6390
6308 6391
6309 6310
6309 6390
6309 6391
6309 6392
6310 6311
6310 6391
6310 6392
6310 6393
6311 6392
6311 6393
6311 6394
6312 6394
6312 6395
6312 6396
6313 6314
6313 6396
6314 6315
6314 6397
6315 6397
6316 6317
6316 6398
6316 6399
6316 6400
6317 6399
6317 6400
6317 6401
6318 6319
6318 6401
6318 6402
6319 6320
6319 6402
6319 6403
6320 6321
6320 6403
6320 6404
6321 6403
6321 6404
6321 6405
6322 6405
6322 6406
6322 6407
6323 6407
6323 6408
6323 6409
6324 6325
6324 6409
6324 6410
6324 6411
6325 6326
6325 6410
6325 6411
6325 6412
6326 6327
6326 6411
6326 6412
6326 6413
6327 6412
6327 6413
6327 6414
6328 6329
6328 6414
6328 6415
6329 6415
6329 6416
6330 6331
6330 6416
6330 6417
6330 6418
6331 6332
6331 6417
6331 6418
6331 6419
6332 6333
6332 6418
6332 6419
6332 6420
6333 6334
6333 6419
6333 6420
6333 6421
6334 6335
6334 6420
6334 6421
6334 6422
6335 6421
6335 6422
6335 6423
6336 6337
6336 6423
6336 6424
6336 6425
6337 6338
6337 6424
6337 6425
6337 6426
6338 6339
6338 6425
6338 6426
6338 6427
6339 6340
6339 6426
6339 6427
6339 6428
6340 6427
6340 6428
6340 6429
6341 6342
6341 6429
6342 6343
6342 6430
6343 6344
6343 6430
6344 6345
6344 6430
6344 6431
6345 6346
6345 6431
6345 6432
6346 6347
6346 6431
6346 6432
6346 6433
6347 6348
6347 6432
6347 6433
6347 6434
6348 6349
6348 6433
6348 6434
6348 6435
6349 6350
6349 6434
6349 6435
6349 6436
6350 6351
6350 6435
6350 6436
6350 6437
6351 6352
6351 6436
6351 6437
6351 6438
6352 6437
6352 6438
6352 6439
6353 6354
6353 6439
6353 6440
6354 6355
6354 6440
6354 6441
6355 6356
6355 6440
6355 6441
6356 6357
6356 6441
6356 6442
6357 6358
6357 6442
6357 6443
6358 6359
6358 6442
6358 6443
6358 6444
6359 6443
6359 6444
6360 6361
6360 6445
6360 6446
6361 6445
6361 6446
6362 6447
6363 6364
6363 6448
6363 6449
6364 6365
6364 6448
6364 6449
6364 6450
6365 6366
6365 6449
6365 6450
6365 6451
6366 6367
6366 6450
6366 6451
6366 6452
6367 6368
6367 6451
6367 6452
6367 6453
6368 6369
6368 6452
6368 6453
6369 6370
6369 6453
6369 6454
6370 6371
6370 6454
6370 6455
6371 6372
6371 6454
6371 6455
6371 6456
6372 6373
6372 6455
6372 6456
6373 6374
6373 6456
6373 6457
6374 6375
6374 6457
6374 6458
6375 6376
6375 6457
6375 6458
6375 6459
6376 6377
6376 6458
6376 6459
6376 6460
6377 6459
6377 6460
6377 6461
6378 6379
6378 6461
6378 6462
6379 6380
6379 6462
6379 6463
6380 6381
6380 6462
6380 6463
6380 6464
6381 6382
6381 6463
6381 6464
6381 6465
6382 6383
6382 6464
6382 6465
6382 6466
6383 6384
6383 6465
6383 6466
6383 6467
6384 6385
6384 6466
6384 6467
6385 6467
6385 6468
6386 6387
6386 6469
6386 6470
6386 6471
6387 6388
6387 6470
6387 6471
6388 6389
6388 6471
6388 6472
6389 6390
6389 6472
6389 6473
6390 6391
6390 6472
6390 6473
6390 6474
6391 6392
6391 6473
6391 6474
6391 6475
6392 6393
6392 6474
6392 6475
6392 6476
6393 6394
6393 6475
6393 6476
6393 6477
6394 6395
6394 6476
6394 6477
6394 6478
6395 6396
6395 6477
6395 6478
6395 6479
6396 6478
6396 6479
6397 6480
6397 6481
6398 6399
6398 6481
6398 6482
6399 6400
6399 6482
6399 6483
6400 6401
6400 6482
6400 6483
6400 6484
6401 6402
6401 6483
6401 6484
6401 6485
6402 6484
6402 6485
6402 6486
6403 6404
6403 6486
6403 6487
6403 6488
6404 6405
6404 6487
6404 6488
6404 6489
6405 6406
6405 6488
6405 6489
6405 6490
6406 6407
6406 6489
6406 6490
6406 6491
6407 6408
6407 6490
6407 6491
6407 6492
6408 6409
6408 6491
6408 6492
6408 6493
6409 6410
6409 6492
6409 6493
6409 6494
6410 6411
6410 6493
6410 6494
6411 6412
6411 6494
6412 6413
6412 6495
6413 6414
6413 6495
6413 6496
6414 6415
6414 6495
6414 6496
6414 6497
6415 6496
6415 6497
6415 6498
6416 6417
6416 6498
6416 6499
6417 6418
6417 6499
6418 6419
6418 6499
6418 6500
6419 6420
6419 6500
6419 6501
6420 6421
6420 6500
6420 6501
6420 6502
6421 6422
6421 6501
6421 6502
6422 6423
6422 6502
6422 6503
6423 6424
6423 6503
6423 6504
6424 6425
6424 6503
6424 6504
6425 6426
6425 6504
6425 6505
6426 6427
6426 6505
6427 6428
6427 6505
6427 6506
6428 6429
6428 6506
6428 6507
6429 6506
6429 6507
6429 6508
6430 6509
6430 6510
6430 6511
6431 6432
6431 6511
6431 6512
6431 6513
6432 6433
6432 6512
6432 6513
6432 6514
6433 6434
6433 6513
6433 6514
6433 6515
6434 6435
6434 6514
6434 6515
6435 6436
6435 6515
6436 6437
6436 6516
6437 6438
6437 6516
6437 6517
6438 6439
6438 6516
6438 6517
6438 6518
6439 6517
6439 6518
6439 6519
6440 6441
6440 6519
6440 6520
6441 6520
6441 6521
6442 6443
6442 6521
6442 6522
6442 6523
6443 6444
6443 6522
6443 6523
6443 6524
6444 6523
6444 6524
6444 6525
6445 6446
6445 6525
6446 6526
6447 6526
6447 6527
6448 6449
6448 6528
6449 6450
6449 6528
6449 6529
6450 6451
6450 6529
6450 6530
6451 6452
6451 6529
6451 6530
6451 6531
6452 6453
6452 6530
6452 6531
6452 6532
6453 6531
6453 6532
6453 6533
6454 6455
6454 6533
6454 6534
6455 6456
6455 6534
6455 6535
6456 6535
6457 6458
6457 6536
6457 6537
6458 6459
6458 6536
6458 6537
6458 6538
6459 6460
6459 6537
6459 6538
6459 6539
6460 6461
6460 6538
6460 6539
6460 6540
6461 6539
6461 6540
6461 6541
6462 6463
6462 6541
6462 6542
6462 6543
6463 6464
6463 6542
6463 6543
6463 6544
6464 6465
6464 6543
6464 6544
6464 6545
6465 6466
6465 6544
6465 6545
6465 6546
6466 6467
6466 6545
6466 6546
6466 6547
6467 6546
6467 6547
6467 6548
6468 6469
6468 6548
6468 6549
6468 6550
6469 6470
6469 6549
6469 6550
6469 6551
6470 6471
6470 6550
6470 6551
6470 6552
6471 6551
6471 6552
6471 6553
6472 6473
6472 6553
6472 6554
6472 6555
6473 6474
6473 6554
6473 6555
6473 6556
6474 6475
6474 6555
6474 6556
6475 6476
6475 6556
6475 6557
6476 6477
6476 6557
6476 6558
6477 6478
6477 6557
6477 6558
6477 6559
6478 6479
6478 6558
6478 6559
6479 6559
6480 6481
6480 6560
6480 6561
6481 6561
6482 6483
6482 6562
6482 6563
6483 6484
6483 6562
6483 6563
6484 6485
6484 6563
6484 6564
6485 6486
6485 6564
6485 6565
6486 6487
6486 6564
6486 6565
6486 6566
6487 6488
6487 6565
6487 6566
6487 6567
6488 6489
6488 6566
6488 6567
6488 6568
6489 6490
6489 6567
6489 6568
6489 6569
6490 6491
6490 6568
6490 6569
6490 6570
6491 6492
6491 6569
6491 6570
6491 6571
6492 6493
6492 6570
6492 6571
6492 6572
6493 6494
6493 6571
6493 6572
6493 6573
6494 6572
6494 6573
6495 6496
6495 6574
6496 6497
6496 6574
6496 6575
6497 6498
6497 6574
6497 6575
6497 6576
6498 6575
6498 6576
6498 6577
6499 6577
6499 6578
6499 6579
6500 6501
6500 6579
6500 6580
6500 6581
6501 6502
6501 6580
6501 6581
6501 6582
6502 6581
6502 6582
6502 6583
6503 6504
6503 6583
6503 6584
6504 6584
6505 6585
6506 6507
6507 6508
6508 6509
6508 6586
6509 6510
6509 6586
6510 6511
6510 6586
6510 6587
6511 6512
6511 6587
6511 6588
6512 6513
6512 6587
6512 6588
6512 6589
6513 6514
6513 6588
6513 6589
6513 6590
6514 6515
6514 6589
6514 6590
6514 6591
6515 6590
6515 6591
6515 6592
6516 6517
6516 6593
6516 6594
6516 6595
6517 6518
6517 6594
6517 6595
6517 6596
6518 6519
6518 6595
6518 6596
6518 6597
6519 6596
6519 6597
6519 6598
6520 6521
6520 6598
6521 6522
6521 6599
6522 6523
6522 6599
6522 6600
6523 6524
6523 6599
6523 6600
6523 6601
6524 6525
6524 6600
6524 6601
6525 6601
6525 6602
6526 6527
6526 6603
6526 6604
6526 6605
6527 6604
6527 6605
6528 6606
6529 6530
6529 6607
6529 6608
6530 6531
6530 6607
6530 6608
6531 6532
6531 6608
6531 6609
6532 6533
6532 6609
6532 6610
6533 6534
6533 6609
6533 6610
6533 6611
6534 6610
6534 6611
6534 6612
6535 6612
6535 6613
6535 6614
6536 6537
6536 6614
6537 6538
6537 6615
6538 6539
6538 6615
6538 6616
6539 6540
6539 6615
6539 6616
6539 6617
6540 6541
6540 6616
6540 6617
6540 6618
6541 6542
6541 6617
6541 6618
6542 6543
6542 6618
6542 6619
6543 6544
6543 6619
6543 6620
6544 6545
6544 6619
6544 6620
6544 6621
6545 6546
6545 6620
6545 6621
6545 6622
6546 6547
6546 6621
6546 6622
6546 6623
6547 6548
6547 6622
6547 6623
6547 6624
6548 6549
6548 6623
6548 6624
6548 6625
6549 6550
6549 6624
6549 6625
6549 6626
6550 6551
6550 6625
6550 6626
6550 6627
6551 6552
6551 6626
6551 6627
6551 6628
6552 6553
6552 6627
6552 6628
6552 6629
6553 6554
6553 6628
6553 6629
6553 6630
6554 6555
6554 6629
6554 6630
6554 6631
6555 6556
6555 6630
6555 6631
6555 6632
6556 6631
6556 6632
6556 6633
6557 6558
6557 6633
6557 6634
6557 6635
6558 6559
6558 6634
6558 6635
6558 6636
6559 6635
6559 6636
6559 6637
6560 6561
6560 6638
6560 6639
6561 6638
6561 6639
6561 6640
6562 6563
6562 6641
6562 6642
6563 6642
6563 6643
6564 6565
6564 6643
6564 6644
6564 6645
6565 6566
6565 6644
6565 6645
6565 6646
6566 6567
6566 6645
6566 6646
6566 6647
6567 6568
6567 6646
6567 6647
6567 6648
6568 6569
6568 6647
6568 6648
6568 6649
6569 6570
6569 6648
6569 6649
6569 6650
6570 6571
6570 6649
6570 6650
6570 6651
6571 6572
6571 6650
6571 6651
6571 6652
6572 6573
6572 6651
6572 6652
6572 6653
6573 6652
6573 6653
6573 6654
6574 6575
6574 6656
6574 6657
6574 6658
6575 6576
6575 6657
6575 6658
6576 6577
6576 6658
6577 6578
6578 6579
6578 6659
6579 6580
6579 6659
6580 6581
6580 6659
6580 6660
6581 6582
6581 6660
6581 6661
6582 6583
6582 6660
6582 6661
6582 6662
6583 6584
6583 6661
6583 6662
6584 6662
6584 6663
6585 6664
6585 6665
6585 6666
6586 6669
6586 6670
6587 6588
6587 6670
6587 6671
6588 6589
6588 6671
6588 6672
6589 6590
6589 6672
6589 6673
6590 6591
6590 6672
6590 6673
6590 6674
6591 6592
6591 6673
6591 6674
6591 6675
6592 6593
6592 6674
6592 6675
6593 6594
6593 6675
6594 6595
6594 6676
6595 6596
6595 6676
6595 6677
6596 6597
6596 6676
6596 6677
6596 6678
6597 6598
6597 6677
6597 6678
6597 6679
6598 6678
6598 6679
6599 6600
6599 6680
6599 6681
6599 6682
6600 6601
6600 6681
6600 6682
6601 6682
6601 6683
6602 6603
6602 6683
6602 6684
6602 6685
6603 6604
6603 6684
6603 6685
6604 6605
6604 6685
6606 6686
6607 6608
6607 6687
6607 6688
6608 6687
6608 6688
6608 6689
6609 6610
6609 6689
6609 6690
6609 6691
6610 6611
6610 6690
6610 6691
6610 6692
6611 6612
6611 6691
6611 6692
6611 6693
6612 6613
6612 6692
6612 6693
6613 6614
6613 6693
6613 6694
6614 6694
6614 6695
6615 6616
6615 6696
6615 6697
6616 6617
6616 6697
6616 6698
6617 6618
6617 6697
6617 6698
6617 6699
6618 6698
6618 6699
6618 6700
6619 6620
6619 6700
6619 6701
6619 6702
6620 6621
6620 6701
6620 6702
6620 6703
6621 6622
6621 6702
6621 6703
6621 6704
6622 6623
6622 6703
6622 6704
6622 6705
6623 6624
6623 6704
6623 6705
6623 6706
6624 6625
6624 6705
6624 6706
6624 6707
6625 6626
6625 6706
6625 6707
6626 6627
6626 6707
6626 6708
6627 6628
6627 6708
6627 6709
6628 6629
6628 6708
6628 6709
6628 6710
6629 6630
6629 6709
6629 6710
6629 6711
6630 6631
6630 6710
6630 6711
6631 6632
6631 6711
6632 6633
6632 6712
6633 6634
6633 6712
6633 6713
6634 6635
6634 6712
6634 6713
6635 6636
6635 6713
6635 6714
6636 6637
6636 6714
6636 6715
6637 6714
6637 6715
6637 6716
6638 6639
6638 6716
6638 6717
6638 6718
6639 6640
6639 6717
6639 6718
6639 6719
6640 6641
6640 6718
6640 6719
6641 6719
6641 6720
6642 6643
6642 6720
6642 6721
6642 6722
6643 6644
6643 6721
6643 6722
6643 6723
6644 6645
6644 6722
6644 6723
6644 6724
6645 6646
6645 6723
6645 6724
6646 6647
6646 6724
6647 6648
6648 6649
6648 6725
6649 6650
6649 6725
6650 6651
6650 6725
6650 6726
6651 6652
6651 6726
6651 6727
6652 6653
6652 6726
6652 6727
6652 6728
6653 6654
6653 6727
6653 6728
6653 6729
6654 6655
6654 6728
6654 6729
6654 6730
6655 6656
6655 6729
6655 6730
6655 6731
6656 6657
6656 6730
6656 6731
6656 6732
6657 6658
6657 6731
6657 6732
6657 6733
6658 6732
6658 6733
6658 6734
6659 6736
6659 6737
6660 6661
6660 6738
6660 6739
6661 6662
6661 6738
6661 6739
6661 6740
6662 6739
6662 6740
6662 6741
6663 6664
6663 6741
6663 6742
6663 6743
6664 6665
6664 6742
6664 6743
6664 6744
6665 6666
6665 6743
6665 6744
6665 6745
6666 6667
6666 6744
6666 6745
6666 6746
6667 6668
6667 6745
6667 6746
6667 6747
6668 6746
6668 6747
6668 6748
6669 6670
6669 6748
6669 6749
6670 6671
6670 6749
6670 6750
6671 6749
6671 6750
6671 6751
6672 6673
6672 6751
6672 6752
6672 6753
6673 6674
6673 6752
6673 6753
6674 6675
6674 6753
6674 6754
6675 6754
6676 6677
6676 6755
6676 6756
6676 6757
6677 6678
6677 6756
6677 6757
6678 6679
6678 6757
6680 6681
6680 6758
6680 6759
6681 6682
6681 6758
6681 6759
6682 6759
6682 6760
6683 6684
6683 6760
6683 6761
6684 6685
6684 6761
6686 6763
6686 6764
6687 6688
6687 6764
6687 6765
6687 6766
6688 6689
6688 6765
6688 6766
6688 6767
6689 6690
6689 6766
6689 6767
6690 6691
6690 6767
6690 6768
6691 6692
6691 6768
6691 6769
6692 6693
6692 6768
6692 6769
6692 6770
6693 6769
6693 6770
6694 6695
6694 6771
6695 6696
6695 6771
6695 6772
6696 6772
6696 6773
6697 6698
6697 6773
6697 6774
6697 6775
6698 6699
6698 6774
6698 6775
6698 6776
6699 6700
6699 6775
6699 6776
6699 6777
6700 6701
6700 6776
6700 6777
6700 6778
6701 6702
6701 6777
6701 6778
6701 6779
6702 6703
6702 6778
6702 6779
6702 6780
6703 6704
6703 6779
6703 6780
6703 6781
6704 6705
6704 6780
6704 6781
6704 6782
6705 6706
6705 6781
6705 6782
6705 6783
6706 6707
6706 6782
6706 6783
6706 6784
6707 6783
6707 6784
6707 6785
6708 6709
6708 6785
6708 6786
6709 6710
6709 6786
6709 6787
6710 6711
6710 6786
6710 6787
6710 6788
6711 6787
6711 6788
6712 6713
6712 6789
6712 6790
6712 6791
6713 6790
6713 6791
6713 6792
6714 6715
6714 6792
6714 6793
6714 6794
6715 6716
6715 6793
6715 6794
6715 6795
6716 6717
6716 6794
6716 6795
6716 6796
6717 6718
6717 6795
6717 6796
6718 6719
6718 6796
6718 6797
6719 6797
6719 6798
6720 6721
6720 6798
6720 6799
6720 6800
6721 6722
6721 6799
6721 6800
6722 6723
6722 6800
6722 6801
6723 6724
6723 6801
6723 6802
6724 6801
6724 6802
6724 6803
6725 6805
6725 6806
6725 6807
6726 6727
6726 6807
6726 6808
6726 6809
6727 6728
6727 6808
6727 6809
6727 6810
6728 6729
6728 6809
6728 6810
6728 6811
6729 6730
6729 6810
6729 6811
6729 6812
6730 6731
6730 6811
6730 6812
6730 6813
6731 6732
6731 6812
6731 6813
6731 6814
6732 6733
6732 6813
6732 6814
6733 6734
6733 6814
6733 6815
6734 6735
6734 6815
6734 6816
6735 6736
6735 6815
6735 6816
6735 6817
6736 6737
6736 6816
6736 6817
6736 6818
6737 6817
6737 6818
6737 6819
6738 6739
6738 6819
6738 6820
6738 6821
6739 6740
6739 6820
6739 6821
6739 6822
6740 6741
6740 6821
6740 6822
6740 6823
6741 6742
6741 6822
6741 6823
6741 6824
6742 6743
6742 6823
6742 6824
6742 6825
6743 6744
6743 6824
6743 6825
6743 6826
6744 6745
6744 6825
6744 6826
6744 6827
6745 6746
6745 6826
6745 6827
6746 6747
6746 6827
6746 6828
6747 6748
6747 6828
6747 6829
6748 6828
6748 6829
6748 6830
6749 6750
6749 6830
6749 6831
6749 6832
6750 6751
6750 6831
6750 6832
6750 6833
6751 6752
6751 6832
6751 6833
6751 6834
6752 6753
6752 6833
6752 6834
6752 6835
6753 6834
6753 6835
6753 6836
6754 6836
6754 6837
6754 6838
6755 6756
6755 6838
6755 6839
6756 6757
6756 6839
6756 6840
6757 6839
6757 6840
6758 6759
6758 6842
6758 6843
6759 6842
6759 6843
6759 6844
6760 6761
6760 6844
6760 6845
6760 6846
6761 6845
6761 6846
6761 6847
6762 6849
6762 6850
6763 6764
6763 6851
6763 6852
6764 6765
6764 6851
6764 6852
6764 6853
6765 6766
6765 6852
6765 6853
6766 6767
6766 6853
6766 6854
6767 6854
6767 6855
6768 6769
6768 6855
6768 6856
6769 6770
6769 6856
6769 6857
6770 6856
6770 6857
6770 6858
6771 6858
6771 6859
6772 6773
6772 6859
6772 6860
6773 6774
6773 6860
6773 6861
6774 6775
6774 6860
6774 6861
6774 6862
6775 6776
6775 6861
6775 6862
6775 6863
6776 6777
6776 6862
6776 6863
6777 6778
6777 6863
6778 6779
6778 6864
6779 6780
6779 6864
6779 6865
6780 6781
6780 6864
6780 6865
6780 6866
6781 6782
6781 6865
6781 6866
6782 6783
6782 6866
6782 6867
6783 6784
6783 6867
6783 6868
6784 6785
6784 6867
6784 6868
6784 6869
6785 6868
6785 6869
6786 6787
6786 6870
6787 6788
6787 6870
6788 6870
6789 6790
6789 6871
6789 6872
6790 6791
6790 6871
6790 6872
6790 6873
6791 6792
6791 6872
6791 6873
6791 6874
6792 6793
6792 6873
6792 6874
6792 6875
6793 6794
6793 6874
6793 6875
6793 6876
6794 6795
6794 6875
6794 6876
6794 6877
6795 6796
6795 6876
6795 6877
6795 6878
6796 6877
6796 6878
6796 6879
6797 6798
6797 6879
6797 6880
6798 6799
6798 6880
6798 6881
6799 6800
6799 6880
6799 6881
6799 6882
6800 6881
6800 6882
6800 6883
6801 6802
6801 6883
6801 6884
6801 6885
6802 6803
6802 6884
6802 6885
6803 6804
6803 6885
6803 6886
6804 6805
6804 6886
6804 6887
6805 6806
6805 6886
6805 6887
6806 6807
6806 6887
6806 6888
6807 6808
6807 6888
6807 6889
6808 6809
6808 6888
6808 6889
6808 6890
6809 6810
6809 6889
6809 6890
6809 6891
6810 6811
6810 6890
6810 6891
6811 6812
6811 6891
6812 6813
6812 6892
6813 6814
6813 6892
6813 6893
6814 6892
6814 6893
6814 6894
6815 6816
6815 6894
6815 6895
6816 6817
6816 6895
6816 6896
6817 6818
6817 6896
6817 6897
6818 6819
6818 6896
6818 6897
6819 6820
6819 6897
6819 6898
6820 6821
6820 6898
6820 6899
6821 6822
6821 6898
6821 6899
6821 6900
6822 6823
6822 6899
6822 6900
6822 6901
6823 6824
6823 6900
6823 6901
6823 6902
6824 6825
6824 6901
6824 6902
6824 6903
6825 6826
6825 6902
6825 6903
6825 6904
6826 6827
6826 6903
6826 6904
6826 6905
6827 6904
6827 6905
6828 6829
6828 6906
6828 6907
6829 6830
6829 6906
6829 6907
6829 6908
6830 6831
6830 6907
6830 6908
6830 6909
6831 6832
6831 6908
6831 6909
6832 6833
6832 6909
6832 6910
6833 6834
6833 6910
6833 6911
6834 6835
6834 6910
6834 6911
6834 6912
6835 6836
6835 6911
6835 6912
6835 6913
6836 6837
6836 6912
6836 6913
6837 6838
6837 6913
6838 6914
6839 6840
6839 6914
6839 6915
6839 6916
6840 6915
6840 6916
6840 6917
6841 6917
6841 6918
6841 6919
6842 6843
6842 6919
6842 6920
6843 6844
6843 6920
6843 6921
6844 6845
6844 6921
6845 6846
6845 6921
6845 6922
6846 6847
6846 6922
6846 6923
6847 6848
6847 6922
6847 6923
6847 6924
6848 6849
6848 6923
6848 6924
6848 6925
6849 6850
6849 6924
6849 6925
6849 6926
6850 6925
6850 6926
6851 6852
6851 6927
6851 6928
6852 6853
6852 6927
6852 6928
6852 6929
6853 6928
6853 6929
6853 6930
6854 6855
6854 6930
6854 6931
6854 6932
6855 6931
6855 6932
6855 6933
6856 6857
6856 6933
6856 6934
6856 6935
6857 6858
6857 6934
6857 6935
6857 6936
6858 6935
6858 6936
6859 6937
6859 6938
6860 6861
6860 6938
6860 6939
6860 6940
6861 6862
6861 6939
6861 6940
6861 6941
6862 6863
6862 6940
6862 6941
6863 6941
6864 6865
6864 6942
6864 6943
6864 6944
6865 6866
6865 6943
6865 6944
6865 6945
6866 6944
6866 6945
6867 6868
6867 6946
6867 6947
6868 6869
6868 6946
6868 6947
6868 6948
6869 6947
6869 6948
6869 6949
6870 6950
6870 6951
6870 6952
6871 6872
6871 6953
6871 6954
6872 6873
6872 6953
6872 6954
6872 6955
6873 6874
6873 6954
6873 6955
6873 6956
6874 6875
6874 6955
6874 6956
6874 6957
6875 6876
6875 6956
6875 6957
6875 6958
6876 6877
6876 6957
6876 6958
6876 6959
6877 6878
6877 6958
6877 6959
6877 6960
6878 6879
6878 6959
6878 6960
6878 6961
6879 6960
6879 6961
6879 6962
6880 6881
6880 6962
6880 6963
6880 6964
6881 6882
6881 6963
6881 6964
6881 6965
6882 6883
6882 6964
6882 6965
6882 6966
6883 6884
6883 6965
6883 6966
6883 6967
6884 6885
6884 6966
6884 6967
6884 6968
6885 6967
6885 6968
6886 6887
6886 6969
6887 6969
6888 6889
6888 6970
6889 6890
6889 6970
6890 6891
6890 6970
6891 6971
6892 6893
6892 6972
6892 6973
6892 6974
6893 6894
6893 6973
6893 6974
6893 6975
6894 6895
6894 6974
6894 6975
6894 6976
6895 6975
6895 6976
6895 6977
6896 6897
6896 6977
6896 6978
6896 6979
6897 6978
6897 6979
6897 6980
6898 6899
6898 6980
6899 6900
6899 6981
6900 6901
6900 6981
6900 6982
6901 6902
6901 6981
6901 6982
6901 6983
6902 6903
6902 6982
6902 6983
6903 6904
6903 6983
6903 6984
6904 6905
6904 6984
6904 6985
6905 6984
6905 6985
6906 6907
6906 6986
6906 6987
6907 6908
6907 6986
6907 6987
6907 6988
6908 6909
6908 6987
6908 6988
6908 6989
6909 6988
6909 6989
6909 6990
6910 6911
6910 6990
6910 6991
6910 6992
6911 6912
6911 6991
6911 6992
6911 6993
6912 6913
6912 6992
6912 6993
6912 6994
6913 6993
6913 6994
6913 6995
6914 6915
6914 6996
6914 6997
6914 6998
6915 6916
6915 6997
6915 6998
6916 6917
6916 6998
6916 6999
6917 6918
6917 6999
6917 7000
6918 6919
6918 6999
6918 7000
6918 7001
6919 6920
6919 7000
6919 7001
6920 7001
6920 7002
6921 7002
6921 7003
6921 7004
6922 6923
6922 7004
6922 7005
6922 7006
6923 6924
6923 7005
6923 7006
6923 7007
6924 6925
6924 7006
6924 7007
6925 6926
6925 7007
6925 7008
6926 7008
6927 6928
6927 7009
6928 6929
6928 7009
6928 7010
6929 6930
6929 7009
6929 7010
6929 7011
6930 6931
6930 7010
6930 7011
6931 6932
6931 7011
6931 7012
6932 6933
6932 7012
6932 7013
6933 6934
6933 7012
6933 7013
6934 6935
6934 7013
6934 7014
6935 6936
6935 7014
6936 7014
6936 7015
6937 6938
6937 7015
6937 7016
6937 7017
6938 6939
6938 7016
6938 7017
6938 7018
6939 6940
6939 7017
6939 7018
6939 7019
6940 6941
6940 7018
6940 7019
6940 7020
6941 7019
6941 7020
6941 7021
6942 6943
6942 7022
6942 7023
6942 7024
6943 6944
6943 7023
6943 7024
6943 7025
6944 6945
6944 7024
6944 7025
6945 7025
6945 7026
6946 6947
6946 7026
6946 7027
6947 6948
6947 7027
6947 7028
6948 6949
6948 7028
6948 7029
6949 6950
6949 7028
6949 7029
6949 7030
6950 6951
6950 7029
6950 7030
6950 7031
6951 6952
6951 7030
6951 7031
6951 7032
6952 7031
6952 7032
6952 7033
6953 6954
6953 7033
6953 7034
6953 7035
6954 6955
6954 7034
6954 7035
6954 7036
6955 6956
6955 7035
6955 7036
6955 7037
6956 6957
6956 7036
6956 7037
6956 7038
6957 6958
6957 7037
6957 7038
6957 7039
6958 6959
6958 7038
6958 7039
6958 7040
6959 6960
6959 7039
6959 7040
6959 7041
6960 6961
6960 7040
6960 7041
6960 7042
6961 6962
6961 7041
6961 7042
6961 7043
6962 6963
6962 7042
6962 7043
6962 7044
6963 6964
6963 7043
6963 7044
6964 6965
6964 7044
6964 7045
6965 6966
6965 7045
6965 7046
6966 6967
6966 7045
6966 7046
6966 7047
6967 6968
6967 7046
6967 7047
6967 7048
6968 7047
6968 7048
6968 7049
6969 7049
6969 7050
6969 7051
6970 7053
6970 7054
6971 6972
6971 7055
6971 7056
6972 6973
6972 7056
6973 6974
6973 7056
6974 6975
6974 7057
6975 6976
6975 7057
6975 7058
6976 6977
6976 7057
6976 7058
6976 7059
6977 6978
6977 7058
6977 7059
6977 7060
6978 6979
6978 7059
6978 7060
6978 7061
6979 6980
6979 7060
6979 7061
6979 7062
6980 7061
6980 7062
6980 7063
6981 6982
6981 7064
6981 7065
6981 7066
6982 6983
6982 7065
6982 7066
6982 7067
6983 7066
6983 7067
6984 6985
6984 7068
6984 7069
6985 7068
6985 7069
6985 7070
6986 6987
6986 7070
6986 7071
6986 7072
6987 6988
6987 7071
6987 7072
6987 7073
6988 6989
6988 7072
6988 7073
6988 7074
6989 6990
6989 7073
6989 7074
6990 6991
6990 7074
6990 7075
6991 6992
6991 7075
6992 6993
6992 7075
6992 7076
6993 6994
6993 7076
6994 6995
6994 7076
6995 6996
6995 7077
6996 6997
6996 7077
6996 7078
6997 6998
6997 7077
6997 7078
6997 7079
6998 7078
6998 7079
6998 7080
6999 7000
6999 7080
6999 7081
7000 7001
7000 7081
7000 7082
7001 7082
7001 7083
7002 7003
7002 7083
7002 7084
7002 7085
7003 7004
7003 7084
7003 7085
7003 7086
7004 7005
7004 7085
7004 7086
7004 7087
7005 7006
7005 7086
7005 7087
7006 7007
7006 7087
7008 7088
7009 7010
7009 7089
7009 7090
7010 7011
7010 7089
7010 7090
7011 7090
7012 7013
7012 7091
7012 7092
7013 7091
7013 7092
7014 7093
7015 7016
7015 7093
7015 7094
7015 7095
7016 7017
7016 7094
7016 7095
7016 7096
7017 7018
7017 7095
7017 7096
7017 7097
7018 7019
7018 7096
7018 7097
7018 7098
7019 7020
7019 7097
7019 7098
7019 7099
7020 7021
7020 7098
7020 7099
7020 7100
7021 7022
7021 7099
7021 7100
7021 7101
7022 7023
7022 7100
7022 7101
7022 7102
7023 7024
7023 7101
7023 7102
7023 7103
7024 7025
7024 7102
7024 7103
7024 7104
7025 7103
7025 7104
7025 7105
7026 7027
7026 7105
7026 7106
7026 7107
7027 7106
7027 7107
7027 7108
7028 7029
7028 7108
7028 7109
7028 7110
7029 7030
7029 7109
7029 7110
7029 7111
7030 7031
7030 7110
7030 7111
7031 7032
7031 7111
7031 7112
7032 7033
7032 7112
7032 7113
7033 7034
7033 7112
7033 7113
7033 7114
7034 7035
7034 7113
7034 7114
7034 7115
7035 7036
7035 7114
7035 7115
7035 7116
7036 7037
7036 7115
7036 7116
7036 7117
7037 7038
7037 7116
7037 7117
7037 7118
7038 7039
7038 7117
7038 7118
7038 7119
7039 7040
7039 7118
7039 7119
7039 7120
7040 7041
7040 7119
7040 7120
7040 7121
7041 7042
7041 7120
7041 7121
7041 7122
7042 7043
7042 7121
7042 7122
7042 7123
7043 7044
7043 7122
7043 7123
7043 7124
7044 7123
7044 7124
7045 7046
7045 7125
7045 7126
7046 7047
7046 7125
7046 7126
7046 7127
7047 7048
7047 7126
7047 7127
7047 7128
7048 7049
7048 7127
7048 7128
7048 7129
7049 7050
7049 7128
7049 7129
7049 7130
7050 7051
7050 7129
7050 7130
7050 7131
7051 7052
7051 7130
7051 7131
7051 7132
7052 7131
7052 7132
7052 7133
7053 7054
7053 7133
7053 7134
7053 7135
7054 7055
7054 7134
7054 7135
7054 7136
7055 7135
7055 7136
7055 7137
7056 7137
7056 7138
7057 7058
7057 7139
7058 7059
7058 7140
7059 7060
7059 7140
7059 7141
7060 7061
7060 7140
7060 7141
7060 7142
7061 7062
7061 7141
7061 7142
7061 7143
7062 7063
7062 7142
7062 7143
7062 7144
7063 7064
7063 7143
7063 7144
7063 7145
7064 7065
7064 7144
7064 7145
7064 7146
7065 7066
7065 7145
7065 7146
7065 7147
7066 7067
7066 7146
7066 7147
7066 7148
7067 7147
7067 7148
7067 7149
7068 7069
7068 7149
7068 7150
7068 7151
7069 7070
7069 7150
7069 7151
7070 7071
7070 7151
7071 7072
7072 7073
7072 7152
7073 7074
7073 7152
7073 7153
7074 7152
7074 7153
7074 7154
7075 7154
7075 7155
7075 7156
7076 7156
7076 7157
7076 7158
7077 7078
7077 7159
7077 7160
7077 7161
7078 7079
7078 7160
7078 7161
7078 7162
7079 7080
7079 7161
7079 7162
7079 7163
7080 7081
7080 7162
7080 7163
7080 7164
7081 7163
7081 7164
7081 7165
7082 7083
7082 7165
7082 7166
7083 7084
7083 7166
7083 7167
7084 7085
7084 7167
7085 7086
7085 7167
7085 7168
7086 7087
7086 7168
7086 7169
7087 7168
7087 7169
7087 7170
7088 7172
7088 7173
7089 7090
7089 7174
7089 7175
7090 7174
7090 7175
7090 7176
7091 7092
7091 7177
7091 7178
7091 7179
7092 7178
7092 7179
7092 7180
7093 7094
7093 7181
7093 7182
7093 7183
7094 7095
7094 7182
7094 7183
7094 7184
7095 7096
7095 7183
7095 7184
7096 7097
7096 7184
7096 7185
7097 7098
7097 7185
7097 7186
7098 7099
7098 7185
7098 7186
7098 7187
7099 7100
7099 7186
7099 7187
7099 7188
7100 7101
7100 7187
7100 7188
7100 7189
7101 7102
7101 7188
7101 7189
7101 7190
7102 7103
7102 7189
7102 7190
7102 7191
7103 7104
7103 7190
7103 7191
7103 7192
7104 7105
7104 7191
7104 7192
7104 7193
7105 7106
7105 7192
7105 7193
7105 7194
7106 7107
7106 7193
7106 7194
7106 7195
7107 7108
7107 7194
7107 7195
7108 7109
7108 7195
7108 7196
7109 7110
7109 7196
7109 7197
7110 7111
7110 7196
7110 7197
7110 7198
7111 7197
7111 7198
7111 7199
7112 7113
7112 7199
7112 7200
7112 7201
7113 7114
7113 7200
7113 7201
7113 7202
7114 7115
7114 7201
7114 7202
7115 7116
7115 7202
7115 7203
7116 7117
7116 7203
7116 7204
7117 7118
7117 7203
7117 7204
7118 7119
7118 7204
7118 7205
7119 7120
7119 7205
7120 7121
7120 7205
7120 7206
7121 7122
7121 7206
7121 7207
7122 7123
7122 7206
7122 7207
7122 7208
7123 7124
7123 7207
7123 7208
7123 7209
7124 7208
7124 7209
7125 7126
7125 7210
7126 7127
7126 7210
7127 7128
7127 7211
7128 7129
7128 7211
7128 7212
7129 7130
7129 7211
7129 7212
7130 7131
7130 7212
7130 7213
7131 7132
7131 7213
7131 7214
7132 7133
7132 7213
7132 7214
7133 7134
7133 7214
7133 7215
7134 7135
7134 7215
7134 7216
7135 7136
7135 7215
7135 7216
7135 7217
7136 7137
7136 7216
7136 7217
7136 7218
7137 7217
7137 7218
7137 7219
7138 7139
7138 7219
7138 7220
7139 7220
7139 7221
7140 7141
7140 7222
7140 7223
7140 7224
7141 7142
7141 7223
7141 7224
7141 7225
7142 7143
7142 7224
7142 7225
7142 7226
7143 7144
7143 7225
7143 7226
7143 7227
7144 7145
7144 7226
7144 7227
7144 7228
7145 7146
7145 7227
7145 7228
7145 7229
7146 7147
7146 7228
7146 7229
7146 7230
7147 7148
7147 7229
7147 7230
7147 7231
7148 7149
7148 7230
7148 7231
7148 7232
7149 7150
7149 7231
7149 7232
7149 7233
7150 7151
7150 7232
7150 7233
7150 7234
7151 7233
7151 7234
7151 7235
7152 7153
7152 7236
7152 7237
7152 7238
7153 7154
7153 7237
7153 7238
7153 7239
7154 7155
7154 7238
7154 7239
7154 7240
7155 7156
7155 7239
7155 7240
7155 7241
7156 7157
7156 7240
7156 7241
7156 7242
7157 7158
7157 7241
7157 7242
7157 7243
7158 7159
7158 7242
7158 7243
7158 7244
7159 7160
7159 7243
7159 7244
7159 7245
7160 7161
7160 7244
7160 7245
7161 7162
7161 7245
7161 7246
7162 7163
7162 7246
7162 7247
7163 7164
7163 7246
7163 7247
7163 7248
7164 7165
7164 7247
7164 7248
7164 7249
7165 7166
7165 7248
7165 7249
7165 7250
7166 7249
7166 7250
7166 7251
7167 7251
7167 7252
7167 7253
7168 7169
7168 7253
7168 7254
7169 7170
7169 7254
7169 7255
7170 7171
7170 7254
7170 7255
7170 7256
7171 7172
7171 7255
7171 7256
7171 7257
7172 7173
7172 7256
7172 7257
7172 7258
7173 7257
7173 7258
7174 7175
7174 7259
7174 7260
7174 7261
7175 7176
7175 7260
7175 7261
7175 7262
7176 7177
7176 7261
7176 7262
7176 7263
7177 7178
7177 7262
7177 7263
7177 7264
7178 7179
7178 7263
7178 7264
7178 7265
7179 7180
7179 7264
7179 7265
7179 7266
7180 7181
7180 7265
7180 7266
7181 7182
7181 7266
7181 7267
7182 7183
7182 7267
7183 7184
7183 7267
7183 7268
7184 7268
7184 7269
7185 7186
7185 7269
7185 7270
7186 7187
7186 7270
7186 7271
7187 7188
7187 7270
7187 7271
7188 7189
7188 7271
7188 7272
7189 7190
7189 7272
7189 7273
7190 7191
7190 7272
7190 7273
7190 7274
7191 7192
7191 7273
7191 7274
7191 7275
7192 7193
7192 7274
7192 7275
7192 7276
7193 7194
7193 7275
7193 7276
7193 7277
7194 7195
7194 7276
7194 7277
7194 7278
7195 7277
7195 7278
7195 7279
7196 7197
7196 7279
7196 7280
7196 7281
7197 7198
7197 7280
7197 7281
7197 7282
7198 7199
7198 7281
7198 7282
7198 7283
7199 7200
7199 7282
7199 7283
7199 7284
7200 7201
7200 7283
7200 7284
7200 7285
7201 7202
7201 7284
7201 7285
7201 7286
7202 7285
7202 7286
7203 7204
7203 7287
7204 7287
7204 7288
7205 7288
7205 7289
7206 7207
7206 7290
7206 7291
7207 7208
7207 7290
7207 7291
7207 7292
7208 7209
7208 7291
7208 7292
7208 7293
7209 7292
7209 7293
7209 7294
7210 7294
7210 7295
7211 7212
7211 7296
7211 7297
7211 7298
7212 7297
7212 7298
7212 7299
7213 7214
7213 7299
7213 7300
7213 7301
7214 7300
7214 7301
7214 7302
7215 7216
7215 7302
7215 7303
7215 7304
7216 7217
7216 7303
7216 7304
7216 7305
7217 7218
7217 7304
7217 7305
7217 7306
7218 7219
7218 7305
7218 7306
7218 7307
7219 7306
7219 7307
7219 7308
7220 7221
7220 7308
7220 7309
7220 7310
7221 7222
7221 7309
7221 7310
7221 7311
7222 7223
7222 7310
7222 7311
7222 7312
7223 7224
7223 7311
7223 7312
7223 7313
7224 7225
7224 7312
7224 7313
7224 7314
7225 7226
7225 7313
7225 7314
7225 7315
7226 7227
7226 7314
7226 7315
7227 7228
7227 7315
7227 7316
7228 7229
7228 7316
7228 7317
7229 7230
7229 7316
7229 7317
7229 7318
7230 7231
7230 7317
7230 7318
7230 7319
7231 7232
7231 7318
7231 7319
7232 7233
7232 7319
7232 7320
7233 7234
7233 7320
7233 7321
7234 7235
7234 7320
7234 7321
7234 7322
7235 7321
7235 7322
7235 7323
7236 7237
7236 7323
7236 7324
7236 7325
7237 7238
7237 7324
7237 7325
7238 7239
7238 7325
7238 7326
7239 7240
7239 7326
7239 7327
7240 7241
7240 7326
7240 7327
7240 7328
7241 7242
7241 7327
7241 7328
7242 7243
7242 7328
7242 7329
7243 7244
7243 7329
7244 7245
7244 7329
7244 7330
7245 7330
7245 7331
7246 7247
7246 7331
7246 7332
7246 7333
7247 7248
7247 7332
7247 7333
7248 7249
7248 7333
7249 7250
7249 7334
7250 7251
7250 7334
7250 7335
7251 7252
7251 7334
7251 7335
7251 7336
7252 7253
7252 7335
7252 7336
7252 7337
7253 7336
7253 7337
7253 7338
7254 7255
7254 7338
7254 7339
7255 7256
7255 7339
7255 7340
7256 7257
7256 7340
7256 7341
7257 7258
7257 7340
7257 7341
7257 7342
7258 7341
7258 7342
7259 7260
7259 7343
7260 7261
7260 7343
7260 7344
7261 7262
7261 7343
7261 7344
7262 7263
7262 7344
7263 7264
7263 7345
7264 7265
7264 7345
7264 7346
7265 7266
7265 7345
7265 7346
7265 7347
7266 7346
7266 7347
7266 7348
7267 7348
7267 7349
7267 7350
7268 7269
7268 7350
7268 7351
7269 7351
7270 7271
7270 7352
7270 7353
7271 7352
7271 7353
7272 7273
7272 7354
7272 7355
7273 7274
7273 7354
7273 7355
7273 7356
7274 7275
7274 7355
7274 7356
7274 7357
7275 7276
7275 7356
7275 7357
7275 7358
7276 7277
7276 7357
7276 7358
7276 7359
7277 7278
7277 7358
7277 7359
7277 7360
7278 7279
7278 7359
7278 7360
7278 7361
7279 7280
7279 7360
7279 7361
7279 7362
7280 7281
7280 7361
7280 7362
7280 7363
7281 7282
7281 7362
7281 7363
7282 7283
7282 7363
7282 7364
7283 7284
7283 7364
7283 7365
7284 7285
7284 7364
7284 7365
7285 7286
7285 7365
7285 7366
7286 7366
7286 7367
7287 7367
7287 7368
7287 7369
7288 7289
7288 7369
7288 7370
7288 7371
7289 7370
7289 7371
7289 7372
7290 7291
7290 7372
7290 7373
7290 7374
7291 7292
7291 7373
7291 7374
7292 7293
7292 7374
7293 7294
7293 7375
7294 7295
7294 7375
7294 7376
7295 7375
7295 7376
7295 7377
7296 7297
7296 7377
7296 7378
7296 7379
7297 7298
7297 7378
7297 7379
7297 7380
7298 7299
7298 7379
7298 7380
7298 7381
7299 7300
7299 7380
7299 7381
7300 7301
7300 7381
7300 7382
7301 7302
7301 7382
7301 7383
7302 7303
7302 7382
7302 7383
7302 7384
7303 7304
7303 7383
7303 7384
7304 7305
7304 7384
7305 7306
7305 7385
7306 7307
7306 7385
7307 7308
7307 7385
7307 7386
7308 7309
7308 7386
7308 7387
7309 7310
7309 7386
7309 7387
7309 7388
7310 7311
7310 7387
7310 7388
7310 7389
7311 7312
7311 7388
7311 7389
7311 7390
7312 7313
7312 7389
7312 7390
7312 7391
7313 7314
7313 7390
7313 7391
7313 7392
7314 7315
7314 7391
7314 7392
7314 7393
7315 7392
7315 7393
7315 7394
7316 7317
7316 7394
7316 7395
7316 7396
7317 7318
7317 7395
7317 7396
7317 7397
7318 7319
7318 7396
7318 7397
7319 7397
7319 7398
7320 7321
7320 7398
7320 7399
7320 7400
7321 7322
7321 7399
7321 7400
7321 7401
7322 7323
7322 7400
7322 7401
7322 7402
7323 7324
7323 7401
7323 7402
7323 7403
7324 7325
7324 7402
7324 7403
7324 7404
7325 7403
7325 7404
7325 7405
7326 7327
7326 7405
7326 7406
7326 7407
7327 7328
7327 7406
7327 7407
7327 7408
7328 7407
7328 7408
7328 7409
7329 7409
7329 7410
7330 7331
7330 7411
7330 7412
7331 7332
7331 7411
7331 7412
7332 7333
7332 7412
7332 7413
7333 7413
7333 7414
7334 7335
7334 7415
7334 7416
7334 7417
7335 7336
7335 7416
7335 7417
7335 7418
7336 7337
7336 7417
7336 7418
7336 7419
7337 7338
7337 7418
7337 7419
7337 7420
7338 7339
7338 7419
7338 7420
7339 7420
7339 7421
7340 7341
7340 7421
7340 7422
7340 7423
7341 7342
7341 7422
7341 7423
7341 7424
7342 7423
7342 7424
7343 7344
7343 7425
7343 7426
7344 7426
7344 7427
7345 7346
7345 7428
7345 7429
7346 7347
7346 7429
7346 7430
7347 7348
7347 7429
7347 7430
7347 7431
7348 7349
7348 7430
7348 7431
7348 7432
7349 7350
7349 7431
7349 7432
7349 7433
7350 7351
7350 7432
7350 7433
7350 7434
7351 7433
7351 7434
7351 7435
7352 7353
7352 7436
7352 7437
7352 7438
7353 7437
7353 7438
7353 7439
7354 7355
7354 7439
7354 7440
7355 7356
7355 7440
7355 7441
7356 7357
7356 7440
7356 7441
7356 7442
7357 7358
7357 7441
7357 7442
7357 7443
7358 7359
7358 7442
7358 7443
7358 7444
7359 7360
7359 7443
7359 7444
7360 7361
7360 7444
7360 7445
7361 7362
7361 7445
7361 7446
7362 7363
7362 7445
7362 7446
7362 7447
7363 7446
7363 7447
7363 7448
7364 7365
7364 7448
7364 7449
7364 7450
7365 7449
7365 7450
7365 7451
7366 7367
7366 7451
7366 7452
7366 7453
7367 7368
7367 7452
7367 7453
7367 7454
7368 7369
7368 7453
7368 7454
7368 7455
7369 7370
7369 7454
7369 7455
7369 7456
7370 7371
7370 7455
7370 7456
7370 7457
7371 7372
7371 7456
7371 7457
7371 7458
7372 7373
7372 7457
7372 7458
7372 7459
7373 7374
7373 7458
7373 7459
7373 7460
7374 7459
7374 7460
7375 7376
7375 7461
7375 7462
7375 7463
7376 7377
7376 7462
7376 7463
7376 7464
7377 7378
7377 7463
7377 7464
7377 7465
7378 7379
7378 7464
7378 7465
7378 7466
7379 7380
7379 7465
7379 7466
7379 7467
7380 7381
7380 7466
7380 7467
7380 7468
7381 7467
7381 7468
7381 7469
7382 7383
7382 7469
7382 7470
7382 7471
7383 7384
7383 7470
7383 7471
7383 7472
7384 7471
7384 7472
7384 7473
7385 7474
7386 7387
7386 7474
7387 7388
7387 7475
7388 7389
7388 7475
7388 7476
7389 7390
7389 7475
7389 7476
7389 7477
7390 7391
7390 7476
7390 7477
7390 7478
7391 7392
7391 7477
7391 7478
7391 7479
7392 7393
7392 7478
7392 7479
7392 7480
7393 7394
7393 7479
7393 7480
7393 7481
7394 7395
7394 7480
7394 7481
7395 7396
7395 7481
7395 7482
7396 7397
7396 7482
7396 7483
7397 7482
7397 7483
7397 7484
7398 7399
7398 7484
7398 7485
7399 7400
7399 7485
7400 7401
7400 7485
7401 7402
7402 7403
7402 7486
7403 7404
7403 7486
7403 7487
7404 7405
7404 7486
7404 7487
7404 7488
7405 7406
7405 7487
7405 7488
7406 7407
7406 7488
7406 7489
7407 7408
7407 7489
7407 7490
7408 7409
7408 7489
7408 7490
7408 7491
7409 7410
7409 7490
7409 7491
7410 7491
7410 7492
7411 7412
7411 7492
7411 7493
7411 7494
7412 7493
7412 7494
7412 7495
7413 7414
7413 7495
7413 7496
7413 7497
7414 7415
7414 7496
7414 7497
7414 7498
7415 7416
7415 7497
7415 7498
7415 7499
7416 7417
7416 7498
7416 7499
7417 7418
7417 7499
7417 7500
7418 7419
7418 7500
7418 7501
7419 7420
7419 7500
7419 7501
7419 7502
7420 7501
7420 7502
7421 7422
7421 7503
7421 7504
7422 7423
7422 7503
7422 7504
7422 7505
7423 7424
7423 7504
7423 7505
7424 7505
7425 7506
7426 7427
7426 7506
7427 7428
7427 7507
7428 7507
7429 7430
7429 7508
7429 7509
7430 7431
7430 7508
7430 7509
7431 7432
7431 7509
7432 7433
7432 7510
7433 7434
7433 7510
7433 7511
7434 7435
7434 7510
7434 7511
7434 7512
7435 7436
7435 7511
7435 7512
7435 7513
7436 7437
7436 7512
7436 7513
7436 7514
7437 7438
7437 7513
7437 7514
7437 7515
7438 7439
7438 7514
7438 7515
7439 7515
7439 7516
7440 7441
7440 7516
7440 7517
7440 7518
7441 7442
7441 7517
7441 7518
7442 7443
7442 7518
7442 7519
7443 7444
7443 7519
7443 7520
7444 7519
7444 7520
7444 7521
7445 7446
7445 7521
7445 7522
7445 7523
7446 7447
7446 7522
7446 7523
7446 7524
7447 7448
7447 7523
7447 7524
7447 7525
7448 7449
7448 7524
7448 7525
7449 7450
7449 7525
7449 7526
7450 7451
7450 7526
7450 7527
7451 7452
7451 7526
7451 7527
7451 7528
7452 7453
7452 7527
7452 7528
7452 7529
7453 7454
7453 7528
7453 7529
7453 7530
7454 7455
7454 7529
7454 7530
7455 7456
7455 7530
7456 7457
7456 7531
7457 7458
7457 7531
7457 7532
7458 7459
7458 7531
7458 7532
7458 7533
7459 7460
7459 7532
7459 7533
7459 7534
7460 7533
7460 7534
7460 7535
7461 7462
7461 7535
7461 7536
7462 7463
7462 7536
7462 7537
7463 7464
7463 7537
7463 7538
7464 7465
7464 7537
7464 7538
7465 7466
7465 7538
7465 7539
7466 7467
7466 7539
7466 7540
7467 7468
7467 7539
7467 7540
7467 7541
7468 7469
7468 7540
7468 7541
7469 7470
7469 7541
7469 7542
7470 7471
7470 7542
7470 7543
7471 7472
7471 7542
7471 7543
7471 7544
7472 7473
7472 7543
7472 7544
7473 7544
7473 7545
7474 7546
7474 7547
7474 7548
7475 7476
7475 7549
7475 7550
7476 7477
7476 7550
7476 7551
7477 7478
7477 7550
7477 7551
7478 7479
7478 7551
7478 7552
7479 7480
7479 7552
7479 7553
7480 7481
7480 7552
7480 7553
7481 7553
7481 7554
7482 7483
7482 7554
7482 7555
7483 7484
7483 7555
7483 7556
7484 7556
7484 7557
7485 7557
7485 7558
7486 7487
7486 7560
7486 7561
7486 7562
7487 7488
7487 7561
7487 7562
7487 7563
7488 7562
7488 7563
7488 7564
7489 7490
7489 7564
7489 7565
7489 7566
7490 7491
7490 7565
7490 7566
7490 7567
7491 7566
7491 7567
7491 7568
7492 7493
7492 7568
7492 7569
7492 7570
7493 7494
7493 7569
7493 7570
7493 7571
7494 7495
7494 7570
7494 7571
7494 7572
7495 7496
7495 7571
7495 7572
7496 7497
7496 7572
7496 7573
7497 7498
7497 7573
7497 7574
7498 7499
7498 7573
7498 7574
7499 7574
7500 7501
7500 7575
7501 7502
7501 7575
7501 7576
7502 7575
7502 7576
7502 7577
7503 7504
7503 7577
7503 7578
7503 7579
7504 7505
7504 7578
7504 7579
7504 7580
7505 7579
7505 7580
7506 7581
7506 7582
7507 7583
7507 7584
7507 7585
7508 7509
7508 7585
7508 7586
7508 7587
7509 7586
7509 7587
7509 7588
7510 7511
7510 7589
7511 7512
7511 7590
7512 7513
7512 7590
7513 7514
7513 7590
7513 7591
7514 7515
7514 7591
7515 7591
7515 7592
7516 7517
7516 7592
7516 7593
7516 7594
7517 7518
7517 7593
7517 7594
7517 7595
7518 7594
7518 7595
7518 7596
7519 7520
7519 7596
7520 7521
7521 7522
7521 7597
7522 7523
7522 7597
7522 7598
7523 7524
7523 7597
7523 7598
7523 7599
7524 7525
7524 7598
7524 7599
7524 7600
7525 7599
7525 7600
7526 7527
7526 7601
7526 7602
7527 7528
7527 7601
7527 7602
7527 7603
7528 7529
7528 7602
7528 7603
7528 7604
7529 7530
7529 7603
7529 7604
7530 7604
7531 7532
7531 7605
7531 7606
7531 7607
7532 7533
7532 7606
7532 7607
7532 7608
7533 7534
7533 7607
7533 7608
7533 7609
7534 7535
7534 7608
7534 7609
7534 7610
7535 7536
7535 7609
7535 7610
7536 7610
7536 7611
7537 7538
7537 7611
7537 7612
7537 7613
7538 7612
7538 7613
7539 7540
7539 7614
7539 7615
7540 7541
7540 7614
7540 7615
7540 7616
7541 7615
7541 7616
7541 7617
7542 7543
7542 7617
7542 7618
7543 7544
7543 7618
7543 7619
7544 7618
7544 7619
7544 7620
7545 7546
7545 7620
7545 7621
7545 7622
7546 7547
7546 7621
7546 7622
7546 7623
7547 7548
7547 7622
7547 7623
7547 7624
7548 7549
7548 7623
7548 7624
7548 7625
7549 7624
7549 7625
7549 7626
7550 7551
7550 7626
7550 7627
7550 7628
7551 7627
7551 7628
7551 7629
7552 7553
7552 7629
7552 7630
7552 7631
7553 7630
7553 7631
7554 7555
7554 7632
7555 7632
7556 7557
7556 7633
7556 7634
7557 7558
7557 7633
7557 7634
7557 7635
7558 7634
7558 7635
7559 7560
7559 7636
7559 7637
7560 7561
7560 7636
7560 7637
7560 7638
7561 7562
7561 7637
7561 7638
7561 7639
7562 7563
7562 7638
7562 7639
7562 7640
7563 7564
7563 7639
7563 7640
7563 7641
7564 7565
7564 7640
7564 7641
7564 7642
7565 7566
7565 7641
7565 7642
7565 7643
7566 7567
7566 7642
7566 7643
7566 7644
7567 7568
7567 7643
7567 7644
7567 7645
7568 7569
7568 7644
7568 7645
7568 7646
7569 7570
7569 7645
7569 7646
7569 7647
7570 7571
7570 7646
7570 7647
7570 7648
7571 7572
7571 7647
7571 7648
7571 7649
7572 7648
7572 7649
7573 7574
7573 7650
7573 7651
7574 7650
7574 7651
7574 7652
7575 7576
7575 7653
7575 7654
7575 7655
7576 7577
7576 7654
7576 7655
7576 7656
7577 7578
7577 7655
7577 7656
7577 7657
7578 7579
7578 7656
7578 7657
7578 7658
7579 7580
7579 7657
7579 7658
7579 7659
7580 7658
7580 7659
7580 7660
7581 7582
7581 7661
7581 7662
7582 7661
7582 7662
7583 7584
7583 7663
7583 7664
7584 7585
7584 7663
7584 7664
7584 7665
7585 7586
7585 7664
7585 7665
7585 7666
7586 7587
7586 7665
7586 7666
7586 7667
7587 7588
7587 7666
7587 7667
7587 7668
7588 7589
7588 7667
7588 7668
7588 7669
7589 7668
7589 7669
7589 7670
7590 7671
7590 7672
7590 7673
7591 7673
7591 7674
7591 7675
7592 7593
7592 7675
7592 7676
7592 7677
7593 7594
7593 7676
7593 7677
7593 7678
7594 7595
7594 7677
7594 7678
7594 7679
7595 7596
7595 7678
7595 7679
7595 7680
7596 7679
7596 7680
7596 7681
7597 7598
7597 7683
7597 7684
7598 7599
7598 7684
7599 7600
7599 7684
7601 7602
7601 7685
7601 7686
7602 7603
7602 7685
7602 7686
7602 7687
7603 7604
7603 7686
7603 7687
7603 7688
7604 7687
7604 7688
7604 7689
7605 7606
7605 7690
7605 7691
7606 7607
7606 7691
7606 7692
7607 7608
7607 7691
7607 7692
7607 7693
7608 7609
7608 7692
7608 7693
7608 7694
7609 7610
7609 7693
7609 7694
7609 7695
7610 7694
7610 7695
7610 7696
7611 7612
7611 7696
7611 7697
7612 7613
7612 7697
7613 7697
7614 7615
7614 7698
7614 7699
7615 7616
7615 7698
7615 7699
7615 7700
7616 7617
7616 7699
7616 7700
7616 7701
7617 7700
7617 7701
7617 7702
7618 7619
7618 7702
7618 7703
7618 7704
7619 7620
7619 7703
7619 7704
7619 7705
7620 7621
7620 7704
7620 7705
7620 7706
7621 7622
7621 7705
7621 7706
7621 7707
7622 7623
7622 7706
7622 7707
7622 7708
7623 7624
7623 7707
7623 7708
7624 7625
7624 7708
7625 7626
7626 7627
7626 7709
7627 7628
7627 7709
7627 7710
7628 7629
7628 7709
7628 7710
7628 7711
7629 7630
7629 7710
7629 7711
7629 7712
7630 7631
7630 7711
7630 7712
7630 7713
7631 7712
7631 7713
7631 7714
7632 7715
7632 7716
7632 7717
7633 7634
7633 7717
7633 7718
7634 7635
7634 7718
7635 7719
7636 7637
7636 7719
7636 7720
7636 7721
7637 7638
7637 7720
7637 7721
7637 7722
7638 7639
7638 7721
7638 7722
7638 7723
7639 7640
7639 7722
7639 7723
7639 7724
7640 7641
7640 7723
7640 7724
7641 7642
7641 7724
7641 7725
7642 7643
7642 7725
7642 7726
7643 7644
7643 7725
7643 7726
7644 7645
7644 7726
7644 7727
7645 7646
7645 7727
7645 7728
7646 7647
7646 7727
7646 7728
7647 7648
7647 7728
7647 7729
7648 7649
7648 7729
7648 7730
7649 7729
7649 7730
7649 7731
7650 7651
7650 7731
7650 7732
7650 7733
7651 7652
7651 7732
7651 7733
7652 7733
7652 7734
7653 7654
7653 7734
7653 7735
7653 7736
7654 7655
7654 7735
7654 7736
7654 7737
7655 7656
7655 7736
7655 7737
7655 7738
7656 7657
7656 7737
7656 7738
7657 7658
7657 7738
7657 7739
7658 7659
7658 7739
7658 7740
7659 7660
7659 7739
7659 7740
7659 7741
7660 7740
7660 7741
7661 7662
7661 7742
7662 7742
7662 7743
7663 7664
7663 7743
7663 7744
7663 7745
7664 7665
7664 7744
7664 7745
7664 7746
7665 7666
7665 7745
7665 7746
7665 7747
7666 7667
7666 7746
7666 7747
7666 7748
7667 7668
7667 7747
7667 7748
7667 7749
7668 7669
7668 7748
7668 7749
7668 7750
7669 7670
7669 7749
7669 7750
7670 7671
7670 7750
7670 7751
7671 7672
7671 7751
7672 7673
7672 7751
7672 7752
7673 7674
7673 7752
7673 7753
7674 7675
7674 7752
7674 7753
7674 7754
7675 7676
7675 7753
7675 7754
7676 7677
7676 7754
7676 7755
7677 7678
7677 7755
7677 7756
7678 7679
7678 7755
7678 7756
7678 7757
7679 7680
7679 7756
7679 7757
7679 7758
7680 7681
7680 7757
7680 7758
7680 7759
7681 7682
7681 7758
7681 7759
7681 7760
7682 7683
7682 7759
7682 7760
7682 7761
7683 7760
7683 7761
7683 7762
7684 7762
7684 7763
7684 7764
7685 7686
7685 7766
7685 7767
7685 7768
7686 7687
7686 7767
7686 7768
7686 7769
7687 7688
7687 7768
7687 7769
7687 7770
7688 7689
7688 7769
7688 7770
7688 7771
7689 7690
7689 7770
7689 7771
7689 7772
7690 7771
7690 7772
7690 7773
7691 7692
7691 7773
7691 7774
7691 7775
7692 7693
7692 7774
7692 7775
7692 7776
7693 7694
7693 7775
7693 7776
7693 7777
7694 7695
7694 7776
7694 7777
7694 7778
7695 7696
7695 7777
7695 7778
7695 7779
7696 7778
7696 7779
7696 7780
7697 7780
7697 7781
7697 7782
7698 7699
7698 7783
7698 7784
7698 7785
7699 7700
7699 7784
7699 7785
7699 7786
7700 7701
7700 7785
7700 7786
7700 7787
7701 7702
7701 7786
7701 7787
7701 7788
7702 7703
7702 7787
7702 7788
7702 7789
7703 7704
7703 7788
7703 7789
7703 7790
7704 7705
7704 7789
7704 7790
7705 7706
7705 7790
7705 7791
7706 7707
7706 7791
7706 7792
7707 7708
7707 7791
7707 7792
7707 7793
7708 7792
7708 7793
7708 7794
7709 7710
7709 7796
7709 7797
7710 7711
7710 7797
7710 7798
7711 7712
7711 7798
7711 7799
7712 7713
7712 7798
7712 7799
7713 7714
7713 7799
7713 7800
7714 7715
7714 7800
7714 7801
7715 7716
7715 7800
7715 7801
7715 7802
7716 7717
7716 7801
7716 7802
7716 7803
7717 7718
7717 7802
7717 7803
7717 7804
7718 7803
7718 7804
7718 7805
7719 7720
7719 7806
7719 7807
7720 7721
7720 7807
7720 7808
7721 7722
7721 7808
7721 7809
7722 7723
7722 7808
7722 7809
7722 7810
7723 7724
7723 7809
7723 7810
7723 7811
7724 7810
7724 7811
7724 7812
7725 7726
7725 7812
7725 7813
7725 7814
7726 7813
7726 7814
7726 7815
7727 7728
7727 7815
7727 7816
7727 7817
7728 7816
7728 7817
7728 7818
7729 7730
7729 7818
7729 7819
7729 7820
7730 7731
7730 7819
7730 7820
7730 7821
7731 7732
7731 7820
7731 7821
7731 7822
7732 7733
7732 7821
7732 7822
7732 7823
7733 7822
7733 7823
7733 7824
7734 7735
7734 7824
7734 7825
7735 7736
7735 7825
7735 7826
7736 7737
7736 7826
7737 7738
7737 7826
7737 7827
7738 7827
7738 7828
7739 7740
7739 7828
7739 7829
7739 7830
7740 7741
7740 7829
7740 7830
7741 7830
7742 7831
7742 7832
7743 7744
7743 7832
7743 7833
7743 7834
7744 7745
7744 7833
7744 7834
7745 7746
7745 7834
7745 7835
7746 7747
7746 7835
7746 7836
7747 7748
7747 7835
7747 7836
7747 7837
7748 7749
7748 7836
7748 7837
7748 7838
7749 7750
7749 7837
7749 7838
7749 7839
7750 7838
7750 7839
7750 7840
7751 7840
7751 7841
7752 7753
7752 7841
7752 7842
7753 7754
7753 7842
7753 7843
7754 7843
7754 7844
7755 7756
7755 7844
7755 7845
7755 7846
7756 7757
7756 7845
7756 7846
7756 7847
7757 7758
7757 7846
7757 7847
7757 7848
7758 7759
7758 7847
7758 7848
7758 7849
7759 7760
7759 7848
7759 7849
7759 7850
7760 7761
7760 7849
7760 7850
7760 7851
7761 7762
7761 7850
7761 7851
7761 7852
7762 7763
7762 7851
7762 7852
7762 7853
7763 7764
7763 7852
7763 7853
7763 7854
7764 7765
7764 7853
7764 7854
7764 7855
7765 7766
7765 7854
7765 7855
7765 7856
7766 7767
7766 7855
7766 7856
7767 7768
7767 7856
7767 7857
7768 7769
7768 7857
7768 7858
7769 7770
7769 7857
7769 7858
7769 7859
7770 7771
7770 7858
7770 7859
7771 7772
7771 7859
7771 7860
7772 7773
7772 7860
7772 7861
7773 7774
7773 7860
7773 7861
7774 7775
7774 7861
7774 7862
7775 7776
7775 7862
7775 7863
7776 7777
7776 7862
7776 7863
7776 7864
7777 7778
7777 7863
7777 7864
7777 7865
7778 7779
7778 7864
7778 7865
7778 7866
7779 7780
7779 7865
7779 7866
7780 7781
7780 7866
7780 7867
7781 7782
7781 7867
7781 7868
7782 7783
7782 7867
7782 7868
7782 7869
7783 7784
7783 7868
7783 7869
7783 7870
7784 7785
7784 7869
7784 7870
7784 7871
7785 7786
7785 7870
7785 7871
7785 7872
7786 7787
7786 7871
7786 7872
7786 7873
7787 7788
7787 7872
7787 7873
7787 7874
7788 7789
7788 7873
7788 7874
7788 7875
7789 7790
7789 7874
7789 7875
7789 7876
7790 7875
7790 7876
7790 7877
7791 7792
7791 7877
7791 7878
7791 7879
7792 7793
7792 7878
7792 7879
7792 7880
7793 7794
7793 7879
7793 7880
7794 7795
7794 7880
7794 7881
7795 7796
7795 7881
7795 7882
7796 7797
7796 7881
7796 7882
7797 7882
7797 7883
7798 7799
7798 7883
7798 7884
7798 7885
7799 7884
7799 7885
7799 7886
7800 7801
7800 7886
7800 7887
7800 7888
7801 7802
7801 7887
7801 7888
7801 7889
7802 7803
7802 7888
7802 7889
7803 7804
7803 7889
7803 7890
7804 7805
7804 7890
7804 7891
7805 7806
7805 7890
7805 7891
7805 7892
7806 7807
7806 7891
7806 7892
7806 7893
7807 7892
7807 7893
7808 7809
7808 7894
7809 7810
7809 7894
7809 7895
7810 7811
7810 7895
7810 7896
7811 7812
7811 7895
7811 7896
7811 7897
7812 7813
7812 7896
7812 7897
7813 7814
7813 7897
7813 7898
7814 7815
7814 7898
7814 7899
7815 7816
7815 7898
7815 7899
7815 7900
7816 7817
7816 7899
7816 7900
7816 7901
7817 7818
7817 7900
7817 7901
7817 7902
7818 7819
7818 7901
7818 7902
7818 7903
7819 7820
7819 7902
7819 7903
7819 7904
7820 7821
7820 7903
7820 7904
7820 7905
7821 7822
7821 7904
7821 7905
7821 7906
7822 7823
7822 7905
7822 7906
7823 7824
7823 7906
7823 7907
7824 7825
7824 7907
7824 7908
7825 7907
7825 7908
7825 7909
7826 7909
7826 7910
7826 7911
7827 7828
7827 7911
7827 7912
7827 7913
7828 7829
7828 7912
7828 7913
7828 7914
7829 7830
7829 7913
7829 7914
7830 7914
7830 7915
7831 7832
7831 7916
7831 7917
7832 7833
7832 7916
7832 7917
7833 7834
7833 7917
7833 7918
7834 7918
7834 7919
7835 7836
7835 7919
7835 7920
7836 7837
7836 7920
7836 7921
7837 7838
7837 7920
7837 7921
7837 7922
7838 7839
7838 7921
7838 7922
7838 7923
7839 7840
7839 7922
7839 7923
7839 7924
7840 7923
7840 7924
7840 7925
7841 7842
7841 7925
7841 7926
7842 7926
7842 7927
7843 7844
7843 7927
7843 7928
7843 7929
7844 7845
7844 7928
7844 7929
7845 7846
7845 7929
7846 7847
7846 7930
7847 7848
7847 7930
7847 7931
7848 7849
7848 7930
7848 7931
7848 7932
7849 7850
7849 7931
7849 7932
7849 7933
7850 7851
7850 7932
7850 7933
7850 7934
7851 7852
7851 7933
7851 7934
7851 7935
7852 7853
7852 7934
7852 7935
7852 7936
7853 7854
7853 7935
7853 7936
7853 7937
7854 7855
7854 7936
7854 7937
7854 7938
7855 7856
7855 7937
7855 7938
7855 7939
7856 7938
7856 7939
7856 7940
7857 7858
7857 7940
7857 7941
7858 7859
7858 7941
7858 7942
7859 7942
7859 7943
7860 7861
7860 7943
7860 7944
7861 7944
7861 7945
7862 7863
7862 7945
7862 7946
7863 7864
7863 7946
7864 7865
7864 7947
7865 7866
7865 7947
7865 7948
7866 7947
7866 7948
7866 7949
7867 7868
7867 7949
7867 7950
7867 7951
7868 7869
7868 7950
7868 7951
7869 7870
7869 7951
7869 7952
7870 7871
7870 7952
7870 7953
7871 7872
7871 7952
7871 7953
7871 7954
7872 7873
7872 7953
7872 7954
7872 7955
7873 7874
7873 7954
7873 7955
7873 7956
7874 7875
7874 7955
7874 7956
7874 7957
7875 7876
7875 7956
7875 7957
7876 7877
7876 7957
7876 7958
7877 7878
7877 7958
7877 7959
7878 7879
7878 7958
7878 7959
7878 7960
7879 7880
7879 7959
7879 7960
7879 7961
7880 7960
7880 7961
7881 7882
7881 7962
7881 7963
7882 7962
7882 7963
7882 7964
7883 7884
7883 7964
7883 7965
7883 7966
7884 7885
7884 7965
7884 7966
7884 7967
7885 7886
7885 7966
7885 7967
7885 7968
7886 7887
7886 7967
7886 7968
7886 7969
7887 7888
7887 7968
7887 7969
7887 7970
7888 7889
7888 7969
7888 7970
7888 7971
7889 7970
7889 7971
7889 7972
7890 7891
7890 7972
7890 7973
7890 7974
7891 7892
7891 7973
7891 7974
7891 7975
7892 7893
7892 7974
7892 7975
7892 7976
7893 7975
7893 7976
7894 7977
7894 7978
7895 7896
7895 7978
7895 7979
7895 7980
7896 7897
7896 7979
7896 7980
7896 7981
7897 7980
7897 7981
7897 7982
7898 7899
7898 7982
7898 7983
7898 7984
7899 7900
7899 7983
7899 7984
7899 7985
7900 7901
7900 7984
7900 7985
7900 7986
7901 7902
7901 7985
7901 7986
7901 7987
7902 7903
7902 7986
7902 7987
7902 7988
7903 7904
7903 7987
7903 7988
7904 7905
7904 7988
7905 7906
7905 7989
7906 7989
7906 7990
7907 7908
7907 7990
7907 7991
7908 7909
7908 7991
7908 7992
7909 7910
7909 7992
7909 7993
7910 7911
7910 7992
7910 7993
7910 7994
7911 7912
7911 7993
7911 7994
7911 7995
7912 7913
7912 7994
7912 7995
7912 7996
7913 7914
7913 7995
7913 7996
7913 7997
7914 7996
7914 7997
7914 7998
7915 7998
7915 7999
7916 7917
7918 7919
7920 7921
7921 7922
7922 7923
7923 7924
7924 7925
7925 7926
7927 7928
7928 7929
7930 7931
7931 7932
7932 7933
7933 7934
7934 7935
7935 7936
7936 7937
7937 7938
7938 7939
7939 7940
7940 7941
7942 7943
7943 7944
7945 7946
7947 7948
7948 7949
7949 7950
7950 7951
7952 7953
7953 7954
7954 7955
7955 7956
7956 7957
7958 7959
7959 7960
7960 7961
7962 7963
7963 7964
7964 7965
7965 7966
7966 7967
7967 7968
7968 7969
7969 7970
7970 7971
7971 7972
7972 7973
7973 7974
7974 7975
7975 7976
7977 7978
7978 7979
7979 7980
7980 7981
7981 7982
7982 7983
7983 7984
7984 7985
7985 7986
7986 7987
7987 7988
7989 7990
7990 7991
7992 7993
7993 7994
7994 7995
7995 7996
7996 7997
7997 7998
7998 7999
