# FromNodeId	ToNodeId
0 64
0 65
1 2
1 66
1 67
1 68
2 3
2 67
2 68
2 69
3 4
3 68
3 69
4 5
4 69
4 70
5 6
5 70
6 70
6 71
7 8
7 71
7 72
7 73
8 9
8 72
8 73
8 74
9 10
9 73
9 74
9 75
10 11
10 74
10 75
10 76
11 12
11 75
11 76
11 77
12 13
12 76
12 77
12 78
13 14
13 77
13 78
13 79
14 15
14 78
14 79
15 16
15 79
15 80
16 80
16 81
17 18
17 81
17 82
17 83
18 19
18 82
18 83
19 20
19 83
19 84
20 21
20 84
21 84
21 85
22 23
22 85
22 86
22 87
23 24
23 86
23 87
23 88
24 25
24 87
24 88
24 89
25 26
25 88
25 89
25 90
26 89
26 90
26 91
27 28
27 91
27 92
28 29
28 92
28 93
29 30
29 93
30 31
30 93
30 94
31 32
31 94
31 95
32 33
32 94
32 95
32 96
33 34
33 95
33 96
33 97
34 35
34 96
34 97
34 98
35 36
35 97
35 98
36 37
36 98
36 99
37 38
37 99
37 100
38 39
38 99
38 100
38 101
39 40
39 100
39 101
40 101
40 102
41 102
41 103
42 43
42 103
42 104
43 44
43 104
43 105
44 105
44 106
45 46
45 106
45 107
45 108
46 107
46 108
46 109
47 48
47 111
47 112
48 112
49 50
49 113
49 114
49 115
50 51
50 114
50 115
50 116
51 52
51 115
51 116
51 117
52 53
52 116
52 117
52 118
53 54
53 117
53 118
54 55
54 118
54 119
55 119
55 120
56 57
56 121
56 122
57 58
57 121
57 122
57 123
58 59
58 122
58 123
58 124
59 60
59 123
59 124
59 125
60 61
60 124
60 125
60 126
61 62
61 125
61 126
61 127
62 63
62 126
62 127
62 128
63 127
63 128
64 65
65 66
65 129
66 67
66 129
66 130
67 68
67 129
67 130
67 131
68 69
68 130
68 131
68 132
69 131
69 132
69 133
70 133
70 134
71 72
71 134
71 135
72 73
72 135
72 136
73 74
73 136
73 137
74 75
74 136
74 137
75 76
75 137
75 138
76 77
76 138
76 139
77 78
77 138
77 139
77 140
78 79
78 139
78 140
78 141
79 140
79 141
79 142
80 81
80 142
80 143
81 82
81 143
81 144
82 83
82 144
82 145
83 144
83 145
83 146
84 146
84 147
84 148
85 86
85 148
85 149
85 150
86 87
86 149
86 150
86 151
87 88
87 150
87 151
87 152
88 89
88 151
88 152
88 153
89 90
89 152
89 153
89 154
90 91
90 153
90 154
90 155
91 92
91 154
91 155
91 156
92 155
92 156
93 157
94 95
94 157
94 158
94 159
95 96
95 158
95 159
96 97
96 159
97 98
97 160
98 160
98 161
99 100
99 161
99 162
99 163
100 101
100 162
100 163
100 164
101 163
101 164
102 165
102 166
103 104
103 166
103 167
104 167
104 168
105 106
105 168
105 169
106 107
106 169
106 170
107 108
107 169
107 170
107 171
108 109
108 170
108 171
109 110
109 171
109 172
110 111
110 172
111 172
111 173
112 173
112 174
113 114
113 175
114 115
114 175
114 176
115 116
115 176
115 177
116 117
116 176
116 177
116 178
117 118
117 177
117 178
117 179
118 178
118 179
118 180
119 120
119 180
119 181
119 182
120 181
120 182
120 183
121 122
121 183
121 184
122 123
122 184
122 185
123 124
123 184
123 185
124 125
124 185
125 126
125 186
126 127
126 186
126 187
127 128
127 186
127 187
128 187
129 130
129 189
129 190
129 191
130 131
130 190
130 191
130 192
131 132
131 191
131 192
131 193
132 133
132 192
132 193
132 194
133 193
133 194
134 135
134 195
134 196
135 195
135 196
135 197
136 137
136 197
136 198
136 199
137 198
137 199
137 200
138 139
138 200
138 201
138 202
139 140
139 201
139 202
139 203
140 141
140 202
140 203
141 142
141 203
141 204
142 143
142 204
142 205
143 204
143 205
143 206
144 145
144 206
144 207
144 208
145 146
145 207
145 208
146 147
146 208
147 148
147 209
148 149
148 209
148 210
149 150
149 209
149 210
149 211
150 151
150 210
150 211
150 212
151 152
151 211
151 212
152 153
152 212
152 213
153 154
153 213
153 214
154 155
154 213
154 214
155 156
155 214
155 215
156 215
156 216
157 158
157 217
158 159
158 218
159 218
159 219
160 161
160 220
160 221
160 222
161 162
161 221
161 222
161 223
162 163
162 222
162 223
162 224
163 164
163 223
163 224
163 225
164 224
164 225
164 226
165 166
165 226
165 227
165 228
166 167
166 227
166 228
166 229
167 228
167 229
168 230
168 231
169 170
169 231
169 232
169 233
170 171
170 232
170 233
171 233
171 234
172 234
172 235
173 174
173 236
174 236
174 237
175 237
175 238
176 177
176 239
177 178
177 239
177 240
178 179
178 240
178 241
179 180
179 240
179 241
179 242
180 181
180 241
180 242
180 243
181 182
181 242
181 243
181 244
182 183
182 243
182 244
182 245
183 244
183 245
183 246
184 185
184 246
184 247
184 248
185 247
185 248
186 187
186 249
186 250
186 251
187 250
187 251
187 252
188 189
188 253
188 254
189 190
189 253
189 254
189 255
190 191
190 254
190 255
190 256
191 192
191 255
191 256
191 257
192 193
192 256
192 257
192 258
193 194
193 257
193 258
193 259
194 258
194 259
194 260
195 196
195 260
196 197
196 261
197 198
197 261
197 262
198 199
198 261
198 262
199 200
199 262
200 201
200 263
201 202
201 263
201 264
202 203
202 263
202 264
202 265
203 264
203 265
203 266
204 205
204 266
204 267
204 268
205 206
205 267
205 268
206 207
206 268
206 269
207 208
207 269
207 270
208 269
208 270
208 271
209 210
209 272
209 273
210 211
210 272
210 273
210 274
211 212
211 273
211 274
211 275
212 274
212 275
212 276
213 214
213 276
213 277
214 277
214 278
215 216
215 278
215 279
216 217
216 279
216 280
217 279
217 280
217 281
218 219
218 282
219 220
219 282
220 221
221 222
221 283
222 223
222 283
222 284
223 224
223 283
223 284
223 285
224 225
224 284
224 285
224 286
225 226
225 285
225 286
225 287
226 227
226 286
226 287
226 288
227 228
227 287
227 288
227 289
228 229
228 288
228 289
228 290
229 289
229 290
230 231
230 291
230 292
231 232
231 291
231 292
231 293
232 233
232 292
232 293
232 294
233 293
233 294
233 295
234 235
234 295
234 296
234 297
235 296
235 297
235 298
236 237
236 299
236 300
237 238
237 300
237 301
238 301
238 302
239 302
239 303
239 304
240 241
240 304
240 305
240 306
241 242
241 305
241 306
241 307
242 243
242 306
242 307
242 308
243 244
243 307
243 308
243 309
244 245
244 308
244 309
245 246
245 309
245 310
246 247
246 310
246 311
247 248
247 310
247 311
247 312
248 311
248 312
248 313
249 250
249 313
249 314
249 315
250 251
250 314
250 315
250 316
251 252
251 315
251 316
251 317
252 316
252 317
253 254
253 318
253 319
254 255
254 318
254 319
254 320
255 256
255 319
255 320
255 321
256 257
256 320
256 321
256 322
257 258
257 321
257 322
257 323
258 259
258 322
258 323
259 260
259 323
261 262
261 324
261 325
261 326
262 325
262 326
262 327
263 264
263 328
264 265
264 329
265 266
265 329
266 267
266 329
267 268
267 330
268 330
269 270
269 331
270 271
270 331
270 332
271 332
272 273
272 333
272 334
273 274
273 333
273 334
274 275
274 334
274 335
275 276
275 335
275 336
276 277
276 335
276 336
276 337
277 336
277 337
277 338
278 338
278 339
278 340
279 280
279 340
279 341
279 342
280 281
280 341
280 342
280 343
281 342
281 343
281 344
282 344
282 345
282 346
283 284
283 348
283 349
284 285
284 349
284 350
285 286
285 350
285 351
286 287
286 350
286 351
286 352
287 288
287 351
287 352
287 353
288 289
288 352
288 353
288 354
289 290
289 353
289 354
289 355
290 354
290 355
290 356
291 292
291 356
291 357
291 358
292 293
292 357
292 358
293 294
293 358
293 359
294 295
294 359
294 360
295 296
295 359
295 360
295 361
296 297
296 360
296 361
297 298
297 361
297 362
298 299
298 362
298 363
299 300
299 362
299 363
299 364
300 363
300 364
300 365
301 302
301 365
301 366
301 367
302 303
302 366
302 367
302 368
303 304
303 367
303 368
303 369
304 305
304 368
304 369
305 306
305 369
305 370
306 307
306 370
307 308
307 370
307 371
308 309
308 371
308 372
309 371
309 372
309 373
310 311
310 373
310 374
311 312
311 374
311 375
312 313
312 375
313 314
313 375
313 376
314 315
314 376
314 377
315 316
315 376
315 377
315 378
316 317
316 377
316 378
316 379
317 378
317 379
318 319
318 380
318 381
319 320
319 380
319 381
319 382
320 321
320 381
320 382
321 322
321 382
321 383
322 323
322 383
322 384
323 383
323 384
323 385
324 325
324 387
324 388
325 326
325 387
325 388
325 389
326 327
326 388
326 389
326 390
327 328
327 389
327 390
327 391
328 390
328 391
328 392
329 393
329 394
330 395
330 396
330 397
331 397
331 398
331 399
332 399
332 400
333 334
333 401
333 402
334 401
334 402
334 403
335 336
335 403
335 404
336 337
336 404
337 338
337 405
338 339
338 405
339 340
339 405
339 406
340 341
340 406
340 407
341 342
341 406
341 407
341 408
342 343
342 407
342 408
342 409
343 344
343 408
343 409
343 410
344 345
344 409
344 410
344 411
345 346
345 410
345 411
345 412
346 347
346 411
346 412
346 413
347 348
347 412
347 413
347 414
348 349
348 413
348 414
348 415
349 414
349 415
350 351
350 416
350 417
351 352
351 416
351 417
351 418
352 353
352 417
352 418
352 419
353 354
353 418
353 419
353 420
354 355
354 419
354 420
354 421
355 356
355 420
355 421
355 422
356 357
356 421
356 422
356 423
357 358
357 422
357 423
357 424
358 423
358 424
358 425
359 360
359 425
359 426
360 361
360 426
360 427
361 427
361 428
362 363
362 428
362 429
362 430
363 364
363 429
363 430
363 431
364 365
364 430
364 431
364 432
365 366
365 431
365 432
365 433
366 367
366 432
366 433
367 368
367 433
367 434
368 369
368 434
368 435
369 434
369 435
370 436
370 437
371 372
371 437
371 438
372 373
372 438
372 439
373 374
373 438
373 439
373 440
374 439
374 440
374 441
375 441
375 442
375 443
376 377
376 443
376 444
377 378
377 444
378 379
378 444
378 445
379 445
380 381
380 446
381 382
381 446
381 447
382 446
382 447
382 448
383 384
383 448
383 449
384 385
384 449
384 450
385 386
385 450
385 451
386 450
386 451
387 388
387 452
387 453
388 389
388 452
388 453
388 454
389 390
389 453
389 454
389 455
390 391
390 454
390 455
390 456
391 392
391 455
391 456
392 393
392 456
392 457
393 394
393 457
393 458
394 457
394 458
395 396
395 459
395 460
396 397
396 459
396 460
396 461
397 398
397 460
397 461
398 399
398 461
398 462
399 400
399 462
399 463
400 462
400 463
401 402
401 464
402 403
402 464
402 465
403 404
403 465
403 466
404 465
404 466
404 467
405 468
405 469
405 470
406 407
406 470
406 471
406 472
407 408
407 471
407 472
407 473
408 409
408 472
408 473
408 474
409 410
409 473
409 474
410 411
410 474
410 475
411 412
411 475
412 413
412 475
412 476
413 414
413 476
413 477
414 415
414 476
414 477
414 478
415 477
415 478
415 479
416 417
416 479
417 418
417 480
418 419
418 480
418 481
419 420
419 480
419 481
419 482
420 421
420 481
420 482
420 483
421 422
421 482
421 483
421 484
422 423
422 483
422 484
422 485
423 424
423 484
423 485
423 486
424 425
424 485
424 486
424 487
425 426
425 486
425 487
425 488
426 487
426 488
426 489
427 428
427 489
427 490
428 429
428 490
428 491
429 430
429 490
429 491
430 431
430 491
430 492
431 432
431 492
431 493
432 433
432 492
432 493
432 494
433 493
433 494
433 495
434 435
434 495
434 496
435 496
435 497
436 437
436 497
436 498
436 499
437 498
437 499
437 500
438 439
438 500
438 501
439 440
439 501
439 502
440 441
440 501
440 502
441 442
441 502
441 503
442 443
442 503
443 503
443 504
444 504
444 505
444 506
445 506
445 507
446 447
446 508
446 509
446 510
447 448
447 509
447 510
447 511
448 449
448 510
448 511
449 511
449 512
450 451
450 512
450 513
450 514
451 513
451 514
451 515
452 453
452 515
452 516
452 517
453 454
453 516
453 517
453 518
454 455
454 517
454 518
454 519
455 456
455 518
455 519
456 519
456 520
457 458
457 520
457 521
458 521
458 522
459 460
459 522
459 523
459 524
460 461
460 523
460 524
461 524
461 525
462 463
462 525
462 526
462 527
463 526
463 527
463 528
464 528
464 529
464 530
465 466
465 530
465 531
466 467
466 531
466 532
467 468
467 532
467 533
468 469
468 532
468 533
468 534
469 470
469 533
469 534
470 471
470 534
470 535
471 472
471 535
472 473
472 535
472 536
473 474
473 536
473 537
474 536
474 537
474 538
475 538
475 539
475 540
476 477
476 540
476 541
477 478
477 541
478 479
478 542
479 542
479 543
480 481
480 544
480 545
480 546
481 482
481 545
481 546
481 547
482 483
482 546
482 547
482 548
483 484
483 547
483 548
483 549
484 485
484 548
484 549
484 550
485 486
485 549
485 550
486 487
486 550
487 488
488 489
488 551
489 551
489 552
490 491
490 552
490 553
490 554
491 553
491 554
491 555
492 493
492 555
492 556
493 494
493 556
493 557
494 495
494 557
494 558
495 557
495 558
495 559
496 497
496 559
496 560
497 498
497 560
497 561
498 499
498 560
498 561
498 562
499 500
499 561
499 562
500 562
500 563
501 502
501 563
501 564
502 564
502 565
503 565
503 566
504 505
504 566
504 567
504 568
505 506
505 567
505 568
505 569
506 507
506 568
506 569
506 570
507 569
507 570
508 509
508 571
508 572
509 510
509 571
509 572
510 511
510 572
510 573
511 573
511 574
512 513
512 574
512 575
513 514
513 575
513 576
514 515
514 575
514 576
514 577
515 516
515 576
515 577
516 517
516 577
516 578
517 518
517 578
517 579
518 519
518 578
518 579
518 580
519 579
519 580
519 581
520 521
520 581
520 582
520 583
521 582
521 583
521 584
522 523
522 584
522 585
522 586
523 524
523 585
523 586
524 586
524 587
525 526
525 587
525 588
526 527
526 588
526 589
527 528
527 588
527 589
527 590
528 529
528 589
528 590
529 530
529 590
529 591
530 531
530 591
530 592
531 591
531 592
532 533
532 593
533 534
533 593
533 594
534 594
535 595
536 537
536 596
537 538
537 596
537 597
538 539
538 597
538 598
539 540
539 597
539 598
540 541
540 598
540 599
541 599
541 600
542 543
542 601
542 602
543 544
543 601
543 602
544 545
544 602
545 546
545 603
546 547
546 603
546 604
547 548
547 603
547 604
548 549
548 604
548 605
549 550
549 605
550 605
550 606
551 552
551 608
551 609
552 553
552 608
552 609
552 610
553 554
553 609
553 610
553 611
554 555
554 610
554 611
554 612
555 556
555 611
555 612
556 612
556 613
557 558
557 613
557 614
558 559
558 614
558 615
559 614
559 615
559 616
560 561
560 616
560 617
560 618
561 562
561 617
561 618
561 619
562 618
562 619
562 620
563 620
563 621
564 565
564 621
564 622
564 623
565 622
565 623
565 624
566 567
566 624
566 625
566 626
567 568
567 625
567 626
567 627
568 569
568 626
568 627
568 628
569 570
569 627
569 628
570 628
571 572
571 629
571 630
572 629
572 630
572 631
573 574
573 631
573 632
573 633
574 632
574 633
574 634
575 576
575 634
575 635
575 636
576 577
576 635
576 636
577 636
577 637
578 579
578 637
578 638
579 580
579 638
579 639
580 581
580 638
580 639
580 640
581 582
581 639
581 640
581 641
582 583
582 640
582 641
582 642
583 584
583 641
583 642
584 585
584 642
584 643
585 586
585 643
585 644
586 643
586 644
586 645
587 645
587 646
587 647
588 589
588 647
588 648
589 590
589 648
589 649
590 648
590 649
590 650
591 592
591 650
591 651
592 651
592 652
593 652
593 653
593 654
594 654
594 655
595 656
596 656
596 657
596 658
597 598
597 658
597 659
598 659
598 660
599 600
599 660
600 661
601 602
601 661
601 662
602 662
602 663
603 604
603 664
603 665
604 665
604 666
605 666
605 667
606 607
606 667
607 668
608 609
608 668
608 669
608 670
609 610
609 669
609 670
609 671
610 611
610 670
610 671
610 672
611 612
611 671
611 672
612 672
612 673
613 673
613 674
613 675
614 615
614 675
614 676
614 677
615 616
615 676
615 677
615 678
616 617
616 677
616 678
616 679
617 618
617 678
617 679
617 680
618 619
618 679
618 680
618 681
619 620
619 680
619 681
619 682
620 681
620 682
620 683
621 622
621 683
621 684
621 685
622 623
622 684
622 685
623 624
623 685
624 625
624 686
625 626
625 686
625 687
626 627
626 686
626 687
626 688
627 628
627 687
627 688
627 689
628 688
628 689
628 690
629 630
629 691
629 692
630 631
630 691
630 692
630 693
631 632
631 692
631 693
631 694
632 633
632 693
632 694
632 695
633 634
633 694
633 695
633 696
634 635
634 695
634 696
634 697
635 636
635 696
635 697
635 698
636 697
636 698
637 699
638 639
638 700
639 640
639 700
639 701
640 641
640 700
640 701
640 702
641 642
641 701
641 702
641 703
642 702
642 703
643 644
643 704
644 645
644 704
644 705
645 646
645 705
645 706
646 647
646 705
646 706
647 706
648 649
648 707
648 708
649 650
649 707
649 708
649 709
650 708
650 709
651 652
651 710
652 653
652 710
653 654
654 655
654 711
655 711
655 712
656 657
656 713
656 714
656 715
657 658
657 714
657 715
657 716
658 659
658 715
658 716
659 716
661 717
661 718
662 663
662 719
662 720
663 664
663 719
663 720
663 721
664 720
664 721
664 722
665 666
665 722
665 723
665 724
666 723
666 724
666 725
667 725
668 669
668 726
668 727
668 728
669 670
669 727
669 728
669 729
670 671
670 728
670 729
671 672
671 729
671 730
672 730
673 674
673 731
673 732
674 675
674 731
674 732
674 733
675 676
675 732
675 733
675 734
676 677
676 733
676 734
676 735
677 678
677 734
677 735
678 679
678 735
678 736
679 680
679 736
679 737
680 681
680 736
680 737
681 682
681 737
681 738
682 683
682 738
682 739
683 684
683 738
683 739
683 740
684 685
684 739
684 740
684 741
685 740
685 741
685 742
686 687
686 743
686 744
686 745
687 688
687 744
687 745
687 746
688 689
688 745
688 746
688 747
689 690
689 746
689 747
689 748
690 747
690 748
691 692
691 749
691 750
692 693
692 749
692 750
693 694
693 750
693 751
694 695
694 751
694 752
695 696
695 751
695 752
696 697
696 752
696 753
697 698
697 753
697 754
698 753
698 754
698 755
699 755
699 756
699 757
700 701
700 758
700 759
700 760
701 702
701 759
701 760
702 703
702 760
702 761
703 761
703 762
704 762
704 763
705 706
705 763
705 764
706 764
706 765
707 708
707 766
707 767
708 709
708 767
708 768
709 767
709 768
709 769
710 769
710 770
710 771
711 712
711 773
712 713
712 774
713 714
713 774
713 775
714 715
714 774
714 775
714 776
715 716
715 775
715 776
715 777
716 776
716 777
716 778
717 718
717 780
717 781
717 782
718 781
718 782
718 783
719 720
719 783
719 784
719 785
720 721
720 784
720 785
720 786
721 722
721 785
721 786
721 787
722 723
722 786
722 787
722 788
723 724
723 787
723 788
723 789
724 725
724 788
724 789
724 790
725 789
725 790
726 727
726 791
726 792
727 728
727 791
727 792
727 793
728 729
728 792
728 793
728 794
729 793
729 794
729 795
730 795
730 796
730 797
731 732
731 797
731 798
731 799
732 733
732 798
732 799
732 800
733 734
733 799
733 800
733 801
734 735
734 800
734 801
734 802
735 801
735 802
736 737
736 803
736 804
737 803
737 804
737 805
738 739
738 805
738 806
738 807
739 740
739 806
739 807
739 808
740 741
740 807
740 808
740 809
741 742
741 808
741 809
742 743
742 809
742 810
743 744
743 810
743 811
744 745
744 810
744 811
744 812
745 746
745 811
745 812
745 813
746 747
746 812
746 813
746 814
747 748
747 813
747 814
747 815
748 814
748 815
749 750
749 816
749 817
750 816
750 817
751 752
751 818
751 819
752 818
752 819
752 820
753 754
753 820
753 821
754 755
754 821
754 822
755 756
755 821
755 822
755 823
756 757
756 822
756 823
756 824
757 758
757 823
757 824
757 825
758 759
758 824
758 825
758 826
759 760
759 825
759 826
759 827
760 826
760 827
760 828
761 762
761 828
761 829
761 830
762 829
762 830
762 831
763 831
763 832
763 833
764 765
764 833
764 834
765 766
765 834
765 835
766 834
766 835
767 768
767 836
768 769
768 836
769 770
769 836
769 837
770 771
770 837
771 772
771 837
771 838
772 773
772 838
772 839
773 838
773 839
773 840
774 775
774 841
774 842
774 843
775 776
775 842
775 843
775 844
776 777
776 843
776 844
776 845
777 778
777 844
777 845
777 846
778 845
778 846
779 780
779 847
780 781
780 847
780 848
781 782
781 847
781 848
781 849
782 783
782 848
782 849
782 850
783 784
783 849
783 850
784 785
784 850
784 851
785 786
785 851
785 852
786 787
786 851
786 852
786 853
787 788
787 852
787 853
787 854
788 789
788 853
788 854
788 855
789 790
789 854
789 855
790 855
790 856
791 792
791 857
792 793
792 857
792 858
793 794
793 858
793 859
794 795
794 858
794 859
795 796
795 859
796 797
796 860
797 798
797 860
797 861
798 799
798 860
798 861
798 862
799 800
799 861
799 862
800 801
800 862
801 802
801 863
802 863
803 804
803 864
803 865
804 805
804 864
804 865
804 866
805 806
805 865
805 866
805 867
806 807
806 866
806 867
806 868
807 808
807 867
807 868
807 869
808 809
808 868
808 869
808 870
809 869
809 870
809 871
810 811
810 871
810 872
810 873
811 812
811 872
811 873
811 874
812 813
812 873
812 874
812 875
813 814
813 874
813 875
813 876
814 815
814 875
814 876
814 877
815 876
815 877
816 817
816 878
816 879
817 878
817 879
817 880
818 819
818 880
818 881
818 882
819 820
819 881
819 882
819 883
820 882
820 883
820 884
821 822
821 884
821 885
821 886
822 823
822 885
822 886
823 824
823 886
824 825
824 887
825 826
825 887
825 888
826 827
826 887
826 888
826 889
827 828
827 888
827 889
827 890
828 829
828 889
828 890
828 891
829 830
829 890
829 891
829 892
830 831
830 891
830 892
831 832
831 892
831 893
832 833
832 893
833 893
833 894
834 835
834 894
834 895
834 896
835 895
835 896
836 897
836 898
837 898
837 899
838 839
838 899
838 900
839 840
839 900
840 841
840 901
841 842
841 901
841 902
842 843
842 901
842 902
842 903
843 844
843 902
843 903
843 904
844 845
844 903
844 904
844 905
845 846
845 904
845 905
845 906
846 905
846 906
847 848
847 907
847 908
847 909
848 849
848 908
848 909
848 910
849 850
849 909
849 910
849 911
850 910
850 911
850 912
851 852
851 912
851 913
851 914
852 853
852 913
852 914
852 915
853 854
853 914
853 915
853 916
854 855
854 915
854 916
854 917
855 916
855 917
856 918
856 919
857 919
857 920
858 859
858 921
858 922
859 921
859 922
859 923
860 861
860 924
860 925
860 926
861 862
861 925
861 926
861 927
862 926
862 927
862 928
863 929
863 930
864 865
864 930
864 931
864 932
865 866
865 931
865 932
865 933
866 867
866 932
866 933
866 934
867 868
867 933
867 934
868 869
868 934
868 935
869 870
869 935
869 936
870 871
870 935
870 936
870 937
871 872
871 936
871 937
871 938
872 873
872 937
872 938
872 939
873 874
873 938
873 939
874 875
874 939
875 876
876 877
876 940
877 940
878 879
878 941
878 942
879 880
879 941
879 942
879 943
880 881
880 942
880 943
880 944
881 882
881 943
881 944
881 945
882 883
882 944
882 945
882 946
883 884
883 945
883 946
883 947
884 885
884 946
884 947
885 886
885 947
885 948
886 948
887 888
887 949
887 950
888 889
888 949
888 950
888 951
889 890
889 950
889 951
889 952
890 891
890 951
890 952
890 953
891 892
891 952
891 953
891 954
892 953
892 954
893 955
893 956
894 895
894 956
894 957
894 958
895 896
895 957
895 958
895 959
896 958
896 959
896 960
897 960
897 961
898 962
898 963
899 900
899 963
899 964
899 965
900 964
900 965
900 966
901 902
901 967
901 968
902 903
902 967
902 968
902 969
903 904
903 968
903 969
903 970
904 905
904 969
904 970
904 971
905 906
905 970
905 971
906 971
906 972
907 908
907 972
907 973
908 909
908 973
908 974
909 910
909 974
909 975
910 911
910 974
910 975
910 976
911 912
911 975
911 976
911 977
912 913
912 976
912 977
912 978
913 914
913 977
913 978
913 979
914 915
914 978
914 979
914 980
915 916
915 979
915 980
915 981
916 917
916 980
916 981
916 982
917 981
917 982
917 983
918 919
918 983
918 984
918 985
919 920
919 984
919 985
919 986
920 985
920 986
920 987
921 922
921 987
921 988
921 989
922 923
922 988
922 989
922 990
923 924
923 989
923 990
924 925
924 990
925 926
925 991
926 927
926 991
927 928
927 991
927 992
928 929
928 992
928 993
929 992
929 993
929 994
930 931
930 994
930 995
931 932
931 995
931 996
932 933
932 996
933 934
933 996
934 997
935 936
935 997
935 998
936 937
936 998
936 999
937 938
937 999
937 1000
938 939
938 999
938 1000
938 1001
939 1000
939 1001
939 1002
940 1004
940 1005
941 942
941 1006
941 1007
942 943
942 1006
942 1007
942 1008
943 944
943 1007
943 1008
943 1009
944 945
944 1008
944 1009
944 1010
945 946
945 1009
945 1010
945 1011
946 947
946 1010
946 1011
946 1012
947 1011
947 1012
947 1013
948 1013
948 1014
948 1015
949 950
949 1016
949 1017
949 1018
950 951
950 1017
950 1018
950 1019
951 952
951 1018
951 1019
951 1020
952 953
952 1019
952 1020
952 1021
953 954
953 1020
953 1021
953 1022
954 1021
954 1022
954 1023
955 956
955 1023
955 1024
955 1025
956 957
956 1024
956 1025
956 1026
957 958
957 1025
957 1026
957 1027
958 959
958 1026
958 1027
958 1028
959 960
959 1027
959 1028
960 961
960 1028
960 1029
961 1029
962 963
962 1030
963 964
963 1030
963 1031
964 965
964 1031
964 1032
965 966
965 1031
965 1032
965 1033
966 1032
966 1033
966 1034
967 968
967 1034
967 1035
968 969
968 1035
968 1036
969 970
969 1035
969 1036
969 1037
970 971
970 1036
970 1037
971 1037
971 1038
972 973
972 1038
973 1039
974 975
974 1039
974 1040
975 976
975 1040
975 1041
976 977
976 1040
976 1041
976 1042
977 978
977 1041
977 1042
978 979
978 1042
978 1043
979 980
979 1043
979 1044
980 981
980 1043
980 1044
981 982
981 1044
981 1045
982 983
982 1045
982 1046
983 984
983 1045
983 1046
983 1047
984 985
984 1046
984 1047
985 986
985 1047
986 987
986 1048
987 988
987 1048
987 1049
988 989
988 1048
988 1049
988 1050
989 990
989 1049
989 1050
990 1050
990 1051
991 1052
991 1053
991 1054
992 993
992 1054
992 1055
992 1056
993 994
993 1055
993 1056
993 1057
994 995
994 1056
994 1057
994 1058
995 1057
995 1058
995 1059
996 1059
996 1060
996 1061
997 998
997 1062
997 1063
998 1063
998 1064
999 1000
999 1064
999 1065
999 1066
1000 1001
1000 1065
1000 1066
1000 1067
1001 1002
1001 1066
1001 1067
1001 1068
1002 1003
1002 1067
1002 1068
1002 1069
1003 1004
1003 1068
1003 1069
1003 1070
1004 1005
1004 1069
1004 1070
1004 1071
1005 1070
1005 1071
1006 1007
1006 1072
1006 1073
1007 1008
1007 1072
1007 1073
1007 1074
1008 1009
1008 1073
1008 1074
1008 1075
1009 1010
1009 1074
1009 1075
1010 1011
1010 1075
1010 1076
1011 1012
1011 1076
1011 1077
1012 1013
1012 1076
1012 1077
1012 1078
1013 1014
1013 1077
1013 1078
1013 1079
1014 1015
1014 1078
1014 1079
1014 1080
1015 1016
1015 1079
1015 1080
1015 1081
1016 1017
1016 1080
1016 1081
1016 1082
1017 1018
1017 1081
1017 1082
1017 1083
1018 1019
1018 1082
1018 1083
1018 1084
1019 1020
1019 1083
1019 1084
1019 1085
1020 1021
1020 1084
1020 1085
1020 1086
1021 1022
1021 1085
1021 1086
1021 1087
1022 1023
1022 1086
1022 1087
1022 1088
1023 1024
1023 1087
1023 1088
1024 1025
1024 1088
1024 1089
1025 1026
1025 1089
1026 1027
1026 1089
1026 1090
1027 1028
1027 1090
1027 1091
1028 1090
1028 1091
1028 1092
1029 1092
1029 1093
1029 1094
1030 1094
1030 1095
1031 1032
1032 1033
1032 1096
1033 1034
1033 1096
1033 1097
1034 1096
1034 1097
1035 1036
1035 1098
1035 1099
1036 1037
1036 1098
1036 1099
1036 1100
1037 1099
1037 1100
1037 1101
1038 1101
1038 1102
1038 1103
1039 1104
1039 1105
1039 1106
1040 1041
1040 1106
1040 1107
1040 1108
1041 1042
1041 1107
1041 1108
1041 1109
1042 1108
1042 1109
1042 1110
1043 1044
1043 1110
1043 1111
1043 1112
1044 1111
1044 1112
1044 1113
1045 1046
1045 1113
1045 1114
1046 1047
1046 1114
1047 1114
1047 1115
1048 1049
1048 1116
1048 1117
1048 1118
1049 1050
1049 1117
1049 1118
1049 1119
1050 1118
1050 1119
1050 1120
1051 1052
1051 1120
1051 1121
1051 1122
1052 1053
1052 1121
1052 1122
1052 1123
1053 1054
1053 1122
1053 1123
1053 1124
1054 1055
1054 1123
1054 1124
1054 1125
1055 1056
1055 1124
1055 1125
1055 1126
1056 1057
1056 1125
1056 1126
1056 1127
1057 1058
1057 1126
1057 1127
1057 1128
1058 1059
1058 1127
1058 1128
1058 1129
1059 1060
1059 1128
1059 1129
1059 1130
1060 1061
1060 1129
1060 1130
1060 1131
1061 1062
1061 1130
1061 1131
1061 1132
1062 1131
1062 1132
1062 1133
1063 1064
1063 1133
1063 1134
1063 1135
1064 1065
1064 1134
1064 1135
1064 1136
1065 1066
1065 1135
1065 1136
1066 1067
1066 1136
1066 1137
1067 1068
1067 1137
1067 1138
1068 1069
1068 1137
1068 1138
1068 1139
1069 1070
1069 1138
1069 1139
1069 1140
1070 1071
1070 1139
1070 1140
1070 1141
1071 1140
1071 1141
1072 1073
1072 1142
1072 1143
1073 1074
1073 1142
1073 1143
1073 1144
1074 1075
1074 1143
1074 1144
1075 1144
1076 1077
1076 1145
1076 1146
1077 1078
1077 1145
1077 1146
1077 1147
1078 1079
1078 1146
1078 1147
1078 1148
1079 1080
1079 1147
1079 1148
1079 1149
1080 1081
1080 1148
1080 1149
1080 1150
1081 1082
1081 1149
1081 1150
1081 1151
1082 1083
1082 1150
1082 1151
1082 1152
1083 1084
1083 1151
1083 1152
1083 1153
1084 1085
1084 1152
1084 1153
1084 1154
1085 1086
1085 1153
1085 1154
1085 1155
1086 1087
1086 1154
1086 1155
1086 1156
1087 1088
1087 1155
1087 1156
1087 1157
1088 1156
1088 1157
1088 1158
1089 1158
1089 1159
1089 1160
1090 1091
1090 1160
1090 1161
1090 1162
1091 1092
1091 1161
1091 1162
1091 1163
1092 1093
1092 1162
1092 1163
1093 1094
1093 1163
1093 1164
1094 1095
1094 1164
1094 1165
1095 1164
1095 1165
1095 1166
1096 1097
1096 1168
1096 1169
1097 1169
1097 1170
1098 1099
1098 1170
1098 1171
1098 1172
1099 1100
1099 1171
1099 1172
1099 1173
1100 1101
1100 1172
1100 1173
1100 1174
1101 1102
1101 1173
1101 1174
1101 1175
1102 1103
1102 1174
1102 1175
1102 1176
1103 1104
1103 1175
1103 1176
1104 1105
1104 1176
1104 1177
1105 1106
1105 1177
1105 1178
1106 1107
1106 1177
1106 1178
1106 1179
1107 1108
1107 1178
1107 1179
1108 1109
1108 1179
1108 1180
1109 1110
1109 1180
1109 1181
1110 1111
1110 1180
1110 1181
1110 1182
1111 1112
1111 1181
1111 1182
1112 1113
1112 1182
1112 1183
1113 1183
1113 1184
1114 1184
1115 1116
1115 1185
1115 1186
1116 1117
1116 1185
1116 1186
1116 1187
1117 1118
1117 1186
1117 1187
1117 1188
1118 1119
1118 1187
1118 1188
1118 1189
1119 1120
1119 1188
1119 1189
1119 1190
1120 1121
1120 1189
1120 1190
1120 1191
1121 1122
1121 1190
1121 1191
1122 1123
1122 1191
1122 1192
1123 1124
1123 1192
1123 1193
1124 1125
1124 1192
1124 1193
1124 1194
1125 1126
1125 1193
1125 1194
1125 1195
1126 1127
1126 1194
1126 1195
1126 1196
1127 1128
1127 1195
1127 1196
1127 1197
1128 1129
1128 1196
1128 1197
1128 1198
1129 1130
1129 1197
1129 1198
1129 1199
1130 1131
1130 1198
1130 1199
1130 1200
1131 1132
1131 1199
1131 1200
1131 1201
1132 1133
1132 1200
1132 1201
1132 1202
1133 1134
1133 1201
1133 1202
1134 1135
1134 1202
1135 1136
1135 1203
1136 1203
1136 1204
1137 1138
1137 1204
1137 1205
1138 1139
1138 1205
1138 1206
1139 1140
1139 1206
1139 1207
1140 1141
1140 1206
1140 1207
1140 1208
1141 1207
1141 1208
1142 1143
1142 1209
1142 1210
1143 1144
1143 1209
1143 1210
1144 1210
1144 1211
1145 1146
1145 1212
1145 1213
1145 1214
1146 1147
1146 1213
1146 1214
1146 1215
1147 1148
1147 1214
1147 1215
1147 1216
1148 1149
1148 1215
1148 1216
1148 1217
1149 1150
1149 1216
1149 1217
1149 1218
1150 1151
1150 1217
1150 1218
1150 1219
1151 1152
1151 1218
1151 1219
1151 1220
1152 1153
1152 1219
1152 1220
1152 1221
1153 1154
1153 1220
1153 1221
1153 1222
1154 1155
1154 1221
1154 1222
1154 1223
1155 1156
1155 1222
1155 1223
1156 1157
1156 1223
1156 1224
1157 1158
1157 1224
1157 1225
1158 1159
1158 1224
1158 1225
1158 1226
1159 1160
1159 1225
1159 1226
1159 1227
1160 1161
1160 1226
1160 1227
1160 1228
1161 1162
1161 1227
1161 1228
1161 1229
1162 1163
1162 1228
1162 1229
1162 1230
1163 1229
1163 1230
1163 1231
1164 1165
1164 1231
1164 1232
1164 1233
1165 1166
1165 1232
1165 1233
1165 1234
1166 1167
1166 1233
1166 1234
1166 1235
1167 1168
1167 1234
1167 1235
1168 1169
1168 1235
1168 1236
1169 1236
1170 1171
1170 1237
1170 1238
1171 1172
1171 1237
1171 1238
1171 1239
1172 1173
1172 1238
1172 1239
1172 1240
1173 1174
1173 1239
1173 1240
1173 1241
1174 1175
1174 1240
1174 1241
1174 1242
1175 1176
1175 1241
1175 1242
1175 1243
1176 1242
1176 1243
1177 1178
1177 1244
1178 1179
1178 1244
1178 1245
1179 1244
1179 1245
1179 1246
1180 1181
1180 1246
1180 1247
1181 1182
1181 1247
1181 1248
1182 1247
1182 1248
1182 1249
1183 1184
1183 1249
1183 1250
1183 1251
1184 1250
1184 1251
1184 1252
1185 1186
1185 1253
1185 1254
1185 1255
1186 1187
1186 1254
1186 1255
1186 1256
1187 1188
1187 1255
1187 1256
1187 1257
1188 1189
1188 1256
1188 1257
1188 1258
1189 1190
1189 1257
1189 1258
1189 1259
1190 1191
1190 1258
1190 1259
1190 1260
1191 1259
1191 1260
1191 1261
1192 1193
1192 1261
1192 1262
1192 1263
1193 1194
1193 1262
1193 1263
1193 1264
1194 1195
1194 1263
1194 1264
1195 1196
1195 1264
1195 1265
1196 1197
1196 1265
1197 1198
1197 1265
1197 1266
1198 1199
1198 1266
1199 1200
1199 1266
1199 1267
1200 1201
1200 1267
1200 1268
1201 1202
1201 1267
1201 1268
1202 1268
1202 1269
1203 1204
1203 1270
1203 1271
1204 1205
1204 1270
1204 1271
1204 1272
1205 1271
1205 1272
1205 1273
1206 1207
1206 1273
1206 1274
1207 1208
1207 1274
1207 1275
1208 1274
1208 1275
1209 1210
1209 1276
1210 1276
1210 1277
1211 1212
1211 1277
1211 1278
1211 1279
1212 1213
1212 1278
1212 1279
1212 1280
1213 1214
1213 1279
1213 1280
1213 1281
1214 1215
1214 1280
1214 1281
1215 1216
1215 1281
1215 1282
1216 1217
1216 1282
1216 1283
1217 1218
1217 1282
1217 1283
1217 1284
1218 1219
1218 1283
1218 1284
1218 1285
1219 1220
1219 1284
1219 1285
1219 1286
1220 1221
1220 1285
1220 1286
1220 1287
1221 1222
1221 1286
1221 1287
1221 1288
1222 1223
1222 1287
1222 1288
1222 1289
1223 1288
1223 1289
1223 1290
1224 1225
1224 1290
1224 1291
1225 1226
1225 1291
1225 1292
1226 1227
1226 1291
1226 1292
1226 1293
1227 1228
1227 1292
1227 1293
1227 1294
1228 1229
1228 1293
1228 1294
1228 1295
1229 1230
1229 1294
1229 1295
1229 1296
1230 1231
1230 1295
1230 1296
1230 1297
1231 1232
1231 1296
1231 1297
1231 1298
1232 1233
1232 1297
1232 1298
1232 1299
1233 1234
1233 1298
1233 1299
1234 1235
1234 1299
1234 1300
1235 1300
1235 1301
1236 1301
1236 1302
1236 1303
1237 1238
1237 1303
1237 1304
1237 1305
1238 1239
1238 1304
1238 1305
1238 1306
1239 1240
1239 1305
1239 1306
1239 1307
1240 1241
1240 1306
1240 1307
1240 1308
1241 1242
1241 1307
1241 1308
1241 1309
1242 1243
1242 1308
1242 1309
1243 1309
1244 1245
1244 1310
1244 1311
1245 1246
1245 1311
1245 1312
1246 1312
1246 1313
1247 1248
1247 1313
1247 1314
1248 1249
1248 1314
1248 1315
1249 1250
1249 1314
1249 1315
1249 1316
1250 1251
1250 1315
1250 1316
1250 1317
1251 1252
1251 1316
1251 1317
1251 1318
1252 1253
1252 1317
1252 1318
1253 1254
1253 1318
1253 1319
1254 1255
1254 1319
1254 1320
1255 1256
1255 1319
1255 1320
1255 1321
1256 1257
1256 1320
1256 1321
1256 1322
1257 1258
1257 1321
1257 1322
1257 1323
1258 1259
1258 1322
1258 1323
1258 1324
1259 1260
1259 1323
1259 1324
1259 1325
1260 1261
1260 1324
1260 1325
1260 1326
1261 1262
1261 1325
1261 1326
1261 1327
1262 1263
1262 1326
1262 1327
1262 1328
1263 1264
1263 1327
1263 1328
1263 1329
1264 1328
1264 1329
1264 1330
1265 1330
1265 1331
1265 1332
1266 1332
1266 1333
1266 1334
1267 1268
1267 1334
1267 1335
1267 1336
1268 1335
1268 1336
1268 1337
1269 1337
1269 1338
1269 1339
1270 1271
1270 1339
1270 1340
1270 1341
1271 1272
1271 1340
1271 1341
1271 1342
1272 1273
1272 1341
1272 1342
1273 1342
1273 1343
1274 1275
1274 1343
1274 1344
1274 1345
1275 1344
1275 1345
1276 1277
1276 1346
1276 1347
1276 1348
1277 1278
1277 1347
1277 1348
1277 1349
1278 1279
1278 1348
1278 1349
1278 1350
1279 1280
1279 1349
1279 1350
1279 1351
1280 1281
1280 1350
1280 1351
1280 1352
1281 1351
1281 1352
1281 1353
1282 1283
1282 1353
1282 1354
1283 1284
1283 1354
1283 1355
1284 1285
1284 1354
1284 1355
1284 1356
1285 1286
1285 1355
1285 1356
1285 1357
1286 1287
1286 1356
1286 1357
1286 1358
1287 1288
1287 1357
1287 1358
1288 1289
1288 1358
1288 1359
1289 1290
1289 1359
1289 1360
1290 1359
1290 1360
1290 1361
1291 1292
1291 1361
1291 1362
1291 1363
1292 1293
1292 1362
1292 1363
1292 1364
1293 1294
1293 1363
1293 1364
1293 1365
1294 1295
1294 1364
1294 1365
1295 1296
1295 1365
1295 1366
1296 1297
1296 1366
1296 1367
1297 1298
1297 1366
1297 1367
1297 1368
1298 1299
1298 1367
1298 1368
1298 1369
1299 1368
1299 1369
1299 1370
1300 1301
1300 1370
1300 1371
1301 1302
1301 1371
1301 1372
1302 1303
1302 1372
1303 1304
1303 1372
1303 1373
1304 1305
1304 1373
1304 1374
1305 1306
1305 1373
1305 1374
1305 1375
1306 1307
1306 1374
1306 1375
1306 1376
1307 1308
1307 1375
1307 1376
1307 1377
1308 1309
1308 1376
1308 1377
1308 1378
1309 1377
1309 1378
1309 1379
1310 1311
1310 1380
1310 1381
1310 1382
1311 1381
1311 1382
1311 1383
1312 1313
1312 1383
1312 1384
1312 1385
1313 1384
1313 1385
1313 1386
1314 1315
1314 1386
1314 1387
1315 1316
1315 1387
1315 1388
1316 1317
1316 1388
1316 1389
1317 1318
1317 1388
1317 1389
1317 1390
1318 1389
1318 1390
1319 1320
1319 1391
1320 1321
1320 1391
1320 1392
1321 1322
1321 1392
1321 1393
1322 1323
1322 1392
1322 1393
1322 1394
1323 1324
1323 1393
1323 1394
1323 1395
1324 1325
1324 1394
1324 1395
1324 1396
1325 1326
1325 1395
1325 1396
1325 1397
1326 1327
1326 1396
1326 1397
1327 1328
1327 1397
1327 1398
1328 1329
1328 1398
1328 1399
1329 1330
1329 1398
1329 1399
1330 1331
1330 1399
1331 1332
1331 1400
1332 1333
1332 1400
1332 1401
1333 1334
1333 1400
1333 1401
1333 1402
1334 1335
1334 1401
1334 1402
1335 1336
1335 1402
1335 1403
1336 1337
1336 1403
1337 1338
1337 1403
1337 1404
1338 1339
1338 1404
1338 1405
1339 1340
1339 1404
1339 1405
1340 1341
1340 1405
1341 1342
1341 1406
1342 1406
1342 1407
1343 1344
1343 1407
1343 1408
1343 1409
1344 1345
1344 1408
1344 1409
1344 1410
1345 1409
1345 1410
1346 1347
1346 1411
1347 1348
1347 1411
1347 1412
1348 1349
1348 1412
1348 1413
1349 1350
1349 1412
1349 1413
1349 1414
1350 1351
1350 1413
1350 1414
1350 1415
1351 1352
1351 1414
1351 1415
1352 1353
1352 1415
1352 1416
1353 1416
1353 1417
1354 1355
1354 1417
1354 1418
1354 1419
1355 1356
1355 1418
1355 1419
1355 1420
1356 1357
1356 1419
1356 1420
1356 1421
1357 1358
1357 1420
1357 1421
1358 1421
1359 1360
1359 1422
1360 1361
1360 1422
1360 1423
1361 1362
1361 1422
1361 1423
1361 1424
1362 1363
1362 1423
1362 1424
1362 1425
1363 1364
1363 1424
1363 1425
1363 1426
1364 1365
1364 1425
1364 1426
1365 1426
1366 1367
1366 1427
1366 1428
1367 1368
1367 1427
1367 1428
1367 1429
1368 1369
1368 1428
1368 1429
1368 1430
1369 1370
1369 1429
1369 1430
1369 1431
1370 1371
1370 1430
1370 1431
1370 1432
1371 1431
1371 1432
1371 1433
1372 1433
1372 1434
1372 1435
1373 1374
1373 1435
1373 1436
1373 1437
1374 1375
1374 1436
1374 1437
1374 1438
1375 1376
1375 1437
1375 1438
1375 1439
1376 1377
1376 1438
1376 1439
1376 1440
1377 1378
1377 1439
1377 1440
1377 1441
1378 1379
1378 1440
1378 1441
1378 1442
1379 1380
1379 1441
1379 1442
1380 1381
1380 1442
1381 1382
1381 1443
1382 1383
1382 1443
1382 1444
1383 1384
1383 1443
1383 1444
1383 1445
1384 1385
1384 1444
1384 1445
1384 1446
1385 1386
1385 1445
1385 1446
1386 1387
1386 1446
1386 1447
1387 1447
1387 1448
1388 1389
1388 1448
1388 1449
1388 1450
1389 1390
1389 1449
1389 1450
1389 1451
1390 1450
1390 1451
1390 1452
1391 1452
1391 1453
1392 1393
1392 1453
1392 1454
1392 1455
1393 1394
1393 1454
1393 1455
1393 1456
1394 1395
1394 1455
1394 1456
1394 1457
1395 1396
1395 1456
1395 1457
1395 1458
1396 1397
1396 1457
1396 1458
1396 1459
1397 1458
1397 1459
1397 1460
1398 1399
1398 1460
1398 1461
1398 1462
1399 1461
1399 1462
1399 1463
1400 1401
1400 1464
1400 1465
1400 1466
1401 1402
1401 1465
1401 1466
1401 1467
1402 1466
1402 1467
1403 1468
1403 1469
1404 1405
1404 1469
1404 1470
1405 1470
1406 1407
1406 1471
1406 1472
1406 1473
1407 1408
1407 1472
1407 1473
1408 1409
1408 1473
1409 1410
1411 1474
1412 1413
1412 1475
1412 1476
1413 1414
1413 1475
1413 1476
1413 1477
1414 1415
1414 1476
1414 1477
1414 1478
1415 1477
1415 1478
1416 1417
1416 1479
1416 1480
1417 1418
1417 1479
1417 1480
1417 1481
1418 1419
1418 1480
1418 1481
1418 1482
1419 1420
1419 1481
1419 1482
1419 1483
1420 1421
1420 1482
1420 1483
1420 1484
1421 1483
1421 1484
1421 1485
1422 1423
1422 1487
1423 1424
1423 1488
1424 1425
1424 1488
1425 1426
1425 1488
1425 1489
1426 1489
1426 1490
1427 1428
1427 1491
1427 1492
1428 1429
1428 1492
1428 1493
1429 1430
1429 1493
1429 1494
1430 1431
1430 1493
1430 1494
1430 1495
1431 1432
1431 1494
1431 1495
1431 1496
1432 1433
1432 1495
1432 1496
1432 1497
1433 1434
1433 1496
1433 1497
1433 1498
1434 1435
1434 1497
1434 1498
1434 1499
1435 1436
1435 1498
1435 1499
1435 1500
1436 1437
1436 1499
1436 1500
1437 1438
1437 1500
1437 1501
1438 1439
1438 1501
1438 1502
1439 1440
1439 1501
1439 1502
1439 1503
1440 1441
1440 1502
1440 1503
1440 1504
1441 1442
1441 1503
1441 1504
1441 1505
1442 1504
1442 1505
1442 1506
1443 1444
1443 1507
1443 1508
1444 1445
1444 1507
1444 1508
1444 1509
1445 1446
1445 1508
1445 1509
1445 1510
1446 1509
1446 1510
1447 1448
1447 1511
1447 1512
1448 1449
1448 1511
1448 1512
1449 1450
1449 1512
1449 1513
1450 1451
1450 1513
1450 1514
1451 1452
1451 1513
1451 1514
1451 1515
1452 1514
1452 1515
1452 1516
1453 1454
1453 1516
1454 1455
1454 1517
1455 1456
1455 1517
1455 1518
1456 1457
1456 1517
1456 1518
1457 1458
1457 1518
1457 1519
1458 1459
1458 1519
1458 1520
1459 1460
1459 1519
1459 1520
1459 1521
1460 1461
1460 1520
1460 1521
1461 1462
1461 1521
1462 1463
1462 1522
1463 1464
1463 1522
1463 1523
1464 1465
1464 1522
1464 1523
1464 1524
1465 1466
1465 1523
1465 1524
1465 1525
1466 1467
1466 1524
1466 1525
1466 1526
1467 1525
1467 1526
1468 1469
1468 1527
1468 1528
1469 1527
1469 1528
1469 1529
1470 1529
1470 1530
1470 1531
1471 1472
1471 1531
1471 1532
1471 1533
1472 1473
1472 1532
1472 1533
1472 1534
1473 1533
1473 1534
1473 1535
1474 1537
1475 1476
1475 1537
1475 1538
1475 1539
1476 1477
1476 1538
1476 1539
1476 1540
1477 1478
1477 1539
1477 1540
1477 1541
1478 1540
1478 1541
1478 1542
1479 1480
1479 1542
1479 1543
1479 1544
1480 1481
1480 1543
1480 1544
1480 1545
1481 1482
1481 1544
1481 1545
1481 1546
1482 1483
1482 1545
1482 1546
1483 1484
1483 1546
1483 1547
1484 1485
1484 1547
1484 1548
1485 1486
1485 1547
1485 1548
1486 1487
1486 1548
1486 1549
1487 1549
1487 1550
1488 1551
1488 1552
1489 1490
1489 1552
1489 1553
1489 1554
1490 1491
1490 1553
1490 1554
1491 1492
1491 1554
1491 1555
1492 1555
1492 1556
1493 1494
1493 1556
1493 1557
1494 1495
1494 1557
1494 1558
1495 1496
1495 1557
1495 1558
1495 1559
1496 1497
1496 1558
1496 1559
1497 1498
1497 1559
1497 1560
1498 1499
1498 1560
1498 1561
1499 1500
1499 1560
1499 1561
1500 1561
1500 1562
1501 1502
1501 1562
1501 1563
1501 1564
1502 1503
1502 1563
1502 1564
1502 1565
1503 1504
1503 1564
1503 1565
1503 1566
1504 1505
1504 1565
1504 1566
1504 1567
1505 1506
1505 1566
1505 1567
1505 1568
1506 1567
1506 1568
1507 1508
1507 1569
1508 1509
1508 1569
1508 1570
1509 1510
1509 1570
1509 1571
1510 1570
1510 1571
1510 1572
1511 1512
1511 1572
1511 1573
1511 1574
1512 1573
1512 1574
1512 1575
1513 1514
1513 1575
1513 1576
1513 1577
1514 1515
1514 1576
1514 1577
1514 1578
1515 1516
1515 1577
1515 1578
1515 1579
1516 1578
1516 1579
1516 1580
1517 1518
1517 1581
1517 1582
1517 1583
1518 1582
1518 1583
1518 1584
1519 1520
1519 1584
1519 1585
1519 1586
1520 1521
1520 1585
1520 1586
1520 1587
1521 1586
1521 1587
1521 1588
1522 1523
1522 1589
1522 1590
1523 1524
1523 1590
1524 1525
1524 1591
1525 1526
1525 1591
1526 1591
1526 1592
1527 1528
1527 1592
1527 1593
1527 1594
1528 1529
1528 1593
1528 1594
1528 1595
1529 1530
1529 1594
1529 1595
1529 1596
1530 1531
1530 1595
1530 1596
1530 1597
1531 1532
1531 1596
1531 1597
1532 1533
1532 1597
1532 1598
1533 1534
1533 1598
1534 1535
1534 1598
1535 1599
1536 1599
1536 1600
1537 1538
1537 1601
1537 1602
1538 1539
1538 1602
1538 1603
1539 1540
1539 1602
1539 1603
1539 1604
1540 1541
1540 1603
1540 1604
1540 1605
1541 1542
1541 1604
1541 1605
1541 1606
1542 1543
1542 1605
1542 1606
1542 1607
1543 1544
1543 1606
1543 1607
1543 1608
1544 1545
1544 1607
1544 1608
1544 1609
1545 1546
1545 1608
1545 1609
1545 1610
1546 1609
1546 1610
1546 1611
1547 1548
1547 1611
1547 1612
1548 1612
1548 1613
1549 1550
1549 1613
1549 1614
1549 1615
1550 1551
1550 1614
1550 1615
1550 1616
1551 1615
1551 1616
1552 1553
1552 1617
1552 1618
1553 1554
1553 1617
1553 1618
1553 1619
1554 1618
1554 1619
1555 1556
1555 1620
1556 1620
1557 1558
1557 1621
1557 1622
1558 1559
1558 1621
1558 1622
1558 1623
1559 1622
1559 1623
1559 1624
1560 1561
1560 1624
1560 1625
1560 1626
1561 1625
1561 1626
1562 1563
1562 1627
1562 1628
1563 1564
1563 1627
1563 1628
1563 1629
1564 1565
1564 1628
1564 1629
1565 1566
1565 1629
1565 1630
1566 1567
1566 1630
1566 1631
1567 1568
1567 1630
1567 1631
1567 1632
1568 1631
1568 1632
1568 1633
1569 1633
1569 1634
1569 1635
1570 1571
1570 1635
1570 1636
1571 1572
1571 1636
1571 1637
1572 1573
1572 1637
1572 1638
1573 1574
1573 1637
1573 1638
1573 1639
1574 1575
1574 1638
1574 1639
1574 1640
1575 1576
1575 1639
1575 1640
1575 1641
1576 1577
1576 1640
1576 1641
1576 1642
1577 1578
1577 1641
1577 1642
1577 1643
1578 1579
1578 1642
1578 1643
1578 1644
1579 1580
1579 1643
1579 1644
1579 1645
1580 1581
1580 1644
1580 1645
1580 1646
1581 1582
1581 1645
1581 1646
1581 1647
1582 1583
1582 1646
1582 1647
1582 1648
1583 1584
1583 1647
1583 1648
1583 1649
1584 1585
1584 1648
1584 1649
1584 1650
1585 1586
1585 1649
1585 1650
1585 1651
1586 1587
1586 1650
1586 1651
1586 1652
1587 1588
1587 1651
1587 1652
1587 1653
1588 1589
1588 1652
1588 1653
1589 1590
1589 1653
1589 1654
1590 1654
1590 1655
1591 1656
1591 1657
1592 1593
1592 1657
1592 1658
1593 1594
1593 1658
1593 1659
1594 1595
1594 1658
1594 1659
1595 1596
1595 1659
1595 1660
1596 1597
1596 1660
1596 1661
1597 1660
1597 1661
1597 1662
1598 1662
1598 1663
1598 1664
1599 1600
1599 1665
1599 1666
1600 1665
1600 1666
1602 1603
1602 1667
1602 1668
1603 1604
1603 1667
1603 1668
1603 1669
1604 1605
1604 1668
1604 1669
1604 1670
1605 1606
1605 1669
1605 1670
1605 1671
1606 1607
1606 1670
1606 1671
1606 1672
1607 1608
1607 1671
1607 1672
1607 1673
1608 1609
1608 1672
1608 1673
1609 1610
1609 1673
1609 1674
1610 1611
1610 1674
1610 1675
1611 1612
1611 1674
1611 1675
1611 1676
1612 1675
1612 1676
1613 1614
1613 1677
1613 1678
1614 1615
1614 1677
1614 1678
1614 1679
1615 1616
1615 1678
1615 1679
1616 1679
1616 1680
1617 1618
1617 1680
1617 1681
1618 1619
1618 1681
1619 1681
1619 1682
1620 1683
1620 1684
1621 1622
1621 1684
1621 1685
1621 1686
1622 1623
1622 1685
1622 1686
1622 1687
1623 1624
1623 1686
1623 1687
1623 1688
1624 1625
1624 1687
1624 1688
1624 1689
1625 1626
1625 1688
1625 1689
1625 1690
1626 1689
1626 1690
1626 1691
1627 1628
1627 1691
1627 1692
1627 1693
1628 1629
1628 1692
1628 1693
1628 1694
1629 1693
1629 1694
1630 1631
1630 1695
1631 1632
1631 1695
1631 1696
1632 1633
1632 1695
1632 1696
1632 1697
1633 1634
1633 1696
1633 1697
1633 1698
1634 1635
1634 1697
1634 1698
1635 1636
1635 1698
1635 1699
1636 1699
1636 1700
1637 1638
1637 1700
1637 1701
1638 1639
1638 1701
1638 1702
1639 1640
1639 1702
1639 1703
1640 1641
1640 1702
1640 1703
1640 1704
1641 1642
1641 1703
1641 1704
1641 1705
1642 1643
1642 1704
1642 1705
1642 1706
1643 1644
1643 1705
1643 1706
1643 1707
1644 1645
1644 1706
1644 1707
1644 1708
1645 1646
1645 1707
1645 1708
1646 1647
1646 1708
1646 1709
1647 1648
1647 1709
1648 1649
1648 1709
1648 1710
1649 1650
1649 1710
1649 1711
1650 1651
1650 1710
1650 1711
1651 1652
1651 1711
1651 1712
1652 1653
1652 1712
1652 1713
1653 1712
1653 1713
1653 1714
1654 1655
1654 1714
1654 1715
1654 1716
1655 1656
1655 1715
1655 1716
1656 1716
1656 1717
1657 1717
1657 1718
1658 1659
1658 1718
1658 1719
1658 1720
1659 1719
1659 1720
1659 1721
1660 1661
1660 1721
1660 1722
1660 1723
1661 1662
1661 1722
1661 1723
1661 1724
1662 1663
1662 1723
1662 1724
1662 1725
1663 1664
1663 1724
1663 1725
1663 1726
1664 1725
1664 1726
1664 1727
1665 1666
1665 1727
1665 1728
1665 1729
1666 1728
1666 1729
1667 1668
1667 1731
1668 1669
1668 1731
1668 1732
1669 1670
1669 1732
1669 1733
1670 1671
1670 1732
1670 1733
1671 1672
1671 1733
1671 1734
1672 1673
1672 1734
1672 1735
1673 1734
1673 1735
1673 1736
1674 1675
1674 1736
1674 1737
1675 1676
1675 1737
1675 1738
1676 1738
1676 1739
1677 1678
1677 1739
1677 1740
1678 1679
1678 1740
1678 1741
1679 1741
1679 1742
1680 1742
1680 1743
1680 1744
1681 1744
1681 1745
1681 1746
1682 1683
1682 1746
1682 1747
1682 1748
1683 1747
1683 1748
1683 1749
1684 1685
1684 1749
1684 1750
1684 1751
1685 1686
1685 1750
1685 1751
1685 1752
1686 1687
1686 1751
1686 1752
1686 1753
1687 1688
1687 1752
1687 1753
1688 1689
1688 1753
1688 1754
1689 1690
1689 1754
1689 1755
1690 1691
1690 1754
1690 1755
1690 1756
1691 1692
1691 1755
1691 1756
1691 1757
1692 1693
1692 1756
1692 1757
1693 1694
1693 1757
1693 1758
1694 1758
1694 1759
1695 1696
1695 1760
1695 1761
1696 1697
1696 1761
1696 1762
1697 1698
1697 1761
1697 1762
1697 1763
1698 1762
1698 1763
1698 1764
1699 1700
1699 1764
1699 1765
1699 1766
1700 1701
1700 1765
1700 1766
1700 1767
1701 1766
1701 1767
1701 1768
1702 1703
1702 1768
1702 1769
1703 1704
1703 1769
1703 1770
1704 1705
1704 1770
1704 1771
1705 1706
1705 1770
1705 1771
1705 1772
1706 1707
1706 1771
1706 1772
1707 1708
1707 1772
1708 1773
1709 1773
1709 1774
1709 1775
1710 1711
1710 1775
1710 1776
1710 1777
1711 1776
1711 1777
1711 1778
1712 1713
1712 1778
1712 1779
1713 1714
1713 1779
1713 1780
1714 1715
1714 1780
1715 1716
1715 1780
1715 1781
1716 1781
1717 1782
1718 1719
1718 1783
1718 1784
1719 1720
1719 1783
1719 1784
1719 1785
1720 1721
1720 1784
1720 1785
1720 1786
1721 1722
1721 1785
1721 1786
1721 1787
1722 1723
1722 1786
1722 1787
1722 1788
1723 1724
1723 1787
1723 1788
1723 1789
1724 1725
1724 1788
1724 1789
1724 1790
1725 1726
1725 1789
1725 1790
1726 1727
1726 1790
1726 1791
1727 1728
1727 1791
1727 1792
1728 1729
1728 1791
1728 1792
1728 1793
1729 1792
1729 1793
1730 1794
1730 1795
1731 1795
1731 1796
1731 1797
1732 1733
1732 1797
1732 1798
1732 1799
1733 1798
1733 1799
1734 1735
1734 1800
1735 1736
1735 1800
1735 1801
1736 1737
1736 1800
1736 1801
1736 1802
1737 1801
1737 1802
1737 1803
1738 1739
1738 1803
1738 1804
1738 1805
1739 1740
1739 1804
1739 1805
1739 1806
1740 1805
1740 1806
1741 1742
1741 1807
1741 1808
1742 1743
1742 1807
1742 1808
1742 1809
1743 1744
1743 1808
1743 1809
1743 1810
1744 1745
1744 1809
1744 1810
1744 1811
1745 1746
1745 1810
1745 1811
1746 1747
1746 1811
1746 1812
1747 1748
1747 1812
1747 1813
1748 1749
1748 1812
1748 1813
1748 1814
1749 1750
1749 1813
1749 1814
1749 1815
1750 1751
1750 1814
1750 1815
1750 1816
1751 1752
1751 1815
1751 1816
1752 1753
1752 1816
1752 1817
1753 1817
1753 1818
1754 1755
1754 1818
1754 1819
1754 1820
1755 1756
1755 1819
1755 1820
1755 1821
1756 1757
1756 1820
1756 1821
1756 1822
1757 1821
1757 1822
1757 1823
1758 1759
1758 1823
1758 1824
1758 1825
1759 1760
1759 1824
1759 1825
1759 1826
1760 1825
1760 1826
1761 1762
1761 1827
1762 1763
1762 1827
1762 1828
1763 1764
1763 1827
1763 1828
1763 1829
1764 1765
1764 1828
1764 1829
1764 1830
1765 1766
1765 1829
1765 1830
1765 1831
1766 1767
1766 1830
1766 1831
1766 1832
1767 1768
1767 1831
1767 1832
1768 1769
1768 1832
1768 1833
1769 1833
1769 1834
1770 1771
1770 1834
1770 1835
1770 1836
1771 1772
1771 1835
1771 1836
1771 1837
1772 1836
1772 1837
1772 1838
1773 1774
1773 1839
1774 1775
1774 1839
1774 1840
1775 1776
1775 1840
1776 1777
1776 1840
1777 1778
1778 1779
1778 1841
1779 1841
1779 1842
1780 1842
1780 1843
1780 1844
1781 1844
1781 1845
1782 1845
1782 1846
1783 1784
1783 1847
1783 1848
1784 1785
1784 1847
1784 1848
1785 1786
1785 1848
1785 1849
1786 1787
1786 1849
1786 1850
1787 1788
1787 1849
1787 1850
1787 1851
1788 1789
1788 1850
1788 1851
1788 1852
1789 1790
1789 1851
1789 1852
1789 1853
1790 1852
1790 1853
1790 1854
1791 1792
1791 1854
1791 1855
1791 1856
1792 1793
1792 1855
1792 1856
1792 1857
1793 1856
1793 1857
1794 1795
1794 1858
1795 1796
1795 1858
1795 1859
1796 1797
1796 1858
1796 1859
1797 1798
1797 1859
1798 1799
1798 1860
1799 1860
1799 1861
1800 1801
1800 1862
1800 1863
1800 1864
1801 1802
1801 1863
1801 1864
1802 1803
1802 1864
1803 1804
1803 1865
1804 1805
1804 1865
1804 1866
1805 1806
1805 1865
1805 1866
1805 1867
1806 1866
1806 1867
1807 1808
1807 1868
1808 1809
1808 1868
1808 1869
1809 1810
1809 1869
1809 1870
1810 1811
1810 1869
1810 1870
1810 1871
1811 1870
1811 1871
1811 1872
1812 1813
1812 1872
1812 1873
1812 1874
1813 1814
1813 1873
1813 1874
1813 1875
1814 1815
1814 1874
1814 1875
1814 1876
1815 1816
1815 1875
1815 1876
1815 1877
1816 1876
1816 1877
1816 1878
1817 1818
1817 1878
1817 1879
1818 1819
1818 1879
1818 1880
1819 1820
1819 1879
1819 1880
1819 1881
1820 1821
1820 1880
1820 1881
1820 1882
1821 1822
1821 1881
1821 1882
1821 1883
1822 1823
1822 1882
1822 1883
1822 1884
1823 1824
1823 1883
1823 1884
1824 1825
1824 1884
1824 1885
1825 1826
1825 1885
1826 1885
1826 1886
1827 1828
1827 1887
1827 1888
1828 1829
1828 1888
1828 1889
1829 1830
1829 1888
1829 1889
1829 1890
1830 1831
1830 1889
1830 1890
1830 1891
1831 1832
1831 1890
1831 1891
1831 1892
1832 1891
1832 1892
1832 1893
1833 1834
1833 1893
1833 1894
1833 1895
1834 1835
1834 1894
1834 1895
1834 1896
1835 1836
1835 1895
1835 1896
1835 1897
1836 1837
1836 1896
1836 1897
1836 1898
1837 1838
1837 1897
1837 1898
1837 1899
1838 1898
1838 1899
1838 1900
1839 1900
1839 1901
1840 1902
1840 1903
1841 1842
1841 1905
1841 1906
1842 1843
1842 1905
1842 1906
1843 1844
1843 1906
1843 1907
1844 1907
1845 1846
1845 1908
1845 1909
1846 1908
1846 1909
1846 1910
1847 1848
1847 1910
1847 1911
1847 1912
1848 1911
1848 1912
1848 1913
1849 1850
1849 1913
1849 1914
1849 1915
1850 1851
1850 1914
1850 1915
1851 1852
1851 1915
1851 1916
1852 1853
1852 1916
1852 1917
1853 1854
1853 1916
1853 1917
1853 1918
1854 1855
1854 1917
1854 1918
1854 1919
1855 1856
1855 1918
1855 1919
1855 1920
1856 1857
1856 1919
1856 1920
1856 1921
1857 1920
1857 1921
1858 1859
1858 1922
1858 1923
1859 1922
1859 1923
1860 1861
1860 1924
1860 1925
1860 1926
1861 1862
1861 1925
1861 1926
1861 1927
1862 1863
1862 1926
1862 1927
1862 1928
1863 1864
1863 1927
1863 1928
1863 1929
1864 1928
1864 1929
1864 1930
1865 1866
1865 1931
1865 1932
1866 1867
1866 1932
1866 1933
1867 1933
1867 1934
1868 1934
1868 1935
1868 1936
1869 1870
1869 1936
1869 1937
1869 1938
1870 1871
1870 1937
1870 1938
1870 1939
1871 1872
1871 1938
1871 1939
1871 1940
1872 1873
1872 1939
1872 1940
1872 1941
1873 1874
1873 1940
1873 1941
1874 1875
1874 1941
1874 1942
1875 1876
1875 1942
1875 1943
1876 1877
1876 1942
1876 1943
1877 1878
1877 1943
1877 1944
1878 1944
1878 1945
1879 1880
1879 1945
1879 1946
1880 1881
1880 1946
1880 1947
1881 1882
1881 1947
1881 1948
1882 1883
1882 1947
1882 1948
1882 1949
1883 1884
1883 1948
1883 1949
1883 1950
1884 1949
1884 1950
1885 1951
1885 1952
1886 1887
1886 1952
1886 1953
1886 1954
1887 1953
1887 1954
1887 1955
1888 1889
1888 1955
1888 1956
1888 1957
1889 1890
1889 1956
1889 1957
1889 1958
1890 1891
1890 1957
1890 1958
1890 1959
1891 1892
1891 1958
1891 1959
1892 1893
1892 1959
1892 1960
1893 1894
1893 1960
1893 1961
1894 1895
1894 1960
1894 1961
1894 1962
1895 1896
1895 1961
1895 1962
1895 1963
1896 1897
1896 1962
1896 1963
1896 1964
1897 1898
1897 1963
1897 1964
1897 1965
1898 1899
1898 1964
1898 1965
1898 1966
1899 1900
1899 1965
1899 1966
1899 1967
1900 1901
1900 1966
1900 1967
1900 1968
1901 1967
1901 1968
1901 1969
1902 1903
1902 1969
1902 1970
1903 1904
1903 1970
1903 1971
1904 1970
1904 1971
1904 1972
1905 1906
1905 1972
1905 1973
1906 1973
1906 1974
1907 1974
1907 1975
1907 1976
1908 1909
1908 1976
1908 1977
1908 1978
1909 1910
1909 1977
1909 1978
1909 1979
1910 1911
1910 1978
1910 1979
1910 1980
1911 1912
1911 1979
1911 1980
1911 1981
1912 1913
1912 1980
1912 1981
1912 1982
1913 1914
1913 1981
1913 1982
1913 1983
1914 1915
1914 1982
1914 1983
1914 1984
1915 1983
1915 1984
1915 1985
1916 1917
1916 1985
1916 1986
1916 1987
1917 1918
1917 1986
1917 1987
1917 1988
1918 1919
1918 1987
1918 1988
1918 1989
1919 1920
1919 1988
1919 1989
1919 1990
1920 1921
1920 1989
1920 1990
1920 1991
1921 1990
1921 1991
1922 1923
1922 1992
1922 1993
1922 1994
1923 1993
1923 1994
1923 1995
1924 1925
1924 1995
1924 1996
1924 1997
1925 1926
1925 1996
1925 1997
1925 1998
1926 1927
1926 1997
1926 1998
1926 1999
1927 1928
1927 1998
1927 1999
1928 1929
1928 1999
1928 2000
1929 1930
1929 2000
1930 1931
1930 2000
1930 2001
1931 1932
1931 2001
1931 2002
1932 2001
1932 2002
1932 2003
1933 1934
1933 2003
1933 2004
1934 1935
1934 2004
1935 1936
1935 2005
1936 1937
1936 2005
1937 1938
1937 2005
1937 2006
1938 1939
1938 2006
1938 2007
1939 1940
1939 2006
1939 2007
1939 2008
1940 1941
1940 2007
1940 2008
1940 2009
1941 2008
1941 2009
1941 2010
1942 1943
1942 2010
1942 2011
1942 2012
1943 2011
1943 2012
1943 2013
1944 1945
1944 2013
1944 2014
1944 2015
1945 1946
1945 2014
1945 2015
1946 2015
1946 2016
1947 1948
1947 2016
1947 2017
1948 1949
1948 2017
1948 2018
1949 1950
1949 2017
1949 2018
1950 2018
1950 2019
1951 1952
1951 2019
1951 2020
1951 2021
1952 1953
1952 2020
1952 2021
1952 2022
1953 1954
1953 2021
1953 2022
1953 2023
1954 1955
1954 2022
1954 2023
1954 2024
1955 1956
1955 2023
1955 2024
1955 2025
1956 1957
1956 2024
1956 2025
1957 1958
1957 2025
1957 2026
1958 1959
1958 2026
1958 2027
1959 2026
1959 2027
1959 2028
1960 1961
1960 2028
1960 2029
1960 2030
1961 1962
1961 2029
1961 2030
1961 2031
1962 1963
1962 2030
1962 2031
1963 1964
1963 2031
1963 2032
1964 1965
1964 2032
1964 2033
1965 1966
1965 2032
1965 2033
1965 2034
1966 1967
1966 2033
1966 2034
1966 2035
1967 1968
1967 2034
1967 2035
1967 2036
1968 1969
1968 2035
1968 2036
1968 2037
1969 2036
1969 2037
1969 2038
1970 1971
1970 2038
1970 2039
1971 1972
1971 2039
1971 2040
1972 1973
1972 2039
1972 2040
1972 2041
1973 2040
1973 2041
1973 2042
1974 1975
1974 2042
1974 2043
1975 1976
1975 2043
1975 2044
1976 1977
1976 2044
1976 2045
1977 1978
1977 2044
1977 2045
1977 2046
1978 1979
1978 2045
1978 2046
1978 2047
1979 1980
1979 2046
1979 2047
1979 2048
1980 1981
1980 2047
1980 2048
1980 2049
1981 1982
1981 2048
1981 2049
1981 2050
1982 1983
1982 2049
1982 2050
1983 1984
1983 2050
1983 2051
1984 1985
1984 2051
1984 2052
1985 1986
1985 2051
1985 2052
1985 2053
1986 1987
1986 2052
1986 2053
1986 2054
1987 1988
1987 2053
1987 2054
1988 1989
1988 2054
1989 1990
1990 1991
1990 2055
1991 2055
1992 1993
1992 2056
1992 2057
1993 1994
1993 2056
1993 2057
1993 2058
1994 1995
1994 2057
1994 2058
1994 2059
1995 1996
1995 2058
1995 2059
1995 2060
1996 1997
1996 2059
1996 2060
1996 2061
1997 1998
1997 2060
1997 2061
1997 2062
1998 1999
1998 2061
1998 2062
1999 2062
1999 2063
2000 2063
2001 2002
2001 2064
2001 2065
2002 2003
2002 2064
2002 2065
2002 2066
2003 2004
2003 2065
2003 2066
2003 2067
2004 2066
2004 2067
2005 2068
2005 2069
2006 2007
2006 2069
2006 2070
2007 2008
2007 2070
2008 2009
2008 2070
2008 2071
2009 2010
2009 2071
2009 2072
2010 2011
2010 2071
2010 2072
2010 2073
2011 2012
2011 2072
2011 2073
2011 2074
2012 2013
2012 2073
2012 2074
2012 2075
2013 2014
2013 2074
2013 2075
2014 2015
2014 2075
2014 2076
2015 2076
2015 2077
2016 2077
2016 2078
2016 2079
2017 2018
2017 2079
2017 2080
2017 2081
2018 2080
2018 2081
2018 2082
2019 2020
2019 2082
2019 2083
2019 2084
2020 2021
2020 2083
2020 2084
2020 2085
2021 2022
2021 2084
2021 2085
2022 2023
2022 2085
2022 2086
2023 2024
2023 2086
2023 2087
2024 2025
2024 2086
2024 2087
2024 2088
2025 2087
2025 2088
2026 2027
2026 2089
2026 2090
2027 2028
2027 2089
2027 2090
2027 2091
2028 2029
2028 2090
2028 2091
2028 2092
2029 2030
2029 2091
2029 2092
2030 2031
2030 2092
2030 2093
2031 2093
2031 2094
2032 2033
2032 2094
2032 2095
2032 2096
2033 2034
2033 2095
2033 2096
2033 2097
2034 2035
2034 2096
2034 2097
2034 2098
2035 2036
2035 2097
2035 2098
2035 2099
2036 2037
2036 2098
2036 2099
2037 2038
2037 2099
2037 2100
2038 2100
2038 2101
2039 2040
2039 2101
2039 2102
2039 2103
2040 2041
2040 2102
2040 2103
2040 2104
2041 2042
2041 2103
2041 2104
2041 2105
2042 2043
2042 2104
2042 2105
2042 2106
2043 2105
2043 2106
2043 2107
2044 2045
2044 2107
2044 2108
2044 2109
2045 2046
2045 2108
2045 2109
2046 2047
2046 2109
2046 2110
2047 2048
2047 2110
2047 2111
2048 2049
2048 2110
2048 2111
2049 2050
2049 2111
2050 2112
2051 2052
2051 2112
2051 2113
2051 2114
2052 2053
2052 2113
2052 2114
2052 2115
2053 2054
2053 2114
2053 2115
2053 2116
2054 2115
2054 2116
2054 2117
2055 2119
2056 2057
2056 2120
2056 2121
2057 2058
2057 2120
2057 2121
2057 2122
2058 2059
2058 2121
2058 2122
2058 2123
2059 2060
2059 2122
2059 2123
2059 2124
2060 2061
2060 2123
2060 2124
2060 2125
2061 2062
2061 2124
2061 2125
2061 2126
2062 2125
2062 2126
2062 2127
2063 2127
2063 2128
2064 2065
2064 2129
2064 2130
2064 2131
2065 2066
2065 2130
2065 2131
2065 2132
2066 2067
2066 2131
2066 2132
2066 2133
2067 2132
2067 2133
2068 2134
2069 2134
2069 2135
2070 2136
2071 2072
2071 2137
2071 2138
2072 2073
2072 2137
2072 2138
2072 2139
2073 2074
2073 2138
2073 2139
2073 2140
2074 2075
2074 2139
2074 2140
2074 2141
2075 2140
2075 2141
2075 2142
2076 2077
2076 2142
2076 2143
2077 2078
2077 2143
2077 2144
2078 2079
2078 2143
2078 2144
2078 2145
2079 2080
2079 2144
2079 2145
2079 2146
2080 2081
2080 2145
2080 2146
2080 2147
2081 2082
2081 2146
2081 2147
2081 2148
2082 2083
2082 2147
2082 2148
2082 2149
2083 2084
2083 2148
2083 2149
2083 2150
2084 2085
2084 2149
2084 2150
2084 2151
2085 2150
2085 2151
2085 2152
2086 2087
2086 2152
2086 2153
2086 2154
2087 2088
2087 2153
2087 2154
2087 2155
2088 2154
2088 2155
2089 2090
2089 2156
2090 2091
2090 2156
2090 2157
2091 2092
2091 2157
2091 2158
2092 2157
2092 2158
2092 2159
2093 2094
2093 2159
2093 2160
2093 2161
2094 2095
2094 2160
2094 2161
2094 2162
2095 2096
2095 2161
2095 2162
2096 2097
2096 2162
2097 2098
2097 2163
2098 2099
2098 2163
2099 2163
2100 2101
2100 2164
2100 2165
2101 2102
2101 2164
2101 2165
2101 2166
2102 2103
2102 2165
2102 2166
2102 2167
2103 2104
2103 2166
2103 2167
2103 2168
2104 2105
2104 2167
2104 2168
2104 2169
2105 2106
2105 2168
2105 2169
2105 2170
2106 2107
2106 2169
2106 2170
2106 2171
2107 2108
2107 2170
2107 2171
2107 2172
2108 2109
2108 2171
2108 2172
2108 2173
2109 2172
2109 2173
2109 2174
2110 2111
2110 2174
2110 2175
2110 2176
2111 2175
2111 2176
2111 2177
2112 2113
2112 2178
2112 2179
2113 2114
2113 2178
2113 2179
2113 2180
2114 2115
2114 2179
2114 2180
2114 2181
2115 2116
2115 2180
2115 2181
2116 2117
2116 2181
2116 2182
2117 2118
2117 2182
2118 2119
2118 2182
2118 2183
2119 2183
2119 2184
2120 2121
2120 2185
2120 2186
2121 2122
2121 2185
2121 2186
2121 2187
2122 2123
2122 2186
2122 2187
2122 2188
2123 2124
2123 2187
2123 2188
2123 2189
2124 2125
2124 2188
2124 2189
2124 2190
2125 2126
2125 2189
2125 2190
2125 2191
2126 2127
2126 2190
2126 2191
2126 2192
2127 2191
2127 2192
2127 2193
2128 2129
2128 2193
2128 2194
2128 2195
2129 2130
2129 2194
2129 2195
2129 2196
2130 2131
2130 2195
2130 2196
2130 2197
2131 2132
2131 2196
2131 2197
2131 2198
2132 2133
2132 2197
2132 2198
2133 2198
2133 2199
2134 2135
2134 2200
2134 2201
2134 2202
2135 2201
2135 2202
2135 2203
2136 2203
2136 2204
2137 2138
2137 2204
2137 2205
2137 2206
2138 2139
2138 2205
2138 2206
2138 2207
2139 2140
2139 2206
2139 2207
2140 2141
2140 2207
2140 2208
2141 2142
2141 2208
2141 2209
2142 2208
2142 2209
2143 2144
2143 2210
2143 2211
2144 2145
2144 2210
2144 2211
2144 2212
2145 2146
2145 2211
2145 2212
2145 2213
2146 2147
2146 2212
2146 2213
2146 2214
2147 2148
2147 2213
2147 2214
2147 2215
2148 2149
2148 2214
2148 2215
2148 2216
2149 2150
2149 2215
2149 2216
2149 2217
2150 2151
2150 2216
2150 2217
2150 2218
2151 2152
2151 2217
2151 2218
2151 2219
2152 2153
2152 2218
2152 2219
2153 2154
2153 2219
2154 2155
2154 2220
2155 2220
2155 2221
2156 2221
2156 2222
2156 2223
2157 2158
2157 2223
2158 2159
2158 2224
2159 2160
2159 2224
2159 2225
2160 2161
2160 2224
2160 2225
2160 2226
2161 2162
2161 2225
2161 2226
2161 2227
2162 2226
2162 2227
2163 2228
2163 2229
2163 2230
2164 2165
2164 2231
2164 2232
2165 2166
2165 2231
2165 2232
2165 2233
2166 2167
2166 2232
2166 2233
2167 2168
2167 2233
2167 2234
2168 2169
2168 2234
2168 2235
2169 2170
2169 2234
2169 2235
2169 2236
2170 2171
2170 2235
2170 2236
2170 2237
2171 2172
2171 2236
2171 2237
2171 2238
2172 2173
2172 2237
2172 2238
2173 2174
2173 2238
2173 2239
2174 2175
2174 2239
2175 2176
2175 2239
2175 2240
2176 2177
2176 2240
2176 2241
2177 2240
2177 2241
2177 2242
2178 2179
2178 2242
2178 2243
2178 2244
2179 2180
2179 2243
2179 2244
2179 2245
2180 2181
2180 2244
2180 2245
2181 2245
2182 2246
2182 2247
2183 2184
2183 2247
2183 2248
2184 2248
2185 2186
2185 2249
2185 2250
2186 2187
2186 2249
2186 2250
2187 2188
2187 2250
2188 2189
2188 2251
2189 2190
2189 2251
2189 2252
2190 2191
2190 2251
2190 2252
2190 2253
2191 2192
2191 2252
2191 2253
2191 2254
2192 2193
2192 2253
2192 2254
2192 2255
2193 2194
2193 2254
2193 2255
2193 2256
2194 2195
2194 2255
2194 2256
2194 2257
2195 2196
2195 2256
2195 2257
2195 2258
2196 2197
2196 2257
2196 2258
2197 2198
2197 2258
2199 2200
2199 2259
2199 2260
2200 2201
2200 2259
2200 2260
2200 2261
2201 2202
2201 2260
2201 2261
2201 2262
2202 2203
2202 2261
2202 2262
2202 2263
2203 2262
2203 2263
2203 2264
2204 2205
2204 2264
2204 2265
2204 2266
2205 2206
2205 2265
2205 2266
2205 2267
2206 2207
2206 2266
2206 2267
2207 2267
2208 2209
2208 2268
2209 2268
2210 2211
2210 2269
2211 2212
2211 2269
2212 2213
2212 2269
2212 2270
2213 2214
2213 2270
2213 2271
2214 2215
2214 2270
2214 2271
2215 2216
2215 2271
2215 2272
2216 2217
2216 2272
2216 2273
2217 2218
2217 2272
2217 2273
2218 2219
2218 2273
2218 2274
2219 2274
2219 2275
2220 2221
2220 2276
2220 2277
2220 2278
2221 2222
2221 2277
2221 2278
2221 2279
2222 2223
2222 2278
2222 2279
2222 2280
2223 2279
2223 2280
2223 2281
2224 2225
2224 2282
2224 2283
2224 2284
2225 2226
2225 2283
2225 2284
2226 2227
2226 2284
2226 2285
2227 2285
2227 2286
2228 2229
2228 2286
2228 2287
2228 2288
2229 2230
2229 2287
2229 2288
2230 2288
2230 2289
2231 2232
2231 2289
2231 2290
2232 2233
2232 2290
2232 2291
2233 2290
2233 2291
2233 2292
2234 2235
2234 2292
2234 2293
2235 2236
2235 2293
2235 2294
2236 2237
2236 2294
2236 2295
2237 2238
2237 2294
2237 2295
2237 2296
2238 2295
2238 2296
2238 2297
2239 2297
2239 2298
2239 2299
2240 2241
2240 2299
2240 2300
2241 2242
2241 2300
2241 2301
2242 2243
2242 2300
2242 2301
2242 2302
2243 2244
2243 2301
2243 2302
2243 2303
2244 2245
2244 2302
2244 2303
2245 2303
2245 2304
2246 2247
2246 2305
2246 2306
2246 2307
2247 2306
2247 2307
2247 2308
2248 2308
2248 2309
2249 2250
2249 2310
2249 2311
2250 2310
2250 2311
2251 2252
2251 2312
2252 2253
2252 2312
2252 2313
2253 2254
2253 2312
2253 2313
2253 2314
2254 2255
2254 2313
2254 2314
2254 2315
2255 2256
2255 2314
2255 2315
2255 2316
2256 2257
2256 2315
2256 2316
2256 2317
2257 2258
2257 2316
2257 2317
2257 2318
2258 2317
2258 2318
2258 2319
2259 2260
2259 2320
2259 2321
2259 2322
2260 2261
2260 2321
2260 2322
2260 2323
2261 2262
2261 2322
2261 2323
2261 2324
2262 2263
2262 2323
2262 2324
2262 2325
2263 2264
2263 2324
2263 2325
2263 2326
2264 2265
2264 2325
2264 2326
2265 2266
2265 2326
2265 2327
2266 2267
2266 2327
2266 2328
2267 2327
2267 2328
2267 2329
2268 2330
2268 2331
2269 2333
2269 2334
2270 2271
2270 2335
2271 2335
2272 2273
2272 2336
2272 2337
2273 2336
2273 2337
2273 2338
2274 2275
2274 2338
2274 2339
2274 2340
2275 2276
2275 2339
2275 2340
2275 2341
2276 2277
2276 2340
2276 2341
2276 2342
2277 2278
2277 2341
2277 2342
2277 2343
2278 2279
2278 2342
2278 2343
2278 2344
2279 2280
2279 2343
2279 2344
2279 2345
2280 2281
2280 2344
2280 2345
2280 2346
2281 2282
2281 2345
2281 2346
2282 2283
2282 2346
2283 2284
2283 2347
2284 2347
2285 2286
2285 2348
2285 2349
2286 2287
2286 2348
2286 2349
2287 2288
2287 2349
2287 2350
2288 2350
2288 2351
2289 2351
2289 2352
2289 2353
2290 2291
2290 2353
2290 2354
2290 2355
2291 2292
2291 2354
2291 2355
2291 2356
2292 2293
2292 2355
2292 2356
2293 2356
2293 2357
2294 2295
2294 2357
2294 2358
2294 2359
2295 2296
2295 2358
2295 2359
2295 2360
2296 2297
2296 2359
2296 2360
2296 2361
2297 2298
2297 2360
2297 2361
2297 2362
2298 2299
2298 2361
2298 2362
2298 2363
2299 2362
2299 2363
2299 2364
2300 2301
2300 2364
2300 2365
2301 2302
2301 2365
2301 2366
2302 2303
2302 2365
2302 2366
2302 2367
2303 2366
2303 2367
2303 2368
2304 2305
2304 2368
2304 2369
2305 2306
2305 2369
2305 2370
2306 2307
2306 2370
2306 2371
2307 2308
2307 2370
2307 2371
2307 2372
2308 2309
2308 2371
2308 2372
2308 2373
2309 2372
2309 2373
2310 2311
2310 2374
2311 2374
2311 2375
2312 2313
2312 2377
2312 2378
2313 2314
2313 2377
2313 2378
2313 2379
2314 2315
2314 2378
2314 2379
2314 2380
2315 2316
2315 2379
2315 2380
2315 2381
2316 2317
2316 2380
2316 2381
2316 2382
2317 2318
2317 2381
2317 2382
2318 2319
2318 2382
2318 2383
2319 2383
2320 2321
2320 2384
2321 2322
2321 2384
2321 2385
2322 2323
2322 2384
2322 2385
2323 2324
2323 2385
2323 2386
2324 2325
2324 2386
2324 2387
2325 2326
2325 2386
2325 2387
2325 2388
2326 2387
2326 2388
2327 2328
2327 2389
2327 2390
2328 2329
2328 2389
2328 2390
2329 2330
2329 2390
2329 2391
2330 2331
2330 2391
2330 2392
2331 2391
2331 2392
2332 2333
2332 2393
2332 2394
2333 2334
2333 2393
2333 2394
2333 2395
2334 2394
2334 2395
2335 2396
2336 2337
2336 2397
2337 2338
2337 2397
2338 2339
2339 2340
2339 2398
2340 2341
2340 2398
2340 2399
2341 2342
2341 2398
2341 2399
2341 2400
2342 2343
2342 2399
2342 2400
2342 2401
2343 2344
2343 2400
2343 2401
2344 2345
2344 2401
2344 2402
2345 2346
2345 2402
2346 2402
2346 2403
2347 2404
2347 2405
2348 2349
2348 2405
2348 2406
2348 2407
2349 2406
2349 2407
2349 2408
2350 2351
2350 2408
2350 2409
2351 2352
2351 2409
2351 2410
2352 2353
2352 2410
2352 2411
2353 2354
2353 2410
2353 2411
2354 2355
2354 2411
2354 2412
2355 2356
2355 2412
2355 2413
2356 2412
2356 2413
2356 2414
2357 2358
2357 2414
2357 2415
2357 2416
2358 2359
2358 2415
2358 2416
2358 2417
2359 2360
2359 2416
2359 2417
2359 2418
2360 2361
2360 2417
2360 2418
2361 2362
2361 2418
2362 2363
2362 2419
2363 2364
2363 2419
2363 2420
2364 2419
2364 2420
2364 2421
2365 2366
2365 2421
2365 2422
2365 2423
2366 2367
2366 2422
2366 2423
2366 2424
2367 2368
2367 2423
2367 2424
2367 2425
2368 2369
2368 2424
2368 2425
2368 2426
2369 2425
2369 2426
2369 2427
2370 2371
2370 2427
2370 2428
2370 2429
2371 2372
2371 2428
2371 2429
2371 2430
2372 2373
2372 2429
2372 2430
2372 2431
2373 2430
2373 2431
2374 2432
2374 2433
2375 2376
2375 2433
2375 2434
2375 2435
2376 2434
2376 2435
2376 2436
2377 2378
2377 2436
2377 2437
2378 2379
2378 2437
2379 2380
2379 2438
2380 2381
2380 2438
2380 2439
2381 2382
2381 2438
2381 2439
2381 2440
2382 2439
2382 2440
2383 2441
2383 2442
2384 2385
2384 2443
2384 2444
2384 2445
2385 2444
2385 2445
2385 2446
2386 2387
2386 2446
2386 2447
2386 2448
2387 2388
2387 2447
2387 2448
2387 2449
2388 2448
2388 2449
2388 2450
2389 2390
2389 2450
2389 2451
2389 2452
2390 2451
2390 2452
2391 2392
2391 2453
2392 2453
2392 2454
2393 2394
2393 2454
2393 2455
2394 2395
2394 2455
2396 2456
2397 2457
2397 2458
2397 2459
2398 2399
2398 2461
2398 2462
2398 2463
2399 2400
2399 2462
2399 2463
2399 2464
2400 2401
2400 2463
2400 2464
2400 2465
2401 2464
2401 2465
2401 2466
2402 2466
2402 2467
2402 2468
2403 2404
2403 2468
2403 2469
2404 2469
2404 2470
2405 2406
2405 2470
2405 2471
2405 2472
2406 2407
2406 2471
2406 2472
2407 2408
2407 2472
2407 2473
2408 2409
2408 2473
2408 2474
2409 2473
2409 2474
2409 2475
2410 2411
2410 2475
2410 2476
2410 2477
2411 2476
2411 2477
2411 2478
2412 2413
2412 2478
2412 2479
2412 2480
2413 2414
2413 2479
2413 2480
2414 2415
2414 2480
2415 2416
2415 2481
2416 2417
2416 2481
2416 2482
2417 2418
2417 2481
2417 2482
2417 2483
2418 2482
2418 2483
2418 2484
2419 2420
2419 2485
2419 2486
2419 2487
2420 2421
2420 2486
2420 2487
2420 2488
2421 2422
2421 2487
2421 2488
2421 2489
2422 2423
2422 2488
2422 2489
2422 2490
2423 2424
2423 2489
2423 2490
2423 2491
2424 2425
2424 2490
2424 2491
2425 2426
2425 2491
2425 2492
2426 2427
2426 2492
2426 2493
2427 2428
2427 2492
2427 2493
2427 2494
2428 2429
2428 2493
2428 2494
2428 2495
2429 2430
2429 2494
2429 2495
2429 2496
2430 2431
2430 2495
2430 2496
2430 2497
2431 2496
2431 2497
2432 2433
2432 2498
2432 2499
2433 2434
2433 2498
2433 2499
2433 2500
2434 2435
2434 2499
2434 2500
2434 2501
2435 2436
2435 2500
2435 2501
2435 2502
2436 2437
2436 2501
2436 2502
2437 2502
2437 2503
2438 2439
2438 2504
2438 2505
2439 2440
2439 2505
2439 2506
2440 2505
2440 2506
2441 2442
2441 2507
2441 2508
2442 2443
2442 2507
2442 2508
2442 2509
2443 2444
2443 2508
2443 2509
2444 2445
2444 2509
2444 2510
2445 2446
2445 2510
2446 2447
2446 2510
2447 2448
2447 2511
2448 2449
2448 2511
2448 2512
2449 2450
2449 2511
2449 2512
2450 2451
2450 2512
2450 2513
2451 2452
2451 2513
2452 2513
2452 2514
2453 2454
2453 2515
2453 2516
2453 2517
2454 2455
2454 2516
2454 2517
2454 2518
2455 2517
2455 2518
2455 2519
2456 2457
2456 2522
2456 2523
2457 2458
2457 2523
2457 2524
2458 2459
2458 2523
2458 2524
2458 2525
2459 2460
2459 2524
2459 2525
2460 2461
2460 2525
2460 2526
2461 2462
2461 2526
2461 2527
2462 2463
2462 2526
2462 2527
2462 2528
2463 2464
2463 2527
2463 2528
2463 2529
2464 2465
2464 2528
2464 2529
2464 2530
2465 2466
2465 2529
2465 2530
2465 2531
2466 2467
2466 2530
2466 2531
2466 2532
2467 2468
2467 2531
2467 2532
2467 2533
2468 2532
2468 2533
2468 2534
2469 2470
2469 2534
2469 2535
2469 2536
2470 2471
2470 2535
2470 2536
2470 2537
2471 2472
2471 2536
2471 2537
2471 2538
2472 2537
2472 2538
2472 2539
2473 2474
2473 2539
2473 2540
2473 2541
2474 2475
2474 2540
2474 2541
2474 2542
2475 2476
2475 2541
2475 2542
2475 2543
2476 2477
2476 2542
2476 2543
2477 2478
2477 2543
2477 2544
2478 2479
2478 2544
2478 2545
2479 2480
2479 2544
2479 2545
2479 2546
2480 2545
2480 2546
2481 2482
2481 2547
2481 2548
2482 2483
2482 2547
2482 2548
2482 2549
2483 2484
2483 2548
2483 2549
2484 2485
2484 2549
2484 2550
2485 2486
2485 2550
2485 2551
2486 2487
2486 2550
2486 2551
2486 2552
2487 2488
2487 2551
2487 2552
2488 2489
2488 2552
2488 2553
2489 2490
2489 2553
2489 2554
2490 2491
2490 2553
2490 2554
2491 2554
2491 2555
2492 2493
2492 2555
2492 2556
2493 2494
2493 2556
2493 2557
2494 2495
2494 2557
2494 2558
2495 2496
2495 2557
2495 2558
2495 2559
2496 2497
2496 2558
2496 2559
2496 2560
2497 2559
2497 2560
2498 2499
2498 2561
2498 2562
2499 2500
2499 2561
2499 2562
2500 2501
2500 2562
2501 2502
2501 2563
2502 2563
2503 2504
2503 2564
2503 2565
2504 2564
2504 2565
2504 2566
2505 2506
2505 2566
2505 2567
2505 2568
2506 2567
2506 2568
2506 2569
2507 2508
2507 2569
2507 2570
2508 2509
2508 2570
2508 2571
2509 2571
2509 2572
2510 2572
2510 2573
2510 2574
2511 2512
2511 2575
2512 2575
2512 2576
2513 2576
2513 2577
2513 2578
2514 2515
2514 2578
2514 2579
2514 2580
2515 2516
2515 2579
2515 2580
2515 2581
2516 2517
2516 2580
2516 2581
2517 2518
2517 2581
2517 2582
2518 2519
2518 2582
2518 2583
2519 2520
2519 2582
2519 2583
2520 2521
2520 2583
2520 2584
2521 2522
2521 2584
2521 2585
2522 2584
2522 2585
2522 2586
2523 2524
2523 2586
2523 2587
2524 2525
2524 2587
2524 2588
2525 2587
2525 2588
2525 2589
2526 2527
2526 2589
2526 2590
2526 2591
2527 2528
2527 2590
2527 2591
2527 2592
2528 2529
2528 2591
2528 2592
2528 2593
2529 2530
2529 2592
2529 2593
2529 2594
2530 2531
2530 2593
2530 2594
2530 2595
2531 2532
2531 2594
2531 2595
2532 2533
2532 2595
2532 2596
2533 2534
2533 2596
2533 2597
2534 2535
2534 2596
2534 2597
2535 2536
2535 2597
2535 2598
2536 2537
2536 2598
2537 2538
2537 2598
2538 2539
2538 2599
2539 2540
2539 2599
2539 2600
2540 2541
2540 2599
2540 2600
2540 2601
2541 2542
2541 2600
2541 2601
2541 2602
2542 2543
2542 2601
2542 2602
2542 2603
2543 2602
2543 2603
2544 2545
2544 2604
2544 2605
2545 2546
2545 2604
2545 2605
2545 2606
2546 2605
2546 2606
2546 2607
2547 2548
2547 2608
2547 2609
2548 2549
2548 2608
2548 2609
2549 2609
2549 2610
2550 2551
2550 2610
2550 2611
2550 2612
2551 2552
2551 2611
2551 2612
2551 2613
2552 2612
2552 2613
2552 2614
2553 2554
2553 2614
2553 2615
2553 2616
2554 2615
2554 2616
2554 2617
2555 2556
2555 2617
2555 2618
2555 2619
2556 2618
2556 2619
2556 2620
2557 2558
2557 2620
2557 2621
2558 2559
2558 2621
2559 2560
2559 2622
2560 2622
2561 2562
2561 2623
2561 2624
2562 2623
2562 2624
2562 2625
2563 2626
2563 2627
2563 2628
2564 2565
2564 2628
2564 2629
2564 2630
2565 2566
2565 2629
2565 2630
2566 2567
2566 2630
2567 2568
2567 2631
2568 2569
2568 2631
2568 2632
2569 2570
2569 2631
2569 2632
2569 2633
2570 2632
2570 2633
2570 2634
2571 2572
2571 2634
2571 2635
2571 2636
2572 2573
2572 2635
2572 2636
2573 2574
2573 2636
2573 2637
2574 2637
2574 2638
2575 2576
2575 2639
2575 2640
2576 2577
2576 2639
2576 2640
2576 2641
2577 2578
2577 2640
2577 2641
2577 2642
2578 2579
2578 2641
2578 2642
2578 2643
2579 2580
2579 2642
2579 2643
2579 2644
2580 2581
2580 2643
2580 2644
2581 2644
2581 2645
2582 2583
2582 2645
2582 2646
2582 2647
2583 2646
2583 2647
2583 2648
2584 2585
2584 2648
2584 2649
2584 2650
2585 2586
2585 2649
2585 2650
2585 2651
2586 2650
2586 2651
2587 2588
2587 2652
2587 2653
2588 2589
2588 2652
2588 2653
2588 2654
2589 2590
2589 2653
2589 2654
2589 2655
2590 2591
2590 2654
2590 2655
2590 2656
2591 2592
2591 2655
2591 2656
2592 2593
2592 2656
2592 2657
2593 2594
2593 2657
2593 2658
2594 2595
2594 2657
2594 2658
2594 2659
2595 2658
2595 2659
2596 2597
2596 2660
2596 2661
2597 2660
2597 2661
2597 2662
2598 2662
2598 2663
2598 2664
2599 2600
2599 2665
2599 2666
2600 2601
2600 2666
2600 2667
2601 2602
2601 2667
2601 2668
2602 2603
2602 2667
2602 2668
2602 2669
2603 2668
2603 2669
2603 2670
2604 2605
2604 2670
2604 2671
2605 2606
2605 2671
2605 2672
2606 2607
2606 2672
2607 2672
2607 2673
2608 2609
2608 2673
2608 2674
2609 2674
2609 2675
2610 2611
2610 2675
2610 2676
2611 2612
2611 2676
2612 2613
2612 2677
2613 2614
2613 2677
2614 2615
2614 2677
2614 2678
2615 2616
2615 2678
2615 2679
2616 2617
2616 2678
2616 2679
2616 2680
2617 2618
2617 2679
2617 2680
2617 2681
2618 2619
2618 2680
2618 2681
2618 2682
2619 2620
2619 2681
2619 2682
2620 2621
2620 2682
2620 2683
2621 2683
2622 2684
2623 2624
2623 2685
2623 2686
2624 2625
2624 2685
2624 2686
2624 2687
2625 2626
2625 2686
2625 2687
2625 2688
2626 2627
2626 2687
2626 2688
2626 2689
2627 2628
2627 2688
2627 2689
2627 2690
2628 2629
2628 2689
2628 2690
2629 2630
2629 2690
2630 2691
2631 2632
2631 2692
2632 2633
2633 2634
2633 2693
2634 2635
2634 2693
2634 2694
2635 2636
2635 2693
2635 2694
2635 2695
2636 2694
2636 2695
2636 2696
2637 2638
2637 2696
2637 2697
2637 2698
2638 2697
2638 2698
2638 2699
2639 2640
2639 2699
2639 2700
2640 2641
2640 2700
2641 2642
2641 2701
2642 2643
2642 2701
2642 2702
2643 2644
2643 2701
2643 2702
2643 2703
2644 2702
2644 2703
2644 2704
2645 2646
2645 2704
2645 2705
2645 2706
2646 2647
2646 2705
2646 2706
2646 2707
2647 2648
2647 2706
2647 2707
2647 2708
2648 2649
2648 2707
2648 2708
2648 2709
2649 2650
2649 2708
2649 2709
2649 2710
2650 2651
2650 2709
2650 2710
2650 2711
2651 2710
2651 2711
2652 2653
2652 2712
2653 2654
2653 2712
2653 2713
2654 2655
2654 2712
2654 2713
2654 2714
2655 2656
2655 2713
2655 2714
2655 2715
2656 2714
2656 2715
2656 2716
2657 2658
2657 2716
2657 2717
2657 2718
2658 2659
2658 2717
2658 2718
2658 2719
2659 2718
2659 2719
2659 2720
2660 2661
2660 2720
2660 2721
2660 2722
2661 2662
2661 2721
2661 2722
2661 2723
2662 2663
2662 2722
2662 2723
2662 2724
2663 2664
2663 2723
2663 2724
2663 2725
2664 2665
2664 2724
2664 2725
2664 2726
2665 2666
2665 2725
2665 2726
2665 2727
2666 2726
2666 2727
2666 2728
2667 2668
2667 2728
2667 2729
2667 2730
2668 2669
2668 2729
2668 2730
2668 2731
2669 2670
2669 2730
2669 2731
2670 2671
2670 2731
2670 2732
2671 2732
2671 2733
2672 2733
2672 2734
2673 2734
2673 2735
2674 2675
2674 2735
2674 2736
2675 2676
2675 2736
2675 2737
2676 2737
2676 2738
2677 2739
2677 2740
2677 2741
2678 2679
2678 2741
2678 2742
2678 2743
2679 2680
2679 2742
2679 2743
2679 2744
2680 2681
2680 2743
2680 2744
2680 2745
2681 2682
2681 2744
2681 2745
2682 2745
2684 2746
2685 2686
2685 2747
2685 2748
2686 2687
2686 2747
2686 2748
2686 2749
2687 2688
2687 2748
2687 2749
2688 2689
2688 2749
2688 2750
2689 2690
2689 2750
2690 2750
2690 2751
2691 2692
2691 2752
2691 2753
2692 2753
2693 2694
2693 2755
2693 2756
2693 2757
2694 2695
2694 2756
2694 2757
2694 2758
2695 2696
2695 2757
2695 2758
2695 2759
2696 2697
2696 2758
2696 2759
2696 2760
2697 2698
2697 2759
2697 2760
2697 2761
2698 2699
2698 2760
2698 2761
2698 2762
2699 2700
2699 2761
2699 2762
2699 2763
2700 2762
2700 2763
2700 2764
2701 2702
2701 2765
2701 2766
2701 2767
2702 2703
2702 2766
2702 2767
2702 2768
2703 2704
2703 2767
2703 2768
2703 2769
2704 2705
2704 2768
2704 2769
2705 2706
2705 2769
2705 2770
2706 2707
2706 2770
2706 2771
2707 2708
2707 2770
2707 2771
2707 2772
2708 2709
2708 2771
2708 2772
2709 2710
2709 2772
2709 2773
2710 2711
2710 2773
2711 2773
2711 2774
2712 2713
2712 2775
2712 2776
2713 2714
2713 2775
2713 2776
2713 2777
2714 2715
2714 2776
2714 2777
2714 2778
2715 2716
2715 2777
2715 2778
2715 2779
2716 2717
2716 2778
2716 2779
2716 2780
2717 2718
2717 2779
2717 2780
2717 2781
2718 2719
2718 2780
2718 2781
2718 2782
2719 2720
2719 2781
2719 2782
2720 2721
2720 2782
2721 2722
2721 2783
2722 2723
2722 2783
2722 2784
2723 2724
2723 2783
2723 2784
2723 2785
2724 2725
2724 2784
2724 2785
2724 2786
2725 2726
2725 2785
2725 2786
2725 2787
2726 2727
2726 2786
2726 2787
2727 2728
2727 2787
2727 2788
2728 2729
2728 2788
2728 2789
2729 2730
2729 2788
2729 2789
2729 2790
2730 2731
2730 2789
2730 2790
2730 2791
2731 2790
2731 2791
2731 2792
2732 2733
2732 2792
2732 2793
2732 2794
2733 2793
2733 2794
2733 2795
2734 2795
2734 2796
2735 2736
2735 2796
2735 2797
2735 2798
2736 2797
2736 2798
2736 2799
2737 2738
2737 2799
2737 2800
2737 2801
2738 2739
2738 2800
2738 2801
2738 2802
2739 2740
2739 2801
2739 2802
2740 2741
2740 2802
2741 2742
2741 2803
2742 2743
2742 2803
2743 2744
2743 2803
2744 2745
2745 2804
2746 2807
2746 2808
2747 2748
2747 2809
2747 2810
2748 2749
2748 2809
2748 2810
2748 2811
2749 2810
2749 2811
2749 2812
2750 2812
2750 2813
2751 2752
2751 2814
2751 2815
2752 2753
2752 2814
2752 2815
2752 2816
2753 2815
2753 2816
2753 2817
2754 2755
2754 2818
2754 2819
2754 2820
2755 2756
2755 2819
2755 2820
2756 2757
2756 2820
2756 2821
2757 2758
2757 2821
2757 2822
2758 2759
2758 2821
2758 2822
2758 2823
2759 2760
2759 2822
2759 2823
2759 2824
2760 2761
2760 2823
2760 2824
2761 2762
2761 2824
2761 2825
2762 2763
2762 2825
2763 2764
2763 2825
2764 2765
2764 2826
2765 2766
2765 2826
2765 2827
2766 2767
2766 2826
2766 2827
2766 2828
2767 2768
2767 2827
2767 2828
2767 2829
2768 2769
2768 2828
2768 2829
2768 2830
2769 2829
2769 2830
2769 2831
2770 2771
2770 2831
2770 2832
2771 2772
2771 2832
2771 2833
2772 2832
2772 2833
2772 2834
2773 2834
2773 2835
2773 2836
2774 2836
2774 2837
2775 2776
2775 2837
2775 2838
2776 2777
2776 2838
2776 2839
2777 2778
2777 2839
2777 2840
2778 2779
2778 2839
2778 2840
2779 2780
2779 2840
2779 2841
2780 2781
2780 2841
2780 2842
2781 2782
2781 2841
2781 2842
2781 2843
2782 2842
2782 2843
2782 2844
2783 2784
2783 2845
2783 2846
2783 2847
2784 2785
2784 2846
2784 2847
2784 2848
2785 2786
2785 2847
2785 2848
2785 2849
2786 2787
2786 2848
2786 2849
2787 2849
2787 2850
2788 2789
2788 2850
2788 2851
2789 2790
2789 2851
2789 2852
2790 2791
2790 2852
2790 2853
2791 2792
2791 2852
2791 2853
2791 2854
2792 2793
2792 2853
2792 2854
2792 2855
2793 2794
2793 2854
2793 2855
2793 2856
2794 2795
2794 2855
2794 2856
2794 2857
2795 2856
2795 2857
2795 2858
2796 2797
2796 2858
2796 2859
2796 2860
2797 2798
2797 2859
2797 2860
2797 2861
2798 2799
2798 2860
2798 2861
2798 2862
2799 2800
2799 2861
2799 2862
2799 2863
2800 2801
2800 2862
2800 2863
2800 2864
2801 2802
2801 2863
2801 2864
2801 2865
2802 2864
2802 2865
2803 2866
2803 2867
2804 2805
2804 2869
2804 2870
2805 2806
2805 2870
2805 2871
2806 2807
2806 2871
2806 2872
2807 2871
2807 2872
2807 2873
2808 2873
2808 2874
2809 2810
2809 2875
2809 2876
2810 2811
2810 2875
2810 2876
2810 2877
2811 2812
2811 2876
2811 2877
2811 2878
2812 2813
2812 2877
2812 2878
2812 2879
2813 2878
2813 2879
2813 2880
2814 2815
2814 2880
2814 2881
2815 2816
2815 2881
2815 2882
2816 2817
2816 2881
2816 2882
2816 2883
2817 2818
2817 2882
2817 2883
2817 2884
2818 2819
2818 2883
2818 2884
2818 2885
2819 2820
2819 2884
2819 2885
2819 2886
2820 2885
2820 2886
2820 2887
2821 2822
2821 2887
2821 2888
2822 2823
2822 2888
2822 2889
2823 2824
2823 2889
2823 2890
2824 2889
2824 2890
2824 2891
2825 2891
2825 2892
2826 2827
2826 2893
2826 2894
2827 2828
2827 2894
2827 2895
2828 2829
2828 2895
2829 2830
2829 2895
2829 2896
2830 2831
2830 2896
2830 2897
2831 2896
2831 2897
2831 2898
2832 2833
2832 2898
2832 2899
2832 2900
2833 2834
2833 2899
2833 2900
2833 2901
2834 2835
2834 2900
2834 2901
2835 2836
2835 2901
2835 2902
2836 2902
2836 2903
2837 2838
2837 2903
2837 2904
2837 2905
2838 2904
2838 2905
2838 2906
2839 2840
2839 2906
2839 2907
2839 2908
2840 2907
2840 2908
2840 2909
2841 2842
2841 2909
2841 2910
2841 2911
2842 2843
2842 2910
2842 2911
2842 2912
2843 2844
2843 2911
2843 2912
2843 2913
2844 2845
2844 2912
2844 2913
2844 2914
2845 2846
2845 2913
2845 2914
2845 2915
2846 2847
2846 2914
2846 2915
2846 2916
2847 2848
2847 2915
2847 2916
2847 2917
2848 2849
2848 2916
2848 2917
2848 2918
2849 2917
2849 2918
2849 2919
2850 2851
2850 2919
2850 2920
2850 2921
2851 2920
2851 2921
2851 2922
2852 2853
2852 2922
2852 2923
2852 2924
2853 2854
2853 2923
2853 2924
2853 2925
2854 2855
2854 2924
2854 2925
2854 2926
2855 2856
2855 2925
2855 2926
2855 2927
2856 2857
2856 2926
2856 2927
2856 2928
2857 2858
2857 2927
2857 2928
2857 2929
2858 2859
2858 2928
2858 2929
2858 2930
2859 2860
2859 2929
2859 2930
2859 2931
2860 2861
2860 2930
2860 2931
2860 2932
2861 2862
2861 2931
2861 2932
2862 2863
2862 2932
2863 2864
2863 2933
2864 2865
2864 2933
2864 2934
2865 2933
2865 2934
2865 2935
2866 2935
2866 2936
2866 2937
2867 2868
2867 2937
2867 2938
2868 2869
2868 2938
2869 2870
2870 2939
2871 2872
2871 2939
2871 2940
2871 2941
2872 2873
2872 2940
2872 2941
2872 2942
2873 2874
2873 2941
2873 2942
2873 2943
2874 2942
2874 2943
2875 2876
2875 2944
2875 2945
2876 2877
2876 2944
2876 2945
2876 2946
2877 2878
2877 2945
2877 2946
2877 2947
2878 2879
2878 2946
2878 2947
2878 2948
2879 2880
2879 2947
2879 2948
2880 2948
2881 2882
2881 2949
2881 2950
2882 2883
2882 2949
2882 2950
2882 2951
2883 2884
2883 2950
2883 2951
2883 2952
2884 2885
2884 2951
2884 2952
2884 2953
2885 2886
2885 2952
2885 2953
2886 2887
2886 2953
2887 2888
2887 2954
2888 2954
2888 2955
2889 2890
2889 2955
2889 2956
2889 2957
2890 2891
2890 2956
2890 2957
2890 2958
2891 2892
2891 2957
2891 2958
2891 2959
2892 2958
2892 2959
2892 2960
2893 2894
2893 2960
2893 2961
2893 2962
2894 2961
2894 2962
2894 2963
2895 2963
2895 2964
2896 2897
2896 2964
2896 2965
2896 2966
2897 2898
2897 2965
2897 2966
2897 2967
2898 2899
2898 2966
2898 2967
2898 2968
2899 2900
2899 2967
2899 2968
2899 2969
2900 2901
2900 2968
2900 2969
2901 2969
2901 2970
2902 2903
2902 2970
2902 2971
2902 2972
2903 2904
2903 2971
2903 2972
2903 2973
2904 2905
2904 2972
2904 2973
2904 2974
2905 2906
2905 2973
2905 2974
2905 2975
2906 2907
2906 2974
2906 2975
2907 2908
2907 2975
2907 2976
2908 2909
2908 2976
2908 2977
2909 2910
2909 2976
2909 2977
2909 2978
2910 2911
2910 2977
2910 2978
2910 2979
2911 2912
2911 2978
2911 2979
2912 2913
2912 2979
2913 2914
2913 2980
2914 2915
2914 2980
2914 2981
2915 2916
2915 2980
2915 2981
2915 2982
2916 2917
2916 2981
2916 2982
2916 2983
2917 2918
2917 2982
2917 2983
2918 2919
2918 2983
2918 2984
2919 2920
2919 2984
2920 2921
2920 2984
2920 2985
2921 2922
2921 2985
2922 2923
2922 2985
2922 2986
2923 2924
2923 2986
2923 2987
2924 2925
2924 2986
2924 2987
2924 2988
2925 2926
2925 2987
2925 2988
2925 2989
2926 2927
2926 2988
2926 2989
2926 2990
2927 2928
2927 2989
2927 2990
2927 2991
2928 2929
2928 2990
2928 2991
2928 2992
2929 2930
2929 2991
2929 2992
2929 2993
2930 2931
2930 2992
2930 2993
2930 2994
2931 2932
2931 2993
2931 2994
2931 2995
2932 2994
2932 2995
2932 2996
2933 2934
2933 2997
2933 2998
2933 2999
2934 2935
2934 2998
2934 2999
2934 3000
2935 2936
2935 2999
2935 3000
2935 3001
2936 2937
2936 3000
2936 3001
2936 3002
2937 2938
2937 3001
2937 3002
2937 3003
2938 3002
2938 3003
2938 3004
2939 2940
2939 3005
2939 3006
2940 2941
2940 3006
2940 3007
2941 2942
2941 3007
2941 3008
2942 2943
2942 3007
2942 3008
2942 3009
2943 3008
2943 3009
2944 2945
2944 3010
2945 2946
2945 3010
2946 2947
2946 3010
2946 3011
2947 2948
2947 3011
2947 3012
2948 3011
2948 3012
2948 3013
2949 2950
2949 3014
2949 3015
2949 3016
2950 2951
2950 3015
2950 3016
2950 3017
2951 2952
2951 3016
2951 3017
2951 3018
2952 2953
2952 3017
2952 3018
2952 3019
2953 3018
2953 3019
2953 3020
2954 2955
2954 3021
2954 3022
2954 3023
2955 2956
2955 3022
2955 3023
2956 2957
2956 3023
2956 3024
2957 2958
2957 3024
2957 3025
2958 2959
2958 3024
2958 3025
2958 3026
2959 2960
2959 3025
2959 3026
2959 3027
2960 2961
2960 3026
2960 3027
2960 3028
2961 2962
2961 3027
2961 3028
2962 2963
2962 3028
2962 3029
2963 3029
2963 3030
2964 2965
2964 3030
2964 3031
2965 2966
2965 3031
2965 3032
2966 2967
2966 3031
2966 3032
2966 3033
2967 2968
2967 3032
2967 3033
2967 3034
2968 2969
2968 3033
2968 3034
2968 3035
2969 3034
2969 3035
2969 3036
2970 2971
2970 3036
2970 3037
2970 3038
2971 2972
2971 3037
2971 3038
2971 3039
2972 2973
2972 3038
2972 3039
2972 3040
2973 2974
2973 3039
2973 3040
2973 3041
2974 2975
2974 3040
2974 3041
2974 3042
2975 3041
2975 3042
2975 3043
2976 2977
2976 3043
2976 3044
2977 2978
2977 3044
2977 3045
2978 2979
2978 3044
2978 3045
2979 3045
2979 3046
2980 2981
2980 3047
2980 3048
2981 2982
2981 3047
2981 3048
2982 2983
2982 3048
2983 3049
2984 3049
2984 3050
2984 3051
2985 3051
2985 3052
2986 2987
2986 3052
2986 3053
2986 3054
2987 2988
2987 3053
2987 3054
2987 3055
2988 2989
2988 3054
2988 3055
2988 3056
2989 2990
2989 3055
2989 3056
2990 2991
2990 3056
2990 3057
2991 2992
2991 3057
2991 3058
2992 2993
2992 3057
2992 3058
2992 3059
2993 2994
2993 3058
2993 3059
2993 3060
2994 2995
2994 3059
2994 3060
2994 3061
2995 2996
2995 3060
2995 3061
2995 3062
2996 2997
2996 3061
2996 3062
2996 3063
2997 2998
2997 3062
2997 3063
2997 3064
2998 2999
2998 3063
2998 3064
2998 3065
2999 3000
2999 3064
2999 3065
2999 3066
3000 3001
3000 3065
3000 3066
3000 3067
3001 3002
3001 3066
3001 3067
3001 3068
3002 3003
3002 3067
3002 3068
3003 3004
3003 3068
3004 3069
3005 3006
3005 3069
3005 3070
3006 3070
3006 3071
3007 3008
3007 3071
3007 3072
3007 3073
3008 3009
3008 3072
3008 3073
3008 3074
3009 3073
3009 3074
3010 3075
3010 3076
3010 3077
3011 3012
3011 3077
3011 3078
3011 3079
3012 3013
3012 3078
3012 3079
3012 3080
3013 3014
3013 3079
3013 3080
3014 3015
3014 3080
3014 3081
3015 3016
3015 3081
3015 3082
3016 3017
3016 3081
3016 3082
3016 3083
3017 3018
3017 3082
3017 3083
3017 3084
3018 3019
3018 3083
3018 3084
3018 3085
3019 3020
3019 3084
3019 3085
3019 3086
3020 3021
3020 3085
3020 3086
3021 3022
3021 3086
3021 3087
3022 3023
3022 3087
3022 3088
3023 3087
3023 3088
3024 3025
3024 3089
3024 3090
3025 3026
3025 3089
3025 3090
3025 3091
3026 3027
3026 3090
3026 3091
3027 3028
3027 3091
3027 3092
3028 3092
3028 3093
3029 3030
3029 3093
3029 3094
3029 3095
3030 3094
3030 3095
3030 3096
3031 3032
3031 3096
3031 3097
3031 3098
3032 3033
3032 3097
3032 3098
3033 3034
3033 3098
3033 3099
3034 3035
3034 3099
3035 3036
3035 3099
3035 3100
3036 3037
3036 3100
3036 3101
3037 3038
3037 3100
3037 3101
3037 3102
3038 3039
3038 3101
3038 3102
3038 3103
3039 3040
3039 3102
3039 3103
3039 3104
3040 3041
3040 3103
3040 3104
3040 3105
3041 3042
3041 3104
3041 3105
3041 3106
3042 3043
3042 3105
3042 3106
3042 3107
3043 3106
3043 3107
3043 3108
3044 3045
3044 3108
3045 3109
3046 3109
3046 3110
3046 3111
3047 3048
3047 3111
3047 3112
3048 3112
3048 3113
3049 3050
3049 3114
3049 3115
3049 3116
3050 3051
3050 3115
3050 3116
3050 3117
3051 3116
3051 3117
3051 3118
3052 3053
3052 3118
3052 3119
3053 3054
3053 3119
3053 3120
3054 3055
3054 3120
3054 3121
3055 3056
3055 3120
3055 3121
3055 3122
3056 3121
3056 3122
3056 3123
3057 3058
3057 3123
3057 3124
3057 3125
3058 3059
3058 3124
3058 3125
3058 3126
3059 3060
3059 3125
3059 3126
3059 3127
3060 3061
3060 3126
3060 3127
3061 3062
3061 3127
3061 3128
3062 3063
3062 3128
3062 3129
3063 3064
3063 3128
3063 3129
3063 3130
3064 3065
3064 3129
3064 3130
3064 3131
3065 3066
3065 3130
3065 3131
3065 3132
3066 3067
3066 3131
3066 3132
3067 3068
3067 3132
3067 3133
3068 3133
3068 3134
3069 3135
3069 3136
3069 3137
3070 3071
3070 3137
3070 3138
3070 3139
3071 3072
3071 3138
3071 3139
3071 3140
3072 3073
3072 3139
3072 3140
3072 3141
3073 3074
3073 3140
3073 3141
3074 3141
3075 3076
3075 3142
3075 3143
3076 3077
3076 3142
3076 3143
3077 3078
3077 3143
3077 3144
3078 3079
3078 3144
3078 3145
3079 3080
3079 3144
3079 3145
3079 3146
3080 3145
3080 3146
3080 3147
3081 3082
3081 3147
3081 3148
3081 3149
3082 3083
3082 3148
3082 3149
3082 3150
3083 3084
3083 3149
3083 3150
3083 3151
3084 3085
3084 3150
3084 3151
3085 3086
3085 3151
3085 3152
3086 3152
3086 3153
3087 3088
3087 3153
3087 3154
3088 3154
3089 3090
3089 3155
3089 3156
3090 3091
3090 3155
3090 3156
3090 3157
3091 3156
3091 3157
3091 3158
3092 3093
3092 3158
3092 3159
3093 3094
3093 3159
3093 3160
3094 3095
3094 3160
3095 3096
3095 3160
3096 3097
3097 3098
3097 3161
3098 3161
3099 3162
3099 3163
3100 3101
3100 3163
3100 3164
3100 3165
3101 3102
3101 3164
3101 3165
3101 3166
3102 3103
3102 3165
3102 3166
3103 3104
3103 3166
3103 3167
3104 3105
3104 3167
3104 3168
3105 3106
3105 3167
3105 3168
3106 3107
3106 3168
3107 3108
3107 3169
3108 3169
3109 3110
3109 3170
3109 3171
3109 3172
3110 3111
3110 3171
3110 3172
3110 3173
3111 3112
3111 3172
3111 3173
3111 3174
3112 3173
3112 3174
3112 3175
3113 3114
3113 3175
3113 3176
3113 3177
3114 3115
3114 3176
3114 3177
3114 3178
3115 3116
3115 3177
3115 3178
3115 3179
3116 3117
3116 3178
3116 3179
3117 3118
3117 3179
3118 3119
3118 3180
3119 3180
3119 3181
3120 3121
3120 3181
3120 3182
3121 3122
3121 3182
3121 3183
3122 3123
3122 3182
3122 3183
3122 3184
3123 3124
3123 3183
3123 3184
3124 3125
3124 3184
3124 3185
3125 3126
3125 3185
3125 3186
3126 3127
3126 3185
3126 3186
3126 3187
3127 3186
3127 3187
3127 3188
3128 3129
3128 3188
3128 3189
3129 3130
3129 3189
3129 3190
3130 3131
3130 3190
3130 3191
3131 3132
3131 3190
3131 3191
3132 3191
3132 3192
3133 3134
3133 3192
3133 3193
3133 3194
3134 3135
3134 3193
3134 3194
3134 3195
3135 3136
3135 3194
3135 3195
3135 3196
3136 3137
3136 3195
3136 3196
3136 3197
3137 3138
3137 3196
3137 3197
3137 3198
3138 3139
3138 3197
3138 3198
3138 3199
3139 3140
3139 3198
3139 3199
3140 3141
3140 3199
3140 3200
3141 3200
3141 3201
3142 3143
3143 3202
3144 3145
3144 3202
3144 3203
3144 3204
3145 3146
3145 3203
3145 3204
3145 3205
3146 3147
3146 3204
3146 3205
3146 3206
3147 3148
3147 3205
3147 3206
3147 3207
3148 3149
3148 3206
3148 3207
3148 3208
3149 3150
3149 3207
3149 3208
3149 3209
3150 3151
3150 3208
3150 3209
3150 3210
3151 3209
3151 3210
3151 3211
3152 3153
3152 3211
3152 3212
3153 3154
3153 3212
3154 3213
3155 3156
3155 3214
3155 3215
3155 3216
3156 3157
3156 3215
3156 3216
3156 3217
3157 3158
3157 3216
3157 3217
3157 3218
3158 3159
3158 3217
3158 3218
3158 3219
3159 3218
3159 3219
3159 3220
3160 3220
3161 3222
3161 3223
3161 3224
3162 3163
3162 3224
3162 3225
3163 3164
3163 3225
3163 3226
3164 3165
3164 3225
3164 3226
3164 3227
3165 3166
3165 3226
3165 3227
3166 3227
3167 3168
3167 3228
3167 3229
3168 3228
3168 3229
3168 3230
3169 3231
3169 3232
3169 3233
3170 3171
3170 3233
3170 3234
3171 3172
3171 3234
3171 3235
3172 3173
3172 3234
3172 3235
3172 3236
3173 3174
3173 3235
3173 3236
3173 3237
3174 3175
3174 3236
3174 3237
3174 3238
3175 3176
3175 3237
3175 3238
3175 3239
3176 3177
3176 3238
3176 3239
3176 3240
3177 3178
3177 3239
3177 3240
3178 3179
3178 3240
3178 3241
3179 3241
3179 3242
3180 3181
3180 3243
3180 3244
3180 3245
3181 3244
3181 3245
3182 3183
3182 3246
3182 3247
3183 3184
3183 3246
3183 3247
3183 3248
3184 3247
3184 3248
3184 3249
3185 3186
3185 3249
3185 3250
3185 3251
3186 3187
3186 3250
3186 3251
3186 3252
3187 3188
3187 3251
3187 3252
3187 3253
3188 3189
3188 3252
3188 3253
3188 3254
3189 3253
3189 3254
3189 3255
3190 3191
3190 3255
3190 3256
3191 3256
3191 3257
3192 3193
3192 3257
3192 3258
3193 3194
3193 3258
3193 3259
3194 3195
3194 3258
3194 3259
3194 3260
3195 3196
3195 3259
3195 3260
3195 3261
3196 3197
3196 3260
3196 3261
3196 3262
3197 3198
3197 3261
3197 3262
3197 3263
3198 3199
3198 3262
3198 3263
3198 3264
3199 3263
3199 3264
3199 3265
3200 3201
3200 3265
3200 3266
3200 3267
3201 3266
3201 3267
3202 3203
3202 3269
3202 3270
3202 3271
3203 3204
3203 3270
3203 3271
3203 3272
3204 3205
3204 3271
3204 3272
3204 3273
3205 3206
3205 3272
3205 3273
3205 3274
3206 3207
3206 3273
3206 3274
3206 3275
3207 3208
3207 3274
3207 3275
3207 3276
3208 3209
3208 3275
3208 3276
3208 3277
3209 3210
3209 3276
3209 3277
3209 3278
3210 3211
3210 3277
3210 3278
3210 3279
3211 3212
3211 3278
3211 3279
3211 3280
3212 3279
3212 3280
3212 3281
3213 3214
3213 3282
3213 3283
3213 3284
3214 3215
3214 3283
3214 3284
3214 3285
3215 3216
3215 3284
3215 3285
3215 3286
3216 3217
3216 3285
3216 3286
3216 3287
3217 3218
3217 3286
3217 3287
3218 3219
3218 3287
3218 3288
3219 3220
3219 3288
3219 3289
3220 3288
3220 3289
3220 3290
3221 3222
3221 3291
3221 3292
3221 3293
3222 3223
3222 3292
3222 3293
3222 3294
3223 3224
3223 3293
3223 3294
3223 3295
3224 3294
3224 3295
3224 3296
3225 3226
3225 3296
3225 3297
3225 3298
3226 3227
3226 3297
3226 3298
3226 3299
3227 3298
3227 3299
3228 3229
3228 3300
3228 3301
3228 3302
3229 3230
3229 3301
3229 3302
3229 3303
3230 3231
3230 3302
3230 3303
3230 3304
3231 3232
3231 3303
3231 3304
3231 3305
3232 3233
3232 3304
3232 3305
3232 3306
3233 3305
3233 3306
3233 3307
3234 3235
3234 3307
3234 3308
3234 3309
3235 3236
3235 3308
3235 3309
3235 3310
3236 3237
3236 3309
3236 3310
3236 3311
3237 3238
3237 3310
3237 3311
3237 3312
3238 3239
3238 3311
3238 3312
3238 3313
3239 3240
3239 3312
3239 3313
3239 3314
3240 3313
3240 3314
3240 3315
3241 3242
3241 3315
3241 3316
3241 3317
3242 3243
3242 3316
3242 3317
3242 3318
3243 3244
3243 3317
3243 3318
3243 3319
3244 3245
3244 3318
3244 3319
3245 3319
3245 3320
3246 3247
3246 3320
3247 3248
3247 3321
3248 3249
3248 3321
3249 3250
3249 3321
3249 3322
3250 3251
3250 3322
3250 3323
3251 3252
3251 3322
3251 3323
3251 3324
3252 3253
3252 3323
3252 3324
3252 3325
3253 3254
3253 3324
3253 3325
3253 3326
3254 3255
3254 3325
3254 3326
3254 3327
3255 3326
3255 3327
3255 3328
3256 3257
3256 3328
3256 3329
3257 3329
3257 3330
3258 3259
3258 3330
3258 3331
3258 3332
3259 3260
3259 3331
3259 3332
3259 3333
3260 3261
3260 3332
3260 3333
3260 3334
3261 3262
3261 3333
3261 3334
3261 3335
3262 3263
3262 3334
3262 3335
3263 3264
3263 3335
3263 3336
3264 3265
3264 3336
3264 3337
3265 3266
3265 3336
3265 3337
3265 3338
3266 3267
3266 3337
3266 3338
3266 3339
3267 3338
3267 3339
3268 3269
3268 3340
3269 3270
3269 3340
3269 3341
3270 3271
3270 3340
3270 3341
3270 3342
3271 3272
3271 3341
3271 3342
3271 3343
3272 3273
3272 3342
3272 3343
3272 3344
3273 3274
3273 3343
3273 3344
3273 3345
3274 3275
3274 3344
3274 3345
3274 3346
3275 3276
3275 3345
3275 3346
3276 3277
3276 3346
3276 3347
3277 3278
3277 3347
3277 3348
3278 3279
3278 3347
3278 3348
3278 3349
3279 3280
3279 3348
3279 3349
3279 3350
3280 3281
3280 3349
3280 3350
3280 3351
3281 3282
3281 3350
3281 3351
3282 3283
3282 3351
3282 3352
3283 3284
3283 3352
3284 3285
3284 3352
3285 3286
3285 3353
3286 3287
3286 3353
3286 3354
3287 3353
3287 3354
3288 3289
3288 3355
3288 3356
3289 3290
3289 3355
3289 3356
3289 3357
3290 3291
3290 3356
3290 3357
3290 3358
3291 3292
3291 3357
3291 3358
3291 3359
3292 3293
3292 3358
3292 3359
3292 3360
3293 3294
3293 3359
3293 3360
3293 3361
3294 3295
3294 3360
3294 3361
3294 3362
3295 3296
3295 3361
3295 3362
3296 3297
3296 3362
3296 3363
3297 3298
3297 3363
3297 3364
3298 3299
3298 3363
3298 3364
3298 3365
3299 3364
3299 3365
3299 3366
3300 3301
3300 3366
3300 3367
3301 3302
3301 3367
3301 3368
3302 3303
3302 3367
3302 3368
3302 3369
3303 3304
3303 3368
3303 3369
3303 3370
3304 3305
3304 3369
3304 3370
3304 3371
3305 3306
3305 3370
3305 3371
3305 3372
3306 3307
3306 3371
3306 3372
3307 3308
3307 3372
3307 3373
3308 3309
3308 3373
3308 3374
3309 3310
3309 3373
3309 3374
3309 3375
3310 3311
3310 3374
3310 3375
3310 3376
3311 3312
3311 3375
3311 3376
3311 3377
3312 3313
3312 3376
3312 3377
3313 3314
3313 3377
3314 3315
3314 3378
3315 3316
3315 3378
3315 3379
3316 3317
3316 3378
3316 3379
3317 3318
3317 3379
3317 3380
3318 3319
3318 3380
3318 3381
3319 3380
3319 3381
3319 3382
3320 3382
3320 3383
3321 3384
3321 3385
3321 3386
3322 3323
3322 3386
3322 3387
3322 3388
3323 3324
3323 3387
3323 3388
3324 3325
3324 3388
3325 3326
3325 3389
3326 3327
3326 3389
3326 3390
3327 3328
3327 3389
3327 3390
3328 3329
3328 3390
3328 3391
3329 3391
3329 3392
3330 3331
3330 3392
3330 3393
3330 3394
3331 3332
3331 3393
3331 3394
3331 3395
3332 3333
3332 3394
3332 3395
3332 3396
3333 3334
3333 3395
3333 3396
3333 3397
3334 3335
3334 3396
3334 3397
3334 3398
3335 3397
3335 3398
3335 3399
3336 3337
3336 3399
3336 3400
3336 3401
3337 3338
3337 3400
3337 3401
3338 3339
3338 3401
3340 3341
3340 3402
3340 3403
3340 3404
3341 3342
3341 3403
3341 3404
3341 3405
3342 3343
3342 3404
3342 3405
3342 3406
3343 3344
3343 3405
3343 3406
3343 3407
3344 3345
3344 3406
3344 3407
3344 3408
3345 3346
3345 3407
3345 3408
3345 3409
3346 3408
3346 3409
3347 3348
3347 3410
3347 3411
3348 3349
3348 3410
3348 3411
3349 3350
3349 3411
3349 3412
3350 3351
3350 3412
3350 3413
3351 3412
3351 3413
3352 3414
3352 3415
3353 3354
3353 3416
3354 3417
3355 3356
3355 3417
3355 3418
3355 3419
3356 3357
3356 3418
3356 3419
3356 3420
3357 3358
3357 3419
3357 3420
3357 3421
3358 3359
3358 3420
3358 3421
3358 3422
3359 3360
3359 3421
3359 3422
3359 3423
3360 3361
3360 3422
3360 3423
3361 3362
3361 3423
3361 3424
3362 3424
3363 3364
3363 3425
3363 3426
3364 3365
3364 3425
3364 3426
3365 3366
3365 3426
3365 3427
3366 3427
3366 3428
3367 3368
3367 3428
3367 3429
3367 3430
3368 3369
3368 3429
3368 3430
3368 3431
3369 3370
3369 3430
3369 3431
3369 3432
3370 3371
3370 3431
3370 3432
3371 3372
3371 3432
3372 3433
3373 3374
3373 3433
3373 3434
3374 3375
3374 3434
3375 3376
3376 3377
3378 3379
3378 3435
3378 3436
3379 3435
3379 3436
3379 3437
3380 3381
3380 3437
3380 3438
3380 3439
3381 3382
3381 3438
3381 3439
3381 3440
3382 3383
3382 3439
3382 3440
3382 3441
3383 3440
3383 3441
3383 3442
3384 3385
3384 3442
3384 3443
3384 3444
3385 3386
3385 3443
3385 3444
3385 3445
3386 3387
3386 3444
3386 3445
3386 3446
3387 3388
3387 3445
3387 3446
3387 3447
3388 3446
3388 3447
3388 3448
3389 3390
3389 3449
3389 3450
3389 3451
3390 3450
3390 3451
3391 3392
3391 3452
3391 3453
3392 3393
3392 3452
3392 3453
3392 3454
3393 3394
3393 3453
3393 3454
3393 3455
3394 3395
3394 3454
3394 3455
3394 3456
3395 3396
3395 3455
3395 3456
3395 3457
3396 3397
3396 3456
3396 3457
3396 3458
3397 3398
3397 3457
3397 3458
3397 3459
3398 3399
3398 3458
3398 3459
3398 3460
3399 3400
3399 3459
3399 3460
3400 3401
3400 3460
3400 3461
3401 3461
3401 3462
3402 3403
3402 3464
3402 3465
3403 3404
3403 3464
3403 3465
3403 3466
3404 3405
3404 3465
3404 3466
3404 3467
3405 3406
3405 3466
3405 3467
3405 3468
3406 3407
3406 3467
3406 3468
3407 3408
3407 3468
3407 3469
3408 3409
3408 3469
3409 3469
3410 3411
3410 3470
3410 3471
3411 3470
3411 3471
3411 3472
3412 3413
3412 3472
3412 3473
3412 3474
3413 3473
3413 3474
3413 3475
3414 3415
3414 3475
3414 3476
3414 3477
3415 3416
3415 3476
3415 3477
3415 3478
3416 3477
3416 3478
3417 3418
3417 3479
3417 3480
3418 3419
3418 3479
3418 3480
3418 3481
3419 3420
3419 3480
3419 3481
3419 3482
3420 3421
3420 3481
3420 3482
3421 3422
3421 3482
3421 3483
3422 3423
3422 3483
3422 3484
3423 3483
3423 3484
3423 3485
3424 3485
3424 3486
3424 3487
3425 3426
3425 3487
3425 3488
3425 3489
3426 3488
3426 3489
3426 3490
3427 3428
3427 3490
3427 3491
3428 3429
3428 3491
3428 3492
3429 3430
3429 3492
3430 3431
3430 3492
3430 3493
3431 3432
3431 3493
3431 3494
3432 3493
3432 3494
3432 3495
3433 3434
3433 3496
3433 3497
3433 3498
3434 3497
3434 3498
3434 3499
3435 3436
3435 3504
3436 3437
3436 3504
3436 3505
3437 3438
3437 3505
3437 3506
3438 3439
3438 3505
3438 3506
3439 3440
3439 3506
3439 3507
3440 3441
3440 3507
3440 3508
3441 3442
3441 3507
3441 3508
3441 3509
3442 3443
3442 3508
3442 3509
3443 3444
3443 3509
3443 3510
3444 3445
3444 3510
3445 3446
3445 3510
3446 3447
3446 3511
3447 3448
3447 3511
3447 3512
3448 3449
3448 3511
3448 3512
3448 3513
3449 3450
3449 3512
3449 3513
3449 3514
3450 3451
3450 3513
3450 3514
3450 3515
3451 3514
3451 3515
3451 3516
3452 3453
3452 3516
3452 3517
3453 3454
3453 3517
3453 3518
3454 3455
3454 3518
3454 3519
3455 3456
3455 3518
3455 3519
3455 3520
3456 3457
3456 3519
3456 3520
3457 3458
3457 3520
3457 3521
3458 3459
3458 3521
3458 3522
3459 3460
3459 3521
3459 3522
3460 3522
3460 3523
3461 3462
3461 3523
3461 3524
3462 3463
3462 3524
3462 3525
3463 3525
3464 3465
3464 3526
3464 3527
3465 3466
3465 3526
3465 3527
3465 3528
3466 3467
3466 3527
3466 3528
3466 3529
3467 3468
3467 3528
3467 3529
3467 3530
3468 3529
3468 3530
3468 3531
3469 3531
3469 3532
3469 3533
3470 3471
3470 3534
3470 3535
3471 3472
3471 3534
3471 3535
3471 3536
3472 3473
3472 3535
3472 3536
3472 3537
3473 3474
3473 3536
3473 3537
3473 3538
3474 3475
3474 3537
3474 3538
3474 3539
3475 3476
3475 3538
3475 3539
3475 3540
3476 3477
3476 3539
3476 3540
3476 3541
3477 3478
3477 3540
3477 3541
3477 3542
3478 3541
3478 3542
3479 3480
3479 3543
3479 3544
3479 3545
3480 3481
3480 3544
3480 3545
3481 3482
3481 3545
3481 3546
3482 3546
3482 3547
3483 3484
3483 3547
3483 3548
3484 3485
3484 3548
3484 3549
3485 3486
3485 3548
3485 3549
3485 3550
3486 3487
3486 3549
3486 3550
3486 3551
3487 3488
3487 3550
3487 3551
3488 3489
3488 3551
3488 3552
3489 3490
3489 3552
3490 3491
3490 3552
3490 3553
3491 3553
3491 3554
3492 3554
3492 3555
3493 3494
3493 3555
3493 3556
3493 3557
3494 3495
3494 3556
3494 3557
3495 3496
3495 3557
3496 3497
3497 3498
3498 3499
3498 3558
3499 3500
3499 3558
3500 3501
3500 3558
3500 3559
3501 3502
3501 3559
3501 3560
3502 3503
3502 3559
3502 3560
3502 3561
3503 3560
3503 3561
3503 3562
3504 3562
3504 3563
3505 3506
3505 3563
3505 3564
3506 3564
3506 3565
3507 3508
3507 3565
3507 3566
3508 3509
3508 3566
3508 3567
3509 3567
3509 3568
3510 3568
3510 3569
3511 3512
3511 3570
3511 3571
3512 3513
3512 3571
3512 3572
3513 3514
3513 3571
3513 3572
3513 3573
3514 3515
3514 3572
3514 3573
3515 3516
3515 3573
3516 3517
3516 3574
3517 3574
3517 3575
3518 3519
3518 3575
3518 3576
3518 3577
3519 3520
3519 3576
3519 3577
3519 3578
3520 3577
3520 3578
3520 3579
3521 3522
3521 3579
3523 3524
3523 3580
3524 3580
3524 3581
3525 3581
3525 3582
3526 3527
3526 3583
3526 3584
3527 3528
3527 3583
3527 3584
3527 3585
3528 3529
3528 3584
3528 3585
3528 3586
3529 3530
3529 3585
3529 3586
3529 3587
3530 3531
3530 3586
3530 3587
3530 3588
3531 3532
3531 3587
3531 3588
3531 3589
3532 3533
3532 3588
3532 3589
3533 3589
3533 3590
3534 3535
3534 3590
3534 3591
3535 3536
3535 3591
3535 3592
3536 3537
3536 3591
3536 3592
3536 3593
3537 3538
3537 3592
3537 3593
3537 3594
3538 3539
3538 3593
3538 3594
3538 3595
3539 3540
3539 3594
3539 3595
3539 3596
3540 3541
3540 3595
3540 3596
3540 3597
3541 3542
3541 3596
3541 3597
3541 3598
3542 3597
3542 3598
3542 3599
3543 3544
3543 3599
3543 3600
3544 3545
3544 3600
3545 3600
3545 3601
3546 3547
3546 3601
3546 3602
3547 3602
3547 3603
3548 3549
3548 3603
3548 3604
3548 3605
3549 3550
3549 3604
3549 3605
3549 3606
3550 3551
3550 3605
3550 3606
3550 3607
3551 3606
3551 3607
3551 3608
3552 3608
3552 3609
3553 3554
3553 3609
3553 3610
3553 3611
3554 3610
3554 3611
3555 3556
3555 3612
3555 3613
3556 3557
3556 3612
3556 3613
3556 3614
3557 3613
3557 3614
3557 3615
3558 3617
3558 3618
3559 3560
3559 3618
3559 3619
3559 3620
3560 3561
3560 3619
3560 3620
3560 3621
3561 3562
3561 3620
3561 3621
3561 3622
3562 3621
3562 3622
3562 3623
3563 3623
3564 3565
3564 3624
3564 3625
3565 3566
3565 3624
3565 3625
3566 3625
3566 3626
3567 3568
3567 3626
3567 3627
3567 3628
3568 3627
3568 3628
3568 3629
3569 3570
3569 3629
3569 3630
3569 3631
3570 3630
3570 3631
3570 3632
3571 3572
3571 3632
3571 3633
3571 3634
3572 3573
3572 3633
3572 3634
3572 3635
3573 3634
3573 3635
3573 3636
3574 3575
3574 3637
3574 3638
3575 3576
3575 3638
3575 3639
3576 3577
3576 3639
3576 3640
3577 3578
3577 3639
3577 3640
3577 3641
3578 3579
3578 3640
3578 3641
3578 3642
3579 3641
3579 3642
3580 3581
3580 3645
3580 3646
3581 3582
3581 3645
3581 3646
3581 3647
3582 3646
3582 3647
3583 3584
3583 3648
3584 3585
3584 3648
3585 3586
3585 3648
3585 3649
3586 3587
3586 3649
3586 3650
3587 3588
3587 3649
3587 3650
3587 3651
3588 3589
3588 3650
3588 3651
3588 3652
3589 3651
3589 3652
3589 3653
3590 3653
3590 3654
3590 3655
3591 3592
3591 3655
3591 3656
3592 3593
3592 3656
3592 3657
3593 3594
3593 3657
3594 3595
3594 3657
3594 3658
3595 3596
3595 3658
3595 3659
3596 3597
3596 3658
3596 3659
3597 3598
3597 3659
3597 3660
3598 3599
3598 3660
3598 3661
3599 3660
3599 3661
3599 3662
3600 3662
3600 3663
3601 3602
3601 3664
3601 3665
3602 3664
3602 3665
3602 3666
3603 3604
3603 3666
3603 3667
3603 3668
3604 3605
3604 3667
3604 3668
3604 3669
3605 3606
3605 3668
3605 3669
3605 3670
3606 3607
3606 3669
3606 3670
3607 3608
3607 3670
3608 3671
3609 3610
3609 3671
3609 3672
3609 3673
3610 3611
3610 3672
3610 3673
3610 3674
3611 3673
3611 3674
3611 3675
3612 3613
3612 3675
3612 3676
3613 3614
3613 3676
3614 3615
3614 3677
3615 3616
3615 3677
3615 3678
3616 3677
3616 3678
3616 3679
3617 3679
3617 3680
3617 3681
3618 3619
3618 3681
3618 3682
3618 3683
3619 3620
3619 3682
3619 3683
3619 3684
3620 3621
3620 3683
3620 3684
3620 3685
3621 3622
3621 3684
3621 3685
3621 3686
3622 3623
3622 3685
3622 3686
3622 3687
3623 3686
3623 3687
3624 3625
3624 3688
3624 3689
3625 3688
3625 3689
3626 3627
3626 3690
3626 3691
3627 3628
3627 3690
3627 3691
3627 3692
3628 3629
3628 3691
3628 3692
3628 3693
3629 3630
3629 3692
3629 3693
3629 3694
3630 3631
3630 3693
3630 3694
3630 3695
3631 3632
3631 3694
3631 3695
3632 3633
3632 3695
3632 3696
3633 3634
3633 3696
3633 3697
3634 3635
3634 3696
3634 3697
3634 3698
3635 3636
3635 3697
3635 3698
3635 3699
3636 3637
3636 3698
3636 3699
3636 3700
3637 3638
3637 3699
3637 3700
3637 3701
3638 3700
3638 3701
3639 3640
3639 3702
3639 3703
3640 3641
3640 3702
3640 3703
3640 3704
3641 3642
3641 3703
3641 3704
3641 3705
3642 3704
3642 3705
3642 3706
3643 3644
3643 3706
3643 3707
3643 3708
3644 3707
3644 3708
3644 3709
3645 3646
3645 3709
3645 3710
3645 3711
3646 3647
3646 3710
3646 3711
3646 3712
3647 3711
3647 3712
3648 3713
3648 3714
3648 3715
3649 3650
3649 3715
3649 3716
3649 3717
3650 3651
3650 3716
3650 3717
3651 3652
3651 3717
3651 3718
3652 3653
3652 3718
3653 3654
3653 3718
3653 3719
3654 3655
3654 3719
3655 3656
3655 3719
3655 3720
3656 3720
3656 3721
3657 3721
3657 3722
3658 3659
3658 3723
3658 3724
3659 3723
3659 3724
3659 3725
3660 3661
3660 3725
3660 3726
3660 3727
3661 3662
3661 3726
3661 3727
3661 3728
3662 3663
3662 3727
3662 3728
3662 3729
3663 3728
3663 3729
3663 3730
3664 3665
3664 3730
3664 3731
3664 3732
3665 3666
3665 3731
3665 3732
3666 3667
3666 3732
3666 3733
3667 3668
3667 3733
3668 3669
3668 3733
3668 3734
3669 3670
3669 3734
3669 3735
3670 3734
3670 3735
3670 3736
3671 3672
3671 3737
3671 3738
3672 3673
3672 3738
3672 3739
3673 3674
3673 3738
3673 3739
3673 3740
3674 3675
3674 3739
3674 3740
3674 3741
3675 3676
3675 3740
3675 3741
3676 3741
3676 3742
3677 3678
3677 3743
3677 3744
3678 3679
3678 3743
3678 3744
3679 3680
3679 3744
3680 3681
3680 3745
3681 3682
3681 3745
3681 3746
3682 3683
3682 3745
3682 3746
3683 3684
3683 3746
3683 3747
3684 3685
3684 3747
3684 3748
3685 3686
3685 3747
3685 3748
3685 3749
3686 3687
3686 3748
3686 3749
3687 3749
3687 3750
3688 3689
3688 3751
3688 3752
3689 3751
3689 3752
3690 3691
3690 3753
3690 3754
3691 3692
3691 3753
3691 3754
3692 3693
3692 3754
3692 3755
3693 3694
3693 3755
3693 3756
3694 3695
3694 3755
3694 3756
3694 3757
3695 3756
3695 3757
3695 3758
3696 3697
3696 3758
3696 3759
3696 3760
3697 3698
3697 3759
3697 3760
3697 3761
3698 3699
3698 3760
3698 3761
3698 3762
3699 3700
3699 3761
3699 3762
3699 3763
3700 3701
3700 3762
3700 3763
3700 3764
3701 3763
3701 3764
3701 3765
3702 3703
3702 3765
3702 3766
3702 3767
3703 3704
3703 3766
3703 3767
3703 3768
3704 3705
3704 3767
3704 3768
3704 3769
3705 3706
3705 3768
3705 3769
3705 3770
3706 3707
3706 3769
3706 3770
3706 3771
3707 3708
3707 3770
3707 3771
3707 3772
3708 3709
3708 3771
3708 3772
3708 3773
3709 3710
3709 3772
3709 3773
3709 3774
3710 3711
3710 3773
3710 3774
3710 3775
3711 3712
3711 3774
3711 3775
3711 3776
3712 3775
3712 3776
3713 3714
3713 3777
3713 3778
3714 3715
3714 3777
3714 3778
3714 3779
3715 3716
3715 3778
3715 3779
3715 3780
3716 3717
3716 3779
3716 3780
3716 3781
3717 3780
3717 3781
3718 3782
3718 3783
3719 3783
3719 3784
3719 3785
3720 3721
3720 3785
3720 3786
3720 3787
3721 3722
3721 3786
3721 3787
3721 3788
3722 3787
3722 3788
3722 3789
3723 3724
3723 3789
3723 3790
3723 3791
3724 3725
3724 3790
3724 3791
3724 3792
3725 3726
3725 3791
3725 3792
3725 3793
3726 3727
3726 3792
3726 3793
3727 3728
3727 3793
3727 3794
3728 3729
3728 3794
3728 3795
3729 3730
3729 3794
3729 3795
3730 3731
3730 3795
3730 3796
3731 3732
3731 3796
3731 3797
3732 3796
3732 3797
3732 3798
3733 3798
3733 3799
3734 3735
3734 3800
3734 3801
3735 3736
3735 3800
3735 3801
3735 3802
3736 3737
3736 3801
3736 3802
3736 3803
3737 3802
3737 3803
3738 3739
3738 3804
3739 3740
3739 3804
3740 3741
3740 3805
3741 3805
3741 3806
3742 3806
3742 3807
3743 3744
3743 3807
3743 3808
3743 3809
3744 3808
3744 3809
3744 3810
3745 3746
3745 3811
3745 3812
3745 3813
3746 3812
3746 3813
3746 3814
3747 3748
3747 3814
3747 3815
3747 3816
3748 3749
3748 3815
3748 3816
3748 3817
3749 3816
3749 3817
3749 3818
3750 3818
3750 3819
3750 3820
3751 3752
3751 3820
3751 3821
3751 3822
3752 3821
3752 3822
3752 3823
3753 3754
3753 3823
3753 3824
3753 3825
3754 3824
3754 3825
3755 3756
3755 3826
3755 3827
3756 3757
3756 3826
3756 3827
3757 3758
3757 3827
3757 3828
3758 3759
3758 3828
3758 3829
3759 3760
3759 3828
3759 3829
3759 3830
3760 3761
3760 3829
3760 3830
3760 3831
3761 3762
3761 3830
3761 3831
3762 3763
3762 3831
3762 3832
3763 3764
3763 3832
3763 3833
3764 3765
3764 3832
3764 3833
3764 3834
3765 3766
3765 3833
3765 3834
3765 3835
3766 3767
3766 3834
3766 3835
3766 3836
3767 3768
3767 3835
3767 3836
3767 3837
3768 3769
3768 3836
3768 3837
3769 3770
3769 3837
3770 3771
3770 3838
3771 3772
3771 3838
3771 3839
3772 3773
3772 3838
3772 3839
3772 3840
3773 3774
3773 3839
3773 3840
3773 3841
3774 3775
3774 3840
3774 3841
3774 3842
3775 3776
3775 3841
3775 3842
3775 3843
3776 3842
3776 3843
3777 3778
3777 3844
3778 3779
3778 3844
3779 3780
3779 3845
3780 3781
3780 3845
3780 3846
3781 3845
3781 3846
3782 3783
3782 3847
3782 3848
3783 3784
3783 3847
3783 3848
3783 3849
3784 3785
3784 3848
3784 3849
3784 3850
3785 3786
3785 3849
3785 3850
3785 3851
3786 3787
3786 3850
3786 3851
3786 3852
3787 3788
3787 3851
3787 3852
3787 3853
3788 3789
3788 3852
3788 3853
3789 3790
3789 3853
3789 3854
3790 3791
3790 3854
3790 3855
3791 3792
3791 3854
3791 3855
3791 3856
3792 3793
3792 3855
3792 3856
3792 3857
3793 3856
3793 3857
3793 3858
3794 3795
3794 3858
3794 3859
3794 3860
3795 3859
3795 3860
3795 3861
3796 3797
3796 3861
3796 3862
3796 3863
3797 3798
3797 3862
3797 3863
3797 3864
3798 3799
3798 3863
3798 3864
3799 3864
3799 3865
3800 3801
3800 3865
3800 3866
3801 3802
3801 3866
3801 3867
3802 3803
3802 3867
3802 3868
3803 3867
3803 3868
3803 3869
3804 3869
3804 3870
3804 3871
3805 3806
3805 3872
3806 3873
3807 3808
3807 3873
3807 3874
3807 3875
3808 3809
3808 3874
3808 3875
3808 3876
3809 3810
3809 3875
3809 3876
3810 3811
3810 3876
3810 3877
3811 3812
3811 3877
3811 3878
3812 3813
3812 3877
3812 3878
3812 3879
3813 3814
3813 3878
3813 3879
3813 3880
3814 3815
3814 3879
3814 3880
3814 3881
3815 3816
3815 3880
3815 3881
3815 3882
3816 3817
3816 3881
3816 3882
3817 3818
3817 3882
3818 3819
3818 3883
3819 3820
3819 3883
3819 3884
3820 3821
3820 3883
3820 3884
3820 3885
3821 3822
3821 3884
3821 3885
3821 3886
3822 3823
3822 3885
3822 3886
3822 3887
3823 3824
3823 3886
3823 3887
3823 3888
3824 3825
3824 3887
3824 3888
3825 3888
3825 3889
3826 3827
3826 3889
3826 3890
3826 3891
3827 3890
3827 3891
3828 3829
3828 3892
3828 3893
3829 3830
3829 3892
3829 3893
3829 3894
3830 3831
3830 3893
3830 3894
3830 3895
3831 3894
3831 3895
3831 3896
3832 3833
3832 3896
3832 3897
3832 3898
3833 3834
3833 3897
3833 3898
3833 3899
3834 3835
3834 3898
3834 3899
3835 3836
3835 3899
3835 3900
3836 3837
3836 3900
3837 3900
3837 3901
3838 3839
3838 3902
3838 3903
3839 3840
3839 3902
3839 3903
3839 3904
3840 3841
3840 3903
3840 3904
3840 3905
3841 3842
3841 3904
3841 3905
3841 3906
3842 3843
3842 3905
3842 3906
3842 3907
3843 3906
3843 3907
3844 3908
3844 3909
3845 3846
3845 3910
3845 3911
3845 3912
3846 3911
3846 3912
3846 3913
3847 3848
3847 3913
3847 3914
3847 3915
3848 3849
3848 3914
3848 3915
3848 3916
3849 3850
3849 3915
3849 3916
3849 3917
3850 3851
3850 3916
3850 3917
3850 3918
3851 3852
3851 3917
3851 3918
3852 3853
3852 3918
3854 3855
3855 3856
3855 3919
3856 3857
3856 3919
3856 3920
3857 3858
3857 3919
3857 3920
3857 3921
3858 3859
3858 3920
3858 3921
3859 3860
3859 3921
3860 3861
3860 3922
3861 3862
3861 3922
3862 3863
3862 3922
3862 3923
3863 3864
3863 3923
3863 3924
3864 3923
3864 3924
3864 3925
3865 3866
3865 3925
3865 3926
3865 3927
3866 3926
3866 3927
3867 3868
3867 3928
3867 3929
3868 3869
3868 3928
3868 3929
3868 3930
3869 3870
3869 3929
3869 3930
3870 3871
3870 3930
3870 3931
3871 3872
3871 3931
3871 3932
3872 3931
3872 3932
3873 3874
3873 3933
3873 3934
3873 3935
3874 3875
3874 3934
3874 3935
3874 3936
3875 3876
3875 3935
3875 3936
3875 3937
3876 3936
3876 3937
3876 3938
3877 3878
3877 3938
3877 3939
3878 3879
3878 3939
3878 3940
3879 3880
3879 3940
3879 3941
3880 3881
3880 3940
3880 3941
3880 3942
3881 3882
3881 3941
3881 3942
3882 3942
3882 3943
3883 3884
3883 3944
3883 3945
3883 3946
3884 3885
3884 3945
3884 3946
3884 3947
3885 3886
3885 3946
3885 3947
3885 3948
3886 3887
3886 3947
3886 3948
3887 3888
3887 3948
3887 3949
3888 3949
3888 3950
3889 3890
3889 3950
3889 3951
3889 3952
3890 3891
3890 3951
3890 3952
3890 3953
3891 3952
3891 3953
3891 3954
3892 3893
3892 3954
3892 3955
3893 3894
3893 3955
3893 3956
3894 3895
3894 3956
3894 3957
3895 3896
3895 3956
3895 3957
3895 3958
3896 3897
3896 3957
3896 3958
3896 3959
3897 3898
3897 3958
3897 3959
3898 3899
3898 3959
3899 3960
3900 3960
3900 3961
3900 3962
3901 3962
3901 3963
3901 3964
3902 3903
3902 3964
3902 3965
3902 3966
3903 3904
3903 3965
3903 3966
3903 3967
3904 3905
3904 3966
3904 3967
3904 3968
3905 3906
3905 3967
3905 3968
3905 3969
3906 3907
3906 3968
3906 3969
3906 3970
3907 3969
3907 3970
3908 3909
3908 3971
3908 3972
3909 3910
3909 3971
3909 3972
3909 3973
3910 3911
3910 3972
3910 3973
3910 3974
3911 3912
3911 3973
3911 3974
3911 3975
3912 3913
3912 3974
3912 3975
3912 3976
3913 3914
3913 3975
3913 3976
3913 3977
3914 3915
3914 3976
3914 3977
3914 3978
3915 3916
3915 3977
3915 3978
3915 3979
3916 3917
3916 3978
3916 3979
3916 3980
3917 3918
3917 3979
3917 3980
3917 3981
3918 3980
3918 3981
3918 3982
3919 3920
3919 3986
3919 3987
3920 3921
3920 3986
3920 3987
3920 3988
3921 3987
3921 3988
3921 3989
3922 3990
3922 3991
3922 3992
3923 3924
3923 3992
3923 3993
3923 3994
3924 3925
3924 3993
3924 3994
3924 3995
3925 3926
3925 3994
3925 3995
3925 3996
3926 3927
3926 3995
3926 3996
3926 3997
3927 3996
3927 3997
3927 3998
3928 3929
3928 3998
3928 3999
3928 4000
3929 3930
3929 3999
3929 4000
3929 4001
3930 4000
3930 4001
3930 4002
3931 3932
3931 4002
3931 4003
3931 4004
3932 4003
3932 4004
3932 4005
3933 3934
3933 4005
3933 4006
3934 3935
3934 4006
3934 4007
3935 3936
3935 4007
3935 4008
3936 3937
3936 4007
3936 4008
3936 4009
3937 3938
3937 4008
3937 4009
3937 4010
3938 3939
3938 4009
3938 4010
3938 4011
3939 4010
3939 4011
3939 4012
3940 3941
3940 4012
3940 4013
3940 4014
3941 3942
3941 4013
3941 4014
3941 4015
3942 4014
3942 4015
3942 4016
3943 3944
3943 4016
3943 4017
3943 4018
3944 3945
3944 4017
3944 4018
3944 4019
3945 3946
3945 4018
3945 4019
3945 4020
3946 3947
3946 4019
3946 4020
3946 4021
3947 3948
3947 4020
3947 4021
3947 4022
3948 4021
3948 4022
3948 4023
3949 3950
3949 4023
3949 4024
3949 4025
3950 3951
3950 4024
3950 4025
3950 4026
3951 3952
3951 4025
3951 4026
3951 4027
3952 3953
3952 4026
3952 4027
3952 4028
3953 3954
3953 4027
3953 4028
3953 4029
3954 3955
3954 4028
3954 4029
3954 4030
3955 4029
3955 4030
3956 3957
3956 4031
3957 3958
3957 4031
3957 4032
3958 3959
3958 4032
3958 4033
3959 4032
3959 4033
3959 4034
3960 3961
3960 4035
3960 4036
3961 3962
3961 4035
3961 4036
3961 4037
3962 3963
3962 4036
3962 4037
3962 4038
3963 3964
3963 4037
3963 4038
3964 3965
3964 4038
3964 4039
3965 3966
3965 4039
3966 3967
3966 4039
3966 4040
3967 3968
3967 4040
3968 3969
3968 4040
3968 4041
3969 3970
3969 4041
3969 4042
3970 4041
3970 4042
3971 3972
3971 4043
3972 3973
3972 4043
3972 4044
3973 3974
3973 4044
3974 3975
3974 4044
3974 4045
3975 3976
3975 4045
3975 4046
3976 3977
3976 4045
3976 4046
3976 4047
3977 3978
3977 4046
3977 4047
3977 4048
3978 3979
3978 4047
3978 4048
3978 4049
3979 3980
3979 4048
3979 4049
3979 4050
3980 3981
3980 4049
3980 4050
3980 4051
3981 3982
3981 4050
3981 4051
3981 4052
3982 3983
3982 4051
3982 4052
3982 4053
3983 3984
3983 4052
3983 4053
3984 3985
3984 4053
3985 4054
3986 3987
3986 4054
3986 4055
3986 4056
3987 3988
3987 4055
3987 4056
3987 4057
3988 3989
3988 4056
3988 4057
3988 4058
3989 3990
3989 4057
3989 4058
3989 4059
3990 3991
3990 4058
3990 4059
3990 4060
3991 3992
3991 4059
3991 4060
3991 4061
3992 3993
3992 4060
3992 4061
3992 4062
3993 3994
3993 4061
3993 4062
3993 4063
3994 3995
3994 4062
3994 4063
3994 4064
3995 3996
3995 4063
3995 4064
3995 4065
3996 3997
3996 4064
3996 4065
3996 4066
3997 3998
3997 4065
3997 4066
3997 4067
3998 3999
3998 4066
3998 4067
3998 4068
3999 4000
3999 4067
3999 4068
4000 4001
4000 4068
4000 4069
4001 4002
4001 4069
4001 4070
4002 4003
4002 4069
4002 4070
4002 4071
4003 4004
4003 4070
4003 4071
4003 4072
4004 4005
4004 4071
4004 4072
4004 4073
4005 4006
4005 4072
4005 4073
4005 4074
4006 4073
4006 4074
4006 4075
4007 4008
4007 4075
4007 4076
4008 4009
4008 4076
4008 4077
4009 4010
4009 4077
4009 4078
4010 4011
4010 4077
4010 4078
4010 4079
4011 4012
4011 4078
4011 4079
4012 4013
4012 4079
4013 4014
4013 4080
4014 4015
4014 4080
4014 4081
4015 4016
4015 4080
4015 4081
4015 4082
4016 4017
4016 4081
4016 4082
4017 4018
4017 4082
4018 4019
4018 4083
4019 4020
4019 4083
4019 4084
4020 4021
4020 4083
4020 4084
4020 4085
4021 4022
4021 4084
4021 4085
4021 4086
4022 4023
4022 4085
4022 4086
4023 4024
4023 4086
4023 4087
4024 4025
4024 4087
4024 4088
4025 4026
4025 4087
4025 4088
4025 4089
4026 4027
4026 4088
4026 4089
4026 4090
4027 4028
4027 4089
4027 4090
4027 4091
4028 4029
4028 4090
4028 4091
4028 4092
4029 4030
4029 4091
4029 4092
4030 4092
4030 4093
4031 4093
4031 4094
4031 4095
4032 4033
4032 4095
4032 4096
4032 4097
4033 4034
4033 4096
4033 4097
4034 4097
4034 4098
4035 4036
4035 4098
4035 4099
4036 4037
4036 4099
4036 4100
4037 4038
4037 4100
4037 4101
4038 4100
4038 4101
4038 4102
4039 4102
4039 4103
4039 4104
4040 4104
4040 4105
4040 4106
4041 4042
4041 4106
4043 4107
4043 4108
4044 4108
4044 4109
4044 4110
4045 4046
4045 4110
4045 4111
4045 4112
4046 4047
4046 4111
4046 4112
4046 4113
4047 4048
4047 4112
4047 4113
4047 4114
4048 4049
4048 4113
4048 4114
4048 4115
4049 4050
4049 4114
4049 4115
4050 4051
4050 4115
4050 4116
4051 4052
4051 4116
4051 4117
4052 4053
4052 4116
4052 4117
4052 4118
4053 4117
4053 4118
4053 4119
4054 4055
4054 4120
4054 4121
4054 4122
4055 4056
4055 4121
4055 4122
4056 4057
4056 4122
4057 4058
4057 4123
4058 4059
4058 4123
4058 4124
4059 4060
4059 4123
4059 4124
4059 4125
4060 4061
4060 4124
4060 4125
4060 4126
4061 4062
4061 4125
4061 4126
4061 4127
4062 4063
4062 4126
4062 4127
4062 4128
4063 4064
4063 4127
4063 4128
4064 4065
4064 4128
4064 4129
4065 4066
4065 4129
4065 4130
4066 4067
4066 4129
4066 4130
4067 4068
4067 4130
4067 4131
4068 4131
4068 4132
4069 4070
4069 4132
4069 4133
4070 4071
4070 4133
4070 4134
4071 4072
4071 4133
4071 4134
4071 4135
4072 4073
4072 4134
4072 4135
4072 4136
4073 4074
4073 4135
4073 4136
4073 4137
4074 4075
4074 4136
4074 4137
4074 4138
4075 4076
4075 4137
4075 4138
4075 4139
4076 4138
4076 4139
4077 4078
4077 4140
4077 4141
4078 4079
4078 4140
4078 4141
4078 4142
4079 4141
4079 4142
4079 4143
4080 4081
4080 4144
4080 4145
4080 4146
4081 4082
4081 4145
4081 4146
4081 4147
4082 4146
4082 4147
4082 4148
4083 4084
4083 4149
4083 4150
4083 4151
4084 4085
4084 4150
4084 4151
4085 4086
4085 4151
4085 4152
4086 4152
4086 4153
4087 4088
4087 4153
4087 4154
4087 4155
4088 4089
4088 4154
4088 4155
4088 4156
4089 4090
4089 4155
4089 4156
4089 4157
4090 4091
4090 4156
4090 4157
4090 4158
4091 4092
4091 4157
4091 4158
4091 4159
4092 4158
4092 4159
4092 4160
4093 4094
4093 4160
4093 4161
4094 4095
4094 4161
4095 4096
4095 4162
4096 4097
4096 4162
4096 4163
4097 4162
4097 4163
4097 4164
4098 4099
4098 4164
4098 4165
4098 4166
4099 4165
4099 4166
4099 4167
4100 4101
4100 4167
4100 4168
4100 4169
4101 4102
4101 4168
4101 4169
4101 4170
4102 4103
4102 4169
4102 4170
4102 4171
4103 4104
4103 4170
4103 4171
4103 4172
4104 4105
4104 4171
4104 4172
4104 4173
4105 4106
4105 4172
4105 4173
4105 4174
4106 4173
4106 4174
4106 4175
4107 4108
4107 4177
4108 4109
4108 4177
4108 4178
4109 4110
4109 4178
4109 4179
4110 4111
4110 4178
4110 4179
4110 4180
4111 4112
4111 4179
4111 4180
4111 4181
4112 4113
4112 4180
4112 4181
4113 4114
4113 4181
4114 4115
4114 4182
4115 4182
4116 4117
4116 4183
4117 4118
4117 4183
4117 4184
4118 4119
4118 4183
4118 4184
4119 4120
4119 4184
4119 4185
4120 4121
4120 4185
4120 4186
4121 4122
4121 4185
4121 4186
4121 4187
4122 4186
4122 4187
4123 4124
4123 4188
4123 4189
4124 4125
4124 4188
4124 4189
4124 4190
4125 4126
4125 4189
4125 4190
4126 4127
4126 4190
4126 4191
4127 4128
4127 4191
4128 4191
4128 4192
4129 4130
4129 4192
4129 4193
4129 4194
4130 4193
4130 4194
4130 4195
4131 4132
4131 4195
4131 4196
4131 4197
4132 4196
4132 4197
4132 4198
4133 4134
4133 4198
4133 4199
4134 4135
4134 4199
4134 4200
4135 4136
4135 4200
4135 4201
4136 4137
4136 4200
4136 4201
4136 4202
4137 4138
4137 4201
4137 4202
4137 4203
4138 4139
4138 4202
4138 4203
4138 4204
4139 4203
4139 4204
4139 4205
4140 4141
4140 4205
4140 4206
4140 4207
4141 4142
4141 4206
4141 4207
4141 4208
4142 4143
4142 4207
4142 4208
4143 4144
4143 4208
4144 4145
4145 4146
4145 4209
4146 4147
4146 4209
4146 4210
4147 4148
4147 4209
4147 4210
4147 4211
4148 4149
4148 4210
4148 4211
4148 4212
4149 4150
4149 4211
4149 4212
4150 4151
4150 4212
4150 4213
4151 4213
4151 4214
4152 4153
4152 4214
4152 4215
4152 4216
4153 4154
4153 4215
4153 4216
4153 4217
4154 4155
4154 4216
4154 4217
4154 4218
4155 4156
4155 4217
4155 4218
4155 4219
4156 4157
4156 4218
4156 4219
4157 4158
4157 4219
4157 4220
4158 4159
4158 4220
4159 4160
4159 4220
4159 4221
4160 4161
4160 4221
4160 4222
4161 4221
4161 4222
4162 4163
4162 4223
4162 4224
4162 4225
4163 4164
4163 4224
4163 4225
4163 4226
4164 4165
4164 4225
4164 4226
4165 4166
4165 4226
4165 4227
4166 4167
4166 4227
4166 4228
4167 4168
4167 4227
4167 4228
4167 4229
4168 4169
4168 4228
4168 4229
4168 4230
4169 4170
4169 4229
4169 4230
4169 4231
4170 4171
4170 4230
4170 4231
4170 4232
4171 4172
4171 4231
4171 4232
4172 4173
4172 4232
4172 4233
4173 4174
4173 4233
4173 4234
4174 4175
4174 4233
4174 4234
4174 4235
4175 4176
4175 4234
4175 4235
4176 4235
4177 4236
4177 4237
4178 4179
4178 4237
4178 4238
4179 4180
4179 4238
4180 4181
4180 4239
4181 4239
4181 4240
4182 4241
4182 4242
4183 4184
4183 4243
4183 4244
4184 4244
4184 4245
4185 4186
4185 4245
4185 4246
4185 4247
4186 4187
4186 4246
4186 4247
4186 4248
4187 4247
4187 4248
4187 4249
4188 4189
4188 4250
4188 4251
4188 4252
4189 4190
4189 4251
4189 4252
4189 4253
4190 4252
4190 4253
4190 4254
4191 4254
4191 4255
4192 4193
4192 4256
4192 4257
4193 4194
4193 4256
4193 4257
4193 4258
4194 4195
4194 4257
4194 4258
4194 4259
4195 4196
4195 4258
4195 4259
4195 4260
4196 4197
4196 4259
4196 4260
4196 4261
4197 4198
4197 4260
4197 4261
4197 4262
4198 4199
4198 4261
4198 4262
4198 4263
4199 4262
4199 4263
4200 4201
4200 4264
4201 4202
4201 4264
4201 4265
4202 4203
4202 4264
4202 4265
4202 4266
4203 4204
4203 4265
4203 4266
4203 4267
4204 4205
4204 4266
4204 4267
4204 4268
4205 4206
4205 4267
4205 4268
4205 4269
4206 4207
4206 4268
4206 4269
4206 4270
4207 4208
4207 4269
4207 4270
4208 4270
4208 4271
4209 4210
4209 4272
4209 4273
4210 4211
4210 4273
4210 4274
4211 4212
4211 4273
4211 4274
4211 4275
4212 4274
4212 4275
4212 4276
4213 4214
4213 4276
4213 4277
4213 4278
4214 4215
4214 4277
4214 4278
4214 4279
4215 4216
4215 4278
4215 4279
4215 4280
4216 4217
4216 4279
4216 4280
4217 4218
4217 4280
4217 4281
4218 4219
4218 4281
4218 4282
4219 4281
4219 4282
4219 4283
4220 4283
4220 4284
4220 4285
4221 4222
4221 4285
4221 4286
4221 4287
4222 4286
4222 4287
4222 4288
4223 4224
4223 4288
4223 4289
4224 4225
4224 4289
4224 4290
4225 4226
4225 4289
4225 4290
4225 4291
4226 4290
4226 4291
4227 4228
4227 4292
4227 4293
4228 4229
4228 4292
4228 4293
4228 4294
4229 4230
4229 4293
4229 4294
4229 4295
4230 4231
4230 4294
4230 4295
4231 4232
4231 4295
4231 4296
4232 4296
4232 4297
4233 4234
4233 4297
4233 4298
4233 4299
4234 4235
4234 4298
4234 4299
4235 4299
4235 4300
4236 4237
4236 4301
4237 4238
4237 4301
4237 4302
4238 4302
4238 4303
4239 4240
4239 4304
4239 4305
4239 4306
4240 4305
4240 4306
4240 4307
4241 4242
4241 4307
4241 4308
4242 4243
4242 4308
4242 4309
4243 4308
4243 4309
4243 4310
4244 4245
4244 4310
4244 4311
4244 4312
4245 4246
4245 4311
4245 4312
4246 4247
4246 4312
4246 4313
4247 4248
4247 4313
4247 4314
4248 4249
4248 4313
4248 4314
4248 4315
4249 4250
4249 4314
4249 4315
4249 4316
4250 4251
4250 4315
4250 4316
4250 4317
4251 4252
4251 4316
4251 4317
4251 4318
4252 4253
4252 4317
4252 4318
4252 4319
4253 4254
4253 4318
4253 4319
4254 4255
4254 4319
4254 4320
4255 4320
4256 4257
4256 4321
4256 4322
4257 4258
4257 4321
4257 4322
4257 4323
4258 4259
4258 4322
4258 4323
4258 4324
4259 4260
4259 4323
4259 4324
4259 4325
4260 4261
4260 4324
4260 4325
4260 4326
4261 4262
4261 4325
4261 4326
4261 4327
4262 4263
4262 4326
4262 4327
4262 4328
4263 4327
4263 4328
4263 4329
4264 4265
4264 4330
4264 4331
4265 4266
4265 4331
4265 4332
4266 4267
4266 4331
4266 4332
4266 4333
4267 4268
4267 4332
4267 4333
4268 4269
4268 4333
4268 4334
4269 4270
4269 4334
4269 4335
4270 4334
4270 4335
4270 4336
4271 4336
4271 4337
4272 4338
4272 4339
4273 4274
4273 4339
4273 4340
4273 4341
4274 4275
4274 4340
4274 4341
4274 4342
4275 4276
4275 4341
4275 4342
4275 4343
4276 4277
4276 4342
4276 4343
4277 4278
4277 4343
4277 4344
4278 4279
4278 4344
4278 4345
4279 4280
4279 4344
4279 4345
4279 4346
4280 4345
4280 4346
4280 4347
4281 4282
4281 4347
4281 4348
4281 4349
4282 4283
4282 4348
4282 4349
4282 4350
4283 4284
4283 4349
4283 4350
4284 4285
4284 4350
4284 4351
4285 4286
4285 4351
4286 4287
4286 4351
4286 4352
4287 4288
4287 4352
4287 4353
4288 4352
4288 4353
4289 4290
4289 4354
4290 4291
4290 4354
4291 4354
4291 4355
4292 4293
4292 4355
4292 4356
4292 4357
4293 4294
4293 4356
4293 4357
4293 4358
4294 4295
4294 4357
4294 4358
4294 4359
4295 4358
4295 4359
4295 4360
4296 4297
4296 4360
4296 4361
4296 4362
4297 4298
4297 4361
4297 4362
4297 4363
4298 4299
4298 4362
4298 4363
4299 4363
4299 4364
4300 4364
4301 4365
4301 4366
4302 4303
4302 4366
4303 4304
4303 4367
4304 4305
4304 4367
4304 4368
4305 4306
4305 4367
4305 4368
4306 4307
4306 4368
4306 4369
4307 4369
4307 4370
4308 4309
4308 4370
4308 4371
4308 4372
4309 4310
4309 4371
4309 4372
4309 4373
4310 4311
4310 4372
4310 4373
4310 4374
4311 4312
4311 4373
4311 4374
4311 4375
4312 4374
4312 4375
4312 4376
4313 4314
4313 4376
4313 4377
4313 4378
4314 4315
4314 4377
4314 4378
4314 4379
4315 4316
4315 4378
4315 4379
4315 4380
4316 4317
4316 4379
4316 4380
4317 4318
4317 4380
4317 4381
4318 4319
4318 4381
4318 4382
4319 4381
4319 4382
4320 4383
4320 4384
4321 4322
4321 4384
4321 4385
4322 4323
4322 4385
4322 4386
4323 4324
4323 4386
4323 4387
4324 4325
4324 4386
4324 4387
4324 4388
4325 4326
4325 4387
4325 4388
4325 4389
4326 4327
4326 4388
4326 4389
4326 4390
4327 4328
4327 4389
4327 4390
4328 4329
4328 4390
4328 4391
4329 4330
4329 4391
4329 4392
4330 4391
4330 4392
4330 4393
4331 4332
4331 4393
4331 4394
4332 4333
4332 4394
4332 4395
4333 4395
4333 4396
4334 4335
4334 4396
4334 4397
4334 4398
4335 4336
4335 4397
4335 4398
4335 4399
4336 4337
4336 4398
4336 4399
4336 4400
4337 4399
4337 4400
4337 4401
4338 4339
4338 4401
4338 4402
4338 4403
4339 4340
4339 4402
4339 4403
4339 4404
4340 4341
4340 4403
4340 4404
4340 4405
4341 4342
4341 4404
4341 4405
4341 4406
4342 4343
4342 4405
4342 4406
4342 4407
4343 4406
4343 4407
4343 4408
4344 4345
4344 4408
4344 4409
4344 4410
4345 4346
4345 4409
4345 4410
4345 4411
4346 4347
4346 4410
4346 4411
4346 4412
4347 4348
4347 4411
4347 4412
4347 4413
4348 4349
4348 4412
4348 4413
4348 4414
4349 4350
4349 4413
4349 4414
4350 4414
4350 4415
4351 4415
4351 4416
4352 4353
4352 4417
4353 4417
4353 4418
4354 4419
4354 4420
4354 4421
4355 4356
4355 4421
4355 4422
4356 4357
4356 4422
4356 4423
4357 4358
4357 4423
4357 4424
4358 4359
4358 4423
4358 4424
4359 4360
4359 4424
4359 4425
4360 4361
4360 4425
4360 4426
4361 4362
4361 4425
4361 4426
4361 4427
4362 4363
4362 4426
4362 4427
4362 4428
4363 4427
4363 4428
4364 4429
4364 4430
4365 4366
4365 4431
4365 4432
4366 4431
4366 4432
4366 4433
4367 4368
4367 4434
4367 4435
4368 4434
4368 4435
4368 4436
4369 4370
4369 4436
4369 4437
4369 4438
4370 4371
4370 4437
4370 4438
4371 4372
4371 4438
4371 4439
4372 4373
4372 4439
4372 4440
4373 4374
4373 4439
4373 4440
4373 4441
4374 4375
4374 4440
4374 4441
4374 4442
4375 4376
4375 4441
4375 4442
4376 4377
4376 4442
4376 4443
4377 4378
4377 4443
4377 4444
4378 4379
4378 4443
4378 4444
4378 4445
4379 4380
4379 4444
4379 4445
4379 4446
4380 4445
4380 4446
4380 4447
4381 4382
4381 4447
4381 4448
4381 4449
4382 4448
4382 4449
4383 4384
4383 4450
4383 4451
4384 4385
4384 4450
4384 4451
4384 4452
4385 4451
4385 4452
4385 4453
4386 4387
4386 4453
4386 4454
4386 4455
4387 4388
4387 4454
4387 4455
4388 4389
4388 4455
4388 4456
4389 4390
4389 4456
4389 4457
4390 4456
4390 4457
4391 4392
4391 4458
4391 4459
4392 4393
4392 4458
4392 4459
4393 4394
4393 4459
4393 4460
4394 4460
4394 4461
4395 4396
4395 4461
4395 4462
4395 4463
4396 4397
4396 4462
4396 4463
4396 4464
4397 4398
4397 4463
4397 4464
4398 4399
4398 4464
4399 4400
4399 4465
4400 4401
4400 4465
4401 4402
4401 4465
4401 4466
4402 4403
4402 4466
4403 4404
4403 4466
4404 4405
4404 4467
4405 4406
4405 4467
4406 4407
4406 4467
4406 4468
4407 4408
4407 4468
4408 4409
4408 4468
4408 4469
4409 4410
4409 4469
4410 4411
4410 4469
4410 4470
4411 4412
4411 4470
4411 4471
4412 4413
4412 4470
4412 4471
4412 4472
4413 4414
4413 4471
4413 4472
4413 4473
4414 4472
4414 4473
4414 4474
4415 4416
4415 4474
4415 4475
4415 4476
4416 4475
4416 4476
4416 4477
4417 4418
4417 4478
4417 4479
4418 4419
4418 4479
4418 4480
4419 4420
4419 4479
4419 4480
4419 4481
4420 4421
4420 4480
4420 4481
4420 4482
4421 4422
4421 4481
4421 4482
4421 4483
4422 4482
4422 4483
4422 4484
4423 4424
4423 4484
4423 4485
4424 4485
4424 4486
4425 4426
4425 4486
4425 4487
4425 4488
4426 4427
4426 4487
4426 4488
4426 4489
4427 4428
4427 4488
4427 4489
4428 4489
4428 4490
4429 4430
4429 4490
4429 4491
4429 4492
4430 4491
4430 4492
4431 4432
4431 4493
4432 4433
4432 4493
4432 4494
4433 4493
4433 4494
4434 4435
4434 4495
4434 4496
4435 4436
4435 4495
4435 4496
4435 4497
4436 4437
4436 4496
4436 4497
4436 4498
4437 4438
4437 4497
4437 4498
4437 4499
4438 4498
4438 4499
4438 4500
4439 4440
4439 4500
4439 4501
4439 4502
4440 4441
4440 4501
4440 4502
4440 4503
4441 4442
4441 4502
4441 4503
4441 4504
4442 4503
4442 4504
4443 4444
4443 4505
4444 4445
4444 4505
4444 4506
4445 4446
4445 4506
4445 4507
4446 4447
4446 4506
4446 4507
4446 4508
4447 4448
4447 4507
4447 4508
4447 4509
4448 4449
4448 4508
4448 4509
4448 4510
4449 4509
4449 4510
4449 4511
4450 4451
4450 4511
4450 4512
4451 4452
4451 4512
4451 4513
4452 4453
4452 4512
4452 4513
4453 4454
4453 4513
4454 4455
4455 4514
4456 4457
4456 4514
4456 4515
4457 4515
4457 4516
4458 4459
4458 4516
4458 4517
4458 4518
4459 4517
4459 4518
4459 4519
4460 4461
4460 4519
4460 4520
4460 4521
4461 4462
4461 4520
4461 4521
4461 4522
4462 4463
4462 4521
4462 4522
4462 4523
4463 4464
4463 4522
4463 4523
4463 4524
4464 4523
4464 4524
4464 4525
4465 4526
4465 4527
4466 4527
4466 4528
4466 4529
4467 4530
4468 4530
4468 4531
4469 4532
4470 4471
4470 4532
4470 4533
4470 4534
4471 4472
4471 4533
4471 4534
4471 4535
4472 4473
4472 4534
4472 4535
4472 4536
4473 4474
4473 4535
4473 4536
4474 4475
4474 4536
4474 4537
4475 4476
4475 4537
4475 4538
4476 4477
4476 4537
4476 4538
4476 4539
4477 4478
4477 4538
4477 4539
4478 4539
4479 4480
4479 4540
4479 4541
4480 4481
4480 4540
4480 4541
4480 4542
4481 4482
4481 4541
4481 4542
4482 4483
4482 4542
4482 4543
4483 4484
4483 4543
4483 4544
4484 4543
4484 4544
4484 4545
4485 4486
4485 4545
4485 4546
4485 4547
4486 4487
4486 4546
4486 4547
4486 4548
4487 4488
4487 4547
4487 4548
4487 4549
4488 4489
4488 4548
4488 4549
4488 4550
4489 4549
4489 4550
4489 4551
4490 4491
4490 4551
4490 4552
4491 4492
4491 4552
4491 4553
4492 4553
4493 4494
4493 4554
4493 4555
4494 4555
4494 4556
4495 4496
4495 4556
4495 4557
4496 4497
4496 4557
4496 4558
4497 4498
4497 4557
4497 4558
4497 4559
4498 4499
4498 4558
4498 4559
4498 4560
4499 4500
4499 4559
4499 4560
4499 4561
4500 4501
4500 4560
4500 4561
4501 4502
4501 4561
4501 4562
4502 4503
4502 4562
4503 4504
4503 4562
4503 4563
4504 4563
4504 4564
4505 4564
4505 4565
4505 4566
4506 4507
4506 4566
4506 4567
4506 4568
4507 4508
4507 4567
4507 4568
4508 4509
4508 4568
4509 4510
4509 4569
4510 4511
4510 4569
4511 4569
4512 4513
4512 4570
4512 4571
4513 4570
4513 4571
4513 4572
4514 4574
4514 4575
4515 4516
4515 4575
4515 4576
4515 4577
4516 4517
4516 4576
4516 4577
4516 4578
4517 4518
4517 4577
4517 4578
4517 4579
4518 4519
4518 4578
4518 4579
4518 4580
4519 4520
4519 4579
4519 4580
4520 4521
4520 4580
4521 4522
4521 4581
4522 4523
4522 4581
4523 4524
4523 4581
4523 4582
4524 4525
4524 4582
4524 4583
4525 4582
4525 4583
4526 4527
4526 4584
4526 4585
4527 4528
4527 4584
4527 4585
4527 4586
4528 4529
4528 4585
4528 4586
4528 4587
4529 4586
4529 4587
4529 4588
4530 4531
4530 4589
4530 4590
4531 4590
4531 4591
4532 4533
4532 4592
4532 4593
4533 4534
4533 4592
4533 4593
4533 4594
4534 4535
4534 4593
4534 4594
4534 4595
4535 4536
4535 4594
4535 4595
4535 4596
4536 4595
4536 4596
4536 4597
4537 4538
4537 4597
4537 4598
4538 4539
4538 4598
4538 4599
4539 4599
4539 4600
4540 4541
4540 4601
4540 4602
4540 4603
4541 4542
4541 4602
4541 4603
4542 4603
4542 4604
4543 4544
4543 4604
4543 4605
4544 4545
4544 4605
4545 4546
4545 4605
4545 4606
4546 4547
4546 4606
4546 4607
4547 4548
4547 4606
4547 4607
4548 4549
4548 4607
4548 4608
4549 4550
4549 4608
4550 4551
4550 4608
4551 4552
4551 4609
4552 4609
4552 4610
4553 4610
4553 4611
4554 4555
4554 4612
4554 4613
4555 4612
4555 4613
4555 4614
4556 4614
4556 4615
4556 4616
4557 4558
4557 4616
4557 4617
4558 4559
4558 4617
4558 4618
4559 4560
4559 4618
4559 4619
4560 4561
4560 4618
4560 4619
4561 4619
4561 4620
4562 4620
4562 4621
4562 4622
4563 4564
4563 4622
4563 4623
4563 4624
4564 4565
4564 4623
4564 4624
4564 4625
4565 4566
4565 4624
4565 4625
4565 4626
4566 4567
4566 4625
4566 4626
4566 4627
4567 4568
4567 4626
4567 4627
4567 4628
4568 4627
4568 4628
4568 4629
4569 4630
4569 4631
4569 4632
4570 4571
4570 4633
4570 4634
4570 4635
4571 4572
4571 4634
4571 4635
4571 4636
4572 4573
4572 4635
4572 4636
4573 4574
4573 4636
4573 4637
4574 4637
4574 4638
4575 4576
4575 4638
4575 4639
4575 4640
4576 4577
4576 4639
4576 4640
4576 4641
4577 4578
4577 4640
4577 4641
4578 4579
4578 4641
4578 4642
4579 4580
4579 4642
4579 4643
4580 4642
4580 4643
4581 4644
4581 4645
4582 4583
4582 4646
4583 4646
4583 4647
4584 4585
4584 4647
4584 4648
4584 4649
4585 4586
4585 4648
4585 4649
4585 4650
4586 4587
4586 4649
4586 4650
4586 4651
4587 4588
4587 4650
4587 4651
4587 4652
4588 4589
4588 4651
4588 4652
4589 4590
4589 4652
4589 4653
4590 4653
4592 4593
4592 4654
4592 4655
4593 4594
4593 4654
4593 4655
4593 4656
4594 4595
4594 4655
4594 4656
4594 4657
4595 4596
4595 4656
4595 4657
4596 4597
4596 4657
4597 4598
4597 4658
4598 4658
4598 4659
4599 4600
4599 4659
4599 4660
4599 4661
4600 4601
4600 4660
4600 4661
4600 4662
4601 4602
4601 4661
4601 4662
4601 4663
4602 4603
4602 4662
4602 4663
4603 4663
4603 4664
4604 4664
4605 4665
4606 4607
4606 4665
4606 4666
4607 4666
4607 4667
4608 4667
4608 4668
4608 4669
4609 4610
4609 4670
4610 4611
4610 4671
4611 4671
4612 4613
4612 4672
4613 4614
4613 4672
4614 4615
4614 4672
4614 4673
4615 4616
4615 4673
4615 4674
4616 4617
4616 4673
4616 4674
4616 4675
4617 4674
4617 4675
4617 4676
4618 4619
4618 4676
4618 4677
4618 4678
4619 4677
4619 4678
4619 4679
4620 4621
4620 4679
4621 4622
4621 4680
4622 4623
4622 4680
4622 4681
4623 4624
4623 4680
4623 4681
4623 4682
4624 4625
4624 4681
4624 4682
4625 4626
4625 4682
4625 4683
4626 4627
4626 4683
4626 4684
4627 4628
4627 4683
4627 4684
4627 4685
4628 4629
4628 4684
4628 4685
4628 4686
4629 4630
4629 4685
4629 4686
4629 4687
4630 4631
4630 4686
4630 4687
4630 4688
4631 4632
4631 4687
4631 4688
4631 4689
4632 4633
4632 4688
4632 4689
4632 4690
4633 4634
4633 4689
4633 4690
4633 4691
4634 4635
4634 4690
4634 4691
4634 4692
4635 4636
4635 4691
4635 4692
4635 4693
4636 4692
4636 4693
4637 4638
4637 4694
4638 4639
4638 4694
4638 4695
4639 4640
4639 4695
4639 4696
4640 4641
4640 4695
4640 4696
4640 4697
4641 4696
4641 4697
4642 4643
4642 4698
4642 4699
4643 4698
4643 4699
4643 4700
4644 4645
4644 4700
4644 4701
4645 4701
4647 4648
4647 4702
4647 4703
4648 4649
4648 4702
4648 4703
4648 4704
4649 4650
4649 4703
4649 4704
4649 4705
4650 4651
4650 4704
4650 4705
4650 4706
4651 4652
4651 4705
4651 4706
4652 4706
4652 4707
4653 4707
4653 4708
4653 4709
4654 4655
4654 4711
4654 4712
4655 4656
4655 4712
4655 4713
4656 4657
4656 4712
4656 4713
4657 4713
4657 4714
4658 4659
4658 4715
4658 4716
4658 4717
4659 4660
4659 4716
4659 4717
4659 4718
4660 4661
4660 4717
4660 4718
4661 4662
4661 4718
4661 4719
4662 4663
4662 4719
4662 4720
4663 4719
4663 4720
4663 4721
4664 4721
4664 4722
4665 4724
4665 4725
4666 4667
4666 4725
4666 4726
4667 4668
4667 4726
4667 4727
4668 4669
4668 4726
4668 4727
4669 4670
4669 4727
4669 4728
4670 4728
4670 4729
4671 4730
4671 4731
4672 4732
4672 4733
4673 4674
4674 4675
4675 4676
4675 4734
4676 4677
4676 4734
4676 4735
4677 4678
4677 4734
4677 4735
4677 4736
4678 4679
4678 4735
4678 4736
4678 4737
4679 4736
4679 4737
4680 4681
4680 4738
4680 4739
4680 4740
4681 4682
4681 4739
4681 4740
4681 4741
4682 4740
4682 4741
4682 4742
4683 4684
4683 4742
4683 4743
4683 4744
4684 4685
4684 4743
4684 4744
4684 4745
4685 4686
4685 4744
4685 4745
4686 4687
4686 4745
4686 4746
4687 4688
4687 4746
4687 4747
4688 4689
4688 4746
4688 4747
4688 4748
4689 4690
4689 4747
4689 4748
4689 4749
4690 4691
4690 4748
4690 4749
4690 4750
4691 4692
4691 4749
4691 4750
4691 4751
4692 4693
4692 4750
4692 4751
4692 4752
4693 4751
4693 4752
4693 4753
4694 4753
4694 4754
4694 4755
4695 4696
4695 4755
4695 4756
4695 4757
4696 4697
4696 4756
4696 4757
4697 4757
4697 4758
4698 4699
4698 4758
4699 4700
4699 4759
4700 4701
4700 4759
4700 4760
4701 4759
4701 4760
4702 4703
4702 4763
4702 4764
4702 4765
4703 4704
4703 4764
4703 4765
4703 4766
4704 4705
4704 4765
4704 4766
4704 4767
4705 4706
4705 4766
4705 4767
4705 4768
4706 4767
4706 4768
4706 4769
4707 4708
4707 4769
4707 4770
4707 4771
4708 4709
4708 4770
4708 4771
4708 4772
4709 4710
4709 4771
4709 4772
4709 4773
4710 4711
4710 4772
4710 4773
4710 4774
4711 4773
4711 4774
4711 4775
4712 4713
4712 4775
4712 4776
4713 4776
4713 4777
4714 4715
4714 4777
4714 4778
4714 4779
4715 4716
4715 4778
4715 4779
4715 4780
4716 4717
4716 4779
4716 4780
4716 4781
4717 4718
4717 4780
4717 4781
4717 4782
4718 4781
4718 4782
4718 4783
4719 4720
4719 4783
4719 4784
4719 4785
4720 4721
4720 4784
4720 4785
4720 4786
4721 4785
4721 4786
4721 4787
4722 4723
4722 4787
4722 4788
4723 4788
4723 4789
4724 4725
4724 4789
4724 4790
4725 4790
4725 4791
4726 4727
4726 4791
4726 4792
4727 4792
4728 4729
4728 4793
4728 4794
4729 4730
4729 4793
4729 4794
4729 4795
4730 4731
4730 4794
4730 4795
4730 4796
4731 4795
4731 4796
4732 4733
4732 4797
4733 4797
4733 4798
4734 4735
4734 4801
4734 4802
4734 4803
4735 4736
4735 4802
4735 4803
4735 4804
4736 4737
4736 4803
4736 4804
4737 4804
4737 4805
4738 4739
4738 4805
4738 4806
4738 4807
4739 4740
4739 4806
4739 4807
4739 4808
4740 4741
4740 4807
4740 4808
4740 4809
4741 4742
4741 4808
4741 4809
4741 4810
4742 4743
4742 4809
4742 4810
4742 4811
4743 4744
4743 4810
4743 4811
4743 4812
4744 4745
4744 4811
4744 4812
4745 4812
4745 4813
4746 4747
4746 4813
4746 4814
4746 4815
4747 4748
4747 4814
4747 4815
4747 4816
4748 4749
4748 4815
4748 4816
4748 4817
4749 4750
4749 4816
4749 4817
4749 4818
4750 4751
4750 4817
4750 4818
4750 4819
4751 4752
4751 4818
4751 4819
4751 4820
4752 4753
4752 4819
4752 4820
4752 4821
4753 4754
4753 4820
4753 4821
4753 4822
4754 4755
4754 4821
4754 4822
4754 4823
4755 4756
4755 4822
4755 4823
4755 4824
4756 4757
4756 4823
4756 4824
4756 4825
4757 4824
4757 4825
4757 4826
4758 4826
4758 4827
4758 4828
4759 4760
4759 4829
4759 4830
4759 4831
4760 4830
4760 4831
4760 4832
4761 4762
4761 4832
4761 4833
4761 4834
4762 4763
4762 4833
4762 4834
4763 4764
4763 4834
4764 4765
4764 4835
4765 4766
4765 4835
4765 4836
4766 4767
4766 4835
4766 4836
4766 4837
4767 4768
4767 4836
4767 4837
4767 4838
4768 4769
4768 4837
4768 4838
4768 4839
4769 4770
4769 4838
4769 4839
4770 4771
4770 4839
4770 4840
4771 4772
4771 4840
4771 4841
4772 4773
4772 4840
4772 4841
4772 4842
4773 4774
4773 4841
4773 4842
4773 4843
4774 4775
4774 4842
4774 4843
4774 4844
4775 4843
4775 4844
4775 4845
4776 4777
4776 4845
4776 4846
4776 4847
4777 4778
4777 4846
4777 4847
4777 4848
4778 4779
4778 4847
4778 4848
4779 4780
4779 4848
4779 4849
4780 4781
4780 4849
4780 4850
4781 4782
4781 4849
4781 4850
4782 4783
4782 4850
4782 4851
4783 4784
4783 4851
4783 4852
4784 4785
4784 4851
4784 4852
4785 4786
4785 4852
4785 4853
4786 4787
4786 4853
4787 4853
4788 4789
4788 4854
4788 4855
4789 4854
4789 4855
4789 4856
4790 4791
4790 4856
4790 4857
4791 4857
4791 4858
4792 4858
4792 4859
4793 4794
4793 4859
4793 4860
4793 4861
4794 4795
4794 4860
4794 4861
4795 4796
4795 4861
4795 4862
4796 4862
4797 4863
4797 4864
4798 4799
4798 4864
4798 4865
4799 4800
4799 4865
4799 4866
4800 4801
4800 4865
4800 4866
4801 4802
4801 4866
4802 4803
4802 4867
4803 4804
4803 4867
4804 4867
4804 4868
4805 4806
4805 4868
4805 4869
4805 4870
4806 4807
4806 4869
4806 4870
4806 4871
4807 4808
4807 4870
4807 4871
4807 4872
4808 4809
4808 4871
4808 4872
4808 4873
4809 4810
4809 4872
4809 4873
4810 4811
4810 4873
4810 4874
4811 4812
4811 4874
4811 4875
4812 4874
4812 4875
4813 4814
4813 4876
4813 4877
4814 4815
4814 4876
4814 4877
4814 4878
4815 4816
4815 4877
4815 4878
4815 4879
4816 4817
4816 4878
4816 4879
4816 4880
4817 4818
4817 4879
4817 4880
4818 4819
4818 4880
4818 4881
4819 4820
4819 4881
4820 4821
4820 4881
4820 4882
4821 4822
4821 4882
4821 4883
4822 4823
4822 4882
4822 4883
4822 4884
4823 4824
4823 4883
4823 4884
4824 4825
4824 4884
4824 4885
4825 4826
4825 4885
4825 4886
4826 4827
4826 4885
4826 4886
4826 4887
4827 4828
4827 4886
4827 4887
4827 4888
4828 4829
4828 4887
4828 4888
4828 4889
4829 4830
4829 4888
4829 4889
4829 4890
4830 4831
4830 4889
4830 4890
4830 4891
4831 4832
4831 4890
4831 4891
4831 4892
4832 4833
4832 4891
4832 4892
4832 4893
4833 4834
4833 4892
4833 4893
4833 4894
4834 4893
4834 4894
4834 4895
4835 4836
4835 4896
4835 4897
4835 4898
4836 4837
4836 4897
4836 4898
4836 4899
4837 4838
4837 4898
4837 4899
4837 4900
4838 4839
4838 4899
4838 4900
4838 4901
4839 4900
4839 4901
4839 4902
4840 4841
4840 4902
4840 4903
4841 4842
4841 4903
4842 4843
4842 4903
4842 4904
4843 4844
4843 4904
4843 4905
4844 4845
4844 4904
4844 4905
4844 4906
4845 4846
4845 4905
4845 4906
4845 4907
4846 4847
4846 4906
4846 4907
4846 4908
4847 4848
4847 4907
4847 4908
4847 4909
4848 4908
4848 4909
4848 4910
4849 4850
4849 4910
4849 4911
4850 4911
4850 4912
4851 4852
4851 4912
4851 4913
4851 4914
4852 4913
4852 4914
4852 4915
4853 4915
4853 4916
4853 4917
4854 4855
4854 4918
4854 4919
4854 4920
4855 4856
4855 4919
4855 4920
4855 4921
4856 4857
4856 4920
4856 4921
4857 4921
4859 4860
4860 4861
4860 4922
4861 4922
4861 4923
4862 4923
4862 4924
4863 4864
4863 4925
4863 4926
4864 4925
4864 4926
4865 4866
4865 4927
4865 4928
4866 4927
4866 4928
4866 4929
4867 4930
4867 4931
4868 4869
4868 4932
4868 4933
4869 4870
4869 4932
4869 4933
4869 4934
4870 4871
4870 4933
4870 4934
4870 4935
4871 4872
4871 4934
4871 4935
4871 4936
4872 4873
4872 4935
4872 4936
4872 4937
4873 4936
4873 4937
4873 4938
4874 4875
4874 4938
4874 4939
4874 4940
4875 4939
4875 4940
4875 4941
4876 4877
4876 4941
4876 4942
4877 4878
4877 4942
4877 4943
4878 4879
4878 4942
4878 4943
4878 4944
4879 4880
4879 4943
4879 4944
4879 4945
4880 4944
4880 4945
4880 4946
4881 4946
4881 4947
4882 4883
4882 4947
4882 4948
4882 4949
4883 4884
4883 4948
4883 4949
4883 4950
4884 4949
4884 4950
4885 4886
4885 4951
4885 4952
4886 4887
4886 4951
4886 4952
4886 4953
4887 4888
4887 4952
4887 4953
4887 4954
4888 4889
4888 4953
4888 4954
4888 4955
4889 4890
4889 4954
4889 4955
4889 4956
4890 4891
4890 4955
4890 4956
4890 4957
4891 4892
4891 4956
4891 4957
4891 4958
4892 4893
4892 4957
4892 4958
4892 4959
4893 4894
4893 4958
4893 4959
4893 4960
4894 4895
4894 4959
4894 4960
4894 4961
4895 4896
4895 4960
4895 4961
4895 4962
4896 4897
4896 4961
4896 4962
4896 4963
4897 4898
4897 4962
4897 4963
4898 4899
4898 4963
4898 4964
4899 4900
4899 4964
4900 4901
4900 4964
4900 4965
4901 4902
4901 4965
4901 4966
4902 4965
4902 4966
4902 4967
4903 4967
4903 4968
4904 4905
4905 4906
4905 4969
4906 4907
4906 4969
4906 4970
4907 4908
4907 4969
4907 4970
4907 4971
4908 4909
4908 4970
4908 4971
4908 4972
4909 4910
4909 4971
4909 4972
4909 4973
4910 4911
4910 4972
4910 4973
4911 4973
4911 4974
4912 4913
4912 4974
4912 4975
4913 4914
4913 4975
4913 4976
4914 4915
4914 4976
4914 4977
4915 4916
4915 4976
4915 4977
4915 4978
4916 4917
4916 4977
4916 4978
4916 4979
4917 4918
4917 4978
4917 4979
4917 4980
4918 4919
4918 4979
4918 4980
4919 4920
4919 4980
4920 4921
4921 4981
4922 4923
4922 4986
4922 4987
4923 4924
4923 4986
4923 4987
4923 4988
4924 4987
4924 4988
4925 4926
4925 4989
4925 4990
4926 4989
4926 4990
4926 4991
4927 4928
4927 4991
4927 4992
4928 4929
4928 4992
4928 4993
4929 4930
4929 4993
4929 4994
4930 4931
4930 4993
4930 4994
4931 4994
4931 4995
4932 4933
4932 4995
4932 4996
4932 4997
4933 4934
4933 4996
4933 4997
4934 4935
4934 4997
4934 4998
4935 4936
4935 4998
4936 4937
4936 4998
4936 4999
4937 4938
4937 4999
4937 5000
4938 4939
4938 4999
4938 5000
4938 5001
4939 4940
4939 5000
4939 5001
4939 5002
4940 4941
4940 5001
4940 5002
4940 5003
4941 5002
4941 5003
4941 5004
4942 4943
4942 5004
4942 5005
4943 4944
4943 5005
4943 5006
4944 4945
4944 5005
4944 5006
4944 5007
4945 4946
4945 5006
4945 5007
4945 5008
4946 5007
4946 5008
4946 5009
4947 4948
4947 5009
4947 5010
4947 5011
4948 4949
4948 5010
4948 5011
4949 4950
4949 5011
4949 5012
4950 5012
4950 5013
4951 4952
4951 5013
4951 5014
4951 5015
4952 4953
4952 5014
4952 5015
4953 4954
4953 5015
4953 5016
4954 4955
4954 5016
4954 5017
4955 4956
4955 5016
4955 5017
4956 4957
4956 5017
4956 5018
4957 4958
4957 5018
4957 5019
4958 4959
4958 5018
4958 5019
4958 5020
4959 4960
4959 5019
4959 5020
4959 5021
4960 4961
4960 5020
4960 5021
4960 5022
4961 4962
4961 5021
4961 5022
4961 5023
4962 4963
4962 5022
4962 5023
4962 5024
4963 5023
4963 5024
4963 5025
4964 5025
4964 5026
4965 4966
4965 5026
4965 5027
4965 5028
4966 4967
4966 5027
4966 5028
4966 5029
4967 4968
4967 5028
4967 5029
4967 5030
4968 5029
4968 5030
4968 5031
4969 4970
4969 5033
4969 5034
4969 5035
4970 4971
4970 5034
4970 5035
4970 5036
4971 4972
4971 5035
4971 5036
4972 4973
4972 5036
4972 5037
4973 5037
4973 5038
4974 4975
4974 5038
4974 5039
4974 5040
4975 5039
4975 5040
4975 5041
4976 4977
4976 5041
4976 5042
4976 5043
4977 4978
4977 5042
4977 5043
4977 5044
4978 4979
4978 5043
4978 5044
4978 5045
4979 4980
4979 5044
4979 5045
4979 5046
4980 5045
4980 5046
4980 5047
4981 4982
4981 5049
4981 5050
4982 4983
4982 5050
4982 5051
4983 4984
4983 5050
4983 5051
4983 5052
4984 4985
4984 5051
4984 5052
4984 5053
4985 5052
4985 5053
4985 5054
4986 4987
4986 5054
4986 5055
4987 4988
4987 5055
4987 5056
4988 5056
4989 4990
4989 5057
4989 5058
4990 4991
4990 5057
4990 5058
4990 5059
4991 4992
4991 5058
4991 5059
4991 5060
4992 5059
4992 5060
4992 5061
4993 4994
4993 5061
4993 5062
4994 5062
4994 5063
4995 4996
4995 5063
4995 5064
4995 5065
4996 4997
4996 5064
4996 5065
4996 5066
4997 5065
4997 5066
4998 5067
4999 5000
4999 5067
4999 5068
4999 5069
5000 5001
5000 5068
5000 5069
5001 5002
5001 5069
5001 5070
5002 5003
5002 5070
5002 5071
5003 5004
5003 5070
5003 5071
5004 5071
5004 5072
5005 5006
5005 5072
5005 5073
5006 5007
5006 5073
5006 5074
5007 5008
5007 5073
5007 5074
5007 5075
5008 5009
5008 5074
5008 5075
5008 5076
5009 5010
5009 5075
5009 5076
5009 5077
5010 5011
5010 5076
5010 5077
5010 5078
5011 5077
5011 5078
5011 5079
5012 5013
5012 5079
5012 5080
5013 5014
5013 5080
5013 5081
5014 5015
5014 5080
5014 5081
5014 5082
5015 5081
5015 5082
5015 5083
5016 5017
5016 5083
5016 5084
5016 5085
5017 5084
5017 5085
5017 5086
5018 5019
5018 5086
5018 5087
5019 5020
5019 5087
5019 5088
5020 5021
5020 5088
5020 5089
5021 5022
5021 5088
5021 5089
5022 5023
5022 5089
5022 5090
5023 5024
5023 5090
5024 5025
5024 5090
5024 5091
5025 5091
5026 5027
5026 5092
5026 5093
5027 5028
5027 5092
5027 5093
5027 5094
5028 5029
5028 5093
5028 5094
5028 5095
5029 5030
5029 5094
5029 5095
5029 5096
5030 5031
5030 5095
5030 5096
5030 5097
5031 5032
5031 5096
5031 5097
5031 5098
5032 5033
5032 5097
5032 5098
5032 5099
5033 5034
5033 5098
5033 5099
5033 5100
5034 5035
5034 5099
5034 5100
5034 5101
5035 5036
5035 5100
5035 5101
5035 5102
5036 5101
5036 5102
5036 5103
5037 5038
5037 5103
5037 5104
5038 5039
5038 5104
5038 5105
5039 5040
5039 5105
5039 5106
5040 5041
5040 5105
5040 5106
5041 5042
5041 5106
5041 5107
5042 5043
5042 5107
5042 5108
5043 5044
5043 5107
5043 5108
5044 5045
5044 5108
5044 5109
5045 5046
5045 5109
5045 5110
5046 5047
5046 5109
5046 5110
5047 5048
5047 5110
5047 5111
5048 5049
5048 5111
5048 5112
5049 5111
5049 5112
5049 5113
5050 5051
5050 5113
5050 5114
5050 5115
5051 5052
5051 5114
5051 5115
5051 5116
5052 5053
5052 5115
5052 5116
5052 5117
5053 5054
5053 5116
5053 5117
5053 5118
5054 5055
5054 5117
5054 5118
5055 5118
5056 5119
5057 5058
5058 5059
5059 5060
5060 5061
5061 5062
5063 5064
5064 5065
5065 5066
5067 5068
5068 5069
5070 5071
5073 5074
5074 5075
5075 5076
5076 5077
5077 5078
5078 5079
5080 5081
5081 5082
5082 5083
5083 5084
5084 5085
5085 5086
5086 5087
5088 5089
5092 5093
5093 5094
5094 5095
5095 5096
5096 5097
5097 5098
5098 5099
5099 5100
5100 5101
5101 5102
5102 5103
5103 5104
5105 5106
5107 5108
5109 5110
5111 5112
5112 5113
5113 5114
5114 5115
5115 5116
5116 5117
5117 5118
