# FromNodeId	ToNodeId
0 1
0 73
1 2
1 73
1 74
2 3
2 74
2 75
3 4
3 74
3 75
4 5
4 75
4 76
5 6
5 76
6 76
7 8
8 9
8 77
9 10
9 77
10 11
10 77
11 12
11 78
12 13
12 78
12 79
13 14
13 78
13 79
13 80
14 15
14 79
14 80
14 81
15 16
15 80
15 81
16 17
16 81
16 82
17 82
17 83
18 19
18 83
18 84
19 20
19 84
20 84
20 85
21 22
21 85
21 86
22 23
22 86
22 87
23 24
23 87
23 88
24 87
24 88
25 26
25 89
25 90
26 27
26 89
26 90
26 91
27 28
27 90
27 91
27 92
28 29
28 91
28 92
28 93
29 30
29 92
29 93
29 94
30 31
30 93
30 94
31 32
31 94
31 95
32 33
32 95
32 96
33 34
33 95
33 96
33 97
34 35
34 96
34 97
34 98
35 36
35 97
35 98
35 99
36 37
36 98
36 99
36 100
37 99
37 100
37 101
38 101
38 102
38 103
39 40
39 103
39 104
39 105
40 41
40 104
40 105
40 106
41 42
41 105
41 106
42 43
42 106
42 107
43 107
44 45
44 108
45 108
45 109
46 47
46 109
46 110
47 48
47 110
47 111
48 49
48 110
48 111
48 112
49 50
49 111
49 112
49 113
50 51
50 112
50 113
50 114
51 52
51 113
51 114
52 114
52 115
53 116
53 117
53 118
54 118
54 119
55 56
55 120
56 57
56 120
57 58
57 120
57 121
58 121
58 122
59 122
59 123
60 61
60 124
60 125
61 62
61 125
61 126
62 63
62 125
62 126
62 127
63 126
63 127
64 65
64 128
65 66
65 128
65 129
66 67
66 129
67 129
67 130
68 69
68 130
68 131
69 70
69 131
69 132
70 71
70 132
70 133
71 72
71 132
71 133
71 134
72 133
72 134
73 135
74 75
74 136
75 136
75 137
76 137
76 138
76 139
77 142
77 143
78 79
78 144
79 80
79 144
79 145
80 81
80 144
80 145
80 146
81 145
81 146
81 147
82 83
82 147
82 148
82 149
83 148
83 149
83 150
84 150
84 151
85 86
85 151
85 152
85 153
86 152
86 153
86 154
87 88
87 154
87 155
87 156
88 155
88 156
89 90
89 157
90 91
90 157
90 158
91 92
91 157
91 158
92 93
92 158
93 94
95 96
95 159
95 160
96 97
96 159
96 160
96 161
97 98
97 160
97 161
97 162
98 99
98 161
98 162
99 100
99 162
100 101
101 102
101 163
102 103
102 163
102 164
103 104
103 163
103 164
103 165
104 105
104 164
104 165
104 166
105 106
105 165
105 166
106 166
106 167
107 167
107 168
107 169
108 109
108 170
108 171
108 172
109 171
109 172
109 173
110 111
110 173
110 174
110 175
111 112
111 174
111 175
111 176
112 113
112 175
112 176
112 177
113 114
113 176
113 177
113 178
114 177
114 178
114 179
115 116
115 179
115 180
115 181
116 117
116 180
116 181
117 118
117 181
117 182
118 119
118 182
118 183
119 182
119 183
120 184
120 185
120 186
121 122
121 186
121 187
122 123
122 187
122 188
123 187
123 188
123 189
124 189
124 190
124 191
125 126
125 191
126 127
126 192
127 192
127 193
128 193
128 194
128 195
129 195
129 196
130 131
130 197
130 198
131 197
131 198
131 199
132 133
132 199
132 200
133 134
133 200
133 201
134 201
135 202
135 203
136 137
136 204
137 138
137 204
137 205
138 139
138 205
139 140
139 205
139 206
140 141
140 206
140 207
141 206
141 207
141 208
142 143
142 208
142 209
142 210
143 209
143 210
143 211
144 145
144 212
144 213
145 146
145 213
146 147
146 213
146 214
147 148
147 214
147 215
148 149
148 214
148 215
148 216
149 150
149 215
149 216
149 217
150 216
150 217
150 218
151 152
151 218
151 219
151 220
152 153
152 219
152 220
152 221
153 154
153 220
153 221
153 222
154 155
154 221
154 222
154 223
155 156
155 222
155 223
156 223
156 224
157 158
157 225
157 226
158 225
158 226
158 227
159 160
159 230
159 231
159 232
160 161
160 231
160 232
160 233
161 162
161 232
161 233
161 234
162 233
162 234
162 235
163 164
163 237
163 238
164 165
164 237
164 238
165 166
165 238
165 239
166 239
166 240
167 168
167 240
167 241
168 169
168 241
168 242
169 170
169 241
169 242
170 171
170 242
170 243
171 172
171 243
171 244
172 173
172 243
172 244
172 245
173 174
173 244
173 245
173 246
174 175
174 245
174 246
174 247
175 176
175 246
175 247
176 177
176 247
176 248
177 178
177 248
177 249
178 179
178 248
178 249
178 250
179 180
179 249
179 250
179 251
180 181
180 250
180 251
180 252
181 251
181 252
181 253
182 183
182 253
182 254
182 255
183 254
183 255
183 256
184 185
184 256
184 257
185 186
185 257
186 258
187 188
187 258
187 259
187 260
188 189
188 259
188 260
188 261
189 190
189 260
189 261
189 262
190 191
190 261
190 262
190 263
191 262
191 263
191 264
192 193
192 265
192 266
193 194
193 266
193 267
194 195
194 267
194 268
195 196
195 267
195 268
195 269
196 268
196 269
196 270
197 198
197 270
197 271
197 272
198 199
198 271
198 272
198 273
199 200
199 272
199 273
199 274
200 273
200 274
200 275
201 275
201 276
202 203
202 277
202 278
203 277
203 278
203 279
204 279
204 280
206 207
207 208
207 281
208 209
208 281
208 282
209 210
209 281
209 282
209 283
210 211
210 282
210 283
210 284
211 212
211 283
211 284
212 284
212 285
213 285
213 286
214 215
214 286
214 287
214 288
215 216
215 287
215 288
215 289
216 217
216 288
216 289
217 218
217 289
218 219
218 290
219 220
219 290
220 221
220 290
220 291
221 222
221 291
221 292
222 223
222 291
222 292
222 293
223 292
223 293
223 294
224 294
224 295
225 226
225 295
225 296
225 297
226 227
226 296
226 297
226 298
227 228
227 297
227 298
227 299
228 229
228 298
228 299
228 300
229 230
229 299
229 300
230 231
230 300
230 301
231 232
231 301
231 302
232 233
232 301
232 302
232 303
233 234
233 302
233 303
233 304
234 235
234 303
234 304
234 305
235 236
235 304
235 305
235 306
236 305
236 306
236 307
237 238
237 307
237 308
237 309
238 308
238 309
238 310
239 240
239 310
239 311
239 312
240 311
240 312
240 313
241 242
241 313
241 314
241 315
242 314
242 315
242 316
243 244
243 316
243 317
243 318
244 245
244 317
244 318
245 246
245 318
245 319
246 247
246 319
246 320
247 319
247 320
247 321
248 249
248 321
248 322
248 323
249 250
249 322
249 323
250 251
250 323
250 324
251 252
251 324
251 325
252 253
252 324
252 325
252 326
253 254
253 325
253 326
254 255
254 326
254 327
255 256
255 327
255 328
256 257
256 327
256 328
257 328
258 259
258 329
258 330
259 260
259 330
260 261
260 330
260 331
261 262
261 331
261 332
262 263
262 331
262 332
262 333
263 264
263 332
263 333
263 334
264 265
264 333
264 334
265 266
265 334
265 335
266 335
267 268
267 336
268 269
268 336
268 337
269 270
269 337
269 338
270 271
270 337
270 338
270 339
271 272
271 338
271 339
272 273
272 339
272 340
273 274
273 340
273 341
274 275
274 340
274 341
274 342
275 276
275 341
275 342
276 342
277 278
277 343
277 344
278 279
278 343
278 344
278 345
279 280
279 344
279 345
279 346
280 345
280 346
280 347
281 282
281 351
281 352
282 283
282 352
282 353
283 284
283 352
283 353
283 354
284 353
284 354
284 355
285 355
285 356
285 357
286 287
286 357
286 358
286 359
287 288
287 358
287 359
287 360
288 289
288 359
288 360
288 361
289 360
289 361
289 362
290 363
290 364
290 365
291 292
291 365
291 366
291 367
292 293
292 366
292 367
292 368
293 294
293 367
293 368
293 369
294 368
294 369
294 370
295 296
295 370
295 371
295 372
296 297
296 371
296 372
296 373
297 298
297 372
297 373
297 374
298 299
298 373
298 374
298 375
299 300
299 374
299 375
299 376
300 375
300 376
301 302
301 377
301 378
302 303
302 377
302 378
302 379
303 304
303 378
303 379
303 380
304 305
304 379
304 380
304 381
305 306
305 380
305 381
305 382
306 307
306 381
306 382
306 383
307 308
307 382
307 383
307 384
308 309
308 383
308 384
308 385
309 310
309 384
309 385
309 386
310 311
310 385
310 386
310 387
311 312
311 386
311 387
311 388
312 313
312 387
312 388
313 314
313 388
313 389
314 315
314 389
314 390
315 316
315 389
315 390
315 391
316 317
316 390
316 391
316 392
317 318
317 391
317 392
317 393
318 392
318 393
319 320
319 394
319 395
320 321
320 394
320 395
321 322
321 395
321 396
322 323
322 396
322 397
323 396
323 397
324 325
324 398
324 399
325 326
325 398
325 399
326 399
326 400
327 328
327 400
327 401
328 401
328 402
329 403
329 404
330 405
331 332
331 406
332 333
332 406
332 407
333 334
333 406
333 407
333 408
334 407
334 408
334 409
335 409
335 410
336 411
336 412
337 338
337 412
337 413
337 414
338 339
338 413
338 414
338 415
339 414
339 415
339 416
340 341
340 416
340 417
340 418
341 342
341 417
341 418
341 419
342 418
342 419
342 420
343 344
343 421
343 422
344 345
344 421
344 422
344 423
345 346
345 422
345 423
345 424
346 347
346 423
346 424
346 425
347 348
347 424
347 425
347 426
348 349
348 425
348 426
348 427
349 350
349 426
349 427
349 428
350 351
350 427
350 428
350 429
351 428
351 429
351 430
352 353
352 430
352 431
353 354
353 431
354 355
354 432
355 356
355 432
355 433
356 357
356 432
356 433
357 358
357 433
357 434
358 359
358 434
358 435
359 360
359 434
359 435
360 361
360 435
360 436
361 362
361 436
361 437
362 363
362 436
362 437
362 438
363 364
363 437
363 438
364 365
364 438
364 439
365 366
365 439
365 440
366 367
366 439
366 440
366 441
367 368
367 440
367 441
367 442
368 369
368 441
368 442
368 443
369 370
369 442
369 443
369 444
370 371
370 443
370 444
370 445
371 372
371 444
371 445
372 373
372 445
372 446
373 374
373 446
374 375
374 446
374 447
375 376
375 447
375 448
376 447
376 448
376 449
377 378
377 449
377 450
378 379
378 450
378 451
379 380
379 450
379 451
380 381
380 451
380 452
381 382
381 452
381 453
382 383
382 452
382 453
382 454
383 384
383 453
383 454
383 455
384 385
384 454
384 455
384 456
385 386
385 455
385 456
386 387
386 456
387 388
387 457
388 457
388 458
389 390
389 458
389 459
390 391
390 459
391 392
391 459
391 460
392 393
392 460
392 461
393 460
393 461
393 462
394 395
394 462
394 463
395 463
395 464
396 397
396 464
396 465
397 465
397 466
398 399
398 466
398 467
399 467
399 468
400 401
400 468
400 469
401 469
402 403
402 470
403 404
403 470
403 471
404 470
404 471
404 472
405 472
405 473
405 474
406 407
406 475
406 476
406 477
407 408
407 476
407 477
407 478
408 409
408 477
408 478
408 479
409 410
409 478
409 479
409 480
410 479
410 480
410 481
411 412
411 481
411 482
412 413
412 482
413 414
413 483
414 415
414 483
415 416
415 483
415 484
416 417
416 484
416 485
417 418
417 484
417 485
417 486
418 419
418 485
418 486
418 487
419 420
419 486
419 487
419 488
420 487
420 488
421 422
421 489
421 490
422 423
422 489
422 490
422 491
423 424
423 490
423 491
423 492
424 425
424 491
424 492
424 493
425 426
425 492
425 493
425 494
426 427
426 493
426 494
427 428
427 494
427 495
428 429
428 495
428 496
429 430
429 495
429 496
429 497
430 431
430 496
430 497
431 497
431 498
432 433
432 499
432 500
433 500
433 501
434 435
434 501
434 502
435 502
435 503
436 437
436 503
436 504
436 505
437 438
437 504
437 505
438 505
438 506
439 440
439 506
440 441
440 507
441 442
441 507
441 508
442 443
442 507
442 508
443 444
443 508
443 509
444 445
444 509
445 509
445 510
446 510
446 511
446 512
447 448
447 512
447 513
447 514
448 449
448 513
448 514
449 514
450 451
450 515
450 516
451 515
451 516
451 517
452 453
452 517
452 518
452 519
453 454
453 518
453 519
454 455
454 519
454 520
455 456
455 520
455 521
456 520
456 521
457 458
457 522
457 523
458 523
458 524
459 524
459 525
459 526
460 461
460 526
460 527
461 462
461 527
461 528
462 463
462 528
462 529
463 528
463 529
463 530
464 465
464 530
464 531
464 532
465 531
465 532
465 533
466 467
466 533
466 534
466 535
467 534
467 535
467 536
468 469
468 536
469 537
470 471
470 539
470 540
470 541
471 472
471 540
471 541
471 542
472 473
472 541
472 542
472 543
473 474
473 542
473 543
473 544
474 475
474 543
474 544
474 545
475 476
475 544
475 545
475 546
476 477
476 545
476 546
476 547
477 478
477 546
477 547
477 548
478 479
478 547
478 548
478 549
479 480
479 548
479 549
480 481
480 549
480 550
481 482
481 550
481 551
482 550
482 551
483 552
483 553
484 485
484 554
485 486
485 554
486 487
486 555
487 488
487 555
487 556
488 555
488 556
489 490
489 557
489 558
490 491
490 557
490 558
490 559
491 492
491 558
491 559
491 560
492 493
492 559
492 560
492 561
493 494
493 560
493 561
493 562
494 561
494 562
494 563
495 496
495 563
495 564
495 565
496 497
496 564
496 565
496 566
497 565
497 566
497 567
498 499
498 567
498 568
499 568
499 569
500 501
500 569
500 570
500 571
501 570
501 571
501 572
502 503
502 572
502 573
503 504
503 573
504 505
504 574
505 574
505 575
506 575
506 576
506 577
507 508
507 578
507 579
508 578
508 579
508 580
509 580
509 581
509 582
510 511
510 582
510 583
511 512
511 583
511 584
512 513
512 583
512 584
512 585
513 514
513 584
513 585
513 586
514 585
514 586
514 587
515 516
515 588
515 589
515 590
516 517
516 589
516 590
516 591
517 518
517 590
517 591
517 592
518 519
518 591
518 592
518 593
519 592
519 593
520 521
520 594
521 594
521 595
522 523
522 595
522 596
522 597
523 596
523 597
524 525
524 598
524 599
525 526
525 598
525 599
525 600
526 527
526 599
526 600
526 601
527 600
527 601
527 602
528 529
528 602
528 603
528 604
529 530
529 603
529 604
530 531
530 604
530 605
531 532
531 605
531 606
532 533
532 605
532 606
532 607
533 534
533 606
533 607
534 535
534 607
535 536
535 608
536 608
536 609
537 538
537 610
537 611
538 539
538 610
538 611
538 612
539 540
539 611
539 612
539 613
540 541
540 612
540 613
540 614
541 542
541 613
541 614
541 615
542 543
542 614
542 615
542 616
543 544
543 615
543 616
543 617
544 545
544 616
544 617
544 618
545 546
545 617
545 618
545 619
546 547
546 618
546 619
546 620
547 548
547 619
547 620
547 621
548 549
548 620
548 621
548 622
549 621
549 622
549 623
550 551
550 623
550 624
550 625
551 624
551 625
551 626
552 553
552 626
552 627
552 628
553 627
553 628
553 629
554 629
554 630
555 556
555 631
555 632
555 633
556 632
556 633
557 558
557 634
557 635
558 559
558 634
558 635
558 636
559 560
559 635
559 636
560 561
560 636
560 637
561 562
561 637
562 563
562 637
563 564
564 565
564 638
565 566
565 638
565 639
566 567
566 638
566 639
567 639
567 640
568 569
568 640
568 641
569 570
569 641
569 642
570 571
570 641
570 642
570 643
571 572
571 642
571 643
571 644
572 573
572 643
572 644
572 645
573 644
573 645
573 646
574 575
574 647
574 648
575 576
575 647
575 648
575 649
576 577
576 648
576 649
576 650
577 649
577 650
577 651
578 579
578 651
578 652
579 580
579 652
579 653
580 581
580 652
580 653
580 654
581 582
581 653
581 654
581 655
582 654
582 655
582 656
583 584
583 656
583 657
584 585
584 657
584 658
585 586
585 657
585 658
586 587
586 658
586 659
587 588
587 659
588 589
588 659
588 660
589 590
589 660
589 661
590 591
590 660
590 661
590 662
591 592
591 661
591 662
591 663
592 593
592 662
592 663
592 664
593 663
593 664
593 665
594 665
594 666
594 667
595 596
595 667
595 668
596 597
596 668
596 669
597 669
597 670
598 599
598 670
598 671
599 600
599 671
599 672
600 601
600 672
600 673
601 602
601 672
601 673
601 674
602 603
602 673
602 674
602 675
603 604
603 674
603 675
603 676
604 675
604 676
604 677
605 606
605 677
605 678
605 679
606 607
606 678
606 679
607 679
607 680
608 609
608 681
608 682
608 683
609 682
609 683
609 684
610 611
610 684
610 685
611 612
611 685
612 613
612 685
612 686
613 614
613 686
613 687
614 615
614 686
614 687
614 688
615 616
615 687
615 688
615 689
616 617
616 688
616 689
617 618
617 689
617 690
618 619
618 690
618 691
619 620
619 690
619 691
619 692
620 621
620 691
620 692
621 622
621 692
621 693
622 623
622 693
623 624
623 693
624 625
624 694
625 626
625 694
625 695
626 627
626 694
626 695
627 628
627 695
627 696
628 629
628 696
628 697
629 630
629 696
629 697
629 698
630 697
630 698
630 699
631 632
631 699
631 700
631 701
632 633
632 700
632 701
632 702
633 701
633 702
634 635
634 703
634 704
635 636
635 703
635 704
635 705
636 704
636 705
636 706
637 706
637 707
637 708
638 639
638 709
638 710
638 711
639 710
639 711
639 712
640 712
640 713
640 714
641 642
641 714
641 715
641 716
642 643
642 715
642 716
642 717
643 644
643 716
643 717
644 645
644 717
645 646
645 718
646 718
646 719
647 648
647 719
647 720
648 649
648 720
649 650
649 721
650 651
650 721
651 721
651 722
652 653
652 722
652 723
653 654
653 723
653 724
654 655
654 723
654 724
654 725
655 656
655 724
655 725
655 726
656 725
656 726
656 727
657 658
657 727
657 728
657 729
658 728
658 729
658 730
659 730
659 731
659 732
660 661
660 732
660 733
660 734
661 662
661 733
661 734
661 735
662 663
662 734
662 735
662 736
663 664
663 735
663 736
663 737
664 665
664 736
664 737
665 666
665 737
665 738
666 667
666 738
666 739
667 668
667 738
667 739
667 740
668 739
668 740
668 741
669 670
669 741
669 742
669 743
670 671
670 742
670 743
670 744
671 743
671 744
671 745
672 673
672 745
672 746
673 674
673 746
673 747
674 675
674 747
675 676
675 747
675 748
676 677
676 748
676 749
677 678
677 748
677 749
677 750
678 679
678 749
678 750
678 751
679 750
679 751
679 752
680 681
680 752
680 753
680 754
681 682
681 753
681 754
682 683
682 754
682 755
683 684
683 755
684 755
684 756
685 756
685 757
686 687
686 757
686 758
686 759
687 688
687 758
687 759
687 760
688 689
688 759
688 760
688 761
689 760
689 761
689 762
690 691
690 762
690 763
690 764
691 692
691 763
691 764
691 765
692 764
692 765
692 766
693 766
693 767
694 695
694 768
694 769
694 770
695 769
695 770
695 771
696 697
696 771
696 772
696 773
697 698
697 772
697 773
697 774
698 699
698 773
698 774
698 775
699 700
699 774
699 775
699 776
700 701
700 775
700 776
700 777
701 702
701 776
701 777
701 778
702 777
702 778
703 704
703 779
703 780
704 705
704 779
704 780
704 781
705 706
705 780
705 781
705 782
706 707
706 781
706 782
706 783
707 708
707 782
707 783
707 784
708 783
708 784
708 785
709 710
709 785
709 786
709 787
710 711
710 786
710 787
710 788
711 712
711 787
711 788
711 789
712 713
712 788
712 789
712 790
713 714
713 789
713 790
713 791
714 715
714 790
714 791
714 792
715 716
715 791
715 792
715 793
716 717
716 792
716 793
716 794
717 793
717 794
717 795
718 719
718 796
718 797
719 720
719 797
719 798
720 798
720 799
721 800
721 801
722 801
722 802
722 803
723 724
723 803
723 804
724 725
724 804
724 805
725 726
725 805
725 806
726 727
726 805
726 806
727 728
727 806
728 729
728 807
729 730
729 807
729 808
730 731
730 807
730 808
730 809
731 732
731 808
731 809
732 733
732 809
732 810
733 734
733 810
733 811
734 735
734 810
734 811
734 812
735 736
735 811
735 812
735 813
736 737
736 812
736 813
736 814
737 813
737 814
737 815
738 739
738 815
738 816
739 740
739 816
739 817
740 741
740 817
740 818
741 742
741 817
741 818
741 819
742 743
742 818
742 819
742 820
743 744
743 819
743 820
743 821
744 745
744 820
744 821
744 822
745 746
745 821
745 822
745 823
746 822
746 823
746 824
747 824
747 825
748 749
748 825
748 826
748 827
749 750
749 826
749 827
749 828
750 751
750 827
750 828
751 752
751 828
751 829
752 753
752 829
752 830
753 754
753 829
753 830
753 831
754 830
754 831
755 832
755 833
756 833
756 834
756 835
757 758
757 835
757 836
757 837
758 759
758 836
758 837
758 838
759 760
759 837
759 838
759 839
760 761
760 838
760 839
760 840
761 762
761 839
761 840
761 841
762 763
762 840
762 841
762 842
763 764
763 841
763 842
763 843
764 765
764 842
764 843
764 844
765 766
765 843
765 844
765 845
766 767
766 844
766 845
767 845
768 769
768 846
768 847
769 770
769 846
769 847
769 848
770 771
770 847
770 848
771 772
771 848
771 849
772 773
772 849
772 850
773 774
773 849
773 850
773 851
774 775
774 850
774 851
775 776
775 851
775 852
776 777
776 852
776 853
777 778
777 852
777 853
777 854
778 853
778 854
779 780
779 855
779 856
780 781
780 855
780 856
780 857
781 782
781 856
781 857
781 858
782 783
782 857
782 858
782 859
783 784
783 858
783 859
783 860
784 785
784 859
784 860
784 861
785 786
785 860
785 861
785 862
786 787
786 861
786 862
786 863
787 788
787 862
787 863
787 864
788 789
788 863
788 864
788 865
789 790
789 864
789 865
790 791
790 865
790 866
791 792
791 866
791 867
792 793
792 866
792 867
792 868
793 794
793 867
793 868
793 869
794 795
794 868
794 869
795 796
795 869
795 870
796 797
796 870
797 870
797 871
798 799
798 871
798 872
798 873
799 872
799 873
799 874
800 801
800 874
800 875
801 802
801 875
802 803
802 875
802 876
803 804
803 876
803 877
804 876
804 877
804 878
805 806
805 878
805 879
806 879
806 880
807 808
807 881
807 882
808 809
808 882
809 882
809 883
810 811
810 883
810 884
810 885
811 812
811 884
811 885
811 886
812 813
812 885
812 886
812 887
813 814
813 886
813 887
813 888
814 815
814 887
814 888
814 889
815 816
815 888
815 889
815 890
816 889
816 890
816 891
817 818
817 891
817 892
817 893
818 819
818 892
818 893
818 894
819 820
819 893
819 894
820 821
820 894
820 895
821 822
821 895
821 896
822 823
822 895
822 896
822 897
823 824
823 896
823 897
823 898
824 897
824 898
825 826
825 899
826 827
826 899
826 900
827 828
827 899
827 900
827 901
828 900
828 901
828 902
829 830
829 902
829 903
829 904
830 831
830 903
830 904
831 904
832 833
832 905
832 906
833 834
833 905
833 906
834 835
834 906
834 907
835 836
835 907
836 837
836 907
836 908
837 838
837 908
838 839
838 908
839 840
840 841
840 909
841 842
841 909
841 910
842 843
842 909
842 910
842 911
843 844
843 910
843 911
843 912
844 845
844 911
844 912
844 913
845 912
845 913
845 914
846 847
846 915
846 916
846 917
847 848
847 916
847 917
847 918
848 917
848 918
848 919
849 850
849 919
849 920
849 921
850 851
850 920
850 921
850 922
851 921
851 922
851 923
852 853
852 923
852 924
853 854
853 924
853 925
854 924
854 925
855 856
855 926
855 927
856 857
856 926
856 927
856 928
857 858
857 927
857 928
857 929
858 859
858 928
858 929
859 860
859 929
859 930
860 861
860 930
860 931
861 862
861 930
861 931
861 932
862 863
862 931
862 932
862 933
863 864
863 932
863 933
863 934
864 865
864 933
864 934
864 935
865 934
865 935
866 867
866 936
866 937
867 868
867 936
867 937
867 938
868 869
868 937
868 938
868 939
869 938
869 939
869 940
870 940
870 941
870 942
871 872
871 942
871 943
871 944
872 873
872 943
872 944
872 945
873 874
873 944
873 945
873 946
874 945
874 946
874 947
875 947
875 948
876 877
876 948
876 949
876 950
877 878
877 949
877 950
877 951
878 950
878 951
878 952
879 880
879 952
879 953
879 954
880 881
880 953
880 954
881 954
881 955
882 955
882 956
883 884
883 956
883 957
883 958
884 885
884 957
884 958
884 959
885 886
885 958
885 959
885 960
886 887
886 959
886 960
887 888
887 960
887 961
888 889
888 961
888 962
889 890
889 961
889 962
889 963
890 891
890 962
890 963
890 964
891 892
891 963
891 964
891 965
892 893
892 964
892 965
892 966
893 894
893 965
893 966
893 967
894 966
894 967
894 968
895 896
895 968
895 969
895 970
896 897
896 969
896 970
896 971
897 898
897 970
897 971
898 971
898 972
899 900
899 973
899 974
899 975
900 901
900 974
900 975
900 976
901 902
901 975
901 976
901 977
902 903
902 976
902 977
902 978
903 904
903 977
903 978
903 979
904 978
904 979
904 980
905 906
905 981
905 982
906 982
906 983
907 983
907 984
907 985
908 985
908 986
909 910
909 988
910 911
910 989
911 912
911 989
912 913
912 989
912 990
913 914
913 990
914 915
914 990
914 991
915 916
915 991
915 992
916 917
916 991
916 992
917 918
917 992
917 993
918 919
918 993
918 994
919 920
919 993
919 994
919 995
920 921
920 994
920 995
920 996
921 922
921 995
921 996
921 997
922 923
922 996
922 997
922 998
923 997
923 998
923 999
924 925
924 999
924 1000
925 1000
926 927
926 1001
926 1002
927 928
927 1001
927 1002
927 1003
928 929
928 1002
928 1003
928 1004
929 1003
929 1004
929 1005
930 931
930 1005
930 1006
930 1007
931 932
931 1006
931 1007
932 933
932 1007
933 934
933 1008
934 935
934 1008
934 1009
935 1008
935 1009
935 1010
936 937
936 1010
936 1011
936 1012
937 938
937 1011
937 1012
937 1013
938 939
938 1012
938 1013
939 940
939 1013
939 1014
940 941
940 1014
940 1015
941 942
941 1014
941 1015
942 943
942 1015
942 1016
943 944
943 1016
943 1017
944 945
944 1016
944 1017
944 1018
945 946
945 1017
945 1018
945 1019
946 947
946 1018
946 1019
947 1019
947 1020
948 949
948 1020
948 1021
948 1022
949 950
949 1021
949 1022
949 1023
950 951
950 1022
950 1023
950 1024
951 952
951 1023
951 1024
951 1025
952 953
952 1024
952 1025
952 1026
953 954
953 1025
953 1026
953 1027
954 1026
954 1027
954 1028
955 1028
955 1029
956 957
956 1030
956 1031
957 958
957 1030
957 1031
957 1032
958 959
958 1031
958 1032
958 1033
959 960
959 1032
959 1033
959 1034
960 1033
960 1034
960 1035
961 962
961 1035
961 1036
961 1037
962 963
962 1036
962 1037
962 1038
963 964
963 1037
963 1038
963 1039
964 965
964 1038
964 1039
965 966
965 1039
965 1040
966 967
966 1040
966 1041
967 968
967 1040
967 1041
967 1042
968 969
968 1041
968 1042
968 1043
969 970
969 1042
969 1043
969 1044
970 971
970 1043
970 1044
971 1044
971 1045
972 973
972 1045
972 1046
972 1047
973 974
973 1046
973 1047
973 1048
974 975
974 1047
974 1048
975 976
975 1048
975 1049
976 977
976 1049
976 1050
977 978
977 1049
977 1050
977 1051
978 979
978 1050
978 1051
978 1052
979 980
979 1051
979 1052
979 1053
980 981
980 1052
980 1053
981 982
981 1053
981 1054
982 1054
982 1055
983 984
983 1055
983 1056
983 1057
984 985
984 1056
984 1057
984 1058
985 1057
985 1058
985 1059
986 987
986 1059
986 1060
986 1061
987 988
987 1060
987 1061
987 1062
988 1061
988 1062
988 1063
989 1064
989 1065
990 1065
990 1066
991 992
991 1066
991 1067
991 1068
992 1067
992 1068
993 994
993 1069
993 1070
994 995
994 1069
994 1070
995 996
995 1070
995 1071
996 997
996 1071
997 998
997 1071
997 1072
998 999
998 1072
998 1073
999 1072
999 1073
999 1074
1000 1074
1000 1075
1001 1002
1001 1076
1001 1077
1002 1003
1002 1076
1002 1077
1002 1078
1003 1004
1003 1077
1003 1078
1003 1079
1004 1005
1004 1078
1004 1079
1004 1080
1005 1006
1005 1079
1005 1080
1005 1081
1006 1007
1006 1080
1006 1081
1006 1082
1007 1081
1007 1082
1007 1083
1008 1009
1008 1084
1008 1085
1009 1010
1009 1084
1009 1085
1009 1086
1010 1011
1010 1085
1010 1086
1010 1087
1011 1012
1011 1086
1011 1087
1011 1088
1012 1013
1012 1087
1012 1088
1012 1089
1013 1088
1013 1089
1013 1090
1014 1015
1014 1090
1014 1091
1015 1091
1016 1017
1016 1092
1017 1018
1017 1092
1017 1093
1018 1019
1018 1092
1018 1093
1019 1093
1019 1094
1020 1021
1020 1094
1020 1095
1021 1022
1021 1095
1021 1096
1022 1023
1022 1095
1022 1096
1022 1097
1023 1024
1023 1096
1023 1097
1023 1098
1024 1025
1024 1097
1024 1098
1025 1026
1025 1098
1025 1099
1026 1027
1026 1099
1026 1100
1027 1028
1027 1099
1027 1100
1027 1101
1028 1029
1028 1100
1028 1101
1028 1102
1029 1101
1029 1102
1029 1103
1030 1031
1030 1103
1030 1104
1031 1032
1031 1104
1032 1033
1033 1034
1033 1105
1034 1035
1034 1105
1034 1106
1035 1036
1035 1105
1035 1106
1035 1107
1036 1037
1036 1106
1036 1107
1036 1108
1037 1038
1037 1107
1037 1108
1037 1109
1038 1039
1038 1108
1038 1109
1039 1109
1039 1110
1040 1041
1040 1110
1040 1111
1040 1112
1041 1042
1041 1111
1041 1112
1041 1113
1042 1043
1042 1112
1042 1113
1042 1114
1043 1044
1043 1113
1043 1114
1044 1114
1044 1115
1045 1046
1045 1115
1045 1116
1046 1047
1046 1116
1047 1048
1047 1117
1048 1117
1048 1118
1049 1050
1049 1118
1049 1119
1050 1051
1050 1119
1050 1120
1051 1052
1051 1119
1051 1120
1051 1121
1052 1053
1052 1120
1052 1121
1052 1122
1053 1121
1053 1122
1053 1123
1054 1055
1054 1123
1054 1124
1055 1056
1055 1124
1055 1125
1056 1057
1056 1124
1056 1125
1056 1126
1057 1058
1057 1125
1057 1126
1057 1127
1058 1059
1058 1126
1058 1127
1058 1128
1059 1060
1059 1127
1059 1128
1059 1129
1060 1061
1060 1128
1060 1129
1061 1062
1061 1129
1061 1130
1062 1063
1062 1130
1062 1131
1063 1130
1063 1131
1063 1132
1064 1065
1064 1132
1064 1133
1064 1134
1065 1133
1065 1134
1065 1135
1066 1067
1066 1135
1066 1136
1066 1137
1067 1068
1067 1136
1067 1137
1067 1138
1068 1137
1068 1138
1068 1139
1069 1070
1069 1139
1069 1140
1069 1141
1070 1140
1070 1141
1071 1142
1071 1143
1072 1073
1072 1143
1072 1144
1072 1145
1073 1074
1073 1144
1073 1145
1073 1146
1074 1075
1074 1145
1074 1146
1074 1147
1075 1146
1075 1147
1076 1077
1076 1148
1077 1078
1077 1148
1077 1149
1078 1079
1078 1148
1078 1149
1078 1150
1079 1080
1079 1149
1079 1150
1079 1151
1080 1081
1080 1150
1080 1151
1080 1152
1081 1082
1081 1151
1081 1152
1081 1153
1082 1083
1082 1152
1082 1153
1082 1154
1083 1153
1083 1154
1083 1155
1084 1085
1084 1155
1084 1156
1085 1086
1085 1156
1085 1157
1086 1087
1086 1156
1086 1157
1086 1158
1087 1088
1087 1157
1087 1158
1087 1159
1088 1089
1088 1158
1088 1159
1088 1160
1089 1090
1089 1159
1089 1160
1089 1161
1090 1160
1090 1161
1090 1162
1091 1162
1091 1163
1091 1164
1092 1093
1092 1165
1092 1166
1093 1165
1093 1166
1093 1167
1094 1167
1094 1168
1094 1169
1095 1096
1095 1169
1095 1170
1095 1171
1096 1097
1096 1170
1096 1171
1096 1172
1097 1098
1097 1171
1097 1172
1097 1173
1098 1172
1098 1173
1098 1174
1099 1100
1099 1174
1099 1175
1100 1101
1100 1175
1100 1176
1101 1102
1101 1176
1101 1177
1102 1103
1102 1176
1102 1177
1102 1178
1103 1104
1103 1177
1103 1178
1103 1179
1104 1178
1104 1179
1104 1180
1105 1106
1105 1182
1105 1183
1105 1184
1106 1107
1106 1183
1106 1184
1107 1108
1107 1184
1107 1185
1108 1109
1108 1185
1108 1186
1109 1185
1109 1186
1109 1187
1110 1111
1110 1187
1110 1188
1110 1189
1111 1112
1111 1188
1111 1189
1111 1190
1112 1113
1112 1189
1112 1190
1113 1114
1113 1190
1113 1191
1114 1191
1114 1192
1115 1116
1115 1192
1115 1193
1115 1194
1116 1193
1116 1194
1116 1195
1117 1118
1117 1196
1117 1197
1118 1197
1118 1198
1119 1120
1119 1198
1119 1199
1119 1200
1120 1121
1120 1199
1120 1200
1120 1201
1121 1122
1121 1200
1121 1201
1121 1202
1122 1123
1122 1201
1122 1202
1123 1202
1124 1125
1124 1203
1124 1204
1125 1126
1125 1203
1125 1204
1125 1205
1126 1127
1126 1204
1126 1205
1126 1206
1127 1128
1127 1205
1127 1206
1127 1207
1128 1129
1128 1206
1128 1207
1128 1208
1129 1207
1129 1208
1129 1209
1130 1131
1130 1209
1131 1132
1131 1210
1132 1133
1132 1210
1132 1211
1133 1134
1133 1210
1133 1211
1133 1212
1134 1135
1134 1211
1134 1212
1134 1213
1135 1136
1135 1212
1135 1213
1136 1137
1136 1213
1137 1138
1137 1214
1138 1139
1138 1214
1139 1140
1139 1214
1139 1215
1140 1141
1140 1215
1140 1216
1141 1215
1141 1216
1141 1217
1142 1143
1142 1217
1142 1218
1142 1219
1143 1144
1143 1218
1143 1219
1143 1220
1144 1145
1144 1219
1144 1220
1144 1221
1145 1146
1145 1220
1145 1221
1146 1147
1146 1221
1146 1222
1147 1222
1148 1149
1148 1223
1148 1224
1149 1150
1149 1223
1149 1224
1149 1225
1150 1151
1150 1224
1150 1225
1150 1226
1151 1152
1151 1225
1151 1226
1151 1227
1152 1153
1152 1226
1152 1227
1153 1154
1153 1227
1154 1155
1154 1228
1155 1228
1156 1157
1156 1229
1156 1230
1157 1158
1157 1229
1157 1230
1158 1159
1158 1230
1158 1231
1159 1160
1159 1231
1159 1232
1160 1161
1160 1231
1160 1232
1161 1162
1161 1232
1161 1233
1162 1163
1162 1233
1162 1234
1163 1164
1163 1233
1163 1234
1163 1235
1164 1234
1164 1235
1165 1166
1165 1236
1165 1237
1166 1167
1166 1236
1166 1237
1166 1238
1167 1168
1167 1237
1167 1238
1167 1239
1168 1169
1168 1238
1168 1239
1169 1170
1169 1239
1169 1240
1170 1171
1170 1240
1170 1241
1171 1172
1171 1240
1171 1241
1172 1173
1172 1241
1172 1242
1173 1174
1173 1242
1173 1243
1174 1175
1174 1242
1174 1243
1175 1243
1175 1244
1176 1177
1176 1244
1176 1245
1177 1178
1177 1245
1177 1246
1178 1179
1178 1245
1178 1246
1178 1247
1179 1180
1179 1246
1179 1247
1179 1248
1180 1181
1180 1247
1180 1248
1180 1249
1181 1182
1181 1248
1181 1249
1181 1250
1182 1183
1182 1249
1182 1250
1182 1251
1183 1184
1183 1250
1183 1251
1183 1252
1184 1251
1184 1252
1184 1253
1185 1186
1185 1253
1185 1254
1185 1255
1186 1187
1186 1254
1186 1255
1186 1256
1187 1188
1187 1255
1187 1256
1187 1257
1188 1189
1188 1256
1188 1257
1188 1258
1189 1190
1189 1257
1189 1258
1190 1258
1190 1259
1191 1192
1191 1259
1191 1260
1192 1193
1192 1260
1193 1194
1193 1261
1194 1195
1194 1261
1194 1262
1195 1196
1195 1261
1195 1262
1196 1197
1196 1262
1197 1263
1198 1199
1198 1263
1198 1264
1199 1200
1199 1264
1199 1265
1200 1201
1200 1265
1200 1266
1201 1202
1201 1265
1201 1266
1201 1267
1202 1266
1202 1267
1202 1268
1203 1204
1203 1269
1203 1270
1203 1271
1204 1205
1204 1270
1204 1271
1204 1272
1205 1206
1205 1271
1205 1272
1205 1273
1206 1207
1206 1272
1206 1273
1207 1208
1207 1273
1207 1274
1208 1209
1208 1274
1208 1275
1209 1274
1209 1275
1209 1276
1210 1211
1210 1277
1211 1212
1211 1278
1212 1213
1212 1278
1212 1279
1213 1278
1213 1279
1213 1280
1214 1281
1214 1282
1214 1283
1215 1216
1215 1283
1215 1284
1215 1285
1216 1217
1216 1284
1216 1285
1216 1286
1217 1218
1217 1285
1217 1286
1217 1287
1218 1219
1218 1286
1218 1287
1218 1288
1219 1220
1219 1287
1219 1288
1219 1289
1220 1221
1220 1288
1220 1289
1220 1290
1221 1289
1221 1290
1221 1291
1222 1291
1222 1292
1223 1224
1223 1293
1223 1294
1224 1225
1224 1294
1225 1226
1225 1295
1226 1227
1226 1295
1226 1296
1227 1295
1227 1296
1228 1297
1228 1298
1228 1299
1229 1230
1229 1299
1229 1300
1229 1301
1230 1300
1230 1301
1231 1232
1231 1302
1232 1302
1233 1234
1233 1303
1233 1304
1234 1235
1234 1303
1234 1304
1234 1305
1235 1304
1235 1305
1236 1237
1236 1306
1237 1238
1237 1306
1237 1307
1238 1239
1238 1306
1238 1307
1238 1308
1239 1307
1239 1308
1239 1309
1240 1241
1240 1309
1240 1310
1240 1311
1241 1310
1241 1311
1242 1243
1242 1312
1242 1313
1243 1312
1243 1313
1243 1314
1244 1314
1244 1315
1245 1246
1245 1316
1245 1317
1246 1247
1246 1316
1246 1317
1246 1318
1247 1248
1247 1317
1247 1318
1247 1319
1248 1249
1248 1318
1248 1319
1248 1320
1249 1250
1249 1319
1249 1320
1249 1321
1250 1251
1250 1320
1250 1321
1251 1252
1251 1321
1251 1322
1252 1253
1252 1322
1252 1323
1253 1254
1253 1322
1253 1323
1254 1255
1254 1323
1254 1324
1255 1256
1255 1324
1255 1325
1256 1257
1256 1324
1256 1325
1257 1258
1257 1325
1257 1326
1258 1326
1259 1260
1259 1327
1259 1328
1260 1327
1260 1328
1260 1329
1261 1262
1261 1330
1261 1331
1261 1332
1262 1331
1262 1332
1262 1333
1263 1264
1263 1334
1263 1335
1264 1334
1264 1335
1265 1266
1265 1336
1266 1267
1266 1336
1266 1337
1267 1268
1267 1336
1267 1337
1267 1338
1268 1269
1268 1337
1268 1338
1268 1339
1269 1270
1269 1338
1269 1339
1269 1340
1270 1271
1270 1339
1270 1340
1270 1341
1271 1272
1271 1340
1271 1341
1272 1273
1272 1341
1272 1342
1273 1342
1274 1275
1274 1343
1275 1276
1275 1343
1275 1344
1276 1277
1276 1344
1276 1345
1277 1344
1277 1345
1277 1346
1278 1279
1278 1347
1278 1348
1278 1349
1279 1280
1279 1348
1279 1349
1279 1350
1280 1281
1280 1349
1280 1350
1280 1351
1281 1282
1281 1350
1281 1351
1281 1352
1282 1283
1282 1351
1282 1352
1282 1353
1283 1284
1283 1352
1283 1353
1283 1354
1284 1285
1284 1353
1284 1354
1285 1286
1285 1354
1285 1355
1286 1287
1286 1355
1286 1356
1287 1288
1287 1355
1287 1356
1288 1289
1288 1356
1289 1290
1289 1357
1290 1291
1290 1357
1291 1292
1291 1357
1291 1358
1292 1358
1293 1294
1293 1359
1293 1360
1294 1359
1294 1360
1294 1361
1295 1296
1295 1362
1295 1363
1295 1364
1296 1363
1296 1364
1296 1365
1297 1298
1297 1365
1297 1366
1297 1367
1298 1299
1298 1366
1298 1367
1298 1368
1299 1300
1299 1367
1299 1368
1300 1301
1300 1368
1300 1369
1301 1369
1301 1370
1302 1371
1302 1372
1302 1373
1303 1304
1303 1373
1304 1305
1304 1374
1305 1374
1305 1375
1306 1307
1306 1376
1307 1308
1307 1376
1308 1309
1308 1377
1309 1310
1309 1377
1309 1378
1310 1311
1310 1377
1310 1378
1311 1378
1311 1379
1312 1313
1312 1379
1312 1380
1313 1314
1313 1380
1313 1381
1314 1315
1314 1380
1314 1381
1314 1382
1315 1381
1315 1382
1315 1383
1316 1317
1316 1383
1316 1384
1316 1385
1317 1318
1317 1384
1317 1385
1317 1386
1318 1319
1318 1385
1318 1386
1318 1387
1319 1320
1319 1386
1319 1387
1319 1388
1320 1321
1320 1387
1320 1388
1320 1389
1321 1388
1321 1389
1321 1390
1322 1323
1322 1390
1322 1391
1322 1392
1323 1391
1323 1392
1323 1393
1324 1325
1324 1393
1324 1394
1324 1395
1325 1394
1325 1395
1326 1396
1326 1397
1327 1328
1327 1397
1327 1398
1327 1399
1328 1329
1328 1398
1328 1399
1328 1400
1329 1330
1329 1399
1329 1400
1329 1401
1330 1331
1330 1400
1330 1401
1330 1402
1331 1332
1331 1401
1331 1402
1332 1333
1332 1402
1333 1403
1334 1335
1334 1403
1334 1404
1334 1405
1335 1404
1335 1405
1335 1406
1336 1337
1336 1407
1336 1408
1337 1338
1337 1408
1337 1409
1338 1339
1338 1409
1338 1410
1339 1340
1339 1409
1339 1410
1339 1411
1340 1341
1340 1410
1340 1411
1341 1411
1342 1412
1342 1413
1343 1413
1343 1414
1344 1345
1344 1415
1344 1416
1345 1346
1345 1415
1345 1416
1345 1417
1346 1347
1346 1416
1346 1417
1346 1418
1347 1348
1347 1417
1347 1418
1347 1419
1348 1349
1348 1418
1348 1419
1348 1420
1349 1350
1349 1419
1349 1420
1349 1421
1350 1351
1350 1420
1350 1421
1350 1422
1351 1352
1351 1421
1351 1422
1351 1423
1352 1353
1352 1422
1352 1423
1352 1424
1353 1354
1353 1423
1353 1424
1353 1425
1354 1424
1354 1425
1354 1426
1355 1356
1355 1426
1355 1427
1355 1428
1356 1427
1356 1428
1356 1429
1357 1430
1357 1431
1358 1431
1359 1360
1359 1432
1359 1433
1360 1361
1360 1432
1360 1433
1360 1434
1361 1362
1361 1433
1361 1434
1361 1435
1362 1363
1362 1434
1362 1435
1362 1436
1363 1364
1363 1435
1363 1436
1363 1437
1364 1365
1364 1436
1364 1437
1365 1366
1365 1437
1365 1438
1366 1367
1366 1438
1366 1439
1367 1368
1367 1438
1367 1439
1367 1440
1368 1439
1368 1440
1368 1441
1369 1370
1369 1441
1369 1442
1369 1443
1370 1371
1370 1442
1370 1443
1370 1444
1371 1372
1371 1443
1371 1444
1371 1445
1372 1373
1372 1444
1372 1445
1372 1446
1373 1445
1373 1446
1373 1447
1374 1375
1374 1448
1374 1449
1375 1449
1376 1450
1376 1451
1377 1378
1377 1452
1377 1453
1378 1453
1378 1454
1379 1454
1379 1455
1379 1456
1380 1381
1380 1456
1380 1457
1381 1382
1381 1457
1381 1458
1382 1383
1382 1458
1382 1459
1383 1384
1383 1458
1383 1459
1383 1460
1384 1385
1384 1459
1384 1460
1384 1461
1385 1386
1385 1460
1385 1461
1385 1462
1386 1387
1386 1461
1386 1462
1386 1463
1387 1388
1387 1462
1387 1463
1387 1464
1388 1389
1388 1463
1388 1464
1388 1465
1389 1390
1389 1464
1389 1465
1390 1391
1390 1465
1390 1466
1391 1392
1391 1466
1391 1467
1392 1393
1392 1466
1392 1467
1393 1394
1393 1467
1393 1468
1394 1395
1394 1468
1394 1469
1395 1468
1395 1469
1395 1470
1396 1397
1396 1470
1396 1471
1396 1472
1397 1398
1397 1471
1397 1472
1398 1399
1398 1472
1398 1473
1399 1400
1399 1473
1399 1474
1400 1401
1400 1473
1400 1474
1400 1475
1401 1402
1401 1474
1401 1475
1401 1476
1402 1475
1402 1476
1402 1477
1403 1404
1403 1478
1403 1479
1403 1480
1404 1405
1404 1479
1404 1480
1405 1406
1405 1480
1405 1481
1406 1407
1406 1481
1407 1408
1407 1481
1407 1482
1408 1482
1408 1483
1409 1410
1409 1483
1409 1484
1410 1411
1410 1484
1410 1485
1411 1485
1411 1486
1412 1413
1412 1487
1412 1488
1413 1414
1413 1488
1415 1416
1415 1489
1415 1490
1416 1417
1416 1489
1416 1490
1417 1418
1417 1490
1417 1491
1418 1419
1418 1491
1419 1420
1419 1491
1419 1492
1420 1421
1420 1492
1420 1493
1421 1422
1421 1492
1421 1493
1421 1494
1422 1423
1422 1493
1422 1494
1422 1495
1423 1424
1423 1494
1423 1495
1423 1496
1424 1425
1424 1495
1424 1496
1425 1426
1425 1496
1426 1427
1426 1497
1427 1428
1427 1497
1427 1498
1428 1429
1428 1497
1428 1498
1428 1499
1429 1498
1429 1499
1429 1500
1430 1431
1430 1500
1430 1501
1430 1502
1431 1501
1431 1502
1431 1503
1432 1433
1432 1504
1432 1505
1433 1434
1433 1504
1433 1505
1433 1506
1434 1435
1434 1505
1434 1506
1435 1436
1435 1506
1436 1437
1437 1507
1438 1439
1438 1507
1438 1508
1438 1509
1439 1440
1439 1508
1439 1509
1439 1510
1440 1441
1440 1509
1440 1510
1440 1511
1441 1442
1441 1510
1441 1511
1441 1512
1442 1443
1442 1511
1442 1512
1443 1444
1443 1512
1443 1513
1444 1445
1444 1513
1444 1514
1445 1446
1445 1513
1445 1514
1445 1515
1446 1447
1446 1514
1446 1515
1446 1516
1447 1448
1447 1515
1447 1516
1447 1517
1448 1449
1448 1516
1448 1517
1448 1518
1449 1517
1449 1518
1450 1451
1450 1519
1450 1520
1450 1521
1451 1452
1451 1520
1451 1521
1451 1522
1452 1453
1452 1521
1452 1522
1452 1523
1453 1522
1453 1523
1453 1524
1454 1455
1454 1524
1454 1525
1454 1526
1455 1456
1455 1525
1455 1526
1455 1527
1456 1457
1456 1526
1456 1527
1457 1527
1458 1459
1458 1528
1458 1529
1459 1460
1459 1528
1459 1529
1460 1461
1460 1529
1460 1530
1461 1462
1461 1530
1461 1531
1462 1463
1462 1530
1462 1531
1462 1532
1463 1464
1463 1531
1463 1532
1463 1533
1464 1465
1464 1532
1464 1533
1464 1534
1465 1533
1465 1534
1465 1535
1466 1467
1466 1535
1467 1536
1468 1469
1468 1536
1468 1537
1469 1470
1469 1537
1470 1471
1470 1538
1471 1472
1471 1538
1471 1539
1472 1538
1472 1539
1472 1540
1473 1474
1473 1540
1473 1541
1473 1542
1474 1475
1474 1541
1474 1542
1474 1543
1475 1476
1475 1542
1475 1543
1475 1544
1476 1477
1476 1543
1476 1544
1476 1545
1477 1478
1477 1544
1477 1545
1478 1479
1478 1545
1479 1480
1479 1546
1480 1546
1481 1547
1481 1548
1482 1483
1482 1548
1482 1549
1482 1550
1483 1484
1483 1549
1483 1550
1483 1551
1484 1550
1484 1551
1484 1552
1485 1486
1485 1552
1485 1553
1485 1554
1486 1487
1486 1553
1486 1554
1487 1488
1487 1554
1487 1555
1488 1555
1488 1556
1489 1490
1489 1558
1489 1559
1490 1559
1490 1560
1491 1560
1491 1561
1492 1493
1492 1562
1493 1494
1493 1562
1493 1563
1494 1495
1494 1563
1494 1564
1495 1496
1495 1563
1495 1564
1495 1565
1496 1564
1496 1565
1497 1498
1497 1566
1497 1567
1497 1568
1498 1499
1498 1567
1498 1568
1498 1569
1499 1500
1499 1568
1499 1569
1499 1570
1500 1501
1500 1569
1500 1570
1500 1571
1501 1502
1501 1570
1501 1571
1501 1572
1502 1503
1502 1571
1502 1572
1502 1573
1503 1572
1503 1573
1504 1505
1504 1574
1505 1506
1505 1574
1505 1575
1506 1574
1506 1575
1506 1576
1507 1508
1507 1577
1508 1509
1508 1577
1508 1578
1509 1510
1509 1578
1509 1579
1510 1511
1510 1578
1510 1579
1510 1580
1511 1512
1511 1579
1511 1580
1511 1581
1512 1580
1512 1581
1512 1582
1513 1514
1513 1582
1513 1583
1513 1584
1514 1515
1514 1583
1514 1584
1514 1585
1515 1516
1515 1584
1515 1585
1515 1586
1516 1517
1516 1585
1516 1586
1516 1587
1517 1518
1517 1586
1517 1587
1518 1587
1518 1588
1519 1520
1519 1588
1519 1589
1519 1590
1520 1521
1520 1589
1520 1590
1521 1522
1521 1590
1521 1591
1522 1523
1522 1591
1522 1592
1523 1524
1523 1591
1523 1592
1524 1525
1524 1592
1524 1593
1525 1526
1525 1593
1525 1594
1526 1527
1526 1593
1526 1594
1527 1594
1527 1595
1528 1529
1528 1596
1528 1597
1528 1598
1529 1597
1529 1598
1529 1599
1530 1531
1530 1599
1530 1600
1531 1532
1531 1600
1531 1601
1532 1533
1532 1601
1532 1602
1533 1534
1533 1601
1533 1602
1533 1603
1534 1535
1534 1602
1534 1603
1535 1603
1536 1537
1536 1604
1536 1605
1536 1606
1537 1605
1537 1606
1537 1607
1538 1539
1538 1608
1538 1609
1538 1610
1539 1540
1539 1609
1539 1610
1539 1611
1540 1541
1540 1610
1540 1611
1540 1612
1541 1542
1541 1611
1541 1612
1541 1613
1542 1543
1542 1612
1542 1613
1542 1614
1543 1544
1543 1613
1543 1614
1544 1545
1544 1614
1545 1615
1546 1616
1546 1617
1546 1618
1547 1548
1547 1618
1547 1619
1548 1549
1548 1619
1548 1620
1549 1550
1549 1620
1550 1551
1550 1620
1550 1621
1551 1552
1551 1621
1552 1553
1552 1621
1552 1622
1553 1554
1553 1622
1554 1622
1554 1623
1555 1556
1555 1623
1555 1624
1555 1625
1556 1557
1556 1624
1556 1625
1556 1626
1557 1558
1557 1625
1557 1626
1557 1627
1558 1626
1558 1627
1559 1560
1560 1561
1561 1628
1562 1628
1562 1629
1562 1630
1563 1564
1563 1630
1563 1631
1564 1565
1564 1631
1564 1632
1565 1631
1565 1632
1565 1633
1566 1567
1566 1633
1566 1634
1566 1635
1567 1568
1567 1634
1567 1635
1567 1636
1568 1569
1568 1635
1568 1636
1569 1570
1569 1636
1569 1637
1570 1571
1570 1637
1570 1638
1571 1572
1571 1637
1571 1638
1571 1639
1572 1573
1572 1638
1572 1639
1573 1639
1574 1575
1574 1640
1574 1641
1574 1642
1575 1576
1575 1641
1575 1642
1575 1643
1576 1642
1576 1643
1576 1644
1577 1645
1577 1646
1577 1647
1578 1579
1578 1647
1578 1648
1579 1580
1579 1648
1579 1649
1580 1581
1580 1648
1580 1649
1580 1650
1581 1582
1581 1649
1581 1650
1581 1651
1582 1583
1582 1650
1582 1651
1582 1652
1583 1584
1583 1651
1583 1652
1583 1653
1584 1585
1584 1652
1584 1653
1585 1586
1585 1653
1585 1654
1586 1587
1586 1654
1586 1655
1587 1654
1587 1655
1587 1656
1588 1589
1588 1656
1588 1657
1588 1658
1589 1590
1589 1657
1589 1658
1589 1659
1590 1658
1590 1659
1590 1660
1591 1592
1591 1660
1591 1661
1592 1661
1592 1662
1593 1594
1593 1662
1593 1663
1594 1663
1594 1664
1595 1596
1595 1664
1595 1665
1595 1666
1596 1597
1596 1665
1596 1666
1596 1667
1597 1598
1597 1666
1597 1667
1597 1668
1598 1599
1598 1667
1598 1668
1598 1669
1599 1600
1599 1668
1599 1669
1599 1670
1600 1669
1600 1670
1601 1602
1601 1671
1602 1603
1602 1671
1602 1672
1603 1671
1603 1672
1603 1673
1604 1605
1604 1674
1605 1606
1605 1674
1605 1675
1606 1607
1606 1675
1606 1676
1607 1608
1607 1675
1607 1676
1607 1677
1608 1609
1608 1676
1608 1677
1608 1678
1609 1610
1609 1677
1609 1678
1609 1679
1610 1611
1610 1678
1610 1679
1610 1680
1611 1612
1611 1679
1611 1680
1611 1681
1612 1613
1612 1680
1612 1681
1612 1682
1613 1614
1613 1681
1613 1682
1613 1683
1614 1682
1614 1683
1614 1684
1615 1616
1615 1685
1615 1686
1615 1687
1616 1617
1616 1686
1616 1687
1616 1688
1617 1618
1617 1687
1617 1688
1617 1689
1618 1619
1618 1688
1618 1689
1618 1690
1619 1689
1619 1690
1619 1691
1620 1691
1620 1692
1620 1693
1621 1693
1621 1694
1621 1695
1622 1695
1622 1696
1622 1697
1623 1624
1623 1697
1623 1698
1623 1699
1624 1625
1624 1698
1624 1699
1624 1700
1625 1626
1625 1699
1625 1700
1626 1627
1626 1700
1626 1701
1627 1701
1627 1702
1628 1629
1628 1705
1628 1706
1629 1630
1629 1706
1629 1707
1630 1706
1630 1707
1630 1708
1631 1632
1631 1708
1631 1709
1631 1710
1632 1633
1632 1709
1632 1710
1632 1711
1633 1634
1633 1710
1633 1711
1634 1635
1634 1711
1634 1712
1635 1636
1635 1712
1635 1713
1636 1712
1636 1713
1636 1714
1637 1638
1637 1714
1637 1715
1637 1716
1638 1639
1638 1715
1638 1716
1638 1717
1639 1716
1639 1717
1639 1718
1640 1641
1640 1719
1640 1720
1641 1642
1641 1719
1641 1720
1642 1643
1642 1720
1642 1721
1643 1644
1643 1721
1643 1722
1644 1645
1644 1721
1644 1722
1644 1723
1645 1646
1645 1722
1645 1723
1645 1724
1646 1647
1646 1723
1646 1724
1646 1725
1647 1724
1647 1725
1647 1726
1648 1649
1648 1726
1648 1727
1648 1728
1649 1650
1649 1727
1649 1728
1649 1729
1650 1651
1650 1728
1650 1729
1650 1730
1651 1652
1651 1729
1651 1730
1651 1731
1652 1653
1652 1730
1652 1731
1652 1732
1653 1731
1653 1732
1654 1655
1654 1733
1654 1734
1655 1656
1655 1733
1655 1734
1656 1657
1656 1734
1656 1735
1657 1658
1657 1735
1657 1736
1658 1659
1658 1735
1658 1736
1658 1737
1659 1660
1659 1736
1659 1737
1659 1738
1660 1661
1660 1737
1660 1738
1660 1739
1661 1738
1661 1739
1661 1740
1662 1740
1662 1741
1663 1664
1663 1741
1663 1742
1663 1743
1664 1665
1664 1742
1664 1743
1664 1744
1665 1666
1665 1743
1665 1744
1665 1745
1666 1667
1666 1744
1666 1745
1666 1746
1667 1668
1667 1745
1667 1746
1667 1747
1668 1669
1668 1746
1668 1747
1669 1670
1669 1747
1670 1748
1671 1672
1671 1749
1671 1750
1671 1751
1672 1673
1672 1750
1672 1751
1673 1751
1673 1752
1674 1752
1674 1753
1675 1676
1675 1754
1675 1755
1676 1677
1676 1754
1676 1755
1677 1678
1677 1755
1677 1756
1678 1679
1678 1756
1679 1680
1679 1756
1680 1681
1680 1757
1681 1682
1681 1757
1681 1758
1682 1683
1682 1757
1682 1758
1682 1759
1683 1684
1683 1758
1683 1759
1683 1760
1684 1685
1684 1759
1684 1760
1684 1761
1685 1686
1685 1760
1685 1761
1686 1687
1686 1761
1686 1762
1687 1688
1687 1762
1687 1763
1688 1689
1688 1762
1688 1763
1688 1764
1689 1690
1689 1763
1689 1764
1689 1765
1690 1691
1690 1764
1690 1765
1690 1766
1691 1692
1691 1765
1691 1766
1691 1767
1692 1693
1692 1766
1692 1767
1693 1694
1693 1767
1694 1695
1694 1768
1695 1696
1695 1768
1695 1769
1696 1697
1696 1768
1696 1769
1696 1770
1697 1698
1697 1769
1697 1770
1698 1699
1698 1770
1698 1771
1699 1700
1699 1771
1699 1772
1700 1771
1700 1772
1701 1702
1701 1773
1701 1774
1702 1703
1702 1773
1702 1774
1703 1704
1703 1774
1703 1775
1704 1705
1704 1775
1705 1775
1706 1707
1706 1776
1707 1708
1707 1776
1707 1777
1708 1709
1708 1777
1708 1778
1709 1710
1709 1777
1709 1778
1709 1779
1710 1711
1710 1778
1710 1779
1710 1780
1711 1779
1711 1780
1711 1781
1712 1713
1712 1781
1712 1782
1713 1714
1713 1782
1713 1783
1714 1715
1714 1782
1714 1783
1714 1784
1715 1716
1715 1783
1715 1784
1715 1785
1716 1717
1716 1784
1716 1785
1716 1786
1717 1718
1717 1785
1717 1786
1718 1786
1719 1720
1719 1787
1719 1788
1720 1787
1720 1788
1720 1789
1721 1722
1721 1789
1721 1790
1722 1723
1722 1790
1723 1724
1723 1791
1724 1725
1724 1791
1725 1726
1725 1791
1725 1792
1726 1727
1726 1792
1726 1793
1727 1728
1727 1792
1727 1793
1728 1729
1728 1793
1728 1794
1729 1730
1729 1794
1729 1795
1730 1731
1730 1794
1730 1795
1730 1796
1731 1732
1731 1795
1731 1796
1731 1797
1732 1796
1732 1797
1732 1798
1733 1734
1733 1798
1733 1799
1733 1800
1734 1799
1734 1800
1734 1801
1735 1736
1735 1801
1735 1802
1736 1737
1736 1802
1736 1803
1737 1738
1737 1802
1737 1803
1737 1804
1738 1739
1738 1803
1738 1804
1738 1805
1739 1740
1739 1804
1739 1805
1740 1805
1741 1742
1741 1806
1741 1807
1742 1743
1742 1806
1742 1807
1742 1808
1743 1744
1743 1807
1743 1808
1744 1745
1744 1808
1745 1746
1745 1809
1746 1747
1746 1809
1746 1810
1747 1809
1747 1810
1748 1749
1748 1811
1749 1750
1749 1812
1750 1751
1750 1812
1750 1813
1751 1812
1751 1813
1752 1753
1752 1814
1752 1815
1753 1814
1753 1815
1753 1816
1754 1755
1754 1816
1754 1817
1754 1818
1755 1817
1755 1818
1755 1819
1756 1819
1756 1820
1756 1821
1757 1758
1757 1822
1757 1823
1757 1824
1758 1759
1758 1823
1758 1824
1759 1760
1759 1824
1759 1825
1760 1761
1760 1825
1760 1826
1761 1825
1761 1826
1761 1827
1762 1763
1762 1827
1762 1828
1763 1764
1763 1828
1764 1765
1764 1828
1764 1829
1765 1766
1765 1829
1765 1830
1766 1767
1766 1829
1766 1830
1766 1831
1767 1830
1767 1831
1767 1832
1768 1769
1768 1833
1768 1834
1768 1835
1769 1770
1769 1834
1769 1835
1769 1836
1770 1835
1770 1836
1770 1837
1771 1772
1771 1837
1771 1838
1771 1839
1772 1838
1772 1839
1772 1840
1773 1774
1773 1840
1773 1841
1773 1842
1774 1841
1774 1842
1775 1843
1775 1844
1776 1845
1776 1846
1777 1778
1777 1846
1777 1847
1777 1848
1778 1779
1778 1847
1778 1848
1778 1849
1779 1780
1779 1848
1779 1849
1779 1850
1780 1781
1780 1849
1780 1850
1781 1850
1781 1851
1782 1783
1782 1851
1782 1852
1783 1784
1783 1852
1784 1785
1784 1853
1785 1786
1785 1853
1785 1854
1786 1853
1786 1854
1786 1855
1787 1788
1787 1856
1788 1789
1788 1856
1789 1790
1789 1857
1790 1857
1791 1858
1791 1859
1792 1793
1792 1859
1792 1860
1792 1861
1793 1860
1793 1861
1793 1862
1794 1795
1794 1862
1794 1863
1795 1796
1795 1863
1795 1864
1796 1797
1796 1864
1796 1865
1797 1798
1797 1864
1797 1865
1797 1866
1798 1799
1798 1865
1798 1866
1798 1867
1799 1800
1799 1866
1799 1867
1799 1868
1800 1801
1800 1867
1800 1868
1800 1869
1801 1868
1801 1869
1801 1870
1802 1803
1802 1870
1802 1871
1803 1804
1803 1871
1803 1872
1804 1805
1804 1872
1804 1873
1805 1872
1805 1873
1805 1874
1806 1807
1806 1875
1806 1876
1807 1808
1807 1876
1807 1877
1808 1876
1808 1877
1808 1878
1809 1810
1809 1879
1809 1880
1809 1881
1810 1880
1810 1881
1810 1882
1811 1882
1811 1883
1812 1813
1812 1884
1812 1885
1813 1885
1813 1886
1814 1815
1814 1886
1814 1887
1814 1888
1815 1816
1815 1887
1815 1888
1815 1889
1816 1817
1816 1888
1816 1889
1817 1818
1817 1889
1817 1890
1818 1819
1818 1890
1818 1891
1819 1820
1819 1890
1819 1891
1819 1892
1820 1821
1820 1891
1820 1892
1820 1893
1821 1822
1821 1892
1821 1893
1821 1894
1822 1823
1822 1893
1822 1894
1822 1895
1823 1824
1823 1894
1823 1895
1823 1896
1824 1895
1824 1896
1824 1897
1825 1826
1825 1897
1825 1898
1825 1899
1826 1827
1826 1898
1826 1899
1827 1899
1827 1900
1828 1900
1828 1901
1828 1902
1829 1830
1829 1902
1829 1903
1830 1831
1830 1903
1830 1904
1831 1832
1831 1904
1831 1905
1832 1833
1832 1904
1832 1905
1832 1906
1833 1834
1833 1905
1833 1906
1833 1907
1834 1835
1834 1906
1834 1907
1834 1908
1835 1836
1835 1907
1835 1908
1835 1909
1836 1837
1836 1908
1836 1909
1836 1910
1837 1838
1837 1909
1837 1910
1837 1911
1838 1839
1838 1910
1838 1911
1839 1840
1839 1911
1839 1912
1840 1841
1840 1912
1840 1913
1841 1842
1841 1912
1841 1913
1841 1914
1842 1913
1842 1914
1842 1915
1843 1844
1843 1915
1843 1916
1844 1916
1844 1917
1845 1846
1845 1917
1845 1918
1846 1847
1846 1918
1846 1919
1847 1848
1847 1919
1847 1920
1848 1849
1848 1919
1848 1920
1848 1921
1849 1850
1849 1920
1849 1921
1850 1921
1850 1922
1851 1852
1851 1922
1851 1923
1852 1923
1852 1924
1853 1854
1853 1925
1854 1855
1856 1926
1856 1927
1857 1928
1857 1929
1858 1929
1858 1930
1859 1860
1859 1930
1859 1931
1859 1932
1860 1861
1860 1931
1860 1932
1860 1933
1861 1862
1861 1932
1861 1933
1861 1934
1862 1863
1862 1933
1862 1934
1862 1935
1863 1934
1863 1935
1863 1936
1864 1865
1864 1936
1864 1937
1865 1866
1865 1937
1865 1938
1866 1867
1866 1938
1866 1939
1867 1868
1867 1938
1867 1939
1867 1940
1868 1869
1868 1939
1868 1940
1868 1941
1869 1870
1869 1940
1869 1941
1869 1942
1870 1871
1870 1941
1870 1942
1870 1943
1871 1942
1871 1943
1871 1944
1872 1873
1872 1944
1872 1945
1872 1946
1873 1874
1873 1945
1873 1946
1873 1947
1874 1875
1874 1946
1874 1947
1875 1947
1876 1877
1876 1948
1877 1878
1877 1948
1877 1949
1878 1879
1878 1948
1878 1949
1878 1950
1879 1880
1879 1949
1879 1950
1879 1951
1880 1881
1880 1950
1880 1951
1881 1882
1881 1951
1881 1952
1882 1883
1882 1952
1882 1953
1883 1952
1883 1953
1884 1954
1884 1955
1885 1886
1885 1955
1885 1956
1886 1887
1886 1956
1886 1957
1887 1888
1887 1956
1887 1957
1887 1958
1888 1889
1888 1957
1888 1958
1888 1959
1889 1958
1889 1959
1890 1891
1890 1960
1890 1961
1891 1892
1891 1960
1891 1961
1891 1962
1892 1893
1892 1961
1892 1962
1892 1963
1893 1894
1893 1962
1893 1963
1893 1964
1894 1895
1894 1963
1894 1964
1894 1965
1895 1896
1895 1964
1895 1965
1896 1897
1896 1965
1896 1966
1897 1898
1897 1966
1897 1967
1898 1899
1898 1966
1898 1967
1898 1968
1899 1967
1899 1968
1899 1969
1900 1901
1900 1969
1900 1970
1900 1971
1901 1902
1901 1970
1901 1971
1901 1972
1902 1903
1902 1971
1902 1972
1903 1972
1903 1973
1904 1905
1904 1973
1904 1974
1904 1975
1905 1906
1905 1974
1905 1975
1905 1976
1906 1907
1906 1975
1906 1976
1906 1977
1907 1908
1907 1976
1907 1977
1907 1978
1908 1909
1908 1977
1908 1978
1908 1979
1909 1910
1909 1978
1909 1979
1909 1980
1910 1911
1910 1979
1910 1980
1910 1981
1911 1980
1911 1981
1912 1913
1912 1982
1912 1983
1913 1914
1913 1982
1913 1983
1913 1984
1914 1915
1914 1983
1914 1984
1914 1985
1915 1916
1915 1984
1915 1985
1915 1986
1916 1985
1916 1986
1917 1918
1917 1987
1917 1988
1918 1987
1918 1988
1918 1989
1919 1920
1919 1989
1919 1990
1920 1921
1920 1990
1920 1991
1921 1991
1922 1923
1922 1992
1922 1993
1923 1992
1923 1993
1923 1994
1924 1925
1924 1994
1924 1995
1925 1995
1925 1996
1926 1927
1926 1998
1926 1999
1927 1998
1927 1999
1927 2000
1928 1929
1928 2000
1928 2001
1929 2001
1929 2002
1930 1931
1930 2002
1930 2003
1931 1932
1931 2003
1931 2004
1932 1933
1932 2004
1932 2005
1933 1934
1933 2004
1933 2005
1933 2006
1934 1935
1934 2005
1934 2006
1934 2007
1935 1936
1935 2006
1935 2007
1935 2008
1936 1937
1936 2007
1936 2008
1936 2009
1937 2008
1937 2009
1938 1939
1938 2010
1939 1940
1939 2010
1939 2011
1940 1941
1940 2011
1940 2012
1941 1942
1941 2011
1941 2012
1941 2013
1942 1943
1942 2012
1942 2013
1942 2014
1943 1944
1943 2013
1943 2014
1943 2015
1944 1945
1944 2014
1944 2015
1944 2016
1945 1946
1945 2015
1945 2016
1945 2017
1946 1947
1946 2016
1946 2017
1946 2018
1947 2017
1947 2018
1947 2019
1948 1949
1948 2020
1948 2021
1948 2022
1949 1950
1949 2021
1949 2022
1949 2023
1950 1951
1950 2022
1950 2023
1950 2024
1951 2023
1951 2024
1951 2025
1952 1953
1952 2025
1952 2026
1952 2027
1953 2026
1953 2027
1953 2028
1954 1955
1954 2028
1954 2029
1954 2030
1955 2029
1955 2030
1955 2031
1956 1957
1956 2031
1956 2032
1956 2033
1957 1958
1957 2032
1957 2033
1957 2034
1958 1959
1958 2033
1958 2034
1958 2035
1959 2034
1959 2035
1959 2036
1960 1961
1960 2036
1960 2037
1960 2038
1961 1962
1961 2037
1961 2038
1962 1963
1962 2038
1963 1964
1963 2039
1964 1965
1964 2039
1964 2040
1965 2039
1965 2040
1965 2041
1966 1967
1966 2041
1966 2042
1966 2043
1967 1968
1967 2042
1967 2043
1967 2044
1968 1969
1968 2043
1968 2044
1969 1970
1969 2044
1970 1971
1970 2045
1971 1972
1971 2045
1971 2046
1972 2045
1972 2046
1972 2047
1973 1974
1973 2047
1973 2048
1973 2049
1974 1975
1974 2048
1974 2049
1974 2050
1975 1976
1975 2049
1975 2050
1975 2051
1976 1977
1976 2050
1976 2051
1976 2052
1977 1978
1977 2051
1977 2052
1977 2053
1978 1979
1978 2052
1978 2053
1978 2054
1979 1980
1979 2053
1979 2054
1979 2055
1980 1981
1980 2054
1980 2055
1980 2056
1981 2055
1981 2056
1981 2057
1982 1983
1982 2057
1982 2058
1982 2059
1983 1984
1983 2058
1983 2059
1983 2060
1984 1985
1984 2059
1984 2060
1984 2061
1985 1986
1985 2060
1985 2061
1985 2062
1986 2061
1986 2062
1986 2063
1987 1988
1987 2063
1987 2064
1987 2065
1988 1989
1988 2064
1988 2065
1988 2066
1989 1990
1989 2065
1989 2066
1989 2067
1990 2066
1990 2067
1990 2068
1991 2068
1991 2069
1991 2070
1992 1993
1992 2070
1992 2071
1992 2072
1993 1994
1993 2071
1993 2072
1993 2073
1994 1995
1994 2072
1994 2073
1994 2074
1995 2073
1995 2074
1995 2075
1996 1997
1996 2075
1996 2076
1996 2077
1997 2076
1997 2077
1997 2078
1998 1999
1998 2079
1999 2000
1999 2079
1999 2080
2000 2079
2000 2080
2000 2081
2001 2002
2001 2081
2002 2003
2002 2082
2003 2082
2004 2005
2004 2083
2004 2084
2005 2006
2005 2083
2005 2084
2005 2085
2006 2007
2006 2084
2006 2085
2006 2086
2007 2008
2007 2085
2007 2086
2008 2009
2008 2086
2008 2087
2009 2087
2009 2088
2010 2088
2010 2089
2010 2090
2011 2012
2011 2090
2011 2091
2011 2092
2012 2013
2012 2091
2012 2092
2012 2093
2013 2014
2013 2092
2013 2093
2013 2094
2014 2015
2014 2093
2014 2094
2014 2095
2015 2016
2015 2094
2015 2095
2015 2096
2016 2017
2016 2095
2016 2096
2017 2018
2017 2096
2017 2097
2018 2019
2018 2097
2018 2098
2019 2097
2019 2098
2019 2099
2020 2021
2020 2099
2020 2100
2020 2101
2021 2022
2021 2100
2021 2101
2021 2102
2022 2023
2022 2101
2022 2102
2023 2024
2023 2102
2023 2103
2024 2025
2024 2103
2024 2104
2025 2026
2025 2103
2025 2104
2025 2105
2026 2027
2026 2104
2026 2105
2027 2028
2027 2105
2027 2106
2028 2029
2028 2106
2028 2107
2029 2030
2029 2106
2029 2107
2029 2108
2030 2031
2030 2107
2030 2108
2030 2109
2031 2032
2031 2108
2031 2109
2031 2110
2032 2033
2032 2109
2032 2110
2032 2111
2033 2034
2033 2110
2033 2111
2034 2035
2034 2111
2034 2112
2035 2036
2035 2112
2035 2113
2036 2037
2036 2112
2036 2113
2036 2114
2037 2038
2037 2113
2037 2114
2037 2115
2038 2114
2038 2115
2038 2116
2039 2040
2039 2117
2040 2041
2040 2118
2041 2042
2041 2118
2041 2119
2042 2043
2042 2118
2042 2119
2042 2120
2043 2044
2043 2119
2043 2120
2043 2121
2044 2120
2044 2121
2044 2122
2045 2046
2045 2123
2045 2124
2046 2047
2046 2124
2046 2125
2047 2048
2047 2125
2048 2049
2048 2125
2049 2050
2049 2126
2050 2051
2050 2126
2050 2127
2051 2052
2051 2126
2051 2127
2051 2128
2052 2053
2052 2127
2052 2128
2052 2129
2053 2054
2053 2128
2053 2129
2053 2130
2054 2055
2054 2129
2054 2130
2055 2056
2055 2130
2055 2131
2056 2057
2056 2131
2057 2058
2057 2131
2058 2059
2058 2132
2059 2060
2059 2132
2059 2133
2060 2061
2060 2132
2060 2133
2060 2134
2061 2062
2061 2133
2061 2134
2061 2135
2062 2063
2062 2134
2062 2135
2062 2136
2063 2064
2063 2135
2063 2136
2063 2137
2064 2065
2064 2136
2064 2137
2064 2138
2065 2066
2065 2137
2065 2138
2065 2139
2066 2067
2066 2138
2066 2139
2067 2068
2067 2139
2067 2140
2068 2069
2068 2140
2068 2141
2069 2070
2069 2140
2069 2141
2069 2142
2070 2071
2070 2141
2070 2142
2070 2143
2071 2072
2071 2142
2071 2143
2071 2144
2072 2073
2072 2143
2072 2144
2072 2145
2073 2074
2073 2144
2073 2145
2073 2146
2074 2075
2074 2145
2074 2146
2075 2076
2075 2146
2075 2147
2076 2077
2076 2147
2076 2148
2077 2078
2077 2147
2077 2148
2077 2149
2078 2148
2078 2149
2079 2080
2079 2150
2079 2151
2079 2152
2080 2081
2080 2151
2080 2152
2080 2153
2081 2152
2081 2153
2082 2154
2082 2155
2083 2084
2084 2085
2084 2156
2085 2086
2085 2156
2085 2157
2086 2156
2086 2157
2087 2088
2087 2158
2088 2089
2088 2158
2088 2159
2089 2090
2089 2159
2089 2160
2090 2091
2090 2159
2090 2160
2090 2161
2091 2092
2091 2160
2091 2161
2091 2162
2092 2093
2092 2161
2092 2162
2092 2163
2093 2094
2093 2162
2093 2163
2093 2164
2094 2095
2094 2163
2094 2164
2094 2165
2095 2096
2095 2164
2095 2165
2096 2165
2096 2166
2097 2098
2097 2166
2098 2099
2098 2167
2099 2100
2099 2167
2099 2168
2100 2101
2100 2167
2100 2168
2100 2169
2101 2102
2101 2168
2101 2169
2101 2170
2102 2169
2102 2170
2103 2104
2103 2171
2103 2172
2104 2105
2104 2171
2104 2172
2104 2173
2105 2172
2105 2173
2105 2174
2106 2107
2106 2174
2106 2175
2106 2176
2107 2108
2107 2175
2107 2176
2107 2177
2108 2109
2108 2176
2108 2177
2108 2178
2109 2110
2109 2177
2109 2178
2109 2179
2110 2111
2110 2178
2110 2179
2110 2180
2111 2179
2111 2180
2111 2181
2112 2113
2112 2181
2113 2114
2113 2182
2114 2115
2114 2182
2114 2183
2115 2116
2115 2182
2115 2183
2115 2184
2116 2117
2116 2183
2116 2184
2116 2185
2117 2184
2117 2185
2117 2186
2118 2119
2118 2187
2118 2188
2118 2189
2119 2120
2119 2188
2119 2189
2120 2121
2120 2189
2120 2190
2121 2122
2121 2190
2122 2123
2122 2190
2122 2191
2123 2124
2123 2191
2123 2192
2124 2191
2124 2192
2124 2193
2125 2193
2125 2194
2125 2195
2126 2127
2126 2196
2126 2197
2127 2128
2127 2197
2127 2198
2128 2129
2128 2198
2128 2199
2129 2130
2129 2198
2129 2199
2129 2200
2130 2199
2130 2200
2130 2201
2131 2201
2131 2202
2131 2203
2132 2133
2132 2204
2133 2134
2133 2205
2134 2135
2134 2205
2134 2206
2135 2136
2135 2205
2135 2206
2135 2207
2136 2137
2136 2206
2136 2207
2136 2208
2137 2138
2137 2207
2137 2208
2137 2209
2138 2139
2138 2208
2138 2209
2139 2209
2139 2210
2140 2141
2140 2210
2140 2211
2140 2212
2141 2142
2141 2211
2141 2212
2142 2143
2142 2212
2142 2213
2143 2144
2143 2213
2144 2145
2144 2213
2144 2214
2145 2146
2145 2214
2145 2215
2146 2214
2146 2215
2146 2216
2147 2148
2147 2216
2147 2217
2148 2149
2148 2217
2148 2218
2149 2217
2149 2218
2150 2151
2150 2219
2151 2152
2151 2219
2151 2220
2152 2153
2152 2219
2152 2220
2152 2221
2153 2220
2153 2221
2153 2222
2154 2155
2154 2222
2154 2223
2155 2223
2155 2224
2156 2157
2156 2226
2156 2227
2156 2228
2157 2227
2157 2228
2158 2229
2158 2230
2159 2160
2159 2230
2160 2161
2161 2162
2161 2231
2162 2163
2162 2231
2162 2232
2163 2164
2163 2231
2163 2232
2163 2233
2164 2165
2164 2232
2164 2233
2164 2234
2165 2233
2165 2234
2165 2235
2166 2235
2166 2236
2167 2168
2167 2237
2167 2238
2167 2239
2168 2169
2168 2238
2168 2239
2168 2240
2169 2170
2169 2239
2169 2240
2170 2240
2170 2241
2171 2172
2171 2241
2171 2242
2171 2243
2172 2173
2172 2242
2172 2243
2172 2244
2173 2174
2173 2243
2173 2244
2173 2245
2174 2175
2174 2244
2174 2245
2174 2246
2175 2176
2175 2245
2175 2246
2175 2247
2176 2177
2176 2246
2176 2247
2176 2248
2177 2178
2177 2247
2177 2248
2177 2249
2178 2179
2178 2248
2178 2249
2178 2250
2179 2180
2179 2249
2179 2250
2179 2251
2180 2181
2180 2250
2180 2251
2180 2252
2181 2251
2181 2252
2182 2183
2182 2253
2182 2254
2183 2184
2183 2254
2183 2255
2184 2185
2184 2254
2184 2255
2184 2256
2185 2186
2185 2255
2185 2256
2185 2257
2186 2187
2186 2256
2186 2257
2186 2258
2187 2188
2187 2257
2187 2258
2188 2189
2188 2258
2188 2259
2189 2259
2189 2260
2190 2260
2190 2261
2190 2262
2191 2192
2191 2262
2191 2263
2192 2193
2192 2263
2192 2264
2193 2194
2193 2263
2193 2264
2193 2265
2194 2195
2194 2264
2194 2265
2195 2196
2195 2265
2195 2266
2196 2197
2196 2266
2196 2267
2197 2266
2197 2267
2197 2268
2198 2199
2198 2268
2198 2269
2199 2200
2199 2269
2199 2270
2200 2201
2200 2270
2200 2271
2201 2202
2201 2270
2201 2271
2201 2272
2202 2203
2202 2271
2202 2272
2202 2273
2203 2204
2203 2272
2203 2273
2203 2274
2204 2273
2204 2274
2204 2275
2205 2206
2205 2276
2205 2277
2206 2207
2206 2277
2206 2278
2207 2208
2207 2278
2207 2279
2208 2209
2208 2278
2208 2279
2209 2279
2209 2280
2210 2211
2210 2280
2210 2281
2210 2282
2211 2212
2211 2281
2211 2282
2211 2283
2212 2282
2212 2283
2212 2284
2213 2284
2213 2285
2213 2286
2214 2215
2214 2286
2214 2287
2214 2288
2215 2216
2215 2287
2215 2288
2215 2289
2216 2288
2216 2289
2216 2290
2217 2218
2217 2290
2217 2291
2218 2291
2219 2220
2219 2292
2219 2293
2220 2221
2220 2293
2220 2294
2221 2222
2221 2293
2221 2294
2221 2295
2222 2223
2222 2294
2222 2295
2222 2296
2223 2295
2223 2296
2224 2225
2224 2297
2224 2298
2225 2226
2225 2297
2225 2298
2226 2227
2226 2298
2226 2299
2227 2228
2227 2299
2227 2300
2228 2299
2228 2300
2228 2301
2229 2230
2229 2301
2229 2302
2229 2303
2230 2302
2230 2303
2230 2304
2231 2232
2231 2306
2231 2307
2231 2308
2232 2233
2232 2307
2232 2308
2232 2309
2233 2234
2233 2308
2233 2309
2233 2310
2234 2235
2234 2309
2234 2310
2234 2311
2235 2236
2235 2310
2235 2311
2235 2312
2236 2311
2236 2312
2236 2313
2237 2238
2237 2313
2237 2314
2238 2239
2238 2314
2238 2315
2239 2240
2239 2314
2239 2315
2239 2316
2240 2315
2240 2316
2240 2317
2241 2242
2241 2317
2241 2318
2241 2319
2242 2243
2242 2318
2242 2319
2242 2320
2243 2244
2243 2319
2243 2320
2244 2245
2244 2320
2244 2321
2245 2246
2245 2321
2246 2247
2246 2321
2246 2322
2247 2248
2247 2322
2247 2323
2248 2249
2248 2322
2248 2323
2248 2324
2249 2250
2249 2323
2249 2324
2249 2325
2250 2251
2250 2324
2250 2325
2250 2326
2251 2252
2251 2325
2251 2326
2251 2327
2252 2326
2252 2327
2253 2328
2253 2329
2254 2255
2254 2329
2254 2330
2255 2256
2255 2330
2255 2331
2256 2257
2256 2331
2256 2332
2257 2258
2257 2331
2257 2332
2257 2333
2258 2332
2258 2333
2259 2260
2259 2334
2260 2261
2260 2334
2260 2335
2261 2262
2261 2334
2261 2335
2261 2336
2262 2335
2262 2336
2263 2264
2263 2337
2263 2338
2264 2265
2264 2337
2264 2338
2264 2339
2265 2338
2265 2339
2265 2340
2266 2267
2266 2340
2266 2341
2266 2342
2267 2268
2267 2341
2267 2342
2267 2343
2268 2269
2268 2342
2268 2343
2268 2344
2269 2343
2269 2344
2269 2345
2270 2271
2270 2345
2270 2346
2270 2347
2271 2272
2271 2346
2271 2347
2271 2348
2272 2273
2272 2347
2272 2348
2272 2349
2273 2274
2273 2348
2273 2349
2273 2350
2274 2275
2274 2349
2274 2350
2274 2351
2275 2276
2275 2350
2275 2351
2276 2277
2276 2351
2276 2352
2277 2352
2277 2353
2278 2279
2278 2353
2278 2354
2278 2355
2279 2354
2279 2355
2279 2356
2280 2281
2280 2356
2280 2357
2281 2282
2281 2357
2282 2283
2282 2357
2283 2284
2284 2285
2285 2286
2285 2358
2286 2287
2286 2358
2286 2359
2287 2288
2287 2358
2287 2359
2288 2289
2288 2359
2288 2360
2289 2290
2289 2360
2289 2361
2290 2291
2290 2360
2290 2361
2291 2361
2291 2362
2292 2363
2292 2364
2293 2294
2293 2364
2293 2365
2293 2366
2294 2295
2294 2365
2294 2366
2294 2367
2295 2296
2295 2366
2295 2367
2296 2367
2296 2368
2297 2298
2297 2368
2297 2369
2297 2370
2298 2369
2298 2370
2298 2371
2299 2300
2299 2371
2299 2372
2300 2301
2300 2372
2300 2373
2301 2302
2301 2373
2301 2374
2302 2303
2302 2373
2302 2374
2302 2375
2303 2304
2303 2374
2303 2375
2303 2376
2304 2305
2304 2375
2304 2376
2304 2377
2305 2306
2305 2376
2305 2377
2305 2378
2306 2307
2306 2377
2306 2378
2306 2379
2307 2308
2307 2378
2307 2379
2307 2380
2308 2309
2308 2379
2308 2380
2309 2310
2309 2380
2309 2381
2310 2311
2310 2381
2310 2382
2311 2312
2311 2381
2311 2382
2312 2313
2312 2382
2312 2383
2313 2383
2314 2315
2314 2384
2315 2316
2315 2384
2315 2385
2316 2317
2316 2385
2316 2386
2317 2318
2317 2385
2317 2386
2317 2387
2318 2319
2318 2386
2318 2387
2319 2320
2319 2387
2319 2388
2320 2388
2320 2389
2321 2389
2321 2390
2321 2391
2322 2323
2322 2391
2322 2392
2322 2393
2323 2324
2323 2392
2323 2393
2323 2394
2324 2325
2324 2393
2324 2394
2324 2395
2325 2326
2325 2394
2325 2395
2325 2396
2326 2327
2326 2395
2326 2396
2326 2397
2327 2396
2327 2397
2327 2398
2328 2329
2328 2398
2328 2399
2329 2330
2329 2399
2329 2400
2330 2399
2330 2400
2330 2401
2331 2332
2331 2401
2331 2402
2331 2403
2332 2333
2332 2402
2332 2403
2332 2404
2333 2403
2333 2404
2333 2405
2334 2335
2334 2406
2334 2407
2335 2336
2335 2406
2335 2407
2335 2408
2336 2407
2336 2408
2336 2409
2337 2338
2337 2409
2337 2410
2337 2411
2338 2339
2338 2410
2338 2411
2338 2412
2339 2340
2339 2411
2339 2412
2339 2413
2340 2341
2340 2412
2340 2413
2340 2414
2341 2342
2341 2413
2341 2414
2341 2415
2342 2343
2342 2414
2342 2415
2343 2344
2343 2415
2343 2416
2344 2345
2344 2416
2344 2417
2345 2346
2345 2416
2345 2417
2345 2418
2346 2347
2346 2417
2346 2418
2346 2419
2347 2348
2347 2418
2347 2419
2347 2420
2348 2349
2348 2419
2348 2420
2349 2350
2349 2420
2349 2421
2350 2351
2350 2421
2350 2422
2351 2421
2351 2422
2351 2423
2352 2353
2352 2423
2352 2424
2352 2425
2353 2354
2353 2424
2353 2425
2353 2426
2354 2355
2354 2425
2354 2426
2354 2427
2355 2356
2355 2426
2355 2427
2356 2427
2356 2428
2357 2428
2357 2429
2357 2430
2358 2359
2359 2432
2360 2361
2360 2432
2360 2433
2360 2434
2361 2433
2361 2434
2362 2435
2363 2364
2363 2436
2364 2365
2364 2436
2364 2437
2365 2366
2365 2436
2365 2437
2365 2438
2366 2367
2366 2437
2366 2438
2366 2439
2367 2438
2367 2439
2367 2440
2368 2369
2368 2440
2368 2441
2368 2442
2369 2370
2369 2441
2369 2442
2369 2443
2370 2371
2370 2442
2370 2443
2370 2444
2371 2372
2371 2443
2371 2444
2371 2445
2372 2444
2372 2445
2372 2446
2373 2374
2373 2446
2373 2447
2373 2448
2374 2375
2374 2447
2374 2448
2375 2376
2375 2448
2376 2377
2377 2378
2377 2449
2378 2379
2378 2449
2379 2380
2379 2449
2379 2450
2380 2450
2380 2451
2381 2382
2381 2451
2381 2452
2382 2452
2382 2453
2383 2453
2383 2454
2383 2455
2384 2455
2384 2456
2384 2457
2385 2386
2385 2457
2385 2458
2385 2459
2386 2387
2386 2458
2386 2459
2386 2460
2387 2459
2387 2460
2387 2461
2388 2389
2388 2461
2388 2462
2389 2390
2389 2462
2389 2463
2390 2391
2390 2462
2390 2463
2390 2464
2391 2392
2391 2463
2391 2464
2391 2465
2392 2393
2392 2464
2392 2465
2392 2466
2393 2394
2393 2465
2393 2466
2394 2395
2394 2466
2394 2467
2395 2396
2395 2467
2395 2468
2396 2397
2396 2467
2396 2468
2397 2398
2397 2468
2397 2469
2398 2469
2398 2470
2399 2400
2399 2470
2399 2471
2399 2472
2400 2401
2400 2471
2400 2472
2400 2473
2401 2402
2401 2472
2401 2473
2402 2403
2402 2473
2403 2404
2403 2474
2404 2405
2404 2474
2404 2475
2405 2474
2405 2475
2405 2476
2406 2407
2406 2476
2406 2477
2406 2478
2407 2408
2407 2477
2407 2478
2407 2479
2408 2409
2408 2478
2408 2479
2408 2480
2409 2410
2409 2479
2409 2480
2410 2411
2410 2480
2410 2481
2411 2412
2411 2481
2411 2482
2412 2413
2412 2481
2412 2482
2412 2483
2413 2414
2413 2482
2413 2483
2413 2484
2414 2415
2414 2483
2414 2484
2414 2485
2415 2484
2415 2485
2415 2486
2416 2417
2416 2486
2416 2487
2416 2488
2417 2418
2417 2487
2417 2488
2418 2419
2418 2488
2418 2489
2419 2420
2419 2489
2419 2490
2420 2489
2420 2490
2421 2422
2421 2491
2421 2492
2422 2423
2422 2491
2422 2492
2423 2424
2423 2492
2423 2493
2424 2425
2424 2493
2424 2494
2425 2426
2425 2493
2425 2494
2425 2495
2426 2427
2426 2494
2426 2495
2427 2495
2427 2496
2428 2429
2428 2496
2428 2497
2428 2498
2429 2430
2429 2497
2429 2498
2430 2431
2430 2498
2430 2499
2431 2499
2431 2500
2432 2433
2432 2503
2432 2504
2432 2505
2433 2434
2433 2504
2433 2505
2433 2506
2434 2505
2434 2506
2434 2507
2435 2507
2436 2437
2436 2508
2436 2509
2436 2510
2437 2438
2437 2509
2437 2510
2438 2439
2438 2510
2438 2511
2439 2440
2439 2511
2439 2512
2440 2441
2440 2511
2440 2512
2440 2513
2441 2442
2441 2512
2441 2513
2441 2514
2442 2443
2442 2513
2442 2514
2442 2515
2443 2444
2443 2514
2443 2515
2443 2516
2444 2445
2444 2515
2444 2516
2444 2517
2445 2446
2445 2516
2445 2517
2445 2518
2446 2447
2446 2517
2446 2518
2447 2448
2447 2518
2447 2519
2448 2519
2449 2521
2449 2522
2450 2451
2450 2522
2450 2523
2451 2452
2451 2523
2451 2524
2452 2524
2452 2525
2453 2454
2453 2525
2453 2526
2454 2455
2454 2526
2454 2527
2455 2456
2455 2527
2455 2528
2456 2457
2456 2527
2456 2528
2456 2529
2457 2458
2457 2528
2457 2529
2457 2530
2458 2459
2458 2529
2458 2530
2458 2531
2459 2460
2459 2530
2459 2531
2459 2532
2460 2461
2460 2531
2460 2532
2460 2533
2461 2532
2461 2533
2461 2534
2462 2463
2462 2534
2462 2535
2462 2536
2463 2464
2463 2535
2463 2536
2463 2537
2464 2465
2464 2536
2464 2537
2464 2538
2465 2466
2465 2537
2465 2538
2465 2539
2466 2538
2466 2539
2467 2468
2467 2540
2467 2541
2468 2540
2468 2541
2469 2470
2469 2542
2469 2543
2470 2471
2470 2542
2470 2543
2470 2544
2471 2472
2471 2543
2471 2544
2471 2545
2472 2473
2472 2544
2472 2545
2472 2546
2473 2545
2473 2546
2473 2547
2474 2475
2474 2548
2474 2549
2475 2476
2475 2548
2475 2549
2475 2550
2476 2477
2476 2549
2476 2550
2476 2551
2477 2478
2477 2550
2477 2551
2478 2479
2478 2551
2479 2480
2479 2552
2480 2552
2480 2553
2481 2482
2481 2553
2481 2554
2481 2555
2482 2483
2482 2554
2482 2555
2482 2556
2483 2484
2483 2555
2483 2556
2484 2485
2484 2556
2484 2557
2485 2486
2485 2557
2485 2558
2486 2487
2486 2557
2486 2558
2486 2559
2487 2488
2487 2558
2487 2559
2488 2559
2488 2560
2489 2490
2489 2560
2489 2561
2490 2561
2490 2562
2491 2492
2491 2562
2491 2563
2492 2563
2492 2564
2493 2494
2493 2564
2493 2565
2493 2566
2494 2495
2494 2565
2494 2566
2494 2567
2495 2566
2495 2567
2495 2568
2496 2497
2496 2568
2496 2569
2497 2498
2497 2569
2497 2570
2498 2570
2499 2500
2499 2571
2500 2501
2500 2571
2500 2572
2501 2502
2501 2571
2501 2572
2501 2573
2502 2503
2502 2572
2502 2573
2502 2574
2503 2504
2503 2573
2503 2574
2503 2575
2504 2505
2504 2574
2504 2575
2505 2506
2505 2575
2505 2576
2506 2507
2506 2576
2506 2577
2507 2576
2507 2577
2507 2578
2508 2509
2508 2579
2508 2580
2509 2510
2509 2579
2509 2580
2509 2581
2510 2580
2510 2581
2511 2512
2511 2582
2511 2583
2512 2513
2512 2582
2512 2583
2512 2584
2513 2514
2513 2583
2513 2584
2513 2585
2514 2515
2514 2584
2514 2585
2514 2586
2515 2516
2515 2585
2515 2586
2515 2587
2516 2517
2516 2586
2516 2587
2516 2588
2517 2518
2517 2587
2517 2588
2517 2589
2518 2588
2518 2589
2518 2590
2519 2590
2519 2591
2519 2592
2520 2521
2520 2592
2520 2593
2520 2594
2521 2593
2521 2594
2521 2595
2522 2523
2522 2595
2522 2596
2523 2596
2523 2597
2524 2525
2524 2597
2524 2598
2524 2599
2525 2526
2525 2598
2525 2599
2525 2600
2526 2599
2526 2600
2526 2601
2527 2528
2527 2601
2527 2602
2527 2603
2528 2529
2528 2602
2528 2603
2528 2604
2529 2530
2529 2603
2529 2604
2529 2605
2530 2531
2530 2604
2530 2605
2530 2606
2531 2532
2531 2605
2531 2606
2531 2607
2532 2533
2532 2606
2532 2607
2532 2608
2533 2534
2533 2607
2533 2608
2533 2609
2534 2535
2534 2608
2534 2609
2534 2610
2535 2536
2535 2609
2535 2610
2535 2611
2536 2537
2536 2610
2536 2611
2536 2612
2537 2538
2537 2611
2537 2612
2537 2613
2538 2539
2538 2612
2538 2613
2538 2614
2539 2613
2539 2614
2539 2615
2540 2541
2540 2615
2540 2616
2541 2616
2541 2617
2542 2543
2542 2617
2542 2618
2543 2544
2543 2618
2543 2619
2544 2545
2544 2618
2544 2619
2544 2620
2545 2546
2545 2619
2545 2620
2546 2547
2546 2620
2546 2621
2547 2621
2547 2622
2548 2549
2548 2622
2548 2623
2548 2624
2549 2550
2549 2623
2549 2624
2549 2625
2550 2551
2550 2624
2550 2625
2550 2626
2551 2625
2551 2626
2551 2627
2552 2553
2552 2628
2552 2629
2552 2630
2553 2554
2553 2629
2553 2630
2554 2555
2554 2630
2555 2556
2557 2558
2557 2631
2558 2559
2558 2631
2559 2631
2559 2632
2560 2632
2560 2633
2560 2634
2561 2562
2561 2634
2561 2635
2562 2635
2562 2636
2563 2564
2563 2636
2563 2637
2564 2565
2564 2637
2564 2638
2565 2566
2565 2637
2565 2638
2565 2639
2566 2567
2566 2638
2566 2639
2566 2640
2567 2568
2567 2639
2567 2640
2567 2641
2568 2569
2568 2640
2568 2641
2568 2642
2569 2641
2569 2642
2570 2643
2571 2572
2571 2644
2571 2645
2571 2646
2572 2573
2572 2645
2572 2646
2572 2647
2573 2574
2573 2646
2573 2647
2573 2648
2574 2575
2574 2647
2574 2648
2574 2649
2575 2648
2575 2649
2575 2650
2576 2577
2576 2650
2576 2651
2576 2652
2577 2578
2577 2651
2577 2652
2577 2653
2578 2652
2578 2653
2579 2580
2579 2654
2580 2581
2580 2654
2580 2655
2581 2655
2581 2656
2582 2583
2582 2656
2582 2657
2582 2658
2583 2584
2583 2657
2583 2658
2584 2585
2584 2658
2584 2659
2585 2586
2585 2659
2586 2587
2586 2659
2586 2660
2587 2588
2587 2660
2587 2661
2588 2589
2588 2660
2588 2661
2588 2662
2589 2590
2589 2661
2589 2662
2589 2663
2590 2591
2590 2662
2590 2663
2590 2664
2591 2592
2591 2663
2591 2664
2592 2593
2592 2664
2593 2594
2594 2595
2594 2665
2595 2596
2595 2665
2596 2665
2596 2666
2597 2598
2597 2666
2597 2667
2597 2668
2598 2599
2598 2667
2598 2668
2598 2669
2599 2600
2599 2668
2599 2669
2600 2601
2600 2669
2600 2670
2601 2602
2601 2670
2601 2671
2602 2603
2602 2670
2602 2671
2602 2672
2603 2604
2603 2671
2603 2672
2603 2673
2604 2605
2604 2672
2604 2673
2604 2674
2605 2606
2605 2673
2605 2674
2605 2675
2606 2607
2606 2674
2606 2675
2607 2608
2607 2675
2607 2676
2608 2609
2608 2676
2609 2610
2609 2676
2609 2677
2610 2611
2610 2677
2610 2678
2611 2612
2611 2677
2611 2678
2612 2613
2612 2678
2612 2679
2613 2614
2613 2679
2613 2680
2614 2615
2614 2679
2614 2680
2614 2681
2615 2616
2615 2680
2615 2681
2615 2682
2616 2681
2616 2682
2616 2683
2617 2683
2617 2684
2617 2685
2618 2619
2618 2685
2618 2686
2619 2620
2619 2686
2619 2687
2620 2686
2620 2687
2620 2688
2621 2622
2621 2688
2621 2689
2622 2623
2622 2689
2622 2690
2623 2624
2623 2689
2623 2690
2623 2691
2624 2625
2624 2690
2624 2691
2625 2626
2625 2691
2625 2692
2626 2627
2626 2692
2626 2693
2627 2628
2627 2692
2627 2693
2627 2694
2628 2629
2628 2693
2628 2694
2628 2695
2629 2630
2629 2694
2629 2695
2629 2696
2630 2695
2630 2696
2631 2700
2631 2701
2631 2702
2632 2633
2632 2702
2632 2703
2632 2704
2633 2634
2633 2703
2633 2704
2633 2705
2634 2704
2634 2705
2634 2706
2635 2636
2635 2706
2635 2707
2635 2708
2636 2707
2636 2708
2636 2709
2637 2638
2637 2709
2637 2710
2637 2711
2638 2639
2638 2710
2638 2711
2638 2712
2639 2640
2639 2711
2639 2712
2640 2641
2640 2712
2640 2713
2641 2642
2641 2713
2641 2714
2642 2713
2642 2714
2642 2715
2643 2715
2643 2716
2643 2717
2644 2645
2644 2717
2644 2718
2644 2719
2645 2646
2645 2718
2645 2719
2645 2720
2646 2647
2646 2719
2646 2720
2647 2648
2647 2720
2647 2721
2648 2649
2648 2721
2648 2722
2649 2650
2649 2721
2649 2722
2649 2723
2650 2651
2650 2722
2650 2723
2650 2724
2651 2652
2651 2723
2651 2724
2651 2725
2652 2653
2652 2724
2652 2725
2652 2726
2653 2725
2653 2726
2654 2727
2654 2728
2655 2656
2655 2728
2655 2729
2655 2730
2656 2657
2656 2729
2656 2730
2657 2658
2657 2730
2658 2731
2659 2731
2659 2732
2659 2733
2660 2661
2660 2733
2660 2734
2660 2735
2661 2662
2661 2734
2661 2735
2661 2736
2662 2663
2662 2735
2662 2736
2662 2737
2663 2664
2663 2736
2663 2737
2663 2738
2664 2737
2664 2738
2664 2739
2665 2741
2665 2742
2666 2667
2666 2742
2666 2743
2667 2668
2667 2743
2667 2744
2668 2669
2668 2744
2668 2745
2669 2744
2669 2745
2669 2746
2670 2671
2670 2746
2670 2747
2670 2748
2671 2672
2671 2747
2671 2748
2672 2673
2672 2748
2672 2749
2673 2674
2673 2749
2674 2675
2674 2749
2674 2750
2675 2750
2675 2751
2676 2751
2676 2752
2676 2753
2677 2678
2677 2753
2677 2754
2677 2755
2678 2754
2678 2755
2678 2756
2679 2680
2679 2756
2679 2757
2679 2758
2680 2681
2680 2757
2680 2758
2680 2759
2681 2682
2681 2758
2681 2759
2682 2683
2682 2759
2682 2760
2683 2684
2683 2760
2683 2761
2684 2685
2684 2760
2684 2761
2685 2761
2685 2762
2686 2687
2686 2762
2686 2763
2686 2764
2687 2688
2687 2763
2687 2764
2688 2764
2689 2690
2689 2765
2689 2766
2690 2691
2690 2765
2690 2766
2690 2767
2691 2766
2691 2767
2691 2768
2692 2693
2692 2768
2693 2694
2693 2769
2694 2695
2694 2769
2695 2696
2695 2769
2695 2770
2696 2770
2696 2771
2697 2698
2697 2771
2697 2772
2697 2773
2698 2699
2698 2772
2698 2773
2698 2774
2699 2700
2699 2773
2699 2774
2699 2775
2700 2701
2700 2774
2700 2775
2700 2776
2701 2702
2701 2775
2701 2776
2702 2703
2702 2776
2702 2777
2703 2704
2703 2777
2704 2705
2704 2777
2704 2778
2705 2706
2705 2778
2705 2779
2706 2707
2706 2778
2706 2779
2706 2780
2707 2708
2707 2779
2707 2780
2707 2781
2708 2709
2708 2780
2708 2781
2708 2782
2709 2710
2709 2781
2709 2782
2710 2711
2710 2782
2710 2783
2711 2712
2711 2783
2711 2784
2712 2783
2712 2784
2712 2785
2713 2714
2713 2785
2713 2786
2713 2787
2714 2715
2714 2786
2714 2787
2715 2716
2715 2787
2715 2788
2716 2717
2716 2788
2717 2718
2717 2788
2717 2789
2718 2719
2718 2789
2718 2790
2719 2720
2719 2789
2719 2790
2719 2791
2720 2790
2720 2791
2720 2792
2721 2722
2721 2792
2721 2793
2721 2794
2722 2723
2722 2793
2722 2794
2722 2795
2723 2724
2723 2794
2723 2795
2723 2796
2724 2725
2724 2795
2724 2796
2725 2726
2725 2796
2725 2797
2726 2797
2727 2728
2727 2798
2727 2799
2728 2729
2728 2798
2728 2799
2728 2800
2729 2730
2729 2799
2729 2800
2730 2800
2730 2801
2731 2732
2731 2802
2731 2803
2732 2733
2732 2803
2732 2804
2733 2734
2733 2804
2733 2805
2734 2735
2734 2804
2734 2805
2734 2806
2735 2736
2735 2805
2735 2806
2735 2807
2736 2737
2736 2806
2736 2807
2737 2738
2737 2807
2737 2808
2738 2739
2738 2808
2739 2740
2739 2808
2739 2809
2740 2809
2740 2810
2741 2742
2741 2810
2741 2811
2742 2743
2742 2811
2742 2812
2743 2811
2743 2812
2743 2813
2744 2745
2744 2813
2744 2814
2744 2815
2745 2746
2745 2814
2745 2815
2745 2816
2746 2747
2746 2815
2746 2816
2746 2817
2747 2748
2747 2816
2747 2817
2747 2818
2748 2817
2748 2818
2748 2819
2749 2819
2749 2820
2749 2821
2750 2751
2750 2821
2750 2822
2750 2823
2751 2752
2751 2822
2751 2823
2751 2824
2752 2753
2752 2823
2752 2824
2752 2825
2753 2754
2753 2824
2753 2825
2753 2826
2754 2755
2754 2825
2754 2826
2754 2827
2755 2756
2755 2826
2755 2827
2755 2828
2756 2757
2756 2827
2756 2828
2756 2829
2757 2758
2757 2828
2757 2829
2757 2830
2758 2759
2758 2829
2758 2830
2758 2831
2759 2830
2759 2831
2760 2761
2760 2832
2761 2832
2761 2833
2762 2763
2762 2833
2762 2834
2762 2835
2763 2764
2763 2834
2763 2835
2763 2836
2764 2835
2764 2836
2764 2837
2765 2766
2765 2838
2766 2767
2766 2838
2766 2839
2767 2768
2767 2839
2767 2840
2768 2839
2768 2840
2769 2841
2769 2842
2769 2843
2770 2771
2770 2843
2770 2844
2770 2845
2771 2772
2771 2844
2771 2845
2771 2846
2772 2773
2772 2845
2772 2846
2772 2847
2773 2774
2773 2846
2773 2847
2773 2848
2774 2775
2774 2847
2774 2848
2774 2849
2775 2776
2775 2848
2775 2849
2775 2850
2776 2849
2776 2850
2777 2851
2778 2779
2778 2851
2778 2852
2779 2780
2779 2852
2779 2853
2780 2781
2780 2852
2780 2853
2780 2854
2781 2782
2781 2853
2781 2854
2781 2855
2782 2854
2782 2855
2782 2856
2783 2784
2783 2856
2783 2857
2784 2785
2784 2857
2784 2858
2785 2786
2785 2858
2785 2859
2786 2787
2786 2858
2786 2859
2786 2860
2787 2859
2787 2860
2787 2861
2788 2861
2788 2862
2788 2863
2789 2790
2789 2863
2789 2864
2790 2791
2790 2864
2790 2865
2791 2792
2791 2864
2791 2865
2792 2793
2792 2865
2792 2866
2793 2794
2793 2866
2793 2867
2794 2795
2794 2866
2794 2867
2794 2868
2795 2796
2795 2867
2795 2868
2795 2869
2796 2868
2796 2869
2798 2799
2798 2870
2798 2871
2799 2800
2799 2870
2799 2871
2800 2871
2800 2872
2801 2802
2801 2872
2801 2873
2802 2803
2802 2873
2802 2874
2803 2874
2803 2875
2804 2805
2804 2875
2804 2876
2804 2877
2805 2806
2805 2876
2805 2877
2806 2807
2806 2877
2806 2878
2807 2878
2807 2879
2808 2879
2808 2880
2809 2810
2809 2881
2810 2881
2810 2882
2811 2812
2811 2882
2811 2883
2811 2884
2812 2813
2812 2883
2812 2884
2813 2814
2813 2884
2813 2885
2814 2815
2814 2885
2814 2886
2815 2816
2815 2885
2815 2886
2816 2817
2816 2886
2816 2887
2817 2818
2817 2887
2818 2819
2818 2887
2818 2888
2819 2820
2819 2888
2820 2821
2820 2888
2820 2889
2821 2822
2821 2889
2821 2890
2822 2823
2822 2889
2822 2890
2822 2891
2823 2824
2823 2890
2823 2891
2823 2892
2824 2825
2824 2891
2824 2892
2825 2826
2825 2892
2825 2893
2826 2827
2826 2893
2826 2894
2827 2828
2827 2893
2827 2894
2828 2829
2828 2894
2829 2830
2829 2895
2830 2831
2830 2895
2830 2896
2831 2895
2831 2896
2831 2897
2832 2897
2832 2898
2832 2899
2833 2834
2833 2899
2833 2900
2833 2901
2834 2835
2834 2900
2834 2901
2834 2902
2835 2836
2835 2901
2835 2902
2835 2903
2836 2837
2836 2902
2836 2903
2836 2904
2837 2903
2837 2904
2837 2905
2838 2905
2838 2906
2839 2840
2839 2906
2839 2907
2839 2908
2840 2907
2840 2908
2840 2909
2841 2842
2841 2909
2841 2910
2841 2911
2842 2843
2842 2910
2842 2911
2842 2912
2843 2844
2843 2911
2843 2912
2843 2913
2844 2845
2844 2912
2844 2913
2844 2914
2845 2846
2845 2913
2845 2914
2845 2915
2846 2847
2846 2914
2846 2915
2846 2916
2847 2848
2847 2915
2847 2916
2847 2917
2848 2849
2848 2916
2848 2917
2848 2918
2849 2850
2849 2917
2849 2918
2849 2919
2850 2918
2850 2919
2850 2920
2851 2921
2851 2922
2852 2853
2852 2922
2852 2923
2852 2924
2853 2854
2853 2923
2853 2924
2853 2925
2854 2855
2854 2924
2854 2925
2854 2926
2855 2856
2855 2925
2855 2926
2855 2927
2856 2857
2856 2926
2856 2927
2856 2928
2857 2927
2857 2928
2857 2929
2858 2859
2858 2929
2858 2930
2858 2931
2859 2860
2859 2930
2859 2931
2859 2932
2860 2861
2860 2931
2860 2932
2860 2933
2861 2862
2861 2932
2861 2933
2861 2934
2862 2863
2862 2933
2862 2934
2862 2935
2863 2934
2863 2935
2863 2936
2864 2865
2864 2936
2865 2937
2866 2867
2866 2937
2866 2938
2866 2939
2867 2868
2867 2938
2867 2939
2867 2940
2868 2869
2868 2939
2868 2940
2869 2940
2869 2941
2870 2871
2870 2943
2870 2944
2871 2943
2871 2944
2871 2945
2872 2873
2872 2945
2872 2946
2873 2946
2873 2947
2874 2875
2874 2947
2874 2948
2874 2949
2875 2876
2875 2948
2875 2949
2875 2950
2876 2877
2876 2949
2876 2950
2876 2951
2877 2950
2877 2951
2877 2952
2878 2879
2878 2952
2878 2953
2878 2954
2879 2880
2879 2953
2879 2954
2879 2955
2880 2954
2880 2955
2880 2956
2881 2956
2881 2957
2881 2958
2882 2883
2882 2958
2882 2959
2883 2884
2883 2959
2883 2960
2884 2959
2884 2960
2884 2961
2885 2886
2885 2961
2885 2962
2885 2963
2886 2962
2886 2963
2886 2964
2887 2964
2887 2965
2887 2966
2888 2966
2888 2967
2888 2968
2889 2890
2889 2968
2890 2891
2890 2969
2891 2892
2891 2969
2891 2970
2892 2969
2892 2970
2892 2971
2893 2894
2893 2971
2893 2972
2893 2973
2894 2972
2894 2973
2894 2974
2895 2896
2895 2975
2895 2976
2895 2977
2896 2897
2896 2976
2896 2977
2896 2978
2897 2898
2897 2977
2897 2978
2897 2979
2898 2899
2898 2978
2898 2979
2899 2900
2899 2979
2899 2980
2900 2901
2900 2980
2900 2981
2901 2902
2901 2980
2901 2981
2901 2982
2902 2903
2902 2981
2902 2982
2902 2983
2903 2904
2903 2982
2903 2983
2903 2984
2904 2905
2904 2983
2904 2984
2904 2985
2905 2984
2905 2985
2905 2986
2906 2907
2906 2986
2906 2987
2907 2908
2907 2987
2907 2988
2908 2909
2908 2987
2908 2988
2908 2989
2909 2910
2909 2988
2909 2989
2909 2990
2910 2911
2910 2989
2910 2990
2911 2912
2911 2990
2912 2913
2912 2991
2913 2914
2913 2991
2913 2992
2914 2915
2914 2991
2914 2992
2914 2993
2915 2916
2915 2992
2915 2993
2915 2994
2916 2917
2916 2993
2916 2994
2916 2995
2917 2918
2917 2994
2917 2995
2917 2996
2918 2919
2918 2995
2918 2996
2918 2997
2919 2920
2919 2996
2919 2997
2919 2998
2920 2997
2920 2998
2920 2999
2921 2922
2921 2999
2921 3000
2921 3001
2922 2923
2922 3000
2922 3001
2922 3002
2923 2924
2923 3001
2923 3002
2923 3003
2924 2925
2924 3002
2924 3003
2924 3004
2925 2926
2925 3003
2925 3004
2926 2927
2926 3004
2926 3005
2927 2928
2927 3005
2927 3006
2928 2929
2928 3005
2928 3006
2928 3007
2929 2930
2929 3006
2929 3007
2929 3008
2930 2931
2930 3007
2930 3008
2930 3009
2931 2932
2931 3008
2931 3009
2931 3010
2932 2933
2932 3009
2932 3010
2932 3011
2933 2934
2933 3010
2933 3011
2934 2935
2934 3011
2935 2936
2935 3012
2936 3012
2936 3013
2937 2938
2937 3014
2938 2939
2938 3015
2939 2940
2939 3015
2939 3016
2940 3015
2940 3016
2940 3017
2941 2942
2941 3017
2941 3018
2941 3019
2942 3018
2942 3019
2943 2944
2943 3020
2943 3021
2944 2945
2944 3020
2944 3021
2944 3022
2945 2946
2945 3021
2945 3022
2946 3022
2946 3023
2947 2948
2947 3023
2947 3024
2947 3025
2948 2949
2948 3024
2948 3025
2948 3026
2949 2950
2949 3025
2949 3026
2950 2951
2950 3026
2950 3027
2951 2952
2951 3027
2951 3028
2952 2953
2952 3027
2952 3028
2953 2954
2953 3028
2953 3029
2954 2955
2954 3029
2955 2956
2955 3029
2955 3030
2956 2957
2956 3030
2956 3031
2957 2958
2957 3030
2957 3031
2958 3031
2958 3032
2959 2960
2959 3032
2959 3033
2959 3034
2960 2961
2960 3033
2960 3034
2960 3035
2961 2962
2961 3034
2961 3035
2961 3036
2962 2963
2962 3035
2962 3036
2962 3037
2963 2964
2963 3036
2963 3037
2964 2965
2964 3037
2964 3038
2965 2966
2965 3038
2965 3039
2966 2967
2966 3038
2966 3039
2966 3040
2967 2968
2967 3039
2967 3040
2967 3041
2968 3040
2968 3041
2968 3042
2969 2970
2969 3043
2969 3044
2970 2971
2970 3044
2970 3045
2971 2972
2971 3044
2971 3045
2971 3046
2972 2973
2972 3045
2972 3046
2972 3047
2973 2974
2973 3046
2973 3047
2973 3048
2974 2975
2974 3047
2974 3048
2975 2976
2975 3048
2975 3049
2976 2977
2976 3049
2976 3050
2977 2978
2977 3049
2977 3050
2977 3051
2978 2979
2978 3050
2978 3051
2978 3052
2979 3051
2979 3052
2979 3053
2980 2981
2980 3053
2980 3054
2980 3055
2981 2982
2981 3054
2981 3055
2981 3056
2982 2983
2982 3055
2982 3056
2982 3057
2983 2984
2983 3056
2983 3057
2984 2985
2984 3057
2984 3058
2985 2986
2985 3058
2986 3058
2986 3059
2987 2988
2987 3059
2987 3060
2987 3061
2988 2989
2988 3060
2988 3061
2988 3062
2989 2990
2989 3061
2989 3062
2990 3062
2990 3063
2991 2992
2991 3064
2991 3065
2991 3066
2992 2993
2992 3065
2992 3066
2992 3067
2993 2994
2993 3066
2993 3067
2993 3068
2994 2995
2994 3067
2994 3068
2994 3069
2995 2996
2995 3068
2995 3069
2995 3070
2996 2997
2996 3069
2996 3070
2997 2998
2997 3070
2998 2999
2998 3071
2999 3000
2999 3071
2999 3072
3000 3001
3000 3071
3000 3072
3001 3002
3001 3072
3001 3073
3002 3003
3002 3073
3003 3004
3003 3073
3003 3074
3004 3074
3004 3075
3005 3006
3005 3075
3005 3076
3005 3077
3006 3007
3006 3076
3006 3077
3006 3078
3007 3008
3007 3077
3007 3078
3007 3079
3008 3009
3008 3078
3008 3079
3008 3080
3009 3010
3009 3079
3009 3080
3010 3011
3010 3080
3010 3081
3011 3081
3011 3082
3012 3013
3012 3083
3012 3084
3012 3085
3013 3014
3013 3084
3013 3085
3014 3085
3014 3086
3015 3016
3015 3087
3015 3088
3015 3089
3016 3017
3016 3088
3016 3089
3016 3090
3017 3018
3017 3089
3017 3090
3017 3091
3018 3019
3018 3090
3018 3091
3019 3091
3020 3021
3020 3092
3020 3093
3021 3022
3021 3092
3021 3093
3021 3094
3022 3093
3022 3094
3022 3095
3023 3024
3023 3095
3024 3025
3024 3096
3025 3026
3025 3096
3025 3097
3026 3096
3026 3097
3026 3098
3027 3028
3027 3098
3027 3099
3027 3100
3028 3099
3028 3100
3028 3101
3029 3101
3029 3102
3029 3103
3030 3031
3030 3103
3030 3104
3031 3104
3031 3105
3032 3033
3032 3105
3032 3106
3032 3107
3033 3034
3033 3106
3033 3107
3033 3108
3034 3035
3034 3107
3034 3108
3034 3109
3035 3036
3035 3108
3035 3109
3035 3110
3036 3037
3036 3109
3036 3110
3036 3111
3037 3110
3037 3111
3037 3112
3038 3039
3038 3112
3038 3113
3038 3114
3039 3040
3039 3113
3039 3114
3039 3115
3040 3041
3040 3114
3040 3115
3040 3116
3041 3042
3041 3115
3041 3116
3041 3117
3042 3043
3042 3116
3042 3117
3042 3118
3043 3117
3043 3118
3043 3119
3044 3045
3044 3119
3044 3120
3045 3046
3045 3120
3045 3121
3046 3047
3046 3120
3046 3121
3046 3122
3047 3048
3047 3121
3047 3122
3048 3122
3048 3123
3049 3050
3049 3123
3049 3124
3049 3125
3050 3051
3050 3124
3050 3125
3050 3126
3051 3052
3051 3125
3051 3126
3051 3127
3052 3053
3052 3126
3052 3127
3052 3128
3053 3054
3053 3127
3053 3128
3053 3129
3054 3055
3054 3128
3054 3129
3055 3056
3055 3129
3055 3130
3056 3057
3056 3130
3056 3131
3057 3130
3057 3131
3057 3132
3058 3132
3058 3133
3059 3060
3059 3133
3059 3134
3059 3135
3060 3061
3060 3134
3060 3135
3060 3136
3061 3062
3061 3135
3061 3136
3061 3137
3062 3136
3062 3137
3062 3138
3063 3064
3063 3138
3063 3139
3064 3065
3064 3139
3065 3066
3065 3139
3065 3140
3066 3067
3066 3140
3066 3141
3067 3068
3067 3140
3067 3141
3068 3069
3068 3141
3068 3142
3069 3070
3069 3142
3070 3142
3071 3072
3071 3143
3071 3144
3071 3145
3072 3144
3072 3145
3072 3146
3073 3146
3073 3147
3073 3148
3074 3075
3074 3148
3074 3149
3074 3150
3075 3076
3075 3149
3075 3150
3075 3151
3076 3077
3076 3150
3076 3151
3076 3152
3077 3078
3077 3151
3077 3152
3077 3153
3078 3079
3078 3152
3078 3153
3078 3154
3079 3080
3079 3153
3079 3154
3079 3155
3080 3154
3080 3155
3080 3156
3081 3082
3081 3156
3081 3157
3082 3083
3082 3157
3082 3158
3083 3084
3083 3158
3083 3159
3084 3085
3084 3158
3084 3159
3084 3160
3085 3159
3085 3160
3085 3161
3086 3087
3086 3161
3086 3162
3086 3163
3087 3088
3087 3162
3087 3163
3087 3164
3088 3089
3088 3163
3088 3164
3088 3165
3089 3090
3089 3164
3089 3165
3089 3166
3090 3091
3090 3165
3090 3166
3090 3167
3091 3166
3091 3167
3091 3168
3092 3093
3092 3169
3092 3170
3093 3094
3093 3169
3093 3170
3093 3171
3094 3095
3094 3170
3094 3171
3094 3172
3095 3171
3095 3172
3095 3173
3096 3097
3096 3174
3096 3175
3097 3098
3097 3175
3097 3176
3098 3099
3098 3175
3098 3176
3098 3177
3099 3100
3099 3176
3099 3177
3099 3178
3100 3101
3100 3177
3100 3178
3101 3102
3101 3178
3101 3179
3102 3103
3102 3179
3103 3104
3103 3179
3105 3106
3105 3180
3106 3107
3106 3180
3106 3181
3107 3108
3107 3181
3107 3182
3108 3109
3108 3181
3108 3182
3108 3183
3109 3110
3109 3182
3109 3183
3109 3184
3110 3111
3110 3183
3110 3184
3110 3185
3111 3112
3111 3184
3111 3185
3111 3186
3112 3113
3112 3185
3112 3186
3112 3187
3113 3114
3113 3186
3113 3187
3113 3188
3114 3115
3114 3187
3114 3188
3114 3189
3115 3116
3115 3188
3115 3189
3116 3117
3116 3189
3116 3190
3117 3118
3117 3190
3117 3191
3118 3119
3118 3190
3118 3191
3118 3192
3119 3191
3119 3192
3119 3193
3120 3121
3120 3193
3120 3194
3120 3195
3121 3122
3121 3194
3121 3195
3121 3196
3122 3195
3122 3196
3122 3197
3123 3124
3123 3197
3123 3198
3123 3199
3124 3125
3124 3198
3124 3199
3125 3126
3125 3199
3125 3200
3126 3127
3126 3200
3126 3201
3127 3128
3127 3200
3127 3201
3128 3129
3128 3201
3129 3202
3130 3131
3130 3202
3130 3203
3130 3204
3131 3132
3131 3203
3131 3204
3131 3205
3132 3204
3132 3205
3132 3206
3133 3134
3133 3206
3133 3207
3133 3208
3134 3135
3134 3207
3134 3208
3134 3209
3135 3136
3135 3208
3135 3209
3135 3210
3136 3137
3136 3209
3136 3210
3136 3211
3137 3138
3137 3210
3137 3211
3137 3212
3138 3211
3138 3212
3138 3213
3139 3213
3139 3214
3140 3141
3140 3214
3140 3215
3140 3216
3141 3215
3141 3216
3141 3217
3142 3217
3142 3218
3142 3219
3143 3144
3143 3220
3143 3221
3143 3222
3144 3145
3144 3221
3144 3222
3144 3223
3145 3146
3145 3222
3145 3223
3145 3224
3146 3147
3146 3223
3146 3224
3147 3148
3147 3224
3147 3225
3148 3149
3148 3225
3148 3226
3149 3150
3149 3225
3149 3226
3149 3227
3150 3151
3150 3226
3150 3227
3151 3152
3151 3227
3151 3228
3152 3153
3152 3228
3152 3229
3153 3154
3153 3228
3153 3229
3153 3230
3154 3155
3154 3229
3154 3230
3154 3231
3155 3156
3155 3230
3155 3231
3155 3232
3156 3157
3156 3231
3156 3232
3156 3233
3157 3232
3157 3233
3157 3234
3158 3159
3158 3234
3158 3235
3159 3160
3159 3235
3159 3236
3160 3161
3160 3236
3160 3237
3161 3162
3161 3236
3161 3237
3161 3238
3162 3163
3162 3237
3162 3238
3163 3164
3163 3238
3163 3239
3164 3165
3164 3239
3164 3240
3165 3166
3165 3239
3165 3240
3166 3167
3166 3240
3166 3241
3167 3168
3167 3241
3167 3242
3168 3241
3168 3242
3169 3170
3170 3171
3170 3243
3171 3172
3171 3243
3172 3173
3172 3243
3172 3244
3173 3174
3173 3244
3173 3245
3174 3244
3174 3245
3174 3246
3175 3176
3175 3246
3175 3247
3175 3248
3176 3177
3176 3247
3176 3248
3176 3249
3177 3178
3177 3248
3177 3249
3177 3250
3178 3249
3178 3250
3179 3251
3179 3252
3181 3182
3181 3254
3181 3255
3182 3183
3182 3254
3182 3255
3182 3256
3183 3184
3183 3255
3183 3256
3183 3257
3184 3185
3184 3256
3184 3257
3184 3258
3185 3186
3185 3257
3185 3258
3185 3259
3186 3187
3186 3258
3186 3259
3187 3188
3187 3259
3187 3260
3188 3189
3188 3260
3189 3260
3189 3261
3190 3191
3190 3261
3190 3262
3191 3192
3191 3262
3191 3263
3192 3193
3192 3262
3192 3263
3192 3264
3193 3194
3193 3263
3193 3264
3193 3265
3194 3195
3194 3264
3194 3265
3194 3266
3195 3196
3195 3265
3195 3266
3195 3267
3196 3197
3196 3266
3196 3267
3197 3198
3197 3267
3197 3268
3198 3199
3198 3268
3198 3269
3199 3268
3199 3269
3199 3270
3200 3201
3200 3270
3200 3271
3201 3271
3201 3272
3202 3203
3202 3273
3202 3274
3202 3275
3203 3204
3203 3274
3203 3275
3203 3276
3204 3205
3204 3275
3204 3276
3204 3277
3205 3206
3205 3276
3205 3277
3206 3207
3206 3277
3207 3208
3207 3278
3208 3209
3208 3278
3208 3279
3209 3210
3209 3278
3209 3279
3209 3280
3210 3211
3210 3279
3210 3280
3210 3281
3211 3212
3211 3280
3211 3281
3211 3282
3212 3213
3212 3281
3212 3282
3212 3283
3213 3282
3213 3283
3213 3284
3214 3215
3214 3284
3214 3285
3214 3286
3215 3216
3215 3285
3215 3286
3215 3287
3216 3217
3216 3286
3216 3287
3216 3288
3217 3218
3217 3287
3217 3288
3217 3289
3218 3219
3218 3288
3218 3289
3218 3290
3219 3220
3219 3289
3219 3290
3219 3291
3220 3221
3220 3290
3220 3291
3220 3292
3221 3222
3221 3291
3221 3292
3221 3293
3222 3223
3222 3292
3222 3293
3222 3294
3223 3224
3223 3293
3223 3294
3223 3295
3224 3294
3224 3295
3225 3226
3225 3296
3225 3297
3226 3227
3226 3296
3226 3297
3226 3298
3227 3297
3227 3298
3227 3299
3228 3229
3228 3299
3228 3300
3229 3230
3229 3300
3229 3301
3230 3231
3230 3301
3230 3302
3231 3232
3231 3301
3231 3302
3231 3303
3232 3233
3232 3302
3232 3303
3232 3304
3233 3234
3233 3303
3233 3304
3233 3305
3234 3235
3234 3304
3234 3305
3234 3306
3235 3305
3235 3306
3235 3307
3236 3237
3236 3307
3236 3308
3237 3238
3237 3308
3237 3309
3238 3308
3238 3309
3238 3310
3239 3240
3239 3310
3240 3311
3241 3242
3241 3311
3241 3312
3241 3313
3242 3312
3242 3313
3243 3314
3243 3315
3244 3245
3245 3246
3245 3316
3246 3247
3246 3316
3246 3317
3247 3248
3247 3316
3247 3317
3247 3318
3248 3249
3248 3317
3248 3318
3248 3319
3249 3250
3249 3318
3249 3319
3249 3320
3250 3319
3250 3320
3250 3321
3251 3252
3251 3321
3251 3322
3252 3253
3252 3322
3252 3323
3253 3323
3253 3324
3254 3255
3254 3326
3254 3327
3255 3256
3255 3327
3255 3328
3256 3257
3256 3327
3256 3328
3256 3329
3257 3258
3257 3328
3257 3329
3257 3330
3258 3259
3258 3329
3258 3330
3258 3331
3259 3330
3259 3331
3259 3332
3260 3332
3260 3333
3260 3334
3261 3334
3261 3335
3261 3336
3262 3263
3262 3336
3262 3337
3262 3338
3263 3264
3263 3337
3263 3338
3263 3339
3264 3265
3264 3338
3264 3339
3265 3266
3265 3339
3265 3340
3266 3267
3266 3340
3266 3341
3267 3340
3267 3341
3268 3269
3268 3342
3268 3343
3269 3270
3269 3342
3269 3343
3270 3343
3270 3344
3271 3272
3271 3344
3271 3345
3272 3273
3272 3345
3272 3346
3273 3274
3273 3345
3273 3346
3274 3275
3274 3346
3274 3347
3275 3276
3275 3347
3276 3277
3276 3347
3276 3348
3277 3348
3277 3349
3278 3279
3278 3350
3278 3351
3279 3280
3279 3350
3279 3351
3279 3352
3280 3281
3280 3351
3280 3352
3280 3353
3281 3282
3281 3352
3281 3353
3281 3354
3282 3283
3282 3353
3282 3354
3282 3355
3283 3284
3283 3354
3283 3355
3283 3356
3284 3285
3284 3355
3284 3356
3284 3357
3285 3286
3285 3356
3285 3357
3285 3358
3286 3287
3286 3357
3286 3358
3286 3359
3287 3288
3287 3358
3287 3359
3287 3360
3288 3289
3288 3359
3288 3360
3289 3290
3289 3360
3290 3291
3290 3361
3291 3292
3291 3361
3291 3362
3292 3293
3292 3361
3292 3362
3292 3363
3293 3294
3293 3362
3293 3363
3293 3364
3294 3295
3294 3363
3294 3364
3294 3365
3295 3364
3295 3365
3296 3297
3296 3366
3297 3298
3297 3366
3297 3367
3298 3299
3298 3366
3298 3367
3299 3300
3299 3367
3299 3368
3300 3368
3301 3302
3301 3369
3302 3303
3302 3369
3302 3370
3303 3304
3303 3370
3303 3371
3304 3305
3304 3370
3304 3371
3304 3372
3305 3306
3305 3371
3305 3372
3305 3373
3306 3307
3306 3372
3306 3373
3306 3374
3307 3373
3307 3374
3307 3375
3308 3309
3308 3375
3308 3376
3308 3377
3309 3310
3309 3376
3309 3377
3309 3378
3310 3377
3310 3378
3310 3379
3311 3312
3311 3380
3311 3381
3311 3382
3312 3313
3312 3381
3312 3382
3312 3383
3313 3382
3313 3383
3314 3315
3314 3384
3314 3385
3314 3386
3315 3385
3315 3386
3315 3387
3316 3317
3317 3318
3318 3319
3318 3389
3319 3320
3319 3389
3319 3390
3320 3321
3320 3389
3320 3390
3321 3322
3321 3390
3322 3391
3323 3324
3323 3391
3323 3392
3323 3393
3324 3325
3324 3392
3324 3393
3324 3394
3325 3326
3325 3393
3325 3394
3325 3395
3326 3394
3326 3395
3326 3396
3327 3328
3327 3396
3327 3397
3327 3398
3328 3329
3328 3397
3328 3398
3328 3399
3329 3330
3329 3398
3329 3399
3329 3400
3330 3331
3330 3399
3330 3400
3330 3401
3331 3332
3331 3400
3331 3401
3331 3402
3332 3333
3332 3401
3332 3402
3332 3403
3333 3334
3333 3402
3333 3403
3333 3404
3334 3335
3334 3403
3334 3404
3334 3405
3335 3336
3335 3404
3335 3405
3335 3406
3336 3337
3336 3405
3336 3406
3336 3407
3337 3338
3337 3406
3337 3407
3337 3408
3338 3339
3338 3407
3338 3408
3338 3409
3339 3408
3339 3409
3340 3341
3340 3410
3340 3411
3341 3410
3341 3411
3341 3412
3342 3343
3342 3412
3342 3413
3343 3413
3343 3414
3344 3414
3344 3415
3344 3416
3345 3346
3345 3416
3345 3417
3345 3418
3346 3417
3346 3418
3347 3419
3347 3420
3348 3349
3348 3420
3348 3421
3348 3422
3349 3421
3349 3422
3350 3351
3350 3423
3351 3352
3351 3423
3351 3424
3352 3353
3352 3423
3352 3424
3352 3425
3353 3354
3353 3424
3353 3425
3353 3426
3354 3355
3354 3425
3354 3426
3354 3427
3355 3356
3355 3426
3355 3427
3355 3428
3356 3357
3356 3427
3356 3428
3357 3358
3357 3428
3358 3359
3358 3429
3359 3360
3359 3429
3360 3429
3360 3430
3361 3362
3361 3431
3361 3432
3362 3363
3362 3431
3362 3432
3363 3364
3363 3432
3363 3433
3364 3365
3364 3433
3364 3434
3365 3433
3365 3434
3365 3435
3366 3367
3366 3436
3366 3437
3366 3438
3367 3437
3367 3438
3367 3439
3368 3439
3368 3440
3368 3441
3369 3441
3369 3442
3369 3443
3370 3371
3370 3443
3370 3444
3370 3445
3371 3372
3371 3444
3371 3445
3371 3446
3372 3373
3372 3445
3372 3446
3373 3374
3373 3446
3373 3447
3374 3375
3374 3447
3374 3448
3375 3376
3375 3447
3375 3448
3375 3449
3376 3377
3376 3448
3376 3449
3376 3450
3377 3378
3377 3449
3377 3450
3377 3451
3378 3379
3378 3450
3378 3451
3378 3452
3379 3380
3379 3451
3379 3452
3379 3453
3380 3381
3380 3452
3380 3453
3380 3454
3381 3382
3381 3453
3381 3454
3381 3455
3382 3383
3382 3454
3382 3455
3383 3455
3384 3385
3384 3456
3385 3386
3385 3456
3386 3387
3386 3456
3386 3457
3387 3388
3387 3457
3387 3458
3388 3457
3388 3458
3388 3459
3389 3390
3389 3461
3389 3462
3390 3462
3390 3463
3391 3392
3391 3464
3392 3393
3392 3465
3393 3394
3393 3465
3393 3466
3394 3395
3394 3465
3394 3466
3395 3396
3395 3466
3395 3467
3396 3397
3396 3467
3396 3468
3397 3398
3397 3467
3397 3468
3397 3469
3398 3399
3398 3468
3398 3469
3398 3470
3399 3400
3399 3469
3399 3470
3399 3471
3400 3401
3400 3470
3400 3471
3401 3402
3401 3471
3401 3472
3402 3403
3402 3472
3402 3473
3403 3404
3403 3472
3403 3473
3403 3474
3404 3405
3404 3473
3404 3474
3404 3475
3405 3406
3405 3474
3405 3475
3405 3476
3406 3407
3406 3475
3406 3476
3406 3477
3407 3408
3407 3476
3407 3477
3407 3478
3408 3409
3408 3477
3408 3478
3408 3479
3409 3478
3409 3479
3409 3480
3410 3411
3410 3480
3410 3481
3410 3482
3411 3412
3411 3481
3411 3482
3411 3483
3412 3413
3412 3482
3412 3483
3412 3484
3413 3483
3413 3484
3414 3415
3414 3485
3414 3486
3415 3416
3415 3485
3415 3486
3415 3487
3416 3417
3416 3486
3416 3487
3416 3488
3417 3418
3417 3487
3417 3488
3417 3489
3418 3488
3418 3489
3418 3490
3419 3420
3419 3490
3419 3491
3419 3492
3420 3421
3420 3491
3420 3492
3420 3493
3421 3422
3421 3492
3421 3493
3421 3494
3422 3493
3422 3494
3422 3495
3423 3424
3423 3496
3423 3497
3423 3498
3424 3425
3424 3497
3424 3498
3424 3499
3425 3426
3425 3498
3425 3499
3425 3500
3426 3427
3426 3499
3426 3500
3427 3428
3427 3500
3427 3501
3428 3501
3428 3502
3429 3503
3429 3504
3429 3505
3430 3505
3430 3506
3431 3432
3431 3507
3431 3508
3432 3507
3432 3508
3432 3509
3433 3434
3433 3509
3433 3510
3433 3511
3434 3435
3434 3510
3434 3511
3434 3512
3435 3436
3435 3511
3435 3512
3436 3437
3436 3512
3436 3513
3437 3438
3437 3513
3437 3514
3438 3439
3438 3513
3438 3514
3438 3515
3439 3440
3439 3514
3439 3515
3439 3516
3440 3441
3440 3515
3440 3516
3441 3442
3441 3516
3441 3517
3442 3443
3442 3517
3442 3518
3443 3444
3443 3517
3443 3518
3443 3519
3444 3445
3444 3518
3444 3519
3445 3446
3445 3519
3445 3520
3446 3520
3446 3521
3447 3448
3447 3521
3447 3522
3448 3449
3448 3522
3448 3523
3449 3450
3449 3523
3449 3524
3450 3451
3450 3523
3450 3524
3450 3525
3451 3452
3451 3524
3451 3525
3451 3526
3452 3453
3452 3525
3452 3526
3453 3454
3453 3526
3454 3455
3454 3527
3455 3527
3456 3528
3456 3529
3457 3458
3457 3529
3457 3530
3457 3531
3458 3459
3458 3530
3458 3531
3459 3460
3459 3531
3459 3532
3460 3532
3461 3462
3461 3533
3462 3533
3462 3534
3463 3464
3463 3534
3463 3535
3463 3536
3464 3535
3464 3536
3464 3537
3465 3466
3465 3538
3465 3539
3465 3540
3466 3539
3466 3540
3466 3541
3467 3468
3467 3541
3467 3542
3468 3469
3468 3542
3468 3543
3469 3470
3469 3542
3469 3543
3469 3544
3470 3471
3470 3543
3470 3544
3470 3545
3471 3544
3471 3545
3471 3546
3472 3473
3472 3546
3472 3547
3472 3548
3473 3474
3473 3547
3473 3548
3474 3475
3474 3548
3474 3549
3475 3476
3475 3549
3475 3550
3476 3477
3476 3549
3476 3550
3477 3478
3477 3550
3478 3479
3478 3551
3479 3480
3479 3551
3479 3552
3480 3481
3480 3551
3480 3552
3480 3553
3481 3482
3481 3552
3481 3553
3481 3554
3482 3483
3482 3553
3482 3554
3482 3555
3483 3484
3483 3554
3483 3555
3483 3556
3484 3555
3484 3556
3484 3557
3485 3486
3485 3557
3485 3558
3486 3487
3486 3558
3486 3559
3487 3488
3487 3558
3487 3559
3488 3489
3488 3559
3489 3490
3489 3560
3490 3491
3490 3560
3490 3561
3491 3492
3491 3560
3491 3561
3491 3562
3492 3493
3492 3561
3492 3562
3493 3494
3493 3562
3493 3563
3494 3495
3494 3563
3495 3496
3495 3563
3496 3497
3496 3564
3497 3498
3497 3564
3497 3565
3498 3499
3498 3564
3498 3565
3498 3566
3499 3500
3499 3565
3499 3566
3500 3566
3500 3567
3501 3502
3501 3567
3501 3568
3501 3569
3502 3503
3502 3568
3502 3569
3502 3570
3503 3504
3503 3569
3503 3570
3503 3571
3504 3505
3504 3570
3504 3571
3504 3572
3505 3506
3505 3571
3505 3572
3505 3573
3506 3572
3506 3573
3506 3574
3507 3508
3507 3574
3507 3575
3507 3576
3508 3509
3508 3575
3508 3576
3509 3510
3509 3576
3509 3577
3510 3511
3510 3577
3510 3578
3511 3512
3511 3577
3511 3578
3511 3579
3512 3578
3512 3579
3512 3580
3513 3514
3513 3580
3513 3581
3514 3515
3514 3581
3515 3516
3515 3581
3515 3582
3516 3582
3516 3583
3517 3518
3517 3583
3517 3584
3517 3585
3518 3519
3518 3584
3518 3585
3518 3586
3519 3585
3519 3586
3519 3587
3520 3521
3520 3587
3520 3588
3520 3589
3521 3522
3521 3588
3521 3589
3522 3589
3522 3590
3523 3524
3523 3590
3523 3591
3524 3525
3524 3591
3525 3526
3525 3591
3525 3592
3526 3592
3527 3593
3527 3594
3528 3529
3528 3595
3529 3530
3529 3595
3529 3596
3530 3531
3530 3595
3530 3596
3530 3597
3531 3596
3531 3597
3531 3598
3532 3598
3532 3599
3533 3534
3533 3600
3533 3601
3534 3535
3534 3601
3534 3602
3535 3536
3535 3601
3535 3602
3535 3603
3536 3537
3536 3602
3536 3603
3536 3604
3537 3538
3537 3603
3537 3604
3537 3605
3538 3539
3538 3604
3538 3605
3538 3606
3539 3540
3539 3605
3539 3606
3539 3607
3540 3541
3540 3606
3540 3607
3540 3608
3541 3607
3541 3608
3541 3609
3542 3543
3542 3609
3542 3610
3542 3611
3543 3544
3543 3610
3543 3611
3543 3612
3544 3545
3544 3611
3544 3612
3544 3613
3545 3546
3545 3612
3545 3613
3545 3614
3546 3547
3546 3613
3546 3614
3546 3615
3547 3548
3547 3614
3547 3615
3548 3615
3548 3616
3549 3550
3549 3616
3549 3617
3549 3618
3550 3617
3550 3618
3551 3552
3551 3619
3551 3620
3552 3553
3552 3620
3552 3621
3553 3554
3553 3621
3554 3555
3554 3621
3555 3556
3555 3622
3556 3557
3556 3622
3557 3622
3557 3623
3558 3559
3558 3623
3558 3624
3558 3625
3559 3624
3559 3625
3559 3626
3560 3561
3560 3627
3560 3628
3560 3629
3561 3562
3561 3628
3561 3629
3562 3629
3562 3630
3563 3630
3563 3631
3563 3632
3564 3565
3564 3633
3564 3634
3565 3566
3565 3633
3565 3634
3565 3635
3566 3634
3566 3635
3566 3636
3567 3568
3567 3636
3567 3637
3568 3569
3568 3637
3568 3638
3569 3570
3569 3637
3569 3638
3569 3639
3570 3571
3570 3638
3570 3639
3570 3640
3571 3572
3571 3639
3571 3640
3571 3641
3572 3573
3572 3640
3572 3641
3573 3574
3573 3641
3574 3575
3574 3642
3575 3576
3575 3642
3575 3643
3576 3642
3576 3643
3577 3578
3577 3644
3577 3645
3578 3579
3578 3644
3578 3645
3579 3580
3579 3645
3581 3646
3582 3583
3582 3646
3583 3584
3583 3647
3584 3585
3584 3647
3585 3586
3585 3647
3585 3648
3586 3587
3586 3648
3586 3649
3587 3588
3587 3648
3587 3649
3587 3650
3588 3589
3588 3649
3588 3650
3588 3651
3589 3650
3589 3651
3590 3652
3590 3653
3591 3653
3591 3654
3591 3655
3592 3655
3592 3656
3593 3594
3593 3657
3593 3658
3594 3658
3595 3596
3595 3660
3595 3661
3595 3662
3596 3597
3596 3661
3596 3662
3596 3663
3597 3598
3597 3662
3597 3663
3597 3664
3598 3663
3598 3664
3598 3665
3599 3600
3599 3665
3599 3666
3599 3667
3600 3666
3600 3667
3600 3668
3601 3602
3601 3668
3601 3669
3602 3603
3602 3669
3602 3670
3603 3604
3603 3669
3603 3670
3603 3671
3604 3605
3604 3670
3604 3671
3605 3606
3605 3671
3605 3672
3606 3607
3606 3672
3606 3673
3607 3608
3607 3672
3607 3673
3607 3674
3608 3609
3608 3673
3608 3674
3608 3675
3609 3610
3609 3674
3609 3675
3609 3676
3610 3611
3610 3675
3610 3676
3610 3677
3611 3612
3611 3676
3611 3677
3612 3613
3612 3677
3612 3678
3613 3614
3613 3678
3613 3679
3614 3615
3614 3678
3614 3679
3614 3680
3615 3679
3615 3680
3615 3681
3616 3617
3616 3681
3616 3682
3616 3683
3617 3618
3617 3682
3617 3683
3617 3684
3618 3683
3618 3684
3618 3685
3619 3620
3619 3685
3619 3686
3620 3686
3620 3687
3621 3687
3621 3688
3621 3689
3622 3690
3622 3691
3622 3692
3623 3624
3623 3692
3623 3693
3623 3694
3624 3625
3624 3693
3624 3694
3624 3695
3625 3626
3625 3694
3625 3695
3625 3696
3626 3627
3626 3695
3626 3696
3626 3697
3627 3628
3627 3696
3627 3697
3627 3698
3628 3629
3628 3697
3628 3698
3628 3699
3629 3698
3629 3699
3629 3700
3630 3631
3630 3700
3630 3701
3630 3702
3631 3632
3631 3701
3631 3702
3631 3703
3632 3702
3632 3703
3632 3704
3633 3634
3633 3704
3634 3635
3634 3705
3635 3636
3635 3705
3635 3706
3636 3705
3636 3706
3636 3707
3637 3638
3637 3707
3637 3708
3638 3639
3638 3708
3638 3709
3639 3640
3639 3708
3639 3709
3639 3710
3640 3641
3640 3709
3640 3710
3641 3710
3641 3711
3642 3643
3642 3712
3642 3713
3642 3714
3643 3713
3643 3714
3643 3715
3644 3645
3644 3715
3644 3716
3644 3717
3645 3716
3645 3717
3645 3718
3646 3721
3646 3722
3647 3723
3647 3724
3647 3725
3648 3649
3648 3725
3648 3726
3648 3727
3649 3650
3649 3726
3649 3727
3649 3728
3650 3651
3650 3727
3650 3728
3650 3729
3651 3728
3651 3729
3651 3730
3652 3653
3652 3730
3652 3731
3652 3732
3653 3654
3653 3731
3653 3732
3653 3733
3654 3655
3654 3732
3654 3733
3654 3734
3655 3733
3655 3734
3655 3735
3656 3657
3656 3735
3656 3736
3656 3737
3657 3736
3657 3737
3657 3738
3658 3738
3658 3739
3659 3660
3659 3740
3660 3661
3660 3740
3660 3741
3661 3662
3661 3740
3661 3741
3661 3742
3662 3663
3662 3741
3662 3742
3663 3664
3663 3742
3663 3743
3664 3665
3664 3743
3664 3744
3665 3666
3665 3743
3665 3744
3665 3745
3666 3667
3666 3744
3666 3745
3666 3746
3667 3668
3667 3745
3667 3746
3667 3747
3668 3746
3668 3747
3668 3748
3669 3670
3669 3748
3669 3749
3669 3750
3670 3671
3670 3749
3670 3750
3670 3751
3671 3750
3671 3751
3671 3752
3672 3673
3672 3752
3672 3753
3672 3754
3673 3674
3673 3753
3673 3754
3674 3675
3674 3754
3674 3755
3675 3676
3675 3755
3675 3756
3676 3677
3676 3755
3676 3756
3676 3757
3677 3756
3677 3757
3677 3758
3678 3679
3678 3758
3678 3759
3678 3760
3679 3680
3679 3759
3679 3760
3680 3681
3680 3760
3680 3761
3681 3682
3681 3761
3681 3762
3682 3683
3682 3761
3682 3762
3682 3763
3683 3684
3683 3762
3683 3763
3683 3764
3684 3685
3684 3763
3684 3764
3684 3765
3685 3686
3685 3764
3685 3765
3685 3766
3686 3765
3686 3766
3686 3767
3687 3688
3687 3767
3687 3768
3687 3769
3688 3689
3688 3768
3688 3769
3688 3770
3689 3690
3689 3769
3689 3770
3689 3771
3690 3691
3690 3770
3690 3771
3690 3772
3691 3692
3691 3771
3691 3772
3691 3773
3692 3693
3692 3772
3692 3773
3692 3774
3693 3694
3693 3773
3693 3774
3693 3775
3694 3695
3694 3774
3694 3775
3694 3776
3695 3696
3695 3775
3695 3776
3695 3777
3696 3697
3696 3776
3696 3777
3696 3778
3697 3698
3697 3777
3697 3778
3697 3779
3698 3699
3698 3778
3698 3779
3698 3780
3699 3700
3699 3779
3699 3780
3699 3781
3700 3701
3700 3780
3700 3781
3701 3702
3701 3781
3701 3782
3702 3703
3702 3782
3702 3783
3703 3704
3703 3782
3703 3783
3703 3784
3704 3783
3704 3784
3704 3785
3705 3706
3705 3786
3705 3787
3706 3707
3706 3787
3706 3788
3707 3788
3707 3789
3708 3709
3708 3789
3708 3790
3708 3791
3709 3710
3709 3790
3709 3791
3710 3791
3710 3792
3711 3712
3711 3792
3711 3793
3711 3794
3712 3713
3712 3793
3712 3794
3712 3795
3713 3714
3713 3794
3713 3795
3713 3796
3714 3715
3714 3795
3714 3796
3715 3716
3715 3796
3716 3717
3716 3797
3717 3718
3717 3797
3717 3798
3718 3719
3718 3797
3718 3798
3718 3799
3719 3720
3719 3798
3719 3799
3719 3800
3720 3721
3720 3799
3720 3800
3720 3801
3721 3800
3721 3801
3721 3802
3722 3723
3722 3802
3722 3803
3722 3804
3723 3724
3723 3803
3723 3804
3723 3805
3724 3725
3724 3804
3724 3805
3724 3806
3725 3726
3725 3805
3725 3806
3725 3807
3726 3727
3726 3806
3726 3807
3726 3808
3727 3728
3727 3807
3727 3808
3727 3809
3728 3729
3728 3808
3728 3809
3728 3810
3729 3730
3729 3809
3729 3810
3730 3731
3730 3810
3731 3732
3731 3811
3732 3733
3732 3811
3732 3812
3733 3734
3733 3811
3733 3812
3733 3813
3734 3735
3734 3812
3734 3813
3734 3814
3735 3736
3735 3813
3735 3814
3735 3815
3736 3737
3736 3814
3736 3815
3736 3816
3737 3738
3737 3815
3737 3816
3737 3817
3738 3739
3738 3816
3738 3817
3739 3817
3740 3741
3740 3818
3740 3819
3740 3820
3741 3742
3741 3819
3741 3820
3741 3821
3742 3820
3742 3821
3742 3822
3743 3744
3743 3822
3743 3823
3744 3745
3744 3823
3744 3824
3745 3746
3745 3823
3745 3824
3746 3747
3746 3824
3747 3748
3747 3825
3748 3749
3748 3825
3748 3826
3749 3750
3749 3825
3749 3826
3749 3827
3750 3751
3750 3826
3750 3827
3750 3828
3751 3752
3751 3827
3751 3828
3751 3829
3752 3753
3752 3828
3752 3829
3752 3830
3753 3754
3753 3829
3753 3830
3753 3831
3754 3830
3754 3831
3754 3832
3755 3756
3755 3832
3755 3833
3755 3834
3756 3757
3756 3833
3756 3834
3757 3758
3757 3834
3758 3759
3758 3835
3759 3760
3759 3835
3759 3836
3760 3835
3760 3836
3760 3837
3761 3762
3761 3837
3761 3838
3762 3763
3762 3838
3762 3839
3763 3764
3763 3839
3763 3840
3764 3765
3764 3839
3764 3840
3764 3841
3765 3766
3765 3840
3765 3841
3765 3842
3766 3767
3766 3841
3766 3842
3767 3768
3767 3842
3767 3843
3768 3769
3768 3843
3769 3770
3769 3843
3769 3844
3770 3771
3770 3844
3771 3772
3771 3844
3771 3845
3772 3773
3772 3845
3772 3846
3773 3774
3773 3845
3773 3846
3774 3775
3774 3846
3775 3776
3775 3847
3776 3777
3776 3847
3776 3848
3777 3778
3777 3847
3777 3848
3777 3849
3778 3779
3778 3848
3778 3849
3778 3850
3779 3780
3779 3849
3779 3850
3779 3851
3780 3781
3780 3850
3780 3851
3780 3852
3781 3851
3781 3852
3781 3853
3782 3783
3782 3853
3782 3854
3782 3855
3783 3784
3783 3854
3783 3855
3783 3856
3784 3785
3784 3855
3784 3856
3784 3857
3785 3786
3785 3856
3785 3857
3785 3858
3786 3787
3786 3857
3786 3858
3786 3859
3787 3858
3787 3859
3787 3860
3788 3789
3788 3860
3788 3861
3788 3862
3789 3790
3789 3861
3789 3862
3789 3863
3790 3791
3790 3862
3790 3863
3790 3864
3791 3863
3791 3864
3791 3865
3792 3793
3792 3865
3792 3866
3793 3794
3793 3866
3793 3867
3794 3795
3794 3867
3795 3796
3795 3867
3796 3868
3797 3798
3797 3869
3797 3870
3798 3799
3798 3869
3798 3870
3799 3800
3799 3870
3799 3871
3800 3801
3800 3871
3801 3802
3801 3871
3801 3872
3802 3803
3802 3872
3802 3873
3803 3804
3803 3872
3803 3873
3803 3874
3804 3805
3804 3873
3804 3874
3804 3875
3805 3806
3805 3874
3805 3875
3805 3876
3806 3807
3806 3875
3806 3876
3806 3877
3807 3808
3807 3876
3807 3877
3807 3878
3808 3809
3808 3877
3808 3878
3808 3879
3809 3810
3809 3878
3809 3879
3810 3879
3811 3812
3811 3880
3811 3881
3812 3813
3812 3881
3812 3882
3813 3814
3813 3882
3813 3883
3814 3815
3814 3882
3814 3883
3814 3884
3815 3816
3815 3883
3815 3884
3815 3885
3816 3817
3816 3884
3816 3885
3816 3886
3817 3885
3817 3886
3818 3819
3818 3887
3818 3888
3819 3820
3819 3887
3819 3888
3819 3889
3820 3821
3820 3888
3820 3889
3821 3822
3821 3889
3822 3890
3823 3824
3823 3890
3823 3891
3824 3891
3825 3826
3825 3892
3825 3893
3825 3894
3826 3827
3826 3893
3826 3894
3826 3895
3827 3828
3827 3894
3827 3895
3827 3896
3828 3829
3828 3895
3828 3896
3828 3897
3829 3830
3829 3896
3829 3897
3829 3898
3830 3831
3830 3897
3830 3898
3830 3899
3831 3832
3831 3898
3831 3899
3831 3900
3832 3833
3832 3899
3832 3900
3832 3901
3833 3834
3833 3900
3833 3901
3833 3902
3834 3901
3834 3902
3834 3903
3835 3836
3835 3904
3835 3905
3836 3837
3836 3904
3836 3905
3837 3838
3837 3905
3837 3906
3838 3906
3839 3840
3839 3907
3839 3908
3840 3841
3840 3907
3840 3908
3840 3909
3841 3842
3841 3908
3841 3909
3842 3909
3842 3910
3843 3910
3843 3911
3843 3912
3844 3912
3844 3913
3845 3846
3845 3914
3846 3914
3846 3915
3847 3848
3847 3916
3847 3917
3848 3849
3848 3917
3848 3918
3849 3850
3849 3918
3850 3851
3850 3918
3850 3919
3851 3852
3851 3919
3852 3853
3852 3919
3852 3920
3853 3854
3853 3920
3854 3855
3854 3920
3854 3921
3855 3856
3855 3921
3855 3922
3856 3857
3856 3921
3856 3922
3856 3923
3857 3858
3857 3922
3857 3923
3857 3924
3858 3859
3858 3923
3858 3924
3858 3925
3859 3860
3859 3924
3859 3925
3859 3926
3860 3861
3860 3925
3860 3926
3860 3927
3861 3862
3861 3926
3861 3927
3862 3863
3862 3927
3862 3928
3863 3864
3863 3928
3863 3929
3864 3865
3864 3928
3864 3929
3865 3866
3865 3929
3865 3930
3866 3930
3867 3931
3867 3932
3868 3933
3868 3934
3868 3935
3869 3870
3869 3935
3869 3936
3870 3936
3870 3937
3871 3937
3871 3938
3871 3939
3872 3873
3872 3939
3872 3940
3873 3874
3873 3940
3873 3941
3874 3875
3874 3940
3874 3941
3874 3942
3875 3876
3875 3941
3875 3942
3875 3943
3876 3877
3876 3942
3876 3943
3876 3944
3877 3878
3877 3943
3877 3944
3877 3945
3878 3879
3878 3944
3878 3945
3879 3945
3879 3946
3880 3881
3880 3947
3880 3948
3880 3949
3881 3948
3881 3949
3881 3950
3882 3883
3882 3950
3882 3951
3882 3952
3883 3884
3883 3951
3883 3952
3883 3953
3884 3885
3884 3952
3884 3953
3884 3954
3885 3886
3885 3953
3885 3954
3885 3955
3886 3954
3886 3955
3887 3888
3887 3956
3888 3889
3888 3956
3888 3957
3889 3957
3889 3958
3890 3891
3890 3959
3890 3960
3891 3960
3891 3961
3892 3893
3892 3962
3892 3963
3893 3894
3893 3962
3893 3963
3893 3964
3894 3895
3894 3963
3894 3964
3894 3965
3895 3896
3895 3964
3895 3965
3896 3897
3896 3965
3896 3966
3897 3898
3897 3966
3898 3899
3898 3966
3898 3967
3899 3900
3899 3967
3900 3901
3900 3967
3900 3968
3901 3902
3901 3968
3902 3903
3902 3968
3902 3969
3903 3969
3903 3970
3904 3905
3904 3970
3904 3971
3904 3972
3905 3971
3905 3972
3905 3973
3906 3973
3907 3908
3907 3974
3907 3975
3908 3909
3908 3974
3908 3975
3908 3976
3909 3975
3909 3976
3909 3977
3910 3911
3910 3977
3910 3978
3911 3912
3911 3978
3911 3979
3912 3913
3912 3978
3912 3979
3912 3980
3913 3979
3913 3980
3913 3981
3914 3915
3914 3982
3914 3983
3915 3916
3915 3983
3915 3984
3916 3917
3916 3984
3916 3985
3917 3984
3917 3985
3918 3986
3919 3986
3919 3987
3919 3988
3920 3988
3920 3989
3920 3990
3921 3922
3921 3990
3921 3991
3921 3992
3922 3923
3922 3991
3922 3992
3922 3993
3923 3924
3923 3992
3923 3993
3923 3994
3924 3925
3924 3993
3924 3994
3924 3995
3925 3926
3925 3994
3925 3995
3925 3996
3926 3927
3926 3995
3926 3996
3926 3997
3927 3996
3927 3997
3927 3998
3928 3929
3928 3998
3928 3999
3928 4000
3929 3999
3929 4000
3929 4001
3930 4001
3930 4002
3930 4003
3931 3932
3931 4003
3931 4004
3931 4005
3932 3933
3932 4004
3932 4005
3932 4006
3933 3934
3933 4005
3933 4006
3934 3935
3934 4006
3934 4007
3935 4007
3935 4008
3936 3937
3936 4008
3936 4009
3936 4010
3937 3938
3937 4009
3937 4010
3937 4011
3938 3939
3938 4010
3938 4011
3938 4012
3939 4011
3939 4012
3939 4013
3940 3941
3940 4013
3940 4014
3940 4015
3941 3942
3941 4014
3941 4015
3941 4016
3942 3943
3942 4015
3942 4016
3942 4017
3943 3944
3943 4016
3943 4017
3943 4018
3944 3945
3944 4017
3944 4018
3944 4019
3945 4018
3945 4019
3945 4020
3946 3947
3946 4020
3946 4021
3946 4022
3947 3948
3947 4021
3947 4022
3947 4023
3948 3949
3948 4022
3948 4023
3948 4024
3949 3950
3949 4023
3949 4024
3949 4025
3950 3951
3950 4024
3950 4025
3950 4026
3951 3952
3951 4025
3951 4026
3952 3953
3952 4026
3953 3954
3954 3955
3954 4027
3955 4027
3955 4028
3956 4029
3956 4030
3957 3958
3957 4030
3957 4031
3958 3959
3958 4031
3958 4032
3959 3960
3959 4032
3959 4033
3960 4032
3960 4033
3961 4034
3961 4035
3962 3963
3962 4035
3962 4036
3962 4037
3963 3964
3963 4036
3963 4037
3963 4038
3964 3965
3964 4037
3964 4038
3964 4039
3965 4038
3965 4039
3965 4040
3966 4040
3966 4041
3967 4041
3967 4042
3967 4043
3968 4043
3968 4044
3969 3970
3969 4045
3969 4046
3970 3971
3970 4045
3970 4046
3970 4047
3971 3972
3971 4046
3971 4047
3971 4048
3972 3973
3972 4047
3972 4048
3972 4049
3973 4048
3973 4049
3973 4050
3974 3975
3974 4051
3974 4052
3975 3976
3975 4052
3975 4053
3976 3977
3976 4052
3976 4053
3976 4054
3977 4053
3977 4054
3977 4055
3978 3979
3978 4055
3978 4056
3978 4057
3979 3980
3979 4056
3979 4057
3980 3981
3980 4057
3980 4058
3981 3982
3981 4058
3982 3983
3982 4058
3982 4059
3983 4059
3983 4060
3984 3985
3984 4060
3984 4061
3985 4061
3985 4062
3986 3987
3986 4063
3986 4064
3986 4065
3987 3988
3987 4064
3987 4065
3987 4066
3988 3989
3988 4065
3988 4066
3989 3990
3989 4066
3989 4067
3990 3991
3990 4067
3990 4068
3991 3992
3991 4067
3991 4068
3991 4069
3992 3993
3992 4068
3992 4069
3992 4070
3993 3994
3993 4069
3993 4070
3994 3995
3994 4070
3994 4071
3995 3996
3995 4071
3995 4072
3996 3997
3996 4071
3996 4072
3996 4073
3997 3998
3997 4072
3997 4073
3997 4074
3998 3999
3998 4073
3998 4074
3998 4075
3999 4000
3999 4074
3999 4075
4000 4001
4000 4075
4000 4076
4001 4002
4001 4076
4001 4077
4002 4003
4002 4076
4002 4077
4002 4078
4003 4004
4003 4077
4003 4078
4003 4079
4004 4005
4004 4078
4004 4079
4004 4080
4005 4006
4005 4079
4005 4080
4005 4081
4006 4080
4006 4081
4007 4008
4007 4082
4008 4009
4008 4082
4009 4010
4009 4082
4009 4083
4010 4011
4010 4083
4010 4084
4011 4012
4011 4083
4011 4084
4012 4013
4012 4084
4013 4014
4013 4085
4014 4015
4014 4085
4014 4086
4015 4016
4015 4085
4015 4086
4016 4017
4016 4086
4016 4087
4017 4018
4017 4087
4017 4088
4018 4019
4018 4087
4018 4088
4018 4089
4019 4020
4019 4088
4019 4089
4019 4090
4020 4021
4020 4089
4020 4090
4020 4091
4021 4022
4021 4090
4021 4091
4022 4023
4022 4091
4022 4092
4023 4024
4023 4092
4023 4093
4024 4025
4024 4092
4024 4093
4024 4094
4025 4026
4025 4093
4025 4094
4025 4095
4026 4094
4026 4095
4026 4096
4027 4028
4027 4098
4027 4099
4027 4100
4028 4099
4028 4100
4029 4030
4029 4101
4029 4102
4030 4031
4030 4101
4030 4102
4030 4103
4031 4102
4031 4103
4031 4104
4032 4033
4032 4104
4032 4105
4033 4105
4033 4106
4034 4035
4034 4106
4034 4107
4034 4108
4035 4036
4035 4107
4035 4108
4035 4109
4036 4037
4036 4108
4036 4109
4036 4110
4037 4038
4037 4109
4037 4110
4037 4111
4038 4039
4038 4110
4038 4111
4039 4040
4039 4111
4040 4112
4041 4042
4041 4112
4041 4113
4042 4043
4042 4113
4043 4044
4043 4113
4043 4114
4044 4114
4044 4115
4045 4046
4045 4115
4045 4116
4046 4047
4046 4116
4046 4117
4047 4048
4047 4117
4047 4118
4048 4049
4048 4117
4048 4118
4049 4050
4049 4118
4049 4119
4050 4051
4050 4119
4050 4120
4051 4119
4051 4120
4051 4121
4052 4053
4052 4121
4052 4122
4052 4123
4053 4054
4053 4122
4053 4123
4053 4124
4054 4055
4054 4123
4054 4124
4054 4125
4055 4056
4055 4124
4055 4125
4055 4126
4056 4057
4056 4125
4056 4126
4056 4127
4057 4126
4057 4127
4058 4128
4058 4129
4059 4060
4059 4129
4059 4130
4060 4061
4060 4130
4060 4131
4061 4131
4062 4063
4062 4132
4062 4133
4063 4064
4063 4132
4063 4133
4063 4134
4064 4065
4064 4133
4064 4134
4065 4066
4065 4134
4065 4135
4066 4135
4066 4136
4067 4068
4067 4136
4067 4137
4068 4069
4068 4137
4068 4138
4069 4070
4069 4138
4070 4138
4070 4139
4071 4072
4071 4139
4071 4140
4071 4141
4072 4073
4072 4140
4072 4141
4072 4142
4073 4074
4073 4141
4073 4142
4073 4143
4074 4075
4074 4142
4074 4143
4074 4144
4075 4143
4075 4144
4076 4077
4076 4145
4076 4146
4077 4078
4077 4145
4077 4146
4077 4147
4078 4079
4078 4146
4078 4147
4078 4148
4079 4080
4079 4147
4079 4148
4079 4149
4080 4081
4080 4148
4080 4149
4080 4150
4081 4149
4081 4150
4081 4151
4082 4152
4082 4153
4082 4154
4083 4084
4083 4154
4083 4155
4084 4155
4084 4156
4085 4086
4085 4157
4085 4158
4085 4159
4086 4158
4086 4159
4086 4160
4087 4088
4087 4160
4087 4161
4088 4089
4088 4161
4088 4162
4089 4090
4089 4161
4089 4162
4089 4163
4090 4091
4090 4162
4090 4163
4090 4164
4091 4163
4091 4164
4092 4093
4093 4094
4093 4165
4094 4095
4094 4165
4095 4096
4095 4165
4095 4166
4096 4097
4096 4166
4096 4167
4097 4098
4097 4166
4097 4167
4097 4168
4098 4099
4098 4167
4098 4168
4098 4169
4099 4100
4099 4168
4099 4169
4099 4170
4100 4169
4100 4170
4101 4102
4101 4171
4102 4103
4102 4171
4103 4104
4103 4172
4104 4105
4104 4172
4104 4173
4105 4172
4105 4173
4105 4174
4106 4107
4106 4174
4106 4175
4106 4176
4107 4108
4107 4175
4107 4176
4108 4109
4108 4176
4108 4177
4109 4110
4109 4177
4110 4111
4110 4177
4110 4178
4111 4178
4111 4179
4112 4180
4112 4181
4112 4182
4113 4182
4113 4183
4113 4184
4114 4115
4114 4184
4114 4185
4114 4186
4115 4116
4115 4185
4115 4186
4115 4187
4116 4186
4116 4187
4117 4118
4117 4188
4117 4189
4118 4188
4118 4189
4118 4190
4119 4120
4119 4190
4119 4191
4119 4192
4120 4121
4120 4191
4120 4192
4121 4122
4121 4192
4121 4193
4122 4123
4122 4193
4122 4194
4123 4124
4123 4193
4123 4194
4124 4125
4124 4194
4124 4195
4125 4126
4125 4195
4125 4196
4126 4127
4126 4195
4126 4196
4126 4197
4127 4196
4127 4197
4127 4198
4128 4129
4128 4198
4128 4199
4128 4200
4129 4130
4129 4199
4129 4200
4129 4201
4130 4200
4130 4201
4130 4202
4131 4202
4131 4203
4132 4133
4133 4134
4133 4204
4134 4204
4134 4205
4135 4136
4135 4205
4135 4206
4135 4207
4136 4137
4136 4206
4136 4207
4136 4208
4137 4207
4137 4208
4137 4209
4138 4209
4138 4210
4139 4140
4139 4210
4139 4211
4139 4212
4140 4141
4140 4211
4140 4212
4141 4142
4141 4212
4141 4213
4142 4143
4142 4213
4142 4214
4143 4144
4143 4213
4143 4214
4143 4215
4144 4214
4144 4215
4144 4216
4145 4146
4145 4216
4145 4217
4146 4147
4146 4217
4146 4218
4147 4148
4147 4218
4147 4219
4148 4149
4148 4218
4148 4219
4148 4220
4149 4150
4149 4219
4149 4220
4149 4221
4150 4151
4150 4220
4150 4221
4151 4152
4151 4221
4151 4222
4152 4153
4152 4222
4152 4223
4153 4154
4153 4222
4153 4223
4153 4224
4154 4223
4154 4224
4154 4225
4155 4156
4155 4225
4155 4226
4155 4227
4156 4157
4156 4226
4156 4227
4156 4228
4157 4158
4157 4227
4157 4228
4157 4229
4158 4159
4158 4228
4158 4229
4158 4230
4159 4160
4159 4229
4159 4230
4159 4231
4160 4230
4160 4231
4160 4232
4161 4162
4161 4232
4161 4233
4162 4163
4162 4233
4162 4234
4163 4164
4163 4234
4163 4235
4164 4234
4164 4235
4164 4236
4165 4237
4165 4238
4165 4239
4166 4167
4166 4239
4166 4240
4166 4241
4167 4168
4167 4240
4167 4241
4167 4242
4168 4169
4168 4241
4168 4242
4168 4243
4169 4170
4169 4242
4169 4243
4169 4244
4170 4243
4170 4244
4171 4245
4172 4173
4172 4246
4172 4247
4172 4248
4173 4174
4173 4247
4173 4248
4173 4249
4174 4175
4174 4248
4174 4249
4174 4250
4175 4176
4175 4249
4175 4250
4175 4251
4176 4250
4176 4251
4176 4252
4177 4252
4177 4253
4177 4254
4178 4179
4178 4254
4178 4255
4178 4256
4179 4180
4179 4255
4179 4256
4179 4257
4180 4181
4180 4256
4180 4257
4180 4258
4181 4182
4181 4257
4181 4258
4181 4259
4182 4183
4182 4258
4182 4259
4182 4260
4183 4184
4183 4259
4183 4260
4183 4261
4184 4185
4184 4260
4184 4261
4185 4186
4185 4261
4185 4262
4186 4187
4186 4262
4186 4263
4187 4262
4187 4263
4187 4264
4188 4189
4188 4264
4188 4265
4188 4266
4189 4190
4189 4265
4189 4266
4189 4267
4190 4191
4190 4266
4190 4267
4190 4268
4191 4192
4191 4267
4191 4268
4191 4269
4192 4268
4192 4269
4193 4194
4193 4270
4193 4271
4194 4270
4194 4271
4195 4196
4195 4272
4196 4197
4196 4272
4196 4273
4197 4198
4197 4273
4198 4199
4198 4273
4198 4274
4199 4200
4199 4274
4199 4275
4200 4201
4200 4274
4200 4275
4201 4202
4201 4275
4201 4276
4202 4203
4202 4276
4202 4277
4203 4276
4203 4277
4203 4278
4204 4205
4204 4280
4204 4281
4205 4206
4205 4281
4205 4282
4206 4207
4206 4281
4206 4282
4206 4283
4207 4208
4207 4282
4207 4283
4208 4209
4208 4283
4208 4284
4209 4284
4209 4285
4210 4211
4210 4285
4210 4286
4210 4287
4211 4212
4211 4286
4211 4287
4211 4288
4212 4287
4212 4288
4212 4289
4213 4214
4213 4289
4213 4290
4213 4291
4214 4215
4214 4290
4214 4291
4214 4292
4215 4216
4215 4291
4215 4292
4216 4217
4216 4292
4216 4293
4217 4293
4217 4294
4218 4219
4218 4294
4218 4295
4219 4220
4219 4295
4219 4296
4220 4221
4220 4296
4220 4297
4221 4296
4221 4297
4222 4223
4222 4298
4222 4299
4223 4224
4223 4298
4223 4299
4223 4300
4224 4225
4224 4299
4224 4300
4224 4301
4225 4226
4225 4300
4225 4301
4225 4302
4226 4227
4226 4301
4226 4302
4226 4303
4227 4228
4227 4302
4227 4303
4227 4304
4228 4229
4228 4303
4228 4304
4229 4230
4229 4304
4229 4305
4230 4231
4230 4305
4230 4306
4231 4232
4231 4305
4231 4306
4231 4307
4232 4233
4232 4306
4232 4307
4232 4308
4233 4307
4233 4308
4233 4309
4234 4235
4234 4309
4234 4310
4235 4236
4235 4310
4235 4311
4236 4310
4236 4311
4236 4312
4237 4238
4237 4312
4237 4313
4238 4239
4238 4313
4238 4314
4239 4240
4239 4314
4239 4315
4240 4241
4240 4314
4240 4315
4240 4316
4241 4242
4241 4315
4241 4316
4242 4243
4242 4316
4242 4317
4243 4244
4243 4317
4243 4318
4244 4317
4244 4318
4245 4319
4245 4320
4246 4247
4246 4320
4246 4321
4246 4322
4247 4248
4247 4321
4247 4322
4247 4323
4248 4249
4248 4322
4248 4323
4248 4324
4249 4250
4249 4323
4249 4324
4249 4325
4250 4251
4250 4324
4250 4325
4250 4326
4251 4252
4251 4325
4251 4326
4251 4327
4252 4253
4252 4326
4252 4327
4252 4328
4253 4254
4253 4327
4253 4328
4254 4255
4254 4328
4254 4329
4255 4256
4255 4329
4256 4257
4256 4329
4256 4330
4257 4258
4257 4330
4257 4331
4258 4259
4258 4330
4258 4331
4258 4332
4259 4260
4259 4331
4259 4332
4260 4261
4260 4332
4260 4333
4261 4333
4261 4334
4262 4263
4262 4334
4262 4335
4262 4336
4263 4264
4263 4335
4263 4336
4263 4337
4264 4265
4264 4336
4264 4337
4264 4338
4265 4266
4265 4337
4265 4338
4266 4267
4266 4338
4266 4339
4267 4268
4267 4339
4267 4340
4268 4269
4268 4339
4268 4340
4269 4340
4269 4341
4270 4271
4270 4341
4270 4342
4270 4343
4271 4342
4271 4343
4272 4344
4273 4345
4274 4275
4274 4345
4274 4346
4274 4347
4275 4346
4275 4347
4275 4348
4276 4277
4276 4348
4276 4349
4277 4278
4277 4349
4277 4350
4278 4279
4278 4349
4278 4350
4278 4351
4279 4280
4279 4350
4279 4351
4279 4352
4280 4351
4280 4352
4280 4353
4281 4282
4281 4353
4281 4354
4281 4355
4282 4283
4282 4354
4282 4355
4282 4356
4283 4355
4283 4356
4283 4357
4284 4285
4284 4357
4284 4358
4285 4286
4285 4358
4285 4359
4286 4287
4286 4359
4286 4360
4287 4288
4287 4359
4287 4360
4287 4361
4288 4289
4288 4360
4288 4361
4289 4290
4289 4361
4289 4362
4290 4291
4290 4362
4290 4363
4291 4292
4291 4362
4291 4363
4291 4364
4292 4363
4292 4364
4292 4365
4293 4294
4293 4365
4293 4366
4293 4367
4294 4295
4294 4366
4294 4367
4294 4368
4295 4367
4295 4368
4296 4297
4296 4369
4296 4370
4297 4369
4297 4370
4297 4371
4298 4299
4298 4371
4298 4372
4298 4373
4299 4300
4299 4372
4299 4373
4299 4374
4300 4301
4300 4373
4300 4374
4301 4302
4301 4374
4301 4375
4302 4303
4302 4375
4303 4304
4303 4375
4303 4376
4304 4376
4304 4377
4305 4306
4305 4377
4305 4378
4305 4379
4306 4307
4306 4378
4306 4379
4306 4380
4307 4308
4307 4379
4307 4380
4307 4381
4308 4309
4308 4380
4308 4381
4308 4382
4309 4381
4309 4382
4309 4383
4310 4311
4310 4383
4310 4384
4310 4385
4311 4312
4311 4384
4311 4385
4311 4386
4312 4313
4312 4385
4312 4386
4312 4387
4313 4386
4313 4387
4313 4388
4314 4315
4314 4388
4314 4389
4315 4316
4315 4389
4316 4389
4317 4318
4317 4390
4318 4390
4319 4320
4319 4391
4320 4321
4320 4391
4320 4392
4321 4322
4321 4391
4321 4392
4321 4393
4322 4323
4322 4392
4322 4393
4322 4394
4323 4324
4323 4393
4323 4394
4323 4395
4324 4325
4324 4394
4324 4395
4324 4396
4325 4326
4325 4395
4325 4396
4325 4397
4326 4327
4326 4396
4326 4397
4327 4328
4327 4397
4328 4398
4329 4398
4329 4399
4329 4400
4330 4331
4330 4400
4330 4401
4330 4402
4331 4332
4331 4401
4331 4402
4331 4403
4332 4402
4332 4403
4332 4404
4333 4334
4333 4404
4333 4405
4334 4335
4334 4405
4334 4406
4335 4336
4335 4406
4336 4337
4336 4406
4337 4338
4337 4407
4338 4407
4339 4340
4339 4408
4339 4409
4340 4408
4340 4409
4340 4410
4341 4342
4341 4410
4342 4343
4344 4411
4344 4412
4345 4346
4345 4413
4346 4347
4346 4414
4347 4348
4347 4414
4347 4415
4348 4414
4348 4415
4348 4416
4349 4350
4349 4416
4349 4417
4349 4418
4350 4351
4350 4417
4350 4418
4350 4419
4351 4352
4351 4418
4351 4419
4351 4420
4352 4353
4352 4419
4352 4420
4352 4421
4353 4354
4353 4420
4353 4421
4354 4355
4354 4421
4354 4422
4355 4356
4355 4422
4355 4423
4356 4357
4356 4422
4356 4423
4356 4424
4357 4358
4357 4423
4357 4424
4357 4425
4358 4424
4358 4425
4358 4426
4359 4360
4359 4426
4359 4427
4359 4428
4360 4361
4360 4427
4360 4428
4361 4428
4361 4429
4362 4363
4362 4429
4362 4430
4362 4431
4363 4364
4363 4430
4363 4431
4364 4365
4364 4431
4365 4366
4365 4432
4366 4367
4366 4432
4366 4433
4367 4368
4367 4432
4367 4433
4367 4434
4368 4433
4368 4434
4368 4435
4369 4370
4369 4435
4369 4436
4370 4371
4370 4436
4371 4372
4371 4436
4371 4437
4372 4373
4372 4437
4372 4438
4373 4374
4373 4437
4373 4438
4373 4439
4374 4438
4374 4439
4374 4440
4375 4440
4375 4441
4376 4377
4376 4442
4376 4443
4377 4378
4377 4442
4377 4443
4377 4444
4378 4379
4378 4443
4378 4444
4379 4380
4379 4444
4380 4381
4380 4445
4381 4382
4381 4445
4381 4446
4382 4383
4382 4445
4382 4446
4383 4384
4383 4446
4384 4385
4384 4447
4385 4386
4385 4447
4385 4448
4386 4387
4386 4447
4386 4448
4386 4449
4387 4388
4387 4448
4387 4449
4388 4449
4388 4450
4389 4450
4389 4451
4389 4452
4390 4453
4390 4454
4390 4455
4391 4392
4391 4456
4391 4457
4391 4458
4392 4393
4392 4457
4392 4458
4392 4459
4393 4394
4393 4458
4393 4459
4393 4460
4394 4395
4394 4459
4394 4460
4395 4396
4395 4460
4395 4461
4396 4397
4396 4461
4396 4462
4397 4461
4397 4462
4398 4399
4398 4463
4398 4464
4399 4400
4399 4463
4399 4464
4399 4465
4400 4401
4400 4464
4400 4465
4400 4466
4401 4402
4401 4465
4401 4466
4402 4403
4402 4466
4402 4467
4403 4404
4403 4467
4403 4468
4404 4405
4404 4467
4404 4468
4404 4469
4405 4468
4405 4469
4406 4470
4407 4471
4407 4472
4408 4409
4408 4473
4408 4474
4409 4410
4409 4473
4409 4474
4409 4475
4410 4474
4410 4475
4410 4476
4411 4412
4411 4479
4411 4480
4411 4481
4412 4413
4412 4480
4412 4481
4413 4481
4413 4482
4414 4415
4414 4483
4414 4484
4414 4485
4415 4416
4415 4484
4415 4485
4416 4417
4416 4485
4416 4486
4417 4418
4417 4486
4417 4487
4418 4419
4418 4486
4418 4487
4418 4488
4419 4420
4419 4487
4419 4488
4419 4489
4420 4421
4420 4488
4420 4489
4420 4490
4421 4489
4421 4490
4421 4491
4422 4423
4422 4491
4422 4492
4422 4493
4423 4424
4423 4492
4423 4493
4423 4494
4424 4425
4424 4493
4424 4494
4424 4495
4425 4426
4425 4494
4425 4495
4425 4496
4426 4427
4426 4495
4426 4496
4427 4428
4427 4496
4427 4497
4428 4497
4428 4498
4429 4430
4429 4498
4429 4499
4430 4431
4430 4499
4432 4433
4432 4500
4432 4501
4433 4434
4433 4501
4433 4502
4434 4435
4434 4501
4434 4502
4434 4503
4435 4502
4435 4503
4435 4504
4436 4504
4436 4505
4436 4506
4437 4438
4437 4506
4437 4507
4437 4508
4438 4439
4438 4507
4438 4508
4438 4509
4439 4440
4439 4508
4439 4509
4439 4510
4440 4441
4440 4509
4440 4510
4440 4511
4441 4510
4441 4511
4441 4512
4442 4443
4442 4512
4442 4513
4442 4514
4443 4444
4443 4513
4443 4514
4443 4515
4444 4514
4444 4515
4444 4516
4445 4446
4445 4517
4445 4518
4445 4519
4446 4518
4446 4519
4446 4520
4447 4448
4447 4521
4447 4522
4447 4523
4448 4449
4448 4522
4448 4523
4448 4524
4449 4523
4449 4524
4449 4525
4450 4451
4450 4525
4450 4526
4450 4527
4451 4452
4451 4526
4451 4527
4452 4453
4452 4527
4452 4528
4453 4454
4453 4528
4454 4455
4454 4528
4454 4529
4455 4529
4456 4457
4456 4530
4456 4531
4457 4458
4457 4530
4457 4531
4457 4532
4458 4459
4458 4531
4458 4532
4458 4533
4459 4460
4459 4532
4459 4533
4459 4534
4460 4533
4460 4534
4460 4535
4461 4462
4461 4535
4461 4536
4461 4537
4462 4536
4462 4537
4463 4464
4463 4538
4463 4539
4463 4540
4464 4465
4464 4539
4464 4540
4464 4541
4465 4466
4465 4540
4465 4541
4465 4542
4466 4541
4466 4542
4466 4543
4467 4468
4467 4543
4467 4544
4467 4545
4468 4469
4468 4544
4468 4545
4469 4545
4469 4546
4470 4471
4470 4547
4470 4548
4470 4549
4471 4472
4471 4548
4471 4549
4471 4550
4472 4549
4472 4550
4472 4551
4473 4474
4473 4551
4473 4552
4473 4553
4474 4475
4474 4552
4474 4553
4474 4554
4475 4476
4475 4553
4475 4554
4475 4555
4476 4477
4476 4554
4476 4555
4477 4478
4477 4555
4477 4556
4478 4479
4478 4556
4479 4480
4479 4556
4479 4557
4480 4481
4480 4557
4480 4558
4481 4557
4481 4558
4482 4483
4482 4559
4482 4560
4483 4484
4483 4559
4483 4560
4484 4485
4484 4560
4485 4561
4486 4487
4486 4561
4486 4562
4486 4563
4487 4488
4487 4562
4487 4563
4487 4564
4488 4489
4488 4563
4488 4564
4489 4490
4489 4564
4489 4565
4490 4491
4490 4565
4490 4566
4491 4492
4491 4565
4491 4566
4492 4493
4492 4566
4492 4567
4493 4494
4493 4567
4493 4568
4494 4495
4494 4567
4494 4568
4495 4496
4495 4568
4495 4569
4496 4569
4496 4570
4497 4498
4497 4570
4497 4571
4497 4572
4498 4499
4498 4571
4498 4572
4498 4573
4499 4572
4499 4573
4499 4574
4500 4576
4501 4502
4501 4577
4502 4503
4502 4577
4503 4504
4503 4578
4504 4505
4504 4578
4504 4579
4505 4506
4505 4578
4505 4579
4505 4580
4506 4507
4506 4579
4506 4580
4506 4581
4507 4508
4507 4580
4507 4581
4507 4582
4508 4509
4508 4581
4508 4582
4509 4510
4509 4582
4510 4511
4511 4512
4511 4583
4512 4513
4512 4583
4513 4514
4513 4583
4513 4584
4514 4515
4514 4584
4514 4585
4515 4516
4515 4584
4515 4585
4515 4586
4516 4517
4516 4585
4516 4586
4516 4587
4517 4518
4517 4586
4517 4587
4517 4588
4518 4519
4518 4587
4518 4588
4518 4589
4519 4520
4519 4588
4519 4589
4519 4590
4520 4521
4520 4589
4520 4590
4520 4591
4521 4522
4521 4590
4521 4591
4521 4592
4522 4523
4522 4591
4522 4592
4522 4593
4523 4524
4523 4592
4523 4593
4524 4525
4524 4593
4524 4594
4525 4526
4525 4594
4525 4595
4526 4527
4526 4594
4526 4595
4526 4596
4527 4595
4527 4596
4528 4597
4528 4598
4529 4598
4529 4599
4530 4531
4530 4600
4530 4601
4531 4532
4531 4600
4531 4601
4531 4602
4532 4533
4532 4601
4532 4602
4532 4603
4533 4534
4533 4602
4533 4603
4534 4535
4534 4603
4534 4604
4535 4536
4535 4604
4536 4537
4536 4604
4536 4605
4537 4605
4537 4606
4538 4539
4538 4606
4538 4607
4538 4608
4539 4540
4539 4607
4539 4608
4539 4609
4540 4541
4540 4608
4540 4609
4540 4610
4541 4542
4541 4609
4541 4610
4542 4543
4542 4610
4542 4611
4543 4544
4543 4611
4543 4612
4544 4545
4544 4611
4544 4612
4545 4612
4545 4613
4546 4547
4546 4613
4546 4614
4546 4615
4547 4548
4547 4614
4547 4615
4548 4549
4548 4615
4548 4616
4549 4550
4549 4616
4549 4617
4550 4551
4550 4616
4550 4617
4550 4618
4551 4552
4551 4617
4551 4618
4551 4619
4552 4553
4552 4618
4552 4619
4552 4620
4553 4554
4553 4619
4553 4620
4553 4621
4554 4555
4554 4620
4554 4621
4554 4622
4555 4621
4555 4622
4555 4623
4556 4623
4556 4624
4556 4625
4557 4558
4557 4625
4558 4626
4559 4560
4559 4626
4559 4627
4559 4628
4560 4627
4560 4628
4560 4629
4561 4562
4561 4630
4561 4631
4561 4632
4562 4563
4562 4631
4562 4632
4563 4564
4563 4632
4563 4633
4564 4633
4564 4634
4565 4566
4565 4634
4565 4635
4566 4635
4567 4568
4567 4636
4567 4637
4568 4636
4568 4637
4568 4638
4569 4570
4569 4638
4570 4571
4570 4639
4571 4572
4571 4639
4571 4640
4572 4573
4572 4639
4572 4640
4572 4641
4573 4574
4573 4640
4573 4641
4573 4642
4574 4575
4574 4641
4574 4642
4574 4643
4575 4642
4575 4643
4575 4644
4576 4644
4576 4645
4576 4646
4577 4646
4577 4647
4577 4648
4578 4579
4578 4649
4578 4650
4578 4651
4579 4580
4579 4650
4579 4651
4579 4652
4580 4581
4580 4651
4580 4652
4580 4653
4581 4582
4581 4652
4581 4653
4581 4654
4582 4653
4582 4654
4582 4655
4583 4657
4583 4658
4583 4659
4584 4585
4584 4659
4584 4660
4585 4586
4585 4660
4585 4661
4586 4587
4586 4661
4586 4662
4587 4588
4587 4661
4587 4662
4587 4663
4588 4589
4588 4662
4588 4663
4588 4664
4589 4590
4589 4663
4589 4664
4589 4665
4590 4591
4590 4664
4590 4665
4590 4666
4591 4592
4591 4665
4591 4666
4591 4667
4592 4593
4592 4666
4592 4667
4592 4668
4593 4667
4593 4668
4593 4669
4594 4595
4594 4669
4594 4670
4594 4671
4595 4596
4595 4670
4595 4671
4595 4672
4596 4671
4596 4672
4597 4598
4597 4673
4597 4674
4598 4599
4598 4673
4598 4674
4598 4675
4599 4674
4599 4675
4600 4601
4600 4676
4600 4677
4601 4602
4601 4676
4601 4677
4601 4678
4602 4603
4602 4677
4602 4678
4602 4679
4603 4678
4603 4679
4603 4680
4604 4680
4604 4681
4605 4606
4605 4681
4605 4682
4605 4683
4606 4607
4606 4682
4606 4683
4606 4684
4607 4608
4607 4683
4607 4684
4607 4685
4608 4609
4608 4684
4608 4685
4608 4686
4609 4610
4609 4685
4609 4686
4609 4687
4610 4686
4610 4687
4611 4612
4611 4688
4612 4688
4613 4614
4613 4689
4613 4690
4614 4615
4614 4689
4614 4690
4614 4691
4615 4690
4615 4691
4615 4692
4616 4617
4616 4692
4616 4693
4616 4694
4617 4618
4617 4693
4617 4694
4617 4695
4618 4619
4618 4694
4618 4695
4619 4620
4619 4695
4619 4696
4620 4621
4620 4696
4621 4622
4621 4696
4621 4697
4622 4623
4622 4697
4622 4698
4623 4624
4623 4697
4623 4698
4623 4699
4624 4625
4624 4698
4624 4699
4624 4700
4625 4699
4625 4700
4626 4627
4626 4701
4626 4702
4626 4703
4627 4628
4627 4702
4627 4703
4627 4704
4628 4629
4628 4703
4628 4704
4628 4705
4629 4630
4629 4704
4629 4705
4629 4706
4630 4631
4630 4705
4630 4706
4631 4632
4631 4706
4632 4707
4633 4634
4633 4707
4633 4708
4634 4635
4634 4708
4634 4709
4635 4708
4635 4709
4635 4710
4636 4637
4636 4711
4636 4712
4637 4638
4637 4712
4637 4713
4638 4712
4638 4713
4638 4714
4639 4640
4639 4715
4639 4716
4639 4717
4640 4641
4640 4716
4640 4717
4640 4718
4641 4642
4641 4717
4641 4718
4642 4643
4642 4718
4642 4719
4643 4644
4643 4719
4643 4720
4644 4645
4644 4719
4644 4720
4644 4721
4645 4646
4645 4720
4645 4721
4645 4722
4646 4647
4646 4721
4646 4722
4646 4723
4647 4648
4647 4722
4647 4723
4647 4724
4648 4649
4648 4723
4648 4724
4648 4725
4649 4650
4649 4724
4649 4725
4649 4726
4650 4651
4650 4725
4650 4726
4651 4652
4651 4726
4651 4727
4652 4653
4652 4727
4652 4728
4653 4654
4653 4727
4653 4728
4653 4729
4654 4655
4654 4728
4654 4729
4654 4730
4655 4656
4655 4729
4655 4730
4655 4731
4656 4657
4656 4730
4656 4731
4656 4732
4657 4658
4657 4731
4657 4732
4658 4659
4658 4732
4658 4733
4659 4660
4659 4733
4660 4733
4660 4734
4661 4662
4661 4734
4661 4735
4662 4663
4662 4735
4662 4736
4663 4664
4663 4736
4664 4665
4664 4736
4664 4737
4665 4666
4665 4737
4666 4667
4666 4737
4666 4738
4667 4668
4667 4738
4667 4739
4668 4669
4668 4738
4668 4739
4668 4740
4669 4670
4669 4739
4669 4740
4669 4741
4670 4671
4670 4740
4670 4741
4670 4742
4671 4672
4671 4741
4671 4742
4671 4743
4672 4742
4672 4743
4672 4744
4673 4674
4673 4744
4673 4745
4673 4746
4674 4675
4674 4745
4674 4746
4674 4747
4675 4746
4675 4747
4676 4677
4676 4748
4677 4678
4677 4748
4677 4749
4678 4679
4678 4748
4678 4749
4678 4750
4679 4680
4679 4749
4679 4750
4679 4751
4680 4750
4680 4751
4680 4752
4681 4682
4681 4752
4681 4753
4681 4754
4682 4683
4682 4753
4682 4754
4682 4755
4683 4684
4683 4754
4683 4755
4683 4756
4684 4685
4684 4755
4684 4756
4684 4757
4685 4686
4685 4756
4685 4757
4685 4758
4686 4687
4686 4757
4686 4758
4686 4759
4687 4758
4687 4759
4687 4760
4688 4760
4688 4761
4689 4690
4689 4762
4689 4763
4689 4764
4690 4691
4690 4763
4690 4764
4691 4692
4691 4764
4691 4765
4692 4693
4692 4765
4692 4766
4693 4694
4693 4765
4693 4766
4693 4767
4694 4695
4694 4766
4694 4767
4695 4767
4695 4768
4696 4768
4696 4769
4696 4770
4697 4698
4697 4770
4697 4771
4697 4772
4698 4699
4698 4771
4698 4772
4698 4773
4699 4700
4699 4772
4699 4773
4699 4774
4700 4773
4700 4774
4700 4775
4701 4702
4701 4775
4701 4776
4702 4703
4702 4776
4702 4777
4703 4704
4703 4776
4703 4777
4703 4778
4704 4705
4704 4777
4704 4778
4704 4779
4705 4706
4705 4778
4705 4779
4706 4779
4706 4780
4707 4781
4708 4709
4708 4781
4708 4782
4709 4710
4709 4782
4709 4783
4710 4711
4710 4782
4710 4783
4710 4784
4711 4783
4711 4784
4711 4785
4712 4713
4712 4785
4712 4786
4713 4714
4713 4786
4713 4787
4714 4715
4714 4787
4714 4788
4715 4716
4715 4787
4715 4788
4715 4789
4716 4717
4716 4788
4716 4789
4716 4790
4717 4718
4717 4789
4717 4790
4718 4790
4718 4791
4719 4720
4719 4791
4719 4792
4719 4793
4720 4721
4720 4792
4720 4793
4720 4794
4721 4722
4721 4793
4721 4794
4721 4795
4722 4723
4722 4794
4722 4795
4722 4796
4723 4724
4723 4795
4723 4796
4724 4725
4724 4796
4724 4797
4725 4726
4725 4797
4725 4798
4726 4797
4726 4798
4726 4799
4727 4728
4727 4799
4727 4800
4728 4729
4728 4800
4728 4801
4729 4730
4729 4800
4729 4801
4730 4731
4730 4801
4730 4802
4731 4732
4731 4802
4731 4803
4732 4802
4732 4803
4732 4804
4733 4804
4733 4805
4733 4806
4734 4735
4734 4806
4734 4807
4735 4807
4736 4808
4736 4809
4737 4809
4737 4810
4737 4811
4738 4739
4738 4811
4738 4812
4739 4740
4739 4812
4739 4813
4740 4741
4740 4812
4740 4813
4741 4742
4741 4813
4741 4814
4742 4743
4742 4814
4742 4815
4743 4744
4743 4814
4743 4815
4743 4816
4744 4745
4744 4815
4744 4816
4744 4817
4745 4746
4745 4816
4745 4817
4745 4818
4746 4747
4746 4817
4746 4818
4746 4819
4747 4818
4747 4819
4748 4749
4748 4820
4748 4821
4748 4822
4749 4750
4749 4821
4749 4822
4749 4823
4750 4751
4750 4822
4750 4823
4750 4824
4751 4752
4751 4823
4751 4824
4751 4825
4752 4753
4752 4824
4752 4825
4752 4826
4753 4754
4753 4825
4753 4826
4753 4827
4754 4755
4754 4826
4754 4827
4754 4828
4755 4756
4755 4827
4755 4828
4756 4757
4756 4828
4757 4758
4757 4829
4758 4759
4758 4829
4759 4760
4759 4829
4759 4830
4760 4761
4760 4830
4760 4831
4761 4830
4761 4831
4761 4832
4762 4763
4762 4832
4762 4833
4762 4834
4763 4764
4763 4833
4763 4834
4763 4835
4764 4834
4764 4835
4764 4836
4765 4766
4765 4836
4765 4837
4766 4767
4766 4837
4767 4837
4768 4769
4768 4838
4768 4839
4769 4770
4769 4838
4769 4839
4769 4840
4770 4771
4770 4839
4770 4840
4770 4841
4771 4772
4771 4840
4771 4841
4771 4842
4772 4773
4772 4841
4772 4842
4772 4843
4773 4774
4773 4842
4773 4843
4773 4844
4774 4775
4774 4843
4774 4844
4774 4845
4775 4844
4775 4845
4775 4846
4776 4777
4776 4846
4776 4847
4776 4848
4777 4778
4777 4847
4777 4848
4777 4849
4778 4779
4778 4848
4778 4849
4778 4850
4779 4849
4779 4850
4779 4851
4780 4851
4780 4852
4780 4853
4781 4854
4781 4855
4781 4856
4782 4783
4782 4856
4782 4857
4782 4858
4783 4784
4783 4857
4783 4858
4783 4859
4784 4785
4784 4858
4784 4859
4784 4860
4785 4786
4785 4859
4785 4860
4785 4861
4786 4860
4786 4861
4786 4862
4787 4788
4787 4862
4787 4863
4787 4864
4788 4789
4788 4863
4788 4864
4788 4865
4789 4790
4789 4864
4789 4865
4789 4866
4790 4865
4790 4866
4790 4867
4791 4792
4791 4867
4791 4868
4791 4869
4792 4793
4792 4868
4792 4869
4793 4794
4793 4869
4794 4795
4794 4870
4795 4796
4795 4870
4795 4871
4796 4870
4796 4871
4796 4872
4797 4798
4797 4872
4797 4873
4798 4799
4798 4873
4798 4874
4799 4874
4800 4801
4800 4875
4801 4875
4801 4876
4802 4803
4802 4876
4802 4877
4803 4804
4803 4877
4804 4805
4804 4877
4805 4806
4805 4878
4806 4878
4806 4879
4807 4879
4807 4880
4807 4881
4808 4809
4808 4881
4808 4882
4808 4883
4809 4810
4809 4882
4809 4883
4809 4884
4810 4811
4810 4883
4810 4884
4810 4885
4811 4884
4811 4885
4812 4813
4812 4886
4812 4887
4813 4886
4813 4887
4814 4815
4814 4888
4814 4889
4815 4816
4815 4888
4815 4889
4816 4817
4816 4889
4816 4890
4817 4818
4817 4890
4817 4891
4818 4819
4818 4890
4818 4891
4819 4891
4820 4821
4820 4892
4820 4893
4821 4822
4821 4892
4821 4893
4821 4894
4822 4823
4822 4893
4822 4894
4823 4824
4823 4894
4823 4895
4824 4825
4824 4895
4824 4896
4825 4826
4825 4895
4825 4896
4825 4897
4826 4827
4826 4896
4826 4897
4827 4828
4827 4897
4827 4898
4828 4898
4828 4899
4829 4900
4830 4831
4830 4900
4830 4901
4830 4902
4831 4832
4831 4901
4831 4902
4831 4903
4832 4833
4832 4902
4832 4903
4832 4904
4833 4834
4833 4903
4833 4904
4833 4905
4834 4835
4834 4904
4834 4905
4834 4906
4835 4836
4835 4905
4835 4906
4835 4907
4836 4906
4836 4907
4836 4908
4837 4908
4837 4909
4838 4839
4838 4910
4838 4911
4838 4912
4839 4840
4839 4911
4839 4912
4839 4913
4840 4841
4840 4912
4840 4913
4840 4914
4841 4842
4841 4913
4841 4914
4841 4915
4842 4843
4842 4914
4842 4915
4842 4916
4843 4844
4843 4915
4843 4916
4843 4917
4844 4845
4844 4916
4844 4917
4844 4918
4845 4846
4845 4917
4845 4918
4845 4919
4846 4847
4846 4918
4846 4919
4846 4920
4847 4848
4847 4919
4847 4920
4847 4921
4848 4849
4848 4920
4848 4921
4849 4850
4849 4921
4849 4922
4850 4851
4850 4922
4850 4923
4851 4852
4851 4922
4851 4923
4851 4924
4852 4853
4852 4923
4852 4924
4852 4925
4853 4854
4853 4924
4853 4925
4854 4855
4854 4925
4855 4856
4855 4926
4856 4857
4856 4926
4857 4858
4857 4926
4857 4927
4858 4859
4858 4927
4858 4928
4859 4860
4859 4927
4859 4928
4859 4929
4860 4861
4860 4928
4860 4929
4860 4930
4861 4862
4861 4929
4861 4930
4861 4931
4862 4863
4862 4930
4862 4931
4862 4932
4863 4864
4863 4931
4863 4932
4863 4933
4864 4865
4864 4932
4864 4933
4864 4934
4865 4866
4865 4933
4865 4934
4865 4935
4866 4867
4866 4934
4866 4935
4866 4936
4867 4868
4867 4935
4867 4936
4867 4937
4868 4869
4868 4936
4868 4937
4869 4937
4869 4938
4870 4871
4870 4939
4870 4940
4870 4941
4871 4872
4871 4940
4871 4941
4871 4942
4872 4873
4872 4941
4872 4942
4873 4942
4874 4943
4874 4944
4875 4944
4875 4945
4875 4946
4876 4946
4876 4947
4876 4948
4877 4948
4877 4949
4878 4879
4878 4950
4878 4951
4879 4880
4879 4951
4879 4952
4880 4881
4880 4951
4880 4952
4880 4953
4881 4882
4881 4952
4881 4953
4881 4954
4882 4883
4882 4953
4882 4954
4882 4955
4883 4884
4883 4954
4883 4955
4883 4956
4884 4885
4884 4955
4884 4956
4884 4957
4885 4956
4885 4957
4885 4958
4886 4887
4886 4958
4886 4959
4886 4960
4887 4959
4887 4960
4887 4961
4888 4889
4888 4961
4888 4962
4889 4962
4889 4963
4890 4891
4890 4963
4891 4964
4892 4893
4892 4965
4892 4966
4893 4894
4893 4965
4893 4966
4894 4966
4894 4967
4895 4896
4895 4967
4895 4968
4896 4897
4896 4968
4896 4969
4897 4969
4897 4970
4898 4899
4898 4970
4898 4971
4898 4972
4899 4971
4899 4972
4899 4973
4900 4901
4900 4974
4901 4902
4901 4974
4901 4975
4902 4903
4902 4975
4902 4976
4903 4904
4903 4975
4903 4976
4904 4905
4904 4976
4904 4977
4905 4906
4905 4977
4906 4907
4906 4977
4906 4978
4907 4908
4907 4978
4907 4979
4908 4909
4908 4978
4908 4979
4908 4980
4909 4979
4909 4980
4909 4981
4910 4911
4910 4981
4910 4982
4911 4912
4911 4982
4912 4913
4912 4983
4913 4914
4913 4983
4914 4915
4914 4983
4914 4984
4915 4916
4915 4984
4915 4985
4916 4917
4916 4984
4916 4985
4916 4986
4917 4918
4917 4985
4917 4986
4917 4987
4918 4919
4918 4986
4918 4987
4919 4920
4919 4987
4919 4988
4920 4921
4920 4988
4920 4989
4921 4988
4921 4989
4921 4990
4922 4923
4922 4990
4922 4991
4922 4992
4923 4924
4923 4991
4923 4992
4923 4993
4924 4925
4924 4992
4924 4993
4925 4993
4925 4994
4926 4995
4926 4996
4927 4928
4927 4996
4927 4997
4927 4998
4928 4929
4928 4997
4928 4998
4929 4930
4929 4998
4929 4999
4930 4931
4930 4999
4930 5000
4931 4932
4931 4999
4931 5000
4931 5001
4932 4933
4932 5000
4932 5001
4933 4934
4933 5001
4933 5002
4934 4935
4934 5002
4934 5003
4935 4936
4935 5002
4935 5003
4935 5004
4936 4937
4936 5003
4936 5004
4936 5005
4937 5004
4937 5005
4937 5006
4938 4939
4938 5006
4938 5007
4939 4940
4939 5007
4939 5008
4940 4941
4940 5007
4940 5008
4940 5009
4941 4942
4941 5008
4941 5009
4941 5010
4942 5009
4942 5010
4942 5011
4943 4944
4943 5012
4943 5013
4944 4945
4944 5013
4944 5014
4945 4946
4945 5014
4945 5015
4946 4947
4946 5014
4946 5015
4946 5016
4947 4948
4947 5015
4947 5016
4947 5017
4948 5016
4948 5017
4948 5018
4949 4950
4949 5018
4949 5019
4949 5020
4950 5019
4950 5020
4950 5021
4951 4952
4951 5021
4951 5022
4952 4953
4952 5022
4952 5023
4953 4954
4953 5022
4953 5023
4953 5024
4954 4955
4954 5023
4954 5024
4954 5025
4955 4956
4955 5024
4955 5025
4955 5026
4956 4957
4956 5025
4956 5026
4956 5027
4957 4958
4957 5026
4957 5027
4957 5028
4958 4959
4958 5027
4958 5028
4958 5029
4959 4960
4959 5028
4959 5029
4959 5030
4960 4961
4960 5029
4960 5030
4960 5031
4961 5030
4961 5031
4961 5032
4962 4963
4962 5032
4962 5033
4962 5034
4963 5033
4963 5034
4963 5035
4964 5036
4964 5037
4965 4966
4965 5038
4965 5039
4966 5038
4966 5039
4966 5040
4967 4968
4967 5040
4967 5041
4967 5042
4968 5041
4968 5042
4968 5043
4969 4970
4969 5043
4969 5044
4969 5045
4970 4971
4970 5044
4970 5045
4970 5046
4971 4972
4971 5045
4971 5046
4972 4973
4972 5046
4972 5047
4973 5047
4973 5048
4974 5048
4974 5049
4975 4976
4975 5049
4975 5050
4975 5051
4976 5050
4976 5051
4977 5052
4977 5053
4978 4979
4978 5053
4978 5054
4978 5055
4979 4980
4979 5054
4979 5055
4980 4981
4980 5055
4980 5056
4981 4982
4981 5056
4981 5057
4982 5056
4982 5057
4982 5058
4983 5059
4983 5060
4983 5061
4984 4985
4984 5061
4984 5062
4984 5063
4985 4986
4985 5062
4985 5063
4985 5064
4986 4987
4986 5063
4986 5064
4986 5065
4987 5064
4987 5065
4987 5066
4988 4989
4988 5066
4988 5067
4988 5068
4989 4990
4989 5067
4989 5068
4989 5069
4990 4991
4990 5068
4990 5069
4991 4992
4991 5069
4992 4993
4992 5070
4993 5070
4993 5071
4994 5071
4994 5072
4994 5073
4995 4996
4995 5073
4995 5074
4995 5075
4996 4997
4996 5074
4996 5075
4996 5076
4997 4998
4997 5075
4997 5076
4998 5076
4998 5077
4999 5000
4999 5077
4999 5078
4999 5079
5000 5001
5000 5078
5000 5079
5000 5080
5001 5079
5001 5080
5001 5081
5002 5003
5002 5081
5002 5082
5002 5083
5003 5004
5003 5082
5003 5083
5004 5005
5004 5083
5005 5006
5005 5084
5006 5084
5006 5085
5007 5008
5007 5085
5007 5086
5007 5087
5008 5009
5008 5086
5008 5087
5008 5088
5009 5010
5009 5087
5009 5088
5009 5089
5010 5011
5010 5088
5010 5089
5010 5090
5011 5012
5011 5089
5011 5090
5012 5013
5012 5090
5012 5091
5013 5091
5013 5092
5014 5015
5014 5092
5014 5093
5014 5094
5015 5016
5015 5093
5015 5094
5015 5095
5016 5017
5016 5094
5016 5095
5017 5018
5017 5095
5017 5096
5018 5019
5018 5096
5018 5097
5019 5020
5019 5096
5019 5097
5019 5098
5020 5021
5020 5097
5020 5098
5020 5099
5021 5098
5021 5099
5021 5100
5022 5023
5022 5100
5023 5024
5024 5025
5024 5101
5025 5026
5025 5101
5025 5102
5026 5027
5026 5101
5026 5102
5026 5103
5027 5028
5027 5102
5027 5103
5028 5029
5028 5103
5028 5104
5029 5030
5029 5104
5029 5105
5030 5031
5030 5104
5030 5105
5030 5106
5031 5032
5031 5105
5031 5106
5031 5107
5032 5033
5032 5106
5032 5107
5032 5108
5033 5034
5033 5107
5033 5108
5034 5035
5034 5108
5034 5109
5035 5036
5035 5109
5035 5110
5036 5037
5036 5109
5036 5110
5036 5111
5037 5110
5037 5111
5038 5039
5038 5112
5038 5113
5039 5040
5039 5112
5039 5113
5039 5114
5040 5041
5040 5113
5040 5114
5041 5042
5041 5114
5042 5043
5042 5115
5043 5044
5043 5115
5043 5116
5044 5045
5044 5115
5044 5116
5044 5117
5045 5046
5045 5116
5045 5117
5045 5118
5046 5117
5046 5118
5047 5048
5047 5119
5047 5120
5048 5119
5048 5120
5048 5121
5049 5050
5049 5121
5049 5122
5049 5123
5050 5051
5050 5122
5050 5123
5050 5124
5051 5123
5051 5124
5051 5125
5052 5053
5052 5125
5053 5054
5054 5055
5054 5126
5055 5126
5056 5057
5056 5127
5056 5128
5057 5058
5057 5127
5057 5128
5057 5129
5058 5059
5058 5128
5058 5129
5059 5060
5059 5129
5059 5130
5060 5061
5060 5130
5060 5131
5061 5062
5061 5130
5061 5131
5061 5132
5062 5063
5062 5131
5062 5132
5063 5064
5063 5132
5063 5133
5064 5065
5064 5133
5064 5134
5065 5066
5065 5133
5065 5134
5065 5135
5066 5067
5066 5134
5066 5135
5066 5136
5067 5068
5067 5135
5067 5136
5067 5137
5068 5069
5068 5136
5068 5137
5068 5138
5069 5137
5069 5138
5069 5139
5070 5071
5070 5140
5071 5072
5071 5141
5072 5073
5072 5141
5072 5142
5073 5074
5073 5141
5073 5142
5073 5143
5074 5075
5074 5142
5074 5143
5075 5076
5075 5143
5075 5144
5076 5144
5076 5145
5077 5078
5077 5145
5077 5146
5078 5079
5078 5146
5079 5080
5079 5147
5080 5081
5080 5147
5080 5148
5081 5082
5081 5147
5081 5148
5082 5083
5082 5148
5082 5149
5083 5149
5083 5150
5084 5085
5084 5151
5084 5152
5085 5086
5085 5151
5085 5152
5085 5153
5086 5087
5086 5152
5086 5153
5087 5088
5087 5153
5087 5154
5088 5089
5088 5154
5088 5155
5089 5090
5089 5154
5089 5155
5089 5156
5090 5155
5090 5156
5090 5157
5091 5092
5091 5157
5091 5158
5092 5093
5092 5158
5092 5159
5093 5094
5093 5159
5093 5160
5094 5095
5094 5159
5094 5160
5094 5161
5095 5160
5095 5161
5095 5162
5096 5097
5096 5162
5096 5163
5096 5164
5097 5098
5097 5163
5097 5164
5097 5165
5098 5099
5098 5164
5098 5165
5098 5166
5099 5100
5099 5165
5099 5166
5099 5167
5100 5166
5100 5167
5100 5168
5101 5102
5101 5170
5101 5171
5102 5103
5102 5170
5102 5171
5102 5172
5103 5171
5103 5172
5103 5173
5104 5105
5104 5173
5104 5174
5104 5175
5105 5106
5105 5174
5105 5175
5105 5176
5106 5107
5106 5175
5106 5176
5106 5177
5107 5108
5107 5176
5107 5177
5107 5178
5108 5177
5108 5178
5108 5179
5109 5110
5109 5179
5109 5180
5109 5181
5110 5111
5110 5180
5110 5181
5111 5181
5112 5113
5112 5182
5112 5183
5113 5114
5113 5182
5113 5183
5113 5184
5114 5183
5114 5184
5115 5116
5115 5185
5115 5186
5115 5187
5116 5117
5116 5186
5116 5187
5116 5188
5117 5118
5117 5187
5117 5188
5117 5189
5118 5188
5118 5189
5118 5190
5119 5120
5119 5190
5119 5191
5119 5192
5120 5121
5120 5191
5120 5192
5121 5122
5121 5192
5121 5193
5122 5123
5122 5193
5122 5194
5123 5124
5123 5193
5123 5194
5123 5195
5124 5125
5124 5194
5124 5195
5125 5195
5125 5196
5126 5197
5126 5198
5127 5128
5127 5199
5127 5200
5128 5129
5128 5199
5128 5200
5129 5200
5129 5201
5130 5131
5130 5201
5130 5202
5131 5132
5131 5202
5131 5203
5132 5202
5132 5203
5132 5204
5133 5134
5133 5204
5133 5205
5133 5206
5134 5135
5134 5205
5134 5206
5134 5207
5135 5136
5135 5206
5135 5207
5135 5208
5136 5137
5136 5207
5136 5208
5136 5209
5137 5138
5137 5208
5137 5209
5137 5210
5138 5139
5138 5209
5138 5210
5138 5211
5139 5140
5139 5210
5139 5211
5140 5211
5140 5212
5141 5142
5141 5213
5141 5214
5141 5215
5142 5143
5142 5214
5142 5215
5142 5216
5143 5215
5143 5216
5143 5217
5144 5145
5144 5217
5145 5146
5145 5218
5146 5218
5146 5219
5147 5148
5147 5220
5148 5220
5148 5221
5149 5150
5149 5221
5149 5222
5149 5223
5150 5222
5150 5223
5150 5224
5151 5152
5151 5224
5151 5225
5151 5226
5152 5153
5152 5225
5152 5226
5152 5227
5153 5226
5153 5227
5153 5228
5154 5155
5154 5228
5154 5229
5155 5156
5155 5229
5156 5157
5156 5229
5156 5230
5157 5158
5157 5230
5157 5231
5158 5230
5158 5231
5159 5160
5159 5232
5159 5233
5160 5161
5160 5232
5160 5233
5160 5234
5161 5162
5161 5233
5161 5234
5161 5235
5162 5163
5162 5234
5162 5235
5163 5164
5163 5235
5163 5236
5164 5165
5164 5236
5164 5237
5165 5166
5165 5236
5165 5237
5165 5238
5166 5167
5166 5237
5166 5238
5167 5168
5167 5238
5167 5239
5168 5169
5168 5239
5168 5240
5169 5239
5169 5240
5169 5241
5170 5171
5170 5241
5170 5242
5170 5243
5171 5172
5171 5242
5171 5243
5171 5244
5172 5173
5172 5243
5172 5244
5173 5174
5173 5244
5173 5245
5174 5175
5174 5245
5174 5246
5175 5176
5175 5245
5175 5246
5175 5247
5176 5177
5176 5246
5176 5247
5176 5248
5177 5178
5177 5247
5177 5248
5177 5249
5178 5179
5178 5248
5178 5249
5178 5250
5179 5180
5179 5249
5179 5250
5179 5251
5180 5181
5180 5250
5180 5251
5181 5251
5181 5252
5182 5183
5182 5253
5182 5254
5183 5184
5183 5253
5183 5254
5184 5254
5184 5255
5185 5186
5185 5255
5185 5256
5185 5257
5186 5187
5186 5256
5186 5257
5186 5258
5187 5188
5187 5257
5187 5258
5187 5259
5188 5189
5188 5258
5188 5259
5189 5190
5189 5259
5189 5260
5190 5191
5190 5260
5190 5261
5191 5192
5191 5260
5191 5261
5192 5261
5192 5262
5193 5194
5193 5262
5193 5263
5194 5195
5194 5263
5195 5264
5196 5264
5196 5265
5197 5198
5197 5265
5198 5266
5199 5200
5199 5266
5199 5267
5200 5267
5200 5268
5201 5268
5201 5269
5202 5203
5202 5270
5202 5271
5203 5204
5203 5270
5203 5271
5203 5272
5204 5205
5204 5271
5204 5272
5204 5273
5205 5206
5205 5272
5205 5273
5205 5274
5206 5207
5206 5273
5206 5274
5206 5275
5207 5208
5207 5274
5207 5275
5207 5276
5208 5209
5208 5275
5208 5276
5208 5277
5209 5210
5209 5276
5209 5277
5209 5278
5210 5211
5210 5277
5210 5278
5210 5279
5211 5278
5211 5279
5211 5280
5212 5213
5212 5280
5212 5281
5212 5282
5213 5214
5213 5281
5213 5282
5213 5283
5214 5215
5214 5282
5214 5283
5214 5284
5215 5216
5215 5283
5215 5284
5215 5285
5216 5217
5216 5284
5216 5285
5216 5286
5217 5285
5217 5286
5217 5287
5218 5219
5218 5288
5218 5289
5219 5288
5219 5289
5219 5290
5220 5221
5220 5291
5220 5292
5221 5222
5221 5291
5221 5292
5221 5293
5222 5223
5222 5292
5222 5293
5222 5294
5223 5224
5223 5293
5223 5294
5223 5295
5224 5225
5224 5294
5224 5295
5225 5226
5225 5295
5225 5296
5226 5227
5226 5296
5226 5297
5227 5228
5227 5296
5227 5297
5227 5298
5228 5297
5228 5298
5228 5299
5229 5299
5229 5300
5229 5301
5230 5231
5230 5301
5230 5302
5231 5302
5231 5303
5232 5233
5232 5303
5232 5304
5233 5234
5233 5304
5234 5235
5234 5304
5235 5305
5236 5237
5236 5305
5236 5306
5236 5307
5237 5238
5237 5306
5237 5307
5237 5308
5238 5307
5238 5308
5238 5309
5239 5240
5239 5309
5239 5310
5239 5311
5240 5241
5240 5310
5240 5311
5240 5312
5241 5242
5241 5311
5241 5312
5241 5313
5242 5243
5242 5312
5242 5313
5242 5314
5243 5244
5243 5313
5243 5314
5244 5314
5245 5246
5245 5315
5246 5247
5246 5315
5246 5316
5247 5248
5247 5315
5247 5316
5247 5317
5248 5249
5248 5316
5248 5317
5248 5318
5249 5250
5249 5317
5249 5318
5250 5251
5250 5318
5250 5319
5251 5319
5251 5320
5252 5320
5252 5321
5253 5254
5253 5322
5253 5323
5254 5322
5254 5323
5254 5324
5255 5256
5255 5324
5255 5325
5256 5257
5256 5325
5256 5326
5257 5258
5257 5326
5257 5327
5258 5259
5258 5326
5258 5327
5258 5328
5259 5327
5259 5328
5259 5329
5260 5261
5260 5329
5260 5330
5261 5330
5261 5331
5262 5263
5262 5331
5262 5332
5262 5333
5263 5332
5263 5333
5263 5334
5264 5335
5264 5336
5264 5337
5265 5337
5265 5338
5265 5339
5266 5267
5266 5340
5266 5341
5266 5342
5267 5341
5267 5342
5268 5269
5268 5343
5268 5344
5269 5343
5269 5344
5269 5345
5270 5271
5270 5345
5270 5346
5271 5272
5271 5346
5271 5347
5272 5273
5272 5347
5272 5348
5273 5274
5273 5347
5273 5348
5273 5349
5274 5275
5274 5348
5274 5349
5275 5276
5275 5349
5275 5350
5276 5277
5276 5350
5276 5351
5277 5278
5277 5350
5277 5351
5277 5352
5278 5279
5278 5351
5278 5352
5278 5353
5279 5280
5279 5352
5279 5353
5279 5354
5280 5281
5280 5353
5280 5354
5280 5355
5281 5282
5281 5354
5281 5355
5281 5356
5282 5283
5282 5355
5282 5356
5282 5357
5283 5284
5283 5356
5283 5357
5283 5358
5284 5285
5284 5357
5284 5358
5284 5359
5285 5286
5285 5358
5285 5359
5285 5360
5286 5287
5286 5359
5286 5360
5286 5361
5287 5360
5287 5361
5287 5362
5288 5289
5288 5362
5288 5363
5289 5290
5289 5363
5290 5364
5291 5292
5291 5364
5292 5293
5292 5365
5293 5294
5293 5365
5294 5295
5294 5365
5294 5366
5295 5366
5295 5367
5296 5297
5296 5367
5296 5368
5296 5369
5297 5298
5297 5368
5297 5369
5297 5370
5298 5299
5298 5369
5298 5370
5298 5371
5299 5300
5299 5370
5299 5371
5300 5301
5300 5371
5300 5372
5301 5302
5301 5372
5301 5373
5302 5372
5302 5373
5302 5374
5303 5374
5303 5375
5303 5376
5304 5376
5304 5377
5304 5378
5305 5306
5305 5379
5305 5380
5306 5307
5306 5380
5306 5381
5307 5308
5307 5381
5307 5382
5308 5309
5308 5381
5308 5382
5308 5383
5309 5310
5309 5382
5309 5383
5309 5384
5310 5311
5310 5383
5310 5384
5310 5385
5311 5312
5311 5384
5311 5385
5311 5386
5312 5313
5312 5385
5312 5386
5312 5387
5313 5314
5313 5386
5313 5387
5313 5388
5314 5387
5314 5388
5315 5316
5315 5390
5315 5391
5315 5392
5316 5317
5316 5391
5316 5392
5316 5393
5317 5318
5317 5392
5317 5393
5318 5393
5318 5394
5319 5320
5319 5394
5319 5395
5319 5396
5320 5321
5320 5395
5320 5396
5320 5397
5321 5396
5321 5397
5322 5323
5322 5398
5323 5324
5323 5398
5323 5399
5324 5325
5324 5398
5324 5399
5325 5399
5325 5400
5326 5327
5326 5400
5326 5401
5326 5402
5327 5328
5327 5401
5327 5402
5328 5329
5328 5402
5329 5330
5329 5403
5330 5403
5330 5404
5331 5332
5331 5404
5331 5405
5332 5333
5332 5405
5332 5406
5333 5334
5333 5405
5333 5406
5334 5335
5334 5406
5334 5407
5335 5336
5335 5407
5335 5408
5336 5337
5336 5407
5336 5408
5336 5409
5337 5338
5337 5408
5337 5409
5338 5339
5338 5409
5338 5410
5339 5340
5339 5410
5340 5341
5340 5410
5340 5411
5341 5342
5341 5411
5342 5411
5343 5344
5343 5412
5343 5413
5344 5345
5344 5412
5344 5413
5344 5414
5345 5346
5345 5413
5345 5414
5345 5415
5346 5414
5346 5415
5347 5348
5347 5416
5347 5417
5348 5349
5348 5416
5348 5417
5348 5418
5349 5417
5349 5418
5349 5419
5350 5351
5350 5419
5351 5352
5351 5420
5352 5353
5352 5420
5352 5421
5353 5354
5353 5420
5353 5421
5353 5422
5354 5355
5354 5421
5354 5422
5354 5423
5355 5356
5355 5422
5355 5423
5356 5357
5356 5423
5356 5424
5357 5358
5357 5424
5357 5425
5358 5359
5358 5424
5358 5425
5358 5426
5359 5360
5359 5425
5359 5426
5359 5427
5360 5361
5360 5426
5360 5427
5360 5428
5361 5362
5361 5427
5361 5428
5361 5429
5362 5363
5362 5428
5362 5429
5363 5429
5363 5430
5364 5431
5364 5432
5365 5433
5365 5434
5366 5367
5366 5435
5366 5436
5367 5368
5367 5435
5367 5436
5368 5369
5368 5436
5369 5370
5370 5371
5370 5437
5371 5437
5371 5438
5372 5373
5372 5438
5372 5439
5373 5374
5373 5439
5373 5440
5374 5375
5374 5440
5375 5376
5375 5440
5375 5441
5376 5377
5376 5441
5376 5442
5377 5378
5377 5441
5377 5442
5377 5443
5378 5379
5378 5442
5378 5443
5378 5444
5379 5380
5379 5443
5379 5444
5379 5445
5380 5444
5380 5445
5380 5446
5381 5382
5381 5446
5381 5447
5381 5448
5382 5383
5382 5447
5382 5448
5382 5449
5383 5384
5383 5448
5383 5449
5384 5385
5384 5449
5384 5450
5385 5386
5385 5450
5385 5451
5386 5387
5386 5450
5386 5451
5386 5452
5387 5388
5387 5451
5387 5452
5387 5453
5388 5452
5388 5453
5389 5390
5389 5454
5389 5455
5390 5391
5390 5454
5390 5455
5390 5456
5391 5392
5391 5455
5391 5456
5391 5457
5392 5393
5392 5456
5392 5457
5392 5458
5393 5457
5393 5458
5393 5459
5394 5395
5394 5459
5394 5460
5394 5461
5395 5396
5395 5460
5395 5461
5395 5462
5396 5397
5396 5461
5396 5462
5396 5463
5397 5462
5397 5463
5398 5399
5398 5464
5398 5465
5398 5466
5399 5465
5399 5466
5400 5401
5400 5467
5400 5468
5401 5402
5401 5467
5401 5468
5401 5469
5402 5468
5402 5469
5402 5470
5403 5404
5403 5471
5403 5472
5403 5473
5404 5472
5404 5473
5404 5474
5405 5406
5405 5474
5405 5475
5405 5476
5406 5475
5406 5476
5406 5477
5407 5408
5407 5477
5407 5478
5407 5479
5408 5409
5408 5478
5408 5479
5408 5480
5409 5479
5409 5480
5409 5481
5410 5481
5410 5482
5410 5483
5411 5483
5411 5484
5411 5485
5412 5413
5412 5486
5412 5487
5412 5488
5413 5414
5413 5487
5413 5488
5413 5489
5414 5415
5414 5488
5414 5489
5414 5490
5415 5489
5415 5490
5415 5491
5416 5417
5416 5491
5416 5492
5417 5418
5417 5492
5418 5419
5418 5492
5420 5421
5420 5493
5421 5422
5421 5493
5421 5494
5422 5423
5422 5494
5422 5495
5423 5494
5423 5495
5424 5425
5424 5496
5424 5497
5425 5426
5425 5496
5425 5497
5425 5498
5426 5427
5426 5497
5426 5498
5426 5499
5427 5428
5427 5498
5427 5499
5427 5500
5428 5429
5428 5499
5428 5500
5428 5501
5429 5500
5429 5501
5429 5502
5430 5431
5430 5502
5430 5503
5430 5504
5431 5503
5431 5504
5432 5433
5432 5505
5432 5506
5433 5434
5433 5505
5433 5506
5433 5507
5434 5506
5434 5507
5434 5508
5435 5436
5435 5508
5435 5509
5436 5509
5436 5510
5437 5438
5437 5512
5438 5439
5438 5512
5438 5513
5439 5512
5439 5513
5439 5514
5440 5514
5440 5515
5440 5516
5441 5442
5441 5516
5441 5517
5442 5443
5442 5517
5442 5518
5443 5444
5443 5517
5443 5518
5443 5519
5444 5445
5444 5518
5444 5519
5444 5520
5445 5446
5445 5519
5445 5520
5445 5521
5446 5447
5446 5520
5446 5521
5446 5522
5447 5448
5447 5521
5447 5522
5447 5523
5448 5449
5448 5522
5448 5523
5449 5523
5449 5524
5450 5451
5450 5524
5450 5525
5451 5452
5451 5525
5451 5526
5452 5453
5452 5525
5452 5526
5452 5527
5453 5526
5453 5527
5453 5528
5454 5455
5454 5528
5454 5529
5455 5456
5455 5529
5455 5530
5456 5457
5456 5529
5456 5530
5456 5531
5457 5458
5457 5530
5457 5531
5457 5532
5458 5459
5458 5531
5458 5532
5458 5533
5459 5460
5459 5532
5459 5533
5459 5534
5460 5461
5460 5533
5460 5534
5461 5462
5461 5534
5461 5535
5462 5463
5462 5535
5462 5536
5463 5535
5463 5536
5464 5465
5464 5537
5464 5538
5465 5466
5465 5537
5465 5538
5465 5539
5466 5538
5466 5539
5467 5468
5467 5540
5468 5469
5468 5540
5468 5541
5469 5470
5469 5541
5469 5542
5470 5471
5470 5541
5470 5542
5470 5543
5471 5472
5471 5542
5471 5543
5472 5473
5472 5543
5473 5474
5473 5544
5474 5475
5474 5544
5474 5545
5475 5476
5475 5544
5475 5545
5475 5546
5476 5477
5476 5545
5476 5546
5476 5547
5477 5478
5477 5546
5477 5547
5477 5548
5478 5479
5478 5547
5478 5548
5478 5549
5479 5480
5479 5548
5479 5549
5480 5481
5480 5549
5480 5550
5481 5482
5481 5550
5481 5551
5482 5483
5482 5550
5482 5551
5482 5552
5483 5484
5483 5551
5483 5552
5483 5553
5484 5485
5484 5552
5484 5553
5484 5554
5485 5486
5485 5553
5485 5554
5486 5487
5486 5554
5486 5555
5487 5488
5487 5555
5488 5489
5488 5555
5488 5556
5489 5490
5489 5556
5490 5491
5490 5556
5490 5557
5491 5557
5492 5558
5492 5559
5493 5562
5493 5563
5494 5495
5494 5563
5494 5564
5494 5565
5495 5564
5495 5565
5495 5566
5496 5497
5496 5566
5496 5567
5497 5498
5497 5567
5498 5499
5499 5500
5499 5568
5500 5501
5500 5568
5501 5502
5501 5568
5501 5569
5502 5503
5502 5569
5502 5570
5503 5504
5503 5569
5503 5570
5503 5571
5504 5570
5504 5571
5504 5572
5505 5506
5505 5572
5505 5573
5506 5507
5506 5573
5506 5574
5507 5508
5507 5573
5507 5574
5507 5575
5508 5509
5508 5574
5508 5575
5508 5576
5509 5575
5509 5576
5510 5511
5510 5577
5511 5577
5511 5578
5512 5513
5512 5579
5513 5514
5513 5579
5513 5580
5514 5515
5514 5579
5514 5580
5514 5581
5515 5516
5515 5580
5515 5581
5516 5581
5516 5582
5517 5518
5517 5582
5517 5583
5517 5584
5518 5519
5518 5583
5518 5584
5518 5585
5519 5520
5519 5584
5519 5585
5519 5586
5520 5521
5520 5585
5520 5586
5520 5587
5521 5522
5521 5586
5521 5587
5521 5588
5522 5523
5522 5587
5522 5588
5522 5589
5523 5588
5523 5589
5523 5590
5524 5590
5524 5591
5524 5592
5525 5526
5525 5592
5525 5593
5526 5527
5526 5593
5526 5594
5527 5528
5527 5594
5527 5595
5528 5594
5528 5595
5528 5596
5529 5530
5529 5596
5529 5597
5529 5598
5530 5531
5530 5597
5530 5598
5530 5599
5531 5532
5531 5598
5531 5599
5531 5600
5532 5533
5532 5599
5532 5600
5532 5601
5533 5534
5533 5600
5533 5601
5533 5602
5534 5601
5534 5602
5534 5603
5535 5536
5535 5603
5535 5604
5535 5605
5536 5604
5536 5605
5537 5538
5537 5606
5537 5607
5538 5539
5538 5606
5538 5607
5538 5608
5539 5607
5539 5608
5539 5609
5540 5609
5540 5610
5541 5542
5541 5611
5541 5612
5542 5543
5542 5611
5542 5612
5543 5612
5543 5613
5544 5545
5544 5614
5544 5615
5544 5616
5545 5546
5545 5615
5545 5616
5545 5617
5546 5547
5546 5616
5546 5617
5546 5618
5547 5548
5547 5617
5547 5618
5548 5549
5548 5618
5548 5619
5549 5619
5549 5620
5550 5551
5550 5620
5550 5621
5550 5622
5551 5552
5551 5621
5551 5622
5551 5623
5552 5553
5552 5622
5552 5623
5552 5624
5553 5554
5553 5623
5553 5624
5553 5625
5554 5624
5554 5625
5554 5626
5555 5626
5555 5627
5557 5628
5558 5559
5558 5628
5558 5629
5558 5630
5559 5560
5559 5629
5559 5630
5559 5631
5560 5561
5560 5630
5560 5631
5560 5632
5561 5562
5561 5631
5561 5632
5562 5632
5562 5633
5563 5564
5563 5633
5563 5634
5563 5635
5564 5565
5564 5634
5564 5635
5564 5636
5565 5566
5565 5635
5565 5636
5566 5567
5566 5636
5566 5637
5567 5637
5567 5638
5568 5640
5568 5641
5568 5642
5569 5570
5569 5642
5569 5643
5570 5571
5570 5643
5570 5644
5571 5572
5571 5644
5571 5645
5572 5644
5572 5645
5573 5574
5573 5646
5573 5647
5574 5575
5574 5646
5574 5647
5575 5576
5575 5647
5575 5648
5576 5648
5576 5649
5577 5649
5577 5650
5577 5651
5578 5651
5578 5652
5579 5580
5579 5653
5579 5654
5579 5655
5580 5581
5580 5654
5580 5655
5580 5656
5581 5655
5581 5656
5581 5657
5582 5583
5582 5657
5582 5658
5583 5584
5583 5658
5583 5659
5584 5585
5584 5658
5584 5659
5584 5660
5585 5586
5585 5659
5585 5660
5585 5661
5586 5587
5586 5660
5586 5661
5586 5662
5587 5588
5587 5661
5587 5662
5588 5589
5588 5662
5588 5663
5589 5590
5589 5663
5589 5664
5590 5591
5590 5663
5590 5664
5590 5665
5591 5592
5591 5664
5591 5665
5591 5666
5592 5593
5592 5665
5592 5666
5593 5666
5593 5667
5594 5595
5594 5667
5594 5668
5594 5669
5595 5596
5595 5668
5595 5669
5596 5597
5596 5669
5596 5670
5597 5598
5597 5670
5597 5671
5598 5599
5598 5670
5598 5671
5598 5672
5599 5600
5599 5671
5599 5672
5599 5673
5600 5601
5600 5672
5600 5673
5600 5674
5601 5602
5601 5673
5601 5674
5601 5675
5602 5603
5602 5674
5602 5675
5602 5676
5603 5604
5603 5675
5603 5676
5603 5677
5604 5605
5604 5676
5604 5677
5604 5678
5605 5677
5605 5678
5606 5607
5606 5679
5606 5680
5607 5608
5607 5679
5607 5680
5607 5681
5608 5609
5608 5680
5608 5681
5608 5682
5609 5610
5609 5681
5609 5682
5609 5683
5610 5682
5610 5683
5610 5684
5611 5612
5611 5684
5611 5685
5611 5686
5612 5685
5612 5686
5612 5687
5613 5614
5613 5687
5613 5688
5614 5615
5614 5688
5614 5689
5615 5616
5615 5688
5615 5689
5615 5690
5616 5617
5616 5689
5616 5690
5616 5691
5617 5618
5617 5690
5617 5691
5617 5692
5618 5691
5618 5692
5618 5693
5619 5620
5619 5693
5619 5694
5619 5695
5620 5621
5620 5694
5620 5695
5620 5696
5621 5622
5621 5695
5621 5696
5621 5697
5622 5623
5622 5696
5622 5697
5622 5698
5623 5624
5623 5697
5623 5698
5623 5699
5624 5625
5624 5698
5624 5699
5624 5700
5625 5626
5625 5699
5625 5700
5625 5701
5626 5627
5626 5700
5626 5701
5626 5702
5627 5701
5627 5702
5627 5703
5628 5629
5628 5706
5628 5707
5629 5630
5629 5707
5630 5631
5630 5708
5631 5632
5631 5708
5632 5708
5632 5709
5633 5634
5633 5709
5634 5635
5634 5710
5635 5636
5635 5710
5635 5711
5636 5710
5636 5711
5636 5712
5637 5638
5637 5712
5637 5713
5638 5639
5638 5713
5638 5714
5639 5640
5639 5714
5640 5641
5640 5714
5641 5642
5641 5715
5642 5643
5642 5715
5642 5716
5643 5715
5643 5716
5643 5717
5644 5645
5644 5717
5644 5718
5645 5718
5645 5719
5646 5647
5646 5719
5646 5720
5646 5721
5647 5720
5647 5721
5647 5722
5648 5649
5648 5722
5648 5723
5648 5724
5649 5650
5649 5723
5649 5724
5649 5725
5650 5651
5650 5724
5650 5725
5650 5726
5651 5652
5651 5725
5651 5726
5651 5727
5652 5726
5652 5727
5652 5728
5653 5654
5653 5728
5653 5729
5653 5730
5654 5655
5654 5729
5654 5730
5654 5731
5655 5656
5655 5730
5655 5731
5655 5732
5656 5657
5656 5731
5656 5732
5656 5733
5657 5732
5657 5733
5657 5734
5658 5659
5658 5734
5658 5735
5658 5736
5659 5660
5659 5735
5659 5736
5659 5737
5660 5661
5660 5736
5660 5737
5660 5738
5661 5662
5661 5737
5661 5738
5661 5739
5662 5738
5662 5739
5663 5664
5663 5740
5663 5741
5664 5665
5664 5740
5664 5741
5664 5742
5665 5666
5665 5741
5665 5742
5665 5743
5666 5742
5666 5743
5666 5744
5667 5668
5667 5744
5667 5745
5668 5669
5668 5745
5668 5746
5669 5745
5669 5746
5669 5747
5670 5671
5670 5747
5670 5748
5670 5749
5671 5672
5671 5748
5671 5749
5672 5673
5672 5749
5672 5750
5673 5674
5673 5750
5673 5751
5674 5675
5674 5750
5674 5751
5674 5752
5675 5676
5675 5751
5675 5752
5675 5753
5676 5677
5676 5752
5676 5753
5676 5754
5677 5678
5677 5753
5677 5754
5677 5755
5678 5754
5678 5755
5679 5680
5679 5756
5679 5757
5680 5681
5680 5756
5680 5757
5680 5758
5681 5682
5681 5757
5681 5758
5681 5759
5682 5683
5682 5758
5682 5759
5683 5684
5683 5759
5684 5685
5685 5686
5685 5760
5686 5687
5686 5760
5686 5761
5687 5760
5687 5761
5687 5762
5688 5689
5688 5762
5688 5763
5689 5690
5689 5763
5689 5764
5690 5691
5690 5763
5690 5764
5690 5765
5691 5692
5691 5764
5691 5765
5691 5766
5692 5693
5692 5765
5692 5766
5692 5767
5693 5694
5693 5766
5693 5767
5694 5695
5694 5767
5694 5768
5695 5696
5695 5768
5695 5769
5696 5697
5696 5768
5696 5769
5696 5770
5697 5698
5697 5769
5697 5770
5697 5771
5698 5699
5698 5770
5698 5771
5699 5700
5699 5771
5700 5701
5700 5772
5701 5702
5701 5772
5701 5773
5702 5703
5702 5772
5702 5773
5702 5774
5703 5704
5703 5773
5703 5774
5703 5775
5704 5705
5704 5774
5704 5775
5704 5776
5705 5706
5705 5775
5705 5776
5706 5707
5706 5776
5706 5777
5707 5777
5708 5778
5708 5779
5708 5780
5709 5780
5709 5781
5709 5782
5710 5711
5710 5783
5711 5712
5711 5784
5712 5713
5712 5784
5712 5785
5713 5784
5713 5785
5713 5786
5714 5786
5714 5787
5714 5788
5715 5716
5715 5789
5715 5790
5715 5791
5716 5717
5716 5790
5716 5791
5716 5792
5717 5791
5717 5792
5718 5719
5718 5793
5719 5720
5719 5793
5720 5721
5720 5794
5721 5722
5721 5794
5721 5795
5722 5723
5722 5794
5722 5795
5722 5796
5723 5724
5723 5795
5723 5796
5723 5797
5724 5725
5724 5796
5724 5797
5724 5798
5725 5726
5725 5797
5725 5798
5725 5799
5726 5727
5726 5798
5726 5799
5726 5800
5727 5728
5727 5799
5727 5800
5727 5801
5728 5729
5728 5800
5728 5801
5729 5730
5729 5801
5730 5731
5730 5802
5731 5732
5731 5802
5732 5733
5732 5802
5733 5734
5734 5735
5734 5803
5735 5736
5735 5803
5736 5737
5736 5803
5737 5738
5737 5804
5738 5739
5738 5804
5739 5804
5739 5805
5740 5741
5740 5805
5740 5806
5740 5807
5741 5742
5741 5806
5741 5807
5742 5743
5742 5807
5742 5808
5743 5744
5743 5808
5743 5809
5744 5808
5744 5809
5744 5810
5745 5746
5745 5810
5745 5811
5745 5812
5746 5747
5746 5811
5746 5812
5746 5813
5747 5748
5747 5812
5747 5813
5747 5814
5748 5749
5748 5813
5748 5814
5748 5815
5749 5814
5749 5815
5749 5816
5750 5751
5750 5816
5750 5817
5751 5752
5751 5817
5751 5818
5752 5753
5752 5817
5752 5818
5752 5819
5753 5754
5753 5818
5753 5819
5753 5820
5754 5755
5754 5819
5754 5820
5755 5820
5756 5757
5756 5821
5756 5822
5757 5758
5757 5821
5757 5822
5758 5759
5758 5822
5758 5823
5759 5823
5759 5824
5760 5761
5760 5826
5761 5762
5761 5827
5762 5827
5762 5828
5763 5764
5763 5828
5763 5829
5763 5830
5764 5765
5764 5829
5764 5830
5764 5831
5765 5766
5765 5830
5765 5831
5765 5832
5766 5767
5766 5831
5766 5832
5766 5833
5767 5832
5767 5833
5767 5834
5768 5769
5768 5834
5768 5835
5768 5836
5769 5770
5769 5835
5769 5836
5770 5771
5770 5836
5770 5837
5771 5837
5771 5838
5772 5773
5772 5839
5772 5840
5772 5841
5773 5774
5773 5840
5773 5841
5773 5842
5774 5775
5774 5841
5774 5842
5774 5843
5775 5776
5775 5842
5775 5843
5775 5844
5776 5843
5776 5844
5776 5845
5777 5845
5777 5846
5778 5779
5778 5846
5778 5847
5778 5848
5779 5780
5779 5847
5779 5848
5779 5849
5780 5781
5780 5848
5780 5849
5780 5850
5781 5782
5781 5849
5781 5850
5781 5851
5782 5783
5782 5850
5782 5851
5782 5852
5783 5851
5783 5852
5783 5853
5784 5785
5784 5854
5784 5855
5784 5856
5785 5786
5785 5855
5785 5856
5785 5857
5786 5787
5786 5856
5786 5857
5786 5858
5787 5788
5787 5857
5787 5858
5787 5859
5788 5789
5788 5858
5788 5859
5788 5860
5789 5790
5789 5859
5789 5860
5789 5861
5790 5791
5790 5860
5790 5861
5790 5862
5791 5792
5791 5861
5791 5862
5791 5863
5792 5862
5792 5863
5792 5864
5793 5864
5793 5865
5793 5866
5794 5795
5794 5867
5794 5868
5795 5796
5795 5868
5795 5869
5796 5797
5796 5868
5796 5869
5796 5870
5797 5798
5797 5869
5797 5870
5797 5871
5798 5799
5798 5870
5798 5871
5798 5872
5799 5800
5799 5871
5799 5872
5800 5801
5800 5872
5800 5873
5801 5873
5801 5874
5802 5875
5802 5876
5802 5877
5803 5879
5803 5880
5803 5881
5804 5882
5804 5883
5804 5884
5805 5806
5805 5884
5805 5885
5805 5886
5806 5807
5806 5885
5806 5886
5807 5886
5807 5887
5808 5809
5808 5887
5808 5888
5808 5889
5809 5810
5809 5888
5809 5889
5810 5811
5810 5889
5810 5890
5811 5812
5811 5890
5811 5891
5812 5813
5812 5890
5812 5891
5812 5892
5813 5814
5813 5891
5813 5892
5813 5893
5814 5815
5814 5892
5814 5893
5815 5816
5815 5893
5815 5894
5816 5894
5816 5895
5817 5818
5817 5895
5817 5896
5817 5897
5818 5819
5818 5896
5818 5897
5818 5898
5819 5820
5819 5897
5819 5898
5819 5899
5820 5898
5820 5899
5821 5822
5821 5900
5821 5901
5822 5900
5822 5901
5823 5824
5823 5902
5823 5903
5824 5825
5824 5902
5824 5903
5824 5904
5825 5826
5825 5903
5825 5904
5825 5905
5826 5904
5826 5905
5826 5906
5827 5828
5827 5907
5827 5908
5827 5909
5828 5829
5828 5908
5828 5909
5828 5910
5829 5830
5829 5909
5829 5910
5829 5911
5830 5831
5830 5910
5830 5911
5830 5912
5831 5832
5831 5911
5831 5912
5831 5913
5832 5833
5832 5912
5832 5913
5832 5914
5833 5834
5833 5913
5833 5914
5833 5915
5834 5835
5834 5914
5834 5915
5834 5916
5835 5836
5835 5915
5835 5916
5835 5917
5836 5916
5836 5917
5836 5918
5837 5838
5837 5918
5837 5919
5838 5839
5838 5919
5838 5920
5839 5840
5839 5919
5839 5920
5839 5921
5840 5841
5840 5920
5840 5921
5840 5922
5841 5842
5841 5921
5841 5922
5842 5843
5842 5922
5842 5923
5843 5844
5843 5923
5843 5924
5844 5845
5844 5923
5844 5924
5845 5924
5845 5925
5846 5847
5846 5925
5846 5926
5846 5927
5847 5848
5847 5926
5847 5927
5847 5928
5848 5849
5848 5927
5848 5928
5849 5850
5849 5928
5849 5929
5850 5851
5850 5929
5850 5930
5851 5852
5851 5929
5851 5930
5851 5931
5852 5853
5852 5930
5852 5931
5852 5932
5853 5854
5853 5931
5853 5932
5853 5933
5854 5855
5854 5932
5854 5933
5854 5934
5855 5856
5855 5933
5855 5934
5856 5857
5856 5934
5856 5935
5857 5858
5857 5935
5857 5936
5858 5859
5858 5935
5858 5936
5858 5937
5859 5860
5859 5936
5859 5937
5859 5938
5860 5861
5860 5937
5860 5938
5860 5939
5861 5862
5861 5938
5861 5939
5861 5940
5862 5863
5862 5939
5862 5940
5862 5941
5863 5864
5863 5940
5863 5941
5863 5942
5864 5865
5864 5941
5864 5942
5864 5943
5865 5866
5865 5942
5865 5943
5865 5944
5866 5867
5866 5943
5866 5944
5866 5945
5867 5944
5867 5945
5867 5946
5868 5869
5868 5946
5869 5870
5869 5947
5870 5871
5870 5947
5870 5948
5871 5872
5871 5947
5871 5948
5871 5949
5872 5948
5872 5949
5872 5950
5873 5874
5873 5950
5873 5951
5873 5952
5874 5875
5874 5951
5874 5952
5875 5876
5875 5952
5876 5877
5876 5953
5877 5878
5877 5953
5877 5954
5878 5879
5878 5953
5878 5954
5878 5955
5879 5880
5879 5954
5879 5955
5880 5881
5880 5955
5880 5956
5881 5882
5881 5956
5881 5957
5882 5883
5882 5956
5882 5957
5883 5884
5883 5957
5884 5885
5884 5958
5885 5886
5885 5958
5885 5959
5886 5958
5886 5959
5887 5888
5887 5960
5888 5889
5888 5960
5888 5961
5889 5960
5889 5961
5890 5891
5890 5962
5891 5892
5891 5962
5891 5963
5892 5893
5892 5963
5892 5964
5893 5963
5893 5964
5893 5965
5894 5895
5894 5965
5894 5966
5894 5967
5895 5896
5895 5966
5895 5967
5895 5968
5896 5897
5896 5967
5896 5968
5896 5969
5897 5898
5897 5968
5897 5969
5897 5970
5898 5899
5898 5969
5898 5970
5899 5970
5899 5971
5900 5901
5900 5972
5901 5972
5901 5973
5902 5903
5902 5973
5902 5974
5902 5975
5903 5904
5903 5974
5903 5975
5903 5976
5904 5905
5904 5975
5904 5976
5904 5977
5905 5906
5905 5976
5905 5977
5906 5907
5906 5977
5906 5978
5907 5908
5907 5978
5908 5909
5908 5978
5908 5979
5909 5910
5909 5979
5910 5911
5910 5979
5910 5980
5911 5912
5911 5980
5911 5981
5912 5913
5912 5980
5912 5981
5912 5982
5913 5914
5913 5981
5913 5982
5914 5915
5914 5982
5914 5983
5915 5916
5915 5983
5916 5917
5916 5983
5916 5984
5917 5918
5917 5984
5917 5985
5918 5984
5918 5985
5919 5920
5919 5986
5920 5921
5920 5986
5920 5987
5921 5922
5921 5987
5921 5988
5922 5987
5922 5988
5922 5989
5923 5924
5923 5989
5923 5990
5924 5990
5924 5991
5925 5926
5925 5991
5925 5992
5926 5927
5926 5992
5926 5993
5927 5928
5927 5993
5927 5994
5928 5993
5928 5994
5928 5995
5929 5930
5929 5995
5929 5996
5929 5997
5930 5931
5930 5996
5930 5997
5930 5998
5931 5932
5931 5997
5931 5998
5932 5933
5932 5998
5932 5999
5933 5934
5933 5999
5933 6000
5934 5999
5934 6000
5934 6001
5935 5936
5935 6001
5935 6002
5935 6003
5936 5937
5936 6002
5936 6003
5937 5938
5937 6003
5937 6004
5938 5939
5938 6004
5938 6005
5939 5940
5939 6004
5939 6005
5940 5941
5940 6005
5940 6006
5941 5942
5941 6006
5941 6007
5942 5943
5942 6006
5942 6007
5942 6008
5943 5944
5943 6007
5943 6008
5943 6009
5944 5945
5944 6008
5944 6009
5945 5946
5945 6009
5945 6010
5946 6010
5946 6011
5947 5948
5947 6012
5947 6013
5948 5949
5948 6013
5948 6014
5949 5950
5949 6014
5949 6015
5950 5951
5950 6014
5950 6015
5950 6016
5951 5952
5951 6015
5951 6016
5951 6017
5952 6016
5952 6017
5952 6018
5953 5954
5953 6019
5953 6020
5953 6021
5954 5955
5954 6020
5954 6021
5954 6022
5955 6021
5955 6022
5955 6023
5956 5957
5956 6023
5956 6024
5957 6024
5957 6025
5958 5959
5958 6026
5958 6027
5959 6027
5959 6028
5960 5961
5960 6029
5960 6030
5961 6030
5961 6031
5962 6031
5962 6032
5963 5964
5963 6033
5963 6034
5964 5965
5964 6033
5964 6034
5964 6035
5965 5966
5965 6034
5965 6035
5965 6036
5966 5967
5966 6035
5966 6036
5966 6037
5967 5968
5967 6036
5967 6037
5967 6038
5968 5969
5968 6037
5968 6038
5969 5970
5969 6038
5969 6039
5970 6039
5970 6040
5971 6040
5971 6041
5972 5973
5972 6042
5972 6043
5973 5974
5973 6043
5973 6044
5974 5975
5974 6044
5974 6045
5975 5976
5975 6044
5975 6045
5976 5977
5976 6045
5976 6046
5977 6046
5977 6047
5978 6047
5978 6048
5978 6049
5979 6049
5979 6050
5980 5981
5980 6050
5980 6051
5980 6052
5981 5982
5981 6051
5981 6052
5981 6053
5982 6052
5982 6053
5982 6054
5983 6054
5983 6055
5983 6056
5984 5985
5984 6056
5984 6057
5984 6058
5985 6057
5985 6058
5985 6059
5986 6059
5986 6060
5986 6061
5987 5988
5987 6061
5987 6062
5988 5989
5988 6062
5988 6063
5989 6063
5989 6064
5990 5991
5990 6064
5990 6065
5990 6066
5991 5992
5991 6065
5991 6066
5991 6067
5992 6066
5992 6067
5992 6068
5993 5994
5993 6068
5993 6069
5993 6070
5994 5995
5994 6069
5994 6070
5995 5996
5995 6070
5995 6071
5996 5997
5996 6071
5996 6072
5997 5998
5997 6071
5997 6072
5997 6073
5998 6072
5998 6073
5998 6074
5999 6000
5999 6074
5999 6075
6000 6001
6000 6075
6000 6076
6001 6002
6001 6076
6001 6077
6002 6003
6002 6076
6002 6077
6002 6078
6003 6077
6003 6078
6003 6079
6004 6005
6004 6079
6004 6080
6004 6081
6005 6080
6005 6081
6005 6082
6006 6007
6006 6082
6006 6083
6007 6008
6007 6083
6007 6084
6008 6009
6008 6083
6008 6084
6009 6084
6010 6011
6011 6012
6011 6085
6012 6013
6012 6085
6012 6086
6013 6085
6013 6086
6013 6087
6014 6015
6014 6087
6014 6088
6014 6089
6015 6016
6015 6088
6015 6089
6016 6017
6016 6089
6016 6090
6017 6018
6017 6090
6017 6091
6018 6019
6018 6090
6018 6091
6018 6092
6019 6020
6019 6091
6019 6092
6019 6093
6020 6021
6020 6092
6020 6093
6020 6094
6021 6022
6021 6093
6021 6094
6021 6095
6022 6023
6022 6094
6022 6095
6022 6096
6023 6095
6023 6096
6023 6097
6024 6025
6024 6097
6024 6098
6025 6026
6025 6098
6025 6099
6026 6027
6026 6099
6026 6100
6027 6099
6027 6100
6027 6101
6028 6029
6028 6101
6028 6102
6028 6103
6029 6102
6029 6103
6030 6031
6031 6032
6032 6104
6033 6034
6033 6104
6033 6105
6033 6106
6034 6035
6034 6105
6034 6106
6035 6036
6035 6106
6035 6107
6036 6037
6036 6107
6036 6108
6037 6038
6037 6107
6037 6108
6037 6109
6038 6108
6038 6109
6038 6110
6039 6040
6039 6110
6039 6111
6040 6041
6040 6111
6040 6112
6041 6112
6042 6043
6042 6113
6042 6114
6043 6113
6043 6114
6043 6115
6044 6045
6044 6115
6044 6116
6045 6116
6045 6117
6046 6047
6046 6117
6046 6118
6046 6119
6047 6048
6047 6118
6047 6119
6047 6120
6048 6049
6048 6119
6048 6120
6048 6121
6049 6120
6049 6121
6049 6122
6050 6051
6050 6122
6050 6123
6050 6124
6051 6052
6051 6123
6051 6124
6051 6125
6052 6053
6052 6124
6052 6125
6052 6126
6053 6054
6053 6125
6053 6126
6053 6127
6054 6055
6054 6126
6054 6127
6054 6128
6055 6056
6055 6127
6055 6128
6055 6129
6056 6057
6056 6128
6056 6129
6056 6130
6057 6058
6057 6129
6057 6130
6057 6131
6058 6059
6058 6130
6058 6131
6058 6132
6059 6060
6059 6131
6059 6132
6059 6133
6060 6061
6060 6132
6060 6133
6060 6134
6061 6062
6061 6133
6061 6134
6061 6135
6062 6134
6062 6135
6062 6136
6063 6064
6063 6136
6063 6137
6064 6065
6064 6137
6064 6138
6065 6066
6065 6137
6065 6138
6066 6067
6066 6138
6066 6139
6067 6068
6067 6139
6067 6140
6068 6069
6068 6139
6068 6140
6068 6141
6069 6070
6069 6140
6069 6141
6069 6142
6070 6141
6070 6142
6070 6143
6071 6072
6071 6143
6071 6144
6071 6145
6072 6073
6072 6144
6072 6145
6072 6146
6073 6074
6073 6145
6073 6146
6073 6147
6074 6075
6074 6146
6074 6147
6074 6148
6075 6147
6075 6148
6075 6149
6076 6077
6076 6149
6076 6150
6076 6151
6077 6078
6077 6150
6077 6151
6077 6152
6078 6079
6078 6151
6078 6152
6078 6153
6079 6080
6079 6152
6079 6153
6079 6154
6080 6081
6080 6153
6080 6154
6081 6082
6081 6154
6081 6155
6082 6155
6082 6156
6083 6084
6083 6156
6083 6157
6084 6157
6084 6158
6085 6086
6085 6160
6085 6161
6085 6162
6086 6087
6086 6161
6086 6162
6086 6163
6087 6088
6087 6162
6087 6163
6087 6164
6088 6089
6088 6163
6088 6164
6088 6165
6089 6164
6089 6165
6089 6166
6090 6091
6090 6166
6090 6167
6090 6168
6091 6092
6091 6167
6091 6168
6091 6169
6092 6093
6092 6168
6092 6169
6092 6170
6093 6094
6093 6169
6093 6170
6093 6171
6094 6095
6094 6170
6094 6171
6094 6172
6095 6096
6095 6171
6095 6172
6095 6173
6096 6097
6096 6172
6096 6173
6096 6174
6097 6098
6097 6173
6097 6174
6097 6175
6098 6174
6098 6175
6099 6100
6099 6176
6100 6101
6100 6176
6100 6177
6101 6102
6101 6176
6101 6177
6102 6103
6102 6177
6102 6178
6103 6178
6103 6179
6104 6105
6104 6182
6104 6183
6104 6184
6105 6106
6105 6183
6105 6184
6105 6185
6106 6184
6106 6185
6107 6108
6107 6186
6107 6187
6108 6109
6108 6186
6108 6187
6108 6188
6109 6110
6109 6187
6109 6188
6109 6189
6110 6111
6110 6188
6110 6189
6110 6190
6111 6189
6111 6190
6111 6191
6112 6191
6112 6192
6113 6114
6113 6193
6113 6194
6114 6115
6114 6193
6114 6194
6114 6195
6115 6194
6115 6195
6115 6196
6116 6117
6116 6196
6116 6197
6116 6198
6117 6118
6117 6197
6117 6198
6117 6199
6118 6119
6118 6198
6118 6199
6118 6200
6119 6120
6119 6199
6119 6200
6119 6201
6120 6121
6120 6200
6120 6201
6121 6122
6121 6201
6121 6202
6122 6123
6122 6202
6122 6203
6123 6124
6123 6202
6123 6203
6123 6204
6124 6125
6124 6203
6124 6204
6125 6126
6125 6204
6125 6205
6126 6127
6126 6205
6126 6206
6127 6128
6127 6205
6127 6206
6127 6207
6128 6129
6128 6206
6128 6207
6128 6208
6129 6130
6129 6207
6129 6208
6129 6209
6130 6131
6130 6208
6130 6209
6130 6210
6131 6132
6131 6209
6131 6210
6131 6211
6132 6133
6132 6210
6132 6211
6132 6212
6133 6134
6133 6211
6133 6212
6133 6213
6134 6135
6134 6212
6134 6213
6134 6214
6135 6136
6135 6213
6135 6214
6135 6215
6136 6214
6136 6215
6136 6216
6137 6138
6137 6216
6137 6217
6137 6218
6138 6217
6138 6218
6138 6219
6139 6140
6139 6219
6139 6220
6139 6221
6140 6141
6140 6220
6140 6221
6141 6142
6141 6221
6141 6222
6142 6143
6142 6222
6142 6223
6143 6144
6143 6222
6143 6223
6143 6224
6144 6145
6144 6223
6144 6224
6144 6225
6145 6146
6145 6224
6145 6225
6145 6226
6146 6147
6146 6225
6146 6226
6147 6148
6147 6226
6147 6227
6148 6149
6148 6227
6148 6228
6149 6150
6149 6227
6149 6228
6149 6229
6150 6151
6150 6228
6150 6229
6151 6152
6151 6229
6151 6230
6152 6153
6152 6230
6152 6231
6153 6154
6153 6230
6153 6231
6153 6232
6154 6231
6154 6232
6155 6156
6155 6233
6156 6233
6156 6234
6157 6158
6157 6234
6157 6235
6157 6236
6158 6235
6158 6236
6158 6237
6159 6160
6159 6237
6159 6238
6159 6239
6160 6161
6160 6238
6160 6239
6160 6240
6161 6162
6161 6239
6161 6240
6161 6241
6162 6163
6162 6240
6162 6241
6162 6242
6163 6164
6163 6241
6163 6242
6163 6243
6164 6165
6164 6242
6164 6243
6164 6244
6165 6166
6165 6243
6165 6244
6165 6245
6166 6167
6166 6244
6166 6245
6166 6246
6167 6168
6167 6245
6167 6246
6167 6247
6168 6169
6168 6246
6168 6247
6168 6248
6169 6170
6169 6247
6169 6248
6169 6249
6170 6171
6170 6248
6170 6249
6170 6250
6171 6172
6171 6249
6171 6250
6171 6251
6172 6173
6172 6250
6172 6251
6172 6252
6173 6174
6173 6251
6173 6252
6174 6175
6174 6252
6174 6253
6175 6253
6175 6254
6176 6177
6176 6255
6176 6256
6177 6256
6177 6257
6178 6179
6178 6257
6178 6258
6178 6259
6179 6180
6179 6258
6179 6259
6179 6260
6180 6181
6180 6259
6180 6260
6180 6261
6181 6182
6181 6260
6181 6261
6181 6262
6182 6183
6182 6261
6182 6262
6182 6263
6183 6184
6183 6262
6183 6263
6183 6264
6184 6185
6184 6263
6184 6264
6184 6265
6185 6264
6185 6265
6185 6266
6186 6187
6186 6266
6186 6267
6186 6268
6187 6188
6187 6267
6187 6268
6187 6269
6188 6189
6188 6268
6188 6269
6188 6270
6189 6190
6189 6269
6189 6270
6189 6271
6190 6191
6190 6270
6190 6271
6190 6272
6191 6192
6191 6271
6191 6272
6191 6273
6192 6272
6192 6273
6193 6194
6193 6274
6193 6275
6194 6195
6194 6274
6194 6275
6194 6276
6195 6196
6195 6275
6195 6276
6195 6277
6196 6197
6196 6276
6196 6277
6196 6278
6197 6198
6197 6277
6197 6278
6197 6279
6198 6199
6198 6278
6198 6279
6198 6280
6199 6200
6199 6279
6199 6280
6199 6281
6200 6201
6200 6280
6200 6281
6200 6282
6201 6281
6201 6282
6201 6283
6202 6203
6202 6283
6202 6284
6203 6204
6203 6284
6204 6284
6204 6285
6205 6206
6205 6285
6205 6286
6206 6207
6206 6286
6206 6287
6207 6208
6207 6287
6207 6288
6208 6209
6208 6287
6208 6288
6208 6289
6209 6210
6209 6288
6209 6289
6209 6290
6210 6211
6210 6289
6210 6290
6210 6291
6211 6212
6211 6290
6211 6291
6211 6292
6212 6213
6212 6291
6212 6292
6213 6214
6213 6292
6213 6293
6214 6215
6214 6293
6214 6294
6215 6216
6215 6293
6215 6294
6215 6295
6216 6217
6216 6294
6216 6295
6216 6296
6217 6218
6217 6295
6217 6296
6217 6297
6218 6219
6218 6296
6218 6297
6219 6220
6219 6297
6219 6298
6220 6221
6220 6298
6221 6298
6221 6299
6222 6223
6222 6299
6222 6300
6222 6301
6223 6224
6223 6300
6223 6301
6223 6302
6224 6225
6224 6301
6224 6302
6225 6226
6225 6302
6225 6303
6226 6303
6227 6228
6227 6304
6228 6229
6228 6304
6228 6305
6229 6305
6229 6306
6230 6231
6230 6306
6230 6307
6230 6308
6231 6232
6231 6307
6231 6308
6231 6309
6232 6308
6232 6309
6232 6310
6233 6234
6233 6311
6234 6235
6234 6311
6234 6312
6235 6236
6235 6311
6235 6312
6235 6313
6236 6237
6236 6312
6236 6313
6236 6314
6237 6238
6237 6313
6237 6314
6237 6315
6238 6239
6238 6314
6238 6315
6238 6316
6239 6240
6239 6315
6239 6316
6239 6317
6240 6241
6240 6316
6240 6317
6240 6318
6241 6242
6241 6317
6241 6318
6241 6319
6242 6243
6242 6318
6242 6319
6242 6320
6243 6244
6243 6319
6243 6320
6243 6321
6244 6245
6244 6320
6244 6321
6244 6322
6245 6246
6245 6321
6245 6322
6246 6247
6246 6322
6246 6323
6247 6248
6247 6323
6247 6324
6248 6249
6248 6323
6248 6324
6248 6325
6249 6250
6249 6324
6249 6325
6249 6326
6250 6251
6250 6325
6250 6326
6251 6252
6251 6326
6252 6327
6253 6254
6253 6327
6253 6328
6253 6329
6254 6255
6254 6328
6254 6329
6254 6330
6255 6329
6255 6330
6255 6331
6256 6257
6256 6331
6256 6332
6257 6258
6257 6332
6257 6333
6258 6259
6258 6333
6258 6334
6259 6260
6259 6333
6259 6334
6259 6335
6260 6261
6260 6334
6260 6335
6261 6262
6261 6335
6261 6336
6262 6263
6262 6336
6263 6264
6263 6336
6264 6265
6264 6337
6265 6266
6265 6337
6266 6267
6266 6337
6266 6338
6267 6268
6267 6338
6267 6339
6268 6269
6268 6338
6268 6339
6268 6340
6269 6270
6269 6339
6269 6340
6269 6341
6270 6271
6270 6340
6270 6341
6270 6342
6271 6272
6271 6341
6271 6342
6271 6343
6272 6273
6272 6342
6272 6343
6272 6344
6273 6343
6273 6344
6274 6275
6274 6345
6275 6276
6275 6345
6275 6346
6276 6277
6276 6346
6276 6347
6277 6278
6277 6346
6277 6347
6278 6279
6278 6347
6278 6348
6279 6280
6279 6348
6279 6349
6280 6281
6280 6348
6280 6349
6280 6350
6281 6282
6281 6349
6281 6350
6281 6351
6282 6283
6282 6350
6282 6351
6282 6352
6283 6351
6283 6352
6283 6353
6284 6353
6284 6354
6285 6286
6285 6355
6285 6356
6286 6355
6286 6356
6286 6357
6287 6288
6287 6357
6287 6358
6287 6359
6288 6289
6288 6358
6288 6359
6288 6360
6289 6290
6289 6359
6289 6360
6290 6291
6290 6360
6290 6361
6291 6292
6291 6361
6292 6361
6293 6294
6294 6295
6294 6362
6295 6296
6295 6362
6295 6363
6296 6297
6296 6362
6296 6363
6296 6364
6297 6363
6297 6364
6297 6365
6298 6365
6298 6366
6299 6300
6299 6366
6300 6301
6300 6367
6301 6302
6301 6367
6301 6368
6302 6367
6302 6368
6302 6369
6303 6369
6303 6370
6304 6371
6304 6372
6305 6306
6305 6372
6305 6373
6306 6307
6306 6373
6306 6374
6307 6308
6307 6373
6307 6374
6307 6375
6308 6309
6308 6374
6308 6375
6309 6310
6309 6375
6311 6312
6311 6376
6311 6377
6311 6378
6312 6313
6312 6377
6312 6378
6312 6379
6313 6314
6313 6378
6313 6379
6314 6315
6314 6379
6314 6380
6315 6316
6315 6380
6315 6381
6316 6317
6316 6380
6316 6381
6317 6318
6317 6381
6317 6382
6318 6319
6318 6382
6319 6320
6319 6382
6319 6383
6320 6321
6320 6383
6320 6384
6321 6322
6321 6383
6321 6384
6321 6385
6322 6384
6322 6385
6322 6386
6323 6324
6323 6386
6323 6387
6323 6388
6324 6325
6324 6387
6324 6388
6324 6389
6325 6326
6325 6388
6325 6389
6325 6390
6326 6389
6326 6390
6326 6391
6327 6328
6327 6392
6328 6329
6328 6392
6329 6330
6329 6392
6329 6393
6330 6331
6330 6393
6330 6394
6331 6332
6331 6393
6331 6394
6332 6394
6332 6395
6333 6334
6333 6395
6333 6396
6333 6397
6334 6335
6334 6396
6334 6397
6334 6398
6335 6397
6335 6398
6335 6399
6336 6399
6336 6400
6336 6401
6337 6402
6337 6403
6337 6404
6338 6339
6338 6404
6338 6405
6338 6406
6339 6340
6339 6405
6339 6406
6339 6407
6340 6341
6340 6406
6340 6407
6340 6408
6341 6342
6341 6407
6341 6408
6341 6409
6342 6343
6342 6408
6342 6409
6342 6410
6343 6344
6343 6409
6343 6410
6344 6410
6345 6411
6346 6347
6346 6412
6346 6413
6347 6412
6347 6413
6347 6414
6348 6349
6348 6414
6348 6415
6348 6416
6349 6350
6349 6415
6349 6416
6349 6417
6350 6351
6350 6416
6350 6417
6350 6418
6351 6352
6351 6417
6351 6418
6352 6353
6352 6418
6352 6419
6353 6354
6353 6419
6353 6420
6354 6419
6354 6420
6354 6421
6355 6356
6355 6421
6355 6422
6355 6423
6356 6357
6356 6422
6356 6423
6356 6424
6357 6358
6357 6423
6357 6424
6357 6425
6358 6359
6358 6424
6358 6425
6358 6426
6359 6360
6359 6425
6359 6426
6359 6427
6360 6426
6360 6427
6360 6428
6361 6428
6361 6429
6362 6363
6362 6432
6362 6433
6363 6364
6363 6432
6363 6433
6363 6434
6364 6365
6364 6433
6364 6434
6365 6434
6365 6435
6366 6435
6366 6436
6366 6437
6367 6368
6367 6438
6367 6439
6368 6369
6368 6439
6368 6440
6369 6370
6369 6440
6369 6441
6370 6440
6370 6441
6370 6442
6371 6372
6371 6442
6371 6443
6371 6444
6372 6443
6372 6444
6372 6445
6373 6374
6373 6445
6373 6446
6373 6447
6374 6375
6374 6446
6374 6447
6374 6448
6375 6447
6375 6448
6375 6449
6376 6377
6376 6451
6377 6378
6378 6379
6380 6381
6380 6452
6380 6453
6381 6452
6381 6453
6382 6454
6383 6384
6383 6454
6383 6455
6384 6385
6384 6455
6384 6456
6385 6386
6385 6456
6385 6457
6386 6387
6386 6456
6386 6457
6386 6458
6387 6388
6387 6457
6387 6458
6387 6459
6388 6389
6388 6458
6388 6459
6389 6390
6389 6459
6389 6460
6390 6391
6390 6460
6390 6461
6391 6460
6391 6461
6391 6462
6392 6463
6392 6464
6392 6465
6393 6394
6393 6465
6393 6466
6393 6467
6394 6466
6394 6467
6395 6396
6395 6468
6395 6469
6396 6397
6396 6468
6396 6469
6396 6470
6397 6398
6397 6469
6397 6470
6397 6471
6398 6399
6398 6470
6398 6471
6398 6472
6399 6400
6399 6471
6399 6472
6400 6401
6400 6472
6400 6473
6401 6402
6401 6473
6402 6403
6402 6473
6403 6404
6403 6474
6404 6405
6404 6474
6404 6475
6405 6406
6405 6474
6405 6475
6406 6407
6406 6475
6406 6476
6407 6408
6407 6476
6407 6477
6408 6409
6408 6476
6408 6477
6408 6478
6409 6410
6409 6477
6409 6478
6409 6479
6410 6478
6410 6479
6412 6413
6413 6414
6414 6415
6415 6416
6416 6417
6417 6418
6419 6420
6420 6421
6421 6422
6422 6423
6423 6424
6424 6425
6425 6426
6426 6427
6427 6428
6428 6429
6430 6431
6432 6433
6433 6434
6435 6436
6436 6437
6437 6438
6438 6439
6440 6441
6441 6442
6442 6443
6443 6444
6444 6445
6445 6446
6446 6447
6447 6448
6448 6449
6449 6450
6450 6451
6452 6453
6454 6455
6456 6457
6457 6458
6458 6459
6460 6461
6461 6462
6462 6463
6463 6464
6464 6465
6465 6466
6466 6467
6468 6469
6469 6470
6470 6471
6471 6472
6474 6475
6476 6477
6477 6478
6478 6479
