# FromNodeId	ToNodeId
0 1
0 83
0 84
1 2
1 83
1 84
1 85
2 3
2 84
2 85
2 86
3 4
3 85
3 86
3 87
4 5
4 86
4 87
4 88
5 87
5 88
5 89
6 89
6 90
6 91
7 91
7 92
7 93
8 9
8 93
8 94
8 95
9 10
9 94
9 95
9 96
10 11
10 95
10 96
11 12
11 96
11 97
12 13
12 97
12 98
13 14
13 97
13 98
14 15
14 98
14 99
15 16
15 99
16 17
16 99
16 100
17 18
17 100
18 100
18 101
19 20
19 102
19 103
19 104
20 21
20 103
20 104
20 105
21 22
21 104
21 105
21 106
22 23
22 105
22 106
22 107
23 24
23 106
23 107
23 108
24 25
24 107
24 108
24 109
25 26
25 108
25 109
25 110
26 109
26 110
26 111
27 28
27 112
27 113
27 114
28 29
28 113
28 114
28 115
29 30
29 114
29 115
29 116
30 31
30 115
30 116
31 32
31 116
31 117
32 33
32 117
32 118
33 34
33 117
33 118
34 35
34 118
34 119
35 36
35 119
35 120
36 37
36 119
36 120
37 38
37 120
37 121
38 39
38 121
38 122
39 40
39 121
39 122
39 123
40 41
40 122
40 123
40 124
41 42
41 123
41 124
41 125
42 43
42 124
42 125
42 126
43 44
43 125
43 126
44 126
45 46
45 127
46 47
46 127
46 128
47 48
47 127
47 128
47 129
48 49
48 128
48 129
48 130
49 50
49 129
49 130
49 131
50 51
50 130
50 131
50 132
51 52
51 131
51 132
52 53
52 132
52 133
53 54
53 133
54 55
54 133
54 134
55 56
55 134
55 135
56 57
56 134
56 135
56 136
57 58
57 135
57 136
57 137
58 59
58 136
58 137
59 60
59 137
59 138
60 138
60 139
61 62
61 139
61 140
61 141
62 140
62 141
63 64
63 143
63 144
63 145
64 65
64 144
64 145
64 146
65 66
65 145
65 146
65 147
66 67
66 146
66 147
66 148
67 147
67 148
67 149
68 69
68 149
68 150
68 151
69 70
69 150
69 151
69 152
70 71
70 151
70 152
70 153
71 72
71 152
71 153
71 154
72 73
72 153
72 154
73 154
74 155
75 155
75 156
75 157
76 77
76 157
76 158
76 159
77 78
77 158
77 159
77 160
78 79
78 159
78 160
79 80
79 160
79 161
80 81
80 161
80 162
81 82
81 161
81 162
81 163
82 162
82 163
83 84
83 164
84 85
84 164
84 165
85 86
85 165
85 166
86 87
86 165
86 166
87 88
87 166
87 167
88 89
88 167
88 168
89 90
89 167
89 168
90 91
90 168
90 169
91 92
91 169
91 170
92 93
92 169
92 170
93 94
93 170
94 95
94 171
95 96
95 171
95 172
96 171
96 172
97 98
97 173
97 174
98 173
98 174
98 175
99 175
99 176
99 177
100 177
101 102
101 178
102 103
102 178
102 179
103 104
103 179
103 180
104 105
104 179
104 180
104 181
105 106
105 180
105 181
105 182
106 107
106 181
106 182
106 183
107 108
107 182
107 183
108 109
108 183
109 110
109 184
110 111
110 184
110 185
111 112
111 184
111 185
111 186
112 113
112 185
112 186
112 187
113 114
113 186
113 187
113 188
114 115
114 187
114 188
114 189
115 116
115 188
115 189
115 190
116 189
116 190
116 191
117 118
117 191
117 192
117 193
118 192
118 193
119 120
119 194
119 195
120 194
120 195
120 196
121 122
121 196
121 197
122 123
122 197
122 198
123 124
123 198
123 199
124 125
124 198
124 199
124 200
125 126
125 199
125 200
125 201
126 200
126 201
126 202
127 128
127 205
127 206
128 129
128 206
128 207
129 130
129 207
129 208
130 131
130 207
130 208
131 132
131 208
131 209
132 209
132 210
133 210
133 211
133 212
134 135
134 212
134 213
134 214
135 136
135 213
135 214
135 215
136 137
136 214
136 215
136 216
137 215
137 216
137 217
138 139
138 217
138 218
138 219
139 140
139 218
139 219
139 220
140 141
140 219
140 220
140 221
141 220
141 221
141 222
142 143
142 222
142 223
142 224
143 144
143 223
143 224
143 225
144 145
144 224
144 225
144 226
145 146
145 225
145 226
145 227
146 147
146 226
146 227
146 228
147 148
147 227
147 228
147 229
148 149
148 228
148 229
148 230
149 150
149 229
149 230
149 231
150 151
150 230
150 231
150 232
151 152
151 231
151 232
151 233
152 153
152 232
152 233
153 154
153 233
153 234
154 234
154 235
155 156
155 237
155 238
155 239
156 157
156 238
156 239
156 240
157 158
157 239
157 240
157 241
158 159
158 240
158 241
158 242
159 160
159 241
159 242
159 243
160 242
160 243
160 244
161 162
161 244
161 245
161 246
162 163
162 245
162 246
162 247
163 246
163 247
164 248
165 166
165 249
166 249
167 168
167 250
167 251
168 250
168 251
168 252
169 170
169 252
169 253
170 253
170 254
171 172
171 255
171 256
172 255
172 256
173 174
173 257
173 258
174 175
174 257
174 258
174 259
175 176
175 258
175 259
176 177
176 259
177 260
178 261
178 262
178 263
179 180
179 263
179 264
180 181
180 264
181 182
181 264
181 265
182 183
182 265
182 266
183 265
183 266
183 267
184 185
184 268
184 269
184 270
185 186
185 269
185 270
185 271
186 187
186 270
186 271
186 272
187 188
187 271
187 272
188 189
188 272
188 273
189 190
189 273
189 274
190 191
190 273
190 274
190 275
191 192
191 274
191 275
191 276
192 193
192 275
192 276
192 277
193 276
193 277
193 278
194 195
194 278
194 279
194 280
195 196
195 279
195 280
195 281
196 197
196 280
196 281
197 281
197 282
198 199
198 282
198 283
198 284
199 200
199 283
199 284
199 285
200 201
200 284
200 285
200 286
201 202
201 285
201 286
201 287
202 203
202 286
202 287
202 288
203 204
203 287
203 288
203 289
204 205
204 288
204 289
204 290
205 206
205 289
205 290
205 291
206 290
206 291
206 292
207 208
207 292
207 293
207 294
208 293
208 294
208 295
209 210
209 295
209 296
209 297
210 211
210 296
210 297
210 298
211 212
211 297
211 298
211 299
212 213
212 298
212 299
212 300
213 214
213 299
213 300
214 215
214 300
215 216
215 301
216 217
216 301
216 302
217 218
217 301
217 302
217 303
218 219
218 302
218 303
218 304
219 220
219 303
219 304
219 305
220 221
220 304
220 305
220 306
221 222
221 305
221 306
221 307
222 223
222 306
222 307
222 308
223 224
223 307
223 308
223 309
224 225
224 308
224 309
224 310
225 226
225 309
225 310
225 311
226 227
226 310
226 311
226 312
227 228
227 311
227 312
227 313
228 229
228 312
228 313
229 230
229 313
229 314
230 231
230 314
230 315
231 232
231 314
231 315
231 316
232 233
232 315
232 316
232 317
233 316
233 317
233 318
234 235
234 318
234 319
234 320
235 236
235 319
235 320
235 321
236 237
236 320
236 321
236 322
237 238
237 321
237 322
237 323
238 239
238 322
238 323
238 324
239 240
239 323
239 324
239 325
240 241
240 324
240 325
240 326
241 242
241 325
241 326
241 327
242 243
242 326
242 327
242 328
243 244
243 327
243 328
244 245
244 328
244 329
245 246
245 329
245 330
246 247
246 329
246 330
246 331
247 330
247 331
248 332
248 333
249 333
249 334
249 335
250 251
250 336
250 337
251 252
251 337
252 253
252 337
252 338
253 338
253 339
254 339
255 256
256 340
257 258
257 340
257 341
257 342
258 259
258 341
258 342
259 342
260 261
260 343
260 344
260 345
261 262
261 344
261 345
261 346
262 263
262 345
262 346
262 347
263 346
263 347
263 348
264 348
264 349
265 266
265 350
265 351
266 267
266 350
266 351
266 352
267 268
267 351
267 352
267 353
268 269
268 352
268 353
268 354
269 270
269 353
269 354
269 355
270 271
270 354
270 355
270 356
271 272
271 355
271 356
271 357
272 356
272 357
272 358
273 274
273 358
273 359
273 360
274 275
274 359
274 360
274 361
275 276
275 360
275 361
275 362
276 277
276 361
276 362
276 363
277 278
277 362
277 363
277 364
278 279
278 363
278 364
278 365
279 280
279 364
279 365
279 366
280 281
280 365
280 366
280 367
281 366
281 367
281 368
282 283
282 368
282 369
282 370
283 284
283 369
283 370
284 285
284 370
284 371
285 286
285 371
285 372
286 287
286 371
286 372
286 373
287 288
287 372
287 373
287 374
288 289
288 373
288 374
289 290
289 374
289 375
290 291
290 375
290 376
291 292
291 375
291 376
292 293
292 376
292 377
293 294
293 377
293 378
294 295
294 377
294 378
295 296
295 378
295 379
296 297
296 379
297 298
297 379
297 380
298 299
298 380
298 381
299 300
299 380
299 381
300 381
300 382
301 302
301 383
301 384
301 385
302 303
302 384
302 385
302 386
303 304
303 385
303 386
303 387
304 305
304 386
304 387
304 388
305 306
305 387
305 388
305 389
306 307
306 388
306 389
306 390
307 308
307 389
307 390
307 391
308 309
308 390
308 391
308 392
309 310
309 391
309 392
309 393
310 311
310 392
310 393
310 394
311 312
311 393
311 394
312 313
312 394
312 395
313 395
313 396
314 315
314 396
314 397
315 316
315 397
315 398
316 317
316 398
316 399
317 318
317 398
317 399
317 400
318 319
318 399
318 400
318 401
319 320
319 400
319 401
319 402
320 321
320 401
320 402
320 403
321 322
321 402
321 403
321 404
322 323
322 403
322 404
322 405
323 324
323 404
323 405
323 406
324 325
324 405
324 406
324 407
325 326
325 406
325 407
326 327
326 407
327 328
327 408
328 408
329 330
329 409
329 410
330 331
330 409
330 410
330 411
331 410
331 411
332 333
332 412
332 413
333 334
333 412
333 413
333 414
334 335
334 413
334 414
334 415
335 336
335 414
335 415
335 416
336 415
336 416
336 417
337 417
337 418
338 339
338 418
338 419
339 419
339 420
340 341
340 423
341 342
341 423
341 424
342 423
342 424
342 425
343 344
343 426
344 345
344 426
344 427
345 346
345 427
345 428
346 347
346 427
346 428
346 429
347 348
347 428
347 429
347 430
348 349
348 429
348 430
348 431
349 430
349 431
350 351
350 432
350 433
351 352
351 432
351 433
351 434
352 353
352 433
352 434
352 435
353 354
353 434
353 435
353 436
354 355
354 435
354 436
354 437
355 356
355 436
355 437
355 438
356 357
356 437
356 438
356 439
357 358
357 438
357 439
357 440
358 359
358 439
358 440
359 360
359 440
360 361
360 441
361 362
361 441
361 442
362 363
362 441
362 442
362 443
363 364
363 442
363 443
363 444
364 365
364 443
364 444
365 366
365 444
365 445
366 367
366 445
366 446
367 368
367 445
367 446
367 447
368 369
368 446
368 447
369 370
369 447
369 448
370 448
370 449
371 372
371 449
371 450
371 451
372 373
372 450
372 451
372 452
373 374
373 451
373 452
373 453
374 452
374 453
374 454
375 376
375 454
375 455
376 455
377 378
377 456
378 456
378 457
379 457
379 458
380 381
380 459
381 459
381 460
382 383
382 460
382 461
382 462
383 384
383 461
383 462
383 463
384 385
384 462
384 463
384 464
385 386
385 463
385 464
385 465
386 387
386 464
386 465
386 466
387 388
387 465
387 466
387 467
388 389
388 466
388 467
388 468
389 390
389 467
389 468
389 469
390 391
390 468
390 469
390 470
391 392
391 469
391 470
392 393
392 470
392 471
393 394
393 471
393 472
394 471
394 472
394 473
395 396
395 473
395 474
396 397
396 474
396 475
397 475
397 476
398 399
398 476
398 477
398 478
399 400
399 477
399 478
399 479
400 401
400 478
400 479
400 480
401 402
401 479
401 480
401 481
402 403
402 480
402 481
402 482
403 404
403 481
403 482
403 483
404 405
404 482
404 483
404 484
405 406
405 483
405 484
406 407
406 484
406 485
407 485
407 486
408 487
408 488
409 410
409 488
409 489
409 490
410 411
410 489
410 490
411 490
412 413
412 491
412 492
413 414
413 491
413 492
414 415
414 492
415 416
416 417
416 493
417 493
417 494
418 494
418 495
418 496
419 420
419 496
419 497
419 498
420 421
420 497
420 498
420 499
421 422
421 498
421 499
421 500
422 499
422 500
422 501
423 424
423 502
423 503
424 425
424 502
424 503
424 504
425 503
425 504
425 505
426 505
426 506
427 428
427 507
427 508
428 429
428 507
428 508
428 509
429 430
429 508
429 509
429 510
430 431
430 509
430 510
430 511
431 510
431 511
431 512
432 433
432 512
432 513
432 514
433 434
433 513
433 514
433 515
434 435
434 514
434 515
435 436
435 515
435 516
436 437
436 516
436 517
437 438
437 516
437 517
437 518
438 439
438 517
438 518
438 519
439 440
439 518
439 519
439 520
440 519
440 520
440 521
441 442
441 522
441 523
442 443
442 523
442 524
443 444
443 523
443 524
443 525
444 524
444 525
445 446
445 526
445 527
446 447
446 526
446 527
446 528
447 527
447 528
447 529
448 449
448 529
448 530
448 531
449 450
449 530
449 531
449 532
450 451
450 531
450 532
450 533
451 452
451 532
451 533
452 453
452 533
453 454
453 534
454 534
454 535
455 535
455 536
455 537
456 537
456 538
456 539
457 458
457 539
457 540
458 540
459 460
459 541
460 461
460 542
461 462
461 542
461 543
462 463
462 542
462 543
462 544
463 464
463 543
463 544
463 545
464 465
464 544
464 545
464 546
465 466
465 545
465 546
465 547
466 467
466 546
466 547
466 548
467 468
467 547
467 548
467 549
468 469
468 548
468 549
468 550
469 470
469 549
469 550
470 550
470 551
471 472
471 551
471 552
471 553
472 473
472 552
472 553
473 474
473 553
473 554
474 554
475 476
475 555
475 556
476 477
476 555
476 556
476 557
477 478
477 556
477 557
478 479
478 557
479 480
480 481
480 558
481 482
481 558
481 559
482 483
482 558
482 559
482 560
483 484
483 559
483 560
483 561
484 560
484 561
485 486
485 562
486 562
486 563
487 488
487 563
487 564
487 565
488 489
488 564
488 565
488 566
489 490
489 565
489 566
489 567
490 566
490 567
490 568
491 492
491 569
492 569
492 570
493 494
493 571
493 572
494 495
494 572
495 496
495 572
495 573
496 497
496 573
497 498
497 573
497 574
498 499
498 574
498 575
499 500
499 574
499 575
499 576
500 501
500 575
500 576
500 577
501 576
501 577
501 578
502 503
502 578
502 579
502 580
503 504
503 579
503 580
503 581
504 505
504 580
504 581
505 506
505 581
505 582
506 582
506 583
507 508
507 583
507 584
507 585
508 509
508 584
508 585
508 586
509 510
509 585
509 586
509 587
510 511
510 586
510 587
510 588
511 512
511 587
511 588
511 589
512 513
512 588
512 589
512 590
513 514
513 589
513 590
513 591
514 515
514 590
514 591
514 592
515 591
515 592
516 517
516 593
516 594
517 518
517 593
517 594
517 595
518 519
518 594
518 595
518 596
519 520
519 595
519 596
519 597
520 521
520 596
520 597
520 598
521 522
521 597
521 598
521 599
522 598
522 599
522 600
523 524
523 600
523 601
523 602
524 525
524 601
524 602
524 603
525 602
525 603
525 604
526 527
526 604
526 605
527 528
527 605
527 606
528 529
528 605
528 606
529 530
529 606
529 607
530 531
530 607
530 608
531 532
531 607
531 608
531 609
532 533
532 608
532 609
532 610
533 609
533 610
533 611
534 535
534 612
534 613
535 536
535 612
535 613
535 614
536 537
536 613
536 614
537 538
537 614
537 615
538 539
538 615
539 540
539 615
539 616
540 616
540 617
541 618
541 619
541 620
542 543
542 621
542 622
542 623
543 544
543 622
543 623
544 545
544 623
545 546
546 547
546 624
547 548
547 624
547 625
548 549
548 624
548 625
548 626
549 550
549 625
549 626
549 627
550 626
550 627
550 628
551 552
551 628
551 629
551 630
552 553
552 629
552 630
553 630
553 631
554 631
554 632
554 633
555 556
555 633
555 634
555 635
556 557
556 634
556 635
556 636
557 635
557 636
557 637
558 559
558 639
558 640
558 641
559 560
559 640
559 641
560 561
560 641
561 642
562 642
562 643
562 644
563 564
563 644
563 645
563 646
564 565
564 645
564 646
564 647
565 566
565 646
565 647
565 648
566 567
566 647
566 648
566 649
567 568
567 648
567 649
568 649
569 570
569 650
569 651
569 652
570 651
570 652
571 653
571 654
572 654
572 655
572 656
573 656
573 657
573 658
574 575
574 658
574 659
575 576
575 659
575 660
576 577
576 659
576 660
576 661
577 578
577 660
577 661
577 662
578 579
578 661
578 662
578 663
579 580
579 662
579 663
579 664
580 581
580 663
580 664
580 665
581 664
581 665
581 666
582 583
582 666
582 667
582 668
583 584
583 667
583 668
583 669
584 585
584 668
584 669
584 670
585 586
585 669
585 670
585 671
586 587
586 670
586 671
586 672
587 588
587 671
587 672
587 673
588 589
588 672
588 673
588 674
589 590
589 673
589 674
589 675
590 591
590 674
590 675
590 676
591 592
591 675
591 676
591 677
592 676
592 677
593 594
593 678
593 679
594 595
594 678
594 679
594 680
595 596
595 679
595 680
595 681
596 597
596 680
596 681
596 682
597 598
597 681
597 682
597 683
598 599
598 682
598 683
598 684
599 600
599 683
599 684
599 685
600 601
600 684
600 685
600 686
601 602
601 685
601 686
601 687
602 603
602 686
602 687
602 688
603 604
603 687
603 688
604 688
604 689
605 606
605 689
605 690
605 691
606 690
606 691
606 692
607 608
607 692
607 693
608 609
608 693
608 694
609 610
609 694
609 695
610 611
610 694
610 695
610 696
611 695
611 696
611 697
612 613
612 697
612 698
613 614
613 698
613 699
614 699
614 700
615 700
615 701
616 617
616 702
617 618
617 702
617 703
618 619
618 703
618 704
619 620
619 703
619 704
619 705
620 621
620 704
620 705
620 706
621 622
621 705
621 706
622 623
622 706
622 707
623 707
623 708
624 625
624 710
625 626
625 711
626 627
626 711
627 628
627 711
627 712
628 629
628 712
628 713
629 630
629 712
629 713
629 714
630 713
630 714
630 715
631 632
631 715
631 716
631 717
632 633
632 716
632 717
632 718
633 634
633 717
633 718
633 719
634 635
634 718
634 719
634 720
635 636
635 719
635 720
636 637
636 720
636 721
637 638
637 721
637 722
638 639
638 721
638 722
638 723
639 640
639 722
639 723
640 641
640 723
640 724
641 724
642 643
642 725
642 726
642 727
643 644
643 726
643 727
643 728
644 645
644 727
644 728
644 729
645 646
645 728
645 729
646 647
646 729
646 730
647 648
647 730
647 731
648 649
648 730
648 731
648 732
649 731
649 732
649 733
650 651
650 734
650 735
651 652
651 734
651 735
651 736
652 735
652 736
653 654
653 737
653 738
654 655
654 737
654 738
654 739
655 656
655 738
655 739
655 740
656 657
656 739
656 740
656 741
657 658
657 740
657 741
658 741
658 742
659 660
659 742
659 743
659 744
660 661
660 743
660 744
661 662
661 744
661 745
662 663
662 745
663 664
663 745
663 746
664 665
664 746
664 747
665 666
665 746
665 747
665 748
666 667
666 747
666 748
666 749
667 668
667 748
667 749
667 750
668 669
668 749
668 750
668 751
669 670
669 750
669 751
669 752
670 671
670 751
670 752
670 753
671 672
671 752
671 753
671 754
672 673
672 753
672 754
673 674
673 754
673 755
674 675
674 755
675 676
675 755
675 756
676 677
676 756
677 756
677 757
678 679
678 757
678 758
678 759
679 680
679 758
679 759
679 760
680 681
680 759
680 760
680 761
681 682
681 760
681 761
681 762
682 683
682 761
682 762
682 763
683 684
683 762
683 763
684 685
684 763
684 764
685 686
685 764
685 765
686 687
686 764
686 765
687 688
687 765
687 766
688 766
688 767
689 690
689 767
689 768
690 691
690 768
690 769
691 692
691 768
691 769
691 770
692 693
692 769
692 770
692 771
693 770
693 771
694 695
694 772
695 696
695 772
695 773
696 697
696 773
696 774
697 698
697 773
697 774
697 775
698 774
698 775
698 776
699 700
699 776
700 701
701 777
702 777
702 778
702 779
703 704
703 779
704 705
705 706
705 780
706 780
706 781
707 708
707 781
708 709
708 782
709 710
709 782
709 783
710 782
710 783
710 784
711 785
711 786
711 787
712 713
712 787
712 788
712 789
713 714
713 788
713 789
713 790
714 715
714 789
714 790
714 791
715 716
715 790
715 791
715 792
716 717
716 791
716 792
716 793
717 718
717 792
717 793
718 719
718 793
718 794
719 720
719 794
719 795
720 794
720 795
721 722
721 796
721 797
722 723
722 796
722 797
722 798
723 797
723 798
723 799
724 799
724 800
724 801
725 726
725 801
725 802
725 803
726 727
726 802
726 803
726 804
727 728
727 803
727 804
728 729
728 804
728 805
729 805
729 806
730 731
730 806
730 807
731 732
731 807
732 733
732 807
732 808
733 808
734 735
735 736
736 809
737 738
737 809
737 810
738 739
738 810
738 811
739 740
739 810
739 811
739 812
740 741
740 811
740 812
740 813
741 812
741 813
741 814
742 743
742 814
742 815
742 816
743 744
743 815
743 816
743 817
744 816
744 817
744 818
745 818
745 819
745 820
746 747
746 820
746 821
746 822
747 748
747 821
747 822
747 823
748 749
748 822
748 823
748 824
749 750
749 823
749 824
749 825
750 751
750 824
750 825
750 826
751 752
751 825
751 826
752 753
752 826
752 827
753 754
753 827
753 828
754 827
754 828
755 829
755 830
756 830
756 831
757 758
757 832
757 833
758 759
758 832
758 833
758 834
759 760
759 833
759 834
759 835
760 761
760 834
760 835
761 762
761 835
761 836
762 763
762 836
763 836
764 765
764 837
765 837
765 838
766 767
766 838
766 839
766 840
767 839
767 840
767 841
768 769
768 841
768 842
769 770
769 842
769 843
770 771
770 843
770 844
771 843
771 844
772 845
773 774
773 845
773 846
773 847
774 775
774 846
774 847
774 848
775 776
775 847
775 848
775 849
776 848
776 849
776 850
777 778
777 852
777 853
777 854
778 779
778 853
778 854
779 854
779 855
780 781
780 857
781 857
781 858
782 783
782 859
783 784
783 859
783 860
784 785
784 860
784 861
785 786
785 860
785 861
786 787
786 861
786 862
787 788
787 862
788 789
788 862
789 790
789 863
790 791
790 863
790 864
791 792
791 863
791 864
791 865
792 793
792 864
792 865
792 866
793 865
793 866
794 795
794 867
794 868
795 867
795 868
795 869
796 797
796 869
796 870
796 871
797 798
797 870
797 871
797 872
798 799
798 871
798 872
798 873
799 800
799 872
799 873
799 874
800 801
800 873
800 874
800 875
801 802
801 874
801 875
801 876
802 803
802 875
802 876
802 877
803 804
803 876
803 877
803 878
804 877
804 878
804 879
805 806
805 879
805 880
805 881
806 880
806 881
806 882
807 882
807 883
807 884
808 884
809 886
809 887
809 888
810 811
810 888
810 889
810 890
811 812
811 889
811 890
811 891
812 813
812 890
812 891
812 892
813 814
813 891
813 892
814 815
814 892
814 893
815 816
815 893
815 894
816 817
816 893
816 894
816 895
817 818
817 894
817 895
817 896
818 819
818 895
818 896
818 897
819 820
819 896
819 897
819 898
820 821
820 897
820 898
820 899
821 822
821 898
821 899
821 900
822 823
822 899
822 900
822 901
823 824
823 900
823 901
823 902
824 825
824 901
824 902
824 903
825 826
825 902
825 903
825 904
826 903
826 904
826 905
827 828
827 905
827 906
827 907
828 906
828 907
828 908
829 830
829 908
829 909
829 910
830 831
830 909
830 910
830 911
831 910
831 911
831 912
832 833
832 912
832 913
832 914
833 834
833 913
833 914
833 915
834 835
834 914
834 915
834 916
835 915
835 916
835 917
836 917
836 918
836 919
837 838
837 921
837 922
838 839
838 922
839 840
839 922
839 923
840 841
840 923
840 924
841 842
841 923
841 924
841 925
842 924
842 925
842 926
843 844
843 926
843 927
843 928
844 927
844 928
844 929
845 846
845 930
845 931
845 932
846 847
846 931
846 932
846 933
847 848
847 932
847 933
847 934
848 849
848 933
848 934
849 850
849 934
850 851
850 935
851 852
851 935
851 936
852 853
852 935
852 936
853 854
853 936
853 937
854 937
855 856
855 938
855 939
856 938
856 939
856 940
857 858
857 941
858 941
858 942
859 942
859 943
859 944
860 861
860 944
860 945
860 946
861 945
861 946
862 947
863 864
863 948
863 949
863 950
864 865
864 949
864 950
864 951
865 866
865 950
865 951
866 951
866 952
867 868
867 952
867 953
867 954
868 869
868 953
868 954
868 955
869 870
869 954
869 955
869 956
870 871
870 955
870 956
870 957
871 872
871 956
871 957
872 873
872 957
872 958
873 874
873 958
873 959
874 875
874 958
874 959
875 876
875 959
875 960
876 877
876 960
876 961
877 878
877 960
877 961
877 962
878 879
878 961
878 962
878 963
879 880
879 962
879 963
880 881
880 963
880 964
881 882
881 964
881 965
882 883
882 964
882 965
882 966
883 884
883 965
883 966
884 966
884 967
885 886
885 968
885 969
885 970
886 887
886 969
886 970
887 888
887 970
887 971
888 889
888 971
888 972
889 890
889 971
889 972
889 973
890 891
890 972
890 973
891 892
891 973
892 974
893 894
893 974
893 975
893 976
894 895
894 975
894 976
894 977
895 896
895 976
895 977
895 978
896 897
896 977
896 978
897 898
897 978
897 979
898 899
898 979
898 980
899 900
899 979
899 980
899 981
900 901
900 980
900 981
900 982
901 902
901 981
901 982
902 903
902 982
902 983
903 904
903 983
904 905
904 983
904 984
905 906
905 984
905 985
906 907
906 984
906 985
907 908
907 985
907 986
908 909
908 986
908 987
909 910
909 986
909 987
909 988
910 911
910 987
910 988
911 912
911 988
911 989
912 913
912 989
912 990
913 914
913 989
913 990
913 991
914 915
914 990
914 991
914 992
915 916
915 991
915 992
915 993
916 917
916 992
916 993
916 994
917 918
917 993
917 994
917 995
918 919
918 994
918 995
918 996
919 920
919 995
919 996
919 997
920 921
920 996
920 997
921 997
921 998
922 998
922 999
922 1000
923 924
923 1000
923 1001
923 1002
924 925
924 1001
924 1002
924 1003
925 926
925 1002
925 1003
925 1004
926 927
926 1003
926 1004
926 1005
927 928
927 1004
927 1005
927 1006
928 929
928 1005
928 1006
928 1007
929 930
929 1006
929 1007
929 1008
930 931
930 1007
930 1008
931 932
931 1008
931 1009
932 933
932 1009
932 1010
933 934
933 1009
933 1010
933 1011
934 1010
934 1011
934 1012
935 936
935 1013
935 1014
936 1013
936 1014
936 1015
937 1015
937 1016
937 1017
938 939
938 1017
938 1018
939 940
939 1018
939 1019
940 1018
940 1019
941 1020
941 1021
942 943
942 1021
942 1022
943 944
943 1022
943 1023
944 945
944 1023
944 1024
945 946
945 1023
945 1024
945 1025
946 1024
946 1025
946 1026
947 948
947 1027
947 1028
948 949
948 1028
948 1029
949 950
949 1028
949 1029
949 1030
950 951
950 1029
950 1030
950 1031
951 1030
951 1031
952 953
952 1032
953 954
953 1032
954 955
954 1033
955 956
955 1033
955 1034
956 957
956 1033
956 1034
956 1035
957 1034
957 1035
957 1036
958 959
958 1036
958 1037
958 1038
959 1037
959 1038
959 1039
960 961
960 1039
960 1040
960 1041
961 962
961 1040
961 1041
961 1042
962 963
962 1041
962 1042
962 1043
963 1042
963 1043
963 1044
964 965
964 1044
964 1045
964 1046
965 966
965 1045
965 1046
965 1047
966 1046
966 1047
966 1048
967 1048
967 1049
968 969
968 1050
968 1051
969 970
969 1050
969 1051
969 1052
970 1051
970 1052
970 1053
971 972
971 1053
971 1054
972 973
972 1054
972 1055
973 1055
973 1056
974 975
974 1057
974 1058
974 1059
975 976
975 1058
975 1059
976 977
976 1059
976 1060
977 978
977 1060
977 1061
978 1060
978 1061
978 1062
979 980
979 1062
979 1063
979 1064
980 981
980 1063
980 1064
980 1065
981 982
981 1064
981 1065
981 1066
982 1065
982 1066
982 1067
983 1067
983 1068
983 1069
984 985
984 1069
984 1070
984 1071
985 1070
985 1071
985 1072
986 987
986 1072
986 1073
986 1074
987 988
987 1073
987 1074
987 1075
988 1074
988 1075
988 1076
989 990
989 1076
989 1077
990 991
990 1077
990 1078
991 992
991 1077
991 1078
992 993
992 1078
992 1079
993 994
993 1079
993 1080
994 995
994 1079
994 1080
994 1081
995 996
995 1080
995 1081
996 997
996 1081
996 1082
997 1082
997 1083
998 999
998 1083
998 1084
999 1000
999 1084
999 1085
1000 1001
1000 1085
1000 1086
1001 1002
1001 1085
1001 1086
1001 1087
1002 1003
1002 1086
1002 1087
1002 1088
1003 1004
1003 1087
1003 1088
1003 1089
1004 1005
1004 1088
1004 1089
1004 1090
1005 1006
1005 1089
1005 1090
1006 1007
1006 1090
1006 1091
1007 1008
1007 1091
1008 1091
1008 1092
1009 1010
1009 1092
1009 1093
1009 1094
1010 1011
1010 1093
1010 1094
1010 1095
1011 1012
1011 1094
1011 1095
1011 1096
1012 1095
1012 1096
1013 1014
1013 1097
1014 1015
1014 1097
1014 1098
1015 1016
1015 1098
1015 1099
1016 1017
1016 1098
1016 1099
1016 1100
1017 1099
1017 1100
1017 1101
1018 1019
1018 1101
1018 1102
1019 1102
1019 1103
1020 1021
1020 1103
1020 1104
1020 1105
1021 1022
1021 1104
1021 1105
1021 1106
1022 1105
1022 1106
1023 1024
1023 1107
1023 1108
1024 1025
1024 1107
1024 1108
1024 1109
1025 1026
1025 1108
1025 1109
1025 1110
1026 1027
1026 1109
1026 1110
1027 1110
1028 1029
1028 1111
1029 1030
1029 1111
1029 1112
1030 1031
1030 1112
1030 1113
1031 1112
1031 1113
1031 1114
1032 1114
1032 1115
1032 1116
1033 1034
1033 1117
1033 1118
1034 1035
1034 1118
1034 1119
1035 1036
1035 1118
1035 1119
1035 1120
1036 1037
1036 1119
1036 1120
1036 1121
1037 1038
1037 1120
1037 1121
1038 1039
1038 1121
1038 1122
1039 1040
1039 1122
1040 1041
1040 1122
1040 1123
1041 1042
1041 1123
1042 1043
1042 1123
1042 1124
1043 1044
1043 1124
1043 1125
1044 1045
1044 1124
1044 1125
1045 1046
1045 1125
1045 1126
1046 1047
1046 1126
1046 1127
1047 1048
1047 1126
1047 1127
1047 1128
1048 1049
1048 1127
1048 1128
1048 1129
1049 1128
1049 1129
1050 1051
1050 1130
1051 1052
1051 1130
1051 1131
1052 1053
1052 1131
1052 1132
1053 1054
1053 1131
1053 1132
1054 1132
1054 1133
1055 1056
1055 1133
1056 1057
1056 1134
1057 1058
1057 1134
1057 1135
1058 1059
1058 1134
1058 1135
1059 1135
1059 1136
1060 1061
1060 1136
1060 1137
1061 1062
1061 1137
1061 1138
1062 1063
1062 1137
1062 1138
1062 1139
1063 1064
1063 1138
1063 1139
1063 1140
1064 1065
1064 1139
1064 1140
1064 1141
1065 1066
1065 1140
1065 1141
1065 1142
1066 1067
1066 1141
1066 1142
1066 1143
1067 1068
1067 1142
1067 1143
1067 1144
1068 1069
1068 1143
1068 1144
1068 1145
1069 1070
1069 1144
1069 1145
1069 1146
1070 1071
1070 1145
1070 1146
1070 1147
1071 1072
1071 1146
1071 1147
1071 1148
1072 1073
1072 1147
1072 1148
1072 1149
1073 1074
1073 1148
1073 1149
1073 1150
1074 1075
1074 1149
1074 1150
1074 1151
1075 1076
1075 1150
1075 1151
1075 1152
1076 1151
1076 1152
1077 1078
1077 1153
1077 1154
1078 1153
1078 1154
1078 1155
1079 1080
1079 1155
1079 1156
1080 1081
1080 1156
1080 1157
1081 1157
1081 1158
1082 1083
1082 1158
1082 1159
1082 1160
1083 1084
1083 1159
1083 1160
1083 1161
1084 1160
1084 1161
1084 1162
1085 1086
1085 1162
1085 1163
1085 1164
1086 1087
1086 1163
1086 1164
1086 1165
1087 1088
1087 1164
1087 1165
1087 1166
1088 1089
1088 1165
1088 1166
1088 1167
1089 1090
1089 1166
1089 1167
1090 1167
1090 1168
1091 1168
1091 1169
1091 1170
1092 1093
1092 1170
1092 1171
1092 1172
1093 1094
1093 1171
1093 1172
1093 1173
1094 1095
1094 1172
1094 1173
1094 1174
1095 1096
1095 1173
1095 1174
1096 1174
1096 1175
1097 1175
1098 1099
1098 1176
1099 1100
1099 1176
1099 1177
1100 1101
1100 1177
1101 1177
1101 1178
1102 1103
1102 1178
1102 1179
1102 1180
1103 1104
1103 1179
1103 1180
1104 1105
1104 1180
1105 1106
1105 1181
1106 1181
1106 1182
1107 1108
1107 1182
1107 1183
1107 1184
1108 1109
1108 1183
1108 1184
1108 1185
1109 1110
1109 1184
1109 1185
1110 1185
1110 1186
1111 1187
1111 1188
1112 1113
1112 1188
1112 1189
1112 1190
1113 1114
1113 1189
1113 1190
1113 1191
1114 1115
1114 1190
1114 1191
1114 1192
1115 1116
1115 1191
1115 1192
1115 1193
1116 1117
1116 1192
1116 1193
1116 1194
1117 1193
1117 1194
1118 1119
1118 1195
1119 1120
1119 1195
1119 1196
1120 1121
1120 1195
1120 1196
1120 1197
1121 1196
1121 1197
1121 1198
1122 1198
1122 1199
1123 1199
1123 1200
1123 1201
1124 1125
1124 1201
1124 1202
1124 1203
1125 1202
1125 1203
1125 1204
1126 1127
1126 1204
1126 1205
1126 1206
1127 1128
1127 1205
1127 1206
1128 1129
1128 1206
1130 1207
1130 1208
1131 1132
1131 1208
1131 1209
1131 1210
1132 1209
1132 1210
1132 1211
1133 1211
1133 1212
1133 1213
1134 1135
1134 1214
1134 1215
1134 1216
1135 1215
1135 1216
1135 1217
1136 1217
1136 1218
1136 1219
1137 1138
1137 1219
1137 1220
1137 1221
1138 1139
1138 1220
1138 1221
1138 1222
1139 1140
1139 1221
1139 1222
1139 1223
1140 1141
1140 1222
1140 1223
1140 1224
1141 1142
1141 1223
1141 1224
1141 1225
1142 1143
1142 1224
1142 1225
1142 1226
1143 1144
1143 1225
1143 1226
1143 1227
1144 1145
1144 1226
1144 1227
1144 1228
1145 1146
1145 1227
1145 1228
1145 1229
1146 1147
1146 1228
1146 1229
1147 1148
1147 1229
1147 1230
1148 1149
1148 1230
1148 1231
1149 1150
1149 1230
1149 1231
1149 1232
1150 1151
1150 1231
1150 1232
1151 1152
1151 1232
1151 1233
1152 1233
1152 1234
1153 1154
1153 1234
1153 1235
1153 1236
1154 1155
1154 1235
1154 1236
1154 1237
1155 1156
1155 1236
1155 1237
1155 1238
1156 1237
1156 1238
1156 1239
1157 1158
1157 1239
1157 1240
1157 1241
1158 1159
1158 1240
1158 1241
1159 1160
1159 1241
1159 1242
1160 1161
1160 1242
1161 1162
1161 1242
1161 1243
1162 1163
1162 1243
1162 1244
1163 1164
1163 1243
1163 1244
1163 1245
1164 1165
1164 1244
1164 1245
1164 1246
1165 1166
1165 1245
1165 1246
1166 1167
1166 1246
1167 1247
1168 1169
1168 1247
1168 1248
1168 1249
1169 1170
1169 1248
1169 1249
1169 1250
1170 1171
1170 1249
1170 1250
1170 1251
1171 1172
1171 1250
1171 1251
1171 1252
1172 1173
1172 1251
1172 1252
1172 1253
1173 1174
1173 1252
1173 1253
1173 1254
1174 1253
1174 1254
1174 1255
1175 1255
1175 1256
1176 1257
1176 1258
1176 1259
1177 1259
1177 1260
1177 1261
1178 1179
1178 1261
1178 1262
1179 1180
1179 1262
1179 1263
1180 1262
1180 1263
1181 1182
1181 1264
1181 1265
1182 1183
1182 1264
1182 1265
1182 1266
1183 1184
1183 1265
1183 1266
1183 1267
1184 1185
1184 1266
1184 1267
1184 1268
1185 1267
1185 1268
1185 1269
1186 1269
1186 1270
1186 1271
1187 1188
1187 1271
1187 1272
1187 1273
1188 1189
1188 1272
1188 1273
1188 1274
1189 1190
1189 1273
1189 1274
1190 1191
1190 1274
1190 1275
1191 1192
1191 1275
1192 1193
1192 1275
1192 1276
1193 1194
1193 1276
1193 1277
1194 1276
1194 1277
1195 1196
1195 1278
1195 1279
1196 1197
1196 1279
1196 1280
1197 1198
1197 1280
1197 1281
1198 1280
1198 1281
1198 1282
1199 1200
1199 1282
1199 1283
1199 1284
1200 1201
1200 1283
1200 1284
1200 1285
1201 1202
1201 1284
1201 1285
1201 1286
1202 1203
1202 1285
1202 1286
1202 1287
1203 1204
1203 1286
1203 1287
1203 1288
1204 1205
1204 1287
1204 1288
1205 1206
1205 1288
1205 1289
1206 1289
1207 1208
1207 1291
1207 1292
1208 1209
1208 1291
1208 1292
1208 1293
1209 1210
1209 1292
1209 1293
1209 1294
1210 1211
1210 1293
1210 1294
1210 1295
1211 1212
1211 1294
1211 1295
1211 1296
1212 1213
1212 1295
1212 1296
1212 1297
1213 1214
1213 1296
1213 1297
1213 1298
1214 1215
1214 1297
1214 1298
1214 1299
1215 1216
1215 1298
1215 1299
1216 1217
1216 1299
1216 1300
1217 1218
1217 1300
1218 1219
1218 1300
1218 1301
1219 1220
1219 1301
1219 1302
1220 1221
1220 1301
1220 1302
1220 1303
1221 1222
1221 1302
1221 1303
1221 1304
1222 1223
1222 1303
1222 1304
1222 1305
1223 1224
1223 1304
1223 1305
1224 1225
1224 1305
1224 1306
1225 1226
1225 1306
1226 1227
1226 1306
1227 1228
1227 1307
1228 1229
1228 1307
1228 1308
1229 1307
1229 1308
1229 1309
1230 1231
1230 1309
1230 1310
1230 1311
1231 1232
1231 1310
1231 1311
1232 1311
1232 1312
1233 1234
1233 1312
1233 1313
1233 1314
1234 1235
1234 1313
1234 1314
1235 1236
1235 1314
1236 1237
1236 1315
1237 1238
1237 1315
1237 1316
1238 1239
1238 1315
1238 1316
1238 1317
1239 1240
1239 1316
1239 1317
1240 1241
1240 1317
1240 1318
1241 1318
1241 1319
1242 1319
1242 1320
1242 1321
1243 1244
1243 1321
1243 1322
1243 1323
1244 1245
1244 1322
1244 1323
1244 1324
1245 1246
1245 1323
1245 1324
1245 1325
1246 1324
1246 1325
1246 1326
1247 1248
1247 1327
1247 1328
1247 1329
1248 1249
1248 1328
1248 1329
1248 1330
1249 1250
1249 1329
1249 1330
1249 1331
1250 1251
1250 1330
1250 1331
1251 1252
1251 1331
1251 1332
1252 1253
1252 1332
1252 1333
1253 1254
1253 1332
1253 1333
1253 1334
1254 1255
1254 1333
1254 1334
1254 1335
1255 1256
1255 1334
1255 1335
1255 1336
1256 1335
1256 1336
1256 1337
1257 1258
1257 1337
1257 1338
1257 1339
1258 1259
1258 1338
1258 1339
1258 1340
1259 1260
1259 1339
1259 1340
1259 1341
1260 1261
1260 1340
1260 1341
1260 1342
1261 1341
1261 1342
1261 1343
1262 1263
1262 1343
1262 1344
1263 1344
1263 1345
1264 1265
1264 1346
1264 1347
1265 1266
1265 1346
1265 1347
1266 1267
1266 1347
1266 1348
1267 1268
1267 1348
1267 1349
1268 1269
1268 1348
1268 1349
1268 1350
1269 1270
1269 1349
1269 1350
1269 1351
1270 1271
1270 1350
1270 1351
1270 1352
1271 1272
1271 1351
1271 1352
1272 1273
1272 1352
1272 1353
1273 1274
1273 1353
1273 1354
1274 1353
1274 1354
1274 1355
1275 1355
1275 1356
1276 1277
1276 1357
1276 1358
1277 1357
1277 1358
1277 1359
1278 1279
1278 1359
1278 1360
1279 1360
1279 1361
1280 1281
1280 1361
1280 1362
1280 1363
1281 1282
1281 1362
1281 1363
1282 1283
1282 1363
1282 1364
1283 1284
1283 1364
1283 1365
1284 1285
1284 1364
1284 1365
1284 1366
1285 1286
1285 1365
1285 1366
1286 1287
1286 1366
1286 1367
1287 1288
1287 1367
1287 1368
1288 1367
1288 1368
1288 1369
1289 1369
1289 1370
1289 1371
1290 1371
1290 1372
1291 1292
1291 1373
1291 1374
1292 1293
1292 1373
1292 1374
1292 1375
1293 1294
1293 1374
1293 1375
1293 1376
1294 1295
1294 1375
1294 1376
1294 1377
1295 1296
1295 1376
1295 1377
1295 1378
1296 1297
1296 1377
1296 1378
1296 1379
1297 1298
1297 1378
1297 1379
1298 1299
1298 1379
1298 1380
1299 1380
1299 1381
1300 1381
1300 1382
1300 1383
1301 1302
1301 1383
1301 1384
1302 1303
1302 1384
1302 1385
1303 1304
1303 1385
1303 1386
1304 1305
1304 1385
1304 1386
1304 1387
1305 1386
1305 1387
1305 1388
1306 1388
1306 1389
1306 1390
1307 1308
1307 1391
1308 1309
1308 1392
1309 1310
1309 1392
1309 1393
1310 1311
1310 1392
1310 1393
1310 1394
1311 1393
1311 1394
1311 1395
1312 1313
1312 1395
1312 1396
1313 1314
1313 1396
1313 1397
1314 1396
1314 1397
1314 1398
1315 1316
1315 1399
1315 1400
1316 1317
1316 1399
1316 1400
1316 1401
1317 1400
1317 1401
1317 1402
1318 1319
1318 1402
1318 1403
1319 1320
1319 1403
1319 1404
1320 1321
1320 1403
1320 1404
1320 1405
1321 1322
1321 1404
1321 1405
1321 1406
1322 1323
1322 1405
1322 1406
1322 1407
1323 1324
1323 1406
1323 1407
1323 1408
1324 1325
1324 1407
1324 1408
1324 1409
1325 1326
1325 1408
1325 1409
1326 1327
1326 1409
1326 1410
1327 1328
1327 1410
1328 1329
1328 1410
1328 1411
1329 1330
1329 1411
1329 1412
1330 1331
1330 1411
1330 1412
1330 1413
1331 1412
1331 1413
1331 1414
1332 1333
1332 1414
1332 1415
1332 1416
1333 1334
1333 1415
1333 1416
1334 1335
1334 1416
1334 1417
1335 1336
1335 1417
1335 1418
1336 1337
1336 1417
1336 1418
1336 1419
1337 1338
1337 1418
1337 1419
1337 1420
1338 1339
1338 1419
1338 1420
1339 1340
1339 1420
1339 1421
1340 1341
1340 1421
1340 1422
1341 1342
1341 1421
1341 1422
1341 1423
1342 1343
1342 1422
1342 1423
1342 1424
1343 1344
1343 1423
1343 1424
1343 1425
1344 1424
1344 1425
1344 1426
1345 1426
1345 1427
1345 1428
1346 1347
1346 1428
1346 1429
1346 1430
1347 1429
1347 1430
1347 1431
1348 1349
1348 1431
1348 1432
1348 1433
1349 1350
1349 1432
1349 1433
1349 1434
1350 1351
1350 1433
1350 1434
1350 1435
1351 1352
1351 1434
1351 1435
1351 1436
1352 1435
1352 1436
1353 1354
1353 1437
1353 1438
1354 1355
1354 1437
1354 1438
1354 1439
1355 1356
1355 1438
1355 1439
1355 1440
1356 1439
1356 1440
1356 1441
1357 1358
1357 1441
1357 1442
1357 1443
1358 1359
1358 1442
1358 1443
1358 1444
1359 1443
1359 1444
1359 1445
1360 1361
1360 1445
1360 1446
1360 1447
1361 1362
1361 1446
1361 1447
1362 1363
1362 1447
1362 1448
1363 1448
1363 1449
1364 1365
1364 1449
1364 1450
1365 1366
1365 1450
1365 1451
1366 1450
1366 1451
1366 1452
1367 1368
1367 1452
1367 1453
1367 1454
1368 1369
1368 1453
1368 1454
1368 1455
1369 1370
1369 1454
1369 1455
1370 1371
1370 1455
1370 1456
1371 1372
1371 1456
1371 1457
1372 1456
1372 1457
1373 1374
1373 1458
1373 1459
1374 1375
1374 1458
1374 1459
1374 1460
1375 1376
1375 1459
1375 1460
1375 1461
1376 1377
1376 1460
1376 1461
1376 1462
1377 1378
1377 1461
1377 1462
1377 1463
1378 1379
1378 1462
1378 1463
1379 1463
1379 1464
1380 1381
1380 1464
1380 1465
1381 1382
1381 1465
1382 1383
1382 1465
1383 1384
1383 1466
1384 1466
1384 1467
1385 1386
1385 1467
1385 1468
1385 1469
1386 1387
1386 1468
1386 1469
1386 1470
1387 1388
1387 1469
1387 1470
1388 1389
1388 1470
1388 1471
1389 1390
1389 1471
1390 1391
1390 1471
1390 1472
1391 1472
1391 1473
1392 1393
1392 1474
1392 1475
1392 1476
1393 1394
1393 1475
1393 1476
1393 1477
1394 1395
1394 1476
1394 1477
1394 1478
1395 1477
1395 1478
1395 1479
1396 1397
1396 1479
1396 1480
1397 1398
1397 1480
1397 1481
1398 1480
1398 1481
1398 1482
1399 1400
1399 1482
1399 1483
1400 1401
1400 1483
1400 1484
1401 1402
1401 1483
1401 1484
1402 1484
1402 1485
1403 1404
1403 1485
1403 1486
1403 1487
1404 1405
1404 1486
1404 1487
1404 1488
1405 1406
1405 1487
1405 1488
1405 1489
1406 1407
1406 1488
1406 1489
1407 1408
1407 1489
1407 1490
1408 1409
1408 1490
1408 1491
1409 1490
1409 1491
1409 1492
1410 1492
1410 1493
1410 1494
1411 1412
1411 1494
1411 1495
1412 1413
1412 1495
1412 1496
1413 1414
1413 1495
1413 1496
1413 1497
1414 1415
1414 1496
1414 1497
1414 1498
1415 1416
1415 1497
1415 1498
1415 1499
1416 1498
1416 1499
1416 1500
1417 1418
1417 1500
1417 1501
1417 1502
1418 1419
1418 1501
1418 1502
1419 1420
1419 1502
1419 1503
1420 1503
1420 1504
1421 1422
1421 1504
1421 1505
1421 1506
1422 1423
1422 1505
1422 1506
1423 1424
1423 1506
1423 1507
1424 1425
1424 1507
1425 1426
1425 1507
1425 1508
1426 1427
1426 1508
1426 1509
1427 1428
1427 1508
1427 1509
1427 1510
1428 1429
1428 1509
1428 1510
1428 1511
1429 1430
1429 1510
1429 1511
1429 1512
1430 1431
1430 1511
1430 1512
1430 1513
1431 1432
1431 1512
1431 1513
1431 1514
1432 1433
1432 1513
1432 1514
1432 1515
1433 1434
1433 1514
1433 1515
1433 1516
1434 1435
1434 1515
1434 1516
1434 1517
1435 1436
1435 1516
1435 1517
1436 1517
1436 1518
1437 1438
1437 1518
1437 1519
1437 1520
1438 1439
1438 1519
1438 1520
1438 1521
1439 1440
1439 1520
1439 1521
1439 1522
1440 1441
1440 1521
1440 1522
1440 1523
1441 1442
1441 1522
1441 1523
1441 1524
1442 1443
1442 1523
1442 1524
1442 1525
1443 1444
1443 1524
1443 1525
1443 1526
1444 1445
1444 1525
1444 1526
1444 1527
1445 1446
1445 1526
1445 1527
1445 1528
1446 1447
1446 1527
1446 1528
1446 1529
1447 1528
1447 1529
1447 1530
1448 1449
1448 1530
1448 1531
1448 1532
1449 1531
1449 1532
1450 1451
1450 1533
1450 1534
1451 1452
1451 1533
1451 1534
1451 1535
1452 1453
1452 1534
1452 1535
1452 1536
1453 1454
1453 1535
1453 1536
1453 1537
1454 1455
1454 1536
1454 1537
1454 1538
1455 1537
1455 1538
1455 1539
1456 1457
1456 1539
1456 1540
1456 1541
1457 1540
1457 1541
1458 1459
1458 1542
1458 1543
1459 1460
1459 1542
1459 1543
1459 1544
1460 1461
1460 1543
1460 1544
1460 1545
1461 1462
1461 1544
1461 1545
1462 1463
1462 1545
1462 1546
1463 1546
1463 1547
1464 1547
1464 1548
1464 1549
1465 1549
1465 1550
1465 1551
1466 1467
1466 1552
1466 1553
1466 1554
1467 1468
1467 1553
1467 1554
1467 1555
1468 1469
1468 1554
1468 1555
1468 1556
1469 1470
1469 1555
1469 1556
1470 1556
1470 1557
1471 1557
1471 1558
1471 1559
1472 1473
1472 1559
1472 1560
1473 1474
1473 1560
1473 1561
1474 1475
1474 1560
1474 1561
1475 1476
1475 1561
1476 1477
1476 1562
1477 1478
1477 1562
1478 1479
1478 1562
1478 1563
1479 1563
1479 1564
1480 1481
1480 1564
1480 1565
1480 1566
1481 1482
1481 1565
1481 1566
1482 1566
1482 1567
1483 1484
1483 1567
1483 1568
1483 1569
1484 1568
1484 1569
1484 1570
1485 1486
1485 1570
1486 1487
1486 1571
1487 1488
1487 1571
1488 1489
1488 1571
1488 1572
1489 1572
1489 1573
1490 1491
1490 1573
1490 1574
1490 1575
1491 1492
1491 1574
1491 1575
1491 1576
1492 1493
1492 1575
1492 1576
1492 1577
1493 1494
1493 1576
1493 1577
1493 1578
1494 1577
1494 1578
1494 1579
1495 1496
1495 1579
1495 1580
1495 1581
1496 1497
1496 1580
1496 1581
1496 1582
1497 1498
1497 1581
1497 1582
1497 1583
1498 1499
1498 1582
1498 1583
1498 1584
1499 1500
1499 1583
1499 1584
1499 1585
1500 1501
1500 1584
1500 1585
1500 1586
1501 1502
1501 1585
1501 1586
1501 1587
1502 1586
1502 1587
1502 1588
1503 1504
1503 1588
1503 1589
1503 1590
1504 1505
1504 1589
1504 1590
1504 1591
1505 1506
1505 1590
1505 1591
1506 1591
1506 1592
1507 1592
1507 1593
1507 1594
1508 1509
1508 1594
1508 1595
1508 1596
1509 1510
1509 1595
1509 1596
1509 1597
1510 1511
1510 1596
1510 1597
1510 1598
1511 1512
1511 1597
1511 1598
1511 1599
1512 1513
1512 1598
1512 1599
1512 1600
1513 1514
1513 1599
1513 1600
1514 1515
1514 1600
1514 1601
1515 1516
1515 1601
1515 1602
1516 1517
1516 1601
1516 1602
1517 1602
1517 1603
1518 1519
1518 1603
1518 1604
1519 1520
1519 1604
1520 1521
1520 1604
1520 1605
1521 1522
1521 1605
1521 1606
1522 1523
1522 1605
1522 1606
1522 1607
1523 1524
1523 1606
1523 1607
1523 1608
1524 1525
1524 1607
1524 1608
1525 1526
1525 1608
1525 1609
1526 1527
1526 1609
1526 1610
1527 1528
1527 1609
1527 1610
1527 1611
1528 1529
1528 1610
1528 1611
1528 1612
1529 1530
1529 1611
1529 1612
1529 1613
1530 1531
1530 1612
1530 1613
1530 1614
1531 1532
1531 1613
1531 1614
1531 1615
1532 1614
1532 1615
1532 1616
1533 1534
1533 1616
1533 1617
1534 1535
1534 1617
1534 1618
1535 1536
1535 1618
1535 1619
1536 1537
1536 1618
1536 1619
1536 1620
1537 1538
1537 1619
1537 1620
1537 1621
1538 1539
1538 1620
1538 1621
1538 1622
1539 1540
1539 1621
1539 1622
1539 1623
1540 1541
1540 1622
1540 1623
1540 1624
1541 1623
1541 1624
1542 1543
1542 1625
1543 1544
1543 1625
1543 1626
1544 1545
1544 1626
1544 1627
1545 1626
1545 1627
1545 1628
1546 1547
1546 1628
1546 1629
1547 1548
1547 1629
1548 1549
1549 1550
1550 1551
1550 1630
1551 1552
1551 1630
1551 1631
1552 1553
1552 1630
1552 1631
1552 1632
1553 1554
1553 1631
1553 1632
1553 1633
1554 1555
1554 1632
1554 1633
1554 1634
1555 1556
1555 1633
1555 1634
1555 1635
1556 1634
1556 1635
1556 1636
1557 1558
1557 1636
1557 1637
1558 1559
1558 1637
1559 1637
1559 1638
1560 1561
1560 1638
1560 1639
1560 1640
1561 1639
1561 1640
1561 1641
1562 1642
1562 1643
1563 1564
1563 1643
1563 1644
1563 1645
1564 1565
1564 1644
1564 1645
1564 1646
1565 1566
1565 1645
1565 1646
1565 1647
1566 1646
1566 1647
1566 1648
1567 1568
1567 1648
1567 1649
1567 1650
1568 1569
1568 1649
1568 1650
1568 1651
1569 1570
1569 1650
1569 1651
1570 1651
1570 1652
1571 1653
1571 1654
1571 1655
1572 1573
1572 1655
1572 1656
1572 1657
1573 1574
1573 1656
1573 1657
1573 1658
1574 1575
1574 1657
1574 1658
1574 1659
1575 1576
1575 1658
1575 1659
1575 1660
1576 1577
1576 1659
1576 1660
1577 1578
1577 1660
1577 1661
1578 1579
1578 1661
1578 1662
1579 1580
1579 1661
1579 1662
1579 1663
1580 1581
1580 1662
1580 1663
1580 1664
1581 1582
1581 1663
1581 1664
1582 1583
1582 1664
1582 1665
1583 1584
1583 1665
1583 1666
1584 1585
1584 1665
1584 1666
1584 1667
1585 1586
1585 1666
1585 1667
1585 1668
1586 1587
1586 1667
1586 1668
1586 1669
1587 1588
1587 1668
1587 1669
1587 1670
1588 1589
1588 1669
1588 1670
1588 1671
1589 1590
1589 1670
1589 1671
1589 1672
1590 1591
1590 1671
1590 1672
1590 1673
1591 1672
1591 1673
1591 1674
1592 1593
1592 1674
1592 1675
1592 1676
1593 1594
1593 1675
1593 1676
1593 1677
1594 1595
1594 1676
1594 1677
1594 1678
1595 1596
1595 1677
1595 1678
1596 1597
1596 1678
1596 1679
1597 1598
1597 1679
1597 1680
1598 1599
1598 1679
1598 1680
1598 1681
1599 1600
1599 1680
1599 1681
1599 1682
1600 1681
1600 1682
1600 1683
1601 1602
1601 1683
1601 1684
1601 1685
1602 1684
1602 1685
1602 1686
1603 1686
1603 1687
1603 1688
1604 1688
1604 1689
1604 1690
1605 1606
1605 1690
1605 1691
1606 1607
1606 1691
1606 1692
1607 1608
1607 1691
1607 1692
1607 1693
1608 1692
1608 1693
1608 1694
1609 1610
1609 1694
1609 1695
1609 1696
1610 1611
1610 1695
1610 1696
1610 1697
1611 1612
1611 1696
1611 1697
1611 1698
1612 1613
1612 1697
1612 1698
1612 1699
1613 1614
1613 1698
1613 1699
1613 1700
1614 1615
1614 1699
1614 1700
1614 1701
1615 1616
1615 1700
1615 1701
1615 1702
1616 1617
1616 1701
1616 1702
1616 1703
1617 1702
1617 1703
1617 1704
1618 1619
1618 1704
1618 1705
1618 1706
1619 1620
1619 1705
1619 1706
1619 1707
1620 1621
1620 1706
1620 1707
1620 1708
1621 1622
1621 1707
1621 1708
1621 1709
1622 1623
1622 1708
1622 1709
1622 1710
1623 1624
1623 1709
1623 1710
1623 1711
1624 1710
1624 1711
1625 1712
1625 1713
1626 1627
1626 1713
1626 1714
1626 1715
1627 1628
1627 1714
1627 1715
1627 1716
1628 1629
1628 1715
1628 1716
1628 1717
1629 1716
1629 1717
1629 1718
1630 1631
1630 1721
1631 1632
1631 1721
1631 1722
1632 1633
1632 1721
1632 1722
1633 1634
1633 1722
1634 1635
1634 1723
1635 1636
1635 1723
1636 1723
1637 1724
1637 1725
1638 1639
1638 1725
1638 1726
1638 1727
1639 1640
1639 1726
1639 1727
1639 1728
1640 1641
1640 1727
1640 1728
1640 1729
1641 1642
1641 1728
1641 1729
1641 1730
1642 1729
1642 1730
1642 1731
1643 1644
1643 1731
1643 1732
1644 1645
1644 1732
1644 1733
1645 1646
1645 1732
1645 1733
1645 1734
1646 1647
1646 1733
1646 1734
1646 1735
1647 1648
1647 1734
1647 1735
1647 1736
1648 1649
1648 1735
1648 1736
1648 1737
1649 1650
1649 1736
1649 1737
1650 1651
1650 1737
1650 1738
1651 1738
1651 1739
1652 1653
1652 1739
1652 1740
1652 1741
1653 1654
1653 1740
1653 1741
1653 1742
1654 1655
1654 1741
1654 1742
1654 1743
1655 1656
1655 1742
1655 1743
1655 1744
1656 1657
1656 1743
1656 1744
1657 1658
1657 1744
1658 1659
1658 1745
1659 1660
1659 1745
1659 1746
1660 1745
1660 1746
1660 1747
1661 1662
1661 1747
1661 1748
1661 1749
1662 1663
1662 1748
1662 1749
1662 1750
1663 1664
1663 1749
1663 1750
1663 1751
1664 1750
1664 1751
1664 1752
1665 1666
1665 1752
1665 1753
1665 1754
1666 1667
1666 1753
1666 1754
1666 1755
1667 1668
1667 1754
1667 1755
1667 1756
1668 1669
1668 1755
1668 1756
1669 1670
1669 1756
1670 1671
1670 1757
1671 1672
1671 1757
1671 1758
1672 1673
1672 1757
1672 1758
1672 1759
1673 1674
1673 1758
1673 1759
1674 1675
1674 1759
1674 1760
1675 1676
1675 1760
1675 1761
1676 1677
1676 1760
1676 1761
1676 1762
1677 1678
1677 1761
1677 1762
1677 1763
1678 1762
1678 1763
1679 1680
1679 1764
1679 1765
1680 1681
1680 1764
1680 1765
1680 1766
1681 1682
1681 1765
1681 1766
1681 1767
1682 1683
1682 1766
1682 1767
1682 1768
1683 1684
1683 1767
1683 1768
1683 1769
1684 1685
1684 1768
1684 1769
1684 1770
1685 1686
1685 1769
1685 1770
1686 1687
1686 1770
1686 1771
1687 1688
1687 1771
1687 1772
1688 1689
1688 1771
1688 1772
1689 1690
1689 1772
1689 1773
1690 1773
1690 1774
1691 1692
1691 1774
1692 1693
1692 1775
1693 1694
1693 1775
1694 1695
1694 1775
1694 1776
1695 1696
1695 1776
1695 1777
1696 1697
1696 1776
1696 1777
1696 1778
1697 1698
1697 1777
1697 1778
1697 1779
1698 1699
1698 1778
1698 1779
1699 1700
1699 1779
1699 1780
1700 1701
1700 1780
1700 1781
1701 1702
1701 1780
1701 1781
1701 1782
1702 1703
1702 1781
1702 1782
1702 1783
1703 1704
1703 1782
1703 1783
1703 1784
1704 1705
1704 1783
1704 1784
1704 1785
1705 1706
1705 1784
1705 1785
1705 1786
1706 1707
1706 1785
1706 1786
1706 1787
1707 1708
1707 1786
1707 1787
1707 1788
1708 1709
1708 1787
1708 1788
1708 1789
1709 1710
1709 1788
1709 1789
1710 1711
1710 1789
1712 1713
1712 1790
1712 1791
1713 1714
1713 1790
1713 1791
1713 1792
1714 1715
1714 1791
1714 1792
1714 1793
1715 1716
1715 1792
1715 1793
1715 1794
1716 1717
1716 1793
1716 1794
1716 1795
1717 1718
1717 1794
1717 1795
1717 1796
1718 1719
1718 1795
1718 1796
1718 1797
1719 1720
1719 1796
1719 1797
1719 1798
1720 1797
1720 1798
1720 1799
1721 1722
1721 1800
1721 1801
1721 1802
1722 1801
1722 1802
1723 1803
1723 1804
1723 1805
1724 1725
1724 1806
1724 1807
1725 1726
1725 1807
1725 1808
1726 1727
1726 1808
1727 1728
1727 1808
1728 1729
1728 1809
1729 1730
1729 1809
1730 1731
1730 1809
1732 1733
1732 1810
1732 1811
1733 1734
1733 1810
1733 1811
1733 1812
1734 1735
1734 1811
1734 1812
1734 1813
1735 1736
1735 1812
1735 1813
1735 1814
1736 1737
1736 1813
1736 1814
1737 1814
1737 1815
1738 1739
1738 1815
1738 1816
1738 1817
1739 1740
1739 1816
1739 1817
1739 1818
1740 1741
1740 1817
1740 1818
1740 1819
1741 1742
1741 1818
1741 1819
1741 1820
1742 1743
1742 1819
1742 1820
1742 1821
1743 1744
1743 1820
1743 1821
1743 1822
1744 1821
1744 1822
1744 1823
1745 1746
1745 1824
1745 1825
1745 1826
1746 1747
1746 1825
1746 1826
1746 1827
1747 1748
1747 1826
1747 1827
1747 1828
1748 1749
1748 1827
1748 1828
1748 1829
1749 1750
1749 1828
1749 1829
1749 1830
1750 1751
1750 1829
1750 1830
1750 1831
1751 1752
1751 1830
1751 1831
1752 1753
1752 1831
1752 1832
1753 1754
1753 1832
1753 1833
1754 1755
1754 1832
1754 1833
1754 1834
1755 1756
1755 1833
1755 1834
1755 1835
1756 1834
1756 1835
1756 1836
1757 1758
1757 1837
1757 1838
1757 1839
1758 1759
1758 1838
1758 1839
1759 1839
1760 1761
1760 1840
1760 1841
1761 1762
1761 1840
1761 1841
1761 1842
1762 1763
1762 1841
1762 1842
1762 1843
1763 1842
1763 1843
1763 1844
1764 1765
1764 1844
1764 1845
1764 1846
1765 1766
1765 1845
1765 1846
1765 1847
1766 1767
1766 1846
1766 1847
1766 1848
1767 1768
1767 1847
1767 1848
1767 1849
1768 1769
1768 1848
1768 1849
1768 1850
1769 1770
1769 1849
1769 1850
1769 1851
1770 1850
1770 1851
1770 1852
1771 1772
1771 1852
1771 1853
1771 1854
1772 1853
1772 1854
1772 1855
1773 1774
1773 1855
1773 1856
1774 1856
1774 1857
1775 1858
1775 1859
1775 1860
1776 1777
1776 1860
1776 1861
1776 1862
1777 1778
1777 1861
1777 1862
1777 1863
1778 1779
1778 1862
1778 1863
1778 1864
1779 1863
1779 1864
1779 1865
1780 1781
1780 1865
1780 1866
1780 1867
1781 1782
1781 1866
1781 1867
1781 1868
1782 1783
1782 1867
1782 1868
1782 1869
1783 1784
1783 1868
1783 1869
1784 1785
1784 1869
1784 1870
1785 1786
1785 1870
1785 1871
1786 1787
1786 1870
1786 1871
1786 1872
1787 1788
1787 1871
1787 1872
1787 1873
1788 1789
1788 1872
1788 1873
1788 1874
1789 1873
1789 1874
1789 1875
1790 1791
1790 1877
1790 1878
1791 1792
1791 1877
1791 1878
1791 1879
1792 1793
1792 1878
1792 1879
1792 1880
1793 1794
1793 1879
1793 1880
1793 1881
1794 1795
1794 1880
1794 1881
1794 1882
1795 1796
1795 1881
1795 1882
1795 1883
1796 1797
1796 1882
1796 1883
1796 1884
1797 1798
1797 1883
1797 1884
1797 1885
1798 1799
1798 1884
1798 1885
1798 1886
1799 1800
1799 1885
1799 1886
1799 1887
1800 1801
1800 1886
1800 1887
1800 1888
1801 1802
1801 1887
1801 1888
1802 1888
1803 1804
1803 1889
1803 1890
1804 1805
1804 1889
1804 1890
1804 1891
1805 1806
1805 1890
1805 1891
1806 1807
1806 1891
1806 1892
1807 1892
1807 1893
1808 1893
1808 1894
1809 1895
1809 1896
1809 1897
1810 1811
1810 1899
1810 1900
1811 1812
1811 1900
1811 1901
1812 1813
1812 1900
1812 1901
1813 1814
1813 1901
1813 1902
1814 1902
1814 1903
1815 1816
1815 1903
1815 1904
1815 1905
1816 1817
1816 1904
1816 1905
1816 1906
1817 1818
1817 1905
1817 1906
1818 1819
1818 1906
1818 1907
1819 1820
1819 1907
1819 1908
1820 1821
1820 1907
1820 1908
1820 1909
1821 1822
1821 1908
1821 1909
1821 1910
1822 1823
1822 1909
1822 1910
1822 1911
1823 1824
1823 1910
1823 1911
1823 1912
1824 1825
1824 1911
1824 1912
1824 1913
1825 1826
1825 1912
1825 1913
1826 1827
1826 1913
1826 1914
1827 1828
1827 1914
1827 1915
1828 1829
1828 1914
1828 1915
1828 1916
1829 1830
1829 1915
1829 1916
1829 1917
1830 1831
1830 1916
1830 1917
1830 1918
1831 1917
1831 1918
1831 1919
1832 1833
1832 1919
1832 1920
1832 1921
1833 1834
1833 1920
1833 1921
1834 1835
1834 1921
1834 1922
1835 1836
1835 1922
1835 1923
1836 1837
1836 1922
1836 1923
1836 1924
1837 1838
1837 1923
1837 1924
1837 1925
1838 1839
1838 1924
1838 1925
1838 1926
1839 1925
1839 1926
1839 1927
1840 1841
1840 1928
1840 1929
1841 1842
1841 1929
1842 1843
1842 1929
1843 1844
1843 1930
1844 1845
1844 1930
1844 1931
1845 1846
1845 1930
1845 1931
1845 1932
1846 1847
1846 1931
1846 1932
1846 1933
1847 1848
1847 1932
1847 1933
1847 1934
1848 1849
1848 1933
1848 1934
1848 1935
1849 1850
1849 1934
1849 1935
1849 1936
1850 1851
1850 1935
1850 1936
1850 1937
1851 1852
1851 1936
1851 1937
1851 1938
1852 1853
1852 1937
1852 1938
1853 1854
1853 1938
1853 1939
1854 1855
1854 1939
1854 1940
1855 1939
1855 1940
1855 1941
1856 1857
1856 1941
1856 1942
1857 1858
1857 1942
1858 1859
1859 1860
1859 1943
1860 1861
1860 1943
1861 1862
1861 1943
1862 1863
1863 1864
1863 1944
1864 1865
1864 1944
1864 1945
1865 1866
1865 1944
1865 1945
1866 1867
1866 1945
1867 1868
1867 1946
1868 1869
1868 1946
1868 1947
1869 1946
1869 1947
1869 1948
1870 1871
1870 1948
1870 1949
1871 1872
1871 1949
1871 1950
1872 1873
1872 1950
1873 1874
1873 1950
1873 1951
1874 1875
1874 1951
1874 1952
1875 1876
1875 1951
1875 1952
1875 1953
1876 1952
1876 1953
1877 1878
1878 1879
1878 1954
1879 1880
1879 1954
1880 1881
1880 1954
1880 1955
1881 1882
1881 1955
1881 1956
1882 1883
1882 1955
1882 1956
1882 1957
1883 1884
1883 1956
1883 1957
1883 1958
1884 1885
1884 1957
1884 1958
1885 1886
1885 1958
1885 1959
1886 1887
1886 1959
1886 1960
1887 1888
1887 1959
1887 1960
1888 1960
1888 1961
1889 1890
1889 1962
1889 1963
1889 1964
1890 1891
1890 1963
1890 1964
1890 1965
1891 1964
1891 1965
1891 1966
1892 1893
1892 1966
1892 1967
1893 1894
1893 1967
1893 1968
1894 1968
1894 1969
1895 1896
1895 1969
1895 1970
1896 1897
1896 1970
1897 1898
1897 1971
1898 1899
1898 1971
1898 1972
1899 1971
1899 1972
1899 1973
1900 1901
1900 1973
1900 1974
1900 1975
1901 1974
1901 1975
1901 1976
1902 1903
1902 1976
1902 1977
1902 1978
1903 1904
1903 1977
1903 1978
1903 1979
1904 1905
1904 1978
1904 1979
1904 1980
1905 1906
1905 1979
1905 1980
1906 1980
1906 1981
1907 1908
1907 1981
1907 1982
1907 1983
1908 1909
1908 1982
1908 1983
1908 1984
1909 1910
1909 1983
1909 1984
1909 1985
1910 1911
1910 1984
1910 1985
1910 1986
1911 1912
1911 1985
1911 1986
1911 1987
1912 1913
1912 1986
1912 1987
1912 1988
1913 1987
1913 1988
1913 1989
1914 1915
1914 1989
1914 1990
1914 1991
1915 1916
1915 1990
1915 1991
1915 1992
1916 1917
1916 1991
1916 1992
1916 1993
1917 1918
1917 1992
1917 1993
1917 1994
1918 1919
1918 1993
1918 1994
1918 1995
1919 1920
1919 1994
1919 1995
1919 1996
1920 1921
1920 1995
1920 1996
1920 1997
1921 1996
1921 1997
1921 1998
1922 1923
1922 1998
1922 1999
1923 1924
1923 1999
1923 2000
1924 1925
1924 1999
1924 2000
1924 2001
1925 1926
1925 2000
1925 2001
1925 2002
1926 1927
1926 2001
1926 2002
1926 2003
1927 1928
1927 2002
1927 2003
1928 2003
1928 2004
1929 2004
1929 2005
1929 2006
1930 1931
1930 2007
1931 1932
1931 2007
1931 2008
1932 1933
1932 2008
1932 2009
1933 1934
1933 2008
1933 2009
1934 1935
1934 2009
1934 2010
1935 1936
1935 2010
1935 2011
1936 1937
1936 2010
1936 2011
1936 2012
1937 1938
1937 2011
1937 2012
1937 2013
1938 2012
1938 2013
1938 2014
1939 1940
1939 2014
1939 2015
1940 1941
1940 2015
1940 2016
1941 1942
1941 2015
1941 2016
1941 2017
1942 2016
1942 2017
1942 2018
1943 2020
1943 2021
1943 2022
1944 1945
1944 2024
1944 2025
1945 2024
1945 2025
1945 2026
1946 1947
1946 2027
1947 1948
1947 2028
1948 1949
1948 2028
1948 2029
1949 2028
1949 2029
1949 2030
1950 2030
1950 2031
1950 2032
1951 1952
1951 2032
1951 2033
1952 1953
1952 2033
1952 2034
1953 2033
1953 2034
1954 2035
1954 2036
1954 2037
1955 1956
1955 2037
1955 2038
1955 2039
1956 1957
1956 2038
1956 2039
1956 2040
1957 1958
1957 2039
1957 2040
1957 2041
1958 2040
1958 2041
1958 2042
1959 1960
1959 2042
1959 2043
1959 2044
1960 2043
1960 2044
1960 2045
1961 1962
1961 2045
1961 2046
1961 2047
1962 1963
1962 2046
1962 2047
1963 1964
1963 2047
1963 2048
1964 1965
1964 2048
1964 2049
1965 1966
1965 2048
1965 2049
1965 2050
1966 1967
1966 2049
1966 2050
1967 2050
1967 2051
1968 1969
1968 2051
1968 2052
1968 2053
1969 1970
1969 2052
1969 2053
1969 2054
1970 2053
1970 2054
1970 2055
1971 1972
1971 2056
1971 2057
1971 2058
1972 1973
1972 2057
1972 2058
1973 1974
1973 2058
1973 2059
1974 1975
1974 2059
1974 2060
1975 1976
1975 2059
1975 2060
1976 1977
1976 2060
1976 2061
1977 1978
1977 2061
1977 2062
1978 1979
1978 2061
1978 2062
1979 1980
1979 2062
1979 2063
1980 2063
1980 2064
1981 1982
1981 2064
1981 2065
1981 2066
1982 1983
1982 2065
1982 2066
1982 2067
1983 1984
1983 2066
1983 2067
1983 2068
1984 1985
1984 2067
1984 2068
1984 2069
1985 1986
1985 2068
1985 2069
1985 2070
1986 1987
1986 2069
1986 2070
1986 2071
1987 1988
1987 2070
1987 2071
1988 1989
1988 2071
1989 1990
1989 2072
1990 1991
1990 2072
1990 2073
1991 1992
1991 2072
1991 2073
1991 2074
1992 1993
1992 2073
1992 2074
1992 2075
1993 1994
1993 2074
1993 2075
1993 2076
1994 1995
1994 2075
1994 2076
1995 1996
1995 2076
1995 2077
1996 1997
1996 2077
1996 2078
1997 1998
1997 2077
1997 2078
1997 2079
1998 2078
1998 2079
1998 2080
1999 2000
1999 2080
1999 2081
1999 2082
2000 2001
2000 2081
2000 2082
2000 2083
2001 2002
2001 2082
2001 2083
2001 2084
2002 2003
2002 2083
2002 2084
2002 2085
2003 2084
2003 2085
2004 2005
2004 2086
2004 2087
2005 2006
2005 2086
2005 2087
2005 2088
2006 2087
2006 2088
2006 2089
2007 2089
2007 2090
2007 2091
2008 2009
2008 2091
2008 2092
2009 2092
2009 2093
2010 2011
2010 2093
2010 2094
2010 2095
2011 2012
2011 2094
2011 2095
2011 2096
2012 2013
2012 2095
2012 2096
2012 2097
2013 2014
2013 2096
2013 2097
2013 2098
2014 2097
2014 2098
2014 2099
2015 2016
2015 2099
2015 2100
2015 2101
2016 2017
2016 2100
2016 2101
2016 2102
2017 2018
2017 2101
2017 2102
2017 2103
2018 2019
2018 2102
2018 2103
2018 2104
2019 2020
2019 2103
2019 2104
2019 2105
2020 2021
2020 2104
2020 2105
2020 2106
2021 2022
2021 2105
2021 2106
2021 2107
2022 2023
2022 2106
2022 2107
2022 2108
2023 2107
2023 2108
2024 2025
2024 2109
2025 2026
2025 2109
2026 2027
2027 2110
2028 2029
2028 2111
2028 2112
2028 2113
2029 2030
2029 2112
2029 2113
2029 2114
2030 2031
2030 2113
2030 2114
2030 2115
2031 2032
2031 2114
2031 2115
2031 2116
2032 2115
2032 2116
2032 2117
2033 2034
2033 2117
2033 2118
2034 2118
2035 2036
2035 2119
2035 2120
2036 2037
2036 2120
2036 2121
2037 2038
2037 2121
2037 2122
2038 2039
2038 2121
2038 2122
2038 2123
2039 2040
2039 2122
2039 2123
2039 2124
2040 2041
2040 2123
2040 2124
2040 2125
2041 2042
2041 2124
2041 2125
2041 2126
2042 2043
2042 2125
2042 2126
2043 2044
2043 2126
2043 2127
2044 2045
2044 2127
2044 2128
2045 2046
2045 2127
2045 2128
2045 2129
2046 2047
2046 2128
2046 2129
2047 2129
2047 2130
2048 2049
2048 2130
2048 2131
2048 2132
2049 2050
2049 2131
2049 2132
2050 2132
2050 2133
2051 2052
2051 2133
2051 2134
2051 2135
2052 2053
2052 2134
2052 2135
2052 2136
2053 2054
2053 2135
2053 2136
2053 2137
2054 2055
2054 2136
2054 2137
2055 2056
2055 2137
2055 2138
2056 2057
2056 2138
2056 2139
2057 2058
2057 2138
2057 2139
2057 2140
2058 2139
2058 2140
2058 2141
2059 2060
2059 2141
2059 2142
2059 2143
2060 2142
2060 2143
2060 2144
2061 2062
2061 2144
2061 2145
2061 2146
2062 2145
2062 2146
2062 2147
2063 2064
2063 2147
2063 2148
2064 2065
2064 2148
2064 2149
2065 2066
2065 2149
2065 2150
2066 2067
2066 2149
2066 2150
2067 2068
2067 2150
2067 2151
2068 2069
2068 2151
2069 2070
2069 2151
2069 2152
2070 2071
2070 2152
2070 2153
2071 2152
2071 2153
2071 2154
2072 2073
2072 2155
2073 2074
2073 2156
2074 2075
2074 2156
2074 2157
2075 2076
2075 2156
2075 2157
2075 2158
2076 2157
2076 2158
2077 2078
2077 2159
2077 2160
2078 2079
2078 2159
2078 2160
2078 2161
2079 2080
2079 2160
2079 2161
2079 2162
2080 2081
2080 2161
2080 2162
2080 2163
2081 2082
2081 2162
2081 2163
2081 2164
2082 2083
2082 2163
2082 2164
2082 2165
2083 2084
2083 2164
2083 2165
2084 2085
2084 2165
2084 2166
2085 2166
2086 2087
2086 2167
2086 2168
2087 2088
2087 2167
2087 2168
2088 2089
2088 2168
2088 2169
2089 2090
2089 2169
2089 2170
2090 2091
2090 2169
2090 2170
2090 2171
2091 2170
2091 2171
2092 2093
2092 2172
2092 2173
2093 2094
2093 2172
2093 2173
2093 2174
2094 2095
2094 2173
2094 2174
2094 2175
2095 2096
2095 2174
2095 2175
2095 2176
2096 2097
2096 2175
2096 2176
2096 2177
2097 2098
2097 2176
2097 2177
2097 2178
2098 2099
2098 2177
2098 2178
2098 2179
2099 2100
2099 2178
2099 2179
2099 2180
2100 2101
2100 2179
2100 2180
2100 2181
2101 2102
2101 2180
2101 2181
2101 2182
2102 2103
2102 2181
2102 2182
2103 2104
2103 2182
2103 2183
2104 2105
2104 2183
2104 2184
2105 2106
2105 2183
2105 2184
2105 2185
2106 2107
2106 2184
2106 2185
2107 2108
2107 2185
2107 2186
2108 2186
2109 2187
2109 2188
2110 2111
2110 2190
2110 2191
2111 2112
2111 2191
2111 2192
2112 2113
2112 2192
2112 2193
2113 2114
2113 2192
2113 2193
2114 2115
2114 2193
2115 2116
2116 2117
2116 2194
2117 2118
2117 2194
2118 2194
2119 2120
2119 2195
2119 2196
2120 2195
2120 2196
2120 2197
2121 2122
2121 2197
2121 2198
2121 2199
2122 2123
2122 2198
2122 2199
2123 2124
2123 2199
2123 2200
2124 2125
2124 2200
2124 2201
2125 2126
2125 2200
2125 2201
2126 2201
2126 2202
2127 2128
2127 2202
2127 2203
2128 2129
2128 2203
2129 2204
2130 2131
2130 2204
2130 2205
2130 2206
2131 2132
2131 2205
2131 2206
2132 2206
2132 2207
2133 2134
2133 2207
2133 2208
2133 2209
2134 2135
2134 2208
2134 2209
2135 2136
2135 2209
2135 2210
2136 2137
2136 2210
2136 2211
2137 2210
2137 2211
2137 2212
2138 2139
2138 2212
2138 2213
2138 2214
2139 2140
2139 2213
2139 2214
2139 2215
2140 2141
2140 2214
2140 2215
2140 2216
2141 2142
2141 2215
2141 2216
2141 2217
2142 2143
2142 2216
2142 2217
2142 2218
2143 2144
2143 2217
2143 2218
2144 2145
2144 2218
2145 2146
2145 2219
2146 2147
2146 2219
2146 2220
2147 2148
2147 2219
2147 2220
2147 2221
2148 2220
2148 2221
2148 2222
2149 2150
2149 2222
2149 2223
2150 2223
2150 2224
2151 2224
2151 2225
2151 2226
2152 2153
2152 2226
2152 2227
2153 2154
2153 2227
2153 2228
2154 2155
2154 2227
2154 2228
2155 2228
2155 2229
2156 2157
2156 2230
2156 2231
2156 2232
2157 2158
2157 2231
2157 2232
2158 2232
2158 2233
2159 2160
2159 2233
2159 2234
2159 2235
2160 2161
2160 2234
2160 2235
2160 2236
2161 2162
2161 2235
2161 2236
2161 2237
2162 2163
2162 2236
2162 2237
2162 2238
2163 2164
2163 2237
2163 2238
2163 2239
2164 2165
2164 2238
2164 2239
2164 2240
2165 2239
2165 2240
2165 2241
2166 2241
2166 2242
2166 2243
2167 2168
2167 2243
2167 2244
2167 2245
2168 2244
2168 2245
2168 2246
2169 2170
2169 2246
2169 2247
2170 2171
2170 2247
2170 2248
2171 2248
2171 2249
2172 2173
2172 2249
2172 2250
2173 2174
2173 2250
2173 2251
2174 2175
2174 2251
2174 2252
2175 2176
2175 2251
2175 2252
2176 2177
2176 2252
2176 2253
2177 2178
2177 2253
2178 2179
2178 2253
2178 2254
2179 2180
2179 2254
2179 2255
2180 2181
2180 2254
2180 2255
2180 2256
2181 2182
2181 2255
2181 2256
2182 2256
2182 2257
2183 2184
2183 2257
2183 2258
2183 2259
2184 2185
2184 2258
2184 2259
2184 2260
2185 2259
2185 2260
2185 2261
2186 2261
2187 2188
2187 2262
2187 2263
2188 2189
2188 2262
2188 2263
2188 2264
2189 2190
2189 2263
2189 2264
2189 2265
2190 2191
2190 2264
2190 2265
2191 2265
2191 2266
2192 2193
2192 2266
2192 2267
2192 2268
2193 2267
2193 2268
2193 2269
2194 2271
2194 2272
2195 2196
2195 2274
2195 2275
2196 2197
2196 2274
2196 2275
2197 2198
2197 2275
2197 2276
2198 2199
2198 2276
2199 2276
2199 2277
2200 2201
2200 2277
2200 2278
2201 2278
2201 2279
2202 2203
2202 2279
2204 2205
2204 2280
2205 2206
2205 2281
2206 2281
2206 2282
2207 2208
2207 2282
2207 2283
2207 2284
2208 2209
2208 2283
2208 2284
2209 2284
2209 2285
2210 2211
2210 2285
2210 2286
2211 2212
2211 2286
2211 2287
2212 2213
2212 2286
2212 2287
2212 2288
2213 2214
2213 2287
2213 2288
2213 2289
2214 2215
2214 2288
2214 2289
2214 2290
2215 2216
2215 2289
2215 2290
2215 2291
2216 2217
2216 2290
2216 2291
2217 2218
2217 2291
2217 2292
2218 2292
2218 2293
2219 2220
2219 2294
2219 2295
2220 2221
2220 2294
2220 2295
2220 2296
2221 2222
2221 2295
2221 2296
2221 2297
2222 2296
2222 2297
2223 2224
2223 2298
2224 2225
2224 2298
2225 2226
2225 2298
2225 2299
2226 2299
2227 2228
2227 2300
2228 2300
2229 2230
2229 2301
2230 2231
2230 2301
2230 2302
2231 2232
2231 2301
2231 2302
2232 2302
2232 2303
2233 2234
2233 2303
2234 2235
2235 2236
2235 2304
2236 2237
2236 2304
2237 2238
2237 2304
2237 2305
2238 2239
2238 2305
2239 2240
2239 2305
2239 2306
2240 2241
2240 2306
2240 2307
2241 2242
2241 2306
2241 2307
2241 2308
2242 2243
2242 2307
2242 2308
2243 2244
2243 2308
2243 2309
2244 2245
2244 2309
2244 2310
2245 2246
2245 2309
2245 2310
2246 2247
2246 2310
2246 2311
2247 2311
2247 2312
2248 2249
2248 2312
2248 2313
2249 2250
2249 2313
2249 2314
2250 2313
2250 2314
2250 2315
2251 2252
2251 2315
2251 2316
2252 2316
2252 2317
2253 2317
2253 2318
2254 2255
2254 2319
2255 2256
2255 2319
2256 2319
2256 2320
2257 2258
2257 2320
2257 2321
2257 2322
2258 2259
2258 2321
2258 2322
2258 2323
2259 2260
2259 2322
2259 2323
2259 2324
2260 2261
2260 2323
2260 2324
2260 2325
2261 2324
2261 2325
2262 2263
2262 2326
2262 2327
2263 2264
2263 2327
2263 2328
2264 2265
2264 2328
2265 2328
2265 2329
2266 2267
2266 2329
2267 2268
2267 2330
2268 2269
2268 2330
2268 2331
2269 2270
2269 2330
2269 2331
2269 2332
2270 2271
2270 2331
2270 2332
2270 2333
2271 2272
2271 2332
2271 2333
2271 2334
2272 2333
2272 2334
2272 2335
2273 2335
2274 2275
2274 2336
2274 2337
2275 2336
2275 2337
2275 2338
2276 2338
2276 2339
2276 2340
2277 2278
2277 2340
2277 2341
2277 2342
2278 2341
2278 2342
2278 2343
2279 2343
2279 2344
2279 2345
2280 2347
2280 2348
2280 2349
2281 2282
2281 2350
2281 2351
2282 2283
2282 2351
2282 2352
2283 2284
2283 2351
2283 2352
2283 2353
2284 2352
2284 2353
2284 2354
2285 2354
2285 2355
2285 2356
2286 2287
2286 2356
2286 2357
2287 2288
2287 2357
2287 2358
2288 2289
2288 2358
2288 2359
2289 2290
2289 2358
2289 2359
2289 2360
2290 2291
2290 2359
2290 2360
2290 2361
2291 2360
2291 2361
2291 2362
2292 2293
2292 2362
2292 2363
2292 2364
2293 2363
2293 2364
2293 2365
2294 2295
2294 2365
2294 2366
2294 2367
2295 2296
2295 2366
2295 2367
2295 2368
2296 2297
2296 2367
2296 2368
2296 2369
2297 2368
2297 2369
2298 2370
2298 2371
2299 2372
2300 2373
2300 2374
2300 2375
2301 2302
2301 2376
2303 2377
2304 2379
2304 2380
2305 2381
2305 2382
2306 2307
2306 2382
2306 2383
2306 2384
2307 2308
2307 2383
2307 2384
2307 2385
2308 2384
2308 2385
2308 2386
2309 2310
2309 2386
2309 2387
2309 2388
2310 2387
2310 2388
2310 2389
2311 2312
2311 2389
2311 2390
2311 2391
2312 2390
2312 2391
2313 2314
2313 2392
2313 2393
2314 2315
2314 2392
2314 2393
2314 2394
2315 2393
2315 2394
2315 2395
2316 2317
2316 2395
2316 2396
2317 2318
2317 2396
2317 2397
2318 2396
2318 2397
2318 2398
2319 2399
2319 2400
2320 2321
2320 2401
2320 2402
2321 2322
2321 2401
2321 2402
2321 2403
2322 2323
2322 2402
2322 2403
2322 2404
2323 2324
2323 2403
2323 2404
2323 2405
2324 2325
2324 2404
2324 2405
2325 2405
2325 2406
2326 2327
2326 2406
2326 2407
2327 2407
2327 2408
2328 2408
2328 2409
2328 2410
2329 2410
2329 2411
2329 2412
2330 2331
2330 2413
2330 2414
2330 2415
2331 2332
2331 2414
2331 2415
2331 2416
2332 2333
2332 2415
2332 2416
2333 2334
2333 2416
2334 2335
2335 2417
2336 2337
2337 2338
2337 2418
2338 2339
2338 2418
2338 2419
2339 2340
2339 2418
2339 2419
2340 2341
2340 2419
2340 2420
2341 2342
2341 2420
2341 2421
2342 2343
2342 2420
2342 2421
2342 2422
2343 2344
2343 2421
2343 2422
2343 2423
2344 2345
2344 2422
2344 2423
2344 2424
2345 2346
2345 2423
2345 2424
2345 2425
2346 2347
2346 2424
2346 2425
2346 2426
2347 2348
2347 2425
2347 2426
2347 2427
2348 2349
2348 2426
2348 2427
2348 2428
2349 2350
2349 2427
2349 2428
2350 2428
2350 2429
2351 2352
2351 2429
2351 2430
2351 2431
2352 2353
2352 2430
2352 2431
2352 2432
2353 2354
2353 2431
2353 2432
2353 2433
2354 2355
2354 2432
2354 2433
2354 2434
2355 2356
2355 2433
2355 2434
2356 2357
2356 2434
2356 2435
2357 2435
2357 2436
2358 2359
2358 2436
2358 2437
2359 2360
2359 2437
2359 2438
2360 2361
2360 2437
2360 2438
2360 2439
2361 2362
2361 2438
2361 2439
2361 2440
2362 2363
2362 2439
2362 2440
2362 2441
2363 2364
2363 2440
2363 2441
2364 2365
2364 2441
2365 2366
2365 2442
2366 2367
2366 2442
2366 2443
2367 2368
2367 2442
2367 2443
2367 2444
2368 2369
2368 2443
2368 2444
2369 2444
2369 2445
2370 2371
2370 2445
2370 2446
2371 2446
2371 2447
2372 2373
2372 2448
2372 2449
2372 2450
2373 2374
2373 2449
2373 2450
2373 2451
2374 2375
2374 2450
2374 2451
2375 2376
2375 2451
2376 2452
2377 2378
2377 2455
2377 2456
2378 2379
2378 2456
2378 2457
2379 2380
2379 2457
2380 2457
2380 2458
2381 2382
2381 2458
2381 2459
2381 2460
2382 2383
2382 2459
2382 2460
2382 2461
2383 2384
2383 2460
2383 2461
2384 2385
2384 2461
2384 2462
2385 2386
2385 2462
2386 2387
2386 2462
2386 2463
2387 2388
2387 2463
2387 2464
2388 2389
2388 2463
2388 2464
2388 2465
2389 2390
2389 2464
2389 2465
2390 2391
2390 2465
2390 2466
2391 2466
2391 2467
2392 2393
2392 2467
2392 2468
2392 2469
2393 2394
2393 2468
2393 2469
2393 2470
2394 2395
2394 2469
2394 2470
2394 2471
2395 2470
2395 2471
2395 2472
2396 2397
2396 2472
2397 2398
2397 2473
2398 2399
2398 2473
2399 2400
2399 2473
2399 2474
2400 2474
2400 2475
2401 2402
2401 2475
2401 2476
2401 2477
2402 2403
2402 2476
2402 2477
2403 2404
2403 2477
2403 2478
2404 2405
2404 2478
2404 2479
2405 2478
2405 2479
2405 2480
2406 2480
2406 2481
2407 2408
2407 2482
2408 2409
2408 2482
2408 2483
2409 2410
2409 2482
2409 2483
2409 2484
2410 2411
2410 2483
2410 2484
2410 2485
2411 2412
2411 2484
2411 2485
2412 2413
2412 2485
2413 2414
2413 2486
2414 2415
2414 2486
2414 2487
2415 2416
2415 2486
2415 2487
2415 2488
2416 2487
2416 2488
2416 2489
2417 2490
2418 2419
2418 2492
2418 2493
2418 2494
2419 2493
2419 2494
2419 2495
2420 2421
2420 2495
2420 2496
2420 2497
2421 2422
2421 2496
2421 2497
2421 2498
2422 2423
2422 2497
2422 2498
2422 2499
2423 2424
2423 2498
2423 2499
2423 2500
2424 2425
2424 2499
2424 2500
2424 2501
2425 2426
2425 2500
2425 2501
2425 2502
2426 2427
2426 2501
2426 2502
2426 2503
2427 2428
2427 2502
2427 2503
2427 2504
2428 2503
2428 2504
2428 2505
2429 2430
2429 2505
2429 2506
2429 2507
2430 2431
2430 2506
2430 2507
2430 2508
2431 2432
2431 2507
2431 2508
2431 2509
2432 2433
2432 2508
2432 2509
2433 2434
2433 2509
2433 2510
2434 2510
2435 2436
2435 2511
2435 2512
2436 2511
2436 2512
2437 2438
2437 2513
2437 2514
2438 2439
2438 2513
2438 2514
2439 2440
2439 2514
2439 2515
2440 2441
2440 2515
2440 2516
2441 2515
2441 2516
2441 2517
2442 2443
2442 2518
2442 2519
2443 2444
2443 2519
2443 2520
2444 2520
2444 2521
2445 2446
2445 2521
2446 2522
2447 2448
2447 2522
2447 2523
2447 2524
2448 2449
2448 2523
2448 2524
2449 2450
2449 2524
2449 2525
2450 2451
2450 2525
2450 2526
2451 2525
2451 2526
2451 2527
2452 2453
2452 2528
2452 2529
2452 2530
2453 2454
2453 2529
2453 2530
2453 2531
2454 2455
2454 2530
2454 2531
2455 2456
2455 2531
2455 2532
2456 2532
2456 2533
2457 2533
2457 2534
2457 2535
2458 2459
2458 2535
2458 2536
2458 2537
2459 2460
2459 2536
2459 2537
2459 2538
2460 2461
2460 2537
2460 2538
2460 2539
2461 2538
2461 2539
2461 2540
2462 2540
2462 2541
2462 2542
2463 2464
2463 2542
2463 2543
2463 2544
2464 2465
2464 2543
2464 2544
2464 2545
2465 2544
2465 2545
2465 2546
2466 2467
2466 2546
2466 2547
2466 2548
2467 2468
2467 2547
2467 2548
2468 2469
2468 2548
2468 2549
2469 2470
2469 2549
2470 2471
2470 2549
2471 2472
2473 2550
2473 2551
2474 2475
2474 2551
2474 2552
2474 2553
2475 2476
2475 2552
2475 2553
2475 2554
2476 2477
2476 2553
2476 2554
2476 2555
2477 2554
2477 2555
2477 2556
2478 2479
2478 2556
2478 2557
2479 2480
2479 2557
2480 2481
2480 2558
2481 2558
2481 2559
2482 2483
2482 2560
2482 2561
2483 2484
2483 2561
2483 2562
2484 2485
2484 2561
2484 2562
2485 2562
2486 2487
2486 2563
2486 2564
2486 2565
2487 2488
2487 2564
2487 2565
2487 2566
2488 2489
2488 2565
2488 2566
2489 2566
2489 2567
2490 2568
2490 2569
2491 2492
2491 2570
2491 2571
2492 2493
2492 2570
2492 2571
2492 2572
2493 2494
2493 2571
2493 2572
2493 2573
2494 2495
2494 2572
2494 2573
2495 2496
2495 2573
2495 2574
2496 2497
2496 2574
2496 2575
2497 2498
2497 2574
2497 2575
2497 2576
2498 2499
2498 2575
2498 2576
2498 2577
2499 2500
2499 2576
2499 2577
2499 2578
2500 2501
2500 2577
2500 2578
2500 2579
2501 2502
2501 2578
2501 2579
2502 2503
2502 2579
2502 2580
2503 2504
2503 2580
2504 2505
2504 2580
2504 2581
2505 2506
2505 2581
2505 2582
2506 2507
2506 2581
2506 2582
2506 2583
2507 2508
2507 2582
2507 2583
2508 2509
2508 2583
2508 2584
2509 2584
2509 2585
2510 2585
2510 2586
2510 2587
2511 2512
2511 2587
2511 2588
2511 2589
2512 2588
2512 2589
2512 2590
2513 2514
2513 2590
2513 2591
2513 2592
2514 2591
2514 2592
2514 2593
2515 2516
2515 2593
2515 2594
2515 2595
2516 2517
2516 2594
2516 2595
2516 2596
2517 2518
2517 2595
2517 2596
2518 2519
2518 2596
2518 2597
2519 2597
2519 2598
2520 2521
2520 2598
2520 2599
2520 2600
2521 2599
2521 2600
2522 2523
2522 2601
2522 2602
2523 2524
2523 2601
2523 2602
2523 2603
2524 2602
2524 2603
2524 2604
2525 2526
2525 2604
2525 2605
2525 2606
2526 2527
2526 2605
2526 2606
2526 2607
2527 2528
2527 2606
2527 2607
2527 2608
2528 2529
2528 2607
2528 2608
2528 2609
2529 2530
2529 2608
2529 2609
2529 2610
2530 2531
2530 2609
2530 2610
2530 2611
2531 2610
2531 2611
2531 2612
2532 2533
2532 2612
2532 2613
2533 2534
2533 2613
2533 2614
2534 2535
2534 2614
2534 2615
2535 2536
2535 2614
2535 2615
2535 2616
2536 2537
2536 2615
2536 2616
2536 2617
2537 2538
2537 2616
2537 2617
2538 2539
2538 2617
2538 2618
2539 2540
2539 2618
2539 2619
2540 2541
2540 2618
2540 2619
2540 2620
2541 2542
2541 2619
2541 2620
2541 2621
2542 2543
2542 2620
2542 2621
2542 2622
2543 2544
2543 2621
2543 2622
2544 2545
2544 2622
2544 2623
2545 2546
2545 2623
2545 2624
2546 2547
2546 2623
2546 2624
2546 2625
2547 2548
2547 2624
2547 2625
2547 2626
2548 2625
2548 2626
2548 2627
2549 2627
2549 2628
2549 2629
2550 2551
2550 2632
2550 2633
2550 2634
2551 2552
2551 2633
2551 2634
2551 2635
2552 2553
2552 2634
2552 2635
2552 2636
2553 2554
2553 2635
2553 2636
2553 2637
2554 2555
2554 2636
2554 2637
2554 2638
2555 2556
2555 2637
2555 2638
2555 2639
2556 2557
2556 2638
2556 2639
2556 2640
2557 2639
2557 2640
2558 2559
2558 2641
2558 2642
2558 2643
2559 2560
2559 2642
2559 2643
2559 2644
2560 2643
2560 2644
2560 2645
2561 2562
2561 2645
2561 2646
2561 2647
2562 2646
2562 2647
2562 2648
2563 2564
2563 2649
2563 2650
2563 2651
2564 2565
2564 2650
2564 2651
2564 2652
2565 2566
2565 2651
2565 2652
2565 2653
2566 2652
2566 2653
2566 2654
2567 2568
2567 2654
2567 2655
2568 2569
2568 2655
2568 2656
2569 2655
2569 2656
2570 2571
2570 2657
2571 2572
2571 2657
2571 2658
2572 2573
2572 2658
2572 2659
2573 2658
2573 2659
2573 2660
2574 2575
2574 2660
2574 2661
2574 2662
2575 2576
2575 2661
2575 2662
2575 2663
2576 2577
2576 2662
2576 2663
2576 2664
2577 2578
2577 2663
2577 2664
2577 2665
2578 2579
2578 2664
2578 2665
2578 2666
2579 2665
2579 2666
2579 2667
2580 2667
2581 2582
2581 2668
2581 2669
2582 2583
2582 2668
2582 2669
2582 2670
2583 2669
2583 2670
2583 2671
2584 2585
2584 2671
2584 2672
2584 2673
2585 2586
2585 2672
2585 2673
2586 2587
2586 2673
2587 2588
2588 2589
2589 2590
2589 2674
2590 2591
2590 2674
2591 2592
2591 2674
2591 2675
2592 2593
2592 2675
2592 2676
2593 2594
2593 2675
2593 2676
2593 2677
2594 2595
2594 2676
2594 2677
2594 2678
2595 2596
2595 2677
2595 2678
2596 2678
2596 2679
2597 2598
2597 2679
2597 2680
2597 2681
2598 2599
2598 2680
2598 2681
2599 2600
2599 2681
2599 2682
2600 2682
2600 2683
2601 2602
2601 2684
2601 2685
2601 2686
2602 2603
2602 2685
2602 2686
2603 2604
2603 2686
2604 2605
2604 2687
2605 2606
2605 2687
2605 2688
2606 2607
2606 2687
2606 2688
2606 2689
2607 2608
2607 2688
2607 2689
2607 2690
2608 2609
2608 2689
2608 2690
2608 2691
2609 2610
2609 2690
2609 2691
2610 2611
2610 2691
2610 2692
2611 2612
2611 2692
2611 2693
2612 2613
2612 2692
2612 2693
2613 2693
2613 2694
2614 2615
2614 2694
2614 2695
2614 2696
2615 2616
2615 2695
2615 2696
2615 2697
2616 2617
2616 2696
2616 2697
2617 2697
2618 2619
2618 2698
2618 2699
2619 2620
2619 2698
2619 2699
2619 2700
2620 2621
2620 2699
2620 2700
2620 2701
2621 2622
2621 2700
2621 2701
2621 2702
2622 2701
2622 2702
2622 2703
2623 2624
2623 2703
2623 2704
2623 2705
2624 2625
2624 2704
2624 2705
2624 2706
2625 2626
2625 2705
2625 2706
2626 2627
2626 2706
2626 2707
2627 2628
2627 2707
2627 2708
2628 2629
2628 2707
2628 2708
2629 2630
2629 2708
2629 2709
2630 2631
2630 2709
2630 2710
2631 2709
2631 2710
2631 2711
2632 2633
2632 2711
2633 2634
2633 2712
2634 2635
2634 2712
2634 2713
2635 2636
2635 2712
2635 2713
2636 2637
2636 2713
2636 2714
2637 2638
2637 2714
2637 2715
2638 2639
2638 2714
2638 2715
2638 2716
2639 2640
2639 2715
2639 2716
2639 2717
2640 2716
2640 2717
2641 2642
2641 2718
2641 2719
2642 2643
2642 2718
2642 2719
2642 2720
2643 2644
2643 2719
2643 2720
2643 2721
2644 2645
2644 2720
2644 2721
2644 2722
2645 2646
2645 2721
2645 2722
2645 2723
2646 2647
2646 2722
2646 2723
2646 2724
2647 2648
2647 2723
2647 2724
2647 2725
2648 2649
2648 2724
2648 2725
2648 2726
2649 2650
2649 2725
2649 2726
2649 2727
2650 2651
2650 2726
2650 2727
2650 2728
2651 2652
2651 2727
2651 2728
2651 2729
2652 2653
2652 2728
2652 2729
2652 2730
2653 2654
2653 2729
2653 2730
2653 2731
2654 2730
2654 2731
2655 2656
2655 2732
2655 2733
2656 2732
2656 2733
2657 2734
2657 2735
2658 2659
2658 2735
2658 2736
2658 2737
2659 2660
2659 2736
2659 2737
2659 2738
2660 2661
2660 2737
2660 2738
2660 2739
2661 2662
2661 2738
2661 2739
2661 2740
2662 2663
2662 2739
2662 2740
2662 2741
2663 2664
2663 2740
2663 2741
2663 2742
2664 2665
2664 2741
2664 2742
2664 2743
2665 2666
2665 2742
2665 2743
2665 2744
2666 2667
2666 2743
2666 2744
2666 2745
2667 2744
2667 2745
2667 2746
2668 2669
2668 2747
2668 2748
2668 2749
2669 2670
2669 2748
2669 2749
2669 2750
2670 2671
2670 2749
2670 2750
2671 2672
2671 2750
2671 2751
2672 2673
2672 2751
2672 2752
2673 2751
2673 2752
2673 2753
2674 2756
2674 2757
2675 2676
2675 2757
2675 2758
2675 2759
2676 2677
2676 2758
2676 2759
2676 2760
2677 2678
2677 2759
2677 2760
2677 2761
2678 2760
2678 2761
2678 2762
2679 2680
2679 2762
2679 2763
2679 2764
2680 2681
2680 2763
2680 2764
2680 2765
2681 2764
2681 2765
2681 2766
2682 2683
2682 2766
2682 2767
2683 2684
2683 2767
2683 2768
2684 2685
2684 2767
2684 2768
2685 2686
2685 2768
2685 2769
2686 2769
2687 2688
2687 2770
2687 2771
2688 2689
2688 2771
2688 2772
2689 2690
2689 2771
2689 2772
2689 2773
2690 2691
2690 2772
2690 2773
2690 2774
2691 2773
2691 2774
2692 2693
2692 2775
2693 2775
2694 2695
2694 2776
2694 2777
2695 2696
2695 2776
2695 2777
2696 2697
2696 2777
2696 2778
2697 2778
2697 2779
2698 2699
2698 2780
2698 2781
2698 2782
2699 2700
2699 2781
2699 2782
2699 2783
2700 2701
2700 2782
2700 2783
2700 2784
2701 2702
2701 2783
2701 2784
2701 2785
2702 2703
2702 2784
2702 2785
2703 2704
2703 2785
2703 2786
2704 2705
2704 2786
2704 2787
2705 2706
2705 2786
2705 2787
2705 2788
2706 2787
2706 2788
2707 2708
2707 2789
2707 2790
2708 2789
2708 2790
2709 2710
2709 2791
2709 2792
2710 2711
2710 2791
2710 2792
2710 2793
2711 2792
2711 2793
2711 2794
2712 2713
2712 2795
2712 2796
2712 2797
2713 2796
2713 2797
2714 2715
2714 2798
2715 2716
2715 2798
2715 2799
2716 2717
2716 2798
2716 2799
2716 2800
2717 2799
2717 2800
2717 2801
2718 2719
2718 2801
2718 2802
2719 2720
2719 2802
2720 2721
2721 2722
2721 2803
2722 2723
2722 2803
2722 2804
2723 2724
2723 2803
2723 2804
2723 2805
2724 2725
2724 2804
2724 2805
2724 2806
2725 2726
2725 2805
2725 2806
2725 2807
2726 2727
2726 2806
2726 2807
2727 2728
2727 2807
2727 2808
2728 2729
2728 2808
2728 2809
2729 2730
2729 2808
2729 2809
2729 2810
2730 2731
2730 2809
2730 2810
2731 2810
2731 2811
2732 2733
2732 2811
2732 2812
2732 2813
2733 2812
2733 2813
2734 2735
2734 2814
2734 2815
2735 2736
2735 2814
2735 2815
2735 2816
2736 2737
2736 2815
2736 2816
2736 2817
2737 2738
2737 2816
2737 2817
2738 2739
2738 2817
2738 2818
2739 2740
2739 2818
2739 2819
2740 2741
2740 2818
2740 2819
2740 2820
2741 2742
2741 2819
2741 2820
2741 2821
2742 2743
2742 2820
2742 2821
2742 2822
2743 2744
2743 2821
2743 2822
2743 2823
2744 2745
2744 2822
2744 2823
2744 2824
2745 2746
2745 2823
2745 2824
2745 2825
2746 2747
2746 2824
2746 2825
2746 2826
2747 2748
2747 2825
2747 2826
2748 2749
2748 2826
2748 2827
2749 2750
2749 2827
2749 2828
2750 2827
2750 2828
2750 2829
2751 2752
2751 2829
2751 2830
2752 2753
2752 2830
2752 2831
2753 2754
2753 2830
2753 2831
2753 2832
2754 2755
2754 2831
2754 2832
2755 2832
2755 2833
2756 2757
2756 2833
2756 2834
2756 2835
2757 2758
2757 2834
2757 2835
2758 2759
2758 2835
2758 2836
2759 2760
2759 2836
2759 2837
2760 2761
2760 2836
2760 2837
2760 2838
2761 2762
2761 2837
2761 2838
2761 2839
2762 2763
2762 2838
2762 2839
2762 2840
2763 2764
2763 2839
2763 2840
2764 2765
2764 2840
2764 2841
2765 2766
2765 2841
2765 2842
2766 2841
2766 2842
2766 2843
2767 2768
2767 2843
2767 2844
2768 2844
2768 2845
2769 2845
2769 2846
2770 2847
2770 2848
2771 2772
2771 2848
2771 2849
2772 2773
2772 2849
2772 2850
2773 2774
2773 2850
2773 2851
2774 2850
2774 2851
2774 2852
2775 2853
2775 2854
2775 2855
2776 2777
2776 2855
2776 2856
2776 2857
2777 2856
2777 2857
2778 2779
2778 2858
2779 2780
2779 2858
2779 2859
2780 2781
2780 2859
2780 2860
2781 2782
2781 2859
2781 2860
2781 2861
2782 2783
2782 2860
2782 2861
2782 2862
2783 2784
2783 2861
2783 2862
2784 2785
2784 2862
2785 2863
2786 2787
2786 2863
2786 2864
2786 2865
2787 2788
2787 2864
2787 2865
2787 2866
2788 2865
2788 2866
2788 2867
2789 2790
2789 2867
2789 2868
2789 2869
2790 2868
2790 2869
2790 2870
2791 2792
2791 2870
2791 2871
2791 2872
2792 2793
2792 2871
2792 2872
2792 2873
2793 2794
2793 2872
2793 2873
2793 2874
2794 2795
2794 2873
2794 2874
2794 2875
2795 2796
2795 2874
2795 2875
2795 2876
2796 2797
2796 2875
2796 2876
2796 2877
2797 2876
2797 2877
2797 2878
2798 2799
2798 2879
2798 2880
2798 2881
2799 2800
2799 2880
2799 2881
2799 2882
2800 2801
2800 2881
2800 2882
2800 2883
2801 2802
2801 2882
2801 2883
2801 2884
2802 2883
2802 2884
2802 2885
2803 2804
2803 2886
2803 2887
2804 2805
2804 2887
2804 2888
2805 2806
2805 2887
2805 2888
2805 2889
2806 2807
2806 2888
2806 2889
2806 2890
2807 2889
2807 2890
2807 2891
2808 2809
2808 2891
2808 2892
2809 2810
2809 2892
2809 2893
2810 2893
2810 2894
2811 2812
2811 2894
2811 2895
2811 2896
2812 2813
2812 2895
2812 2896
2812 2897
2813 2896
2813 2897
2814 2815
2814 2898
2814 2899
2815 2816
2815 2898
2815 2899
2815 2900
2816 2817
2816 2899
2816 2900
2816 2901
2817 2900
2817 2901
2817 2902
2818 2819
2818 2902
2818 2903
2818 2904
2819 2820
2819 2903
2819 2904
2819 2905
2820 2821
2820 2904
2820 2905
2820 2906
2821 2822
2821 2905
2821 2906
2821 2907
2822 2823
2822 2906
2822 2907
2822 2908
2823 2824
2823 2907
2823 2908
2823 2909
2824 2825
2824 2908
2824 2909
2824 2910
2825 2826
2825 2909
2825 2910
2825 2911
2826 2910
2826 2911
2826 2912
2827 2828
2827 2912
2827 2913
2827 2914
2828 2829
2828 2913
2828 2914
2828 2915
2829 2914
2829 2915
2829 2916
2830 2831
2830 2916
2830 2917
2830 2918
2831 2832
2831 2917
2831 2918
2831 2919
2832 2918
2832 2919
2832 2920
2833 2834
2833 2920
2833 2921
2833 2922
2834 2835
2834 2921
2834 2922
2834 2923
2835 2922
2835 2923
2835 2924
2836 2837
2836 2924
2836 2925
2837 2838
2837 2925
2837 2926
2838 2839
2838 2926
2838 2927
2839 2840
2839 2926
2839 2927
2839 2928
2840 2927
2840 2928
2840 2929
2841 2842
2841 2929
2841 2930
2841 2931
2842 2843
2842 2930
2842 2931
2843 2931
2844 2845
2844 2932
2844 2933
2845 2846
2845 2932
2845 2933
2845 2934
2846 2933
2846 2934
2846 2935
2847 2848
2847 2935
2847 2936
2848 2849
2848 2936
2848 2937
2849 2936
2849 2937
2849 2938
2850 2851
2850 2938
2850 2939
2850 2940
2851 2852
2851 2939
2851 2940
2852 2853
2852 2940
2852 2941
2853 2854
2853 2941
2854 2855
2854 2941
2854 2942
2855 2856
2855 2942
2856 2857
2856 2942
2856 2943
2857 2943
2857 2944
2858 2944
2859 2860
2859 2945
2859 2946
2860 2861
2860 2945
2860 2946
2860 2947
2861 2862
2861 2946
2861 2947
2861 2948
2862 2947
2862 2948
2862 2949
2863 2864
2863 2950
2863 2951
2863 2952
2864 2865
2864 2951
2864 2952
2864 2953
2865 2866
2865 2952
2865 2953
2865 2954
2866 2867
2866 2953
2866 2954
2866 2955
2867 2868
2867 2954
2867 2955
2867 2956
2868 2869
2868 2955
2868 2956
2868 2957
2869 2870
2869 2956
2869 2957
2869 2958
2870 2871
2870 2957
2870 2958
2870 2959
2871 2872
2871 2958
2871 2959
2871 2960
2872 2873
2872 2959
2872 2960
2873 2874
2873 2960
2873 2961
2874 2875
2874 2961
2874 2962
2875 2876
2875 2961
2875 2962
2876 2877
2876 2962
2877 2878
2878 2879
2878 2963
2879 2880
2879 2963
2879 2964
2880 2881
2880 2963
2880 2964
2880 2965
2881 2882
2881 2964
2881 2965
2881 2966
2882 2883
2882 2965
2882 2966
2882 2967
2883 2884
2883 2966
2883 2967
2884 2885
2884 2967
2884 2968
2885 2968
2886 2969
2887 2888
2887 2970
2887 2971
2888 2889
2888 2970
2888 2971
2888 2972
2889 2890
2889 2971
2889 2972
2889 2973
2890 2891
2890 2972
2890 2973
2890 2974
2891 2892
2891 2973
2891 2974
2892 2974
2892 2975
2893 2894
2893 2975
2893 2976
2893 2977
2894 2895
2894 2976
2894 2977
2895 2896
2895 2977
2895 2978
2896 2897
2896 2978
2896 2979
2897 2978
2897 2979
2898 2899
2898 2980
2899 2900
2899 2980
2899 2981
2900 2901
2900 2980
2900 2981
2901 2902
2901 2981
2901 2982
2902 2903
2902 2982
2903 2904
2903 2982
2903 2983
2904 2905
2904 2983
2904 2984
2905 2906
2905 2983
2905 2984
2906 2907
2906 2984
2906 2985
2907 2908
2907 2985
2907 2986
2908 2909
2908 2985
2908 2986
2908 2987
2909 2910
2909 2986
2909 2987
2909 2988
2910 2911
2910 2987
2910 2988
2910 2989
2911 2912
2911 2988
2911 2989
2911 2990
2912 2913
2912 2989
2912 2990
2912 2991
2913 2914
2913 2990
2913 2991
2913 2992
2914 2915
2914 2991
2914 2992
2915 2916
2915 2992
2916 2917
2916 2993
2917 2918
2917 2993
2917 2994
2918 2919
2918 2993
2918 2994
2919 2920
2919 2994
2920 2921
2920 2995
2921 2922
2921 2995
2921 2996
2922 2923
2922 2995
2922 2996
2922 2997
2923 2924
2923 2996
2923 2997
2923 2998
2924 2925
2924 2997
2924 2998
2924 2999
2925 2998
2925 2999
2925 3000
2926 2927
2926 3000
2926 3001
2926 3002
2927 2928
2927 3001
2927 3002
2927 3003
2928 2929
2928 3002
2928 3003
2928 3004
2929 2930
2929 3003
2929 3004
2929 3005
2930 2931
2930 3004
2930 3005
2930 3006
2931 3005
2931 3006
2931 3007
2932 2933
2932 3008
2932 3009
2932 3010
2933 2934
2933 3009
2933 3010
2933 3011
2934 2935
2934 3010
2934 3011
2934 3012
2935 3011
2935 3012
2935 3013
2936 2937
2936 3013
2936 3014
2936 3015
2937 2938
2937 3014
2937 3015
2937 3016
2938 2939
2938 3015
2938 3016
2938 3017
2939 2940
2939 3016
2939 3017
2939 3018
2940 3017
2940 3018
2941 3019
2942 3020
2942 3021
2943 2944
2943 3021
2943 3022
2944 3022
2944 3023
2945 2946
2945 3024
2945 3025
2945 3026
2946 2947
2946 3025
2946 3026
2947 2948
2947 3026
2947 3027
2948 2949
2948 3027
2948 3028
2949 2950
2949 3027
2949 3028
2949 3029
2950 2951
2950 3028
2950 3029
2950 3030
2951 2952
2951 3029
2951 3030
2951 3031
2952 2953
2952 3030
2952 3031
2952 3032
2953 2954
2953 3031
2953 3032
2954 2955
2954 3032
2954 3033
2955 2956
2955 3033
2955 3034
2956 2957
2956 3033
2956 3034
2956 3035
2957 2958
2957 3034
2957 3035
2957 3036
2958 2959
2958 3035
2958 3036
2958 3037
2959 2960
2959 3036
2959 3037
2959 3038
2960 3037
2960 3038
2960 3039
2961 2962
2961 3039
2961 3040
2962 3040
2962 3041
2963 2964
2963 3043
2963 3044
2963 3045
2964 2965
2964 3044
2964 3045
2964 3046
2965 2966
2965 3045
2965 3046
2966 2967
2966 3046
2966 3047
2967 3047
2968 3048
2968 3049
2969 3049
2969 3050
2969 3051
2970 2971
2970 3051
2970 3052
2971 2972
2971 3052
2971 3053
2972 2973
2972 3052
2972 3053
2972 3054
2973 2974
2973 3053
2973 3054
2973 3055
2974 3054
2974 3055
2975 2976
2975 3056
2976 2977
2976 3056
2976 3057
2977 3057
2977 3058
2978 2979
2978 3058
2978 3059
2979 3059
2980 2981
2980 3060
2980 3061
2980 3062
2981 3061
2981 3062
2981 3063
2982 3063
2982 3064
2982 3065
2983 2984
2983 3065
2983 3066
2983 3067
2984 3066
2984 3067
2984 3068
2985 2986
2985 3068
2985 3069
2986 2987
2986 3069
2986 3070
2987 2988
2987 3069
2987 3070
2987 3071
2988 2989
2988 3070
2988 3071
2989 2990
2989 3071
2989 3072
2990 2991
2990 3072
2990 3073
2991 2992
2991 3072
2991 3073
2992 3073
2992 3074
2993 2994
2993 3075
2994 3076
2995 2996
2995 3077
2995 3078
2995 3079
2996 2997
2996 3078
2996 3079
2996 3080
2997 2998
2997 3079
2997 3080
2998 2999
2998 3080
2998 3081
2999 3000
2999 3081
2999 3082
3000 3001
3000 3081
3000 3082
3000 3083
3001 3002
3001 3082
3001 3083
3001 3084
3002 3003
3002 3083
3002 3084
3003 3004
3003 3084
3004 3005
3004 3085
3005 3006
3005 3085
3006 3007
3006 3085
3006 3086
3007 3008
3007 3086
3007 3087
3008 3009
3008 3086
3008 3087
3008 3088
3009 3010
3009 3087
3009 3088
3009 3089
3010 3011
3010 3088
3010 3089
3010 3090
3011 3012
3011 3089
3011 3090
3012 3013
3012 3090
3012 3091
3013 3014
3013 3091
3013 3092
3014 3015
3014 3091
3014 3092
3014 3093
3015 3016
3015 3092
3015 3093
3016 3017
3016 3093
3016 3094
3017 3018
3017 3094
3018 3094
3018 3095
3019 3095
3019 3096
3019 3097
3020 3021
3020 3097
3020 3098
3021 3098
3022 3023
3022 3099
3022 3100
3023 3024
3023 3099
3023 3100
3024 3025
3024 3100
3024 3101
3025 3026
3025 3101
3025 3102
3026 3101
3026 3102
3026 3103
3027 3028
3027 3103
3027 3104
3028 3029
3028 3104
3028 3105
3029 3030
3029 3104
3029 3105
3029 3106
3030 3031
3030 3105
3030 3106
3030 3107
3031 3032
3031 3106
3031 3107
3031 3108
3032 3107
3032 3108
3033 3034
3033 3109
3033 3110
3034 3035
3034 3109
3034 3110
3034 3111
3035 3036
3035 3110
3035 3111
3035 3112
3036 3037
3036 3111
3036 3112
3036 3113
3037 3038
3037 3112
3037 3113
3037 3114
3038 3039
3038 3113
3038 3114
3039 3040
3039 3114
3041 3042
3041 3115
3042 3043
3042 3115
3042 3116
3043 3044
3043 3115
3043 3116
3043 3117
3044 3045
3044 3116
3044 3117
3045 3046
3045 3117
3045 3118
3046 3118
3046 3119
3047 3119
3047 3120
3047 3121
3048 3049
3048 3121
3048 3122
3048 3123
3049 3050
3049 3122
3049 3123
3049 3124
3050 3051
3050 3123
3050 3124
3050 3125
3051 3124
3051 3125
3052 3053
3053 3054
3053 3126
3054 3055
3054 3126
3054 3127
3055 3126
3055 3127
3055 3128
3056 3128
3056 3129
3057 3058
3057 3130
3057 3131
3058 3059
3058 3130
3058 3131
3058 3132
3059 3131
3059 3132
3059 3133
3060 3061
3060 3134
3061 3062
3061 3134
3062 3063
3062 3134
3062 3135
3063 3064
3063 3135
3063 3136
3064 3065
3064 3135
3064 3136
3064 3137
3065 3066
3065 3136
3065 3137
3065 3138
3066 3067
3066 3137
3066 3138
3066 3139
3067 3068
3067 3138
3067 3139
3067 3140
3068 3139
3068 3140
3068 3141
3069 3070
3069 3141
3070 3071
3070 3142
3071 3142
3071 3143
3072 3073
3072 3143
3072 3144
3072 3145
3073 3144
3073 3145
3074 3075
3074 3146
3074 3147
3075 3146
3075 3147
3075 3148
3076 3077
3076 3149
3076 3150
3076 3151
3077 3078
3077 3150
3077 3151
3078 3079
3078 3151
3079 3080
3079 3152
3080 3152
3080 3153
3081 3082
3081 3153
3081 3154
3081 3155
3082 3083
3082 3154
3082 3155
3082 3156
3083 3084
3083 3155
3083 3156
3083 3157
3084 3156
3084 3157
3084 3158
3085 3159
3085 3160
3085 3161
3086 3087
3086 3161
3086 3162
3086 3163
3087 3088
3087 3162
3087 3163
3088 3089
3088 3163
3088 3164
3089 3090
3089 3164
3090 3164
3091 3092
3091 3165
3091 3166
3092 3093
3092 3165
3092 3166
3092 3167
3093 3166
3093 3167
3093 3168
3094 3168
3094 3169
3094 3170
3095 3096
3095 3170
3095 3171
3096 3097
3096 3171
3096 3172
3097 3172
3097 3173
3098 3173
3098 3174
3098 3175
3099 3100
3099 3175
3099 3176
3099 3177
3100 3176
3100 3177
3100 3178
3101 3102
3101 3178
3102 3103
3102 3179
3103 3179
3103 3180
3104 3105
3104 3180
3104 3181
3105 3106
3105 3181
3105 3182
3106 3107
3106 3182
3106 3183
3107 3108
3107 3182
3107 3183
3107 3184
3108 3183
3108 3184
3108 3185
3109 3110
3109 3185
3109 3186
3109 3187
3110 3111
3110 3186
3110 3187
3111 3112
3111 3187
3111 3188
3112 3113
3112 3188
3112 3189
3113 3114
3113 3188
3113 3189
3113 3190
3114 3189
3114 3190
3114 3191
3115 3116
3115 3194
3115 3195
3116 3117
3116 3194
3116 3195
3117 3195
3117 3196
3118 3119
3118 3196
3118 3197
3118 3198
3119 3120
3119 3197
3119 3198
3119 3199
3120 3121
3120 3198
3120 3199
3120 3200
3121 3122
3121 3199
3121 3200
3121 3201
3122 3123
3122 3200
3122 3201
3122 3202
3123 3124
3123 3201
3123 3202
3123 3203
3124 3125
3124 3202
3124 3203
3124 3204
3125 3203
3125 3204
3126 3127
3126 3206
3126 3207
3127 3128
3127 3206
3127 3207
3127 3208
3128 3129
3128 3207
3128 3208
3129 3208
3130 3131
3130 3209
3131 3132
3131 3209
3132 3133
3132 3209
3132 3210
3133 3210
3134 3211
3134 3212
3134 3213
3135 3136
3135 3213
3135 3214
3135 3215
3136 3137
3136 3214
3136 3215
3136 3216
3137 3138
3137 3215
3137 3216
3137 3217
3138 3139
3138 3216
3138 3217
3138 3218
3139 3140
3139 3217
3139 3218
3140 3141
3140 3218
3140 3219
3141 3219
3141 3220
3142 3143
3142 3221
3142 3222
3142 3223
3143 3144
3143 3222
3143 3223
3143 3224
3144 3145
3144 3223
3144 3224
3144 3225
3145 3224
3145 3225
3146 3147
3146 3226
3146 3227
3147 3148
3147 3226
3147 3227
3148 3149
3148 3227
3148 3228
3149 3150
3149 3228
3150 3151
3150 3228
3150 3229
3151 3229
3151 3230
3152 3153
3152 3231
3152 3232
3152 3233
3153 3154
3153 3232
3153 3233
3153 3234
3154 3155
3154 3233
3154 3234
3154 3235
3155 3156
3155 3234
3155 3235
3155 3236
3156 3157
3156 3235
3156 3236
3156 3237
3157 3158
3157 3236
3157 3237
3158 3159
3158 3237
3159 3160
3159 3238
3160 3161
3160 3238
3160 3239
3161 3162
3161 3238
3161 3239
3161 3240
3162 3163
3162 3239
3162 3240
3162 3241
3163 3240
3163 3241
3164 3242
3164 3243
3165 3166
3165 3244
3165 3245
3165 3246
3166 3167
3166 3245
3166 3246
3166 3247
3167 3168
3167 3246
3167 3247
3168 3169
3168 3247
3169 3170
3170 3171
3170 3248
3171 3248
3171 3249
3172 3173
3172 3249
3172 3250
3173 3174
3173 3250
3173 3251
3174 3175
3174 3251
3175 3176
3175 3251
3175 3252
3176 3177
3176 3252
3176 3253
3177 3178
3177 3252
3177 3253
3178 3253
3178 3254
3179 3180
3179 3255
3179 3256
3179 3257
3180 3181
3180 3256
3180 3257
3180 3258
3181 3257
3181 3258
3181 3259
3182 3183
3182 3259
3182 3260
3182 3261
3183 3184
3183 3260
3183 3261
3183 3262
3184 3185
3184 3261
3184 3262
3185 3186
3185 3262
3185 3263
3186 3187
3186 3263
3186 3264
3187 3263
3187 3264
3187 3265
3188 3189
3188 3265
3188 3266
3188 3267
3189 3190
3189 3266
3189 3267
3189 3268
3190 3191
3190 3267
3190 3268
3190 3269
3191 3192
3191 3268
3191 3269
3191 3270
3192 3193
3192 3269
3192 3270
3193 3270
3194 3195
3194 3271
3194 3272
3195 3271
3195 3272
3195 3273
3196 3197
3196 3273
3196 3274
3196 3275
3197 3198
3197 3274
3197 3275
3197 3276
3198 3199
3198 3275
3198 3276
3198 3277
3199 3200
3199 3276
3199 3277
3199 3278
3200 3201
3200 3277
3200 3278
3200 3279
3201 3202
3201 3278
3201 3279
3201 3280
3202 3203
3202 3279
3202 3280
3203 3204
3203 3280
3205 3281
3205 3282
3206 3207
3206 3282
3206 3283
3207 3208
3207 3283
3207 3284
3208 3284
3208 3285
3209 3287
3209 3288
3209 3289
3210 3289
3210 3290
3211 3212
3211 3291
3211 3292
3212 3213
3212 3291
3212 3292
3213 3214
3213 3292
3213 3293
3214 3215
3214 3293
3214 3294
3215 3216
3215 3293
3215 3294
3216 3217
3216 3294
3216 3295
3217 3218
3217 3295
3217 3296
3218 3295
3218 3296
3218 3297
3219 3220
3219 3297
3219 3298
3219 3299
3220 3221
3220 3298
3220 3299
3220 3300
3221 3222
3221 3299
3221 3300
3221 3301
3222 3223
3222 3300
3222 3301
3222 3302
3223 3224
3223 3301
3223 3302
3223 3303
3224 3225
3224 3302
3224 3303
3224 3304
3225 3303
3225 3304
3226 3227
3226 3305
3227 3305
3227 3306
3228 3306
3228 3307
3228 3308
3229 3230
3229 3308
3229 3309
3230 3231
3230 3309
3230 3310
3231 3232
3231 3309
3231 3310
3232 3233
3232 3310
3232 3311
3233 3234
3233 3311
3233 3312
3234 3235
3234 3311
3234 3312
3234 3313
3235 3236
3235 3312
3235 3313
3235 3314
3236 3237
3236 3313
3236 3314
3236 3315
3237 3314
3237 3315
3237 3316
3238 3239
3238 3317
3238 3318
3239 3240
3239 3317
3239 3318
3239 3319
3240 3241
3240 3318
3240 3319
3240 3320
3241 3319
3241 3320
3241 3321
3242 3243
3242 3321
3242 3322
3243 3244
3243 3322
3243 3323
3244 3245
3244 3323
3244 3324
3245 3246
3245 3323
3245 3324
3246 3247
3246 3324
3246 3325
3247 3325
3247 3326
3248 3249
3248 3328
3248 3329
3248 3330
3249 3250
3249 3329
3249 3330
3249 3331
3250 3330
3250 3331
3250 3332
3251 3332
3251 3333
3251 3334
3252 3253
3252 3334
3252 3335
3252 3336
3253 3335
3253 3336
3253 3337
3254 3255
3254 3337
3254 3338
3254 3339
3255 3256
3255 3338
3255 3339
3256 3257
3256 3339
3256 3340
3257 3258
3257 3340
3257 3341
3258 3259
3258 3340
3258 3341
3258 3342
3259 3260
3259 3341
3259 3342
3259 3343
3260 3261
3260 3342
3260 3343
3260 3344
3261 3262
3261 3343
3261 3344
3261 3345
3262 3344
3262 3345
3262 3346
3263 3264
3263 3346
3263 3347
3263 3348
3264 3265
3264 3347
3264 3348
3264 3349
3265 3266
3265 3348
3265 3349
3265 3350
3266 3267
3266 3349
3266 3350
3266 3351
3267 3268
3267 3350
3267 3351
3268 3269
3268 3351
3268 3352
3269 3270
3269 3352
3270 3352
3270 3353
3271 3272
3271 3354
3271 3355
3272 3273
3272 3355
3273 3274
3273 3355
3273 3356
3274 3275
3274 3356
3274 3357
3275 3276
3275 3356
3275 3357
3275 3358
3276 3277
3276 3357
3276 3358
3276 3359
3277 3278
3277 3358
3277 3359
3277 3360
3278 3279
3278 3359
3278 3360
3278 3361
3279 3280
3279 3360
3279 3361
3279 3362
3280 3361
3280 3362
3280 3363
3281 3282
3281 3365
3281 3366
3282 3283
3282 3366
3282 3367
3283 3367
3283 3368
3284 3285
3284 3368
3285 3286
3285 3369
3286 3287
3286 3369
3286 3370
3287 3288
3287 3369
3287 3370
3287 3371
3288 3289
3288 3370
3288 3371
3288 3372
3289 3290
3289 3371
3289 3372
3289 3373
3290 3372
3290 3373
3291 3292
3291 3374
3291 3375
3292 3374
3292 3375
3292 3376
3293 3294
3293 3376
3293 3377
3294 3377
3295 3296
3295 3378
3295 3379
3296 3297
3296 3378
3296 3379
3297 3298
3297 3379
3297 3380
3298 3299
3298 3380
3298 3381
3299 3300
3299 3380
3299 3381
3300 3301
3300 3381
3300 3382
3301 3302
3301 3382
3302 3303
3302 3382
3303 3304
3303 3383
3304 3383
3305 3306
3305 3384
3305 3385
3305 3386
3306 3307
3306 3385
3306 3386
3306 3387
3307 3308
3307 3386
3307 3387
3308 3387
3308 3388
3309 3310
3309 3388
3310 3389
3311 3312
3311 3389
3311 3390
3311 3391
3312 3313
3312 3390
3312 3391
3312 3392
3313 3314
3313 3391
3313 3392
3313 3393
3314 3315
3314 3392
3314 3393
3315 3316
3315 3393
3315 3394
3316 3394
3316 3395
3317 3318
3317 3395
3317 3396
3317 3397
3318 3319
3318 3396
3318 3397
3319 3320
3319 3397
3320 3321
3320 3398
3321 3322
3321 3398
3321 3399
3322 3398
3322 3399
3322 3400
3323 3324
3323 3400
3323 3401
3324 3401
3324 3402
3325 3326
3325 3402
3325 3403
3325 3404
3326 3327
3326 3403
3326 3404
3326 3405
3327 3328
3327 3404
3327 3405
3327 3406
3328 3329
3328 3405
3328 3406
3329 3330
3329 3406
3329 3407
3330 3331
3330 3407
3331 3332
3331 3407
3331 3408
3332 3333
3332 3408
3332 3409
3333 3334
3333 3408
3333 3409
3333 3410
3334 3335
3334 3409
3334 3410
3334 3411
3335 3336
3335 3410
3335 3411
3335 3412
3336 3337
3336 3411
3336 3412
3337 3338
3337 3412
3337 3413
3338 3339
3338 3413
3338 3414
3339 3413
3339 3414
3339 3415
3340 3341
3340 3415
3340 3416
3340 3417
3341 3342
3341 3416
3341 3417
3342 3343
3342 3417
3342 3418
3343 3344
3343 3418
3343 3419
3344 3345
3344 3418
3344 3419
3344 3420
3345 3346
3345 3419
3345 3420
3346 3347
3346 3420
3346 3421
3347 3348
3347 3421
3347 3422
3348 3349
3348 3421
3348 3422
3348 3423
3349 3350
3349 3422
3349 3423
3350 3351
3350 3423
3350 3424
3351 3424
3351 3425
3352 3425
3352 3426
3352 3427
3353 3354
3353 3427
3353 3428
3354 3428
3354 3429
3355 3429
3355 3430
3355 3431
3356 3357
3356 3431
3356 3432
3356 3433
3357 3358
3357 3432
3357 3433
3357 3434
3358 3359
3358 3433
3358 3434
3358 3435
3359 3360
3359 3434
3359 3435
3360 3361
3360 3435
3360 3436
3361 3362
3361 3436
3361 3437
3362 3363
3362 3436
3362 3437
3362 3438
3363 3364
3363 3437
3363 3438
3363 3439
3364 3365
3364 3438
3364 3439
3365 3366
3365 3439
3366 3440
3367 3368
3367 3440
3369 3370
3369 3441
3369 3442
3370 3371
3370 3442
3371 3372
3371 3442
3371 3443
3372 3373
3372 3443
3372 3444
3373 3443
3373 3444
3374 3375
3374 3445
3374 3446
3375 3376
3375 3445
3375 3446
3375 3447
3376 3446
3376 3447
3376 3448
3377 3448
3377 3449
3377 3450
3378 3379
3378 3450
3378 3451
3378 3452
3379 3451
3379 3452
3379 3453
3380 3381
3380 3453
3380 3454
3380 3455
3381 3454
3381 3455
3381 3456
3382 3456
3382 3457
3383 3458
3383 3459
3383 3460
3384 3385
3384 3460
3384 3461
3385 3386
3385 3461
3385 3462
3386 3387
3386 3461
3386 3462
3387 3462
3387 3463
3388 3463
3388 3464
3389 3390
3389 3465
3389 3466
3390 3391
3390 3466
3390 3467
3391 3392
3391 3466
3391 3467
3391 3468
3392 3393
3392 3467
3392 3468
3392 3469
3393 3468
3393 3469
3393 3470
3394 3395
3394 3470
3394 3471
3394 3472
3395 3396
3395 3471
3395 3472
3395 3473
3396 3397
3396 3472
3396 3473
3396 3474
3397 3473
3397 3474
3398 3399
3398 3475
3398 3476
3398 3477
3399 3400
3399 3476
3399 3477
3399 3478
3400 3401
3400 3477
3400 3478
3400 3479
3401 3478
3401 3479
3401 3480
3402 3403
3402 3480
3402 3481
3403 3404
3403 3481
3404 3405
3404 3481
3404 3482
3405 3406
3405 3482
3405 3483
3406 3482
3406 3483
3407 3484
3407 3485
3408 3409
3408 3485
3408 3486
3408 3487
3409 3410
3409 3486
3409 3487
3409 3488
3410 3411
3410 3487
3410 3488
3410 3489
3411 3412
3411 3488
3411 3489
3411 3490
3412 3489
3412 3490
3412 3491
3413 3414
3413 3491
3413 3492
3413 3493
3414 3415
3414 3492
3414 3493
3414 3494
3415 3416
3415 3493
3415 3494
3415 3495
3416 3417
3416 3494
3416 3495
3416 3496
3417 3495
3417 3496
3417 3497
3418 3419
3418 3497
3418 3498
3418 3499
3419 3420
3419 3498
3419 3499
3419 3500
3420 3499
3420 3500
3421 3422
3421 3501
3421 3502
3422 3423
3422 3501
3422 3502
3422 3503
3423 3502
3423 3503
3423 3504
3424 3425
3424 3504
3424 3505
3425 3426
3425 3505
3425 3506
3426 3427
3426 3506
3427 3428
3427 3506
3427 3507
3428 3507
3428 3508
3429 3430
3429 3508
3429 3509
3429 3510
3430 3431
3430 3509
3430 3510
3430 3511
3431 3432
3431 3510
3431 3511
3432 3433
3432 3511
3433 3434
3433 3512
3434 3435
3434 3512
3434 3513
3435 3512
3435 3513
3435 3514
3436 3437
3436 3514
3436 3515
3436 3516
3437 3438
3437 3515
3437 3516
3437 3517
3438 3439
3438 3516
3438 3517
3438 3518
3439 3517
3439 3518
3439 3519
3440 3520
3440 3521
3440 3522
3441 3524
3441 3525
3442 3525
3442 3526
3443 3444
3443 3526
3443 3527
3444 3527
3445 3446
3445 3528
3445 3529
3446 3447
3446 3528
3446 3529
3446 3530
3447 3448
3447 3529
3447 3530
3447 3531
3448 3449
3448 3530
3448 3531
3448 3532
3449 3450
3449 3531
3449 3532
3449 3533
3450 3451
3450 3532
3450 3533
3450 3534
3451 3452
3451 3533
3451 3534
3451 3535
3452 3453
3452 3534
3452 3535
3452 3536
3453 3454
3453 3535
3453 3536
3453 3537
3454 3455
3454 3536
3454 3537
3454 3538
3455 3456
3455 3537
3455 3538
3455 3539
3456 3457
3456 3538
3456 3539
3456 3540
3457 3539
3457 3540
3458 3459
3458 3541
3458 3542
3459 3460
3459 3541
3459 3542
3459 3543
3460 3542
3460 3543
3460 3544
3461 3462
3461 3544
3461 3545
3462 3545
3462 3546
3463 3464
3463 3546
3463 3547
3463 3548
3464 3547
3464 3548
3464 3549
3465 3549
3465 3550
3465 3551
3466 3467
3466 3551
3466 3552
3466 3553
3467 3468
3467 3552
3467 3553
3467 3554
3468 3469
3468 3553
3468 3554
3468 3555
3469 3470
3469 3554
3469 3555
3469 3556
3470 3471
3470 3555
3470 3556
3471 3472
3471 3556
3471 3557
3472 3473
3472 3557
3472 3558
3473 3474
3473 3557
3473 3558
3473 3559
3474 3558
3474 3559
3474 3560
3475 3476
3475 3560
3475 3561
3475 3562
3476 3477
3476 3561
3476 3562
3476 3563
3477 3478
3477 3562
3477 3563
3477 3564
3478 3479
3478 3563
3478 3564
3478 3565
3479 3480
3479 3564
3479 3565
3479 3566
3480 3565
3480 3566
3480 3567
3481 3567
3481 3568
3481 3569
3482 3483
3482 3569
3482 3570
3482 3571
3483 3570
3483 3571
3483 3572
3484 3485
3484 3572
3485 3486
3485 3573
3486 3487
3486 3573
3486 3574
3487 3488
3487 3573
3487 3574
3487 3575
3488 3489
3488 3574
3488 3575
3488 3576
3489 3490
3489 3575
3489 3576
3489 3577
3490 3491
3490 3576
3490 3577
3490 3578
3491 3492
3491 3577
3491 3578
3492 3493
3492 3578
3492 3579
3493 3494
3493 3579
3493 3580
3494 3495
3494 3579
3494 3580
3494 3581
3495 3496
3495 3580
3495 3581
3495 3582
3496 3497
3496 3581
3496 3582
3496 3583
3497 3498
3497 3582
3497 3583
3497 3584
3498 3499
3498 3583
3498 3584
3498 3585
3499 3500
3499 3584
3499 3585
3500 3585
3500 3586
3501 3502
3501 3586
3501 3587
3501 3588
3502 3503
3502 3587
3502 3588
3502 3589
3503 3504
3503 3588
3503 3589
3503 3590
3504 3505
3504 3589
3504 3590
3504 3591
3505 3590
3505 3591
3505 3592
3506 3592
3506 3593
3507 3508
3507 3594
3508 3509
3508 3594
3508 3595
3509 3510
3509 3595
3509 3596
3510 3511
3510 3595
3510 3596
3510 3597
3511 3596
3511 3597
3511 3598
3512 3513
3512 3599
3512 3600
3512 3601
3513 3514
3513 3600
3513 3601
3513 3602
3514 3515
3514 3601
3514 3602
3515 3516
3515 3602
3515 3603
3516 3517
3516 3603
3516 3604
3517 3518
3517 3603
3517 3604
3517 3605
3518 3519
3518 3604
3518 3605
3519 3520
3519 3605
3519 3606
3520 3521
3520 3606
3521 3522
3521 3606
3521 3607
3522 3523
3522 3607
3523 3607
3523 3608
3524 3525
3524 3608
3524 3609
3524 3610
3525 3609
3525 3610
3525 3611
3526 3527
3526 3611
3526 3612
3526 3613
3527 3612
3527 3613
3527 3614
3528 3529
3528 3615
3528 3616
3529 3530
3529 3615
3529 3616
3530 3531
3530 3616
3530 3617
3531 3532
3531 3617
3531 3618
3532 3533
3532 3617
3532 3618
3532 3619
3533 3534
3533 3618
3533 3619
3533 3620
3534 3535
3534 3619
3534 3620
3534 3621
3535 3536
3535 3620
3535 3621
3535 3622
3536 3537
3536 3621
3536 3622
3537 3538
3537 3622
3538 3539
3538 3623
3539 3540
3539 3623
3539 3624
3540 3623
3540 3624
3540 3625
3541 3542
3541 3625
3541 3626
3541 3627
3542 3543
3542 3626
3542 3627
3542 3628
3543 3544
3543 3627
3543 3628
3544 3545
3544 3628
3544 3629
3545 3629
3545 3630
3546 3547
3546 3630
3546 3631
3546 3632
3547 3548
3547 3631
3547 3632
3547 3633
3548 3549
3548 3632
3548 3633
3549 3550
3549 3633
3549 3634
3550 3551
3550 3634
3550 3635
3551 3552
3551 3634
3551 3635
3551 3636
3552 3553
3552 3635
3552 3636
3552 3637
3553 3554
3553 3636
3553 3637
3554 3555
3554 3637
3554 3638
3555 3556
3555 3638
3555 3639
3556 3638
3556 3639
3556 3640
3557 3558
3557 3640
3557 3641
3557 3642
3558 3559
3558 3641
3558 3642
3558 3643
3559 3560
3559 3642
3559 3643
3560 3561
3560 3643
3560 3644
3561 3562
3561 3644
3561 3645
3562 3563
3562 3644
3562 3645
3563 3564
3563 3645
3563 3646
3564 3565
3564 3646
3564 3647
3565 3566
3565 3646
3565 3647
3566 3567
3566 3647
3566 3648
3567 3568
3567 3648
3568 3569
3568 3648
3568 3649
3569 3570
3569 3649
3569 3650
3570 3571
3570 3649
3570 3650
3570 3651
3571 3572
3571 3650
3571 3651
3571 3652
3572 3651
3572 3652
3572 3653
3573 3574
3573 3654
3573 3655
3573 3656
3574 3575
3574 3655
3574 3656
3574 3657
3575 3576
3575 3656
3575 3657
3575 3658
3576 3577
3576 3657
3576 3658
3576 3659
3577 3578
3577 3658
3577 3659
3577 3660
3578 3659
3578 3660
3578 3661
3579 3580
3579 3661
3579 3662
3579 3663
3580 3581
3580 3662
3580 3663
3580 3664
3581 3582
3581 3663
3581 3664
3581 3665
3582 3583
3582 3664
3582 3665
3583 3584
3583 3665
3583 3666
3584 3585
3584 3666
3584 3667
3585 3666
3585 3667
3585 3668
3586 3587
3586 3668
3586 3669
3587 3588
3587 3669
3587 3670
3588 3589
3588 3670
3588 3671
3589 3590
3589 3670
3589 3671
3590 3591
3590 3671
3591 3592
3591 3672
3592 3593
3592 3672
3592 3673
3593 3672
3593 3673
3594 3674
3595 3596
3595 3675
3595 3676
3596 3597
3596 3675
3596 3676
3597 3598
3597 3676
3598 3599
3598 3677
3599 3600
3599 3677
3599 3678
3600 3601
3600 3677
3600 3678
3600 3679
3601 3602
3601 3678
3601 3679
3601 3680
3602 3679
3602 3680
3602 3681
3603 3604
3603 3681
3603 3682
3604 3605
3604 3682
3604 3683
3605 3683
3605 3684
3606 3684
3606 3685
3607 3686
3608 3609
3608 3686
3608 3687
3608 3688
3609 3610
3609 3687
3609 3688
3609 3689
3610 3611
3610 3688
3610 3689
3610 3690
3611 3612
3611 3689
3611 3690
3611 3691
3612 3613
3612 3690
3612 3691
3613 3614
3613 3691
3613 3692
3614 3692
3615 3616
3615 3693
3615 3694
3616 3693
3616 3694
3617 3618
3617 3695
3617 3696
3618 3619
3618 3695
3618 3696
3619 3620
3619 3696
3619 3697
3620 3621
3620 3697
3620 3698
3621 3622
3621 3697
3621 3698
3621 3699
3622 3698
3622 3699
3623 3624
3623 3700
3623 3701
3623 3702
3624 3625
3624 3701
3624 3702
3624 3703
3625 3626
3625 3702
3625 3703
3625 3704
3626 3627
3626 3703
3626 3704
3627 3628
3627 3704
3627 3705
3628 3705
3628 3706
3629 3630
3629 3706
3629 3707
3630 3631
3630 3707
3630 3708
3631 3632
3631 3708
3631 3709
3632 3633
3632 3708
3632 3709
3633 3709
3634 3635
3634 3710
3634 3711
3635 3636
3635 3710
3635 3711
3635 3712
3636 3637
3636 3711
3636 3712
3636 3713
3637 3712
3637 3713
3637 3714
3638 3639
3638 3714
3638 3715
3638 3716
3639 3640
3639 3715
3639 3716
3639 3717
3640 3641
3640 3716
3640 3717
3641 3642
3641 3717
3641 3718
3642 3643
3642 3718
3642 3719
3643 3718
3643 3719
3643 3720
3644 3645
3644 3720
3644 3721
3645 3721
3645 3722
3646 3647
3646 3722
3646 3723
3646 3724
3647 3723
3647 3724
3647 3725
3648 3725
3648 3726
3648 3727
3649 3650
3649 3727
3649 3728
3649 3729
3650 3651
3650 3728
3650 3729
3650 3730
3651 3652
3651 3729
3651 3730
3651 3731
3652 3653
3652 3730
3652 3731
3653 3654
3653 3731
3653 3732
3654 3655
3654 3732
3655 3656
3655 3732
3655 3733
3656 3657
3656 3733
3656 3734
3657 3658
3657 3733
3657 3734
3658 3659
3658 3734
3658 3735
3659 3660
3659 3735
3659 3736
3660 3661
3660 3735
3660 3736
3660 3737
3661 3662
3661 3736
3661 3737
3661 3738
3662 3663
3662 3737
3662 3738
3662 3739
3663 3664
3663 3738
3663 3739
3663 3740
3664 3665
3664 3739
3664 3740
3665 3740
3665 3741
3666 3667
3666 3741
3666 3742
3666 3743
3667 3668
3667 3742
3667 3743
3667 3744
3668 3669
3668 3743
3668 3744
3668 3745
3669 3744
3669 3745
3669 3746
3670 3671
3670 3746
3670 3747
3670 3748
3671 3747
3671 3748
3671 3749
3672 3673
3672 3750
3672 3751
3673 3750
3673 3751
3674 3752
3674 3753
3675 3676
3675 3753
3675 3754
3676 3754
3676 3755
3677 3678
3677 3756
3677 3757
3678 3679
3678 3757
3678 3758
3679 3680
3679 3757
3679 3758
3680 3681
3680 3758
3680 3759
3681 3682
3681 3759
3682 3759
3682 3760
3683 3684
3683 3760
3684 3685
3684 3761
3685 3761
3685 3762
3686 3687
3686 3763
3686 3764
3687 3688
3687 3763
3687 3764
3687 3765
3688 3689
3688 3764
3688 3765
3689 3690
3689 3765
3690 3691
3690 3766
3691 3766
3691 3767
3692 3767
3692 3768
3693 3694
3693 3769
3694 3769
3694 3770
3695 3696
3695 3770
3695 3771
3696 3771
3697 3698
3697 3772
3698 3699
3698 3772
3698 3773
3699 3772
3699 3773
3699 3774
3700 3701
3700 3774
3700 3775
3700 3776
3701 3702
3701 3775
3701 3776
3701 3777
3702 3703
3702 3776
3702 3777
3702 3778
3703 3704
3703 3777
3703 3778
3703 3779
3704 3778
3704 3779
3705 3706
3705 3780
3706 3707
3706 3780
3706 3781
3707 3781
3708 3709
3708 3782
3709 3782
3709 3783
3710 3711
3710 3784
3711 3712
3711 3784
3711 3785
3712 3713
3712 3784
3712 3785
3712 3786
3713 3714
3713 3785
3713 3786
3713 3787
3714 3715
3714 3786
3714 3787
3714 3788
3715 3716
3715 3787
3715 3788
3715 3789
3716 3717
3716 3788
3716 3789
3716 3790
3717 3789
3717 3790
3718 3719
3718 3791
3719 3720
3719 3791
3720 3721
3720 3791
3720 3792
3721 3792
3721 3793
3722 3723
3722 3793
3722 3794
3722 3795
3723 3724
3723 3794
3723 3795
3724 3725
3724 3795
3724 3796
3725 3726
3725 3796
3725 3797
3726 3727
3726 3796
3726 3797
3727 3728
3727 3797
3728 3729
3729 3730
3729 3798
3730 3731
3730 3798
3731 3798
3731 3799
3732 3799
3732 3800
3732 3801
3733 3734
3733 3801
3733 3802
3733 3803
3734 3802
3734 3803
3734 3804
3735 3736
3735 3804
3735 3805
3735 3806
3736 3737
3736 3805
3736 3806
3736 3807
3737 3738
3737 3806
3737 3807
3737 3808
3738 3739
3738 3807
3738 3808
3738 3809
3739 3740
3739 3808
3739 3809
3739 3810
3740 3809
3740 3810
3740 3811
3741 3742
3741 3811
3741 3812
3741 3813
3742 3743
3742 3812
3742 3813
3742 3814
3743 3744
3743 3813
3743 3814
3743 3815
3744 3745
3744 3814
3744 3815
3745 3746
3745 3815
3745 3816
3746 3747
3746 3816
3746 3817
3747 3748
3747 3816
3747 3817
3747 3818
3748 3749
3748 3817
3748 3818
3748 3819
3749 3818
3749 3819
3749 3820
3750 3751
3750 3820
3750 3821
3750 3822
3751 3821
3751 3822
3751 3823
3752 3753
3752 3823
3752 3824
3752 3825
3753 3754
3753 3824
3753 3825
3753 3826
3754 3825
3754 3826
3754 3827
3755 3756
3755 3827
3755 3828
3756 3828
3756 3829
3757 3758
3757 3829
3757 3830
3757 3831
3758 3830
3758 3831
3759 3832
3759 3833
3760 3833
3760 3834
3761 3762
3761 3835
3761 3836
3762 3835
3762 3836
3762 3837
3763 3764
3763 3837
3763 3838
3763 3839
3764 3765
3764 3838
3764 3839
3764 3840
3765 3839
3765 3840
3765 3841
3766 3767
3766 3842
3767 3768
3767 3842
3768 3842
3769 3770
3769 3843
3769 3844
3769 3845
3770 3771
3770 3844
3770 3845
3770 3846
3771 3845
3771 3846
3771 3847
3772 3773
3772 3849
3773 3774
3773 3849
3773 3850
3774 3775
3774 3849
3774 3850
3774 3851
3775 3776
3775 3850
3775 3851
3776 3777
3776 3851
3776 3852
3777 3778
3777 3852
3777 3853
3778 3779
3778 3852
3778 3853
3778 3854
3779 3853
3779 3854
3779 3855
3780 3855
3780 3856
3781 3857
3782 3783
3782 3858
3782 3859
3782 3860
3783 3859
3783 3860
3783 3861
3784 3785
3784 3862
3784 3863
3785 3786
3785 3863
3785 3864
3786 3787
3786 3863
3786 3864
3786 3865
3787 3788
3787 3864
3787 3865
3787 3866
3788 3789
3788 3865
3788 3866
3788 3867
3789 3790
3789 3866
3789 3867
3789 3868
3790 3867
3790 3868
3790 3869
3791 3870
3791 3871
3792 3793
3792 3871
3792 3872
3793 3794
3793 3872
3793 3873
3794 3795
3794 3873
3794 3874
3795 3873
3795 3874
3796 3797
3796 3875
3796 3876
3797 3875
3797 3876
3798 3877
3798 3878
3798 3879
3799 3800
3799 3879
3799 3880
3799 3881
3800 3801
3800 3880
3800 3881
3800 3882
3801 3802
3801 3881
3801 3882
3802 3803
3802 3882
3802 3883
3803 3804
3803 3883
3803 3884
3804 3805
3804 3883
3804 3884
3804 3885
3805 3806
3805 3884
3805 3885
3805 3886
3806 3807
3806 3885
3806 3886
3806 3887
3807 3808
3807 3886
3807 3887
3807 3888
3808 3809
3808 3887
3808 3888
3808 3889
3809 3810
3809 3888
3809 3889
3809 3890
3810 3811
3810 3889
3810 3890
3810 3891
3811 3812
3811 3890
3811 3891
3811 3892
3812 3813
3812 3891
3812 3892
3813 3814
3813 3892
3814 3815
3814 3893
3815 3893
3815 3894
3816 3817
3816 3894
3816 3895
3817 3818
3817 3895
3817 3896
3818 3819
3818 3896
3818 3897
3819 3820
3819 3896
3819 3897
3820 3821
3820 3897
3820 3898
3821 3822
3821 3898
3822 3823
3822 3898
3822 3899
3823 3824
3823 3899
3823 3900
3824 3825
3824 3899
3824 3900
3824 3901
3825 3826
3825 3900
3825 3901
3826 3827
3826 3901
3826 3902
3827 3902
3827 3903
3828 3829
3828 3903
3828 3904
3828 3905
3829 3830
3829 3904
3829 3905
3829 3906
3830 3831
3830 3905
3830 3906
3831 3906
3831 3907
3832 3833
3832 3907
3832 3908
3832 3909
3833 3834
3833 3908
3833 3909
3833 3910
3834 3909
3834 3910
3834 3911
3835 3836
3835 3912
3836 3837
3836 3912
3837 3838
3837 3913
3838 3839
3838 3913
3838 3914
3839 3840
3839 3913
3839 3914
3839 3915
3840 3841
3840 3914
3840 3915
3840 3916
3841 3915
3841 3916
3841 3917
3842 3918
3842 3919
3842 3920
3843 3844
3843 3921
3843 3922
3844 3845
3844 3921
3844 3922
3844 3923
3845 3846
3845 3922
3845 3923
3845 3924
3846 3847
3846 3923
3846 3924
3846 3925
3847 3848
3847 3924
3847 3925
3847 3926
3848 3925
3848 3926
3848 3927
3849 3850
3849 3928
3850 3851
3850 3928
3850 3929
3851 3928
3851 3929
3851 3930
3852 3853
3852 3930
3852 3931
3852 3932
3853 3854
3853 3931
3853 3932
3853 3933
3854 3855
3854 3932
3854 3933
3854 3934
3855 3856
3855 3933
3855 3934
3855 3935
3856 3934
3856 3935
3857 3936
3857 3937
3858 3859
3858 3937
3858 3938
3858 3939
3859 3860
3859 3938
3859 3939
3860 3861
3860 3939
3860 3940
3861 3862
3861 3940
3862 3940
3862 3941
3863 3864
3863 3941
3863 3942
3863 3943
3864 3865
3864 3942
3864 3943
3864 3944
3865 3866
3865 3943
3865 3944
3865 3945
3866 3867
3866 3944
3866 3945
3866 3946
3867 3868
3867 3945
3867 3946
3867 3947
3868 3869
3868 3946
3868 3947
3868 3948
3869 3947
3869 3948
3869 3949
3870 3871
3870 3949
3870 3950
3870 3951
3871 3872
3871 3950
3871 3951
3871 3952
3872 3951
3872 3952
3872 3953
3873 3874
3873 3953
3873 3954
3873 3955
3874 3954
3874 3955
3875 3876
3875 3956
3875 3957
3876 3956
3876 3957
3876 3958
3877 3878
3877 3959
3877 3960
3877 3961
3878 3879
3878 3960
3878 3961
3878 3962
3879 3880
3879 3961
3879 3962
3880 3881
3880 3962
3880 3963
3881 3882
3881 3963
3881 3964
3882 3963
3882 3964
3882 3965
3883 3884
3883 3965
3883 3966
3883 3967
3884 3885
3884 3966
3884 3967
3884 3968
3885 3886
3885 3967
3885 3968
3886 3887
3886 3968
3886 3969
3887 3888
3887 3969
3888 3889
3888 3969
3888 3970
3889 3890
3889 3970
3890 3891
3890 3970
3890 3971
3891 3892
3891 3971
3891 3972
3892 3971
3892 3972
3893 3894
3893 3973
3893 3974
3893 3975
3894 3895
3894 3974
3894 3975
3895 3975
3896 3897
3896 3976
3896 3977
3897 3976
3897 3977
3897 3978
3898 3978
3898 3979
3898 3980
3899 3900
3899 3980
3899 3981
3899 3982
3900 3901
3900 3981
3900 3982
3900 3983
3901 3982
3901 3983
3901 3984
3902 3903
3902 3984
3902 3985
3902 3986
3903 3904
3903 3985
3903 3986
3903 3987
3904 3905
3904 3986
3904 3987
3904 3988
3905 3906
3905 3987
3905 3988
3905 3989
3906 3988
3906 3989
3907 3908
3907 3990
3907 3991
3908 3909
3908 3990
3908 3991
3909 3910
3909 3991
3909 3992
3910 3911
3910 3992
3910 3993
3911 3992
3911 3993
3911 3994
3912 3994
3912 3995
3912 3996
3913 3914
3913 3997
3913 3998
3913 3999
3914 3915
3914 3998
3914 3999
3914 4000
3915 3916
3915 3999
3915 4000
3915 4001
3916 3917
3916 4000
3916 4001
3916 4002
3917 3918
3917 4001
3917 4002
3917 4003
3918 3919
3918 4002
3918 4003
3919 3920
3919 4003
3921 3922
3921 4004
3921 4005
3922 3923
3922 4004
3922 4005
3922 4006
3923 3924
3923 4005
3923 4006
3923 4007
3924 3925
3924 4006
3924 4007
3924 4008
3925 3926
3925 4007
3925 4008
3926 3927
3926 4008
3927 4009
3928 3929
3928 4010
3928 4011
3928 4012
3929 3930
3929 4011
3929 4012
3929 4013
3930 3931
3930 4012
3930 4013
3930 4014
3931 3932
3931 4013
3931 4014
3931 4015
3932 3933
3932 4014
3932 4015
3932 4016
3933 3934
3933 4015
3933 4016
3933 4017
3934 3935
3934 4016
3934 4017
3934 4018
3935 4017
3935 4018
3935 4019
3936 3937
3936 4019
3936 4020
3936 4021
3937 3938
3937 4020
3937 4021
3937 4022
3938 3939
3938 4021
3938 4022
3939 4022
3940 4023
3941 3942
3941 4023
3941 4024
3941 4025
3942 3943
3942 4024
3942 4025
3942 4026
3943 3944
3943 4025
3943 4026
3943 4027
3944 3945
3944 4026
3944 4027
3944 4028
3945 3946
3945 4027
3945 4028
3945 4029
3946 3947
3946 4028
3946 4029
3946 4030
3947 3948
3947 4029
3947 4030
3948 3949
3948 4030
3948 4031
3949 3950
3949 4031
3949 4032
3950 3951
3950 4031
3950 4032
3950 4033
3951 3952
3951 4032
3951 4033
3951 4034
3952 3953
3952 4033
3952 4034
3952 4035
3953 3954
3953 4034
3953 4035
3953 4036
3954 3955
3954 4035
3954 4036
3954 4037
3955 4036
3955 4037
3955 4038
3956 3957
3956 4038
3957 3958
3957 4039
3958 3959
3958 4039
3958 4040
3959 3960
3959 4039
3959 4040
3960 3961
3960 4040
3960 4041
3961 3962
3961 4041
3961 4042
3962 4041
3962 4042
3962 4043
3963 3964
3963 4043
3963 4044
3964 3965
3964 4044
3964 4045
3965 3966
3965 4044
3965 4045
3966 3967
3966 4045
3966 4046
3967 3968
3967 4046
3967 4047
3968 4046
3968 4047
3968 4048
3969 4048
3969 4049
3970 4050
3970 4051
3971 3972
3971 4051
3971 4052
3972 4052
3972 4053
3973 3974
3973 4053
3973 4054
3973 4055
3974 3975
3974 4054
3974 4055
3974 4056
3975 4055
3975 4056
3975 4057
3976 3977
3976 4058
3976 4059
3976 4060
3977 3978
3977 4059
3977 4060
3977 4061
3978 3979
3978 4060
3978 4061
3978 4062
3979 3980
3979 4061
3979 4062
3980 3981
3980 4062
3980 4063
3981 3982
3981 4063
3982 3983
3982 4063
3982 4064
3983 3984
3983 4064
3983 4065
3984 3985
3984 4064
3984 4065
3985 3986
3985 4065
3986 3987
3987 3988
3987 4066
3988 3989
3988 4066
3989 4066
3989 4067
3990 3991
3990 4067
3990 4068
3991 4068
3991 4069
3992 3993
3992 4069
3993 3994
3993 4070
3994 3995
3994 4070
3994 4071
3995 3996
3995 4070
3995 4071
3996 3997
3996 4071
3997 3998
3997 4072
3998 3999
3998 4072
3999 4000
3999 4072
3999 4073
4000 4001
4000 4073
4001 4002
4001 4073
4001 4074
4002 4003
4002 4074
4002 4075
4003 4074
4003 4075
4003 4076
4004 4005
4005 4006
4005 4078
4006 4007
4006 4078
4006 4079
4007 4008
4007 4078
4007 4079
4007 4080
4008 4079
4008 4080
4008 4081
4009 4010
4009 4082
4009 4083
4009 4084
4010 4011
4010 4083
4010 4084
4010 4085
4011 4012
4011 4084
4011 4085
4011 4086
4012 4013
4012 4085
4012 4086
4012 4087
4013 4014
4013 4086
4013 4087
4013 4088
4014 4015
4014 4087
4014 4088
4015 4016
4015 4088
4016 4017
4017 4018
4017 4089
4018 4019
4018 4089
4018 4090
4019 4020
4019 4089
4019 4090
4019 4091
4020 4021
4020 4090
4020 4091
4020 4092
4021 4022
4021 4091
4021 4092
4022 4092
4023 4024
4023 4093
4023 4094
4024 4025
4024 4093
4024 4094
4024 4095
4025 4026
4025 4094
4025 4095
4025 4096
4026 4027
4026 4095
4026 4096
4026 4097
4027 4028
4027 4096
4027 4097
4028 4029
4028 4097
4028 4098
4029 4030
4029 4098
4029 4099
4030 4098
4030 4099
4030 4100
4031 4032
4031 4100
4031 4101
4032 4033
4032 4101
4032 4102
4033 4034
4033 4101
4033 4102
4033 4103
4034 4035
4034 4102
4034 4103
4034 4104
4035 4036
4035 4103
4035 4104
4035 4105
4036 4037
4036 4104
4036 4105
4036 4106
4037 4038
4037 4105
4037 4106
4038 4106
4038 4107
4039 4040
4039 4108
4039 4109
4040 4108
4040 4109
4040 4110
4041 4042
4041 4110
4041 4111
4041 4112
4042 4043
4042 4111
4042 4112
4042 4113
4043 4112
4043 4113
4043 4114
4044 4045
4044 4114
4044 4115
4045 4115
4045 4116
4046 4047
4046 4116
4046 4117
4046 4118
4047 4048
4047 4117
4047 4118
4047 4119
4048 4049
4048 4118
4048 4119
4049 4119
4050 4051
4050 4120
4051 4120
4051 4121
4052 4053
4052 4121
4052 4122
4053 4054
4053 4122
4053 4123
4054 4055
4054 4122
4054 4123
4054 4124
4055 4056
4055 4123
4055 4124
4056 4057
4056 4124
4056 4125
4057 4058
4057 4125
4057 4126
4058 4059
4058 4125
4058 4126
4058 4127
4059 4060
4059 4126
4059 4127
4060 4061
4060 4127
4061 4062
4061 4128
4062 4128
4062 4129
4063 4129
4063 4130
4064 4065
4064 4131
4064 4132
4065 4131
4065 4132
4065 4133
4066 4135
4066 4136
4066 4137
4067 4068
4067 4137
4067 4138
4068 4138
4068 4139
4069 4139
4069 4140
4069 4141
4070 4071
4070 4142
4071 4143
4072 4144
4072 4145
4072 4146
4073 4146
4073 4147
4073 4148
4074 4075
4074 4148
4074 4149
4075 4076
4075 4149
4075 4150
4076 4077
4076 4150
4076 4151
4077 4150
4077 4151
4078 4079
4078 4153
4078 4154
4078 4155
4079 4080
4079 4154
4079 4155
4079 4156
4080 4081
4080 4155
4080 4156
4080 4157
4081 4082
4081 4156
4081 4157
4081 4158
4082 4083
4082 4157
4082 4158
4082 4159
4083 4084
4083 4158
4083 4159
4083 4160
4084 4085
4084 4159
4084 4160
4084 4161
4085 4086
4085 4160
4085 4161
4085 4162
4086 4087
4086 4161
4086 4162
4086 4163
4087 4088
4087 4162
4087 4163
4087 4164
4088 4163
4088 4164
4088 4165
4089 4090
4089 4167
4089 4168
4090 4091
4090 4167
4090 4168
4090 4169
4091 4092
4091 4168
4091 4169
4091 4170
4092 4169
4092 4170
4093 4094
4093 4173
4093 4174
4093 4175
4094 4095
4094 4174
4094 4175
4095 4096
4095 4175
4096 4097
4096 4176
4097 4176
4097 4177
4098 4099
4098 4177
4098 4178
4098 4179
4099 4100
4099 4178
4099 4179
4099 4180
4100 4179
4100 4180
4101 4102
4101 4181
4101 4182
4102 4103
4102 4181
4102 4182
4102 4183
4103 4104
4103 4182
4103 4183
4103 4184
4104 4105
4104 4183
4104 4184
4105 4106
4105 4184
4105 4185
4106 4185
4106 4186
4107 4186
4107 4187
4107 4188
4108 4109
4108 4188
4108 4189
4108 4190
4109 4110
4109 4189
4109 4190
4109 4191
4110 4111
4110 4190
4110 4191
4110 4192
4111 4112
4111 4191
4111 4192
4111 4193
4112 4113
4112 4192
4112 4193
4112 4194
4113 4114
4113 4193
4113 4194
4113 4195
4114 4115
4114 4194
4114 4195
4114 4196
4115 4195
4115 4196
4115 4197
4116 4117
4116 4197
4116 4198
4116 4199
4117 4118
4117 4198
4117 4199
4117 4200
4118 4119
4118 4199
4118 4200
4118 4201
4119 4200
4119 4201
4119 4202
4120 4121
4120 4204
4120 4205
4120 4206
4121 4205
4121 4206
4121 4207
4122 4123
4122 4207
4122 4208
4123 4124
4123 4208
4123 4209
4124 4208
4124 4209
4124 4210
4125 4126
4125 4210
4125 4211
4126 4127
4126 4211
4126 4212
4127 4211
4127 4212
4127 4213
4128 4129
4128 4214
4128 4215
4128 4216
4129 4130
4129 4215
4129 4216
4129 4217
4130 4216
4130 4217
4131 4132
4131 4218
4131 4219
4132 4133
4132 4218
4132 4219
4132 4220
4133 4134
4133 4219
4133 4220
4133 4221
4134 4135
4134 4220
4134 4221
4134 4222
4135 4136
4135 4221
4135 4222
4135 4223
4136 4137
4136 4222
4136 4223
4136 4224
4137 4138
4137 4223
4137 4224
4138 4224
4138 4225
4139 4140
4139 4225
4139 4226
4139 4227
4140 4141
4140 4226
4140 4227
4140 4228
4141 4142
4141 4227
4141 4228
4141 4229
4142 4228
4142 4229
4142 4230
4143 4144
4143 4231
4144 4145
4145 4146
4145 4232
4146 4147
4146 4232
4146 4233
4147 4148
4147 4232
4147 4233
4147 4234
4148 4149
4148 4233
4148 4234
4148 4235
4149 4234
4149 4235
4150 4151
4150 4236
4151 4236
4152 4153
4152 4237
4152 4238
4153 4154
4153 4237
4153 4238
4153 4239
4154 4155
4154 4238
4154 4239
4154 4240
4155 4156
4155 4239
4155 4240
4155 4241
4156 4157
4156 4240
4156 4241
4157 4158
4157 4241
4157 4242
4158 4159
4158 4242
4158 4243
4159 4160
4159 4242
4159 4243
4159 4244
4160 4161
4160 4243
4160 4244
4161 4162
4161 4244
4161 4245
4162 4163
4162 4245
4163 4164
4163 4245
4163 4246
4164 4165
4164 4246
4164 4247
4165 4166
4165 4246
4165 4247
4166 4247
4166 4248
4167 4168
4167 4248
4167 4249
4167 4250
4168 4169
4168 4249
4168 4250
4168 4251
4169 4170
4169 4250
4169 4251
4169 4252
4170 4251
4170 4252
4170 4253
4171 4172
4171 4253
4171 4254
4171 4255
4172 4173
4172 4254
4172 4255
4173 4174
4173 4255
4173 4256
4174 4175
4174 4256
4174 4257
4175 4256
4175 4257
4176 4177
4176 4258
4176 4259
4177 4178
4177 4259
4177 4260
4178 4179
4178 4260
4178 4261
4179 4180
4179 4260
4179 4261
4179 4262
4180 4261
4180 4262
4181 4182
4181 4263
4181 4264
4182 4183
4182 4263
4182 4264
4182 4265
4183 4184
4183 4264
4183 4265
4183 4266
4184 4265
4184 4266
4185 4186
4185 4267
4186 4187
4186 4267
4186 4268
4187 4188
4187 4268
4187 4269
4188 4189
4188 4268
4188 4269
4188 4270
4189 4190
4189 4269
4189 4270
4189 4271
4190 4191
4190 4270
4190 4271
4190 4272
4191 4192
4191 4271
4191 4272
4191 4273
4192 4193
4192 4272
4192 4273
4192 4274
4193 4194
4193 4273
4193 4274
4193 4275
4194 4195
4194 4274
4194 4275
4195 4196
4195 4275
4195 4276
4196 4197
4196 4276
4196 4277
4197 4198
4197 4276
4197 4277
4197 4278
4198 4199
4198 4277
4198 4278
4198 4279
4199 4200
4199 4278
4199 4279
4199 4280
4200 4201
4200 4279
4200 4280
4201 4202
4201 4280
4201 4281
4202 4203
4202 4281
4202 4282
4203 4204
4203 4281
4203 4282
4203 4283
4204 4205
4204 4282
4204 4283
4204 4284
4205 4206
4205 4283
4205 4284
4206 4207
4206 4284
4206 4285
4207 4285
4207 4286
4208 4209
4208 4286
4208 4287
4208 4288
4209 4210
4209 4287
4209 4288
4209 4289
4210 4288
4210 4289
4211 4212
4211 4290
4212 4213
4212 4290
4212 4291
4213 4214
4213 4290
4213 4291
4214 4215
4214 4291
4215 4216
4215 4292
4216 4217
4216 4292
4216 4293
4217 4292
4217 4293
4218 4219
4218 4294
4218 4295
4219 4220
4219 4294
4219 4295
4219 4296
4220 4221
4220 4295
4220 4296
4220 4297
4221 4222
4221 4296
4221 4297
4221 4298
4222 4223
4222 4297
4222 4298
4222 4299
4223 4224
4223 4298
4223 4299
4223 4300
4224 4299
4224 4300
4225 4226
4225 4301
4225 4302
4226 4227
4226 4301
4226 4302
4227 4228
4227 4302
4227 4303
4228 4229
4228 4303
4228 4304
4229 4230
4229 4303
4229 4304
4229 4305
4230 4231
4230 4304
4230 4305
4230 4306
4231 4305
4231 4306
4231 4307
4232 4233
4232 4309
4233 4234
4233 4310
4234 4235
4234 4310
4234 4311
4235 4310
4235 4311
4236 4312
4236 4313
4237 4238
4237 4314
4238 4239
4238 4314
4238 4315
4239 4240
4239 4315
4239 4316
4240 4241
4240 4315
4240 4316
4240 4317
4241 4316
4241 4317
4242 4243
4242 4318
4243 4244
4243 4318
4243 4319
4244 4319
4244 4320
4245 4320
4245 4321
4245 4322
4246 4247
4246 4322
4246 4323
4247 4323
4247 4324
4248 4249
4248 4324
4248 4325
4248 4326
4249 4250
4249 4325
4249 4326
4249 4327
4250 4251
4250 4326
4250 4327
4250 4328
4251 4252
4251 4327
4251 4328
4251 4329
4252 4253
4252 4328
4252 4329
4252 4330
4253 4254
4253 4329
4253 4330
4253 4331
4254 4255
4254 4330
4254 4331
4254 4332
4255 4331
4255 4332
4255 4333
4256 4257
4256 4333
4257 4334
4258 4259
4258 4334
4258 4335
4258 4336
4259 4335
4259 4336
4259 4337
4260 4261
4260 4337
4260 4338
4260 4339
4261 4262
4261 4338
4261 4339
4261 4340
4262 4339
4262 4340
4262 4341
4263 4264
4263 4341
4263 4342
4264 4265
4264 4342
4264 4343
4265 4266
4265 4342
4265 4343
4265 4344
4266 4343
4266 4344
4266 4345
4267 4345
4267 4346
4267 4347
4268 4269
4268 4347
4268 4348
4268 4349
4269 4270
4269 4348
4269 4349
4269 4350
4270 4271
4270 4349
4270 4350
4270 4351
4271 4272
4271 4350
4271 4351
4272 4273
4272 4351
4273 4274
4273 4352
4274 4275
4274 4352
4274 4353
4275 4352
4275 4353
4275 4354
4276 4277
4276 4354
4276 4355
4276 4356
4277 4278
4277 4355
4277 4356
4277 4357
4278 4279
4278 4356
4278 4357
4279 4280
4279 4357
4279 4358
4280 4358
4280 4359
4281 4282
4281 4359
4281 4360
4281 4361
4282 4283
4282 4360
4282 4361
4282 4362
4283 4284
4283 4361
4283 4362
4283 4363
4284 4362
4284 4363
4284 4364
4285 4286
4285 4364
4285 4365
4285 4366
4286 4287
4286 4365
4286 4366
4287 4288
4287 4366
4287 4367
4288 4289
4288 4367
4288 4368
4289 4367
4289 4368
4289 4369
4290 4291
4290 4370
4290 4371
4290 4372
4291 4371
4291 4372
4291 4373
4292 4293
4292 4374
4292 4375
4292 4376
4293 4375
4293 4376
4293 4377
4294 4295
4294 4377
4294 4378
4294 4379
4295 4296
4295 4378
4295 4379
4296 4297
4296 4379
4296 4380
4297 4298
4297 4380
4297 4381
4298 4299
4298 4380
4298 4381
4299 4300
4299 4381
4299 4382
4300 4382
4300 4383
4301 4302
4301 4383
4301 4384
4302 4384
4302 4385
4303 4304
4303 4385
4303 4386
4303 4387
4304 4305
4304 4386
4304 4387
4305 4306
4305 4387
4305 4388
4306 4307
4306 4388
4306 4389
4307 4308
4307 4388
4307 4389
4308 4309
4308 4389
4308 4390
4309 4390
4309 4391
4310 4311
4310 4392
4310 4393
4310 4394
4311 4393
4311 4394
4311 4395
4312 4313
4312 4395
4312 4396
4312 4397
4313 4396
4313 4397
4314 4398
4314 4399
4315 4316
4315 4399
4315 4400
4315 4401
4316 4317
4316 4400
4316 4401
4316 4402
4317 4401
4317 4402
4317 4403
4318 4403
4318 4404
4318 4405
4319 4320
4319 4405
4319 4406
4320 4321
4320 4406
4320 4407
4321 4322
4321 4407
4321 4408
4322 4407
4322 4408
4322 4409
4323 4324
4323 4409
4323 4410
4323 4411
4324 4325
4324 4410
4324 4411
4324 4412
4325 4326
4325 4411
4325 4412
4326 4327
4326 4412
4326 4413
4327 4328
4327 4413
4327 4414
4328 4329
4328 4413
4328 4414
4328 4415
4329 4330
4329 4414
4329 4415
4329 4416
4330 4331
4330 4415
4330 4416
4330 4417
4331 4332
4331 4416
4331 4417
4332 4333
4332 4417
4332 4418
4333 4418
4333 4419
4334 4335
4334 4420
4334 4421
4335 4336
4335 4421
4335 4422
4336 4337
4336 4422
4337 4338
4337 4422
4337 4423
4338 4339
4338 4423
4338 4424
4339 4340
4339 4423
4339 4424
4340 4341
4340 4424
4340 4425
4341 4425
4341 4426
4342 4343
4342 4426
4342 4427
4342 4428
4343 4344
4343 4427
4343 4428
4343 4429
4344 4345
4344 4428
4344 4429
4344 4430
4345 4346
4345 4429
4345 4430
4345 4431
4346 4347
4346 4430
4346 4431
4347 4348
4347 4431
4347 4432
4348 4349
4348 4432
4349 4350
4349 4432
4349 4433
4350 4351
4350 4433
4350 4434
4351 4433
4351 4434
4351 4435
4352 4353
4352 4436
4352 4437
4353 4354
4353 4436
4353 4437
4354 4355
4354 4437
4354 4438
4355 4356
4355 4438
4355 4439
4356 4357
4356 4438
4356 4439
4356 4440
4357 4439
4357 4440
4358 4359
4358 4441
4359 4360
4359 4441
4359 4442
4360 4361
4360 4441
4360 4442
4361 4362
4361 4442
4361 4443
4362 4363
4362 4443
4363 4364
4363 4443
4363 4444
4364 4365
4364 4444
4364 4445
4365 4366
4365 4444
4365 4445
4365 4446
4366 4445
4366 4446
4366 4447
4367 4368
4367 4447
4367 4448
4368 4369
4368 4448
4368 4449
4369 4370
4369 4448
4369 4449
4369 4450
4370 4371
4370 4449
4370 4450
4370 4451
4371 4372
4371 4450
4371 4451
4371 4452
4372 4373
4372 4451
4372 4452
4372 4453
4373 4374
4373 4452
4373 4453
4373 4454
4374 4375
4374 4453
4374 4454
4374 4455
4375 4376
4375 4454
4375 4455
4375 4456
4376 4377
4376 4455
4376 4456
4376 4457
4377 4378
4377 4456
4377 4457
4377 4458
4378 4379
4378 4457
4378 4458
4378 4459
4379 4458
4379 4459
4379 4460
4380 4381
4380 4460
4380 4461
4381 4461
4381 4462
4382 4383
4382 4462
4382 4463
4382 4464
4383 4463
4383 4464
4383 4465
4384 4385
4384 4465
4384 4466
4384 4467
4385 4386
4385 4466
4385 4467
4385 4468
4386 4387
4386 4467
4386 4468
4386 4469
4387 4468
4387 4469
4388 4389
4388 4470
4389 4470
4389 4471
4390 4391
4390 4471
4390 4472
4390 4473
4391 4392
4391 4472
4391 4473
4391 4474
4392 4393
4392 4473
4392 4474
4392 4475
4393 4394
4393 4474
4393 4475
4393 4476
4394 4395
4394 4475
4394 4476
4394 4477
4395 4396
4395 4476
4395 4477
4395 4478
4396 4397
4396 4477
4396 4478
4396 4479
4397 4478
4397 4479
4398 4399
4398 4480
4399 4400
4399 4480
4399 4481
4400 4401
4400 4481
4400 4482
4401 4402
4401 4481
4401 4482
4401 4483
4402 4403
4402 4482
4402 4483
4403 4404
4403 4483
4403 4484
4404 4405
4404 4484
4404 4485
4405 4406
4405 4484
4405 4485
4405 4486
4406 4485
4406 4486
4406 4487
4407 4408
4407 4487
4407 4488
4407 4489
4408 4409
4408 4488
4408 4489
4408 4490
4409 4410
4409 4489
4409 4490
4409 4491
4410 4411
4410 4490
4410 4491
4411 4412
4411 4491
4411 4492
4412 4492
4412 4493
4413 4414
4413 4493
4413 4494
4413 4495
4414 4415
4414 4494
4414 4495
4414 4496
4415 4416
4415 4495
4415 4496
4416 4417
4416 4496
4416 4497
4417 4497
4417 4498
4418 4419
4418 4498
4418 4499
4418 4500
4419 4420
4419 4499
4419 4500
4419 4501
4420 4421
4420 4500
4420 4501
4420 4502
4421 4501
4421 4502
4421 4503
4422 4503
4422 4504
4422 4505
4423 4424
4423 4505
4423 4506
4423 4507
4424 4506
4424 4507
4424 4508
4425 4426
4425 4508
4425 4509
4425 4510
4426 4427
4426 4509
4426 4510
4427 4428
4427 4510
4427 4511
4428 4429
4428 4511
4428 4512
4429 4430
4429 4511
4429 4512
4430 4431
4430 4512
4430 4513
4431 4513
4433 4434
4433 4514
4433 4515
4434 4435
4434 4514
4434 4515
4434 4516
4435 4515
4435 4516
4435 4517
4436 4437
4436 4517
4436 4518
4436 4519
4437 4518
4437 4519
4437 4520
4438 4439
4438 4520
4438 4521
4438 4522
4439 4440
4439 4521
4439 4522
4440 4522
4440 4523
4441 4442
4441 4524
4441 4525
4442 4525
4442 4526
4443 4526
4443 4527
4443 4528
4444 4445
4444 4528
4444 4529
4445 4446
4445 4529
4445 4530
4446 4447
4446 4529
4446 4530
4446 4531
4447 4530
4447 4531
4447 4532
4448 4449
4448 4532
4448 4533
4448 4534
4449 4450
4449 4533
4449 4534
4449 4535
4450 4451
4450 4534
4450 4535
4450 4536
4451 4452
4451 4535
4451 4536
4451 4537
4452 4453
4452 4536
4452 4537
4452 4538
4453 4454
4453 4537
4453 4538
4453 4539
4454 4455
4454 4538
4454 4539
4454 4540
4455 4456
4455 4539
4455 4540
4455 4541
4456 4457
4456 4540
4456 4541
4456 4542
4457 4458
4457 4541
4457 4542
4457 4543
4458 4459
4458 4542
4458 4543
4458 4544
4459 4460
4459 4543
4459 4544
4459 4545
4460 4461
4460 4544
4460 4545
4460 4546
4461 4545
4461 4546
4461 4547
4462 4463
4462 4547
4462 4548
4463 4464
4463 4548
4463 4549
4464 4465
4464 4549
4465 4466
4465 4549
4466 4467
4467 4468
4467 4550
4468 4469
4468 4550
4468 4551
4469 4550
4469 4551
4469 4552
4470 4552
4470 4553
4471 4472
4471 4553
4471 4554
4471 4555
4472 4473
4472 4554
4472 4555
4472 4556
4473 4474
4473 4555
4473 4556
4473 4557
4474 4475
4474 4556
4474 4557
4474 4558
4475 4476
4475 4557
4475 4558
4476 4477
4476 4558
4476 4559
4477 4478
4477 4559
4477 4560
4478 4479
4478 4559
4478 4560
4478 4561
4479 4560
4479 4561
4480 4562
4480 4563
4481 4482
4481 4563
4481 4564
4482 4483
4482 4564
4482 4565
4483 4565
4483 4566
4484 4485
4484 4566
4484 4567
4484 4568
4485 4486
4485 4567
4485 4568
4485 4569
4486 4487
4486 4568
4486 4569
4487 4488
4487 4569
4488 4489
4488 4570
4489 4490
4489 4570
4489 4571
4490 4491
4490 4570
4490 4571
4490 4572
4491 4571
4491 4572
4491 4573
4492 4493
4492 4573
4492 4574
4492 4575
4493 4494
4493 4574
4493 4575
4493 4576
4494 4495
4494 4575
4494 4576
4495 4496
4495 4576
4495 4577
4496 4577
4496 4578
4497 4498
4497 4578
4498 4499
4498 4579
4499 4500
4499 4579
4499 4580
4500 4501
4500 4579
4500 4580
4500 4581
4501 4502
4501 4580
4501 4581
4501 4582
4502 4503
4502 4581
4502 4582
4502 4583
4503 4504
4503 4582
4503 4583
4503 4584
4504 4505
4504 4583
4504 4584
4504 4585
4505 4506
4505 4584
4505 4585
4505 4586
4506 4507
4506 4585
4506 4586
4506 4587
4507 4508
4507 4586
4507 4587
4507 4588
4508 4509
4508 4587
4508 4588
4508 4589
4509 4510
4509 4588
4509 4589
4509 4590
4510 4589
4510 4590
4510 4591
4511 4512
4511 4591
4512 4592
4513 4592
4513 4593
4513 4594
4514 4515
4514 4596
4514 4597
4514 4598
4515 4516
4515 4597
4515 4598
4516 4517
4516 4598
4516 4599
4517 4518
4517 4599
4518 4519
4518 4599
4518 4600
4519 4520
4519 4600
4519 4601
4520 4521
4520 4600
4520 4601
4520 4602
4521 4522
4521 4601
4521 4602
4521 4603
4522 4602
4522 4603
4522 4604
4523 4524
4523 4604
4523 4605
4523 4606
4524 4525
4524 4605
4524 4606
4525 4606
4525 4607
4526 4527
4526 4607
4526 4608
4526 4609
4527 4528
4527 4608
4527 4609
4527 4610
4528 4609
4528 4610
4528 4611
4529 4530
4529 4611
4529 4612
4530 4531
4530 4612
4530 4613
4531 4532
4531 4613
4532 4533
4532 4613
4533 4534
4533 4614
4534 4535
4534 4614
4534 4615
4535 4536
4535 4614
4535 4615
4535 4616
4536 4537
4536 4615
4536 4616
4537 4538
4537 4616
4537 4617
4538 4539
4538 4617
4539 4540
4539 4617
4539 4618
4540 4541
4540 4618
4541 4542
4541 4618
4542 4543
4543 4544
4543 4619
4544 4545
4544 4619
4544 4620
4545 4546
4545 4619
4545 4620
4545 4621
4546 4547
4546 4620
4546 4621
4547 4548
4547 4621
4548 4622
4549 4622
4549 4623
4549 4624
4550 4551
4550 4626
4550 4627
4551 4552
4551 4627
4551 4628
4552 4627
4552 4628
4552 4629
4553 4554
4553 4629
4553 4630
4553 4631
4554 4555
4554 4630
4554 4631
4555 4556
4555 4631
4555 4632
4556 4557
4556 4632
4556 4633
4557 4558
4557 4632
4557 4633
4557 4634
4558 4633
4558 4634
4558 4635
4559 4560
4559 4635
4559 4636
4560 4561
4560 4636
4562 4563
4562 4637
4563 4564
4563 4637
4563 4638
4564 4638
4565 4566
4565 4639
4565 4640
4566 4567
4566 4639
4566 4640
4567 4568
4567 4640
4567 4641
4568 4569
4568 4641
4568 4642
4569 4641
4569 4642
4569 4643
4570 4571
4570 4644
4570 4645
4570 4646
4571 4572
4571 4645
4571 4646
4571 4647
4572 4573
4572 4646
4572 4647
4572 4648
4573 4574
4573 4647
4573 4648
4573 4649
4574 4575
4574 4648
4574 4649
4574 4650
4575 4576
4575 4649
4575 4650
4576 4650
4577 4578
4577 4651
4577 4652
4578 4651
4578 4652
4579 4580
4579 4653
4579 4654
4579 4655
4580 4581
4580 4654
4580 4655
4580 4656
4581 4582
4581 4655
4581 4656
4581 4657
4582 4583
4582 4656
4582 4657
4582 4658
4583 4584
4583 4657
4583 4658
4584 4585
4584 4658
4584 4659
4585 4586
4585 4659
4585 4660
4586 4587
4586 4659
4586 4660
4586 4661
4587 4588
4587 4660
4587 4661
4588 4589
4588 4661
4589 4590
4589 4662
4590 4591
4590 4662
4590 4663
4591 4662
4591 4663
4592 4593
4592 4664
4592 4665
4592 4666
4593 4594
4593 4665
4593 4666
4593 4667
4594 4595
4594 4666
4594 4667
4594 4668
4595 4596
4595 4667
4595 4668
4595 4669
4596 4597
4596 4668
4596 4669
4596 4670
4597 4598
4597 4669
4597 4670
4598 4670
4598 4671
4599 4671
4599 4672
4599 4673
4600 4601
4600 4673
4600 4674
4600 4675
4601 4602
4601 4674
4601 4675
4601 4676
4602 4603
4602 4675
4602 4676
4603 4604
4603 4676
4603 4677
4604 4605
4604 4677
4604 4678
4605 4606
4605 4677
4605 4678
4605 4679
4606 4678
4606 4679
4606 4680
4607 4608
4607 4680
4607 4681
4607 4682
4608 4609
4608 4681
4608 4682
4609 4610
4609 4682
4609 4683
4610 4611
4610 4683
4610 4684
4611 4612
4611 4683
4611 4684
4611 4685
4612 4684
4612 4685
4612 4686
4613 4686
4613 4687
4613 4688
4614 4615
4614 4689
4615 4616
4615 4689
4615 4690
4616 4690
4616 4691
4617 4691
4617 4692
4617 4693
4618 4693
4618 4694
4618 4695
4619 4620
4619 4696
4619 4697
4619 4698
4620 4621
4620 4697
4620 4698
4620 4699
4621 4698
4621 4699
4622 4623
4622 4700
4622 4701
4622 4702
4623 4624
4623 4701
4623 4702
4623 4703
4624 4625
4624 4702
4624 4703
4624 4704
4625 4626
4625 4703
4625 4704
4626 4704
4626 4705
4627 4628
4627 4705
4627 4706
4627 4707
4628 4629
4628 4706
4628 4707
4628 4708
4629 4630
4629 4707
4629 4708
4629 4709
4630 4631
4630 4708
4630 4709
4630 4710
4631 4709
4631 4710
4631 4711
4632 4633
4632 4711
4632 4712
4633 4634
4633 4712
4633 4713
4634 4635
4634 4712
4634 4713
4634 4714
4635 4636
4635 4713
4635 4714
4635 4715
4636 4714
4636 4715
4636 4716
4637 4718
4639 4640
4639 4719
4639 4720
4640 4719
4640 4720
4640 4721
4641 4642
4641 4721
4642 4643
4643 4644
4644 4645
4644 4722
4645 4646
4645 4722
4645 4723
4646 4647
4646 4722
4646 4723
4646 4724
4647 4648
4647 4723
4647 4724
4647 4725
4648 4649
4648 4724
4648 4725
4648 4726
4649 4650
4649 4725
4649 4726
4649 4727
4650 4726
4650 4727
4650 4728
4651 4652
4651 4729
4651 4730
4652 4729
4652 4730
4652 4731
4653 4654
4653 4731
4653 4732
4653 4733
4654 4655
4654 4732
4654 4733
4654 4734
4655 4656
4655 4733
4655 4734
4655 4735
4656 4657
4656 4734
4656 4735
4656 4736
4657 4658
4657 4735
4657 4736
4657 4737
4658 4736
4658 4737
4658 4738
4659 4660
4659 4738
4659 4739
4659 4740
4660 4661
4660 4739
4660 4740
4660 4741
4661 4740
4661 4741
4661 4742
4662 4663
4662 4743
4662 4744
4662 4745
4663 4744
4663 4745
4663 4746
4664 4665
4664 4746
4664 4747
4665 4666
4665 4747
4665 4748
4666 4667
4666 4748
4666 4749
4667 4668
4667 4748
4667 4749
4667 4750
4668 4669
4668 4749
4668 4750
4668 4751
4669 4670
4669 4750
4669 4751
4669 4752
4670 4751
4670 4752
4670 4753
4671 4672
4671 4753
4671 4754
4671 4755
4672 4673
4672 4754
4672 4755
4672 4756
4673 4674
4673 4755
4673 4756
4673 4757
4674 4675
4674 4756
4674 4757
4674 4758
4675 4676
4675 4757
4675 4758
4676 4758
4676 4759
4677 4678
4677 4759
4677 4760
4677 4761
4678 4679
4678 4760
4678 4761
4679 4680
4679 4761
4679 4762
4680 4681
4680 4762
4680 4763
4681 4682
4681 4762
4681 4763
4681 4764
4682 4763
4682 4764
4682 4765
4683 4684
4683 4765
4683 4766
4684 4685
4684 4766
4684 4767
4685 4686
4685 4767
4685 4768
4686 4687
4686 4767
4686 4768
4686 4769
4687 4688
4687 4768
4687 4769
4687 4770
4688 4769
4688 4770
4689 4771
4689 4772
4690 4691
4690 4772
4690 4773
4690 4774
4691 4692
4691 4773
4691 4774
4691 4775
4692 4693
4692 4774
4692 4775
4692 4776
4693 4694
4693 4775
4693 4776
4693 4777
4694 4695
4694 4776
4694 4777
4694 4778
4695 4777
4695 4778
4695 4779
4696 4697
4696 4779
4696 4780
4697 4698
4697 4780
4697 4781
4698 4699
4698 4781
4698 4782
4699 4781
4699 4782
4700 4701
4700 4783
4700 4784
4701 4702
4701 4783
4701 4784
4701 4785
4702 4703
4702 4784
4702 4785
4703 4704
4703 4785
4703 4786
4704 4786
4704 4787
4705 4706
4705 4787
4705 4788
4705 4789
4706 4707
4706 4788
4706 4789
4707 4708
4707 4789
4707 4790
4708 4709
4708 4790
4708 4791
4709 4710
4709 4790
4709 4791
4710 4711
4710 4791
4710 4792
4711 4792
4711 4793
4712 4713
4712 4793
4712 4794
4712 4795
4713 4714
4713 4794
4713 4795
4714 4715
4714 4795
4714 4796
4715 4716
4715 4796
4715 4797
4716 4717
4716 4796
4716 4797
4716 4798
4717 4797
4717 4798
4718 4799
4718 4800
4719 4720
4719 4802
4719 4803
4719 4804
4720 4721
4720 4803
4720 4804
4720 4805
4721 4804
4721 4805
4721 4806
4722 4723
4722 4809
4722 4810
4722 4811
4723 4724
4723 4810
4723 4811
4723 4812
4724 4725
4724 4811
4724 4812
4725 4726
4725 4812
4726 4727
4726 4813
4727 4728
4727 4813
4727 4814
4728 4813
4728 4814
4728 4815
4729 4730
4729 4815
4729 4816
4729 4817
4730 4731
4730 4816
4730 4817
4730 4818
4731 4732
4731 4817
4731 4818
4731 4819
4732 4733
4732 4818
4732 4819
4732 4820
4733 4734
4733 4819
4733 4820
4733 4821
4734 4735
4734 4820
4734 4821
4734 4822
4735 4736
4735 4821
4735 4822
4735 4823
4736 4737
4736 4822
4736 4823
4736 4824
4737 4738
4737 4823
4737 4824
4737 4825
4738 4739
4738 4824
4738 4825
4738 4826
4739 4740
4739 4825
4739 4826
4739 4827
4740 4741
4740 4826
4740 4827
4740 4828
4741 4742
4741 4827
4741 4828
4741 4829
4742 4743
4742 4828
4742 4829
4742 4830
4743 4744
4743 4829
4743 4830
4744 4745
4744 4830
4744 4831
4745 4746
4745 4831
4745 4832
4746 4747
4746 4831
4746 4832
4747 4832
4747 4833
4748 4749
4748 4833
4748 4834
4749 4750
4749 4834
4749 4835
4750 4751
4750 4834
4750 4835
4750 4836
4751 4752
4751 4835
4751 4836
4751 4837
4752 4753
4752 4836
4752 4837
4752 4838
4753 4754
4753 4837
4753 4838
4753 4839
4754 4755
4754 4838
4754 4839
4754 4840
4755 4756
4755 4839
4755 4840
4756 4757
4756 4840
4756 4841
4757 4758
4757 4841
4757 4842
4758 4841
4758 4842
4758 4843
4759 4760
4759 4843
4759 4844
4760 4761
4760 4844
4760 4845
4761 4845
4761 4846
4762 4763
4762 4846
4762 4847
4762 4848
4763 4764
4763 4847
4763 4848
4763 4849
4764 4765
4764 4848
4764 4849
4764 4850
4765 4766
4765 4849
4765 4850
4766 4850
4766 4851
4767 4768
4767 4851
4767 4852
4768 4769
4768 4852
4768 4853
4769 4770
4769 4853
4769 4854
4770 4853
4770 4854
4770 4855
4771 4772
4771 4855
4771 4856
4771 4857
4772 4773
4772 4856
4772 4857
4772 4858
4773 4774
4773 4857
4773 4858
4773 4859
4774 4775
4774 4858
4774 4859
4774 4860
4775 4776
4775 4859
4775 4860
4775 4861
4776 4777
4776 4860
4776 4861
4776 4862
4777 4778
4777 4861
4777 4862
4778 4779
4778 4862
4778 4863
4779 4780
4779 4863
4779 4864
4780 4863
4780 4864
4780 4865
4781 4782
4781 4865
4781 4866
4781 4867
4782 4866
4782 4867
4782 4868
4783 4784
4783 4868
4783 4869
4783 4870
4784 4785
4784 4869
4784 4870
4784 4871
4785 4870
4785 4871
4785 4872
4786 4787
4786 4872
4786 4873
4787 4788
4787 4873
4788 4789
4788 4873
4789 4874
4790 4791
4790 4874
4790 4875
4790 4876
4791 4875
4791 4876
4791 4877
4792 4793
4792 4877
4792 4878
4792 4879
4793 4794
4793 4878
4793 4879
4793 4880
4794 4795
4794 4879
4794 4880
4795 4880
4795 4881
4796 4797
4796 4881
4796 4882
4796 4883
4797 4798
4797 4882
4797 4883
4797 4884
4798 4883
4798 4884
4799 4800
4799 4885
4799 4886
4800 4801
4800 4885
4800 4886
4801 4802
4801 4886
4801 4887
4802 4803
4802 4887
4802 4888
4803 4804
4803 4887
4803 4888
4803 4889
4804 4805
4804 4888
4804 4889
4804 4890
4805 4806
4805 4889
4805 4890
4805 4891
4806 4807
4806 4890
4806 4891
4806 4892
4807 4808
4807 4891
4807 4892
4807 4893
4808 4809
4808 4892
4808 4893
4808 4894
4809 4810
4809 4893
4809 4894
4809 4895
4810 4811
4810 4894
4810 4895
4810 4896
4811 4812
4811 4895
4811 4896
4811 4897
4812 4896
4812 4897
4813 4814
4813 4898
4813 4899
4813 4900
4814 4815
4814 4899
4814 4900
4814 4901
4815 4816
4815 4900
4815 4901
4815 4902
4816 4817
4816 4901
4816 4902
4817 4818
4817 4902
4817 4903
4818 4819
4818 4903
4818 4904
4819 4820
4819 4903
4819 4904
4819 4905
4820 4821
4820 4904
4820 4905
4820 4906
4821 4822
4821 4905
4821 4906
4821 4907
4822 4823
4822 4906
4822 4907
4822 4908
4823 4824
4823 4907
4823 4908
4823 4909
4824 4825
4824 4908
4824 4909
4824 4910
4825 4826
4825 4909
4825 4910
4825 4911
4826 4827
4826 4910
4826 4911
4827 4828
4827 4911
4827 4912
4828 4829
4828 4912
4828 4913
4829 4830
4829 4912
4829 4913
4829 4914
4830 4913
4830 4914
4830 4915
4831 4832
4831 4915
4831 4916
4831 4917
4832 4916
4832 4917
4832 4918
4833 4918
4833 4919
4834 4835
4834 4920
4834 4921
4835 4836
4835 4920
4835 4921
4835 4922
4836 4837
4836 4921
4836 4922
4836 4923
4837 4838
4837 4922
4837 4923
4837 4924
4838 4839
4838 4923
4838 4924
4838 4925
4839 4840
4839 4924
4839 4925
4839 4926
4840 4925
4840 4926
4840 4927
4841 4842
4841 4927
4841 4928
4841 4929
4842 4843
4842 4928
4842 4929
4842 4930
4843 4844
4843 4929
4843 4930
4843 4931
4844 4930
4844 4931
4844 4932
4845 4846
4845 4932
4845 4933
4845 4934
4846 4847
4846 4933
4846 4934
4846 4935
4847 4848
4847 4934
4847 4935
4847 4936
4848 4849
4848 4935
4848 4936
4848 4937
4849 4850
4849 4936
4849 4937
4849 4938
4850 4937
4850 4938
4850 4939
4851 4852
4851 4939
4851 4940
4852 4940
4852 4941
4853 4854
4853 4941
4853 4942
4853 4943
4854 4855
4854 4942
4854 4943
4854 4944
4855 4856
4855 4943
4855 4944
4856 4857
4856 4944
4857 4858
4857 4945
4858 4859
4858 4945
4858 4946
4859 4860
4859 4945
4859 4946
4860 4861
4860 4946
4861 4862
4861 4947
4862 4947
4862 4948
4863 4864
4863 4948
4863 4949
4864 4865
4864 4949
4864 4950
4865 4866
4865 4950
4865 4951
4866 4867
4866 4950
4866 4951
4866 4952
4867 4868
4867 4951
4867 4952
4867 4953
4868 4869
4868 4952
4868 4953
4868 4954
4869 4870
4869 4953
4869 4954
4869 4955
4870 4871
4870 4954
4870 4955
4871 4872
4871 4955
4871 4956
4872 4956
4872 4957
4873 4957
4873 4958
4873 4959
4874 4875
4874 4960
4875 4876
4875 4961
4876 4877
4876 4961
4876 4962
4877 4878
4877 4961
4877 4962
4877 4963
4878 4879
4878 4962
4878 4963
4878 4964
4879 4880
4879 4963
4879 4964
4879 4965
4880 4964
4880 4965
4880 4966
4881 4882
4881 4966
4881 4967
4881 4968
4882 4883
4882 4967
4882 4968
4882 4969
4883 4884
4883 4968
4883 4969
4883 4970
4884 4969
4884 4970
4885 4886
4885 4971
4886 4971
4886 4972
4887 4888
4887 4972
4887 4973
4888 4889
4888 4973
4888 4974
4889 4890
4889 4974
4889 4975
4890 4891
4890 4974
4890 4975
4890 4976
4891 4892
4891 4975
4891 4976
4891 4977
4892 4893
4892 4976
4892 4977
4893 4894
4893 4977
4893 4978
4894 4895
4894 4978
4895 4896
4895 4978
4895 4979
4896 4897
4896 4979
4896 4980
4897 4979
4897 4980
4897 4981
4898 4899
4898 4981
4898 4982
4898 4983
4899 4900
4899 4982
4899 4983
4899 4984
4900 4901
4900 4983
4900 4984
4900 4985
4901 4902
4901 4984
4901 4985
4901 4986
4902 4985
4902 4986
4903 4904
4903 4987
4904 4905
4904 4987
4904 4988
4905 4906
4905 4987
4905 4988
4905 4989
4906 4907
4906 4988
4906 4989
4906 4990
4907 4908
4907 4989
4907 4990
4907 4991
4908 4909
4908 4990
4908 4991
4908 4992
4909 4910
4909 4991
4909 4992
4909 4993
4910 4911
4910 4992
4910 4993
4910 4994
4911 4993
4911 4994
4911 4995
4912 4913
4912 4995
4912 4996
4913 4914
4913 4996
4913 4997
4914 4915
4914 4996
4914 4997
4914 4998
4915 4916
4915 4997
4915 4998
4915 4999
4916 4917
4916 4998
4916 4999
4917 4918
4917 4999
4918 4919
4919 5000
4920 4921
4920 5000
4920 5001
4921 4922
4921 5001
4921 5002
4922 4923
4922 5002
4922 5003
4923 4924
4923 5002
4923 5003
4923 5004
4924 4925
4924 5003
4924 5004
4924 5005
4925 4926
4925 5004
4925 5005
4925 5006
4926 4927
4926 5005
4926 5006
4926 5007
4927 4928
4927 5006
4927 5007
4927 5008
4928 4929
4928 5007
4928 5008
4928 5009
4929 4930
4929 5008
4929 5009
4929 5010
4930 4931
4930 5009
4930 5010
4931 4932
4931 5010
4931 5011
4932 4933
4932 5011
4932 5012
4933 4934
4933 5011
4933 5012
4933 5013
4934 4935
4934 5012
4934 5013
4935 4936
4935 5013
4935 5014
4936 4937
4936 5014
4937 4938
4937 5014
4937 5015
4938 4939
4938 5015
4938 5016
4939 4940
4939 5015
4939 5016
4939 5017
4940 5016
4940 5017
4940 5018
4941 4942
4941 5018
4941 5019
4942 4943
4942 5019
4943 4944
4943 5019
4943 5020
4944 5020
4944 5021
4945 4946
4945 5022
4945 5023
4945 5024
4946 5023
4946 5024
4946 5025
4947 4948
4947 5026
4947 5027
4947 5028
4948 4949
4948 5027
4948 5028
4949 5028
4949 5029
4950 4951
4950 5029
4950 5030
4950 5031
4951 4952
4951 5030
4951 5031
4951 5032
4952 4953
4952 5031
4952 5032
4952 5033
4953 4954
4953 5032
4953 5033
4953 5034
4954 4955
4954 5033
4954 5034
4954 5035
4955 5034
4955 5035
4955 5036
4956 4957
4956 5036
4956 5037
4956 5038
4957 4958
4957 5037
4957 5038
4957 5039
4958 4959
4958 5038
4958 5039
4958 5040
4959 4960
4959 5039
4959 5040
4959 5041
4960 5040
4960 5041
4960 5042
4961 4962
4961 5043
4961 5044
4962 4963
4962 5043
4962 5044
4962 5045
4963 4964
4963 5044
4963 5045
4963 5046
4964 4965
4964 5045
4964 5046
4964 5047
4965 4966
4965 5046
4965 5047
4965 5048
4966 4967
4966 5047
4966 5048
4966 5049
4967 4968
4967 5048
4967 5049
4967 5050
4968 4969
4968 5049
4968 5050
4968 5051
4969 4970
4969 5050
4969 5051
4969 5052
4970 5051
4970 5052
4971 5053
4971 5054
4972 4973
4972 5054
4972 5055
4972 5056
4973 5055
4973 5056
4973 5057
4974 4975
4974 5057
4974 5058
4974 5059
4975 4976
4975 5058
4975 5059
4975 5060
4976 4977
4976 5059
4976 5060
4976 5061
4977 5060
4977 5061
4977 5062
4978 5062
4978 5063
4978 5064
4979 4980
4979 5064
4979 5065
4980 4981
4980 5065
4980 5066
4981 4982
4981 5066
4982 4983
4982 5066
4982 5067
4983 4984
4983 5067
4983 5068
4984 4985
4984 5067
4984 5068
4985 4986
4985 5068
4985 5069
4986 5069
4986 5070
4987 4988
4987 5071
4987 5072
4988 4989
4988 5072
4988 5073
4989 4990
4989 5073
4989 5074
4990 4991
4990 5073
4990 5074
4990 5075
4991 4992
4991 5074
4991 5075
4991 5076
4992 4993
4992 5075
4992 5076
4992 5077
4993 4994
4993 5076
4993 5077
4994 4995
4994 5077
4994 5078
4995 5078
4995 5079
4996 4997
4996 5079
4996 5080
4996 5081
4997 4998
4997 5080
4997 5081
4998 4999
4998 5081
4998 5082
4999 5082
4999 5083
5000 5001
5000 5084
5000 5085
5000 5086
5001 5085
5001 5086
5001 5087
5002 5003
5002 5087
5002 5088
5002 5089
5003 5004
5003 5088
5003 5089
5004 5005
5004 5089
5004 5090
5005 5006
5005 5090
5005 5091
5006 5007
5006 5090
5006 5091
5007 5008
5007 5091
5008 5009
5009 5010
5009 5092
5010 5092
5010 5093
5011 5012
5011 5093
5011 5094
5011 5095
5012 5013
5012 5094
5012 5095
5013 5095
5013 5096
5014 5096
5015 5016
5015 5097
5015 5098
5016 5017
5016 5097
5016 5098
5016 5099
5017 5018
5017 5098
5017 5099
5017 5100
5018 5099
5018 5100
5018 5101
5019 5101
5019 5102
5019 5103
5020 5021
5020 5103
5020 5104
5020 5105
5021 5022
5021 5104
5021 5105
5021 5106
5022 5023
5022 5105
5022 5106
5022 5107
5023 5024
5023 5106
5023 5107
5023 5108
5024 5025
5024 5107
5024 5108
5025 5026
5025 5108
5025 5109
5026 5027
5026 5109
5026 5110
5027 5028
5027 5109
5027 5110
5027 5111
5028 5110
5028 5111
5028 5112
5029 5030
5029 5112
5029 5113
5029 5114
5030 5031
5030 5113
5030 5114
5030 5115
5031 5032
5031 5114
5031 5115
5031 5116
5032 5033
5032 5115
5032 5116
5032 5117
5033 5034
5033 5116
5033 5117
5033 5118
5034 5035
5034 5117
5034 5118
5034 5119
5035 5036
5035 5118
5035 5119
5035 5120
5036 5037
5036 5119
5036 5120
5037 5038
5037 5120
5037 5121
5038 5039
5038 5121
5038 5122
5039 5040
5039 5121
5039 5122
5039 5123
5040 5041
5040 5122
5040 5123
5040 5124
5041 5042
5041 5123
5041 5124
5041 5125
5042 5124
5042 5125
5042 5126
5043 5044
5043 5126
5043 5127
5043 5128
5044 5045
5044 5127
5044 5128
5045 5046
5045 5128
5045 5129
5046 5047
5046 5129
5047 5048
5047 5129
5047 5130
5048 5049
5048 5130
5049 5050
5049 5130
5049 5131
5050 5051
5050 5131
5050 5132
5051 5052
5051 5131
5051 5132
5051 5133
5052 5132
5052 5133
5053 5054
5053 5134
5053 5135
5054 5055
5054 5134
5054 5135
5055 5056
5055 5135
5055 5136
5056 5057
5056 5136
5056 5137
5057 5058
5057 5136
5057 5137
5057 5138
5058 5059
5058 5137
5058 5138
5059 5060
5059 5138
5059 5139
5060 5061
5060 5139
5060 5140
5061 5062
5061 5139
5061 5140
5061 5141
5062 5063
5062 5140
5062 5141
5062 5142
5063 5064
5063 5141
5063 5142
5063 5143
5064 5065
5064 5142
5064 5143
5064 5144
5065 5143
5065 5144
5065 5145
5066 5145
5066 5146
5066 5147
5067 5068
5067 5147
5067 5148
5067 5149
5068 5148
5068 5149
5068 5150
5069 5070
5069 5150
5069 5151
5070 5071
5070 5151
5070 5152
5071 5072
5071 5151
5071 5152
5071 5153
5072 5152
5072 5153
5072 5154
5073 5074
5073 5154
5073 5155
5073 5156
5074 5075
5074 5155
5074 5156
5074 5157
5075 5076
5075 5156
5075 5157
5075 5158
5076 5077
5076 5157
5076 5158
5076 5159
5077 5158
5077 5159
5077 5160
5078 5079
5078 5160
5078 5161
5078 5162
5079 5080
5079 5161
5079 5162
5080 5081
5080 5162
5080 5163
5081 5163
5081 5164
5082 5083
5082 5164
5082 5165
5082 5166
5083 5165
5083 5166
5084 5085
5084 5167
5085 5086
5085 5167
5085 5168
5086 5087
5086 5168
5087 5088
5087 5168
5087 5169
5088 5089
5088 5169
5088 5170
5089 5169
5089 5170
5089 5171
5090 5091
5090 5171
5090 5172
5091 5172
5092 5093
5092 5174
5092 5175
5092 5176
5093 5094
5093 5175
5093 5176
5093 5177
5094 5095
5094 5176
5094 5177
5094 5178
5095 5177
5095 5178
5095 5179
5096 5179
5096 5180
5096 5181
5097 5098
5097 5182
5097 5183
5097 5184
5098 5099
5098 5183
5098 5184
5099 5100
5099 5184
5099 5185
5100 5101
5100 5185
5100 5186
5101 5102
5101 5185
5101 5186
5101 5187
5102 5103
5102 5186
5102 5187
5102 5188
5103 5104
5103 5187
5103 5188
5103 5189
5104 5105
5104 5188
5104 5189
5104 5190
5105 5106
5105 5189
5105 5190
5105 5191
5106 5107
5106 5190
5106 5191
5106 5192
5107 5108
5107 5191
5107 5192
5107 5193
5108 5192
5108 5193
5108 5194
5109 5110
5109 5194
5109 5195
5109 5196
5110 5111
5110 5195
5110 5196
5110 5197
5111 5112
5111 5196
5111 5197
5111 5198
5112 5113
5112 5197
5112 5198
5112 5199
5113 5114
5113 5198
5113 5199
5113 5200
5114 5115
5114 5199
5114 5200
5114 5201
5115 5116
5115 5200
5115 5201
5115 5202
5116 5117
5116 5201
5116 5202
5117 5118
5117 5202
5117 5203
5118 5119
5118 5203
5118 5204
5119 5120
5119 5203
5119 5204
5119 5205
5120 5204
5120 5205
5121 5122
5121 5206
5122 5123
5122 5206
5122 5207
5123 5124
5123 5206
5123 5207
5123 5208
5124 5125
5124 5207
5124 5208
5124 5209
5125 5126
5125 5208
5125 5209
5125 5210
5126 5127
5126 5209
5126 5210
5126 5211
5127 5128
5127 5210
5127 5211
5127 5212
5128 5211
5128 5212
5128 5213
5129 5213
5129 5214
5129 5215
5130 5215
5130 5216
5130 5217
5131 5132
5131 5217
5131 5218
5132 5133
5132 5218
5132 5219
5133 5218
5133 5219
5134 5135
5134 5220
5134 5221
5135 5220
5135 5221
5135 5222
5136 5137
5136 5222
5136 5223
5137 5138
5137 5223
5138 5224
5139 5140
5139 5224
5139 5225
5139 5226
5140 5141
5140 5225
5140 5226
5140 5227
5141 5142
5141 5226
5141 5227
5142 5143
5142 5227
5142 5228
5143 5144
5143 5228
5143 5229
5144 5145
5144 5228
5144 5229
5144 5230
5145 5146
5145 5229
5145 5230
5145 5231
5146 5147
5146 5230
5146 5231
5147 5148
5147 5231
5147 5232
5148 5149
5148 5232
5148 5233
5149 5150
5149 5232
5149 5233
5150 5233
5150 5234
5151 5152
5151 5234
5151 5235
5152 5153
5152 5235
5152 5236
5153 5154
5153 5235
5153 5236
5153 5237
5154 5155
5154 5236
5154 5237
5155 5156
5155 5237
5155 5238
5156 5157
5156 5238
5157 5158
5157 5238
5157 5239
5158 5159
5158 5239
5158 5240
5159 5160
5159 5239
5159 5240
5159 5241
5160 5161
5160 5240
5160 5241
5160 5242
5161 5162
5161 5241
5161 5242
5161 5243
5162 5242
5162 5243
5162 5244
5163 5164
5163 5244
5163 5245
5163 5246
5164 5165
5164 5245
5164 5246
5164 5247
5165 5166
5165 5246
5165 5247
5165 5248
5166 5247
5166 5248
5167 5249
5167 5250
5168 5250
5168 5251
5168 5252
5169 5170
5169 5252
5169 5253
5169 5254
5170 5171
5170 5253
5170 5254
5170 5255
5171 5172
5171 5254
5171 5255
5171 5256
5172 5255
5172 5256
5172 5257
5173 5174
5173 5258
5173 5259
5174 5175
5174 5259
5174 5260
5175 5176
5175 5259
5175 5260
5175 5261
5176 5177
5176 5260
5176 5261
5176 5262
5177 5178
5177 5261
5177 5262
5178 5179
5178 5262
5179 5180
5179 5263
5180 5181
5180 5263
5180 5264
5181 5182
5181 5263
5181 5264
5181 5265
5182 5183
5182 5264
5182 5265
5182 5266
5183 5184
5183 5265
5183 5266
5183 5267
5184 5266
5184 5267
5184 5268
5185 5186
5185 5268
5185 5269
5185 5270
5186 5187
5186 5269
5186 5270
5186 5271
5187 5188
5187 5270
5187 5271
5188 5189
5188 5271
5188 5272
5189 5190
5189 5272
5189 5273
5190 5191
5190 5272
5190 5273
5191 5192
5191 5273
5191 5274
5192 5193
5192 5274
5193 5194
5193 5274
5193 5275
5194 5195
5194 5275
5194 5276
5195 5196
5195 5275
5195 5276
5195 5277
5196 5197
5196 5276
5196 5277
5196 5278
5197 5198
5197 5277
5197 5278
5197 5279
5198 5199
5198 5278
5198 5279
5198 5280
5199 5200
5199 5279
5199 5280
5199 5281
5200 5201
5200 5280
5200 5281
5200 5282
5201 5202
5201 5281
5201 5282
5201 5283
5202 5282
5202 5283
5202 5284
5203 5204
5203 5284
5203 5285
5203 5286
5204 5205
5204 5285
5204 5286
5204 5287
5205 5286
5205 5287
5205 5288
5206 5207
5206 5289
5206 5290
5206 5291
5207 5208
5207 5290
5207 5291
5207 5292
5208 5209
5208 5291
5208 5292
5208 5293
5209 5210
5209 5292
5209 5293
5210 5211
5210 5293
5210 5294
5211 5212
5211 5294
5212 5213
5212 5294
5213 5214
5213 5295
5214 5215
5214 5295
5214 5296
5215 5216
5215 5295
5215 5296
5216 5217
5216 5296
5216 5297
5217 5297
5218 5219
5218 5298
5219 5298
5220 5221
5220 5299
5220 5300
5221 5222
5221 5299
5221 5300
5221 5301
5222 5223
5222 5300
5222 5301
5223 5301
5223 5302
5224 5225
5224 5303
5225 5226
5225 5304
5226 5227
5226 5304
5226 5305
5227 5304
5227 5305
5227 5306
5228 5229
5228 5306
5228 5307
5228 5308
5229 5230
5229 5307
5229 5308
5229 5309
5230 5231
5230 5308
5230 5309
5230 5310
5231 5309
5231 5310
5232 5233
5232 5311
5232 5312
5233 5311
5233 5312
5233 5313
5234 5313
5234 5314
5235 5236
5235 5314
5235 5315
5236 5237
5236 5315
5236 5316
5237 5316
5238 5317
5238 5318
5239 5240
5239 5318
5239 5319
5239 5320
5240 5241
5240 5319
5240 5320
5241 5242
5241 5320
5242 5243
5242 5321
5243 5244
5243 5321
5243 5322
5244 5245
5244 5321
5244 5322
5244 5323
5245 5246
5245 5322
5245 5323
5246 5247
5246 5323
5246 5324
5247 5248
5247 5324
5247 5325
5248 5324
5248 5325
5248 5326
5249 5250
5249 5326
5249 5327
5250 5251
5250 5327
5250 5328
5251 5252
5251 5327
5251 5328
5251 5329
5252 5253
5252 5328
5252 5329
5252 5330
5253 5254
5253 5329
5253 5330
5253 5331
5254 5255
5254 5330
5254 5331
5255 5256
5255 5331
5255 5332
5256 5257
5256 5332
5256 5333
5257 5258
5257 5332
5257 5333
5257 5334
5258 5333
5258 5334
5258 5335
5259 5260
5259 5335
5259 5336
5259 5337
5260 5261
5260 5336
5260 5337
5261 5262
5261 5337
5261 5338
5262 5338
5262 5339
5263 5264
5263 5340
5263 5341
5263 5342
5264 5265
5264 5341
5264 5342
5264 5343
5265 5266
5265 5342
5265 5343
5265 5344
5266 5267
5266 5343
5266 5344
5266 5345
5267 5268
5267 5344
5267 5345
5267 5346
5268 5269
5268 5345
5268 5346
5269 5270
5269 5346
5269 5347
5270 5271
5270 5347
5270 5348
5271 5347
5271 5348
5272 5273
5272 5349
5273 5349
5274 5350
5274 5351
5275 5276
5275 5351
5275 5352
5276 5277
5276 5352
5276 5353
5277 5278
5277 5353
5278 5279
5278 5353
5278 5354
5279 5280
5279 5354
5279 5355
5280 5281
5280 5354
5280 5355
5280 5356
5281 5282
5281 5355
5281 5356
5281 5357
5282 5283
5282 5356
5282 5357
5282 5358
5283 5284
5283 5357
5283 5358
5283 5359
5284 5285
5284 5358
5284 5359
5284 5360
5285 5286
5285 5359
5285 5360
5285 5361
5286 5287
5286 5360
5286 5361
5286 5362
5287 5288
5287 5361
5287 5362
5287 5363
5288 5289
5288 5362
5288 5363
5288 5364
5289 5290
5289 5363
5289 5364
5289 5365
5290 5291
5290 5364
5290 5365
5290 5366
5291 5292
5291 5365
5291 5366
5291 5367
5292 5293
5292 5366
5292 5367
5292 5368
5293 5367
5293 5368
5293 5369
5294 5369
5294 5370
5295 5296
5295 5371
5295 5372
5296 5372
5297 5373
5297 5374
5298 5375
5298 5376
5299 5300
5299 5377
5299 5378
5300 5301
5300 5377
5300 5378
5300 5379
5301 5378
5301 5379
5301 5380
5302 5303
5302 5380
5302 5381
5302 5382
5303 5381
5303 5382
5303 5383
5304 5305
5304 5384
5304 5385
5305 5306
5305 5385
5305 5386
5306 5307
5306 5386
5307 5308
5307 5386
5308 5309
5308 5387
5309 5310
5309 5387
5310 5387
5310 5388
5311 5312
5311 5388
5311 5389
5311 5390
5312 5313
5312 5389
5312 5390
5312 5391
5313 5390
5313 5391
5313 5392
5314 5315
5314 5392
5314 5393
5314 5394
5315 5393
5315 5394
5316 5395
5317 5318
5317 5396
5317 5397
5318 5319
5318 5396
5318 5397
5318 5398
5319 5320
5319 5397
5319 5398
5320 5398
5320 5399
5321 5322
5321 5400
5321 5401
5321 5402
5322 5323
5322 5401
5322 5402
5322 5403
5323 5402
5323 5403
5323 5404
5324 5325
5324 5404
5324 5405
5324 5406
5325 5326
5325 5405
5325 5406
5325 5407
5326 5406
5326 5407
5327 5328
5327 5408
5327 5409
5328 5329
5328 5408
5328 5409
5328 5410
5329 5330
5329 5409
5329 5410
5329 5411
5330 5331
5330 5410
5330 5411
5330 5412
5331 5411
5331 5412
5331 5413
5332 5333
5332 5413
5332 5414
5332 5415
5333 5334
5333 5414
5333 5415
5333 5416
5334 5335
5334 5415
5334 5416
5334 5417
5335 5336
5335 5416
5335 5417
5335 5418
5336 5337
5336 5417
5336 5418
5337 5418
5337 5419
5338 5339
5338 5419
5338 5420
5339 5340
5339 5420
5339 5421
5340 5341
5340 5421
5341 5342
5341 5421
5341 5422
5342 5343
5342 5422
5343 5344
5343 5422
5343 5423
5344 5345
5344 5423
5345 5346
5345 5423
5345 5424
5346 5424
5346 5425
5347 5348
5347 5425
5347 5426
5348 5426
5348 5427
5349 5428
5350 5351
5350 5429
5350 5430
5351 5352
5351 5429
5351 5430
5351 5431
5352 5430
5352 5431
5352 5432
5353 5432
5353 5433
5353 5434
5354 5355
5354 5434
5354 5435
5354 5436
5355 5356
5355 5435
5355 5436
5355 5437
5356 5357
5356 5436
5356 5437
5356 5438
5357 5358
5357 5437
5357 5438
5357 5439
5358 5359
5358 5438
5358 5439
5358 5440
5359 5360
5359 5439
5359 5440
5359 5441
5360 5361
5360 5440
5360 5441
5360 5442
5361 5362
5361 5441
5361 5442
5361 5443
5362 5363
5362 5442
5362 5443
5362 5444
5363 5364
5363 5443
5363 5444
5363 5445
5364 5365
5364 5444
5364 5445
5364 5446
5365 5366
5365 5445
5365 5446
5366 5367
5366 5446
5366 5447
5367 5368
5367 5447
5367 5448
5368 5369
5368 5447
5368 5448
5369 5370
5369 5448
5369 5449
5370 5449
5370 5450
5371 5450
5371 5451
5371 5452
5372 5452
5372 5453
5373 5374
5373 5453
5373 5454
5373 5455
5374 5375
5374 5454
5374 5455
5374 5456
5375 5376
5375 5455
5375 5456
5375 5457
5376 5456
5376 5457
5377 5378
5377 5458
5377 5459
5378 5379
5378 5458
5378 5459
5379 5380
5379 5459
5379 5460
5380 5381
5380 5460
5380 5461
5381 5382
5381 5460
5381 5461
5382 5383
5382 5461
5382 5462
5383 5384
5383 5462
5383 5463
5384 5385
5384 5462
5384 5463
5385 5463
5385 5464
5386 5464
5386 5465
5386 5466
5387 5467
5387 5468
5388 5389
5388 5468
5388 5469
5388 5470
5389 5390
5389 5469
5389 5470
5390 5391
5390 5470
5390 5471
5391 5392
5391 5471
5391 5472
5392 5393
5392 5471
5392 5472
5392 5473
5393 5394
5393 5472
5393 5473
5393 5474
5394 5473
5394 5474
5394 5475
5395 5475
5395 5476
5396 5397
5396 5476
5396 5477
5396 5478
5397 5398
5397 5477
5397 5478
5397 5479
5398 5478
5398 5479
5399 5400
5399 5480
5400 5401
5400 5480
5400 5481
5401 5402
5401 5481
5401 5482
5402 5403
5402 5481
5402 5482
5402 5483
5403 5404
5403 5482
5403 5483
5403 5484
5404 5405
5404 5483
5404 5484
5405 5406
5405 5484
5405 5485
5406 5407
5406 5485
5406 5486
5407 5485
5407 5486
5407 5487
5408 5409
5408 5487
5408 5488
5408 5489
5409 5410
5409 5488
5409 5489
5409 5490
5410 5411
5410 5489
5410 5490
5410 5491
5411 5412
5411 5490
5411 5491
5411 5492
5412 5413
5412 5491
5412 5492
5412 5493
5413 5414
5413 5492
5413 5493
5413 5494
5414 5415
5414 5493
5414 5494
5415 5416
5415 5494
5416 5417
5416 5495
5417 5418
5417 5495
5417 5496
5418 5495
5418 5496
5418 5497
5419 5420
5419 5497
5419 5498
5420 5498
5420 5499
5421 5499
5421 5500
5421 5501
5422 5501
5422 5502
5422 5503
5423 5503
5423 5504
5424 5425
5424 5504
5424 5505
5425 5505
5426 5427
5426 5506
5426 5507
5427 5506
5427 5507
5428 5508
5428 5509
5429 5430
5429 5509
5429 5510
5429 5511
5430 5431
5430 5510
5430 5511
5430 5512
5431 5432
5431 5511
5431 5512
5432 5433
5432 5512
5432 5513
5433 5434
5433 5513
5433 5514
5434 5435
5434 5513
5434 5514
5434 5515
5435 5436
5435 5514
5435 5515
5435 5516
5436 5437
5436 5515
5436 5516
5436 5517
5437 5438
5437 5516
5437 5517
5437 5518
5438 5439
5438 5517
5438 5518
5439 5440
5439 5518
5439 5519
5440 5441
5440 5519
5440 5520
5441 5442
5441 5519
5441 5520
5441 5521
5442 5443
5442 5520
5442 5521
5442 5522
5443 5444
5443 5521
5443 5522
5443 5523
5444 5445
5444 5522
5444 5523
5444 5524
5445 5446
5445 5523
5445 5524
5445 5525
5446 5524
5446 5525
5447 5448
5447 5526
5447 5527
5448 5526
5448 5527
5448 5528
5449 5450
5449 5528
5449 5529
5449 5530
5450 5451
5450 5529
5450 5530
5451 5452
5451 5530
5451 5531
5452 5531
5452 5532
5453 5454
5453 5532
5453 5533
5453 5534
5454 5455
5454 5533
5454 5534
5454 5535
5455 5456
5455 5534
5455 5535
5455 5536
5456 5457
5456 5535
5456 5536
5456 5537
5457 5536
5457 5537
5458 5459
5458 5538
5458 5539
5459 5538
5459 5539
5460 5461
5460 5540
5460 5541
5461 5540
5461 5541
5461 5542
5462 5463
5462 5542
5462 5543
5462 5544
5463 5543
5463 5544
5464 5465
5464 5545
5464 5546
5465 5466
5465 5545
5465 5546
5466 5467
5466 5546
5466 5547
5467 5547
5467 5548
5468 5469
5468 5548
5469 5470
5469 5549
5470 5549
5470 5550
5471 5472
5471 5550
5471 5551
5471 5552
5472 5473
5472 5551
5472 5552
5472 5553
5473 5474
5473 5552
5473 5553
5473 5554
5474 5475
5474 5553
5474 5554
5474 5555
5475 5554
5475 5555
5475 5556
5476 5477
5476 5556
5476 5557
5476 5558
5477 5478
5477 5557
5477 5558
5477 5559
5478 5479
5478 5558
5478 5559
5479 5559
5479 5560
5480 5560
5480 5561
5480 5562
5481 5482
5481 5562
5481 5563
5482 5483
5482 5563
5482 5564
5483 5484
5483 5563
5483 5564
5483 5565
5484 5564
5484 5565
5484 5566
5485 5486
5485 5566
5485 5567
5486 5487
5486 5567
5486 5568
5487 5488
5487 5568
5487 5569
5488 5489
5488 5568
5488 5569
5488 5570
5489 5490
5489 5569
5489 5570
5490 5491
5490 5570
5490 5571
5491 5492
5491 5571
5491 5572
5492 5493
5492 5571
5492 5572
5492 5573
5493 5494
5493 5572
5493 5573
5493 5574
5494 5573
5494 5574
5494 5575
5495 5496
5495 5576
5495 5577
5495 5578
5496 5497
5496 5577
5496 5578
5496 5579
5497 5498
5497 5578
5497 5579
5497 5580
5498 5579
5498 5580
5498 5581
5499 5500
5499 5581
5499 5582
5500 5501
5500 5582
5500 5583
5501 5502
5501 5583
5501 5584
5502 5503
5502 5583
5502 5584
5502 5585
5503 5584
5503 5585
5504 5505
5505 5586
5506 5507
5506 5587
5506 5588
5506 5589
5507 5588
5507 5589
5508 5509
5508 5590
5509 5510
5509 5590
5509 5591
5510 5511
5510 5591
5510 5592
5511 5512
5511 5591
5511 5592
5512 5592
5512 5593
5513 5514
5513 5593
5513 5594
5513 5595
5514 5515
5514 5594
5514 5595
5515 5516
5515 5595
5515 5596
5516 5517
5516 5596
5517 5518
5517 5596
5517 5597
5518 5597
5518 5598
5519 5520
5519 5598
5519 5599
5520 5521
5520 5599
5520 5600
5521 5522
5521 5600
5521 5601
5522 5523
5522 5600
5522 5601
5522 5602
5523 5524
5523 5601
5523 5602
5523 5603
5524 5525
5524 5602
5524 5603
5524 5604
5525 5603
5525 5604
5525 5605
5526 5527
5526 5605
5526 5606
5526 5607
5527 5528
5527 5606
5527 5607
5527 5608
5528 5529
5528 5607
5528 5608
5528 5609
5529 5530
5529 5608
5529 5609
5529 5610
5530 5609
5530 5610
5530 5611
5531 5532
5531 5611
5531 5612
5531 5613
5532 5533
5532 5612
5532 5613
5533 5534
5533 5613
5533 5614
5534 5535
5534 5614
5534 5615
5535 5536
5535 5614
5535 5615
5536 5537
5536 5615
5536 5616
5537 5616
5538 5539
5538 5617
5539 5617
5539 5618
5540 5541
5540 5618
5541 5542
5541 5619
5542 5543
5542 5619
5542 5620
5543 5544
5543 5619
5543 5620
5543 5621
5544 5620
5544 5621
5545 5546
5545 5622
5545 5623
5546 5622
5546 5623
5547 5548
5547 5624
5547 5625
5548 5624
5548 5625
5548 5626
5549 5550
5549 5627
5549 5628
5549 5629
5550 5551
5550 5628
5550 5629
5550 5630
5551 5552
5551 5629
5551 5630
5551 5631
5552 5553
5552 5630
5552 5631
5552 5632
5553 5554
5553 5631
5553 5632
5553 5633
5554 5555
5554 5632
5554 5633
5554 5634
5555 5556
5555 5633
5555 5634
5555 5635
5556 5557
5556 5634
5556 5635
5556 5636
5557 5558
5557 5635
5557 5636
5557 5637
5558 5559
5558 5636
5558 5637
5558 5638
5559 5637
5559 5638
5559 5639
5560 5561
5560 5639
5560 5640
5561 5562
5561 5640
5561 5641
5562 5640
5562 5641
5563 5564
5563 5642
5563 5643
5564 5565
5564 5642
5564 5643
5564 5644
5565 5566
5565 5643
5565 5644
5565 5645
5566 5567
5566 5644
5566 5645
5566 5646
5567 5645
5567 5646
5567 5647
5568 5569
5568 5647
5568 5648
5568 5649
5569 5570
5569 5648
5569 5649
5570 5649
5570 5650
5571 5572
5571 5650
5571 5651
5571 5652
5572 5573
5572 5651
5572 5652
5572 5653
5573 5574
5573 5652
5573 5653
5573 5654
5574 5575
5574 5653
5574 5654
5574 5655
5575 5576
5575 5654
5575 5655
5575 5656
5576 5577
5576 5655
5576 5656
5577 5578
5577 5656
5578 5579
5578 5657
5579 5580
5579 5657
5580 5581
5580 5657
5580 5658
5581 5582
5581 5658
5581 5659
5582 5658
5582 5659
5583 5584
5583 5660
5584 5585
5584 5660
5584 5661
5585 5661
5585 5662
5586 5587
5586 5664
5586 5665
5587 5588
5587 5665
5587 5666
5588 5589
5588 5665
5588 5666
5588 5667
5589 5666
5589 5667
5589 5668
5590 5668
5590 5669
5591 5592
5591 5670
5592 5670
5592 5671
5593 5594
5593 5671
5593 5672
5593 5673
5594 5595
5594 5672
5594 5673
5594 5674
5595 5673
5595 5674
5595 5675
5596 5675
5596 5676
5597 5598
5597 5676
5597 5677
5597 5678
5598 5599
5598 5677
5598 5678
5599 5678
5600 5601
5600 5679
5601 5602
5601 5679
5601 5680
5602 5603
5602 5680
5602 5681
5603 5604
5603 5680
5603 5681
5603 5682
5604 5605
5604 5681
5604 5682
5604 5683
5605 5606
5605 5682
5605 5683
5605 5684
5606 5607
5606 5683
5606 5684
5606 5685
5607 5608
5607 5684
5607 5685
5607 5686
5608 5609
5608 5685
5608 5686
5609 5610
5609 5686
5609 5687
5610 5611
5610 5687
5610 5688
5611 5612
5611 5687
5611 5688
5611 5689
5612 5613
5612 5688
5612 5689
5612 5690
5613 5689
5613 5690
5614 5615
5614 5691
5615 5691
5615 5692
5616 5692
5616 5693
5617 5694
5617 5695
5618 5695
5618 5696
5618 5697
5619 5620
5619 5698
5619 5699
5619 5700
5620 5621
5620 5699
5620 5700
5620 5701
5621 5700
5621 5701
5622 5623
5622 5702
5622 5703
5623 5702
5623 5703
5624 5625
5624 5704
5624 5705
5625 5626
5625 5704
5625 5705
5625 5706
5626 5627
5626 5705
5626 5706
5626 5707
5627 5628
5627 5706
5627 5707
5627 5708
5628 5629
5628 5707
5628 5708
5628 5709
5629 5630
5629 5708
5629 5709
5629 5710
5630 5631
5630 5709
5630 5710
5630 5711
5631 5632
5631 5710
5631 5711
5632 5633
5632 5711
5632 5712
5633 5634
5633 5712
5633 5713
5634 5635
5634 5712
5634 5713
5634 5714
5635 5636
5635 5713
5635 5714
5635 5715
5636 5637
5636 5714
5636 5715
5637 5638
5637 5715
5637 5716
5638 5639
5638 5716
5638 5717
5639 5716
5639 5717
5639 5718
5640 5641
5640 5718
5640 5719
5640 5720
5641 5719
5641 5720
5642 5643
5642 5721
5642 5722
5643 5644
5643 5721
5643 5722
5643 5723
5644 5645
5644 5722
5644 5723
5645 5646
5645 5723
5645 5724
5646 5647
5646 5724
5646 5725
5647 5648
5647 5724
5647 5725
5647 5726
5648 5649
5648 5725
5648 5726
5649 5726
5649 5727
5650 5651
5650 5727
5650 5728
5650 5729
5651 5652
5651 5728
5651 5729
5651 5730
5652 5653
5652 5729
5652 5730
5652 5731
5653 5654
5653 5730
5653 5731
5654 5655
5654 5731
5654 5732
5655 5656
5655 5732
5655 5733
5656 5732
5656 5733
5656 5734
5657 5735
5657 5736
5658 5659
5658 5737
5658 5738
5659 5737
5659 5738
5659 5739
5660 5739
5660 5740
5660 5741
5661 5662
5661 5741
5661 5742
5661 5743
5662 5663
5662 5742
5662 5743
5662 5744
5663 5664
5663 5743
5663 5744
5663 5745
5664 5744
5664 5745
5665 5666
5665 5746
5666 5667
5666 5746
5666 5747
5667 5668
5667 5746
5667 5747
5667 5748
5668 5669
5668 5747
5668 5748
5668 5749
5669 5748
5669 5749
5669 5750
5670 5750
5670 5751
5670 5752
5671 5672
5671 5752
5671 5753
5671 5754
5672 5673
5672 5753
5672 5754
5672 5755
5673 5674
5673 5754
5673 5755
5673 5756
5674 5675
5674 5755
5674 5756
5674 5757
5675 5756
5675 5757
5676 5677
5676 5758
5677 5678
5677 5758
5677 5759
5678 5758
5678 5759
5678 5760
5679 5761
5679 5762
5679 5763
5680 5681
5680 5763
5680 5764
5681 5682
5681 5764
5682 5683
5682 5765
5683 5684
5683 5765
5683 5766
5684 5685
5684 5765
5684 5766
5684 5767
5685 5686
5685 5766
5685 5767
5686 5767
5686 5768
5687 5688
5687 5768
5687 5769
5688 5689
5688 5769
5688 5770
5689 5690
5689 5770
5689 5771
5690 5770
5690 5771
5690 5772
5691 5692
5691 5773
5691 5774
5692 5693
5692 5774
5692 5775
5693 5774
5693 5775
5694 5695
5694 5776
5694 5777
5695 5696
5695 5776
5695 5777
5695 5778
5696 5697
5696 5777
5696 5778
5696 5779
5697 5698
5697 5778
5697 5779
5697 5780
5698 5699
5698 5779
5698 5780
5698 5781
5699 5700
5699 5780
5699 5781
5699 5782
5700 5701
5700 5781
5700 5782
5700 5783
5701 5782
5701 5783
5701 5784
5702 5703
5702 5784
5702 5785
5702 5786
5703 5785
5703 5786
5703 5787
5704 5705
5704 5787
5704 5788
5704 5789
5705 5706
5705 5788
5705 5789
5705 5790
5706 5707
5706 5789
5706 5790
5706 5791
5707 5708
5707 5790
5707 5791
5708 5709
5708 5791
5708 5792
5709 5710
5709 5792
5709 5793
5710 5711
5710 5792
5710 5793
5711 5793
5712 5713
5712 5794
5713 5714
5713 5794
5713 5795
5714 5715
5714 5795
5714 5796
5715 5795
5715 5796
5715 5797
5716 5717
5716 5797
5716 5798
5717 5718
5717 5798
5717 5799
5718 5719
5718 5798
5718 5799
5718 5800
5719 5720
5719 5799
5719 5800
5719 5801
5720 5800
5720 5801
5720 5802
5721 5722
5721 5802
5721 5803
5721 5804
5722 5723
5722 5803
5722 5804
5722 5805
5723 5804
5723 5805
5723 5806
5724 5725
5724 5806
5724 5807
5724 5808
5725 5726
5725 5807
5725 5808
5725 5809
5726 5808
5726 5809
5726 5810
5727 5728
5727 5810
5727 5811
5727 5812
5728 5729
5728 5811
5728 5812
5728 5813
5729 5730
5729 5812
5729 5813
5729 5814
5730 5731
5730 5813
5730 5814
5730 5815
5731 5814
5731 5815
5731 5816
5732 5733
5732 5816
5732 5817
5732 5818
5733 5734
5733 5817
5733 5818
5733 5819
5734 5735
5734 5818
5734 5819
5735 5736
5735 5819
5735 5820
5736 5820
5736 5821
5737 5738
5737 5821
5737 5822
5737 5823
5738 5739
5738 5822
5738 5823
5739 5740
5739 5823
5740 5741
5741 5742
5741 5824
5742 5743
5742 5824
5743 5744
5743 5824
5743 5825
5744 5745
5744 5825
5744 5826
5745 5825
5745 5826
5745 5827
5746 5747
5746 5828
5746 5829
5747 5748
5747 5829
5747 5830
5748 5749
5748 5830
5748 5831
5749 5750
5749 5830
5749 5831
5749 5832
5750 5751
5750 5831
5750 5832
5750 5833
5751 5752
5751 5832
5751 5833
5752 5753
5752 5833
5753 5754
5754 5755
5754 5834
5755 5756
5755 5834
5755 5835
5756 5757
5756 5834
5756 5835
5757 5835
5757 5836
5758 5759
5758 5837
5759 5760
5759 5837
5759 5838
5760 5761
5760 5838
5760 5839
5761 5762
5761 5838
5761 5839
5761 5840
5762 5763
5762 5839
5762 5840
5763 5764
5763 5840
5763 5841
5764 5841
5764 5842
5765 5766
5765 5843
5765 5844
5765 5845
5766 5767
5766 5844
5766 5845
5766 5846
5767 5845
5767 5846
5767 5847
5768 5769
5768 5847
5768 5848
5769 5848
5769 5849
5770 5771
5770 5849
5771 5772
5771 5850
5772 5773
5772 5850
5772 5851
5773 5850
5773 5851
5773 5852
5774 5775
5774 5852
5774 5853
5774 5854
5775 5853
5775 5854
5776 5777
5776 5855
5776 5856
5777 5778
5777 5855
5777 5856
5777 5857
5778 5779
5778 5856
5778 5857
5778 5858
5779 5780
5779 5857
5779 5858
5779 5859
5780 5781
5780 5858
5780 5859
5780 5860
5781 5782
5781 5859
5781 5860
5781 5861
5782 5783
5782 5860
5782 5861
5782 5862
5783 5784
5783 5861
5783 5862
5783 5863
5784 5785
5784 5862
5784 5863
5785 5786
5785 5863
5785 5864
5786 5787
5786 5864
5786 5865
5787 5788
5787 5864
5787 5865
5787 5866
5788 5789
5788 5865
5788 5866
5788 5867
5789 5790
5789 5866
5789 5867
5789 5868
5790 5791
5790 5867
5790 5868
5790 5869
5791 5868
5791 5869
5791 5870
5792 5793
5792 5870
5792 5871
5792 5872
5793 5871
5793 5872
5793 5873
5794 5874
5794 5875
5795 5796
5795 5876
5795 5877
5796 5797
5796 5876
5796 5877
5796 5878
5797 5877
5797 5878
5797 5879
5798 5799
5798 5879
5798 5880
5798 5881
5799 5800
5799 5880
5799 5881
5800 5801
5800 5881
5801 5802
5802 5803
5802 5882
5803 5804
5803 5882
5803 5883
5804 5805
5804 5882
5804 5883
5804 5884
5805 5806
5805 5883
5805 5884
5805 5885
5806 5807
5806 5884
5806 5885
5806 5886
5807 5808
5807 5885
5807 5886
5807 5887
5808 5809
5808 5886
5808 5887
5808 5888
5809 5810
5809 5887
5809 5888
5809 5889
5810 5811
5810 5888
5810 5889
5810 5890
5811 5812
5811 5889
5811 5890
5811 5891
5812 5813
5812 5890
5812 5891
5813 5814
5813 5891
5813 5892
5814 5815
5814 5892
5814 5893
5815 5816
5815 5892
5815 5893
5815 5894
5816 5817
5816 5893
5816 5894
5817 5818
5817 5894
5817 5895
5818 5819
5818 5895
5818 5896
5819 5895
5819 5896
5819 5897
5820 5821
5820 5897
5820 5898
5820 5899
5821 5822
5821 5898
5821 5899
5821 5900
5822 5823
5822 5899
5822 5900
5823 5900
5824 5902
5824 5903
5824 5904
5825 5826
5825 5904
5825 5905
5826 5827
5826 5905
5826 5906
5827 5828
5827 5905
5827 5906
5827 5907
5828 5829
5828 5906
5828 5907
5829 5907
5829 5908
5830 5831
5830 5908
5830 5909
5830 5910
5831 5832
5831 5909
5831 5910
5832 5833
5832 5910
5832 5911
5833 5911
5833 5912
5834 5835
5834 5913
5834 5914
5834 5915
5835 5914
5835 5915
5835 5916
5836 5916
5836 5917
5836 5918
5837 5918
5837 5919
5837 5920
5838 5839
5838 5920
5838 5921
5838 5922
5839 5840
5839 5921
5839 5922
5840 5922
5840 5923
5841 5842
5841 5923
5841 5924
5841 5925
5842 5843
5842 5924
5842 5925
5842 5926
5843 5844
5843 5925
5843 5926
5843 5927
5844 5845
5844 5926
5844 5927
5844 5928
5845 5846
5845 5927
5845 5928
5845 5929
5846 5847
5846 5928
5846 5929
5846 5930
5847 5848
5847 5929
5847 5930
5847 5931
5848 5930
5848 5931
5848 5932
5849 5932
5849 5933
5850 5851
5850 5934
5851 5852
5851 5934
5851 5935
5852 5853
5852 5935
5852 5936
5853 5854
5853 5935
5853 5936
5853 5937
5854 5936
5854 5937
5855 5856
5855 5938
5855 5939
5856 5857
5856 5938
5856 5939
5856 5940
5857 5858
5857 5939
5857 5940
5857 5941
5858 5859
5858 5940
5858 5941
5858 5942
5859 5860
5859 5941
5859 5942
5859 5943
5860 5861
5860 5942
5860 5943
5860 5944
5861 5862
5861 5943
5861 5944
5861 5945
5862 5863
5862 5944
5862 5945
5862 5946
5863 5945
5863 5946
5863 5947
5864 5865
5864 5947
5864 5948
5865 5866
5865 5948
5865 5949
5866 5867
5866 5948
5866 5949
5867 5868
5867 5949
5867 5950
5868 5869
5868 5950
5868 5951
5869 5870
5869 5950
5869 5951
5869 5952
5870 5871
5870 5951
5870 5952
5871 5872
5871 5952
5871 5953
5872 5873
5872 5953
5873 5874
5873 5953
5874 5875
5874 5954
5875 5954
5876 5877
5876 5955
5877 5878
5877 5955
5877 5956
5878 5879
5878 5955
5878 5956
5878 5957
5879 5880
5879 5956
5879 5957
5879 5958
5880 5881
5880 5957
5880 5958
5880 5959
5881 5958
5881 5959
5881 5960
5882 5883
5882 5961
5882 5962
5882 5963
5883 5884
5883 5962
5883 5963
5883 5964
5884 5885
5884 5963
5884 5964
5884 5965
5885 5886
5885 5964
5885 5965
5885 5966
5886 5887
5886 5965
5886 5966
5886 5967
5887 5888
5887 5966
5887 5967
5887 5968
5888 5889
5888 5967
5888 5968
5888 5969
5889 5890
5889 5968
5889 5969
5889 5970
5890 5891
5890 5969
5890 5970
5890 5971
5891 5970
5891 5971
5891 5972
5892 5893
5892 5972
5892 5973
5892 5974
5893 5894
5893 5973
5893 5974
5893 5975
5894 5974
5894 5975
5894 5976
5895 5896
5895 5976
5895 5977
5895 5978
5896 5897
5896 5977
5896 5978
5896 5979
5897 5898
5897 5978
5897 5979
5898 5899
5898 5979
5898 5980
5899 5900
5899 5980
5900 5980
5900 5981
5901 5902
5901 5982
5901 5983
5901 5984
5902 5903
5902 5983
5902 5984
5902 5985
5903 5904
5903 5984
5903 5985
5903 5986
5904 5985
5904 5986
5904 5987
5905 5906
5905 5987
5905 5988
5905 5989
5906 5907
5906 5988
5906 5989
5906 5990
5907 5989
5907 5990
5907 5991
5908 5909
5908 5991
5908 5992
5909 5910
5909 5992
5909 5993
5910 5992
5910 5993
5910 5994
5911 5912
5911 5994
5911 5995
5911 5996
5912 5995
5912 5996
5912 5997
5913 5914
5913 5997
5913 5998
5913 5999
5914 5915
5914 5998
5914 5999
5914 6000
5915 5916
5915 5999
5915 6000
5916 5917
5916 6000
5916 6001
5917 5918
5917 6001
5918 5919
5918 6001
5918 6002
5919 5920
5919 6002
5919 6003
5920 5921
5920 6002
5920 6003
5920 6004
5921 5922
5921 6003
5921 6004
5921 6005
5922 6004
5922 6005
5922 6006
5923 5924
5923 6006
5923 6007
5923 6008
5924 5925
5924 6007
5924 6008
5924 6009
5925 5926
5925 6008
5925 6009
5925 6010
5926 5927
5926 6009
5926 6010
5926 6011
5927 5928
5927 6010
5927 6011
5927 6012
5928 5929
5928 6011
5928 6012
5928 6013
5929 5930
5929 6012
5929 6013
5929 6014
5930 5931
5930 6013
5930 6014
5930 6015
5931 5932
5931 6014
5931 6015
5931 6016
5932 5933
5932 6015
5932 6016
5932 6017
5933 6016
5933 6017
5933 6018
5934 6019
5934 6020
5935 5936
5935 6020
5935 6021
5935 6022
5936 5937
5936 6021
5936 6022
5936 6023
5937 6022
5937 6023
5938 5939
5938 6024
5939 5940
5939 6024
5940 5941
5940 6024
5940 6025
5941 5942
5941 6025
5941 6026
5942 5943
5942 6025
5942 6026
5943 5944
5943 6026
5943 6027
5944 5945
5944 6027
5944 6028
5945 5946
5945 6027
5945 6028
5945 6029
5946 5947
5946 6028
5946 6029
5946 6030
5947 6029
5947 6030
5947 6031
5948 5949
5948 6031
5948 6032
5948 6033
5949 6032
5949 6033
5950 5951
5950 6034
5951 5952
5951 6034
5951 6035
5952 6035
5952 6036
5953 6036
5953 6037
5954 6038
5954 6039
5954 6040
5955 5956
5955 6041
5955 6042
5956 5957
5956 6042
5956 6043
5957 5958
5957 6042
5957 6043
5957 6044
5958 5959
5958 6043
5958 6044
5958 6045
5959 5960
5959 6044
5959 6045
5959 6046
5960 6045
5960 6046
5960 6047
5961 5962
5961 6047
5961 6048
5961 6049
5962 5963
5962 6048
5962 6049
5962 6050
5963 5964
5963 6049
5963 6050
5963 6051
5964 5965
5964 6050
5964 6051
5964 6052
5965 5966
5965 6051
5965 6052
5965 6053
5966 5967
5966 6052
5966 6053
5966 6054
5967 5968
5967 6053
5967 6054
5967 6055
5968 5969
5968 6054
5968 6055
5969 5970
5969 6055
5969 6056
5970 5971
5970 6056
5970 6057
5971 5972
5971 6056
5971 6057
5971 6058
5972 5973
5972 6057
5972 6058
5972 6059
5973 5974
5973 6058
5973 6059
5973 6060
5974 5975
5974 6059
5974 6060
5975 5976
5975 6060
5975 6061
5976 5977
5976 6061
5976 6062
5977 5978
5977 6061
5977 6062
5977 6063
5978 5979
5978 6062
5978 6063
5978 6064
5979 6063
5979 6064
5980 6065
5980 6066
5981 5982
5981 6066
5981 6067
5981 6068
5982 5983
5982 6067
5982 6068
5982 6069
5983 5984
5983 6068
5983 6069
5984 5985
5984 6069
5985 5986
5985 6070
5986 5987
5986 6070
5986 6071
5987 5988
5987 6070
5987 6071
5988 5989
5988 6071
5988 6072
5989 5990
5989 6072
5989 6073
5990 5991
5990 6072
5990 6073
5990 6074
5991 6073
5991 6074
5992 5993
5992 6075
5993 5994
5993 6075
5993 6076
5994 5995
5994 6076
5995 5996
5995 6076
5995 6077
5996 5997
5996 6077
5997 5998
5997 6077
5997 6078
5998 5999
5998 6078
5999 6000
5999 6078
5999 6079
6000 6079
6001 6080
6001 6081
6002 6003
6002 6081
6003 6004
6003 6082
6004 6005
6004 6082
6004 6083
6005 6006
6005 6082
6005 6083
6005 6084
6006 6007
6006 6083
6006 6084
6007 6008
6007 6084
6007 6085
6008 6009
6008 6085
6008 6086
6009 6010
6009 6085
6009 6086
6009 6087
6010 6011
6010 6086
6010 6087
6010 6088
6011 6012
6011 6087
6011 6088
6011 6089
6012 6013
6012 6088
6012 6089
6012 6090
6013 6014
6013 6089
6013 6090
6013 6091
6014 6015
6014 6090
6014 6091
6015 6016
6015 6091
6015 6092
6016 6017
6016 6092
6016 6093
6017 6018
6017 6092
6017 6093
6017 6094
6018 6093
6018 6094
6019 6020
6019 6095
6019 6096
6020 6021
6020 6095
6020 6096
6021 6022
6021 6096
6021 6097
6022 6023
6022 6097
6022 6098
6023 6097
6023 6098
6024 6099
6024 6100
6024 6101
6025 6026
6025 6101
6025 6102
6025 6103
6026 6102
6026 6103
6027 6028
6027 6104
6027 6105
6028 6029
6028 6104
6028 6105
6028 6106
6029 6030
6029 6105
6029 6106
6030 6031
6030 6106
6030 6107
6031 6032
6031 6107
6031 6108
6032 6033
6032 6107
6032 6108
6032 6109
6033 6108
6033 6109
6033 6110
6034 6110
6034 6111
6034 6112
6035 6036
6035 6112
6035 6113
6035 6114
6036 6037
6036 6113
6036 6114
6036 6115
6037 6114
6037 6115
6037 6116
6038 6039
6038 6116
6038 6117
6038 6118
6039 6040
6039 6117
6039 6118
6039 6119
6040 6041
6040 6118
6040 6119
6040 6120
6041 6119
6041 6120
6041 6121
6042 6043
6042 6121
6043 6044
6043 6122
6044 6045
6044 6122
6044 6123
6045 6046
6045 6122
6045 6123
6045 6124
6046 6047
6046 6123
6046 6124
6046 6125
6047 6048
6047 6124
6047 6125
6047 6126
6048 6049
6048 6125
6048 6126
6048 6127
6049 6050
6049 6126
6049 6127
6049 6128
6050 6051
6050 6127
6050 6128
6050 6129
6051 6052
6051 6128
6051 6129
6052 6053
6052 6129
6053 6054
6054 6055
6054 6130
6055 6130
6055 6131
6056 6057
6056 6131
6056 6132
6056 6133
6057 6058
6057 6132
6057 6133
6057 6134
6058 6059
6058 6133
6058 6134
6058 6135
6059 6060
6059 6134
6059 6135
6059 6136
6060 6135
6060 6136
6060 6137
6061 6062
6061 6137
6061 6138
6062 6063
6062 6138
6062 6139
6063 6064
6063 6139
6064 6139
6064 6140
6065 6066
6065 6140
6065 6141
6066 6067
6066 6141
6066 6142
6067 6068
6067 6142
6067 6143
6068 6069
6068 6142
6068 6143
6068 6144
6069 6143
6069 6144
6070 6071
6070 6145
6070 6146
6071 6146
6072 6073
6072 6147
6072 6148
6073 6074
6073 6147
6073 6148
6073 6149
6074 6148
6074 6149
6074 6150
6075 6150
6075 6151
6076 6151
6076 6152
6076 6153
6077 6153
6077 6154
6077 6155
6078 6155
6078 6156
6078 6157
6079 6157
6079 6158
6080 6081
6080 6158
6081 6159
6082 6083
6082 6160
6082 6161
6082 6162
6083 6084
6083 6161
6083 6162
6084 6162
6084 6163
6085 6086
6085 6163
6085 6164
6086 6087
6086 6164
6086 6165
6087 6088
6087 6165
6087 6166
6088 6089
6088 6165
6088 6166
6088 6167
6089 6090
6089 6166
6089 6167
6089 6168
6090 6091
6090 6167
6090 6168
6091 6168
6091 6169
6092 6093
6092 6169
6092 6170
6093 6094
6093 6170
6093 6171
6094 6170
6094 6171
6094 6172
6095 6096
6095 6172
6095 6173
6095 6174
6096 6173
6096 6174
6096 6175
6097 6098
6097 6175
6097 6176
6097 6177
6098 6176
6098 6177
6099 6100
6099 6178
6099 6179
6100 6101
6100 6178
6100 6179
6101 6102
6101 6179
6102 6103
6102 6180
6103 6180
6103 6181
6104 6105
6104 6181
6104 6182
6104 6183
6105 6106
6105 6182
6105 6183
6105 6184
6106 6183
6106 6184
6106 6185
6107 6108
6107 6185
6107 6186
6107 6187
6108 6109
6108 6186
6108 6187
6109 6110
6109 6187
6109 6188
6110 6111
6110 6188
6110 6189
6111 6112
6111 6188
6111 6189
6112 6113
6112 6189
6112 6190
6113 6114
6113 6190
6113 6191
6114 6115
6114 6190
6114 6191
6114 6192
6115 6116
6115 6191
6115 6192
6115 6193
6116 6117
6116 6192
6116 6193
6116 6194
6117 6118
6117 6193
6117 6194
6118 6119
6118 6194
6119 6120
6119 6195
6120 6121
6120 6195
6120 6196
6121 6195
6121 6196
6121 6197
6122 6123
6122 6198
6122 6199
6122 6200
6123 6124
6123 6199
6123 6200
6124 6125
6124 6200
6125 6126
6125 6201
6126 6127
6126 6201
6127 6128
6127 6201
6127 6202
6128 6129
6128 6202
6128 6203
6129 6202
6129 6203
6130 6131
6130 6205
6130 6206
6130 6207
6131 6132
6131 6206
6131 6207
6131 6208
6132 6133
6132 6207
6132 6208
6132 6209
6133 6134
6133 6208
6133 6209
6133 6210
6134 6135
6134 6209
6134 6210
6134 6211
6135 6136
6135 6210
6135 6211
6136 6137
6136 6211
6136 6212
6137 6138
6137 6212
6137 6213
6138 6212
6138 6213
6138 6214
6139 6214
6139 6215
6140 6141
6140 6216
6140 6217
6141 6216
6141 6217
6141 6218
6142 6143
6142 6218
6142 6219
6142 6220
6143 6144
6143 6219
6143 6220
6143 6221
6144 6220
6144 6221
6144 6222
6145 6146
6145 6222
6145 6223
6145 6224
6146 6223
6146 6224
6146 6225
6147 6148
6147 6226
6147 6227
6147 6228
6148 6149
6148 6227
6148 6228
6148 6229
6149 6150
6149 6228
6149 6229
6149 6230
6150 6229
6150 6230
6150 6231
6151 6152
6151 6231
6151 6232
6151 6233
6152 6153
6152 6232
6152 6233
6152 6234
6153 6154
6153 6233
6153 6234
6153 6235
6154 6155
6154 6234
6154 6235
6154 6236
6155 6156
6155 6235
6155 6236
6155 6237
6156 6157
6156 6236
6156 6237
6156 6238
6157 6237
6157 6238
6157 6239
6158 6239
6158 6240
6158 6241
6159 6160
6159 6242
6159 6243
6160 6161
6160 6243
6160 6244
6161 6162
6161 6243
6161 6244
6161 6245
6162 6244
6162 6245
6162 6246
6163 6164
6163 6246
6163 6247
6164 6247
6164 6248
6165 6166
6165 6248
6165 6249
6165 6250
6166 6167
6166 6249
6166 6250
6166 6251
6167 6168
6167 6250
6167 6251
6167 6252
6168 6251
6168 6252
6168 6253
6169 6253
6169 6254
6169 6255
6170 6171
6170 6255
6170 6256
6171 6172
6171 6256
6171 6257
6172 6173
6172 6257
6172 6258
6173 6174
6173 6257
6173 6258
6173 6259
6174 6175
6174 6258
6174 6259
6175 6176
6175 6259
6175 6260
6176 6177
6176 6260
6176 6261
6177 6260
6177 6261
6178 6179
6178 6262
6179 6262
6179 6263
6180 6181
6180 6264
6180 6265
6180 6266
6181 6182
6181 6265
6181 6266
6181 6267
6182 6183
6182 6266
6182 6267
6182 6268
6183 6184
6183 6267
6183 6268
6183 6269
6184 6185
6184 6268
6184 6269
6185 6186
6185 6269
6185 6270
6186 6187
6186 6270
6186 6271
6187 6270
6187 6271
6188 6189
6188 6272
6188 6273
6189 6272
6189 6273
6189 6274
6190 6191
6190 6274
6190 6275
6191 6192
6191 6275
6192 6193
6192 6276
6193 6194
6193 6276
6194 6276
6195 6196
6195 6277
6195 6278
6196 6197
6196 6278
6196 6279
6197 6198
6197 6278
6197 6279
6197 6280
6198 6199
6198 6279
6198 6280
6199 6200
6199 6280
6199 6281
6200 6281
6200 6282
6201 6283
6201 6284
6202 6203
6202 6284
6202 6285
6202 6286
6203 6285
6203 6286
6203 6287
6204 6205
6204 6287
6204 6288
6204 6289
6205 6206
6205 6288
6205 6289
6205 6290
6206 6207
6206 6289
6206 6290
6207 6208
6207 6290
6207 6291
6208 6209
6208 6291
6208 6292
6209 6210
6209 6291
6209 6292
6209 6293
6210 6211
6210 6292
6210 6293
6211 6293
6212 6213
6212 6294
6212 6295
6213 6214
6213 6294
6213 6295
6213 6296
6214 6215
6214 6295
6214 6296
6214 6297
6215 6296
6215 6297
6215 6298
6216 6217
6216 6298
6216 6299
6217 6218
6217 6299
6217 6300
6218 6219
6218 6299
6218 6300
6219 6220
6219 6300
6219 6301
6220 6221
6220 6301
6220 6302
6221 6222
6221 6301
6221 6302
6221 6303
6222 6223
6222 6302
6222 6303
6223 6224
6223 6303
6223 6304
6224 6225
6224 6304
6224 6305
6225 6226
6225 6304
6225 6305
6225 6306
6226 6227
6226 6305
6226 6306
6226 6307
6227 6228
6227 6306
6227 6307
6228 6229
6228 6307
6228 6308
6229 6230
6229 6308
6229 6309
6230 6231
6230 6308
6230 6309
6231 6232
6231 6309
6231 6310
6232 6233
6232 6310
6232 6311
6233 6234
6233 6310
6233 6311
6233 6312
6234 6235
6234 6311
6234 6312
6234 6313
6235 6236
6235 6312
6235 6313
6235 6314
6236 6237
6236 6313
6236 6314
6236 6315
6237 6238
6237 6314
6237 6315
6237 6316
6238 6239
6238 6315
6238 6316
6238 6317
6239 6240
6239 6316
6239 6317
6239 6318
6240 6241
6240 6317
6240 6318
6240 6319
6241 6242
6241 6318
6241 6319
6241 6320
6242 6319
6242 6320
6242 6321
6243 6244
6243 6321
6243 6322
6244 6245
6244 6322
6244 6323
6245 6246
6245 6323
6245 6324
6246 6323
6246 6324
6247 6248
6248 6249
6248 6325
6249 6250
6249 6325
6249 6326
6250 6251
6250 6325
6250 6326
6250 6327
6251 6252
6251 6326
6251 6327
6251 6328
6252 6253
6252 6327
6252 6328
6253 6254
6253 6328
6254 6255
6254 6329
6255 6256
6255 6329
6255 6330
6256 6329
6256 6330
6256 6331
6257 6258
6257 6331
6257 6332
6258 6259
6258 6332
6258 6333
6259 6333
6259 6334
6260 6261
6260 6334
6260 6335
6260 6336
6261 6335
6261 6336
6262 6263
6262 6337
6262 6338
6263 6264
6263 6338
6263 6339
6264 6265
6264 6339
6264 6340
6265 6266
6265 6339
6265 6340
6265 6341
6266 6267
6266 6340
6266 6341
6266 6342
6267 6268
6267 6341
6267 6342
6267 6343
6268 6269
6268 6342
6268 6343
6269 6343
6270 6271
6270 6344
6270 6345
6271 6344
6271 6345
6271 6346
6272 6273
6272 6346
6272 6347
6273 6274
6273 6347
6273 6348
6274 6275
6274 6347
6274 6348
6274 6349
6275 6348
6275 6349
6276 6350
6276 6351
6277 6352
6277 6353
6277 6354
6278 6279
6278 6354
6278 6355
6278 6356
6279 6280
6279 6355
6279 6356
6280 6356
6280 6357
6281 6282
6281 6357
6281 6358
6282 6358
6282 6359
6283 6284
6283 6359
6283 6360
6283 6361
6284 6285
6284 6360
6284 6361
6284 6362
6285 6286
6285 6361
6285 6362
6285 6363
6286 6287
6286 6362
6286 6363
6286 6364
6287 6288
6287 6363
6287 6364
6287 6365
6288 6289
6288 6364
6288 6365
6288 6366
6289 6290
6289 6365
6289 6366
6290 6366
6290 6367
6291 6292
6291 6367
6291 6368
6291 6369
6292 6293
6292 6368
6292 6369
6292 6370
6293 6369
6293 6370
6293 6371
6294 6295
6294 6372
6294 6373
6295 6296
6295 6372
6295 6373
6295 6374
6296 6297
6296 6373
6296 6374
6296 6375
6297 6298
6297 6374
6297 6375
6297 6376
6298 6375
6298 6376
6298 6377
6299 6300
6299 6377
6299 6378
6299 6379
6300 6378
6300 6379
6300 6380
6301 6302
6301 6380
6301 6381
6302 6303
6302 6381
6302 6382
6303 6382
6303 6383
6304 6305
6304 6383
6304 6384
6304 6385
6305 6306
6305 6384
6305 6385
6306 6307
6306 6385
6308 6309
6308 6386
6308 6387
6309 6386
6309 6387
6309 6388
6310 6311
6310 6388
6310 6389
6311 6312
6311 6389
6311 6390
6312 6313
6312 6390
6312 6391
6313 6314
6313 6390
6313 6391
6313 6392
6314 6315
6314 6391
6314 6392
6314 6393
6315 6316
6315 6392
6315 6393
6315 6394
6316 6317
6316 6393
6316 6394
6317 6318
6317 6394
6317 6395
6318 6319
6318 6395
6319 6320
6319 6395
6319 6396
6320 6321
6320 6396
6320 6397
6321 6322
6321 6396
6321 6397
6321 6398
6322 6397
6322 6398
6322 6399
6323 6324
6323 6399
6323 6400
6324 6400
6324 6401
6325 6326
6325 6402
6325 6403
6326 6327
6326 6403
6326 6404
6327 6328
6327 6404
6327 6405
6328 6404
6328 6405
6329 6330
6329 6406
6329 6407
6329 6408
6330 6331
6330 6407
6330 6408
6330 6409
6331 6332
6331 6408
6331 6409
6331 6410
6332 6409
6332 6410
6332 6411
6333 6334
6333 6411
6333 6412
6333 6413
6334 6335
6334 6412
6334 6413
6334 6414
6335 6336
6335 6413
6335 6414
6335 6415
6336 6414
6336 6415
6337 6338
6337 6416
6337 6417
6338 6416
6338 6417
6338 6418
6339 6340
6339 6418
6339 6419
6339 6420
6340 6341
6340 6419
6340 6420
6340 6421
6341 6342
6341 6420
6341 6421
6341 6422
6342 6343
6342 6421
6342 6422
6342 6423
6343 6422
6343 6423
6343 6424
6344 6345
6344 6425
6344 6426
6345 6346
6345 6426
6345 6427
6346 6426
6346 6427
6346 6428
6347 6348
6347 6428
6347 6429
6347 6430
6348 6349
6348 6429
6348 6430
6348 6431
6349 6430
6349 6431
6349 6432
6350 6351
6350 6433
6351 6352
6351 6433
6351 6434
6352 6353
6352 6433
6352 6434
6353 6354
6353 6434
6353 6435
6354 6355
6354 6435
6354 6436
6355 6356
6355 6435
6355 6436
6355 6437
6356 6436
6356 6437
6356 6438
6357 6358
6357 6438
6357 6439
6358 6439
6358 6440
6359 6360
6359 6440
6359 6441
6359 6442
6360 6361
6360 6441
6360 6442
6361 6362
6361 6442
6361 6443
6362 6363
6362 6443
6362 6444
6363 6364
6363 6443
6363 6444
6363 6445
6364 6365
6364 6444
6364 6445
6364 6446
6365 6366
6365 6445
6365 6446
6366 6446
6366 6447
6367 6368
6367 6447
6367 6448
6368 6369
6368 6448
6368 6449
6369 6370
6369 6448
6369 6449
6369 6450
6370 6371
6370 6449
6370 6450
6370 6451
6371 6450
6371 6451
6371 6452
6372 6373
6372 6452
6372 6453
6372 6454
6373 6374
6373 6453
6373 6454
6373 6455
6374 6375
6374 6454
6374 6455
6375 6376
6375 6455
6376 6377
6376 6456
6377 6378
6377 6456
6377 6457
6378 6379
6378 6456
6378 6457
6378 6458
6379 6380
6379 6457
6379 6458
6379 6459
6380 6381
6380 6458
6380 6459
6380 6460
6381 6459
6381 6460
6382 6383
6382 6461
6382 6462
6383 6384
6383 6461
6383 6462
6383 6463
6384 6385
6384 6462
6384 6463
6384 6464
6385 6463
6385 6464
6385 6465
6386 6387
6386 6467
6386 6468
6386 6469
6387 6388
6387 6468
6387 6469
6388 6389
6388 6469
6388 6470
6389 6470
6389 6471
6390 6391
6390 6471
6390 6472
6391 6392
6391 6472
6391 6473
6392 6393
6392 6473
6392 6474
6393 6394
6393 6473
6393 6474
6393 6475
6394 6474
6394 6475
6394 6476
6395 6476
6395 6477
6395 6478
6396 6397
6396 6478
6396 6479
6396 6480
6397 6398
6397 6479
6397 6480
6397 6481
6398 6399
6398 6480
6398 6481
6398 6482
6399 6481
6399 6482
6399 6483
6400 6401
6400 6483
6400 6484
6400 6485
6401 6484
6401 6485
6401 6486
6402 6403
6402 6486
6402 6487
6403 6487
6404 6405
6404 6488
6404 6489
6405 6488
6405 6489
6405 6490
6406 6407
6406 6490
6406 6491
6406 6492
6407 6408
6407 6491
6407 6492
6407 6493
6408 6409
6408 6492
6408 6493
6408 6494
6409 6410
6409 6493
6409 6494
6409 6495
6410 6411
6410 6494
6410 6495
6410 6496
6411 6412
6411 6495
6411 6496
6411 6497
6412 6413
6412 6496
6412 6497
6412 6498
6413 6414
6413 6497
6413 6498
6413 6499
6414 6415
6414 6498
6414 6499
6414 6500
6415 6499
6415 6500
6416 6417
6416 6501
6416 6502
6417 6418
6417 6501
6417 6502
6417 6503
6418 6419
6418 6502
6418 6503
6418 6504
6419 6420
6419 6503
6419 6504
6419 6505
6420 6421
6420 6504
6420 6505
6420 6506
6421 6422
6421 6505
6421 6506
6422 6423
6422 6506
6422 6507
6423 6424
6423 6507
6423 6508
6424 6425
6424 6507
6424 6508
6424 6509
6425 6508
6425 6509
6425 6510
6426 6427
6426 6510
6426 6511
6426 6512
6427 6428
6427 6511
6427 6512
6427 6513
6428 6429
6428 6512
6428 6513
6429 6430
6429 6513
6429 6514
6430 6431
6430 6514
6430 6515
6431 6432
6431 6514
6431 6515
6431 6516
6432 6515
6432 6516
6432 6517
6433 6434
6433 6518
6433 6519
6434 6518
6434 6519
6435 6436
6435 6520
6435 6521
6436 6437
6436 6520
6436 6521
6436 6522
6437 6438
6437 6521
6437 6522
6437 6523
6438 6522
6438 6523
6439 6440
6439 6524
6439 6525
6440 6441
6440 6524
6440 6525
6440 6526
6441 6442
6441 6525
6441 6526
6441 6527
6442 6526
6442 6527
6443 6444
6443 6528
6444 6445
6444 6528
6444 6529
6445 6446
6445 6528
6445 6529
6445 6530
6446 6529
6446 6530
6446 6531
6447 6531
6447 6532
6447 6533
6448 6449
6448 6533
6448 6534
6449 6450
6449 6534
6449 6535
6450 6451
6450 6535
6451 6452
6451 6535
6451 6536
6452 6453
6452 6536
6453 6454
6453 6536
6453 6537
6454 6455
6454 6537
6454 6538
6455 6537
6455 6538
6455 6539
6456 6457
6456 6540
6456 6541
6456 6542
6457 6458
6457 6541
6457 6542
6457 6543
6458 6459
6458 6542
6458 6543
6458 6544
6459 6460
6459 6543
6459 6544
6459 6545
6460 6544
6460 6545
6460 6546
6461 6462
6461 6546
6461 6547
6462 6463
6462 6547
6463 6464
6463 6547
6463 6548
6464 6465
6464 6548
6465 6466
6465 6548
6465 6549
6466 6467
6466 6549
6466 6550
6467 6468
6467 6549
6467 6550
6467 6551
6468 6469
6468 6550
6468 6551
6468 6552
6469 6551
6469 6552
6469 6553
6470 6471
6470 6553
6470 6554
6471 6472
6471 6554
6471 6555
6472 6554
6472 6555
6473 6474
6473 6556
6473 6557
6474 6475
6474 6556
6474 6557
6474 6558
6475 6476
6475 6557
6475 6558
6475 6559
6476 6477
6476 6558
6476 6559
6476 6560
6477 6478
6477 6559
6477 6560
6478 6479
6478 6560
6478 6561
6479 6480
6479 6561
6479 6562
6480 6481
6480 6561
6480 6562
6480 6563
6481 6482
6481 6562
6481 6563
6481 6564
6482 6483
6482 6563
6482 6564
6482 6565
6483 6484
6483 6564
6483 6565
6483 6566
6484 6485
6484 6565
6484 6566
6484 6567
6485 6486
6485 6566
6485 6567
6485 6568
6486 6487
6486 6567
6486 6568
6486 6569
6487 6568
6487 6569
6488 6489
6488 6570
6488 6571
6489 6490
6489 6571
6489 6572
6490 6491
6490 6571
6490 6572
6490 6573
6491 6492
6491 6572
6491 6573
6491 6574
6492 6493
6492 6573
6492 6574
6492 6575
6493 6494
6493 6574
6493 6575
6493 6576
6494 6495
6494 6575
6494 6576
6494 6577
6495 6496
6495 6576
6495 6577
6495 6578
6496 6497
6496 6577
6496 6578
6496 6579
6497 6498
6497 6578
6497 6579
6498 6499
6498 6579
6498 6580
6499 6500
6499 6580
6499 6581
6500 6580
6500 6581
6501 6502
6501 6582
6502 6503
6502 6582
6503 6504
6503 6582
6503 6583
6504 6505
6504 6583
6504 6584
6505 6506
6505 6583
6505 6584
6506 6584
6506 6585
6507 6508
6507 6585
6508 6509
6508 6586
6509 6510
6509 6586
6509 6587
6510 6511
6510 6586
6510 6587
6510 6588
6511 6512
6511 6587
6511 6588
6511 6589
6512 6513
6512 6588
6512 6589
6512 6590
6513 6589
6513 6590
6513 6591
6514 6515
6514 6591
6514 6592
6515 6516
6515 6592
6515 6593
6516 6517
6516 6592
6516 6593
6516 6594
6517 6593
6517 6594
6517 6595
6518 6519
6518 6595
6518 6596
6518 6597
6519 6596
6519 6597
6519 6598
6520 6521
6520 6598
6520 6599
6520 6600
6521 6522
6521 6599
6521 6600
6522 6523
6522 6600
6523 6601
6524 6525
6524 6601
6524 6602
6524 6603
6525 6526
6525 6602
6525 6603
6525 6604
6526 6527
6526 6603
6526 6604
6527 6604
6527 6605
6528 6529
6528 6606
6528 6607
6529 6530
6529 6607
6529 6608
6530 6531
6530 6607
6530 6608
6530 6609
6531 6532
6531 6608
6531 6609
6531 6610
6532 6533
6532 6609
6532 6610
6532 6611
6533 6534
6533 6610
6533 6611
6533 6612
6534 6611
6534 6612
6534 6613
6535 6613
6535 6614
6535 6615
6536 6615
6536 6616
6536 6617
6537 6538
6537 6617
6537 6618
6538 6539
6538 6618
6538 6619
6539 6540
6539 6619
6539 6620
6540 6541
6540 6619
6540 6620
6541 6542
6541 6620
6541 6621
6542 6543
6542 6621
6543 6544
6543 6621
6543 6622
6544 6545
6544 6622
6544 6623
6545 6546
6545 6622
6545 6623
6546 6623
6546 6624
6547 6624
6547 6625
6547 6626
6548 6626
6548 6627
6548 6628
6549 6550
6549 6628
6549 6629
6549 6630
6550 6551
6550 6629
6550 6630
6551 6552
6551 6630
6551 6631
6552 6553
6552 6631
6552 6632
6553 6631
6553 6632
6553 6633
6554 6555
6554 6633
6554 6634
6554 6635
6555 6634
6555 6635
6555 6636
6556 6557
6556 6636
6556 6637
6557 6558
6557 6637
6557 6638
6558 6559
6558 6638
6559 6560
6559 6638
6559 6639
6560 6639
6561 6562
6561 6640
6562 6563
6562 6640
6563 6564
6563 6641
6564 6565
6564 6641
6564 6642
6565 6566
6565 6641
6565 6642
6565 6643
6566 6567
6566 6642
6566 6643
6566 6644
6567 6568
6567 6643
6567 6644
6567 6645
6568 6569
6568 6644
6568 6645
6569 6645
6569 6646
6570 6646
6570 6647
6570 6648
6571 6572
6571 6648
6571 6649
6572 6573
6572 6649
6572 6650
6573 6574
6573 6649
6573 6650
6574 6575
6574 6650
6574 6651
6575 6576
6575 6651
6575 6652
6576 6577
6576 6651
6576 6652
6576 6653
6577 6578
6577 6652
6577 6653
6577 6654
6578 6579
6578 6653
6578 6654
6578 6655
6579 6654
6579 6655
6579 6656
6580 6581
6580 6656
6580 6657
6580 6658
6581 6657
6581 6658
6582 6659
6582 6660
6582 6661
6583 6584
6583 6661
6583 6662
6583 6663
6584 6662
6584 6663
6584 6664
6585 6664
6585 6665
6585 6666
6586 6587
6586 6667
6586 6668
6586 6669
6587 6588
6587 6668
6587 6669
6588 6589
6588 6669
6588 6670
6589 6590
6589 6670
6589 6671
6590 6591
6590 6670
6590 6671
6590 6672
6591 6671
6591 6672
6591 6673
6592 6593
6592 6673
6593 6594
6593 6674
6594 6595
6594 6674
6594 6675
6595 6596
6595 6674
6595 6675
6595 6676
6596 6597
6596 6675
6596 6676
6596 6677
6597 6598
6597 6676
6597 6677
6597 6678
6598 6599
6598 6677
6598 6678
6598 6679
6599 6600
6599 6678
6599 6679
6599 6680
6600 6679
6600 6680
6601 6602
6601 6681
6601 6682
6601 6683
6602 6603
6602 6682
6602 6683
6602 6684
6603 6604
6603 6683
6603 6684
6603 6685
6604 6684
6604 6685
6605 6606
6605 6686
6606 6686
6606 6687
6607 6608
6607 6687
6607 6688
6608 6609
6608 6688
6608 6689
6609 6610
6609 6689
6609 6690
6610 6611
6610 6689
6610 6690
6610 6691
6611 6612
6611 6690
6611 6691
6612 6613
6612 6691
6612 6692
6613 6614
6613 6692
6613 6693
6614 6615
6614 6692
6614 6693
6614 6694
6615 6616
6615 6693
6615 6694
6615 6695
6616 6617
6616 6694
6616 6695
6616 6696
6617 6618
6617 6695
6617 6696
6617 6697
6618 6696
6618 6697
6618 6698
6619 6620
6619 6698
6619 6699
6620 6699
6620 6700
6621 6700
6621 6701
6621 6702
6622 6623
6622 6702
6622 6703
6623 6703
6623 6704
6624 6625
6624 6704
6624 6705
6625 6626
6625 6705
6625 6706
6626 6627
6626 6705
6626 6706
6626 6707
6627 6628
6627 6706
6627 6707
6627 6708
6628 6629
6628 6707
6628 6708
6628 6709
6629 6630
6629 6708
6629 6709
6629 6710
6630 6709
6630 6710
6630 6711
6631 6632
6631 6711
6631 6712
6632 6633
6632 6712
6633 6634
6633 6712
6633 6713
6634 6635
6634 6713
6634 6714
6635 6636
6635 6713
6635 6714
6635 6715
6636 6637
6636 6714
6636 6715
6636 6716
6637 6715
6637 6716
6637 6717
6638 6717
6638 6718
6638 6719
6639 6719
6639 6720
6639 6721
6640 6721
6640 6722
6641 6642
6641 6723
6641 6724
6642 6643
6642 6724
6642 6725
6643 6644
6643 6725
6643 6726
6644 6645
6644 6725
6644 6726
6644 6727
6645 6726
6645 6727
6645 6728
6646 6647
6646 6728
6646 6729
6646 6730
6647 6648
6647 6729
6647 6730
6647 6731
6648 6730
6648 6731
6649 6650
6649 6732
6649 6733
6650 6732
6650 6733
6650 6734
6651 6652
6651 6734
6651 6735
6652 6653
6652 6735
6652 6736
6653 6654
6653 6735
6653 6736
6653 6737
6654 6655
6654 6736
6654 6737
6654 6738
6655 6656
6655 6737
6655 6738
6655 6739
6656 6657
6656 6738
6656 6739
6657 6658
6657 6739
6659 6660
6659 6740
6660 6661
6660 6740
6660 6741
6661 6662
6661 6741
6662 6663
6662 6741
6662 6742
6663 6664
6663 6742
6663 6743
6664 6665
6664 6742
6664 6743
6665 6666
6665 6743
6666 6667
6666 6744
6667 6668
6667 6744
6667 6745
6668 6669
6668 6744
6668 6745
6668 6746
6669 6745
6669 6746
6669 6747
6670 6671
6670 6747
6670 6748
6670 6749
6671 6672
6671 6748
6671 6749
6671 6750
6672 6673
6672 6749
6672 6750
6672 6751
6673 6750
6673 6751
6673 6752
6674 6675
6674 6753
6674 6754
6675 6676
6675 6754
6675 6755
6676 6677
6676 6754
6676 6755
6676 6756
6677 6678
6677 6755
6677 6756
6677 6757
6678 6679
6678 6756
6678 6757
6678 6758
6679 6680
6679 6757
6679 6758
6679 6759
6680 6758
6680 6759
6680 6760
6681 6682
6681 6760
6681 6761
6681 6762
6682 6683
6682 6761
6682 6762
6682 6763
6683 6684
6683 6762
6683 6763
6683 6764
6684 6685
6684 6763
6684 6764
6684 6765
6685 6764
6685 6765
6685 6766
6686 6766
6686 6767
6687 6688
6687 6768
6687 6769
6688 6768
6688 6769
6688 6770
6689 6690
6689 6770
6689 6771
6690 6691
6690 6771
6692 6693
6692 6772
6692 6773
6693 6694
6693 6772
6693 6773
6694 6695
6694 6773
6694 6774
6695 6696
6695 6774
6696 6697
6696 6774
6696 6775
6697 6698
6697 6775
6698 6699
6698 6775
6698 6776
6699 6776
6699 6777
6700 6701
6700 6777
6700 6778
6700 6779
6701 6702
6701 6778
6701 6779
6701 6780
6702 6703
6702 6779
6702 6780
6702 6781
6703 6780
6703 6781
6703 6782
6704 6782
6704 6783
6705 6706
6705 6784
6705 6785
6706 6707
6706 6784
6706 6785
6706 6786
6707 6708
6707 6785
6707 6786
6708 6709
6708 6786
6709 6710
6709 6787
6710 6711
6710 6787
6710 6788
6711 6787
6711 6788
6711 6789
6712 6789
6712 6790
6712 6791
6713 6714
6713 6791
6713 6792
6714 6715
6714 6792
6715 6716
6715 6793
6716 6717
6716 6793
6716 6794
6717 6718
6717 6793
6717 6794
6718 6719
6718 6794
6719 6720
6719 6795
6720 6721
6720 6795
6720 6796
6721 6722
6721 6795
6721 6796
6721 6797
6722 6796
6722 6797
6722 6798
6723 6724
6723 6798
6723 6799
6723 6800
6724 6799
6724 6800
6724 6801
6725 6726
6725 6801
6726 6727
6726 6802
6727 6728
6727 6802
6728 6729
6728 6802
6728 6803
6729 6730
6729 6803
6729 6804
6730 6731
6730 6803
6730 6804
6730 6805
6731 6804
6731 6805
6732 6733
6732 6806
6732 6807
6733 6734
6733 6806
6733 6807
6733 6808
6734 6807
6734 6808
6735 6736
6735 6809
6735 6810
6736 6737
6736 6809
6736 6810
6736 6811
6737 6738
6737 6810
6737 6811
6738 6739
6738 6811
6738 6812
6739 6812
6739 6813
6740 6814
6740 6815
6741 6815
6741 6816
6741 6817
6742 6743
6742 6817
6742 6818
6742 6819
6743 6818
6743 6819
6743 6820
6744 6745
6744 6821
6744 6822
6745 6746
6745 6822
6745 6823
6746 6747
6746 6823
6747 6748
6747 6823
6747 6824
6748 6749
6748 6824
6749 6750
6749 6824
6749 6825
6750 6751
6750 6825
6750 6826
6751 6752
6751 6825
6751 6826
6751 6827
6752 6753
6752 6826
6752 6827
6752 6828
6753 6827
6753 6828
6753 6829
6754 6755
6754 6829
6754 6830
6755 6756
6755 6830
6755 6831
6756 6757
6756 6830
6756 6831
6757 6758
6757 6831
6758 6759
6758 6832
6759 6760
6759 6832
6759 6833
6760 6761
6760 6832
6760 6833
6760 6834
6761 6762
6761 6833
6761 6834
6761 6835
6762 6763
6762 6834
6762 6835
6762 6836
6763 6764
6763 6835
6763 6836
6763 6837
6764 6765
6764 6836
6764 6837
6764 6838
6765 6766
6765 6837
6765 6838
6765 6839
6766 6767
6766 6838
6766 6839
6767 6839
6767 6840
6768 6769
6768 6840
6768 6841
6768 6842
6769 6770
6769 6841
6769 6842
6769 6843
6770 6771
6770 6842
6770 6843
6770 6844
6771 6843
6771 6844
6771 6845
6772 6773
6772 6846
6772 6847
6773 6846
6773 6847
6773 6848
6774 6848
6774 6849
6774 6850
6775 6850
6775 6851
6776 6777
6776 6852
6776 6853
6777 6778
6777 6852
6777 6853
6777 6854
6778 6779
6778 6853
6778 6854
6778 6855
6779 6780
6779 6854
6779 6855
6780 6781
6780 6855
6780 6856
6781 6782
6781 6856
6782 6783
6782 6856
6782 6857
6783 6857
6783 6858
6784 6785
6784 6858
6784 6859
6785 6786
6785 6859
6786 6859
6786 6860
6787 6788
6787 6861
6787 6862
6787 6863
6788 6789
6788 6862
6788 6863
6788 6864
6789 6790
6789 6863
6789 6864
6789 6865
6790 6791
6790 6864
6790 6865
6790 6866
6791 6792
6791 6865
6791 6866
6791 6867
6792 6866
6792 6867
6793 6794
6793 6868
6793 6869
6793 6870
6794 6869
6794 6870
6794 6871
6795 6796
6795 6872
6795 6873
6796 6797
6796 6872
6796 6873
6796 6874
6797 6798
6797 6873
6797 6874
6797 6875
6798 6799
6798 6874
6798 6875
6798 6876
6799 6800
6799 6875
6799 6876
6799 6877
6800 6801
6800 6876
6800 6877
6800 6878
6801 6877
6801 6878
6801 6879
6802 6880
6802 6881
6803 6804
6803 6881
6803 6882
6804 6805
6804 6882
6804 6883
6805 6882
6805 6883
6805 6884
6806 6807
6806 6884
6806 6885
6807 6808
6807 6885
6808 6886
6809 6810
6809 6886
6809 6887
6809 6888
6810 6811
6810 6887
6810 6888
6810 6889
6811 6888
6811 6889
6811 6890
6812 6813
6812 6890
6812 6891
6813 6891
6813 6892
6814 6815
6815 6816
6816 6817
6817 6818
6817 6893
6818 6819
6818 6893
6818 6894
6819 6820
6819 6893
6819 6894
6819 6895
6820 6821
6820 6894
6820 6895
6820 6896
6821 6822
6821 6895
6821 6896
6821 6897
6822 6896
6822 6897
6822 6898
6823 6898
6823 6899
6823 6900
6824 6900
6824 6901
6825 6826
6825 6902
6826 6827
6826 6902
6826 6903
6827 6828
6827 6902
6827 6903
6827 6904
6828 6829
6828 6903
6828 6904
6828 6905
6829 6904
6829 6905
6829 6906
6830 6831
6830 6906
6830 6907
6830 6908
6831 6907
6831 6908
6831 6909
6832 6833
6832 6910
6832 6911
6833 6834
6833 6910
6833 6911
6833 6912
6834 6835
6834 6911
6834 6912
6834 6913
6835 6836
6835 6912
6835 6913
6836 6837
6836 6913
6837 6838
6838 6839
6838 6914
6839 6914
6839 6915
6840 6841
6840 6915
6840 6916
6841 6842
6841 6916
6841 6917
6842 6843
6842 6917
6842 6918
6843 6844
6843 6917
6843 6918
6844 6845
6844 6918
6844 6919
6845 6919
6845 6920
6846 6847
6846 6921
6846 6922
6846 6923
6847 6848
6847 6922
6847 6923
6847 6924
6848 6849
6848 6923
6848 6924
6848 6925
6849 6850
6849 6924
6849 6925
6849 6926
6850 6851
6850 6925
6850 6926
6850 6927
6851 6926
6851 6927
6851 6928
6852 6853
6852 6928
6852 6929
6852 6930
6853 6854
6853 6929
6853 6930
6853 6931
6854 6855
6854 6930
6854 6931
6854 6932
6855 6931
6855 6932
6855 6933
6856 6933
6856 6934
6857 6858
6858 6935
6859 6935
6859 6936
6859 6937
6860 6861
6860 6937
6860 6938
6860 6939
6861 6862
6861 6938
6861 6939
6861 6940
6862 6863
6862 6939
6862 6940
6862 6941
6863 6864
6863 6940
6863 6941
6863 6942
6864 6865
6864 6941
6864 6942
6864 6943
6865 6866
6865 6942
6865 6943
6866 6867
6866 6943
6866 6944
6867 6944
6868 6869
6868 6945
6868 6946
6869 6870
6869 6945
6869 6946
6870 6871
6870 6946
6870 6947
6871 6947
6871 6948
6872 6873
6872 6948
6872 6949
6873 6874
6873 6949
6873 6950
6874 6875
6874 6950
6875 6876
6875 6950
6875 6951
6876 6877
6876 6951
6876 6952
6877 6878
6877 6951
6877 6952
6877 6953
6878 6879
6878 6952
6878 6953
6879 6953
6880 6881
6880 6954
6880 6955
6881 6954
6881 6955
6881 6956
6882 6883
6882 6956
6882 6957
6882 6958
6883 6884
6883 6957
6883 6958
6883 6959
6884 6885
6884 6958
6884 6959
6884 6960
6885 6959
6885 6960
6886 6887
6886 6961
6886 6962
6887 6888
6887 6962
6887 6963
6888 6889
6888 6962
6888 6963
6888 6964
6889 6890
6889 6963
6889 6964
6889 6965
6890 6964
6890 6965
6890 6966
6891 6892
6891 6966
6891 6967
6891 6968
6892 6967
6892 6968
6893 6894
6893 6971
6893 6972
6893 6973
6894 6895
6894 6972
6894 6973
6895 6896
6895 6973
6895 6974
6896 6897
6896 6974
6896 6975
6897 6898
6897 6974
6897 6975
6897 6976
6898 6899
6898 6975
6898 6976
6898 6977
6899 6900
6899 6976
6899 6977
6899 6978
6900 6901
6900 6977
6900 6978
6900 6979
6901 6978
6901 6979
6901 6980
6902 6903
6902 6981
6902 6982
6902 6983
6903 6904
6903 6982
6903 6983
6903 6984
6904 6905
6904 6983
6904 6984
6904 6985
6905 6906
6905 6984
6905 6985
6905 6986
6906 6907
6906 6985
6906 6986
6906 6987
6907 6908
6907 6986
6907 6987
6907 6988
6908 6909
6908 6987
6908 6988
6908 6989
6909 6988
6909 6989
6909 6990
6910 6911
6910 6990
6910 6991
6910 6992
6911 6912
6911 6991
6911 6992
6912 6913
6912 6992
6914 6915
6914 6994
6914 6995
6915 6916
6915 6995
6915 6996
6916 6995
6916 6996
6916 6997
6917 6918
6917 6997
6917 6998
6917 6999
6918 6998
6918 6999
6919 6920
6919 7000
6919 7001
6920 6921
6920 7000
6920 7001
6921 6922
6921 7001
6922 6923
6923 6924
6923 7002
6924 6925
6924 7002
6925 6926
6925 7002
6925 7003
6926 6927
6926 7003
6926 7004
6927 6928
6927 7003
6927 7004
6927 7005
6928 6929
6928 7004
6928 7005
6928 7006
6929 6930
6929 7005
6929 7006
6930 6931
6930 7006
6930 7007
6931 6932
6931 7007
6931 7008
6932 6933
6932 7007
6932 7008
6932 7009
6933 6934
6933 7008
6933 7009
6934 7009
6934 7010
6935 6936
6935 7011
6935 7012
6936 6937
6936 7011
6936 7012
6936 7013
6937 6938
6937 7012
6937 7013
6937 7014
6938 6939
6938 7013
6938 7014
6938 7015
6939 6940
6939 7014
6939 7015
6939 7016
6940 6941
6940 7015
6940 7016
6940 7017
6941 6942
6941 7016
6941 7017
6941 7018
6942 6943
6942 7017
6942 7018
6942 7019
6943 7018
6943 7019
6943 7020
6944 7020
6944 7021
6944 7022
6945 6946
6945 7022
6945 7023
6945 7024
6946 7023
6946 7024
6946 7025
6947 6948
6947 7025
6947 7026
6947 7027
6948 6949
6948 7026
6948 7027
6949 7027
6949 7028
6950 7028
6950 7029
6951 6952
6951 7030
6951 7031
6952 6953
6952 7030
6952 7031
6952 7032
6953 7031
6953 7032
6953 7033
6954 6955
6954 7034
6954 7035
6954 7036
6955 6956
6955 7035
6955 7036
6956 6957
6956 7036
6956 7037
6957 6958
6957 7037
6957 7038
6958 6959
6958 7037
6958 7038
6958 7039
6959 6960
6959 7038
6959 7039
6959 7040
6960 7039
6960 7040
6960 7041
6961 7041
6961 7042
6961 7043
6962 6963
6962 7043
6962 7044
6962 7045
6963 6964
6963 7044
6963 7045
6964 6965
6964 7045
6964 7046
6965 6966
6965 7046
6966 6967
6966 7046
6966 7047
6967 6968
6967 7047
6968 7047
6969 6970
6969 7048
6969 7049
6970 6971
6970 7049
6970 7050
6971 6972
6971 7050
6972 6973
6972 7050
6972 7051
6973 7051
6973 7052
6974 6975
6974 7052
6974 7053
6974 7054
6975 6976
6975 7053
6975 7054
6975 7055
6976 6977
6976 7054
6976 7055
6976 7056
6977 6978
6977 7055
6977 7056
6978 6979
6978 7056
6979 6980
6979 7057
6980 6981
6980 7057
6980 7058
6981 6982
6981 7057
6981 7058
6981 7059
6982 6983
6982 7058
6982 7059
6982 7060
6983 6984
6983 7059
6983 7060
6983 7061
6984 6985
6984 7060
6984 7061
6985 6986
6985 7061
6986 6987
6987 6988
6987 7062
6988 6989
6988 7062
6988 7063
6989 6990
6989 7062
6989 7063
6989 7064
6990 6991
6990 7063
6990 7064
6990 7065
6991 6992
6991 7064
6991 7065
6991 7066
6992 7065
6992 7066
6993 6994
6993 7068
6993 7069
6994 7069
6994 7070
6995 6996
6995 7070
6995 7071
6995 7072
6996 6997
6996 7071
6996 7072
6996 7073
6997 6998
6997 7072
6997 7073
6997 7074
6998 6999
6998 7073
6998 7074
6998 7075
6999 7074
6999 7075
6999 7076
7000 7001
7000 7076
7000 7077
7001 7077
7001 7078
7002 7080
7002 7081
7003 7004
7003 7081
7003 7082
7004 7005
7004 7082
7004 7083
7005 7006
7005 7083
7005 7084
7006 7083
7006 7084
7006 7085
7007 7008
7007 7085
7007 7086
7007 7087
7008 7009
7008 7086
7008 7087
7008 7088
7009 7087
7009 7088
7009 7089
7010 7089
7010 7090
7011 7012
7011 7091
7011 7092
7012 7013
7012 7092
7012 7093
7013 7014
7013 7093
7013 7094
7014 7015
7014 7093
7014 7094
7014 7095
7015 7016
7015 7094
7015 7095
7016 7017
7016 7095
7016 7096
7017 7018
7017 7096
7018 7019
7018 7096
7019 7020
7020 7021
7020 7097
7021 7022
7021 7097
7021 7098
7022 7023
7022 7097
7022 7098
7022 7099
7023 7024
7023 7098
7023 7099
7023 7100
7024 7025
7024 7099
7024 7100
7024 7101
7025 7026
7025 7100
7025 7101
7025 7102
7026 7027
7026 7101
7026 7102
7026 7103
7027 7102
7027 7103
7027 7104
7028 7029
7028 7104
7028 7105
7029 7105
7029 7106
7030 7031
7030 7106
7030 7107
7030 7108
7031 7032
7031 7107
7031 7108
7031 7109
7032 7033
7032 7108
7032 7109
7032 7110
7033 7034
7033 7109
7033 7110
7033 7111
7034 7035
7034 7110
7034 7111
7034 7112
7035 7036
7035 7111
7035 7112
7035 7113
7036 7112
7036 7113
7037 7038
7037 7114
7037 7115
7038 7039
7038 7114
7038 7115
7039 7040
7039 7115
7039 7116
7040 7041
7040 7116
7040 7117
7041 7042
7041 7116
7041 7117
7041 7118
7042 7043
7042 7117
7042 7118
7042 7119
7043 7044
7043 7118
7043 7119
7044 7045
7044 7119
7044 7120
7045 7120
7045 7121
7046 7121
7047 7122
7048 7049
7048 7123
7049 7123
7050 7124
7050 7125
7051 7052
7051 7125
7051 7126
7051 7127
7052 7053
7052 7126
7052 7127
7052 7128
7053 7054
7053 7127
7053 7128
7054 7055
7054 7128
7054 7129
7055 7056
7055 7129
7055 7130
7056 7129
7056 7130
7056 7131
7057 7058
7057 7132
7057 7133
7057 7134
7058 7059
7058 7133
7058 7134
7058 7135
7059 7060
7059 7134
7059 7135
7060 7061
7060 7135
7060 7136
7061 7136
7061 7137
7062 7063
7062 7139
7062 7140
7063 7064
7063 7140
7064 7065
7064 7140
7064 7141
7065 7066
7065 7141
7066 7141
7066 7142
7067 7068
7067 7142
7067 7143
7067 7144
7068 7143
7068 7144
7068 7145
7069 7070
7069 7145
7069 7146
7069 7147
7070 7071
7070 7146
7070 7147
7070 7148
7071 7072
7071 7147
7071 7148
7071 7149
7072 7073
7072 7148
7072 7149
7072 7150
7073 7074
7073 7149
7073 7150
7073 7151
7074 7075
7074 7150
7074 7151
7074 7152
7075 7076
7075 7151
7075 7152
7075 7153
7076 7152
7076 7153
7076 7154
7077 7078
7077 7154
7077 7155
7077 7156
7078 7079
7078 7155
7078 7156
7078 7157
7079 7156
7079 7157
7079 7158
7080 7081
7080 7158
7080 7159
7080 7160
7081 7082
7081 7159
7081 7160
7081 7161
7082 7160
7082 7161
7082 7162
7083 7084
7083 7162
7083 7163
7083 7164
7084 7085
7084 7163
7084 7164
7084 7165
7085 7086
7085 7164
7085 7165
7086 7087
7086 7165
7087 7088
7087 7166
7088 7089
7088 7166
7088 7167
7089 7090
7089 7166
7089 7167
7089 7168
7090 7167
7090 7168
7091 7092
7091 7169
7091 7170
7092 7169
7092 7170
7092 7171
7093 7094
7093 7171
7093 7172
7093 7173
7094 7095
7094 7172
7094 7173
7094 7174
7095 7173
7095 7174
7096 7175
7097 7098
7097 7177
7097 7178
7097 7179
7098 7099
7098 7178
7098 7179
7098 7180
7099 7100
7099 7179
7099 7180
7099 7181
7100 7101
7100 7180
7100 7181
7101 7102
7101 7181
7101 7182
7102 7103
7102 7182
7102 7183
7103 7104
7103 7182
7103 7183
7103 7184
7104 7183
7104 7184
7104 7185
7105 7106
7105 7185
7105 7186
7105 7187
7106 7107
7106 7186
7106 7187
7106 7188
7107 7108
7107 7187
7107 7188
7107 7189
7108 7109
7108 7188
7108 7189
7108 7190
7109 7110
7109 7189
7109 7190
7110 7111
7110 7190
7110 7191
7111 7112
7111 7191
7111 7192
7112 7113
7112 7191
7112 7192
7112 7193
7113 7192
7113 7193
7113 7194
7114 7115
7114 7194
7115 7195
7116 7117
7116 7195
7116 7196
7117 7118
7117 7196
7117 7197
7118 7119
7118 7197
7118 7198
7119 7197
7119 7198
7120 7121
7120 7199
7120 7200
7121 7199
7121 7200
7121 7201
7122 7202
7122 7203
7122 7204
7123 7205
7124 7125
7124 7206
7124 7207
7125 7126
7125 7206
7125 7207
7125 7208
7126 7127
7126 7207
7126 7208
7127 7128
7127 7208
7127 7209
7128 7209
7128 7210
7129 7130
7129 7210
7129 7211
7130 7131
7130 7211
7130 7212
7131 7132
7131 7211
7131 7212
7131 7213
7132 7133
7132 7212
7132 7213
7133 7134
7133 7213
7133 7214
7134 7135
7134 7214
7135 7214
7135 7215
7136 7137
7136 7215
7136 7216
7137 7138
7137 7216
7137 7217
7138 7139
7138 7217
7138 7218
7139 7217
7139 7218
7139 7219
7140 7219
7140 7220
7140 7221
7141 7221
7141 7222
7141 7223
7142 7143
7142 7223
7142 7224
7143 7144
7143 7224
7144 7145
7144 7224
7144 7225
7145 7146
7145 7225
7145 7226
7146 7147
7146 7225
7146 7226
7146 7227
7147 7148
7147 7226
7147 7227
7147 7228
7148 7149
7148 7227
7148 7228
7149 7150
7149 7228
7149 7229
7150 7151
7150 7229
7150 7230
7151 7152
7151 7229
7151 7230
7152 7153
7152 7230
7152 7231
7153 7154
7153 7231
7153 7232
7154 7155
7154 7231
7154 7232
7154 7233
7155 7156
7155 7232
7155 7233
7155 7234
7156 7157
7156 7233
7156 7234
7156 7235
7157 7158
7157 7234
7157 7235
7158 7159
7158 7235
7158 7236
7159 7160
7159 7236
7159 7237
7160 7161
7160 7236
7160 7237
7161 7162
7161 7237
7161 7238
7162 7163
7162 7238
7163 7164
7163 7238
7164 7165
7164 7239
7165 7239
7165 7240
7166 7167
7166 7241
7166 7242
7167 7168
7167 7242
7167 7243
7168 7242
7168 7243
7168 7244
7169 7170
7169 7244
7169 7245
7169 7246
7170 7171
7170 7245
7170 7246
7170 7247
7171 7172
7171 7246
7171 7247
7172 7173
7172 7247
7172 7248
7173 7174
7173 7248
7174 7248
7174 7249
7175 7176
7175 7250
7175 7251
7176 7177
7176 7251
7177 7178
7177 7252
7178 7179
7178 7252
7178 7253
7179 7180
7179 7252
7179 7253
7179 7254
7180 7181
7180 7253
7180 7254
7180 7255
7181 7254
7181 7255
7181 7256
7182 7183
7182 7256
7182 7257
7182 7258
7183 7184
7183 7257
7183 7258
7183 7259
7184 7185
7184 7258
7184 7259
7185 7186
7185 7259
7185 7260
7186 7187
7186 7260
7187 7188
7187 7260
7188 7189
7188 7261
7189 7190
7189 7261
7189 7262
7190 7261
7190 7262
7190 7263
7191 7192
7191 7263
7191 7264
7191 7265
7192 7193
7192 7264
7192 7265
7193 7194
7193 7265
7193 7266
7194 7266
7194 7267
7195 7196
7195 7268
7195 7269
7196 7268
7196 7269
7196 7270
7197 7198
7197 7270
7197 7271
7197 7272
7198 7271
7198 7272
7198 7273
7199 7200
7199 7273
7199 7274
7200 7201
7200 7274
7200 7275
7201 7202
7201 7275
7201 7276
7202 7203
7202 7275
7202 7276
7202 7277
7203 7204
7203 7276
7203 7277
7203 7278
7204 7277
7204 7278
7205 7279
7205 7280
7206 7207
7206 7281
7206 7282
7206 7283
7207 7208
7207 7282
7207 7283
7207 7284
7208 7283
7208 7284
7208 7285
7209 7210
7209 7285
7209 7286
7209 7287
7210 7286
7210 7287
7210 7288
7211 7212
7211 7288
7211 7289
7212 7213
7212 7289
7214 7290
7214 7291
7215 7216
7215 7291
7216 7292
7217 7218
7217 7292
7217 7293
7218 7219
7218 7293
7218 7294
7219 7220
7219 7294
7219 7295
7220 7221
7220 7294
7220 7295
7220 7296
7221 7222
7221 7295
7221 7296
7221 7297
7222 7223
7222 7296
7222 7297
7222 7298
7223 7297
7223 7298
7224 7299
7224 7300
7225 7226
7225 7300
7225 7301
7226 7227
7226 7301
7227 7228
7227 7301
7227 7302
7228 7302
7228 7303
7229 7230
7229 7303
7229 7304
7229 7305
7230 7304
7230 7305
7230 7306
7231 7232
7231 7306
7231 7307
7231 7308
7232 7233
7232 7307
7232 7308
7232 7309
7233 7234
7233 7308
7233 7309
7233 7310
7234 7235
7234 7309
7234 7310
7235 7310
7235 7311
7236 7237
7236 7311
7236 7312
7236 7313
7237 7312
7237 7313
7238 7314
7239 7240
7239 7315
7239 7316
7239 7317
7240 7241
7240 7316
7240 7317
7240 7318
7241 7317
7241 7318
7241 7319
7242 7243
7242 7319
7242 7320
7242 7321
7243 7244
7243 7320
7243 7321
7243 7322
7244 7245
7244 7321
7244 7322
7244 7323
7245 7246
7245 7322
7245 7323
7245 7324
7246 7247
7246 7323
7246 7324
7246 7325
7247 7324
7247 7325
7248 7326
7249 7250
7249 7326
7249 7327
7250 7251
7250 7327
7250 7328
7251 7327
7251 7328
7251 7329
7252 7253
7252 7330
7252 7331
7252 7332
7253 7254
7253 7331
7253 7332
7253 7333
7254 7255
7254 7332
7254 7333
7255 7256
7255 7333
7255 7334
7256 7257
7256 7334
7256 7335
7257 7258
7257 7334
7257 7335
7257 7336
7258 7259
7258 7335
7258 7336
7258 7337
7259 7336
7259 7337
7259 7338
7260 7338
7260 7339
7260 7340
7261 7262
7261 7341
7261 7342
7261 7343
7262 7263
7262 7342
7262 7343
7262 7344
7263 7264
7263 7343
7263 7344
7263 7345
7264 7265
7264 7344
7264 7345
7264 7346
7265 7345
7265 7346
7265 7347
7266 7267
7266 7347
7266 7348
7266 7349
7267 7348
7267 7349
7267 7350
7268 7269
7268 7350
7268 7351
7269 7270
7269 7351
7269 7352
7270 7271
7270 7351
7270 7352
7271 7272
7271 7352
7271 7353
7272 7273
7272 7353
7272 7354
7273 7274
7273 7353
7273 7354
7273 7355
7274 7354
7274 7355
7274 7356
7275 7276
7275 7356
7275 7357
7275 7358
7276 7277
7276 7357
7276 7358
7276 7359
7277 7278
7277 7358
7277 7359
7277 7360
7278 7359
7278 7360
7279 7280
7279 7361
7280 7281
7280 7361
7280 7362
7281 7282
7281 7361
7281 7362
7281 7363
7282 7283
7282 7362
7282 7363
7282 7364
7283 7284
7283 7363
7283 7364
7283 7365
7284 7285
7284 7364
7284 7365
7285 7286
7285 7365
7285 7366
7286 7287
7286 7366
7286 7367
7287 7288
7287 7366
7287 7367
7287 7368
7288 7289
7288 7367
7288 7368
7288 7369
7289 7368
7289 7369
7289 7370
7290 7291
7290 7372
7290 7373
7291 7373
7291 7374
7292 7293
7292 7375
7292 7376
7293 7376
7294 7295
7294 7377
7294 7378
7295 7296
7295 7377
7295 7378
7295 7379
7296 7297
7296 7378
7296 7379
7296 7380
7297 7298
7297 7379
7297 7380
7297 7381
7298 7380
7298 7381
7298 7382
7299 7300
7299 7382
7299 7383
7299 7384
7300 7383
7300 7384
7300 7385
7301 7385
7301 7386
7301 7387
7302 7303
7302 7387
7302 7388
7303 7304
7303 7388
7303 7389
7304 7305
7304 7389
7304 7390
7305 7306
7305 7389
7305 7390
7305 7391
7306 7307
7306 7390
7306 7391
7306 7392
7307 7308
7307 7391
7307 7392
7307 7393
7308 7309
7308 7392
7308 7393
7308 7394
7309 7310
7309 7393
7309 7394
7309 7395
7310 7394
7310 7395
7310 7396
7311 7312
7311 7396
7311 7397
7312 7313
7312 7397
7312 7398
7313 7398
7313 7399
7314 7315
7314 7400
7314 7401
7314 7402
7315 7316
7315 7401
7315 7402
7315 7403
7316 7317
7316 7402
7316 7403
7316 7404
7317 7318
7317 7403
7317 7404
7317 7405
7318 7319
7318 7404
7318 7405
7318 7406
7319 7320
7319 7405
7319 7406
7319 7407
7320 7321
7320 7406
7320 7407
7321 7322
7321 7407
7321 7408
7322 7323
7322 7408
7322 7409
7323 7324
7323 7408
7323 7409
7323 7410
7324 7325
7324 7409
7324 7410
7324 7411
7325 7410
7325 7411
7325 7412
7326 7413
7326 7414
7326 7415
7327 7328
7327 7415
7327 7416
7327 7417
7328 7329
7328 7416
7328 7417
7328 7418
7329 7330
7329 7417
7329 7418
7329 7419
7330 7331
7330 7418
7330 7419
7330 7420
7331 7332
7331 7419
7331 7420
7331 7421
7332 7333
7332 7420
7332 7421
7332 7422
7333 7421
7333 7422
7333 7423
7334 7335
7334 7423
7334 7424
7334 7425
7335 7336
7335 7424
7335 7425
7336 7337
7336 7425
7336 7426
7337 7338
7337 7426
7337 7427
7338 7339
7338 7426
7338 7427
7338 7428
7339 7340
7339 7427
7339 7428
7339 7429
7340 7341
7340 7428
7340 7429
7340 7430
7341 7342
7341 7429
7341 7430
7341 7431
7342 7343
7342 7430
7342 7431
7343 7344
7343 7431
7343 7432
7344 7345
7344 7432
7344 7433
7345 7346
7345 7432
7345 7433
7345 7434
7346 7347
7346 7433
7346 7434
7346 7435
7347 7348
7347 7434
7347 7435
7348 7349
7348 7435
7349 7350
7349 7436
7350 7436
7350 7437
7351 7352
7351 7437
7351 7438
7352 7438
7353 7354
7353 7439
7353 7440
7354 7355
7354 7439
7354 7440
7354 7441
7355 7356
7355 7440
7355 7441
7355 7442
7356 7357
7356 7441
7356 7442
7357 7358
7357 7442
7357 7443
7358 7359
7358 7443
7358 7444
7359 7360
7359 7443
7359 7444
7359 7445
7360 7444
7360 7445
7361 7362
7361 7446
7361 7447
7361 7448
7362 7363
7362 7447
7362 7448
7362 7449
7363 7364
7363 7448
7363 7449
7363 7450
7364 7365
7364 7449
7364 7450
7364 7451
7365 7450
7365 7451
7365 7452
7366 7367
7366 7452
7366 7453
7366 7454
7367 7368
7367 7453
7367 7454
7367 7455
7368 7369
7368 7454
7368 7455
7369 7370
7369 7455
7370 7371
7370 7456
7371 7372
7371 7456
7372 7456
7372 7457
7373 7374
7373 7457
7373 7458
7373 7459
7374 7375
7374 7458
7374 7459
7374 7460
7375 7376
7375 7459
7375 7460
7376 7460
7377 7378
7377 7461
7378 7379
7378 7461
7378 7462
7379 7380
7379 7462
7380 7381
7380 7462
7380 7463
7381 7382
7381 7463
7381 7464
7382 7383
7382 7463
7382 7464
7383 7384
7383 7464
7383 7465
7384 7385
7384 7465
7384 7466
7385 7386
7385 7465
7385 7466
7385 7467
7386 7387
7386 7466
7386 7467
7387 7388
7387 7467
7387 7468
7388 7468
7388 7469
7389 7390
7389 7469
7389 7470
7389 7471
7390 7391
7390 7470
7390 7471
7390 7472
7391 7392
7391 7471
7391 7472
7391 7473
7392 7393
7392 7472
7392 7473
7393 7394
7393 7473
7394 7395
7394 7474
7395 7396
7395 7474
7396 7397
7396 7474
7397 7475
7398 7399
7398 7475
7399 7400
7399 7476
7400 7401
7400 7476
7400 7477
7401 7402
7401 7476
7401 7477
7401 7478
7402 7403
7402 7477
7402 7478
7402 7479
7403 7404
7403 7478
7403 7479
7403 7480
7404 7405
7404 7479
7404 7480
7404 7481
7405 7406
7405 7480
7405 7481
7405 7482
7406 7407
7406 7481
7406 7482
7406 7483
7407 7482
7407 7483
7407 7484
7408 7409
7408 7484
7408 7485
7409 7410
7409 7485
7409 7486
7410 7411
7410 7486
7410 7487
7411 7412
7411 7486
7411 7487
7411 7488
7412 7413
7412 7487
7412 7488
7412 7489
7413 7414
7413 7488
7413 7489
7413 7490
7414 7415
7414 7489
7414 7490
7414 7491
7415 7416
7415 7490
7415 7491
7415 7492
7416 7417
7416 7491
7416 7492
7416 7493
7417 7418
7417 7492
7417 7493
7418 7419
7418 7493
7418 7494
7419 7420
7419 7494
7419 7495
7420 7421
7420 7494
7420 7495
7420 7496
7421 7422
7421 7495
7421 7496
7421 7497
7422 7423
7422 7496
7422 7497
7422 7498
7423 7424
7423 7497
7423 7498
7423 7499
7424 7425
7424 7498
7424 7499
7424 7500
7425 7499
7425 7500
7425 7501
7426 7427
7426 7501
7426 7502
7426 7503
7427 7428
7427 7502
7427 7503
7427 7504
7428 7429
7428 7503
7428 7504
7428 7505
7429 7430
7429 7504
7429 7505
7429 7506
7430 7431
7430 7505
7430 7506
7430 7507
7431 7506
7431 7507
7432 7433
7432 7508
7432 7509
7433 7434
7433 7508
7433 7509
7433 7510
7434 7435
7434 7509
7434 7510
7435 7510
7436 7437
7436 7511
7437 7512
7438 7512
7438 7513
7438 7514
7439 7440
7439 7514
7439 7515
7439 7516
7440 7441
7440 7515
7440 7516
7440 7517
7441 7442
7441 7516
7441 7517
7441 7518
7442 7517
7442 7518
7442 7519
7443 7444
7443 7519
7443 7520
7443 7521
7444 7445
7444 7520
7444 7521
7444 7522
7445 7521
7445 7522
7446 7447
7447 7448
7447 7523
7448 7449
7448 7523
7448 7524
7449 7450
7449 7523
7449 7524
7449 7525
7450 7451
7450 7524
7450 7525
7450 7526
7451 7452
7451 7525
7451 7526
7451 7527
7452 7453
7452 7526
7452 7527
7452 7528
7453 7454
7453 7527
7453 7528
7453 7529
7454 7455
7454 7528
7454 7529
7454 7530
7455 7529
7455 7530
7455 7531
7456 7532
7456 7533
7456 7534
7457 7458
7457 7534
7457 7535
7457 7536
7458 7459
7458 7535
7458 7536
7458 7537
7459 7460
7459 7536
7459 7537
7459 7538
7460 7537
7460 7538
7461 7540
7462 7540
7462 7541
7462 7542
7463 7464
7463 7542
7463 7543
7464 7543
7464 7544
7465 7466
7465 7544
7466 7467
7466 7545
7467 7545
7467 7546
7468 7469
7468 7546
7468 7547
7469 7470
7469 7547
7470 7471
7470 7547
7470 7548
7471 7472
7471 7548
7472 7473
7472 7548
7472 7549
7473 7549
7473 7550
7474 7551
7474 7552
7474 7553
7475 7554
7475 7555
7476 7477
7476 7556
7476 7557
7477 7478
7477 7557
7478 7479
7478 7557
7478 7558
7479 7480
7479 7558
7479 7559
7480 7481
7480 7558
7480 7559
7481 7482
7481 7559
7481 7560
7482 7483
7482 7560
7482 7561
7483 7484
7483 7560
7483 7561
7484 7485
7484 7561
7484 7562
7485 7562
7486 7487
7486 7563
7486 7564
7487 7488
7487 7563
7487 7564
7487 7565
7488 7489
7488 7564
7488 7565
7488 7566
7489 7490
7489 7565
7489 7566
7489 7567
7490 7491
7490 7566
7490 7567
7491 7492
7491 7567
7491 7568
7492 7493
7492 7568
7492 7569
7493 7568
7493 7569
7493 7570
7494 7495
7494 7570
7494 7571
7495 7496
7495 7571
7495 7572
7496 7497
7496 7571
7496 7572
7496 7573
7497 7498
7497 7572
7497 7573
7497 7574
7498 7499
7498 7573
7498 7574
7498 7575
7499 7500
7499 7574
7499 7575
7499 7576
7500 7501
7500 7575
7500 7576
7500 7577
7501 7502
7501 7576
7501 7577
7501 7578
7502 7503
7502 7577
7502 7578
7502 7579
7503 7504
7503 7578
7503 7579
7503 7580
7504 7505
7504 7579
7504 7580
7505 7506
7505 7580
7505 7581
7506 7507
7506 7581
7506 7582
7507 7581
7507 7582
7507 7583
7508 7509
7508 7583
7508 7584
7509 7510
7509 7584
7509 7585
7510 7585
7510 7586
7511 7587
7511 7588
7511 7589
7512 7513
7512 7590
7513 7514
7513 7590
7513 7591
7514 7515
7514 7590
7514 7591
7515 7516
7515 7591
7516 7517
7516 7592
7517 7518
7517 7592
7517 7593
7518 7519
7518 7592
7518 7593
7518 7594
7519 7520
7519 7593
7519 7594
7519 7595
7520 7521
7520 7594
7520 7595
7520 7596
7521 7522
7521 7595
7521 7596
7521 7597
7522 7596
7522 7597
7523 7524
7523 7599
7523 7600
7523 7601
7524 7525
7524 7600
7524 7601
7524 7602
7525 7526
7525 7601
7525 7602
7525 7603
7526 7527
7526 7602
7526 7603
7526 7604
7527 7528
7527 7603
7527 7604
7527 7605
7528 7529
7528 7604
7528 7605
7528 7606
7529 7530
7529 7605
7529 7606
7529 7607
7530 7531
7530 7606
7530 7607
7530 7608
7531 7532
7531 7607
7531 7608
7531 7609
7532 7533
7532 7608
7532 7609
7532 7610
7533 7534
7533 7609
7533 7610
7533 7611
7534 7535
7534 7610
7534 7611
7534 7612
7535 7536
7535 7611
7535 7612
7535 7613
7536 7537
7536 7612
7536 7613
7536 7614
7537 7538
7537 7613
7537 7614
7537 7615
7538 7614
7538 7615
7539 7616
7539 7617
7540 7541
7540 7618
7541 7542
7541 7618
7541 7619
7542 7543
7542 7618
7542 7619
7542 7620
7543 7619
7543 7620
7543 7621
7544 7621
7544 7622
7545 7546
7545 7623
7545 7624
7545 7625
7546 7624
7546 7625
7546 7626
7547 7626
7547 7627
7548 7627
7548 7628
7549 7550
7549 7629
7550 7551
7550 7629
7550 7630
7551 7552
7551 7630
7551 7631
7552 7553
7552 7630
7552 7631
7552 7632
7553 7631
7553 7632
7553 7633
7554 7555
7554 7633
7554 7634
7554 7635
7555 7556
7555 7634
7555 7635
7556 7635
7556 7636
7557 7636
7557 7637
7557 7638
7558 7559
7558 7638
7558 7639
7558 7640
7559 7639
7559 7640
7559 7641
7560 7561
7560 7641
7560 7642
7561 7642
7561 7643
7562 7643
7562 7644
7562 7645
7563 7564
7563 7645
7563 7646
7563 7647
7564 7565
7564 7646
7564 7647
7565 7566
7565 7647
7565 7648
7566 7567
7566 7648
7566 7649
7567 7648
7567 7649
7567 7650
7568 7569
7568 7650
7569 7570
7570 7651
7571 7572
7571 7651
7571 7652
7571 7653
7572 7573
7572 7652
7572 7653
7572 7654
7573 7574
7573 7653
7573 7654
7573 7655
7574 7575
7574 7654
7574 7655
7575 7576
7575 7655
7575 7656
7576 7577
7576 7656
7576 7657
7577 7578
7577 7656
7577 7657
7577 7658
7578 7579
7578 7657
7578 7658
7578 7659
7579 7580
7579 7658
7579 7659
7579 7660
7580 7659
7580 7660
7580 7661
7581 7582
7581 7661
7581 7662
7582 7583
7582 7662
7582 7663
7583 7584
7583 7662
7583 7663
7584 7663
7584 7664
7585 7586
7585 7664
7585 7665
7586 7587
7586 7665
7586 7666
7587 7588
7587 7666
7587 7667
7588 7589
7588 7666
7588 7667
7588 7668
7589 7667
7589 7668
7590 7591
7590 7669
7590 7670
7590 7671
7591 7670
7591 7671
7591 7672
7592 7593
7592 7673
7592 7674
7593 7594
7593 7673
7593 7674
7593 7675
7594 7595
7594 7674
7594 7675
7594 7676
7595 7596
7595 7675
7595 7676
7595 7677
7596 7597
7596 7676
7596 7677
7596 7678
7597 7677
7597 7678
7598 7599
7598 7679
7599 7600
7599 7679
7599 7680
7600 7601
7600 7679
7600 7680
7600 7681
7601 7602
7601 7680
7601 7681
7601 7682
7602 7603
7602 7681
7602 7682
7602 7683
7603 7604
7603 7682
7603 7683
7603 7684
7604 7605
7604 7683
7604 7684
7604 7685
7605 7606
7605 7684
7605 7685
7605 7686
7606 7607
7606 7685
7606 7686
7606 7687
7607 7608
7607 7686
7607 7687
7607 7688
7608 7609
7608 7687
7608 7688
7608 7689
7609 7610
7609 7688
7609 7689
7609 7690
7610 7611
7610 7689
7610 7690
7610 7691
7611 7612
7611 7690
7611 7691
7612 7613
7612 7691
7612 7692
7613 7614
7613 7692
7613 7693
7614 7615
7614 7692
7614 7693
7615 7693
7615 7694
7616 7617
7616 7694
7616 7695
7617 7695
7618 7619
7618 7696
7618 7697
7618 7698
7619 7620
7619 7697
7619 7698
7619 7699
7620 7621
7620 7698
7620 7699
7620 7700
7621 7699
7621 7700
7622 7623
7622 7701
7622 7702
7623 7624
7623 7701
7623 7702
7623 7703
7624 7625
7624 7702
7624 7703
7624 7704
7625 7626
7625 7703
7625 7704
7626 7704
7626 7705
7627 7628
7627 7705
7627 7706
7627 7707
7628 7706
7628 7707
7628 7708
7629 7708
7629 7709
7629 7710
7630 7631
7630 7710
7630 7711
7630 7712
7631 7632
7631 7711
7631 7712
7631 7713
7632 7633
7632 7712
7632 7713
7632 7714
7633 7634
7633 7713
7633 7714
7633 7715
7634 7635
7634 7714
7634 7715
7635 7715
7635 7716
7636 7637
7636 7716
7636 7717
7636 7718
7637 7638
7637 7717
7637 7718
7637 7719
7638 7639
7638 7718
7638 7719
7638 7720
7639 7640
7639 7719
7639 7720
7639 7721
7640 7641
7640 7720
7640 7721
7640 7722
7641 7721
7641 7722
7642 7643
7642 7723
7642 7724
7643 7644
7643 7723
7643 7724
7643 7725
7644 7645
7644 7724
7644 7725
7644 7726
7645 7646
7645 7725
7645 7726
7645 7727
7646 7647
7646 7726
7646 7727
7646 7728
7647 7727
7647 7728
7647 7729
7648 7649
7648 7729
7648 7730
7649 7650
7649 7730
7649 7731
7650 7731
7650 7732
7651 7652
7651 7734
7651 7735
7652 7653
7652 7734
7652 7735
7652 7736
7653 7654
7653 7735
7653 7736
7653 7737
7654 7655
7654 7736
7654 7737
7654 7738
7655 7737
7655 7738
7655 7739
7656 7657
7656 7739
7656 7740
7657 7658
7657 7740
7657 7741
7658 7659
7658 7741
7658 7742
7659 7660
7659 7741
7659 7742
7660 7661
7660 7742
7660 7743
7661 7743
7662 7663
7662 7744
7663 7744
7663 7745
7664 7665
7664 7745
7664 7746
7664 7747
7665 7746
7665 7747
7665 7748
7666 7667
7666 7748
7666 7749
7666 7750
7667 7668
7667 7749
7667 7750
7667 7751
7668 7750
7668 7751
7668 7752
7669 7670
7669 7752
7669 7753
7669 7754
7670 7671
7670 7753
7670 7754
7670 7755
7671 7672
7671 7754
7671 7755
7672 7755
7672 7756
7673 7674
7673 7756
7673 7757
7673 7758
7674 7675
7674 7757
7674 7758
7674 7759
7675 7676
7675 7758
7675 7759
7675 7760
7676 7677
7676 7759
7676 7760
7676 7761
7677 7678
7677 7760
7677 7761
7677 7762
7678 7761
7678 7762
7679 7680
7679 7763
7679 7764
7680 7681
7680 7763
7680 7764
7680 7765
7681 7682
7681 7764
7681 7765
7682 7683
7682 7765
7682 7766
7683 7684
7683 7766
7683 7767
7684 7685
7684 7766
7684 7767
7684 7768
7685 7686
7685 7767
7685 7768
7685 7769
7686 7687
7686 7768
7686 7769
7686 7770
7687 7688
7687 7769
7687 7770
7687 7771
7688 7689
7688 7770
7688 7771
7688 7772
7689 7690
7689 7771
7689 7772
7689 7773
7690 7691
7690 7772
7690 7773
7690 7774
7691 7773
7691 7774
7691 7775
7692 7693
7692 7775
7692 7776
7693 7776
7693 7777
7694 7777
7694 7778
7694 7779
7695 7779
7695 7780
7696 7697
7697 7698
7697 7781
7698 7699
7698 7781
7698 7782
7699 7700
7699 7781
7699 7782
7699 7783
7700 7782
7700 7783
7700 7784
7701 7702
7701 7784
7701 7785
7702 7703
7702 7785
7702 7786
7703 7704
7703 7785
7703 7786
7704 7786
7705 7706
7705 7787
7705 7788
7706 7707
7706 7787
7706 7788
7706 7789
7707 7708
7707 7788
7707 7789
7707 7790
7708 7709
7708 7789
7708 7790
7708 7791
7709 7710
7709 7790
7709 7791
7709 7792
7710 7711
7710 7791
7710 7792
7710 7793
7711 7712
7711 7792
7711 7793
7712 7713
7712 7793
7712 7794
7713 7714
7713 7794
7713 7795
7714 7715
7714 7794
7714 7795
7714 7796
7715 7795
7715 7796
7715 7797
7716 7717
7716 7797
7716 7798
7717 7718
7717 7798
7717 7799
7718 7719
7718 7798
7718 7799
7718 7800
7719 7720
7719 7799
7719 7800
7719 7801
7720 7721
7720 7800
7720 7801
7720 7802
7721 7722
7721 7801
7721 7802
7721 7803
7722 7802
7722 7803
7722 7804
7723 7724
7723 7804
7723 7805
7724 7725
7724 7805
7724 7806
7725 7726
7725 7806
7725 7807
7726 7727
7726 7806
7726 7807
7726 7808
7727 7728
7727 7807
7727 7808
7727 7809
7728 7729
7728 7808
7728 7809
7728 7810
7729 7730
7729 7809
7729 7810
7729 7811
7730 7810
7730 7811
7730 7812
7731 7732
7731 7812
7731 7813
7731 7814
7732 7733
7732 7813
7732 7814
7732 7815
7733 7814
7733 7815
7734 7735
7734 7816
7735 7736
7735 7816
7735 7817
7736 7737
7736 7817
7736 7818
7737 7738
7737 7817
7737 7818
7737 7819
7738 7739
7738 7818
7738 7819
7739 7740
7739 7819
7739 7820
7740 7820
7740 7821
7741 7742
7741 7821
7741 7822
7742 7822
7743 7823
7744 7745
7744 7824
7744 7825
7744 7826
7745 7746
7745 7825
7745 7826
7746 7747
7746 7826
7746 7827
7747 7748
7747 7827
7747 7828
7748 7749
7748 7827
7748 7828
7748 7829
7749 7750
7749 7828
7749 7829
7750 7751
7750 7829
7750 7830
7751 7752
7751 7830
7751 7831
7752 7753
7752 7830
7752 7831
7753 7754
7753 7831
7753 7832
7754 7755
7754 7832
7754 7833
7755 7832
7755 7833
7755 7834
7756 7757
7756 7834
7756 7835
7756 7836
7757 7758
7757 7835
7757 7836
7757 7837
7758 7759
7758 7836
7758 7837
7758 7838
7759 7760
7759 7837
7759 7838
7760 7761
7760 7838
7760 7839
7761 7762
7761 7839
7761 7840
7762 7839
7762 7840
7763 7764
7763 7841
7763 7842
7763 7843
7764 7765
7764 7842
7764 7843
7764 7844
7765 7843
7765 7844
7765 7845
7766 7767
7766 7845
7766 7846
7766 7847
7767 7768
7767 7846
7767 7847
7768 7769
7768 7847
7768 7848
7769 7770
7769 7848
7769 7849
7770 7771
7770 7848
7770 7849
7770 7850
7771 7772
7771 7849
7771 7850
7771 7851
7772 7773
7772 7850
7772 7851
7772 7852
7773 7774
7773 7851
7773 7852
7773 7853
7774 7775
7774 7852
7774 7853
7775 7853
7775 7854
7776 7777
7776 7854
7776 7855
7776 7856
7777 7778
7777 7855
7777 7856
7777 7857
7778 7779
7778 7856
7778 7857
7778 7858
7779 7780
7779 7857
7779 7858
7780 7858
7780 7859
7781 7782
7781 7860
7781 7861
7781 7862
7782 7783
7782 7861
7782 7862
7782 7863
7783 7784
7783 7862
7783 7863
7783 7864
7784 7863
7784 7864
7784 7865
7785 7786
7785 7865
7785 7866
7786 7866
7786 7867
7787 7788
7787 7868
7787 7869
7788 7789
7788 7868
7788 7869
7789 7790
7789 7869
7789 7870
7790 7791
7790 7870
7790 7871
7791 7792
7791 7870
7791 7871
7791 7872
7792 7793
7792 7871
7792 7872
7792 7873
7793 7872
7793 7873
7793 7874
7794 7795
7794 7874
7795 7796
7795 7875
7796 7797
7796 7875
7796 7876
7797 7875
7797 7876
7798 7799
7798 7877
7799 7800
7799 7877
7799 7878
7800 7801
7800 7878
7800 7879
7801 7802
7801 7878
7801 7879
7802 7803
7802 7879
7803 7804
7803 7880
7804 7805
7804 7880
7804 7881
7805 7880
7805 7881
7805 7882
7806 7807
7806 7882
7806 7883
7807 7808
7807 7883
7807 7884
7808 7809
7808 7883
7808 7884
7808 7885
7809 7810
7809 7884
7809 7885
7809 7886
7810 7811
7810 7885
7810 7886
7810 7887
7811 7812
7811 7886
7811 7887
7811 7888
7812 7813
7812 7887
7812 7888
7813 7814
7813 7888
7813 7889
7814 7815
7814 7889
7814 7890
7815 7889
7815 7890
7815 7891
7816 7891
7816 7892
7816 7893
7817 7818
7817 7893
7817 7894
7817 7895
7818 7819
7818 7894
7818 7895
7818 7896
7819 7895
7819 7896
7819 7897
7820 7821
7820 7897
7821 7822
7821 7898
7822 7898
7822 7899
7823 7824
7823 7901
7823 7902
7824 7825
7824 7902
7824 7903
7825 7826
7825 7903
7825 7904
7826 7903
7826 7904
7826 7905
7827 7828
7827 7905
7827 7906
7827 7907
7828 7829
7828 7906
7828 7907
7828 7908
7829 7907
7829 7908
7829 7909
7830 7831
7830 7909
7830 7910
7830 7911
7831 7910
7831 7911
7831 7912
7832 7833
7832 7912
7832 7913
7832 7914
7833 7834
7833 7913
7833 7914
7833 7915
7834 7835
7834 7914
7834 7915
7834 7916
7835 7836
7835 7915
7835 7916
7835 7917
7836 7837
7836 7916
7836 7917
7836 7918
7837 7838
7837 7917
7837 7918
7837 7919
7838 7918
7838 7919
7838 7920
7839 7840
7839 7920
7839 7921
7839 7922
7840 7921
7840 7922
7841 7842
7841 7923
7842 7843
7842 7923
7843 7844
7844 7845
7844 7924
7845 7846
7845 7924
7846 7847
7846 7924
7846 7925
7847 7925
7847 7926
7848 7849
7848 7926
7848 7927
7848 7928
7849 7850
7849 7927
7849 7928
7849 7929
7850 7851
7850 7928
7850 7929
7850 7930
7851 7852
7851 7929
7851 7930
7852 7853
7852 7930
7852 7931
7853 7931
7853 7932
7854 7855
7854 7932
7854 7933
7854 7934
7855 7856
7855 7933
7855 7934
7855 7935
7856 7857
7856 7934
7856 7935
7856 7936
7857 7858
7857 7935
7857 7936
7858 7936
7858 7937
7859 7937
7859 7938
7860 7861
7860 7939
7860 7940
7861 7862
7861 7939
7861 7940
7861 7941
7862 7863
7862 7940
7862 7941
7863 7864
7863 7941
7864 7865
7864 7942
7865 7942
7865 7943
7866 7867
7866 7943
7866 7944
7867 7944
7867 7945
7868 7869
7868 7945
7868 7946
7868 7947
7869 7946
7869 7947
7869 7948
7870 7871
7870 7948
7870 7949
7871 7872
7871 7949
7871 7950
7872 7873
7872 7950
7872 7951
7873 7874
7873 7950
7873 7951
7873 7952
7874 7951
7874 7952
7874 7953
7875 7876
7875 7954
7875 7955
7876 7954
7876 7955
7876 7956
7877 7956
7877 7957
7877 7958
7878 7879
7878 7958
7878 7959
7878 7960
7879 7959
7879 7960
7879 7961
7880 7881
7880 7962
7880 7963
7881 7882
7881 7963
7881 7964
7882 7963
7882 7964
7882 7965
7883 7884
7883 7965
7883 7966
7884 7885
7884 7966
7884 7967
7885 7886
7885 7966
7885 7967
7885 7968
7886 7887
7886 7967
7886 7968
7886 7969
7887 7888
7887 7968
7887 7969
7888 7969
7889 7890
7890 7891
7890 7970
7891 7892
7891 7970
7892 7893
7892 7970
7892 7971
7893 7894
7893 7971
7893 7972
7894 7895
7894 7971
7894 7972
7894 7973
7895 7896
7895 7972
7895 7973
7895 7974
7896 7897
7896 7973
7896 7974
7896 7975
7897 7974
7897 7975
7897 7976
7898 7899
7898 7977
7898 7978
7899 7900
7899 7978
7899 7979
7900 7901
7900 7979
7901 7902
7901 7979
7901 7980
7902 7980
7902 7981
7903 7904
7903 7981
7903 7982
7904 7905
7904 7982
7904 7983
7905 7906
7905 7983
7906 7907
7906 7983
7906 7984
7907 7908
7907 7984
7907 7985
7908 7909
7908 7984
7908 7985
7908 7986
7909 7910
7909 7985
7909 7986
7909 7987
7910 7911
7910 7986
7910 7987
7910 7988
7911 7912
7911 7987
7911 7988
7911 7989
7912 7913
7912 7988
7912 7989
7912 7990
7913 7914
7913 7989
7913 7990
7913 7991
7914 7915
7914 7990
7914 7991
7914 7992
7915 7916
7915 7991
7915 7992
7915 7993
7916 7917
7916 7992
7916 7993
7916 7994
7917 7918
7917 7993
7917 7994
7917 7995
7918 7919
7918 7994
7918 7995
7918 7996
7919 7920
7919 7995
7919 7996
7919 7997
7920 7921
7920 7996
7920 7997
7920 7998
7921 7922
7921 7997
7921 7998
7921 7999
7922 7998
7922 7999
7925 7926
7926 7927
7927 7928
7928 7929
7929 7930
7931 7932
7932 7933
7933 7934
7934 7935
7935 7936
7937 7938
7939 7940
7940 7941
7942 7943
7943 7944
7945 7946
7946 7947
7947 7948
7948 7949
7950 7951
7951 7952
7952 7953
7954 7955
7955 7956
7956 7957
7957 7958
7958 7959
7959 7960
7960 7961
7961 7962
7963 7964
7964 7965
7966 7967
7967 7968
7968 7969
7971 7972
7972 7973
7973 7974
7974 7975
7975 7976
7976 7977
7977 7978
7980 7981
7981 7982
7984 7985
7985 7986
7986 7987
7987 7988
7988 7989
7989 7990
7990 7991
7991 7992
7992 7993
7993 7994
7994 7995
7995 7996
7996 7997
7997 7998
7998 7999
