# FromNodeId	ToNodeId
0 1
0 73
1 2
1 73
1 74
2 3
2 74
2 75
3 4
3 74
3 75
3 76
4 5
4 75
4 76
4 77
5 6
5 76
5 77
6 7
6 77
6 78
7 78
8 9
8 79
8 80
9 10
9 79
9 80
9 81
10 11
10 80
10 81
10 82
11 12
11 81
11 82
11 83
12 13
12 82
12 83
12 84
13 14
13 83
13 84
13 85
14 15
14 84
14 85
14 86
15 85
15 86
15 87
16 17
16 87
16 88
16 89
17 18
17 88
17 89
18 19
18 89
19 20
19 90
20 21
20 90
20 91
21 90
21 91
21 92
22 23
22 92
22 93
22 94
23 24
23 93
23 94
23 95
24 25
24 94
24 95
25 95
26 27
26 96
26 97
27 28
27 96
27 97
27 98
28 97
28 98
28 99
29 30
29 99
29 100
29 101
30 31
30 100
30 101
30 102
31 32
31 101
31 102
31 103
32 102
32 103
32 104
33 104
33 105
34 35
34 106
34 107
34 108
35 36
35 107
35 108
35 109
36 37
36 108
36 109
36 110
37 38
37 109
37 110
37 111
38 110
38 111
38 112
39 40
39 112
39 113
39 114
40 41
40 113
40 114
40 115
41 42
41 114
41 115
41 116
42 43
42 115
42 116
42 117
43 44
43 116
43 117
43 118
44 117
44 118
44 119
45 119
45 120
46 47
46 121
46 122
47 48
47 121
47 122
47 123
48 49
48 122
48 123
48 124
49 50
49 123
49 124
49 125
50 124
50 125
50 126
51 126
51 127
52 53
52 127
52 128
52 129
53 54
53 128
53 129
53 130
54 129
54 130
54 131
55 56
55 132
55 133
55 134
56 57
56 133
56 134
56 135
57 58
57 134
57 135
57 136
58 59
58 135
58 136
58 137
59 60
59 136
59 137
59 138
60 61
60 137
60 138
60 139
61 138
61 139
61 140
62 63
62 141
62 142
62 143
63 64
63 142
63 143
64 65
64 143
64 144
65 66
65 144
66 67
66 144
66 145
67 68
67 145
67 146
68 69
68 145
68 146
69 70
69 146
70 71
71 72
71 147
72 147
73 148
73 149
74 75
74 149
74 150
74 151
75 76
75 150
75 151
76 77
76 151
77 152
78 152
78 153
79 80
79 154
79 155
80 81
80 154
80 155
81 82
81 155
82 83
82 156
83 84
83 156
84 85
84 156
84 157
85 86
85 157
85 158
86 87
86 157
86 158
86 159
87 88
87 158
87 159
87 160
88 89
88 159
88 160
88 161
89 160
89 161
89 162
90 91
90 163
90 164
91 92
91 164
91 165
92 93
92 164
92 165
92 166
93 94
93 165
93 166
93 167
94 95
94 166
94 167
94 168
95 167
95 168
96 97
96 169
96 170
97 98
97 170
97 171
98 99
98 171
98 172
99 100
99 171
99 172
99 173
100 101
100 172
100 173
100 174
101 102
101 173
101 174
101 175
102 103
102 174
102 175
102 176
103 104
103 175
103 176
104 176
104 177
105 106
105 177
105 178
105 179
106 107
106 178
106 179
106 180
107 108
107 179
107 180
108 109
108 180
108 181
109 110
109 181
109 182
110 111
110 181
110 182
110 183
111 112
111 182
111 183
111 184
112 113
112 183
112 184
113 114
113 184
113 185
114 115
114 185
114 186
115 116
115 185
115 186
115 187
116 117
116 186
116 187
117 118
117 187
118 119
119 120
120 188
121 122
121 188
121 189
122 123
122 189
122 190
123 124
123 190
123 191
124 125
124 190
124 191
124 192
125 126
125 191
125 192
125 193
126 192
126 193
127 128
127 194
127 195
128 129
128 194
128 195
128 196
129 130
129 195
129 196
129 197
130 131
130 196
130 197
130 198
131 132
131 197
131 198
131 199
132 133
132 198
132 199
132 200
133 134
133 199
133 200
133 201
134 135
134 200
134 201
134 202
135 136
135 201
135 202
135 203
136 137
136 202
136 203
136 204
137 138
137 203
137 204
137 205
138 139
138 204
138 205
138 206
139 140
139 205
139 206
139 207
140 141
140 206
140 207
140 208
141 142
141 207
141 208
142 143
142 208
142 209
143 209
143 210
144 210
144 211
144 212
145 146
145 212
145 213
145 214
146 213
146 214
146 215
147 216
147 217
148 149
148 218
148 219
149 150
149 218
149 219
149 220
150 151
150 219
150 220
150 221
151 220
151 221
151 222
152 153
152 223
152 224
152 225
153 224
153 225
153 226
154 155
154 226
154 227
154 228
155 227
155 228
155 229
156 230
156 231
156 232
157 158
157 232
157 233
157 234
158 159
158 233
158 234
158 235
159 160
159 234
159 235
159 236
160 161
160 235
160 236
160 237
161 162
161 236
161 237
162 163
162 237
162 238
163 238
163 239
164 165
164 239
164 240
164 241
165 166
165 240
165 241
165 242
166 167
166 241
166 242
166 243
167 168
167 242
167 243
167 244
168 243
168 244
168 245
169 170
169 245
169 246
170 246
171 172
171 247
172 173
172 247
172 248
173 174
173 247
173 248
173 249
174 175
174 248
174 249
174 250
175 176
175 249
175 250
175 251
176 250
176 251
176 252
177 178
177 252
177 253
178 179
178 253
178 254
179 180
179 254
180 254
180 255
181 182
181 255
181 256
182 183
182 256
182 257
183 184
183 257
183 258
184 257
184 258
184 259
185 186
185 259
186 187
186 260
187 260
187 261
188 189
188 264
188 265
188 266
189 265
189 266
189 267
190 191
190 267
190 268
191 192
191 268
191 269
192 193
192 269
192 270
193 269
193 270
193 271
194 195
194 271
194 272
195 196
195 272
195 273
196 197
196 273
196 274
197 198
197 273
197 274
197 275
198 199
198 274
198 275
198 276
199 200
199 275
199 276
199 277
200 201
200 276
200 277
200 278
201 202
201 277
201 278
201 279
202 203
202 278
202 279
202 280
203 204
203 279
203 280
203 281
204 205
204 280
204 281
204 282
205 206
205 281
205 282
205 283
206 207
206 282
206 283
206 284
207 208
207 283
207 284
207 285
208 284
208 285
208 286
209 210
209 286
209 287
210 211
210 287
210 288
211 212
211 287
211 288
212 213
212 288
212 289
213 214
213 289
213 290
214 215
214 289
214 290
214 291
215 290
215 291
216 217
216 292
217 292
218 219
218 293
219 220
219 293
219 294
220 221
220 294
220 295
221 222
221 294
221 295
221 296
222 223
222 295
222 296
222 297
223 224
223 296
223 297
223 298
224 225
224 297
224 298
224 299
225 226
225 298
225 299
225 300
226 227
226 299
226 300
226 301
227 228
227 300
227 301
227 302
228 229
228 301
228 302
228 303
229 230
229 302
229 303
230 231
230 303
230 304
231 232
231 304
231 305
232 233
232 304
232 305
232 306
233 234
233 305
233 306
234 235
234 306
234 307
235 236
235 307
235 308
236 237
236 307
236 308
236 309
237 308
237 309
237 310
238 239
238 310
238 311
238 312
239 240
239 311
239 312
239 313
240 241
240 312
240 313
241 242
241 313
241 314
242 243
242 314
243 244
243 314
243 315
244 245
244 315
244 316
245 246
245 315
245 316
245 317
246 316
246 317
246 318
247 248
247 320
247 321
248 249
248 320
248 321
248 322
249 250
249 321
249 322
249 323
250 251
250 322
250 323
250 324
251 252
251 323
251 324
251 325
252 253
252 324
252 325
252 326
253 325
253 326
253 327
254 327
254 328
254 329
255 256
255 329
255 330
255 331
256 330
256 331
256 332
257 258
257 332
257 333
257 334
258 259
258 333
258 334
258 335
259 334
259 335
259 336
260 261
260 337
260 338
260 339
261 262
261 338
261 339
261 340
262 263
262 339
262 340
262 341
263 264
263 340
263 341
263 342
264 265
264 341
264 342
264 343
265 266
265 342
265 343
266 267
266 343
266 344
267 268
267 344
267 345
268 344
268 345
268 346
269 270
269 346
269 347
270 271
270 347
270 348
271 272
271 347
271 348
271 349
272 348
272 349
272 350
273 274
273 350
273 351
273 352
274 275
274 351
274 352
274 353
275 276
275 352
275 353
275 354
276 277
276 353
276 354
276 355
277 278
277 354
277 355
278 279
278 355
278 356
279 280
279 356
279 357
280 281
280 356
280 357
280 358
281 282
281 357
281 358
282 283
282 358
283 284
283 359
284 285
284 359
284 360
285 286
285 359
285 360
285 361
286 360
286 361
286 362
287 288
287 362
287 363
287 364
288 363
288 364
289 290
289 365
290 291
290 365
290 366
291 366
291 367
292 368
292 369
293 370
294 295
294 371
294 372
295 296
295 371
295 372
295 373
296 297
296 372
296 373
296 374
297 298
297 373
297 374
297 375
298 299
298 374
298 375
298 376
299 300
299 375
299 376
300 301
300 376
300 377
301 302
301 377
301 378
302 303
302 377
302 378
302 379
303 378
303 379
303 380
304 305
304 380
304 381
304 382
305 306
305 381
305 382
305 383
306 382
306 383
307 308
307 384
307 385
308 309
308 384
308 385
308 386
309 310
309 385
309 386
309 387
310 311
310 386
310 387
310 388
311 312
311 387
311 388
311 389
312 313
312 388
312 389
312 390
313 389
313 390
313 391
314 391
314 392
314 393
315 316
315 393
315 394
315 395
316 317
316 394
316 395
316 396
317 318
317 395
317 396
318 319
318 396
318 397
319 397
320 321
320 398
321 322
321 398
321 399
322 323
322 398
322 399
322 400
323 324
323 399
323 400
323 401
324 325
324 400
324 401
324 402
325 326
325 401
325 402
326 327
326 402
326 403
327 328
327 403
327 404
328 329
328 403
328 404
328 405
329 330
329 404
329 405
329 406
330 331
330 405
330 406
331 332
331 406
331 407
332 333
332 407
332 408
333 334
333 407
333 408
333 409
334 335
334 408
334 409
334 410
335 336
335 409
335 410
335 411
336 337
336 410
336 411
336 412
337 338
337 411
337 412
337 413
338 339
338 412
338 413
338 414
339 340
339 413
339 414
340 341
340 414
340 415
341 342
341 415
341 416
342 343
342 415
342 416
342 417
343 416
343 417
343 418
344 345
344 418
344 419
344 420
345 346
345 419
345 420
345 421
346 420
346 421
346 422
347 348
347 422
347 423
347 424
348 349
348 423
348 424
348 425
349 350
349 424
349 425
349 426
350 351
350 425
350 426
350 427
351 352
351 426
351 427
352 353
352 427
352 428
353 354
353 428
353 429
354 355
354 428
354 429
354 430
355 429
355 430
356 357
357 358
357 431
358 431
358 432
359 360
359 433
359 434
359 435
360 361
360 434
360 435
360 436
361 362
361 435
361 436
361 437
362 363
362 436
362 437
363 364
363 437
363 438
364 438
365 439
365 440
366 367
366 440
366 441
366 442
367 368
367 441
367 442
368 369
368 442
368 443
369 443
370 444
370 445
371 372
371 445
371 446
371 447
372 373
372 446
372 447
373 374
373 447
373 448
374 375
374 448
374 449
375 376
375 448
375 449
376 449
376 450
377 378
377 450
377 451
378 379
378 451
378 452
379 380
379 451
379 452
379 453
380 381
380 452
380 453
380 454
381 382
381 453
381 454
381 455
382 383
382 454
382 455
382 456
383 455
383 456
383 457
384 385
384 457
384 458
384 459
385 386
385 458
385 459
385 460
386 387
386 459
386 460
386 461
387 388
387 460
387 461
387 462
388 389
388 461
388 462
388 463
389 390
389 462
389 463
389 464
390 391
390 463
390 464
390 465
391 392
391 464
391 465
391 466
392 393
392 465
392 466
392 467
393 394
393 466
393 467
393 468
394 395
394 467
394 468
395 396
395 468
395 469
396 469
396 470
397 470
397 471
398 399
398 472
398 473
398 474
399 400
399 473
399 474
399 475
400 401
400 474
400 475
400 476
401 402
401 475
401 476
401 477
402 476
402 477
402 478
403 404
403 478
403 479
403 480
404 405
404 479
404 480
404 481
405 406
405 480
405 481
405 482
406 481
406 482
406 483
407 408
407 483
407 484
407 485
408 409
408 484
408 485
408 486
409 410
409 485
409 486
409 487
410 411
410 486
410 487
411 412
411 487
412 413
413 414
414 488
415 416
415 488
415 489
415 490
416 417
416 489
416 490
416 491
417 418
417 490
417 491
417 492
418 419
418 491
418 492
418 493
419 420
419 492
419 493
419 494
420 421
420 493
420 494
421 422
421 494
421 495
422 423
422 495
423 424
423 495
424 425
425 426
425 496
426 427
426 496
426 497
427 496
427 497
427 498
428 429
428 498
428 499
428 500
429 430
429 499
429 500
429 501
430 500
430 501
430 502
431 432
431 504
431 505
431 506
432 433
432 505
432 506
432 507
433 434
433 506
433 507
433 508
434 435
434 507
434 508
434 509
435 436
435 508
435 509
435 510
436 437
436 509
436 510
436 511
437 510
437 511
437 512
438 512
438 513
438 514
439 440
439 514
439 515
439 516
440 441
440 515
440 516
441 442
441 516
441 517
442 517
442 518
443 518
443 519
444 445
444 520
444 521
445 446
445 520
445 521
445 522
446 447
446 521
446 522
446 523
447 522
447 523
448 449
448 524
449 524
450 525
450 526
451 452
451 526
451 527
452 453
452 527
453 454
453 527
453 528
454 455
454 528
454 529
455 456
455 528
455 529
455 530
456 457
456 529
456 530
456 531
457 458
457 530
457 531
457 532
458 459
458 531
458 532
458 533
459 460
459 532
459 533
460 461
460 533
460 534
461 462
461 534
461 535
462 463
462 534
462 535
463 464
463 535
464 465
465 466
465 536
466 467
466 536
466 537
467 468
467 536
467 537
467 538
468 537
468 538
469 470
469 539
469 540
470 471
470 539
470 540
470 541
471 540
471 541
471 542
472 473
472 542
472 543
472 544
473 474
473 543
473 544
473 545
474 475
474 544
474 545
474 546
475 476
475 545
475 546
475 547
476 477
476 546
476 547
476 548
477 478
477 547
477 548
477 549
478 479
478 548
478 549
478 550
479 480
479 549
479 550
479 551
480 481
480 550
480 551
480 552
481 482
481 551
481 552
481 553
482 483
482 552
482 553
482 554
483 484
483 553
483 554
483 555
484 485
484 554
484 555
484 556
485 486
485 555
485 556
485 557
486 487
486 556
486 557
487 557
488 489
488 560
488 561
488 562
489 490
489 561
489 562
490 491
490 562
490 563
491 492
491 563
491 564
492 493
492 563
492 564
492 565
493 494
493 564
493 565
493 566
494 565
494 566
495 567
496 497
496 569
496 570
497 498
497 570
497 571
498 499
498 570
498 571
498 572
499 500
499 571
499 572
499 573
500 501
500 572
500 573
500 574
501 502
501 573
501 574
502 503
502 574
502 575
503 504
503 575
503 576
504 505
504 575
504 576
504 577
505 506
505 576
505 577
505 578
506 507
506 577
506 578
506 579
507 508
507 578
507 579
507 580
508 509
508 579
508 580
508 581
509 510
509 580
509 581
509 582
510 511
510 581
510 582
510 583
511 512
511 582
511 583
511 584
512 513
512 583
512 584
513 514
513 584
513 585
514 515
514 585
514 586
515 516
515 585
515 586
515 587
516 586
516 587
516 588
517 518
517 588
517 589
517 590
518 519
518 589
518 590
519 590
520 521
520 591
521 522
521 591
521 592
522 523
522 591
522 592
523 592
524 593
524 594
525 526
525 595
525 596
525 597
526 596
526 597
526 598
527 598
527 599
527 600
528 529
528 600
528 601
528 602
529 530
529 601
529 602
530 531
530 602
530 603
531 532
531 603
531 604
532 533
532 603
532 604
532 605
533 604
533 605
533 606
534 535
534 606
535 607
536 537
536 608
536 609
536 610
537 538
537 609
537 610
537 611
538 610
538 611
538 612
539 540
539 612
539 613
539 614
540 541
540 613
540 614
541 542
541 614
541 615
542 543
542 615
542 616
543 544
543 615
543 616
544 545
544 616
544 617
545 546
545 617
545 618
546 547
546 617
546 618
546 619
547 548
547 618
547 619
547 620
548 549
548 619
548 620
548 621
549 550
549 620
549 621
549 622
550 551
550 621
550 622
550 623
551 552
551 622
551 623
551 624
552 553
552 623
552 624
552 625
553 554
553 624
553 625
553 626
554 555
554 625
554 626
554 627
555 556
555 626
555 627
555 628
556 557
556 627
556 628
556 629
557 628
557 629
557 630
558 559
558 631
558 632
558 633
559 560
559 632
559 633
559 634
560 561
560 633
560 634
560 635
561 562
561 634
561 635
561 636
562 635
562 636
562 637
563 564
563 637
563 638
564 565
564 638
564 639
565 566
565 638
565 639
565 640
566 639
566 640
566 641
567 568
567 642
567 643
567 644
568 569
568 643
568 644
568 645
569 644
569 645
570 571
570 646
570 647
571 572
571 646
571 647
571 648
572 573
572 647
572 648
572 649
573 574
573 648
573 649
574 649
574 650
575 576
575 650
575 651
575 652
576 577
576 651
576 652
576 653
577 578
577 652
577 653
577 654
578 579
578 653
578 654
578 655
579 580
579 654
579 655
580 581
580 655
580 656
581 582
581 656
581 657
582 583
582 656
582 657
582 658
583 584
583 657
583 658
583 659
584 658
584 659
584 660
585 586
585 660
585 661
585 662
586 587
586 661
586 662
586 663
587 588
587 662
587 663
587 664
588 589
588 663
588 664
588 665
589 590
589 664
589 665
589 666
590 665
590 666
591 592
591 667
591 668
592 668
592 669
593 594
593 670
593 671
594 595
594 671
595 596
595 671
595 672
596 597
596 672
596 673
597 598
597 672
597 673
598 599
598 673
598 674
599 600
599 674
599 675
600 601
600 674
600 675
600 676
601 602
601 675
601 676
601 677
602 676
602 677
603 604
603 678
603 679
604 605
604 678
604 679
605 606
605 679
605 680
606 680
606 681
607 682
607 683
608 609
608 683
608 684
608 685
609 610
609 684
609 685
609 686
610 611
610 685
610 686
610 687
611 612
611 686
611 687
611 688
612 613
612 687
612 688
612 689
613 614
613 688
613 689
613 690
614 689
614 690
614 691
615 616
615 691
615 692
616 692
616 693
617 618
617 693
617 694
617 695
618 619
618 694
618 695
619 620
619 695
619 696
620 621
620 696
621 622
621 696
621 697
622 623
622 697
623 624
623 697
623 698
624 625
624 698
624 699
625 626
625 698
625 699
626 627
626 699
626 700
627 628
627 700
627 701
628 629
628 700
628 701
628 702
629 630
629 701
629 702
629 703
630 631
630 702
630 703
630 704
631 632
631 703
631 704
632 633
632 704
632 705
633 634
633 705
633 706
634 635
634 705
634 706
634 707
635 636
635 706
635 707
635 708
636 637
636 707
636 708
636 709
637 708
637 709
637 710
638 639
638 710
638 711
638 712
639 640
639 711
639 712
639 713
640 641
640 712
640 713
640 714
641 642
641 713
641 714
642 643
642 714
642 715
643 644
643 715
644 645
644 715
644 716
645 716
645 717
646 647
646 717
646 718
647 648
647 718
648 649
648 719
649 719
649 720
650 651
650 720
650 721
651 652
651 721
651 722
652 653
652 722
652 723
653 654
653 722
653 723
653 724
654 655
654 723
654 724
654 725
655 724
655 725
655 726
656 657
656 726
656 727
656 728
657 658
657 727
657 728
658 659
658 728
658 729
659 660
659 729
659 730
660 661
660 729
660 730
660 731
661 662
661 730
661 731
662 663
662 731
662 732
663 664
663 732
664 665
664 732
664 733
665 666
665 733
665 734
666 733
666 734
666 735
667 736
668 669
668 736
668 737
668 738
669 670
669 737
669 738
670 738
670 739
671 739
671 740
671 741
672 673
672 741
672 742
672 743
673 742
673 743
673 744
674 675
674 744
674 745
675 676
675 745
676 677
676 745
676 746
677 746
677 747
678 679
678 747
678 748
678 749
679 748
679 749
679 750
680 681
680 750
680 751
680 752
681 682
681 751
681 752
681 753
682 752
682 753
682 754
683 684
683 754
683 755
683 756
684 685
684 755
684 756
684 757
685 686
685 756
685 757
686 687
686 757
686 758
687 688
687 758
687 759
688 689
688 758
688 759
688 760
689 690
689 759
689 760
690 691
690 760
690 761
691 692
691 761
691 762
692 761
692 762
693 694
693 763
693 764
694 695
694 763
694 764
694 765
695 764
695 765
695 766
696 766
696 767
696 768
697 768
697 769
697 770
698 699
698 770
698 771
699 771
699 772
700 701
700 772
700 773
701 702
701 773
702 703
702 773
702 774
703 704
703 774
704 774
704 775
705 706
705 775
705 776
705 777
706 707
706 776
706 777
707 708
707 777
708 709
708 778
709 710
709 778
709 779
710 711
710 778
710 779
710 780
711 712
711 779
711 780
711 781
712 713
712 780
712 781
712 782
713 714
713 781
713 782
714 782
715 783
715 784
716 717
716 784
716 785
716 786
717 718
717 785
717 786
717 787
718 786
718 787
718 788
719 720
719 789
719 790
719 791
720 721
720 790
720 791
720 792
721 791
721 792
722 723
722 793
723 724
723 793
723 794
724 725
724 794
724 795
725 726
725 794
725 795
725 796
726 727
726 795
726 796
726 797
727 728
727 796
727 797
727 798
728 797
728 798
728 799
729 730
729 799
729 800
730 731
730 800
730 801
731 801
731 802
732 802
732 803
733 734
733 803
733 804
733 805
734 735
734 804
734 805
734 806
735 805
735 806
736 737
736 807
737 738
737 808
738 808
738 809
739 740
739 809
739 810
740 741
740 810
740 811
741 742
741 810
741 811
742 743
742 811
742 812
743 744
743 812
744 812
744 813
745 813
745 814
745 815
746 747
746 815
746 816
746 817
747 748
747 816
747 817
747 818
748 749
748 817
748 818
748 819
749 750
749 818
749 819
749 820
750 751
750 819
750 820
751 752
751 820
751 821
752 753
752 821
752 822
753 754
753 821
753 822
753 823
754 755
754 822
754 823
755 756
755 823
755 824
756 757
756 824
756 825
757 824
757 825
757 826
758 759
758 826
758 827
758 828
759 760
759 827
759 828
759 829
760 828
760 829
760 830
761 762
761 830
761 831
761 832
762 831
762 832
762 833
763 764
763 833
763 834
763 835
764 765
764 834
764 835
765 766
765 835
765 836
766 767
766 836
766 837
767 768
767 836
767 837
768 769
768 837
768 838
769 770
769 838
769 839
770 771
770 838
770 839
771 839
771 840
772 840
772 841
772 842
773 842
773 843
773 844
774 844
774 845
774 846
775 776
775 846
775 847
776 777
776 847
776 848
777 847
777 848
778 779
778 849
778 850
778 851
779 780
779 850
779 851
779 852
780 781
780 851
780 852
780 853
781 782
781 852
781 853
782 853
782 854
783 784
783 855
783 856
784 785
784 855
784 856
784 857
785 786
785 856
785 857
785 858
786 787
786 857
786 858
786 859
787 788
787 858
787 859
787 860
788 789
788 859
788 860
788 861
789 790
789 860
789 861
789 862
790 791
790 861
790 862
791 792
791 862
791 863
792 863
792 864
793 864
793 865
793 866
794 795
794 866
794 867
794 868
795 796
795 867
795 868
795 869
796 797
796 868
796 869
796 870
797 798
797 869
797 870
797 871
798 799
798 870
798 871
798 872
799 800
799 871
799 872
799 873
800 872
800 873
800 874
801 802
801 874
801 875
801 876
802 875
802 876
802 877
803 804
803 877
803 878
803 879
804 805
804 878
804 879
804 880
805 806
805 879
805 880
805 881
806 880
806 881
807 882
807 883
808 809
808 884
808 885
809 885
809 886
810 811
810 886
810 887
810 888
811 887
811 888
812 889
812 890
813 814
813 890
813 891
813 892
814 815
814 891
814 892
814 893
815 816
815 892
815 893
815 894
816 817
816 893
816 894
816 895
817 818
817 894
817 895
818 819
818 895
818 896
819 820
819 896
819 897
820 896
820 897
821 822
821 898
821 899
822 823
822 898
822 899
822 900
823 899
823 900
823 901
824 825
824 901
824 902
824 903
825 826
825 902
825 903
826 827
826 903
826 904
827 828
827 904
828 829
828 904
828 905
829 830
829 905
829 906
830 831
830 905
830 906
830 907
831 832
831 906
831 907
831 908
832 833
832 907
832 908
832 909
833 834
833 908
833 909
833 910
834 835
834 909
834 910
835 910
835 911
836 837
836 911
836 912
836 913
837 912
837 913
838 839
838 914
838 915
839 914
839 915
839 916
840 841
840 916
840 917
840 918
841 842
841 917
841 918
842 843
842 918
843 844
843 919
844 845
844 919
844 920
845 846
845 919
845 920
846 920
846 921
847 848
847 921
847 922
848 922
848 923
849 850
849 923
849 924
849 925
850 851
850 924
850 925
850 926
851 852
851 925
851 926
851 927
852 853
852 926
852 927
852 928
853 927
853 928
853 929
854 929
854 930
855 856
855 931
856 857
856 931
856 932
857 858
857 931
857 932
858 859
858 932
858 933
859 860
859 933
859 934
860 861
860 933
860 934
861 862
861 934
861 935
862 935
862 936
863 864
863 936
863 937
863 938
864 865
864 937
864 938
864 939
865 866
865 938
865 939
865 940
866 867
866 939
866 940
867 868
867 940
868 869
868 941
869 870
869 941
870 871
870 941
870 942
871 872
871 942
871 943
872 873
872 942
872 943
872 944
873 874
873 943
873 944
874 875
874 944
874 945
875 876
875 945
875 946
876 877
876 945
876 946
876 947
877 878
877 946
877 947
878 879
878 947
879 880
879 948
880 881
880 948
881 948
882 883
882 949
882 950
883 884
883 949
883 950
883 951
884 950
884 951
884 952
885 886
885 952
886 887
886 953
887 888
887 953
888 953
888 954
889 890
889 954
889 955
889 956
890 891
890 955
890 956
890 957
891 892
891 956
891 957
891 958
892 893
892 957
892 958
892 959
893 894
893 958
893 959
893 960
894 895
894 959
894 960
895 960
895 961
896 897
896 961
896 962
896 963
897 962
897 963
898 899
898 964
899 900
899 964
899 965
900 901
900 964
900 965
900 966
901 902
901 965
901 966
901 967
902 903
902 966
902 967
902 968
903 967
903 968
903 969
904 969
904 970
905 906
905 971
905 972
906 907
906 971
906 972
906 973
907 908
907 972
907 973
908 909
908 973
908 974
909 910
909 974
909 975
910 974
910 975
910 976
911 912
911 976
911 977
911 978
912 913
912 977
912 978
912 979
913 978
913 979
913 980
914 915
914 980
914 981
914 982
915 916
915 981
915 982
916 917
916 982
916 983
917 918
917 983
918 983
918 984
919 920
919 985
919 986
920 986
920 987
921 922
921 987
921 988
921 989
922 988
922 989
922 990
923 924
923 990
923 991
923 992
924 925
924 991
924 992
924 993
925 926
925 992
925 993
925 994
926 927
926 993
926 994
926 995
927 928
927 994
927 995
928 929
928 995
928 996
929 930
929 996
930 996
930 997
931 932
931 998
931 999
931 1000
932 999
932 1000
933 934
933 1001
934 1001
934 1002
935 936
935 1002
935 1003
935 1004
936 937
936 1003
936 1004
936 1005
937 938
937 1004
937 1005
937 1006
938 939
938 1005
938 1006
938 1007
939 940
939 1006
939 1007
939 1008
940 1007
940 1008
940 1009
941 1010
942 943
942 1011
942 1012
943 944
943 1011
943 1012
943 1013
944 1012
944 1013
945 946
945 1014
945 1015
946 947
946 1014
946 1015
946 1016
947 1015
947 1016
947 1017
948 1018
948 1019
948 1020
949 950
949 1021
950 951
950 1021
950 1022
951 952
951 1021
951 1022
951 1023
952 1022
952 1023
952 1024
953 1025
953 1026
953 1027
954 955
954 1027
954 1028
954 1029
955 956
955 1028
955 1029
955 1030
956 957
956 1029
956 1030
956 1031
957 958
957 1030
957 1031
957 1032
958 959
958 1031
958 1032
958 1033
959 960
959 1032
959 1033
959 1034
960 1033
960 1034
960 1035
961 962
961 1035
961 1036
961 1037
962 963
962 1036
962 1037
962 1038
963 1037
963 1038
963 1039
964 965
964 1040
965 966
965 1040
965 1041
966 967
966 1040
966 1041
966 1042
967 968
967 1041
967 1042
967 1043
968 969
968 1042
968 1043
968 1044
969 970
969 1043
969 1044
969 1045
970 1044
970 1045
970 1046
971 972
971 1046
971 1047
971 1048
972 973
972 1047
972 1048
972 1049
973 1048
973 1049
973 1050
974 975
974 1050
975 976
975 1051
976 977
976 1051
976 1052
977 978
977 1051
977 1052
977 1053
978 979
978 1052
978 1053
978 1054
979 980
979 1053
979 1054
979 1055
980 981
980 1054
980 1055
981 982
981 1055
982 1056
983 1056
983 1057
984 985
984 1057
984 1058
984 1059
985 1058
985 1059
985 1060
986 987
986 1060
986 1061
986 1062
987 988
987 1061
987 1062
987 1063
988 989
988 1062
988 1063
988 1064
989 990
989 1063
989 1064
989 1065
990 991
990 1064
990 1065
990 1066
991 992
991 1065
991 1066
991 1067
992 993
992 1066
992 1067
992 1068
993 994
993 1067
993 1068
993 1069
994 995
994 1068
994 1069
994 1070
995 1069
995 1070
995 1071
996 1071
996 1072
997 998
997 1073
998 999
998 1073
998 1074
999 1000
999 1073
999 1074
999 1075
1000 1074
1000 1075
1001 1002
1001 1076
1001 1077
1001 1078
1002 1003
1002 1077
1002 1078
1002 1079
1003 1004
1003 1078
1003 1079
1003 1080
1004 1005
1004 1079
1004 1080
1004 1081
1005 1006
1005 1080
1005 1081
1005 1082
1006 1007
1006 1081
1006 1082
1006 1083
1007 1008
1007 1082
1007 1083
1007 1084
1008 1009
1008 1083
1008 1084
1008 1085
1009 1084
1009 1085
1009 1086
1010 1086
1010 1087
1011 1012
1011 1087
1011 1088
1012 1013
1012 1088
1012 1089
1013 1089
1013 1090
1014 1015
1014 1090
1015 1016
1016 1017
1016 1091
1017 1018
1017 1091
1017 1092
1018 1019
1018 1091
1018 1092
1018 1093
1019 1020
1019 1092
1019 1093
1019 1094
1020 1093
1020 1094
1021 1022
1021 1095
1021 1096
1022 1023
1022 1095
1022 1096
1022 1097
1023 1024
1023 1096
1023 1097
1024 1025
1024 1097
1024 1098
1025 1026
1025 1098
1026 1027
1026 1098
1026 1099
1027 1028
1027 1099
1027 1100
1028 1029
1028 1099
1028 1100
1029 1030
1029 1100
1029 1101
1030 1031
1030 1101
1030 1102
1031 1032
1031 1101
1031 1102
1031 1103
1032 1033
1032 1102
1032 1103
1032 1104
1033 1034
1033 1103
1033 1104
1033 1105
1034 1035
1034 1104
1034 1105
1034 1106
1035 1036
1035 1105
1035 1106
1035 1107
1036 1037
1036 1106
1036 1107
1036 1108
1037 1038
1037 1107
1037 1108
1037 1109
1038 1039
1038 1108
1038 1109
1038 1110
1039 1109
1039 1110
1039 1111
1040 1041
1040 1112
1040 1113
1040 1114
1041 1042
1041 1113
1041 1114
1041 1115
1042 1043
1042 1114
1042 1115
1043 1044
1043 1115
1043 1116
1044 1045
1044 1116
1044 1117
1045 1046
1045 1116
1045 1117
1045 1118
1046 1047
1046 1117
1046 1118
1046 1119
1047 1048
1047 1118
1047 1119
1047 1120
1048 1049
1048 1119
1048 1120
1048 1121
1049 1050
1049 1120
1049 1121
1049 1122
1050 1121
1050 1122
1050 1123
1051 1052
1051 1124
1051 1125
1051 1126
1052 1053
1052 1125
1052 1126
1052 1127
1053 1054
1053 1126
1053 1127
1053 1128
1054 1055
1054 1127
1054 1128
1055 1128
1055 1129
1056 1130
1056 1131
1056 1132
1057 1058
1057 1132
1057 1133
1057 1134
1058 1059
1058 1133
1058 1134
1058 1135
1059 1060
1059 1134
1059 1135
1059 1136
1060 1061
1060 1135
1060 1136
1060 1137
1061 1062
1061 1136
1061 1137
1061 1138
1062 1063
1062 1137
1062 1138
1062 1139
1063 1064
1063 1138
1063 1139
1063 1140
1064 1065
1064 1139
1064 1140
1065 1066
1065 1140
1065 1141
1066 1067
1066 1141
1066 1142
1067 1068
1067 1141
1067 1142
1067 1143
1068 1069
1068 1142
1068 1143
1068 1144
1069 1070
1069 1143
1069 1144
1070 1071
1070 1144
1071 1072
1071 1145
1072 1145
1072 1146
1073 1074
1073 1147
1073 1148
1074 1075
1074 1148
1074 1149
1075 1149
1075 1150
1076 1077
1076 1150
1076 1151
1077 1078
1077 1151
1077 1152
1078 1079
1078 1152
1078 1153
1079 1080
1079 1152
1079 1153
1079 1154
1080 1081
1080 1153
1080 1154
1080 1155
1081 1082
1081 1154
1081 1155
1081 1156
1082 1083
1082 1155
1082 1156
1082 1157
1083 1084
1083 1156
1083 1157
1084 1085
1084 1157
1084 1158
1085 1086
1085 1158
1086 1158
1086 1159
1087 1088
1087 1159
1087 1160
1087 1161
1088 1160
1088 1161
1088 1162
1089 1090
1089 1162
1089 1163
1090 1163
1090 1164
1091 1092
1091 1166
1091 1167
1092 1093
1092 1167
1092 1168
1093 1094
1093 1167
1093 1168
1094 1168
1095 1096
1095 1169
1095 1170
1096 1097
1096 1170
1096 1171
1097 1170
1097 1171
1097 1172
1098 1172
1098 1173
1099 1100
1099 1173
1099 1174
1100 1174
1100 1175
1101 1102
1101 1175
1101 1176
1101 1177
1102 1103
1102 1176
1102 1177
1102 1178
1103 1104
1103 1177
1103 1178
1103 1179
1104 1105
1104 1178
1104 1179
1104 1180
1105 1106
1105 1179
1105 1180
1105 1181
1106 1107
1106 1180
1106 1181
1106 1182
1107 1108
1107 1181
1107 1182
1107 1183
1108 1109
1108 1182
1108 1183
1109 1110
1109 1183
1109 1184
1110 1111
1110 1184
1110 1185
1111 1112
1111 1184
1111 1185
1111 1186
1112 1113
1112 1185
1112 1186
1113 1114
1113 1186
1113 1187
1114 1115
1114 1187
1114 1188
1115 1187
1115 1188
1115 1189
1116 1117
1116 1189
1116 1190
1116 1191
1117 1118
1117 1190
1117 1191
1117 1192
1118 1119
1118 1191
1118 1192
1118 1193
1119 1120
1119 1192
1119 1193
1119 1194
1120 1121
1120 1193
1120 1194
1120 1195
1121 1122
1121 1194
1121 1195
1121 1196
1122 1123
1122 1195
1122 1196
1122 1197
1123 1124
1123 1196
1123 1197
1123 1198
1124 1125
1124 1197
1124 1198
1124 1199
1125 1126
1125 1198
1125 1199
1126 1127
1126 1199
1127 1128
1127 1200
1128 1200
1128 1201
1129 1130
1129 1201
1129 1202
1129 1203
1130 1131
1130 1202
1130 1203
1130 1204
1131 1132
1131 1203
1131 1204
1131 1205
1132 1133
1132 1204
1132 1205
1132 1206
1133 1134
1133 1205
1133 1206
1134 1135
1134 1206
1134 1207
1135 1136
1135 1207
1136 1137
1136 1207
1137 1138
1138 1139
1139 1140
1139 1208
1140 1208
1141 1142
1141 1209
1142 1143
1142 1209
1142 1210
1143 1144
1143 1209
1143 1210
1144 1210
1144 1211
1145 1146
1145 1212
1145 1213
1145 1214
1146 1147
1146 1213
1146 1214
1146 1215
1147 1148
1147 1214
1147 1215
1148 1215
1148 1216
1149 1150
1149 1216
1149 1217
1149 1218
1150 1151
1150 1217
1150 1218
1150 1219
1151 1218
1151 1219
1151 1220
1152 1153
1152 1220
1153 1154
1153 1221
1154 1155
1154 1221
1154 1222
1155 1156
1155 1221
1155 1222
1155 1223
1156 1157
1156 1222
1156 1223
1156 1224
1157 1223
1157 1224
1157 1225
1158 1225
1158 1226
1158 1227
1159 1160
1159 1227
1159 1228
1159 1229
1160 1161
1160 1228
1160 1229
1160 1230
1161 1162
1161 1229
1161 1230
1161 1231
1162 1163
1162 1230
1162 1231
1162 1232
1163 1231
1163 1232
1164 1165
1164 1233
1165 1166
1165 1233
1166 1234
1167 1168
1167 1234
1167 1235
1168 1235
1169 1236
1169 1237
1170 1171
1170 1237
1170 1238
1170 1239
1171 1172
1171 1238
1171 1239
1172 1239
1173 1174
1173 1240
1174 1240
1174 1241
1175 1176
1175 1241
1175 1242
1176 1177
1176 1242
1176 1243
1177 1178
1177 1243
1177 1244
1178 1179
1178 1243
1178 1244
1178 1245
1179 1180
1179 1244
1179 1245
1179 1246
1180 1181
1180 1245
1180 1246
1180 1247
1181 1182
1181 1246
1181 1247
1181 1248
1182 1183
1182 1247
1182 1248
1182 1249
1183 1248
1183 1249
1184 1185
1184 1250
1184 1251
1185 1186
1185 1250
1185 1251
1185 1252
1186 1251
1186 1252
1186 1253
1187 1188
1187 1253
1187 1254
1187 1255
1188 1189
1188 1254
1188 1255
1188 1256
1189 1190
1189 1255
1189 1256
1189 1257
1190 1191
1190 1256
1190 1257
1190 1258
1191 1192
1191 1257
1191 1258
1192 1193
1192 1258
1192 1259
1193 1194
1193 1259
1194 1195
1194 1259
1194 1260
1195 1196
1195 1260
1195 1261
1196 1197
1196 1260
1196 1261
1197 1198
1197 1261
1198 1199
1198 1262
1199 1262
1199 1263
1200 1201
1200 1264
1200 1265
1200 1266
1201 1202
1201 1265
1201 1266
1201 1267
1202 1203
1202 1266
1202 1267
1202 1268
1203 1204
1203 1267
1203 1268
1203 1269
1204 1205
1204 1268
1204 1269
1204 1270
1205 1206
1205 1269
1205 1270
1205 1271
1206 1270
1206 1271
1206 1272
1207 1272
1207 1273
1207 1274
1208 1277
1209 1210
1209 1278
1209 1279
1210 1278
1210 1279
1210 1280
1211 1212
1211 1280
1211 1281
1211 1282
1212 1213
1212 1281
1212 1282
1213 1214
1213 1282
1213 1283
1214 1215
1214 1283
1214 1284
1215 1283
1215 1284
1215 1285
1216 1217
1216 1285
1216 1286
1216 1287
1217 1218
1217 1286
1217 1287
1217 1288
1218 1219
1218 1287
1218 1288
1218 1289
1219 1220
1219 1288
1219 1289
1219 1290
1220 1289
1220 1290
1220 1291
1221 1222
1221 1292
1221 1293
1221 1294
1222 1223
1222 1293
1222 1294
1222 1295
1223 1224
1223 1294
1223 1295
1223 1296
1224 1225
1224 1295
1224 1296
1224 1297
1225 1226
1225 1296
1225 1297
1225 1298
1226 1227
1226 1297
1226 1298
1226 1299
1227 1228
1227 1298
1227 1299
1227 1300
1228 1229
1228 1299
1228 1300
1228 1301
1229 1230
1229 1300
1229 1301
1229 1302
1230 1231
1230 1301
1230 1302
1230 1303
1231 1232
1231 1302
1231 1303
1231 1304
1232 1303
1232 1304
1233 1305
1234 1235
1234 1306
1234 1307
1234 1308
1235 1307
1235 1308
1235 1309
1236 1237
1236 1311
1237 1238
1237 1311
1237 1312
1238 1239
1238 1312
1238 1313
1239 1312
1239 1313
1240 1241
1240 1315
1240 1316
1241 1242
1241 1315
1241 1316
1241 1317
1242 1316
1242 1317
1242 1318
1243 1244
1243 1318
1243 1319
1243 1320
1244 1245
1244 1319
1244 1320
1244 1321
1245 1246
1245 1320
1245 1321
1246 1247
1246 1321
1246 1322
1247 1248
1247 1322
1247 1323
1248 1249
1248 1322
1248 1323
1248 1324
1249 1323
1249 1324
1249 1325
1250 1251
1250 1325
1250 1326
1250 1327
1251 1252
1251 1326
1251 1327
1251 1328
1252 1253
1252 1327
1252 1328
1252 1329
1253 1254
1253 1328
1253 1329
1254 1255
1254 1329
1254 1330
1255 1256
1255 1330
1255 1331
1256 1257
1256 1330
1256 1331
1257 1258
1257 1331
1257 1332
1258 1332
1258 1333
1259 1333
1259 1334
1260 1261
1260 1334
1260 1335
1260 1336
1261 1335
1261 1336
1261 1337
1262 1263
1262 1338
1262 1339
1263 1264
1263 1338
1263 1339
1263 1340
1264 1265
1264 1339
1264 1340
1264 1341
1265 1266
1265 1340
1265 1341
1266 1267
1266 1341
1266 1342
1267 1268
1267 1342
1267 1343
1268 1269
1268 1342
1268 1343
1268 1344
1269 1270
1269 1343
1269 1344
1269 1345
1270 1271
1270 1344
1270 1345
1270 1346
1271 1272
1271 1345
1271 1346
1271 1347
1272 1273
1272 1346
1272 1347
1272 1348
1273 1274
1273 1347
1273 1348
1273 1349
1274 1275
1274 1348
1274 1349
1275 1276
1275 1349
1275 1350
1276 1277
1276 1350
1277 1350
1277 1351
1278 1279
1278 1353
1278 1354
1278 1355
1279 1280
1279 1354
1279 1355
1279 1356
1280 1281
1280 1355
1280 1356
1280 1357
1281 1282
1281 1356
1281 1357
1281 1358
1282 1357
1282 1358
1282 1359
1283 1284
1283 1359
1283 1360
1284 1285
1284 1360
1284 1361
1285 1286
1285 1361
1285 1362
1286 1287
1286 1361
1286 1362
1286 1363
1287 1288
1287 1362
1287 1363
1288 1289
1288 1363
1288 1364
1289 1290
1289 1364
1289 1365
1290 1291
1290 1364
1290 1365
1290 1366
1291 1292
1291 1365
1291 1366
1291 1367
1292 1293
1292 1366
1292 1367
1292 1368
1293 1294
1293 1367
1293 1368
1294 1295
1294 1368
1294 1369
1295 1296
1295 1369
1295 1370
1296 1297
1296 1369
1296 1370
1296 1371
1297 1298
1297 1370
1297 1371
1297 1372
1298 1299
1298 1371
1298 1372
1298 1373
1299 1300
1299 1372
1299 1373
1299 1374
1300 1301
1300 1373
1300 1374
1300 1375
1301 1302
1301 1374
1301 1375
1301 1376
1302 1303
1302 1375
1302 1376
1302 1377
1303 1304
1303 1376
1303 1377
1303 1378
1304 1377
1304 1378
1304 1379
1305 1306
1305 1380
1305 1381
1306 1307
1306 1381
1306 1382
1307 1308
1307 1381
1307 1382
1307 1383
1308 1309
1308 1382
1308 1383
1308 1384
1309 1310
1309 1383
1309 1384
1309 1385
1310 1384
1310 1385
1311 1386
1311 1387
1312 1313
1312 1387
1312 1388
1313 1388
1313 1389
1314 1389
1314 1390
1314 1391
1315 1316
1315 1391
1315 1392
1315 1393
1316 1317
1316 1392
1316 1393
1317 1318
1317 1393
1317 1394
1318 1319
1318 1394
1318 1395
1319 1320
1319 1394
1319 1395
1319 1396
1320 1321
1320 1395
1320 1396
1320 1397
1321 1396
1321 1397
1322 1323
1322 1398
1322 1399
1323 1324
1323 1398
1323 1399
1323 1400
1324 1325
1324 1399
1324 1400
1324 1401
1325 1326
1325 1400
1325 1401
1326 1327
1326 1401
1327 1328
1327 1402
1328 1329
1328 1402
1328 1403
1329 1402
1329 1403
1329 1404
1330 1331
1330 1404
1330 1405
1330 1406
1331 1405
1331 1406
1331 1407
1332 1333
1332 1407
1332 1408
1332 1409
1333 1408
1333 1409
1333 1410
1334 1335
1334 1410
1334 1411
1334 1412
1335 1336
1335 1411
1335 1412
1335 1413
1336 1337
1336 1412
1336 1413
1336 1414
1337 1413
1337 1414
1337 1415
1338 1339
1338 1415
1338 1416
1338 1417
1339 1340
1339 1416
1339 1417
1339 1418
1340 1341
1340 1417
1340 1418
1340 1419
1341 1418
1341 1419
1341 1420
1342 1343
1342 1420
1342 1421
1342 1422
1343 1344
1343 1421
1343 1422
1343 1423
1344 1345
1344 1422
1344 1423
1344 1424
1345 1346
1345 1423
1345 1424
1345 1425
1346 1347
1346 1424
1346 1425
1346 1426
1347 1348
1347 1425
1347 1426
1347 1427
1348 1349
1348 1426
1348 1427
1349 1427
1349 1428
1350 1428
1350 1429
1351 1352
1351 1430
1352 1353
1352 1430
1352 1431
1353 1354
1353 1431
1353 1432
1354 1355
1354 1431
1354 1432
1354 1433
1355 1356
1355 1432
1355 1433
1356 1357
1356 1433
1356 1434
1357 1358
1357 1434
1357 1435
1358 1359
1358 1434
1358 1435
1358 1436
1359 1360
1359 1435
1359 1436
1359 1437
1360 1436
1360 1437
1360 1438
1361 1362
1361 1438
1361 1439
1361 1440
1362 1363
1362 1439
1362 1440
1362 1441
1363 1440
1363 1441
1363 1442
1364 1365
1364 1442
1364 1443
1365 1366
1365 1443
1365 1444
1366 1367
1366 1444
1366 1445
1367 1368
1367 1444
1367 1445
1367 1446
1368 1445
1368 1446
1368 1447
1369 1370
1369 1447
1369 1448
1370 1371
1370 1448
1370 1449
1371 1372
1371 1449
1371 1450
1372 1373
1372 1449
1372 1450
1373 1374
1373 1450
1374 1375
1375 1376
1375 1451
1376 1377
1376 1451
1376 1452
1377 1378
1377 1451
1377 1452
1377 1453
1378 1379
1378 1452
1378 1453
1378 1454
1379 1380
1379 1453
1379 1454
1379 1455
1380 1454
1380 1455
1380 1456
1381 1382
1381 1456
1381 1457
1382 1383
1382 1457
1382 1458
1383 1384
1383 1458
1383 1459
1384 1385
1384 1458
1384 1459
1385 1459
1386 1387
1387 1460
1388 1389
1388 1460
1388 1461
1388 1462
1389 1390
1389 1461
1389 1462
1389 1463
1390 1391
1390 1462
1390 1463
1390 1464
1391 1392
1391 1463
1391 1464
1392 1393
1392 1464
1392 1465
1393 1465
1394 1395
1394 1466
1394 1467
1395 1396
1395 1466
1395 1467
1395 1468
1396 1397
1396 1467
1396 1468
1397 1468
1397 1469
1398 1399
1398 1469
1398 1470
1398 1471
1399 1400
1399 1470
1399 1471
1399 1472
1400 1401
1400 1471
1400 1472
1400 1473
1401 1472
1401 1473
1402 1403
1402 1474
1402 1475
1402 1476
1403 1404
1403 1475
1403 1476
1403 1477
1404 1405
1404 1476
1404 1477
1404 1478
1405 1406
1405 1477
1405 1478
1405 1479
1406 1407
1406 1478
1406 1479
1406 1480
1407 1408
1407 1479
1407 1480
1407 1481
1408 1409
1408 1480
1408 1481
1409 1410
1409 1481
1409 1482
1410 1411
1410 1482
1410 1483
1411 1412
1411 1482
1411 1483
1411 1484
1412 1413
1412 1483
1412 1484
1412 1485
1413 1414
1413 1484
1413 1485
1413 1486
1414 1415
1414 1485
1414 1486
1414 1487
1415 1416
1415 1486
1415 1487
1415 1488
1416 1417
1416 1487
1416 1488
1416 1489
1417 1418
1417 1488
1417 1489
1418 1419
1418 1489
1419 1420
1419 1490
1420 1421
1420 1490
1420 1491
1421 1422
1421 1490
1421 1491
1421 1492
1422 1423
1422 1491
1422 1492
1422 1493
1423 1424
1423 1492
1423 1493
1424 1425
1424 1493
1424 1494
1425 1426
1425 1494
1426 1427
1426 1494
1426 1495
1427 1495
1427 1496
1428 1429
1428 1496
1428 1497
1428 1498
1429 1497
1429 1498
1429 1499
1430 1499
1430 1500
1430 1501
1431 1432
1431 1501
1431 1502
1432 1433
1432 1502
1432 1503
1433 1503
1433 1504
1434 1435
1434 1504
1434 1505
1434 1506
1435 1436
1435 1505
1435 1506
1435 1507
1436 1437
1436 1506
1436 1507
1436 1508
1437 1438
1437 1507
1437 1508
1438 1439
1438 1508
1438 1509
1439 1440
1439 1509
1439 1510
1440 1441
1440 1509
1440 1510
1441 1442
1441 1510
1442 1443
1442 1511
1443 1511
1443 1512
1444 1445
1444 1512
1444 1513
1444 1514
1445 1446
1445 1513
1445 1514
1445 1515
1446 1447
1446 1514
1446 1515
1447 1448
1447 1515
1447 1516
1448 1516
1448 1517
1449 1450
1449 1517
1449 1518
1450 1518
1450 1519
1451 1452
1451 1521
1451 1522
1451 1523
1452 1453
1452 1522
1452 1523
1452 1524
1453 1454
1453 1523
1453 1524
1453 1525
1454 1455
1454 1524
1454 1525
1454 1526
1455 1456
1455 1525
1455 1526
1456 1457
1456 1526
1456 1527
1457 1527
1457 1528
1458 1459
1458 1528
1458 1529
1459 1529
1459 1530
1460 1461
1460 1532
1460 1533
1460 1534
1461 1462
1461 1533
1461 1534
1461 1535
1462 1463
1462 1534
1462 1535
1462 1536
1463 1464
1463 1535
1463 1536
1463 1537
1464 1536
1464 1537
1464 1538
1465 1538
1465 1539
1465 1540
1466 1467
1466 1540
1466 1541
1466 1542
1467 1468
1467 1541
1467 1542
1467 1543
1468 1542
1468 1543
1469 1470
1469 1544
1469 1545
1470 1471
1470 1544
1470 1545
1470 1546
1471 1472
1471 1545
1471 1546
1471 1547
1472 1473
1472 1546
1472 1547
1473 1547
1473 1548
1474 1475
1474 1548
1474 1549
1474 1550
1475 1476
1475 1549
1475 1550
1475 1551
1476 1477
1476 1550
1476 1551
1477 1478
1477 1551
1477 1552
1478 1479
1478 1552
1479 1480
1479 1552
1479 1553
1480 1481
1480 1553
1480 1554
1481 1553
1481 1554
1481 1555
1482 1483
1482 1555
1482 1556
1483 1484
1483 1556
1483 1557
1484 1485
1484 1556
1484 1557
1484 1558
1485 1486
1485 1557
1485 1558
1485 1559
1486 1487
1486 1558
1486 1559
1486 1560
1487 1488
1487 1559
1487 1560
1487 1561
1488 1489
1488 1560
1488 1561
1488 1562
1489 1561
1489 1562
1489 1563
1490 1491
1490 1564
1490 1565
1491 1492
1491 1565
1491 1566
1492 1493
1492 1566
1492 1567
1493 1566
1493 1567
1494 1568
1495 1496
1495 1569
1495 1570
1496 1497
1496 1569
1496 1570
1496 1571
1497 1498
1497 1570
1497 1571
1497 1572
1498 1499
1498 1571
1498 1572
1498 1573
1499 1500
1499 1572
1499 1573
1499 1574
1500 1501
1500 1573
1500 1574
1500 1575
1501 1502
1501 1574
1501 1575
1501 1576
1502 1575
1502 1576
1503 1504
1503 1577
1503 1578
1504 1505
1504 1577
1504 1578
1504 1579
1505 1506
1505 1578
1505 1579
1505 1580
1506 1507
1506 1579
1506 1580
1506 1581
1507 1508
1507 1580
1507 1581
1508 1581
1508 1582
1509 1510
1509 1582
1509 1583
1509 1584
1510 1583
1510 1584
1511 1512
1511 1585
1511 1586
1511 1587
1512 1513
1512 1586
1512 1587
1512 1588
1513 1514
1513 1587
1513 1588
1513 1589
1514 1515
1514 1588
1514 1589
1514 1590
1515 1589
1515 1590
1515 1591
1516 1517
1516 1591
1516 1592
1516 1593
1517 1592
1517 1593
1517 1594
1518 1519
1518 1594
1518 1595
1518 1596
1519 1520
1519 1595
1519 1596
1519 1597
1520 1521
1520 1596
1520 1597
1521 1522
1521 1597
1521 1598
1522 1523
1522 1598
1522 1599
1523 1524
1523 1598
1523 1599
1523 1600
1524 1525
1524 1599
1524 1600
1525 1526
1525 1600
1525 1601
1526 1601
1526 1602
1527 1528
1527 1602
1527 1603
1527 1604
1528 1603
1528 1604
1528 1605
1529 1530
1529 1605
1529 1606
1529 1607
1530 1606
1530 1607
1531 1532
1531 1608
1531 1609
1532 1533
1532 1608
1532 1609
1532 1610
1533 1534
1533 1609
1533 1610
1533 1611
1534 1535
1534 1610
1534 1611
1534 1612
1535 1536
1535 1611
1535 1612
1535 1613
1536 1537
1536 1612
1536 1613
1536 1614
1537 1538
1537 1613
1537 1614
1537 1615
1538 1539
1538 1614
1538 1615
1538 1616
1539 1540
1539 1615
1539 1616
1539 1617
1540 1541
1540 1616
1540 1617
1540 1618
1541 1542
1541 1617
1541 1618
1541 1619
1542 1543
1542 1618
1542 1619
1542 1620
1543 1619
1543 1620
1543 1621
1544 1545
1544 1621
1544 1622
1544 1623
1545 1546
1545 1622
1545 1623
1545 1624
1546 1547
1546 1623
1546 1624
1546 1625
1547 1624
1547 1625
1547 1626
1548 1549
1548 1626
1548 1627
1549 1550
1549 1627
1549 1628
1550 1551
1550 1628
1550 1629
1551 1628
1551 1629
1551 1630
1552 1630
1552 1631
1553 1554
1553 1632
1553 1633
1554 1555
1554 1632
1554 1633
1554 1634
1555 1633
1555 1634
1555 1635
1556 1557
1556 1635
1556 1636
1556 1637
1557 1558
1557 1636
1557 1637
1557 1638
1558 1559
1558 1637
1558 1638
1558 1639
1559 1560
1559 1638
1559 1639
1559 1640
1560 1561
1560 1639
1560 1640
1560 1641
1561 1562
1561 1640
1561 1641
1561 1642
1562 1563
1562 1641
1562 1642
1562 1643
1563 1564
1563 1642
1563 1643
1563 1644
1564 1565
1564 1643
1564 1644
1565 1644
1565 1645
1566 1567
1566 1645
1566 1646
1566 1647
1567 1646
1567 1647
1567 1648
1568 1648
1568 1649
1569 1570
1569 1649
1569 1650
1570 1571
1570 1650
1570 1651
1571 1572
1571 1651
1571 1652
1572 1573
1572 1651
1572 1652
1572 1653
1573 1574
1573 1652
1573 1653
1573 1654
1574 1575
1574 1653
1574 1654
1575 1576
1575 1654
1575 1655
1576 1655
1576 1656
1577 1578
1577 1656
1577 1657
1578 1579
1578 1657
1578 1658
1579 1580
1579 1657
1579 1658
1579 1659
1580 1581
1580 1658
1580 1659
1581 1659
1581 1660
1582 1583
1582 1660
1582 1661
1583 1584
1583 1661
1583 1662
1584 1662
1584 1663
1585 1586
1585 1663
1585 1664
1586 1587
1586 1664
1586 1665
1587 1588
1587 1665
1587 1666
1588 1589
1588 1665
1588 1666
1588 1667
1589 1590
1589 1666
1589 1667
1589 1668
1590 1591
1590 1667
1590 1668
1590 1669
1591 1592
1591 1668
1591 1669
1591 1670
1592 1593
1592 1669
1592 1670
1592 1671
1593 1594
1593 1670
1593 1671
1593 1672
1594 1595
1594 1671
1594 1672
1594 1673
1595 1596
1595 1672
1595 1673
1595 1674
1596 1597
1596 1673
1596 1674
1596 1675
1597 1674
1597 1675
1597 1676
1598 1599
1598 1676
1598 1677
1598 1678
1599 1600
1599 1677
1599 1678
1599 1679
1600 1678
1600 1679
1600 1680
1601 1602
1601 1680
1601 1681
1601 1682
1602 1603
1602 1681
1602 1682
1602 1683
1603 1604
1603 1682
1603 1683
1604 1605
1604 1683
1604 1684
1605 1606
1605 1684
1605 1685
1606 1607
1606 1684
1606 1685
1607 1685
1608 1609
1608 1686
1609 1610
1609 1686
1609 1687
1610 1611
1610 1687
1610 1688
1611 1612
1611 1687
1611 1688
1611 1689
1612 1613
1612 1688
1612 1689
1613 1614
1613 1689
1613 1690
1614 1615
1614 1690
1614 1691
1615 1616
1615 1690
1615 1691
1615 1692
1616 1617
1616 1691
1616 1692
1617 1618
1617 1692
1617 1693
1618 1619
1618 1693
1619 1620
1619 1693
1619 1694
1620 1621
1620 1694
1621 1622
1621 1694
1621 1695
1622 1623
1622 1695
1623 1624
1623 1695
1624 1625
1624 1696
1625 1626
1625 1696
1625 1697
1626 1627
1626 1696
1626 1697
1626 1698
1627 1697
1627 1698
1627 1699
1628 1629
1628 1699
1629 1630
1630 1631
1630 1700
1631 1700
1631 1701
1632 1633
1632 1701
1632 1702
1632 1703
1633 1634
1633 1702
1633 1703
1633 1704
1634 1635
1634 1703
1634 1704
1634 1705
1635 1636
1635 1704
1635 1705
1635 1706
1636 1637
1636 1705
1636 1706
1636 1707
1637 1638
1637 1706
1637 1707
1637 1708
1638 1639
1638 1707
1638 1708
1638 1709
1639 1640
1639 1708
1639 1709
1640 1641
1640 1709
1640 1710
1641 1642
1641 1710
1642 1643
1642 1710
1642 1711
1643 1644
1643 1711
1644 1711
1644 1712
1645 1646
1645 1712
1645 1713
1645 1714
1646 1647
1646 1713
1646 1714
1646 1715
1647 1648
1647 1714
1647 1715
1647 1716
1648 1715
1648 1716
1648 1717
1649 1650
1649 1717
1649 1718
1649 1719
1650 1718
1650 1719
1650 1720
1651 1652
1651 1720
1651 1721
1651 1722
1652 1653
1652 1721
1652 1722
1652 1723
1653 1654
1653 1722
1653 1723
1653 1724
1654 1723
1654 1724
1654 1725
1655 1656
1655 1725
1655 1726
1655 1727
1656 1726
1656 1727
1656 1728
1657 1658
1657 1728
1657 1729
1657 1730
1658 1659
1658 1729
1658 1730
1659 1730
1659 1731
1660 1661
1660 1731
1660 1732
1660 1733
1661 1732
1661 1733
1661 1734
1662 1663
1662 1734
1662 1735
1663 1664
1663 1735
1663 1736
1664 1736
1664 1737
1665 1666
1665 1737
1665 1738
1666 1667
1666 1738
1666 1739
1667 1668
1667 1739
1667 1740
1668 1669
1668 1739
1668 1740
1668 1741
1669 1670
1669 1740
1669 1741
1669 1742
1670 1671
1670 1741
1670 1742
1671 1672
1671 1742
1671 1743
1672 1673
1672 1743
1672 1744
1673 1674
1673 1743
1673 1744
1674 1675
1674 1744
1674 1745
1675 1676
1675 1745
1675 1746
1676 1677
1676 1745
1676 1746
1676 1747
1677 1678
1677 1746
1677 1747
1677 1748
1678 1679
1678 1747
1678 1748
1678 1749
1679 1680
1679 1748
1679 1749
1679 1750
1680 1681
1680 1749
1680 1750
1680 1751
1681 1682
1681 1750
1681 1751
1681 1752
1682 1683
1682 1751
1682 1752
1682 1753
1683 1752
1683 1753
1683 1754
1684 1685
1684 1754
1684 1755
1684 1756
1685 1755
1685 1756
1685 1757
1687 1688
1687 1758
1687 1759
1688 1689
1688 1758
1688 1759
1688 1760
1689 1759
1689 1760
1689 1761
1690 1691
1690 1761
1690 1762
1690 1763
1691 1692
1691 1762
1691 1763
1691 1764
1692 1763
1692 1764
1692 1765
1693 1765
1693 1766
1693 1767
1694 1767
1694 1768
1694 1769
1695 1769
1695 1770
1696 1697
1696 1771
1696 1772
1696 1773
1697 1698
1697 1772
1697 1773
1698 1699
1698 1773
1698 1774
1699 1774
1700 1701
1700 1776
1700 1777
1700 1778
1701 1702
1701 1777
1701 1778
1702 1703
1702 1778
1702 1779
1703 1704
1703 1779
1704 1705
1704 1779
1704 1780
1705 1706
1705 1780
1705 1781
1706 1707
1706 1780
1706 1781
1706 1782
1707 1708
1707 1781
1707 1782
1707 1783
1708 1709
1708 1782
1708 1783
1708 1784
1709 1783
1709 1784
1709 1785
1710 1785
1710 1786
1710 1787
1711 1787
1711 1788
1711 1789
1712 1713
1712 1789
1712 1790
1713 1714
1713 1790
1713 1791
1714 1715
1714 1790
1714 1791
1714 1792
1715 1716
1715 1791
1715 1792
1716 1717
1716 1792
1716 1793
1717 1718
1717 1793
1717 1794
1718 1719
1718 1793
1718 1794
1718 1795
1719 1720
1719 1794
1719 1795
1719 1796
1720 1721
1720 1795
1720 1796
1720 1797
1721 1722
1721 1796
1721 1797
1721 1798
1722 1723
1722 1797
1722 1798
1722 1799
1723 1724
1723 1798
1723 1799
1723 1800
1724 1725
1724 1799
1724 1800
1724 1801
1725 1726
1725 1800
1725 1801
1725 1802
1726 1727
1726 1801
1726 1802
1726 1803
1727 1728
1727 1802
1727 1803
1727 1804
1728 1729
1728 1803
1728 1804
1728 1805
1729 1730
1729 1804
1729 1805
1729 1806
1730 1805
1730 1806
1730 1807
1731 1732
1731 1807
1731 1808
1732 1733
1732 1808
1732 1809
1733 1734
1733 1809
1733 1810
1734 1735
1734 1809
1734 1810
1734 1811
1735 1810
1735 1811
1735 1812
1736 1737
1736 1812
1737 1738
1737 1813
1738 1813
1738 1814
1739 1740
1739 1814
1739 1815
1739 1816
1740 1741
1740 1815
1740 1816
1740 1817
1741 1742
1741 1816
1741 1817
1742 1817
1742 1818
1743 1744
1743 1818
1743 1819
1743 1820
1744 1819
1744 1820
1744 1821
1745 1746
1745 1821
1745 1822
1746 1747
1746 1822
1746 1823
1747 1748
1747 1822
1747 1823
1747 1824
1748 1749
1748 1823
1748 1824
1748 1825
1749 1750
1749 1824
1749 1825
1749 1826
1750 1751
1750 1825
1750 1826
1751 1752
1751 1826
1752 1753
1752 1827
1753 1754
1753 1827
1753 1828
1754 1755
1754 1827
1754 1828
1755 1756
1755 1828
1756 1757
1756 1829
1757 1829
1758 1759
1758 1831
1758 1832
1759 1760
1759 1832
1759 1833
1760 1761
1760 1832
1760 1833
1760 1834
1761 1762
1761 1833
1761 1834
1761 1835
1762 1763
1762 1834
1762 1835
1762 1836
1763 1764
1763 1835
1763 1836
1763 1837
1764 1765
1764 1836
1764 1837
1764 1838
1765 1766
1765 1837
1765 1838
1765 1839
1766 1767
1766 1838
1766 1839
1766 1840
1767 1768
1767 1839
1767 1840
1767 1841
1768 1769
1768 1840
1768 1841
1768 1842
1769 1770
1769 1841
1769 1842
1769 1843
1770 1842
1770 1843
1770 1844
1771 1772
1771 1844
1771 1845
1772 1773
1772 1845
1773 1846
1774 1846
1774 1847
1774 1848
1775 1776
1775 1848
1775 1849
1776 1777
1776 1849
1776 1850
1777 1778
1777 1850
1778 1850
1779 1851
1780 1781
1780 1851
1780 1852
1780 1853
1781 1782
1781 1852
1781 1853
1781 1854
1782 1783
1782 1853
1782 1854
1783 1784
1783 1854
1784 1785
1784 1855
1785 1786
1785 1855
1785 1856
1786 1787
1786 1855
1786 1856
1786 1857
1787 1788
1787 1856
1787 1857
1788 1789
1788 1857
1788 1858
1789 1858
1789 1859
1790 1791
1790 1859
1790 1860
1790 1861
1791 1792
1791 1860
1791 1861
1791 1862
1792 1861
1792 1862
1792 1863
1793 1794
1793 1863
1793 1864
1793 1865
1794 1795
1794 1864
1794 1865
1795 1796
1795 1865
1795 1866
1796 1797
1796 1866
1796 1867
1797 1798
1797 1866
1797 1867
1797 1868
1798 1799
1798 1867
1798 1868
1798 1869
1799 1800
1799 1868
1799 1869
1799 1870
1800 1801
1800 1869
1800 1870
1800 1871
1801 1802
1801 1870
1801 1871
1802 1803
1802 1871
1803 1804
1803 1872
1804 1805
1804 1872
1804 1873
1805 1806
1805 1872
1805 1873
1805 1874
1806 1807
1806 1873
1806 1874
1807 1808
1807 1874
1808 1875
1809 1810
1809 1875
1809 1876
1809 1877
1810 1811
1810 1876
1810 1877
1810 1878
1811 1812
1811 1877
1811 1878
1812 1878
1812 1879
1813 1814
1813 1880
1813 1881
1813 1882
1814 1815
1814 1881
1814 1882
1814 1883
1815 1816
1815 1882
1815 1883
1815 1884
1816 1817
1816 1883
1816 1884
1817 1884
1817 1885
1818 1819
1818 1885
1818 1886
1818 1887
1819 1820
1819 1886
1819 1887
1819 1888
1820 1821
1820 1887
1820 1888
1820 1889
1821 1888
1821 1889
1822 1823
1822 1890
1822 1891
1823 1824
1823 1890
1823 1891
1823 1892
1824 1825
1824 1891
1824 1892
1824 1893
1825 1826
1825 1892
1825 1893
1826 1893
1826 1894
1827 1828
1827 1895
1827 1896
1828 1895
1828 1896
1828 1897
1829 1898
1830 1831
1830 1899
1831 1899
1832 1833
1832 1900
1833 1834
1833 1900
1833 1901
1834 1835
1834 1901
1834 1902
1835 1836
1835 1901
1835 1902
1835 1903
1836 1837
1836 1902
1836 1903
1836 1904
1837 1838
1837 1903
1837 1904
1837 1905
1838 1839
1838 1904
1838 1905
1838 1906
1839 1840
1839 1905
1839 1906
1839 1907
1840 1841
1840 1906
1840 1907
1840 1908
1841 1842
1841 1907
1841 1908
1842 1843
1842 1908
1842 1909
1843 1844
1843 1909
1843 1910
1844 1845
1844 1909
1844 1910
1844 1911
1845 1910
1845 1911
1845 1912
1846 1847
1846 1913
1846 1914
1847 1848
1847 1914
1847 1915
1848 1849
1848 1915
1848 1916
1849 1915
1849 1916
1849 1917
1850 1917
1850 1918
1850 1919
1851 1852
1851 1920
1851 1921
1851 1922
1852 1853
1852 1921
1852 1922
1852 1923
1853 1854
1853 1922
1853 1923
1853 1924
1854 1923
1854 1924
1854 1925
1855 1856
1855 1926
1855 1927
1855 1928
1856 1857
1856 1927
1856 1928
1856 1929
1857 1928
1857 1929
1858 1859
1858 1930
1859 1860
1859 1930
1860 1861
1860 1930
1860 1931
1861 1862
1861 1931
1861 1932
1862 1863
1862 1931
1862 1932
1862 1933
1863 1864
1863 1932
1863 1933
1863 1934
1864 1865
1864 1933
1864 1934
1864 1935
1865 1934
1865 1935
1866 1867
1866 1936
1866 1937
1867 1868
1867 1936
1867 1937
1867 1938
1868 1869
1868 1937
1868 1938
1869 1870
1869 1938
1869 1939
1870 1871
1870 1939
1870 1940
1871 1939
1871 1940
1872 1873
1872 1941
1872 1942
1873 1874
1873 1942
1875 1876
1875 1943
1876 1877
1876 1943
1876 1944
1877 1878
1877 1943
1877 1944
1877 1945
1878 1944
1878 1945
1879 1880
1879 1946
1879 1947
1880 1881
1880 1946
1880 1947
1880 1948
1881 1882
1881 1947
1881 1948
1881 1949
1882 1883
1882 1948
1882 1949
1882 1950
1883 1884
1883 1949
1883 1950
1884 1950
1884 1951
1885 1886
1885 1951
1885 1952
1885 1953
1886 1887
1886 1952
1886 1953
1886 1954
1887 1888
1887 1953
1887 1954
1887 1955
1888 1889
1888 1954
1888 1955
1888 1956
1889 1955
1889 1956
1889 1957
1890 1891
1890 1957
1890 1958
1891 1892
1891 1958
1891 1959
1892 1893
1892 1958
1892 1959
1892 1960
1893 1959
1893 1960
1893 1961
1894 1961
1894 1962
1894 1963
1895 1896
1895 1963
1895 1964
1895 1965
1896 1897
1896 1964
1896 1965
1896 1966
1897 1898
1897 1965
1897 1966
1898 1966
1899 1967
1899 1968
1900 1969
1900 1970
1900 1971
1901 1902
1901 1971
1901 1972
1901 1973
1902 1903
1902 1972
1902 1973
1902 1974
1903 1904
1903 1973
1903 1974
1904 1905
1904 1974
1905 1906
1905 1975
1906 1907
1906 1975
1906 1976
1907 1908
1907 1975
1907 1976
1907 1977
1908 1976
1908 1977
1909 1910
1909 1978
1909 1979
1910 1911
1910 1978
1910 1979
1911 1912
1911 1979
1911 1980
1912 1913
1912 1980
1912 1981
1913 1914
1913 1980
1913 1981
1913 1982
1914 1981
1914 1982
1914 1983
1915 1916
1915 1983
1915 1984
1915 1985
1916 1917
1916 1984
1916 1985
1916 1986
1917 1918
1917 1985
1917 1986
1917 1987
1918 1919
1918 1986
1918 1987
1918 1988
1919 1987
1919 1988
1919 1989
1920 1921
1920 1989
1920 1990
1920 1991
1921 1922
1921 1990
1921 1991
1921 1992
1922 1923
1922 1991
1922 1992
1922 1993
1923 1924
1923 1992
1923 1993
1924 1925
1924 1993
1924 1994
1925 1926
1925 1994
1925 1995
1926 1927
1926 1994
1926 1995
1926 1996
1927 1928
1927 1995
1927 1996
1927 1997
1928 1929
1928 1996
1928 1997
1928 1998
1929 1997
1929 1998
1929 1999
1930 2000
1930 2001
1931 1932
1931 2001
1931 2002
1931 2003
1932 1933
1932 2002
1932 2003
1933 1934
1933 2003
1933 2004
1934 1935
1934 2004
1935 2004
1935 2005
1936 1937
1936 2005
1936 2006
1936 2007
1937 1938
1937 2006
1937 2007
1938 2007
1938 2008
1939 1940
1939 2008
1939 2009
1939 2010
1940 2009
1940 2010
1940 2011
1941 1942
1941 2011
1941 2012
1942 2012
1943 1944
1943 2016
1943 2017
1944 1945
1944 2017
1944 2018
1945 2018
1946 1947
1946 2019
1946 2020
1947 1948
1947 2019
1947 2020
1947 2021
1948 1949
1948 2020
1948 2021
1948 2022
1949 1950
1949 2021
1949 2022
1949 2023
1950 2022
1950 2023
1950 2024
1951 1952
1951 2024
1951 2025
1952 1953
1952 2025
1952 2026
1953 1954
1953 2026
1954 1955
1954 2026
1955 1956
1955 2027
1956 1957
1956 2027
1956 2028
1957 2027
1957 2028
1958 1959
1958 2029
1958 2030
1959 1960
1959 2029
1959 2030
1959 2031
1960 1961
1960 2030
1960 2031
1960 2032
1961 1962
1961 2031
1961 2032
1961 2033
1962 1963
1962 2032
1962 2033
1962 2034
1963 1964
1963 2033
1963 2034
1963 2035
1964 1965
1964 2034
1964 2035
1965 1966
1965 2035
1966 2036
1967 1968
1967 2038
1967 2039
1968 1969
1968 2038
1968 2039
1968 2040
1969 1970
1969 2039
1969 2040
1969 2041
1970 1971
1970 2040
1970 2041
1971 1972
1971 2041
1971 2042
1972 1973
1972 2042
1972 2043
1973 1974
1973 2042
1973 2043
1973 2044
1974 2043
1974 2044
1974 2045
1975 1976
1975 2046
1975 2047
1975 2048
1976 1977
1976 2047
1976 2048
1976 2049
1977 2048
1977 2049
1977 2050
1978 1979
1978 2050
1978 2051
1979 2051
1979 2052
1980 1981
1980 2052
1980 2053
1980 2054
1981 1982
1981 2053
1981 2054
1981 2055
1982 1983
1982 2054
1982 2055
1982 2056
1983 1984
1983 2055
1983 2056
1983 2057
1984 1985
1984 2056
1984 2057
1985 1986
1985 2057
1986 1987
1986 2058
1987 1988
1987 2058
1988 1989
1988 2058
1988 2059
1989 1990
1989 2059
1989 2060
1990 1991
1990 2059
1990 2060
1990 2061
1991 1992
1991 2060
1991 2061
1992 1993
1992 2061
1992 2062
1993 2062
1993 2063
1994 1995
1994 2063
1994 2064
1994 2065
1995 1996
1995 2064
1995 2065
1995 2066
1996 1997
1996 2065
1996 2066
1996 2067
1997 1998
1997 2066
1997 2067
1997 2068
1998 1999
1998 2067
1998 2068
1998 2069
1999 2068
1999 2069
1999 2070
2000 2001
2000 2070
2000 2071
2000 2072
2001 2002
2001 2071
2001 2072
2002 2003
2002 2072
2002 2073
2003 2073
2003 2074
2004 2074
2004 2075
2004 2076
2005 2006
2005 2076
2005 2077
2005 2078
2006 2007
2006 2077
2006 2078
2006 2079
2007 2078
2007 2079
2007 2080
2008 2009
2008 2080
2008 2081
2009 2010
2009 2081
2009 2082
2010 2011
2010 2082
2010 2083
2011 2012
2011 2082
2011 2083
2011 2084
2012 2083
2012 2084
2012 2085
2013 2014
2013 2086
2013 2087
2014 2015
2014 2087
2014 2088
2015 2016
2015 2088
2015 2089
2016 2017
2016 2088
2016 2089
2016 2090
2017 2089
2017 2090
2017 2091
2018 2091
2018 2092
2018 2093
2019 2020
2019 2093
2019 2094
2019 2095
2020 2021
2020 2094
2020 2095
2020 2096
2021 2022
2021 2095
2021 2096
2021 2097
2022 2023
2022 2096
2022 2097
2022 2098
2023 2024
2023 2097
2023 2098
2023 2099
2024 2025
2024 2098
2024 2099
2024 2100
2025 2099
2025 2100
2025 2101
2026 2101
2026 2102
2026 2103
2027 2028
2027 2104
2027 2105
2027 2106
2028 2105
2028 2106
2029 2030
2029 2107
2029 2108
2030 2031
2030 2107
2030 2108
2030 2109
2031 2032
2031 2108
2031 2109
2031 2110
2032 2033
2032 2109
2032 2110
2032 2111
2033 2034
2033 2110
2033 2111
2034 2035
2034 2111
2034 2112
2035 2112
2036 2037
2036 2113
2036 2114
2037 2114
2038 2039
2038 2115
2038 2116
2039 2040
2039 2115
2039 2116
2039 2117
2040 2041
2040 2116
2040 2117
2040 2118
2041 2117
2041 2118
2041 2119
2042 2043
2042 2119
2042 2120
2043 2044
2043 2120
2043 2121
2044 2045
2044 2121
2044 2122
2045 2046
2045 2121
2045 2122
2046 2047
2046 2122
2046 2123
2047 2048
2047 2123
2048 2049
2048 2123
2048 2124
2049 2050
2049 2124
2049 2125
2050 2051
2050 2124
2050 2125
2050 2126
2051 2125
2051 2126
2051 2127
2052 2053
2052 2127
2052 2128
2052 2129
2053 2054
2053 2128
2053 2129
2053 2130
2054 2055
2054 2129
2054 2130
2054 2131
2055 2056
2055 2130
2055 2131
2055 2132
2056 2057
2056 2131
2056 2132
2056 2133
2057 2132
2057 2133
2057 2134
2058 2135
2058 2136
2058 2137
2059 2060
2059 2137
2059 2138
2059 2139
2060 2061
2060 2138
2060 2139
2060 2140
2061 2139
2061 2140
2061 2141
2062 2063
2062 2141
2062 2142
2062 2143
2063 2064
2063 2142
2063 2143
2064 2065
2064 2143
2064 2144
2065 2066
2065 2144
2065 2145
2066 2067
2066 2144
2066 2145
2066 2146
2067 2068
2067 2145
2067 2146
2067 2147
2068 2069
2068 2146
2068 2147
2068 2148
2069 2070
2069 2147
2069 2148
2069 2149
2070 2071
2070 2148
2070 2149
2070 2150
2071 2072
2071 2149
2071 2150
2071 2151
2072 2150
2072 2151
2072 2152
2073 2074
2073 2152
2073 2153
2074 2075
2074 2153
2074 2154
2075 2076
2075 2154
2075 2155
2076 2077
2076 2154
2076 2155
2076 2156
2077 2078
2077 2155
2077 2156
2078 2079
2078 2156
2078 2157
2079 2080
2079 2157
2079 2158
2080 2081
2080 2157
2080 2158
2080 2159
2081 2158
2081 2159
2081 2160
2082 2083
2082 2160
2082 2161
2083 2084
2083 2161
2084 2085
2084 2162
2085 2086
2085 2162
2085 2163
2086 2087
2086 2162
2086 2163
2086 2164
2087 2163
2087 2164
2087 2165
2088 2089
2088 2165
2088 2166
2088 2167
2089 2090
2089 2166
2089 2167
2089 2168
2090 2091
2090 2167
2090 2168
2090 2169
2091 2092
2091 2168
2091 2169
2091 2170
2092 2093
2092 2169
2092 2170
2092 2171
2093 2094
2093 2170
2093 2171
2093 2172
2094 2095
2094 2171
2094 2172
2094 2173
2095 2096
2095 2172
2095 2173
2095 2174
2096 2097
2096 2173
2096 2174
2097 2098
2097 2174
2097 2175
2098 2099
2098 2175
2098 2176
2099 2100
2099 2175
2099 2176
2100 2101
2100 2176
2100 2177
2101 2102
2101 2177
2101 2178
2102 2103
2102 2177
2102 2178
2103 2104
2103 2178
2104 2105
2104 2179
2105 2106
2105 2179
2106 2179
2107 2108
2107 2180
2107 2181
2108 2109
2108 2180
2108 2181
2108 2182
2109 2110
2109 2181
2109 2182
2109 2183
2110 2111
2110 2182
2110 2183
2110 2184
2111 2183
2111 2184
2111 2185
2112 2185
2112 2186
2112 2187
2113 2187
2113 2188
2113 2189
2114 2189
2114 2190
2115 2116
2115 2191
2115 2192
2116 2117
2116 2191
2116 2192
2116 2193
2117 2118
2117 2192
2117 2193
2118 2119
2118 2193
2119 2120
2119 2194
2120 2194
2121 2122
2121 2195
2121 2196
2122 2195
2122 2196
2122 2197
2123 2197
2123 2198
2123 2199
2124 2125
2124 2199
2124 2200
2125 2126
2125 2200
2125 2201
2126 2127
2126 2201
2126 2202
2127 2128
2127 2201
2127 2202
2127 2203
2128 2129
2128 2202
2128 2203
2128 2204
2129 2130
2129 2203
2129 2204
2129 2205
2130 2131
2130 2204
2130 2205
2130 2206
2131 2132
2131 2205
2131 2206
2131 2207
2132 2133
2132 2206
2132 2207
2132 2208
2133 2134
2133 2207
2133 2208
2133 2209
2134 2135
2134 2208
2134 2209
2134 2210
2135 2136
2135 2209
2135 2210
2135 2211
2136 2137
2136 2210
2136 2211
2136 2212
2137 2138
2137 2211
2137 2212
2137 2213
2138 2139
2138 2212
2138 2213
2138 2214
2139 2140
2139 2213
2139 2214
2139 2215
2140 2141
2140 2214
2140 2215
2140 2216
2141 2142
2141 2215
2141 2216
2141 2217
2142 2143
2142 2216
2142 2217
2142 2218
2143 2217
2143 2218
2143 2219
2144 2145
2144 2219
2144 2220
2144 2221
2145 2146
2145 2220
2145 2221
2145 2222
2146 2147
2146 2221
2146 2222
2146 2223
2147 2148
2147 2222
2147 2223
2147 2224
2148 2149
2148 2223
2148 2224
2148 2225
2149 2150
2149 2224
2149 2225
2150 2151
2150 2225
2151 2152
2151 2226
2152 2153
2152 2226
2153 2226
2153 2227
2154 2155
2154 2227
2154 2228
2154 2229
2155 2156
2155 2228
2155 2229
2155 2230
2156 2229
2156 2230
2157 2158
2157 2231
2157 2232
2158 2159
2158 2231
2158 2232
2159 2160
2159 2232
2159 2233
2160 2161
2160 2233
2160 2234
2161 2233
2161 2234
2161 2235
2162 2163
2162 2236
2162 2237
2162 2238
2163 2164
2163 2237
2163 2238
2164 2165
2164 2238
2164 2239
2165 2166
2165 2239
2166 2167
2166 2239
2167 2168
2167 2240
2168 2169
2168 2240
2168 2241
2169 2170
2169 2240
2169 2241
2169 2242
2170 2171
2170 2241
2170 2242
2170 2243
2171 2172
2171 2242
2171 2243
2171 2244
2172 2173
2172 2243
2172 2244
2172 2245
2173 2174
2173 2244
2173 2245
2173 2246
2174 2245
2174 2246
2174 2247
2175 2176
2175 2247
2175 2248
2175 2249
2176 2248
2176 2249
2177 2178
2177 2250
2177 2251
2178 2250
2178 2251
2178 2252
2179 2253
2179 2254
2180 2181
2180 2255
2180 2256
2180 2257
2181 2182
2181 2256
2181 2257
2181 2258
2182 2183
2182 2257
2182 2258
2182 2259
2183 2184
2183 2258
2183 2259
2183 2260
2184 2185
2184 2259
2184 2260
2185 2186
2185 2260
2186 2187
2186 2261
2187 2188
2187 2261
2187 2262
2188 2189
2188 2261
2188 2262
2188 2263
2189 2190
2189 2262
2189 2263
2190 2263
2191 2192
2191 2264
2191 2265
2192 2193
2192 2264
2192 2265
2192 2266
2193 2265
2193 2266
2193 2267
2194 2268
2194 2269
2195 2196
2195 2269
2195 2270
2195 2271
2196 2197
2196 2270
2196 2271
2196 2272
2197 2198
2197 2271
2197 2272
2197 2273
2198 2199
2198 2272
2198 2273
2198 2274
2199 2200
2199 2273
2199 2274
2199 2275
2200 2274
2200 2275
2201 2202
2201 2276
2201 2277
2202 2203
2202 2276
2202 2277
2203 2204
2203 2277
2203 2278
2204 2205
2204 2278
2205 2206
2205 2278
2205 2279
2206 2207
2206 2279
2206 2280
2207 2208
2207 2279
2207 2280
2208 2209
2208 2280
2208 2281
2209 2210
2209 2281
2209 2282
2210 2211
2210 2281
2210 2282
2210 2283
2211 2212
2211 2282
2211 2283
2211 2284
2212 2213
2212 2283
2212 2284
2212 2285
2213 2214
2213 2284
2213 2285
2214 2215
2214 2285
2214 2286
2215 2216
2215 2286
2215 2287
2216 2217
2216 2286
2216 2287
2217 2218
2217 2287
2217 2288
2218 2219
2218 2288
2218 2289
2219 2220
2219 2288
2219 2289
2219 2290
2220 2221
2220 2289
2220 2290
2221 2222
2221 2290
2222 2223
2222 2291
2223 2224
2223 2291
2223 2292
2224 2225
2224 2291
2224 2292
2224 2293
2225 2292
2225 2293
2225 2294
2226 2295
2226 2296
2227 2228
2227 2297
2228 2229
2228 2297
2228 2298
2229 2230
2229 2298
2229 2299
2230 2298
2230 2299
2230 2300
2231 2232
2231 2300
2231 2301
2231 2302
2232 2301
2232 2302
2232 2303
2233 2234
2233 2303
2233 2304
2234 2235
2234 2304
2234 2305
2235 2236
2235 2304
2235 2305
2235 2306
2236 2237
2236 2305
2236 2306
2236 2307
2237 2238
2237 2306
2237 2307
2237 2308
2238 2307
2238 2308
2239 2309
2240 2241
2240 2310
2240 2311
2241 2242
2241 2311
2241 2312
2242 2243
2242 2311
2242 2312
2242 2313
2243 2244
2243 2312
2243 2313
2244 2245
2244 2313
2244 2314
2245 2246
2245 2314
2245 2315
2246 2247
2246 2314
2246 2315
2246 2316
2247 2248
2247 2315
2247 2316
2247 2317
2248 2249
2248 2316
2248 2317
2248 2318
2249 2317
2249 2318
2250 2251
2250 2319
2251 2252
2251 2319
2251 2320
2252 2253
2252 2319
2252 2320
2253 2254
2253 2320
2253 2321
2254 2321
2255 2256
2255 2322
2256 2257
2256 2322
2257 2258
2257 2322
2257 2323
2258 2259
2258 2323
2258 2324
2259 2260
2259 2323
2259 2324
2260 2324
2260 2325
2261 2262
2261 2326
2261 2327
2262 2263
2262 2327
2264 2265
2264 2328
2265 2266
2265 2328
2265 2329
2266 2267
2266 2329
2267 2268
2267 2329
2267 2330
2268 2330
2269 2270
2269 2331
2269 2332
2270 2271
2270 2331
2270 2332
2270 2333
2271 2272
2271 2332
2271 2333
2271 2334
2272 2273
2272 2333
2272 2334
2272 2335
2273 2274
2273 2334
2273 2335
2273 2336
2274 2275
2274 2335
2274 2336
2275 2336
2276 2277
2276 2337
2276 2338
2277 2337
2277 2338
2277 2339
2278 2339
2278 2340
2279 2280
2279 2341
2279 2342
2280 2341
2280 2342
2280 2343
2281 2282
2281 2343
2281 2344
2282 2283
2282 2344
2282 2345
2283 2284
2283 2345
2283 2346
2284 2285
2284 2345
2284 2346
2284 2347
2285 2346
2285 2347
2286 2287
2286 2348
2287 2348
2288 2289
2288 2349
2289 2290
2289 2349
2289 2350
2290 2349
2290 2350
2290 2351
2291 2292
2291 2352
2291 2353
2292 2293
2292 2353
2292 2354
2293 2294
2293 2353
2293 2354
2294 2295
2294 2354
2295 2296
2295 2355
2296 2355
2296 2356
2297 2356
2297 2357
2298 2299
2298 2357
2298 2358
2298 2359
2299 2300
2299 2358
2299 2359
2299 2360
2300 2301
2300 2359
2300 2360
2300 2361
2301 2302
2301 2360
2301 2361
2301 2362
2302 2303
2302 2361
2302 2362
2302 2363
2303 2362
2303 2363
2304 2305
2304 2364
2304 2365
2305 2306
2305 2364
2305 2365
2305 2366
2306 2307
2306 2365
2306 2366
2306 2367
2307 2308
2307 2366
2307 2367
2307 2368
2308 2367
2308 2368
2308 2369
2309 2310
2309 2370
2309 2371
2309 2372
2310 2371
2310 2372
2310 2373
2311 2312
2311 2373
2311 2374
2312 2313
2312 2374
2312 2375
2313 2374
2313 2375
2313 2376
2314 2315
2314 2376
2314 2377
2315 2316
2315 2377
2315 2378
2316 2317
2316 2378
2317 2318
2317 2378
2317 2379
2318 2379
2318 2380
2319 2320
2319 2381
2319 2382
2319 2383
2320 2382
2320 2383
2321 2384
2321 2385
2322 2386
2322 2387
2322 2388
2323 2324
2323 2388
2323 2389
2324 2389
2324 2390
2325 2326
2325 2390
2325 2391
2326 2327
2326 2391
2326 2392
2327 2392
2327 2393
2328 2396
2328 2397
2329 2397
2329 2398
2330 2399
2330 2400
2331 2332
2331 2400
2331 2401
2332 2333
2332 2401
2333 2334
2333 2401
2333 2402
2334 2335
2334 2402
2334 2403
2335 2336
2335 2402
2335 2403
2335 2404
2336 2403
2336 2404
2336 2405
2337 2338
2337 2406
2337 2407
2338 2339
2338 2406
2338 2407
2338 2408
2339 2340
2339 2407
2339 2408
2339 2409
2340 2408
2340 2409
2340 2410
2341 2342
2341 2410
2341 2411
2341 2412
2342 2343
2342 2411
2342 2412
2342 2413
2343 2344
2343 2412
2343 2413
2343 2414
2344 2413
2344 2414
2345 2346
2345 2415
2346 2347
2346 2415
2346 2416
2347 2416
2347 2417
2348 2417
2348 2418
2348 2419
2349 2350
2349 2421
2349 2422
2349 2423
2350 2351
2350 2422
2350 2423
2350 2424
2351 2352
2351 2423
2351 2424
2351 2425
2352 2424
2352 2425
2352 2426
2353 2354
2353 2426
2353 2427
2353 2428
2354 2427
2354 2428
2354 2429
2355 2356
2355 2430
2355 2431
2355 2432
2356 2431
2356 2432
2356 2433
2357 2358
2357 2433
2357 2434
2357 2435
2358 2359
2358 2434
2358 2435
2358 2436
2359 2360
2359 2435
2359 2436
2359 2437
2360 2361
2360 2436
2360 2437
2360 2438
2361 2362
2361 2437
2361 2438
2361 2439
2362 2363
2362 2438
2362 2439
2362 2440
2363 2439
2363 2440
2363 2441
2364 2365
2364 2441
2364 2442
2364 2443
2365 2366
2365 2442
2365 2443
2365 2444
2366 2367
2366 2443
2366 2444
2366 2445
2367 2368
2367 2444
2367 2445
2368 2369
2368 2445
2368 2446
2369 2370
2369 2446
2369 2447
2370 2371
2370 2446
2370 2447
2370 2448
2371 2372
2371 2447
2371 2448
2371 2449
2372 2373
2372 2448
2372 2449
2373 2449
2373 2450
2374 2375
2374 2450
2374 2451
2374 2452
2375 2376
2375 2451
2375 2452
2375 2453
2376 2377
2376 2452
2376 2453
2376 2454
2377 2453
2377 2454
2378 2455
2378 2456
2379 2380
2379 2456
2379 2457
2380 2381
2380 2457
2380 2458
2381 2382
2381 2457
2381 2458
2382 2383
2382 2458
2382 2459
2383 2459
2383 2460
2384 2385
2384 2460
2384 2461
2384 2462
2385 2386
2385 2461
2385 2462
2386 2387
2386 2462
2386 2463
2387 2388
2387 2463
2387 2464
2388 2463
2388 2464
2388 2465
2389 2390
2389 2465
2389 2466
2389 2467
2390 2391
2390 2466
2390 2467
2390 2468
2391 2467
2391 2468
2392 2393
2393 2394
2394 2395
2396 2397
2396 2469
2396 2470
2397 2398
2397 2469
2397 2470
2397 2471
2398 2470
2398 2471
2398 2472
2399 2400
2399 2472
2399 2473
2399 2474
2400 2473
2400 2474
2400 2475
2401 2475
2402 2403
2402 2476
2403 2404
2403 2476
2403 2477
2404 2405
2404 2476
2404 2477
2404 2478
2405 2477
2405 2478
2406 2407
2406 2479
2407 2408
2407 2479
2407 2480
2408 2409
2408 2480
2408 2481
2409 2410
2409 2480
2409 2481
2409 2482
2410 2411
2410 2481
2410 2482
2410 2483
2411 2412
2411 2482
2411 2483
2411 2484
2412 2413
2412 2483
2412 2484
2413 2414
2413 2484
2413 2485
2414 2485
2414 2486
2415 2486
2415 2487
2415 2488
2416 2417
2416 2488
2416 2489
2417 2418
2417 2489
2417 2490
2418 2419
2418 2490
2418 2491
2419 2420
2419 2490
2419 2491
2419 2492
2420 2421
2420 2491
2420 2492
2421 2422
2421 2492
2421 2493
2422 2423
2422 2493
2423 2424
2423 2493
2423 2494
2424 2425
2424 2494
2424 2495
2425 2426
2425 2494
2425 2495
2425 2496
2426 2427
2426 2495
2426 2496
2427 2428
2427 2496
2427 2497
2428 2429
2428 2497
2428 2498
2429 2430
2429 2497
2429 2498
2429 2499
2430 2431
2430 2498
2430 2499
2431 2432
2431 2499
2431 2500
2432 2433
2432 2500
2432 2501
2433 2434
2433 2500
2433 2501
2433 2502
2434 2435
2434 2501
2434 2502
2434 2503
2435 2436
2435 2502
2435 2503
2435 2504
2436 2437
2436 2503
2436 2504
2436 2505
2437 2438
2437 2504
2437 2505
2437 2506
2438 2439
2438 2505
2438 2506
2438 2507
2439 2440
2439 2506
2439 2507
2439 2508
2440 2441
2440 2507
2440 2508
2441 2442
2441 2508
2441 2509
2442 2443
2442 2509
2442 2510
2443 2444
2443 2509
2443 2510
2443 2511
2444 2445
2444 2510
2444 2511
2444 2512
2445 2511
2445 2512
2445 2513
2446 2447
2446 2513
2446 2514
2446 2515
2447 2448
2447 2514
2447 2515
2448 2449
2448 2515
2448 2516
2449 2516
2449 2517
2450 2451
2450 2517
2450 2518
2450 2519
2451 2452
2451 2518
2451 2519
2451 2520
2452 2453
2452 2519
2452 2520
2452 2521
2453 2454
2453 2520
2453 2521
2454 2521
2454 2522
2455 2456
2455 2522
2455 2523
2456 2523
2456 2524
2457 2458
2457 2524
2458 2525
2459 2460
2459 2525
2459 2526
2459 2527
2460 2461
2460 2526
2460 2527
2460 2528
2461 2462
2461 2527
2461 2528
2461 2529
2462 2528
2462 2529
2463 2464
2463 2530
2464 2465
2464 2530
2464 2531
2465 2466
2465 2530
2465 2531
2465 2532
2466 2467
2466 2531
2466 2532
2466 2533
2467 2468
2467 2532
2467 2533
2467 2534
2468 2533
2468 2534
2468 2535
2469 2470
2469 2539
2469 2540
2470 2471
2470 2539
2470 2540
2470 2541
2471 2472
2471 2540
2471 2541
2471 2542
2472 2473
2472 2541
2472 2542
2472 2543
2473 2474
2473 2542
2473 2543
2473 2544
2474 2475
2474 2543
2474 2544
2474 2545
2475 2544
2475 2545
2476 2477
2476 2547
2476 2548
2476 2549
2477 2478
2477 2548
2477 2549
2477 2550
2478 2549
2478 2550
2479 2551
2479 2552
2480 2481
2480 2552
2480 2553
2481 2482
2481 2553
2481 2554
2482 2483
2482 2553
2482 2554
2482 2555
2483 2484
2483 2554
2483 2555
2483 2556
2484 2555
2484 2556
2484 2557
2485 2486
2485 2557
2485 2558
2485 2559
2486 2487
2486 2558
2486 2559
2486 2560
2487 2488
2487 2559
2487 2560
2487 2561
2488 2489
2488 2560
2488 2561
2488 2562
2489 2561
2489 2562
2490 2491
2490 2563
2491 2492
2491 2563
2491 2564
2492 2563
2492 2564
2492 2565
2493 2565
2493 2566
2494 2495
2494 2567
2494 2568
2495 2496
2495 2567
2495 2568
2495 2569
2496 2568
2496 2569
2496 2570
2497 2498
2497 2570
2497 2571
2497 2572
2498 2499
2498 2571
2498 2572
2499 2572
2499 2573
2500 2501
2500 2573
2500 2574
2500 2575
2501 2502
2501 2574
2501 2575
2501 2576
2502 2503
2502 2575
2502 2576
2502 2577
2503 2504
2503 2576
2503 2577
2503 2578
2504 2505
2504 2577
2504 2578
2505 2506
2505 2578
2505 2579
2506 2507
2506 2579
2506 2580
2507 2508
2507 2579
2507 2580
2507 2581
2508 2580
2508 2581
2508 2582
2509 2510
2509 2582
2509 2583
2509 2584
2510 2511
2510 2583
2510 2584
2510 2585
2511 2512
2511 2584
2511 2585
2511 2586
2512 2513
2512 2585
2512 2586
2512 2587
2513 2514
2513 2586
2513 2587
2514 2515
2514 2587
2514 2588
2515 2588
2516 2517
2516 2589
2516 2590
2517 2518
2517 2589
2517 2590
2517 2591
2518 2519
2518 2590
2518 2591
2519 2520
2519 2591
2520 2521
2520 2592
2521 2592
2522 2523
2522 2593
2522 2594
2523 2593
2523 2594
2523 2595
2524 2595
2524 2596
2525 2526
2525 2597
2525 2598
2525 2599
2526 2527
2526 2598
2526 2599
2526 2600
2527 2528
2527 2599
2527 2600
2527 2601
2528 2529
2528 2600
2528 2601
2528 2602
2529 2601
2529 2602
2529 2603
2530 2531
2530 2604
2530 2605
2531 2532
2531 2605
2532 2533
2532 2606
2533 2534
2533 2606
2534 2535
2534 2606
2534 2607
2535 2536
2535 2607
2535 2608
2536 2537
2536 2607
2536 2608
2536 2609
2537 2608
2537 2609
2537 2610
2538 2610
2538 2611
2539 2540
2539 2612
2539 2613
2540 2541
2540 2612
2540 2613
2540 2614
2541 2542
2541 2613
2541 2614
2541 2615
2542 2543
2542 2614
2542 2615
2542 2616
2543 2544
2543 2615
2543 2616
2543 2617
2544 2545
2544 2616
2544 2617
2544 2618
2545 2617
2545 2618
2546 2547
2546 2619
2546 2620
2547 2548
2547 2619
2547 2620
2547 2621
2548 2549
2548 2620
2548 2621
2548 2622
2549 2550
2549 2621
2549 2622
2549 2623
2550 2622
2550 2623
2551 2552
2551 2624
2551 2625
2552 2624
2552 2625
2552 2626
2553 2554
2553 2626
2553 2627
2553 2628
2554 2555
2554 2627
2554 2628
2554 2629
2555 2556
2555 2628
2555 2629
2555 2630
2556 2557
2556 2629
2556 2630
2556 2631
2557 2558
2557 2630
2557 2631
2557 2632
2558 2559
2558 2631
2558 2632
2558 2633
2559 2560
2559 2632
2559 2633
2560 2561
2560 2633
2560 2634
2561 2562
2561 2634
2561 2635
2562 2634
2562 2635
2562 2636
2563 2564
2563 2637
2563 2638
2564 2565
2564 2637
2564 2638
2564 2639
2565 2566
2565 2638
2565 2639
2565 2640
2566 2639
2566 2640
2566 2641
2567 2568
2567 2641
2567 2642
2567 2643
2568 2569
2568 2642
2568 2643
2568 2644
2569 2570
2569 2643
2569 2644
2569 2645
2570 2571
2570 2644
2570 2645
2571 2572
2571 2645
2571 2646
2572 2646
2572 2647
2573 2574
2573 2647
2573 2648
2573 2649
2574 2575
2574 2648
2574 2649
2575 2576
2575 2649
2575 2650
2576 2577
2576 2650
2576 2651
2577 2578
2577 2650
2577 2651
2577 2652
2578 2651
2578 2652
2578 2653
2579 2580
2579 2653
2579 2654
2580 2581
2580 2654
2581 2582
2581 2654
2581 2655
2582 2583
2582 2655
2582 2656
2583 2584
2583 2655
2583 2656
2583 2657
2584 2585
2584 2656
2584 2657
2585 2586
2585 2657
2585 2658
2586 2587
2586 2658
2586 2659
2587 2658
2587 2659
2587 2660
2588 2660
2588 2661
2588 2662
2589 2590
2589 2662
2589 2663
2589 2664
2590 2591
2590 2663
2590 2664
2590 2665
2591 2664
2591 2665
2591 2666
2592 2667
2592 2668
2593 2594
2593 2668
2593 2669
2593 2670
2594 2595
2594 2669
2594 2670
2595 2596
2595 2670
2596 2671
2597 2598
2597 2671
2597 2672
2597 2673
2598 2599
2598 2672
2598 2673
2598 2674
2599 2600
2599 2673
2599 2674
2599 2675
2600 2601
2600 2674
2600 2675
2601 2602
2601 2675
2601 2676
2602 2603
2602 2676
2602 2677
2603 2604
2603 2676
2603 2677
2604 2605
2604 2677
2604 2678
2605 2678
2605 2679
2606 2680
2606 2681
2607 2608
2607 2681
2607 2682
2608 2609
2608 2682
2608 2683
2609 2610
2609 2683
2609 2684
2610 2611
2610 2683
2610 2684
2610 2685
2611 2684
2611 2685
2612 2613
2612 2686
2613 2614
2613 2686
2614 2615
2614 2686
2614 2687
2615 2616
2615 2687
2615 2688
2616 2617
2616 2687
2616 2688
2616 2689
2617 2618
2617 2688
2617 2689
2617 2690
2618 2689
2618 2690
2618 2691
2619 2620
2619 2691
2619 2692
2619 2693
2620 2621
2620 2692
2620 2693
2620 2694
2621 2622
2621 2693
2621 2694
2621 2695
2622 2623
2622 2694
2622 2695
2622 2696
2623 2695
2623 2696
2623 2697
2624 2625
2624 2697
2624 2698
2625 2626
2625 2698
2625 2699
2626 2627
2626 2698
2626 2699
2626 2700
2627 2628
2627 2699
2627 2700
2627 2701
2628 2629
2628 2700
2628 2701
2628 2702
2629 2630
2629 2701
2629 2702
2629 2703
2630 2631
2630 2702
2630 2703
2630 2704
2631 2632
2631 2703
2631 2704
2631 2705
2632 2633
2632 2704
2632 2705
2632 2706
2633 2705
2633 2706
2633 2707
2634 2635
2634 2707
2634 2708
2634 2709
2635 2636
2635 2708
2635 2709
2635 2710
2636 2709
2636 2710
2636 2711
2637 2638
2637 2711
2637 2712
2637 2713
2638 2639
2638 2712
2638 2713
2638 2714
2639 2640
2639 2713
2639 2714
2639 2715
2640 2641
2640 2714
2640 2715
2641 2642
2641 2715
2641 2716
2642 2643
2642 2716
2642 2717
2643 2644
2643 2716
2643 2717
2644 2645
2644 2717
2644 2718
2645 2718
2646 2647
2646 2719
2647 2648
2647 2719
2647 2720
2648 2649
2648 2719
2648 2720
2649 2720
2649 2721
2650 2651
2650 2721
2650 2722
2650 2723
2651 2652
2651 2722
2651 2723
2651 2724
2652 2653
2652 2723
2652 2724
2653 2724
2653 2725
2654 2725
2654 2726
2655 2656
2655 2726
2655 2727
2655 2728
2656 2657
2656 2727
2656 2728
2656 2729
2657 2728
2657 2729
2657 2730
2658 2659
2658 2730
2658 2731
2658 2732
2659 2660
2659 2731
2659 2732
2659 2733
2660 2661
2660 2732
2660 2733
2661 2662
2661 2733
2661 2734
2662 2663
2662 2734
2662 2735
2663 2664
2663 2734
2663 2735
2663 2736
2664 2665
2664 2735
2664 2736
2664 2737
2665 2666
2665 2736
2665 2737
2665 2738
2666 2737
2666 2738
2666 2739
2667 2668
2667 2739
2667 2740
2667 2741
2668 2669
2668 2740
2668 2741
2668 2742
2669 2670
2669 2741
2669 2742
2669 2743
2670 2742
2670 2743
2670 2744
2671 2672
2671 2745
2671 2746
2672 2673
2672 2745
2672 2746
2672 2747
2673 2674
2673 2746
2673 2747
2674 2675
2674 2747
2675 2748
2676 2677
2676 2748
2676 2749
2676 2750
2677 2749
2677 2750
2677 2751
2678 2679
2678 2751
2678 2752
2679 2680
2679 2752
2679 2753
2680 2753
2680 2754
2681 2682
2681 2754
2681 2755
2681 2756
2682 2755
2682 2756
2683 2684
2683 2757
2684 2685
2684 2757
2684 2758
2685 2757
2685 2758
2686 2759
2686 2760
2687 2688
2687 2760
2687 2761
2687 2762
2688 2689
2688 2761
2688 2762
2688 2763
2689 2690
2689 2762
2689 2763
2689 2764
2690 2691
2690 2763
2690 2764
2690 2765
2691 2692
2691 2764
2691 2765
2691 2766
2692 2693
2692 2765
2692 2766
2692 2767
2693 2694
2693 2766
2693 2767
2693 2768
2694 2695
2694 2767
2694 2768
2694 2769
2695 2696
2695 2768
2695 2769
2695 2770
2696 2697
2696 2769
2696 2770
2697 2770
2698 2699
2698 2771
2698 2772
2699 2700
2699 2771
2699 2772
2700 2701
2700 2772
2700 2773
2701 2702
2701 2773
2701 2774
2702 2703
2702 2773
2702 2774
2702 2775
2703 2704
2703 2774
2703 2775
2704 2705
2704 2775
2705 2706
2705 2776
2706 2707
2706 2776
2706 2777
2707 2708
2707 2776
2707 2777
2707 2778
2708 2709
2708 2777
2708 2778
2708 2779
2709 2710
2709 2778
2709 2779
2709 2780
2710 2711
2710 2779
2710 2780
2711 2712
2711 2780
2712 2713
2712 2781
2713 2714
2713 2781
2713 2782
2714 2715
2714 2781
2714 2782
2714 2783
2715 2782
2715 2783
2715 2784
2716 2717
2716 2784
2716 2785
2717 2785
2717 2786
2718 2786
2718 2787
2718 2788
2719 2720
2719 2789
2719 2790
2720 2790
2720 2791
2721 2722
2721 2791
2721 2792
2721 2793
2722 2723
2722 2792
2722 2793
2722 2794
2723 2724
2723 2793
2723 2794
2723 2795
2724 2794
2724 2795
2725 2796
2725 2797
2726 2727
2726 2797
2726 2798
2726 2799
2727 2728
2727 2798
2727 2799
2728 2729
2728 2799
2728 2800
2729 2730
2729 2800
2729 2801
2730 2731
2730 2800
2730 2801
2730 2802
2731 2732
2731 2801
2731 2802
2731 2803
2732 2733
2732 2802
2732 2803
2732 2804
2733 2803
2733 2804
2733 2805
2734 2735
2734 2805
2734 2806
2734 2807
2735 2736
2735 2806
2735 2807
2735 2808
2736 2737
2736 2807
2736 2808
2737 2738
2737 2808
2737 2809
2738 2739
2738 2809
2738 2810
2739 2740
2739 2809
2739 2810
2740 2741
2740 2810
2740 2811
2741 2742
2741 2811
2741 2812
2742 2743
2742 2811
2742 2812
2742 2813
2743 2744
2743 2812
2743 2813
2743 2814
2744 2813
2744 2814
2744 2815
2745 2746
2745 2815
2745 2816
2745 2817
2746 2747
2746 2816
2746 2817
2747 2817
2748 2749
2748 2818
2748 2819
2749 2750
2749 2819
2750 2751
2750 2819
2750 2820
2751 2752
2751 2820
2751 2821
2752 2820
2752 2821
2753 2754
2754 2755
2754 2822
2755 2756
2755 2822
2755 2823
2756 2822
2756 2823
2756 2824
2757 2758
2757 2825
2757 2826
2758 2826
2759 2760
2759 2827
2759 2828
2760 2761
2760 2828
2761 2762
2761 2829
2762 2763
2762 2829
2762 2830
2763 2764
2763 2829
2763 2830
2763 2831
2764 2765
2764 2830
2764 2831
2764 2832
2765 2766
2765 2831
2765 2832
2765 2833
2766 2767
2766 2832
2766 2833
2766 2834
2767 2768
2767 2833
2767 2834
2768 2769
2768 2834
2768 2835
2769 2770
2769 2835
2769 2836
2770 2835
2770 2836
2770 2837
2771 2772
2771 2838
2771 2839
2771 2840
2772 2839
2772 2840
2772 2841
2773 2774
2773 2841
2773 2842
2773 2843
2774 2775
2774 2842
2774 2843
2774 2844
2775 2843
2775 2844
2775 2845
2776 2777
2776 2846
2776 2847
2776 2848
2777 2778
2777 2847
2777 2848
2778 2779
2778 2848
2779 2780
2779 2849
2780 2849
2780 2850
2781 2782
2781 2851
2781 2852
2782 2783
2782 2851
2782 2852
2782 2853
2783 2784
2783 2852
2783 2853
2783 2854
2784 2853
2784 2854
2784 2855
2785 2786
2785 2855
2785 2856
2785 2857
2786 2787
2786 2856
2786 2857
2786 2858
2787 2788
2787 2857
2787 2858
2787 2859
2788 2789
2788 2858
2788 2859
2788 2860
2789 2859
2789 2860
2789 2861
2790 2791
2790 2861
2790 2862
2790 2863
2791 2792
2791 2862
2791 2863
2791 2864
2792 2793
2792 2863
2792 2864
2792 2865
2793 2794
2793 2864
2793 2865
2793 2866
2794 2795
2794 2865
2794 2866
2794 2867
2795 2866
2795 2867
2795 2868
2796 2797
2796 2868
2796 2869
2796 2870
2797 2798
2797 2869
2797 2870
2797 2871
2798 2799
2798 2870
2798 2871
2798 2872
2799 2871
2799 2872
2799 2873
2800 2801
2800 2873
2800 2874
2800 2875
2801 2802
2801 2874
2801 2875
2801 2876
2802 2803
2802 2875
2802 2876
2802 2877
2803 2804
2803 2876
2803 2877
2803 2878
2804 2805
2804 2877
2804 2878
2804 2879
2805 2806
2805 2878
2805 2879
2806 2807
2806 2879
2806 2880
2807 2808
2807 2880
2807 2881
2808 2880
2808 2881
2808 2882
2809 2810
2809 2882
2809 2883
2810 2883
2810 2884
2811 2812
2811 2884
2811 2885
2811 2886
2812 2813
2812 2885
2812 2886
2813 2814
2813 2886
2813 2887
2814 2815
2814 2887
2814 2888
2815 2816
2815 2887
2815 2888
2815 2889
2816 2817
2816 2888
2816 2889
2816 2890
2817 2889
2817 2890
2817 2891
2818 2892
2818 2893
2819 2893
2819 2894
2819 2895
2820 2821
2820 2895
2820 2896
2821 2896
2821 2897
2822 2823
2822 2899
2822 2900
2822 2901
2823 2824
2823 2900
2823 2901
2824 2825
2824 2901
2825 2902
2826 2902
2827 2828
2827 2903
2828 2903
2829 2830
2829 2904
2830 2831
2830 2904
2830 2905
2831 2832
2831 2905
2831 2906
2832 2833
2832 2905
2832 2906
2832 2907
2833 2834
2833 2906
2833 2907
2833 2908
2834 2907
2834 2908
2834 2909
2835 2836
2835 2909
2835 2910
2835 2911
2836 2837
2836 2910
2836 2911
2836 2912
2837 2838
2837 2911
2837 2912
2837 2913
2838 2839
2838 2912
2838 2913
2839 2840
2839 2913
2839 2914
2840 2841
2840 2914
2841 2842
2841 2914
2841 2915
2842 2843
2842 2915
2842 2916
2843 2844
2843 2915
2843 2916
2844 2845
2844 2916
2844 2917
2845 2846
2845 2917
2846 2847
2846 2917
2846 2918
2847 2848
2847 2918
2847 2919
2848 2918
2848 2919
2849 2850
2849 2920
2849 2921
2850 2921
2850 2922
2851 2852
2851 2922
2852 2853
2852 2923
2853 2854
2853 2923
2854 2855
2854 2923
2854 2924
2855 2856
2855 2924
2856 2857
2856 2924
2857 2858
2857 2925
2858 2859
2858 2925
2858 2926
2859 2860
2859 2925
2859 2926
2859 2927
2860 2861
2860 2926
2860 2927
2861 2862
2861 2927
2861 2928
2862 2863
2862 2928
2862 2929
2863 2864
2863 2928
2863 2929
2863 2930
2864 2865
2864 2929
2864 2930
2864 2931
2865 2866
2865 2930
2865 2931
2865 2932
2866 2867
2866 2931
2866 2932
2867 2868
2867 2932
2868 2869
2868 2933
2869 2870
2869 2933
2869 2934
2870 2871
2870 2933
2870 2934
2870 2935
2871 2872
2871 2934
2871 2935
2871 2936
2872 2873
2872 2935
2872 2936
2872 2937
2873 2874
2873 2936
2873 2937
2873 2938
2874 2875
2874 2937
2874 2938
2874 2939
2875 2876
2875 2938
2875 2939
2875 2940
2876 2877
2876 2939
2876 2940
2876 2941
2877 2878
2877 2940
2877 2941
2877 2942
2878 2879
2878 2941
2878 2942
2879 2942
2879 2943
2880 2881
2880 2943
2880 2944
2881 2882
2881 2944
2881 2945
2882 2883
2882 2945
2882 2946
2883 2945
2883 2946
2883 2947
2884 2885
2884 2947
2884 2948
2884 2949
2885 2886
2885 2948
2885 2949
2885 2950
2886 2949
2886 2950
2886 2951
2887 2888
2887 2951
2887 2952
2887 2953
2888 2889
2888 2952
2888 2953
2888 2954
2889 2890
2889 2953
2889 2954
2889 2955
2890 2891
2890 2954
2890 2955
2890 2956
2891 2892
2891 2955
2891 2956
2891 2957
2892 2956
2892 2957
2892 2958
2893 2894
2893 2958
2893 2959
2893 2960
2894 2895
2894 2959
2894 2960
2894 2961
2895 2960
2895 2961
2895 2962
2896 2897
2896 2962
2896 2963
2896 2964
2897 2898
2897 2963
2897 2964
2897 2965
2898 2899
2898 2964
2898 2965
2898 2966
2899 2900
2899 2965
2899 2966
2899 2967
2900 2901
2900 2966
2900 2967
2901 2967
2901 2968
2902 2969
2902 2970
2902 2971
2903 2972
2904 2974
2904 2975
2905 2906
2906 2907
2906 2976
2907 2908
2907 2976
2907 2977
2908 2909
2908 2976
2908 2977
2908 2978
2909 2910
2909 2977
2909 2978
2909 2979
2910 2911
2910 2978
2910 2979
2911 2912
2911 2979
2911 2980
2912 2913
2912 2980
2912 2981
2913 2980
2913 2981
2913 2982
2914 2982
2914 2983
2914 2984
2915 2916
2915 2984
2915 2985
2916 2985
2916 2986
2917 2986
2917 2987
2917 2988
2918 2919
2918 2988
2918 2989
2918 2990
2919 2989
2919 2990
2919 2991
2920 2991
2920 2992
2921 2922
2921 2993
2921 2994
2922 2993
2922 2994
2923 2995
2923 2996
2923 2997
2924 2997
2924 2998
2925 2926
2925 2999
2925 3000
2925 3001
2926 2927
2926 3000
2926 3001
2926 3002
2927 3001
2927 3002
2927 3003
2928 2929
2928 3003
2928 3004
2928 3005
2929 2930
2929 3004
2929 3005
2930 2931
2930 3005
2930 3006
2931 2932
2931 3006
2931 3007
2932 3006
2932 3007
2933 2934
2933 3008
2933 3009
2934 2935
2934 3009
2935 2936
2935 3009
2935 3010
2936 2937
2936 3010
2937 2938
2937 3010
2938 2939
2938 3011
2939 2940
2939 3011
2939 3012
2940 2941
2940 3011
2940 3012
2940 3013
2941 2942
2941 3012
2941 3013
2941 3014
2942 3013
2942 3014
2942 3015
2943 2944
2943 3015
2943 3016
2943 3017
2944 3016
2944 3017
2944 3018
2945 2946
2945 3018
2945 3019
2946 2947
2946 3019
2946 3020
2947 2948
2947 3019
2947 3020
2947 3021
2948 2949
2948 3020
2948 3021
2948 3022
2949 2950
2949 3021
2949 3022
2949 3023
2950 2951
2950 3022
2950 3023
2950 3024
2951 2952
2951 3023
2951 3024
2952 2953
2952 3024
2953 2954
2953 3025
2954 2955
2954 3025
2954 3026
2955 2956
2955 3025
2955 3026
2955 3027
2956 2957
2956 3026
2956 3027
2956 3028
2957 2958
2957 3027
2957 3028
2957 3029
2958 2959
2958 3028
2958 3029
2958 3030
2959 2960
2959 3029
2959 3030
2959 3031
2960 2961
2960 3030
2960 3031
2961 2962
2961 3031
2961 3032
2962 2963
2962 3032
2963 2964
2963 3032
2963 3033
2964 2965
2964 3033
2964 3034
2965 2966
2965 3033
2965 3034
2965 3035
2966 2967
2966 3034
2966 3035
2966 3036
2967 3035
2967 3036
2967 3037
2968 2969
2968 3037
2968 3038
2968 3039
2969 2970
2969 3038
2969 3039
2969 3040
2970 2971
2970 3039
2970 3040
2970 3041
2971 3040
2971 3041
2972 3042
2972 3043
2973 2974
2973 3043
2973 3044
2973 3045
2974 2975
2974 3044
2974 3045
2974 3046
2975 3045
2975 3046
2975 3047
2976 2977
2976 3049
2976 3050
2977 2978
2977 3050
2977 3051
2978 2979
2978 3051
2978 3052
2979 3051
2979 3052
2979 3053
2980 2981
2980 3053
2980 3054
2980 3055
2981 2982
2981 3054
2981 3055
2981 3056
2982 2983
2982 3055
2982 3056
2982 3057
2983 2984
2983 3056
2983 3057
2983 3058
2984 2985
2984 3057
2984 3058
2984 3059
2985 3058
2985 3059
2985 3060
2986 2987
2986 3060
2986 3061
2986 3062
2987 2988
2987 3061
2987 3062
2987 3063
2988 2989
2988 3062
2988 3063
2988 3064
2989 2990
2989 3063
2989 3064
2990 2991
2990 3064
2990 3065
2991 2992
2991 3065
2991 3066
2992 3065
2992 3066
2992 3067
2993 2994
2993 3067
2993 3068
2994 3068
2995 2996
2995 3069
2996 2997
2996 3069
2996 3070
2997 2998
2997 3070
2997 3071
2998 3070
2998 3071
2998 3072
2999 3000
2999 3072
2999 3073
3000 3001
3000 3073
3000 3074
3001 3002
3001 3074
3001 3075
3002 3003
3002 3074
3002 3075
3002 3076
3003 3004
3003 3075
3003 3076
3003 3077
3004 3005
3004 3076
3004 3077
3005 3077
3005 3078
3006 3007
3006 3078
3006 3079
3006 3080
3007 3079
3007 3080
3007 3081
3008 3081
3008 3082
3008 3083
3009 3083
3009 3084
3009 3085
3010 3085
3010 3086
3010 3087
3011 3012
3011 3088
3011 3089
3011 3090
3012 3013
3012 3089
3012 3090
3012 3091
3013 3014
3013 3090
3013 3091
3014 3015
3014 3091
3014 3092
3015 3016
3015 3092
3015 3093
3016 3017
3016 3092
3016 3093
3017 3018
3017 3093
3017 3094
3018 3094
3018 3095
3019 3020
3019 3095
3019 3096
3019 3097
3020 3021
3020 3096
3020 3097
3020 3098
3021 3022
3021 3097
3021 3098
3021 3099
3022 3023
3022 3098
3022 3099
3022 3100
3023 3024
3023 3099
3023 3100
3023 3101
3024 3100
3024 3101
3024 3102
3025 3026
3025 3103
3026 3027
3026 3103
3026 3104
3027 3028
3027 3104
3027 3105
3028 3029
3028 3104
3028 3105
3029 3030
3029 3105
3030 3031
3032 3106
3033 3034
3033 3106
3033 3107
3033 3108
3034 3035
3034 3107
3034 3108
3034 3109
3035 3036
3035 3108
3035 3109
3035 3110
3036 3037
3036 3109
3036 3110
3036 3111
3037 3038
3037 3110
3037 3111
3038 3039
3038 3111
3038 3112
3039 3040
3039 3112
3039 3113
3040 3041
3040 3112
3040 3113
3040 3114
3041 3113
3041 3114
3042 3043
3042 3115
3042 3116
3043 3044
3043 3115
3043 3116
3043 3117
3044 3045
3044 3116
3044 3117
3044 3118
3045 3046
3045 3117
3045 3118
3045 3119
3046 3047
3046 3118
3046 3119
3046 3120
3047 3048
3047 3119
3047 3120
3047 3121
3048 3049
3048 3120
3048 3121
3048 3122
3049 3050
3049 3121
3049 3122
3049 3123
3050 3122
3050 3123
3050 3124
3051 3052
3051 3124
3051 3125
3051 3126
3052 3053
3052 3125
3052 3126
3052 3127
3053 3054
3053 3126
3053 3127
3053 3128
3054 3055
3054 3127
3054 3128
3054 3129
3055 3056
3055 3128
3055 3129
3055 3130
3056 3057
3056 3129
3056 3130
3056 3131
3057 3058
3057 3130
3057 3131
3057 3132
3058 3059
3058 3131
3058 3132
3058 3133
3059 3060
3059 3132
3059 3133
3059 3134
3060 3061
3060 3133
3060 3134
3060 3135
3061 3062
3061 3134
3061 3135
3061 3136
3062 3063
3062 3135
3062 3136
3062 3137
3063 3064
3063 3136
3063 3137
3063 3138
3064 3137
3064 3138
3064 3139
3065 3066
3065 3139
3065 3140
3065 3141
3066 3067
3066 3140
3066 3141
3066 3142
3067 3068
3067 3141
3067 3142
3067 3143
3068 3142
3068 3143
3068 3144
3069 3145
3069 3146
3070 3071
3070 3146
3071 3072
3071 3147
3072 3073
3072 3147
3073 3147
3073 3148
3074 3075
3074 3148
3074 3149
3075 3076
3075 3149
3075 3150
3076 3077
3076 3149
3076 3150
3077 3150
3077 3151
3078 3079
3078 3151
3078 3152
3079 3080
3079 3152
3080 3081
3080 3152
3080 3153
3081 3082
3081 3153
3081 3154
3082 3083
3082 3153
3082 3154
3082 3155
3083 3084
3083 3154
3083 3155
3084 3085
3084 3155
3084 3156
3085 3086
3085 3156
3085 3157
3086 3087
3086 3156
3086 3157
3086 3158
3087 3088
3087 3157
3087 3158
3087 3159
3088 3089
3088 3158
3088 3159
3088 3160
3089 3090
3089 3159
3089 3160
3089 3161
3090 3091
3090 3160
3090 3161
3090 3162
3091 3161
3091 3162
3091 3163
3092 3093
3092 3163
3092 3164
3093 3164
3094 3095
3094 3165
3094 3166
3095 3096
3095 3165
3095 3166
3095 3167
3096 3097
3096 3166
3096 3167
3097 3098
3097 3167
3097 3168
3098 3099
3098 3168
3099 3100
3099 3168
3099 3169
3100 3101
3100 3169
3100 3170
3101 3102
3101 3169
3101 3170
3101 3171
3102 3170
3102 3171
3102 3172
3103 3172
3103 3173
3103 3174
3104 3105
3104 3174
3104 3175
3105 3175
3105 3176
3106 3107
3106 3180
3106 3181
3106 3182
3107 3108
3107 3181
3107 3182
3107 3183
3108 3109
3108 3182
3108 3183
3109 3110
3109 3183
3109 3184
3110 3111
3110 3184
3110 3185
3111 3184
3111 3185
3111 3186
3112 3113
3112 3186
3112 3187
3112 3188
3113 3114
3113 3187
3113 3188
3113 3189
3114 3188
3114 3189
3115 3116
3115 3190
3116 3117
3116 3190
3116 3191
3117 3118
3117 3190
3117 3191
3118 3119
3118 3191
3119 3120
3120 3121
3120 3192
3121 3122
3121 3192
3121 3193
3122 3123
3122 3192
3122 3193
3122 3194
3123 3124
3123 3193
3123 3194
3124 3125
3124 3194
3124 3195
3125 3126
3125 3195
3125 3196
3126 3127
3126 3195
3126 3196
3126 3197
3127 3128
3127 3196
3127 3197
3128 3129
3128 3197
3128 3198
3129 3130
3129 3198
3130 3131
3130 3198
3130 3199
3131 3132
3131 3199
3131 3200
3132 3133
3132 3199
3132 3200
3132 3201
3133 3134
3133 3200
3133 3201
3133 3202
3134 3135
3134 3201
3134 3202
3135 3136
3135 3202
3135 3203
3136 3137
3136 3203
3136 3204
3137 3138
3137 3203
3137 3204
3137 3205
3138 3139
3138 3204
3138 3205
3138 3206
3139 3140
3139 3205
3139 3206
3139 3207
3140 3141
3140 3206
3140 3207
3141 3142
3141 3207
3141 3208
3142 3143
3142 3208
3142 3209
3143 3144
3143 3208
3143 3209
3143 3210
3144 3209
3144 3210
3144 3211
3145 3146
3145 3211
3145 3212
3145 3213
3146 3212
3146 3213
3147 3214
3147 3215
3147 3216
3148 3216
3148 3217
3149 3150
3149 3218
3149 3219
3150 3218
3150 3219
3150 3220
3151 3220
3151 3221
3151 3222
3152 3222
3152 3223
3152 3224
3153 3154
3153 3224
3153 3225
3154 3155
3154 3225
3155 3226
3156 3157
3156 3226
3156 3227
3156 3228
3157 3158
3157 3227
3157 3228
3157 3229
3158 3159
3158 3228
3158 3229
3158 3230
3159 3160
3159 3229
3159 3230
3160 3161
3160 3230
3160 3231
3161 3162
3161 3231
3162 3163
3162 3231
3162 3232
3163 3164
3163 3232
3164 3232
3165 3166
3165 3233
3165 3234
3166 3167
3166 3234
3166 3235
3167 3234
3167 3235
3167 3236
3168 3236
3168 3237
3168 3238
3169 3170
3169 3238
3169 3239
3170 3171
3170 3239
3170 3240
3171 3172
3171 3240
3171 3241
3172 3173
3172 3240
3172 3241
3173 3174
3173 3241
3173 3242
3174 3175
3174 3242
3175 3242
3176 3177
3176 3243
3176 3244
3177 3178
3177 3243
3177 3244
3177 3245
3178 3179
3178 3244
3178 3245
3179 3180
3179 3245
3179 3246
3180 3181
3180 3246
3181 3182
3181 3246
3181 3247
3182 3183
3182 3247
3182 3248
3183 3247
3183 3248
3183 3249
3184 3185
3184 3249
3184 3250
3184 3251
3185 3186
3185 3250
3185 3251
3185 3252
3186 3187
3186 3251
3186 3252
3186 3253
3187 3188
3187 3252
3187 3253
3187 3254
3188 3189
3188 3253
3188 3254
3189 3254
3190 3191
3190 3255
3191 3255
3191 3256
3192 3193
3192 3258
3192 3259
3192 3260
3193 3194
3193 3259
3193 3260
3193 3261
3194 3260
3194 3261
3194 3262
3195 3196
3195 3262
3195 3263
3195 3264
3196 3197
3196 3263
3196 3264
3196 3265
3197 3264
3197 3265
3198 3266
3199 3200
3199 3267
3199 3268
3200 3201
3200 3267
3200 3268
3201 3202
3201 3268
3202 3269
3203 3204
3203 3269
3203 3270
3203 3271
3204 3205
3204 3270
3204 3271
3204 3272
3205 3206
3205 3271
3205 3272
3205 3273
3206 3207
3206 3272
3206 3273
3206 3274
3207 3273
3207 3274
3208 3209
3208 3275
3208 3276
3209 3210
3209 3275
3209 3276
3209 3277
3210 3211
3210 3276
3210 3277
3211 3212
3211 3277
3211 3278
3212 3213
3212 3278
3212 3279
3213 3278
3213 3279
3213 3280
3214 3215
3214 3280
3214 3281
3214 3282
3215 3216
3215 3281
3215 3282
3215 3283
3216 3217
3216 3282
3216 3283
3216 3284
3217 3283
3217 3284
3217 3285
3218 3219
3218 3285
3218 3286
3218 3287
3219 3220
3219 3286
3219 3287
3219 3288
3220 3221
3220 3287
3220 3288
3220 3289
3221 3222
3221 3288
3221 3289
3221 3290
3222 3223
3222 3289
3222 3290
3223 3224
3223 3290
3223 3291
3224 3225
3224 3291
3225 3291
3225 3292
3226 3227
3226 3293
3227 3228
3227 3294
3228 3229
3228 3294
3228 3295
3229 3230
3229 3294
3229 3295
3230 3295
3230 3296
3231 3296
3231 3297
3232 3298
3232 3299
3233 3300
3233 3301
3233 3302
3234 3235
3234 3302
3234 3303
3234 3304
3235 3236
3235 3303
3235 3304
3235 3305
3236 3237
3236 3304
3236 3305
3237 3238
3237 3305
3237 3306
3238 3239
3238 3306
3238 3307
3239 3306
3239 3307
3239 3308
3240 3241
3240 3308
3240 3309
3241 3309
3241 3310
3242 3310
3242 3311
3242 3312
3243 3244
3243 3313
3244 3245
3244 3313
3244 3314
3245 3313
3245 3314
3246 3315
3247 3248
3247 3316
3247 3317
3248 3249
3248 3316
3248 3317
3248 3318
3249 3250
3249 3317
3249 3318
3249 3319
3250 3251
3250 3318
3250 3319
3250 3320
3251 3252
3251 3319
3251 3320
3252 3253
3252 3320
3253 3254
3253 3321
3254 3321
3254 3322
3255 3256
3255 3324
3255 3325
3256 3257
3256 3325
3257 3258
3257 3325
3257 3326
3258 3259
3258 3326
3258 3327
3259 3260
3259 3326
3259 3327
3259 3328
3260 3261
3260 3327
3260 3328
3260 3329
3261 3262
3261 3328
3261 3329
3261 3330
3262 3263
3262 3329
3262 3330
3262 3331
3263 3264
3263 3330
3263 3331
3264 3265
3264 3331
3266 3332
3266 3333
3267 3268
3267 3333
3267 3334
3267 3335
3268 3334
3268 3335
3268 3336
3269 3270
3269 3337
3269 3338
3270 3271
3270 3338
3270 3339
3271 3272
3271 3338
3271 3339
3271 3340
3272 3273
3272 3339
3272 3340
3272 3341
3273 3274
3273 3340
3273 3341
3273 3342
3274 3341
3274 3342
3275 3276
3275 3343
3275 3344
3276 3277
3276 3343
3276 3344
3276 3345
3277 3344
3277 3345
3277 3346
3278 3279
3278 3346
3278 3347
3278 3348
3279 3280
3279 3347
3279 3348
3279 3349
3280 3281
3280 3348
3280 3349
3280 3350
3281 3282
3281 3349
3281 3350
3281 3351
3282 3283
3282 3350
3282 3351
3283 3284
3283 3351
3283 3352
3284 3285
3284 3352
3284 3353
3285 3286
3285 3352
3285 3353
3285 3354
3286 3287
3286 3353
3286 3354
3286 3355
3287 3288
3287 3354
3287 3355
3287 3356
3288 3289
3288 3355
3288 3356
3288 3357
3289 3290
3289 3356
3289 3357
3289 3358
3290 3357
3290 3358
3290 3359
3291 3359
3291 3360
3291 3361
3292 3293
3292 3361
3292 3362
3292 3363
3293 3362
3293 3363
3294 3295
3294 3364
3294 3365
3295 3365
3295 3366
3296 3297
3296 3366
3296 3367
3296 3368
3297 3367
3297 3368
3297 3369
3298 3299
3298 3369
3298 3370
3298 3371
3299 3300
3299 3370
3299 3371
3299 3372
3300 3301
3300 3371
3300 3372
3300 3373
3301 3302
3301 3372
3301 3373
3301 3374
3302 3303
3302 3373
3302 3374
3302 3375
3303 3304
3303 3374
3303 3375
3304 3305
3304 3375
3304 3376
3305 3376
3305 3377
3306 3307
3306 3377
3306 3378
3306 3379
3307 3308
3307 3378
3307 3379
3307 3380
3308 3309
3308 3379
3308 3380
3308 3381
3309 3380
3309 3381
3309 3382
3310 3311
3310 3382
3310 3383
3311 3312
3311 3383
3311 3384
3312 3384
3312 3385
3313 3314
3313 3386
3313 3387
3313 3388
3314 3387
3314 3388
3314 3389
3315 3389
3315 3390
3315 3391
3316 3317
3316 3391
3316 3392
3316 3393
3317 3318
3317 3392
3317 3393
3317 3394
3318 3319
3318 3393
3318 3394
3318 3395
3319 3320
3319 3394
3319 3395
3319 3396
3320 3395
3320 3396
3320 3397
3321 3322
3321 3398
3321 3399
3321 3400
3322 3399
3322 3400
3323 3324
3323 3401
3323 3402
3324 3401
3324 3402
3324 3403
3325 3403
3325 3404
3325 3405
3326 3327
3326 3405
3326 3406
3326 3407
3327 3328
3327 3406
3327 3407
3327 3408
3328 3329
3328 3407
3328 3408
3328 3409
3329 3330
3329 3408
3329 3409
3329 3410
3330 3331
3330 3409
3330 3410
3330 3411
3331 3410
3331 3411
3332 3333
3332 3412
3332 3413
3332 3414
3333 3334
3333 3413
3333 3414
3333 3415
3334 3335
3334 3414
3334 3415
3334 3416
3335 3336
3335 3415
3335 3416
3335 3417
3336 3337
3336 3416
3336 3417
3336 3418
3337 3417
3337 3418
3337 3419
3338 3339
3338 3419
3338 3420
3338 3421
3339 3340
3339 3420
3339 3421
3339 3422
3340 3341
3340 3421
3340 3422
3340 3423
3341 3342
3341 3422
3341 3423
3342 3423
3342 3424
3343 3344
3343 3424
3343 3425
3344 3345
3344 3425
3345 3346
3345 3426
3346 3347
3346 3426
3346 3427
3347 3348
3347 3426
3347 3427
3347 3428
3348 3349
3348 3427
3348 3428
3348 3429
3349 3350
3349 3428
3349 3429
3349 3430
3350 3351
3350 3429
3350 3430
3351 3430
3351 3431
3352 3353
3352 3431
3352 3432
3353 3354
3353 3432
3353 3433
3354 3355
3354 3432
3354 3433
3354 3434
3355 3356
3355 3433
3355 3434
3355 3435
3356 3357
3356 3434
3356 3435
3356 3436
3357 3358
3357 3435
3357 3436
3357 3437
3358 3359
3358 3436
3358 3437
3358 3438
3359 3360
3359 3437
3359 3438
3359 3439
3360 3361
3360 3438
3360 3439
3360 3440
3361 3362
3361 3439
3361 3440
3361 3441
3362 3363
3362 3440
3362 3441
3362 3442
3363 3441
3363 3442
3363 3443
3364 3365
3364 3443
3364 3444
3364 3445
3365 3444
3365 3445
3366 3367
3366 3446
3366 3447
3367 3368
3367 3446
3367 3447
3367 3448
3368 3369
3368 3447
3368 3448
3368 3449
3369 3370
3369 3448
3369 3449
3370 3371
3370 3449
3371 3372
3371 3450
3372 3373
3372 3450
3373 3374
3373 3450
3373 3451
3374 3375
3374 3451
3375 3451
3375 3452
3376 3377
3376 3452
3376 3453
3376 3454
3377 3378
3377 3453
3377 3454
3377 3455
3378 3379
3378 3454
3378 3455
3378 3456
3379 3380
3379 3455
3379 3456
3379 3457
3380 3381
3380 3456
3380 3457
3380 3458
3381 3382
3381 3457
3381 3458
3381 3459
3382 3383
3382 3458
3382 3459
3383 3459
3383 3460
3384 3385
3384 3460
3384 3461
3385 3386
3385 3461
3385 3462
3386 3387
3386 3462
3386 3463
3387 3388
3387 3462
3387 3463
3387 3464
3388 3389
3388 3463
3388 3464
3388 3465
3389 3390
3389 3464
3389 3465
3389 3466
3390 3391
3390 3465
3390 3466
3390 3467
3391 3392
3391 3466
3391 3467
3392 3393
3392 3467
3392 3468
3393 3394
3393 3468
3393 3469
3394 3395
3394 3468
3394 3469
3394 3470
3395 3396
3395 3469
3395 3470
3395 3471
3396 3397
3396 3470
3396 3471
3396 3472
3397 3398
3397 3471
3397 3472
3397 3473
3398 3399
3398 3472
3398 3473
3398 3474
3399 3400
3399 3473
3399 3474
3399 3475
3400 3474
3400 3475
3401 3402
3401 3476
3402 3403
3402 3476
3402 3477
3403 3404
3403 3476
3403 3477
3404 3405
3404 3477
3404 3478
3405 3406
3405 3478
3405 3479
3406 3407
3406 3478
3406 3479
3407 3408
3407 3479
3407 3480
3408 3409
3408 3480
3408 3481
3409 3410
3409 3480
3409 3481
3409 3482
3410 3411
3410 3481
3410 3482
3410 3483
3411 3482
3411 3483
3411 3484
3412 3413
3412 3485
3412 3486
3413 3414
3413 3486
3413 3487
3414 3415
3414 3487
3414 3488
3415 3416
3415 3487
3415 3488
3416 3417
3416 3488
3416 3489
3417 3418
3417 3489
3417 3490
3418 3419
3418 3489
3418 3490
3418 3491
3419 3420
3419 3490
3419 3491
3419 3492
3420 3421
3420 3491
3420 3492
3420 3493
3421 3422
3421 3492
3421 3493
3421 3494
3422 3423
3422 3493
3422 3494
3422 3495
3423 3494
3423 3495
3423 3496
3424 3425
3424 3496
3424 3497
3425 3497
3425 3498
3426 3427
3426 3499
3426 3500
3426 3501
3427 3428
3427 3500
3427 3501
3427 3502
3428 3429
3428 3501
3428 3502
3429 3430
3429 3502
3429 3503
3430 3503
3430 3504
3431 3504
3431 3505
3431 3506
3432 3433
3432 3506
3432 3507
3433 3434
3433 3507
3433 3508
3434 3435
3434 3508
3434 3509
3435 3436
3435 3508
3435 3509
3435 3510
3436 3437
3436 3509
3436 3510
3437 3438
3437 3510
3437 3511
3438 3439
3438 3511
3438 3512
3439 3440
3439 3511
3439 3512
3439 3513
3440 3441
3440 3512
3440 3513
3441 3442
3441 3513
3442 3443
3442 3514
3443 3444
3443 3514
3443 3515
3444 3445
3444 3514
3444 3515
3444 3516
3445 3515
3445 3516
3446 3447
3447 3448
3447 3517
3448 3449
3448 3517
3448 3518
3449 3517
3449 3518
3449 3519
3450 3520
3450 3521
3451 3521
3451 3522
3451 3523
3452 3453
3452 3523
3452 3524
3453 3454
3453 3524
3453 3525
3454 3455
3454 3525
3454 3526
3455 3456
3455 3525
3455 3526
3455 3527
3456 3457
3456 3526
3456 3527
3456 3528
3457 3458
3457 3527
3457 3528
3457 3529
3458 3459
3458 3528
3458 3529
3458 3530
3459 3529
3459 3530
3459 3531
3460 3461
3460 3531
3460 3532
3461 3532
3461 3533
3462 3463
3462 3533
3462 3534
3462 3535
3463 3464
3463 3534
3463 3535
3463 3536
3464 3465
3464 3535
3464 3536
3465 3466
3465 3536
3465 3537
3466 3467
3466 3537
3466 3538
3467 3537
3467 3538
3467 3539
3468 3469
3468 3539
3468 3540
3468 3541
3469 3470
3469 3540
3469 3541
3469 3542
3470 3471
3470 3541
3470 3542
3470 3543
3471 3472
3471 3542
3471 3543
3471 3544
3472 3473
3472 3543
3472 3544
3472 3545
3473 3474
3473 3544
3473 3545
3473 3546
3474 3475
3474 3545
3474 3546
3474 3547
3475 3546
3475 3547
3476 3477
3476 3548
3476 3549
3476 3550
3477 3549
3477 3550
3478 3479
3478 3551
3479 3551
3479 3552
3480 3481
3480 3552
3480 3553
3481 3482
3481 3553
3481 3554
3482 3483
3482 3554
3482 3555
3483 3484
3483 3554
3483 3555
3483 3556
3484 3485
3484 3555
3484 3556
3484 3557
3485 3486
3485 3556
3485 3557
3485 3558
3486 3557
3486 3558
3487 3488
3488 3559
3489 3490
3489 3559
3489 3560
3489 3561
3490 3491
3490 3560
3490 3561
3490 3562
3491 3492
3491 3561
3491 3562
3492 3493
3492 3562
3492 3563
3493 3494
3493 3563
3493 3564
3494 3495
3494 3563
3494 3564
3494 3565
3495 3496
3495 3564
3495 3565
3495 3566
3496 3565
3496 3566
3497 3498
3497 3567
3497 3568
3498 3499
3498 3567
3498 3568
3498 3569
3499 3500
3499 3568
3499 3569
3499 3570
3500 3501
3500 3569
3500 3570
3500 3571
3501 3502
3501 3570
3501 3571
3501 3572
3502 3571
3502 3572
3502 3573
3503 3504
3503 3573
3503 3574
3503 3575
3504 3505
3504 3574
3504 3575
3504 3576
3505 3506
3505 3575
3505 3576
3505 3577
3506 3507
3506 3576
3506 3577
3506 3578
3507 3577
3507 3578
3507 3579
3508 3509
3508 3579
3508 3580
3508 3581
3509 3510
3509 3580
3509 3581
3509 3582
3510 3581
3510 3582
3510 3583
3511 3512
3511 3583
3511 3584
3512 3513
3512 3584
3514 3515
3514 3585
3514 3586
3515 3516
3515 3586
3515 3587
3516 3586
3516 3587
3516 3588
3517 3518
3517 3590
3517 3591
3517 3592
3518 3519
3518 3591
3518 3592
3518 3593
3519 3592
3519 3593
3519 3594
3520 3521
3520 3594
3520 3595
3521 3522
3521 3595
3522 3523
3522 3596
3523 3524
3523 3596
3523 3597
3524 3596
3524 3597
3524 3598
3525 3526
3525 3598
3525 3599
3525 3600
3526 3527
3526 3599
3526 3600
3526 3601
3527 3528
3527 3600
3527 3601
3527 3602
3528 3529
3528 3601
3528 3602
3528 3603
3529 3530
3529 3602
3529 3603
3529 3604
3530 3531
3530 3603
3530 3604
3530 3605
3531 3604
3531 3605
3531 3606
3532 3533
3532 3606
3532 3607
3532 3608
3533 3534
3533 3607
3533 3608
3533 3609
3534 3535
3534 3608
3534 3609
3535 3536
3535 3609
3535 3610
3536 3610
3536 3611
3537 3538
3537 3611
3537 3612
3537 3613
3538 3539
3538 3612
3538 3613
3538 3614
3539 3540
3539 3613
3539 3614
3540 3541
3540 3614
3540 3615
3541 3542
3541 3615
3541 3616
3542 3543
3542 3615
3542 3616
3542 3617
3543 3544
3543 3616
3543 3617
3543 3618
3544 3545
3544 3617
3544 3618
3545 3546
3545 3618
3545 3619
3546 3547
3546 3619
3546 3620
3547 3619
3547 3620
3548 3549
3548 3621
3549 3550
3549 3621
3550 3622
3551 3552
3551 3623
3551 3624
3552 3553
3552 3623
3552 3624
3552 3625
3553 3624
3553 3625
3553 3626
3554 3555
3554 3626
3555 3556
3555 3627
3556 3557
3556 3627
3556 3628
3557 3558
3557 3627
3557 3628
3557 3629
3558 3628
3558 3629
3558 3630
3559 3560
3559 3632
3559 3633
3560 3561
3560 3633
3560 3634
3561 3562
3561 3634
3561 3635
3562 3634
3562 3635
3562 3636
3563 3564
3563 3636
3563 3637
3564 3565
3564 3637
3564 3638
3565 3566
3565 3637
3565 3638
3565 3639
3566 3638
3566 3639
3566 3640
3567 3568
3567 3640
3567 3641
3567 3642
3568 3569
3568 3641
3568 3642
3568 3643
3569 3570
3569 3642
3569 3643
3569 3644
3570 3571
3570 3643
3570 3644
3570 3645
3571 3572
3571 3644
3571 3645
3572 3573
3572 3645
3572 3646
3573 3574
3573 3646
3573 3647
3574 3575
3574 3646
3574 3647
3574 3648
3575 3576
3575 3647
3575 3648
3575 3649
3576 3577
3576 3648
3576 3649
3577 3578
3577 3649
3577 3650
3578 3579
3578 3650
3578 3651
3579 3580
3579 3650
3579 3651
3579 3652
3580 3581
3580 3651
3580 3652
3580 3653
3581 3582
3581 3652
3581 3653
3581 3654
3582 3583
3582 3653
3582 3654
3582 3655
3583 3584
3583 3654
3583 3655
3583 3656
3584 3655
3584 3656
3585 3658
3585 3659
3585 3660
3586 3587
3586 3660
3586 3661
3586 3662
3587 3588
3587 3661
3587 3662
3587 3663
3588 3589
3588 3662
3588 3663
3588 3664
3589 3590
3589 3663
3589 3664
3589 3665
3590 3591
3590 3664
3590 3665
3590 3666
3591 3592
3591 3665
3591 3666
3591 3667
3592 3593
3592 3666
3592 3667
3592 3668
3593 3594
3593 3667
3593 3668
3594 3595
3594 3668
3594 3669
3595 3669
3595 3670
3596 3597
3596 3671
3596 3672
3596 3673
3597 3598
3597 3672
3597 3673
3597 3674
3598 3599
3598 3673
3598 3674
3598 3675
3599 3600
3599 3674
3599 3675
3599 3676
3600 3601
3600 3675
3600 3676
3601 3602
3601 3676
3601 3677
3602 3603
3602 3677
3602 3678
3603 3604
3603 3677
3603 3678
3603 3679
3604 3605
3604 3678
3604 3679
3604 3680
3605 3606
3605 3679
3605 3680
3605 3681
3606 3607
3606 3680
3606 3681
3606 3682
3607 3608
3607 3681
3607 3682
3608 3609
3608 3682
3608 3683
3609 3683
3609 3684
3610 3611
3610 3684
3610 3685
3611 3612
3611 3685
3612 3613
3612 3686
3613 3614
3613 3686
3614 3686
3614 3687
3615 3616
3615 3687
3615 3688
3615 3689
3616 3617
3616 3688
3616 3689
3616 3690
3617 3618
3617 3689
3617 3690
3617 3691
3618 3690
3618 3691
3619 3620
3619 3692
3619 3693
3620 3692
3620 3693
3621 3694
3622 3695
3622 3696
3622 3697
3623 3624
3623 3697
3623 3698
3623 3699
3624 3625
3624 3698
3624 3699
3624 3700
3625 3626
3625 3699
3625 3700
3625 3701
3626 3700
3626 3701
3626 3702
3627 3628
3627 3703
3627 3704
3627 3705
3628 3629
3628 3704
3628 3705
3628 3706
3629 3630
3629 3705
3629 3706
3629 3707
3630 3631
3630 3706
3630 3707
3630 3708
3631 3632
3631 3707
3631 3708
3631 3709
3632 3633
3632 3708
3632 3709
3633 3709
3633 3710
3634 3635
3634 3710
3634 3711
3634 3712
3635 3636
3635 3711
3635 3712
3635 3713
3636 3712
3636 3713
3636 3714
3637 3638
3637 3714
3637 3715
3638 3639
3638 3715
3639 3640
3639 3716
3640 3641
3640 3716
3640 3717
3641 3642
3641 3716
3641 3717
3642 3643
3642 3717
3642 3718
3643 3644
3643 3718
3643 3719
3644 3645
3644 3718
3644 3719
3645 3719
3645 3720
3646 3647
3646 3720
3646 3721
3646 3722
3647 3648
3647 3721
3647 3722
3648 3649
3648 3722
3650 3651
3650 3723
3651 3652
3651 3723
3651 3724
3652 3653
3652 3723
3652 3724
3652 3725
3653 3654
3653 3724
3653 3725
3653 3726
3654 3655
3654 3725
3654 3726
3654 3727
3655 3656
3655 3726
3655 3727
3655 3728
3656 3727
3656 3728
3656 3729
3657 3658
3657 3729
3657 3730
3657 3731
3658 3659
3658 3730
3658 3731
3658 3732
3659 3660
3659 3731
3659 3732
3659 3733
3660 3661
3660 3732
3660 3733
3661 3662
3661 3733
3661 3734
3662 3663
3662 3734
3662 3735
3663 3664
3663 3734
3663 3735
3663 3736
3664 3665
3664 3735
3664 3736
3665 3666
3665 3736
3665 3737
3666 3667
3666 3737
3666 3738
3667 3668
3667 3737
3667 3738
3667 3739
3668 3738
3668 3739
3668 3740
3669 3670
3669 3740
3669 3741
3669 3742
3670 3671
3670 3741
3670 3742
3670 3743
3671 3672
3671 3742
3671 3743
3671 3744
3672 3673
3672 3743
3672 3744
3672 3745
3673 3674
3673 3744
3673 3745
3673 3746
3674 3675
3674 3745
3674 3746
3674 3747
3675 3676
3675 3746
3675 3747
3675 3748
3676 3747
3676 3748
3676 3749
3677 3678
3677 3749
3677 3750
3677 3751
3678 3679
3678 3750
3678 3751
3678 3752
3679 3680
3679 3751
3679 3752
3679 3753
3680 3681
3680 3752
3680 3753
3680 3754
3681 3682
3681 3753
3681 3754
3681 3755
3682 3754
3682 3755
3682 3756
3683 3684
3683 3756
3683 3757
3684 3685
3684 3757
3684 3758
3685 3758
3686 3759
3686 3760
3686 3761
3687 3688
3687 3761
3687 3762
3688 3689
3688 3762
3688 3763
3689 3690
3689 3762
3689 3763
3689 3764
3690 3691
3690 3763
3690 3764
3690 3765
3691 3764
3691 3765
3691 3766
3692 3693
3692 3766
3692 3767
3692 3768
3693 3767
3693 3768
3694 3769
3694 3770
3695 3696
3695 3770
3695 3771
3696 3697
3696 3771
3696 3772
3697 3698
3697 3771
3697 3772
3697 3773
3698 3699
3698 3772
3698 3773
3698 3774
3699 3700
3699 3773
3699 3774
3699 3775
3700 3701
3700 3774
3700 3775
3701 3702
3701 3775
3701 3776
3702 3703
3702 3776
3702 3777
3703 3704
3703 3776
3703 3777
3703 3778
3704 3705
3704 3777
3704 3778
3704 3779
3705 3706
3705 3778
3705 3779
3705 3780
3706 3707
3706 3779
3706 3780
3706 3781
3707 3708
3707 3780
3707 3781
3707 3782
3708 3709
3708 3781
3708 3782
3708 3783
3709 3782
3709 3783
3709 3784
3710 3711
3710 3784
3710 3785
3711 3712
3711 3785
3711 3786
3712 3713
3712 3786
3712 3787
3713 3714
3713 3786
3713 3787
3714 3715
3714 3787
3714 3788
3715 3788
3715 3789
3716 3717
3716 3790
3716 3791
3716 3792
3717 3791
3717 3792
3717 3793
3718 3719
3718 3793
3718 3794
3718 3795
3719 3794
3719 3795
3719 3796
3720 3721
3720 3796
3720 3797
3720 3798
3721 3722
3721 3797
3721 3798
3721 3799
3722 3798
3722 3799
3723 3724
3723 3802
3723 3803
3723 3804
3724 3725
3724 3803
3724 3804
3724 3805
3725 3726
3725 3804
3725 3805
3725 3806
3726 3727
3726 3805
3726 3806
3726 3807
3727 3728
3727 3806
3727 3807
3727 3808
3728 3729
3728 3807
3728 3808
3728 3809
3729 3730
3729 3808
3729 3809
3729 3810
3730 3731
3730 3809
3730 3810
3730 3811
3731 3732
3731 3810
3731 3811
3732 3733
3732 3811
3732 3812
3733 3812
3734 3735
3734 3813
3734 3814
3735 3736
3735 3813
3735 3814
3735 3815
3736 3814
3736 3815
3737 3738
3737 3816
3737 3817
3738 3739
3738 3816
3738 3817
3738 3818
3739 3740
3739 3817
3739 3818
3739 3819
3740 3741
3740 3818
3740 3819
3740 3820
3741 3742
3741 3819
3741 3820
3741 3821
3742 3743
3742 3820
3742 3821
3742 3822
3743 3744
3743 3821
3743 3822
3743 3823
3744 3745
3744 3822
3744 3823
3745 3746
3745 3823
3745 3824
3746 3747
3746 3824
3746 3825
3747 3748
3747 3824
3747 3825
3747 3826
3748 3749
3748 3825
3748 3826
3748 3827
3749 3750
3749 3826
3749 3827
3749 3828
3750 3751
3750 3827
3750 3828
3750 3829
3751 3752
3751 3828
3751 3829
3751 3830
3752 3753
3752 3829
3752 3830
3752 3831
3753 3754
3753 3830
3753 3831
3753 3832
3754 3755
3754 3831
3754 3832
3754 3833
3755 3756
3755 3832
3755 3833
3756 3757
3756 3833
3756 3834
3757 3834
3757 3835
3758 3835
3758 3836
3758 3837
3759 3760
3759 3837
3759 3838
3759 3839
3760 3761
3760 3838
3760 3839
3760 3840
3761 3839
3761 3840
3761 3841
3762 3763
3762 3841
3762 3842
3763 3764
3763 3842
3763 3843
3764 3765
3764 3842
3764 3843
3764 3844
3765 3766
3765 3843
3765 3844
3765 3845
3766 3767
3766 3844
3766 3845
3766 3846
3767 3768
3767 3845
3767 3846
3768 3846
3769 3770
3769 3847
3769 3848
3770 3847
3770 3848
3771 3772
3771 3849
3772 3773
3772 3849
3772 3850
3773 3774
3773 3850
3773 3851
3774 3775
3774 3850
3774 3851
3774 3852
3775 3851
3775 3852
3776 3777
3776 3853
3776 3854
3777 3778
3777 3853
3777 3854
3778 3779
3778 3854
3778 3855
3779 3780
3779 3855
3779 3856
3780 3781
3780 3855
3780 3856
3780 3857
3781 3782
3781 3856
3781 3857
3781 3858
3782 3783
3782 3857
3782 3858
3782 3859
3783 3784
3783 3858
3783 3859
3783 3860
3784 3785
3784 3859
3784 3860
3784 3861
3785 3860
3785 3861
3786 3787
3786 3862
3786 3863
3787 3862
3787 3863
3787 3864
3788 3789
3788 3864
3788 3865
3788 3866
3789 3790
3789 3865
3789 3866
3790 3791
3790 3866
3790 3867
3791 3792
3791 3867
3791 3868
3792 3793
3792 3867
3792 3868
3792 3869
3793 3794
3793 3868
3793 3869
3793 3870
3794 3795
3794 3869
3794 3870
3794 3871
3795 3796
3795 3870
3795 3871
3795 3872
3796 3797
3796 3871
3796 3872
3796 3873
3797 3798
3797 3872
3797 3873
3797 3874
3798 3799
3798 3873
3798 3874
3798 3875
3799 3874
3799 3875
3800 3801
3800 3876
3801 3802
3801 3876
3802 3803
3802 3877
3803 3804
3803 3877
3803 3878
3804 3805
3804 3877
3804 3878
3804 3879
3805 3806
3805 3878
3805 3879
3805 3880
3806 3807
3806 3879
3806 3880
3806 3881
3807 3808
3807 3880
3807 3881
3807 3882
3808 3809
3808 3881
3808 3882
3809 3810
3809 3882
3810 3811
3810 3883
3811 3883
3811 3884
3812 3884
3812 3885
3812 3886
3813 3814
3813 3886
3813 3887
3813 3888
3814 3815
3814 3887
3814 3888
3814 3889
3815 3888
3815 3889
3815 3890
3816 3817
3816 3890
3816 3891
3817 3818
3817 3891
3817 3892
3818 3819
3818 3891
3818 3892
3818 3893
3819 3820
3819 3892
3819 3893
3819 3894
3820 3821
3820 3893
3820 3894
3820 3895
3821 3822
3821 3894
3821 3895
3821 3896
3822 3823
3822 3895
3822 3896
3822 3897
3823 3896
3823 3897
3823 3898
3824 3825
3824 3898
3824 3899
3824 3900
3825 3826
3825 3899
3825 3900
3825 3901
3826 3827
3826 3900
3826 3901
3826 3902
3827 3828
3827 3901
3827 3902
3827 3903
3828 3829
3828 3902
3828 3903
3829 3830
3829 3903
3829 3904
3830 3831
3830 3904
3830 3905
3831 3832
3831 3904
3831 3905
3831 3906
3832 3833
3832 3905
3832 3906
3832 3907
3833 3906
3833 3907
3833 3908
3834 3835
3834 3908
3834 3909
3834 3910
3835 3836
3835 3909
3835 3910
3836 3837
3836 3910
3836 3911
3837 3838
3837 3911
3837 3912
3838 3839
3838 3911
3838 3912
3838 3913
3839 3840
3839 3912
3839 3913
3839 3914
3840 3841
3840 3913
3840 3914
3840 3915
3841 3914
3841 3915
3841 3916
3842 3843
3842 3916
3842 3917
3842 3918
3843 3844
3843 3917
3843 3918
3843 3919
3844 3845
3844 3918
3844 3919
3844 3920
3845 3846
3845 3919
3845 3920
3845 3921
3846 3920
3846 3921
3846 3922
3847 3848
3847 3923
3847 3924
3848 3923
3848 3924
3848 3925
3849 3925
3849 3926
3849 3927
3850 3851
3850 3927
3850 3928
3851 3852
3851 3928
3852 3929
3853 3854
3853 3929
3854 3930
3855 3856
3855 3930
3855 3931
3855 3932
3856 3857
3856 3931
3856 3932
3856 3933
3857 3858
3857 3932
3857 3933
3858 3859
3858 3933
3858 3934
3859 3860
3859 3934
3859 3935
3860 3861
3860 3934
3860 3935
3860 3936
3861 3935
3861 3936
3861 3937
3862 3863
3862 3937
3862 3938
3863 3864
3863 3938
3863 3939
3864 3865
3864 3938
3864 3939
3864 3940
3865 3866
3865 3939
3865 3940
3865 3941
3866 3940
3866 3941
3866 3942
3867 3868
3867 3942
3867 3943
3867 3944
3868 3869
3868 3943
3868 3944
3868 3945
3869 3870
3869 3944
3869 3945
3869 3946
3870 3871
3870 3945
3870 3946
3870 3947
3871 3872
3871 3946
3871 3947
3872 3873
3872 3947
3872 3948
3873 3874
3873 3948
3873 3949
3874 3875
3874 3948
3874 3949
3874 3950
3875 3949
3875 3950
3875 3951
3876 3951
3876 3952
3877 3878
3877 3953
3877 3954
3878 3879
3878 3953
3878 3954
3878 3955
3879 3880
3879 3954
3879 3955
3879 3956
3880 3881
3880 3955
3880 3956
3880 3957
3881 3882
3881 3956
3881 3957
3881 3958
3882 3957
3882 3958
3882 3959
3883 3884
3883 3960
3883 3961
3884 3885
3884 3961
3884 3962
3885 3886
3885 3962
3885 3963
3886 3887
3886 3962
3886 3963
3886 3964
3887 3888
3887 3963
3887 3964
3887 3965
3888 3889
3888 3964
3888 3965
3888 3966
3889 3890
3889 3965
3889 3966
3890 3966
3890 3967
3891 3892
3891 3967
3891 3968
3891 3969
3892 3893
3892 3968
3892 3969
3892 3970
3893 3894
3893 3969
3893 3970
3893 3971
3894 3895
3894 3970
3894 3971
3895 3896
3895 3971
3895 3972
3896 3897
3896 3972
3896 3973
3897 3898
3897 3972
3897 3973
3897 3974
3898 3899
3898 3973
3898 3974
3898 3975
3899 3900
3899 3974
3899 3975
3899 3976
3900 3901
3900 3975
3900 3976
3900 3977
3901 3902
3901 3976
3901 3977
3901 3978
3902 3903
3902 3977
3902 3978
3902 3979
3903 3978
3903 3979
3903 3980
3904 3905
3904 3980
3904 3981
3904 3982
3905 3906
3905 3981
3905 3982
3905 3983
3906 3907
3906 3982
3906 3983
3906 3984
3907 3908
3907 3983
3907 3984
3907 3985
3908 3909
3908 3984
3908 3985
3909 3910
3909 3985
3909 3986
3910 3986
3910 3987
3911 3912
3911 3987
3911 3988
3911 3989
3912 3913
3912 3988
3912 3989
3912 3990
3913 3914
3913 3989
3913 3990
3913 3991
3914 3915
3914 3990
3914 3991
3914 3992
3915 3916
3915 3991
3915 3992
3915 3993
3916 3917
3916 3992
3916 3993
3917 3918
3917 3993
3917 3994
3918 3919
3918 3994
3918 3995
3919 3920
3919 3994
3919 3995
3920 3921
3920 3995
3920 3996
3921 3922
3921 3996
3922 3996
3923 3924
3923 3997
3923 3998
3924 3925
3924 3997
3924 3998
3924 3999
3925 3926
3925 3998
3925 3999
3925 4000
3926 3927
3926 3999
3926 4000
3927 3928
3927 4000
3927 4001
3928 4001
3929 4002
3929 4003
3929 4004
3930 3931
3930 4005
3930 4006
3930 4007
3931 3932
3931 4006
3931 4007
3931 4008
3932 3933
3932 4007
3932 4008
3932 4009
3933 4008
3933 4009
3933 4010
3934 3935
3934 4010
3934 4011
3935 3936
3935 4011
3935 4012
3936 3937
3936 4012
3937 4012
3937 4013
3938 3939
3938 4013
3938 4014
3938 4015
3939 3940
3939 4014
3939 4015
3939 4016
3940 3941
3940 4015
3940 4016
3940 4017
3941 3942
3941 4016
3941 4017
3941 4018
3942 3943
3942 4017
3942 4018
3942 4019
3943 3944
3943 4018
3943 4019
3943 4020
3944 3945
3944 4019
3944 4020
3945 3946
3945 4020
3945 4021
3946 3947
3946 4021
3947 4021
3947 4022
3948 3949
3948 4022
3948 4023
3949 3950
3949 4023
3949 4024
3950 3951
3950 4023
3950 4024
3950 4025
3951 3952
3951 4024
3951 4025
3951 4026
3952 4025
3952 4026
3952 4027
3953 3954
3953 4028
3953 4029
3954 3955
3954 4028
3954 4029
3954 4030
3955 3956
3955 4029
3955 4030
3955 4031
3956 3957
3956 4030
3956 4031
3956 4032
3957 3958
3957 4031
3957 4032
3957 4033
3958 3959
3958 4032
3958 4033
3958 4034
3959 3960
3959 4033
3959 4034
3959 4035
3960 3961
3960 4034
3960 4035
3960 4036
3961 4035
3961 4036
3961 4037
3962 3963
3962 4037
3962 4038
3962 4039
3963 3964
3963 4038
3963 4039
3963 4040
3964 3965
3964 4039
3964 4040
3964 4041
3965 3966
3965 4040
3965 4041
3965 4042
3966 4041
3966 4042
3966 4043
3967 3968
3967 4043
3967 4044
3967 4045
3968 3969
3968 4044
3968 4045
3968 4046
3969 3970
3969 4045
3969 4046
3969 4047
3970 3971
3970 4046
3970 4047
3970 4048
3971 4047
3971 4048
3971 4049
3972 3973
3972 4049
3972 4050
3972 4051
3973 3974
3973 4050
3973 4051
3973 4052
3974 3975
3974 4051
3974 4052
3974 4053
3975 3976
3975 4052
3975 4053
3975 4054
3976 3977
3976 4053
3976 4054
3976 4055
3977 3978
3977 4054
3977 4055
3977 4056
3978 3979
3978 4055
3978 4056
3979 3980
3979 4056
3979 4057
3980 3981
3980 4057
3980 4058
3981 3982
3981 4057
3981 4058
3981 4059
3982 3983
3982 4058
3982 4059
3982 4060
3983 3984
3983 4059
3983 4060
3984 3985
3984 4060
3984 4061
3985 4061
3985 4062
3986 3987
3986 4062
3986 4063
3986 4064
3987 3988
3987 4063
3987 4064
3987 4065
3988 3989
3988 4064
3988 4065
3988 4066
3989 3990
3989 4065
3989 4066
3990 3991
3990 4066
3990 4067
3991 3992
3991 4067
3991 4068
3992 3993
3992 4067
3992 4068
3992 4069
3993 4068
3993 4069
3994 3995
3994 4070
3994 4071
3995 4070
3995 4071
3996 4072
3996 4073
3997 3998
3997 4074
3997 4075
3998 3999
3998 4074
3998 4075
3998 4076
3999 4000
3999 4075
3999 4076
3999 4077
4000 4076
4000 4077
4001 4078
4002 4003
4002 4078
4002 4079
4002 4080
4003 4004
4003 4079
4003 4080
4004 4005
4004 4080
4004 4081
4005 4006
4005 4081
4005 4082
4006 4007
4006 4081
4006 4082
4006 4083
4007 4008
4007 4082
4007 4083
4008 4009
4008 4083
4008 4084
4009 4010
4009 4084
4009 4085
4010 4011
4010 4084
4010 4085
4010 4086
4011 4085
4011 4086
4011 4087
4012 4087
4012 4088
4012 4089
4013 4014
4013 4089
4013 4090
4013 4091
4014 4015
4014 4090
4014 4091
4014 4092
4015 4016
4015 4091
4015 4092
4015 4093
4016 4017
4016 4092
4016 4093
4016 4094
4017 4018
4017 4093
4017 4094
4017 4095
4018 4019
4018 4094
4018 4095
4018 4096
4019 4020
4019 4095
4019 4096
4019 4097
4020 4096
4020 4097
4020 4098
4021 4098
4021 4099
4021 4100
4022 4100
4022 4101
4023 4024
4023 4102
4023 4103
4024 4025
4024 4102
4024 4103
4024 4104
4025 4026
4025 4103
4025 4104
4026 4027
4026 4104
4027 4105
4028 4029
4028 4105
4028 4106
4028 4107
4029 4030
4029 4106
4029 4107
4029 4108
4030 4031
4030 4107
4030 4108
4030 4109
4031 4032
4031 4108
4031 4109
4031 4110
4032 4033
4032 4109
4032 4110
4033 4034
4033 4110
4033 4111
4034 4035
4034 4111
4035 4036
4035 4111
4036 4037
4036 4112
4037 4038
4037 4112
4037 4113
4038 4039
4038 4112
4038 4113
4038 4114
4039 4040
4039 4113
4039 4114
4039 4115
4040 4041
4040 4114
4040 4115
4040 4116
4041 4042
4041 4115
4041 4116
4041 4117
4042 4043
4042 4116
4042 4117
4043 4044
4043 4117
4044 4045
4044 4118
4045 4046
4045 4118
4045 4119
4046 4047
4046 4118
4046 4119
4046 4120
4047 4048
4047 4119
4047 4120
4048 4049
4048 4120
4049 4050
4049 4121
4050 4051
4050 4121
4050 4122
4051 4052
4051 4121
4051 4122
4051 4123
4052 4053
4052 4122
4052 4123
4052 4124
4053 4054
4053 4123
4053 4124
4054 4055
4054 4124
4055 4056
4055 4125
4056 4125
4056 4126
4057 4058
4057 4126
4057 4127
4058 4059
4058 4127
4059 4060
4059 4127
4059 4128
4060 4128
4060 4129
4061 4062
4061 4129
4061 4130
4062 4063
4062 4130
4062 4131
4063 4064
4063 4130
4063 4131
4064 4065
4064 4131
4064 4132
4065 4066
4065 4132
4065 4133
4066 4132
4066 4133
4066 4134
4067 4068
4067 4134
4067 4135
4068 4069
4068 4135
4068 4136
4069 4136
4070 4071
4070 4137
4071 4137
4072 4073
4072 4138
4072 4139
4073 4138
4073 4139
4074 4075
4074 4140
4074 4141
4075 4076
4075 4140
4075 4141
4075 4142
4076 4077
4076 4141
4076 4142
4077 4142
4077 4143
4078 4079
4078 4144
4078 4145
4079 4080
4079 4144
4079 4145
4079 4146
4080 4145
4080 4146
4080 4147
4081 4082
4081 4147
4081 4148
4081 4149
4082 4083
4082 4148
4082 4149
4082 4150
4083 4149
4083 4150
4084 4085
4084 4151
4084 4152
4085 4086
4085 4151
4085 4152
4085 4153
4086 4087
4086 4152
4086 4153
4086 4154
4087 4088
4087 4153
4087 4154
4088 4089
4088 4154
4088 4155
4089 4090
4089 4155
4089 4156
4090 4091
4090 4155
4090 4156
4090 4157
4091 4092
4091 4156
4091 4157
4091 4158
4092 4093
4092 4157
4092 4158
4092 4159
4093 4094
4093 4158
4093 4159
4094 4095
4094 4159
4094 4160
4095 4096
4095 4160
4095 4161
4096 4097
4096 4160
4096 4161
4096 4162
4097 4098
4097 4161
4097 4162
4097 4163
4098 4099
4098 4162
4098 4163
4098 4164
4099 4100
4099 4163
4099 4164
4099 4165
4100 4101
4100 4164
4100 4165
4100 4166
4101 4165
4101 4166
4102 4103
4102 4167
4103 4104
4103 4167
4105 4106
4105 4168
4105 4169
4106 4107
4106 4169
4106 4170
4107 4108
4107 4169
4107 4170
4107 4171
4108 4109
4108 4170
4108 4171
4109 4110
4109 4171
4110 4172
4111 4172
4111 4173
4111 4174
4112 4113
4112 4175
4112 4176
4112 4177
4113 4114
4113 4176
4113 4177
4113 4178
4114 4115
4114 4177
4114 4178
4115 4116
4115 4178
4115 4179
4116 4117
4116 4179
4116 4180
4117 4179
4117 4180
4117 4181
4118 4119
4118 4182
4119 4120
4119 4182
4119 4183
4120 4183
4121 4122
4121 4184
4121 4185
4121 4186
4122 4123
4122 4185
4122 4186
4122 4187
4123 4124
4123 4186
4123 4187
4124 4187
4124 4188
4125 4126
4125 4189
4125 4190
4126 4190
4126 4191
4127 4191
4127 4192
4128 4129
4128 4193
4128 4194
4129 4193
4129 4194
4129 4195
4130 4131
4130 4195
4130 4196
4130 4197
4131 4196
4131 4197
4131 4198
4132 4133
4132 4198
4132 4199
4132 4200
4133 4134
4133 4199
4133 4200
4133 4201
4134 4135
4134 4200
4134 4201
4134 4202
4135 4201
4135 4202
4135 4203
4136 4203
4136 4204
4136 4205
4137 4205
4137 4206
4138 4139
4138 4207
4139 4207
4140 4141
4140 4208
4140 4209
4141 4142
4141 4208
4141 4209
4142 4209
4142 4210
4143 4210
4144 4145
4144 4211
4144 4212
4145 4146
4145 4211
4145 4212
4145 4213
4146 4147
4146 4212
4146 4213
4146 4214
4147 4148
4147 4213
4147 4214
4148 4149
4148 4214
4148 4215
4149 4150
4149 4215
4150 4215
4151 4152
4151 4216
4152 4153
4152 4216
4152 4217
4153 4154
4153 4216
4153 4217
4153 4218
4154 4217
4154 4218
4154 4219
4155 4156
4155 4219
4155 4220
4155 4221
4156 4157
4156 4220
4156 4221
4156 4222
4157 4158
4157 4221
4157 4222
4157 4223
4158 4159
4158 4222
4158 4223
4158 4224
4159 4223
4159 4224
4159 4225
4160 4161
4160 4225
4160 4226
4160 4227
4161 4162
4161 4226
4161 4227
4161 4228
4162 4163
4162 4227
4162 4228
4162 4229
4163 4164
4163 4228
4163 4229
4163 4230
4164 4165
4164 4229
4164 4230
4165 4166
4165 4230
4167 4231
4167 4232
4168 4234
4168 4235
4169 4170
4169 4235
4169 4236
4169 4237
4170 4171
4170 4236
4170 4237
4170 4238
4171 4237
4171 4238
4172 4173
4172 4239
4172 4240
4172 4241
4173 4174
4173 4240
4173 4241
4174 4175
4174 4241
4174 4242
4175 4176
4175 4242
4175 4243
4176 4177
4176 4242
4176 4243
4176 4244
4177 4178
4177 4243
4177 4244
4177 4245
4178 4244
4178 4245
4179 4180
4179 4246
4180 4181
4180 4246
4180 4247
4181 4246
4181 4247
4181 4248
4182 4248
4182 4249
4182 4250
4183 4250
4183 4251
4183 4252
4184 4185
4184 4252
4184 4253
4185 4186
4185 4253
4186 4187
4186 4254
4187 4254
4187 4255
4188 4189
4188 4255
4188 4256
4189 4190
4189 4256
4189 4257
4190 4257
4190 4258
4191 4192
4191 4258
4191 4259
4192 4259
4192 4260
4193 4194
4193 4260
4193 4261
4193 4262
4194 4195
4194 4261
4194 4262
4195 4196
4195 4262
4195 4263
4196 4197
4196 4263
4196 4264
4197 4198
4197 4263
4197 4264
4197 4265
4198 4199
4198 4264
4198 4265
4198 4266
4199 4200
4199 4265
4199 4266
4199 4267
4200 4201
4200 4266
4200 4267
4200 4268
4201 4202
4201 4267
4201 4268
4201 4269
4202 4203
4202 4268
4202 4269
4202 4270
4203 4204
4203 4269
4203 4270
4203 4271
4204 4205
4204 4270
4204 4271
4205 4271
4205 4272
4206 4272
4206 4273
4206 4274
4207 4275
4207 4276
4208 4209
4208 4277
4209 4277
4209 4278
4210 4278
4210 4279
4210 4280
4211 4212
4211 4281
4211 4282
4212 4213
4212 4281
4212 4282
4212 4283
4213 4214
4213 4282
4213 4283
4214 4283
4215 4284
4216 4217
4216 4286
4216 4287
4217 4218
4217 4287
4217 4288
4218 4219
4218 4287
4218 4288
4218 4289
4219 4220
4219 4288
4219 4289
4219 4290
4220 4221
4220 4289
4220 4290
4221 4222
4221 4290
4221 4291
4222 4223
4222 4291
4222 4292
4223 4224
4223 4291
4223 4292
4223 4293
4224 4225
4224 4292
4224 4293
4224 4294
4225 4226
4225 4293
4225 4294
4226 4227
4226 4294
4226 4295
4227 4228
4227 4295
4227 4296
4228 4229
4228 4295
4228 4296
4228 4297
4229 4230
4229 4296
4229 4297
4229 4298
4230 4297
4230 4298
4230 4299
4231 4232
4231 4301
4232 4233
4232 4301
4233 4234
4233 4302
4234 4302
4235 4236
4235 4303
4235 4304
4236 4237
4236 4303
4236 4304
4237 4238
4237 4304
4237 4305
4238 4305
4239 4240
4239 4306
4239 4307
4240 4241
4240 4306
4240 4307
4240 4308
4241 4307
4241 4308
4242 4243
4242 4309
4242 4310
4243 4244
4243 4309
4243 4310
4243 4311
4244 4245
4244 4310
4244 4311
4245 4311
4245 4312
4246 4247
4246 4313
4246 4314
4246 4315
4247 4248
4247 4314
4247 4315
4247 4316
4248 4249
4248 4315
4248 4316
4248 4317
4249 4250
4249 4316
4249 4317
4250 4251
4250 4317
4251 4252
4251 4318
4252 4253
4252 4318
4252 4319
4253 4318
4253 4319
4253 4320
4254 4255
4254 4321
4254 4322
4255 4256
4255 4321
4255 4322
4255 4323
4256 4322
4256 4323
4256 4324
4257 4258
4257 4324
4257 4325
4258 4259
4258 4325
4258 4326
4259 4325
4259 4326
4259 4327
4260 4261
4260 4327
4260 4328
4260 4329
4261 4262
4261 4328
4261 4329
4261 4330
4262 4329
4262 4330
4263 4264
4263 4331
4263 4332
4264 4265
4264 4331
4264 4332
4264 4333
4265 4266
4265 4332
4265 4333
4265 4334
4266 4267
4266 4333
4266 4334
4266 4335
4267 4268
4267 4334
4267 4335
4267 4336
4268 4269
4268 4335
4268 4336
4268 4337
4269 4270
4269 4336
4269 4337
4269 4338
4270 4271
4270 4337
4270 4338
4271 4338
4271 4339
4272 4273
4272 4339
4273 4274
4273 4340
4274 4275
4274 4340
4274 4341
4275 4276
4275 4340
4275 4341
4276 4341
4277 4342
4277 4343
4278 4279
4278 4343
4278 4344
4279 4280
4279 4344
4279 4345
4280 4345
4280 4346
4281 4282
4281 4346
4281 4347
4281 4348
4282 4283
4282 4347
4282 4348
4282 4349
4283 4348
4283 4349
4283 4350
4284 4351
4284 4352
4285 4286
4285 4353
4285 4354
4286 4353
4286 4354
4286 4355
4287 4288
4287 4355
4287 4356
4287 4357
4288 4289
4288 4356
4288 4357
4288 4358
4289 4290
4289 4357
4289 4358
4289 4359
4290 4358
4290 4359
4290 4360
4291 4292
4291 4360
4291 4361
4292 4293
4292 4361
4292 4362
4293 4294
4293 4361
4293 4362
4293 4363
4294 4362
4294 4363
4294 4364
4295 4296
4295 4364
4295 4365
4295 4366
4296 4297
4296 4365
4296 4366
4296 4367
4297 4298
4297 4366
4297 4367
4297 4368
4298 4299
4298 4367
4298 4368
4298 4369
4299 4300
4299 4368
4299 4369
4299 4370
4300 4369
4300 4370
4300 4371
4301 4371
4301 4372
4301 4373
4302 4374
4302 4375
4303 4304
4303 4375
4303 4376
4303 4377
4304 4376
4304 4377
4304 4378
4305 4378
4305 4379
4305 4380
4306 4307
4306 4380
4306 4381
4306 4382
4307 4308
4307 4381
4307 4382
4307 4383
4308 4382
4308 4383
4309 4310
4309 4384
4310 4311
4310 4384
4310 4385
4311 4384
4311 4385
4311 4386
4312 4313
4312 4386
4312 4387
4312 4388
4313 4314
4313 4387
4313 4388
4313 4389
4314 4315
4314 4388
4314 4389
4314 4390
4315 4316
4315 4389
4315 4390
4315 4391
4316 4317
4316 4390
4316 4391
4316 4392
4317 4391
4317 4392
4317 4393
4318 4319
4318 4394
4318 4395
4318 4396
4319 4320
4319 4395
4319 4396
4320 4396
4321 4322
4321 4397
4321 4398
4322 4323
4322 4397
4322 4398
4322 4399
4323 4324
4323 4398
4323 4399
4323 4400
4324 4399
4324 4400
4324 4401
4325 4326
4325 4401
4325 4402
4325 4403
4326 4327
4326 4402
4326 4403
4326 4404
4327 4328
4327 4403
4327 4404
4327 4405
4328 4329
4328 4404
4328 4405
4329 4330
4329 4405
4329 4406
4330 4406
4331 4332
4331 4407
4331 4408
4332 4333
4332 4407
4332 4408
4333 4334
4333 4408
4334 4335
4334 4409
4335 4336
4335 4409
4335 4410
4336 4337
4336 4409
4336 4410
4336 4411
4337 4338
4337 4410
4337 4411
4337 4412
4338 4411
4338 4412
4338 4413
4339 4413
4339 4414
4340 4341
4340 4415
4340 4416
4340 4417
4341 4416
4341 4417
4341 4418
4342 4343
4342 4419
4342 4420
4343 4344
4343 4419
4343 4420
4343 4421
4344 4420
4344 4421
4344 4422
4345 4346
4345 4422
4345 4423
4345 4424
4346 4347
4346 4423
4346 4424
4346 4425
4347 4348
4347 4424
4347 4425
4347 4426
4348 4349
4348 4425
4348 4426
4348 4427
4349 4350
4349 4426
4349 4427
4349 4428
4350 4351
4350 4427
4350 4428
4350 4429
4351 4352
4351 4428
4351 4429
4351 4430
4352 4429
4352 4430
4352 4431
4353 4354
4353 4431
4353 4432
4354 4355
4354 4432
4355 4356
4355 4432
4355 4433
4356 4357
4356 4433
4356 4434
4357 4358
4357 4433
4357 4434
4357 4435
4358 4359
4358 4434
4358 4435
4358 4436
4359 4360
4359 4435
4359 4436
4359 4437
4360 4436
4360 4437
4360 4438
4361 4362
4361 4438
4361 4439
4361 4440
4362 4363
4362 4439
4362 4440
4362 4441
4363 4364
4363 4440
4363 4441
4364 4365
4364 4441
4364 4442
4365 4366
4365 4442
4365 4443
4366 4367
4366 4442
4366 4443
4367 4368
4367 4443
4368 4369
4368 4444
4369 4370
4369 4444
4369 4445
4370 4371
4370 4444
4370 4445
4370 4446
4371 4372
4371 4445
4371 4446
4372 4373
4372 4446
4372 4447
4373 4374
4373 4447
4373 4448
4374 4447
4374 4448
4374 4449
4375 4376
4375 4449
4375 4450
4376 4377
4376 4450
4376 4451
4377 4378
4377 4451
4377 4452
4378 4379
4378 4451
4378 4452
4378 4453
4379 4380
4379 4452
4379 4453
4379 4454
4380 4381
4380 4453
4380 4454
4380 4455
4381 4382
4381 4454
4381 4455
4381 4456
4382 4383
4382 4455
4382 4456
4383 4456
4383 4457
4384 4385
4384 4458
4384 4459
4385 4386
4385 4458
4385 4459
4385 4460
4386 4387
4386 4459
4386 4460
4386 4461
4387 4388
4387 4460
4387 4461
4387 4462
4388 4389
4388 4461
4388 4462
4388 4463
4389 4390
4389 4462
4389 4463
4389 4464
4390 4391
4390 4463
4390 4464
4390 4465
4391 4392
4391 4464
4391 4465
4391 4466
4392 4393
4392 4465
4392 4466
4393 4394
4393 4466
4393 4467
4394 4395
4394 4467
4394 4468
4395 4396
4395 4467
4395 4468
4395 4469
4396 4468
4396 4469
4396 4470
4397 4398
4397 4471
4397 4472
4397 4473
4398 4399
4398 4472
4398 4473
4399 4400
4399 4473
4399 4474
4400 4401
4400 4474
4400 4475
4401 4402
4401 4474
4401 4475
4401 4476
4402 4403
4402 4475
4402 4476
4402 4477
4403 4404
4403 4476
4403 4477
4403 4478
4404 4405
4404 4477
4404 4478
4404 4479
4405 4478
4405 4479
4405 4480
4406 4480
4406 4481
4406 4482
4407 4408
4407 4482
4407 4483
4407 4484
4408 4483
4408 4484
4408 4485
4409 4410
4409 4486
4409 4487
4410 4411
4410 4487
4410 4488
4411 4412
4411 4487
4411 4488
4411 4489
4412 4413
4412 4488
4412 4489
4412 4490
4413 4414
4413 4489
4413 4490
4414 4490
4414 4491
4415 4416
4415 4491
4415 4492
4415 4493
4416 4417
4416 4492
4416 4493
4416 4494
4417 4418
4417 4493
4417 4494
4418 4494
4419 4420
4419 4495
4419 4496
4420 4421
4420 4495
4420 4496
4420 4497
4421 4422
4421 4496
4421 4497
4421 4498
4422 4423
4422 4497
4422 4498
4422 4499
4423 4424
4423 4498
4423 4499
4423 4500
4424 4425
4424 4499
4424 4500
4424 4501
4425 4426
4425 4500
4425 4501
4425 4502
4426 4427
4426 4501
4426 4502
4426 4503
4427 4428
4427 4502
4427 4503
4427 4504
4428 4429
4428 4503
4428 4504
4428 4505
4429 4430
4429 4504
4429 4505
4429 4506
4430 4431
4430 4505
4430 4506
4430 4507
4431 4506
4431 4507
4431 4508
4432 4508
4432 4509
4432 4510
4433 4434
4433 4510
4433 4511
4433 4512
4434 4435
4434 4511
4434 4512
4434 4513
4435 4436
4435 4512
4435 4513
4435 4514
4436 4437
4436 4513
4436 4514
4436 4515
4437 4438
4437 4514
4437 4515
4437 4516
4438 4439
4438 4515
4438 4516
4439 4440
4439 4516
4439 4517
4440 4441
4440 4517
4440 4518
4441 4517
4441 4518
4442 4443
4442 4519
4443 4519
4444 4445
4444 4520
4444 4521
4444 4522
4445 4446
4445 4521
4445 4522
4445 4523
4446 4522
4446 4523
4447 4448
4447 4524
4448 4449
4448 4524
4448 4525
4449 4450
4449 4524
4449 4525
4449 4526
4450 4525
4450 4526
4450 4527
4451 4452
4451 4527
4451 4528
4451 4529
4452 4453
4452 4528
4452 4529
4452 4530
4453 4454
4453 4529
4453 4530
4453 4531
4454 4455
4454 4530
4454 4531
4454 4532
4455 4456
4455 4531
4455 4532
4455 4533
4456 4532
4456 4533
4456 4534
4457 4534
4457 4535
4457 4536
4458 4459
4458 4536
4458 4537
4458 4538
4459 4460
4459 4537
4459 4538
4459 4539
4460 4461
4460 4538
4460 4539
4461 4462
4461 4539
4462 4463
4462 4540
4463 4464
4463 4540
4463 4541
4464 4465
4464 4540
4464 4541
4464 4542
4465 4466
4465 4541
4465 4542
4466 4542
4466 4543
4467 4468
4467 4543
4468 4469
4468 4544
4469 4470
4469 4544
4469 4545
4470 4471
4470 4544
4470 4545
4470 4546
4471 4472
4471 4545
4471 4546
4471 4547
4472 4473
4472 4546
4472 4547
4472 4548
4473 4547
4473 4548
4473 4549
4474 4475
4474 4549
4474 4550
4474 4551
4475 4476
4475 4550
4475 4551
4475 4552
4476 4477
4476 4551
4476 4552
4476 4553
4477 4478
4477 4552
4477 4553
4477 4554
4478 4479
4478 4553
4478 4554
4478 4555
4479 4480
4479 4554
4479 4555
4479 4556
4480 4481
4480 4555
4480 4556
4480 4557
4481 4482
4481 4556
4481 4557
4481 4558
4482 4483
4482 4557
4482 4558
4482 4559
4483 4484
4483 4558
4483 4559
4483 4560
4484 4485
4484 4559
4484 4560
4484 4561
4485 4486
4485 4560
4485 4561
4485 4562
4486 4561
4486 4562
4487 4488
4488 4489
4488 4563
4489 4490
4489 4563
4489 4564
4490 4563
4490 4564
4491 4492
4491 4565
4491 4566
4492 4493
4492 4565
4492 4566
4492 4567
4493 4494
4493 4566
4493 4567
4493 4568
4494 4567
4494 4568
4494 4569
4495 4496
4495 4570
4495 4571
4496 4497
4496 4570
4496 4571
4496 4572
4497 4498
4497 4571
4497 4572
4497 4573
4498 4499
4498 4572
4498 4573
4499 4500
4499 4573
4500 4501
4500 4574
4501 4502
4501 4574
4501 4575
4502 4503
4502 4574
4502 4575
4502 4576
4503 4504
4503 4575
4503 4576
4504 4505
4504 4576
4504 4577
4505 4506
4505 4577
4505 4578
4506 4507
4506 4577
4506 4578
4506 4579
4507 4508
4507 4578
4507 4579
4507 4580
4508 4509
4508 4579
4508 4580
4508 4581
4509 4510
4509 4580
4509 4581
4509 4582
4510 4511
4510 4581
4510 4582
4511 4512
4511 4582
4511 4583
4512 4513
4512 4583
4513 4514
4513 4583
4513 4584
4514 4515
4514 4584
4514 4585
4515 4516
4515 4584
4515 4585
4515 4586
4516 4585
4516 4586
4516 4587
4517 4518
4517 4587
4517 4588
4518 4588
4518 4589
4519 4590
4520 4521
4520 4591
4520 4592
4521 4522
4521 4591
4521 4592
4521 4593
4522 4523
4522 4592
4522 4593
4522 4594
4523 4593
4523 4594
4523 4595
4524 4525
4524 4596
4524 4597
4525 4526
4525 4596
4525 4597
4525 4598
4526 4527
4526 4597
4526 4598
4526 4599
4527 4528
4527 4598
4527 4599
4527 4600
4528 4529
4528 4599
4528 4600
4528 4601
4529 4530
4529 4600
4529 4601
4529 4602
4530 4531
4530 4601
4530 4602
4531 4532
4531 4602
4531 4603
4532 4533
4532 4603
4532 4604
4533 4534
4533 4603
4533 4604
4533 4605
4534 4535
4534 4604
4534 4605
4534 4606
4535 4536
4535 4605
4535 4606
4535 4607
4536 4537
4536 4606
4536 4607
4536 4608
4537 4538
4537 4607
4537 4608
4538 4539
4538 4608
4538 4609
4539 4609
4539 4610
4540 4541
4540 4611
4540 4612
4540 4613
4541 4542
4541 4612
4541 4613
4542 4613
4542 4614
4543 4614
4543 4615
4544 4545
4544 4616
4544 4617
4544 4618
4545 4546
4545 4617
4545 4618
4545 4619
4546 4547
4546 4618
4546 4619
4546 4620
4547 4548
4547 4619
4547 4620
4548 4549
4548 4620
4548 4621
4549 4550
4549 4621
4549 4622
4550 4551
4550 4621
4550 4622
4550 4623
4551 4552
4551 4622
4551 4623
4551 4624
4552 4553
4552 4623
4552 4624
4552 4625
4553 4554
4553 4624
4553 4625
4554 4555
4554 4625
4554 4626
4555 4556
4555 4626
4555 4627
4556 4557
4556 4626
4556 4627
4556 4628
4557 4558
4557 4627
4557 4628
4557 4629
4558 4559
4558 4628
4558 4629
4558 4630
4559 4560
4559 4629
4559 4630
4559 4631
4560 4561
4560 4630
4560 4631
4560 4632
4561 4562
4561 4631
4561 4632
4561 4633
4562 4632
4562 4633
4562 4634
4563 4564
4563 4636
4563 4637
4564 4637
4564 4638
4565 4566
4565 4638
4565 4639
4565 4640
4566 4567
4566 4639
4566 4640
4566 4641
4567 4568
4567 4640
4567 4641
4567 4642
4568 4569
4568 4641
4568 4642
4569 4642
4570 4571
4570 4643
4571 4572
4571 4643
4572 4573
4572 4644
4573 4644
4573 4645
4574 4575
4574 4646
4575 4576
4575 4646
4575 4647
4576 4647
4576 4648
4577 4578
4577 4648
4578 4579
4578 4649
4579 4580
4579 4649
4579 4650
4580 4581
4580 4649
4580 4650
4580 4651
4581 4582
4581 4650
4581 4651
4581 4652
4582 4651
4582 4652
4582 4653
4583 4653
4583 4654
4584 4585
4584 4655
4584 4656
4585 4586
4585 4655
4585 4656
4585 4657
4586 4587
4586 4656
4586 4657
4586 4658
4587 4588
4587 4657
4587 4658
4587 4659
4588 4658
4588 4659
4588 4660
4589 4590
4589 4660
4589 4661
4590 4661
4590 4662
4591 4592
4591 4663
4592 4593
4592 4663
4592 4664
4593 4594
4593 4663
4593 4664
4594 4595
4594 4664
4594 4665
4595 4665
4595 4666
4596 4597
4596 4666
4596 4667
4596 4668
4597 4598
4597 4667
4597 4668
4597 4669
4598 4599
4598 4668
4598 4669
4598 4670
4599 4600
4599 4669
4599 4670
4600 4601
4600 4670
4600 4671
4601 4602
4601 4671
4601 4672
4602 4671
4602 4672
4603 4604
4603 4673
4603 4674
4604 4605
4604 4673
4604 4674
4604 4675
4605 4606
4605 4674
4605 4675
4605 4676
4606 4607
4606 4675
4606 4676
4606 4677
4607 4608
4607 4676
4607 4677
4607 4678
4608 4677
4608 4678
4608 4679
4609 4610
4609 4679
4609 4680
4609 4681
4610 4611
4610 4680
4610 4681
4611 4612
4611 4681
4612 4613
4613 4682
4614 4615
4614 4682
4614 4683
4614 4684
4615 4683
4615 4684
4615 4685
4616 4617
4616 4685
4616 4686
4617 4618
4617 4686
4617 4687
4618 4619
4618 4686
4618 4687
4618 4688
4619 4620
4619 4687
4619 4688
4619 4689
4620 4688
4620 4689
4621 4622
4621 4690
4622 4623
4622 4690
4622 4691
4623 4624
4623 4690
4623 4691
4624 4625
4624 4691
4624 4692
4625 4692
4625 4693
4626 4627
4626 4693
4626 4694
4626 4695
4627 4628
4627 4694
4627 4695
4627 4696
4628 4629
4628 4695
4628 4696
4628 4697
4629 4630
4629 4696
4629 4697
4629 4698
4630 4631
4630 4697
4630 4698
4631 4632
4631 4698
4632 4633
4632 4699
4633 4634
4633 4699
4633 4700
4634 4635
4634 4699
4634 4700
4634 4701
4635 4636
4635 4700
4635 4701
4635 4702
4636 4701
4636 4702
4636 4703
4637 4638
4637 4703
4637 4704
4638 4639
4638 4704
4638 4705
4639 4640
4639 4705
4639 4706
4640 4641
4640 4705
4640 4706
4641 4642
4641 4706
4641 4707
4642 4707
4642 4708
4644 4645
4644 4709
4644 4710
4645 4710
4645 4711
4646 4711
4647 4648
4647 4712
4647 4713
4648 4712
4648 4713
4648 4714
4649 4650
4649 4715
4649 4716
4649 4717
4650 4651
4650 4716
4650 4717
4651 4652
4651 4717
4652 4653
4652 4718
4653 4654
4653 4718
4653 4719
4654 4718
4654 4719
4654 4720
4655 4656
4655 4720
4655 4721
4656 4657
4656 4721
4656 4722
4657 4658
4657 4722
4657 4723
4658 4659
4658 4722
4658 4723
4658 4724
4659 4660
4659 4723
4659 4724
4660 4661
4660 4724
4660 4725
4661 4725
4661 4726
4662 4726
4662 4727
4662 4728
4663 4664
4663 4729
4663 4730
4663 4731
4664 4730
4664 4731
4664 4732
4665 4666
4665 4732
4665 4733
4666 4667
4666 4733
4666 4734
4667 4668
4667 4733
4667 4734
4667 4735
4668 4669
4668 4734
4668 4735
4668 4736
4669 4670
4669 4735
4669 4736
4669 4737
4670 4736
4670 4737
4670 4738
4671 4672
4671 4738
4671 4739
4671 4740
4672 4739
4672 4740
4672 4741
4673 4674
4673 4741
4673 4742
4673 4743
4674 4675
4674 4742
4674 4743
4674 4744
4675 4676
4675 4743
4675 4744
4675 4745
4676 4677
4676 4744
4676 4745
4676 4746
4677 4678
4677 4745
4677 4746
4677 4747
4678 4679
4678 4746
4678 4747
4678 4748
4679 4680
4679 4747
4679 4748
4679 4749
4680 4681
4680 4748
4680 4749
4680 4750
4681 4749
4681 4750
4681 4751
4682 4683
4682 4753
4682 4754
4683 4684
4683 4754
4683 4755
4684 4685
4684 4754
4684 4755
4684 4756
4685 4755
4685 4756
4685 4757
4686 4687
4686 4757
4686 4758
4686 4759
4687 4688
4687 4758
4687 4759
4688 4689
4688 4759
4688 4760
4689 4760
4690 4691
4690 4761
4690 4762
4690 4763
4691 4762
4691 4763
4692 4693
4692 4764
4693 4694
4693 4764
4693 4765
4694 4695
4694 4765
4694 4766
4695 4696
4695 4765
4695 4766
4696 4697
4696 4766
4696 4767
4697 4698
4697 4767
4697 4768
4698 4767
4698 4768
4698 4769
4699 4700
4699 4770
4699 4771
4700 4701
4700 4771
4700 4772
4701 4702
4701 4772
4701 4773
4702 4703
4702 4772
4702 4773
4702 4774
4703 4704
4703 4773
4703 4774
4703 4775
4704 4774
4704 4775
4704 4776
4705 4706
4705 4776
4705 4777
4706 4777
4706 4778
4707 4708
4707 4778
4707 4779
4707 4780
4708 4779
4708 4780
4709 4782
4709 4783
4710 4711
4710 4783
4710 4784
4710 4785
4711 4784
4711 4785
4711 4786
4712 4713
4712 4787
4713 4714
4713 4787
4713 4788
4714 4715
4714 4788
4714 4789
4715 4716
4715 4788
4715 4789
4715 4790
4716 4717
4716 4789
4716 4790
4716 4791
4717 4790
4717 4791
4717 4792
4718 4719
4718 4793
4718 4794
4718 4795
4719 4720
4719 4794
4719 4795
4720 4721
4720 4795
4720 4796
4721 4796
4721 4797
4722 4723
4722 4797
4722 4798
4722 4799
4723 4724
4723 4798
4723 4799
4723 4800
4724 4799
4724 4800
4724 4801
4725 4726
4725 4801
4725 4802
4725 4803
4726 4727
4726 4802
4726 4803
4726 4804
4727 4728
4727 4803
4727 4804
4727 4805
4728 4729
4728 4804
4728 4805
4728 4806
4729 4730
4729 4805
4729 4806
4729 4807
4730 4731
4730 4806
4730 4807
4730 4808
4731 4732
4731 4807
4731 4808
4731 4809
4732 4808
4732 4809
4732 4810
4733 4734
4733 4810
4733 4811
4734 4735
4734 4811
4735 4736
4735 4811
4735 4812
4736 4737
4736 4812
4736 4813
4737 4738
4737 4812
4737 4813
4737 4814
4738 4739
4738 4813
4738 4814
4738 4815
4739 4740
4739 4814
4739 4815
4739 4816
4740 4741
4740 4815
4740 4816
4740 4817
4741 4742
4741 4816
4741 4817
4741 4818
4742 4743
4742 4817
4742 4818
4742 4819
4743 4744
4743 4818
4743 4819
4743 4820
4744 4745
4744 4819
4744 4820
4744 4821
4745 4746
4745 4820
4745 4821
4745 4822
4746 4747
4746 4821
4746 4822
4746 4823
4747 4748
4747 4822
4747 4823
4747 4824
4748 4749
4748 4823
4748 4824
4748 4825
4749 4750
4749 4824
4749 4825
4749 4826
4750 4751
4750 4825
4750 4826
4750 4827
4751 4752
4751 4826
4751 4827
4751 4828
4752 4753
4752 4827
4752 4828
4752 4829
4753 4828
4753 4829
4753 4830
4754 4755
4754 4830
4754 4831
4755 4756
4755 4831
4755 4832
4756 4757
4756 4832
4756 4833
4757 4758
4757 4832
4757 4833
4758 4759
4758 4833
4758 4834
4759 4834
4759 4835
4760 4835
4760 4836
4761 4762
4761 4837
4761 4838
4762 4763
4762 4837
4762 4838
4763 4838
4764 4839
4764 4840
4765 4766
4765 4840
4765 4841
4765 4842
4766 4841
4766 4842
4766 4843
4767 4768
4767 4843
4767 4844
4767 4845
4768 4769
4768 4844
4768 4845
4768 4846
4769 4770
4769 4845
4769 4846
4769 4847
4770 4771
4770 4846
4770 4847
4770 4848
4771 4847
4771 4848
4771 4849
4772 4773
4772 4849
4772 4850
4772 4851
4773 4774
4773 4850
4773 4851
4773 4852
4774 4775
4774 4851
4774 4852
4774 4853
4775 4776
4775 4852
4775 4853
4775 4854
4776 4853
4776 4854
4776 4855
4777 4778
4777 4855
4777 4856
4778 4779
4778 4856
4778 4857
4779 4780
4779 4857
4779 4858
4780 4857
4780 4858
4781 4782
4781 4859
4781 4860
4782 4859
4782 4860
4782 4861
4783 4784
4783 4861
4783 4862
4783 4863
4784 4785
4784 4862
4784 4863
4784 4864
4785 4786
4785 4863
4785 4864
4785 4865
4786 4864
4786 4865
4787 4866
4787 4867
4788 4789
4788 4867
4788 4868
4789 4790
4789 4868
4789 4869
4790 4791
4790 4868
4790 4869
4791 4792
4791 4869
4792 4793
4792 4870
4793 4794
4793 4870
4793 4871
4794 4795
4794 4870
4794 4871
4794 4872
4795 4871
4795 4872
4795 4873
4796 4797
4796 4873
4796 4874
4796 4875
4797 4798
4797 4874
4797 4875
4798 4799
4798 4875
4798 4876
4799 4800
4799 4876
4799 4877
4800 4801
4800 4876
4800 4877
4800 4878
4801 4802
4801 4877
4801 4878
4801 4879
4802 4803
4802 4878
4802 4879
4802 4880
4803 4804
4803 4879
4803 4880
4803 4881
4804 4805
4804 4880
4804 4881
4805 4806
4805 4881
4805 4882
4806 4807
4806 4882
4806 4883
4807 4808
4807 4882
4807 4883
4808 4809
4808 4883
4808 4884
4809 4810
4809 4884
4809 4885
4810 4884
4810 4885
4810 4886
4811 4886
4811 4887
4811 4888
4812 4813
4812 4888
4812 4889
4813 4814
4813 4889
4813 4890
4814 4815
4814 4890
4815 4816
4815 4890
4815 4891
4816 4817
4816 4891
4816 4892
4817 4818
4817 4891
4817 4892
4817 4893
4818 4819
4818 4892
4818 4893
4818 4894
4819 4820
4819 4893
4819 4894
4819 4895
4820 4821
4820 4894
4820 4895
4820 4896
4821 4822
4821 4895
4821 4896
4822 4823
4822 4896
4822 4897
4823 4824
4823 4897
4823 4898
4824 4825
4824 4897
4824 4898
4824 4899
4825 4826
4825 4898
4825 4899
4825 4900
4826 4827
4826 4899
4826 4900
4826 4901
4827 4828
4827 4900
4827 4901
4827 4902
4828 4829
4828 4901
4828 4902
4828 4903
4829 4830
4829 4902
4829 4903
4829 4904
4830 4831
4830 4903
4830 4904
4830 4905
4831 4904
4831 4905
4831 4906
4832 4833
4832 4906
4832 4907
4833 4907
4833 4908
4834 4835
4834 4908
4834 4909
4834 4910
4835 4836
4835 4909
4835 4910
4835 4911
4836 4910
4836 4911
4836 4912
4837 4838
4837 4912
4839 4840
4839 4913
4839 4914
4840 4841
4840 4913
4840 4914
4841 4842
4841 4914
4842 4843
4842 4915
4843 4844
4843 4915
4843 4916
4844 4845
4844 4915
4844 4916
4844 4917
4845 4846
4845 4916
4845 4917
4845 4918
4846 4847
4846 4917
4846 4918
4847 4848
4847 4918
4847 4919
4848 4849
4848 4919
4848 4920
4849 4850
4849 4919
4849 4920
4849 4921
4850 4851
4850 4920
4850 4921
4850 4922
4851 4852
4851 4921
4851 4922
4852 4853
4852 4922
4853 4854
4853 4923
4854 4855
4854 4923
4854 4924
4855 4856
4855 4923
4855 4924
4855 4925
4856 4924
4856 4925
4857 4858
4857 4926
4857 4927
4858 4926
4858 4927
4859 4860
4859 4928
4860 4861
4860 4928
4860 4929
4861 4862
4861 4928
4861 4929
4861 4930
4862 4863
4862 4929
4862 4930
4862 4931
4863 4864
4863 4930
4863 4931
4863 4932
4864 4865
4864 4931
4864 4932
4865 4932
4866 4867
4866 4933
4866 4934
4867 4933
4867 4934
4868 4869
4868 4935
4869 4935
4870 4871
4870 4936
4870 4937
4871 4872
4871 4937
4872 4873
4872 4937
4872 4938
4873 4874
4873 4938
4873 4939
4874 4875
4874 4938
4874 4939
4874 4940
4875 4939
4875 4940
4876 4877
4876 4941
4877 4878
4877 4941
4877 4942
4878 4879
4878 4941
4878 4942
4878 4943
4879 4880
4879 4942
4879 4943
4879 4944
4880 4881
4880 4943
4880 4944
4880 4945
4881 4944
4881 4945
4881 4946
4882 4883
4882 4946
4882 4947
4882 4948
4883 4947
4883 4948
4884 4885
4884 4949
4884 4950
4885 4886
4885 4949
4885 4950
4886 4887
4886 4950
4886 4951
4887 4888
4887 4951
4887 4952
4888 4889
4888 4951
4888 4952
4889 4952
4889 4953
4890 4953
4890 4954
4890 4955
4891 4892
4891 4955
4891 4956
4892 4893
4892 4956
4892 4957
4893 4894
4893 4957
4894 4895
4894 4957
4895 4896
4895 4958
4896 4958
4896 4959
4897 4898
4897 4959
4897 4960
4897 4961
4898 4899
4898 4960
4898 4961
4898 4962
4899 4900
4899 4961
4899 4962
4899 4963
4900 4901
4900 4962
4900 4963
4901 4902
4901 4963
4901 4964
4902 4903
4902 4964
4902 4965
4903 4904
4903 4964
4903 4965
4904 4905
4904 4965
4904 4966
4905 4906
4905 4966
4905 4967
4906 4966
4906 4967
4906 4968
4907 4908
4907 4968
4907 4969
4907 4970
4908 4909
4908 4969
4908 4970
4909 4910
4909 4970
4909 4971
4910 4911
4910 4971
4910 4972
4911 4912
4911 4971
4911 4972
4912 4972
4912 4973
4913 4914
4913 4976
4913 4977
4913 4978
4914 4977
4914 4978
4914 4979
4915 4916
4915 4980
4915 4981
4915 4982
4916 4917
4916 4981
4916 4982
4916 4983
4917 4918
4917 4982
4917 4983
4917 4984
4918 4983
4918 4984
4918 4985
4919 4920
4919 4985
4919 4986
4920 4921
4920 4986
4921 4922
4921 4987
4922 4987
4923 4924
4923 4988
4923 4989
4923 4990
4924 4925
4924 4989
4924 4990
4924 4991
4925 4990
4925 4991
4925 4992
4926 4927
4926 4992
4926 4993
4926 4994
4927 4993
4927 4994
4928 4929
4928 4995
4928 4996
4929 4930
4929 4996
4929 4997
4930 4931
4930 4996
4930 4997
4930 4998
4931 4932
4931 4997
4931 4998
4931 4999
4932 4998
4932 4999
4932 5000
4933 4934
4933 5001
4933 5002
4933 5003
4934 5002
4934 5003
4934 5004
4935 5005
4935 5006
4935 5007
4936 5007
4936 5008
4936 5009
4937 5009
4937 5010
4937 5011
4938 4939
4938 5011
4938 5012
4938 5013
4939 4940
4939 5012
4939 5013
4939 5014
4940 5013
4940 5014
4940 5015
4941 4942
4941 5016
4942 4943
4942 5017
4943 4944
4943 5017
4943 5018
4944 4945
4944 5017
4944 5018
4945 4946
4945 5018
4945 5019
4946 4947
4946 5019
4946 5020
4947 4948
4947 5019
4947 5020
4947 5021
4948 5020
4948 5021
4949 4950
4949 5022
4949 5023
4950 5022
4950 5023
4950 5024
4951 4952
4951 5024
4951 5025
4951 5026
4952 5025
4952 5026
4953 4954
4953 5027
4953 5028
4954 4955
4954 5027
4954 5028
4955 4956
4955 5028
4956 5029
4957 5029
4957 5030
4957 5031
4958 4959
4958 5032
4958 5033
4958 5034
4959 4960
4959 5033
4959 5034
4959 5035
4960 4961
4960 5034
4960 5035
4960 5036
4961 4962
4961 5035
4961 5036
4962 4963
4962 5036
4962 5037
4963 5037
4964 4965
4964 5038
4964 5039
4965 5038
4965 5039
4965 5040
4966 4967
4966 5040
4966 5041
4966 5042
4967 4968
4967 5041
4967 5042
4967 5043
4968 4969
4968 5042
4968 5043
4968 5044
4969 4970
4969 5043
4969 5044
4969 5045
4970 5044
4970 5045
4971 4972
4971 5046
4971 5047
4972 5046
4972 5047
4972 5048
4973 4974
4973 5048
4973 5049
4973 5050
4974 4975
4974 5049
4974 5050
4974 5051
4975 4976
4975 5050
4975 5051
4975 5052
4976 4977
4976 5051
4976 5052
4977 4978
4977 5052
4977 5053
4978 4979
4978 5053
4978 5054
4979 4980
4979 5053
4979 5054
4979 5055
4980 4981
4980 5054
4980 5055
4980 5056
4981 4982
4981 5055
4981 5056
4981 5057
4982 4983
4982 5056
4982 5057
4982 5058
4983 4984
4983 5057
4983 5058
4984 4985
4984 5058
4984 5059
4985 4986
4985 5059
4986 5059
4986 5060
4987 5061
4987 5062
4988 4989
4988 5062
4988 5063
4989 4990
4989 5063
4990 4991
4990 5063
4990 5064
4991 4992
4991 5064
4991 5065
4992 4993
4992 5064
4992 5065
4992 5066
4993 4994
4993 5065
4993 5066
4993 5067
4994 5066
4994 5067
4995 5068
4995 5069
4996 4997
4996 5069
4996 5070
4997 4998
4997 5070
4997 5071
4998 4999
4998 5070
4998 5071
4998 5072
4999 5000
4999 5071
4999 5072
4999 5073
5000 5001
5000 5072
5000 5073
5000 5074
5001 5002
5001 5073
5001 5074
5001 5075
5002 5003
5002 5074
5002 5075
5002 5076
5003 5004
5003 5075
5003 5076
5004 5005
5004 5076
5004 5077
5005 5006
5005 5077
5005 5078
5006 5007
5006 5077
5006 5078
5006 5079
5007 5008
5007 5078
5007 5079
5007 5080
5008 5009
5008 5079
5008 5080
5008 5081
5009 5010
5009 5080
5009 5081
5009 5082
5010 5011
5010 5081
5010 5082
5010 5083
5011 5012
5011 5082
5011 5083
5011 5084
5012 5013
5012 5083
5012 5084
5013 5014
5013 5084
5014 5015
5015 5016
5015 5085
5016 5085
5017 5018
5017 5086
5017 5087
5017 5088
5018 5087
5018 5088
5018 5089
5019 5020
5019 5089
5019 5090
5019 5091
5020 5021
5020 5090
5020 5091
5020 5092
5021 5091
5021 5092
5021 5093
5022 5023
5022 5093
5022 5094
5022 5095
5023 5024
5023 5094
5023 5095
5023 5096
5024 5025
5024 5095
5024 5096
5025 5026
5025 5096
5026 5097
5027 5028
5027 5097
5027 5098
5027 5099
5028 5098
5028 5099
5028 5100
5029 5030
5029 5101
5029 5102
5030 5031
5030 5102
5030 5103
5031 5032
5031 5102
5031 5103
5031 5104
5032 5033
5032 5103
5032 5104
5032 5105
5033 5034
5033 5104
5033 5105
5034 5035
5034 5105
5034 5106
5035 5036
5035 5106
5035 5107
5036 5106
5036 5107
5036 5108
5037 5108
5037 5109
5037 5110
5038 5039
5038 5110
5038 5111
5038 5112
5039 5040
5039 5111
5039 5112
5039 5113
5040 5041
5040 5112
5040 5113
5040 5114
5041 5042
5041 5113
5041 5114
5041 5115
5042 5043
5042 5114
5042 5115
5042 5116
5043 5044
5043 5115
5043 5116
5043 5117
5044 5045
5044 5116
5044 5117
5045 5117
5045 5118
5046 5047
5046 5118
5046 5119
5046 5120
5047 5048
5047 5119
5047 5120
5048 5049
5048 5120
5049 5050
5050 5051
5050 5121
5051 5052
5051 5121
5052 5121
5052 5122
5053 5054
5053 5122
5053 5123
5053 5124
5054 5055
5054 5123
5054 5124
5054 5125
5055 5056
5055 5124
5055 5125
5056 5057
5056 5125
5056 5126
5057 5058
5057 5126
5057 5127
5058 5126
5058 5127
5058 5128
5059 5128
5059 5129
5059 5130
5060 5130
5060 5131
5060 5132
5061 5062
5061 5132
5061 5133
5061 5134
5062 5133
5062 5134
5062 5135
5063 5135
5064 5065
5064 5136
5065 5066
5065 5136
5066 5067
5066 5136
5066 5137
5067 5137
5068 5069
5068 5138
5068 5139
5069 5138
5069 5139
5069 5140
5070 5071
5070 5140
5070 5141
5070 5142
5071 5072
5071 5141
5071 5142
5072 5073
5072 5142
5072 5143
5073 5074
5073 5143
5073 5144
5074 5075
5074 5143
5074 5144
5074 5145
5075 5076
5075 5144
5075 5145
5075 5146
5076 5145
5076 5146
5077 5078
5077 5147
5078 5079
5078 5147
5078 5148
5079 5080
5079 5148
5079 5149
5080 5081
5080 5148
5080 5149
5080 5150
5081 5082
5081 5149
5081 5150
5081 5151
5082 5083
5082 5150
5082 5151
5082 5152
5083 5084
5083 5151
5083 5152
5083 5153
5084 5152
5084 5153
5085 5155
5085 5156
5085 5157
5086 5087
5086 5157
5086 5158
5086 5159
5087 5088
5087 5158
5087 5159
5087 5160
5088 5089
5088 5159
5088 5160
5088 5161
5089 5090
5089 5160
5089 5161
5089 5162
5090 5091
5090 5161
5090 5162
5090 5163
5091 5092
5091 5162
5091 5163
5091 5164
5092 5093
5092 5163
5092 5164
5092 5165
5093 5094
5093 5164
5093 5165
5094 5095
5094 5165
5094 5166
5095 5096
5095 5166
5095 5167
5096 5166
5096 5167
5096 5168
5097 5098
5097 5169
5097 5170
5097 5171
5098 5099
5098 5170
5098 5171
5098 5172
5099 5100
5099 5171
5099 5172
5099 5173
5100 5101
5100 5172
5100 5173
5101 5173
5101 5174
5102 5103
5102 5174
5102 5175
5102 5176
5103 5104
5103 5175
5103 5176
5103 5177
5104 5105
5104 5176
5104 5177
5104 5178
5105 5177
5105 5178
5106 5107
5106 5179
5106 5180
5107 5108
5107 5179
5107 5180
5107 5181
5108 5109
5108 5180
5108 5181
5108 5182
5109 5110
5109 5181
5109 5182
5109 5183
5110 5111
5110 5182
5110 5183
5110 5184
5111 5112
5111 5183
5111 5184
5111 5185
5112 5113
5112 5184
5112 5185
5112 5186
5113 5114
5113 5185
5113 5186
5113 5187
5114 5115
5114 5186
5114 5187
5114 5188
5115 5116
5115 5187
5115 5188
5115 5189
5116 5117
5116 5188
5116 5189
5116 5190
5117 5189
5117 5190
5118 5119
5118 5191
5118 5192
5119 5120
5119 5191
5119 5192
5119 5193
5120 5192
5120 5193
5120 5194
5121 5196
5121 5197
5122 5123
5122 5198
5122 5199
5123 5124
5123 5198
5123 5199
5123 5200
5124 5125
5124 5199
5124 5200
5124 5201
5125 5200
5125 5201
5125 5202
5126 5127
5126 5202
5126 5203
5127 5128
5127 5203
5128 5129
5129 5130
5129 5204
5130 5131
5130 5204
5130 5205
5131 5132
5131 5204
5131 5205
5131 5206
5132 5133
5132 5205
5132 5206
5132 5207
5133 5134
5133 5206
5133 5207
5133 5208
5134 5135
5134 5207
5134 5208
5134 5209
5135 5208
5135 5209
5135 5210
5136 5212
5136 5213
5137 5213
5137 5214
5138 5139
5139 5140
5139 5215
5140 5141
5140 5215
5140 5216
5141 5142
5141 5215
5141 5216
5141 5217
5142 5216
5142 5217
5142 5218
5143 5144
5143 5218
5143 5219
5144 5145
5144 5219
5144 5220
5145 5146
5145 5220
5145 5221
5146 5220
5146 5221
5147 5222
5148 5149
5148 5223
5148 5224
5149 5150
5149 5223
5149 5224
5150 5151
5150 5224
5150 5225
5151 5152
5151 5225
5151 5226
5152 5153
5152 5225
5152 5226
5152 5227
5153 5226
5153 5227
5153 5228
5154 5155
5154 5228
5155 5156
5155 5229
5156 5157
5156 5229
5156 5230
5157 5158
5157 5229
5157 5230
5158 5159
5158 5230
5158 5231
5159 5160
5159 5231
5159 5232
5160 5161
5160 5231
5160 5232
5160 5233
5161 5162
5161 5232
5161 5233
5161 5234
5162 5163
5162 5233
5162 5234
5163 5164
5163 5234
5164 5165
5164 5235
5165 5235
5165 5236
5166 5167
5166 5236
5166 5237
5167 5168
5167 5237
5167 5238
5168 5169
5168 5238
5168 5239
5169 5170
5169 5238
5169 5239
5170 5171
5170 5239
5170 5240
5171 5172
5171 5240
5171 5241
5172 5173
5172 5240
5172 5241
5172 5242
5173 5241
5173 5242
5173 5243
5174 5175
5174 5243
5174 5244
5174 5245
5175 5176
5175 5244
5175 5245
5175 5246
5176 5177
5176 5245
5176 5246
5177 5178
5177 5246
5177 5247
5178 5247
5179 5180
5179 5248
5179 5249
5180 5181
5180 5248
5180 5249
5181 5182
5181 5249
5182 5183
5182 5250
5183 5184
5183 5250
5183 5251
5184 5185
5184 5250
5184 5251
5185 5186
5185 5251
5185 5252
5186 5187
5186 5252
5186 5253
5187 5188
5187 5252
5187 5253
5187 5254
5188 5189
5188 5253
5188 5254
5188 5255
5189 5190
5189 5254
5189 5255
5189 5256
5190 5255
5190 5256
5191 5192
5191 5257
5191 5258
5192 5193
5192 5257
5192 5258
5193 5194
5193 5258
5193 5259
5194 5195
5194 5259
5194 5260
5195 5196
5195 5259
5195 5260
5195 5261
5196 5197
5196 5260
5196 5261
5196 5262
5197 5261
5197 5262
5197 5263
5198 5199
5198 5263
5198 5264
5198 5265
5199 5200
5199 5264
5199 5265
5199 5266
5200 5201
5200 5265
5200 5266
5200 5267
5201 5202
5201 5266
5201 5267
5201 5268
5202 5203
5202 5267
5202 5268
5202 5269
5203 5268
5203 5269
5203 5270
5204 5205
5204 5272
5204 5273
5204 5274
5205 5206
5205 5273
5205 5274
5205 5275
5206 5207
5206 5274
5206 5275
5206 5276
5207 5208
5207 5275
5207 5276
5207 5277
5208 5209
5208 5276
5208 5277
5208 5278
5209 5210
5209 5277
5209 5278
5209 5279
5210 5211
5210 5278
5210 5279
5210 5280
5211 5279
5211 5280
5211 5281
5212 5213
5212 5281
5212 5282
5212 5283
5213 5214
5213 5282
5213 5283
5213 5284
5214 5283
5214 5284
5215 5216
5215 5286
5215 5287
5216 5217
5216 5287
5216 5288
5217 5218
5217 5288
5218 5219
5218 5288
5218 5289
5219 5289
5219 5290
5220 5221
5220 5290
5220 5291
5220 5292
5221 5291
5221 5292
5221 5293
5222 5293
5222 5294
5222 5295
5223 5224
5223 5295
5223 5296
5223 5297
5224 5296
5224 5297
5225 5226
5225 5298
5225 5299
5226 5227
5226 5298
5226 5299
5227 5228
5227 5299
5228 5300
5229 5230
5229 5301
5229 5302
5230 5301
5230 5302
5231 5232
5231 5303
5231 5304
5232 5233
5232 5303
5232 5304
5232 5305
5233 5234
5233 5304
5233 5305
5234 5305
5234 5306
5235 5236
5235 5307
5235 5308
5235 5309
5236 5237
5236 5308
5236 5309
5236 5310
5237 5309
5237 5310
5237 5311
5238 5239
5238 5311
5238 5312
5238 5313
5239 5312
5239 5313
5240 5241
5240 5314
5240 5315
5241 5242
5241 5314
5241 5315
5242 5243
5242 5315
5243 5244
5243 5316
5244 5245
5244 5316
5245 5246
5245 5316
5245 5317
5246 5317
5246 5318
5247 5318
5248 5249
5248 5319
5249 5319
5249 5320
5250 5251
5250 5321
5250 5322
5250 5323
5251 5322
5251 5323
5251 5324
5252 5253
5252 5324
5252 5325
5253 5254
5253 5325
5253 5326
5254 5255
5254 5325
5254 5326
5255 5256
5255 5326
5255 5327
5256 5327
5257 5258
5257 5328
5257 5329
5258 5328
5258 5329
5258 5330
5259 5260
5259 5330
5259 5331
5259 5332
5260 5261
5260 5331
5260 5332
5260 5333
5261 5262
5261 5332
5261 5333
5262 5263
5262 5333
5263 5264
5263 5334
5264 5265
5264 5334
5264 5335
5265 5266
5265 5334
5265 5335
5265 5336
5266 5267
5266 5335
5266 5336
5266 5337
5267 5268
5267 5336
5267 5337
5267 5338
5268 5269
5268 5337
5268 5338
5268 5339
5269 5270
5269 5338
5269 5339
5269 5340
5270 5271
5270 5339
5270 5340
5271 5272
5271 5340
5271 5341
5272 5273
5272 5341
5272 5342
5273 5274
5273 5341
5273 5342
5273 5343
5274 5275
5274 5342
5274 5343
5274 5344
5275 5276
5275 5343
5275 5344
5275 5345
5276 5277
5276 5344
5276 5345
5277 5278
5277 5345
5277 5346
5278 5279
5278 5346
5279 5280
5279 5346
5279 5347
5280 5281
5280 5347
5280 5348
5281 5282
5281 5347
5281 5348
5281 5349
5282 5283
5282 5348
5282 5349
5282 5350
5283 5284
5283 5349
5283 5350
5283 5351
5284 5350
5284 5351
5285 5286
5285 5352
5286 5287
5286 5352
5286 5353
5287 5353
5288 5354
5289 5290
5289 5354
5289 5355
5290 5291
5290 5355
5290 5356
5291 5292
5291 5356
5291 5357
5292 5293
5292 5356
5292 5357
5293 5294
5293 5357
5293 5358
5294 5295
5294 5358
5294 5359
5295 5296
5295 5358
5295 5359
5296 5297
5296 5359
5296 5360
5297 5360
5297 5361
5298 5299
5298 5361
5298 5362
5298 5363
5299 5362
5299 5363
5299 5364
5300 5365
5300 5366
5300 5367
5301 5302
5301 5367
5301 5368
5301 5369
5302 5368
5302 5369
5303 5304
5303 5370
5303 5371
5304 5305
5304 5370
5304 5371
5304 5372
5305 5371
5305 5372
5305 5373
5306 5307
5306 5373
5306 5374
5306 5375
5307 5308
5307 5374
5307 5375
5308 5309
5308 5375
5308 5376
5309 5310
5309 5376
5309 5377
5310 5311
5310 5376
5310 5377
5311 5312
5311 5377
5312 5313
5312 5378
5313 5378
5313 5379
5314 5315
5314 5379
5314 5380
5315 5380
5315 5381
5316 5382
5316 5383
5317 5318
5317 5383
5317 5384
5317 5385
5318 5384
5318 5385
5318 5386
5319 5320
5319 5388
5319 5389
5319 5390
5320 5321
5320 5389
5320 5390
5320 5391
5321 5322
5321 5390
5321 5391
5322 5323
5322 5391
5322 5392
5323 5324
5323 5392
5324 5392
5324 5393
5325 5326
5325 5393
5325 5394
5325 5395
5326 5394
5326 5395
5326 5396
5327 5396
5327 5397
5328 5329
5328 5397
5328 5398
5329 5330
5329 5398
5329 5399
5330 5331
5330 5398
5330 5399
5330 5400
5331 5332
5331 5399
5331 5400
5332 5333
5332 5400
5333 5401
5334 5335
5334 5402
5334 5403
5335 5336
5335 5403
5335 5404
5336 5337
5336 5403
5336 5404
5336 5405
5337 5338
5337 5404
5337 5405
5337 5406
5338 5339
5338 5405
5338 5406
5338 5407
5339 5340
5339 5406
5339 5407
5340 5407
5340 5408
5341 5342
5341 5408
5341 5409
5341 5410
5342 5343
5342 5409
5342 5410
5342 5411
5343 5344
5343 5410
5343 5411
5343 5412
5344 5345
5344 5411
5344 5412
5344 5413
5345 5412
5345 5413
5346 5414
5346 5415
5347 5348
5347 5415
5347 5416
5347 5417
5348 5349
5348 5416
5348 5417
5348 5418
5349 5350
5349 5417
5349 5418
5349 5419
5350 5351
5350 5418
5350 5419
5350 5420
5351 5419
5351 5420
5354 5355
5354 5421
5354 5422
5354 5423
5355 5422
5355 5423
5355 5424
5356 5357
5356 5424
5356 5425
5356 5426
5357 5425
5357 5426
5357 5427
5358 5359
5358 5427
5359 5428
5360 5361
5360 5428
5360 5429
5360 5430
5361 5362
5361 5429
5361 5430
5361 5431
5362 5363
5362 5430
5362 5431
5362 5432
5363 5364
5363 5431
5363 5432
5363 5433
5364 5365
5364 5432
5364 5433
5364 5434
5365 5366
5365 5433
5365 5434
5365 5435
5366 5367
5366 5434
5366 5435
5366 5436
5367 5368
5367 5435
5367 5436
5367 5437
5368 5369
5368 5436
5368 5437
5369 5437
5370 5371
5370 5438
5371 5372
5371 5438
5372 5373
5372 5438
5372 5439
5373 5374
5373 5439
5373 5440
5374 5375
5374 5439
5374 5440
5374 5441
5375 5440
5375 5441
5375 5442
5376 5377
5376 5442
5376 5443
5377 5443
5377 5444
5378 5379
5378 5445
5378 5446
5378 5447
5379 5446
5379 5447
5379 5448
5380 5381
5380 5448
5380 5449
5381 5449
5382 5383
5382 5450
5382 5451
5383 5384
5383 5450
5383 5451
5383 5452
5384 5385
5384 5451
5384 5452
5384 5453
5385 5386
5385 5452
5385 5453
5385 5454
5386 5387
5386 5453
5386 5454
5386 5455
5387 5388
5387 5454
5387 5455
5388 5389
5388 5455
5388 5456
5389 5390
5389 5456
5390 5391
5390 5456
5391 5457
5392 5457
5392 5458
5392 5459
5393 5394
5393 5459
5393 5460
5393 5461
5394 5395
5394 5460
5394 5461
5395 5396
5395 5461
5395 5462
5396 5462
5396 5463
5397 5463
5397 5464
5398 5399
5398 5464
5398 5465
5398 5466
5399 5400
5399 5465
5399 5466
5399 5467
5400 5466
5400 5467
5401 5402
5401 5468
5401 5469
5402 5468
5402 5469
5403 5404
5403 5470
5403 5471
5404 5405
5404 5470
5404 5471
5404 5472
5405 5406
5405 5471
5405 5472
5405 5473
5406 5407
5406 5472
5406 5473
5406 5474
5407 5473
5407 5474
5407 5475
5408 5409
5408 5475
5408 5476
5408 5477
5409 5410
5409 5476
5409 5477
5410 5411
5410 5477
5411 5412
5411 5478
5412 5413
5412 5478
5412 5479
5413 5478
5413 5479
5413 5480
5414 5415
5414 5480
5414 5481
5415 5416
5415 5481
5416 5417
5416 5481
5416 5482
5417 5418
5417 5482
5418 5419
5418 5482
5418 5483
5419 5420
5419 5483
5419 5484
5420 5483
5420 5484
5421 5422
5421 5486
5421 5487
5421 5488
5422 5423
5422 5487
5422 5488
5422 5489
5423 5424
5423 5488
5423 5489
5424 5425
5424 5489
5424 5490
5425 5426
5425 5490
5425 5491
5426 5427
5426 5490
5426 5491
5426 5492
5427 5491
5427 5492
5427 5493
5428 5429
5428 5494
5428 5495
5428 5496
5429 5430
5429 5495
5429 5496
5429 5497
5430 5431
5430 5496
5430 5497
5430 5498
5431 5432
5431 5497
5431 5498
5432 5433
5432 5498
5432 5499
5433 5434
5433 5499
5433 5500
5434 5435
5434 5499
5434 5500
5434 5501
5435 5436
5435 5500
5435 5501
5435 5502
5436 5437
5436 5501
5436 5502
5436 5503
5437 5502
5437 5503
5437 5504
5438 5506
5438 5507
5438 5508
5439 5440
5439 5508
5439 5509
5439 5510
5440 5441
5440 5509
5440 5510
5440 5511
5441 5442
5441 5510
5441 5511
5441 5512
5442 5443
5442 5511
5442 5512
5442 5513
5443 5512
5443 5513
5443 5514
5444 5445
5444 5514
5444 5515
5445 5446
5445 5515
5445 5516
5446 5447
5446 5516
5447 5448
5447 5516
5447 5517
5448 5517
5448 5518
5449 5518
5449 5519
5450 5451
5450 5519
5450 5520
5450 5521
5451 5452
5451 5520
5451 5521
5451 5522
5452 5453
5452 5521
5452 5522
5452 5523
5453 5454
5453 5522
5453 5523
5454 5455
5454 5523
5454 5524
5455 5524
5455 5525
5456 5525
5456 5526
5456 5527
5457 5458
5457 5528
5457 5529
5457 5530
5458 5459
5458 5529
5458 5530
5458 5531
5459 5460
5459 5530
5459 5531
5460 5461
5460 5531
5460 5532
5461 5532
5461 5533
5462 5463
5462 5533
5462 5534
5463 5534
5464 5465
5464 5535
5464 5536
5465 5466
5465 5535
5465 5536
5466 5467
5466 5536
5466 5537
5467 5537
5467 5538
5468 5469
5468 5539
5468 5540
5468 5541
5469 5540
5469 5541
5469 5542
5470 5471
5470 5542
5470 5543
5470 5544
5471 5472
5471 5543
5471 5544
5471 5545
5472 5473
5472 5544
5472 5545
5472 5546
5473 5474
5473 5545
5473 5546
5473 5547
5474 5475
5474 5546
5474 5547
5474 5548
5475 5476
5475 5547
5475 5548
5476 5477
5476 5548
5476 5549
5477 5549
5477 5550
5478 5479
5479 5480
5479 5551
5480 5551
5480 5552
5481 5552
5481 5553
5482 5554
5482 5555
5483 5484
5483 5555
5483 5556
5483 5557
5484 5556
5484 5557
5485 5558
5485 5559
5486 5487
5486 5560
5486 5561
5487 5488
5487 5560
5487 5561
5487 5562
5488 5489
5488 5561
5488 5562
5488 5563
5489 5562
5489 5563
5489 5564
5490 5491
5490 5564
5490 5565
5490 5566
5491 5492
5491 5565
5491 5566
5491 5567
5492 5493
5492 5566
5492 5567
5492 5568
5493 5494
5493 5567
5493 5568
5493 5569
5494 5495
5494 5568
5494 5569
5494 5570
5495 5496
5495 5569
5495 5570
5495 5571
5496 5497
5496 5570
5496 5571
5496 5572
5497 5498
5497 5571
5497 5572
5497 5573
5498 5572
5498 5573
5498 5574
5499 5500
5499 5574
5499 5575
5499 5576
5500 5501
5500 5575
5500 5576
5500 5577
5501 5502
5501 5576
5501 5577
5501 5578
5502 5503
5502 5577
5502 5578
5502 5579
5503 5504
5503 5578
5503 5579
5504 5505
5504 5579
5505 5506
5505 5580
5506 5507
5506 5580
5506 5581
5507 5508
5507 5580
5507 5581
5507 5582
5508 5509
5508 5581
5508 5582
5508 5583
5509 5510
5509 5582
5509 5583
5509 5584
5510 5511
5510 5583
5510 5584
5510 5585
5511 5512
5511 5584
5511 5585
5511 5586
5512 5513
5512 5585
5512 5586
5512 5587
5513 5514
5513 5586
5513 5587
5514 5515
5514 5587
5514 5588
5515 5588
5515 5589
5516 5589
5516 5590
5517 5518
5517 5591
5518 5591
5518 5592
5519 5520
5519 5592
5519 5593
5519 5594
5520 5521
5520 5593
5520 5594
5520 5595
5521 5522
5521 5594
5521 5595
5521 5596
5522 5523
5522 5595
5522 5596
5522 5597
5523 5596
5523 5597
5524 5525
5524 5598
5525 5526
5525 5598
5526 5527
5527 5528
5527 5599
5528 5529
5528 5599
5528 5600
5529 5530
5529 5599
5529 5600
5529 5601
5530 5531
5530 5600
5530 5601
5531 5601
5531 5602
5532 5533
5532 5602
5532 5603
5533 5534
5533 5603
5533 5604
5534 5603
5534 5604
5534 5605
5535 5536
5535 5606
5535 5607
5535 5608
5536 5607
5536 5608
5536 5609
5537 5538
5537 5609
5537 5610
5537 5611
5538 5539
5538 5610
5538 5611
5538 5612
5539 5540
5539 5611
5539 5612
5539 5613
5540 5541
5540 5612
5540 5613
5541 5542
5541 5613
5541 5614
5542 5543
5542 5614
5542 5615
5543 5544
5543 5614
5543 5615
5543 5616
5544 5545
5544 5615
5544 5616
5544 5617
5545 5546
5545 5616
5545 5617
5545 5618
5546 5547
5546 5617
5546 5618
5546 5619
5547 5548
5547 5618
5547 5619
5547 5620
5548 5619
5548 5620
5548 5621
5549 5550
5549 5621
5549 5622
5549 5623
5550 5622
5550 5623
5551 5552
5551 5625
5551 5626
5552 5553
5552 5626
5552 5627
5553 5627
5553 5628
5554 5555
5554 5628
5554 5629
5554 5630
5555 5556
5555 5629
5555 5630
5556 5557
5556 5630
5556 5631
5557 5631
5558 5559
5558 5632
5558 5633
5559 5632
5559 5633
5560 5561
5560 5634
5560 5635
5561 5562
5561 5634
5561 5635
5561 5636
5562 5563
5562 5635
5562 5636
5562 5637
5563 5564
5563 5636
5563 5637
5563 5638
5564 5565
5564 5637
5564 5638
5564 5639
5565 5566
5565 5638
5565 5639
5565 5640
5566 5567
5566 5639
5566 5640
5566 5641
5567 5568
5567 5640
5567 5641
5568 5569
5568 5641
5568 5642
5569 5570
5569 5642
5569 5643
5570 5571
5570 5642
5570 5643
5570 5644
5571 5572
5571 5643
5571 5644
5572 5573
5572 5644
5572 5645
5573 5574
5573 5645
5573 5646
5574 5575
5574 5645
5574 5646
5574 5647
5575 5576
5575 5646
5575 5647
5575 5648
5576 5577
5576 5647
5576 5648
5576 5649
5577 5578
5577 5648
5577 5649
5577 5650
5578 5579
5578 5649
5578 5650
5578 5651
5579 5650
5579 5651
5580 5581
5580 5652
5580 5653
5580 5654
5581 5582
5581 5653
5581 5654
5581 5655
5582 5583
5582 5654
5582 5655
5583 5584
5583 5655
5583 5656
5584 5585
5584 5656
5584 5657
5585 5586
5585 5656
5585 5657
5586 5587
5586 5657
5586 5658
5587 5658
5588 5589
5588 5659
5589 5590
5589 5659
5590 5660
5591 5660
5591 5661
5591 5662
5592 5593
5592 5662
5592 5663
5592 5664
5593 5594
5593 5663
5593 5664
5593 5665
5594 5595
5594 5664
5594 5665
5594 5666
5595 5596
5595 5665
5595 5666
5595 5667
5596 5597
5596 5666
5596 5667
5596 5668
5597 5667
5597 5668
5598 5669
5598 5670
5599 5600
5599 5672
5599 5673
5600 5601
5600 5673
5600 5674
5601 5674
5602 5675
5602 5676
5603 5604
5603 5676
5603 5677
5603 5678
5604 5605
5604 5677
5604 5678
5604 5679
5605 5606
5605 5678
5605 5679
5605 5680
5606 5607
5606 5679
5606 5680
5606 5681
5607 5608
5607 5680
5607 5681
5607 5682
5608 5609
5608 5681
5608 5682
5608 5683
5609 5610
5609 5682
5609 5683
5610 5611
5610 5683
5610 5684
5611 5612
5611 5684
5611 5685
5612 5613
5612 5684
5612 5685
5612 5686
5613 5685
5613 5686
5614 5615
5614 5687
5614 5688
5615 5616
5615 5687
5615 5688
5616 5617
5616 5688
5616 5689
5617 5618
5617 5689
5617 5690
5618 5619
5618 5689
5618 5690
5618 5691
5619 5620
5619 5690
5619 5691
5619 5692
5620 5621
5620 5691
5620 5692
5620 5693
5621 5622
5621 5692
5621 5693
5621 5694
5622 5623
5622 5693
5622 5694
5622 5695
5623 5694
5623 5695
5624 5625
5624 5696
5624 5697
5625 5626
5625 5696
5625 5697
5625 5698
5626 5697
5626 5698
5626 5699
5627 5628
5627 5699
5627 5700
5627 5701
5628 5629
5628 5700
5628 5701
5628 5702
5629 5630
5629 5701
5629 5702
5629 5703
5630 5702
5630 5703
5630 5704
5631 5704
5631 5705
5632 5633
5632 5706
5632 5707
5633 5706
5633 5707
5634 5635
5634 5708
5634 5709
5635 5636
5635 5708
5635 5709
5635 5710
5636 5637
5636 5709
5636 5710
5636 5711
5637 5638
5637 5710
5637 5711
5638 5639
5638 5711
5638 5712
5639 5640
5639 5712
5639 5713
5640 5641
5640 5712
5640 5713
5640 5714
5641 5713
5641 5714
5642 5643
5642 5715
5643 5644
5643 5715
5643 5716
5644 5715
5644 5716
5645 5646
5645 5717
5645 5718
5646 5647
5646 5717
5646 5718
5647 5648
5647 5718
5647 5719
5648 5649
5648 5719
5648 5720
5649 5650
5649 5719
5649 5720
5649 5721
5650 5651
5650 5720
5650 5721
5651 5721
5651 5722
5652 5653
5652 5722
5652 5723
5653 5654
5653 5723
5653 5724
5654 5655
5654 5724
5654 5725
5655 5724
5655 5725
5655 5726
5656 5657
5656 5726
5656 5727
5656 5728
5657 5727
5657 5728
5657 5729
5658 5729
5658 5730
5658 5731
5659 5731
5659 5732
5660 5661
5660 5733
5660 5734
5661 5662
5661 5734
5661 5735
5662 5663
5662 5735
5662 5736
5663 5664
5663 5735
5663 5736
5663 5737
5664 5665
5664 5736
5664 5737
5665 5666
5665 5737
5665 5738
5666 5667
5666 5738
5666 5739
5667 5668
5667 5738
5667 5739
5667 5740
5668 5739
5668 5740
5668 5741
5669 5670
5669 5741
5669 5742
5670 5671
5670 5742
5670 5743
5671 5672
5671 5742
5671 5743
5671 5744
5672 5673
5672 5743
5672 5744
5672 5745
5673 5744
5673 5745
5673 5746
5674 5746
5674 5747
5674 5748
5675 5676
5675 5748
5675 5749
5675 5750
5676 5677
5676 5749
5676 5750
5676 5751
5677 5678
5677 5750
5677 5751
5677 5752
5678 5679
5678 5751
5678 5752
5678 5753
5679 5680
5679 5752
5679 5753
5679 5754
5680 5681
5680 5753
5680 5754
5681 5682
5681 5754
5681 5755
5682 5683
5682 5755
5682 5756
5683 5755
5683 5756
5683 5757
5684 5685
5684 5757
5684 5758
5685 5686
5685 5758
5685 5759
5686 5759
5686 5760
5687 5688
5687 5760
5687 5761
5688 5761
5689 5690
5689 5762
5690 5691
5690 5762
5691 5692
5691 5763
5692 5693
5692 5763
5692 5764
5693 5694
5693 5763
5693 5764
5693 5765
5694 5695
5694 5764
5694 5765
5694 5766
5695 5765
5695 5766
5695 5767
5696 5697
5696 5767
5696 5768
5696 5769
5697 5698
5697 5768
5697 5769
5697 5770
5698 5699
5698 5769
5698 5770
5699 5700
5699 5770
5700 5701
5700 5771
5701 5702
5701 5771
5701 5772
5702 5703
5702 5771
5702 5772
5703 5704
5703 5772
5703 5773
5704 5705
5704 5773
5705 5773
5706 5707
5706 5774
5706 5775
5707 5774
5707 5775
5707 5776
5708 5709
5708 5776
5708 5777
5708 5778
5709 5710
5709 5777
5709 5778
5710 5711
5710 5778
5710 5779
5711 5779
5711 5780
5712 5713
5712 5780
5712 5781
5712 5782
5713 5714
5713 5781
5713 5782
5713 5783
5714 5782
5714 5783
5714 5784
5715 5716
5715 5785
5716 5785
5716 5786
5717 5718
5717 5786
5719 5720
5719 5787
5720 5721
5720 5787
5722 5723
5722 5788
5722 5789
5723 5788
5723 5789
5723 5790
5724 5725
5724 5790
5724 5791
5725 5726
5725 5791
5726 5727
5726 5792
5727 5728
5727 5792
5727 5793
5728 5729
5728 5792
5728 5793
5729 5730
5729 5793
5729 5794
5730 5731
5730 5794
5730 5795
5731 5732
5731 5794
5731 5795
5731 5796
5732 5795
5732 5796
5733 5734
5733 5797
5734 5797
5734 5798
5735 5736
5735 5798
5735 5799
5736 5737
5736 5799
5736 5800
5737 5799
5737 5800
5738 5739
5738 5801
5738 5802
5739 5740
5739 5801
5739 5802
5740 5741
5740 5802
5740 5803
5741 5803
5741 5804
5742 5743
5742 5804
5742 5805
5742 5806
5743 5744
5743 5805
5743 5806
5743 5807
5744 5745
5744 5806
5744 5807
5745 5746
5745 5807
5745 5808
5746 5747
5746 5808
5747 5748
5747 5808
5747 5809
5748 5749
5748 5809
5749 5750
5749 5809
5750 5751
5750 5810
5751 5752
5751 5810
5751 5811
5752 5753
5752 5810
5752 5811
5753 5754
5753 5811
5753 5812
5754 5812
5754 5813
5755 5756
5755 5813
5755 5814
5755 5815
5756 5757
5756 5814
5756 5815
5756 5816
5757 5758
5757 5815
5757 5816
5757 5817
5758 5816
5758 5817
5758 5818
5759 5760
5759 5818
5759 5819
5760 5819
5762 5820
5762 5821
5763 5764
5763 5822
5763 5823
5763 5824
5764 5765
5764 5823
5764 5824
5765 5766
5765 5824
5766 5767
5766 5825
5767 5768
5767 5825
5767 5826
5768 5769
5768 5825
5768 5826
5768 5827
5769 5770
5769 5826
5769 5827
5769 5828
5770 5827
5770 5828
5770 5829
5771 5772
5771 5830
5771 5831
5771 5832
5772 5831
5772 5832
5773 5833
5773 5834
5774 5775
5774 5835
5775 5776
5775 5835
5775 5836
5776 5777
5776 5835
5776 5836
5776 5837
5777 5778
5777 5836
5777 5837
5777 5838
5778 5837
5778 5838
5778 5839
5779 5780
5779 5839
5779 5840
5779 5841
5780 5781
5780 5840
5780 5841
5780 5842
5781 5782
5781 5841
5781 5842
5781 5843
5782 5783
5782 5842
5782 5843
5782 5844
5783 5784
5783 5843
5783 5844
5783 5845
5784 5844
5784 5845
5785 5786
5785 5846
5785 5847
5785 5848
5786 5847
5786 5848
5786 5849
5787 5851
5787 5852
5787 5853
5788 5789
5788 5854
5788 5855
5789 5790
5789 5855
5789 5856
5790 5791
5790 5856
5790 5857
5791 5856
5791 5857
5791 5858
5792 5793
5792 5859
5792 5860
5792 5861
5793 5860
5793 5861
5794 5795
5794 5862
5794 5863
5795 5796
5795 5862
5795 5863
5795 5864
5796 5863
5796 5864
5796 5865
5797 5865
5797 5866
5797 5867
5798 5867
5798 5868
5798 5869
5799 5800
5799 5869
5799 5870
5799 5871
5800 5870
5800 5871
5800 5872
5801 5802
5801 5872
5801 5873
5801 5874
5802 5873
5802 5874
5802 5875
5803 5804
5803 5875
5803 5876
5803 5877
5804 5805
5804 5876
5804 5877
5804 5878
5805 5806
5805 5877
5805 5878
5805 5879
5806 5807
5806 5878
5806 5879
5806 5880
5807 5879
5807 5880
5808 5881
5809 5881
5809 5882
5809 5883
5810 5811
5810 5884
5810 5885
5811 5885
5811 5886
5812 5813
5812 5886
5812 5887
5813 5814
5813 5887
5813 5888
5814 5815
5814 5887
5814 5888
5814 5889
5815 5816
5815 5888
5815 5889
5816 5817
5816 5889
5816 5890
5817 5818
5817 5890
5817 5891
5818 5890
5818 5891
5819 5892
5820 5821
5820 5894
5820 5895
5821 5822
5821 5895
5821 5896
5822 5823
5822 5895
5822 5896
5822 5897
5823 5824
5823 5896
5823 5897
5823 5898
5824 5897
5824 5898
5824 5899
5825 5826
5825 5900
5825 5901
5825 5902
5826 5827
5826 5901
5826 5902
5826 5903
5827 5828
5827 5902
5827 5903
5827 5904
5828 5829
5828 5903
5828 5904
5828 5905
5829 5830
5829 5904
5829 5905
5829 5906
5830 5831
5830 5905
5830 5906
5831 5832
5831 5906
5831 5907
5832 5907
5832 5908
5833 5834
5833 5908
5833 5909
5833 5910
5834 5909
5834 5910
5835 5836
5835 5911
5835 5912
5836 5837
5836 5912
5836 5913
5837 5838
5837 5913
5837 5914
5838 5839
5838 5913
5838 5914
5839 5840
5839 5914
5840 5841
5840 5915
5841 5842
5841 5915
5841 5916
5842 5843
5842 5915
5842 5916
5842 5917
5843 5844
5843 5916
5843 5917
5843 5918
5844 5845
5844 5917
5844 5918
5844 5919
5845 5918
5845 5919
5845 5920
5846 5847
5846 5920
5846 5921
5847 5848
5847 5921
5847 5922
5848 5849
5848 5921
5848 5922
5848 5923
5849 5850
5849 5922
5849 5923
5850 5851
5850 5923
5850 5924
5851 5852
5851 5924
5851 5925
5852 5853
5852 5924
5852 5925
5852 5926
5853 5925
5853 5926
5853 5927
5854 5855
5854 5927
5854 5928
5854 5929
5855 5928
5855 5929
5855 5930
5856 5857
5856 5930
5856 5931
5856 5932
5857 5858
5857 5931
5857 5932
5857 5933
5858 5859
5858 5932
5858 5933
5859 5860
5859 5933
5860 5861
5860 5934
5861 5934
5861 5935
5862 5863
5862 5935
5862 5936
5863 5864
5863 5936
5863 5937
5864 5865
5864 5937
5864 5938
5865 5866
5865 5937
5865 5938
5866 5867
5866 5938
5866 5939
5867 5868
5867 5939
5867 5940
5868 5869
5868 5939
5868 5940
5868 5941
5869 5870
5869 5940
5869 5941
5869 5942
5870 5871
5870 5941
5870 5942
5870 5943
5871 5872
5871 5942
5871 5943
5871 5944
5872 5873
5872 5943
5872 5944
5873 5874
5873 5944
5873 5945
5874 5875
5874 5945
5874 5946
5875 5876
5875 5945
5875 5946
5876 5877
5876 5946
5877 5878
5877 5947
5878 5879
5878 5947
5878 5948
5879 5880
5879 5947
5879 5948
5879 5949
5880 5948
5880 5949
5881 5882
5881 5950
5882 5883
5882 5950
5882 5951
5883 5884
5883 5950
5883 5951
5883 5952
5884 5951
5884 5952
5884 5953
5885 5886
5885 5953
5885 5954
5885 5955
5886 5954
5886 5955
5887 5888
5887 5956
5888 5889
5888 5956
5889 5956
5889 5957
5890 5891
5890 5957
5890 5958
5890 5959
5891 5958
5891 5959
5891 5960
5892 5893
5892 5961
5892 5962
5892 5963
5893 5894
5893 5962
5893 5963
5893 5964
5894 5963
5894 5964
5895 5896
5895 5965
5895 5966
5896 5897
5896 5965
5896 5966
5896 5967
5897 5898
5897 5966
5897 5967
5897 5968
5898 5899
5898 5967
5898 5968
5899 5900
5899 5968
5899 5969
5900 5901
5900 5969
5900 5970
5901 5902
5901 5969
5901 5970
5902 5903
5902 5970
5902 5971
5903 5904
5903 5971
5903 5972
5904 5905
5904 5971
5904 5972
5904 5973
5905 5906
5905 5972
5905 5973
5906 5973
5907 5908
5907 5974
5907 5975
5908 5909
5908 5974
5908 5975
5908 5976
5909 5910
5909 5975
5909 5976
5909 5977
5910 5976
5910 5977
5911 5912
5911 5978
5911 5979
5912 5978
5912 5979
5913 5914
5914 5980
5915 5916
5915 5981
5915 5982
5916 5917
5916 5982
5917 5918
5917 5982
5918 5919
5918 5983
5919 5920
5919 5983
5919 5984
5920 5983
5920 5984
5920 5985
5921 5922
5921 5985
5921 5986
5921 5987
5922 5923
5922 5986
5922 5987
5922 5988
5923 5987
5923 5988
5924 5925
5924 5989
5924 5990
5925 5926
5925 5989
5925 5990
5926 5927
5926 5990
5926 5991
5927 5928
5927 5991
5928 5929
5928 5991
5928 5992
5929 5930
5929 5992
5929 5993
5930 5931
5930 5992
5930 5993
5931 5932
5931 5993
5931 5994
5932 5933
5932 5994
5932 5995
5933 5994
5933 5995
5933 5996
5934 5935
5934 5997
5934 5998
5934 5999
5935 5936
5935 5998
5935 5999
5935 6000
5936 5999
5936 6000
5937 5938
5937 6001
5937 6002
5938 6001
5938 6002
5938 6003
5939 5940
5939 6003
5939 6004
5939 6005
5940 5941
5940 6004
5940 6005
5940 6006
5941 5942
5941 6005
5941 6006
5942 5943
5942 6006
5942 6007
5943 5944
5943 6007
5944 6007
5944 6008
5945 5946
5945 6008
5945 6009
5945 6010
5946 6009
5946 6010
5947 5948
5947 6011
5947 6012
5947 6013
5948 5949
5948 6012
5948 6013
5949 6013
5949 6014
5950 5951
5950 6016
5950 6017
5951 5952
5951 6016
5951 6017
5951 6018
5952 5953
5952 6017
5952 6018
5952 6019
5953 5954
5953 6018
5953 6019
5954 5955
5954 6019
5956 6020
5956 6021
5956 6022
5957 5958
5957 6022
5957 6023
5957 6024
5958 5959
5958 6023
5958 6024
5958 6025
5959 5960
5959 6024
5959 6025
5959 6026
5960 5961
5960 6025
5960 6026
5960 6027
5961 5962
5961 6026
5961 6027
5962 5963
5962 6027
5963 5964
5963 6028
5964 6028
5964 6029
5965 5966
5965 6029
5965 6030
5966 5967
5966 6030
5966 6031
5967 5968
5967 6031
5967 6032
5968 6031
5968 6032
5968 6033
5969 5970
5969 6033
5969 6034
5969 6035
5970 6034
5970 6035
5970 6036
5971 5972
5971 6036
5971 6037
5971 6038
5972 5973
5972 6037
5972 6038
5972 6039
5973 6038
5973 6039
5974 5975
5974 6040
5974 6041
5975 5976
5975 6041
5975 6042
5976 5977
5976 6042
5976 6043
5977 6042
5977 6043
5978 5979
5978 6044
5979 6044
5980 5981
5980 6045
5980 6046
5981 6046
5981 6047
5982 6047
5982 6048
5982 6049
5983 5984
5983 6050
5983 6051
5983 6052
5984 5985
5984 6051
5984 6052
5985 5986
5985 6052
5986 5987
5986 6053
5987 5988
5987 6053
5987 6054
5988 6053
5988 6054
5988 6055
5989 5990
5989 6055
5990 6056
5991 6056
5991 6057
5991 6058
5992 5993
5992 6058
5992 6059
5992 6060
5993 6059
5993 6060
5993 6061
5994 5995
5994 6061
5994 6062
5994 6063
5995 5996
5995 6062
5995 6063
5995 6064
5996 5997
5996 6063
5996 6064
5996 6065
5997 5998
5997 6064
5997 6065
5997 6066
5998 5999
5998 6065
5998 6066
5998 6067
5999 6000
5999 6066
5999 6067
5999 6068
6000 6067
6000 6068
6001 6002
6001 6069
6001 6070
6002 6003
6002 6069
6002 6070
6002 6071
6003 6004
6003 6070
6003 6071
6003 6072
6004 6005
6004 6071
6004 6072
6004 6073
6005 6006
6005 6072
6005 6073
6005 6074
6006 6073
6006 6074
6006 6075
6007 6075
6007 6076
6007 6077
6008 6009
6008 6077
6008 6078
6008 6079
6009 6010
6009 6078
6009 6079
6009 6080
6010 6079
6010 6080
6010 6081
6011 6012
6011 6081
6011 6082
6011 6083
6012 6013
6012 6082
6012 6083
6012 6084
6013 6083
6013 6084
6013 6085
6014 6015
6014 6085
6015 6086
6016 6017
6016 6086
6016 6087
6017 6018
6017 6087
6017 6088
6018 6019
6018 6088
6018 6089
6019 6088
6019 6089
6020 6021
6020 6091
6020 6092
6020 6093
6021 6022
6021 6092
6021 6093
6021 6094
6022 6023
6022 6093
6022 6094
6022 6095
6023 6024
6023 6094
6023 6095
6023 6096
6024 6025
6024 6095
6024 6096
6024 6097
6025 6026
6025 6096
6025 6097
6026 6027
6026 6097
6026 6098
6027 6098
6027 6099
6028 6029
6028 6100
6028 6101
6029 6030
6029 6101
6029 6102
6030 6101
6030 6102
6030 6103
6031 6032
6031 6103
6031 6104
6032 6033
6032 6104
6033 6034
6033 6104
6033 6105
6034 6035
6034 6105
6034 6106
6035 6036
6035 6105
6035 6106
6036 6037
6036 6106
6036 6107
6037 6038
6037 6107
6037 6108
6038 6039
6038 6107
6038 6108
6038 6109
6039 6108
6039 6109
6039 6110
6040 6041
6040 6110
6040 6111
6041 6111
6041 6112
6042 6043
6042 6112
6042 6113
6042 6114
6043 6113
6043 6114
6044 6115
6045 6046
6045 6117
6045 6118
6046 6118
6047 6048
6047 6119
6048 6049
6048 6119
6048 6120
6049 6050
6049 6120
6050 6051
6050 6120
6050 6121
6051 6052
6051 6121
6052 6121
6052 6122
6053 6054
6053 6123
6053 6124
6054 6055
6054 6123
6054 6124
6054 6125
6055 6124
6055 6125
6056 6057
6056 6126
6056 6127
6057 6058
6057 6126
6057 6127
6057 6128
6058 6059
6058 6127
6058 6128
6058 6129
6059 6060
6059 6128
6059 6129
6059 6130
6060 6061
6060 6129
6060 6130
6061 6062
6061 6130
6061 6131
6062 6063
6062 6131
6062 6132
6063 6064
6063 6131
6063 6132
6063 6133
6064 6065
6064 6132
6064 6133
6064 6134
6065 6066
6065 6133
6065 6134
6065 6135
6066 6067
6066 6134
6066 6135
6066 6136
6067 6068
6067 6135
6067 6136
6067 6137
6068 6136
6068 6137
6068 6138
6069 6070
6069 6138
6069 6139
6069 6140
6070 6071
6070 6139
6070 6140
6070 6141
6071 6072
6071 6140
6071 6141
6071 6142
6072 6073
6072 6141
6072 6142
6072 6143
6073 6074
6073 6142
6073 6143
6073 6144
6074 6075
6074 6143
6074 6144
6074 6145
6075 6076
6075 6144
6075 6145
6075 6146
6076 6077
6076 6145
6076 6146
6076 6147
6077 6078
6077 6146
6077 6147
6077 6148
6078 6079
6078 6147
6078 6148
6078 6149
6079 6080
6079 6148
6079 6149
6080 6081
6080 6149
6080 6150
6081 6082
6081 6150
6081 6151
6082 6083
6082 6150
6082 6151
6082 6152
6083 6084
6083 6151
6083 6152
6084 6085
6084 6152
6084 6153
6085 6153
6085 6154
6086 6087
6086 6155
6086 6156
6087 6156
6087 6157
6088 6089
6088 6157
6088 6158
6088 6159
6089 6158
6089 6159
6090 6091
6090 6160
6091 6092
6091 6160
6092 6093
6092 6161
6093 6094
6093 6161
6094 6095
6094 6161
6094 6162
6095 6096
6095 6162
6095 6163
6096 6097
6096 6162
6096 6163
6096 6164
6097 6163
6097 6164
6097 6165
6098 6099
6098 6165
6098 6166
6099 6100
6099 6166
6099 6167
6100 6166
6100 6167
6100 6168
6101 6102
6101 6168
6101 6169
6101 6170
6102 6103
6102 6169
6102 6170
6103 6170
6103 6171
6104 6171
6104 6172
6104 6173
6105 6106
6105 6173
6105 6174
6105 6175
6106 6174
6106 6175
6106 6176
6107 6108
6107 6176
6107 6177
6107 6178
6108 6109
6108 6177
6108 6178
6108 6179
6109 6110
6109 6178
6109 6179
6109 6180
6110 6111
6110 6179
6110 6180
6110 6181
6111 6180
6111 6181
6111 6182
6112 6113
6112 6182
6112 6183
6112 6184
6113 6114
6113 6183
6113 6184
6113 6185
6114 6184
6114 6185
6115 6186
6115 6187
6116 6117
6116 6187
6116 6188
6116 6189
6117 6188
6117 6189
6117 6190
6118 6190
6118 6191
6119 6192
6119 6193
6120 6193
6120 6194
6121 6195
6122 6195
6123 6124
6123 6196
6123 6197
6124 6125
6124 6196
6124 6197
6124 6198
6125 6197
6125 6198
6125 6199
6126 6127
6126 6200
6126 6201
6127 6128
6127 6201
6127 6202
6128 6129
6128 6201
6128 6202
6128 6203
6129 6130
6129 6202
6129 6203
6129 6204
6130 6203
6130 6204
6130 6205
6131 6132
6131 6205
6131 6206
6131 6207
6132 6133
6132 6206
6132 6207
6132 6208
6133 6134
6133 6207
6133 6208
6133 6209
6134 6135
6134 6208
6134 6209
6134 6210
6135 6136
6135 6209
6135 6210
6135 6211
6136 6137
6136 6210
6136 6211
6136 6212
6137 6138
6137 6211
6137 6212
6137 6213
6138 6139
6138 6212
6138 6213
6138 6214
6139 6140
6139 6213
6139 6214
6139 6215
6140 6141
6140 6214
6140 6215
6140 6216
6141 6142
6141 6215
6141 6216
6142 6143
6142 6216
6143 6144
6143 6217
6144 6145
6144 6217
6144 6218
6145 6146
6145 6217
6145 6218
6145 6219
6146 6147
6146 6218
6146 6219
6146 6220
6147 6148
6147 6219
6147 6220
6147 6221
6148 6149
6148 6220
6148 6221
6148 6222
6149 6221
6149 6222
6149 6223
6150 6151
6150 6223
6150 6224
6150 6225
6151 6152
6151 6224
6151 6225
6151 6226
6152 6225
6152 6226
6153 6154
6153 6227
6153 6228
6154 6155
6154 6227
6154 6228
6155 6156
6155 6228
6155 6229
6156 6229
6156 6230
6157 6158
6157 6230
6157 6231
6157 6232
6158 6159
6158 6231
6158 6232
6158 6233
6159 6232
6159 6233
6159 6234
6160 6234
6160 6235
6160 6236
6161 6237
6161 6238
6162 6163
6162 6238
6162 6239
6162 6240
6163 6164
6163 6239
6163 6240
6163 6241
6164 6165
6164 6240
6164 6241
6165 6241
6165 6242
6166 6167
6166 6242
6166 6243
6166 6244
6167 6168
6167 6243
6167 6244
6167 6245
6168 6169
6168 6244
6168 6245
6168 6246
6169 6170
6169 6245
6169 6246
6169 6247
6170 6246
6170 6247
6171 6172
6171 6248
6172 6173
6172 6248
6172 6249
6173 6174
6173 6248
6173 6249
6173 6250
6174 6175
6174 6249
6174 6250
6175 6176
6175 6250
6175 6251
6176 6177
6176 6251
6176 6252
6177 6178
6177 6251
6177 6252
6177 6253
6178 6179
6178 6252
6178 6253
6178 6254
6179 6180
6179 6253
6179 6254
6180 6181
6180 6254
6181 6182
6181 6255
6182 6183
6182 6255
6182 6256
6183 6184
6183 6255
6183 6256
6183 6257
6184 6185
6184 6256
6184 6257
6185 6257
6186 6187
6186 6258
6186 6259
6187 6188
6187 6258
6187 6259
6187 6260
6188 6189
6188 6259
6188 6260
6188 6261
6189 6190
6189 6260
6189 6261
6189 6262
6190 6191
6190 6261
6190 6262
6190 6263
6191 6262
6191 6263
6191 6264
6192 6193
6192 6264
6192 6265
6192 6266
6193 6194
6193 6265
6193 6266
6193 6267
6194 6266
6194 6267
6194 6268
6195 6269
6196 6197
6196 6270
6196 6271
6196 6272
6197 6198
6197 6271
6197 6272
6197 6273
6198 6199
6198 6272
6198 6273
6198 6274
6199 6200
6199 6273
6199 6274
6199 6275
6200 6274
6200 6275
6200 6276
6201 6202
6201 6276
6201 6277
6201 6278
6202 6203
6202 6277
6202 6278
6202 6279
6203 6204
6203 6278
6203 6279
6203 6280
6204 6205
6204 6279
6204 6280
6204 6281
6205 6206
6205 6280
6205 6281
6205 6282
6206 6207
6206 6281
6206 6282
6206 6283
6207 6208
6207 6282
6207 6283
6207 6284
6208 6209
6208 6283
6208 6284
6209 6210
6209 6284
6209 6285
6210 6211
6210 6285
6210 6286
6211 6212
6211 6285
6211 6286
6212 6213
6212 6286
6212 6287
6213 6214
6213 6287
6213 6288
6214 6215
6214 6287
6214 6288
6214 6289
6215 6216
6215 6288
6215 6289
6215 6290
6216 6289
6216 6290
6216 6291
6217 6218
6217 6292
6217 6293
6218 6219
6218 6292
6218 6293
6218 6294
6219 6220
6219 6293
6219 6294
6219 6295
6220 6221
6220 6294
6220 6295
6220 6296
6221 6222
6221 6295
6221 6296
6221 6297
6222 6223
6222 6296
6222 6297
6222 6298
6223 6224
6223 6297
6223 6298
6223 6299
6224 6225
6224 6298
6224 6299
6225 6226
6225 6299
6225 6300
6226 6300
6226 6301
6227 6228
6227 6301
6227 6302
6227 6303
6228 6302
6228 6303
6228 6304
6229 6230
6229 6304
6229 6305
6229 6306
6230 6231
6230 6305
6230 6306
6230 6307
6231 6232
6231 6306
6231 6307
6231 6308
6232 6233
6232 6307
6232 6308
6232 6309
6233 6234
6233 6308
6233 6309
6233 6310
6234 6235
6234 6309
6234 6310
6235 6236
6235 6310
6236 6311
6237 6238
6237 6311
6237 6312
6237 6313
6238 6239
6238 6312
6238 6313
6238 6314
6239 6240
6239 6313
6239 6314
6239 6315
6240 6241
6240 6314
6240 6315
6240 6316
6241 6315
6241 6316
6242 6243
6242 6317
6243 6244
6243 6317
6244 6245
6244 6317
6245 6246
6245 6318
6246 6247
6246 6318
6246 6319
6247 6318
6247 6319
6248 6249
6248 6320
6248 6321
6249 6250
6249 6321
6249 6322
6250 6322
6250 6323
6251 6252
6251 6323
6251 6324
6251 6325
6252 6253
6252 6324
6252 6325
6253 6254
6253 6325
6253 6326
6254 6326
6254 6327
6255 6256
6255 6328
6255 6329
6255 6330
6256 6257
6256 6329
6256 6330
6256 6331
6257 6330
6257 6331
6257 6332
6258 6259
6258 6333
6258 6334
6259 6260
6259 6333
6259 6334
6259 6335
6260 6261
6260 6334
6260 6335
6261 6262
6261 6335
6261 6336
6262 6263
6262 6336
6262 6337
6263 6264
6263 6336
6263 6337
6263 6338
6264 6265
6264 6337
6264 6338
6265 6266
6265 6338
6266 6267
6266 6339
6267 6268
6267 6339
6267 6340
6268 6269
6268 6339
6268 6340
6269 6340
6269 6341
6270 6271
6270 6342
6270 6343
6270 6344
6271 6272
6271 6343
6271 6344
6271 6345
6272 6273
6272 6344
6272 6345
6272 6346
6273 6274
6273 6345
6273 6346
6273 6347
6274 6275
6274 6346
6274 6347
6274 6348
6275 6276
6275 6347
6275 6348
6275 6349
6276 6277
6276 6348
6276 6349
6276 6350
6277 6278
6277 6349
6277 6350
6277 6351
6278 6279
6278 6350
6278 6351
6279 6280
6279 6351
6279 6352
6280 6281
6280 6352
6281 6282
6281 6352
6281 6353
6282 6283
6282 6353
6282 6354
6283 6284
6283 6353
6283 6354
6283 6355
6284 6354
6284 6355
6284 6356
6285 6286
6285 6356
6285 6357
6285 6358
6286 6357
6286 6358
6286 6359
6287 6288
6287 6359
6287 6360
6287 6361
6288 6289
6288 6360
6288 6361
6289 6290
6289 6361
6289 6362
6290 6291
6290 6362
6290 6363
6291 6362
6291 6363
6291 6364
6292 6293
6292 6364
6292 6365
6292 6366
6293 6294
6293 6365
6293 6366
6293 6367
6294 6295
6294 6366
6294 6367
6294 6368
6295 6296
6295 6367
6295 6368
6296 6297
6296 6368
6297 6298
6297 6369
6298 6299
6298 6369
6299 6369
6299 6370
6300 6301
6300 6370
6300 6371
6301 6302
6301 6371
6301 6372
6302 6303
6302 6371
6302 6372
6303 6304
6303 6372
6303 6373
6304 6305
6304 6373
6304 6374
6305 6306
6305 6373
6305 6374
6306 6307
6306 6374
6306 6375
6307 6308
6307 6375
6307 6376
6308 6309
6308 6375
6308 6376
6308 6377
6309 6310
6309 6376
6309 6377
6309 6378
6310 6377
6310 6378
6310 6379
6311 6312
6311 6380
6311 6381
6312 6313
6312 6381
6312 6382
6313 6314
6313 6382
6313 6383
6314 6315
6314 6382
6314 6383
6314 6384
6315 6316
6315 6383
6315 6384
6315 6385
6316 6384
6316 6385
6317 6386
6317 6387
6317 6388
6318 6319
6318 6389
6318 6390
6319 6389
6319 6390
6319 6391
6320 6321
6320 6391
6320 6392
6320 6393
6321 6392
6321 6393
6321 6394
6322 6323
6322 6394
6322 6395
6323 6324
6323 6395
6323 6396
6324 6325
6324 6395
6324 6396
6325 6396
6326 6327
6326 6397
6326 6398
6327 6328
6327 6397
6327 6398
6327 6399
6328 6329
6328 6398
6328 6399
6328 6400
6329 6330
6329 6399
6329 6400
6329 6401
6330 6331
6330 6400
6330 6401
6330 6402
6331 6332
6331 6401
6331 6402
6331 6403
6332 6402
6332 6403
6333 6334
6333 6404
6333 6405
6334 6335
6334 6404
6334 6405
6334 6406
6335 6405
6335 6406
6336 6337
6336 6407
6337 6338
6337 6407
6338 6407
6338 6408
6339 6340
6339 6409
6339 6410
6340 6410
6340 6411
6341 6342
6341 6411
6341 6412
6341 6413
6342 6343
6342 6412
6342 6413
6342 6414
6343 6344
6343 6413
6343 6414
6344 6345
6344 6414
6345 6346
6345 6415
6346 6347
6346 6415
6346 6416
6347 6348
6347 6415
6347 6416
6347 6417
6348 6349
6348 6416
6348 6417
6348 6418
6349 6350
6349 6417
6349 6418
6349 6419
6350 6351
6350 6418
6350 6419
6350 6420
6351 6419
6351 6420
6351 6421
6352 6421
6352 6422
6352 6423
6353 6354
6353 6423
6353 6424
6354 6355
6354 6424
6355 6356
6355 6424
6356 6357
6356 6425
6357 6358
6357 6425
6357 6426
6358 6359
6358 6425
6358 6426
6358 6427
6359 6360
6359 6426
6359 6427
6360 6361
6360 6427
6360 6428
6361 6428
6361 6429
6362 6363
6362 6429
6362 6430
6362 6431
6363 6364
6363 6430
6363 6431
6363 6432
6364 6365
6364 6431
6364 6432
6365 6366
6365 6432
6365 6433
6366 6367
6366 6433
6366 6434
6367 6368
6367 6433
6367 6434
6367 6435
6368 6434
6368 6435
6368 6436
6369 6437
6369 6438
6369 6439
6370 6439
6370 6440
6370 6441
6371 6372
6371 6441
6371 6442
6371 6443
6372 6442
6372 6443
6372 6444
6373 6374
6373 6444
6373 6445
6373 6446
6374 6445
6374 6446
6375 6376
6375 6447
6375 6448
6376 6377
6376 6447
6376 6448
6376 6449
6377 6378
6377 6448
6377 6449
6377 6450
6378 6379
6378 6449
6378 6450
6378 6451
6379 6380
6379 6450
6379 6451
6379 6452
6380 6381
6380 6451
6380 6452
6380 6453
6381 6452
6381 6453
6381 6454
6382 6383
6382 6454
6382 6455
6382 6456
6383 6384
6383 6455
6383 6456
6383 6457
6384 6385
6384 6456
6384 6457
6384 6458
6385 6457
6385 6458
6385 6459
6386 6387
6386 6459
6386 6460
6386 6461
6387 6388
6387 6460
6387 6461
6387 6462
6388 6461
6388 6462
6388 6463
6389 6390
6389 6463
6389 6464
6389 6465
6390 6391
6390 6464
6390 6465
6391 6392
6391 6465
6391 6466
6392 6393
6392 6466
6392 6467
6393 6394
6393 6466
6393 6467
6393 6468
6394 6467
6394 6468
6394 6469
6395 6396
6395 6469
6395 6470
6396 6470
6396 6471
6397 6398
6397 6472
6397 6473
6397 6474
6398 6399
6398 6473
6398 6474
6398 6475
6399 6400
6399 6474
6399 6475
6399 6476
6400 6401
6400 6475
6400 6476
6400 6477
6401 6402
6401 6476
6401 6477
6401 6478
6402 6403
6402 6477
6402 6478
6402 6479
6403 6478
6403 6479
6404 6405
6405 6406
6408 6409
6409 6410
6411 6412
6412 6413
6413 6414
6415 6416
6416 6417
6417 6418
6418 6419
6419 6420
6420 6421
6421 6422
6422 6423
6425 6426
6426 6427
6428 6429
6429 6430
6430 6431
6431 6432
6433 6434
6434 6435
6435 6436
6436 6437
6437 6438
6438 6439
6439 6440
6440 6441
6441 6442
6442 6443
6443 6444
6444 6445
6445 6446
6447 6448
6448 6449
6449 6450
6450 6451
6451 6452
6452 6453
6453 6454
6454 6455
6455 6456
6456 6457
6457 6458
6458 6459
6459 6460
6460 6461
6461 6462
6462 6463
6463 6464
6464 6465
6466 6467
6467 6468
6468 6469
6469 6470
6471 6472
6472 6473
6473 6474
6474 6475
6475 6476
6476 6477
6477 6478
6478 6479
