# FromNodeId	ToNodeId
0 1
0 84
0 85
0 86
1 2
1 85
1 86
2 3
2 86
3 4
4 5
4 87
5 87
5 88
6 7
6 88
6 89
6 90
7 8
7 89
7 90
7 91
8 9
8 90
8 91
8 92
9 10
9 91
9 92
10 11
10 92
10 93
11 93
11 94
12 13
12 94
12 95
12 96
13 14
13 95
13 96
13 97
14 15
14 96
14 97
14 98
15 16
15 97
15 98
15 99
16 17
16 98
16 99
17 18
17 99
17 100
18 19
18 100
18 101
19 100
19 101
20 21
20 102
20 103
21 22
21 102
21 103
21 104
22 23
22 103
22 104
22 105
23 24
23 104
23 105
23 106
24 105
24 106
24 107
25 26
25 107
25 108
26 27
26 108
26 109
27 28
27 109
27 110
28 109
28 110
28 111
29 30
29 111
29 112
29 113
30 31
30 112
30 113
30 114
31 32
31 113
31 114
31 115
32 33
32 114
32 115
32 116
33 34
33 115
33 116
34 35
34 116
34 117
35 36
35 117
35 118
36 37
36 117
36 118
36 119
37 38
37 118
37 119
37 120
38 39
38 119
38 120
38 121
39 40
39 120
39 121
39 122
40 41
40 121
40 122
40 123
41 122
41 123
41 124
42 124
42 125
43 44
43 125
44 45
45 46
45 126
46 47
46 126
47 48
47 126
47 127
48 49
48 127
48 128
49 50
49 127
49 128
49 129
50 128
50 129
50 130
51 52
51 130
52 53
52 131
53 54
53 131
53 132
54 55
54 131
54 132
54 133
55 56
55 132
55 133
55 134
56 57
56 133
56 134
56 135
57 58
57 134
57 135
58 59
58 135
58 136
59 60
59 136
59 137
60 61
60 136
60 137
61 62
61 137
61 138
62 63
62 138
62 139
63 138
63 139
65 66
65 140
65 141
66 67
66 140
66 141
66 142
67 141
67 142
68 69
68 143
69 70
69 143
70 71
70 144
71 72
71 144
71 145
72 144
72 145
73 74
73 146
74 75
74 146
75 76
75 146
76 147
77 78
77 147
77 148
77 149
78 79
78 148
78 149
79 149
79 150
80 81
80 150
80 151
81 151
81 152
82 83
82 153
82 154
83 84
83 153
83 154
84 85
84 154
84 155
85 86
85 155
85 156
86 155
86 156
86 157
87 88
87 159
87 160
87 161
88 89
88 160
88 161
89 90
89 161
90 91
90 162
91 92
91 162
91 163
92 162
92 163
92 164
93 94
93 164
93 165
93 166
94 95
94 165
94 166
95 96
95 166
95 167
96 97
96 167
96 168
97 98
97 167
97 168
98 99
98 168
99 169
100 101
100 169
100 170
100 171
101 170
101 171
102 103
102 172
102 173
103 104
103 172
103 173
103 174
104 105
104 173
104 174
104 175
105 106
105 174
105 175
105 176
106 107
106 175
106 176
106 177
107 108
107 176
107 177
107 178
108 177
108 178
108 179
109 110
109 179
109 180
110 111
110 180
111 112
111 181
112 113
112 181
112 182
113 114
113 181
113 182
113 183
114 115
114 182
114 183
114 184
115 116
115 183
115 184
115 185
116 184
116 185
116 186
117 118
117 186
118 119
118 187
119 120
119 187
119 188
120 121
120 187
120 188
120 189
121 122
121 188
121 189
121 190
122 123
122 189
122 190
122 191
123 124
123 190
123 191
123 192
124 191
124 192
124 193
125 193
126 195
126 196
127 128
127 196
127 197
128 129
128 197
128 198
129 130
129 198
129 199
130 198
130 199
130 200
131 132
131 201
131 202
131 203
132 133
132 202
132 203
132 204
133 134
133 203
133 204
133 205
134 135
134 204
134 205
135 205
136 137
136 206
137 206
137 207
138 139
138 207
138 208
138 209
139 208
139 209
139 210
140 141
140 212
140 213
140 214
141 142
141 213
141 214
141 215
142 214
142 215
142 216
143 216
143 217
143 218
144 145
144 219
144 220
144 221
145 220
145 221
145 222
146 223
146 224
146 225
147 148
147 226
147 227
148 149
148 227
148 228
149 227
149 228
149 229
150 229
150 230
150 231
151 152
151 231
151 232
152 232
153 154
153 233
153 234
154 233
154 234
154 235
155 156
155 235
155 236
155 237
156 157
156 236
156 237
156 238
157 158
157 237
157 238
157 239
158 159
158 238
158 239
158 240
159 160
159 239
159 240
159 241
160 161
160 240
160 241
160 242
161 241
161 242
161 243
162 163
162 244
162 245
162 246
163 164
163 245
163 246
163 247
164 165
164 246
164 247
164 248
165 166
165 247
165 248
166 248
167 168
167 249
168 249
168 250
169 170
169 251
169 252
169 253
170 171
170 252
170 253
170 254
171 253
171 254
171 255
172 173
172 255
172 256
173 174
173 256
174 175
174 257
175 176
175 257
175 258
176 177
176 257
176 258
176 259
177 178
177 258
177 259
177 260
178 179
178 259
178 260
178 261
179 180
179 260
179 261
179 262
180 261
180 262
180 263
181 182
181 264
181 265
182 183
182 265
182 266
183 184
183 265
183 266
183 267
184 185
184 266
184 267
185 186
185 267
185 268
186 268
187 188
187 269
187 270
187 271
188 189
188 270
188 271
189 190
189 271
189 272
190 191
190 272
190 273
191 192
191 272
191 273
191 274
192 193
192 273
192 274
192 275
193 274
193 275
193 276
194 277
194 278
195 196
195 278
195 279
195 280
196 197
196 279
196 280
196 281
197 280
197 281
197 282
198 199
198 282
198 283
198 284
199 200
199 283
199 284
200 201
200 284
200 285
201 202
201 285
201 286
202 203
202 285
202 286
203 204
203 286
203 287
204 205
204 287
204 288
205 287
205 288
205 289
206 207
206 291
206 292
207 208
207 292
207 293
208 209
208 293
208 294
209 210
209 293
209 294
209 295
210 211
210 294
210 295
210 296
211 212
211 295
211 296
211 297
212 213
212 296
212 297
212 298
213 214
213 297
213 298
213 299
214 215
214 298
214 299
214 300
215 216
215 299
215 300
215 301
216 217
216 300
216 301
217 218
217 301
217 302
218 219
218 302
218 303
219 220
219 302
219 303
220 221
220 303
220 304
221 222
221 304
222 223
222 304
223 224
224 225
224 305
225 226
225 305
225 306
226 305
226 306
226 307
227 228
227 307
227 308
227 309
228 229
228 308
228 309
228 310
229 230
229 309
229 310
229 311
230 231
230 310
230 311
230 312
231 311
231 312
231 313
232 313
232 314
233 234
233 315
233 316
234 235
234 315
234 316
234 317
235 236
235 316
235 317
235 318
236 237
236 317
236 318
237 238
237 318
237 319
238 239
238 319
238 320
239 240
239 319
239 320
239 321
240 241
240 320
240 321
240 322
241 242
241 321
241 322
242 243
242 322
243 244
244 245
244 323
245 246
245 323
245 324
246 247
246 323
246 324
246 325
247 248
247 324
247 325
247 326
248 325
248 326
248 327
249 250
249 329
249 330
250 251
250 330
250 331
251 252
251 331
252 253
252 331
252 332
253 254
253 332
254 255
254 332
255 256
255 333
256 333
256 334
257 258
257 335
257 336
258 259
258 336
258 337
259 260
259 336
259 337
259 338
260 261
260 337
260 338
260 339
261 262
261 338
261 339
262 263
262 339
262 340
263 264
263 340
263 341
264 340
264 341
264 342
265 266
265 342
265 343
265 344
266 267
266 343
266 344
267 344
267 345
268 345
268 346
269 270
269 347
269 348
270 271
270 347
270 348
271 348
271 349
272 273
272 349
272 350
272 351
273 274
273 350
273 351
273 352
274 275
274 351
274 352
274 353
275 276
275 352
275 353
275 354
276 277
276 353
276 354
277 354
277 355
278 279
278 355
278 356
278 357
279 280
279 356
279 357
280 281
280 357
280 358
281 282
281 358
282 283
282 358
282 359
283 284
283 359
284 359
285 286
285 360
285 361
286 360
286 361
286 362
287 288
287 362
287 363
287 364
288 289
288 363
288 364
289 290
289 364
289 365
290 291
290 365
291 292
291 365
291 366
292 366
292 367
293 294
293 367
293 368
293 369
294 295
294 368
294 369
294 370
295 296
295 369
295 370
296 297
296 370
296 371
297 298
297 371
297 372
298 299
298 371
298 372
298 373
299 300
299 372
299 373
299 374
300 301
300 373
300 374
300 375
301 374
301 375
301 376
302 303
302 376
302 377
302 378
303 377
303 378
303 379
304 379
304 380
304 381
305 306
305 383
305 384
306 307
306 383
306 384
306 385
307 308
307 384
307 385
307 386
308 309
308 385
308 386
308 387
309 310
309 386
309 387
310 311
310 387
311 312
311 388
312 313
312 388
312 389
313 314
313 388
313 389
313 390
314 389
314 390
315 316
316 317
316 391
317 318
317 391
318 391
318 392
319 320
319 392
319 393
319 394
320 321
320 393
320 394
320 395
321 322
321 394
321 395
322 395
322 396
323 324
323 398
323 399
323 400
324 325
324 399
324 400
324 401
325 326
325 400
325 401
325 402
326 327
326 401
326 402
327 328
327 402
327 403
328 329
328 403
329 330
329 403
329 404
330 404
330 405
331 405
331 406
331 407
332 407
332 408
333 334
333 409
333 410
333 411
334 335
334 410
334 411
334 412
335 411
335 412
335 413
336 337
336 413
336 414
336 415
337 338
337 414
337 415
337 416
338 339
338 415
338 416
338 417
339 416
339 417
339 418
340 341
340 418
340 419
340 420
341 342
341 419
341 420
341 421
342 343
342 420
342 421
342 422
343 344
343 421
343 422
343 423
344 422
344 423
344 424
345 346
345 424
345 425
345 426
346 425
346 426
346 427
347 348
347 427
347 428
347 429
348 428
348 429
348 430
349 350
349 430
349 431
349 432
350 351
350 431
350 432
350 433
351 352
351 432
351 433
351 434
352 353
352 433
352 434
353 354
353 434
353 435
354 435
354 436
355 356
355 436
355 437
355 438
356 357
356 437
356 438
356 439
357 438
357 439
357 440
358 440
358 441
358 442
359 442
359 443
359 444
360 361
360 445
360 446
360 447
361 362
361 446
361 447
361 448
362 363
362 447
362 448
362 449
363 364
363 448
363 449
363 450
364 449
364 450
364 451
365 451
365 452
365 453
366 367
366 453
366 454
366 455
367 368
367 454
367 455
368 369
368 455
368 456
369 370
369 456
370 456
370 457
371 372
371 457
371 458
371 459
372 373
372 458
372 459
372 460
373 374
373 459
373 460
373 461
374 375
374 460
374 461
374 462
375 376
375 461
375 462
375 463
376 377
376 462
376 463
376 464
377 378
377 463
377 464
377 465
378 379
378 464
378 465
378 466
379 380
379 465
379 466
379 467
380 381
380 466
380 467
380 468
381 382
381 467
381 468
382 468
382 469
383 384
383 469
383 470
384 385
384 470
384 471
385 386
385 471
385 472
386 387
386 471
386 472
386 473
387 472
387 473
387 474
388 389
388 475
388 476
388 477
389 390
389 476
389 477
390 477
391 479
391 480
391 481
392 393
392 481
392 482
393 394
393 482
393 483
394 395
394 483
394 484
395 483
395 484
395 485
396 397
396 485
396 486
397 398
397 486
397 487
398 399
398 487
398 488
399 400
399 487
399 488
399 489
400 401
400 488
400 489
401 402
401 489
401 490
402 490
403 491
403 492
404 405
404 492
404 493
404 494
405 406
405 493
405 494
405 495
406 407
406 494
406 495
407 495
407 496
408 409
408 496
408 497
408 498
409 410
409 497
409 498
409 499
410 411
410 498
410 499
410 500
411 412
411 499
411 500
411 501
412 413
412 500
412 501
412 502
413 414
413 501
413 502
413 503
414 415
414 502
414 503
414 504
415 416
415 503
415 504
416 417
416 504
416 505
417 418
417 505
418 419
418 505
418 506
419 420
419 506
419 507
420 421
420 506
420 507
420 508
421 422
421 507
421 508
421 509
422 423
422 508
422 509
423 424
423 509
423 510
424 425
424 510
424 511
425 426
425 510
425 511
425 512
426 427
426 511
426 512
426 513
427 428
427 512
427 513
427 514
428 429
428 513
428 514
428 515
429 430
429 514
429 515
429 516
430 431
430 515
430 516
430 517
431 432
431 516
431 517
431 518
432 433
432 517
432 518
432 519
433 434
433 518
433 519
433 520
434 519
434 520
435 436
436 437
436 521
437 438
437 521
438 439
438 521
438 522
439 440
439 522
439 523
440 441
440 522
440 523
441 442
441 523
442 443
442 524
443 444
443 524
443 525
444 445
444 524
444 525
444 526
445 446
445 525
445 526
445 527
446 447
446 526
446 527
447 448
447 527
447 528
448 449
448 528
449 450
449 528
450 451
450 529
451 452
451 529
451 530
452 453
452 529
452 530
452 531
453 454
453 530
453 531
454 455
454 531
454 532
455 532
455 533
456 533
456 534
457 458
457 535
457 536
458 459
458 535
458 536
458 537
459 460
459 536
459 537
459 538
460 461
460 537
460 538
460 539
461 462
461 538
461 539
461 540
462 463
462 539
462 540
462 541
463 464
463 540
463 541
463 542
464 465
464 541
464 542
464 543
465 466
465 542
465 543
466 467
466 543
467 468
467 544
468 544
468 545
469 470
469 545
469 546
469 547
470 546
470 547
470 548
471 472
471 548
471 549
472 473
472 549
472 550
473 474
473 550
473 551
474 475
474 550
474 551
474 552
475 476
475 551
475 552
475 553
476 477
476 552
476 553
476 554
477 553
477 554
477 555
478 479
478 556
479 480
479 556
479 557
480 481
480 557
480 558
481 482
481 557
481 558
481 559
482 558
482 559
482 560
483 484
483 560
483 561
484 485
484 561
484 562
485 486
485 562
485 563
486 562
486 563
486 564
487 488
487 564
487 565
488 489
488 565
488 566
489 566
489 567
490 567
490 568
491 492
491 568
491 569
491 570
492 493
492 569
492 570
492 571
493 494
493 570
493 571
493 572
494 495
494 571
494 572
494 573
495 572
495 573
495 574
496 497
496 574
496 575
496 576
497 498
497 575
497 576
497 577
498 499
498 576
498 577
499 500
499 577
499 578
500 501
500 578
500 579
501 502
501 578
501 579
501 580
502 503
502 579
502 580
502 581
503 504
503 580
503 581
503 582
504 581
504 582
505 583
506 507
506 584
506 585
507 508
507 584
507 585
507 586
508 509
508 585
508 586
508 587
509 586
509 587
509 588
510 511
510 588
510 589
511 512
511 589
512 513
512 590
513 514
513 590
513 591
514 515
514 590
514 591
515 516
515 591
515 592
516 517
516 592
517 518
517 592
517 593
518 519
518 593
518 594
519 520
519 593
519 594
519 595
520 594
520 595
520 596
521 597
521 598
522 523
522 599
522 600
523 599
523 600
524 525
524 601
524 602
524 603
525 526
525 602
525 603
525 604
526 527
526 603
526 604
526 605
527 604
527 605
528 606
528 607
529 530
529 608
529 609
530 531
530 608
530 609
531 609
531 610
532 533
532 610
532 611
533 534
533 611
534 612
535 536
535 612
535 613
536 537
536 613
537 538
538 539
538 614
539 540
539 614
539 615
540 541
540 614
540 615
540 616
541 542
541 615
541 616
541 617
542 543
542 616
542 617
542 618
543 617
543 618
544 545
544 619
544 620
544 621
545 546
545 620
545 621
545 622
546 547
546 621
546 622
546 623
547 548
547 622
547 623
547 624
548 549
548 623
548 624
549 624
549 625
550 551
550 625
550 626
551 552
551 626
551 627
552 553
552 627
552 628
553 554
553 627
553 628
553 629
554 555
554 628
554 629
554 630
555 629
555 630
556 631
557 558
557 631
557 632
558 559
558 632
558 633
559 560
559 633
560 561
560 633
562 563
562 634
563 564
563 634
563 635
564 565
564 634
564 635
564 636
565 635
565 636
565 637
566 567
566 637
566 638
567 638
567 639
568 569
568 639
568 640
569 570
569 640
569 641
570 571
570 641
570 642
571 572
571 641
571 642
571 643
572 573
572 642
572 643
572 644
573 574
573 643
573 644
574 575
574 644
574 645
575 576
575 645
576 577
576 645
578 579
578 646
578 647
579 580
579 646
579 647
579 648
580 581
580 647
580 648
580 649
581 582
581 648
581 649
581 650
582 649
582 650
582 651
583 651
583 652
583 653
584 585
584 653
584 654
584 655
585 586
585 654
585 655
585 656
586 587
586 655
586 656
587 588
587 656
587 657
588 589
588 657
588 658
589 657
589 658
589 659
590 591
590 660
590 661
591 661
592 662
593 594
593 663
593 664
594 595
594 663
594 664
594 665
595 596
595 664
595 665
596 665
596 666
597 598
597 666
597 667
597 668
598 667
598 668
598 669
599 600
599 669
599 670
599 671
600 670
600 671
601 602
601 672
601 673
602 603
602 672
602 673
602 674
603 604
603 673
603 674
603 675
604 605
604 674
604 675
604 676
605 675
605 676
605 677
606 607
606 677
606 678
607 678
607 679
608 609
608 679
608 680
608 681
609 680
609 681
609 682
610 611
610 682
610 683
610 684
611 683
611 684
611 685
612 613
612 686
612 687
612 688
613 687
613 688
613 689
614 615
614 691
614 692
615 616
615 691
615 692
615 693
616 617
616 692
616 693
616 694
617 618
617 693
617 694
617 695
618 694
618 695
618 696
619 620
619 696
619 697
619 698
620 621
620 697
620 698
620 699
621 622
621 698
621 699
621 700
622 623
622 699
622 700
622 701
623 624
623 700
623 701
623 702
624 701
624 702
624 703
625 626
625 703
625 704
625 705
626 704
626 705
626 706
627 628
627 706
627 707
628 629
628 707
628 708
629 630
629 708
630 708
631 632
632 709
633 709
633 710
633 711
634 635
634 714
634 715
635 636
635 715
635 716
636 637
636 716
636 717
637 638
637 716
637 717
637 718
638 717
638 718
638 719
639 640
639 719
639 720
639 721
640 720
640 721
640 722
641 642
641 722
641 723
642 643
642 723
642 724
643 644
643 724
643 725
644 724
644 725
644 726
645 726
645 727
645 728
646 647
646 730
646 731
646 732
647 648
647 731
647 732
647 733
648 649
648 732
648 733
648 734
649 650
649 733
649 734
649 735
650 651
650 734
650 735
651 652
651 735
651 736
652 653
652 736
652 737
653 654
653 736
653 737
653 738
654 655
654 737
654 738
654 739
655 656
655 738
655 739
655 740
656 739
656 740
656 741
657 658
657 741
657 742
658 659
658 742
658 743
659 660
659 742
659 743
659 744
660 661
660 743
660 744
660 745
661 744
661 745
661 746
662 747
662 748
662 749
663 664
663 749
663 750
663 751
664 665
664 750
664 751
664 752
665 751
665 752
665 753
666 667
666 753
666 754
667 668
667 754
667 755
668 669
668 754
668 755
668 756
669 670
669 755
669 756
669 757
670 671
670 756
670 757
671 757
671 758
672 673
672 758
672 759
673 674
673 759
673 760
674 675
674 760
674 761
675 676
675 760
675 761
675 762
676 677
676 761
676 762
676 763
677 678
677 762
677 763
677 764
678 763
678 764
678 765
679 680
679 765
680 681
680 766
681 682
681 766
681 767
682 683
682 766
682 767
682 768
683 684
683 767
683 768
683 769
684 685
684 768
684 769
684 770
685 686
685 769
685 770
685 771
686 687
686 770
686 771
686 772
687 688
687 771
687 772
687 773
688 689
688 772
688 773
688 774
689 690
689 773
689 774
689 775
690 774
690 775
690 776
691 692
691 776
691 777
692 693
692 777
692 778
693 694
693 777
693 778
693 779
694 695
694 778
694 779
694 780
695 696
695 779
695 780
695 781
696 697
696 780
696 781
696 782
697 698
697 781
697 782
697 783
698 699
698 782
698 783
698 784
699 700
699 783
699 784
699 785
700 701
700 784
700 785
700 786
701 702
701 785
701 786
701 787
702 703
702 786
702 787
702 788
703 704
703 787
703 788
703 789
704 705
704 788
704 789
705 706
705 789
706 707
706 790
707 790
708 791
709 710
709 793
709 794
709 795
710 711
710 794
710 795
710 796
711 712
711 795
711 796
711 797
712 713
712 796
712 797
712 798
713 714
713 797
713 798
713 799
714 715
714 798
714 799
714 800
715 799
715 800
716 717
716 801
716 802
717 718
717 801
717 802
717 803
718 719
718 802
718 803
718 804
719 720
719 803
719 804
719 805
720 721
720 804
720 805
720 806
721 722
721 805
721 806
721 807
722 723
722 806
722 807
723 807
723 808
724 725
724 808
725 726
725 809
726 727
726 809
726 810
727 728
727 809
727 810
727 811
728 729
728 810
728 811
728 812
729 730
729 811
729 812
729 813
730 731
730 812
730 813
730 814
731 732
731 813
731 814
731 815
732 733
732 814
732 815
732 816
733 734
733 815
733 816
734 735
734 816
734 817
735 817
735 818
736 737
736 818
736 819
736 820
737 738
737 819
737 820
737 821
738 739
738 820
738 821
738 822
739 740
739 821
739 822
740 741
740 822
740 823
741 823
742 743
742 824
742 825
743 744
743 824
743 825
743 826
744 745
744 825
744 826
744 827
745 746
745 826
745 827
745 828
746 747
746 827
746 828
747 748
747 828
748 749
748 829
749 750
749 829
750 751
750 829
750 830
751 752
751 830
751 831
752 753
752 830
752 831
753 831
753 832
754 755
754 832
754 833
754 834
755 756
755 833
755 834
755 835
756 757
756 834
756 835
757 835
757 836
758 759
758 836
758 837
758 838
759 837
759 838
759 839
760 761
760 839
760 840
761 762
761 840
761 841
762 763
762 840
762 841
762 842
763 764
763 841
763 842
763 843
764 765
764 842
764 843
764 844
765 843
765 844
765 845
766 767
766 846
766 847
766 848
767 768
767 847
767 848
767 849
768 769
768 848
768 849
769 770
769 849
769 850
770 771
770 850
770 851
771 772
771 850
771 851
771 852
772 773
772 851
772 852
773 774
773 852
773 853
774 775
774 853
774 854
775 776
775 853
775 854
775 855
776 854
776 855
776 856
777 778
777 856
777 857
778 779
778 857
778 858
779 780
779 857
779 858
779 859
780 781
780 858
780 859
781 782
781 859
782 783
782 860
783 784
783 860
783 861
784 785
784 860
784 861
784 862
785 786
785 861
785 862
785 863
786 787
786 862
786 863
786 864
787 788
787 863
787 864
788 789
788 864
788 865
789 865
790 866
790 867
790 868
791 869
791 870
792 793
792 871
792 872
792 873
793 794
793 872
793 873
793 874
794 795
794 873
794 874
794 875
795 796
795 874
795 875
795 876
796 797
796 875
796 876
796 877
797 798
797 876
797 877
798 799
798 877
799 800
799 878
800 878
800 879
801 802
801 879
801 880
801 881
802 803
802 880
802 881
802 882
803 804
803 881
803 882
803 883
804 805
804 882
804 883
804 884
805 806
805 883
805 884
805 885
806 807
806 884
806 885
807 885
807 886
808 886
808 887
808 888
809 810
809 889
809 890
810 811
810 890
811 812
811 891
812 813
812 891
812 892
813 814
813 891
813 892
813 893
814 815
814 892
814 893
815 816
815 893
816 894
817 818
817 894
817 895
817 896
818 819
818 895
818 896
818 897
819 820
819 896
819 897
819 898
820 821
820 897
820 898
821 822
821 898
823 899
823 900
824 825
824 900
824 901
824 902
825 826
825 901
825 902
825 903
826 827
826 902
826 903
826 904
827 828
827 903
827 904
827 905
828 904
828 905
828 906
829 907
829 908
829 909
830 831
830 909
831 910
832 833
832 910
832 911
832 912
833 834
833 911
833 912
833 913
834 835
834 912
834 913
834 914
835 913
835 914
835 915
836 837
836 915
836 916
837 838
837 916
837 917
838 839
838 917
838 918
839 917
839 918
839 919
840 841
840 919
840 920
840 921
841 842
841 920
841 921
841 922
842 843
842 921
842 922
843 844
843 922
843 923
844 845
844 923
844 924
845 846
845 923
845 924
845 925
846 847
846 924
846 925
846 926
847 848
847 925
847 926
848 849
848 926
848 927
849 927
849 928
850 851
850 928
850 929
850 930
851 852
851 929
851 930
851 931
852 930
852 931
853 854
853 932
853 933
854 855
854 932
854 933
855 856
855 933
855 934
856 934
856 935
857 858
857 935
857 936
857 937
858 859
858 936
858 937
858 938
859 937
859 938
859 939
860 861
860 940
860 941
860 942
861 862
861 941
861 942
861 943
862 863
862 942
862 943
862 944
863 864
863 943
863 944
863 945
864 944
864 945
865 946
866 867
866 947
867 868
867 947
867 948
868 869
868 948
868 949
869 870
869 948
869 949
870 949
871 872
871 950
872 873
872 950
872 951
873 874
873 950
873 951
873 952
874 875
874 951
874 952
874 953
875 876
875 952
875 953
875 954
876 877
876 953
876 954
876 955
877 954
877 955
877 956
878 879
878 957
878 958
878 959
879 880
879 958
879 959
879 960
880 881
880 959
880 960
880 961
881 882
881 960
881 961
881 962
882 883
882 961
882 962
882 963
883 884
883 962
883 963
883 964
884 885
884 963
884 964
884 965
885 964
885 965
885 966
886 887
886 966
886 967
886 968
887 888
887 967
887 968
888 889
888 968
889 890
889 969
890 969
890 970
891 892
891 971
891 972
891 973
892 893
892 972
892 973
892 974
893 973
893 974
894 895
894 975
894 976
895 896
895 975
895 976
896 897
896 976
896 977
897 898
897 977
897 978
898 977
898 978
899 900
899 980
899 981
900 901
900 981
901 902
901 982
902 903
902 982
903 904
903 982
903 983
904 905
904 983
904 984
905 906
905 983
905 984
905 985
906 907
906 984
906 985
906 986
907 908
907 985
907 986
907 987
908 909
908 986
908 987
908 988
909 987
909 988
909 989
910 911
910 990
910 991
911 912
911 991
911 992
912 913
912 992
912 993
913 914
913 992
913 993
914 915
914 993
914 994
915 916
915 994
915 995
916 994
916 995
916 996
917 918
917 996
917 997
917 998
918 919
918 997
918 998
919 920
919 998
919 999
920 921
920 999
920 1000
921 922
921 999
921 1000
921 1001
922 1000
922 1001
922 1002
923 924
923 1002
923 1003
923 1004
924 925
924 1003
924 1004
924 1005
925 926
925 1004
925 1005
925 1006
926 1005
926 1006
926 1007
927 928
927 1007
927 1008
927 1009
928 929
928 1008
928 1009
928 1010
929 930
929 1009
929 1010
929 1011
930 931
930 1010
930 1011
930 1012
931 1011
931 1012
931 1013
932 933
932 1013
932 1014
932 1015
933 1014
933 1015
933 1016
934 935
934 1016
934 1017
935 936
935 1017
935 1018
936 937
936 1018
936 1019
937 938
937 1018
937 1019
937 1020
938 939
938 1019
938 1020
938 1021
939 940
939 1020
939 1021
939 1022
940 941
940 1021
940 1022
940 1023
941 942
941 1022
941 1023
941 1024
942 943
942 1023
942 1024
942 1025
943 944
943 1024
943 1025
943 1026
944 945
944 1025
944 1026
944 1027
945 1026
945 1027
945 1028
946 1028
946 1029
946 1030
947 1030
947 1031
947 1032
948 949
948 1032
948 1033
948 1034
949 1033
949 1034
950 951
950 1035
951 952
952 953
952 1036
953 954
953 1036
953 1037
954 955
954 1036
954 1037
955 956
955 1037
956 957
957 958
957 1038
958 959
958 1038
958 1039
959 960
959 1038
959 1039
959 1040
960 961
960 1039
960 1040
960 1041
961 962
961 1040
961 1041
962 963
962 1041
962 1042
963 964
963 1042
964 965
964 1042
964 1043
965 966
965 1043
965 1044
966 967
966 1043
966 1044
966 1045
967 968
967 1044
967 1045
967 1046
968 1045
968 1046
968 1047
969 970
969 1048
970 971
970 1048
970 1049
971 972
971 1049
971 1050
972 973
972 1049
972 1050
972 1051
973 974
973 1050
973 1051
973 1052
974 1051
974 1052
974 1053
975 976
975 1054
976 1054
976 1055
977 978
977 1055
977 1056
978 1056
978 1057
979 980
979 1057
979 1058
980 981
980 1058
981 1058
981 1059
982 1060
982 1061
982 1062
983 984
983 1062
983 1063
984 985
984 1063
984 1064
985 986
985 1064
985 1065
986 987
986 1064
986 1065
986 1066
987 988
987 1065
987 1066
987 1067
988 989
988 1066
988 1067
988 1068
989 990
989 1067
989 1068
989 1069
990 991
990 1068
990 1069
990 1070
991 1069
991 1070
991 1071
992 993
992 1071
992 1072
993 1072
993 1073
994 995
994 1073
994 1074
995 996
995 1074
995 1075
996 997
996 1075
996 1076
997 998
997 1075
997 1076
997 1077
998 1076
998 1077
998 1078
999 1000
999 1078
999 1079
999 1080
1000 1001
1000 1079
1000 1080
1000 1081
1001 1002
1001 1080
1001 1081
1001 1082
1002 1003
1002 1081
1002 1082
1003 1004
1003 1082
1004 1005
1004 1083
1005 1006
1005 1083
1005 1084
1006 1007
1006 1083
1006 1084
1006 1085
1007 1008
1007 1084
1007 1085
1007 1086
1008 1009
1008 1085
1008 1086
1008 1087
1009 1010
1009 1086
1009 1087
1009 1088
1010 1011
1010 1087
1010 1088
1010 1089
1011 1012
1011 1088
1011 1089
1011 1090
1012 1013
1012 1089
1012 1090
1012 1091
1013 1014
1013 1090
1013 1091
1013 1092
1014 1015
1014 1091
1014 1092
1014 1093
1015 1016
1015 1092
1015 1093
1015 1094
1016 1017
1016 1093
1016 1094
1016 1095
1017 1094
1017 1095
1017 1096
1018 1019
1018 1096
1018 1097
1018 1098
1019 1020
1019 1097
1019 1098
1019 1099
1020 1021
1020 1098
1020 1099
1020 1100
1021 1022
1021 1099
1021 1100
1021 1101
1022 1023
1022 1100
1022 1101
1023 1024
1023 1101
1023 1102
1024 1025
1024 1102
1024 1103
1025 1026
1025 1102
1025 1103
1025 1104
1026 1027
1026 1103
1026 1104
1026 1105
1027 1028
1027 1104
1027 1105
1027 1106
1028 1029
1028 1105
1028 1106
1028 1107
1029 1030
1029 1106
1029 1107
1029 1108
1030 1031
1030 1107
1030 1108
1030 1109
1031 1032
1031 1108
1031 1109
1031 1110
1032 1033
1032 1109
1032 1110
1032 1111
1033 1034
1033 1110
1033 1111
1033 1112
1034 1111
1034 1112
1034 1113
1035 1114
1036 1037
1036 1116
1036 1117
1037 1117
1037 1118
1038 1039
1038 1120
1038 1121
1038 1122
1039 1040
1039 1121
1039 1122
1039 1123
1040 1041
1040 1122
1040 1123
1040 1124
1041 1123
1041 1124
1041 1125
1042 1125
1042 1126
1042 1127
1043 1044
1043 1127
1043 1128
1043 1129
1044 1045
1044 1128
1044 1129
1044 1130
1045 1046
1045 1129
1045 1130
1045 1131
1046 1047
1046 1130
1046 1131
1047 1131
1047 1132
1048 1132
1048 1133
1049 1050
1049 1133
1049 1134
1049 1135
1050 1051
1050 1134
1050 1135
1050 1136
1051 1052
1051 1135
1051 1136
1052 1053
1052 1136
1052 1137
1053 1137
1054 1055
1054 1138
1054 1139
1054 1140
1055 1139
1055 1140
1056 1057
1056 1141
1057 1141
1057 1142
1058 1142
1058 1143
1058 1144
1059 1060
1059 1144
1059 1145
1059 1146
1060 1061
1060 1145
1060 1146
1061 1062
1061 1146
1061 1147
1062 1063
1062 1147
1062 1148
1063 1147
1063 1148
1064 1065
1064 1149
1065 1066
1065 1149
1065 1150
1066 1067
1066 1149
1066 1150
1067 1068
1067 1150
1067 1151
1068 1069
1068 1151
1068 1152
1069 1070
1069 1151
1069 1152
1069 1153
1070 1071
1070 1152
1070 1153
1071 1072
1071 1153
1071 1154
1072 1154
1072 1155
1073 1074
1073 1155
1073 1156
1073 1157
1074 1156
1074 1157
1074 1158
1075 1076
1075 1158
1076 1077
1076 1159
1077 1078
1077 1159
1077 1160
1078 1079
1078 1159
1078 1160
1078 1161
1079 1080
1079 1160
1079 1161
1079 1162
1080 1081
1080 1161
1080 1162
1080 1163
1081 1082
1081 1162
1081 1163
1081 1164
1082 1163
1082 1164
1082 1165
1083 1084
1083 1166
1084 1085
1084 1166
1084 1167
1085 1086
1085 1167
1085 1168
1086 1087
1086 1167
1086 1168
1087 1088
1087 1168
1087 1169
1088 1089
1088 1169
1088 1170
1089 1090
1089 1169
1089 1170
1089 1171
1090 1091
1090 1170
1090 1171
1090 1172
1091 1092
1091 1171
1091 1172
1091 1173
1092 1093
1092 1172
1092 1173
1092 1174
1093 1094
1093 1173
1093 1174
1093 1175
1094 1095
1094 1174
1094 1175
1094 1176
1095 1096
1095 1175
1095 1176
1095 1177
1096 1097
1096 1176
1096 1177
1096 1178
1097 1098
1097 1177
1097 1178
1098 1099
1098 1178
1098 1179
1099 1100
1099 1179
1099 1180
1100 1101
1100 1179
1100 1180
1100 1181
1101 1180
1101 1181
1101 1182
1102 1103
1102 1182
1102 1183
1102 1184
1103 1104
1103 1183
1103 1184
1103 1185
1104 1105
1104 1184
1104 1185
1104 1186
1105 1106
1105 1185
1105 1186
1105 1187
1106 1107
1106 1186
1106 1187
1106 1188
1107 1108
1107 1187
1107 1188
1107 1189
1108 1109
1108 1188
1108 1189
1108 1190
1109 1110
1109 1189
1109 1190
1109 1191
1110 1111
1110 1190
1110 1191
1110 1192
1111 1112
1111 1191
1111 1192
1111 1193
1112 1113
1112 1192
1112 1193
1112 1194
1113 1193
1113 1194
1114 1195
1114 1196
1115 1116
1115 1196
1115 1197
1115 1198
1116 1197
1116 1198
1116 1199
1117 1118
1117 1199
1117 1200
1117 1201
1118 1119
1118 1200
1118 1201
1118 1202
1119 1120
1119 1201
1119 1202
1119 1203
1120 1121
1120 1202
1120 1203
1120 1204
1121 1122
1121 1203
1121 1204
1121 1205
1122 1123
1122 1204
1122 1205
1122 1206
1123 1124
1123 1205
1123 1206
1123 1207
1124 1125
1124 1206
1124 1207
1124 1208
1125 1126
1125 1207
1125 1208
1126 1127
1126 1208
1126 1209
1127 1128
1127 1209
1127 1210
1128 1129
1128 1209
1128 1210
1128 1211
1129 1130
1129 1210
1129 1211
1129 1212
1130 1131
1130 1211
1130 1212
1131 1212
1132 1213
1133 1134
1133 1214
1133 1215
1134 1135
1134 1214
1134 1215
1134 1216
1135 1136
1135 1215
1135 1216
1135 1217
1136 1216
1136 1217
1136 1218
1137 1218
1137 1219
1138 1139
1138 1219
1138 1220
1138 1221
1139 1140
1139 1220
1139 1221
1139 1222
1140 1221
1140 1222
1140 1223
1141 1223
1141 1224
1142 1143
1142 1225
1143 1144
1143 1225
1143 1226
1144 1145
1144 1225
1144 1226
1144 1227
1145 1146
1145 1226
1145 1227
1145 1228
1146 1227
1146 1228
1146 1229
1147 1148
1147 1229
1147 1230
1148 1230
1148 1231
1149 1150
1149 1232
1149 1233
1149 1234
1150 1233
1150 1234
1150 1235
1151 1152
1151 1235
1151 1236
1152 1153
1152 1236
1152 1237
1153 1237
1153 1238
1154 1155
1154 1238
1154 1239
1154 1240
1155 1156
1155 1239
1155 1240
1155 1241
1156 1157
1156 1240
1156 1241
1157 1158
1157 1241
1157 1242
1158 1242
1158 1243
1159 1160
1159 1244
1159 1245
1160 1161
1160 1244
1160 1245
1160 1246
1161 1162
1161 1245
1161 1246
1161 1247
1162 1163
1162 1246
1162 1247
1163 1164
1163 1247
1163 1248
1164 1165
1164 1248
1164 1249
1165 1248
1165 1249
1165 1250
1166 1250
1166 1251
1166 1252
1167 1168
1167 1252
1167 1253
1167 1254
1168 1253
1168 1254
1168 1255
1169 1170
1169 1255
1169 1256
1169 1257
1170 1171
1170 1256
1170 1257
1170 1258
1171 1172
1171 1257
1171 1258
1172 1173
1172 1258
1172 1259
1173 1174
1173 1259
1174 1175
1174 1259
1174 1260
1175 1176
1175 1260
1175 1261
1176 1177
1176 1260
1176 1261
1176 1262
1177 1178
1177 1261
1177 1262
1178 1262
1178 1263
1179 1180
1179 1263
1179 1264
1180 1181
1180 1264
1180 1265
1181 1182
1181 1265
1181 1266
1182 1183
1182 1265
1182 1266
1182 1267
1183 1184
1183 1266
1183 1267
1183 1268
1184 1185
1184 1267
1184 1268
1184 1269
1185 1186
1185 1268
1185 1269
1186 1187
1186 1269
1186 1270
1187 1188
1187 1270
1187 1271
1188 1189
1188 1270
1188 1271
1188 1272
1189 1190
1189 1271
1189 1272
1189 1273
1190 1191
1190 1272
1190 1273
1190 1274
1191 1192
1191 1273
1191 1274
1191 1275
1192 1193
1192 1274
1192 1275
1192 1276
1193 1194
1193 1275
1193 1276
1194 1276
1195 1196
1195 1277
1196 1197
1196 1277
1197 1198
1198 1199
1198 1278
1199 1200
1199 1278
1199 1279
1200 1201
1200 1278
1200 1279
1200 1280
1201 1202
1201 1279
1201 1280
1201 1281
1202 1203
1202 1280
1202 1281
1202 1282
1203 1204
1203 1281
1203 1282
1203 1283
1204 1205
1204 1282
1204 1283
1204 1284
1205 1206
1205 1283
1205 1284
1205 1285
1206 1207
1206 1284
1206 1285
1207 1208
1207 1285
1209 1210
1209 1286
1209 1287
1210 1211
1210 1286
1210 1287
1210 1288
1211 1212
1211 1287
1211 1288
1211 1289
1212 1288
1212 1289
1212 1290
1213 1291
1213 1292
1213 1293
1214 1215
1214 1293
1214 1294
1214 1295
1215 1216
1215 1294
1215 1295
1216 1217
1216 1295
1217 1218
1217 1296
1218 1296
1218 1297
1219 1220
1219 1297
1219 1298
1219 1299
1220 1221
1220 1298
1220 1299
1220 1300
1221 1222
1221 1299
1221 1300
1221 1301
1222 1223
1222 1300
1222 1301
1222 1302
1223 1224
1223 1301
1223 1302
1223 1303
1224 1302
1224 1303
1224 1304
1225 1226
1225 1305
1225 1306
1225 1307
1226 1227
1226 1306
1226 1307
1226 1308
1227 1228
1227 1307
1227 1308
1228 1229
1228 1308
1228 1309
1229 1309
1230 1231
1230 1310
1231 1232
1231 1310
1232 1233
1232 1311
1233 1234
1233 1311
1233 1312
1234 1235
1234 1311
1234 1312
1234 1313
1235 1236
1235 1312
1235 1313
1235 1314
1236 1313
1236 1314
1236 1315
1237 1238
1237 1315
1237 1316
1237 1317
1238 1239
1238 1316
1238 1317
1238 1318
1239 1240
1239 1317
1239 1318
1239 1319
1240 1241
1240 1318
1240 1319
1240 1320
1241 1319
1241 1320
1241 1321
1242 1243
1242 1321
1242 1322
1242 1323
1243 1322
1243 1323
1243 1324
1244 1245
1244 1324
1244 1325
1244 1326
1245 1246
1245 1325
1245 1326
1245 1327
1246 1247
1246 1326
1246 1327
1246 1328
1247 1327
1247 1328
1247 1329
1248 1249
1248 1329
1248 1330
1248 1331
1249 1250
1249 1330
1249 1331
1249 1332
1250 1251
1250 1331
1250 1332
1250 1333
1251 1252
1251 1332
1251 1333
1251 1334
1252 1253
1252 1333
1252 1334
1252 1335
1253 1254
1253 1334
1253 1335
1253 1336
1254 1255
1254 1335
1254 1336
1254 1337
1255 1256
1255 1336
1255 1337
1255 1338
1256 1257
1256 1337
1256 1338
1257 1258
1257 1338
1257 1339
1258 1339
1258 1340
1259 1340
1259 1341
1259 1342
1260 1261
1260 1342
1260 1343
1261 1262
1261 1343
1262 1343
1262 1344
1263 1264
1263 1344
1263 1345
1263 1346
1264 1345
1264 1346
1264 1347
1265 1266
1265 1347
1265 1348
1265 1349
1266 1267
1266 1348
1266 1349
1266 1350
1267 1268
1267 1349
1267 1350
1267 1351
1268 1269
1268 1350
1268 1351
1268 1352
1269 1351
1269 1352
1269 1353
1270 1271
1270 1353
1270 1354
1271 1272
1271 1354
1271 1355
1272 1273
1272 1355
1272 1356
1273 1274
1273 1355
1273 1356
1273 1357
1274 1275
1274 1356
1274 1357
1274 1358
1275 1276
1275 1357
1275 1358
1275 1359
1276 1358
1276 1359
1276 1360
1277 1361
1277 1362
1278 1279
1278 1364
1278 1365
1279 1280
1279 1365
1279 1366
1280 1281
1280 1365
1280 1366
1280 1367
1281 1282
1281 1366
1281 1367
1281 1368
1282 1283
1282 1367
1282 1368
1282 1369
1283 1284
1283 1368
1283 1369
1283 1370
1284 1285
1284 1369
1284 1370
1284 1371
1285 1370
1285 1371
1285 1372
1286 1287
1286 1373
1286 1374
1286 1375
1287 1288
1287 1374
1287 1375
1287 1376
1288 1289
1288 1375
1288 1376
1288 1377
1289 1290
1289 1376
1289 1377
1289 1378
1290 1291
1290 1377
1290 1378
1290 1379
1291 1292
1291 1378
1291 1379
1291 1380
1292 1293
1292 1379
1292 1380
1293 1294
1293 1380
1294 1295
1296 1297
1296 1381
1296 1382
1296 1383
1297 1298
1297 1382
1297 1383
1298 1299
1298 1383
1298 1384
1299 1300
1299 1384
1299 1385
1300 1301
1300 1384
1300 1385
1300 1386
1301 1302
1301 1385
1301 1386
1301 1387
1302 1303
1302 1386
1302 1387
1303 1304
1303 1387
1303 1388
1304 1305
1304 1388
1304 1389
1305 1306
1305 1388
1305 1389
1305 1390
1306 1307
1306 1389
1306 1390
1306 1391
1307 1308
1307 1390
1307 1391
1308 1391
1308 1392
1309 1392
1309 1393
1310 1393
1310 1394
1310 1395
1311 1312
1311 1396
1311 1397
1312 1313
1312 1396
1312 1397
1312 1398
1313 1314
1313 1397
1313 1398
1314 1315
1314 1398
1314 1399
1315 1316
1315 1399
1316 1317
1316 1399
1316 1400
1317 1318
1317 1400
1318 1319
1318 1400
1318 1401
1319 1320
1319 1401
1319 1402
1320 1321
1320 1401
1320 1402
1320 1403
1321 1322
1321 1402
1321 1403
1321 1404
1322 1323
1322 1403
1322 1404
1322 1405
1323 1324
1323 1404
1323 1405
1324 1325
1324 1405
1324 1406
1325 1326
1325 1406
1325 1407
1326 1327
1326 1406
1326 1407
1327 1328
1327 1407
1327 1408
1328 1329
1328 1408
1329 1330
1329 1408
1329 1409
1330 1331
1330 1409
1330 1410
1331 1332
1331 1409
1331 1410
1331 1411
1332 1333
1332 1410
1332 1411
1332 1412
1333 1334
1333 1411
1333 1412
1333 1413
1334 1335
1334 1412
1334 1413
1335 1336
1335 1413
1335 1414
1336 1337
1336 1414
1336 1415
1337 1338
1337 1414
1337 1415
1337 1416
1338 1415
1338 1416
1338 1417
1339 1340
1339 1417
1339 1418
1339 1419
1340 1341
1340 1418
1340 1419
1340 1420
1341 1342
1341 1419
1341 1420
1341 1421
1342 1420
1342 1421
1342 1422
1343 1422
1343 1423
1343 1424
1344 1345
1344 1424
1344 1425
1344 1426
1345 1346
1345 1425
1345 1426
1345 1427
1346 1347
1346 1426
1346 1427
1346 1428
1347 1348
1347 1427
1347 1428
1347 1429
1348 1349
1348 1428
1348 1429
1348 1430
1349 1350
1349 1429
1349 1430
1349 1431
1350 1351
1350 1430
1350 1431
1350 1432
1351 1352
1351 1431
1351 1432
1351 1433
1352 1353
1352 1432
1352 1433
1353 1354
1353 1433
1353 1434
1354 1434
1354 1435
1355 1356
1355 1435
1355 1436
1356 1357
1356 1436
1357 1358
1357 1436
1357 1437
1358 1359
1358 1437
1359 1360
1359 1437
1359 1438
1360 1438
1361 1362
1361 1439
1361 1440
1362 1363
1362 1439
1362 1440
1362 1441
1363 1364
1363 1440
1363 1441
1364 1441
1365 1366
1365 1442
1365 1443
1366 1367
1366 1442
1366 1443
1366 1444
1367 1368
1367 1443
1367 1444
1367 1445
1368 1369
1368 1444
1368 1445
1368 1446
1369 1370
1369 1445
1369 1446
1369 1447
1370 1371
1370 1446
1370 1447
1370 1448
1371 1372
1371 1447
1371 1448
1371 1449
1372 1448
1372 1449
1372 1450
1373 1374
1373 1450
1373 1451
1373 1452
1374 1375
1374 1451
1374 1452
1375 1376
1375 1452
1375 1453
1376 1377
1376 1453
1376 1454
1377 1378
1377 1453
1377 1454
1377 1455
1378 1379
1378 1454
1378 1455
1378 1456
1379 1380
1379 1455
1379 1456
1379 1457
1380 1456
1380 1457
1380 1458
1381 1382
1381 1461
1381 1462
1382 1383
1382 1462
1382 1463
1383 1463
1383 1464
1384 1385
1384 1464
1385 1386
1385 1465
1386 1387
1386 1465
1386 1466
1387 1465
1387 1466
1387 1467
1388 1389
1388 1467
1388 1468
1389 1390
1389 1468
1389 1469
1390 1391
1390 1469
1390 1470
1391 1469
1391 1470
1392 1471
1392 1472
1393 1394
1393 1472
1394 1395
1394 1473
1395 1473
1395 1474
1396 1397
1396 1474
1396 1475
1396 1476
1397 1398
1397 1475
1397 1476
1397 1477
1398 1476
1398 1477
1398 1478
1399 1478
1399 1479
1400 1479
1400 1480
1401 1402
1401 1480
1401 1481
1401 1482
1402 1403
1402 1481
1402 1482
1402 1483
1403 1404
1403 1482
1403 1483
1403 1484
1404 1405
1404 1483
1404 1484
1405 1484
1405 1485
1406 1407
1406 1485
1406 1486
1406 1487
1407 1486
1407 1487
1407 1488
1408 1488
1408 1489
1408 1490
1409 1410
1409 1490
1409 1491
1410 1411
1410 1491
1410 1492
1411 1412
1411 1491
1411 1492
1411 1493
1412 1413
1412 1492
1412 1493
1412 1494
1413 1493
1413 1494
1413 1495
1414 1415
1414 1495
1414 1496
1414 1497
1415 1416
1415 1496
1415 1497
1415 1498
1416 1417
1416 1497
1416 1498
1416 1499
1417 1418
1417 1498
1417 1499
1418 1419
1418 1499
1418 1500
1419 1420
1419 1500
1419 1501
1420 1421
1420 1500
1420 1501
1420 1502
1421 1422
1421 1501
1421 1502
1421 1503
1422 1423
1422 1502
1422 1503
1422 1504
1423 1424
1423 1503
1423 1504
1423 1505
1424 1425
1424 1504
1424 1505
1424 1506
1425 1426
1425 1505
1425 1506
1425 1507
1426 1427
1426 1506
1426 1507
1426 1508
1427 1428
1427 1507
1427 1508
1427 1509
1428 1429
1428 1508
1428 1509
1428 1510
1429 1430
1429 1509
1429 1510
1430 1431
1430 1510
1430 1511
1431 1432
1431 1511
1431 1512
1432 1433
1432 1511
1432 1512
1432 1513
1433 1512
1433 1513
1434 1435
1434 1514
1434 1515
1435 1514
1435 1515
1435 1516
1436 1516
1436 1517
1436 1518
1437 1518
1437 1519
1437 1520
1438 1520
1438 1521
1439 1440
1439 1522
1440 1441
1440 1522
1440 1523
1441 1523
1441 1524
1442 1443
1443 1444
1443 1525
1444 1445
1444 1525
1445 1446
1445 1525
1445 1526
1446 1447
1446 1526
1446 1527
1447 1448
1447 1526
1447 1527
1448 1449
1448 1527
1449 1450
1449 1528
1450 1451
1450 1528
1450 1529
1451 1452
1451 1528
1451 1529
1452 1529
1453 1454
1453 1530
1453 1531
1454 1455
1454 1530
1454 1531
1454 1532
1455 1456
1455 1531
1455 1532
1455 1533
1456 1457
1456 1532
1456 1533
1456 1534
1457 1458
1457 1533
1457 1534
1457 1535
1458 1459
1458 1534
1458 1535
1458 1536
1459 1460
1459 1535
1459 1536
1460 1461
1460 1536
1460 1537
1461 1462
1461 1537
1461 1538
1462 1537
1462 1538
1462 1539
1463 1464
1463 1539
1463 1540
1463 1541
1464 1540
1464 1541
1464 1542
1465 1466
1466 1467
1466 1543
1467 1468
1467 1543
1467 1544
1468 1543
1468 1544
1468 1545
1469 1470
1469 1545
1469 1546
1470 1546
1470 1547
1471 1472
1471 1547
1471 1548
1471 1549
1472 1548
1472 1549
1472 1550
1473 1474
1473 1551
1473 1552
1474 1475
1474 1551
1474 1552
1475 1476
1475 1552
1475 1553
1476 1477
1476 1553
1476 1554
1477 1478
1477 1553
1477 1554
1477 1555
1478 1554
1478 1555
1480 1481
1481 1482
1481 1556
1482 1483
1482 1556
1482 1557
1483 1484
1483 1556
1483 1557
1483 1558
1484 1557
1484 1558
1485 1486
1485 1559
1486 1487
1486 1559
1486 1560
1487 1488
1487 1559
1487 1560
1487 1561
1488 1489
1488 1560
1488 1561
1488 1562
1489 1490
1489 1561
1489 1562
1489 1563
1490 1562
1490 1563
1490 1564
1491 1492
1491 1564
1491 1565
1491 1566
1492 1493
1492 1565
1492 1566
1492 1567
1493 1494
1493 1566
1493 1567
1493 1568
1494 1495
1494 1567
1494 1568
1494 1569
1495 1496
1495 1568
1495 1569
1495 1570
1496 1497
1496 1569
1496 1570
1496 1571
1497 1498
1497 1570
1497 1571
1497 1572
1498 1499
1498 1571
1498 1572
1499 1572
1499 1573
1500 1501
1500 1573
1500 1574
1500 1575
1501 1502
1501 1574
1501 1575
1502 1503
1502 1575
1503 1504
1504 1505
1504 1576
1505 1506
1505 1576
1505 1577
1506 1507
1506 1576
1506 1577
1506 1578
1507 1508
1507 1577
1507 1578
1507 1579
1508 1509
1508 1578
1508 1579
1509 1510
1509 1579
1511 1512
1511 1580
1512 1513
1512 1580
1512 1581
1513 1580
1513 1581
1513 1582
1514 1515
1514 1582
1514 1583
1514 1584
1515 1516
1515 1583
1515 1584
1515 1585
1516 1517
1516 1584
1516 1585
1516 1586
1517 1518
1517 1585
1517 1586
1517 1587
1518 1519
1518 1586
1518 1587
1518 1588
1519 1520
1519 1587
1519 1588
1519 1589
1520 1521
1520 1588
1520 1589
1521 1589
1522 1590
1522 1591
1523 1524
1523 1591
1523 1592
1523 1593
1524 1592
1524 1593
1524 1594
1525 1596
1525 1597
1526 1527
1526 1597
1526 1598
1526 1599
1527 1598
1527 1599
1527 1600
1528 1529
1528 1601
1528 1602
1529 1601
1529 1602
1529 1603
1530 1531
1530 1604
1530 1605
1530 1606
1531 1532
1531 1605
1531 1606
1531 1607
1532 1533
1532 1606
1532 1607
1532 1608
1533 1534
1533 1607
1533 1608
1534 1535
1534 1608
1534 1609
1535 1536
1535 1609
1535 1610
1536 1609
1536 1610
1536 1611
1537 1538
1537 1611
1537 1612
1537 1613
1538 1539
1538 1612
1538 1613
1538 1614
1539 1540
1539 1613
1539 1614
1540 1541
1540 1614
1540 1615
1541 1542
1541 1615
1542 1615
1543 1544
1543 1617
1543 1618
1543 1619
1544 1545
1544 1618
1544 1619
1544 1620
1545 1546
1545 1619
1545 1620
1546 1620
1546 1621
1547 1548
1547 1621
1547 1622
1547 1623
1548 1549
1548 1622
1548 1623
1548 1624
1549 1550
1549 1623
1549 1624
1549 1625
1550 1624
1550 1625
1550 1626
1551 1552
1551 1626
1551 1627
1551 1628
1552 1627
1552 1628
1552 1629
1553 1554
1553 1629
1553 1630
1554 1555
1554 1630
1554 1631
1555 1631
1555 1632
1556 1557
1556 1636
1556 1637
1557 1558
1557 1637
1557 1638
1558 1638
1558 1639
1559 1560
1559 1640
1559 1641
1559 1642
1560 1561
1560 1641
1560 1642
1560 1643
1561 1562
1561 1642
1561 1643
1561 1644
1562 1563
1562 1643
1562 1644
1563 1564
1563 1644
1563 1645
1564 1565
1564 1645
1564 1646
1565 1566
1565 1645
1565 1646
1565 1647
1566 1567
1566 1646
1566 1647
1566 1648
1567 1568
1567 1647
1567 1648
1568 1569
1568 1648
1568 1649
1569 1570
1569 1649
1569 1650
1570 1571
1570 1649
1570 1650
1570 1651
1571 1572
1571 1650
1571 1651
1571 1652
1572 1651
1572 1652
1572 1653
1573 1574
1573 1653
1573 1654
1574 1575
1574 1654
1574 1655
1575 1654
1575 1655
1575 1656
1576 1577
1576 1658
1576 1659
1577 1578
1577 1658
1577 1659
1578 1579
1578 1659
1578 1660
1579 1660
1579 1661
1580 1581
1580 1664
1580 1665
1581 1582
1581 1665
1581 1666
1582 1583
1582 1665
1582 1666
1582 1667
1583 1584
1583 1666
1583 1667
1583 1668
1584 1585
1584 1667
1584 1668
1584 1669
1585 1586
1585 1668
1585 1669
1586 1587
1586 1669
1586 1670
1587 1588
1587 1670
1587 1671
1588 1589
1588 1670
1588 1671
1588 1672
1589 1671
1589 1672
1590 1591
1591 1592
1591 1673
1592 1593
1592 1673
1592 1674
1593 1594
1593 1673
1593 1674
1593 1675
1594 1595
1594 1674
1594 1675
1594 1676
1595 1675
1595 1676
1595 1677
1596 1597
1596 1677
1596 1678
1596 1679
1597 1598
1597 1678
1597 1679
1597 1680
1598 1599
1598 1679
1598 1680
1598 1681
1599 1600
1599 1680
1599 1681
1599 1682
1600 1681
1600 1682
1600 1683
1601 1602
1601 1683
1601 1684
1601 1685
1602 1603
1602 1684
1602 1685
1603 1604
1603 1685
1603 1686
1604 1605
1604 1686
1605 1606
1605 1686
1605 1687
1606 1607
1606 1687
1606 1688
1607 1608
1607 1687
1607 1688
1607 1689
1608 1688
1608 1689
1608 1690
1609 1610
1609 1690
1609 1691
1609 1692
1610 1611
1610 1691
1610 1692
1610 1693
1611 1612
1611 1692
1611 1693
1611 1694
1612 1613
1612 1693
1612 1694
1612 1695
1613 1614
1613 1694
1613 1695
1613 1696
1614 1695
1614 1696
1615 1697
1616 1617
1616 1698
1616 1699
1617 1618
1617 1699
1617 1700
1618 1619
1618 1700
1618 1701
1619 1620
1619 1700
1619 1701
1619 1702
1620 1701
1620 1702
1620 1703
1621 1622
1621 1703
1621 1704
1621 1705
1622 1623
1622 1704
1622 1705
1623 1624
1623 1705
1623 1706
1624 1625
1624 1706
1624 1707
1625 1626
1625 1706
1625 1707
1626 1627
1626 1707
1626 1708
1627 1628
1627 1708
1627 1709
1628 1629
1628 1708
1628 1709
1629 1630
1629 1709
1629 1710
1630 1710
1630 1711
1631 1632
1631 1711
1631 1712
1631 1713
1632 1633
1632 1712
1632 1713
1632 1714
1633 1634
1633 1713
1633 1714
1633 1715
1634 1635
1634 1714
1634 1715
1635 1636
1635 1715
1636 1637
1636 1716
1637 1716
1637 1717
1638 1639
1638 1717
1638 1718
1639 1640
1639 1718
1639 1719
1640 1641
1640 1719
1640 1720
1641 1642
1641 1719
1641 1720
1641 1721
1642 1643
1642 1720
1642 1721
1642 1722
1643 1644
1643 1721
1643 1722
1643 1723
1644 1722
1644 1723
1644 1724
1645 1646
1645 1724
1645 1725
1645 1726
1646 1647
1646 1725
1646 1726
1646 1727
1647 1648
1647 1726
1647 1727
1647 1728
1648 1727
1648 1728
1649 1650
1649 1729
1649 1730
1650 1651
1650 1729
1650 1730
1650 1731
1651 1652
1651 1730
1651 1731
1651 1732
1652 1653
1652 1731
1652 1732
1652 1733
1653 1732
1653 1733
1653 1734
1654 1655
1654 1734
1654 1735
1654 1736
1655 1656
1655 1735
1655 1736
1655 1737
1656 1657
1656 1736
1656 1737
1656 1738
1657 1737
1657 1738
1658 1659
1658 1739
1658 1740
1659 1739
1659 1740
1659 1741
1660 1661
1660 1741
1660 1742
1661 1662
1661 1742
1662 1663
1662 1743
1663 1664
1663 1743
1663 1744
1664 1743
1664 1744
1664 1745
1665 1666
1665 1745
1665 1746
1665 1747
1666 1667
1666 1746
1666 1747
1666 1748
1667 1668
1667 1747
1667 1748
1667 1749
1668 1669
1668 1748
1668 1749
1668 1750
1669 1749
1669 1750
1669 1751
1670 1671
1670 1751
1670 1752
1670 1753
1671 1672
1671 1752
1671 1753
1671 1754
1672 1753
1672 1754
1672 1755
1673 1674
1673 1757
1673 1758
1674 1675
1674 1758
1675 1676
1675 1758
1675 1759
1676 1677
1676 1759
1676 1760
1677 1678
1677 1759
1677 1760
1677 1761
1678 1679
1678 1760
1678 1761
1678 1762
1679 1680
1679 1761
1679 1762
1680 1681
1680 1762
1680 1763
1681 1682
1681 1763
1681 1764
1682 1683
1682 1763
1682 1764
1682 1765
1683 1684
1683 1764
1683 1765
1683 1766
1684 1685
1684 1765
1684 1766
1685 1766
1685 1767
1686 1767
1686 1768
1687 1688
1687 1768
1687 1769
1688 1689
1688 1769
1689 1690
1689 1769
1689 1770
1690 1691
1690 1770
1690 1771
1691 1692
1691 1770
1691 1771
1691 1772
1692 1693
1692 1771
1692 1772
1692 1773
1693 1694
1693 1772
1693 1773
1694 1695
1694 1773
1694 1774
1695 1696
1695 1774
1695 1775
1696 1774
1696 1775
1696 1776
1697 1698
1697 1777
1697 1778
1697 1779
1698 1699
1698 1778
1698 1779
1698 1780
1699 1779
1699 1780
1699 1781
1700 1701
1700 1781
1700 1782
1700 1783
1701 1702
1701 1782
1701 1783
1701 1784
1702 1703
1702 1783
1702 1784
1702 1785
1703 1704
1703 1784
1703 1785
1703 1786
1704 1705
1704 1785
1704 1786
1705 1786
1705 1787
1706 1707
1706 1787
1706 1788
1707 1788
1707 1789
1708 1709
1708 1789
1708 1790
1708 1791
1709 1790
1709 1791
1709 1792
1710 1711
1710 1792
1710 1793
1710 1794
1711 1712
1711 1793
1711 1794
1711 1795
1712 1713
1712 1794
1712 1795
1712 1796
1713 1714
1713 1795
1713 1796
1713 1797
1714 1715
1714 1796
1714 1797
1714 1798
1715 1797
1715 1798
1715 1799
1716 1717
1716 1800
1716 1801
1717 1718
1717 1801
1718 1802
1719 1720
1719 1802
1719 1803
1720 1721
1720 1803
1720 1804
1721 1722
1721 1803
1721 1804
1721 1805
1722 1723
1722 1804
1722 1805
1722 1806
1723 1724
1723 1805
1723 1806
1723 1807
1724 1725
1724 1806
1724 1807
1725 1726
1725 1807
1725 1808
1726 1727
1726 1808
1726 1809
1727 1728
1727 1808
1727 1809
1728 1809
1728 1810
1729 1730
1729 1810
1729 1811
1729 1812
1730 1731
1730 1811
1730 1812
1730 1813
1731 1732
1731 1812
1731 1813
1731 1814
1732 1733
1732 1813
1732 1814
1732 1815
1733 1734
1733 1814
1733 1815
1734 1735
1734 1815
1734 1816
1735 1736
1735 1816
1735 1817
1736 1737
1736 1816
1736 1817
1737 1738
1737 1817
1737 1818
1738 1818
1738 1819
1739 1740
1739 1819
1740 1741
1741 1742
1741 1820
1742 1820
1742 1821
1743 1744
1743 1822
1743 1823
1744 1745
1744 1823
1744 1824
1745 1746
1745 1823
1745 1824
1745 1825
1746 1747
1746 1824
1746 1825
1747 1748
1747 1825
1747 1826
1748 1749
1748 1826
1748 1827
1749 1750
1749 1826
1749 1827
1750 1751
1750 1827
1750 1828
1751 1752
1751 1828
1751 1829
1752 1753
1752 1828
1752 1829
1752 1830
1753 1754
1753 1829
1753 1830
1753 1831
1754 1755
1754 1830
1754 1831
1755 1831
1756 1757
1756 1832
1756 1833
1757 1832
1757 1833
1757 1834
1758 1834
1758 1835
1758 1836
1759 1760
1759 1836
1760 1761
1760 1837
1761 1762
1761 1837
1761 1838
1762 1837
1762 1838
1762 1839
1763 1764
1763 1839
1763 1840
1763 1841
1764 1765
1764 1840
1764 1841
1764 1842
1765 1766
1765 1841
1765 1842
1766 1842
1766 1843
1767 1843
1768 1844
1768 1845
1769 1845
1769 1846
1769 1847
1770 1771
1770 1847
1770 1848
1770 1849
1771 1772
1771 1848
1771 1849
1771 1850
1772 1773
1772 1849
1772 1850
1772 1851
1773 1850
1773 1851
1773 1852
1774 1775
1774 1852
1774 1853
1774 1854
1775 1776
1775 1853
1775 1854
1775 1855
1776 1777
1776 1854
1776 1855
1776 1856
1777 1778
1777 1855
1777 1856
1777 1857
1778 1779
1778 1856
1778 1857
1778 1858
1779 1780
1779 1857
1779 1858
1779 1859
1780 1781
1780 1858
1780 1859
1781 1782
1781 1859
1782 1783
1783 1784
1783 1860
1784 1785
1784 1860
1784 1861
1785 1786
1785 1860
1785 1861
1785 1862
1786 1861
1786 1862
1787 1863
1787 1864
1788 1789
1788 1864
1788 1865
1788 1866
1789 1790
1789 1865
1789 1866
1789 1867
1790 1791
1790 1866
1790 1867
1790 1868
1791 1792
1791 1867
1791 1868
1792 1793
1792 1868
1792 1869
1793 1794
1793 1869
1793 1870
1794 1795
1794 1869
1794 1870
1794 1871
1795 1796
1795 1870
1795 1871
1795 1872
1796 1797
1796 1871
1796 1872
1796 1873
1797 1798
1797 1872
1797 1873
1797 1874
1798 1799
1798 1873
1798 1874
1798 1875
1799 1800
1799 1874
1799 1875
1799 1876
1800 1801
1800 1875
1800 1876
1800 1877
1801 1876
1801 1877
1801 1878
1802 1879
1802 1880
1803 1804
1803 1881
1803 1882
1804 1805
1804 1881
1804 1882
1804 1883
1805 1806
1805 1882
1805 1883
1806 1807
1806 1883
1806 1884
1807 1884
1807 1885
1808 1809
1808 1885
1808 1886
1808 1887
1809 1886
1809 1887
1809 1888
1810 1811
1810 1888
1810 1889
1811 1812
1811 1889
1811 1890
1812 1813
1812 1890
1812 1891
1813 1814
1813 1890
1813 1891
1813 1892
1814 1815
1814 1891
1814 1892
1815 1892
1815 1893
1816 1817
1816 1893
1816 1894
1816 1895
1817 1894
1817 1895
1817 1896
1818 1819
1818 1896
1818 1897
1819 1897
1819 1898
1820 1821
1820 1900
1820 1901
1820 1902
1821 1822
1821 1901
1821 1902
1822 1902
1822 1903
1823 1824
1823 1903
1823 1904
1823 1905
1824 1825
1824 1904
1824 1905
1824 1906
1825 1905
1825 1906
1826 1827
1826 1907
1827 1907
1827 1908
1828 1829
1828 1908
1828 1909
1828 1910
1829 1830
1829 1909
1829 1910
1829 1911
1830 1831
1830 1910
1830 1911
1830 1912
1831 1911
1831 1912
1831 1913
1832 1833
1832 1914
1833 1834
1833 1914
1834 1835
1835 1836
1836 1915
1837 1838
1837 1916
1837 1917
1837 1918
1838 1839
1838 1917
1838 1918
1838 1919
1839 1840
1839 1918
1839 1919
1839 1920
1840 1841
1840 1919
1840 1920
1841 1842
1841 1920
1841 1921
1842 1921
1842 1922
1843 1922
1843 1923
1843 1924
1844 1845
1844 1925
1844 1926
1844 1927
1845 1846
1845 1926
1845 1927
1845 1928
1846 1847
1846 1927
1846 1928
1847 1848
1847 1928
1847 1929
1848 1849
1848 1929
1848 1930
1849 1850
1849 1929
1849 1930
1849 1931
1850 1851
1850 1930
1850 1931
1850 1932
1851 1852
1851 1931
1851 1932
1851 1933
1852 1853
1852 1932
1852 1933
1852 1934
1853 1854
1853 1933
1853 1934
1853 1935
1854 1855
1854 1934
1854 1935
1854 1936
1855 1856
1855 1935
1855 1936
1855 1937
1856 1857
1856 1936
1856 1937
1856 1938
1857 1858
1857 1937
1857 1938
1857 1939
1858 1859
1858 1938
1858 1939
1858 1940
1859 1939
1859 1940
1859 1941
1860 1861
1860 1943
1860 1944
1860 1945
1861 1862
1861 1944
1861 1945
1861 1946
1862 1945
1862 1946
1862 1947
1863 1864
1863 1947
1863 1948
1863 1949
1864 1865
1864 1948
1864 1949
1864 1950
1865 1866
1865 1949
1865 1950
1866 1867
1866 1950
1866 1951
1867 1868
1867 1951
1867 1952
1868 1951
1868 1952
1869 1870
1869 1953
1869 1954
1870 1871
1870 1953
1870 1954
1871 1872
1871 1954
1872 1873
1873 1874
1873 1955
1874 1875
1874 1955
1874 1956
1875 1876
1875 1955
1875 1956
1875 1957
1876 1877
1876 1956
1876 1957
1876 1958
1877 1878
1877 1957
1877 1958
1878 1879
1878 1958
1878 1959
1879 1880
1879 1959
1879 1960
1880 1959
1880 1960
1880 1961
1881 1882
1881 1961
1881 1962
1882 1883
1882 1962
1882 1963
1883 1962
1883 1963
1883 1964
1884 1885
1884 1964
1884 1965
1884 1966
1885 1886
1885 1965
1885 1966
1886 1887
1886 1966
1887 1888
1887 1967
1888 1889
1888 1967
1889 1967
1889 1968
1890 1891
1890 1968
1890 1969
1891 1892
1891 1969
1892 1969
1892 1970
1893 1894
1893 1970
1893 1971
1893 1972
1894 1895
1894 1971
1894 1972
1894 1973
1895 1896
1895 1972
1895 1973
1895 1974
1896 1897
1896 1973
1896 1974
1897 1974
1897 1975
1898 1899
1898 1975
1898 1976
1898 1977
1899 1900
1899 1976
1899 1977
1899 1978
1900 1901
1900 1977
1900 1978
1900 1979
1901 1902
1901 1978
1901 1979
1901 1980
1902 1979
1902 1980
1903 1904
1903 1981
1903 1982
1904 1905
1904 1981
1904 1982
1904 1983
1905 1906
1905 1982
1905 1983
1905 1984
1906 1983
1906 1984
1906 1985
1907 1908
1907 1986
1907 1987
1908 1909
1908 1986
1908 1987
1909 1910
1909 1987
1909 1988
1910 1911
1910 1988
1910 1989
1911 1912
1911 1988
1911 1989
1911 1990
1912 1913
1912 1989
1912 1990
1912 1991
1913 1990
1913 1991
1914 1992
1915 1916
1915 1995
1916 1917
1916 1995
1916 1996
1917 1918
1917 1996
1917 1997
1918 1919
1918 1996
1918 1997
1918 1998
1919 1920
1919 1997
1919 1998
1919 1999
1920 1998
1920 1999
1920 2000
1921 1922
1921 2000
1921 2001
1921 2002
1922 1923
1922 2001
1922 2002
1922 2003
1923 1924
1923 2002
1923 2003
1923 2004
1924 1925
1924 2003
1924 2004
1925 1926
1925 2004
1925 2005
1926 1927
1926 2005
1926 2006
1927 1928
1927 2005
1927 2006
1927 2007
1928 2006
1928 2007
1928 2008
1929 1930
1929 2008
1929 2009
1929 2010
1930 1931
1930 2009
1930 2010
1930 2011
1931 1932
1931 2010
1931 2011
1931 2012
1932 1933
1932 2011
1932 2012
1933 1934
1933 2012
1933 2013
1934 1935
1934 2013
1934 2014
1935 1936
1935 2013
1935 2014
1935 2015
1936 1937
1936 2014
1936 2015
1936 2016
1937 1938
1937 2015
1937 2016
1937 2017
1938 1939
1938 2016
1938 2017
1938 2018
1939 1940
1939 2017
1939 2018
1940 1941
1940 2018
1940 2019
1941 1942
1941 2019
1941 2020
1942 1943
1942 2019
1942 2020
1943 1944
1943 2020
1943 2021
1944 1945
1944 2021
1945 1946
1945 2021
1945 2022
1946 1947
1946 2022
1947 1948
1947 2022
1948 1949
1949 1950
1949 2023
1950 2023
1950 2024
1951 1952
1951 2024
1951 2025
1951 2026
1952 2025
1952 2026
1952 2027
1953 1954
1953 2027
1953 2028
1954 2028
1954 2029
1955 1956
1955 2031
1955 2032
1955 2033
1956 1957
1956 2032
1956 2033
1956 2034
1957 1958
1957 2033
1957 2034
1957 2035
1958 2034
1958 2035
1958 2036
1959 1960
1959 2036
1959 2037
1959 2038
1960 1961
1960 2037
1960 2038
1961 2038
1961 2039
1962 1963
1962 2039
1962 2040
1963 1964
1963 2040
1963 2041
1964 1965
1964 2041
1964 2042
1965 1966
1965 2041
1965 2042
1965 2043
1966 2042
1966 2043
1966 2044
1967 2045
1967 2046
1968 2046
1968 2047
1968 2048
1969 2048
1969 2049
1970 1971
1970 2049
1970 2050
1970 2051
1971 1972
1971 2050
1971 2051
1971 2052
1972 1973
1972 2051
1972 2052
1973 1974
1973 2052
1973 2053
1974 2053
1975 1976
1975 2054
1975 2055
1976 1977
1976 2054
1976 2055
1977 1978
1977 2055
1977 2056
1978 1979
1978 2056
1978 2057
1979 1980
1979 2056
1979 2057
1980 2057
1980 2058
1981 1982
1981 2058
1981 2059
1981 2060
1982 1983
1982 2059
1982 2060
1983 1984
1983 2060
1984 1985
1984 2061
1985 2061
1985 2062
1986 1987
1986 2062
1986 2063
1986 2064
1987 2063
1987 2064
1987 2065
1988 1989
1988 2065
1988 2066
1989 1990
1989 2066
1989 2067
1990 1991
1990 2067
1990 2068
1991 2067
1991 2068
1992 1993
1992 2069
1993 1994
1993 2069
1994 2070
1995 2070
1995 2071
1995 2072
1996 1997
1996 2072
1996 2073
1997 1998
1997 2073
1997 2074
1998 1999
1998 2074
1999 2000
1999 2074
1999 2075
2000 2001
2000 2075
2000 2076
2001 2002
2001 2075
2001 2076
2002 2003
2002 2076
2002 2077
2003 2004
2003 2077
2003 2078
2004 2077
2004 2078
2004 2079
2005 2006
2005 2079
2005 2080
2006 2007
2006 2080
2006 2081
2007 2008
2007 2081
2007 2082
2008 2009
2008 2081
2008 2082
2008 2083
2009 2010
2009 2082
2009 2083
2009 2084
2010 2011
2010 2083
2010 2084
2010 2085
2011 2012
2011 2084
2011 2085
2011 2086
2012 2085
2012 2086
2012 2087
2013 2014
2013 2087
2013 2088
2013 2089
2014 2015
2014 2088
2014 2089
2014 2090
2015 2016
2015 2089
2015 2090
2015 2091
2016 2017
2016 2090
2016 2091
2016 2092
2017 2018
2017 2091
2017 2092
2017 2093
2018 2092
2018 2093
2019 2020
2019 2094
2019 2095
2020 2094
2020 2095
2021 2096
2022 2096
2022 2097
2022 2098
2023 2024
2023 2100
2024 2025
2024 2101
2025 2026
2025 2101
2026 2027
2026 2101
2027 2102
2028 2029
2028 2102
2028 2103
2028 2104
2029 2030
2029 2103
2029 2104
2029 2105
2030 2031
2030 2104
2030 2105
2030 2106
2031 2032
2031 2105
2031 2106
2031 2107
2032 2033
2032 2106
2032 2107
2032 2108
2033 2034
2033 2107
2033 2108
2033 2109
2034 2035
2034 2108
2034 2109
2034 2110
2035 2036
2035 2109
2035 2110
2035 2111
2036 2037
2036 2110
2036 2111
2036 2112
2037 2038
2037 2111
2037 2112
2037 2113
2038 2112
2038 2113
2038 2114
2039 2040
2039 2114
2039 2115
2040 2115
2040 2116
2041 2042
2041 2116
2041 2117
2041 2118
2042 2043
2042 2117
2042 2118
2042 2119
2043 2044
2043 2118
2043 2119
2044 2119
2044 2120
2045 2046
2045 2120
2045 2121
2045 2122
2046 2047
2046 2121
2046 2122
2046 2123
2047 2048
2047 2122
2047 2123
2047 2124
2048 2123
2048 2124
2048 2125
2049 2050
2049 2125
2049 2126
2049 2127
2050 2051
2050 2126
2050 2127
2051 2052
2051 2127
2051 2128
2052 2128
2052 2129
2053 2129
2053 2130
2053 2131
2054 2055
2054 2131
2054 2132
2054 2133
2055 2132
2055 2133
2055 2134
2056 2057
2056 2134
2056 2135
2056 2136
2057 2135
2057 2136
2057 2137
2058 2059
2058 2137
2058 2138
2059 2060
2059 2138
2059 2139
2060 2139
2060 2140
2061 2062
2061 2141
2061 2142
2061 2143
2062 2063
2062 2142
2062 2143
2062 2144
2063 2064
2063 2143
2063 2144
2063 2145
2064 2065
2064 2144
2064 2145
2064 2146
2065 2066
2065 2145
2065 2146
2065 2147
2066 2146
2066 2147
2066 2148
2067 2068
2067 2148
2067 2149
2067 2150
2068 2149
2068 2150
2070 2071
2070 2151
2070 2152
2070 2153
2071 2072
2071 2152
2071 2153
2071 2154
2072 2073
2072 2153
2072 2154
2072 2155
2073 2154
2073 2155
2073 2156
2074 2156
2074 2157
2074 2158
2075 2076
2075 2158
2075 2159
2075 2160
2076 2159
2076 2160
2076 2161
2077 2078
2077 2161
2077 2162
2077 2163
2078 2079
2078 2162
2078 2163
2078 2164
2079 2080
2079 2163
2079 2164
2080 2164
2081 2082
2081 2165
2081 2166
2082 2083
2082 2165
2082 2166
2082 2167
2083 2084
2083 2166
2083 2167
2083 2168
2084 2085
2084 2167
2084 2168
2084 2169
2085 2086
2085 2168
2085 2169
2086 2087
2086 2169
2086 2170
2087 2088
2087 2170
2087 2171
2088 2089
2088 2170
2088 2171
2089 2090
2089 2171
2089 2172
2090 2091
2090 2172
2090 2173
2091 2092
2091 2172
2091 2173
2092 2093
2092 2173
2093 2174
2094 2095
2094 2174
2094 2175
2095 2175
2096 2097
2096 2176
2097 2098
2097 2177
2098 2099
2098 2177
2098 2178
2099 2100
2099 2177
2099 2178
2099 2179
2100 2178
2100 2179
2100 2180
2101 2181
2101 2182
2102 2103
2102 2183
2102 2184
2103 2104
2103 2184
2103 2185
2104 2105
2104 2185
2104 2186
2105 2106
2105 2185
2105 2186
2106 2107
2106 2186
2106 2187
2107 2108
2107 2187
2107 2188
2108 2109
2108 2187
2108 2188
2109 2110
2109 2188
2109 2189
2110 2111
2110 2189
2110 2190
2111 2112
2111 2189
2111 2190
2111 2191
2112 2113
2112 2190
2112 2191
2113 2114
2113 2191
2114 2115
2114 2192
2115 2192
2115 2193
2116 2117
2116 2193
2116 2194
2116 2195
2117 2118
2117 2194
2117 2195
2117 2196
2118 2119
2118 2195
2118 2196
2118 2197
2119 2196
2119 2197
2120 2121
2120 2198
2121 2122
2121 2198
2121 2199
2122 2123
2122 2198
2122 2199
2122 2200
2123 2124
2123 2199
2123 2200
2123 2201
2124 2125
2124 2200
2124 2201
2125 2126
2125 2201
2125 2202
2126 2127
2126 2202
2126 2203
2127 2202
2127 2203
2127 2204
2128 2129
2128 2204
2128 2205
2129 2130
2129 2205
2129 2206
2130 2131
2130 2205
2130 2206
2130 2207
2131 2132
2131 2206
2131 2207
2131 2208
2132 2133
2132 2207
2132 2208
2132 2209
2133 2134
2133 2208
2133 2209
2133 2210
2134 2135
2134 2209
2134 2210
2134 2211
2135 2136
2135 2210
2135 2211
2136 2137
2136 2211
2136 2212
2137 2138
2137 2212
2137 2213
2138 2212
2138 2213
2139 2140
2139 2214
2139 2215
2140 2141
2140 2214
2140 2215
2140 2216
2141 2142
2141 2215
2141 2216
2141 2217
2142 2143
2142 2216
2142 2217
2143 2144
2143 2217
2144 2145
2144 2218
2145 2146
2145 2218
2145 2219
2146 2147
2146 2218
2146 2219
2146 2220
2147 2148
2147 2219
2147 2220
2148 2149
2148 2220
2148 2221
2149 2150
2149 2221
2149 2222
2150 2221
2150 2222
2151 2152
2151 2225
2151 2226
2152 2153
2152 2226
2153 2154
2153 2226
2153 2227
2154 2155
2154 2227
2154 2228
2155 2156
2155 2227
2155 2228
2155 2229
2156 2157
2156 2228
2156 2229
2156 2230
2157 2158
2157 2229
2157 2230
2157 2231
2158 2159
2158 2230
2158 2231
2158 2232
2159 2160
2159 2231
2159 2232
2160 2161
2160 2232
2160 2233
2161 2162
2161 2233
2161 2234
2162 2163
2162 2233
2162 2234
2162 2235
2163 2164
2163 2234
2163 2235
2164 2235
2164 2236
2165 2166
2165 2237
2165 2238
2165 2239
2166 2167
2166 2238
2166 2239
2166 2240
2167 2168
2167 2239
2167 2240
2167 2241
2168 2169
2168 2240
2168 2241
2168 2242
2169 2241
2169 2242
2170 2171
2170 2243
2170 2244
2171 2243
2171 2244
2172 2173
2172 2245
2172 2246
2173 2245
2173 2246
2173 2247
2174 2175
2174 2248
2174 2249
2174 2250
2175 2249
2175 2250
2176 2251
2176 2252
2176 2253
2177 2178
2177 2254
2177 2255
2177 2256
2178 2179
2178 2255
2178 2256
2178 2257
2179 2180
2179 2256
2179 2257
2179 2258
2180 2181
2180 2257
2180 2258
2180 2259
2181 2182
2181 2258
2181 2259
2182 2259
2182 2260
2183 2184
2183 2260
2183 2261
2183 2262
2184 2261
2184 2262
2185 2186
2185 2263
2185 2264
2186 2263
2186 2264
2186 2265
2187 2188
2187 2265
2187 2266
2187 2267
2188 2266
2188 2267
2188 2268
2189 2190
2189 2268
2189 2269
2190 2191
2190 2269
2191 2270
2192 2193
2192 2271
2192 2272
2193 2194
2193 2272
2193 2273
2194 2195
2194 2273
2194 2274
2195 2196
2195 2273
2195 2274
2195 2275
2196 2197
2196 2274
2196 2275
2196 2276
2197 2275
2197 2276
2197 2277
2198 2199
2198 2278
2198 2279
2199 2200
2199 2278
2199 2279
2199 2280
2200 2201
2200 2279
2200 2280
2200 2281
2201 2280
2201 2281
2202 2203
2202 2282
2202 2283
2203 2204
2203 2282
2203 2283
2204 2283
2204 2284
2205 2206
2205 2284
2205 2285
2205 2286
2206 2207
2206 2285
2206 2286
2206 2287
2207 2208
2207 2286
2207 2287
2207 2288
2208 2209
2208 2287
2208 2288
2208 2289
2209 2210
2209 2288
2209 2289
2209 2290
2210 2211
2210 2289
2210 2290
2210 2291
2211 2290
2211 2291
2211 2292
2212 2213
2212 2292
2212 2293
2212 2294
2213 2293
2213 2294
2213 2295
2214 2215
2214 2295
2214 2296
2214 2297
2215 2216
2215 2296
2215 2297
2215 2298
2216 2217
2216 2297
2216 2298
2217 2298
2217 2299
2218 2219
2218 2300
2218 2301
2218 2302
2219 2220
2219 2301
2219 2302
2219 2303
2220 2302
2220 2303
2220 2304
2221 2222
2221 2304
2221 2305
2222 2305
2223 2224
2223 2306
2223 2307
2224 2225
2224 2306
2224 2307
2224 2308
2225 2307
2225 2308
2225 2309
2226 2309
2226 2310
2226 2311
2227 2228
2227 2311
2227 2312
2227 2313
2228 2229
2228 2312
2228 2313
2228 2314
2229 2230
2229 2313
2229 2314
2229 2315
2230 2231
2230 2314
2230 2315
2230 2316
2231 2232
2231 2315
2231 2316
2231 2317
2232 2316
2232 2317
2233 2234
2233 2318
2233 2319
2234 2235
2234 2318
2234 2319
2234 2320
2235 2319
2235 2320
2236 2237
2236 2321
2237 2238
2237 2321
2238 2239
2238 2321
2239 2240
2239 2322
2240 2241
2240 2322
2240 2323
2241 2242
2241 2322
2241 2323
2241 2324
2242 2323
2242 2324
2242 2325
2243 2244
2243 2325
2244 2326
2245 2246
2245 2326
2245 2327
2245 2328
2246 2247
2246 2327
2246 2328
2246 2329
2247 2248
2247 2328
2247 2329
2247 2330
2248 2249
2248 2329
2248 2330
2248 2331
2249 2250
2249 2330
2249 2331
2249 2332
2250 2331
2250 2332
2251 2252
2251 2333
2251 2334
2252 2253
2252 2333
2252 2334
2252 2335
2253 2254
2253 2334
2253 2335
2254 2255
2254 2335
2254 2336
2255 2256
2255 2336
2256 2257
2256 2336
2256 2337
2257 2258
2257 2337
2257 2338
2258 2259
2258 2337
2258 2338
2258 2339
2259 2338
2259 2339
2259 2340
2260 2261
2260 2340
2260 2341
2260 2342
2261 2262
2261 2341
2261 2342
2261 2343
2262 2342
2262 2343
2262 2344
2263 2264
2263 2344
2263 2345
2264 2265
2264 2345
2265 2266
2265 2345
2265 2346
2266 2267
2266 2346
2266 2347
2267 2268
2267 2346
2267 2347
2268 2269
2268 2347
2268 2348
2269 2348
2269 2349
2270 2271
2270 2350
2270 2351
2270 2352
2271 2272
2271 2351
2271 2352
2272 2352
2272 2353
2273 2274
2273 2353
2273 2354
2273 2355
2274 2275
2274 2354
2274 2355
2274 2356
2275 2276
2275 2355
2275 2356
2275 2357
2276 2277
2276 2356
2276 2357
2276 2358
2277 2357
2277 2358
2277 2359
2278 2279
2278 2359
2278 2360
2278 2361
2279 2280
2279 2360
2279 2361
2279 2362
2280 2281
2280 2361
2280 2362
2281 2362
2281 2363
2282 2283
2282 2363
2282 2364
2282 2365
2283 2364
2283 2365
2283 2366
2284 2285
2284 2366
2284 2367
2284 2368
2285 2286
2285 2367
2285 2368
2285 2369
2286 2287
2286 2368
2286 2369
2287 2288
2287 2369
2287 2370
2288 2289
2288 2370
2288 2371
2289 2290
2289 2370
2289 2371
2290 2291
2290 2371
2290 2372
2291 2292
2291 2372
2291 2373
2292 2293
2292 2372
2292 2373
2292 2374
2293 2294
2293 2373
2293 2374
2293 2375
2294 2295
2294 2374
2294 2375
2294 2376
2295 2296
2295 2375
2295 2376
2295 2377
2296 2297
2296 2376
2296 2377
2296 2378
2297 2298
2297 2377
2297 2378
2297 2379
2298 2378
2298 2379
2299 2300
2299 2380
2300 2301
2300 2380
2300 2381
2301 2302
2301 2381
2301 2382
2302 2303
2302 2381
2302 2382
2302 2383
2303 2304
2303 2382
2303 2383
2303 2384
2304 2383
2304 2384
2304 2385
2305 2385
2305 2386
2306 2307
2306 2387
2306 2388
2307 2308
2307 2387
2307 2388
2307 2389
2308 2309
2308 2388
2308 2389
2308 2390
2309 2310
2309 2389
2309 2390
2309 2391
2310 2311
2310 2390
2310 2391
2311 2312
2311 2391
2311 2392
2312 2313
2312 2392
2313 2314
2313 2392
2313 2393
2314 2315
2314 2393
2314 2394
2315 2316
2315 2393
2315 2394
2315 2395
2316 2317
2316 2394
2316 2395
2316 2396
2317 2395
2317 2396
2317 2397
2318 2319
2318 2397
2318 2398
2318 2399
2319 2320
2319 2398
2319 2399
2319 2400
2320 2399
2320 2400
2321 2401
2321 2402
2322 2323
2322 2403
2322 2404
2322 2405
2323 2324
2323 2404
2323 2405
2323 2406
2324 2325
2324 2405
2324 2406
2324 2407
2325 2406
2325 2407
2325 2408
2326 2327
2326 2409
2327 2328
2327 2409
2327 2410
2328 2329
2328 2409
2328 2410
2329 2330
2329 2410
2330 2331
2330 2411
2331 2332
2331 2411
2331 2412
2332 2411
2332 2412
2332 2413
2333 2334
2333 2413
2333 2414
2333 2415
2334 2335
2334 2414
2334 2415
2335 2415
2336 2416
2336 2417
2337 2338
2337 2417
2337 2418
2337 2419
2338 2339
2338 2418
2338 2419
2338 2420
2339 2340
2339 2419
2339 2420
2339 2421
2340 2341
2340 2420
2340 2421
2340 2422
2341 2342
2341 2421
2341 2422
2341 2423
2342 2343
2342 2422
2342 2423
2342 2424
2343 2344
2343 2423
2343 2424
2343 2425
2344 2424
2344 2425
2345 2426
2345 2427
2346 2347
2346 2427
2346 2428
2347 2428
2347 2429
2348 2349
2348 2429
2348 2430
2348 2431
2349 2350
2349 2430
2349 2431
2349 2432
2350 2351
2350 2431
2350 2432
2350 2433
2351 2352
2351 2432
2351 2433
2351 2434
2352 2433
2352 2434
2352 2435
2353 2354
2353 2435
2353 2436
2353 2437
2354 2355
2354 2436
2354 2437
2355 2356
2355 2437
2355 2438
2356 2357
2356 2438
2356 2439
2357 2358
2357 2438
2357 2439
2357 2440
2358 2359
2358 2439
2358 2440
2359 2360
2359 2440
2359 2441
2360 2361
2360 2441
2360 2442
2361 2362
2361 2441
2361 2442
2362 2442
2362 2443
2363 2364
2363 2443
2363 2444
2363 2445
2364 2365
2364 2444
2364 2445
2364 2446
2365 2366
2365 2445
2365 2446
2366 2367
2366 2446
2366 2447
2367 2368
2367 2447
2367 2448
2368 2369
2368 2447
2368 2448
2368 2449
2369 2448
2369 2449
2369 2450
2370 2371
2370 2450
2370 2451
2370 2452
2371 2451
2371 2452
2371 2453
2372 2373
2372 2453
2372 2454
2372 2455
2373 2374
2373 2454
2373 2455
2373 2456
2374 2375
2374 2455
2374 2456
2374 2457
2375 2376
2375 2456
2375 2457
2375 2458
2376 2377
2376 2457
2376 2458
2376 2459
2377 2378
2377 2458
2377 2459
2378 2379
2378 2459
2378 2460
2379 2460
2379 2461
2380 2461
2380 2462
2380 2463
2381 2382
2381 2463
2381 2464
2381 2465
2382 2383
2382 2464
2382 2465
2382 2466
2383 2384
2383 2465
2383 2466
2383 2467
2384 2385
2384 2466
2384 2467
2384 2468
2385 2386
2385 2467
2385 2468
2385 2469
2386 2468
2386 2469
2387 2388
2387 2470
2387 2471
2388 2389
2388 2470
2388 2471
2388 2472
2389 2390
2389 2471
2389 2472
2389 2473
2390 2391
2390 2472
2390 2473
2390 2474
2391 2473
2391 2474
2392 2475
2392 2476
2393 2394
2393 2476
2393 2477
2394 2395
2394 2477
2394 2478
2395 2396
2395 2478
2395 2479
2396 2397
2396 2478
2396 2479
2396 2480
2397 2398
2397 2479
2397 2480
2398 2399
2398 2480
2398 2481
2399 2400
2399 2481
2399 2482
2400 2481
2400 2482
2400 2483
2401 2483
2401 2484
2402 2403
2402 2485
2402 2486
2403 2404
2403 2485
2403 2486
2403 2487
2404 2405
2404 2486
2404 2487
2404 2488
2405 2406
2405 2487
2405 2488
2405 2489
2406 2407
2406 2488
2406 2489
2406 2490
2407 2408
2407 2489
2407 2490
2407 2491
2408 2490
2408 2491
2408 2492
2409 2410
2409 2493
2409 2494
2410 2493
2410 2494
2410 2495
2411 2412
2411 2496
2411 2497
2412 2413
2412 2497
2412 2498
2413 2414
2413 2498
2413 2499
2414 2415
2414 2498
2414 2499
2414 2500
2415 2499
2415 2500
2415 2501
2416 2417
2416 2502
2416 2503
2416 2504
2417 2418
2417 2503
2417 2504
2417 2505
2418 2419
2418 2504
2418 2505
2418 2506
2419 2420
2419 2505
2419 2506
2419 2507
2420 2421
2420 2506
2420 2507
2420 2508
2421 2422
2421 2507
2421 2508
2422 2423
2422 2508
2422 2509
2423 2424
2423 2509
2423 2510
2424 2425
2424 2509
2424 2510
2424 2511
2425 2510
2425 2511
2426 2427
2426 2512
2426 2513
2427 2512
2427 2513
2427 2514
2428 2429
2428 2514
2428 2515
2428 2516
2429 2430
2429 2515
2429 2516
2429 2517
2430 2431
2430 2516
2430 2517
2431 2432
2431 2517
2431 2518
2432 2433
2432 2518
2432 2519
2433 2434
2433 2518
2433 2519
2433 2520
2434 2435
2434 2519
2434 2520
2435 2436
2435 2520
2435 2521
2436 2437
2436 2521
2437 2521
2438 2439
2438 2522
2438 2523
2439 2440
2439 2522
2439 2523
2439 2524
2440 2523
2440 2524
2440 2525
2441 2442
2441 2525
2441 2526
2441 2527
2442 2526
2442 2527
2443 2444
2443 2528
2443 2529
2444 2445
2444 2528
2444 2529
2444 2530
2445 2446
2445 2529
2445 2530
2445 2531
2446 2530
2446 2531
2446 2532
2447 2448
2447 2532
2447 2533
2447 2534
2448 2449
2448 2533
2448 2534
2448 2535
2449 2450
2449 2534
2449 2535
2449 2536
2450 2451
2450 2535
2450 2536
2450 2537
2451 2452
2451 2536
2451 2537
2451 2538
2452 2453
2452 2537
2452 2538
2452 2539
2453 2454
2453 2538
2453 2539
2453 2540
2454 2455
2454 2539
2454 2540
2454 2541
2455 2456
2455 2540
2455 2541
2455 2542
2456 2457
2456 2541
2456 2542
2457 2458
2457 2542
2457 2543
2458 2459
2458 2543
2459 2543
2460 2461
2460 2544
2460 2545
2461 2462
2461 2544
2461 2545
2461 2546
2462 2463
2462 2545
2462 2546
2462 2547
2463 2464
2463 2546
2463 2547
2464 2465
2464 2547
2464 2548
2465 2466
2465 2548
2466 2467
2466 2548
2466 2549
2467 2468
2467 2549
2467 2550
2468 2469
2468 2549
2468 2550
2468 2551
2469 2550
2469 2551
2470 2471
2470 2552
2471 2472
2471 2552
2471 2553
2472 2473
2472 2552
2472 2553
2473 2474
2473 2553
2473 2554
2474 2554
2474 2555
2475 2476
2475 2555
2475 2556
2475 2557
2476 2477
2476 2556
2476 2557
2477 2557
2477 2558
2478 2479
2478 2558
2478 2559
2478 2560
2479 2480
2479 2559
2479 2560
2479 2561
2480 2560
2480 2561
2481 2482
2481 2562
2482 2483
2482 2562
2482 2563
2483 2484
2483 2563
2483 2564
2484 2563
2484 2564
2484 2565
2485 2486
2485 2565
2485 2566
2485 2567
2486 2487
2486 2566
2486 2567
2487 2488
2487 2567
2487 2568
2488 2489
2488 2568
2488 2569
2489 2490
2489 2568
2489 2569
2489 2570
2490 2491
2490 2569
2490 2570
2491 2492
2491 2570
2491 2571
2492 2571
2492 2572
2493 2494
2493 2572
2493 2573
2494 2495
2494 2573
2494 2574
2495 2496
2495 2574
2495 2575
2496 2497
2496 2574
2496 2575
2497 2575
2497 2576
2498 2499
2498 2576
2498 2577
2498 2578
2499 2500
2499 2577
2499 2578
2499 2579
2500 2501
2500 2578
2500 2579
2500 2580
2501 2502
2501 2579
2501 2580
2501 2581
2502 2503
2502 2580
2502 2581
2502 2582
2503 2504
2503 2581
2503 2582
2503 2583
2504 2505
2504 2582
2504 2583
2504 2584
2505 2506
2505 2583
2505 2584
2505 2585
2506 2507
2506 2584
2506 2585
2506 2586
2507 2508
2507 2585
2507 2586
2507 2587
2508 2586
2508 2587
2509 2510
2509 2588
2509 2589
2510 2511
2510 2588
2510 2589
2510 2590
2511 2589
2511 2590
2512 2513
2512 2591
2512 2592
2513 2514
2513 2591
2513 2592
2513 2593
2514 2515
2514 2592
2514 2593
2514 2594
2515 2516
2515 2593
2515 2594
2515 2595
2516 2517
2516 2594
2516 2595
2516 2596
2517 2595
2517 2596
2518 2519
2518 2597
2518 2598
2519 2520
2519 2597
2519 2598
2519 2599
2520 2598
2520 2599
2520 2600
2521 2600
2521 2601
2521 2602
2522 2523
2522 2603
2522 2604
2523 2524
2523 2603
2523 2604
2523 2605
2524 2525
2524 2604
2524 2605
2524 2606
2525 2526
2525 2605
2525 2606
2525 2607
2526 2527
2526 2606
2526 2607
2526 2608
2527 2607
2527 2608
2527 2609
2528 2529
2528 2609
2528 2610
2529 2530
2529 2610
2530 2531
2530 2610
2530 2611
2531 2532
2531 2611
2531 2612
2532 2533
2532 2611
2532 2612
2532 2613
2533 2534
2533 2612
2533 2613
2534 2535
2534 2613
2534 2614
2535 2536
2535 2614
2535 2615
2536 2537
2536 2614
2536 2615
2537 2538
2537 2615
2537 2616
2538 2539
2538 2616
2539 2540
2539 2616
2539 2617
2540 2541
2540 2617
2540 2618
2541 2542
2541 2617
2541 2618
2541 2619
2542 2618
2542 2619
2543 2620
2544 2545
2544 2621
2544 2622
2544 2623
2545 2546
2545 2622
2545 2623
2545 2624
2546 2547
2546 2623
2546 2624
2546 2625
2547 2624
2547 2625
2547 2626
2548 2626
2548 2627
2548 2628
2549 2550
2549 2628
2549 2629
2550 2551
2550 2629
2550 2630
2551 2630
2552 2553
2552 2631
2552 2632
2553 2632
2553 2633
2554 2555
2554 2633
2554 2634
2555 2556
2555 2634
2555 2635
2556 2557
2556 2634
2556 2635
2556 2636
2557 2635
2557 2636
2557 2637
2558 2559
2558 2637
2558 2638
2558 2639
2559 2560
2559 2638
2559 2639
2560 2561
2560 2639
2561 2640
2562 2640
2562 2641
2563 2564
2563 2642
2563 2643
2564 2565
2564 2642
2564 2643
2564 2644
2565 2566
2565 2643
2565 2644
2565 2645
2566 2567
2566 2644
2566 2645
2567 2645
2567 2646
2568 2569
2568 2646
2568 2647
2568 2648
2569 2570
2569 2647
2569 2648
2569 2649
2570 2648
2570 2649
2570 2650
2571 2572
2571 2650
2571 2651
2571 2652
2572 2573
2572 2651
2572 2652
2572 2653
2573 2652
2573 2653
2573 2654
2574 2575
2574 2654
2574 2655
2574 2656
2575 2655
2575 2656
2575 2657
2576 2577
2576 2657
2576 2658
2577 2578
2577 2658
2577 2659
2578 2579
2578 2659
2578 2660
2579 2580
2579 2659
2579 2660
2579 2661
2580 2581
2580 2660
2580 2661
2580 2662
2581 2582
2581 2661
2581 2662
2581 2663
2582 2583
2582 2662
2582 2663
2582 2664
2583 2584
2583 2663
2583 2664
2583 2665
2584 2585
2584 2664
2584 2665
2585 2586
2585 2665
2585 2666
2586 2587
2586 2666
2586 2667
2587 2666
2587 2667
2587 2668
2588 2589
2588 2668
2588 2669
2589 2590
2589 2669
2589 2670
2590 2670
2590 2671
2591 2592
2591 2671
2591 2672
2591 2673
2592 2593
2592 2672
2592 2673
2592 2674
2593 2594
2593 2673
2593 2674
2593 2675
2594 2595
2594 2674
2594 2675
2594 2676
2595 2596
2595 2675
2595 2676
2595 2677
2596 2676
2596 2677
2596 2678
2597 2598
2597 2678
2597 2679
2598 2599
2598 2679
2598 2680
2599 2600
2599 2680
2599 2681
2600 2601
2600 2680
2600 2681
2600 2682
2601 2602
2601 2681
2601 2682
2601 2683
2602 2682
2602 2683
2603 2604
2603 2684
2603 2685
2604 2605
2604 2684
2604 2685
2604 2686
2605 2606
2605 2685
2605 2686
2605 2687
2606 2607
2606 2686
2606 2687
2606 2688
2607 2608
2607 2687
2607 2688
2607 2689
2608 2609
2608 2688
2608 2689
2608 2690
2609 2689
2609 2690
2609 2691
2610 2691
2610 2692
2610 2693
2611 2612
2611 2693
2611 2694
2611 2695
2612 2613
2612 2694
2612 2695
2612 2696
2613 2695
2613 2696
2613 2697
2614 2615
2614 2697
2614 2698
2614 2699
2615 2698
2615 2699
2615 2700
2616 2700
2616 2701
2616 2702
2617 2618
2617 2702
2617 2703
2617 2704
2618 2619
2618 2703
2618 2704
2618 2705
2619 2704
2619 2705
2619 2706
2620 2621
2620 2707
2620 2708
2620 2709
2621 2622
2621 2708
2621 2709
2621 2710
2622 2623
2622 2709
2622 2710
2622 2711
2623 2624
2623 2710
2623 2711
2623 2712
2624 2625
2624 2711
2624 2712
2624 2713
2625 2626
2625 2712
2625 2713
2625 2714
2626 2627
2626 2713
2626 2714
2626 2715
2627 2628
2627 2714
2627 2715
2627 2716
2628 2629
2628 2715
2628 2716
2629 2716
2630 2717
2631 2632
2631 2718
2632 2718
2633 2719
2633 2720
2634 2635
2634 2720
2634 2721
2634 2722
2635 2636
2635 2721
2635 2722
2635 2723
2636 2637
2636 2722
2636 2723
2636 2724
2637 2638
2637 2723
2637 2724
2637 2725
2638 2639
2638 2724
2638 2725
2638 2726
2639 2725
2639 2726
2639 2727
2640 2641
2640 2728
2640 2729
2640 2730
2641 2729
2641 2730
2641 2731
2642 2643
2642 2731
2642 2732
2643 2644
2643 2732
2643 2733
2644 2645
2644 2732
2644 2733
2644 2734
2645 2733
2645 2734
2645 2735
2646 2647
2646 2735
2646 2736
2646 2737
2647 2648
2647 2736
2647 2737
2647 2738
2648 2649
2648 2737
2648 2738
2648 2739
2649 2650
2649 2738
2649 2739
2649 2740
2650 2651
2650 2739
2650 2740
2650 2741
2651 2652
2651 2740
2651 2741
2651 2742
2652 2653
2652 2741
2652 2742
2653 2654
2653 2742
2653 2743
2654 2655
2654 2743
2654 2744
2655 2656
2655 2743
2655 2744
2655 2745
2656 2657
2656 2744
2656 2745
2656 2746
2657 2658
2657 2745
2657 2746
2657 2747
2658 2746
2658 2747
2659 2660
2659 2748
2659 2749
2660 2661
2660 2748
2660 2749
2660 2750
2661 2662
2661 2749
2661 2750
2661 2751
2662 2663
2662 2750
2662 2751
2662 2752
2663 2664
2663 2751
2663 2752
2663 2753
2664 2665
2664 2752
2664 2753
2664 2754
2665 2753
2665 2754
2665 2755
2666 2667
2666 2755
2666 2756
2667 2668
2667 2756
2667 2757
2668 2669
2668 2757
2668 2758
2669 2757
2669 2758
2670 2671
2670 2759
2670 2760
2671 2672
2671 2759
2671 2760
2671 2761
2672 2673
2672 2760
2672 2761
2672 2762
2673 2674
2673 2761
2673 2762
2673 2763
2674 2675
2674 2762
2674 2763
2674 2764
2675 2676
2675 2763
2675 2764
2675 2765
2676 2677
2676 2764
2676 2765
2677 2678
2677 2765
2678 2679
2679 2766
2680 2681
2680 2766
2680 2767
2680 2768
2681 2682
2681 2767
2681 2768
2682 2683
2682 2768
2682 2769
2683 2769
2683 2770
2684 2685
2684 2770
2684 2771
2685 2686
2685 2771
2685 2772
2686 2687
2686 2771
2686 2772
2686 2773
2687 2688
2687 2772
2687 2773
2687 2774
2688 2689
2688 2773
2688 2774
2688 2775
2689 2690
2689 2774
2689 2775
2689 2776
2690 2691
2690 2775
2690 2776
2691 2692
2691 2776
2691 2777
2692 2693
2692 2777
2693 2694
2693 2777
2693 2778
2694 2695
2694 2778
2694 2779
2695 2696
2695 2778
2695 2779
2695 2780
2696 2697
2696 2779
2696 2780
2696 2781
2697 2698
2697 2780
2697 2781
2698 2699
2698 2781
2698 2782
2699 2700
2699 2782
2699 2783
2700 2701
2700 2782
2700 2783
2700 2784
2701 2702
2701 2783
2701 2784
2701 2785
2702 2703
2702 2784
2702 2785
2702 2786
2703 2704
2703 2785
2703 2786
2703 2787
2704 2705
2704 2786
2704 2787
2704 2788
2705 2706
2705 2787
2705 2788
2705 2789
2706 2707
2706 2788
2706 2789
2706 2790
2707 2708
2707 2789
2707 2790
2707 2791
2708 2709
2708 2790
2708 2791
2708 2792
2709 2710
2709 2791
2709 2792
2709 2793
2710 2711
2710 2792
2710 2793
2710 2794
2711 2712
2711 2793
2711 2794
2712 2713
2712 2794
2712 2795
2713 2714
2713 2795
2713 2796
2714 2715
2714 2795
2714 2796
2714 2797
2715 2716
2715 2796
2715 2797
2715 2798
2716 2797
2716 2798
2716 2799
2717 2800
2717 2801
2718 2802
2718 2803
2719 2720
2719 2804
2720 2721
2720 2804
2720 2805
2721 2722
2721 2804
2721 2805
2721 2806
2722 2723
2722 2805
2722 2806
2722 2807
2723 2724
2723 2806
2723 2807
2723 2808
2724 2725
2724 2807
2724 2808
2725 2726
2725 2808
2725 2809
2726 2727
2726 2809
2727 2728
2727 2809
2727 2810
2728 2729
2728 2810
2728 2811
2729 2730
2729 2810
2729 2811
2730 2731
2730 2811
2730 2812
2731 2812
2731 2813
2732 2733
2732 2813
2732 2814
2733 2734
2733 2814
2733 2815
2734 2735
2734 2815
2734 2816
2735 2736
2735 2815
2735 2816
2735 2817
2736 2737
2736 2816
2736 2817
2737 2738
2737 2817
2737 2818
2738 2739
2738 2818
2738 2819
2739 2740
2739 2818
2739 2819
2739 2820
2740 2741
2740 2819
2740 2820
2740 2821
2741 2742
2741 2820
2741 2821
2741 2822
2742 2821
2742 2822
2742 2823
2743 2744
2743 2823
2743 2824
2743 2825
2744 2745
2744 2824
2744 2825
2744 2826
2745 2746
2745 2825
2745 2826
2745 2827
2746 2747
2746 2826
2746 2827
2746 2828
2747 2827
2747 2828
2747 2829
2748 2749
2748 2829
2748 2830
2748 2831
2749 2750
2749 2830
2749 2831
2749 2832
2750 2751
2750 2831
2750 2832
2750 2833
2751 2752
2751 2832
2751 2833
2751 2834
2752 2753
2752 2833
2752 2834
2752 2835
2753 2754
2753 2834
2753 2835
2753 2836
2754 2755
2754 2835
2754 2836
2754 2837
2755 2756
2755 2836
2755 2837
2755 2838
2756 2837
2756 2838
2756 2839
2757 2758
2757 2839
2757 2840
2757 2841
2758 2840
2758 2841
2758 2842
2759 2760
2759 2842
2759 2843
2760 2761
2760 2843
2760 2844
2761 2762
2761 2843
2761 2844
2761 2845
2762 2763
2762 2844
2762 2845
2762 2846
2763 2764
2763 2845
2763 2846
2763 2847
2764 2765
2764 2846
2764 2847
2764 2848
2765 2847
2765 2848
2765 2849
2766 2767
2766 2850
2766 2851
2766 2852
2767 2768
2767 2851
2767 2852
2767 2853
2768 2852
2768 2853
2768 2854
2769 2770
2769 2854
2769 2855
2769 2856
2770 2855
2770 2856
2770 2857
2771 2772
2771 2857
2771 2858
2771 2859
2772 2773
2772 2858
2772 2859
2772 2860
2773 2774
2773 2859
2773 2860
2773 2861
2774 2775
2774 2860
2774 2861
2774 2862
2775 2776
2775 2861
2775 2862
2775 2863
2776 2862
2776 2863
2776 2864
2777 2864
2777 2865
2777 2866
2778 2779
2778 2866
2778 2867
2778 2868
2779 2780
2779 2867
2779 2868
2779 2869
2780 2781
2780 2868
2780 2869
2780 2870
2781 2869
2781 2870
2782 2783
2782 2871
2783 2784
2783 2871
2783 2872
2784 2785
2784 2872
2784 2873
2785 2786
2785 2872
2785 2873
2785 2874
2786 2787
2786 2873
2786 2874
2787 2788
2787 2874
2787 2875
2788 2789
2788 2875
2788 2876
2789 2790
2789 2875
2789 2876
2789 2877
2790 2791
2790 2876
2790 2877
2790 2878
2791 2792
2791 2877
2791 2878
2791 2879
2792 2793
2792 2878
2792 2879
2792 2880
2793 2794
2793 2879
2793 2880
2793 2881
2794 2880
2794 2881
2794 2882
2795 2796
2795 2882
2795 2883
2795 2884
2796 2797
2796 2883
2796 2884
2797 2798
2797 2884
2797 2885
2798 2799
2798 2885
2798 2886
2799 2800
2799 2885
2799 2886
2799 2887
2800 2801
2800 2886
2800 2887
2801 2887
2802 2803
2802 2888
2803 2888
2803 2889
2804 2805
2804 2890
2804 2891
2804 2892
2805 2806
2805 2891
2805 2892
2805 2893
2806 2807
2806 2892
2806 2893
2806 2894
2807 2808
2807 2893
2807 2894
2807 2895
2808 2894
2808 2895
2808 2896
2809 2896
2809 2897
2809 2898
2810 2811
2810 2898
2810 2899
2810 2900
2811 2899
2811 2900
2812 2813
2812 2901
2813 2814
2813 2901
2813 2902
2814 2902
2814 2903
2815 2816
2815 2903
2815 2904
2815 2905
2816 2817
2816 2904
2816 2905
2816 2906
2817 2905
2817 2906
2818 2819
2819 2820
2820 2821
2820 2907
2821 2822
2821 2907
2821 2908
2822 2823
2822 2907
2822 2908
2822 2909
2823 2824
2823 2908
2823 2909
2823 2910
2824 2825
2824 2909
2824 2910
2824 2911
2825 2826
2825 2910
2825 2911
2825 2912
2826 2827
2826 2911
2826 2912
2826 2913
2827 2828
2827 2912
2827 2913
2827 2914
2828 2829
2828 2913
2828 2914
2828 2915
2829 2830
2829 2914
2829 2915
2829 2916
2830 2831
2830 2915
2830 2916
2831 2832
2831 2916
2831 2917
2832 2833
2832 2917
2832 2918
2833 2834
2833 2917
2833 2918
2833 2919
2834 2835
2834 2918
2834 2919
2834 2920
2835 2836
2835 2919
2835 2920
2835 2921
2836 2837
2836 2920
2836 2921
2836 2922
2837 2838
2837 2921
2837 2922
2838 2839
2838 2922
2838 2923
2839 2840
2839 2923
2839 2924
2840 2841
2840 2923
2840 2924
2840 2925
2841 2842
2841 2924
2841 2925
2841 2926
2842 2925
2842 2926
2842 2927
2843 2844
2843 2927
2843 2928
2843 2929
2844 2845
2844 2928
2844 2929
2844 2930
2845 2846
2845 2929
2845 2930
2845 2931
2846 2847
2846 2930
2846 2931
2846 2932
2847 2848
2847 2931
2847 2932
2847 2933
2848 2849
2848 2932
2848 2933
2849 2933
2849 2934
2850 2851
2850 2934
2850 2935
2850 2936
2851 2852
2851 2935
2851 2936
2851 2937
2852 2853
2852 2936
2852 2937
2853 2854
2853 2937
2853 2938
2854 2855
2854 2938
2854 2939
2855 2856
2855 2938
2855 2939
2855 2940
2856 2857
2856 2939
2856 2940
2857 2858
2857 2940
2857 2941
2858 2859
2858 2941
2858 2942
2859 2860
2859 2941
2859 2942
2859 2943
2860 2861
2860 2942
2860 2943
2861 2862
2861 2943
2861 2944
2862 2863
2862 2944
2863 2864
2863 2944
2864 2865
2864 2945
2865 2866
2865 2945
2865 2946
2866 2867
2866 2945
2866 2946
2867 2868
2867 2946
2867 2947
2868 2869
2868 2947
2868 2948
2869 2870
2869 2947
2869 2948
2869 2949
2870 2948
2870 2949
2870 2950
2871 2950
2871 2951
2871 2952
2872 2873
2872 2952
2872 2953
2872 2954
2873 2874
2873 2953
2873 2954
2873 2955
2874 2954
2874 2955
2874 2956
2875 2876
2875 2956
2875 2957
2875 2958
2876 2877
2876 2957
2876 2958
2877 2878
2877 2958
2877 2959
2878 2879
2878 2959
2878 2960
2879 2880
2879 2959
2879 2960
2880 2881
2880 2960
2880 2961
2881 2882
2881 2961
2881 2962
2882 2883
2882 2961
2882 2962
2883 2884
2883 2962
2883 2963
2884 2963
2885 2886
2885 2964
2886 2887
2886 2964
2886 2965
2887 2965
2887 2966
2888 2967
2888 2968
2889 2890
2889 2968
2889 2969
2890 2891
2890 2969
2890 2970
2891 2892
2891 2970
2891 2971
2892 2893
2892 2970
2892 2971
2892 2972
2893 2894
2893 2971
2893 2972
2893 2973
2894 2895
2894 2972
2894 2973
2895 2896
2895 2973
2895 2974
2896 2897
2896 2974
2896 2975
2897 2898
2897 2974
2897 2975
2897 2976
2898 2899
2898 2975
2898 2976
2898 2977
2899 2900
2899 2976
2899 2977
2899 2978
2900 2977
2900 2978
2900 2979
2901 2979
2901 2980
2902 2903
2902 2980
2902 2981
2902 2982
2903 2904
2903 2981
2903 2982
2903 2983
2904 2905
2904 2982
2904 2983
2904 2984
2905 2906
2905 2983
2905 2984
2905 2985
2906 2984
2906 2985
2906 2986
2907 2908
2907 2989
2907 2990
2907 2991
2908 2909
2908 2990
2908 2991
2909 2910
2909 2991
2909 2992
2910 2911
2910 2992
2910 2993
2911 2912
2911 2992
2911 2993
2911 2994
2912 2913
2912 2993
2912 2994
2912 2995
2913 2914
2913 2994
2913 2995
2913 2996
2914 2915
2914 2995
2914 2996
2914 2997
2915 2916
2915 2996
2915 2997
2915 2998
2916 2997
2916 2998
2916 2999
2917 2918
2917 2999
2917 3000
2917 3001
2918 2919
2918 3000
2918 3001
2918 3002
2919 2920
2919 3001
2919 3002
2919 3003
2920 2921
2920 3002
2920 3003
2920 3004
2921 2922
2921 3003
2921 3004
2921 3005
2922 3004
2922 3005
2922 3006
2923 2924
2923 3006
2923 3007
2923 3008
2924 2925
2924 3007
2924 3008
2924 3009
2925 2926
2925 3008
2925 3009
2925 3010
2926 2927
2926 3009
2926 3010
2927 2928
2927 3010
2927 3011
2928 2929
2928 3011
2929 2930
2929 3011
2929 3012
2930 2931
2930 3012
2930 3013
2931 2932
2931 3012
2931 3013
2931 3014
2932 2933
2932 3013
2932 3014
2932 3015
2933 3014
2933 3015
2933 3016
2934 2935
2934 3016
2934 3017
2934 3018
2935 2936
2935 3017
2935 3018
2935 3019
2936 2937
2936 3018
2936 3019
2936 3020
2937 3019
2937 3020
2938 2939
2938 3021
2938 3022
2939 2940
2939 3021
2939 3022
2939 3023
2940 3022
2940 3023
2940 3024
2941 2942
2941 3024
2941 3025
2942 2943
2942 3025
2942 3026
2943 3025
2943 3026
2943 3027
2944 3027
2945 2946
2945 3028
2945 3029
2945 3030
2946 3029
2946 3030
2947 2948
2947 3031
2948 2949
2948 3031
2948 3032
2949 2950
2949 3031
2949 3032
2949 3033
2950 2951
2950 3032
2950 3033
2950 3034
2951 2952
2951 3033
2951 3034
2951 3035
2952 2953
2952 3034
2952 3035
2953 2954
2953 3035
2953 3036
2954 2955
2954 3036
2954 3037
2955 2956
2955 3036
2955 3037
2956 2957
2956 3037
2957 2958
2957 3038
2958 3038
2959 2960
2959 3039
2959 3040
2960 3039
2960 3040
2960 3041
2961 2962
2961 3041
2961 3042
2962 3042
2962 3043
2963 3043
2963 3044
2963 3045
2964 3045
2964 3046
2964 3047
2965 2966
2965 3047
2965 3048
2965 3049
2966 3048
2966 3049
2967 2968
2967 3050
2967 3051
2968 2969
2968 3050
2968 3051
2968 3052
2969 3051
2969 3052
2969 3053
2970 2971
2970 3053
2970 3054
2970 3055
2971 2972
2971 3054
2971 3055
2972 2973
2972 3055
2972 3056
2973 3056
2973 3057
2974 2975
2974 3057
2974 3058
2974 3059
2975 2976
2975 3058
2975 3059
2976 2977
2976 3059
2976 3060
2977 2978
2977 3060
2977 3061
2978 2979
2978 3060
2978 3061
2979 3061
2979 3062
2980 2981
2980 3062
2980 3063
2980 3064
2981 2982
2981 3063
2981 3064
2981 3065
2982 2983
2982 3064
2982 3065
2982 3066
2983 2984
2983 3065
2983 3066
2984 2985
2984 3066
2984 3067
2985 2986
2985 3067
2985 3068
2986 2987
2986 3067
2986 3068
2986 3069
2987 2988
2987 3068
2987 3069
2987 3070
2988 2989
2988 3069
2988 3070
2988 3071
2989 2990
2989 3070
2989 3071
2989 3072
2990 2991
2990 3071
2990 3072
2990 3073
2991 3072
2991 3073
2992 2993
2992 3074
2992 3075
2993 2994
2993 3074
2993 3075
2993 3076
2994 2995
2994 3075
2994 3076
2994 3077
2995 2996
2995 3076
2995 3077
2995 3078
2996 2997
2996 3077
2996 3078
2997 2998
2997 3078
2997 3079
2998 2999
2998 3079
2998 3080
2999 3000
2999 3079
2999 3080
2999 3081
3000 3001
3000 3080
3000 3081
3000 3082
3001 3002
3001 3081
3001 3082
3001 3083
3002 3003
3002 3082
3002 3083
3002 3084
3003 3004
3003 3083
3003 3084
3004 3005
3004 3084
3005 3006
3005 3085
3006 3007
3006 3085
3006 3086
3007 3008
3007 3085
3007 3086
3008 3009
3008 3086
3008 3087
3009 3010
3009 3087
3009 3088
3010 3087
3010 3088
3010 3089
3011 3089
3011 3090
3012 3013
3012 3091
3012 3092
3013 3014
3013 3091
3013 3092
3013 3093
3014 3015
3014 3092
3014 3093
3014 3094
3015 3016
3015 3093
3015 3094
3015 3095
3016 3017
3016 3094
3016 3095
3017 3018
3017 3095
3017 3096
3018 3019
3018 3096
3018 3097
3019 3020
3019 3096
3019 3097
3019 3098
3020 3097
3020 3098
3020 3099
3021 3022
3021 3099
3021 3100
3021 3101
3022 3023
3022 3100
3022 3101
3022 3102
3023 3024
3023 3101
3023 3102
3024 3102
3024 3103
3025 3026
3025 3103
3025 3104
3026 3027
3026 3104
3026 3105
3027 3105
3027 3106
3028 3029
3028 3107
3028 3108
3028 3109
3029 3030
3029 3108
3029 3109
3030 3109
3030 3110
3031 3032
3031 3111
3031 3112
3031 3113
3032 3033
3032 3112
3032 3113
3033 3034
3033 3113
3033 3114
3034 3035
3034 3114
3034 3115
3035 3114
3035 3115
3035 3116
3036 3037
3036 3116
3036 3117
3036 3118
3037 3117
3037 3118
3037 3119
3038 3120
3038 3121
3039 3040
3039 3122
3039 3123
3040 3041
3040 3122
3040 3123
3041 3042
3041 3123
3042 3124
3043 3044
3043 3124
3043 3125
3043 3126
3044 3045
3044 3125
3044 3126
3044 3127
3045 3046
3045 3126
3045 3127
3045 3128
3046 3047
3046 3127
3046 3128
3046 3129
3047 3048
3047 3128
3047 3129
3047 3130
3048 3049
3048 3129
3048 3130
3048 3131
3049 3130
3049 3131
3050 3051
3050 3132
3050 3133
3051 3052
3051 3132
3051 3133
3051 3134
3052 3053
3052 3133
3052 3134
3052 3135
3053 3054
3053 3134
3053 3135
3054 3055
3054 3135
3054 3136
3055 3136
3055 3137
3056 3057
3056 3137
3056 3138
3056 3139
3057 3058
3057 3138
3057 3139
3057 3140
3058 3059
3058 3139
3058 3140
3058 3141
3059 3140
3059 3141
3059 3142
3060 3061
3060 3142
3060 3143
3061 3143
3061 3144
3062 3063
3062 3144
3062 3145
3063 3064
3063 3145
3063 3146
3064 3065
3064 3146
3064 3147
3065 3066
3065 3146
3065 3147
3065 3148
3066 3147
3066 3148
3066 3149
3067 3068
3067 3149
3067 3150
3067 3151
3068 3069
3068 3150
3068 3151
3068 3152
3069 3070
3069 3151
3069 3152
3069 3153
3070 3071
3070 3152
3070 3153
3070 3154
3071 3072
3071 3153
3071 3154
3071 3155
3072 3073
3072 3154
3072 3155
3073 3155
3073 3156
3074 3075
3074 3156
3074 3157
3074 3158
3075 3076
3075 3157
3075 3158
3075 3159
3076 3077
3076 3158
3076 3159
3076 3160
3077 3078
3077 3159
3077 3160
3077 3161
3078 3160
3078 3161
3078 3162
3079 3080
3079 3162
3079 3163
3079 3164
3080 3081
3080 3163
3080 3164
3080 3165
3081 3082
3081 3164
3081 3165
3081 3166
3082 3083
3082 3165
3082 3166
3082 3167
3083 3084
3083 3166
3083 3167
3083 3168
3084 3167
3084 3168
3084 3169
3085 3086
3085 3170
3085 3171
3085 3172
3086 3171
3086 3172
3086 3173
3087 3088
3087 3173
3087 3174
3088 3089
3088 3174
3089 3090
3090 3175
3091 3092
3091 3175
3091 3176
3091 3177
3092 3093
3092 3176
3092 3177
3092 3178
3093 3094
3093 3177
3093 3178
3093 3179
3094 3095
3094 3178
3094 3179
3094 3180
3095 3179
3095 3180
3095 3181
3096 3097
3096 3181
3096 3182
3097 3098
3097 3182
3097 3183
3098 3099
3098 3183
3098 3184
3099 3100
3099 3183
3099 3184
3100 3101
3100 3184
3100 3185
3101 3102
3101 3185
3101 3186
3102 3185
3102 3186
3102 3187
3103 3104
3103 3187
3103 3188
3103 3189
3104 3188
3104 3189
3105 3106
3105 3190
3106 3107
3106 3190
3107 3108
3107 3190
3107 3191
3108 3109
3108 3191
3108 3192
3109 3191
3109 3192
3110 3111
3110 3193
3110 3194
3111 3112
3111 3193
3111 3194
3111 3195
3112 3113
3112 3194
3112 3195
3112 3196
3113 3195
3113 3196
3114 3115
3114 3197
3115 3116
3115 3197
3116 3117
3116 3197
3116 3198
3117 3118
3117 3198
3117 3199
3118 3119
3118 3198
3118 3199
3118 3200
3119 3120
3119 3199
3119 3200
3119 3201
3120 3121
3120 3200
3120 3201
3120 3202
3121 3201
3121 3202
3121 3203
3122 3123
3122 3203
3122 3204
3122 3205
3123 3204
3123 3205
3123 3206
3124 3125
3124 3207
3124 3208
3125 3126
3125 3208
3126 3127
3126 3208
3126 3209
3127 3128
3127 3209
3127 3210
3128 3129
3128 3209
3128 3210
3129 3130
3129 3210
3129 3211
3130 3131
3130 3211
3131 3211
3132 3133
3132 3212
3132 3213
3133 3134
3133 3212
3133 3213
3134 3135
3134 3213
3136 3137
3136 3214
3137 3138
3137 3214
3137 3215
3138 3139
3138 3214
3138 3215
3138 3216
3139 3140
3139 3215
3139 3216
3139 3217
3140 3141
3140 3216
3140 3217
3140 3218
3141 3142
3141 3217
3141 3218
3141 3219
3142 3218
3142 3219
3143 3144
3143 3220
3144 3145
3144 3220
3145 3221
3146 3147
3146 3221
3146 3222
3147 3148
3147 3222
3148 3149
3149 3150
3149 3223
3150 3151
3150 3223
3150 3224
3151 3152
3151 3223
3151 3224
3151 3225
3152 3153
3152 3224
3152 3225
3152 3226
3153 3154
3153 3225
3153 3226
3153 3227
3154 3155
3154 3226
3154 3227
3154 3228
3155 3227
3155 3228
3155 3229
3156 3157
3156 3229
3156 3230
3156 3231
3157 3158
3157 3230
3157 3231
3157 3232
3158 3159
3158 3231
3158 3232
3158 3233
3159 3160
3159 3232
3159 3233
3159 3234
3160 3161
3160 3233
3160 3234
3160 3235
3161 3162
3161 3234
3161 3235
3161 3236
3162 3163
3162 3235
3162 3236
3162 3237
3163 3164
3163 3236
3163 3237
3163 3238
3164 3165
3164 3237
3164 3238
3164 3239
3165 3166
3165 3238
3165 3239
3165 3240
3166 3167
3166 3239
3166 3240
3166 3241
3167 3168
3167 3240
3167 3241
3167 3242
3168 3169
3168 3241
3168 3242
3169 3170
3169 3242
3169 3243
3170 3171
3170 3243
3170 3244
3171 3172
3171 3243
3171 3244
3171 3245
3172 3173
3172 3244
3172 3245
3172 3246
3173 3174
3173 3245
3173 3246
3173 3247
3174 3246
3174 3247
3175 3176
3175 3249
3175 3250
3175 3251
3176 3177
3176 3250
3176 3251
3176 3252
3177 3178
3177 3251
3177 3252
3177 3253
3178 3179
3178 3252
3178 3253
3178 3254
3179 3180
3179 3253
3179 3254
3179 3255
3180 3181
3180 3254
3180 3255
3180 3256
3181 3182
3181 3255
3181 3256
3181 3257
3182 3256
3182 3257
3182 3258
3183 3184
3183 3258
3183 3259
3183 3260
3184 3259
3184 3260
3184 3261
3185 3186
3185 3261
3185 3262
3185 3263
3186 3187
3186 3262
3186 3263
3186 3264
3187 3188
3187 3263
3187 3264
3188 3189
3188 3264
3188 3265
3189 3265
3189 3266
3190 3267
3190 3268
3190 3269
3191 3192
3191 3269
3191 3270
3191 3271
3192 3270
3192 3271
3192 3272
3193 3194
3193 3272
3193 3273
3194 3195
3194 3273
3194 3274
3195 3196
3195 3273
3195 3274
3196 3274
3196 3275
3197 3276
3197 3277
3198 3199
3198 3278
3199 3200
3199 3278
3199 3279
3200 3201
3200 3279
3200 3280
3201 3202
3201 3279
3201 3280
3201 3281
3202 3203
3202 3280
3202 3281
3202 3282
3203 3204
3203 3281
3203 3282
3203 3283
3204 3205
3204 3282
3204 3283
3204 3284
3205 3206
3205 3283
3205 3284
3205 3285
3206 3207
3206 3284
3206 3285
3206 3286
3207 3285
3207 3286
3207 3287
3208 3287
3208 3288
3208 3289
3209 3210
3209 3289
3209 3290
3209 3291
3210 3290
3210 3291
3210 3292
3211 3292
3211 3293
3212 3213
3213 3294
3214 3215
3214 3296
3214 3297
3214 3298
3215 3216
3215 3297
3215 3298
3215 3299
3216 3217
3216 3298
3216 3299
3216 3300
3217 3218
3217 3299
3217 3300
3217 3301
3218 3219
3218 3300
3218 3301
3218 3302
3219 3301
3219 3302
3219 3303
3220 3303
3220 3304
3220 3305
3221 3222
3221 3306
3221 3307
3221 3308
3222 3307
3222 3308
3222 3309
3223 3224
3224 3225
3224 3311
3225 3226
3225 3311
3225 3312
3226 3227
3226 3311
3226 3312
3226 3313
3227 3228
3227 3312
3227 3313
3228 3229
3228 3313
3228 3314
3229 3230
3229 3314
3229 3315
3230 3231
3230 3314
3230 3315
3231 3232
3231 3315
3231 3316
3232 3233
3232 3316
3232 3317
3233 3234
3233 3316
3233 3317
3233 3318
3234 3235
3234 3317
3234 3318
3234 3319
3235 3236
3235 3318
3235 3319
3236 3237
3236 3319
3236 3320
3237 3238
3237 3320
3237 3321
3238 3239
3238 3320
3238 3321
3238 3322
3239 3240
3239 3321
3239 3322
3239 3323
3240 3241
3240 3322
3240 3323
3240 3324
3241 3242
3241 3323
3241 3324
3241 3325
3242 3324
3242 3325
3242 3326
3243 3244
3243 3326
3243 3327
3244 3245
3244 3327
3244 3328
3245 3246
3245 3328
3245 3329
3246 3247
3246 3328
3246 3329
3246 3330
3247 3329
3247 3330
3247 3331
3248 3249
3248 3331
3248 3332
3249 3250
3249 3332
3249 3333
3250 3251
3250 3332
3250 3333
3251 3252
3251 3333
3252 3253
3253 3254
3253 3334
3254 3255
3254 3334
3254 3335
3255 3256
3255 3334
3255 3335
3255 3336
3256 3257
3256 3335
3256 3336
3256 3337
3257 3258
3257 3336
3257 3337
3257 3338
3258 3259
3258 3337
3258 3338
3259 3260
3259 3338
3260 3261
3261 3262
3261 3339
3262 3263
3262 3339
3262 3340
3263 3264
3263 3339
3263 3340
3264 3340
3264 3341
3265 3266
3265 3341
3265 3342
3266 3267
3266 3342
3266 3343
3267 3268
3267 3342
3267 3343
3268 3269
3268 3343
3269 3270
3269 3344
3270 3271
3270 3344
3270 3345
3271 3272
3271 3344
3271 3345
3271 3346
3272 3345
3272 3346
3272 3347
3273 3274
3273 3347
3273 3348
3273 3349
3274 3348
3274 3349
3274 3350
3275 3276
3275 3350
3275 3351
3275 3352
3276 3277
3276 3351
3276 3352
3276 3353
3277 3352
3277 3353
3278 3354
3278 3355
3279 3280
3279 3355
3279 3356
3279 3357
3280 3281
3280 3356
3280 3357
3280 3358
3281 3282
3281 3357
3281 3358
3281 3359
3282 3283
3282 3358
3282 3359
3283 3284
3283 3359
3284 3285
3284 3360
3285 3286
3285 3360
3285 3361
3286 3287
3286 3360
3286 3361
3286 3362
3287 3288
3287 3361
3287 3362
3287 3363
3288 3289
3288 3362
3288 3363
3288 3364
3289 3290
3289 3363
3289 3364
3289 3365
3290 3291
3290 3364
3290 3365
3290 3366
3291 3292
3291 3365
3291 3366
3291 3367
3292 3366
3292 3367
3292 3368
3293 3368
3294 3295
3294 3370
3294 3371
3294 3372
3295 3371
3295 3372
3295 3373
3296 3297
3296 3373
3297 3298
3297 3374
3298 3299
3298 3374
3298 3375
3299 3300
3299 3374
3299 3375
3300 3301
3300 3375
3300 3376
3301 3302
3301 3376
3301 3377
3302 3303
3302 3376
3302 3377
3302 3378
3303 3304
3303 3377
3303 3378
3303 3379
3304 3305
3304 3378
3304 3379
3304 3380
3305 3306
3305 3379
3305 3380
3305 3381
3306 3307
3306 3380
3306 3381
3306 3382
3307 3308
3307 3381
3307 3382
3307 3383
3308 3309
3308 3382
3308 3383
3309 3310
3309 3383
3309 3384
3310 3384
3310 3385
3311 3312
3311 3387
3311 3388
3312 3313
3312 3387
3312 3388
3312 3389
3313 3388
3313 3389
3314 3315
3314 3390
3314 3391
3315 3390
3315 3391
3315 3392
3316 3317
3316 3392
3316 3393
3316 3394
3317 3318
3317 3393
3317 3394
3317 3395
3318 3319
3318 3394
3318 3395
3318 3396
3319 3395
3319 3396
3319 3397
3320 3321
3320 3397
3320 3398
3321 3322
3321 3398
3322 3323
3322 3398
3322 3399
3323 3324
3323 3399
3323 3400
3324 3325
3324 3399
3324 3400
3324 3401
3325 3326
3325 3400
3325 3401
3326 3327
3326 3401
3326 3402
3327 3402
3327 3403
3328 3329
3328 3403
3328 3404
3328 3405
3329 3330
3329 3404
3329 3405
3329 3406
3330 3331
3330 3405
3330 3406
3330 3407
3331 3406
3331 3407
3331 3408
3332 3333
3332 3408
3332 3409
3332 3410
3333 3409
3333 3410
3333 3411
3334 3335
3334 3413
3334 3414
3335 3336
3335 3414
3335 3415
3336 3337
3336 3414
3336 3415
3336 3416
3337 3338
3337 3415
3337 3416
3337 3417
3338 3416
3338 3417
3338 3418
3339 3340
3339 3420
3339 3421
3339 3422
3340 3421
3340 3422
3340 3423
3341 3423
3341 3424
3342 3343
3342 3425
3342 3426
3343 3425
3343 3426
3343 3427
3344 3345
3344 3428
3344 3429
3345 3346
3345 3429
3345 3430
3346 3347
3346 3429
3346 3430
3346 3431
3347 3348
3347 3430
3347 3431
3347 3432
3348 3349
3348 3431
3348 3432
3348 3433
3349 3350
3349 3432
3349 3433
3349 3434
3350 3351
3350 3433
3350 3434
3350 3435
3351 3352
3351 3434
3351 3435
3351 3436
3352 3353
3352 3435
3352 3436
3352 3437
3353 3436
3353 3437
3353 3438
3354 3355
3354 3438
3354 3439
3354 3440
3355 3356
3355 3439
3355 3440
3355 3441
3356 3357
3356 3440
3356 3441
3356 3442
3357 3358
3357 3441
3357 3442
3357 3443
3358 3359
3358 3442
3358 3443
3358 3444
3359 3443
3359 3444
3359 3445
3360 3361
3360 3446
3360 3447
3360 3448
3361 3362
3361 3447
3361 3448
3361 3449
3362 3363
3362 3448
3362 3449
3362 3450
3363 3364
3363 3449
3363 3450
3363 3451
3364 3365
3364 3450
3364 3451
3364 3452
3365 3366
3365 3451
3365 3452
3365 3453
3366 3367
3366 3452
3366 3453
3366 3454
3367 3368
3367 3453
3367 3454
3367 3455
3368 3454
3368 3455
3368 3456
3369 3370
3369 3457
3369 3458
3370 3371
3370 3457
3370 3458
3370 3459
3371 3372
3371 3458
3371 3459
3371 3460
3372 3373
3372 3459
3372 3460
3373 3460
3374 3375
3374 3461
3374 3462
3374 3463
3375 3462
3375 3463
3375 3464
3376 3377
3376 3464
3376 3465
3376 3466
3377 3378
3377 3465
3377 3466
3377 3467
3378 3379
3378 3466
3378 3467
3378 3468
3379 3380
3379 3467
3379 3468
3380 3381
3380 3468
3380 3469
3381 3382
3381 3469
3381 3470
3382 3383
3382 3469
3382 3470
3382 3471
3383 3470
3383 3471
3383 3472
3384 3385
3384 3472
3384 3473
3385 3386
3385 3473
3385 3474
3386 3473
3386 3474
3386 3475
3387 3388
3387 3475
3387 3476
3387 3477
3388 3389
3388 3476
3388 3477
3388 3478
3389 3477
3389 3478
3389 3479
3390 3391
3390 3479
3390 3480
3391 3392
3391 3480
3391 3481
3392 3393
3392 3481
3392 3482
3393 3394
3393 3481
3393 3482
3393 3483
3394 3395
3394 3482
3394 3483
3394 3484
3395 3396
3395 3483
3395 3484
3395 3485
3396 3397
3396 3484
3396 3485
3396 3486
3397 3485
3397 3486
3397 3487
3398 3487
3398 3488
3398 3489
3399 3400
3399 3489
3399 3490
3400 3401
3400 3490
3400 3491
3401 3490
3401 3491
3401 3492
3402 3403
3402 3492
3402 3493
3402 3494
3403 3404
3403 3493
3403 3494
3403 3495
3404 3405
3404 3494
3404 3495
3404 3496
3405 3406
3405 3495
3405 3496
3405 3497
3406 3407
3406 3496
3406 3497
3406 3498
3407 3408
3407 3497
3407 3498
3407 3499
3408 3409
3408 3498
3408 3499
3409 3410
3409 3499
3409 3500
3410 3411
3410 3500
3411 3412
3411 3500
3411 3501
3412 3413
3412 3501
3412 3502
3413 3501
3413 3502
3413 3503
3414 3415
3414 3503
3414 3504
3414 3505
3415 3416
3415 3504
3415 3505
3415 3506
3416 3417
3416 3505
3416 3506
3416 3507
3417 3418
3417 3506
3417 3507
3418 3419
3418 3507
3419 3420
3420 3421
3420 3508
3421 3422
3421 3508
3421 3509
3422 3423
3422 3508
3422 3509
3423 3424
3423 3509
3423 3510
3424 3510
3424 3511
3425 3426
3425 3511
3425 3512
3425 3513
3426 3427
3426 3512
3426 3513
3426 3514
3427 3428
3427 3513
3427 3514
3428 3514
3428 3515
3429 3430
3429 3515
3429 3516
3429 3517
3430 3431
3430 3516
3430 3517
3431 3432
3431 3517
3432 3433
3432 3518
3433 3434
3433 3518
3433 3519
3434 3435
3434 3518
3434 3519
3434 3520
3435 3436
3435 3519
3435 3520
3436 3437
3436 3520
3436 3521
3437 3438
3437 3521
3437 3522
3438 3439
3438 3521
3438 3522
3438 3523
3439 3440
3439 3522
3439 3523
3439 3524
3440 3441
3440 3523
3440 3524
3441 3442
3441 3524
3441 3525
3442 3443
3442 3525
3442 3526
3443 3444
3443 3525
3443 3526
3443 3527
3444 3445
3444 3526
3444 3527
3444 3528
3445 3446
3445 3527
3445 3528
3445 3529
3446 3447
3446 3528
3446 3529
3446 3530
3447 3448
3447 3529
3447 3530
3447 3531
3448 3449
3448 3530
3448 3531
3448 3532
3449 3450
3449 3531
3449 3532
3450 3451
3450 3532
3450 3533
3451 3452
3451 3533
3451 3534
3452 3453
3452 3533
3452 3534
3452 3535
3453 3454
3453 3534
3453 3535
3453 3536
3454 3455
3454 3535
3454 3536
3454 3537
3455 3456
3455 3536
3455 3537
3456 3537
3457 3458
3457 3538
3458 3459
3458 3538
3458 3539
3459 3460
3459 3538
3459 3539
3459 3540
3460 3539
3460 3540
3460 3541
3461 3462
3461 3542
3461 3543
3461 3544
3462 3463
3462 3543
3462 3544
3462 3545
3463 3464
3463 3544
3463 3545
3463 3546
3464 3465
3464 3545
3464 3546
3464 3547
3465 3466
3465 3546
3465 3547
3466 3467
3466 3547
3466 3548
3467 3468
3467 3548
3467 3549
3468 3548
3468 3549
3469 3470
3469 3550
3469 3551
3470 3471
3470 3550
3470 3551
3470 3552
3471 3472
3471 3551
3471 3552
3471 3553
3472 3552
3472 3553
3473 3474
3473 3554
3473 3555
3474 3475
3474 3554
3474 3555
3474 3556
3475 3476
3475 3555
3475 3556
3475 3557
3476 3477
3476 3556
3476 3557
3476 3558
3477 3478
3477 3557
3477 3558
3477 3559
3478 3479
3478 3558
3478 3559
3478 3560
3479 3480
3479 3559
3479 3560
3480 3560
3480 3561
3481 3482
3481 3561
3481 3562
3481 3563
3482 3483
3482 3562
3482 3563
3482 3564
3483 3484
3483 3563
3483 3564
3484 3485
3484 3564
3484 3565
3485 3486
3485 3565
3485 3566
3486 3487
3486 3565
3486 3566
3486 3567
3487 3488
3487 3566
3487 3567
3488 3489
3488 3567
3488 3568
3489 3568
3489 3569
3490 3491
3490 3569
3491 3492
3491 3570
3492 3493
3492 3570
3492 3571
3493 3494
3493 3570
3493 3571
3493 3572
3494 3495
3494 3571
3494 3572
3494 3573
3495 3496
3495 3572
3495 3573
3495 3574
3496 3497
3496 3573
3496 3574
3497 3498
3497 3574
3498 3499
3500 3575
3501 3502
3501 3575
3501 3576
3501 3577
3502 3503
3502 3576
3502 3577
3502 3578
3503 3504
3503 3577
3503 3578
3503 3579
3504 3505
3504 3578
3504 3579
3504 3580
3505 3506
3505 3579
3505 3580
3505 3581
3506 3507
3506 3580
3506 3581
3507 3581
3507 3582
3508 3509
3508 3583
3508 3584
3509 3583
3509 3584
3509 3585
3510 3511
3510 3585
3510 3586
3510 3587
3511 3512
3511 3586
3511 3587
3511 3588
3512 3513
3512 3587
3512 3588
3512 3589
3513 3514
3513 3588
3513 3589
3513 3590
3514 3589
3514 3590
3515 3516
3515 3591
3516 3517
3516 3591
3516 3592
3517 3591
3517 3592
3518 3519
3518 3593
3518 3594
3518 3595
3519 3520
3519 3594
3519 3595
3519 3596
3520 3595
3520 3596
3520 3597
3521 3522
3521 3597
3521 3598
3522 3523
3522 3598
3522 3599
3523 3524
3523 3598
3523 3599
3523 3600
3524 3599
3524 3600
3524 3601
3525 3526
3525 3601
3525 3602
3525 3603
3526 3527
3526 3602
3526 3603
3527 3528
3527 3603
3528 3529
3528 3604
3529 3530
3529 3604
3529 3605
3530 3531
3530 3604
3530 3605
3530 3606
3531 3532
3531 3605
3531 3606
3531 3607
3532 3606
3532 3607
3532 3608
3533 3534
3533 3608
3533 3609
3533 3610
3534 3535
3534 3609
3534 3610
3534 3611
3535 3536
3535 3610
3535 3611
3536 3537
3536 3611
3536 3612
3537 3612
3537 3613
3538 3539
3538 3614
3538 3615
3539 3540
3539 3615
3539 3616
3540 3541
3540 3615
3540 3616
3540 3617
3541 3542
3541 3616
3541 3617
3542 3543
3542 3617
3542 3618
3543 3544
3543 3618
3543 3619
3544 3545
3544 3618
3544 3619
3545 3546
3545 3619
3545 3620
3546 3547
3546 3620
3546 3621
3547 3620
3547 3621
3547 3622
3548 3549
3548 3622
3548 3623
3548 3624
3549 3623
3549 3624
3549 3625
3550 3551
3550 3625
3550 3626
3550 3627
3551 3552
3551 3626
3551 3627
3551 3628
3552 3553
3552 3627
3552 3628
3552 3629
3553 3628
3553 3629
3553 3630
3554 3555
3554 3630
3554 3631
3554 3632
3555 3556
3555 3631
3555 3632
3555 3633
3556 3557
3556 3632
3556 3633
3556 3634
3557 3558
3557 3633
3557 3634
3557 3635
3558 3559
3558 3634
3558 3635
3558 3636
3559 3560
3559 3635
3559 3636
3559 3637
3560 3636
3560 3637
3561 3562
3561 3638
3562 3563
3562 3638
3562 3639
3563 3564
3563 3638
3563 3639
3563 3640
3564 3639
3564 3640
3564 3641
3565 3566
3565 3641
3565 3642
3565 3643
3566 3567
3566 3642
3566 3643
3566 3644
3567 3643
3567 3644
3567 3645
3568 3569
3568 3645
3568 3646
3568 3647
3569 3646
3569 3647
3569 3648
3570 3571
3570 3649
3571 3572
3571 3649
3571 3650
3572 3573
3572 3649
3572 3650
3573 3574
3573 3650
3573 3651
3574 3651
3575 3576
3575 3654
3575 3655
3575 3656
3576 3577
3576 3655
3576 3656
3576 3657
3577 3578
3577 3656
3577 3657
3577 3658
3578 3579
3578 3657
3578 3658
3578 3659
3579 3580
3579 3658
3579 3659
3579 3660
3580 3581
3580 3659
3580 3660
3580 3661
3581 3660
3581 3661
3581 3662
3582 3662
3582 3663
3582 3664
3583 3584
3583 3665
3583 3666
3583 3667
3584 3585
3584 3666
3584 3667
3584 3668
3585 3586
3585 3667
3585 3668
3585 3669
3586 3587
3586 3668
3586 3669
3586 3670
3587 3588
3587 3669
3587 3670
3587 3671
3588 3589
3588 3670
3588 3671
3588 3672
3589 3590
3589 3671
3589 3672
3589 3673
3590 3672
3590 3673
3590 3674
3591 3592
3591 3675
3591 3676
3591 3677
3592 3676
3592 3677
3592 3678
3593 3594
3593 3678
3593 3679
3594 3595
3594 3679
3594 3680
3595 3596
3595 3679
3595 3680
3595 3681
3596 3597
3596 3680
3596 3681
3596 3682
3597 3681
3597 3682
3597 3683
3598 3599
3598 3683
3598 3684
3598 3685
3599 3600
3599 3684
3599 3685
3599 3686
3600 3601
3600 3685
3600 3686
3600 3687
3601 3602
3601 3686
3601 3687
3601 3688
3602 3603
3602 3687
3602 3688
3603 3688
3604 3605
3604 3689
3604 3690
3604 3691
3605 3606
3605 3690
3605 3691
3605 3692
3606 3607
3606 3691
3606 3692
3606 3693
3607 3608
3607 3692
3607 3693
3608 3609
3608 3693
3608 3694
3609 3610
3609 3694
3609 3695
3610 3611
3610 3694
3610 3695
3610 3696
3611 3695
3611 3696
3612 3613
3612 3697
3612 3698
3613 3697
3613 3698
3614 3699
3614 3700
3615 3616
3615 3700
3615 3701
3616 3617
3616 3701
3616 3702
3617 3701
3617 3702
3617 3703
3618 3619
3618 3703
3618 3704
3618 3705
3619 3704
3619 3705
3620 3621
3620 3706
3621 3622
3621 3706
3621 3707
3622 3623
3622 3707
3622 3708
3623 3624
3623 3707
3623 3708
3624 3625
3624 3708
3624 3709
3625 3626
3625 3709
3626 3627
3626 3709
3626 3710
3627 3628
3627 3710
3627 3711
3628 3629
3628 3710
3628 3711
3628 3712
3629 3630
3629 3711
3629 3712
3629 3713
3630 3631
3630 3712
3630 3713
3630 3714
3631 3632
3631 3713
3631 3714
3631 3715
3632 3633
3632 3714
3632 3715
3633 3634
3633 3715
3634 3635
3634 3716
3635 3636
3635 3716
3635 3717
3636 3637
3636 3716
3636 3717
3636 3718
3637 3717
3637 3718
3637 3719
3638 3639
3638 3720
3638 3721
3638 3722
3639 3640
3639 3721
3639 3722
3639 3723
3640 3641
3640 3722
3640 3723
3640 3724
3641 3642
3641 3723
3641 3724
3642 3643
3642 3724
3642 3725
3643 3644
3643 3725
3643 3726
3644 3645
3644 3725
3644 3726
3644 3727
3645 3646
3645 3726
3645 3727
3646 3647
3646 3727
3647 3648
3647 3728
3648 3728
3648 3729
3649 3650
3649 3730
3649 3731
3650 3731
3651 3732
3651 3733
3652 3733
3652 3734
3652 3735
3653 3654
3653 3735
3654 3655
3654 3736
3655 3656
3655 3736
3655 3737
3656 3657
3656 3736
3656 3737
3657 3658
3657 3737
3657 3738
3658 3659
3658 3738
3658 3739
3659 3660
3659 3738
3659 3739
3659 3740
3660 3661
3660 3739
3660 3740
3660 3741
3661 3662
3661 3740
3661 3741
3661 3742
3662 3663
3662 3741
3662 3742
3662 3743
3663 3664
3663 3742
3663 3743
3663 3744
3664 3665
3664 3743
3664 3744
3665 3666
3665 3744
3665 3745
3666 3667
3666 3745
3666 3746
3667 3668
3667 3745
3667 3746
3667 3747
3668 3669
3668 3746
3668 3747
3668 3748
3669 3670
3669 3747
3669 3748
3670 3671
3670 3748
3671 3672
3671 3749
3672 3673
3672 3749
3672 3750
3673 3674
3673 3749
3673 3750
3674 3675
3674 3750
3674 3751
3675 3676
3675 3751
3675 3752
3676 3677
3676 3751
3676 3752
3676 3753
3677 3678
3677 3752
3677 3753
3677 3754
3678 3753
3678 3754
3679 3680
3679 3755
3679 3756
3680 3681
3680 3755
3680 3756
3680 3757
3681 3682
3681 3756
3681 3757
3682 3683
3682 3757
3682 3758
3683 3684
3683 3758
3683 3759
3684 3685
3684 3758
3684 3759
3684 3760
3685 3686
3685 3759
3685 3760
3685 3761
3686 3687
3686 3760
3686 3761
3687 3688
3687 3761
3688 3762
3689 3690
3689 3763
3689 3764
3690 3691
3690 3764
3690 3765
3691 3692
3691 3765
3692 3693
3692 3765
3693 3766
3694 3695
3694 3766
3694 3767
3694 3768
3695 3696
3695 3767
3695 3768
3695 3769
3696 3768
3696 3769
3696 3770
3697 3698
3697 3770
3697 3771
3697 3772
3698 3771
3698 3772
3699 3700
3699 3773
3699 3774
3700 3773
3700 3774
3700 3775
3701 3702
3701 3775
3701 3776
3702 3703
3702 3776
3702 3777
3703 3704
3703 3776
3703 3777
3703 3778
3704 3705
3704 3777
3704 3778
3704 3779
3705 3778
3705 3779
3705 3780
3706 3780
3706 3781
3706 3782
3707 3708
3707 3782
3707 3783
3708 3783
3709 3784
3710 3711
3710 3784
3710 3785
3710 3786
3711 3712
3711 3785
3711 3786
3711 3787
3712 3713
3712 3786
3712 3787
3712 3788
3713 3714
3713 3787
3713 3788
3713 3789
3714 3715
3714 3788
3714 3789
3715 3789
3715 3790
3716 3717
3716 3791
3716 3792
3717 3718
3717 3792
3717 3793
3718 3719
3718 3793
3719 3720
3719 3793
3720 3721
3720 3794
3721 3722
3721 3794
3721 3795
3722 3723
3722 3794
3722 3795
3722 3796
3723 3724
3723 3795
3723 3796
3724 3796
3725 3726
3725 3797
3726 3727
3726 3797
3726 3798
3727 3797
3727 3798
3727 3799
3728 3729
3728 3800
3729 3730
3729 3801
3730 3731
3730 3801
3730 3802
3731 3801
3731 3802
3731 3803
3732 3733
3732 3804
3732 3805
3733 3734
3733 3804
3733 3805
3733 3806
3734 3735
3734 3805
3734 3806
3734 3807
3735 3806
3735 3807
3736 3737
3736 3808
3736 3809
3736 3810
3737 3809
3737 3810
3738 3739
3738 3811
3738 3812
3739 3740
3739 3811
3739 3812
3740 3741
3740 3812
3740 3813
3741 3742
3741 3813
3741 3814
3742 3743
3742 3813
3742 3814
3742 3815
3743 3744
3743 3814
3743 3815
3743 3816
3744 3815
3744 3816
3744 3817
3745 3746
3745 3817
3745 3818
3745 3819
3746 3747
3746 3818
3746 3819
3747 3748
3747 3819
3748 3820
3749 3750
3749 3821
3749 3822
3749 3823
3750 3822
3750 3823
3750 3824
3751 3752
3751 3824
3751 3825
3751 3826
3752 3753
3752 3825
3752 3826
3752 3827
3753 3754
3753 3826
3753 3827
3753 3828
3754 3827
3754 3828
3754 3829
3755 3756
3755 3829
3755 3830
3755 3831
3756 3757
3756 3830
3756 3831
3756 3832
3757 3831
3757 3832
3757 3833
3758 3759
3758 3833
3759 3760
3759 3834
3760 3761
3760 3834
3760 3835
3761 3834
3761 3835
3761 3836
3762 3763
3762 3837
3763 3764
3763 3837
3763 3838
3764 3837
3764 3838
3764 3839
3765 3839
3765 3840
3765 3841
3766 3767
3766 3842
3766 3843
3766 3844
3767 3768
3767 3843
3767 3844
3768 3769
3768 3844
3768 3845
3769 3770
3769 3845
3769 3846
3770 3771
3770 3845
3770 3846
3770 3847
3771 3772
3771 3846
3771 3847
3772 3847
3773 3774
3773 3848
3773 3849
3774 3775
3774 3848
3774 3849
3774 3850
3775 3849
3775 3850
3775 3851
3776 3777
3776 3851
3776 3852
3777 3778
3777 3852
3777 3853
3778 3779
3778 3852
3778 3853
3779 3780
3779 3853
3779 3854
3780 3781
3780 3854
3780 3855
3781 3782
3781 3854
3781 3855
3781 3856
3782 3855
3782 3856
3782 3857
3783 3857
3783 3858
3783 3859
3784 3785
3784 3860
3785 3786
3785 3861
3786 3787
3786 3861
3787 3788
3787 3861
3787 3862
3788 3789
3788 3862
3789 3862
3789 3863
3790 3791
3790 3863
3790 3864
3790 3865
3791 3792
3791 3864
3791 3865
3791 3866
3792 3865
3792 3866
3792 3867
3793 3867
3793 3868
3794 3795
3794 3869
3794 3870
3794 3871
3795 3796
3795 3870
3795 3871
3795 3872
3796 3871
3796 3872
3796 3873
3797 3798
3797 3875
3797 3876
3798 3799
3798 3876
3798 3877
3799 3800
3799 3876
3799 3877
3799 3878
3800 3877
3800 3878
3800 3879
3801 3802
3801 3880
3802 3803
3802 3880
3802 3881
3803 3881
3803 3882
3804 3805
3804 3882
3804 3883
3804 3884
3805 3806
3805 3883
3805 3884
3805 3885
3806 3807
3806 3884
3806 3885
3806 3886
3807 3885
3807 3886
3807 3887
3808 3809
3808 3887
3808 3888
3808 3889
3809 3810
3809 3888
3809 3889
3809 3890
3810 3889
3810 3890
3810 3891
3811 3812
3811 3891
3811 3892
3811 3893
3812 3892
3812 3893
3812 3894
3813 3814
3813 3894
3813 3895
3814 3815
3814 3895
3814 3896
3815 3816
3815 3895
3815 3896
3815 3897
3816 3817
3816 3896
3816 3897
3817 3818
3817 3897
3817 3898
3818 3819
3818 3898
3818 3899
3819 3898
3819 3899
3819 3900
3820 3821
3820 3901
3820 3902
3821 3822
3821 3901
3821 3902
3821 3903
3822 3823
3822 3902
3822 3903
3822 3904
3823 3824
3823 3903
3823 3904
3823 3905
3824 3825
3824 3904
3824 3905
3825 3826
3825 3905
3825 3906
3826 3827
3826 3906
3826 3907
3827 3828
3827 3906
3827 3907
3828 3829
3828 3907
3828 3908
3829 3830
3829 3908
3829 3909
3830 3831
3830 3908
3830 3909
3830 3910
3831 3832
3831 3909
3831 3910
3832 3833
3832 3910
3832 3911
3833 3911
3833 3912
3834 3835
3834 3913
3835 3836
3835 3913
3835 3914
3836 3914
3836 3915
3837 3838
3837 3916
3837 3917
3837 3918
3838 3839
3838 3917
3838 3918
3838 3919
3839 3840
3839 3918
3839 3919
3839 3920
3840 3841
3840 3919
3840 3920
3840 3921
3841 3842
3841 3920
3841 3921
3841 3922
3842 3843
3842 3921
3842 3922
3842 3923
3843 3844
3843 3922
3843 3923
3843 3924
3844 3923
3844 3924
3844 3925
3845 3846
3845 3925
3845 3926
3845 3927
3846 3847
3846 3926
3846 3927
3847 3927
3847 3928
3848 3849
3848 3929
3849 3850
3849 3929
3849 3930
3850 3851
3850 3930
3850 3931
3851 3930
3851 3931
3851 3932
3852 3853
3852 3932
3852 3933
3852 3934
3853 3933
3853 3934
3854 3855
3854 3935
3855 3856
3855 3935
3855 3936
3856 3857
3856 3936
3856 3937
3857 3858
3857 3936
3857 3937
3857 3938
3858 3859
3858 3937
3858 3938
3858 3939
3859 3860
3859 3938
3859 3939
3859 3940
3860 3939
3860 3940
3860 3941
3861 3942
3862 3943
3862 3944
3863 3864
3863 3944
3863 3945
3863 3946
3864 3865
3864 3945
3864 3946
3864 3947
3865 3866
3865 3946
3865 3947
3866 3867
3866 3947
3866 3948
3867 3948
3867 3949
3868 3869
3868 3949
3868 3950
3868 3951
3869 3870
3869 3950
3869 3951
3869 3952
3870 3871
3870 3951
3870 3952
3870 3953
3871 3872
3871 3952
3871 3953
3871 3954
3872 3873
3872 3953
3872 3954
3873 3874
3873 3954
3873 3955
3874 3875
3874 3955
3874 3956
3875 3955
3875 3956
3876 3877
3876 3957
3876 3958
3877 3878
3877 3957
3877 3958
3878 3879
3878 3958
3878 3959
3879 3959
3879 3960
3880 3960
3880 3961
3880 3962
3881 3882
3881 3962
3881 3963
3881 3964
3882 3883
3882 3963
3882 3964
3882 3965
3883 3884
3883 3964
3883 3965
3883 3966
3884 3885
3884 3965
3884 3966
3884 3967
3885 3886
3885 3966
3885 3967
3885 3968
3886 3887
3886 3967
3886 3968
3887 3888
3887 3968
3887 3969
3888 3889
3888 3969
3888 3970
3889 3890
3889 3969
3889 3970
3890 3891
3890 3970
3891 3892
3891 3971
3892 3893
3892 3971
3892 3972
3893 3894
3893 3971
3893 3972
3893 3973
3894 3972
3894 3973
3894 3974
3895 3896
3895 3974
3895 3975
3896 3897
3896 3975
3896 3976
3897 3976
3898 3899
3899 3900
3899 3977
3900 3977
3900 3978
3901 3902
3901 3978
3901 3979
3901 3980
3902 3903
3902 3979
3902 3980
3902 3981
3903 3904
3903 3980
3903 3981
3903 3982
3904 3905
3904 3981
3904 3982
3904 3983
3905 3982
3905 3983
3905 3984
3906 3907
3906 3984
3906 3985
3906 3986
3907 3985
3907 3986
3907 3987
3908 3909
3908 3987
3908 3988
3908 3989
3909 3910
3909 3988
3909 3989
3910 3989
3910 3990
3911 3912
3911 3990
3911 3991
3912 3991
3913 3992
3913 3993
3914 3915
3914 3993
3914 3994
3914 3995
3915 3916
3915 3994
3915 3995
3916 3917
3916 3995
3916 3996
3917 3918
3917 3996
3918 3919
3918 3996
3918 3997
3919 3920
3919 3997
3919 3998
3920 3921
3920 3997
3920 3998
3920 3999
3921 3922
3921 3998
3921 3999
3921 4000
3922 3923
3922 3999
3922 4000
3922 4001
3923 3924
3923 4000
3923 4001
3924 3925
3924 4001
3924 4002
3925 3926
3925 4002
3925 4003
3926 3927
3926 4002
3926 4003
3926 4004
3927 4003
3927 4004
3927 4005
3928 4005
3929 4006
3929 4007
3930 3931
3930 4007
3930 4008
3930 4009
3931 3932
3931 4008
3931 4009
3932 3933
3932 4009
3932 4010
3933 3934
3933 4010
3933 4011
3934 4010
3934 4011
3936 3937
3936 4012
3936 4013
3937 3938
3937 4012
3937 4013
3938 3939
3938 4013
3938 4014
3939 3940
3939 4014
3939 4015
3940 3941
3940 4014
3940 4015
3940 4016
3941 3942
3941 4015
3941 4016
3941 4017
3942 4016
3942 4017
3942 4018
3943 3944
3943 4019
3943 4020
3943 4021
3944 3945
3944 4020
3944 4021
3944 4022
3945 3946
3945 4021
3945 4022
3946 3947
3946 4022
3946 4023
3947 4023
3947 4024
3948 3949
3948 4024
3948 4025
3948 4026
3949 3950
3949 4025
3949 4026
3949 4027
3950 3951
3950 4026
3950 4027
3951 3952
3951 4027
3951 4028
3952 3953
3952 4028
3952 4029
3953 3954
3953 4028
3953 4029
3953 4030
3954 4029
3954 4030
3954 4031
3955 3956
3955 4031
3955 4032
3955 4033
3956 4032
3956 4033
3956 4034
3957 3958
3957 4034
3957 4035
3957 4036
3958 4035
3958 4036
3959 3960
3959 4037
3960 3961
3960 4037
3960 4038
3961 3962
3961 4038
3961 4039
3962 3963
3962 4038
3962 4039
3962 4040
3963 3964
3963 4039
3963 4040
3963 4041
3964 3965
3964 4040
3964 4041
3964 4042
3965 3966
3965 4041
3965 4042
3965 4043
3966 3967
3966 4042
3966 4043
3966 4044
3967 3968
3967 4043
3967 4044
3967 4045
3968 4044
3968 4045
3968 4046
3969 3970
3969 4046
3969 4047
3969 4048
3970 4047
3970 4048
3970 4049
3971 3972
3971 4050
3971 4051
3972 3973
3972 4050
3972 4051
3972 4052
3973 3974
3973 4051
3973 4052
3973 4053
3974 3975
3974 4052
3974 4053
3975 4053
3976 4054
3976 4055
3977 3978
3977 4056
3977 4057
3978 3979
3978 4057
3978 4058
3979 3980
3979 4058
3980 3981
3980 4058
3981 3982
3981 4059
3982 3983
3982 4059
3982 4060
3983 3984
3983 4059
3983 4060
3983 4061
3984 3985
3984 4060
3984 4061
3984 4062
3985 3986
3985 4061
3985 4062
3985 4063
3986 3987
3986 4062
3986 4063
3987 3988
3987 4063
3987 4064
3988 3989
3988 4064
3988 4065
3989 4064
3989 4065
3990 3991
3990 4066
3990 4067
3991 4066
3991 4067
3991 4068
3992 3993
3992 4069
3992 4070
3992 4071
3993 3994
3993 4070
3993 4071
3993 4072
3994 3995
3994 4071
3994 4072
3994 4073
3995 4072
3995 4073
3996 4074
3996 4075
3997 3998
3997 4075
3997 4076
3997 4077
3998 3999
3998 4076
3998 4077
3998 4078
3999 4000
3999 4077
3999 4078
3999 4079
4000 4001
4000 4078
4000 4079
4001 4079
4001 4080
4002 4003
4002 4080
4002 4081
4003 4004
4003 4081
4003 4082
4004 4005
4004 4082
4004 4083
4005 4082
4005 4083
4005 4084
4006 4007
4006 4085
4006 4086
4007 4008
4007 4085
4007 4086
4007 4087
4008 4009
4008 4086
4008 4087
4008 4088
4009 4087
4009 4088
4009 4089
4010 4011
4010 4089
4010 4090
4010 4091
4011 4090
4011 4091
4011 4092
4012 4013
4012 4093
4012 4094
4013 4094
4013 4095
4014 4015
4014 4095
4014 4096
4015 4016
4015 4096
4015 4097
4016 4017
4016 4097
4017 4018
4017 4097
4017 4098
4018 4019
4018 4098
4018 4099
4019 4020
4019 4098
4019 4099
4019 4100
4020 4021
4020 4099
4020 4100
4020 4101
4021 4022
4021 4100
4021 4101
4022 4101
4023 4024
4024 4025
4024 4102
4025 4026
4025 4102
4025 4103
4026 4027
4026 4102
4026 4103
4026 4104
4027 4103
4027 4104
4027 4105
4028 4029
4028 4105
4028 4106
4028 4107
4029 4030
4029 4106
4029 4107
4029 4108
4030 4031
4030 4107
4030 4108
4030 4109
4031 4032
4031 4108
4031 4109
4031 4110
4032 4033
4032 4109
4032 4110
4032 4111
4033 4034
4033 4110
4033 4111
4033 4112
4034 4035
4034 4111
4034 4112
4034 4113
4035 4036
4035 4112
4035 4113
4035 4114
4036 4113
4036 4114
4036 4115
4037 4115
4037 4116
4038 4039
4038 4116
4038 4117
4038 4118
4039 4040
4039 4117
4039 4118
4040 4041
4040 4118
4040 4119
4041 4042
4041 4119
4042 4043
4042 4119
4042 4120
4043 4044
4043 4120
4043 4121
4044 4045
4044 4120
4044 4121
4044 4122
4045 4046
4045 4121
4045 4122
4046 4047
4046 4122
4046 4123
4047 4048
4047 4123
4047 4124
4048 4049
4048 4123
4048 4124
4049 4124
4050 4051
4050 4125
4050 4126
4051 4052
4051 4125
4051 4126
4051 4127
4052 4053
4052 4126
4052 4127
4052 4128
4053 4127
4053 4128
4053 4129
4054 4055
4054 4130
4054 4131
4055 4131
4055 4132
4056 4057
4056 4132
4056 4133
4056 4134
4057 4133
4057 4134
4057 4135
4058 4135
4058 4136
4059 4060
4059 4137
4059 4138
4059 4139
4060 4061
4060 4138
4060 4139
4060 4140
4061 4062
4061 4139
4061 4140
4062 4063
4062 4140
4063 4141
4064 4065
4064 4141
4064 4142
4064 4143
4065 4142
4065 4143
4066 4067
4066 4144
4067 4068
4067 4144
4067 4145
4068 4069
4068 4144
4068 4145
4068 4146
4069 4070
4069 4145
4069 4146
4069 4147
4070 4071
4070 4146
4070 4147
4071 4072
4071 4147
4071 4148
4072 4073
4072 4148
4072 4149
4073 4148
4073 4149
4073 4150
4074 4075
4074 4150
4075 4076
4075 4151
4076 4077
4076 4151
4076 4152
4077 4078
4077 4151
4077 4152
4077 4153
4078 4079
4078 4152
4078 4153
4079 4153
4080 4081
4080 4154
4080 4155
4081 4154
4081 4155
4081 4156
4082 4083
4082 4156
4082 4157
4083 4084
4083 4157
4083 4158
4084 4157
4084 4158
4085 4086
4085 4159
4085 4160
4086 4087
4086 4159
4086 4160
4087 4088
4087 4160
4087 4161
4088 4089
4088 4161
4088 4162
4089 4090
4089 4161
4089 4162
4089 4163
4090 4091
4090 4162
4090 4163
4090 4164
4091 4092
4091 4163
4091 4164
4091 4165
4092 4164
4092 4165
4092 4166
4093 4166
4093 4167
4094 4095
4094 4167
4094 4168
4094 4169
4095 4096
4095 4168
4095 4169
4096 4169
4096 4170
4097 4170
4097 4171
4097 4172
4098 4099
4098 4172
4098 4173
4099 4100
4099 4173
4099 4174
4100 4101
4100 4174
4100 4175
4101 4174
4101 4175
4101 4176
4102 4103
4102 4178
4102 4179
4102 4180
4103 4104
4103 4179
4103 4180
4103 4181
4104 4105
4104 4180
4104 4181
4105 4106
4105 4181
4106 4107
4106 4182
4107 4108
4107 4182
4108 4109
4108 4182
4109 4110
4110 4111
4110 4183
4111 4112
4111 4183
4112 4113
4112 4183
4112 4184
4113 4114
4113 4184
4113 4185
4114 4115
4114 4184
4114 4185
4114 4186
4115 4185
4115 4186
4115 4187
4116 4117
4116 4187
4116 4188
4117 4118
4117 4188
4117 4189
4118 4189
4118 4190
4119 4190
4119 4191
4120 4121
4120 4191
4120 4192
4120 4193
4121 4122
4121 4192
4121 4193
4121 4194
4122 4193
4122 4194
4122 4195
4123 4124
4123 4195
4123 4196
4123 4197
4124 4196
4124 4197
4125 4126
4125 4198
4125 4199
4126 4127
4126 4199
4126 4200
4127 4128
4127 4200
4127 4201
4128 4129
4128 4200
4128 4201
4128 4202
4129 4130
4129 4201
4129 4202
4129 4203
4130 4202
4130 4203
4131 4132
4131 4204
4131 4205
4132 4133
4132 4204
4132 4205
4132 4206
4133 4134
4133 4205
4133 4206
4133 4207
4134 4135
4134 4206
4134 4207
4134 4208
4135 4136
4135 4207
4135 4208
4135 4209
4136 4208
4136 4209
4136 4210
4137 4138
4137 4210
4138 4139
4138 4211
4139 4140
4139 4211
4139 4212
4140 4211
4140 4212
4140 4213
4141 4142
4141 4214
4141 4215
4141 4216
4142 4143
4142 4215
4142 4216
4142 4217
4143 4216
4143 4217
4143 4218
4144 4145
4144 4219
4145 4146
4145 4219
4145 4220
4146 4147
4146 4220
4146 4221
4147 4220
4147 4221
4148 4149
4148 4222
4148 4223
4149 4150
4149 4222
4149 4223
4149 4224
4150 4223
4150 4224
4151 4152
4151 4225
4151 4226
4151 4227
4152 4153
4152 4226
4152 4227
4152 4228
4153 4227
4153 4228
4153 4229
4154 4155
4154 4230
4154 4231
4154 4232
4155 4156
4155 4231
4155 4232
4155 4233
4156 4232
4156 4233
4156 4234
4157 4158
4157 4234
4157 4235
4157 4236
4158 4235
4158 4236
4159 4160
4159 4237
4160 4237
4160 4238
4161 4162
4161 4238
4161 4239
4161 4240
4162 4163
4162 4239
4162 4240
4163 4164
4163 4240
4164 4165
4164 4241
4165 4166
4165 4241
4165 4242
4166 4241
4166 4242
4167 4168
4167 4243
4167 4244
4168 4169
4168 4243
4168 4244
4168 4245
4169 4244
4169 4245
4170 4171
4170 4246
4170 4247
4171 4172
4171 4246
4171 4247
4171 4248
4172 4173
4172 4247
4172 4248
4172 4249
4173 4248
4173 4249
4174 4175
4174 4250
4174 4251
4175 4176
4175 4250
4175 4251
4175 4252
4176 4251
4176 4252
4176 4253
4177 4178
4177 4253
4177 4254
4177 4255
4178 4179
4178 4254
4178 4255
4178 4256
4179 4180
4179 4255
4179 4256
4179 4257
4180 4181
4180 4256
4180 4257
4181 4257
4182 4258
4182 4259
4182 4260
4183 4262
4183 4263
4184 4185
4184 4264
4184 4265
4185 4186
4185 4264
4185 4265
4186 4187
4186 4265
4186 4266
4187 4188
4187 4266
4188 4266
4188 4267
4189 4190
4189 4267
4189 4268
4189 4269
4190 4268
4190 4269
4190 4270
4191 4192
4191 4270
4191 4271
4192 4193
4192 4271
4192 4272
4193 4194
4193 4272
4194 4195
4194 4272
4194 4273
4195 4196
4195 4273
4195 4274
4196 4197
4196 4273
4196 4274
4196 4275
4197 4274
4197 4275
4197 4276
4198 4199
4198 4276
4198 4277
4199 4277
4199 4278
4200 4201
4200 4278
4200 4279
4201 4202
4201 4279
4201 4280
4202 4203
4202 4279
4202 4280
4202 4281
4203 4280
4203 4281
4203 4282
4204 4205
4204 4282
4204 4283
4204 4284
4205 4206
4205 4283
4205 4284
4206 4207
4206 4284
4206 4285
4207 4208
4207 4285
4208 4209
4208 4285
4208 4286
4209 4210
4209 4286
4209 4287
4210 4286
4210 4287
4211 4212
4211 4288
4212 4213
4212 4289
4213 4214
4213 4289
4213 4290
4214 4215
4214 4289
4214 4290
4214 4291
4215 4216
4215 4290
4215 4291
4215 4292
4216 4217
4216 4291
4216 4292
4216 4293
4217 4218
4217 4292
4217 4293
4217 4294
4218 4293
4218 4294
4218 4295
4219 4295
4219 4296
4220 4221
4220 4296
4220 4297
4220 4298
4221 4297
4221 4298
4221 4299
4222 4223
4222 4299
4223 4224
4223 4300
4224 4300
4224 4301
4225 4226
4225 4301
4225 4302
4225 4303
4226 4227
4226 4302
4226 4303
4226 4304
4227 4228
4227 4303
4227 4304
4228 4229
4228 4304
4228 4305
4229 4230
4229 4305
4229 4306
4230 4231
4230 4305
4230 4306
4230 4307
4231 4232
4231 4306
4231 4307
4231 4308
4232 4233
4232 4307
4232 4308
4232 4309
4233 4234
4233 4308
4233 4309
4233 4310
4234 4235
4234 4309
4234 4310
4234 4311
4235 4236
4235 4310
4235 4311
4235 4312
4236 4311
4236 4312
4237 4238
4237 4313
4237 4314
4237 4315
4238 4239
4238 4314
4238 4315
4238 4316
4239 4240
4239 4315
4239 4316
4240 4316
4241 4242
4241 4317
4241 4318
4241 4319
4242 4318
4242 4319
4243 4244
4243 4320
4244 4245
4244 4320
4244 4321
4245 4321
4245 4322
4246 4247
4246 4322
4246 4323
4246 4324
4247 4248
4247 4323
4247 4324
4248 4249
4248 4324
4248 4325
4249 4325
4249 4326
4250 4251
4250 4326
4250 4327
4251 4252
4251 4327
4251 4328
4252 4253
4252 4327
4252 4328
4252 4329
4253 4254
4253 4328
4253 4329
4253 4330
4254 4255
4254 4329
4254 4330
4255 4256
4255 4330
4255 4331
4256 4257
4256 4331
4256 4332
4257 4331
4257 4332
4257 4333
4258 4259
4258 4334
4258 4335
4258 4336
4259 4260
4259 4335
4259 4336
4260 4261
4260 4336
4260 4337
4261 4262
4261 4337
4262 4263
4262 4337
4262 4338
4263 4338
4263 4339
4264 4265
4264 4339
4264 4340
4264 4341
4265 4340
4265 4341
4266 4342
4266 4343
4267 4268
4267 4343
4267 4344
4268 4269
4268 4344
4269 4270
4269 4344
4269 4345
4270 4271
4270 4345
4270 4346
4271 4345
4271 4346
4271 4347
4272 4347
4272 4348
4272 4349
4273 4274
4273 4349
4273 4350
4273 4351
4274 4275
4274 4350
4274 4351
4275 4276
4275 4351
4275 4352
4276 4277
4276 4352
4276 4353
4277 4352
4277 4353
4277 4354
4278 4354
4278 4355
4278 4356
4279 4280
4279 4356
4279 4357
4280 4281
4280 4357
4280 4358
4281 4282
4281 4357
4281 4358
4281 4359
4282 4283
4282 4358
4282 4359
4282 4360
4283 4284
4283 4359
4283 4360
4284 4360
4284 4361
4285 4361
4285 4362
4286 4287
4286 4363
4286 4364
4287 4363
4287 4364
4287 4365
4288 4365
4288 4366
4289 4290
4289 4367
4289 4368
4289 4369
4290 4291
4290 4368
4290 4369
4290 4370
4291 4292
4291 4369
4291 4370
4291 4371
4292 4293
4292 4370
4292 4371
4292 4372
4293 4294
4293 4371
4293 4372
4294 4295
4294 4372
4294 4373
4295 4373
4296 4297
4296 4374
4296 4375
4297 4298
4297 4374
4297 4375
4297 4376
4298 4299
4298 4375
4298 4376
4298 4377
4299 4376
4299 4377
4300 4301
4300 4378
4300 4379
4301 4302
4301 4379
4301 4380
4302 4303
4302 4379
4302 4380
4302 4381
4303 4304
4303 4380
4303 4381
4303 4382
4304 4381
4304 4382
4304 4383
4305 4306
4305 4383
4305 4384
4306 4307
4306 4384
4306 4385
4307 4308
4307 4384
4307 4385
4307 4386
4308 4309
4308 4385
4308 4386
4308 4387
4309 4310
4309 4386
4309 4387
4309 4388
4310 4311
4310 4387
4310 4388
4310 4389
4311 4312
4311 4388
4311 4389
4311 4390
4312 4389
4312 4390
4313 4314
4313 4391
4313 4392
4314 4315
4314 4391
4314 4392
4314 4393
4315 4316
4315 4392
4315 4393
4315 4394
4316 4393
4316 4394
4316 4395
4317 4318
4317 4396
4317 4397
4317 4398
4318 4319
4318 4397
4318 4398
4319 4398
4319 4399
4320 4399
4320 4400
4320 4401
4321 4322
4321 4401
4321 4402
4321 4403
4322 4323
4322 4402
4322 4403
4322 4404
4323 4324
4323 4403
4323 4404
4323 4405
4324 4404
4324 4405
4324 4406
4325 4326
4325 4406
4325 4407
4325 4408
4326 4407
4326 4408
4327 4328
4327 4409
4328 4329
4328 4409
4328 4410
4329 4330
4329 4410
4329 4411
4330 4410
4330 4411
4330 4412
4331 4332
4331 4412
4331 4413
4332 4333
4332 4413
4332 4414
4333 4334
4333 4413
4333 4414
4333 4415
4334 4335
4334 4414
4334 4415
4334 4416
4335 4336
4335 4415
4335 4416
4336 4416
4336 4417
4337 4417
4337 4418
4337 4419
4338 4339
4338 4419
4338 4420
4338 4421
4339 4340
4339 4420
4339 4421
4340 4341
4340 4421
4340 4422
4341 4422
4341 4423
4342 4343
4342 4423
4342 4424
4342 4425
4343 4424
4343 4425
4343 4426
4344 4426
4344 4427
4344 4428
4345 4346
4345 4428
4345 4429
4346 4347
4346 4429
4346 4430
4347 4348
4347 4430
4347 4431
4348 4349
4348 4430
4348 4431
4348 4432
4349 4350
4349 4431
4349 4432
4349 4433
4350 4351
4350 4432
4350 4433
4351 4433
4352 4353
4352 4434
4352 4435
4353 4354
4353 4434
4353 4435
4353 4436
4354 4355
4354 4435
4354 4436
4354 4437
4355 4356
4355 4436
4355 4437
4355 4438
4356 4437
4356 4438
4356 4439
4357 4358
4357 4439
4357 4440
4357 4441
4358 4359
4358 4440
4358 4441
4358 4442
4359 4360
4359 4441
4359 4442
4359 4443
4360 4442
4360 4443
4360 4444
4361 4362
4361 4444
4361 4445
4362 4445
4362 4446
4363 4364
4363 4446
4363 4447
4364 4365
4364 4447
4364 4448
4365 4366
4365 4448
4365 4449
4366 4448
4366 4449
4366 4450
4367 4368
4367 4450
4367 4451
4367 4452
4368 4369
4368 4451
4368 4452
4368 4453
4369 4370
4369 4452
4369 4453
4369 4454
4370 4371
4370 4453
4370 4454
4371 4372
4371 4454
4371 4455
4372 4455
4372 4456
4373 4456
4373 4457
4373 4458
4374 4375
4374 4458
4374 4459
4375 4376
4375 4459
4376 4377
4376 4459
4376 4460
4377 4460
4377 4461
4378 4461
4379 4380
4379 4462
4379 4463
4380 4381
4380 4462
4380 4463
4380 4464
4381 4382
4381 4463
4381 4464
4381 4465
4382 4383
4382 4464
4382 4465
4382 4466
4383 4465
4383 4466
4383 4467
4384 4385
4384 4467
4384 4468
4384 4469
4385 4386
4385 4468
4385 4469
4385 4470
4386 4387
4386 4469
4386 4470
4386 4471
4387 4388
4387 4470
4387 4471
4387 4472
4388 4389
4388 4471
4388 4472
4388 4473
4389 4390
4389 4472
4389 4473
4389 4474
4390 4473
4390 4474
4391 4392
4391 4475
4392 4393
4392 4475
4392 4476
4393 4394
4393 4476
4393 4477
4394 4395
4394 4476
4394 4477
4394 4478
4395 4396
4395 4477
4395 4478
4395 4479
4396 4397
4396 4478
4396 4479
4396 4480
4397 4398
4397 4479
4397 4480
4397 4481
4398 4480
4398 4481
4398 4482
4399 4400
4399 4482
4400 4401
4400 4483
4401 4402
4401 4483
4401 4484
4402 4403
4402 4483
4402 4484
4402 4485
4403 4404
4403 4484
4403 4485
4403 4486
4404 4405
4404 4485
4404 4486
4405 4406
4405 4486
4405 4487
4406 4407
4406 4487
4406 4488
4407 4408
4407 4487
4407 4488
4407 4489
4408 4488
4408 4489
4408 4490
4409 4490
4409 4491
4410 4411
4410 4492
4410 4493
4411 4412
4411 4492
4411 4493
4411 4494
4412 4493
4412 4494
4412 4495
4413 4414
4413 4495
4413 4496
4413 4497
4414 4415
4414 4496
4414 4497
4414 4498
4415 4416
4415 4497
4415 4498
4415 4499
4416 4498
4416 4499
4416 4500
4417 4418
4417 4500
4417 4501
4417 4502
4418 4419
4418 4501
4418 4502
4419 4420
4419 4502
4419 4503
4420 4421
4420 4503
4420 4504
4421 4503
4421 4504
4422 4423
4422 4505
4423 4424
4423 4505
4424 4425
4424 4506
4425 4426
4425 4506
4426 4427
4426 4506
4426 4507
4427 4428
4427 4507
4427 4508
4428 4429
4428 4507
4428 4508
4428 4509
4429 4508
4429 4509
4430 4431
4430 4510
4431 4432
4431 4510
4431 4511
4432 4433
4432 4510
4432 4511
4432 4512
4433 4511
4433 4512
4434 4435
4434 4513
4434 4514
4435 4436
4435 4514
4435 4515
4436 4437
4436 4514
4436 4515
4436 4516
4437 4438
4437 4515
4437 4516
4437 4517
4438 4439
4438 4516
4438 4517
4438 4518
4439 4440
4439 4517
4439 4518
4439 4519
4440 4441
4440 4518
4440 4519
4440 4520
4441 4442
4441 4519
4441 4520
4441 4521
4442 4443
4442 4520
4442 4521
4442 4522
4443 4444
4443 4521
4443 4522
4444 4445
4444 4522
4444 4523
4445 4523
4445 4524
4446 4447
4446 4524
4446 4525
4446 4526
4447 4525
4447 4526
4447 4527
4448 4449
4448 4527
4448 4528
4449 4450
4449 4528
4450 4451
4450 4529
4451 4452
4451 4529
4452 4453
4452 4529
4453 4454
4453 4530
4454 4530
4454 4531
4455 4456
4455 4531
4455 4532
4455 4533
4456 4457
4456 4532
4456 4533
4457 4458
4457 4533
4457 4534
4458 4534
4458 4535
4459 4535
4459 4536
4459 4537
4460 4461
4460 4537
4460 4538
4461 4538
4461 4539
4462 4463
4462 4540
4462 4541
4463 4464
4463 4540
4463 4541
4463 4542
4464 4465
4464 4541
4464 4542
4464 4543
4465 4466
4465 4542
4465 4543
4465 4544
4466 4467
4466 4543
4466 4544
4466 4545
4467 4468
4467 4544
4467 4545
4467 4546
4468 4469
4468 4545
4468 4546
4468 4547
4469 4470
4469 4546
4469 4547
4469 4548
4470 4471
4470 4547
4470 4548
4470 4549
4471 4472
4471 4548
4471 4549
4471 4550
4472 4473
4472 4549
4472 4550
4472 4551
4473 4474
4473 4550
4473 4551
4473 4552
4474 4551
4474 4552
4475 4553
4476 4477
4476 4553
4476 4554
4477 4478
4477 4554
4477 4555
4478 4479
4478 4555
4478 4556
4479 4480
4479 4555
4479 4556
4479 4557
4480 4481
4480 4556
4480 4557
4480 4558
4481 4482
4481 4557
4481 4558
4481 4559
4482 4558
4482 4559
4482 4560
4483 4484
4483 4561
4483 4562
4483 4563
4484 4485
4484 4562
4484 4563
4484 4564
4485 4486
4485 4563
4485 4564
4485 4565
4486 4564
4486 4565
4486 4566
4487 4488
4487 4566
4487 4567
4487 4568
4488 4489
4488 4567
4488 4568
4488 4569
4489 4490
4489 4568
4489 4569
4490 4491
4490 4569
4490 4570
4491 4570
4491 4571
4492 4493
4492 4571
4492 4572
4493 4494
4493 4572
4494 4495
4495 4496
4495 4573
4496 4497
4496 4573
4496 4574
4497 4498
4497 4573
4497 4574
4497 4575
4498 4499
4498 4574
4498 4575
4499 4500
4499 4575
4499 4576
4500 4501
4500 4576
4500 4577
4501 4502
4501 4576
4501 4577
4501 4578
4502 4577
4502 4578
4502 4579
4503 4504
4503 4579
4503 4580
4504 4580
4504 4581
4505 4581
4505 4582
4505 4583
4506 4584
4506 4585
4507 4508
4507 4586
4507 4587
4508 4509
4508 4586
4508 4587
4509 4587
4509 4588
4510 4511
4510 4589
4510 4590
4510 4591
4511 4512
4511 4590
4511 4591
4511 4592
4512 4591
4512 4592
4512 4593
4513 4593
4513 4594
4514 4515
4514 4595
4514 4596
4515 4516
4515 4595
4515 4596
4515 4597
4516 4517
4516 4596
4516 4597
4516 4598
4517 4518
4517 4597
4517 4598
4518 4519
4518 4598
4518 4599
4519 4520
4519 4599
4519 4600
4520 4521
4520 4599
4520 4600
4520 4601
4521 4522
4521 4600
4521 4601
4522 4601
4522 4602
4523 4524
4523 4602
4523 4603
4523 4604
4524 4525
4524 4603
4524 4604
4524 4605
4525 4526
4525 4604
4525 4605
4525 4606
4526 4527
4526 4605
4526 4606
4526 4607
4527 4528
4527 4606
4527 4607
4527 4608
4528 4607
4528 4608
4528 4609
4529 4610
4529 4611
4529 4612
4530 4531
4530 4613
4530 4614
4530 4615
4531 4532
4531 4614
4531 4615
4531 4616
4532 4533
4532 4615
4532 4616
4532 4617
4533 4616
4533 4617
4534 4535
4534 4618
4535 4536
4535 4618
4536 4537
4536 4619
4537 4619
4537 4620
4538 4539
4538 4620
4538 4621
4538 4622
4539 4621
4539 4622
4539 4623
4540 4541
4540 4623
4540 4624
4540 4625
4541 4542
4541 4624
4541 4625
4542 4543
4542 4625
4542 4626
4543 4544
4543 4626
4543 4627
4544 4545
4544 4626
4544 4627
4545 4546
4545 4627
4545 4628
4546 4547
4546 4628
4546 4629
4547 4548
4547 4628
4547 4629
4547 4630
4548 4549
4548 4629
4548 4630
4548 4631
4549 4550
4549 4630
4549 4631
4549 4632
4550 4551
4550 4631
4550 4632
4550 4633
4551 4552
4551 4632
4551 4633
4551 4634
4552 4633
4552 4634
4553 4554
4553 4635
4553 4636
4553 4637
4554 4636
4554 4637
4554 4638
4555 4556
4555 4638
4555 4639
4555 4640
4556 4557
4556 4639
4556 4640
4556 4641
4557 4558
4557 4640
4557 4641
4557 4642
4558 4559
4558 4641
4558 4642
4558 4643
4559 4560
4559 4642
4559 4643
4559 4644
4560 4561
4560 4643
4560 4644
4560 4645
4561 4562
4561 4644
4561 4645
4561 4646
4562 4563
4562 4645
4562 4646
4563 4564
4563 4646
4563 4647
4564 4565
4564 4647
4565 4566
4565 4647
4565 4648
4566 4567
4566 4648
4566 4649
4567 4568
4567 4648
4567 4649
4568 4569
4568 4649
4568 4650
4569 4650
4569 4651
4570 4571
4570 4651
4570 4652
4571 4572
4571 4652
4571 4653
4572 4653
4572 4654
4573 4574
4573 4655
4573 4656
4573 4657
4574 4575
4574 4656
4574 4657
4574 4658
4575 4657
4575 4658
4576 4577
4576 4659
4577 4578
4577 4659
4577 4660
4578 4579
4578 4660
4578 4661
4579 4660
4579 4661
4580 4581
4580 4662
4580 4663
4581 4582
4581 4662
4581 4663
4581 4664
4582 4583
4582 4663
4582 4664
4582 4665
4583 4584
4583 4664
4583 4665
4583 4666
4584 4585
4584 4665
4584 4666
4584 4667
4585 4666
4585 4667
4585 4668
4586 4587
4586 4668
4586 4669
4587 4669
4587 4670
4588 4589
4588 4670
4588 4671
4588 4672
4589 4590
4589 4671
4589 4672
4590 4591
4590 4672
4590 4673
4591 4592
4591 4673
4591 4674
4592 4593
4592 4673
4592 4674
4592 4675
4593 4594
4593 4674
4593 4675
4593 4676
4594 4675
4594 4676
4594 4677
4595 4596
4595 4677
4595 4678
4596 4597
4596 4678
4596 4679
4597 4598
4597 4679
4597 4680
4598 4679
4598 4680
4598 4681
4599 4600
4599 4681
4599 4682
4600 4601
4600 4682
4600 4683
4601 4683
4601 4684
4602 4603
4602 4684
4602 4685
4602 4686
4603 4604
4603 4685
4603 4686
4603 4687
4604 4605
4604 4686
4604 4687
4604 4688
4605 4606
4605 4687
4605 4688
4605 4689
4606 4607
4606 4688
4606 4689
4606 4690
4607 4608
4607 4689
4607 4690
4607 4691
4608 4609
4608 4690
4608 4691
4609 4610
4609 4691
4610 4611
4610 4692
4611 4612
4611 4692
4611 4693
4612 4613
4612 4692
4612 4693
4612 4694
4613 4614
4613 4693
4613 4694
4613 4695
4614 4615
4614 4694
4614 4695
4614 4696
4615 4616
4615 4695
4615 4696
4615 4697
4616 4617
4616 4696
4616 4697
4616 4698
4617 4697
4617 4698
4617 4699
4618 4699
4618 4700
4618 4701
4619 4620
4619 4702
4619 4703
4619 4704
4620 4621
4620 4703
4620 4704
4620 4705
4621 4622
4621 4704
4621 4705
4621 4706
4622 4623
4622 4705
4622 4706
4623 4624
4623 4706
4624 4625
4624 4707
4625 4707
4626 4627
4626 4708
4626 4709
4627 4708
4627 4709
4627 4710
4628 4629
4628 4710
4628 4711
4629 4630
4629 4711
4629 4712
4630 4631
4630 4711
4630 4712
4630 4713
4631 4632
4631 4712
4631 4713
4631 4714
4632 4633
4632 4713
4632 4714
4632 4715
4633 4634
4633 4714
4633 4715
4633 4716
4634 4715
4634 4716
4635 4636
4635 4717
4635 4718
4636 4637
4636 4717
4636 4718
4636 4719
4637 4638
4637 4718
4637 4719
4637 4720
4638 4639
4638 4719
4638 4720
4638 4721
4639 4640
4639 4720
4639 4721
4639 4722
4640 4641
4640 4721
4640 4722
4641 4642
4641 4722
4641 4723
4642 4643
4642 4723
4643 4644
4643 4723
4643 4724
4644 4645
4644 4724
4644 4725
4645 4646
4645 4724
4645 4725
4645 4726
4646 4725
4646 4726
4646 4727
4647 4727
4647 4728
4647 4729
4648 4649
4648 4729
4648 4730
4648 4731
4649 4730
4649 4731
4649 4732
4650 4651
4650 4732
4650 4733
4650 4734
4651 4652
4651 4733
4651 4734
4651 4735
4652 4734
4652 4735
4652 4736
4653 4654
4653 4736
4653 4737
4653 4738
4654 4737
4654 4738
4655 4656
4655 4739
4655 4740
4656 4657
4656 4739
4656 4740
4656 4741
4657 4658
4657 4740
4657 4741
4658 4741
4658 4742
4659 4742
4659 4743
4659 4744
4660 4661
4660 4744
4660 4745
4660 4746
4661 4745
4661 4746
4661 4747
4662 4663
4662 4747
4662 4748
4663 4664
4663 4748
4664 4665
4664 4748
4664 4749
4665 4666
4665 4749
4665 4750
4666 4667
4666 4749
4666 4750
4667 4668
4667 4750
4667 4751
4668 4751
4668 4752
4669 4670
4669 4752
4669 4753
4669 4754
4670 4671
4670 4753
4670 4754
4670 4755
4671 4672
4671 4754
4671 4755
4671 4756
4672 4755
4672 4756
4672 4757
4673 4674
4673 4757
4673 4758
4673 4759
4674 4675
4674 4758
4674 4759
4674 4760
4675 4676
4675 4759
4675 4760
4675 4761
4676 4677
4676 4760
4676 4761
4676 4762
4677 4678
4677 4761
4677 4762
4678 4762
4678 4763
4679 4680
4679 4763
4679 4764
4680 4681
4680 4764
4680 4765
4681 4682
4681 4764
4681 4765
4682 4765
4682 4766
4683 4684
4683 4766
4683 4767
4683 4768
4684 4685
4684 4767
4684 4768
4684 4769
4685 4686
4685 4768
4685 4769
4685 4770
4686 4687
4686 4769
4686 4770
4686 4771
4687 4688
4687 4770
4687 4771
4687 4772
4688 4689
4688 4771
4688 4772
4688 4773
4689 4690
4689 4772
4689 4773
4689 4774
4690 4691
4690 4773
4690 4774
4690 4775
4691 4774
4691 4775
4691 4776
4692 4693
4692 4777
4692 4778
4692 4779
4693 4694
4693 4778
4693 4779
4693 4780
4694 4695
4694 4779
4694 4780
4694 4781
4695 4696
4695 4780
4695 4781
4695 4782
4696 4697
4696 4781
4696 4782
4696 4783
4697 4698
4697 4782
4697 4783
4697 4784
4698 4699
4698 4783
4698 4784
4698 4785
4699 4700
4699 4784
4699 4785
4699 4786
4700 4701
4700 4785
4700 4786
4700 4787
4701 4702
4701 4786
4701 4787
4702 4703
4702 4787
4703 4704
4703 4788
4704 4705
4704 4788
4704 4789
4705 4706
4705 4788
4705 4789
4706 4789
4706 4790
4707 4791
4707 4792
4707 4793
4708 4709
4708 4793
4708 4794
4708 4795
4709 4710
4709 4794
4709 4795
4710 4795
4710 4796
4711 4712
4711 4796
4711 4797
4712 4713
4712 4797
4712 4798
4713 4714
4713 4797
4713 4798
4713 4799
4714 4715
4714 4798
4714 4799
4715 4716
4715 4799
4715 4800
4716 4800
4717 4718
4717 4801
4717 4802
4718 4719
4718 4801
4718 4802
4718 4803
4719 4720
4719 4802
4719 4803
4719 4804
4720 4721
4720 4803
4720 4804
4720 4805
4721 4722
4721 4804
4721 4805
4721 4806
4722 4805
4722 4806
4724 4725
4724 4807
4725 4726
4725 4807
4725 4808
4726 4727
4726 4807
4726 4808
4726 4809
4727 4728
4727 4808
4727 4809
4728 4729
4728 4809
4729 4730
4729 4810
4730 4731
4730 4810
4730 4811
4731 4732
4731 4810
4731 4811
4731 4812
4732 4733
4732 4811
4732 4812
4732 4813
4733 4734
4733 4812
4733 4813
4733 4814
4734 4735
4734 4813
4734 4814
4734 4815
4735 4736
4735 4814
4735 4815
4735 4816
4736 4737
4736 4815
4736 4816
4736 4817
4737 4738
4737 4816
4737 4817
4737 4818
4738 4817
4738 4818
4738 4819
4739 4740
4739 4819
4739 4820
4739 4821
4740 4741
4740 4820
4740 4821
4740 4822
4741 4821
4741 4822
4741 4823
4742 4743
4742 4823
4742 4824
4742 4825
4743 4744
4743 4824
4743 4825
4743 4826
4744 4745
4744 4825
4744 4826
4744 4827
4745 4746
4745 4826
4745 4827
4745 4828
4746 4747
4746 4827
4746 4828
4746 4829
4747 4828
4747 4829
4747 4830
4748 4830
4748 4831
4748 4832
4749 4750
4749 4832
4749 4833
4750 4833
4750 4834
4751 4752
4751 4834
4752 4753
4753 4754
4754 4755
4754 4835
4755 4756
4755 4835
4756 4757
4756 4835
4757 4758
4757 4836
4758 4759
4758 4836
4758 4837
4759 4760
4759 4836
4759 4837
4760 4761
4760 4837
4760 4838
4761 4762
4761 4838
4761 4839
4762 4838
4762 4839
4762 4840
4763 4840
4763 4841
4764 4765
4764 4842
4764 4843
4765 4842
4765 4843
4765 4844
4766 4767
4766 4844
4766 4845
4766 4846
4767 4768
4767 4845
4767 4846
4768 4769
4768 4846
4769 4770
4769 4847
4770 4771
4770 4847
4770 4848
4771 4772
4771 4847
4771 4848
4772 4773
4772 4848
4772 4849
4773 4774
4773 4849
4774 4775
4774 4849
4774 4850
4775 4776
4775 4850
4775 4851
4776 4777
4776 4850
4776 4851
4776 4852
4777 4778
4777 4851
4777 4852
4777 4853
4778 4779
4778 4852
4778 4853
4779 4780
4779 4853
4779 4854
4780 4781
4780 4854
4780 4855
4781 4782
4781 4854
4781 4855
4781 4856
4782 4783
4782 4855
4782 4856
4783 4784
4783 4856
4783 4857
4784 4785
4784 4857
4784 4858
4785 4786
4785 4857
4785 4858
4785 4859
4786 4787
4786 4858
4786 4859
4786 4860
4787 4859
4787 4860
4787 4861
4788 4789
4788 4862
4789 4863
4790 4791
4790 4863
4790 4864
4790 4865
4791 4792
4791 4864
4791 4865
4791 4866
4792 4793
4792 4865
4792 4866
4792 4867
4793 4794
4793 4866
4793 4867
4793 4868
4794 4795
4794 4867
4794 4868
4794 4869
4795 4868
4795 4869
4795 4870
4796 4870
4796 4871
4797 4798
4797 4871
4797 4872
4797 4873
4798 4799
4798 4872
4798 4873
4798 4874
4799 4873
4799 4874
4800 4875
4801 4802
4801 4876
4801 4877
4802 4803
4802 4876
4802 4877
4803 4804
4803 4877
4803 4878
4804 4805
4804 4878
4804 4879
4805 4806
4805 4878
4805 4879
4805 4880
4806 4879
4806 4880
4806 4881
4807 4808
4807 4884
4807 4885
4807 4886
4808 4809
4808 4885
4808 4886
4808 4887
4809 4886
4809 4887
4809 4888
4810 4811
4810 4889
4810 4890
4811 4812
4811 4889
4811 4890
4812 4813
4812 4890
4813 4814
4814 4815
4814 4891
4815 4816
4815 4891
4816 4817
4816 4891
4816 4892
4817 4818
4817 4892
4817 4893
4818 4819
4818 4892
4818 4893
4818 4894
4819 4820
4819 4893
4819 4894
4819 4895
4820 4821
4820 4894
4820 4895
4821 4822
4821 4895
4822 4823
4822 4896
4823 4824
4823 4896
4823 4897
4824 4825
4824 4896
4824 4897
4824 4898
4825 4826
4825 4897
4825 4898
4825 4899
4826 4827
4826 4898
4826 4899
4827 4828
4827 4899
4828 4829
4829 4830
4829 4900
4830 4831
4830 4900
4830 4901
4831 4832
4831 4900
4831 4901
4831 4902
4832 4901
4832 4902
4832 4903
4833 4834
4833 4903
4833 4904
4833 4905
4834 4904
4834 4905
4834 4906
4835 4908
4835 4909
4836 4837
4836 4910
4836 4911
4837 4910
4837 4911
4837 4912
4838 4839
4838 4912
4838 4913
4839 4840
4839 4913
4839 4914
4840 4841
4840 4913
4840 4914
4840 4915
4841 4914
4841 4915
4842 4843
4842 4916
4842 4917
4843 4844
4843 4916
4843 4917
4843 4918
4844 4845
4844 4917
4844 4918
4845 4846
4845 4918
4846 4919
4847 4848
4847 4920
4848 4921
4849 4921
4849 4922
4849 4923
4850 4851
4850 4923
4850 4924
4851 4852
4851 4924
4851 4925
4852 4853
4852 4925
4853 4925
4854 4855
4854 4926
4854 4927
4855 4856
4855 4926
4855 4927
4855 4928
4856 4927
4856 4928
4857 4858
4857 4929
4857 4930
4858 4859
4858 4929
4858 4930
4858 4931
4859 4860
4859 4930
4859 4931
4859 4932
4860 4861
4860 4931
4860 4932
4861 4862
4861 4932
4862 4933
4863 4864
4863 4934
4863 4935
4863 4936
4864 4865
4864 4935
4864 4936
4865 4866
4865 4936
4865 4937
4866 4867
4866 4937
4866 4938
4867 4868
4867 4937
4867 4938
4867 4939
4868 4869
4868 4938
4868 4939
4868 4940
4869 4870
4869 4939
4869 4940
4869 4941
4870 4940
4870 4941
4871 4872
4871 4942
4871 4943
4872 4873
4872 4942
4872 4943
4872 4944
4873 4874
4873 4943
4873 4944
4873 4945
4874 4944
4874 4945
4874 4946
4875 4946
4875 4947
4876 4877
4877 4948
4878 4879
4878 4948
4878 4949
4878 4950
4879 4880
4879 4949
4879 4950
4879 4951
4880 4881
4880 4950
4880 4951
4880 4952
4881 4882
4881 4951
4881 4952
4881 4953
4882 4883
4882 4952
4882 4953
4883 4884
4883 4953
4883 4954
4884 4885
4884 4954
4885 4886
4885 4954
4885 4955
4886 4887
4886 4955
4886 4956
4887 4888
4887 4955
4887 4956
4887 4957
4888 4956
4888 4957
4888 4958
4889 4890
4889 4958
4889 4959
4889 4960
4890 4959
4890 4960
4890 4961
4891 4962
4891 4963
4892 4893
4892 4963
4892 4964
4892 4965
4893 4894
4893 4964
4893 4965
4893 4966
4894 4895
4894 4965
4894 4966
4894 4967
4895 4966
4895 4967
4895 4968
4896 4897
4896 4969
4896 4970
4896 4971
4897 4898
4897 4970
4897 4971
4897 4972
4898 4899
4898 4971
4898 4972
4898 4973
4899 4972
4899 4973
4899 4974
4900 4901
4900 4976
4900 4977
4900 4978
4901 4902
4901 4977
4901 4978
4901 4979
4902 4903
4902 4978
4902 4979
4902 4980
4903 4904
4903 4979
4903 4980
4903 4981
4904 4905
4904 4980
4904 4981
4904 4982
4905 4906
4905 4981
4905 4982
4905 4983
4906 4907
4906 4982
4906 4983
4906 4984
4907 4983
4907 4984
4907 4985
4908 4985
4908 4986
4908 4987
4909 4987
4909 4988
4909 4989
4910 4911
4910 4989
4910 4990
4910 4991
4911 4912
4911 4990
4911 4991
4911 4992
4912 4991
4912 4992
4912 4993
4913 4914
4913 4993
4913 4994
4914 4915
4914 4994
4914 4995
4915 4994
4915 4995
4915 4996
4916 4917
4916 4996
4916 4997
4917 4918
4917 4997
4917 4998
4918 4997
4918 4998
4919 4920
4919 4999
4919 5000
4919 5001
4920 5000
4920 5001
4920 5002
4921 4922
4921 5003
4922 4923
4922 5003
4922 5004
4923 4924
4923 5004
4924 5004
4924 5005
4925 5005
4925 5006
4925 5007
4926 4927
4926 5008
4926 5009
4927 4928
4927 5009
4927 5010
4928 5010
4928 5011
4929 4930
4929 5011
4929 5012
4929 5013
4930 4931
4930 5012
4930 5013
4930 5014
4931 4932
4931 5013
4931 5014
4931 5015
4932 5014
4932 5015
4932 5016
4933 4934
4933 5017
4933 5018
4933 5019
4934 4935
4934 5018
4934 5019
4934 5020
4935 4936
4935 5019
4935 5020
4935 5021
4936 5020
4936 5021
4937 4938
4937 5022
4937 5023
4938 4939
4938 5022
4938 5023
4938 5024
4939 4940
4939 5023
4939 5024
4939 5025
4940 4941
4940 5024
4940 5025
4940 5026
4941 5025
4941 5026
4941 5027
4942 4943
4942 5027
4942 5028
4942 5029
4943 4944
4943 5028
4943 5029
4943 5030
4944 4945
4944 5029
4944 5030
4944 5031
4945 4946
4945 5030
4945 5031
4945 5032
4946 4947
4946 5031
4946 5032
4946 5033
4947 5032
4947 5033
4948 4949
4948 5035
4949 4950
4950 4951
4950 5036
4951 4952
4951 5036
4951 5037
4952 4953
4952 5036
4952 5037
4952 5038
4953 5037
4953 5038
4953 5039
4954 5039
4954 5040
4954 5041
4955 4956
4955 5041
4955 5042
4955 5043
4956 4957
4956 5042
4956 5043
4956 5044
4957 4958
4957 5043
4957 5044
4957 5045
4958 4959
4958 5044
4958 5045
4958 5046
4959 4960
4959 5045
4959 5046
4959 5047
4960 4961
4960 5046
4960 5047
4960 5048
4961 5047
4961 5048
4961 5049
4962 4963
4962 5050
4962 5051
4962 5052
4963 4964
4963 5051
4963 5052
4963 5053
4964 4965
4964 5052
4964 5053
4964 5054
4965 4966
4965 5053
4965 5054
4965 5055
4966 4967
4966 5054
4966 5055
4966 5056
4967 4968
4967 5055
4967 5056
4967 5057
4968 4969
4968 5056
4968 5057
4968 5058
4969 4970
4969 5057
4969 5058
4969 5059
4970 4971
4970 5058
4970 5059
4970 5060
4971 4972
4971 5059
4971 5060
4972 4973
4972 5060
4972 5061
4973 4974
4973 5061
4974 4975
4974 5061
4974 5062
4975 4976
4975 5062
4975 5063
4976 4977
4976 5062
4976 5063
4976 5064
4977 4978
4977 5063
4977 5064
4977 5065
4978 4979
4978 5064
4978 5065
4978 5066
4979 4980
4979 5065
4979 5066
4980 4981
4980 5066
4980 5067
4981 4982
4981 5067
4981 5068
4982 4983
4982 5067
4982 5068
4982 5069
4983 4984
4983 5068
4983 5069
4983 5070
4984 4985
4984 5069
4984 5070
4984 5071
4985 4986
4985 5070
4985 5071
4985 5072
4986 4987
4986 5071
4986 5072
4987 4988
4987 5072
4987 5073
4988 4989
4988 5073
4988 5074
4989 4990
4989 5073
4989 5074
4989 5075
4990 4991
4990 5074
4990 5075
4990 5076
4991 4992
4991 5075
4991 5076
4991 5077
4992 4993
4992 5076
4992 5077
4992 5078
4993 5077
4993 5078
4993 5079
4994 4995
4994 5079
4994 5080
4994 5081
4995 4996
4995 5080
4995 5081
4996 5081
4996 5082
4997 4998
4997 5082
4997 5083
4997 5084
4998 5083
4998 5084
4999 5000
4999 5085
5000 5001
5000 5085
5000 5086
5001 5002
5001 5085
5001 5086
5001 5087
5002 5086
5002 5087
5002 5088
5003 5088
5003 5089
5003 5090
5004 5090
5004 5091
5004 5092
5005 5006
5005 5092
5006 5007
5006 5093
5007 5008
5007 5093
5008 5009
5008 5093
5010 5011
5010 5094
5010 5095
5011 5012
5011 5094
5011 5095
5012 5013
5012 5095
5012 5096
5013 5014
5013 5096
5013 5097
5014 5015
5014 5096
5014 5097
5014 5098
5015 5016
5015 5097
5015 5098
5016 5017
5016 5098
5017 5018
5017 5099
5018 5019
5018 5099
5018 5100
5019 5020
5019 5099
5019 5100
5019 5101
5020 5021
5020 5100
5020 5101
5020 5102
5021 5101
5021 5102
5022 5023
5022 5103
5023 5024
5023 5103
5023 5104
5024 5025
5024 5104
5024 5105
5025 5026
5025 5104
5025 5105
5025 5106
5026 5027
5026 5105
5026 5106
5026 5107
5027 5028
5027 5106
5027 5107
5028 5029
5028 5107
5028 5108
5029 5030
5029 5108
5029 5109
5030 5031
5030 5108
5030 5109
5030 5110
5031 5032
5031 5109
5031 5110
5032 5033
5032 5110
5032 5111
5033 5111
5034 5035
5034 5112
5035 5112
5035 5113
5036 5037
5036 5115
5036 5116
5037 5038
5037 5115
5037 5116
5038 5039
5038 5116
5038 5117
5039 5040
5039 5117
5039 5118
5040 5041
5040 5117
5040 5118
5040 5119
5041 5042
5041 5118
5041 5119
5041 5120
5042 5043
5042 5119
5042 5120
5043 5044
5043 5120
5043 5121
5044 5045
5044 5121
5045 5046
5045 5121
5045 5122
5046 5047
5046 5122
5046 5123
5047 5048
5047 5122
5047 5123
5048 5049
5048 5123
5049 5050
5049 5124
5050 5051
5050 5124
5050 5125
5051 5052
5051 5124
5051 5125
5051 5126
5052 5053
5052 5125
5052 5126
5052 5127
5053 5054
5053 5126
5053 5127
5054 5055
5054 5127
5054 5128
5055 5056
5055 5128
5055 5129
5056 5057
5056 5128
5056 5129
5057 5058
5057 5129
5057 5130
5058 5059
5058 5130
5058 5131
5059 5060
5059 5130
5059 5131
5059 5132
5060 5131
5060 5132
5061 5133
5062 5063
5062 5133
5062 5134
5062 5135
5063 5064
5063 5134
5063 5135
5063 5136
5064 5065
5064 5135
5064 5136
5064 5137
5065 5066
5065 5136
5065 5137
5065 5138
5066 5137
5066 5138
5066 5139
5067 5068
5067 5139
5067 5140
5067 5141
5068 5069
5068 5140
5068 5141
5069 5070
5069 5141
5069 5142
5070 5071
5070 5142
5070 5143
5071 5072
5071 5142
5071 5143
5071 5144
5072 5143
5072 5144
5072 5145
5073 5074
5073 5145
5073 5146
5073 5147
5074 5075
5074 5146
5074 5147
5074 5148
5075 5076
5075 5147
5075 5148
5075 5149
5076 5077
5076 5148
5076 5149
5076 5150
5077 5078
5077 5149
5077 5150
5077 5151
5078 5079
5078 5150
5078 5151
5079 5080
5079 5151
5079 5152
5080 5081
5080 5152
5080 5153
5081 5152
5081 5153
5082 5083
5082 5154
5083 5084
5083 5154
5083 5155
5084 5155
5084 5156
5085 5086
5085 5157
5085 5158
5085 5159
5086 5087
5086 5158
5086 5159
5086 5160
5087 5088
5087 5159
5087 5160
5087 5161
5088 5089
5088 5160
5088 5161
5088 5162
5089 5090
5089 5161
5089 5162
5089 5163
5090 5091
5090 5162
5090 5163
5091 5092
5091 5163
5091 5164
5092 5164
5092 5165
5093 5166
5093 5167
5093 5168
5094 5095
5094 5170
5095 5171
5096 5097
5096 5171
5096 5172
5096 5173
5097 5098
5097 5172
5097 5173
5097 5174
5098 5173
5098 5174
5098 5175
5099 5100
5099 5176
5099 5177
5100 5101
5100 5177
5100 5178
5101 5102
5101 5177
5101 5178
5101 5179
5102 5178
5102 5179
5102 5180
5103 5180
5103 5181
5103 5182
5104 5105
5104 5182
5104 5183
5105 5106
5105 5183
5105 5184
5106 5107
5106 5184
5106 5185
5107 5184
5107 5185
5107 5186
5108 5109
5108 5186
5108 5187
5109 5110
5109 5187
5110 5188
5111 5188
5111 5189
5112 5190
5113 5114
5113 5190
5113 5191
5113 5192
5114 5191
5114 5192
5114 5193
5115 5116
5115 5193
5115 5194
5115 5195
5116 5194
5116 5195
5116 5196
5117 5118
5117 5196
5117 5197
5118 5119
5118 5197
5118 5198
5119 5120
5119 5198
5119 5199
5120 5198
5120 5199
5120 5200
5121 5200
5121 5201
5122 5123
5122 5202
5122 5203
5123 5202
5123 5203
5124 5125
5124 5204
5124 5205
5124 5206
5125 5126
5125 5205
5125 5206
5126 5127
5126 5206
5126 5207
5127 5207
5127 5208
5128 5129
5128 5208
5130 5131
5130 5209
5131 5132
5131 5209
5131 5210
5132 5210
5132 5211
5133 5134
5133 5212
5133 5213
5134 5135
5134 5213
5134 5214
5135 5136
5135 5214
5135 5215
5136 5137
5136 5214
5136 5215
5136 5216
5137 5138
5137 5215
5137 5216
5137 5217
5138 5139
5138 5216
5138 5217
5139 5140
5139 5217
5140 5141
5140 5218
5141 5218
5141 5219
5142 5143
5142 5219
5142 5220
5143 5144
5143 5220
5143 5221
5144 5145
5144 5220
5144 5221
5145 5146
5145 5221
5145 5222
5146 5147
5146 5222
5146 5223
5147 5148
5147 5222
5147 5223
5147 5224
5148 5149
5148 5223
5148 5224
5148 5225
5149 5150
5149 5224
5149 5225
5149 5226
5150 5151
5150 5225
5150 5226
5151 5226
5151 5227
5152 5153
5152 5227
5152 5228
5152 5229
5153 5228
5153 5229
5153 5230
5154 5230
5154 5231
5154 5232
5155 5156
5155 5232
5155 5233
5155 5234
5156 5157
5156 5233
5156 5234
5156 5235
5157 5158
5157 5234
5157 5235
5157 5236
5158 5159
5158 5235
5158 5236
5158 5237
5159 5160
5159 5236
5159 5237
5159 5238
5160 5161
5160 5237
5160 5238
5161 5162
5161 5238
5161 5239
5162 5163
5162 5239
5163 5239
5164 5165
5164 5240
5164 5241
5165 5166
5165 5240
5165 5241
5165 5242
5166 5167
5166 5241
5166 5242
5167 5168
5167 5242
5167 5243
5168 5169
5168 5243
5168 5244
5169 5170
5169 5243
5169 5244
5169 5245
5170 5244
5170 5245
5170 5246
5171 5172
5171 5247
5171 5248
5172 5173
5172 5247
5172 5248
5172 5249
5173 5174
5173 5248
5173 5249
5173 5250
5174 5175
5174 5249
5174 5250
5175 5176
5175 5250
5175 5251
5176 5251
5177 5178
5178 5179
5178 5252
5179 5180
5179 5252
5179 5253
5180 5181
5180 5252
5180 5253
5180 5254
5181 5182
5181 5253
5181 5254
5181 5255
5182 5183
5182 5254
5182 5255
5182 5256
5183 5255
5183 5256
5183 5257
5184 5185
5184 5257
5184 5258
5184 5259
5185 5186
5185 5258
5185 5259
5185 5260
5186 5187
5186 5259
5186 5260
5186 5261
5187 5260
5187 5261
5187 5262
5188 5189
5188 5263
5188 5264
5188 5265
5189 5264
5189 5265
5190 5191
5190 5266
5190 5267
5190 5268
5191 5192
5191 5267
5191 5268
5191 5269
5192 5193
5192 5268
5192 5269
5192 5270
5193 5194
5193 5269
5193 5270
5193 5271
5194 5195
5194 5270
5194 5271
5195 5196
5195 5271
5195 5272
5196 5197
5196 5272
5196 5273
5197 5272
5197 5273
5197 5274
5198 5199
5198 5274
5198 5275
5198 5276
5199 5200
5199 5275
5199 5276
5199 5277
5200 5201
5200 5276
5200 5277
5200 5278
5201 5277
5201 5278
5201 5279
5202 5203
5202 5279
5202 5280
5203 5280
5203 5281
5204 5205
5204 5281
5204 5282
5204 5283
5205 5206
5205 5282
5205 5283
5205 5284
5206 5283
5206 5284
5206 5285
5207 5208
5207 5285
5208 5286
5209 5288
5209 5289
5210 5211
5210 5289
5211 5212
5212 5213
5212 5290
5213 5290
5213 5291
5214 5215
5214 5291
5214 5292
5214 5293
5215 5216
5215 5292
5215 5293
5215 5294
5216 5217
5216 5293
5216 5294
5216 5295
5217 5294
5217 5295
5217 5296
5218 5219
5218 5297
5218 5298
5219 5298
5219 5299
5220 5221
5220 5299
5220 5300
5221 5300
5221 5301
5222 5223
5222 5301
5222 5302
5223 5224
5223 5302
5223 5303
5224 5225
5224 5302
5224 5303
5224 5304
5225 5226
5225 5303
5225 5304
5225 5305
5226 5304
5226 5305
5226 5306
5227 5228
5227 5306
5227 5307
5227 5308
5228 5229
5228 5307
5228 5308
5228 5309
5229 5230
5229 5308
5229 5309
5229 5310
5230 5231
5230 5309
5230 5310
5231 5232
5231 5310
5232 5233
5232 5311
5233 5234
5233 5311
5233 5312
5234 5235
5234 5311
5234 5312
5234 5313
5235 5236
5235 5312
5235 5313
5235 5314
5236 5237
5236 5313
5236 5314
5236 5315
5237 5238
5237 5314
5237 5315
5237 5316
5238 5315
5238 5316
5239 5317
5239 5318
5240 5241
5240 5319
5240 5320
5240 5321
5241 5242
5241 5320
5241 5321
5241 5322
5242 5321
5242 5322
5242 5323
5243 5244
5243 5323
5243 5324
5243 5325
5244 5245
5244 5324
5244 5325
5244 5326
5245 5246
5245 5325
5245 5326
5245 5327
5246 5326
5246 5327
5247 5248
5247 5328
5248 5249
5248 5328
5249 5250
5249 5328
5249 5329
5250 5329
5250 5330
5251 5330
5251 5331
5251 5332
5252 5253
5252 5334
5252 5335
5252 5336
5253 5254
5253 5335
5253 5336
5253 5337
5254 5255
5254 5336
5254 5337
5254 5338
5255 5256
5255 5337
5255 5338
5255 5339
5256 5257
5256 5338
5256 5339
5257 5258
5257 5339
5258 5259
5259 5260
5259 5340
5260 5261
5260 5340
5260 5341
5261 5262
5261 5340
5261 5341
5261 5342
5262 5263
5262 5341
5262 5342
5262 5343
5263 5264
5263 5342
5263 5343
5263 5344
5264 5265
5264 5343
5264 5344
5264 5345
5265 5344
5265 5345
5266 5267
5266 5346
5267 5268
5267 5346
5268 5269
5268 5346
5268 5347
5269 5270
5269 5347
5269 5348
5270 5271
5270 5347
5270 5348
5271 5348
5271 5349
5272 5273
5272 5349
5272 5350
5272 5351
5273 5274
5273 5350
5273 5351
5274 5275
5274 5351
5275 5276
5275 5352
5276 5277
5276 5352
5276 5353
5277 5278
5277 5352
5277 5353
5278 5279
5278 5353
5278 5354
5279 5280
5279 5354
5279 5355
5280 5354
5280 5355
5281 5282
5281 5356
5281 5357
5282 5283
5282 5356
5282 5357
5283 5284
5283 5357
5284 5285
5284 5358
5285 5358
5285 5359
5286 5287
5286 5360
5287 5288
5287 5360
5287 5361
5288 5360
5288 5361
5289 5362
5289 5363
5290 5291
5290 5365
5290 5366
5290 5367
5291 5292
5291 5366
5291 5367
5291 5368
5292 5293
5292 5367
5292 5368
5293 5294
5293 5368
5294 5295
5294 5369
5295 5296
5295 5369
5295 5370
5296 5297
5296 5369
5296 5370
5297 5298
5297 5370
5297 5371
5298 5371
5298 5372
5299 5300
5299 5372
5299 5373
5299 5374
5300 5373
5300 5374
5300 5375
5301 5375
5301 5376
5302 5303
5302 5377
5302 5378
5303 5304
5303 5377
5303 5378
5303 5379
5304 5305
5304 5378
5304 5379
5305 5306
5305 5379
5305 5380
5306 5307
5306 5380
5306 5381
5307 5308
5307 5380
5307 5381
5307 5382
5308 5309
5308 5381
5308 5382
5308 5383
5309 5310
5309 5382
5309 5383
5309 5384
5310 5383
5310 5384
5310 5385
5311 5312
5311 5386
5311 5387
5312 5313
5312 5387
5312 5388
5313 5314
5313 5388
5313 5389
5314 5315
5314 5388
5314 5389
5314 5390
5315 5316
5315 5389
5315 5390
5315 5391
5316 5390
5316 5391
5316 5392
5317 5318
5317 5392
5318 5319
5318 5393
5319 5320
5319 5393
5319 5394
5320 5321
5320 5393
5320 5394
5320 5395
5321 5322
5321 5394
5321 5395
5321 5396
5322 5323
5322 5395
5322 5396
5322 5397
5323 5324
5323 5396
5323 5397
5324 5325
5324 5397
5325 5326
5326 5327
5326 5398
5327 5398
5328 5399
5328 5400
5328 5401
5329 5330
5329 5401
5329 5402
5330 5331
5330 5402
5330 5403
5331 5332
5331 5402
5331 5403
5331 5404
5332 5333
5332 5403
5332 5404
5332 5405
5333 5334
5333 5404
5333 5405
5333 5406
5334 5335
5334 5405
5334 5406
5334 5407
5335 5336
5335 5406
5335 5407
5335 5408
5336 5337
5336 5407
5336 5408
5336 5409
5337 5338
5337 5408
5337 5409
5337 5410
5338 5339
5338 5409
5338 5410
5339 5410
5339 5411
5340 5341
5340 5413
5340 5414
5341 5342
5341 5413
5341 5414
5341 5415
5342 5343
5342 5414
5342 5415
5342 5416
5343 5344
5343 5415
5343 5416
5343 5417
5344 5345
5344 5416
5344 5417
5344 5418
5345 5417
5345 5418
5346 5419
5346 5420
5347 5348
5347 5421
5347 5422
5348 5421
5348 5422
5348 5423
5349 5350
5349 5423
5349 5424
5350 5351
5350 5424
5351 5424
5351 5425
5352 5353
5352 5426
5352 5427
5352 5428
5353 5427
5353 5428
5353 5429
5354 5355
5354 5429
5354 5430
5354 5431
5355 5430
5355 5431
5356 5357
5356 5432
5356 5433
5357 5432
5357 5433
5357 5434
5358 5359
5358 5435
5358 5436
5359 5435
5359 5436
5359 5437
5360 5361
5360 5438
5360 5439
5361 5439
5361 5440
5362 5363
5362 5440
5362 5441
5362 5442
5363 5364
5363 5441
5363 5442
5364 5365
5364 5442
5364 5443
5365 5366
5365 5443
5365 5444
5366 5367
5366 5443
5366 5444
5366 5445
5367 5368
5367 5444
5367 5445
5367 5446
5368 5445
5368 5446
5368 5447
5369 5370
5369 5448
5369 5449
5370 5449
5370 5450
5371 5372
5371 5450
5371 5451
5371 5452
5372 5373
5372 5451
5372 5452
5372 5453
5373 5374
5373 5452
5373 5453
5373 5454
5374 5375
5374 5453
5374 5454
5374 5455
5375 5376
5375 5454
5375 5455
5376 5455
5376 5456
5377 5378
5377 5456
5377 5457
5377 5458
5378 5379
5378 5457
5378 5458
5378 5459
5379 5458
5379 5459
5380 5381
5380 5460
5380 5461
5381 5382
5381 5460
5381 5461
5381 5462
5382 5383
5382 5461
5382 5462
5382 5463
5383 5384
5383 5462
5383 5463
5383 5464
5384 5385
5384 5463
5384 5464
5384 5465
5385 5386
5385 5464
5385 5465
5385 5466
5386 5387
5386 5465
5386 5466
5386 5467
5387 5466
5387 5467
5387 5468
5388 5389
5388 5468
5388 5469
5388 5470
5389 5390
5389 5469
5389 5470
5389 5471
5390 5391
5390 5470
5390 5471
5390 5472
5391 5392
5391 5471
5391 5472
5391 5473
5392 5472
5392 5473
5392 5474
5393 5394
5393 5475
5393 5476
5394 5395
5394 5476
5394 5477
5395 5396
5395 5476
5395 5477
5395 5478
5396 5397
5396 5477
5396 5478
5396 5479
5397 5478
5397 5479
5397 5480
5398 5482
5398 5483
5398 5484
5399 5400
5399 5484
5399 5485
5399 5486
5400 5401
5400 5485
5400 5486
5400 5487
5401 5486
5401 5487
5401 5488
5402 5403
5402 5488
5402 5489
5403 5404
5403 5489
5403 5490
5404 5405
5404 5489
5404 5490
5404 5491
5405 5406
5405 5490
5405 5491
5405 5492
5406 5407
5406 5491
5406 5492
5406 5493
5407 5408
5407 5492
5407 5493
5407 5494
5408 5409
5408 5493
5408 5494
5408 5495
5409 5410
5409 5494
5409 5495
5409 5496
5410 5495
5410 5496
5411 5412
5411 5497
5412 5497
5412 5498
5413 5414
5413 5498
5413 5499
5414 5415
5414 5499
5414 5500
5415 5416
5415 5499
5415 5500
5416 5417
5416 5500
5416 5501
5417 5418
5417 5501
5417 5502
5418 5501
5418 5502
5419 5420
5419 5503
5420 5503
5421 5422
5422 5423
5423 5504
5424 5504
5424 5505
5424 5506
5425 5426
5425 5506
5425 5507
5425 5508
5426 5427
5426 5507
5426 5508
5426 5509
5427 5428
5427 5508
5427 5509
5427 5510
5428 5429
5428 5509
5428 5510
5428 5511
5429 5430
5429 5510
5429 5511
5429 5512
5430 5431
5430 5511
5430 5512
5430 5513
5431 5512
5431 5513
5431 5514
5432 5433
5432 5514
5432 5515
5432 5516
5433 5434
5433 5515
5433 5516
5433 5517
5434 5516
5434 5517
5435 5436
5435 5518
5436 5437
5436 5518
5436 5519
5437 5438
5437 5518
5437 5519
5437 5520
5438 5519
5438 5520
5438 5521
5439 5440
5439 5521
5439 5522
5439 5523
5440 5441
5440 5522
5440 5523
5440 5524
5441 5442
5441 5523
5441 5524
5441 5525
5442 5524
5442 5525
5442 5526
5443 5444
5443 5526
5443 5527
5443 5528
5444 5445
5444 5527
5444 5528
5444 5529
5445 5446
5445 5528
5445 5529
5445 5530
5446 5447
5446 5529
5446 5530
5446 5531
5447 5448
5447 5530
5447 5531
5447 5532
5448 5449
5448 5531
5448 5532
5448 5533
5449 5532
5449 5533
5450 5451
5450 5534
5451 5452
5451 5534
5452 5453
5452 5535
5453 5454
5453 5535
5453 5536
5454 5455
5454 5535
5454 5536
5454 5537
5455 5536
5455 5537
5455 5538
5456 5457
5456 5538
5456 5539
5456 5540
5457 5458
5457 5539
5457 5540
5458 5459
5458 5540
5458 5541
5459 5541
5459 5542
5460 5461
5460 5542
5460 5543
5460 5544
5461 5462
5461 5543
5461 5544
5461 5545
5462 5463
5462 5544
5462 5545
5462 5546
5463 5464
5463 5545
5463 5546
5463 5547
5464 5465
5464 5546
5464 5547
5465 5466
5465 5547
5465 5548
5466 5467
5466 5548
5466 5549
5467 5468
5467 5548
5467 5549
5467 5550
5468 5469
5468 5549
5468 5550
5468 5551
5469 5470
5469 5550
5469 5551
5469 5552
5470 5471
5470 5551
5470 5552
5470 5553
5471 5472
5471 5552
5471 5553
5472 5473
5472 5553
5473 5474
5473 5554
5474 5475
5474 5554
5474 5555
5475 5554
5475 5555
5475 5556
5476 5477
5476 5556
5476 5557
5476 5558
5477 5478
5477 5557
5477 5558
5477 5559
5478 5479
5478 5558
5478 5559
5478 5560
5479 5480
5479 5559
5479 5560
5480 5481
5480 5560
5480 5561
5481 5482
5481 5561
5481 5562
5482 5483
5482 5561
5482 5562
5482 5563
5483 5484
5483 5562
5483 5563
5483 5564
5484 5485
5484 5563
5484 5564
5484 5565
5485 5486
5485 5564
5485 5565
5485 5566
5486 5487
5486 5565
5486 5566
5486 5567
5487 5488
5487 5566
5487 5567
5487 5568
5488 5567
5488 5568
5488 5569
5489 5490
5489 5569
5490 5491
5490 5570
5491 5492
5491 5570
5491 5571
5492 5493
5492 5570
5492 5571
5493 5494
5493 5571
5493 5572
5494 5495
5494 5572
5494 5573
5495 5496
5495 5572
5495 5573
5496 5573
5496 5574
5497 5498
5497 5575
5497 5576
5498 5575
5498 5576
5498 5577
5499 5500
5499 5577
5499 5578
5500 5578
5500 5579
5501 5502
5501 5579
5501 5580
5501 5581
5502 5580
5502 5581
5503 5582
5504 5505
5504 5585
5504 5586
5504 5587
5505 5506
5505 5586
5505 5587
5505 5588
5506 5507
5506 5587
5506 5588
5506 5589
5507 5508
5507 5588
5507 5589
5508 5509
5508 5589
5508 5590
5509 5510
5509 5590
5509 5591
5510 5511
5510 5590
5510 5591
5510 5592
5511 5512
5511 5591
5511 5592
5511 5593
5512 5513
5512 5592
5512 5593
5512 5594
5513 5514
5513 5593
5513 5594
5513 5595
5514 5515
5514 5594
5514 5595
5515 5516
5515 5595
5516 5517
5516 5596
5517 5596
5517 5597
5518 5519
5518 5598
5518 5599
5518 5600
5519 5520
5519 5599
5519 5600
5519 5601
5520 5521
5520 5600
5520 5601
5521 5522
5521 5601
5521 5602
5522 5523
5522 5602
5522 5603
5523 5524
5523 5602
5523 5603
5524 5525
5524 5603
5524 5604
5525 5526
5525 5604
5526 5527
5526 5604
5527 5528
5527 5605
5528 5529
5528 5605
5528 5606
5529 5530
5529 5605
5529 5606
5529 5607
5530 5531
5530 5606
5530 5607
5531 5532
5531 5607
5531 5608
5532 5533
5532 5608
5533 5608
5533 5609
5534 5609
5534 5610
5534 5611
5535 5536
5535 5612
5535 5613
5535 5614
5536 5537
5536 5613
5536 5614
5536 5615
5537 5538
5537 5614
5537 5615
5537 5616
5538 5539
5538 5615
5538 5616
5538 5617
5539 5540
5539 5616
5539 5617
5539 5618
5540 5617
5540 5618
5540 5619
5541 5542
5541 5619
5541 5620
5541 5621
5542 5543
5542 5620
5542 5621
5542 5622
5543 5544
5543 5621
5543 5622
5543 5623
5544 5545
5544 5622
5544 5623
5544 5624
5545 5546
5545 5623
5545 5624
5545 5625
5546 5547
5546 5624
5546 5625
5546 5626
5547 5625
5547 5626
5547 5627
5548 5549
5548 5627
5548 5628
5549 5550
5549 5628
5549 5629
5550 5551
5550 5628
5550 5629
5551 5552
5551 5629
5551 5630
5552 5553
5552 5630
5553 5630
5553 5631
5554 5555
5554 5632
5554 5633
5554 5634
5555 5556
5555 5633
5555 5634
5555 5635
5556 5557
5556 5634
5556 5635
5557 5558
5557 5635
5557 5636
5558 5559
5558 5636
5558 5637
5559 5560
5559 5636
5559 5637
5559 5638
5560 5637
5560 5638
5561 5562
5561 5639
5561 5640
5562 5563
5562 5639
5562 5640
5563 5564
5563 5640
5564 5565
5564 5641
5565 5566
5565 5641
5565 5642
5566 5567
5566 5641
5566 5642
5566 5643
5567 5568
5567 5642
5567 5643
5567 5644
5568 5569
5568 5643
5568 5644
5568 5645
5569 5644
5569 5645
5570 5571
5570 5646
5570 5647
5570 5648
5571 5647
5571 5648
5571 5649
5572 5573
5572 5649
5572 5650
5572 5651
5573 5650
5573 5651
5574 5652
5574 5653
5575 5576
5575 5653
5575 5654
5575 5655
5576 5577
5576 5654
5576 5655
5576 5656
5577 5578
5577 5655
5577 5656
5577 5657
5578 5656
5578 5657
5579 5580
5579 5658
5580 5581
5580 5658
5580 5659
5581 5658
5581 5659
5582 5660
5583 5584
5583 5661
5583 5662
5584 5585
5584 5662
5584 5663
5585 5586
5585 5663
5586 5587
5586 5663
5586 5664
5587 5588
5587 5664
5587 5665
5588 5589
5588 5664
5588 5665
5588 5666
5589 5665
5589 5666
5589 5667
5590 5591
5590 5667
5590 5668
5590 5669
5591 5592
5591 5668
5591 5669
5592 5593
5592 5669
5592 5670
5593 5594
5593 5670
5594 5595
5594 5670
5594 5671
5595 5671
5595 5672
5596 5597
5596 5673
5597 5598
5597 5673
5597 5674
5598 5599
5598 5673
5598 5674
5598 5675
5599 5600
5599 5674
5599 5675
5599 5676
5600 5601
5600 5675
5600 5676
5600 5677
5601 5676
5601 5677
5601 5678
5602 5603
5602 5678
5602 5679
5603 5679
5603 5680
5604 5680
5604 5681
5604 5682
5605 5606
5605 5683
5605 5684
5606 5607
5606 5684
5606 5685
5607 5685
5607 5686
5608 5686
5609 5610
5609 5687
5609 5688
5610 5611
5610 5687
5610 5688
5610 5689
5611 5612
5611 5688
5611 5689
5611 5690
5612 5613
5612 5689
5612 5690
5612 5691
5613 5614
5613 5690
5613 5691
5614 5615
5614 5691
5614 5692
5615 5616
5615 5692
5615 5693
5616 5617
5616 5692
5616 5693
5616 5694
5617 5618
5617 5693
5617 5694
5617 5695
5618 5619
5618 5694
5618 5695
5619 5620
5619 5695
5620 5621
5621 5622
5621 5696
5622 5623
5622 5696
5622 5697
5623 5624
5623 5696
5623 5697
5623 5698
5624 5625
5624 5697
5624 5698
5624 5699
5625 5626
5625 5698
5625 5699
5626 5627
5626 5699
5627 5700
5628 5629
5628 5700
5628 5701
5629 5701
5629 5702
5630 5702
5630 5703
5631 5632
5631 5703
5631 5704
5632 5633
5632 5704
5633 5634
5633 5705
5634 5635
5634 5705
5634 5706
5635 5705
5635 5706
5635 5707
5636 5637
5636 5707
5636 5708
5636 5709
5637 5638
5637 5708
5637 5709
5637 5710
5638 5709
5638 5710
5638 5711
5639 5640
5639 5711
5639 5712
5639 5713
5640 5712
5640 5713
5640 5714
5641 5642
5641 5715
5641 5716
5641 5717
5642 5643
5642 5716
5642 5717
5642 5718
5643 5644
5643 5717
5643 5718
5644 5645
5644 5718
5644 5719
5645 5719
5645 5720
5646 5647
5646 5720
5646 5721
5646 5722
5647 5648
5647 5721
5647 5722
5647 5723
5648 5649
5648 5722
5648 5723
5648 5724
5649 5650
5649 5723
5649 5724
5649 5725
5650 5651
5650 5724
5650 5725
5650 5726
5651 5725
5651 5726
5651 5727
5652 5653
5652 5727
5652 5728
5652 5729
5653 5654
5653 5728
5653 5729
5653 5730
5654 5655
5654 5729
5654 5730
5654 5731
5655 5656
5655 5730
5655 5731
5655 5732
5656 5657
5656 5731
5656 5732
5656 5733
5657 5732
5657 5733
5657 5734
5658 5659
5658 5735
5658 5736
5658 5737
5659 5736
5659 5737
5660 5661
5660 5738
5660 5739
5660 5740
5661 5662
5661 5739
5661 5740
5661 5741
5662 5740
5662 5741
5662 5742
5663 5742
5663 5743
5663 5744
5664 5665
5664 5744
5664 5745
5664 5746
5665 5666
5665 5745
5665 5746
5666 5667
5666 5746
5666 5747
5667 5668
5667 5747
5667 5748
5668 5669
5668 5747
5668 5748
5668 5749
5669 5748
5669 5749
5669 5750
5670 5750
5670 5751
5670 5752
5671 5672
5671 5752
5671 5753
5672 5753
5672 5754
5673 5674
5673 5755
5673 5756
5674 5675
5674 5756
5674 5757
5675 5676
5675 5756
5675 5757
5675 5758
5676 5677
5676 5757
5676 5758
5676 5759
5677 5678
5677 5758
5677 5759
5678 5679
5678 5759
5678 5760
5679 5760
5680 5681
5680 5761
5681 5682
5681 5761
5681 5762
5682 5683
5682 5762
5682 5763
5683 5684
5683 5762
5683 5763
5684 5763
5684 5764
5685 5686
5685 5764
5685 5765
5686 5765
5686 5766
5687 5688
5687 5767
5687 5768
5687 5769
5688 5689
5688 5768
5688 5769
5688 5770
5689 5690
5689 5769
5689 5770
5689 5771
5690 5691
5690 5770
5690 5771
5691 5771
5691 5772
5692 5693
5692 5772
5692 5773
5693 5694
5693 5773
5693 5774
5694 5695
5694 5773
5694 5774
5694 5775
5695 5774
5695 5775
5695 5776
5696 5697
5696 5778
5696 5779
5696 5780
5697 5698
5697 5779
5697 5780
5697 5781
5698 5699
5698 5780
5698 5781
5698 5782
5699 5781
5699 5782
5700 5783
5700 5784
5701 5702
5701 5785
5701 5786
5702 5785
5702 5786
5702 5787
5703 5704
5703 5787
5703 5788
5703 5789
5704 5788
5704 5789
5704 5790
5705 5706
5705 5791
5705 5792
5705 5793
5706 5707
5706 5792
5706 5793
5706 5794
5707 5708
5707 5793
5707 5794
5707 5795
5708 5709
5708 5794
5708 5795
5708 5796
5709 5710
5709 5795
5709 5796
5709 5797
5710 5711
5710 5796
5710 5797
5711 5712
5711 5797
5711 5798
5712 5713
5712 5798
5713 5714
5713 5798
5713 5799
5714 5715
5714 5799
5714 5800
5715 5716
5715 5799
5715 5800
5715 5801
5716 5717
5716 5800
5716 5801
5716 5802
5717 5718
5717 5801
5717 5802
5717 5803
5718 5802
5718 5803
5719 5720
5719 5804
5719 5805
5720 5721
5720 5804
5720 5805
5720 5806
5721 5722
5721 5805
5721 5806
5721 5807
5722 5723
5722 5806
5722 5807
5722 5808
5723 5724
5723 5807
5723 5808
5723 5809
5724 5725
5724 5808
5724 5809
5725 5726
5725 5809
5725 5810
5726 5727
5726 5810
5726 5811
5727 5728
5727 5810
5727 5811
5727 5812
5728 5729
5728 5811
5728 5812
5728 5813
5729 5730
5729 5812
5729 5813
5730 5731
5730 5813
5730 5814
5731 5732
5731 5814
5731 5815
5732 5733
5732 5814
5732 5815
5733 5734
5733 5815
5733 5816
5734 5735
5734 5816
5734 5817
5735 5736
5735 5816
5735 5817
5735 5818
5736 5737
5736 5817
5736 5818
5736 5819
5737 5818
5737 5819
5738 5739
5738 5820
5738 5821
5739 5740
5739 5820
5739 5821
5739 5822
5740 5741
5740 5821
5740 5822
5740 5823
5741 5742
5741 5822
5741 5823
5741 5824
5742 5743
5742 5823
5742 5824
5742 5825
5743 5744
5743 5824
5743 5825
5743 5826
5744 5745
5744 5825
5744 5826
5744 5827
5745 5746
5745 5826
5745 5827
5745 5828
5746 5827
5746 5828
5746 5829
5747 5748
5747 5829
5747 5830
5747 5831
5748 5749
5748 5830
5748 5831
5749 5750
5749 5831
5749 5832
5750 5751
5750 5832
5750 5833
5751 5752
5751 5832
5751 5833
5751 5834
5752 5753
5752 5833
5752 5834
5752 5835
5753 5834
5753 5835
5753 5836
5754 5755
5754 5836
5754 5837
5754 5838
5755 5837
5755 5838
5755 5839
5756 5757
5756 5839
5756 5840
5756 5841
5757 5758
5757 5840
5757 5841
5757 5842
5758 5759
5758 5841
5758 5842
5758 5843
5759 5842
5759 5843
5759 5844
5760 5844
5760 5845
5761 5845
5761 5846
5761 5847
5762 5763
5762 5847
5762 5848
5763 5848
5764 5849
5764 5850
5765 5766
5765 5850
5765 5851
5765 5852
5766 5767
5766 5851
5766 5852
5766 5853
5767 5768
5767 5852
5767 5853
5767 5854
5768 5769
5768 5853
5768 5854
5768 5855
5769 5770
5769 5854
5769 5855
5769 5856
5770 5771
5770 5855
5770 5856
5770 5857
5771 5856
5771 5857
5771 5858
5772 5858
5772 5859
5772 5860
5773 5774
5773 5860
5773 5861
5774 5775
5774 5861
5774 5862
5775 5776
5775 5862
5776 5777
5776 5862
5776 5863
5777 5778
5777 5863
5777 5864
5778 5779
5778 5863
5778 5864
5778 5865
5779 5780
5779 5864
5779 5865
5779 5866
5780 5781
5780 5865
5780 5866
5780 5867
5781 5782
5781 5866
5781 5867
5781 5868
5782 5867
5782 5868
5783 5784
5783 5869
5784 5869
5784 5870
5785 5786
5785 5870
5785 5871
5786 5787
5786 5871
5786 5872
5787 5788
5787 5871
5787 5872
5787 5873
5788 5789
5788 5872
5788 5873
5788 5874
5789 5790
5789 5873
5789 5874
5790 5791
5790 5874
5790 5875
5791 5792
5791 5875
5791 5876
5792 5793
5792 5875
5792 5876
5792 5877
5793 5794
5793 5876
5793 5877
5793 5878
5794 5795
5794 5877
5794 5878
5794 5879
5795 5796
5795 5878
5795 5879
5795 5880
5796 5797
5796 5879
5796 5880
5796 5881
5797 5880
5797 5881
5798 5882
5799 5800
5799 5883
5799 5884
5800 5801
5800 5883
5800 5884
5800 5885
5801 5802
5801 5884
5801 5885
5801 5886
5802 5803
5802 5885
5802 5886
5802 5887
5803 5886
5803 5887
5803 5888
5804 5805
5804 5888
5804 5889
5804 5890
5805 5806
5805 5889
5805 5890
5805 5891
5806 5807
5806 5890
5806 5891
5806 5892
5807 5808
5807 5891
5807 5892
5807 5893
5808 5809
5808 5892
5808 5893
5809 5893
5809 5894
5810 5811
5810 5894
5810 5895
5810 5896
5811 5812
5811 5895
5811 5896
5811 5897
5812 5813
5812 5896
5812 5897
5813 5897
5813 5898
5814 5815
5814 5898
5814 5899
5814 5900
5815 5899
5815 5900
5815 5901
5816 5817
5816 5901
5816 5902
5816 5903
5817 5818
5817 5902
5817 5903
5817 5904
5818 5819
5818 5903
5818 5904
5819 5904
5820 5821
5821 5822
5821 5905
5822 5823
5822 5905
5822 5906
5823 5824
5823 5905
5823 5906
5823 5907
5824 5825
5824 5906
5824 5907
5824 5908
5825 5826
5825 5907
5825 5908
5825 5909
5826 5827
5826 5908
5826 5909
5826 5910
5827 5828
5827 5909
5827 5910
5827 5911
5828 5829
5828 5910
5828 5911
5828 5912
5829 5830
5829 5911
5829 5912
5830 5831
5830 5912
5830 5913
5831 5913
5831 5914
5832 5833
5832 5914
5832 5915
5833 5834
5833 5915
5834 5835
5834 5916
5835 5836
5835 5916
5836 5837
5836 5916
5836 5917
5837 5838
5837 5917
5837 5918
5838 5839
5838 5917
5838 5918
5838 5919
5839 5840
5839 5918
5839 5919
5840 5841
5840 5919
5841 5842
5841 5920
5842 5843
5842 5920
5842 5921
5843 5844
5843 5920
5843 5921
5843 5922
5844 5921
5844 5922
5844 5923
5845 5846
5845 5923
5845 5924
5845 5925
5846 5847
5846 5924
5846 5925
5846 5926
5847 5848
5847 5925
5847 5926
5847 5927
5848 5926
5848 5927
5848 5928
5849 5850
5849 5929
5849 5930
5849 5931
5850 5851
5850 5930
5850 5931
5850 5932
5851 5852
5851 5931
5851 5932
5851 5933
5852 5853
5852 5932
5852 5933
5852 5934
5853 5854
5853 5933
5853 5934
5854 5855
5854 5934
5854 5935
5855 5856
5855 5935
5855 5936
5856 5857
5856 5935
5856 5936
5856 5937
5857 5858
5857 5936
5857 5937
5858 5859
5858 5937
5858 5938
5859 5860
5859 5938
5859 5939
5860 5861
5860 5938
5860 5939
5860 5940
5861 5939
5861 5940
5861 5941
5862 5941
5862 5942
5863 5864
5863 5942
5863 5943
5863 5944
5864 5865
5864 5943
5864 5944
5864 5945
5865 5866
5865 5944
5865 5945
5865 5946
5866 5867
5866 5945
5866 5946
5866 5947
5867 5868
5867 5946
5867 5947
5867 5948
5868 5947
5868 5948
5869 5870
5869 5949
5869 5950
5869 5951
5870 5950
5870 5951
5870 5952
5871 5872
5871 5952
5871 5953
5871 5954
5872 5873
5872 5953
5872 5954
5873 5874
5873 5954
5873 5955
5874 5955
5874 5956
5875 5876
5875 5956
5875 5957
5875 5958
5876 5877
5876 5957
5876 5958
5876 5959
5877 5878
5877 5958
5877 5959
5877 5960
5878 5879
5878 5959
5878 5960
5878 5961
5879 5880
5879 5960
5879 5961
5879 5962
5880 5881
5880 5961
5880 5962
5880 5963
5881 5962
5881 5963
5882 5964
5882 5965
5883 5884
5883 5965
5883 5966
5883 5967
5884 5885
5884 5966
5884 5967
5885 5886
5885 5967
5885 5968
5886 5887
5886 5968
5886 5969
5887 5888
5887 5968
5887 5969
5887 5970
5888 5889
5888 5969
5888 5970
5888 5971
5889 5890
5889 5970
5889 5971
5889 5972
5890 5891
5890 5971
5890 5972
5890 5973
5891 5892
5891 5972
5891 5973
5891 5974
5892 5893
5892 5973
5892 5974
5892 5975
5893 5974
5893 5975
5893 5976
5894 5895
5894 5976
5894 5977
5894 5978
5895 5896
5895 5977
5895 5978
5896 5897
5896 5978
5896 5979
5897 5979
5897 5980
5898 5899
5898 5980
5898 5981
5898 5982
5899 5900
5899 5981
5899 5982
5899 5983
5900 5901
5900 5982
5900 5983
5900 5984
5901 5902
5901 5983
5901 5984
5902 5903
5902 5984
5902 5985
5903 5904
5903 5985
5903 5986
5904 5985
5904 5986
5904 5987
5905 5906
5905 5989
5905 5990
5906 5907
5906 5990
5907 5908
5907 5990
5908 5909
5908 5991
5909 5910
5909 5991
5910 5911
5910 5991
5910 5992
5911 5912
5911 5992
5911 5993
5912 5992
5912 5993
5912 5994
5913 5914
5913 5994
5913 5995
5913 5996
5914 5915
5914 5995
5914 5996
5915 5996
5916 5997
5916 5998
5916 5999
5917 5918
5917 5999
5917 6000
5917 6001
5918 5919
5918 6000
5918 6001
5918 6002
5919 6001
5919 6002
5919 6003
5920 5921
5920 6004
5920 6005
5920 6006
5921 5922
5921 6005
5921 6006
5921 6007
5922 5923
5922 6006
5922 6007
5922 6008
5923 5924
5923 6007
5923 6008
5923 6009
5924 5925
5924 6008
5924 6009
5925 5926
5925 6009
5925 6010
5926 5927
5926 6010
5926 6011
5927 5928
5927 6010
5927 6011
5927 6012
5928 5929
5928 6011
5928 6012
5928 6013
5929 5930
5929 6012
5929 6013
5929 6014
5930 5931
5930 6013
5930 6014
5930 6015
5931 5932
5931 6014
5931 6015
5931 6016
5932 5933
5932 6015
5932 6016
5932 6017
5933 5934
5933 6016
5933 6017
5933 6018
5934 6017
5934 6018
5934 6019
5935 5936
5935 6019
5935 6020
5935 6021
5936 5937
5936 6020
5936 6021
5936 6022
5937 6021
5937 6022
5937 6023
5938 5939
5938 6023
5938 6024
5938 6025
5939 5940
5939 6024
5939 6025
5939 6026
5940 5941
5940 6025
5940 6026
5941 6026
5942 5943
5943 5944
5943 6027
5944 5945
5944 6027
5945 5946
5945 6027
5945 6028
5946 5947
5946 6028
5946 6029
5947 5948
5947 6028
5947 6029
5947 6030
5948 6029
5948 6030
5948 6031
5949 5950
5949 6031
5949 6032
5950 5951
5950 6032
5950 6033
5951 5952
5951 6032
5951 6033
5951 6034
5952 5953
5952 6033
5952 6034
5952 6035
5953 5954
5953 6034
5953 6035
5954 6035
5954 6036
5955 5956
5955 6036
5955 6037
5955 6038
5956 5957
5956 6037
5956 6038
5956 6039
5957 5958
5957 6038
5957 6039
5957 6040
5958 5959
5958 6039
5958 6040
5958 6041
5959 5960
5959 6040
5959 6041
5959 6042
5960 5961
5960 6041
5960 6042
5961 5962
5961 6042
5962 5963
5962 6043
5963 6043
5963 6044
5964 5965
5964 6044
5964 6045
5965 5966
5965 6045
5965 6046
5966 5967
5966 6046
5966 6047
5967 6046
5967 6047
5967 6048
5968 5969
5968 6048
5968 6049
5969 5970
5969 6049
5969 6050
5970 5971
5970 6049
5970 6050
5970 6051
5971 5972
5971 6050
5971 6051
5971 6052
5972 5973
5972 6051
5972 6052
5973 5974
5973 6052
5973 6053
5974 5975
5974 6053
5974 6054
5975 5976
5975 6053
5975 6054
5975 6055
5976 5977
5976 6054
5976 6055
5976 6056
5977 5978
5977 6055
5977 6056
5978 6056
5978 6057
5979 5980
5979 6057
5979 6058
5979 6059
5980 5981
5980 6058
5980 6059
5980 6060
5981 5982
5981 6059
5981 6060
5981 6061
5982 5983
5982 6060
5982 6061
5983 5984
5983 6061
5983 6062
5984 6062
5984 6063
5985 5986
5985 6063
5985 6064
5985 6065
5986 5987
5986 6064
5986 6065
5986 6066
5987 6065
5987 6066
5988 5989
5988 6067
5988 6068
5989 6067
5989 6068
5989 6069
5990 6069
5990 6070
5991 6071
5991 6072
5991 6073
5992 5993
5992 6073
5992 6074
5993 5994
5993 6074
5993 6075
5994 5995
5994 6075
5995 5996
5995 6075
5995 6076
5996 6076
5997 5998
5997 6077
5997 6078
5997 6079
5998 5999
5998 6078
5998 6079
5998 6080
5999 6000
5999 6079
5999 6080
5999 6081
6000 6001
6000 6080
6000 6081
6001 6002
6001 6081
6001 6082
6002 6003
6002 6082
6003 6004
6003 6082
6003 6083
6004 6005
6004 6083
6004 6084
6005 6006
6005 6083
6005 6084
6006 6007
6006 6084
6007 6008
6007 6085
6008 6009
6008 6085
6008 6086
6009 6085
6009 6086
6009 6087
6010 6011
6010 6087
6010 6088
6010 6089
6011 6012
6011 6088
6011 6089
6011 6090
6012 6013
6012 6089
6012 6090
6013 6014
6013 6090
6013 6091
6014 6015
6014 6091
6014 6092
6015 6016
6015 6091
6015 6092
6015 6093
6016 6017
6016 6092
6016 6093
6016 6094
6017 6018
6017 6093
6017 6094
6017 6095
6018 6019
6018 6094
6018 6095
6019 6020
6019 6095
6020 6021
6020 6096
6021 6022
6021 6096
6021 6097
6022 6023
6022 6096
6022 6097
6022 6098
6023 6024
6023 6097
6023 6098
6023 6099
6024 6025
6024 6098
6024 6099
6024 6100
6025 6026
6025 6099
6025 6100
6025 6101
6026 6100
6026 6101
6027 6104
6027 6105
6027 6106
6028 6029
6028 6106
6028 6107
6028 6108
6029 6030
6029 6107
6029 6108
6030 6031
6030 6108
6030 6109
6031 6109
6032 6033
6032 6110
6032 6111
6033 6034
6033 6110
6033 6111
6034 6035
6034 6111
6034 6112
6035 6112
6035 6113
6036 6037
6036 6113
6036 6114
6036 6115
6037 6038
6037 6114
6037 6115
6037 6116
6038 6039
6038 6115
6038 6116
6038 6117
6039 6040
6039 6116
6039 6117
6039 6118
6040 6041
6040 6117
6040 6118
6040 6119
6041 6042
6041 6118
6041 6119
6042 6119
6042 6120
6043 6044
6043 6121
6043 6122
6043 6123
6044 6045
6044 6122
6044 6123
6044 6124
6045 6123
6045 6124
6045 6125
6046 6047
6046 6125
6046 6126
6047 6048
6047 6126
6048 6127
6049 6050
6049 6127
6049 6128
6049 6129
6050 6051
6050 6128
6050 6129
6050 6130
6051 6052
6051 6129
6051 6130
6051 6131
6052 6130
6052 6131
6052 6132
6053 6054
6053 6132
6053 6133
6054 6055
6054 6133
6054 6134
6055 6056
6055 6133
6055 6134
6055 6135
6056 6134
6056 6135
6057 6058
6057 6136
6057 6137
6058 6059
6058 6136
6058 6137
6058 6138
6059 6060
6059 6137
6059 6138
6059 6139
6060 6061
6060 6138
6060 6139
6061 6139
6061 6140
6062 6063
6062 6140
6062 6141
6062 6142
6063 6064
6063 6141
6063 6142
6063 6143
6064 6065
6064 6142
6064 6143
6064 6144
6065 6066
6065 6143
6065 6144
6065 6145
6066 6144
6066 6145
6067 6068
6068 6069
6068 6146
6069 6070
6069 6146
6069 6147
6070 6146
6070 6147
6070 6148
6071 6072
6071 6148
6071 6149
6071 6150
6072 6073
6072 6149
6072 6150
6073 6074
6073 6150
6073 6151
6074 6151
6074 6152
6075 6152
6075 6153
6075 6154
6076 6154
6076 6155
6076 6156
6077 6078
6077 6156
6077 6157
6078 6079
6078 6157
6079 6080
6079 6157
6079 6158
6080 6081
6080 6158
6080 6159
6081 6158
6081 6159
6081 6160
6082 6160
6082 6161
6082 6162
6083 6084
6083 6162
6083 6163
6083 6164
6084 6163
6084 6164
6084 6165
6085 6086
6085 6166
6085 6167
6085 6168
6086 6087
6086 6167
6086 6168
6087 6088
6087 6168
6087 6169
6088 6089
6088 6169
6088 6170
6089 6090
6089 6169
6089 6170
6090 6170
6090 6171
6091 6092
6091 6171
6091 6172
6092 6093
6092 6172
6093 6094
6093 6173
6094 6095
6094 6173
6095 6173
6095 6174
6096 6097
6096 6175
6096 6176
6096 6177
6097 6098
6097 6176
6097 6177
6097 6178
6098 6099
6098 6177
6098 6178
6098 6179
6099 6100
6099 6178
6099 6179
6099 6180
6100 6101
6100 6179
6100 6180
6100 6181
6101 6180
6101 6181
6101 6182
6102 6103
6102 6182
6102 6183
6102 6184
6103 6104
6103 6183
6103 6184
6103 6185
6104 6105
6104 6184
6104 6185
6104 6186
6105 6106
6105 6185
6105 6186
6106 6107
6106 6186
6106 6187
6107 6108
6107 6187
6107 6188
6108 6187
6108 6188
6108 6189
6109 6189
6109 6190
6110 6111
6110 6191
6110 6192
6111 6191
6111 6192
6111 6193
6112 6113
6112 6193
6112 6194
6112 6195
6113 6114
6113 6194
6113 6195
6113 6196
6114 6115
6114 6195
6114 6196
6114 6197
6115 6116
6115 6196
6115 6197
6115 6198
6116 6117
6116 6197
6116 6198
6116 6199
6117 6118
6117 6198
6117 6199
6117 6200
6118 6119
6118 6199
6118 6200
6119 6200
6119 6201
6120 6121
6120 6201
6120 6202
6121 6122
6121 6202
6122 6123
6122 6203
6123 6124
6123 6203
6123 6204
6124 6125
6124 6203
6124 6204
6124 6205
6125 6126
6125 6204
6125 6205
6125 6206
6126 6205
6126 6206
6127 6128
6127 6207
6127 6208
6127 6209
6128 6129
6128 6208
6128 6209
6129 6130
6129 6209
6129 6210
6130 6131
6130 6210
6130 6211
6131 6132
6131 6210
6131 6211
6131 6212
6132 6211
6132 6212
6133 6134
6133 6213
6133 6214
6134 6135
6134 6213
6134 6214
6134 6215
6135 6214
6135 6215
6135 6216
6136 6137
6136 6216
6136 6217
6136 6218
6137 6138
6137 6217
6137 6218
6137 6219
6138 6139
6138 6218
6138 6219
6138 6220
6139 6219
6139 6220
6139 6221
6140 6141
6140 6221
6140 6222
6140 6223
6141 6142
6141 6222
6141 6223
6142 6143
6142 6223
6142 6224
6143 6144
6143 6224
6143 6225
6144 6145
6144 6224
6144 6225
6144 6226
6145 6225
6145 6226
6146 6147
6146 6228
6147 6148
6148 6149
6148 6229
6149 6150
6149 6229
6149 6230
6150 6229
6150 6230
6150 6231
6151 6152
6151 6231
6151 6232
6151 6233
6152 6153
6152 6232
6152 6233
6152 6234
6153 6154
6153 6233
6153 6234
6153 6235
6154 6155
6154 6234
6154 6235
6154 6236
6155 6156
6155 6235
6155 6236
6155 6237
6156 6236
6156 6237
6156 6238
6157 6238
6157 6239
6158 6159
6158 6240
6158 6241
6159 6160
6159 6240
6159 6241
6159 6242
6160 6161
6160 6241
6160 6242
6160 6243
6161 6162
6161 6242
6161 6243
6161 6244
6162 6163
6162 6243
6162 6244
6162 6245
6163 6164
6163 6244
6163 6245
6163 6246
6164 6165
6164 6245
6164 6246
6164 6247
6165 6166
6165 6246
6165 6247
6165 6248
6166 6167
6166 6247
6166 6248
6166 6249
6167 6168
6167 6248
6167 6249
6167 6250
6168 6249
6168 6250
6168 6251
6169 6170
6169 6251
6169 6252
6169 6253
6170 6252
6170 6253
6170 6254
6171 6172
6171 6254
6171 6255
6171 6256
6172 6255
6172 6256
6172 6257
6173 6258
6173 6259
6174 6175
6174 6260
6174 6261
6175 6176
6175 6260
6175 6261
6175 6262
6176 6177
6176 6261
6176 6262
6176 6263
6177 6178
6177 6262
6177 6263
6177 6264
6178 6179
6178 6263
6178 6264
6178 6265
6179 6180
6179 6264
6179 6265
6179 6266
6180 6181
6180 6265
6180 6266
6181 6182
6181 6266
6181 6267
6182 6183
6182 6267
6183 6184
6183 6267
6183 6268
6184 6185
6184 6268
6184 6269
6185 6186
6185 6268
6185 6269
6186 6269
6187 6188
6187 6270
6187 6271
6188 6189
6188 6270
6188 6271
6188 6272
6189 6190
6189 6271
6189 6272
6190 6272
6190 6273
6191 6192
6191 6273
6191 6274
6191 6275
6192 6193
6192 6274
6192 6275
6192 6276
6193 6194
6193 6275
6193 6276
6193 6277
6194 6195
6194 6276
6194 6277
6194 6278
6195 6196
6195 6277
6195 6278
6196 6197
6196 6278
6196 6279
6197 6198
6197 6279
6198 6199
6198 6279
6198 6280
6199 6200
6199 6280
6200 6280
6201 6202
6201 6281
6201 6282
6202 6281
6202 6282
6202 6283
6203 6204
6203 6284
6203 6285
6204 6205
6204 6285
6204 6286
6205 6206
6205 6285
6205 6286
6205 6287
6206 6286
6206 6287
6207 6208
6207 6288
6207 6289
6208 6209
6208 6288
6208 6289
6208 6290
6209 6289
6209 6290
6209 6291
6210 6211
6210 6291
6210 6292
6211 6212
6211 6292
6211 6293
6212 6292
6212 6293
6213 6214
6213 6294
6213 6295
6214 6215
6214 6294
6214 6295
6214 6296
6215 6216
6215 6295
6215 6296
6215 6297
6216 6217
6216 6296
6216 6297
6217 6218
6217 6297
6217 6298
6218 6219
6218 6298
6218 6299
6219 6220
6219 6298
6219 6299
6219 6300
6220 6221
6220 6299
6220 6300
6220 6301
6221 6222
6221 6300
6221 6301
6221 6302
6222 6223
6222 6301
6222 6302
6222 6303
6223 6302
6223 6303
6223 6304
6224 6225
6224 6304
6224 6305
6224 6306
6225 6226
6225 6305
6225 6306
6225 6307
6226 6306
6226 6307
6227 6228
6227 6308
6227 6309
6228 6308
6228 6309
6228 6310
6229 6230
6229 6312
6229 6313
6230 6231
6230 6313
6230 6314
6231 6232
6231 6313
6231 6314
6232 6233
6232 6314
6232 6315
6233 6234
6233 6315
6233 6316
6234 6235
6234 6315
6234 6316
6234 6317
6235 6236
6235 6316
6235 6317
6236 6237
6236 6317
6237 6238
6238 6239
6238 6318
6239 6318
6239 6319
6240 6241
6240 6319
6240 6320
6241 6242
6241 6320
6242 6243
6242 6321
6243 6244
6243 6321
6243 6322
6244 6245
6244 6321
6244 6322
6245 6246
6245 6322
6245 6323
6246 6247
6246 6323
6246 6324
6247 6248
6247 6323
6247 6324
6247 6325
6248 6249
6248 6324
6248 6325
6248 6326
6249 6250
6249 6325
6249 6326
6249 6327
6250 6251
6250 6326
6250 6327
6250 6328
6251 6252
6251 6327
6251 6328
6251 6329
6252 6253
6252 6328
6252 6329
6252 6330
6253 6254
6253 6329
6253 6330
6254 6255
6254 6330
6255 6256
6255 6331
6256 6257
6256 6331
6256 6332
6257 6258
6257 6331
6257 6332
6257 6333
6258 6259
6258 6332
6258 6333
6259 6333
6259 6334
6260 6261
6260 6334
6260 6335
6260 6336
6261 6262
6261 6335
6261 6336
6261 6337
6262 6263
6262 6336
6262 6337
6262 6338
6263 6264
6263 6337
6263 6338
6263 6339
6264 6265
6264 6338
6264 6339
6264 6340
6265 6266
6265 6339
6265 6340
6266 6340
6266 6341
6267 6341
6267 6342
6268 6269
6268 6343
6268 6344
6269 6343
6269 6344
6270 6271
6270 6345
6270 6346
6271 6272
6271 6346
6271 6347
6272 6346
6272 6347
6272 6348
6273 6274
6273 6348
6273 6349
6273 6350
6274 6275
6274 6349
6274 6350
6274 6351
6275 6276
6275 6350
6275 6351
6275 6352
6276 6277
6276 6351
6276 6352
6276 6353
6277 6278
6277 6352
6277 6353
6277 6354
6278 6353
6278 6354
6278 6355
6279 6355
6279 6356
6279 6357
6280 6357
6280 6358
6280 6359
6281 6282
6281 6360
6281 6361
6282 6283
6282 6361
6283 6284
6283 6361
6283 6362
6284 6362
6284 6363
6285 6286
6285 6363
6285 6364
6285 6365
6286 6287
6286 6364
6286 6365
6287 6365
6287 6366
6288 6289
6288 6366
6288 6367
6289 6290
6289 6367
6289 6368
6290 6291
6290 6367
6290 6368
6290 6369
6291 6368
6291 6369
6291 6370
6292 6293
6292 6370
6292 6371
6293 6371
6293 6372
6294 6295
6294 6372
6294 6373
6295 6296
6295 6373
6295 6374
6296 6297
6296 6373
6296 6374
6297 6374
6297 6375
6298 6299
6298 6375
6298 6376
6299 6300
6299 6376
6299 6377
6300 6301
6300 6376
6300 6377
6300 6378
6301 6302
6301 6377
6301 6378
6301 6379
6302 6303
6302 6378
6302 6379
6302 6380
6303 6304
6303 6379
6303 6380
6304 6305
6304 6380
6304 6381
6305 6306
6305 6381
6305 6382
6306 6307
6306 6381
6306 6382
6306 6383
6307 6382
6307 6383
6308 6309
6308 6384
6308 6385
6309 6310
6309 6384
6309 6385
6309 6386
6310 6311
6310 6385
6310 6386
6310 6387
6311 6312
6311 6386
6311 6387
6311 6388
6312 6387
6312 6388
6312 6389
6313 6314
6313 6389
6313 6390
6314 6390
6314 6391
6315 6316
6315 6391
6315 6392
6315 6393
6316 6317
6316 6392
6316 6393
6316 6394
6317 6393
6317 6394
6317 6395
6318 6319
6318 6397
6318 6398
6319 6320
6319 6398
6319 6399
6320 6398
6320 6399
6321 6322
6321 6400
6321 6401
6321 6402
6322 6401
6322 6402
6322 6403
6323 6324
6323 6403
6323 6404
6323 6405
6324 6325
6324 6404
6324 6405
6324 6406
6325 6326
6325 6405
6325 6406
6325 6407
6326 6327
6326 6406
6326 6407
6326 6408
6327 6328
6327 6407
6327 6408
6327 6409
6328 6329
6328 6408
6328 6409
6329 6330
6329 6409
6329 6410
6330 6410
6330 6411
6331 6332
6331 6412
6331 6413
6331 6414
6332 6333
6332 6413
6332 6414
6332 6415
6333 6414
6333 6415
6333 6416
6334 6335
6334 6416
6334 6417
6334 6418
6335 6336
6335 6417
6335 6418
6335 6419
6336 6337
6336 6418
6336 6419
6336 6420
6337 6338
6337 6419
6337 6420
6337 6421
6338 6339
6338 6420
6338 6421
6339 6340
6339 6421
6339 6422
6340 6422
6341 6342
6341 6423
6341 6424
6342 6423
6342 6424
6342 6425
6343 6344
6343 6425
6343 6426
6343 6427
6344 6426
6344 6427
6345 6428
6345 6429
6346 6347
6346 6429
6346 6430
6346 6431
6347 6348
6347 6430
6347 6431
6347 6432
6348 6349
6348 6431
6348 6432
6349 6350
6349 6432
6350 6351
6350 6433
6351 6352
6351 6433
6351 6434
6352 6353
6352 6433
6352 6434
6353 6354
6353 6434
6353 6435
6354 6355
6354 6435
6354 6436
6355 6356
6355 6435
6355 6436
6355 6437
6356 6357
6356 6436
6356 6437
6356 6438
6357 6358
6357 6437
6357 6438
6357 6439
6358 6359
6358 6438
6358 6439
6358 6440
6359 6360
6359 6439
6359 6440
6359 6441
6360 6440
6360 6441
6360 6442
6361 6442
6361 6443
6361 6444
6362 6363
6362 6444
6362 6445
6363 6364
6363 6445
6363 6446
6364 6365
6364 6445
6364 6446
6364 6447
6365 6446
6365 6447
6365 6448
6366 6448
6366 6449
6366 6450
6367 6368
6367 6450
6367 6451
6368 6369
6368 6451
6368 6452
6369 6370
6369 6451
6369 6452
6369 6453
6370 6452
6370 6453
6370 6454
6371 6372
6371 6454
6371 6455
6371 6456
6372 6455
6372 6456
6373 6374
6373 6457
6373 6458
6374 6457
6374 6458
6374 6459
6375 6459
6375 6460
6375 6461
6376 6377
6376 6461
6376 6462
6376 6463
6377 6378
6377 6462
6377 6463
6377 6464
6378 6379
6378 6463
6378 6464
6379 6380
6379 6464
6379 6465
6380 6465
6380 6466
6381 6382
6381 6466
6381 6467
6381 6468
6382 6383
6382 6467
6382 6468
6383 6468
6384 6385
6384 6469
6385 6386
6385 6469
6385 6470
6386 6387
6386 6470
6386 6471
6387 6388
6387 6470
6387 6471
6387 6472
6388 6389
6388 6471
6388 6472
6388 6473
6389 6472
6389 6473
6389 6474
6390 6391
6390 6474
6390 6475
6390 6476
6391 6392
6391 6475
6391 6476
6391 6477
6392 6393
6392 6476
6392 6477
6392 6478
6393 6394
6393 6477
6393 6478
6394 6395
6394 6478
6394 6479
6395 6396
6395 6479
6395 6480
6396 6397
6396 6479
6396 6480
6396 6481
6397 6480
6397 6481
6397 6482
6398 6399
6398 6482
6398 6483
6399 6483
6400 6401
6400 6484
6401 6402
6401 6484
6401 6485
6402 6403
6402 6484
6402 6485
6403 6404
6403 6485
6403 6486
6404 6405
6404 6486
6404 6487
6405 6406
6405 6486
6405 6487
6405 6488
6406 6407
6406 6487
6406 6488
6406 6489
6407 6408
6407 6488
6407 6489
6408 6409
6408 6489
6408 6490
6409 6490
6409 6491
6410 6411
6410 6491
6410 6492
6410 6493
6411 6412
6411 6492
6411 6493
6411 6494
6412 6413
6412 6493
6412 6494
6412 6495
6413 6414
6413 6494
6413 6495
6413 6496
6414 6415
6414 6495
6414 6496
6414 6497
6415 6416
6415 6496
6415 6497
6415 6498
6416 6417
6416 6497
6416 6498
6416 6499
6417 6418
6417 6498
6417 6499
6417 6500
6418 6419
6418 6499
6418 6500
6418 6501
6419 6420
6419 6500
6419 6501
6419 6502
6420 6421
6420 6501
6420 6502
6421 6502
6421 6503
6422 6503
6422 6504
6423 6424
6423 6504
6423 6505
6424 6425
6424 6505
6424 6506
6425 6426
6425 6505
6425 6506
6425 6507
6426 6427
6426 6506
6426 6507
6426 6508
6427 6507
6427 6508
6427 6509
6428 6429
6428 6509
6428 6510
6428 6511
6429 6430
6429 6510
6429 6511
6429 6512
6430 6431
6430 6511
6430 6512
6430 6513
6431 6432
6431 6512
6431 6513
6431 6514
6432 6513
6432 6514
6433 6434
6433 6515
6434 6515
6434 6516
6435 6436
6435 6516
6435 6517
6435 6518
6436 6437
6436 6517
6436 6518
6436 6519
6437 6438
6437 6518
6437 6519
6437 6520
6438 6439
6438 6519
6438 6520
6438 6521
6439 6440
6439 6520
6439 6521
6439 6522
6440 6441
6440 6521
6440 6522
6440 6523
6441 6442
6441 6522
6441 6523
6441 6524
6442 6443
6442 6523
6442 6524
6442 6525
6443 6444
6443 6524
6443 6525
6443 6526
6444 6525
6444 6526
6444 6527
6445 6446
6445 6527
6445 6528
6446 6447
6446 6528
6446 6529
6447 6448
6447 6528
6447 6529
6447 6530
6448 6449
6448 6529
6448 6530
6448 6531
6449 6450
6449 6530
6449 6531
6449 6532
6450 6531
6450 6532
6450 6533
6451 6452
6451 6533
6451 6534
6452 6453
6452 6534
6453 6454
6453 6534
6453 6535
6454 6455
6454 6535
6454 6536
6455 6456
6455 6535
6455 6536
6456 6536
6456 6537
6457 6458
6457 6537
6457 6538
6457 6539
6458 6459
6458 6538
6458 6539
6459 6460
6459 6539
6460 6461
6460 6540
6461 6462
6461 6540
6462 6463
6462 6540
6462 6541
6463 6464
6463 6541
6463 6542
6464 6541
6464 6542
6465 6466
6465 6543
6465 6544
6466 6467
6466 6543
6466 6544
6466 6545
6467 6468
6467 6544
6467 6545
6467 6546
6468 6545
6468 6546
6468 6547
6469 6548
6470 6471
6470 6548
6471 6472
6471 6549
6472 6473
6472 6549
6472 6550
6473 6474
6473 6549
6473 6550
6473 6551
6474 6475
6474 6550
6474 6551
6474 6552
6475 6476
6475 6551
6475 6552
6475 6553
6476 6477
6476 6552
6476 6553
6476 6554
6477 6478
6477 6553
6477 6554
6477 6555
6478 6554
6478 6555
6478 6556
6479 6480
6479 6556
6479 6557
6479 6558
6480 6481
6480 6557
6480 6558
6481 6482
6481 6558
6481 6559
6482 6559
6482 6560
6483 6560
6483 6561
6483 6562
6484 6485
6484 6563
6484 6564
6484 6565
6485 6564
6485 6565
6485 6566
6486 6487
6486 6566
6486 6567
6486 6568
6487 6488
6487 6567
6487 6568
6487 6569
6488 6489
6488 6568
6488 6569
6488 6570
6489 6569
6489 6570
6489 6571
6490 6491
6490 6571
6490 6572
6490 6573
6491 6492
6491 6572
6491 6573
6491 6574
6492 6493
6492 6573
6492 6574
6492 6575
6493 6494
6493 6574
6493 6575
6493 6576
6494 6495
6494 6575
6494 6576
6494 6577
6495 6496
6495 6576
6495 6577
6495 6578
6496 6497
6496 6577
6496 6578
6496 6579
6497 6498
6497 6578
6497 6579
6497 6580
6498 6499
6498 6579
6498 6580
6498 6581
6499 6500
6499 6580
6499 6581
6499 6582
6500 6501
6500 6581
6500 6582
6500 6583
6501 6502
6501 6582
6501 6583
6502 6583
6502 6584
6503 6584
6503 6585
6503 6586
6504 6586
6504 6587
6505 6506
6505 6587
6505 6588
6505 6589
6506 6507
6506 6588
6506 6589
6506 6590
6507 6508
6507 6589
6507 6590
6507 6591
6508 6509
6508 6590
6508 6591
6509 6510
6509 6591
6509 6592
6510 6511
6510 6592
6510 6593
6511 6512
6511 6592
6511 6593
6511 6594
6512 6513
6512 6593
6512 6594
6512 6595
6513 6514
6513 6594
6513 6595
6513 6596
6514 6595
6514 6596
6515 6516
6515 6598
6515 6599
6515 6600
6516 6517
6516 6599
6516 6600
6516 6601
6517 6518
6517 6600
6517 6601
6517 6602
6518 6519
6518 6601
6518 6602
6518 6603
6519 6520
6519 6602
6519 6603
6519 6604
6520 6521
6520 6603
6520 6604
6521 6522
6521 6604
6521 6605
6522 6523
6522 6605
6522 6606
6523 6524
6523 6605
6523 6606
6523 6607
6524 6525
6524 6606
6524 6607
6524 6608
6525 6526
6525 6607
6525 6608
6526 6527
6526 6608
6526 6609
6527 6609
6527 6610
6528 6529
6528 6610
6528 6611
6528 6612
6529 6530
6529 6611
6529 6612
6529 6613
6530 6531
6530 6612
6530 6613
6530 6614
6531 6532
6531 6613
6531 6614
6531 6615
6532 6533
6532 6614
6532 6615
6532 6616
6533 6615
6533 6616
6533 6617
6534 6617
6534 6618
6535 6536
6535 6618
6535 6619
6536 6619
6537 6538
6537 6620
6537 6621
6538 6539
6538 6620
6538 6621
6538 6622
6539 6621
6539 6622
6539 6623
6540 6624
6540 6625
6540 6626
6541 6542
6541 6626
6541 6627
6542 6627
6542 6628
6543 6544
6543 6628
6543 6629
6544 6545
6544 6629
6545 6546
6545 6630
6546 6547
6546 6630
6546 6631
6547 6630
6547 6631
6548 6632
6548 6633
6549 6550
6549 6634
6549 6635
6550 6551
6550 6635
6550 6636
6551 6552
6551 6635
6551 6636
6551 6637
6552 6553
6552 6636
6552 6637
6552 6638
6553 6554
6553 6637
6553 6638
6553 6639
6554 6555
6554 6638
6554 6639
6554 6640
6555 6556
6555 6639
6555 6640
6555 6641
6556 6557
6556 6640
6556 6641
6556 6642
6557 6558
6557 6641
6557 6642
6557 6643
6558 6642
6558 6643
6558 6644
6559 6560
6559 6644
6559 6645
6559 6646
6560 6561
6560 6645
6560 6646
6560 6647
6561 6562
6561 6646
6561 6647
6561 6648
6562 6563
6562 6647
6562 6648
6563 6564
6563 6648
6563 6649
6564 6565
6564 6649
6564 6650
6565 6566
6565 6649
6565 6650
6565 6651
6566 6567
6566 6650
6566 6651
6566 6652
6567 6568
6567 6651
6567 6652
6567 6653
6568 6569
6568 6652
6568 6653
6569 6570
6569 6653
6569 6654
6570 6571
6570 6654
6570 6655
6571 6572
6571 6654
6571 6655
6571 6656
6572 6573
6572 6655
6572 6656
6572 6657
6573 6574
6573 6656
6573 6657
6574 6575
6574 6657
6574 6658
6575 6576
6575 6658
6575 6659
6576 6577
6576 6658
6576 6659
6577 6578
6577 6659
6577 6660
6578 6579
6578 6660
6578 6661
6579 6580
6579 6660
6579 6661
6580 6581
6580 6661
6580 6662
6581 6582
6581 6662
6581 6663
6582 6583
6582 6662
6582 6663
6582 6664
6583 6663
6583 6664
6583 6665
6584 6585
6584 6665
6584 6666
6584 6667
6585 6586
6585 6666
6585 6667
6585 6668
6586 6667
6586 6668
6586 6669
6587 6588
6587 6669
6587 6670
6587 6671
6588 6589
6588 6670
6588 6671
6588 6672
6589 6590
6589 6671
6589 6672
6589 6673
6590 6591
6590 6672
6590 6673
6590 6674
6591 6673
6591 6674
6591 6675
6592 6593
6592 6675
6592 6676
6592 6677
6593 6594
6593 6676
6593 6677
6593 6678
6594 6595
6594 6677
6594 6678
6594 6679
6595 6596
6595 6678
6595 6679
6595 6680
6596 6679
6596 6680
6596 6681
6597 6598
6597 6681
6597 6682
6598 6599
6598 6682
6599 6600
6599 6683
6600 6601
6600 6683
6600 6684
6601 6602
6601 6683
6601 6684
6602 6603
6602 6684
6602 6685
6603 6604
6603 6685
6604 6685
6604 6686
6605 6606
6605 6686
6605 6687
6605 6688
6606 6607
6606 6687
6606 6688
6606 6689
6607 6608
6607 6688
6607 6689
6607 6690
6608 6689
6608 6690
6608 6691
6609 6610
6609 6691
6609 6692
6609 6693
6610 6611
6610 6692
6610 6693
6610 6694
6611 6612
6611 6693
6611 6694
6611 6695
6612 6613
6612 6694
6612 6695
6612 6696
6613 6614
6613 6695
6613 6696
6614 6615
6614 6696
6614 6697
6615 6616
6615 6697
6616 6617
6616 6697
6618 6619
6618 6698
6618 6699
6619 6698
6619 6699
6619 6700
6620 6621
6620 6701
6620 6702
6621 6622
6621 6702
6621 6703
6622 6623
6622 6702
6622 6703
6623 6624
6623 6703
6623 6704
6624 6625
6624 6704
6624 6705
6625 6626
6625 6704
6625 6705
6626 6705
6626 6706
6627 6628
6627 6706
6627 6707
6627 6708
6628 6629
6628 6707
6628 6708
6628 6709
6629 6708
6629 6709
6629 6710
6630 6631
6630 6711
6630 6712
6631 6712
6633 6634
6633 6713
6633 6714
6634 6713
6634 6714
6634 6715
6635 6636
6635 6715
6635 6716
6636 6637
6636 6716
6637 6638
6638 6639
6638 6717
6639 6640
6639 6717
6639 6718
6640 6641
6640 6717
6640 6718
6640 6719
6641 6642
6641 6718
6641 6719
6641 6720
6642 6643
6642 6719
6642 6720
6643 6644
6643 6720
6643 6721
6644 6645
6644 6721
6644 6722
6645 6646
6645 6721
6645 6722
6645 6723
6646 6647
6646 6722
6646 6723
6646 6724
6647 6648
6647 6723
6647 6724
6647 6725
6648 6724
6648 6725
6648 6726
6649 6650
6649 6726
6649 6727
6650 6651
6650 6727
6650 6728
6651 6652
6651 6728
6651 6729
6652 6653
6652 6728
6652 6729
6652 6730
6653 6729
6653 6730
6654 6655
6654 6731
6654 6732
6655 6656
6655 6731
6655 6732
6655 6733
6656 6657
6656 6732
6656 6733
6656 6734
6657 6733
6657 6734
6657 6735
6658 6659
6658 6735
6658 6736
6658 6737
6659 6736
6659 6737
6659 6738
6660 6661
6660 6738
6660 6739
6661 6739
6661 6740
6662 6663
6662 6740
6662 6741
6662 6742
6663 6664
6663 6741
6663 6742
6663 6743
6664 6665
6664 6742
6664 6743
6664 6744
6665 6666
6665 6743
6665 6744
6665 6745
6666 6667
6666 6744
6666 6745
6666 6746
6667 6668
6667 6745
6667 6746
6667 6747
6668 6669
6668 6746
6668 6747
6669 6670
6669 6747
6669 6748
6670 6671
6670 6748
6671 6672
6671 6748
6671 6749
6672 6673
6672 6749
6672 6750
6673 6674
6673 6749
6673 6750
6674 6675
6674 6750
6674 6751
6675 6676
6675 6751
6675 6752
6676 6677
6676 6751
6676 6752
6677 6678
6677 6752
6677 6753
6678 6679
6678 6753
6678 6754
6679 6680
6679 6753
6679 6754
6679 6755
6680 6681
6680 6754
6680 6755
6680 6756
6681 6682
6681 6755
6681 6756
6681 6757
6682 6756
6682 6757
6682 6758
6683 6684
6683 6759
6683 6760
6683 6761
6684 6760
6684 6761
6684 6762
6685 6762
6685 6763
6686 6687
6686 6763
6686 6764
6686 6765
6687 6688
6687 6764
6687 6765
6687 6766
6688 6689
6688 6765
6688 6766
6688 6767
6689 6690
6689 6766
6689 6767
6690 6691
6690 6767
6690 6768
6691 6692
6691 6768
6691 6769
6692 6693
6692 6768
6692 6769
6693 6694
6693 6769
6693 6770
6694 6695
6694 6770
6694 6771
6695 6696
6695 6770
6695 6771
6696 6771
6696 6772
6697 6772
6697 6773
6697 6774
6698 6699
6698 6775
6698 6776
6698 6777
6699 6700
6699 6776
6699 6777
6699 6778
6700 6701
6700 6777
6700 6778
6700 6779
6701 6778
6701 6779
6702 6703
6702 6780
6703 6780
6703 6781
6704 6705
6704 6781
6704 6782
6705 6782
6706 6707
6706 6783
6706 6784
6707 6708
6707 6783
6707 6784
6708 6709
6708 6784
6708 6785
6709 6710
6709 6785
6709 6786
6710 6711
6710 6785
6710 6786
6710 6787
6711 6786
6711 6787
6711 6788
6712 6788
6712 6789
6713 6714
6713 6791
6713 6792
6714 6715
6714 6792
6714 6793
6715 6716
6715 6793
6715 6794
6716 6793
6716 6794
6717 6718
6717 6796
6717 6797
6717 6798
6718 6719
6718 6797
6718 6798
6718 6799
6719 6720
6719 6798
6719 6799
6720 6799
6720 6800
6721 6722
6721 6800
6721 6801
6721 6802
6722 6723
6722 6801
6722 6802
6722 6803
6723 6724
6723 6802
6723 6803
6723 6804
6724 6725
6724 6803
6724 6804
6724 6805
6725 6726
6725 6804
6725 6805
6725 6806
6726 6727
6726 6805
6726 6806
6726 6807
6727 6806
6727 6807
6728 6729
6728 6808
6729 6730
6729 6808
6729 6809
6730 6808
6730 6809
6730 6810
6731 6732
6731 6810
6731 6811
6732 6733
6732 6811
6732 6812
6733 6734
6733 6811
6733 6812
6733 6813
6734 6735
6734 6812
6734 6813
6734 6814
6735 6736
6735 6813
6735 6814
6736 6737
6736 6814
6736 6815
6737 6738
6737 6815
6737 6816
6738 6739
6738 6815
6738 6816
6738 6817
6739 6816
6739 6817
6739 6818
6740 6741
6740 6818
6740 6819
6740 6820
6741 6742
6741 6819
6741 6820
6741 6821
6742 6743
6742 6820
6742 6821
6743 6744
6743 6821
6743 6822
6744 6745
6744 6822
6744 6823
6745 6746
6745 6822
6745 6823
6745 6824
6746 6747
6746 6823
6746 6824
6746 6825
6747 6824
6747 6825
6747 6826
6748 6826
6748 6827
6748 6828
6749 6750
6749 6828
6749 6829
6749 6830
6750 6829
6750 6830
6750 6831
6751 6752
6751 6831
6751 6832
6751 6833
6752 6832
6752 6833
6752 6834
6753 6754
6753 6834
6754 6755
6754 6835
6755 6756
6755 6835
6755 6836
6756 6757
6756 6835
6756 6836
6756 6837
6757 6758
6757 6836
6757 6837
6757 6838
6758 6759
6758 6837
6758 6838
6758 6839
6759 6760
6759 6838
6759 6839
6759 6840
6760 6761
6760 6839
6760 6840
6760 6841
6761 6762
6761 6840
6761 6841
6761 6842
6762 6841
6762 6842
6763 6764
6763 6843
6763 6844
6764 6765
6764 6843
6764 6844
6764 6845
6765 6766
6765 6844
6765 6845
6765 6846
6766 6767
6766 6845
6766 6846
6767 6846
6768 6769
6768 6847
6768 6848
6769 6847
6769 6848
6769 6849
6770 6771
6770 6849
6770 6850
6770 6851
6771 6850
6771 6851
6772 6773
6772 6852
6772 6853
6773 6774
6773 6852
6773 6853
6774 6853
6774 6854
6775 6776
6775 6854
6775 6855
6775 6856
6776 6777
6776 6855
6776 6856
6777 6778
6777 6856
6777 6857
6778 6779
6778 6857
6778 6858
6779 6857
6779 6858
6779 6859
6780 6781
6780 6860
6780 6861
6780 6862
6781 6861
6781 6862
6781 6863
6782 6863
6782 6864
6782 6865
6783 6784
6783 6865
6783 6866
6784 6866
6785 6786
6785 6867
6785 6868
6786 6787
6786 6867
6786 6868
6786 6869
6787 6788
6787 6868
6787 6869
6788 6789
6788 6869
6788 6870
6789 6870
6790 6791
6790 6871
6791 6792
6791 6871
6791 6872
6792 6871
6792 6872
6792 6873
6793 6794
6793 6873
6793 6874
6793 6875
6794 6874
6794 6875
6795 6796
6795 6876
6796 6797
6796 6876
6797 6798
6798 6799
6798 6877
6799 6877
6799 6878
6800 6801
6800 6878
6800 6879
6800 6880
6801 6802
6801 6879
6801 6880
6801 6881
6802 6803
6802 6880
6802 6881
6802 6882
6803 6804
6803 6881
6803 6882
6803 6883
6804 6805
6804 6882
6804 6883
6804 6884
6805 6806
6805 6883
6805 6884
6805 6885
6806 6807
6806 6884
6806 6885
6806 6886
6807 6885
6807 6886
6807 6887
6808 6809
6808 6888
6808 6889
6808 6890
6809 6810
6809 6889
6809 6890
6809 6891
6810 6890
6810 6891
6810 6892
6811 6812
6811 6892
6811 6893
6812 6813
6812 6893
6812 6894
6813 6814
6813 6893
6813 6894
6813 6895
6814 6894
6814 6895
6814 6896
6815 6816
6815 6896
6815 6897
6815 6898
6816 6817
6816 6897
6816 6898
6816 6899
6817 6818
6817 6898
6817 6899
6817 6900
6818 6819
6818 6899
6818 6900
6818 6901
6819 6820
6819 6900
6819 6901
6819 6902
6820 6821
6820 6901
6820 6902
6820 6903
6821 6902
6821 6903
6822 6823
6822 6904
6823 6824
6823 6904
6823 6905
6824 6825
6824 6905
6825 6826
6825 6905
6825 6906
6826 6827
6826 6906
6826 6907
6827 6828
6827 6906
6827 6907
6827 6908
6828 6829
6828 6907
6828 6908
6828 6909
6829 6830
6829 6908
6829 6909
6829 6910
6830 6831
6830 6909
6830 6910
6830 6911
6831 6832
6831 6910
6831 6911
6831 6912
6832 6833
6832 6911
6832 6912
6832 6913
6833 6834
6833 6912
6833 6913
6833 6914
6834 6913
6834 6914
6834 6915
6835 6836
6835 6916
6835 6917
6835 6918
6836 6837
6836 6917
6836 6918
6836 6919
6837 6838
6837 6918
6837 6919
6837 6920
6838 6839
6838 6919
6838 6920
6838 6921
6839 6840
6839 6920
6839 6921
6839 6922
6840 6841
6840 6921
6840 6922
6840 6923
6841 6842
6841 6922
6841 6923
6841 6924
6842 6923
6842 6924
6843 6844
6843 6925
6843 6926
6844 6845
6844 6925
6844 6926
6845 6846
6845 6926
6845 6927
6846 6927
6846 6928
6847 6848
6847 6929
6847 6930
6847 6931
6848 6849
6848 6930
6848 6931
6849 6850
6849 6931
6849 6932
6850 6851
6850 6932
6851 6932
6851 6933
6852 6853
6852 6933
6852 6934
6852 6935
6853 6934
6853 6935
6853 6936
6854 6855
6854 6936
6854 6937
6854 6938
6855 6856
6855 6937
6855 6938
6855 6939
6856 6938
6856 6939
6856 6940
6857 6858
6857 6940
6857 6941
6857 6942
6858 6859
6858 6941
6858 6942
6859 6860
6859 6942
6860 6861
6860 6943
6861 6862
6861 6943
6862 6863
6862 6943
6862 6944
6863 6864
6863 6944
6863 6945
6864 6865
6864 6944
6864 6945
6864 6946
6865 6866
6865 6945
6865 6946
6865 6947
6866 6946
6866 6947
6866 6948
6867 6868
6867 6949
6867 6950
6867 6951
6868 6869
6868 6950
6868 6951
6868 6952
6869 6951
6869 6952
6870 6953
6871 6872
6871 6954
6871 6955
6871 6956
6872 6873
6872 6955
6872 6956
6872 6957
6873 6874
6873 6956
6873 6957
6873 6958
6874 6875
6874 6957
6874 6958
6874 6959
6875 6958
6875 6959
6875 6960
6876 6960
6876 6961
6876 6962
6877 6878
6877 6963
6877 6964
6877 6965
6878 6879
6878 6964
6878 6965
6878 6966
6879 6880
6879 6965
6879 6966
6879 6967
6880 6881
6880 6966
6880 6967
6880 6968
6881 6882
6881 6967
6881 6968
6881 6969
6882 6883
6882 6968
6882 6969
6882 6970
6883 6884
6883 6969
6883 6970
6883 6971
6884 6885
6884 6970
6884 6971
6884 6972
6885 6886
6885 6971
6885 6972
6886 6887
6886 6972
6886 6973
6887 6888
6887 6973
6887 6974
6888 6889
6888 6973
6888 6974
6889 6890
6889 6974
6889 6975
6890 6891
6890 6975
6890 6976
6891 6892
6891 6975
6891 6976
6892 6976
6892 6977
6893 6894
6893 6977
6893 6978
6893 6979
6894 6895
6894 6978
6894 6979
6894 6980
6895 6896
6895 6979
6895 6980
6895 6981
6896 6897
6896 6980
6896 6981
6896 6982
6897 6898
6897 6981
6897 6982
6897 6983
6898 6899
6898 6982
6898 6983
6898 6984
6899 6900
6899 6983
6899 6984
6899 6985
6900 6901
6900 6984
6900 6985
6900 6986
6901 6902
6901 6985
6901 6986
6902 6903
6902 6986
6903 6987
6904 6987
6904 6988
6904 6989
6905 6989
6906 6907
6906 6990
6906 6991
6907 6908
6907 6990
6907 6991
6907 6992
6908 6909
6908 6991
6908 6992
6908 6993
6909 6910
6909 6992
6909 6993
6910 6911
6910 6993
6911 6912
6911 6994
6912 6913
6912 6994
6912 6995
6913 6914
6913 6994
6913 6995
6914 6915
6914 6995
6915 6916
6915 6996
6916 6917
6916 6996
6916 6997
6917 6918
6917 6996
6917 6997
6917 6998
6918 6919
6918 6997
6918 6998
6918 6999
6919 6920
6919 6998
6919 6999
6919 7000
6920 6921
6920 6999
6920 7000
6921 6922
6921 7000
6922 6923
6923 6924
6923 7001
6924 7001
6924 7002
6925 6926
6925 7002
6925 7003
6926 7003
6926 7004
6927 6928
6927 7004
6927 7005
6927 7006
6928 6929
6928 7005
6928 7006
6929 6930
6929 7006
6929 7007
6930 6931
6930 7007
6930 7008
6931 7007
6931 7008
6932 7009
6932 7010
6933 6934
6933 7010
6933 7011
6933 7012
6934 6935
6934 7011
6934 7012
6934 7013
6935 6936
6935 7012
6935 7013
6936 6937
6936 7013
6937 6938
6938 6939
6939 6940
6939 7014
6940 6941
6940 7014
6940 7015
6941 6942
6941 7014
6941 7015
6942 7015
6942 7016
6943 7017
6943 7018
6943 7019
6944 6945
6944 7019
6944 7020
6944 7021
6945 6946
6945 7020
6945 7021
6945 7022
6946 6947
6946 7021
6946 7022
6946 7023
6947 6948
6947 7022
6947 7023
6947 7024
6948 6949
6948 7023
6948 7024
6948 7025
6949 6950
6949 7024
6949 7025
6950 6951
6950 7025
6950 7026
6951 6952
6951 7026
6951 7027
6952 7026
6952 7027
6952 7028
6953 7028
6954 6955
6954 7029
6955 6956
6955 7029
6956 6957
6956 7029
6956 7030
6957 6958
6957 7030
6957 7031
6958 6959
6958 7030
6958 7031
6958 7032
6959 6960
6959 7031
6959 7032
6959 7033
6960 6961
6960 7032
6960 7033
6960 7034
6961 6962
6961 7033
6961 7034
6961 7035
6962 7034
6962 7035
6962 7036
6963 6964
6963 7036
6963 7037
6963 7038
6964 6965
6964 7037
6964 7038
6964 7039
6965 6966
6965 7038
6965 7039
6965 7040
6966 6967
6966 7039
6966 7040
6966 7041
6967 6968
6967 7040
6967 7041
6967 7042
6968 6969
6968 7041
6968 7042
6968 7043
6969 6970
6969 7042
6969 7043
6969 7044
6970 6971
6970 7043
6970 7044
6970 7045
6971 6972
6971 7044
6971 7045
6972 7045
6972 7046
6973 6974
6973 7046
6973 7047
6973 7048
6974 7047
6974 7048
6975 6976
6975 7049
6976 7049
6976 7050
6977 6978
6977 7050
6977 7051
6977 7052
6978 6979
6978 7051
6978 7052
6978 7053
6979 6980
6979 7052
6979 7053
6979 7054
6980 6981
6980 7053
6980 7054
6980 7055
6981 6982
6981 7054
6981 7055
6981 7056
6982 6983
6982 7055
6982 7056
6982 7057
6983 6984
6983 7056
6983 7057
6983 7058
6984 6985
6984 7057
6984 7058
6985 6986
6985 7058
6986 7059
6987 6988
6987 7060
6987 7061
6987 7062
6988 6989
6988 7061
6988 7062
6988 7063
6989 7062
6989 7063
6989 7064
6990 6991
6990 7065
6990 7066
6991 6992
6991 7065
6991 7066
6991 7067
6992 6993
6992 7066
6992 7067
6992 7068
6993 7067
6993 7068
6993 7069
6994 6995
6994 7070
6994 7071
6994 7072
6995 7071
6995 7072
6995 7073
6996 6997
6996 7074
6997 6998
6997 7074
6997 7075
6998 6999
6998 7075
6998 7076
6999 7000
6999 7075
6999 7076
6999 7077
7000 7076
7000 7077
7001 7002
7001 7079
7001 7080
7002 7003
7002 7080
7002 7081
7003 7081
7003 7082
7004 7005
7004 7082
7004 7083
7004 7084
7005 7006
7005 7083
7005 7084
7005 7085
7006 7084
7006 7085
7006 7086
7007 7008
7007 7086
7007 7087
7007 7088
7008 7087
7008 7088
7008 7089
7009 7010
7009 7089
7009 7090
7009 7091
7010 7011
7010 7090
7010 7091
7010 7092
7011 7012
7011 7091
7011 7092
7011 7093
7012 7013
7012 7092
7012 7093
7012 7094
7013 7093
7013 7094
7014 7015
7014 7096
7015 7096
7015 7097
7016 7017
7016 7097
7016 7098
7016 7099
7017 7018
7017 7098
7017 7099
7017 7100
7018 7019
7018 7099
7018 7100
7019 7020
7019 7100
7020 7021
7020 7101
7021 7022
7021 7101
7021 7102
7022 7023
7022 7101
7022 7102
7022 7103
7023 7024
7023 7102
7023 7103
7023 7104
7024 7025
7024 7103
7024 7104
7024 7105
7025 7104
7025 7105
7026 7027
7026 7106
7026 7107
7027 7028
7027 7106
7027 7107
7027 7108
7028 7107
7028 7108
7028 7109
7029 7110
7029 7111
7030 7031
7030 7112
7031 7032
7031 7112
7031 7113
7032 7033
7032 7113
7032 7114
7033 7034
7033 7113
7033 7114
7033 7115
7034 7035
7034 7114
7034 7115
7035 7036
7035 7115
7035 7116
7036 7037
7036 7116
7036 7117
7037 7038
7037 7116
7037 7117
7038 7039
7038 7117
7039 7040
7039 7118
7040 7041
7040 7118
7040 7119
7041 7042
7041 7118
7041 7119
7041 7120
7042 7043
7042 7119
7042 7120
7042 7121
7043 7044
7043 7120
7043 7121
7043 7122
7044 7045
7044 7121
7044 7122
7044 7123
7045 7122
7045 7123
7045 7124
7046 7047
7046 7124
7046 7125
7047 7048
7047 7125
7048 7126
7049 7050
7049 7127
7049 7128
7050 7051
7050 7128
7050 7129
7051 7052
7051 7129
7051 7130
7052 7053
7052 7129
7052 7130
7052 7131
7053 7054
7053 7130
7053 7131
7053 7132
7054 7055
7054 7131
7054 7132
7054 7133
7055 7056
7055 7132
7055 7133
7055 7134
7056 7057
7056 7133
7056 7134
7056 7135
7057 7058
7057 7134
7057 7135
7057 7136
7058 7135
7058 7136
7058 7137
7059 7060
7059 7138
7059 7139
7059 7140
7060 7061
7060 7139
7060 7140
7060 7141
7061 7062
7061 7140
7061 7141
7062 7063
7062 7141
7062 7142
7063 7064
7063 7142
7063 7143
7064 7142
7064 7143
7064 7144
7065 7066
7065 7144
7065 7145
7065 7146
7066 7067
7066 7145
7066 7146
7067 7068
7067 7146
7067 7147
7068 7069
7068 7147
7068 7148
7069 7070
7069 7147
7069 7148
7070 7071
7070 7148
7070 7149
7071 7072
7071 7149
7071 7150
7072 7073
7072 7149
7072 7150
7072 7151
7073 7150
7073 7151
7073 7152
7074 7152
7074 7153
7074 7154
7075 7076
7075 7154
7075 7155
7075 7156
7076 7077
7076 7155
7076 7156
7077 7156
7077 7157
7078 7079
7078 7157
7078 7158
7078 7159
7079 7080
7079 7158
7079 7159
7079 7160
7080 7159
7080 7160
7081 7082
7081 7161
7081 7162
7082 7083
7082 7161
7082 7162
7082 7163
7083 7084
7083 7162
7083 7163
7083 7164
7084 7085
7084 7163
7084 7164
7084 7165
7085 7086
7085 7164
7085 7165
7086 7087
7086 7165
7087 7088
7087 7166
7088 7089
7088 7166
7088 7167
7089 7090
7089 7166
7089 7167
7089 7168
7090 7091
7090 7167
7090 7168
7090 7169
7091 7092
7091 7168
7091 7169
7091 7170
7092 7093
7092 7169
7092 7170
7092 7171
7093 7094
7093 7170
7093 7171
7093 7172
7094 7171
7094 7172
7094 7173
7095 7174
7095 7175
7096 7176
7096 7177
7097 7098
7097 7177
7097 7178
7097 7179
7098 7099
7098 7178
7098 7179
7098 7180
7099 7100
7099 7179
7099 7180
7099 7181
7100 7180
7100 7181
7100 7182
7101 7102
7101 7183
7101 7184
7102 7103
7102 7184
7102 7185
7103 7104
7103 7185
7103 7186
7104 7105
7104 7185
7104 7186
7104 7187
7105 7186
7105 7187
7106 7107
7106 7188
7106 7189
7107 7108
7107 7188
7107 7189
7108 7109
7108 7189
7108 7190
7109 7190
7110 7111
7110 7191
7110 7192
7111 7191
7111 7192
7111 7193
7112 7193
7112 7194
7113 7114
7113 7194
7113 7195
7113 7196
7114 7115
7114 7195
7114 7196
7114 7197
7115 7196
7115 7197
7115 7198
7116 7117
7116 7198
7116 7199
7116 7200
7117 7199
7117 7200
7117 7201
7118 7119
7118 7202
7118 7203
7118 7204
7119 7120
7119 7203
7119 7204
7120 7121
7120 7204
7121 7122
7121 7205
7122 7123
7122 7205
7122 7206
7123 7124
7123 7205
7123 7206
7123 7207
7124 7125
7124 7206
7124 7207
7124 7208
7125 7207
7125 7208
7125 7209
7126 7127
7126 7210
7126 7211
7126 7212
7127 7128
7127 7211
7127 7212
7127 7213
7128 7212
7128 7213
7129 7130
7129 7214
7129 7215
7130 7131
7130 7214
7130 7215
7130 7216
7131 7132
7131 7215
7131 7216
7131 7217
7132 7133
7132 7216
7132 7217
7133 7134
7133 7217
7133 7218
7134 7135
7134 7218
7134 7219
7135 7136
7135 7218
7135 7219
7135 7220
7136 7137
7136 7219
7136 7220
7136 7221
7137 7138
7137 7220
7137 7221
7137 7222
7138 7139
7138 7221
7138 7222
7138 7223
7139 7140
7139 7222
7139 7223
7140 7141
7140 7223
7140 7224
7141 7224
7141 7225
7142 7143
7142 7225
7142 7226
7143 7144
7143 7226
7143 7227
7144 7145
7144 7226
7144 7227
7144 7228
7145 7146
7145 7227
7145 7228
7145 7229
7146 7228
7146 7229
7146 7230
7147 7148
7147 7230
7147 7231
7147 7232
7148 7231
7148 7232
7148 7233
7149 7150
7149 7233
7149 7234
7149 7235
7150 7151
7150 7234
7150 7235
7150 7236
7151 7152
7151 7235
7151 7236
7151 7237
7152 7153
7152 7236
7152 7237
7152 7238
7153 7154
7153 7237
7153 7238
7153 7239
7154 7155
7154 7238
7154 7239
7155 7156
7155 7239
7155 7240
7156 7240
7157 7158
7157 7241
7157 7242
7158 7159
7158 7241
7158 7242
7158 7243
7159 7160
7159 7242
7159 7243
7160 7243
7160 7244
7161 7162
7161 7244
7161 7245
7162 7163
7162 7245
7162 7246
7163 7164
7163 7246
7163 7247
7164 7165
7164 7246
7164 7247
7165 7247
7165 7248
7166 7167
7166 7249
7166 7250
7167 7168
7167 7250
7167 7251
7168 7169
7168 7251
7168 7252
7169 7170
7169 7251
7169 7252
7169 7253
7170 7171
7170 7252
7170 7253
7170 7254
7171 7172
7171 7253
7171 7254
7171 7255
7172 7173
7172 7254
7172 7255
7172 7256
7173 7174
7173 7255
7173 7256
7174 7175
7174 7256
7175 7257
7176 7177
7176 7257
7176 7258
7176 7259
7177 7178
7177 7258
7177 7259
7177 7260
7178 7179
7178 7259
7178 7260
7178 7261
7179 7180
7179 7260
7179 7261
7179 7262
7180 7181
7180 7261
7180 7262
7180 7263
7181 7182
7181 7262
7181 7263
7181 7264
7182 7183
7182 7263
7182 7264
7182 7265
7183 7184
7183 7264
7183 7265
7183 7266
7184 7265
7184 7266
7184 7267
7185 7186
7185 7267
7185 7268
7185 7269
7186 7187
7186 7268
7186 7269
7186 7270
7187 7269
7187 7270
7188 7189
7188 7271
7188 7272
7189 7271
7189 7272
7189 7273
7190 7273
7190 7274
7191 7192
7191 7275
7191 7276
7192 7193
7192 7275
7192 7276
7192 7277
7193 7276
7193 7277
7193 7278
7194 7195
7194 7278
7194 7279
7194 7280
7195 7196
7195 7279
7195 7280
7195 7281
7196 7197
7196 7280
7196 7281
7196 7282
7197 7198
7197 7281
7197 7282
7197 7283
7198 7199
7198 7282
7198 7283
7198 7284
7199 7200
7199 7283
7199 7284
7199 7285
7200 7201
7200 7284
7200 7285
7200 7286
7201 7202
7201 7285
7201 7286
7201 7287
7202 7203
7202 7286
7202 7287
7203 7204
7203 7287
7203 7288
7204 7288
7204 7289
7205 7206
7205 7290
7205 7291
7205 7292
7206 7207
7206 7291
7206 7292
7206 7293
7207 7208
7207 7292
7207 7293
7207 7294
7208 7209
7208 7293
7208 7294
7208 7295
7209 7210
7209 7294
7209 7295
7209 7296
7210 7211
7210 7295
7210 7296
7210 7297
7211 7212
7211 7296
7211 7297
7211 7298
7212 7213
7212 7297
7212 7298
7212 7299
7213 7298
7213 7299
7213 7300
7214 7215
7214 7300
7214 7301
7215 7216
7215 7301
7215 7302
7216 7217
7216 7302
7217 7302
7217 7303
7218 7219
7218 7303
7218 7304
7219 7220
7219 7304
7219 7305
7220 7221
7220 7305
7220 7306
7221 7222
7221 7305
7221 7306
7221 7307
7222 7223
7222 7306
7222 7307
7222 7308
7223 7307
7223 7308
7223 7309
7224 7225
7224 7309
7224 7310
7224 7311
7225 7310
7225 7311
7225 7312
7226 7227
7226 7312
7226 7313
7226 7314
7227 7228
7227 7313
7227 7314
7228 7229
7228 7314
7229 7230
7229 7315
7230 7231
7230 7315
7230 7316
7231 7232
7231 7315
7231 7316
7232 7233
7232 7316
7233 7234
7234 7235
7234 7317
7235 7236
7235 7317
7235 7318
7236 7237
7236 7317
7236 7318
7236 7319
7237 7238
7237 7318
7237 7319
7238 7239
7238 7319
7238 7320
7239 7320
7239 7321
7240 7321
7240 7322
7240 7323
7241 7242
7241 7323
7241 7324
7241 7325
7242 7243
7242 7324
7242 7325
7242 7326
7243 7325
7243 7326
7243 7327
7244 7245
7244 7327
7244 7328
7244 7329
7245 7328
7245 7329
7246 7247
7246 7330
7246 7331
7247 7330
7247 7331
7247 7332
7248 7249
7248 7332
7248 7333
7248 7334
7249 7250
7249 7333
7249 7334
7249 7335
7250 7334
7250 7335
7250 7336
7251 7252
7251 7336
7251 7337
7252 7253
7252 7337
7252 7338
7253 7254
7253 7338
7253 7339
7254 7255
7254 7338
7254 7339
7254 7340
7255 7256
7255 7339
7255 7340
7255 7341
7256 7340
7256 7341
7256 7342
7257 7258
7257 7343
7257 7344
7257 7345
7258 7259
7258 7344
7258 7345
7258 7346
7259 7260
7259 7345
7259 7346
7259 7347
7260 7261
7260 7346
7260 7347
7261 7262
7261 7347
7261 7348
7262 7263
7262 7348
7262 7349
7263 7264
7263 7348
7263 7349
7263 7350
7264 7265
7264 7349
7264 7350
7265 7266
7265 7350
7265 7351
7266 7267
7266 7351
7266 7352
7267 7268
7267 7351
7267 7352
7267 7353
7268 7269
7268 7352
7268 7353
7268 7354
7269 7270
7269 7353
7269 7354
7269 7355
7270 7354
7270 7355
7270 7356
7271 7272
7271 7356
7271 7357
7272 7273
7272 7357
7272 7358
7273 7274
7273 7357
7273 7358
7273 7359
7274 7358
7274 7359
7275 7276
7275 7360
7276 7277
7276 7360
7276 7361
7277 7278
7277 7360
7277 7361
7277 7362
7278 7279
7278 7361
7278 7362
7278 7363
7279 7280
7279 7362
7279 7363
7279 7364
7280 7281
7280 7363
7280 7364
7281 7282
7281 7364
7282 7283
7282 7365
7283 7284
7283 7365
7283 7366
7284 7285
7284 7365
7284 7366
7284 7367
7285 7286
7285 7366
7285 7367
7286 7287
7286 7367
7286 7368
7287 7368
7287 7369
7288 7289
7288 7369
7288 7370
7289 7290
7289 7370
7289 7371
7290 7291
7290 7371
7290 7372
7291 7292
7291 7371
7291 7372
7291 7373
7292 7293
7292 7372
7292 7373
7292 7374
7293 7294
7293 7373
7293 7374
7293 7375
7294 7295
7294 7374
7294 7375
7294 7376
7295 7296
7295 7375
7295 7376
7295 7377
7296 7297
7296 7376
7296 7377
7297 7298
7297 7377
7297 7378
7298 7299
7298 7378
7298 7379
7299 7300
7299 7378
7299 7379
7300 7301
7300 7379
7302 7380
7302 7381
7303 7304
7303 7381
7303 7382
7303 7383
7304 7382
7304 7383
7304 7384
7305 7306
7305 7384
7305 7385
7305 7386
7306 7307
7306 7385
7306 7386
7307 7308
7307 7386
7307 7387
7308 7309
7308 7387
7309 7310
7309 7387
7310 7311
7310 7388
7311 7312
7311 7388
7312 7313
7312 7388
7312 7389
7313 7314
7313 7389
7313 7390
7314 7389
7314 7390
7314 7391
7315 7316
7315 7392
7315 7393
7316 7393
7316 7394
7317 7318
7317 7396
7317 7397
7318 7319
7318 7396
7318 7397
7318 7398
7319 7397
7319 7398
7319 7399
7320 7321
7320 7399
7320 7400
7320 7401
7321 7322
7321 7400
7321 7401
7321 7402
7322 7323
7322 7401
7322 7402
7322 7403
7323 7324
7323 7402
7323 7403
7323 7404
7324 7325
7324 7403
7324 7404
7324 7405
7325 7326
7325 7404
7325 7405
7325 7406
7326 7327
7326 7405
7326 7406
7326 7407
7327 7328
7327 7406
7327 7407
7327 7408
7328 7329
7328 7407
7328 7408
7328 7409
7329 7408
7329 7409
7330 7331
7330 7410
7330 7411
7331 7332
7331 7410
7331 7411
7332 7333
7332 7411
7332 7412
7333 7334
7333 7412
7333 7413
7334 7335
7334 7412
7334 7413
7335 7336
7335 7413
7335 7414
7336 7337
7336 7414
7337 7414
7337 7415
7338 7339
7338 7415
7339 7340
7339 7416
7340 7341
7340 7416
7341 7342
7341 7416
7342 7343
7342 7417
7343 7344
7343 7417
7343 7418
7344 7345
7344 7417
7344 7418
7344 7419
7345 7346
7345 7418
7345 7419
7345 7420
7346 7347
7346 7419
7346 7420
7346 7421
7347 7420
7347 7421
7347 7422
7348 7349
7348 7422
7348 7423
7349 7350
7349 7423
7349 7424
7350 7424
7350 7425
7351 7352
7351 7425
7351 7426
7351 7427
7352 7353
7352 7426
7352 7427
7352 7428
7353 7354
7353 7427
7353 7428
7353 7429
7354 7355
7354 7428
7354 7429
7354 7430
7355 7356
7355 7429
7355 7430
7355 7431
7356 7430
7356 7431
7356 7432
7357 7358
7357 7432
7357 7433
7358 7359
7358 7433
7358 7434
7359 7434
7360 7361
7360 7435
7360 7436
7360 7437
7361 7362
7361 7436
7361 7437
7361 7438
7362 7363
7362 7437
7362 7438
7363 7364
7363 7438
7363 7439
7364 7439
7364 7440
7365 7366
7365 7441
7365 7442
7365 7443
7366 7367
7366 7442
7366 7443
7367 7443
7367 7444
7368 7369
7368 7444
7368 7445
7368 7446
7369 7370
7369 7445
7369 7446
7369 7447
7370 7446
7370 7447
7370 7448
7371 7372
7371 7448
7371 7449
7371 7450
7372 7373
7372 7449
7372 7450
7372 7451
7373 7374
7373 7450
7373 7451
7373 7452
7374 7375
7374 7451
7374 7452
7375 7376
7375 7452
7376 7377
7376 7453
7377 7453
7378 7379
7378 7454
7379 7454
7379 7455
7380 7381
7380 7457
7380 7458
7380 7459
7381 7382
7381 7458
7381 7459
7381 7460
7382 7383
7382 7459
7382 7460
7383 7384
7383 7460
7383 7461
7384 7385
7384 7461
7384 7462
7385 7386
7385 7461
7385 7462
7385 7463
7386 7462
7386 7463
7386 7464
7387 7464
7387 7465
7387 7466
7388 7467
7388 7468
7388 7469
7389 7390
7389 7469
7389 7470
7389 7471
7390 7391
7390 7470
7390 7471
7390 7472
7391 7392
7391 7471
7391 7472
7391 7473
7392 7472
7392 7473
7393 7394
7393 7474
7393 7475
7394 7395
7394 7474
7394 7475
7395 7475
7395 7476
7396 7397
7396 7476
7396 7477
7396 7478
7397 7398
7397 7477
7397 7478
7398 7399
7398 7478
7398 7479
7399 7400
7399 7479
7399 7480
7400 7401
7400 7479
7400 7480
7400 7481
7401 7402
7401 7480
7401 7481
7401 7482
7402 7403
7402 7481
7402 7482
7402 7483
7403 7404
7403 7482
7403 7483
7403 7484
7404 7405
7404 7483
7404 7484
7404 7485
7405 7406
7405 7484
7405 7485
7405 7486
7406 7407
7406 7485
7406 7486
7406 7487
7407 7408
7407 7486
7407 7487
7407 7488
7408 7409
7408 7487
7408 7488
7409 7488
7409 7489
7410 7411
7410 7489
7410 7490
7410 7491
7411 7490
7411 7491
7411 7492
7412 7413
7412 7492
7412 7493
7412 7494
7413 7493
7413 7494
7413 7495
7414 7495
7414 7496
7415 7496
7415 7497
7415 7498
7416 7499
7417 7418
7417 7500
7417 7501
7418 7419
7418 7501
7418 7502
7419 7420
7419 7501
7419 7502
7419 7503
7420 7421
7420 7502
7420 7503
7421 7422
7421 7503
7421 7504
7422 7423
7422 7504
7422 7505
7423 7504
7423 7505
7423 7506
7424 7425
7424 7506
7424 7507
7424 7508
7425 7426
7425 7507
7425 7508
7425 7509
7426 7427
7426 7508
7426 7509
7426 7510
7427 7428
7427 7509
7427 7510
7427 7511
7428 7429
7428 7510
7428 7511
7428 7512
7429 7430
7429 7511
7429 7512
7429 7513
7430 7431
7430 7512
7430 7513
7430 7514
7431 7432
7431 7513
7431 7514
7431 7515
7432 7433
7432 7514
7432 7515
7433 7515
7433 7516
7434 7516
7435 7436
7435 7517
7435 7518
7436 7437
7436 7517
7436 7518
7436 7519
7437 7438
7437 7518
7437 7519
7437 7520
7438 7519
7438 7520
7438 7521
7439 7440
7439 7521
7439 7522
7439 7523
7440 7441
7440 7522
7440 7523
7440 7524
7441 7442
7441 7523
7441 7524
7441 7525
7442 7443
7442 7524
7442 7525
7442 7526
7443 7525
7443 7526
7443 7527
7444 7445
7444 7527
7444 7528
7444 7529
7445 7446
7445 7528
7445 7529
7445 7530
7446 7447
7446 7529
7446 7530
7446 7531
7447 7448
7447 7530
7447 7531
7447 7532
7448 7449
7448 7531
7448 7532
7449 7450
7449 7532
7450 7451
7451 7452
7451 7533
7452 7533
7452 7534
7453 7535
7453 7536
7453 7537
7454 7455
7454 7538
7454 7539
7455 7456
7455 7539
7455 7540
7456 7457
7456 7540
7456 7541
7457 7458
7457 7540
7457 7541
7458 7459
7458 7541
7458 7542
7459 7460
7459 7542
7460 7542
7460 7543
7461 7462
7461 7543
7461 7544
7461 7545
7462 7463
7462 7544
7462 7545
7462 7546
7463 7464
7463 7545
7463 7546
7464 7465
7464 7546
7464 7547
7465 7466
7465 7547
7466 7467
7466 7547
7466 7548
7467 7468
7467 7548
7467 7549
7468 7469
7468 7548
7468 7549
7468 7550
7469 7470
7469 7549
7469 7550
7469 7551
7470 7471
7470 7550
7470 7551
7470 7552
7471 7472
7471 7551
7471 7552
7472 7473
7472 7552
7472 7553
7473 7553
7473 7554
7474 7475
7474 7554
7474 7555
7474 7556
7475 7555
7475 7556
7475 7557
7476 7477
7476 7557
7476 7558
7476 7559
7477 7478
7477 7558
7477 7559
7477 7560
7478 7559
7478 7560
7479 7480
7479 7561
7480 7481
7480 7561
7480 7562
7481 7482
7481 7562
7481 7563
7482 7483
7482 7562
7482 7563
7482 7564
7483 7484
7483 7563
7483 7564
7483 7565
7484 7485
7484 7564
7484 7565
7484 7566
7485 7486
7485 7565
7485 7566
7485 7567
7486 7487
7486 7566
7486 7567
7487 7488
7487 7567
7487 7568
7488 7568
7488 7569
7489 7490
7489 7569
7489 7570
7489 7571
7490 7491
7490 7570
7490 7571
7490 7572
7491 7492
7491 7571
7491 7572
7491 7573
7492 7493
7492 7572
7492 7573
7492 7574
7493 7494
7493 7573
7493 7574
7493 7575
7494 7495
7494 7574
7494 7575
7494 7576
7495 7575
7495 7576
7495 7577
7496 7497
7496 7577
7496 7578
7496 7579
7497 7498
7497 7578
7497 7579
7497 7580
7498 7579
7498 7580
7498 7581
7499 7500
7499 7582
7499 7583
7500 7583
7500 7584
7501 7502
7501 7584
7501 7585
7501 7586
7502 7503
7502 7585
7502 7586
7502 7587
7503 7586
7503 7587
7503 7588
7504 7505
7504 7588
7504 7589
7505 7506
7505 7589
7505 7590
7506 7507
7506 7589
7506 7590
7506 7591
7507 7508
7507 7590
7507 7591
7507 7592
7508 7509
7508 7591
7508 7592
7508 7593
7509 7510
7509 7592
7509 7593
7509 7594
7510 7511
7510 7593
7510 7594
7510 7595
7511 7512
7511 7594
7511 7595
7511 7596
7512 7513
7512 7595
7512 7596
7513 7514
7513 7596
7513 7597
7514 7515
7514 7597
7514 7598
7515 7597
7515 7598
7515 7599
7516 7599
7516 7600
7516 7601
7517 7518
7518 7519
7518 7602
7519 7520
7519 7602
7519 7603
7520 7521
7520 7602
7520 7603
7520 7604
7521 7522
7521 7603
7521 7604
7521 7605
7522 7523
7522 7604
7522 7605
7522 7606
7523 7524
7523 7605
7523 7606
7523 7607
7524 7525
7524 7606
7524 7607
7524 7608
7525 7526
7525 7607
7525 7608
7525 7609
7526 7527
7526 7608
7526 7609
7526 7610
7527 7528
7527 7609
7527 7610
7527 7611
7528 7529
7528 7610
7528 7611
7528 7612
7529 7530
7529 7611
7529 7612
7529 7613
7530 7531
7530 7612
7530 7613
7530 7614
7531 7532
7531 7613
7531 7614
7531 7615
7532 7614
7532 7615
7532 7616
7533 7534
7533 7618
7533 7619
7533 7620
7534 7535
7534 7619
7534 7620
7534 7621
7535 7536
7535 7620
7535 7621
7535 7622
7536 7537
7536 7621
7536 7622
7536 7623
7537 7538
7537 7622
7537 7623
7538 7539
7538 7623
7539 7624
7540 7541
7540 7624
7540 7625
7541 7625
7541 7626
7542 7626
7542 7627
7542 7628
7543 7544
7543 7628
7543 7629
7544 7545
7544 7629
7545 7546
7545 7629
7545 7630
7546 7630
7546 7631
7547 7631
7547 7632
7547 7633
7548 7549
7548 7633
7548 7634
7548 7635
7549 7550
7549 7634
7549 7635
7549 7636
7550 7551
7550 7635
7550 7636
7550 7637
7551 7552
7551 7636
7551 7637
7551 7638
7552 7637
7552 7638
7553 7554
7553 7639
7553 7640
7554 7555
7554 7639
7554 7640
7554 7641
7555 7556
7555 7640
7555 7641
7555 7642
7556 7557
7556 7641
7556 7642
7556 7643
7557 7558
7557 7642
7557 7643
7558 7559
7558 7643
7558 7644
7559 7560
7559 7644
7559 7645
7560 7644
7560 7645
7560 7646
7561 7646
7561 7647
7561 7648
7562 7563
7562 7648
7562 7649
7562 7650
7563 7564
7563 7649
7563 7650
7564 7565
7564 7650
7564 7651
7565 7566
7565 7651
7565 7652
7566 7567
7566 7651
7566 7652
7567 7652
7567 7653
7568 7569
7568 7653
7568 7654
7568 7655
7569 7570
7569 7654
7569 7655
7569 7656
7570 7571
7570 7655
7570 7656
7571 7572
7571 7656
7571 7657
7572 7573
7572 7657
7572 7658
7573 7574
7573 7657
7573 7658
7574 7575
7574 7658
7574 7659
7575 7576
7575 7659
7575 7660
7576 7577
7576 7659
7576 7660
7577 7578
7577 7660
7577 7661
7578 7579
7578 7661
7578 7662
7579 7580
7579 7661
7579 7662
7579 7663
7580 7581
7580 7662
7580 7663
7581 7582
7581 7663
7581 7664
7582 7583
7582 7664
7582 7665
7583 7664
7583 7665
7583 7666
7584 7585
7584 7666
7584 7667
7585 7586
7585 7667
7586 7587
7586 7667
7586 7668
7587 7588
7587 7668
7587 7669
7588 7668
7588 7669
7589 7590
7589 7670
7589 7671
7590 7591
7590 7670
7590 7671
7590 7672
7591 7592
7591 7671
7591 7672
7591 7673
7592 7593
7592 7672
7592 7673
7592 7674
7593 7594
7593 7673
7593 7674
7593 7675
7594 7595
7594 7674
7594 7675
7594 7676
7595 7596
7595 7675
7595 7676
7595 7677
7596 7676
7596 7677
7596 7678
7597 7598
7597 7678
7597 7679
7597 7680
7598 7599
7598 7679
7598 7680
7598 7681
7599 7600
7599 7680
7599 7681
7599 7682
7600 7601
7600 7681
7600 7682
7600 7683
7601 7682
7601 7683
7602 7603
7602 7685
7602 7686
7602 7687
7603 7604
7603 7686
7603 7687
7604 7605
7604 7687
7604 7688
7605 7606
7605 7688
7605 7689
7606 7607
7606 7688
7606 7689
7606 7690
7607 7608
7607 7689
7607 7690
7607 7691
7608 7609
7608 7690
7608 7691
7608 7692
7609 7610
7609 7691
7609 7692
7609 7693
7610 7611
7610 7692
7610 7693
7611 7612
7611 7693
7611 7694
7612 7613
7612 7694
7612 7695
7613 7614
7613 7694
7613 7695
7613 7696
7614 7615
7614 7695
7614 7696
7614 7697
7615 7616
7615 7696
7615 7697
7615 7698
7616 7617
7616 7697
7616 7698
7616 7699
7617 7618
7617 7698
7617 7699
7617 7700
7618 7619
7618 7699
7618 7700
7619 7620
7619 7700
7619 7701
7620 7621
7620 7701
7620 7702
7621 7622
7621 7701
7621 7702
7621 7703
7622 7623
7622 7702
7622 7703
7622 7704
7623 7703
7623 7704
7623 7705
7624 7625
7624 7706
7626 7627
7626 7707
7626 7708
7627 7628
7627 7707
7627 7708
7627 7709
7628 7708
7628 7709
7629 7710
7629 7711
7630 7631
7630 7711
7630 7712
7630 7713
7631 7632
7631 7712
7631 7713
7632 7633
7632 7713
7632 7714
7633 7634
7633 7714
7633 7715
7634 7635
7634 7714
7634 7715
7634 7716
7635 7636
7635 7715
7635 7716
7635 7717
7636 7637
7636 7716
7636 7717
7636 7718
7637 7638
7637 7717
7637 7718
7637 7719
7638 7718
7638 7719
7638 7720
7639 7640
7639 7720
7639 7721
7639 7722
7640 7641
7640 7721
7640 7722
7640 7723
7641 7642
7641 7722
7641 7723
7641 7724
7642 7643
7642 7723
7642 7724
7642 7725
7643 7724
7643 7725
7643 7726
7644 7645
7644 7726
7645 7646
7645 7727
7646 7647
7646 7727
7646 7728
7647 7648
7647 7727
7647 7728
7647 7729
7648 7649
7648 7728
7648 7729
7648 7730
7649 7650
7649 7729
7649 7730
7650 7730
7651 7652
7651 7731
7652 7731
7652 7732
7653 7654
7653 7732
7653 7733
7654 7655
7654 7733
7655 7656
7655 7733
7655 7734
7656 7734
7656 7735
7657 7658
7657 7735
7657 7736
7657 7737
7658 7736
7658 7737
7658 7738
7659 7660
7659 7738
7659 7739
7659 7740
7660 7739
7660 7740
7660 7741
7661 7662
7661 7741
7661 7742
7661 7743
7662 7663
7662 7742
7662 7743
7663 7743
7663 7744
7664 7665
7664 7744
7664 7745
7664 7746
7665 7666
7665 7745
7665 7746
7665 7747
7666 7746
7666 7747
7667 7748
7667 7749
7668 7669
7668 7749
7668 7750
7668 7751
7669 7750
7669 7751
7669 7752
7670 7671
7670 7752
7670 7753
7670 7754
7671 7672
7671 7753
7671 7754
7672 7673
7672 7754
7672 7755
7673 7674
7673 7755
7673 7756
7674 7675
7674 7755
7674 7756
7674 7757
7675 7676
7675 7756
7675 7757
7675 7758
7676 7677
7676 7757
7676 7758
7676 7759
7677 7678
7677 7758
7677 7759
7677 7760
7678 7679
7678 7759
7678 7760
7678 7761
7679 7680
7679 7760
7679 7761
7680 7681
7680 7761
7680 7762
7681 7682
7681 7762
7681 7763
7682 7683
7682 7762
7682 7763
7682 7764
7683 7763
7683 7764
7684 7685
7684 7765
7685 7686
7685 7765
7685 7766
7686 7687
7686 7766
7686 7767
7687 7766
7687 7767
7688 7689
7689 7690
7689 7768
7690 7691
7690 7768
7690 7769
7691 7692
7691 7768
7691 7769
7691 7770
7692 7693
7692 7769
7692 7770
7693 7770
7693 7771
7694 7695
7694 7771
7694 7772
7695 7696
7695 7772
7695 7773
7696 7697
7696 7772
7696 7773
7697 7698
7697 7773
7698 7699
7699 7700
7699 7774
7700 7774
7700 7775
7701 7702
7701 7775
7701 7776
7702 7703
7702 7776
7703 7704
7703 7776
7703 7777
7704 7705
7704 7777
7705 7706
7705 7777
7705 7778
7706 7778
7706 7779
7707 7708
7707 7780
7707 7781
7707 7782
7708 7709
7708 7781
7708 7782
7708 7783
7709 7782
7709 7783
7709 7784
7710 7711
7710 7784
7710 7785
7711 7712
7711 7785
7712 7713
7712 7785
7712 7786
7713 7786
7713 7787
7714 7715
7714 7787
7714 7788
7714 7789
7715 7716
7715 7788
7715 7789
7715 7790
7716 7717
7716 7789
7716 7790
7716 7791
7717 7718
7717 7790
7717 7791
7717 7792
7718 7719
7718 7791
7718 7792
7718 7793
7719 7720
7719 7792
7719 7793
7719 7794
7720 7721
7720 7793
7720 7794
7720 7795
7721 7722
7721 7794
7721 7795
7721 7796
7722 7723
7722 7795
7722 7796
7722 7797
7723 7724
7723 7796
7723 7797
7724 7725
7724 7797
7725 7726
7725 7798
7726 7798
7726 7799
7727 7728
7727 7800
7727 7801
7727 7802
7728 7729
7728 7801
7728 7802
7728 7803
7729 7730
7729 7802
7729 7803
7729 7804
7730 7803
7730 7804
7730 7805
7731 7732
7731 7807
7731 7808
7731 7809
7732 7808
7732 7809
7732 7810
7733 7810
7733 7811
7734 7735
7734 7811
7734 7812
7735 7736
7735 7812
7735 7813
7736 7737
7736 7812
7736 7813
7737 7738
7737 7813
7737 7814
7738 7739
7738 7814
7738 7815
7739 7740
7739 7814
7739 7815
7740 7741
7740 7815
7741 7742
7741 7816
7742 7743
7742 7816
7742 7817
7743 7816
7743 7817
7743 7818
7744 7745
7744 7818
7744 7819
7745 7746
7745 7819
7745 7820
7746 7747
7746 7820
7746 7821
7747 7820
7747 7821
7748 7749
7748 7822
7748 7823
7749 7750
7749 7822
7749 7823
7749 7824
7750 7751
7750 7823
7750 7824
7751 7752
7751 7824
7751 7825
7752 7753
7752 7825
7752 7826
7753 7754
7753 7825
7753 7826
7753 7827
7754 7826
7754 7827
7754 7828
7755 7756
7755 7828
7755 7829
7755 7830
7756 7757
7756 7829
7756 7830
7757 7758
7757 7830
7758 7759
7758 7831
7759 7760
7759 7831
7759 7832
7760 7761
7760 7831
7760 7832
7760 7833
7761 7832
7761 7833
7762 7763
7762 7834
7763 7764
7763 7834
7763 7835
7764 7834
7764 7835
7765 7836
7766 7767
7766 7837
7766 7838
7767 7837
7767 7838
7768 7769
7768 7840
7768 7841
7768 7842
7769 7770
7769 7841
7769 7842
7770 7842
7770 7843
7771 7843
7771 7844
7771 7845
7772 7773
7772 7845
7772 7846
7773 7846
7773 7847
7774 7775
7774 7849
7774 7850
7774 7851
7775 7850
7775 7851
7776 7852
7776 7853
7777 7853
7777 7854
7778 7779
7778 7854
7778 7855
7778 7856
7779 7855
7779 7856
7780 7781
7780 7857
7781 7782
7781 7857
7781 7858
7782 7783
7782 7857
7782 7858
7782 7859
7783 7784
7783 7858
7783 7859
7783 7860
7784 7859
7784 7860
7784 7861
7785 7861
7785 7862
7785 7863
7786 7787
7786 7863
7786 7864
7786 7865
7787 7788
7787 7864
7787 7865
7787 7866
7788 7789
7788 7865
7788 7866
7788 7867
7789 7790
7789 7866
7789 7867
7789 7868
7790 7791
7790 7867
7790 7868
7790 7869
7791 7792
7791 7868
7791 7869
7791 7870
7792 7793
7792 7869
7792 7870
7793 7794
7793 7870
7793 7871
7794 7795
7794 7871
7794 7872
7795 7796
7795 7871
7795 7872
7795 7873
7796 7797
7796 7872
7796 7873
7796 7874
7797 7873
7797 7874
7797 7875
7798 7799
7798 7876
7798 7877
7798 7878
7799 7800
7799 7877
7799 7878
7799 7879
7800 7801
7800 7878
7800 7879
7800 7880
7801 7802
7801 7879
7801 7880
7801 7881
7802 7803
7802 7880
7802 7881
7802 7882
7803 7804
7803 7881
7803 7882
7803 7883
7804 7805
7804 7882
7804 7883
7804 7884
7805 7806
7805 7883
7805 7884
7805 7885
7806 7807
7806 7884
7806 7885
7806 7886
7807 7808
7807 7885
7807 7886
7808 7809
7808 7886
7808 7887
7809 7810
7809 7887
7809 7888
7810 7887
7810 7888
7810 7889
7811 7889
7811 7890
7812 7813
7812 7891
7812 7892
7813 7891
7813 7892
7813 7893
7814 7815
7814 7893
7814 7894
7815 7894
7815 7895
7816 7817
7816 7896
7816 7897
7816 7898
7817 7818
7817 7897
7817 7898
7817 7899
7818 7819
7818 7898
7818 7899
7818 7900
7819 7899
7819 7900
7819 7901
7820 7821
7820 7901
7820 7902
7820 7903
7821 7902
7821 7903
7821 7904
7822 7823
7822 7904
7822 7905
7822 7906
7823 7824
7823 7905
7823 7906
7823 7907
7824 7906
7824 7907
7824 7908
7825 7826
7825 7908
7825 7909
7826 7827
7826 7909
7826 7910
7827 7828
7827 7910
7827 7911
7828 7829
7828 7910
7828 7911
7828 7912
7829 7830
7829 7911
7829 7912
7829 7913
7830 7912
7830 7913
7830 7914
7831 7832
7831 7915
7831 7916
7831 7917
7832 7833
7832 7916
7832 7917
7832 7918
7833 7917
7833 7918
7833 7919
7834 7835
7834 7920
7834 7921
7834 7922
7835 7921
7835 7922
7836 7923
7836 7924
7837 7838
7837 7924
7837 7925
7837 7926
7838 7925
7838 7926
7839 7840
7839 7927
7840 7841
7840 7927
7840 7928
7841 7842
7841 7928
7842 7928
7842 7929
7843 7844
7843 7929
7843 7930
7843 7931
7844 7845
7844 7930
7844 7931
7844 7932
7845 7931
7845 7932
7846 7847
7846 7933
7846 7934
7847 7848
7847 7933
7847 7934
7847 7935
7848 7849
7848 7934
7848 7935
7849 7850
7849 7935
7849 7936
7850 7851
7850 7936
7850 7937
7851 7936
7851 7937
7851 7938
7852 7853
7852 7938
7852 7939
7852 7940
7853 7939
7853 7940
7854 7855
7854 7941
7855 7856
7855 7941
7855 7942
7856 7942
7856 7943
7857 7858
7857 7944
7857 7945
7857 7946
7858 7859
7858 7945
7858 7946
7858 7947
7859 7860
7859 7946
7859 7947
7860 7861
7860 7947
7860 7948
7861 7862
7861 7948
7861 7949
7862 7863
7862 7948
7862 7949
7863 7864
7863 7949
7863 7950
7864 7865
7864 7950
7864 7951
7865 7866
7865 7950
7865 7951
7866 7867
7866 7951
7866 7952
7867 7868
7867 7952
7867 7953
7868 7869
7868 7952
7868 7953
7869 7870
7869 7953
7871 7872
7871 7954
7872 7873
7872 7954
7872 7955
7873 7874
7873 7955
7873 7956
7874 7875
7874 7955
7874 7956
7874 7957
7875 7876
7875 7956
7875 7957
7875 7958
7876 7877
7876 7957
7876 7958
7876 7959
7877 7878
7877 7958
7877 7959
7878 7879
7878 7959
7878 7960
7879 7880
7879 7960
7880 7881
7880 7960
7880 7961
7881 7882
7881 7961
7881 7962
7882 7883
7882 7961
7882 7962
7883 7884
7883 7962
7883 7963
7884 7885
7884 7963
7884 7964
7885 7886
7885 7963
7885 7964
7886 7964
7886 7965
7887 7888
7887 7965
7887 7966
7887 7967
7888 7889
7888 7966
7888 7967
7888 7968
7889 7890
7889 7967
7889 7968
7889 7969
7890 7968
7890 7969
7890 7970
7891 7892
7891 7970
7891 7971
7891 7972
7892 7893
7892 7971
7892 7972
7892 7973
7893 7972
7893 7973
7893 7974
7894 7895
7894 7974
7894 7975
7894 7976
7895 7896
7895 7975
7895 7976
7895 7977
7896 7897
7896 7976
7896 7977
7896 7978
7897 7898
7897 7977
7897 7978
7897 7979
7898 7899
7898 7978
7898 7979
7898 7980
7899 7900
7899 7979
7899 7980
7900 7901
7900 7980
7900 7981
7901 7902
7901 7981
7901 7982
7902 7903
7902 7981
7902 7982
7902 7983
7903 7904
7903 7982
7903 7983
7903 7984
7904 7905
7904 7983
7904 7984
7904 7985
7905 7906
7905 7984
7905 7985
7905 7986
7906 7907
7906 7985
7906 7986
7906 7987
7907 7908
7907 7986
7907 7987
7907 7988
7908 7909
7908 7987
7908 7988
7909 7988
7910 7911
7910 7989
7911 7912
7911 7989
7911 7990
7912 7913
7912 7989
7912 7990
7912 7991
7913 7914
7913 7990
7913 7991
7913 7992
7914 7915
7914 7991
7914 7992
7915 7916
7915 7992
7915 7993
7916 7917
7916 7993
7916 7994
7917 7918
7917 7993
7917 7994
7917 7995
7918 7919
7918 7994
7918 7995
7918 7996
7919 7920
7919 7995
7919 7996
7919 7997
7920 7921
7920 7996
7920 7997
7920 7998
7921 7922
7921 7997
7921 7998
7921 7999
7922 7998
7922 7999
7923 7924
7924 7925
7925 7926
7929 7930
7930 7931
7931 7932
7933 7934
7934 7935
7936 7937
7937 7938
7938 7939
7939 7940
7942 7943
7943 7944
7944 7945
7945 7946
7946 7947
7948 7949
7950 7951
7952 7953
7955 7956
7956 7957
7957 7958
7958 7959
7961 7962
7963 7964
7965 7966
7966 7967
7967 7968
7968 7969
7969 7970
7970 7971
7971 7972
7972 7973
7973 7974
7974 7975
7975 7976
7976 7977
7977 7978
7978 7979
7979 7980
7981 7982
7982 7983
7983 7984
7984 7985
7985 7986
7986 7987
7987 7988
7989 7990
7990 7991
7991 7992
7993 7994
7994 7995
7995 7996
7996 7997
7997 7998
7998 7999
