# FromNodeId	ToNodeId
0 1
0 72
0 73
1 2
1 72
1 73
1 74
2 73
2 74
2 75
3 4
3 75
3 76
3 77
4 5
4 76
4 77
4 78
5 6
5 77
5 78
5 79
6 78
6 79
6 80
7 80
7 81
7 82
8 9
8 82
8 83
8 84
9 10
9 83
9 84
9 85
10 11
10 84
10 85
10 86
11 12
11 85
11 86
12 86
12 87
13 14
13 87
13 88
13 89
14 15
14 88
14 89
14 90
15 16
15 89
15 90
15 91
16 17
16 90
16 91
16 92
17 18
17 91
17 92
17 93
18 19
18 92
18 93
18 94
19 20
19 93
19 94
20 21
20 94
20 95
21 22
21 95
21 96
22 95
22 96
22 97
23 24
23 97
23 98
24 25
24 98
24 99
25 98
25 99
25 100
26 27
26 100
26 101
27 28
27 101
27 102
28 29
28 101
28 102
28 103
29 30
29 102
29 103
29 104
30 103
30 104
31 105
31 106
32 33
32 106
33 34
33 107
34 35
34 107
34 108
35 36
35 107
35 108
35 109
36 37
36 108
36 109
36 110
37 38
37 109
37 110
37 111
38 39
38 110
38 111
38 112
39 40
39 111
39 112
40 41
40 112
40 113
41 42
41 113
41 114
42 43
42 113
42 114
42 115
43 44
43 114
43 115
43 116
44 115
44 116
45 46
45 117
46 47
46 117
46 118
47 48
47 118
47 119
48 49
48 118
48 119
48 120
49 50
49 119
49 120
49 121
50 120
50 121
50 122
51 123
51 124
52 53
52 124
52 125
52 126
53 54
53 125
53 126
53 127
54 55
54 126
54 127
55 127
55 128
56 57
56 129
56 130
57 58
57 129
57 130
57 131
58 59
58 130
58 131
58 132
59 60
59 131
59 132
59 133
60 132
60 133
60 134
61 62
61 134
61 135
61 136
62 63
62 135
62 136
62 137
63 64
63 136
63 137
63 138
64 137
64 138
64 139
65 66
65 139
65 140
65 141
66 140
66 141
66 142
67 68
67 142
67 143
67 144
68 69
68 143
68 144
68 145
69 144
69 145
69 146
70 71
70 146
70 147
71 147
72 73
72 148
72 149
73 74
73 148
73 149
73 150
74 75
74 149
74 150
75 76
75 150
75 151
76 77
76 151
77 78
77 151
77 152
78 79
78 152
78 153
79 80
79 152
79 153
79 154
80 81
80 153
80 154
81 82
81 154
82 83
82 155
83 84
83 155
83 156
84 85
84 155
84 156
84 157
85 86
85 156
85 157
85 158
86 157
86 158
87 88
87 159
88 89
88 159
89 90
89 159
90 91
90 160
91 92
91 160
91 161
92 93
92 160
92 161
92 162
93 94
93 161
93 162
93 163
94 162
94 163
94 164
95 96
95 164
95 165
95 166
96 97
96 165
96 166
96 167
97 166
97 167
97 168
98 99
98 168
98 169
99 100
99 169
99 170
100 169
100 170
100 171
101 102
101 171
101 172
102 103
102 172
103 104
103 173
104 173
104 174
105 106
105 174
105 175
105 176
106 175
106 176
106 177
107 108
107 178
107 179
107 180
108 109
108 179
108 180
108 181
109 110
109 180
109 181
109 182
110 111
110 181
110 182
110 183
111 112
111 182
111 183
111 184
112 183
112 184
112 185
113 114
113 185
113 186
113 187
114 115
114 186
114 187
114 188
115 116
115 187
115 188
116 188
116 189
117 189
117 190
117 191
118 119
118 191
118 192
119 120
119 192
119 193
120 121
120 193
121 122
121 193
121 194
122 123
122 194
122 195
123 194
123 195
124 125
124 196
125 126
125 196
125 197
126 127
126 197
126 198
127 197
127 198
127 199
128 199
128 200
128 201
129 130
129 201
129 202
130 131
130 202
130 203
131 132
131 202
131 203
131 204
132 133
132 203
132 204
132 205
133 134
133 204
133 205
133 206
134 135
134 205
134 206
134 207
135 136
135 206
135 207
135 208
136 137
136 207
136 208
137 138
137 208
138 139
139 140
139 209
140 141
140 209
140 210
141 142
141 209
141 210
141 211
142 143
142 210
142 211
142 212
143 144
143 211
143 212
143 213
144 145
144 212
144 213
144 214
145 146
145 213
145 214
145 215
146 214
146 215
146 216
147 216
147 217
148 149
148 218
148 219
149 150
149 218
149 219
149 220
150 219
150 220
150 221
151 221
151 222
152 153
152 222
152 223
152 224
153 154
153 223
153 224
153 225
154 224
154 225
154 226
155 156
155 227
155 228
155 229
156 157
156 228
156 229
156 230
157 158
157 229
157 230
157 231
158 230
158 231
158 232
159 233
159 234
159 235
160 161
160 236
160 237
160 238
161 162
161 237
161 238
161 239
162 163
162 238
162 239
163 164
163 239
163 240
164 165
164 240
164 241
165 166
165 240
165 241
165 242
166 167
166 241
166 242
167 168
167 242
168 243
169 170
169 243
169 244
169 245
170 171
170 244
170 245
170 246
171 172
171 245
171 246
171 247
172 246
172 247
172 248
173 174
173 249
173 250
174 175
174 250
174 251
175 176
175 251
175 252
176 177
176 251
176 252
176 253
177 178
177 252
177 253
177 254
178 179
178 253
178 254
178 255
179 180
179 254
179 255
179 256
180 181
180 255
180 256
180 257
181 182
181 256
181 257
182 183
182 257
182 258
183 184
183 258
183 259
184 185
184 258
184 259
184 260
185 186
185 259
185 260
185 261
186 187
186 260
186 261
186 262
187 188
187 261
187 262
187 263
188 262
188 263
188 264
189 190
189 264
189 265
190 191
190 265
191 192
191 265
191 266
192 266
192 267
193 267
193 268
193 269
194 195
194 269
194 270
195 270
196 271
196 272
197 198
197 272
197 273
198 199
198 273
199 200
199 274
200 201
200 274
200 275
201 274
201 275
201 276
202 203
202 276
202 277
203 204
203 277
203 278
204 205
204 278
204 279
205 206
205 278
205 279
206 207
206 279
206 280
207 208
207 280
207 281
208 280
208 281
208 282
209 210
209 284
209 285
209 286
210 211
210 285
210 286
210 287
211 212
211 286
211 287
211 288
212 213
212 287
212 288
212 289
213 214
213 288
213 289
213 290
214 215
214 289
214 290
215 216
215 290
215 291
216 217
216 291
216 292
217 291
217 292
218 219
218 293
219 220
219 293
219 294
220 221
220 294
220 295
221 294
221 295
221 296
222 223
222 296
222 297
222 298
223 224
223 297
223 298
223 299
224 225
224 298
224 299
224 300
225 226
225 299
225 300
226 227
226 300
226 301
227 228
227 301
227 302
228 229
228 301
228 302
229 230
229 302
229 303
230 231
230 303
230 304
231 232
231 303
231 304
231 305
232 233
232 304
232 305
232 306
233 234
233 305
233 306
234 235
234 306
234 307
235 236
235 307
235 308
236 237
236 307
236 308
236 309
237 238
237 308
237 309
237 310
238 239
238 309
238 310
238 311
239 310
239 311
239 312
240 241
240 312
241 242
241 313
242 313
242 314
243 244
243 315
243 316
243 317
244 245
244 316
244 317
244 318
245 246
245 317
245 318
245 319
246 247
246 318
246 319
246 320
247 248
247 319
247 320
247 321
248 249
248 320
248 321
248 322
249 250
249 321
249 322
249 323
250 322
250 323
250 324
251 252
251 324
251 325
251 326
252 253
252 325
252 326
253 254
253 326
253 327
254 255
254 327
254 328
255 256
255 327
255 328
255 329
256 257
256 328
256 329
256 330
257 329
257 330
257 331
258 259
258 331
258 332
258 333
259 260
259 332
259 333
260 261
260 333
260 334
261 262
261 334
261 335
262 263
262 334
262 335
262 336
263 264
263 335
263 336
263 337
264 336
264 337
265 338
265 339
266 267
266 339
267 268
267 340
268 269
268 340
269 340
270 341
270 342
271 272
271 342
271 343
271 344
272 273
272 343
272 344
272 345
273 344
273 345
273 346
274 275
274 347
274 348
275 276
275 347
275 348
275 349
276 277
276 348
276 349
276 350
277 349
277 350
277 351
278 279
278 351
278 352
278 353
279 352
279 353
280 281
280 354
281 282
281 354
281 355
282 283
282 354
282 355
282 356
283 284
283 355
283 356
283 357
284 285
284 356
284 357
284 358
285 286
285 357
285 358
285 359
286 287
286 358
286 359
286 360
287 288
287 359
287 360
287 361
288 289
288 360
288 361
288 362
289 290
289 361
289 362
289 363
290 362
290 363
290 364
291 292
291 364
291 365
291 366
292 365
292 366
293 367
294 295
294 367
294 368
294 369
295 296
295 368
295 369
296 297
296 369
296 370
297 298
297 370
297 371
298 299
298 370
298 371
298 372
299 300
299 371
299 372
300 372
300 373
301 302
301 373
301 374
302 374
302 375
303 304
303 375
303 376
304 305
304 376
304 377
305 306
305 377
305 378
306 377
306 378
306 379
307 308
307 379
307 380
307 381
308 309
308 380
308 381
308 382
309 310
309 381
309 382
309 383
310 311
310 382
310 383
311 312
311 383
311 384
312 384
312 385
313 314
313 386
314 315
314 386
314 387
315 316
315 386
315 387
316 317
316 387
316 388
317 318
317 388
317 389
318 319
318 388
318 389
318 390
319 320
319 389
319 390
319 391
320 321
320 390
320 391
320 392
321 322
321 391
321 392
321 393
322 323
322 392
322 393
323 324
323 393
323 394
324 325
324 394
324 395
325 326
325 394
325 395
326 395
326 396
327 328
327 396
327 397
327 398
328 329
328 397
328 398
328 399
329 330
329 398
329 399
329 400
330 331
330 399
330 400
331 332
331 400
332 333
332 401
333 401
333 402
334 335
334 402
334 403
335 336
335 403
336 337
336 403
336 404
337 404
337 405
338 339
338 405
338 406
338 407
339 406
339 407
339 408
340 409
340 410
341 342
341 411
341 412
341 413
342 343
342 412
342 413
342 414
343 344
343 413
343 414
343 415
344 345
344 414
344 415
344 416
345 346
345 415
345 416
346 416
346 417
347 348
347 417
347 418
347 419
348 349
348 418
348 419
348 420
349 350
349 419
349 420
349 421
350 351
350 420
350 421
351 352
351 421
351 422
352 353
352 422
353 422
353 423
354 355
354 424
354 425
354 426
355 356
355 425
355 426
355 427
356 357
356 426
356 427
356 428
357 358
357 427
357 428
357 429
358 359
358 428
358 429
358 430
359 360
359 429
359 430
359 431
360 361
360 430
360 431
361 362
361 431
361 432
362 363
362 432
363 364
363 432
363 433
364 365
364 433
365 366
365 433
365 434
366 434
367 368
367 435
368 369
368 435
368 436
369 436
369 437
370 371
370 437
370 438
370 439
371 372
371 438
371 439
371 440
372 439
372 440
372 441
373 441
373 442
373 443
374 375
374 443
374 444
374 445
375 376
375 444
375 445
376 445
376 446
377 378
377 446
377 447
378 379
378 447
378 448
379 380
379 448
379 449
380 381
380 448
380 449
380 450
381 382
381 449
381 450
381 451
382 383
382 450
382 451
382 452
383 451
383 452
383 453
384 385
384 453
384 454
384 455
385 454
385 455
385 456
386 387
386 457
386 458
387 458
387 459
388 389
388 459
389 390
389 460
390 391
390 460
390 461
391 392
391 460
391 461
391 462
392 393
392 461
392 462
392 463
393 462
393 463
393 464
394 395
394 464
394 465
394 466
395 465
395 466
395 467
396 397
396 467
396 468
396 469
397 398
397 468
397 469
398 399
398 469
398 470
399 400
399 470
399 471
400 470
400 471
400 472
401 402
401 473
401 474
402 474
402 475
403 475
403 476
403 477
404 405
404 477
404 478
404 479
405 406
405 478
405 479
406 407
406 479
406 480
407 408
407 480
407 481
408 409
408 480
408 481
408 482
409 481
409 482
409 483
410 411
410 483
410 484
410 485
411 412
411 484
411 485
411 486
412 413
412 485
412 486
412 487
413 414
413 486
413 487
413 488
414 415
414 487
414 488
414 489
415 416
415 488
415 489
415 490
416 489
416 490
416 491
417 418
417 491
417 492
417 493
418 419
418 492
418 493
418 494
419 420
419 493
419 494
419 495
420 421
420 494
420 495
420 496
421 495
421 496
421 497
422 497
422 498
423 424
423 498
423 499
423 500
424 425
424 499
424 500
424 501
425 426
425 500
425 501
425 502
426 427
426 501
426 502
426 503
427 428
427 502
427 503
428 429
428 503
429 430
429 504
430 431
430 504
430 505
431 504
431 505
431 506
432 506
432 507
432 508
433 508
434 509
435 510
435 511
436 437
436 511
436 512
437 438
437 512
437 513
438 439
438 512
438 513
439 440
439 513
439 514
440 441
440 514
440 515
441 442
441 514
441 515
441 516
442 443
442 515
442 516
443 444
443 516
443 517
444 445
444 517
444 518
445 517
445 518
445 519
446 447
446 519
446 520
446 521
447 520
447 521
447 522
448 449
448 522
448 523
449 450
449 523
449 524
450 451
450 523
450 524
451 452
451 524
451 525
452 453
452 525
452 526
453 454
453 525
453 526
453 527
454 455
454 526
454 527
454 528
455 456
455 527
455 528
456 457
456 528
456 529
457 529
457 530
458 459
458 530
458 531
458 532
459 531
459 532
459 533
460 461
460 534
460 535
460 536
461 462
461 535
461 536
461 537
462 463
462 536
462 537
462 538
463 464
463 537
463 538
463 539
464 465
464 538
464 539
464 540
465 466
465 539
465 540
465 541
466 467
466 540
466 541
466 542
467 468
467 541
467 542
467 543
468 469
468 542
468 543
469 543
469 544
470 471
470 544
470 545
470 546
471 472
471 545
471 546
471 547
472 473
472 546
472 547
472 548
473 547
473 548
473 549
474 475
474 549
474 550
474 551
475 476
475 550
475 551
475 552
476 477
476 551
476 552
476 553
477 478
477 552
477 553
477 554
478 479
478 553
478 554
478 555
479 554
479 555
479 556
480 481
480 556
480 557
480 558
481 482
481 557
481 558
482 483
482 558
482 559
483 484
483 559
483 560
484 485
484 559
484 560
484 561
485 486
485 560
485 561
485 562
486 487
486 561
486 562
486 563
487 488
487 562
487 563
487 564
488 489
488 563
488 564
488 565
489 490
489 564
489 565
489 566
490 491
490 565
490 566
491 492
491 566
491 567
492 493
492 567
493 494
493 567
493 568
494 495
494 568
494 569
495 496
495 568
495 569
495 570
496 497
496 569
496 570
496 571
497 570
497 571
497 572
498 499
498 572
498 573
498 574
499 500
499 573
499 574
499 575
500 501
500 574
500 575
500 576
501 502
501 575
501 576
501 577
502 503
502 576
502 577
502 578
503 577
503 578
503 579
504 505
504 580
504 581
505 506
505 580
505 581
505 582
506 507
506 581
506 582
507 508
507 582
507 583
508 583
508 584
509 585
510 511
510 586
511 586
511 587
512 513
512 587
512 588
512 589
513 588
513 589
513 590
514 515
514 590
514 591
514 592
515 516
515 591
515 592
515 593
516 592
516 593
516 594
517 518
517 594
517 595
518 519
518 595
518 596
519 520
519 595
519 596
519 597
520 521
520 596
520 597
520 598
521 522
521 597
521 598
522 598
523 524
523 599
523 600
524 599
524 600
524 601
525 526
525 601
525 602
525 603
526 527
526 602
526 603
526 604
527 528
527 603
527 604
527 605
528 604
528 605
528 606
529 530
529 606
529 607
530 531
530 607
531 532
531 607
531 608
532 533
532 608
532 609
533 534
533 608
533 609
534 535
534 609
534 610
535 536
535 610
535 611
536 537
536 610
536 611
536 612
537 538
537 611
537 612
537 613
538 539
538 612
538 613
538 614
539 540
539 613
539 614
539 615
540 541
540 614
540 615
540 616
541 542
541 615
541 616
541 617
542 543
542 616
542 617
542 618
543 617
543 618
543 619
544 545
544 619
544 620
544 621
545 546
545 620
545 621
545 622
546 547
546 621
546 622
546 623
547 548
547 622
547 623
547 624
548 549
548 623
548 624
548 625
549 550
549 624
549 625
550 551
550 625
550 626
551 552
551 626
551 627
552 553
552 626
552 627
552 628
553 554
553 627
553 628
553 629
554 555
554 628
554 629
554 630
555 556
555 629
555 630
556 557
556 630
556 631
557 558
557 631
557 632
558 631
558 632
558 633
559 560
559 633
559 634
559 635
560 561
560 634
560 635
560 636
561 562
561 635
561 636
561 637
562 563
562 636
562 637
563 564
563 637
563 638
564 565
564 638
564 639
565 566
565 638
565 639
565 640
566 639
566 640
566 641
567 641
567 642
567 643
568 569
568 643
568 644
568 645
569 570
569 644
569 645
570 571
570 645
570 646
571 572
571 646
571 647
572 573
572 646
572 647
572 648
573 574
573 647
573 648
573 649
574 575
574 648
574 649
574 650
575 576
575 649
575 650
575 651
576 577
576 650
576 651
576 652
577 578
577 651
577 652
577 653
578 579
578 652
578 653
579 653
579 654
580 581
580 654
580 655
580 656
581 582
581 655
581 656
581 657
582 656
582 657
583 584
583 658
583 659
584 658
584 659
584 660
585 660
585 661
586 587
586 663
586 664
586 665
587 588
587 664
587 665
587 666
588 589
588 665
588 666
588 667
589 590
589 666
589 667
589 668
590 591
590 667
590 668
590 669
591 592
591 668
591 669
591 670
592 593
592 669
592 670
592 671
593 594
593 670
593 671
594 671
594 672
595 596
595 672
595 673
595 674
596 597
596 673
596 674
596 675
597 598
597 674
597 675
597 676
598 675
598 676
598 677
599 600
599 678
599 679
600 601
600 678
600 679
601 602
601 679
601 680
602 603
602 680
602 681
603 604
603 680
603 681
604 605
604 681
604 682
605 606
605 682
605 683
606 682
606 683
607 684
607 685
608 609
608 685
608 686
608 687
609 686
609 687
609 688
610 611
610 688
610 689
611 612
611 689
611 690
612 613
612 690
612 691
613 614
613 690
613 691
613 692
614 615
614 691
614 692
614 693
615 616
615 692
615 693
615 694
616 617
616 693
616 694
616 695
617 618
617 694
617 695
617 696
618 619
618 695
618 696
618 697
619 620
619 696
619 697
619 698
620 621
620 697
620 698
621 622
621 698
622 623
622 699
623 624
623 699
623 700
624 625
624 699
624 700
624 701
625 700
625 701
625 702
626 627
626 702
626 703
627 628
627 703
627 704
628 629
628 704
628 705
629 630
629 704
629 705
629 706
630 705
630 706
630 707
631 632
631 707
631 708
632 633
632 708
632 709
633 634
633 709
633 710
634 635
634 709
634 710
634 711
635 636
635 710
635 711
635 712
636 637
636 711
636 712
637 712
637 713
638 639
638 713
638 714
639 640
639 714
639 715
640 641
640 714
640 715
640 716
641 642
641 715
641 716
641 717
642 643
642 716
642 717
642 718
643 644
643 717
643 718
644 645
644 718
644 719
645 719
645 720
646 647
646 720
646 721
647 648
647 721
647 722
648 649
648 722
648 723
649 650
649 722
649 723
649 724
650 651
650 723
650 724
650 725
651 652
651 724
651 725
651 726
652 653
652 725
652 726
652 727
653 726
653 727
653 728
654 655
654 728
654 729
655 656
655 729
655 730
656 657
656 730
657 730
657 731
658 659
658 731
658 732
658 733
659 660
659 732
659 733
660 661
660 733
660 734
661 734
662 663
662 735
662 736
663 664
663 735
663 736
663 737
664 665
664 736
664 737
665 666
665 737
665 738
666 667
666 738
666 739
667 668
667 738
667 739
667 740
668 669
668 739
668 740
669 670
669 740
669 741
670 671
670 741
670 742
671 741
671 742
672 673
672 743
673 674
673 743
674 675
674 743
675 676
675 744
676 677
676 744
676 745
677 744
677 745
677 746
678 679
678 746
678 747
678 748
679 747
679 748
679 749
680 681
680 749
681 750
682 683
682 750
682 751
682 752
683 751
683 752
683 753
684 685
684 753
684 754
684 755
685 686
685 754
685 755
685 756
686 687
686 755
686 756
686 757
687 688
687 756
687 757
687 758
688 689
688 757
688 758
688 759
689 758
689 759
689 760
690 691
690 760
690 761
690 762
691 692
691 761
691 762
691 763
692 693
692 762
692 763
692 764
693 694
693 763
693 764
693 765
694 695
694 764
694 765
694 766
695 696
695 765
695 766
695 767
696 697
696 766
696 767
697 698
697 767
698 768
699 700
699 769
699 770
700 701
700 770
700 771
701 702
701 770
701 771
701 772
702 703
702 771
702 772
702 773
703 772
703 773
704 705
704 774
704 775
705 706
705 774
705 775
706 707
706 775
706 776
707 708
707 776
707 777
708 776
708 777
708 778
709 710
709 778
709 779
709 780
710 711
710 779
710 780
710 781
711 712
711 780
711 781
712 781
712 782
713 782
713 783
713 784
714 715
714 784
714 785
715 716
715 785
716 717
716 786
717 718
717 786
717 787
718 786
718 787
719 720
719 788
719 789
720 721
720 788
720 789
720 790
721 789
721 790
721 791
722 723
722 791
722 792
722 793
723 724
723 792
723 793
723 794
724 725
724 793
724 794
724 795
725 726
725 794
725 795
725 796
726 727
726 795
726 796
726 797
727 728
727 796
727 797
728 729
728 797
728 798
729 798
729 799
730 799
730 800
731 732
731 800
731 801
732 733
732 801
732 802
733 802
733 803
734 803
734 804
735 736
735 805
735 806
736 737
736 805
736 806
737 806
738 739
738 807
739 740
739 807
739 808
740 807
740 808
740 809
741 742
741 809
741 810
742 810
743 811
743 812
744 745
744 813
744 814
745 746
745 813
745 814
745 815
746 747
746 814
746 815
746 816
747 748
747 815
747 816
747 817
748 749
748 816
748 817
748 818
749 817
749 818
749 819
750 751
750 820
750 821
750 822
751 752
751 821
751 822
751 823
752 753
752 822
752 823
752 824
753 754
753 823
753 824
753 825
754 755
754 824
754 825
754 826
755 756
755 825
755 826
755 827
756 757
756 826
756 827
756 828
757 758
757 827
757 828
757 829
758 759
758 828
758 829
759 760
759 829
760 761
760 830
761 762
761 830
762 763
762 830
762 831
763 764
763 831
763 832
764 765
764 831
764 832
764 833
765 766
765 832
765 833
765 834
766 767
766 833
766 834
766 835
767 834
767 835
767 836
768 769
768 837
768 838
769 838
770 771
770 839
771 772
771 839
772 773
772 839
772 840
773 840
773 841
774 775
774 841
774 842
775 842
775 843
776 777
776 843
777 778
777 844
778 779
778 844
778 845
779 780
779 844
779 845
780 781
780 845
780 846
781 846
782 783
782 847
782 848
783 784
783 847
783 848
783 849
784 785
784 848
784 849
784 850
785 849
785 850
785 851
786 787
786 852
786 853
787 853
788 789
788 854
788 855
789 790
789 854
789 855
789 856
790 791
790 855
790 856
790 857
791 792
791 856
791 857
791 858
792 793
792 857
792 858
793 794
793 858
793 859
794 795
794 859
794 860
795 796
795 859
795 860
795 861
796 797
796 860
796 861
796 862
797 861
797 862
797 863
798 799
798 863
799 864
800 801
800 864
801 865
802 803
802 865
802 866
803 804
803 866
803 867
804 866
804 867
805 806
805 868
805 869
806 868
806 869
806 870
807 808
807 872
807 873
808 809
808 873
808 874
809 810
809 874
809 875
810 874
810 875
810 876
811 812
811 878
811 879
812 879
812 880
813 814
813 880
813 881
813 882
814 815
814 881
814 882
814 883
815 816
815 882
815 883
815 884
816 817
816 883
816 884
817 818
817 884
817 885
818 819
818 885
818 886
819 820
819 885
819 886
819 887
820 821
820 886
820 887
820 888
821 822
821 887
821 888
821 889
822 823
822 888
822 889
822 890
823 824
823 889
823 890
823 891
824 825
824 890
824 891
824 892
825 826
825 891
825 892
825 893
826 827
826 892
826 893
827 828
827 893
827 894
828 829
828 894
828 895
829 894
829 895
830 896
831 832
831 897
831 898
832 833
832 897
832 898
833 834
833 898
833 899
834 835
834 899
834 900
835 836
835 899
835 900
835 901
836 837
836 900
836 901
836 902
837 901
837 902
837 903
838 903
838 904
838 905
839 906
839 907
840 841
840 907
840 908
841 842
841 908
842 908
842 909
843 909
843 910
844 845
844 911
844 912
845 912
845 913
846 913
846 914
846 915
847 848
847 915
847 916
848 849
848 916
848 917
849 850
849 917
849 918
850 851
850 917
850 918
850 919
851 852
851 918
851 919
851 920
852 853
852 919
852 920
852 921
853 920
853 921
854 855
854 922
854 923
854 924
855 856
855 923
855 924
856 857
856 924
856 925
857 858
857 925
857 926
858 925
858 926
858 927
859 860
859 927
860 861
860 928
861 862
861 928
862 863
862 928
862 929
863 929
863 930
864 931
864 932
864 933
865 934
865 935
865 936
866 867
866 936
866 937
867 937
868 869
868 938
868 939
869 870
869 938
869 939
869 940
870 871
870 939
870 940
870 941
871 872
871 940
871 941
872 873
872 941
873 942
874 875
874 942
874 943
874 944
875 876
875 943
875 944
876 877
876 944
876 945
877 878
877 945
877 946
878 945
878 946
878 947
879 880
879 947
879 948
880 881
880 948
881 882
881 948
881 949
882 883
882 949
882 950
883 884
883 949
883 950
883 951
884 950
884 951
884 952
885 886
885 952
885 953
886 887
886 953
886 954
887 888
887 954
887 955
888 889
888 954
888 955
888 956
889 890
889 955
889 956
890 891
890 956
890 957
891 892
891 957
891 958
892 893
892 957
892 958
892 959
893 958
893 959
893 960
894 895
894 960
894 961
894 962
895 961
895 962
895 963
896 963
896 964
896 965
897 898
897 966
897 967
897 968
898 967
898 968
898 969
899 900
899 969
899 970
900 901
900 970
901 902
901 970
901 971
902 903
902 971
902 972
903 904
903 971
903 972
903 973
904 905
904 972
904 973
904 974
905 906
905 973
905 974
905 975
906 974
906 975
906 976
907 976
907 977
908 977
908 978
909 910
909 978
909 979
909 980
910 979
910 980
910 981
911 981
911 982
912 913
912 982
912 983
912 984
913 914
913 983
913 984
914 915
914 984
914 985
915 916
915 985
915 986
916 985
916 986
916 987
917 918
917 987
917 988
918 919
918 988
918 989
919 920
919 988
919 989
919 990
920 921
920 989
920 990
920 991
921 990
921 991
922 923
922 992
923 924
923 992
923 993
924 993
924 994
925 926
925 994
925 995
925 996
926 927
926 995
926 996
926 997
927 996
927 997
928 998
929 930
929 999
929 1000
930 931
930 999
930 1000
930 1001
931 932
931 1000
931 1001
932 933
932 1001
933 934
933 1002
934 935
934 1002
935 936
935 1002
936 1003
937 1003
937 1004
938 939
938 1005
939 940
939 1005
940 941
940 1006
941 1006
941 1007
942 943
942 1008
942 1009
942 1010
943 944
943 1009
943 1010
943 1011
944 1010
944 1011
944 1012
945 946
945 1012
945 1013
945 1014
946 947
946 1013
946 1014
946 1015
947 1014
947 1015
947 1016
948 1016
948 1017
948 1018
949 950
949 1018
950 951
950 1019
951 952
951 1019
951 1020
952 953
952 1019
952 1020
953 1020
953 1021
954 955
954 1021
954 1022
955 956
955 1022
956 1022
956 1023
957 958
957 1023
957 1024
957 1025
958 959
958 1024
958 1025
958 1026
959 960
959 1025
959 1026
959 1027
960 961
960 1026
960 1027
960 1028
961 962
961 1027
961 1028
961 1029
962 963
962 1028
962 1029
962 1030
963 964
963 1029
963 1030
963 1031
964 965
964 1030
964 1031
964 1032
965 966
965 1031
965 1032
965 1033
966 967
966 1032
966 1033
966 1034
967 968
967 1033
967 1034
967 1035
968 969
968 1034
968 1035
969 1035
969 1036
970 1036
970 1037
971 972
971 1038
971 1039
972 973
972 1038
972 1039
972 1040
973 974
973 1039
973 1040
973 1041
974 975
974 1040
974 1041
974 1042
975 976
975 1041
975 1042
975 1043
976 1042
976 1043
976 1044
977 1044
977 1045
977 1046
978 979
978 1046
978 1047
978 1048
979 980
979 1047
979 1048
979 1049
980 981
980 1048
980 1049
980 1050
981 1049
981 1050
982 983
982 1051
982 1052
983 984
983 1051
983 1052
984 1052
984 1053
985 986
985 1053
985 1054
986 987
986 1054
987 1054
988 989
988 1055
988 1056
989 990
989 1055
989 1056
989 1057
990 991
990 1056
990 1057
990 1058
991 1057
991 1058
992 1059
992 1060
993 994
993 1060
993 1061
993 1062
994 995
994 1061
994 1062
995 996
995 1062
995 1063
996 997
996 1063
996 1064
997 1063
997 1064
998 1065
998 1066
998 1067
999 1000
999 1067
999 1068
1000 1001
1000 1068
1000 1069
1001 1069
1001 1070
1002 1071
1002 1072
1002 1073
1003 1004
1003 1074
1003 1075
1003 1076
1004 1075
1004 1076
1005 1077
1005 1078
1006 1007
1006 1079
1006 1080
1006 1081
1007 1008
1007 1080
1007 1081
1007 1082
1008 1009
1008 1081
1008 1082
1008 1083
1009 1010
1009 1082
1009 1083
1009 1084
1010 1011
1010 1083
1010 1084
1010 1085
1011 1012
1011 1084
1011 1085
1011 1086
1012 1013
1012 1085
1012 1086
1012 1087
1013 1014
1013 1086
1013 1087
1013 1088
1014 1015
1014 1087
1014 1088
1014 1089
1015 1016
1015 1088
1015 1089
1015 1090
1016 1017
1016 1089
1016 1090
1016 1091
1017 1018
1017 1090
1017 1091
1017 1092
1018 1091
1018 1092
1018 1093
1019 1020
1019 1094
1020 1095
1021 1095
1021 1096
1022 1096
1022 1097
1022 1098
1023 1024
1023 1098
1023 1099
1024 1025
1024 1099
1024 1100
1025 1026
1025 1099
1025 1100
1026 1027
1026 1100
1026 1101
1027 1028
1027 1101
1027 1102
1028 1029
1028 1101
1028 1102
1028 1103
1029 1030
1029 1102
1029 1103
1030 1031
1030 1103
1030 1104
1031 1032
1031 1104
1032 1033
1032 1104
1032 1105
1033 1034
1033 1105
1034 1035
1034 1105
1034 1106
1035 1106
1036 1037
1036 1107
1036 1108
1037 1107
1037 1108
1037 1109
1038 1039
1038 1109
1038 1110
1038 1111
1039 1040
1039 1110
1039 1111
1039 1112
1040 1041
1040 1111
1040 1112
1040 1113
1041 1042
1041 1112
1041 1113
1041 1114
1042 1043
1042 1113
1042 1114
1043 1044
1043 1114
1043 1115
1044 1045
1044 1115
1044 1116
1045 1046
1045 1115
1045 1116
1045 1117
1046 1047
1046 1116
1046 1117
1046 1118
1047 1048
1047 1117
1047 1118
1047 1119
1048 1049
1048 1118
1048 1119
1049 1050
1049 1119
1051 1052
1051 1120
1051 1121
1052 1120
1052 1121
1052 1122
1053 1122
1053 1123
1053 1124
1054 1124
1054 1125
1054 1126
1055 1056
1055 1127
1055 1128
1055 1129
1056 1057
1056 1128
1056 1129
1056 1130
1057 1058
1057 1129
1057 1130
1057 1131
1058 1130
1058 1131
1058 1132
1059 1060
1059 1132
1059 1133
1059 1134
1060 1061
1060 1133
1060 1134
1060 1135
1061 1062
1061 1134
1061 1135
1061 1136
1062 1135
1062 1136
1062 1137
1063 1064
1063 1137
1063 1138
1063 1139
1064 1138
1064 1139
1064 1140
1065 1066
1065 1140
1065 1141
1066 1067
1066 1141
1066 1142
1067 1068
1067 1142
1067 1143
1068 1142
1068 1143
1068 1144
1069 1070
1069 1144
1069 1145
1069 1146
1070 1071
1070 1145
1070 1146
1070 1147
1071 1072
1071 1146
1071 1147
1071 1148
1072 1073
1072 1147
1072 1148
1073 1074
1073 1148
1073 1149
1074 1075
1074 1149
1074 1150
1075 1076
1075 1149
1075 1150
1075 1151
1076 1150
1076 1151
1077 1078
1077 1152
1077 1153
1078 1079
1078 1152
1078 1153
1079 1080
1079 1153
1079 1154
1080 1081
1080 1154
1080 1155
1081 1082
1081 1154
1081 1155
1081 1156
1082 1083
1082 1155
1082 1156
1082 1157
1083 1084
1083 1156
1083 1157
1084 1085
1084 1157
1084 1158
1085 1086
1085 1158
1086 1087
1086 1158
1086 1159
1087 1088
1087 1159
1087 1160
1088 1089
1088 1159
1088 1160
1089 1090
1089 1160
1090 1091
1090 1161
1091 1092
1091 1161
1091 1162
1092 1093
1092 1161
1092 1162
1092 1163
1093 1094
1093 1162
1093 1163
1094 1163
1094 1164
1095 1165
1095 1166
1095 1167
1096 1097
1096 1167
1096 1168
1096 1169
1097 1098
1097 1168
1097 1169
1097 1170
1098 1169
1098 1170
1098 1171
1099 1100
1099 1171
1099 1172
1099 1173
1100 1172
1100 1173
1101 1102
1101 1174
1102 1103
1102 1174
1103 1174
1104 1175
1104 1176
1105 1176
1105 1177
1105 1178
1106 1178
1106 1179
1106 1180
1107 1108
1107 1180
1107 1181
1107 1182
1108 1109
1108 1181
1108 1182
1109 1110
1109 1182
1109 1183
1110 1111
1110 1183
1111 1112
1111 1183
1111 1184
1112 1113
1112 1184
1112 1185
1113 1114
1113 1184
1113 1185
1113 1186
1114 1185
1114 1186
1114 1187
1115 1116
1115 1187
1115 1188
1116 1117
1116 1188
1116 1189
1117 1118
1117 1188
1117 1189
1117 1190
1118 1119
1118 1189
1118 1190
1118 1191
1119 1190
1119 1191
1120 1121
1120 1193
1120 1194
1121 1122
1121 1193
1121 1194
1121 1195
1122 1123
1122 1194
1122 1195
1122 1196
1123 1124
1123 1195
1123 1196
1123 1197
1124 1125
1124 1196
1124 1197
1124 1198
1125 1126
1125 1197
1125 1198
1125 1199
1126 1127
1126 1198
1126 1199
1127 1128
1127 1199
1127 1200
1128 1129
1128 1200
1128 1201
1129 1130
1129 1200
1129 1201
1129 1202
1130 1131
1130 1201
1130 1202
1130 1203
1131 1132
1131 1202
1131 1203
1131 1204
1132 1133
1132 1203
1132 1204
1132 1205
1133 1134
1133 1204
1133 1205
1133 1206
1134 1135
1134 1205
1134 1206
1134 1207
1135 1136
1135 1206
1135 1207
1135 1208
1136 1137
1136 1207
1136 1208
1136 1209
1137 1138
1137 1208
1137 1209
1137 1210
1138 1139
1138 1209
1138 1210
1139 1140
1139 1210
1139 1211
1140 1141
1140 1211
1140 1212
1141 1211
1141 1212
1141 1213
1142 1143
1142 1213
1143 1144
1143 1214
1144 1145
1144 1214
1144 1215
1145 1146
1145 1214
1145 1215
1145 1216
1146 1147
1146 1215
1146 1216
1146 1217
1147 1148
1147 1216
1147 1217
1147 1218
1148 1217
1148 1218
1148 1219
1149 1150
1149 1219
1149 1220
1149 1221
1150 1151
1150 1220
1150 1221
1150 1222
1151 1221
1151 1222
1152 1153
1152 1223
1152 1224
1153 1223
1153 1224
1153 1225
1154 1155
1154 1225
1154 1226
1154 1227
1155 1156
1155 1226
1155 1227
1155 1228
1156 1157
1156 1227
1156 1228
1156 1229
1157 1228
1157 1229
1157 1230
1158 1230
1158 1231
1158 1232
1159 1160
1159 1232
1159 1233
1159 1234
1160 1233
1160 1234
1160 1235
1161 1162
1161 1236
1161 1237
1161 1238
1162 1163
1162 1237
1162 1238
1163 1238
1163 1239
1164 1165
1164 1239
1164 1240
1165 1166
1165 1240
1166 1167
1167 1168
1167 1241
1168 1169
1168 1241
1168 1242
1169 1170
1169 1241
1169 1242
1170 1171
1170 1242
1170 1243
1171 1172
1171 1243
1172 1173
1172 1243
1172 1244
1173 1244
1173 1245
1174 1246
1174 1247
1174 1248
1175 1176
1175 1249
1175 1250
1175 1251
1176 1177
1176 1250
1176 1251
1176 1252
1177 1178
1177 1251
1177 1252
1177 1253
1178 1179
1178 1252
1178 1253
1178 1254
1179 1180
1179 1253
1179 1254
1179 1255
1180 1181
1180 1254
1180 1255
1180 1256
1181 1182
1181 1255
1181 1256
1181 1257
1182 1256
1182 1257
1183 1258
1183 1259
1184 1185
1184 1259
1184 1260
1184 1261
1185 1186
1185 1260
1185 1261
1185 1262
1186 1187
1186 1261
1186 1262
1186 1263
1187 1262
1187 1263
1187 1264
1188 1189
1188 1264
1188 1265
1188 1266
1189 1190
1189 1265
1189 1266
1189 1267
1190 1191
1190 1266
1190 1267
1190 1268
1191 1267
1191 1268
1191 1269
1192 1269
1192 1270
1192 1271
1193 1194
1193 1271
1193 1272
1194 1195
1194 1272
1194 1273
1195 1196
1195 1272
1195 1273
1195 1274
1196 1197
1196 1273
1196 1274
1196 1275
1197 1198
1197 1274
1197 1275
1198 1199
1198 1275
1198 1276
1199 1276
1200 1201
1200 1277
1201 1202
1201 1277
1201 1278
1202 1203
1202 1277
1202 1278
1202 1279
1203 1204
1203 1278
1203 1279
1204 1205
1204 1279
1204 1280
1205 1206
1205 1280
1205 1281
1206 1207
1206 1280
1206 1281
1206 1282
1207 1208
1207 1281
1207 1282
1207 1283
1208 1209
1208 1282
1208 1283
1208 1284
1209 1210
1209 1283
1209 1284
1209 1285
1210 1284
1210 1285
1210 1286
1211 1212
1211 1286
1211 1287
1212 1213
1212 1287
1212 1288
1213 1288
1213 1289
1214 1215
1214 1290
1214 1291
1214 1292
1215 1216
1215 1291
1215 1292
1215 1293
1216 1217
1216 1292
1216 1293
1216 1294
1217 1218
1217 1293
1217 1294
1217 1295
1218 1219
1218 1294
1218 1295
1218 1296
1219 1220
1219 1295
1219 1296
1219 1297
1220 1221
1220 1296
1220 1297
1220 1298
1221 1222
1221 1297
1221 1298
1221 1299
1222 1298
1222 1299
1223 1224
1223 1300
1223 1301
1224 1225
1224 1300
1224 1301
1224 1302
1225 1226
1225 1301
1225 1302
1226 1227
1226 1302
1226 1303
1227 1228
1227 1303
1228 1229
1228 1303
1229 1230
1229 1304
1230 1231
1230 1304
1230 1305
1231 1232
1231 1304
1231 1305
1231 1306
1232 1233
1232 1305
1232 1306
1232 1307
1233 1234
1233 1306
1233 1307
1233 1308
1234 1235
1234 1307
1234 1308
1234 1309
1235 1236
1235 1308
1235 1309
1236 1237
1236 1309
1236 1310
1237 1238
1237 1310
1237 1311
1238 1310
1238 1311
1238 1312
1239 1240
1239 1312
1239 1313
1240 1313
1240 1314
1241 1242
1241 1315
1241 1316
1242 1316
1242 1317
1243 1317
1243 1318
1244 1245
1244 1318
1244 1319
1245 1246
1245 1319
1245 1320
1246 1247
1246 1319
1246 1320
1246 1321
1247 1248
1247 1320
1247 1321
1248 1249
1248 1321
1248 1322
1249 1250
1249 1322
1249 1323
1250 1251
1250 1322
1250 1323
1250 1324
1251 1252
1251 1323
1251 1324
1251 1325
1252 1253
1252 1324
1252 1325
1252 1326
1253 1254
1253 1325
1253 1326
1254 1255
1254 1326
1254 1327
1255 1256
1255 1327
1255 1328
1256 1257
1256 1327
1256 1328
1256 1329
1257 1328
1257 1329
1258 1259
1258 1330
1259 1260
1259 1330
1259 1331
1260 1261
1260 1331
1261 1262
1261 1331
1261 1332
1262 1263
1262 1332
1262 1333
1263 1264
1263 1332
1263 1333
1263 1334
1264 1265
1264 1333
1264 1334
1264 1335
1265 1266
1265 1334
1265 1335
1265 1336
1266 1267
1266 1335
1266 1336
1267 1268
1267 1336
1267 1337
1268 1269
1268 1337
1268 1338
1269 1270
1269 1337
1269 1338
1269 1339
1270 1271
1270 1338
1270 1339
1270 1340
1271 1339
1271 1340
1271 1341
1272 1273
1272 1341
1272 1342
1273 1274
1273 1342
1273 1343
1274 1275
1274 1342
1274 1343
1274 1344
1275 1343
1275 1344
1275 1345
1276 1345
1276 1346
1276 1347
1277 1278
1277 1348
1277 1349
1278 1279
1278 1349
1278 1350
1279 1349
1279 1350
1280 1281
1280 1351
1280 1352
1281 1282
1281 1351
1281 1352
1281 1353
1282 1283
1282 1352
1282 1353
1283 1284
1283 1353
1283 1354
1284 1285
1284 1354
1284 1355
1285 1286
1285 1354
1285 1355
1285 1356
1286 1287
1286 1355
1286 1356
1286 1357
1287 1356
1287 1357
1287 1358
1288 1289
1288 1358
1288 1359
1288 1360
1289 1290
1289 1359
1289 1360
1290 1291
1290 1360
1291 1292
1291 1361
1292 1293
1292 1361
1292 1362
1293 1294
1293 1361
1293 1362
1293 1363
1294 1295
1294 1362
1294 1363
1294 1364
1295 1296
1295 1363
1295 1364
1295 1365
1296 1297
1296 1364
1296 1365
1296 1366
1297 1298
1297 1365
1297 1366
1297 1367
1298 1299
1298 1366
1298 1367
1298 1368
1299 1367
1299 1368
1300 1301
1300 1369
1300 1370
1301 1302
1301 1369
1301 1370
1301 1371
1302 1370
1302 1371
1303 1372
1303 1373
1304 1305
1304 1374
1304 1375
1305 1306
1305 1375
1305 1376
1306 1307
1306 1376
1306 1377
1307 1308
1307 1376
1307 1377
1307 1378
1308 1309
1308 1377
1308 1378
1308 1379
1309 1378
1309 1379
1309 1380
1310 1311
1310 1380
1310 1381
1310 1382
1311 1312
1311 1381
1311 1382
1311 1383
1312 1313
1312 1382
1312 1383
1312 1384
1313 1383
1313 1384
1313 1385
1314 1385
1314 1386
1315 1316
1315 1387
1315 1388
1316 1387
1316 1388
1316 1389
1317 1389
1317 1390
1318 1390
1318 1391
1318 1392
1319 1320
1319 1392
1319 1393
1319 1394
1320 1321
1320 1393
1320 1394
1320 1395
1321 1394
1321 1395
1321 1396
1322 1323
1322 1396
1322 1397
1322 1398
1323 1324
1323 1397
1323 1398
1323 1399
1324 1325
1324 1398
1324 1399
1324 1400
1325 1326
1325 1399
1325 1400
1325 1401
1326 1400
1326 1401
1326 1402
1327 1328
1327 1402
1327 1403
1327 1404
1328 1329
1328 1403
1328 1404
1329 1404
1329 1405
1330 1405
1330 1406
1331 1406
1331 1407
1332 1333
1332 1407
1332 1408
1332 1409
1333 1334
1333 1408
1333 1409
1333 1410
1334 1335
1334 1409
1334 1410
1334 1411
1335 1336
1335 1410
1335 1411
1335 1412
1336 1411
1336 1412
1337 1338
1337 1413
1337 1414
1338 1339
1338 1413
1338 1414
1338 1415
1339 1340
1339 1414
1339 1415
1339 1416
1340 1341
1340 1415
1340 1416
1340 1417
1341 1416
1341 1417
1341 1418
1342 1343
1342 1418
1342 1419
1343 1344
1343 1419
1343 1420
1344 1345
1344 1419
1344 1420
1344 1421
1345 1346
1345 1420
1345 1421
1346 1347
1346 1421
1346 1422
1347 1348
1347 1422
1347 1423
1348 1422
1348 1423
1348 1424
1349 1350
1349 1424
1349 1425
1349 1426
1350 1425
1350 1426
1350 1427
1351 1352
1351 1427
1351 1428
1351 1429
1352 1353
1352 1428
1352 1429
1352 1430
1353 1429
1353 1430
1353 1431
1354 1355
1354 1431
1354 1432
1354 1433
1355 1356
1355 1432
1355 1433
1356 1357
1356 1433
1356 1434
1357 1358
1357 1434
1357 1435
1358 1359
1358 1434
1358 1435
1358 1436
1359 1360
1359 1435
1359 1436
1359 1437
1360 1436
1360 1437
1360 1438
1361 1362
1361 1439
1361 1440
1361 1441
1362 1363
1362 1440
1362 1441
1363 1364
1363 1441
1363 1442
1364 1365
1364 1442
1364 1443
1365 1366
1365 1442
1365 1443
1365 1444
1366 1367
1366 1443
1366 1444
1366 1445
1367 1368
1367 1444
1367 1445
1367 1446
1368 1445
1368 1446
1369 1370
1369 1447
1370 1371
1370 1447
1370 1448
1371 1448
1371 1449
1372 1373
1372 1449
1372 1450
1372 1451
1373 1374
1373 1450
1373 1451
1373 1452
1374 1375
1374 1451
1374 1452
1374 1453
1375 1452
1375 1453
1375 1454
1376 1377
1376 1454
1376 1455
1376 1456
1377 1378
1377 1455
1377 1456
1378 1379
1378 1456
1379 1380
1379 1457
1380 1381
1380 1457
1380 1458
1381 1382
1381 1457
1381 1458
1381 1459
1382 1383
1382 1458
1382 1459
1382 1460
1383 1384
1383 1459
1383 1460
1383 1461
1384 1385
1384 1460
1384 1461
1384 1462
1385 1386
1385 1461
1385 1462
1386 1462
1386 1463
1387 1388
1387 1463
1387 1464
1387 1465
1388 1389
1388 1464
1388 1465
1388 1466
1389 1465
1389 1466
1389 1467
1390 1391
1390 1467
1390 1468
1390 1469
1391 1392
1391 1468
1391 1469
1392 1393
1392 1469
1392 1470
1393 1394
1393 1470
1393 1471
1394 1395
1394 1470
1394 1471
1394 1472
1395 1396
1395 1471
1395 1472
1395 1473
1396 1397
1396 1472
1396 1473
1396 1474
1397 1398
1397 1473
1397 1474
1397 1475
1398 1399
1398 1474
1398 1475
1398 1476
1399 1400
1399 1475
1399 1476
1399 1477
1400 1401
1400 1476
1400 1477
1400 1478
1401 1402
1401 1477
1401 1478
1402 1403
1402 1478
1402 1479
1403 1404
1403 1479
1403 1480
1404 1479
1404 1480
1404 1481
1405 1481
1405 1482
1406 1482
1406 1483
1407 1408
1407 1484
1407 1485
1408 1409
1408 1484
1408 1485
1408 1486
1409 1410
1409 1485
1409 1486
1410 1411
1410 1486
1410 1487
1411 1412
1411 1487
1411 1488
1412 1487
1412 1488
1412 1489
1413 1414
1413 1489
1413 1490
1413 1491
1414 1415
1414 1490
1414 1491
1414 1492
1415 1416
1415 1491
1415 1492
1415 1493
1416 1417
1416 1492
1416 1493
1416 1494
1417 1418
1417 1493
1417 1494
1417 1495
1418 1494
1418 1495
1418 1496
1419 1420
1419 1496
1419 1497
1420 1421
1420 1497
1420 1498
1421 1497
1421 1498
1421 1499
1422 1423
1422 1499
1422 1500
1423 1424
1423 1500
1423 1501
1424 1425
1424 1501
1424 1502
1425 1426
1425 1501
1425 1502
1426 1427
1426 1502
1426 1503
1427 1428
1427 1503
1427 1504
1428 1429
1428 1503
1428 1504
1428 1505
1429 1430
1429 1504
1429 1505
1430 1431
1430 1505
1430 1506
1431 1432
1431 1506
1431 1507
1432 1433
1432 1506
1432 1507
1432 1508
1433 1507
1433 1508
1434 1435
1434 1509
1434 1510
1435 1436
1435 1509
1435 1510
1436 1437
1436 1510
1436 1511
1437 1438
1437 1511
1437 1512
1438 1439
1438 1511
1438 1512
1439 1440
1439 1512
1439 1513
1440 1441
1440 1513
1440 1514
1441 1513
1441 1514
1441 1515
1442 1443
1442 1515
1442 1516
1443 1444
1443 1516
1444 1445
1444 1517
1445 1446
1445 1517
1445 1518
1446 1517
1446 1518
1447 1519
1447 1520
1448 1449
1448 1520
1448 1521
1449 1450
1449 1521
1450 1451
1451 1452
1451 1522
1452 1453
1452 1522
1452 1523
1453 1454
1453 1522
1453 1523
1453 1524
1454 1455
1454 1523
1454 1524
1454 1525
1455 1456
1455 1524
1455 1525
1456 1525
1456 1526
1457 1458
1457 1527
1457 1528
1458 1459
1458 1528
1458 1529
1459 1460
1459 1528
1459 1529
1460 1461
1460 1529
1460 1530
1461 1462
1461 1530
1462 1530
1462 1531
1463 1464
1463 1531
1463 1532
1463 1533
1464 1465
1464 1532
1464 1533
1464 1534
1465 1466
1465 1533
1465 1534
1465 1535
1466 1467
1466 1534
1466 1535
1466 1536
1467 1468
1467 1535
1467 1536
1468 1469
1468 1536
1468 1537
1469 1537
1469 1538
1470 1471
1470 1538
1470 1539
1471 1472
1471 1539
1471 1540
1472 1473
1472 1540
1472 1541
1473 1474
1473 1540
1473 1541
1473 1542
1474 1475
1474 1541
1474 1542
1474 1543
1475 1476
1475 1542
1475 1543
1475 1544
1476 1477
1476 1543
1476 1544
1476 1545
1477 1478
1477 1544
1477 1545
1477 1546
1478 1545
1478 1546
1478 1547
1479 1480
1479 1547
1479 1548
1479 1549
1480 1481
1480 1548
1480 1549
1480 1550
1481 1549
1481 1550
1482 1483
1482 1551
1482 1552
1483 1551
1483 1552
1484 1485
1484 1553
1484 1554
1485 1486
1485 1553
1485 1554
1485 1555
1486 1554
1486 1555
1487 1488
1487 1556
1487 1557
1488 1489
1488 1556
1488 1557
1488 1558
1489 1490
1489 1557
1489 1558
1490 1491
1490 1558
1490 1559
1491 1492
1491 1559
1491 1560
1492 1493
1492 1559
1492 1560
1492 1561
1493 1494
1493 1560
1493 1561
1493 1562
1494 1495
1494 1561
1494 1562
1494 1563
1495 1496
1495 1562
1495 1563
1495 1564
1496 1563
1496 1564
1497 1498
1497 1565
1497 1566
1498 1499
1498 1565
1498 1566
1498 1567
1499 1500
1499 1566
1499 1567
1499 1568
1500 1567
1500 1568
1501 1502
1501 1569
1501 1570
1502 1569
1502 1570
1503 1504
1503 1571
1503 1572
1504 1505
1504 1571
1504 1572
1504 1573
1505 1572
1505 1573
1505 1574
1506 1507
1506 1574
1506 1575
1506 1576
1507 1508
1507 1575
1507 1576
1507 1577
1508 1576
1508 1577
1508 1578
1509 1510
1509 1578
1509 1579
1509 1580
1510 1579
1510 1580
1511 1512
1511 1581
1511 1582
1512 1581
1512 1582
1512 1583
1513 1514
1513 1583
1514 1515
1514 1584
1515 1516
1515 1584
1515 1585
1516 1584
1516 1585
1516 1586
1517 1518
1519 1520
1519 1587
1520 1521
1520 1587
1520 1588
1521 1587
1521 1588
1521 1589
1522 1523
1522 1590
1522 1591
1522 1592
1523 1524
1523 1591
1523 1592
1523 1593
1524 1525
1524 1592
1524 1593
1524 1594
1525 1593
1525 1594
1525 1595
1526 1527
1526 1595
1526 1596
1526 1597
1527 1596
1527 1597
1527 1598
1528 1529
1528 1598
1528 1599
1528 1600
1529 1599
1529 1600
1529 1601
1530 1601
1530 1602
1530 1603
1531 1532
1531 1603
1531 1604
1531 1605
1532 1533
1532 1604
1532 1605
1532 1606
1533 1534
1533 1605
1533 1606
1534 1535
1534 1606
1534 1607
1535 1536
1535 1607
1535 1608
1536 1607
1536 1608
1536 1609
1537 1538
1537 1609
1537 1610
1537 1611
1538 1539
1538 1610
1538 1611
1538 1612
1539 1611
1539 1612
1539 1613
1540 1541
1540 1613
1540 1614
1540 1615
1541 1542
1541 1614
1541 1615
1541 1616
1542 1543
1542 1615
1542 1616
1542 1617
1543 1544
1543 1616
1543 1617
1543 1618
1544 1545
1544 1617
1544 1618
1544 1619
1545 1546
1545 1618
1545 1619
1545 1620
1546 1547
1546 1619
1546 1620
1546 1621
1547 1548
1547 1620
1547 1621
1547 1622
1548 1549
1548 1621
1548 1622
1548 1623
1549 1550
1549 1622
1549 1623
1550 1623
1550 1624
1551 1552
1551 1624
1551 1625
1551 1626
1552 1625
1552 1626
1552 1627
1553 1554
1553 1627
1553 1628
1554 1555
1554 1628
1554 1629
1555 1628
1555 1629
1556 1557
1556 1630
1556 1631
1557 1558
1557 1630
1557 1631
1557 1632
1558 1631
1558 1632
1559 1560
1559 1633
1560 1561
1560 1633
1560 1634
1561 1562
1561 1634
1562 1563
1562 1634
1562 1635
1563 1564
1563 1635
1563 1636
1564 1635
1564 1636
1564 1637
1565 1566
1565 1637
1565 1638
1566 1567
1566 1638
1566 1639
1567 1568
1567 1639
1567 1640
1568 1639
1568 1640
1568 1641
1569 1570
1569 1641
1569 1642
1569 1643
1570 1642
1570 1643
1570 1644
1571 1572
1571 1644
1571 1645
1571 1646
1572 1573
1572 1645
1572 1646
1573 1574
1573 1646
1573 1647
1574 1575
1574 1647
1575 1576
1575 1647
1575 1648
1576 1577
1576 1648
1577 1578
1577 1648
1577 1649
1578 1579
1578 1649
1578 1650
1579 1580
1579 1649
1579 1650
1579 1651
1580 1650
1580 1651
1580 1652
1581 1582
1581 1652
1581 1653
1582 1583
1582 1653
1582 1654
1583 1653
1583 1654
1583 1655
1584 1585
1584 1656
1585 1586
1585 1656
1585 1657
1586 1656
1586 1657
1587 1588
1587 1659
1587 1660
1587 1661
1588 1589
1588 1660
1588 1661
1588 1662
1589 1661
1589 1662
1589 1663
1590 1591
1590 1663
1590 1664
1591 1592
1591 1664
1591 1665
1592 1593
1592 1665
1593 1594
1593 1665
1593 1666
1594 1595
1594 1666
1594 1667
1595 1596
1595 1666
1595 1667
1595 1668
1596 1597
1596 1667
1596 1668
1596 1669
1597 1598
1597 1668
1597 1669
1597 1670
1598 1599
1598 1669
1598 1670
1599 1600
1599 1670
1599 1671
1600 1601
1600 1671
1600 1672
1601 1602
1601 1671
1601 1672
1601 1673
1602 1603
1602 1672
1602 1673
1602 1674
1603 1604
1603 1673
1603 1674
1603 1675
1604 1605
1604 1674
1604 1675
1604 1676
1605 1606
1605 1675
1605 1676
1605 1677
1606 1676
1606 1677
1606 1678
1607 1608
1607 1678
1607 1679
1607 1680
1608 1609
1608 1679
1608 1680
1609 1610
1609 1680
1609 1681
1610 1611
1610 1681
1610 1682
1611 1612
1611 1681
1611 1682
1612 1613
1612 1682
1612 1683
1613 1614
1613 1683
1613 1684
1614 1615
1614 1683
1614 1684
1615 1616
1615 1684
1616 1617
1616 1685
1617 1618
1617 1685
1617 1686
1618 1619
1618 1685
1618 1686
1619 1620
1619 1686
1620 1621
1620 1687
1621 1622
1621 1687
1621 1688
1622 1623
1622 1687
1622 1688
1622 1689
1623 1688
1623 1689
1623 1690
1624 1625
1624 1690
1624 1691
1625 1626
1625 1691
1625 1692
1626 1627
1626 1691
1626 1692
1627 1692
1627 1693
1628 1629
1628 1693
1628 1694
1629 1694
1629 1695
1630 1631
1630 1695
1630 1696
1630 1697
1631 1632
1631 1696
1631 1697
1631 1698
1632 1697
1632 1698
1632 1699
1633 1699
1633 1700
1634 1701
1635 1636
1636 1637
1636 1702
1637 1638
1637 1702
1638 1702
1638 1703
1639 1640
1639 1703
1639 1704
1640 1641
1640 1704
1641 1642
1641 1704
1642 1643
1642 1705
1643 1644
1643 1705
1643 1706
1644 1645
1644 1705
1644 1706
1644 1707
1645 1646
1645 1706
1645 1707
1645 1708
1646 1707
1646 1708
1646 1709
1647 1709
1647 1710
1648 1710
1648 1711
1649 1650
1649 1712
1649 1713
1650 1651
1650 1712
1650 1713
1651 1652
1651 1713
1651 1714
1652 1714
1652 1715
1653 1654
1653 1715
1653 1716
1653 1717
1654 1655
1654 1716
1654 1717
1654 1718
1655 1717
1655 1718
1655 1719
1656 1657
1656 1720
1656 1721
1656 1722
1657 1721
1657 1722
1657 1723
1658 1724
1658 1725
1659 1660
1659 1726
1659 1727
1660 1661
1660 1726
1660 1727
1660 1728
1661 1662
1661 1727
1661 1728
1661 1729
1662 1663
1662 1728
1662 1729
1662 1730
1663 1664
1663 1729
1663 1730
1664 1730
1664 1731
1665 1731
1665 1732
1665 1733
1666 1667
1666 1733
1666 1734
1666 1735
1667 1668
1667 1734
1667 1735
1667 1736
1668 1669
1668 1735
1668 1736
1668 1737
1669 1670
1669 1736
1669 1737
1669 1738
1670 1737
1670 1738
1670 1739
1671 1672
1671 1739
1671 1740
1672 1673
1672 1740
1672 1741
1673 1674
1673 1740
1673 1741
1673 1742
1674 1675
1674 1741
1674 1742
1674 1743
1675 1676
1675 1742
1675 1743
1675 1744
1676 1677
1676 1743
1676 1744
1677 1678
1677 1744
1678 1679
1678 1745
1679 1680
1679 1745
1679 1746
1680 1745
1680 1746
1680 1747
1681 1682
1681 1747
1681 1748
1681 1749
1682 1748
1682 1749
1682 1750
1683 1684
1683 1750
1683 1751
1683 1752
1684 1751
1684 1752
1684 1753
1685 1686
1685 1754
1685 1755
1685 1756
1686 1755
1686 1756
1686 1757
1687 1688
1687 1758
1687 1759
1687 1760
1688 1689
1688 1759
1688 1760
1688 1761
1689 1690
1689 1760
1689 1761
1689 1762
1690 1761
1690 1762
1691 1692
1691 1763
1691 1764
1692 1763
1692 1764
1692 1765
1693 1765
1693 1766
1693 1767
1694 1695
1694 1767
1694 1768
1694 1769
1695 1696
1695 1768
1695 1769
1695 1770
1696 1697
1696 1769
1696 1770
1696 1771
1697 1698
1697 1770
1697 1771
1697 1772
1698 1699
1698 1771
1698 1772
1698 1773
1699 1700
1699 1772
1699 1773
1699 1774
1700 1773
1700 1774
1700 1775
1701 1775
1701 1776
1701 1777
1702 1779
1702 1780
1702 1781
1703 1781
1703 1782
1703 1783
1704 1783
1704 1784
1704 1785
1705 1706
1705 1786
1705 1787
1705 1788
1706 1707
1706 1787
1706 1788
1707 1708
1707 1788
1708 1709
1708 1789
1709 1789
1709 1790
1710 1711
1710 1790
1710 1791
1710 1792
1711 1791
1711 1792
1711 1793
1712 1713
1712 1793
1712 1794
1713 1794
1713 1795
1714 1715
1714 1795
1714 1796
1715 1716
1715 1796
1716 1717
1716 1797
1717 1718
1717 1797
1717 1798
1718 1719
1718 1797
1718 1798
1718 1799
1719 1720
1719 1798
1719 1799
1719 1800
1720 1721
1720 1799
1720 1800
1720 1801
1721 1722
1721 1800
1721 1801
1722 1723
1722 1801
1722 1802
1723 1724
1723 1802
1723 1803
1724 1725
1724 1802
1724 1803
1724 1804
1725 1803
1725 1804
1726 1727
1726 1805
1726 1806
1727 1728
1727 1805
1727 1806
1727 1807
1728 1729
1728 1806
1728 1807
1729 1730
1729 1807
1729 1808
1730 1808
1730 1809
1731 1732
1731 1809
1731 1810
1731 1811
1732 1733
1732 1810
1732 1811
1732 1812
1733 1734
1733 1811
1733 1812
1733 1813
1734 1735
1734 1812
1734 1813
1734 1814
1735 1736
1735 1813
1735 1814
1735 1815
1736 1737
1736 1814
1736 1815
1737 1738
1737 1815
1738 1739
1738 1816
1739 1816
1740 1741
1740 1817
1741 1742
1741 1817
1741 1818
1742 1743
1742 1817
1742 1818
1743 1744
1743 1818
1743 1819
1744 1819
1744 1820
1745 1746
1745 1821
1745 1822
1746 1747
1746 1822
1746 1823
1747 1748
1747 1823
1747 1824
1748 1749
1748 1823
1748 1824
1749 1750
1749 1824
1749 1825
1750 1751
1750 1825
1751 1752
1751 1825
1751 1826
1752 1753
1752 1826
1752 1827
1753 1754
1753 1826
1753 1827
1754 1755
1754 1827
1754 1828
1755 1756
1755 1828
1755 1829
1756 1757
1756 1828
1756 1829
1757 1758
1757 1829
1758 1759
1759 1760
1759 1830
1760 1761
1760 1830
1760 1831
1761 1762
1761 1830
1761 1831
1761 1832
1762 1831
1762 1832
1763 1764
1763 1833
1763 1834
1764 1765
1764 1833
1764 1834
1765 1766
1765 1834
1765 1835
1766 1767
1766 1835
1766 1836
1767 1768
1767 1835
1767 1836
1767 1837
1768 1769
1768 1836
1768 1837
1768 1838
1769 1770
1769 1837
1769 1838
1770 1771
1770 1838
1770 1839
1771 1772
1771 1839
1772 1773
1772 1839
1772 1840
1773 1774
1773 1840
1774 1775
1774 1840
1774 1841
1775 1776
1775 1841
1775 1842
1776 1777
1776 1841
1776 1842
1776 1843
1777 1778
1777 1842
1777 1843
1777 1844
1778 1779
1778 1843
1778 1844
1779 1780
1779 1844
1779 1845
1780 1781
1780 1845
1781 1782
1781 1845
1781 1846
1782 1783
1782 1846
1782 1847
1783 1784
1783 1846
1783 1847
1783 1848
1784 1785
1784 1847
1784 1848
1784 1849
1785 1786
1785 1848
1785 1849
1786 1787
1786 1849
1786 1850
1787 1788
1787 1850
1788 1850
1788 1851
1789 1790
1789 1852
1789 1853
1790 1791
1790 1853
1790 1854
1791 1792
1791 1854
1791 1855
1792 1793
1792 1854
1792 1855
1792 1856
1793 1855
1793 1856
1793 1857
1794 1795
1794 1857
1794 1858
1795 1796
1795 1858
1795 1859
1796 1858
1796 1859
1796 1860
1797 1798
1797 1861
1797 1862
1797 1863
1798 1799
1798 1862
1798 1863
1798 1864
1799 1800
1799 1863
1799 1864
1800 1801
1800 1864
1800 1865
1801 1865
1801 1866
1802 1803
1802 1866
1802 1867
1802 1868
1803 1804
1803 1867
1803 1868
1803 1869
1804 1868
1804 1869
1805 1806
1805 1870
1805 1871
1806 1807
1806 1870
1806 1871
1806 1872
1807 1871
1807 1872
1807 1873
1808 1809
1808 1873
1808 1874
1809 1810
1809 1874
1809 1875
1810 1811
1810 1874
1810 1875
1810 1876
1811 1812
1811 1875
1811 1876
1811 1877
1812 1813
1812 1876
1812 1877
1812 1878
1813 1814
1813 1877
1813 1878
1813 1879
1814 1815
1814 1878
1814 1879
1814 1880
1815 1879
1815 1880
1816 1881
1816 1882
1816 1883
1817 1818
1817 1884
1817 1885
1818 1884
1818 1885
1818 1886
1819 1820
1819 1886
1819 1887
1820 1821
1820 1887
1821 1822
1821 1887
1821 1888
1822 1888
1822 1889
1823 1824
1823 1889
1823 1890
1823 1891
1824 1890
1824 1891
1825 1892
1825 1893
1826 1827
1826 1893
1826 1894
1827 1894
1827 1895
1828 1829
1828 1895
1828 1896
1829 1896
1829 1897
1830 1831
1830 1899
1830 1900
1831 1832
1831 1900
1831 1901
1832 1901
1832 1902
1833 1834
1833 1902
1833 1903
1833 1904
1834 1903
1834 1904
1834 1905
1835 1836
1835 1905
1835 1906
1836 1837
1836 1906
1837 1838
1837 1906
1837 1907
1838 1907
1839 1908
1839 1909
1840 1909
1840 1910
1841 1842
1841 1910
1841 1911
1842 1843
1842 1911
1842 1912
1843 1844
1843 1911
1843 1912
1843 1913
1844 1912
1844 1913
1844 1914
1845 1914
1845 1915
1845 1916
1846 1847
1846 1916
1846 1917
1846 1918
1847 1848
1847 1917
1847 1918
1847 1919
1848 1849
1848 1918
1848 1919
1848 1920
1849 1919
1849 1920
1849 1921
1850 1921
1850 1922
1850 1923
1851 1852
1851 1923
1851 1924
1852 1853
1852 1924
1853 1925
1854 1855
1854 1925
1854 1926
1855 1856
1855 1926
1855 1927
1856 1857
1856 1927
1856 1928
1857 1927
1857 1928
1857 1929
1858 1859
1858 1929
1858 1930
1858 1931
1859 1860
1859 1930
1859 1931
1859 1932
1860 1861
1860 1931
1860 1932
1860 1933
1861 1862
1861 1932
1861 1933
1861 1934
1862 1863
1862 1933
1862 1934
1863 1864
1863 1934
1863 1935
1864 1935
1864 1936
1865 1866
1865 1936
1865 1937
1866 1867
1866 1937
1866 1938
1867 1868
1867 1938
1867 1939
1868 1869
1868 1938
1868 1939
1868 1940
1869 1939
1869 1940
1870 1871
1870 1941
1870 1942
1871 1872
1871 1941
1871 1942
1872 1873
1872 1942
1872 1943
1873 1943
1873 1944
1874 1875
1874 1944
1874 1945
1874 1946
1875 1876
1875 1945
1875 1946
1876 1877
1876 1946
1877 1878
1877 1947
1878 1879
1878 1947
1878 1948
1879 1880
1879 1947
1879 1948
1879 1949
1880 1948
1880 1949
1880 1950
1881 1882
1881 1950
1881 1951
1882 1883
1882 1951
1882 1952
1883 1951
1883 1952
1883 1953
1884 1885
1884 1953
1884 1954
1885 1886
1885 1954
1885 1955
1886 1955
1886 1956
1887 1956
1887 1957
1888 1889
1888 1958
1888 1959
1889 1890
1889 1958
1889 1959
1889 1960
1890 1891
1890 1959
1890 1960
1890 1961
1891 1960
1891 1961
1891 1962
1892 1893
1892 1962
1892 1963
1892 1964
1893 1963
1893 1964
1894 1895
1894 1965
1895 1896
1895 1965
1895 1966
1896 1966
1896 1967
1897 1898
1897 1967
1897 1968
1897 1969
1898 1899
1898 1968
1898 1969
1899 1900
1899 1969
1899 1970
1900 1970
1900 1971
1901 1902
1901 1971
1901 1972
1901 1973
1902 1903
1902 1972
1902 1973
1903 1904
1903 1973
1903 1974
1904 1905
1904 1974
1905 1974
1905 1975
1906 1975
1906 1976
1907 1977
1908 1909
1908 1978
1908 1979
1909 1978
1909 1979
1910 1980
1910 1981
1911 1912
1911 1981
1911 1982
1911 1983
1912 1913
1912 1982
1912 1983
1912 1984
1913 1914
1913 1983
1913 1984
1913 1985
1914 1915
1914 1984
1914 1985
1915 1916
1915 1985
1915 1986
1916 1917
1916 1986
1917 1918
1917 1986
1917 1987
1918 1919
1918 1987
1918 1988
1919 1920
1919 1987
1919 1988
1919 1989
1920 1921
1920 1988
1920 1989
1921 1922
1921 1989
1922 1923
1922 1990
1923 1924
1923 1990
1923 1991
1924 1990
1924 1991
1925 1926
1925 1992
1926 1993
1927 1928
1927 1993
1927 1994
1928 1929
1928 1994
1928 1995
1929 1930
1929 1994
1929 1995
1929 1996
1930 1931
1930 1995
1930 1996
1930 1997
1931 1932
1931 1996
1931 1997
1932 1933
1932 1997
1932 1998
1933 1934
1933 1998
1933 1999
1934 1998
1934 1999
1934 2000
1935 1936
1935 2000
1935 2001
1935 2002
1936 1937
1936 2001
1936 2002
1936 2003
1937 2002
1937 2003
1938 1939
1938 2004
1939 1940
1939 2004
1940 2004
1941 1942
1941 2005
1941 2006
1942 2005
1942 2006
1942 2007
1943 1944
1943 2007
1943 2008
1943 2009
1944 1945
1944 2008
1944 2009
1945 1946
1945 2009
1945 2010
1946 2010
1946 2011
1947 1948
1947 2012
1948 1949
1948 2012
1949 1950
1949 2012
1949 2013
1950 2013
1950 2014
1951 1952
1951 2014
1951 2015
1952 1953
1952 2015
1952 2016
1953 1954
1953 2015
1953 2016
1954 2016
1954 2017
1955 1956
1955 2017
1955 2018
1955 2019
1956 1957
1956 2018
1956 2019
1956 2020
1957 2019
1957 2020
1958 1959
1958 2021
1959 1960
1959 2021
1959 2022
1960 1961
1960 2022
1960 2023
1961 1962
1961 2022
1961 2023
1961 2024
1962 1963
1962 2023
1962 2024
1962 2025
1963 1964
1963 2024
1963 2025
1963 2026
1964 2025
1964 2026
1964 2027
1965 2027
1965 2028
1965 2029
1966 1967
1966 2029
1966 2030
1966 2031
1967 1968
1967 2030
1967 2031
1967 2032
1968 1969
1968 2031
1968 2032
1969 2032
1969 2033
1970 1971
1970 2033
1970 2034
1970 2035
1971 1972
1971 2034
1971 2035
1971 2036
1972 1973
1972 2035
1972 2036
1972 2037
1973 2036
1973 2037
1974 2038
1974 2039
1975 1976
1975 2039
1975 2040
1975 2041
1976 2040
1976 2041
1976 2042
1977 2042
1977 2043
1977 2044
1978 1979
1978 2044
1978 2045
1978 2046
1979 2045
1979 2046
1979 2047
1980 1981
1980 2047
1980 2048
1980 2049
1981 1982
1981 2048
1981 2049
1981 2050
1982 1983
1982 2049
1982 2050
1982 2051
1983 1984
1983 2050
1983 2051
1984 1985
1984 2051
1984 2052
1985 2052
1986 2053
1986 2054
1987 1988
1987 2054
1988 1989
1988 2055
1989 2055
1989 2056
1990 1991
1990 2057
1990 2058
1991 2057
1991 2058
1992 2059
1993 2060
1993 2061
1994 1995
1994 2061
1994 2062
1994 2063
1995 1996
1995 2062
1995 2063
1995 2064
1996 1997
1996 2063
1996 2064
1996 2065
1997 2064
1997 2065
1997 2066
1998 1999
1998 2066
1998 2067
1999 2000
1999 2067
1999 2068
2000 2001
2000 2067
2000 2068
2000 2069
2001 2002
2001 2068
2001 2069
2001 2070
2002 2003
2002 2069
2002 2070
2003 2070
2004 2071
2004 2072
2005 2006
2005 2073
2006 2007
2006 2073
2006 2074
2007 2008
2007 2074
2007 2075
2008 2009
2008 2074
2008 2075
2008 2076
2009 2075
2009 2076
2010 2011
2010 2077
2011 2077
2011 2078
2012 2079
2012 2080
2012 2081
2013 2014
2013 2081
2013 2082
2014 2082
2014 2083
2015 2016
2015 2083
2015 2084
2016 2084
2016 2085
2017 2018
2017 2085
2017 2086
2017 2087
2018 2019
2018 2086
2018 2087
2018 2088
2019 2020
2019 2087
2019 2088
2020 2088
2020 2089
2021 2089
2021 2090
2022 2023
2022 2091
2022 2092
2023 2024
2023 2091
2023 2092
2024 2025
2024 2092
2024 2093
2025 2026
2025 2093
2025 2094
2026 2027
2026 2093
2026 2094
2026 2095
2027 2028
2027 2094
2027 2095
2028 2029
2028 2095
2028 2096
2029 2030
2029 2096
2029 2097
2030 2031
2030 2096
2030 2097
2030 2098
2031 2032
2031 2097
2031 2098
2031 2099
2032 2098
2032 2099
2032 2100
2033 2034
2033 2100
2033 2101
2033 2102
2034 2035
2034 2101
2034 2102
2035 2036
2035 2102
2035 2103
2036 2037
2036 2103
2036 2104
2037 2103
2037 2104
2037 2105
2038 2039
2038 2105
2038 2106
2039 2040
2039 2106
2039 2107
2040 2041
2040 2107
2041 2042
2041 2107
2042 2043
2042 2108
2043 2044
2043 2108
2044 2045
2044 2108
2044 2109
2045 2046
2045 2109
2045 2110
2046 2047
2046 2109
2046 2110
2046 2111
2047 2048
2047 2110
2047 2111
2048 2049
2048 2111
2049 2050
2049 2112
2050 2051
2050 2112
2050 2113
2051 2112
2051 2113
2051 2114
2052 2114
2052 2115
2052 2116
2053 2054
2053 2116
2053 2117
2054 2117
2055 2056
2055 2118
2055 2119
2055 2120
2056 2119
2056 2120
2057 2058
2058 2121
2059 2121
2059 2122
2059 2123
2060 2123
2060 2124
2060 2125
2061 2062
2061 2125
2061 2126
2061 2127
2062 2063
2062 2126
2062 2127
2062 2128
2063 2064
2063 2127
2063 2128
2064 2065
2064 2128
2064 2129
2065 2066
2065 2129
2065 2130
2066 2129
2066 2130
2066 2131
2067 2068
2067 2131
2067 2132
2068 2069
2068 2132
2069 2070
2069 2132
2069 2133
2070 2133
2070 2134
2071 2072
2071 2136
2071 2137
2072 2137
2073 2138
2074 2075
2074 2138
2075 2076
2076 2139
2077 2139
2077 2140
2077 2141
2078 2079
2078 2141
2078 2142
2079 2080
2079 2142
2079 2143
2080 2081
2080 2143
2080 2144
2081 2143
2081 2144
2081 2145
2082 2083
2082 2145
2082 2146
2082 2147
2083 2084
2083 2146
2083 2147
2083 2148
2084 2147
2084 2148
2084 2149
2085 2086
2085 2149
2085 2150
2085 2151
2086 2087
2086 2150
2086 2151
2087 2088
2087 2151
2087 2152
2088 2152
2088 2153
2089 2090
2089 2153
2089 2154
2089 2155
2090 2154
2090 2155
2090 2156
2091 2092
2091 2156
2091 2157
2092 2157
2092 2158
2093 2094
2093 2158
2093 2159
2094 2095
2094 2159
2094 2160
2095 2160
2096 2097
2096 2161
2097 2098
2097 2161
2097 2162
2098 2099
2098 2162
2098 2163
2099 2100
2099 2162
2099 2163
2099 2164
2100 2101
2100 2163
2100 2164
2101 2102
2101 2164
2101 2165
2102 2165
2102 2166
2103 2104
2103 2166
2103 2167
2103 2168
2104 2105
2104 2167
2104 2168
2104 2169
2105 2106
2105 2168
2105 2169
2105 2170
2106 2169
2106 2170
2106 2171
2107 2171
2108 2172
2109 2110
2109 2172
2109 2173
2110 2111
2110 2173
2110 2174
2111 2173
2111 2174
2111 2175
2112 2113
2112 2176
2112 2177
2113 2114
2113 2177
2113 2178
2114 2115
2114 2177
2114 2178
2114 2179
2115 2116
2115 2178
2115 2179
2115 2180
2116 2117
2116 2179
2116 2180
2117 2180
2117 2181
2118 2119
2118 2182
2118 2183
2119 2120
2119 2183
2119 2184
2120 2184
2120 2185
2121 2122
2121 2187
2121 2188
2121 2189
2122 2123
2122 2188
2122 2189
2122 2190
2123 2124
2123 2189
2123 2190
2123 2191
2124 2125
2124 2190
2124 2191
2124 2192
2125 2126
2125 2191
2125 2192
2126 2127
2126 2192
2126 2193
2127 2128
2127 2193
2127 2194
2128 2193
2128 2194
2129 2130
2129 2195
2129 2196
2130 2131
2130 2195
2130 2196
2130 2197
2131 2196
2131 2197
2131 2198
2132 2198
2132 2199
2132 2200
2133 2134
2133 2200
2133 2201
2133 2202
2134 2135
2134 2201
2134 2202
2134 2203
2135 2136
2135 2202
2135 2203
2135 2204
2136 2137
2136 2203
2136 2204
2136 2205
2137 2204
2137 2205
2138 2206
2138 2207
2138 2208
2139 2140
2139 2210
2140 2141
2140 2211
2141 2142
2141 2211
2142 2211
2142 2212
2143 2144
2143 2212
2143 2213
2143 2214
2144 2145
2144 2213
2144 2214
2144 2215
2145 2146
2145 2214
2145 2215
2145 2216
2146 2147
2146 2215
2146 2216
2146 2217
2147 2148
2147 2216
2147 2217
2147 2218
2148 2149
2148 2217
2148 2218
2148 2219
2149 2150
2149 2218
2149 2219
2149 2220
2150 2151
2150 2219
2150 2220
2150 2221
2151 2220
2151 2221
2151 2222
2152 2153
2152 2222
2152 2223
2153 2154
2153 2223
2153 2224
2154 2155
2154 2224
2154 2225
2155 2156
2155 2224
2155 2225
2155 2226
2156 2157
2156 2225
2156 2226
2157 2226
2157 2227
2158 2159
2158 2227
2158 2228
2158 2229
2159 2228
2159 2229
2159 2230
2160 2230
2160 2231
2160 2232
2161 2232
2161 2233
2161 2234
2162 2163
2162 2234
2162 2235
2163 2164
2163 2235
2163 2236
2164 2236
2164 2237
2165 2166
2165 2237
2165 2238
2166 2167
2166 2238
2166 2239
2167 2168
2167 2238
2167 2239
2167 2240
2168 2169
2168 2239
2168 2240
2168 2241
2169 2170
2169 2240
2169 2241
2169 2242
2170 2171
2170 2241
2170 2242
2170 2243
2171 2242
2171 2243
2171 2244
2172 2246
2172 2247
2172 2248
2173 2174
2173 2248
2173 2249
2173 2250
2174 2175
2174 2249
2174 2250
2175 2176
2175 2250
2175 2251
2176 2251
2176 2252
2177 2178
2177 2252
2178 2179
2178 2253
2179 2180
2179 2253
2179 2254
2180 2253
2180 2254
2181 2182
2181 2255
2181 2256
2182 2183
2182 2255
2182 2256
2182 2257
2183 2256
2183 2257
2183 2258
2184 2185
2184 2258
2184 2259
2184 2260
2185 2186
2185 2259
2185 2260
2186 2187
2186 2260
2186 2261
2187 2188
2187 2261
2187 2262
2188 2189
2188 2261
2188 2262
2188 2263
2189 2190
2189 2262
2189 2263
2189 2264
2190 2191
2190 2263
2190 2264
2191 2192
2191 2264
2192 2265
2193 2194
2193 2265
2193 2266
2194 2266
2194 2267
2195 2196
2195 2267
2195 2268
2196 2197
2196 2268
2196 2269
2197 2198
2197 2269
2197 2270
2198 2199
2198 2269
2198 2270
2198 2271
2199 2200
2199 2270
2199 2271
2200 2201
2200 2271
2200 2272
2201 2202
2201 2272
2201 2273
2202 2203
2202 2272
2202 2273
2202 2274
2203 2204
2203 2273
2203 2274
2203 2275
2204 2205
2204 2274
2204 2275
2205 2275
2205 2276
2206 2207
2206 2277
2206 2278
2207 2208
2207 2277
2207 2278
2208 2209
2208 2278
2208 2279
2209 2210
2209 2279
2209 2280
2210 2279
2210 2280
2210 2281
2211 2282
2211 2283
2211 2284
2212 2213
2212 2284
2212 2285
2212 2286
2213 2214
2213 2285
2213 2286
2214 2215
2214 2286
2214 2287
2215 2216
2215 2287
2215 2288
2216 2217
2216 2287
2216 2288
2217 2218
2217 2288
2217 2289
2218 2219
2218 2289
2218 2290
2219 2220
2219 2289
2219 2290
2219 2291
2220 2221
2220 2290
2220 2291
2220 2292
2221 2222
2221 2291
2221 2292
2221 2293
2222 2223
2222 2292
2222 2293
2222 2294
2223 2293
2223 2294
2223 2295
2224 2225
2224 2295
2224 2296
2224 2297
2225 2226
2225 2296
2225 2297
2225 2298
2226 2297
2226 2298
2226 2299
2227 2228
2227 2299
2228 2229
2229 2230
2229 2300
2230 2231
2230 2300
2230 2301
2231 2232
2231 2300
2231 2301
2232 2233
2232 2301
2232 2302
2233 2234
2233 2302
2233 2303
2234 2235
2234 2302
2234 2303
2234 2304
2235 2303
2235 2304
2235 2305
2236 2237
2236 2305
2237 2306
2238 2239
2238 2306
2238 2307
2239 2240
2239 2307
2239 2308
2240 2241
2240 2307
2240 2308
2240 2309
2241 2242
2241 2308
2241 2309
2241 2310
2242 2243
2242 2309
2242 2310
2242 2311
2243 2244
2243 2310
2243 2311
2244 2311
2244 2312
2245 2246
2245 2312
2245 2313
2246 2247
2246 2313
2246 2314
2247 2248
2247 2314
2247 2315
2248 2249
2248 2314
2248 2315
2249 2250
2249 2315
2249 2316
2250 2316
2250 2317
2251 2252
2251 2317
2251 2318
2252 2318
2252 2319
2253 2254
2253 2320
2253 2321
2254 2321
2255 2256
2255 2322
2256 2257
2256 2322
2256 2323
2257 2258
2257 2323
2257 2324
2258 2259
2258 2323
2258 2324
2258 2325
2259 2260
2259 2324
2259 2325
2260 2325
2260 2326
2261 2262
2261 2326
2261 2327
2261 2328
2262 2263
2262 2327
2262 2328
2262 2329
2263 2264
2263 2328
2263 2329
2263 2330
2264 2329
2264 2330
2264 2331
2265 2266
2265 2332
2265 2333
2265 2334
2266 2333
2266 2334
2267 2268
2267 2335
2267 2336
2268 2335
2268 2336
2268 2337
2269 2270
2269 2337
2269 2338
2270 2271
2270 2338
2270 2339
2271 2339
2272 2273
2272 2340
2273 2274
2273 2340
2273 2341
2274 2275
2274 2340
2274 2341
2274 2342
2275 2341
2275 2342
2275 2343
2276 2343
2277 2278
2277 2344
2278 2344
2279 2280
2279 2345
2280 2281
2280 2345
2280 2346
2281 2282
2281 2346
2282 2283
2282 2346
2282 2347
2283 2284
2283 2347
2283 2348
2284 2285
2284 2347
2284 2348
2284 2349
2285 2286
2285 2348
2285 2349
2285 2350
2286 2349
2286 2350
2287 2288
2287 2351
2287 2352
2288 2351
2288 2352
2288 2353
2289 2290
2289 2353
2289 2354
2290 2291
2290 2354
2290 2355
2291 2292
2291 2354
2291 2355
2291 2356
2292 2293
2292 2355
2292 2356
2292 2357
2293 2294
2293 2356
2293 2357
2293 2358
2294 2295
2294 2357
2294 2358
2294 2359
2295 2296
2295 2358
2295 2359
2295 2360
2296 2297
2296 2359
2296 2360
2296 2361
2297 2298
2297 2360
2297 2361
2297 2362
2298 2299
2298 2361
2298 2362
2298 2363
2299 2362
2299 2363
2299 2364
2300 2301
2300 2366
2300 2367
2300 2368
2301 2367
2301 2368
2301 2369
2302 2303
2302 2369
2302 2370
2302 2371
2303 2304
2303 2370
2303 2371
2304 2305
2304 2371
2304 2372
2305 2372
2305 2373
2306 2374
2306 2375
2306 2376
2307 2308
2307 2376
2307 2377
2307 2378
2308 2309
2308 2377
2308 2378
2308 2379
2309 2310
2309 2378
2309 2379
2309 2380
2310 2311
2310 2379
2310 2380
2310 2381
2311 2380
2311 2381
2311 2382
2312 2313
2312 2382
2312 2383
2312 2384
2313 2383
2313 2384
2314 2315
2314 2385
2315 2385
2315 2386
2316 2317
2316 2386
2316 2387
2317 2387
2318 2319
2318 2388
2318 2389
2319 2320
2319 2388
2319 2389
2319 2390
2320 2389
2320 2390
2321 2391
2321 2392
2322 2392
2322 2393
2322 2394
2323 2324
2323 2394
2323 2395
2323 2396
2324 2325
2324 2395
2324 2396
2325 2396
2325 2397
2326 2327
2326 2397
2326 2398
2326 2399
2327 2328
2327 2398
2327 2399
2327 2400
2328 2329
2328 2399
2328 2400
2328 2401
2329 2330
2329 2400
2329 2401
2329 2402
2330 2331
2330 2401
2330 2402
2330 2403
2331 2332
2331 2402
2331 2403
2331 2404
2332 2333
2332 2403
2332 2404
2332 2405
2333 2334
2333 2404
2333 2405
2333 2406
2334 2405
2334 2406
2334 2407
2335 2336
2335 2407
2335 2408
2335 2409
2336 2337
2336 2408
2336 2409
2336 2410
2337 2338
2337 2409
2337 2410
2338 2410
2338 2411
2339 2411
2339 2412
2340 2341
2340 2413
2340 2414
2341 2342
2341 2413
2341 2414
2341 2415
2342 2343
2342 2414
2342 2415
2342 2416
2343 2415
2343 2416
2343 2417
2344 2418
2344 2419
2344 2420
2345 2420
2345 2421
2346 2421
2346 2422
2346 2423
2347 2348
2347 2423
2347 2424
2347 2425
2348 2349
2348 2424
2348 2425
2348 2426
2349 2350
2349 2425
2349 2426
2349 2427
2350 2426
2350 2427
2350 2428
2351 2352
2351 2428
2351 2429
2352 2353
2352 2429
2352 2430
2353 2429
2353 2430
2353 2431
2354 2355
2354 2431
2354 2432
2355 2356
2355 2432
2355 2433
2356 2357
2356 2432
2356 2433
2356 2434
2357 2358
2357 2433
2357 2434
2357 2435
2358 2359
2358 2434
2358 2435
2358 2436
2359 2360
2359 2435
2359 2436
2359 2437
2360 2361
2360 2436
2360 2437
2360 2438
2361 2362
2361 2437
2361 2438
2362 2363
2362 2438
2362 2439
2363 2364
2363 2439
2364 2365
2364 2439
2364 2440
2365 2366
2365 2440
2365 2441
2366 2367
2366 2440
2366 2441
2366 2442
2367 2368
2367 2441
2367 2442
2367 2443
2368 2369
2368 2442
2368 2443
2368 2444
2369 2370
2369 2443
2369 2444
2369 2445
2370 2371
2370 2444
2370 2445
2370 2446
2371 2445
2371 2446
2371 2447
2372 2373
2372 2447
2372 2448
2373 2374
2373 2448
2373 2449
2374 2375
2374 2448
2374 2449
2375 2376
2375 2449
2375 2450
2376 2377
2376 2450
2376 2451
2377 2378
2377 2450
2377 2451
2377 2452
2378 2379
2378 2451
2378 2452
2378 2453
2379 2380
2379 2452
2379 2453
2380 2381
2380 2453
2380 2454
2381 2382
2381 2454
2382 2383
2382 2454
2382 2455
2383 2384
2383 2455
2383 2456
2384 2455
2384 2456
2384 2457
2385 2386
2385 2458
2385 2459
2385 2460
2386 2387
2386 2459
2386 2460
2386 2461
2387 2460
2387 2461
2387 2462
2388 2389
2388 2463
2388 2464
2389 2390
2389 2464
2390 2464
2390 2465
2391 2392
2391 2465
2391 2466
2391 2467
2392 2393
2392 2466
2392 2467
2393 2394
2393 2467
2394 2395
2394 2468
2395 2396
2395 2468
2395 2469
2396 2468
2396 2469
2396 2470
2397 2398
2397 2470
2397 2471
2397 2472
2398 2399
2398 2471
2398 2472
2399 2400
2399 2472
2399 2473
2400 2401
2400 2473
2400 2474
2401 2402
2401 2473
2401 2474
2401 2475
2402 2403
2402 2474
2402 2475
2402 2476
2403 2404
2403 2475
2403 2476
2403 2477
2404 2405
2404 2476
2404 2477
2404 2478
2405 2406
2405 2477
2405 2478
2405 2479
2406 2407
2406 2478
2406 2479
2406 2480
2407 2408
2407 2479
2407 2480
2407 2481
2408 2409
2408 2480
2408 2481
2408 2482
2409 2410
2409 2481
2409 2482
2410 2482
2411 2483
2412 2484
2412 2485
2413 2414
2413 2485
2413 2486
2413 2487
2414 2415
2414 2486
2414 2487
2414 2488
2415 2416
2415 2487
2415 2488
2415 2489
2416 2417
2416 2488
2416 2489
2416 2490
2417 2489
2417 2490
2418 2419
2418 2491
2418 2492
2419 2420
2419 2491
2419 2492
2419 2493
2420 2492
2420 2493
2420 2494
2421 2422
2421 2494
2421 2495
2421 2496
2422 2423
2422 2495
2422 2496
2422 2497
2423 2424
2423 2496
2423 2497
2423 2498
2424 2425
2424 2497
2424 2498
2424 2499
2425 2426
2425 2498
2425 2499
2425 2500
2426 2427
2426 2499
2426 2500
2426 2501
2427 2428
2427 2500
2427 2501
2427 2502
2428 2501
2428 2502
2428 2503
2429 2430
2429 2503
2429 2504
2429 2505
2430 2431
2430 2504
2430 2505
2430 2506
2431 2505
2431 2506
2431 2507
2432 2433
2432 2507
2432 2508
2433 2434
2433 2508
2433 2509
2434 2435
2434 2509
2435 2436
2435 2509
2436 2437
2436 2510
2437 2438
2437 2510
2437 2511
2438 2510
2438 2511
2438 2512
2439 2512
2440 2441
2440 2513
2440 2514
2441 2442
2441 2513
2441 2514
2441 2515
2442 2443
2442 2514
2442 2515
2442 2516
2443 2444
2443 2515
2443 2516
2443 2517
2444 2445
2444 2516
2444 2517
2444 2518
2445 2446
2445 2517
2445 2518
2446 2447
2446 2518
2446 2519
2447 2519
2448 2449
2448 2520
2448 2521
2449 2520
2449 2521
2450 2451
2450 2522
2451 2452
2451 2522
2452 2453
2452 2523
2453 2523
2453 2524
2454 2524
2454 2525
2455 2456
2455 2525
2455 2526
2456 2457
2456 2526
2456 2527
2457 2458
2457 2527
2457 2528
2458 2459
2458 2527
2458 2528
2459 2460
2459 2528
2459 2529
2460 2461
2460 2529
2460 2530
2461 2462
2461 2529
2461 2530
2462 2463
2462 2530
2462 2531
2463 2531
2463 2532
2464 2532
2464 2533
2464 2534
2465 2466
2465 2534
2465 2535
2465 2536
2466 2467
2466 2535
2466 2536
2466 2537
2467 2536
2467 2537
2467 2538
2468 2469
2468 2539
2468 2540
2469 2470
2469 2540
2469 2541
2470 2471
2470 2541
2470 2542
2471 2472
2471 2541
2471 2542
2471 2543
2472 2542
2472 2543
2473 2474
2473 2544
2473 2545
2474 2475
2474 2544
2474 2545
2474 2546
2475 2476
2475 2545
2475 2546
2475 2547
2476 2477
2476 2546
2476 2547
2477 2478
2477 2547
2477 2548
2478 2479
2478 2548
2478 2549
2479 2480
2479 2548
2479 2549
2479 2550
2480 2481
2480 2549
2480 2550
2480 2551
2481 2482
2481 2550
2481 2551
2481 2552
2482 2551
2482 2552
2482 2553
2483 2554
2483 2555
2484 2485
2484 2555
2484 2556
2484 2557
2485 2486
2485 2556
2485 2557
2486 2487
2486 2557
2487 2488
2488 2489
2488 2558
2489 2490
2489 2558
2489 2559
2490 2558
2490 2559
2491 2492
2492 2493
2492 2560
2493 2494
2493 2560
2494 2495
2494 2560
2494 2561
2495 2496
2495 2561
2495 2562
2496 2497
2496 2561
2496 2562
2496 2563
2497 2498
2497 2562
2497 2563
2497 2564
2498 2499
2498 2563
2498 2564
2499 2500
2499 2564
2499 2565
2500 2501
2500 2565
2500 2566
2501 2502
2501 2565
2501 2566
2502 2503
2502 2566
2502 2567
2503 2504
2503 2567
2504 2505
2504 2567
2504 2568
2505 2506
2505 2568
2505 2569
2506 2507
2506 2568
2506 2569
2506 2570
2507 2508
2507 2569
2507 2570
2507 2571
2508 2570
2508 2571
2508 2572
2509 2572
2509 2573
2509 2574
2510 2511
2510 2575
2510 2576
2510 2577
2511 2512
2511 2576
2511 2577
2511 2578
2512 2577
2512 2578
2512 2579
2513 2514
2513 2580
2513 2581
2514 2515
2514 2581
2515 2516
2516 2517
2516 2582
2517 2518
2517 2582
2517 2583
2518 2582
2518 2583
2518 2584
2519 2584
2519 2585
2519 2586
2520 2521
2520 2586
2520 2587
2521 2587
2521 2588
2522 2588
2522 2589
2522 2590
2523 2524
2523 2591
2523 2592
2523 2593
2524 2592
2524 2593
2524 2594
2525 2526
2525 2594
2525 2595
2525 2596
2526 2595
2526 2596
2526 2597
2527 2528
2527 2597
2527 2598
2528 2598
2529 2530
2529 2599
2530 2599
2531 2532
2531 2600
2531 2601
2532 2533
2532 2600
2532 2601
2532 2602
2533 2534
2533 2601
2533 2602
2533 2603
2534 2535
2534 2602
2534 2603
2534 2604
2535 2536
2535 2603
2535 2604
2535 2605
2536 2537
2536 2604
2536 2605
2536 2606
2537 2538
2537 2605
2537 2606
2537 2607
2538 2539
2538 2606
2538 2607
2538 2608
2539 2540
2539 2607
2539 2608
2540 2608
2540 2609
2541 2542
2541 2609
2541 2610
2541 2611
2542 2543
2542 2610
2542 2611
2542 2612
2543 2611
2543 2612
2543 2613
2544 2545
2544 2613
2544 2614
2545 2546
2545 2614
2545 2615
2546 2547
2546 2614
2546 2615
2546 2616
2547 2615
2547 2616
2547 2617
2548 2549
2548 2617
2548 2618
2548 2619
2549 2550
2549 2618
2549 2619
2549 2620
2550 2551
2550 2619
2550 2620
2551 2552
2551 2620
2551 2621
2552 2553
2552 2621
2552 2622
2553 2621
2553 2622
2553 2623
2554 2555
2554 2623
2554 2624
2555 2556
2555 2624
2555 2625
2556 2557
2556 2624
2556 2625
2556 2626
2557 2625
2557 2626
2558 2559
2558 2627
2558 2628
2558 2629
2559 2628
2559 2629
2560 2631
2560 2632
2561 2562
2561 2632
2561 2633
2561 2634
2562 2563
2562 2633
2562 2634
2562 2635
2563 2564
2563 2634
2563 2635
2563 2636
2564 2635
2564 2636
2564 2637
2565 2566
2565 2637
2565 2638
2565 2639
2566 2638
2566 2639
2566 2640
2567 2640
2567 2641
2568 2569
2568 2642
2569 2570
2569 2642
2570 2571
2570 2642
2571 2572
2571 2643
2572 2573
2572 2643
2572 2644
2573 2574
2573 2643
2573 2644
2573 2645
2574 2575
2574 2644
2574 2645
2574 2646
2575 2576
2575 2645
2575 2646
2575 2647
2576 2577
2576 2646
2576 2647
2576 2648
2577 2578
2577 2647
2577 2648
2577 2649
2578 2579
2578 2648
2578 2649
2578 2650
2579 2580
2579 2649
2579 2650
2579 2651
2580 2581
2580 2650
2580 2651
2580 2652
2581 2651
2581 2652
2581 2653
2582 2583
2582 2655
2582 2656
2583 2584
2583 2655
2583 2656
2583 2657
2584 2585
2584 2656
2584 2657
2585 2586
2585 2657
2587 2588
2587 2658
2587 2659
2588 2589
2588 2658
2588 2659
2588 2660
2589 2590
2589 2659
2589 2660
2589 2661
2590 2591
2590 2660
2590 2661
2590 2662
2591 2592
2591 2661
2591 2662
2592 2593
2592 2662
2592 2663
2593 2594
2593 2663
2593 2664
2594 2595
2594 2663
2594 2664
2594 2665
2595 2596
2595 2664
2595 2665
2595 2666
2596 2597
2596 2665
2596 2666
2597 2666
2598 2667
2598 2668
2599 2669
2599 2670
2600 2601
2600 2670
2600 2671
2600 2672
2601 2602
2601 2671
2601 2672
2601 2673
2602 2603
2602 2672
2602 2673
2602 2674
2603 2604
2603 2673
2603 2674
2603 2675
2604 2605
2604 2674
2604 2675
2604 2676
2605 2606
2605 2675
2605 2676
2605 2677
2606 2607
2606 2676
2606 2677
2606 2678
2607 2608
2607 2677
2607 2678
2607 2679
2608 2678
2608 2679
2608 2680
2609 2610
2609 2680
2610 2611
2610 2681
2611 2612
2611 2681
2612 2613
2612 2681
2613 2682
2614 2615
2614 2682
2614 2683
2615 2616
2615 2683
2615 2684
2616 2617
2616 2684
2616 2685
2617 2618
2617 2684
2617 2685
2617 2686
2618 2619
2618 2685
2618 2686
2618 2687
2619 2620
2619 2686
2619 2687
2619 2688
2620 2687
2620 2688
2621 2622
2621 2689
2622 2623
2622 2689
2622 2690
2623 2690
2623 2691
2624 2625
2624 2691
2624 2692
2624 2693
2625 2626
2625 2692
2625 2693
2625 2694
2626 2693
2626 2694
2626 2695
2627 2628
2627 2696
2627 2697
2627 2698
2628 2629
2628 2697
2628 2698
2629 2698
2630 2631
2631 2699
2632 2633
2632 2699
2632 2700
2633 2634
2633 2700
2633 2701
2634 2635
2634 2701
2635 2636
2635 2701
2636 2637
2636 2702
2637 2638
2637 2702
2637 2703
2638 2639
2638 2702
2638 2703
2638 2704
2639 2640
2639 2703
2639 2704
2639 2705
2640 2641
2640 2704
2640 2705
2640 2706
2641 2705
2641 2706
2642 2707
2642 2708
2643 2644
2643 2709
2643 2710
2644 2645
2644 2710
2644 2711
2645 2646
2645 2710
2645 2711
2646 2647
2646 2711
2647 2648
2647 2712
2648 2649
2648 2712
2649 2650
2649 2712
2649 2713
2650 2651
2650 2713
2650 2714
2651 2652
2651 2713
2651 2714
2651 2715
2652 2653
2652 2714
2652 2715
2652 2716
2653 2654
2653 2715
2653 2716
2654 2716
2654 2717
2655 2656
2655 2717
2655 2718
2655 2719
2656 2657
2656 2718
2656 2719
2656 2720
2657 2719
2657 2720
2657 2721
2658 2659
2658 2723
2658 2724
2659 2660
2659 2724
2659 2725
2660 2661
2660 2725
2660 2726
2661 2662
2661 2725
2661 2726
2661 2727
2662 2726
2662 2727
2663 2664
2663 2728
2664 2665
2664 2728
2664 2729
2665 2666
2665 2728
2665 2729
2666 2729
2666 2730
2667 2668
2667 2731
2668 2669
2668 2732
2669 2732
2670 2671
2670 2733
2670 2734
2671 2672
2671 2733
2671 2734
2671 2735
2672 2673
2672 2734
2672 2735
2672 2736
2673 2674
2673 2735
2673 2736
2673 2737
2674 2675
2674 2736
2674 2737
2674 2738
2675 2676
2675 2737
2675 2738
2675 2739
2676 2677
2676 2738
2676 2739
2676 2740
2677 2678
2677 2739
2677 2740
2677 2741
2678 2679
2678 2740
2678 2741
2678 2742
2679 2680
2679 2741
2679 2742
2680 2742
2680 2743
2681 2744
2681 2745
2682 2683
2682 2746
2682 2747
2682 2748
2683 2747
2683 2748
2683 2749
2684 2685
2684 2749
2684 2750
2685 2686
2685 2750
2685 2751
2686 2687
2686 2751
2686 2752
2687 2688
2687 2751
2687 2752
2687 2753
2688 2752
2688 2753
2689 2754
2689 2755
2690 2691
2690 2755
2690 2756
2690 2757
2691 2692
2691 2756
2691 2757
2692 2693
2692 2757
2692 2758
2693 2694
2693 2758
2693 2759
2694 2695
2694 2758
2694 2759
2694 2760
2695 2696
2695 2759
2695 2760
2696 2697
2696 2760
2696 2761
2697 2698
2697 2761
2698 2761
2698 2762
2699 2700
2699 2764
2699 2765
2699 2766
2700 2765
2700 2766
2700 2767
2701 2767
2701 2768
2702 2703
2702 2769
2702 2770
2703 2704
2703 2769
2703 2770
2703 2771
2704 2705
2704 2770
2704 2771
2705 2706
2705 2771
2705 2772
2706 2772
2706 2773
2707 2708
2707 2774
2707 2775
2707 2776
2708 2709
2708 2775
2708 2776
2708 2777
2709 2776
2709 2777
2710 2711
2710 2778
2710 2779
2711 2778
2711 2779
2712 2780
2712 2781
2713 2714
2713 2781
2713 2782
2714 2715
2714 2782
2714 2783
2715 2716
2715 2783
2716 2783
2716 2784
2717 2718
2717 2784
2718 2719
2718 2785
2719 2720
2719 2785
2719 2786
2720 2721
2720 2785
2720 2786
2721 2722
2721 2786
2721 2787
2722 2723
2722 2787
2722 2788
2723 2724
2723 2787
2723 2788
2723 2789
2724 2788
2724 2789
2724 2790
2725 2726
2725 2790
2725 2791
2726 2727
2726 2791
2727 2792
2728 2729
2728 2793
2728 2794
2728 2795
2729 2794
2729 2795
2729 2796
2730 2731
2730 2796
2730 2797
2731 2797
2731 2798
2732 2799
2732 2800
2732 2801
2733 2734
2733 2801
2733 2802
2733 2803
2734 2735
2734 2802
2734 2803
2734 2804
2735 2736
2735 2803
2735 2804
2735 2805
2736 2737
2736 2804
2736 2805
2736 2806
2737 2738
2737 2805
2737 2806
2737 2807
2738 2739
2738 2806
2738 2807
2738 2808
2739 2740
2739 2807
2739 2808
2740 2741
2740 2808
2741 2742
2741 2809
2742 2809
2742 2810
2743 2744
2743 2810
2743 2811
2743 2812
2744 2811
2744 2812
2744 2813
2745 2746
2745 2813
2745 2814
2745 2815
2746 2747
2746 2814
2746 2815
2746 2816
2747 2748
2747 2815
2747 2816
2747 2817
2748 2749
2748 2816
2748 2817
2748 2818
2749 2750
2749 2817
2749 2818
2749 2819
2750 2818
2750 2819
2750 2820
2751 2752
2751 2820
2751 2821
2751 2822
2752 2753
2752 2821
2752 2822
2752 2823
2753 2822
2753 2823
2753 2824
2754 2755
2754 2824
2754 2825
2754 2826
2755 2756
2755 2825
2755 2826
2755 2827
2756 2757
2756 2826
2756 2827
2756 2828
2757 2827
2757 2828
2757 2829
2758 2759
2758 2829
2758 2830
2758 2831
2759 2760
2759 2830
2759 2831
2759 2832
2760 2831
2760 2832
2761 2833
2762 2833
2762 2834
2763 2764
2763 2835
2763 2836
2764 2765
2764 2835
2764 2836
2765 2766
2765 2836
2765 2837
2766 2767
2766 2837
2766 2838
2767 2837
2767 2838
2767 2839
2768 2839
2768 2840
2769 2770
2769 2840
2769 2841
2770 2771
2770 2841
2770 2842
2771 2841
2771 2842
2771 2843
2772 2773
2772 2843
2772 2844
2772 2845
2773 2774
2773 2844
2773 2845
2773 2846
2774 2775
2774 2845
2774 2846
2774 2847
2775 2776
2775 2846
2775 2847
2775 2848
2776 2777
2776 2847
2776 2848
2776 2849
2777 2848
2777 2849
2777 2850
2778 2779
2778 2850
2778 2851
2778 2852
2779 2851
2779 2852
2779 2853
2780 2781
2780 2854
2781 2782
2782 2855
2783 2855
2783 2856
2783 2857
2784 2857
2784 2858
2784 2859
2785 2786
2785 2860
2785 2861
2785 2862
2786 2861
2786 2862
2786 2863
2787 2788
2787 2863
2787 2864
2787 2865
2788 2789
2788 2864
2788 2865
2788 2866
2789 2790
2789 2865
2789 2866
2789 2867
2790 2791
2790 2866
2790 2867
2790 2868
2791 2867
2791 2868
2791 2869
2792 2793
2792 2870
2792 2871
2792 2872
2793 2794
2793 2871
2793 2872
2793 2873
2794 2795
2794 2872
2794 2873
2794 2874
2795 2796
2795 2873
2795 2874
2795 2875
2796 2874
2796 2875
2797 2798
2797 2876
2797 2877
2798 2799
2798 2876
2798 2877
2798 2878
2799 2800
2799 2877
2799 2878
2800 2801
2800 2878
2801 2802
2801 2879
2802 2803
2802 2879
2802 2880
2803 2804
2803 2879
2803 2880
2804 2805
2804 2880
2804 2881
2805 2806
2805 2881
2805 2882
2806 2807
2806 2881
2806 2882
2806 2883
2807 2808
2807 2882
2807 2883
2807 2884
2808 2883
2808 2884
2808 2885
2809 2810
2809 2886
2809 2887
2810 2811
2810 2887
2810 2888
2811 2812
2811 2888
2811 2889
2812 2813
2812 2888
2812 2889
2813 2814
2813 2889
2813 2890
2814 2815
2814 2890
2815 2816
2815 2890
2815 2891
2816 2817
2816 2891
2816 2892
2817 2818
2817 2891
2817 2892
2818 2819
2818 2892
2818 2893
2819 2820
2819 2893
2819 2894
2820 2821
2820 2893
2820 2894
2820 2895
2821 2822
2821 2894
2821 2895
2821 2896
2822 2823
2822 2895
2822 2896
2822 2897
2823 2824
2823 2896
2823 2897
2823 2898
2824 2825
2824 2897
2824 2898
2824 2899
2825 2826
2825 2898
2825 2899
2826 2827
2826 2899
2826 2900
2827 2828
2827 2900
2827 2901
2828 2829
2828 2900
2828 2901
2828 2902
2829 2830
2829 2901
2829 2902
2829 2903
2830 2831
2830 2902
2830 2903
2830 2904
2831 2832
2831 2903
2831 2904
2831 2905
2832 2904
2832 2905
2832 2906
2833 2834
2833 2907
2833 2908
2834 2907
2834 2908
2835 2836
2835 2909
2835 2910
2836 2909
2836 2910
2837 2838
2837 2911
2838 2839
2838 2911
2839 2912
2840 2912
2840 2913
2840 2914
2841 2842
2841 2914
2841 2915
2842 2843
2842 2915
2842 2916
2843 2844
2843 2916
2843 2917
2844 2845
2844 2916
2844 2917
2844 2918
2845 2846
2845 2917
2845 2918
2845 2919
2846 2847
2846 2918
2846 2919
2847 2848
2847 2919
2848 2849
2848 2920
2849 2850
2849 2920
2850 2851
2850 2920
2851 2852
2851 2921
2852 2853
2852 2921
2852 2922
2853 2854
2853 2921
2853 2922
2853 2923
2854 2922
2854 2923
2854 2924
2855 2856
2855 2926
2856 2857
2856 2926
2856 2927
2857 2858
2857 2926
2857 2927
2858 2859
2858 2927
2858 2928
2859 2860
2859 2928
2859 2929
2860 2861
2860 2928
2860 2929
2861 2862
2861 2929
2861 2930
2862 2863
2862 2930
2862 2931
2863 2864
2863 2930
2863 2931
2864 2865
2864 2931
2864 2932
2865 2866
2865 2932
2866 2867
2866 2932
2866 2933
2867 2868
2867 2933
2867 2934
2868 2869
2868 2933
2868 2934
2868 2935
2869 2870
2869 2934
2869 2935
2869 2936
2870 2871
2870 2935
2870 2936
2870 2937
2871 2872
2871 2936
2871 2937
2871 2938
2872 2873
2872 2937
2872 2938
2873 2874
2873 2938
2873 2939
2874 2875
2874 2939
2874 2940
2875 2939
2875 2940
2875 2941
2876 2877
2876 2941
2876 2942
2876 2943
2877 2878
2877 2942
2877 2943
2877 2944
2878 2943
2878 2944
2878 2945
2879 2880
2879 2946
2879 2947
2880 2946
2880 2947
2880 2948
2881 2882
2881 2948
2881 2949
2882 2883
2882 2949
2883 2884
2883 2950
2884 2885
2884 2950
2884 2951
2885 2886
2885 2950
2885 2951
2885 2952
2886 2887
2886 2951
2886 2952
2886 2953
2887 2952
2887 2953
2887 2954
2888 2889
2888 2954
2888 2955
2888 2956
2889 2955
2889 2956
2889 2957
2890 2957
2890 2958
2890 2959
2891 2892
2891 2959
2891 2960
2892 2960
2892 2961
2893 2894
2893 2961
2893 2962
2894 2895
2894 2962
2894 2963
2895 2896
2895 2962
2895 2963
2895 2964
2896 2897
2896 2963
2896 2964
2896 2965
2897 2898
2897 2964
2897 2965
2897 2966
2898 2899
2898 2965
2898 2966
2899 2966
2900 2901
2900 2967
2900 2968
2901 2902
2901 2967
2901 2968
2901 2969
2902 2903
2902 2968
2902 2969
2903 2904
2903 2969
2903 2970
2904 2905
2904 2970
2905 2906
2905 2970
2905 2971
2906 2971
2906 2972
2907 2908
2907 2972
2907 2973
2907 2974
2908 2973
2908 2974
2909 2910
2909 2975
2909 2976
2910 2975
2910 2976
2910 2977
2911 2977
2911 2978
2911 2979
2912 2913
2912 2980
2912 2981
2913 2914
2913 2980
2913 2981
2913 2982
2914 2915
2914 2981
2914 2982
2914 2983
2915 2982
2915 2983
2916 2917
2916 2984
2916 2985
2917 2918
2917 2984
2917 2985
2918 2919
2918 2985
2918 2986
2919 2986
2919 2987
2920 2988
2920 2989
2921 2922
2921 2990
2921 2991
2921 2992
2922 2923
2922 2991
2922 2992
2922 2993
2923 2924
2923 2992
2923 2993
2923 2994
2924 2925
2924 2993
2924 2994
2924 2995
2925 2994
2925 2995
2925 2996
2926 2927
2926 2997
2926 2998
2927 2998
2927 2999
2928 2929
2928 2999
2928 3000
2928 3001
2929 3000
2929 3001
2930 2931
2930 3002
2931 3002
2931 3003
2932 3003
2932 3004
2933 2934
2933 3004
2933 3005
2934 2935
2934 3005
2934 3006
2935 2936
2935 3006
2935 3007
2936 2937
2936 3006
2936 3007
2937 2938
2937 3007
2937 3008
2938 3008
2938 3009
2939 2940
2939 3009
2939 3010
2940 2941
2940 3010
2940 3011
2941 2942
2941 3011
2941 3012
2942 2943
2942 3011
2942 3012
2942 3013
2943 2944
2943 3012
2943 3013
2943 3014
2944 2945
2944 3013
2944 3014
2944 3015
2945 3014
2945 3015
2945 3016
2946 2947
2946 3016
2946 3017
2946 3018
2947 2948
2947 3017
2947 3018
2948 2949
2948 3018
2948 3019
2949 3019
2949 3020
2950 2951
2950 3021
2951 2952
2951 3021
2951 3022
2952 2953
2952 3021
2952 3022
2953 2954
2953 3022
2953 3023
2954 2955
2954 3023
2954 3024
2955 2956
2955 3023
2955 3024
2955 3025
2956 2957
2956 3024
2956 3025
2956 3026
2957 2958
2957 3025
2957 3026
2957 3027
2958 2959
2958 3026
2958 3027
2958 3028
2959 3027
2959 3028
2959 3029
2960 2961
2960 3029
2960 3030
2960 3031
2961 3030
2961 3031
2961 3032
2962 2963
2962 3032
2962 3033
2962 3034
2963 2964
2963 3033
2963 3034
2963 3035
2964 2965
2964 3034
2964 3035
2964 3036
2965 2966
2965 3035
2965 3036
2965 3037
2966 3036
2966 3037
2967 2968
2967 3038
2967 3039
2968 2969
2968 3039
2968 3040
2969 3040
2971 2972
2971 3041
2971 3042
2972 2973
2972 3041
2972 3042
2972 3043
2973 2974
2973 3042
2973 3043
2974 3043
2975 2976
2975 3044
2975 3045
2976 2977
2976 3044
2976 3045
2976 3046
2977 2978
2977 3045
2977 3046
2977 3047
2978 2979
2978 3046
2978 3047
2979 3047
2979 3048
2980 2981
2980 3048
2980 3049
2981 2982
2981 3049
2981 3050
2982 2983
2982 3049
2982 3050
2982 3051
2983 3050
2983 3051
2984 2985
2984 3052
2985 3052
2985 3053
2986 2987
2986 3053
2986 3054
2987 2988
2987 3054
2987 3055
2988 3054
2988 3055
2988 3056
2989 2990
2989 3056
2989 3057
2990 2991
2990 3057
2990 3058
2991 2992
2991 3058
2991 3059
2992 2993
2992 3058
2992 3059
2992 3060
2993 2994
2993 3059
2993 3060
2993 3061
2994 2995
2994 3060
2994 3061
2994 3062
2995 2996
2995 3061
2995 3062
2995 3063
2996 2997
2996 3062
2996 3063
2997 2998
2997 3063
2997 3064
2998 3064
2998 3065
2999 3000
2999 3065
2999 3066
2999 3067
3000 3001
3000 3066
3000 3067
3001 3067
3002 3003
3002 3068
3003 3068
3004 3005
3004 3069
3004 3070
3005 3069
3005 3070
3005 3071
3006 3007
3006 3071
3006 3072
3006 3073
3007 3072
3007 3073
3007 3074
3008 3009
3008 3074
3008 3075
3009 3010
3009 3075
3009 3076
3010 3075
3010 3076
3010 3077
3011 3012
3011 3077
3011 3078
3011 3079
3012 3013
3012 3078
3012 3079
3012 3080
3013 3014
3013 3079
3013 3080
3013 3081
3014 3015
3014 3080
3014 3081
3015 3016
3015 3081
3015 3082
3016 3017
3016 3082
3016 3083
3017 3018
3017 3082
3017 3083
3017 3084
3018 3083
3018 3084
3019 3020
3019 3085
3019 3086
3020 3085
3020 3086
3020 3087
3021 3022
3021 3088
3021 3089
3021 3090
3022 3089
3022 3090
3022 3091
3023 3024
3023 3091
3023 3092
3024 3025
3024 3092
3025 3026
3025 3092
3025 3093
3026 3027
3026 3093
3026 3094
3027 3028
3027 3093
3027 3094
3027 3095
3028 3029
3028 3094
3028 3095
3028 3096
3029 3030
3029 3095
3029 3096
3030 3031
3030 3096
3030 3097
3031 3032
3031 3097
3031 3098
3032 3033
3032 3097
3032 3098
3032 3099
3033 3034
3033 3098
3033 3099
3033 3100
3034 3035
3034 3099
3034 3100
3034 3101
3035 3036
3035 3100
3035 3101
3035 3102
3036 3037
3036 3101
3036 3102
3036 3103
3037 3102
3037 3103
3037 3104
3038 3039
3038 3104
3038 3105
3038 3106
3039 3105
3039 3106
3039 3107
3040 3107
3040 3108
3040 3109
3041 3042
3041 3111
3041 3112
3041 3113
3042 3043
3042 3112
3042 3113
3042 3114
3043 3113
3043 3114
3044 3045
3044 3115
3044 3116
3045 3046
3045 3115
3045 3116
3045 3117
3046 3047
3046 3116
3046 3117
3046 3118
3047 3117
3047 3118
3048 3119
3048 3120
3049 3050
3049 3120
3049 3121
3049 3122
3050 3051
3050 3121
3050 3122
3050 3123
3051 3122
3051 3123
3051 3124
3052 3053
3052 3125
3052 3126
3052 3127
3053 3126
3053 3127
3053 3128
3054 3055
3054 3128
3054 3129
3054 3130
3055 3056
3055 3129
3055 3130
3056 3057
3056 3130
3057 3131
3058 3059
3058 3131
3058 3132
3058 3133
3059 3060
3059 3132
3059 3133
3059 3134
3060 3061
3060 3133
3060 3134
3060 3135
3061 3062
3061 3134
3061 3135
3061 3136
3062 3063
3062 3135
3062 3136
3062 3137
3063 3136
3063 3137
3063 3138
3064 3065
3064 3138
3064 3139
3064 3140
3065 3066
3065 3139
3065 3140
3066 3067
3066 3140
3066 3141
3067 3141
3067 3142
3068 3144
3068 3145
3069 3070
3069 3146
3069 3147
3069 3148
3070 3071
3070 3147
3070 3148
3070 3149
3071 3072
3071 3148
3071 3149
3071 3150
3072 3073
3072 3149
3072 3150
3072 3151
3073 3074
3073 3150
3073 3151
3073 3152
3074 3151
3074 3152
3074 3153
3075 3076
3075 3153
3075 3154
3075 3155
3076 3077
3076 3154
3076 3155
3077 3078
3077 3155
3077 3156
3078 3079
3078 3156
3078 3157
3079 3080
3079 3156
3079 3157
3079 3158
3080 3081
3080 3157
3080 3158
3081 3158
3081 3159
3082 3083
3082 3159
3083 3084
3083 3160
3084 3160
3084 3161
3085 3086
3085 3161
3085 3162
3086 3087
3086 3162
3086 3163
3087 3088
3087 3163
3088 3089
3088 3163
3088 3164
3089 3090
3089 3164
3090 3091
3090 3164
3090 3165
3091 3165
3092 3166
3092 3167
3093 3094
3093 3167
3093 3168
3093 3169
3094 3095
3094 3168
3094 3169
3094 3170
3095 3096
3095 3169
3095 3170
3095 3171
3096 3170
3096 3171
3096 3172
3097 3098
3097 3172
3097 3173
3098 3099
3098 3173
3099 3100
3099 3173
3099 3174
3100 3101
3100 3174
3100 3175
3101 3102
3101 3174
3101 3175
3101 3176
3102 3103
3102 3175
3102 3176
3103 3104
3103 3176
3103 3177
3104 3105
3104 3177
3104 3178
3105 3106
3105 3177
3105 3178
3105 3179
3106 3107
3106 3178
3106 3179
3106 3180
3107 3108
3107 3179
3107 3180
3107 3181
3108 3109
3108 3180
3108 3181
3108 3182
3109 3110
3109 3181
3109 3182
3109 3183
3110 3111
3110 3182
3110 3183
3110 3184
3111 3112
3111 3183
3111 3184
3111 3185
3112 3113
3112 3184
3112 3185
3112 3186
3113 3114
3113 3185
3113 3186
3113 3187
3114 3186
3114 3187
3114 3188
3115 3116
3115 3189
3116 3117
3116 3189
3116 3190
3117 3118
3117 3190
3117 3191
3118 3190
3118 3191
3118 3192
3119 3120
3119 3192
3119 3193
3119 3194
3120 3121
3120 3193
3120 3194
3121 3122
3121 3194
3121 3195
3122 3123
3122 3195
3122 3196
3123 3124
3123 3195
3123 3196
3123 3197
3124 3125
3124 3196
3124 3197
3124 3198
3125 3126
3125 3197
3125 3198
3125 3199
3126 3127
3126 3198
3126 3199
3126 3200
3127 3128
3127 3199
3127 3200
3127 3201
3128 3129
3128 3200
3128 3201
3128 3202
3129 3130
3129 3201
3129 3202
3129 3203
3130 3202
3130 3203
3130 3204
3131 3132
3131 3205
3131 3206
3131 3207
3132 3133
3132 3206
3132 3207
3132 3208
3133 3134
3133 3207
3133 3208
3133 3209
3134 3135
3134 3208
3134 3209
3135 3136
3135 3209
3136 3137
3136 3210
3137 3138
3137 3210
3137 3211
3138 3139
3138 3210
3138 3211
3139 3140
3139 3211
3139 3212
3140 3212
3141 3142
3141 3213
3141 3214
3142 3143
3142 3213
3142 3214
3142 3215
3143 3214
3143 3215
3143 3216
3144 3145
3144 3216
3144 3217
3144 3218
3145 3146
3145 3217
3145 3218
3145 3219
3146 3147
3146 3218
3146 3219
3146 3220
3147 3148
3147 3219
3147 3220
3147 3221
3148 3149
3148 3220
3148 3221
3148 3222
3149 3150
3149 3221
3149 3222
3149 3223
3150 3151
3150 3222
3150 3223
3150 3224
3151 3152
3151 3223
3151 3224
3151 3225
3152 3153
3152 3224
3152 3225
3152 3226
3153 3154
3153 3225
3153 3226
3153 3227
3154 3155
3154 3226
3154 3227
3154 3228
3155 3227
3155 3228
3155 3229
3156 3157
3156 3229
3156 3230
3156 3231
3157 3158
3157 3230
3157 3231
3157 3232
3158 3231
3158 3232
3158 3233
3159 3233
3159 3234
3159 3235
3160 3161
3160 3236
3160 3237
3160 3238
3161 3162
3161 3237
3161 3238
3161 3239
3162 3238
3162 3239
3162 3240
3163 3240
3163 3241
3163 3242
3164 3242
3164 3243
3164 3244
3165 3244
3165 3245
3165 3246
3166 3167
3166 3246
3166 3247
3166 3248
3167 3168
3167 3247
3167 3248
3167 3249
3168 3169
3168 3248
3168 3249
3169 3170
3169 3249
3170 3171
3171 3172
3171 3250
3172 3250
3172 3251
3173 3251
3173 3252
3173 3253
3174 3175
3174 3253
3174 3254
3174 3255
3175 3176
3175 3254
3175 3255
3175 3256
3176 3255
3176 3256
3176 3257
3177 3178
3177 3257
3177 3258
3178 3179
3178 3258
3178 3259
3179 3180
3179 3258
3179 3259
3179 3260
3180 3181
3180 3259
3180 3260
3181 3182
3181 3260
3181 3261
3182 3183
3182 3261
3182 3262
3183 3184
3183 3261
3183 3262
3183 3263
3184 3185
3184 3262
3184 3263
3184 3264
3185 3186
3185 3263
3185 3264
3185 3265
3186 3187
3186 3264
3186 3265
3186 3266
3187 3188
3187 3265
3187 3266
3188 3266
3189 3267
3189 3268
3190 3191
3190 3268
3190 3269
3190 3270
3191 3192
3191 3269
3191 3270
3191 3271
3192 3193
3192 3270
3192 3271
3192 3272
3193 3194
3193 3271
3193 3272
3193 3273
3194 3272
3194 3273
3194 3274
3195 3196
3195 3274
3195 3275
3196 3197
3196 3275
3197 3198
3197 3275
3197 3276
3198 3199
3198 3276
3198 3277
3199 3200
3199 3276
3199 3277
3199 3278
3200 3201
3200 3277
3200 3278
3200 3279
3201 3202
3201 3278
3201 3279
3201 3280
3202 3203
3202 3279
3202 3280
3202 3281
3203 3204
3203 3280
3203 3281
3203 3282
3204 3205
3204 3281
3204 3282
3204 3283
3205 3206
3205 3282
3205 3283
3205 3284
3206 3207
3206 3283
3206 3284
3207 3208
3207 3284
3207 3285
3208 3209
3208 3285
3209 3285
3209 3286
3210 3211
3210 3287
3210 3288
3211 3288
3212 3289
3212 3290
3213 3214
3213 3290
3213 3291
3213 3292
3214 3215
3214 3291
3214 3292
3214 3293
3215 3216
3215 3292
3215 3293
3215 3294
3216 3217
3216 3293
3216 3294
3216 3295
3217 3218
3217 3294
3217 3295
3217 3296
3218 3219
3218 3295
3218 3296
3218 3297
3219 3220
3219 3296
3219 3297
3219 3298
3220 3221
3220 3297
3220 3298
3220 3299
3221 3222
3221 3298
3221 3299
3222 3223
3222 3299
3222 3300
3223 3224
3223 3300
3223 3301
3224 3225
3224 3300
3224 3301
3224 3302
3225 3226
3225 3301
3225 3302
3225 3303
3226 3227
3226 3302
3226 3303
3227 3228
3227 3303
3227 3304
3228 3229
3228 3304
3228 3305
3229 3230
3229 3304
3229 3305
3229 3306
3230 3231
3230 3305
3230 3306
3230 3307
3231 3232
3231 3306
3231 3307
3231 3308
3232 3233
3232 3307
3232 3308
3232 3309
3233 3234
3233 3308
3233 3309
3234 3235
3234 3309
3234 3310
3235 3236
3235 3310
3235 3311
3236 3237
3236 3310
3236 3311
3236 3312
3237 3238
3237 3311
3237 3312
3237 3313
3238 3239
3238 3312
3238 3313
3238 3314
3239 3240
3239 3313
3239 3314
3239 3315
3240 3241
3240 3314
3240 3315
3241 3242
3241 3315
3241 3316
3242 3243
3242 3316
3242 3317
3243 3244
3243 3316
3243 3317
3244 3245
3244 3317
3245 3246
3245 3318
3246 3247
3246 3318
3246 3319
3247 3248
3247 3318
3247 3319
3248 3249
3248 3319
3248 3320
3249 3320
3249 3321
3250 3251
3250 3323
3250 3324
3250 3325
3251 3252
3251 3324
3251 3325
3251 3326
3252 3253
3252 3325
3252 3326
3252 3327
3253 3254
3253 3326
3253 3327
3253 3328
3254 3255
3254 3327
3254 3328
3254 3329
3255 3256
3255 3328
3255 3329
3255 3330
3256 3257
3256 3329
3256 3330
3257 3330
3258 3259
3258 3331
3258 3332
3259 3260
3259 3331
3259 3332
3259 3333
3260 3332
3260 3333
3260 3334
3261 3262
3261 3334
3261 3335
3262 3263
3262 3335
3263 3264
3263 3335
3264 3265
3264 3336
3265 3266
3265 3336
3266 3336
3266 3337
3267 3268
3267 3338
3268 3269
3268 3338
3268 3339
3269 3270
3269 3338
3269 3339
3269 3340
3270 3271
3270 3339
3270 3340
3271 3272
3271 3340
3271 3341
3272 3273
3272 3341
3272 3342
3273 3274
3273 3341
3273 3342
3273 3343
3274 3342
3274 3343
3274 3344
3275 3344
3275 3345
3275 3346
3276 3277
3276 3346
3276 3347
3277 3278
3277 3347
3277 3348
3278 3279
3278 3347
3278 3348
3278 3349
3279 3280
3279 3348
3279 3349
3279 3350
3280 3281
3280 3349
3280 3350
3280 3351
3281 3282
3281 3350
3281 3351
3281 3352
3282 3283
3282 3351
3282 3352
3282 3353
3283 3284
3283 3352
3283 3353
3283 3354
3284 3353
3284 3354
3285 3355
3286 3287
3286 3355
3286 3356
3286 3357
3287 3288
3287 3356
3287 3357
3288 3357
3288 3358
3289 3290
3289 3359
3289 3360
3290 3291
3290 3360
3290 3361
3291 3292
3291 3360
3291 3361
3291 3362
3292 3293
3292 3361
3292 3362
3293 3294
3293 3362
3293 3363
3294 3295
3294 3363
3294 3364
3295 3296
3295 3363
3295 3364
3295 3365
3296 3297
3296 3364
3296 3365
3296 3366
3297 3298
3297 3365
3297 3366
3297 3367
3298 3299
3298 3366
3298 3367
3299 3367
3299 3368
3300 3301
3300 3368
3300 3369
3301 3302
3301 3369
3301 3370
3302 3303
3302 3370
3302 3371
3303 3370
3303 3371
3304 3305
3304 3372
3304 3373
3305 3306
3305 3372
3305 3373
3305 3374
3306 3307
3306 3373
3306 3374
3306 3375
3307 3308
3307 3374
3307 3375
3307 3376
3308 3309
3308 3375
3308 3376
3308 3377
3309 3376
3309 3377
3309 3378
3310 3311
3310 3378
3310 3379
3310 3380
3311 3312
3311 3379
3311 3380
3311 3381
3312 3313
3312 3380
3312 3381
3312 3382
3313 3314
3313 3381
3313 3382
3313 3383
3314 3315
3314 3382
3314 3383
3315 3383
3315 3384
3316 3317
3316 3384
3316 3385
3316 3386
3317 3385
3317 3386
3317 3387
3318 3319
3318 3388
3318 3389
3319 3388
3319 3389
3320 3321
3320 3390
3321 3322
3321 3390
3321 3391
3322 3323
3322 3390
3322 3391
3322 3392
3323 3324
3323 3391
3323 3392
3323 3393
3324 3325
3324 3392
3324 3393
3324 3394
3325 3326
3325 3393
3325 3394
3326 3327
3326 3394
3326 3395
3327 3328
3327 3395
3327 3396
3328 3329
3328 3395
3328 3396
3328 3397
3329 3330
3329 3396
3329 3397
3329 3398
3330 3397
3330 3398
3330 3399
3331 3332
3331 3400
3331 3401
3332 3333
3332 3400
3332 3401
3333 3334
3333 3401
3333 3402
3334 3402
3334 3403
3335 3403
3335 3404
3335 3405
3336 3406
3336 3407
3336 3408
3337 3408
3337 3409
3338 3339
3338 3410
3338 3411
3338 3412
3339 3340
3339 3411
3339 3412
3339 3413
3340 3412
3340 3413
3340 3414
3341 3342
3341 3414
3341 3415
3341 3416
3342 3343
3342 3415
3342 3416
3342 3417
3343 3344
3343 3416
3343 3417
3343 3418
3344 3345
3344 3417
3344 3418
3344 3419
3345 3346
3345 3418
3345 3419
3345 3420
3346 3419
3346 3420
3346 3421
3347 3348
3347 3421
3347 3422
3347 3423
3348 3349
3348 3422
3348 3423
3348 3424
3349 3350
3349 3423
3349 3424
3349 3425
3350 3351
3350 3424
3350 3425
3350 3426
3351 3352
3351 3425
3351 3426
3351 3427
3352 3353
3352 3426
3352 3427
3352 3428
3353 3354
3353 3427
3353 3428
3353 3429
3354 3428
3354 3429
3354 3430
3355 3356
3355 3431
3355 3432
3355 3433
3356 3357
3356 3432
3356 3433
3356 3434
3357 3433
3357 3434
3358 3359
3358 3435
3358 3436
3359 3435
3359 3436
3360 3361
3360 3437
3360 3438
3361 3362
3361 3437
3361 3438
3361 3439
3362 3438
3362 3439
3363 3364
3363 3440
3364 3365
3364 3440
3364 3441
3365 3366
3365 3441
3365 3442
3366 3367
3366 3441
3366 3442
3366 3443
3367 3442
3367 3443
3367 3444
3368 3369
3368 3444
3368 3445
3369 3445
3370 3371
3370 3446
3370 3447
3371 3446
3371 3447
3371 3448
3372 3373
3372 3448
3372 3449
3373 3374
3373 3449
3373 3450
3374 3375
3374 3450
3374 3451
3375 3376
3375 3450
3375 3451
3375 3452
3376 3377
3376 3451
3376 3452
3377 3378
3377 3452
3377 3453
3378 3379
3378 3453
3378 3454
3379 3380
3379 3453
3379 3454
3379 3455
3380 3381
3380 3454
3380 3455
3380 3456
3381 3382
3381 3455
3381 3456
3381 3457
3382 3383
3382 3456
3382 3457
3382 3458
3383 3457
3383 3458
3383 3459
3384 3385
3384 3459
3384 3460
3385 3386
3385 3460
3385 3461
3386 3387
3386 3461
3386 3462
3387 3461
3387 3462
3387 3463
3388 3389
3388 3463
3388 3464
3389 3464
3389 3465
3390 3391
3390 3466
3390 3467
3390 3468
3391 3392
3391 3467
3391 3468
3391 3469
3392 3393
3392 3468
3392 3469
3392 3470
3393 3394
3393 3469
3393 3470
3393 3471
3394 3470
3394 3471
3394 3472
3395 3396
3395 3472
3395 3473
3395 3474
3396 3397
3396 3473
3396 3474
3396 3475
3397 3398
3397 3474
3397 3475
3397 3476
3398 3399
3398 3475
3398 3476
3398 3477
3399 3476
3399 3477
3400 3401
3400 3478
3400 3479
3401 3478
3401 3479
3401 3480
3402 3403
3402 3480
3402 3481
3402 3482
3403 3404
3403 3481
3403 3482
3404 3405
3404 3482
3404 3483
3405 3406
3405 3483
3405 3484
3406 3407
3406 3483
3406 3484
3407 3408
3407 3484
3407 3485
3408 3409
3408 3485
3408 3486
3409 3485
3409 3486
3410 3411
3410 3487
3411 3412
3411 3487
3411 3488
3412 3413
3412 3488
3412 3489
3413 3414
3413 3488
3413 3489
3413 3490
3414 3415
3414 3489
3414 3490
3414 3491
3415 3416
3415 3490
3415 3491
3415 3492
3416 3417
3416 3491
3416 3492
3417 3418
3417 3492
3417 3493
3418 3419
3418 3493
3418 3494
3419 3420
3419 3493
3419 3494
3419 3495
3420 3421
3420 3494
3420 3495
3420 3496
3421 3422
3421 3495
3421 3496
3421 3497
3422 3423
3422 3496
3422 3497
3422 3498
3423 3424
3423 3497
3423 3498
3424 3425
3424 3498
3425 3426
3425 3499
3426 3427
3426 3499
3426 3500
3427 3428
3427 3499
3427 3500
3427 3501
3428 3429
3428 3500
3428 3501
3428 3502
3429 3430
3429 3501
3429 3502
3429 3503
3430 3431
3430 3502
3430 3503
3430 3504
3431 3432
3431 3503
3431 3504
3431 3505
3432 3433
3432 3504
3432 3505
3432 3506
3433 3434
3433 3505
3433 3506
3433 3507
3434 3506
3434 3507
3434 3508
3435 3436
3435 3508
3435 3509
3435 3510
3436 3509
3436 3510
3436 3511
3437 3438
3437 3511
3437 3512
3438 3439
3438 3512
3438 3513
3439 3513
3439 3514
3440 3514
3440 3515
3440 3516
3441 3442
3441 3516
3441 3517
3441 3518
3442 3443
3442 3517
3442 3518
3442 3519
3443 3444
3443 3518
3443 3519
3443 3520
3444 3519
3444 3520
3444 3521
3445 3521
3445 3522
3445 3523
3446 3447
3446 3523
3446 3524
3447 3448
3447 3524
3447 3525
3448 3449
3448 3525
3448 3526
3449 3525
3449 3526
3449 3527
3450 3451
3450 3527
3450 3528
3450 3529
3451 3452
3451 3528
3451 3529
3451 3530
3452 3529
3452 3530
3452 3531
3453 3454
3453 3531
3453 3532
3453 3533
3454 3455
3454 3532
3454 3533
3454 3534
3455 3456
3455 3533
3455 3534
3456 3457
3456 3534
3456 3535
3457 3458
3457 3535
3457 3536
3458 3459
3458 3535
3458 3536
3459 3460
3459 3536
3459 3537
3460 3537
3460 3538
3461 3462
3461 3538
3461 3539
3461 3540
3462 3463
3462 3539
3462 3540
3462 3541
3463 3464
3463 3540
3463 3541
3463 3542
3464 3541
3464 3542
3464 3543
3465 3466
3465 3543
3465 3544
3465 3545
3466 3467
3466 3544
3466 3545
3467 3468
3467 3545
3467 3546
3468 3469
3468 3546
3468 3547
3469 3470
3469 3546
3469 3547
3469 3548
3470 3471
3470 3547
3470 3548
3470 3549
3471 3472
3471 3548
3471 3549
3472 3473
3472 3549
3473 3474
3474 3475
3474 3550
3475 3476
3475 3550
3475 3551
3476 3477
3476 3550
3476 3551
3476 3552
3477 3551
3477 3552
3477 3553
3478 3479
3478 3553
3478 3554
3478 3555
3479 3480
3479 3554
3479 3555
3479 3556
3480 3481
3480 3555
3480 3556
3480 3557
3481 3482
3481 3556
3481 3557
3481 3558
3482 3557
3482 3558
3482 3559
3483 3484
3483 3559
3483 3560
3484 3560
3484 3561
3485 3486
3485 3561
3485 3562
3485 3563
3486 3562
3486 3563
3487 3564
3487 3565
3488 3489
3488 3565
3488 3566
3489 3490
3489 3566
3489 3567
3490 3491
3490 3567
3490 3568
3491 3492
3491 3567
3491 3568
3491 3569
3492 3568
3492 3569
3492 3570
3493 3494
3493 3570
3493 3571
3493 3572
3494 3495
3494 3571
3494 3572
3494 3573
3495 3496
3495 3572
3495 3573
3496 3497
3496 3573
3496 3574
3497 3498
3497 3574
3497 3575
3498 3574
3498 3575
3498 3576
3499 3500
3500 3501
3500 3577
3501 3502
3501 3577
3501 3578
3502 3503
3502 3577
3502 3578
3502 3579
3503 3504
3503 3578
3503 3579
3503 3580
3504 3505
3504 3579
3504 3580
3504 3581
3505 3506
3505 3580
3505 3581
3505 3582
3506 3507
3506 3581
3506 3582
3507 3508
3507 3582
3507 3583
3508 3509
3508 3583
3508 3584
3509 3510
3509 3583
3509 3584
3509 3585
3510 3511
3510 3584
3510 3585
3510 3586
3511 3512
3511 3585
3511 3586
3511 3587
3512 3586
3512 3587
3512 3588
3513 3514
3513 3588
3513 3589
3513 3590
3514 3515
3514 3589
3514 3590
3514 3591
3515 3516
3515 3590
3515 3591
3516 3517
3516 3591
3516 3592
3517 3518
3517 3592
3517 3593
3518 3519
3518 3592
3518 3593
3518 3594
3519 3520
3519 3593
3519 3594
3519 3595
3520 3521
3520 3594
3520 3595
3520 3596
3521 3522
3521 3595
3521 3596
3521 3597
3522 3523
3522 3596
3522 3597
3522 3598
3523 3524
3523 3597
3523 3598
3524 3598
3524 3599
3525 3526
3525 3599
3525 3600
3526 3527
3526 3600
3526 3601
3527 3528
3527 3600
3527 3601
3527 3602
3528 3529
3528 3601
3528 3602
3528 3603
3529 3530
3529 3602
3529 3603
3529 3604
3530 3531
3530 3603
3530 3604
3530 3605
3531 3532
3531 3604
3531 3605
3531 3606
3532 3533
3532 3605
3532 3606
3532 3607
3533 3534
3533 3606
3533 3607
3533 3608
3534 3607
3534 3608
3534 3609
3535 3536
3535 3609
3536 3610
3537 3538
3537 3610
3537 3611
3537 3612
3538 3539
3538 3611
3538 3612
3538 3613
3539 3540
3539 3612
3539 3613
3539 3614
3540 3541
3540 3613
3540 3614
3540 3615
3541 3542
3541 3614
3541 3615
3541 3616
3542 3543
3542 3615
3542 3616
3542 3617
3543 3544
3543 3616
3543 3617
3543 3618
3544 3545
3544 3617
3544 3618
3544 3619
3545 3618
3545 3619
3545 3620
3546 3547
3546 3620
3546 3621
3547 3548
3547 3621
3547 3622
3548 3549
3548 3622
3548 3623
3549 3622
3549 3623
3549 3624
3550 3551
3550 3626
3550 3627
3550 3628
3551 3552
3551 3627
3551 3628
3551 3629
3552 3553
3552 3628
3552 3629
3552 3630
3553 3554
3553 3629
3553 3630
3553 3631
3554 3555
3554 3630
3554 3631
3554 3632
3555 3556
3555 3631
3555 3632
3555 3633
3556 3557
3556 3632
3556 3633
3556 3634
3557 3558
3557 3633
3557 3634
3557 3635
3558 3559
3558 3634
3558 3635
3558 3636
3559 3635
3559 3636
3559 3637
3560 3561
3560 3637
3560 3638
3560 3639
3561 3562
3561 3638
3561 3639
3561 3640
3562 3563
3562 3639
3562 3640
3562 3641
3563 3640
3563 3641
3564 3565
3564 3642
3565 3566
3565 3642
3566 3642
3567 3568
3567 3643
3567 3644
3568 3569
3568 3643
3568 3644
3568 3645
3569 3570
3569 3644
3569 3645
3569 3646
3570 3571
3570 3645
3570 3646
3570 3647
3571 3572
3571 3646
3571 3647
3571 3648
3572 3573
3572 3647
3572 3648
3573 3648
3573 3649
3574 3575
3574 3649
3574 3650
3574 3651
3575 3576
3575 3650
3575 3651
3575 3652
3576 3651
3576 3652
3576 3653
3577 3578
3577 3655
3577 3656
3577 3657
3578 3579
3578 3656
3578 3657
3578 3658
3579 3580
3579 3657
3579 3658
3580 3581
3580 3658
3580 3659
3581 3582
3581 3659
3581 3660
3582 3659
3582 3660
3582 3661
3583 3584
3583 3661
3584 3585
3584 3662
3585 3586
3585 3662
3585 3663
3586 3587
3586 3662
3586 3663
3586 3664
3587 3588
3587 3663
3587 3664
3587 3665
3588 3589
3588 3664
3588 3665
3588 3666
3589 3590
3589 3665
3589 3666
3589 3667
3590 3591
3590 3666
3590 3667
3590 3668
3591 3667
3591 3668
3591 3669
3592 3593
3592 3669
3592 3670
3592 3671
3593 3594
3593 3670
3593 3671
3593 3672
3594 3595
3594 3671
3594 3672
3594 3673
3595 3596
3595 3672
3595 3673
3595 3674
3596 3597
3596 3673
3596 3674
3596 3675
3597 3598
3597 3674
3597 3675
3597 3676
3598 3675
3598 3676
3598 3677
3599 3677
3600 3601
3600 3678
3600 3679
3601 3602
3601 3678
3601 3679
3601 3680
3602 3603
3602 3679
3602 3680
3602 3681
3603 3604
3603 3680
3603 3681
3603 3682
3604 3605
3604 3681
3604 3682
3604 3683
3605 3606
3605 3682
3605 3683
3605 3684
3606 3607
3606 3683
3606 3684
3606 3685
3607 3608
3607 3684
3607 3685
3607 3686
3608 3609
3608 3685
3608 3686
3608 3687
3609 3686
3609 3687
3610 3611
3610 3688
3611 3612
3611 3688
3611 3689
3612 3613
3612 3689
3613 3614
3613 3689
3614 3615
3614 3690
3615 3616
3615 3690
3615 3691
3616 3617
3616 3690
3616 3691
3616 3692
3617 3618
3617 3691
3617 3692
3617 3693
3618 3619
3618 3692
3618 3693
3618 3694
3619 3620
3619 3693
3619 3694
3619 3695
3620 3621
3620 3694
3620 3695
3620 3696
3621 3695
3621 3696
3621 3697
3622 3623
3622 3697
3622 3698
3622 3699
3623 3624
3623 3698
3623 3699
3624 3625
3624 3699
3625 3626
3625 3700
3626 3627
3626 3700
3626 3701
3627 3628
3627 3700
3627 3701
3627 3702
3628 3629
3628 3701
3628 3702
3629 3630
3629 3702
3630 3631
3630 3703
3631 3632
3631 3703
3632 3633
3632 3703
3632 3704
3633 3634
3633 3704
3633 3705
3634 3635
3634 3704
3634 3705
3634 3706
3635 3636
3635 3705
3635 3706
3636 3637
3636 3706
3636 3707
3637 3638
3637 3707
3637 3708
3638 3639
3638 3707
3638 3708
3639 3640
3639 3708
3639 3709
3640 3641
3640 3709
3640 3710
3641 3709
3641 3710
3642 3711
3642 3712
3643 3644
3643 3713
3643 3714
3643 3715
3644 3645
3644 3714
3644 3715
3644 3716
3645 3646
3645 3715
3645 3716
3645 3717
3646 3647
3646 3716
3646 3717
3646 3718
3647 3648
3647 3717
3647 3718
3647 3719
3648 3718
3648 3719
3648 3720
3649 3650
3649 3720
3649 3721
3650 3651
3650 3721
3650 3722
3651 3652
3651 3722
3652 3653
3652 3722
3652 3723
3653 3654
3653 3723
3653 3724
3654 3655
3654 3723
3654 3724
3655 3656
3655 3724
3655 3725
3656 3657
3656 3725
3656 3726
3657 3658
3657 3725
3657 3726
3657 3727
3658 3726
3658 3727
3658 3728
3659 3660
3659 3728
3659 3729
3659 3730
3660 3661
3660 3729
3660 3730
3660 3731
3661 3730
3661 3731
3661 3732
3662 3663
3662 3733
3662 3734
3662 3735
3663 3664
3663 3734
3663 3735
3663 3736
3664 3665
3664 3735
3664 3736
3665 3666
3665 3736
3665 3737
3666 3667
3666 3737
3666 3738
3667 3668
3667 3737
3667 3738
3667 3739
3668 3669
3668 3738
3668 3739
3668 3740
3669 3670
3669 3739
3669 3740
3669 3741
3670 3671
3670 3740
3670 3741
3670 3742
3671 3672
3671 3741
3671 3742
3671 3743
3672 3673
3672 3742
3672 3743
3673 3674
3673 3743
3673 3744
3674 3675
3674 3744
3674 3745
3675 3676
3675 3744
3675 3745
3675 3746
3676 3677
3676 3745
3676 3746
3676 3747
3677 3746
3677 3747
3677 3748
3678 3679
3678 3749
3678 3750
3678 3751
3679 3680
3679 3750
3679 3751
3680 3681
3680 3751
3680 3752
3681 3682
3681 3752
3681 3753
3682 3683
3682 3752
3682 3753
3682 3754
3683 3684
3683 3753
3683 3754
3683 3755
3684 3685
3684 3754
3684 3755
3684 3756
3685 3686
3685 3755
3685 3756
3686 3687
3686 3756
3686 3757
3687 3757
3687 3758
3688 3759
3688 3760
3688 3761
3689 3761
3689 3762
3689 3763
3690 3691
3690 3764
3690 3765
3690 3766
3691 3692
3691 3765
3691 3766
3691 3767
3692 3693
3692 3766
3692 3767
3692 3768
3693 3694
3693 3767
3693 3768
3694 3695
3694 3768
3694 3769
3695 3696
3695 3769
3695 3770
3696 3697
3696 3769
3696 3770
3696 3771
3697 3698
3697 3770
3697 3771
3697 3772
3698 3699
3698 3771
3698 3772
3699 3772
3699 3773
3700 3701
3700 3774
3700 3775
3700 3776
3701 3702
3701 3775
3701 3776
3701 3777
3702 3776
3702 3777
3702 3778
3703 3779
3703 3780
3704 3705
3704 3780
3704 3781
3704 3782
3705 3706
3705 3781
3705 3782
3705 3783
3706 3782
3706 3783
3707 3708
3707 3784
3707 3785
3708 3784
3708 3785
3709 3710
3709 3786
3709 3787
3710 3786
3710 3787
3711 3788
3711 3789
3712 3713
3712 3789
3712 3790
3712 3791
3713 3714
3713 3790
3713 3791
3713 3792
3714 3715
3714 3791
3714 3792
3714 3793
3715 3716
3715 3792
3715 3793
3715 3794
3716 3717
3716 3793
3716 3794
3716 3795
3717 3718
3717 3794
3717 3795
3717 3796
3718 3719
3718 3795
3718 3796
3718 3797
3719 3720
3719 3796
3719 3797
3719 3798
3720 3721
3720 3797
3720 3798
3720 3799
3721 3798
3721 3799
3721 3800
3722 3800
3722 3801
3722 3802
3723 3724
3723 3802
3723 3803
3723 3804
3724 3803
3724 3804
3724 3805
3725 3726
3725 3805
3725 3806
3726 3727
3726 3806
3726 3807
3727 3728
3727 3807
3727 3808
3728 3729
3728 3807
3728 3808
3728 3809
3729 3730
3729 3808
3729 3809
3730 3731
3730 3809
3730 3810
3731 3732
3731 3810
3731 3811
3732 3733
3732 3810
3732 3811
3732 3812
3733 3734
3733 3811
3733 3812
3733 3813
3734 3735
3734 3812
3734 3813
3734 3814
3735 3736
3735 3813
3735 3814
3735 3815
3736 3814
3736 3815
3736 3816
3737 3738
3737 3816
3737 3817
3737 3818
3738 3739
3738 3817
3738 3818
3738 3819
3739 3740
3739 3818
3739 3819
3739 3820
3740 3741
3740 3819
3740 3820
3741 3742
3741 3820
3741 3821
3742 3743
3742 3821
3743 3821
3743 3822
3744 3745
3744 3822
3744 3823
3744 3824
3745 3746
3745 3823
3745 3824
3745 3825
3746 3747
3746 3824
3746 3825
3747 3748
3747 3825
3747 3826
3748 3749
3748 3826
3748 3827
3749 3750
3749 3826
3749 3827
3749 3828
3750 3751
3750 3827
3750 3828
3751 3828
3752 3753
3752 3829
3752 3830
3753 3754
3753 3829
3753 3830
3753 3831
3754 3755
3754 3830
3754 3831
3754 3832
3755 3756
3755 3831
3755 3832
3755 3833
3756 3832
3756 3833
3756 3834
3757 3758
3757 3834
3757 3835
3758 3759
3758 3835
3758 3836
3759 3760
3759 3836
3759 3837
3760 3761
3760 3836
3760 3837
3760 3838
3761 3762
3761 3837
3761 3838
3761 3839
3762 3763
3762 3838
3762 3839
3763 3764
3763 3839
3763 3840
3764 3765
3764 3840
3764 3841
3765 3766
3765 3840
3765 3841
3765 3842
3766 3767
3766 3841
3766 3842
3766 3843
3767 3768
3767 3842
3767 3843
3767 3844
3768 3843
3768 3844
3768 3845
3769 3770
3769 3845
3769 3846
3769 3847
3770 3771
3770 3846
3770 3847
3770 3848
3771 3772
3771 3847
3771 3848
3771 3849
3772 3848
3772 3849
3772 3850
3773 3774
3773 3850
3773 3851
3774 3775
3774 3851
3775 3776
3775 3851
3775 3852
3776 3777
3776 3852
3776 3853
3777 3778
3777 3852
3777 3853
3778 3853
3779 3780
3779 3854
3779 3855
3780 3781
3780 3854
3780 3855
3780 3856
3781 3782
3781 3855
3781 3856
3781 3857
3782 3783
3782 3856
3782 3857
3783 3857
3783 3858
3784 3785
3784 3858
3784 3859
3784 3860
3785 3859
3785 3860
3785 3861
3786 3787
3786 3861
3786 3862
3787 3862
3788 3789
3788 3863
3788 3864
3789 3790
3789 3863
3789 3864
3789 3865
3790 3791
3790 3864
3790 3865
3791 3792
3791 3865
3791 3866
3792 3793
3792 3866
3792 3867
3793 3794
3793 3866
3793 3867
3793 3868
3794 3795
3794 3867
3794 3868
3794 3869
3795 3796
3795 3868
3795 3869
3795 3870
3796 3797
3796 3869
3796 3870
3796 3871
3797 3798
3797 3870
3797 3871
3797 3872
3798 3799
3798 3871
3798 3872
3798 3873
3799 3800
3799 3872
3799 3873
3799 3874
3800 3801
3800 3873
3800 3874
3800 3875
3801 3802
3801 3874
3801 3875
3801 3876
3802 3803
3802 3875
3802 3876
3802 3877
3803 3804
3803 3876
3803 3877
3803 3878
3804 3805
3804 3877
3804 3878
3805 3806
3805 3878
3805 3879
3806 3879
3807 3808
3807 3880
3807 3881
3808 3809
3808 3880
3808 3881
3809 3881
3809 3882
3810 3811
3810 3882
3810 3883
3810 3884
3811 3812
3811 3883
3811 3884
3811 3885
3812 3813
3812 3884
3812 3885
3812 3886
3813 3814
3813 3885
3813 3886
3813 3887
3814 3815
3814 3886
3814 3887
3814 3888
3815 3816
3815 3887
3815 3888
3815 3889
3816 3817
3816 3888
3816 3889
3816 3890
3817 3818
3817 3889
3817 3890
3818 3819
3818 3890
3818 3891
3819 3820
3819 3891
3820 3891
3820 3892
3821 3892
3821 3893
3821 3894
3822 3823
3822 3894
3822 3895
3823 3824
3823 3895
3823 3896
3824 3825
3824 3896
3824 3897
3825 3896
3825 3897
3826 3827
3826 3898
3827 3828
3827 3898
3827 3899
3828 3899
3828 3900
3829 3830
3829 3901
3829 3902
3829 3903
3830 3831
3830 3902
3830 3903
3830 3904
3831 3832
3831 3903
3831 3904
3831 3905
3832 3833
3832 3904
3832 3905
3832 3906
3833 3834
3833 3905
3833 3906
3833 3907
3834 3835
3834 3906
3834 3907
3834 3908
3835 3907
3835 3908
3835 3909
3836 3837
3836 3909
3836 3910
3836 3911
3837 3838
3837 3910
3837 3911
3837 3912
3838 3839
3838 3911
3838 3912
3838 3913
3839 3912
3839 3913
3839 3914
3840 3841
3840 3914
3840 3915
3841 3842
3841 3915
3841 3916
3842 3843
3842 3915
3842 3916
3842 3917
3843 3844
3843 3916
3843 3917
3843 3918
3844 3845
3844 3917
3844 3918
3845 3846
3845 3918
3845 3919
3846 3847
3846 3919
3846 3920
3847 3848
3847 3919
3847 3920
3847 3921
3848 3849
3848 3920
3848 3921
3848 3922
3849 3850
3849 3921
3849 3922
3849 3923
3850 3922
3850 3923
3850 3924
3851 3924
3851 3925
3851 3926
3852 3853
3852 3926
3853 3927
3854 3855
3854 3928
3854 3929
3854 3930
3855 3856
3855 3929
3855 3930
3855 3931
3856 3857
3856 3930
3856 3931
3856 3932
3857 3931
3857 3932
3857 3933
3858 3859
3858 3933
3858 3934
3858 3935
3859 3860
3859 3934
3859 3935
3859 3936
3860 3861
3860 3935
3860 3936
3860 3937
3861 3936
3861 3937
3862 3938
3863 3864
3864 3865
3864 3939
3865 3939
3865 3940
3866 3867
3866 3940
3866 3941
3866 3942
3867 3868
3867 3941
3867 3942
3867 3943
3868 3869
3868 3942
3868 3943
3868 3944
3869 3870
3869 3943
3869 3944
3869 3945
3870 3871
3870 3944
3870 3945
3870 3946
3871 3872
3871 3945
3871 3946
3871 3947
3872 3873
3872 3946
3872 3947
3872 3948
3873 3874
3873 3947
3873 3948
3873 3949
3874 3875
3874 3948
3874 3949
3874 3950
3875 3876
3875 3949
3875 3950
3875 3951
3876 3877
3876 3950
3876 3951
3876 3952
3877 3878
3877 3951
3877 3952
3877 3953
3878 3952
3878 3953
3878 3954
3879 3954
3879 3955
3880 3881
3880 3956
3880 3957
3881 3956
3881 3957
3881 3958
3882 3883
3882 3958
3882 3959
3882 3960
3883 3884
3883 3959
3883 3960
3883 3961
3884 3885
3884 3960
3884 3961
3884 3962
3885 3886
3885 3961
3885 3962
3885 3963
3886 3887
3886 3962
3886 3963
3886 3964
3887 3888
3887 3963
3887 3964
3887 3965
3888 3889
3888 3964
3888 3965
3888 3966
3889 3890
3889 3965
3889 3966
3890 3966
3890 3967
3891 3967
3891 3968
3892 3893
3892 3969
3892 3970
3893 3894
3893 3969
3893 3970
3893 3971
3894 3895
3894 3970
3894 3971
3894 3972
3895 3971
3895 3972
3895 3973
3896 3897
3896 3973
3896 3974
3897 3974
3897 3975
3898 3975
3898 3976
3899 3900
3899 3977
3899 3978
3900 3901
3900 3977
3900 3978
3900 3979
3901 3902
3901 3978
3901 3979
3901 3980
3902 3903
3902 3979
3902 3980
3902 3981
3903 3904
3903 3980
3903 3981
3903 3982
3904 3905
3904 3981
3904 3982
3904 3983
3905 3906
3905 3982
3905 3983
3905 3984
3906 3907
3906 3983
3906 3984
3906 3985
3907 3908
3907 3984
3907 3985
3907 3986
3908 3909
3908 3985
3908 3986
3909 3910
3909 3986
3909 3987
3910 3911
3910 3987
3910 3988
3911 3912
3911 3987
3911 3988
3911 3989
3912 3913
3912 3988
3912 3989
3912 3990
3913 3914
3913 3989
3913 3990
3913 3991
3914 3990
3914 3991
3914 3992
3915 3916
3915 3992
3915 3993
3915 3994
3916 3917
3916 3993
3916 3994
3917 3918
3917 3994
3917 3995
3918 3995
3918 3996
3919 3920
3919 3996
3919 3997
3919 3998
3920 3921
3920 3997
3920 3998
3920 3999
3921 3922
3921 3998
3921 3999
3921 4000
3922 3923
3922 3999
3922 4000
3922 4001
3923 3924
3923 4000
3923 4001
3923 4002
3924 3925
3924 4001
3924 4002
3924 4003
3925 3926
3925 4002
3925 4003
3925 4004
3926 4003
3926 4004
3926 4005
3927 3928
3927 4006
3927 4007
3928 3929
3928 4007
3928 4008
3929 3930
3929 4008
3929 4009
3930 3931
3930 4008
3930 4009
3931 3932
3931 4009
3932 3933
3932 4010
3933 3934
3933 4010
3933 4011
3934 3935
3934 4010
3934 4011
3934 4012
3935 3936
3935 4011
3935 4012
3935 4013
3936 3937
3936 4012
3936 4013
3937 4013
3938 4014
3939 3940
3939 4015
3939 4016
3939 4017
3940 3941
3940 4016
3940 4017
3941 3942
3941 4017
3941 4018
3942 3943
3942 4018
3942 4019
3943 3944
3943 4018
3943 4019
3944 3945
3944 4019
3945 3946
3945 4020
3946 3947
3946 4020
3947 3948
3947 4020
3947 4021
3948 3949
3948 4021
3948 4022
3949 3950
3949 4021
3949 4022
3949 4023
3950 3951
3950 4022
3950 4023
3950 4024
3951 3952
3951 4023
3951 4024
3951 4025
3952 3953
3952 4024
3952 4025
3952 4026
3953 3954
3953 4025
3953 4026
3953 4027
3954 3955
3954 4026
3954 4027
3954 4028
3955 4027
3955 4028
3955 4029
3956 3957
3956 4029
3956 4030
3956 4031
3957 3958
3957 4030
3957 4031
3957 4032
3958 3959
3958 4031
3958 4032
3958 4033
3959 3960
3959 4032
3959 4033
3959 4034
3960 3961
3960 4033
3960 4034
3960 4035
3961 3962
3961 4034
3961 4035
3961 4036
3962 3963
3962 4035
3962 4036
3962 4037
3963 3964
3963 4036
3963 4037
3964 3965
3964 4037
3964 4038
3965 3966
3965 4038
3965 4039
3966 4038
3966 4039
3966 4040
3967 3968
3967 4040
3967 4041
3967 4042
3968 4041
3968 4042
3968 4043
3969 3970
3969 4043
3969 4044
3970 3971
3970 4044
3970 4045
3971 3972
3971 4044
3971 4045
3971 4046
3972 3973
3972 4045
3972 4046
3972 4047
3973 4046
3973 4047
3973 4048
3974 3975
3974 4048
3974 4049
3975 3976
3975 4049
3975 4050
3976 4049
3976 4050
3976 4051
3977 3978
3977 4051
3977 4052
3977 4053
3978 3979
3978 4052
3978 4053
3978 4054
3979 3980
3979 4053
3979 4054
3979 4055
3980 3981
3980 4054
3980 4055
3980 4056
3981 3982
3981 4055
3981 4056
3982 3983
3982 4056
3982 4057
3983 3984
3983 4057
3983 4058
3984 3985
3984 4057
3984 4058
3984 4059
3985 3986
3985 4058
3985 4059
3986 4059
3987 3988
3988 3989
3988 4060
3989 3990
3989 4060
3990 3991
3990 4060
3990 4061
3991 3992
3991 4061
3992 3993
3992 4061
3993 3994
3993 4062
3994 4062
3994 4063
3995 3996
3995 4063
3995 4064
3995 4065
3996 3997
3996 4064
3996 4065
3996 4066
3997 3998
3997 4065
3997 4066
3997 4067
3998 3999
3998 4066
3998 4067
3998 4068
3999 4000
3999 4067
3999 4068
4000 4001
4000 4068
4000 4069
4001 4002
4001 4069
4002 4003
4002 4069
4002 4070
4003 4004
4003 4070
4003 4071
4004 4005
4004 4070
4004 4071
4004 4072
4005 4006
4005 4071
4005 4072
4005 4073
4006 4007
4006 4072
4006 4073
4006 4074
4007 4073
4007 4074
4007 4075
4008 4009
4008 4075
4008 4076
4008 4077
4009 4076
4009 4077
4009 4078
4010 4011
4010 4079
4010 4080
4011 4012
4011 4080
4011 4081
4012 4013
4012 4081
4012 4082
4013 4081
4013 4082
4013 4083
4014 4084
4014 4085
4015 4016
4015 4086
4015 4087
4016 4017
4016 4087
4016 4088
4017 4087
4017 4088
4017 4089
4018 4019
4018 4089
4018 4090
4018 4091
4019 4090
4019 4091
4019 4092
4020 4093
4020 4094
4021 4022
4021 4094
4021 4095
4021 4096
4022 4023
4022 4095
4022 4096
4023 4024
4023 4096
4023 4097
4024 4025
4024 4097
4025 4026
4025 4097
4025 4098
4026 4027
4026 4098
4027 4028
4027 4098
4027 4099
4028 4029
4028 4099
4028 4100
4029 4030
4029 4099
4029 4100
4029 4101
4030 4031
4030 4100
4030 4101
4030 4102
4031 4032
4031 4101
4031 4102
4031 4103
4032 4033
4032 4102
4032 4103
4032 4104
4033 4034
4033 4103
4033 4104
4033 4105
4034 4035
4034 4104
4034 4105
4034 4106
4035 4036
4035 4105
4035 4106
4036 4037
4036 4106
4038 4039
4038 4107
4039 4040
4039 4107
4040 4041
4040 4107
4040 4108
4041 4042
4041 4108
4042 4043
4042 4108
4042 4109
4043 4109
4043 4110
4044 4045
4044 4110
4044 4111
4044 4112
4045 4046
4045 4111
4045 4112
4046 4047
4046 4112
4046 4113
4047 4048
4047 4113
4047 4114
4048 4113
4048 4114
4048 4115
4049 4050
4049 4115
4049 4116
4049 4117
4050 4051
4050 4116
4050 4117
4050 4118
4051 4052
4051 4117
4051 4118
4051 4119
4052 4053
4052 4118
4052 4119
4052 4120
4053 4054
4053 4119
4053 4120
4053 4121
4054 4055
4054 4120
4054 4121
4054 4122
4055 4056
4055 4121
4055 4122
4055 4123
4056 4122
4056 4123
4057 4058
4057 4124
4057 4125
4058 4059
4058 4124
4058 4125
4058 4126
4059 4125
4059 4126
4059 4127
4060 4130
4060 4131
4061 4131
4061 4132
4061 4133
4062 4063
4062 4134
4062 4135
4063 4064
4063 4135
4063 4136
4064 4065
4064 4135
4064 4136
4065 4066
4065 4136
4065 4137
4066 4067
4066 4137
4067 4068
4067 4137
4067 4138
4068 4138
4069 4139
4069 4140
4070 4071
4070 4140
4070 4141
4070 4142
4071 4072
4071 4141
4071 4142
4071 4143
4072 4073
4072 4142
4072 4143
4072 4144
4073 4074
4073 4143
4073 4144
4074 4075
4074 4144
4074 4145
4075 4076
4075 4145
4075 4146
4076 4077
4076 4145
4076 4146
4076 4147
4077 4078
4077 4146
4077 4147
4077 4148
4078 4079
4078 4147
4078 4148
4079 4080
4079 4148
4079 4149
4080 4149
4080 4150
4081 4082
4081 4150
4081 4151
4082 4083
4082 4151
4083 4084
4083 4151
4083 4152
4084 4085
4084 4152
4084 4153
4085 4152
4085 4153
4086 4154
4086 4155
4087 4088
4087 4155
4087 4156
4088 4089
4088 4156
4088 4157
4089 4090
4089 4156
4089 4157
4089 4158
4090 4091
4090 4157
4090 4158
4091 4092
4091 4158
4091 4159
4092 4159
4092 4160
4093 4094
4093 4160
4093 4161
4093 4162
4094 4095
4094 4161
4094 4162
4095 4096
4095 4162
4095 4163
4096 4163
4096 4164
4097 4164
4097 4165
4097 4166
4098 4166
4098 4167
4099 4100
4099 4167
4099 4168
4099 4169
4100 4101
4100 4168
4100 4169
4100 4170
4101 4102
4101 4169
4101 4170
4101 4171
4102 4103
4102 4170
4102 4171
4102 4172
4103 4104
4103 4171
4103 4172
4103 4173
4104 4105
4104 4172
4104 4173
4104 4174
4105 4106
4105 4173
4105 4174
4106 4174
4106 4175
4107 4177
4107 4178
4107 4179
4108 4179
4108 4180
4108 4181
4109 4110
4109 4181
4109 4182
4110 4111
4110 4182
4110 4183
4111 4112
4111 4182
4111 4183
4111 4184
4112 4183
4112 4184
4112 4185
4113 4114
4113 4185
4113 4186
4113 4187
4114 4115
4114 4186
4114 4187
4115 4116
4115 4187
4115 4188
4116 4117
4116 4188
4116 4189
4117 4118
4117 4188
4117 4189
4117 4190
4118 4119
4118 4189
4118 4190
4118 4191
4119 4120
4119 4190
4119 4191
4120 4121
4120 4191
4120 4192
4121 4122
4121 4192
4122 4123
4122 4192
4122 4193
4123 4193
4123 4194
4124 4125
4124 4194
4124 4195
4124 4196
4125 4126
4125 4195
4125 4196
4125 4197
4126 4127
4126 4196
4126 4197
4126 4198
4127 4128
4127 4197
4127 4198
4127 4199
4128 4129
4128 4198
4128 4199
4128 4200
4129 4199
4129 4200
4129 4201
4130 4131
4130 4201
4130 4202
4131 4132
4131 4202
4132 4133
4132 4202
4132 4203
4133 4134
4133 4203
4133 4204
4134 4203
4134 4204
4134 4205
4135 4136
4135 4205
4135 4206
4135 4207
4136 4206
4136 4207
4137 4208
4137 4209
4138 4209
4138 4210
4139 4140
4139 4211
4139 4212
4140 4141
4140 4211
4140 4212
4140 4213
4141 4142
4141 4212
4141 4213
4141 4214
4142 4143
4142 4213
4142 4214
4143 4144
4143 4214
4143 4215
4144 4215
4144 4216
4145 4146
4145 4216
4145 4217
4145 4218
4146 4147
4146 4217
4146 4218
4146 4219
4147 4148
4147 4218
4147 4219
4147 4220
4148 4219
4148 4220
4149 4150
4149 4221
4150 4221
4150 4222
4151 4222
4151 4223
4151 4224
4152 4153
4152 4224
4152 4225
4152 4226
4153 4225
4153 4226
4154 4155
4154 4227
4155 4227
4155 4228
4156 4157
4156 4228
4156 4229
4156 4230
4157 4158
4157 4229
4157 4230
4157 4231
4158 4230
4158 4231
4158 4232
4159 4160
4159 4232
4159 4233
4159 4234
4160 4161
4160 4233
4160 4234
4161 4162
4161 4234
4161 4235
4162 4235
4162 4236
4163 4164
4163 4236
4163 4237
4164 4165
4164 4237
4164 4238
4165 4166
4165 4238
4165 4239
4166 4238
4166 4239
4166 4240
4167 4168
4167 4240
4167 4241
4167 4242
4168 4169
4168 4241
4168 4242
4169 4170
4169 4242
4170 4171
4170 4243
4171 4172
4171 4243
4171 4244
4172 4173
4172 4243
4172 4244
4172 4245
4173 4174
4173 4244
4173 4245
4174 4245
4174 4246
4175 4246
4175 4247
4175 4248
4176 4177
4176 4248
4176 4249
4176 4250
4177 4178
4177 4249
4177 4250
4178 4179
4178 4250
4178 4251
4179 4180
4179 4251
4179 4252
4180 4181
4180 4251
4180 4252
4180 4253
4181 4252
4181 4253
4182 4183
4182 4254
4182 4255
4183 4184
4183 4254
4183 4255
4183 4256
4184 4185
4184 4255
4184 4256
4184 4257
4185 4186
4185 4256
4185 4257
4185 4258
4186 4187
4186 4257
4186 4258
4187 4258
4187 4259
4188 4189
4188 4259
4188 4260
4188 4261
4189 4190
4189 4260
4189 4261
4190 4191
4190 4261
4190 4262
4191 4262
4191 4263
4192 4263
4192 4264
4192 4265
4193 4194
4193 4265
4193 4266
4194 4195
4194 4266
4194 4267
4195 4196
4195 4267
4195 4268
4196 4197
4196 4267
4196 4268
4196 4269
4197 4198
4197 4268
4197 4269
4197 4270
4198 4199
4198 4269
4198 4270
4198 4271
4199 4200
4199 4270
4199 4271
4199 4272
4200 4201
4200 4271
4200 4272
4201 4272
4201 4273
4202 4273
4202 4274
4202 4275
4203 4204
4203 4275
4203 4276
4204 4205
4204 4276
4204 4277
4205 4206
4205 4276
4205 4277
4205 4278
4206 4207
4206 4277
4206 4278
4206 4279
4207 4278
4207 4279
4207 4280
4208 4209
4208 4280
4208 4281
4208 4282
4209 4210
4209 4281
4209 4282
4210 4282
4210 4283
4211 4212
4211 4283
4211 4284
4211 4285
4212 4213
4212 4284
4212 4285
4212 4286
4213 4214
4213 4285
4213 4286
4213 4287
4214 4286
4214 4287
4214 4288
4215 4216
4215 4288
4215 4289
4215 4290
4216 4217
4216 4289
4216 4290
4216 4291
4217 4218
4217 4290
4217 4291
4218 4219
4218 4291
4218 4292
4219 4220
4219 4292
4219 4293
4220 4292
4220 4293
4221 4294
4221 4295
4222 4223
4222 4295
4222 4296
4222 4297
4223 4224
4223 4296
4223 4297
4223 4298
4224 4225
4224 4297
4224 4298
4224 4299
4225 4226
4225 4298
4225 4299
4225 4300
4226 4299
4226 4300
4227 4228
4227 4301
4227 4302
4228 4229
4228 4302
4228 4303
4229 4230
4229 4302
4229 4303
4229 4304
4230 4231
4230 4303
4230 4304
4230 4305
4231 4232
4231 4304
4231 4305
4231 4306
4232 4233
4232 4305
4232 4306
4232 4307
4233 4234
4233 4306
4233 4307
4233 4308
4234 4307
4234 4308
4235 4236
4235 4309
4235 4310
4236 4237
4236 4309
4236 4310
4236 4311
4237 4310
4237 4311
4237 4312
4238 4239
4238 4312
4238 4313
4238 4314
4239 4240
4239 4313
4239 4314
4239 4315
4240 4241
4240 4314
4240 4315
4240 4316
4241 4242
4241 4315
4241 4316
4241 4317
4242 4316
4242 4317
4243 4244
4243 4318
4244 4245
4244 4318
4244 4319
4245 4318
4245 4319
4245 4320
4246 4247
4246 4320
4246 4321
4247 4248
4247 4321
4247 4322
4248 4249
4248 4322
4248 4323
4249 4250
4249 4322
4249 4323
4249 4324
4250 4323
4250 4324
4250 4325
4251 4252
4251 4325
4251 4326
4252 4253
4252 4326
4252 4327
4253 4326
4253 4327
4253 4328
4254 4255
4254 4328
4254 4329
4254 4330
4255 4256
4255 4329
4255 4330
4256 4257
4256 4330
4256 4331
4257 4258
4257 4331
4257 4332
4258 4331
4258 4332
4258 4333
4259 4260
4259 4333
4259 4334
4259 4335
4260 4261
4260 4334
4260 4335
4260 4336
4261 4335
4261 4336
4261 4337
4262 4263
4262 4337
4262 4338
4262 4339
4263 4264
4263 4338
4263 4339
4263 4340
4264 4265
4264 4339
4264 4340
4264 4341
4265 4266
4265 4340
4265 4341
4265 4342
4266 4341
4266 4342
4267 4268
4267 4343
4267 4344
4268 4269
4268 4343
4268 4344
4269 4270
4269 4344
4269 4345
4270 4271
4270 4345
4270 4346
4271 4272
4271 4345
4271 4346
4271 4347
4272 4346
4272 4347
4272 4348
4273 4274
4273 4348
4273 4349
4274 4275
4274 4349
4274 4350
4275 4350
4275 4351
4276 4277
4276 4351
4277 4278
4277 4352
4278 4279
4278 4352
4278 4353
4279 4280
4279 4352
4279 4353
4279 4354
4280 4281
4280 4353
4280 4354
4280 4355
4281 4282
4281 4354
4281 4355
4281 4356
4282 4355
4282 4356
4282 4357
4283 4284
4283 4357
4283 4358
4283 4359
4284 4285
4284 4358
4284 4359
4285 4286
4285 4359
4285 4360
4286 4287
4286 4360
4286 4361
4287 4288
4287 4360
4287 4361
4287 4362
4288 4289
4288 4361
4288 4362
4288 4363
4289 4290
4289 4362
4289 4363
4289 4364
4290 4291
4290 4363
4290 4364
4291 4364
4292 4293
4292 4365
4292 4366
4293 4365
4293 4366
4294 4295
4294 4367
4294 4368
4295 4296
4295 4367
4295 4368
4295 4369
4296 4297
4296 4368
4296 4369
4296 4370
4297 4298
4297 4369
4297 4370
4298 4299
4298 4370
4298 4371
4299 4300
4299 4371
4299 4372
4300 4371
4300 4372
4301 4373
4302 4303
4302 4373
4302 4374
4302 4375
4303 4304
4303 4374
4303 4375
4303 4376
4304 4305
4304 4375
4304 4376
4304 4377
4305 4306
4305 4376
4305 4377
4305 4378
4306 4307
4306 4377
4306 4378
4306 4379
4307 4308
4307 4378
4307 4379
4307 4380
4308 4379
4308 4380
4308 4381
4309 4310
4309 4381
4309 4382
4309 4383
4310 4311
4310 4382
4310 4383
4310 4384
4311 4312
4311 4383
4311 4384
4312 4313
4312 4384
4312 4385
4313 4314
4313 4385
4313 4386
4314 4315
4314 4385
4314 4386
4315 4316
4315 4386
4315 4387
4316 4317
4316 4387
4316 4388
4317 4387
4317 4388
4317 4389
4318 4319
4318 4391
4318 4392
4318 4393
4319 4320
4319 4392
4319 4393
4320 4321
4320 4393
4320 4394
4321 4394
4322 4323
4322 4395
4323 4324
4323 4395
4323 4396
4324 4325
4324 4395
4324 4396
4324 4397
4325 4396
4325 4397
4325 4398
4326 4327
4326 4398
4326 4399
4326 4400
4327 4328
4327 4399
4327 4400
4328 4329
4328 4400
4328 4401
4329 4330
4329 4401
4329 4402
4330 4401
4330 4402
4330 4403
4331 4332
4331 4403
4331 4404
4332 4333
4332 4404
4332 4405
4333 4334
4333 4405
4334 4335
4334 4405
4334 4406
4335 4336
4335 4406
4335 4407
4336 4337
4336 4406
4336 4407
4336 4408
4337 4338
4337 4407
4337 4408
4337 4409
4338 4339
4338 4408
4338 4409
4338 4410
4339 4340
4339 4409
4339 4410
4339 4411
4340 4341
4340 4410
4340 4411
4340 4412
4341 4342
4341 4411
4341 4412
4341 4413
4342 4412
4342 4413
4342 4414
4343 4344
4343 4414
4343 4415
4343 4416
4344 4415
4344 4416
4344 4417
4345 4346
4345 4417
4345 4418
4345 4419
4346 4347
4346 4418
4346 4419
4346 4420
4347 4348
4347 4419
4347 4420
4348 4349
4348 4420
4348 4421
4349 4421
4349 4422
4350 4351
4350 4422
4350 4423
4350 4424
4351 4423
4351 4424
4351 4425
4352 4353
4352 4426
4352 4427
4352 4428
4353 4354
4353 4427
4353 4428
4353 4429
4354 4355
4354 4428
4354 4429
4354 4430
4355 4356
4355 4429
4355 4430
4356 4357
4356 4430
4357 4358
4358 4359
4358 4431
4359 4431
4359 4432
4360 4361
4360 4432
4360 4433
4360 4434
4361 4362
4361 4433
4361 4434
4361 4435
4362 4363
4362 4434
4362 4435
4362 4436
4363 4364
4363 4435
4363 4436
4363 4437
4364 4436
4364 4437
4365 4366
4365 4438
4365 4439
4365 4440
4366 4439
4366 4440
4366 4441
4367 4368
4367 4441
4367 4442
4367 4443
4368 4369
4368 4442
4368 4443
4368 4444
4369 4370
4369 4443
4369 4444
4369 4445
4370 4444
4370 4445
4370 4446
4371 4372
4371 4446
4373 4374
4373 4447
4373 4448
4373 4449
4374 4375
4374 4448
4374 4449
4375 4376
4375 4449
4375 4450
4376 4377
4376 4450
4377 4378
4377 4450
4377 4451
4378 4379
4378 4451
4378 4452
4379 4380
4379 4451
4379 4452
4379 4453
4380 4381
4380 4452
4380 4453
4380 4454
4381 4382
4381 4453
4381 4454
4381 4455
4382 4383
4382 4454
4382 4455
4382 4456
4383 4384
4383 4455
4383 4456
4383 4457
4384 4456
4384 4457
4384 4458
4385 4386
4385 4458
4385 4459
4385 4460
4386 4459
4386 4460
4386 4461
4387 4388
4387 4461
4387 4462
4387 4463
4388 4389
4388 4462
4388 4463
4388 4464
4389 4390
4389 4463
4389 4464
4390 4391
4390 4464
4390 4465
4391 4392
4391 4465
4391 4466
4392 4393
4392 4465
4392 4466
4392 4467
4393 4466
4393 4467
4394 4468
4395 4396
4395 4469
4395 4470
4396 4397
4396 4470
4396 4471
4397 4398
4397 4470
4397 4471
4397 4472
4398 4399
4398 4471
4398 4472
4398 4473
4399 4400
4399 4472
4399 4473
4399 4474
4400 4473
4400 4474
4400 4475
4401 4402
4401 4475
4401 4476
4401 4477
4402 4403
4402 4476
4402 4477
4402 4478
4403 4404
4403 4477
4403 4478
4403 4479
4404 4478
4404 4479
4404 4480
4405 4480
4405 4481
4405 4482
4406 4407
4406 4482
4406 4483
4406 4484
4407 4408
4407 4483
4407 4484
4407 4485
4408 4409
4408 4484
4408 4485
4408 4486
4409 4410
4409 4485
4409 4486
4409 4487
4410 4411
4410 4486
4410 4487
4410 4488
4411 4412
4411 4487
4411 4488
4411 4489
4412 4413
4412 4488
4412 4489
4412 4490
4413 4414
4413 4489
4413 4490
4413 4491
4414 4415
4414 4490
4414 4491
4414 4492
4415 4416
4415 4491
4415 4492
4415 4493
4416 4417
4416 4492
4416 4493
4416 4494
4417 4418
4417 4493
4417 4494
4417 4495
4418 4419
4418 4494
4418 4495
4418 4496
4419 4420
4419 4495
4419 4496
4419 4497
4420 4496
4420 4497
4420 4498
4421 4422
4421 4498
4421 4499
4421 4500
4422 4423
4422 4499
4422 4500
4422 4501
4423 4424
4423 4500
4423 4501
4423 4502
4424 4425
4424 4501
4424 4502
4424 4503
4425 4426
4425 4502
4425 4503
4425 4504
4426 4427
4426 4503
4426 4504
4427 4428
4427 4504
4427 4505
4428 4429
4428 4505
4428 4506
4429 4430
4429 4505
4429 4506
4429 4507
4430 4506
4430 4507
4430 4508
4431 4432
4431 4510
4431 4511
4431 4512
4432 4433
4432 4511
4432 4512
4433 4434
4433 4512
4433 4513
4434 4435
4434 4513
4434 4514
4435 4436
4435 4513
4435 4514
4435 4515
4436 4437
4436 4514
4436 4515
4436 4516
4437 4515
4437 4516
4437 4517
4438 4439
4438 4517
4438 4518
4439 4440
4439 4518
4439 4519
4440 4441
4440 4518
4440 4519
4440 4520
4441 4442
4441 4519
4441 4520
4441 4521
4442 4443
4442 4520
4442 4521
4442 4522
4443 4444
4443 4521
4443 4522
4443 4523
4444 4445
4444 4522
4444 4523
4444 4524
4445 4446
4445 4523
4445 4524
4445 4525
4446 4524
4446 4525
4446 4526
4447 4448
4447 4528
4447 4529
4448 4449
4448 4528
4448 4529
4449 4529
4449 4530
4450 4530
4450 4531
4450 4532
4451 4452
4451 4532
4451 4533
4451 4534
4452 4453
4452 4533
4452 4534
4453 4454
4453 4534
4454 4455
4454 4535
4455 4456
4455 4535
4455 4536
4456 4457
4456 4535
4456 4536
4456 4537
4457 4458
4457 4536
4457 4537
4457 4538
4458 4459
4458 4537
4458 4538
4458 4539
4459 4460
4459 4538
4459 4539
4459 4540
4460 4461
4460 4539
4460 4540
4461 4462
4461 4540
4461 4541
4462 4463
4462 4541
4462 4542
4463 4464
4463 4541
4463 4542
4463 4543
4464 4542
4464 4543
4464 4544
4465 4466
4465 4544
4465 4545
4465 4546
4466 4467
4466 4545
4466 4546
4466 4547
4467 4546
4467 4547
4467 4548
4468 4548
4468 4549
4469 4549
4469 4550
4469 4551
4470 4471
4470 4551
4470 4552
4470 4553
4471 4472
4471 4552
4471 4553
4471 4554
4472 4473
4472 4553
4472 4554
4473 4474
4473 4554
4474 4475
4474 4555
4475 4476
4475 4555
4476 4477
4476 4555
4476 4556
4477 4478
4477 4556
4478 4479
4478 4556
4479 4480
4479 4557
4480 4481
4480 4557
4480 4558
4481 4482
4481 4557
4481 4558
4482 4483
4482 4558
4482 4559
4483 4484
4483 4559
4483 4560
4484 4485
4484 4559
4484 4560
4484 4561
4485 4486
4485 4560
4485 4561
4485 4562
4486 4487
4486 4561
4486 4562
4486 4563
4487 4488
4487 4562
4487 4563
4487 4564
4488 4489
4488 4563
4488 4564
4488 4565
4489 4490
4489 4564
4489 4565
4489 4566
4490 4491
4490 4565
4490 4566
4490 4567
4491 4492
4491 4566
4491 4567
4491 4568
4492 4493
4492 4567
4492 4568
4492 4569
4493 4494
4493 4568
4493 4569
4493 4570
4494 4495
4494 4569
4494 4570
4495 4496
4495 4570
4495 4571
4496 4497
4496 4571
4497 4498
4497 4571
4498 4499
4499 4500
4499 4572
4500 4501
4500 4572
4500 4573
4501 4502
4501 4572
4501 4573
4501 4574
4502 4503
4502 4573
4502 4574
4502 4575
4503 4504
4503 4574
4503 4575
4503 4576
4504 4575
4504 4576
4504 4577
4505 4506
4505 4577
4505 4578
4506 4507
4506 4578
4506 4579
4507 4508
4507 4578
4507 4579
4507 4580
4508 4509
4508 4579
4508 4580
4508 4581
4509 4510
4509 4580
4509 4581
4509 4582
4510 4511
4510 4581
4510 4582
4511 4512
4511 4582
4511 4583
4512 4583
4512 4584
4513 4514
4513 4584
4514 4515
4514 4585
4515 4516
4515 4585
4515 4586
4516 4517
4516 4585
4516 4586
4516 4587
4517 4586
4517 4587
4517 4588
4518 4519
4518 4588
4518 4589
4519 4520
4519 4589
4519 4590
4520 4521
4520 4589
4520 4590
4521 4522
4521 4590
4521 4591
4522 4523
4522 4591
4522 4592
4523 4524
4523 4591
4523 4592
4524 4525
4524 4592
4524 4593
4525 4526
4525 4593
4525 4594
4526 4527
4526 4593
4526 4594
4526 4595
4527 4594
4527 4595
4528 4529
4528 4596
4528 4597
4529 4596
4529 4597
4529 4598
4530 4531
4530 4598
4530 4599
4530 4600
4531 4532
4531 4599
4531 4600
4531 4601
4532 4533
4532 4600
4532 4601
4532 4602
4533 4534
4533 4601
4533 4602
4534 4602
4534 4603
4535 4536
4535 4604
4535 4605
4535 4606
4536 4537
4536 4605
4536 4606
4536 4607
4537 4538
4537 4606
4537 4607
4538 4539
4538 4607
4538 4608
4539 4540
4539 4608
4539 4609
4540 4608
4540 4609
4540 4610
4541 4542
4541 4610
4541 4611
4541 4612
4542 4543
4542 4611
4542 4612
4543 4544
4543 4612
4543 4613
4544 4545
4544 4613
4544 4614
4545 4546
4545 4613
4545 4614
4545 4615
4546 4547
4546 4614
4546 4615
4546 4616
4547 4548
4547 4615
4547 4616
4547 4617
4548 4616
4548 4617
4548 4618
4549 4550
4549 4618
4549 4619
4549 4620
4550 4551
4550 4619
4550 4620
4550 4621
4551 4552
4551 4620
4551 4621
4551 4622
4552 4553
4552 4621
4552 4622
4552 4623
4553 4554
4553 4622
4553 4623
4553 4624
4554 4623
4554 4624
4554 4625
4555 4626
4555 4627
4556 4628
4556 4629
4557 4558
4557 4630
4557 4631
4557 4632
4558 4631
4558 4632
4559 4560
4559 4633
4559 4634
4560 4561
4560 4633
4560 4634
4560 4635
4561 4562
4561 4634
4561 4635
4561 4636
4562 4563
4562 4635
4562 4636
4563 4564
4563 4636
4563 4637
4564 4565
4564 4637
4564 4638
4565 4566
4565 4637
4565 4638
4565 4639
4566 4567
4566 4638
4566 4639
4566 4640
4567 4568
4567 4639
4567 4640
4568 4569
4568 4640
4568 4641
4569 4570
4569 4641
4569 4642
4570 4641
4570 4642
4570 4643
4571 4643
4571 4644
4571 4645
4572 4573
4572 4647
4572 4648
4572 4649
4573 4574
4573 4648
4573 4649
4573 4650
4574 4575
4574 4649
4574 4650
4574 4651
4575 4576
4575 4650
4575 4651
4575 4652
4576 4577
4576 4651
4576 4652
4576 4653
4577 4652
4577 4653
4577 4654
4578 4579
4578 4654
4578 4655
4578 4656
4579 4580
4579 4655
4579 4656
4579 4657
4580 4581
4580 4656
4580 4657
4580 4658
4581 4582
4581 4657
4581 4658
4581 4659
4582 4658
4582 4659
4582 4660
4583 4584
4583 4660
4583 4661
4584 4661
4585 4586
4585 4662
4585 4663
4585 4664
4586 4587
4586 4663
4586 4664
4586 4665
4587 4588
4587 4664
4587 4665
4588 4665
4588 4666
4589 4590
4589 4666
4589 4667
4589 4668
4590 4667
4590 4668
4590 4669
4591 4592
4591 4669
4591 4670
4592 4670
4592 4671
4593 4594
4593 4671
4593 4672
4594 4595
4594 4672
4595 4672
4596 4597
4596 4673
4596 4674
4597 4598
4597 4673
4597 4674
4597 4675
4598 4599
4598 4674
4598 4675
4598 4676
4599 4600
4599 4675
4599 4676
4599 4677
4600 4601
4600 4676
4600 4677
4600 4678
4601 4602
4601 4677
4601 4678
4602 4678
4602 4679
4603 4604
4603 4679
4603 4680
4604 4605
4604 4680
4604 4681
4605 4606
4605 4681
4605 4682
4606 4607
4606 4681
4606 4682
4607 4682
4607 4683
4608 4609
4608 4683
4608 4684
4608 4685
4609 4610
4609 4684
4609 4685
4609 4686
4610 4611
4610 4685
4610 4686
4610 4687
4611 4612
4611 4686
4611 4687
4611 4688
4612 4687
4612 4688
4612 4689
4613 4614
4613 4689
4614 4615
4614 4690
4615 4616
4615 4690
4615 4691
4616 4617
4616 4690
4616 4691
4617 4618
4617 4691
4617 4692
4618 4619
4618 4692
4618 4693
4619 4620
4619 4692
4619 4693
4619 4694
4620 4621
4620 4693
4620 4694
4620 4695
4621 4622
4621 4694
4621 4695
4621 4696
4622 4623
4622 4695
4622 4696
4622 4697
4623 4624
4623 4696
4623 4697
4624 4625
4624 4697
4624 4698
4625 4626
4625 4698
4625 4699
4626 4627
4626 4698
4626 4699
4627 4699
4627 4700
4628 4629
4628 4700
4628 4701
4628 4702
4629 4630
4629 4701
4629 4702
4630 4631
4630 4702
4630 4703
4631 4632
4631 4703
4632 4703
4632 4704
4633 4634
4633 4704
4633 4705
4633 4706
4634 4635
4634 4705
4634 4706
4634 4707
4635 4636
4635 4706
4635 4707
4635 4708
4636 4707
4636 4708
4636 4709
4637 4638
4637 4709
4637 4710
4637 4711
4638 4639
4638 4710
4638 4711
4638 4712
4639 4640
4639 4711
4639 4712
4639 4713
4640 4712
4640 4713
4640 4714
4641 4642
4641 4714
4641 4715
4641 4716
4642 4643
4642 4715
4642 4716
4642 4717
4643 4644
4643 4716
4643 4717
4644 4645
4644 4717
4644 4718
4645 4646
4645 4718
4645 4719
4646 4647
4646 4718
4646 4719
4647 4648
4647 4719
4647 4720
4648 4649
4648 4720
4648 4721
4649 4650
4649 4720
4649 4721
4649 4722
4650 4651
4650 4721
4650 4722
4650 4723
4651 4652
4651 4722
4651 4723
4651 4724
4652 4653
4652 4723
4652 4724
4652 4725
4653 4654
4653 4724
4653 4725
4654 4655
4654 4725
4654 4726
4655 4656
4655 4726
4655 4727
4656 4657
4656 4726
4656 4727
4656 4728
4657 4658
4657 4727
4657 4728
4657 4729
4658 4659
4658 4728
4658 4729
4658 4730
4659 4660
4659 4729
4659 4730
4659 4731
4660 4661
4660 4730
4660 4731
4660 4732
4661 4731
4661 4732
4661 4733
4662 4663
4662 4734
4662 4735
4662 4736
4663 4664
4663 4735
4663 4736
4664 4665
4664 4736
4664 4737
4665 4737
4665 4738
4666 4667
4666 4738
4666 4739
4666 4740
4667 4668
4667 4739
4667 4740
4667 4741
4668 4669
4668 4740
4668 4741
4669 4741
4670 4671
4670 4742
4671 4742
4671 4743
4672 4743
4672 4744
4672 4745
4673 4674
4673 4746
4673 4747
4674 4675
4674 4746
4674 4747
4675 4676
4675 4747
4675 4748
4676 4677
4676 4748
4676 4749
4677 4678
4677 4748
4677 4749
4677 4750
4678 4749
4678 4750
4678 4751
4679 4680
4679 4751
4679 4752
4679 4753
4680 4752
4680 4753
4680 4754
4681 4682
4681 4754
4682 4755
4683 4684
4683 4755
4683 4756
4684 4685
4684 4756
4684 4757
4685 4686
4685 4757
4685 4758
4686 4687
4686 4757
4686 4758
4686 4759
4687 4688
4687 4758
4687 4759
4687 4760
4688 4689
4688 4759
4688 4760
4688 4761
4689 4760
4689 4761
4689 4762
4690 4691
4690 4763
4690 4764
4690 4765
4691 4764
4691 4765
4691 4766
4692 4693
4692 4766
4692 4767
4692 4768
4693 4694
4693 4767
4693 4768
4693 4769
4694 4695
4694 4768
4694 4769
4695 4696
4695 4769
4695 4770
4696 4697
4696 4770
4696 4771
4697 4770
4697 4771
4698 4699
4698 4772
4699 4772
4699 4773
4700 4701
4700 4773
4700 4774
4701 4702
4701 4774
4701 4775
4702 4774
4702 4775
4703 4776
4703 4777
4704 4705
4704 4777
4704 4778
4704 4779
4705 4706
4705 4778
4705 4779
4705 4780
4706 4707
4706 4779
4706 4780
4706 4781
4707 4708
4707 4780
4707 4781
4707 4782
4708 4709
4708 4781
4708 4782
4709 4710
4709 4782
4709 4783
4710 4711
4710 4783
4710 4784
4711 4712
4711 4783
4711 4784
4711 4785
4712 4713
4712 4784
4712 4785
4712 4786
4713 4714
4713 4785
4713 4786
4713 4787
4714 4715
4714 4786
4714 4787
4714 4788
4715 4716
4715 4787
4715 4788
4715 4789
4716 4717
4716 4788
4716 4789
4717 4789
4717 4790
4718 4719
4718 4790
4718 4791
4718 4792
4719 4791
4719 4792
4719 4793
4720 4721
4720 4793
4720 4794
4721 4722
4721 4794
4721 4795
4722 4723
4722 4794
4722 4795
4722 4796
4723 4724
4723 4795
4723 4796
4723 4797
4724 4725
4724 4796
4724 4797
4725 4797
4725 4798
4726 4727
4726 4798
4726 4799
4726 4800
4727 4728
4727 4799
4727 4800
4727 4801
4728 4729
4728 4800
4728 4801
4728 4802
4729 4730
4729 4801
4729 4802
4729 4803
4730 4731
4730 4802
4730 4803
4730 4804
4731 4732
4731 4803
4731 4804
4731 4805
4732 4733
4732 4804
4732 4805
4733 4734
4733 4805
4733 4806
4734 4735
4734 4806
4734 4807
4735 4736
4735 4806
4735 4807
4735 4808
4736 4807
4736 4808
4736 4809
4737 4738
4737 4809
4737 4810
4737 4811
4738 4739
4738 4810
4738 4811
4738 4812
4739 4740
4739 4811
4739 4812
4740 4741
4740 4812
4740 4813
4741 4813
4741 4814
4742 4743
4742 4815
4742 4816
4742 4817
4743 4744
4743 4816
4743 4817
4743 4818
4744 4745
4744 4817
4744 4818
4745 4818
4746 4747
4746 4819
4746 4820
4747 4819
4747 4820
4748 4749
4748 4821
4748 4822
4749 4750
4749 4821
4749 4822
4750 4751
4750 4822
4750 4823
4751 4752
4751 4823
4751 4824
4752 4753
4752 4823
4752 4824
4752 4825
4753 4754
4753 4824
4753 4825
4754 4825
4754 4826
4755 4756
4755 4827
4755 4828
4756 4827
4756 4828
4756 4829
4757 4758
4757 4829
4757 4830
4757 4831
4758 4759
4758 4830
4758 4831
4758 4832
4759 4760
4759 4831
4759 4832
4759 4833
4760 4761
4760 4832
4760 4833
4760 4834
4761 4762
4761 4833
4761 4834
4761 4835
4762 4763
4762 4834
4762 4835
4762 4836
4763 4764
4763 4835
4763 4836
4764 4765
4764 4836
4765 4766
4765 4837
4766 4767
4766 4837
4766 4838
4767 4768
4767 4837
4767 4838
4768 4769
4768 4838
4768 4839
4769 4839
4769 4840
4770 4771
4770 4840
4770 4841
4770 4842
4771 4841
4771 4842
4772 4773
4772 4843
4772 4844
4773 4843
4773 4844
4773 4845
4774 4775
4774 4845
4774 4846
4775 4846
4775 4847
4776 4777
4776 4847
4776 4848
4776 4849
4777 4778
4777 4848
4777 4849
4777 4850
4778 4779
4778 4849
4778 4850
4779 4780
4779 4850
4779 4851
4780 4781
4780 4851
4780 4852
4781 4782
4781 4851
4781 4852
4782 4852
4782 4853
4783 4784
4783 4853
4783 4854
4783 4855
4784 4785
4784 4854
4784 4855
4784 4856
4785 4786
4785 4855
4785 4856
4785 4857
4786 4787
4786 4856
4786 4857
4786 4858
4787 4788
4787 4857
4787 4858
4787 4859
4788 4789
4788 4858
4788 4859
4788 4860
4789 4859
4789 4860
4789 4861
4790 4791
4790 4861
4790 4862
4790 4863
4791 4792
4791 4862
4791 4863
4791 4864
4792 4793
4792 4863
4792 4864
4792 4865
4793 4864
4793 4865
4793 4866
4794 4795
4794 4866
4794 4867
4794 4868
4795 4796
4795 4867
4795 4868
4796 4797
4796 4868
4797 4869
4798 4799
4798 4869
4798 4870
4798 4871
4799 4800
4799 4870
4799 4871
4800 4801
4800 4871
4800 4872
4801 4802
4801 4872
4801 4873
4802 4803
4802 4872
4802 4873
4802 4874
4803 4804
4803 4873
4803 4874
4803 4875
4804 4805
4804 4874
4804 4875
4804 4876
4805 4875
4805 4876
4806 4807
4806 4877
4806 4878
4807 4808
4807 4877
4807 4878
4807 4879
4808 4809
4808 4878
4808 4879
4808 4880
4809 4810
4809 4879
4809 4880
4809 4881
4810 4811
4810 4880
4810 4881
4810 4882
4811 4812
4811 4881
4811 4882
4811 4883
4812 4882
4812 4883
4812 4884
4813 4814
4813 4884
4813 4885
4813 4886
4814 4885
4814 4886
4814 4887
4815 4816
4815 4887
4815 4888
4815 4889
4816 4817
4816 4888
4816 4889
4816 4890
4817 4818
4817 4889
4817 4890
4817 4891
4818 4890
4818 4891
4818 4892
4819 4820
4819 4893
4819 4894
4820 4893
4820 4894
4821 4822
4821 4895
4821 4896
4822 4895
4822 4896
4822 4897
4823 4824
4823 4897
4823 4898
4823 4899
4824 4825
4824 4898
4824 4899
4824 4900
4825 4899
4825 4900
4826 4901
4826 4902
4827 4828
4827 4902
4827 4903
4827 4904
4828 4829
4828 4903
4828 4904
4829 4830
4829 4904
4829 4905
4830 4831
4830 4905
4830 4906
4831 4832
4831 4905
4831 4906
4831 4907
4832 4833
4832 4906
4832 4907
4832 4908
4833 4834
4833 4907
4833 4908
4834 4835
4834 4908
4834 4909
4835 4836
4835 4909
4835 4910
4836 4909
4836 4910
4836 4911
4837 4838
4837 4912
4838 4912
4838 4913
4839 4840
4839 4913
4839 4914
4840 4841
4840 4914
4840 4915
4841 4842
4841 4914
4841 4915
4841 4916
4842 4915
4842 4916
4842 4917
4843 4844
4843 4918
4844 4845
4845 4846
4845 4919
4846 4919
4846 4920
4847 4848
4847 4920
4847 4921
4848 4849
4848 4921
4848 4922
4849 4850
4849 4921
4849 4922
4849 4923
4850 4922
4850 4923
4850 4924
4851 4852
4851 4924
4851 4925
4852 4925
4853 4854
4853 4926
4853 4927
4854 4855
4854 4926
4854 4927
4854 4928
4855 4856
4855 4927
4855 4928
4856 4857
4856 4928
4856 4929
4857 4858
4857 4929
4857 4930
4858 4859
4858 4929
4858 4930
4858 4931
4859 4860
4859 4930
4859 4931
4859 4932
4860 4861
4860 4931
4860 4932
4860 4933
4861 4862
4861 4932
4861 4933
4861 4934
4862 4863
4862 4933
4862 4934
4862 4935
4863 4864
4863 4934
4863 4935
4863 4936
4864 4865
4864 4935
4864 4936
4864 4937
4865 4866
4865 4936
4865 4937
4865 4938
4866 4867
4866 4937
4866 4938
4866 4939
4867 4868
4867 4938
4867 4939
4868 4939
4868 4940
4869 4870
4869 4941
4869 4942
4870 4871
4870 4941
4870 4942
4870 4943
4871 4942
4871 4943
4872 4873
4872 4944
4872 4945
4873 4874
4873 4944
4873 4945
4874 4875
4874 4945
4875 4876
4875 4946
4876 4946
4876 4947
4877 4878
4877 4947
4877 4948
4878 4879
4878 4948
4878 4949
4879 4880
4879 4948
4879 4949
4879 4950
4880 4881
4880 4949
4880 4950
4880 4951
4881 4882
4881 4950
4881 4951
4881 4952
4882 4883
4882 4951
4882 4952
4882 4953
4883 4884
4883 4952
4883 4953
4883 4954
4884 4885
4884 4953
4884 4954
4884 4955
4885 4886
4885 4954
4885 4955
4885 4956
4886 4887
4886 4955
4886 4956
4886 4957
4887 4888
4887 4956
4887 4957
4887 4958
4888 4889
4888 4957
4888 4958
4888 4959
4889 4890
4889 4958
4889 4959
4889 4960
4890 4891
4890 4959
4890 4960
4890 4961
4891 4892
4891 4960
4891 4961
4891 4962
4892 4961
4892 4962
4893 4894
4893 4963
4894 4963
4894 4964
4895 4896
4895 4964
4895 4965
4895 4966
4896 4897
4896 4965
4896 4966
4896 4967
4897 4898
4897 4966
4897 4967
4897 4968
4898 4899
4898 4967
4898 4968
4898 4969
4899 4900
4899 4968
4899 4969
4899 4970
4900 4969
4900 4970
4900 4971
4901 4902
4901 4971
4901 4972
4901 4973
4902 4903
4902 4972
4902 4973
4903 4904
4903 4973
4903 4974
4904 4974
4905 4906
4905 4975
4905 4976
4906 4907
4906 4975
4906 4976
4906 4977
4907 4908
4907 4976
4907 4977
4907 4978
4908 4977
4908 4978
4908 4979
4909 4910
4909 4979
4909 4980
4909 4981
4910 4911
4910 4980
4910 4981
4911 4981
4911 4982
4912 4913
4912 4983
4912 4984
4912 4985
4913 4984
4913 4985
4913 4986
4914 4915
4914 4986
4914 4987
4914 4988
4915 4916
4915 4987
4915 4988
4915 4989
4916 4917
4916 4988
4916 4989
4916 4990
4917 4918
4917 4989
4917 4990
4917 4991
4918 4990
4918 4991
4918 4992
4919 4920
4919 4993
4919 4994
4919 4995
4920 4994
4920 4995
4920 4996
4921 4922
4921 4996
4922 4923
4922 4997
4923 4924
4923 4997
4923 4998
4924 4997
4924 4998
4924 4999
4925 4999
4925 5000
4925 5001
4926 4927
4926 5001
4926 5002
4927 4928
4927 5002
4927 5003
4928 5003
4929 4930
4929 5004
4929 5005
4930 4931
4930 5004
4930 5005
4930 5006
4931 4932
4931 5005
4931 5006
4931 5007
4932 4933
4932 5006
4932 5007
4933 4934
4933 5007
4934 4935
4934 5008
4935 4936
4935 5008
4935 5009
4936 4937
4936 5008
4936 5009
4936 5010
4937 4938
4937 5009
4937 5010
4937 5011
4938 4939
4938 5010
4938 5011
4938 5012
4939 5011
4939 5012
4939 5013
4940 5013
4940 5014
4940 5015
4941 4942
4941 5015
4941 5016
4941 5017
4942 4943
4942 5016
4942 5017
4942 5018
4943 5017
4943 5018
4943 5019
4944 4945
4944 5019
4944 5020
4944 5021
4945 5020
4945 5021
4945 5022
4946 4947
4946 5023
4946 5024
4946 5025
4947 5024
4947 5025
4947 5026
4948 4949
4948 5026
4948 5027
4948 5028
4949 4950
4949 5027
4949 5028
4949 5029
4950 4951
4950 5028
4950 5029
4951 4952
4951 5029
4952 4953
4952 5030
4953 4954
4953 5030
4953 5031
4954 4955
4954 5030
4954 5031
4954 5032
4955 4956
4955 5031
4955 5032
4955 5033
4956 4957
4956 5032
4956 5033
4956 5034
4957 4958
4957 5033
4957 5034
4957 5035
4958 4959
4958 5034
4958 5035
4959 4960
4959 5035
4959 5036
4960 4961
4960 5036
4960 5037
4961 4962
4961 5036
4961 5037
4961 5038
4962 5037
4962 5038
4963 5039
4963 5040
4964 4965
4964 5040
4964 5041
4964 5042
4965 4966
4965 5041
4965 5042
4965 5043
4966 4967
4966 5042
4966 5043
4966 5044
4967 4968
4967 5043
4967 5044
4967 5045
4968 4969
4968 5044
4968 5045
4968 5046
4969 4970
4969 5045
4969 5046
4969 5047
4970 4971
4970 5046
4970 5047
4970 5048
4971 4972
4971 5047
4971 5048
4971 5049
4972 4973
4972 5048
4972 5049
4972 5050
4973 5049
4973 5050
4974 5051
4975 4976
4975 5052
4975 5053
4976 4977
4976 5052
4976 5053
4976 5054
4977 4978
4977 5053
4977 5054
4977 5055
4978 4979
4978 5054
4978 5055
4978 5056
4979 4980
4979 5055
4979 5056
4980 4981
4980 5056
4980 5057
4981 5057
4981 5058
4982 4983
4982 5058
4982 5059
4983 4984
4983 5059
4983 5060
4984 4985
4984 5059
4984 5060
4984 5061
4985 4986
4985 5060
4985 5061
4985 5062
4986 4987
4986 5061
4986 5062
4986 5063
4987 4988
4987 5062
4987 5063
4987 5064
4988 4989
4988 5063
4988 5064
4988 5065
4989 4990
4989 5064
4989 5065
4989 5066
4990 4991
4990 5065
4990 5066
4991 4992
4991 5066
4991 5067
4992 5067
4992 5068
4993 4994
4993 5068
4993 5069
4994 4995
4994 5069
4994 5070
4995 4996
4995 5070
4996 5070
4996 5071
4997 4998
4997 5072
4997 5073
4998 4999
4998 5073
4999 5000
4999 5073
4999 5074
5000 5001
5000 5074
5000 5075
5001 5002
5001 5074
5001 5075
5001 5076
5002 5075
5002 5076
5002 5077
5003 5077
5003 5078
5004 5005
5004 5078
5004 5079
5005 5006
5005 5079
5005 5080
5006 5007
5006 5080
5006 5081
5007 5080
5007 5081
5007 5082
5008 5009
5008 5083
5008 5084
5008 5085
5009 5010
5009 5084
5009 5085
5009 5086
5010 5011
5010 5085
5010 5086
5010 5087
5011 5012
5011 5086
5011 5087
5011 5088
5012 5013
5012 5087
5012 5088
5013 5014
5013 5088
5013 5089
5014 5015
5014 5089
5014 5090
5015 5016
5015 5089
5015 5090
5015 5091
5016 5017
5016 5090
5016 5091
5016 5092
5017 5018
5017 5091
5017 5092
5017 5093
5018 5019
5018 5092
5018 5093
5018 5094
5019 5020
5019 5093
5019 5094
5020 5021
5020 5094
5021 5022
5022 5023
5022 5095
5023 5024
5023 5095
5023 5096
5024 5025
5024 5095
5024 5096
5024 5097
5025 5026
5025 5096
5025 5097
5025 5098
5026 5027
5026 5097
5026 5098
5026 5099
5027 5028
5027 5098
5027 5099
5027 5100
5028 5029
5028 5099
5028 5100
5028 5101
5029 5100
5029 5101
5029 5102
5030 5031
5030 5103
5030 5104
5031 5032
5031 5103
5031 5104
5031 5105
5032 5033
5032 5104
5032 5105
5032 5106
5033 5034
5033 5105
5033 5106
5033 5107
5034 5035
5034 5106
5034 5107
5034 5108
5035 5107
5035 5108
5035 5109
5036 5037
5036 5109
5036 5110
5036 5111
5037 5038
5037 5110
5037 5111
5037 5112
5038 5111
5038 5112
5039 5040
5039 5113
5039 5114
5040 5041
5040 5113
5040 5114
5040 5115
5041 5042
5041 5114
5041 5115
5041 5116
5042 5043
5042 5115
5042 5116
5042 5117
5043 5044
5043 5116
5043 5117
5043 5118
5044 5045
5044 5117
5044 5118
5044 5119
5045 5046
5045 5118
5045 5119
5045 5120
5046 5047
5046 5119
5046 5120
5046 5121
5047 5048
5047 5120
5047 5121
5047 5122
5048 5049
5048 5121
5048 5122
5048 5123
5049 5050
5049 5122
5049 5123
5049 5124
5050 5123
5050 5124
5050 5125
5051 5125
5052 5053
5052 5126
5052 5127
5053 5054
5053 5126
5053 5127
5054 5055
5054 5127
5054 5128
5055 5056
5055 5128
5055 5129
5056 5128
5056 5129
5056 5130
5057 5058
5057 5130
5057 5131
5058 5131
5058 5132
5059 5060
5059 5132
5059 5133
5059 5134
5060 5061
5060 5133
5060 5134
5060 5135
5061 5062
5061 5134
5061 5135
5061 5136
5062 5063
5062 5135
5062 5136
5062 5137
5063 5064
5063 5136
5063 5137
5064 5065
5064 5137
5064 5138
5065 5066
5065 5138
5065 5139
5066 5138
5066 5139
5066 5140
5067 5068
5067 5140
5067 5141
5068 5069
5068 5141
5068 5142
5069 5142
5070 5143
5071 5072
5071 5143
5071 5144
5072 5144
5072 5145
5073 5145
5073 5146
5074 5075
5074 5146
5074 5147
5074 5148
5075 5076
5075 5147
5075 5148
5075 5149
5076 5077
5076 5148
5076 5149
5076 5150
5077 5149
5077 5150
5077 5151
5078 5079
5078 5151
5078 5152
5078 5153
5079 5152
5079 5153
5079 5154
5080 5081
5080 5154
5080 5155
5081 5082
5081 5155
5082 5083
5082 5156
5083 5084
5083 5156
5083 5157
5084 5085
5084 5156
5084 5157
5085 5086
5085 5157
5086 5087
5086 5158
5087 5088
5087 5158
5087 5159
5088 5158
5088 5159
5088 5160
5089 5090
5089 5160
5089 5161
5090 5091
5090 5161
5090 5162
5091 5092
5091 5162
5091 5163
5092 5093
5092 5162
5092 5163
5092 5164
5093 5094
5093 5163
5093 5164
5093 5165
5094 5164
5094 5165
5094 5166
5095 5096
5095 5168
5095 5169
5096 5097
5096 5168
5096 5169
5096 5170
5097 5098
5097 5169
5097 5170
5097 5171
5098 5099
5098 5170
5098 5171
5098 5172
5099 5100
5099 5171
5099 5172
5099 5173
5100 5101
5100 5172
5100 5173
5101 5102
5101 5173
5101 5174
5102 5174
5103 5104
5103 5175
5103 5176
5104 5105
5104 5175
5104 5176
5104 5177
5105 5106
5105 5176
5105 5177
5105 5178
5106 5107
5106 5177
5106 5178
5106 5179
5107 5108
5107 5178
5107 5179
5107 5180
5108 5109
5108 5179
5108 5180
5108 5181
5109 5110
5109 5180
5109 5181
5109 5182
5110 5111
5110 5181
5110 5182
5111 5112
5111 5182
5111 5183
5112 5183
5113 5114
5113 5184
5113 5185
5114 5115
5114 5184
5114 5185
5114 5186
5115 5116
5115 5185
5115 5186
5115 5187
5116 5117
5116 5186
5116 5187
5116 5188
5117 5118
5117 5187
5117 5188
5117 5189
5118 5119
5118 5188
5118 5189
5119 5120
5119 5189
5119 5190
5120 5121
5120 5190
5120 5191
5121 5122
5121 5190
5121 5191
5121 5192
5122 5123
5122 5191
5122 5192
5122 5193
5123 5124
5123 5192
5123 5193
5124 5125
5124 5193
5125 5194
5126 5127
5126 5195
5126 5196
5127 5195
5127 5196
5127 5197
5128 5129
5128 5197
5128 5198
5128 5199
5129 5130
5129 5198
5129 5199
5129 5200
5130 5199
5130 5200
5130 5201
5131 5132
5131 5201
5131 5202
5132 5133
5132 5202
5132 5203
5133 5134
5133 5202
5133 5203
5133 5204
5134 5135
5134 5203
5134 5204
5134 5205
5135 5136
5135 5204
5135 5205
5135 5206
5136 5137
5136 5205
5136 5206
5136 5207
5137 5206
5137 5207
5137 5208
5138 5139
5138 5208
5138 5209
5139 5140
5139 5209
5139 5210
5140 5141
5140 5210
5140 5211
5141 5210
5141 5211
5142 5212
5143 5213
5143 5214
5143 5215
5144 5145
5144 5215
5144 5216
5144 5217
5145 5216
5145 5217
5145 5218
5146 5147
5146 5218
5146 5219
5147 5148
5147 5219
5147 5220
5148 5149
5148 5219
5148 5220
5148 5221
5149 5150
5149 5220
5149 5221
5149 5222
5150 5151
5150 5221
5150 5222
5150 5223
5151 5152
5151 5222
5151 5223
5152 5153
5152 5223
5152 5224
5153 5154
5153 5224
5153 5225
5154 5155
5154 5224
5154 5225
5154 5226
5155 5225
5155 5226
5155 5227
5156 5157
5156 5228
5156 5229
5156 5230
5157 5229
5157 5230
5158 5159
5158 5231
5158 5232
5158 5233
5159 5160
5159 5232
5159 5233
5159 5234
5160 5161
5160 5233
5160 5234
5161 5234
5161 5235
5162 5163
5162 5235
5162 5236
5162 5237
5163 5164
5163 5236
5163 5237
5163 5238
5164 5165
5164 5237
5164 5238
5164 5239
5165 5166
5165 5238
5165 5239
5165 5240
5166 5167
5166 5239
5166 5240
5166 5241
5167 5240
5167 5241
5167 5242
5168 5169
5168 5242
5168 5243
5168 5244
5169 5170
5169 5243
5169 5244
5169 5245
5170 5171
5170 5244
5170 5245
5170 5246
5171 5172
5171 5245
5171 5246
5172 5173
5172 5246
5172 5247
5173 5247
5173 5248
5174 5248
5174 5249
5174 5250
5175 5176
5175 5250
5175 5251
5176 5177
5176 5251
5176 5252
5177 5178
5177 5251
5177 5252
5178 5179
5178 5252
5178 5253
5179 5180
5179 5253
5179 5254
5180 5181
5180 5253
5180 5254
5180 5255
5181 5182
5181 5254
5181 5255
5181 5256
5182 5255
5182 5256
5182 5257
5183 5257
5184 5185
5184 5258
5184 5259
5185 5186
5185 5258
5185 5259
5185 5260
5186 5187
5186 5259
5186 5260
5186 5261
5187 5188
5187 5260
5187 5261
5187 5262
5188 5189
5188 5261
5188 5262
5188 5263
5189 5262
5189 5263
5189 5264
5190 5191
5190 5264
5190 5265
5190 5266
5191 5192
5191 5265
5191 5266
5191 5267
5192 5193
5192 5266
5192 5267
5192 5268
5193 5267
5193 5268
5194 5269
5195 5196
5195 5269
5195 5270
5195 5271
5196 5197
5196 5270
5196 5271
5196 5272
5197 5198
5197 5271
5197 5272
5197 5273
5198 5199
5198 5272
5198 5273
5198 5274
5199 5200
5199 5273
5199 5274
5199 5275
5200 5201
5200 5274
5200 5275
5201 5275
5201 5276
5202 5203
5202 5276
5202 5277
5202 5278
5203 5204
5203 5277
5203 5278
5203 5279
5204 5205
5204 5278
5204 5279
5204 5280
5205 5206
5205 5279
5205 5280
5205 5281
5206 5207
5206 5280
5206 5281
5206 5282
5207 5208
5207 5281
5207 5282
5207 5283
5208 5209
5208 5282
5208 5283
5208 5284
5209 5283
5209 5284
5209 5285
5210 5211
5210 5285
5210 5286
5210 5287
5211 5286
5211 5287
5212 5288
5213 5214
5213 5289
5214 5215
5214 5289
5214 5290
5215 5216
5215 5290
5215 5291
5216 5217
5216 5290
5216 5291
5216 5292
5217 5218
5217 5291
5217 5292
5217 5293
5218 5292
5218 5293
5218 5294
5219 5220
5219 5294
5219 5295
5219 5296
5220 5221
5220 5295
5220 5296
5220 5297
5221 5222
5221 5296
5221 5297
5221 5298
5222 5223
5222 5297
5222 5298
5222 5299
5223 5298
5223 5299
5223 5300
5224 5225
5224 5300
5224 5301
5224 5302
5225 5226
5225 5301
5225 5302
5226 5227
5226 5302
5226 5303
5227 5228
5227 5303
5227 5304
5228 5229
5228 5303
5228 5304
5228 5305
5229 5230
5229 5304
5229 5305
5229 5306
5230 5305
5230 5306
5230 5307
5231 5232
5231 5307
5231 5308
5231 5309
5232 5233
5232 5308
5232 5309
5232 5310
5233 5234
5233 5309
5233 5310
5233 5311
5234 5310
5234 5311
5234 5312
5235 5236
5235 5312
5235 5313
5235 5314
5236 5237
5236 5313
5236 5314
5236 5315
5237 5238
5237 5314
5237 5315
5237 5316
5238 5239
5238 5315
5238 5316
5238 5317
5239 5240
5239 5316
5239 5317
5239 5318
5240 5241
5240 5317
5240 5318
5240 5319
5241 5242
5241 5318
5241 5319
5241 5320
5242 5243
5242 5319
5242 5320
5242 5321
5243 5244
5243 5320
5243 5321
5243 5322
5244 5245
5244 5321
5244 5322
5244 5323
5245 5246
5245 5322
5245 5323
5245 5324
5246 5323
5246 5324
5246 5325
5247 5248
5247 5325
5247 5326
5247 5327
5248 5249
5248 5326
5248 5327
5248 5328
5249 5250
5249 5327
5249 5328
5250 5328
5250 5329
5251 5252
5251 5329
5251 5330
5251 5331
5252 5330
5252 5331
5252 5332
5253 5254
5253 5332
5253 5333
5254 5255
5254 5333
5254 5334
5255 5256
5255 5334
5255 5335
5256 5257
5256 5334
5256 5335
5256 5336
5257 5335
5257 5336
5257 5337
5258 5259
5258 5338
5258 5339
5259 5260
5259 5338
5259 5339
5259 5340
5260 5261
5260 5339
5260 5340
5260 5341
5261 5262
5261 5340
5261 5341
5261 5342
5262 5263
5262 5341
5262 5342
5262 5343
5263 5264
5263 5342
5263 5343
5263 5344
5264 5265
5264 5343
5264 5344
5265 5266
5265 5344
5265 5345
5266 5267
5266 5345
5266 5346
5267 5268
5267 5345
5267 5346
5267 5347
5268 5346
5268 5347
5268 5348
5269 5270
5269 5350
5269 5351
5269 5352
5270 5271
5270 5351
5270 5352
5270 5353
5271 5272
5271 5352
5271 5353
5272 5273
5272 5353
5272 5354
5273 5274
5273 5354
5273 5355
5274 5275
5274 5354
5274 5355
5274 5356
5275 5355
5275 5356
5276 5277
5277 5278
5277 5357
5278 5279
5278 5357
5278 5358
5279 5280
5279 5357
5279 5358
5280 5281
5280 5358
5280 5359
5281 5282
5281 5359
5281 5360
5282 5283
5282 5359
5282 5360
5282 5361
5283 5284
5283 5360
5283 5361
5283 5362
5284 5285
5284 5361
5284 5362
5285 5286
5285 5362
5286 5287
5286 5363
5287 5363
5288 5364
5288 5365
5289 5365
5289 5366
5290 5291
5290 5366
5290 5367
5290 5368
5291 5292
5291 5367
5291 5368
5291 5369
5292 5293
5292 5368
5292 5369
5292 5370
5293 5294
5293 5369
5293 5370
5294 5295
5294 5370
5294 5371
5295 5296
5295 5371
5295 5372
5296 5297
5296 5371
5296 5372
5296 5373
5297 5298
5297 5372
5297 5373
5297 5374
5298 5299
5298 5373
5298 5374
5298 5375
5299 5300
5299 5374
5299 5375
5299 5376
5300 5301
5300 5375
5300 5376
5300 5377
5301 5302
5301 5376
5301 5377
5301 5378
5302 5377
5302 5378
5302 5379
5303 5304
5303 5379
5303 5380
5303 5381
5304 5305
5304 5380
5304 5381
5304 5382
5305 5306
5305 5381
5305 5382
5305 5383
5306 5307
5306 5382
5306 5383
5306 5384
5307 5308
5307 5383
5307 5384
5308 5309
5308 5384
5308 5385
5309 5310
5309 5385
5309 5386
5310 5311
5310 5385
5310 5386
5310 5387
5311 5312
5311 5386
5311 5387
5311 5388
5312 5313
5312 5387
5312 5388
5312 5389
5313 5314
5313 5388
5313 5389
5313 5390
5314 5315
5314 5389
5314 5390
5314 5391
5315 5316
5315 5390
5315 5391
5315 5392
5316 5317
5316 5391
5316 5392
5316 5393
5317 5318
5317 5392
5317 5393
5317 5394
5318 5319
5318 5393
5318 5394
5318 5395
5319 5320
5319 5394
5319 5395
5320 5321
5320 5395
5320 5396
5321 5322
5321 5396
5322 5323
5322 5396
5323 5324
5323 5397
5324 5325
5324 5397
5325 5326
5325 5397
5325 5398
5326 5327
5326 5398
5326 5399
5327 5328
5327 5398
5327 5399
5327 5400
5328 5399
5328 5400
5329 5330
5330 5331
5330 5401
5331 5332
5331 5401
5331 5402
5332 5333
5332 5401
5332 5402
5332 5403
5333 5402
5333 5403
5333 5404
5334 5335
5334 5404
5334 5405
5334 5406
5335 5336
5335 5405
5335 5406
5336 5337
5336 5406
5336 5407
5337 5407
5338 5339
5338 5408
5338 5409
5339 5340
5339 5408
5339 5409
5340 5341
5340 5409
5340 5410
5341 5342
5341 5410
5341 5411
5342 5343
5342 5410
5342 5411
5343 5344
5343 5411
5345 5346
5345 5412
5346 5347
5346 5412
5346 5413
5347 5348
5347 5413
5347 5414
5348 5349
5348 5413
5348 5414
5349 5350
5349 5414
5349 5415
5350 5351
5350 5415
5350 5416
5351 5352
5351 5415
5351 5416
5352 5353
5352 5416
5352 5417
5353 5417
5354 5355
5354 5418
5354 5419
5355 5356
5355 5418
5355 5419
5355 5420
5356 5419
5356 5420
5356 5421
5357 5358
5357 5423
5357 5424
5358 5424
5358 5425
5359 5360
5359 5425
5359 5426
5360 5361
5360 5426
5360 5427
5361 5362
5361 5427
5361 5428
5362 5427
5362 5428
5362 5429
5363 5430
5363 5431
5363 5432
5364 5365
5364 5432
5364 5433
5365 5433
5365 5434
5366 5367
5366 5434
5366 5435
5367 5368
5367 5435
5367 5436
5368 5369
5368 5435
5368 5436
5368 5437
5369 5370
5369 5436
5369 5437
5369 5438
5370 5437
5370 5438
5370 5439
5371 5372
5371 5439
5371 5440
5372 5373
5372 5440
5372 5441
5373 5374
5373 5440
5373 5441
5373 5442
5374 5375
5374 5441
5374 5442
5374 5443
5375 5376
5375 5442
5375 5443
5375 5444
5376 5377
5376 5443
5376 5444
5376 5445
5377 5378
5377 5444
5377 5445
5378 5379
5378 5445
5378 5446
5379 5380
5379 5446
5379 5447
5380 5381
5380 5446
5380 5447
5380 5448
5381 5382
5381 5447
5381 5448
5381 5449
5382 5383
5382 5448
5382 5449
5382 5450
5383 5384
5383 5449
5383 5450
5383 5451
5384 5450
5384 5451
5384 5452
5385 5386
5385 5452
5385 5453
5385 5454
5386 5387
5386 5453
5386 5454
5386 5455
5387 5388
5387 5454
5387 5455
5387 5456
5388 5389
5388 5455
5388 5456
5388 5457
5389 5390
5389 5456
5389 5457
5389 5458
5390 5391
5390 5457
5390 5458
5390 5459
5391 5392
5391 5458
5391 5459
5391 5460
5392 5393
5392 5459
5392 5460
5392 5461
5393 5394
5393 5460
5393 5461
5394 5395
5394 5461
5394 5462
5395 5462
5395 5463
5396 5463
5396 5464
5397 5465
5397 5466
5398 5399
5398 5466
5398 5467
5398 5468
5399 5400
5399 5467
5399 5468
5400 5468
5401 5402
5401 5470
5401 5471
5401 5472
5402 5403
5402 5471
5402 5472
5403 5404
5403 5472
5403 5473
5404 5405
5404 5473
5404 5474
5405 5406
5405 5473
5405 5474
5406 5474
5407 5475
5408 5409
5408 5476
5408 5477
5409 5476
5409 5477
5409 5478
5410 5411
5410 5478
5410 5479
5410 5480
5411 5479
5411 5480
5411 5481
5413 5414
5413 5483
5413 5484
5414 5483
5414 5484
5414 5485
5415 5416
5415 5485
5415 5486
5416 5486
5416 5487
5417 5487
5417 5488
5417 5489
5418 5419
5418 5489
5418 5490
5418 5491
5419 5420
5419 5490
5419 5491
5419 5492
5420 5421
5420 5491
5420 5492
5420 5493
5421 5422
5421 5492
5421 5493
5421 5494
5422 5423
5422 5493
5422 5494
5422 5495
5423 5494
5423 5495
5423 5496
5424 5425
5424 5496
5424 5497
5425 5426
5425 5497
5425 5498
5426 5497
5426 5498
5426 5499
5427 5428
5427 5499
5427 5500
5428 5429
5428 5500
5428 5501
5429 5430
5429 5501
5430 5431
5430 5501
5430 5502
5431 5432
5431 5502
5431 5503
5432 5433
5432 5502
5432 5503
5432 5504
5433 5503
5433 5504
5433 5505
5434 5505
5434 5506
5434 5507
5435 5436
5435 5507
5435 5508
5435 5509
5436 5437
5436 5508
5436 5509
5436 5510
5437 5438
5437 5509
5437 5510
5437 5511
5438 5439
5438 5510
5438 5511
5438 5512
5439 5511
5439 5512
5440 5441
5440 5513
5441 5442
5441 5513
5441 5514
5442 5443
5442 5513
5442 5514
5442 5515
5443 5444
5443 5514
5443 5515
5443 5516
5444 5445
5444 5515
5444 5516
5444 5517
5445 5516
5445 5517
5445 5518
5446 5447
5446 5518
5446 5519
5446 5520
5447 5448
5447 5519
5447 5520
5447 5521
5448 5449
5448 5520
5448 5521
5448 5522
5449 5450
5449 5521
5449 5522
5450 5451
5450 5522
5450 5523
5451 5452
5451 5523
5451 5524
5452 5453
5452 5523
5452 5524
5452 5525
5453 5454
5453 5524
5453 5525
5454 5455
5454 5525
5455 5456
5455 5526
5456 5457
5456 5526
5456 5527
5457 5458
5457 5526
5457 5527
5457 5528
5458 5459
5458 5527
5458 5528
5459 5460
5459 5528
5460 5461
5460 5529
5461 5529
5461 5530
5462 5463
5462 5530
5462 5531
5462 5532
5463 5464
5463 5531
5463 5532
5464 5532
5465 5466
5465 5533
5465 5534
5465 5535
5466 5467
5466 5534
5466 5535
5466 5536
5467 5468
5467 5535
5467 5536
5467 5537
5468 5536
5468 5537
5468 5538
5469 5470
5469 5539
5469 5540
5470 5471
5470 5539
5470 5540
5471 5472
5471 5540
5472 5541
5473 5474
5473 5541
5473 5542
5473 5543
5474 5542
5474 5543
5474 5544
5475 5545
5475 5546
5476 5477
5476 5547
5476 5548
5477 5478
5477 5547
5477 5548
5477 5549
5478 5479
5478 5548
5478 5549
5479 5480
5479 5549
5480 5481
5481 5482
5482 5550
5483 5484
5483 5552
5483 5553
5483 5554
5484 5485
5484 5553
5484 5554
5484 5555
5485 5554
5485 5555
5485 5556
5486 5487
5486 5556
5486 5557
5486 5558
5487 5488
5487 5557
5487 5558
5487 5559
5488 5489
5488 5558
5488 5559
5489 5490
5489 5559
5489 5560
5490 5491
5490 5560
5490 5561
5491 5492
5491 5560
5491 5561
5491 5562
5492 5493
5492 5561
5492 5562
5492 5563
5493 5494
5493 5562
5493 5563
5493 5564
5494 5495
5494 5563
5494 5564
5494 5565
5495 5496
5495 5564
5495 5565
5495 5566
5496 5565
5496 5566
5496 5567
5497 5498
5497 5567
5497 5568
5498 5499
5498 5568
5498 5569
5499 5500
5499 5569
5499 5570
5500 5569
5500 5570
5501 5571
5501 5572
5502 5503
5502 5572
5502 5573
5502 5574
5503 5504
5503 5573
5503 5574
5503 5575
5504 5505
5504 5574
5504 5575
5504 5576
5505 5506
5505 5575
5505 5576
5505 5577
5506 5507
5506 5576
5506 5577
5506 5578
5507 5508
5507 5577
5507 5578
5508 5509
5508 5578
5508 5579
5509 5510
5509 5579
5509 5580
5510 5511
5510 5579
5510 5580
5510 5581
5511 5512
5511 5580
5511 5581
5511 5582
5512 5581
5512 5582
5512 5583
5513 5514
5513 5584
5514 5515
5514 5584
5514 5585
5515 5516
5515 5585
5516 5517
5516 5585
5517 5518
5517 5586
5518 5519
5518 5586
5518 5587
5519 5520
5519 5586
5519 5587
5520 5521
5520 5587
5520 5588
5521 5522
5521 5588
5522 5588
5523 5524
5523 5589
5523 5590
5524 5525
5524 5589
5524 5590
5525 5590
5525 5591
5526 5527
5526 5592
5526 5593
5526 5594
5527 5528
5527 5593
5527 5594
5527 5595
5528 5594
5528 5595
5528 5596
5529 5530
5529 5597
5530 5531
5531 5532
5532 5598
5533 5534
5533 5599
5533 5600
5533 5601
5534 5535
5534 5600
5534 5601
5534 5602
5535 5536
5535 5601
5535 5602
5536 5537
5536 5602
5537 5538
5537 5603
5538 5603
5538 5604
5539 5540
5539 5604
5539 5605
5539 5606
5540 5605
5540 5606
5541 5542
5541 5607
5541 5608
5541 5609
5542 5543
5542 5608
5542 5609
5542 5610
5543 5544
5543 5609
5543 5610
5543 5611
5544 5545
5544 5610
5544 5611
5544 5612
5545 5546
5545 5611
5545 5612
5545 5613
5546 5612
5546 5613
5547 5548
5547 5614
5547 5615
5548 5549
5548 5614
5548 5615
5549 5615
5549 5616
5550 5551
5550 5619
5551 5552
5551 5619
5552 5553
5552 5620
5553 5554
5553 5620
5553 5621
5554 5555
5554 5620
5554 5621
5555 5556
5555 5621
5555 5622
5556 5557
5556 5622
5556 5623
5557 5558
5557 5622
5557 5623
5558 5559
5558 5623
5558 5624
5559 5624
5559 5625
5560 5561
5560 5625
5560 5626
5560 5627
5561 5562
5561 5626
5561 5627
5562 5563
5562 5627
5562 5628
5563 5564
5563 5628
5563 5629
5564 5565
5564 5628
5564 5629
5564 5630
5565 5566
5565 5629
5565 5630
5565 5631
5566 5567
5566 5630
5566 5631
5566 5632
5567 5568
5567 5631
5567 5632
5568 5632
5568 5633
5569 5570
5569 5633
5570 5634
5571 5572
5571 5634
5571 5635
5571 5636
5572 5573
5572 5635
5572 5636
5572 5637
5573 5574
5573 5636
5573 5637
5573 5638
5574 5575
5574 5637
5574 5638
5574 5639
5575 5576
5575 5638
5575 5639
5575 5640
5576 5577
5576 5639
5576 5640
5576 5641
5577 5578
5577 5640
5577 5641
5577 5642
5578 5641
5578 5642
5578 5643
5579 5580
5579 5643
5579 5644
5580 5581
5580 5644
5580 5645
5581 5582
5581 5645
5582 5583
5582 5645
5582 5646
5583 5646
5583 5647
5584 5647
5584 5648
5584 5649
5585 5649
5585 5650
5585 5651
5586 5587
5586 5652
5586 5653
5587 5653
5588 5654
5589 5590
5589 5655
5589 5656
5590 5655
5590 5656
5590 5657
5591 5592
5591 5657
5591 5658
5592 5593
5592 5658
5593 5594
5593 5659
5594 5595
5594 5659
5594 5660
5595 5596
5595 5659
5595 5660
5595 5661
5596 5597
5596 5660
5596 5661
5597 5661
5597 5662
5598 5599
5598 5665
5598 5666
5598 5667
5599 5600
5599 5666
5599 5667
5599 5668
5600 5601
5600 5667
5600 5668
5600 5669
5601 5602
5601 5668
5601 5669
5602 5669
5602 5670
5603 5604
5603 5671
5603 5672
5604 5605
5604 5672
5604 5673
5605 5606
5605 5672
5605 5673
5605 5674
5606 5673
5606 5674
5606 5675
5607 5608
5607 5675
5607 5676
5607 5677
5608 5609
5608 5676
5608 5677
5608 5678
5609 5610
5609 5677
5609 5678
5609 5679
5610 5611
5610 5678
5610 5679
5611 5612
5611 5679
5612 5613
5612 5680
5613 5680
5614 5615
5614 5681
5615 5681
5615 5682
5616 5617
5616 5682
5617 5618
5617 5683
5618 5683
5618 5684
5619 5684
5619 5685
5620 5621
5620 5686
5620 5687
5621 5687
5621 5688
5622 5623
5622 5688
5622 5689
5622 5690
5623 5689
5623 5690
5623 5691
5624 5625
5624 5691
5625 5626
5626 5627
5626 5692
5627 5692
5627 5693
5628 5629
5628 5693
5628 5694
5628 5695
5629 5630
5629 5694
5629 5695
5629 5696
5630 5631
5630 5695
5630 5696
5630 5697
5631 5632
5631 5696
5631 5697
5631 5698
5632 5697
5632 5698
5632 5699
5633 5699
5633 5700
5633 5701
5634 5635
5634 5702
5634 5703
5634 5704
5635 5636
5635 5703
5635 5704
5636 5637
5636 5704
5637 5638
5637 5705
5638 5639
5638 5705
5638 5706
5639 5640
5639 5705
5639 5706
5639 5707
5640 5641
5640 5706
5640 5707
5640 5708
5641 5642
5641 5707
5641 5708
5641 5709
5642 5643
5642 5708
5642 5709
5642 5710
5643 5644
5643 5709
5643 5710
5643 5711
5644 5710
5644 5711
5644 5712
5645 5712
5645 5713
5646 5647
5646 5714
5647 5648
5647 5714
5647 5715
5648 5649
5648 5715
5648 5716
5649 5650
5649 5715
5649 5716
5650 5651
5650 5716
5650 5717
5651 5652
5651 5717
5651 5718
5652 5717
5652 5718
5652 5719
5653 5719
5653 5720
5654 5721
5654 5722
5655 5656
5655 5723
5656 5657
5656 5723
5656 5724
5657 5658
5657 5723
5657 5724
5657 5725
5658 5724
5658 5725
5658 5726
5659 5660
5659 5727
5659 5728
5659 5729
5660 5661
5660 5728
5660 5729
5660 5730
5661 5729
5661 5730
5661 5731
5662 5663
5662 5731
5662 5732
5662 5733
5663 5664
5663 5732
5663 5733
5663 5734
5664 5665
5664 5733
5664 5734
5664 5735
5665 5666
5665 5734
5665 5735
5665 5736
5666 5667
5666 5735
5666 5736
5666 5737
5667 5668
5667 5736
5667 5737
5667 5738
5668 5669
5668 5737
5668 5738
5668 5739
5669 5738
5669 5739
5669 5740
5670 5671
5670 5740
5670 5741
5670 5742
5671 5741
5671 5742
5671 5743
5672 5673
5672 5743
5672 5744
5673 5674
5673 5744
5673 5745
5674 5675
5674 5745
5674 5746
5675 5676
5675 5745
5675 5746
5675 5747
5676 5677
5676 5746
5676 5747
5676 5748
5677 5678
5677 5747
5677 5748
5677 5749
5678 5679
5678 5748
5678 5749
5679 5749
5679 5750
5680 5751
5680 5752
5681 5682
5681 5753
5681 5754
5681 5755
5682 5754
5682 5755
5682 5756
5683 5684
5683 5757
5683 5758
5684 5757
5684 5758
5684 5759
5685 5686
5685 5759
5685 5760
5686 5687
5686 5760
5687 5760
5688 5689
5688 5761
5689 5690
5689 5761
5689 5762
5690 5691
5690 5762
5690 5763
5691 5762
5691 5763
5691 5764
5692 5693
5692 5766
5692 5767
5693 5694
5693 5766
5693 5767
5693 5768
5694 5695
5694 5767
5694 5768
5694 5769
5695 5696
5695 5768
5695 5769
5695 5770
5696 5697
5696 5769
5696 5770
5696 5771
5697 5698
5697 5770
5697 5771
5697 5772
5698 5699
5698 5771
5698 5772
5698 5773
5699 5700
5699 5772
5699 5773
5699 5774
5700 5701
5700 5773
5700 5774
5700 5775
5701 5702
5701 5774
5701 5775
5701 5776
5702 5703
5702 5775
5702 5776
5702 5777
5703 5704
5703 5776
5703 5777
5703 5778
5704 5777
5704 5778
5704 5779
5705 5706
5705 5780
5705 5781
5705 5782
5706 5707
5706 5781
5706 5782
5706 5783
5707 5708
5707 5782
5707 5783
5707 5784
5708 5709
5708 5783
5708 5784
5708 5785
5709 5710
5709 5784
5709 5785
5709 5786
5710 5711
5710 5785
5710 5786
5710 5787
5711 5712
5711 5786
5711 5787
5711 5788
5712 5713
5712 5787
5712 5788
5713 5788
5713 5789
5714 5789
5714 5790
5714 5791
5715 5716
5715 5791
5715 5792
5715 5793
5716 5792
5716 5793
5716 5794
5717 5718
5717 5794
5717 5795
5717 5796
5718 5719
5718 5795
5718 5796
5719 5720
5719 5796
5719 5797
5720 5797
5720 5798
5721 5722
5721 5798
5721 5799
5722 5799
5722 5800
5723 5724
5723 5801
5723 5802
5723 5803
5724 5725
5724 5802
5724 5803
5724 5804
5725 5726
5725 5803
5725 5804
5726 5727
5726 5804
5726 5805
5727 5728
5727 5805
5727 5806
5728 5729
5728 5805
5728 5806
5729 5730
5729 5806
5729 5807
5730 5731
5730 5807
5731 5732
5731 5807
5731 5808
5732 5733
5732 5808
5732 5809
5733 5734
5733 5808
5733 5809
5733 5810
5734 5735
5734 5809
5734 5810
5734 5811
5735 5736
5735 5810
5735 5811
5736 5737
5736 5811
5736 5812
5737 5738
5737 5812
5737 5813
5738 5739
5738 5812
5738 5813
5738 5814
5739 5740
5739 5813
5739 5814
5739 5815
5740 5741
5740 5814
5740 5815
5740 5816
5741 5742
5741 5815
5741 5816
5742 5743
5742 5816
5742 5817
5743 5744
5743 5817
5743 5818
5744 5817
5744 5818
5744 5819
5745 5746
5745 5819
5745 5820
5745 5821
5746 5747
5746 5820
5746 5821
5747 5748
5747 5821
5747 5822
5748 5749
5748 5822
5748 5823
5749 5822
5749 5823
5749 5824
5750 5751
5750 5824
5750 5825
5750 5826
5751 5752
5751 5825
5751 5826
5751 5827
5752 5826
5752 5827
5753 5754
5753 5828
5754 5755
5754 5828
5754 5829
5755 5756
5755 5828
5755 5829
5755 5830
5756 5829
5756 5830
5757 5758
5757 5831
5758 5759
5758 5831
5758 5832
5759 5832
5760 5833
5761 5834
5761 5835
5762 5763
5762 5836
5762 5837
5763 5764
5763 5836
5763 5837
5763 5838
5764 5765
5764 5837
5764 5838
5765 5838
5766 5767
5766 5839
5766 5840
5767 5768
5767 5839
5767 5840
5767 5841
5768 5769
5768 5840
5768 5841
5769 5770
5769 5841
5769 5842
5770 5771
5770 5842
5771 5772
5771 5842
5772 5773
5772 5843
5773 5774
5773 5843
5773 5844
5774 5775
5774 5843
5774 5844
5774 5845
5775 5776
5775 5844
5775 5845
5775 5846
5776 5777
5776 5845
5776 5846
5776 5847
5777 5778
5777 5846
5777 5847
5777 5848
5778 5779
5778 5847
5778 5848
5779 5780
5779 5848
5779 5849
5780 5781
5780 5849
5780 5850
5781 5782
5781 5849
5781 5850
5781 5851
5782 5783
5782 5850
5782 5851
5782 5852
5783 5784
5783 5851
5783 5852
5784 5785
5784 5852
5784 5853
5785 5786
5785 5853
5785 5854
5786 5787
5786 5853
5786 5854
5786 5855
5787 5788
5787 5854
5787 5855
5787 5856
5788 5855
5788 5856
5788 5857
5789 5790
5789 5857
5789 5858
5790 5791
5790 5858
5791 5792
5791 5858
5792 5793
5792 5859
5793 5794
5793 5859
5793 5860
5794 5795
5794 5859
5794 5860
5794 5861
5795 5796
5795 5860
5795 5861
5795 5862
5796 5861
5796 5862
5796 5863
5797 5798
5797 5863
5797 5864
5797 5865
5798 5799
5798 5864
5798 5865
5798 5866
5799 5865
5799 5866
5800 5801
5800 5867
5800 5868
5801 5802
5801 5867
5801 5868
5801 5869
5802 5803
5802 5868
5802 5869
5803 5804
5803 5869
5803 5870
5804 5870
5804 5871
5805 5806
5805 5871
5805 5872
5805 5873
5806 5872
5806 5873
5808 5809
5808 5874
5808 5875
5809 5810
5809 5874
5809 5875
5810 5811
5810 5875
5810 5876
5811 5876
5811 5877
5812 5813
5812 5877
5812 5878
5812 5879
5813 5814
5813 5878
5813 5879
5813 5880
5814 5815
5814 5879
5814 5880
5814 5881
5815 5816
5815 5880
5815 5881
5816 5881
5816 5882
5817 5818
5817 5882
5817 5883
5817 5884
5818 5819
5818 5883
5818 5884
5818 5885
5819 5820
5819 5884
5819 5885
5819 5886
5820 5821
5820 5885
5820 5886
5820 5887
5821 5886
5821 5887
5821 5888
5822 5823
5822 5888
5822 5889
5822 5890
5823 5824
5823 5889
5823 5890
5824 5825
5824 5890
5824 5891
5825 5826
5825 5891
5825 5892
5826 5827
5826 5891
5826 5892
5826 5893
5827 5892
5827 5893
5828 5829
5828 5894
5828 5895
5829 5830
5829 5895
5829 5896
5830 5896
5830 5897
5831 5897
5832 5898
5832 5899
5833 5834
5833 5900
5833 5901
5833 5902
5834 5835
5834 5901
5834 5902
5834 5903
5835 5902
5835 5903
5835 5904
5836 5837
5836 5904
5836 5905
5837 5838
5837 5905
5837 5906
5838 5906
5838 5907
5839 5840
5839 5908
5839 5909
5840 5841
5840 5909
5841 5909
5841 5910
5842 5910
5842 5911
5842 5912
5843 5844
5843 5913
5843 5914
5843 5915
5844 5845
5844 5914
5844 5915
5844 5916
5845 5846
5845 5915
5845 5916
5845 5917
5846 5847
5846 5916
5846 5917
5847 5848
5847 5917
5848 5918
5849 5850
5849 5918
5849 5919
5849 5920
5850 5851
5850 5919
5850 5920
5850 5921
5851 5852
5851 5920
5851 5921
5851 5922
5852 5921
5852 5922
5853 5854
5853 5923
5853 5924
5854 5855
5854 5923
5854 5924
5854 5925
5855 5856
5855 5924
5855 5925
5856 5857
5856 5925
5856 5926
5857 5926
5857 5927
5858 5927
5858 5928
5859 5860
5859 5929
5859 5930
5860 5861
5860 5929
5860 5930
5860 5931
5861 5862
5861 5930
5861 5931
5862 5863
5862 5931
5862 5932
5863 5864
5863 5932
5863 5933
5864 5865
5864 5932
5864 5933
5864 5934
5865 5866
5865 5933
5865 5934
5865 5935
5866 5934
5866 5935
5866 5936
5867 5868
5867 5936
5867 5937
5867 5938
5868 5869
5868 5937
5868 5938
5869 5938
5869 5939
5870 5871
5870 5939
5870 5940
5871 5872
5871 5940
5871 5941
5872 5873
5872 5940
5872 5941
5872 5942
5873 5941
5873 5942
5874 5875
5874 5944
5874 5945
5874 5946
5875 5945
5875 5946
5875 5947
5876 5877
5876 5947
5876 5948
5877 5878
5877 5948
5877 5949
5878 5879
5878 5949
5878 5950
5879 5880
5879 5949
5879 5950
5879 5951
5880 5881
5880 5950
5880 5951
5880 5952
5881 5951
5881 5952
5881 5953
5882 5883
5882 5953
5882 5954
5882 5955
5883 5884
5883 5954
5883 5955
5884 5885
5884 5955
5884 5956
5885 5886
5885 5956
5885 5957
5886 5887
5886 5956
5886 5957
5886 5958
5887 5888
5887 5957
5887 5958
5887 5959
5888 5889
5888 5958
5888 5959
5889 5890
5889 5959
5889 5960
5890 5960
5890 5961
5891 5892
5891 5961
5891 5962
5891 5963
5892 5893
5892 5962
5892 5963
5892 5964
5893 5963
5893 5964
5894 5895
5894 5965
5894 5966
5895 5965
5895 5966
5895 5967
5896 5897
5896 5967
5896 5968
5897 5968
5898 5899
5898 5969
5898 5970
5899 5900
5899 5970
5900 5901
5900 5970
5900 5971
5901 5902
5901 5971
5901 5972
5902 5903
5902 5971
5902 5972
5903 5904
5903 5972
5904 5905
5904 5973
5905 5973
5905 5974
5906 5907
5906 5974
5906 5975
5906 5976
5907 5908
5907 5975
5907 5976
5907 5977
5908 5976
5908 5977
5909 5978
5910 5911
5910 5979
5910 5980
5911 5912
5911 5979
5911 5980
5911 5981
5912 5913
5912 5980
5912 5981
5912 5982
5913 5914
5913 5981
5913 5982
5913 5983
5914 5915
5914 5982
5914 5983
5915 5916
5915 5983
5916 5917
5916 5984
5917 5984
5917 5985
5918 5919
5918 5986
5918 5987
5919 5920
5919 5987
5919 5988
5920 5921
5920 5987
5920 5988
5920 5989
5921 5922
5921 5988
5921 5989
5921 5990
5922 5989
5922 5990
5923 5924
5923 5991
5923 5992
5924 5925
5924 5991
5924 5992
5925 5992
5926 5927
5926 5993
5927 5993
5927 5994
5928 5994
5928 5995
5928 5996
5929 5930
5929 5996
5929 5997
5930 5931
5930 5997
5931 5998
5932 5933
5932 5998
5932 5999
5932 6000
5933 5934
5933 5999
5933 6000
5933 6001
5934 5935
5934 6000
5934 6001
5934 6002
5935 5936
5935 6001
5935 6002
5935 6003
5936 5937
5936 6002
5936 6003
5937 5938
5937 6003
5938 6004
5939 6004
5939 6005
5939 6006
5940 5941
5940 6006
5940 6007
5941 5942
5941 6007
5942 6007
5943 5944
5943 6008
5943 6009
5944 5945
5944 6008
5944 6009
5944 6010
5945 5946
5945 6009
5945 6010
5945 6011
5946 5947
5946 6010
5946 6011
5946 6012
5947 5948
5947 6011
5947 6012
5947 6013
5948 6012
5948 6013
5948 6014
5949 5950
5949 6014
5949 6015
5949 6016
5950 5951
5950 6015
5950 6016
5950 6017
5951 5952
5951 6016
5951 6017
5951 6018
5952 5953
5952 6017
5952 6018
5952 6019
5953 5954
5953 6018
5953 6019
5953 6020
5954 5955
5954 6019
5954 6020
5954 6021
5955 6020
5955 6021
5955 6022
5956 5957
5956 6022
5956 6023
5956 6024
5957 5958
5957 6023
5957 6024
5958 5959
5958 6024
5958 6025
5959 6025
5959 6026
5960 5961
5960 6026
5960 6027
5960 6028
5961 5962
5961 6027
5961 6028
5961 6029
5962 5963
5962 6028
5962 6029
5962 6030
5963 5964
5963 6029
5963 6030
5963 6031
5964 6030
5964 6031
5965 5966
5965 6032
5965 6033
5966 5967
5966 6032
5966 6033
5967 6033
5967 6034
5968 6034
5968 6035
5968 6036
5969 6036
5969 6037
5969 6038
5970 6038
5970 6039
5970 6040
5971 5972
5971 6040
5971 6041
5971 6042
5972 6041
5972 6042
5972 6043
5973 5974
5973 6044
5973 6045
5973 6046
5974 5975
5974 6045
5974 6046
5974 6047
5975 5976
5975 6046
5975 6047
5975 6048
5976 5977
5976 6047
5976 6048
5977 6048
5978 6049
5978 6050
5979 5980
5979 6050
5979 6051
5980 5981
5980 6051
5980 6052
5981 5982
5981 6051
5981 6052
5981 6053
5982 5983
5982 6052
5982 6053
5982 6054
5983 6053
5983 6054
5983 6055
5984 5985
5984 6056
5984 6057
5984 6058
5985 5986
5985 6057
5985 6058
5985 6059
5986 6058
5986 6059
5986 6060
5987 5988
5987 6060
5987 6061
5987 6062
5988 5989
5988 6061
5988 6062
5988 6063
5989 5990
5989 6062
5989 6063
5989 6064
5990 6063
5990 6064
5990 6065
5991 5992
5991 6065
5991 6066
5991 6067
5992 6066
5992 6067
5992 6068
5993 5994
5993 6070
5993 6071
5994 5995
5994 6070
5994 6071
5995 5996
5995 6071
5995 6072
5996 5997
5996 6072
5997 6072
5997 6073
5998 5999
5998 6074
5998 6075
5998 6076
5999 6000
5999 6075
5999 6076
5999 6077
6000 6001
6000 6076
6000 6077
6000 6078
6001 6002
6001 6077
6001 6078
6001 6079
6002 6003
6002 6078
6002 6079
6002 6080
6003 6079
6003 6080
6003 6081
6004 6005
6004 6082
6004 6083
6004 6084
6005 6006
6005 6083
6005 6084
6005 6085
6006 6084
6006 6085
6006 6086
6007 6086
6007 6087
6007 6088
6008 6009
6008 6089
6008 6090
6009 6010
6009 6090
6010 6011
6010 6090
6011 6012
6012 6013
6012 6091
6013 6014
6013 6091
6013 6092
6014 6015
6014 6091
6014 6092
6014 6093
6015 6016
6015 6092
6015 6093
6015 6094
6016 6017
6016 6093
6016 6094
6016 6095
6017 6018
6017 6094
6017 6095
6017 6096
6018 6019
6018 6095
6018 6096
6018 6097
6019 6020
6019 6096
6019 6097
6020 6021
6020 6097
6020 6098
6021 6022
6021 6098
6021 6099
6022 6023
6022 6098
6022 6099
6022 6100
6023 6024
6023 6099
6023 6100
6023 6101
6024 6100
6024 6101
6025 6026
6025 6102
6025 6103
6026 6027
6026 6102
6026 6103
6026 6104
6027 6028
6027 6103
6027 6104
6027 6105
6028 6029
6028 6104
6028 6105
6028 6106
6029 6030
6029 6105
6029 6106
6029 6107
6030 6031
6030 6106
6030 6107
6030 6108
6031 6107
6031 6108
6032 6033
6032 6109
6032 6110
6033 6109
6033 6110
6033 6111
6034 6035
6034 6111
6034 6112
6034 6113
6035 6036
6035 6112
6035 6113
6035 6114
6036 6037
6036 6113
6036 6114
6036 6115
6037 6038
6037 6114
6037 6115
6038 6039
6038 6115
6038 6116
6039 6040
6039 6116
6039 6117
6040 6041
6040 6116
6040 6117
6040 6118
6041 6042
6041 6117
6041 6118
6042 6043
6042 6118
6042 6119
6043 6044
6043 6119
6044 6045
6044 6119
6044 6120
6045 6046
6045 6120
6045 6121
6046 6047
6046 6120
6046 6121
6046 6122
6047 6048
6047 6121
6047 6122
6048 6122
6048 6123
6049 6050
6049 6124
6049 6125
6050 6125
6050 6126
6051 6052
6051 6126
6051 6127
6051 6128
6052 6053
6052 6127
6052 6128
6052 6129
6053 6054
6053 6128
6053 6129
6053 6130
6054 6055
6054 6129
6054 6130
6054 6131
6055 6056
6055 6130
6055 6131
6055 6132
6056 6057
6056 6131
6056 6132
6056 6133
6057 6058
6057 6132
6057 6133
6057 6134
6058 6059
6058 6133
6058 6134
6058 6135
6059 6060
6059 6134
6059 6135
6059 6136
6060 6061
6060 6135
6060 6136
6061 6062
6061 6136
6061 6137
6062 6063
6062 6137
6062 6138
6063 6064
6063 6137
6063 6138
6063 6139
6064 6065
6064 6138
6064 6139
6064 6140
6065 6066
6065 6139
6065 6140
6065 6141
6066 6067
6066 6140
6066 6141
6066 6142
6067 6068
6067 6141
6067 6142
6067 6143
6068 6069
6068 6142
6068 6143
6068 6144
6069 6143
6069 6144
6069 6145
6070 6071
6070 6145
6071 6146
6072 6146
6072 6147
6072 6148
6073 6074
6073 6148
6073 6149
6073 6150
6074 6075
6074 6149
6074 6150
6074 6151
6075 6076
6075 6150
6075 6151
6075 6152
6076 6077
6076 6151
6076 6152
6076 6153
6077 6078
6077 6152
6077 6153
6077 6154
6078 6079
6078 6153
6078 6154
6078 6155
6079 6080
6079 6154
6079 6155
6080 6081
6080 6155
6080 6156
6081 6082
6081 6156
6082 6083
6082 6156
6082 6157
6083 6084
6083 6157
6083 6158
6084 6085
6084 6157
6084 6158
6084 6159
6085 6086
6085 6158
6085 6159
6086 6087
6086 6159
6086 6160
6087 6088
6087 6160
6087 6161
6088 6089
6088 6160
6088 6161
6088 6162
6089 6161
6089 6162
6089 6163
6090 6163
6090 6164
6090 6165
6091 6092
6091 6167
6091 6168
6091 6169
6092 6093
6092 6168
6092 6169
6092 6170
6093 6094
6093 6169
6093 6170
6093 6171
6094 6095
6094 6170
6094 6171
6095 6096
6095 6171
6096 6097
6096 6172
6097 6172
6098 6099
6098 6173
6098 6174
6099 6100
6099 6173
6099 6174
6099 6175
6100 6101
6100 6174
6100 6175
6100 6176
6101 6175
6101 6176
6102 6103
6102 6177
6103 6104
6103 6177
6103 6178
6104 6105
6104 6177
6104 6178
6104 6179
6105 6106
6105 6178
6105 6179
6105 6180
6106 6107
6106 6179
6106 6180
6106 6181
6107 6108
6107 6180
6107 6181
6108 6181
6109 6110
6109 6182
6109 6183
6110 6111
6110 6182
6110 6183
6110 6184
6111 6112
6111 6183
6111 6184
6111 6185
6112 6113
6112 6184
6112 6185
6112 6186
6113 6114
6113 6185
6113 6186
6114 6115
6114 6186
6114 6187
6115 6187
6115 6188
6116 6117
6116 6188
6116 6189
6116 6190
6117 6118
6117 6189
6117 6190
6117 6191
6118 6190
6118 6191
6118 6192
6119 6192
6119 6193
6119 6194
6120 6121
6120 6194
6120 6195
6120 6196
6121 6122
6121 6195
6121 6196
6121 6197
6122 6196
6122 6197
6122 6198
6123 6124
6123 6198
6123 6199
6124 6199
6124 6200
6125 6126
6125 6200
6125 6201
6126 6127
6126 6201
6126 6202
6127 6128
6127 6201
6127 6202
6127 6203
6128 6129
6128 6202
6128 6203
6128 6204
6129 6130
6129 6203
6129 6204
6130 6131
6130 6204
6130 6205
6131 6132
6131 6205
6131 6206
6132 6133
6132 6205
6132 6206
6132 6207
6133 6134
6133 6206
6133 6207
6133 6208
6134 6135
6134 6207
6134 6208
6134 6209
6135 6136
6135 6208
6135 6209
6135 6210
6136 6209
6136 6210
6136 6211
6137 6138
6137 6211
6137 6212
6137 6213
6138 6139
6138 6212
6138 6213
6138 6214
6139 6140
6139 6213
6139 6214
6140 6141
6140 6214
6140 6215
6141 6142
6141 6215
6141 6216
6142 6143
6142 6215
6142 6216
6142 6217
6143 6144
6143 6216
6143 6217
6143 6218
6144 6145
6144 6217
6144 6218
6144 6219
6145 6218
6145 6219
6145 6220
6146 6147
6146 6221
6146 6222
6147 6148
6147 6221
6147 6222
6147 6223
6148 6149
6148 6222
6148 6223
6148 6224
6149 6150
6149 6223
6149 6224
6149 6225
6150 6151
6150 6224
6150 6225
6151 6152
6151 6225
6151 6226
6152 6153
6152 6226
6153 6154
6153 6226
6154 6155
6154 6227
6155 6227
6155 6228
6156 6228
6156 6229
6156 6230
6157 6158
6157 6230
6157 6231
6158 6159
6158 6231
6158 6232
6159 6232
6159 6233
6160 6161
6160 6233
6160 6234
6160 6235
6161 6162
6161 6234
6161 6235
6161 6236
6162 6163
6162 6235
6162 6236
6162 6237
6163 6164
6163 6236
6163 6237
6164 6165
6164 6237
6165 6166
6165 6238
6166 6167
6166 6238
6166 6239
6167 6168
6167 6238
6167 6239
6167 6240
6168 6169
6168 6239
6168 6240
6169 6170
6169 6240
6169 6241
6170 6171
6170 6241
6170 6242
6171 6241
6171 6242
6171 6243
6172 6244
6172 6245
6172 6246
6173 6174
6173 6246
6173 6247
6173 6248
6174 6175
6174 6247
6174 6248
6174 6249
6175 6176
6175 6248
6175 6249
6175 6250
6176 6249
6176 6250
6176 6251
6177 6178
6177 6252
6177 6253
6177 6254
6178 6179
6178 6253
6178 6254
6178 6255
6179 6180
6179 6254
6179 6255
6180 6181
6180 6255
6180 6256
6181 6256
6182 6183
6182 6257
6182 6258
6183 6184
6183 6257
6183 6258
6183 6259
6184 6185
6184 6258
6184 6259
6184 6260
6185 6186
6185 6259
6185 6260
6186 6260
6186 6261
6187 6188
6187 6261
6187 6262
6188 6189
6188 6262
6189 6190
6189 6263
6190 6191
6190 6263
6190 6264
6191 6192
6191 6263
6191 6264
6191 6265
6192 6193
6192 6264
6192 6265
6192 6266
6193 6194
6193 6265
6193 6266
6193 6267
6194 6195
6194 6266
6194 6267
6195 6196
6195 6267
6195 6268
6196 6197
6196 6268
6196 6269
6197 6198
6197 6268
6197 6269
6197 6270
6198 6199
6198 6269
6198 6270
6198 6271
6199 6270
6199 6271
6200 6272
6201 6202
6201 6273
6202 6203
6202 6273
6202 6274
6203 6204
6203 6274
6203 6275
6204 6274
6204 6275
6204 6276
6205 6206
6205 6276
6205 6277
6205 6278
6206 6207
6206 6277
6206 6278
6206 6279
6207 6208
6207 6278
6207 6279
6207 6280
6208 6209
6208 6279
6208 6280
6208 6281
6209 6210
6209 6280
6209 6281
6209 6282
6210 6211
6210 6281
6210 6282
6210 6283
6211 6212
6211 6282
6211 6283
6211 6284
6212 6213
6212 6283
6212 6284
6212 6285
6213 6214
6213 6284
6213 6285
6213 6286
6214 6285
6214 6286
6214 6287
6215 6216
6215 6287
6215 6288
6215 6289
6216 6217
6216 6288
6216 6289
6216 6290
6217 6218
6217 6289
6217 6290
6217 6291
6218 6219
6218 6290
6218 6291
6219 6220
6219 6291
6219 6292
6220 6292
6220 6293
6221 6222
6221 6293
6221 6294
6222 6223
6222 6294
6222 6295
6223 6224
6223 6295
6223 6296
6224 6225
6224 6295
6224 6296
6224 6297
6225 6296
6225 6297
6225 6298
6226 6298
6226 6299
6227 6228
6227 6300
6227 6301
6228 6229
6228 6301
6228 6302
6229 6230
6229 6302
6229 6303
6230 6231
6230 6302
6230 6303
6230 6304
6231 6303
6231 6304
6231 6305
6232 6233
6232 6305
6232 6306
6232 6307
6233 6234
6233 6306
6233 6307
6233 6308
6234 6235
6234 6307
6234 6308
6235 6236
6235 6308
6235 6309
6236 6237
6236 6309
6236 6310
6237 6309
6237 6310
6237 6311
6238 6239
6238 6312
6238 6313
6238 6314
6239 6240
6239 6313
6239 6314
6239 6315
6240 6314
6240 6315
6240 6316
6241 6242
6241 6316
6241 6317
6242 6243
6242 6317
6242 6318
6243 6244
6243 6317
6243 6318
6243 6319
6244 6245
6244 6318
6244 6319
6244 6320
6245 6246
6245 6319
6245 6320
6245 6321
6246 6247
6246 6320
6246 6321
6247 6248
6247 6321
6248 6249
6248 6322
6249 6250
6249 6322
6249 6323
6250 6251
6250 6322
6250 6323
6250 6324
6251 6252
6251 6323
6251 6324
6251 6325
6252 6253
6252 6324
6252 6325
6252 6326
6253 6254
6253 6325
6253 6326
6253 6327
6254 6255
6254 6326
6254 6327
6254 6328
6255 6327
6255 6328
6255 6329
6256 6329
6256 6330
6257 6258
6257 6331
6257 6332
6258 6259
6258 6331
6258 6332
6258 6333
6259 6260
6259 6332
6259 6333
6259 6334
6260 6333
6260 6334
6261 6262
6261 6335
6261 6336
6262 6335
6262 6336
6262 6337
6263 6264
6263 6338
6263 6339
6264 6265
6264 6338
6264 6339
6264 6340
6265 6266
6265 6339
6265 6340
6265 6341
6266 6267
6266 6340
6266 6341
6266 6342
6267 6341
6267 6342
6267 6343
6268 6269
6268 6343
6268 6344
6268 6345
6269 6270
6269 6344
6269 6345
6269 6346
6270 6271
6270 6345
6270 6346
6270 6347
6271 6346
6271 6347
6271 6348
6272 6348
6272 6349
6272 6350
6273 6350
6273 6351
6273 6352
6274 6275
6274 6352
6274 6353
6274 6354
6275 6276
6275 6353
6275 6354
6275 6355
6276 6277
6276 6354
6276 6355
6276 6356
6277 6278
6277 6355
6277 6356
6278 6279
6278 6356
6279 6280
6279 6357
6280 6281
6280 6357
6280 6358
6281 6282
6281 6357
6281 6358
6281 6359
6282 6283
6282 6358
6282 6359
6282 6360
6283 6284
6283 6359
6283 6360
6284 6285
6284 6360
6284 6361
6285 6286
6285 6361
6285 6362
6286 6287
6286 6361
6286 6362
6287 6288
6287 6362
6287 6363
6288 6289
6288 6363
6288 6364
6289 6290
6289 6363
6289 6364
6289 6365
6290 6291
6290 6364
6290 6365
6290 6366
6291 6365
6291 6366
6291 6367
6292 6293
6292 6367
6292 6368
6293 6294
6293 6368
6293 6369
6294 6368
6294 6369
6294 6370
6295 6296
6295 6370
6295 6371
6296 6297
6296 6371
6296 6372
6297 6298
6297 6372
6297 6373
6298 6372
6298 6373
6298 6374
6299 6300
6299 6374
6299 6375
6299 6376
6300 6301
6300 6375
6300 6376
6300 6377
6301 6376
6301 6377
6301 6378
6302 6303
6302 6378
6302 6379
6302 6380
6303 6304
6303 6379
6303 6380
6303 6381
6304 6305
6304 6380
6304 6381
6304 6382
6305 6306
6305 6381
6305 6382
6305 6383
6306 6307
6306 6382
6306 6383
6306 6384
6307 6308
6307 6383
6307 6384
6307 6385
6308 6384
6308 6385
6309 6310
6309 6386
6309 6387
6310 6311
6310 6386
6310 6387
6310 6388
6311 6312
6311 6387
6311 6388
6311 6389
6312 6313
6312 6388
6312 6389
6312 6390
6313 6314
6313 6389
6313 6390
6314 6315
6314 6390
6314 6391
6315 6316
6315 6391
6315 6392
6316 6391
6316 6392
6316 6393
6317 6318
6317 6393
6317 6394
6317 6395
6318 6319
6318 6394
6318 6395
6318 6396
6319 6320
6319 6395
6319 6396
6319 6397
6320 6321
6320 6396
6320 6397
6320 6398
6321 6397
6321 6398
6321 6399
6322 6323
6322 6400
6322 6401
6323 6324
6323 6401
6323 6402
6324 6325
6324 6401
6324 6402
6324 6403
6325 6326
6325 6402
6325 6403
6325 6404
6326 6327
6326 6403
6326 6404
6327 6328
6327 6404
6328 6329
6328 6405
6329 6330
6329 6405
6329 6406
6330 6405
6330 6406
6330 6407
6331 6332
6331 6408
6331 6409
6332 6333
6332 6408
6332 6409
6332 6410
6333 6334
6333 6409
6333 6410
6333 6411
6334 6410
6334 6411
6335 6336
6335 6412
6335 6413
6336 6337
6336 6412
6336 6413
6336 6414
6337 6413
6337 6414
6337 6415
6338 6339
6338 6415
6338 6416
6338 6417
6339 6340
6339 6416
6339 6417
6339 6418
6340 6341
6340 6417
6340 6418
6341 6342
6341 6418
6342 6343
6342 6419
6343 6344
6343 6419
6343 6420
6344 6345
6344 6419
6344 6420
6344 6421
6345 6346
6345 6420
6345 6421
6345 6422
6346 6347
6346 6421
6346 6422
6346 6423
6347 6348
6347 6422
6347 6423
6347 6424
6348 6349
6348 6423
6348 6424
6348 6425
6349 6350
6349 6424
6349 6425
6350 6351
6350 6425
6350 6426
6351 6352
6351 6426
6351 6427
6352 6353
6352 6426
6352 6427
6352 6428
6353 6354
6353 6427
6353 6428
6353 6429
6354 6355
6354 6428
6354 6429
6354 6430
6355 6356
6355 6429
6355 6430
6356 6430
6356 6431
6357 6358
6357 6432
6357 6433
6358 6359
6358 6433
6358 6434
6359 6360
6359 6433
6359 6434
6360 6434
6360 6435
6361 6362
6361 6435
6361 6436
6362 6436
6362 6437
6363 6364
6363 6437
6363 6438
6363 6439
6364 6365
6364 6438
6364 6439
6364 6440
6365 6366
6365 6439
6365 6440
6365 6441
6366 6367
6366 6440
6366 6441
6366 6442
6367 6441
6367 6442
6367 6443
6368 6369
6368 6443
6368 6444
6369 6370
6369 6444
6369 6445
6370 6371
6370 6445
6371 6445
6371 6446
6372 6373
6372 6446
6372 6447
6372 6448
6373 6374
6373 6447
6373 6448
6373 6449
6374 6375
6374 6448
6374 6449
6374 6450
6375 6376
6375 6449
6375 6450
6376 6377
6376 6450
6376 6451
6377 6378
6377 6451
6377 6452
6378 6379
6378 6451
6378 6452
6378 6453
6379 6380
6379 6452
6379 6453
6379 6454
6380 6381
6380 6453
6380 6454
6380 6455
6381 6382
6381 6454
6381 6455
6382 6383
6382 6455
6382 6456
6383 6384
6383 6456
6383 6457
6384 6385
6384 6456
6384 6457
6384 6458
6385 6457
6385 6458
6386 6387
6386 6459
6387 6388
6387 6459
6387 6460
6388 6389
6388 6459
6388 6460
6388 6461
6389 6390
6389 6460
6389 6461
6390 6461
6390 6462
6391 6392
6391 6462
6391 6463
6391 6464
6392 6393
6392 6463
6392 6464
6392 6465
6393 6394
6393 6464
6393 6465
6393 6466
6394 6395
6394 6465
6394 6466
6394 6467
6395 6396
6395 6466
6395 6467
6396 6397
6396 6467
6397 6398
6397 6468
6398 6399
6398 6468
6398 6469
6399 6400
6399 6468
6399 6469
6400 6469
6400 6470
6401 6402
6401 6470
6401 6471
6401 6472
6402 6403
6402 6471
6402 6472
6402 6473
6403 6404
6403 6472
6403 6473
6403 6474
6404 6473
6404 6474
6404 6475
6405 6406
6405 6476
6405 6477
6405 6478
6406 6407
6406 6477
6406 6478
6406 6479
6407 6478
6407 6479
6408 6409
6409 6410
6410 6411
6412 6413
6413 6414
6414 6415
6415 6416
6416 6417
6417 6418
6419 6420
6420 6421
6421 6422
6422 6423
6423 6424
6424 6425
6426 6427
6427 6428
6428 6429
6429 6430
6431 6432
6433 6434
6435 6436
6437 6438
6438 6439
6439 6440
6440 6441
6441 6442
6442 6443
6443 6444
6446 6447
6447 6448
6448 6449
6449 6450
6451 6452
6452 6453
6453 6454
6454 6455
6456 6457
6457 6458
6459 6460
6460 6461
6462 6463
6463 6464
6464 6465
6465 6466
6466 6467
6468 6469
6470 6471
6471 6472
6472 6473
6473 6474
6474 6475
6475 6476
6476 6477
6477 6478
6478 6479
