# FromNodeId	ToNodeId
0 1
0 56
0 57
1 2
1 56
1 57
1 58
2 3
2 57
2 58
3 58
3 59
4 5
4 59
4 60
4 61
5 6
5 60
5 61
5 62
6 7
6 61
6 62
6 63
7 8
7 62
7 63
7 64
8 9
8 63
8 64
8 65
9 10
9 64
9 65
9 66
10 65
10 66
11 12
11 67
11 68
12 13
12 67
12 68
12 69
13 14
13 68
13 69
13 70
14 15
14 69
14 70
14 71
15 16
15 70
15 71
15 72
16 71
16 72
17 18
17 73
18 19
18 73
18 74
19 20
19 74
20 21
20 74
20 75
21 22
21 75
21 76
22 75
22 76
22 77
23 24
23 77
23 78
23 79
24 25
24 78
24 79
24 80
25 26
25 79
25 80
26 27
26 80
26 81
27 81
27 82
28 29
28 82
28 83
28 84
29 30
29 83
29 84
29 85
30 31
30 84
30 85
31 32
31 85
31 86
32 33
32 86
32 87
33 34
33 86
33 87
33 88
34 35
34 87
34 88
34 89
35 88
35 89
35 90
36 90
36 91
37 38
37 92
37 93
38 39
38 92
38 93
38 94
39 40
39 93
39 94
40 41
40 94
40 95
41 42
41 95
42 43
42 95
42 96
43 44
43 96
44 96
44 97
45 97
45 98
45 99
46 47
46 99
46 100
46 101
47 48
47 100
47 101
47 102
48 49
48 101
48 102
48 103
49 50
49 102
49 103
49 104
50 51
50 103
50 104
50 105
51 52
51 104
51 105
52 105
52 106
53 54
53 106
53 107
53 108
54 107
54 108
55 109
56 57
56 111
56 112
56 113
57 58
57 112
57 113
58 113
59 60
59 114
59 115
60 61
60 114
60 115
60 116
61 62
61 115
61 116
62 63
62 116
62 117
63 64
63 117
63 118
64 65
64 117
64 118
64 119
65 66
65 118
65 119
66 119
66 120
67 68
67 120
67 121
67 122
68 69
68 121
68 122
68 123
69 70
69 122
69 123
70 71
70 123
70 124
71 72
71 124
71 125
72 124
72 125
72 126
73 126
73 127
73 128
74 128
74 129
74 130
75 76
75 130
75 131
75 132
76 77
76 131
76 132
76 133
77 78
77 132
77 133
77 134
78 79
78 133
78 134
78 135
79 80
79 134
79 135
79 136
80 135
80 136
80 137
81 82
81 137
81 138
82 83
82 138
82 139
83 84
83 139
83 140
84 85
84 139
84 140
84 141
85 140
85 141
85 142
86 87
86 142
86 143
86 144
87 88
87 143
87 144
87 145
88 89
88 144
88 145
88 146
89 90
89 145
89 146
89 147
90 91
90 146
90 147
91 147
91 148
92 93
92 148
92 149
92 150
93 94
93 149
93 150
93 151
94 150
94 151
94 152
95 152
95 153
95 154
96 154
96 155
96 156
97 98
97 156
97 157
97 158
98 99
98 157
98 158
98 159
99 100
99 158
99 159
100 101
100 159
100 160
101 102
101 160
101 161
102 103
102 160
102 161
103 104
103 161
103 162
104 105
104 162
104 163
105 162
105 163
105 164
106 107
106 164
106 165
107 108
107 165
108 165
109 166
109 167
110 167
110 168
111 112
111 169
112 113
112 169
112 170
113 169
113 170
113 171
114 115
114 172
114 173
114 174
115 116
115 173
115 174
116 174
116 175
117 118
117 175
117 176
118 119
118 176
118 177
119 176
119 177
119 178
120 121
120 178
120 179
120 180
121 122
121 179
121 180
121 181
122 123
122 180
122 181
122 182
123 181
123 182
123 183
124 125
124 183
124 184
125 126
125 184
125 185
126 127
126 184
126 185
126 186
127 128
127 185
127 186
127 187
128 129
128 186
128 187
128 188
129 130
129 187
129 188
129 189
130 131
130 188
130 189
130 190
131 132
131 189
131 190
131 191
132 133
132 190
132 191
132 192
133 134
133 191
133 192
133 193
134 135
134 192
134 193
135 136
135 193
135 194
136 137
136 194
137 138
137 194
137 195
138 195
138 196
139 140
139 196
139 197
139 198
140 141
140 197
140 198
140 199
141 142
141 198
141 199
141 200
142 143
142 199
142 200
142 201
143 144
143 200
143 201
143 202
144 145
144 201
144 202
144 203
145 146
145 202
145 203
145 204
146 147
146 203
146 204
147 204
148 149
148 205
148 206
149 150
149 205
149 206
149 207
150 151
150 206
150 207
150 208
151 152
151 207
151 208
151 209
152 153
152 208
152 209
152 210
153 154
153 209
153 210
153 211
154 155
154 210
154 211
154 212
155 156
155 211
155 212
155 213
156 157
156 212
156 213
157 158
157 213
157 214
158 159
158 214
159 214
159 215
160 161
160 215
160 216
160 217
161 216
161 217
162 163
162 218
162 219
163 164
163 218
163 219
163 220
164 219
164 220
165 221
165 222
166 167
166 223
166 224
167 168
167 223
167 224
168 224
169 170
169 225
169 226
169 227
170 171
170 226
170 227
170 228
171 172
171 227
171 228
172 173
172 228
172 229
173 174
173 229
174 229
174 230
175 230
175 231
176 177
176 232
177 178
177 232
177 233
178 179
178 233
178 234
179 180
179 233
179 234
180 181
180 234
180 235
181 182
181 235
182 183
182 235
182 236
183 236
184 185
184 237
185 186
185 237
185 238
186 187
186 238
186 239
187 188
187 238
187 239
187 240
188 189
188 239
188 240
188 241
189 190
189 240
189 241
189 242
190 191
190 241
190 242
190 243
191 192
191 242
191 243
191 244
192 193
192 243
192 244
192 245
193 244
193 245
193 246
194 246
194 247
194 248
195 196
195 248
195 249
195 250
196 197
196 249
196 250
197 198
197 250
197 251
198 199
198 251
199 200
199 251
200 201
200 252
201 202
201 252
201 253
202 203
202 252
202 253
202 254
203 204
203 253
203 254
203 255
204 254
204 255
205 206
205 256
205 257
205 258
206 207
206 257
206 258
206 259
207 208
207 258
207 259
207 260
208 209
208 259
208 260
208 261
209 210
209 260
209 261
209 262
210 211
210 261
210 262
211 212
211 262
212 213
212 263
213 263
213 264
214 264
214 265
214 266
215 216
215 266
215 267
215 268
216 217
216 267
216 268
216 269
217 268
217 269
217 270
218 219
218 270
218 271
219 220
219 271
219 272
220 272
220 273
221 222
221 273
221 274
221 275
222 274
222 275
222 276
223 224
223 276
223 277
223 278
224 277
224 278
224 279
225 226
225 280
225 281
226 227
226 280
226 281
227 228
227 281
227 282
228 282
228 283
229 283
230 231
230 284
230 285
231 284
231 285
231 286
232 286
232 287
233 234
233 288
234 288
234 289
235 289
235 290
235 291
236 291
236 292
236 293
237 293
237 294
237 295
238 239
238 295
238 296
238 297
239 240
239 296
239 297
239 298
240 241
240 297
240 298
241 242
241 298
241 299
242 243
242 299
242 300
243 244
243 299
243 300
243 301
244 245
244 300
244 301
245 246
245 301
246 247
246 302
247 248
247 302
247 303
248 249
248 302
248 303
248 304
249 250
249 303
249 304
249 305
250 304
250 305
250 306
251 306
251 307
251 308
252 253
252 309
252 310
252 311
253 254
253 310
253 311
253 312
254 255
254 311
254 312
254 313
255 312
255 313
255 314
256 257
256 314
256 315
256 316
257 258
257 315
257 316
257 317
258 259
258 316
258 317
258 318
259 260
259 317
259 318
259 319
260 261
260 318
260 319
260 320
261 262
261 319
261 320
261 321
262 320
262 321
262 322
263 264
263 323
263 324
263 325
264 265
264 324
264 325
264 326
265 266
265 325
265 326
265 327
266 267
266 326
266 327
267 268
267 327
268 269
268 328
269 270
269 328
269 329
270 271
270 328
270 329
270 330
271 329
271 330
271 331
272 273
272 331
273 274
274 275
274 332
275 276
275 332
275 333
276 277
276 332
276 333
276 334
277 278
277 333
277 334
278 279
278 334
278 335
279 335
280 281
280 336
280 337
281 336
281 337
281 338
282 283
282 338
282 339
282 340
283 339
283 340
284 285
284 341
284 342
284 343
285 286
285 342
285 343
285 344
286 287
286 343
286 344
287 344
287 345
288 345
288 346
288 347
289 290
289 347
289 348
289 349
290 291
290 348
290 349
290 350
291 292
291 349
291 350
291 351
292 293
292 350
292 351
293 294
293 351
293 352
294 295
294 352
294 353
295 296
295 352
295 353
295 354
296 297
296 353
296 354
296 355
297 298
297 354
297 355
297 356
298 355
298 356
298 357
299 300
299 357
299 358
300 301
300 358
300 359
301 359
301 360
302 303
302 361
302 362
303 304
303 362
303 363
304 305
304 362
304 363
304 364
305 306
305 363
305 364
305 365
306 307
306 364
306 365
306 366
307 308
307 365
307 366
308 309
308 366
308 367
309 310
309 367
309 368
310 311
310 367
310 368
310 369
311 312
311 368
311 369
311 370
312 313
312 369
312 370
313 314
313 370
313 371
314 315
314 371
314 372
315 316
315 371
315 372
316 317
316 372
317 318
317 373
318 319
318 373
318 374
319 320
319 373
319 374
319 375
320 321
320 374
320 375
320 376
321 322
321 375
321 376
322 323
322 376
322 377
323 324
323 377
323 378
324 325
324 377
324 378
324 379
325 326
325 378
325 379
325 380
326 327
326 379
326 380
326 381
327 380
327 381
327 382
328 329
328 383
328 384
329 330
329 383
329 384
329 385
330 331
330 384
330 385
330 386
331 385
331 386
331 387
332 333
332 389
332 390
333 334
333 389
333 390
333 391
334 390
334 391
336 337
336 392
336 393
337 338
337 392
337 393
337 394
338 339
338 393
338 394
338 395
339 340
339 394
339 395
339 396
340 395
340 396
340 397
341 342
341 397
341 398
341 399
342 343
342 398
342 399
342 400
343 344
343 399
343 400
343 401
344 400
344 401
345 346
345 402
345 403
346 347
346 402
346 403
346 404
347 348
347 403
347 404
347 405
348 349
348 404
348 405
348 406
349 350
349 405
349 406
349 407
350 351
350 406
350 407
350 408
351 407
351 408
351 409
352 353
352 409
352 410
352 411
353 354
353 410
353 411
353 412
354 355
354 411
354 412
354 413
355 356
355 412
355 413
356 357
356 413
357 358
357 414
358 414
359 360
360 361
362 363
362 415
362 416
363 364
363 415
363 416
363 417
364 365
364 416
364 417
364 418
365 366
365 417
365 418
366 418
366 419
367 368
367 419
367 420
367 421
368 369
368 420
368 421
368 422
369 370
369 421
369 422
369 423
370 422
370 423
370 424
371 372
371 424
371 425
371 426
372 425
372 426
373 374
373 427
374 375
374 428
375 376
375 428
375 429
376 428
376 429
376 430
377 378
377 430
377 431
377 432
378 379
378 431
378 432
378 433
379 380
379 432
379 433
379 434
380 381
380 433
380 434
380 435
381 382
381 434
381 435
381 436
382 435
382 436
382 437
383 384
383 437
383 438
383 439
384 385
384 438
384 439
384 440
385 386
385 439
385 440
385 441
386 387
386 440
386 441
387 388
387 441
387 442
388 442
388 443
389 390
389 443
389 444
389 445
390 391
390 444
390 445
390 446
391 445
391 446
391 447
392 393
392 449
393 394
393 449
394 395
394 449
394 450
395 396
395 450
395 451
396 397
396 450
396 451
397 398
397 451
397 452
398 399
398 452
398 453
399 400
399 452
399 453
399 454
400 401
400 453
400 454
400 455
401 454
401 455
401 456
402 403
402 456
402 457
402 458
403 404
403 457
403 458
403 459
404 405
404 458
404 459
404 460
405 406
405 459
405 460
405 461
406 407
406 460
406 461
406 462
407 408
407 461
407 462
408 409
408 462
408 463
409 410
409 463
409 464
410 411
410 463
410 464
410 465
411 412
411 464
411 465
411 466
412 413
412 465
412 466
412 467
413 466
413 467
413 468
414 469
414 470
415 416
415 473
415 474
415 475
416 417
416 474
416 475
416 476
417 418
417 475
417 476
417 477
418 476
418 477
418 478
419 420
419 478
419 479
419 480
420 421
420 479
420 480
420 481
421 422
421 480
421 481
421 482
422 423
422 481
422 482
423 424
423 482
423 483
424 425
424 483
424 484
425 426
425 483
425 484
425 485
426 484
426 485
426 486
427 486
427 487
427 488
428 429
428 489
428 490
428 491
429 430
429 490
429 491
429 492
430 431
430 491
430 492
430 493
431 432
431 492
431 493
431 494
432 433
432 493
432 494
432 495
433 434
433 494
433 495
434 435
434 495
434 496
435 436
435 496
435 497
436 437
436 496
436 497
437 438
437 497
437 498
438 439
438 498
439 440
439 498
439 499
440 441
440 499
440 500
441 499
441 500
441 501
442 443
442 501
443 444
443 502
444 445
444 502
445 446
445 502
445 503
446 447
446 503
446 504
447 448
447 503
447 504
447 505
448 504
448 505
449 506
449 507
449 508
450 451
450 508
450 509
451 509
451 510
452 453
452 510
452 511
453 454
453 511
454 455
454 512
455 456
455 512
455 513
456 457
456 512
456 513
456 514
457 458
457 513
457 514
457 515
458 459
458 514
458 515
458 516
459 460
459 515
459 516
459 517
460 461
460 516
460 517
460 518
461 462
461 517
461 518
461 519
462 518
462 519
462 520
463 464
463 520
463 521
464 465
464 521
464 522
465 466
465 521
465 522
465 523
466 467
466 522
466 523
466 524
467 468
467 523
467 524
467 525
468 469
468 524
468 525
468 526
469 470
469 525
469 526
469 527
470 526
470 527
470 528
471 472
471 529
471 530
472 473
472 530
472 531
473 474
473 530
473 531
473 532
474 475
474 531
474 532
475 476
475 532
475 533
476 477
476 533
476 534
477 478
477 533
477 534
477 535
478 479
478 534
478 535
478 536
479 480
479 535
479 536
479 537
480 481
480 536
480 537
481 482
481 537
481 538
482 538
482 539
483 484
483 539
484 485
484 540
485 486
485 540
485 541
486 487
486 540
486 541
486 542
487 488
487 541
487 542
487 543
488 489
488 542
488 543
488 544
489 490
489 543
489 544
489 545
490 491
490 544
490 545
490 546
491 492
491 545
491 546
491 547
492 493
492 546
492 547
492 548
493 494
493 547
493 548
493 549
494 495
494 548
494 549
494 550
495 549
495 550
495 551
496 497
496 551
496 552
497 552
497 553
498 553
498 554
498 555
499 500
499 555
499 556
499 557
500 501
500 556
500 557
500 558
501 557
501 558
501 559
502 560
502 561
502 562
503 504
503 562
503 563
504 505
504 563
504 564
505 563
505 564
506 507
506 565
507 508
507 565
507 566
508 509
508 565
508 566
509 566
509 567
510 511
510 567
510 568
510 569
511 568
511 569
512 513
512 570
512 571
513 514
513 571
513 572
514 515
514 571
514 572
514 573
515 516
515 572
515 573
515 574
516 517
516 573
516 574
517 518
517 574
517 575
518 519
518 575
518 576
519 520
519 575
519 576
519 577
520 576
520 577
520 578
521 522
521 578
521 579
521 580
522 523
522 579
522 580
522 581
523 524
523 580
523 581
523 582
524 525
524 581
524 582
524 583
525 526
525 582
525 583
526 527
526 583
526 584
527 528
527 584
527 585
528 529
528 584
528 585
528 586
529 585
529 586
529 587
530 531
530 587
530 588
530 589
531 532
531 588
531 589
531 590
532 589
532 590
532 591
533 534
533 591
533 592
533 593
534 535
534 592
534 593
534 594
535 536
535 593
535 594
535 595
536 537
536 594
536 595
536 596
537 595
537 596
538 539
538 597
539 597
539 598
540 541
540 599
540 600
540 601
541 542
541 600
541 601
541 602
542 543
542 601
542 602
542 603
543 544
543 602
543 603
544 545
544 603
545 546
545 604
546 547
546 604
546 605
547 548
547 604
547 605
547 606
548 549
548 605
548 606
548 607
549 550
549 606
549 607
549 608
550 551
550 607
550 608
551 552
551 608
551 609
552 609
552 610
553 554
553 610
553 611
553 612
554 555
554 611
554 612
554 613
555 556
555 612
555 613
555 614
556 557
556 613
556 614
556 615
557 558
557 614
557 615
557 616
558 559
558 615
558 616
559 560
559 616
559 617
560 561
560 617
560 618
561 562
561 617
561 618
561 619
562 618
562 619
562 620
563 564
563 620
563 621
563 622
564 621
564 622
565 566
565 623
565 624
565 625
566 624
566 625
566 626
567 568
567 626
567 627
567 628
568 569
568 627
568 628
568 629
569 628
569 629
570 630
570 631
571 572
571 631
571 632
572 573
572 632
572 633
573 574
573 633
574 633
574 634
575 576
575 634
575 635
575 636
576 577
576 635
576 636
576 637
577 578
577 636
577 637
577 638
578 579
578 637
578 638
578 639
579 580
579 638
579 639
580 581
580 639
580 640
581 582
581 640
581 641
582 583
582 640
582 641
582 642
583 641
583 642
583 643
584 585
584 643
584 644
585 586
585 644
585 645
586 587
586 645
586 646
587 588
587 645
587 646
588 589
588 646
589 590
589 647
590 591
590 647
591 592
591 647
592 593
592 648
593 594
593 648
593 649
594 595
594 648
594 649
594 650
595 596
595 649
595 650
595 651
596 650
596 651
596 652
597 598
597 653
597 654
598 599
598 654
598 655
599 600
599 655
599 656
600 601
600 655
600 656
600 657
601 602
601 656
601 657
601 658
602 603
602 657
602 658
602 659
603 658
603 659
603 660
604 605
604 661
604 662
605 606
605 662
606 607
606 663
607 608
607 663
607 664
608 663
608 664
609 610
609 665
609 666
610 611
610 665
610 666
610 667
611 612
611 666
611 667
611 668
612 613
612 667
612 668
612 669
613 614
613 668
613 669
613 670
614 615
614 669
614 670
614 671
615 616
615 670
615 671
615 672
616 671
616 672
616 673
617 618
617 673
617 674
617 675
618 619
618 674
618 675
618 676
619 620
619 675
619 676
619 677
620 621
620 676
620 677
620 678
621 622
621 677
621 678
621 679
622 678
622 679
623 624
623 680
623 681
624 625
624 680
624 681
625 626
625 681
625 682
626 627
626 682
626 683
627 628
627 682
627 683
627 684
628 629
628 683
628 684
628 685
629 684
629 685
629 686
630 631
630 686
630 687
630 688
631 632
631 687
631 688
632 688
632 689
633 689
633 690
633 691
634 635
634 691
634 692
634 693
635 636
635 692
635 693
636 637
636 693
636 694
637 638
637 694
637 695
638 639
638 694
638 695
638 696
639 695
639 696
639 697
640 641
640 697
640 698
640 699
641 642
641 698
641 699
641 700
642 643
642 699
642 700
642 701
643 644
643 700
643 701
643 702
644 701
644 702
644 703
645 646
645 703
645 704
645 705
646 704
646 705
646 706
647 707
647 708
647 709
648 649
648 710
648 711
649 650
649 711
649 712
650 651
650 711
650 712
651 652
651 712
651 713
652 653
652 713
652 714
653 654
653 713
653 714
653 715
654 714
654 715
654 716
655 656
655 716
655 717
655 718
656 657
656 717
656 718
657 658
657 718
658 659
658 719
659 660
659 719
660 661
660 719
660 720
661 662
661 720
662 720
662 721
663 664
663 722
665 666
665 723
665 724
666 667
666 723
666 724
667 668
667 724
667 725
668 669
668 725
669 670
669 725
669 726
670 671
670 726
670 727
671 672
671 726
671 727
671 728
672 673
672 727
672 728
672 729
673 674
673 728
673 729
673 730
674 675
674 729
674 730
675 676
675 730
675 731
676 677
676 731
677 678
677 731
677 732
678 679
678 732
678 733
679 732
679 733
680 681
680 734
680 735
681 734
681 735
682 683
682 736
682 737
683 684
683 736
683 737
683 738
684 685
684 737
684 738
684 739
685 686
685 738
685 739
685 740
686 687
686 739
686 740
686 741
687 688
687 740
687 741
687 742
688 741
688 742
688 743
689 690
689 743
689 744
689 745
690 691
690 744
690 745
690 746
691 692
691 745
691 746
691 747
692 693
692 746
692 747
692 748
693 747
693 748
693 749
694 695
694 749
694 750
694 751
695 696
695 750
695 751
696 697
696 751
696 752
697 698
697 752
697 753
698 699
698 752
698 753
698 754
699 700
699 753
699 754
699 755
700 701
700 754
700 755
700 756
701 702
701 755
701 756
701 757
702 703
702 756
702 757
702 758
703 704
703 757
703 758
704 705
704 758
705 706
705 759
706 707
706 759
706 760
707 708
707 759
707 760
707 761
708 709
708 760
708 761
708 762
709 710
709 761
709 762
709 763
710 762
710 763
710 764
711 712
711 764
711 765
711 766
712 765
712 766
712 767
713 714
713 767
713 768
714 715
714 768
714 769
715 716
715 768
715 769
716 717
716 769
717 718
717 770
718 770
718 771
719 772
719 773
720 774
720 775
721 722
721 775
721 776
721 777
722 776
722 777
723 724
723 779
723 780
724 780
724 781
725 781
725 782
725 783
726 727
726 783
727 728
728 729
728 784
729 730
729 784
729 785
730 784
730 785
730 786
731 786
731 787
732 733
732 787
732 788
732 789
733 788
733 789
734 735
734 790
734 791
735 790
735 791
735 792
736 737
736 792
736 793
737 738
737 793
737 794
738 739
738 793
738 794
738 795
739 740
739 794
739 795
739 796
740 741
740 795
740 796
740 797
741 742
741 796
741 797
741 798
742 743
742 797
742 798
743 744
743 798
743 799
744 745
744 799
744 800
745 746
745 799
745 800
746 747
746 800
746 801
747 748
747 801
747 802
748 749
748 801
748 802
748 803
749 750
749 802
749 803
749 804
750 751
750 803
750 804
750 805
751 804
751 805
751 806
752 753
752 806
752 807
752 808
753 754
753 807
753 808
753 809
754 755
754 808
754 809
754 810
755 756
755 809
755 810
755 811
756 757
756 810
756 811
756 812
757 758
757 811
757 812
757 813
758 812
758 813
758 814
759 760
759 815
759 816
760 761
760 815
760 816
760 817
761 762
761 816
761 817
761 818
762 763
762 817
762 818
762 819
763 764
763 818
763 819
763 820
764 765
764 819
764 820
764 821
765 766
765 820
765 821
766 767
766 821
766 822
767 822
767 823
768 769
768 823
768 824
768 825
769 824
769 825
769 826
770 771
770 827
770 828
771 772
771 828
771 829
772 773
772 828
772 829
773 829
773 830
774 775
774 830
774 831
774 832
775 776
775 831
775 832
775 833
776 777
776 832
776 833
777 833
777 834
778 779
778 834
778 835
778 836
779 780
779 835
779 836
779 837
780 836
780 837
780 838
781 782
781 838
781 839
781 840
782 783
782 839
782 840
782 841
783 840
783 841
784 785
784 842
784 843
785 786
785 842
785 843
785 844
786 843
786 844
787 788
787 845
788 789
788 845
788 846
789 845
789 846
790 791
790 847
790 848
791 792
791 847
791 848
791 849
792 848
792 849
792 850
793 794
793 850
793 851
793 852
794 795
794 851
794 852
794 853
795 796
795 852
795 853
795 854
796 797
796 853
796 854
797 798
797 854
797 855
798 855
798 856
799 800
799 856
799 857
799 858
800 857
800 858
800 859
801 802
801 859
801 860
801 861
802 803
802 860
802 861
802 862
803 804
803 861
803 862
804 805
804 862
804 863
805 806
805 863
805 864
806 807
806 863
806 864
806 865
807 808
807 864
807 865
807 866
808 809
808 865
808 866
808 867
809 810
809 866
809 867
809 868
810 811
810 867
810 868
811 812
811 868
811 869
812 813
812 869
812 870
813 814
813 869
813 870
813 871
814 870
814 871
814 872
815 816
815 872
815 873
815 874
816 817
816 873
816 874
816 875
817 818
817 874
817 875
818 819
818 875
818 876
819 820
819 876
819 877
820 821
820 876
820 877
820 878
821 877
821 878
822 823
822 879
823 824
823 879
823 880
824 825
824 880
824 881
825 826
825 880
825 881
825 882
826 827
826 881
826 882
826 883
827 882
827 883
827 884
828 829
828 884
828 885
828 886
829 885
829 886
829 887
830 831
830 887
830 888
830 889
831 832
831 888
831 889
831 890
832 833
832 889
832 890
832 891
833 890
833 891
833 892
834 835
834 892
834 893
834 894
835 836
835 893
835 894
835 895
836 837
836 894
836 895
836 896
837 838
837 895
837 896
837 897
838 839
838 896
838 897
838 898
839 840
839 897
839 898
839 899
840 841
840 898
840 899
840 900
841 899
841 900
841 901
842 843
842 903
842 904
842 905
843 844
843 904
843 905
843 906
844 905
844 906
844 907
845 846
845 908
845 909
846 909
847 848
847 910
847 911
848 849
848 910
848 911
848 912
849 850
849 911
849 912
850 851
850 912
850 913
851 852
851 913
852 853
852 913
852 914
853 854
853 914
854 914
855 856
855 915
855 916
856 857
856 915
856 916
857 858
857 916
858 859
858 917
859 860
859 917
860 861
860 917
860 918
861 862
861 918
861 919
862 918
862 919
863 864
863 920
863 921
864 865
864 920
864 921
864 922
865 866
865 921
865 922
865 923
866 867
866 922
866 923
866 924
867 868
867 923
867 924
867 925
868 924
868 925
868 926
869 870
869 926
869 927
870 871
870 927
871 872
871 928
872 873
872 928
872 929
873 874
873 928
873 929
873 930
874 875
874 929
874 930
874 931
875 930
875 931
875 932
876 877
876 932
876 933
876 934
877 878
877 933
877 934
877 935
878 934
878 935
878 936
879 936
879 937
880 881
880 937
880 938
880 939
881 882
881 938
881 939
881 940
882 883
882 939
882 940
882 941
883 884
883 940
883 941
884 885
884 941
884 942
885 886
885 942
886 887
886 942
886 943
887 888
887 943
887 944
888 889
888 943
888 944
888 945
889 890
889 944
889 945
889 946
890 891
890 945
890 946
890 947
891 892
891 946
891 947
891 948
892 893
892 947
892 948
893 894
893 948
893 949
894 895
894 949
894 950
895 896
895 949
895 950
895 951
896 897
896 950
896 951
897 898
897 951
897 952
898 899
898 952
898 953
899 900
899 952
899 953
899 954
900 901
900 953
900 954
901 902
901 954
902 903
902 955
903 904
903 955
904 905
904 955
904 956
905 906
905 956
905 957
906 907
906 956
906 957
906 958
907 908
907 957
907 958
907 959
908 958
908 959
908 960
909 960
909 961
910 911
910 962
910 963
911 912
911 962
911 963
911 964
912 963
912 964
912 965
913 965
914 966
914 967
915 916
915 968
915 969
915 970
916 969
916 970
916 971
917 972
917 973
917 974
918 919
918 974
918 975
918 976
919 975
919 976
919 977
920 921
920 977
920 978
921 922
921 978
921 979
922 923
922 978
922 979
922 980
923 924
923 979
923 980
923 981
924 925
924 980
924 981
924 982
925 926
925 981
925 982
926 927
926 982
926 983
927 983
928 929
928 984
928 985
929 930
929 985
929 986
930 931
930 986
930 987
931 932
931 986
931 987
931 988
932 933
932 987
932 988
932 989
933 934
933 988
933 989
933 990
934 935
934 989
934 990
934 991
935 936
935 990
935 991
935 992
936 991
936 992
936 993
937 938
937 993
937 994
938 939
938 994
938 995
939 940
939 994
939 995
940 941
940 995
940 996
941 996
941 997
942 997
942 998
942 999
943 944
943 999
943 1000
944 945
944 1000
945 946
945 1000
945 1001
946 947
946 1001
946 1002
947 948
947 1001
947 1002
947 1003
948 1002
948 1003
948 1004
949 950
949 1004
949 1005
950 951
950 1005
950 1006
951 1005
951 1006
952 953
952 1007
952 1008
953 954
953 1007
953 1008
953 1009
954 1008
954 1009
954 1010
955 1011
955 1012
955 1013
956 957
956 1013
956 1014
957 958
957 1014
958 959
958 1014
958 1015
959 960
959 1015
959 1016
960 961
960 1015
960 1016
960 1017
961 1016
961 1017
962 963
962 1018
962 1019
963 964
963 1018
963 1019
963 1020
964 965
964 1019
964 1020
964 1021
965 1020
965 1021
965 1022
966 967
966 1023
966 1024
966 1025
967 968
967 1024
967 1025
967 1026
968 969
968 1025
968 1026
968 1027
969 970
969 1026
969 1027
969 1028
970 971
970 1027
970 1028
970 1029
971 972
971 1028
971 1029
971 1030
972 973
972 1029
972 1030
972 1031
973 974
973 1030
973 1031
973 1032
974 975
974 1031
974 1032
974 1033
975 976
975 1032
975 1033
975 1034
976 977
976 1033
976 1034
976 1035
977 1034
977 1035
977 1036
978 979
978 1036
978 1037
978 1038
979 980
979 1037
979 1038
979 1039
980 981
980 1038
980 1039
981 982
981 1039
981 1040
982 1040
982 1041
983 1041
983 1042
983 1043
984 985
984 1043
984 1044
984 1045
985 1044
985 1045
985 1046
986 987
986 1046
986 1047
987 988
987 1047
987 1048
988 989
988 1047
988 1048
988 1049
989 990
989 1048
989 1049
989 1050
990 991
990 1049
990 1050
990 1051
991 992
991 1050
991 1051
991 1052
992 993
992 1051
992 1052
992 1053
993 1052
993 1053
993 1054
994 995
994 1054
994 1055
995 1055
995 1056
996 997
996 1056
996 1057
996 1058
997 998
997 1057
997 1058
998 999
998 1058
998 1059
999 1059
999 1060
1000 1060
1000 1061
1001 1002
1001 1061
1001 1062
1001 1063
1002 1003
1002 1062
1002 1063
1002 1064
1003 1004
1003 1063
1003 1064
1004 1064
1005 1006
1005 1065
1006 1065
1006 1066
1007 1008
1007 1066
1007 1067
1008 1009
1008 1067
1008 1068
1009 1010
1009 1068
1009 1069
1010 1011
1010 1068
1010 1069
1010 1070
1011 1012
1011 1069
1011 1070
1012 1013
1012 1070
1012 1071
1013 1071
1013 1072
1014 1072
1014 1073
1014 1074
1015 1016
1015 1074
1015 1075
1015 1076
1016 1017
1016 1075
1016 1076
1017 1076
1018 1019
1018 1077
1019 1020
1019 1077
1019 1078
1020 1021
1020 1077
1020 1078
1020 1079
1021 1022
1021 1078
1021 1079
1021 1080
1022 1023
1022 1079
1022 1080
1023 1024
1023 1080
1023 1081
1024 1025
1024 1081
1025 1026
1025 1081
1025 1082
1026 1027
1026 1082
1026 1083
1027 1028
1027 1082
1027 1083
1027 1084
1028 1029
1028 1083
1028 1084
1028 1085
1029 1030
1029 1084
1029 1085
1029 1086
1030 1031
1030 1085
1030 1086
1030 1087
1031 1032
1031 1086
1031 1087
1031 1088
1032 1033
1032 1087
1032 1088
1032 1089
1033 1034
1033 1088
1033 1089
1034 1035
1034 1089
1034 1090
1035 1036
1035 1090
1035 1091
1036 1037
1036 1090
1036 1091
1036 1092
1037 1038
1037 1091
1037 1092
1037 1093
1038 1039
1038 1092
1038 1093
1038 1094
1039 1093
1039 1094
1039 1095
1040 1041
1040 1095
1040 1096
1041 1042
1041 1096
1042 1043
1042 1096
1042 1097
1043 1044
1043 1097
1043 1098
1044 1045
1044 1097
1044 1098
1044 1099
1045 1046
1045 1098
1045 1099
1045 1100
1046 1099
1046 1100
1047 1048
1047 1101
1047 1102
1048 1049
1048 1101
1048 1102
1048 1103
1049 1050
1049 1102
1049 1103
1049 1104
1050 1051
1050 1103
1050 1104
1050 1105
1051 1052
1051 1104
1051 1105
1051 1106
1052 1053
1052 1105
1052 1106
1052 1107
1053 1054
1053 1106
1053 1107
1053 1108
1054 1055
1054 1107
1054 1108
1054 1109
1055 1108
1055 1109
1055 1110
1056 1057
1056 1110
1056 1111
1056 1112
1057 1058
1057 1111
1057 1112
1057 1113
1058 1112
1058 1113
1059 1060
1059 1114
1060 1114
1060 1115
1061 1062
1061 1115
1061 1116
1061 1117
1062 1063
1062 1116
1062 1117
1063 1064
1063 1117
1063 1118
1064 1118
1064 1119
1065 1066
1065 1121
1066 1067
1066 1122
1067 1122
1067 1123
1068 1069
1068 1123
1068 1124
1068 1125
1069 1070
1069 1124
1069 1125
1069 1126
1070 1125
1070 1126
1070 1127
1071 1072
1071 1127
1071 1128
1071 1129
1072 1073
1072 1128
1072 1129
1072 1130
1073 1074
1073 1129
1073 1130
1074 1075
1074 1130
1074 1131
1075 1076
1075 1131
1075 1132
1076 1131
1076 1132
1076 1133
1077 1078
1077 1134
1078 1079
1078 1134
1078 1135
1079 1080
1079 1134
1079 1135
1079 1136
1080 1135
1080 1136
1080 1137
1081 1137
1081 1138
1081 1139
1082 1083
1082 1139
1082 1140
1083 1084
1083 1140
1083 1141
1084 1085
1084 1140
1084 1141
1084 1142
1085 1086
1085 1141
1085 1142
1085 1143
1086 1087
1086 1142
1086 1143
1086 1144
1087 1088
1087 1143
1087 1144
1087 1145
1088 1089
1088 1144
1088 1145
1089 1145
1089 1146
1090 1091
1090 1146
1090 1147
1090 1148
1091 1092
1091 1147
1091 1148
1091 1149
1092 1093
1092 1148
1092 1149
1092 1150
1093 1094
1093 1149
1093 1150
1093 1151
1094 1095
1094 1150
1094 1151
1094 1152
1095 1151
1095 1152
1095 1153
1096 1153
1096 1154
1096 1155
1097 1098
1097 1155
1097 1156
1097 1157
1098 1099
1098 1156
1098 1157
1098 1158
1099 1100
1099 1157
1099 1158
1100 1158
1101 1102
1101 1159
1101 1160
1102 1103
1102 1159
1102 1160
1103 1104
1103 1160
1103 1161
1104 1105
1104 1161
1104 1162
1105 1106
1105 1161
1105 1162
1106 1107
1106 1162
1106 1163
1107 1108
1107 1163
1107 1164
1108 1109
1108 1163
1108 1164
1108 1165
1109 1110
1109 1164
1109 1165
1110 1111
1110 1165
1111 1112
1111 1166
1112 1113
1112 1166
1112 1167
1113 1166
1113 1167
1113 1168
1114 1115
1114 1169
1114 1170
1115 1116
1115 1169
1115 1170
1115 1171
1116 1117
1116 1170
1116 1171
1116 1172
1117 1171
1117 1172
1117 1173
1118 1119
1118 1173
1118 1174
1119 1120
1119 1174
1119 1175
1120 1121
1120 1174
1120 1175
1120 1176
1121 1175
1121 1176
1121 1177
1122 1123
1122 1178
1122 1179
1123 1124
1123 1179
1123 1180
1124 1125
1124 1179
1124 1180
1124 1181
1125 1126
1125 1180
1125 1181
1125 1182
1126 1127
1126 1181
1126 1182
1126 1183
1127 1128
1127 1182
1127 1183
1127 1184
1128 1129
1128 1183
1128 1184
1128 1185
1129 1130
1129 1184
1129 1185
1130 1185
1130 1186
1131 1132
1131 1186
1131 1187
1132 1133
1132 1187
1134 1135
1134 1189
1134 1190
1135 1136
1135 1190
1135 1191
1136 1137
1136 1191
1136 1192
1137 1138
1137 1191
1137 1192
1137 1193
1138 1139
1138 1192
1138 1193
1139 1193
1139 1194
1140 1141
1140 1194
1140 1195
1141 1142
1141 1195
1141 1196
1142 1143
1142 1195
1142 1196
1143 1144
1143 1196
1144 1145
1144 1197
1145 1197
1145 1198
1146 1147
1146 1198
1146 1199
1146 1200
1147 1148
1147 1199
1147 1200
1147 1201
1148 1149
1148 1200
1148 1201
1148 1202
1149 1150
1149 1201
1149 1202
1149 1203
1150 1151
1150 1202
1150 1203
1150 1204
1151 1152
1151 1203
1151 1204
1151 1205
1152 1153
1152 1204
1152 1205
1152 1206
1153 1154
1153 1205
1153 1206
1153 1207
1154 1155
1154 1206
1154 1207
1155 1156
1155 1207
1155 1208
1156 1157
1156 1208
1156 1209
1157 1158
1157 1208
1157 1209
1157 1210
1158 1209
1158 1210
1159 1160
1159 1211
1159 1212
1160 1212
1160 1213
1161 1162
1161 1213
1162 1214
1163 1164
1163 1214
1163 1215
1164 1165
1164 1215
1164 1216
1165 1216
1166 1167
1166 1217
1166 1218
1166 1219
1167 1168
1167 1218
1167 1219
1167 1220
1168 1219
1168 1220
1169 1170
1169 1221
1169 1222
1170 1171
1170 1221
1170 1222
1171 1172
1171 1222
1171 1223
1172 1173
1172 1223
1172 1224
1173 1223
1173 1224
1173 1225
1174 1175
1174 1225
1174 1226
1174 1227
1175 1176
1175 1226
1175 1227
1175 1228
1176 1177
1176 1227
1176 1228
1176 1229
1177 1178
1177 1228
1177 1229
1177 1230
1178 1229
1178 1230
1178 1231
1179 1180
1179 1231
1179 1232
1180 1181
1180 1232
1181 1182
1181 1233
1182 1183
1182 1233
1182 1234
1183 1184
1183 1233
1183 1234
1183 1235
1184 1185
1184 1234
1184 1235
1184 1236
1185 1235
1185 1236
1185 1237
1186 1187
1186 1237
1186 1238
1186 1239
1187 1238
1187 1239
1187 1240
1188 1189
1188 1242
1189 1190
1189 1242
1189 1243
1190 1243
1190 1244
1191 1192
1191 1244
1191 1245
1191 1246
1192 1193
1192 1245
1192 1246
1192 1247
1193 1246
1193 1247
1193 1248
1194 1248
1194 1249
1194 1250
1195 1196
1195 1250
1196 1251
1197 1198
1197 1252
1197 1253
1197 1254
1198 1199
1198 1253
1198 1254
1198 1255
1199 1200
1199 1254
1199 1255
1199 1256
1200 1201
1200 1255
1200 1256
1200 1257
1201 1202
1201 1256
1201 1257
1201 1258
1202 1203
1202 1257
1202 1258
1202 1259
1203 1204
1203 1258
1203 1259
1203 1260
1204 1205
1204 1259
1204 1260
1204 1261
1205 1206
1205 1260
1205 1261
1205 1262
1206 1207
1206 1261
1206 1262
1207 1262
1207 1263
1208 1209
1208 1263
1208 1264
1208 1265
1209 1210
1209 1264
1209 1265
1209 1266
1210 1265
1210 1266
1210 1267
1211 1212
1211 1267
1211 1268
1211 1269
1212 1268
1212 1269
1212 1270
1213 1270
1213 1271
1213 1272
1214 1215
1214 1273
1214 1274
1214 1275
1215 1274
1215 1275
1215 1276
1216 1276
1216 1277
1216 1278
1217 1218
1217 1278
1217 1279
1217 1280
1218 1219
1218 1279
1218 1280
1218 1281
1219 1220
1219 1280
1219 1281
1219 1282
1220 1281
1220 1282
1220 1283
1221 1222
1221 1283
1221 1284
1222 1284
1222 1285
1223 1224
1223 1285
1223 1286
1223 1287
1224 1225
1224 1286
1224 1287
1224 1288
1225 1226
1225 1287
1225 1288
1225 1289
1226 1227
1226 1288
1226 1289
1226 1290
1227 1228
1227 1289
1227 1290
1228 1229
1228 1290
1228 1291
1229 1230
1229 1291
1229 1292
1230 1231
1230 1291
1230 1292
1230 1293
1231 1232
1231 1292
1231 1293
1231 1294
1232 1293
1232 1294
1232 1295
1233 1234
1233 1296
1233 1297
1234 1235
1234 1297
1234 1298
1235 1236
1235 1297
1235 1298
1235 1299
1236 1237
1236 1298
1236 1299
1236 1300
1237 1238
1237 1299
1237 1300
1238 1239
1238 1300
1239 1240
1239 1301
1240 1241
1240 1301
1240 1302
1241 1301
1241 1302
1242 1303
1243 1244
1243 1303
1243 1304
1243 1305
1244 1245
1244 1304
1244 1305
1245 1246
1245 1305
1245 1306
1246 1247
1246 1306
1246 1307
1247 1248
1247 1306
1247 1307
1248 1249
1248 1307
1249 1250
1249 1308
1250 1308
1250 1309
1251 1252
1251 1310
1251 1311
1251 1312
1252 1253
1252 1311
1252 1312
1252 1313
1253 1254
1253 1312
1253 1313
1253 1314
1254 1255
1254 1313
1254 1314
1254 1315
1255 1256
1255 1314
1255 1315
1256 1257
1256 1315
1256 1316
1257 1258
1257 1316
1257 1317
1258 1259
1258 1316
1258 1317
1258 1318
1259 1260
1259 1317
1259 1318
1260 1261
1260 1318
1260 1319
1261 1262
1261 1319
1261 1320
1262 1319
1262 1320
1262 1321
1263 1264
1263 1321
1263 1322
1264 1265
1264 1322
1264 1323
1265 1266
1265 1323
1265 1324
1266 1267
1266 1323
1266 1324
1266 1325
1267 1268
1267 1324
1267 1325
1267 1326
1268 1269
1268 1325
1268 1326
1268 1327
1269 1270
1269 1326
1269 1327
1269 1328
1270 1271
1270 1327
1270 1328
1270 1329
1271 1272
1271 1328
1271 1329
1271 1330
1272 1273
1272 1329
1272 1330
1272 1331
1273 1274
1273 1330
1273 1331
1273 1332
1274 1275
1274 1331
1274 1332
1275 1276
1275 1332
1275 1333
1276 1277
1276 1333
1276 1334
1277 1278
1277 1333
1277 1334
1278 1279
1278 1334
1278 1335
1279 1280
1279 1335
1280 1281
1280 1335
1280 1336
1281 1282
1281 1336
1282 1283
1282 1336
1282 1337
1283 1337
1284 1285
1285 1286
1285 1338
1286 1287
1286 1338
1286 1339
1287 1288
1287 1338
1287 1339
1287 1340
1288 1289
1288 1339
1288 1340
1288 1341
1289 1290
1289 1340
1289 1341
1289 1342
1290 1341
1290 1342
1290 1343
1291 1292
1291 1343
1291 1344
1291 1345
1292 1293
1292 1344
1292 1345
1292 1346
1293 1294
1293 1345
1293 1346
1293 1347
1294 1295
1294 1346
1294 1347
1295 1296
1295 1347
1296 1348
1297 1298
1297 1348
1297 1349
1297 1350
1298 1299
1298 1349
1298 1350
1299 1300
1299 1350
1299 1351
1300 1351
1301 1302
1301 1352
1301 1353
1302 1352
1302 1353
1303 1304
1303 1354
1303 1355
1304 1305
1304 1354
1304 1355
1304 1356
1305 1355
1305 1356
1305 1357
1306 1307
1306 1357
1307 1358
1308 1309
1308 1359
1308 1360
1308 1361
1309 1310
1309 1360
1309 1361
1309 1362
1310 1311
1310 1361
1310 1362
1310 1363
1311 1312
1311 1362
1311 1363
1311 1364
1312 1313
1312 1363
1312 1364
1312 1365
1313 1314
1313 1364
1313 1365
1313 1366
1314 1315
1314 1365
1314 1366
1314 1367
1315 1366
1315 1367
1316 1317
1316 1368
1317 1318
1317 1368
1317 1369
1318 1369
1318 1370
1319 1320
1319 1370
1319 1371
1320 1321
1320 1371
1320 1372
1321 1322
1321 1371
1321 1372
1322 1372
1323 1324
1323 1373
1323 1374
1324 1325
1324 1373
1324 1374
1324 1375
1325 1326
1325 1374
1325 1375
1325 1376
1326 1327
1326 1375
1326 1376
1326 1377
1327 1328
1327 1376
1327 1377
1327 1378
1328 1329
1328 1377
1328 1378
1328 1379
1329 1330
1329 1378
1329 1379
1330 1331
1330 1379
1331 1332
1333 1334
1333 1380
1334 1380
1334 1381
1335 1381
1335 1382
1336 1382
1336 1383
1336 1384
1337 1384
1337 1385
1337 1386
1338 1339
1338 1388
1338 1389
1339 1340
1339 1389
1340 1341
1340 1390
1341 1342
1341 1390
1341 1391
1342 1343
1342 1390
1342 1391
1342 1392
1343 1344
1343 1391
1343 1392
1343 1393
1344 1345
1344 1392
1344 1393
1345 1346
1345 1393
1345 1394
1346 1347
1346 1394
1346 1395
1347 1394
1347 1395
1347 1396
1348 1349
1348 1397
1348 1398
1348 1399
1349 1350
1349 1398
1349 1399
1349 1400
1350 1399
1350 1400
1350 1401
1351 1401
1351 1402
1351 1403
1352 1353
1352 1404
1352 1405
1352 1406
1353 1405
1353 1406
1354 1355
1354 1407
1354 1408
1354 1409
1355 1356
1355 1408
1355 1409
1355 1410
1356 1357
1356 1409
1356 1410
1356 1411
1357 1410
1357 1411
1357 1412
1358 1359
1358 1413
1358 1414
1358 1415
1359 1360
1359 1414
1359 1415
1360 1361
1360 1415
1360 1416
1361 1362
1361 1416
1362 1363
1362 1416
1362 1417
1363 1364
1363 1417
1364 1365
1364 1417
1364 1418
1365 1366
1365 1418
1365 1419
1366 1367
1366 1418
1366 1419
1366 1420
1367 1419
1367 1420
1367 1421
1368 1421
1368 1422
1369 1370
1369 1423
1369 1424
1370 1423
1370 1424
1370 1425
1371 1372
1371 1425
1372 1426
1373 1374
1373 1427
1373 1428
1374 1375
1374 1428
1374 1429
1375 1376
1375 1428
1375 1429
1375 1430
1376 1377
1376 1429
1376 1430
1377 1378
1377 1430
1378 1379
1379 1431
1380 1381
1380 1434
1380 1435
1381 1435
1381 1436
1382 1383
1382 1436
1382 1437
1382 1438
1383 1384
1383 1437
1383 1438
1383 1439
1384 1385
1384 1438
1384 1439
1384 1440
1385 1386
1385 1439
1385 1440
1386 1387
1386 1440
1386 1441
1387 1388
1387 1441
1387 1442
1388 1389
1388 1441
1388 1442
1388 1443
1389 1442
1389 1443
1389 1444
1390 1391
1390 1445
1390 1446
1390 1447
1391 1392
1391 1446
1391 1447
1392 1393
1392 1447
1392 1448
1393 1448
1393 1449
1394 1395
1394 1449
1394 1450
1394 1451
1395 1396
1395 1450
1395 1451
1395 1452
1396 1397
1396 1451
1396 1452
1396 1453
1397 1398
1397 1452
1397 1453
1397 1454
1398 1399
1398 1453
1398 1454
1398 1455
1399 1400
1399 1454
1399 1455
1399 1456
1400 1401
1400 1455
1400 1456
1400 1457
1401 1402
1401 1456
1401 1457
1401 1458
1402 1403
1402 1457
1402 1458
1402 1459
1403 1404
1403 1458
1403 1459
1403 1460
1404 1405
1404 1459
1404 1460
1404 1461
1405 1406
1405 1460
1405 1461
1405 1462
1406 1461
1406 1462
1407 1408
1407 1463
1408 1409
1408 1463
1408 1464
1409 1410
1409 1463
1409 1464
1410 1411
1410 1464
1410 1465
1411 1412
1411 1465
1411 1466
1412 1413
1412 1465
1412 1466
1412 1467
1413 1414
1413 1466
1413 1467
1413 1468
1414 1415
1414 1467
1414 1468
1415 1468
1415 1469
1416 1469
1416 1470
1416 1471
1417 1471
1417 1472
1418 1419
1418 1472
1418 1473
1418 1474
1419 1420
1419 1473
1419 1474
1419 1475
1420 1421
1420 1474
1420 1475
1420 1476
1421 1422
1421 1475
1421 1476
1421 1477
1422 1476
1422 1477
1422 1478
1423 1424
1423 1478
1423 1479
1423 1480
1424 1425
1424 1479
1424 1480
1424 1481
1425 1480
1425 1481
1425 1482
1426 1427
1426 1483
1427 1483
1427 1484
1428 1429
1428 1484
1428 1485
1429 1430
1429 1485
1429 1486
1430 1485
1430 1486
1430 1487
1431 1489
1431 1490
1431 1491
1432 1433
1432 1491
1432 1492
1433 1434
1433 1492
1433 1493
1434 1492
1434 1493
1434 1494
1435 1436
1435 1494
1435 1495
1435 1496
1436 1437
1436 1495
1436 1496
1436 1497
1437 1438
1437 1496
1437 1497
1437 1498
1438 1439
1438 1497
1438 1498
1438 1499
1439 1440
1439 1498
1439 1499
1439 1500
1440 1499
1440 1500
1440 1501
1441 1442
1441 1501
1441 1502
1441 1503
1442 1443
1442 1502
1442 1503
1443 1444
1443 1503
1443 1504
1444 1445
1444 1504
1444 1505
1445 1446
1445 1504
1445 1505
1445 1506
1446 1447
1446 1505
1446 1506
1446 1507
1447 1506
1447 1507
1447 1508
1448 1449
1448 1508
1448 1509
1449 1450
1449 1509
1449 1510
1450 1451
1450 1510
1450 1511
1451 1452
1451 1510
1451 1511
1451 1512
1452 1453
1452 1511
1452 1512
1452 1513
1453 1454
1453 1512
1453 1513
1453 1514
1454 1455
1454 1513
1454 1514
1454 1515
1455 1456
1455 1514
1455 1515
1455 1516
1456 1457
1456 1515
1456 1516
1456 1517
1457 1458
1457 1516
1457 1517
1458 1459
1458 1517
1458 1518
1459 1460
1459 1518
1459 1519
1460 1461
1460 1518
1460 1519
1460 1520
1461 1462
1461 1519
1461 1520
1462 1520
1463 1464
1463 1521
1463 1522
1463 1523
1464 1522
1464 1523
1465 1466
1465 1524
1465 1525
1466 1467
1466 1524
1466 1525
1466 1526
1467 1468
1467 1525
1467 1526
1467 1527
1468 1526
1468 1527
1468 1528
1469 1470
1469 1528
1469 1529
1469 1530
1470 1471
1470 1529
1470 1530
1470 1531
1471 1530
1471 1531
1471 1532
1472 1473
1472 1532
1472 1533
1473 1474
1473 1533
1473 1534
1474 1475
1474 1533
1474 1534
1475 1476
1475 1534
1475 1535
1476 1477
1476 1535
1476 1536
1477 1478
1477 1535
1477 1536
1478 1479
1478 1536
1478 1537
1479 1480
1479 1537
1479 1538
1480 1481
1480 1537
1480 1538
1480 1539
1481 1482
1481 1538
1481 1539
1481 1540
1482 1539
1482 1540
1482 1541
1483 1484
1483 1542
1483 1543
1483 1544
1484 1543
1484 1544
1484 1545
1485 1486
1485 1545
1485 1546
1485 1547
1486 1487
1486 1546
1486 1547
1486 1548
1487 1488
1487 1547
1487 1548
1487 1549
1488 1489
1488 1548
1488 1549
1488 1550
1489 1490
1489 1549
1489 1550
1489 1551
1490 1491
1490 1550
1490 1551
1490 1552
1491 1551
1491 1552
1491 1553
1492 1493
1492 1553
1492 1554
1492 1555
1493 1494
1493 1554
1493 1555
1493 1556
1494 1495
1494 1555
1494 1556
1494 1557
1495 1496
1495 1556
1495 1557
1495 1558
1496 1497
1496 1557
1496 1558
1497 1498
1497 1558
1497 1559
1498 1499
1498 1559
1498 1560
1499 1500
1499 1559
1499 1560
1499 1561
1500 1501
1500 1560
1500 1561
1500 1562
1501 1502
1501 1561
1501 1562
1501 1563
1502 1503
1502 1562
1502 1563
1503 1563
1503 1564
1504 1505
1504 1564
1504 1565
1504 1566
1505 1506
1505 1565
1505 1566
1505 1567
1506 1507
1506 1566
1506 1567
1506 1568
1507 1508
1507 1567
1507 1568
1508 1509
1508 1568
1509 1569
1510 1511
1510 1569
1510 1570
1510 1571
1511 1512
1511 1570
1511 1571
1511 1572
1512 1513
1512 1571
1512 1572
1512 1573
1513 1514
1513 1572
1513 1573
1513 1574
1514 1515
1514 1573
1514 1574
1515 1516
1515 1574
1515 1575
1516 1517
1516 1575
1517 1575
1518 1519
1518 1576
1518 1577
1519 1520
1519 1576
1519 1577
1520 1577
1521 1522
1521 1578
1521 1579
1522 1523
1522 1578
1522 1579
1522 1580
1523 1579
1523 1580
1523 1581
1524 1525
1524 1581
1525 1526
1525 1582
1526 1527
1526 1582
1526 1583
1527 1528
1527 1582
1527 1583
1527 1584
1528 1529
1528 1583
1528 1584
1528 1585
1529 1530
1529 1584
1529 1585
1530 1531
1530 1585
1531 1532
1531 1586
1532 1586
1533 1534
1533 1587
1533 1588
1534 1587
1534 1588
1535 1536
1535 1589
1536 1589
1537 1538
1537 1590
1537 1591
1538 1539
1538 1590
1538 1591
1539 1540
1539 1591
1539 1592
1540 1541
1540 1592
1541 1542
1541 1592
1541 1593
1542 1543
1542 1593
1542 1594
1543 1544
1543 1593
1543 1594
1543 1595
1544 1545
1544 1594
1544 1595
1544 1596
1545 1546
1545 1595
1545 1596
1545 1597
1546 1547
1546 1596
1546 1597
1546 1598
1547 1548
1547 1597
1547 1598
1548 1549
1548 1598
1548 1599
1549 1550
1549 1599
1549 1600
1550 1551
1550 1599
1550 1600
1550 1601
1551 1552
1551 1600
1551 1601
1551 1602
1552 1553
1552 1601
1552 1602
1553 1554
1553 1602
1554 1555
1554 1603
1555 1556
1555 1603
1555 1604
1556 1557
1556 1603
1556 1604
1557 1558
1557 1604
1557 1605
1558 1605
1558 1606
1559 1560
1559 1606
1559 1607
1559 1608
1560 1561
1560 1607
1560 1608
1560 1609
1561 1562
1561 1608
1561 1609
1561 1610
1562 1563
1562 1609
1562 1610
1563 1610
1563 1611
1564 1565
1564 1611
1564 1612
1564 1613
1565 1566
1565 1612
1565 1613
1565 1614
1566 1567
1566 1613
1566 1614
1566 1615
1567 1568
1567 1614
1567 1615
1567 1616
1568 1615
1568 1616
1568 1617
1569 1570
1569 1618
1569 1619
1570 1571
1570 1619
1570 1620
1571 1572
1571 1620
1571 1621
1572 1573
1572 1620
1572 1621
1572 1622
1573 1574
1573 1621
1573 1622
1573 1623
1574 1622
1574 1623
1574 1624
1575 1624
1575 1625
1576 1577
1576 1626
1576 1627
1577 1627
1578 1579
1579 1580
1579 1629
1580 1581
1580 1629
1580 1630
1581 1629
1581 1630
1581 1631
1582 1583
1582 1632
1582 1633
1583 1584
1583 1632
1583 1633
1583 1634
1584 1585
1584 1633
1584 1634
1584 1635
1585 1634
1585 1635
1585 1636
1586 1637
1586 1638
1586 1639
1587 1588
1587 1639
1587 1640
1587 1641
1588 1640
1588 1641
1589 1642
1589 1643
1590 1591
1590 1644
1591 1644
1592 1645
1592 1646
1593 1594
1593 1646
1593 1647
1593 1648
1594 1595
1594 1647
1594 1648
1594 1649
1595 1596
1595 1648
1595 1649
1595 1650
1596 1597
1596 1649
1596 1650
1596 1651
1597 1598
1597 1650
1597 1651
1597 1652
1598 1651
1598 1652
1598 1653
1599 1600
1599 1653
1599 1654
1599 1655
1600 1601
1600 1654
1600 1655
1600 1656
1601 1602
1601 1655
1601 1656
1601 1657
1602 1656
1602 1657
1602 1658
1603 1604
1603 1659
1603 1660
1604 1659
1604 1660
1604 1661
1605 1606
1605 1661
1605 1662
1605 1663
1606 1607
1606 1662
1606 1663
1606 1664
1607 1608
1607 1663
1607 1664
1607 1665
1608 1609
1608 1664
1608 1665
1608 1666
1609 1610
1609 1665
1609 1666
1609 1667
1610 1666
1610 1667
1611 1612
1611 1668
1611 1669
1612 1613
1612 1668
1612 1669
1612 1670
1613 1614
1613 1669
1613 1670
1613 1671
1614 1615
1614 1670
1614 1671
1614 1672
1615 1616
1615 1671
1615 1672
1615 1673
1616 1617
1616 1672
1616 1673
1616 1674
1617 1618
1617 1673
1617 1674
1617 1675
1618 1619
1618 1674
1618 1675
1618 1676
1619 1675
1619 1676
1619 1677
1620 1621
1620 1677
1620 1678
1620 1679
1621 1622
1621 1678
1621 1679
1621 1680
1622 1623
1622 1679
1622 1680
1622 1681
1623 1624
1623 1680
1623 1681
1624 1681
1624 1682
1625 1626
1625 1682
1625 1683
1625 1684
1626 1627
1626 1683
1626 1684
1626 1685
1627 1684
1627 1685
1627 1686
1628 1687
1628 1688
1629 1630
1629 1690
1629 1691
1629 1692
1630 1631
1630 1691
1630 1692
1630 1693
1631 1692
1631 1693
1631 1694
1632 1633
1632 1694
1632 1695
1633 1634
1633 1695
1633 1696
1634 1635
1634 1695
1634 1696
1634 1697
1635 1636
1635 1696
1635 1697
1635 1698
1636 1637
1636 1697
1636 1698
1636 1699
1637 1638
1637 1698
1637 1699
1638 1639
1638 1699
1638 1700
1639 1640
1639 1700
1640 1641
1640 1700
1641 1701
1642 1643
1642 1701
1642 1702
1643 1702
1644 1703
1644 1704
1645 1646
1645 1704
1645 1705
1646 1647
1646 1705
1646 1706
1647 1648
1647 1706
1647 1707
1648 1649
1648 1706
1648 1707
1649 1650
1649 1707
1649 1708
1650 1651
1650 1708
1650 1709
1651 1652
1651 1708
1651 1709
1651 1710
1652 1653
1652 1709
1652 1710
1652 1711
1653 1654
1653 1710
1653 1711
1653 1712
1654 1655
1654 1711
1654 1712
1654 1713
1655 1656
1655 1712
1655 1713
1655 1714
1656 1657
1656 1713
1656 1714
1656 1715
1657 1658
1657 1714
1657 1715
1657 1716
1658 1715
1658 1716
1658 1717
1659 1660
1659 1717
1659 1718
1660 1661
1660 1718
1660 1719
1661 1662
1661 1718
1661 1719
1662 1663
1662 1719
1662 1720
1663 1664
1663 1720
1663 1721
1664 1665
1664 1720
1664 1721
1665 1666
1665 1721
1665 1722
1666 1667
1666 1722
1666 1723
1667 1722
1667 1723
1668 1669
1668 1724
1669 1670
1669 1724
1669 1725
1670 1671
1670 1725
1671 1672
1671 1725
1671 1726
1672 1673
1672 1726
1672 1727
1673 1674
1673 1726
1673 1727
1673 1728
1674 1675
1674 1727
1674 1728
1674 1729
1675 1676
1675 1728
1675 1729
1675 1730
1676 1677
1676 1729
1676 1730
1676 1731
1677 1678
1677 1730
1677 1731
1677 1732
1678 1679
1678 1731
1678 1732
1678 1733
1679 1680
1679 1732
1679 1733
1679 1734
1680 1681
1680 1733
1680 1734
1680 1735
1681 1734
1681 1735
1681 1736
1682 1683
1682 1736
1682 1737
1683 1684
1683 1737
1683 1738
1684 1685
1684 1737
1684 1738
1684 1739
1685 1686
1685 1738
1685 1739
1685 1740
1686 1687
1686 1739
1686 1740
1686 1741
1687 1688
1687 1740
1687 1741
1688 1741
1689 1690
1689 1742
1689 1743
1690 1691
1690 1742
1690 1743
1691 1692
1691 1743
1691 1744
1692 1693
1692 1744
1692 1745
1693 1694
1693 1744
1693 1745
1693 1746
1694 1745
1694 1746
1694 1747
1695 1696
1695 1747
1695 1748
1695 1749
1696 1697
1696 1748
1696 1749
1696 1750
1697 1698
1697 1749
1697 1750
1697 1751
1698 1699
1698 1750
1698 1751
1698 1752
1699 1751
1699 1752
1699 1753
1700 1753
1701 1754
1701 1755
1701 1756
1702 1756
1702 1757
1702 1758
1703 1704
1703 1759
1703 1760
1704 1705
1704 1759
1704 1760
1704 1761
1705 1760
1705 1761
1705 1762
1706 1707
1706 1762
1706 1763
1706 1764
1707 1763
1707 1764
1707 1765
1708 1709
1708 1765
1708 1766
1709 1710
1709 1766
1709 1767
1710 1711
1710 1766
1710 1767
1711 1712
1711 1767
1712 1713
1712 1768
1713 1714
1713 1768
1713 1769
1714 1715
1714 1768
1714 1769
1715 1716
1715 1769
1715 1770
1716 1717
1716 1770
1716 1771
1717 1770
1717 1771
1717 1772
1718 1719
1718 1772
1718 1773
1718 1774
1719 1773
1719 1774
1720 1721
1720 1775
1720 1776
1721 1775
1721 1776
1721 1777
1722 1723
1722 1777
1722 1778
1722 1779
1723 1778
1723 1779
1723 1780
1724 1780
1724 1781
1725 1782
1725 1783
1726 1727
1726 1783
1726 1784
1726 1785
1727 1728
1727 1784
1727 1785
1727 1786
1728 1729
1728 1785
1728 1786
1729 1730
1729 1786
1729 1787
1730 1731
1730 1787
1730 1788
1731 1732
1731 1787
1731 1788
1731 1789
1732 1733
1732 1788
1732 1789
1732 1790
1733 1734
1733 1789
1733 1790
1733 1791
1734 1735
1734 1790
1734 1791
1734 1792
1735 1736
1735 1791
1735 1792
1735 1793
1736 1792
1736 1793
1737 1738
1737 1794
1737 1795
1738 1739
1738 1794
1738 1795
1738 1796
1739 1740
1739 1795
1739 1796
1739 1797
1740 1741
1740 1796
1740 1797
1740 1798
1741 1797
1741 1798
1741 1799
1742 1743
1742 1800
1743 1800
1743 1801
1744 1745
1744 1801
1744 1802
1744 1803
1745 1746
1745 1802
1745 1803
1745 1804
1746 1747
1746 1803
1746 1804
1747 1748
1747 1804
1747 1805
1748 1749
1748 1805
1748 1806
1749 1750
1749 1805
1749 1806
1749 1807
1750 1751
1750 1806
1750 1807
1750 1808
1751 1752
1751 1807
1751 1808
1752 1753
1752 1808
1752 1809
1753 1809
1753 1810
1754 1755
1754 1811
1754 1812
1755 1756
1755 1812
1755 1813
1756 1757
1756 1812
1756 1813
1756 1814
1757 1758
1757 1813
1757 1814
1758 1814
1758 1815
1759 1760
1759 1815
1759 1816
1759 1817
1760 1761
1760 1816
1760 1817
1761 1762
1761 1817
1762 1763
1762 1818
1763 1764
1763 1818
1764 1765
1764 1818
1764 1819
1765 1819
1765 1820
1766 1767
1766 1820
1766 1821
1766 1822
1767 1821
1767 1822
1767 1823
1768 1769
1768 1824
1768 1825
1768 1826
1769 1825
1769 1826
1769 1827
1770 1771
1770 1827
1770 1828
1771 1772
1771 1828
1771 1829
1772 1773
1772 1829
1772 1830
1773 1774
1773 1829
1773 1830
1774 1830
1774 1831
1775 1776
1775 1831
1775 1832
1776 1777
1776 1832
1776 1833
1777 1778
1777 1833
1777 1834
1778 1779
1778 1833
1778 1834
1779 1780
1779 1834
1779 1835
1780 1781
1780 1835
1780 1836
1781 1835
1781 1836
1781 1837
1782 1783
1782 1837
1782 1838
1782 1839
1783 1784
1783 1838
1783 1839
1783 1840
1784 1785
1784 1839
1784 1840
1784 1841
1785 1786
1785 1840
1785 1841
1785 1842
1786 1841
1786 1842
1786 1843
1787 1788
1787 1843
1787 1844
1788 1789
1788 1844
1788 1845
1789 1790
1789 1845
1789 1846
1790 1791
1790 1845
1790 1846
1790 1847
1791 1792
1791 1846
1791 1847
1791 1848
1792 1793
1792 1847
1792 1848
1792 1849
1793 1848
1793 1849
1794 1795
1794 1850
1794 1851
1795 1796
1795 1850
1795 1851
1795 1852
1796 1797
1796 1851
1796 1852
1796 1853
1797 1798
1797 1852
1797 1853
1797 1854
1798 1799
1798 1853
1798 1854
1798 1855
1799 1854
1799 1855
1800 1856
1800 1857
1801 1802
1801 1857
1801 1858
1801 1859
1802 1803
1802 1858
1802 1859
1802 1860
1803 1804
1803 1859
1803 1860
1804 1860
1805 1806
1805 1861
1805 1862
1806 1807
1806 1861
1806 1862
1807 1808
1807 1862
1808 1863
1809 1810
1809 1863
1809 1864
1809 1865
1810 1811
1810 1864
1810 1865
1810 1866
1811 1865
1811 1866
1811 1867
1812 1813
1812 1867
1812 1868
1813 1814
1813 1868
1813 1869
1814 1868
1814 1869
1815 1816
1815 1870
1815 1871
1816 1817
1816 1870
1816 1871
1816 1872
1817 1871
1817 1872
1817 1873
1818 1874
1818 1875
1819 1820
1819 1875
1819 1876
1819 1877
1820 1821
1820 1876
1820 1877
1820 1878
1821 1822
1821 1877
1821 1878
1821 1879
1822 1823
1822 1878
1822 1879
1823 1824
1823 1879
1823 1880
1824 1825
1824 1880
1824 1881
1825 1826
1825 1880
1825 1881
1825 1882
1826 1827
1826 1881
1826 1882
1826 1883
1827 1828
1827 1882
1827 1883
1827 1884
1828 1883
1828 1884
1828 1885
1829 1830
1829 1885
1829 1886
1829 1887
1830 1886
1830 1887
1830 1888
1831 1832
1831 1888
1831 1889
1832 1889
1832 1890
1833 1834
1833 1890
1833 1891
1833 1892
1834 1891
1834 1892
1834 1893
1835 1836
1835 1893
1835 1894
1835 1895
1836 1837
1836 1894
1836 1895
1836 1896
1837 1838
1837 1895
1837 1896
1837 1897
1838 1839
1838 1896
1838 1897
1838 1898
1839 1840
1839 1897
1839 1898
1839 1899
1840 1841
1840 1898
1840 1899
1840 1900
1841 1842
1841 1899
1841 1900
1841 1901
1842 1843
1842 1900
1842 1901
1842 1902
1843 1844
1843 1901
1843 1902
1844 1902
1844 1903
1845 1846
1845 1903
1845 1904
1846 1847
1846 1904
1847 1848
1847 1905
1848 1849
1848 1905
1849 1905
1849 1906
1850 1851
1850 1906
1850 1907
1850 1908
1851 1852
1851 1907
1851 1908
1851 1909
1852 1853
1852 1908
1852 1909
1853 1854
1853 1909
1853 1910
1854 1855
1854 1910
1854 1911
1855 1910
1855 1911
1856 1857
1856 1912
1856 1913
1857 1858
1857 1912
1857 1913
1857 1914
1858 1859
1858 1913
1858 1914
1858 1915
1859 1860
1859 1914
1859 1915
1860 1915
1860 1916
1861 1862
1861 1917
1861 1918
1861 1919
1862 1918
1862 1919
1862 1920
1863 1864
1863 1921
1863 1922
1863 1923
1864 1865
1864 1922
1864 1923
1864 1924
1865 1866
1865 1923
1865 1924
1865 1925
1866 1867
1866 1924
1866 1925
1866 1926
1867 1925
1867 1926
1867 1927
1868 1869
1868 1927
1868 1928
1869 1928
1870 1871
1870 1929
1871 1872
1871 1929
1871 1930
1872 1873
1872 1929
1872 1930
1872 1931
1873 1874
1873 1930
1873 1931
1873 1932
1874 1931
1874 1932
1874 1933
1875 1876
1875 1933
1875 1934
1875 1935
1876 1877
1876 1934
1876 1935
1876 1936
1877 1878
1877 1935
1877 1936
1877 1937
1878 1879
1878 1936
1878 1937
1878 1938
1879 1937
1879 1938
1879 1939
1880 1881
1880 1939
1880 1940
1880 1941
1881 1882
1881 1940
1881 1941
1881 1942
1882 1883
1882 1941
1882 1942
1882 1943
1883 1884
1883 1942
1883 1943
1883 1944
1884 1885
1884 1943
1884 1944
1884 1945
1885 1886
1885 1944
1885 1945
1885 1946
1886 1887
1886 1945
1886 1946
1886 1947
1887 1888
1887 1946
1887 1947
1887 1948
1888 1947
1888 1948
1889 1890
1889 1949
1889 1950
1890 1891
1890 1949
1890 1950
1890 1951
1891 1892
1891 1950
1891 1951
1892 1893
1892 1951
1892 1952
1893 1894
1893 1952
1893 1953
1894 1895
1894 1952
1894 1953
1894 1954
1895 1896
1895 1953
1895 1954
1895 1955
1896 1897
1896 1954
1896 1955
1896 1956
1897 1898
1897 1955
1897 1956
1897 1957
1898 1899
1898 1956
1898 1957
1898 1958
1899 1900
1899 1957
1899 1958
1899 1959
1900 1901
1900 1958
1900 1959
1900 1960
1901 1902
1901 1959
1901 1960
1901 1961
1902 1960
1902 1961
1902 1962
1903 1904
1903 1962
1903 1963
1903 1964
1904 1963
1904 1964
1904 1965
1905 1966
1905 1967
1905 1968
1906 1907
1906 1968
1906 1969
1907 1908
1907 1969
1907 1970
1908 1909
1908 1970
1909 1970
1909 1971
1910 1911
1910 1971
1912 1913
1912 1972
1913 1914
1913 1972
1913 1973
1914 1915
1914 1972
1914 1973
1915 1973
1915 1974
1916 1917
1916 1974
1916 1975
1917 1918
1917 1975
1917 1976
1918 1919
1918 1976
1918 1977
1919 1920
1919 1976
1919 1977
1919 1978
1920 1921
1920 1977
1920 1978
1920 1979
1921 1922
1921 1978
1921 1979
1921 1980
1922 1923
1922 1979
1922 1980
1922 1981
1923 1924
1923 1980
1923 1981
1924 1925
1924 1981
1924 1982
1925 1926
1925 1982
1925 1983
1926 1927
1926 1982
1926 1983
1926 1984
1927 1928
1927 1983
1927 1984
1927 1985
1928 1984
1928 1985
1928 1986
1929 1930
1929 1988
1929 1989
1929 1990
1930 1931
1930 1989
1930 1990
1930 1991
1931 1932
1931 1990
1931 1991
1931 1992
1932 1933
1932 1991
1932 1992
1932 1993
1933 1934
1933 1992
1933 1993
1933 1994
1934 1935
1934 1993
1934 1994
1934 1995
1935 1936
1935 1994
1935 1995
1935 1996
1936 1937
1936 1995
1936 1996
1936 1997
1937 1938
1937 1996
1937 1997
1937 1998
1938 1939
1938 1997
1938 1998
1939 1940
1939 1998
1940 1941
1941 1942
1941 1999
1942 1943
1942 1999
1943 1944
1943 1999
1943 2000
1944 1945
1944 2000
1944 2001
1945 1946
1945 2000
1945 2001
1945 2002
1946 1947
1946 2001
1946 2002
1946 2003
1947 1948
1947 2002
1947 2003
1948 2003
1948 2004
1949 1950
1949 2004
1949 2005
1949 2006
1950 1951
1950 2005
1950 2006
1950 2007
1951 2006
1951 2007
1951 2008
1952 1953
1952 2008
1952 2009
1953 1954
1953 2009
1954 1955
1954 2009
1954 2010
1955 1956
1955 2010
1955 2011
1956 1957
1956 2010
1956 2011
1956 2012
1957 1958
1957 2011
1957 2012
1958 1959
1958 2012
1958 2013
1959 1960
1959 2013
1959 2014
1960 1961
1960 2013
1960 2014
1961 1962
1961 2014
1961 2015
1962 1963
1962 2015
1962 2016
1963 1964
1963 2015
1963 2016
1963 2017
1964 1965
1964 2016
1964 2017
1964 2018
1965 1966
1965 2017
1965 2018
1965 2019
1966 1967
1966 2018
1966 2019
1967 1968
1967 2019
1967 2020
1968 1969
1968 2020
1968 2021
1969 2020
1969 2021
1969 2022
1970 2022
1970 2023
1970 2024
1971 2024
1972 1973
1972 2026
1972 2027
1972 2028
1973 2027
1973 2028
1973 2029
1974 1975
1974 2029
1974 2030
1975 2030
1975 2031
1976 1977
1976 2031
1976 2032
1976 2033
1977 1978
1977 2032
1977 2033
1977 2034
1978 1979
1978 2033
1978 2034
1978 2035
1979 1980
1979 2034
1979 2035
1979 2036
1980 1981
1980 2035
1980 2036
1980 2037
1981 2036
1981 2037
1981 2038
1982 1983
1982 2038
1982 2039
1982 2040
1983 1984
1983 2039
1983 2040
1983 2041
1984 1985
1984 2040
1984 2041
1985 1986
1985 2041
1986 1987
1986 2042
1987 1988
1987 2042
1987 2043
1988 1989
1988 2042
1988 2043
1988 2044
1989 1990
1989 2043
1989 2044
1989 2045
1990 1991
1990 2044
1990 2045
1990 2046
1991 1992
1991 2045
1991 2046
1991 2047
1992 1993
1992 2046
1992 2047
1992 2048
1993 1994
1993 2047
1993 2048
1993 2049
1994 1995
1994 2048
1994 2049
1994 2050
1995 1996
1995 2049
1995 2050
1995 2051
1996 1997
1996 2050
1996 2051
1996 2052
1997 1998
1997 2051
1997 2052
1997 2053
1998 2052
1998 2053
1998 2054
1999 2055
2000 2001
2001 2002
2001 2056
2002 2003
2002 2056
2002 2057
2003 2056
2003 2057
2004 2005
2004 2058
2004 2059
2005 2006
2005 2058
2005 2059
2005 2060
2006 2007
2006 2059
2006 2060
2006 2061
2007 2008
2007 2060
2007 2061
2007 2062
2008 2061
2008 2062
2008 2063
2009 2063
2009 2064
2009 2065
2010 2011
2010 2065
2010 2066
2010 2067
2011 2012
2011 2066
2011 2067
2011 2068
2012 2067
2012 2068
2012 2069
2013 2014
2013 2069
2013 2070
2014 2070
2014 2071
2015 2016
2015 2071
2015 2072
2016 2017
2016 2072
2016 2073
2017 2018
2017 2073
2018 2019
2018 2073
2019 2074
2020 2021
2020 2074
2020 2075
2020 2076
2021 2022
2021 2075
2021 2076
2022 2023
2022 2076
2023 2024
2023 2077
2024 2077
2024 2078
2025 2079
2026 2027
2026 2080
2026 2081
2027 2028
2027 2080
2027 2081
2027 2082
2028 2029
2028 2081
2028 2082
2029 2030
2029 2082
2029 2083
2030 2083
2031 2032
2031 2084
2031 2085
2032 2033
2032 2084
2032 2085
2032 2086
2033 2034
2033 2085
2033 2086
2034 2035
2034 2086
2034 2087
2035 2036
2035 2087
2035 2088
2036 2037
2036 2087
2036 2088
2037 2038
2037 2088
2037 2089
2038 2039
2038 2089
2038 2090
2039 2040
2039 2089
2039 2090
2039 2091
2040 2041
2040 2090
2040 2091
2040 2092
2041 2091
2041 2092
2041 2093
2042 2043
2042 2094
2042 2095
2042 2096
2043 2044
2043 2095
2043 2096
2043 2097
2044 2045
2044 2096
2044 2097
2044 2098
2045 2046
2045 2097
2045 2098
2045 2099
2046 2047
2046 2098
2046 2099
2046 2100
2047 2048
2047 2099
2047 2100
2047 2101
2048 2049
2048 2100
2048 2101
2048 2102
2049 2050
2049 2101
2049 2102
2049 2103
2050 2051
2050 2102
2050 2103
2050 2104
2051 2052
2051 2103
2051 2104
2052 2053
2052 2104
2052 2105
2053 2054
2053 2105
2053 2106
2054 2105
2054 2106
2055 2107
2055 2108
2055 2109
2056 2057
2056 2110
2056 2111
2057 2110
2057 2111
2058 2059
2058 2112
2058 2113
2059 2060
2059 2112
2059 2113
2060 2061
2060 2113
2061 2062
2061 2114
2062 2063
2062 2114
2062 2115
2063 2064
2063 2114
2063 2115
2063 2116
2064 2065
2064 2115
2064 2116
2064 2117
2065 2066
2065 2116
2065 2117
2066 2067
2066 2117
2066 2118
2067 2068
2067 2118
2067 2119
2068 2069
2068 2118
2068 2119
2069 2119
2069 2120
2070 2071
2070 2120
2070 2121
2071 2072
2071 2121
2071 2122
2072 2122
2072 2123
2073 2123
2073 2124
2073 2125
2074 2075
2074 2126
2074 2127
2075 2076
2075 2127
2075 2128
2076 2128
2076 2129
2077 2078
2077 2130
2077 2131
2077 2132
2078 2131
2078 2132
2078 2133
2079 2133
2080 2081
2080 2134
2080 2135
2081 2082
2081 2134
2081 2135
2081 2136
2082 2135
2082 2136
2082 2137
2083 2137
2083 2138
2084 2085
2084 2139
2084 2140
2085 2086
2085 2139
2085 2140
2085 2141
2086 2140
2086 2141
2086 2142
2087 2088
2087 2142
2087 2143
2087 2144
2088 2143
2088 2144
2088 2145
2089 2090
2089 2145
2089 2146
2089 2147
2090 2091
2090 2146
2090 2147
2091 2092
2091 2147
2092 2093
2092 2148
2093 2094
2093 2148
2094 2095
2094 2148
2094 2149
2095 2096
2095 2149
2096 2097
2096 2149
2096 2150
2097 2098
2097 2150
2097 2151
2098 2099
2098 2150
2098 2151
2098 2152
2099 2100
2099 2151
2099 2152
2099 2153
2100 2101
2100 2152
2100 2153
2100 2154
2101 2102
2101 2153
2101 2154
2101 2155
2102 2103
2102 2154
2102 2155
2102 2156
2103 2104
2103 2155
2103 2156
2103 2157
2104 2156
2104 2157
2104 2158
2105 2106
2105 2158
2105 2159
2105 2160
2106 2159
2106 2160
2106 2161
2107 2108
2107 2161
2107 2162
2107 2163
2108 2109
2108 2162
2108 2163
2108 2164
2109 2163
2109 2164
2109 2165
2110 2111
2110 2166
2110 2167
2110 2168
2111 2167
2111 2168
2111 2169
2112 2113
2112 2169
2112 2170
2112 2171
2113 2170
2113 2171
2114 2115
2114 2172
2114 2173
2114 2174
2115 2116
2115 2173
2115 2174
2116 2117
2116 2174
2116 2175
2117 2175
2117 2176
2118 2119
2118 2176
2118 2177
2118 2178
2119 2177
2119 2178
2119 2179
2120 2121
2120 2179
2120 2180
2120 2181
2121 2180
2121 2181
2121 2182
2122 2123
2122 2182
2122 2183
2123 2124
2123 2183
2123 2184
2124 2125
2124 2184
2124 2185
2125 2126
2125 2184
2125 2185
2126 2127
2126 2185
2126 2186
2127 2186
2127 2187
2128 2129
2128 2187
2128 2188
2128 2189
2129 2130
2129 2188
2129 2189
2129 2190
2130 2131
2130 2189
2130 2190
2130 2191
2131 2132
2131 2190
2131 2191
2131 2192
2132 2133
2132 2191
2132 2192
2132 2193
2133 2192
2133 2193
2133 2194
2134 2135
2134 2195
2134 2196
2135 2136
2135 2195
2135 2196
2135 2197
2136 2137
2136 2196
2136 2197
2136 2198
2137 2138
2137 2197
2137 2198
2137 2199
2138 2198
2138 2199
2138 2200
2139 2140
2139 2200
2139 2201
2140 2141
2140 2201
2140 2202
2141 2142
2141 2202
2141 2203
2142 2143
2142 2202
2142 2203
2143 2144
2143 2203
2143 2204
2144 2145
2144 2204
2144 2205
2145 2146
2145 2204
2145 2205
2145 2206
2146 2147
2146 2205
2146 2206
2146 2207
2147 2206
2147 2207
2148 2208
2148 2209
2148 2210
2149 2210
2149 2211
2149 2212
2150 2151
2150 2212
2150 2213
2150 2214
2151 2152
2151 2213
2151 2214
2151 2215
2152 2153
2152 2214
2152 2215
2153 2154
2153 2215
2153 2216
2154 2155
2154 2216
2154 2217
2155 2156
2155 2216
2155 2217
2156 2157
2156 2217
2156 2218
2157 2158
2157 2218
2157 2219
2158 2159
2158 2218
2158 2219
2158 2220
2159 2160
2159 2219
2159 2220
2159 2221
2160 2161
2160 2220
2160 2221
2160 2222
2161 2162
2161 2221
2161 2222
2161 2223
2162 2163
2162 2222
2162 2223
2162 2224
2163 2164
2163 2223
2163 2224
2164 2165
2164 2224
2164 2225
2165 2166
2165 2225
2165 2226
2166 2167
2166 2225
2166 2226
2166 2227
2167 2168
2167 2226
2167 2227
2167 2228
2168 2169
2168 2227
2168 2228
2168 2229
2169 2170
2169 2228
2169 2229
2169 2230
2170 2171
2170 2229
2170 2230
2170 2231
2171 2230
2171 2231
2171 2232
2172 2173
2172 2232
2172 2233
2172 2234
2173 2174
2173 2233
2173 2234
2173 2235
2174 2234
2174 2235
2174 2236
2175 2176
2175 2236
2175 2237
2175 2238
2176 2177
2176 2237
2176 2238
2177 2178
2177 2238
2177 2239
2178 2179
2178 2239
2178 2240
2179 2180
2179 2239
2179 2240
2179 2241
2180 2181
2180 2240
2180 2241
2180 2242
2181 2182
2181 2241
2181 2242
2181 2243
2182 2183
2182 2242
2182 2243
2182 2244
2183 2243
2183 2244
2184 2185
2184 2245
2184 2246
2185 2245
2185 2246
2185 2247
2186 2187
2186 2247
2186 2248
2186 2249
2187 2188
2187 2248
2187 2249
2187 2250
2188 2189
2188 2249
2188 2250
2188 2251
2189 2190
2189 2250
2189 2251
2190 2191
2190 2251
2190 2252
2191 2192
2191 2252
2191 2253
2192 2193
2192 2252
2192 2253
2192 2254
2193 2194
2193 2253
2193 2254
2194 2254
2195 2196
2195 2255
2195 2256
2196 2197
2196 2255
2196 2256
2196 2257
2197 2198
2197 2256
2197 2257
2197 2258
2198 2199
2198 2257
2198 2258
2198 2259
2199 2200
2199 2258
2199 2259
2199 2260
2200 2201
2200 2259
2200 2260
2200 2261
2201 2260
2201 2261
2201 2262
2202 2203
2202 2262
2202 2263
2202 2264
2203 2263
2203 2264
2203 2265
2204 2205
2204 2265
2204 2266
2204 2267
2205 2206
2205 2266
2205 2267
2205 2268
2206 2207
2206 2267
2206 2268
2206 2269
2207 2268
2207 2269
2207 2270
2208 2209
2208 2270
2208 2271
2208 2272
2209 2210
2209 2271
2209 2272
2210 2211
2210 2272
2211 2212
2211 2273
2212 2213
2212 2273
2213 2214
2213 2273
2214 2215
2216 2217
2216 2274
2217 2274
2217 2275
2218 2219
2218 2275
2218 2276
2218 2277
2219 2220
2219 2276
2219 2277
2219 2278
2220 2221
2220 2277
2220 2278
2220 2279
2221 2222
2221 2278
2221 2279
2221 2280
2222 2223
2222 2279
2222 2280
2222 2281
2223 2224
2223 2280
2223 2281
2223 2282
2224 2281
2224 2282
2225 2226
2225 2283
2226 2227
2226 2283
2226 2284
2227 2228
2227 2284
2227 2285
2228 2229
2228 2284
2228 2285
2228 2286
2229 2230
2229 2285
2229 2286
2230 2231
2230 2286
2230 2287
2231 2232
2231 2287
2231 2288
2232 2233
2232 2287
2232 2288
2232 2289
2233 2234
2233 2288
2233 2289
2233 2290
2234 2235
2234 2289
2234 2290
2234 2291
2235 2236
2235 2290
2235 2291
2235 2292
2236 2237
2236 2291
2236 2292
2236 2293
2237 2238
2237 2292
2237 2293
2237 2294
2238 2293
2238 2294
2239 2240
2239 2295
2239 2296
2240 2241
2240 2295
2240 2296
2240 2297
2241 2242
2241 2296
2241 2297
2241 2298
2242 2243
2242 2297
2242 2298
2242 2299
2243 2244
2243 2298
2243 2299
2243 2300
2244 2299
2244 2300
2244 2301
2245 2246
2245 2301
2245 2302
2246 2247
2246 2302
2246 2303
2247 2248
2247 2302
2247 2303
2248 2249
2248 2303
2248 2304
2249 2250
2249 2304
2249 2305
2250 2251
2250 2304
2250 2305
2250 2306
2251 2305
2251 2306
2251 2307
2252 2253
2252 2307
2252 2308
2252 2309
2253 2254
2253 2308
2253 2309
2254 2309
2254 2310
2255 2256
2255 2311
2255 2312
2256 2257
2256 2311
2256 2312
2256 2313
2257 2258
2257 2312
2257 2313
2258 2259
2258 2313
2259 2260
2259 2314
2260 2261
2260 2314
2261 2262
2261 2314
2262 2263
2262 2315
2263 2264
2263 2315
2263 2316
2264 2265
2264 2315
2264 2316
2264 2317
2265 2266
2265 2316
2265 2317
2265 2318
2266 2267
2266 2317
2266 2318
2266 2319
2267 2268
2267 2318
2267 2319
2267 2320
2268 2269
2268 2319
2268 2320
2268 2321
2269 2270
2269 2320
2269 2321
2269 2322
2270 2271
2270 2321
2270 2322
2271 2272
2271 2322
2271 2323
2272 2323
2273 2324
2273 2325
2274 2327
2274 2328
2275 2276
2275 2328
2275 2329
2275 2330
2276 2277
2276 2329
2276 2330
2276 2331
2277 2278
2277 2330
2277 2331
2278 2279
2278 2331
2278 2332
2279 2280
2279 2332
2279 2333
2280 2281
2280 2332
2280 2333
2280 2334
2281 2282
2281 2333
2281 2334
2281 2335
2282 2334
2282 2335
2282 2336
2283 2336
2283 2337
2283 2338
2284 2285
2284 2338
2284 2339
2285 2286
2285 2339
2287 2288
2287 2340
2287 2341
2288 2289
2288 2340
2288 2341
2288 2342
2289 2290
2289 2341
2289 2342
2289 2343
2290 2291
2290 2342
2290 2343
2290 2344
2291 2292
2291 2343
2291 2344
2291 2345
2292 2293
2292 2344
2292 2345
2292 2346
2293 2294
2293 2345
2293 2346
2293 2347
2294 2346
2294 2347
2295 2296
2295 2348
2296 2297
2296 2348
2296 2349
2297 2298
2297 2349
2298 2299
2298 2349
2299 2300
2299 2350
2300 2301
2300 2350
2301 2350
2301 2351
2302 2303
2302 2351
2302 2352
2303 2352
2304 2305
2304 2353
2304 2354
2305 2306
2305 2353
2305 2354
2306 2307
2306 2354
2306 2355
2307 2308
2307 2355
2307 2356
2308 2309
2308 2355
2308 2356
2308 2357
2309 2356
2309 2357
2309 2358
2310 2358
2310 2359
2311 2312
2311 2360
2311 2361
2312 2313
2312 2360
2312 2361
2312 2362
2313 2361
2313 2362
2315 2316
2315 2363
2315 2364
2315 2365
2316 2317
2316 2364
2316 2365
2317 2318
2317 2365
2317 2366
2318 2319
2318 2366
2318 2367
2319 2320
2319 2366
2319 2367
2319 2368
2320 2321
2320 2367
2320 2368
2320 2369
2321 2322
2321 2368
2321 2369
2321 2370
2322 2369
2322 2370
2322 2371
2323 2371
2323 2372
2323 2373
2324 2325
2324 2374
2324 2375
2325 2326
2325 2375
2325 2376
2326 2375
2326 2376
2326 2377
2327 2328
2327 2378
2327 2379
2328 2329
2328 2379
2328 2380
2329 2330
2329 2379
2329 2380
2329 2381
2330 2331
2330 2380
2330 2381
2330 2382
2331 2381
2331 2382
2331 2383
2332 2333
2332 2383
2332 2384
2332 2385
2333 2334
2333 2384
2333 2385
2333 2386
2334 2335
2334 2385
2334 2386
2334 2387
2335 2336
2335 2386
2335 2387
2335 2388
2336 2337
2336 2387
2336 2388
2337 2338
2337 2388
2337 2389
2338 2339
2338 2389
2338 2390
2339 2389
2339 2390
2339 2391
2340 2341
2340 2392
2340 2393
2340 2394
2341 2342
2341 2393
2341 2394
2341 2395
2342 2343
2342 2394
2342 2395
2342 2396
2343 2344
2343 2395
2343 2396
2343 2397
2344 2345
2344 2396
2344 2397
2344 2398
2345 2346
2345 2397
2345 2398
2345 2399
2346 2347
2346 2398
2346 2399
2346 2400
2347 2399
2347 2400
2348 2401
2348 2402
2349 2402
2349 2403
2349 2404
2350 2405
2350 2406
2350 2407
2351 2352
2351 2407
2351 2408
2351 2409
2352 2408
2352 2409
2352 2410
2353 2354
2353 2411
2353 2412
2354 2411
2354 2412
2354 2413
2355 2356
2355 2413
2355 2414
2355 2415
2356 2357
2356 2414
2356 2415
2356 2416
2357 2358
2357 2415
2357 2416
2357 2417
2358 2359
2358 2416
2358 2417
2358 2418
2359 2417
2359 2418
2360 2361
2360 2419
2360 2420
2361 2362
2361 2419
2361 2420
2361 2421
2362 2420
2362 2421
2362 2422
2363 2364
2363 2424
2363 2425
2363 2426
2364 2365
2364 2425
2364 2426
2364 2427
2365 2426
2365 2427
2366 2367
2366 2428
2366 2429
2367 2368
2367 2428
2367 2429
2367 2430
2368 2369
2368 2429
2368 2430
2368 2431
2369 2370
2369 2430
2369 2431
2369 2432
2370 2371
2370 2431
2370 2432
2370 2433
2371 2372
2371 2432
2371 2433
2371 2434
2372 2373
2372 2433
2372 2434
2372 2435
2373 2374
2373 2434
2373 2435
2374 2435
2374 2436
2375 2376
2375 2436
2375 2437
2376 2377
2376 2437
2376 2438
2377 2378
2377 2437
2377 2438
2377 2439
2378 2438
2378 2439
2378 2440
2379 2380
2379 2440
2379 2441
2379 2442
2380 2381
2380 2441
2380 2442
2381 2382
2381 2442
2381 2443
2382 2383
2382 2443
2382 2444
2383 2384
2383 2443
2383 2444
2384 2385
2384 2444
2384 2445
2385 2386
2385 2445
2385 2446
2386 2387
2386 2445
2386 2446
2386 2447
2387 2388
2387 2446
2387 2447
2388 2447
2388 2448
2389 2390
2389 2448
2389 2449
2390 2391
2390 2449
2391 2449
2391 2450
2392 2393
2392 2450
2392 2451
2393 2394
2393 2451
2393 2452
2394 2395
2394 2452
2395 2396
2395 2452
2395 2453
2396 2397
2396 2453
2397 2398
2397 2453
2398 2399
2398 2454
2399 2400
2399 2454
2399 2455
2400 2454
2400 2455
2400 2456
2401 2402
2401 2456
2401 2457
2402 2403
2402 2457
2402 2458
2403 2404
2403 2458
2404 2405
2404 2458
2404 2459
2405 2406
2405 2459
2405 2460
2406 2407
2406 2459
2406 2460
2407 2408
2407 2460
2408 2409
2408 2461
2409 2410
2409 2461
2409 2462
2410 2461
2410 2462
2410 2463
2411 2412
2411 2463
2411 2464
2412 2413
2412 2464
2412 2465
2413 2414
2413 2464
2413 2465
2413 2466
2414 2415
2414 2465
2414 2466
2414 2467
2415 2416
2415 2466
2415 2467
2415 2468
2416 2417
2416 2467
2416 2468
2416 2469
2417 2418
2417 2468
2417 2469
2417 2470
2418 2469
2418 2470
2419 2420
2419 2471
2419 2472
2420 2421
2420 2471
2420 2472
2420 2473
2421 2422
2421 2472
2421 2473
2421 2474
2422 2473
2422 2474
2422 2475
2423 2424
2423 2475
2423 2476
2424 2425
2424 2476
2424 2477
2425 2426
2425 2476
2425 2477
2425 2478
2426 2427
2426 2477
2426 2478
2426 2479
2427 2478
2427 2479
2427 2480
2428 2429
2428 2480
2428 2481
2428 2482
2429 2430
2429 2481
2429 2482
2429 2483
2430 2431
2430 2482
2430 2483
2430 2484
2431 2432
2431 2483
2431 2484
2431 2485
2432 2433
2432 2484
2432 2485
2432 2486
2433 2434
2433 2485
2433 2486
2433 2487
2434 2435
2434 2486
2434 2487
2434 2488
2435 2487
2435 2488
2435 2489
2436 2489
2436 2490
2437 2438
2437 2491
2437 2492
2438 2439
2438 2491
2438 2492
2438 2493
2439 2440
2439 2492
2439 2493
2439 2494
2440 2441
2440 2493
2440 2494
2440 2495
2441 2442
2441 2494
2441 2495
2441 2496
2442 2495
2442 2496
2442 2497
2443 2444
2443 2497
2444 2498
2445 2446
2445 2498
2445 2499
2445 2500
2446 2447
2446 2499
2446 2500
2446 2501
2447 2500
2447 2501
2447 2502
2448 2502
2448 2503
2449 2503
2449 2504
2449 2505
2450 2451
2450 2505
2450 2506
2450 2507
2451 2506
2451 2507
2451 2508
2452 2508
2452 2509
2452 2510
2453 2510
2453 2511
2454 2455
2454 2512
2454 2513
2454 2514
2455 2456
2455 2513
2455 2514
2455 2515
2456 2457
2456 2514
2456 2515
2456 2516
2457 2515
2457 2516
2457 2517
2458 2517
2458 2518
2458 2519
2459 2460
2459 2519
2459 2520
2459 2521
2460 2520
2460 2521
2461 2462
2461 2522
2462 2463
2462 2522
2462 2523
2463 2522
2463 2523
2463 2524
2464 2465
2464 2524
2464 2525
2464 2526
2465 2466
2465 2525
2465 2526
2465 2527
2466 2467
2466 2526
2466 2527
2466 2528
2467 2468
2467 2527
2467 2528
2467 2529
2468 2469
2468 2528
2468 2529
2468 2530
2469 2470
2469 2529
2469 2530
2470 2530
2471 2472
2471 2531
2472 2473
2472 2531
2472 2532
2473 2474
2473 2531
2473 2532
2473 2533
2474 2475
2474 2532
2474 2533
2474 2534
2475 2533
2475 2534
2475 2535
2476 2477
2476 2535
2476 2536
2476 2537
2477 2478
2477 2536
2477 2537
2477 2538
2478 2479
2478 2537
2478 2538
2478 2539
2479 2480
2479 2538
2479 2539
2480 2481
2480 2539
2480 2540
2481 2482
2481 2540
2482 2483
2482 2540
2483 2484
2483 2541
2484 2485
2484 2541
2484 2542
2485 2486
2485 2541
2485 2542
2485 2543
2486 2487
2486 2542
2486 2543
2486 2544
2487 2488
2487 2543
2487 2544
2487 2545
2488 2489
2488 2544
2488 2545
2488 2546
2489 2490
2489 2545
2489 2546
2489 2547
2490 2546
2490 2547
2490 2548
2491 2492
2491 2548
2491 2549
2492 2493
2492 2549
2492 2550
2493 2494
2493 2549
2493 2550
2493 2551
2494 2495
2494 2550
2494 2551
2494 2552
2495 2496
2495 2551
2495 2552
2496 2497
2496 2552
2496 2553
2497 2553
2497 2554
2498 2499
2498 2555
2498 2556
2498 2557
2499 2500
2499 2556
2499 2557
2499 2558
2500 2501
2500 2557
2500 2558
2500 2559
2501 2502
2501 2558
2501 2559
2501 2560
2502 2559
2502 2560
2502 2561
2503 2504
2503 2561
2503 2562
2503 2563
2504 2505
2504 2562
2504 2563
2504 2564
2505 2506
2505 2563
2505 2564
2505 2565
2506 2507
2506 2564
2506 2565
2507 2508
2507 2565
2507 2566
2508 2509
2508 2566
2508 2567
2509 2510
2509 2566
2509 2567
2509 2568
2510 2567
2510 2568
2510 2569
2511 2512
2511 2569
2511 2570
2511 2571
2512 2513
2512 2570
2512 2571
2512 2572
2513 2514
2513 2571
2513 2572
2514 2515
2514 2572
2514 2573
2515 2516
2515 2573
2515 2574
2516 2517
2516 2573
2516 2574
2516 2575
2517 2518
2517 2574
2517 2575
2518 2519
2518 2575
2518 2576
2519 2520
2519 2576
2520 2521
2520 2576
2520 2577
2521 2577
2522 2523
2522 2579
2522 2580
2523 2524
2523 2580
2524 2525
2524 2580
2524 2581
2525 2526
2525 2581
2525 2582
2526 2527
2526 2581
2526 2582
2526 2583
2527 2528
2527 2582
2527 2583
2527 2584
2528 2529
2528 2583
2528 2584
2528 2585
2529 2530
2529 2584
2529 2585
2529 2586
2530 2585
2530 2586
2530 2587
2531 2532
2531 2588
2531 2589
2531 2590
2532 2533
2532 2589
2532 2590
2533 2534
2533 2590
2533 2591
2534 2535
2534 2591
2534 2592
2535 2536
2535 2591
2535 2592
2536 2537
2536 2592
2536 2593
2537 2538
2537 2593
2537 2594
2538 2539
2538 2593
2538 2594
2539 2594
2539 2595
2540 2595
2540 2596
2540 2597
2541 2542
2541 2598
2541 2599
2541 2600
2542 2543
2542 2599
2542 2600
2542 2601
2543 2544
2543 2600
2543 2601
2544 2545
2544 2601
2544 2602
2545 2546
2545 2602
2545 2603
2546 2547
2546 2602
2546 2603
2546 2604
2547 2548
2547 2603
2547 2604
2547 2605
2548 2604
2548 2605
2549 2550
2549 2606
2550 2551
2550 2606
2550 2607
2551 2552
2551 2607
2552 2607
2553 2554
2553 2608
2553 2609
2554 2555
2554 2608
2554 2609
2554 2610
2555 2556
2555 2609
2555 2610
2555 2611
2556 2557
2556 2610
2556 2611
2556 2612
2557 2558
2557 2611
2557 2612
2557 2613
2558 2559
2558 2612
2558 2613
2558 2614
2559 2560
2559 2613
2559 2614
2559 2615
2560 2561
2560 2614
2560 2615
2561 2562
2561 2615
2561 2616
2562 2563
2562 2616
2562 2617
2563 2564
2563 2616
2563 2617
2563 2618
2564 2565
2564 2617
2564 2618
2565 2618
2565 2619
2566 2567
2566 2619
2566 2620
2566 2621
2567 2568
2567 2620
2567 2621
2567 2622
2568 2569
2568 2621
2568 2622
2568 2623
2569 2570
2569 2622
2569 2623
2569 2624
2570 2571
2570 2623
2570 2624
2570 2625
2571 2572
2571 2624
2571 2625
2571 2626
2572 2625
2572 2626
2573 2574
2573 2627
2573 2628
2574 2575
2574 2627
2574 2628
2574 2629
2575 2628
2575 2629
2576 2630
2577 2631
2577 2632
2578 2579
2578 2632
2578 2633
2578 2634
2579 2633
2579 2634
2579 2635
2580 2635
2580 2636
2581 2582
2581 2636
2581 2637
2581 2638
2582 2583
2582 2637
2582 2638
2582 2639
2583 2584
2583 2638
2583 2639
2583 2640
2584 2585
2584 2639
2584 2640
2584 2641
2585 2586
2585 2640
2585 2641
2585 2642
2586 2587
2586 2641
2586 2642
2587 2642
2588 2589
2588 2643
2588 2644
2589 2590
2589 2643
2589 2644
2589 2645
2590 2644
2590 2645
2590 2646
2591 2592
2591 2646
2591 2647
2591 2648
2592 2647
2592 2648
2592 2649
2593 2594
2593 2649
2594 2650
2595 2596
2595 2650
2595 2651
2596 2597
2596 2651
2596 2652
2597 2598
2597 2652
2598 2599
2598 2652
2598 2653
2599 2600
2599 2653
2599 2654
2600 2601
2600 2653
2600 2654
2601 2654
2601 2655
2602 2603
2602 2655
2602 2656
2602 2657
2603 2604
2603 2656
2603 2657
2603 2658
2604 2605
2604 2657
2604 2658
2604 2659
2605 2658
2605 2659
2605 2660
2606 2660
2606 2661
2606 2662
2607 2662
2607 2663
2608 2609
2608 2664
2608 2665
2609 2610
2609 2665
2609 2666
2610 2611
2610 2665
2610 2666
2611 2612
2611 2666
2611 2667
2612 2613
2612 2667
2612 2668
2613 2614
2613 2667
2613 2668
2613 2669
2614 2615
2614 2668
2614 2669
2614 2670
2615 2669
2615 2670
2615 2671
2616 2617
2616 2671
2616 2672
2617 2618
2617 2672
2617 2673
2618 2673
2618 2674
2619 2620
2619 2674
2619 2675
2619 2676
2620 2621
2620 2675
2620 2676
2620 2677
2621 2622
2621 2676
2621 2677
2621 2678
2622 2623
2622 2677
2622 2678
2622 2679
2623 2624
2623 2678
2623 2679
2623 2680
2624 2625
2624 2679
2624 2680
2624 2681
2625 2626
2625 2680
2625 2681
2625 2682
2626 2681
2626 2682
2626 2683
2627 2628
2627 2683
2627 2684
2628 2629
2628 2684
2628 2685
2629 2684
2629 2685
2629 2686
2630 2686
2631 2632
2631 2687
2631 2688
2632 2633
2632 2687
2632 2688
2632 2689
2633 2634
2633 2688
2633 2689
2633 2690
2634 2635
2634 2689
2634 2690
2634 2691
2635 2690
2635 2691
2635 2692
2636 2637
2636 2692
2636 2693
2636 2694
2637 2638
2637 2693
2637 2694
2637 2695
2638 2639
2638 2694
2638 2695
2639 2640
2639 2695
2639 2696
2640 2641
2640 2696
2640 2697
2641 2642
2641 2696
2641 2697
2641 2698
2642 2697
2642 2698
2642 2699
2643 2644
2643 2700
2644 2645
2644 2700
2644 2701
2645 2646
2645 2700
2645 2701
2646 2647
2646 2701
2646 2702
2647 2648
2647 2702
2647 2703
2648 2649
2648 2702
2648 2703
2648 2704
2649 2703
2649 2704
2650 2651
2650 2705
2651 2705
2651 2706
2652 2706
2652 2707
2652 2708
2653 2654
2653 2708
2653 2709
2653 2710
2654 2709
2654 2710
2654 2711
2655 2656
2655 2711
2655 2712
2656 2657
2656 2712
2656 2713
2657 2658
2657 2713
2657 2714
2658 2659
2658 2713
2658 2714
2658 2715
2659 2660
2659 2714
2659 2715
2659 2716
2660 2661
2660 2715
2660 2716
2660 2717
2661 2662
2661 2716
2661 2717
2661 2718
2662 2663
2662 2717
2662 2718
2663 2718
2664 2719
2664 2720
2665 2666
2665 2720
2665 2721
2665 2722
2666 2721
2666 2722
2667 2668
2667 2723
2667 2724
2668 2669
2668 2723
2668 2724
2668 2725
2669 2670
2669 2724
2669 2725
2670 2671
2670 2725
2670 2726
2671 2672
2671 2726
2672 2726
2673 2674
2673 2727
2673 2728
2674 2675
2674 2727
2674 2728
2674 2729
2675 2676
2675 2728
2675 2729
2676 2677
2676 2729
2676 2730
2677 2678
2677 2730
2678 2679
2678 2730
2678 2731
2679 2680
2679 2731
2679 2732
2680 2681
2680 2731
2680 2732
2681 2682
2681 2732
2681 2733
2682 2683
2682 2733
2683 2733
2683 2734
2684 2685
2684 2734
2684 2735
2684 2736
2685 2686
2685 2735
2685 2736
2685 2737
2686 2736
2686 2737
2686 2738
2687 2688
2687 2739
2687 2740
2687 2741
2688 2689
2688 2740
2688 2741
2688 2742
2689 2690
2689 2741
2689 2742
2689 2743
2690 2691
2690 2742
2690 2743
2690 2744
2691 2692
2691 2743
2691 2744
2691 2745
2692 2693
2692 2744
2692 2745
2692 2746
2693 2694
2693 2745
2693 2746
2693 2747
2694 2695
2694 2746
2694 2747
2694 2748
2695 2747
2695 2748
2696 2697
2696 2749
2696 2750
2697 2698
2697 2749
2697 2750
2698 2699
2698 2750
2698 2751
2699 2751
2700 2701
2700 2752
2700 2753
2700 2754
2701 2753
2701 2754
2701 2755
2702 2703
2702 2755
2702 2756
2703 2704
2703 2756
2705 2757
2705 2758
2706 2707
2706 2759
2706 2760
2707 2708
2707 2759
2707 2760
2707 2761
2708 2709
2708 2760
2708 2761
2708 2762
2709 2710
2709 2761
2709 2762
2709 2763
2710 2711
2710 2762
2710 2763
2710 2764
2711 2712
2711 2763
2711 2764
2711 2765
2712 2764
2712 2765
2712 2766
2713 2714
2713 2766
2713 2767
2714 2715
2714 2767
2714 2768
2715 2716
2715 2768
2716 2717
2716 2768
2716 2769
2717 2718
2717 2769
2717 2770
2718 2769
2718 2770
2718 2771
2719 2720
2719 2772
2719 2773
2720 2721
2720 2773
2720 2774
2721 2722
2721 2774
2721 2775
2722 2774
2722 2775
2722 2776
2723 2724
2723 2776
2723 2777
2723 2778
2724 2725
2724 2777
2724 2778
2724 2779
2725 2778
2725 2779
2726 2780
2727 2728
2727 2781
2728 2729
2728 2781
2728 2782
2729 2781
2729 2782
2729 2783
2730 2783
2730 2784
2731 2732
2731 2785
2731 2786
2732 2785
2732 2786
2732 2787
2733 2787
2733 2788
2733 2789
2734 2735
2734 2789
2734 2790
2734 2791
2735 2736
2735 2790
2735 2791
2735 2792
2736 2737
2736 2791
2736 2792
2736 2793
2737 2738
2737 2792
2737 2793
2737 2794
2738 2739
2738 2793
2738 2794
2738 2795
2739 2740
2739 2794
2739 2795
2739 2796
2740 2741
2740 2795
2740 2796
2740 2797
2741 2742
2741 2796
2741 2797
2742 2743
2742 2797
2742 2798
2743 2744
2743 2798
2743 2799
2744 2745
2744 2798
2744 2799
2745 2746
2745 2799
2745 2800
2746 2747
2746 2800
2746 2801
2747 2748
2747 2800
2747 2801
2747 2802
2748 2801
2748 2802
2748 2803
2749 2750
2749 2803
2749 2804
2750 2804
2751 2805
2752 2753
2752 2806
2753 2754
2753 2806
2753 2807
2754 2755
2754 2807
2754 2808
2755 2756
2755 2807
2755 2808
2756 2808
2756 2809
2757 2758
2757 2811
2757 2812
2757 2813
2758 2812
2758 2813
2758 2814
2759 2760
2759 2814
2759 2815
2759 2816
2760 2761
2760 2815
2760 2816
2760 2817
2761 2762
2761 2816
2761 2817
2761 2818
2762 2763
2762 2817
2762 2818
2762 2819
2763 2764
2763 2818
2763 2819
2763 2820
2764 2765
2764 2819
2764 2820
2764 2821
2765 2766
2765 2820
2765 2821
2765 2822
2766 2767
2766 2821
2766 2822
2766 2823
2767 2822
2767 2823
2767 2824
2768 2824
2768 2825
2768 2826
2769 2770
2769 2826
2769 2827
2770 2771
2770 2827
2770 2828
2771 2772
2771 2828
2771 2829
2772 2773
2772 2828
2772 2829
2773 2829
2773 2830
2774 2775
2774 2830
2774 2831
2774 2832
2775 2776
2775 2831
2775 2832
2775 2833
2776 2777
2776 2832
2776 2833
2777 2778
2777 2833
2777 2834
2778 2779
2778 2834
2778 2835
2779 2834
2779 2835
2779 2836
2780 2836
2781 2782
2781 2838
2781 2839
2782 2783
2782 2839
2782 2840
2783 2784
2783 2840
2783 2841
2784 2840
2784 2841
2784 2842
2785 2786
2785 2842
2785 2843
2786 2787
2786 2843
2787 2788
2787 2843
2787 2844
2788 2789
2788 2844
2788 2845
2789 2790
2789 2844
2789 2845
2789 2846
2790 2791
2790 2845
2790 2846
2791 2792
2791 2846
2792 2793
2792 2847
2793 2794
2793 2847
2793 2848
2794 2795
2794 2847
2794 2848
2795 2796
2795 2848
2795 2849
2796 2797
2796 2849
2796 2850
2797 2849
2797 2850
2797 2851
2798 2799
2798 2851
2798 2852
2799 2852
2799 2853
2800 2801
2800 2853
2800 2854
2800 2855
2801 2802
2801 2854
2801 2855
2801 2856
2802 2803
2802 2855
2802 2856
2802 2857
2803 2856
2803 2857
2803 2858
2804 2858
2804 2859
2804 2860
2805 2860
2805 2861
2806 2862
2806 2863
2807 2808
2807 2863
2807 2864
2807 2865
2808 2864
2808 2865
2808 2866
2809 2810
2809 2866
2809 2867
2809 2868
2810 2811
2810 2867
2810 2868
2810 2869
2811 2812
2811 2868
2811 2869
2811 2870
2812 2813
2812 2869
2812 2870
2812 2871
2813 2814
2813 2870
2813 2871
2813 2872
2814 2815
2814 2871
2814 2872
2814 2873
2815 2816
2815 2872
2815 2873
2815 2874
2816 2817
2816 2873
2816 2874
2817 2818
2817 2874
2817 2875
2818 2819
2818 2875
2818 2876
2819 2820
2819 2875
2819 2876
2819 2877
2820 2821
2820 2876
2820 2877
2821 2822
2821 2877
2821 2878
2822 2823
2822 2878
2822 2879
2823 2824
2823 2878
2823 2879
2823 2880
2824 2825
2824 2879
2824 2880
2825 2826
2825 2880
2825 2881
2826 2827
2826 2881
2826 2882
2827 2881
2827 2882
2827 2883
2828 2829
2828 2883
2828 2884
2828 2885
2829 2884
2829 2885
2829 2886
2830 2831
2830 2886
2830 2887
2831 2832
2831 2887
2831 2888
2832 2833
2832 2888
2833 2888
2833 2889
2834 2835
2834 2889
2834 2890
2834 2891
2835 2836
2835 2890
2835 2891
2835 2892
2836 2891
2836 2892
2836 2893
2837 2838
2837 2894
2837 2895
2837 2896
2838 2839
2838 2895
2838 2896
2838 2897
2839 2896
2839 2897
2839 2898
2840 2841
2840 2898
2840 2899
2841 2842
2841 2899
2841 2900
2842 2899
2842 2900
2842 2901
2843 2901
2843 2902
2843 2903
2844 2845
2844 2903
2844 2904
2844 2905
2845 2846
2845 2904
2845 2905
2845 2906
2846 2905
2846 2906
2847 2848
2847 2907
2847 2908
2847 2909
2848 2908
2848 2909
2849 2850
2849 2910
2849 2911
2850 2851
2850 2910
2850 2911
2850 2912
2851 2911
2851 2912
2851 2913
2852 2853
2852 2913
2852 2914
2852 2915
2853 2854
2853 2914
2853 2915
2853 2916
2854 2855
2854 2915
2854 2916
2854 2917
2855 2856
2855 2916
2855 2917
2855 2918
2856 2857
2856 2917
2856 2918
2856 2919
2857 2858
2857 2918
2857 2919
2857 2920
2858 2859
2858 2919
2858 2920
2858 2921
2859 2860
2859 2920
2859 2921
2859 2922
2860 2861
2860 2921
2860 2922
2860 2923
2861 2922
2861 2923
2862 2863
2862 2924
2863 2864
2863 2924
2863 2925
2864 2865
2864 2925
2864 2926
2865 2866
2865 2925
2865 2926
2865 2927
2866 2867
2866 2926
2866 2927
2867 2868
2867 2927
2867 2928
2868 2869
2868 2928
2868 2929
2869 2870
2869 2928
2869 2929
2869 2930
2870 2871
2870 2929
2870 2930
2870 2931
2871 2872
2871 2930
2871 2931
2871 2932
2872 2873
2872 2931
2872 2932
2873 2874
2873 2932
2873 2933
2874 2933
2874 2934
2875 2876
2875 2934
2875 2935
2875 2936
2876 2877
2876 2935
2876 2936
2876 2937
2877 2936
2877 2937
2877 2938
2878 2879
2878 2938
2878 2939
2878 2940
2879 2880
2879 2939
2879 2940
2879 2941
2880 2940
2880 2941
2880 2942
2881 2882
2881 2942
2881 2943
2881 2944
2882 2883
2882 2943
2882 2944
2882 2945
2883 2884
2883 2944
2883 2945
2883 2946
2884 2885
2884 2945
2884 2946
2884 2947
2885 2886
2885 2946
2885 2947
2885 2948
2886 2887
2886 2947
2886 2948
2886 2949
2887 2948
2887 2949
2887 2950
2888 2950
2888 2951
2888 2952
2889 2890
2889 2952
2889 2953
2889 2954
2890 2891
2890 2953
2890 2954
2890 2955
2891 2892
2891 2954
2891 2955
2891 2956
2892 2893
2892 2955
2892 2956
2892 2957
2893 2894
2893 2956
2893 2957
2893 2958
2894 2895
2894 2957
2894 2958
2895 2896
2895 2958
2896 2897
2896 2959
2897 2898
2897 2959
2897 2960
2898 2959
2898 2960
2898 2961
2899 2900
2899 2961
2899 2962
2900 2901
2900 2962
2900 2963
2901 2902
2901 2962
2901 2963
2901 2964
2902 2903
2902 2963
2902 2964
2902 2965
2903 2904
2903 2964
2903 2965
2904 2905
2904 2965
2904 2966
2905 2906
2905 2966
2905 2967
2906 2966
2906 2967
2906 2968
2907 2908
2907 2968
2907 2969
2908 2909
2908 2969
2908 2970
2909 2970
2909 2971
2910 2911
2910 2971
2910 2972
2910 2973
2911 2912
2911 2972
2911 2973
2911 2974
2912 2913
2912 2973
2912 2974
2913 2914
2913 2974
2914 2915
2914 2975
2915 2916
2915 2975
2915 2976
2916 2917
2916 2975
2916 2976
2916 2977
2917 2918
2917 2976
2917 2977
2917 2978
2918 2919
2918 2977
2918 2978
2919 2920
2919 2978
2919 2979
2920 2921
2920 2979
2920 2980
2921 2922
2921 2979
2921 2980
2921 2981
2922 2923
2922 2980
2922 2981
2922 2982
2923 2981
2923 2982
2924 2983
2924 2984
2925 2926
2925 2984
2925 2985
2925 2986
2926 2927
2926 2985
2926 2986
2926 2987
2927 2986
2927 2987
2927 2988
2928 2929
2928 2988
2928 2989
2928 2990
2929 2930
2929 2989
2929 2990
2929 2991
2930 2931
2930 2990
2930 2991
2930 2992
2931 2932
2931 2991
2931 2992
2931 2993
2932 2992
2932 2993
2932 2994
2933 2934
2933 2994
2933 2995
2933 2996
2934 2935
2934 2995
2934 2996
2934 2997
2935 2936
2935 2996
2935 2997
2935 2998
2936 2937
2936 2997
2936 2998
2936 2999
2937 2938
2937 2998
2937 2999
2937 3000
2938 2939
2938 2999
2938 3000
2938 3001
2939 2940
2939 3000
2939 3001
2939 3002
2940 2941
2940 3001
2940 3002
2940 3003
2941 2942
2941 3002
2941 3003
2941 3004
2942 2943
2942 3003
2942 3004
2942 3005
2943 2944
2943 3004
2943 3005
2943 3006
2944 2945
2944 3005
2944 3006
2944 3007
2945 2946
2945 3006
2945 3007
2945 3008
2946 2947
2946 3007
2946 3008
2947 2948
2947 3008
2947 3009
2948 2949
2948 3009
2948 3010
2949 2950
2949 3009
2949 3010
2949 3011
2950 2951
2950 3010
2950 3011
2950 3012
2951 2952
2951 3011
2951 3012
2951 3013
2952 2953
2952 3012
2952 3013
2952 3014
2953 2954
2953 3013
2953 3014
2953 3015
2954 2955
2954 3014
2954 3015
2954 3016
2955 2956
2955 3015
2955 3016
2955 3017
2956 2957
2956 3016
2956 3017
2956 3018
2957 2958
2957 3017
2957 3018
2957 3019
2958 3018
2958 3019
2959 2960
2959 3020
2959 3021
2959 3022
2960 2961
2960 3021
2960 3022
2961 3022
2961 3023
2962 2963
2962 3023
2962 3024
2962 3025
2963 2964
2963 3024
2963 3025
2964 2965
2964 3025
2964 3026
2965 3026
2965 3027
2966 2967
2966 3027
2966 3028
2967 2968
2967 3028
2967 3029
2968 2969
2968 3028
2968 3029
2969 3029
2969 3030
2970 2971
2970 3030
2970 3031
2970 3032
2971 2972
2971 3031
2971 3032
2972 2973
2972 3032
2972 3033
2973 2974
2973 3033
2973 3034
2974 3033
2974 3034
2974 3035
2975 2976
2975 3036
2975 3037
2975 3038
2976 2977
2976 3037
2976 3038
2976 3039
2977 2978
2977 3038
2977 3039
2977 3040
2978 3039
2978 3040
2978 3041
2979 2980
2979 3041
2979 3042
2980 2981
2980 3042
2980 3043
2981 2982
2981 3043
2981 3044
2982 3043
2982 3044
2983 2984
2983 3045
2983 3046
2984 2985
2984 3045
2984 3046
2985 2986
2985 3046
2985 3047
2986 2987
2986 3047
2986 3048
2987 2988
2987 3047
2987 3048
2987 3049
2988 2989
2988 3048
2988 3049
2988 3050
2989 2990
2989 3049
2989 3050
2990 2991
2990 3050
2990 3051
2991 2992
2991 3051
2991 3052
2992 2993
2992 3051
2992 3052
2993 2994
2993 3052
2993 3053
2994 2995
2994 3053
2994 3054
2995 2996
2995 3053
2995 3054
2995 3055
2996 2997
2996 3054
2996 3055
2997 2998
2997 3055
2998 2999
2998 3056
2999 3000
2999 3056
2999 3057
3000 3001
3000 3056
3000 3057
3000 3058
3001 3002
3001 3057
3001 3058
3001 3059
3002 3003
3002 3058
3002 3059
3003 3004
3003 3059
3003 3060
3004 3005
3004 3060
3005 3006
3005 3060
3006 3007
3006 3061
3007 3008
3007 3061
3007 3062
3008 3061
3008 3062
3008 3063
3009 3010
3009 3063
3009 3064
3009 3065
3010 3011
3010 3064
3010 3065
3011 3012
3011 3065
3011 3066
3012 3013
3012 3066
3012 3067
3013 3014
3013 3066
3013 3067
3013 3068
3014 3015
3014 3067
3014 3068
3014 3069
3015 3016
3015 3068
3015 3069
3015 3070
3016 3017
3016 3069
3016 3070
3016 3071
3017 3018
3017 3070
3017 3071
3018 3019
3018 3071
3018 3072
3019 3072
3019 3073
3020 3021
3020 3073
3020 3074
3020 3075
3021 3022
3021 3074
3021 3075
3021 3076
3022 3075
3022 3076
3022 3077
3023 3024
3023 3077
3023 3078
3024 3025
3024 3078
3024 3079
3025 3078
3025 3079
3025 3080
3026 3027
3026 3080
3028 3029
3028 3081
3028 3082
3029 3081
3029 3082
3029 3083
3030 3031
3030 3083
3030 3084
3030 3085
3031 3032
3031 3084
3031 3085
3031 3086
3032 3085
3032 3086
3032 3087
3033 3034
3033 3087
3033 3088
3033 3089
3034 3035
3034 3088
3034 3089
3035 3036
3035 3089
3035 3090
3036 3037
3036 3090
3036 3091
3037 3038
3037 3090
3037 3091
3037 3092
3038 3039
3038 3091
3038 3092
3039 3040
3039 3092
3040 3041
3040 3093
3041 3042
3041 3093
3041 3094
3042 3093
3042 3094
3043 3044
3043 3095
3043 3096
3044 3095
3044 3096
3045 3046
3045 3097
3046 3097
3046 3098
3047 3048
3047 3098
3047 3099
3047 3100
3048 3049
3048 3099
3048 3100
3048 3101
3049 3050
3049 3100
3049 3101
3049 3102
3050 3101
3050 3102
3050 3103
3051 3052
3051 3103
3051 3104
3051 3105
3052 3104
3052 3105
3053 3054
3053 3106
3054 3055
3054 3106
3054 3107
3055 3107
3055 3108
3056 3057
3056 3109
3056 3110
3057 3058
3057 3110
3057 3111
3058 3059
3058 3111
3059 3111
3059 3112
3060 3112
3061 3062
3061 3113
3061 3114
3062 3063
3062 3114
3062 3115
3063 3064
3063 3115
3063 3116
3064 3065
3064 3115
3064 3116
3064 3117
3065 3116
3065 3117
3065 3118
3066 3067
3066 3118
3066 3119
3067 3068
3067 3119
3067 3120
3068 3069
3068 3119
3068 3120
3068 3121
3069 3070
3069 3120
3069 3121
3069 3122
3070 3071
3070 3121
3070 3122
3071 3122
3071 3123
3072 3073
3072 3123
3072 3124
3072 3125
3073 3074
3073 3124
3073 3125
3073 3126
3074 3075
3074 3125
3074 3126
3075 3076
3075 3126
3075 3127
3076 3077
3076 3127
3076 3128
3077 3127
3077 3128
3077 3129
3078 3079
3078 3129
3078 3130
3079 3080
3079 3130
3079 3131
3080 3131
3080 3132
3081 3082
3081 3133
3081 3134
3082 3083
3082 3134
3082 3135
3083 3084
3083 3134
3083 3135
3083 3136
3084 3085
3084 3135
3084 3136
3085 3086
3085 3136
3086 3087
3086 3137
3087 3088
3087 3137
3087 3138
3088 3089
3088 3137
3088 3138
3088 3139
3089 3138
3089 3139
3089 3140
3090 3091
3090 3140
3090 3141
3091 3092
3091 3141
3091 3142
3092 3141
3092 3142
3092 3143
3093 3094
3093 3144
3094 3144
3094 3145
3095 3096
3095 3145
3095 3146
3096 3146
3097 3147
3097 3148
3098 3099
3098 3148
3098 3149
3098 3150
3099 3100
3099 3149
3099 3150
3099 3151
3100 3101
3100 3150
3100 3151
3100 3152
3101 3102
3101 3151
3101 3152
3101 3153
3102 3103
3102 3152
3102 3153
3103 3104
3103 3153
3103 3154
3104 3105
3104 3154
3104 3155
3105 3154
3105 3155
3106 3156
3106 3157
3107 3108
3107 3157
3107 3158
3108 3109
3108 3158
3108 3159
3109 3110
3109 3159
3109 3160
3110 3159
3110 3160
3110 3161
3111 3161
3111 3162
3112 3162
3112 3163
3113 3114
3113 3164
3113 3165
3114 3165
3114 3166
3115 3116
3115 3166
3115 3167
3115 3168
3116 3117
3116 3167
3116 3168
3116 3169
3117 3118
3117 3168
3117 3169
3117 3170
3118 3169
3118 3170
3119 3120
3119 3171
3120 3121
3120 3171
3120 3172
3121 3122
3121 3172
3121 3173
3122 3172
3122 3173
3122 3174
3123 3124
3123 3174
3123 3175
3123 3176
3124 3125
3124 3175
3124 3176
3124 3177
3125 3126
3125 3176
3125 3177
3125 3178
3126 3177
3126 3178
3127 3128
3127 3179
3127 3180
3128 3129
3128 3179
3128 3180
3128 3181
3129 3130
3129 3180
3129 3181
3129 3182
3130 3181
3130 3182
3130 3183
3131 3132
3131 3183
3131 3184
3132 3184
3132 3185
3133 3185
3133 3186
3134 3135
3134 3186
3134 3187
3135 3136
3135 3187
3136 3188
3137 3138
3137 3189
3137 3190
3138 3139
3138 3190
3138 3191
3139 3140
3139 3190
3139 3191
3139 3192
3140 3191
3140 3192
3140 3193
3141 3142
3141 3193
3141 3194
3142 3143
3142 3194
3142 3195
3143 3195
3143 3196
3144 3196
3144 3197
3144 3198
3145 3198
3145 3199
3145 3200
3146 3200
3146 3201
3147 3148
3147 3202
3147 3203
3148 3149
3148 3202
3148 3203
3148 3204
3149 3150
3149 3203
3149 3204
3149 3205
3150 3151
3150 3204
3150 3205
3150 3206
3151 3152
3151 3205
3151 3206
3151 3207
3152 3153
3152 3206
3152 3207
3152 3208
3153 3207
3153 3208
3153 3209
3154 3155
3154 3209
3154 3210
3155 3210
3155 3211
3156 3157
3156 3211
3156 3212
3156 3213
3157 3158
3157 3212
3157 3213
3157 3214
3158 3213
3158 3214
3158 3215
3159 3160
3159 3215
3159 3216
3159 3217
3160 3161
3160 3216
3160 3217
3160 3218
3161 3217
3161 3218
3161 3219
3162 3163
3162 3219
3162 3220
3163 3220
3163 3221
3164 3165
3164 3221
3164 3222
3164 3223
3165 3222
3165 3223
3165 3224
3166 3167
3166 3224
3166 3225
3166 3226
3167 3168
3167 3225
3167 3226
3167 3227
3168 3169
3168 3226
3168 3227
3168 3228
3169 3170
3169 3227
3169 3228
3170 3228
3171 3229
3172 3173
3172 3230
3172 3231
3173 3174
3173 3230
3173 3231
3173 3232
3174 3175
3174 3231
3174 3232
3174 3233
3175 3176
3175 3232
3175 3233
3175 3234
3176 3177
3176 3233
3176 3234
3177 3178
3177 3234
3178 3235
3179 3180
3179 3235
3179 3236
3180 3181
3180 3236
3180 3237
3181 3182
3181 3236
3181 3237
3182 3183
3182 3237
3182 3238
3183 3238
3183 3239
3184 3185
3184 3239
3184 3240
3184 3241
3185 3240
3185 3241
3185 3242
3186 3187
3186 3242
3186 3243
3186 3244
3187 3243
3187 3244
3187 3245
3188 3189
3188 3246
3188 3247
3189 3246
3189 3247
3189 3248
3190 3191
3190 3248
3190 3249
3190 3250
3191 3192
3191 3249
3191 3250
3191 3251
3192 3193
3192 3250
3192 3251
3193 3194
3193 3251
3194 3252
3195 3196
3195 3252
3195 3253
3196 3197
3196 3253
3196 3254
3197 3198
3197 3253
3197 3254
3198 3199
3198 3254
3198 3255
3199 3200
3199 3255
3199 3256
3200 3201
3200 3255
3200 3256
3200 3257
3201 3256
3201 3257
3202 3203
3202 3258
3203 3204
3203 3258
3203 3259
3204 3205
3204 3258
3204 3259
3204 3260
3205 3206
3205 3259
3205 3260
3206 3207
3206 3260
3207 3208
3207 3261
3208 3209
3208 3261
3209 3210
3209 3261
3209 3262
3210 3262
3210 3263
3211 3212
3211 3263
3211 3264
3212 3213
3212 3264
3212 3265
3213 3214
3213 3265
3213 3266
3214 3215
3214 3265
3214 3266
3214 3267
3215 3216
3215 3266
3215 3267
3215 3268
3216 3217
3216 3267
3216 3268
3217 3218
3217 3268
3217 3269
3218 3219
3218 3269
3219 3220
3219 3269
3219 3270
3220 3270
3220 3271
3221 3222
3221 3271
3221 3272
3221 3273
3222 3223
3222 3272
3222 3273
3223 3224
3223 3273
3223 3274
3224 3225
3224 3274
3224 3275
3225 3226
3225 3274
3225 3275
3225 3276
3226 3227
3226 3275
3226 3276
3226 3277
3227 3228
3227 3276
3227 3277
3227 3278
3228 3277
3228 3278
3228 3279
3229 3280
3230 3231
3231 3232
3231 3281
3232 3233
3232 3281
3232 3282
3233 3234
3233 3281
3233 3282
3233 3283
3234 3282
3234 3283
3234 3284
3235 3285
3235 3286
3235 3287
3236 3237
3236 3287
3236 3288
3236 3289
3237 3288
3237 3289
3238 3239
3238 3290
3239 3240
3239 3290
3240 3241
3240 3291
3241 3242
3241 3291
3241 3292
3242 3243
3242 3291
3242 3292
3242 3293
3243 3244
3243 3292
3243 3293
3243 3294
3244 3245
3244 3293
3244 3294
3245 3294
3245 3295
3246 3247
3246 3295
3246 3296
3246 3297
3247 3248
3247 3296
3247 3297
3247 3298
3248 3249
3248 3297
3248 3298
3249 3250
3249 3298
3249 3299
3250 3251
3250 3299
3250 3300
3251 3299
3251 3300
3252 3301
3252 3302
3253 3254
3253 3303
3253 3304
3254 3303
3254 3304
3255 3256
3255 3305
3256 3257
3256 3305
3256 3306
3257 3306
3258 3259
3258 3307
3258 3308
3259 3260
3259 3307
3259 3308
3259 3309
3260 3308
3260 3309
3260 3310
3261 3311
3261 3312
3262 3263
3262 3312
3262 3313
3262 3314
3263 3264
3263 3313
3263 3314
3263 3315
3264 3314
3264 3315
3264 3316
3265 3266
3265 3316
3265 3317
3265 3318
3266 3267
3266 3317
3266 3318
3266 3319
3267 3268
3267 3318
3267 3319
3268 3319
3268 3320
3269 3320
3269 3321
3269 3322
3270 3271
3270 3322
3270 3323
3270 3324
3271 3272
3271 3323
3271 3324
3271 3325
3272 3273
3272 3324
3272 3325
3272 3326
3273 3325
3273 3326
3273 3327
3274 3275
3274 3327
3274 3328
3274 3329
3275 3276
3275 3328
3275 3329
3275 3330
3276 3277
3276 3329
3276 3330
3277 3278
3277 3330
3277 3331
3278 3279
3278 3331
3278 3332
3279 3331
3279 3332
3279 3333
3280 3333
3280 3334
3280 3335
3281 3282
3281 3337
3281 3338
3281 3339
3282 3283
3282 3338
3282 3339
3283 3284
3283 3339
3283 3340
3284 3285
3284 3340
3284 3341
3285 3286
3285 3340
3285 3341
3286 3287
3286 3341
3286 3342
3287 3288
3287 3342
3287 3343
3288 3289
3288 3342
3288 3343
3289 3343
3289 3344
3290 3344
3290 3345
3290 3346
3291 3292
3291 3347
3291 3348
3291 3349
3292 3293
3292 3348
3292 3349
3292 3350
3293 3294
3293 3349
3293 3350
3293 3351
3294 3350
3294 3351
3294 3352
3295 3296
3295 3352
3295 3353
3295 3354
3296 3297
3296 3353
3296 3354
3296 3355
3297 3298
3297 3354
3297 3355
3297 3356
3298 3355
3298 3356
3298 3357
3299 3300
3299 3357
3299 3358
3299 3359
3300 3358
3300 3359
3301 3302
3301 3360
3302 3360
3302 3361
3303 3304
3303 3361
3303 3362
3304 3362
3305 3363
3305 3364
3306 3364
3307 3308
3307 3365
3308 3309
3308 3365
3309 3310
3309 3365
3310 3366
3311 3312
3311 3366
3311 3367
3312 3313
3312 3367
3313 3314
3313 3368
3314 3315
3314 3368
3314 3369
3315 3316
3315 3368
3315 3369
3315 3370
3316 3317
3316 3369
3316 3370
3316 3371
3317 3318
3317 3370
3317 3371
3317 3372
3318 3319
3318 3371
3318 3372
3318 3373
3319 3372
3319 3373
3320 3321
3320 3374
3321 3322
3321 3374
3321 3375
3322 3323
3322 3374
3322 3375
3322 3376
3323 3324
3323 3375
3323 3376
3323 3377
3324 3325
3324 3376
3324 3377
3324 3378
3325 3326
3325 3377
3325 3378
3325 3379
3326 3327
3326 3378
3326 3379
3326 3380
3327 3328
3327 3379
3327 3380
3327 3381
3328 3329
3328 3380
3328 3381
3329 3330
3329 3381
3329 3382
3330 3382
3330 3383
3331 3332
3331 3383
3332 3333
3332 3384
3333 3334
3333 3384
3333 3385
3334 3335
3334 3384
3334 3385
3335 3336
3335 3385
3335 3386
3336 3337
3336 3386
3337 3338
3337 3386
3337 3387
3338 3339
3338 3387
3338 3388
3339 3387
3339 3388
3339 3389
3340 3341
3340 3389
3340 3390
3340 3391
3341 3390
3341 3391
3341 3392
3342 3343
3342 3392
3342 3393
3343 3393
3343 3394
3344 3345
3344 3394
3344 3395
3344 3396
3345 3346
3345 3395
3345 3396
3345 3397
3346 3347
3346 3396
3346 3397
3347 3348
3347 3397
3347 3398
3348 3349
3348 3398
3348 3399
3349 3350
3349 3398
3349 3399
3349 3400
3350 3351
3350 3399
3350 3400
3350 3401
3351 3352
3351 3400
3351 3401
3351 3402
3352 3353
3352 3401
3352 3402
3352 3403
3353 3354
3353 3402
3353 3403
3353 3404
3354 3355
3354 3403
3354 3404
3354 3405
3355 3356
3355 3404
3355 3405
3355 3406
3356 3357
3356 3405
3356 3406
3356 3407
3357 3358
3357 3406
3357 3407
3357 3408
3358 3359
3358 3407
3358 3408
3358 3409
3359 3408
3359 3409
3359 3410
3360 3361
3361 3362
3361 3411
3362 3411
3362 3412
3363 3364
3363 3413
3363 3414
3363 3415
3364 3414
3364 3415
3364 3416
3365 3418
3365 3419
3366 3367
3366 3420
3366 3421
3366 3422
3367 3421
3367 3422
3367 3423
3368 3369
3368 3424
3368 3425
3368 3426
3369 3370
3369 3425
3369 3426
3369 3427
3370 3371
3370 3426
3370 3427
3370 3428
3371 3372
3371 3427
3371 3428
3371 3429
3372 3373
3372 3428
3372 3429
3372 3430
3373 3429
3373 3430
3373 3431
3374 3375
3374 3432
3374 3433
3374 3434
3375 3376
3375 3433
3375 3434
3375 3435
3376 3377
3376 3434
3376 3435
3376 3436
3377 3378
3377 3435
3377 3436
3377 3437
3378 3379
3378 3436
3378 3437
3378 3438
3379 3380
3379 3437
3379 3438
3379 3439
3380 3381
3380 3438
3380 3439
3381 3439
3381 3440
3382 3383
3382 3440
3382 3441
3383 3441
3383 3442
3384 3385
3384 3443
3384 3444
3385 3443
3385 3444
3385 3445
3386 3445
3386 3446
3386 3447
3387 3388
3387 3447
3387 3448
3387 3449
3388 3389
3388 3448
3388 3449
3388 3450
3389 3390
3389 3449
3389 3450
3389 3451
3390 3391
3390 3450
3390 3451
3390 3452
3391 3392
3391 3451
3391 3452
3391 3453
3392 3393
3392 3452
3392 3453
3392 3454
3393 3453
3393 3454
3393 3455
3394 3395
3394 3455
3394 3456
3394 3457
3395 3396
3395 3456
3395 3457
3395 3458
3396 3397
3396 3457
3396 3458
3396 3459
3397 3458
3397 3459
3397 3460
3398 3399
3398 3460
3398 3461
3398 3462
3399 3400
3399 3461
3399 3462
3400 3401
3400 3462
3400 3463
3401 3402
3401 3463
3401 3464
3402 3403
3402 3463
3402 3464
3402 3465
3403 3404
3403 3464
3403 3465
3404 3405
3404 3465
3405 3406
3405 3466
3406 3407
3406 3466
3406 3467
3407 3408
3407 3466
3407 3467
3407 3468
3408 3409
3408 3467
3408 3468
3408 3469
3409 3410
3409 3468
3409 3469
3409 3470
3410 3469
3410 3470
3411 3412
3411 3472
3411 3473
3412 3413
3412 3472
3412 3473
3412 3474
3413 3414
3413 3473
3413 3474
3413 3475
3414 3415
3414 3474
3414 3475
3414 3476
3415 3416
3415 3475
3415 3476
3415 3477
3416 3476
3416 3477
3417 3478
3418 3419
3418 3478
3418 3479
3418 3480
3419 3420
3419 3479
3419 3480
3420 3421
3420 3480
3420 3481
3421 3422
3421 3481
3421 3482
3422 3423
3422 3481
3422 3482
3423 3424
3423 3482
3424 3425
3424 3483
3425 3426
3425 3483
3425 3484
3426 3427
3426 3483
3426 3484
3426 3485
3427 3428
3427 3484
3427 3485
3427 3486
3428 3429
3428 3485
3428 3486
3429 3430
3429 3486
3429 3487
3430 3431
3430 3487
3431 3432
3431 3487
3431 3488
3432 3433
3432 3488
3432 3489
3433 3434
3433 3488
3433 3489
3433 3490
3434 3435
3434 3489
3434 3490
3435 3436
3435 3490
3436 3437
3436 3491
3437 3438
3437 3491
3437 3492
3438 3439
3438 3491
3438 3492
3439 3492
3439 3493
3440 3493
3440 3494
3440 3495
3441 3442
3441 3495
3441 3496
3441 3497
3442 3496
3442 3497
3442 3498
3443 3444
3443 3498
3443 3499
3443 3500
3444 3445
3444 3499
3444 3500
3445 3446
3445 3500
3445 3501
3446 3447
3446 3501
3447 3448
3447 3501
3448 3449
3448 3502
3449 3450
3449 3502
3449 3503
3450 3451
3450 3502
3450 3503
3450 3504
3451 3452
3451 3503
3451 3504
3451 3505
3452 3453
3452 3504
3452 3505
3452 3506
3453 3454
3453 3505
3453 3506
3453 3507
3454 3455
3454 3506
3454 3507
3455 3456
3455 3507
3455 3508
3456 3457
3456 3508
3456 3509
3457 3458
3457 3508
3457 3509
3457 3510
3458 3459
3458 3509
3458 3510
3458 3511
3459 3460
3459 3510
3459 3511
3459 3512
3460 3461
3460 3511
3460 3512
3460 3513
3461 3462
3461 3512
3461 3513
3461 3514
3462 3513
3462 3514
3462 3515
3463 3464
3463 3515
3463 3516
3463 3517
3464 3465
3464 3516
3464 3517
3464 3518
3465 3517
3465 3518
3466 3467
3466 3519
3466 3520
3466 3521
3467 3468
3467 3520
3467 3521
3468 3469
3468 3521
3468 3522
3469 3470
3469 3522
3470 3522
3470 3523
3471 3523
3471 3524
3472 3473
3472 3524
3472 3525
3472 3526
3473 3474
3473 3525
3473 3526
3473 3527
3474 3475
3474 3526
3474 3527
3474 3528
3475 3476
3475 3527
3475 3528
3475 3529
3476 3477
3476 3528
3476 3529
3476 3530
3477 3529
3477 3530
3478 3479
3478 3531
3478 3532
3479 3480
3479 3532
3479 3533
3480 3532
3480 3533
3480 3534
3481 3482
3481 3534
3482 3535
3483 3484
3483 3536
3484 3485
3484 3536
3485 3486
3485 3536
3486 3537
3487 3537
3487 3538
3487 3539
3488 3489
3488 3539
3488 3540
3489 3490
3489 3540
3490 3541
3491 3492
3491 3542
3491 3543
3492 3543
3492 3544
3493 3494
3493 3544
3493 3545
3494 3495
3494 3545
3494 3546
3495 3496
3495 3546
3495 3547
3496 3497
3496 3546
3496 3547
3496 3548
3497 3498
3497 3547
3497 3548
3497 3549
3498 3499
3498 3548
3498 3549
3499 3500
3499 3549
3499 3550
3500 3550
3500 3551
3501 3551
3501 3552
3501 3553
3502 3503
3502 3554
3502 3555
3502 3556
3503 3504
3503 3555
3503 3556
3503 3557
3504 3505
3504 3556
3504 3557
3504 3558
3505 3506
3505 3557
3505 3558
3505 3559
3506 3507
3506 3558
3506 3559
3506 3560
3507 3559
3507 3560
3508 3509
3508 3561
3508 3562
3509 3510
3509 3561
3509 3562
3509 3563
3510 3511
3510 3562
3510 3563
3510 3564
3511 3512
3511 3563
3511 3564
3511 3565
3512 3513
3512 3564
3512 3565
3512 3566
3513 3514
3513 3565
3513 3566
3513 3567
3514 3515
3514 3566
3514 3567
3514 3568
3515 3516
3515 3567
3515 3568
3515 3569
3516 3517
3516 3568
3516 3569
3517 3518
3517 3569
3517 3570
3518 3570
3519 3520
3519 3571
3520 3521
3520 3571
3520 3572
3521 3572
3522 3573
3523 3574
3523 3575
3524 3525
3524 3575
3524 3576
3525 3526
3525 3576
3526 3527
3526 3577
3527 3528
3527 3577
3527 3578
3528 3529
3528 3577
3528 3578
3528 3579
3529 3530
3529 3578
3529 3579
3529 3580
3530 3579
3530 3580
3531 3581
3532 3533
3532 3582
3532 3583
3533 3534
3533 3582
3533 3583
3534 3583
3534 3584
3535 3585
3535 3586
3535 3587
3536 3588
3537 3538
3537 3589
3537 3590
3537 3591
3538 3539
3538 3590
3538 3591
3539 3540
3539 3591
3541 3542
3541 3592
3541 3593
3542 3543
3542 3593
3542 3594
3543 3594
3544 3545
3544 3595
3544 3596
3545 3595
3545 3596
3545 3597
3546 3547
3546 3597
3546 3598
3546 3599
3547 3548
3547 3598
3547 3599
3547 3600
3548 3549
3548 3599
3548 3600
3548 3601
3549 3600
3549 3601
3550 3551
3550 3602
3551 3552
3551 3602
3551 3603
3552 3553
3552 3603
3552 3604
3553 3554
3553 3603
3553 3604
3553 3605
3554 3555
3554 3604
3554 3605
3554 3606
3555 3556
3555 3605
3555 3606
3555 3607
3556 3557
3556 3606
3556 3607
3556 3608
3557 3558
3557 3607
3557 3608
3557 3609
3558 3559
3558 3608
3558 3609
3559 3560
3559 3609
3559 3610
3560 3610
3560 3611
3561 3562
3561 3611
3561 3612
3561 3613
3562 3563
3562 3612
3562 3613
3563 3564
3563 3613
3563 3614
3564 3565
3564 3614
3564 3615
3565 3566
3565 3614
3565 3615
3565 3616
3566 3567
3566 3615
3566 3616
3566 3617
3567 3568
3567 3616
3567 3617
3567 3618
3568 3569
3568 3617
3568 3618
3568 3619
3569 3618
3569 3619
3571 3620
3571 3621
3572 3621
3572 3622
3572 3623
3573 3623
3573 3624
3574 3575
3574 3625
3574 3626
3575 3576
3575 3625
3575 3626
3575 3627
3576 3626
3576 3627
3576 3628
3577 3578
3577 3629
3577 3630
3577 3631
3578 3579
3578 3630
3578 3631
3578 3632
3579 3580
3579 3631
3579 3632
3579 3633
3580 3632
3580 3633
3581 3634
3581 3635
3582 3583
3582 3635
3582 3636
3582 3637
3583 3636
3583 3637
3584 3585
3584 3638
3584 3639
3585 3586
3585 3638
3585 3639
3586 3587
3586 3639
3586 3640
3587 3588
3587 3640
3587 3641
3588 3640
3588 3641
3588 3642
3589 3590
3589 3643
3589 3644
3589 3645
3590 3591
3590 3644
3590 3645
3591 3645
3591 3646
3592 3593
3592 3648
3592 3649
3593 3649
3593 3650
3594 3650
3594 3651
3594 3652
3595 3596
3595 3652
3595 3653
3595 3654
3596 3597
3596 3653
3596 3654
3596 3655
3597 3598
3597 3654
3597 3655
3597 3656
3598 3599
3598 3655
3598 3656
3598 3657
3599 3600
3599 3656
3599 3657
3600 3601
3600 3657
3600 3658
3601 3658
3601 3659
3602 3659
3602 3660
3602 3661
3603 3604
3603 3661
3603 3662
3603 3663
3604 3605
3604 3662
3604 3663
3604 3664
3605 3606
3605 3663
3605 3664
3605 3665
3606 3607
3606 3664
3606 3665
3606 3666
3607 3608
3607 3665
3607 3666
3607 3667
3608 3609
3608 3666
3608 3667
3609 3667
3609 3668
3610 3611
3610 3668
3610 3669
3610 3670
3611 3612
3611 3669
3611 3670
3611 3671
3612 3613
3612 3670
3612 3671
3612 3672
3613 3671
3613 3672
3613 3673
3614 3615
3614 3673
3614 3674
3614 3675
3615 3616
3615 3674
3615 3675
3615 3676
3616 3617
3616 3675
3616 3676
3617 3618
3617 3676
3617 3677
3618 3619
3618 3677
3618 3678
3619 3677
3619 3678
3620 3621
3620 3680
3620 3681
3620 3682
3621 3622
3621 3681
3621 3682
3621 3683
3622 3623
3622 3682
3622 3683
3622 3684
3623 3624
3623 3683
3623 3684
3623 3685
3624 3684
3624 3685
3624 3686
3625 3626
3625 3686
3625 3687
3625 3688
3626 3627
3626 3687
3626 3688
3626 3689
3627 3628
3627 3688
3627 3689
3627 3690
3628 3629
3628 3689
3628 3690
3628 3691
3629 3630
3629 3690
3629 3691
3629 3692
3630 3631
3630 3691
3630 3692
3630 3693
3631 3632
3631 3692
3631 3693
3631 3694
3632 3633
3632 3693
3632 3694
3632 3695
3633 3694
3633 3695
3634 3635
3634 3696
3634 3697
3635 3636
3635 3696
3635 3697
3635 3698
3636 3637
3636 3697
3636 3698
3636 3699
3637 3698
3637 3699
3637 3700
3638 3639
3638 3700
3638 3701
3638 3702
3639 3701
3639 3702
3640 3641
3640 3703
3641 3642
3641 3703
3641 3704
3642 3643
3642 3703
3642 3704
3643 3644
3643 3704
3643 3705
3644 3645
3644 3705
3645 3705
3646 3647
3646 3706
3646 3707
3647 3648
3647 3706
3647 3707
3648 3649
3648 3707
3650 3651
3650 3708
3650 3709
3651 3652
3651 3708
3651 3709
3651 3710
3652 3653
3652 3709
3652 3710
3652 3711
3653 3654
3653 3710
3653 3711
3653 3712
3654 3655
3654 3711
3654 3712
3654 3713
3655 3656
3655 3712
3655 3713
3655 3714
3656 3657
3656 3713
3656 3714
3657 3714
3658 3659
3658 3715
3658 3716
3659 3660
3659 3715
3659 3716
3659 3717
3660 3661
3660 3716
3660 3717
3661 3662
3661 3717
3661 3718
3662 3663
3662 3718
3662 3719
3663 3664
3663 3718
3663 3719
3664 3665
3664 3719
3664 3720
3665 3666
3665 3720
3666 3667
3666 3720
3666 3721
3667 3721
3667 3722
3668 3669
3668 3722
3668 3723
3668 3724
3669 3670
3669 3723
3669 3724
3669 3725
3670 3671
3670 3724
3670 3725
3670 3726
3671 3672
3671 3725
3671 3726
3671 3727
3672 3673
3672 3726
3672 3727
3672 3728
3673 3674
3673 3727
3673 3728
3673 3729
3674 3675
3674 3728
3674 3729
3674 3730
3675 3676
3675 3729
3675 3730
3675 3731
3676 3730
3676 3731
3677 3678
3677 3732
3677 3733
3678 3732
3678 3733
3678 3734
3679 3680
3679 3734
3679 3735
3679 3736
3680 3681
3680 3735
3680 3736
3680 3737
3681 3682
3681 3736
3681 3737
3682 3683
3682 3737
3682 3738
3683 3684
3683 3738
3683 3739
3684 3685
3684 3738
3684 3739
3684 3740
3685 3686
3685 3739
3685 3740
3685 3741
3686 3687
3686 3740
3686 3741
3687 3688
3687 3741
3687 3742
3688 3689
3688 3742
3688 3743
3689 3690
3689 3742
3689 3743
3689 3744
3690 3691
3690 3743
3690 3744
3690 3745
3691 3692
3691 3744
3691 3745
3691 3746
3692 3693
3692 3745
3692 3746
3692 3747
3693 3694
3693 3746
3693 3747
3693 3748
3694 3695
3694 3747
3694 3748
3694 3749
3695 3748
3695 3749
3696 3697
3696 3750
3696 3751
3697 3698
3697 3750
3697 3751
3697 3752
3698 3699
3698 3751
3698 3752
3698 3753
3699 3700
3699 3752
3699 3753
3699 3754
3700 3701
3700 3753
3700 3754
3700 3755
3701 3702
3701 3754
3701 3755
3701 3756
3702 3755
3702 3756
3703 3704
3703 3757
3703 3758
3704 3758
3704 3759
3705 3759
3705 3760
3705 3761
3706 3707
3706 3762
3706 3763
3706 3764
3707 3763
3707 3764
3707 3765
3708 3709
3708 3767
3708 3768
3708 3769
3709 3710
3709 3768
3709 3769
3709 3770
3710 3711
3710 3769
3710 3770
3710 3771
3711 3712
3711 3770
3711 3771
3711 3772
3712 3713
3712 3771
3712 3772
3712 3773
3713 3714
3713 3772
3713 3773
3713 3774
3714 3773
3714 3774
3715 3716
3715 3775
3715 3776
3715 3777
3716 3717
3716 3776
3716 3777
3716 3778
3717 3777
3717 3778
3717 3779
3718 3719
3718 3779
3718 3780
3718 3781
3719 3780
3719 3781
3719 3782
3720 3782
3720 3783
3721 3722
3721 3783
3721 3784
3721 3785
3722 3723
3722 3784
3722 3785
3722 3786
3723 3724
3723 3785
3723 3786
3723 3787
3724 3725
3724 3786
3724 3787
3724 3788
3725 3726
3725 3787
3725 3788
3726 3727
3726 3788
3726 3789
3727 3728
3727 3789
3727 3790
3728 3729
3728 3789
3728 3790
3729 3730
3729 3790
3729 3791
3730 3731
3730 3791
3730 3792
3731 3791
3731 3792
3731 3793
3732 3733
3732 3793
3732 3794
3732 3795
3733 3734
3733 3794
3733 3795
3734 3735
3734 3795
3734 3796
3735 3736
3735 3796
3735 3797
3736 3737
3736 3796
3736 3797
3736 3798
3737 3797
3737 3798
3737 3799
3738 3739
3738 3799
3738 3800
3738 3801
3739 3740
3739 3800
3739 3801
3739 3802
3740 3741
3740 3801
3740 3802
3740 3803
3741 3802
3741 3803
3742 3743
3742 3804
3742 3805
3743 3744
3743 3804
3743 3805
3743 3806
3744 3745
3744 3805
3744 3806
3744 3807
3745 3746
3745 3806
3745 3807
3745 3808
3746 3747
3746 3807
3746 3808
3746 3809
3747 3748
3747 3808
3747 3809
3747 3810
3748 3749
3748 3809
3748 3810
3748 3811
3749 3810
3749 3811
3750 3751
3750 3812
3750 3813
3751 3752
3751 3812
3751 3813
3751 3814
3752 3753
3752 3813
3752 3814
3752 3815
3753 3754
3753 3814
3753 3815
3753 3816
3754 3755
3754 3815
3754 3816
3755 3756
3755 3816
3755 3817
3756 3817
3756 3818
3757 3758
3757 3818
3758 3819
3759 3760
3759 3819
3759 3820
3760 3761
3760 3820
3760 3821
3761 3762
3761 3820
3761 3821
3761 3822
3762 3763
3762 3821
3762 3822
3762 3823
3763 3764
3763 3822
3763 3823
3763 3824
3764 3765
3764 3823
3764 3824
3765 3766
3765 3824
3765 3825
3766 3767
3766 3825
3766 3826
3767 3768
3767 3825
3767 3826
3768 3769
3768 3826
3768 3827
3769 3770
3769 3827
3769 3828
3770 3771
3770 3827
3770 3828
3770 3829
3771 3772
3771 3828
3771 3829
3771 3830
3772 3773
3772 3829
3772 3830
3773 3774
3773 3830
3773 3831
3774 3831
3774 3832
3775 3776
3775 3832
3776 3777
3776 3833
3777 3778
3777 3833
3777 3834
3778 3779
3778 3833
3778 3834
3778 3835
3779 3780
3779 3834
3779 3835
3779 3836
3780 3781
3780 3835
3780 3836
3780 3837
3781 3782
3781 3836
3781 3837
3781 3838
3782 3837
3782 3838
3782 3839
3783 3784
3783 3839
3783 3840
3783 3841
3784 3785
3784 3840
3784 3841
3785 3786
3785 3841
3786 3787
3786 3842
3787 3788
3787 3842
3787 3843
3788 3842
3788 3843
3788 3844
3789 3790
3789 3844
3789 3845
3790 3845
3790 3846
3791 3792
3791 3846
3791 3847
3791 3848
3792 3793
3792 3847
3792 3848
3792 3849
3793 3794
3793 3848
3793 3849
3794 3795
3794 3849
3794 3850
3795 3850
3795 3851
3796 3797
3796 3851
3796 3852
3796 3853
3797 3798
3797 3852
3797 3853
3797 3854
3798 3799
3798 3853
3798 3854
3798 3855
3799 3800
3799 3854
3799 3855
3799 3856
3800 3801
3800 3855
3800 3856
3800 3857
3801 3802
3801 3856
3801 3857
3802 3803
3802 3857
3802 3858
3803 3858
3803 3859
3804 3805
3804 3859
3804 3860
3804 3861
3805 3806
3805 3860
3805 3861
3806 3807
3806 3861
3806 3862
3807 3808
3807 3862
3807 3863
3808 3809
3808 3862
3808 3863
3808 3864
3809 3810
3809 3863
3809 3864
3809 3865
3810 3811
3810 3864
3810 3865
3810 3866
3811 3865
3811 3866
3812 3813
3812 3867
3812 3868
3813 3814
3813 3867
3813 3868
3813 3869
3814 3815
3814 3868
3814 3869
3815 3816
3815 3869
3815 3870
3816 3870
3816 3871
3817 3818
3817 3871
3817 3872
3817 3873
3818 3872
3818 3873
3818 3874
3819 3875
3819 3876
3820 3821
3820 3876
3820 3877
3821 3822
3821 3877
3821 3878
3822 3823
3822 3877
3822 3878
3822 3879
3823 3824
3823 3878
3823 3879
3824 3879
3824 3880
3825 3826
3825 3880
3825 3881
3825 3882
3826 3881
3826 3882
3827 3828
3827 3883
3827 3884
3828 3829
3828 3883
3828 3884
3828 3885
3829 3830
3829 3884
3829 3885
3829 3886
3830 3885
3830 3886
3831 3832
3831 3887
3832 3887
3832 3888
3833 3834
3833 3889
3833 3890
3834 3835
3834 3890
3834 3891
3835 3836
3835 3891
3835 3892
3836 3837
3836 3891
3836 3892
3836 3893
3837 3838
3837 3892
3837 3893
3837 3894
3838 3839
3838 3893
3838 3894
3838 3895
3839 3840
3839 3894
3839 3895
3839 3896
3840 3841
3840 3895
3840 3896
3840 3897
3841 3896
3841 3897
3841 3898
3842 3843
3842 3899
3842 3900
3843 3844
3843 3899
3843 3900
3844 3845
3844 3900
3846 3847
3846 3901
3846 3902
3847 3848
3847 3901
3847 3902
3848 3849
3848 3902
3848 3903
3849 3903
3850 3851
3850 3904
3850 3905
3851 3852
3851 3904
3851 3905
3852 3853
3852 3905
3852 3906
3853 3854
3853 3906
3853 3907
3854 3855
3854 3906
3854 3907
3855 3856
3855 3907
3855 3908
3856 3857
3856 3908
3856 3909
3857 3908
3857 3909
3857 3910
3858 3859
3858 3910
3858 3911
3858 3912
3859 3860
3859 3911
3859 3912
3859 3913
3860 3861
3860 3912
3860 3913
3860 3914
3861 3913
3861 3914
3862 3863
3862 3915
3862 3916
3863 3864
3863 3915
3863 3916
3863 3917
3864 3865
3864 3916
3864 3917
3864 3918
3865 3866
3865 3917
3865 3918
3865 3919
3866 3918
3866 3919
3867 3868
3868 3869
3870 3871
3871 3872
3872 3873
3873 3874
3875 3876
3877 3878
3878 3879
3880 3881
3881 3882
3883 3884
3884 3885
3885 3886
3887 3888
3888 3889
3889 3890
3891 3892
3892 3893
3893 3894
3894 3895
3895 3896
3896 3897
3897 3898
3899 3900
3901 3902
3904 3905
3906 3907
3908 3909
3909 3910
3910 3911
3911 3912
3912 3913
3913 3914
3915 3916
3916 3917
3917 3918
3918 3919
