# FromNodeId	ToNodeId
0 1
0 54
0 55
1 54
1 55
1 56
2 56
2 57
2 58
3 58
3 59
3 60
4 5
4 60
4 61
5 6
5 61
5 62
6 7
6 61
6 62
6 63
7 8
7 62
7 63
8 9
8 63
10 11
10 64
10 65
11 12
11 64
11 65
11 66
12 13
12 65
12 66
13 14
13 66
13 67
14 15
14 67
14 68
15 67
15 68
15 69
16 17
16 69
16 70
16 71
17 18
17 70
17 71
17 72
18 19
18 71
18 72
18 73
19 72
19 73
19 74
20 21
20 74
20 75
20 76
21 22
21 75
21 76
21 77
22 23
22 76
22 77
22 78
23 24
23 77
23 78
23 79
24 78
24 79
24 80
25 81
25 82
25 83
26 27
26 83
26 84
26 85
27 28
27 84
27 85
28 29
28 85
28 86
29 86
29 87
30 87
30 88
31 32
31 89
31 90
32 33
32 89
32 90
32 91
33 34
33 90
33 91
34 91
35 36
35 92
36 37
36 92
36 93
37 38
37 93
37 94
38 93
38 94
38 95
39 40
39 95
39 96
39 97
40 41
40 96
40 97
40 98
41 42
41 97
41 98
41 99
42 43
42 98
42 99
42 100
43 99
43 100
43 101
44 45
44 101
44 102
45 102
45 103
46 103
46 104
46 105
47 48
47 105
47 106
48 49
48 106
48 107
49 50
49 106
49 107
49 108
50 51
50 107
50 108
51 52
51 108
51 109
52 53
52 109
52 110
53 109
53 110
54 55
54 111
54 112
55 56
55 111
55 112
55 113
56 57
56 112
56 113
57 58
57 113
58 59
58 114
59 60
59 114
59 115
60 114
60 115
60 116
61 62
61 116
61 117
62 63
62 117
62 118
63 117
63 118
63 119
64 65
64 121
64 122
65 66
65 122
65 123
66 122
66 123
66 124
67 68
67 124
67 125
68 69
68 125
69 70
69 125
69 126
70 71
70 126
70 127
71 72
71 126
71 127
72 73
72 127
73 74
73 128
74 75
74 128
74 129
75 76
75 128
75 129
76 77
76 129
76 130
77 78
77 130
77 131
78 79
78 130
78 131
78 132
79 80
79 131
79 132
80 81
80 132
81 82
81 133
82 83
82 133
83 84
83 133
84 85
84 134
85 134
85 135
86 87
86 135
86 136
87 88
87 136
88 136
88 137
89 90
89 137
89 138
90 91
90 138
90 139
91 139
92 140
92 141
92 142
93 94
93 142
93 143
93 144
94 95
94 143
94 144
94 145
95 96
95 144
95 145
95 146
96 97
96 145
96 146
96 147
97 98
97 146
97 147
98 99
98 147
98 148
99 100
99 148
99 149
100 101
100 148
100 149
100 150
101 149
101 150
102 103
102 151
103 104
103 151
103 152
104 105
104 152
104 153
105 152
105 153
105 154
106 107
106 154
106 155
107 108
107 155
107 156
108 155
108 156
108 157
109 110
109 157
109 158
110 158
111 112
111 159
111 160
112 113
112 159
112 160
112 161
113 160
113 161
113 162
114 115
114 163
115 116
115 163
115 164
116 163
116 164
117 118
117 165
117 166
118 119
118 165
118 166
119 120
119 166
119 167
120 121
120 167
120 168
121 167
121 168
122 123
122 169
122 170
123 124
123 169
123 170
124 170
124 171
125 171
125 172
125 173
126 127
126 173
126 174
126 175
127 174
127 175
128 129
128 176
128 177
129 177
129 178
130 131
130 178
130 179
130 180
131 132
131 179
131 180
131 181
132 180
132 181
132 182
133 183
133 184
133 185
134 135
134 186
134 187
134 188
135 187
135 188
135 189
136 189
136 190
136 191
137 138
137 191
137 192
138 192
138 193
139 193
139 194
139 195
140 141
140 195
140 196
141 142
141 196
141 197
142 143
142 196
142 197
142 198
143 144
143 197
143 198
143 199
144 145
144 198
144 199
144 200
145 146
145 199
145 200
145 201
146 147
146 200
146 201
146 202
147 201
147 202
147 203
148 149
148 203
148 204
149 150
149 204
149 205
150 205
150 206
151 206
151 207
151 208
152 153
152 208
152 209
153 154
153 209
153 210
154 209
154 210
154 211
155 156
155 211
155 212
155 213
156 157
156 212
156 213
156 214
157 213
157 214
157 215
158 215
158 216
159 160
159 217
159 218
160 161
160 217
160 218
160 219
161 162
161 218
161 219
161 220
162 219
162 220
162 221
163 164
163 222
163 223
164 223
164 224
165 166
165 224
165 225
165 226
166 225
166 226
166 227
167 168
167 227
167 228
168 228
168 229
169 170
169 229
169 230
169 231
170 230
170 231
170 232
171 172
171 232
171 233
171 234
172 173
172 233
172 234
173 174
173 234
173 235
174 175
174 235
174 236
175 235
175 236
176 177
176 237
176 238
177 237
177 238
177 239
178 179
178 239
178 240
178 241
179 180
179 240
179 241
179 242
180 181
180 241
180 242
180 243
181 182
181 242
181 243
181 244
182 183
182 243
182 244
183 184
183 244
183 245
184 185
184 245
184 246
185 186
185 245
185 246
186 187
186 246
186 247
187 188
187 247
187 248
188 189
188 247
188 248
188 249
189 190
189 248
189 249
189 250
190 191
190 249
190 250
190 251
191 192
191 250
191 251
191 252
192 251
192 252
193 194
193 253
193 254
194 195
194 253
194 254
194 255
195 254
195 255
195 256
196 197
196 256
196 257
196 258
197 198
197 257
197 258
198 199
198 258
198 259
199 200
199 259
199 260
200 201
200 259
200 260
200 261
201 202
201 260
201 261
201 262
202 203
202 261
202 262
202 263
203 204
203 262
203 263
203 264
204 263
204 264
204 265
205 206
205 265
205 266
205 267
206 207
206 266
206 267
207 208
207 267
207 268
208 268
208 269
209 210
209 269
209 270
209 271
210 211
210 270
210 271
210 272
211 212
211 271
211 272
211 273
212 213
212 272
212 273
212 274
213 214
213 273
213 274
213 275
214 215
214 274
214 275
215 216
215 275
215 276
216 276
217 218
217 277
217 278
218 219
218 277
218 278
218 279
219 220
219 278
219 279
219 280
220 221
220 279
220 280
220 281
221 222
221 280
221 281
221 282
222 281
222 282
222 283
223 224
223 283
223 284
223 285
224 225
224 284
224 285
224 286
225 226
225 285
225 286
225 287
226 227
226 286
226 287
226 288
227 287
227 288
227 289
228 229
228 289
228 290
228 291
229 230
229 290
229 291
229 292
230 231
230 291
230 292
230 293
231 232
231 292
231 293
231 294
232 233
232 293
232 294
232 295
233 234
233 294
233 295
233 296
234 295
234 296
234 297
235 236
235 297
235 298
235 299
236 298
236 299
236 300
237 238
237 300
237 301
238 239
238 301
238 302
239 240
239 302
239 303
240 241
240 302
240 303
240 304
241 242
241 303
241 304
241 305
242 243
242 304
242 305
242 306
243 244
243 305
243 306
244 306
244 307
245 246
245 307
245 308
245 309
246 308
246 309
246 310
247 248
247 310
247 311
248 249
248 311
249 250
249 311
249 312
250 251
250 312
250 313
251 252
251 312
251 313
251 314
252 313
252 314
253 254
253 315
253 316
254 255
254 315
254 316
254 317
255 256
255 316
255 317
255 318
256 257
256 317
256 318
256 319
257 258
257 318
257 319
257 320
258 319
258 320
258 321
259 260
259 321
259 322
260 261
260 322
260 323
261 262
261 322
261 323
261 324
262 263
262 323
262 324
262 325
263 264
263 324
263 325
263 326
264 265
264 325
264 326
264 327
265 266
265 326
265 327
265 328
266 267
266 327
266 328
266 329
267 328
267 329
267 330
268 269
268 330
268 331
269 270
269 331
270 271
270 332
271 272
271 332
271 333
272 273
272 332
272 333
272 334
273 274
273 333
273 334
273 335
274 275
274 334
274 335
274 336
275 335
275 336
275 337
276 337
277 278
277 338
277 339
278 279
278 338
278 339
278 340
279 280
279 339
279 340
279 341
280 281
280 340
280 341
280 342
281 282
281 341
281 342
281 343
282 283
282 342
282 343
283 284
283 343
283 344
284 285
284 344
285 286
285 344
285 345
286 287
286 345
286 346
287 288
287 345
287 346
287 347
288 289
288 346
288 347
288 348
289 290
289 347
289 348
289 349
290 291
290 348
290 349
290 350
291 292
291 349
291 350
291 351
292 293
292 350
292 351
292 352
293 294
293 351
293 352
293 353
294 295
294 352
294 353
294 354
295 296
295 353
295 354
295 355
296 297
296 354
296 355
297 298
297 355
297 356
298 299
298 356
298 357
299 300
299 356
299 357
299 358
300 301
300 357
300 358
300 359
301 358
301 359
302 303
302 360
302 361
303 304
303 360
303 361
304 305
304 361
304 362
305 306
305 362
306 362
306 363
307 308
307 363
307 364
307 365
308 309
308 364
308 365
309 310
309 365
309 366
310 366
310 367
311 367
311 368
312 313
312 368
312 369
312 370
313 314
313 369
313 370
313 371
314 370
314 371
314 372
315 316
315 372
315 373
316 317
316 373
317 318
318 319
318 374
319 320
319 374
319 375
320 321
320 374
320 375
320 376
321 375
321 376
322 323
322 377
323 324
323 377
323 378
324 325
324 377
324 378
325 326
325 378
325 379
326 327
326 379
326 380
327 328
327 379
327 380
327 381
328 329
328 380
328 381
328 382
329 330
329 381
329 382
329 383
330 331
330 382
330 383
330 384
331 383
331 384
331 385
332 333
332 386
332 387
332 388
333 334
333 387
333 388
333 389
334 335
334 388
334 389
334 390
335 336
335 389
335 390
336 337
336 390
336 391
337 391
337 392
338 339
338 393
338 394
339 340
339 393
339 394
339 395
340 341
340 394
340 395
341 342
341 395
341 396
342 343
342 396
343 396
344 397
345 346
345 397
345 398
345 399
346 347
346 398
346 399
346 400
347 348
347 399
347 400
347 401
348 349
348 400
348 401
349 350
349 401
349 402
350 351
350 402
351 352
351 402
351 403
352 353
352 403
352 404
353 354
353 403
353 404
353 405
354 355
354 404
354 405
354 406
355 405
355 406
355 407
356 357
356 407
356 408
356 409
357 358
357 408
357 409
357 410
358 359
358 409
358 410
359 410
360 361
360 411
360 412
361 411
361 412
361 413
362 413
362 414
362 415
363 364
363 415
364 365
364 416
365 416
365 417
366 367
366 417
366 418
366 419
367 418
367 419
367 420
368 369
368 420
368 421
368 422
369 370
369 421
369 422
369 423
370 371
370 422
370 423
371 372
371 423
372 373
372 424
373 424
373 425
374 375
374 427
374 428
374 429
375 376
375 428
375 429
375 430
376 429
376 430
376 431
377 378
377 432
377 433
377 434
378 433
378 434
378 435
379 380
379 435
379 436
380 381
380 436
380 437
381 382
381 436
381 437
381 438
382 383
382 437
382 438
382 439
383 384
383 438
383 439
383 440
384 385
384 439
384 440
385 386
385 440
385 441
386 387
386 441
386 442
387 388
387 441
387 442
387 443
388 389
388 442
388 443
388 444
389 390
389 443
389 444
389 445
390 444
390 445
390 446
391 392
391 446
391 447
391 448
392 447
392 448
393 394
393 449
394 395
394 449
394 450
395 449
395 450
395 451
396 451
396 452
397 398
397 454
397 455
397 456
398 399
398 455
398 456
398 457
399 400
399 456
399 457
400 401
400 457
400 458
401 458
401 459
402 459
403 404
403 460
403 461
404 405
404 460
404 461
404 462
405 406
405 461
405 462
405 463
406 407
406 462
406 463
406 464
407 408
407 463
407 464
407 465
408 409
408 464
408 465
408 466
409 410
409 465
409 466
409 467
410 466
410 467
410 468
411 412
411 469
412 413
412 470
413 414
413 470
413 471
414 415
414 470
414 471
414 472
415 471
415 472
415 473
416 417
416 474
416 475
416 476
417 418
417 475
417 476
417 477
418 419
418 476
418 477
418 478
419 420
419 477
419 478
420 421
420 478
420 479
421 422
421 479
421 480
422 423
422 479
422 480
422 481
423 480
423 481
423 482
424 425
424 483
424 484
425 426
425 484
425 485
426 427
426 484
426 485
426 486
427 428
427 485
427 486
427 487
428 429
428 486
428 487
428 488
429 430
429 487
429 488
429 489
430 431
430 488
430 489
430 490
431 432
431 489
431 490
431 491
432 433
432 490
432 491
432 492
433 434
433 491
433 492
434 435
434 492
434 493
435 493
436 437
436 494
436 495
437 438
437 494
437 495
437 496
438 439
438 495
438 496
438 497
439 440
439 496
439 497
440 497
440 498
441 442
441 498
441 499
441 500
442 443
442 499
442 500
442 501
443 444
443 500
443 501
443 502
444 445
444 501
444 502
444 503
445 446
445 502
445 503
445 504
446 447
446 503
446 504
447 448
447 504
447 505
448 505
449 450
449 506
449 507
449 508
450 451
450 507
450 508
450 509
451 508
451 509
451 510
452 453
452 510
452 511
453 454
453 511
453 512
454 455
454 511
454 512
454 513
455 456
455 512
455 513
455 514
456 457
456 513
456 514
457 514
457 515
458 459
458 515
458 516
459 516
460 461
460 517
460 518
461 462
461 517
461 518
461 519
462 463
462 518
462 519
462 520
463 464
463 519
463 520
463 521
464 465
464 520
464 521
465 466
465 521
465 522
466 467
466 522
466 523
467 468
467 522
467 523
468 469
468 523
468 524
469 524
469 525
470 471
470 526
470 527
471 472
471 527
471 528
472 473
472 528
473 474
473 528
473 529
474 475
474 529
474 530
475 476
475 529
475 530
475 531
476 477
476 530
476 531
476 532
477 478
477 531
477 532
477 533
478 532
478 533
478 534
479 480
479 534
480 481
480 535
481 482
481 535
481 536
482 483
482 535
482 536
483 536
483 537
484 485
484 537
484 538
484 539
485 486
485 538
485 539
485 540
486 487
486 539
486 540
486 541
487 488
487 540
487 541
487 542
488 489
488 541
488 542
488 543
489 490
489 542
489 543
489 544
490 491
490 543
490 544
490 545
491 492
491 544
491 545
491 546
492 545
492 546
492 547
493 547
493 548
494 495
494 549
494 550
495 496
495 549
495 550
495 551
496 497
496 550
496 551
497 551
497 552
498 499
498 552
498 553
498 554
499 500
499 553
499 554
499 555
500 501
500 554
500 555
500 556
501 502
501 555
501 556
501 557
502 503
502 556
502 557
502 558
503 504
503 557
503 558
503 559
504 558
504 559
504 560
505 560
505 561
506 507
506 562
506 563
507 508
507 562
507 563
508 509
508 563
508 564
509 510
509 564
509 565
510 564
510 565
510 566
511 512
511 566
511 567
511 568
512 513
512 567
512 568
512 569
513 514
513 568
513 569
513 570
514 569
514 570
514 571
515 516
515 571
515 572
516 572
516 573
517 518
517 575
517 576
517 577
518 519
518 576
518 577
518 578
519 520
519 577
519 578
519 579
520 521
520 578
520 579
520 580
521 579
521 580
522 523
522 581
522 582
523 581
523 582
524 525
524 583
524 584
525 526
525 583
525 584
525 585
526 527
526 584
526 585
526 586
527 585
527 586
528 587
529 530
529 587
529 588
530 531
530 588
530 589
531 532
531 589
531 590
532 533
532 589
532 590
533 534
533 590
533 591
534 591
534 592
535 536
535 593
535 594
535 595
536 594
536 595
536 596
537 538
537 596
537 597
537 598
538 539
538 597
538 598
538 599
539 540
539 598
539 599
539 600
540 541
540 599
540 600
540 601
541 542
541 600
541 601
541 602
542 543
542 601
542 602
542 603
543 544
543 602
543 603
543 604
544 545
544 603
544 604
545 546
545 604
545 605
546 547
546 605
546 606
547 548
547 605
547 606
547 607
548 606
548 607
548 608
549 550
549 608
549 609
549 610
550 551
550 609
550 610
551 610
552 553
552 611
553 554
553 611
553 612
554 555
554 612
554 613
555 556
555 612
555 613
555 614
556 557
556 613
556 614
556 615
557 558
557 614
557 615
558 559
558 615
558 616
559 560
559 616
559 617
560 561
560 616
560 617
560 618
561 617
561 618
562 563
562 619
562 620
563 619
563 620
564 565
564 621
564 622
565 566
565 621
565 622
565 623
566 567
566 622
566 623
566 624
567 568
567 623
567 624
567 625
568 569
568 624
568 625
568 626
569 570
569 625
569 626
570 571
570 626
570 627
571 627
571 628
572 573
572 628
572 629
573 574
573 629
574 575
574 630
575 576
575 630
575 631
576 577
576 630
576 631
576 632
577 578
577 631
577 632
577 633
578 579
578 632
578 633
578 634
579 580
579 633
579 634
580 634
580 635
581 582
581 635
581 636
581 637
582 636
582 637
582 638
583 584
583 638
583 639
583 640
584 585
584 639
584 640
584 641
585 586
585 640
585 641
586 641
586 642
587 588
587 643
587 644
588 644
588 645
589 590
589 645
589 646
590 646
591 592
592 593
592 647
593 594
593 647
593 648
594 595
594 647
594 648
594 649
595 596
595 648
595 649
596 597
596 649
596 650
597 598
597 650
597 651
598 599
598 650
598 651
598 652
599 600
599 651
599 652
600 601
600 652
600 653
601 602
601 653
601 654
602 603
602 653
602 654
603 604
603 654
603 655
604 655
604 656
605 606
605 656
605 657
605 658
606 607
606 657
606 658
606 659
607 608
607 658
607 659
607 660
608 609
608 659
608 660
608 661
609 610
609 660
609 661
609 662
610 661
610 662
610 663
611 664
611 665
612 613
612 665
612 666
612 667
613 614
613 666
613 667
613 668
614 615
614 667
614 668
614 669
615 668
615 669
615 670
616 617
616 670
616 671
616 672
617 618
617 671
617 672
617 673
618 672
618 673
619 620
619 674
620 674
620 675
621 622
621 675
621 676
621 677
622 623
622 676
622 677
622 678
623 624
623 677
623 678
623 679
624 625
624 678
624 679
624 680
625 626
625 679
625 680
625 681
626 680
626 681
626 682
627 628
627 682
627 683
628 629
628 683
628 684
629 683
629 684
629 685
630 631
630 686
630 687
631 632
631 686
631 687
632 633
632 687
632 688
633 634
633 688
633 689
634 688
634 689
635 636
635 690
635 691
636 637
636 690
636 691
637 638
637 691
637 692
638 639
638 692
638 693
639 640
639 692
639 693
639 694
640 641
640 693
640 694
641 694
641 695
642 643
642 695
642 696
642 697
643 696
643 697
644 645
644 698
644 699
645 698
645 699
646 700
646 701
647 648
647 703
647 704
648 649
648 704
649 704
649 705
650 651
650 705
650 706
650 707
651 652
651 706
651 707
651 708
652 707
652 708
653 654
653 709
653 710
654 709
654 710
654 711
655 656
655 711
655 712
655 713
656 657
656 712
656 713
656 714
657 658
657 713
657 714
658 659
658 714
658 715
659 660
659 715
659 716
660 661
660 715
660 716
660 717
661 662
661 716
661 717
661 718
662 663
662 717
662 718
662 719
663 664
663 718
663 719
663 720
664 719
664 720
664 721
665 666
665 721
665 722
665 723
666 667
666 722
666 723
666 724
667 668
667 723
667 724
668 669
668 724
668 725
669 670
669 725
669 726
670 671
670 725
670 726
670 727
671 672
671 726
671 727
672 673
672 727
672 728
673 728
674 729
675 676
675 730
675 731
676 677
676 730
676 731
677 678
677 731
677 732
678 679
678 732
678 733
679 680
679 732
679 733
679 734
680 681
680 733
680 734
680 735
681 682
681 734
681 735
681 736
682 735
682 736
682 737
683 684
683 737
683 738
683 739
684 685
684 738
684 739
684 740
685 739
685 740
685 741
686 687
686 741
686 742
687 742
687 743
688 689
688 743
688 744
688 745
689 744
689 745
689 746
690 691
690 746
690 747
691 747
692 693
692 748
693 694
693 748
693 749
694 749
694 750
695 696
695 750
695 751
695 752
696 697
696 751
696 752
696 753
697 752
697 753
698 699
698 754
698 755
699 754
699 755
699 756
700 701
700 756
700 757
701 702
701 757
701 758
702 703
702 758
702 759
703 758
703 759
703 760
704 760
704 761
704 762
705 706
705 762
705 763
706 707
706 763
706 764
707 708
707 764
708 764
708 765
709 710
709 765
709 766
709 767
710 711
710 766
710 767
710 768
711 712
711 767
711 768
712 713
712 768
712 769
713 714
713 769
713 770
714 769
714 770
714 771
715 716
715 771
715 772
715 773
716 717
716 772
716 773
717 718
717 773
717 774
718 719
718 774
718 775
719 720
719 774
719 775
719 776
720 721
720 775
720 776
720 777
721 722
721 776
721 777
721 778
722 723
722 777
722 778
722 779
723 724
723 778
723 779
723 780
724 779
724 780
724 781
725 726
725 781
725 782
726 727
726 782
727 782
727 783
728 783
728 784
729 785
729 786
730 731
730 786
730 787
730 788
731 787
731 788
732 733
732 789
732 790
733 734
733 789
733 790
733 791
734 735
734 790
734 791
735 736
735 791
736 737
737 738
737 792
738 739
738 792
739 740
739 792
739 793
740 741
740 793
740 794
741 793
741 794
741 795
742 743
742 795
742 796
742 797
743 744
743 796
743 797
743 798
744 745
744 797
744 798
744 799
745 746
745 798
745 799
745 800
746 747
746 799
746 800
746 801
747 800
747 801
747 802
748 803
748 804
749 750
749 804
749 805
749 806
750 751
750 805
750 806
750 807
751 752
751 806
751 807
751 808
752 753
752 807
752 808
752 809
753 808
753 809
753 810
754 755
754 810
754 811
754 812
755 756
755 811
755 812
756 757
756 812
756 813
757 813
758 759
758 814
758 815
759 760
759 814
759 815
759 816
760 761
760 815
760 816
760 817
761 762
761 816
761 817
762 763
762 817
762 818
763 818
763 819
764 819
764 820
764 821
765 766
765 821
765 822
766 767
766 822
766 823
767 768
767 823
767 824
768 823
768 824
768 825
769 770
769 825
769 826
770 771
770 826
770 827
771 772
771 827
771 828
772 773
772 827
772 828
773 828
773 829
774 775
774 829
775 776
775 830
776 777
776 830
776 831
777 778
777 830
777 831
777 832
778 779
778 831
778 832
778 833
779 780
779 832
779 833
779 834
780 781
780 833
780 834
780 835
781 834
781 835
781 836
782 836
782 837
782 838
783 784
783 838
783 839
784 839
785 786
785 840
785 841
786 787
786 840
786 841
786 842
787 788
787 841
787 842
787 843
788 842
788 843
788 844
789 790
789 844
789 845
789 846
790 791
790 845
790 846
790 847
791 846
791 847
792 849
793 794
793 850
793 851
794 795
794 850
794 851
794 852
795 796
795 851
795 852
795 853
796 797
796 852
796 853
796 854
797 798
797 853
797 854
797 855
798 799
798 854
798 855
798 856
799 800
799 855
799 856
799 857
800 801
800 856
800 857
800 858
801 802
801 857
801 858
801 859
802 858
802 859
802 860
803 804
803 860
803 861
804 805
804 861
804 862
805 806
805 861
805 862
805 863
806 807
806 862
806 863
806 864
807 808
807 863
807 864
807 865
808 809
808 864
808 865
808 866
809 810
809 865
809 866
809 867
810 811
810 866
810 867
811 812
811 867
811 868
812 868
812 869
813 869
813 870
814 815
814 870
814 871
814 872
815 816
815 871
815 872
815 873
816 817
816 872
816 873
816 874
817 873
817 874
817 875
818 819
818 875
819 820
819 876
820 821
820 876
820 877
821 822
821 876
821 877
821 878
822 877
822 878
822 879
823 824
823 879
823 880
823 881
824 825
824 880
824 881
824 882
825 826
825 881
825 882
825 883
826 882
826 883
826 884
827 828
827 884
827 885
827 886
828 885
828 886
828 887
829 887
829 888
829 889
830 831
830 890
830 891
830 892
831 832
831 891
831 892
831 893
832 833
832 892
832 893
832 894
833 834
833 893
833 894
833 895
834 835
834 894
834 895
835 836
835 895
836 837
836 896
837 838
837 896
838 896
838 897
839 897
839 898
840 841
840 899
840 900
841 842
841 899
841 900
841 901
842 843
842 900
842 901
842 902
843 844
843 901
843 902
843 903
844 845
844 902
844 903
844 904
845 846
845 903
845 904
846 847
846 904
847 905
848 905
848 906
848 907
849 907
849 908
849 909
850 851
850 909
850 910
850 911
851 852
851 910
851 911
851 912
852 853
852 911
852 912
853 854
853 912
853 913
854 855
854 913
854 914
855 856
855 913
855 914
855 915
856 857
856 914
856 915
856 916
857 858
857 915
857 916
857 917
858 859
858 916
858 917
858 918
859 860
859 917
859 918
859 919
860 918
860 919
860 920
861 862
861 920
861 921
861 922
862 863
862 921
862 922
862 923
863 864
863 922
863 923
863 924
864 865
864 923
864 924
864 925
865 866
865 924
865 925
865 926
866 867
866 925
866 926
866 927
867 926
867 927
867 928
868 869
868 928
868 929
869 929
869 930
870 871
870 930
870 931
870 932
871 872
871 931
871 932
871 933
872 873
872 932
872 933
872 934
873 874
873 933
873 934
873 935
874 875
874 934
874 935
874 936
875 935
875 936
875 937
876 877
876 938
877 878
878 879
878 939
879 880
879 939
879 940
880 881
880 939
880 940
880 941
881 882
881 940
881 941
882 883
882 941
882 942
883 884
883 942
883 943
884 885
884 942
884 943
885 886
885 943
885 944
886 887
886 944
887 888
887 944
887 945
888 889
888 945
888 946
889 890
889 945
889 946
889 947
890 891
890 946
890 947
890 948
891 892
891 947
891 948
891 949
892 893
892 948
892 949
892 950
893 894
893 949
893 950
893 951
894 895
894 950
894 951
894 952
895 951
895 952
895 953
896 954
896 955
897 898
897 955
897 956
897 957
898 956
898 957
899 900
899 958
899 959
900 901
900 958
900 959
900 960
901 902
901 959
901 960
901 961
902 903
902 960
902 961
902 962
903 904
903 961
903 962
904 962
905 906
905 963
906 907
906 964
907 908
907 964
907 965
908 909
908 964
908 965
908 966
909 910
909 965
909 966
910 911
910 966
910 967
911 912
911 967
911 968
912 967
912 968
912 969
913 914
913 969
913 970
913 971
914 915
914 970
914 971
914 972
915 916
915 971
915 972
916 917
916 972
916 973
917 918
917 973
917 974
918 919
918 973
918 974
918 975
919 920
919 974
919 975
919 976
920 921
920 975
920 976
920 977
921 922
921 976
921 977
921 978
922 923
922 977
922 978
922 979
923 924
923 978
923 979
923 980
924 925
924 979
924 980
924 981
925 926
925 980
925 981
925 982
926 927
926 981
926 982
926 983
927 928
927 982
927 983
927 984
928 929
928 983
928 984
929 984
929 985
930 931
930 985
930 986
930 987
931 932
931 986
931 987
931 988
932 933
932 987
932 988
933 934
933 988
933 989
934 935
934 989
934 990
935 936
935 989
935 990
935 991
936 937
936 990
936 991
937 938
937 991
937 992
938 992
939 940
939 994
939 995
940 941
940 995
940 996
941 996
941 997
942 943
942 997
942 998
943 998
943 999
944 999
944 1000
944 1001
945 946
945 1001
945 1002
945 1003
946 947
946 1002
946 1003
946 1004
947 948
947 1003
947 1004
947 1005
948 949
948 1004
948 1005
948 1006
949 950
949 1005
949 1006
949 1007
950 951
950 1006
950 1007
950 1008
951 952
951 1007
951 1008
951 1009
952 953
952 1008
952 1009
953 954
953 1009
953 1010
954 1010
955 956
956 957
958 959
958 1011
958 1012
959 960
959 1011
959 1012
959 1013
960 961
960 1012
960 1013
960 1014
961 962
961 1013
961 1014
961 1015
962 1014
962 1015
963 1016
963 1017
963 1018
964 965
964 1019
964 1020
965 966
965 1020
967 968
967 1021
968 969
968 1021
968 1022
969 970
969 1022
969 1023
970 971
970 1022
970 1023
970 1024
971 972
971 1023
971 1024
971 1025
972 1024
972 1025
973 974
973 1026
973 1027
974 975
974 1026
974 1027
974 1028
975 976
975 1027
975 1028
975 1029
976 977
976 1028
976 1029
977 978
977 1029
978 979
978 1030
979 980
979 1030
979 1031
980 981
980 1030
980 1031
980 1032
981 982
981 1031
981 1032
981 1033
982 983
982 1032
982 1033
982 1034
983 984
983 1033
983 1034
984 1034
984 1035
985 986
985 1035
985 1036
985 1037
986 987
986 1036
986 1037
986 1038
987 988
987 1037
987 1038
987 1039
988 1038
988 1039
988 1040
989 990
989 1040
989 1041
989 1042
990 991
990 1041
990 1042
991 1042
991 1043
992 1043
992 1044
993 994
993 1045
993 1046
994 995
994 1045
994 1046
995 1046
995 1047
996 997
996 1047
996 1048
996 1049
997 1048
997 1049
998 999
998 1050
998 1051
999 1000
999 1050
999 1051
999 1052
1000 1001
1000 1051
1000 1052
1000 1053
1001 1002
1001 1052
1001 1053
1002 1003
1002 1053
1002 1054
1003 1004
1003 1054
1003 1055
1004 1005
1004 1054
1004 1055
1004 1056
1005 1006
1005 1055
1005 1056
1006 1007
1006 1056
1006 1057
1007 1008
1007 1057
1007 1058
1008 1009
1008 1057
1008 1058
1008 1059
1009 1058
1009 1059
1010 1060
1010 1061
1011 1012
1011 1063
1011 1064
1012 1013
1012 1063
1012 1064
1012 1065
1013 1014
1013 1064
1013 1065
1013 1066
1014 1015
1014 1065
1014 1066
1015 1066
1015 1067
1016 1017
1016 1067
1016 1068
1016 1069
1017 1018
1017 1068
1017 1069
1018 1019
1018 1069
1018 1070
1019 1020
1019 1070
1019 1071
1020 1070
1020 1071
1020 1072
1021 1073
1021 1074
1021 1075
1022 1023
1022 1075
1022 1076
1022 1077
1023 1024
1023 1076
1023 1077
1024 1025
1024 1077
1024 1078
1025 1078
1025 1079
1026 1027
1026 1079
1026 1080
1026 1081
1027 1028
1027 1080
1027 1081
1027 1082
1028 1029
1028 1081
1028 1082
1028 1083
1029 1082
1029 1083
1029 1084
1030 1031
1030 1085
1030 1086
1031 1032
1031 1086
1031 1087
1032 1033
1032 1086
1032 1087
1032 1088
1033 1034
1033 1087
1033 1088
1033 1089
1034 1088
1034 1089
1034 1090
1035 1036
1035 1090
1035 1091
1036 1037
1036 1091
1036 1092
1037 1038
1037 1091
1037 1092
1038 1039
1038 1092
1038 1093
1039 1040
1039 1093
1039 1094
1040 1041
1040 1093
1040 1094
1040 1095
1041 1042
1041 1094
1041 1095
1041 1096
1042 1095
1042 1096
1042 1097
1043 1044
1043 1097
1043 1098
1043 1099
1044 1098
1044 1099
1044 1100
1045 1046
1045 1100
1045 1101
1045 1102
1046 1101
1046 1102
1046 1103
1047 1048
1047 1103
1047 1104
1047 1105
1048 1049
1048 1104
1048 1105
1048 1106
1049 1105
1049 1106
1049 1107
1050 1051
1050 1107
1050 1108
1051 1052
1051 1108
1051 1109
1052 1053
1052 1108
1052 1109
1052 1110
1053 1109
1053 1110
1053 1111
1054 1055
1054 1111
1054 1112
1055 1056
1055 1112
1055 1113
1056 1113
1057 1058
1057 1114
1057 1115
1058 1059
1058 1114
1058 1115
1058 1116
1059 1115
1059 1116
1060 1061
1060 1117
1060 1118
1061 1117
1061 1118
1061 1119
1062 1120
1063 1064
1063 1121
1063 1122
1064 1065
1064 1121
1064 1122
1065 1066
1065 1122
1065 1123
1066 1123
1066 1124
1067 1068
1067 1124
1067 1125
1068 1069
1068 1125
1068 1126
1069 1126
1069 1127
1070 1071
1070 1127
1070 1128
1070 1129
1071 1072
1071 1128
1071 1129
1071 1130
1072 1129
1072 1130
1072 1131
1073 1074
1073 1131
1073 1132
1074 1075
1074 1132
1075 1076
1075 1133
1076 1077
1076 1133
1076 1134
1077 1133
1077 1134
1077 1135
1078 1079
1078 1135
1078 1136
1078 1137
1079 1080
1079 1136
1079 1137
1079 1138
1080 1081
1080 1137
1080 1138
1080 1139
1081 1082
1081 1138
1081 1139
1081 1140
1082 1083
1082 1139
1082 1140
1082 1141
1083 1084
1083 1140
1083 1141
1083 1142
1084 1085
1084 1141
1084 1142
1084 1143
1085 1142
1085 1143
1085 1144
1086 1087
1086 1144
1086 1145
1086 1146
1087 1088
1087 1145
1087 1146
1087 1147
1088 1089
1088 1146
1088 1147
1088 1148
1089 1090
1089 1147
1089 1148
1089 1149
1090 1148
1090 1149
1090 1150
1091 1092
1091 1150
1091 1151
1091 1152
1092 1151
1092 1152
1092 1153
1093 1094
1093 1153
1093 1154
1093 1155
1094 1095
1094 1154
1094 1155
1094 1156
1095 1096
1095 1155
1095 1156
1095 1157
1096 1097
1096 1156
1096 1157
1096 1158
1097 1098
1097 1157
1097 1158
1098 1099
1098 1158
1098 1159
1099 1100
1099 1159
1099 1160
1100 1101
1100 1159
1100 1160
1100 1161
1101 1102
1101 1160
1101 1161
1101 1162
1102 1103
1102 1161
1102 1162
1103 1104
1103 1162
1103 1163
1104 1105
1104 1163
1104 1164
1105 1106
1105 1163
1105 1164
1106 1107
1106 1164
1106 1165
1107 1165
1107 1166
1108 1109
1108 1166
1108 1167
1109 1110
1109 1167
1109 1168
1110 1111
1110 1168
1111 1112
1111 1168
1112 1169
1113 1169
1113 1170
1113 1171
1114 1115
1114 1171
1114 1172
1114 1173
1115 1116
1115 1172
1115 1173
1116 1173
1116 1174
1117 1118
1117 1174
1117 1175
1117 1176
1118 1119
1118 1175
1118 1176
1119 1176
1119 1177
1120 1177
1120 1178
1121 1122
1121 1179
1121 1180
1122 1179
1122 1180
1122 1181
1123 1124
1123 1181
1123 1182
1123 1183
1124 1125
1124 1182
1124 1183
1124 1184
1125 1183
1125 1184
1125 1185
1126 1127
1126 1185
1127 1128
1127 1186
1128 1129
1128 1186
1128 1187
1129 1130
1129 1186
1129 1187
1129 1188
1130 1131
1130 1187
1130 1188
1130 1189
1131 1132
1131 1188
1131 1189
1131 1190
1132 1189
1132 1190
1132 1191
1133 1134
1133 1192
1133 1193
1134 1135
1134 1193
1134 1194
1135 1136
1135 1194
1135 1195
1136 1137
1136 1194
1136 1195
1136 1196
1137 1138
1137 1195
1137 1196
1137 1197
1138 1139
1138 1196
1138 1197
1138 1198
1139 1140
1139 1197
1139 1198
1139 1199
1140 1141
1140 1198
1140 1199
1141 1142
1141 1199
1141 1200
1142 1143
1142 1200
1142 1201
1143 1144
1143 1200
1143 1201
1143 1202
1144 1145
1144 1201
1144 1202
1144 1203
1145 1146
1145 1202
1145 1203
1145 1204
1146 1147
1146 1203
1146 1204
1146 1205
1147 1148
1147 1204
1147 1205
1147 1206
1148 1149
1148 1205
1148 1206
1148 1207
1149 1150
1149 1206
1149 1207
1149 1208
1150 1151
1150 1207
1150 1208
1150 1209
1151 1152
1151 1208
1151 1209
1151 1210
1152 1153
1152 1209
1152 1210
1152 1211
1153 1154
1153 1210
1153 1211
1154 1155
1154 1211
1154 1212
1155 1156
1155 1212
1156 1157
1156 1212
1156 1213
1157 1158
1157 1213
1157 1214
1158 1213
1158 1214
1158 1215
1159 1160
1159 1215
1159 1216
1159 1217
1160 1161
1160 1216
1160 1217
1160 1218
1161 1162
1161 1217
1161 1218
1161 1219
1162 1218
1162 1219
1162 1220
1163 1164
1163 1220
1163 1221
1163 1222
1164 1221
1164 1222
1164 1223
1165 1166
1165 1223
1165 1224
1165 1225
1166 1167
1166 1224
1166 1225
1166 1226
1167 1225
1167 1226
1168 1227
1169 1170
1169 1228
1169 1229
1169 1230
1170 1171
1170 1229
1170 1230
1170 1231
1171 1172
1171 1230
1171 1231
1171 1232
1172 1173
1172 1231
1172 1232
1172 1233
1173 1232
1173 1233
1173 1234
1174 1175
1174 1234
1174 1235
1174 1236
1175 1176
1175 1235
1175 1236
1175 1237
1176 1236
1176 1237
1176 1238
1177 1178
1177 1238
1177 1239
1177 1240
1178 1239
1178 1240
1179 1180
1179 1241
1179 1242
1180 1181
1180 1241
1180 1242
1180 1243
1181 1182
1181 1242
1181 1243
1181 1244
1182 1183
1182 1243
1182 1244
1182 1245
1183 1184
1183 1244
1183 1245
1184 1185
1184 1245
1184 1246
1185 1246
1185 1247
1186 1187
1186 1248
1186 1249
1186 1250
1187 1188
1187 1249
1187 1250
1187 1251
1188 1189
1188 1250
1188 1251
1188 1252
1189 1190
1189 1251
1189 1252
1189 1253
1190 1191
1190 1252
1190 1253
1191 1192
1191 1253
1191 1254
1192 1193
1192 1254
1192 1255
1193 1254
1193 1255
1194 1195
1194 1256
1194 1257
1195 1196
1195 1256
1195 1257
1195 1258
1196 1197
1196 1257
1196 1258
1197 1198
1197 1258
1197 1259
1198 1199
1198 1259
1198 1260
1199 1259
1199 1260
1199 1261
1200 1201
1200 1261
1200 1262
1200 1263
1201 1202
1201 1262
1201 1263
1201 1264
1202 1203
1202 1263
1202 1264
1202 1265
1203 1204
1203 1264
1203 1265
1203 1266
1204 1205
1204 1265
1204 1266
1205 1206
1205 1266
1205 1267
1206 1207
1206 1267
1206 1268
1207 1208
1207 1267
1207 1268
1207 1269
1208 1209
1208 1268
1208 1269
1208 1270
1209 1210
1209 1269
1209 1270
1209 1271
1210 1211
1210 1270
1210 1271
1210 1272
1211 1271
1211 1272
1211 1273
1212 1273
1212 1274
1213 1214
1214 1215
1215 1216
1215 1275
1216 1217
1216 1275
1217 1218
1217 1275
1217 1276
1218 1219
1218 1276
1218 1277
1219 1220
1219 1276
1219 1277
1219 1278
1220 1221
1220 1277
1220 1278
1220 1279
1221 1222
1221 1278
1221 1279
1221 1280
1222 1223
1222 1279
1222 1280
1222 1281
1223 1224
1223 1280
1223 1281
1223 1282
1224 1225
1224 1281
1224 1282
1224 1283
1225 1226
1225 1282
1225 1283
1225 1284
1226 1283
1226 1284
1227 1228
1227 1285
1227 1286
1228 1229
1228 1286
1228 1287
1229 1230
1229 1287
1230 1231
1230 1287
1230 1288
1231 1232
1231 1288
1231 1289
1232 1233
1232 1288
1232 1289
1232 1290
1233 1234
1233 1289
1233 1290
1233 1291
1234 1235
1234 1290
1234 1291
1234 1292
1235 1236
1235 1291
1235 1292
1235 1293
1236 1237
1236 1292
1236 1293
1236 1294
1237 1238
1237 1293
1237 1294
1238 1239
1238 1294
1238 1295
1239 1240
1239 1295
1239 1296
1240 1295
1240 1296
1241 1242
1241 1297
1241 1298
1242 1243
1242 1297
1242 1298
1242 1299
1243 1244
1243 1298
1243 1299
1243 1300
1244 1245
1244 1299
1244 1300
1244 1301
1245 1300
1245 1301
1245 1302
1246 1247
1246 1302
1246 1303
1246 1304
1247 1248
1247 1303
1247 1304
1247 1305
1248 1249
1248 1304
1248 1305
1248 1306
1249 1250
1249 1305
1249 1306
1249 1307
1250 1251
1250 1306
1250 1307
1250 1308
1251 1252
1251 1307
1251 1308
1251 1309
1252 1253
1252 1308
1252 1309
1252 1310
1253 1309
1253 1310
1254 1255
1254 1311
1255 1311
1255 1312
1256 1257
1256 1312
1256 1313
1256 1314
1257 1258
1257 1313
1257 1314
1258 1314
1258 1315
1259 1260
1259 1315
1259 1316
1259 1317
1260 1261
1260 1316
1260 1317
1261 1262
1261 1317
1261 1318
1262 1263
1262 1318
1262 1319
1263 1264
1263 1318
1263 1319
1263 1320
1264 1265
1264 1319
1264 1320
1264 1321
1265 1266
1265 1320
1265 1321
1266 1321
1266 1322
1267 1268
1267 1322
1267 1323
1267 1324
1268 1269
1268 1323
1268 1324
1269 1270
1269 1324
1269 1325
1270 1271
1270 1325
1270 1326
1271 1272
1271 1325
1271 1326
1271 1327
1272 1273
1272 1326
1272 1327
1272 1328
1273 1274
1273 1327
1273 1328
1273 1329
1274 1328
1274 1329
1274 1330
1275 1333
1275 1334
1276 1277
1276 1334
1276 1335
1277 1278
1277 1335
1277 1336
1278 1279
1278 1335
1278 1336
1278 1337
1279 1280
1279 1336
1279 1337
1279 1338
1280 1281
1280 1337
1280 1338
1281 1282
1281 1338
1281 1339
1282 1283
1282 1339
1282 1340
1283 1284
1283 1339
1283 1340
1283 1341
1284 1340
1284 1341
1285 1286
1285 1342
1285 1343
1286 1342
1286 1343
1286 1344
1287 1344
1287 1345
1287 1346
1288 1289
1288 1346
1288 1347
1288 1348
1289 1290
1289 1347
1289 1348
1289 1349
1290 1291
1290 1348
1290 1349
1291 1292
1291 1349
1292 1293
1292 1350
1293 1294
1293 1350
1294 1350
1295 1296
1295 1351
1296 1351
1297 1298
1297 1352
1297 1353
1298 1299
1298 1352
1298 1353
1298 1354
1299 1300
1299 1353
1299 1354
1299 1355
1300 1301
1300 1354
1300 1355
1300 1356
1301 1302
1301 1355
1301 1356
1302 1303
1302 1356
1302 1357
1303 1304
1303 1357
1303 1358
1304 1305
1304 1357
1304 1358
1305 1306
1305 1358
1305 1359
1306 1307
1306 1359
1306 1360
1307 1308
1307 1359
1307 1360
1307 1361
1308 1309
1308 1360
1308 1361
1308 1362
1309 1310
1309 1361
1309 1362
1309 1363
1310 1362
1310 1363
1310 1364
1311 1364
1311 1365
1312 1313
1312 1366
1312 1367
1313 1314
1313 1366
1313 1367
1313 1368
1314 1367
1314 1368
1314 1369
1315 1316
1315 1369
1315 1370
1316 1317
1316 1370
1316 1371
1317 1370
1317 1371
1317 1372
1318 1319
1318 1372
1318 1373
1319 1320
1319 1373
1320 1321
1320 1373
1320 1374
1321 1374
1321 1375
1322 1323
1322 1375
1322 1376
1323 1324
1323 1376
1323 1377
1324 1377
1324 1378
1325 1326
1325 1378
1325 1379
1326 1327
1326 1379
1327 1328
1327 1380
1328 1329
1328 1380
1328 1381
1329 1330
1329 1380
1329 1381
1330 1331
1330 1381
1331 1332
1331 1382
1332 1333
1332 1382
1333 1382
1333 1383
1334 1383
1334 1384
1335 1336
1335 1384
1335 1385
1335 1386
1336 1337
1336 1385
1336 1386
1336 1387
1337 1338
1337 1386
1337 1387
1337 1388
1338 1387
1338 1388
1338 1389
1339 1340
1339 1389
1339 1390
1339 1391
1340 1341
1340 1390
1340 1391
1340 1392
1341 1391
1341 1392
1342 1343
1342 1393
1343 1344
1343 1393
1343 1394
1344 1345
1344 1394
1345 1346
1345 1394
1345 1395
1346 1347
1346 1395
1346 1396
1347 1348
1347 1395
1347 1396
1347 1397
1348 1349
1348 1396
1348 1397
1348 1398
1349 1397
1349 1398
1349 1399
1350 1400
1350 1401
1350 1402
1351 1403
1351 1404
1352 1353
1352 1405
1353 1354
1353 1405
1353 1406
1354 1355
1354 1406
1354 1407
1355 1356
1355 1406
1355 1407
1355 1408
1356 1407
1356 1408
1357 1358
1357 1409
1358 1409
1359 1360
1359 1410
1359 1411
1360 1361
1360 1410
1360 1411
1361 1362
1361 1411
1362 1363
1362 1412
1363 1364
1363 1412
1363 1413
1364 1365
1364 1412
1364 1413
1364 1414
1365 1413
1365 1414
1366 1367
1366 1415
1366 1416
1367 1368
1367 1415
1367 1416
1367 1417
1368 1369
1368 1416
1368 1417
1369 1417
1369 1418
1370 1371
1370 1418
1370 1419
1370 1420
1371 1372
1371 1419
1371 1420
1371 1421
1372 1420
1372 1421
1372 1422
1373 1422
1373 1423
1374 1375
1374 1424
1374 1425
1375 1376
1375 1424
1375 1425
1375 1426
1376 1425
1376 1426
1376 1427
1377 1378
1377 1427
1377 1428
1378 1379
1378 1428
1378 1429
1379 1428
1379 1429
1379 1430
1380 1381
1380 1431
1380 1432
1380 1433
1381 1432
1381 1433
1382 1434
1382 1435
1382 1436
1383 1436
1383 1437
1383 1438
1384 1385
1384 1438
1384 1439
1385 1386
1385 1439
1385 1440
1386 1387
1386 1439
1386 1440
1386 1441
1387 1388
1387 1440
1387 1441
1387 1442
1388 1389
1388 1441
1388 1442
1389 1390
1389 1442
1389 1443
1390 1391
1390 1443
1391 1392
1391 1443
1391 1444
1392 1444
1392 1445
1393 1445
1393 1446
1394 1447
1395 1396
1395 1447
1395 1448
1395 1449
1396 1397
1396 1448
1396 1449
1396 1450
1397 1398
1397 1449
1397 1450
1397 1451
1398 1399
1398 1450
1398 1451
1398 1452
1399 1400
1399 1451
1399 1452
1399 1453
1400 1401
1400 1452
1400 1453
1400 1454
1401 1402
1401 1453
1401 1454
1401 1455
1402 1454
1402 1455
1402 1456
1403 1404
1403 1456
1403 1457
1404 1457
1405 1458
1406 1407
1406 1459
1406 1460
1407 1408
1407 1459
1407 1460
1407 1461
1408 1460
1408 1461
1408 1462
1409 1463
1410 1411
1410 1464
1411 1464
1411 1465
1412 1413
1412 1466
1412 1467
1412 1468
1413 1414
1413 1467
1413 1468
1413 1469
1414 1468
1414 1469
1415 1416
1415 1470
1415 1471
1416 1417
1416 1470
1416 1471
1416 1472
1417 1471
1417 1472
1417 1473
1418 1419
1418 1473
1418 1474
1418 1475
1419 1420
1419 1474
1419 1475
1419 1476
1420 1421
1420 1475
1420 1476
1421 1422
1421 1476
1421 1477
1422 1423
1422 1477
1422 1478
1423 1477
1423 1478
1423 1479
1424 1425
1424 1479
1424 1480
1425 1426
1425 1480
1426 1427
1426 1481
1427 1481
1427 1482
1428 1429
1428 1482
1428 1483
1428 1484
1429 1430
1429 1483
1429 1484
1429 1485
1430 1431
1430 1484
1430 1485
1430 1486
1431 1432
1431 1485
1431 1486
1432 1433
1432 1486
1432 1487
1433 1487
1433 1488
1434 1435
1434 1488
1434 1489
1434 1490
1435 1436
1435 1489
1435 1490
1436 1437
1436 1490
1437 1438
1437 1491
1438 1491
1438 1492
1439 1440
1439 1492
1439 1493
1439 1494
1440 1441
1440 1493
1440 1494
1440 1495
1441 1442
1441 1494
1441 1495
1442 1495
1442 1496
1443 1496
1443 1497
1443 1498
1444 1445
1444 1498
1444 1499
1445 1446
1445 1499
1445 1500
1446 1499
1446 1500
1446 1501
1447 1448
1447 1502
1447 1503
1448 1449
1448 1502
1448 1503
1448 1504
1449 1450
1449 1503
1449 1504
1449 1505
1450 1451
1450 1504
1450 1505
1450 1506
1451 1452
1451 1505
1451 1506
1451 1507
1452 1453
1452 1506
1452 1507
1452 1508
1453 1454
1453 1507
1453 1508
1453 1509
1454 1455
1454 1508
1454 1509
1454 1510
1455 1456
1455 1509
1455 1510
1455 1511
1456 1457
1456 1510
1456 1511
1456 1512
1457 1511
1457 1512
1458 1513
1458 1514
1459 1460
1459 1514
1459 1515
1459 1516
1460 1461
1460 1515
1460 1516
1460 1517
1461 1462
1461 1516
1461 1517
1461 1518
1462 1463
1462 1517
1462 1518
1463 1518
1463 1519
1464 1520
1464 1521
1464 1522
1465 1466
1465 1522
1465 1523
1465 1524
1466 1467
1466 1523
1466 1524
1466 1525
1467 1468
1467 1524
1467 1525
1467 1526
1468 1469
1468 1525
1468 1526
1468 1527
1469 1526
1469 1527
1470 1471
1470 1528
1470 1529
1471 1472
1471 1528
1471 1529
1471 1530
1472 1473
1472 1529
1472 1530
1472 1531
1473 1474
1473 1530
1473 1531
1474 1475
1474 1531
1475 1476
1475 1532
1476 1532
1476 1533
1477 1478
1477 1533
1477 1534
1478 1479
1478 1534
1478 1535
1479 1480
1479 1534
1479 1535
1479 1536
1480 1535
1480 1536
1480 1537
1481 1482
1482 1483
1483 1484
1483 1538
1484 1485
1484 1538
1484 1539
1485 1486
1485 1538
1485 1539
1485 1540
1486 1539
1486 1540
1486 1541
1487 1488
1487 1541
1487 1542
1487 1543
1488 1489
1488 1542
1488 1543
1488 1544
1489 1490
1489 1543
1489 1544
1490 1544
1490 1545
1491 1492
1491 1546
1491 1547
1492 1493
1492 1547
1492 1548
1493 1494
1493 1547
1493 1548
1493 1549
1494 1495
1494 1548
1494 1549
1494 1550
1495 1549
1495 1550
1496 1497
1496 1551
1497 1498
1497 1551
1497 1552
1498 1551
1498 1552
1498 1553
1499 1500
1499 1553
1499 1554
1499 1555
1500 1501
1500 1554
1500 1555
1500 1556
1501 1555
1501 1556
1502 1503
1502 1557
1503 1504
1503 1557
1504 1505
1504 1557
1504 1558
1505 1506
1505 1558
1506 1507
1506 1558
1506 1559
1507 1508
1507 1559
1507 1560
1508 1509
1508 1559
1508 1560
1508 1561
1509 1510
1509 1560
1509 1561
1509 1562
1510 1511
1510 1561
1510 1562
1510 1563
1511 1512
1511 1562
1511 1563
1511 1564
1512 1563
1512 1564
1512 1565
1513 1514
1513 1566
1513 1567
1514 1515
1514 1566
1514 1567
1514 1568
1515 1516
1515 1567
1515 1568
1515 1569
1516 1517
1516 1568
1516 1569
1516 1570
1517 1518
1517 1569
1517 1570
1517 1571
1518 1570
1518 1571
1519 1520
1519 1572
1520 1521
1520 1572
1520 1573
1521 1522
1521 1572
1521 1573
1521 1574
1522 1523
1522 1573
1522 1574
1522 1575
1523 1524
1523 1574
1523 1575
1523 1576
1524 1525
1524 1575
1524 1576
1524 1577
1525 1526
1525 1576
1525 1577
1525 1578
1526 1527
1526 1577
1526 1578
1527 1578
1527 1579
1528 1529
1528 1579
1528 1580
1529 1530
1529 1580
1529 1581
1530 1531
1530 1581
1530 1582
1531 1581
1531 1582
1532 1533
1532 1583
1532 1584
1532 1585
1533 1584
1533 1585
1533 1586
1534 1535
1534 1586
1534 1587
1535 1536
1535 1587
1535 1588
1536 1537
1536 1588
1536 1589
1537 1588
1537 1589
1537 1590
1538 1539
1538 1593
1538 1594
1538 1595
1539 1540
1539 1594
1539 1595
1539 1596
1540 1541
1540 1595
1540 1596
1541 1542
1541 1596
1541 1597
1542 1543
1542 1597
1542 1598
1543 1544
1543 1597
1543 1598
1543 1599
1544 1598
1544 1599
1544 1600
1545 1546
1545 1600
1545 1601
1545 1602
1546 1601
1546 1602
1547 1548
1547 1603
1547 1604
1548 1549
1548 1603
1548 1604
1548 1605
1549 1550
1549 1604
1549 1605
1549 1606
1550 1605
1550 1606
1550 1607
1551 1552
1551 1608
1551 1609
1551 1610
1552 1553
1552 1609
1552 1610
1552 1611
1553 1554
1553 1610
1553 1611
1553 1612
1554 1555
1554 1611
1554 1612
1554 1613
1555 1556
1555 1612
1555 1613
1556 1613
1556 1614
1557 1615
1557 1616
1557 1617
1558 1617
1558 1618
1559 1560
1559 1618
1559 1619
1560 1561
1560 1619
1560 1620
1561 1562
1561 1619
1561 1620
1562 1563
1562 1620
1562 1621
1563 1564
1563 1621
1563 1622
1564 1565
1564 1621
1564 1622
1564 1623
1565 1622
1565 1623
1566 1567
1566 1624
1567 1568
1567 1624
1567 1625
1568 1569
1568 1625
1568 1626
1569 1570
1569 1625
1569 1626
1569 1627
1570 1571
1570 1626
1570 1627
1570 1628
1571 1627
1571 1628
1571 1629
1572 1573
1572 1630
1572 1631
1573 1574
1573 1631
1573 1632
1574 1575
1574 1632
1575 1576
1575 1632
1575 1633
1576 1577
1576 1633
1577 1578
1577 1633
1577 1634
1578 1634
1579 1580
1579 1635
1580 1635
1580 1636
1581 1582
1581 1636
1581 1637
1581 1638
1582 1637
1582 1638
1582 1639
1583 1584
1583 1639
1583 1640
1583 1641
1584 1585
1584 1640
1584 1641
1584 1642
1585 1586
1585 1641
1585 1642
1585 1643
1586 1587
1586 1642
1586 1643
1586 1644
1587 1643
1587 1644
1587 1645
1588 1589
1588 1645
1588 1646
1588 1647
1589 1590
1589 1646
1589 1647
1590 1591
1590 1647
1591 1592
1591 1648
1592 1593
1592 1648
1592 1649
1593 1594
1593 1648
1593 1649
1593 1650
1594 1595
1594 1649
1594 1650
1595 1596
1595 1650
1597 1598
1598 1599
1598 1651
1599 1600
1599 1651
1599 1652
1600 1601
1600 1651
1600 1652
1600 1653
1601 1602
1601 1652
1601 1653
1602 1653
1602 1654
1603 1604
1603 1654
1603 1655
1603 1656
1604 1605
1604 1655
1604 1656
1605 1606
1605 1656
1605 1657
1606 1607
1606 1657
1606 1658
1607 1608
1607 1657
1607 1658
1607 1659
1608 1609
1608 1658
1608 1659
1608 1660
1609 1610
1609 1659
1609 1660
1610 1611
1610 1660
1610 1661
1611 1612
1611 1661
1611 1662
1612 1613
1612 1661
1612 1662
1613 1662
1613 1663
1614 1615
1614 1663
1614 1664
1614 1665
1615 1616
1615 1664
1615 1665
1615 1666
1616 1617
1616 1665
1616 1666
1616 1667
1617 1666
1617 1667
1617 1668
1618 1668
1618 1669
1618 1670
1619 1620
1619 1670
1619 1671
1619 1672
1620 1671
1620 1672
1620 1673
1621 1622
1621 1673
1621 1674
1621 1675
1622 1623
1622 1674
1622 1675
1622 1676
1623 1675
1623 1676
1624 1677
1625 1626
1625 1677
1625 1678
1625 1679
1626 1627
1626 1678
1626 1679
1626 1680
1627 1628
1627 1679
1627 1680
1628 1629
1628 1680
1628 1681
1629 1630
1629 1681
1629 1682
1630 1631
1630 1681
1630 1682
1631 1682
1631 1683
1632 1683
1632 1684
1633 1685
1633 1686
1634 1686
1634 1687
1635 1636
1635 1688
1636 1637
1636 1689
1637 1638
1637 1689
1637 1690
1638 1639
1638 1689
1638 1690
1638 1691
1639 1640
1639 1690
1639 1691
1640 1641
1640 1691
1640 1692
1641 1642
1641 1692
1641 1693
1642 1643
1642 1692
1642 1693
1642 1694
1643 1644
1643 1693
1643 1694
1643 1695
1644 1645
1644 1694
1644 1695
1645 1646
1645 1695
1646 1647
1648 1649
1648 1696
1648 1697
1649 1650
1649 1696
1649 1697
1649 1698
1650 1697
1650 1698
1650 1699
1651 1652
1651 1703
1651 1704
1651 1705
1652 1653
1652 1704
1652 1705
1653 1705
1653 1706
1654 1655
1654 1706
1654 1707
1655 1656
1655 1707
1655 1708
1656 1708
1656 1709
1657 1658
1657 1709
1657 1710
1657 1711
1658 1659
1658 1710
1658 1711
1658 1712
1659 1660
1659 1711
1659 1712
1659 1713
1660 1712
1660 1713
1660 1714
1661 1662
1661 1714
1661 1715
1661 1716
1662 1715
1662 1716
1662 1717
1663 1664
1663 1717
1663 1718
1664 1665
1664 1718
1664 1719
1665 1666
1665 1719
1665 1720
1666 1667
1666 1719
1666 1720
1666 1721
1667 1668
1667 1720
1667 1721
1668 1669
1668 1721
1668 1722
1669 1670
1669 1722
1669 1723
1670 1671
1670 1722
1670 1723
1670 1724
1671 1672
1671 1723
1671 1724
1671 1725
1672 1673
1672 1724
1672 1725
1672 1726
1673 1674
1673 1725
1673 1726
1673 1727
1674 1675
1674 1726
1674 1727
1674 1728
1675 1676
1675 1727
1675 1728
1675 1729
1676 1728
1676 1729
1677 1678
1677 1730
1678 1679
1678 1730
1678 1731
1679 1680
1679 1731
1679 1732
1680 1731
1680 1732
1680 1733
1681 1682
1681 1733
1681 1734
1681 1735
1682 1734
1682 1735
1682 1736
1683 1684
1683 1736
1683 1737
1684 1737
1684 1738
1685 1686
1685 1738
1685 1739
1685 1740
1686 1687
1686 1739
1686 1740
1686 1741
1687 1740
1687 1741
1688 1742
1688 1743
1689 1690
1689 1744
1689 1745
1690 1691
1690 1745
1690 1746
1691 1746
1691 1747
1692 1693
1692 1747
1692 1748
1692 1749
1693 1694
1693 1748
1693 1749
1694 1695
1694 1749
1694 1750
1695 1750
1695 1751
1696 1697
1696 1755
1696 1756
1696 1757
1697 1698
1697 1756
1697 1757
1697 1758
1698 1699
1698 1757
1698 1758
1698 1759
1699 1700
1699 1758
1699 1759
1699 1760
1700 1701
1700 1759
1700 1760
1700 1761
1701 1702
1701 1760
1701 1761
1701 1762
1702 1703
1702 1761
1702 1762
1702 1763
1703 1704
1703 1762
1703 1763
1703 1764
1704 1705
1704 1763
1704 1764
1704 1765
1705 1764
1705 1765
1705 1766
1706 1707
1706 1766
1707 1767
1708 1709
1708 1767
1708 1768
1708 1769
1709 1710
1709 1768
1709 1769
1709 1770
1710 1711
1710 1769
1710 1770
1710 1771
1711 1712
1711 1770
1711 1771
1711 1772
1712 1713
1712 1771
1712 1772
1712 1773
1713 1714
1713 1772
1713 1773
1713 1774
1714 1715
1714 1773
1714 1774
1714 1775
1715 1716
1715 1774
1715 1775
1715 1776
1716 1717
1716 1775
1716 1776
1716 1777
1717 1718
1717 1776
1717 1777
1717 1778
1718 1777
1718 1778
1718 1779
1719 1720
1719 1779
1719 1780
1719 1781
1720 1721
1720 1780
1720 1781
1720 1782
1721 1781
1721 1782
1721 1783
1722 1723
1722 1783
1722 1784
1722 1785
1723 1724
1723 1784
1723 1785
1724 1725
1724 1785
1725 1726
1725 1786
1726 1727
1726 1786
1726 1787
1727 1728
1727 1786
1727 1787
1728 1729
1728 1787
1728 1788
1729 1788
1730 1789
1730 1790
1731 1732
1731 1790
1731 1791
1732 1733
1732 1791
1732 1792
1733 1734
1733 1791
1733 1792
1733 1793
1734 1735
1734 1792
1734 1793
1734 1794
1735 1736
1735 1793
1735 1794
1735 1795
1736 1794
1736 1795
1736 1796
1737 1738
1737 1796
1737 1797
1737 1798
1738 1739
1738 1797
1738 1798
1739 1740
1739 1798
1739 1799
1740 1741
1740 1799
1740 1800
1741 1799
1741 1800
1741 1801
1742 1743
1742 1801
1742 1802
1742 1803
1743 1744
1743 1802
1743 1803
1744 1745
1744 1803
1744 1804
1745 1804
1745 1805
1746 1747
1746 1805
1746 1806
1746 1807
1747 1748
1747 1806
1747 1807
1747 1808
1748 1749
1748 1807
1748 1808
1749 1808
1749 1809
1750 1751
1750 1809
1750 1810
1751 1752
1751 1810
1751 1811
1752 1753
1752 1810
1752 1811
1752 1812
1753 1754
1753 1811
1753 1812
1753 1813
1754 1755
1754 1812
1754 1813
1754 1814
1755 1756
1755 1813
1755 1814
1755 1815
1756 1757
1756 1814
1756 1815
1756 1816
1757 1758
1757 1815
1757 1816
1757 1817
1758 1759
1758 1816
1758 1817
1758 1818
1759 1760
1759 1817
1759 1818
1759 1819
1760 1761
1760 1818
1760 1819
1760 1820
1761 1762
1761 1819
1761 1820
1762 1763
1762 1820
1762 1821
1763 1764
1763 1821
1763 1822
1764 1765
1764 1821
1764 1822
1765 1766
1765 1822
1765 1823
1766 1823
1766 1824
1767 1768
1767 1825
1767 1826
1768 1769
1768 1826
1768 1827
1769 1770
1769 1826
1769 1827
1769 1828
1770 1771
1770 1827
1770 1828
1771 1772
1771 1828
1771 1829
1772 1773
1772 1829
1772 1830
1773 1774
1773 1829
1773 1830
1773 1831
1774 1775
1774 1830
1774 1831
1774 1832
1775 1776
1775 1831
1775 1832
1775 1833
1776 1777
1776 1832
1776 1833
1776 1834
1777 1778
1777 1833
1777 1834
1778 1779
1778 1834
1778 1835
1779 1780
1779 1835
1779 1836
1780 1781
1780 1835
1780 1836
1780 1837
1781 1782
1781 1836
1781 1837
1781 1838
1782 1783
1782 1837
1782 1838
1782 1839
1783 1784
1783 1838
1783 1839
1783 1840
1784 1785
1784 1839
1784 1840
1784 1841
1785 1840
1785 1841
1785 1842
1786 1787
1786 1843
1786 1844
1787 1844
1787 1845
1788 1845
1788 1846
1789 1790
1789 1847
1789 1848
1789 1849
1790 1848
1790 1849
1791 1792
1791 1850
1791 1851
1792 1793
1792 1850
1792 1851
1792 1852
1793 1794
1793 1851
1793 1852
1793 1853
1794 1795
1794 1852
1794 1853
1794 1854
1795 1796
1795 1853
1795 1854
1795 1855
1796 1797
1796 1854
1796 1855
1796 1856
1797 1798
1797 1855
1797 1856
1797 1857
1798 1856
1798 1857
1798 1858
1799 1800
1799 1858
1799 1859
1799 1860
1800 1801
1800 1859
1800 1860
1800 1861
1801 1802
1801 1860
1801 1861
1801 1862
1802 1803
1802 1861
1802 1862
1802 1863
1803 1862
1803 1863
1803 1864
1804 1805
1804 1864
1804 1865
1804 1866
1805 1806
1805 1865
1805 1866
1805 1867
1806 1807
1806 1866
1806 1867
1806 1868
1807 1808
1807 1867
1807 1868
1807 1869
1808 1868
1808 1869
1808 1870
1809 1870
1809 1871
1809 1872
1810 1811
1810 1872
1810 1873
1811 1812
1811 1873
1811 1874
1812 1813
1812 1874
1813 1814
1813 1874
1813 1875
1814 1815
1814 1875
1815 1816
1815 1875
1815 1876
1816 1817
1816 1876
1816 1877
1817 1818
1817 1876
1817 1877
1817 1878
1818 1819
1818 1877
1818 1878
1818 1879
1819 1820
1819 1878
1819 1879
1819 1880
1820 1879
1820 1880
1820 1881
1821 1822
1821 1881
1821 1882
1821 1883
1822 1882
1822 1883
1822 1884
1823 1824
1823 1884
1823 1885
1824 1825
1824 1885
1824 1886
1825 1885
1825 1886
1825 1887
1826 1827
1826 1887
1826 1888
1827 1828
1827 1888
1827 1889
1828 1889
1828 1890
1829 1830
1829 1890
1829 1891
1829 1892
1830 1831
1830 1891
1830 1892
1830 1893
1831 1832
1831 1892
1831 1893
1831 1894
1832 1833
1832 1893
1832 1894
1832 1895
1833 1834
1833 1894
1833 1895
1833 1896
1834 1895
1834 1896
1835 1836
1835 1897
1836 1837
1836 1897
1836 1898
1837 1838
1837 1897
1837 1898
1837 1899
1838 1839
1838 1898
1838 1899
1838 1900
1839 1840
1839 1899
1839 1900
1840 1841
1840 1900
1840 1901
1841 1842
1841 1901
1842 1843
1842 1901
1842 1902
1843 1902
1844 1845
1844 1903
1844 1904
1845 1846
1845 1903
1845 1904
1845 1905
1846 1904
1846 1905
1847 1848
1847 1906
1847 1907
1848 1849
1848 1906
1848 1907
1848 1908
1849 1907
1849 1908
1849 1909
1850 1851
1850 1909
1850 1910
1850 1911
1851 1852
1851 1910
1851 1911
1851 1912
1852 1853
1852 1911
1852 1912
1853 1854
1853 1912
1853 1913
1854 1855
1854 1913
1854 1914
1855 1856
1855 1913
1855 1914
1856 1857
1856 1914
1856 1915
1857 1858
1857 1915
1858 1859
1858 1915
1858 1916
1859 1860
1859 1916
1859 1917
1860 1861
1860 1916
1860 1917
1860 1918
1861 1862
1861 1917
1861 1918
1861 1919
1862 1863
1862 1918
1862 1919
1863 1864
1863 1919
1863 1920
1864 1865
1864 1920
1864 1921
1865 1866
1865 1920
1865 1921
1865 1922
1866 1867
1866 1921
1866 1922
1866 1923
1867 1868
1867 1922
1867 1923
1867 1924
1868 1869
1868 1923
1868 1924
1868 1925
1869 1870
1869 1924
1869 1925
1869 1926
1870 1871
1870 1925
1870 1926
1870 1927
1871 1872
1871 1926
1871 1927
1871 1928
1872 1873
1872 1927
1872 1928
1872 1929
1873 1928
1873 1929
1873 1930
1874 1930
1876 1877
1876 1931
1876 1932
1877 1878
1877 1931
1877 1932
1877 1933
1878 1879
1878 1932
1878 1933
1878 1934
1879 1880
1879 1933
1879 1934
1879 1935
1880 1881
1880 1934
1880 1935
1880 1936
1881 1882
1881 1935
1881 1936
1881 1937
1882 1883
1882 1936
1882 1937
1883 1884
1883 1937
1883 1938
1884 1938
1885 1886
1885 1939
1886 1887
1886 1939
1886 1940
1887 1888
1887 1940
1887 1941
1888 1940
1888 1941
1888 1942
1889 1890
1889 1942
1889 1943
1889 1944
1890 1891
1890 1943
1890 1944
1890 1945
1891 1892
1891 1944
1891 1945
1891 1946
1892 1893
1892 1945
1892 1946
1892 1947
1893 1894
1893 1946
1893 1947
1893 1948
1894 1895
1894 1947
1894 1948
1894 1949
1895 1896
1895 1948
1895 1949
1895 1950
1896 1949
1896 1950
1896 1951
1897 1898
1897 1952
1898 1899
1898 1952
1898 1953
1899 1900
1899 1953
1899 1954
1900 1953
1900 1954
1901 1955
1902 1955
1902 1956
1902 1957
1903 1904
1903 1957
1903 1958
1903 1959
1904 1905
1904 1958
1904 1959
1904 1960
1905 1959
1905 1960
1906 1907
1906 1961
1906 1962
1907 1908
1907 1961
1907 1962
1908 1909
1908 1962
1908 1963
1909 1910
1909 1963
1909 1964
1910 1911
1910 1963
1910 1964
1910 1965
1911 1912
1911 1964
1911 1965
1911 1966
1912 1965
1912 1966
1912 1967
1913 1914
1913 1967
1913 1968
1913 1969
1914 1968
1914 1969
1914 1970
1915 1970
1915 1971
1915 1972
1916 1917
1916 1972
1916 1973
1916 1974
1917 1918
1917 1973
1917 1974
1918 1919
1918 1974
1918 1975
1919 1975
1919 1976
1920 1921
1920 1976
1920 1977
1920 1978
1921 1922
1921 1977
1921 1978
1921 1979
1922 1923
1922 1978
1922 1979
1922 1980
1923 1924
1923 1979
1923 1980
1924 1925
1924 1980
1924 1981
1925 1926
1925 1981
1925 1982
1926 1927
1926 1981
1926 1982
1926 1983
1927 1928
1927 1982
1927 1983
1927 1984
1928 1929
1928 1983
1928 1984
1928 1985
1929 1930
1929 1984
1929 1985
1929 1986
1930 1985
1930 1986
1930 1987
1931 1932
1931 1989
1931 1990
1932 1933
1932 1989
1932 1990
1932 1991
1933 1934
1933 1990
1933 1991
1933 1992
1934 1935
1934 1991
1934 1992
1934 1993
1935 1936
1935 1992
1935 1993
1936 1937
1936 1993
1936 1994
1937 1994
1937 1995
1938 1995
1938 1996
1938 1997
1939 1997
1939 1998
1939 1999
1940 1941
1940 1999
1940 2000
1940 2001
1941 1942
1941 2000
1941 2001
1942 1943
1942 2001
1942 2002
1943 1944
1943 2002
1943 2003
1944 1945
1944 2002
1944 2003
1944 2004
1945 1946
1945 2003
1945 2004
1945 2005
1946 1947
1946 2004
1946 2005
1947 1948
1947 2005
1947 2006
1948 1949
1948 2006
1949 1950
1949 2006
1949 2007
1950 1951
1950 2007
1950 2008
1951 2007
1951 2008
1951 2009
1952 2009
1952 2010
1953 1954
1953 2011
1953 2012
1954 2011
1954 2012
1954 2013
1955 1956
1955 2014
1955 2015
1956 1957
1956 2014
1956 2015
1956 2016
1957 1958
1957 2015
1957 2016
1958 1959
1958 2016
1958 2017
1959 1960
1959 2017
1959 2018
1960 2017
1960 2018
1961 1962
1961 2019
1961 2020
1962 2019
1962 2020
1963 1964
1963 2021
1963 2022
1964 1965
1964 2021
1964 2022
1964 2023
1965 1966
1965 2022
1965 2023
1966 1967
1966 2023
1966 2024
1967 1968
1967 2024
1967 2025
1968 1969
1968 2024
1968 2025
1968 2026
1969 1970
1969 2025
1969 2026
1970 1971
1970 2026
1970 2027
1971 1972
1971 2027
1971 2028
1972 1973
1972 2027
1972 2028
1972 2029
1973 1974
1973 2028
1973 2029
1973 2030
1974 2029
1974 2030
1974 2031
1975 1976
1975 2031
1975 2032
1975 2033
1976 1977
1976 2032
1976 2033
1977 1978
1977 2033
1978 1979
1978 2034
1979 1980
1979 2034
1979 2035
1980 2034
1980 2035
1980 2036
1981 1982
1981 2036
1981 2037
1981 2038
1982 1983
1982 2037
1982 2038
1982 2039
1983 1984
1983 2038
1983 2039
1983 2040
1984 1985
1984 2039
1984 2040
1984 2041
1985 1986
1985 2040
1985 2041
1985 2042
1986 1987
1986 2041
1986 2042
1986 2043
1987 1988
1987 2042
1987 2043
1987 2044
1988 2043
1988 2044
1989 1990
1989 2045
1990 1991
1990 2045
1990 2046
1991 1992
1991 2045
1991 2046
1991 2047
1992 1993
1992 2046
1992 2047
1992 2048
1993 2047
1993 2048
1993 2049
1994 1995
1994 2049
1994 2050
1995 1996
1995 2050
1995 2051
1996 1997
1996 2051
1996 2052
1997 1998
1997 2051
1997 2052
1998 1999
1998 2052
1999 2000
2000 2001
2000 2053
2001 2053
2001 2054
2002 2003
2002 2054
2002 2055
2002 2056
2003 2004
2003 2055
2003 2056
2003 2057
2004 2005
2004 2056
2004 2057
2004 2058
2005 2057
2005 2058
2005 2059
2006 2059
2006 2060
2006 2061
2007 2008
2007 2061
2007 2062
2007 2063
2008 2009
2008 2062
2008 2063
2008 2064
2009 2010
2009 2063
2009 2064
2009 2065
2010 2064
2010 2065
2010 2066
2011 2012
2011 2066
2011 2067
2011 2068
2012 2013
2012 2067
2012 2068
2013 2068
2014 2015
2014 2069
2014 2070
2015 2016
2015 2069
2015 2070
2015 2071
2016 2070
2016 2071
2016 2072
2017 2018
2017 2072
2017 2073
2017 2074
2018 2073
2018 2074
2019 2020
2019 2075
2019 2076
2020 2075
2020 2076
2020 2077
2021 2022
2021 2077
2021 2078
2021 2079
2022 2023
2022 2078
2022 2079
2022 2080
2023 2079
2023 2080
2024 2025
2024 2081
2024 2082
2025 2026
2025 2081
2025 2082
2025 2083
2026 2082
2026 2083
2026 2084
2027 2028
2027 2084
2027 2085
2027 2086
2028 2029
2028 2085
2028 2086
2029 2030
2029 2086
2030 2031
2030 2087
2031 2032
2031 2087
2031 2088
2032 2033
2032 2087
2032 2088
2033 2088
2033 2089
2034 2035
2034 2090
2034 2091
2035 2036
2035 2091
2035 2092
2036 2037
2036 2091
2036 2092
2036 2093
2037 2038
2037 2092
2037 2093
2037 2094
2038 2039
2038 2093
2038 2094
2038 2095
2039 2040
2039 2094
2039 2095
2040 2041
2040 2095
2040 2096
2041 2042
2041 2096
2041 2097
2042 2043
2042 2096
2042 2097
2042 2098
2043 2044
2043 2097
2043 2098
2043 2099
2044 2098
2044 2099
2044 2100
2045 2046
2045 2102
2045 2103
2045 2104
2046 2047
2046 2103
2046 2104
2046 2105
2047 2048
2047 2104
2047 2105
2048 2049
2048 2105
2048 2106
2049 2050
2049 2106
2050 2106
2050 2107
2051 2052
2051 2107
2051 2108
2051 2109
2052 2108
2052 2109
2052 2110
2053 2054
2053 2111
2053 2112
2053 2113
2054 2055
2054 2112
2054 2113
2054 2114
2055 2056
2055 2113
2055 2114
2056 2057
2056 2114
2057 2058
2057 2115
2058 2059
2058 2115
2058 2116
2059 2060
2059 2115
2059 2116
2060 2061
2060 2116
2060 2117
2061 2062
2061 2117
2061 2118
2062 2063
2062 2117
2062 2118
2062 2119
2063 2064
2063 2118
2063 2119
2063 2120
2064 2065
2064 2119
2064 2120
2064 2121
2065 2066
2065 2120
2065 2121
2065 2122
2066 2067
2066 2121
2066 2122
2066 2123
2067 2068
2067 2122
2067 2123
2067 2124
2068 2123
2068 2124
2068 2125
2069 2070
2069 2126
2069 2127
2069 2128
2070 2071
2070 2127
2070 2128
2071 2072
2071 2128
2071 2129
2072 2073
2072 2129
2072 2130
2073 2074
2073 2129
2073 2130
2074 2130
2075 2076
2075 2131
2075 2132
2076 2077
2076 2131
2076 2132
2076 2133
2077 2078
2077 2132
2077 2133
2077 2134
2078 2079
2078 2133
2078 2134
2078 2135
2079 2080
2079 2134
2079 2135
2079 2136
2080 2135
2080 2136
2080 2137
2081 2082
2081 2137
2081 2138
2081 2139
2082 2083
2082 2138
2082 2139
2082 2140
2083 2084
2083 2139
2083 2140
2084 2085
2084 2140
2084 2141
2085 2086
2085 2141
2085 2142
2086 2141
2086 2142
2086 2143
2087 2088
2087 2144
2087 2145
2087 2146
2088 2145
2088 2146
2088 2147
2089 2090
2089 2147
2089 2148
2090 2148
2090 2149
2091 2092
2091 2149
2091 2150
2092 2093
2092 2150
2092 2151
2093 2094
2093 2150
2093 2151
2093 2152
2094 2095
2094 2151
2094 2152
2095 2152
2095 2153
2096 2097
2096 2153
2096 2154
2097 2098
2097 2154
2097 2155
2098 2099
2098 2155
2099 2100
2099 2155
2100 2101
2100 2156
2101 2102
2101 2156
2101 2157
2102 2103
2102 2156
2102 2157
2103 2104
2103 2157
2103 2158
2104 2105
2104 2158
2104 2159
2105 2158
2105 2159
2106 2160
2106 2161
2107 2108
2107 2161
2107 2162
2107 2163
2108 2109
2108 2162
2108 2163
2108 2164
2109 2110
2109 2163
2109 2164
2109 2165
2110 2164
2110 2165
2110 2166
2111 2112
2111 2166
2111 2167
2111 2168
2112 2113
2112 2167
2112 2168
2112 2169
2113 2114
2113 2168
2113 2169
2113 2170
2114 2169
2114 2170
2114 2171
2115 2116
2115 2172
2115 2173
2116 2173
2117 2118
2117 2174
2118 2119
2118 2174
2118 2175
2119 2120
2119 2175
2119 2176
2120 2121
2120 2175
2120 2176
2120 2177
2121 2122
2121 2176
2121 2177
2121 2178
2122 2123
2122 2177
2122 2178
2122 2179
2123 2124
2123 2178
2123 2179
2123 2180
2124 2125
2124 2179
2124 2180
2124 2181
2125 2126
2125 2180
2125 2181
2125 2182
2126 2127
2126 2181
2126 2182
2127 2128
2127 2182
2127 2183
2128 2183
2129 2130
2129 2184
2129 2185
2130 2184
2130 2185
2130 2186
2131 2132
2131 2187
2132 2133
2132 2187
2132 2188
2133 2134
2133 2188
2134 2135
2134 2188
2134 2189
2135 2136
2135 2189
2135 2190
2136 2137
2136 2189
2136 2190
2137 2138
2137 2190
2137 2191
2138 2139
2138 2191
2138 2192
2139 2140
2139 2191
2139 2192
2139 2193
2140 2192
2140 2193
2141 2142
2141 2194
2141 2195
2142 2143
2142 2194
2142 2195
2142 2196
2143 2144
2143 2195
2143 2196
2143 2197
2144 2145
2144 2196
2144 2197
2144 2198
2145 2146
2145 2197
2145 2198
2145 2199
2146 2147
2146 2198
2146 2199
2146 2200
2147 2148
2147 2199
2147 2200
2147 2201
2148 2200
2148 2201
2148 2202
2149 2202
2149 2203
2149 2204
2150 2151
2150 2204
2150 2205
2150 2206
2151 2152
2151 2205
2151 2206
2152 2206
2152 2207
2153 2154
2153 2207
2153 2208
2153 2209
2154 2208
2154 2209
2155 2210
2155 2211
2156 2157
2156 2212
2156 2213
2157 2213
2157 2214
2158 2159
2158 2214
2158 2215
2158 2216
2159 2215
2159 2216
2159 2217
2160 2161
2160 2217
2160 2218
2161 2162
2161 2218
2161 2219
2162 2163
2162 2219
2162 2220
2163 2164
2163 2219
2163 2220
2163 2221
2164 2165
2164 2220
2164 2221
2164 2222
2165 2166
2165 2221
2165 2222
2165 2223
2166 2167
2166 2222
2166 2223
2167 2168
2167 2223
2167 2224
2168 2169
2168 2224
2168 2225
2169 2170
2169 2224
2169 2225
2169 2226
2170 2171
2170 2225
2170 2226
2170 2227
2171 2172
2171 2226
2171 2227
2172 2173
2172 2227
2172 2228
2173 2228
2173 2229
2174 2230
2174 2231
2174 2232
2175 2176
2175 2232
2175 2233
2175 2234
2176 2177
2176 2233
2176 2234
2176 2235
2177 2178
2177 2234
2177 2235
2177 2236
2178 2179
2178 2235
2178 2236
2179 2180
2179 2236
2180 2181
2180 2237
2181 2182
2181 2237
2181 2238
2182 2237
2182 2238
2183 2239
2184 2185
2184 2239
2184 2240
2184 2241
2185 2186
2185 2240
2185 2241
2185 2242
2186 2241
2186 2242
2187 2243
2187 2244
2188 2244
2188 2245
2188 2246
2189 2190
2189 2246
2189 2247
2189 2248
2190 2247
2190 2248
2190 2249
2191 2192
2191 2249
2191 2250
2191 2251
2192 2193
2192 2250
2192 2251
2192 2252
2193 2251
2193 2252
2193 2253
2194 2195
2194 2253
2194 2254
2194 2255
2195 2196
2195 2254
2195 2255
2195 2256
2196 2197
2196 2255
2196 2256
2197 2198
2197 2256
2197 2257
2198 2199
2198 2257
2198 2258
2199 2200
2199 2257
2199 2258
2199 2259
2200 2201
2200 2258
2200 2259
2200 2260
2201 2202
2201 2259
2201 2260
2201 2261
2202 2203
2202 2260
2202 2261
2202 2262
2203 2204
2203 2261
2203 2262
2203 2263
2204 2205
2204 2262
2204 2263
2204 2264
2205 2206
2205 2263
2205 2264
2206 2264
2206 2265
2207 2208
2207 2265
2207 2266
2207 2267
2208 2209
2208 2266
2208 2267
2208 2268
2209 2267
2209 2268
2209 2269
2210 2211
2210 2269
2210 2270
2210 2271
2211 2212
2211 2270
2211 2271
2211 2272
2212 2213
2212 2271
2212 2272
2212 2273
2213 2272
2213 2273
2213 2274
2214 2215
2214 2274
2214 2275
2215 2216
2215 2275
2215 2276
2216 2217
2216 2276
2216 2277
2217 2218
2217 2276
2217 2277
2218 2277
2218 2278
2219 2220
2219 2278
2219 2279
2220 2221
2220 2279
2220 2280
2221 2222
2221 2279
2221 2280
2221 2281
2222 2223
2222 2280
2222 2281
2222 2282
2223 2281
2223 2282
2223 2283
2224 2225
2224 2283
2224 2284
2225 2226
2225 2284
2225 2285
2226 2227
2226 2284
2226 2285
2227 2285
2227 2286
2228 2229
2228 2286
2229 2230
2230 2231
2230 2287
2231 2232
2231 2287
2232 2233
2232 2287
2233 2234
2233 2288
2234 2235
2234 2288
2235 2236
2235 2288
2236 2289
2237 2238
2237 2290
2237 2291
2237 2292
2238 2291
2238 2292
2238 2293
2239 2240
2239 2294
2239 2295
2240 2241
2240 2294
2240 2295
2240 2296
2241 2242
2241 2295
2241 2296
2241 2297
2242 2296
2242 2297
2243 2244
2243 2298
2243 2299
2244 2245
2244 2298
2244 2299
2244 2300
2245 2246
2245 2299
2245 2300
2245 2301
2246 2247
2246 2300
2246 2301
2246 2302
2247 2248
2247 2301
2247 2302
2247 2303
2248 2249
2248 2302
2248 2303
2249 2250
2249 2303
2249 2304
2250 2251
2250 2304
2250 2305
2251 2252
2251 2304
2251 2305
2251 2306
2252 2253
2252 2305
2252 2306
2252 2307
2253 2254
2253 2306
2253 2307
2253 2308
2254 2255
2254 2307
2254 2308
2254 2309
2255 2256
2255 2308
2255 2309
2255 2310
2256 2309
2256 2310
2256 2311
2257 2258
2257 2311
2257 2312
2258 2259
2258 2312
2259 2260
2259 2312
2260 2261
2261 2262
2262 2263
2262 2313
2263 2264
2263 2313
2263 2314
2264 2313
2264 2314
2264 2315
2265 2266
2265 2315
2265 2316
2266 2267
2266 2316
2266 2317
2267 2268
2267 2317
2267 2318
2268 2269
2268 2317
2268 2318
2268 2319
2269 2270
2269 2318
2269 2319
2270 2271
2270 2319
2271 2272
2271 2320
2272 2273
2272 2320
2272 2321
2273 2274
2273 2320
2273 2321
2273 2322
2274 2275
2274 2321
2274 2322
2275 2322
2275 2323
2276 2277
2276 2323
2276 2324
2276 2325
2277 2324
2277 2325
2278 2326
2278 2327
2279 2280
2279 2327
2279 2328
2280 2281
2280 2328
2281 2282
2281 2329
2282 2283
2282 2329
2282 2330
2283 2329
2283 2330
2283 2331
2284 2285
2284 2331
2284 2332
2284 2333
2285 2332
2285 2333
2285 2334
2286 2334
2286 2335
2286 2336
2287 2338
2287 2339
2288 2340
2288 2341
2289 2290
2289 2342
2289 2343
2289 2344
2290 2291
2290 2343
2290 2344
2290 2345
2291 2292
2291 2344
2291 2345
2291 2346
2292 2293
2292 2345
2292 2346
2292 2347
2293 2346
2293 2347
2293 2348
2294 2295
2294 2348
2294 2349
2294 2350
2295 2296
2295 2349
2295 2350
2295 2351
2296 2297
2296 2350
2296 2351
2296 2352
2297 2351
2297 2352
2298 2299
2298 2353
2298 2354
2299 2300
2299 2353
2299 2354
2300 2301
2300 2354
2300 2355
2301 2302
2301 2355
2301 2356
2302 2303
2302 2355
2302 2356
2302 2357
2303 2356
2303 2357
2304 2305
2304 2358
2304 2359
2305 2306
2305 2358
2305 2359
2305 2360
2306 2307
2306 2359
2306 2360
2307 2308
2307 2360
2307 2361
2308 2309
2308 2361
2308 2362
2309 2310
2309 2361
2309 2362
2309 2363
2310 2311
2310 2362
2310 2363
2311 2363
2311 2364
2312 2364
2312 2365
2312 2366
2313 2314
2313 2369
2313 2370
2313 2371
2314 2315
2314 2370
2314 2371
2314 2372
2315 2316
2315 2371
2315 2372
2315 2373
2316 2372
2316 2373
2317 2318
2317 2374
2318 2319
2318 2374
2318 2375
2319 2374
2319 2375
2319 2376
2320 2321
2320 2377
2320 2378
2320 2379
2321 2322
2321 2378
2321 2379
2321 2380
2322 2379
2322 2380
2322 2381
2323 2324
2323 2381
2323 2382
2324 2325
2324 2382
2324 2383
2325 2383
2326 2327
2326 2384
2326 2385
2327 2328
2327 2384
2327 2385
2327 2386
2328 2385
2328 2386
2328 2387
2329 2330
2329 2388
2329 2389
2330 2331
2330 2389
2330 2390
2331 2332
2331 2390
2331 2391
2332 2333
2332 2390
2332 2391
2332 2392
2333 2334
2333 2391
2333 2392
2333 2393
2334 2335
2334 2392
2334 2393
2334 2394
2335 2336
2335 2393
2335 2394
2336 2337
2336 2394
2337 2338
2337 2395
2338 2395
2338 2396
2339 2340
2339 2396
2339 2397
2339 2398
2340 2341
2340 2397
2340 2398
2340 2399
2341 2398
2341 2399
2341 2400
2342 2343
2342 2400
2342 2401
2342 2402
2343 2344
2343 2401
2343 2402
2343 2403
2344 2345
2344 2402
2344 2403
2344 2404
2345 2346
2345 2403
2345 2404
2345 2405
2346 2347
2346 2404
2346 2405
2346 2406
2347 2348
2347 2405
2347 2406
2347 2407
2348 2349
2348 2406
2348 2407
2348 2408
2349 2350
2349 2407
2349 2408
2350 2351
2350 2408
2350 2409
2351 2352
2351 2409
2351 2410
2352 2409
2352 2410
2353 2354
2353 2411
2354 2411
2354 2412
2355 2356
2355 2412
2355 2413
2355 2414
2356 2357
2356 2413
2356 2414
2356 2415
2357 2414
2357 2415
2357 2416
2358 2359
2358 2416
2358 2417
2359 2360
2359 2417
2359 2418
2360 2418
2361 2362
2361 2419
2361 2420
2362 2363
2362 2419
2362 2420
2363 2420
2364 2365
2364 2421
2364 2422
2365 2366
2365 2421
2365 2422
2365 2423
2366 2367
2366 2422
2366 2423
2366 2424
2367 2368
2367 2423
2367 2424
2367 2425
2368 2369
2368 2424
2368 2425
2368 2426
2369 2370
2369 2425
2369 2426
2369 2427
2370 2371
2370 2426
2370 2427
2370 2428
2371 2372
2371 2427
2371 2428
2371 2429
2372 2373
2372 2428
2372 2429
2372 2430
2373 2429
2373 2430
2373 2431
2374 2375
2374 2432
2374 2433
2375 2376
2375 2433
2375 2434
2376 2377
2376 2434
2376 2435
2377 2378
2377 2434
2377 2435
2377 2436
2378 2379
2378 2435
2378 2436
2378 2437
2379 2380
2379 2436
2379 2437
2380 2381
2380 2437
2381 2382
2381 2438
2382 2438
2382 2439
2383 2439
2383 2440
2383 2441
2384 2385
2384 2441
2384 2442
2385 2386
2385 2442
2385 2443
2386 2387
2386 2442
2386 2443
2386 2444
2387 2388
2387 2443
2387 2444
2387 2445
2388 2389
2388 2444
2388 2445
2388 2446
2389 2445
2389 2446
2389 2447
2390 2391
2390 2447
2390 2448
2390 2449
2391 2392
2391 2448
2391 2449
2391 2450
2392 2393
2392 2449
2392 2450
2392 2451
2393 2394
2393 2450
2393 2451
2394 2451
2395 2396
2395 2452
2395 2453
2396 2397
2396 2453
2396 2454
2397 2398
2397 2453
2397 2454
2397 2455
2398 2399
2398 2454
2398 2455
2398 2456
2399 2400
2399 2455
2399 2456
2399 2457
2400 2401
2400 2456
2400 2457
2400 2458
2401 2402
2401 2457
2401 2458
2401 2459
2402 2403
2402 2458
2402 2459
2403 2404
2403 2459
2403 2460
2404 2405
2404 2460
2404 2461
2405 2406
2405 2460
2405 2461
2405 2462
2406 2407
2406 2461
2406 2462
2406 2463
2407 2408
2407 2462
2407 2463
2407 2464
2408 2463
2408 2464
2409 2410
2409 2465
2410 2465
2411 2466
2412 2413
2412 2467
2412 2468
2413 2414
2413 2467
2413 2468
2413 2469
2414 2415
2414 2468
2414 2469
2414 2470
2415 2416
2415 2469
2415 2470
2415 2471
2416 2417
2416 2470
2416 2471
2416 2472
2417 2471
2417 2472
2417 2473
2418 2473
2418 2474
2418 2475
2419 2420
2419 2475
2419 2476
2419 2477
2420 2476
2420 2477
2421 2422
2422 2423
2422 2478
2423 2424
2423 2478
2423 2479
2424 2425
2424 2478
2424 2479
2425 2426
2425 2479
2426 2427
2426 2480
2427 2428
2427 2480
2428 2429
2428 2480
2428 2481
2429 2430
2429 2481
2429 2482
2430 2431
2430 2481
2430 2482
2430 2483
2431 2432
2431 2482
2431 2483
2431 2484
2432 2433
2432 2483
2432 2484
2432 2485
2433 2484
2433 2485
2434 2435
2434 2486
2434 2487
2435 2436
2435 2486
2435 2487
2436 2437
2436 2487
2437 2488
2438 2439
2438 2489
2438 2490
2439 2440
2439 2490
2439 2491
2440 2441
2440 2491
2440 2492
2441 2491
2441 2492
2441 2493
2442 2443
2442 2493
2442 2494
2443 2444
2443 2494
2443 2495
2444 2445
2444 2494
2444 2495
2445 2446
2445 2495
2445 2496
2446 2447
2446 2496
2446 2497
2447 2448
2447 2496
2447 2497
2447 2498
2448 2449
2448 2497
2448 2498
2448 2499
2449 2450
2449 2498
2449 2499
2450 2451
2450 2499
2450 2500
2451 2500
2451 2501
2452 2502
2452 2503
2452 2504
2453 2454
2453 2504
2453 2505
2453 2506
2454 2455
2454 2505
2454 2506
2454 2507
2455 2456
2455 2506
2455 2507
2455 2508
2456 2457
2456 2507
2456 2508
2456 2509
2457 2458
2457 2508
2457 2509
2458 2459
2458 2509
2460 2461
2460 2510
2461 2462
2461 2510
2462 2463
2462 2510
2462 2511
2463 2464
2463 2511
2463 2512
2464 2511
2464 2512
2464 2513
2465 2514
2466 2515
2466 2516
2467 2468
2467 2516
2467 2517
2467 2518
2468 2469
2468 2517
2468 2518
2468 2519
2469 2470
2469 2518
2469 2519
2469 2520
2470 2471
2470 2519
2470 2520
2470 2521
2471 2472
2471 2520
2471 2521
2472 2473
2472 2521
2472 2522
2473 2474
2473 2522
2473 2523
2474 2475
2474 2522
2474 2523
2474 2524
2475 2476
2475 2523
2475 2524
2476 2477
2476 2524
2476 2525
2477 2525
2477 2526
2478 2479
2478 2528
2478 2529
2479 2528
2479 2529
2479 2530
2480 2531
2480 2532
2480 2533
2481 2482
2481 2533
2481 2534
2481 2535
2482 2483
2482 2534
2482 2535
2482 2536
2483 2484
2483 2535
2483 2536
2483 2537
2484 2485
2484 2536
2484 2537
2484 2538
2485 2537
2485 2538
2486 2487
2486 2539
2486 2540
2487 2539
2487 2540
2487 2541
2488 2489
2488 2542
2488 2543
2489 2490
2489 2543
2489 2544
2490 2544
2490 2545
2491 2492
2491 2545
2491 2546
2492 2493
2492 2546
2494 2495
2494 2547
2495 2547
2495 2548
2496 2497
2496 2548
2496 2549
2496 2550
2497 2498
2497 2549
2497 2550
2498 2499
2498 2550
2500 2501
2500 2551
2500 2552
2501 2502
2501 2551
2501 2552
2501 2553
2502 2503
2502 2552
2502 2553
2502 2554
2503 2504
2503 2553
2503 2554
2504 2505
2504 2554
2504 2555
2505 2506
2505 2555
2505 2556
2506 2507
2506 2555
2506 2556
2506 2557
2507 2508
2507 2556
2507 2557
2507 2558
2508 2509
2508 2557
2508 2558
2508 2559
2509 2558
2509 2559
2509 2560
2510 2563
2510 2564
2510 2565
2511 2512
2511 2565
2511 2566
2511 2567
2512 2513
2512 2566
2512 2567
2513 2567
2514 2568
2515 2516
2515 2569
2516 2517
2516 2569
2516 2570
2517 2518
2517 2569
2517 2570
2517 2571
2518 2519
2518 2570
2518 2571
2518 2572
2519 2520
2519 2571
2519 2572
2519 2573
2520 2521
2520 2572
2520 2573
2520 2574
2521 2573
2521 2574
2521 2575
2522 2523
2522 2575
2522 2576
2523 2524
2523 2576
2523 2577
2524 2577
2524 2578
2525 2526
2525 2578
2525 2579
2525 2580
2526 2579
2526 2580
2526 2581
2527 2581
2527 2582
2527 2583
2528 2529
2528 2583
2528 2584
2529 2530
2529 2584
2530 2531
2530 2585
2531 2532
2531 2585
2531 2586
2532 2533
2532 2585
2532 2586
2532 2587
2533 2534
2533 2586
2533 2587
2533 2588
2534 2535
2534 2587
2534 2588
2534 2589
2535 2536
2535 2588
2535 2589
2536 2537
2536 2589
2536 2590
2537 2538
2537 2590
2537 2591
2538 2590
2538 2591
2538 2592
2539 2540
2539 2592
2539 2593
2539 2594
2540 2541
2540 2593
2540 2594
2540 2595
2541 2542
2541 2594
2541 2595
2541 2596
2542 2543
2542 2595
2542 2596
2542 2597
2543 2596
2543 2597
2543 2598
2544 2545
2544 2598
2544 2599
2545 2546
2545 2599
2545 2600
2546 2599
2546 2600
2546 2601
2547 2603
2547 2604
2548 2549
2548 2604
2548 2605
2548 2606
2549 2550
2549 2605
2549 2606
2550 2606
2550 2607
2551 2552
2551 2609
2551 2610
2551 2611
2552 2553
2552 2610
2552 2611
2552 2612
2553 2554
2553 2611
2553 2612
2553 2613
2554 2612
2554 2613
2554 2614
2555 2556
2555 2614
2555 2615
2556 2557
2556 2615
2557 2558
2558 2559
2558 2616
2559 2560
2559 2616
2559 2617
2560 2561
2560 2616
2560 2617
2560 2618
2561 2562
2561 2617
2561 2618
2561 2619
2562 2563
2562 2618
2562 2619
2562 2620
2563 2564
2563 2619
2563 2620
2564 2565
2564 2620
2564 2621
2565 2566
2565 2621
2565 2622
2566 2567
2566 2621
2566 2622
2566 2623
2567 2622
2567 2623
2567 2624
2568 2625
2569 2570
2569 2626
2569 2627
2569 2628
2570 2571
2570 2627
2570 2628
2571 2572
2571 2628
2571 2629
2572 2573
2572 2629
2572 2630
2573 2574
2573 2629
2573 2630
2574 2575
2574 2630
2574 2631
2575 2576
2575 2631
2575 2632
2576 2631
2576 2632
2576 2633
2577 2578
2577 2633
2577 2634
2577 2635
2578 2579
2578 2634
2578 2635
2579 2580
2579 2635
2579 2636
2580 2581
2580 2636
2580 2637
2581 2582
2581 2636
2581 2637
2581 2638
2582 2583
2582 2637
2582 2638
2582 2639
2583 2584
2583 2638
2583 2639
2584 2639
2584 2640
2585 2586
2585 2641
2585 2642
2586 2587
2586 2642
2586 2643
2587 2588
2587 2643
2587 2644
2588 2589
2588 2643
2588 2644
2588 2645
2589 2644
2589 2645
2589 2646
2590 2591
2590 2646
2590 2647
2591 2592
2591 2647
2591 2648
2592 2593
2592 2647
2592 2648
2592 2649
2593 2594
2593 2648
2593 2649
2593 2650
2594 2595
2594 2649
2594 2650
2594 2651
2595 2596
2595 2650
2595 2651
2595 2652
2596 2597
2596 2651
2596 2652
2597 2598
2597 2652
2598 2653
2599 2600
2599 2653
2599 2654
2599 2655
2600 2601
2600 2654
2600 2655
2600 2656
2601 2602
2601 2655
2601 2656
2601 2657
2602 2656
2602 2657
2602 2658
2603 2604
2603 2658
2603 2659
2603 2660
2604 2605
2604 2659
2604 2660
2604 2661
2605 2606
2605 2660
2605 2661
2605 2662
2606 2661
2606 2662
2606 2663
2607 2608
2607 2663
2607 2664
2608 2609
2608 2664
2608 2665
2609 2610
2609 2664
2609 2665
2609 2666
2610 2611
2610 2665
2610 2666
2610 2667
2611 2612
2611 2666
2611 2667
2611 2668
2612 2613
2612 2667
2612 2668
2612 2669
2613 2614
2613 2668
2613 2669
2613 2670
2614 2615
2614 2669
2614 2670
2614 2671
2615 2670
2615 2671
2615 2672
2616 2617
2616 2674
2616 2675
2616 2676
2617 2618
2617 2675
2617 2676
2617 2677
2618 2619
2618 2676
2618 2677
2618 2678
2619 2620
2619 2677
2619 2678
2620 2678
2621 2622
2621 2679
2621 2680
2622 2623
2622 2679
2622 2680
2622 2681
2623 2624
2623 2680
2623 2681
2623 2682
2624 2625
2624 2681
2624 2682
2624 2683
2625 2682
2625 2683
2625 2684
2626 2627
2626 2685
2626 2686
2627 2628
2627 2685
2627 2686
2628 2686
2628 2687
2629 2630
2629 2687
2629 2688
2629 2689
2630 2688
2630 2689
2631 2632
2631 2690
2631 2691
2632 2633
2632 2690
2632 2691
2633 2634
2633 2691
2633 2692
2634 2635
2634 2692
2634 2693
2635 2692
2635 2693
2635 2694
2636 2637
2636 2694
2636 2695
2636 2696
2637 2638
2637 2695
2637 2696
2638 2639
2638 2696
2639 2697
2640 2641
2640 2697
2640 2698
2640 2699
2641 2642
2641 2698
2641 2699
2641 2700
2642 2699
2642 2700
2642 2701
2643 2644
2643 2701
2643 2702
2643 2703
2644 2645
2644 2702
2644 2703
2644 2704
2645 2646
2645 2703
2645 2704
2645 2705
2646 2704
2646 2705
2647 2648
2647 2706
2647 2707
2648 2649
2648 2706
2648 2707
2649 2650
2649 2707
2649 2708
2650 2651
2650 2708
2650 2709
2651 2652
2651 2708
2651 2709
2651 2710
2652 2709
2652 2710
2652 2711
2653 2654
2653 2712
2653 2713
2653 2714
2654 2655
2654 2713
2654 2714
2655 2656
2655 2714
2655 2715
2656 2657
2656 2715
2656 2716
2657 2658
2657 2715
2657 2716
2657 2717
2658 2659
2658 2716
2658 2717
2658 2718
2659 2660
2659 2717
2659 2718
2659 2719
2660 2661
2660 2718
2660 2719
2660 2720
2661 2662
2661 2719
2661 2720
2661 2721
2662 2663
2662 2720
2662 2721
2662 2722
2663 2721
2663 2722
2663 2723
2664 2665
2664 2723
2664 2724
2665 2666
2665 2724
2665 2725
2666 2667
2666 2725
2666 2726
2667 2668
2667 2725
2667 2726
2667 2727
2668 2669
2668 2726
2668 2727
2668 2728
2669 2670
2669 2727
2669 2728
2669 2729
2670 2671
2670 2728
2670 2729
2671 2672
2671 2729
2671 2730
2672 2673
2672 2730
2672 2731
2673 2674
2673 2730
2673 2731
2673 2732
2674 2675
2674 2731
2674 2732
2674 2733
2675 2676
2675 2732
2675 2733
2675 2734
2676 2677
2676 2733
2676 2734
2676 2735
2677 2678
2677 2734
2677 2735
2677 2736
2678 2735
2678 2736
2678 2737
2679 2680
2679 2738
2679 2739
2680 2681
2680 2738
2680 2739
2680 2740
2681 2682
2681 2739
2681 2740
2682 2683
2682 2740
2682 2741
2683 2684
2683 2741
2683 2742
2684 2741
2684 2742
2685 2686
2685 2743
2686 2743
2686 2744
2687 2688
2687 2744
2687 2745
2688 2689
2688 2745
2688 2746
2689 2745
2689 2746
2689 2747
2690 2691
2690 2747
2690 2748
2691 2748
2692 2693
2692 2749
2693 2694
2693 2749
2693 2750
2694 2695
2694 2750
2694 2751
2695 2696
2695 2750
2695 2751
2696 2751
2697 2698
2697 2752
2697 2753
2697 2754
2698 2699
2698 2753
2698 2754
2698 2755
2699 2700
2699 2754
2699 2755
2699 2756
2700 2701
2700 2755
2700 2756
2700 2757
2701 2702
2701 2756
2701 2757
2701 2758
2702 2703
2702 2757
2702 2758
2702 2759
2703 2704
2703 2758
2703 2759
2703 2760
2704 2705
2704 2759
2704 2760
2704 2761
2705 2760
2705 2761
2705 2762
2706 2707
2706 2762
2706 2763
2707 2763
2707 2764
2708 2709
2708 2764
2708 2765
2709 2710
2709 2765
2709 2766
2710 2711
2710 2766
2710 2767
2711 2712
2711 2766
2711 2767
2711 2768
2712 2713
2712 2767
2712 2768
2712 2769
2713 2714
2713 2768
2713 2769
2713 2770
2714 2769
2714 2770
2715 2716
2715 2771
2715 2772
2716 2717
2716 2771
2716 2772
2717 2718
2717 2772
2717 2773
2718 2719
2718 2773
2718 2774
2719 2720
2719 2773
2719 2774
2719 2775
2720 2721
2720 2774
2720 2775
2720 2776
2721 2722
2721 2775
2721 2776
2722 2723
2722 2776
2723 2724
2723 2777
2724 2777
2724 2778
2725 2726
2725 2778
2725 2779
2725 2780
2726 2727
2726 2779
2726 2780
2727 2728
2727 2780
2727 2781
2728 2729
2728 2781
2728 2782
2729 2781
2729 2782
2729 2783
2730 2731
2730 2783
2730 2784
2731 2732
2731 2784
2732 2733
2732 2784
2732 2785
2733 2734
2733 2785
2733 2786
2734 2735
2734 2785
2734 2786
2735 2736
2735 2786
2735 2787
2736 2737
2736 2787
2736 2788
2737 2787
2737 2788
2737 2789
2738 2739
2738 2789
2738 2790
2738 2791
2739 2740
2739 2790
2739 2791
2739 2792
2740 2791
2740 2792
2740 2793
2741 2742
2741 2793
2741 2794
2741 2795
2742 2794
2742 2795
2743 2744
2743 2796
2743 2797
2743 2798
2744 2797
2744 2798
2744 2799
2745 2746
2745 2799
2746 2747
2746 2800
2747 2800
2747 2801
2748 2801
2748 2802
2749 2802
2749 2803
2750 2751
2750 2804
2750 2805
2751 2804
2751 2805
2751 2806
2752 2753
2752 2807
2752 2808
2753 2754
2753 2807
2753 2808
2753 2809
2754 2755
2754 2808
2754 2809
2754 2810
2755 2756
2755 2809
2755 2810
2755 2811
2756 2757
2756 2810
2756 2811
2757 2758
2757 2811
2757 2812
2758 2759
2758 2812
2758 2813
2759 2760
2759 2812
2759 2813
2760 2761
2760 2813
2760 2814
2761 2762
2761 2814
2761 2815
2762 2763
2762 2814
2762 2815
2762 2816
2763 2815
2763 2816
2764 2765
2764 2817
2764 2818
2765 2817
2765 2818
2765 2819
2766 2767
2766 2819
2766 2820
2766 2821
2767 2768
2767 2820
2767 2821
2768 2769
2768 2821
2769 2770
2769 2822
2770 2822
2770 2823
2771 2772
2771 2823
2771 2824
2771 2825
2772 2824
2772 2825
2772 2826
2773 2774
2773 2826
2773 2827
2773 2828
2774 2775
2774 2827
2774 2828
2774 2829
2775 2776
2775 2828
2775 2829
2775 2830
2776 2829
2776 2830
2776 2831
2777 2778
2777 2832
2777 2833
2778 2779
2778 2833
2778 2834
2779 2780
2779 2834
2779 2835
2780 2834
2780 2835
2780 2836
2781 2782
2781 2836
2781 2837
2782 2783
2782 2837
2783 2837
2783 2838
2784 2838
2784 2839
2785 2786
2785 2839
2786 2840
2787 2788
2787 2840
2787 2841
2787 2842
2788 2789
2788 2841
2788 2842
2788 2843
2789 2790
2789 2842
2789 2843
2789 2844
2790 2791
2790 2843
2790 2844
2790 2845
2791 2792
2791 2844
2791 2845
2791 2846
2792 2793
2792 2845
2792 2846
2792 2847
2793 2794
2793 2846
2793 2847
2793 2848
2794 2795
2794 2847
2794 2848
2795 2848
2796 2797
2796 2849
2796 2850
2797 2798
2797 2849
2797 2850
2797 2851
2798 2799
2798 2850
2798 2851
2799 2851
2799 2852
2800 2801
2800 2853
2800 2854
2800 2855
2801 2854
2801 2855
2801 2856
2802 2803
2802 2856
2802 2857
2802 2858
2803 2857
2803 2858
2803 2859
2804 2805
2804 2859
2804 2860
2804 2861
2805 2806
2805 2860
2805 2861
2805 2862
2806 2861
2806 2862
2806 2863
2807 2808
2807 2863
2807 2864
2808 2809
2808 2864
2809 2810
2809 2864
2810 2811
2810 2865
2811 2865
2811 2866
2812 2813
2812 2866
2812 2867
2813 2867
2813 2868
2814 2815
2814 2868
2814 2869
2815 2816
2815 2869
2815 2870
2816 2870
2816 2871
2817 2818
2817 2871
2817 2872
2817 2873
2818 2819
2818 2872
2818 2873
2818 2874
2819 2820
2819 2873
2819 2874
2819 2875
2820 2821
2820 2874
2820 2875
2820 2876
2821 2875
2821 2876
2821 2877
2822 2823
2822 2878
2822 2879
2822 2880
2823 2824
2823 2879
2823 2880
2824 2825
2824 2880
2824 2881
2825 2826
2825 2881
2825 2882
2826 2827
2826 2881
2826 2882
2826 2883
2827 2828
2827 2882
2827 2883
2827 2884
2828 2829
2828 2883
2828 2884
2828 2885
2829 2830
2829 2884
2829 2885
2829 2886
2830 2831
2830 2885
2830 2886
2830 2887
2831 2832
2831 2886
2831 2887
2831 2888
2832 2833
2832 2887
2832 2888
2832 2889
2833 2888
2833 2889
2833 2890
2834 2835
2834 2890
2834 2891
2835 2836
2835 2891
2835 2892
2836 2891
2836 2892
2836 2893
2837 2893
2837 2894
2837 2895
2838 2895
2838 2896
2838 2897
2839 2897
2839 2898
2839 2899
2840 2841
2840 2900
2840 2901
2841 2842
2841 2900
2841 2901
2842 2843
2842 2901
2843 2844
2843 2902
2844 2845
2844 2902
2844 2903
2845 2846
2845 2902
2845 2903
2845 2904
2846 2847
2846 2903
2846 2904
2846 2905
2847 2848
2847 2904
2847 2905
2848 2905
2848 2906
2849 2850
2849 2907
2850 2851
2850 2907
2850 2908
2851 2908
2851 2909
2852 2853
2852 2909
2852 2910
2853 2854
2853 2910
2853 2911
2854 2855
2854 2911
2854 2912
2855 2856
2855 2911
2855 2912
2856 2857
2856 2912
2856 2913
2857 2858
2857 2913
2858 2859
2858 2913
2859 2860
2859 2914
2860 2861
2860 2914
2860 2915
2861 2862
2861 2914
2861 2915
2861 2916
2862 2863
2862 2915
2862 2916
2862 2917
2863 2916
2863 2917
2863 2918
2864 2918
2864 2919
2864 2920
2865 2866
2865 2921
2865 2922
2865 2923
2866 2922
2866 2923
2867 2868
2867 2924
2868 2869
2868 2924
2868 2925
2869 2924
2869 2925
2869 2926
2870 2871
2870 2926
2870 2927
2871 2872
2871 2927
2872 2873
2872 2927
2872 2928
2873 2874
2873 2928
2874 2875
2874 2928
2874 2929
2875 2876
2875 2929
2876 2877
2876 2929
2876 2930
2877 2878
2877 2930
2877 2931
2878 2879
2878 2930
2878 2931
2878 2932
2879 2880
2879 2931
2879 2932
2880 2932
2880 2933
2881 2882
2881 2933
2881 2934
2881 2935
2882 2883
2882 2934
2882 2935
2882 2936
2883 2884
2883 2935
2883 2936
2883 2937
2884 2885
2884 2936
2884 2937
2884 2938
2885 2886
2885 2937
2885 2938
2885 2939
2886 2887
2886 2938
2886 2939
2886 2940
2887 2888
2887 2939
2887 2940
2887 2941
2888 2889
2888 2940
2888 2941
2888 2942
2889 2890
2889 2941
2889 2942
2890 2942
2890 2943
2891 2892
2891 2943
2891 2944
2891 2945
2892 2893
2892 2944
2892 2945
2893 2894
2893 2945
2893 2946
2894 2895
2894 2946
2894 2947
2895 2896
2895 2946
2895 2947
2895 2948
2896 2897
2896 2947
2896 2948
2896 2949
2897 2898
2897 2948
2897 2949
2897 2950
2898 2899
2898 2949
2898 2950
2899 2950
2899 2951
2900 2901
2900 2951
2900 2952
2900 2953
2901 2952
2901 2953
2902 2903
2902 2954
2902 2955
2903 2904
2903 2954
2903 2955
2903 2956
2904 2905
2904 2955
2904 2956
2904 2957
2905 2956
2905 2957
2906 2958
2907 2959
2907 2960
2908 2909
2908 2960
2908 2961
2908 2962
2909 2910
2909 2961
2909 2962
2909 2963
2910 2962
2910 2963
2910 2964
2911 2912
2911 2964
2911 2965
2912 2965
2912 2966
2913 2966
2913 2967
2913 2968
2914 2915
2914 2969
2914 2970
2914 2971
2915 2916
2915 2970
2915 2971
2916 2917
2916 2971
2916 2972
2917 2918
2917 2972
2918 2919
2918 2972
2918 2973
2919 2920
2919 2973
2920 2921
2920 2973
2921 2922
2921 2974
2922 2923
2922 2974
2922 2975
2923 2974
2923 2975
2923 2976
2924 2925
2924 2977
2924 2978
2925 2926
2925 2978
2925 2979
2926 2978
2926 2979
2927 2980
2928 2980
2928 2981
2928 2982
2929 2982
2929 2983
2929 2984
2930 2931
2930 2984
2930 2985
2930 2986
2931 2932
2931 2985
2931 2986
2931 2987
2932 2986
2932 2987
2932 2988
2933 2934
2933 2988
2933 2989
2933 2990
2934 2935
2934 2989
2934 2990
2934 2991
2935 2936
2935 2990
2935 2991
2936 2937
2936 2991
2936 2992
2937 2938
2937 2992
2937 2993
2938 2939
2938 2992
2938 2993
2938 2994
2939 2940
2939 2993
2939 2994
2940 2941
2940 2994
2941 2942
2941 2995
2942 2995
2942 2996
2943 2944
2943 2996
2943 2997
2943 2998
2944 2945
2944 2997
2944 2998
2944 2999
2945 2998
2945 2999
2945 3000
2946 2947
2946 3000
2946 3001
2946 3002
2947 2948
2947 3001
2947 3002
2947 3003
2948 2949
2948 3002
2948 3003
2948 3004
2949 2950
2949 3003
2949 3004
2950 3004
2950 3005
2951 2952
2951 3005
2951 3006
2952 2953
2952 3006
2952 3007
2953 3007
2953 3008
2954 2955
2954 3009
2954 3010
2954 3011
2955 2956
2955 3010
2955 3011
2955 3012
2956 2957
2956 3011
2956 3012
2957 3012
2958 3013
2959 2960
2959 3014
2960 2961
2960 3014
2960 3015
2961 2962
2961 3015
2961 3016
2962 2963
2962 3015
2962 3016
2962 3017
2963 2964
2963 3016
2963 3017
2963 3018
2964 3017
2964 3018
2964 3019
2965 2966
2965 3019
2965 3020
2965 3021
2966 2967
2966 3020
2966 3021
2966 3022
2967 2968
2967 3021
2967 3022
2967 3023
2968 2969
2968 3022
2968 3023
2969 2970
2969 3023
2969 3024
2970 2971
2970 3024
2970 3025
2971 3024
2971 3025
2971 3026
2972 3026
2972 3027
2973 3027
2973 3028
2973 3029
2974 2975
2974 3030
2975 2976
2975 3030
2975 3031
2976 2977
2976 3031
2977 3031
2978 2979
2978 3032
2979 3032
2979 3033
2980 2981
2980 3034
2980 3035
2980 3036
2981 2982
2981 3035
2981 3036
2982 2983
2982 3036
2983 2984
2983 3037
2984 2985
2984 3037
2985 2986
2985 3037
2985 3038
2986 2987
2986 3038
2987 2988
2987 3038
2987 3039
2988 2989
2988 3039
2988 3040
2989 2990
2989 3039
2989 3040
2989 3041
2990 2991
2990 3040
2990 3041
2990 3042
2991 3041
2991 3042
2991 3043
2992 2993
2992 3043
2992 3044
2992 3045
2993 2994
2993 3044
2993 3045
2993 3046
2994 3045
2994 3046
2994 3047
2995 2996
2995 3048
2995 3049
2996 2997
2996 3049
2996 3050
2997 2998
2997 3050
2997 3051
2998 2999
2998 3050
2998 3051
2998 3052
2999 3000
2999 3051
2999 3052
3000 3001
3000 3052
3000 3053
3001 3002
3001 3053
3001 3054
3002 3003
3002 3053
3002 3054
3002 3055
3003 3004
3003 3054
3003 3055
3003 3056
3004 3055
3004 3056
3004 3057
3005 3006
3005 3057
3005 3058
3006 3058
3006 3059
3007 3008
3007 3059
3007 3060
3007 3061
3008 3009
3008 3060
3008 3061
3008 3062
3009 3010
3009 3061
3009 3062
3009 3063
3010 3011
3010 3062
3010 3063
3010 3064
3011 3012
3011 3063
3011 3064
3011 3065
3012 3064
3012 3065
3012 3066
3013 3067
3013 3068
3014 3069
3014 3070
3015 3016
3015 3070
3015 3071
3015 3072
3016 3017
3016 3071
3016 3072
3016 3073
3017 3018
3017 3072
3017 3073
3017 3074
3018 3019
3018 3073
3018 3074
3018 3075
3019 3020
3019 3074
3019 3075
3019 3076
3020 3021
3020 3075
3020 3076
3020 3077
3021 3022
3021 3076
3021 3077
3021 3078
3022 3023
3022 3077
3022 3078
3023 3078
3023 3079
3024 3025
3024 3079
3024 3080
3024 3081
3025 3026
3025 3080
3025 3081
3025 3082
3026 3081
3026 3082
3027 3028
3027 3083
3027 3084
3028 3029
3028 3083
3028 3084
3028 3085
3029 3084
3029 3085
3029 3086
3030 3086
3030 3087
3031 3088
3031 3089
3032 3090
3032 3091
3033 3034
3033 3091
3033 3092
3034 3035
3034 3092
3034 3093
3035 3036
3035 3093
3035 3094
3036 3093
3036 3094
3036 3095
3037 3096
3037 3097
3037 3098
3038 3098
3038 3099
3038 3100
3039 3040
3039 3100
3039 3101
3039 3102
3040 3041
3040 3101
3040 3102
3041 3042
3041 3102
3041 3103
3042 3043
3042 3103
3042 3104
3043 3044
3043 3103
3043 3104
3043 3105
3044 3045
3044 3104
3044 3105
3044 3106
3045 3046
3045 3105
3045 3106
3045 3107
3046 3047
3046 3106
3046 3107
3046 3108
3047 3048
3047 3107
3047 3108
3047 3109
3048 3049
3048 3108
3048 3109
3048 3110
3049 3109
3049 3110
3049 3111
3050 3051
3050 3111
3050 3112
3050 3113
3051 3052
3051 3112
3051 3113
3051 3114
3052 3113
3052 3114
3052 3115
3053 3054
3053 3115
3053 3116
3053 3117
3054 3055
3054 3116
3054 3117
3054 3118
3055 3056
3055 3117
3055 3118
3055 3119
3056 3057
3056 3118
3056 3119
3056 3120
3057 3058
3057 3119
3057 3120
3058 3120
3059 3060
3059 3121
3059 3122
3060 3061
3060 3121
3060 3122
3060 3123
3061 3062
3061 3122
3061 3123
3062 3063
3062 3123
3062 3124
3063 3064
3063 3124
3063 3125
3064 3065
3064 3124
3064 3125
3065 3066
3065 3125
3065 3126
3066 3067
3066 3126
3066 3127
3067 3068
3067 3126
3067 3127
3067 3128
3068 3127
3068 3128
3069 3070
3069 3129
3070 3071
3070 3129
3070 3130
3071 3072
3071 3130
3071 3131
3072 3073
3072 3130
3072 3131
3073 3074
3073 3131
3073 3132
3074 3075
3074 3132
3075 3076
3075 3132
3075 3133
3076 3077
3076 3133
3077 3078
3077 3133
3077 3134
3078 3134
3078 3135
3079 3080
3079 3135
3079 3136
3079 3137
3080 3081
3080 3136
3080 3137
3080 3138
3081 3082
3081 3137
3081 3138
3081 3139
3082 3138
3082 3139
3082 3140
3083 3084
3083 3140
3083 3141
3083 3142
3084 3085
3084 3141
3084 3142
3084 3143
3085 3086
3085 3142
3085 3143
3085 3144
3086 3087
3086 3143
3086 3144
3086 3145
3087 3144
3087 3145
3087 3146
3088 3089
3088 3146
3088 3147
3088 3148
3089 3147
3089 3148
3089 3149
3090 3091
3090 3149
3090 3150
3091 3092
3091 3150
3091 3151
3092 3150
3092 3151
3092 3152
3093 3094
3093 3152
3093 3153
3093 3154
3094 3095
3094 3153
3094 3154
3094 3155
3095 3096
3095 3154
3095 3155
3095 3156
3096 3097
3096 3155
3096 3156
3096 3157
3097 3098
3097 3156
3097 3157
3097 3158
3098 3099
3098 3157
3098 3158
3099 3100
3099 3158
3099 3159
3100 3101
3100 3159
3100 3160
3101 3102
3101 3159
3101 3160
3101 3161
3102 3160
3102 3161
3102 3162
3103 3104
3103 3162
3103 3163
3103 3164
3104 3105
3104 3163
3104 3164
3104 3165
3105 3106
3105 3164
3105 3165
3105 3166
3106 3107
3106 3165
3106 3166
3106 3167
3107 3108
3107 3166
3107 3167
3108 3109
3108 3167
3108 3168
3109 3110
3109 3168
3109 3169
3110 3111
3110 3168
3110 3169
3110 3170
3111 3112
3111 3169
3111 3170
3111 3171
3112 3113
3112 3170
3112 3171
3112 3172
3113 3114
3113 3171
3113 3172
3113 3173
3114 3115
3114 3172
3114 3173
3114 3174
3115 3116
3115 3173
3115 3174
3115 3175
3116 3117
3116 3174
3116 3175
3116 3176
3117 3118
3117 3175
3117 3176
3117 3177
3118 3119
3118 3176
3118 3177
3118 3178
3119 3120
3119 3177
3119 3178
3119 3179
3120 3178
3120 3179
3120 3180
3121 3122
3121 3181
3121 3182
3121 3183
3122 3123
3122 3182
3122 3183
3122 3184
3123 3183
3123 3184
3124 3125
3124 3185
3124 3186
3125 3185
3125 3186
3125 3187
3126 3127
3126 3187
3126 3188
3127 3128
3127 3188
3127 3189
3128 3189
3129 3190
3129 3191
3130 3131
3130 3191
3130 3192
3131 3192
3131 3193
3132 3193
3132 3194
3133 3195
3133 3196
3134 3135
3134 3196
3134 3197
3134 3198
3135 3136
3135 3197
3135 3198
3135 3199
3136 3137
3136 3198
3136 3199
3136 3200
3137 3138
3137 3199
3137 3200
3138 3139
3138 3200
3138 3201
3139 3140
3139 3201
3139 3202
3140 3141
3140 3201
3140 3202
3140 3203
3141 3142
3141 3202
3141 3203
3142 3143
3142 3203
3143 3144
3144 3145
3144 3204
3145 3146
3145 3204
3145 3205
3146 3147
3146 3204
3146 3205
3146 3206
3147 3148
3147 3205
3147 3206
3147 3207
3148 3149
3148 3206
3148 3207
3148 3208
3149 3207
3149 3208
3149 3209
3150 3151
3150 3209
3150 3210
3151 3152
3151 3210
3151 3211
3152 3153
3152 3211
3152 3212
3153 3154
3153 3211
3153 3212
3153 3213
3154 3155
3154 3212
3154 3213
3155 3156
3155 3213
3155 3214
3156 3157
3156 3214
3156 3215
3157 3158
3157 3214
3157 3215
3157 3216
3158 3215
3158 3216
3158 3217
3159 3160
3159 3217
3160 3161
3161 3162
3161 3218
3162 3163
3162 3218
3162 3219
3163 3164
3163 3218
3163 3219
3163 3220
3164 3165
3164 3219
3164 3220
3165 3166
3165 3220
3165 3221
3166 3167
3166 3221
3166 3222
3167 3221
3167 3222
3167 3223
3168 3169
3168 3223
3168 3224
3169 3170
3169 3224
3170 3171
3170 3224
3171 3172
3171 3225
3172 3173
3172 3225
3172 3226
3173 3174
3173 3225
3173 3226
3173 3227
3174 3175
3174 3226
3174 3227
3174 3228
3175 3176
3175 3227
3175 3228
3176 3177
3176 3228
3177 3178
3178 3179
3178 3229
3179 3180
3179 3229
3179 3230
3180 3181
3180 3229
3180 3230
3181 3182
3181 3230
3182 3183
3182 3231
3183 3184
3183 3231
3183 3232
3184 3231
3184 3232
3184 3233
3185 3186
3185 3233
3185 3234
3185 3235
3186 3187
3186 3234
3186 3235
3186 3236
3187 3188
3187 3235
3187 3236
3187 3237
3188 3236
3188 3237
3188 3238
3189 3238
3189 3239
3190 3191
3190 3240
3191 3192
3191 3240
3191 3241
3192 3240
3192 3241
3193 3194
3193 3242
3194 3242
3194 3243
3195 3196
3195 3243
3195 3244
3196 3197
3196 3244
3196 3245
3197 3198
3197 3245
3198 3199
3198 3245
3198 3246
3199 3200
3199 3246
3199 3247
3200 3246
3200 3247
3200 3248
3201 3202
3201 3248
3201 3249
3201 3250
3202 3203
3202 3249
3202 3250
3202 3251
3203 3250
3203 3251
3203 3252
3204 3205
3204 3254
3204 3255
3204 3256
3205 3206
3205 3255
3205 3256
3205 3257
3206 3207
3206 3256
3206 3257
3207 3208
3207 3257
3207 3258
3208 3209
3208 3258
3208 3259
3209 3210
3209 3258
3209 3259
3209 3260
3210 3259
3210 3260
3210 3261
3211 3212
3211 3261
3211 3262
3212 3213
3212 3262
3212 3263
3213 3263
3213 3264
3214 3215
3214 3264
3214 3265
3214 3266
3215 3216
3215 3265
3215 3266
3215 3267
3216 3217
3216 3266
3216 3267
3216 3268
3217 3267
3217 3268
3218 3219
3218 3270
3218 3271
3218 3272
3219 3220
3219 3271
3219 3272
3219 3273
3220 3272
3220 3273
3220 3274
3221 3222
3221 3274
3221 3275
3221 3276
3222 3223
3222 3275
3222 3276
3222 3277
3223 3276
3223 3277
3223 3278
3224 3278
3224 3279
3225 3226
3225 3280
3225 3281
3225 3282
3226 3227
3226 3281
3226 3282
3226 3283
3227 3228
3227 3282
3227 3283
3227 3284
3228 3283
3228 3284
3229 3230
3229 3285
3229 3286
3230 3286
3230 3287
3231 3232
3231 3288
3231 3289
3232 3233
3232 3288
3232 3289
3232 3290
3233 3234
3233 3289
3233 3290
3233 3291
3234 3235
3234 3290
3234 3291
3234 3292
3235 3236
3235 3291
3235 3292
3236 3237
3236 3292
3237 3238
3237 3293
3238 3239
3238 3293
3238 3294
3239 3293
3239 3294
3240 3241
3240 3295
3240 3296
3240 3297
3241 3296
3241 3297
3242 3298
3242 3299
3243 3244
3243 3299
3243 3300
3244 3300
3244 3301
3245 3301
3245 3302
3245 3303
3246 3247
3246 3303
3246 3304
3246 3305
3247 3248
3247 3304
3247 3305
3248 3249
3248 3305
3248 3306
3249 3250
3249 3306
3250 3251
3250 3306
3251 3252
3252 3253
3252 3307
3253 3254
3253 3307
3253 3308
3254 3255
3254 3307
3254 3308
3255 3256
3255 3308
3255 3309
3256 3257
3256 3309
3256 3310
3257 3309
3257 3310
3257 3311
3258 3259
3258 3311
3259 3260
3259 3312
3260 3261
3260 3312
3261 3262
3261 3312
3261 3313
3262 3313
3262 3314
3263 3264
3263 3314
3263 3315
3264 3265
3264 3315
3264 3316
3265 3266
3265 3315
3265 3316
3265 3317
3266 3267
3266 3316
3266 3317
3266 3318
3267 3268
3267 3317
3267 3318
3268 3318
3268 3319
3269 3270
3269 3319
3269 3320
3269 3321
3270 3271
3270 3320
3270 3321
3270 3322
3271 3272
3271 3321
3271 3322
3271 3323
3272 3273
3272 3322
3272 3323
3272 3324
3273 3274
3273 3323
3273 3324
3273 3325
3274 3275
3274 3324
3274 3325
3274 3326
3275 3276
3275 3325
3275 3326
3275 3327
3276 3277
3276 3326
3276 3327
3277 3278
3277 3327
3277 3328
3278 3279
3278 3328
3278 3329
3279 3328
3279 3329
3279 3330
3280 3281
3280 3330
3280 3331
3281 3282
3281 3331
3281 3332
3282 3283
3282 3331
3282 3332
3282 3333
3283 3284
3283 3332
3283 3333
3284 3333
3284 3334
3285 3286
3285 3335
3285 3336
3286 3335
3286 3336
3286 3337
3287 3337
3287 3338
3287 3339
3288 3289
3288 3339
3288 3340
3288 3341
3289 3290
3289 3340
3289 3341
3289 3342
3290 3291
3290 3341
3290 3342
3290 3343
3291 3292
3291 3342
3291 3343
3292 3343
3292 3344
3293 3294
3293 3345
3293 3346
3294 3346
3295 3296
3295 3347
3295 3348
3296 3297
3296 3347
3296 3348
3296 3349
3297 3348
3297 3349
3298 3299
3298 3350
3298 3351
3299 3300
3299 3350
3299 3351
3300 3351
3300 3352
3301 3302
3301 3352
3301 3353
3301 3354
3302 3303
3302 3353
3302 3354
3302 3355
3303 3304
3303 3354
3303 3355
3303 3356
3304 3305
3304 3355
3304 3356
3304 3357
3305 3356
3305 3357
3305 3358
3306 3358
3306 3359
3306 3360
3307 3308
3307 3362
3307 3363
3308 3362
3308 3363
3308 3364
3309 3310
3309 3364
3309 3365
3309 3366
3310 3311
3310 3365
3310 3366
3310 3367
3311 3366
3311 3367
3311 3368
3312 3369
3312 3370
3312 3371
3313 3314
3313 3371
3313 3372
3313 3373
3314 3372
3314 3373
3314 3374
3315 3316
3315 3374
3315 3375
3316 3317
3316 3375
3316 3376
3317 3318
3317 3376
3317 3377
3318 3376
3318 3377
3318 3378
3319 3320
3319 3378
3319 3379
3319 3380
3320 3321
3320 3379
3320 3380
3320 3381
3321 3322
3321 3380
3321 3381
3321 3382
3322 3323
3322 3381
3322 3382
3322 3383
3323 3324
3323 3382
3323 3383
3323 3384
3324 3325
3324 3383
3324 3384
3325 3326
3325 3384
3326 3327
3326 3385
3327 3385
3328 3329
3328 3386
3329 3330
3329 3386
3329 3387
3330 3387
3330 3388
3331 3332
3331 3388
3331 3389
3331 3390
3332 3333
3332 3389
3332 3390
3332 3391
3333 3390
3333 3391
3333 3392
3334 3392
3334 3393
3335 3336
3335 3393
3335 3394
3335 3395
3336 3337
3336 3394
3336 3395
3337 3338
3337 3395
3337 3396
3338 3339
3338 3396
3338 3397
3339 3340
3339 3396
3339 3397
3340 3341
3340 3397
3340 3398
3341 3342
3341 3398
3341 3399
3342 3343
3342 3398
3342 3399
3342 3400
3343 3399
3343 3400
3343 3401
3344 3345
3344 3401
3344 3402
3344 3403
3345 3346
3345 3402
3345 3403
3345 3404
3346 3403
3346 3404
3347 3348
3347 3405
3347 3406
3348 3349
3348 3405
3348 3406
3348 3407
3349 3406
3349 3407
3350 3351
3350 3408
3351 3408
3351 3409
3352 3353
3352 3409
3352 3410
3352 3411
3353 3354
3353 3410
3353 3411
3353 3412
3354 3355
3354 3411
3354 3412
3354 3413
3355 3356
3355 3412
3355 3413
3355 3414
3356 3357
3356 3413
3356 3414
3356 3415
3357 3358
3357 3414
3357 3415
3357 3416
3358 3359
3358 3415
3358 3416
3358 3417
3359 3360
3359 3416
3359 3417
3359 3418
3360 3361
3360 3417
3360 3418
3360 3419
3361 3418
3361 3419
3361 3420
3362 3363
3362 3420
3362 3421
3362 3422
3363 3364
3363 3421
3363 3422
3363 3423
3364 3365
3364 3422
3364 3423
3364 3424
3365 3366
3365 3423
3365 3424
3365 3425
3366 3367
3366 3424
3366 3425
3366 3426
3367 3368
3367 3425
3367 3426
3367 3427
3368 3369
3368 3426
3368 3427
3368 3428
3369 3370
3369 3427
3369 3428
3369 3429
3370 3371
3370 3428
3370 3429
3370 3430
3371 3372
3371 3429
3371 3430
3371 3431
3372 3373
3372 3430
3372 3431
3372 3432
3373 3374
3373 3431
3373 3432
3373 3433
3374 3375
3374 3432
3374 3433
3374 3434
3375 3433
3375 3434
3375 3435
3376 3377
3376 3435
3376 3436
3376 3437
3377 3378
3377 3436
3377 3437
3377 3438
3378 3379
3378 3437
3378 3438
3378 3439
3379 3380
3379 3438
3379 3439
3380 3381
3380 3439
3380 3440
3381 3382
3381 3440
3381 3441
3382 3383
3382 3440
3382 3441
3383 3384
3383 3441
3383 3442
3384 3442
3384 3443
3385 3444
3385 3445
3385 3446
3386 3446
3386 3447
3386 3448
3387 3388
3387 3448
3388 3389
3388 3449
3389 3390
3389 3449
3389 3450
3390 3391
3390 3449
3390 3450
3390 3451
3391 3392
3391 3450
3391 3451
3391 3452
3392 3451
3392 3452
3392 3453
3393 3394
3393 3453
3393 3454
3393 3455
3394 3395
3394 3454
3394 3455
3394 3456
3395 3455
3395 3456
3395 3457
3396 3397
3396 3457
3396 3458
3396 3459
3397 3458
3397 3459
3397 3460
3398 3399
3398 3460
3398 3461
3398 3462
3399 3400
3399 3461
3399 3462
3399 3463
3400 3401
3400 3462
3400 3463
3400 3464
3401 3402
3401 3463
3401 3464
3401 3465
3402 3403
3402 3464
3402 3465
3402 3466
3403 3404
3403 3465
3403 3466
3404 3466
3404 3467
3405 3406
3405 3468
3405 3469
3406 3407
3406 3468
3406 3469
3406 3470
3407 3469
3407 3470
3407 3471
3408 3409
3408 3472
3408 3473
3408 3474
3409 3410
3409 3473
3409 3474
3409 3475
3410 3411
3410 3474
3410 3475
3411 3412
3411 3475
3411 3476
3412 3413
3412 3476
3412 3477
3413 3414
3413 3476
3413 3477
3413 3478
3414 3415
3414 3477
3414 3478
3414 3479
3415 3416
3415 3478
3415 3479
3415 3480
3416 3417
3416 3479
3416 3480
3416 3481
3417 3418
3417 3480
3417 3481
3417 3482
3418 3419
3418 3481
3418 3482
3418 3483
3419 3420
3419 3482
3419 3483
3419 3484
3420 3421
3420 3483
3420 3484
3420 3485
3421 3422
3421 3484
3421 3485
3421 3486
3422 3423
3422 3485
3422 3486
3422 3487
3423 3424
3423 3486
3423 3487
3423 3488
3424 3425
3424 3487
3424 3488
3424 3489
3425 3426
3425 3488
3425 3489
3425 3490
3426 3427
3426 3489
3426 3490
3427 3428
3427 3490
3427 3491
3428 3429
3428 3491
3428 3492
3429 3430
3429 3491
3429 3492
3429 3493
3430 3431
3430 3492
3430 3493
3430 3494
3431 3432
3431 3493
3431 3494
3431 3495
3432 3433
3432 3494
3432 3495
3432 3496
3433 3434
3433 3495
3433 3496
3433 3497
3434 3435
3434 3496
3434 3497
3434 3498
3435 3436
3435 3497
3435 3498
3436 3437
3436 3498
3437 3438
3437 3499
3438 3439
3438 3499
3438 3500
3439 3499
3439 3500
3439 3501
3440 3441
3440 3501
3440 3502
3440 3503
3441 3502
3441 3503
3441 3504
3442 3443
3442 3504
3442 3505
3442 3506
3443 3444
3443 3505
3443 3506
3443 3507
3444 3445
3444 3506
3444 3507
3444 3508
3445 3446
3445 3507
3445 3508
3445 3509
3446 3447
3446 3508
3446 3509
3447 3448
3447 3509
3447 3510
3448 3510
3448 3511
3449 3450
3449 3512
3449 3513
3450 3451
3450 3513
3450 3514
3451 3452
3451 3514
3451 3515
3452 3453
3452 3514
3452 3515
3452 3516
3453 3454
3453 3515
3453 3516
3453 3517
3454 3455
3454 3516
3454 3517
3455 3456
3455 3517
3456 3457
3456 3518
3457 3458
3457 3518
3457 3519
3458 3459
3458 3518
3458 3519
3458 3520
3459 3460
3459 3519
3459 3520
3460 3461
3460 3520
3460 3521
3461 3462
3461 3521
3461 3522
3462 3463
3462 3521
3462 3522
3462 3523
3463 3464
3463 3522
3463 3523
3463 3524
3464 3465
3464 3523
3464 3524
3465 3466
3465 3524
3466 3525
3467 3525
3467 3526
3468 3469
3468 3527
3468 3528
3469 3470
3469 3527
3469 3528
3469 3529
3470 3471
3470 3528
3470 3529
3471 3472
3471 3529
3471 3530
3472 3473
3472 3530
3472 3531
3473 3474
3473 3530
3473 3531
3474 3475
3474 3531
3474 3532
3475 3532
3475 3533
3476 3477
3476 3533
3476 3534
3476 3535
3477 3478
3477 3534
3477 3535
3477 3536
3478 3479
3478 3535
3478 3536
3478 3537
3479 3480
3479 3536
3479 3537
3479 3538
3480 3481
3480 3537
3480 3538
3481 3482
3481 3538
3482 3483
3483 3484
3483 3539
3484 3485
3484 3539
3484 3540
3485 3486
3485 3539
3485 3540
3485 3541
3486 3487
3486 3540
3486 3541
3486 3542
3487 3488
3487 3541
3487 3542
3488 3489
3488 3542
3489 3490
3489 3543
3490 3543
3490 3544
3491 3492
3491 3544
3491 3545
3491 3546
3492 3493
3492 3545
3492 3546
3492 3547
3493 3494
3493 3546
3493 3547
3493 3548
3494 3495
3494 3547
3494 3548
3494 3549
3495 3496
3495 3548
3495 3549
3495 3550
3496 3497
3496 3549
3496 3550
3496 3551
3497 3498
3497 3550
3497 3551
3498 3551
3498 3552
3499 3500
3499 3553
3499 3554
3499 3555
3500 3501
3500 3554
3500 3555
3500 3556
3501 3502
3501 3555
3501 3556
3501 3557
3502 3503
3502 3556
3502 3557
3502 3558
3503 3504
3503 3557
3503 3558
3504 3505
3504 3558
3505 3506
3506 3507
3506 3559
3507 3508
3507 3559
3507 3560
3508 3509
3508 3559
3508 3560
3509 3560
3509 3561
3510 3511
3510 3561
3510 3562
3510 3563
3511 3512
3511 3562
3511 3563
3511 3564
3512 3513
3512 3563
3512 3564
3512 3565
3513 3564
3513 3565
3513 3566
3514 3515
3514 3566
3514 3567
3515 3516
3515 3567
3515 3568
3516 3517
3516 3568
3516 3569
3517 3568
3517 3569
3517 3570
3518 3519
3518 3571
3518 3572
3519 3520
3519 3572
3519 3573
3520 3572
3520 3573
3520 3574
3521 3522
3521 3574
3521 3575
3521 3576
3522 3523
3522 3575
3522 3576
3523 3524
3523 3576
3523 3577
3524 3577
3524 3578
3525 3526
3525 3579
3525 3580
3525 3581
3526 3580
3526 3581
3527 3528
3527 3582
3527 3583
3528 3529
3528 3582
3528 3583
3528 3584
3529 3583
3529 3584
3529 3585
3530 3531
3530 3585
3530 3586
3530 3587
3531 3586
3531 3587
3532 3533
3532 3588
3532 3589
3533 3534
3533 3588
3533 3589
3533 3590
3534 3535
3534 3589
3534 3590
3534 3591
3535 3536
3535 3590
3535 3591
3535 3592
3536 3537
3536 3591
3536 3592
3536 3593
3537 3538
3537 3592
3537 3593
3537 3594
3538 3593
3538 3594
3538 3595
3539 3540
3539 3597
3539 3598
3539 3599
3540 3541
3540 3598
3540 3599
3540 3600
3541 3542
3541 3599
3541 3600
3541 3601
3542 3600
3542 3601
3542 3602
3543 3544
3543 3603
3543 3604
3543 3605
3544 3545
3544 3604
3544 3605
3544 3606
3545 3546
3545 3605
3545 3606
3545 3607
3546 3547
3546 3606
3546 3607
3546 3608
3547 3548
3547 3607
3547 3608
3547 3609
3548 3549
3548 3608
3548 3609
3548 3610
3549 3550
3549 3609
3549 3610
3550 3551
3550 3610
3551 3611
3552 3553
3552 3611
3552 3612
3552 3613
3553 3554
3553 3612
3553 3613
3553 3614
3554 3555
3554 3613
3554 3614
3554 3615
3555 3556
3555 3614
3555 3615
3555 3616
3556 3557
3556 3615
3556 3616
3556 3617
3557 3558
3557 3616
3557 3617
3558 3617
3559 3560
3559 3619
3559 3620
3560 3620
3560 3621
3561 3562
3561 3621
3561 3622
3562 3563
3562 3622
3562 3623
3563 3564
3563 3622
3563 3623
3563 3624
3564 3565
3564 3623
3564 3624
3565 3566
3565 3624
3566 3567
3566 3625
3567 3625
3567 3626
3568 3569
3568 3626
3568 3627
3569 3570
3569 3627
3569 3628
3570 3571
3570 3627
3570 3628
3570 3629
3571 3628
3571 3629
3572 3573
3572 3630
3572 3631
3573 3574
3573 3630
3573 3631
3573 3632
3574 3575
3574 3631
3574 3632
3575 3576
3575 3632
3575 3633
3576 3633
3576 3634
3577 3578
3577 3634
3577 3635
3578 3579
3578 3635
3578 3636
3579 3580
3579 3635
3579 3636
3579 3637
3580 3581
3580 3636
3580 3637
3580 3638
3581 3637
3581 3638
3582 3583
3582 3639
3582 3640
3583 3584
3583 3639
3583 3640
3583 3641
3584 3585
3584 3640
3584 3641
3584 3642
3585 3586
3585 3641
3585 3642
3586 3587
3586 3642
3586 3643
3587 3643
3588 3589
3588 3644
3588 3645
3589 3590
3589 3644
3589 3645
3589 3646
3590 3591
3590 3645
3590 3646
3590 3647
3591 3592
3591 3646
3591 3647
3591 3648
3592 3593
3592 3647
3592 3648
3592 3649
3593 3594
3593 3648
3593 3649
3593 3650
3594 3595
3594 3649
3594 3650
3594 3651
3595 3596
3595 3650
3595 3651
3595 3652
3596 3597
3596 3651
3596 3652
3596 3653
3597 3598
3597 3652
3597 3653
3597 3654
3598 3599
3598 3653
3598 3654
3598 3655
3599 3600
3599 3654
3599 3655
3599 3656
3600 3601
3600 3655
3600 3656
3600 3657
3601 3602
3601 3656
3601 3657
3601 3658
3602 3603
3602 3657
3602 3658
3602 3659
3603 3604
3603 3658
3603 3659
3604 3605
3604 3659
3604 3660
3605 3606
3605 3660
3605 3661
3606 3607
3606 3660
3606 3661
3606 3662
3607 3608
3607 3661
3607 3662
3608 3609
3608 3662
3608 3663
3609 3610
3609 3663
3610 3663
3610 3664
3611 3612
3611 3665
3611 3666
3611 3667
3612 3613
3612 3666
3612 3667
3613 3614
3613 3667
3614 3615
3614 3668
3615 3616
3615 3668
3616 3617
3616 3668
3616 3669
3617 3669
3617 3670
3618 3619
3618 3671
3618 3672
3619 3620
3619 3671
3619 3672
3619 3673
3620 3672
3620 3673
3620 3674
3621 3674
3621 3675
3622 3623
3622 3676
3623 3624
3623 3676
3623 3677
3624 3676
3624 3677
3624 3678
3625 3626
3625 3679
3626 3679
3626 3680
3627 3628
3627 3680
3627 3681
3627 3682
3628 3629
3628 3681
3628 3682
3628 3683
3629 3682
3629 3683
3630 3631
3630 3684
3630 3685
3631 3632
3631 3684
3631 3685
3632 3685
3632 3686
3633 3634
3633 3686
3633 3687
3633 3688
3634 3687
3634 3688
3634 3689
3635 3636
3635 3689
3635 3690
3635 3691
3636 3637
3636 3690
3636 3691
3636 3692
3637 3638
3637 3691
3637 3692
3637 3693
3638 3692
3638 3693
3639 3640
3639 3694
3640 3641
3640 3694
3640 3695
3641 3642
3641 3694
3641 3695
3641 3696
3642 3695
3642 3696
3642 3697
3643 3697
3643 3698
3643 3699
3644 3645
3644 3699
3644 3700
3644 3701
3645 3646
3645 3700
3645 3701
3646 3647
3646 3701
3647 3648
3647 3702
3648 3649
3648 3702
3648 3703
3649 3650
3649 3702
3649 3703
3650 3651
3650 3703
3650 3704
3651 3652
3651 3704
3651 3705
3652 3653
3652 3704
3652 3705
3652 3706
3653 3654
3653 3705
3653 3706
3653 3707
3654 3655
3654 3706
3654 3707
3654 3708
3655 3656
3655 3707
3655 3708
3655 3709
3656 3657
3656 3708
3656 3709
3656 3710
3657 3658
3657 3709
3657 3710
3658 3659
3658 3710
3658 3711
3659 3711
3659 3712
3660 3661
3660 3712
3660 3713
3660 3714
3661 3662
3661 3713
3661 3714
3661 3715
3662 3714
3662 3715
3663 3716
3663 3717
3664 3665
3664 3717
3664 3718
3665 3666
3665 3718
3665 3719
3666 3667
3666 3718
3666 3719
3666 3720
3667 3719
3667 3720
3667 3721
3668 3722
3668 3723
3668 3724
3669 3670
3669 3724
3669 3725
3669 3726
3670 3725
3670 3726
3670 3727
3671 3672
3671 3727
3671 3728
3671 3729
3672 3673
3672 3728
3672 3729
3672 3730
3673 3674
3673 3729
3673 3730
3673 3731
3674 3675
3674 3730
3674 3731
3674 3732
3675 3731
3675 3732
3675 3733
3676 3677
3676 3734
3676 3735
3676 3736
3677 3678
3677 3735
3677 3736
3677 3737
3678 3736
3678 3737
3678 3738
3679 3680
3680 3681
3680 3739
3681 3682
3681 3739
3681 3740
3682 3683
3682 3739
3682 3740
3682 3741
3683 3740
3683 3741
3683 3742
3684 3685
3684 3742
3684 3743
3684 3744
3685 3743
3685 3744
3685 3745
3686 3687
3686 3745
3687 3688
3688 3689
3688 3746
3689 3690
3689 3746
3689 3747
3690 3691
3690 3746
3690 3747
3690 3748
3691 3692
3691 3747
3691 3748
3691 3749
3692 3693
3692 3748
3692 3749
3692 3750
3693 3749
3693 3750
3694 3695
3694 3751
3694 3752
3694 3753
3695 3696
3695 3752
3695 3753
3695 3754
3696 3697
3696 3753
3696 3754
3697 3698
3697 3754
3697 3755
3698 3699
3698 3755
3699 3700
3699 3755
3700 3701
3700 3756
3701 3756
3701 3757
3702 3703
3702 3758
3702 3759
3703 3759
3703 3760
3704 3705
3704 3760
3704 3761
3704 3762
3705 3706
3705 3761
3705 3762
3705 3763
3706 3707
3706 3762
3706 3763
3706 3764
3707 3708
3707 3763
3707 3764
3707 3765
3708 3709
3708 3764
3708 3765
3708 3766
3709 3710
3709 3765
3709 3766
3709 3767
3710 3766
3710 3767
3710 3768
3711 3712
3711 3768
3711 3769
3711 3770
3712 3713
3712 3769
3712 3770
3713 3714
3713 3770
3714 3715
3714 3771
3715 3771
3716 3717
3716 3772
3716 3773
3717 3772
3717 3773
3718 3719
3718 3774
3718 3775
3719 3720
3719 3774
3719 3775
3720 3721
3720 3775
3720 3776
3721 3722
3721 3776
3721 3777
3722 3723
3722 3776
3722 3777
3722 3778
3723 3724
3723 3777
3723 3778
3723 3779
3724 3725
3724 3778
3724 3779
3724 3780
3725 3726
3725 3779
3725 3780
3725 3781
3726 3727
3726 3780
3726 3781
3726 3782
3727 3728
3727 3781
3727 3782
3727 3783
3728 3729
3728 3782
3728 3783
3728 3784
3729 3730
3729 3783
3729 3784
3729 3785
3730 3731
3730 3784
3730 3785
3730 3786
3731 3732
3731 3785
3731 3786
3731 3787
3732 3733
3732 3786
3732 3787
3733 3734
3733 3787
3733 3788
3734 3735
3734 3788
3734 3789
3735 3736
3735 3788
3735 3789
3736 3737
3736 3789
3736 3790
3737 3738
3737 3790
3737 3791
3738 3790
3738 3791
3738 3792
3739 3740
3739 3794
3739 3795
3740 3741
3740 3795
3740 3796
3741 3742
3741 3796
3741 3797
3742 3743
3742 3796
3742 3797
3742 3798
3743 3744
3743 3797
3743 3798
3744 3745
3744 3798
3744 3799
3745 3799
3745 3800
3746 3747
3746 3801
3746 3802
3746 3803
3747 3748
3747 3802
3747 3803
3747 3804
3748 3749
3748 3803
3748 3804
3748 3805
3749 3750
3749 3804
3749 3805
3750 3805
3751 3752
3751 3806
3752 3753
3752 3806
3752 3807
3753 3754
3753 3807
3753 3808
3754 3807
3754 3808
3754 3809
3755 3809
3755 3810
3755 3811
3756 3757
3756 3812
3756 3813
3756 3814
3757 3758
3757 3813
3757 3814
3758 3814
3758 3815
3759 3760
3759 3815
3759 3816
3760 3761
3760 3816
3761 3762
3761 3817
3762 3763
3762 3817
3762 3818
3763 3764
3763 3817
3763 3818
3763 3819
3764 3765
3764 3818
3764 3819
3765 3766
3765 3819
3765 3820
3766 3767
3766 3820
3767 3768
3767 3820
3768 3769
3768 3821
3769 3770
3769 3821
3769 3822
3770 3821
3770 3822
3770 3823
3771 3824
3771 3825
3771 3826
3772 3773
3772 3826
3772 3827
3772 3828
3773 3827
3773 3828
3773 3829
3774 3775
3774 3829
3774 3830
3774 3831
3775 3830
3775 3831
3775 3832
3776 3777
3776 3832
3776 3833
3776 3834
3777 3778
3777 3833
3777 3834
3778 3779
3778 3834
3778 3835
3779 3780
3779 3835
3780 3781
3780 3835
3780 3836
3781 3782
3781 3836
3781 3837
3782 3783
3782 3836
3782 3837
3782 3838
3783 3784
3783 3837
3783 3838
3783 3839
3784 3785
3784 3838
3784 3839
3784 3840
3785 3786
3785 3839
3785 3840
3786 3787
3786 3840
3786 3841
3787 3841
3787 3842
3788 3789
3788 3842
3788 3843
3788 3844
3789 3843
3789 3844
3789 3845
3790 3791
3790 3845
3790 3846
3790 3847
3791 3792
3791 3846
3791 3847
3792 3793
3792 3847
3792 3848
3793 3794
3793 3848
3793 3849
3794 3795
3794 3848
3794 3849
3794 3850
3795 3849
3795 3850
3795 3851
3796 3797
3796 3851
3796 3852
3797 3798
3797 3852
3797 3853
3798 3853
3798 3854
3799 3800
3799 3854
3799 3855
3799 3856
3800 3855
3800 3856
3800 3857
3801 3802
3801 3857
3801 3858
3802 3803
3802 3858
3802 3859
3803 3804
3803 3859
3804 3805
3804 3859
3804 3860
3805 3860
3805 3861
3806 3862
3806 3863
3807 3808
3807 3863
3807 3864
3807 3865
3808 3809
3808 3864
3808 3865
3808 3866
3809 3810
3809 3865
3809 3866
3809 3867
3810 3811
3810 3866
3810 3867
3811 3812
3811 3867
3811 3868
3812 3813
3812 3868
3812 3869
3813 3814
3813 3868
3813 3869
3813 3870
3814 3869
3814 3870
3814 3871
3815 3816
3815 3871
3815 3872
3816 3872
3816 3873
3817 3818
3817 3874
3817 3875
3817 3876
3818 3819
3818 3875
3818 3876
3818 3877
3819 3876
3819 3877
3819 3878
3820 3878
3820 3879
3820 3880
3821 3822
3821 3881
3821 3882
3821 3883
3822 3823
3822 3882
3822 3883
3822 3884
3823 3824
3823 3883
3823 3884
3823 3885
3824 3825
3824 3884
3824 3885
3824 3886
3825 3826
3825 3885
3825 3886
3825 3887
3826 3827
3826 3886
3826 3887
3826 3888
3827 3828
3827 3887
3827 3888
3827 3889
3828 3829
3828 3888
3828 3889
3828 3890
3829 3830
3829 3889
3829 3890
3829 3891
3830 3831
3830 3890
3830 3891
3830 3892
3831 3832
3831 3891
3831 3892
3831 3893
3832 3833
3832 3892
3832 3893
3832 3894
3833 3834
3833 3893
3833 3894
3833 3895
3834 3894
3834 3895
3835 3896
3836 3837
3836 3896
3836 3897
3837 3838
3837 3897
3838 3839
3838 3897
3838 3898
3839 3840
3839 3898
3839 3899
3840 3898
3840 3899
3840 3900
3841 3842
3841 3900
3841 3901
3842 3843
3842 3901
3842 3902
3843 3844
3843 3902
3844 3845
3844 3902
3844 3903
3845 3846
3845 3903
3845 3904
3846 3847
3846 3903
3846 3904
3846 3905
3847 3904
3847 3905
3848 3849
3848 3906
3849 3850
3849 3906
3849 3907
3850 3851
3850 3906
3850 3907
3850 3908
3851 3852
3851 3907
3851 3908
3851 3909
3852 3908
3852 3909
3852 3910
3853 3854
3853 3910
3853 3911
3854 3855
3854 3911
3854 3912
3855 3856
3855 3912
3855 3913
3856 3857
3856 3912
3856 3913
3856 3914
3857 3858
3857 3913
3857 3914
3857 3915
3858 3914
3858 3915
3859 3916
3859 3917
3860 3861
3860 3917
3860 3918
3860 3919
3861 3918
3861 3919
3862 3863
3863 3864
3864 3865
3865 3866
3866 3867
3868 3869
3869 3870
3870 3871
3872 3873
3873 3874
3874 3875
3875 3876
3876 3877
3877 3878
3878 3879
3879 3880
3880 3881
3881 3882
3882 3883
3883 3884
3884 3885
3885 3886
3886 3887
3887 3888
3888 3889
3889 3890
3890 3891
3891 3892
3892 3893
3893 3894
3894 3895
3898 3899
3899 3900
3900 3901
3903 3904
3904 3905
3906 3907
3907 3908
3908 3909
3909 3910
3910 3911
3912 3913
3913 3914
3914 3915
3916 3917
3917 3918
3918 3919
