# FromNodeId	ToNodeId
0 1
0 66
0 67
1 2
1 66
1 67
2 3
2 67
2 68
3 4
3 68
3 69
4 5
4 68
4 69
4 70
5 6
5 69
5 70
5 71
6 7
6 70
6 71
6 72
7 71
7 72
7 73
8 9
8 73
8 74
9 10
9 74
9 75
10 11
10 75
10 76
11 12
11 75
11 76
11 77
12 13
12 76
12 77
13 14
13 77
13 78
14 15
14 78
14 79
15 16
15 78
15 79
15 80
16 17
16 79
16 80
16 81
17 18
17 80
17 81
17 82
18 19
18 81
18 82
18 83
19 20
19 82
19 83
20 21
20 83
20 84
21 22
21 84
21 85
22 84
22 85
22 86
23 24
23 86
23 87
23 88
24 25
24 87
24 88
24 89
25 88
25 89
25 90
26 27
26 90
26 91
26 92
27 91
27 92
27 93
28 29
28 94
28 95
28 96
29 95
29 96
30 31
30 97
30 98
31 32
31 97
31 98
31 99
32 33
32 98
32 99
32 100
33 34
33 99
33 100
33 101
34 35
34 100
34 101
34 102
35 101
35 102
35 103
36 103
36 104
36 105
37 105
37 106
37 107
38 39
38 108
38 109
38 110
39 109
39 110
39 111
40 41
40 111
40 112
41 42
41 112
41 113
42 43
42 112
42 113
43 44
43 113
43 114
44 114
44 115
45 46
45 115
45 116
46 47
46 116
47 48
47 116
47 117
48 49
48 117
49 50
49 117
51 52
51 118
51 119
52 53
52 118
52 119
52 120
53 54
53 119
53 120
53 121
54 55
54 120
54 121
54 122
55 56
55 121
55 122
55 123
56 57
56 122
56 123
56 124
57 58
57 123
57 124
58 59
58 124
58 125
59 60
59 125
60 61
60 125
60 126
61 62
61 126
61 127
62 126
62 127
62 128
63 64
63 128
63 129
63 130
64 65
64 129
64 130
64 131
65 130
65 131
66 67
66 132
66 133
67 132
67 133
68 69
68 134
68 135
69 70
69 134
69 135
69 136
70 71
70 135
70 136
70 137
71 72
71 136
71 137
72 73
72 137
72 138
73 74
73 138
73 139
74 138
74 139
74 140
75 76
75 140
75 141
76 77
76 141
76 142
77 142
77 143
78 79
78 143
78 144
78 145
79 80
79 144
79 145
79 146
80 81
80 145
80 146
81 82
81 146
82 83
82 147
83 147
83 148
84 85
84 148
84 149
85 86
85 149
85 150
86 87
86 150
86 151
87 88
87 150
87 151
88 89
88 151
88 152
89 90
89 152
89 153
90 91
90 152
90 153
90 154
91 92
91 153
91 154
91 155
92 93
92 154
92 155
93 94
93 155
94 95
94 156
95 96
95 156
96 156
96 157
97 98
97 157
97 158
98 99
98 158
98 159
99 100
99 159
99 160
100 101
100 159
100 160
100 161
101 102
101 160
101 161
101 162
102 103
102 161
102 162
102 163
103 104
103 162
103 163
103 164
104 105
104 163
104 164
105 106
105 164
105 165
106 107
106 165
106 166
107 108
107 165
107 166
107 167
108 109
108 166
108 167
108 168
109 110
109 167
109 168
109 169
110 111
110 168
110 169
110 170
111 169
111 170
111 171
112 113
112 171
112 172
112 173
113 172
113 173
114 115
114 174
114 175
115 174
115 175
115 176
116 176
117 177
117 178
118 119
118 180
118 181
119 120
119 181
119 182
120 121
120 181
120 182
120 183
121 122
121 182
121 183
121 184
122 123
122 183
122 184
122 185
123 124
123 184
123 185
124 185
124 186
125 186
125 187
126 127
126 187
126 188
126 189
127 128
127 188
127 189
127 190
128 129
128 189
128 190
128 191
129 130
129 190
129 191
129 192
130 131
130 191
130 192
130 193
131 192
131 193
132 133
132 194
133 194
133 195
134 135
134 195
134 196
134 197
135 136
135 196
135 197
135 198
136 137
136 197
136 198
136 199
137 198
137 199
137 200
138 139
138 200
138 201
138 202
139 140
139 201
139 202
139 203
140 141
140 202
140 203
141 203
142 143
142 204
142 205
143 144
143 204
143 205
144 145
144 205
144 206
145 146
145 206
145 207
146 206
146 207
146 208
147 148
147 209
147 210
147 211
148 149
148 210
148 211
148 212
149 211
149 212
149 213
150 151
150 213
150 214
151 214
151 215
152 153
152 215
152 216
153 154
153 216
153 217
154 155
154 217
154 218
155 217
155 218
155 219
156 220
156 221
157 158
157 221
157 222
158 222
159 160
159 223
159 224
160 161
160 223
160 224
160 225
161 162
161 224
161 225
161 226
162 163
162 225
162 226
162 227
163 164
163 226
163 227
163 228
164 227
164 228
164 229
165 166
165 229
165 230
165 231
166 167
166 230
166 231
166 232
167 168
167 231
167 232
167 233
168 169
168 232
168 233
168 234
169 170
169 233
169 234
169 235
170 171
170 234
170 235
170 236
171 172
171 235
171 236
172 173
172 236
172 237
173 237
173 238
174 175
174 238
174 239
174 240
175 176
175 239
175 240
175 241
176 240
176 241
176 242
177 178
177 243
178 179
178 243
178 244
179 180
179 243
179 244
179 245
180 244
180 245
180 246
181 182
181 246
181 247
182 183
182 247
182 248
183 184
183 248
183 249
184 185
184 248
184 249
184 250
185 249
185 250
185 251
186 251
186 252
187 188
187 252
187 253
187 254
188 189
188 253
188 254
188 255
189 190
189 254
189 255
189 256
190 191
190 255
190 256
191 192
191 256
191 257
192 193
192 257
192 258
193 257
193 258
194 195
194 259
194 260
195 196
195 259
195 260
196 197
196 260
196 261
197 198
197 261
197 262
198 199
198 261
198 262
198 263
199 200
199 262
199 263
199 264
200 201
200 263
200 264
201 202
201 264
201 265
202 203
202 265
202 266
203 265
203 266
203 267
204 205
204 268
204 269
204 270
205 269
205 270
206 207
206 271
206 272
207 208
207 271
207 272
207 273
208 209
208 272
208 273
208 274
209 210
209 273
209 274
209 275
210 211
210 274
210 275
210 276
211 212
211 275
211 276
211 277
212 213
212 276
212 277
212 278
213 277
213 278
213 279
214 215
214 279
214 280
214 281
215 216
215 280
215 281
215 282
216 281
216 282
216 283
217 218
217 283
217 284
217 285
218 219
218 284
218 285
219 220
219 285
219 286
220 286
220 287
221 222
221 287
221 288
221 289
222 288
222 289
222 290
223 224
223 291
223 292
223 293
224 225
224 292
224 293
224 294
225 226
225 293
225 294
225 295
226 227
226 294
226 295
226 296
227 228
227 295
227 296
228 229
228 296
228 297
229 230
229 297
229 298
230 231
230 297
230 298
231 232
231 298
231 299
232 233
232 299
232 300
233 234
233 299
233 300
233 301
234 235
234 300
234 301
235 236
235 301
235 302
236 302
236 303
237 238
237 303
237 304
237 305
238 239
238 304
238 305
238 306
239 240
239 305
239 306
239 307
240 241
240 306
240 307
240 308
241 242
241 307
241 308
242 308
242 309
243 244
243 310
243 311
244 245
244 310
244 311
244 312
245 246
245 311
245 312
245 313
246 247
246 312
246 313
246 314
247 313
247 314
247 315
248 249
248 315
248 316
249 250
249 316
249 317
250 251
250 316
250 317
250 318
251 317
251 318
252 253
252 319
253 254
253 319
253 320
254 255
254 320
254 321
255 256
255 320
255 321
256 321
257 258
259 260
259 322
259 323
259 324
260 323
260 324
260 325
261 262
261 325
261 326
261 327
262 263
262 326
262 327
262 328
263 264
263 327
263 328
264 328
264 329
265 266
265 329
265 330
266 267
266 330
266 331
267 268
267 331
267 332
268 269
268 331
268 332
269 270
269 332
270 333
271 272
271 333
271 334
271 335
272 273
272 334
272 335
273 274
273 335
273 336
274 275
274 336
274 337
275 276
275 336
275 337
276 277
276 337
276 338
277 278
277 338
277 339
278 279
278 338
278 339
278 340
279 280
279 339
279 340
279 341
280 281
280 340
280 341
280 342
281 282
281 341
281 342
282 283
282 342
282 343
283 284
283 343
283 344
284 285
284 343
284 344
284 345
285 344
285 345
286 287
286 346
286 347
287 288
287 346
287 347
287 348
288 289
288 347
288 348
288 349
289 290
289 348
289 349
289 350
290 291
290 349
290 350
290 351
291 292
291 350
291 351
292 293
292 351
292 352
293 294
293 352
293 353
294 295
294 352
294 353
295 296
295 353
295 354
296 354
296 355
297 298
297 355
297 356
297 357
298 356
298 357
298 358
299 300
299 358
299 359
300 301
300 359
300 360
301 360
301 361
302 303
302 361
302 362
303 304
303 362
303 363
304 305
304 363
304 364
305 306
305 363
305 364
305 365
306 307
306 364
306 365
306 366
307 308
307 365
307 366
307 367
308 366
308 367
309 368
310 311
310 368
310 369
310 370
311 312
311 369
311 370
311 371
312 313
312 370
312 371
312 372
313 314
313 371
313 372
313 373
314 315
314 372
314 373
314 374
315 373
315 374
315 375
316 317
316 375
316 376
316 377
317 318
317 376
317 377
317 378
318 377
318 378
318 379
319 379
319 380
320 321
320 380
320 381
321 381
321 382
322 323
322 385
322 386
323 324
323 385
323 386
323 387
324 325
324 386
324 387
324 388
325 326
325 387
325 388
325 389
326 327
326 388
326 389
326 390
327 328
327 389
327 390
327 391
328 390
328 391
329 330
329 392
329 393
330 392
330 393
330 394
331 332
331 394
331 395
332 395
332 396
333 334
333 397
333 398
333 399
334 335
334 398
334 399
335 399
335 400
336 337
336 400
336 401
336 402
337 401
337 402
337 403
338 339
338 403
338 404
338 405
339 340
339 404
339 405
339 406
340 341
340 405
340 406
340 407
341 342
341 406
341 407
341 408
342 407
342 408
342 409
343 344
343 409
343 410
343 411
344 345
344 410
344 411
344 412
345 411
345 412
346 347
346 413
346 414
347 348
347 413
347 414
347 415
348 349
348 414
348 415
348 416
349 350
349 415
349 416
350 351
350 416
350 417
351 417
351 418
352 353
352 418
352 419
352 420
353 419
353 420
354 355
354 421
354 422
355 356
355 421
355 422
355 423
356 357
356 422
356 423
356 424
357 358
357 423
357 424
357 425
358 359
358 424
358 425
359 425
359 426
360 361
360 426
360 427
360 428
361 362
361 427
361 428
361 429
362 428
362 429
363 364
363 430
363 431
364 365
364 430
364 431
364 432
365 366
365 431
365 432
365 433
366 367
366 432
366 433
366 434
367 433
367 434
367 435
368 369
368 436
368 437
368 438
369 370
369 437
369 438
370 371
370 438
370 439
371 372
371 439
372 373
372 439
372 440
373 374
373 440
374 375
374 440
374 441
375 376
375 441
375 442
376 377
376 441
376 442
376 443
377 378
377 442
377 443
378 379
378 443
378 444
379 444
379 445
380 381
380 445
380 446
380 447
381 446
381 447
382 383
382 448
382 449
383 384
383 448
383 449
383 450
384 449
384 450
384 451
385 386
385 452
385 453
386 387
386 452
386 453
387 388
387 453
387 454
388 389
388 454
388 455
389 390
389 454
389 455
389 456
390 391
390 455
390 456
390 457
391 456
391 457
392 393
392 458
393 394
393 458
393 459
394 395
394 459
394 460
395 459
395 460
395 461
396 397
396 461
396 462
397 398
397 462
397 463
398 399
398 462
398 463
398 464
399 463
399 464
400 401
400 465
401 402
401 465
401 466
402 403
402 465
402 466
402 467
403 404
403 466
403 467
403 468
404 405
404 467
404 468
404 469
405 406
405 468
405 469
405 470
406 407
406 469
406 470
406 471
407 408
407 470
407 471
408 409
408 471
408 472
409 410
409 472
409 473
410 411
410 472
410 473
410 474
411 412
411 473
411 474
411 475
412 474
412 475
412 476
413 414
413 476
413 477
413 478
414 415
414 477
414 478
414 479
415 416
415 478
415 479
415 480
416 479
416 480
416 481
417 418
417 481
417 482
418 419
418 482
418 483
419 420
419 482
419 483
419 484
420 483
420 484
420 485
421 422
421 485
421 486
422 423
422 486
422 487
423 424
423 486
423 487
423 488
424 425
424 487
424 488
424 489
425 488
425 489
425 490
426 427
426 490
426 491
426 492
427 428
427 491
427 492
428 429
428 492
428 493
429 493
430 431
430 494
431 432
431 494
432 433
432 494
432 495
433 434
433 495
433 496
434 435
434 495
434 496
434 497
435 436
435 496
435 497
435 498
436 437
436 497
436 498
436 499
437 438
437 498
437 499
437 500
438 499
438 500
439 501
439 502
440 502
440 503
441 442
441 504
442 443
442 504
442 505
443 505
444 445
445 446
446 447
446 506
447 506
447 507
448 449
448 507
448 508
448 509
449 450
449 508
449 509
449 510
450 451
450 509
450 510
450 511
451 510
451 511
452 453
452 512
452 513
453 512
453 513
453 514
454 455
454 514
454 515
454 516
455 456
455 515
455 516
455 517
456 457
456 516
456 517
457 517
457 518
458 518
458 519
458 520
459 460
459 520
459 521
460 461
460 521
460 522
461 521
461 522
461 523
462 463
462 523
462 524
462 525
463 464
463 524
463 525
463 526
464 525
464 526
464 527
465 466
465 528
465 529
465 530
466 467
466 529
466 530
467 468
467 530
467 531
468 469
468 531
469 470
469 531
469 532
470 471
470 532
471 532
471 533
472 473
472 533
472 534
472 535
473 474
473 534
473 535
473 536
474 475
474 535
474 536
474 537
475 476
475 536
475 537
475 538
476 477
476 537
476 538
477 478
477 538
477 539
478 479
478 539
478 540
479 480
479 539
479 540
480 481
480 540
480 541
481 541
481 542
482 483
482 542
483 484
483 543
484 485
484 543
484 544
485 543
485 544
485 545
486 487
486 545
486 546
486 547
487 488
487 546
487 547
487 548
488 489
488 547
488 548
489 490
489 548
490 491
491 492
491 549
492 549
492 550
493 550
493 551
493 552
494 553
494 554
494 555
495 496
495 555
495 556
495 557
496 497
496 556
496 557
496 558
497 498
497 557
497 558
498 499
498 558
498 559
499 500
499 559
499 560
500 559
500 560
500 561
501 502
501 561
501 562
501 563
502 503
502 562
502 563
502 564
503 563
503 564
504 565
505 566
506 507
506 569
506 570
507 508
507 569
507 570
507 571
508 509
508 570
508 571
508 572
509 510
509 571
509 572
509 573
510 511
510 572
510 573
510 574
511 573
511 574
512 513
512 575
512 576
513 514
513 575
513 576
513 577
514 515
514 576
514 577
515 516
515 577
515 578
516 517
516 578
516 579
517 578
517 579
517 580
518 519
518 580
518 581
518 582
519 520
519 581
519 582
520 582
520 583
521 522
521 583
521 584
521 585
522 523
522 584
522 585
523 524
523 585
523 586
524 525
524 586
524 587
525 526
525 586
525 587
525 588
526 527
526 587
526 588
526 589
527 528
527 588
527 589
527 590
528 529
528 589
528 590
528 591
529 530
529 590
529 591
529 592
530 591
530 592
530 593
531 593
531 594
532 594
532 595
532 596
533 534
533 596
533 597
533 598
534 535
534 597
534 598
534 599
535 536
535 598
535 599
535 600
536 537
536 599
536 600
537 538
537 600
537 601
538 601
538 602
539 540
539 602
539 603
539 604
540 603
540 604
541 542
541 605
541 606
542 605
542 606
542 607
543 544
543 608
543 609
544 545
544 608
544 609
544 610
545 546
545 609
545 610
546 547
546 610
547 548
547 611
548 611
548 612
549 550
549 614
549 615
549 616
550 551
550 615
550 616
550 617
551 552
551 616
551 617
551 618
552 553
552 617
552 618
552 619
553 554
553 618
553 619
553 620
554 555
554 619
554 620
554 621
555 556
555 620
555 621
555 622
556 557
556 621
556 622
556 623
557 558
557 622
557 623
557 624
558 623
558 624
559 560
560 561
560 625
561 562
561 625
562 563
562 625
562 626
563 564
563 626
563 627
564 626
564 627
564 628
565 628
565 629
565 630
566 567
566 631
566 632
566 633
567 568
567 632
567 633
567 634
568 633
568 634
569 570
569 635
570 571
570 635
570 636
571 572
571 635
571 636
572 573
572 636
572 637
573 574
573 637
573 638
574 637
574 638
575 576
575 639
575 640
576 577
576 639
576 640
576 641
577 640
577 641
577 642
578 579
578 642
578 643
578 644
579 580
579 643
579 644
579 645
580 581
580 644
580 645
581 582
581 645
581 646
582 646
582 647
583 584
583 647
583 648
584 585
584 648
584 649
585 648
585 649
585 650
586 587
586 650
586 651
587 588
587 651
587 652
588 589
588 652
588 653
589 590
589 652
589 653
590 591
590 653
590 654
591 592
591 654
591 655
592 593
592 654
592 655
592 656
593 655
593 656
593 657
594 595
594 657
595 596
595 658
596 597
596 658
596 659
597 598
597 658
597 659
597 660
598 599
598 659
598 660
598 661
599 600
599 660
599 661
599 662
600 661
600 662
601 602
601 663
601 664
602 603
602 663
602 664
602 665
603 604
603 664
603 665
603 666
604 665
604 666
604 667
605 606
605 667
605 668
606 607
606 668
606 669
607 668
607 669
608 609
608 670
609 610
609 670
609 671
610 671
610 672
611 612
611 673
611 674
612 613
612 674
612 675
613 614
613 674
613 675
613 676
614 615
614 675
614 676
614 677
615 616
615 676
615 677
616 617
616 677
617 618
617 678
618 619
618 678
618 679
619 620
619 678
619 679
619 680
620 621
620 679
620 680
620 681
621 622
621 680
621 681
621 682
622 623
622 681
622 682
622 683
623 624
623 682
623 683
623 684
624 683
624 684
624 685
625 686
625 687
626 627
626 687
626 688
626 689
627 628
627 688
627 689
627 690
628 629
628 689
628 690
628 691
629 630
629 690
629 691
630 631
630 691
630 692
631 632
631 692
631 693
632 633
632 692
632 693
633 634
633 693
634 694
635 636
635 695
635 696
635 697
636 696
636 697
637 638
637 698
638 698
639 640
640 641
640 699
641 642
641 699
641 700
642 643
642 699
642 700
642 701
643 644
643 700
643 701
643 702
644 645
644 701
644 702
644 703
645 702
645 703
646 647
646 704
646 705
647 704
647 705
647 706
648 649
648 706
648 707
648 708
649 650
649 707
649 708
649 709
650 651
650 708
650 709
650 710
651 709
651 710
651 711
652 653
652 711
652 712
653 712
653 713
654 655
654 713
654 714
654 715
655 656
655 714
655 715
655 716
656 657
656 715
656 716
656 717
657 716
657 717
657 718
658 659
658 719
658 720
658 721
659 660
659 720
659 721
659 722
660 661
660 721
660 722
660 723
661 662
661 722
661 723
661 724
662 723
662 724
662 725
663 664
663 725
663 726
664 665
664 726
664 727
665 666
665 727
666 667
666 727
666 728
667 728
667 729
668 669
668 729
668 730
668 731
669 730
669 731
669 732
670 732
670 733
671 672
671 734
671 735
672 673
672 734
672 735
673 735
673 736
674 675
674 736
674 737
674 738
675 676
675 737
675 738
675 739
676 677
676 738
676 739
676 740
677 739
677 740
677 741
678 679
678 742
678 743
679 680
679 743
680 681
680 743
680 744
681 682
681 744
681 745
682 683
682 744
682 745
682 746
683 684
683 745
683 746
683 747
684 685
684 746
684 747
684 748
685 747
685 748
685 749
686 687
686 750
686 751
687 688
687 750
687 751
687 752
688 689
688 751
688 752
688 753
689 690
689 752
689 753
690 691
690 753
690 754
691 754
692 693
692 755
693 755
693 756
694 695
694 757
694 758
695 696
695 758
695 759
696 697
696 759
697 759
697 760
698 760
698 761
698 762
699 700
699 764
699 765
700 701
700 765
700 766
701 702
701 766
701 767
702 703
702 766
702 767
703 767
703 768
704 705
704 768
704 769
704 770
705 706
705 769
705 770
705 771
706 707
706 770
706 771
706 772
707 708
707 771
707 772
707 773
708 709
708 772
708 773
708 774
709 710
709 773
709 774
709 775
710 711
710 774
710 775
710 776
711 712
711 775
711 776
711 777
712 776
712 777
712 778
713 714
713 778
713 779
714 715
714 779
714 780
715 716
715 780
716 717
716 780
716 781
717 718
717 781
717 782
718 719
718 781
718 782
718 783
719 720
719 782
719 783
719 784
720 721
720 783
720 784
720 785
721 722
721 784
721 785
722 723
722 785
722 786
723 724
723 786
723 787
724 725
724 786
724 787
725 726
725 787
725 788
726 788
726 789
727 789
727 790
727 791
728 729
728 791
728 792
729 730
729 792
729 793
730 731
730 792
730 793
731 732
731 793
731 794
732 733
732 794
732 795
733 794
733 795
733 796
734 735
734 796
734 797
734 798
735 797
735 798
735 799
736 737
736 799
736 800
736 801
737 738
737 800
737 801
737 802
738 739
738 801
738 802
738 803
739 740
739 802
739 803
739 804
740 741
740 803
740 804
741 742
741 804
741 805
742 805
743 806
743 807
744 745
744 807
744 808
744 809
745 746
745 808
745 809
745 810
746 747
746 809
746 810
747 748
747 810
747 811
748 749
748 811
748 812
749 811
749 812
750 751
750 813
750 814
751 752
751 813
751 814
751 815
752 753
752 814
752 815
752 816
753 815
753 816
754 817
755 756
755 818
755 819
756 757
756 819
756 820
757 758
757 820
757 821
758 820
758 821
759 822
759 823
760 761
760 823
760 824
760 825
761 762
761 824
761 825
761 826
762 825
762 826
763 764
763 827
763 828
764 765
764 827
764 828
765 828
765 829
766 767
766 829
766 830
766 831
767 830
767 831
768 769
768 832
769 770
769 832
770 771
770 832
770 833
771 772
771 833
772 773
772 833
772 834
773 774
773 834
773 835
774 775
774 834
774 835
774 836
775 776
775 835
775 836
775 837
776 777
776 836
776 837
776 838
777 778
777 837
777 838
778 779
778 838
778 839
779 839
779 840
780 840
780 841
780 842
781 782
781 842
781 843
782 783
782 843
782 844
783 784
783 843
783 844
784 785
784 844
784 845
785 845
785 846
786 787
786 846
786 847
786 848
787 847
787 848
787 849
788 789
788 849
788 850
789 790
789 850
789 851
790 791
790 850
790 851
790 852
791 851
791 852
791 853
792 793
792 853
792 854
792 855
793 854
793 855
794 795
794 856
794 857
795 796
795 856
795 857
795 858
796 797
796 857
796 858
796 859
797 798
797 858
797 859
797 860
798 799
798 859
798 860
798 861
799 800
799 860
799 861
799 862
800 801
800 861
800 862
800 863
801 802
801 862
801 863
801 864
802 803
802 863
802 864
802 865
803 804
803 864
803 865
803 866
804 865
804 866
804 867
805 867
805 868
805 869
806 807
806 869
807 808
807 870
808 809
808 870
808 871
809 810
809 870
809 871
809 872
810 871
810 872
810 873
811 812
811 873
811 874
811 875
812 874
812 875
812 876
813 814
813 876
813 877
813 878
814 815
814 877
814 878
814 879
815 816
815 878
815 879
816 879
816 880
817 818
817 881
817 882
818 819
818 882
818 883
819 883
819 884
820 821
820 884
820 885
821 885
822 823
822 886
823 824
823 886
823 887
824 825
824 886
824 887
824 888
825 826
825 887
825 888
826 888
827 828
827 889
828 889
829 830
829 890
829 891
830 831
830 890
830 891
830 892
831 891
831 892
831 893
832 894
832 895
833 896
834 835
834 896
835 836
835 897
836 837
836 897
836 898
837 838
837 897
837 898
838 898
838 899
839 840
839 899
839 900
839 901
840 841
840 900
840 901
841 842
841 901
841 902
842 902
843 844
843 903
844 903
844 904
845 846
845 904
845 905
845 906
846 847
846 905
846 906
847 848
847 906
847 907
848 849
848 907
849 907
849 908
850 851
850 908
850 909
850 910
851 852
851 909
851 910
851 911
852 853
852 910
852 911
852 912
853 854
853 911
853 912
853 913
854 855
854 912
854 913
854 914
855 913
855 914
855 915
856 857
856 915
856 916
857 858
857 916
857 917
858 859
858 917
858 918
859 860
859 917
859 918
859 919
860 861
860 918
860 919
860 920
861 862
861 919
861 920
861 921
862 863
862 920
862 921
862 922
863 864
863 921
863 922
864 865
864 922
864 923
865 866
865 923
866 867
866 923
866 924
867 868
867 924
867 925
868 869
868 924
868 925
868 926
869 925
869 926
870 871
870 927
871 872
872 873
872 928
873 874
873 928
873 929
874 875
874 928
874 929
875 876
875 929
875 930
876 877
876 930
876 931
877 878
877 930
877 931
878 879
878 931
878 932
879 932
880 881
880 933
881 882
881 933
881 934
882 933
882 934
882 935
883 884
883 935
883 936
884 936
884 937
885 937
885 938
885 939
886 887
886 940
887 888
888 941
889 942
890 891
890 943
890 944
891 892
891 944
892 893
892 945
893 894
893 945
893 946
894 895
894 945
894 946
894 947
895 946
895 947
895 948
896 949
896 950
897 898
897 951
897 952
898 951
898 952
898 953
899 900
899 953
899 954
900 901
900 954
900 955
901 955
901 956
902 956
902 957
902 958
903 904
903 959
903 960
903 961
904 905
904 960
904 961
904 962
905 906
905 961
905 962
905 963
906 962
906 963
907 964
907 965
908 909
908 965
908 966
908 967
909 910
909 966
909 967
909 968
910 911
910 967
910 968
910 969
911 912
911 968
911 969
911 970
912 913
912 969
912 970
913 914
913 970
913 971
914 915
914 971
914 972
915 916
915 971
915 972
915 973
916 972
916 973
916 974
917 918
917 974
917 975
917 976
918 919
918 975
918 976
918 977
919 920
919 976
919 977
919 978
920 921
920 977
920 978
920 979
921 922
921 978
921 979
921 980
922 979
922 980
922 981
923 981
923 982
923 983
924 925
924 983
924 984
924 985
925 926
925 984
925 985
925 986
926 985
926 986
927 987
927 988
928 929
928 990
928 991
928 992
929 991
929 992
929 993
930 931
930 993
930 994
930 995
931 994
931 995
931 996
932 996
932 997
933 934
933 998
934 935
934 999
935 999
936 937
936 1000
936 1001
937 938
937 1000
937 1001
937 1002
938 939
938 1001
938 1002
938 1003
939 940
939 1002
939 1003
940 1003
940 1004
941 1006
941 1007
942 1008
942 1009
943 944
943 1009
943 1010
943 1011
944 1010
944 1011
944 1012
945 946
945 1013
945 1014
945 1015
946 947
946 1014
946 1015
946 1016
947 948
947 1015
947 1016
947 1017
948 949
948 1016
948 1017
948 1018
949 950
949 1017
949 1018
949 1019
950 1018
950 1019
950 1020
951 952
951 1021
951 1022
952 953
952 1022
953 954
953 1023
954 1023
955 956
955 1024
956 957
956 1024
957 958
957 1024
957 1025
958 959
958 1025
958 1026
959 960
959 1025
959 1026
960 961
960 1026
960 1027
961 962
961 1027
961 1028
962 963
962 1027
962 1028
962 1029
963 1028
963 1029
963 1030
964 965
964 1030
965 966
965 1031
966 967
966 1031
966 1032
967 968
967 1031
967 1032
967 1033
968 969
968 1032
968 1033
968 1034
969 970
969 1033
969 1034
969 1035
970 1034
970 1035
970 1036
971 972
971 1036
971 1037
972 973
972 1037
972 1038
973 974
973 1038
973 1039
974 975
974 1038
974 1039
974 1040
975 976
975 1039
975 1040
975 1041
976 977
976 1040
976 1041
976 1042
977 978
977 1041
977 1042
977 1043
978 979
978 1042
978 1043
978 1044
979 980
979 1043
979 1044
979 1045
980 981
980 1044
980 1045
980 1046
981 982
981 1045
981 1046
982 983
982 1046
982 1047
983 984
983 1047
983 1048
984 985
984 1047
984 1048
984 1049
985 986
985 1048
985 1049
985 1050
986 1049
986 1050
986 1051
987 988
987 1051
987 1052
988 989
988 1052
989 990
989 1052
990 991
990 1053
991 992
991 1053
991 1054
992 993
992 1053
992 1054
993 994
993 1054
993 1055
994 995
994 1055
994 1056
995 996
995 1055
995 1056
995 1057
996 997
996 1056
996 1057
996 1058
997 1057
997 1058
997 1059
998 1059
998 1060
998 1061
999 1062
999 1063
1000 1001
1000 1063
1000 1064
1000 1065
1001 1002
1001 1064
1001 1065
1001 1066
1002 1003
1002 1065
1002 1066
1002 1067
1003 1066
1003 1067
1003 1068
1004 1005
1004 1068
1004 1069
1004 1070
1005 1006
1005 1069
1005 1070
1005 1071
1006 1007
1006 1070
1006 1071
1006 1072
1007 1071
1007 1072
1008 1009
1008 1073
1008 1074
1009 1010
1009 1073
1009 1074
1009 1075
1010 1011
1010 1074
1010 1075
1010 1076
1011 1012
1011 1075
1011 1076
1012 1013
1012 1076
1012 1077
1013 1014
1013 1077
1013 1078
1014 1015
1014 1077
1014 1078
1014 1079
1015 1016
1015 1078
1015 1079
1015 1080
1016 1017
1016 1079
1016 1080
1016 1081
1017 1018
1017 1080
1017 1081
1017 1082
1018 1019
1018 1081
1018 1082
1018 1083
1019 1020
1019 1082
1019 1083
1019 1084
1020 1021
1020 1083
1020 1084
1021 1022
1021 1084
1021 1085
1022 1085
1022 1086
1023 1087
1023 1088
1023 1089
1024 1090
1024 1091
1025 1026
1025 1091
1025 1092
1026 1092
1026 1093
1027 1028
1027 1093
1027 1094
1028 1029
1028 1094
1028 1095
1029 1030
1029 1095
1030 1095
1030 1096
1031 1032
1031 1097
1031 1098
1032 1033
1032 1097
1032 1098
1033 1034
1033 1098
1033 1099
1034 1035
1034 1099
1034 1100
1035 1036
1035 1099
1035 1100
1035 1101
1036 1037
1036 1100
1036 1101
1036 1102
1037 1101
1037 1102
1037 1103
1038 1039
1038 1103
1038 1104
1038 1105
1039 1040
1039 1104
1039 1105
1039 1106
1040 1041
1040 1105
1040 1106
1040 1107
1041 1042
1041 1106
1041 1107
1042 1043
1042 1107
1042 1108
1043 1044
1043 1108
1043 1109
1044 1045
1044 1108
1044 1109
1044 1110
1045 1046
1045 1109
1045 1110
1045 1111
1046 1110
1046 1111
1046 1112
1047 1048
1047 1112
1047 1113
1047 1114
1048 1049
1048 1113
1048 1114
1048 1115
1049 1050
1049 1114
1049 1115
1049 1116
1050 1051
1050 1115
1050 1116
1050 1117
1051 1116
1051 1117
1051 1118
1052 1118
1052 1119
1052 1120
1053 1054
1053 1121
1053 1122
1054 1122
1054 1123
1055 1056
1055 1123
1055 1124
1055 1125
1056 1057
1056 1124
1056 1125
1056 1126
1057 1058
1057 1125
1057 1126
1057 1127
1058 1059
1058 1126
1058 1127
1058 1128
1059 1060
1059 1127
1059 1128
1059 1129
1060 1061
1060 1128
1060 1129
1060 1130
1061 1062
1061 1129
1061 1130
1061 1131
1062 1130
1062 1131
1062 1132
1063 1064
1063 1132
1063 1133
1064 1065
1064 1133
1064 1134
1065 1066
1065 1133
1065 1134
1065 1135
1066 1067
1066 1134
1066 1135
1066 1136
1067 1068
1067 1135
1067 1136
1067 1137
1068 1069
1068 1136
1068 1137
1068 1138
1069 1070
1069 1137
1069 1138
1069 1139
1070 1071
1070 1138
1070 1139
1070 1140
1071 1072
1071 1139
1071 1140
1071 1141
1072 1140
1072 1141
1073 1074
1073 1142
1073 1143
1074 1075
1074 1142
1074 1143
1074 1144
1075 1076
1075 1143
1075 1144
1076 1144
1076 1145
1077 1078
1077 1145
1077 1146
1078 1079
1078 1146
1078 1147
1079 1080
1079 1146
1079 1147
1079 1148
1080 1081
1080 1147
1080 1148
1080 1149
1081 1082
1081 1148
1081 1149
1081 1150
1082 1083
1082 1149
1082 1150
1082 1151
1083 1084
1083 1150
1083 1151
1083 1152
1084 1151
1084 1152
1084 1153
1085 1086
1085 1153
1085 1154
1085 1155
1086 1087
1086 1154
1086 1155
1086 1156
1087 1088
1087 1155
1087 1156
1087 1157
1088 1089
1088 1156
1088 1157
1088 1158
1089 1090
1089 1157
1089 1158
1089 1159
1090 1158
1090 1159
1090 1160
1091 1092
1091 1160
1091 1161
1091 1162
1092 1161
1092 1162
1092 1163
1093 1094
1093 1163
1093 1164
1093 1165
1094 1164
1094 1165
1094 1166
1095 1166
1095 1167
1096 1167
1096 1168
1096 1169
1097 1098
1097 1169
1097 1170
1098 1170
1099 1100
1099 1171
1099 1172
1100 1101
1100 1171
1100 1172
1100 1173
1101 1102
1101 1172
1101 1173
1101 1174
1102 1103
1102 1173
1102 1174
1102 1175
1103 1104
1103 1174
1103 1175
1104 1105
1104 1175
1104 1176
1105 1106
1105 1176
1106 1107
1106 1176
1106 1177
1107 1177
1108 1109
1108 1178
1109 1110
1109 1178
1109 1179
1110 1111
1110 1178
1110 1179
1110 1180
1111 1112
1111 1179
1111 1180
1111 1181
1112 1113
1112 1180
1112 1181
1113 1114
1113 1181
1113 1182
1114 1115
1114 1182
1114 1183
1115 1116
1115 1182
1115 1183
1116 1117
1116 1183
1116 1184
1117 1118
1117 1184
1117 1185
1118 1119
1118 1184
1118 1185
1118 1186
1119 1120
1119 1185
1119 1186
1119 1187
1120 1121
1120 1186
1120 1187
1121 1187
1121 1188
1122 1123
1122 1188
1122 1189
1122 1190
1123 1124
1123 1189
1123 1190
1124 1125
1124 1190
1124 1191
1125 1126
1125 1191
1125 1192
1126 1127
1126 1191
1126 1192
1126 1193
1127 1128
1127 1192
1127 1193
1127 1194
1128 1129
1128 1193
1128 1194
1128 1195
1129 1130
1129 1194
1129 1195
1129 1196
1130 1131
1130 1195
1130 1196
1130 1197
1131 1132
1131 1196
1131 1197
1131 1198
1132 1197
1132 1198
1133 1134
1133 1199
1134 1135
1134 1199
1134 1200
1135 1136
1135 1200
1135 1201
1136 1137
1136 1200
1136 1201
1136 1202
1137 1138
1137 1201
1137 1202
1137 1203
1138 1139
1138 1202
1138 1203
1138 1204
1139 1140
1139 1203
1139 1204
1139 1205
1140 1141
1140 1204
1140 1205
1140 1206
1141 1205
1141 1206
1142 1143
1142 1207
1142 1208
1143 1144
1143 1207
1143 1208
1143 1209
1144 1208
1144 1209
1144 1210
1145 1210
1145 1211
1145 1212
1146 1147
1146 1212
1146 1213
1146 1214
1147 1148
1147 1213
1147 1214
1148 1149
1148 1214
1148 1215
1149 1150
1149 1215
1149 1216
1150 1151
1150 1215
1150 1216
1150 1217
1151 1152
1151 1216
1151 1217
1151 1218
1152 1153
1152 1217
1152 1218
1152 1219
1153 1154
1153 1218
1153 1219
1154 1155
1154 1219
1155 1156
1155 1220
1156 1157
1156 1220
1157 1158
1157 1220
1157 1221
1158 1159
1158 1221
1158 1222
1159 1160
1159 1221
1159 1222
1159 1223
1160 1161
1160 1222
1160 1223
1160 1224
1161 1162
1161 1223
1161 1224
1162 1163
1162 1224
1162 1225
1163 1164
1163 1225
1163 1226
1164 1165
1164 1225
1164 1226
1165 1166
1165 1226
1165 1227
1166 1227
1166 1228
1167 1168
1167 1228
1167 1229
1167 1230
1168 1169
1168 1229
1168 1230
1168 1231
1169 1230
1169 1231
1170 1232
1170 1233
1171 1172
1171 1233
1171 1234
1171 1235
1172 1173
1172 1234
1172 1235
1173 1174
1173 1235
1174 1175
1174 1236
1175 1236
1176 1237
1177 1238
1177 1239
1178 1179
1178 1240
1178 1241
1179 1180
1179 1241
1179 1242
1180 1181
1180 1241
1180 1242
1180 1243
1181 1242
1181 1243
1182 1183
1182 1244
1182 1245
1183 1244
1183 1245
1183 1246
1184 1185
1184 1246
1184 1247
1185 1186
1185 1247
1186 1187
1186 1248
1187 1248
1187 1249
1188 1189
1188 1249
1188 1250
1189 1190
1189 1250
1190 1250
1190 1251
1191 1192
1191 1251
1191 1252
1191 1253
1192 1193
1192 1252
1192 1253
1192 1254
1193 1194
1193 1253
1193 1254
1193 1255
1194 1195
1194 1254
1194 1255
1194 1256
1195 1196
1195 1255
1195 1256
1195 1257
1196 1197
1196 1256
1196 1257
1196 1258
1197 1198
1197 1257
1197 1258
1197 1259
1198 1258
1198 1259
1200 1201
1200 1260
1201 1202
1201 1260
1202 1203
1202 1261
1203 1204
1203 1261
1203 1262
1204 1205
1204 1261
1204 1262
1205 1206
1205 1262
1205 1263
1206 1263
1207 1208
1207 1264
1208 1209
1208 1264
1208 1265
1209 1210
1209 1264
1209 1265
1209 1266
1210 1211
1210 1265
1210 1266
1210 1267
1211 1212
1211 1266
1211 1267
1212 1213
1212 1267
1212 1268
1213 1214
1213 1268
1213 1269
1214 1268
1214 1269
1215 1216
1215 1270
1216 1217
1216 1270
1217 1218
1217 1271
1218 1219
1218 1271
1218 1272
1219 1271
1219 1272
1219 1273
1220 1274
1220 1275
1220 1276
1221 1222
1221 1276
1221 1277
1221 1278
1222 1223
1222 1277
1222 1278
1222 1279
1223 1224
1223 1278
1223 1279
1223 1280
1224 1279
1224 1280
1224 1281
1225 1226
1225 1281
1225 1282
1226 1282
1227 1228
1227 1283
1227 1284
1228 1229
1228 1283
1228 1284
1228 1285
1229 1230
1229 1284
1229 1285
1230 1231
1230 1285
1230 1286
1231 1286
1232 1233
1232 1287
1232 1288
1233 1234
1233 1287
1233 1288
1234 1235
1234 1288
1234 1289
1235 1289
1235 1290
1236 1291
1236 1292
1237 1292
1237 1293
1237 1294
1238 1239
1238 1294
1238 1295
1239 1240
1239 1295
1239 1296
1240 1296
1240 1297
1241 1242
1241 1297
1241 1298
1242 1243
1242 1298
1242 1299
1243 1298
1243 1299
1243 1300
1244 1245
1244 1300
1244 1301
1245 1246
1245 1301
1245 1302
1246 1247
1246 1301
1246 1302
1246 1303
1247 1302
1247 1303
1247 1304
1248 1249
1248 1305
1248 1306
1248 1307
1249 1306
1249 1307
1250 1308
1251 1252
1251 1309
1251 1310
1252 1253
1252 1309
1252 1310
1252 1311
1253 1254
1253 1310
1253 1311
1253 1312
1254 1255
1254 1311
1254 1312
1254 1313
1255 1256
1255 1312
1255 1313
1255 1314
1256 1257
1256 1313
1256 1314
1256 1315
1257 1258
1257 1314
1257 1315
1257 1316
1258 1259
1258 1315
1258 1316
1258 1317
1259 1316
1259 1317
1259 1318
1260 1320
1260 1321
1261 1262
1261 1322
1262 1322
1262 1323
1263 1323
1263 1324
1264 1265
1264 1325
1264 1326
1265 1266
1265 1326
1265 1327
1266 1267
1266 1326
1266 1327
1267 1327
1267 1328
1268 1269
1268 1328
1268 1329
1269 1329
1269 1330
1270 1330
1270 1331
1270 1332
1271 1272
1271 1333
1271 1334
1271 1335
1272 1273
1272 1334
1272 1335
1272 1336
1273 1274
1273 1335
1273 1336
1273 1337
1274 1275
1274 1336
1274 1337
1274 1338
1275 1276
1275 1337
1275 1338
1276 1277
1276 1338
1276 1339
1277 1278
1277 1339
1277 1340
1278 1279
1278 1339
1278 1340
1278 1341
1279 1280
1279 1340
1279 1341
1280 1281
1280 1341
1280 1342
1281 1282
1281 1342
1281 1343
1282 1342
1282 1343
1282 1344
1283 1284
1283 1345
1283 1346
1283 1347
1284 1285
1284 1346
1284 1347
1285 1347
1285 1348
1286 1348
1286 1349
1286 1350
1287 1288
1287 1350
1287 1351
1288 1351
1288 1352
1289 1290
1289 1352
1289 1353
1289 1354
1290 1291
1290 1353
1290 1354
1290 1355
1291 1354
1291 1355
1292 1293
1292 1356
1293 1294
1293 1356
1293 1357
1294 1295
1294 1356
1294 1357
1294 1358
1295 1357
1295 1358
1295 1359
1296 1297
1296 1359
1296 1360
1296 1361
1297 1360
1297 1361
1298 1299
1298 1362
1298 1363
1299 1300
1299 1362
1299 1363
1299 1364
1300 1363
1300 1364
1300 1365
1301 1302
1301 1365
1302 1303
1303 1304
1304 1305
1304 1366
1305 1306
1305 1366
1305 1367
1306 1307
1306 1366
1306 1367
1306 1368
1307 1367
1307 1368
1307 1369
1308 1369
1308 1370
1308 1371
1309 1310
1309 1371
1309 1372
1310 1311
1310 1372
1311 1312
1311 1373
1312 1313
1312 1373
1313 1314
1313 1373
1313 1374
1314 1315
1314 1374
1314 1375
1315 1316
1315 1374
1315 1375
1315 1376
1316 1317
1316 1375
1316 1376
1317 1318
1317 1376
1317 1377
1318 1319
1318 1377
1318 1378
1319 1320
1319 1377
1319 1378
1319 1379
1320 1321
1320 1378
1320 1379
1320 1380
1321 1379
1321 1380
1321 1381
1322 1382
1322 1383
1323 1324
1323 1384
1323 1385
1324 1384
1324 1385
1325 1386
1326 1327
1326 1386
1326 1387
1326 1388
1327 1387
1327 1388
1328 1389
1329 1330
1329 1390
1329 1391
1330 1331
1330 1390
1330 1391
1330 1392
1331 1332
1331 1391
1331 1392
1332 1333
1332 1392
1333 1334
1333 1393
1334 1335
1334 1393
1334 1394
1335 1336
1335 1393
1335 1394
1335 1395
1336 1337
1336 1394
1336 1395
1336 1396
1337 1338
1337 1395
1337 1396
1337 1397
1338 1396
1338 1397
1338 1398
1339 1340
1339 1398
1339 1399
1339 1400
1340 1341
1340 1399
1340 1400
1340 1401
1341 1400
1341 1401
1341 1402
1342 1343
1342 1402
1342 1403
1342 1404
1343 1344
1343 1403
1343 1404
1343 1405
1344 1345
1344 1404
1344 1405
1344 1406
1345 1346
1345 1405
1345 1406
1346 1347
1346 1406
1346 1407
1347 1407
1347 1408
1348 1349
1348 1408
1348 1409
1348 1410
1349 1350
1349 1409
1349 1410
1350 1410
1350 1411
1351 1352
1351 1411
1351 1412
1351 1413
1352 1353
1352 1412
1352 1413
1353 1354
1353 1413
1353 1414
1354 1355
1354 1414
1354 1415
1355 1414
1355 1415
1355 1416
1356 1357
1356 1417
1356 1418
1356 1419
1357 1358
1357 1418
1357 1419
1357 1420
1358 1359
1358 1419
1358 1420
1358 1421
1359 1360
1359 1420
1359 1421
1359 1422
1360 1361
1360 1421
1360 1422
1360 1423
1361 1422
1361 1423
1361 1424
1362 1363
1362 1424
1362 1425
1362 1426
1363 1364
1363 1425
1363 1426
1363 1427
1364 1365
1364 1426
1364 1427
1365 1427
1365 1428
1366 1367
1366 1431
1366 1432
1366 1433
1367 1368
1367 1432
1367 1433
1367 1434
1368 1369
1368 1433
1368 1434
1368 1435
1369 1370
1369 1434
1369 1435
1369 1436
1370 1371
1370 1435
1370 1436
1370 1437
1371 1372
1371 1436
1371 1437
1371 1438
1372 1437
1372 1438
1372 1439
1373 1440
1373 1441
1374 1375
1374 1442
1374 1443
1375 1376
1375 1442
1375 1443
1375 1444
1376 1443
1376 1444
1376 1445
1377 1378
1377 1445
1377 1446
1378 1379
1378 1446
1378 1447
1379 1380
1379 1446
1379 1447
1379 1448
1380 1381
1380 1447
1380 1448
1380 1449
1381 1382
1381 1448
1381 1449
1381 1450
1382 1383
1382 1449
1382 1450
1382 1451
1383 1450
1383 1451
1383 1452
1384 1385
1384 1452
1384 1453
1385 1453
1386 1387
1386 1454
1386 1455
1387 1388
1387 1454
1387 1455
1387 1456
1388 1455
1388 1456
1388 1457
1389 1457
1389 1458
1389 1459
1390 1391
1390 1459
1390 1460
1390 1461
1391 1392
1391 1460
1391 1461
1392 1461
1393 1394
1393 1462
1393 1463
1394 1395
1394 1463
1395 1396
1395 1464
1396 1397
1396 1464
1397 1398
1397 1464
1397 1465
1398 1399
1398 1465
1399 1400
1399 1465
1400 1401
1400 1466
1401 1402
1401 1466
1401 1467
1402 1403
1402 1466
1402 1467
1402 1468
1403 1404
1403 1467
1403 1468
1403 1469
1404 1405
1404 1468
1404 1469
1404 1470
1405 1406
1405 1469
1405 1470
1405 1471
1406 1470
1406 1471
1407 1408
1407 1472
1408 1409
1408 1472
1408 1473
1409 1410
1409 1473
1409 1474
1410 1473
1410 1474
1410 1475
1411 1412
1411 1475
1411 1476
1411 1477
1412 1413
1412 1476
1412 1477
1412 1478
1413 1477
1413 1478
1414 1415
1414 1479
1415 1416
1415 1479
1415 1480
1416 1417
1416 1479
1416 1480
1417 1418
1417 1480
1418 1419
1418 1481
1419 1420
1419 1481
1419 1482
1420 1421
1420 1481
1420 1482
1420 1483
1421 1422
1421 1482
1421 1483
1421 1484
1422 1423
1422 1483
1422 1484
1423 1424
1423 1484
1423 1485
1424 1425
1424 1485
1424 1486
1425 1426
1425 1485
1425 1486
1426 1427
1426 1486
1427 1487
1428 1429
1428 1487
1428 1488
1429 1430
1429 1488
1429 1489
1430 1431
1430 1488
1430 1489
1431 1432
1431 1489
1432 1433
1432 1490
1433 1434
1433 1490
1433 1491
1434 1435
1434 1490
1434 1491
1434 1492
1435 1436
1435 1491
1435 1492
1435 1493
1436 1437
1436 1492
1436 1493
1436 1494
1437 1438
1437 1493
1437 1494
1437 1495
1438 1439
1438 1494
1438 1495
1438 1496
1439 1440
1439 1495
1439 1496
1440 1441
1440 1496
1440 1497
1441 1497
1441 1498
1442 1443
1442 1498
1442 1499
1442 1500
1443 1444
1443 1499
1443 1500
1443 1501
1444 1445
1444 1500
1444 1501
1444 1502
1445 1501
1445 1502
1445 1503
1446 1447
1446 1503
1446 1504
1446 1505
1447 1448
1447 1504
1447 1505
1447 1506
1448 1449
1448 1505
1448 1506
1449 1450
1449 1506
1449 1507
1450 1451
1450 1507
1451 1452
1451 1507
1452 1453
1452 1508
1453 1508
1454 1455
1454 1509
1454 1510
1455 1456
1455 1510
1456 1457
1456 1510
1456 1511
1457 1458
1457 1511
1457 1512
1458 1459
1458 1511
1458 1512
1458 1513
1459 1460
1459 1512
1459 1513
1459 1514
1460 1461
1460 1513
1460 1514
1461 1514
1461 1515
1462 1463
1462 1516
1462 1517
1462 1518
1463 1517
1463 1518
1463 1519
1464 1520
1464 1521
1465 1521
1465 1522
1465 1523
1466 1467
1466 1524
1466 1525
1466 1526
1467 1468
1467 1525
1467 1526
1467 1527
1468 1469
1468 1526
1468 1527
1468 1528
1469 1470
1469 1527
1469 1528
1470 1471
1470 1528
1471 1529
1472 1529
1472 1530
1473 1474
1473 1530
1473 1531
1473 1532
1474 1475
1474 1531
1474 1532
1474 1533
1475 1476
1475 1532
1475 1533
1475 1534
1476 1477
1476 1533
1476 1534
1476 1535
1477 1478
1477 1534
1477 1535
1477 1536
1478 1535
1478 1536
1478 1537
1479 1480
1479 1538
1479 1539
1479 1540
1480 1539
1480 1540
1480 1541
1481 1482
1481 1542
1481 1543
1482 1483
1482 1543
1482 1544
1483 1484
1483 1543
1483 1544
1484 1544
1484 1545
1485 1486
1485 1545
1485 1546
1485 1547
1486 1546
1486 1547
1486 1548
1487 1549
1487 1550
1488 1489
1488 1551
1488 1552
1489 1551
1489 1552
1489 1553
1490 1491
1490 1554
1490 1555
1490 1556
1491 1492
1491 1555
1491 1556
1491 1557
1492 1493
1492 1556
1492 1557
1493 1494
1493 1557
1493 1558
1494 1495
1494 1558
1494 1559
1495 1496
1495 1558
1495 1559
1495 1560
1496 1559
1496 1560
1497 1498
1497 1561
1498 1499
1498 1561
1499 1500
1499 1561
1499 1562
1500 1501
1500 1562
1501 1502
1501 1562
1501 1563
1502 1503
1502 1563
1502 1564
1503 1504
1503 1563
1503 1564
1503 1565
1504 1505
1504 1564
1504 1565
1504 1566
1505 1506
1505 1565
1505 1566
1505 1567
1506 1566
1506 1567
1506 1568
1507 1568
1507 1569
1508 1570
1508 1571
1508 1572
1509 1573
1509 1574
1510 1574
1510 1575
1510 1576
1511 1512
1511 1576
1511 1577
1511 1578
1512 1513
1512 1577
1512 1578
1512 1579
1513 1514
1513 1578
1513 1579
1513 1580
1514 1579
1514 1580
1515 1516
1515 1581
1516 1517
1516 1581
1516 1582
1517 1518
1517 1582
1517 1583
1518 1519
1518 1582
1518 1583
1518 1584
1519 1520
1519 1583
1519 1584
1519 1585
1520 1584
1520 1585
1520 1586
1521 1522
1521 1586
1521 1587
1522 1523
1522 1587
1522 1588
1523 1524
1523 1587
1523 1588
1523 1589
1524 1525
1524 1588
1524 1589
1524 1590
1525 1526
1525 1589
1525 1590
1525 1591
1526 1527
1526 1590
1526 1591
1526 1592
1527 1528
1527 1591
1527 1592
1527 1593
1528 1592
1528 1593
1529 1594
1529 1595
1529 1596
1530 1531
1530 1596
1530 1597
1530 1598
1531 1532
1531 1597
1531 1598
1532 1533
1532 1598
1532 1599
1533 1534
1533 1599
1533 1600
1534 1535
1534 1599
1534 1600
1534 1601
1535 1536
1535 1600
1535 1601
1535 1602
1536 1537
1536 1601
1536 1602
1536 1603
1537 1538
1537 1602
1537 1603
1538 1539
1538 1603
1538 1604
1539 1540
1539 1604
1539 1605
1540 1541
1540 1604
1540 1605
1541 1542
1541 1605
1541 1606
1542 1606
1542 1607
1543 1544
1543 1607
1543 1608
1543 1609
1544 1608
1544 1609
1544 1610
1545 1546
1545 1610
1545 1611
1546 1547
1546 1611
1546 1612
1547 1548
1547 1611
1547 1612
1547 1613
1548 1549
1548 1612
1548 1613
1549 1550
1549 1613
1549 1614
1550 1614
1551 1552
1551 1615
1551 1616
1552 1553
1552 1615
1552 1616
1552 1617
1553 1554
1553 1616
1553 1617
1554 1555
1554 1617
1554 1618
1555 1556
1555 1618
1555 1619
1556 1557
1556 1618
1556 1619
1556 1620
1557 1619
1557 1620
1557 1621
1558 1559
1558 1621
1558 1622
1558 1623
1559 1560
1559 1622
1559 1623
1559 1624
1560 1623
1560 1624
1560 1625
1561 1626
1561 1627
1562 1627
1562 1628
1563 1564
1563 1629
1563 1630
1564 1565
1564 1629
1564 1630
1564 1631
1565 1566
1565 1630
1565 1631
1565 1632
1566 1567
1566 1631
1566 1632
1566 1633
1567 1568
1567 1632
1567 1633
1567 1634
1568 1569
1568 1633
1568 1634
1568 1635
1569 1634
1569 1635
1569 1636
1570 1571
1570 1636
1570 1637
1570 1638
1571 1572
1571 1637
1571 1638
1572 1638
1573 1574
1573 1639
1574 1575
1574 1639
1574 1640
1575 1576
1575 1640
1576 1577
1576 1640
1576 1641
1577 1578
1577 1641
1577 1642
1578 1579
1578 1641
1578 1642
1579 1580
1579 1642
1579 1643
1580 1643
1580 1644
1581 1644
1581 1645
1581 1646
1582 1583
1582 1646
1582 1647
1583 1584
1583 1647
1583 1648
1584 1585
1584 1647
1584 1648
1584 1649
1585 1586
1585 1648
1585 1649
1585 1650
1586 1649
1586 1650
1586 1651
1587 1588
1587 1651
1587 1652
1587 1653
1588 1589
1588 1652
1588 1653
1588 1654
1589 1590
1589 1653
1589 1654
1589 1655
1590 1591
1590 1654
1590 1655
1590 1656
1591 1592
1591 1655
1591 1656
1591 1657
1592 1593
1592 1656
1592 1657
1592 1658
1593 1657
1593 1658
1593 1659
1594 1595
1594 1659
1594 1660
1594 1661
1595 1596
1595 1660
1595 1661
1595 1662
1596 1597
1596 1661
1596 1662
1596 1663
1597 1598
1597 1662
1597 1663
1597 1664
1598 1663
1598 1664
1598 1665
1599 1600
1599 1665
1599 1666
1599 1667
1600 1601
1600 1666
1600 1667
1600 1668
1601 1602
1601 1667
1601 1668
1601 1669
1602 1603
1602 1668
1602 1669
1602 1670
1603 1669
1603 1670
1604 1605
1604 1671
1604 1672
1605 1671
1605 1672
1605 1673
1606 1607
1606 1673
1606 1674
1607 1608
1607 1674
1607 1675
1608 1609
1608 1674
1608 1675
1608 1676
1609 1610
1609 1675
1609 1676
1609 1677
1610 1676
1610 1677
1611 1612
1611 1678
1611 1679
1612 1613
1612 1678
1612 1679
1612 1680
1613 1679
1613 1680
1614 1681
1614 1682
1615 1616
1615 1682
1615 1683
1616 1617
1616 1683
1616 1684
1617 1684
1618 1619
1618 1685
1618 1686
1619 1620
1619 1685
1619 1686
1619 1687
1620 1621
1620 1686
1620 1687
1620 1688
1621 1622
1621 1687
1621 1688
1621 1689
1622 1623
1622 1688
1622 1689
1622 1690
1623 1624
1623 1689
1623 1690
1624 1625
1624 1690
1624 1691
1625 1626
1625 1691
1626 1691
1626 1692
1627 1628
1627 1692
1627 1693
1627 1694
1628 1693
1628 1694
1628 1695
1629 1630
1629 1695
1629 1696
1630 1631
1630 1696
1630 1697
1631 1632
1631 1697
1631 1698
1632 1633
1632 1697
1632 1698
1632 1699
1633 1634
1633 1698
1633 1699
1633 1700
1634 1635
1634 1699
1634 1700
1634 1701
1635 1636
1635 1700
1635 1701
1635 1702
1636 1637
1636 1701
1636 1702
1636 1703
1637 1638
1637 1702
1637 1703
1637 1704
1638 1703
1638 1704
1638 1705
1639 1706
1640 1706
1640 1707
1641 1642
1641 1707
1641 1708
1642 1708
1643 1644
1643 1709
1643 1710
1644 1645
1644 1709
1644 1710
1644 1711
1645 1646
1645 1710
1645 1711
1645 1712
1646 1711
1646 1712
1646 1713
1647 1648
1647 1713
1647 1714
1647 1715
1648 1649
1648 1714
1648 1715
1648 1716
1649 1650
1649 1715
1649 1716
1649 1717
1650 1651
1650 1716
1650 1717
1651 1652
1651 1717
1651 1718
1652 1653
1652 1718
1652 1719
1653 1654
1653 1718
1653 1719
1653 1720
1654 1655
1654 1719
1654 1720
1654 1721
1655 1656
1655 1720
1655 1721
1655 1722
1656 1657
1656 1721
1656 1722
1656 1723
1657 1658
1657 1722
1657 1723
1658 1659
1658 1723
1659 1660
1660 1661
1660 1724
1661 1662
1661 1724
1661 1725
1662 1663
1662 1724
1662 1725
1662 1726
1663 1664
1663 1725
1663 1726
1663 1727
1664 1665
1664 1726
1664 1727
1664 1728
1665 1666
1665 1727
1665 1728
1665 1729
1666 1667
1666 1728
1666 1729
1666 1730
1667 1668
1667 1729
1667 1730
1667 1731
1668 1669
1668 1730
1668 1731
1668 1732
1669 1670
1669 1731
1669 1732
1669 1733
1670 1732
1670 1733
1670 1734
1671 1672
1671 1734
1671 1735
1672 1673
1672 1735
1672 1736
1673 1735
1673 1736
1674 1675
1674 1737
1674 1738
1675 1676
1675 1737
1675 1738
1675 1739
1676 1677
1676 1738
1676 1739
1677 1739
1677 1740
1678 1679
1678 1740
1678 1741
1678 1742
1679 1680
1679 1741
1679 1742
1679 1743
1680 1742
1680 1743
1680 1744
1681 1682
1681 1744
1681 1745
1682 1683
1682 1745
1682 1746
1683 1745
1683 1746
1683 1747
1684 1747
1684 1748
1684 1749
1685 1686
1685 1749
1685 1750
1685 1751
1686 1687
1686 1750
1686 1751
1686 1752
1687 1688
1687 1751
1687 1752
1687 1753
1688 1689
1688 1752
1688 1753
1688 1754
1689 1690
1689 1753
1689 1754
1689 1755
1690 1754
1690 1755
1690 1756
1691 1756
1691 1757
1692 1693
1692 1757
1692 1758
1692 1759
1693 1694
1693 1758
1693 1759
1693 1760
1694 1695
1694 1759
1694 1760
1694 1761
1695 1696
1695 1760
1695 1761
1695 1762
1696 1761
1696 1762
1696 1763
1697 1698
1697 1763
1697 1764
1697 1765
1698 1699
1698 1764
1698 1765
1699 1700
1699 1765
1700 1701
1700 1766
1701 1702
1701 1766
1701 1767
1702 1703
1702 1766
1702 1767
1702 1768
1703 1704
1703 1767
1703 1768
1703 1769
1704 1705
1704 1768
1704 1769
1704 1770
1705 1769
1705 1770
1706 1771
1706 1772
1706 1773
1707 1773
1708 1774
1709 1710
1709 1774
1709 1775
1709 1776
1710 1711
1710 1775
1710 1776
1710 1777
1711 1712
1711 1776
1711 1777
1711 1778
1712 1713
1712 1777
1712 1778
1712 1779
1713 1714
1713 1778
1713 1779
1713 1780
1714 1715
1714 1779
1714 1780
1714 1781
1715 1716
1715 1780
1715 1781
1716 1717
1716 1781
1716 1782
1717 1782
1717 1783
1718 1719
1718 1783
1718 1784
1719 1720
1719 1784
1719 1785
1720 1721
1720 1784
1720 1785
1721 1722
1721 1785
1721 1786
1722 1723
1722 1786
1722 1787
1723 1786
1723 1787
1723 1788
1724 1725
1724 1790
1724 1791
1724 1792
1725 1726
1725 1791
1725 1792
1725 1793
1726 1727
1726 1792
1726 1793
1726 1794
1727 1728
1727 1793
1727 1794
1727 1795
1728 1729
1728 1794
1728 1795
1729 1730
1729 1795
1729 1796
1730 1731
1730 1796
1730 1797
1731 1732
1731 1796
1731 1797
1731 1798
1732 1733
1732 1797
1732 1798
1732 1799
1733 1734
1733 1798
1733 1799
1733 1800
1734 1799
1734 1800
1734 1801
1735 1736
1735 1801
1735 1802
1735 1803
1736 1802
1736 1803
1736 1804
1737 1738
1737 1804
1737 1805
1738 1739
1738 1805
1738 1806
1739 1806
1739 1807
1740 1741
1740 1807
1740 1808
1740 1809
1741 1742
1741 1808
1741 1809
1741 1810
1742 1743
1742 1809
1742 1810
1742 1811
1743 1744
1743 1810
1743 1811
1743 1812
1744 1811
1744 1812
1744 1813
1745 1746
1745 1813
1745 1814
1746 1747
1746 1814
1747 1748
1747 1815
1748 1749
1748 1815
1748 1816
1749 1750
1749 1815
1749 1816
1749 1817
1750 1751
1750 1816
1750 1817
1750 1818
1751 1752
1751 1817
1751 1818
1752 1753
1752 1818
1752 1819
1753 1754
1753 1819
1753 1820
1754 1755
1754 1819
1754 1820
1754 1821
1755 1756
1755 1820
1755 1821
1755 1822
1756 1821
1756 1822
1756 1823
1757 1758
1757 1823
1757 1824
1758 1759
1758 1824
1758 1825
1759 1760
1759 1824
1759 1825
1759 1826
1760 1761
1760 1825
1760 1826
1760 1827
1761 1762
1761 1826
1761 1827
1762 1763
1762 1827
1762 1828
1763 1764
1763 1828
1763 1829
1764 1765
1764 1828
1764 1829
1764 1830
1765 1829
1765 1830
1766 1767
1766 1831
1766 1832
1766 1833
1767 1768
1767 1832
1767 1833
1767 1834
1768 1769
1768 1833
1768 1834
1769 1770
1769 1834
1769 1835
1770 1835
1771 1772
1771 1836
1772 1773
1772 1836
1772 1837
1773 1837
1773 1838
1774 1775
1774 1840
1774 1841
1774 1842
1775 1776
1775 1841
1775 1842
1776 1777
1776 1842
1777 1778
1777 1843
1778 1779
1778 1843
1779 1780
1779 1843
1779 1844
1780 1781
1780 1844
1781 1844
1781 1845
1782 1783
1782 1845
1782 1846
1783 1846
1783 1847
1784 1785
1784 1847
1784 1848
1784 1849
1785 1848
1785 1849
1786 1787
1786 1850
1786 1851
1787 1788
1787 1850
1787 1851
1787 1852
1788 1789
1788 1851
1788 1852
1788 1853
1789 1790
1789 1852
1789 1853
1789 1854
1790 1791
1790 1853
1790 1854
1790 1855
1791 1792
1791 1854
1791 1855
1792 1793
1792 1855
1792 1856
1793 1794
1793 1856
1794 1795
1794 1856
1794 1857
1795 1857
1795 1858
1796 1797
1796 1858
1796 1859
1796 1860
1797 1798
1797 1859
1797 1860
1797 1861
1798 1799
1798 1860
1798 1861
1798 1862
1799 1800
1799 1861
1799 1862
1799 1863
1800 1801
1800 1862
1800 1863
1800 1864
1801 1802
1801 1863
1801 1864
1801 1865
1802 1803
1802 1864
1802 1865
1802 1866
1803 1804
1803 1865
1803 1866
1803 1867
1804 1805
1804 1866
1804 1867
1804 1868
1805 1867
1805 1868
1805 1869
1806 1807
1806 1869
1806 1870
1806 1871
1807 1808
1807 1870
1807 1871
1808 1809
1808 1871
1809 1810
1810 1811
1810 1872
1811 1812
1811 1872
1811 1873
1812 1813
1812 1872
1812 1873
1812 1874
1813 1814
1813 1873
1813 1874
1814 1874
1814 1875
1815 1816
1815 1876
1815 1877
1815 1878
1816 1817
1816 1877
1816 1878
1816 1879
1817 1818
1817 1878
1817 1879
1817 1880
1818 1879
1818 1880
1818 1881
1819 1820
1819 1881
1819 1882
1819 1883
1820 1821
1820 1882
1820 1883
1820 1884
1821 1822
1821 1883
1821 1884
1821 1885
1822 1823
1822 1884
1822 1885
1823 1885
1824 1825
1824 1886
1824 1887
1825 1826
1825 1886
1825 1887
1825 1888
1826 1827
1826 1887
1826 1888
1826 1889
1827 1888
1827 1889
1827 1890
1828 1829
1828 1890
1828 1891
1829 1830
1829 1891
1829 1892
1830 1891
1830 1892
1830 1893
1831 1832
1831 1893
1831 1894
1832 1833
1832 1894
1833 1834
1833 1895
1834 1895
1834 1896
1835 1896
1835 1897
1836 1898
1836 1899
1837 1838
1837 1899
1837 1900
1837 1901
1838 1839
1838 1900
1838 1901
1838 1902
1839 1840
1839 1901
1839 1902
1839 1903
1840 1841
1840 1902
1840 1903
1840 1904
1841 1842
1841 1903
1841 1904
1841 1905
1842 1904
1842 1905
1842 1906
1843 1907
1844 1907
1844 1908
1844 1909
1845 1846
1845 1909
1845 1910
1845 1911
1846 1910
1846 1911
1846 1912
1847 1848
1847 1912
1847 1913
1847 1914
1848 1849
1848 1913
1848 1914
1848 1915
1849 1914
1849 1915
1849 1916
1850 1851
1850 1916
1850 1917
1850 1918
1851 1852
1851 1917
1851 1918
1851 1919
1852 1853
1852 1918
1852 1919
1852 1920
1853 1854
1853 1919
1853 1920
1854 1855
1854 1920
1855 1921
1856 1921
1856 1922
1856 1923
1857 1858
1857 1923
1857 1924
1857 1925
1858 1859
1858 1924
1858 1925
1858 1926
1859 1860
1859 1925
1859 1926
1859 1927
1860 1861
1860 1926
1860 1927
1860 1928
1861 1862
1861 1927
1861 1928
1862 1863
1862 1928
1862 1929
1863 1864
1863 1929
1863 1930
1864 1865
1864 1929
1864 1930
1864 1931
1865 1866
1865 1930
1865 1931
1865 1932
1866 1867
1866 1931
1866 1932
1866 1933
1867 1868
1867 1932
1867 1933
1867 1934
1868 1869
1868 1933
1868 1934
1868 1935
1869 1870
1869 1934
1869 1935
1869 1936
1870 1871
1870 1935
1870 1936
1870 1937
1871 1936
1871 1937
1871 1938
1872 1873
1872 1940
1872 1941
1872 1942
1873 1874
1873 1941
1873 1942
1873 1943
1874 1942
1874 1943
1874 1944
1875 1876
1875 1944
1876 1877
1876 1945
1877 1878
1877 1945
1877 1946
1878 1879
1878 1945
1878 1946
1878 1947
1879 1880
1879 1946
1879 1947
1879 1948
1880 1881
1880 1947
1880 1948
1881 1882
1881 1948
1881 1949
1882 1883
1882 1949
1882 1950
1883 1884
1883 1949
1883 1950
1883 1951
1884 1885
1884 1950
1884 1951
1884 1952
1885 1951
1885 1952
1885 1953
1886 1887
1886 1954
1887 1888
1887 1954
1887 1955
1888 1889
1888 1954
1888 1955
1888 1956
1889 1890
1889 1955
1889 1956
1889 1957
1890 1956
1890 1957
1890 1958
1891 1892
1891 1958
1891 1959
1891 1960
1892 1893
1892 1959
1892 1960
1892 1961
1893 1894
1893 1960
1893 1961
1893 1962
1894 1961
1894 1962
1894 1963
1895 1896
1895 1964
1895 1965
1895 1966
1896 1897
1896 1965
1896 1966
1896 1967
1897 1966
1897 1967
1898 1899
1898 1968
1898 1969
1899 1900
1899 1968
1899 1969
1900 1901
1900 1969
1900 1970
1901 1902
1901 1970
1901 1971
1902 1903
1902 1970
1902 1971
1902 1972
1903 1904
1903 1971
1903 1972
1904 1905
1904 1972
1904 1973
1905 1906
1905 1973
1905 1974
1906 1973
1906 1974
1906 1975
1907 1908
1907 1976
1907 1977
1908 1909
1908 1977
1908 1978
1909 1910
1909 1977
1909 1978
1910 1911
1910 1978
1911 1912
1911 1979
1912 1913
1912 1979
1912 1980
1913 1914
1913 1979
1913 1980
1913 1981
1914 1915
1914 1980
1914 1981
1914 1982
1915 1916
1915 1981
1915 1982
1915 1983
1916 1917
1916 1982
1916 1983
1916 1984
1917 1918
1917 1983
1917 1984
1918 1919
1918 1984
1918 1985
1919 1920
1919 1985
1919 1986
1920 1985
1920 1986
1920 1987
1921 1922
1921 1988
1921 1989
1922 1923
1922 1989
1922 1990
1923 1924
1923 1990
1923 1991
1924 1925
1924 1990
1924 1991
1924 1992
1925 1926
1925 1991
1925 1992
1926 1927
1926 1992
1926 1993
1927 1928
1927 1993
1927 1994
1928 1993
1928 1994
1928 1995
1929 1930
1929 1995
1930 1931
1931 1932
1931 1996
1932 1933
1932 1996
1932 1997
1933 1934
1933 1996
1933 1997
1933 1998
1934 1935
1934 1997
1934 1998
1934 1999
1935 1936
1935 1998
1935 1999
1935 2000
1936 1937
1936 1999
1936 2000
1937 1938
1937 2000
1937 2001
1938 1939
1938 2001
1938 2002
1939 1940
1939 2001
1939 2002
1939 2003
1940 1941
1940 2002
1940 2003
1940 2004
1941 1942
1941 2003
1941 2004
1942 1943
1942 2004
1942 2005
1943 1944
1943 2005
1943 2006
1944 2005
1944 2006
1944 2007
1945 1946
1945 2008
1945 2009
1945 2010
1946 1947
1946 2009
1946 2010
1946 2011
1947 1948
1947 2010
1947 2011
1948 2011
1949 1950
1949 2012
1950 1951
1950 2012
1950 2013
1951 1952
1951 2013
1951 2014
1952 1953
1952 2013
1952 2014
1952 2015
1953 2014
1953 2015
1953 2016
1954 1955
1954 2017
1954 2018
1954 2019
1955 1956
1955 2018
1955 2019
1955 2020
1956 1957
1956 2019
1956 2020
1956 2021
1957 1958
1957 2020
1957 2021
1958 1959
1958 2021
1958 2022
1959 1960
1959 2022
1959 2023
1960 1961
1960 2022
1960 2023
1960 2024
1961 1962
1961 2023
1961 2024
1961 2025
1962 1963
1962 2024
1962 2025
1963 1964
1963 2025
1963 2026
1964 1965
1964 2026
1964 2027
1965 1966
1965 2026
1965 2027
1965 2028
1966 1967
1966 2027
1966 2028
1967 2028
1968 1969
1970 1971
1970 2029
1970 2030
1971 1972
1971 2029
1971 2030
1971 2031
1972 2030
1972 2031
1972 2032
1973 1974
1973 2032
1973 2033
1973 2034
1974 1975
1974 2033
1974 2034
1974 2035
1975 1976
1975 2034
1975 2035
1975 2036
1976 2035
1976 2036
1977 1978
1977 2037
1977 2038
1978 2037
1978 2038
1978 2039
1979 1980
1979 2040
1979 2041
1979 2042
1980 1981
1980 2041
1980 2042
1981 1982
1981 2042
1981 2043
1982 1983
1982 2043
1983 1984
1983 2043
1985 1986
1985 2044
1985 2045
1986 1987
1986 2044
1986 2045
1987 1988
1987 2045
1987 2046
1988 1989
1988 2046
1988 2047
1989 2046
1989 2047
1990 1991
1990 2048
1990 2049
1991 1992
1991 2048
1991 2049
1991 2050
1992 2049
1992 2050
1992 2051
1993 1994
1993 2051
1993 2052
1993 2053
1994 1995
1994 2052
1994 2053
1994 2054
1995 2053
1995 2054
1995 2055
1996 1997
1996 2057
1996 2058
1997 1998
1997 2058
1997 2059
1998 1999
1998 2058
1998 2059
1998 2060
1999 2000
1999 2059
1999 2060
2000 2060
2000 2061
2001 2002
2001 2061
2001 2062
2002 2003
2002 2062
2002 2063
2003 2004
2003 2062
2003 2063
2003 2064
2004 2063
2004 2064
2005 2006
2005 2065
2005 2066
2006 2007
2006 2065
2006 2066
2006 2067
2007 2008
2007 2066
2007 2067
2008 2009
2008 2067
2009 2010
2009 2068
2010 2011
2010 2068
2010 2069
2011 2068
2011 2069
2011 2070
2012 2071
2013 2014
2013 2072
2014 2015
2014 2072
2015 2016
2015 2073
2016 2017
2016 2073
2016 2074
2017 2018
2017 2073
2017 2074
2017 2075
2018 2019
2018 2074
2018 2075
2018 2076
2019 2020
2019 2075
2019 2076
2019 2077
2020 2021
2020 2076
2020 2077
2021 2077
2022 2023
2022 2078
2022 2079
2023 2024
2023 2078
2023 2079
2023 2080
2024 2025
2024 2079
2024 2080
2024 2081
2025 2080
2025 2081
2025 2082
2026 2027
2026 2082
2026 2083
2027 2028
2027 2083
2027 2084
2028 2084
2028 2085
2029 2030
2029 2087
2029 2088
2029 2089
2030 2031
2030 2088
2030 2089
2031 2032
2031 2089
2031 2090
2032 2033
2032 2090
2032 2091
2033 2034
2033 2090
2033 2091
2033 2092
2034 2035
2034 2091
2034 2092
2034 2093
2035 2036
2035 2092
2035 2093
2035 2094
2036 2093
2036 2094
2036 2095
2037 2038
2037 2095
2037 2096
2037 2097
2038 2039
2038 2096
2038 2097
2038 2098
2039 2040
2039 2097
2039 2098
2039 2099
2040 2041
2040 2098
2040 2099
2040 2100
2041 2042
2041 2099
2041 2100
2041 2101
2042 2100
2042 2101
2042 2102
2043 2102
2043 2103
2043 2104
2044 2045
2044 2106
2044 2107
2045 2107
2045 2108
2046 2047
2046 2108
2046 2109
2046 2110
2047 2109
2047 2110
2048 2049
2048 2111
2049 2050
2049 2111
2049 2112
2050 2051
2050 2112
2050 2113
2051 2052
2051 2112
2051 2113
2051 2114
2052 2053
2052 2113
2052 2114
2052 2115
2053 2054
2053 2114
2053 2115
2053 2116
2054 2055
2054 2115
2054 2116
2054 2117
2055 2056
2055 2116
2055 2117
2055 2118
2056 2057
2056 2117
2056 2118
2056 2119
2057 2118
2057 2119
2057 2120
2058 2059
2058 2120
2058 2121
2059 2060
2059 2121
2059 2122
2060 2121
2060 2122
2060 2123
2061 2123
2061 2124
2062 2063
2062 2124
2062 2125
2062 2126
2063 2064
2063 2125
2063 2126
2063 2127
2064 2126
2064 2127
2064 2128
2065 2066
2065 2128
2065 2129
2065 2130
2066 2067
2066 2129
2066 2130
2066 2131
2067 2130
2067 2131
2067 2132
2068 2069
2068 2133
2068 2134
2069 2070
2069 2134
2069 2135
2070 2071
2070 2134
2070 2135
2071 2135
2071 2136
2072 2137
2072 2138
2073 2074
2073 2139
2073 2140
2074 2075
2074 2139
2074 2140
2075 2076
2075 2140
2075 2141
2076 2077
2076 2141
2076 2142
2077 2141
2077 2142
2078 2079
2078 2143
2078 2144
2078 2145
2079 2080
2079 2144
2079 2145
2080 2081
2080 2145
2080 2146
2081 2082
2081 2146
2081 2147
2082 2083
2082 2146
2082 2147
2083 2147
2083 2148
2084 2085
2084 2148
2084 2149
2085 2149
2086 2150
2087 2088
2087 2151
2087 2152
2088 2089
2088 2151
2088 2152
2088 2153
2089 2152
2089 2153
2089 2154
2090 2091
2090 2154
2090 2155
2090 2156
2091 2092
2091 2155
2091 2156
2091 2157
2092 2093
2092 2156
2092 2157
2092 2158
2093 2094
2093 2157
2093 2158
2093 2159
2094 2095
2094 2158
2094 2159
2094 2160
2095 2096
2095 2159
2095 2160
2096 2097
2096 2160
2096 2161
2097 2098
2097 2161
2097 2162
2098 2099
2098 2161
2098 2162
2098 2163
2099 2100
2099 2162
2099 2163
2099 2164
2100 2101
2100 2163
2100 2164
2100 2165
2101 2102
2101 2164
2101 2165
2101 2166
2102 2103
2102 2165
2102 2166
2102 2167
2103 2104
2103 2166
2103 2167
2103 2168
2104 2105
2104 2167
2104 2168
2104 2169
2105 2106
2105 2168
2105 2169
2105 2170
2106 2107
2106 2169
2106 2170
2106 2171
2107 2170
2107 2171
2107 2172
2108 2109
2108 2172
2108 2173
2108 2174
2109 2110
2109 2173
2109 2174
2109 2175
2110 2174
2110 2175
2111 2176
2111 2177
2112 2113
2112 2177
2112 2178
2112 2179
2113 2114
2113 2178
2113 2179
2114 2115
2114 2179
2115 2116
2115 2180
2116 2117
2116 2180
2116 2181
2117 2118
2117 2180
2117 2181
2118 2119
2118 2181
2118 2182
2119 2120
2119 2182
2119 2183
2120 2182
2120 2183
2120 2184
2121 2122
2121 2184
2121 2185
2121 2186
2122 2123
2122 2185
2122 2186
2122 2187
2123 2186
2123 2187
2123 2188
2124 2125
2124 2188
2124 2189
2125 2126
2125 2189
2125 2190
2126 2127
2126 2189
2126 2190
2126 2191
2127 2128
2127 2190
2127 2191
2127 2192
2128 2129
2128 2191
2128 2192
2128 2193
2129 2130
2129 2192
2129 2193
2129 2194
2130 2131
2130 2193
2130 2194
2130 2195
2131 2132
2131 2194
2131 2195
2132 2133
2132 2195
2132 2196
2133 2196
2133 2197
2134 2135
2134 2197
2134 2198
2134 2199
2135 2198
2135 2199
2136 2137
2136 2200
2136 2201
2137 2200
2137 2201
2137 2202
2138 2202
2138 2203
2138 2204
2139 2140
2139 2204
2139 2205
2140 2205
2141 2142
2141 2206
2142 2206
2142 2207
2143 2144
2143 2207
2143 2208
2143 2209
2144 2145
2144 2208
2144 2209
2145 2209
2146 2147
2146 2210
2146 2211
2147 2210
2147 2211
2148 2149
2148 2212
2149 2212
2149 2213
2150 2214
2151 2152
2151 2215
2151 2216
2152 2153
2152 2215
2152 2216
2152 2217
2153 2154
2153 2216
2153 2217
2153 2218
2154 2155
2154 2217
2154 2218
2154 2219
2155 2156
2155 2218
2155 2219
2155 2220
2156 2157
2156 2219
2156 2220
2156 2221
2157 2158
2157 2220
2157 2221
2157 2222
2158 2159
2158 2221
2158 2222
2159 2160
2159 2222
2159 2223
2160 2223
2160 2224
2161 2162
2161 2224
2161 2225
2161 2226
2162 2163
2162 2225
2162 2226
2162 2227
2163 2164
2163 2226
2163 2227
2163 2228
2164 2165
2164 2227
2164 2228
2164 2229
2165 2166
2165 2228
2165 2229
2165 2230
2166 2167
2166 2229
2166 2230
2166 2231
2167 2168
2167 2230
2167 2231
2168 2169
2168 2231
2168 2232
2169 2170
2169 2232
2169 2233
2170 2171
2170 2232
2170 2233
2171 2172
2171 2233
2172 2173
2172 2234
2173 2174
2173 2234
2173 2235
2174 2175
2174 2234
2174 2235
2175 2235
2175 2236
2176 2177
2176 2236
2176 2237
2176 2238
2177 2178
2177 2237
2177 2238
2177 2239
2178 2179
2178 2238
2178 2239
2178 2240
2179 2239
2179 2240
2180 2181
2180 2241
2181 2242
2182 2183
2182 2242
2182 2243
2182 2244
2183 2184
2183 2243
2183 2244
2183 2245
2184 2185
2184 2244
2184 2245
2184 2246
2185 2186
2185 2245
2185 2246
2185 2247
2186 2187
2186 2246
2186 2247
2186 2248
2187 2188
2187 2247
2187 2248
2187 2249
2188 2248
2188 2249
2189 2190
2190 2191
2190 2250
2191 2192
2191 2250
2191 2251
2192 2193
2192 2250
2192 2251
2192 2252
2193 2194
2193 2251
2193 2252
2193 2253
2194 2195
2194 2252
2194 2253
2194 2254
2195 2253
2195 2254
2195 2255
2196 2197
2196 2255
2196 2256
2196 2257
2197 2198
2197 2256
2197 2257
2197 2258
2198 2199
2198 2257
2198 2258
2198 2259
2199 2258
2199 2259
2199 2260
2200 2201
2200 2260
2200 2261
2200 2262
2201 2202
2201 2261
2201 2262
2201 2263
2202 2203
2202 2262
2202 2263
2202 2264
2203 2204
2203 2263
2203 2264
2203 2265
2204 2264
2204 2265
2204 2266
2205 2266
2205 2267
2206 2267
2206 2268
2207 2208
2207 2268
2207 2269
2207 2270
2208 2209
2208 2269
2208 2270
2209 2270
2209 2271
2210 2211
2210 2272
2210 2273
2210 2274
2211 2273
2211 2274
2211 2275
2212 2213
2212 2276
2212 2277
2213 2277
2214 2278
2214 2279
2215 2216
2215 2279
2215 2280
2216 2217
2216 2280
2216 2281
2217 2218
2217 2281
2217 2282
2218 2219
2218 2281
2218 2282
2219 2220
2219 2282
2219 2283
2220 2221
2220 2283
2220 2284
2221 2222
2221 2283
2221 2284
2221 2285
2222 2284
2222 2285
2222 2286
2223 2224
2223 2286
2223 2287
2223 2288
2224 2225
2224 2287
2224 2288
2225 2226
2225 2288
2225 2289
2226 2227
2226 2289
2226 2290
2227 2228
2227 2289
2227 2290
2227 2291
2228 2229
2228 2290
2228 2291
2228 2292
2229 2230
2229 2291
2229 2292
2229 2293
2230 2231
2230 2292
2230 2293
2230 2294
2231 2293
2231 2294
2232 2233
2232 2295
2233 2295
2233 2296
2234 2235
2234 2297
2234 2298
2235 2298
2235 2299
2236 2237
2236 2299
2236 2300
2236 2301
2237 2238
2237 2300
2237 2301
2237 2302
2238 2239
2238 2301
2238 2302
2238 2303
2239 2240
2239 2302
2239 2303
2239 2304
2240 2303
2240 2304
2240 2305
2241 2305
2241 2306
2242 2243
2242 2307
2242 2308
2243 2244
2243 2307
2243 2308
2243 2309
2244 2245
2244 2308
2244 2309
2244 2310
2245 2246
2245 2309
2245 2310
2245 2311
2246 2247
2246 2310
2246 2311
2246 2312
2247 2248
2247 2311
2247 2312
2247 2313
2248 2249
2248 2312
2248 2313
2249 2313
2249 2314
2250 2251
2250 2316
2250 2317
2250 2318
2251 2252
2251 2317
2251 2318
2251 2319
2252 2253
2252 2318
2252 2319
2252 2320
2253 2254
2253 2319
2253 2320
2253 2321
2254 2255
2254 2320
2254 2321
2254 2322
2255 2256
2255 2321
2255 2322
2255 2323
2256 2257
2256 2322
2256 2323
2256 2324
2257 2258
2257 2323
2257 2324
2257 2325
2258 2259
2258 2324
2258 2325
2258 2326
2259 2260
2259 2325
2259 2326
2259 2327
2260 2261
2260 2326
2260 2327
2260 2328
2261 2262
2261 2327
2261 2328
2262 2263
2262 2328
2262 2329
2263 2264
2263 2329
2263 2330
2264 2265
2264 2329
2264 2330
2265 2266
2265 2330
2265 2331
2266 2331
2266 2332
2267 2332
2267 2333
2267 2334
2268 2269
2268 2334
2268 2335
2268 2336
2269 2270
2269 2335
2269 2336
2269 2337
2270 2336
2270 2337
2270 2338
2271 2272
2271 2338
2271 2339
2271 2340
2272 2273
2272 2339
2272 2340
2272 2341
2273 2274
2273 2340
2273 2341
2273 2342
2274 2275
2274 2341
2274 2342
2274 2343
2275 2276
2275 2342
2275 2343
2275 2344
2276 2343
2276 2344
2276 2345
2277 2345
2277 2346
2278 2279
2278 2347
2279 2280
2279 2347
2279 2348
2280 2347
2280 2348
2280 2349
2281 2282
2281 2349
2281 2350
2282 2350
2282 2351
2283 2284
2283 2351
2284 2285
2284 2352
2285 2286
2285 2352
2286 2287
2286 2352
2287 2288
2288 2353
2289 2290
2289 2353
2289 2354
2289 2355
2290 2291
2290 2354
2290 2355
2290 2356
2291 2292
2291 2355
2291 2356
2291 2357
2292 2293
2292 2356
2292 2357
2292 2358
2293 2294
2293 2357
2293 2358
2293 2359
2294 2358
2294 2359
2294 2360
2295 2360
2295 2361
2296 2297
2296 2361
2296 2362
2297 2362
2297 2363
2298 2299
2298 2363
2298 2364
2298 2365
2299 2300
2299 2364
2299 2365
2299 2366
2300 2301
2300 2365
2300 2366
2300 2367
2301 2302
2301 2366
2301 2367
2302 2303
2302 2367
2302 2368
2303 2304
2303 2368
2303 2369
2304 2305
2304 2368
2304 2369
2304 2370
2305 2306
2305 2369
2305 2370
2305 2371
2306 2370
2306 2371
2307 2308
2307 2372
2307 2373
2307 2374
2308 2309
2308 2373
2308 2374
2309 2310
2309 2374
2309 2375
2310 2311
2310 2375
2310 2376
2311 2312
2311 2375
2311 2376
2311 2377
2312 2313
2312 2376
2312 2377
2312 2378
2313 2377
2313 2378
2314 2315
2314 2379
2315 2316
2315 2379
2315 2380
2316 2317
2316 2379
2316 2380
2316 2381
2317 2318
2317 2380
2317 2381
2317 2382
2318 2319
2318 2381
2318 2382
2318 2383
2319 2320
2319 2382
2319 2383
2319 2384
2320 2321
2320 2383
2320 2384
2320 2385
2321 2322
2321 2384
2321 2385
2321 2386
2322 2323
2322 2385
2322 2386
2323 2324
2323 2386
2323 2387
2324 2325
2324 2387
2324 2388
2325 2326
2325 2387
2325 2388
2325 2389
2326 2327
2326 2388
2326 2389
2326 2390
2327 2328
2327 2389
2327 2390
2327 2391
2328 2390
2328 2391
2328 2392
2329 2330
2329 2392
2329 2393
2329 2394
2330 2393
2330 2394
2330 2395
2331 2332
2331 2395
2331 2396
2332 2333
2332 2396
2332 2397
2333 2334
2333 2397
2333 2398
2334 2335
2334 2397
2334 2398
2334 2399
2335 2336
2335 2398
2335 2399
2335 2400
2336 2337
2336 2399
2336 2400
2336 2401
2337 2338
2337 2400
2337 2401
2337 2402
2338 2339
2338 2401
2338 2402
2338 2403
2339 2340
2339 2402
2339 2403
2339 2404
2340 2341
2340 2403
2340 2404
2340 2405
2341 2342
2341 2404
2341 2405
2341 2406
2342 2343
2342 2405
2342 2406
2343 2344
2343 2406
2343 2407
2344 2345
2344 2407
2344 2408
2345 2346
2345 2407
2345 2408
2345 2409
2346 2408
2346 2409
2347 2348
2347 2410
2348 2349
2348 2410
2348 2411
2349 2350
2349 2410
2349 2411
2350 2411
2351 2412
2352 2413
2352 2414
2353 2354
2353 2416
2353 2417
2353 2418
2354 2355
2354 2417
2354 2418
2354 2419
2355 2356
2355 2418
2355 2419
2355 2420
2356 2357
2356 2419
2356 2420
2356 2421
2357 2358
2357 2420
2357 2421
2357 2422
2358 2359
2358 2421
2358 2422
2358 2423
2359 2360
2359 2422
2359 2423
2360 2423
2360 2424
2361 2424
2361 2425
2361 2426
2362 2363
2362 2426
2362 2427
2362 2428
2363 2364
2363 2427
2363 2428
2363 2429
2364 2365
2364 2428
2364 2429
2364 2430
2365 2366
2365 2429
2365 2430
2366 2367
2366 2430
2366 2431
2367 2431
2367 2432
2368 2369
2368 2432
2368 2433
2368 2434
2369 2370
2369 2433
2369 2434
2369 2435
2370 2371
2370 2434
2370 2435
2371 2435
2371 2436
2372 2373
2372 2436
2372 2437
2372 2438
2373 2374
2373 2437
2373 2438
2373 2439
2374 2438
2374 2439
2374 2440
2375 2376
2375 2440
2375 2441
2375 2442
2376 2377
2376 2441
2376 2442
2376 2443
2377 2378
2377 2442
2377 2443
2377 2444
2378 2443
2378 2444
2378 2445
2379 2380
2379 2446
2379 2447
2379 2448
2380 2381
2380 2447
2380 2448
2381 2382
2381 2448
2381 2449
2382 2383
2382 2449
2382 2450
2383 2384
2383 2449
2383 2450
2383 2451
2384 2385
2384 2450
2384 2451
2384 2452
2385 2386
2385 2451
2385 2452
2385 2453
2386 2452
2386 2453
2387 2388
2387 2454
2388 2389
2388 2454
2388 2455
2389 2390
2389 2455
2389 2456
2390 2391
2390 2455
2390 2456
2390 2457
2391 2392
2391 2456
2391 2457
2391 2458
2392 2393
2392 2457
2392 2458
2392 2459
2393 2394
2393 2458
2393 2459
2394 2395
2394 2459
2394 2460
2395 2396
2395 2460
2395 2461
2396 2460
2396 2461
2396 2462
2397 2398
2397 2462
2398 2399
2398 2463
2399 2400
2399 2463
2399 2464
2400 2401
2400 2463
2400 2464
2401 2402
2401 2464
2401 2465
2402 2403
2402 2465
2402 2466
2403 2404
2403 2465
2403 2466
2403 2467
2404 2405
2404 2466
2404 2467
2405 2406
2405 2467
2405 2468
2406 2468
2406 2469
2407 2408
2407 2469
2407 2470
2407 2471
2408 2409
2408 2470
2408 2471
2408 2472
2409 2471
2409 2472
2410 2411
2410 2474
2411 2475
2412 2476
2412 2477
2412 2478
2413 2478
2413 2479
2413 2480
2414 2415
2414 2480
2414 2481
2415 2416
2415 2481
2415 2482
2416 2417
2416 2482
2416 2483
2417 2418
2417 2482
2417 2483
2417 2484
2418 2419
2418 2483
2418 2484
2418 2485
2419 2420
2419 2484
2419 2485
2419 2486
2420 2421
2420 2485
2420 2486
2420 2487
2421 2422
2421 2486
2421 2487
2422 2423
2422 2487
2422 2488
2423 2488
2423 2489
2424 2425
2424 2489
2424 2490
2425 2426
2425 2490
2425 2491
2426 2427
2426 2490
2426 2491
2426 2492
2427 2428
2427 2491
2427 2492
2427 2493
2428 2429
2428 2492
2428 2493
2428 2494
2429 2430
2429 2493
2429 2494
2429 2495
2430 2494
2430 2495
2430 2496
2431 2432
2431 2496
2431 2497
2431 2498
2432 2433
2432 2497
2432 2498
2432 2499
2433 2434
2433 2498
2433 2499
2433 2500
2434 2435
2434 2499
2434 2500
2434 2501
2435 2500
2435 2501
2436 2437
2436 2502
2436 2503
2437 2438
2437 2502
2437 2503
2437 2504
2438 2439
2438 2503
2438 2504
2438 2505
2439 2440
2439 2504
2439 2505
2439 2506
2440 2441
2440 2505
2440 2506
2440 2507
2441 2442
2441 2506
2441 2507
2442 2443
2442 2507
2442 2508
2443 2444
2443 2508
2443 2509
2444 2445
2444 2508
2444 2509
2444 2510
2445 2446
2445 2509
2445 2510
2445 2511
2446 2447
2446 2510
2446 2511
2446 2512
2447 2448
2447 2511
2447 2512
2447 2513
2448 2512
2448 2513
2448 2514
2449 2450
2449 2514
2449 2515
2449 2516
2450 2451
2450 2515
2450 2516
2451 2452
2451 2516
2451 2517
2452 2453
2452 2517
2452 2518
2453 2517
2453 2518
2453 2519
2454 2519
2454 2520
2454 2521
2455 2456
2455 2521
2455 2522
2455 2523
2456 2457
2456 2522
2456 2523
2456 2524
2457 2458
2457 2523
2457 2524
2457 2525
2458 2459
2458 2524
2458 2525
2458 2526
2459 2525
2459 2526
2459 2527
2460 2461
2460 2527
2460 2528
2460 2529
2461 2462
2461 2528
2461 2529
2461 2530
2462 2529
2462 2530
2462 2531
2463 2464
2463 2532
2464 2532
2464 2533
2465 2466
2465 2533
2465 2534
2465 2535
2466 2467
2466 2534
2466 2535
2466 2536
2467 2535
2467 2536
2467 2537
2468 2469
2468 2537
2468 2538
2468 2539
2469 2470
2469 2538
2469 2539
2469 2540
2470 2471
2470 2539
2470 2540
2470 2541
2471 2472
2471 2540
2471 2541
2471 2542
2472 2541
2472 2542
2473 2474
2473 2543
2473 2544
2474 2543
2474 2544
2475 2476
2475 2545
2475 2546
2476 2477
2476 2546
2476 2547
2477 2478
2477 2546
2477 2547
2477 2548
2478 2479
2478 2547
2478 2548
2478 2549
2479 2480
2479 2548
2479 2549
2479 2550
2480 2481
2480 2549
2480 2550
2480 2551
2481 2550
2481 2551
2482 2483
2482 2552
2483 2484
2483 2552
2483 2553
2484 2485
2484 2552
2484 2553
2484 2554
2485 2486
2485 2553
2485 2554
2485 2555
2486 2487
2486 2554
2486 2555
2486 2556
2487 2555
2487 2556
2487 2557
2488 2489
2488 2557
2488 2558
2488 2559
2489 2558
2489 2559
2489 2560
2490 2491
2490 2560
2490 2561
2491 2492
2491 2561
2491 2562
2492 2493
2492 2562
2492 2563
2493 2494
2493 2562
2493 2563
2494 2495
2494 2563
2495 2496
2495 2564
2496 2497
2496 2564
2497 2498
2497 2564
2497 2565
2498 2499
2498 2565
2499 2500
2499 2565
2499 2566
2500 2501
2500 2566
2500 2567
2501 2566
2501 2567
2502 2503
2502 2568
2502 2569
2503 2504
2503 2568
2503 2569
2504 2505
2504 2569
2504 2570
2505 2506
2505 2570
2505 2571
2506 2507
2506 2570
2506 2571
2506 2572
2507 2571
2507 2572
2508 2509
2508 2573
2509 2510
2509 2573
2510 2511
2510 2574
2511 2512
2511 2574
2511 2575
2512 2513
2512 2574
2512 2575
2512 2576
2513 2514
2513 2575
2513 2576
2513 2577
2514 2515
2514 2576
2514 2577
2514 2578
2515 2516
2515 2577
2515 2578
2515 2579
2516 2578
2516 2579
2516 2580
2517 2518
2517 2580
2517 2581
2517 2582
2518 2519
2518 2581
2518 2582
2518 2583
2519 2520
2519 2582
2519 2583
2520 2521
2520 2583
2520 2584
2521 2522
2521 2584
2521 2585
2522 2523
2522 2584
2522 2585
2522 2586
2523 2524
2523 2585
2523 2586
2523 2587
2524 2525
2524 2586
2524 2587
2524 2588
2525 2526
2525 2587
2525 2588
2525 2589
2526 2527
2526 2588
2526 2589
2526 2590
2527 2528
2527 2589
2527 2590
2527 2591
2528 2529
2528 2590
2528 2591
2529 2530
2529 2591
2529 2592
2530 2531
2530 2592
2531 2592
2532 2593
2532 2594
2533 2534
2533 2594
2533 2595
2534 2535
2534 2595
2534 2596
2535 2536
2535 2595
2535 2596
2535 2597
2536 2537
2536 2596
2536 2597
2537 2538
2537 2597
2537 2598
2538 2539
2538 2598
2538 2599
2539 2540
2539 2598
2539 2599
2539 2600
2540 2541
2540 2599
2540 2600
2540 2601
2541 2542
2541 2600
2541 2601
2541 2602
2542 2601
2542 2602
2543 2544
2543 2603
2543 2604
2544 2603
2544 2604
2544 2605
2545 2605
2545 2606
2545 2607
2546 2547
2546 2607
2546 2608
2546 2609
2547 2548
2547 2608
2547 2609
2547 2610
2548 2549
2548 2609
2548 2610
2549 2550
2549 2610
2549 2611
2550 2551
2550 2611
2550 2612
2551 2611
2551 2612
2552 2553
2552 2613
2552 2614
2552 2615
2553 2554
2553 2614
2553 2615
2553 2616
2554 2555
2554 2615
2554 2616
2554 2617
2555 2556
2555 2616
2555 2617
2555 2618
2556 2557
2556 2617
2556 2618
2556 2619
2557 2558
2557 2618
2557 2619
2558 2559
2558 2619
2558 2620
2559 2560
2559 2620
2559 2621
2560 2561
2560 2620
2560 2621
2560 2622
2561 2621
2561 2622
2562 2563
2562 2623
2562 2624
2563 2623
2563 2624
2563 2625
2564 2626
2564 2627
2564 2628
2565 2628
2565 2629
2566 2567
2566 2630
2566 2631
2567 2630
2567 2631
2567 2632
2568 2569
2568 2632
2568 2633
2569 2633
2569 2634
2570 2571
2570 2634
2570 2635
2570 2636
2571 2572
2571 2635
2571 2636
2571 2637
2572 2636
2572 2637
2572 2638
2573 2638
2573 2639
2573 2640
2574 2575
2574 2641
2574 2642
2575 2576
2575 2642
2576 2577
2576 2642
2576 2643
2577 2578
2577 2643
2577 2644
2578 2579
2578 2643
2578 2644
2579 2580
2579 2644
2579 2645
2580 2581
2580 2645
2580 2646
2581 2582
2581 2645
2581 2646
2582 2583
2582 2646
2582 2647
2583 2647
2583 2648
2584 2585
2584 2648
2584 2649
2584 2650
2585 2586
2585 2649
2585 2650
2586 2587
2586 2650
2586 2651
2587 2588
2587 2651
2587 2652
2588 2589
2588 2651
2588 2652
2588 2653
2589 2590
2589 2652
2589 2653
2589 2654
2590 2591
2590 2653
2590 2654
2590 2655
2591 2654
2591 2655
2592 2656
2592 2657
2593 2594
2593 2658
2593 2659
2593 2660
2594 2659
2594 2660
2594 2661
2595 2596
2595 2661
2595 2662
2595 2663
2596 2597
2596 2662
2596 2663
2596 2664
2597 2663
2597 2664
2597 2665
2598 2599
2598 2665
2598 2666
2598 2667
2599 2600
2599 2666
2599 2667
2600 2601
2600 2667
2600 2668
2601 2602
2601 2668
2601 2669
2602 2668
2602 2669
2603 2604
2603 2670
2603 2671
2604 2605
2604 2670
2604 2671
2604 2672
2605 2606
2605 2671
2605 2672
2605 2673
2606 2607
2606 2672
2606 2673
2607 2608
2607 2673
2607 2674
2608 2609
2608 2674
2608 2675
2609 2610
2609 2674
2609 2675
2609 2676
2610 2675
2610 2676
2610 2677
2611 2612
2611 2677
2611 2678
2611 2679
2612 2678
2612 2679
2612 2680
2613 2614
2613 2680
2613 2681
2613 2682
2614 2615
2614 2681
2614 2682
2614 2683
2615 2616
2615 2682
2615 2683
2615 2684
2616 2617
2616 2683
2616 2684
2616 2685
2617 2618
2617 2684
2617 2685
2617 2686
2618 2619
2618 2685
2618 2686
2618 2687
2619 2686
2619 2687
2619 2688
2620 2621
2620 2688
2620 2689
2621 2622
2621 2689
2621 2690
2622 2689
2622 2690
2622 2691
2623 2624
2623 2691
2623 2692
2624 2625
2624 2692
2624 2693
2625 2626
2625 2692
2625 2693
2626 2627
2626 2693
2626 2694
2627 2628
2627 2694
2627 2695
2628 2629
2628 2694
2628 2695
2628 2696
2629 2695
2629 2696
2629 2697
2630 2631
2630 2697
2630 2698
2630 2699
2631 2632
2631 2698
2631 2699
2631 2700
2632 2699
2632 2700
2632 2701
2633 2634
2633 2701
2633 2702
2633 2703
2634 2635
2634 2702
2634 2703
2634 2704
2635 2636
2635 2703
2635 2704
2635 2705
2636 2637
2636 2704
2636 2705
2636 2706
2637 2638
2637 2705
2637 2706
2637 2707
2638 2639
2638 2706
2638 2707
2638 2708
2639 2640
2639 2707
2639 2708
2639 2709
2640 2641
2640 2708
2640 2709
2640 2710
2641 2709
2641 2710
2641 2711
2642 2711
2642 2712
2642 2713
2643 2644
2643 2713
2643 2714
2643 2715
2644 2714
2644 2715
2644 2716
2645 2646
2645 2716
2645 2717
2645 2718
2646 2717
2646 2718
2646 2719
2647 2648
2647 2719
2647 2720
2648 2649
2648 2720
2648 2721
2649 2650
2649 2720
2649 2721
2649 2722
2650 2721
2650 2722
2650 2723
2651 2652
2651 2723
2651 2724
2652 2653
2652 2724
2652 2725
2653 2654
2653 2724
2653 2725
2653 2726
2654 2655
2654 2725
2654 2726
2654 2727
2655 2726
2655 2727
2655 2728
2656 2657
2656 2728
2656 2729
2656 2730
2657 2658
2657 2729
2657 2730
2657 2731
2658 2659
2658 2730
2658 2731
2658 2732
2659 2660
2659 2731
2659 2732
2659 2733
2660 2661
2660 2732
2660 2733
2660 2734
2661 2662
2661 2733
2661 2734
2662 2663
2662 2734
2662 2735
2663 2664
2663 2735
2663 2736
2664 2665
2664 2735
2664 2736
2664 2737
2665 2666
2665 2736
2665 2737
2665 2738
2666 2667
2666 2737
2666 2738
2666 2739
2667 2738
2667 2739
2667 2740
2668 2669
2668 2740
2670 2671
2670 2741
2670 2742
2671 2672
2671 2741
2671 2742
2671 2743
2672 2673
2672 2742
2672 2743
2672 2744
2673 2743
2673 2744
2673 2745
2674 2675
2674 2745
2674 2746
2674 2747
2675 2676
2675 2746
2675 2747
2675 2748
2676 2677
2676 2747
2676 2748
2677 2678
2677 2748
2677 2749
2678 2679
2678 2749
2678 2750
2679 2680
2679 2749
2679 2750
2680 2681
2680 2750
2680 2751
2681 2682
2681 2751
2681 2752
2682 2683
2682 2751
2682 2752
2682 2753
2683 2684
2683 2752
2683 2753
2683 2754
2684 2685
2684 2753
2684 2754
2684 2755
2685 2686
2685 2754
2685 2755
2685 2756
2686 2687
2686 2755
2686 2756
2687 2688
2687 2756
2687 2757
2688 2757
2688 2758
2689 2690
2689 2758
2689 2759
2689 2760
2690 2691
2690 2759
2690 2760
2690 2761
2691 2760
2691 2761
2691 2762
2692 2693
2692 2762
2692 2763
2693 2763
2694 2695
2694 2764
2694 2765
2695 2696
2695 2764
2695 2765
2695 2766
2696 2697
2696 2765
2696 2766
2696 2767
2697 2698
2697 2766
2697 2767
2697 2768
2698 2699
2698 2767
2698 2768
2698 2769
2699 2700
2699 2768
2699 2769
2699 2770
2700 2701
2700 2769
2700 2770
2700 2771
2701 2702
2701 2770
2701 2771
2702 2703
2702 2771
2702 2772
2703 2704
2703 2772
2704 2705
2704 2772
2704 2773
2705 2706
2705 2773
2706 2707
2706 2773
2706 2774
2707 2708
2707 2774
2707 2775
2708 2709
2708 2774
2708 2775
2708 2776
2709 2710
2709 2775
2709 2776
2709 2777
2710 2711
2710 2776
2710 2777
2710 2778
2711 2712
2711 2777
2711 2778
2712 2713
2712 2778
2712 2779
2713 2714
2713 2779
2713 2780
2714 2715
2714 2779
2714 2780
2714 2781
2715 2716
2715 2780
2715 2781
2715 2782
2716 2717
2716 2781
2716 2782
2716 2783
2717 2718
2717 2782
2717 2783
2717 2784
2718 2719
2718 2783
2718 2784
2718 2785
2719 2784
2719 2785
2720 2721
2720 2786
2720 2787
2721 2722
2721 2786
2721 2787
2722 2723
2722 2787
2722 2788
2723 2788
2723 2789
2724 2725
2724 2789
2724 2790
2724 2791
2725 2726
2725 2790
2725 2791
2725 2792
2726 2727
2726 2791
2726 2792
2726 2793
2727 2728
2727 2792
2727 2793
2727 2794
2728 2729
2728 2793
2728 2794
2728 2795
2729 2730
2729 2794
2729 2795
2729 2796
2730 2731
2730 2795
2730 2796
2730 2797
2731 2732
2731 2796
2731 2797
2731 2798
2732 2733
2732 2797
2732 2798
2732 2799
2733 2734
2733 2798
2733 2799
2734 2799
2735 2736
2735 2800
2735 2801
2736 2737
2736 2800
2736 2801
2736 2802
2737 2738
2737 2801
2737 2802
2737 2803
2738 2739
2738 2802
2738 2803
2738 2804
2739 2740
2739 2803
2739 2804
2739 2805
2740 2804
2740 2805
2740 2806
2741 2742
2741 2808
2741 2809
2742 2743
2742 2808
2742 2809
2742 2810
2743 2744
2743 2809
2743 2810
2743 2811
2744 2745
2744 2810
2744 2811
2744 2812
2745 2746
2745 2811
2745 2812
2745 2813
2746 2747
2746 2812
2746 2813
2746 2814
2747 2748
2747 2813
2747 2814
2747 2815
2748 2814
2748 2815
2749 2750
2749 2816
2750 2816
2750 2817
2751 2752
2751 2817
2751 2818
2752 2753
2752 2818
2752 2819
2753 2754
2753 2819
2753 2820
2754 2755
2754 2819
2754 2820
2754 2821
2755 2756
2755 2820
2755 2821
2755 2822
2756 2821
2756 2822
2756 2823
2757 2758
2757 2823
2757 2824
2758 2759
2758 2824
2758 2825
2759 2760
2759 2825
2760 2761
2760 2825
2760 2826
2761 2762
2761 2826
2761 2827
2762 2763
2762 2826
2762 2827
2763 2827
2763 2828
2764 2765
2764 2829
2765 2766
2765 2829
2766 2767
2766 2830
2767 2768
2767 2830
2768 2769
2768 2830
2768 2831
2769 2770
2769 2831
2769 2832
2770 2771
2770 2831
2770 2832
2770 2833
2771 2832
2771 2833
2771 2834
2772 2834
2772 2835
2773 2836
2773 2837
2774 2775
2774 2837
2774 2838
2774 2839
2775 2776
2775 2838
2775 2839
2775 2840
2776 2777
2776 2839
2776 2840
2776 2841
2777 2778
2777 2840
2777 2841
2777 2842
2778 2841
2778 2842
2778 2843
2779 2780
2779 2843
2779 2844
2779 2845
2780 2781
2780 2844
2780 2845
2780 2846
2781 2782
2781 2845
2781 2846
2781 2847
2782 2783
2782 2846
2782 2847
2783 2784
2783 2847
2783 2848
2784 2785
2784 2848
2785 2848
2785 2849
2786 2787
2786 2849
2786 2850
2786 2851
2787 2850
2787 2851
2787 2852
2788 2789
2788 2852
2788 2853
2789 2790
2789 2853
2789 2854
2790 2791
2790 2854
2791 2792
2791 2854
2792 2793
2792 2855
2793 2794
2793 2855
2793 2856
2794 2795
2794 2855
2794 2856
2794 2857
2795 2796
2795 2856
2795 2857
2795 2858
2796 2797
2796 2857
2796 2858
2797 2798
2797 2858
2797 2859
2798 2799
2798 2859
2798 2860
2799 2859
2799 2860
2799 2861
2800 2801
2800 2862
2800 2863
2800 2864
2801 2802
2801 2863
2801 2864
2801 2865
2802 2803
2802 2864
2802 2865
2802 2866
2803 2804
2803 2865
2803 2866
2803 2867
2804 2805
2804 2866
2804 2867
2804 2868
2805 2806
2805 2867
2805 2868
2806 2807
2806 2868
2806 2869
2807 2869
2808 2809
2808 2870
2809 2810
2809 2870
2809 2871
2810 2811
2810 2870
2810 2871
2810 2872
2811 2812
2811 2871
2811 2872
2811 2873
2812 2813
2812 2872
2812 2873
2812 2874
2813 2814
2813 2873
2813 2874
2814 2815
2814 2874
2814 2875
2815 2875
2816 2876
2816 2877
2817 2818
2817 2877
2817 2878
2817 2879
2818 2878
2818 2879
2818 2880
2819 2820
2819 2880
2819 2881
2819 2882
2820 2821
2820 2881
2820 2882
2820 2883
2821 2822
2821 2882
2821 2883
2821 2884
2822 2823
2822 2883
2822 2884
2822 2885
2823 2824
2823 2884
2823 2885
2823 2886
2824 2885
2824 2886
2824 2887
2825 2887
2825 2888
2825 2889
2826 2827
2826 2889
2826 2890
2827 2890
2827 2891
2828 2891
2828 2892
2828 2893
2829 2893
2829 2894
2829 2895
2830 2896
2830 2897
2830 2898
2831 2832
2831 2898
2831 2899
2831 2900
2832 2833
2832 2899
2832 2900
2832 2901
2833 2834
2833 2900
2833 2901
2834 2835
2834 2901
2834 2902
2835 2902
2835 2903
2836 2837
2836 2903
2836 2904
2836 2905
2837 2838
2837 2904
2837 2905
2838 2839
2838 2905
2838 2906
2839 2840
2839 2906
2839 2907
2840 2841
2840 2906
2840 2907
2841 2842
2841 2907
2841 2908
2842 2843
2842 2908
2843 2844
2843 2908
2843 2909
2844 2845
2844 2909
2844 2910
2845 2846
2845 2909
2845 2910
2845 2911
2846 2847
2846 2910
2846 2911
2846 2912
2847 2911
2847 2912
2847 2913
2848 2913
2848 2914
2848 2915
2849 2850
2849 2915
2849 2916
2849 2917
2850 2851
2850 2916
2850 2917
2850 2918
2851 2852
2851 2917
2851 2918
2851 2919
2852 2853
2852 2918
2852 2919
2853 2919
2854 2920
2854 2921
2855 2856
2855 2922
2855 2923
2855 2924
2856 2857
2856 2923
2856 2924
2857 2858
2857 2924
2857 2925
2858 2925
2858 2926
2859 2860
2859 2926
2859 2927
2859 2928
2860 2861
2860 2927
2860 2928
2860 2929
2861 2862
2861 2928
2861 2929
2861 2930
2862 2863
2862 2929
2862 2930
2863 2864
2863 2930
2863 2931
2864 2865
2864 2931
2864 2932
2865 2866
2865 2931
2865 2932
2866 2867
2866 2932
2866 2933
2867 2868
2867 2933
2867 2934
2868 2933
2868 2934
2868 2935
2869 2935
2870 2871
2870 2936
2870 2937
2870 2938
2871 2872
2871 2937
2871 2938
2872 2873
2872 2938
2872 2939
2873 2874
2873 2939
2873 2940
2874 2939
2874 2940
2875 2941
2876 2877
2876 2941
2876 2942
2876 2943
2877 2878
2877 2942
2877 2943
2877 2944
2878 2879
2878 2943
2878 2944
2878 2945
2879 2880
2879 2944
2879 2945
2880 2881
2880 2945
2880 2946
2881 2882
2881 2946
2881 2947
2882 2883
2882 2946
2882 2947
2882 2948
2883 2884
2883 2947
2883 2948
2883 2949
2884 2885
2884 2948
2884 2949
2885 2886
2885 2949
2885 2950
2886 2887
2886 2950
2886 2951
2887 2888
2887 2950
2887 2951
2887 2952
2888 2889
2888 2951
2888 2952
2889 2890
2889 2952
2889 2953
2890 2953
2891 2892
2892 2893
2892 2954
2893 2894
2893 2954
2893 2955
2894 2895
2894 2954
2894 2955
2894 2956
2895 2896
2895 2955
2895 2956
2895 2957
2896 2897
2896 2956
2896 2957
2897 2898
2897 2957
2897 2958
2898 2899
2898 2958
2899 2900
2899 2958
2899 2959
2900 2901
2900 2959
2901 2959
2901 2960
2902 2903
2902 2960
2902 2961
2902 2962
2903 2904
2903 2961
2903 2962
2903 2963
2904 2905
2904 2962
2904 2963
2904 2964
2905 2963
2905 2964
2905 2965
2906 2907
2906 2965
2906 2966
2906 2967
2907 2966
2907 2967
2907 2968
2908 2968
2908 2969
2909 2910
2909 2969
2909 2970
2909 2971
2910 2911
2910 2970
2910 2971
2910 2972
2911 2912
2911 2971
2911 2972
2911 2973
2912 2913
2912 2972
2912 2973
2912 2974
2913 2914
2913 2973
2913 2974
2913 2975
2914 2915
2914 2974
2914 2975
2914 2976
2915 2916
2915 2975
2915 2976
2915 2977
2916 2917
2916 2976
2916 2977
2917 2918
2917 2977
2917 2978
2918 2919
2918 2978
2918 2979
2919 2978
2919 2979
2919 2980
2920 2921
2920 2981
2920 2982
2921 2922
2921 2982
2921 2983
2922 2923
2922 2982
2922 2983
2922 2984
2923 2924
2923 2983
2923 2984
2923 2985
2924 2984
2924 2985
2925 2926
2925 2986
2925 2987
2926 2927
2926 2986
2926 2987
2926 2988
2927 2928
2927 2987
2927 2988
2927 2989
2928 2929
2928 2988
2928 2989
2928 2990
2929 2930
2929 2989
2929 2990
2929 2991
2930 2990
2930 2991
2931 2932
2931 2992
2931 2993
2932 2992
2932 2993
2932 2994
2933 2934
2933 2994
2933 2995
2933 2996
2934 2935
2934 2995
2934 2996
2935 2996
2935 2997
2936 2937
2936 2998
2936 2999
2937 2938
2937 2998
2937 2999
2938 2999
2938 3000
2939 2940
2939 3000
2939 3001
2939 3002
2940 3001
2940 3002
2940 3003
2941 2942
2941 3004
2941 3005
2942 2943
2942 3005
2942 3006
2943 2944
2943 3005
2943 3006
2944 2945
2944 3006
2944 3007
2945 3007
2945 3008
2946 2947
2946 3008
2946 3009
2947 2948
2947 3009
2948 2949
2948 3009
2948 3010
2949 3010
2949 3011
2950 2951
2950 3011
2950 3012
2950 3013
2951 2952
2951 3012
2951 3013
2951 3014
2952 3013
2952 3014
2953 3015
2953 3016
2954 2955
2954 3018
2954 3019
2955 2956
2955 3018
2955 3019
2955 3020
2956 2957
2956 3019
2956 3020
2956 3021
2957 3020
2957 3021
2957 3022
2958 3022
2958 3023
2958 3024
2959 3024
2959 3025
2959 3026
2960 2961
2960 3026
2960 3027
2960 3028
2961 2962
2961 3027
2961 3028
2961 3029
2962 2963
2962 3028
2962 3029
2963 2964
2963 3029
2964 2965
2965 2966
2965 3030
2966 2967
2966 3030
2967 2968
2967 3030
2967 3031
2968 3031
2968 3032
2969 2970
2969 3032
2969 3033
2969 3034
2970 2971
2970 3033
2970 3034
2970 3035
2971 2972
2971 3034
2971 3035
2972 2973
2972 3035
2972 3036
2973 2974
2973 3036
2974 2975
2974 3036
2975 2976
2975 3037
2976 2977
2976 3037
2976 3038
2977 3037
2977 3038
2977 3039
2978 2979
2978 3039
2978 3040
2978 3041
2979 2980
2979 3040
2979 3041
2979 3042
2980 2981
2980 3041
2980 3042
2980 3043
2981 3042
2981 3043
2982 2983
2982 3044
2982 3045
2983 2984
2983 3044
2983 3045
2983 3046
2984 2985
2984 3045
2984 3046
2984 3047
2985 3046
2985 3047
2985 3048
2986 2987
2986 3048
2986 3049
2987 2988
2987 3049
2988 2989
2988 3049
2988 3050
2989 2990
2989 3050
2989 3051
2990 2991
2990 3050
2990 3051
2990 3052
2991 3051
2991 3052
2991 3053
2992 2993
2992 3053
2992 3054
2992 3055
2993 2994
2993 3054
2993 3055
2993 3056
2994 2995
2994 3055
2994 3056
2994 3057
2995 2996
2995 3056
2995 3057
2995 3058
2996 3057
2996 3058
2998 2999
2998 3059
2999 3059
2999 3060
3000 3001
3000 3060
3000 3061
3001 3002
3001 3061
3001 3062
3002 3003
3002 3062
3002 3063
3003 3004
3003 3062
3003 3063
3003 3064
3004 3063
3004 3064
3004 3065
3005 3006
3005 3065
3005 3066
3006 3066
3006 3067
3007 3008
3007 3067
3007 3068
3007 3069
3008 3068
3008 3069
3008 3070
3009 3070
3009 3071
3009 3072
3010 3011
3010 3072
3010 3073
3010 3074
3011 3012
3011 3073
3011 3074
3011 3075
3012 3013
3012 3074
3012 3075
3012 3076
3013 3014
3013 3075
3013 3076
3014 3076
3015 3016
3015 3077
3015 3078
3016 3017
3016 3077
3016 3078
3017 3078
3017 3079
3018 3019
3018 3079
3018 3080
3018 3081
3019 3020
3019 3080
3019 3081
3019 3082
3020 3021
3020 3081
3020 3082
3021 3022
3021 3082
3021 3083
3022 3023
3022 3083
3022 3084
3023 3024
3023 3083
3023 3084
3024 3025
3024 3084
3025 3026
3025 3085
3026 3027
3026 3085
3026 3086
3027 3028
3027 3085
3027 3086
3027 3087
3028 3029
3028 3086
3028 3087
3028 3088
3029 3087
3029 3088
3030 3089
3030 3090
3030 3091
3031 3032
3031 3091
3031 3092
3031 3093
3032 3033
3032 3092
3032 3093
3032 3094
3033 3034
3033 3093
3033 3094
3033 3095
3034 3035
3034 3094
3034 3095
3034 3096
3035 3095
3035 3096
3036 3097
3036 3098
3037 3038
3037 3099
3037 3100
3037 3101
3038 3039
3038 3100
3038 3101
3038 3102
3039 3040
3039 3101
3039 3102
3039 3103
3040 3041
3040 3102
3040 3103
3041 3042
3041 3103
3041 3104
3042 3043
3042 3104
3042 3105
3043 3104
3043 3105
3043 3106
3044 3045
3044 3106
3044 3107
3044 3108
3045 3046
3045 3107
3045 3108
3045 3109
3046 3047
3046 3108
3046 3109
3046 3110
3047 3048
3047 3109
3047 3110
3047 3111
3048 3110
3048 3111
3048 3112
3049 3112
3049 3113
3049 3114
3050 3051
3050 3114
3050 3115
3050 3116
3051 3052
3051 3115
3051 3116
3051 3117
3052 3053
3052 3116
3052 3117
3052 3118
3053 3054
3053 3117
3053 3118
3054 3055
3054 3118
3054 3119
3055 3056
3055 3119
3056 3057
3056 3119
3056 3120
3057 3058
3057 3120
3058 3120
3058 3121
3059 3123
3059 3124
3060 3061
3060 3124
3060 3125
3060 3126
3061 3125
3061 3126
3061 3127
3062 3063
3062 3127
3062 3128
3063 3064
3063 3128
3064 3065
3065 3066
3065 3129
3066 3129
3066 3130
3067 3068
3067 3130
3067 3131
3067 3132
3068 3069
3068 3131
3068 3132
3068 3133
3069 3070
3069 3132
3069 3133
3070 3071
3070 3133
3070 3134
3071 3072
3071 3134
3071 3135
3072 3073
3072 3134
3072 3135
3072 3136
3073 3074
3073 3135
3073 3136
3073 3137
3074 3075
3074 3136
3074 3137
3074 3138
3075 3076
3075 3137
3075 3138
3075 3139
3076 3138
3076 3139
3076 3140
3077 3078
3077 3141
3077 3142
3077 3143
3078 3142
3078 3143
3078 3144
3079 3080
3079 3144
3079 3145
3079 3146
3080 3081
3080 3145
3080 3146
3081 3082
3081 3146
3081 3147
3082 3147
3082 3148
3083 3084
3083 3148
3083 3149
3083 3150
3084 3149
3084 3150
3085 3086
3085 3151
3085 3152
3086 3087
3086 3151
3086 3152
3086 3153
3087 3088
3087 3152
3087 3153
3087 3154
3088 3153
3088 3154
3088 3155
3089 3090
3089 3156
3089 3157
3090 3091
3090 3157
3090 3158
3091 3092
3091 3158
3091 3159
3092 3093
3092 3158
3092 3159
3092 3160
3093 3094
3093 3159
3093 3160
3094 3095
3094 3160
3094 3161
3095 3096
3095 3161
3095 3162
3096 3161
3096 3162
3097 3098
3097 3163
3097 3164
3098 3099
3098 3163
3098 3164
3098 3165
3099 3100
3099 3164
3099 3165
3099 3166
3100 3101
3100 3165
3100 3166
3101 3102
3101 3166
3101 3167
3102 3103
3102 3167
3102 3168
3103 3167
3103 3168
3103 3169
3104 3105
3104 3169
3105 3106
3105 3170
3106 3107
3106 3170
3106 3171
3107 3108
3107 3170
3107 3171
3107 3172
3108 3109
3108 3171
3108 3172
3108 3173
3109 3110
3109 3172
3109 3173
3109 3174
3110 3111
3110 3173
3110 3174
3110 3175
3111 3112
3111 3174
3111 3175
3111 3176
3112 3113
3112 3175
3112 3176
3113 3114
3113 3176
3113 3177
3114 3115
3114 3177
3114 3178
3115 3116
3115 3177
3115 3178
3115 3179
3116 3117
3116 3178
3116 3179
3116 3180
3117 3118
3117 3179
3117 3180
3117 3181
3118 3180
3118 3181
3118 3182
3119 3182
3119 3183
3119 3184
3120 3184
3120 3185
3120 3186
3121 3122
3121 3186
3121 3187
3122 3187
3123 3124
3123 3188
3123 3189
3124 3125
3124 3188
3124 3189
3124 3190
3125 3126
3125 3189
3125 3190
3125 3191
3126 3127
3126 3190
3126 3191
3126 3192
3127 3128
3127 3191
3127 3192
3127 3193
3128 3192
3128 3193
3128 3194
3129 3130
3129 3196
3129 3197
3129 3198
3130 3131
3130 3197
3130 3198
3131 3132
3131 3198
3131 3199
3132 3133
3132 3199
3133 3199
3133 3200
3134 3135
3134 3200
3134 3201
3134 3202
3135 3136
3135 3201
3135 3202
3136 3137
3136 3202
3136 3203
3137 3138
3137 3203
3138 3139
3138 3203
3138 3204
3139 3140
3139 3204
3140 3141
3140 3204
3140 3205
3141 3142
3141 3205
3141 3206
3142 3143
3142 3205
3142 3206
3142 3207
3143 3144
3143 3206
3143 3207
3144 3145
3144 3207
3144 3208
3145 3146
3145 3208
3145 3209
3146 3208
3146 3209
3146 3210
3147 3148
3147 3210
3147 3211
3148 3149
3148 3211
3148 3212
3149 3150
3149 3211
3149 3212
3149 3213
3150 3212
3150 3213
3150 3214
3151 3152
3151 3215
3151 3216
3152 3153
3152 3216
3152 3217
3153 3154
3153 3217
3153 3218
3154 3155
3154 3217
3154 3218
3154 3219
3155 3156
3155 3218
3155 3219
3155 3220
3156 3157
3156 3219
3156 3220
3156 3221
3157 3220
3157 3221
3157 3222
3158 3159
3158 3222
3158 3223
3158 3224
3159 3160
3159 3223
3159 3224
3159 3225
3160 3224
3160 3225
3161 3162
3161 3226
3161 3227
3162 3226
3162 3227
3162 3228
3163 3164
3163 3228
3163 3229
3164 3165
3164 3229
3164 3230
3165 3166
3165 3229
3165 3230
3165 3231
3166 3230
3166 3231
3166 3232
3167 3168
3167 3232
3167 3233
3167 3234
3168 3169
3168 3233
3168 3234
3168 3235
3169 3234
3169 3235
3170 3171
3170 3236
3170 3237
3171 3172
3171 3237
3171 3238
3172 3173
3172 3237
3172 3238
3172 3239
3173 3174
3173 3238
3173 3239
3173 3240
3174 3175
3174 3239
3174 3240
3175 3176
3175 3240
3175 3241
3176 3241
3176 3242
3177 3178
3177 3242
3177 3243
3177 3244
3178 3179
3178 3243
3178 3244
3179 3180
3179 3244
3179 3245
3180 3181
3180 3245
3180 3246
3181 3182
3181 3245
3181 3246
3181 3247
3182 3183
3182 3246
3182 3247
3182 3248
3183 3184
3183 3247
3183 3248
3183 3249
3184 3185
3184 3248
3184 3249
3184 3250
3185 3186
3185 3249
3185 3250
3185 3251
3186 3250
3186 3251
3186 3252
3187 3252
3187 3253
3188 3189
3188 3254
3189 3190
3189 3254
3189 3255
3190 3191
3190 3254
3190 3255
3190 3256
3191 3192
3191 3255
3191 3256
3191 3257
3192 3193
3192 3256
3192 3257
3192 3258
3193 3194
3193 3257
3193 3258
3193 3259
3194 3195
3194 3258
3194 3259
3194 3260
3195 3196
3195 3259
3195 3260
3195 3261
3196 3197
3196 3260
3196 3261
3196 3262
3197 3198
3197 3261
3197 3262
3198 3262
3198 3263
3199 3263
3199 3264
3199 3265
3200 3201
3200 3265
3200 3266
3201 3202
3201 3266
3201 3267
3202 3267
3203 3268
3204 3268
3204 3269
3204 3270
3205 3206
3205 3270
3205 3271
3206 3207
3206 3271
3206 3272
3207 3272
3207 3273
3208 3209
3208 3273
3208 3274
3208 3275
3209 3210
3209 3274
3209 3275
3209 3276
3210 3275
3210 3276
3210 3277
3211 3212
3211 3277
3211 3278
3211 3279
3212 3213
3212 3278
3212 3279
3212 3280
3213 3214
3213 3279
3213 3280
3213 3281
3214 3215
3214 3280
3214 3281
3214 3282
3215 3216
3215 3281
3215 3282
3215 3283
3216 3282
3216 3283
3216 3284
3217 3218
3217 3284
3217 3285
3218 3219
3218 3285
3218 3286
3219 3220
3219 3285
3219 3286
3219 3287
3220 3221
3220 3286
3220 3287
3221 3222
3221 3287
3221 3288
3222 3223
3222 3288
3222 3289
3223 3224
3223 3288
3223 3289
3224 3225
3224 3289
3224 3290
3225 3290
3225 3291
3226 3227
3226 3291
3226 3292
3227 3228
3227 3292
3228 3293
3229 3230
3229 3293
3229 3294
3230 3231
3230 3294
3231 3232
3231 3294
3232 3233
3233 3234
3233 3295
3234 3235
3234 3295
3234 3296
3235 3295
3235 3296
3235 3297
3236 3297
3236 3298
3236 3299
3237 3238
3237 3299
3237 3300
3237 3301
3238 3239
3238 3300
3238 3301
3238 3302
3239 3240
3239 3301
3239 3302
3239 3303
3240 3302
3240 3303
3240 3304
3241 3242
3241 3304
3241 3305
3241 3306
3242 3243
3242 3305
3242 3306
3242 3307
3243 3244
3243 3306
3243 3307
3243 3308
3244 3307
3244 3308
3244 3309
3245 3246
3245 3309
3245 3310
3245 3311
3246 3247
3246 3310
3246 3311
3246 3312
3247 3248
3247 3311
3247 3312
3247 3313
3248 3249
3248 3312
3248 3313
3249 3250
3249 3313
3249 3314
3250 3251
3250 3314
3250 3315
3251 3252
3251 3314
3251 3315
3251 3316
3252 3253
3252 3315
3252 3316
3253 3316
3254 3255
3254 3317
3254 3318
3255 3256
3255 3317
3255 3318
3255 3319
3256 3257
3256 3318
3256 3319
3256 3320
3257 3258
3257 3319
3257 3320
3257 3321
3258 3259
3258 3320
3258 3321
3258 3322
3259 3260
3259 3321
3259 3322
3259 3323
3260 3261
3260 3322
3260 3323
3260 3324
3261 3262
3261 3323
3261 3324
3262 3324
3262 3325
3263 3264
3263 3325
3263 3326
3263 3327
3264 3265
3264 3326
3264 3327
3265 3266
3265 3327
3265 3328
3266 3328
3266 3329
3267 3329
3267 3330
3267 3331
3268 3269
3268 3332
3268 3333
3268 3334
3269 3270
3269 3333
3269 3334
3269 3335
3270 3271
3270 3334
3270 3335
3270 3336
3271 3335
3271 3336
3271 3337
3272 3273
3272 3337
3272 3338
3273 3274
3273 3338
3273 3339
3274 3275
3274 3339
3274 3340
3275 3276
3275 3339
3275 3340
3276 3277
3276 3340
3277 3278
3277 3341
3278 3279
3278 3341
3278 3342
3279 3280
3279 3341
3279 3342
3279 3343
3280 3281
3280 3342
3280 3343
3280 3344
3281 3282
3281 3343
3281 3344
3281 3345
3282 3283
3282 3344
3282 3345
3282 3346
3283 3284
3283 3345
3283 3346
3284 3346
3284 3347
3285 3286
3285 3347
3285 3348
3285 3349
3286 3287
3286 3348
3286 3349
3287 3349
3287 3350
3288 3289
3288 3350
3288 3351
3288 3352
3289 3351
3289 3352
3289 3353
3290 3291
3290 3353
3290 3354
3291 3292
3291 3354
3291 3355
3292 3355
3292 3356
3293 3357
3293 3358
3293 3359
3294 3359
3294 3360
3294 3361
3295 3296
3295 3363
3295 3364
3296 3297
3296 3364
3296 3365
3297 3298
3297 3365
3297 3366
3298 3299
3298 3365
3298 3366
3298 3367
3299 3300
3299 3366
3299 3367
3300 3301
3300 3367
3300 3368
3301 3302
3301 3368
3301 3369
3302 3303
3302 3368
3302 3369
3302 3370
3303 3304
3303 3369
3303 3370
3303 3371
3304 3305
3304 3370
3304 3371
3304 3372
3305 3306
3305 3371
3305 3372
3306 3307
3306 3372
3306 3373
3307 3308
3307 3373
3307 3374
3308 3309
3308 3373
3308 3374
3308 3375
3309 3310
3309 3374
3309 3375
3309 3376
3310 3311
3310 3375
3310 3376
3310 3377
3311 3312
3311 3376
3311 3377
3311 3378
3312 3313
3312 3377
3312 3378
3312 3379
3313 3378
3313 3379
3313 3380
3314 3315
3314 3380
3314 3381
3314 3382
3315 3316
3315 3381
3315 3382
3315 3383
3316 3382
3316 3383
3317 3318
3317 3384
3317 3385
3317 3386
3318 3319
3318 3385
3318 3386
3319 3320
3319 3386
3319 3387
3320 3321
3320 3387
3321 3322
3321 3387
3322 3323
3323 3324
3323 3388
3324 3388
3324 3389
3325 3326
3325 3389
3326 3327
3326 3390
3327 3390
3327 3391
3328 3329
3328 3391
3328 3392
3328 3393
3329 3330
3329 3392
3329 3393
3330 3331
3330 3393
3330 3394
3331 3332
3331 3394
3332 3333
3332 3394
3333 3334
3333 3395
3334 3335
3334 3395
3335 3336
3335 3395
3336 3337
3336 3396
3337 3338
3337 3396
3337 3397
3338 3396
3338 3397
3338 3398
3339 3340
3339 3398
3339 3399
3339 3400
3340 3399
3340 3400
3340 3401
3341 3342
3341 3402
3341 3403
3341 3404
3342 3343
3342 3403
3342 3404
3343 3344
3343 3404
3343 3405
3344 3345
3344 3405
3344 3406
3345 3346
3345 3405
3345 3406
3346 3406
3346 3407
3347 3348
3347 3407
3347 3408
3347 3409
3348 3349
3348 3408
3348 3409
3348 3410
3349 3409
3349 3410
3349 3411
3350 3351
3350 3411
3350 3412
3350 3413
3351 3352
3351 3412
3351 3413
3351 3414
3352 3353
3352 3413
3352 3414
3352 3415
3353 3354
3353 3414
3353 3415
3353 3416
3354 3415
3354 3416
3354 3417
3355 3356
3355 3417
3355 3418
3355 3419
3356 3357
3356 3418
3356 3419
3356 3420
3357 3358
3357 3419
3357 3420
3357 3421
3358 3359
3358 3420
3358 3421
3358 3422
3359 3360
3359 3421
3359 3422
3359 3423
3360 3361
3360 3422
3360 3423
3360 3424
3361 3362
3361 3423
3361 3424
3361 3425
3362 3363
3362 3424
3362 3425
3362 3426
3363 3364
3363 3425
3363 3426
3363 3427
3364 3426
3364 3427
3364 3428
3365 3366
3365 3428
3365 3429
3365 3430
3366 3367
3366 3429
3366 3430
3366 3431
3367 3430
3367 3431
3367 3432
3368 3369
3368 3432
3368 3433
3368 3434
3369 3370
3369 3433
3369 3434
3370 3371
3370 3434
3370 3435
3371 3372
3371 3435
3371 3436
3372 3435
3372 3436
3372 3437
3373 3374
3373 3437
3373 3438
3373 3439
3374 3375
3374 3438
3374 3439
3374 3440
3375 3376
3375 3439
3375 3440
3376 3377
3376 3440
3377 3378
3377 3441
3378 3379
3378 3441
3379 3380
3379 3441
3379 3442
3380 3381
3380 3442
3380 3443
3381 3382
3381 3442
3381 3443
3381 3444
3382 3383
3382 3443
3382 3444
3382 3445
3383 3444
3383 3445
3383 3446
3384 3385
3384 3447
3385 3386
3385 3447
3386 3447
3386 3448
3387 3448
3387 3449
3387 3450
3388 3389
3388 3452
3388 3453
3389 3453
3389 3454
3390 3391
3390 3455
3390 3456
3391 3392
3391 3456
3391 3457
3392 3393
3392 3457
3392 3458
3393 3457
3393 3458
3393 3459
3394 3459
3394 3460
3394 3461
3395 3462
3395 3463
3395 3464
3396 3397
3396 3465
3396 3466
3396 3467
3397 3398
3397 3466
3397 3467
3397 3468
3398 3399
3398 3467
3398 3468
3399 3400
3399 3468
3399 3469
3400 3401
3400 3469
3400 3470
3401 3402
3401 3469
3401 3470
3401 3471
3402 3403
3402 3470
3402 3471
3402 3472
3403 3404
3403 3471
3403 3472
3403 3473
3404 3472
3404 3473
3404 3474
3405 3406
3405 3474
3405 3475
3405 3476
3406 3475
3406 3476
3406 3477
3407 3408
3407 3477
3407 3478
3407 3479
3408 3409
3408 3478
3408 3479
3408 3480
3409 3410
3409 3479
3409 3480
3409 3481
3410 3411
3410 3480
3410 3481
3411 3412
3411 3481
3411 3482
3412 3413
3412 3482
3413 3414
3413 3482
3413 3483
3414 3415
3414 3483
3414 3484
3415 3416
3415 3483
3415 3484
3415 3485
3416 3417
3416 3484
3416 3485
3416 3486
3417 3418
3417 3485
3417 3486
3417 3487
3418 3419
3418 3486
3418 3487
3418 3488
3419 3420
3419 3487
3419 3488
3420 3421
3420 3488
3420 3489
3421 3422
3421 3489
3421 3490
3422 3423
3422 3489
3422 3490
3422 3491
3423 3424
3423 3490
3423 3491
3424 3425
3424 3491
3424 3492
3425 3426
3425 3492
3425 3493
3426 3427
3426 3492
3426 3493
3426 3494
3427 3428
3427 3493
3427 3494
3427 3495
3428 3429
3428 3494
3428 3495
3428 3496
3429 3430
3429 3495
3429 3496
3429 3497
3430 3431
3430 3496
3430 3497
3430 3498
3431 3432
3431 3497
3431 3498
3431 3499
3432 3433
3432 3498
3432 3499
3432 3500
3433 3434
3433 3499
3433 3500
3434 3500
3434 3501
3435 3436
3435 3501
3435 3502
3435 3503
3436 3437
3436 3502
3436 3503
3437 3438
3437 3503
3438 3439
3438 3504
3439 3440
3439 3504
3439 3505
3440 3504
3440 3505
3440 3506
3441 3507
3441 3508
3442 3443
3442 3508
3442 3509
3442 3510
3443 3444
3443 3509
3443 3510
3444 3445
3444 3510
3444 3511
3445 3446
3445 3511
3445 3512
3446 3511
3446 3512
3447 3513
3447 3514
3448 3449
3448 3514
3448 3515
3449 3450
3449 3515
3449 3516
3450 3451
3450 3516
3450 3517
3451 3452
3451 3516
3451 3517
3451 3518
3452 3453
3452 3517
3452 3518
3452 3519
3453 3518
3453 3519
3453 3520
3454 3455
3454 3520
3454 3521
3455 3456
3455 3521
3457 3458
3457 3522
3457 3523
3458 3459
3458 3522
3458 3523
3459 3460
3459 3523
3459 3524
3460 3461
3460 3524
3460 3525
3461 3462
3461 3524
3461 3525
3461 3526
3462 3463
3462 3525
3462 3526
3462 3527
3463 3464
3463 3526
3463 3527
3463 3528
3464 3465
3464 3527
3464 3528
3465 3466
3465 3528
3466 3467
3467 3468
3467 3529
3468 3529
3468 3530
3469 3470
3469 3530
3469 3531
3469 3532
3470 3471
3470 3531
3470 3532
3470 3533
3471 3472
3471 3532
3471 3533
3471 3534
3472 3473
3472 3533
3472 3534
3472 3535
3473 3474
3473 3534
3473 3535
3473 3536
3474 3475
3474 3535
3474 3536
3474 3537
3475 3476
3475 3536
3475 3537
3475 3538
3476 3477
3476 3537
3476 3538
3476 3539
3477 3478
3477 3538
3477 3539
3477 3540
3478 3479
3478 3539
3478 3540
3478 3541
3479 3480
3479 3540
3479 3541
3479 3542
3480 3481
3480 3541
3480 3542
3480 3543
3481 3542
3481 3543
3481 3544
3482 3544
3482 3545
3482 3546
3483 3484
3483 3546
3483 3547
3483 3548
3484 3485
3484 3547
3484 3548
3484 3549
3485 3486
3485 3548
3485 3549
3485 3550
3486 3487
3486 3549
3486 3550
3487 3488
3487 3550
3487 3551
3488 3551
3489 3490
3489 3552
3490 3491
3490 3552
3490 3553
3491 3552
3491 3553
3491 3554
3492 3493
3492 3554
3492 3555
3492 3556
3493 3494
3493 3555
3493 3556
3493 3557
3494 3495
3494 3556
3494 3557
3494 3558
3495 3496
3495 3557
3495 3558
3495 3559
3496 3497
3496 3558
3496 3559
3496 3560
3497 3498
3497 3559
3497 3560
3497 3561
3498 3499
3498 3560
3498 3561
3498 3562
3499 3500
3499 3561
3499 3562
3499 3563
3500 3562
3500 3563
3500 3564
3501 3502
3501 3564
3501 3565
3502 3503
3502 3565
3502 3566
3503 3565
3503 3566
3503 3567
3504 3505
3504 3568
3504 3569
3504 3570
3505 3506
3505 3569
3505 3570
3505 3571
3506 3570
3506 3571
3506 3572
3507 3508
3507 3572
3508 3509
3508 3573
3509 3510
3509 3573
3509 3574
3510 3573
3510 3574
3510 3575
3511 3512
3511 3575
3511 3576
3511 3577
3512 3576
3512 3577
3513 3514
3513 3578
3513 3579
3514 3515
3514 3579
3515 3579
3515 3580
3516 3517
3516 3580
3516 3581
3516 3582
3517 3518
3517 3581
3517 3582
3517 3583
3518 3519
3518 3582
3518 3583
3518 3584
3519 3520
3519 3583
3519 3584
3519 3585
3520 3521
3520 3584
3520 3585
3520 3586
3521 3585
3521 3586
3521 3587
3522 3523
3522 3589
3522 3590
3522 3591
3523 3590
3523 3591
3523 3592
3524 3525
3524 3592
3524 3593
3525 3526
3525 3593
3526 3527
3526 3593
3526 3594
3527 3528
3527 3594
3528 3594
3528 3595
3529 3530
3529 3597
3530 3531
3531 3532
3531 3598
3532 3533
3532 3598
3532 3599
3533 3534
3533 3598
3533 3599
3533 3600
3534 3535
3534 3599
3534 3600
3534 3601
3535 3536
3535 3600
3535 3601
3536 3537
3536 3601
3536 3602
3537 3538
3537 3602
3538 3539
3538 3602
3538 3603
3539 3540
3539 3603
3539 3604
3540 3541
3540 3603
3540 3604
3540 3605
3541 3542
3541 3604
3541 3605
3541 3606
3542 3543
3542 3605
3542 3606
3542 3607
3543 3544
3543 3606
3543 3607
3543 3608
3544 3545
3544 3607
3544 3608
3544 3609
3545 3546
3545 3608
3545 3609
3545 3610
3546 3547
3546 3609
3546 3610
3546 3611
3547 3548
3547 3610
3547 3611
3547 3612
3548 3549
3548 3611
3548 3612
3548 3613
3549 3550
3549 3612
3549 3613
3549 3614
3550 3613
3550 3614
3550 3615
3551 3615
3551 3616
3551 3617
3552 3553
3552 3618
3553 3554
3553 3619
3554 3555
3554 3619
3555 3556
3555 3619
3555 3620
3556 3557
3556 3620
3556 3621
3557 3558
3557 3620
3557 3621
3557 3622
3558 3559
3558 3621
3558 3622
3558 3623
3559 3560
3559 3622
3559 3623
3559 3624
3560 3561
3560 3623
3560 3624
3561 3562
3561 3624
3561 3625
3562 3563
3562 3625
3562 3626
3563 3564
3563 3625
3563 3626
3563 3627
3564 3626
3564 3627
3565 3566
3565 3628
3565 3629
3566 3567
3566 3628
3566 3629
3566 3630
3567 3568
3567 3629
3567 3630
3567 3631
3568 3569
3568 3630
3568 3631
3568 3632
3569 3570
3569 3631
3569 3632
3569 3633
3570 3571
3570 3632
3570 3633
3571 3572
3571 3633
3571 3634
3572 3634
3572 3635
3573 3574
3573 3636
3573 3637
3573 3638
3574 3575
3574 3637
3574 3638
3574 3639
3575 3576
3575 3638
3575 3639
3575 3640
3576 3577
3576 3639
3576 3640
3576 3641
3577 3640
3577 3641
3578 3642
3578 3643
3579 3643
3579 3644
3580 3581
3580 3644
3580 3645
3581 3582
3581 3645
3581 3646
3582 3583
3582 3645
3582 3646
3582 3647
3583 3584
3583 3646
3583 3647
3583 3648
3584 3585
3584 3647
3584 3648
3584 3649
3585 3586
3585 3648
3585 3649
3585 3650
3586 3587
3586 3649
3586 3650
3587 3588
3587 3650
3587 3651
3588 3589
3588 3651
3589 3590
3589 3651
3589 3652
3590 3591
3590 3652
3590 3653
3591 3592
3591 3652
3591 3653
3591 3654
3592 3653
3592 3654
3593 3655
3593 3656
3594 3656
3594 3657
3594 3658
3595 3596
3595 3658
3595 3659
3595 3660
3596 3597
3596 3659
3596 3660
3596 3661
3597 3660
3597 3661
3597 3662
3598 3599
3598 3663
3598 3664
3598 3665
3599 3600
3599 3664
3599 3665
3599 3666
3600 3601
3600 3665
3600 3666
3600 3667
3601 3666
3601 3667
3601 3668
3602 3668
3602 3669
3603 3604
3603 3670
3604 3605
3604 3670
3604 3671
3605 3606
3605 3670
3605 3671
3606 3607
3606 3671
3606 3672
3607 3608
3607 3672
3607 3673
3608 3609
3608 3672
3608 3673
3608 3674
3609 3610
3609 3673
3609 3674
3609 3675
3610 3611
3610 3674
3610 3675
3610 3676
3611 3612
3611 3675
3611 3676
3611 3677
3612 3613
3612 3676
3612 3677
3612 3678
3613 3614
3613 3677
3613 3678
3613 3679
3614 3615
3614 3678
3614 3679
3614 3680
3615 3616
3615 3679
3615 3680
3615 3681
3616 3617
3616 3680
3616 3681
3616 3682
3617 3618
3617 3681
3617 3682
3617 3683
3618 3682
3618 3683
3618 3684
3619 3685
3619 3686
3620 3621
3620 3686
3620 3687
3620 3688
3621 3622
3621 3687
3621 3688
3621 3689
3622 3623
3622 3688
3622 3689
3623 3624
3623 3689
3623 3690
3624 3690
3625 3626
3625 3691
3625 3692
3626 3627
3626 3691
3626 3692
3626 3693
3627 3692
3627 3693
3627 3694
3628 3629
3628 3694
3628 3695
3628 3696
3629 3630
3629 3695
3629 3696
3629 3697
3630 3631
3630 3696
3630 3697
3631 3632
3631 3697
3631 3698
3632 3633
3632 3698
3632 3699
3633 3698
3633 3699
3633 3700
3634 3635
3634 3700
3634 3701
3634 3702
3635 3636
3635 3701
3635 3702
3636 3637
3636 3702
3636 3703
3637 3638
3637 3703
3637 3704
3638 3639
3638 3703
3638 3704
3638 3705
3639 3640
3639 3704
3639 3705
3640 3641
3640 3705
3640 3706
3641 3706
3642 3643
3642 3707
3642 3708
3643 3707
3643 3708
3643 3709
3644 3709
3644 3710
3644 3711
3645 3646
3645 3711
3645 3712
3645 3713
3646 3647
3646 3712
3646 3713
3646 3714
3647 3648
3647 3713
3647 3714
3648 3649
3648 3714
3648 3715
3649 3650
3649 3715
3649 3716
3650 3715
3650 3716
3650 3717
3651 3717
3651 3718
3652 3653
3652 3718
3652 3719
3652 3720
3653 3654
3653 3719
3653 3720
3653 3721
3654 3720
3654 3721
3654 3722
3655 3656
3655 3722
3655 3723
3655 3724
3656 3657
3656 3723
3656 3724
3656 3725
3657 3658
3657 3724
3657 3725
3657 3726
3658 3659
3658 3725
3658 3726
3658 3727
3659 3660
3659 3726
3659 3727
3660 3661
3660 3727
3660 3728
3661 3662
3661 3728
3661 3729
3662 3728
3662 3729
3662 3730
3663 3664
3663 3730
3663 3731
3663 3732
3664 3665
3664 3731
3664 3732
3665 3666
3665 3732
3666 3667
3666 3733
3667 3668
3667 3733
3667 3734
3668 3669
3668 3733
3668 3734
3668 3735
3669 3734
3669 3735
3669 3736
3670 3671
3670 3737
3670 3738
3671 3738
3671 3739
3672 3673
3672 3739
3672 3740
3673 3674
3673 3740
3673 3741
3674 3675
3674 3741
3675 3676
3675 3741
3675 3742
3676 3677
3676 3742
3676 3743
3677 3678
3677 3742
3677 3743
3677 3744
3678 3679
3678 3743
3678 3744
3678 3745
3679 3680
3679 3744
3679 3745
3679 3746
3680 3681
3680 3745
3680 3746
3680 3747
3681 3682
3681 3746
3681 3747
3681 3748
3682 3683
3682 3747
3682 3748
3682 3749
3683 3684
3683 3748
3683 3749
3683 3750
3684 3749
3684 3750
3685 3686
3685 3751
3686 3687
3686 3751
3686 3752
3687 3688
3687 3751
3687 3752
3687 3753
3688 3689
3688 3752
3688 3753
3688 3754
3689 3753
3689 3754
3689 3755
3690 3755
3690 3756
3691 3692
3691 3756
3691 3757
3692 3693
3692 3757
3692 3758
3693 3694
3693 3758
3693 3759
3694 3695
3694 3758
3694 3759
3694 3760
3695 3696
3695 3759
3695 3760
3695 3761
3696 3697
3696 3760
3696 3761
3696 3762
3697 3761
3697 3762
3697 3763
3698 3699
3698 3763
3698 3764
3698 3765
3699 3700
3699 3764
3699 3765
3699 3766
3700 3701
3700 3765
3700 3766
3701 3702
3701 3766
3701 3767
3702 3767
3703 3704
3703 3768
3703 3769
3704 3705
3704 3768
3704 3769
3704 3770
3705 3769
3705 3770
3705 3771
3706 3771
3706 3772
3707 3708
3707 3773
3707 3774
3708 3709
3708 3773
3708 3774
3708 3775
3709 3710
3709 3774
3709 3775
3709 3776
3710 3711
3710 3775
3710 3776
3710 3777
3711 3712
3711 3776
3711 3777
3712 3713
3712 3777
3713 3714
3713 3778
3714 3778
3714 3779
3715 3716
3715 3779
3715 3780
3715 3781
3716 3717
3716 3780
3716 3781
3716 3782
3717 3781
3717 3782
3717 3783
3718 3719
3718 3783
3718 3784
3719 3720
3719 3784
3719 3785
3720 3721
3720 3785
3720 3786
3721 3722
3721 3785
3721 3786
3722 3723
3722 3786
3722 3787
3723 3724
3723 3787
3723 3788
3724 3725
3724 3787
3724 3788
3725 3726
3725 3788
3725 3789
3726 3727
3726 3789
3726 3790
3727 3789
3727 3790
3728 3729
3728 3791
3728 3792
3729 3730
3729 3791
3729 3792
3729 3793
3730 3731
3730 3792
3730 3793
3730 3794
3731 3732
3731 3793
3731 3794
3731 3795
3732 3794
3732 3795
3732 3796
3733 3734
3733 3797
3734 3735
3734 3798
3735 3736
3735 3798
3735 3799
3736 3737
3736 3798
3736 3799
3736 3800
3737 3738
3737 3799
3737 3800
3737 3801
3738 3800
3738 3801
3738 3802
3739 3740
3739 3802
3739 3803
3739 3804
3740 3803
3740 3804
3740 3805
3741 3805
3741 3806
3741 3807
3742 3743
3742 3807
3742 3808
3743 3744
3743 3808
3743 3809
3744 3745
3744 3808
3744 3809
3745 3746
3745 3809
3746 3747
3746 3810
3747 3748
3747 3810
3748 3749
3748 3810
3748 3811
3749 3750
3749 3811
3749 3812
3750 3811
3750 3812
3750 3813
3751 3752
3751 3814
3751 3815
3751 3816
3752 3753
3752 3815
3752 3816
3752 3817
3753 3754
3753 3816
3753 3817
3753 3818
3754 3755
3754 3817
3754 3818
3755 3818
3756 3757
3756 3819
3756 3820
3757 3819
3757 3820
3757 3821
3758 3759
3758 3821
3758 3822
3758 3823
3759 3760
3759 3822
3759 3823
3759 3824
3760 3761
3760 3823
3760 3824
3760 3825
3761 3762
3761 3824
3761 3825
3762 3763
3762 3825
3762 3826
3763 3764
3763 3826
3763 3827
3764 3765
3764 3826
3764 3827
3764 3828
3765 3766
3765 3827
3765 3828
3765 3829
3766 3828
3766 3829
3766 3830
3767 3830
3767 3831
3767 3832
3768 3769
3768 3832
3768 3833
3768 3834
3769 3770
3769 3833
3769 3834
3770 3771
3770 3834
3770 3835
3771 3772
3771 3835
3771 3836
3772 3835
3772 3836
3773 3774
3773 3837
3773 3838
3774 3775
3774 3837
3774 3838
3774 3839
3775 3776
3775 3838
3775 3839
3776 3777
3776 3839
3776 3840
3777 3840
3777 3841
3778 3779
3778 3842
3778 3843
3778 3844
3779 3780
3779 3843
3779 3844
3779 3845
3780 3781
3780 3844
3780 3845
3780 3846
3781 3782
3781 3845
3781 3846
3781 3847
3782 3783
3782 3846
3782 3847
3782 3848
3783 3784
3783 3847
3783 3848
3783 3849
3784 3848
3784 3849
3784 3850
3785 3786
3785 3850
3785 3851
3786 3851
3786 3852
3787 3788
3787 3852
3787 3853
3788 3853
3788 3854
3789 3790
3789 3854
3789 3855
3789 3856
3790 3855
3790 3856
3791 3792
3791 3857
3792 3793
3792 3857
3793 3794
3794 3795
3794 3858
3795 3796
3795 3858
3795 3859
3796 3797
3796 3858
3796 3859
3796 3860
3797 3859
3797 3860
3797 3861
3798 3799
3798 3862
3798 3863
3798 3864
3799 3800
3799 3863
3799 3864
3799 3865
3800 3801
3800 3864
3800 3865
3801 3802
3801 3865
3802 3803
3803 3804
3803 3866
3804 3805
3804 3866
3804 3867
3805 3806
3805 3866
3805 3867
3806 3807
3806 3867
3806 3868
3807 3868
3807 3869
3808 3809
3808 3869
3808 3870
3808 3871
3809 3870
3809 3871
3810 3872
3810 3873
3811 3812
3811 3873
3811 3874
3811 3875
3812 3813
3812 3874
3812 3875
3812 3876
3813 3814
3813 3875
3813 3876
3814 3815
3814 3876
3814 3877
3815 3816
3815 3877
3815 3878
3816 3817
3816 3877
3816 3878
3816 3879
3817 3818
3817 3878
3817 3879
3817 3880
3818 3879
3818 3880
3818 3881
3819 3820
3819 3882
3819 3883
3820 3821
3820 3883
3820 3884
3821 3822
3821 3883
3821 3884
3821 3885
3822 3823
3822 3884
3822 3885
3822 3886
3823 3824
3823 3885
3823 3886
3823 3887
3824 3825
3824 3886
3824 3887
3824 3888
3825 3887
3825 3888
3825 3889
3826 3827
3826 3889
3826 3890
3826 3891
3827 3828
3827 3890
3827 3891
3827 3892
3828 3829
3828 3891
3828 3892
3829 3830
3829 3892
3829 3893
3830 3831
3830 3893
3830 3894
3831 3832
3831 3893
3831 3894
3831 3895
3832 3833
3832 3894
3832 3895
3833 3834
3833 3895
3833 3896
3834 3896
3834 3897
3835 3836
3835 3897
3835 3898
3835 3899
3836 3898
3836 3899
3837 3838
3837 3900
3837 3901
3838 3839
3838 3900
3838 3901
3838 3902
3839 3901
3839 3902
3839 3903
3840 3841
3840 3903
3840 3904
3841 3842
3841 3904
3841 3905
3842 3843
3842 3904
3842 3905
3842 3906
3843 3844
3843 3905
3843 3906
3844 3845
3844 3906
3844 3907
3845 3846
3845 3907
3845 3908
3846 3847
3846 3907
3846 3908
3847 3848
3847 3908
3847 3909
3848 3849
3848 3909
3848 3910
3849 3850
3849 3909
3849 3910
3850 3851
3850 3910
3852 3911
3852 3912
3853 3854
3853 3912
3853 3913
3854 3855
3854 3913
3854 3914
3855 3856
3855 3913
3855 3914
3855 3915
3856 3914
3856 3915
3856 3916
3857 3916
3857 3917
3857 3918
3858 3859
3858 3919
3858 3920
3858 3921
3859 3860
3859 3920
3859 3921
3860 3861
3860 3921
3861 3862
3861 3922
3862 3863
3862 3922
3862 3923
3863 3864
3863 3922
3863 3923
3863 3924
3864 3865
3864 3923
3864 3924
3864 3925
3865 3924
3865 3925
3866 3867
3866 3927
3866 3928
3867 3928
3868 3869
3868 3929
3868 3930
3869 3870
3869 3929
3869 3930
3869 3931
3870 3871
3870 3930
3870 3931
3870 3932
3871 3931
3871 3932
3871 3933
3872 3933
3872 3934
3873 3874
3873 3935
3874 3875
3874 3935
3874 3936
3875 3876
3875 3936
3876 3936
3877 3878
3877 3937
3877 3938
3878 3879
3878 3937
3878 3938
3878 3939
3879 3880
3879 3938
3879 3939
3879 3940
3880 3881
3880 3939
3880 3940
3880 3941
3881 3882
3881 3940
3881 3941
3881 3942
3882 3941
3882 3942
3882 3943
3883 3884
3883 3943
3883 3944
3884 3885
3884 3944
3884 3945
3885 3886
3885 3944
3885 3945
3886 3887
3886 3945
3886 3946
3887 3888
3887 3946
3887 3947
3888 3889
3888 3946
3888 3947
3888 3948
3889 3890
3889 3947
3889 3948
3889 3949
3890 3891
3890 3948
3890 3949
3891 3892
3891 3949
3892 3950
3893 3894
3893 3950
3893 3951
3893 3952
3894 3895
3894 3951
3894 3952
3894 3953
3895 3952
3895 3953
3895 3954
3896 3897
3896 3954
3896 3955
3897 3898
3897 3955
3897 3956
3898 3899
3898 3955
3898 3956
3898 3957
3899 3956
3899 3957
3900 3901
3900 3958
3900 3959
3901 3902
3901 3958
3901 3959
3901 3960
3902 3903
3902 3959
3902 3960
3903 3960
3904 3905
3904 3961
3904 3962
3905 3906
3905 3961
3905 3962
3905 3963
3906 3962
3906 3963
3906 3964
3907 3908
3907 3964
3907 3965
3907 3966
3908 3965
3908 3966
3908 3967
3909 3910
3909 3967
3910 3968
3911 3912
3911 3969
3911 3970
3911 3971
3912 3970
3912 3971
3913 3914
3914 3915
3914 3972
3915 3916
3915 3972
3915 3973
3916 3917
3916 3972
3916 3973
3916 3974
3917 3918
3917 3973
3917 3974
3918 3974
3918 3975
3919 3920
3919 3975
3919 3976
3920 3921
3920 3976
3920 3977
3921 3977
3921 3978
3922 3923
3922 3979
3922 3980
3922 3981
3923 3924
3923 3980
3923 3981
3923 3982
3924 3925
3924 3981
3924 3982
3924 3983
3925 3982
3925 3983
3925 3984
3926 3927
3926 3984
3926 3985
3926 3986
3927 3928
3927 3985
3927 3986
3927 3987
3928 3986
3928 3987
3929 3930
3929 3988
3929 3989
3929 3990
3930 3931
3930 3989
3930 3990
3930 3991
3931 3932
3931 3990
3931 3991
3931 3992
3932 3933
3932 3991
3932 3992
3932 3993
3933 3934
3933 3992
3933 3993
3933 3994
3934 3993
3934 3994
3934 3995
3935 3995
3935 3996
3936 3996
3936 3997
3936 3998
3937 3938
3937 3999
3937 4000
3938 3939
3938 3999
3938 4000
3938 4001
3939 3940
3939 4000
3939 4001
3939 4002
3940 3941
3940 4001
3940 4002
3940 4003
3941 3942
3941 4002
3941 4003
3941 4004
3942 3943
3942 4003
3942 4004
3942 4005
3943 4004
3943 4005
3943 4006
3944 3945
3944 4006
3944 4007
3944 4008
3945 4007
3945 4008
3945 4009
3946 3947
3946 4009
3946 4010
3946 4011
3947 3948
3947 4010
3947 4011
3948 3949
3948 4011
3949 4012
3950 3951
3950 4013
3950 4014
3951 3952
3951 4014
3951 4015
3952 3953
3952 4014
3952 4015
3952 4016
3953 3954
3953 4015
3953 4016
3953 4017
3954 4016
3954 4017
3955 3956
3955 4018
3955 4019
3956 3957
3956 4018
3956 4019
3956 4020
3957 4019
3957 4020
3958 3959
3958 4021
3959 3960
3959 4021
3959 4022
3960 4021
3960 4022
3960 4023
3961 3962
3961 4024
3961 4025
3962 3963
3962 4025
3962 4026
3963 3964
3963 4025
3963 4026
3963 4027
3964 3965
3964 4026
3964 4027
3964 4028
3965 3966
3965 4027
3965 4028
3965 4029
3966 3967
3966 4028
3966 4029
3966 4030
3967 4029
3967 4030
3967 4031
3968 4032
3968 4033
3968 4034
3969 3970
3969 4034
3969 4035
3970 3971
3970 4035
3970 4036
3971 4036
3971 4037
3972 3973
3972 4039
3972 4040
3973 3974
3973 4039
3973 4040
3973 4041
3974 4040
3974 4041
3974 4042
3975 3976
3975 4042
3975 4043
3975 4044
3976 4043
3976 4044
3976 4045
3977 3978
3977 4045
3977 4046
3977 4047
3978 3979
3978 4046
3978 4047
3979 3980
3979 4047
3979 4048
3980 3981
3980 4048
3980 4049
3981 3982
3981 4048
3981 4049
3981 4050
3982 3983
3982 4049
3982 4050
3983 3984
3983 4050
3983 4051
3984 3985
3984 4051
3984 4052
3985 3986
3985 4051
3985 4052
3985 4053
3986 3987
3986 4052
3986 4053
3986 4054
3987 4053
3987 4054
3987 4055
3988 3989
3988 4055
3988 4056
3988 4057
3989 3990
3989 4056
3989 4057
3989 4058
3990 3991
3990 4057
3990 4058
3990 4059
3991 3992
3991 4058
3991 4059
3991 4060
3992 3993
3992 4059
3992 4060
3993 3994
3993 4060
3994 3995
3994 4061
3995 4061
3995 4062
3996 3997
3996 4062
3996 4063
3996 4064
3997 3998
3997 4063
3997 4064
3997 4065
3998 4064
3998 4065
3998 4066
3999 4000
3999 4066
3999 4067
3999 4068
4000 4001
4000 4067
4000 4068
4000 4069
4001 4002
4001 4068
4001 4069
4001 4070
4002 4003
4002 4069
4002 4070
4002 4071
4003 4004
4003 4070
4003 4071
4003 4072
4004 4005
4004 4071
4004 4072
4005 4006
4005 4072
4005 4073
4006 4007
4006 4073
4006 4074
4007 4008
4007 4073
4007 4074
4007 4075
4008 4009
4008 4074
4008 4075
4008 4076
4009 4010
4009 4075
4009 4076
4009 4077
4010 4011
4010 4076
4010 4077
4010 4078
4011 4077
4011 4078
4012 4013
4012 4079
4013 4080
4014 4015
4014 4080
4014 4081
4014 4082
4015 4016
4015 4081
4015 4082
4015 4083
4016 4017
4016 4082
4016 4083
4016 4084
4017 4083
4017 4084
4018 4019
4018 4085
4018 4086
4019 4020
4019 4085
4019 4086
4019 4087
4020 4086
4020 4087
4021 4022
4021 4088
4021 4089
4022 4023
4022 4088
4022 4089
4023 4024
4023 4089
4023 4090
4024 4090
4024 4091
4025 4026
4025 4091
4026 4027
4026 4092
4027 4028
4027 4092
4027 4093
4028 4029
4028 4092
4028 4093
4029 4030
4029 4093
4029 4094
4030 4031
4030 4094
4030 4095
4031 4032
4031 4094
4031 4095
4031 4096
4032 4033
4032 4095
4032 4096
4032 4097
4033 4034
4033 4096
4033 4097
4034 4035
4034 4097
4034 4098
4035 4098
4035 4099
4036 4037
4036 4099
4036 4100
4036 4101
4037 4038
4037 4100
4037 4101
4037 4102
4038 4101
4038 4102
4039 4040
4039 4103
4039 4104
4040 4041
4040 4103
4040 4104
4040 4105
4041 4042
4041 4104
4041 4105
4041 4106
4042 4043
4042 4105
4042 4106
4042 4107
4043 4044
4043 4106
4043 4107
4044 4045
4044 4107
4045 4046
4046 4047
4047 4108
4048 4049
4048 4108
4048 4109
4048 4110
4049 4050
4049 4109
4049 4110
4049 4111
4050 4110
4050 4111
4051 4052
4051 4112
4052 4053
4052 4112
4052 4113
4053 4054
4053 4112
4053 4113
4053 4114
4054 4055
4054 4113
4054 4114
4054 4115
4055 4056
4055 4114
4055 4115
4055 4116
4056 4057
4056 4115
4056 4116
4057 4058
4057 4116
4057 4117
4058 4059
4058 4117
4058 4118
4059 4060
4059 4117
4059 4118
4059 4119
4060 4118
4060 4119
4061 4062
4061 4120
4061 4121
4062 4063
4062 4121
4063 4064
4063 4121
4063 4122
4064 4065
4064 4122
4064 4123
4065 4066
4065 4122
4065 4123
4065 4124
4066 4067
4066 4123
4066 4124
4066 4125
4067 4068
4067 4124
4067 4125
4067 4126
4068 4069
4068 4125
4068 4126
4068 4127
4069 4070
4069 4126
4069 4127
4069 4128
4070 4071
4070 4127
4070 4128
4071 4072
4071 4128
4071 4129
4072 4129
4072 4130
4073 4074
4073 4130
4073 4131
4073 4132
4074 4075
4074 4131
4074 4132
4075 4076
4075 4132
4075 4133
4076 4077
4076 4133
4076 4134
4077 4078
4077 4133
4077 4134
4077 4135
4078 4134
4078 4135
4078 4136
4079 4136
4079 4137
4079 4138
4080 4081
4080 4139
4080 4140
4080 4141
4081 4082
4081 4140
4081 4141
4081 4142
4082 4083
4082 4141
4082 4142
4083 4084
4083 4142
4083 4143
4084 4143
4084 4144
4085 4086
4085 4144
4085 4145
4086 4087
4086 4145
4086 4146
4087 4146
4088 4089
4088 4147
4088 4148
4089 4148
4089 4149
4090 4091
4090 4149
4090 4150
4090 4151
4091 4150
4091 4151
4091 4152
4092 4093
4092 4153
4092 4154
4092 4155
4093 4154
4093 4155
4093 4156
4094 4095
4094 4156
4094 4157
4094 4158
4095 4096
4095 4157
4095 4158
4095 4159
4096 4097
4096 4158
4096 4159
4097 4159
4097 4160
4098 4099
4098 4160
4098 4161
4099 4100
4099 4161
4099 4162
4100 4101
4100 4162
4101 4102
4101 4162
4101 4163
4102 4163
4102 4164
4103 4104
4103 4164
4103 4165
4103 4166
4104 4105
4104 4165
4104 4166
4104 4167
4105 4106
4105 4166
4105 4167
4105 4168
4106 4107
4106 4167
4106 4168
4106 4169
4107 4168
4107 4169
4107 4170
4108 4109
4108 4173
4108 4174
4108 4175
4109 4110
4109 4174
4109 4175
4109 4176
4110 4111
4110 4175
4110 4176
4110 4177
4111 4176
4111 4177
4111 4178
4112 4113
4112 4179
4112 4180
4113 4114
4113 4180
4113 4181
4114 4115
4114 4180
4114 4181
4114 4182
4115 4116
4115 4181
4115 4182
4116 4182
4117 4118
4117 4183
4117 4184
4118 4119
4118 4183
4118 4184
4118 4185
4119 4184
4119 4185
4119 4186
4120 4186
4121 4187
4122 4123
4122 4188
4122 4189
4123 4124
4123 4188
4123 4189
4123 4190
4124 4125
4124 4189
4124 4190
4124 4191
4125 4126
4125 4190
4125 4191
4125 4192
4126 4127
4126 4191
4126 4192
4127 4128
4127 4192
4127 4193
4128 4193
4128 4194
4129 4130
4129 4194
4129 4195
4130 4131
4130 4195
4130 4196
4131 4132
4131 4196
4131 4197
4132 4196
4132 4197
4132 4198
4133 4134
4133 4198
4133 4199
4134 4135
4134 4199
4134 4200
4135 4136
4135 4200
4135 4201
4136 4137
4136 4200
4136 4201
4136 4202
4137 4138
4137 4201
4137 4202
4137 4203
4138 4139
4138 4202
4138 4203
4138 4204
4139 4140
4139 4203
4139 4204
4140 4141
4140 4204
4140 4205
4141 4142
4141 4205
4142 4205
4142 4206
4143 4144
4143 4206
4143 4207
4144 4145
4144 4207
4144 4208
4145 4207
4145 4208
4145 4209
4146 4209
4147 4148
4147 4210
4148 4210
4148 4211
4149 4150
4149 4211
4149 4212
4150 4151
4150 4212
4150 4213
4151 4152
4151 4213
4151 4214
4152 4153
4152 4213
4152 4214
4152 4215
4153 4154
4153 4214
4153 4215
4153 4216
4154 4155
4154 4215
4154 4216
4154 4217
4155 4156
4155 4216
4155 4217
4156 4157
4156 4217
4156 4218
4157 4158
4157 4218
4157 4219
4158 4159
4158 4218
4158 4219
4158 4220
4159 4219
4159 4220
4159 4221
4160 4161
4160 4221
4161 4222
4162 4222
4162 4223
4162 4224
4163 4164
4163 4224
4163 4225
4163 4226
4164 4165
4164 4225
4164 4226
4164 4227
4165 4166
4165 4226
4165 4227
4165 4228
4166 4167
4166 4227
4166 4228
4166 4229
4167 4168
4167 4228
4167 4229
4167 4230
4168 4169
4168 4229
4168 4230
4169 4170
4169 4230
4169 4231
4170 4171
4170 4231
4171 4172
4171 4231
4171 4232
4172 4173
4172 4232
4172 4233
4173 4174
4173 4232
4173 4233
4173 4234
4174 4175
4174 4233
4174 4234
4174 4235
4175 4176
4175 4234
4175 4235
4176 4177
4176 4235
4176 4236
4177 4178
4177 4236
4177 4237
4178 4179
4178 4236
4178 4237
4178 4238
4179 4237
4179 4238
4180 4181
4180 4239
4181 4182
4181 4239
4181 4240
4182 4239
4182 4240
4182 4241
4183 4184
4183 4242
4183 4243
4183 4244
4184 4185
4184 4243
4184 4244
4184 4245
4185 4186
4185 4244
4185 4245
4185 4246
4186 4245
4186 4246
4186 4247
4187 4248
4187 4249
4187 4250
4188 4189
4188 4250
4188 4251
4188 4252
4189 4190
4189 4251
4189 4252
4189 4253
4190 4191
4190 4252
4190 4253
4190 4254
4191 4192
4191 4253
4191 4254
4191 4255
4192 4254
4192 4255
4192 4256
4193 4194
4193 4256
4193 4257
4193 4258
4194 4195
4194 4257
4194 4258
4194 4259
4195 4258
4195 4259
4196 4197
4196 4260
4197 4198
4197 4260
4198 4199
4198 4260
4198 4261
4199 4261
4199 4262
4200 4201
4200 4262
4200 4263
4200 4264
4201 4202
4201 4263
4201 4264
4202 4203
4202 4264
4202 4265
4203 4204
4203 4265
4203 4266
4204 4265
4204 4266
4204 4267
4205 4267
4205 4268
4206 4268
4206 4269
4206 4270
4207 4208
4207 4270
4207 4271
4207 4272
4208 4209
4208 4271
4208 4272
4208 4273
4209 4272
4209 4273
4210 4211
4210 4274
4210 4275
4210 4276
4211 4212
4211 4275
4211 4276
4211 4277
4212 4276
4212 4277
4212 4278
4213 4214
4213 4278
4213 4279
4213 4280
4214 4215
4214 4279
4214 4280
4214 4281
4215 4216
4215 4280
4215 4281
4216 4217
4216 4281
4217 4282
4218 4219
4218 4282
4219 4220
4220 4221
4221 4283
4222 4223
4222 4284
4223 4224
4223 4284
4224 4225
4224 4285
4225 4226
4225 4285
4225 4286
4226 4227
4226 4285
4226 4286
4227 4228
4227 4286
4227 4287
4228 4229
4228 4287
4228 4288
4229 4230
4229 4287
4229 4288
4229 4289
4230 4288
4230 4289
4231 4290
4232 4233
4232 4291
4232 4292
4233 4234
4233 4291
4233 4292
4234 4235
4234 4292
4234 4293
4235 4293
4235 4294
4236 4237
4236 4294
4236 4295
4236 4296
4237 4238
4237 4295
4237 4296
4237 4297
4238 4296
4238 4297
4238 4298
4239 4240
4239 4299
4239 4300
4239 4301
4240 4241
4240 4300
4240 4301
4241 4242
4241 4301
4241 4302
4242 4243
4242 4302
4243 4244
4243 4302
4244 4245
4244 4303
4245 4246
4245 4303
4245 4304
4246 4247
4246 4303
4246 4304
4246 4305
4247 4248
4247 4304
4247 4305
4247 4306
4248 4249
4248 4305
4248 4306
4248 4307
4249 4250
4249 4306
4249 4307
4249 4308
4250 4251
4250 4307
4250 4308
4250 4309
4251 4252
4251 4308
4251 4309
4251 4310
4252 4253
4252 4309
4252 4310
4253 4254
4253 4310
4253 4311
4254 4255
4254 4311
4255 4256
4255 4311
4255 4312
4256 4257
4256 4312
4256 4313
4257 4258
4257 4312
4257 4313
4257 4314
4258 4259
4258 4313
4258 4314
4258 4315
4259 4314
4259 4315
4259 4316
4260 4317
4260 4318
4261 4262
4261 4319
4261 4320
4262 4263
4262 4319
4262 4320
4262 4321
4263 4264
4263 4320
4263 4321
4263 4322
4264 4321
4264 4322
4264 4323
4265 4266
4265 4323
4265 4324
4265 4325
4266 4267
4266 4324
4266 4325
4266 4326
4267 4325
4267 4326
4267 4327
4268 4269
4268 4327
4268 4328
4268 4329
4269 4270
4269 4328
4269 4329
4269 4330
4270 4271
4270 4329
4270 4330
4270 4331
4271 4272
4271 4330
4271 4331
4271 4332
4272 4273
4272 4331
4272 4332
4272 4333
4273 4332
4273 4333
4273 4334
4274 4275
4274 4335
4275 4276
4275 4335
4275 4336
4276 4277
4276 4336
4276 4337
4277 4278
4277 4336
4277 4337
4277 4338
4278 4279
4278 4337
4278 4338
4278 4339
4279 4280
4279 4338
4279 4339
4279 4340
4280 4281
4280 4339
4280 4340
4280 4341
4281 4340
4281 4341
4281 4342
4282 4343
4282 4344
4282 4345
4283 4348
4283 4349
4283 4350
4284 4350
4284 4351
4284 4352
4285 4286
4285 4353
4285 4354
4285 4355
4286 4354
4286 4355
4287 4288
4287 4356
4287 4357
4288 4289
4288 4356
4288 4357
4288 4358
4289 4357
4289 4358
4289 4359
4290 4359
4290 4360
4290 4361
4291 4292
4291 4361
4291 4362
4292 4362
4292 4363
4293 4294
4293 4363
4293 4364
4293 4365
4294 4295
4294 4364
4294 4365
4294 4366
4295 4296
4295 4365
4295 4366
4296 4297
4296 4366
4296 4367
4297 4298
4297 4367
4297 4368
4298 4299
4298 4367
4298 4368
4299 4300
4299 4368
4300 4301
4301 4369
4302 4369
4302 4370
4302 4371
4303 4304
4303 4372
4303 4373
4303 4374
4304 4305
4304 4373
4304 4374
4304 4375
4305 4306
4305 4374
4305 4375
4305 4376
4306 4307
4306 4375
4306 4376
4306 4377
4307 4308
4307 4376
4307 4377
4307 4378
4308 4309
4308 4377
4308 4378
4308 4379
4309 4310
4309 4378
4309 4379
4309 4380
4310 4379
4310 4380
4310 4381
4311 4381
4311 4382
4311 4383
4312 4313
4312 4383
4312 4384
4312 4385
4313 4314
4313 4384
4313 4385
4314 4315
4314 4385
4314 4386
4315 4316
4315 4386
4315 4387
4316 4317
4316 4386
4316 4387
4316 4388
4317 4318
4317 4387
4317 4388
4318 4388
4318 4389
4319 4320
4319 4389
4319 4390
4320 4321
4320 4390
4320 4391
4321 4322
4321 4390
4321 4391
4321 4392
4322 4323
4322 4391
4322 4392
4322 4393
4323 4324
4323 4392
4323 4393
4323 4394
4324 4325
4324 4393
4324 4394
4324 4395
4325 4326
4325 4394
4325 4395
4325 4396
4326 4327
4326 4395
4326 4396
4326 4397
4327 4328
4327 4396
4327 4397
4327 4398
4328 4329
4328 4397
4328 4398
4329 4330
4329 4398
4329 4399
4330 4331
4330 4399
4330 4400
4331 4332
4331 4399
4331 4400
4331 4401
4332 4333
4332 4400
4332 4401
4332 4402
4333 4334
4333 4401
4333 4402
4333 4403
4334 4402
4334 4403
4336 4337
4336 4404
4336 4405
4337 4338
4337 4404
4337 4405
4337 4406
4338 4339
4338 4405
4338 4406
4338 4407
4339 4340
4339 4406
4339 4407
4339 4408
4340 4341
4340 4407
4340 4408
4341 4342
4341 4408
4341 4409
4342 4343
4342 4409
4342 4410
4343 4344
4343 4409
4343 4410
4343 4411
4344 4345
4344 4410
4344 4411
4344 4412
4345 4346
4345 4411
4345 4412
4345 4413
4346 4347
4346 4412
4346 4413
4346 4414
4347 4348
4347 4413
4347 4414
4347 4415
4348 4349
4348 4414
4348 4415
4348 4416
4349 4350
4349 4415
4349 4416
4349 4417
4350 4351
4350 4416
4350 4417
4350 4418
4351 4352
4351 4417
4351 4418
4351 4419
4352 4353
4352 4418
4352 4419
4352 4420
4353 4354
4353 4419
4353 4420
4354 4355
4354 4420
4354 4421
4355 4421
4355 4422
4356 4357
4356 4422
4356 4423
4357 4358
4357 4423
4358 4359
4358 4424
4359 4360
4359 4424
4359 4425
4360 4361
4360 4424
4360 4425
4360 4426
4361 4362
4361 4425
4361 4426
4361 4427
4362 4426
4362 4427
4362 4428
4363 4364
4363 4428
4363 4429
4363 4430
4364 4365
4364 4429
4364 4430
4364 4431
4365 4366
4365 4430
4365 4431
4365 4432
4366 4431
4366 4432
4366 4433
4367 4368
4367 4433
4367 4434
4367 4435
4368 4434
4368 4435
4368 4436
4369 4370
4369 4437
4369 4438
4369 4439
4370 4371
4370 4438
4370 4439
4370 4440
4371 4372
4371 4439
4371 4440
4372 4373
4372 4440
4372 4441
4373 4374
4373 4441
4373 4442
4374 4375
4374 4441
4374 4442
4374 4443
4375 4376
4375 4442
4375 4443
4375 4444
4376 4377
4376 4443
4376 4444
4376 4445
4377 4378
4377 4444
4377 4445
4377 4446
4378 4379
4378 4445
4378 4446
4378 4447
4379 4380
4379 4446
4379 4447
4380 4381
4380 4447
4380 4448
4381 4382
4381 4448
4381 4449
4382 4383
4382 4448
4382 4449
4382 4450
4383 4384
4383 4449
4383 4450
4384 4385
4384 4450
4384 4451
4385 4451
4385 4452
4386 4387
4386 4452
4386 4453
4386 4454
4387 4388
4387 4453
4387 4454
4387 4455
4388 4454
4388 4455
4388 4456
4389 4456
4389 4457
4389 4458
4390 4391
4390 4458
4390 4459
4391 4392
4391 4459
4391 4460
4392 4393
4392 4459
4392 4460
4392 4461
4393 4394
4393 4460
4393 4461
4393 4462
4394 4395
4394 4461
4394 4462
4394 4463
4395 4396
4395 4462
4395 4463
4395 4464
4396 4397
4396 4463
4396 4464
4396 4465
4397 4398
4397 4464
4397 4465
4397 4466
4398 4465
4398 4466
4398 4467
4399 4400
4399 4467
4399 4468
4399 4469
4400 4401
4400 4468
4400 4469
4400 4470
4401 4402
4401 4469
4401 4470
4402 4403
4402 4470
4404 4405
4404 4472
4404 4473
4405 4406
4405 4473
4406 4407
4406 4473
4406 4474
4407 4408
4407 4474
4408 4474
4408 4475
4409 4410
4409 4475
4409 4476
4410 4411
4410 4476
4410 4477
4411 4412
4411 4476
4411 4477
4411 4478
4412 4413
4412 4477
4412 4478
4412 4479
4413 4414
4413 4478
4413 4479
4413 4480
4414 4415
4414 4479
4414 4480
4414 4481
4415 4416
4415 4480
4415 4481
4415 4482
4416 4417
4416 4481
4416 4482
4416 4483
4417 4418
4417 4482
4417 4483
4418 4419
4418 4483
4418 4484
4419 4420
4419 4484
4420 4484
4420 4485
4421 4422
4421 4485
4421 4486
4421 4487
4422 4423
4422 4486
4422 4487
4422 4488
4423 4487
4423 4488
4423 4489
4424 4425
4424 4490
4424 4491
4424 4492
4425 4426
4425 4491
4425 4492
4425 4493
4426 4427
4426 4492
4426 4493
4426 4494
4427 4428
4427 4493
4427 4494
4427 4495
4428 4429
4428 4494
4428 4495
4428 4496
4429 4430
4429 4495
4429 4496
4430 4431
4430 4496
4430 4497
4431 4432
4431 4497
4431 4498
4432 4433
4432 4497
4432 4498
4432 4499
4433 4434
4433 4498
4433 4499
4433 4500
4434 4435
4434 4499
4434 4500
4434 4501
4435 4436
4435 4500
4435 4501
4435 4502
4436 4501
4436 4502
4437 4438
4437 4503
4438 4439
4438 4503
4438 4504
4439 4440
4439 4504
4439 4505
4440 4504
4440 4505
4440 4506
4441 4442
4441 4506
4441 4507
4441 4508
4442 4443
4442 4507
4442 4508
4442 4509
4443 4444
4443 4508
4443 4509
4443 4510
4444 4445
4444 4509
4444 4510
4444 4511
4445 4446
4445 4510
4445 4511
4445 4512
4446 4447
4446 4511
4446 4512
4446 4513
4447 4512
4447 4513
4447 4514
4448 4449
4448 4514
4448 4515
4449 4450
4449 4515
4449 4516
4450 4515
4450 4516
4450 4517
4451 4452
4451 4517
4451 4518
4451 4519
4452 4453
4452 4518
4452 4519
4452 4520
4453 4454
4453 4519
4453 4520
4453 4521
4454 4455
4454 4520
4454 4521
4455 4456
4455 4521
4456 4457
4456 4522
4457 4458
4457 4522
4457 4523
4458 4522
4458 4523
4458 4524
4459 4460
4459 4524
4459 4525
4459 4526
4460 4461
4460 4525
4460 4526
4460 4527
4461 4462
4461 4526
4461 4527
4461 4528
4462 4463
4462 4527
4462 4528
4462 4529
4463 4464
4463 4528
4463 4529
4463 4530
4464 4465
4464 4529
4464 4530
4464 4531
4465 4466
4465 4530
4465 4531
4465 4532
4466 4467
4466 4531
4466 4532
4467 4468
4467 4532
4467 4533
4468 4469
4468 4533
4468 4534
4469 4470
4469 4533
4469 4534
4469 4535
4470 4534
4470 4535
4471 4472
4471 4537
4471 4538
4472 4537
4472 4538
4473 4539
4473 4540
4474 4540
4474 4541
4474 4542
4475 4542
4475 4543
4475 4544
4476 4477
4476 4544
4476 4545
4476 4546
4477 4478
4477 4545
4477 4546
4477 4547
4478 4479
4478 4546
4478 4547
4478 4548
4479 4480
4479 4547
4479 4548
4479 4549
4480 4481
4480 4548
4480 4549
4481 4482
4481 4549
4481 4550
4482 4483
4482 4550
4482 4551
4483 4550
4483 4551
4483 4552
4484 4552
4485 4486
4486 4487
4486 4553
4487 4488
4487 4553
4487 4554
4488 4489
4488 4553
4488 4554
4488 4555
4489 4490
4489 4554
4489 4555
4490 4491
4490 4555
4490 4556
4491 4492
4491 4556
4491 4557
4492 4493
4492 4556
4492 4557
4492 4558
4493 4494
4493 4557
4493 4558
4494 4495
4494 4558
4494 4559
4495 4496
4495 4559
4495 4560
4496 4559
4496 4560
4496 4561
4497 4498
4497 4561
4497 4562
4497 4563
4498 4499
4498 4562
4498 4563
4498 4564
4499 4500
4499 4563
4499 4564
4500 4501
4500 4564
4500 4565
4501 4502
4501 4565
4501 4566
4502 4565
4502 4566
4502 4567
4503 4567
4503 4568
4504 4505
4504 4569
4504 4570
4505 4506
4505 4569
4505 4570
4506 4507
4506 4570
4506 4571
4507 4508
4507 4571
4507 4572
4508 4509
4508 4571
4508 4572
4509 4510
4509 4572
4509 4573
4510 4511
4510 4573
4511 4512
4511 4573
4511 4574
4512 4513
4512 4574
4513 4514
4513 4574
4513 4575
4514 4575
4514 4576
4515 4516
4515 4576
4515 4577
4515 4578
4516 4517
4516 4577
4516 4578
4516 4579
4517 4518
4517 4578
4517 4579
4518 4519
4518 4579
4518 4580
4519 4520
4519 4580
4519 4581
4520 4521
4520 4580
4520 4581
4520 4582
4521 4581
4521 4582
4521 4583
4522 4523
4522 4584
4522 4585
4522 4586
4523 4524
4523 4585
4523 4586
4524 4525
4524 4586
4524 4587
4525 4526
4525 4587
4525 4588
4526 4527
4526 4587
4526 4588
4526 4589
4527 4528
4527 4588
4527 4589
4527 4590
4528 4529
4528 4589
4528 4590
4529 4530
4529 4590
4529 4591
4530 4531
4530 4591
4530 4592
4531 4532
4531 4591
4531 4592
4531 4593
4532 4592
4532 4593
4532 4594
4533 4534
4533 4594
4533 4595
4533 4596
4534 4535
4534 4595
4534 4596
4534 4597
4535 4596
4535 4597
4535 4598
4536 4598
4536 4599
4537 4538
4537 4600
4538 4600
4538 4601
4539 4540
4539 4601
4539 4602
4539 4603
4540 4541
4540 4602
4540 4603
4540 4604
4541 4542
4541 4603
4541 4604
4541 4605
4542 4543
4542 4604
4542 4605
4542 4606
4543 4544
4543 4605
4543 4606
4543 4607
4544 4545
4544 4606
4544 4607
4544 4608
4545 4546
4545 4607
4545 4608
4545 4609
4546 4547
4546 4608
4546 4609
4546 4610
4547 4548
4547 4609
4547 4610
4548 4549
4548 4610
4548 4611
4549 4611
4550 4551
4550 4612
4550 4613
4551 4552
4551 4612
4551 4613
4551 4614
4552 4613
4552 4614
4552 4615
4553 4554
4553 4617
4553 4618
4553 4619
4554 4555
4554 4618
4554 4619
4555 4619
4556 4557
4556 4620
4556 4621
4557 4558
4557 4620
4557 4621
4557 4622
4558 4621
4558 4622
4558 4623
4559 4560
4559 4623
4559 4624
4559 4625
4560 4561
4560 4624
4560 4625
4560 4626
4561 4562
4561 4625
4561 4626
4561 4627
4562 4563
4562 4626
4562 4627
4562 4628
4563 4564
4563 4627
4563 4628
4563 4629
4564 4628
4564 4629
4564 4630
4565 4566
4565 4630
4565 4631
4565 4632
4566 4567
4566 4631
4566 4632
4566 4633
4567 4568
4567 4632
4567 4633
4568 4633
4568 4634
4569 4570
4569 4634
4569 4635
4570 4635
4570 4636
4571 4572
4571 4636
4571 4637
4572 4637
4572 4638
4573 4638
4573 4639
4573 4640
4574 4640
4574 4641
4574 4642
4575 4576
4575 4642
4575 4643
4575 4644
4576 4577
4576 4643
4576 4644
4576 4645
4577 4578
4577 4644
4577 4645
4577 4646
4578 4579
4578 4645
4578 4646
4578 4647
4579 4646
4579 4647
4579 4648
4580 4581
4580 4648
4580 4649
4581 4582
4581 4649
4582 4583
4582 4650
4583 4584
4583 4650
4583 4651
4584 4585
4584 4650
4584 4651
4585 4586
4585 4651
4585 4652
4586 4652
4586 4653
4587 4588
4587 4653
4588 4589
4588 4654
4589 4590
4589 4654
4590 4654
4590 4655
4591 4592
4591 4655
4591 4656
4591 4657
4592 4593
4592 4656
4592 4657
4592 4658
4593 4594
4593 4657
4593 4658
4594 4595
4594 4658
4594 4659
4595 4596
4595 4659
4596 4597
4596 4659
4596 4660
4597 4598
4597 4660
4597 4661
4598 4599
4598 4660
4598 4661
4598 4662
4599 4661
4599 4662
4600 4663
4600 4664
4601 4602
4601 4664
4601 4665
4602 4603
4602 4665
4602 4666
4603 4604
4603 4665
4603 4666
4604 4605
4604 4666
4604 4667
4605 4606
4605 4667
4605 4668
4606 4607
4606 4667
4606 4668
4606 4669
4607 4608
4607 4668
4607 4669
4608 4609
4608 4669
4608 4670
4609 4610
4609 4670
4609 4671
4610 4670
4610 4671
4610 4672
4611 4672
4611 4673
4611 4674
4612 4613
4612 4674
4612 4675
4612 4676
4613 4614
4613 4675
4613 4676
4613 4677
4614 4615
4614 4676
4614 4677
4614 4678
4615 4616
4615 4677
4615 4678
4616 4678
4616 4679
4617 4618
4617 4679
4617 4680
4617 4681
4618 4619
4618 4680
4618 4681
4618 4682
4619 4681
4619 4682
4619 4683
4620 4621
4620 4684
4620 4685
4621 4622
4621 4685
4621 4686
4622 4623
4622 4685
4622 4686
4623 4624
4623 4686
4623 4687
4624 4625
4624 4687
4624 4688
4625 4626
4625 4687
4625 4688
4625 4689
4626 4627
4626 4688
4626 4689
4626 4690
4627 4628
4627 4689
4627 4690
4627 4691
4628 4629
4628 4690
4628 4691
4628 4692
4629 4630
4629 4691
4629 4692
4629 4693
4630 4631
4630 4692
4630 4693
4630 4694
4631 4632
4631 4693
4631 4694
4631 4695
4632 4633
4632 4694
4632 4695
4632 4696
4633 4695
4633 4696
4634 4635
4634 4697
4635 4697
4635 4698
4636 4637
4636 4698
4636 4699
4636 4700
4637 4699
4637 4700
4637 4701
4638 4639
4638 4701
4638 4702
4639 4640
4639 4702
4639 4703
4640 4641
4640 4703
4640 4704
4641 4642
4641 4703
4641 4704
4641 4705
4642 4643
4642 4704
4642 4705
4643 4644
4643 4705
4644 4645
4644 4706
4645 4646
4645 4706
4645 4707
4646 4647
4646 4706
4646 4707
4646 4708
4647 4648
4647 4707
4647 4708
4647 4709
4648 4649
4648 4708
4648 4709
4648 4710
4649 4709
4649 4710
4649 4711
4650 4651
4650 4712
4650 4713
4650 4714
4651 4713
4651 4714
4651 4715
4652 4653
4652 4715
4652 4716
4653 4716
4653 4717
4654 4718
4654 4719
4654 4720
4655 4656
4655 4720
4655 4721
4656 4657
4656 4721
4656 4722
4657 4658
4657 4722
4657 4723
4658 4722
4658 4723
4659 4724
4659 4725
4660 4661
4660 4725
4660 4726
4661 4662
4661 4726
4661 4727
4662 4726
4662 4727
4663 4664
4663 4728
4663 4729
4664 4728
4664 4729
4664 4730
4665 4666
4665 4730
4665 4731
4666 4731
4667 4668
4668 4669
4668 4732
4669 4732
4669 4733
4670 4671
4670 4733
4670 4734
4670 4735
4671 4672
4671 4734
4671 4735
4671 4736
4672 4673
4672 4735
4672 4736
4672 4737
4673 4674
4673 4736
4673 4737
4673 4738
4674 4675
4674 4737
4674 4738
4674 4739
4675 4676
4675 4738
4675 4739
4676 4677
4676 4739
4676 4740
4677 4678
4677 4740
4677 4741
4678 4740
4678 4741
4678 4742
4679 4680
4679 4742
4679 4743
4680 4681
4680 4743
4680 4744
4681 4682
4681 4743
4681 4744
4681 4745
4682 4683
4682 4744
4682 4745
4682 4746
4683 4684
4683 4745
4683 4746
4684 4746
4685 4686
4685 4747
4686 4747
4686 4748
4687 4688
4687 4748
4687 4749
4687 4750
4688 4689
4688 4749
4688 4750
4688 4751
4689 4690
4689 4750
4689 4751
4689 4752
4690 4691
4690 4751
4690 4752
4690 4753
4691 4692
4691 4752
4691 4753
4691 4754
4692 4693
4692 4753
4692 4754
4692 4755
4693 4694
4693 4754
4693 4755
4693 4756
4694 4695
4694 4755
4694 4756
4694 4757
4695 4696
4695 4756
4695 4757
4695 4758
4696 4757
4696 4758
4697 4759
4697 4760
4698 4699
4698 4760
4698 4761
4698 4762
4699 4700
4699 4761
4699 4762
4699 4763
4700 4701
4700 4762
4700 4763
4700 4764
4701 4702
4701 4763
4701 4764
4701 4765
4702 4764
4702 4765
4703 4704
4703 4766
4703 4767
4704 4705
4704 4766
4704 4767
4705 4767
4705 4768
4706 4707
4706 4769
4706 4770
4706 4771
4707 4708
4707 4770
4707 4771
4707 4772
4708 4709
4708 4771
4708 4772
4708 4773
4709 4710
4709 4772
4709 4773
4710 4711
4710 4773
4710 4774
4711 4712
4711 4774
4711 4775
4712 4713
4712 4774
4712 4775
4713 4714
4713 4775
4713 4776
4714 4715
4714 4776
4714 4777
4715 4716
4715 4776
4715 4777
4715 4778
4716 4777
4716 4778
4716 4779
4717 4718
4717 4779
4717 4780
4717 4781
4718 4719
4718 4780
4718 4781
4718 4782
4719 4720
4719 4781
4719 4782
4719 4783
4720 4721
4720 4782
4720 4783
4721 4783
4721 4784
4722 4723
4722 4784
4722 4785
4722 4786
4723 4785
4723 4786
4723 4787
4724 4725
4724 4787
4724 4788
4724 4789
4725 4788
4725 4789
4725 4790
4726 4727
4726 4790
4726 4791
4727 4791
4728 4729
4728 4792
4728 4793
4729 4730
4729 4792
4729 4793
4730 4793
4730 4794
4731 4794
4731 4795
4731 4796
4732 4733
4732 4798
4732 4799
4732 4800
4733 4734
4733 4799
4733 4800
4733 4801
4734 4735
4734 4800
4734 4801
4735 4736
4735 4801
4735 4802
4736 4737
4736 4802
4736 4803
4737 4738
4737 4802
4737 4803
4738 4739
4738 4803
4738 4804
4739 4804
4739 4805
4740 4741
4740 4805
4740 4806
4740 4807
4741 4742
4741 4806
4741 4807
4741 4808
4742 4807
4742 4808
4742 4809
4743 4744
4743 4809
4743 4810
4743 4811
4744 4745
4744 4810
4744 4811
4744 4812
4745 4746
4745 4811
4745 4812
4745 4813
4746 4812
4746 4813
4746 4814
4747 4815
4747 4816
4748 4749
4748 4816
4748 4817
4748 4818
4749 4750
4749 4817
4749 4818
4749 4819
4750 4751
4750 4818
4750 4819
4750 4820
4751 4752
4751 4819
4751 4820
4751 4821
4752 4753
4752 4820
4752 4821
4752 4822
4753 4754
4753 4821
4753 4822
4753 4823
4754 4755
4754 4822
4754 4823
4754 4824
4755 4756
4755 4823
4755 4824
4755 4825
4756 4757
4756 4824
4756 4825
4756 4826
4757 4758
4757 4825
4757 4826
4757 4827
4758 4826
4758 4827
4758 4828
4759 4760
4759 4828
4759 4829
4760 4761
4760 4829
4760 4830
4761 4762
4761 4829
4761 4830
4761 4831
4762 4763
4762 4830
4762 4831
4762 4832
4763 4764
4763 4831
4763 4832
4763 4833
4764 4765
4764 4832
4764 4833
4764 4834
4765 4833
4765 4834
4766 4767
4766 4835
4767 4835
4767 4836
4768 4769
4768 4836
4768 4837
4769 4770
4769 4837
4770 4771
4770 4837
4771 4772
4771 4838
4772 4773
4772 4838
4773 4838
4774 4775
4774 4839
4774 4840
4775 4839
4775 4840
4775 4841
4776 4777
4776 4841
4776 4842
4776 4843
4777 4778
4777 4842
4777 4843
4777 4844
4778 4779
4778 4843
4778 4844
4778 4845
4779 4780
4779 4844
4779 4845
4779 4846
4780 4781
4780 4845
4780 4846
4780 4847
4781 4782
4781 4846
4781 4847
4782 4783
4782 4847
4782 4848
4783 4848
4783 4849
4784 4785
4784 4849
4784 4850
4784 4851
4785 4786
4785 4850
4785 4851
4785 4852
4786 4787
4786 4851
4786 4852
4786 4853
4787 4788
4787 4852
4787 4853
4787 4854
4788 4789
4788 4853
4788 4854
4788 4855
4789 4790
4789 4854
4789 4855
4789 4856
4790 4855
4790 4856
4790 4857
4791 4857
4791 4858
4792 4793
4792 4859
4793 4859
4794 4795
4794 4860
4794 4861
4795 4796
4795 4860
4795 4861
4795 4862
4796 4797
4796 4861
4796 4862
4797 4798
4797 4862
4798 4799
4798 4863
4799 4800
4799 4863
4799 4864
4800 4801
4800 4863
4800 4864
4800 4865
4801 4864
4801 4865
4801 4866
4802 4803
4802 4866
4802 4867
4802 4868
4803 4867
4803 4868
4803 4869
4804 4805
4804 4869
4804 4870
4805 4806
4805 4870
4805 4871
4806 4807
4806 4871
4806 4872
4807 4808
4807 4871
4807 4872
4807 4873
4808 4809
4808 4872
4808 4873
4808 4874
4809 4810
4809 4873
4809 4874
4809 4875
4810 4811
4810 4874
4810 4875
4810 4876
4811 4812
4811 4875
4811 4876
4812 4813
4812 4876
4812 4877
4813 4814
4813 4877
4813 4878
4814 4877
4814 4878
4814 4879
4815 4816
4815 4879
4815 4880
4815 4881
4816 4817
4816 4880
4816 4881
4816 4882
4817 4818
4817 4881
4817 4882
4817 4883
4818 4819
4818 4882
4818 4883
4818 4884
4819 4820
4819 4883
4819 4884
4820 4821
4820 4884
4821 4822
4821 4885
4822 4823
4822 4885
4822 4886
4823 4824
4823 4885
4823 4886
4823 4887
4824 4825
4824 4886
4824 4887
4825 4826
4825 4887
4826 4827
4827 4828
4828 4888
4829 4830
4829 4888
4829 4889
4829 4890
4830 4831
4830 4889
4830 4890
4830 4891
4831 4832
4831 4890
4831 4891
4831 4892
4832 4833
4832 4891
4832 4892
4832 4893
4833 4834
4833 4892
4833 4893
4833 4894
4834 4893
4834 4894
4834 4895
4835 4895
4835 4896
4835 4897
4836 4897
4836 4898
4836 4899
4837 4899
4837 4900
4837 4901
4838 4902
4838 4903
4838 4904
4839 4840
4839 4905
4839 4906
4839 4907
4840 4841
4840 4906
4840 4907
4840 4908
4841 4842
4841 4907
4841 4908
4841 4909
4842 4843
4842 4908
4842 4909
4842 4910
4843 4844
4843 4909
4843 4910
4843 4911
4844 4845
4844 4910
4844 4911
4844 4912
4845 4846
4845 4911
4845 4912
4845 4913
4846 4847
4846 4912
4846 4913
4846 4914
4847 4913
4847 4914
4847 4915
4848 4849
4848 4915
4848 4916
4849 4850
4849 4916
4849 4917
4850 4851
4850 4916
4850 4917
4851 4852
4851 4917
4851 4918
4852 4853
4852 4918
4852 4919
4853 4854
4853 4918
4853 4919
4853 4920
4854 4855
4854 4919
4854 4920
4854 4921
4855 4856
4855 4920
4855 4921
4855 4922
4856 4857
4856 4921
4856 4922
4856 4923
4857 4858
4857 4922
4857 4923
4858 4923
4859 4924
4860 4861
4860 4925
4860 4926
4861 4862
4861 4926
4861 4927
4862 4927
4863 4864
4863 4928
4863 4929
4863 4930
4864 4865
4864 4929
4864 4930
4865 4866
4865 4930
4865 4931
4866 4867
4866 4931
4866 4932
4867 4868
4867 4931
4867 4932
4867 4933
4868 4869
4868 4932
4868 4933
4868 4934
4869 4870
4869 4933
4869 4934
4869 4935
4870 4934
4870 4935
4870 4936
4871 4872
4871 4936
4871 4937
4872 4873
4872 4937
4872 4938
4873 4874
4873 4937
4873 4938
4873 4939
4874 4875
4874 4938
4874 4939
4874 4940
4875 4876
4875 4939
4875 4940
4875 4941
4876 4940
4876 4941
4876 4942
4877 4878
4877 4942
4877 4943
4877 4944
4878 4879
4878 4943
4878 4944
4879 4880
4879 4944
4880 4881
4881 4882
4881 4945
4882 4883
4882 4945
4882 4946
4883 4884
4883 4945
4883 4946
4884 4946
4885 4886
4885 4947
4886 4887
4886 4948
4887 4948
4887 4949
4888 4889
4888 4951
4888 4952
4888 4953
4889 4890
4889 4952
4889 4953
4889 4954
4890 4891
4890 4953
4890 4954
4891 4892
4891 4954
4892 4893
4892 4955
4893 4894
4893 4955
4894 4895
4894 4955
4895 4896
4895 4956
4896 4897
4896 4956
4896 4957
4897 4898
4897 4956
4897 4957
4897 4958
4898 4899
4898 4957
4898 4958
4898 4959
4899 4900
4899 4958
4899 4959
4899 4960
4900 4901
4900 4959
4900 4960
4900 4961
4901 4902
4901 4960
4901 4961
4901 4962
4902 4903
4902 4961
4902 4962
4903 4904
4903 4962
4903 4963
4904 4905
4904 4963
4904 4964
4905 4906
4905 4963
4905 4964
4905 4965
4906 4907
4906 4964
4906 4965
4906 4966
4907 4908
4907 4965
4907 4966
4907 4967
4908 4909
4908 4966
4908 4967
4908 4968
4909 4910
4909 4967
4909 4968
4910 4911
4910 4968
4910 4969
4911 4912
4911 4969
4911 4970
4912 4913
4912 4969
4912 4970
4912 4971
4913 4914
4913 4970
4913 4971
4913 4972
4914 4915
4914 4971
4914 4972
4915 4972
4915 4973
4916 4917
4916 4973
4916 4974
4916 4975
4917 4974
4917 4975
4917 4976
4918 4919
4918 4976
4918 4977
4918 4978
4919 4920
4919 4977
4919 4978
4919 4979
4920 4921
4920 4978
4920 4979
4920 4980
4921 4922
4921 4979
4921 4980
4921 4981
4922 4923
4922 4980
4922 4981
4922 4982
4923 4981
4923 4982
4923 4983
4924 4984
4924 4985
4925 4926
4925 4985
4925 4986
4925 4987
4926 4986
4926 4987
4927 4988
4927 4989
4928 4929
4928 4989
4928 4990
4929 4930
4929 4990
4929 4991
4930 4991
4930 4992
4931 4932
4931 4992
4931 4993
4932 4933
4932 4993
4932 4994
4933 4934
4933 4994
4933 4995
4934 4935
4934 4994
4934 4995
4934 4996
4935 4936
4935 4995
4935 4996
4935 4997
4936 4996
4936 4997
4937 4938
4937 4998
4938 4939
4938 4998
4939 4940
4939 4998
4939 4999
4940 4941
4940 4999
4940 5000
4941 4942
4941 4999
4941 5000
4941 5001
4942 4943
4942 5000
4942 5001
4942 5002
4943 4944
4943 5001
4943 5002
4944 5002
4944 5003
4945 4946
4945 5005
4945 5006
4945 5007
4946 5006
4946 5007
4946 5008
4947 5009
4947 5010
4947 5011
4948 4949
4948 5012
4948 5013
4948 5014
4949 5013
4949 5014
4949 5015
4950 4951
4950 5015
4950 5016
4950 5017
4951 4952
4951 5016
4951 5017
4951 5018
4952 4953
4952 5017
4952 5018
4952 5019
4953 4954
4953 5018
4953 5019
4953 5020
4954 5019
4954 5020
4954 5021
4955 5022
4955 5023
4956 4957
4956 5024
4956 5025
4957 4958
4957 5024
4957 5025
4957 5026
4958 4959
4958 5025
4958 5026
4958 5027
4959 4960
4959 5026
4959 5027
4959 5028
4960 4961
4960 5027
4960 5028
4960 5029
4961 4962
4961 5028
4961 5029
4962 5029
4962 5030
4963 4964
4963 5030
4963 5031
4963 5032
4964 4965
4964 5031
4964 5032
4964 5033
4965 4966
4965 5032
4965 5033
4965 5034
4966 4967
4966 5033
4966 5034
4966 5035
4967 4968
4967 5034
4967 5035
4967 5036
4968 5035
4968 5036
4968 5037
4969 4970
4969 5037
4969 5038
4970 4971
4970 5038
4971 4972
4971 5038
4971 5039
4972 5039
4973 4974
4973 5040
4973 5041
4974 4975
4974 5040
4974 5041
4974 5042
4975 4976
4975 5041
4975 5042
4975 5043
4976 4977
4976 5042
4976 5043
4976 5044
4977 4978
4977 5043
4977 5044
4977 5045
4978 4979
4978 5044
4978 5045
4978 5046
4979 4980
4979 5045
4979 5046
4979 5047
4980 4981
4980 5046
4980 5047
4980 5048
4981 4982
4981 5047
4981 5048
4981 5049
4982 4983
4982 5048
4982 5049
4982 5050
4983 5049
4983 5050
4984 4985
4984 5051
4984 5052
4985 4986
4985 5051
4985 5052
4986 4987
4986 5052
4986 5053
4987 5053
4987 5054
4988 4989
4988 5054
4988 5055
4988 5056
4989 4990
4989 5055
4989 5056
4989 5057
4990 5056
4990 5057
4990 5058
4991 4992
4991 5058
4991 5059
4991 5060
4992 4993
4992 5059
4992 5060
4992 5061
4993 5060
4993 5061
4993 5062
4994 4995
4994 5062
4994 5063
4995 4996
4995 5063
4995 5064
4996 4997
4996 5064
4996 5065
4997 5064
4997 5065
4997 5066
4998 5067
4998 5068
4999 5000
4999 5068
4999 5069
4999 5070
5000 5001
5000 5069
5000 5070
5001 5002
5001 5070
5001 5071
5002 5071
5003 5004
5003 5072
5003 5073
5004 5005
5004 5072
5004 5073
5004 5074
5005 5006
5005 5073
5005 5074
5005 5075
5006 5007
5006 5074
5006 5075
5006 5076
5007 5008
5007 5075
5007 5076
5007 5077
5008 5009
5008 5076
5008 5077
5008 5078
5009 5010
5009 5077
5009 5078
5009 5079
5010 5011
5010 5078
5010 5079
5010 5080
5011 5012
5011 5079
5011 5080
5011 5081
5012 5013
5012 5080
5012 5081
5012 5082
5013 5014
5013 5081
5013 5082
5013 5083
5014 5015
5014 5082
5014 5083
5014 5084
5015 5016
5015 5083
5015 5084
5016 5017
5016 5084
5016 5085
5017 5018
5017 5085
5017 5086
5018 5019
5018 5085
5018 5086
5018 5087
5019 5020
5019 5086
5019 5087
5019 5088
5020 5021
5020 5087
5020 5088
5020 5089
5021 5022
5021 5088
5021 5089
5021 5090
5022 5023
5022 5089
5022 5090
5022 5091
5023 5090
5023 5091
5023 5092
5024 5025
5024 5093
5024 5094
5024 5095
5025 5026
5025 5094
5025 5095
5025 5096
5026 5027
5026 5095
5026 5096
5026 5097
5027 5028
5027 5096
5027 5097
5028 5029
5028 5097
5028 5098
5029 5098
5029 5099
5030 5031
5030 5099
5030 5100
5030 5101
5031 5032
5031 5100
5031 5101
5031 5102
5032 5033
5032 5101
5032 5102
5032 5103
5033 5034
5033 5102
5033 5103
5033 5104
5034 5035
5034 5103
5034 5104
5035 5036
5035 5104
5035 5105
5036 5037
5036 5105
5037 5105
5037 5106
5038 5106
5038 5107
5038 5108
5039 5108
5039 5109
5039 5110
5040 5041
5040 5110
5040 5111
5040 5112
5041 5042
5041 5111
5041 5112
5041 5113
5042 5043
5042 5112
5042 5113
5042 5114
5043 5044
5043 5113
5043 5114
5044 5045
5044 5114
5045 5046
5045 5115
5046 5047
5046 5115
5046 5116
5047 5048
5047 5115
5047 5116
5047 5117
5048 5049
5048 5116
5048 5117
5048 5118
5049 5050
5049 5117
5049 5118
5049 5119
5050 5118
5050 5119
5051 5052
5053 5054
5054 5055
5055 5056
5056 5057
5057 5058
5058 5059
5059 5060
5060 5061
5061 5062
5062 5063
5064 5065
5065 5066
5066 5067
5068 5069
5069 5070
5072 5073
5073 5074
5074 5075
5075 5076
5076 5077
5077 5078
5078 5079
5079 5080
5080 5081
5081 5082
5082 5083
5083 5084
5085 5086
5086 5087
5087 5088
5088 5089
5089 5090
5090 5091
5091 5092
5092 5093
5093 5094
5094 5095
5095 5096
5096 5097
5098 5099
5099 5100
5100 5101
5101 5102
5102 5103
5103 5104
5106 5107
5107 5108
5108 5109
5109 5110
5110 5111
5111 5112
5112 5113
5113 5114
5115 5116
5116 5117
5117 5118
5118 5119
