# FromNodeId	ToNodeId
0 1
0 67
0 68
1 2
1 67
1 68
1 69
2 3
2 68
2 69
2 70
3 4
3 69
3 70
3 71
4 5
4 70
4 71
4 72
5 6
5 71
5 72
5 73
6 72
6 73
6 74
7 8
7 74
7 75
7 76
8 9
8 75
8 76
8 77
9 10
9 76
9 77
9 78
10 77
10 78
10 79
11 12
11 79
11 80
12 13
12 80
12 81
13 14
13 80
13 81
14 15
14 81
14 82
15 16
15 82
16 17
16 82
16 83
17 18
17 83
17 84
18 19
18 83
18 84
18 85
19 20
19 84
19 85
19 86
20 21
20 85
20 86
20 87
21 22
21 86
21 87
21 88
22 87
22 88
23 24
23 89
23 90
24 25
24 89
24 90
24 91
25 90
25 91
25 92
26 27
26 92
26 93
26 94
27 28
27 93
27 94
28 94
28 95
29 30
29 96
29 97
30 97
30 98
31 32
31 98
31 99
31 100
32 33
32 99
32 100
32 101
33 34
33 100
33 101
33 102
34 35
34 101
34 102
34 103
35 36
35 102
35 103
35 104
36 37
36 103
36 104
36 105
37 38
37 104
37 105
37 106
38 39
38 105
38 106
38 107
39 40
39 106
39 107
40 41
40 107
40 108
41 42
41 108
41 109
42 108
42 109
43 44
43 110
43 111
44 45
44 110
44 111
44 112
45 111
45 112
45 113
46 47
46 113
46 114
46 115
47 48
47 114
47 115
47 116
48 49
48 115
48 116
49 50
49 116
49 117
50 51
50 117
50 118
51 52
51 117
51 118
51 119
52 53
52 118
52 119
52 120
53 54
53 119
53 120
53 121
54 120
54 121
54 122
55 56
55 123
55 124
55 125
56 57
56 124
56 125
56 126
57 58
57 125
57 126
57 127
58 59
58 126
58 127
58 128
59 127
59 128
60 61
60 129
61 62
61 129
61 130
62 63
62 130
62 131
63 130
63 131
64 65
64 132
64 133
65 66
65 132
65 133
65 134
66 133
66 134
67 68
67 135
67 136
68 69
68 135
68 136
68 137
69 70
69 136
69 137
69 138
70 71
70 137
70 138
70 139
71 72
71 138
71 139
71 140
72 73
72 139
72 140
73 74
73 140
73 141
74 75
74 141
75 76
75 141
75 142
76 77
76 142
77 78
77 142
77 143
78 79
78 143
78 144
79 143
79 144
79 145
80 81
80 145
80 146
80 147
81 146
81 147
81 148
82 148
82 149
82 150
83 84
83 150
84 85
84 151
85 86
85 151
85 152
86 87
86 151
86 152
86 153
87 88
87 152
87 153
87 154
88 153
88 154
88 155
89 90
89 155
89 156
90 91
90 156
90 157
91 92
91 157
91 158
92 93
92 157
92 158
93 94
93 158
93 159
94 159
94 160
95 96
95 160
95 161
96 161
96 162
97 98
97 162
97 163
97 164
98 99
98 163
98 164
98 165
99 100
99 164
99 165
99 166
100 101
100 165
100 166
100 167
101 102
101 166
101 167
101 168
102 103
102 167
102 168
102 169
103 104
103 168
103 169
103 170
104 105
104 169
104 170
104 171
105 106
105 170
105 171
105 172
106 107
106 171
106 172
106 173
107 172
107 173
107 174
108 109
108 174
108 175
108 176
109 175
109 176
110 111
110 177
111 112
111 177
111 178
112 113
112 177
112 178
112 179
113 114
113 178
113 179
114 115
114 179
114 180
115 116
115 180
115 181
116 180
116 181
116 182
117 118
117 182
117 183
117 184
118 119
118 183
118 184
118 185
119 120
119 184
119 185
119 186
120 121
120 185
120 186
120 187
121 122
121 186
121 187
121 188
122 123
122 187
122 188
122 189
123 124
123 188
123 189
124 125
124 189
124 190
125 126
125 190
125 191
126 127
126 190
126 191
126 192
127 128
127 191
127 192
127 193
128 192
128 193
128 194
129 194
129 195
129 196
130 131
130 196
130 197
130 198
131 197
131 198
131 199
132 133
132 199
132 200
132 201
133 134
133 200
133 201
134 201
135 136
136 137
136 202
137 138
137 202
137 203
138 139
138 202
138 203
138 204
139 140
139 203
139 204
139 205
140 204
140 205
140 206
141 206
141 207
142 208
142 209
143 144
143 209
143 210
143 211
144 145
144 210
144 211
144 212
145 146
145 211
145 212
145 213
146 147
146 212
146 213
146 214
147 148
147 213
147 214
147 215
148 149
148 214
148 215
148 216
149 150
149 215
149 216
149 217
150 216
150 217
150 218
151 152
151 219
152 153
152 219
152 220
153 154
153 220
153 221
154 155
154 220
154 221
154 222
155 156
155 221
155 222
155 223
156 222
156 223
156 224
157 158
157 224
157 225
158 225
158 226
159 160
159 226
159 227
159 228
160 227
160 228
160 229
161 162
161 229
161 230
161 231
162 163
162 230
162 231
162 232
163 164
163 231
163 232
163 233
164 165
164 232
164 233
164 234
165 166
165 233
165 234
165 235
166 167
166 234
166 235
166 236
167 168
167 235
167 236
167 237
168 169
168 236
168 237
168 238
169 170
169 237
169 238
170 171
170 238
170 239
171 172
171 239
171 240
172 173
172 239
172 240
172 241
173 174
173 240
173 241
173 242
174 175
174 241
174 242
174 243
175 176
175 242
175 243
175 244
176 243
176 244
176 245
177 178
177 246
177 247
177 248
178 179
178 247
178 248
178 249
179 248
179 249
179 250
180 181
180 250
180 251
180 252
181 182
181 251
181 252
181 253
182 183
182 252
182 253
183 184
183 253
183 254
184 185
184 254
184 255
185 186
185 254
185 255
185 256
186 187
186 255
186 256
187 188
187 256
188 189
188 257
189 257
189 258
190 191
190 258
190 259
191 192
191 259
191 260
192 193
192 259
192 260
193 194
193 260
193 261
194 195
194 261
194 262
195 196
195 261
195 262
196 197
196 262
196 263
197 198
197 263
197 264
198 199
198 263
198 264
198 265
199 200
199 264
199 265
199 266
200 201
200 265
200 266
200 267
201 266
201 267
201 268
202 203
202 270
202 271
202 272
203 204
203 271
203 272
203 273
204 205
204 272
204 273
204 274
205 206
205 273
205 274
205 275
206 207
206 274
206 275
206 276
207 275
207 276
207 277
208 209
208 277
208 278
208 279
209 210
209 278
209 279
209 280
210 211
210 279
210 280
210 281
211 212
211 280
211 281
212 213
212 281
212 282
213 214
213 282
214 215
214 282
214 283
215 216
215 283
215 284
216 217
216 283
216 284
217 218
217 284
217 285
218 285
218 286
219 286
219 287
219 288
220 221
220 288
220 289
220 290
221 222
221 289
221 290
221 291
222 223
222 290
222 291
223 224
223 291
223 292
224 225
224 292
224 293
225 292
225 293
225 294
226 227
226 294
226 295
226 296
227 228
227 295
227 296
227 297
228 229
228 296
228 297
228 298
229 230
229 297
229 298
229 299
230 231
230 298
230 299
231 232
231 299
231 300
232 233
232 300
233 234
233 300
233 301
234 235
234 301
234 302
235 236
235 301
235 302
236 237
236 302
236 303
237 238
237 303
237 304
238 303
238 304
238 305
239 240
239 305
239 306
239 307
240 241
240 306
240 307
240 308
241 242
241 307
241 308
241 309
242 243
242 308
242 309
242 310
243 244
243 309
243 310
244 245
244 310
244 311
245 246
245 311
245 312
246 247
246 311
246 312
246 313
247 248
247 312
247 313
247 314
248 249
248 313
248 314
248 315
249 250
249 314
249 315
249 316
250 251
250 315
250 316
250 317
251 252
251 316
251 317
252 253
252 317
252 318
253 318
254 255
254 319
254 320
255 256
255 319
255 320
255 321
256 320
256 321
257 258
257 322
257 323
258 322
258 323
258 324
259 260
259 324
259 325
259 326
260 325
260 326
260 327
261 262
261 327
262 328
263 264
263 328
263 329
263 330
264 265
264 329
264 330
265 266
265 330
265 331
266 267
266 331
266 332
267 268
267 331
267 332
267 333
268 332
268 333
269 270
269 334
269 335
270 271
270 334
270 335
270 336
271 272
271 335
271 336
271 337
272 273
272 336
272 337
272 338
273 274
273 337
273 338
273 339
274 275
274 338
274 339
274 340
275 276
275 339
275 340
275 341
276 277
276 340
276 341
277 278
277 341
277 342
278 279
278 342
278 343
279 280
279 342
279 343
279 344
280 281
280 343
280 344
280 345
281 344
281 345
281 346
282 346
282 347
282 348
283 284
283 348
283 349
283 350
284 349
284 350
284 351
285 286
285 351
285 352
286 287
286 352
286 353
287 288
287 353
287 354
288 289
288 353
288 354
288 355
289 290
289 354
289 355
289 356
290 291
290 355
290 356
291 356
291 357
292 293
292 357
292 358
293 294
293 358
294 295
294 358
294 359
295 296
295 359
296 297
296 359
296 360
297 298
297 360
297 361
298 299
298 360
298 361
298 362
299 361
299 362
299 363
300 363
300 364
300 365
301 302
301 365
301 366
301 367
302 366
302 367
302 368
303 304
303 368
303 369
303 370
304 305
304 369
304 370
304 371
305 306
305 370
305 371
305 372
306 307
306 371
306 372
306 373
307 308
307 372
307 373
307 374
308 309
308 373
308 374
309 310
309 374
310 375
311 312
311 375
311 376
311 377
312 313
312 376
312 377
312 378
313 314
313 377
313 378
314 315
314 378
314 379
315 316
315 379
315 380
316 317
316 379
316 380
316 381
317 380
317 381
317 382
318 382
318 383
318 384
319 320
319 384
319 385
319 386
320 321
320 385
320 386
321 386
321 387
322 323
322 388
322 389
322 390
323 324
323 389
323 390
323 391
324 325
324 390
324 391
324 392
325 326
325 391
325 392
325 393
326 327
326 392
326 393
326 394
327 393
327 394
327 395
328 329
328 396
328 397
328 398
329 330
329 397
329 398
329 399
330 398
330 399
330 400
331 332
331 400
331 401
331 402
332 333
332 401
332 402
332 403
333 402
333 403
334 335
334 404
334 405
335 336
335 404
335 405
335 406
336 337
336 405
336 406
336 407
337 338
337 406
337 407
337 408
338 339
338 407
338 408
338 409
339 340
339 408
339 409
339 410
340 341
340 409
340 410
341 410
341 411
342 343
342 411
342 412
342 413
343 344
343 412
343 413
343 414
344 345
344 413
344 414
344 415
345 346
345 414
345 415
345 416
346 347
346 415
346 416
346 417
347 348
347 416
347 417
347 418
348 349
348 417
348 418
349 350
349 418
349 419
350 351
350 419
350 420
351 352
351 419
351 420
351 421
352 420
352 421
353 354
353 422
354 355
354 422
354 423
355 356
355 423
355 424
356 423
356 424
356 425
357 425
357 426
358 426
358 427
358 428
359 428
359 429
360 361
360 430
360 431
361 362
361 430
361 431
362 363
362 431
362 432
363 364
363 432
364 365
364 432
364 433
365 366
365 433
365 434
366 367
366 433
366 434
366 435
367 368
367 434
367 435
367 436
368 369
368 435
368 436
369 370
369 436
369 437
370 371
370 437
370 438
371 372
371 437
371 438
371 439
372 373
372 438
372 439
372 440
373 374
373 439
373 440
373 441
374 440
374 441
374 442
375 376
375 443
375 444
375 445
376 377
376 444
376 445
376 446
377 378
377 445
377 446
377 447
378 446
378 447
378 448
379 380
379 448
379 449
379 450
380 381
380 449
380 450
380 451
381 382
381 450
381 451
381 452
382 383
382 451
382 452
382 453
383 384
383 452
383 453
383 454
384 385
384 453
384 454
384 455
385 386
385 454
385 455
385 456
386 455
386 456
386 457
387 388
387 457
387 458
387 459
388 389
388 458
388 459
388 460
389 390
389 459
389 460
389 461
390 391
390 460
390 461
390 462
391 392
391 461
391 462
391 463
392 393
392 462
392 463
393 394
393 463
394 395
394 464
395 396
395 464
395 465
396 397
396 464
396 465
396 466
397 398
397 465
397 466
397 467
398 399
398 466
398 467
398 468
399 400
399 467
399 468
399 469
400 401
400 468
400 469
400 470
401 402
401 469
401 470
401 471
402 403
402 470
402 471
403 471
404 405
404 472
404 473
405 406
405 472
405 473
405 474
406 407
406 473
406 474
407 408
407 474
408 409
408 475
409 410
409 475
409 476
410 475
410 476
410 477
411 412
411 477
411 478
412 413
412 478
412 479
413 414
413 479
414 415
414 479
414 480
415 416
415 480
416 417
416 480
417 418
418 481
419 420
419 481
419 482
419 483
420 421
420 482
420 483
420 484
421 483
421 484
421 485
422 485
422 486
422 487
423 424
423 487
423 488
424 425
424 488
424 489
425 489
425 490
426 427
426 490
426 491
426 492
427 428
427 491
427 492
427 493
428 429
428 492
428 493
429 493
429 494
430 431
430 494
430 495
430 496
431 495
431 496
431 497
432 497
432 498
432 499
433 434
433 499
433 500
434 435
434 500
434 501
435 436
435 501
435 502
436 501
436 502
437 438
437 503
438 439
438 503
438 504
439 440
439 503
439 504
439 505
440 441
440 504
440 505
440 506
441 442
441 505
441 506
441 507
442 443
442 506
442 507
442 508
443 444
443 507
443 508
443 509
444 445
444 508
444 509
444 510
445 446
445 509
445 510
446 447
446 510
446 511
447 448
447 511
447 512
448 449
448 511
448 512
448 513
449 450
449 512
449 513
449 514
450 451
450 513
450 514
450 515
451 452
451 514
451 515
451 516
452 453
452 515
452 516
452 517
453 454
453 516
453 517
453 518
454 455
454 517
454 518
454 519
455 456
455 518
455 519
455 520
456 457
456 519
456 520
456 521
457 458
457 520
457 521
457 522
458 459
458 521
458 522
458 523
459 460
459 522
459 523
459 524
460 461
460 523
460 524
460 525
461 462
461 524
461 525
461 526
462 463
462 525
462 526
463 526
463 527
464 465
464 528
464 529
464 530
465 466
465 529
465 530
465 531
466 467
466 530
466 531
466 532
467 468
467 531
467 532
467 533
468 469
468 532
468 533
468 534
469 470
469 533
469 534
469 535
470 471
470 534
470 535
470 536
471 535
471 536
472 473
472 537
472 538
473 474
473 537
473 538
473 539
474 538
474 539
474 540
475 476
475 541
476 477
476 542
477 478
477 542
477 543
478 542
478 543
478 544
479 544
479 545
479 546
480 546
480 547
481 482
481 549
481 550
482 483
482 550
482 551
483 484
483 551
484 485
484 551
484 552
485 486
485 552
485 553
486 487
486 552
486 553
486 554
487 488
487 553
487 554
488 554
488 555
489 490
489 555
490 491
490 556
491 492
491 556
491 557
492 493
492 556
492 557
492 558
493 557
493 558
493 559
494 495
494 559
494 560
494 561
495 496
495 560
495 561
495 562
496 497
496 561
496 562
496 563
497 498
497 562
497 563
497 564
498 499
498 563
498 564
499 500
499 564
499 565
500 565
501 502
501 566
502 566
503 504
503 567
503 568
503 569
504 505
504 568
504 569
504 570
505 506
505 569
505 570
505 571
506 507
506 570
506 571
506 572
507 508
507 571
507 572
507 573
508 509
508 572
508 573
509 510
509 573
509 574
510 574
511 512
511 575
511 576
512 513
512 575
512 576
512 577
513 514
513 576
513 577
513 578
514 515
514 577
514 578
514 579
515 516
515 578
515 579
515 580
516 517
516 579
516 580
516 581
517 518
517 580
517 581
517 582
518 519
518 581
518 582
519 520
519 582
519 583
520 521
520 583
520 584
521 522
521 583
521 584
521 585
522 523
522 584
522 585
522 586
523 524
523 585
523 586
524 525
524 586
524 587
525 526
525 587
525 588
526 587
526 588
526 589
527 528
527 589
527 590
527 591
528 529
528 590
528 591
528 592
529 530
529 591
529 592
529 593
530 531
530 592
530 593
530 594
531 532
531 593
531 594
531 595
532 533
532 594
532 595
532 596
533 534
533 595
533 596
533 597
534 535
534 596
534 597
534 598
535 536
535 597
535 598
535 599
536 598
536 599
536 600
537 538
537 601
538 539
538 601
538 602
539 540
539 601
539 602
539 603
540 541
540 602
540 603
540 604
541 603
541 604
541 605
542 543
542 606
542 607
543 544
543 606
543 607
544 545
544 607
544 608
545 546
545 608
545 609
546 547
546 608
546 609
546 610
547 609
547 610
548 549
548 611
548 612
549 550
549 611
549 612
550 612
550 613
551 613
551 614
551 615
552 553
552 615
552 616
553 554
553 616
553 617
554 617
554 618
555 618
555 619
556 557
556 620
556 621
557 558
557 620
557 621
557 622
558 559
558 621
558 622
558 623
559 560
559 622
559 623
559 624
560 561
560 623
560 624
561 562
561 624
562 563
562 625
563 564
563 625
563 626
564 625
564 626
564 627
565 627
565 628
566 629
566 630
566 631
567 568
567 631
567 632
567 633
568 569
568 632
568 633
568 634
569 570
569 633
569 634
569 635
570 571
570 634
570 635
570 636
571 572
571 635
571 636
572 573
572 636
573 637
574 637
574 638
574 639
575 576
575 639
575 640
576 577
576 640
576 641
577 578
577 641
577 642
578 579
578 641
578 642
578 643
579 580
579 642
579 643
579 644
580 581
580 643
580 644
580 645
581 582
581 644
581 645
582 645
582 646
583 584
583 646
583 647
583 648
584 585
584 647
584 648
584 649
585 586
585 648
585 649
585 650
586 649
586 650
586 651
587 588
587 651
587 652
587 653
588 589
588 652
588 653
588 654
589 590
589 653
589 654
589 655
590 591
590 654
590 655
591 592
591 655
592 593
592 656
593 594
593 656
593 657
594 595
594 656
594 657
594 658
595 596
595 657
595 658
595 659
596 597
596 658
596 659
597 598
597 659
597 660
598 599
598 660
598 661
599 600
599 660
599 661
599 662
600 661
600 662
601 602
601 663
601 664
602 603
602 664
602 665
603 604
603 665
603 666
604 605
604 665
604 666
604 667
605 666
605 667
605 668
606 607
606 668
606 669
606 670
607 669
607 670
607 671
608 609
608 671
608 672
608 673
609 610
609 672
609 673
609 674
610 673
610 674
611 612
611 675
611 676
612 675
612 676
612 677
613 614
613 677
613 678
613 679
614 615
614 678
614 679
615 616
615 679
615 680
616 680
616 681
617 618
617 681
617 682
617 683
618 682
618 683
618 684
619 684
619 685
620 621
620 686
621 622
621 686
621 687
622 623
622 687
623 624
623 687
624 688
625 626
625 689
625 690
626 627
626 690
626 691
627 690
627 691
628 629
628 692
628 693
629 630
629 692
629 693
629 694
630 631
630 693
630 694
630 695
631 632
631 694
631 695
631 696
632 633
632 695
632 696
632 697
633 634
633 696
633 697
633 698
634 635
634 697
634 698
634 699
635 636
635 698
635 699
636 699
636 700
637 638
637 701
637 702
637 703
638 639
638 702
638 703
638 704
639 640
639 703
639 704
639 705
640 704
640 705
640 706
641 642
641 706
641 707
642 643
642 707
643 644
643 707
643 708
644 645
644 708
644 709
645 708
645 709
645 710
646 647
646 710
646 711
646 712
647 648
647 711
647 712
648 649
648 712
649 650
649 713
650 651
650 713
650 714
651 652
651 713
651 714
651 715
652 653
652 714
652 715
652 716
653 654
653 715
653 716
653 717
654 655
654 716
654 717
654 718
655 717
655 718
656 657
656 719
656 720
656 721
657 658
657 720
657 721
657 722
658 659
658 721
658 722
658 723
659 722
659 723
660 661
660 724
660 725
661 662
661 724
661 725
661 726
662 725
662 726
663 664
663 727
663 728
664 727
664 728
664 729
665 666
665 729
665 730
666 667
666 730
666 731
667 668
667 730
667 731
667 732
668 669
668 731
668 732
668 733
669 670
669 732
669 733
669 734
670 671
670 733
670 734
671 672
671 734
672 673
672 735
673 674
673 735
673 736
674 735
674 736
674 737
675 676
675 737
675 738
676 677
676 738
676 739
677 678
677 738
677 739
677 740
678 679
678 739
678 740
678 741
679 740
679 741
679 742
680 681
680 742
680 743
680 744
681 682
681 743
681 744
682 683
682 744
682 745
683 684
683 745
683 746
684 685
684 745
684 746
684 747
685 746
685 747
685 748
686 748
686 749
686 750
687 750
687 751
687 752
688 689
688 753
688 754
688 755
689 754
689 755
689 756
690 691
690 756
690 757
691 757
691 758
692 693
692 758
692 759
692 760
693 694
693 759
693 760
694 695
694 760
694 761
695 696
695 761
695 762
696 697
696 761
696 762
696 763
697 698
697 762
697 763
697 764
698 699
698 763
698 764
698 765
699 764
699 765
699 766
700 701
700 766
700 767
701 702
701 767
701 768
702 703
702 768
702 769
703 704
703 768
703 769
703 770
704 705
704 769
704 770
704 771
705 706
705 770
705 771
706 771
706 772
707 772
707 773
707 774
708 709
708 774
708 775
709 710
709 775
710 711
710 775
710 776
711 712
711 776
711 777
712 776
712 777
712 778
713 714
714 715
715 716
715 779
716 717
716 779
716 780
717 718
717 779
717 780
717 781
718 780
718 781
718 782
719 720
719 782
719 783
719 784
720 721
720 783
720 784
721 722
721 784
721 785
722 723
722 785
722 786
723 785
723 786
724 725
724 787
724 788
725 726
725 787
725 788
725 789
726 788
726 789
727 728
727 790
728 729
728 790
728 791
729 790
729 791
729 792
730 731
730 792
730 793
731 732
731 793
731 794
732 733
732 793
732 794
733 734
733 794
735 736
735 795
735 796
736 737
736 795
736 796
736 797
737 796
737 797
738 739
738 798
739 740
739 798
739 799
740 741
740 799
740 800
741 742
741 799
741 800
741 801
742 743
742 800
742 801
743 744
743 801
743 802
744 802
744 803
745 746
745 803
745 804
745 805
746 747
746 804
746 805
746 806
747 748
747 805
747 806
747 807
748 749
748 806
748 807
748 808
749 750
749 807
749 808
749 809
750 751
750 808
750 809
750 810
751 752
751 809
751 810
752 753
752 810
752 811
753 754
753 811
753 812
754 755
754 811
754 812
754 813
755 756
755 812
755 813
756 757
756 813
756 814
757 814
758 759
758 815
759 760
759 815
760 815
760 816
761 762
761 816
761 817
762 763
762 817
762 818
763 764
763 818
763 819
764 765
764 818
764 819
764 820
765 766
765 819
765 820
766 767
766 820
766 821
767 821
767 822
768 769
768 822
768 823
768 824
769 770
769 823
769 824
770 771
770 824
770 825
771 825
771 826
772 773
772 826
773 774
773 827
774 827
775 828
776 777
776 829
776 830
777 778
777 829
777 830
777 831
778 830
778 831
778 832
779 780
779 835
779 836
779 837
780 781
780 836
780 837
781 782
781 837
781 838
782 783
782 838
782 839
783 784
783 838
783 839
783 840
784 839
784 840
785 786
785 841
785 842
786 841
786 842
787 788
787 843
788 789
788 843
788 844
789 844
790 791
790 845
790 846
791 792
791 846
791 847
792 847
792 848
793 794
793 848
793 849
794 849
794 850
795 796
795 853
795 854
795 855
796 797
796 854
796 855
796 856
797 855
797 856
797 857
798 857
798 858
798 859
799 800
799 859
799 860
800 801
800 860
800 861
801 860
801 861
801 862
802 803
802 862
802 863
803 804
803 863
803 864
804 805
804 863
804 864
805 806
805 864
805 865
806 807
806 865
807 808
807 865
807 866
808 809
808 866
808 867
809 810
809 866
809 867
809 868
810 867
810 868
810 869
811 812
811 869
811 870
811 871
812 813
812 870
812 871
812 872
813 871
813 872
814 873
815 874
816 817
816 875
816 876
817 875
817 876
817 877
818 819
818 877
818 878
819 820
819 878
820 878
820 879
821 822
821 879
821 880
821 881
822 823
822 880
822 881
823 824
823 881
823 882
824 882
824 883
825 826
825 883
825 884
825 885
826 884
826 885
826 886
827 887
827 888
828 889
829 830
829 890
830 831
830 890
830 891
831 832
831 890
831 891
832 833
832 891
832 892
833 834
833 892
833 893
834 835
834 892
834 893
834 894
835 836
835 893
835 894
835 895
836 837
836 894
836 895
837 895
838 839
838 896
838 897
839 840
839 896
839 897
839 898
840 897
840 898
840 899
841 842
841 899
841 900
841 901
842 900
842 901
842 902
843 902
843 903
844 903
844 904
845 846
846 905
847 848
847 905
847 906
847 907
848 849
848 906
848 907
849 907
849 908
850 851
850 908
850 909
851 852
851 909
851 910
852 853
852 909
852 910
852 911
853 854
853 910
853 911
854 855
854 911
854 912
855 856
855 912
856 857
856 912
857 858
857 913
858 859
858 913
859 913
859 914
860 861
860 914
860 915
860 916
861 862
861 915
861 916
862 916
863 864
863 917
863 918
864 917
864 918
864 919
865 919
865 920
866 867
866 920
866 921
867 868
867 921
867 922
868 869
868 921
868 922
868 923
869 870
869 922
869 923
869 924
870 871
870 923
870 924
870 925
871 872
871 924
871 925
871 926
872 925
872 926
873 927
873 928
874 928
874 929
874 930
875 876
875 931
875 932
876 877
876 931
876 932
876 933
877 932
877 933
878 934
879 880
879 935
880 881
880 935
880 936
881 936
881 937
882 883
882 937
882 938
882 939
883 884
883 938
883 939
883 940
884 885
884 939
884 940
884 941
885 886
885 940
885 941
885 942
886 887
886 941
886 942
887 888
887 942
887 943
888 943
888 944
889 944
889 945
889 946
890 891
890 947
890 948
890 949
891 948
891 949
891 950
892 893
892 950
892 951
892 952
893 894
893 951
893 952
893 953
894 895
894 952
894 953
895 953
895 954
896 897
896 955
896 956
897 898
897 955
897 956
897 957
898 899
898 956
898 957
898 958
899 900
899 957
899 958
899 959
900 901
900 958
900 959
900 960
901 902
901 959
901 960
902 960
903 904
903 961
903 962
904 961
904 962
905 906
905 964
905 965
906 907
906 964
906 965
906 966
907 965
907 966
907 967
908 967
908 968
908 969
909 910
909 969
909 970
909 971
910 911
910 970
910 971
911 971
911 972
912 972
912 973
913 974
913 975
914 915
914 975
914 976
914 977
915 916
915 976
915 977
915 978
916 977
916 978
916 979
917 918
917 980
918 919
918 980
919 980
920 981
920 982
921 922
921 982
921 983
921 984
922 923
922 983
922 984
922 985
923 924
923 984
923 985
923 986
924 925
924 985
924 986
924 987
925 926
925 986
925 987
925 988
926 987
926 988
927 928
927 989
927 990
928 929
928 989
928 990
929 930
929 990
929 991
930 991
930 992
931 932
931 992
931 993
932 933
932 993
932 994
933 993
933 994
933 995
934 995
934 996
935 997
935 998
936 937
936 998
936 999
936 1000
937 938
937 999
937 1000
938 939
938 1000
939 940
939 1001
940 941
940 1001
940 1002
941 942
941 1001
941 1002
941 1003
942 1002
942 1003
942 1004
943 944
943 1004
944 945
945 946
945 1005
946 947
946 1005
946 1006
947 948
947 1005
947 1006
948 949
948 1006
948 1007
949 950
949 1007
949 1008
950 951
950 1007
950 1008
950 1009
951 952
951 1008
951 1009
951 1010
952 953
952 1009
952 1010
952 1011
953 1010
953 1011
953 1012
954 1012
954 1013
955 956
955 1014
956 957
956 1014
956 1015
957 958
957 1014
957 1015
957 1016
958 959
958 1015
958 1016
958 1017
959 960
959 1016
959 1017
959 1018
960 1017
960 1018
960 1019
961 962
961 1020
963 1021
963 1022
964 965
964 1022
964 1023
964 1024
965 966
965 1023
965 1024
965 1025
966 967
966 1024
966 1025
966 1026
967 968
967 1025
967 1026
967 1027
968 969
968 1026
968 1027
969 970
969 1027
969 1028
970 971
970 1028
970 1029
971 1028
971 1029
971 1030
972 1030
972 1031
972 1032
973 1032
973 1033
974 975
974 1033
974 1034
974 1035
975 976
975 1034
975 1035
975 1036
976 977
976 1035
976 1036
976 1037
977 978
977 1036
977 1037
977 1038
978 979
978 1037
978 1038
978 1039
979 1038
979 1039
980 1040
980 1041
981 982
981 1042
981 1043
981 1044
982 983
982 1043
982 1044
982 1045
983 984
983 1044
983 1045
983 1046
984 985
984 1045
984 1046
984 1047
985 986
985 1046
985 1047
985 1048
986 987
986 1047
986 1048
986 1049
987 988
987 1048
987 1049
988 1049
988 1050
989 990
989 1050
989 1051
989 1052
990 1051
990 1052
991 992
991 1053
992 1053
992 1054
993 994
993 1054
993 1055
993 1056
994 995
994 1055
994 1056
994 1057
995 996
995 1056
995 1057
995 1058
996 1057
996 1058
997 998
997 1059
997 1060
998 999
998 1059
998 1060
999 1000
999 1060
999 1061
1000 1061
1001 1002
1001 1062
1001 1063
1001 1064
1002 1003
1002 1063
1002 1064
1002 1065
1003 1004
1003 1064
1003 1065
1003 1066
1004 1065
1004 1066
1004 1067
1005 1006
1005 1069
1006 1069
1006 1070
1007 1008
1007 1070
1007 1071
1008 1009
1008 1071
1008 1072
1009 1010
1009 1071
1009 1072
1009 1073
1010 1011
1010 1072
1010 1073
1010 1074
1011 1012
1011 1073
1011 1074
1011 1075
1012 1013
1012 1074
1012 1075
1012 1076
1013 1075
1013 1076
1013 1077
1014 1015
1014 1078
1015 1016
1015 1078
1015 1079
1016 1017
1016 1078
1016 1079
1016 1080
1017 1018
1017 1079
1017 1080
1017 1081
1018 1019
1018 1080
1018 1081
1018 1082
1019 1020
1019 1081
1019 1082
1019 1083
1020 1082
1020 1083
1020 1084
1021 1022
1021 1085
1022 1023
1022 1085
1022 1086
1023 1024
1023 1085
1023 1086
1023 1087
1024 1025
1024 1086
1024 1087
1024 1088
1025 1026
1025 1087
1025 1088
1025 1089
1026 1027
1026 1088
1026 1089
1026 1090
1027 1089
1027 1090
1028 1029
1028 1091
1028 1092
1029 1030
1029 1091
1029 1092
1029 1093
1030 1031
1030 1092
1030 1093
1030 1094
1031 1032
1031 1093
1031 1094
1031 1095
1032 1094
1032 1095
1032 1096
1033 1034
1033 1096
1033 1097
1033 1098
1034 1035
1034 1097
1034 1098
1035 1036
1035 1098
1035 1099
1036 1037
1036 1099
1036 1100
1037 1038
1037 1099
1037 1100
1037 1101
1038 1039
1038 1100
1038 1101
1038 1102
1039 1101
1039 1102
1039 1103
1040 1041
1040 1104
1040 1105
1040 1106
1041 1042
1041 1105
1041 1106
1041 1107
1042 1043
1042 1106
1042 1107
1042 1108
1043 1044
1043 1107
1043 1108
1043 1109
1044 1045
1044 1108
1044 1109
1044 1110
1045 1046
1045 1109
1045 1110
1045 1111
1046 1047
1046 1110
1046 1111
1047 1048
1047 1111
1047 1112
1048 1049
1048 1112
1048 1113
1049 1112
1049 1113
1049 1114
1050 1051
1050 1114
1050 1115
1050 1116
1051 1052
1051 1115
1051 1116
1051 1117
1052 1116
1052 1117
1052 1118
1053 1118
1053 1119
1054 1055
1054 1119
1054 1120
1054 1121
1055 1056
1055 1120
1055 1121
1055 1122
1056 1057
1056 1121
1056 1122
1056 1123
1057 1058
1057 1122
1057 1123
1057 1124
1058 1123
1058 1124
1058 1125
1059 1060
1059 1125
1059 1126
1059 1127
1060 1126
1060 1127
1060 1128
1061 1128
1061 1129
1062 1063
1062 1130
1063 1064
1063 1130
1064 1065
1064 1130
1064 1131
1065 1066
1065 1131
1065 1132
1066 1067
1066 1131
1066 1132
1066 1133
1067 1068
1067 1132
1067 1133
1067 1134
1068 1133
1068 1134
1068 1135
1069 1070
1069 1136
1069 1137
1070 1136
1070 1137
1070 1138
1071 1072
1071 1138
1071 1139
1071 1140
1072 1073
1072 1139
1072 1140
1073 1074
1073 1140
1074 1075
1074 1141
1075 1076
1075 1141
1075 1142
1076 1077
1076 1141
1076 1142
1076 1143
1077 1142
1077 1143
1078 1079
1078 1144
1078 1145
1079 1080
1079 1145
1079 1146
1080 1081
1080 1146
1080 1147
1081 1082
1081 1146
1081 1147
1081 1148
1082 1083
1082 1147
1082 1148
1082 1149
1083 1084
1083 1148
1083 1149
1084 1149
1084 1150
1085 1086
1085 1151
1085 1152
1086 1087
1086 1152
1087 1088
1087 1153
1088 1089
1088 1153
1088 1154
1089 1090
1089 1153
1089 1154
1089 1155
1090 1154
1090 1155
1091 1092
1091 1156
1092 1093
1092 1156
1092 1157
1093 1094
1093 1157
1093 1158
1094 1095
1094 1157
1094 1158
1094 1159
1095 1096
1095 1158
1095 1159
1095 1160
1096 1097
1096 1159
1096 1160
1096 1161
1097 1098
1097 1160
1097 1161
1097 1162
1098 1161
1098 1162
1098 1163
1099 1100
1099 1163
1099 1164
1099 1165
1100 1101
1100 1164
1100 1165
1101 1102
1101 1165
1101 1166
1102 1103
1102 1166
1102 1167
1103 1104
1103 1166
1103 1167
1103 1168
1104 1105
1104 1167
1104 1168
1105 1106
1105 1168
1105 1169
1106 1107
1106 1169
1106 1170
1107 1108
1107 1169
1107 1170
1107 1171
1108 1109
1108 1170
1108 1171
1109 1110
1109 1171
1109 1172
1110 1111
1110 1172
1110 1173
1111 1172
1111 1173
1111 1174
1112 1113
1112 1174
1112 1175
1113 1114
1113 1175
1113 1176
1114 1115
1114 1175
1114 1176
1114 1177
1115 1116
1115 1176
1115 1177
1115 1178
1116 1117
1116 1177
1116 1178
1116 1179
1117 1118
1117 1178
1117 1179
1118 1179
1118 1180
1119 1120
1119 1180
1119 1181
1119 1182
1120 1121
1120 1181
1120 1182
1121 1122
1121 1182
1121 1183
1122 1123
1122 1183
1122 1184
1123 1124
1123 1183
1123 1184
1124 1125
1124 1184
1124 1185
1125 1126
1125 1185
1125 1186
1126 1127
1126 1185
1126 1186
1126 1187
1127 1128
1127 1186
1127 1187
1127 1188
1128 1129
1128 1187
1128 1188
1128 1189
1129 1188
1129 1189
1129 1190
1130 1191
1130 1192
1130 1193
1131 1132
1131 1193
1131 1194
1131 1195
1132 1133
1132 1194
1132 1195
1133 1134
1133 1195
1133 1196
1134 1135
1134 1196
1134 1197
1135 1196
1135 1197
1135 1198
1136 1137
1136 1198
1136 1199
1136 1200
1137 1138
1137 1199
1137 1200
1138 1139
1138 1200
1138 1201
1139 1140
1139 1201
1139 1202
1140 1201
1140 1202
1141 1142
1141 1203
1141 1204
1141 1205
1142 1143
1142 1204
1142 1205
1142 1206
1143 1205
1143 1206
1143 1207
1144 1145
1144 1207
1144 1208
1144 1209
1145 1208
1145 1209
1145 1210
1146 1147
1146 1210
1146 1211
1147 1148
1147 1211
1148 1149
1148 1211
1148 1212
1149 1212
1149 1213
1150 1213
1150 1214
1151 1152
1151 1215
1151 1216
1152 1215
1152 1216
1152 1217
1153 1154
1153 1218
1154 1155
1154 1218
1154 1219
1155 1218
1155 1219
1155 1220
1156 1220
1156 1221
1156 1222
1157 1158
1157 1222
1157 1223
1158 1159
1158 1223
1158 1224
1159 1160
1159 1223
1159 1224
1159 1225
1160 1161
1160 1224
1160 1225
1160 1226
1161 1162
1161 1225
1161 1226
1161 1227
1162 1163
1162 1226
1162 1227
1162 1228
1163 1164
1163 1227
1163 1228
1164 1165
1164 1228
1166 1167
1166 1229
1166 1230
1167 1168
1167 1229
1167 1230
1167 1231
1168 1230
1168 1231
1168 1232
1169 1170
1169 1232
1170 1171
1170 1233
1171 1233
1172 1173
1172 1234
1173 1174
1173 1234
1173 1235
1174 1234
1174 1235
1174 1236
1175 1176
1175 1236
1175 1237
1176 1177
1176 1237
1176 1238
1177 1178
1177 1237
1177 1238
1177 1239
1178 1179
1178 1238
1178 1239
1178 1240
1179 1239
1179 1240
1179 1241
1180 1181
1180 1241
1180 1242
1181 1182
1181 1242
1182 1243
1183 1184
1183 1243
1183 1244
1183 1245
1184 1244
1184 1245
1184 1246
1185 1186
1185 1246
1185 1247
1185 1248
1186 1187
1186 1247
1186 1248
1186 1249
1187 1188
1187 1248
1187 1249
1187 1250
1188 1189
1188 1249
1188 1250
1188 1251
1189 1190
1189 1250
1189 1251
1189 1252
1190 1191
1190 1251
1190 1252
1191 1192
1191 1252
1191 1253
1192 1193
1192 1253
1192 1254
1193 1194
1193 1253
1193 1254
1193 1255
1194 1195
1194 1254
1194 1255
1194 1256
1195 1255
1195 1256
1195 1257
1196 1197
1196 1257
1196 1258
1196 1259
1197 1198
1197 1258
1197 1259
1197 1260
1198 1199
1198 1259
1198 1260
1198 1261
1199 1200
1199 1260
1199 1261
1199 1262
1200 1261
1200 1262
1200 1263
1201 1202
1201 1263
1202 1264
1203 1204
1203 1264
1203 1265
1203 1266
1204 1205
1204 1265
1204 1266
1204 1267
1205 1206
1205 1266
1205 1267
1205 1268
1206 1207
1206 1267
1206 1268
1206 1269
1207 1208
1207 1268
1207 1269
1208 1209
1208 1269
1209 1210
1209 1270
1210 1270
1211 1271
1211 1272
1212 1213
1212 1272
1212 1273
1212 1274
1213 1214
1213 1273
1213 1274
1213 1275
1214 1274
1214 1275
1215 1216
1215 1276
1216 1217
1216 1276
1216 1277
1217 1276
1217 1277
1218 1219
1218 1278
1218 1279
1219 1220
1219 1278
1219 1279
1219 1280
1220 1221
1220 1279
1220 1280
1220 1281
1221 1222
1221 1280
1221 1281
1221 1282
1222 1281
1222 1282
1222 1283
1223 1224
1223 1283
1223 1284
1223 1285
1224 1225
1224 1284
1224 1285
1224 1286
1225 1226
1225 1285
1225 1286
1225 1287
1226 1227
1226 1286
1226 1287
1226 1288
1227 1228
1227 1287
1227 1288
1227 1289
1228 1288
1228 1289
1229 1230
1229 1291
1229 1292
1229 1293
1230 1231
1230 1292
1230 1293
1230 1294
1231 1232
1231 1293
1231 1294
1232 1294
1232 1295
1233 1296
1233 1297
1233 1298
1234 1235
1234 1299
1234 1300
1234 1301
1235 1236
1235 1300
1235 1301
1235 1302
1236 1301
1236 1302
1236 1303
1237 1238
1237 1303
1237 1304
1238 1239
1238 1304
1238 1305
1239 1240
1239 1304
1239 1305
1240 1241
1240 1305
1240 1306
1241 1242
1241 1306
1241 1307
1242 1306
1242 1307
1243 1244
1243 1308
1243 1309
1243 1310
1244 1245
1244 1309
1244 1310
1244 1311
1245 1246
1245 1310
1245 1311
1245 1312
1246 1247
1246 1311
1246 1312
1246 1313
1247 1248
1247 1312
1247 1313
1247 1314
1248 1249
1248 1313
1248 1314
1248 1315
1249 1250
1249 1314
1249 1315
1249 1316
1250 1251
1250 1315
1250 1316
1250 1317
1251 1252
1251 1316
1251 1317
1251 1318
1252 1317
1252 1318
1252 1319
1253 1254
1253 1319
1253 1320
1253 1321
1254 1255
1254 1320
1254 1321
1254 1322
1255 1256
1255 1321
1255 1322
1255 1323
1256 1257
1256 1322
1256 1323
1257 1258
1257 1323
1257 1324
1258 1259
1258 1324
1258 1325
1259 1260
1259 1324
1259 1325
1259 1326
1260 1261
1260 1325
1260 1326
1260 1327
1261 1262
1261 1326
1261 1327
1261 1328
1262 1263
1262 1327
1262 1328
1263 1328
1264 1265
1264 1329
1264 1330
1264 1331
1265 1266
1265 1330
1265 1331
1265 1332
1266 1267
1266 1331
1266 1332
1266 1333
1267 1268
1267 1332
1267 1333
1267 1334
1268 1269
1268 1333
1268 1334
1268 1335
1269 1334
1269 1335
1269 1336
1270 1337
1270 1338
1270 1339
1271 1272
1271 1339
1271 1340
1271 1341
1272 1273
1272 1340
1272 1341
1272 1342
1273 1274
1273 1341
1273 1342
1274 1275
1274 1342
1274 1343
1275 1343
1276 1277
1276 1344
1276 1345
1277 1345
1277 1346
1278 1279
1278 1347
1278 1348
1279 1280
1279 1348
1279 1349
1280 1281
1280 1349
1280 1350
1281 1282
1281 1349
1281 1350
1281 1351
1282 1283
1282 1350
1282 1351
1282 1352
1283 1284
1283 1351
1283 1352
1283 1353
1284 1285
1284 1352
1284 1353
1285 1286
1285 1353
1285 1354
1286 1287
1286 1354
1286 1355
1287 1288
1287 1354
1287 1355
1287 1356
1288 1289
1288 1355
1288 1356
1288 1357
1289 1356
1289 1357
1289 1358
1290 1291
1290 1358
1290 1359
1290 1360
1291 1292
1291 1359
1291 1360
1291 1361
1292 1293
1292 1360
1292 1361
1292 1362
1293 1294
1293 1361
1293 1362
1293 1363
1294 1362
1294 1363
1295 1296
1295 1364
1296 1297
1296 1364
1297 1298
1297 1364
1297 1365
1298 1299
1298 1365
1298 1366
1299 1300
1299 1365
1299 1366
1299 1367
1300 1301
1300 1366
1300 1367
1301 1302
1301 1367
1302 1303
1302 1368
1303 1368
1303 1369
1304 1305
1304 1369
1304 1370
1304 1371
1305 1370
1305 1371
1306 1307
1306 1372
1306 1373
1307 1372
1307 1373
1307 1374
1308 1309
1308 1374
1308 1375
1308 1376
1309 1310
1309 1375
1309 1376
1309 1377
1310 1311
1310 1376
1310 1377
1310 1378
1311 1312
1311 1377
1311 1378
1311 1379
1312 1313
1312 1378
1312 1379
1312 1380
1313 1314
1313 1379
1313 1380
1313 1381
1314 1315
1314 1380
1314 1381
1314 1382
1315 1316
1315 1381
1315 1382
1315 1383
1316 1317
1316 1382
1316 1383
1316 1384
1317 1318
1317 1383
1317 1384
1317 1385
1318 1319
1318 1384
1318 1385
1319 1320
1319 1385
1319 1386
1320 1321
1320 1386
1320 1387
1321 1322
1321 1386
1321 1387
1321 1388
1322 1323
1322 1387
1322 1388
1322 1389
1323 1388
1323 1389
1323 1390
1324 1325
1324 1390
1324 1391
1324 1392
1325 1326
1325 1391
1325 1392
1325 1393
1326 1327
1326 1392
1326 1393
1326 1394
1327 1328
1327 1393
1327 1394
1327 1395
1328 1394
1328 1395
1328 1396
1329 1330
1329 1397
1330 1331
1330 1397
1330 1398
1331 1332
1331 1397
1331 1398
1331 1399
1332 1333
1332 1398
1332 1399
1332 1400
1333 1334
1333 1399
1333 1400
1333 1401
1334 1335
1334 1400
1334 1401
1334 1402
1335 1336
1335 1401
1335 1402
1335 1403
1336 1337
1336 1402
1336 1403
1336 1404
1337 1338
1337 1403
1337 1404
1337 1405
1338 1339
1338 1404
1338 1405
1338 1406
1339 1340
1339 1405
1339 1406
1339 1407
1340 1341
1340 1406
1340 1407
1341 1342
1341 1407
1341 1408
1342 1408
1342 1409
1343 1409
1343 1410
1344 1411
1345 1346
1345 1411
1345 1412
1346 1347
1346 1412
1346 1413
1347 1348
1347 1413
1347 1414
1348 1413
1348 1414
1348 1415
1349 1350
1349 1415
1349 1416
1349 1417
1350 1351
1350 1416
1350 1417
1350 1418
1351 1352
1351 1417
1351 1418
1351 1419
1352 1353
1352 1418
1352 1419
1352 1420
1353 1419
1353 1420
1353 1421
1354 1355
1354 1421
1354 1422
1355 1356
1355 1422
1355 1423
1356 1357
1356 1423
1356 1424
1357 1358
1357 1423
1357 1424
1357 1425
1358 1359
1358 1424
1358 1425
1358 1426
1359 1360
1359 1425
1359 1426
1359 1427
1360 1361
1360 1426
1360 1427
1360 1428
1361 1362
1361 1427
1361 1428
1361 1429
1362 1363
1362 1428
1362 1429
1362 1430
1363 1429
1363 1430
1364 1431
1364 1432
1365 1366
1365 1432
1365 1433
1365 1434
1366 1367
1366 1433
1366 1434
1366 1435
1367 1434
1367 1435
1367 1436
1368 1369
1368 1437
1369 1370
1369 1437
1369 1438
1370 1371
1370 1438
1370 1439
1371 1438
1371 1439
1371 1440
1372 1373
1372 1440
1372 1441
1373 1374
1373 1441
1374 1375
1375 1376
1375 1442
1376 1377
1376 1442
1377 1378
1377 1442
1377 1443
1378 1379
1378 1443
1378 1444
1379 1380
1379 1443
1379 1444
1379 1445
1380 1381
1380 1444
1380 1445
1380 1446
1381 1382
1381 1445
1381 1446
1381 1447
1382 1383
1382 1446
1382 1447
1382 1448
1383 1384
1383 1447
1383 1448
1383 1449
1384 1385
1384 1448
1384 1449
1385 1449
1385 1450
1386 1387
1386 1450
1386 1451
1386 1452
1387 1388
1387 1451
1387 1452
1388 1389
1388 1452
1389 1390
1389 1453
1390 1391
1390 1453
1390 1454
1391 1392
1391 1453
1391 1454
1391 1455
1392 1393
1392 1454
1392 1455
1392 1456
1393 1394
1393 1455
1393 1456
1394 1395
1394 1456
1395 1396
1395 1457
1396 1457
1396 1458
1397 1398
1397 1459
1397 1460
1397 1461
1398 1399
1398 1460
1398 1461
1398 1462
1399 1400
1399 1461
1399 1462
1399 1463
1400 1401
1400 1462
1400 1463
1401 1402
1401 1463
1401 1464
1402 1403
1402 1464
1402 1465
1403 1404
1403 1464
1403 1465
1403 1466
1404 1405
1404 1465
1404 1466
1404 1467
1405 1406
1405 1466
1405 1467
1406 1407
1406 1467
1406 1468
1407 1468
1407 1469
1408 1409
1408 1469
1408 1470
1409 1410
1409 1470
1409 1471
1410 1471
1411 1412
1411 1472
1411 1473
1411 1474
1412 1473
1412 1474
1412 1475
1413 1414
1413 1475
1413 1476
1413 1477
1414 1415
1414 1476
1414 1477
1414 1478
1415 1416
1415 1477
1415 1478
1415 1479
1416 1417
1416 1478
1416 1479
1416 1480
1417 1418
1417 1479
1417 1480
1418 1419
1418 1480
1418 1481
1419 1420
1419 1481
1419 1482
1420 1421
1420 1481
1420 1482
1420 1483
1421 1422
1421 1482
1421 1483
1421 1484
1422 1483
1422 1484
1423 1424
1423 1485
1423 1486
1424 1425
1424 1485
1424 1486
1424 1487
1425 1426
1425 1486
1425 1487
1426 1427
1426 1487
1426 1488
1427 1428
1427 1488
1427 1489
1428 1429
1428 1488
1428 1489
1428 1490
1429 1430
1429 1489
1429 1490
1429 1491
1430 1490
1430 1491
1430 1492
1431 1432
1431 1493
1431 1494
1431 1495
1432 1433
1432 1494
1432 1495
1432 1496
1433 1434
1433 1495
1433 1496
1433 1497
1434 1435
1434 1496
1434 1497
1434 1498
1435 1436
1435 1497
1435 1498
1436 1498
1436 1499
1437 1499
1437 1500
1437 1501
1438 1439
1438 1501
1438 1502
1439 1440
1439 1502
1440 1441
1440 1502
1440 1503
1441 1503
1442 1505
1442 1506
1442 1507
1443 1444
1443 1507
1443 1508
1443 1509
1444 1445
1444 1508
1444 1509
1444 1510
1445 1446
1445 1509
1445 1510
1445 1511
1446 1447
1446 1510
1446 1511
1446 1512
1447 1448
1447 1511
1447 1512
1447 1513
1448 1449
1448 1512
1448 1513
1449 1513
1449 1514
1450 1451
1450 1514
1450 1515
1450 1516
1451 1452
1451 1515
1451 1516
1451 1517
1452 1516
1452 1517
1452 1518
1453 1454
1453 1519
1453 1520
1453 1521
1454 1455
1454 1520
1454 1521
1455 1456
1455 1521
1455 1522
1456 1522
1456 1523
1457 1458
1457 1524
1457 1525
1458 1459
1458 1524
1458 1525
1458 1526
1459 1460
1459 1525
1459 1526
1460 1461
1460 1526
1460 1527
1461 1462
1461 1527
1461 1528
1462 1463
1462 1527
1462 1528
1463 1528
1463 1529
1464 1465
1464 1529
1464 1530
1464 1531
1465 1466
1465 1530
1465 1531
1465 1532
1466 1467
1466 1531
1466 1532
1466 1533
1467 1532
1467 1533
1467 1534
1468 1469
1468 1534
1468 1535
1468 1536
1469 1470
1469 1535
1469 1536
1469 1537
1470 1536
1470 1537
1470 1538
1471 1538
1471 1539
1472 1473
1472 1540
1472 1541
1473 1474
1473 1540
1473 1541
1473 1542
1474 1475
1474 1541
1474 1542
1474 1543
1475 1476
1475 1542
1475 1543
1475 1544
1476 1477
1476 1543
1476 1544
1477 1478
1477 1544
1477 1545
1478 1479
1478 1545
1478 1546
1479 1480
1479 1545
1479 1546
1479 1547
1480 1546
1480 1547
1481 1482
1481 1548
1481 1549
1482 1483
1482 1548
1482 1549
1482 1550
1483 1484
1483 1549
1483 1550
1483 1551
1484 1550
1484 1551
1484 1552
1485 1486
1485 1552
1485 1553
1486 1487
1486 1553
1486 1554
1487 1553
1487 1554
1487 1555
1488 1489
1488 1555
1488 1556
1488 1557
1489 1490
1489 1556
1489 1557
1490 1491
1490 1557
1490 1558
1491 1492
1491 1558
1491 1559
1492 1493
1492 1558
1492 1559
1492 1560
1493 1494
1493 1559
1493 1560
1493 1561
1494 1495
1494 1560
1494 1561
1494 1562
1495 1496
1495 1561
1495 1562
1495 1563
1496 1497
1496 1562
1496 1563
1497 1498
1497 1563
1497 1564
1498 1564
1498 1565
1499 1500
1499 1565
1499 1566
1500 1501
1500 1566
1500 1567
1501 1567
1501 1568
1502 1568
1502 1569
1502 1570
1503 1570
1503 1571
1503 1572
1504 1505
1504 1572
1504 1573
1505 1506
1505 1573
1505 1574
1506 1507
1506 1573
1506 1574
1506 1575
1507 1508
1507 1574
1507 1575
1508 1509
1508 1575
1508 1576
1509 1510
1509 1576
1510 1511
1510 1576
1510 1577
1511 1512
1511 1577
1512 1513
1512 1577
1512 1578
1513 1578
1513 1579
1514 1515
1514 1579
1515 1516
1516 1517
1517 1518
1517 1580
1518 1519
1518 1580
1518 1581
1519 1520
1519 1580
1519 1581
1520 1521
1520 1581
1520 1582
1521 1582
1521 1583
1522 1523
1522 1583
1522 1584
1523 1584
1523 1585
1524 1525
1524 1585
1524 1586
1524 1587
1525 1526
1525 1586
1525 1587
1526 1587
1526 1588
1527 1528
1527 1588
1527 1589
1528 1589
1528 1590
1529 1530
1529 1590
1529 1591
1530 1531
1530 1591
1530 1592
1531 1532
1531 1592
1531 1593
1532 1533
1532 1592
1532 1593
1532 1594
1533 1534
1533 1593
1533 1594
1533 1595
1534 1535
1534 1594
1534 1595
1534 1596
1535 1536
1535 1595
1535 1596
1535 1597
1536 1537
1536 1596
1536 1597
1536 1598
1537 1538
1537 1597
1537 1598
1537 1599
1538 1539
1538 1598
1538 1599
1538 1600
1539 1599
1539 1600
1540 1541
1540 1601
1540 1602
1541 1542
1541 1601
1541 1602
1541 1603
1542 1543
1542 1602
1542 1603
1542 1604
1543 1544
1543 1603
1543 1604
1543 1605
1544 1604
1544 1605
1544 1606
1545 1546
1545 1606
1545 1607
1546 1547
1546 1607
1547 1607
1548 1549
1548 1608
1548 1609
1549 1550
1549 1608
1549 1609
1549 1610
1550 1551
1550 1609
1550 1610
1551 1552
1551 1610
1551 1611
1552 1611
1552 1612
1553 1554
1553 1612
1553 1613
1554 1555
1554 1613
1554 1614
1555 1556
1555 1613
1555 1614
1555 1615
1556 1557
1556 1614
1556 1615
1556 1616
1557 1615
1557 1616
1557 1617
1558 1559
1558 1617
1558 1618
1558 1619
1559 1560
1559 1618
1559 1619
1560 1561
1560 1619
1560 1620
1561 1562
1561 1620
1561 1621
1562 1563
1562 1620
1562 1621
1563 1621
1563 1622
1564 1565
1564 1622
1564 1623
1564 1624
1565 1566
1565 1623
1565 1624
1565 1625
1566 1624
1566 1625
1566 1626
1567 1568
1567 1626
1567 1627
1567 1628
1568 1569
1568 1627
1568 1628
1568 1629
1569 1570
1569 1628
1569 1629
1569 1630
1570 1571
1570 1629
1570 1630
1570 1631
1571 1572
1571 1630
1571 1631
1571 1632
1572 1631
1572 1632
1572 1633
1573 1574
1573 1633
1573 1634
1574 1575
1574 1634
1574 1635
1575 1635
1576 1636
1576 1637
1577 1637
1578 1579
1578 1638
1578 1639
1579 1638
1579 1639
1579 1640
1580 1581
1580 1643
1580 1644
1581 1644
1581 1645
1582 1583
1582 1645
1583 1584
1583 1646
1584 1646
1585 1586
1585 1647
1585 1648
1586 1587
1586 1647
1586 1648
1586 1649
1587 1648
1587 1649
1587 1650
1588 1650
1588 1651
1588 1652
1589 1590
1589 1652
1589 1653
1589 1654
1590 1591
1590 1653
1590 1654
1590 1655
1591 1654
1591 1655
1591 1656
1592 1593
1592 1656
1592 1657
1593 1594
1593 1657
1593 1658
1594 1595
1594 1657
1594 1658
1594 1659
1595 1596
1595 1658
1595 1659
1595 1660
1596 1597
1596 1659
1596 1660
1596 1661
1597 1598
1597 1660
1597 1661
1597 1662
1598 1599
1598 1661
1598 1662
1598 1663
1599 1600
1599 1662
1599 1663
1599 1664
1600 1663
1600 1664
1601 1602
1601 1665
1601 1666
1602 1603
1602 1665
1602 1666
1602 1667
1603 1604
1603 1666
1603 1667
1603 1668
1604 1605
1604 1667
1604 1668
1604 1669
1605 1606
1605 1668
1605 1669
1606 1669
1606 1670
1607 1670
1607 1671
1608 1609
1608 1672
1608 1673
1608 1674
1609 1610
1609 1673
1609 1674
1609 1675
1610 1674
1610 1675
1611 1612
1611 1676
1611 1677
1612 1676
1612 1677
1612 1678
1613 1614
1613 1678
1613 1679
1613 1680
1614 1615
1614 1679
1614 1680
1614 1681
1615 1616
1615 1680
1615 1681
1615 1682
1616 1617
1616 1681
1616 1682
1616 1683
1617 1618
1617 1682
1617 1683
1617 1684
1618 1619
1618 1683
1618 1684
1618 1685
1619 1684
1619 1685
1619 1686
1620 1621
1620 1686
1620 1687
1620 1688
1621 1687
1621 1688
1621 1689
1622 1623
1622 1689
1622 1690
1622 1691
1623 1624
1623 1690
1623 1691
1623 1692
1624 1625
1624 1691
1624 1692
1624 1693
1625 1626
1625 1692
1625 1693
1625 1694
1626 1627
1626 1693
1626 1694
1627 1628
1627 1694
1627 1695
1628 1629
1628 1695
1628 1696
1629 1630
1629 1695
1629 1696
1629 1697
1630 1631
1630 1696
1630 1697
1630 1698
1631 1632
1631 1697
1631 1698
1632 1633
1632 1698
1632 1699
1633 1634
1633 1699
1633 1700
1634 1699
1634 1700
1634 1701
1635 1701
1635 1702
1635 1703
1636 1637
1636 1703
1636 1704
1636 1705
1637 1704
1637 1705
1638 1639
1638 1706
1638 1707
1638 1708
1639 1640
1639 1707
1639 1708
1639 1709
1640 1641
1640 1708
1640 1709
1640 1710
1641 1642
1641 1709
1641 1710
1641 1711
1642 1643
1642 1710
1642 1711
1642 1712
1643 1711
1643 1712
1643 1713
1644 1645
1644 1713
1644 1714
1644 1715
1645 1714
1645 1715
1645 1716
1646 1717
1646 1718
1646 1719
1647 1648
1647 1719
1647 1720
1647 1721
1648 1649
1648 1720
1648 1721
1649 1650
1649 1721
1649 1722
1650 1651
1650 1722
1650 1723
1651 1652
1651 1722
1651 1723
1651 1724
1652 1653
1652 1723
1652 1724
1652 1725
1653 1654
1653 1724
1653 1725
1653 1726
1654 1655
1654 1725
1654 1726
1654 1727
1655 1656
1655 1726
1655 1727
1655 1728
1656 1727
1656 1728
1656 1729
1657 1658
1657 1729
1657 1730
1657 1731
1658 1659
1658 1730
1658 1731
1659 1660
1659 1731
1660 1661
1660 1732
1661 1662
1661 1732
1662 1663
1662 1732
1662 1733
1663 1664
1663 1733
1663 1734
1664 1733
1664 1734
1665 1666
1665 1735
1665 1736
1666 1667
1666 1735
1666 1736
1666 1737
1667 1668
1667 1736
1667 1737
1668 1669
1668 1737
1668 1738
1669 1738
1670 1671
1670 1739
1670 1740
1671 1739
1671 1740
1671 1741
1672 1673
1672 1741
1672 1742
1673 1674
1673 1742
1673 1743
1674 1675
1674 1742
1674 1743
1674 1744
1675 1743
1675 1744
1676 1677
1676 1745
1676 1746
1677 1678
1677 1745
1677 1746
1678 1679
1678 1746
1678 1747
1679 1680
1679 1747
1679 1748
1680 1681
1680 1747
1680 1748
1681 1682
1681 1748
1681 1749
1682 1683
1682 1749
1682 1750
1683 1684
1683 1749
1683 1750
1684 1685
1684 1750
1684 1751
1685 1686
1685 1751
1685 1752
1686 1687
1686 1751
1686 1752
1686 1753
1687 1688
1687 1752
1687 1753
1687 1754
1688 1689
1688 1753
1688 1754
1688 1755
1689 1690
1689 1754
1689 1755
1689 1756
1690 1691
1690 1755
1690 1756
1690 1757
1691 1692
1691 1756
1691 1757
1691 1758
1692 1693
1692 1757
1692 1758
1692 1759
1693 1694
1693 1758
1693 1759
1694 1759
1694 1760
1695 1696
1695 1760
1695 1761
1695 1762
1696 1697
1696 1761
1696 1762
1696 1763
1697 1698
1697 1762
1697 1763
1697 1764
1698 1763
1698 1764
1698 1765
1699 1700
1699 1765
1699 1766
1699 1767
1700 1701
1700 1766
1700 1767
1700 1768
1701 1702
1701 1767
1701 1768
1701 1769
1702 1703
1702 1768
1702 1769
1702 1770
1703 1704
1703 1769
1703 1770
1704 1705
1704 1770
1704 1771
1705 1771
1705 1772
1706 1707
1706 1772
1706 1773
1706 1774
1707 1708
1707 1773
1707 1774
1707 1775
1708 1709
1708 1774
1708 1775
1708 1776
1709 1710
1709 1775
1709 1776
1709 1777
1710 1711
1710 1776
1710 1777
1711 1712
1711 1777
1711 1778
1712 1713
1712 1778
1713 1714
1713 1778
1713 1779
1714 1715
1714 1779
1714 1780
1715 1716
1715 1779
1715 1780
1716 1717
1716 1780
1716 1781
1717 1718
1717 1781
1717 1782
1718 1719
1718 1781
1718 1782
1718 1783
1719 1720
1719 1782
1719 1783
1719 1784
1720 1721
1720 1783
1720 1784
1720 1785
1721 1784
1721 1785
1721 1786
1722 1723
1722 1786
1722 1787
1722 1788
1723 1724
1723 1787
1723 1788
1724 1725
1724 1788
1724 1789
1725 1726
1725 1789
1725 1790
1726 1727
1726 1789
1726 1790
1726 1791
1727 1728
1727 1790
1727 1791
1727 1792
1728 1729
1728 1791
1728 1792
1728 1793
1729 1730
1729 1792
1729 1793
1730 1731
1730 1793
1731 1794
1732 1795
1732 1796
1732 1797
1733 1734
1733 1797
1735 1736
1735 1798
1735 1799
1736 1737
1736 1798
1736 1799
1736 1800
1737 1799
1737 1800
1737 1801
1738 1801
1738 1802
1738 1803
1739 1740
1739 1803
1739 1804
1739 1805
1740 1741
1740 1804
1740 1805
1740 1806
1741 1805
1741 1806
1741 1807
1742 1743
1742 1807
1742 1808
1742 1809
1743 1744
1743 1808
1743 1809
1743 1810
1744 1809
1744 1810
1744 1811
1745 1746
1745 1811
1745 1812
1745 1813
1746 1812
1746 1813
1746 1814
1747 1748
1747 1814
1747 1815
1747 1816
1748 1815
1748 1816
1748 1817
1749 1750
1749 1817
1749 1818
1749 1819
1750 1818
1750 1819
1750 1820
1751 1752
1751 1820
1751 1821
1751 1822
1752 1753
1752 1821
1752 1822
1752 1823
1753 1754
1753 1822
1753 1823
1753 1824
1754 1755
1754 1823
1754 1824
1755 1756
1755 1824
1755 1825
1756 1757
1756 1825
1756 1826
1757 1758
1757 1825
1757 1826
1757 1827
1758 1759
1758 1826
1758 1827
1758 1828
1759 1827
1759 1828
1759 1829
1760 1761
1760 1829
1760 1830
1760 1831
1761 1762
1761 1830
1761 1831
1762 1763
1762 1831
1762 1832
1763 1764
1763 1832
1763 1833
1764 1765
1764 1832
1764 1833
1764 1834
1765 1766
1765 1833
1765 1834
1766 1767
1766 1834
1766 1835
1767 1768
1767 1835
1767 1836
1768 1769
1768 1835
1768 1836
1769 1770
1769 1836
1770 1837
1771 1772
1771 1837
1771 1838
1771 1839
1772 1773
1772 1838
1772 1839
1772 1840
1773 1774
1773 1839
1773 1840
1773 1841
1774 1775
1774 1840
1774 1841
1774 1842
1775 1776
1775 1841
1775 1842
1775 1843
1776 1777
1776 1842
1776 1843
1776 1844
1777 1843
1777 1844
1777 1845
1778 1845
1778 1846
1778 1847
1779 1780
1779 1847
1779 1848
1779 1849
1780 1848
1780 1849
1780 1850
1781 1782
1781 1850
1781 1851
1781 1852
1782 1783
1782 1851
1782 1852
1782 1853
1783 1784
1783 1852
1783 1853
1783 1854
1784 1785
1784 1853
1784 1854
1784 1855
1785 1786
1785 1854
1785 1855
1785 1856
1786 1787
1786 1855
1786 1856
1786 1857
1787 1788
1787 1856
1787 1857
1787 1858
1788 1857
1788 1858
1788 1859
1789 1790
1789 1859
1789 1860
1789 1861
1790 1791
1790 1860
1790 1861
1790 1862
1791 1792
1791 1861
1791 1862
1791 1863
1792 1793
1792 1862
1792 1863
1792 1864
1793 1863
1793 1864
1793 1865
1794 1795
1794 1866
1794 1867
1794 1868
1795 1796
1795 1867
1795 1868
1796 1797
1796 1868
1796 1869
1797 1869
1797 1870
1798 1799
1798 1872
1799 1800
1799 1872
1799 1873
1800 1801
1800 1873
1800 1874
1801 1802
1801 1873
1801 1874
1801 1875
1802 1803
1802 1874
1802 1875
1802 1876
1803 1804
1803 1875
1803 1876
1803 1877
1804 1805
1804 1876
1804 1877
1804 1878
1805 1806
1805 1877
1805 1878
1806 1807
1806 1878
1807 1808
1807 1879
1808 1809
1808 1879
1808 1880
1809 1810
1809 1879
1809 1880
1810 1811
1810 1880
1810 1881
1811 1812
1811 1881
1811 1882
1812 1813
1812 1881
1812 1882
1812 1883
1813 1814
1813 1882
1813 1883
1814 1815
1814 1883
1815 1816
1816 1817
1817 1818
1818 1819
1819 1820
1819 1884
1820 1821
1820 1884
1820 1885
1821 1822
1821 1884
1821 1885
1821 1886
1822 1823
1822 1885
1822 1886
1822 1887
1823 1824
1823 1886
1823 1887
1824 1887
1824 1888
1825 1826
1825 1888
1825 1889
1825 1890
1826 1827
1826 1889
1826 1890
1826 1891
1827 1828
1827 1890
1827 1891
1827 1892
1828 1829
1828 1891
1828 1892
1829 1830
1829 1892
1829 1893
1830 1831
1830 1893
1830 1894
1831 1893
1831 1894
1832 1833
1832 1895
1832 1896
1833 1834
1833 1895
1833 1896
1833 1897
1834 1896
1834 1897
1834 1898
1835 1836
1835 1898
1835 1899
1835 1900
1836 1899
1836 1900
1836 1901
1837 1838
1838 1839
1838 1902
1839 1840
1839 1902
1839 1903
1840 1841
1840 1902
1840 1903
1840 1904
1841 1842
1841 1903
1841 1904
1842 1843
1842 1904
1842 1905
1843 1844
1843 1905
1844 1845
1844 1905
1844 1906
1845 1846
1845 1906
1845 1907
1846 1847
1846 1906
1846 1907
1846 1908
1847 1848
1847 1907
1847 1908
1847 1909
1848 1849
1848 1908
1848 1909
1849 1850
1849 1909
1849 1910
1850 1851
1850 1910
1850 1911
1851 1852
1851 1910
1851 1911
1852 1853
1852 1911
1852 1912
1853 1854
1853 1912
1853 1913
1854 1855
1854 1912
1854 1913
1854 1914
1855 1856
1855 1913
1855 1914
1855 1915
1856 1857
1856 1914
1856 1915
1856 1916
1857 1858
1857 1915
1857 1916
1857 1917
1858 1859
1858 1916
1858 1917
1858 1918
1859 1860
1859 1917
1859 1918
1859 1919
1860 1861
1860 1918
1860 1919
1861 1862
1861 1919
1861 1920
1862 1863
1862 1920
1862 1921
1863 1864
1863 1920
1863 1921
1863 1922
1864 1865
1864 1921
1864 1922
1864 1923
1865 1866
1865 1922
1865 1923
1865 1924
1866 1867
1866 1923
1866 1924
1866 1925
1867 1868
1867 1924
1867 1925
1867 1926
1868 1925
1868 1926
1868 1927
1869 1870
1869 1927
1869 1928
1870 1871
1870 1928
1871 1928
1872 1929
1872 1930
1873 1874
1873 1930
1873 1931
1874 1875
1874 1931
1874 1932
1875 1876
1875 1931
1875 1932
1875 1933
1876 1877
1876 1932
1876 1933
1876 1934
1877 1878
1877 1933
1877 1934
1877 1935
1878 1934
1878 1935
1878 1936
1879 1880
1879 1937
1879 1938
1879 1939
1880 1938
1880 1939
1880 1940
1881 1882
1881 1940
1881 1941
1882 1883
1882 1941
1882 1942
1883 1941
1883 1942
1883 1943
1884 1885
1884 1948
1884 1949
1884 1950
1885 1886
1885 1949
1885 1950
1885 1951
1886 1887
1886 1950
1886 1951
1886 1952
1887 1951
1887 1952
1887 1953
1888 1889
1888 1953
1888 1954
1889 1890
1889 1954
1890 1891
1890 1954
1890 1955
1891 1892
1891 1955
1891 1956
1892 1955
1892 1956
1892 1957
1893 1894
1893 1957
1893 1958
1893 1959
1894 1958
1894 1959
1894 1960
1895 1896
1895 1960
1896 1897
1896 1961
1897 1898
1897 1961
1897 1962
1898 1899
1898 1961
1898 1962
1898 1963
1899 1900
1899 1962
1899 1963
1899 1964
1900 1901
1900 1963
1900 1964
1900 1965
1901 1964
1901 1965
1901 1966
1902 1903
1902 1968
1902 1969
1903 1904
1903 1968
1903 1969
1903 1970
1904 1969
1904 1970
1904 1971
1905 1971
1905 1972
1906 1907
1906 1972
1906 1973
1906 1974
1907 1908
1907 1973
1907 1974
1907 1975
1908 1909
1908 1974
1908 1975
1908 1976
1909 1975
1909 1976
1909 1977
1910 1911
1910 1977
1910 1978
1910 1979
1911 1978
1911 1979
1911 1980
1912 1913
1912 1980
1912 1981
1912 1982
1913 1914
1913 1981
1913 1982
1914 1915
1914 1982
1914 1983
1915 1916
1915 1983
1916 1917
1916 1983
1916 1984
1917 1918
1917 1984
1917 1985
1918 1919
1918 1984
1918 1985
1918 1986
1919 1985
1919 1986
1920 1921
1920 1987
1920 1988
1921 1922
1921 1987
1921 1988
1921 1989
1922 1923
1922 1988
1922 1989
1922 1990
1923 1924
1923 1989
1923 1990
1923 1991
1924 1925
1924 1990
1924 1991
1924 1992
1925 1926
1925 1991
1925 1992
1925 1993
1926 1927
1926 1992
1926 1993
1926 1994
1927 1993
1927 1994
1927 1995
1928 1995
1928 1996
1928 1997
1929 1930
1929 1998
1929 1999
1930 1998
1930 1999
1930 2000
1931 1932
1931 2000
1931 2001
1932 1933
1932 2001
1932 2002
1933 1934
1933 2002
1934 1935
1934 2002
1934 2003
1935 1936
1935 2003
1935 2004
1936 1937
1936 2003
1936 2004
1936 2005
1937 1938
1937 2004
1937 2005
1937 2006
1938 1939
1938 2005
1938 2006
1938 2007
1939 1940
1939 2006
1939 2007
1939 2008
1940 2007
1940 2008
1940 2009
1941 1942
1941 2009
1941 2010
1942 1943
1942 2010
1943 1944
1943 2011
1944 1945
1944 2011
1944 2012
1945 1946
1945 2011
1945 2012
1946 1947
1946 2012
1947 1948
1948 1949
1948 2013
1949 1950
1949 2013
1949 2014
1950 1951
1950 2013
1950 2014
1950 2015
1951 1952
1951 2014
1951 2015
1951 2016
1952 1953
1952 2015
1952 2016
1952 2017
1953 2016
1953 2017
1953 2018
1954 2018
1954 2019
1954 2020
1955 1956
1955 2020
1955 2021
1955 2022
1956 1957
1956 2021
1956 2022
1956 2023
1957 1958
1957 2022
1957 2023
1957 2024
1958 1959
1958 2023
1958 2024
1958 2025
1959 1960
1959 2024
1959 2025
1959 2026
1960 2025
1960 2026
1960 2027
1961 1962
1961 2028
1961 2029
1962 1963
1962 2029
1962 2030
1963 1964
1963 2029
1963 2030
1963 2031
1964 1965
1964 2030
1964 2031
1964 2032
1965 1966
1965 2031
1965 2032
1965 2033
1966 1967
1966 2032
1966 2033
1966 2034
1967 2033
1967 2034
1968 1969
1969 1970
1969 2035
1970 1971
1970 2035
1970 2036
1971 2035
1971 2036
1972 1973
1972 2037
1972 2038
1973 1974
1973 2037
1973 2038
1973 2039
1974 1975
1974 2038
1974 2039
1974 2040
1975 1976
1975 2039
1975 2040
1975 2041
1976 1977
1976 2040
1976 2041
1976 2042
1977 1978
1977 2041
1977 2042
1978 1979
1978 2042
1978 2043
1979 1980
1979 2043
1979 2044
1980 1981
1980 2043
1980 2044
1980 2045
1981 1982
1981 2044
1981 2045
1981 2046
1982 2045
1982 2046
1982 2047
1983 2047
1983 2048
1983 2049
1984 1985
1984 2049
1984 2050
1984 2051
1985 1986
1985 2050
1985 2051
1986 2051
1986 2052
1987 1988
1987 2052
1987 2053
1987 2054
1988 1989
1988 2053
1988 2054
1989 1990
1989 2054
1989 2055
1990 1991
1990 2055
1990 2056
1991 1992
1991 2055
1991 2056
1991 2057
1992 1993
1992 2056
1992 2057
1992 2058
1993 1994
1993 2057
1993 2058
1993 2059
1994 1995
1994 2058
1994 2059
1994 2060
1995 1996
1995 2059
1995 2060
1995 2061
1996 1997
1996 2060
1996 2061
1996 2062
1997 2061
1997 2062
1998 1999
1998 2063
1998 2064
1999 2000
1999 2063
1999 2064
1999 2065
2000 2001
2000 2064
2000 2065
2000 2066
2001 2065
2001 2066
2001 2067
2002 2067
2002 2068
2003 2004
2003 2069
2003 2070
2004 2005
2004 2069
2004 2070
2005 2006
2005 2070
2005 2071
2006 2007
2006 2071
2006 2072
2007 2008
2007 2071
2007 2072
2007 2073
2008 2009
2008 2072
2008 2073
2008 2074
2009 2010
2009 2073
2009 2074
2009 2075
2010 2074
2010 2075
2010 2076
2011 2012
2011 2077
2011 2078
2011 2079
2012 2078
2012 2079
2012 2080
2013 2014
2013 2082
2014 2015
2014 2083
2015 2016
2015 2083
2015 2084
2016 2017
2016 2083
2016 2084
2016 2085
2017 2018
2017 2084
2017 2085
2017 2086
2018 2019
2018 2085
2018 2086
2018 2087
2019 2020
2019 2086
2019 2087
2019 2088
2020 2021
2020 2087
2020 2088
2020 2089
2021 2022
2021 2088
2021 2089
2021 2090
2022 2023
2022 2089
2022 2090
2022 2091
2023 2024
2023 2090
2023 2091
2023 2092
2024 2025
2024 2091
2024 2092
2024 2093
2025 2026
2025 2092
2025 2093
2025 2094
2026 2027
2026 2093
2026 2094
2026 2095
2027 2028
2027 2094
2027 2095
2028 2095
2029 2030
2029 2096
2029 2097
2030 2031
2030 2096
2030 2097
2030 2098
2031 2032
2031 2097
2031 2098
2031 2099
2032 2033
2032 2098
2032 2099
2032 2100
2033 2034
2033 2099
2033 2100
2033 2101
2034 2100
2034 2101
2034 2102
2035 2036
2035 2103
2035 2104
2035 2105
2036 2104
2036 2105
2036 2106
2037 2038
2037 2106
2037 2107
2037 2108
2038 2039
2038 2107
2038 2108
2038 2109
2039 2040
2039 2108
2039 2109
2039 2110
2040 2041
2040 2109
2040 2110
2041 2042
2041 2110
2041 2111
2042 2111
2043 2044
2043 2112
2044 2045
2044 2112
2045 2046
2045 2112
2045 2113
2046 2047
2046 2113
2046 2114
2047 2048
2047 2113
2047 2114
2047 2115
2048 2049
2048 2114
2048 2115
2048 2116
2049 2050
2049 2115
2049 2116
2050 2051
2050 2116
2050 2117
2051 2117
2052 2053
2052 2118
2053 2054
2053 2118
2053 2119
2054 2119
2054 2120
2055 2056
2055 2120
2055 2121
2055 2122
2056 2057
2056 2121
2056 2122
2056 2123
2057 2058
2057 2122
2057 2123
2057 2124
2058 2059
2058 2123
2058 2124
2059 2060
2059 2124
2059 2125
2060 2061
2060 2125
2060 2126
2061 2062
2061 2125
2061 2126
2061 2127
2062 2126
2062 2127
2063 2064
2063 2128
2063 2129
2064 2065
2064 2128
2064 2129
2064 2130
2065 2066
2065 2129
2065 2130
2065 2131
2066 2067
2066 2130
2066 2131
2066 2132
2067 2068
2067 2131
2067 2132
2067 2133
2068 2132
2068 2133
2068 2134
2069 2070
2069 2134
2069 2135
2069 2136
2070 2135
2070 2136
2070 2137
2071 2072
2071 2137
2071 2138
2071 2139
2072 2073
2072 2138
2072 2139
2072 2140
2073 2074
2073 2139
2073 2140
2073 2141
2074 2075
2074 2140
2074 2141
2074 2142
2075 2076
2075 2141
2075 2142
2075 2143
2076 2077
2076 2142
2076 2143
2077 2078
2077 2143
2077 2144
2078 2079
2078 2144
2078 2145
2079 2080
2079 2144
2079 2145
2079 2146
2080 2081
2080 2145
2080 2146
2081 2082
2081 2146
2081 2147
2082 2147
2082 2148
2083 2084
2083 2149
2083 2150
2084 2085
2084 2150
2084 2151
2085 2086
2085 2150
2085 2151
2085 2152
2086 2087
2086 2151
2086 2152
2086 2153
2087 2088
2087 2152
2087 2153
2088 2089
2088 2153
2088 2154
2089 2090
2089 2154
2089 2155
2090 2091
2090 2154
2090 2155
2091 2092
2091 2155
2092 2093
2092 2156
2093 2094
2093 2156
2093 2157
2094 2095
2094 2156
2094 2157
2094 2158
2095 2157
2095 2158
2095 2159
2096 2097
2096 2160
2096 2161
2096 2162
2097 2098
2097 2161
2097 2162
2098 2099
2098 2162
2098 2163
2099 2100
2099 2163
2100 2101
2100 2163
2100 2164
2101 2102
2101 2164
2101 2165
2102 2164
2102 2165
2102 2166
2103 2104
2103 2166
2103 2167
2103 2168
2104 2105
2104 2167
2104 2168
2104 2169
2105 2106
2105 2168
2105 2169
2105 2170
2106 2107
2106 2169
2106 2170
2106 2171
2107 2108
2107 2170
2107 2171
2107 2172
2108 2109
2108 2171
2108 2172
2108 2173
2109 2110
2109 2172
2109 2173
2109 2174
2110 2173
2110 2174
2110 2175
2111 2175
2111 2176
2112 2177
2112 2178
2112 2179
2113 2114
2113 2179
2113 2180
2114 2115
2114 2180
2114 2181
2115 2116
2115 2180
2115 2181
2116 2181
2116 2182
2117 2182
2117 2183
2117 2184
2118 2184
2118 2185
2119 2120
2119 2185
2119 2186
2120 2121
2120 2186
2120 2187
2121 2122
2121 2187
2121 2188
2122 2123
2122 2187
2122 2188
2122 2189
2123 2124
2123 2188
2123 2189
2123 2190
2124 2189
2124 2190
2124 2191
2125 2126
2125 2191
2125 2192
2126 2127
2126 2192
2126 2193
2127 2193
2128 2129
2128 2194
2128 2195
2129 2130
2129 2194
2129 2195
2129 2196
2130 2131
2130 2195
2130 2196
2130 2197
2131 2132
2131 2196
2131 2197
2131 2198
2132 2133
2132 2197
2132 2198
2132 2199
2133 2134
2133 2198
2133 2199
2133 2200
2134 2135
2134 2199
2134 2200
2135 2136
2135 2200
2135 2201
2136 2137
2136 2201
2136 2202
2137 2138
2137 2201
2137 2202
2138 2139
2138 2202
2138 2203
2139 2140
2139 2203
2140 2141
2140 2203
2140 2204
2141 2142
2141 2204
2141 2205
2142 2143
2142 2204
2142 2205
2142 2206
2143 2205
2143 2206
2143 2207
2144 2145
2144 2207
2144 2208
2144 2209
2145 2146
2145 2208
2145 2209
2145 2210
2146 2209
2146 2210
2146 2211
2147 2148
2147 2211
2147 2212
2147 2213
2148 2149
2148 2212
2148 2213
2148 2214
2149 2213
2149 2214
2149 2215
2150 2151
2150 2215
2150 2216
2150 2217
2151 2152
2151 2216
2151 2217
2151 2218
2152 2153
2152 2217
2152 2218
2152 2219
2153 2218
2153 2219
2153 2220
2154 2155
2154 2220
2154 2221
2154 2222
2155 2221
2155 2222
2155 2223
2156 2157
2156 2224
2156 2225
2156 2226
2157 2158
2157 2225
2157 2226
2157 2227
2158 2159
2158 2226
2158 2227
2158 2228
2159 2160
2159 2227
2159 2228
2159 2229
2160 2161
2160 2228
2160 2229
2160 2230
2161 2162
2161 2229
2161 2230
2162 2230
2162 2231
2163 2231
2163 2232
2164 2165
2164 2233
2165 2166
2165 2233
2165 2234
2166 2167
2166 2233
2166 2234
2166 2235
2167 2168
2167 2234
2167 2235
2167 2236
2168 2169
2168 2235
2168 2236
2168 2237
2169 2170
2169 2236
2169 2237
2170 2171
2170 2237
2170 2238
2171 2172
2171 2238
2171 2239
2172 2173
2172 2238
2172 2239
2172 2240
2173 2174
2173 2239
2173 2240
2173 2241
2174 2175
2174 2240
2174 2241
2174 2242
2175 2241
2175 2242
2175 2243
2176 2177
2176 2243
2176 2244
2177 2178
2177 2244
2177 2245
2178 2179
2178 2245
2178 2246
2179 2245
2179 2246
2179 2247
2180 2181
2180 2247
2180 2248
2181 2248
2181 2249
2182 2183
2182 2249
2182 2250
2182 2251
2183 2184
2183 2250
2183 2251
2183 2252
2184 2251
2184 2252
2184 2253
2185 2186
2185 2253
2185 2254
2185 2255
2186 2254
2186 2255
2186 2256
2187 2188
2187 2256
2187 2257
2187 2258
2188 2189
2188 2257
2188 2258
2188 2259
2189 2190
2189 2258
2189 2259
2190 2191
2190 2259
2190 2260
2191 2192
2191 2260
2191 2261
2192 2260
2192 2261
2192 2262
2193 2262
2193 2263
2194 2195
2194 2264
2194 2265
2195 2196
2195 2264
2195 2265
2195 2266
2196 2197
2196 2265
2196 2266
2196 2267
2197 2198
2197 2266
2197 2267
2197 2268
2198 2199
2198 2267
2198 2268
2198 2269
2199 2200
2199 2268
2199 2269
2199 2270
2200 2269
2200 2270
2200 2271
2201 2202
2201 2271
2201 2272
2201 2273
2202 2272
2202 2273
2202 2274
2203 2274
2203 2275
2203 2276
2204 2205
2204 2276
2204 2277
2205 2206
2205 2277
2206 2207
2206 2277
2206 2278
2207 2208
2207 2278
2207 2279
2208 2209
2208 2278
2208 2279
2209 2210
2209 2279
2209 2280
2210 2211
2210 2280
2211 2212
2211 2280
2211 2281
2212 2213
2212 2281
2212 2282
2213 2214
2213 2281
2213 2282
2213 2283
2214 2215
2214 2282
2214 2283
2214 2284
2215 2216
2215 2283
2215 2284
2216 2217
2216 2284
2217 2218
2217 2285
2218 2219
2218 2285
2218 2286
2219 2220
2219 2285
2219 2286
2219 2287
2220 2221
2220 2286
2220 2287
2221 2222
2221 2287
2221 2288
2222 2223
2222 2288
2222 2289
2223 2224
2223 2288
2223 2289
2223 2290
2224 2225
2224 2289
2224 2290
2225 2226
2225 2290
2226 2227
2226 2291
2227 2228
2227 2291
2227 2292
2228 2229
2228 2291
2228 2292
2228 2293
2229 2230
2229 2292
2229 2293
2229 2294
2230 2293
2230 2294
2230 2295
2231 2232
2231 2295
2231 2296
2232 2296
2232 2297
2233 2234
2233 2298
2233 2299
2233 2300
2234 2235
2234 2299
2234 2300
2235 2236
2235 2300
2235 2301
2236 2237
2236 2301
2236 2302
2237 2301
2237 2302
2238 2239
2238 2303
2238 2304
2239 2240
2239 2303
2239 2304
2239 2305
2240 2241
2240 2304
2240 2305
2240 2306
2241 2242
2241 2305
2241 2306
2241 2307
2242 2243
2242 2306
2242 2307
2242 2308
2243 2244
2243 2307
2243 2308
2243 2309
2244 2308
2244 2309
2245 2246
2245 2310
2246 2247
2246 2310
2246 2311
2247 2310
2247 2311
2247 2312
2248 2249
2248 2312
2248 2313
2248 2314
2249 2250
2249 2313
2249 2314
2249 2315
2250 2251
2250 2314
2250 2315
2250 2316
2251 2252
2251 2315
2251 2316
2251 2317
2252 2253
2252 2316
2252 2317
2252 2318
2253 2254
2253 2317
2253 2318
2253 2319
2254 2255
2254 2318
2254 2319
2254 2320
2255 2256
2255 2319
2255 2320
2255 2321
2256 2257
2256 2320
2256 2321
2256 2322
2257 2258
2257 2321
2257 2322
2257 2323
2258 2259
2258 2322
2258 2323
2258 2324
2259 2323
2259 2324
2259 2325
2260 2261
2260 2325
2260 2326
2260 2327
2261 2262
2261 2326
2261 2327
2261 2328
2262 2263
2262 2327
2262 2328
2262 2329
2263 2328
2263 2329
2264 2265
2264 2330
2265 2266
2265 2330
2265 2331
2266 2267
2266 2330
2266 2331
2266 2332
2267 2268
2267 2331
2267 2332
2267 2333
2268 2269
2268 2332
2268 2333
2268 2334
2269 2270
2269 2333
2269 2334
2269 2335
2270 2271
2270 2334
2270 2335
2270 2336
2271 2272
2271 2335
2271 2336
2272 2273
2272 2336
2272 2337
2273 2274
2273 2337
2274 2275
2274 2337
2275 2276
2275 2338
2276 2338
2277 2339
2277 2340
2278 2279
2278 2340
2278 2341
2279 2341
2280 2342
2280 2343
2281 2282
2281 2343
2281 2344
2282 2283
2282 2344
2282 2345
2283 2284
2283 2345
2283 2346
2284 2345
2284 2346
2285 2286
2285 2347
2285 2348
2285 2349
2286 2287
2286 2348
2286 2349
2286 2350
2287 2349
2287 2350
2287 2351
2288 2289
2288 2351
2288 2352
2289 2290
2289 2352
2289 2353
2290 2352
2290 2353
2290 2354
2291 2292
2291 2355
2291 2356
2292 2293
2292 2356
2293 2294
2293 2356
2293 2357
2294 2295
2294 2357
2295 2357
2295 2358
2296 2297
2296 2358
2296 2359
2296 2360
2297 2298
2297 2359
2297 2360
2297 2361
2298 2299
2298 2360
2298 2361
2298 2362
2299 2300
2299 2361
2299 2362
2299 2363
2300 2362
2300 2363
2300 2364
2301 2302
2301 2364
2301 2365
2301 2366
2302 2365
2302 2366
2302 2367
2303 2304
2303 2367
2303 2368
2303 2369
2304 2305
2304 2368
2304 2369
2304 2370
2305 2306
2305 2369
2305 2370
2305 2371
2306 2307
2306 2370
2306 2371
2306 2372
2307 2308
2307 2371
2307 2372
2308 2309
2308 2372
2308 2373
2309 2373
2309 2374
2310 2311
2310 2375
2310 2376
2310 2377
2311 2312
2311 2376
2311 2377
2311 2378
2312 2313
2312 2377
2312 2378
2312 2379
2313 2314
2313 2378
2313 2379
2314 2315
2314 2379
2315 2316
2315 2380
2316 2317
2316 2380
2316 2381
2317 2318
2317 2380
2317 2381
2318 2319
2318 2381
2318 2382
2319 2320
2319 2382
2319 2383
2320 2321
2320 2382
2320 2383
2320 2384
2321 2322
2321 2383
2321 2384
2322 2323
2322 2384
2322 2385
2323 2324
2323 2385
2323 2386
2324 2325
2324 2385
2324 2386
2325 2326
2325 2386
2326 2327
2326 2387
2327 2328
2327 2387
2327 2388
2328 2329
2328 2387
2328 2388
2329 2388
2330 2331
2330 2389
2330 2390
2331 2332
2331 2390
2332 2333
2332 2391
2333 2334
2333 2391
2333 2392
2334 2335
2334 2391
2334 2392
2334 2393
2335 2336
2335 2392
2335 2393
2336 2393
2336 2394
2337 2394
2337 2395
2338 2396
2339 2340
2339 2396
2339 2397
2339 2398
2340 2341
2340 2397
2340 2398
2341 2398
2341 2399
2342 2343
2342 2400
2342 2401
2343 2344
2343 2400
2343 2401
2343 2402
2344 2401
2344 2402
2344 2403
2345 2346
2345 2403
2345 2404
2345 2405
2346 2404
2346 2405
2346 2406
2347 2348
2347 2406
2347 2407
2347 2408
2348 2349
2348 2407
2348 2408
2348 2409
2349 2350
2349 2408
2349 2409
2349 2410
2350 2351
2350 2409
2350 2410
2350 2411
2351 2410
2351 2411
2351 2412
2352 2353
2352 2412
2352 2413
2353 2354
2353 2413
2353 2414
2354 2355
2354 2414
2354 2415
2355 2414
2355 2415
2355 2416
2356 2416
2356 2417
2357 2417
2357 2418
2357 2419
2358 2359
2358 2419
2358 2420
2358 2421
2359 2360
2359 2420
2359 2421
2359 2422
2360 2361
2360 2421
2360 2422
2360 2423
2361 2362
2361 2422
2361 2423
2361 2424
2362 2363
2362 2423
2362 2424
2362 2425
2363 2364
2363 2424
2363 2425
2363 2426
2364 2365
2364 2425
2364 2426
2364 2427
2365 2366
2365 2426
2365 2427
2365 2428
2366 2367
2366 2427
2366 2428
2366 2429
2367 2368
2367 2428
2367 2429
2367 2430
2368 2369
2368 2429
2368 2430
2368 2431
2369 2370
2369 2430
2369 2431
2369 2432
2370 2371
2370 2431
2370 2432
2370 2433
2371 2372
2371 2432
2371 2433
2371 2434
2372 2433
2372 2434
2372 2435
2373 2374
2373 2435
2373 2436
2373 2437
2374 2375
2374 2436
2374 2437
2374 2438
2375 2376
2375 2437
2375 2438
2375 2439
2376 2377
2376 2438
2376 2439
2376 2440
2377 2378
2377 2439
2377 2440
2377 2441
2378 2379
2378 2440
2378 2441
2378 2442
2379 2441
2379 2442
2379 2443
2380 2381
2380 2444
2380 2445
2380 2446
2381 2445
2381 2446
2381 2447
2382 2383
2382 2447
2382 2448
2382 2449
2383 2384
2383 2448
2383 2449
2383 2450
2384 2449
2384 2450
2384 2451
2385 2386
2385 2451
2385 2452
2386 2452
2386 2453
2387 2388
2387 2454
2387 2455
2387 2456
2388 2455
2388 2456
2388 2457
2389 2390
2389 2458
2389 2459
2390 2458
2390 2459
2390 2460
2391 2392
2391 2461
2391 2462
2391 2463
2392 2393
2392 2462
2392 2463
2392 2464
2393 2463
2393 2464
2393 2465
2394 2465
2394 2466
2395 2467
2396 2397
2396 2468
2396 2469
2397 2398
2397 2469
2398 2469
2398 2470
2399 2470
2399 2471
2399 2472
2400 2401
2400 2472
2400 2473
2400 2474
2401 2402
2401 2473
2401 2474
2401 2475
2402 2403
2402 2474
2402 2475
2402 2476
2403 2404
2403 2475
2403 2476
2403 2477
2404 2405
2404 2476
2404 2477
2404 2478
2405 2406
2405 2477
2405 2478
2405 2479
2406 2407
2406 2478
2406 2479
2406 2480
2407 2408
2407 2479
2407 2480
2407 2481
2408 2409
2408 2480
2408 2481
2408 2482
2409 2410
2409 2481
2409 2482
2410 2411
2410 2482
2410 2483
2411 2412
2411 2483
2411 2484
2412 2413
2412 2483
2412 2484
2413 2484
2413 2485
2414 2415
2414 2485
2414 2486
2414 2487
2415 2416
2415 2486
2415 2487
2416 2487
2416 2488
2417 2418
2417 2488
2417 2489
2417 2490
2418 2419
2418 2489
2418 2490
2418 2491
2419 2420
2419 2490
2419 2491
2420 2421
2420 2491
2420 2492
2421 2422
2421 2492
2421 2493
2422 2423
2422 2492
2422 2493
2423 2424
2423 2493
2423 2494
2424 2425
2424 2494
2424 2495
2425 2426
2425 2494
2425 2495
2425 2496
2426 2427
2426 2495
2426 2496
2426 2497
2427 2428
2427 2496
2427 2497
2427 2498
2428 2429
2428 2497
2428 2498
2428 2499
2429 2430
2429 2498
2429 2499
2430 2431
2430 2499
2430 2500
2431 2432
2431 2500
2431 2501
2432 2433
2432 2500
2432 2501
2432 2502
2433 2434
2433 2501
2433 2502
2433 2503
2434 2435
2434 2502
2434 2503
2434 2504
2435 2436
2435 2503
2435 2504
2436 2437
2436 2504
2436 2505
2437 2438
2437 2505
2437 2506
2438 2439
2438 2505
2438 2506
2439 2440
2439 2506
2440 2441
2440 2507
2441 2442
2441 2507
2441 2508
2442 2443
2442 2507
2442 2508
2443 2444
2443 2508
2443 2509
2444 2445
2444 2509
2444 2510
2445 2446
2445 2509
2445 2510
2445 2511
2446 2447
2446 2510
2446 2511
2446 2512
2447 2448
2447 2511
2447 2512
2447 2513
2448 2449
2448 2512
2448 2513
2448 2514
2449 2450
2449 2513
2449 2514
2449 2515
2450 2451
2450 2514
2450 2515
2450 2516
2451 2452
2451 2515
2451 2516
2451 2517
2452 2516
2452 2517
2453 2454
2453 2518
2454 2455
2454 2518
2454 2519
2455 2456
2455 2519
2455 2520
2456 2457
2456 2519
2456 2520
2456 2521
2457 2520
2457 2521
2458 2459
2458 2522
2459 2460
2459 2522
2460 2461
2460 2522
2460 2523
2461 2462
2461 2523
2461 2524
2462 2463
2462 2523
2462 2524
2462 2525
2463 2464
2463 2524
2463 2525
2463 2526
2464 2465
2464 2525
2464 2526
2464 2527
2465 2466
2465 2526
2465 2527
2465 2528
2466 2527
2466 2528
2466 2529
2467 2529
2467 2530
2467 2531
2468 2531
2468 2532
2469 2533
2470 2471
2470 2533
2470 2534
2470 2535
2471 2472
2471 2534
2471 2535
2471 2536
2472 2473
2472 2535
2472 2536
2472 2537
2473 2474
2473 2536
2473 2537
2473 2538
2474 2475
2474 2537
2474 2538
2475 2476
2475 2538
2476 2477
2476 2539
2477 2478
2477 2539
2477 2540
2478 2479
2478 2539
2478 2540
2478 2541
2479 2480
2479 2540
2479 2541
2479 2542
2480 2481
2480 2541
2480 2542
2480 2543
2481 2482
2481 2542
2481 2543
2481 2544
2482 2543
2482 2544
2483 2484
2483 2545
2483 2546
2484 2545
2484 2546
2484 2547
2485 2486
2485 2547
2485 2548
2485 2549
2486 2487
2486 2548
2486 2549
2487 2549
2487 2550
2488 2489
2488 2550
2488 2551
2488 2552
2489 2490
2489 2551
2489 2552
2490 2491
2490 2552
2491 2553
2492 2493
2492 2553
2492 2554
2492 2555
2493 2554
2493 2555
2493 2556
2494 2495
2494 2556
2495 2496
2495 2557
2496 2497
2496 2557
2496 2558
2497 2498
2497 2557
2497 2558
2498 2499
2498 2558
2498 2559
2499 2559
2499 2560
2500 2501
2500 2560
2500 2561
2500 2562
2501 2502
2501 2561
2501 2562
2501 2563
2502 2503
2502 2562
2502 2563
2502 2564
2503 2504
2503 2563
2503 2564
2504 2564
2504 2565
2505 2506
2505 2565
2506 2566
2507 2508
2507 2567
2507 2568
2507 2569
2508 2568
2508 2569
2508 2570
2509 2510
2509 2570
2509 2571
2509 2572
2510 2511
2510 2571
2510 2572
2510 2573
2511 2512
2511 2572
2511 2573
2512 2513
2512 2573
2513 2514
2513 2574
2514 2515
2514 2574
2515 2516
2515 2574
2515 2575
2516 2517
2516 2575
2516 2576
2517 2575
2517 2576
2517 2577
2518 2577
2518 2578
2518 2579
2519 2520
2519 2579
2519 2580
2519 2581
2520 2521
2520 2580
2520 2581
2520 2582
2521 2581
2521 2582
2522 2583
2522 2584
2522 2585
2523 2524
2523 2585
2523 2586
2523 2587
2524 2525
2524 2586
2524 2587
2524 2588
2525 2526
2525 2587
2525 2588
2525 2589
2526 2527
2526 2588
2526 2589
2526 2590
2527 2528
2527 2589
2527 2590
2527 2591
2528 2529
2528 2590
2528 2591
2529 2530
2529 2591
2529 2592
2530 2531
2530 2592
2530 2593
2531 2532
2531 2592
2531 2593
2531 2594
2532 2593
2532 2594
2533 2534
2533 2595
2533 2596
2533 2597
2534 2535
2534 2596
2534 2597
2534 2598
2535 2536
2535 2597
2535 2598
2536 2537
2536 2598
2536 2599
2537 2538
2537 2599
2537 2600
2538 2599
2538 2600
2538 2601
2539 2540
2539 2602
2539 2603
2540 2541
2540 2603
2540 2604
2541 2542
2541 2603
2541 2604
2542 2543
2542 2604
2542 2605
2543 2544
2543 2605
2543 2606
2544 2605
2544 2606
2544 2607
2545 2546
2545 2607
2545 2608
2545 2609
2546 2547
2546 2608
2546 2609
2547 2548
2547 2609
2548 2549
2548 2610
2549 2610
2550 2551
2550 2611
2551 2552
2551 2611
2553 2554
2553 2612
2553 2613
2554 2555
2554 2612
2554 2613
2554 2614
2555 2556
2555 2613
2555 2614
2555 2615
2556 2614
2556 2615
2556 2616
2557 2558
2557 2617
2557 2618
2558 2618
2558 2619
2559 2560
2559 2619
2560 2561
2560 2620
2561 2562
2561 2620
2562 2563
2562 2620
2562 2621
2563 2564
2563 2621
2563 2622
2564 2621
2564 2622
2566 2567
2566 2623
2566 2624
2566 2625
2567 2568
2567 2624
2567 2625
2567 2626
2568 2569
2568 2625
2568 2626
2568 2627
2569 2570
2569 2626
2569 2627
2569 2628
2570 2571
2570 2627
2570 2628
2570 2629
2571 2572
2571 2628
2571 2629
2571 2630
2572 2573
2572 2629
2572 2630
2572 2631
2573 2630
2573 2631
2573 2632
2574 2633
2574 2634
2574 2635
2575 2576
2575 2635
2575 2636
2575 2637
2576 2577
2576 2636
2576 2637
2577 2578
2577 2637
2577 2638
2578 2579
2578 2638
2579 2580
2579 2638
2579 2639
2580 2581
2580 2639
2580 2640
2581 2582
2581 2639
2581 2640
2582 2640
2583 2584
2583 2641
2583 2642
2584 2585
2584 2641
2584 2642
2584 2643
2585 2586
2585 2642
2585 2643
2585 2644
2586 2587
2586 2643
2586 2644
2586 2645
2587 2588
2587 2644
2587 2645
2587 2646
2588 2589
2588 2645
2588 2646
2589 2590
2589 2646
2589 2647
2590 2591
2590 2647
2590 2648
2591 2647
2591 2648
2591 2649
2592 2593
2592 2649
2592 2650
2592 2651
2593 2594
2593 2650
2593 2651
2593 2652
2594 2651
2594 2652
2594 2653
2595 2596
2595 2653
2595 2654
2596 2597
2596 2654
2596 2655
2597 2598
2597 2654
2597 2655
2597 2656
2598 2655
2598 2656
2599 2600
2599 2657
2600 2601
2600 2657
2600 2658
2601 2602
2601 2658
2601 2659
2602 2658
2602 2659
2602 2660
2603 2604
2603 2660
2603 2661
2604 2661
2604 2662
2605 2606
2605 2662
2605 2663
2606 2607
2606 2663
2606 2664
2607 2608
2607 2664
2607 2665
2608 2609
2608 2664
2608 2665
2608 2666
2609 2665
2609 2666
2609 2667
2610 2668
2611 2668
2611 2669
2612 2613
2612 2671
2612 2672
2612 2673
2613 2614
2613 2672
2613 2673
2613 2674
2614 2615
2614 2673
2614 2674
2614 2675
2615 2616
2615 2674
2615 2675
2615 2676
2616 2617
2616 2675
2616 2676
2616 2677
2617 2676
2617 2677
2618 2619
2618 2678
2618 2679
2619 2678
2619 2679
2619 2680
2620 2681
2620 2682
2621 2622
2621 2682
2621 2683
2621 2684
2622 2683
2622 2684
2622 2685
2623 2624
2623 2687
2623 2688
2623 2689
2624 2625
2624 2688
2624 2689
2625 2626
2625 2689
2625 2690
2626 2627
2626 2690
2626 2691
2627 2628
2627 2690
2627 2691
2627 2692
2628 2629
2628 2691
2628 2692
2628 2693
2629 2630
2629 2692
2629 2693
2629 2694
2630 2631
2630 2693
2630 2694
2630 2695
2631 2632
2631 2694
2631 2695
2631 2696
2632 2633
2632 2695
2632 2696
2632 2697
2633 2634
2633 2696
2633 2697
2633 2698
2634 2635
2634 2697
2634 2698
2635 2636
2635 2698
2635 2699
2636 2637
2636 2699
2636 2700
2637 2699
2637 2700
2637 2701
2638 2701
2638 2702
2638 2703
2639 2640
2639 2703
2639 2704
2640 2704
2640 2705
2641 2642
2641 2706
2641 2707
2642 2643
2642 2706
2642 2707
2642 2708
2643 2644
2643 2707
2643 2708
2643 2709
2644 2645
2644 2708
2644 2709
2644 2710
2645 2646
2645 2709
2645 2710
2645 2711
2646 2710
2646 2711
2646 2712
2647 2648
2647 2712
2647 2713
2647 2714
2648 2649
2648 2713
2648 2714
2649 2650
2649 2714
2649 2715
2650 2651
2650 2715
2650 2716
2651 2652
2651 2715
2651 2716
2651 2717
2652 2653
2652 2716
2652 2717
2652 2718
2653 2717
2653 2718
2653 2719
2654 2655
2654 2719
2654 2720
2654 2721
2655 2656
2655 2720
2655 2721
2655 2722
2656 2721
2656 2722
2657 2723
2657 2724
2658 2659
2658 2724
2658 2725
2658 2726
2659 2660
2659 2725
2659 2726
2659 2727
2660 2726
2660 2727
2660 2728
2661 2662
2661 2728
2661 2729
2662 2663
2662 2729
2662 2730
2663 2729
2663 2730
2663 2731
2664 2665
2664 2731
2664 2732
2665 2666
2665 2732
2666 2667
2668 2733
2668 2734
2669 2670
2669 2735
2669 2736
2670 2735
2670 2736
2670 2737
2671 2672
2671 2737
2671 2738
2672 2673
2672 2738
2672 2739
2673 2674
2673 2738
2673 2739
2674 2675
2674 2739
2674 2740
2675 2676
2675 2740
2676 2677
2676 2740
2676 2741
2677 2741
2677 2742
2678 2679
2678 2742
2678 2743
2678 2744
2679 2680
2679 2743
2679 2744
2679 2745
2680 2744
2680 2745
2680 2746
2681 2682
2681 2746
2681 2747
2681 2748
2682 2683
2682 2747
2682 2748
2683 2684
2683 2748
2684 2685
2685 2686
2686 2687
2686 2749
2687 2688
2687 2749
2687 2750
2688 2689
2688 2749
2688 2750
2688 2751
2689 2750
2689 2751
2689 2752
2690 2691
2690 2752
2690 2753
2690 2754
2691 2692
2691 2753
2691 2754
2692 2693
2692 2754
2692 2755
2693 2694
2693 2755
2693 2756
2694 2695
2694 2755
2694 2756
2695 2696
2695 2756
2695 2757
2696 2697
2696 2757
2696 2758
2697 2698
2697 2757
2697 2758
2697 2759
2698 2758
2698 2759
2698 2760
2699 2700
2699 2760
2699 2761
2699 2762
2700 2701
2700 2761
2700 2762
2700 2763
2701 2702
2701 2762
2701 2763
2701 2764
2702 2703
2702 2763
2702 2764
2703 2704
2703 2764
2703 2765
2704 2765
2705 2766
2706 2707
2706 2767
2707 2708
2707 2767
2707 2768
2708 2709
2708 2768
2708 2769
2709 2710
2709 2768
2709 2769
2709 2770
2710 2711
2710 2769
2710 2770
2710 2771
2711 2712
2711 2770
2711 2771
2712 2713
2712 2771
2712 2772
2713 2714
2713 2772
2714 2772
2714 2773
2715 2716
2715 2773
2715 2774
2715 2775
2716 2717
2716 2774
2716 2775
2716 2776
2717 2718
2717 2775
2717 2776
2717 2777
2718 2719
2718 2776
2718 2777
2719 2720
2719 2777
2719 2778
2720 2721
2720 2778
2720 2779
2721 2722
2721 2778
2721 2779
2721 2780
2722 2779
2722 2780
2722 2781
2723 2724
2723 2781
2723 2782
2724 2725
2724 2782
2725 2726
2726 2727
2726 2783
2727 2728
2727 2783
2728 2783
2728 2784
2729 2730
2729 2784
2729 2785
2730 2731
2730 2785
2730 2786
2731 2732
2731 2786
2731 2787
2732 2786
2732 2787
2732 2788
2733 2734
2733 2791
2733 2792
2734 2791
2734 2792
2734 2793
2735 2736
2735 2793
2735 2794
2735 2795
2736 2737
2736 2794
2736 2795
2736 2796
2737 2795
2737 2796
2737 2797
2738 2739
2738 2797
2738 2798
2739 2798
2739 2799
2740 2799
2740 2800
2741 2742
2741 2801
2741 2802
2742 2743
2742 2801
2742 2802
2742 2803
2743 2744
2743 2802
2743 2803
2743 2804
2744 2745
2744 2803
2744 2804
2744 2805
2745 2746
2745 2804
2745 2805
2745 2806
2746 2747
2746 2805
2746 2806
2747 2748
2747 2806
2747 2807
2748 2807
2748 2808
2749 2750
2749 2811
2749 2812
2749 2813
2750 2751
2750 2812
2750 2813
2750 2814
2751 2752
2751 2813
2751 2814
2751 2815
2752 2753
2752 2814
2752 2815
2752 2816
2753 2754
2753 2815
2753 2816
2753 2817
2754 2816
2754 2817
2754 2818
2755 2756
2755 2818
2755 2819
2755 2820
2756 2819
2756 2820
2756 2821
2757 2758
2757 2821
2757 2822
2757 2823
2758 2759
2758 2822
2758 2823
2758 2824
2759 2760
2759 2823
2759 2824
2759 2825
2760 2761
2760 2824
2760 2825
2760 2826
2761 2762
2761 2825
2761 2826
2762 2763
2762 2826
2762 2827
2763 2764
2763 2827
2763 2828
2764 2827
2764 2828
2764 2829
2765 2829
2765 2830
2767 2831
2767 2832
2768 2769
2768 2832
2768 2833
2768 2834
2769 2770
2769 2833
2769 2834
2769 2835
2770 2771
2770 2834
2770 2835
2770 2836
2771 2835
2771 2836
2771 2837
2772 2837
2772 2838
2772 2839
2773 2774
2773 2839
2774 2775
2775 2776
2776 2777
2777 2840
2778 2779
2778 2840
2779 2780
2779 2841
2780 2781
2780 2841
2780 2842
2781 2782
2781 2841
2781 2842
2781 2843
2782 2842
2782 2843
2783 2845
2783 2846
2784 2785
2784 2846
2784 2847
2784 2848
2785 2847
2785 2848
2785 2849
2786 2787
2786 2849
2787 2788
2787 2850
2788 2789
2788 2850
2789 2790
2789 2850
2790 2851
2791 2792
2791 2851
2791 2852
2791 2853
2792 2793
2792 2852
2792 2853
2792 2854
2793 2794
2793 2853
2793 2854
2793 2855
2794 2795
2794 2854
2794 2855
2794 2856
2795 2796
2795 2855
2795 2856
2795 2857
2796 2797
2796 2856
2796 2857
2796 2858
2797 2857
2797 2858
2797 2859
2798 2799
2798 2859
2798 2860
2798 2861
2799 2800
2799 2860
2799 2861
2799 2862
2800 2861
2800 2862
2801 2802
2801 2863
2802 2803
2802 2863
2802 2864
2803 2804
2803 2863
2803 2864
2803 2865
2804 2805
2804 2864
2804 2865
2804 2866
2805 2806
2805 2865
2805 2866
2805 2867
2806 2866
2806 2867
2806 2868
2807 2808
2807 2868
2807 2869
2807 2870
2808 2809
2808 2869
2808 2870
2808 2871
2809 2810
2809 2870
2809 2871
2809 2872
2810 2811
2810 2871
2810 2872
2810 2873
2811 2812
2811 2872
2811 2873
2811 2874
2812 2813
2812 2873
2812 2874
2813 2814
2813 2874
2813 2875
2814 2815
2814 2875
2814 2876
2815 2816
2815 2875
2815 2876
2815 2877
2816 2817
2816 2876
2816 2877
2816 2878
2817 2818
2817 2877
2817 2878
2817 2879
2818 2819
2818 2878
2818 2879
2818 2880
2819 2820
2819 2879
2819 2880
2819 2881
2820 2821
2820 2880
2820 2881
2820 2882
2821 2822
2821 2881
2821 2882
2821 2883
2822 2823
2822 2882
2822 2883
2823 2824
2823 2883
2823 2884
2824 2825
2824 2884
2824 2885
2825 2826
2825 2884
2825 2885
2825 2886
2826 2885
2826 2886
2827 2828
2827 2887
2827 2888
2828 2829
2828 2887
2828 2888
2828 2889
2829 2830
2829 2888
2829 2889
2829 2890
2830 2889
2830 2890
2830 2891
2831 2832
2831 2893
2831 2894
2832 2833
2832 2893
2832 2894
2832 2895
2833 2834
2833 2894
2833 2895
2833 2896
2834 2835
2834 2895
2834 2896
2835 2836
2835 2896
2835 2897
2836 2837
2836 2897
2837 2838
2837 2897
2837 2898
2838 2839
2838 2898
2838 2899
2839 2898
2839 2899
2839 2900
2840 2904
2840 2905
2841 2842
2841 2906
2841 2907
2842 2843
2842 2906
2842 2907
2842 2908
2843 2907
2843 2908
2843 2909
2844 2845
2844 2909
2844 2910
2845 2910
2845 2911
2846 2847
2846 2911
2846 2912
2846 2913
2847 2848
2847 2912
2847 2913
2847 2914
2848 2849
2848 2913
2848 2914
2848 2915
2849 2914
2849 2915
2849 2916
2850 2917
2850 2918
2850 2919
2851 2852
2851 2920
2851 2921
2851 2922
2852 2853
2852 2921
2852 2922
2852 2923
2853 2854
2853 2922
2853 2923
2853 2924
2854 2855
2854 2923
2854 2924
2854 2925
2855 2856
2855 2924
2855 2925
2855 2926
2856 2857
2856 2925
2856 2926
2856 2927
2857 2858
2857 2926
2857 2927
2858 2859
2858 2927
2859 2860
2859 2928
2860 2861
2860 2928
2860 2929
2861 2862
2861 2928
2861 2929
2861 2930
2862 2929
2862 2930
2862 2931
2863 2864
2863 2932
2863 2933
2863 2934
2864 2865
2864 2933
2864 2934
2864 2935
2865 2866
2865 2934
2865 2935
2865 2936
2866 2867
2866 2935
2866 2936
2866 2937
2867 2868
2867 2936
2867 2937
2867 2938
2868 2869
2868 2937
2868 2938
2868 2939
2869 2870
2869 2938
2869 2939
2869 2940
2870 2871
2870 2939
2870 2940
2871 2872
2871 2940
2871 2941
2872 2873
2872 2941
2872 2942
2873 2874
2873 2941
2873 2942
2873 2943
2874 2942
2874 2943
2874 2944
2875 2876
2875 2944
2875 2945
2876 2877
2876 2945
2876 2946
2877 2878
2877 2946
2877 2947
2878 2879
2878 2946
2878 2947
2878 2948
2879 2880
2879 2947
2879 2948
2879 2949
2880 2881
2880 2948
2880 2949
2880 2950
2881 2882
2881 2949
2881 2950
2881 2951
2882 2883
2882 2950
2882 2951
2882 2952
2883 2951
2883 2952
2883 2953
2884 2885
2884 2953
2884 2954
2884 2955
2885 2886
2885 2954
2885 2955
2885 2956
2886 2955
2886 2956
2886 2957
2887 2888
2887 2957
2887 2958
2888 2889
2888 2958
2888 2959
2889 2890
2889 2958
2889 2959
2889 2960
2890 2891
2890 2959
2890 2960
2890 2961
2891 2892
2891 2960
2891 2961
2891 2962
2892 2961
2892 2962
2893 2894
2893 2963
2893 2964
2894 2895
2894 2963
2894 2964
2894 2965
2895 2896
2895 2964
2895 2965
2895 2966
2896 2965
2896 2966
2896 2967
2897 2967
2897 2968
2897 2969
2898 2899
2898 2969
2898 2970
2898 2971
2899 2900
2899 2970
2899 2971
2899 2972
2900 2901
2900 2971
2900 2972
2900 2973
2901 2902
2901 2972
2901 2973
2901 2974
2902 2903
2902 2973
2902 2974
2902 2975
2903 2904
2903 2974
2903 2975
2903 2976
2904 2905
2904 2975
2904 2976
2904 2977
2905 2976
2905 2977
2905 2978
2906 2907
2906 2979
2906 2980
2907 2908
2907 2980
2908 2909
2908 2981
2909 2910
2909 2981
2909 2982
2910 2981
2910 2982
2910 2983
2911 2912
2911 2983
2911 2984
2911 2985
2912 2913
2912 2984
2912 2985
2912 2986
2913 2914
2913 2985
2913 2986
2913 2987
2914 2915
2914 2986
2914 2987
2914 2988
2915 2916
2915 2987
2915 2988
2915 2989
2916 2917
2916 2988
2916 2989
2916 2990
2917 2918
2917 2989
2917 2990
2917 2991
2918 2919
2918 2990
2918 2991
2918 2992
2919 2920
2919 2991
2919 2992
2919 2993
2920 2921
2920 2992
2920 2993
2920 2994
2921 2922
2921 2993
2921 2994
2922 2923
2922 2994
2922 2995
2923 2924
2923 2995
2923 2996
2924 2925
2924 2995
2924 2996
2924 2997
2925 2926
2925 2996
2925 2997
2925 2998
2926 2927
2926 2997
2926 2998
2926 2999
2927 2998
2927 2999
2927 3000
2928 2929
2928 3001
2928 3002
2928 3003
2929 2930
2929 3002
2929 3003
2929 3004
2930 2931
2930 3003
2930 3004
2931 2932
2931 3004
2931 3005
2932 2933
2932 3005
2932 3006
2933 2934
2933 3005
2933 3006
2934 2935
2934 3006
2934 3007
2935 2936
2935 3007
2935 3008
2936 2937
2936 3007
2936 3008
2936 3009
2937 2938
2937 3008
2937 3009
2938 2939
2938 3009
2938 3010
2939 2940
2939 3010
2939 3011
2940 3010
2940 3011
2940 3012
2941 2942
2941 3012
2941 3013
2941 3014
2942 2943
2942 3013
2942 3014
2942 3015
2943 2944
2943 3014
2943 3015
2943 3016
2944 2945
2944 3015
2944 3016
2944 3017
2945 3016
2945 3017
2946 2947
2946 3018
2947 2948
2947 3018
2948 2949
2948 3019
2949 2950
2949 3019
2949 3020
2950 2951
2950 3019
2950 3020
2950 3021
2951 2952
2951 3020
2951 3021
2951 3022
2952 2953
2952 3021
2952 3022
2952 3023
2953 2954
2953 3022
2953 3023
2953 3024
2954 2955
2954 3023
2954 3024
2954 3025
2955 2956
2955 3024
2955 3025
2955 3026
2956 2957
2956 3025
2956 3026
2956 3027
2957 3026
2957 3027
2957 3028
2958 2959
2958 3028
2958 3029
2958 3030
2959 2960
2959 3029
2959 3030
2959 3031
2960 2961
2960 3030
2960 3031
2961 2962
2961 3031
2961 3032
2962 3032
2963 2964
2964 2965
2964 3033
2965 2966
2965 3033
2965 3034
2966 2967
2966 3033
2966 3034
2966 3035
2967 2968
2967 3034
2967 3035
2967 3036
2968 2969
2968 3035
2968 3036
2968 3037
2969 2970
2969 3036
2969 3037
2969 3038
2970 2971
2970 3037
2970 3038
2970 3039
2971 2972
2971 3038
2971 3039
2971 3040
2972 2973
2972 3039
2972 3040
2973 2974
2973 3040
2973 3041
2974 2975
2974 3041
2974 3042
2975 2976
2975 3041
2975 3042
2975 3043
2976 2977
2976 3042
2976 3043
2976 3044
2977 2978
2977 3043
2977 3044
2977 3045
2978 2979
2978 3044
2978 3045
2978 3046
2979 2980
2979 3045
2979 3046
2979 3047
2980 3046
2980 3047
2980 3048
2981 2982
2981 3049
2981 3050
2982 2983
2982 3049
2982 3050
2982 3051
2983 2984
2983 3050
2983 3051
2984 2985
2984 3051
2985 2986
2985 3052
2986 2987
2986 3052
2986 3053
2987 2988
2987 3052
2987 3053
2988 2989
2988 3053
2988 3054
2989 2990
2989 3054
2990 2991
2990 3054
2990 3055
2991 2992
2991 3055
2991 3056
2992 2993
2992 3055
2992 3056
2993 2994
2993 3056
2994 3057
2995 2996
2995 3057
2995 3058
2996 2997
2996 3058
2996 3059
2997 2998
2997 3059
2997 3060
2998 2999
2998 3059
2998 3060
2998 3061
2999 3000
2999 3060
2999 3061
2999 3062
3000 3001
3000 3061
3000 3062
3001 3002
3001 3062
3001 3063
3002 3003
3002 3063
3002 3064
3003 3004
3003 3063
3003 3064
3003 3065
3004 3064
3004 3065
3004 3066
3005 3006
3005 3066
3005 3067
3005 3068
3006 3067
3006 3068
3006 3069
3007 3008
3007 3069
3007 3070
3007 3071
3008 3009
3008 3070
3008 3071
3008 3072
3009 3071
3009 3072
3010 3011
3011 3012
3011 3073
3012 3013
3012 3073
3013 3014
3013 3073
3014 3015
3014 3074
3015 3016
3015 3074
3015 3075
3016 3017
3016 3074
3016 3075
3016 3076
3017 3075
3017 3076
3017 3077
3018 3077
3018 3078
3018 3079
3019 3020
3019 3080
3019 3081
3019 3082
3020 3021
3020 3081
3020 3082
3020 3083
3021 3022
3021 3082
3021 3083
3021 3084
3022 3023
3022 3083
3022 3084
3022 3085
3023 3024
3023 3084
3023 3085
3024 3025
3024 3085
3024 3086
3025 3026
3025 3086
3025 3087
3026 3027
3026 3086
3026 3087
3026 3088
3027 3028
3027 3087
3027 3088
3027 3089
3028 3029
3028 3088
3028 3089
3028 3090
3029 3030
3029 3089
3029 3090
3029 3091
3030 3031
3030 3090
3030 3091
3030 3092
3031 3091
3031 3092
3031 3093
3032 3093
3032 3094
3033 3034
3033 3095
3033 3096
3033 3097
3034 3035
3034 3096
3034 3097
3034 3098
3035 3036
3035 3097
3035 3098
3036 3037
3036 3098
3037 3038
3037 3099
3038 3039
3038 3099
3038 3100
3039 3040
3039 3099
3039 3100
3039 3101
3040 3100
3040 3101
3040 3102
3041 3042
3041 3102
3041 3103
3041 3104
3042 3043
3042 3103
3042 3104
3042 3105
3043 3044
3043 3104
3043 3105
3043 3106
3044 3045
3044 3105
3044 3106
3044 3107
3045 3046
3045 3106
3045 3107
3045 3108
3046 3047
3046 3107
3046 3108
3047 3048
3047 3108
3047 3109
3048 3109
3048 3110
3049 3050
3049 3110
3049 3111
3049 3112
3050 3051
3050 3111
3050 3112
3050 3113
3051 3112
3051 3113
3052 3053
3052 3114
3052 3115
3053 3114
3053 3115
3053 3116
3054 3116
3054 3117
3055 3056
3055 3118
3055 3119
3056 3118
3056 3119
3056 3120
3057 3058
3057 3121
3057 3122
3057 3123
3058 3122
3058 3123
3059 3060
3059 3124
3059 3125
3060 3061
3060 3124
3060 3125
3060 3126
3061 3062
3061 3125
3061 3126
3061 3127
3062 3126
3062 3127
3062 3128
3063 3064
3063 3128
3063 3129
3064 3065
3064 3129
3064 3130
3065 3066
3065 3130
3066 3067
3066 3130
3067 3068
3067 3131
3068 3069
3068 3131
3069 3070
3069 3131
3069 3132
3070 3071
3070 3132
3071 3072
3071 3132
3071 3133
3072 3133
3072 3134
3073 3136
3073 3137
3073 3138
3074 3075
3074 3139
3074 3140
3075 3076
3075 3139
3075 3140
3075 3141
3076 3077
3076 3140
3076 3141
3076 3142
3077 3078
3077 3141
3077 3142
3077 3143
3078 3079
3078 3142
3078 3143
3078 3144
3079 3080
3079 3143
3079 3144
3079 3145
3080 3081
3080 3144
3080 3145
3080 3146
3081 3082
3081 3145
3081 3146
3082 3083
3082 3146
3082 3147
3083 3084
3083 3147
3083 3148
3084 3085
3084 3147
3084 3148
3084 3149
3085 3148
3085 3149
3085 3150
3086 3087
3086 3150
3086 3151
3086 3152
3087 3088
3087 3151
3087 3152
3088 3089
3088 3152
3089 3090
3089 3153
3090 3091
3090 3153
3090 3154
3091 3092
3091 3153
3091 3154
3091 3155
3092 3093
3092 3154
3092 3155
3092 3156
3093 3094
3093 3155
3093 3156
3094 3156
3095 3096
3095 3157
3095 3158
3095 3159
3096 3097
3096 3158
3096 3159
3096 3160
3097 3098
3097 3159
3097 3160
3097 3161
3098 3160
3098 3161
3098 3162
3099 3100
3099 3163
3099 3164
3100 3101
3100 3163
3100 3164
3101 3102
3101 3164
3101 3165
3102 3103
3102 3165
3102 3166
3103 3104
3103 3165
3103 3166
3103 3167
3104 3105
3104 3166
3104 3167
3104 3168
3105 3106
3105 3167
3105 3168
3106 3107
3106 3168
3106 3169
3107 3108
3107 3169
3107 3170
3108 3169
3108 3170
3108 3171
3109 3110
3109 3171
3109 3172
3109 3173
3110 3111
3110 3172
3110 3173
3110 3174
3111 3112
3111 3173
3111 3174
3112 3113
3112 3174
3112 3175
3113 3175
3113 3176
3114 3115
3114 3177
3114 3178
3114 3179
3115 3116
3115 3178
3115 3179
3115 3180
3116 3117
3116 3179
3116 3180
3116 3181
3117 3180
3117 3181
3117 3182
3118 3119
3118 3182
3118 3183
3118 3184
3119 3120
3119 3183
3119 3184
3119 3185
3120 3121
3120 3184
3120 3185
3120 3186
3121 3122
3121 3185
3121 3186
3121 3187
3122 3123
3122 3186
3122 3187
3122 3188
3123 3187
3123 3188
3123 3189
3124 3125
3124 3189
3124 3190
3124 3191
3125 3126
3125 3190
3125 3191
3125 3192
3126 3127
3126 3191
3126 3192
3126 3193
3127 3128
3127 3192
3127 3193
3127 3194
3128 3129
3128 3193
3128 3194
3128 3195
3129 3194
3129 3195
3129 3196
3130 3196
3130 3197
3130 3198
3131 3199
3131 3200
3131 3201
3132 3201
3132 3202
3133 3134
3133 3202
3133 3203
3133 3204
3134 3135
3134 3203
3134 3204
3134 3205
3135 3136
3135 3204
3135 3205
3135 3206
3136 3137
3136 3205
3136 3206
3136 3207
3137 3138
3137 3206
3137 3207
3138 3207
3138 3208
3139 3140
3139 3208
3139 3209
3139 3210
3140 3141
3140 3209
3140 3210
3140 3211
3141 3142
3141 3210
3141 3211
3141 3212
3142 3143
3142 3211
3142 3212
3142 3213
3143 3144
3143 3212
3143 3213
3143 3214
3144 3145
3144 3213
3144 3214
3144 3215
3145 3146
3145 3214
3145 3215
3146 3215
3146 3216
3147 3148
3147 3216
3147 3217
3147 3218
3148 3149
3148 3217
3148 3218
3148 3219
3149 3150
3149 3218
3149 3219
3149 3220
3150 3151
3150 3219
3150 3220
3150 3221
3151 3152
3151 3220
3151 3221
3152 3221
3152 3222
3153 3154
3153 3223
3153 3224
3154 3155
3154 3224
3155 3156
3155 3224
3155 3225
3156 3225
3156 3226
3157 3158
3157 3227
3157 3228
3158 3159
3158 3227
3158 3228
3159 3160
3159 3228
3160 3161
3160 3229
3161 3162
3161 3229
3162 3229
3162 3230
3163 3164
3163 3230
3163 3231
3164 3231
3164 3232
3165 3166
3165 3232
3165 3233
3166 3167
3166 3233
3166 3234
3167 3168
3167 3234
3167 3235
3168 3234
3168 3235
3168 3236
3169 3170
3169 3236
3169 3237
3169 3238
3170 3171
3170 3237
3170 3238
3170 3239
3171 3172
3171 3238
3171 3239
3172 3173
3172 3239
3172 3240
3173 3174
3173 3240
3173 3241
3174 3240
3174 3241
3175 3176
3175 3242
3176 3177
3176 3242
3176 3243
3177 3178
3177 3243
3177 3244
3178 3179
3178 3243
3178 3244
3179 3180
3179 3244
3180 3181
3180 3245
3181 3182
3181 3245
3182 3183
3182 3245
3182 3246
3183 3184
3183 3246
3183 3247
3184 3185
3184 3246
3184 3247
3185 3186
3185 3247
3185 3248
3186 3187
3186 3248
3186 3249
3187 3188
3187 3248
3187 3249
3187 3250
3188 3189
3188 3249
3188 3250
3188 3251
3189 3190
3189 3250
3189 3251
3190 3191
3190 3251
3191 3192
3192 3193
3193 3194
3193 3252
3194 3195
3194 3252
3194 3253
3195 3196
3195 3252
3195 3253
3195 3254
3196 3197
3196 3253
3196 3254
3196 3255
3197 3198
3197 3254
3197 3255
3197 3256
3198 3199
3198 3255
3198 3256
3199 3200
3199 3256
3199 3257
3200 3201
3200 3257
3200 3258
3201 3257
3201 3258
3201 3259
3202 3203
3202 3259
3202 3260
3202 3261
3203 3204
3203 3260
3203 3261
3203 3262
3204 3205
3204 3261
3204 3262
3204 3263
3205 3206
3205 3262
3205 3263
3205 3264
3206 3207
3206 3263
3206 3264
3206 3265
3207 3264
3207 3265
3207 3266
3208 3209
3208 3266
3208 3267
3209 3210
3209 3267
3209 3268
3210 3211
3210 3268
3211 3212
3211 3268
3211 3269
3212 3213
3212 3269
3212 3270
3213 3214
3213 3269
3213 3270
3213 3271
3214 3215
3214 3270
3214 3271
3214 3272
3215 3271
3215 3272
3215 3273
3216 3217
3216 3273
3216 3274
3217 3218
3217 3274
3217 3275
3218 3219
3218 3274
3218 3275
3218 3276
3219 3220
3219 3275
3219 3276
3220 3221
3220 3276
3220 3277
3221 3277
3221 3278
3222 3223
3222 3278
3222 3279
3222 3280
3223 3279
3223 3280
3223 3281
3224 3281
3224 3282
3225 3226
3225 3282
3225 3283
3225 3284
3226 3283
3226 3284
3227 3228
3227 3285
3227 3286
3228 3285
3228 3286
3228 3287
3229 3288
3229 3289
3229 3290
3230 3290
3230 3291
3230 3292
3231 3232
3231 3292
3231 3293
3231 3294
3232 3233
3232 3293
3232 3294
3232 3295
3233 3294
3233 3295
3234 3235
3234 3296
3234 3297
3235 3236
3235 3296
3235 3297
3235 3298
3236 3237
3236 3297
3236 3298
3236 3299
3237 3238
3237 3298
3237 3299
3238 3239
3238 3299
3239 3300
3240 3241
3240 3300
3240 3301
3241 3301
3242 3302
3242 3303
3243 3244
3243 3303
3243 3304
3243 3305
3244 3304
3244 3305
3244 3306
3245 3307
3245 3308
3246 3247
3246 3308
3248 3249
3248 3309
3249 3250
3249 3309
3249 3310
3250 3251
3250 3309
3250 3310
3250 3311
3251 3310
3251 3311
3251 3312
3252 3253
3252 3313
3252 3314
3252 3315
3253 3254
3253 3314
3253 3315
3254 3255
3254 3315
3254 3316
3255 3256
3255 3316
3255 3317
3256 3316
3256 3317
3256 3318
3257 3258
3257 3318
3257 3319
3257 3320
3258 3259
3258 3319
3258 3320
3258 3321
3259 3260
3259 3320
3259 3321
3259 3322
3260 3261
3260 3321
3260 3322
3260 3323
3261 3262
3261 3322
3261 3323
3261 3324
3262 3263
3262 3323
3262 3324
3262 3325
3263 3264
3263 3324
3263 3325
3263 3326
3264 3265
3264 3325
3264 3326
3264 3327
3265 3266
3265 3326
3265 3327
3266 3267
3266 3327
3266 3328
3267 3328
3267 3329
3268 3329
3268 3330
3268 3331
3269 3270
3269 3331
3269 3332
3269 3333
3270 3271
3270 3332
3270 3333
3270 3334
3271 3272
3271 3333
3271 3334
3271 3335
3272 3273
3272 3334
3272 3335
3272 3336
3273 3335
3273 3336
3273 3337
3274 3275
3274 3337
3274 3338
3275 3276
3275 3338
3275 3339
3276 3339
3276 3340
3277 3278
3277 3340
3278 3279
3278 3341
3279 3280
3279 3341
3279 3342
3280 3281
3280 3341
3280 3342
3280 3343
3281 3342
3281 3343
3281 3344
3282 3283
3282 3344
3282 3345
3282 3346
3283 3284
3283 3345
3283 3346
3283 3347
3284 3346
3284 3347
3285 3286
3285 3348
3286 3287
3286 3348
3286 3349
3287 3288
3287 3349
3287 3350
3288 3289
3288 3349
3288 3350
3289 3290
3289 3350
3290 3291
3291 3292
3291 3351
3292 3293
3292 3351
3292 3352
3293 3294
3293 3351
3293 3352
3293 3353
3294 3295
3294 3352
3294 3353
3295 3353
3295 3354
3296 3297
3296 3354
3296 3355
3296 3356
3297 3298
3297 3355
3297 3356
3297 3357
3298 3299
3298 3356
3298 3357
3299 3357
3300 3358
3300 3359
3300 3360
3301 3360
3301 3361
3302 3303
3302 3362
3302 3363
3303 3304
3303 3362
3303 3363
3303 3364
3304 3305
3304 3363
3304 3364
3304 3365
3305 3306
3305 3364
3305 3365
3305 3366
3306 3365
3306 3366
3307 3308
3307 3367
3308 3367
3308 3368
3309 3310
3309 3371
3309 3372
3309 3373
3310 3311
3310 3372
3310 3373
3310 3374
3311 3312
3311 3373
3311 3374
3311 3375
3312 3374
3312 3375
3312 3376
3313 3314
3313 3377
3313 3378
3314 3315
3314 3378
3314 3379
3315 3378
3315 3379
3315 3380
3316 3317
3316 3380
3316 3381
3317 3318
3317 3381
3317 3382
3318 3319
3318 3381
3318 3382
3318 3383
3319 3320
3319 3382
3319 3383
3319 3384
3320 3321
3320 3383
3320 3384
3321 3322
3321 3384
3322 3323
3322 3385
3323 3324
3323 3385
3323 3386
3324 3325
3324 3385
3324 3386
3324 3387
3325 3326
3325 3386
3325 3387
3325 3388
3326 3327
3326 3387
3326 3388
3327 3388
3327 3389
3328 3329
3328 3389
3328 3390
3328 3391
3329 3330
3329 3390
3329 3391
3329 3392
3330 3331
3330 3391
3330 3392
3331 3332
3331 3392
3331 3393
3332 3333
3332 3393
3333 3334
3333 3393
3333 3394
3334 3335
3334 3394
3334 3395
3335 3336
3335 3394
3335 3395
3335 3396
3336 3337
3336 3395
3336 3396
3337 3338
3337 3396
3337 3397
3338 3397
3338 3398
3339 3340
3339 3398
3340 3399
3341 3342
3341 3400
3341 3401
3342 3343
3342 3400
3342 3401
3342 3402
3343 3344
3343 3401
3343 3402
3343 3403
3344 3345
3344 3402
3344 3403
3345 3346
3345 3403
3345 3404
3346 3347
3346 3404
3346 3405
3347 3404
3347 3405
3348 3406
3349 3350
3349 3406
3349 3407
3350 3407
3351 3352
3351 3409
3352 3353
3352 3409
3352 3410
3353 3409
3353 3410
3354 3355
3354 3411
3355 3356
3355 3411
3356 3357
3356 3412
3357 3412
3357 3413
3358 3359
3358 3414
3358 3415
3359 3360
3359 3415
3360 3361
3360 3415
3360 3416
3361 3416
3361 3417
3362 3363
3362 3417
3362 3418
3363 3364
3363 3418
3363 3419
3364 3365
3364 3419
3364 3420
3365 3366
3365 3419
3365 3420
3365 3421
3366 3420
3366 3421
3366 3422
3367 3422
3368 3369
3368 3423
3368 3424
3369 3370
3369 3423
3369 3424
3370 3371
3370 3424
3371 3372
3371 3425
3372 3373
3372 3425
3372 3426
3373 3374
3373 3425
3373 3426
3373 3427
3374 3375
3374 3426
3374 3427
3374 3428
3375 3376
3375 3427
3375 3428
3376 3377
3376 3428
3376 3429
3377 3429
3377 3430
3378 3379
3378 3430
3378 3431
3379 3380
3379 3431
3379 3432
3380 3431
3380 3432
3380 3433
3381 3382
3381 3433
3381 3434
3381 3435
3382 3383
3382 3434
3382 3435
3382 3436
3383 3384
3383 3435
3383 3436
3383 3437
3384 3436
3384 3437
3384 3438
3385 3386
3385 3439
3386 3387
3386 3440
3387 3388
3387 3440
3387 3441
3388 3440
3388 3441
3388 3442
3389 3390
3389 3442
3389 3443
3389 3444
3390 3391
3390 3443
3390 3444
3391 3392
3391 3444
3391 3445
3392 3445
3392 3446
3393 3446
3394 3395
3394 3447
3394 3448
3395 3396
3395 3447
3395 3448
3395 3449
3396 3448
3396 3449
3396 3450
3397 3398
3397 3450
3397 3451
3397 3452
3398 3451
3398 3452
3398 3453
3399 3454
3399 3455
3400 3401
3400 3456
3400 3457
3401 3402
3401 3456
3401 3457
3401 3458
3402 3403
3402 3457
3402 3458
3402 3459
3403 3458
3403 3459
3403 3460
3404 3405
3404 3460
3404 3461
3404 3462
3405 3461
3405 3462
3406 3463
3406 3464
3406 3465
3407 3465
3407 3466
3407 3467
3408 3467
3408 3468
3409 3410
3409 3469
3410 3469
3410 3470
3411 3470
3411 3471
3411 3472
3412 3413
3412 3473
3412 3474
3412 3475
3413 3414
3413 3474
3413 3475
3413 3476
3414 3475
3414 3476
3414 3477
3415 3477
3415 3478
3415 3479
3416 3417
3416 3479
3416 3480
3416 3481
3417 3418
3417 3480
3417 3481
3418 3481
3418 3482
3419 3420
3419 3482
3419 3483
3420 3421
3420 3483
3420 3484
3421 3422
3421 3483
3421 3484
3421 3485
3422 3484
3422 3485
3422 3486
3423 3424
3423 3487
3423 3488
3423 3489
3424 3488
3424 3489
3424 3490
3425 3426
3425 3491
3425 3492
3425 3493
3426 3427
3426 3492
3426 3493
3426 3494
3427 3428
3427 3493
3427 3494
3427 3495
3428 3494
3428 3495
3428 3496
3429 3430
3429 3496
3429 3497
3430 3497
3430 3498
3431 3432
3431 3498
3431 3499
3431 3500
3432 3433
3432 3499
3432 3500
3432 3501
3433 3434
3433 3500
3433 3501
3434 3435
3434 3501
3434 3502
3435 3436
3435 3502
3435 3503
3436 3437
3436 3502
3436 3503
3436 3504
3437 3438
3437 3503
3437 3504
3437 3505
3438 3439
3438 3504
3438 3505
3438 3506
3439 3505
3439 3506
3439 3507
3440 3441
3440 3508
3440 3509
3441 3442
3441 3509
3441 3510
3442 3443
3442 3509
3442 3510
3442 3511
3443 3444
3443 3510
3443 3511
3443 3512
3444 3511
3444 3512
3444 3513
3445 3446
3445 3513
3445 3514
3446 3514
3446 3515
3447 3448
3447 3516
3447 3517
3447 3518
3448 3449
3448 3517
3448 3518
3448 3519
3449 3450
3449 3518
3449 3519
3449 3520
3450 3451
3450 3519
3450 3520
3450 3521
3451 3452
3451 3520
3451 3521
3451 3522
3452 3453
3452 3521
3452 3522
3452 3523
3453 3454
3453 3522
3453 3523
3453 3524
3454 3455
3454 3523
3454 3524
3454 3525
3455 3524
3455 3525
3455 3526
3456 3457
3456 3526
3456 3527
3456 3528
3457 3458
3457 3527
3457 3528
3457 3529
3458 3459
3458 3528
3458 3529
3458 3530
3459 3460
3459 3529
3459 3530
3459 3531
3460 3461
3460 3530
3460 3531
3461 3462
3461 3531
3463 3464
3463 3532
3463 3533
3464 3465
3464 3532
3464 3533
3464 3534
3465 3466
3465 3533
3465 3534
3465 3535
3466 3467
3466 3534
3466 3535
3466 3536
3467 3468
3467 3535
3467 3536
3467 3537
3468 3536
3468 3537
3469 3470
3469 3539
3469 3540
3470 3471
3470 3540
3470 3541
3471 3472
3471 3541
3471 3542
3472 3473
3472 3541
3472 3542
3472 3543
3473 3474
3473 3542
3473 3543
3473 3544
3474 3475
3474 3543
3474 3544
3474 3545
3475 3476
3475 3544
3475 3545
3475 3546
3476 3477
3476 3545
3476 3546
3476 3547
3477 3478
3477 3546
3477 3547
3477 3548
3478 3479
3478 3547
3478 3548
3478 3549
3479 3480
3479 3548
3479 3549
3479 3550
3480 3481
3480 3549
3480 3550
3480 3551
3481 3550
3481 3551
3482 3552
3482 3553
3483 3484
3483 3553
3483 3554
3484 3485
3484 3554
3484 3555
3485 3486
3485 3554
3485 3555
3485 3556
3486 3487
3486 3555
3486 3556
3486 3557
3487 3488
3487 3556
3487 3557
3488 3489
3488 3557
3489 3490
3489 3558
3490 3491
3490 3558
3490 3559
3491 3492
3491 3558
3491 3559
3491 3560
3492 3493
3492 3559
3492 3560
3492 3561
3493 3494
3493 3560
3493 3561
3493 3562
3494 3495
3494 3561
3494 3562
3494 3563
3495 3496
3495 3562
3495 3563
3496 3563
3496 3564
3497 3498
3497 3564
3497 3565
3497 3566
3498 3499
3498 3565
3498 3566
3498 3567
3499 3500
3499 3566
3499 3567
3499 3568
3500 3501
3500 3567
3500 3568
3501 3568
3501 3569
3502 3503
3502 3569
3502 3570
3502 3571
3503 3504
3503 3570
3503 3571
3503 3572
3504 3505
3504 3571
3504 3572
3504 3573
3505 3506
3505 3572
3505 3573
3505 3574
3506 3507
3506 3573
3506 3574
3506 3575
3507 3508
3507 3574
3507 3575
3507 3576
3508 3575
3508 3576
3509 3510
3509 3577
3510 3511
3510 3577
3510 3578
3511 3512
3511 3578
3511 3579
3512 3513
3512 3578
3512 3579
3512 3580
3513 3579
3513 3580
3513 3581
3514 3515
3514 3581
3514 3582
3515 3516
3515 3582
3515 3583
3516 3517
3516 3582
3516 3583
3516 3584
3517 3518
3517 3583
3517 3584
3517 3585
3518 3519
3518 3584
3518 3585
3518 3586
3519 3520
3519 3585
3519 3586
3520 3521
3520 3586
3520 3587
3521 3522
3521 3587
3522 3523
3522 3587
3522 3588
3523 3524
3523 3588
3523 3589
3524 3525
3524 3588
3524 3589
3524 3590
3525 3526
3525 3589
3525 3590
3525 3591
3526 3527
3526 3590
3526 3591
3526 3592
3527 3528
3527 3591
3527 3592
3527 3593
3528 3529
3528 3592
3528 3593
3528 3594
3529 3530
3529 3593
3529 3594
3529 3595
3530 3531
3530 3594
3530 3595
3530 3596
3531 3595
3531 3596
3532 3533
3532 3598
3532 3599
3533 3534
3533 3598
3533 3599
3534 3535
3534 3599
3534 3600
3535 3536
3535 3600
3535 3601
3536 3537
3536 3600
3536 3601
3536 3602
3537 3601
3537 3602
3537 3603
3538 3539
3538 3603
3538 3604
3538 3605
3539 3540
3539 3604
3539 3605
3539 3606
3540 3605
3540 3606
3540 3607
3541 3542
3541 3607
3541 3608
3542 3543
3542 3608
3542 3609
3543 3544
3543 3609
3543 3610
3544 3545
3544 3609
3544 3610
3545 3546
3545 3610
3545 3611
3546 3547
3546 3611
3547 3548
3547 3611
3547 3612
3548 3549
3548 3612
3548 3613
3549 3550
3549 3612
3549 3613
3549 3614
3550 3551
3550 3613
3550 3614
3551 3614
3552 3553
3552 3615
3552 3616
3553 3615
3553 3616
3553 3617
3554 3555
3554 3617
3555 3556
3555 3618
3556 3557
3556 3618
3556 3619
3557 3618
3557 3619
3558 3559
3558 3620
3558 3621
3558 3622
3559 3560
3559 3621
3559 3622
3559 3623
3560 3561
3560 3622
3560 3623
3560 3624
3561 3562
3561 3623
3561 3624
3561 3625
3562 3563
3562 3624
3562 3625
3562 3626
3563 3625
3563 3626
3563 3627
3564 3565
3564 3627
3564 3628
3564 3629
3565 3566
3565 3628
3565 3629
3565 3630
3566 3567
3566 3629
3566 3630
3567 3568
3567 3630
3567 3631
3568 3631
3568 3632
3569 3570
3569 3632
3569 3633
3569 3634
3570 3571
3570 3633
3570 3634
3570 3635
3571 3572
3571 3634
3571 3635
3572 3573
3572 3635
3572 3636
3573 3574
3573 3636
3573 3637
3574 3575
3574 3636
3574 3637
3574 3638
3575 3576
3575 3637
3575 3638
3575 3639
3576 3638
3576 3639
3577 3640
3578 3579
3578 3641
3578 3642
3579 3580
3579 3641
3579 3642
3579 3643
3580 3581
3580 3642
3580 3643
3581 3643
3581 3644
3582 3583
3582 3644
3582 3645
3582 3646
3583 3584
3583 3645
3583 3646
3583 3647
3584 3585
3584 3646
3584 3647
3584 3648
3585 3586
3585 3647
3585 3648
3585 3649
3586 3648
3586 3649
3586 3650
3587 3650
3587 3651
3587 3652
3588 3589
3588 3652
3588 3653
3589 3590
3589 3653
3589 3654
3590 3591
3590 3653
3590 3654
3590 3655
3591 3592
3591 3654
3591 3655
3591 3656
3592 3593
3592 3655
3592 3656
3592 3657
3593 3594
3593 3656
3593 3657
3594 3595
3594 3657
3595 3596
3596 3658
3597 3658
3597 3659
3598 3599
3598 3660
3598 3661
3599 3660
3599 3661
3600 3601
3600 3662
3601 3602
3601 3662
3602 3603
3602 3662
3602 3663
3603 3604
3603 3663
3603 3664
3604 3605
3604 3663
3604 3664
3604 3665
3605 3606
3605 3664
3605 3665
3605 3666
3606 3607
3606 3665
3606 3666
3606 3667
3607 3608
3607 3666
3607 3667
3607 3668
3608 3667
3608 3668
3608 3669
3609 3610
3609 3669
3609 3670
3610 3670
3610 3671
3611 3671
3611 3672
3611 3673
3612 3613
3612 3673
3612 3674
3613 3614
3613 3674
3613 3675
3614 3675
3614 3676
3615 3616
3615 3677
3615 3678
3615 3679
3616 3617
3616 3678
3616 3679
3616 3680
3617 3679
3617 3680
3617 3681
3618 3619
3618 3682
3618 3683
3618 3684
3619 3683
3619 3684
3619 3685
3620 3621
3620 3685
3620 3686
3620 3687
3621 3622
3621 3686
3621 3687
3621 3688
3622 3623
3622 3687
3622 3688
3622 3689
3623 3624
3623 3688
3623 3689
3623 3690
3624 3625
3624 3689
3624 3690
3624 3691
3625 3626
3625 3690
3625 3691
3625 3692
3626 3627
3626 3691
3626 3692
3627 3628
3627 3692
3627 3693
3628 3629
3628 3693
3629 3630
3629 3693
3629 3694
3630 3694
3630 3695
3631 3632
3631 3695
3631 3696
3631 3697
3632 3633
3632 3696
3632 3697
3632 3698
3633 3634
3633 3697
3633 3698
3634 3635
3634 3698
3634 3699
3635 3699
3635 3700
3636 3637
3636 3700
3636 3701
3636 3702
3637 3638
3637 3701
3637 3702
3637 3703
3638 3639
3638 3702
3638 3703
3639 3703
3639 3704
3640 3704
3640 3705
3641 3642
3641 3706
3642 3643
3642 3706
3642 3707
3643 3706
3643 3707
3644 3645
3644 3708
3644 3709
3645 3646
3645 3708
3645 3709
3645 3710
3646 3647
3646 3709
3646 3710
3647 3648
3647 3710
3647 3711
3648 3649
3648 3711
3648 3712
3649 3650
3649 3711
3649 3712
3650 3651
3650 3712
3650 3713
3651 3652
3651 3713
3651 3714
3652 3713
3652 3714
3652 3715
3653 3654
3653 3715
3653 3716
3653 3717
3654 3655
3654 3716
3654 3717
3655 3656
3655 3717
3656 3657
3657 3718
3658 3659
3658 3719
3658 3720
3658 3721
3659 3720
3659 3721
3660 3661
3660 3722
3661 3722
3661 3723
3662 3724
3662 3725
3662 3726
3663 3664
3663 3726
3663 3727
3664 3665
3664 3727
3664 3728
3665 3666
3665 3727
3665 3728
3666 3667
3666 3728
3666 3729
3667 3668
3667 3729
3667 3730
3668 3669
3668 3729
3668 3730
3668 3731
3669 3730
3669 3731
3670 3671
3670 3732
3671 3672
3671 3732
3671 3733
3672 3673
3672 3733
3672 3734
3673 3674
3673 3733
3673 3734
3673 3735
3674 3734
3674 3735
3674 3736
3675 3676
3675 3736
3675 3737
3676 3677
3676 3737
3677 3678
3677 3737
3677 3738
3678 3679
3678 3738
3678 3739
3679 3680
3679 3738
3679 3739
3679 3740
3680 3681
3680 3739
3680 3740
3680 3741
3681 3682
3681 3740
3681 3741
3681 3742
3682 3683
3682 3741
3682 3742
3682 3743
3683 3684
3683 3742
3683 3743
3683 3744
3684 3685
3684 3743
3684 3744
3684 3745
3685 3686
3685 3744
3685 3745
3685 3746
3686 3687
3686 3745
3686 3746
3686 3747
3687 3688
3687 3746
3687 3747
3687 3748
3688 3689
3688 3747
3688 3748
3688 3749
3689 3690
3689 3748
3689 3749
3689 3750
3690 3691
3690 3749
3690 3750
3690 3751
3691 3692
3691 3750
3691 3751
3692 3751
3693 3752
3693 3753
3694 3695
3694 3753
3694 3754
3694 3755
3695 3696
3695 3754
3695 3755
3695 3756
3696 3697
3696 3755
3696 3756
3696 3757
3697 3698
3697 3756
3697 3757
3697 3758
3698 3757
3698 3758
3699 3700
3699 3759
3700 3701
3700 3759
3700 3760
3701 3702
3701 3759
3701 3760
3701 3761
3702 3703
3702 3760
3702 3761
3702 3762
3703 3761
3703 3762
3703 3763
3704 3705
3704 3763
3704 3764
3705 3764
3705 3765
3706 3707
3706 3766
3706 3767
3707 3766
3707 3767
3707 3768
3708 3709
3708 3768
3708 3769
3709 3710
3709 3769
3709 3770
3710 3769
3710 3770
3710 3771
3711 3712
3711 3771
3711 3772
3712 3772
3713 3714
3713 3773
3714 3715
3714 3773
3714 3774
3715 3716
3715 3774
3715 3775
3716 3717
3716 3774
3716 3775
3717 3775
3717 3776
3718 3778
3718 3779
3719 3720
3719 3779
3719 3780
3720 3721
3720 3780
3722 3723
3722 3781
3722 3782
3722 3783
3723 3724
3723 3782
3723 3783
3723 3784
3724 3725
3724 3783
3724 3784
3724 3785
3725 3726
3725 3784
3725 3785
3725 3786
3726 3785
3726 3786
3727 3728
3727 3787
3728 3787
3728 3788
3729 3730
3729 3788
3729 3789
3730 3731
3730 3789
3730 3790
3731 3790
3731 3791
3732 3791
3732 3792
3733 3734
3733 3793
3733 3794
3734 3735
3734 3793
3734 3794
3735 3736
3735 3794
3736 3795
3737 3795
3737 3796
3738 3739
3738 3796
3739 3740
3739 3797
3740 3741
3740 3797
3740 3798
3741 3742
3741 3797
3741 3798
3741 3799
3742 3743
3742 3798
3742 3799
3742 3800
3743 3744
3743 3799
3743 3800
3743 3801
3744 3745
3744 3800
3744 3801
3744 3802
3745 3746
3745 3801
3745 3802
3745 3803
3746 3747
3746 3802
3746 3803
3746 3804
3747 3748
3747 3803
3747 3804
3747 3805
3748 3749
3748 3804
3748 3805
3748 3806
3749 3750
3749 3805
3749 3806
3749 3807
3750 3751
3750 3806
3750 3807
3750 3808
3751 3807
3751 3808
3751 3809
3752 3753
3752 3810
3752 3811
3752 3812
3753 3754
3753 3811
3753 3812
3753 3813
3754 3755
3754 3812
3754 3813
3754 3814
3755 3756
3755 3813
3755 3814
3755 3815
3756 3757
3756 3814
3756 3815
3756 3816
3757 3758
3757 3815
3757 3816
3757 3817
3758 3816
3758 3817
3758 3818
3759 3760
3759 3819
3759 3820
3759 3821
3760 3761
3760 3820
3760 3821
3761 3762
3761 3821
3761 3822
3762 3763
3762 3822
3762 3823
3763 3764
3763 3822
3763 3823
3763 3824
3764 3823
3764 3824
3764 3825
3765 3825
3765 3826
3765 3827
3766 3767
3766 3827
3767 3768
3768 3828
3769 3770
3769 3828
3769 3829
3769 3830
3770 3771
3770 3829
3770 3830
3771 3772
3771 3830
3771 3831
3772 3831
3773 3832
3773 3833
3774 3775
3774 3833
3774 3834
3774 3835
3775 3834
3775 3835
3776 3777
3776 3836
3777 3836
3777 3837
3778 3779
3778 3837
3778 3838
3778 3839
3779 3780
3779 3838
3779 3839
3780 3839
3780 3840
3781 3782
3781 3842
3782 3783
3782 3842
3782 3843
3783 3784
3783 3842
3783 3843
3783 3844
3784 3785
3784 3843
3784 3844
3784 3845
3785 3786
3785 3844
3785 3845
3785 3846
3786 3845
3786 3846
3786 3847
3787 3788
3787 3848
3788 3789
3788 3848
3788 3849
3789 3848
3789 3849
3789 3850
3790 3791
3790 3850
3790 3851
3791 3792
3791 3851
3791 3852
3792 3852
3792 3853
3793 3794
3793 3853
3793 3854
3793 3855
3794 3854
3794 3855
3794 3856
3795 3857
3795 3858
3796 3858
3796 3859
3797 3798
3797 3860
3797 3861
3797 3862
3798 3799
3798 3861
3798 3862
3798 3863
3799 3800
3799 3862
3799 3863
3799 3864
3800 3801
3800 3863
3800 3864
3800 3865
3801 3802
3801 3864
3801 3865
3802 3803
3802 3865
3802 3866
3803 3804
3803 3866
3803 3867
3804 3805
3804 3866
3804 3867
3804 3868
3805 3806
3805 3867
3805 3868
3805 3869
3806 3807
3806 3868
3806 3869
3806 3870
3807 3808
3807 3869
3807 3870
3807 3871
3808 3809
3808 3870
3808 3871
3808 3872
3809 3810
3809 3871
3809 3872
3809 3873
3810 3811
3810 3872
3810 3873
3810 3874
3811 3812
3811 3873
3811 3874
3812 3813
3812 3874
3812 3875
3813 3814
3813 3875
3813 3876
3814 3815
3814 3875
3814 3876
3814 3877
3815 3816
3815 3876
3815 3877
3815 3878
3816 3817
3816 3877
3816 3878
3816 3879
3817 3818
3817 3878
3817 3879
3818 3819
3818 3879
3818 3880
3819 3820
3819 3880
3819 3881
3820 3821
3820 3880
3820 3881
3820 3882
3821 3881
3821 3882
3822 3823
3822 3883
3823 3824
3823 3883
3823 3884
3824 3825
3824 3883
3824 3884
3824 3885
3825 3826
3825 3884
3825 3885
3825 3886
3826 3827
3826 3885
3826 3886
3826 3887
3827 3886
3827 3887
3827 3888
3828 3829
3828 3890
3828 3891
3828 3892
3829 3830
3829 3891
3829 3892
3830 3892
3830 3893
3831 3893
3831 3894
3832 3833
3832 3895
3832 3896
3833 3834
3833 3896
3834 3835
3834 3896
3835 3897
3836 3837
3836 3898
3836 3899
3837 3838
3837 3898
3837 3899
3838 3839
3838 3899
3838 3900
3839 3900
3839 3901
3840 3841
3840 3901
3840 3902
3840 3903
3841 3902
3841 3903
3842 3843
3842 3904
3842 3905
3842 3906
3843 3844
3843 3905
3843 3906
3843 3907
3844 3845
3844 3906
3844 3907
3844 3908
3845 3846
3845 3907
3845 3908
3845 3909
3846 3847
3846 3908
3846 3909
3847 3909
3848 3849
3848 3910
3848 3911
3849 3850
3849 3910
3849 3911
3849 3912
3850 3851
3850 3911
3850 3912
3851 3912
3851 3913
3852 3853
3852 3913
3852 3914
3853 3854
3853 3914
3853 3915
3854 3855
3854 3914
3854 3915
3854 3916
3855 3856
3855 3915
3855 3916
3855 3917
3856 3857
3856 3916
3856 3917
3857 3917
3857 3918
3858 3859
3858 3918
3858 3919
3859 3919
3859 3920
3860 3861
3860 3920
3860 3921
3860 3922
3861 3862
3861 3921
3861 3922
3861 3923
3862 3863
3862 3922
3862 3923
3862 3924
3863 3864
3863 3923
3863 3924
3863 3925
3864 3865
3864 3924
3864 3925
3864 3926
3865 3925
3865 3926
3865 3927
3866 3867
3866 3927
3866 3928
3867 3868
3867 3928
3867 3929
3868 3869
3868 3928
3868 3929
3868 3930
3869 3870
3869 3929
3869 3930
3870 3871
3870 3930
3870 3931
3871 3872
3871 3931
3871 3932
3872 3873
3872 3931
3872 3932
3872 3933
3873 3874
3873 3932
3873 3933
3874 3933
3874 3934
3875 3876
3875 3934
3875 3935
3876 3877
3876 3935
3877 3878
3877 3935
3877 3936
3878 3879
3878 3936
3878 3937
3879 3936
3879 3937
3880 3881
3880 3938
3881 3882
3881 3938
3882 3938
3882 3939
3883 3884
3883 3940
3883 3941
3884 3885
3884 3940
3884 3941
3885 3886
3885 3941
3886 3887
3886 3942
3887 3888
3887 3942
3887 3943
3888 3889
3888 3942
3888 3943
3888 3944
3889 3890
3889 3943
3889 3944
3889 3945
3890 3891
3890 3944
3890 3945
3890 3946
3891 3892
3891 3945
3891 3946
3892 3946
3892 3947
3893 3947
3893 3948
3893 3949
3894 3895
3894 3949
3894 3950
3894 3951
3895 3950
3895 3951
3895 3952
3896 3952
3896 3953
3896 3954
3897 3955
3897 3956
3897 3957
3898 3899
3898 3957
3898 3958
3898 3959
3899 3958
3899 3959
3899 3960
3900 3901
3900 3960
3900 3961
3901 3902
3901 3961
3902 3903
3902 3962
3903 3962
3904 3905
3904 3963
3905 3906
3905 3963
3905 3964
3906 3907
3906 3963
3906 3964
3906 3965
3907 3908
3907 3964
3907 3965
3907 3966
3908 3909
3908 3965
3908 3966
3908 3967
3909 3966
3909 3967
3909 3968
3910 3911
3910 3969
3910 3970
3910 3971
3911 3912
3911 3970
3911 3971
3911 3972
3912 3971
3912 3972
3912 3973
3913 3973
3913 3974
3913 3975
3914 3915
3914 3975
3914 3976
3914 3977
3915 3916
3915 3976
3915 3977
3916 3917
3916 3977
3918 3919
3918 3978
3918 3979
3919 3978
3919 3979
3919 3980
3920 3921
3920 3980
3920 3981
3920 3982
3921 3922
3921 3981
3921 3982
3921 3983
3922 3923
3922 3982
3922 3983
3923 3924
3923 3983
3923 3984
3924 3925
3924 3984
3924 3985
3925 3926
3925 3984
3925 3985
3925 3986
3926 3927
3926 3985
3926 3986
3926 3987
3927 3986
3927 3987
3927 3988
3928 3929
3928 3988
3928 3989
3928 3990
3929 3930
3929 3989
3929 3990
3930 3990
3930 3991
3931 3932
3931 3991
3931 3992
3932 3933
3932 3992
3932 3993
3933 3992
3933 3993
3933 3994
3934 3994
3934 3995
3934 3996
3935 3996
3935 3997
3935 3998
3936 3937
3936 3998
3936 3999
3936 4000
3937 3999
3937 4000
3937 4001
3938 4002
3938 4003
3939 4003
3939 4004
3939 4005
3940 3941
3940 4005
3941 4006
3942 3943
3942 4007
3943 3944
3943 4007
3943 4008
3944 3945
3944 4007
3944 4008
3944 4009
3945 3946
3945 4008
3945 4009
3945 4010
3946 4009
3946 4010
3946 4011
3947 3948
3947 4011
3947 4012
3948 3949
3948 4012
3948 4013
3949 3950
3949 4013
3949 4014
3950 3951
3950 4013
3950 4014
3951 3952
3951 4014
3951 4015
3952 3953
3952 4015
3952 4016
3953 3954
3953 4015
3953 4016
3953 4017
3954 3955
3954 4016
3954 4017
3955 3956
3955 4017
3956 3957
3956 4018
3957 3958
3957 4018
3957 4019
3958 3959
3958 4018
3958 4019
3958 4020
3959 3960
3959 4019
3959 4020
3960 3961
3960 4020
3960 4021
3961 4021
3961 4022
3962 4023
3962 4024
3963 3964
3963 4025
3963 4026
3963 4027
3964 3965
3964 4026
3964 4027
3964 4028
3965 3966
3965 4027
3965 4028
3965 4029
3966 3967
3966 4028
3966 4029
3967 3968
3967 4029
3968 4030
3969 3970
3969 4030
3969 4031
3969 4032
3970 3971
3970 4031
3970 4032
3970 4033
3971 3972
3971 4032
3971 4033
3971 4034
3972 3973
3972 4033
3972 4034
3972 4035
3973 3974
3973 4034
3973 4035
3973 4036
3974 3975
3974 4035
3974 4036
3974 4037
3975 3976
3975 4036
3975 4037
3975 4038
3976 3977
3976 4037
3976 4038
3976 4039
3977 4038
3977 4039
3977 4040
3978 3979
3978 4042
3978 4043
3978 4044
3979 3980
3979 4043
3979 4044
3979 4045
3980 3981
3980 4044
3980 4045
3981 3982
3981 4045
3981 4046
3982 3983
3982 4046
3982 4047
3983 4046
3983 4047
3983 4048
3984 3985
3984 4048
3984 4049
3985 3986
3985 4049
3986 3987
3986 4050
3987 3988
3987 4050
3988 3989
3988 4050
3988 4051
3989 3990
3989 4051
3990 4051
3991 4052
3992 3993
3992 4053
3993 3994
3993 4053
3993 4054
3994 3995
3994 4054
3994 4055
3995 3996
3995 4054
3995 4055
3995 4056
3996 3997
3996 4055
3996 4056
3997 3998
3997 4056
3998 3999
3998 4057
3999 4000
3999 4057
4000 4001
4000 4057
4000 4058
4001 4002
4001 4058
4002 4058
4002 4059
4003 4004
4003 4059
4003 4060
4003 4061
4004 4005
4004 4060
4004 4061
4004 4062
4005 4061
4005 4062
4005 4063
4006 4064
4006 4065
4006 4066
4007 4008
4007 4067
4007 4068
4007 4069
4008 4009
4008 4068
4008 4069
4008 4070
4009 4010
4009 4069
4009 4070
4009 4071
4010 4011
4010 4070
4010 4071
4010 4072
4011 4012
4011 4071
4011 4072
4012 4072
4012 4073
4013 4014
4013 4073
4013 4074
4013 4075
4014 4074
4014 4075
4014 4076
4015 4016
4015 4076
4015 4077
4015 4078
4016 4017
4016 4077
4016 4078
4016 4079
4017 4078
4017 4079
4017 4080
4018 4019
4018 4081
4018 4082
4018 4083
4019 4020
4019 4082
4019 4083
4020 4083
4020 4084
4021 4022
4021 4084
4021 4085
4021 4086
4022 4023
4022 4085
4022 4086
4023 4024
4023 4086
4025 4026
4025 4087
4025 4088
4026 4027
4026 4087
4026 4088
4026 4089
4027 4028
4027 4088
4027 4089
4027 4090
4028 4029
4028 4089
4028 4090
4028 4091
4029 4090
4029 4091
4029 4092
4030 4031
4030 4093
4030 4094
4031 4032
4031 4093
4031 4094
4031 4095
4032 4033
4032 4094
4032 4095
4032 4096
4033 4034
4033 4095
4033 4096
4033 4097
4034 4035
4034 4096
4034 4097
4034 4098
4035 4036
4035 4097
4035 4098
4035 4099
4036 4037
4036 4098
4036 4099
4037 4038
4037 4099
4037 4100
4038 4039
4038 4100
4038 4101
4039 4040
4039 4100
4039 4101
4039 4102
4040 4041
4040 4101
4040 4102
4040 4103
4041 4042
4041 4102
4041 4103
4042 4043
4042 4103
4042 4104
4043 4044
4043 4104
4044 4045
4044 4104
4045 4105
4046 4047
4046 4105
4046 4106
4046 4107
4047 4048
4047 4106
4047 4107
4047 4108
4048 4049
4048 4107
4048 4108
4048 4109
4049 4108
4049 4109
4049 4110
4050 4111
4050 4112
4050 4113
4051 4113
4051 4114
4051 4115
4052 4116
4052 4117
4053 4117
4053 4118
4053 4119
4054 4055
4054 4119
4054 4120
4054 4121
4055 4056
4055 4120
4055 4121
4056 4121
4056 4122
4057 4123
4057 4124
4058 4124
4058 4125
4058 4126
4059 4060
4059 4126
4059 4127
4060 4061
4060 4127
4060 4128
4061 4062
4061 4127
4061 4128
4061 4129
4062 4063
4062 4128
4062 4129
4062 4130
4063 4064
4063 4129
4063 4130
4064 4065
4064 4130
4064 4131
4065 4066
4065 4131
4065 4132
4066 4067
4066 4131
4066 4132
4066 4133
4067 4068
4067 4132
4067 4133
4067 4134
4068 4069
4068 4133
4068 4134
4068 4135
4069 4070
4069 4134
4069 4135
4069 4136
4070 4071
4070 4135
4070 4136
4070 4137
4071 4072
4071 4136
4071 4137
4071 4138
4072 4137
4072 4138
4072 4139
4073 4074
4073 4139
4073 4140
4074 4075
4074 4140
4074 4141
4075 4076
4075 4141
4075 4142
4076 4077
4076 4141
4076 4142
4076 4143
4077 4078
4077 4142
4077 4143
4077 4144
4078 4079
4078 4143
4078 4144
4078 4145
4079 4080
4079 4144
4079 4145
4079 4146
4080 4081
4080 4145
4080 4146
4080 4147
4081 4082
4081 4146
4081 4147
4081 4148
4082 4083
4082 4147
4082 4148
4082 4149
4083 4148
4083 4149
4084 4085
4084 4150
4084 4151
4085 4086
4085 4150
4085 4151
4085 4152
4086 4151
4086 4152
4087 4088
4088 4089
4088 4154
4089 4090
4089 4154
4089 4155
4090 4091
4090 4154
4090 4155
4090 4156
4091 4092
4091 4155
4091 4156
4091 4157
4092 4156
4092 4157
4092 4158
4093 4094
4093 4158
4093 4159
4093 4160
4094 4095
4094 4159
4094 4160
4094 4161
4095 4096
4095 4160
4095 4161
4096 4097
4096 4161
4096 4162
4097 4098
4097 4162
4097 4163
4098 4099
4098 4162
4098 4163
4098 4164
4099 4163
4099 4164
4099 4165
4100 4101
4100 4165
4100 4166
4101 4102
4101 4166
4101 4167
4102 4103
4102 4167
4102 4168
4103 4167
4103 4168
4103 4169
4104 4169
4104 4170
4105 4106
4105 4171
4105 4172
4105 4173
4106 4107
4106 4172
4106 4173
4107 4108
4107 4173
4107 4174
4108 4109
4108 4174
4108 4175
4109 4110
4109 4174
4109 4175
4109 4176
4110 4111
4110 4175
4110 4176
4110 4177
4111 4112
4111 4176
4111 4177
4111 4178
4112 4113
4112 4177
4112 4178
4112 4179
4113 4114
4113 4178
4113 4179
4113 4180
4114 4115
4114 4179
4114 4180
4114 4181
4115 4180
4115 4181
4116 4117
4116 4182
4116 4183
4117 4118
4117 4182
4117 4183
4117 4184
4118 4119
4118 4183
4118 4184
4118 4185
4119 4120
4119 4184
4119 4185
4119 4186
4120 4121
4120 4185
4120 4186
4120 4187
4121 4186
4121 4187
4121 4188
4122 4123
4122 4188
4122 4189
4122 4190
4123 4189
4123 4190
4123 4191
4124 4125
4124 4191
4124 4192
4124 4193
4125 4126
4125 4192
4125 4193
4125 4194
4126 4193
4126 4194
4126 4195
4127 4128
4127 4195
4127 4196
4128 4129
4128 4196
4128 4197
4129 4130
4129 4197
4129 4198
4130 4197
4130 4198
4130 4199
4131 4132
4131 4199
4131 4200
4131 4201
4132 4133
4132 4200
4132 4201
4132 4202
4133 4134
4133 4201
4133 4202
4133 4203
4134 4135
4134 4202
4134 4203
4134 4204
4135 4136
4135 4203
4135 4204
4135 4205
4136 4137
4136 4204
4136 4205
4137 4138
4137 4205
4138 4139
4138 4206
4139 4140
4139 4206
4139 4207
4140 4206
4140 4207
4140 4208
4141 4142
4141 4208
4141 4209
4141 4210
4142 4143
4142 4209
4142 4210
4142 4211
4143 4144
4143 4210
4143 4211
4143 4212
4144 4145
4144 4211
4144 4212
4144 4213
4145 4146
4145 4212
4145 4213
4145 4214
4146 4147
4146 4213
4146 4214
4146 4215
4147 4148
4147 4214
4147 4215
4148 4149
4148 4215
4148 4216
4149 4216
4149 4217
4150 4151
4150 4217
4150 4218
4150 4219
4151 4152
4151 4218
4151 4219
4151 4220
4152 4219
4152 4220
4153 4221
4154 4155
4154 4223
4154 4224
4154 4225
4155 4156
4155 4224
4155 4225
4156 4157
4156 4225
4157 4158
4157 4226
4158 4159
4158 4226
4158 4227
4159 4160
4159 4226
4159 4227
4159 4228
4160 4161
4160 4227
4160 4228
4160 4229
4161 4228
4161 4229
4162 4163
4162 4230
4162 4231
4163 4164
4163 4230
4163 4231
4164 4165
4164 4231
4164 4232
4165 4166
4165 4232
4165 4233
4166 4232
4166 4233
4167 4168
4167 4234
4167 4235
4168 4169
4168 4234
4168 4235
4168 4236
4169 4235
4169 4236
4169 4237
4170 4171
4170 4237
4170 4238
4170 4239
4171 4172
4171 4238
4171 4239
4171 4240
4172 4173
4172 4239
4172 4240
4172 4241
4173 4240
4173 4241
4174 4175
4174 4242
4174 4243
4175 4176
4175 4242
4175 4243
4175 4244
4176 4177
4176 4243
4176 4244
4176 4245
4177 4178
4177 4244
4177 4245
4177 4246
4178 4179
4178 4245
4178 4246
4178 4247
4179 4180
4179 4246
4179 4247
4179 4248
4180 4181
4180 4247
4180 4248
4180 4249
4181 4248
4181 4249
4181 4250
4182 4183
4182 4250
4182 4251
4182 4252
4183 4184
4183 4251
4183 4252
4183 4253
4184 4185
4184 4252
4184 4253
4184 4254
4185 4186
4185 4253
4185 4254
4186 4187
4186 4254
4186 4255
4187 4188
4187 4255
4187 4256
4188 4189
4188 4255
4188 4256
4188 4257
4189 4190
4189 4256
4189 4257
4189 4258
4190 4191
4190 4257
4190 4258
4191 4192
4191 4258
4192 4193
4193 4194
4193 4259
4194 4195
4194 4259
4194 4260
4195 4196
4195 4259
4195 4260
4195 4261
4196 4260
4196 4261
4196 4262
4197 4198
4197 4262
4198 4199
4199 4200
4199 4263
4200 4201
4200 4263
4200 4264
4201 4202
4201 4263
4201 4264
4201 4265
4202 4203
4202 4264
4202 4265
4202 4266
4203 4204
4203 4265
4203 4266
4203 4267
4204 4205
4204 4266
4204 4267
4204 4268
4205 4267
4205 4268
4206 4207
4206 4269
4206 4270
4207 4208
4207 4269
4207 4270
4207 4271
4208 4209
4208 4270
4208 4271
4208 4272
4209 4210
4209 4271
4209 4272
4209 4273
4210 4211
4210 4272
4210 4273
4210 4274
4211 4212
4211 4273
4211 4274
4211 4275
4212 4213
4212 4274
4212 4275
4212 4276
4213 4214
4213 4275
4213 4276
4213 4277
4214 4215
4214 4276
4214 4277
4214 4278
4215 4277
4215 4278
4216 4217
4216 4279
4217 4218
4217 4279
4217 4280
4218 4219
4218 4279
4218 4280
4218 4281
4219 4220
4219 4280
4219 4281
4219 4282
4220 4281
4220 4282
4220 4283
4221 4283
4221 4284
4222 4223
4222 4285
4223 4224
4223 4285
4223 4286
4224 4225
4224 4285
4224 4286
4224 4287
4225 4286
4225 4287
4226 4227
4226 4288
4226 4289
4226 4290
4227 4228
4227 4289
4227 4290
4227 4291
4228 4229
4228 4290
4228 4291
4229 4291
4229 4292
4230 4231
4230 4292
4230 4293
4230 4294
4231 4293
4231 4294
4231 4295
4232 4233
4232 4295
4234 4235
4234 4296
4234 4297
4235 4236
4235 4296
4235 4297
4235 4298
4236 4237
4236 4297
4236 4298
4236 4299
4237 4238
4237 4298
4237 4299
4237 4300
4238 4239
4238 4299
4238 4300
4239 4240
4239 4300
4240 4241
4240 4301
4241 4301
4241 4302
4242 4243
4242 4302
4242 4303
4243 4244
4243 4303
4243 4304
4244 4245
4244 4304
4244 4305
4245 4246
4245 4304
4245 4305
4246 4247
4246 4305
4246 4306
4247 4248
4247 4306
4247 4307
4248 4249
4248 4306
4248 4307
4249 4250
4249 4307
4249 4308
4250 4251
4250 4308
4250 4309
4251 4252
4251 4308
4251 4309
4251 4310
4252 4253
4252 4309
4252 4310
4252 4311
4253 4254
4253 4310
4253 4311
4253 4312
4254 4311
4254 4312
4254 4313
4255 4256
4255 4313
4255 4314
4256 4257
4256 4314
4256 4315
4257 4258
4257 4315
4257 4316
4258 4315
4258 4316
4258 4317
4259 4260
4259 4319
4259 4320
4260 4261
4260 4320
4260 4321
4261 4262
4261 4320
4261 4321
4261 4322
4262 4321
4262 4322
4262 4323
4263 4264
4263 4325
4263 4326
4263 4327
4264 4265
4264 4326
4264 4327
4265 4266
4265 4327
4266 4267
4266 4328
4267 4268
4267 4328
4267 4329
4268 4328
4268 4329
4268 4330
4269 4270
4269 4331
4269 4332
4269 4333
4270 4271
4270 4332
4270 4333
4270 4334
4271 4272
4271 4333
4271 4334
4271 4335
4272 4273
4272 4334
4272 4335
4272 4336
4273 4274
4273 4335
4273 4336
4273 4337
4274 4275
4274 4336
4274 4337
4274 4338
4275 4276
4275 4337
4275 4338
4276 4277
4276 4338
4277 4278
4277 4339
4278 4339
4279 4280
4279 4340
4279 4341
4279 4342
4280 4281
4280 4341
4280 4342
4280 4343
4281 4282
4281 4342
4281 4343
4281 4344
4282 4283
4282 4343
4282 4344
4282 4345
4283 4284
4283 4344
4283 4345
4283 4346
4284 4345
4284 4346
4285 4286
4285 4347
4285 4348
4285 4349
4286 4287
4286 4348
4286 4349
4286 4350
4287 4349
4287 4350
4287 4351
4288 4289
4288 4351
4288 4352
4289 4290
4289 4352
4290 4291
4290 4352
4291 4353
4292 4293
4292 4353
4292 4354
4292 4355
4293 4294
4293 4354
4293 4355
4293 4356
4294 4295
4294 4355
4294 4356
4294 4357
4295 4356
4295 4357
4295 4358
4296 4297
4296 4360
4296 4361
4297 4298
4297 4361
4297 4362
4298 4299
4298 4361
4298 4362
4298 4363
4299 4300
4299 4362
4299 4363
4300 4363
4300 4364
4301 4302
4301 4365
4301 4366
4302 4303
4302 4366
4302 4367
4303 4366
4303 4367
4303 4368
4304 4305
4304 4368
4304 4369
4304 4370
4305 4369
4305 4370
4306 4307
4306 4371
4306 4372
4307 4371
4307 4372
4307 4373
4308 4309
4308 4373
4308 4374
4308 4375
4309 4310
4309 4374
4309 4375
4309 4376
4310 4311
4310 4375
4310 4376
4311 4312
4311 4376
4311 4377
4312 4313
4312 4377
4312 4378
4313 4314
4313 4377
4313 4378
4313 4379
4314 4378
4314 4379
4315 4316
4315 4380
4315 4381
4316 4317
4316 4380
4316 4381
4316 4382
4317 4318
4317 4381
4317 4382
4317 4383
4318 4319
4318 4382
4318 4383
4318 4384
4319 4383
4319 4384
4319 4385
4320 4321
4320 4385
4320 4386
4321 4322
4321 4386
4322 4323
4322 4386
4322 4387
4323 4324
4323 4387
4323 4388
4324 4325
4324 4387
4324 4388
4324 4389
4325 4326
4325 4388
4325 4389
4325 4390
4326 4327
4326 4389
4326 4390
4326 4391
4327 4390
4327 4391
4327 4392
4328 4329
4328 4393
4328 4394
4329 4330
4329 4393
4329 4394
4329 4395
4330 4331
4330 4394
4330 4395
4330 4396
4331 4332
4331 4395
4331 4396
4331 4397
4332 4333
4332 4396
4332 4397
4333 4334
4333 4397
4333 4398
4334 4335
4334 4398
4335 4336
4335 4398
4335 4399
4336 4337
4336 4399
4336 4400
4337 4338
4337 4399
4337 4400
4337 4401
4338 4400
4338 4401
4338 4402
4339 4403
4339 4404
4339 4405
4340 4341
4340 4405
4340 4406
4341 4342
4341 4406
4342 4343
4342 4407
4343 4344
4343 4407
4343 4408
4344 4345
4344 4407
4344 4408
4344 4409
4345 4346
4345 4408
4345 4409
4346 4409
4347 4348
4347 4410
4348 4349
4348 4410
4348 4411
4349 4350
4349 4410
4349 4411
4349 4412
4350 4351
4350 4411
4350 4412
4350 4413
4351 4412
4351 4413
4351 4414
4352 4414
4352 4415
4352 4416
4353 4354
4353 4417
4353 4418
4353 4419
4354 4355
4354 4418
4354 4419
4354 4420
4355 4356
4355 4419
4355 4420
4356 4357
4356 4420
4356 4421
4357 4358
4357 4421
4357 4422
4358 4359
4358 4421
4358 4422
4358 4423
4359 4360
4359 4422
4359 4423
4359 4424
4360 4423
4360 4424
4360 4425
4361 4362
4361 4425
4361 4426
4361 4427
4362 4363
4362 4426
4362 4427
4362 4428
4363 4427
4363 4428
4363 4429
4364 4365
4364 4429
4364 4430
4365 4430
4366 4367
4366 4431
4366 4432
4367 4368
4367 4431
4367 4432
4367 4433
4368 4369
4368 4432
4368 4433
4368 4434
4369 4370
4369 4433
4369 4434
4370 4434
4370 4435
4371 4372
4371 4435
4371 4436
4371 4437
4372 4373
4372 4436
4372 4437
4372 4438
4373 4374
4373 4437
4373 4438
4374 4375
4374 4438
4374 4439
4375 4376
4375 4439
4375 4440
4376 4439
4376 4440
4376 4441
4377 4378
4377 4441
4377 4442
4377 4443
4378 4379
4378 4442
4378 4443
4378 4444
4379 4443
4379 4444
4379 4445
4380 4381
4380 4445
4380 4446
4380 4447
4381 4382
4381 4446
4381 4447
4381 4448
4382 4383
4382 4447
4382 4448
4382 4449
4383 4384
4383 4448
4383 4449
4383 4450
4384 4385
4384 4449
4384 4450
4385 4450
4386 4451
4386 4452
4387 4388
4387 4452
4387 4453
4387 4454
4388 4389
4388 4453
4388 4454
4388 4455
4389 4390
4389 4454
4389 4455
4389 4456
4390 4391
4390 4455
4390 4456
4391 4392
4391 4456
4391 4457
4392 4457
4392 4458
4393 4394
4393 4458
4393 4459
4393 4460
4394 4395
4394 4459
4394 4460
4394 4461
4395 4396
4395 4460
4395 4461
4395 4462
4396 4397
4396 4461
4396 4462
4396 4463
4397 4462
4397 4463
4397 4464
4398 4464
4398 4465
4398 4466
4399 4400
4399 4466
4399 4467
4400 4401
4400 4467
4401 4402
4401 4467
4401 4468
4402 4403
4402 4468
4402 4469
4403 4404
4403 4468
4403 4469
4403 4470
4404 4405
4404 4469
4404 4470
4404 4471
4405 4406
4405 4470
4405 4471
4405 4472
4406 4471
4406 4472
4406 4473
4407 4408
4407 4474
4407 4475
4407 4476
4408 4409
4408 4475
4408 4476
4408 4477
4409 4476
4409 4477
4409 4478
4410 4411
4410 4479
4410 4480
4410 4481
4411 4412
4411 4480
4411 4481
4411 4482
4412 4413
4412 4481
4412 4482
4412 4483
4413 4414
4413 4482
4413 4483
4413 4484
4414 4415
4414 4483
4414 4484
4414 4485
4415 4416
4415 4484
4415 4485
4415 4486
4416 4417
4416 4485
4416 4486
4416 4487
4417 4418
4417 4486
4417 4487
4417 4488
4418 4419
4418 4487
4418 4488
4418 4489
4419 4420
4419 4488
4419 4489
4419 4490
4420 4489
4420 4490
4420 4491
4421 4422
4421 4491
4421 4492
4421 4493
4422 4423
4422 4492
4422 4493
4422 4494
4423 4424
4423 4493
4423 4494
4424 4425
4424 4494
4425 4426
4425 4495
4426 4427
4426 4495
4427 4428
4427 4495
4427 4496
4428 4429
4428 4496
4428 4497
4429 4430
4429 4496
4429 4497
4429 4498
4430 4497
4430 4498
4431 4432
4431 4499
4431 4500
4432 4433
4432 4500
4433 4434
4433 4500
4433 4501
4434 4501
4434 4502
4435 4436
4435 4502
4435 4503
4435 4504
4436 4437
4436 4503
4436 4504
4436 4505
4437 4438
4437 4504
4437 4505
4437 4506
4438 4505
4438 4506
4438 4507
4439 4440
4439 4507
4439 4508
4439 4509
4440 4441
4440 4508
4440 4509
4440 4510
4441 4442
4441 4509
4441 4510
4441 4511
4442 4443
4442 4510
4442 4511
4442 4512
4443 4444
4443 4511
4443 4512
4443 4513
4444 4445
4444 4512
4444 4513
4444 4514
4445 4446
4445 4513
4445 4514
4445 4515
4446 4447
4446 4514
4446 4515
4446 4516
4447 4448
4447 4515
4447 4516
4447 4517
4448 4449
4448 4516
4448 4517
4448 4518
4449 4450
4449 4517
4449 4518
4449 4519
4450 4518
4450 4519
4450 4520
4451 4452
4451 4521
4451 4522
4451 4523
4452 4453
4452 4522
4452 4523
4452 4524
4453 4454
4453 4523
4453 4524
4453 4525
4454 4455
4454 4524
4454 4525
4454 4526
4455 4456
4455 4525
4455 4526
4455 4527
4456 4526
4456 4527
4456 4528
4457 4458
4457 4528
4457 4529
4457 4530
4458 4459
4458 4529
4458 4530
4458 4531
4459 4460
4459 4530
4459 4531
4460 4461
4460 4531
4461 4462
4461 4532
4462 4463
4462 4532
4462 4533
4463 4464
4463 4532
4463 4533
4463 4534
4464 4465
4464 4533
4464 4534
4464 4535
4465 4466
4465 4534
4465 4535
4465 4536
4466 4535
4466 4536
4467 4537
4468 4469
4468 4538
4468 4539
4469 4470
4469 4538
4469 4539
4470 4471
4470 4539
4470 4540
4471 4472
4471 4540
4471 4541
4472 4473
4472 4540
4472 4541
4473 4474
4473 4541
4473 4542
4474 4475
4474 4542
4474 4543
4475 4476
4475 4542
4475 4543
4475 4544
4476 4477
4476 4543
4476 4544
4476 4545
4477 4478
4477 4544
4477 4545
4477 4546
4478 4545
4478 4546
4479 4480
4479 4547
4479 4548
4480 4481
4480 4547
4480 4548
4481 4482
4481 4548
4481 4549
4482 4483
4482 4549
4482 4550
4483 4484
4483 4549
4483 4550
4483 4551
4484 4485
4484 4550
4484 4551
4484 4552
4485 4486
4485 4551
4485 4552
4485 4553
4486 4487
4486 4552
4486 4553
4487 4488
4487 4553
4487 4554
4488 4489
4488 4554
4488 4555
4489 4490
4489 4554
4489 4555
4489 4556
4490 4491
4490 4555
4490 4556
4490 4557
4491 4492
4491 4556
4491 4557
4491 4558
4492 4493
4492 4557
4492 4558
4493 4494
4493 4558
4493 4559
4494 4559
4494 4560
4495 4561
4495 4562
4495 4563
4496 4497
4496 4563
4496 4564
4497 4498
4497 4564
4497 4565
4498 4564
4498 4565
4498 4566
4499 4566
4499 4567
4499 4568
4500 4568
4500 4569
4501 4502
4501 4569
4501 4570
4502 4503
4502 4570
4502 4571
4503 4504
4503 4571
4503 4572
4504 4505
4504 4571
4504 4572
4504 4573
4505 4506
4505 4572
4505 4573
4505 4574
4506 4507
4506 4573
4506 4574
4506 4575
4507 4508
4507 4574
4507 4575
4508 4509
4508 4575
4508 4576
4509 4510
4509 4576
4509 4577
4510 4511
4510 4576
4510 4577
4510 4578
4511 4512
4511 4577
4511 4578
4512 4513
4512 4578
4512 4579
4513 4514
4513 4579
4514 4515
4514 4579
4515 4516
4515 4580
4516 4517
4516 4580
4516 4581
4517 4518
4517 4580
4517 4581
4517 4582
4518 4519
4518 4581
4518 4582
4518 4583
4519 4520
4519 4582
4519 4583
4519 4584
4520 4521
4520 4583
4520 4584
4520 4585
4521 4522
4521 4584
4521 4585
4521 4586
4522 4523
4522 4585
4522 4586
4523 4524
4523 4586
4523 4587
4524 4525
4524 4587
4524 4588
4525 4526
4525 4587
4525 4588
4526 4527
4526 4588
4526 4589
4527 4528
4527 4589
4527 4590
4528 4529
4528 4589
4528 4590
4528 4591
4529 4530
4529 4590
4529 4591
4529 4592
4530 4531
4530 4591
4530 4592
4530 4593
4531 4592
4531 4593
4531 4594
4532 4533
4532 4595
4532 4596
4533 4534
4533 4595
4533 4596
4533 4597
4534 4535
4534 4596
4534 4597
4535 4536
4535 4597
4535 4598
4536 4598
4536 4599
4537 4599
4537 4600
4538 4539
4538 4600
4538 4601
4538 4602
4539 4601
4539 4602
4540 4541
4540 4603
4540 4604
4541 4603
4541 4604
4542 4543
4542 4605
4542 4606
4543 4544
4543 4605
4543 4606
4543 4607
4544 4545
4544 4606
4544 4607
4544 4608
4545 4546
4545 4607
4545 4608
4545 4609
4546 4608
4546 4609
4547 4548
4547 4610
4547 4611
4548 4610
4548 4611
4548 4612
4549 4550
4549 4612
4549 4613
4549 4614
4550 4551
4550 4613
4550 4614
4550 4615
4551 4552
4551 4614
4551 4615
4551 4616
4552 4553
4552 4615
4552 4616
4552 4617
4553 4616
4553 4617
4554 4555
4554 4618
4554 4619
4555 4556
4555 4618
4555 4619
4556 4557
4556 4619
4557 4558
4557 4620
4558 4620
4558 4621
4559 4560
4559 4621
4559 4622
4559 4623
4560 4561
4560 4622
4560 4623
4560 4624
4561 4562
4561 4623
4561 4624
4561 4625
4562 4563
4562 4624
4562 4625
4562 4626
4563 4625
4563 4626
4564 4565
4564 4627
4564 4628
4565 4566
4565 4627
4565 4628
4566 4567
4566 4628
4567 4568
4567 4629
4568 4629
4568 4630
4569 4570
4569 4630
4569 4631
4569 4632
4570 4631
4570 4632
4571 4572
4571 4633
4571 4634
4572 4573
4572 4633
4572 4634
4572 4635
4573 4574
4573 4634
4573 4635
4574 4575
4574 4635
4575 4636
4576 4577
4576 4636
4576 4637
4577 4578
4577 4637
4577 4638
4578 4637
4578 4638
4578 4639
4579 4639
4580 4581
4580 4640
4580 4641
4580 4642
4581 4582
4581 4641
4581 4642
4581 4643
4582 4583
4582 4642
4582 4643
4582 4644
4583 4584
4583 4643
4583 4644
4583 4645
4584 4585
4584 4644
4584 4645
4584 4646
4585 4586
4585 4645
4585 4646
4586 4646
4586 4647
4587 4588
4587 4647
4587 4648
4587 4649
4588 4648
4588 4649
4588 4650
4589 4590
4589 4650
4589 4651
4589 4652
4590 4591
4590 4651
4590 4652
4590 4653
4591 4592
4591 4652
4591 4653
4592 4593
4592 4653
4593 4594
4593 4654
4594 4654
4594 4655
4595 4596
4595 4655
4595 4656
4595 4657
4596 4597
4596 4656
4596 4657
4596 4658
4597 4657
4597 4658
4597 4659
4598 4599
4598 4659
4598 4660
4599 4660
4599 4661
4600 4601
4600 4661
4600 4662
4601 4602
4601 4662
4601 4663
4602 4662
4602 4663
4602 4664
4603 4604
4603 4664
4603 4665
4603 4666
4604 4665
4604 4666
4604 4667
4605 4606
4605 4667
4605 4668
4605 4669
4606 4607
4606 4668
4606 4669
4606 4670
4607 4608
4607 4669
4607 4670
4607 4671
4608 4609
4608 4670
4608 4671
4608 4672
4609 4671
4609 4672
4610 4611
4610 4673
4610 4674
4611 4612
4611 4673
4611 4674
4611 4675
4612 4613
4612 4674
4612 4675
4612 4676
4613 4614
4613 4675
4613 4676
4613 4677
4614 4615
4614 4676
4614 4677
4615 4616
4615 4677
4615 4678
4616 4617
4616 4678
4616 4679
4617 4678
4617 4679
4617 4680
4618 4619
4618 4680
4618 4681
4618 4682
4619 4681
4619 4682
4619 4683
4620 4621
4620 4684
4620 4685
4620 4686
4621 4622
4621 4685
4621 4686
4621 4687
4622 4623
4622 4686
4622 4687
4622 4688
4623 4624
4623 4687
4623 4688
4623 4689
4624 4625
4624 4688
4624 4689
4624 4690
4625 4626
4625 4689
4625 4690
4625 4691
4626 4690
4626 4691
4627 4628
4627 4692
4628 4692
4628 4693
4629 4630
4629 4694
4629 4695
4629 4696
4630 4631
4630 4695
4630 4696
4630 4697
4631 4632
4631 4696
4631 4697
4631 4698
4632 4697
4632 4698
4632 4699
4633 4634
4633 4699
4633 4700
4633 4701
4634 4635
4634 4700
4634 4701
4634 4702
4635 4701
4635 4702
4635 4703
4636 4704
4636 4705
4637 4638
4637 4706
4637 4707
4638 4639
4638 4706
4638 4707
4638 4708
4639 4707
4639 4708
4639 4709
4640 4641
4640 4710
4641 4642
4641 4710
4641 4711
4642 4643
4642 4711
4642 4712
4643 4644
4643 4711
4643 4712
4643 4713
4644 4645
4644 4712
4644 4713
4644 4714
4645 4646
4645 4713
4645 4714
4646 4714
4646 4715
4647 4648
4647 4715
4647 4716
4648 4649
4648 4716
4648 4717
4649 4650
4649 4717
4649 4718
4650 4651
4650 4717
4650 4718
4650 4719
4651 4652
4651 4718
4651 4719
4651 4720
4652 4653
4652 4719
4652 4720
4652 4721
4653 4720
4653 4721
4653 4722
4654 4655
4654 4723
4654 4724
4654 4725
4655 4656
4655 4724
4655 4725
4655 4726
4656 4657
4656 4725
4656 4726
4656 4727
4657 4658
4657 4726
4657 4727
4657 4728
4658 4659
4658 4727
4658 4728
4658 4729
4659 4728
4659 4729
4659 4730
4660 4661
4660 4730
4660 4731
4661 4731
4661 4732
4662 4663
4662 4732
4662 4733
4662 4734
4663 4664
4663 4733
4663 4734
4663 4735
4664 4665
4664 4734
4664 4735
4664 4736
4665 4666
4665 4735
4665 4736
4665 4737
4666 4667
4666 4736
4666 4737
4666 4738
4667 4668
4667 4737
4667 4738
4667 4739
4668 4669
4668 4738
4668 4739
4668 4740
4669 4670
4669 4739
4669 4740
4669 4741
4670 4671
4670 4740
4670 4741
4671 4672
4671 4741
4671 4742
4672 4742
4673 4674
4673 4743
4673 4744
4674 4675
4674 4743
4674 4744
4674 4745
4675 4676
4675 4744
4675 4745
4675 4746
4676 4677
4676 4745
4676 4746
4676 4747
4677 4746
4677 4747
4677 4748
4678 4679
4678 4748
4678 4749
4678 4750
4679 4680
4679 4749
4679 4750
4680 4681
4680 4750
4680 4751
4681 4682
4681 4751
4681 4752
4682 4683
4682 4751
4682 4752
4682 4753
4683 4684
4683 4752
4683 4753
4684 4685
4684 4753
4684 4754
4685 4686
4685 4754
4685 4755
4686 4687
4686 4754
4686 4755
4686 4756
4687 4688
4687 4755
4687 4756
4687 4757
4688 4689
4688 4756
4688 4757
4688 4758
4689 4690
4689 4757
4689 4758
4690 4691
4690 4758
4691 4759
4692 4759
4692 4760
4692 4761
4693 4694
4693 4761
4693 4762
4694 4695
4694 4762
4695 4696
4695 4763
4696 4697
4696 4763
4697 4698
4697 4763
4698 4699
4698 4764
4699 4700
4699 4764
4699 4765
4700 4701
4700 4764
4700 4765
4700 4766
4701 4702
4701 4765
4701 4766
4701 4767
4702 4703
4702 4766
4702 4767
4702 4768
4703 4704
4703 4767
4703 4768
4703 4769
4704 4705
4704 4768
4704 4769
4704 4770
4705 4769
4705 4770
4705 4771
4706 4707
4706 4771
4706 4772
4707 4708
4707 4772
4708 4709
4708 4772
4708 4773
4709 4773
4710 4774
4710 4775
4711 4712
4711 4775
4711 4776
4712 4713
4712 4776
4713 4714
4713 4776
4713 4777
4714 4777
4714 4778
4715 4716
4715 4778
4715 4779
4716 4779
4716 4780
4717 4718
4717 4780
4717 4781
4718 4719
4718 4781
4718 4782
4719 4720
4719 4781
4719 4782
4719 4783
4720 4721
4720 4782
4720 4783
4721 4722
4721 4783
4722 4723
4722 4784
4723 4724
4723 4784
4723 4785
4724 4725
4724 4784
4724 4785
4724 4786
4725 4726
4725 4785
4725 4786
4725 4787
4726 4727
4726 4786
4726 4787
4726 4788
4727 4728
4727 4787
4727 4788
4727 4789
4728 4729
4728 4788
4728 4789
4728 4790
4729 4730
4729 4789
4729 4790
4729 4791
4730 4731
4730 4790
4730 4791
4730 4792
4731 4791
4731 4792
4731 4793
4732 4733
4732 4793
4732 4794
4732 4795
4733 4734
4733 4794
4733 4795
4733 4796
4734 4735
4734 4795
4734 4796
4734 4797
4735 4736
4735 4796
4735 4797
4735 4798
4736 4737
4736 4797
4736 4798
4737 4738
4737 4798
4737 4799
4738 4739
4738 4799
4738 4800
4739 4740
4739 4799
4739 4800
4739 4801
4740 4741
4740 4800
4740 4801
4741 4801
4741 4802
4742 4802
4742 4803
4743 4744
4743 4804
4744 4745
4744 4804
4744 4805
4745 4746
4745 4805
4745 4806
4746 4747
4746 4805
4746 4806
4747 4748
4747 4806
4747 4807
4748 4749
4748 4807
4748 4808
4749 4750
4749 4807
4749 4808
4749 4809
4750 4808
4750 4809
4750 4810
4751 4752
4751 4810
4751 4811
4751 4812
4752 4753
4752 4811
4752 4812
4753 4812
4753 4813
4754 4755
4754 4813
4754 4814
4755 4756
4755 4814
4756 4757
4757 4758
4757 4815
4758 4815
4758 4816
4759 4760
4759 4817
4759 4818
4759 4819
4760 4761
4760 4818
4760 4819
4760 4820
4761 4762
4761 4819
4761 4820
4762 4820
4762 4821
4763 4822
4763 4823
4763 4824
4764 4765
4764 4825
4764 4826
4764 4827
4765 4766
4765 4826
4765 4827
4765 4828
4766 4767
4766 4827
4766 4828
4766 4829
4767 4768
4767 4828
4767 4829
4767 4830
4768 4769
4768 4829
4768 4830
4768 4831
4769 4770
4769 4830
4769 4831
4769 4832
4770 4771
4770 4831
4770 4832
4770 4833
4771 4832
4771 4833
4771 4834
4772 4834
4772 4835
4772 4836
4773 4836
4773 4837
4774 4775
4774 4837
4774 4838
4775 4838
4776 4839
4776 4840
4777 4778
4777 4840
4777 4841
4777 4842
4778 4779
4778 4841
4778 4842
4778 4843
4779 4842
4779 4843
4780 4844
4781 4782
4781 4844
4781 4845
4782 4783
4782 4845
4782 4846
4783 4845
4783 4846
4783 4847
4784 4785
4784 4848
4784 4849
4785 4786
4785 4849
4786 4787
4786 4849
4786 4850
4787 4788
4787 4850
4787 4851
4788 4789
4788 4850
4788 4851
4788 4852
4789 4790
4789 4851
4789 4852
4790 4791
4790 4852
4790 4853
4791 4792
4791 4853
4791 4854
4792 4793
4792 4853
4792 4854
4793 4794
4793 4854
4793 4855
4794 4795
4794 4855
4794 4856
4795 4796
4795 4855
4795 4856
4795 4857
4796 4797
4796 4856
4796 4857
4796 4858
4797 4798
4797 4857
4797 4858
4798 4858
4799 4800
4799 4859
4799 4860
4800 4801
4800 4859
4800 4860
4800 4861
4801 4860
4801 4861
4801 4862
4802 4803
4802 4862
4802 4863
4802 4864
4803 4863
4803 4864
4804 4865
4805 4806
4805 4865
4805 4866
4806 4866
4806 4867
4807 4808
4807 4867
4807 4868
4808 4809
4808 4868
4808 4869
4809 4810
4809 4869
4809 4870
4810 4811
4810 4869
4810 4870
4810 4871
4811 4812
4811 4870
4811 4871
4811 4872
4812 4871
4812 4872
4813 4814
4813 4873
4813 4874
4814 4873
4814 4874
4814 4875
4815 4816
4815 4877
4815 4878
4816 4817
4816 4877
4816 4878
4816 4879
4817 4818
4817 4878
4817 4879
4817 4880
4818 4819
4818 4879
4818 4880
4818 4881
4819 4820
4819 4880
4819 4881
4819 4882
4820 4881
4820 4882
4820 4883
4821 4822
4821 4883
4821 4884
4822 4823
4822 4884
4822 4885
4823 4824
4823 4884
4823 4885
4823 4886
4824 4825
4824 4885
4824 4886
4824 4887
4825 4826
4825 4886
4825 4887
4825 4888
4826 4827
4826 4887
4826 4888
4827 4828
4827 4888
4827 4889
4828 4829
4828 4889
4828 4890
4829 4830
4829 4889
4829 4890
4829 4891
4830 4831
4830 4890
4830 4891
4830 4892
4831 4832
4831 4891
4831 4892
4831 4893
4832 4833
4832 4892
4832 4893
4832 4894
4833 4834
4833 4893
4833 4894
4833 4895
4834 4835
4834 4894
4834 4895
4835 4836
4835 4895
4835 4896
4836 4896
4836 4897
4837 4897
4837 4898
4837 4899
4838 4899
4838 4900
4838 4901
4839 4840
4839 4901
4839 4902
4839 4903
4840 4841
4840 4902
4840 4903
4840 4904
4841 4842
4841 4903
4841 4904
4841 4905
4842 4843
4842 4904
4842 4905
4842 4906
4843 4905
4843 4906
4843 4907
4844 4908
4844 4909
4845 4846
4845 4910
4846 4847
4846 4910
4847 4848
4847 4911
4848 4911
4848 4912
4849 4912
4849 4913
4850 4851
4850 4913
4851 4852
4852 4914
4853 4854
4853 4914
4853 4915
4853 4916
4854 4915
4854 4916
4855 4856
4855 4917
4855 4918
4856 4857
4856 4917
4856 4918
4856 4919
4857 4858
4857 4918
4857 4919
4857 4920
4858 4919
4858 4920
4858 4921
4859 4860
4859 4922
4860 4861
4860 4922
4860 4923
4861 4862
4861 4923
4861 4924
4862 4863
4862 4923
4862 4924
4862 4925
4863 4864
4863 4924
4863 4925
4863 4926
4864 4925
4864 4926
4865 4866
4865 4927
4865 4928
4866 4927
4866 4928
4866 4929
4867 4868
4867 4929
4867 4930
4867 4931
4868 4930
4868 4931
4868 4932
4869 4870
4869 4932
4869 4933
4869 4934
4870 4871
4870 4933
4870 4934
4870 4935
4871 4872
4871 4934
4871 4935
4871 4936
4872 4935
4872 4936
4872 4937
4873 4874
4873 4937
4873 4938
4874 4875
4874 4938
4874 4939
4875 4876
4875 4938
4875 4939
4875 4940
4876 4939
4876 4940
4876 4941
4877 4878
4877 4941
4877 4942
4877 4943
4878 4879
4878 4942
4878 4943
4878 4944
4879 4880
4879 4943
4879 4944
4879 4945
4880 4881
4880 4944
4880 4945
4881 4882
4881 4945
4881 4946
4882 4883
4882 4946
4882 4947
4883 4946
4883 4947
4883 4948
4884 4885
4884 4948
4884 4949
4884 4950
4885 4886
4885 4949
4885 4950
4885 4951
4886 4887
4886 4950
4886 4951
4886 4952
4887 4888
4887 4951
4887 4952
4887 4953
4888 4952
4888 4953
4888 4954
4889 4890
4889 4954
4889 4955
4889 4956
4890 4891
4890 4955
4890 4956
4891 4892
4891 4956
4891 4957
4892 4893
4892 4957
4892 4958
4893 4894
4893 4957
4893 4958
4893 4959
4894 4895
4894 4958
4894 4959
4894 4960
4895 4959
4895 4960
4895 4961
4896 4897
4896 4961
4896 4962
4896 4963
4897 4898
4897 4962
4897 4963
4897 4964
4898 4899
4898 4963
4898 4964
4898 4965
4899 4900
4899 4964
4899 4965
4899 4966
4900 4901
4900 4965
4900 4966
4900 4967
4901 4902
4901 4966
4901 4967
4902 4903
4902 4967
4902 4968
4903 4904
4903 4968
4903 4969
4904 4905
4904 4968
4904 4969
4905 4906
4905 4969
4905 4970
4906 4907
4906 4970
4906 4971
4907 4908
4907 4970
4907 4971
4907 4972
4908 4909
4908 4971
4908 4972
4909 4972
4909 4973
4910 4973
4910 4974
4911 4912
4911 4975
4912 4976
4913 4976
4913 4977
4914 4915
4914 4979
4914 4980
4915 4916
4915 4980
4915 4981
4916 4981
4916 4982
4917 4918
4917 4982
4917 4983
4918 4919
4918 4983
4918 4984
4919 4920
4919 4984
4920 4921
4920 4984
4920 4985
4921 4985
4921 4986
4922 4986
4922 4987
4922 4988
4923 4924
4923 4988
4923 4989
4923 4990
4924 4925
4924 4989
4924 4990
4924 4991
4925 4926
4925 4990
4925 4991
4926 4991
4927 4928
4927 4992
4927 4993
4928 4929
4928 4993
4928 4994
4929 4930
4929 4994
4929 4995
4930 4931
4930 4994
4930 4995
4930 4996
4931 4932
4931 4995
4931 4996
4931 4997
4932 4933
4932 4996
4932 4997
4932 4998
4933 4934
4933 4997
4933 4998
4933 4999
4934 4935
4934 4998
4934 4999
4934 5000
4935 4936
4935 4999
4935 5000
4935 5001
4936 4937
4936 5000
4936 5001
4936 5002
4937 5001
4937 5002
4937 5003
4938 4939
4938 5003
4938 5004
4939 4940
4939 5004
4939 5005
4940 4941
4940 5004
4940 5005
4940 5006
4941 4942
4941 5005
4941 5006
4942 4943
4942 5006
4942 5007
4943 4944
4943 5007
4943 5008
4944 4945
4944 5007
4944 5008
4944 5009
4945 5008
4945 5009
4945 5010
4946 4947
4946 5010
4946 5011
4946 5012
4947 4948
4947 5011
4947 5012
4947 5013
4948 4949
4948 5012
4948 5013
4948 5014
4949 4950
4949 5013
4949 5014
4949 5015
4950 4951
4950 5014
4950 5015
4950 5016
4951 4952
4951 5015
4951 5016
4951 5017
4952 4953
4952 5016
4952 5017
4952 5018
4953 4954
4953 5017
4953 5018
4953 5019
4954 4955
4954 5018
4954 5019
4954 5020
4955 4956
4955 5019
4955 5020
4955 5021
4956 5020
4956 5021
4956 5022
4957 4958
4957 5022
4957 5023
4957 5024
4958 4959
4958 5023
4958 5024
4959 4960
4959 5024
4959 5025
4960 4961
4960 5025
4961 4962
4961 5025
4961 5026
4962 4963
4962 5026
4962 5027
4963 4964
4963 5026
4963 5027
4964 4965
4964 5027
4964 5028
4965 4966
4965 5028
4965 5029
4966 4967
4966 5028
4966 5029
4966 5030
4967 5029
4967 5030
4968 4969
4968 5031
4968 5032
4969 5031
4969 5032
4970 4971
4970 5033
4970 5034
4971 4972
4971 5033
4971 5034
4971 5035
4972 5034
4972 5035
4972 5036
4973 4974
4973 5036
4973 5037
4973 5038
4974 5037
4974 5038
4974 5039
4975 5039
4975 5040
4975 5041
4976 4977
4976 5042
4976 5043
4976 5044
4977 5043
4977 5044
4977 5045
4978 4979
4978 5045
4978 5046
4978 5047
4979 4980
4979 5046
4979 5047
4979 5048
4980 5047
4980 5048
4980 5049
4981 4982
4981 5049
4981 5050
4981 5051
4982 4983
4982 5050
4982 5051
4982 5052
4983 5051
4983 5052
4983 5053
4984 5053
4984 5054
4985 4986
4985 5055
4986 4987
4986 5055
4986 5056
4987 4988
4987 5055
4987 5056
4987 5057
4988 4989
4988 5056
4988 5057
4989 4990
4989 5057
4990 4991
4990 5058
4991 5058
4992 4993
4992 5059
4992 5060
4993 5059
4993 5060
4993 5061
4994 4995
4994 5061
4994 5062
4995 4996
4995 5062
4995 5063
4996 4997
4996 5063
4996 5064
4997 4998
4997 5063
4997 5064
4997 5065
4998 4999
4998 5064
4998 5065
4998 5066
4999 5000
4999 5065
4999 5066
4999 5067
5000 5001
5000 5066
5000 5067
5000 5068
5001 5002
5001 5067
5001 5068
5002 5003
5002 5068
5003 5069
5004 5005
5004 5069
5004 5070
5004 5071
5005 5006
5005 5070
5005 5071
5005 5072
5006 5071
5006 5072
5006 5073
5007 5008
5007 5073
5007 5074
5007 5075
5008 5009
5008 5074
5008 5075
5008 5076
5009 5010
5009 5075
5009 5076
5009 5077
5010 5011
5010 5076
5010 5077
5010 5078
5011 5012
5011 5077
5011 5078
5011 5079
5012 5013
5012 5078
5012 5079
5012 5080
5013 5014
5013 5079
5013 5080
5014 5015
5014 5080
5014 5081
5015 5016
5015 5081
5015 5082
5016 5017
5016 5081
5016 5082
5016 5083
5017 5018
5017 5082
5017 5083
5017 5084
5018 5019
5018 5083
5018 5084
5018 5085
5019 5020
5019 5084
5019 5085
5019 5086
5020 5021
5020 5085
5020 5086
5020 5087
5021 5022
5021 5086
5021 5087
5022 5023
5022 5087
5022 5088
5023 5024
5023 5088
5023 5089
5024 5088
5024 5089
5024 5090
5025 5090
5025 5091
5025 5092
5026 5027
5026 5092
5026 5093
5026 5094
5027 5093
5027 5094
5028 5029
5028 5095
5028 5096
5029 5030
5029 5095
5029 5096
5030 5096
5030 5097
5031 5032
5031 5097
5031 5098
5032 5098
5032 5099
5033 5034
5033 5099
5033 5100
5034 5035
5034 5100
5035 5036
5035 5101
5036 5037
5036 5101
5036 5102
5037 5038
5037 5101
5037 5102
5037 5103
5038 5039
5038 5102
5038 5103
5038 5104
5039 5040
5039 5103
5039 5104
5039 5105
5040 5041
5040 5104
5040 5105
5040 5106
5041 5042
5041 5105
5041 5106
5041 5107
5042 5043
5042 5106
5042 5107
5042 5108
5043 5044
5043 5107
5043 5108
5043 5109
5044 5045
5044 5108
5044 5109
5045 5046
5045 5109
5045 5110
5046 5047
5046 5110
5046 5111
5047 5048
5047 5110
5047 5111
5047 5112
5048 5049
5048 5111
5048 5112
5049 5050
5049 5112
5050 5051
5050 5113
5051 5052
5051 5113
5051 5114
5052 5053
5052 5113
5052 5114
5053 5054
5053 5114
5053 5115
5054 5115
5054 5116
5055 5056
5055 5117
5056 5057
5058 5118
5058 5119
5059 5060
5060 5061
5061 5062
5063 5064
5064 5065
5065 5066
5066 5067
5067 5068
5069 5070
5070 5071
5071 5072
5072 5073
5073 5074
5074 5075
5075 5076
5076 5077
5077 5078
5078 5079
5079 5080
5081 5082
5082 5083
5083 5084
5084 5085
5085 5086
5086 5087
5088 5089
5089 5090
5090 5091
5091 5092
5092 5093
5093 5094
5095 5096
5098 5099
5099 5100
5101 5102
5102 5103
5103 5104
5104 5105
5105 5106
5106 5107
5107 5108
5108 5109
5110 5111
5111 5112
5113 5114
5115 5116
5116 5117
5118 5119
