# FromNodeId	ToNodeId
0 1
0 57
1 2
1 57
1 58
2 57
2 58
3 4
3 59
4 5
4 59
4 60
5 6
5 60
5 61
6 7
6 60
6 61
6 62
7 8
7 61
7 62
7 63
8 9
8 62
8 63
8 64
9 10
9 63
9 64
9 65
10 11
10 64
10 65
11 65
11 66
12 13
12 66
12 67
12 68
13 67
13 68
13 69
14 15
14 69
14 70
14 71
15 16
15 70
15 71
15 72
16 17
16 71
16 72
16 73
17 18
17 72
17 73
17 74
18 19
18 73
18 74
18 75
19 20
19 74
19 75
19 76
20 21
20 75
20 76
20 77
21 22
21 76
21 77
22 23
22 77
22 78
23 78
23 79
24 25
24 79
24 80
25 80
25 81
26 81
26 82
26 83
27 28
27 83
27 84
27 85
28 29
28 84
28 85
29 30
29 85
29 86
30 31
30 86
30 87
31 32
31 86
31 87
31 88
32 87
32 88
33 34
33 89
33 90
34 89
34 90
35 36
35 91
35 92
36 37
36 91
36 92
37 38
37 92
37 93
38 39
38 93
39 40
39 93
39 94
40 41
40 94
40 95
41 42
41 94
41 95
41 96
42 95
42 96
43 44
43 97
43 98
44 45
44 97
44 98
44 99
45 46
45 98
45 99
45 100
46 47
46 99
46 100
46 101
47 48
47 100
47 101
47 102
48 49
48 101
48 102
49 50
49 102
49 103
50 51
50 103
50 104
51 52
51 103
51 104
51 105
52 53
52 104
52 105
52 106
53 54
53 105
53 106
53 107
54 106
54 107
54 108
55 56
55 109
55 110
55 111
56 110
56 111
57 58
57 112
57 113
58 113
58 114
59 115
59 116
60 61
60 116
60 117
60 118
61 62
61 117
61 118
61 119
62 63
62 118
62 119
62 120
63 64
63 119
63 120
63 121
64 65
64 120
64 121
64 122
65 121
65 122
65 123
66 67
66 123
66 124
67 68
67 124
67 125
68 69
68 124
68 125
68 126
69 70
69 125
69 126
70 71
70 126
71 72
71 127
72 73
72 127
72 128
73 74
73 127
73 128
73 129
74 75
74 128
74 129
74 130
75 76
75 129
75 130
75 131
76 77
76 130
76 131
76 132
77 131
77 132
77 133
78 79
78 133
78 134
79 134
79 135
80 81
80 135
80 136
81 82
81 136
82 83
82 137
83 84
83 137
83 138
84 85
84 137
84 138
84 139
85 138
85 139
85 140
86 87
86 140
87 88
87 141
88 141
88 142
89 90
89 142
89 143
89 144
90 143
90 144
90 145
91 92
91 145
91 146
91 147
92 146
92 147
92 148
93 148
93 149
93 150
94 95
94 150
94 151
95 96
95 151
95 152
96 151
96 152
96 153
97 98
97 154
98 99
98 154
98 155
99 100
99 155
99 156
100 101
100 155
100 156
100 157
101 102
101 156
101 157
101 158
102 157
102 158
103 104
103 159
103 160
104 105
104 159
104 160
104 161
105 106
105 160
105 161
105 162
106 107
106 161
106 162
106 163
107 108
107 162
107 163
107 164
108 109
108 163
108 164
108 165
109 110
109 164
109 165
110 111
110 165
112 113
112 166
112 167
113 166
113 167
113 168
114 115
114 168
114 169
115 169
115 170
116 117
116 170
116 171
116 172
117 118
117 171
117 172
118 119
118 172
118 173
119 120
119 173
119 174
120 121
120 173
120 174
120 175
121 122
121 174
121 175
122 123
122 175
123 176
124 125
124 176
124 177
124 178
125 126
125 177
125 178
125 179
126 178
126 179
126 180
127 128
127 181
127 182
127 183
128 129
128 182
128 183
128 184
129 130
129 183
129 184
129 185
130 131
130 184
130 185
130 186
131 132
131 185
131 186
132 133
132 186
133 134
133 187
134 187
134 188
135 136
135 188
135 189
135 190
136 189
136 190
136 191
137 138
137 192
137 193
137 194
138 139
138 193
138 194
138 195
139 140
139 194
139 195
139 196
140 195
140 196
141 142
141 197
141 198
142 143
142 198
142 199
143 144
143 199
143 200
144 145
144 199
144 200
144 201
145 146
145 200
145 201
146 147
146 201
147 148
147 202
148 149
148 202
148 203
149 150
149 202
149 203
149 204
150 203
150 204
150 205
151 152
151 205
151 206
152 153
152 206
152 207
153 206
153 207
153 208
154 208
154 209
154 210
155 156
155 210
155 211
156 157
156 211
156 212
157 158
157 211
157 212
157 213
158 212
158 213
158 214
159 160
159 214
159 215
160 161
160 215
160 216
161 162
161 215
161 216
161 217
162 163
162 216
162 217
162 218
163 164
163 217
163 218
163 219
164 165
164 218
164 219
165 219
166 167
166 221
166 222
167 168
167 221
167 222
167 223
168 169
168 222
168 223
168 224
169 223
169 224
169 225
170 171
170 225
170 226
170 227
171 172
171 226
171 227
171 228
172 227
172 228
172 229
173 174
173 229
173 230
174 175
174 230
174 231
175 231
175 232
176 177
176 233
176 234
176 235
177 178
177 234
177 235
177 236
178 179
178 235
178 236
178 237
179 180
179 236
179 237
180 181
180 237
180 238
181 182
181 238
182 183
182 238
182 239
183 184
183 239
183 240
184 185
184 239
184 240
184 241
185 186
185 240
185 241
185 242
186 241
186 242
186 243
187 188
187 244
187 245
187 246
188 189
188 245
188 246
189 190
189 246
189 247
190 191
190 247
190 248
191 192
191 247
191 248
191 249
192 193
192 248
192 249
193 194
193 249
193 250
194 195
194 250
195 196
195 250
195 251
196 251
197 198
197 252
197 253
198 252
198 253
198 254
199 200
199 254
199 255
200 201
200 255
201 256
202 203
202 257
202 258
202 259
203 204
203 258
203 259
203 260
204 205
204 259
204 260
204 261
205 260
205 261
205 262
206 207
206 262
206 263
207 208
207 263
207 264
208 209
208 264
208 265
209 210
209 264
209 265
210 265
210 266
211 212
211 266
211 267
211 268
212 213
212 267
212 268
212 269
213 214
213 268
213 269
213 270
214 269
214 270
214 271
215 216
215 271
215 272
216 217
216 272
216 273
217 218
217 272
217 273
217 274
218 219
218 273
218 274
219 274
219 275
220 276
220 277
221 222
221 278
221 279
222 223
222 278
222 279
222 280
223 224
223 279
223 280
223 281
224 225
224 280
224 281
224 282
225 226
225 281
225 282
225 283
226 227
226 282
226 283
226 284
227 228
227 283
227 284
228 229
228 284
228 285
229 230
229 285
229 286
230 285
230 286
230 287
231 232
231 287
231 288
231 289
232 233
232 288
232 289
232 290
233 234
233 289
233 290
233 291
234 235
234 290
234 291
235 236
235 291
235 292
236 237
236 292
236 293
237 292
237 293
237 294
238 294
238 295
239 240
239 295
239 296
240 241
240 296
240 297
241 242
241 296
241 297
241 298
242 243
242 297
242 298
242 299
243 244
243 298
243 299
244 245
244 299
244 300
245 246
245 300
246 300
246 301
247 248
247 301
247 302
248 249
248 302
248 303
249 303
249 304
250 304
250 305
250 306
251 306
251 307
251 308
252 253
252 308
252 309
252 310
253 254
253 309
253 310
253 311
254 255
254 310
254 311
254 312
255 311
255 312
256 257
256 313
256 314
257 258
257 314
257 315
258 259
258 314
258 315
258 316
259 260
259 315
259 316
259 317
260 261
260 316
260 317
260 318
261 262
261 317
261 318
261 319
262 263
262 318
262 319
262 320
263 319
263 320
263 321
264 265
264 321
264 322
264 323
265 322
265 323
265 324
266 267
266 324
266 325
266 326
267 268
267 325
267 326
267 327
268 269
268 326
268 327
268 328
269 270
269 327
269 328
269 329
270 271
270 328
270 329
270 330
271 329
271 330
271 331
272 273
272 331
272 332
273 274
273 332
273 333
274 332
274 333
274 334
275 276
275 334
275 335
275 336
276 277
276 335
276 336
277 336
278 279
278 337
278 338
279 280
279 337
279 338
279 339
280 281
280 338
280 339
280 340
281 282
281 339
281 340
282 283
282 340
282 341
283 284
283 341
283 342
284 341
284 342
284 343
285 286
285 343
285 344
286 287
286 344
286 345
287 288
287 344
287 345
287 346
288 289
288 345
288 346
288 347
289 290
289 346
289 347
289 348
290 291
290 347
290 348
290 349
291 348
291 349
291 350
292 293
292 350
292 351
292 352
293 294
293 351
293 352
293 353
294 352
294 353
294 354
295 354
295 355
295 356
296 297
296 356
296 357
296 358
297 298
297 357
297 358
297 359
298 299
298 358
298 359
298 360
299 359
299 360
299 361
300 361
300 362
301 302
301 363
302 363
302 364
303 304
303 364
303 365
303 366
304 305
304 365
304 366
305 306
305 366
305 367
306 307
306 367
306 368
307 308
307 367
307 368
307 369
308 309
308 368
308 369
309 310
309 369
309 370
310 311
310 370
310 371
311 312
311 370
311 371
311 372
312 371
312 372
312 373
313 373
313 374
313 375
314 315
314 375
314 376
315 316
315 376
316 317
316 376
316 377
317 318
317 377
317 378
318 319
318 377
318 378
318 379
319 320
319 378
319 379
320 321
320 379
320 380
321 322
321 380
321 381
322 323
322 380
322 381
322 382
323 324
323 381
323 382
323 383
324 325
324 382
324 383
325 326
325 383
325 384
326 327
326 384
327 328
327 384
327 385
328 329
328 385
328 386
329 330
329 385
329 386
329 387
330 331
330 386
330 387
330 388
331 387
331 388
331 389
332 333
332 389
332 390
332 391
333 334
333 390
333 391
333 392
334 335
334 391
334 392
334 393
335 336
335 392
335 393
336 393
336 394
337 338
337 395
337 396
338 339
338 395
338 396
338 397
339 340
339 396
339 397
339 398
340 397
340 398
340 399
341 342
341 399
341 400
341 401
342 343
342 400
342 401
342 402
343 401
343 402
343 403
344 345
344 403
344 404
344 405
345 346
345 404
345 405
345 406
346 347
346 405
346 406
346 407
347 348
347 406
347 407
347 408
348 349
348 407
348 408
348 409
349 350
349 408
349 409
349 410
350 351
350 409
350 410
351 352
351 410
352 353
352 411
353 354
353 411
353 412
354 355
354 411
354 412
354 413
355 356
355 412
355 413
355 414
356 357
356 413
356 414
356 415
357 358
357 414
357 415
357 416
358 359
358 415
358 416
358 417
359 360
359 416
359 417
359 418
360 361
360 417
360 418
360 419
361 362
361 418
361 419
361 420
362 419
362 420
362 421
363 364
363 422
363 423
363 424
364 365
364 423
364 424
364 425
365 366
365 424
365 425
365 426
366 425
366 426
366 427
367 368
367 427
367 428
368 369
368 428
369 428
369 429
370 371
370 429
370 430
370 431
371 372
371 430
371 431
371 432
372 373
372 431
372 432
372 433
373 374
373 432
373 433
373 434
374 375
374 433
374 434
375 434
375 435
376 435
376 436
376 437
377 378
377 437
377 438
377 439
378 379
378 438
378 439
378 440
379 439
379 440
379 441
380 381
380 441
380 442
380 443
381 382
381 442
381 443
382 383
382 443
382 444
383 444
383 445
384 445
384 446
384 447
385 386
385 447
385 448
385 449
386 387
386 448
386 449
386 450
387 388
387 449
387 450
387 451
388 389
388 450
388 451
388 452
389 390
389 451
389 452
389 453
390 391
390 452
390 453
390 454
391 392
391 453
391 454
391 455
392 393
392 454
392 455
392 456
393 455
393 456
393 457
394 457
394 458
395 396
395 459
395 460
396 397
396 459
396 460
396 461
397 398
397 460
397 461
397 462
398 399
398 461
398 462
398 463
399 400
399 462
399 463
399 464
400 401
400 463
400 464
400 465
401 402
401 464
401 465
401 466
402 403
402 465
402 466
402 467
403 404
403 466
403 467
403 468
404 405
404 467
404 468
405 406
405 468
405 469
406 407
406 469
406 470
407 408
407 469
407 470
407 471
408 409
408 470
408 471
408 472
409 410
409 471
409 472
409 473
410 472
410 473
410 474
411 412
411 475
411 476
411 477
412 413
412 476
412 477
412 478
413 414
413 477
413 478
413 479
414 415
414 478
414 479
414 480
415 416
415 479
415 480
415 481
416 417
416 480
416 481
416 482
417 418
417 481
417 482
417 483
418 419
418 482
418 483
418 484
419 420
419 483
419 484
419 485
420 421
420 484
420 485
420 486
421 422
421 485
421 486
421 487
422 423
422 486
422 487
422 488
423 424
423 487
423 488
423 489
424 425
424 488
424 489
425 426
425 489
425 490
426 427
426 490
426 491
427 490
427 491
427 492
428 492
428 493
428 494
429 430
429 494
429 495
429 496
430 431
430 495
430 496
430 497
431 432
431 496
431 497
431 498
432 433
432 497
432 498
432 499
433 434
433 498
433 499
433 500
434 499
434 500
435 436
435 501
435 502
436 437
436 501
436 502
437 438
437 502
437 503
438 439
438 503
438 504
439 440
439 503
439 504
439 505
440 441
440 504
440 505
440 506
441 442
441 505
441 506
441 507
442 443
442 506
442 507
442 508
443 507
443 508
444 445
444 509
445 446
445 509
445 510
446 447
446 510
447 448
447 510
448 449
449 450
449 511
450 451
450 511
451 452
451 511
451 512
452 453
452 512
452 513
453 454
453 512
453 513
453 514
454 455
454 513
454 514
454 515
455 456
455 514
455 515
455 516
456 457
456 515
456 516
456 517
457 458
457 516
457 517
457 518
458 517
458 518
459 460
459 519
459 520
460 461
460 519
460 520
460 521
461 462
461 520
461 521
461 522
462 463
462 521
462 522
463 464
463 522
464 465
464 523
465 466
465 523
465 524
466 467
466 523
466 524
466 525
467 468
467 524
467 525
467 526
468 525
468 526
468 527
469 470
469 527
469 528
470 471
470 528
470 529
471 472
471 529
471 530
472 473
472 529
472 530
472 531
473 474
473 530
473 531
473 532
474 475
474 531
474 532
474 533
475 476
475 532
475 533
476 477
476 533
476 534
477 478
477 534
477 535
478 479
478 534
478 535
478 536
479 480
479 535
479 536
479 537
480 481
480 536
480 537
480 538
481 482
481 537
481 538
481 539
482 483
482 538
482 539
482 540
483 484
483 539
483 540
483 541
484 485
484 540
484 541
484 542
485 486
485 541
485 542
485 543
486 487
486 542
486 543
486 544
487 488
487 543
487 544
487 545
488 489
488 544
488 545
488 546
489 545
489 546
489 547
490 491
490 547
490 548
490 549
491 492
491 548
491 549
491 550
492 493
492 549
492 550
492 551
493 494
493 550
493 551
493 552
494 495
494 551
494 552
494 553
495 496
495 552
495 553
496 497
496 553
496 554
497 498
497 554
497 555
498 499
498 554
498 555
498 556
499 500
499 555
499 556
499 557
500 556
500 557
500 558
501 502
501 558
501 559
502 559
502 560
503 504
503 560
503 561
503 562
504 505
504 561
504 562
505 506
505 562
505 563
506 507
506 563
506 564
507 508
507 563
507 564
507 565
508 564
508 565
508 566
509 566
509 567
510 568
511 570
511 571
512 513
512 571
512 572
512 573
513 514
513 572
513 573
513 574
514 515
514 573
514 574
514 575
515 516
515 574
515 575
515 576
516 517
516 575
516 576
516 577
517 518
517 576
517 577
518 577
519 520
519 578
519 579
520 521
520 578
520 579
520 580
521 522
521 579
521 580
521 581
522 580
522 581
523 524
523 582
523 583
524 525
524 583
524 584
525 526
525 583
525 584
525 585
526 527
526 584
526 585
526 586
527 528
527 585
527 586
527 587
528 586
528 587
529 530
529 588
529 589
530 531
530 588
530 589
530 590
531 532
531 589
531 590
531 591
532 533
532 590
532 591
532 592
533 591
533 592
533 593
534 535
534 593
534 594
535 536
535 594
535 595
536 537
536 594
536 595
536 596
537 538
537 595
537 596
537 597
538 539
538 596
538 597
538 598
539 540
539 597
539 598
539 599
540 541
540 598
540 599
540 600
541 542
541 599
541 600
541 601
542 543
542 600
542 601
543 544
543 601
543 602
544 545
544 602
544 603
545 546
545 602
545 603
546 547
546 603
547 548
547 604
548 549
548 604
548 605
549 550
549 604
549 605
550 551
550 605
550 606
551 552
551 606
551 607
552 553
552 606
552 607
552 608
553 607
553 608
554 555
554 609
554 610
555 556
555 609
555 610
556 557
556 610
556 611
557 558
557 611
557 612
558 559
558 611
558 612
558 613
559 612
559 613
559 614
560 561
560 614
560 615
560 616
561 562
561 615
561 616
561 617
562 616
562 617
563 564
563 618
563 619
564 565
564 618
564 619
565 566
565 619
565 620
566 567
566 620
566 621
567 620
567 621
567 622
568 569
568 623
568 624
569 570
569 624
569 625
570 625
570 626
571 572
571 626
571 627
571 628
572 573
572 627
572 628
572 629
573 574
573 628
573 629
574 575
574 629
574 630
575 576
575 630
575 631
576 577
576 630
576 631
576 632
577 631
577 632
577 633
578 579
578 634
578 635
579 580
579 634
579 635
579 636
580 581
580 635
580 636
580 637
581 636
581 637
581 638
582 638
582 639
582 640
583 584
583 640
583 641
583 642
584 585
584 641
584 642
584 643
585 586
585 642
585 643
585 644
586 587
586 643
586 644
586 645
587 644
587 645
587 646
588 589
588 646
588 647
588 648
589 590
589 647
589 648
589 649
590 591
590 648
590 649
591 592
591 649
591 650
592 593
592 650
592 651
593 650
593 651
594 595
594 652
594 653
595 596
595 652
595 653
595 654
596 597
596 653
596 654
596 655
597 598
597 654
597 655
597 656
598 599
598 655
598 656
598 657
599 600
599 656
599 657
599 658
600 601
600 657
600 658
601 658
601 659
602 603
602 659
602 660
602 661
603 660
603 661
603 662
604 605
604 663
604 664
604 665
605 664
605 665
605 666
606 607
606 666
606 667
606 668
607 608
607 667
607 668
607 669
608 668
608 669
608 670
609 610
609 670
609 671
609 672
610 671
610 672
610 673
611 612
611 673
611 674
612 613
612 674
612 675
613 614
613 674
613 675
613 676
614 615
614 675
614 676
614 677
615 616
615 676
615 677
615 678
616 617
616 677
616 678
616 679
617 678
617 679
617 680
618 619
618 680
618 681
619 681
619 682
620 621
620 682
620 683
620 684
621 622
621 683
621 684
621 685
622 623
622 684
622 685
622 686
623 624
623 685
623 686
623 687
624 686
624 687
625 626
625 688
625 689
626 627
626 688
626 689
626 690
627 628
627 689
627 690
627 691
628 629
628 690
628 691
628 692
629 691
629 692
629 693
630 631
630 693
630 694
631 632
631 694
631 695
632 633
632 694
632 695
632 696
633 695
633 696
634 635
634 697
635 636
635 697
635 698
636 637
636 697
636 698
636 699
637 638
637 698
637 699
637 700
638 639
638 699
638 700
638 701
639 640
639 700
639 701
639 702
640 641
640 701
640 702
640 703
641 642
641 702
641 703
641 704
642 643
642 703
642 704
642 705
643 644
643 704
643 705
644 645
644 705
644 706
645 646
645 706
645 707
646 647
646 706
646 707
647 648
647 707
647 708
648 649
648 708
648 709
649 708
649 709
649 710
650 651
650 710
650 711
650 712
651 711
651 712
651 713
652 653
652 713
652 714
652 715
653 654
653 714
653 715
653 716
654 655
654 715
654 716
655 656
655 716
655 717
656 657
656 717
657 658
657 717
657 718
658 718
658 719
659 660
659 719
659 720
659 721
660 661
660 720
660 721
661 662
661 721
661 722
662 663
662 722
663 664
663 722
663 723
664 665
664 723
665 666
665 723
665 724
666 667
666 724
667 668
667 724
668 669
668 725
669 670
669 725
669 726
670 671
670 725
670 726
670 727
671 672
671 726
671 727
671 728
672 673
672 727
672 728
672 729
673 728
673 729
673 730
674 675
674 730
674 731
675 676
675 731
676 677
676 731
676 732
677 678
677 732
677 733
678 679
678 732
678 733
679 680
679 733
679 734
680 734
680 735
681 682
681 735
681 736
681 737
682 683
682 736
682 737
682 738
683 684
683 737
683 738
684 685
684 738
684 739
685 686
685 739
685 740
686 687
686 739
686 740
686 741
687 740
687 741
687 742
688 689
688 742
688 743
689 690
689 743
689 744
690 691
690 744
690 745
691 692
691 744
691 745
691 746
692 693
692 745
692 746
692 747
693 746
693 747
694 695
694 748
695 696
695 748
695 749
696 749
697 698
697 750
697 751
697 752
698 699
698 751
698 752
699 700
699 752
699 753
700 701
700 753
700 754
701 702
701 753
701 754
701 755
702 703
702 754
702 755
702 756
703 704
703 755
703 756
703 757
704 705
704 756
704 757
704 758
705 757
705 758
705 759
706 707
706 759
706 760
707 760
707 761
708 709
708 761
708 762
709 710
709 762
710 711
710 762
710 763
711 712
711 763
711 764
712 713
712 763
712 764
712 765
713 714
713 764
713 765
713 766
714 715
714 765
714 766
714 767
715 716
715 766
715 767
715 768
716 767
716 768
716 769
717 769
717 770
718 719
718 771
718 772
719 720
719 771
719 772
720 721
720 772
720 773
721 773
721 774
722 774
722 775
722 776
723 776
723 777
724 778
724 779
725 726
725 780
725 781
725 782
726 727
726 781
726 782
726 783
727 728
727 782
727 783
727 784
728 729
728 783
728 784
728 785
729 730
729 784
729 785
729 786
730 785
730 786
730 787
731 787
731 788
731 789
732 733
732 789
732 790
732 791
733 790
733 791
733 792
734 735
734 792
734 793
735 736
735 793
735 794
736 737
736 794
736 795
737 738
737 794
737 795
737 796
738 795
738 796
738 797
739 740
739 797
739 798
740 741
740 798
740 799
741 742
741 798
741 799
741 800
742 743
742 799
742 800
742 801
743 800
743 801
743 802
744 745
744 802
744 803
744 804
745 746
745 803
745 804
746 747
746 804
746 805
747 805
747 806
748 806
748 807
749 808
750 751
750 809
750 810
751 752
751 809
751 810
751 811
752 810
752 811
752 812
753 754
753 812
753 813
753 814
754 755
754 813
754 814
754 815
755 756
755 814
755 815
755 816
756 757
756 815
756 816
756 817
757 758
757 816
757 817
758 759
758 817
758 818
759 818
759 819
760 761
760 819
760 820
760 821
761 820
761 821
761 822
762 822
763 764
763 823
763 824
764 765
764 823
764 824
764 825
765 766
765 824
765 825
765 826
766 767
766 825
766 826
767 768
767 826
767 827
768 769
768 827
769 770
769 827
770 828
771 772
771 828
771 829
771 830
772 829
772 830
772 831
773 774
773 831
773 832
773 833
774 775
774 832
774 833
774 834
775 776
775 833
775 834
775 835
776 777
776 834
776 835
776 836
777 835
777 836
777 837
778 779
778 837
778 838
778 839
779 780
779 838
779 839
779 840
780 781
780 839
780 840
780 841
781 782
781 840
781 841
781 842
782 783
782 841
782 842
782 843
783 784
783 842
783 843
783 844
784 785
784 843
784 844
785 786
785 844
786 787
787 788
787 845
788 789
788 845
789 790
789 845
789 846
790 791
790 846
790 847
791 792
791 846
791 847
791 848
792 793
792 847
792 848
792 849
793 848
793 849
793 850
794 795
794 850
794 851
794 852
795 796
795 851
795 852
795 853
796 797
796 852
796 853
796 854
797 853
797 854
798 799
798 855
798 856
799 800
799 855
799 856
800 801
800 856
800 857
801 802
801 857
802 803
802 857
802 858
803 804
803 858
803 859
804 858
804 859
805 806
805 860
805 861
806 807
806 860
806 861
807 861
807 862
808 862
808 863
809 810
809 864
810 811
810 864
810 865
811 812
811 864
811 865
811 866
812 813
812 865
812 866
812 867
813 814
813 866
813 867
813 868
814 815
814 867
814 868
815 816
815 868
815 869
816 817
816 869
816 870
817 869
817 870
817 871
818 819
818 871
818 872
818 873
819 820
819 872
819 873
819 874
820 821
820 873
820 874
820 875
821 822
821 874
821 875
821 876
822 875
822 876
822 877
823 824
823 878
823 879
823 880
824 825
824 879
824 880
824 881
825 826
825 880
825 881
826 881
827 882
828 829
828 883
828 884
828 885
829 830
829 884
829 885
830 831
830 885
830 886
831 832
831 886
832 833
832 886
832 887
833 834
833 887
834 835
834 887
834 888
835 836
835 888
835 889
836 837
836 888
836 889
836 890
837 838
837 889
837 890
838 839
838 890
838 891
839 840
839 891
839 892
840 841
840 891
840 892
840 893
841 842
841 892
841 893
841 894
842 843
842 893
842 894
843 844
843 894
844 895
845 897
845 898
845 899
846 847
846 899
846 900
847 848
847 900
847 901
848 849
848 900
848 901
848 902
849 850
849 901
849 902
850 851
850 902
850 903
851 852
851 903
852 853
852 903
852 904
853 854
853 904
853 905
854 904
854 905
854 906
855 856
855 906
855 907
855 908
856 907
856 908
857 909
857 910
858 859
858 910
858 911
859 911
860 861
860 912
860 913
861 912
861 913
862 863
862 914
862 915
863 914
863 915
864 865
864 916
864 917
864 918
865 866
865 917
865 918
865 919
866 867
866 918
866 919
866 920
867 868
867 919
867 920
867 921
868 920
868 921
868 922
869 870
869 922
869 923
870 871
870 923
871 872
871 923
871 924
872 873
872 924
873 874
873 924
873 925
874 875
874 925
875 876
875 925
875 926
876 877
876 926
876 927
877 878
877 926
877 927
877 928
878 879
878 927
878 928
879 880
879 928
880 881
880 929
881 929
881 930
882 931
883 884
883 932
883 933
884 885
884 932
884 933
885 933
885 934
886 934
886 935
886 936
887 936
887 937
888 889
888 938
888 939
889 890
889 938
889 939
889 940
890 939
890 940
890 941
891 892
891 941
891 942
891 943
892 893
892 942
892 943
892 944
893 894
893 943
893 944
893 945
894 944
894 945
894 946
895 896
895 947
895 948
896 897
896 948
896 949
897 898
897 948
897 949
897 950
898 899
898 949
898 950
898 951
899 950
899 951
900 901
900 952
901 902
901 952
901 953
902 953
902 954
903 954
903 955
904 905
904 955
904 956
904 957
905 906
905 956
905 957
905 958
906 907
906 957
906 958
906 959
907 908
907 958
907 959
907 960
908 959
908 960
908 961
909 910
909 961
909 962
910 911
910 962
910 963
911 962
911 963
911 964
912 913
912 965
912 966
913 965
913 966
913 967
914 915
914 967
914 968
914 969
915 968
915 969
916 917
917 918
917 970
918 919
918 970
919 920
919 970
919 971
920 921
920 971
920 972
921 922
921 971
921 972
921 973
922 972
922 973
922 974
923 974
923 975
924 976
924 977
925 977
925 978
925 979
926 927
926 979
926 980
926 981
927 928
927 980
927 981
927 982
928 981
928 982
928 983
929 930
929 984
929 985
929 986
930 931
930 985
930 986
931 986
931 987
932 933
932 988
932 989
932 990
933 989
933 990
933 991
934 935
934 991
934 992
935 936
935 992
935 993
936 937
936 993
936 994
937 993
937 994
937 995
938 939
938 995
938 996
938 997
939 940
939 996
939 997
939 998
940 941
940 997
940 998
940 999
941 942
941 998
941 999
942 943
942 999
942 1000
943 944
943 1000
943 1001
944 945
944 1000
944 1001
945 946
945 1001
945 1002
946 947
946 1002
946 1003
947 1002
947 1003
947 1004
948 949
948 1004
948 1005
948 1006
949 950
949 1005
949 1006
950 951
950 1006
950 1007
951 1007
951 1008
952 1008
953 954
953 1009
954 1009
954 1010
955 956
955 1010
955 1011
955 1012
956 957
956 1011
956 1012
956 1013
957 958
957 1012
957 1013
957 1014
958 959
958 1013
958 1014
959 960
959 1014
959 1015
960 961
960 1015
960 1016
961 1015
961 1016
961 1017
962 963
962 1017
962 1018
962 1019
963 964
963 1018
963 1019
963 1020
964 1019
964 1020
964 1021
965 966
965 1021
965 1022
965 1023
966 967
966 1022
966 1023
966 1024
967 968
967 1023
967 1024
967 1025
968 969
968 1024
968 1025
968 1026
969 1025
969 1026
970 1027
970 1028
970 1029
971 972
971 1029
971 1030
972 973
972 1030
972 1031
973 974
973 1030
973 1031
974 975
974 1031
974 1032
975 1032
975 1033
976 977
976 1033
976 1034
976 1035
977 978
977 1034
977 1035
978 979
978 1035
979 980
979 1036
980 981
980 1036
980 1037
981 982
981 1036
981 1037
981 1038
982 983
982 1037
982 1038
982 1039
983 984
983 1038
983 1039
984 985
984 1039
984 1040
985 986
985 1040
985 1041
986 1040
986 1041
986 1042
987 988
987 1042
987 1043
987 1044
988 989
988 1043
988 1044
989 990
989 1044
989 1045
990 991
990 1045
991 992
991 1045
991 1046
992 1046
992 1047
993 994
993 1047
993 1048
994 995
994 1048
994 1049
995 996
995 1049
995 1050
996 997
996 1049
996 1050
996 1051
997 998
997 1050
997 1051
997 1052
998 999
998 1051
998 1052
998 1053
999 1052
999 1053
999 1054
1000 1001
1000 1054
1000 1055
1000 1056
1001 1055
1001 1056
1001 1057
1002 1003
1002 1057
1002 1058
1003 1004
1003 1058
1003 1059
1004 1005
1004 1059
1004 1060
1005 1006
1005 1059
1005 1060
1006 1060
1007 1008
1007 1061
1007 1062
1008 1061
1008 1062
1008 1063
1009 1010
1009 1065
1009 1066
1010 1011
1010 1066
1010 1067
1011 1012
1011 1067
1011 1068
1012 1013
1012 1067
1012 1068
1012 1069
1013 1014
1013 1068
1013 1069
1013 1070
1014 1069
1014 1070
1014 1071
1015 1016
1015 1071
1015 1072
1015 1073
1016 1017
1016 1072
1016 1073
1016 1074
1017 1018
1017 1073
1017 1074
1018 1019
1018 1074
1018 1075
1019 1020
1019 1075
1020 1021
1020 1075
1020 1076
1021 1022
1021 1076
1021 1077
1022 1023
1022 1076
1022 1077
1023 1024
1023 1077
1023 1078
1024 1025
1024 1078
1024 1079
1025 1026
1025 1078
1025 1079
1026 1079
1027 1028
1027 1080
1027 1081
1027 1082
1028 1029
1028 1081
1028 1082
1028 1083
1029 1082
1029 1083
1030 1031
1030 1084
1030 1085
1031 1084
1031 1085
1031 1086
1032 1033
1032 1086
1032 1087
1032 1088
1033 1034
1033 1087
1033 1088
1033 1089
1034 1035
1034 1088
1034 1089
1035 1089
1036 1037
1036 1090
1036 1091
1037 1038
1037 1090
1037 1091
1037 1092
1038 1039
1038 1091
1038 1092
1038 1093
1039 1092
1039 1093
1040 1041
1040 1094
1040 1095
1041 1042
1041 1094
1041 1095
1041 1096
1042 1043
1042 1095
1042 1096
1042 1097
1043 1044
1043 1096
1043 1097
1043 1098
1044 1097
1044 1098
1044 1099
1045 1099
1045 1100
1046 1047
1046 1100
1046 1101
1047 1048
1047 1101
1047 1102
1048 1102
1048 1103
1049 1050
1049 1103
1049 1104
1049 1105
1050 1051
1050 1104
1050 1105
1050 1106
1051 1052
1051 1105
1051 1106
1052 1053
1052 1106
1052 1107
1053 1054
1053 1107
1053 1108
1054 1055
1054 1107
1054 1108
1054 1109
1055 1056
1055 1108
1055 1109
1055 1110
1056 1057
1056 1109
1056 1110
1056 1111
1057 1058
1057 1110
1057 1111
1057 1112
1058 1111
1058 1112
1058 1113
1059 1060
1059 1113
1059 1114
1059 1115
1060 1114
1060 1115
1061 1062
1061 1116
1061 1117
1061 1118
1062 1063
1062 1117
1062 1118
1062 1119
1063 1064
1063 1118
1063 1119
1063 1120
1064 1065
1064 1119
1064 1120
1064 1121
1065 1066
1065 1120
1065 1121
1065 1122
1066 1121
1066 1122
1066 1123
1067 1068
1067 1123
1067 1124
1067 1125
1068 1069
1068 1124
1068 1125
1068 1126
1069 1070
1069 1125
1069 1126
1069 1127
1070 1071
1070 1126
1070 1127
1070 1128
1071 1072
1071 1127
1071 1128
1071 1129
1072 1073
1072 1128
1072 1129
1072 1130
1073 1074
1073 1129
1073 1130
1073 1131
1074 1130
1074 1131
1074 1132
1075 1132
1075 1133
1075 1134
1076 1077
1076 1134
1076 1135
1076 1136
1077 1135
1077 1136
1078 1079
1078 1137
1079 1137
1079 1138
1080 1081
1080 1139
1080 1140
1081 1082
1081 1139
1081 1140
1081 1141
1082 1083
1082 1140
1082 1141
1083 1141
1083 1142
1084 1085
1084 1142
1084 1143
1084 1144
1085 1086
1085 1143
1085 1144
1085 1145
1086 1087
1086 1144
1086 1145
1086 1146
1087 1088
1087 1145
1087 1146
1087 1147
1088 1089
1088 1146
1088 1147
1088 1148
1089 1147
1089 1148
1090 1091
1090 1150
1090 1151
1091 1092
1091 1151
1091 1152
1092 1093
1092 1151
1092 1152
1092 1153
1093 1152
1093 1153
1093 1154
1094 1095
1094 1154
1094 1155
1095 1096
1095 1155
1096 1097
1096 1156
1097 1098
1097 1156
1097 1157
1098 1099
1098 1156
1098 1157
1098 1158
1099 1157
1099 1158
1100 1101
1100 1159
1101 1159
1101 1160
1102 1103
1102 1160
1102 1161
1103 1104
1103 1161
1103 1162
1104 1105
1104 1162
1104 1163
1105 1106
1105 1162
1105 1163
1105 1164
1106 1163
1106 1164
1106 1165
1107 1108
1107 1165
1107 1166
1107 1167
1108 1109
1108 1166
1108 1167
1109 1110
1109 1167
1109 1168
1110 1111
1110 1168
1110 1169
1111 1112
1111 1168
1111 1169
1111 1170
1112 1113
1112 1169
1112 1170
1112 1171
1113 1114
1113 1170
1113 1171
1113 1172
1114 1115
1114 1171
1114 1172
1115 1172
1115 1173
1116 1117
1116 1173
1116 1174
1116 1175
1117 1118
1117 1174
1117 1175
1117 1176
1118 1119
1118 1175
1118 1176
1118 1177
1119 1120
1119 1176
1119 1177
1119 1178
1120 1121
1120 1177
1120 1178
1121 1122
1121 1178
1121 1179
1122 1123
1122 1179
1122 1180
1123 1124
1123 1179
1123 1180
1123 1181
1124 1125
1124 1180
1124 1181
1124 1182
1125 1126
1125 1181
1125 1182
1125 1183
1126 1127
1126 1182
1126 1183
1126 1184
1127 1128
1127 1183
1127 1184
1127 1185
1128 1129
1128 1184
1128 1185
1128 1186
1129 1130
1129 1185
1129 1186
1129 1187
1130 1131
1130 1186
1130 1187
1130 1188
1131 1132
1131 1187
1131 1188
1131 1189
1132 1133
1132 1188
1132 1189
1132 1190
1133 1134
1133 1189
1133 1190
1134 1135
1134 1190
1134 1191
1135 1136
1135 1191
1135 1192
1136 1191
1136 1192
1136 1193
1137 1138
1137 1194
1137 1195
1137 1196
1138 1195
1138 1196
1139 1140
1139 1197
1139 1198
1140 1141
1140 1197
1140 1198
1140 1199
1141 1198
1141 1199
1141 1200
1142 1143
1142 1200
1142 1201
1142 1202
1143 1144
1143 1201
1143 1202
1143 1203
1144 1145
1144 1202
1144 1203
1145 1146
1145 1203
1145 1204
1146 1147
1146 1204
1146 1205
1147 1148
1147 1204
1147 1205
1147 1206
1148 1205
1148 1206
1148 1207
1149 1150
1149 1207
1149 1208
1149 1209
1150 1208
1150 1209
1150 1210
1151 1152
1151 1210
1151 1211
1151 1212
1152 1153
1152 1211
1152 1212
1153 1154
1153 1212
1153 1213
1154 1155
1154 1213
1154 1214
1155 1213
1155 1214
1155 1215
1156 1157
1156 1216
1156 1217
1157 1158
1157 1217
1157 1218
1158 1218
1158 1219
1159 1160
1159 1220
1159 1221
1159 1222
1160 1161
1160 1221
1160 1222
1160 1223
1161 1222
1161 1223
1162 1163
1162 1224
1162 1225
1163 1164
1163 1224
1163 1225
1163 1226
1164 1165
1164 1225
1164 1226
1164 1227
1165 1166
1165 1226
1165 1227
1165 1228
1166 1167
1166 1227
1166 1228
1166 1229
1167 1228
1167 1229
1167 1230
1168 1169
1168 1230
1168 1231
1169 1170
1169 1231
1170 1171
1170 1232
1171 1172
1171 1232
1171 1233
1172 1232
1172 1233
1172 1234
1173 1174
1173 1234
1173 1235
1173 1236
1174 1175
1174 1235
1174 1236
1175 1176
1175 1236
1175 1237
1176 1177
1176 1237
1177 1178
1177 1237
1177 1238
1178 1238
1178 1239
1179 1180
1179 1239
1179 1240
1179 1241
1180 1181
1180 1240
1180 1241
1180 1242
1181 1182
1181 1241
1181 1242
1181 1243
1182 1183
1182 1242
1182 1243
1182 1244
1183 1184
1183 1243
1183 1244
1183 1245
1184 1185
1184 1244
1184 1245
1184 1246
1185 1186
1185 1245
1185 1246
1185 1247
1186 1187
1186 1246
1186 1247
1186 1248
1187 1188
1187 1247
1187 1248
1187 1249
1188 1189
1188 1248
1188 1249
1189 1190
1189 1249
1189 1250
1190 1250
1190 1251
1191 1192
1191 1251
1191 1252
1191 1253
1192 1193
1192 1252
1192 1253
1192 1254
1193 1194
1193 1253
1193 1254
1194 1195
1194 1254
1194 1255
1195 1196
1195 1255
1195 1256
1196 1255
1196 1256
1197 1198
1197 1257
1198 1199
1198 1257
1198 1258
1199 1200
1199 1257
1199 1258
1199 1259
1200 1201
1200 1258
1200 1259
1200 1260
1201 1202
1201 1259
1201 1260
1201 1261
1202 1203
1202 1260
1202 1261
1203 1261
1203 1262
1204 1205
1204 1262
1204 1263
1204 1264
1205 1206
1205 1263
1205 1264
1206 1207
1206 1264
1206 1265
1207 1208
1207 1265
1207 1266
1208 1209
1208 1265
1208 1266
1208 1267
1209 1210
1209 1266
1209 1267
1209 1268
1210 1211
1210 1267
1210 1268
1210 1269
1211 1212
1211 1268
1211 1269
1211 1270
1212 1269
1212 1270
1213 1214
1213 1271
1213 1272
1214 1215
1214 1271
1214 1272
1214 1273
1215 1216
1215 1272
1215 1273
1215 1274
1216 1217
1216 1273
1216 1274
1216 1275
1217 1274
1217 1275
1217 1276
1218 1219
1218 1276
1218 1277
1218 1278
1219 1220
1219 1277
1219 1278
1220 1221
1220 1278
1221 1222
1221 1279
1222 1223
1222 1279
1222 1280
1223 1279
1223 1280
1223 1281
1224 1225
1224 1281
1224 1282
1225 1226
1225 1282
1225 1283
1226 1227
1226 1282
1226 1283
1226 1284
1227 1228
1227 1283
1227 1284
1227 1285
1228 1229
1228 1284
1228 1285
1229 1230
1229 1285
1229 1286
1230 1231
1230 1286
1231 1286
1231 1287
1232 1233
1232 1288
1232 1289
1233 1234
1233 1289
1233 1290
1234 1235
1234 1290
1234 1291
1235 1236
1235 1290
1235 1291
1235 1292
1236 1291
1236 1292
1236 1293
1237 1293
1237 1294
1238 1239
1238 1294
1238 1295
1238 1296
1239 1240
1239 1295
1239 1296
1240 1241
1240 1296
1240 1297
1241 1242
1241 1297
1241 1298
1242 1243
1242 1297
1242 1298
1243 1244
1243 1298
1243 1299
1244 1245
1244 1299
1244 1300
1245 1246
1245 1299
1245 1300
1245 1301
1246 1247
1246 1300
1246 1301
1246 1302
1247 1248
1247 1301
1247 1302
1247 1303
1248 1249
1248 1302
1248 1303
1248 1304
1249 1303
1249 1304
1249 1305
1250 1251
1250 1305
1250 1306
1250 1307
1251 1252
1251 1306
1251 1307
1252 1253
1252 1307
1253 1254
1255 1256
1255 1308
1255 1309
1256 1308
1256 1309
1257 1258
1257 1310
1257 1311
1257 1312
1258 1259
1258 1311
1258 1312
1258 1313
1259 1260
1259 1312
1259 1313
1259 1314
1260 1261
1260 1313
1260 1314
1260 1315
1261 1314
1261 1315
1261 1316
1262 1263
1262 1316
1262 1317
1262 1318
1263 1264
1263 1317
1263 1318
1263 1319
1264 1318
1264 1319
1265 1266
1265 1320
1265 1321
1266 1267
1266 1320
1266 1321
1266 1322
1267 1268
1267 1321
1267 1322
1267 1323
1268 1269
1268 1322
1268 1323
1268 1324
1269 1270
1269 1323
1269 1324
1270 1324
1270 1325
1271 1272
1271 1325
1271 1326
1271 1327
1272 1273
1272 1326
1272 1327
1272 1328
1273 1274
1273 1327
1273 1328
1273 1329
1274 1275
1274 1328
1274 1329
1274 1330
1275 1276
1275 1329
1275 1330
1275 1331
1276 1277
1276 1330
1276 1331
1277 1278
1277 1331
1277 1332
1278 1332
1278 1333
1279 1280
1279 1334
1279 1335
1279 1336
1280 1281
1280 1335
1280 1336
1280 1337
1281 1336
1281 1337
1281 1338
1282 1283
1282 1338
1282 1339
1283 1284
1283 1339
1283 1340
1284 1285
1284 1340
1284 1341
1285 1340
1285 1341
1286 1342
1286 1343
1287 1288
1287 1343
1287 1344
1287 1345
1288 1289
1288 1344
1288 1345
1288 1346
1289 1345
1289 1346
1289 1347
1290 1291
1290 1347
1290 1348
1291 1292
1291 1348
1291 1349
1292 1293
1292 1349
1292 1350
1293 1349
1293 1350
1293 1351
1294 1295
1294 1351
1294 1352
1294 1353
1295 1296
1295 1352
1295 1353
1295 1354
1296 1353
1296 1354
1297 1298
1297 1355
1297 1356
1298 1355
1298 1356
1299 1300
1299 1357
1300 1301
1300 1357
1300 1358
1301 1302
1301 1358
1301 1359
1302 1303
1302 1358
1302 1359
1303 1304
1303 1359
1303 1360
1304 1305
1304 1360
1304 1361
1305 1306
1305 1360
1305 1361
1305 1362
1306 1307
1306 1361
1306 1362
1306 1363
1307 1362
1307 1363
1307 1364
1308 1309
1308 1366
1308 1367
1309 1366
1309 1367
1310 1311
1310 1368
1311 1312
1311 1368
1311 1369
1312 1313
1312 1369
1312 1370
1313 1314
1313 1369
1313 1370
1313 1371
1314 1315
1314 1370
1314 1371
1314 1372
1315 1316
1315 1371
1315 1372
1315 1373
1316 1317
1316 1372
1316 1373
1317 1318
1317 1373
1317 1374
1318 1319
1318 1374
1319 1374
1319 1375
1320 1321
1320 1375
1320 1376
1320 1377
1321 1322
1321 1376
1321 1377
1321 1378
1322 1323
1322 1377
1322 1378
1322 1379
1323 1324
1323 1378
1323 1379
1323 1380
1324 1379
1324 1380
1324 1381
1325 1326
1325 1381
1325 1382
1326 1327
1326 1382
1326 1383
1327 1328
1327 1383
1328 1329
1328 1383
1328 1384
1329 1330
1329 1384
1329 1385
1330 1331
1330 1384
1330 1385
1330 1386
1331 1385
1331 1386
1332 1333
1332 1387
1332 1388
1333 1334
1333 1387
1333 1388
1333 1389
1334 1335
1334 1388
1334 1389
1334 1390
1335 1336
1335 1389
1335 1390
1335 1391
1336 1337
1336 1390
1336 1391
1337 1338
1337 1391
1337 1392
1338 1339
1338 1392
1338 1393
1339 1392
1339 1393
1339 1394
1340 1341
1340 1394
1341 1395
1342 1343
1342 1395
1342 1396
1343 1344
1343 1396
1343 1397
1344 1345
1344 1397
1344 1398
1345 1346
1345 1397
1345 1398
1345 1399
1346 1347
1346 1398
1346 1399
1347 1348
1347 1399
1347 1400
1348 1400
1348 1401
1349 1350
1349 1401
1349 1402
1349 1403
1350 1351
1350 1402
1350 1403
1350 1404
1351 1352
1351 1403
1351 1404
1351 1405
1352 1353
1352 1404
1352 1405
1352 1406
1353 1354
1353 1405
1353 1406
1353 1407
1354 1406
1354 1407
1354 1408
1355 1356
1355 1408
1355 1409
1356 1409
1356 1410
1357 1410
1357 1411
1357 1412
1358 1359
1358 1412
1358 1413
1359 1413
1359 1414
1360 1361
1360 1414
1360 1415
1360 1416
1361 1362
1361 1415
1361 1416
1361 1417
1362 1363
1362 1416
1362 1417
1362 1418
1363 1364
1363 1417
1363 1418
1363 1419
1364 1418
1364 1419
1365 1420
1365 1421
1366 1367
1366 1421
1366 1422
1367 1422
1368 1423
1369 1370
1369 1423
1369 1424
1370 1371
1370 1424
1370 1425
1371 1372
1371 1425
1371 1426
1372 1373
1372 1425
1372 1426
1372 1427
1373 1426
1373 1427
1373 1428
1374 1428
1374 1429
1374 1430
1375 1376
1375 1430
1375 1431
1376 1377
1376 1431
1376 1432
1377 1378
1377 1432
1377 1433
1378 1379
1378 1432
1378 1433
1378 1434
1379 1380
1379 1433
1379 1434
1379 1435
1380 1381
1380 1434
1380 1435
1380 1436
1381 1382
1381 1435
1381 1436
1381 1437
1382 1436
1382 1437
1382 1438
1383 1438
1383 1439
1383 1440
1384 1385
1384 1440
1384 1441
1384 1442
1385 1386
1385 1441
1385 1442
1385 1443
1386 1442
1386 1443
1386 1444
1387 1388
1387 1444
1387 1445
1387 1446
1388 1389
1388 1445
1388 1446
1388 1447
1389 1390
1389 1446
1389 1447
1389 1448
1390 1391
1390 1447
1390 1448
1391 1448
1392 1393
1392 1449
1392 1450
1393 1394
1393 1449
1393 1450
1393 1451
1394 1450
1394 1451
1394 1452
1395 1396
1395 1453
1395 1454
1395 1455
1396 1454
1396 1455
1396 1456
1397 1398
1397 1456
1397 1457
1398 1399
1398 1457
1399 1457
1399 1458
1400 1401
1400 1458
1400 1459
1401 1402
1401 1459
1401 1460
1402 1403
1402 1460
1403 1404
1403 1460
1404 1405
1404 1461
1405 1406
1405 1461
1405 1462
1406 1407
1406 1461
1406 1462
1407 1408
1407 1462
1407 1463
1408 1463
1408 1464
1409 1410
1409 1464
1409 1465
1409 1466
1410 1411
1410 1465
1410 1466
1410 1467
1411 1412
1411 1466
1411 1467
1411 1468
1412 1413
1412 1467
1412 1468
1412 1469
1413 1468
1413 1469
1413 1470
1414 1415
1414 1470
1414 1471
1415 1416
1415 1471
1415 1472
1416 1417
1416 1471
1416 1472
1416 1473
1417 1418
1417 1472
1417 1473
1418 1419
1418 1473
1418 1474
1419 1474
1419 1475
1420 1421
1420 1475
1420 1476
1420 1477
1421 1422
1421 1476
1421 1477
1421 1478
1422 1477
1422 1478
1422 1479
1423 1424
1423 1480
1423 1481
1423 1482
1424 1481
1424 1482
1424 1483
1425 1426
1425 1483
1425 1484
1425 1485
1426 1427
1426 1484
1426 1485
1426 1486
1427 1428
1427 1485
1427 1486
1427 1487
1428 1429
1428 1486
1428 1487
1429 1430
1429 1487
1430 1431
1430 1488
1431 1488
1431 1489
1432 1433
1432 1489
1432 1490
1432 1491
1433 1434
1433 1490
1433 1491
1433 1492
1434 1435
1434 1491
1434 1492
1434 1493
1435 1436
1435 1492
1435 1493
1435 1494
1436 1437
1436 1493
1436 1494
1436 1495
1437 1438
1437 1494
1437 1495
1438 1439
1438 1495
1439 1440
1439 1496
1440 1441
1440 1496
1440 1497
1441 1442
1441 1496
1441 1497
1442 1443
1442 1497
1442 1498
1443 1444
1443 1498
1443 1499
1444 1445
1444 1498
1444 1499
1445 1446
1445 1499
1445 1500
1446 1447
1446 1500
1446 1501
1447 1448
1447 1500
1447 1501
1447 1502
1448 1501
1448 1502
1448 1503
1449 1450
1449 1504
1449 1505
1450 1451
1450 1505
1450 1506
1451 1452
1451 1505
1451 1506
1452 1453
1452 1506
1452 1507
1453 1454
1453 1507
1453 1508
1454 1455
1454 1507
1454 1508
1454 1509
1455 1456
1455 1508
1455 1509
1455 1510
1456 1509
1456 1510
1456 1511
1457 1511
1457 1512
1457 1513
1458 1459
1458 1513
1458 1514
1458 1515
1459 1514
1459 1515
1459 1516
1460 1516
1460 1517
1461 1462
1461 1518
1461 1519
1461 1520
1462 1519
1462 1520
1463 1464
1463 1521
1464 1465
1464 1521
1464 1522
1465 1466
1465 1521
1465 1522
1465 1523
1466 1467
1466 1522
1466 1523
1466 1524
1467 1468
1467 1523
1467 1524
1468 1469
1468 1524
1469 1470
1469 1525
1470 1525
1470 1526
1471 1472
1471 1526
1471 1527
1471 1528
1472 1473
1472 1527
1472 1528
1472 1529
1473 1528
1473 1529
1474 1475
1474 1530
1475 1476
1475 1530
1476 1477
1476 1531
1477 1478
1477 1531
1477 1532
1478 1479
1478 1531
1478 1532
1479 1532
1480 1481
1480 1533
1481 1482
1481 1533
1481 1534
1482 1483
1482 1534
1482 1535
1483 1484
1483 1534
1483 1535
1483 1536
1484 1485
1484 1535
1484 1536
1485 1486
1485 1536
1486 1487
1486 1537
1487 1537
1488 1489
1488 1538
1488 1539
1488 1540
1489 1490
1489 1539
1489 1540
1490 1491
1490 1540
1490 1541
1491 1492
1491 1541
1491 1542
1492 1493
1492 1541
1492 1542
1492 1543
1493 1494
1493 1542
1493 1543
1493 1544
1494 1495
1494 1543
1494 1544
1494 1545
1495 1544
1495 1545
1495 1546
1496 1497
1496 1547
1496 1548
1497 1547
1497 1548
1497 1549
1498 1499
1498 1549
1498 1550
1498 1551
1499 1550
1499 1551
1500 1501
1500 1552
1500 1553
1501 1502
1501 1552
1501 1553
1501 1554
1502 1503
1502 1553
1502 1554
1502 1555
1503 1504
1503 1554
1503 1555
1503 1556
1504 1555
1504 1556
1504 1557
1505 1506
1505 1557
1505 1558
1505 1559
1506 1558
1506 1559
1507 1508
1507 1560
1508 1509
1508 1560
1508 1561
1509 1510
1509 1560
1509 1561
1509 1562
1510 1511
1510 1561
1510 1562
1511 1512
1511 1562
1511 1563
1512 1513
1512 1563
1512 1564
1513 1514
1513 1563
1513 1564
1513 1565
1514 1515
1514 1564
1514 1565
1514 1566
1515 1516
1515 1565
1515 1566
1516 1566
1516 1567
1517 1518
1517 1567
1517 1568
1517 1569
1518 1519
1518 1568
1518 1569
1518 1570
1519 1520
1519 1569
1519 1570
1519 1571
1520 1570
1520 1571
1521 1522
1521 1572
1521 1573
1522 1523
1522 1572
1522 1573
1522 1574
1523 1524
1523 1573
1523 1574
1523 1575
1524 1574
1524 1575
1524 1576
1525 1526
1525 1577
1525 1578
1526 1527
1526 1578
1526 1579
1527 1528
1527 1579
1527 1580
1528 1529
1528 1579
1528 1580
1529 1580
1530 1581
1531 1532
1531 1582
1531 1583
1532 1583
1532 1584
1533 1585
1534 1535
1534 1586
1535 1536
1535 1586
1535 1587
1536 1587
1536 1588
1537 1589
1537 1590
1537 1591
1538 1539
1538 1591
1538 1592
1538 1593
1539 1540
1539 1592
1539 1593
1539 1594
1540 1593
1540 1594
1540 1595
1541 1542
1541 1595
1542 1543
1542 1596
1543 1544
1543 1596
1543 1597
1544 1545
1544 1596
1544 1597
1544 1598
1545 1546
1545 1597
1545 1598
1545 1599
1546 1598
1546 1599
1546 1600
1547 1548
1547 1600
1547 1601
1548 1549
1548 1601
1548 1602
1549 1550
1549 1601
1549 1602
1549 1603
1550 1551
1550 1602
1550 1603
1550 1604
1551 1603
1551 1604
1551 1605
1552 1553
1552 1605
1552 1606
1553 1554
1553 1606
1553 1607
1554 1555
1554 1606
1554 1607
1555 1556
1555 1607
1555 1608
1556 1557
1556 1608
1556 1609
1557 1558
1557 1608
1557 1609
1557 1610
1558 1559
1558 1609
1558 1610
1559 1610
1559 1611
1560 1561
1560 1612
1561 1562
1561 1613
1562 1613
1562 1614
1563 1564
1563 1614
1563 1615
1563 1616
1564 1565
1564 1615
1564 1616
1564 1617
1565 1566
1565 1616
1565 1617
1565 1618
1566 1617
1566 1618
1566 1619
1567 1568
1567 1619
1567 1620
1567 1621
1568 1569
1568 1620
1568 1621
1568 1622
1569 1570
1569 1621
1569 1622
1569 1623
1570 1571
1570 1622
1570 1623
1570 1624
1571 1623
1571 1624
1571 1625
1572 1573
1572 1626
1572 1627
1572 1628
1573 1574
1573 1627
1573 1628
1573 1629
1574 1575
1574 1628
1574 1629
1574 1630
1575 1576
1575 1629
1575 1630
1575 1631
1576 1577
1576 1630
1576 1631
1577 1578
1577 1631
1577 1632
1578 1632
1578 1633
1579 1580
1579 1633
1579 1634
1580 1634
1580 1635
1581 1582
1581 1636
1581 1637
1581 1638
1582 1637
1582 1638
1582 1639
1583 1584
1583 1639
1583 1640
1583 1641
1584 1640
1584 1641
1585 1642
1586 1642
1586 1643
1586 1644
1587 1588
1587 1644
1587 1645
1587 1646
1588 1589
1588 1645
1588 1646
1588 1647
1589 1590
1589 1646
1589 1647
1589 1648
1590 1591
1590 1647
1590 1648
1590 1649
1591 1592
1591 1648
1591 1649
1591 1650
1592 1593
1592 1649
1592 1650
1592 1651
1593 1594
1593 1650
1593 1651
1593 1652
1594 1595
1594 1651
1594 1652
1595 1652
1595 1653
1596 1597
1596 1654
1597 1598
1597 1654
1597 1655
1598 1599
1598 1655
1599 1600
1599 1655
1599 1656
1600 1656
1601 1602
1601 1657
1601 1658
1602 1603
1602 1657
1602 1658
1602 1659
1603 1604
1603 1658
1603 1659
1604 1605
1604 1659
1604 1660
1605 1660
1605 1661
1606 1607
1606 1661
1606 1662
1607 1662
1607 1663
1608 1609
1608 1663
1608 1664
1608 1665
1609 1610
1609 1664
1609 1665
1609 1666
1610 1665
1610 1666
1610 1667
1611 1612
1611 1667
1611 1668
1611 1669
1612 1668
1612 1669
1612 1670
1613 1614
1613 1671
1613 1672
1613 1673
1614 1615
1614 1672
1614 1673
1614 1674
1615 1616
1615 1673
1615 1674
1615 1675
1616 1617
1616 1674
1616 1675
1617 1618
1617 1675
1617 1676
1618 1619
1618 1676
1618 1677
1619 1620
1619 1676
1619 1677
1620 1621
1620 1677
1620 1678
1621 1622
1621 1678
1621 1679
1622 1623
1622 1678
1622 1679
1622 1680
1623 1624
1623 1679
1623 1680
1623 1681
1624 1625
1624 1680
1624 1681
1625 1626
1625 1681
1625 1682
1626 1627
1626 1682
1626 1683
1627 1628
1627 1682
1627 1683
1627 1684
1628 1629
1628 1683
1628 1684
1628 1685
1629 1630
1629 1684
1629 1685
1629 1686
1630 1631
1630 1685
1630 1686
1630 1687
1631 1686
1631 1687
1631 1688
1632 1633
1632 1688
1632 1689
1632 1690
1633 1634
1633 1689
1633 1690
1634 1690
1634 1691
1635 1691
1635 1692
1635 1693
1636 1637
1636 1693
1636 1694
1636 1695
1637 1638
1637 1694
1637 1695
1637 1696
1638 1639
1638 1695
1638 1696
1638 1697
1639 1640
1639 1696
1639 1697
1639 1698
1640 1641
1640 1697
1640 1698
1640 1699
1641 1698
1641 1699
1642 1643
1642 1700
1642 1701
1643 1644
1643 1701
1644 1645
1645 1646
1645 1702
1646 1647
1646 1702
1646 1703
1647 1648
1647 1702
1647 1703
1648 1649
1648 1703
1648 1704
1649 1650
1649 1704
1649 1705
1650 1651
1650 1704
1650 1705
1650 1706
1651 1652
1651 1705
1651 1706
1652 1706
1652 1707
1653 1707
1653 1708
1653 1709
1654 1709
1654 1710
1654 1711
1655 1711
1655 1712
1655 1713
1656 1713
1657 1658
1657 1714
1658 1659
1658 1714
1658 1715
1659 1715
1659 1716
1660 1661
1660 1716
1660 1717
1661 1662
1661 1717
1661 1718
1662 1718
1662 1719
1663 1664
1663 1719
1663 1720
1664 1665
1664 1720
1664 1721
1665 1666
1665 1720
1665 1721
1666 1667
1666 1721
1666 1722
1667 1668
1667 1722
1667 1723
1668 1669
1668 1722
1668 1723
1668 1724
1669 1670
1669 1723
1669 1724
1669 1725
1670 1671
1670 1724
1670 1725
1671 1672
1671 1725
1672 1673
1672 1726
1673 1674
1673 1726
1674 1675
1674 1726
1674 1727
1675 1727
1675 1728
1676 1677
1676 1728
1676 1729
1677 1729
1677 1730
1678 1679
1678 1730
1678 1731
1679 1680
1679 1731
1680 1681
1680 1731
1680 1732
1681 1732
1681 1733
1682 1683
1682 1733
1682 1734
1682 1735
1683 1684
1683 1734
1683 1735
1683 1736
1684 1685
1684 1735
1684 1736
1684 1737
1685 1686
1685 1736
1685 1737
1686 1687
1686 1737
1687 1688
1687 1738
1688 1689
1688 1738
1689 1690
1689 1738
1689 1739
1690 1739
1690 1740
1691 1692
1691 1740
1691 1741
1692 1693
1692 1741
1692 1742
1693 1694
1693 1741
1693 1742
1694 1695
1694 1742
1694 1743
1695 1696
1695 1743
1695 1744
1696 1697
1696 1743
1696 1744
1696 1745
1697 1698
1697 1744
1697 1745
1697 1746
1698 1699
1698 1745
1698 1746
1698 1747
1699 1746
1699 1747
1700 1701
1700 1748
1700 1749
1701 1748
1701 1749
1701 1750
1702 1703
1702 1752
1702 1753
1703 1753
1703 1754
1704 1705
1704 1754
1704 1755
1704 1756
1705 1706
1705 1755
1705 1756
1705 1757
1706 1756
1706 1757
1706 1758
1707 1708
1707 1758
1707 1759
1707 1760
1708 1709
1708 1759
1708 1760
1708 1761
1709 1710
1709 1760
1709 1761
1710 1711
1710 1761
1711 1712
1711 1762
1712 1713
1712 1762
1712 1763
1713 1762
1713 1763
1713 1764
1714 1765
1714 1766
1714 1767
1715 1716
1715 1767
1715 1768
1715 1769
1716 1717
1716 1768
1716 1769
1716 1770
1717 1769
1717 1770
1717 1771
1718 1719
1718 1771
1718 1772
1718 1773
1719 1772
1719 1773
1719 1774
1720 1721
1720 1774
1720 1775
1720 1776
1721 1775
1721 1776
1721 1777
1722 1723
1722 1777
1722 1778
1722 1779
1723 1724
1723 1778
1723 1779
1723 1780
1724 1725
1724 1779
1724 1780
1724 1781
1725 1780
1725 1781
1725 1782
1726 1783
1726 1784
1726 1785
1727 1728
1727 1785
1727 1786
1728 1786
1728 1787
1729 1730
1729 1787
1729 1788
1729 1789
1730 1788
1730 1789
1730 1790
1731 1790
1731 1791
1731 1792
1732 1733
1732 1792
1732 1793
1732 1794
1733 1734
1733 1793
1733 1794
1733 1795
1734 1735
1734 1794
1734 1795
1734 1796
1735 1736
1735 1795
1735 1796
1735 1797
1736 1737
1736 1796
1736 1797
1736 1798
1737 1797
1737 1798
1737 1799
1738 1800
1738 1801
1739 1740
1739 1801
1740 1802
1741 1742
1741 1802
1741 1803
1741 1804
1742 1803
1742 1804
1742 1805
1743 1744
1743 1805
1743 1806
1744 1745
1744 1806
1744 1807
1745 1746
1745 1806
1745 1807
1746 1747
1746 1807
1746 1808
1747 1808
1748 1749
1748 1809
1748 1810
1749 1750
1749 1809
1749 1810
1749 1811
1750 1751
1750 1810
1750 1811
1750 1812
1751 1752
1751 1811
1751 1812
1751 1813
1752 1812
1752 1813
1752 1814
1753 1754
1753 1814
1753 1815
1754 1755
1754 1815
1755 1756
1755 1815
1755 1816
1756 1757
1756 1816
1757 1758
1757 1816
1758 1759
1758 1817
1759 1760
1759 1817
1760 1761
1760 1817
1760 1818
1761 1818
1762 1763
1762 1819
1762 1820
1762 1821
1763 1764
1763 1820
1763 1821
1763 1822
1764 1765
1764 1821
1764 1822
1764 1823
1765 1766
1765 1822
1765 1823
1765 1824
1766 1767
1766 1823
1766 1824
1766 1825
1767 1768
1767 1824
1767 1825
1767 1826
1768 1769
1768 1825
1768 1826
1768 1827
1769 1770
1769 1826
1769 1827
1769 1828
1770 1771
1770 1827
1770 1828
1770 1829
1771 1772
1771 1828
1771 1829
1771 1830
1772 1773
1772 1829
1772 1830
1773 1774
1773 1830
1773 1831
1774 1775
1774 1831
1774 1832
1775 1776
1775 1831
1775 1832
1776 1777
1776 1832
1777 1778
1777 1833
1778 1779
1778 1833
1779 1780
1779 1833
1779 1834
1780 1781
1780 1834
1781 1782
1781 1834
1781 1835
1782 1783
1782 1835
1782 1836
1783 1784
1783 1835
1783 1836
1783 1837
1784 1785
1784 1836
1784 1837
1785 1786
1785 1837
1786 1838
1787 1788
1787 1838
1787 1839
1787 1840
1788 1789
1788 1839
1788 1840
1788 1841
1789 1790
1789 1840
1789 1841
1789 1842
1790 1791
1790 1841
1790 1842
1790 1843
1791 1792
1791 1842
1791 1843
1791 1844
1792 1793
1792 1843
1792 1844
1792 1845
1793 1794
1793 1844
1793 1845
1793 1846
1794 1795
1794 1845
1794 1846
1794 1847
1795 1796
1795 1846
1795 1847
1796 1797
1796 1847
1796 1848
1797 1798
1797 1848
1798 1799
1798 1848
1798 1849
1799 1849
1799 1850
1800 1801
1800 1850
1800 1851
1801 1851
1802 1803
1802 1852
1802 1853
1803 1804
1803 1852
1803 1853
1803 1854
1804 1805
1804 1853
1804 1854
1804 1855
1805 1854
1805 1855
1805 1856
1806 1807
1806 1856
1806 1857
1806 1858
1807 1857
1807 1858
1807 1859
1808 1859
1809 1810
1809 1860
1809 1861
1810 1811
1810 1860
1810 1861
1810 1862
1811 1812
1811 1861
1811 1862
1811 1863
1812 1813
1812 1862
1812 1863
1812 1864
1813 1814
1813 1863
1813 1864
1813 1865
1814 1864
1814 1865
1814 1866
1815 1866
1815 1867
1815 1868
1816 1868
1816 1869
1816 1870
1817 1871
1817 1872
1817 1873
1818 1873
1818 1874
1818 1875
1819 1820
1819 1875
1819 1876
1820 1821
1820 1876
1820 1877
1821 1822
1821 1876
1821 1877
1821 1878
1822 1823
1822 1877
1822 1878
1822 1879
1823 1824
1823 1878
1823 1879
1823 1880
1824 1825
1824 1879
1824 1880
1824 1881
1825 1826
1825 1880
1825 1881
1825 1882
1826 1827
1826 1881
1826 1882
1826 1883
1827 1828
1827 1882
1827 1883
1828 1829
1828 1883
1828 1884
1829 1830
1829 1884
1829 1885
1830 1884
1830 1885
1830 1886
1831 1832
1831 1886
1831 1887
1831 1888
1832 1887
1832 1888
1832 1889
1833 1890
1833 1891
1834 1892
1834 1893
1835 1836
1835 1893
1835 1894
1835 1895
1836 1837
1836 1894
1836 1895
1836 1896
1837 1895
1837 1896
1837 1897
1838 1839
1838 1898
1838 1899
1839 1840
1839 1898
1839 1899
1839 1900
1840 1841
1840 1899
1840 1900
1840 1901
1841 1842
1841 1900
1841 1901
1841 1902
1842 1843
1842 1901
1842 1902
1842 1903
1843 1844
1843 1902
1843 1903
1844 1845
1844 1903
1844 1904
1845 1846
1845 1904
1845 1905
1846 1847
1846 1904
1846 1905
1846 1906
1847 1905
1847 1906
1847 1907
1848 1907
1848 1908
1848 1909
1849 1850
1849 1909
1849 1910
1849 1911
1850 1851
1850 1910
1850 1911
1850 1912
1851 1911
1851 1912
1851 1913
1852 1853
1852 1915
1853 1854
1853 1916
1854 1855
1854 1916
1854 1917
1855 1856
1855 1916
1855 1917
1855 1918
1856 1857
1856 1917
1856 1918
1856 1919
1857 1858
1857 1918
1857 1919
1857 1920
1858 1859
1858 1919
1858 1920
1858 1921
1859 1920
1859 1921
1859 1922
1860 1861
1860 1923
1861 1862
1861 1923
1861 1924
1862 1863
1862 1923
1862 1924
1863 1864
1863 1924
1863 1925
1864 1865
1864 1925
1864 1926
1865 1866
1865 1925
1865 1926
1866 1867
1866 1926
1866 1927
1867 1868
1867 1927
1867 1928
1868 1869
1868 1927
1868 1928
1868 1929
1869 1870
1869 1928
1869 1929
1869 1930
1870 1871
1870 1929
1870 1930
1870 1931
1871 1872
1871 1930
1871 1931
1871 1932
1872 1873
1872 1931
1872 1932
1872 1933
1873 1874
1873 1932
1873 1933
1874 1875
1874 1933
1874 1934
1875 1934
1875 1935
1876 1877
1876 1935
1876 1936
1876 1937
1877 1878
1877 1936
1877 1937
1878 1879
1878 1937
1879 1880
1879 1938
1880 1881
1880 1938
1880 1939
1881 1882
1881 1938
1881 1939
1881 1940
1882 1883
1882 1939
1882 1940
1882 1941
1883 1940
1883 1941
1883 1942
1884 1885
1884 1942
1884 1943
1884 1944
1885 1886
1885 1943
1885 1944
1885 1945
1886 1887
1886 1944
1886 1945
1886 1946
1887 1888
1887 1945
1887 1946
1887 1947
1888 1889
1888 1946
1888 1947
1888 1948
1889 1890
1889 1947
1889 1948
1889 1949
1890 1891
1890 1948
1890 1949
1890 1950
1891 1949
1891 1950
1891 1951
1892 1893
1892 1951
1892 1952
1892 1953
1893 1894
1893 1952
1893 1953
1894 1895
1894 1953
1894 1954
1895 1896
1895 1954
1895 1955
1896 1897
1896 1954
1896 1955
1896 1956
1897 1955
1897 1956
1897 1957
1898 1899
1898 1957
1898 1958
1898 1959
1899 1900
1899 1958
1899 1959
1899 1960
1900 1901
1900 1959
1900 1960
1900 1961
1901 1902
1901 1960
1901 1961
1901 1962
1902 1903
1902 1961
1902 1962
1902 1963
1903 1962
1903 1963
1903 1964
1904 1905
1904 1964
1904 1965
1904 1966
1905 1906
1905 1965
1905 1966
1905 1967
1906 1907
1906 1966
1906 1967
1906 1968
1907 1908
1907 1967
1907 1968
1908 1909
1908 1968
1908 1969
1909 1910
1909 1969
1910 1911
1910 1969
1910 1970
1911 1912
1911 1970
1912 1913
1912 1970
1913 1914
1913 1971
1914 1915
1914 1971
1914 1972
1915 1971
1915 1972
1915 1973
1916 1917
1916 1974
1916 1975
1917 1918
1917 1974
1917 1975
1917 1976
1918 1919
1918 1975
1918 1976
1918 1977
1919 1920
1919 1976
1919 1977
1920 1921
1920 1977
1920 1978
1921 1922
1921 1978
1922 1978
1923 1924
1923 1979
1923 1980
1924 1979
1924 1980
1924 1981
1925 1926
1925 1981
1925 1982
1926 1982
1927 1928
1927 1983
1927 1984
1928 1929
1928 1983
1928 1984
1928 1985
1929 1930
1929 1984
1929 1985
1929 1986
1930 1931
1930 1985
1930 1986
1930 1987
1931 1932
1931 1986
1931 1987
1931 1988
1932 1933
1932 1987
1932 1988
1933 1988
1933 1989
1934 1935
1934 1989
1934 1990
1934 1991
1935 1936
1935 1990
1935 1991
1936 1937
1936 1991
1936 1992
1937 1992
1937 1993
1938 1939
1938 1994
1938 1995
1939 1940
1939 1995
1939 1996
1940 1941
1940 1996
1940 1997
1941 1942
1941 1996
1941 1997
1942 1943
1942 1997
1942 1998
1943 1944
1943 1998
1943 1999
1944 1945
1944 1998
1944 1999
1945 1946
1945 1999
1946 1947
1946 2000
1947 1948
1947 2000
1947 2001
1948 1949
1948 2000
1948 2001
1948 2002
1949 1950
1949 2001
1949 2002
1950 1951
1950 2002
1950 2003
1951 1952
1951 2003
1951 2004
1952 1953
1952 2003
1952 2004
1953 2004
1954 1955
1954 2005
1954 2006
1955 1956
1955 2005
1955 2006
1955 2007
1956 1957
1956 2006
1956 2007
1957 1958
1957 2007
1957 2008
1958 1959
1958 2008
1958 2009
1959 1960
1959 2008
1959 2009
1959 2010
1960 1961
1960 2009
1960 2010
1960 2011
1961 1962
1961 2010
1961 2011
1961 2012
1962 1963
1962 2011
1962 2012
1963 1964
1963 2012
1963 2013
1964 1965
1964 2013
1964 2014
1965 1966
1965 2013
1965 2014
1965 2015
1966 1967
1966 2014
1966 2015
1966 2016
1967 1968
1967 2015
1967 2016
1967 2017
1968 2016
1968 2017
1968 2018
1969 2018
1969 2019
1970 2019
1970 2020
1971 1972
1971 2021
1971 2022
1971 2023
1972 1973
1972 2022
1972 2023
1972 2024
1973 2023
1973 2024
1973 2025
1974 1975
1974 2025
1974 2026
1974 2027
1975 1976
1975 2026
1975 2027
1975 2028
1976 1977
1976 2027
1976 2028
1976 2029
1977 2028
1977 2029
1977 2030
1978 2030
1978 2031
1978 2032
1979 1980
1979 2033
1979 2034
1979 2035
1980 1981
1980 2034
1980 2035
1980 2036
1981 2035
1981 2036
1982 2037
1982 2038
1983 1984
1983 2038
1983 2039
1984 1985
1984 2039
1984 2040
1985 1986
1985 2040
1985 2041
1986 1987
1986 2040
1986 2041
1987 1988
1987 2041
1987 2042
1988 2042
1988 2043
1989 1990
1989 2043
1989 2044
1989 2045
1990 1991
1990 2044
1990 2045
1990 2046
1991 2045
1991 2046
1992 1993
1992 2047
1992 2048
1993 1994
1993 2047
1993 2048
1994 1995
1994 2048
1994 2049
1995 2049
1995 2050
1996 1997
1996 2050
1996 2051
1996 2052
1997 2051
1997 2052
1998 1999
1998 2053
1999 2053
1999 2054
2000 2001
2000 2055
2000 2056
2001 2002
2001 2056
2001 2057
2002 2057
2003 2004
2003 2058
2004 2058
2005 2006
2005 2059
2005 2060
2005 2061
2006 2007
2006 2060
2006 2061
2006 2062
2007 2061
2007 2062
2007 2063
2008 2009
2008 2063
2008 2064
2009 2010
2009 2064
2009 2065
2010 2011
2010 2064
2010 2065
2010 2066
2011 2012
2011 2065
2011 2066
2011 2067
2012 2066
2012 2067
2012 2068
2013 2014
2013 2068
2013 2069
2014 2015
2014 2069
2014 2070
2015 2016
2015 2069
2015 2070
2015 2071
2016 2017
2016 2070
2016 2071
2016 2072
2017 2018
2017 2071
2017 2072
2017 2073
2018 2072
2018 2073
2018 2074
2019 2020
2019 2074
2019 2075
2019 2076
2020 2075
2020 2076
2020 2077
2021 2022
2021 2077
2021 2078
2021 2079
2022 2023
2022 2078
2022 2079
2022 2080
2023 2024
2023 2079
2023 2080
2023 2081
2024 2025
2024 2080
2024 2081
2024 2082
2025 2026
2025 2081
2025 2082
2025 2083
2026 2027
2026 2082
2026 2083
2027 2028
2027 2083
2028 2029
2028 2084
2029 2030
2029 2084
2029 2085
2030 2031
2030 2084
2030 2085
2031 2032
2031 2085
2031 2086
2032 2086
2033 2034
2033 2087
2033 2088
2034 2035
2034 2087
2034 2088
2034 2089
2035 2036
2035 2088
2035 2089
2036 2089
2037 2038
2037 2090
2037 2091
2038 2039
2038 2090
2038 2091
2038 2092
2039 2091
2039 2092
2039 2093
2040 2041
2040 2093
2040 2094
2041 2094
2041 2095
2042 2043
2042 2095
2042 2096
2043 2044
2043 2096
2043 2097
2044 2045
2044 2097
2044 2098
2045 2046
2045 2097
2045 2098
2045 2099
2046 2098
2046 2099
2046 2100
2047 2048
2047 2100
2047 2101
2047 2102
2048 2101
2048 2102
2048 2103
2049 2050
2049 2103
2049 2104
2049 2105
2050 2051
2050 2104
2050 2105
2050 2106
2051 2052
2051 2105
2051 2106
2051 2107
2052 2106
2052 2107
2052 2108
2053 2108
2053 2109
2053 2110
2054 2055
2054 2110
2054 2111
2054 2112
2055 2056
2055 2111
2055 2112
2055 2113
2056 2112
2056 2113
2056 2114
2057 2114
2057 2115
2057 2116
2058 2116
2058 2117
2058 2118
2059 2060
2059 2119
2059 2120
2060 2061
2060 2120
2060 2121
2061 2062
2061 2121
2062 2063
2062 2121
2062 2122
2063 2122
2063 2123
2064 2065
2064 2123
2064 2124
2064 2125
2065 2066
2065 2124
2065 2125
2066 2067
2066 2125
2066 2126
2067 2068
2067 2126
2067 2127
2068 2126
2068 2127
2068 2128
2069 2070
2069 2128
2069 2129
2070 2071
2070 2129
2070 2130
2071 2072
2071 2130
2072 2073
2072 2130
2072 2131
2073 2074
2073 2131
2073 2132
2074 2075
2074 2131
2074 2132
2074 2133
2075 2076
2075 2132
2075 2133
2075 2134
2076 2077
2076 2133
2076 2134
2076 2135
2077 2078
2077 2134
2077 2135
2078 2079
2078 2135
2078 2136
2079 2080
2079 2136
2080 2081
2080 2136
2080 2137
2081 2082
2081 2137
2082 2083
2082 2137
2082 2138
2083 2138
2083 2139
2084 2085
2084 2140
2085 2140
2085 2141
2086 2141
2087 2088
2087 2142
2087 2143
2088 2089
2088 2142
2088 2143
2088 2144
2089 2143
2089 2144
2089 2145
2090 2091
2090 2146
2090 2147
2091 2092
2091 2147
2091 2148
2092 2093
2092 2147
2092 2148
2092 2149
2093 2094
2093 2148
2093 2149
2093 2150
2094 2149
2094 2150
2094 2151
2095 2096
2095 2151
2095 2152
2095 2153
2096 2152
2096 2153
2096 2154
2097 2098
2097 2154
2097 2155
2098 2099
2098 2155
2098 2156
2099 2100
2099 2156
2099 2157
2100 2101
2100 2156
2100 2157
2100 2158
2101 2102
2101 2157
2101 2158
2101 2159
2102 2103
2102 2158
2102 2159
2102 2160
2103 2104
2103 2159
2103 2160
2103 2161
2104 2105
2104 2160
2104 2161
2104 2162
2105 2106
2105 2161
2105 2162
2106 2107
2106 2162
2106 2163
2107 2108
2107 2163
2107 2164
2108 2109
2108 2163
2108 2164
2108 2165
2109 2110
2109 2164
2109 2165
2109 2166
2110 2111
2110 2165
2110 2166
2110 2167
2111 2112
2111 2166
2111 2167
2111 2168
2112 2113
2112 2167
2112 2168
2112 2169
2113 2114
2113 2168
2113 2169
2113 2170
2114 2115
2114 2169
2114 2170
2115 2116
2115 2170
2115 2171
2116 2117
2116 2171
2116 2172
2117 2118
2117 2171
2117 2172
2117 2173
2118 2119
2118 2172
2118 2173
2118 2174
2119 2120
2119 2173
2119 2174
2119 2175
2120 2174
2120 2175
2121 2176
2121 2177
2122 2123
2122 2177
2122 2178
2123 2124
2123 2178
2124 2125
2124 2179
2125 2179
2125 2180
2126 2127
2126 2180
2126 2181
2127 2128
2127 2181
2128 2129
2128 2182
2129 2182
2129 2183
2130 2183
2130 2184
2131 2132
2131 2184
2131 2185
2131 2186
2132 2133
2132 2185
2132 2186
2133 2134
2133 2186
2133 2187
2134 2135
2134 2187
2134 2188
2135 2187
2135 2188
2136 2189
2136 2190
2137 2190
2137 2191
2137 2192
2138 2139
2138 2192
2138 2193
2138 2194
2139 2193
2139 2194
2139 2195
2140 2195
2140 2196
2140 2197
2141 2197
2141 2198
2141 2199
2142 2143
2142 2200
2143 2144
2143 2200
2143 2201
2144 2145
2144 2201
2144 2202
2145 2146
2145 2201
2145 2202
2145 2203
2146 2202
2146 2203
2146 2204
2147 2148
2147 2204
2147 2205
2148 2149
2148 2205
2149 2150
2149 2205
2150 2151
2150 2206
2151 2152
2151 2206
2151 2207
2152 2153
2152 2206
2152 2207
2152 2208
2153 2154
2153 2207
2153 2208
2153 2209
2154 2155
2154 2208
2154 2209
2154 2210
2155 2209
2155 2210
2155 2211
2156 2157
2156 2211
2156 2212
2156 2213
2157 2158
2157 2212
2157 2213
2157 2214
2158 2159
2158 2213
2158 2214
2158 2215
2159 2160
2159 2214
2159 2215
2159 2216
2160 2161
2160 2215
2160 2216
2161 2162
2161 2216
2162 2217
2163 2164
2163 2217
2163 2218
2164 2165
2164 2218
2164 2219
2165 2166
2165 2218
2165 2219
2166 2167
2166 2219
2167 2168
2167 2220
2168 2169
2168 2220
2168 2221
2169 2170
2169 2220
2169 2221
2169 2222
2170 2221
2170 2222
2171 2172
2171 2223
2171 2224
2172 2173
2172 2223
2172 2224
2173 2174
2173 2224
2173 2225
2174 2175
2174 2225
2175 2225
2175 2226
2176 2177
2176 2226
2176 2227
2177 2178
2177 2227
2177 2228
2178 2227
2178 2228
2178 2229
2179 2180
2179 2230
2179 2231
2180 2181
2180 2231
2180 2232
2181 2232
2181 2233
2182 2183
2182 2234
2182 2235
2182 2236
2183 2235
2183 2236
2184 2185
2184 2237
2185 2186
2185 2237
2185 2238
2186 2238
2186 2239
2187 2188
2187 2239
2187 2240
2187 2241
2188 2240
2188 2241
2189 2190
2189 2242
2189 2243
2190 2191
2190 2242
2190 2243
2190 2244
2191 2192
2191 2243
2191 2244
2191 2245
2192 2193
2192 2244
2192 2245
2192 2246
2193 2194
2193 2245
2193 2246
2193 2247
2194 2195
2194 2246
2194 2247
2194 2248
2195 2196
2195 2247
2195 2248
2196 2197
2196 2248
2196 2249
2197 2198
2197 2249
2197 2250
2198 2199
2198 2249
2198 2250
2198 2251
2199 2250
2199 2251
2200 2252
2200 2253
2201 2202
2201 2253
2201 2254
2201 2255
2202 2203
2202 2254
2202 2255
2202 2256
2203 2204
2203 2255
2203 2256
2203 2257
2204 2256
2204 2257
2204 2258
2205 2258
2205 2259
2205 2260
2206 2207
2206 2261
2206 2262
2207 2208
2207 2261
2207 2262
2208 2209
2208 2262
2208 2263
2209 2210
2209 2263
2209 2264
2210 2211
2210 2263
2210 2264
2210 2265
2211 2212
2211 2264
2211 2265
2211 2266
2212 2213
2212 2265
2212 2266
2212 2267
2213 2214
2213 2266
2213 2267
2214 2215
2214 2267
2214 2268
2215 2216
2215 2268
2215 2269
2216 2268
2216 2269
2217 2270
2217 2271
2218 2219
2218 2271
2218 2272
2219 2272
2219 2273
2220 2221
2220 2274
2220 2275
2220 2276
2221 2222
2221 2275
2221 2276
2221 2277
2222 2276
2222 2277
2222 2278
2223 2224
2223 2278
2224 2279
2225 2279
2225 2280
2225 2281
2226 2281
2226 2282
2227 2228
2227 2282
2227 2283
2227 2284
2228 2229
2228 2283
2228 2284
2228 2285
2229 2230
2229 2284
2229 2285
2229 2286
2230 2231
2230 2285
2230 2286
2230 2287
2231 2286
2231 2287
2231 2288
2232 2233
2232 2288
2232 2289
2232 2290
2233 2234
2233 2289
2233 2290
2233 2291
2234 2235
2234 2290
2234 2291
2234 2292
2235 2236
2235 2291
2235 2292
2235 2293
2236 2292
2236 2293
2236 2294
2237 2294
2237 2295
2237 2296
2238 2239
2238 2296
2238 2297
2238 2298
2239 2240
2239 2297
2239 2298
2239 2299
2240 2241
2240 2298
2240 2299
2241 2299
2241 2300
2242 2243
2242 2300
2242 2301
2242 2302
2243 2244
2243 2301
2243 2302
2243 2303
2244 2245
2244 2302
2244 2303
2244 2304
2245 2246
2245 2303
2245 2304
2245 2305
2246 2247
2246 2304
2246 2305
2246 2306
2247 2248
2247 2305
2247 2306
2247 2307
2248 2306
2248 2307
2248 2308
2249 2250
2249 2308
2249 2309
2250 2251
2250 2309
2250 2310
2251 2310
2252 2253
2252 2311
2252 2312
2253 2254
2253 2311
2253 2312
2254 2255
2254 2312
2255 2256
2256 2257
2256 2313
2257 2258
2257 2313
2257 2314
2258 2259
2258 2313
2258 2314
2258 2315
2259 2260
2259 2314
2259 2315
2259 2316
2260 2315
2260 2316
2260 2317
2261 2262
2261 2317
2261 2318
2261 2319
2262 2318
2262 2319
2262 2320
2263 2264
2263 2320
2263 2321
2263 2322
2264 2265
2264 2321
2264 2322
2264 2323
2265 2266
2265 2322
2265 2323
2265 2324
2266 2267
2266 2323
2266 2324
2266 2325
2267 2324
2267 2325
2267 2326
2268 2269
2268 2326
2268 2327
2269 2327
2269 2328
2270 2328
2270 2329
2270 2330
2271 2272
2271 2330
2271 2331
2271 2332
2272 2331
2272 2332
2273 2274
2273 2333
2273 2334
2274 2275
2274 2333
2274 2334
2275 2276
2275 2334
2276 2277
2277 2278
2277 2335
2278 2335
2278 2336
2279 2280
2279 2337
2279 2338
2279 2339
2280 2281
2280 2338
2280 2339
2280 2340
2281 2339
2281 2340
2281 2341
2282 2283
2282 2341
2282 2342
2282 2343
2283 2284
2283 2342
2283 2343
2283 2344
2284 2285
2284 2343
2284 2344
2285 2286
2285 2344
2286 2287
2286 2345
2287 2288
2287 2345
2287 2346
2288 2289
2288 2345
2288 2346
2288 2347
2289 2290
2289 2346
2289 2347
2289 2348
2290 2291
2290 2347
2290 2348
2290 2349
2291 2292
2291 2348
2291 2349
2291 2350
2292 2293
2292 2349
2292 2350
2292 2351
2293 2294
2293 2350
2293 2351
2293 2352
2294 2295
2294 2351
2294 2352
2294 2353
2295 2296
2295 2352
2295 2353
2295 2354
2296 2297
2296 2353
2296 2354
2296 2355
2297 2298
2297 2354
2297 2355
2297 2356
2298 2299
2298 2355
2298 2356
2298 2357
2299 2356
2299 2357
2299 2358
2300 2301
2300 2358
2300 2359
2300 2360
2301 2302
2301 2359
2301 2360
2301 2361
2302 2303
2302 2360
2302 2361
2303 2304
2303 2361
2303 2362
2304 2305
2304 2362
2305 2306
2305 2362
2305 2363
2306 2307
2306 2363
2306 2364
2307 2308
2307 2363
2307 2364
2307 2365
2308 2309
2308 2364
2308 2365
2308 2366
2309 2365
2309 2366
2309 2367
2310 2367
2310 2368
2311 2312
2311 2369
2311 2370
2312 2369
2312 2370
2312 2371
2313 2314
2313 2372
2313 2373
2313 2374
2314 2315
2314 2373
2314 2374
2314 2375
2315 2316
2315 2374
2315 2375
2315 2376
2316 2317
2316 2375
2316 2376
2316 2377
2317 2318
2317 2376
2317 2377
2317 2378
2318 2319
2318 2377
2318 2378
2318 2379
2319 2320
2319 2378
2319 2379
2319 2380
2320 2321
2320 2379
2320 2380
2320 2381
2321 2322
2321 2380
2321 2381
2321 2382
2322 2323
2322 2381
2322 2382
2322 2383
2323 2324
2323 2382
2323 2383
2323 2384
2324 2325
2324 2383
2324 2384
2324 2385
2325 2326
2325 2384
2325 2385
2325 2386
2326 2327
2326 2385
2326 2386
2326 2387
2327 2386
2327 2387
2327 2388
2328 2329
2328 2388
2328 2389
2328 2390
2329 2330
2329 2389
2329 2390
2329 2391
2330 2331
2330 2390
2330 2391
2331 2332
2331 2391
2331 2392
2332 2392
2332 2393
2333 2334
2333 2393
2333 2394
2333 2395
2334 2394
2334 2395
2334 2396
2335 2336
2335 2398
2335 2399
2335 2400
2336 2337
2336 2399
2336 2400
2336 2401
2337 2338
2337 2400
2337 2401
2338 2339
2338 2401
2338 2402
2339 2340
2339 2402
2339 2403
2340 2341
2340 2402
2340 2403
2341 2342
2341 2403
2342 2343
2343 2344
2343 2404
2344 2404
2345 2346
2345 2405
2345 2406
2346 2347
2346 2405
2346 2406
2346 2407
2347 2348
2347 2406
2347 2407
2347 2408
2348 2349
2348 2407
2348 2408
2348 2409
2349 2350
2349 2408
2349 2409
2349 2410
2350 2351
2350 2409
2350 2410
2351 2352
2351 2410
2352 2353
2353 2354
2353 2411
2354 2355
2354 2411
2354 2412
2355 2356
2355 2411
2355 2412
2355 2413
2356 2357
2356 2412
2356 2413
2356 2414
2357 2358
2357 2413
2357 2414
2357 2415
2358 2359
2358 2414
2358 2415
2358 2416
2359 2360
2359 2415
2359 2416
2359 2417
2360 2361
2360 2416
2360 2417
2360 2418
2361 2417
2361 2418
2362 2419
2362 2420
2363 2364
2363 2420
2363 2421
2364 2365
2364 2421
2365 2366
2365 2421
2365 2422
2366 2367
2366 2422
2366 2423
2367 2368
2367 2422
2367 2423
2367 2424
2368 2423
2368 2424
2369 2370
2369 2425
2369 2426
2370 2371
2370 2425
2370 2426
2370 2427
2371 2426
2371 2427
2371 2428
2372 2373
2372 2428
2372 2429
2373 2374
2373 2429
2373 2430
2374 2375
2374 2430
2374 2431
2375 2376
2375 2430
2375 2431
2375 2432
2376 2377
2376 2431
2376 2432
2376 2433
2377 2378
2377 2432
2377 2433
2377 2434
2378 2379
2378 2433
2378 2434
2378 2435
2379 2380
2379 2434
2379 2435
2379 2436
2380 2381
2380 2435
2380 2436
2381 2382
2381 2436
2381 2437
2382 2383
2382 2437
2383 2384
2383 2437
2383 2438
2384 2385
2384 2438
2384 2439
2385 2386
2385 2438
2385 2439
2386 2387
2386 2439
2386 2440
2387 2388
2387 2440
2387 2441
2388 2389
2388 2440
2388 2441
2388 2442
2389 2390
2389 2441
2389 2442
2389 2443
2390 2391
2390 2442
2390 2443
2390 2444
2391 2443
2391 2444
2391 2445
2392 2393
2392 2445
2392 2446
2392 2447
2393 2394
2393 2446
2393 2447
2393 2448
2394 2395
2394 2447
2394 2448
2394 2449
2395 2396
2395 2448
2395 2449
2395 2450
2396 2397
2396 2449
2396 2450
2396 2451
2397 2398
2397 2450
2397 2451
2397 2452
2398 2399
2398 2451
2398 2452
2398 2453
2399 2400
2399 2452
2399 2453
2399 2454
2400 2401
2400 2453
2400 2454
2400 2455
2401 2454
2401 2455
2401 2456
2402 2403
2402 2456
2402 2457
2402 2458
2403 2457
2403 2458
2403 2459
2404 2461
2404 2462
2405 2406
2405 2463
2406 2407
2406 2464
2407 2408
2407 2464
2408 2409
2408 2464
2408 2465
2409 2410
2409 2465
2410 2465
2411 2412
2411 2467
2411 2468
2411 2469
2412 2413
2412 2468
2412 2469
2412 2470
2413 2414
2413 2469
2413 2470
2414 2415
2414 2470
2414 2471
2415 2416
2415 2471
2415 2472
2416 2417
2416 2471
2416 2472
2416 2473
2417 2418
2417 2472
2417 2473
2417 2474
2418 2473
2418 2474
2418 2475
2419 2420
2419 2475
2419 2476
2419 2477
2420 2476
2420 2477
2421 2478
2422 2423
2422 2479
2422 2480
2423 2424
2423 2479
2423 2480
2424 2480
2425 2426
2425 2481
2425 2482
2426 2427
2426 2481
2426 2482
2426 2483
2427 2428
2427 2482
2427 2483
2427 2484
2428 2429
2428 2483
2428 2484
2428 2485
2429 2484
2429 2485
2429 2486
2430 2431
2430 2486
2430 2487
2430 2488
2431 2432
2431 2487
2431 2488
2432 2433
2432 2488
2432 2489
2433 2434
2433 2489
2433 2490
2434 2435
2434 2489
2434 2490
2434 2491
2435 2436
2435 2490
2435 2491
2435 2492
2436 2491
2436 2492
2436 2493
2437 2493
2437 2494
2437 2495
2438 2439
2438 2495
2438 2496
2439 2496
2439 2497
2440 2441
2440 2497
2440 2498
2440 2499
2441 2442
2441 2498
2441 2499
2441 2500
2442 2443
2442 2499
2442 2500
2442 2501
2443 2444
2443 2500
2443 2501
2444 2445
2444 2501
2445 2446
2446 2447
2446 2502
2447 2448
2447 2502
2447 2503
2448 2449
2448 2502
2448 2503
2448 2504
2449 2450
2449 2503
2449 2504
2450 2451
2450 2504
2450 2505
2451 2452
2451 2505
2451 2506
2452 2453
2452 2505
2452 2506
2453 2454
2453 2506
2453 2507
2454 2455
2454 2507
2454 2508
2455 2456
2455 2507
2455 2508
2456 2457
2456 2508
2457 2458
2457 2509
2458 2459
2458 2509
2458 2510
2459 2460
2459 2509
2459 2510
2459 2511
2460 2510
2460 2511
2460 2512
2461 2462
2461 2512
2461 2513
2462 2463
2462 2513
2462 2514
2463 2513
2463 2514
2463 2515
2464 2516
2465 2517
2465 2518
2466 2467
2466 2519
2466 2520
2467 2468
2467 2519
2467 2520
2467 2521
2468 2469
2468 2520
2468 2521
2468 2522
2469 2470
2469 2521
2469 2522
2469 2523
2470 2522
2470 2523
2470 2524
2471 2472
2471 2524
2471 2525
2472 2473
2472 2525
2472 2526
2473 2474
2473 2525
2473 2526
2473 2527
2474 2475
2474 2526
2474 2527
2474 2528
2475 2476
2475 2527
2475 2528
2475 2529
2476 2477
2476 2528
2476 2529
2476 2530
2477 2529
2477 2530
2477 2531
2478 2531
2478 2532
2478 2533
2479 2480
2479 2533
2480 2534
2481 2482
2481 2535
2481 2536
2482 2483
2482 2535
2482 2536
2482 2537
2483 2484
2483 2536
2483 2537
2483 2538
2484 2485
2484 2537
2484 2538
2484 2539
2485 2486
2485 2538
2485 2539
2485 2540
2486 2487
2486 2539
2486 2540
2486 2541
2487 2488
2487 2540
2487 2541
2488 2541
2488 2542
2489 2490
2489 2542
2489 2543
2489 2544
2490 2491
2490 2543
2490 2544
2491 2492
2491 2544
2491 2545
2492 2493
2492 2545
2492 2546
2493 2494
2493 2545
2493 2546
2493 2547
2494 2495
2494 2546
2494 2547
2494 2548
2495 2547
2495 2548
2495 2549
2496 2497
2496 2549
2496 2550
2497 2498
2497 2550
2498 2499
2499 2500
2499 2551
2500 2501
2500 2551
2500 2552
2501 2551
2501 2552
2501 2553
2502 2503
2502 2555
2502 2556
2503 2504
2503 2555
2503 2556
2504 2556
2504 2557
2505 2506
2505 2557
2505 2558
2506 2558
2506 2559
2507 2508
2507 2559
2507 2560
2507 2561
2508 2560
2508 2561
2508 2562
2509 2510
2509 2563
2509 2564
2510 2511
2510 2564
2511 2512
2511 2565
2512 2565
2513 2514
2513 2566
2513 2567
2514 2515
2514 2566
2514 2567
2514 2568
2515 2516
2515 2567
2515 2568
2515 2569
2516 2568
2516 2569
2516 2570
2517 2518
2517 2571
2517 2572
2517 2573
2518 2572
2518 2573
2519 2520
2519 2574
2520 2521
2520 2574
2520 2575
2521 2522
2521 2574
2521 2575
2521 2576
2522 2523
2522 2575
2522 2576
2522 2577
2523 2524
2523 2576
2523 2577
2523 2578
2524 2577
2524 2578
2525 2526
2525 2579
2526 2527
2526 2579
2526 2580
2527 2528
2527 2580
2527 2581
2528 2529
2528 2580
2528 2581
2528 2582
2529 2530
2529 2581
2529 2582
2529 2583
2530 2531
2530 2582
2530 2583
2530 2584
2531 2532
2531 2583
2531 2584
2531 2585
2532 2533
2532 2584
2532 2585
2532 2586
2533 2585
2533 2586
2533 2587
2534 2588
2534 2589
2535 2536
2535 2590
2535 2591
2536 2537
2536 2590
2536 2591
2536 2592
2537 2538
2537 2591
2537 2592
2538 2539
2538 2592
2539 2540
2539 2593
2540 2541
2540 2593
2540 2594
2541 2593
2541 2594
2541 2595
2542 2543
2542 2595
2543 2544
2543 2596
2544 2596
2544 2597
2545 2546
2545 2597
2545 2598
2545 2599
2546 2547
2546 2598
2546 2599
2546 2600
2547 2548
2547 2599
2547 2600
2547 2601
2548 2549
2548 2600
2548 2601
2548 2602
2549 2550
2549 2601
2549 2602
2550 2602
2550 2603
2551 2552
2551 2605
2551 2606
2551 2607
2552 2553
2552 2606
2552 2607
2553 2554
2553 2607
2553 2608
2554 2608
2555 2556
2555 2609
2555 2610
2556 2609
2556 2610
2556 2611
2557 2558
2557 2611
2557 2612
2557 2613
2558 2612
2558 2613
2558 2614
2559 2560
2559 2614
2559 2615
2559 2616
2560 2561
2560 2615
2560 2616
2560 2617
2561 2562
2561 2616
2561 2617
2561 2618
2562 2563
2562 2617
2562 2618
2563 2564
2563 2618
2563 2619
2564 2619
2564 2620
2565 2621
2565 2622
2565 2623
2566 2567
2566 2623
2566 2624
2566 2625
2567 2568
2567 2624
2567 2625
2567 2626
2568 2569
2568 2625
2568 2626
2568 2627
2569 2570
2569 2626
2569 2627
2569 2628
2570 2571
2570 2627
2570 2628
2570 2629
2571 2572
2571 2628
2571 2629
2572 2573
2572 2629
2572 2630
2573 2630
2574 2575
2574 2631
2574 2632
2575 2576
2575 2632
2576 2577
2577 2578
2577 2633
2578 2633
2578 2634
2579 2634
2579 2635
2579 2636
2580 2581
2580 2636
2580 2637
2580 2638
2581 2582
2581 2637
2581 2638
2581 2639
2582 2583
2582 2638
2582 2639
2583 2584
2583 2639
2583 2640
2584 2585
2584 2640
2585 2586
2585 2640
2586 2587
2586 2641
2587 2588
2587 2641
2587 2642
2588 2589
2588 2641
2588 2642
2588 2643
2589 2642
2589 2643
2590 2591
2590 2644
2591 2592
2591 2644
2591 2645
2592 2644
2592 2645
2593 2594
2593 2646
2593 2647
2593 2648
2594 2595
2594 2647
2594 2648
2594 2649
2595 2648
2595 2649
2595 2650
2596 2597
2596 2651
2596 2652
2596 2653
2597 2598
2597 2652
2597 2653
2597 2654
2598 2599
2598 2653
2598 2654
2598 2655
2599 2600
2599 2654
2599 2655
2599 2656
2600 2601
2600 2655
2600 2656
2600 2657
2601 2602
2601 2656
2601 2657
2601 2658
2602 2657
2602 2658
2602 2659
2603 2604
2603 2659
2603 2660
2603 2661
2604 2605
2604 2660
2604 2661
2604 2662
2605 2606
2605 2661
2605 2662
2606 2607
2606 2662
2606 2663
2607 2663
2608 2664
2608 2665
2609 2610
2609 2665
2609 2666
2610 2611
2610 2666
2611 2612
2611 2666
2611 2667
2612 2613
2612 2667
2613 2614
2613 2667
2614 2615
2614 2668
2615 2616
2615 2668
2615 2669
2616 2617
2616 2668
2616 2669
2617 2618
2617 2669
2617 2670
2618 2670
2618 2671
2619 2620
2619 2671
2619 2672
2619 2673
2620 2621
2620 2672
2620 2673
2620 2674
2621 2622
2621 2673
2621 2674
2621 2675
2622 2623
2622 2674
2622 2675
2622 2676
2623 2624
2623 2675
2623 2676
2623 2677
2624 2625
2624 2676
2624 2677
2624 2678
2625 2626
2625 2677
2625 2678
2626 2627
2626 2678
2626 2679
2627 2628
2627 2679
2627 2680
2628 2629
2628 2679
2628 2680
2629 2680
2629 2681
2630 2681
2630 2682
2631 2632
2631 2683
2631 2684
2632 2683
2632 2684
2632 2685
2633 2634
2633 2687
2634 2635
2634 2687
2634 2688
2635 2636
2635 2688
2636 2637
2636 2688
2637 2638
2637 2689
2638 2639
2638 2689
2639 2689
2640 2690
2640 2691
2641 2642
2641 2692
2642 2643
2642 2692
2642 2693
2643 2693
2644 2645
2644 2694
2644 2695
2644 2696
2645 2695
2645 2696
2645 2697
2646 2647
2646 2697
2646 2698
2646 2699
2647 2648
2647 2698
2647 2699
2647 2700
2648 2649
2648 2699
2648 2700
2648 2701
2649 2650
2649 2700
2649 2701
2649 2702
2650 2651
2650 2701
2650 2702
2650 2703
2651 2652
2651 2702
2651 2703
2652 2653
2652 2703
2652 2704
2653 2654
2653 2704
2653 2705
2654 2655
2654 2704
2654 2705
2655 2656
2655 2705
2655 2706
2656 2657
2656 2706
2656 2707
2657 2658
2657 2706
2657 2707
2657 2708
2658 2659
2658 2707
2658 2708
2658 2709
2659 2660
2659 2708
2659 2709
2659 2710
2660 2661
2660 2709
2660 2710
2660 2711
2661 2662
2661 2710
2661 2711
2662 2711
2662 2712
2663 2712
2663 2713
2663 2714
2664 2665
2664 2714
2664 2715
2664 2716
2665 2715
2665 2716
2665 2717
2666 2717
2666 2718
2666 2719
2667 2719
2667 2720
2667 2721
2668 2669
2668 2722
2668 2723
2669 2722
2669 2723
2670 2671
2670 2724
2670 2725
2671 2672
2671 2724
2671 2725
2672 2673
2672 2725
2672 2726
2673 2674
2673 2726
2674 2675
2674 2726
2675 2676
2675 2727
2676 2677
2676 2727
2676 2728
2677 2678
2677 2727
2677 2728
2677 2729
2678 2728
2678 2729
2678 2730
2679 2680
2679 2730
2679 2731
2679 2732
2680 2731
2680 2732
2680 2733
2681 2682
2681 2733
2681 2734
2681 2735
2682 2734
2682 2735
2682 2736
2683 2684
2683 2736
2683 2737
2683 2738
2684 2685
2684 2737
2684 2738
2684 2739
2685 2686
2685 2738
2685 2739
2685 2740
2686 2739
2686 2740
2686 2741
2687 2741
2687 2742
2687 2743
2688 2743
2688 2744
2688 2745
2689 2746
2690 2691
2690 2747
2690 2748
2691 2747
2691 2748
2691 2749
2692 2749
2692 2750
2692 2751
2693 2751
2693 2752
2694 2695
2694 2753
2695 2696
2695 2753
2696 2697
2696 2753
2696 2754
2697 2698
2697 2754
2697 2755
2698 2699
2698 2754
2698 2755
2698 2756
2699 2700
2699 2755
2699 2756
2699 2757
2700 2701
2700 2756
2700 2757
2701 2702
2701 2757
2701 2758
2702 2703
2702 2758
2702 2759
2703 2758
2703 2759
2704 2705
2704 2760
2705 2760
2706 2707
2706 2761
2706 2762
2707 2708
2707 2761
2707 2762
2708 2709
2708 2762
2708 2763
2709 2710
2709 2763
2709 2764
2710 2711
2710 2763
2710 2764
2710 2765
2711 2764
2711 2765
2712 2713
2713 2714
2713 2766
2714 2715
2714 2766
2714 2767
2715 2716
2715 2766
2715 2767
2715 2768
2716 2717
2716 2767
2716 2768
2716 2769
2717 2718
2717 2768
2717 2769
2717 2770
2718 2719
2718 2769
2718 2770
2718 2771
2719 2720
2719 2770
2719 2771
2719 2772
2720 2721
2720 2771
2720 2772
2720 2773
2721 2772
2721 2773
2721 2774
2722 2723
2722 2774
2722 2775
2722 2776
2723 2775
2723 2776
2724 2725
2724 2777
2724 2778
2725 2777
2725 2778
2725 2779
2726 2779
2726 2780
2726 2781
2727 2728
2727 2782
2727 2783
2728 2729
2728 2782
2728 2783
2728 2784
2729 2730
2729 2783
2729 2784
2729 2785
2730 2731
2730 2784
2730 2785
2730 2786
2731 2732
2731 2785
2731 2786
2732 2733
2732 2786
2732 2787
2733 2734
2733 2787
2733 2788
2734 2735
2734 2787
2734 2788
2735 2736
2735 2788
2735 2789
2736 2737
2736 2789
2736 2790
2737 2738
2737 2789
2737 2790
2737 2791
2738 2739
2738 2790
2738 2791
2738 2792
2739 2740
2739 2791
2739 2792
2739 2793
2740 2741
2740 2792
2740 2793
2740 2794
2741 2742
2741 2793
2741 2794
2741 2795
2742 2743
2742 2794
2742 2795
2742 2796
2743 2744
2743 2795
2743 2796
2744 2745
2744 2796
2744 2797
2745 2797
2745 2798
2746 2799
2746 2800
2746 2801
2747 2748
2747 2801
2747 2802
2748 2749
2748 2802
2748 2803
2749 2750
2749 2803
2750 2751
2750 2803
2751 2752
2753 2804
2753 2805
2754 2755
2754 2805
2754 2806
2754 2807
2755 2756
2755 2806
2755 2807
2755 2808
2756 2757
2756 2807
2756 2808
2757 2808
2757 2809
2758 2759
2758 2809
2758 2810
2758 2811
2759 2810
2759 2811
2759 2812
2760 2813
2760 2814
2760 2815
2761 2762
2761 2815
2761 2816
2762 2816
2762 2817
2763 2764
2763 2817
2763 2818
2764 2765
2764 2818
2766 2767
2766 2820
2766 2821
2766 2822
2767 2768
2767 2821
2767 2822
2768 2769
2768 2822
2768 2823
2769 2770
2769 2823
2770 2771
2770 2823
2770 2824
2771 2772
2771 2824
2772 2773
2772 2824
2772 2825
2773 2774
2773 2825
2773 2826
2774 2775
2774 2825
2774 2826
2774 2827
2775 2776
2775 2826
2775 2827
2776 2827
2776 2828
2777 2778
2777 2828
2777 2829
2777 2830
2778 2779
2778 2829
2778 2830
2778 2831
2779 2780
2779 2830
2779 2831
2779 2832
2780 2781
2780 2831
2780 2832
2780 2833
2781 2832
2781 2833
2781 2834
2782 2783
2782 2834
2782 2835
2783 2784
2783 2835
2783 2836
2784 2785
2784 2835
2784 2836
2784 2837
2785 2786
2785 2836
2785 2837
2785 2838
2786 2837
2786 2838
2786 2839
2787 2788
2787 2839
2787 2840
2787 2841
2788 2840
2788 2841
2788 2842
2789 2790
2789 2842
2790 2791
2791 2792
2792 2793
2793 2794
2793 2843
2794 2795
2794 2843
2794 2844
2795 2796
2795 2843
2795 2844
2795 2845
2796 2844
2796 2845
2796 2846
2797 2798
2797 2846
2797 2847
2798 2799
2798 2847
2799 2800
2800 2801
2801 2802
2801 2848
2802 2848
2803 2849
2804 2805
2804 2852
2804 2853
2804 2854
2805 2806
2805 2853
2805 2854
2805 2855
2806 2807
2806 2854
2806 2855
2806 2856
2807 2808
2807 2855
2807 2856
2808 2856
2808 2857
2809 2810
2809 2857
2809 2858
2809 2859
2810 2811
2810 2858
2810 2859
2810 2860
2811 2812
2811 2859
2811 2860
2812 2813
2812 2860
2812 2861
2813 2814
2813 2861
2813 2862
2814 2815
2814 2861
2814 2862
2814 2863
2815 2816
2815 2862
2815 2863
2815 2864
2816 2863
2816 2864
2816 2865
2817 2818
2817 2865
2817 2866
2817 2867
2818 2866
2818 2867
2818 2868
2819 2820
2819 2870
2819 2871
2820 2821
2820 2871
2820 2872
2821 2822
2821 2872
2821 2873
2822 2872
2822 2873
2822 2874
2823 2874
2824 2875
2824 2876
2825 2826
2825 2876
2825 2877
2826 2827
2826 2877
2826 2878
2827 2878
2827 2879
2828 2829
2828 2879
2828 2880
2829 2830
2829 2880
2829 2881
2830 2831
2830 2881
2830 2882
2831 2832
2831 2881
2831 2882
2831 2883
2832 2833
2832 2882
2832 2883
2832 2884
2833 2834
2833 2883
2833 2884
2834 2884
2834 2885
2835 2836
2835 2885
2835 2886
2835 2887
2836 2837
2836 2886
2836 2887
2836 2888
2837 2838
2837 2887
2837 2888
2837 2889
2838 2839
2838 2888
2838 2889
2838 2890
2839 2840
2839 2889
2839 2890
2839 2891
2840 2841
2840 2890
2840 2891
2840 2892
2841 2842
2841 2891
2841 2892
2841 2893
2842 2892
2842 2893
2842 2894
2843 2844
2843 2897
2844 2845
2844 2897
2844 2898
2845 2846
2845 2898
2845 2899
2846 2847
2846 2898
2846 2899
2846 2900
2847 2899
2847 2900
2847 2901
2848 2903
2848 2904
2848 2905
2849 2850
2849 2906
2849 2907
2850 2851
2850 2906
2850 2907
2850 2908
2851 2907
2851 2908
2852 2853
2852 2909
2852 2910
2853 2854
2853 2909
2853 2910
2853 2911
2854 2855
2854 2910
2854 2911
2855 2856
2855 2911
2855 2912
2856 2912
2856 2913
2857 2858
2857 2913
2857 2914
2857 2915
2858 2859
2858 2914
2858 2915
2858 2916
2859 2860
2859 2915
2859 2916
2859 2917
2860 2916
2860 2917
2860 2918
2861 2862
2861 2918
2861 2919
2861 2920
2862 2863
2862 2919
2862 2920
2862 2921
2863 2864
2863 2920
2863 2921
2863 2922
2864 2865
2864 2921
2864 2922
2864 2923
2865 2866
2865 2922
2865 2923
2865 2924
2866 2867
2866 2923
2866 2924
2867 2868
2867 2924
2867 2925
2868 2869
2868 2925
2868 2926
2869 2870
2869 2925
2869 2926
2869 2927
2870 2871
2870 2926
2870 2927
2870 2928
2871 2927
2871 2928
2871 2929
2872 2873
2872 2929
2872 2930
2873 2874
2873 2930
2873 2931
2874 2930
2874 2931
2874 2932
2875 2876
2875 2933
2875 2934
2876 2877
2876 2934
2876 2935
2877 2934
2877 2935
2877 2936
2878 2879
2878 2936
2878 2937
2878 2938
2879 2880
2879 2937
2879 2938
2879 2939
2880 2938
2880 2939
2880 2940
2881 2882
2881 2940
2881 2941
2882 2883
2882 2941
2882 2942
2883 2884
2883 2942
2883 2943
2884 2942
2884 2943
2884 2944
2885 2886
2885 2944
2885 2945
2885 2946
2886 2887
2886 2945
2886 2946
2886 2947
2887 2888
2887 2946
2887 2947
2888 2889
2888 2947
2889 2890
2889 2948
2890 2891
2890 2948
2890 2949
2891 2892
2891 2948
2891 2949
2891 2950
2892 2893
2892 2949
2892 2950
2892 2951
2893 2894
2893 2950
2893 2951
2893 2952
2894 2895
2894 2951
2894 2952
2894 2953
2895 2896
2895 2952
2895 2953
2895 2954
2896 2953
2896 2954
2896 2955
2897 2956
2897 2957
2897 2958
2898 2899
2898 2958
2898 2959
2898 2960
2899 2900
2899 2959
2899 2960
2899 2961
2900 2901
2900 2960
2900 2961
2900 2962
2901 2902
2901 2961
2901 2962
2901 2963
2902 2962
2902 2963
2902 2964
2903 2904
2903 2964
2903 2965
2903 2966
2904 2905
2904 2965
2904 2966
2904 2967
2905 2966
2905 2967
2906 2907
2906 2968
2907 2908
2907 2968
2909 2910
2909 2969
2909 2970
2910 2911
2910 2969
2910 2970
2910 2971
2911 2970
2911 2971
2911 2972
2912 2913
2912 2972
2912 2973
2912 2974
2913 2914
2913 2973
2913 2974
2914 2915
2914 2974
2914 2975
2915 2916
2915 2975
2915 2976
2916 2917
2916 2975
2916 2976
2916 2977
2917 2918
2917 2976
2917 2977
2917 2978
2918 2919
2918 2977
2918 2978
2918 2979
2919 2920
2919 2978
2919 2979
2919 2980
2920 2921
2920 2979
2920 2980
2921 2922
2921 2980
2921 2981
2922 2923
2922 2981
2922 2982
2923 2924
2923 2981
2923 2982
2924 2982
2924 2983
2925 2926
2925 2983
2925 2984
2925 2985
2926 2927
2926 2984
2926 2985
2927 2928
2927 2985
2927 2986
2928 2929
2928 2986
2928 2987
2929 2986
2929 2987
2929 2988
2930 2931
2930 2988
2930 2989
2930 2990
2931 2932
2931 2989
2931 2990
2932 2933
2932 2990
2932 2991
2933 2991
2933 2992
2934 2935
2934 2992
2934 2993
2934 2994
2935 2936
2935 2993
2935 2994
2935 2995
2936 2937
2936 2994
2936 2995
2936 2996
2937 2938
2937 2995
2937 2996
2937 2997
2938 2939
2938 2996
2938 2997
2938 2998
2939 2940
2939 2997
2939 2998
2939 2999
2940 2941
2940 2998
2940 2999
2940 3000
2941 2999
2941 3000
2942 2943
2942 3001
2942 3002
2943 2944
2943 3001
2943 3002
2943 3003
2944 2945
2944 3002
2944 3003
2945 2946
2945 3003
2945 3004
2946 2947
2946 3004
2946 3005
2947 3004
2947 3005
2947 3006
2948 2949
2948 3007
2948 3008
2949 2950
2949 3008
2950 2951
2950 3009
2951 2952
2951 3009
2952 2953
2952 3009
2953 2954
2953 3010
2954 2955
2954 3010
2955 2956
2955 3010
2955 3011
2956 2957
2956 3011
2956 3012
2957 2958
2957 3011
2957 3012
2957 3013
2958 2959
2958 3012
2958 3013
2959 2960
2959 3013
2959 3014
2960 2961
2960 3014
2960 3015
2961 2962
2961 3014
2961 3015
2962 2963
2962 3015
2962 3016
2963 2964
2963 3016
2963 3017
2964 2965
2964 3016
2964 3017
2964 3018
2965 2966
2965 3017
2965 3018
2966 2967
2966 3018
2966 3019
2967 3019
2967 3020
2968 3020
2968 3021
2969 2970
2969 3023
2969 3024
2970 2971
2970 3023
2970 3024
2970 3025
2971 2972
2971 3024
2971 3025
2971 3026
2972 2973
2972 3025
2972 3026
2972 3027
2973 2974
2973 3026
2973 3027
2973 3028
2974 3027
2974 3028
2974 3029
2975 2976
2975 3029
2975 3030
2975 3031
2976 2977
2976 3030
2976 3031
2976 3032
2977 2978
2977 3031
2977 3032
2977 3033
2978 2979
2978 3032
2978 3033
2978 3034
2979 2980
2979 3033
2979 3034
2980 3034
2980 3035
2981 2982
2981 3035
2981 3036
2981 3037
2982 3036
2982 3037
2983 2984
2983 3038
2983 3039
2984 2985
2984 3038
2984 3039
2984 3040
2985 3039
2985 3040
2986 2987
2986 3041
2986 3042
2987 2988
2987 3041
2987 3042
2988 2989
2988 3042
2989 2990
2989 3043
2990 3043
2990 3044
2991 2992
2991 3044
2991 3045
2992 2993
2992 3045
2992 3046
2993 2994
2993 3045
2993 3046
2993 3047
2994 2995
2994 3046
2994 3047
2994 3048
2995 2996
2995 3047
2995 3048
2995 3049
2996 2997
2996 3048
2996 3049
2996 3050
2997 2998
2997 3049
2997 3050
2998 2999
2998 3050
2998 3051
2999 3000
2999 3051
2999 3052
3000 3051
3000 3052
3000 3053
3001 3002
3001 3053
3001 3054
3002 3003
3002 3054
3002 3055
3003 3054
3003 3055
3003 3056
3004 3005
3004 3056
3004 3057
3004 3058
3005 3006
3005 3057
3005 3058
3005 3059
3006 3007
3006 3058
3006 3059
3006 3060
3007 3008
3007 3059
3007 3060
3007 3061
3008 3060
3008 3061
3008 3062
3009 3063
3009 3064
3010 3065
3010 3066
3011 3012
3011 3067
3011 3068
3012 3013
3012 3067
3012 3068
3012 3069
3013 3068
3013 3069
3013 3070
3014 3015
3014 3070
3014 3071
3014 3072
3015 3071
3015 3072
3015 3073
3016 3017
3016 3073
3016 3074
3016 3075
3017 3018
3017 3074
3017 3075
3017 3076
3018 3075
3018 3076
3018 3077
3019 3020
3019 3077
3019 3078
3020 3078
3020 3079
3021 3022
3021 3079
3021 3080
3021 3081
3022 3080
3022 3081
3023 3024
3023 3082
3023 3083
3024 3025
3024 3082
3024 3083
3024 3084
3025 3026
3025 3083
3025 3084
3026 3027
3026 3084
3026 3085
3027 3028
3027 3085
3027 3086
3028 3029
3028 3085
3028 3086
3028 3087
3029 3030
3029 3086
3029 3087
3029 3088
3030 3031
3030 3087
3030 3088
3030 3089
3031 3032
3031 3088
3031 3089
3032 3033
3032 3089
3032 3090
3033 3034
3033 3090
3033 3091
3034 3090
3034 3091
3034 3092
3035 3036
3035 3092
3035 3093
3036 3037
3036 3093
3036 3094
3037 3093
3037 3094
3037 3095
3038 3039
3038 3095
3038 3096
3038 3097
3039 3040
3039 3096
3039 3097
3039 3098
3040 3097
3040 3098
3040 3099
3041 3042
3041 3099
3041 3100
3041 3101
3042 3100
3042 3101
3042 3102
3043 3044
3043 3103
3043 3104
3044 3104
3045 3046
3045 3105
3046 3047
3046 3105
3046 3106
3047 3048
3047 3105
3047 3106
3047 3107
3048 3049
3048 3106
3048 3107
3048 3108
3049 3050
3049 3107
3049 3108
3049 3109
3050 3108
3050 3109
3050 3110
3051 3052
3051 3110
3051 3111
3052 3053
3052 3111
3052 3112
3053 3112
3053 3113
3054 3055
3054 3113
3054 3114
3055 3056
3055 3114
3055 3115
3056 3057
3056 3115
3056 3116
3057 3058
3057 3115
3057 3116
3057 3117
3058 3059
3058 3116
3058 3117
3058 3118
3059 3060
3059 3117
3059 3118
3059 3119
3060 3061
3060 3118
3060 3119
3060 3120
3061 3062
3061 3119
3061 3120
3061 3121
3062 3063
3062 3120
3062 3121
3062 3122
3063 3064
3063 3121
3063 3122
3064 3122
3064 3123
3065 3066
3065 3123
3065 3124
3065 3125
3066 3124
3066 3125
3066 3126
3067 3068
3067 3126
3067 3127
3067 3128
3068 3069
3068 3127
3068 3128
3068 3129
3069 3070
3069 3128
3069 3129
3069 3130
3070 3071
3070 3129
3070 3130
3070 3131
3071 3072
3071 3130
3071 3131
3072 3073
3072 3131
3072 3132
3073 3074
3073 3132
3074 3075
3074 3132
3074 3133
3075 3076
3075 3133
3075 3134
3076 3077
3076 3133
3076 3134
3076 3135
3077 3078
3077 3134
3077 3135
3078 3135
3079 3080
3079 3136
3080 3081
3080 3136
3080 3137
3081 3136
3081 3137
3082 3083
3082 3138
3082 3139
3083 3084
3083 3138
3083 3139
3084 3139
3084 3140
3085 3086
3085 3140
3085 3141
3085 3142
3086 3087
3086 3141
3086 3142
3086 3143
3087 3088
3087 3142
3087 3143
3087 3144
3088 3089
3088 3143
3088 3144
3088 3145
3089 3144
3089 3145
3089 3146
3090 3091
3090 3146
3090 3147
3090 3148
3091 3092
3091 3147
3091 3148
3091 3149
3092 3148
3092 3149
3092 3150
3093 3094
3093 3150
3093 3151
3093 3152
3094 3095
3094 3151
3094 3152
3094 3153
3095 3096
3095 3152
3095 3153
3095 3154
3096 3097
3096 3153
3096 3154
3096 3155
3097 3098
3097 3154
3097 3155
3098 3099
3098 3155
3098 3156
3099 3100
3099 3156
3100 3101
3100 3156
3100 3157
3101 3102
3101 3157
3101 3158
3102 3103
3102 3157
3102 3158
3102 3159
3103 3104
3103 3158
3103 3159
3103 3160
3104 3159
3104 3160
3104 3161
3105 3106
3105 3163
3105 3164
3106 3107
3106 3163
3106 3164
3106 3165
3107 3108
3107 3164
3107 3165
3108 3109
3108 3165
3108 3166
3109 3110
3109 3166
3109 3167
3110 3111
3110 3166
3110 3167
3110 3168
3111 3167
3111 3168
3112 3113
3112 3169
3112 3170
3113 3114
3113 3169
3113 3170
3113 3171
3114 3170
3114 3171
3115 3116
3115 3172
3116 3117
3116 3172
3117 3118
3117 3172
3117 3173
3118 3119
3118 3173
3118 3174
3119 3120
3119 3173
3119 3174
3120 3121
3120 3174
3120 3175
3121 3122
3121 3175
3121 3176
3122 3175
3122 3176
3122 3177
3123 3124
3123 3177
3123 3178
3123 3179
3124 3125
3124 3178
3124 3179
3124 3180
3125 3126
3125 3179
3125 3180
3125 3181
3126 3127
3126 3180
3126 3181
3126 3182
3127 3128
3127 3181
3127 3182
3127 3183
3128 3129
3128 3182
3128 3183
3128 3184
3129 3130
3129 3183
3129 3184
3129 3185
3130 3131
3130 3184
3130 3185
3130 3186
3131 3185
3131 3186
3131 3187
3132 3187
3132 3188
3132 3189
3133 3134
3133 3189
3133 3190
3133 3191
3134 3135
3134 3190
3134 3191
3134 3192
3135 3191
3135 3192
3135 3193
3136 3137
3136 3194
3136 3195
3136 3196
3137 3195
3137 3196
3138 3139
3138 3197
3138 3198
3139 3197
3139 3198
3139 3199
3140 3141
3140 3199
3140 3200
3141 3142
3141 3200
3141 3201
3142 3143
3142 3201
3142 3202
3143 3144
3143 3201
3143 3202
3143 3203
3144 3145
3144 3202
3144 3203
3144 3204
3145 3146
3145 3203
3145 3204
3146 3147
3146 3204
3146 3205
3147 3148
3147 3205
3147 3206
3148 3149
3148 3205
3148 3206
3148 3207
3149 3150
3149 3206
3149 3207
3150 3151
3150 3207
3150 3208
3151 3152
3151 3208
3151 3209
3152 3153
3152 3208
3152 3209
3152 3210
3153 3154
3153 3209
3153 3210
3153 3211
3154 3155
3154 3210
3154 3211
3154 3212
3155 3211
3155 3212
3155 3213
3156 3213
3156 3214
3156 3215
3157 3158
3157 3215
3157 3216
3157 3217
3158 3159
3158 3216
3158 3217
3158 3218
3159 3160
3159 3217
3159 3218
3159 3219
3160 3161
3160 3218
3160 3219
3160 3220
3161 3162
3161 3219
3161 3220
3162 3220
3162 3221
3163 3164
3163 3221
3163 3222
3163 3223
3164 3165
3164 3222
3164 3223
3164 3224
3165 3223
3165 3224
3165 3225
3166 3167
3166 3225
3166 3226
3166 3227
3167 3168
3167 3226
3167 3227
3167 3228
3168 3227
3168 3228
3169 3170
3169 3229
3169 3230
3170 3171
3170 3229
3170 3230
3170 3231
3171 3230
3171 3231
3171 3232
3172 3233
3172 3234
3173 3174
3173 3234
3173 3235
3173 3236
3174 3235
3174 3236
3174 3237
3175 3176
3175 3237
3175 3238
3175 3239
3176 3177
3176 3238
3176 3239
3176 3240
3177 3178
3177 3239
3177 3240
3177 3241
3178 3179
3178 3240
3178 3241
3178 3242
3179 3180
3179 3241
3179 3242
3179 3243
3180 3181
3180 3242
3180 3243
3180 3244
3181 3182
3181 3243
3181 3244
3181 3245
3182 3183
3182 3244
3182 3245
3182 3246
3183 3184
3183 3245
3183 3246
3183 3247
3184 3185
3184 3246
3184 3247
3184 3248
3185 3186
3185 3247
3185 3248
3185 3249
3186 3187
3186 3248
3186 3249
3186 3250
3187 3188
3187 3249
3187 3250
3187 3251
3188 3189
3188 3250
3188 3251
3188 3252
3189 3190
3189 3251
3189 3252
3189 3253
3190 3191
3190 3252
3190 3253
3190 3254
3191 3192
3191 3253
3191 3254
3191 3255
3192 3193
3192 3254
3192 3255
3192 3256
3193 3255
3193 3256
3193 3257
3194 3195
3194 3257
3194 3258
3194 3259
3195 3196
3195 3258
3195 3259
3195 3260
3196 3259
3196 3260
3197 3198
3198 3199
3198 3261
3199 3200
3199 3261
3200 3261
3200 3262
3201 3202
3201 3262
3201 3263
3201 3264
3202 3203
3202 3263
3202 3264
3202 3265
3203 3204
3203 3264
3203 3265
3203 3266
3204 3265
3204 3266
3204 3267
3205 3206
3205 3267
3205 3268
3205 3269
3206 3207
3206 3268
3206 3269
3207 3269
3207 3270
3208 3209
3208 3270
3208 3271
3208 3272
3209 3210
3209 3271
3209 3272
3209 3273
3210 3211
3210 3272
3210 3273
3210 3274
3211 3212
3211 3273
3211 3274
3211 3275
3212 3213
3212 3274
3212 3275
3212 3276
3213 3214
3213 3275
3213 3276
3214 3215
3214 3276
3214 3277
3215 3216
3215 3277
3215 3278
3216 3217
3216 3277
3216 3278
3217 3218
3217 3278
3217 3279
3218 3219
3218 3279
3218 3280
3219 3220
3219 3279
3219 3280
3219 3281
3220 3280
3220 3281
3220 3282
3221 3222
3221 3282
3221 3283
3221 3284
3222 3223
3222 3283
3222 3284
3222 3285
3223 3224
3223 3284
3223 3285
3223 3286
3224 3225
3224 3285
3224 3286
3225 3226
3225 3286
3225 3287
3226 3227
3226 3287
3227 3228
3227 3287
3227 3288
3228 3288
3228 3289
3229 3230
3229 3289
3229 3290
3230 3231
3230 3290
3231 3232
3232 3233
3232 3291
3233 3291
3233 3292
3234 3235
3234 3292
3234 3293
3234 3294
3235 3236
3235 3293
3235 3294
3236 3237
3236 3294
3237 3238
3237 3295
3238 3239
3238 3295
3238 3296
3239 3240
3239 3295
3239 3296
3239 3297
3240 3241
3240 3296
3240 3297
3240 3298
3241 3242
3241 3297
3241 3298
3241 3299
3242 3243
3242 3298
3242 3299
3242 3300
3243 3244
3243 3299
3243 3300
3243 3301
3244 3245
3244 3300
3244 3301
3245 3246
3245 3301
3245 3302
3246 3247
3246 3302
3247 3248
3247 3302
3247 3303
3248 3249
3248 3303
3248 3304
3249 3250
3249 3303
3249 3304
3249 3305
3250 3251
3250 3304
3250 3305
3250 3306
3251 3252
3251 3305
3251 3306
3252 3253
3252 3306
3253 3254
3253 3307
3254 3255
3254 3307
3254 3308
3255 3256
3255 3307
3255 3308
3256 3257
3256 3308
3256 3309
3257 3258
3257 3309
3257 3310
3258 3259
3258 3309
3258 3310
3259 3260
3259 3310
3259 3311
3260 3311
3261 3312
3261 3313
3261 3314
3262 3263
3262 3314
3262 3315
3262 3316
3263 3264
3263 3315
3263 3316
3263 3317
3264 3265
3264 3316
3264 3317
3264 3318
3265 3266
3265 3317
3265 3318
3265 3319
3266 3267
3266 3318
3266 3319
3266 3320
3267 3268
3267 3319
3267 3320
3267 3321
3268 3269
3268 3320
3268 3321
3268 3322
3269 3321
3269 3322
3269 3323
3270 3271
3270 3323
3270 3324
3271 3272
3271 3324
3271 3325
3272 3273
3272 3324
3272 3325
3272 3326
3273 3274
3273 3325
3273 3326
3273 3327
3274 3275
3274 3326
3274 3327
3274 3328
3275 3276
3275 3327
3275 3328
3275 3329
3276 3328
3276 3329
3276 3330
3277 3278
3277 3330
3277 3331
3277 3332
3278 3331
3278 3332
3278 3333
3279 3280
3279 3333
3279 3334
3279 3335
3280 3281
3280 3334
3280 3335
3280 3336
3281 3282
3281 3335
3281 3336
3281 3337
3282 3283
3282 3336
3282 3337
3283 3284
3283 3337
3283 3338
3284 3285
3284 3338
3284 3339
3285 3286
3285 3338
3285 3339
3286 3339
3286 3340
3287 3340
3287 3341
3287 3342
3288 3289
3288 3342
3288 3343
3288 3344
3289 3290
3289 3343
3289 3344
3289 3345
3290 3344
3290 3345
3290 3346
3291 3292
3291 3348
3291 3349
3292 3293
3292 3348
3292 3349
3293 3294
3293 3349
3293 3350
3294 3350
3295 3296
3295 3351
3296 3297
3296 3351
3297 3298
3297 3351
3297 3352
3298 3299
3298 3352
3299 3300
3299 3352
3299 3353
3300 3301
3300 3353
3300 3354
3301 3353
3301 3354
3302 3355
3302 3356
3303 3304
3303 3356
3303 3357
3304 3305
3304 3357
3304 3358
3305 3306
3305 3358
3306 3358
3306 3359
3307 3308
3307 3360
3307 3361
3308 3360
3308 3361
3308 3362
3309 3310
3309 3362
3309 3363
3309 3364
3310 3363
3310 3364
3310 3365
3311 3365
3311 3366
3312 3313
3312 3367
3312 3368
3312 3369
3313 3314
3313 3368
3313 3369
3314 3315
3314 3369
3314 3370
3315 3316
3315 3370
3315 3371
3316 3317
3316 3370
3316 3371
3316 3372
3317 3318
3317 3371
3317 3372
3317 3373
3318 3319
3318 3372
3318 3373
3318 3374
3319 3320
3319 3373
3319 3374
3319 3375
3320 3321
3320 3374
3320 3375
3320 3376
3321 3322
3321 3375
3321 3376
3321 3377
3322 3323
3322 3376
3322 3377
3322 3378
3323 3377
3323 3378
3324 3325
3324 3379
3324 3380
3325 3326
3325 3379
3325 3380
3326 3327
3326 3380
3326 3381
3327 3328
3327 3381
3327 3382
3328 3329
3328 3381
3328 3382
3328 3383
3329 3330
3329 3382
3329 3383
3329 3384
3330 3331
3330 3383
3330 3384
3330 3385
3331 3332
3331 3384
3331 3385
3331 3386
3332 3333
3332 3385
3332 3386
3332 3387
3333 3334
3333 3386
3333 3387
3333 3388
3334 3335
3334 3387
3334 3388
3335 3336
3335 3388
3335 3389
3336 3337
3336 3389
3337 3389
3337 3390
3338 3339
3338 3390
3338 3391
3338 3392
3339 3391
3339 3392
3339 3393
3340 3341
3340 3393
3340 3394
3341 3342
3341 3394
3341 3395
3342 3343
3342 3395
3343 3344
3343 3395
3343 3396
3344 3345
3344 3396
3344 3397
3345 3346
3345 3396
3345 3397
3346 3347
3346 3397
3346 3398
3347 3398
3348 3349
3348 3399
3348 3400
3349 3399
3349 3400
3349 3401
3350 3401
3350 3402
3350 3403
3351 3405
3351 3406
3352 3406
3352 3407
3352 3408
3353 3354
3353 3408
3353 3409
3353 3410
3354 3409
3354 3410
3354 3411
3355 3356
3355 3411
3355 3412
3356 3357
3356 3412
3356 3413
3357 3412
3357 3413
3358 3414
3358 3415
3359 3415
3359 3416
3359 3417
3360 3361
3360 3417
3360 3418
3361 3362
3361 3418
3362 3363
3362 3418
3362 3419
3363 3364
3363 3419
3363 3420
3364 3365
3364 3419
3364 3420
3364 3421
3365 3366
3365 3420
3365 3421
3365 3422
3366 3421
3366 3422
3367 3368
3368 3369
3368 3423
3369 3423
3369 3424
3370 3371
3370 3424
3370 3425
3370 3426
3371 3372
3371 3425
3371 3426
3371 3427
3372 3373
3372 3426
3372 3427
3372 3428
3373 3374
3373 3427
3373 3428
3373 3429
3374 3375
3374 3428
3374 3429
3375 3376
3375 3429
3376 3377
3376 3430
3377 3378
3377 3430
3377 3431
3378 3430
3378 3431
3379 3380
3379 3432
3380 3432
3380 3433
3381 3382
3381 3433
3381 3434
3381 3435
3382 3383
3382 3434
3382 3435
3383 3384
3383 3435
3383 3436
3384 3385
3384 3436
3385 3386
3385 3436
3385 3437
3386 3387
3386 3437
3386 3438
3387 3388
3387 3437
3387 3438
3387 3439
3388 3438
3388 3439
3388 3440
3389 3440
3389 3441
3389 3442
3390 3391
3390 3442
3390 3443
3390 3444
3391 3392
3391 3443
3391 3444
3392 3393
3392 3444
3392 3445
3393 3394
3393 3445
3393 3446
3394 3445
3394 3446
3394 3447
3395 3447
3395 3448
3396 3397
3396 3448
3396 3449
3397 3449
3397 3450
3398 3450
3398 3451
3398 3452
3399 3400
3399 3452
3399 3453
3399 3454
3400 3401
3400 3453
3400 3454
3400 3455
3401 3402
3401 3454
3401 3455
3401 3456
3402 3403
3402 3455
3402 3456
3403 3404
3403 3456
3403 3457
3404 3457
3405 3406
3405 3458
3406 3407
3406 3458
3406 3459
3407 3408
3407 3459
3408 3409
3408 3459
3408 3460
3409 3410
3409 3460
3409 3461
3410 3411
3410 3460
3410 3461
3410 3462
3411 3461
3411 3462
3411 3463
3412 3413
3412 3463
3412 3464
3413 3464
3413 3465
3414 3415
3414 3465
3414 3466
3415 3416
3415 3466
3415 3467
3416 3417
3416 3467
3416 3468
3417 3467
3417 3468
3417 3469
3418 3469
3418 3470
3418 3471
3419 3420
3419 3471
3419 3472
3419 3473
3420 3421
3420 3472
3420 3473
3420 3474
3421 3422
3421 3473
3421 3474
3421 3475
3422 3474
3422 3475
3423 3424
3423 3477
3423 3478
3424 3425
3424 3478
3424 3479
3425 3426
3425 3478
3425 3479
3425 3480
3426 3427
3426 3479
3426 3480
3426 3481
3427 3428
3427 3480
3427 3481
3428 3429
3428 3481
3428 3482
3429 3482
3430 3431
3430 3483
3430 3484
3431 3483
3431 3484
3431 3485
3432 3433
3432 3486
3432 3487
3432 3488
3433 3434
3433 3487
3433 3488
3433 3489
3434 3435
3434 3488
3434 3489
3435 3489
3435 3490
3436 3490
3436 3491
3437 3438
3437 3491
3437 3492
3437 3493
3438 3439
3438 3492
3438 3493
3438 3494
3439 3440
3439 3493
3439 3494
3439 3495
3440 3441
3440 3494
3440 3495
3440 3496
3441 3442
3441 3495
3441 3496
3441 3497
3442 3443
3442 3496
3442 3497
3442 3498
3443 3444
3443 3497
3443 3498
3443 3499
3444 3498
3444 3499
3444 3500
3445 3446
3445 3500
3445 3501
3446 3447
3446 3501
3446 3502
3447 3501
3447 3502
3448 3503
3449 3450
3449 3504
3449 3505
3450 3451
3450 3504
3450 3505
3450 3506
3451 3452
3451 3505
3451 3506
3451 3507
3452 3453
3452 3506
3452 3507
3453 3454
3453 3507
3453 3508
3454 3455
3454 3508
3454 3509
3455 3456
3455 3508
3455 3509
3455 3510
3456 3509
3456 3510
3456 3511
3457 3511
3457 3512
3458 3512
3458 3513
3459 3513
3459 3514
3459 3515
3460 3461
3460 3515
3460 3516
3460 3517
3461 3462
3461 3516
3461 3517
3461 3518
3462 3463
3462 3517
3462 3518
3462 3519
3463 3518
3463 3519
3463 3520
3464 3465
3464 3520
3464 3521
3464 3522
3465 3466
3465 3521
3465 3522
3465 3523
3466 3522
3466 3523
3467 3468
3467 3524
3468 3469
3468 3524
3468 3525
3469 3470
3469 3525
3470 3471
3470 3525
3470 3526
3471 3472
3471 3526
3471 3527
3472 3473
3472 3526
3472 3527
3472 3528
3473 3474
3473 3527
3473 3528
3473 3529
3474 3475
3474 3528
3474 3529
3475 3529
3476 3477
3476 3530
3477 3530
3477 3531
3478 3479
3478 3531
3478 3532
3479 3480
3479 3532
3479 3533
3480 3481
3480 3533
3480 3534
3481 3533
3481 3534
3481 3535
3482 3535
3482 3536
3482 3537
3483 3484
3483 3538
3483 3539
3483 3540
3484 3485
3484 3539
3484 3540
3484 3541
3485 3486
3485 3540
3485 3541
3485 3542
3486 3487
3486 3541
3486 3542
3487 3488
3487 3542
3487 3543
3488 3489
3488 3543
3488 3544
3489 3543
3489 3544
3489 3545
3490 3545
3490 3546
3491 3492
3491 3546
3491 3547
3492 3493
3492 3547
3493 3494
3494 3495
3494 3548
3495 3496
3495 3548
3495 3549
3496 3497
3496 3548
3496 3549
3497 3498
3497 3549
3498 3499
3499 3500
3499 3550
3500 3550
3500 3551
3501 3502
3501 3551
3502 3552
3503 3552
3503 3553
3504 3505
3504 3553
3504 3554
3505 3506
3505 3554
3506 3507
3506 3555
3507 3555
3507 3556
3508 3509
3508 3556
3508 3557
3509 3510
3509 3557
3509 3558
3510 3511
3510 3558
3510 3559
3511 3558
3511 3559
3512 3560
3512 3561
3513 3514
3513 3561
3513 3562
3514 3515
3514 3562
3514 3563
3515 3516
3515 3563
3515 3564
3516 3517
3516 3563
3516 3564
3516 3565
3517 3518
3517 3564
3517 3565
3518 3519
3518 3565
3519 3520
3519 3566
3520 3521
3520 3566
3521 3522
3521 3566
3521 3567
3522 3523
3522 3567
3522 3568
3523 3567
3523 3568
3523 3569
3524 3569
3525 3570
3526 3527
3526 3570
3526 3571
3526 3572
3527 3528
3527 3571
3527 3572
3527 3573
3528 3529
3528 3572
3528 3573
3529 3573
3529 3574
3530 3575
3530 3576
3531 3532
3531 3576
3531 3577
3531 3578
3532 3577
3532 3578
3533 3534
3533 3579
3534 3535
3534 3579
3534 3580
3535 3536
3535 3580
3535 3581
3536 3537
3536 3580
3536 3581
3536 3582
3537 3538
3537 3581
3537 3582
3537 3583
3538 3539
3538 3582
3538 3583
3538 3584
3539 3540
3539 3583
3539 3584
3539 3585
3540 3541
3540 3584
3540 3585
3540 3586
3541 3542
3541 3585
3541 3586
3541 3587
3542 3586
3542 3587
3542 3588
3543 3544
3543 3588
3543 3589
3543 3590
3544 3545
3544 3589
3544 3590
3544 3591
3545 3590
3545 3591
3545 3592
3546 3547
3546 3592
3546 3593
3546 3594
3547 3593
3547 3594
3547 3595
3548 3549
3548 3596
3548 3597
3549 3597
3549 3598
3550 3551
3550 3600
3550 3601
3550 3602
3551 3601
3551 3602
3551 3603
3552 3604
3552 3605
3552 3606
3553 3554
3553 3606
3553 3607
3553 3608
3554 3607
3554 3608
3554 3609
3555 3556
3555 3610
3555 3611
3556 3557
3556 3610
3556 3611
3556 3612
3557 3611
3557 3612
3557 3613
3558 3559
3558 3613
3558 3614
3558 3615
3559 3614
3559 3615
3559 3616
3560 3561
3560 3616
3560 3617
3561 3562
3561 3617
3561 3618
3562 3617
3562 3618
3562 3619
3563 3564
3563 3619
3564 3565
3564 3620
3565 3620
3566 3621
3566 3622
3566 3623
3567 3568
3567 3623
3567 3624
3567 3625
3568 3569
3568 3624
3568 3625
3568 3626
3569 3625
3569 3626
3569 3627
3570 3571
3570 3629
3570 3630
3571 3572
3571 3629
3571 3630
3571 3631
3572 3573
3572 3630
3572 3631
3572 3632
3573 3631
3573 3632
3573 3633
3574 3633
3575 3576
3575 3634
3576 3577
3576 3634
3576 3635
3577 3578
3577 3634
3577 3635
3577 3636
3578 3635
3578 3636
3578 3637
3579 3637
3579 3638
3579 3639
3580 3581
3580 3639
3580 3640
3581 3582
3581 3640
3581 3641
3582 3583
3582 3641
3582 3642
3583 3584
3583 3641
3583 3642
3583 3643
3584 3585
3584 3642
3584 3643
3584 3644
3585 3586
3585 3643
3585 3644
3585 3645
3586 3587
3586 3644
3586 3645
3586 3646
3587 3588
3587 3645
3587 3646
3587 3647
3588 3589
3588 3646
3588 3647
3588 3648
3589 3590
3589 3647
3589 3648
3589 3649
3590 3591
3590 3648
3590 3649
3590 3650
3591 3592
3591 3649
3591 3650
3591 3651
3592 3593
3592 3650
3592 3651
3592 3652
3593 3594
3593 3651
3593 3652
3593 3653
3594 3595
3594 3652
3594 3653
3594 3654
3595 3653
3595 3654
3595 3655
3596 3597
3596 3655
3596 3656
3596 3657
3597 3656
3597 3657
3597 3658
3598 3599
3598 3658
3598 3659
3598 3660
3599 3600
3599 3659
3599 3660
3599 3661
3600 3601
3600 3660
3600 3661
3600 3662
3601 3602
3601 3661
3601 3662
3601 3663
3602 3603
3602 3662
3602 3663
3602 3664
3603 3604
3603 3663
3603 3664
3603 3665
3604 3605
3604 3664
3604 3665
3604 3666
3605 3606
3605 3665
3605 3666
3606 3607
3606 3666
3606 3667
3607 3608
3607 3667
3607 3668
3608 3609
3608 3667
3608 3668
3608 3669
3609 3668
3609 3669
3609 3670
3610 3611
3610 3670
3610 3671
3611 3612
3611 3671
3611 3672
3612 3613
3612 3672
3612 3673
3613 3614
3613 3672
3613 3673
3613 3674
3614 3615
3614 3673
3614 3674
3614 3675
3615 3616
3615 3674
3615 3675
3616 3675
3616 3676
3617 3618
3617 3676
3617 3677
3617 3678
3618 3619
3618 3677
3618 3678
3618 3679
3619 3678
3619 3679
3619 3680
3620 3681
3620 3682
3620 3683
3621 3622
3621 3683
3621 3684
3622 3623
3622 3684
3622 3685
3623 3624
3623 3684
3623 3685
3623 3686
3624 3625
3624 3685
3624 3686
3624 3687
3625 3626
3625 3686
3625 3687
3625 3688
3626 3627
3626 3687
3626 3688
3626 3689
3627 3628
3627 3688
3627 3689
3628 3689
3628 3690
3629 3630
3629 3690
3629 3691
3629 3692
3630 3631
3630 3691
3630 3692
3630 3693
3631 3632
3631 3692
3631 3693
3631 3694
3632 3633
3632 3693
3632 3694
3632 3695
3633 3694
3633 3695
3633 3696
3634 3635
3634 3697
3634 3698
3634 3699
3635 3636
3635 3698
3635 3699
3636 3637
3636 3699
3636 3700
3637 3638
3637 3700
3638 3639
3638 3700
3638 3701
3639 3640
3639 3701
3639 3702
3640 3701
3640 3702
3640 3703
3641 3642
3641 3703
3641 3704
3641 3705
3642 3643
3642 3704
3642 3705
3642 3706
3643 3644
3643 3705
3643 3706
3643 3707
3644 3645
3644 3706
3644 3707
3644 3708
3645 3646
3645 3707
3645 3708
3645 3709
3646 3647
3646 3708
3646 3709
3646 3710
3647 3648
3647 3709
3647 3710
3647 3711
3648 3649
3648 3710
3648 3711
3648 3712
3649 3650
3649 3711
3649 3712
3650 3651
3650 3712
3650 3713
3651 3652
3651 3713
3651 3714
3652 3653
3652 3713
3652 3714
3652 3715
3653 3654
3653 3714
3653 3715
3653 3716
3654 3655
3654 3715
3654 3716
3654 3717
3655 3656
3655 3716
3655 3717
3655 3718
3656 3657
3656 3717
3656 3718
3656 3719
3657 3658
3657 3718
3657 3719
3657 3720
3658 3659
3658 3719
3658 3720
3659 3660
3659 3720
3659 3721
3660 3661
3660 3721
3660 3722
3661 3662
3661 3721
3661 3722
3662 3663
3662 3722
3662 3723
3663 3664
3663 3723
3663 3724
3664 3665
3664 3723
3664 3724
3664 3725
3665 3666
3665 3724
3665 3725
3665 3726
3666 3725
3666 3726
3667 3668
3667 3727
3667 3728
3668 3669
3668 3727
3668 3728
3668 3729
3669 3670
3669 3728
3669 3729
3669 3730
3670 3671
3670 3729
3670 3730
3670 3731
3671 3730
3671 3731
3672 3673
3672 3732
3672 3733
3673 3674
3673 3732
3673 3733
3673 3734
3674 3675
3674 3733
3674 3734
3674 3735
3675 3734
3675 3735
3675 3736
3676 3677
3676 3736
3676 3737
3677 3678
3677 3737
3677 3738
3678 3679
3678 3738
3679 3680
3679 3738
3679 3739
3680 3681
3680 3739
3680 3740
3681 3682
3681 3739
3681 3740
3682 3683
3682 3740
3682 3741
3683 3741
3684 3685
3684 3742
3684 3743
3685 3686
3685 3742
3685 3743
3685 3744
3686 3687
3686 3743
3686 3744
3687 3688
3687 3744
3688 3689
3689 3745
3690 3691
3690 3745
3690 3746
3691 3692
3691 3746
3691 3747
3692 3693
3692 3747
3692 3748
3693 3694
3693 3747
3693 3748
3693 3749
3694 3695
3694 3748
3694 3749
3695 3696
3695 3749
3695 3750
3696 3750
3697 3698
3697 3751
3697 3752
3698 3699
3698 3751
3698 3752
3699 3752
3699 3753
3700 3753
3700 3754
3700 3755
3701 3702
3701 3755
3701 3756
3701 3757
3702 3703
3702 3756
3702 3757
3702 3758
3703 3704
3703 3757
3703 3758
3703 3759
3704 3705
3704 3758
3704 3759
3704 3760
3705 3706
3705 3759
3705 3760
3705 3761
3706 3707
3706 3760
3706 3761
3707 3708
3707 3761
3707 3762
3708 3709
3708 3762
3708 3763
3709 3710
3709 3762
3709 3763
3709 3764
3710 3711
3710 3763
3710 3764
3710 3765
3711 3712
3711 3764
3711 3765
3712 3765
3712 3766
3713 3714
3713 3766
3713 3767
3713 3768
3714 3715
3714 3767
3714 3768
3714 3769
3715 3716
3715 3768
3715 3769
3715 3770
3716 3717
3716 3769
3716 3770
3716 3771
3717 3718
3717 3770
3717 3771
3717 3772
3718 3719
3718 3771
3718 3772
3718 3773
3719 3720
3719 3772
3719 3773
3719 3774
3720 3773
3720 3774
3720 3775
3721 3722
3721 3775
3721 3776
3722 3776
3722 3777
3723 3724
3723 3777
3723 3778
3723 3779
3724 3725
3724 3778
3724 3779
3724 3780
3725 3726
3725 3779
3725 3780
3726 3780
3727 3728
3727 3781
3728 3729
3728 3781
3728 3782
3729 3730
3729 3781
3729 3782
3729 3783
3730 3731
3730 3782
3730 3783
3730 3784
3731 3783
3731 3784
3731 3785
3732 3733
3732 3785
3732 3786
3732 3787
3733 3734
3733 3786
3733 3787
3733 3788
3734 3735
3734 3787
3734 3788
3734 3789
3735 3736
3735 3788
3735 3789
3735 3790
3736 3737
3736 3789
3736 3790
3736 3791
3737 3790
3737 3791
3737 3792
3738 3792
3738 3793
3738 3794
3739 3740
3739 3794
3739 3795
3739 3796
3740 3795
3740 3796
3740 3797
3741 3797
3741 3798
3741 3799
3742 3743
3742 3799
3743 3744
3743 3800
3744 3800
3744 3801
3745 3746
3745 3803
3745 3804
3745 3805
3746 3804
3746 3805
3747 3748
3747 3806
3747 3807
3748 3749
3748 3806
3748 3807
3748 3808
3749 3807
3749 3808
3749 3809
3750 3809
3750 3810
3751 3752
3751 3811
3751 3812
3752 3811
3752 3812
3752 3813
3753 3754
3753 3813
3753 3814
3753 3815
3754 3755
3754 3814
3754 3815
3754 3816
3755 3756
3755 3815
3755 3816
3756 3757
3756 3816
3756 3817
3757 3758
3757 3817
3757 3818
3758 3759
3758 3817
3758 3818
3758 3819
3759 3760
3759 3818
3759 3819
3759 3820
3760 3761
3760 3819
3760 3820
3760 3821
3761 3820
3761 3821
3761 3822
3762 3763
3762 3822
3762 3823
3763 3764
3763 3823
3763 3824
3764 3765
3764 3823
3764 3824
3764 3825
3765 3824
3765 3825
3765 3826
3766 3767
3766 3826
3766 3827
3766 3828
3767 3768
3767 3827
3767 3828
3767 3829
3768 3769
3768 3828
3768 3829
3768 3830
3769 3770
3769 3829
3769 3830
3769 3831
3770 3771
3770 3830
3770 3831
3771 3772
3771 3831
3772 3773
3773 3774
3773 3832
3774 3775
3774 3832
3774 3833
3775 3776
3775 3832
3775 3833
3775 3834
3776 3833
3776 3834
3776 3835
3777 3778
3777 3835
3777 3836
3777 3837
3778 3779
3778 3836
3778 3837
3778 3838
3779 3780
3779 3837
3779 3838
3780 3838
3780 3839
3781 3782
3781 3841
3782 3783
3782 3841
3783 3784
3783 3841
3783 3842
3784 3785
3784 3842
3785 3786
3785 3842
3785 3843
3786 3787
3786 3843
3786 3844
3787 3788
3787 3843
3787 3844
3787 3845
3788 3789
3788 3844
3788 3845
3789 3790
3789 3845
3789 3846
3790 3791
3790 3846
3790 3847
3791 3792
3791 3846
3791 3847
3792 3793
3792 3847
3792 3848
3793 3794
3793 3848
3793 3849
3794 3795
3794 3848
3794 3849
3794 3850
3795 3796
3795 3849
3795 3850
3796 3797
3796 3850
3797 3798
3797 3851
3798 3799
3798 3851
3798 3852
3799 3851
3799 3852
3799 3853
3800 3801
3800 3854
3800 3855
3800 3856
3801 3802
3801 3855
3801 3856
3802 3803
3802 3856
3802 3857
3803 3804
3803 3857
3803 3858
3804 3805
3804 3857
3804 3858
3804 3859
3805 3858
3805 3859
3806 3807
3806 3860
3806 3861
3807 3808
3807 3860
3807 3861
3808 3809
3808 3861
3808 3862
3809 3810
3809 3862
3809 3863
3810 3862
3810 3863
3811 3812
3811 3864
3811 3865
3812 3813
3812 3864
3812 3865
3813 3814
3813 3865
3814 3815
3814 3866
3815 3816
3815 3866
3816 3866
3816 3867
3817 3818
3817 3867
3817 3868
3817 3869
3818 3819
3818 3868
3818 3869
3818 3870
3819 3820
3819 3869
3819 3870
3819 3871
3820 3821
3820 3870
3820 3871
3821 3822
3821 3871
3821 3872
3822 3872
3822 3873
3823 3824
3823 3873
3823 3874
3824 3825
3824 3874
3824 3875
3825 3826
3825 3874
3825 3875
3825 3876
3826 3827
3826 3875
3826 3876
3826 3877
3827 3828
3827 3876
3827 3877
3828 3829
3828 3877
3828 3878
3829 3830
3829 3878
3829 3879
3830 3831
3830 3878
3830 3879
3831 3879
3831 3880
3832 3833
3832 3882
3832 3883
3832 3884
3833 3834
3833 3883
3833 3884
3833 3885
3834 3835
3834 3884
3834 3885
3835 3836
3835 3885
3835 3886
3836 3837
3836 3886
3836 3887
3837 3838
3837 3886
3837 3887
3837 3888
3838 3887
3838 3888
3838 3889
3839 3840
3839 3889
3839 3890
3839 3891
3840 3890
3840 3891
3840 3892
3841 3893
3841 3894
3842 3894
3842 3895
3842 3896
3843 3844
3843 3896
3843 3897
3843 3898
3844 3845
3844 3897
3844 3898
3844 3899
3845 3898
3845 3899
3845 3900
3846 3847
3846 3900
3846 3901
3846 3902
3847 3901
3847 3902
3847 3903
3848 3849
3848 3903
3848 3904
3849 3850
3849 3904
3849 3905
3850 3904
3850 3905
3850 3906
3851 3852
3851 3907
3852 3853
3852 3907
3852 3908
3853 3854
3853 3908
3854 3855
3854 3908
3854 3909
3855 3856
3855 3909
3856 3909
3856 3910
3857 3858
3857 3910
3857 3911
3857 3912
3858 3859
3858 3911
3858 3912
3858 3913
3859 3912
3859 3913
3859 3914
3860 3861
3860 3914
3860 3915
3860 3916
3861 3915
3861 3916
3861 3917
3862 3863
3862 3917
3862 3918
3862 3919
3863 3918
3863 3919
3864 3865
3867 3868
3868 3869
3869 3870
3870 3871
3872 3873
3874 3875
3875 3876
3876 3877
3878 3879
3880 3881
3881 3882
3882 3883
3883 3884
3884 3885
3886 3887
3887 3888
3888 3889
3889 3890
3890 3891
3891 3892
3893 3894
3894 3895
3895 3896
3896 3897
3897 3898
3898 3899
3899 3900
3900 3901
3901 3902
3902 3903
3904 3905
3905 3906
3910 3911
3911 3912
3912 3913
3913 3914
3914 3915
3915 3916
3916 3917
3917 3918
3918 3919
