# FromNodeId	ToNodeId
0 1
0 55
0 56
1 55
1 56
1 57
2 57
2 58
2 59
3 4
3 59
4 5
4 60
5 6
5 60
5 61
6 60
6 61
6 62
7 62
7 63
8 9
8 63
8 64
9 10
9 64
9 65
10 11
10 64
10 65
10 66
11 12
11 65
11 66
11 67
12 13
12 66
12 67
12 68
13 14
13 67
13 68
14 15
14 68
14 69
15 16
15 69
15 70
16 17
16 69
16 70
16 71
17 18
17 70
17 71
17 72
18 19
18 71
18 72
19 72
19 73
20 21
20 73
20 74
20 75
21 74
21 75
21 76
22 23
22 76
22 77
23 24
23 77
23 78
24 25
24 77
24 78
24 79
25 78
25 79
26 27
27 28
27 80
28 29
28 80
28 81
29 30
29 80
29 81
29 82
30 81
30 82
30 83
31 32
31 83
31 84
31 85
32 33
32 84
32 85
33 34
33 85
33 86
34 86
34 87
35 87
35 88
35 89
36 89
36 90
36 91
37 38
37 91
37 92
37 93
38 92
38 93
38 94
39 95
39 96
40 41
40 97
40 98
41 97
41 98
41 99
42 43
42 99
42 100
43 44
43 100
43 101
44 45
44 101
44 102
45 46
45 101
45 102
45 103
46 47
46 102
46 103
47 48
47 103
47 104
48 49
48 104
49 50
49 104
50 51
50 105
51 52
51 105
51 106
52 53
52 105
52 106
52 107
53 54
53 106
53 107
54 107
55 56
55 108
56 57
56 108
56 109
57 58
57 109
57 110
58 59
58 109
58 110
58 111
59 110
59 111
59 112
60 61
60 113
60 114
60 115
61 62
61 114
61 115
62 115
62 116
63 116
63 117
63 118
64 65
64 118
64 119
65 66
65 119
65 120
66 67
66 120
66 121
67 68
67 120
67 121
67 122
68 121
68 122
68 123
69 70
69 123
69 124
70 71
70 124
70 125
71 72
71 124
71 125
71 126
72 125
72 126
72 127
73 74
73 127
73 128
73 129
74 75
74 128
74 129
74 130
75 76
75 129
75 130
76 130
76 131
77 78
77 131
77 132
77 133
78 79
78 132
78 133
79 133
79 134
80 81
80 136
80 137
80 138
81 82
81 137
81 138
81 139
82 83
82 138
82 139
82 140
83 84
83 139
83 140
83 141
84 85
84 140
84 141
84 142
85 141
85 142
86 87
86 143
86 144
87 88
87 143
87 144
87 145
88 89
88 144
88 145
88 146
89 90
89 145
89 146
89 147
90 91
90 146
90 147
90 148
91 92
91 147
91 148
91 149
92 93
92 148
92 149
92 150
93 94
93 149
93 150
93 151
94 95
94 150
94 151
94 152
95 96
95 151
95 152
95 153
96 152
96 153
97 98
97 154
97 155
98 99
98 154
98 155
98 156
99 100
99 155
99 156
99 157
100 156
100 157
100 158
101 102
101 158
101 159
102 103
102 159
102 160
103 160
104 161
104 162
105 106
105 163
105 164
105 165
106 107
106 164
106 165
106 166
107 165
107 166
107 167
108 168
109 110
109 168
109 169
109 170
110 111
110 169
110 170
110 171
111 112
111 170
111 171
111 172
112 113
112 171
112 172
113 114
113 172
113 173
114 115
114 173
115 173
115 174
116 117
116 174
117 118
117 175
118 119
118 175
118 176
119 175
119 176
119 177
120 121
120 177
120 178
121 122
121 178
121 179
122 123
122 178
122 179
122 180
123 179
123 180
123 181
124 125
124 181
124 182
124 183
125 126
125 182
125 183
125 184
126 127
126 183
126 184
126 185
127 128
127 184
127 185
127 186
128 129
128 185
128 186
128 187
129 130
129 186
129 187
129 188
130 187
130 188
130 189
131 132
131 189
131 190
131 191
132 133
132 190
132 191
132 192
133 191
133 192
133 193
134 135
134 193
134 194
134 195
135 136
135 194
135 195
136 137
136 195
136 196
137 138
137 196
137 197
138 139
138 196
138 197
138 198
139 140
139 197
139 198
139 199
140 141
140 198
140 199
140 200
141 142
141 199
141 200
141 201
142 200
142 201
143 144
143 202
143 203
144 145
144 202
144 203
144 204
145 146
145 203
145 204
145 205
146 147
146 204
146 205
146 206
147 148
147 205
147 206
148 149
148 206
148 207
149 150
149 207
150 151
150 207
150 208
151 152
151 208
151 209
152 153
152 208
152 209
153 209
153 210
154 155
154 210
154 211
154 212
155 156
155 211
155 212
155 213
156 157
156 212
156 213
157 158
157 213
157 214
158 159
158 214
158 215
159 214
159 215
159 216
160 216
160 217
160 218
161 162
161 218
161 219
162 163
162 219
163 164
163 220
164 165
164 220
164 221
165 166
165 220
165 221
165 222
166 167
166 221
166 222
166 223
167 222
167 223
168 169
168 224
168 225
169 170
169 225
169 226
170 171
170 225
170 226
170 227
171 172
171 226
171 227
171 228
172 227
172 228
172 229
173 229
173 230
173 231
174 231
174 232
174 233
175 176
175 234
175 235
175 236
176 177
176 235
176 236
176 237
177 236
177 237
177 238
178 179
178 238
178 239
178 240
179 180
179 239
179 240
179 241
180 181
180 240
180 241
181 182
181 241
181 242
182 183
182 242
182 243
183 184
183 242
183 243
184 185
184 243
185 186
185 244
186 187
186 244
187 188
187 244
188 189
188 245
189 190
189 245
189 246
190 191
190 245
190 246
190 247
191 192
191 246
191 247
191 248
192 193
192 247
192 248
192 249
193 194
193 248
193 249
193 250
194 195
194 249
194 250
195 250
195 251
196 197
196 251
196 252
197 198
197 252
197 253
198 199
198 253
198 254
199 200
199 253
199 254
199 255
200 201
200 254
200 255
200 256
201 255
201 256
201 257
202 203
202 257
202 258
202 259
203 204
203 258
203 259
203 260
204 205
204 259
204 260
204 261
205 206
205 260
205 261
206 261
207 262
208 209
209 263
210 211
210 263
210 264
210 265
211 212
211 264
211 265
212 213
212 265
212 266
213 266
213 267
214 215
214 267
214 268
214 269
215 216
215 268
215 269
215 270
216 217
216 269
216 270
216 271
217 218
217 270
217 271
217 272
218 219
218 271
218 272
219 272
219 273
220 221
220 274
220 275
220 276
221 222
221 275
221 276
221 277
222 223
222 276
222 277
222 278
223 277
223 278
224 279
224 280
225 226
225 280
225 281
225 282
226 227
226 281
226 282
226 283
227 228
227 282
227 283
227 284
228 229
228 283
228 284
228 285
229 230
229 284
229 285
229 286
230 231
230 285
230 286
230 287
231 232
231 286
231 287
231 288
232 233
232 287
232 288
232 289
233 234
233 288
233 289
233 290
234 235
234 289
234 290
234 291
235 236
235 290
235 291
235 292
236 237
236 291
236 292
237 238
237 292
237 293
238 239
238 293
238 294
239 240
239 293
239 294
239 295
240 241
240 294
240 295
240 296
241 295
241 296
242 243
242 297
243 297
243 298
244 299
244 300
244 301
245 246
245 302
245 303
246 247
246 303
246 304
247 248
247 304
247 305
248 249
248 304
248 305
248 306
249 250
249 305
249 306
249 307
250 306
250 307
250 308
251 252
251 308
251 309
251 310
252 309
252 310
252 311
253 254
253 311
253 312
253 313
254 255
254 312
254 313
254 314
255 256
255 313
255 314
255 315
256 257
256 314
256 315
257 258
257 315
257 316
258 259
258 316
258 317
259 260
259 316
259 317
259 318
260 261
260 317
260 318
260 319
261 318
261 319
261 320
262 321
262 322
262 323
263 264
263 325
263 326
263 327
264 265
264 326
264 327
264 328
265 327
265 328
266 267
266 329
266 330
267 268
267 329
267 330
267 331
268 269
268 330
268 331
268 332
269 270
269 331
269 332
269 333
270 271
270 332
270 333
270 334
271 272
271 333
271 334
271 335
272 334
272 335
272 336
273 274
273 336
273 337
273 338
274 275
274 337
274 338
274 339
275 276
275 338
275 339
275 340
276 277
276 339
276 340
276 341
277 278
277 340
277 341
277 342
278 341
278 342
279 280
279 343
280 281
280 343
280 344
281 282
281 344
281 345
282 283
282 344
282 345
283 284
283 345
283 346
284 285
284 346
284 347
285 286
285 346
285 347
285 348
286 287
286 347
286 348
287 288
287 348
287 349
288 289
288 349
288 350
289 290
289 349
289 350
290 291
290 350
290 351
291 292
291 351
291 352
292 351
292 352
293 294
293 353
294 295
294 353
295 296
295 354
296 354
296 355
297 355
297 356
297 357
298 299
298 357
298 358
298 359
299 300
299 358
299 359
299 360
300 301
300 359
300 360
300 361
301 302
301 360
301 361
301 362
302 303
302 361
302 362
302 363
303 362
303 363
303 364
304 305
304 364
304 365
305 306
305 365
305 366
306 307
306 366
307 308
307 366
307 367
308 309
308 367
308 368
309 310
309 367
309 368
310 311
310 368
310 369
311 312
311 369
311 370
312 313
312 369
312 370
313 314
313 370
313 371
314 315
314 371
314 372
315 371
315 372
315 373
316 317
316 373
316 374
316 375
317 318
317 374
317 375
318 319
318 375
318 376
319 320
319 376
319 377
320 321
320 376
320 377
320 378
321 322
321 377
321 378
322 323
322 378
322 379
323 324
323 379
323 380
324 325
324 379
324 380
325 326
325 380
326 327
326 381
327 328
327 381
328 381
328 382
329 330
329 382
329 383
330 331
330 383
331 332
331 383
331 384
332 333
332 384
332 385
333 334
333 384
333 385
333 386
334 335
334 385
334 386
335 336
335 386
335 387
336 337
336 387
336 388
337 338
337 387
337 388
338 339
338 388
338 389
339 340
339 389
339 390
340 341
340 389
340 390
340 391
341 342
341 390
341 391
342 391
343 392
343 393
344 345
344 393
344 394
345 394
346 347
346 395
346 396
347 348
347 395
347 396
347 397
348 396
348 397
348 398
349 350
349 398
350 399
351 352
351 399
351 400
351 401
352 400
352 401
352 402
353 402
353 403
353 404
354 355
354 405
354 406
354 407
355 356
355 406
355 407
355 408
356 357
356 407
356 408
356 409
357 358
357 408
357 409
358 359
358 409
358 410
359 360
359 410
359 411
360 361
360 410
360 411
360 412
361 362
361 411
361 412
361 413
362 363
362 412
362 413
362 414
363 364
363 413
363 414
363 415
364 365
364 414
364 415
364 416
365 415
365 416
365 417
366 417
366 418
366 419
367 368
367 419
367 420
368 420
369 370
369 421
370 421
370 422
371 372
371 422
371 423
371 424
372 373
372 423
372 424
372 425
373 374
373 424
373 425
373 426
374 375
374 425
374 426
374 427
375 426
375 427
375 428
376 377
376 428
376 429
376 430
377 378
377 429
377 430
377 431
378 430
378 431
378 432
379 380
379 432
379 433
379 434
380 433
380 434
380 435
381 436
381 437
382 437
383 438
383 439
384 385
384 439
384 440
385 386
385 440
385 441
386 441
386 442
387 388
387 442
387 443
388 443
388 444
389 390
389 444
389 445
389 446
390 391
390 445
390 446
390 447
391 446
391 447
391 448
392 393
392 449
392 450
393 394
393 449
393 450
393 451
394 450
394 451
395 396
395 452
395 453
395 454
396 397
396 453
396 454
397 398
397 454
399 400
399 455
399 456
399 457
400 401
400 456
400 457
400 458
401 402
401 457
401 458
401 459
402 403
402 458
402 459
402 460
403 404
403 459
403 460
403 461
404 405
404 460
404 461
404 462
405 406
405 461
405 462
405 463
406 407
406 462
406 463
406 464
407 408
407 463
407 464
407 465
408 409
408 464
408 465
408 466
409 465
409 466
409 467
410 411
410 467
410 468
410 469
411 412
411 468
411 469
411 470
412 413
412 469
412 470
412 471
413 414
413 470
413 471
413 472
414 415
414 471
414 472
414 473
415 416
415 472
415 473
416 417
416 473
416 474
417 418
417 474
417 475
418 419
418 474
418 475
418 476
419 475
419 476
419 477
420 477
420 478
420 479
421 422
421 480
422 423
422 480
422 481
423 424
423 480
423 481
423 482
424 425
424 481
424 482
424 483
425 426
425 482
425 483
425 484
426 427
426 483
426 484
426 485
427 428
427 484
427 485
427 486
428 429
428 485
428 486
428 487
429 430
429 486
429 487
429 488
430 431
430 487
430 488
430 489
431 432
431 488
431 489
431 490
432 433
432 489
432 490
432 491
433 434
433 490
433 491
433 492
434 435
434 491
434 492
434 493
435 436
435 492
435 493
435 494
436 493
436 494
436 495
437 495
437 496
438 439
438 497
438 498
438 499
439 440
439 498
439 499
439 500
440 499
440 500
440 501
441 442
441 501
441 502
442 443
442 502
442 503
443 503
444 445
444 504
444 505
445 446
445 504
445 505
445 506
446 447
446 505
446 506
446 507
447 448
447 506
447 507
447 508
448 507
448 508
449 450
449 509
449 510
450 451
450 509
450 510
451 510
451 511
452 453
452 511
452 512
452 513
453 454
453 512
453 513
453 514
454 513
454 514
454 515
455 456
455 517
455 518
456 457
456 518
457 458
457 518
457 519
458 459
458 519
458 520
459 460
459 519
459 520
459 521
460 461
460 520
460 521
460 522
461 462
461 521
461 522
461 523
462 463
462 522
462 523
462 524
463 464
463 523
463 524
463 525
464 465
464 524
464 525
464 526
465 466
465 525
465 526
466 467
466 526
467 468
468 469
468 527
469 470
469 527
469 528
470 471
470 527
470 528
470 529
471 472
471 528
471 529
471 530
472 473
472 529
472 530
472 531
473 530
473 531
473 532
474 475
474 532
474 533
474 534
475 476
475 533
475 534
475 535
476 477
476 534
476 535
476 536
477 478
477 535
477 536
477 537
478 479
478 536
478 537
479 537
479 538
480 481
480 539
480 540
480 541
481 482
481 540
481 541
481 542
482 483
482 541
482 542
482 543
483 484
483 542
483 543
484 485
484 543
484 544
485 486
485 544
485 545
486 487
486 544
486 545
486 546
487 488
487 545
487 546
488 489
488 546
488 547
489 490
489 547
489 548
490 491
490 547
490 548
490 549
491 492
491 548
491 549
491 550
492 493
492 549
492 550
493 494
493 550
494 495
495 496
495 551
496 551
497 498
497 552
498 499
498 552
498 553
499 500
499 553
499 554
500 501
500 553
500 554
501 502
501 554
502 555
503 555
503 556
503 557
504 505
504 557
504 558
505 506
505 558
505 559
506 507
506 559
506 560
507 508
507 559
507 560
507 561
508 560
508 561
509 510
510 562
511 512
511 562
511 563
511 564
512 513
512 563
512 564
512 565
513 514
513 564
513 565
513 566
514 515
514 565
514 566
514 567
515 516
515 566
515 567
516 517
516 567
516 568
517 568
517 569
518 569
518 570
518 571
519 520
519 571
519 572
519 573
520 521
520 572
520 573
520 574
521 522
521 573
521 574
522 523
522 574
523 524
523 575
524 525
524 575
524 576
525 526
525 575
525 576
525 577
526 576
526 577
526 578
527 528
527 579
527 580
527 581
528 529
528 580
528 581
528 582
529 530
529 581
529 582
530 531
530 582
530 583
531 532
531 583
531 584
532 533
532 583
532 584
532 585
533 534
533 584
533 585
533 586
534 535
534 585
534 586
534 587
535 536
535 586
535 587
535 588
536 537
536 587
536 588
536 589
537 588
537 589
537 590
538 539
538 590
538 591
538 592
539 540
539 591
539 592
540 541
540 592
541 542
541 593
542 543
542 593
542 594
543 593
543 594
543 595
544 545
544 595
544 596
544 597
545 546
545 596
545 597
546 597
546 598
547 548
547 598
547 599
548 549
548 599
548 600
549 550
549 599
549 600
549 601
550 600
550 601
550 602
551 604
551 605
551 606
552 606
552 607
552 608
553 554
553 608
553 609
553 610
554 609
554 610
554 611
555 556
555 612
555 613
555 614
556 557
556 613
556 614
556 615
557 558
557 614
557 615
557 616
558 615
558 616
558 617
559 560
559 617
559 618
559 619
560 561
560 618
560 619
560 620
561 619
561 620
562 563
562 622
562 623
563 564
563 623
563 624
564 565
564 624
564 625
565 566
565 624
565 625
566 567
566 625
567 626
568 569
568 626
568 627
568 628
569 570
569 627
569 628
569 629
570 571
570 628
570 629
571 572
571 629
571 630
572 573
572 630
572 631
573 574
573 630
573 631
574 631
574 632
575 576
575 633
575 634
576 577
576 633
576 634
576 635
577 578
577 634
577 635
577 636
578 635
578 636
578 637
579 580
579 637
579 638
579 639
580 581
580 638
580 639
580 640
581 582
581 639
581 640
581 641
582 640
582 641
582 642
583 584
583 642
583 643
583 644
584 585
584 643
584 644
584 645
585 586
585 644
585 645
585 646
586 587
586 645
586 646
586 647
587 588
587 646
587 647
587 648
588 589
588 647
588 648
589 590
589 648
589 649
590 591
590 649
591 592
591 649
591 650
592 650
592 651
593 594
593 652
593 653
594 595
594 653
594 654
595 596
595 653
595 654
595 655
596 597
596 654
596 655
596 656
597 655
597 656
597 657
598 657
598 658
598 659
599 600
599 659
599 660
600 601
600 660
600 661
601 602
601 660
601 661
601 662
602 603
602 661
602 662
602 663
603 604
603 662
603 663
603 664
604 605
604 663
604 664
604 665
605 606
605 664
605 665
605 666
606 607
606 665
606 666
606 667
607 608
607 666
607 667
607 668
608 609
608 667
608 668
608 669
609 610
609 668
609 669
609 670
610 611
610 669
610 670
610 671
611 612
611 670
611 671
611 672
612 613
612 671
612 672
612 673
613 614
613 672
613 673
613 674
614 615
614 673
614 674
614 675
615 616
615 674
615 675
616 617
616 675
616 676
617 618
617 676
617 677
618 619
618 676
618 677
618 678
619 620
619 677
619 678
619 679
620 678
620 679
621 622
621 680
622 623
622 680
622 681
623 680
623 681
623 682
624 625
624 682
625 683
626 627
626 684
626 685
627 628
627 685
627 686
628 629
628 685
628 686
628 687
629 686
629 687
629 688
630 631
630 688
630 689
631 689
632 690
632 691
633 634
633 691
633 692
634 635
634 692
634 693
635 636
635 692
635 693
635 694
636 637
636 693
636 694
636 695
637 638
637 694
637 695
637 696
638 639
638 695
638 696
638 697
639 640
639 696
639 697
639 698
640 641
640 697
640 698
640 699
641 642
641 698
641 699
641 700
642 643
642 699
642 700
642 701
643 644
643 700
643 701
643 702
644 645
644 701
644 702
644 703
645 646
645 702
645 703
645 704
646 647
646 703
646 704
646 705
647 648
647 704
647 705
647 706
648 705
648 706
648 707
649 707
649 708
649 709
650 651
650 709
650 710
650 711
651 652
651 710
651 711
651 712
652 711
652 712
652 713
653 654
653 713
653 714
653 715
654 655
654 714
654 715
655 656
655 715
655 716
656 657
656 716
656 717
657 658
657 716
657 717
657 718
658 659
658 717
658 718
658 719
659 718
659 719
659 720
660 661
660 720
660 721
660 722
661 662
661 721
661 722
661 723
662 663
662 722
662 723
662 724
663 664
663 723
663 724
664 665
664 724
664 725
665 666
665 725
666 667
666 725
666 726
667 668
667 726
668 669
668 726
668 727
669 670
669 727
670 671
670 727
670 728
671 672
671 728
671 729
672 673
672 728
672 729
672 730
673 674
673 729
673 730
673 731
674 675
674 730
674 731
674 732
675 731
675 732
675 733
676 677
676 733
676 734
676 735
677 678
677 734
677 735
677 736
678 679
678 735
678 736
678 737
679 736
679 737
680 681
680 738
680 739
681 682
681 739
681 740
682 740
682 741
683 684
683 742
684 743
685 686
685 743
685 744
685 745
686 687
686 744
686 745
686 746
687 688
687 745
687 746
687 747
688 689
688 746
688 747
688 748
689 747
689 748
689 749
690 691
690 750
690 751
691 751
691 752
692 693
692 752
692 753
693 694
693 753
693 754
694 695
694 754
694 755
695 696
695 754
695 755
695 756
696 697
696 755
696 756
696 757
697 698
697 756
697 757
697 758
698 699
698 757
698 758
698 759
699 700
699 758
699 759
699 760
700 701
700 759
700 760
701 702
701 760
702 703
702 761
703 704
703 761
703 762
704 705
704 761
704 762
704 763
705 706
705 762
705 763
706 707
706 763
707 708
707 764
708 709
708 764
708 765
709 710
709 764
709 765
709 766
710 711
710 765
710 766
710 767
711 712
711 766
711 767
712 713
712 767
712 768
713 714
713 768
714 715
714 768
715 769
716 717
716 769
716 770
716 771
717 718
717 770
717 771
718 719
718 771
718 772
719 720
719 772
719 773
720 721
720 772
720 773
721 722
721 773
721 774
722 723
722 774
722 775
723 724
723 774
723 775
723 776
724 775
724 776
724 777
725 777
725 778
725 779
726 779
727 780
727 781
728 729
728 781
728 782
729 730
729 782
729 783
730 731
730 783
730 784
731 732
731 783
731 784
731 785
732 733
732 784
732 785
732 786
733 734
733 785
733 786
734 735
734 786
734 787
735 736
735 787
735 788
736 737
736 787
736 788
736 789
737 788
737 789
738 739
738 790
738 791
739 790
739 791
739 792
740 741
740 792
740 793
740 794
741 742
741 793
741 794
741 795
742 794
742 795
742 796
743 744
743 797
743 798
743 799
744 745
744 798
744 799
744 800
745 746
745 799
745 800
746 747
746 800
747 748
747 801
748 749
748 801
749 750
749 801
750 802
751 752
751 802
751 803
751 804
752 753
752 803
752 804
752 805
753 804
753 805
754 755
754 806
755 756
755 806
755 807
756 757
756 807
756 808
757 758
757 807
757 808
757 809
758 759
758 808
758 809
758 810
759 760
759 809
759 810
759 811
760 810
760 811
761 762
761 812
761 813
762 763
762 813
762 814
763 813
763 814
763 815
764 765
764 816
764 817
764 818
765 766
765 817
765 818
765 819
766 767
766 818
766 819
766 820
767 819
767 820
767 821
768 821
768 822
769 770
769 823
769 824
770 771
770 823
770 824
770 825
771 824
771 825
771 826
772 773
772 826
772 827
773 827
773 828
774 775
774 828
774 829
775 776
775 829
775 830
776 777
776 829
776 830
777 778
777 830
777 831
778 779
778 831
778 832
779 831
779 832
779 833
780 781
780 834
781 782
781 835
782 835
782 836
783 784
783 836
783 837
783 838
784 785
784 837
784 838
784 839
785 786
785 838
785 839
785 840
786 839
786 840
786 841
787 788
787 841
787 842
788 789
788 842
788 843
789 842
789 843
790 791
790 844
790 845
791 792
791 844
791 845
791 846
792 793
792 845
792 846
792 847
793 794
793 846
793 847
793 848
794 795
794 847
794 848
794 849
795 796
795 848
795 849
796 797
796 849
796 850
797 798
797 850
798 799
798 850
799 800
799 851
800 851
801 852
801 853
801 854
802 803
802 855
802 856
802 857
803 804
803 856
803 857
803 858
804 805
804 857
804 858
804 859
805 858
805 859
805 860
806 860
806 861
807 808
807 862
807 863
808 809
808 862
808 863
808 864
809 810
809 863
809 864
810 811
810 864
810 865
811 865
811 866
812 866
812 867
812 868
813 814
813 868
813 869
813 870
814 815
814 869
814 870
814 871
815 816
815 870
815 871
815 872
816 817
816 871
816 872
816 873
817 818
817 872
817 873
817 874
818 819
818 873
818 874
818 875
819 820
819 874
819 875
819 876
820 821
820 875
820 876
820 877
821 822
821 876
821 877
821 878
822 877
822 878
822 879
823 824
823 880
823 881
823 882
824 825
824 881
824 882
825 826
825 882
825 883
826 827
826 883
826 884
827 883
827 884
827 885
828 885
828 886
828 887
829 830
829 887
829 888
829 889
830 888
830 889
830 890
831 832
831 890
831 891
831 892
832 833
832 891
832 892
832 893
833 834
833 892
833 893
833 894
834 893
834 894
834 895
835 836
835 896
836 837
836 897
837 838
837 897
837 898
838 839
838 897
838 898
838 899
839 840
839 898
839 899
839 900
840 841
840 899
840 900
840 901
841 900
841 901
841 902
842 843
842 902
842 903
842 904
843 903
843 904
844 845
844 905
845 846
845 905
845 906
846 847
846 905
846 906
846 907
847 848
847 906
847 907
847 908
848 849
848 907
848 908
849 908
849 909
850 909
850 910
850 911
851 912
851 913
851 914
852 853
852 914
852 915
852 916
853 854
853 915
853 916
853 917
854 855
854 916
854 917
854 918
855 856
855 917
855 918
855 919
856 857
856 918
856 919
856 920
857 858
857 919
857 920
857 921
858 859
858 920
858 921
858 922
859 860
859 921
859 922
859 923
860 861
860 922
860 923
861 923
861 924
862 863
862 924
862 925
862 926
863 864
863 925
863 926
863 927
864 926
864 927
864 928
865 866
865 928
865 929
866 867
866 929
866 930
867 868
867 929
867 930
867 931
868 869
868 930
868 931
868 932
869 870
869 931
869 932
869 933
870 871
870 932
870 933
871 872
871 933
871 934
872 873
872 934
872 935
873 874
873 934
873 935
873 936
874 875
874 935
874 936
874 937
875 876
875 936
875 937
875 938
876 877
876 937
876 938
877 878
877 938
877 939
878 879
878 939
878 940
879 880
879 939
879 940
879 941
880 881
880 940
880 941
880 942
881 882
881 941
881 942
881 943
882 942
882 943
882 944
883 884
883 944
883 945
883 946
884 885
884 945
884 946
884 947
885 886
885 946
885 947
885 948
886 887
886 947
886 948
886 949
887 888
887 948
887 949
887 950
888 889
888 949
888 950
888 951
889 890
889 950
889 951
889 952
890 891
890 951
890 952
890 953
891 892
891 952
891 953
891 954
892 893
892 953
892 954
892 955
893 894
893 954
893 955
893 956
894 895
894 955
894 956
895 896
895 956
896 957
897 898
897 958
897 959
898 899
898 959
898 960
899 900
899 960
899 961
900 901
900 960
900 961
901 902
901 961
901 962
902 903
902 962
902 963
903 904
903 962
903 963
903 964
904 963
904 964
905 906
905 965
905 966
906 907
906 965
906 966
906 967
907 908
907 966
907 967
908 967
908 968
909 910
909 968
909 969
909 970
910 911
910 969
910 970
910 971
911 912
911 970
911 971
912 913
912 971
912 972
913 914
913 972
913 973
914 915
914 972
914 973
915 916
915 973
915 974
916 917
916 974
916 975
917 918
917 974
917 975
917 976
918 919
918 975
918 976
919 920
919 976
919 977
920 921
920 977
920 978
921 922
921 977
921 978
922 923
922 978
923 979
924 925
924 979
924 980
925 926
925 980
925 981
926 927
926 980
926 981
926 982
927 928
927 981
927 982
927 983
928 982
928 983
928 984
929 930
929 984
929 985
929 986
930 931
930 985
930 986
930 987
931 932
931 986
931 987
932 933
932 987
932 988
933 988
933 989
934 935
934 989
934 990
934 991
935 936
935 990
935 991
935 992
936 937
936 991
936 992
936 993
937 938
937 992
937 993
937 994
938 993
938 994
938 995
939 940
939 995
939 996
940 941
940 996
940 997
941 942
941 996
941 997
941 998
942 943
942 997
942 998
942 999
943 944
943 998
943 999
943 1000
944 945
944 999
944 1000
944 1001
945 946
945 1000
945 1001
945 1002
946 947
946 1001
946 1002
946 1003
947 948
947 1002
947 1003
948 949
948 1003
948 1004
949 950
949 1004
949 1005
950 951
950 1004
950 1005
950 1006
951 952
951 1005
951 1006
951 1007
952 953
952 1006
952 1007
952 1008
953 954
953 1007
953 1008
953 1009
954 955
954 1008
954 1009
955 956
955 1009
955 1010
956 1010
956 1011
957 958
957 1012
957 1013
957 1014
958 959
958 1013
958 1014
959 1014
959 1015
960 961
960 1015
960 1016
960 1017
961 1016
961 1017
961 1018
962 963
962 1018
962 1019
963 964
963 1019
963 1020
964 1020
965 966
965 1021
966 967
966 1022
967 1022
968 969
968 1023
968 1024
969 970
969 1023
969 1024
969 1025
970 971
970 1024
970 1025
970 1026
971 1025
971 1026
971 1027
972 973
972 1027
972 1028
973 1028
974 975
974 1029
974 1030
975 976
975 1029
975 1030
975 1031
976 1030
976 1031
976 1032
977 978
977 1032
977 1033
978 1033
978 1034
979 1035
979 1036
980 981
980 1036
980 1037
981 982
981 1037
982 983
982 1038
983 984
983 1038
984 985
984 1038
984 1039
985 986
985 1039
985 1040
986 987
986 1039
986 1040
986 1041
987 1040
987 1041
988 989
988 1042
988 1043
989 990
989 1042
989 1043
989 1044
990 991
990 1043
990 1044
990 1045
991 992
991 1044
991 1045
991 1046
992 993
992 1045
992 1046
992 1047
993 994
993 1046
993 1047
993 1048
994 995
994 1047
994 1048
994 1049
995 1048
995 1049
995 1050
996 997
996 1050
996 1051
996 1052
997 998
997 1051
997 1052
997 1053
998 999
998 1052
998 1053
999 1000
999 1053
1000 1001
1001 1002
1001 1054
1002 1003
1002 1054
1002 1055
1003 1054
1003 1055
1003 1056
1004 1005
1004 1056
1004 1057
1005 1006
1005 1057
1005 1058
1006 1007
1006 1057
1006 1058
1006 1059
1007 1008
1007 1058
1007 1059
1007 1060
1008 1009
1008 1059
1008 1060
1008 1061
1009 1060
1009 1061
1009 1062
1010 1011
1010 1062
1010 1063
1010 1064
1011 1012
1011 1063
1011 1064
1011 1065
1012 1013
1012 1064
1012 1065
1013 1014
1013 1065
1013 1066
1014 1066
1014 1067
1015 1016
1015 1067
1015 1068
1016 1017
1016 1068
1016 1069
1017 1018
1017 1068
1017 1069
1017 1070
1018 1019
1018 1069
1018 1070
1018 1071
1019 1070
1019 1071
1019 1072
1020 1072
1020 1073
1021 1074
1021 1075
1022 1076
1022 1077
1023 1024
1023 1078
1023 1079
1024 1025
1024 1078
1024 1079
1024 1080
1025 1026
1025 1079
1025 1080
1025 1081
1026 1027
1026 1080
1026 1081
1026 1082
1027 1028
1027 1081
1027 1082
1027 1083
1028 1082
1028 1083
1028 1084
1029 1030
1029 1085
1029 1086
1029 1087
1030 1031
1030 1086
1030 1087
1030 1088
1031 1032
1031 1087
1031 1088
1032 1033
1032 1088
1033 1089
1034 1089
1034 1090
1034 1091
1035 1036
1035 1091
1035 1092
1035 1093
1036 1037
1036 1092
1036 1093
1036 1094
1037 1093
1037 1094
1037 1095
1038 1096
1038 1097
1038 1098
1039 1040
1039 1098
1040 1041
1040 1099
1041 1099
1041 1100
1042 1043
1042 1100
1042 1101
1042 1102
1043 1044
1043 1101
1043 1102
1043 1103
1044 1045
1044 1102
1044 1103
1045 1046
1045 1103
1045 1104
1046 1047
1046 1104
1047 1048
1047 1104
1047 1105
1048 1049
1048 1105
1048 1106
1049 1050
1049 1105
1049 1106
1050 1051
1050 1106
1050 1107
1051 1052
1051 1107
1051 1108
1052 1053
1052 1107
1052 1108
1052 1109
1053 1108
1053 1109
1054 1055
1054 1111
1054 1112
1054 1113
1055 1056
1055 1112
1055 1113
1055 1114
1056 1113
1056 1114
1056 1115
1057 1058
1057 1115
1057 1116
1057 1117
1058 1059
1058 1116
1058 1117
1058 1118
1059 1060
1059 1117
1059 1118
1059 1119
1060 1061
1060 1118
1060 1119
1060 1120
1061 1062
1061 1119
1061 1120
1061 1121
1062 1063
1062 1120
1062 1121
1062 1122
1063 1064
1063 1121
1063 1122
1064 1065
1064 1122
1066 1067
1066 1123
1066 1124
1067 1123
1067 1124
1068 1069
1068 1125
1068 1126
1069 1070
1069 1125
1069 1126
1069 1127
1070 1071
1070 1126
1070 1127
1071 1072
1071 1127
1071 1128
1072 1073
1072 1128
1073 1128
1074 1075
1074 1129
1075 1076
1075 1129
1075 1130
1076 1077
1076 1130
1076 1131
1077 1130
1077 1131
1077 1132
1078 1079
1078 1132
1078 1133
1078 1134
1079 1080
1079 1133
1079 1134
1080 1081
1080 1134
1080 1135
1081 1082
1081 1135
1081 1136
1082 1083
1082 1135
1082 1136
1082 1137
1083 1084
1083 1136
1083 1137
1083 1138
1084 1085
1084 1137
1084 1138
1084 1139
1085 1086
1085 1138
1085 1139
1085 1140
1086 1087
1086 1139
1086 1140
1087 1088
1087 1140
1087 1141
1088 1141
1089 1090
1089 1142
1089 1143
1090 1091
1090 1143
1090 1144
1091 1092
1091 1143
1091 1144
1091 1145
1092 1093
1092 1144
1092 1145
1092 1146
1093 1094
1093 1145
1093 1146
1094 1095
1094 1146
1095 1096
1095 1147
1096 1097
1096 1147
1097 1098
1097 1147
1098 1148
1099 1100
1099 1149
1099 1150
1099 1151
1100 1101
1100 1150
1100 1151
1101 1102
1101 1151
1101 1152
1102 1103
1102 1152
1102 1153
1103 1152
1103 1153
1103 1154
1104 1154
1104 1155
1105 1106
1105 1155
1105 1156
1106 1156
1107 1108
1107 1157
1108 1109
1108 1157
1108 1158
1109 1158
1109 1159
1110 1111
1110 1159
1110 1160
1110 1161
1111 1112
1111 1160
1111 1161
1111 1162
1112 1113
1112 1161
1112 1162
1113 1114
1113 1162
1113 1163
1114 1115
1114 1163
1114 1164
1115 1116
1115 1163
1115 1164
1115 1165
1116 1117
1116 1164
1116 1165
1116 1166
1117 1118
1117 1165
1117 1166
1117 1167
1118 1119
1118 1166
1118 1167
1118 1168
1119 1120
1119 1167
1119 1168
1119 1169
1120 1121
1120 1168
1120 1169
1120 1170
1121 1122
1121 1169
1121 1170
1121 1171
1122 1170
1122 1171
1122 1172
1123 1124
1123 1174
1124 1174
1125 1126
1125 1175
1126 1127
1126 1175
1126 1176
1127 1175
1127 1176
1127 1177
1128 1177
1128 1178
1128 1179
1129 1180
1130 1131
1130 1180
1130 1181
1130 1182
1131 1132
1131 1181
1131 1182
1131 1183
1132 1133
1132 1182
1132 1183
1133 1134
1133 1183
1133 1184
1134 1184
1134 1185
1135 1136
1135 1185
1135 1186
1136 1137
1136 1186
1136 1187
1137 1138
1137 1187
1137 1188
1138 1139
1138 1187
1138 1188
1138 1189
1139 1140
1139 1188
1139 1189
1140 1189
1140 1190
1141 1190
1141 1191
1142 1191
1142 1192
1143 1144
1143 1192
1143 1193
1143 1194
1144 1145
1144 1193
1144 1194
1144 1195
1145 1146
1145 1194
1145 1195
1145 1196
1146 1195
1146 1196
1147 1197
1147 1198
1147 1199
1148 1149
1148 1200
1148 1201
1149 1150
1149 1201
1149 1202
1150 1151
1150 1202
1150 1203
1151 1202
1151 1203
1151 1204
1152 1153
1152 1204
1152 1205
1153 1154
1153 1205
1153 1206
1154 1205
1154 1206
1154 1207
1155 1156
1155 1207
1155 1208
1155 1209
1156 1208
1156 1209
1156 1210
1157 1211
1157 1212
1158 1159
1158 1212
1158 1213
1158 1214
1159 1160
1159 1213
1159 1214
1159 1215
1160 1161
1160 1214
1160 1215
1160 1216
1161 1162
1161 1215
1161 1216
1161 1217
1162 1216
1162 1217
1163 1164
1163 1218
1163 1219
1164 1165
1164 1218
1164 1219
1164 1220
1165 1166
1165 1219
1165 1220
1165 1221
1166 1167
1166 1220
1166 1221
1167 1168
1167 1221
1167 1222
1168 1169
1168 1222
1168 1223
1169 1170
1169 1222
1169 1223
1169 1224
1170 1171
1170 1223
1170 1224
1170 1225
1171 1172
1171 1224
1171 1225
1171 1226
1172 1173
1172 1225
1172 1226
1172 1227
1173 1226
1173 1227
1173 1228
1174 1228
1174 1229
1174 1230
1175 1176
1175 1232
1175 1233
1175 1234
1176 1177
1176 1233
1176 1234
1176 1235
1177 1178
1177 1234
1177 1235
1177 1236
1178 1179
1178 1235
1178 1236
1178 1237
1179 1236
1179 1237
1180 1181
1180 1238
1180 1239
1180 1240
1181 1182
1181 1239
1181 1240
1181 1241
1182 1183
1182 1240
1182 1241
1182 1242
1183 1241
1183 1242
1183 1243
1184 1185
1184 1243
1184 1244
1184 1245
1185 1186
1185 1244
1185 1245
1185 1246
1186 1245
1186 1246
1187 1188
1187 1247
1188 1189
1188 1247
1188 1248
1189 1247
1189 1248
1190 1249
1191 1250
1191 1251
1192 1193
1192 1251
1192 1252
1192 1253
1193 1194
1193 1252
1193 1253
1194 1195
1194 1253
1194 1254
1195 1196
1195 1254
1195 1255
1196 1254
1196 1255
1196 1256
1197 1198
1197 1256
1198 1199
1199 1200
1199 1257
1200 1201
1200 1257
1201 1257
1202 1203
1202 1258
1203 1204
1203 1258
1205 1206
1205 1259
1206 1207
1206 1259
1206 1260
1207 1208
1207 1259
1207 1260
1208 1209
1208 1260
1208 1261
1209 1210
1209 1261
1209 1262
1210 1211
1210 1261
1210 1262
1210 1263
1211 1262
1211 1263
1212 1213
1212 1264
1212 1265
1213 1214
1213 1264
1213 1265
1214 1215
1214 1265
1215 1216
1216 1217
1216 1266
1217 1266
1217 1267
1218 1219
1218 1267
1218 1268
1219 1220
1219 1268
1220 1221
1220 1269
1221 1269
1221 1270
1222 1223
1222 1270
1222 1271
1222 1272
1223 1224
1223 1271
1223 1272
1223 1273
1224 1225
1224 1272
1224 1273
1224 1274
1225 1226
1225 1273
1225 1274
1225 1275
1226 1227
1226 1274
1226 1275
1227 1228
1227 1275
1227 1276
1228 1229
1228 1276
1228 1277
1229 1230
1229 1276
1229 1277
1229 1278
1230 1231
1230 1277
1230 1278
1230 1279
1231 1232
1231 1278
1231 1279
1231 1280
1232 1233
1232 1279
1232 1280
1232 1281
1233 1234
1233 1280
1233 1281
1233 1282
1234 1235
1234 1281
1234 1282
1234 1283
1235 1236
1235 1282
1235 1283
1235 1284
1236 1237
1236 1283
1236 1284
1236 1285
1237 1284
1237 1285
1238 1239
1238 1286
1239 1240
1239 1286
1239 1287
1240 1241
1240 1287
1240 1288
1241 1242
1241 1287
1241 1288
1241 1289
1242 1243
1242 1288
1242 1289
1242 1290
1243 1244
1243 1289
1243 1290
1243 1291
1244 1245
1244 1290
1244 1291
1244 1292
1245 1246
1245 1291
1245 1292
1246 1292
1246 1293
1247 1248
1247 1294
1247 1295
1247 1296
1248 1295
1248 1296
1248 1297
1249 1297
1249 1298
1249 1299
1250 1251
1250 1299
1250 1300
1250 1301
1251 1252
1251 1300
1251 1301
1251 1302
1252 1253
1252 1301
1252 1302
1252 1303
1253 1302
1253 1303
1253 1304
1254 1255
1254 1304
1254 1305
1254 1306
1255 1256
1255 1305
1255 1306
1255 1307
1256 1306
1256 1307
1256 1308
1257 1310
1257 1311
1257 1312
1258 1313
1258 1314
1258 1315
1259 1260
1259 1317
1259 1318
1260 1317
1260 1318
1260 1319
1261 1262
1261 1319
1261 1320
1262 1263
1262 1320
1262 1321
1263 1320
1263 1321
1263 1322
1264 1265
1264 1322
1264 1323
1265 1323
1265 1324
1266 1267
1266 1326
1266 1327
1267 1268
1267 1327
1267 1328
1268 1327
1268 1328
1268 1329
1269 1270
1269 1330
1269 1331
1269 1332
1270 1271
1270 1331
1270 1332
1270 1333
1271 1272
1271 1332
1271 1333
1272 1273
1272 1333
1272 1334
1273 1274
1273 1334
1274 1275
1274 1334
1274 1335
1275 1335
1276 1277
1276 1336
1276 1337
1277 1278
1277 1336
1277 1337
1277 1338
1278 1279
1278 1337
1278 1338
1278 1339
1279 1280
1279 1338
1279 1339
1279 1340
1280 1281
1280 1339
1280 1340
1280 1341
1281 1282
1281 1340
1281 1341
1281 1342
1282 1283
1282 1341
1282 1342
1282 1343
1283 1284
1283 1342
1283 1343
1284 1285
1284 1343
1284 1344
1285 1344
1286 1345
1286 1346
1287 1288
1287 1346
1287 1347
1288 1289
1288 1347
1288 1348
1289 1290
1289 1347
1289 1348
1290 1291
1290 1348
1290 1349
1291 1292
1291 1349
1291 1350
1292 1349
1292 1350
1292 1351
1293 1294
1293 1351
1293 1352
1293 1353
1294 1295
1294 1352
1294 1353
1294 1354
1295 1296
1295 1353
1295 1354
1295 1355
1296 1297
1296 1354
1296 1355
1296 1356
1297 1298
1297 1355
1297 1356
1298 1299
1298 1356
1298 1357
1299 1300
1299 1357
1299 1358
1300 1301
1300 1357
1300 1358
1300 1359
1301 1302
1301 1358
1301 1359
1301 1360
1302 1303
1302 1359
1302 1360
1302 1361
1303 1304
1303 1360
1303 1361
1303 1362
1304 1305
1304 1361
1304 1362
1305 1306
1305 1362
1305 1363
1306 1307
1306 1363
1307 1308
1307 1363
1307 1364
1308 1309
1308 1364
1308 1365
1309 1310
1309 1364
1309 1365
1309 1366
1310 1311
1310 1365
1310 1366
1310 1367
1311 1312
1311 1366
1311 1367
1311 1368
1312 1313
1312 1367
1312 1368
1312 1369
1313 1314
1313 1368
1313 1369
1313 1370
1314 1315
1314 1369
1314 1370
1314 1371
1315 1370
1315 1371
1315 1372
1316 1372
1316 1373
1316 1374
1317 1318
1317 1374
1317 1375
1317 1376
1318 1319
1318 1375
1318 1376
1318 1377
1319 1376
1319 1377
1319 1378
1320 1321
1320 1378
1320 1379
1320 1380
1321 1322
1321 1379
1321 1380
1321 1381
1322 1323
1322 1380
1322 1381
1322 1382
1323 1381
1323 1382
1323 1383
1324 1325
1324 1383
1324 1384
1325 1326
1325 1384
1326 1385
1327 1328
1327 1385
1327 1386
1328 1329
1328 1386
1328 1387
1329 1330
1329 1387
1329 1388
1330 1331
1330 1387
1330 1388
1330 1389
1331 1332
1331 1388
1331 1389
1331 1390
1332 1333
1332 1389
1332 1390
1332 1391
1333 1390
1333 1391
1333 1392
1334 1392
1334 1393
1334 1394
1335 1394
1335 1395
1336 1337
1336 1395
1336 1396
1337 1338
1337 1396
1337 1397
1338 1339
1338 1396
1338 1397
1338 1398
1339 1340
1339 1397
1339 1398
1339 1399
1340 1341
1340 1398
1340 1399
1340 1400
1341 1342
1341 1399
1341 1400
1341 1401
1342 1343
1342 1400
1342 1401
1342 1402
1343 1401
1343 1402
1343 1403
1344 1403
1344 1404
1345 1346
1345 1405
1345 1406
1346 1405
1346 1406
1346 1407
1347 1348
1347 1407
1347 1408
1347 1409
1348 1408
1348 1409
1348 1410
1349 1350
1349 1410
1349 1411
1349 1412
1350 1351
1350 1411
1350 1412
1350 1413
1351 1352
1351 1412
1351 1413
1351 1414
1352 1353
1352 1413
1352 1414
1352 1415
1353 1354
1353 1414
1353 1415
1353 1416
1354 1355
1354 1415
1354 1416
1354 1417
1355 1356
1355 1416
1355 1417
1355 1418
1356 1417
1356 1418
1356 1419
1357 1358
1357 1419
1357 1420
1357 1421
1358 1359
1358 1420
1358 1421
1358 1422
1359 1360
1359 1421
1359 1422
1360 1361
1360 1422
1360 1423
1361 1362
1361 1423
1361 1424
1362 1423
1362 1424
1362 1425
1363 1425
1363 1426
1364 1365
1364 1427
1364 1428
1365 1366
1365 1427
1365 1428
1365 1429
1366 1367
1366 1428
1366 1429
1366 1430
1367 1368
1367 1429
1367 1430
1367 1431
1368 1369
1368 1430
1368 1431
1369 1370
1369 1431
1369 1432
1370 1371
1370 1432
1370 1433
1371 1372
1371 1432
1371 1433
1371 1434
1372 1373
1372 1433
1372 1434
1373 1374
1373 1434
1373 1435
1374 1375
1374 1435
1374 1436
1375 1376
1375 1435
1375 1436
1375 1437
1376 1377
1376 1436
1376 1437
1377 1378
1377 1437
1377 1438
1378 1379
1378 1438
1378 1439
1379 1380
1379 1438
1379 1439
1379 1440
1380 1381
1380 1439
1380 1440
1380 1441
1381 1382
1381 1440
1381 1441
1381 1442
1382 1383
1382 1441
1382 1442
1383 1384
1383 1442
1383 1443
1384 1443
1384 1444
1385 1386
1385 1445
1385 1446
1385 1447
1386 1446
1386 1447
1386 1448
1387 1388
1387 1448
1387 1449
1388 1389
1388 1449
1389 1390
1389 1449
1390 1391
1390 1450
1391 1392
1391 1450
1391 1451
1392 1393
1392 1450
1392 1451
1393 1394
1393 1451
1393 1452
1394 1452
1394 1453
1395 1453
1395 1454
1395 1455
1396 1397
1396 1455
1396 1456
1397 1398
1397 1456
1398 1399
1398 1456
1398 1457
1399 1400
1399 1457
1400 1401
1400 1457
1400 1458
1401 1402
1401 1458
1401 1459
1402 1403
1402 1458
1402 1459
1402 1460
1403 1404
1403 1459
1403 1460
1404 1460
1405 1406
1405 1461
1406 1407
1406 1461
1406 1462
1407 1408
1407 1461
1407 1462
1407 1463
1408 1409
1408 1462
1408 1463
1408 1464
1409 1410
1409 1463
1409 1464
1409 1465
1410 1411
1410 1464
1410 1465
1410 1466
1411 1412
1411 1465
1411 1466
1412 1413
1412 1466
1412 1467
1413 1414
1413 1467
1413 1468
1414 1415
1414 1467
1414 1468
1414 1469
1415 1416
1415 1468
1415 1469
1415 1470
1416 1417
1416 1469
1416 1470
1416 1471
1417 1418
1417 1470
1417 1471
1417 1472
1418 1419
1418 1471
1418 1472
1419 1420
1419 1472
1419 1473
1420 1421
1420 1473
1420 1474
1421 1422
1421 1473
1421 1474
1422 1474
1423 1424
1423 1475
1423 1476
1424 1425
1424 1475
1424 1476
1424 1477
1425 1426
1425 1476
1425 1477
1426 1477
1426 1478
1427 1428
1427 1478
1427 1479
1427 1480
1428 1429
1428 1479
1428 1480
1428 1481
1429 1430
1429 1480
1429 1481
1430 1431
1430 1481
1432 1433
1432 1482
1432 1483
1433 1434
1433 1482
1433 1483
1433 1484
1434 1483
1434 1484
1435 1436
1435 1485
1435 1486
1436 1437
1436 1485
1436 1486
1436 1487
1437 1486
1437 1487
1437 1488
1438 1439
1438 1488
1438 1489
1439 1440
1439 1489
1439 1490
1440 1441
1440 1490
1440 1491
1441 1442
1441 1490
1441 1491
1441 1492
1442 1491
1442 1492
1443 1444
1443 1493
1443 1494
1444 1445
1444 1493
1444 1494
1444 1495
1445 1446
1445 1494
1445 1495
1445 1496
1446 1447
1446 1495
1446 1496
1446 1497
1447 1448
1447 1496
1447 1497
1447 1498
1448 1497
1448 1498
1448 1499
1449 1499
1449 1500
1449 1501
1450 1451
1450 1502
1450 1503
1450 1504
1451 1503
1451 1504
1452 1453
1452 1505
1453 1454
1453 1505
1453 1506
1454 1455
1454 1505
1454 1506
1454 1507
1455 1506
1455 1507
1455 1508
1456 1508
1456 1509
1457 1509
1457 1510
1457 1511
1458 1459
1458 1511
1458 1512
1458 1513
1459 1460
1459 1512
1459 1513
1459 1514
1460 1513
1460 1514
1460 1515
1461 1462
1461 1516
1462 1463
1462 1516
1462 1517
1463 1464
1463 1516
1463 1517
1464 1465
1464 1517
1464 1518
1465 1466
1465 1518
1465 1519
1466 1518
1466 1519
1467 1468
1467 1520
1468 1469
1468 1520
1468 1521
1469 1470
1469 1521
1469 1522
1470 1471
1470 1521
1470 1522
1471 1472
1471 1522
1471 1523
1472 1523
1472 1524
1473 1474
1473 1524
1473 1525
1474 1525
1474 1526
1475 1476
1475 1527
1475 1528
1475 1529
1476 1477
1476 1528
1476 1529
1476 1530
1477 1529
1477 1530
1477 1531
1478 1479
1478 1531
1478 1532
1479 1480
1479 1532
1479 1533
1480 1481
1480 1532
1480 1533
1480 1534
1481 1533
1481 1534
1481 1535
1482 1483
1482 1536
1482 1537
1483 1484
1483 1536
1483 1537
1483 1538
1484 1537
1484 1538
1485 1486
1485 1539
1485 1540
1486 1487
1486 1539
1486 1540
1487 1488
1487 1540
1488 1489
1488 1541
1489 1541
1489 1542
1490 1491
1490 1542
1490 1543
1491 1492
1491 1543
1491 1544
1492 1543
1492 1544
1492 1545
1493 1494
1493 1545
1493 1546
1493 1547
1494 1495
1494 1546
1494 1547
1494 1548
1495 1496
1495 1547
1495 1548
1495 1549
1496 1497
1496 1548
1496 1549
1497 1498
1497 1549
1497 1550
1498 1499
1498 1550
1499 1500
1499 1550
1499 1551
1500 1501
1500 1551
1500 1552
1501 1502
1501 1551
1501 1552
1501 1553
1502 1503
1502 1552
1502 1553
1502 1554
1503 1504
1503 1553
1503 1554
1503 1555
1504 1554
1504 1555
1504 1556
1505 1506
1505 1557
1505 1558
1505 1559
1506 1507
1506 1558
1506 1559
1506 1560
1507 1508
1507 1559
1507 1560
1507 1561
1508 1560
1508 1561
1508 1562
1509 1510
1509 1562
1509 1563
1509 1564
1510 1511
1510 1563
1510 1564
1511 1512
1511 1564
1511 1565
1512 1513
1512 1565
1512 1566
1513 1514
1513 1565
1513 1566
1513 1567
1514 1515
1514 1566
1514 1567
1515 1567
1516 1517
1516 1569
1516 1570
1516 1571
1517 1570
1517 1571
1517 1572
1518 1519
1518 1572
1518 1573
1518 1574
1519 1573
1519 1574
1519 1575
1520 1575
1520 1576
1520 1577
1521 1522
1521 1577
1521 1578
1521 1579
1522 1578
1522 1579
1522 1580
1523 1524
1523 1580
1523 1581
1523 1582
1524 1525
1524 1581
1524 1582
1524 1583
1525 1582
1525 1583
1525 1584
1526 1527
1526 1584
1526 1585
1526 1586
1527 1528
1527 1585
1527 1586
1528 1529
1528 1586
1528 1587
1529 1530
1529 1587
1529 1588
1530 1531
1530 1587
1530 1588
1530 1589
1531 1588
1531 1589
1531 1590
1532 1533
1532 1590
1532 1591
1532 1592
1533 1534
1533 1591
1533 1592
1533 1593
1534 1535
1534 1592
1534 1593
1535 1593
1535 1594
1536 1537
1536 1595
1536 1596
1536 1597
1537 1538
1537 1596
1537 1597
1537 1598
1538 1597
1538 1598
1538 1599
1539 1540
1539 1599
1539 1600
1540 1600
1540 1601
1541 1542
1541 1602
1541 1603
1542 1603
1542 1604
1543 1544
1543 1604
1543 1605
1543 1606
1544 1545
1544 1605
1544 1606
1544 1607
1545 1546
1545 1606
1545 1607
1545 1608
1546 1547
1546 1607
1546 1608
1546 1609
1547 1548
1547 1608
1547 1609
1547 1610
1548 1549
1548 1609
1548 1610
1548 1611
1549 1610
1549 1611
1549 1612
1550 1612
1550 1613
1550 1614
1551 1552
1551 1614
1551 1615
1552 1553
1552 1615
1552 1616
1553 1554
1553 1616
1553 1617
1554 1555
1554 1616
1554 1617
1554 1618
1555 1556
1555 1617
1555 1618
1555 1619
1556 1557
1556 1618
1556 1619
1556 1620
1557 1558
1557 1619
1557 1620
1557 1621
1558 1559
1558 1620
1558 1621
1558 1622
1559 1560
1559 1621
1559 1622
1560 1561
1560 1622
1560 1623
1561 1562
1561 1623
1561 1624
1562 1563
1562 1623
1562 1624
1562 1625
1563 1564
1563 1624
1563 1625
1563 1626
1564 1625
1564 1626
1564 1627
1565 1566
1565 1627
1565 1628
1565 1629
1566 1567
1566 1628
1566 1629
1566 1630
1567 1629
1567 1630
1567 1631
1568 1569
1568 1632
1568 1633
1569 1570
1569 1632
1569 1633
1569 1634
1570 1571
1570 1633
1570 1634
1570 1635
1571 1572
1571 1634
1571 1635
1571 1636
1572 1573
1572 1635
1572 1636
1572 1637
1573 1574
1573 1636
1573 1637
1574 1575
1574 1637
1575 1576
1576 1577
1576 1638
1577 1578
1577 1638
1577 1639
1578 1579
1578 1638
1578 1639
1578 1640
1579 1580
1579 1639
1579 1640
1579 1641
1580 1581
1580 1640
1580 1641
1580 1642
1581 1582
1581 1641
1581 1642
1582 1583
1582 1642
1582 1643
1583 1584
1583 1643
1583 1644
1584 1585
1584 1643
1584 1644
1584 1645
1585 1586
1585 1644
1585 1645
1585 1646
1586 1645
1586 1646
1587 1588
1587 1647
1587 1648
1588 1589
1588 1647
1588 1648
1588 1649
1589 1590
1589 1648
1589 1649
1589 1650
1590 1591
1590 1649
1590 1650
1590 1651
1591 1592
1591 1650
1591 1651
1591 1652
1592 1593
1592 1651
1592 1652
1592 1653
1593 1652
1593 1653
1594 1595
1594 1654
1595 1596
1595 1654
1595 1655
1596 1597
1596 1654
1596 1655
1596 1656
1597 1598
1597 1655
1597 1656
1597 1657
1598 1599
1598 1656
1598 1657
1599 1600
1599 1657
1599 1658
1600 1658
1601 1602
1601 1659
1601 1660
1602 1603
1602 1659
1602 1660
1602 1661
1603 1660
1603 1661
1603 1662
1604 1605
1604 1662
1604 1663
1604 1664
1605 1606
1605 1663
1605 1664
1605 1665
1606 1607
1606 1664
1606 1665
1606 1666
1607 1608
1607 1665
1607 1666
1607 1667
1608 1609
1608 1666
1608 1667
1609 1610
1609 1667
1609 1668
1610 1611
1610 1668
1610 1669
1611 1612
1611 1668
1611 1669
1611 1670
1612 1613
1612 1669
1612 1670
1613 1614
1613 1670
1613 1671
1614 1615
1614 1671
1614 1672
1615 1671
1615 1672
1615 1673
1616 1617
1616 1673
1616 1674
1617 1618
1617 1674
1617 1675
1618 1619
1618 1675
1618 1676
1619 1620
1619 1675
1619 1676
1619 1677
1620 1621
1620 1676
1620 1677
1620 1678
1621 1622
1621 1677
1621 1678
1621 1679
1622 1678
1622 1679
1622 1680
1623 1624
1623 1680
1623 1681
1623 1682
1624 1625
1624 1681
1624 1682
1624 1683
1625 1626
1625 1682
1625 1683
1625 1684
1626 1627
1626 1683
1626 1684
1626 1685
1627 1628
1627 1684
1627 1685
1627 1686
1628 1629
1628 1685
1628 1686
1629 1630
1629 1686
1629 1687
1630 1631
1630 1687
1630 1688
1631 1687
1631 1688
1632 1633
1632 1689
1633 1634
1633 1689
1633 1690
1634 1635
1634 1689
1634 1690
1634 1691
1635 1636
1635 1690
1635 1691
1635 1692
1636 1637
1636 1691
1636 1692
1637 1692
1637 1693
1638 1639
1638 1695
1638 1696
1639 1640
1639 1696
1640 1641
1640 1696
1641 1642
1641 1697
1642 1697
1643 1644
1643 1698
1643 1699
1644 1645
1644 1698
1644 1699
1644 1700
1645 1646
1645 1699
1645 1700
1645 1701
1646 1700
1646 1701
1646 1702
1647 1648
1647 1702
1647 1703
1648 1649
1648 1703
1648 1704
1649 1650
1649 1704
1649 1705
1650 1651
1650 1704
1650 1705
1650 1706
1651 1652
1651 1705
1651 1706
1651 1707
1652 1653
1652 1706
1652 1707
1652 1708
1653 1707
1653 1708
1653 1709
1654 1655
1654 1710
1654 1711
1654 1712
1655 1656
1655 1711
1655 1712
1655 1713
1656 1657
1656 1712
1656 1713
1656 1714
1657 1713
1657 1714
1657 1715
1658 1715
1658 1716
1658 1717
1659 1660
1659 1717
1660 1661
1660 1718
1661 1662
1661 1718
1661 1719
1662 1663
1662 1718
1662 1719
1663 1664
1663 1719
1663 1720
1664 1665
1664 1720
1664 1721
1665 1666
1665 1720
1665 1721
1665 1722
1666 1667
1666 1721
1666 1722
1666 1723
1667 1722
1667 1723
1667 1724
1668 1669
1668 1724
1668 1725
1668 1726
1669 1670
1669 1725
1669 1726
1669 1727
1670 1726
1670 1727
1671 1672
1671 1728
1671 1729
1672 1673
1672 1728
1672 1729
1672 1730
1673 1674
1673 1729
1673 1730
1673 1731
1674 1730
1674 1731
1674 1732
1675 1676
1675 1732
1675 1733
1675 1734
1676 1677
1676 1733
1676 1734
1676 1735
1677 1678
1677 1734
1677 1735
1678 1679
1678 1735
1679 1680
1679 1736
1680 1681
1680 1736
1680 1737
1681 1682
1681 1736
1681 1737
1681 1738
1682 1683
1682 1737
1682 1738
1682 1739
1683 1684
1683 1738
1683 1739
1684 1685
1684 1739
1684 1740
1685 1686
1685 1740
1685 1741
1686 1740
1686 1741
1686 1742
1687 1688
1687 1742
1687 1743
1687 1744
1688 1743
1688 1744
1689 1690
1689 1745
1689 1746
1690 1691
1690 1746
1690 1747
1691 1692
1691 1746
1691 1747
1691 1748
1692 1747
1692 1748
1692 1749
1693 1694
1693 1749
1693 1750
1693 1751
1694 1695
1694 1750
1694 1751
1694 1752
1695 1751
1695 1752
1695 1753
1696 1753
1696 1754
1696 1755
1697 1756
1697 1757
1697 1758
1698 1699
1698 1758
1698 1759
1698 1760
1699 1700
1699 1759
1699 1760
1700 1701
1700 1760
1701 1702
1702 1703
1703 1761
1704 1705
1704 1761
1704 1762
1704 1763
1705 1706
1705 1762
1705 1763
1705 1764
1706 1707
1706 1763
1706 1764
1707 1708
1707 1764
1707 1765
1708 1709
1708 1765
1709 1710
1709 1765
1709 1766
1710 1711
1710 1766
1710 1767
1711 1712
1711 1766
1711 1767
1712 1713
1712 1767
1712 1768
1713 1714
1713 1768
1713 1769
1714 1715
1714 1768
1714 1769
1715 1716
1715 1769
1715 1770
1716 1717
1716 1770
1716 1771
1717 1770
1717 1771
1717 1772
1718 1719
1718 1773
1718 1774
1718 1775
1719 1774
1719 1775
1720 1721
1720 1776
1720 1777
1721 1722
1721 1776
1721 1777
1721 1778
1722 1723
1722 1777
1722 1778
1723 1724
1723 1778
1723 1779
1724 1725
1724 1779
1724 1780
1725 1726
1725 1779
1725 1780
1725 1781
1726 1727
1726 1780
1726 1781
1726 1782
1727 1781
1727 1782
1727 1783
1728 1729
1728 1783
1728 1784
1728 1785
1729 1730
1729 1784
1729 1785
1729 1786
1730 1731
1730 1785
1730 1786
1730 1787
1731 1732
1731 1786
1731 1787
1731 1788
1732 1733
1732 1787
1732 1788
1732 1789
1733 1734
1733 1788
1733 1789
1733 1790
1734 1735
1734 1789
1734 1790
1734 1791
1735 1790
1735 1791
1736 1737
1736 1792
1736 1793
1736 1794
1737 1738
1737 1793
1737 1794
1737 1795
1738 1739
1738 1794
1738 1795
1738 1796
1739 1795
1739 1796
1740 1741
1740 1797
1740 1798
1741 1742
1741 1797
1741 1798
1741 1799
1742 1743
1742 1798
1742 1799
1742 1800
1743 1744
1743 1799
1743 1800
1743 1801
1744 1800
1744 1801
1745 1802
1745 1803
1746 1747
1746 1803
1746 1804
1746 1805
1747 1748
1747 1804
1747 1805
1747 1806
1748 1749
1748 1805
1748 1806
1749 1750
1749 1806
1750 1751
1750 1807
1751 1752
1751 1807
1752 1753
1752 1807
1753 1754
1753 1808
1754 1755
1754 1808
1754 1809
1755 1756
1755 1808
1755 1809
1756 1757
1756 1809
1756 1810
1757 1758
1757 1810
1757 1811
1758 1759
1758 1810
1758 1811
1758 1812
1759 1760
1759 1811
1759 1812
1759 1813
1760 1812
1760 1813
1761 1762
1761 1816
1761 1817
1761 1818
1762 1763
1762 1817
1762 1818
1762 1819
1763 1764
1763 1818
1763 1819
1763 1820
1764 1819
1764 1820
1764 1821
1765 1821
1765 1822
1765 1823
1766 1767
1766 1823
1766 1824
1766 1825
1767 1824
1767 1825
1768 1769
1768 1826
1769 1826
1769 1827
1770 1771
1770 1827
1770 1828
1770 1829
1771 1772
1771 1828
1771 1829
1771 1830
1772 1773
1772 1829
1772 1830
1772 1831
1773 1774
1773 1830
1773 1831
1773 1832
1774 1775
1774 1831
1774 1832
1774 1833
1775 1832
1775 1833
1775 1834
1776 1777
1776 1834
1776 1835
1777 1778
1777 1835
1777 1836
1778 1835
1778 1836
1778 1837
1779 1780
1779 1837
1779 1838
1780 1781
1780 1838
1781 1782
1781 1838
1781 1839
1782 1783
1782 1839
1782 1840
1783 1784
1783 1839
1783 1840
1784 1785
1784 1840
1784 1841
1785 1786
1785 1841
1785 1842
1786 1787
1786 1841
1786 1842
1786 1843
1787 1788
1787 1842
1787 1843
1788 1789
1788 1843
1789 1790
1789 1844
1790 1791
1790 1844
1790 1845
1791 1844
1791 1845
1791 1846
1792 1793
1792 1846
1792 1847
1792 1848
1793 1794
1793 1847
1793 1848
1794 1795
1794 1848
1795 1796
1795 1849
1796 1849
1796 1850
1797 1798
1797 1850
1797 1851
1798 1799
1798 1851
1798 1852
1799 1800
1799 1851
1799 1852
1799 1853
1800 1801
1800 1852
1800 1853
1801 1853
1802 1803
1802 1854
1803 1804
1803 1854
1803 1855
1804 1805
1804 1855
1804 1856
1805 1806
1805 1855
1805 1856
1805 1857
1806 1856
1806 1857
1806 1858
1807 1859
1807 1860
1807 1861
1808 1809
1808 1862
1808 1863
1809 1862
1809 1863
1810 1811
1810 1864
1811 1812
1811 1864
1811 1865
1812 1813
1812 1864
1812 1865
1812 1866
1813 1865
1813 1866
1813 1867
1814 1815
1814 1867
1814 1868
1815 1816
1815 1868
1816 1817
1816 1868
1816 1869
1817 1818
1817 1869
1817 1870
1818 1819
1818 1869
1818 1870
1819 1820
1819 1870
1819 1871
1820 1821
1820 1871
1821 1822
1821 1871
1822 1823
1822 1872
1823 1824
1823 1872
1823 1873
1824 1825
1824 1872
1824 1873
1824 1874
1825 1873
1825 1874
1825 1875
1826 1827
1826 1876
1826 1877
1826 1878
1827 1828
1827 1877
1827 1878
1827 1879
1828 1829
1828 1878
1828 1879
1829 1830
1829 1879
1829 1880
1830 1831
1830 1880
1830 1881
1831 1832
1831 1880
1831 1881
1831 1882
1832 1833
1832 1881
1832 1882
1832 1883
1833 1834
1833 1882
1833 1883
1833 1884
1834 1883
1834 1884
1834 1885
1835 1836
1835 1885
1835 1886
1835 1887
1836 1837
1836 1886
1836 1887
1836 1888
1837 1887
1837 1888
1837 1889
1838 1889
1838 1890
1839 1840
1839 1890
1839 1891
1839 1892
1840 1891
1840 1892
1841 1842
1841 1893
1841 1894
1842 1843
1842 1893
1842 1894
1842 1895
1843 1894
1843 1895
1843 1896
1844 1845
1844 1897
1844 1898
1845 1846
1845 1898
1845 1899
1846 1847
1846 1899
1846 1900
1847 1848
1847 1899
1847 1900
1847 1901
1848 1900
1848 1901
1848 1902
1849 1850
1849 1903
1849 1904
1850 1903
1850 1904
1850 1905
1851 1852
1851 1905
1851 1906
1851 1907
1852 1853
1852 1906
1852 1907
1852 1908
1853 1907
1853 1908
1853 1909
1854 1910
1854 1911
1855 1856
1855 1911
1855 1912
1856 1857
1856 1912
1856 1913
1857 1858
1857 1913
1858 1859
1858 1913
1858 1914
1859 1860
1859 1914
1859 1915
1860 1861
1860 1914
1860 1915
1860 1916
1861 1915
1861 1916
1861 1917
1862 1863
1862 1917
1862 1918
1863 1918
1863 1919
1864 1865
1864 1920
1864 1921
1865 1866
1865 1921
1865 1922
1866 1867
1866 1921
1866 1922
1867 1922
1867 1923
1868 1923
1868 1924
1868 1925
1869 1870
1869 1925
1869 1926
1870 1926
1870 1927
1871 1927
1871 1928
1871 1929
1872 1873
1872 1930
1872 1931
1872 1932
1873 1874
1873 1931
1873 1932
1873 1933
1874 1875
1874 1932
1874 1933
1874 1934
1875 1876
1875 1933
1875 1934
1875 1935
1876 1877
1876 1934
1876 1935
1877 1878
1877 1935
1877 1936
1878 1879
1878 1936
1878 1937
1879 1936
1879 1937
1879 1938
1880 1881
1880 1938
1880 1939
1880 1940
1881 1882
1881 1939
1881 1940
1881 1941
1882 1883
1882 1940
1882 1941
1882 1942
1883 1884
1883 1941
1883 1942
1883 1943
1884 1885
1884 1942
1884 1943
1884 1944
1885 1886
1885 1943
1885 1944
1885 1945
1886 1887
1886 1944
1886 1945
1886 1946
1887 1888
1887 1945
1887 1946
1887 1947
1888 1889
1888 1946
1888 1947
1888 1948
1889 1947
1889 1948
1889 1949
1890 1891
1890 1949
1890 1950
1890 1951
1891 1892
1891 1950
1891 1951
1892 1951
1892 1952
1893 1894
1893 1952
1893 1953
1893 1954
1894 1895
1894 1953
1894 1954
1894 1955
1895 1896
1895 1954
1895 1955
1896 1897
1896 1955
1896 1956
1897 1898
1897 1956
1898 1956
1899 1900
1899 1957
1899 1958
1900 1901
1900 1957
1900 1958
1900 1959
1901 1902
1901 1958
1901 1959
1901 1960
1902 1959
1902 1960
1903 1904
1903 1961
1903 1962
1904 1905
1904 1961
1904 1962
1904 1963
1905 1906
1905 1962
1905 1963
1905 1964
1906 1907
1906 1963
1906 1964
1906 1965
1907 1908
1907 1964
1907 1965
1907 1966
1908 1909
1908 1965
1908 1966
1908 1967
1909 1966
1909 1967
1910 1911
1910 1968
1910 1969
1911 1912
1911 1968
1911 1969
1911 1970
1912 1969
1912 1970
1913 1971
1913 1972
1914 1915
1914 1972
1914 1973
1914 1974
1915 1916
1915 1973
1915 1974
1916 1917
1916 1974
1916 1975
1917 1918
1917 1975
1917 1976
1918 1975
1918 1976
1918 1977
1919 1920
1919 1977
1919 1978
1919 1979
1920 1978
1920 1979
1920 1980
1921 1922
1921 1980
1921 1981
1922 1981
1922 1982
1923 1924
1923 1982
1923 1983
1923 1984
1924 1925
1924 1983
1924 1984
1924 1985
1925 1984
1925 1985
1925 1986
1926 1927
1926 1986
1926 1987
1926 1988
1927 1928
1927 1987
1927 1988
1927 1989
1928 1929
1928 1988
1928 1989
1929 1930
1929 1989
1930 1931
1930 1990
1931 1932
1931 1990
1932 1933
1932 1990
1932 1991
1933 1934
1933 1991
1933 1992
1934 1935
1934 1991
1934 1992
1934 1993
1935 1992
1935 1993
1935 1994
1936 1937
1936 1994
1936 1995
1936 1996
1937 1938
1937 1995
1937 1996
1937 1997
1938 1939
1938 1996
1938 1997
1938 1998
1939 1940
1939 1997
1939 1998
1939 1999
1940 1941
1940 1998
1940 1999
1940 2000
1941 1942
1941 1999
1941 2000
1941 2001
1942 1943
1942 2000
1942 2001
1942 2002
1943 1944
1943 2001
1943 2002
1944 1945
1944 2002
1944 2003
1945 1946
1945 2003
1945 2004
1946 1947
1946 2003
1946 2004
1946 2005
1947 1948
1947 2004
1947 2005
1948 1949
1948 2005
1948 2006
1949 1950
1949 2006
1949 2007
1950 1951
1950 2006
1950 2007
1950 2008
1951 2007
1951 2008
1951 2009
1952 1953
1952 2009
1952 2010
1952 2011
1953 1954
1953 2010
1953 2011
1953 2012
1954 1955
1954 2011
1954 2012
1954 2013
1955 2012
1955 2013
1955 2014
1956 2014
1956 2015
1957 1958
1957 2016
1957 2017
1958 1959
1958 2016
1958 2017
1958 2018
1959 1960
1959 2017
1959 2018
1959 2019
1960 2018
1960 2019
1960 2020
1961 1962
1961 2020
1961 2021
1961 2022
1962 1963
1962 2021
1962 2022
1963 1964
1963 2022
1964 1965
1964 2023
1965 1966
1965 2023
1965 2024
1966 1967
1966 2023
1966 2024
1966 2025
1967 2024
1967 2025
1968 1969
1968 2026
1969 1970
1969 2026
1970 2026
1971 1972
1971 2027
1971 2028
1972 1973
1972 2027
1972 2028
1973 1974
1973 2028
1973 2029
1974 2029
1975 1976
1976 1977
1976 2030
1977 1978
1977 2030
1978 1979
1978 2030
1978 2031
1979 1980
1979 2031
1979 2032
1980 2031
1980 2032
1980 2033
1981 1982
1981 2033
1981 2034
1981 2035
1982 1983
1982 2034
1982 2035
1983 1984
1983 2035
1983 2036
1984 1985
1984 2036
1985 1986
1985 2036
1985 2037
1986 1987
1986 2037
1986 2038
1987 1988
1987 2037
1987 2038
1987 2039
1988 1989
1988 2038
1988 2039
1988 2040
1989 2039
1989 2040
1989 2041
1990 2042
1990 2043
1990 2044
1991 1992
1991 2044
1991 2045
1991 2046
1992 1993
1992 2045
1992 2046
1992 2047
1993 1994
1993 2046
1993 2047
1993 2048
1994 1995
1994 2047
1994 2048
1994 2049
1995 1996
1995 2048
1995 2049
1995 2050
1996 1997
1996 2049
1996 2050
1996 2051
1997 1998
1997 2050
1997 2051
1997 2052
1998 1999
1998 2051
1998 2052
1999 2000
1999 2052
2000 2001
2000 2053
2001 2002
2001 2053
2001 2054
2002 2053
2002 2054
2002 2055
2003 2004
2003 2055
2004 2005
2004 2056
2005 2056
2005 2057
2006 2007
2006 2057
2006 2058
2006 2059
2007 2008
2007 2058
2007 2059
2008 2009
2008 2059
2008 2060
2009 2010
2009 2060
2009 2061
2010 2011
2010 2060
2010 2061
2010 2062
2011 2012
2011 2061
2011 2062
2011 2063
2012 2013
2012 2062
2012 2063
2012 2064
2013 2014
2013 2063
2013 2064
2013 2065
2014 2064
2014 2065
2014 2066
2015 2066
2015 2067
2016 2017
2016 2067
2016 2068
2016 2069
2017 2018
2017 2068
2017 2069
2017 2070
2018 2019
2018 2069
2018 2070
2018 2071
2019 2020
2019 2070
2019 2071
2019 2072
2020 2021
2020 2071
2020 2072
2021 2022
2021 2072
2021 2073
2022 2073
2022 2074
2023 2024
2023 2075
2023 2076
2024 2025
2024 2075
2024 2076
2024 2077
2025 2076
2025 2077
2026 2078
2026 2079
2027 2028
2027 2080
2027 2081
2028 2081
2029 2082
2030 2084
2030 2085
2030 2086
2031 2032
2031 2086
2031 2087
2032 2033
2032 2087
2032 2088
2033 2034
2033 2087
2033 2088
2033 2089
2034 2035
2034 2088
2034 2089
2034 2090
2035 2089
2035 2090
2035 2091
2036 2091
2036 2092
2037 2038
2037 2092
2037 2093
2038 2039
2038 2093
2038 2094
2039 2040
2039 2093
2039 2094
2039 2095
2040 2041
2040 2094
2040 2095
2040 2096
2041 2042
2041 2095
2041 2096
2041 2097
2042 2043
2042 2096
2042 2097
2042 2098
2043 2044
2043 2097
2043 2098
2043 2099
2044 2045
2044 2098
2044 2099
2044 2100
2045 2046
2045 2099
2045 2100
2045 2101
2046 2047
2046 2100
2046 2101
2046 2102
2047 2048
2047 2101
2047 2102
2047 2103
2048 2049
2048 2102
2048 2103
2048 2104
2049 2050
2049 2103
2049 2104
2049 2105
2050 2051
2050 2104
2050 2105
2050 2106
2051 2052
2051 2105
2051 2106
2051 2107
2052 2106
2052 2107
2052 2108
2053 2054
2053 2109
2053 2110
2054 2055
2054 2110
2054 2111
2055 2111
2055 2112
2056 2057
2056 2113
2056 2114
2056 2115
2057 2058
2057 2114
2057 2115
2057 2116
2058 2059
2058 2115
2058 2116
2059 2116
2059 2117
2060 2061
2060 2117
2060 2118
2060 2119
2061 2062
2061 2118
2061 2119
2062 2063
2062 2119
2062 2120
2063 2064
2063 2120
2063 2121
2064 2065
2064 2120
2064 2121
2064 2122
2065 2066
2065 2121
2065 2122
2066 2122
2066 2123
2067 2068
2067 2123
2067 2124
2067 2125
2068 2069
2068 2124
2068 2125
2069 2070
2069 2125
2069 2126
2070 2071
2070 2126
2070 2127
2071 2072
2071 2126
2071 2127
2071 2128
2072 2127
2072 2128
2073 2074
2073 2129
2074 2129
2074 2130
2075 2076
2075 2130
2075 2131
2076 2077
2076 2131
2077 2131
2078 2079
2078 2132
2078 2133
2079 2080
2079 2132
2079 2133
2079 2134
2080 2133
2080 2134
2080 2135
2081 2135
2081 2136
2081 2137
2082 2083
2082 2138
2082 2139
2083 2084
2083 2139
2083 2140
2084 2085
2084 2139
2084 2140
2084 2141
2085 2086
2085 2140
2085 2141
2086 2141
2086 2142
2087 2088
2087 2142
2087 2143
2087 2144
2088 2089
2088 2143
2088 2144
2088 2145
2089 2090
2089 2144
2089 2145
2089 2146
2090 2091
2090 2145
2090 2146
2090 2147
2091 2146
2091 2147
2091 2148
2092 2148
2092 2149
2093 2094
2093 2150
2093 2151
2094 2095
2094 2150
2094 2151
2094 2152
2095 2096
2095 2151
2095 2152
2095 2153
2096 2097
2096 2152
2096 2153
2096 2154
2097 2098
2097 2153
2097 2154
2098 2099
2098 2154
2098 2155
2099 2100
2099 2155
2099 2156
2100 2101
2100 2155
2100 2156
2100 2157
2101 2102
2101 2156
2101 2157
2102 2103
2102 2157
2103 2104
2104 2105
2104 2158
2105 2106
2105 2158
2105 2159
2106 2107
2106 2158
2106 2159
2106 2160
2107 2108
2107 2159
2107 2160
2108 2109
2108 2160
2108 2161
2109 2110
2109 2161
2109 2162
2110 2161
2110 2162
2110 2163
2111 2112
2111 2163
2111 2164
2112 2113
2112 2164
2112 2165
2113 2114
2113 2164
2113 2165
2113 2166
2114 2115
2114 2165
2114 2166
2114 2167
2115 2116
2115 2166
2115 2167
2115 2168
2116 2167
2116 2168
2116 2169
2117 2118
2117 2169
2117 2170
2118 2119
2118 2170
2119 2170
2119 2171
2120 2121
2120 2171
2120 2172
2120 2173
2121 2122
2121 2172
2121 2173
2121 2174
2122 2173
2122 2174
2122 2175
2123 2124
2123 2175
2123 2176
2123 2177
2124 2125
2124 2176
2124 2177
2124 2178
2125 2177
2125 2178
2125 2179
2126 2127
2126 2179
2126 2180
2126 2181
2127 2128
2127 2180
2127 2181
2127 2182
2128 2181
2128 2182
2128 2183
2129 2130
2129 2184
2129 2185
2130 2185
2130 2186
2131 2186
2131 2187
2131 2188
2132 2133
2132 2189
2132 2190
2133 2134
2133 2190
2133 2191
2134 2135
2134 2191
2134 2192
2135 2136
2135 2191
2135 2192
2136 2137
2136 2192
2136 2193
2137 2138
2137 2193
2138 2193
2138 2194
2139 2140
2139 2194
2139 2195
2139 2196
2140 2141
2140 2195
2140 2196
2140 2197
2141 2196
2141 2197
2141 2198
2142 2143
2142 2198
2142 2199
2143 2144
2143 2199
2143 2200
2144 2145
2144 2200
2144 2201
2145 2146
2145 2200
2145 2201
2145 2202
2146 2147
2146 2201
2146 2202
2146 2203
2147 2148
2147 2202
2147 2203
2148 2149
2148 2203
2148 2204
2149 2204
2149 2205
2150 2151
2150 2205
2150 2206
2150 2207
2151 2152
2151 2206
2151 2207
2152 2153
2152 2207
2152 2208
2153 2154
2153 2208
2153 2209
2154 2208
2154 2209
2154 2210
2155 2156
2155 2210
2155 2211
2155 2212
2156 2157
2156 2211
2156 2212
2157 2212
2157 2213
2158 2159
2158 2215
2158 2216
2158 2217
2159 2160
2159 2216
2159 2217
2159 2218
2160 2217
2160 2218
2160 2219
2161 2162
2161 2219
2161 2220
2162 2163
2162 2220
2162 2221
2163 2221
2163 2222
2164 2165
2164 2222
2164 2223
2165 2166
2165 2223
2165 2224
2166 2167
2166 2224
2166 2225
2167 2168
2167 2224
2167 2225
2167 2226
2168 2169
2168 2225
2168 2226
2168 2227
2169 2226
2169 2227
2169 2228
2170 2228
2170 2229
2171 2172
2171 2230
2172 2173
2172 2230
2172 2231
2173 2174
2173 2231
2174 2175
2174 2231
2174 2232
2175 2176
2175 2232
2175 2233
2176 2177
2176 2232
2176 2233
2176 2234
2177 2178
2177 2233
2177 2234
2177 2235
2178 2179
2178 2234
2178 2235
2178 2236
2179 2180
2179 2235
2179 2236
2179 2237
2180 2181
2180 2236
2180 2237
2180 2238
2181 2182
2181 2237
2181 2238
2181 2239
2182 2183
2182 2238
2182 2239
2182 2240
2183 2184
2183 2239
2183 2240
2183 2241
2184 2240
2184 2241
2184 2242
2185 2186
2185 2242
2185 2243
2185 2244
2186 2187
2186 2243
2186 2244
2186 2245
2187 2188
2187 2244
2187 2245
2187 2246
2188 2245
2188 2246
2189 2190
2189 2247
2189 2248
2190 2247
2190 2248
2190 2249
2191 2192
2191 2249
2191 2250
2192 2250
2192 2251
2193 2251
2193 2252
2193 2253
2194 2195
2194 2253
2194 2254
2194 2255
2195 2196
2195 2254
2195 2255
2195 2256
2196 2197
2196 2255
2196 2256
2196 2257
2197 2198
2197 2256
2197 2257
2197 2258
2198 2199
2198 2257
2198 2258
2199 2258
2199 2259
2200 2201
2200 2259
2200 2260
2201 2202
2201 2260
2202 2203
2202 2260
2202 2261
2203 2261
2203 2262
2204 2205
2204 2262
2204 2263
2204 2264
2205 2206
2205 2263
2205 2264
2205 2265
2206 2207
2206 2264
2206 2265
2207 2265
2207 2266
2208 2209
2208 2266
2208 2267
2209 2210
2209 2267
2209 2268
2210 2211
2210 2268
2210 2269
2211 2212
2211 2268
2211 2269
2211 2270
2212 2269
2212 2270
2212 2271
2213 2214
2213 2271
2213 2272
2213 2273
2214 2215
2214 2272
2214 2273
2214 2274
2215 2216
2215 2273
2215 2274
2216 2217
2216 2274
2216 2275
2217 2218
2217 2275
2217 2276
2218 2219
2218 2275
2218 2276
2218 2277
2219 2220
2219 2276
2219 2277
2219 2278
2220 2277
2220 2278
2220 2279
2221 2222
2221 2279
2221 2280
2221 2281
2222 2223
2222 2280
2222 2281
2222 2282
2223 2281
2223 2282
2224 2225
2224 2283
2225 2226
2225 2283
2225 2284
2226 2227
2226 2284
2226 2285
2227 2228
2227 2284
2227 2285
2228 2229
2228 2285
2228 2286
2229 2286
2229 2287
2230 2287
2230 2288
2232 2233
2232 2289
2232 2290
2233 2234
2233 2289
2233 2290
2233 2291
2234 2235
2234 2290
2234 2291
2234 2292
2235 2236
2235 2291
2235 2292
2235 2293
2236 2237
2236 2292
2236 2293
2236 2294
2237 2238
2237 2293
2237 2294
2237 2295
2238 2239
2238 2294
2238 2295
2238 2296
2239 2240
2239 2295
2239 2296
2239 2297
2240 2241
2240 2296
2240 2297
2240 2298
2241 2242
2241 2297
2241 2298
2241 2299
2242 2243
2242 2298
2242 2299
2242 2300
2243 2244
2243 2299
2243 2300
2243 2301
2244 2245
2244 2300
2244 2301
2244 2302
2245 2246
2245 2301
2245 2302
2245 2303
2246 2302
2246 2303
2247 2248
2247 2304
2247 2305
2248 2249
2248 2304
2248 2305
2248 2306
2249 2305
2249 2306
2249 2307
2250 2251
2250 2307
2250 2308
2250 2309
2251 2252
2251 2308
2251 2309
2251 2310
2252 2253
2252 2309
2252 2310
2253 2254
2253 2310
2253 2311
2254 2255
2254 2311
2254 2312
2255 2256
2255 2311
2255 2312
2255 2313
2256 2257
2256 2312
2256 2313
2256 2314
2257 2258
2257 2313
2257 2314
2257 2315
2258 2314
2258 2315
2258 2316
2259 2316
2259 2317
2259 2318
2260 2318
2260 2319
2260 2320
2261 2262
2261 2320
2261 2321
2261 2322
2262 2263
2262 2321
2262 2322
2262 2323
2263 2264
2263 2322
2263 2323
2263 2324
2264 2265
2264 2323
2264 2324
2264 2325
2265 2324
2265 2325
2266 2267
2266 2326
2267 2326
2267 2327
2268 2269
2268 2327
2268 2328
2268 2329
2269 2270
2269 2328
2269 2329
2269 2330
2270 2271
2270 2329
2270 2330
2270 2331
2271 2272
2271 2330
2271 2331
2271 2332
2272 2273
2272 2331
2272 2332
2272 2333
2273 2274
2273 2332
2273 2333
2273 2334
2274 2333
2274 2334
2274 2335
2275 2276
2275 2335
2275 2336
2276 2277
2276 2336
2276 2337
2277 2278
2277 2337
2277 2338
2278 2279
2278 2337
2278 2338
2278 2339
2279 2280
2279 2338
2279 2339
2279 2340
2280 2281
2280 2339
2280 2340
2280 2341
2281 2282
2281 2340
2281 2341
2281 2342
2282 2341
2282 2342
2282 2343
2283 2343
2283 2344
2283 2345
2284 2285
2284 2345
2284 2346
2284 2347
2285 2346
2285 2347
2285 2348
2286 2287
2286 2348
2286 2349
2286 2350
2287 2288
2287 2349
2287 2350
2288 2350
2288 2351
2289 2290
2289 2353
2289 2354
2289 2355
2290 2291
2290 2354
2290 2355
2290 2356
2291 2292
2291 2355
2291 2356
2291 2357
2292 2293
2292 2356
2292 2357
2292 2358
2293 2294
2293 2357
2293 2358
2293 2359
2294 2295
2294 2358
2294 2359
2294 2360
2295 2296
2295 2359
2295 2360
2296 2297
2296 2360
2296 2361
2297 2298
2297 2361
2297 2362
2298 2299
2298 2361
2298 2362
2298 2363
2299 2300
2299 2362
2299 2363
2299 2364
2300 2301
2300 2363
2300 2364
2300 2365
2301 2302
2301 2364
2301 2365
2302 2303
2302 2365
2302 2366
2303 2366
2304 2305
2304 2367
2304 2368
2305 2306
2305 2367
2305 2368
2305 2369
2306 2307
2306 2368
2306 2369
2306 2370
2307 2308
2307 2369
2307 2370
2307 2371
2308 2309
2308 2370
2308 2371
2308 2372
2309 2310
2309 2371
2309 2372
2310 2372
2311 2312
2311 2373
2311 2374
2312 2313
2312 2373
2312 2374
2312 2375
2313 2314
2313 2374
2313 2375
2314 2315
2314 2375
2314 2376
2315 2316
2315 2376
2316 2317
2316 2376
2316 2377
2317 2318
2317 2377
2318 2319
2318 2377
2318 2378
2319 2320
2319 2378
2319 2379
2320 2321
2320 2378
2320 2379
2320 2380
2321 2322
2321 2379
2321 2380
2321 2381
2322 2323
2322 2380
2322 2381
2323 2324
2323 2381
2324 2325
2324 2382
2325 2382
2325 2383
2326 2327
2326 2384
2326 2385
2326 2386
2327 2328
2327 2385
2327 2386
2328 2329
2328 2386
2329 2330
2329 2387
2330 2331
2330 2387
2330 2388
2331 2332
2331 2387
2331 2388
2331 2389
2332 2333
2332 2388
2332 2389
2332 2390
2333 2334
2333 2389
2333 2390
2333 2391
2334 2335
2334 2390
2334 2391
2335 2336
2335 2391
2335 2392
2336 2392
2336 2393
2337 2338
2337 2393
2337 2394
2338 2339
2338 2394
2338 2395
2339 2340
2339 2394
2339 2395
2339 2396
2340 2341
2340 2395
2340 2396
2340 2397
2341 2342
2341 2396
2341 2397
2341 2398
2342 2343
2342 2397
2342 2398
2343 2344
2343 2398
2343 2399
2344 2345
2344 2399
2344 2400
2345 2346
2345 2399
2345 2400
2345 2401
2346 2347
2346 2400
2346 2401
2346 2402
2347 2348
2347 2401
2347 2402
2347 2403
2348 2349
2348 2402
2348 2403
2348 2404
2349 2350
2349 2403
2349 2404
2349 2405
2350 2404
2350 2405
2350 2406
2351 2352
2351 2406
2351 2407
2351 2408
2352 2353
2352 2407
2352 2408
2352 2409
2353 2354
2353 2408
2353 2409
2354 2355
2354 2409
2355 2356
2355 2410
2356 2357
2356 2410
2356 2411
2357 2358
2357 2410
2357 2411
2357 2412
2358 2359
2358 2411
2358 2412
2358 2413
2359 2360
2359 2412
2359 2413
2359 2414
2360 2413
2360 2414
2360 2415
2361 2362
2361 2415
2361 2416
2362 2363
2362 2416
2362 2417
2363 2364
2363 2416
2363 2417
2364 2365
2364 2417
2364 2418
2365 2418
2365 2419
2366 2419
2366 2420
2367 2368
2367 2421
2367 2422
2368 2369
2368 2421
2368 2422
2369 2370
2369 2422
2369 2423
2370 2371
2370 2423
2370 2424
2371 2372
2371 2423
2371 2424
2371 2425
2372 2424
2372 2425
2373 2374
2373 2426
2373 2427
2373 2428
2374 2375
2374 2427
2374 2428
2374 2429
2375 2428
2375 2429
2376 2430
2376 2431
2377 2431
2377 2432
2377 2433
2378 2379
2378 2433
2378 2434
2378 2435
2379 2380
2379 2434
2379 2435
2379 2436
2380 2381
2380 2435
2380 2436
2380 2437
2381 2436
2381 2437
2381 2438
2382 2383
2382 2439
2382 2440
2382 2441
2383 2384
2383 2440
2383 2441
2383 2442
2384 2385
2384 2441
2384 2442
2384 2443
2385 2386
2385 2442
2385 2443
2385 2444
2386 2443
2386 2444
2386 2445
2387 2388
2387 2446
2387 2447
2388 2389
2388 2446
2388 2447
2389 2390
2389 2447
2389 2448
2390 2391
2390 2448
2390 2449
2391 2448
2391 2449
2392 2393
2392 2450
2392 2451
2393 2450
2393 2451
2393 2452
2394 2395
2394 2452
2394 2453
2394 2454
2395 2396
2395 2453
2395 2454
2395 2455
2396 2397
2396 2454
2396 2455
2396 2456
2397 2398
2397 2455
2397 2456
2398 2456
2398 2457
2399 2400
2399 2457
2399 2458
2399 2459
2400 2401
2400 2458
2400 2459
2400 2460
2401 2402
2401 2459
2401 2460
2401 2461
2402 2403
2402 2460
2402 2461
2402 2462
2403 2404
2403 2461
2403 2462
2403 2463
2404 2405
2404 2462
2404 2463
2404 2464
2405 2406
2405 2463
2405 2464
2405 2465
2406 2407
2406 2464
2406 2465
2407 2408
2407 2465
2407 2466
2408 2409
2408 2466
2408 2467
2409 2466
2409 2467
2409 2468
2410 2411
2410 2469
2410 2470
2410 2471
2411 2412
2411 2470
2411 2471
2412 2413
2412 2471
2413 2414
2413 2472
2414 2415
2414 2472
2415 2472
2415 2473
2416 2417
2416 2473
2416 2474
2416 2475
2417 2474
2417 2475
2417 2476
2418 2419
2418 2476
2418 2477
2418 2478
2419 2420
2419 2477
2419 2478
2419 2479
2420 2478
2420 2479
2421 2422
2421 2480
2422 2480
2422 2481
2423 2424
2423 2481
2423 2482
2423 2483
2424 2425
2424 2482
2424 2483
2425 2483
2425 2484
2426 2427
2426 2484
2426 2485
2427 2428
2427 2485
2427 2486
2428 2429
2428 2486
2428 2487
2429 2486
2429 2487
2429 2488
2430 2431
2430 2488
2430 2489
2430 2490
2431 2432
2431 2489
2431 2490
2432 2433
2432 2490
2433 2434
2433 2491
2434 2435
2434 2491
2434 2492
2435 2436
2435 2491
2435 2492
2435 2493
2436 2437
2436 2492
2436 2493
2436 2494
2437 2438
2437 2493
2437 2494
2437 2495
2438 2439
2438 2494
2438 2495
2438 2496
2439 2440
2439 2495
2439 2496
2439 2497
2440 2441
2440 2496
2440 2497
2440 2498
2441 2442
2441 2497
2441 2498
2441 2499
2442 2443
2442 2498
2442 2499
2442 2500
2443 2444
2443 2499
2443 2500
2443 2501
2444 2445
2444 2500
2444 2501
2444 2502
2445 2501
2445 2502
2445 2503
2446 2447
2446 2503
2446 2504
2447 2504
2447 2505
2448 2449
2448 2505
2448 2506
2448 2507
2449 2506
2449 2507
2450 2451
2450 2508
2450 2509
2451 2452
2451 2508
2451 2509
2451 2510
2452 2453
2452 2509
2452 2510
2452 2511
2453 2454
2453 2510
2453 2511
2454 2455
2454 2511
2455 2456
2455 2512
2456 2512
2456 2513
2457 2458
2457 2513
2457 2514
2457 2515
2458 2459
2458 2514
2458 2515
2458 2516
2459 2460
2459 2515
2459 2516
2459 2517
2460 2461
2460 2516
2460 2517
2460 2518
2461 2462
2461 2517
2461 2518
2462 2463
2462 2518
2462 2519
2463 2464
2463 2519
2463 2520
2464 2465
2464 2519
2464 2520
2464 2521
2465 2520
2465 2521
2465 2522
2466 2467
2466 2522
2467 2468
2467 2523
2468 2469
2468 2523
2468 2524
2469 2470
2469 2523
2469 2524
2469 2525
2470 2471
2470 2524
2470 2525
2471 2525
2471 2526
2472 2527
2472 2528
2473 2474
2473 2529
2473 2530
2474 2475
2474 2529
2474 2530
2474 2531
2475 2476
2475 2530
2475 2531
2476 2477
2476 2531
2477 2478
2477 2532
2478 2479
2478 2532
2478 2533
2479 2532
2479 2533
2480 2534
2480 2535
2481 2482
2481 2535
2481 2536
2481 2537
2482 2483
2482 2536
2482 2537
2482 2538
2483 2537
2483 2538
2483 2539
2484 2485
2484 2539
2484 2540
2484 2541
2485 2540
2485 2541
2486 2487
2486 2542
2487 2488
2487 2542
2488 2489
2488 2542
2488 2543
2489 2490
2489 2543
2489 2544
2490 2543
2490 2544
2490 2545
2491 2492
2491 2546
2491 2547
2491 2548
2492 2493
2492 2547
2492 2548
2492 2549
2493 2494
2493 2548
2493 2549
2493 2550
2494 2495
2494 2549
2494 2550
2495 2496
2495 2550
2495 2551
2496 2497
2496 2551
2497 2498
2497 2551
2498 2499
2498 2552
2499 2500
2499 2552
2500 2501
2500 2552
2500 2553
2501 2502
2501 2553
2502 2503
2502 2553
2503 2554
2504 2505
2504 2554
2504 2555
2504 2556
2505 2506
2505 2555
2505 2556
2505 2557
2506 2507
2506 2556
2506 2557
2506 2558
2507 2557
2507 2558
2507 2559
2508 2509
2508 2559
2508 2560
2508 2561
2509 2510
2509 2560
2509 2561
2509 2562
2510 2511
2510 2561
2510 2562
2510 2563
2511 2562
2511 2563
2511 2564
2512 2513
2512 2565
2512 2566
2512 2567
2513 2514
2513 2566
2513 2567
2514 2515
2514 2567
2515 2516
2515 2568
2516 2517
2516 2568
2516 2569
2517 2518
2517 2568
2517 2569
2517 2570
2518 2569
2518 2570
2518 2571
2519 2520
2519 2571
2519 2572
2519 2573
2520 2521
2520 2572
2520 2573
2520 2574
2521 2522
2521 2573
2521 2574
2522 2574
2522 2575
2523 2524
2523 2576
2523 2577
2524 2525
2524 2577
2525 2578
2526 2527
2526 2578
2526 2579
2526 2580
2527 2528
2527 2579
2527 2580
2527 2581
2528 2580
2528 2581
2528 2582
2529 2530
2529 2582
2529 2583
2530 2531
2530 2583
2530 2584
2531 2583
2531 2584
2531 2585
2532 2533
2532 2586
2532 2587
2533 2586
2533 2587
2534 2535
2534 2588
2535 2536
2535 2588
2535 2589
2536 2537
2536 2588
2536 2589
2536 2590
2537 2538
2537 2589
2537 2590
2537 2591
2538 2539
2538 2590
2538 2591
2538 2592
2539 2540
2539 2591
2539 2592
2539 2593
2540 2541
2540 2592
2540 2593
2540 2594
2541 2593
2541 2594
2541 2595
2542 2596
2542 2597
2543 2544
2543 2597
2543 2598
2543 2599
2544 2545
2544 2598
2544 2599
2545 2546
2545 2599
2545 2600
2546 2547
2546 2600
2547 2548
2547 2600
2547 2601
2548 2549
2548 2601
2548 2602
2549 2550
2549 2601
2549 2602
2549 2603
2550 2602
2550 2603
2551 2604
2551 2605
2552 2606
2552 2607
2552 2608
2553 2608
2553 2609
2553 2610
2554 2555
2554 2611
2554 2612
2555 2556
2555 2611
2555 2612
2556 2557
2556 2612
2556 2613
2557 2558
2557 2613
2557 2614
2558 2559
2558 2613
2558 2614
2559 2560
2559 2614
2559 2615
2560 2561
2560 2615
2560 2616
2561 2562
2561 2615
2561 2616
2561 2617
2562 2563
2562 2616
2562 2617
2563 2564
2563 2617
2564 2565
2565 2566
2565 2618
2566 2567
2566 2618
2566 2619
2567 2618
2567 2619
2567 2620
2568 2569
2568 2621
2568 2622
2568 2623
2569 2570
2569 2622
2569 2623
2569 2624
2570 2571
2570 2623
2570 2624
2570 2625
2571 2572
2571 2624
2571 2625
2571 2626
2572 2573
2572 2625
2572 2626
2573 2574
2573 2626
2573 2627
2574 2627
2575 2576
2575 2628
2575 2629
2576 2577
2576 2628
2576 2629
2576 2630
2577 2629
2577 2630
2577 2631
2578 2579
2578 2632
2578 2633
2579 2580
2579 2632
2579 2633
2580 2581
2580 2633
2580 2634
2581 2582
2581 2634
2581 2635
2582 2634
2582 2635
2583 2584
2583 2636
2583 2637
2584 2585
2584 2636
2584 2637
2584 2638
2585 2637
2585 2638
2585 2639
2586 2587
2586 2639
2586 2640
2586 2641
2587 2640
2587 2641
2588 2589
2588 2642
2588 2643
2588 2644
2589 2590
2589 2643
2589 2644
2590 2591
2590 2644
2590 2645
2591 2592
2591 2645
2591 2646
2592 2593
2592 2645
2592 2646
2592 2647
2593 2594
2593 2646
2593 2647
2593 2648
2594 2595
2594 2647
2594 2648
2594 2649
2595 2648
2595 2649
2595 2650
2596 2597
2596 2650
2596 2651
2596 2652
2597 2598
2597 2651
2597 2652
2597 2653
2598 2599
2598 2652
2598 2653
2598 2654
2599 2653
2599 2654
2599 2655
2600 2655
2600 2656
2601 2602
2601 2656
2601 2657
2602 2603
2602 2657
2603 2657
2604 2605
2605 2606
2605 2658
2606 2607
2606 2658
2606 2659
2607 2608
2607 2658
2607 2659
2607 2660
2608 2609
2608 2659
2608 2660
2609 2610
2609 2660
2609 2661
2610 2661
2610 2662
2611 2612
2611 2662
2611 2663
2611 2664
2612 2663
2612 2664
2612 2665
2613 2614
2613 2665
2613 2666
2614 2666
2614 2667
2615 2616
2615 2667
2615 2668
2615 2669
2616 2617
2616 2668
2616 2669
2616 2670
2617 2669
2617 2670
2617 2671
2618 2619
2618 2673
2618 2674
2618 2675
2619 2620
2619 2674
2619 2675
2619 2676
2620 2621
2620 2675
2620 2676
2620 2677
2621 2622
2621 2676
2621 2677
2621 2678
2622 2623
2622 2677
2622 2678
2622 2679
2623 2624
2623 2678
2623 2679
2623 2680
2624 2625
2624 2679
2624 2680
2624 2681
2625 2626
2625 2680
2625 2681
2625 2682
2626 2681
2626 2682
2626 2683
2627 2683
2627 2684
2628 2629
2628 2685
2628 2686
2629 2630
2629 2685
2629 2686
2629 2687
2630 2631
2630 2686
2630 2687
2630 2688
2631 2687
2631 2688
2632 2633
2632 2689
2632 2690
2633 2689
2633 2690
2633 2691
2634 2635
2634 2691
2635 2692
2636 2637
2636 2692
2637 2638
2638 2639
2638 2693
2639 2640
2639 2693
2639 2694
2640 2641
2640 2693
2640 2694
2641 2694
2642 2643
2642 2695
2642 2696
2643 2644
2643 2695
2643 2696
2644 2696
2644 2697
2645 2646
2645 2697
2645 2698
2646 2647
2646 2698
2646 2699
2647 2648
2647 2698
2647 2699
2647 2700
2648 2649
2648 2699
2648 2700
2648 2701
2649 2650
2649 2700
2649 2701
2649 2702
2650 2651
2650 2701
2650 2702
2650 2703
2651 2652
2651 2702
2651 2703
2651 2704
2652 2653
2652 2703
2652 2704
2652 2705
2653 2654
2653 2704
2653 2705
2653 2706
2654 2655
2654 2705
2654 2706
2654 2707
2655 2706
2655 2707
2656 2708
2657 2709
2657 2710
2658 2659
2658 2713
2658 2714
2658 2715
2659 2660
2659 2714
2659 2715
2659 2716
2660 2715
2660 2716
2660 2717
2661 2662
2661 2717
2661 2718
2661 2719
2662 2663
2662 2718
2662 2719
2662 2720
2663 2664
2663 2719
2663 2720
2664 2665
2664 2720
2664 2721
2665 2666
2665 2721
2665 2722
2666 2721
2666 2722
2667 2668
2667 2723
2667 2724
2668 2669
2668 2723
2668 2724
2668 2725
2669 2670
2669 2724
2669 2725
2669 2726
2670 2671
2670 2725
2670 2726
2670 2727
2671 2672
2671 2726
2671 2727
2671 2728
2672 2673
2672 2727
2672 2728
2672 2729
2673 2674
2673 2728
2673 2729
2673 2730
2674 2675
2674 2729
2674 2730
2674 2731
2675 2676
2675 2730
2675 2731
2675 2732
2676 2677
2676 2731
2676 2732
2676 2733
2677 2678
2677 2732
2677 2733
2678 2679
2678 2733
2678 2734
2679 2680
2679 2734
2679 2735
2680 2681
2680 2734
2680 2735
2680 2736
2681 2682
2681 2735
2681 2736
2681 2737
2682 2683
2682 2736
2682 2737
2682 2738
2683 2684
2683 2737
2683 2738
2683 2739
2684 2738
2684 2739
2684 2740
2685 2686
2685 2740
2685 2741
2686 2687
2686 2741
2686 2742
2687 2688
2687 2741
2687 2742
2687 2743
2688 2742
2688 2743
2688 2744
2689 2690
2689 2744
2689 2745
2689 2746
2690 2691
2690 2745
2690 2746
2690 2747
2691 2746
2691 2747
2692 2748
2692 2749
2693 2694
2693 2751
2693 2752
2694 2752
2694 2753
2695 2696
2695 2754
2696 2754
2696 2755
2697 2755
2697 2756
2697 2757
2698 2699
2698 2757
2698 2758
2698 2759
2699 2700
2699 2758
2699 2759
2699 2760
2700 2701
2700 2759
2700 2760
2700 2761
2701 2702
2701 2760
2701 2761
2701 2762
2702 2703
2702 2761
2702 2762
2702 2763
2703 2704
2703 2762
2703 2763
2704 2705
2704 2763
2704 2764
2705 2706
2705 2764
2705 2765
2706 2707
2706 2764
2706 2765
2706 2766
2707 2765
2707 2766
2707 2767
2708 2767
2708 2768
2708 2769
2709 2710
2709 2769
2710 2711
2711 2712
2711 2770
2712 2713
2712 2770
2712 2771
2713 2714
2713 2770
2713 2771
2714 2715
2714 2771
2714 2772
2715 2716
2715 2772
2715 2773
2716 2717
2716 2772
2716 2773
2716 2774
2717 2718
2717 2773
2717 2774
2717 2775
2718 2719
2718 2774
2718 2775
2718 2776
2719 2720
2719 2775
2719 2776
2719 2777
2720 2776
2720 2777
2720 2778
2721 2722
2721 2778
2721 2779
2722 2779
2722 2780
2723 2724
2723 2780
2723 2781
2724 2725
2724 2781
2724 2782
2725 2726
2725 2781
2725 2782
2725 2783
2726 2727
2726 2782
2726 2783
2726 2784
2727 2728
2727 2783
2727 2784
2727 2785
2728 2729
2728 2784
2728 2785
2728 2786
2729 2730
2729 2785
2729 2786
2729 2787
2730 2731
2730 2786
2730 2787
2731 2732
2731 2787
2732 2733
2733 2788
2734 2735
2734 2788
2734 2789
2734 2790
2735 2736
2735 2789
2735 2790
2735 2791
2736 2737
2736 2790
2736 2791
2736 2792
2737 2738
2737 2791
2737 2792
2737 2793
2738 2739
2738 2792
2738 2793
2739 2740
2739 2793
2739 2794
2740 2794
2740 2795
2741 2742
2741 2795
2741 2796
2741 2797
2742 2743
2742 2796
2742 2797
2742 2798
2743 2744
2743 2797
2743 2798
2743 2799
2744 2745
2744 2798
2744 2799
2744 2800
2745 2746
2745 2799
2745 2800
2745 2801
2746 2747
2746 2800
2746 2801
2746 2802
2747 2801
2747 2802
2747 2803
2748 2803
2748 2804
2749 2750
2749 2805
2750 2751
2750 2805
2750 2806
2751 2805
2751 2806
2751 2807
2752 2753
2752 2807
2752 2808
2752 2809
2753 2808
2753 2809
2754 2755
2754 2810
2754 2811
2755 2756
2755 2811
2755 2812
2756 2757
2756 2811
2756 2812
2756 2813
2757 2758
2757 2812
2757 2813
2757 2814
2758 2759
2758 2813
2758 2814
2758 2815
2759 2760
2759 2814
2759 2815
2759 2816
2760 2761
2760 2815
2760 2816
2761 2762
2761 2816
2761 2817
2762 2763
2762 2817
2762 2818
2763 2817
2763 2818
2763 2819
2764 2765
2764 2819
2764 2820
2764 2821
2765 2766
2765 2820
2765 2821
2765 2822
2766 2767
2766 2821
2766 2822
2766 2823
2767 2768
2767 2822
2767 2823
2767 2824
2768 2769
2768 2823
2768 2824
2768 2825
2769 2824
2769 2825
2769 2826
2770 2771
2770 2828
2770 2829
2771 2829
2771 2830
2772 2773
2772 2830
2772 2831
2772 2832
2773 2774
2773 2831
2773 2832
2774 2775
2774 2832
2774 2833
2775 2776
2775 2833
2775 2834
2776 2777
2776 2833
2776 2834
2776 2835
2777 2778
2777 2834
2777 2835
2777 2836
2778 2779
2778 2835
2778 2836
2778 2837
2779 2836
2779 2837
2779 2838
2780 2838
2780 2839
2780 2840
2781 2782
2781 2840
2781 2841
2782 2783
2782 2841
2782 2842
2783 2784
2783 2841
2783 2842
2784 2785
2784 2842
2784 2843
2785 2786
2785 2843
2785 2844
2786 2787
2786 2843
2786 2844
2786 2845
2787 2844
2787 2845
2787 2846
2788 2789
2788 2848
2789 2790
2789 2848
2789 2849
2790 2791
2790 2849
2790 2850
2791 2792
2791 2849
2791 2850
2792 2793
2792 2850
2792 2851
2793 2851
2794 2795
2794 2852
2794 2853
2795 2796
2795 2852
2795 2853
2795 2854
2796 2797
2796 2853
2796 2854
2796 2855
2797 2798
2797 2854
2797 2855
2798 2799
2798 2855
2798 2856
2799 2800
2799 2856
2799 2857
2800 2801
2800 2856
2800 2857
2801 2802
2801 2857
2801 2858
2802 2803
2802 2858
2803 2804
2803 2858
2803 2859
2804 2859
2804 2860
2805 2806
2805 2861
2806 2807
2806 2861
2806 2862
2807 2808
2807 2862
2807 2863
2808 2809
2808 2862
2808 2863
2808 2864
2809 2863
2809 2864
2810 2865
2810 2866
2811 2812
2811 2866
2812 2813
2812 2867
2813 2814
2813 2867
2813 2868
2814 2815
2814 2867
2814 2868
2814 2869
2815 2816
2815 2868
2815 2869
2815 2870
2816 2869
2816 2870
2817 2818
2817 2871
2817 2872
2818 2819
2818 2871
2818 2872
2818 2873
2819 2820
2819 2872
2819 2873
2819 2874
2820 2821
2820 2873
2820 2874
2821 2822
2821 2874
2822 2823
2822 2875
2823 2824
2823 2875
2823 2876
2824 2825
2824 2875
2824 2876
2824 2877
2825 2826
2825 2876
2825 2877
2825 2878
2826 2827
2826 2877
2826 2878
2826 2879
2827 2828
2827 2878
2827 2879
2827 2880
2828 2879
2828 2880
2828 2881
2829 2830
2829 2881
2829 2882
2829 2883
2830 2831
2830 2882
2830 2883
2830 2884
2831 2832
2831 2883
2831 2884
2831 2885
2832 2884
2832 2885
2832 2886
2833 2834
2833 2886
2833 2887
2834 2835
2834 2887
2834 2888
2835 2836
2835 2887
2835 2888
2836 2837
2836 2888
2837 2838
2837 2889
2838 2839
2838 2889
2838 2890
2839 2840
2839 2889
2839 2890
2839 2891
2840 2890
2840 2891
2840 2892
2841 2842
2841 2892
2841 2893
2841 2894
2842 2893
2842 2894
2842 2895
2843 2844
2843 2895
2843 2896
2844 2845
2844 2896
2844 2897
2845 2846
2845 2897
2845 2898
2846 2847
2846 2897
2846 2898
2846 2899
2847 2898
2847 2899
2847 2900
2848 2900
2848 2901
2848 2902
2849 2850
2849 2902
2849 2903
2849 2904
2850 2903
2850 2904
2850 2905
2851 2905
2851 2906
2851 2907
2852 2853
2852 2907
2852 2908
2852 2909
2853 2854
2853 2908
2853 2909
2854 2855
2854 2909
2854 2910
2855 2910
2856 2857
2856 2911
2856 2912
2857 2911
2857 2912
2857 2913
2858 2913
2858 2914
2858 2915
2859 2860
2859 2915
2859 2916
2860 2916
2860 2917
2861 2917
2861 2918
2861 2919
2862 2863
2862 2919
2862 2920
2862 2921
2863 2864
2863 2920
2863 2921
2863 2922
2864 2921
2864 2922
2865 2866
2865 2923
2865 2924
2866 2923
2866 2924
2867 2868
2867 2925
2867 2926
2868 2869
2868 2926
2868 2927
2869 2870
2869 2926
2869 2927
2869 2928
2870 2927
2870 2928
2870 2929
2871 2872
2871 2929
2871 2930
2872 2873
2872 2930
2872 2931
2873 2874
2873 2930
2873 2931
2874 2931
2875 2876
2875 2932
2875 2933
2875 2934
2876 2877
2876 2933
2876 2934
2877 2878
2877 2934
2878 2879
2879 2880
2879 2935
2880 2881
2880 2935
2880 2936
2881 2882
2881 2935
2881 2936
2881 2937
2882 2883
2882 2936
2882 2937
2882 2938
2883 2884
2883 2937
2883 2938
2883 2939
2884 2885
2884 2938
2884 2939
2884 2940
2885 2886
2885 2939
2885 2940
2885 2941
2886 2940
2886 2941
2886 2942
2887 2888
2887 2942
2887 2943
2887 2944
2888 2943
2888 2944
2888 2945
2889 2890
2889 2946
2889 2947
2890 2891
2890 2947
2890 2948
2891 2892
2891 2947
2891 2948
2891 2949
2892 2893
2892 2948
2892 2949
2892 2950
2893 2894
2893 2949
2893 2950
2893 2951
2894 2895
2894 2950
2894 2951
2894 2952
2895 2896
2895 2951
2895 2952
2895 2953
2896 2952
2896 2953
2896 2954
2897 2898
2897 2954
2897 2955
2897 2956
2898 2899
2898 2955
2898 2956
2898 2957
2899 2900
2899 2956
2899 2957
2899 2958
2900 2901
2900 2957
2900 2958
2900 2959
2901 2902
2901 2958
2901 2959
2901 2960
2902 2903
2902 2959
2902 2960
2902 2961
2903 2904
2903 2960
2903 2961
2903 2962
2904 2905
2904 2961
2904 2962
2904 2963
2905 2906
2905 2962
2905 2963
2905 2964
2906 2907
2906 2963
2906 2964
2906 2965
2907 2908
2907 2964
2907 2965
2908 2909
2908 2965
2908 2966
2909 2966
2909 2967
2910 2967
2910 2968
2910 2969
2911 2912
2911 2969
2911 2970
2911 2971
2912 2913
2912 2970
2912 2971
2912 2972
2913 2914
2913 2971
2913 2972
2913 2973
2914 2915
2914 2972
2914 2973
2914 2974
2915 2973
2915 2974
2915 2975
2916 2917
2916 2975
2916 2976
2917 2918
2917 2976
2917 2977
2918 2919
2918 2977
2918 2978
2919 2920
2919 2977
2919 2978
2919 2979
2920 2921
2920 2978
2920 2979
2920 2980
2921 2922
2921 2979
2921 2980
2921 2981
2922 2980
2922 2981
2923 2924
2923 2982
2924 2982
2925 2983
2925 2984
2926 2927
2926 2984
2926 2985
2926 2986
2927 2928
2927 2985
2927 2986
2927 2987
2928 2929
2928 2986
2928 2987
2929 2987
2929 2988
2930 2931
2930 2988
2930 2989
2931 2989
2931 2990
2932 2933
2932 2991
2932 2992
2932 2993
2933 2934
2933 2992
2933 2993
2933 2994
2934 2993
2934 2994
2934 2995
2935 2936
2935 2997
2935 2998
2935 2999
2936 2937
2936 2998
2936 2999
2936 3000
2937 2938
2937 2999
2937 3000
2938 2939
2938 3000
2938 3001
2939 2940
2939 3001
2939 3002
2940 2941
2940 3001
2940 3002
2940 3003
2941 2942
2941 3002
2941 3003
2941 3004
2942 2943
2942 3003
2942 3004
2942 3005
2943 2944
2943 3004
2943 3005
2943 3006
2944 2945
2944 3005
2944 3006
2944 3007
2945 2946
2945 3006
2945 3007
2945 3008
2946 3007
2946 3008
2946 3009
2947 2948
2947 3009
2947 3010
2947 3011
2948 2949
2948 3010
2948 3011
2949 2950
2949 3011
2949 3012
2950 2951
2950 3012
2950 3013
2951 2952
2951 3012
2951 3013
2951 3014
2952 2953
2952 3013
2952 3014
2953 2954
2953 3014
2953 3015
2954 2955
2954 3015
2954 3016
2955 2956
2955 3015
2955 3016
2955 3017
2956 2957
2956 3016
2956 3017
2957 2958
2957 3017
2958 2959
2959 2960
2959 3018
2960 2961
2960 3018
2961 2962
2961 3018
2961 3019
2962 2963
2962 3019
2962 3020
2963 2964
2963 3019
2963 3020
2963 3021
2964 2965
2964 3020
2964 3021
2964 3022
2965 3021
2965 3022
2965 3023
2966 2967
2966 3023
2966 3024
2967 2968
2967 3024
2967 3025
2968 2969
2968 3024
2968 3025
2968 3026
2969 2970
2969 3025
2969 3026
2969 3027
2970 2971
2970 3026
2970 3027
2970 3028
2971 2972
2971 3027
2971 3028
2972 2973
2972 3028
2972 3029
2973 2974
2973 3029
2974 2975
2974 3029
2975 2976
2975 3030
2976 3030
2977 2978
2977 3031
2978 2979
2978 3031
2978 3032
2979 2980
2979 3032
2980 2981
2980 3032
2980 3033
2981 3033
2982 3034
2982 3035
2982 3036
2983 2984
2983 3036
2983 3037
2983 3038
2984 2985
2984 3037
2984 3038
2984 3039
2985 2986
2985 3038
2985 3039
2985 3040
2986 2987
2986 3039
2986 3040
2986 3041
2987 3040
2987 3041
2987 3042
2988 3042
2988 3043
2988 3044
2989 2990
2989 3044
2989 3045
2989 3046
2990 2991
2990 3045
2990 3046
2990 3047
2991 2992
2991 3046
2991 3047
2992 2993
2992 3047
2992 3048
2993 2994
2993 3048
2993 3049
2994 2995
2994 3048
2994 3049
2994 3050
2995 2996
2995 3049
2995 3050
2995 3051
2996 2997
2996 3050
2996 3051
2997 2998
2997 3051
2998 2999
2998 3052
2999 3000
2999 3052
2999 3053
3000 3052
3000 3053
3000 3054
3001 3002
3001 3054
3001 3055
3002 3003
3002 3055
3002 3056
3003 3004
3003 3055
3003 3056
3004 3005
3004 3056
3004 3057
3005 3006
3005 3057
3005 3058
3006 3007
3006 3057
3006 3058
3006 3059
3007 3008
3007 3058
3007 3059
3007 3060
3008 3009
3008 3059
3008 3060
3008 3061
3009 3010
3009 3060
3009 3061
3009 3062
3010 3011
3010 3061
3010 3062
3011 3062
3011 3063
3012 3013
3012 3063
3012 3064
3012 3065
3013 3014
3013 3064
3013 3065
3013 3066
3014 3065
3014 3066
3014 3067
3015 3016
3015 3067
3015 3068
3015 3069
3016 3017
3016 3068
3016 3069
3016 3070
3017 3069
3017 3070
3017 3071
3018 3073
3018 3074
3019 3020
3019 3075
3019 3076
3020 3021
3020 3075
3020 3076
3020 3077
3021 3022
3021 3076
3021 3077
3021 3078
3022 3023
3022 3077
3022 3078
3022 3079
3023 3078
3023 3079
3023 3080
3024 3025
3024 3080
3024 3081
3024 3082
3025 3026
3025 3081
3025 3082
3025 3083
3026 3027
3026 3082
3026 3083
3026 3084
3027 3028
3027 3083
3027 3084
3028 3084
3028 3085
3029 3085
3029 3086
3029 3087
3030 3088
3030 3089
3031 3089
3031 3090
3032 3091
3032 3092
3033 3092
3034 3035
3034 3093
3034 3094
3035 3036
3035 3093
3035 3094
3036 3037
3036 3094
3036 3095
3037 3038
3037 3095
3037 3096
3038 3039
3038 3095
3038 3096
3038 3097
3039 3040
3039 3096
3039 3097
3039 3098
3040 3041
3040 3097
3040 3098
3040 3099
3041 3042
3041 3098
3041 3099
3041 3100
3042 3043
3042 3099
3042 3100
3042 3101
3043 3044
3043 3100
3043 3101
3043 3102
3044 3045
3044 3101
3044 3102
3045 3046
3045 3102
3045 3103
3046 3047
3046 3103
3046 3104
3047 3103
3047 3104
3047 3105
3048 3049
3048 3105
3048 3106
3048 3107
3049 3050
3049 3106
3049 3107
3049 3108
3050 3051
3050 3107
3050 3108
3050 3109
3051 3108
3051 3109
3051 3110
3052 3053
3052 3111
3052 3112
3053 3054
3053 3112
3053 3113
3054 3112
3054 3113
3054 3114
3055 3056
3055 3114
3056 3115
3057 3058
3057 3115
3057 3116
3057 3117
3058 3059
3058 3116
3058 3117
3059 3060
3059 3117
3059 3118
3060 3061
3060 3118
3060 3119
3061 3062
3061 3118
3061 3119
3061 3120
3062 3119
3062 3120
3062 3121
3063 3064
3063 3121
3063 3122
3063 3123
3064 3065
3064 3122
3064 3123
3064 3124
3065 3066
3065 3123
3065 3124
3065 3125
3066 3067
3066 3124
3066 3125
3066 3126
3067 3068
3067 3125
3067 3126
3067 3127
3068 3069
3068 3126
3068 3127
3069 3070
3069 3127
3070 3071
3070 3128
3071 3072
3071 3128
3071 3129
3072 3073
3072 3128
3072 3129
3072 3130
3073 3074
3073 3129
3073 3130
3074 3130
3074 3131
3075 3076
3075 3131
3075 3132
3076 3077
3076 3132
3076 3133
3077 3078
3077 3133
3077 3134
3078 3079
3078 3133
3078 3134
3078 3135
3079 3080
3079 3134
3079 3135
3080 3081
3080 3135
3080 3136
3081 3082
3081 3136
3081 3137
3082 3083
3082 3136
3082 3137
3082 3138
3083 3084
3083 3137
3083 3138
3083 3139
3084 3138
3084 3139
3084 3140
3085 3086
3085 3140
3085 3141
3085 3142
3086 3087
3086 3141
3086 3142
3087 3142
3087 3143
3088 3089
3088 3143
3088 3144
3088 3145
3089 3090
3089 3144
3089 3145
3089 3146
3090 3145
3090 3146
3090 3147
3091 3092
3091 3147
3091 3148
3092 3148
3092 3149
3093 3094
3093 3150
3094 3150
3094 3151
3095 3096
3095 3151
3095 3152
3096 3097
3096 3152
3096 3153
3097 3098
3097 3152
3097 3153
3097 3154
3098 3099
3098 3153
3098 3154
3098 3155
3099 3100
3099 3154
3099 3155
3099 3156
3100 3101
3100 3155
3100 3156
3100 3157
3101 3102
3101 3156
3101 3157
3101 3158
3102 3157
3102 3158
3103 3104
3103 3159
3104 3105
3104 3159
3104 3160
3105 3106
3105 3159
3105 3160
3105 3161
3106 3107
3106 3160
3106 3161
3106 3162
3107 3108
3107 3161
3107 3162
3107 3163
3108 3109
3108 3162
3108 3163
3108 3164
3109 3110
3109 3163
3109 3164
3109 3165
3110 3111
3110 3164
3110 3165
3111 3165
3111 3166
3112 3113
3112 3166
3112 3167
3113 3114
3113 3167
3113 3168
3114 3167
3114 3168
3114 3169
3115 3116
3115 3170
3115 3171
3115 3172
3116 3117
3116 3171
3116 3172
3117 3172
3117 3173
3118 3119
3118 3173
3118 3174
3119 3120
3119 3174
3119 3175
3120 3121
3120 3174
3120 3175
3121 3122
3121 3175
3121 3176
3122 3123
3122 3176
3122 3177
3123 3124
3123 3176
3123 3177
3124 3125
3124 3177
3124 3178
3125 3126
3125 3178
3125 3179
3126 3127
3126 3178
3126 3179
3127 3179
3127 3180
3128 3129
3128 3181
3128 3182
3128 3183
3129 3130
3129 3182
3129 3183
3129 3184
3130 3183
3130 3184
3130 3185
3131 3132
3131 3185
3131 3186
3131 3187
3132 3186
3132 3187
3133 3134
3133 3188
3134 3135
3134 3188
3135 3188
3135 3189
3136 3137
3136 3189
3136 3190
3137 3138
3137 3190
3137 3191
3138 3139
3138 3191
3139 3140
3139 3191
3139 3192
3140 3141
3140 3192
3140 3193
3141 3142
3141 3192
3141 3193
3141 3194
3142 3193
3142 3194
3142 3195
3143 3144
3143 3195
3143 3196
3143 3197
3144 3145
3144 3196
3144 3197
3144 3198
3145 3146
3145 3197
3145 3198
3146 3147
3146 3198
3146 3199
3147 3148
3147 3199
3147 3200
3148 3199
3148 3200
3148 3201
3149 3201
3149 3202
3150 3203
3150 3204
3151 3204
3151 3205
3152 3153
3152 3205
3152 3206
3152 3207
3153 3154
3153 3206
3153 3207
3154 3155
3154 3207
3154 3208
3155 3156
3155 3208
3155 3209
3156 3157
3156 3208
3156 3209
3156 3210
3157 3158
3157 3209
3157 3210
3157 3211
3158 3210
3158 3211
3158 3212
3159 3160
3159 3213
3159 3214
3159 3215
3160 3161
3160 3214
3160 3215
3160 3216
3161 3162
3161 3215
3161 3216
3161 3217
3162 3163
3162 3216
3162 3217
3162 3218
3163 3164
3163 3217
3163 3218
3164 3165
3164 3218
3166 3219
3166 3220
3167 3168
3167 3220
3167 3221
3167 3222
3168 3169
3168 3221
3168 3222
3168 3223
3169 3170
3169 3222
3169 3223
3169 3224
3170 3171
3170 3223
3170 3224
3170 3225
3171 3172
3171 3224
3171 3225
3171 3226
3172 3225
3172 3226
3172 3227
3173 3227
3173 3228
3173 3229
3174 3175
3174 3229
3174 3230
3174 3231
3175 3230
3175 3231
3175 3232
3176 3177
3176 3232
3176 3233
3176 3234
3177 3233
3177 3234
3177 3235
3178 3179
3178 3235
3178 3236
3178 3237
3179 3236
3179 3237
3179 3238
3180 3181
3180 3238
3180 3239
3180 3240
3181 3182
3181 3239
3181 3240
3181 3241
3182 3183
3182 3240
3182 3241
3182 3242
3183 3184
3183 3241
3183 3242
3183 3243
3184 3185
3184 3242
3184 3243
3184 3244
3185 3186
3185 3243
3185 3244
3186 3187
3186 3244
3186 3245
3187 3245
3188 3246
3188 3247
3188 3248
3189 3190
3189 3248
3189 3249
3189 3250
3190 3249
3190 3250
3190 3251
3191 3251
3191 3252
3192 3193
3192 3253
3192 3254
3193 3194
3193 3253
3193 3254
3193 3255
3194 3195
3194 3254
3194 3255
3194 3256
3195 3196
3195 3255
3195 3256
3196 3197
3196 3256
3196 3257
3197 3198
3197 3257
3197 3258
3198 3257
3198 3258
3198 3259
3199 3200
3199 3259
3200 3201
3200 3260
3201 3202
3201 3260
3201 3261
3202 3260
3202 3261
3203 3204
3203 3262
3203 3263
3204 3262
3204 3263
3204 3264
3205 3206
3205 3264
3205 3265
3206 3207
3206 3265
3206 3266
3207 3265
3207 3266
3208 3209
3208 3267
3208 3268
3209 3210
3209 3267
3209 3268
3210 3211
3210 3268
3210 3269
3211 3212
3211 3269
3211 3270
3212 3213
3212 3269
3212 3270
3212 3271
3213 3214
3213 3270
3213 3271
3213 3272
3214 3215
3214 3271
3214 3272
3215 3216
3215 3272
3215 3273
3216 3217
3216 3273
3216 3274
3217 3218
3217 3273
3217 3274
3217 3275
3218 3274
3218 3275
3218 3276
3219 3220
3219 3278
3219 3279
3220 3221
3220 3278
3220 3279
3220 3280
3221 3222
3221 3279
3221 3280
3221 3281
3222 3223
3222 3280
3222 3281
3223 3224
3223 3281
3223 3282
3224 3225
3224 3282
3225 3226
3225 3282
3225 3283
3226 3227
3226 3283
3226 3284
3227 3228
3227 3283
3227 3284
3227 3285
3228 3229
3228 3284
3228 3285
3228 3286
3229 3230
3229 3285
3229 3286
3229 3287
3230 3231
3230 3286
3230 3287
3230 3288
3231 3232
3231 3287
3231 3288
3231 3289
3232 3233
3232 3288
3232 3289
3232 3290
3233 3234
3233 3289
3233 3290
3233 3291
3234 3235
3234 3290
3234 3291
3234 3292
3235 3236
3235 3291
3235 3292
3236 3237
3236 3292
3236 3293
3237 3238
3237 3293
3237 3294
3238 3239
3238 3293
3238 3294
3238 3295
3239 3240
3239 3294
3239 3295
3239 3296
3240 3241
3240 3295
3240 3296
3240 3297
3241 3242
3241 3296
3241 3297
3241 3298
3242 3243
3242 3297
3242 3298
3242 3299
3243 3244
3243 3298
3243 3299
3244 3299
3244 3300
3245 3300
3245 3301
3245 3302
3246 3247
3246 3302
3246 3303
3246 3304
3247 3248
3247 3303
3247 3304
3247 3305
3248 3249
3248 3304
3248 3305
3248 3306
3249 3250
3249 3305
3249 3306
3249 3307
3250 3251
3250 3306
3250 3307
3251 3252
3251 3307
3252 3308
3253 3254
3253 3308
3253 3309
3254 3255
3254 3309
3255 3256
3255 3310
3256 3310
3257 3258
3257 3311
3257 3312
3258 3259
3258 3311
3258 3312
3258 3313
3259 3312
3259 3313
3259 3314
3260 3261
3260 3315
3260 3316
3261 3316
3262 3263
3262 3317
3262 3318
3263 3264
3263 3317
3263 3318
3264 3318
3264 3319
3265 3266
3265 3319
3265 3320
3266 3320
3266 3321
3267 3268
3267 3321
3267 3322
3267 3323
3268 3322
3268 3323
3268 3324
3269 3270
3269 3324
3269 3325
3269 3326
3270 3271
3270 3325
3270 3326
3270 3327
3271 3272
3271 3326
3271 3327
3271 3328
3272 3327
3272 3328
3272 3329
3273 3274
3273 3329
3273 3330
3273 3331
3274 3275
3274 3330
3274 3331
3274 3332
3275 3276
3275 3331
3275 3332
3276 3277
3276 3332
3277 3333
3278 3279
3278 3333
3278 3334
3278 3335
3279 3280
3279 3334
3279 3335
3279 3336
3280 3281
3280 3335
3280 3336
3280 3337
3281 3336
3281 3337
3281 3338
3282 3338
3282 3339
3282 3340
3283 3284
3283 3340
3283 3341
3283 3342
3284 3285
3284 3341
3284 3342
3284 3343
3285 3286
3285 3342
3285 3343
3285 3344
3286 3287
3286 3343
3286 3344
3286 3345
3287 3288
3287 3344
3287 3345
3288 3289
3288 3345
3288 3346
3289 3290
3289 3346
3289 3347
3290 3291
3290 3346
3290 3347
3291 3292
3291 3347
3291 3348
3292 3348
3292 3349
3293 3294
3293 3349
3293 3350
3293 3351
3294 3295
3294 3350
3294 3351
3294 3352
3295 3296
3295 3351
3295 3352
3295 3353
3296 3297
3296 3352
3296 3353
3297 3298
3297 3353
3298 3299
3298 3354
3299 3354
3300 3301
3300 3355
3300 3356
3301 3302
3301 3355
3301 3356
3301 3357
3302 3303
3302 3356
3302 3357
3302 3358
3303 3304
3303 3357
3303 3358
3303 3359
3304 3305
3304 3358
3304 3359
3305 3306
3305 3359
3305 3360
3306 3307
3306 3360
3306 3361
3307 3360
3307 3361
3308 3309
3308 3362
3308 3363
3308 3364
3309 3363
3309 3364
3309 3365
3310 3366
3310 3367
3310 3368
3311 3312
3311 3368
3311 3369
3311 3370
3312 3313
3312 3369
3312 3370
3312 3371
3313 3314
3313 3370
3313 3371
3313 3372
3314 3315
3314 3371
3314 3372
3314 3373
3315 3316
3315 3372
3315 3373
3315 3374
3316 3373
3316 3374
3316 3375
3317 3318
3317 3376
3317 3377
3318 3376
3318 3377
3318 3378
3319 3378
3319 3379
3319 3380
3320 3321
3320 3380
3320 3381
3320 3382
3321 3322
3321 3381
3321 3382
3321 3383
3322 3323
3322 3382
3322 3383
3322 3384
3323 3324
3323 3383
3323 3384
3323 3385
3324 3325
3324 3384
3324 3385
3325 3326
3325 3385
3325 3386
3326 3327
3326 3386
3326 3387
3327 3328
3327 3386
3327 3387
3327 3388
3328 3329
3328 3387
3328 3388
3328 3389
3329 3330
3329 3388
3329 3389
3329 3390
3330 3331
3330 3389
3330 3390
3330 3391
3331 3332
3331 3390
3331 3391
3331 3392
3332 3391
3332 3392
3332 3393
3333 3334
3333 3394
3333 3395
3333 3396
3334 3335
3334 3395
3334 3396
3334 3397
3335 3336
3335 3396
3335 3397
3335 3398
3336 3337
3336 3397
3336 3398
3336 3399
3337 3338
3337 3398
3337 3399
3338 3339
3338 3399
3338 3400
3339 3340
3339 3400
3339 3401
3340 3341
3340 3400
3340 3401
3340 3402
3341 3342
3341 3401
3341 3402
3341 3403
3342 3343
3342 3402
3342 3403
3342 3404
3343 3344
3343 3403
3343 3404
3343 3405
3344 3345
3344 3404
3344 3405
3344 3406
3345 3405
3345 3406
3345 3407
3346 3347
3346 3407
3346 3408
3347 3408
3347 3409
3348 3349
3348 3409
3348 3410
3348 3411
3349 3350
3349 3410
3349 3411
3349 3412
3350 3351
3350 3411
3350 3412
3350 3413
3351 3352
3351 3412
3351 3413
3351 3414
3352 3353
3352 3413
3352 3414
3352 3415
3353 3414
3353 3415
3353 3416
3354 3417
3354 3418
3355 3356
3355 3418
3355 3419
3356 3357
3356 3419
3356 3420
3357 3358
3357 3420
3357 3421
3358 3359
3358 3420
3358 3421
3358 3422
3359 3421
3359 3422
3359 3423
3360 3361
3360 3423
3360 3424
3361 3424
3361 3425
3362 3363
3362 3425
3363 3364
3363 3426
3364 3365
3364 3426
3364 3427
3365 3366
3365 3426
3365 3427
3365 3428
3366 3367
3366 3427
3366 3428
3367 3368
3367 3428
3367 3429
3368 3369
3368 3429
3368 3430
3369 3370
3369 3429
3369 3430
3369 3431
3370 3371
3370 3430
3370 3431
3370 3432
3371 3372
3371 3431
3371 3432
3371 3433
3372 3373
3372 3432
3372 3433
3373 3374
3373 3433
3374 3375
3374 3434
3375 3434
3376 3377
3376 3435
3376 3436
3377 3378
3377 3435
3377 3436
3377 3437
3378 3379
3378 3436
3378 3437
3378 3438
3379 3380
3379 3437
3379 3438
3379 3439
3380 3381
3380 3438
3380 3439
3380 3440
3381 3382
3381 3439
3381 3440
3381 3441
3382 3383
3382 3440
3382 3441
3382 3442
3383 3384
3383 3441
3383 3442
3383 3443
3384 3385
3384 3442
3384 3443
3384 3444
3385 3443
3385 3444
3386 3387
3386 3445
3387 3388
3387 3445
3387 3446
3388 3389
3388 3445
3388 3446
3389 3390
3389 3446
3389 3447
3390 3391
3390 3447
3390 3448
3391 3392
3391 3447
3391 3448
3391 3449
3392 3393
3392 3448
3392 3449
3392 3450
3393 3394
3393 3449
3393 3450
3393 3451
3394 3395
3394 3450
3394 3451
3394 3452
3395 3396
3395 3451
3395 3452
3396 3397
3396 3452
3396 3453
3397 3398
3397 3453
3397 3454
3398 3399
3398 3453
3398 3454
3398 3455
3399 3454
3399 3455
3400 3401
3400 3456
3400 3457
3401 3402
3401 3456
3401 3457
3401 3458
3402 3403
3402 3457
3402 3458
3402 3459
3403 3404
3403 3458
3403 3459
3403 3460
3404 3405
3404 3459
3404 3460
3405 3406
3405 3460
3405 3461
3406 3407
3406 3461
3406 3462
3407 3461
3407 3462
3407 3463
3408 3409
3408 3463
3408 3464
3409 3410
3409 3464
3409 3465
3410 3411
3410 3465
3410 3466
3411 3412
3411 3465
3411 3466
3412 3413
3412 3466
3412 3467
3413 3414
3413 3467
3413 3468
3414 3415
3414 3467
3414 3468
3415 3416
3415 3468
3416 3417
3417 3469
3418 3419
3418 3469
3418 3470
3418 3471
3419 3470
3419 3471
3419 3472
3420 3421
3420 3472
3420 3473
3420 3474
3421 3422
3421 3473
3421 3474
3422 3423
3422 3474
3422 3475
3423 3475
3423 3476
3424 3425
3424 3476
3424 3477
3424 3478
3425 3477
3425 3478
3425 3479
3426 3427
3426 3480
3426 3481
3426 3482
3427 3428
3427 3481
3427 3482
3427 3483
3428 3482
3428 3483
3428 3484
3429 3430
3429 3484
3430 3431
3431 3432
3431 3485
3432 3433
3432 3485
3432 3486
3433 3485
3433 3486
3433 3487
3434 3488
3435 3436
3435 3489
3435 3490
3436 3437
3436 3489
3436 3490
3437 3438
3437 3490
3437 3491
3438 3439
3438 3491
3438 3492
3439 3440
3439 3491
3439 3492
3440 3441
3440 3492
3440 3493
3441 3442
3441 3493
3441 3494
3442 3443
3442 3493
3442 3494
3443 3444
3443 3494
3443 3495
3444 3495
3444 3496
3445 3446
3445 3497
3446 3497
3446 3498
3447 3448
3447 3498
3447 3499
3447 3500
3448 3449
3448 3499
3448 3500
3448 3501
3449 3450
3449 3500
3449 3501
3449 3502
3450 3451
3450 3501
3450 3502
3450 3503
3451 3452
3451 3502
3451 3503
3451 3504
3452 3503
3452 3504
3452 3505
3453 3454
3453 3505
3453 3506
3454 3455
3454 3506
3454 3507
3455 3507
3455 3508
3456 3457
3456 3508
3456 3509
3456 3510
3457 3458
3457 3509
3457 3510
3457 3511
3458 3459
3458 3510
3458 3511
3458 3512
3459 3460
3459 3511
3459 3512
3460 3512
3460 3513
3461 3462
3461 3513
3461 3514
3462 3463
3462 3514
3462 3515
3463 3464
3463 3515
3464 3515
3464 3516
3465 3466
3465 3516
3465 3517
3466 3517
3466 3518
3467 3468
3467 3518
3467 3519
3467 3520
3468 3519
3468 3520
3469 3470
3469 3522
3469 3523
3469 3524
3470 3471
3470 3523
3470 3524
3471 3472
3471 3524
3471 3525
3472 3473
3472 3525
3473 3474
3473 3525
3473 3526
3474 3526
3474 3527
3475 3476
3475 3527
3475 3528
3475 3529
3476 3477
3476 3528
3476 3529
3476 3530
3477 3478
3477 3529
3477 3530
3477 3531
3478 3479
3478 3530
3478 3531
3478 3532
3479 3480
3479 3531
3479 3532
3479 3533
3480 3481
3480 3532
3480 3533
3480 3534
3481 3482
3481 3533
3481 3534
3481 3535
3482 3483
3482 3534
3482 3535
3482 3536
3483 3484
3483 3535
3483 3536
3483 3537
3484 3536
3484 3537
3484 3538
3485 3486
3485 3539
3486 3487
3486 3539
3486 3540
3487 3488
3487 3540
3487 3541
3488 3540
3488 3541
3488 3542
3489 3490
3489 3543
3489 3544
3490 3543
3490 3544
3490 3545
3491 3492
3491 3545
3491 3546
3492 3546
3492 3547
3493 3494
3493 3547
3493 3548
3493 3549
3494 3548
3494 3549
3494 3550
3495 3496
3495 3550
3495 3551
3495 3552
3496 3551
3496 3552
3496 3553
3497 3553
3497 3554
3498 3499
3498 3555
3498 3556
3499 3500
3499 3555
3499 3556
3500 3501
3500 3556
3500 3557
3501 3502
3501 3557
3501 3558
3502 3503
3502 3557
3502 3558
3502 3559
3503 3504
3503 3558
3503 3559
3504 3505
3504 3559
3504 3560
3505 3506
3505 3560
3505 3561
3506 3560
3506 3561
3506 3562
3507 3508
3507 3562
3507 3563
3508 3509
3508 3563
3509 3510
3509 3564
3510 3511
3510 3564
3510 3565
3511 3512
3511 3564
3511 3565
3511 3566
3512 3565
3512 3566
3512 3567
3513 3514
3513 3567
3514 3568
3515 3568
3516 3517
3516 3569
3517 3569
3517 3570
3518 3519
3518 3570
3519 3520
3519 3571
3520 3571
3520 3572
3521 3522
3521 3572
3521 3573
3521 3574
3522 3523
3522 3573
3522 3574
3522 3575
3523 3524
3523 3574
3523 3575
3523 3576
3524 3575
3524 3576
3524 3577
3525 3577
3525 3578
3525 3579
3526 3527
3526 3579
3526 3580
3526 3581
3527 3528
3527 3580
3527 3581
3527 3582
3528 3529
3528 3581
3528 3582
3528 3583
3529 3530
3529 3582
3529 3583
3529 3584
3530 3531
3530 3583
3530 3584
3531 3532
3531 3584
3532 3533
3533 3534
3534 3535
3534 3585
3535 3536
3535 3585
3535 3586
3536 3537
3536 3585
3536 3586
3537 3538
3537 3586
3537 3587
3538 3587
3538 3588
3539 3589
3539 3590
3539 3591
3540 3541
3540 3591
3540 3592
3540 3593
3541 3542
3541 3592
3541 3593
3541 3594
3542 3593
3542 3594
3543 3544
3543 3595
3543 3596
3544 3545
3544 3595
3544 3596
3544 3597
3545 3546
3545 3596
3545 3597
3545 3598
3546 3597
3546 3598
3546 3599
3547 3548
3547 3599
3547 3600
3547 3601
3548 3549
3548 3600
3548 3601
3548 3602
3549 3550
3549 3601
3549 3602
3549 3603
3550 3551
3550 3602
3550 3603
3551 3552
3551 3603
3551 3604
3552 3553
3552 3604
3553 3554
3553 3604
3554 3605
3555 3556
3555 3605
3555 3606
3556 3606
3557 3558
3557 3607
3558 3559
3558 3607
3559 3607
3559 3608
3560 3561
3560 3608
3560 3609
3560 3610
3561 3562
3561 3609
3561 3610
3561 3611
3562 3563
3562 3610
3562 3611
3563 3611
3563 3612
3564 3565
3564 3613
3564 3614
3564 3615
3565 3566
3565 3614
3565 3615
3565 3616
3566 3567
3566 3615
3566 3616
3566 3617
3567 3616
3567 3617
3567 3618
3568 3619
3569 3570
3569 3621
3569 3622
3569 3623
3570 3622
3570 3623
3570 3624
3571 3572
3571 3625
3571 3626
3571 3627
3572 3573
3572 3626
3572 3627
3572 3628
3573 3574
3573 3627
3573 3628
3573 3629
3574 3575
3574 3628
3574 3629
3575 3576
3575 3629
3576 3577
3576 3630
3577 3578
3577 3630
3577 3631
3578 3579
3578 3630
3578 3631
3578 3632
3579 3580
3579 3631
3579 3632
3580 3581
3580 3632
3580 3633
3581 3582
3581 3633
3581 3634
3582 3583
3582 3633
3582 3634
3582 3635
3583 3584
3583 3634
3583 3635
3583 3636
3584 3635
3584 3636
3584 3637
3585 3586
3585 3639
3585 3640
3585 3641
3586 3640
3586 3641
3586 3642
3587 3588
3587 3642
3587 3643
3587 3644
3588 3589
3588 3643
3588 3644
3588 3645
3589 3590
3589 3644
3589 3645
3589 3646
3590 3591
3590 3645
3590 3646
3590 3647
3591 3592
3591 3646
3591 3647
3591 3648
3592 3593
3592 3647
3592 3648
3593 3594
3593 3648
3595 3596
3595 3649
3596 3597
3596 3649
3596 3650
3597 3598
3597 3650
3597 3651
3598 3599
3598 3650
3598 3651
3598 3652
3599 3600
3599 3651
3599 3652
3599 3653
3600 3601
3600 3652
3600 3653
3600 3654
3601 3602
3601 3653
3601 3654
3601 3655
3602 3603
3602 3654
3602 3655
3602 3656
3603 3655
3603 3656
3605 3606
3605 3657
3605 3658
3605 3659
3606 3658
3606 3659
3606 3660
3607 3662
3607 3663
3608 3609
3608 3664
3608 3665
3609 3610
3609 3664
3609 3665
3609 3666
3610 3611
3610 3665
3610 3666
3610 3667
3611 3666
3611 3667
3611 3668
3612 3613
3612 3668
3612 3669
3612 3670
3613 3614
3613 3669
3613 3670
3614 3615
3614 3670
3614 3671
3615 3616
3615 3671
3615 3672
3616 3617
3616 3671
3616 3672
3616 3673
3617 3618
3617 3672
3617 3673
3617 3674
3618 3673
3618 3674
3618 3675
3619 3620
3619 3676
3619 3677
3619 3678
3620 3621
3620 3677
3620 3678
3620 3679
3621 3622
3621 3678
3621 3679
3621 3680
3622 3623
3622 3679
3622 3680
3622 3681
3623 3624
3623 3680
3623 3681
3623 3682
3624 3625
3624 3681
3624 3682
3624 3683
3625 3626
3625 3682
3625 3683
3626 3627
3626 3683
3626 3684
3627 3628
3627 3684
3627 3685
3628 3629
3628 3684
3628 3685
3628 3686
3629 3685
3629 3686
3629 3687
3630 3631
3630 3688
3630 3689
3631 3632
3631 3689
3631 3690
3632 3689
3632 3690
3632 3691
3633 3634
3633 3691
3633 3692
3633 3693
3634 3635
3634 3692
3634 3693
3635 3636
3635 3693
3635 3694
3636 3637
3636 3694
3637 3694
3637 3695
3638 3639
3638 3695
3638 3696
3638 3697
3639 3640
3639 3696
3639 3697
3640 3641
3640 3697
3640 3698
3641 3642
3641 3698
3642 3643
3642 3698
3643 3644
3644 3645
3645 3646
3645 3699
3646 3647
3646 3699
3646 3700
3647 3648
3647 3699
3647 3700
3647 3701
3648 3700
3648 3701
3648 3702
3649 3704
3650 3651
3650 3705
3650 3706
3651 3652
3651 3705
3651 3706
3651 3707
3652 3653
3652 3706
3652 3707
3652 3708
3653 3654
3653 3707
3653 3708
3653 3709
3654 3655
3654 3708
3654 3709
3654 3710
3655 3656
3655 3709
3655 3710
3655 3711
3656 3710
3656 3711
3656 3712
3657 3658
3657 3714
3657 3715
3657 3716
3658 3659
3658 3715
3658 3716
3659 3660
3659 3716
3659 3717
3660 3661
3660 3717
3661 3662
3661 3717
3661 3718
3662 3663
3662 3718
3662 3719
3663 3718
3663 3719
3663 3720
3664 3665
3664 3720
3664 3721
3665 3666
3665 3721
3666 3667
3666 3721
3666 3722
3667 3668
3667 3722
3667 3723
3668 3669
3668 3722
3668 3723
3669 3670
3669 3723
3670 3724
3671 3672
3671 3724
3671 3725
3671 3726
3672 3673
3672 3725
3672 3726
3672 3727
3673 3674
3673 3726
3673 3727
3674 3675
3674 3727
3674 3728
3675 3676
3675 3728
3675 3729
3676 3677
3676 3728
3676 3729
3676 3730
3677 3678
3677 3729
3677 3730
3677 3731
3678 3679
3678 3730
3678 3731
3678 3732
3679 3680
3679 3731
3679 3732
3680 3681
3680 3732
3680 3733
3681 3682
3681 3733
3681 3734
3682 3683
3682 3733
3682 3734
3682 3735
3683 3734
3683 3735
3683 3736
3684 3685
3684 3736
3684 3737
3684 3738
3685 3686
3685 3737
3685 3738
3685 3739
3686 3687
3686 3738
3686 3739
3686 3740
3687 3688
3687 3739
3687 3740
3687 3741
3688 3740
3688 3741
3688 3742
3689 3690
3689 3742
3689 3743
3689 3744
3690 3691
3690 3743
3690 3744
3691 3692
3691 3744
3691 3745
3692 3693
3692 3745
3692 3746
3693 3745
3693 3746
3695 3696
3695 3747
3695 3748
3696 3697
3696 3747
3696 3748
3696 3749
3697 3748
3697 3749
3699 3700
3699 3752
3699 3753
3700 3701
3700 3752
3700 3753
3701 3702
3701 3753
3701 3754
3702 3703
3702 3754
3702 3755
3703 3754
3703 3755
3704 3756
3704 3757
3705 3706
3705 3757
3705 3758
3705 3759
3706 3707
3706 3758
3706 3759
3706 3760
3707 3708
3707 3759
3707 3760
3707 3761
3708 3709
3708 3760
3708 3761
3708 3762
3709 3710
3709 3761
3709 3762
3709 3763
3710 3711
3710 3762
3710 3763
3711 3712
3711 3763
3711 3764
3712 3713
3712 3764
3712 3765
3713 3714
3713 3764
3713 3765
3713 3766
3714 3715
3714 3765
3714 3766
3714 3767
3715 3716
3715 3766
3715 3767
3716 3767
3717 3768
3717 3769
3718 3719
3718 3769
3718 3770
3718 3771
3719 3720
3719 3770
3719 3771
3720 3771
3720 3772
3721 3772
3721 3773
3721 3774
3722 3723
3722 3774
3722 3775
3722 3776
3723 3775
3723 3776
3724 3725
3724 3777
3724 3778
3724 3779
3725 3726
3725 3778
3725 3779
3725 3780
3726 3727
3726 3779
3726 3780
3726 3781
3727 3780
3727 3781
3728 3729
3728 3782
3728 3783
3729 3730
3729 3782
3729 3783
3729 3784
3730 3731
3730 3783
3730 3784
3730 3785
3731 3732
3731 3784
3731 3785
3731 3786
3732 3785
3732 3786
3732 3787
3733 3734
3733 3787
3733 3788
3733 3789
3734 3735
3734 3788
3734 3789
3735 3736
3735 3789
3735 3790
3736 3737
3736 3790
3736 3791
3737 3738
3737 3790
3737 3791
3737 3792
3738 3739
3738 3791
3738 3792
3739 3740
3739 3792
3739 3793
3740 3741
3740 3793
3740 3794
3741 3742
3741 3793
3741 3794
3741 3795
3742 3743
3742 3794
3742 3795
3742 3796
3743 3744
3743 3795
3743 3796
3743 3797
3744 3796
3744 3797
3744 3798
3745 3746
3745 3798
3745 3799
3745 3800
3746 3799
3746 3800
3746 3801
3747 3748
3747 3803
3747 3804
3748 3749
3748 3804
3748 3805
3749 3805
3749 3806
3750 3751
3750 3808
3750 3809
3751 3809
3751 3810
3752 3753
3752 3810
3752 3811
3752 3812
3753 3811
3753 3812
3753 3813
3754 3755
3754 3813
3754 3814
3754 3815
3755 3814
3755 3815
3756 3757
3756 3816
3756 3817
3757 3758
3757 3816
3757 3817
3758 3759
3758 3817
3758 3818
3759 3760
3759 3818
3760 3761
3760 3818
3760 3819
3761 3762
3761 3819
3761 3820
3762 3763
3762 3819
3762 3820
3762 3821
3763 3820
3763 3821
3763 3822
3764 3765
3764 3822
3764 3823
3765 3766
3765 3823
3765 3824
3766 3767
3766 3824
3766 3825
3767 3824
3767 3825
3768 3769
3768 3826
3768 3827
3769 3770
3769 3827
3769 3828
3770 3771
3770 3828
3770 3829
3771 3828
3771 3829
3771 3830
3772 3773
3772 3830
3772 3831
3772 3832
3773 3774
3773 3831
3773 3832
3773 3833
3774 3775
3774 3832
3774 3833
3775 3776
3775 3833
3775 3834
3776 3834
3776 3835
3777 3778
3777 3835
3777 3836
3778 3779
3778 3836
3778 3837
3779 3780
3779 3837
3779 3838
3780 3781
3780 3837
3780 3838
3780 3839
3781 3838
3781 3839
3781 3840
3782 3783
3782 3840
3782 3841
3782 3842
3783 3784
3783 3841
3783 3842
3783 3843
3784 3785
3784 3842
3784 3843
3784 3844
3785 3786
3785 3843
3785 3844
3785 3845
3786 3787
3786 3844
3786 3845
3786 3846
3787 3788
3787 3845
3787 3846
3787 3847
3788 3789
3788 3846
3788 3847
3788 3848
3789 3847
3789 3848
3789 3849
3790 3791
3790 3849
3791 3792
3791 3850
3792 3850
3792 3851
3793 3794
3793 3851
3794 3795
3795 3796
3795 3852
3796 3797
3796 3852
3796 3853
3797 3798
3797 3852
3797 3853
3797 3854
3798 3799
3798 3853
3798 3854
3798 3855
3799 3800
3799 3854
3799 3855
3799 3856
3800 3801
3800 3855
3800 3856
3801 3802
3801 3856
3801 3857
3802 3803
3802 3857
3802 3858
3803 3804
3803 3857
3803 3858
3803 3859
3804 3858
3804 3859
3804 3860
3805 3806
3805 3860
3805 3861
3805 3862
3806 3807
3806 3861
3806 3862
3807 3808
3807 3862
3807 3863
3808 3809
3808 3863
3808 3864
3809 3863
3809 3864
3810 3811
3810 3865
3810 3866
3811 3812
3811 3865
3811 3866
3811 3867
3812 3813
3812 3866
3812 3867
3812 3868
3813 3814
3813 3867
3813 3868
3813 3869
3814 3815
3814 3868
3814 3869
3814 3870
3815 3869
3815 3870
3816 3817
3816 3871
3816 3872
3817 3871
3817 3872
3818 3873
3818 3874
3819 3820
3819 3874
3819 3875
3820 3821
3820 3875
3821 3822
3822 3823
3822 3876
3823 3876
3824 3825
3824 3877
3824 3878
3825 3877
3825 3878
3826 3827
3826 3879
3827 3879
3827 3880
3828 3829
3828 3880
3828 3881
3828 3882
3829 3830
3829 3881
3829 3882
3829 3883
3830 3831
3830 3882
3830 3883
3830 3884
3831 3832
3831 3883
3831 3884
3831 3885
3832 3833
3832 3884
3832 3885
3832 3886
3833 3885
3833 3886
3833 3887
3834 3835
3834 3887
3834 3888
3835 3836
3835 3888
3837 3838
3837 3889
3838 3839
3838 3889
3839 3840
3839 3890
3840 3841
3840 3890
3840 3891
3841 3842
3841 3890
3841 3891
3841 3892
3842 3843
3842 3891
3842 3892
3842 3893
3843 3844
3843 3892
3843 3893
3843 3894
3844 3845
3844 3893
3844 3894
3844 3895
3845 3846
3845 3894
3845 3895
3845 3896
3846 3847
3846 3895
3846 3896
3847 3848
3847 3896
3847 3897
3848 3849
3848 3897
3848 3898
3849 3897
3849 3898
3849 3899
3850 3851
3850 3900
3852 3853
3852 3902
3852 3903
3852 3904
3853 3854
3853 3903
3853 3904
3854 3855
3854 3904
3854 3905
3855 3856
3855 3905
3855 3906
3856 3905
3856 3906
3856 3907
3857 3858
3857 3907
3857 3908
3858 3859
3858 3908
3858 3909
3859 3860
3859 3908
3859 3909
3859 3910
3860 3861
3860 3909
3860 3910
3860 3911
3861 3862
3861 3910
3861 3911
3862 3911
3862 3912
3863 3864
3863 3912
3863 3913
3863 3914
3864 3913
3864 3914
3864 3915
3865 3866
3865 3915
3865 3916
3866 3867
3866 3916
3866 3917
3867 3868
3867 3916
3867 3917
3867 3918
3868 3869
3868 3917
3868 3918
3869 3870
3869 3918
3869 3919
3870 3919
3871 3872
3873 3874
3874 3875
3877 3878
3879 3880
3880 3881
3881 3882
3882 3883
3883 3884
3884 3885
3885 3886
3886 3887
3887 3888
3890 3891
3891 3892
3892 3893
3893 3894
3894 3895
3895 3896
3897 3898
3898 3899
3899 3900
3901 3902
3902 3903
3903 3904
3905 3906
3906 3907
3908 3909
3909 3910
3910 3911
3912 3913
3913 3914
3914 3915
3916 3917
3917 3918
