# FromNodeId	ToNodeId
0 1
0 66
0 67
1 66
1 67
1 68
2 3
2 68
2 69
2 70
3 4
3 69
3 70
3 71
4 5
4 70
4 71
4 72
5 6
5 71
5 72
5 73
6 7
6 72
6 73
6 74
7 8
7 73
7 74
7 75
8 9
8 74
8 75
8 76
9 75
9 76
10 11
10 77
11 77
11 78
12 78
12 79
12 80
13 14
13 80
13 81
14 15
14 81
14 82
15 16
15 81
15 82
16 17
16 82
16 83
17 18
17 83
17 84
18 19
18 83
18 84
18 85
19 20
19 84
19 85
19 86
20 21
20 85
20 86
21 22
21 86
21 87
22 23
22 87
22 88
23 24
23 87
23 88
23 89
24 88
24 89
24 90
25 26
25 90
25 91
26 27
26 91
26 92
27 28
27 91
27 92
27 93
28 29
28 92
28 93
28 94
29 30
29 93
29 94
30 94
30 95
31 96
31 97
32 33
32 97
32 98
32 99
33 98
33 99
33 100
34 35
34 100
34 101
34 102
35 36
35 101
35 102
35 103
36 37
36 102
36 103
36 104
37 38
37 103
37 104
37 105
38 39
38 104
38 105
39 40
39 105
40 106
41 42
41 106
41 107
41 108
42 43
42 107
42 108
42 109
43 44
43 108
43 109
43 110
44 45
44 109
44 110
44 111
45 46
45 110
45 111
45 112
46 47
46 111
46 112
46 113
47 48
47 112
47 113
47 114
48 49
48 113
48 114
48 115
49 50
49 114
49 115
49 116
50 115
50 116
50 117
51 52
51 117
51 118
51 119
52 53
52 118
52 119
52 120
53 54
53 119
53 120
53 121
54 55
54 120
54 121
55 56
55 121
55 122
56 57
56 122
56 123
57 58
57 122
57 123
57 124
58 59
58 123
58 124
58 125
59 60
59 124
59 125
59 126
60 61
60 125
60 126
61 62
61 126
62 127
63 64
63 127
63 128
64 65
64 128
65 128
66 67
66 129
66 130
67 68
67 129
67 130
68 69
68 130
69 70
69 131
70 71
70 131
70 132
71 72
71 131
71 132
71 133
72 73
72 132
72 133
72 134
73 74
73 133
73 134
73 135
74 75
74 134
74 135
74 136
75 76
75 135
75 136
75 137
76 136
76 137
77 78
77 139
77 140
78 79
78 140
78 141
79 80
79 140
79 141
79 142
80 141
80 142
80 143
81 82
81 143
81 144
81 145
82 144
82 145
82 146
83 84
83 146
83 147
83 148
84 85
84 147
84 148
84 149
85 86
85 148
85 149
85 150
86 149
86 150
87 88
87 151
87 152
88 89
88 151
88 152
88 153
89 90
89 152
89 153
89 154
90 153
90 154
90 155
91 92
91 155
91 156
91 157
92 93
92 156
92 157
92 158
93 94
93 157
93 158
94 158
94 159
95 96
95 159
95 160
95 161
96 160
96 161
96 162
97 98
97 162
97 163
97 164
98 99
98 163
98 164
98 165
99 100
99 164
99 165
99 166
100 101
100 165
100 166
100 167
101 102
101 166
101 167
101 168
102 103
102 167
102 168
102 169
103 104
103 168
103 169
104 105
104 169
104 170
105 170
105 171
106 107
106 172
106 173
106 174
107 108
107 173
107 174
107 175
108 109
108 174
108 175
108 176
109 110
109 175
109 176
109 177
110 111
110 176
110 177
111 112
111 177
111 178
112 113
112 178
112 179
113 114
113 178
113 179
113 180
114 115
114 179
114 180
114 181
115 116
115 180
115 181
115 182
116 117
116 181
116 182
117 118
117 182
117 183
118 119
118 183
118 184
119 120
119 183
119 184
119 185
120 121
120 184
120 185
120 186
121 185
121 186
121 187
122 123
122 187
122 188
123 124
123 188
123 189
124 125
124 189
124 190
125 126
125 189
125 190
125 191
126 190
126 191
126 192
127 193
127 194
127 195
128 195
128 196
128 197
129 130
129 198
129 199
130 198
130 199
130 200
131 132
131 201
131 202
132 133
132 202
132 203
133 134
133 202
133 203
133 204
134 135
134 203
134 204
134 205
135 136
135 204
135 205
136 137
136 205
136 206
137 206
137 207
138 139
138 208
138 209
138 210
139 209
139 210
140 141
140 211
140 212
141 142
141 211
141 212
141 213
142 143
142 212
142 213
143 144
143 213
143 214
144 145
144 214
144 215
145 146
145 214
145 215
145 216
146 147
146 215
146 216
146 217
147 148
147 216
147 217
147 218
148 149
148 217
148 218
148 219
149 150
149 218
149 219
149 220
150 219
150 220
150 221
151 152
151 221
151 222
151 223
152 153
152 222
152 223
153 154
153 223
153 224
154 155
154 224
154 225
155 156
155 224
155 225
156 157
156 225
156 226
157 158
157 226
157 227
158 226
158 227
158 228
159 160
159 228
159 229
159 230
160 161
160 229
160 230
161 162
161 230
161 231
162 163
162 231
162 232
163 164
163 231
163 232
163 233
164 165
164 232
164 233
164 234
165 166
165 233
165 234
165 235
166 167
166 234
166 235
166 236
167 168
167 235
167 236
167 237
168 169
168 236
168 237
168 238
169 237
169 238
169 239
170 171
170 239
170 240
171 172
171 240
171 241
172 173
172 240
172 241
172 242
173 174
173 241
173 242
173 243
174 175
174 242
174 243
175 176
175 243
176 177
177 244
178 179
178 244
178 245
179 180
179 245
179 246
180 181
180 245
180 246
181 182
181 246
182 247
183 184
183 247
183 248
183 249
184 185
184 248
184 249
184 250
185 186
185 249
185 250
185 251
186 187
186 250
186 251
186 252
187 188
187 251
187 252
187 253
188 252
188 253
188 254
189 190
189 254
189 255
189 256
190 191
190 255
190 256
191 192
191 256
191 257
192 193
192 257
192 258
193 194
193 257
193 258
193 259
194 195
194 258
194 259
194 260
195 196
195 259
195 260
195 261
196 197
196 260
196 261
196 262
197 261
197 262
198 199
198 263
199 200
199 263
200 201
200 264
201 264
201 265
202 203
202 265
202 266
202 267
203 204
203 266
203 267
203 268
204 205
204 267
204 268
204 269
205 268
205 269
205 270
206 207
206 270
206 271
206 272
207 208
207 271
207 272
207 273
208 209
208 272
208 273
208 274
209 210
209 273
209 274
209 275
210 274
210 275
210 276
211 212
211 276
211 277
211 278
212 213
212 277
212 278
212 279
213 278
213 279
213 280
214 215
214 280
214 281
215 216
215 281
215 282
216 217
216 281
216 282
216 283
217 218
217 282
217 283
217 284
218 219
218 283
218 284
218 285
219 220
219 284
219 285
220 221
220 285
220 286
221 222
221 286
222 223
222 286
222 287
223 287
223 288
224 225
224 288
224 289
225 289
226 227
226 290
227 228
227 290
227 291
228 229
228 290
228 291
229 230
229 291
230 292
231 232
231 292
231 293
231 294
232 233
232 293
232 294
232 295
233 234
233 294
233 295
233 296
234 235
234 295
234 296
235 236
235 296
235 297
236 237
236 297
236 298
237 238
237 297
237 298
237 299
238 239
238 298
238 299
238 300
239 299
239 300
239 301
240 241
240 301
240 302
240 303
241 242
241 302
241 303
241 304
242 243
242 303
242 304
242 305
243 304
243 305
243 306
244 308
244 309
244 310
245 246
245 310
245 311
246 311
247 248
247 312
247 313
247 314
248 249
248 313
248 314
248 315
249 250
249 314
249 315
249 316
250 251
250 315
250 316
250 317
251 252
251 316
251 317
251 318
252 253
252 317
252 318
253 254
253 318
253 319
254 255
254 319
254 320
255 256
255 319
255 320
256 320
256 321
257 258
257 321
257 322
257 323
258 259
258 322
258 323
258 324
259 260
259 323
259 324
259 325
260 261
260 324
260 325
261 262
261 325
261 326
262 326
263 327
263 328
264 265
264 329
264 330
265 266
265 330
265 331
266 267
266 330
266 331
267 268
267 331
267 332
268 269
268 332
268 333
269 270
269 332
269 333
269 334
270 271
270 333
270 334
270 335
271 272
271 334
271 335
271 336
272 273
272 335
272 336
272 337
273 274
273 336
273 337
273 338
274 275
274 337
274 338
275 276
275 338
276 277
277 278
277 339
278 279
278 339
278 340
279 280
279 339
279 340
280 340
280 341
281 282
281 341
281 342
281 343
282 283
282 342
282 343
283 284
283 343
283 344
284 285
284 344
285 344
286 345
286 346
287 288
287 346
287 347
287 348
288 347
288 348
288 349
289 349
289 350
289 351
290 291
290 352
290 353
291 353
291 354
292 293
292 355
292 356
293 294
293 356
293 357
294 295
294 357
294 358
295 296
295 357
295 358
295 359
296 358
296 359
296 360
297 298
297 360
297 361
297 362
298 299
298 361
298 362
298 363
299 300
299 362
299 363
299 364
300 301
300 363
300 364
300 365
301 302
301 364
301 365
301 366
302 303
302 365
302 366
303 304
303 366
304 305
304 367
305 306
305 367
306 307
306 367
306 368
307 308
307 368
307 369
308 309
308 368
308 369
308 370
309 310
309 369
309 370
309 371
310 370
310 371
310 372
311 372
311 373
311 374
312 313
312 374
312 375
312 376
313 314
313 375
313 376
314 315
314 376
314 377
315 316
315 377
315 378
316 317
316 377
316 378
316 379
317 318
317 378
317 379
317 380
318 379
318 380
319 320
319 381
320 381
320 382
321 322
321 382
321 383
322 323
322 383
322 384
323 324
323 383
323 384
323 385
324 325
324 384
324 385
325 385
325 386
326 386
326 387
327 328
327 388
327 389
328 329
328 388
328 389
329 389
329 390
330 331
330 390
330 391
331 391
331 392
332 333
332 392
332 393
332 394
333 334
333 393
333 394
333 395
334 335
334 394
334 395
335 336
335 395
335 396
336 337
336 396
336 397
337 338
337 396
337 397
337 398
338 397
338 398
338 399
339 340
339 400
339 401
339 402
340 401
340 402
340 403
341 342
341 403
341 404
342 343
342 404
342 405
343 405
344 406
344 407
345 346
345 408
345 409
345 410
346 347
346 409
346 410
346 411
347 348
347 410
347 411
347 412
348 349
348 411
348 412
348 413
349 350
349 412
349 413
350 351
350 413
350 414
351 352
351 414
352 414
352 415
353 354
353 415
353 416
353 417
354 355
354 416
354 417
354 418
355 356
355 417
355 418
355 419
356 418
356 419
356 420
357 358
357 420
357 421
357 422
358 359
358 421
358 422
359 360
359 422
359 423
360 361
360 423
360 424
361 362
361 423
361 424
361 425
362 363
362 424
362 425
362 426
363 364
363 425
363 426
364 365
364 426
364 427
365 366
365 427
365 428
366 427
366 428
366 429
367 430
368 369
368 431
369 370
369 431
370 371
370 432
371 372
371 432
372 373
372 432
372 433
373 374
373 433
374 375
374 433
374 434
375 376
375 434
375 435
376 434
376 435
376 436
377 378
377 436
377 437
377 438
378 379
378 437
378 438
378 439
379 380
379 438
379 439
380 439
380 440
381 382
381 441
382 441
383 384
383 442
383 443
384 385
384 442
384 443
385 443
385 444
386 387
386 444
386 445
386 446
387 445
387 446
388 389
388 447
388 448
389 447
389 448
389 449
390 449
390 450
391 392
391 451
391 452
392 393
392 451
392 452
392 453
393 394
393 452
393 453
394 395
394 453
396 397
396 454
397 398
397 454
397 455
398 399
398 455
399 455
399 456
400 401
400 456
400 457
401 402
401 457
401 458
402 403
402 458
403 404
403 458
403 459
404 459
404 460
405 460
405 461
405 462
406 407
406 462
406 463
407 408
407 463
407 464
408 409
408 464
408 465
409 410
409 464
409 465
409 466
410 411
410 465
410 466
410 467
411 412
411 466
411 467
411 468
412 413
412 467
412 468
412 469
413 468
413 469
413 470
414 470
414 471
415 416
415 471
416 417
416 472
417 418
417 472
417 473
418 419
418 472
418 473
418 474
419 420
419 473
419 474
419 475
420 421
420 474
420 475
420 476
421 422
421 475
421 476
421 477
422 476
422 477
422 478
423 424
423 478
423 479
423 480
424 425
424 479
424 480
424 481
425 426
425 480
425 481
425 482
426 481
426 482
426 483
427 428
427 483
427 484
427 485
428 429
428 484
428 485
428 486
429 430
429 485
429 486
429 487
430 486
430 487
430 488
431 489
431 490
431 491
432 492
432 493
433 494
434 435
434 494
434 495
434 496
435 436
435 495
435 496
436 437
436 496
437 438
438 439
438 497
439 497
439 498
440 498
440 499
441 500
442 443
442 501
442 502
443 501
443 502
443 503
444 445
444 503
444 504
445 446
445 504
447 448
448 449
449 450
449 505
450 505
451 452
452 453
452 506
453 506
454 508
454 509
454 510
455 510
455 511
456 457
456 512
456 513
457 512
457 513
457 514
458 514
458 515
459 460
459 515
459 516
460 461
460 516
460 517
461 462
461 516
461 517
461 518
462 463
462 517
462 518
462 519
463 518
463 519
463 520
464 465
464 520
464 521
465 466
465 521
465 522
466 467
466 522
466 523
467 468
467 522
467 523
468 469
468 523
469 470
469 524
470 524
470 525
471 525
471 526
472 473
472 527
472 528
472 529
473 474
473 528
473 529
473 530
474 475
474 529
474 530
475 476
475 530
475 531
476 477
476 531
476 532
477 478
477 531
477 532
477 533
478 479
478 532
478 533
478 534
479 480
479 533
479 534
479 535
480 481
480 534
480 535
480 536
481 482
481 535
481 536
481 537
482 483
482 536
482 537
482 538
483 484
483 537
483 538
484 485
484 538
484 539
485 486
485 539
485 540
486 487
486 539
486 540
486 541
487 488
487 540
487 541
487 542
488 489
488 541
488 542
488 543
489 490
489 542
489 543
489 544
490 491
490 543
490 544
490 545
491 492
491 544
491 545
491 546
492 493
492 545
492 546
492 547
493 546
493 547
494 495
494 548
494 549
495 496
495 549
496 550
497 498
497 552
497 553
497 554
498 553
498 554
498 555
499 500
499 555
499 556
500 556
500 557
501 502
501 558
501 559
502 503
502 559
502 560
503 504
503 559
503 560
503 561
504 560
504 561
504 562
505 564
505 565
505 566
506 568
506 569
507 508
507 569
507 570
508 509
508 570
508 571
509 510
509 570
509 571
510 511
510 571
510 572
511 572
511 573
512 513
512 573
512 574
513 514
513 574
513 575
514 574
514 575
514 576
515 576
515 577
515 578
516 517
516 578
516 579
516 580
517 518
517 579
517 580
517 581
518 519
518 580
518 581
519 520
519 581
519 582
520 521
520 582
520 583
521 582
521 583
521 584
522 523
522 584
522 585
522 586
523 585
523 586
523 587
524 525
524 588
524 589
524 590
525 589
525 590
525 591
526 527
526 591
526 592
526 593
527 528
527 592
527 593
528 529
528 593
528 594
529 530
529 594
529 595
530 594
530 595
530 596
531 532
531 596
531 597
532 533
532 597
533 534
533 598
534 535
534 598
534 599
535 536
535 598
535 599
535 600
536 537
536 599
536 600
536 601
537 538
537 600
537 601
537 602
538 601
538 602
538 603
539 540
539 603
539 604
540 541
540 604
540 605
541 542
541 605
541 606
542 543
542 605
542 606
543 544
543 606
543 607
544 545
544 607
544 608
545 546
545 607
545 608
545 609
546 547
546 608
546 609
547 609
548 549
548 610
548 611
549 610
549 611
549 612
550 551
550 613
550 614
551 552
551 614
551 615
552 553
552 614
552 615
552 616
553 554
553 615
553 616
553 617
554 555
554 616
554 617
554 618
555 617
555 618
555 619
556 557
556 619
556 620
556 621
557 558
557 620
557 621
557 622
558 621
558 622
558 623
559 560
559 623
559 624
559 625
560 561
560 624
560 625
561 562
561 625
561 626
562 563
562 626
562 627
563 626
563 627
564 565
564 629
564 630
564 631
565 566
565 630
565 631
565 632
566 567
566 631
566 632
566 633
567 632
567 633
567 634
568 569
568 634
568 635
569 635
569 636
570 571
570 636
570 637
571 637
571 638
572 573
572 638
572 639
573 639
573 640
574 575
574 640
574 641
574 642
575 576
575 641
575 642
575 643
576 577
576 642
576 643
576 644
577 578
577 643
577 644
577 645
578 579
578 644
578 645
578 646
579 580
579 645
579 646
579 647
580 581
580 646
580 647
580 648
581 647
581 648
581 649
582 583
582 649
582 650
582 651
583 584
583 650
583 651
583 652
584 585
584 651
584 652
584 653
585 586
585 652
585 653
585 654
586 587
586 653
586 654
586 655
587 588
587 654
587 655
587 656
588 589
588 655
588 656
588 657
589 590
589 656
589 657
589 658
590 591
590 657
590 658
590 659
591 592
591 658
591 659
591 660
592 593
592 659
592 660
592 661
593 660
593 661
593 662
594 595
594 662
594 663
594 664
595 596
595 663
595 664
595 665
596 597
596 664
596 665
596 666
597 665
597 666
598 599
598 667
598 668
598 669
599 600
599 668
599 669
599 670
600 601
600 669
600 670
600 671
601 602
601 670
601 671
601 672
602 603
602 671
602 672
602 673
603 604
603 672
603 673
604 673
604 674
605 606
605 674
605 675
605 676
606 675
606 676
606 677
607 608
607 677
607 678
608 609
608 678
608 679
609 679
609 680
610 611
610 681
611 612
611 681
612 613
612 682
613 682
613 683
614 615
614 683
614 684
614 685
615 616
615 684
615 685
615 686
616 617
616 685
616 686
617 618
617 686
617 687
618 619
618 687
618 688
619 620
619 687
619 688
619 689
620 621
620 688
620 689
620 690
621 622
621 689
621 690
622 623
622 690
622 691
623 624
623 691
624 625
624 691
625 692
626 627
626 692
626 693
627 693
628 629
628 694
628 695
629 630
629 694
629 695
629 696
630 631
630 695
630 696
630 697
631 632
631 696
631 697
631 698
632 633
632 697
632 698
632 699
633 634
633 698
633 699
633 700
634 699
634 700
634 701
635 636
635 701
635 702
635 703
636 637
636 702
636 703
636 704
637 703
637 704
638 705
639 640
639 705
639 706
640 641
640 706
640 707
641 642
641 707
641 708
642 643
642 707
642 708
642 709
643 644
643 708
643 709
643 710
644 645
644 709
644 710
644 711
645 646
645 710
645 711
645 712
646 647
646 711
646 712
646 713
647 648
647 712
647 713
647 714
648 649
648 713
648 714
649 650
649 714
649 715
650 651
650 715
650 716
651 652
651 715
651 716
651 717
652 653
652 716
652 717
653 654
653 717
653 718
654 655
654 718
654 719
655 656
655 718
655 719
655 720
656 657
656 719
656 720
656 721
657 658
657 720
657 721
658 659
658 721
659 660
659 722
660 661
660 722
661 662
661 722
661 723
662 663
662 723
662 724
663 664
663 723
663 724
663 725
664 665
664 724
664 725
665 666
665 725
666 726
667 668
667 726
667 727
668 669
668 727
668 728
669 670
669 728
669 729
670 671
670 728
670 729
671 672
671 729
671 730
672 673
672 730
672 731
673 730
673 731
673 732
674 675
674 732
674 733
674 734
675 676
675 733
675 734
675 735
676 677
676 734
676 735
676 736
677 678
677 735
677 736
677 737
678 736
678 737
678 738
679 680
679 738
679 739
679 740
680 739
680 740
680 741
681 741
681 742
681 743
682 683
682 744
682 745
682 746
683 684
683 745
683 746
683 747
684 685
684 746
684 747
684 748
685 686
685 747
685 748
685 749
686 748
686 749
687 688
687 750
687 751
688 689
688 750
688 751
688 752
689 690
689 751
689 752
689 753
690 752
690 753
690 754
691 754
691 755
691 756
692 693
692 757
692 758
693 758
693 759
694 695
694 760
695 696
695 760
696 697
696 761
697 698
697 761
698 699
698 761
698 762
699 700
699 762
699 763
700 701
700 762
700 763
700 764
701 702
701 763
701 764
701 765
702 703
702 764
702 765
702 766
703 704
703 765
703 766
703 767
704 766
704 767
704 768
705 706
705 769
705 770
705 771
706 770
706 771
706 772
707 708
707 772
707 773
707 774
708 709
708 773
708 774
708 775
709 710
709 774
709 775
709 776
710 711
710 775
710 776
710 777
711 712
711 776
711 777
711 778
712 713
712 777
712 778
712 779
713 714
713 778
713 779
713 780
714 779
714 780
714 781
715 716
715 781
715 782
715 783
716 717
716 782
716 783
717 783
717 784
718 719
718 784
718 785
719 720
719 785
719 786
720 721
720 785
720 786
720 787
721 786
721 787
722 788
722 789
722 790
723 724
723 790
723 791
723 792
724 725
724 791
724 792
724 793
725 792
725 793
725 794
726 727
726 795
726 796
726 797
727 796
727 797
728 729
728 798
728 799
729 798
729 799
729 800
730 731
730 800
731 732
731 801
732 733
732 801
733 734
733 801
733 802
734 735
734 802
734 803
735 736
735 802
735 803
735 804
736 737
736 803
736 804
736 805
737 738
737 804
737 805
737 806
738 739
738 805
738 806
739 740
739 806
739 807
740 741
740 807
740 808
741 742
741 807
741 808
741 809
742 743
742 808
742 809
742 810
743 744
743 809
743 810
743 811
744 745
744 810
744 811
744 812
745 746
745 811
745 812
745 813
746 747
746 812
746 813
746 814
747 748
747 813
747 814
748 749
748 814
748 815
749 815
749 816
750 751
750 816
750 817
751 752
751 817
752 753
752 817
752 818
753 754
753 818
753 819
754 755
754 818
754 819
754 820
755 756
755 819
755 820
755 821
756 757
756 820
756 821
756 822
757 758
757 821
757 822
757 823
758 822
758 823
758 824
759 824
759 825
760 826
760 827
761 828
761 829
761 830
762 763
762 830
762 831
762 832
763 764
763 831
763 832
763 833
764 765
764 832
764 833
765 766
765 833
765 834
766 767
766 834
766 835
767 768
767 834
767 835
767 836
768 769
768 835
768 836
769 770
769 836
769 837
770 771
770 837
771 772
771 837
771 838
772 773
772 838
772 839
773 774
773 838
773 839
773 840
774 775
774 839
774 840
774 841
775 776
775 840
775 841
775 842
776 777
776 841
776 842
776 843
777 778
777 842
777 843
777 844
778 779
778 843
778 844
778 845
779 780
779 844
779 845
779 846
780 781
780 845
780 846
781 782
781 846
781 847
782 783
782 847
782 848
783 847
783 848
783 849
784 849
784 850
784 851
785 786
785 851
785 852
786 787
786 852
786 853
787 852
787 853
787 854
788 789
788 854
788 855
789 790
789 855
789 856
790 791
790 855
790 856
790 857
791 792
791 856
791 857
791 858
792 793
792 857
792 858
792 859
793 794
793 858
793 859
794 795
794 859
794 860
795 796
795 860
796 797
796 860
796 861
797 861
797 862
798 799
798 862
798 863
798 864
799 800
799 863
799 864
799 865
800 864
800 865
800 866
801 867
801 868
801 869
802 803
802 869
802 870
803 804
803 870
803 871
804 805
804 871
804 872
805 806
805 871
805 872
805 873
806 872
806 873
806 874
807 808
807 874
807 875
807 876
808 809
808 875
808 876
808 877
809 810
809 876
809 877
809 878
810 811
810 877
810 878
810 879
811 812
811 878
811 879
811 880
812 813
812 879
812 880
812 881
813 814
813 880
813 881
813 882
814 881
814 882
815 816
815 883
815 884
816 883
816 884
816 885
817 885
817 886
818 819
818 887
818 888
819 820
819 887
819 888
819 889
820 821
820 888
820 889
820 890
821 822
821 889
821 890
821 891
822 823
822 890
822 891
822 892
823 824
823 891
823 892
823 893
824 825
824 892
824 893
824 894
825 893
825 894
826 827
826 895
826 896
827 828
827 895
827 896
827 897
828 829
828 896
828 897
828 898
829 830
829 897
829 898
829 899
830 831
830 898
830 899
830 900
831 832
831 899
831 900
831 901
832 833
832 900
832 901
832 902
833 901
833 902
833 903
834 835
834 903
834 904
834 905
835 836
835 904
835 905
835 906
836 905
836 906
836 907
837 907
837 908
838 839
838 908
838 909
838 910
839 840
839 909
839 910
839 911
840 841
840 910
840 911
841 842
841 911
841 912
842 843
842 912
842 913
843 844
843 912
843 913
843 914
844 845
844 913
844 914
845 846
845 914
845 915
846 915
846 916
847 848
847 916
847 917
847 918
848 849
848 917
848 918
848 919
849 850
849 918
849 919
849 920
850 851
850 919
850 920
851 920
852 853
852 921
853 854
853 921
853 922
854 921
854 922
854 923
855 856
855 923
855 924
855 925
856 857
856 924
856 925
857 858
857 925
857 926
858 859
858 926
858 927
859 926
859 927
859 928
860 928
860 929
860 930
861 862
861 930
861 931
861 932
862 863
862 931
862 932
863 864
863 932
864 865
865 866
865 933
866 867
866 933
866 934
867 868
867 933
867 934
867 935
868 869
868 934
868 935
868 936
869 870
869 935
869 936
869 937
870 936
870 937
870 938
871 872
871 938
871 939
871 940
872 873
872 939
872 940
872 941
873 874
873 940
873 941
874 875
874 941
874 942
875 876
875 942
876 877
876 942
876 943
877 878
877 943
877 944
878 879
878 943
878 944
878 945
879 880
879 944
879 945
880 881
880 945
880 946
881 882
881 946
882 946
882 947
883 884
883 947
883 948
884 885
884 948
884 949
885 886
885 949
885 950
886 949
886 950
886 951
887 888
887 951
887 952
888 889
888 952
888 953
889 890
889 953
889 954
890 891
890 953
890 954
890 955
891 892
891 954
891 955
891 956
892 893
892 955
892 956
892 957
893 894
893 956
893 957
894 957
895 896
895 958
895 959
896 897
896 958
896 959
896 960
897 898
897 959
897 960
897 961
898 899
898 960
898 961
898 962
899 900
899 961
899 962
899 963
900 901
900 962
900 963
900 964
901 902
901 963
901 964
901 965
902 903
902 964
902 965
902 966
903 904
903 965
903 966
903 967
904 905
904 966
904 967
904 968
905 906
905 967
905 968
906 907
906 968
906 969
907 969
907 970
908 909
908 970
908 971
908 972
909 910
909 971
909 972
910 911
910 972
911 973
912 913
912 973
912 974
912 975
913 914
913 974
913 975
913 976
914 975
914 976
914 977
915 916
915 977
915 978
916 917
916 978
916 979
917 918
917 979
917 980
918 919
918 979
918 980
918 981
919 920
919 980
919 981
920 981
920 982
921 922
921 984
921 985
921 986
922 923
922 985
922 986
923 924
923 986
924 925
924 987
925 987
925 988
926 927
926 988
926 989
927 928
927 989
928 929
928 989
929 930
929 990
930 931
930 990
931 932
931 990
931 991
932 991
932 992
933 934
933 994
933 995
933 996
934 935
934 995
934 996
934 997
935 936
935 996
935 997
935 998
936 937
936 997
936 998
936 999
937 938
937 998
937 999
937 1000
938 939
938 999
938 1000
938 1001
939 940
939 1000
939 1001
939 1002
940 941
940 1001
940 1002
941 1002
941 1003
942 1003
942 1004
942 1005
943 944
943 1005
943 1006
944 945
944 1006
945 1007
946 1007
946 1008
947 948
947 1009
948 1009
948 1010
949 950
949 1010
949 1011
949 1012
950 951
950 1011
950 1012
950 1013
951 952
951 1012
951 1013
951 1014
952 1013
952 1014
953 954
953 1015
954 955
954 1015
955 956
955 1016
956 957
956 1016
956 1017
957 1016
957 1017
957 1018
958 959
958 1019
958 1020
959 960
959 1019
959 1020
960 961
960 1020
960 1021
961 962
961 1021
962 963
962 1021
962 1022
963 964
963 1022
963 1023
964 965
964 1022
964 1023
964 1024
965 966
965 1023
965 1024
966 967
966 1024
967 968
967 1025
968 1025
968 1026
969 970
969 1026
969 1027
969 1028
970 971
970 1027
970 1028
971 972
971 1028
972 1029
973 974
973 1030
973 1031
974 975
974 1031
974 1032
975 976
975 1031
975 1032
975 1033
976 977
976 1032
976 1033
976 1034
977 978
977 1033
977 1034
977 1035
978 1034
978 1035
978 1036
979 980
979 1036
979 1037
979 1038
980 981
980 1037
980 1038
980 1039
981 1038
981 1039
981 1040
982 983
982 1040
982 1041
982 1042
983 984
983 1041
983 1042
983 1043
984 985
984 1042
984 1043
984 1044
985 986
985 1043
985 1044
986 1044
987 988
987 1045
987 1046
987 1047
988 1046
988 1047
988 1048
989 1048
989 1049
990 1050
990 1051
990 1052
991 992
991 1052
991 1053
991 1054
992 993
992 1053
992 1054
992 1055
993 994
993 1054
993 1055
993 1056
994 995
994 1055
994 1056
994 1057
995 996
995 1056
995 1057
995 1058
996 997
996 1057
996 1058
997 998
997 1058
997 1059
998 999
998 1059
998 1060
999 1000
999 1059
999 1060
1000 1001
1000 1060
1000 1061
1001 1002
1001 1061
1001 1062
1002 1061
1002 1062
1002 1063
1003 1004
1003 1063
1003 1064
1003 1065
1004 1005
1004 1064
1004 1065
1004 1066
1005 1006
1005 1065
1005 1066
1005 1067
1006 1066
1006 1067
1007 1008
1007 1068
1007 1069
1008 1069
1009 1070
1009 1071
1010 1011
1010 1071
1011 1012
1012 1013
1012 1072
1013 1014
1013 1072
1013 1073
1014 1072
1014 1073
1014 1074
1015 1074
1015 1075
1015 1076
1016 1017
1016 1077
1016 1078
1017 1018
1017 1078
1019 1020
1019 1079
1019 1080
1020 1079
1020 1080
1021 1081
1021 1082
1022 1023
1022 1082
1022 1083
1022 1084
1023 1024
1023 1083
1023 1084
1023 1085
1024 1084
1024 1085
1025 1026
1025 1086
1025 1087
1025 1088
1026 1027
1026 1087
1026 1088
1027 1028
1027 1088
1027 1089
1028 1089
1028 1090
1029 1030
1029 1091
1029 1092
1030 1092
1030 1093
1031 1032
1031 1093
1031 1094
1031 1095
1032 1033
1032 1094
1032 1095
1032 1096
1033 1034
1033 1095
1033 1096
1033 1097
1034 1035
1034 1096
1034 1097
1034 1098
1035 1036
1035 1097
1035 1098
1035 1099
1036 1037
1036 1098
1036 1099
1036 1100
1037 1038
1037 1099
1037 1100
1037 1101
1038 1039
1038 1100
1038 1101
1038 1102
1039 1040
1039 1101
1039 1102
1039 1103
1040 1041
1040 1102
1040 1103
1040 1104
1041 1042
1041 1103
1041 1104
1041 1105
1042 1043
1042 1104
1042 1105
1042 1106
1043 1044
1043 1105
1043 1106
1043 1107
1044 1106
1044 1107
1044 1108
1045 1046
1045 1109
1045 1110
1046 1047
1046 1110
1046 1111
1047 1048
1047 1111
1047 1112
1048 1049
1048 1111
1048 1112
1048 1113
1049 1112
1049 1113
1049 1114
1050 1051
1050 1114
1050 1115
1050 1116
1051 1052
1051 1115
1051 1116
1051 1117
1052 1053
1052 1116
1052 1117
1052 1118
1053 1054
1053 1117
1053 1118
1054 1055
1054 1118
1054 1119
1055 1056
1055 1119
1055 1120
1056 1057
1056 1119
1056 1120
1056 1121
1057 1058
1057 1120
1057 1121
1057 1122
1058 1121
1058 1122
1058 1123
1059 1060
1059 1123
1059 1124
1060 1124
1060 1125
1061 1062
1061 1125
1061 1126
1061 1127
1062 1063
1062 1126
1062 1127
1062 1128
1063 1064
1063 1127
1063 1128
1064 1065
1064 1128
1064 1129
1065 1066
1065 1129
1065 1130
1066 1067
1066 1129
1066 1130
1066 1131
1067 1130
1067 1131
1067 1132
1068 1069
1068 1132
1068 1133
1069 1133
1069 1134
1070 1071
1070 1135
1070 1136
1070 1137
1071 1136
1071 1137
1071 1138
1072 1073
1072 1140
1072 1141
1072 1142
1073 1074
1073 1141
1073 1142
1073 1143
1074 1075
1074 1142
1074 1143
1074 1144
1075 1076
1075 1143
1075 1144
1075 1145
1076 1077
1076 1144
1076 1145
1076 1146
1077 1078
1077 1145
1077 1146
1077 1147
1078 1146
1078 1147
1078 1148
1079 1080
1079 1150
1079 1151
1080 1150
1080 1151
1080 1152
1081 1082
1081 1152
1081 1153
1081 1154
1082 1083
1082 1153
1082 1154
1083 1084
1083 1154
1084 1085
1084 1155
1085 1155
1086 1087
1086 1156
1086 1157
1087 1088
1087 1156
1087 1157
1087 1158
1088 1157
1088 1158
1088 1159
1089 1090
1089 1159
1089 1160
1089 1161
1090 1091
1090 1160
1090 1161
1091 1092
1091 1161
1091 1162
1092 1162
1092 1163
1093 1094
1093 1163
1093 1164
1094 1095
1094 1164
1094 1165
1095 1096
1095 1164
1095 1165
1095 1166
1096 1097
1096 1165
1096 1166
1096 1167
1097 1098
1097 1166
1097 1167
1097 1168
1098 1099
1098 1167
1098 1168
1098 1169
1099 1100
1099 1168
1099 1169
1099 1170
1100 1101
1100 1169
1100 1170
1100 1171
1101 1102
1101 1170
1101 1171
1101 1172
1102 1103
1102 1171
1102 1172
1102 1173
1103 1104
1103 1172
1103 1173
1103 1174
1104 1105
1104 1173
1104 1174
1104 1175
1105 1106
1105 1174
1105 1175
1105 1176
1106 1107
1106 1175
1106 1176
1107 1108
1107 1176
1107 1177
1108 1109
1108 1177
1108 1178
1109 1110
1109 1177
1109 1178
1109 1179
1110 1178
1110 1179
1110 1180
1111 1112
1111 1180
1111 1181
1112 1113
1112 1181
1112 1182
1113 1114
1113 1182
1114 1115
1114 1182
1114 1183
1115 1116
1115 1183
1115 1184
1116 1117
1116 1183
1116 1184
1116 1185
1117 1118
1117 1184
1117 1185
1117 1186
1118 1185
1118 1186
1118 1187
1119 1120
1119 1187
1119 1188
1119 1189
1120 1121
1120 1188
1120 1189
1121 1122
1121 1189
1121 1190
1122 1123
1122 1190
1122 1191
1123 1190
1123 1191
1124 1125
1124 1192
1125 1126
1125 1192
1125 1193
1126 1127
1126 1192
1126 1193
1126 1194
1127 1128
1127 1193
1127 1194
1127 1195
1128 1194
1128 1195
1128 1196
1129 1130
1129 1196
1129 1197
1129 1198
1130 1131
1130 1197
1130 1198
1130 1199
1131 1132
1131 1198
1131 1199
1131 1200
1132 1199
1132 1200
1132 1201
1133 1134
1133 1201
1133 1202
1133 1203
1134 1135
1134 1202
1134 1203
1134 1204
1135 1136
1135 1203
1135 1204
1135 1205
1136 1137
1136 1204
1136 1205
1136 1206
1137 1138
1137 1205
1137 1206
1137 1207
1138 1139
1138 1206
1138 1207
1138 1208
1139 1140
1139 1207
1139 1208
1139 1209
1140 1141
1140 1208
1140 1209
1140 1210
1141 1142
1141 1209
1141 1210
1141 1211
1142 1143
1142 1210
1142 1211
1142 1212
1143 1144
1143 1211
1143 1212
1144 1145
1144 1212
1144 1213
1145 1146
1145 1213
1145 1214
1146 1147
1146 1213
1146 1214
1146 1215
1147 1148
1147 1214
1147 1215
1147 1216
1148 1149
1148 1215
1148 1216
1148 1217
1149 1216
1149 1217
1150 1151
1150 1218
1150 1219
1151 1152
1151 1218
1151 1219
1151 1220
1152 1153
1152 1219
1152 1220
1152 1221
1153 1154
1153 1220
1153 1221
1153 1222
1154 1221
1154 1222
1154 1223
1155 1224
1155 1225
1155 1226
1156 1157
1156 1226
1156 1227
1156 1228
1157 1158
1157 1227
1157 1228
1157 1229
1158 1159
1158 1228
1158 1229
1158 1230
1159 1160
1159 1229
1159 1230
1159 1231
1160 1161
1160 1230
1160 1231
1160 1232
1161 1231
1161 1232
1161 1233
1162 1163
1162 1233
1162 1234
1162 1235
1163 1234
1163 1235
1163 1236
1164 1165
1164 1236
1164 1237
1164 1238
1165 1166
1165 1237
1165 1238
1165 1239
1166 1167
1166 1238
1166 1239
1166 1240
1167 1168
1167 1239
1167 1240
1167 1241
1168 1169
1168 1240
1168 1241
1169 1170
1169 1241
1169 1242
1170 1171
1170 1242
1170 1243
1171 1172
1171 1242
1171 1243
1171 1244
1172 1173
1172 1243
1172 1244
1172 1245
1173 1174
1173 1244
1173 1245
1173 1246
1174 1175
1174 1245
1174 1246
1174 1247
1175 1176
1175 1246
1175 1247
1175 1248
1176 1247
1176 1248
1176 1249
1177 1178
1177 1249
1177 1250
1177 1251
1178 1179
1178 1250
1178 1251
1178 1252
1179 1180
1179 1251
1179 1252
1180 1181
1180 1252
1181 1253
1182 1253
1182 1254
1182 1255
1183 1184
1183 1255
1183 1256
1184 1185
1184 1256
1184 1257
1185 1186
1185 1256
1185 1257
1185 1258
1186 1187
1186 1257
1186 1258
1186 1259
1187 1188
1187 1258
1187 1259
1187 1260
1188 1189
1188 1259
1188 1260
1188 1261
1189 1260
1189 1261
1189 1262
1190 1191
1190 1262
1190 1263
1191 1263
1191 1264
1192 1193
1192 1265
1192 1266
1192 1267
1193 1194
1193 1266
1193 1267
1193 1268
1194 1195
1194 1267
1194 1268
1194 1269
1195 1196
1195 1268
1195 1269
1195 1270
1196 1197
1196 1269
1196 1270
1196 1271
1197 1198
1197 1270
1197 1271
1198 1199
1198 1271
1199 1200
1199 1272
1200 1201
1200 1272
1200 1273
1201 1202
1201 1272
1201 1273
1201 1274
1202 1203
1202 1273
1202 1274
1202 1275
1203 1204
1203 1274
1203 1275
1203 1276
1204 1205
1204 1275
1204 1276
1204 1277
1205 1206
1205 1276
1205 1277
1205 1278
1206 1207
1206 1277
1206 1278
1206 1279
1207 1208
1207 1278
1207 1279
1208 1209
1208 1279
1208 1280
1209 1210
1209 1280
1209 1281
1210 1211
1210 1280
1210 1281
1210 1282
1211 1212
1211 1281
1211 1282
1211 1283
1212 1282
1212 1283
1213 1214
1213 1284
1213 1285
1214 1215
1214 1284
1214 1285
1214 1286
1215 1216
1215 1285
1215 1286
1216 1217
1216 1286
1218 1219
1218 1287
1219 1220
1219 1287
1219 1288
1220 1221
1220 1288
1221 1222
1221 1288
1221 1289
1222 1223
1222 1289
1222 1290
1223 1224
1223 1289
1223 1290
1223 1291
1224 1225
1224 1290
1224 1291
1225 1226
1225 1291
1225 1292
1226 1227
1226 1292
1226 1293
1227 1228
1227 1292
1227 1293
1227 1294
1228 1229
1228 1293
1228 1294
1228 1295
1229 1230
1229 1294
1229 1295
1229 1296
1230 1231
1230 1295
1230 1296
1230 1297
1231 1232
1231 1296
1231 1297
1231 1298
1232 1233
1232 1297
1232 1298
1232 1299
1233 1234
1233 1298
1233 1299
1233 1300
1234 1235
1234 1299
1234 1300
1234 1301
1235 1236
1235 1300
1235 1301
1235 1302
1236 1237
1236 1301
1236 1302
1236 1303
1237 1238
1237 1302
1237 1303
1237 1304
1238 1239
1238 1303
1238 1304
1238 1305
1239 1240
1239 1304
1239 1305
1239 1306
1240 1241
1240 1305
1240 1306
1240 1307
1241 1306
1241 1307
1241 1308
1242 1243
1242 1308
1242 1309
1242 1310
1243 1244
1243 1309
1243 1310
1244 1245
1244 1310
1245 1246
1245 1311
1246 1247
1246 1311
1246 1312
1247 1248
1247 1311
1247 1312
1247 1313
1248 1249
1248 1312
1248 1313
1248 1314
1249 1250
1249 1313
1249 1314
1250 1251
1250 1314
1250 1315
1251 1252
1251 1315
1251 1316
1252 1315
1252 1316
1252 1317
1253 1254
1253 1318
1253 1319
1253 1320
1254 1255
1254 1319
1254 1320
1254 1321
1255 1320
1255 1321
1255 1322
1256 1257
1256 1322
1256 1323
1257 1258
1257 1323
1258 1259
1258 1324
1259 1260
1259 1324
1259 1325
1260 1261
1260 1324
1260 1325
1260 1326
1261 1262
1261 1325
1261 1326
1261 1327
1262 1263
1262 1326
1262 1327
1262 1328
1263 1327
1263 1328
1264 1265
1264 1329
1264 1330
1265 1266
1265 1329
1265 1330
1265 1331
1266 1267
1266 1330
1266 1331
1266 1332
1267 1268
1267 1331
1267 1332
1268 1269
1268 1332
1268 1333
1269 1270
1269 1333
1269 1334
1270 1271
1270 1333
1270 1334
1270 1335
1271 1334
1271 1335
1271 1336
1272 1273
1272 1337
1272 1338
1273 1274
1273 1338
1273 1339
1274 1275
1274 1338
1274 1339
1275 1276
1275 1339
1276 1277
1276 1340
1277 1278
1277 1340
1278 1279
1278 1340
1278 1341
1279 1341
1280 1281
1280 1342
1280 1343
1281 1282
1281 1342
1281 1343
1281 1344
1282 1283
1282 1343
1282 1344
1282 1345
1283 1344
1283 1345
1283 1346
1284 1285
1284 1346
1284 1347
1284 1348
1285 1286
1285 1347
1285 1348
1285 1349
1286 1348
1286 1349
1286 1350
1287 1352
1288 1352
1288 1353
1288 1354
1289 1290
1289 1354
1289 1355
1289 1356
1290 1291
1290 1355
1290 1356
1290 1357
1291 1356
1291 1357
1291 1358
1292 1293
1292 1358
1292 1359
1292 1360
1293 1294
1293 1359
1293 1360
1293 1361
1294 1295
1294 1360
1294 1361
1294 1362
1295 1296
1295 1361
1295 1362
1295 1363
1296 1297
1296 1362
1296 1363
1297 1298
1297 1363
1297 1364
1298 1299
1298 1364
1299 1300
1299 1364
1299 1365
1300 1301
1300 1365
1300 1366
1301 1302
1301 1365
1301 1366
1301 1367
1302 1303
1302 1366
1302 1367
1302 1368
1303 1304
1303 1367
1303 1368
1303 1369
1304 1305
1304 1368
1304 1369
1305 1306
1305 1369
1305 1370
1306 1307
1306 1370
1306 1371
1307 1308
1307 1370
1307 1371
1307 1372
1308 1309
1308 1371
1308 1372
1308 1373
1309 1310
1309 1372
1309 1373
1309 1374
1310 1373
1310 1374
1311 1312
1311 1375
1311 1376
1311 1377
1312 1313
1312 1376
1312 1377
1313 1314
1313 1377
1313 1378
1314 1378
1314 1379
1315 1316
1315 1379
1315 1380
1316 1317
1316 1380
1316 1381
1317 1318
1317 1381
1317 1382
1318 1319
1318 1381
1318 1382
1318 1383
1319 1320
1319 1382
1319 1383
1319 1384
1320 1321
1320 1383
1320 1384
1320 1385
1321 1322
1321 1384
1321 1385
1321 1386
1322 1323
1322 1385
1322 1386
1322 1387
1323 1386
1323 1387
1324 1325
1325 1326
1325 1388
1326 1327
1326 1388
1326 1389
1327 1328
1327 1388
1327 1389
1327 1390
1328 1389
1328 1390
1328 1391
1329 1330
1329 1391
1329 1392
1330 1331
1330 1392
1330 1393
1331 1332
1331 1392
1331 1393
1331 1394
1332 1393
1332 1394
1332 1395
1333 1334
1333 1395
1333 1396
1333 1397
1334 1335
1334 1396
1334 1397
1334 1398
1335 1336
1335 1397
1335 1398
1336 1337
1336 1398
1336 1399
1337 1399
1338 1339
1338 1400
1338 1401
1339 1400
1339 1401
1339 1402
1340 1403
1340 1404
1341 1404
1341 1405
1341 1406
1342 1343
1342 1406
1343 1344
1343 1407
1344 1345
1344 1407
1345 1346
1345 1407
1345 1408
1346 1347
1346 1408
1346 1409
1347 1348
1347 1408
1347 1409
1347 1410
1348 1349
1348 1409
1348 1410
1348 1411
1349 1350
1349 1410
1349 1411
1349 1412
1350 1351
1350 1411
1350 1412
1350 1413
1351 1412
1351 1413
1352 1353
1352 1414
1352 1415
1353 1354
1353 1415
1353 1416
1354 1355
1354 1415
1354 1416
1354 1417
1355 1356
1355 1416
1355 1417
1355 1418
1356 1357
1356 1417
1356 1418
1356 1419
1357 1358
1357 1418
1357 1419
1357 1420
1358 1359
1358 1419
1358 1420
1358 1421
1359 1360
1359 1420
1359 1421
1360 1361
1360 1421
1360 1422
1361 1362
1361 1422
1361 1423
1362 1363
1362 1422
1362 1423
1362 1424
1363 1423
1363 1424
1363 1425
1364 1425
1364 1426
1364 1427
1365 1366
1365 1427
1365 1428
1365 1429
1366 1367
1366 1428
1366 1429
1366 1430
1367 1368
1367 1429
1367 1430
1367 1431
1368 1369
1368 1430
1368 1431
1368 1432
1369 1431
1369 1432
1370 1371
1370 1433
1370 1434
1371 1372
1371 1433
1371 1434
1371 1435
1372 1373
1372 1434
1372 1435
1372 1436
1373 1374
1373 1435
1373 1436
1373 1437
1374 1436
1374 1437
1374 1438
1375 1376
1375 1438
1375 1439
1375 1440
1376 1377
1376 1439
1376 1440
1376 1441
1377 1440
1377 1441
1377 1442
1378 1379
1378 1442
1378 1443
1378 1444
1379 1380
1379 1443
1379 1444
1380 1444
1380 1445
1381 1382
1381 1445
1381 1446
1381 1447
1382 1383
1382 1446
1382 1447
1383 1384
1383 1447
1383 1448
1384 1385
1384 1448
1385 1386
1385 1448
1385 1449
1386 1387
1386 1449
1386 1450
1387 1449
1387 1450
1387 1451
1388 1389
1388 1453
1388 1454
1388 1455
1389 1390
1389 1454
1389 1455
1389 1456
1390 1391
1390 1455
1390 1456
1390 1457
1391 1456
1391 1457
1391 1458
1392 1393
1392 1458
1392 1459
1393 1394
1393 1459
1393 1460
1394 1395
1394 1459
1394 1460
1394 1461
1395 1396
1395 1460
1395 1461
1395 1462
1396 1397
1396 1461
1396 1462
1396 1463
1397 1398
1397 1462
1397 1463
1397 1464
1398 1463
1398 1464
1398 1465
1399 1465
1399 1466
1399 1467
1400 1401
1400 1467
1400 1468
1400 1469
1401 1402
1401 1468
1401 1469
1402 1469
1402 1470
1403 1404
1403 1470
1403 1471
1403 1472
1404 1405
1404 1471
1404 1472
1404 1473
1405 1406
1405 1472
1405 1473
1405 1474
1406 1473
1406 1474
1406 1475
1407 1476
1407 1477
1407 1478
1408 1409
1408 1478
1408 1479
1409 1410
1409 1479
1409 1480
1410 1411
1410 1480
1410 1481
1411 1412
1411 1480
1411 1481
1411 1482
1412 1413
1412 1481
1412 1482
1412 1483
1413 1482
1413 1483
1414 1484
1415 1416
1415 1485
1416 1417
1416 1485
1416 1486
1417 1418
1417 1485
1417 1486
1417 1487
1418 1419
1418 1486
1418 1487
1418 1488
1419 1420
1419 1487
1419 1488
1419 1489
1420 1421
1420 1488
1420 1489
1420 1490
1421 1489
1421 1490
1421 1491
1422 1423
1422 1491
1422 1492
1422 1493
1423 1424
1423 1492
1423 1493
1423 1494
1424 1425
1424 1493
1424 1494
1424 1495
1425 1426
1425 1494
1425 1495
1425 1496
1426 1427
1426 1495
1426 1496
1426 1497
1427 1428
1427 1496
1427 1497
1427 1498
1428 1429
1428 1497
1428 1498
1428 1499
1429 1430
1429 1498
1429 1499
1429 1500
1430 1431
1430 1499
1430 1500
1431 1432
1431 1500
1431 1501
1432 1501
1432 1502
1433 1434
1433 1502
1433 1503
1433 1504
1434 1435
1434 1503
1434 1504
1434 1505
1435 1436
1435 1504
1435 1505
1435 1506
1436 1437
1436 1505
1436 1506
1437 1438
1437 1506
1437 1507
1438 1439
1438 1507
1438 1508
1439 1440
1439 1507
1439 1508
1439 1509
1440 1441
1440 1508
1440 1509
1441 1442
1441 1509
1442 1443
1442 1510
1443 1444
1443 1510
1443 1511
1444 1510
1444 1511
1444 1512
1445 1446
1445 1512
1445 1513
1446 1447
1446 1513
1447 1513
1448 1514
1449 1450
1449 1515
1449 1516
1450 1451
1450 1515
1450 1516
1450 1517
1451 1452
1451 1516
1451 1517
1451 1518
1452 1517
1452 1518
1452 1519
1453 1454
1453 1519
1453 1520
1453 1521
1454 1455
1454 1520
1454 1521
1455 1456
1455 1521
1456 1457
1457 1458
1457 1522
1458 1522
1458 1523
1459 1460
1459 1523
1459 1524
1460 1461
1460 1524
1461 1462
1461 1524
1461 1525
1462 1463
1462 1525
1462 1526
1463 1464
1463 1525
1463 1526
1464 1465
1464 1526
1464 1527
1465 1466
1465 1527
1465 1528
1466 1467
1466 1527
1466 1528
1466 1529
1467 1468
1467 1528
1467 1529
1467 1530
1468 1469
1468 1529
1468 1530
1468 1531
1469 1530
1469 1531
1469 1532
1470 1471
1470 1532
1470 1533
1470 1534
1471 1472
1471 1533
1471 1534
1471 1535
1472 1473
1472 1534
1472 1535
1472 1536
1473 1474
1473 1535
1473 1536
1474 1475
1474 1536
1474 1537
1475 1476
1475 1537
1475 1538
1476 1477
1476 1537
1476 1538
1476 1539
1477 1478
1477 1538
1477 1539
1478 1479
1478 1539
1478 1540
1479 1540
1479 1541
1480 1481
1480 1541
1480 1542
1481 1482
1481 1542
1482 1483
1482 1543
1483 1543
1484 1544
1485 1486
1485 1545
1486 1487
1486 1545
1486 1546
1487 1488
1487 1545
1487 1546
1487 1547
1488 1489
1488 1546
1488 1547
1488 1548
1489 1490
1489 1547
1489 1548
1489 1549
1490 1491
1490 1548
1490 1549
1490 1550
1491 1492
1491 1549
1491 1550
1491 1551
1492 1493
1492 1550
1492 1551
1492 1552
1493 1494
1493 1551
1493 1552
1493 1553
1494 1495
1494 1552
1494 1553
1494 1554
1495 1496
1495 1553
1495 1554
1495 1555
1496 1497
1496 1554
1496 1555
1496 1556
1497 1498
1497 1555
1497 1556
1497 1557
1498 1499
1498 1556
1498 1557
1498 1558
1499 1500
1499 1557
1499 1558
1500 1558
1500 1559
1501 1502
1501 1559
1501 1560
1502 1503
1502 1560
1502 1561
1503 1504
1503 1560
1503 1561
1503 1562
1504 1505
1504 1561
1504 1562
1504 1563
1505 1506
1505 1562
1505 1563
1505 1564
1506 1563
1506 1564
1506 1565
1507 1508
1507 1565
1507 1566
1508 1509
1508 1566
1508 1567
1509 1566
1509 1567
1509 1568
1510 1511
1510 1569
1510 1570
1510 1571
1511 1512
1511 1570
1511 1571
1511 1572
1512 1571
1512 1572
1512 1573
1513 1573
1513 1574
1513 1575
1514 1576
1514 1577
1515 1516
1515 1577
1515 1578
1516 1517
1516 1578
1516 1579
1517 1518
1517 1578
1517 1579
1517 1580
1518 1519
1518 1579
1518 1580
1518 1581
1519 1520
1519 1580
1519 1581
1519 1582
1520 1521
1520 1581
1520 1582
1520 1583
1521 1582
1521 1583
1521 1584
1522 1523
1522 1586
1522 1587
1522 1588
1523 1587
1523 1588
1523 1589
1524 1589
1524 1590
1524 1591
1525 1526
1525 1591
1525 1592
1525 1593
1526 1592
1526 1593
1526 1594
1527 1528
1527 1594
1527 1595
1527 1596
1528 1529
1528 1595
1528 1596
1528 1597
1529 1530
1529 1596
1529 1597
1530 1531
1530 1597
1530 1598
1531 1532
1531 1598
1531 1599
1532 1533
1532 1598
1532 1599
1533 1534
1533 1599
1533 1600
1534 1535
1534 1600
1534 1601
1535 1536
1535 1600
1535 1601
1536 1601
1537 1538
1537 1602
1538 1539
1538 1602
1538 1603
1539 1603
1539 1604
1540 1541
1540 1604
1540 1605
1540 1606
1541 1542
1541 1605
1541 1606
1542 1606
1542 1607
1543 1608
1543 1609
1544 1610
1545 1546
1545 1612
1545 1613
1545 1614
1546 1547
1546 1613
1546 1614
1547 1548
1547 1614
1547 1615
1548 1549
1548 1615
1548 1616
1549 1550
1549 1615
1549 1616
1549 1617
1550 1551
1550 1616
1550 1617
1550 1618
1551 1552
1551 1617
1551 1618
1551 1619
1552 1553
1552 1618
1552 1619
1553 1554
1553 1619
1553 1620
1554 1555
1554 1620
1554 1621
1555 1556
1555 1620
1555 1621
1555 1622
1556 1557
1556 1621
1556 1622
1556 1623
1557 1558
1557 1622
1557 1623
1558 1623
1558 1624
1559 1624
1559 1625
1560 1561
1560 1626
1561 1562
1561 1626
1561 1627
1562 1563
1562 1626
1562 1627
1562 1628
1563 1564
1563 1627
1563 1628
1564 1565
1564 1628
1565 1629
1566 1567
1566 1629
1566 1630
1567 1568
1567 1630
1567 1631
1568 1569
1568 1631
1569 1570
1569 1631
1569 1632
1570 1571
1570 1632
1570 1633
1571 1572
1571 1632
1571 1633
1572 1573
1572 1633
1572 1634
1573 1574
1573 1634
1573 1635
1574 1575
1574 1634
1574 1635
1574 1636
1575 1635
1575 1636
1575 1637
1576 1577
1576 1637
1576 1638
1576 1639
1577 1638
1577 1639
1577 1640
1578 1579
1578 1640
1578 1641
1579 1580
1579 1641
1579 1642
1580 1581
1580 1641
1580 1642
1580 1643
1581 1582
1581 1642
1581 1643
1581 1644
1582 1583
1582 1643
1582 1644
1583 1584
1583 1644
1584 1585
1584 1645
1585 1586
1585 1645
1585 1646
1586 1587
1586 1645
1586 1646
1587 1588
1587 1646
1588 1589
1588 1647
1589 1590
1589 1647
1589 1648
1590 1591
1590 1647
1590 1648
1590 1649
1591 1592
1591 1648
1591 1649
1592 1593
1592 1649
1593 1594
1593 1650
1594 1595
1594 1650
1594 1651
1595 1596
1595 1650
1595 1651
1595 1652
1596 1597
1596 1651
1596 1652
1596 1653
1597 1652
1597 1653
1597 1654
1598 1599
1598 1654
1598 1655
1598 1656
1599 1655
1599 1656
1600 1601
1600 1657
1600 1658
1601 1657
1601 1658
1601 1659
1602 1660
1602 1661
1603 1604
1603 1662
1604 1605
1604 1662
1604 1663
1605 1606
1605 1663
1605 1664
1606 1663
1606 1664
1606 1665
1607 1608
1607 1665
1607 1666
1607 1667
1608 1609
1608 1666
1608 1667
1608 1668
1609 1667
1609 1668
1610 1611
1610 1669
1610 1670
1610 1671
1611 1612
1611 1670
1611 1671
1611 1672
1612 1613
1612 1671
1612 1672
1613 1614
1613 1672
1613 1673
1614 1673
1615 1616
1615 1674
1615 1675
1616 1617
1616 1674
1616 1675
1617 1618
1617 1675
1617 1676
1618 1619
1618 1676
1618 1677
1619 1676
1619 1677
1619 1678
1620 1621
1620 1678
1620 1679
1620 1680
1621 1622
1621 1679
1621 1680
1621 1681
1622 1623
1622 1680
1622 1681
1623 1681
1623 1682
1624 1625
1624 1682
1624 1683
1624 1684
1625 1683
1625 1684
1625 1685
1626 1627
1626 1686
1626 1687
1627 1628
1627 1686
1627 1687
1627 1688
1628 1687
1628 1688
1629 1630
1629 1689
1629 1690
1630 1690
1630 1691
1631 1691
1631 1692
1632 1633
1632 1692
1632 1693
1633 1693
1634 1635
1634 1694
1635 1636
1635 1694
1635 1695
1636 1637
1636 1695
1636 1696
1637 1638
1637 1695
1637 1696
1637 1697
1638 1639
1638 1696
1638 1697
1638 1698
1639 1640
1639 1697
1639 1698
1639 1699
1640 1698
1640 1699
1640 1700
1641 1642
1641 1700
1641 1701
1641 1702
1642 1643
1642 1701
1642 1702
1642 1703
1643 1644
1643 1702
1643 1703
1643 1704
1644 1703
1644 1704
1644 1705
1645 1646
1645 1706
1646 1707
1647 1648
1647 1708
1647 1709
1648 1649
1648 1709
1649 1709
1649 1710
1650 1651
1650 1711
1650 1712
1651 1652
1651 1711
1651 1712
1651 1713
1652 1653
1652 1712
1652 1713
1652 1714
1653 1654
1653 1713
1653 1714
1653 1715
1654 1655
1654 1714
1654 1715
1654 1716
1655 1656
1655 1715
1655 1716
1655 1717
1656 1716
1656 1717
1656 1718
1657 1658
1657 1718
1657 1719
1657 1720
1658 1659
1658 1719
1658 1720
1658 1721
1659 1660
1659 1720
1659 1721
1659 1722
1660 1661
1660 1721
1660 1722
1660 1723
1661 1722
1661 1723
1661 1724
1662 1724
1663 1664
1663 1725
1663 1726
1664 1665
1664 1725
1664 1726
1665 1666
1665 1726
1665 1727
1666 1667
1666 1727
1666 1728
1667 1668
1667 1727
1667 1728
1667 1729
1668 1728
1668 1729
1669 1670
1669 1730
1669 1731
1670 1671
1670 1730
1670 1731
1670 1732
1671 1672
1671 1731
1671 1732
1672 1732
1672 1733
1673 1733
1673 1734
1673 1735
1674 1675
1674 1735
1674 1736
1674 1737
1675 1736
1675 1737
1675 1738
1676 1677
1676 1738
1676 1739
1676 1740
1677 1678
1677 1739
1677 1740
1677 1741
1678 1679
1678 1740
1678 1741
1678 1742
1679 1680
1679 1741
1679 1742
1679 1743
1680 1681
1680 1742
1680 1743
1680 1744
1681 1743
1681 1744
1681 1745
1682 1683
1682 1745
1682 1746
1682 1747
1683 1684
1683 1746
1683 1747
1683 1748
1684 1685
1684 1747
1684 1748
1684 1749
1685 1748
1685 1749
1685 1750
1686 1687
1686 1750
1686 1751
1686 1752
1687 1688
1687 1751
1687 1752
1687 1753
1688 1752
1688 1753
1688 1754
1689 1690
1689 1754
1689 1755
1690 1755
1690 1756
1691 1756
1691 1757
1691 1758
1692 1693
1692 1758
1692 1759
1692 1760
1693 1759
1693 1760
1694 1761
1694 1762
1695 1696
1695 1763
1695 1764
1696 1697
1696 1763
1696 1764
1696 1765
1697 1698
1697 1764
1697 1765
1697 1766
1698 1699
1698 1765
1698 1766
1699 1700
1699 1766
1699 1767
1700 1701
1700 1767
1700 1768
1701 1702
1701 1767
1701 1768
1701 1769
1702 1703
1702 1768
1702 1769
1702 1770
1703 1704
1703 1769
1703 1770
1704 1705
1704 1770
1704 1771
1705 1706
1705 1771
1705 1772
1706 1771
1706 1772
1706 1773
1707 1708
1707 1774
1707 1775
1707 1776
1708 1775
1708 1776
1708 1777
1709 1777
1709 1778
1710 1778
1710 1779
1711 1712
1711 1779
1711 1780
1711 1781
1712 1713
1712 1780
1712 1781
1712 1782
1713 1714
1713 1781
1713 1782
1714 1715
1714 1782
1714 1783
1715 1716
1715 1783
1715 1784
1716 1717
1716 1783
1716 1784
1717 1718
1717 1784
1717 1785
1718 1719
1718 1785
1718 1786
1719 1720
1719 1785
1719 1786
1720 1721
1720 1786
1720 1787
1721 1722
1721 1787
1721 1788
1722 1723
1722 1787
1722 1788
1722 1789
1723 1724
1723 1788
1723 1789
1723 1790
1724 1789
1724 1790
1724 1791
1725 1726
1725 1792
1725 1793
1725 1794
1726 1793
1726 1794
1726 1795
1727 1728
1727 1795
1727 1796
1727 1797
1728 1729
1728 1796
1728 1797
1728 1798
1729 1797
1729 1798
1730 1731
1730 1799
1731 1732
1731 1799
1731 1800
1732 1800
1732 1801
1733 1734
1733 1801
1733 1802
1733 1803
1734 1735
1734 1802
1734 1803
1735 1736
1735 1803
1735 1804
1736 1737
1736 1804
1736 1805
1737 1738
1737 1804
1737 1805
1738 1739
1738 1805
1738 1806
1739 1740
1739 1806
1739 1807
1740 1741
1740 1806
1740 1807
1740 1808
1741 1742
1741 1807
1741 1808
1741 1809
1742 1743
1742 1808
1742 1809
1742 1810
1743 1744
1743 1809
1743 1810
1743 1811
1744 1745
1744 1810
1744 1811
1744 1812
1745 1746
1745 1811
1745 1812
1745 1813
1746 1747
1746 1812
1746 1813
1746 1814
1747 1748
1747 1813
1747 1814
1747 1815
1748 1749
1748 1814
1748 1815
1749 1750
1749 1815
1749 1816
1750 1751
1750 1816
1750 1817
1751 1752
1751 1816
1751 1817
1752 1753
1752 1817
1752 1818
1753 1754
1753 1818
1754 1818
1755 1756
1755 1819
1755 1820
1756 1757
1756 1819
1756 1820
1756 1821
1757 1758
1757 1820
1757 1821
1757 1822
1758 1759
1758 1821
1758 1822
1758 1823
1759 1760
1759 1822
1759 1823
1760 1823
1760 1824
1761 1762
1761 1824
1761 1825
1761 1826
1762 1825
1762 1826
1762 1827
1763 1764
1763 1827
1763 1828
1763 1829
1764 1765
1764 1828
1764 1829
1764 1830
1765 1766
1765 1829
1765 1830
1765 1831
1766 1830
1766 1831
1766 1832
1767 1768
1767 1832
1767 1833
1767 1834
1768 1769
1768 1833
1768 1834
1768 1835
1769 1770
1769 1834
1769 1835
1770 1835
1771 1772
1771 1836
1771 1837
1772 1773
1772 1836
1772 1837
1773 1774
1773 1837
1774 1775
1774 1838
1775 1776
1775 1838
1775 1839
1776 1777
1776 1838
1776 1839
1777 1839
1777 1840
1778 1840
1778 1841
1778 1842
1779 1780
1779 1842
1779 1843
1779 1844
1780 1781
1780 1843
1780 1844
1780 1845
1781 1782
1781 1844
1781 1845
1781 1846
1782 1845
1782 1846
1782 1847
1783 1784
1783 1847
1783 1848
1783 1849
1784 1848
1784 1849
1785 1786
1785 1850
1786 1850
1786 1851
1787 1788
1787 1851
1787 1852
1787 1853
1788 1789
1788 1852
1788 1853
1788 1854
1789 1790
1789 1853
1789 1854
1789 1855
1790 1791
1790 1854
1790 1855
1790 1856
1791 1792
1791 1855
1791 1856
1791 1857
1792 1793
1792 1856
1792 1857
1792 1858
1793 1794
1793 1857
1793 1858
1793 1859
1794 1795
1794 1858
1794 1859
1794 1860
1795 1796
1795 1859
1795 1860
1796 1797
1796 1860
1796 1861
1797 1798
1797 1861
1798 1861
1799 1862
1799 1863
1800 1801
1800 1863
1800 1864
1801 1802
1801 1864
1801 1865
1802 1803
1802 1865
1802 1866
1803 1865
1803 1866
1803 1867
1804 1805
1804 1867
1804 1868
1804 1869
1805 1868
1805 1869
1805 1870
1806 1807
1806 1870
1806 1871
1807 1808
1807 1871
1808 1809
1808 1871
1808 1872
1809 1810
1809 1872
1810 1811
1810 1872
1810 1873
1811 1812
1811 1873
1811 1874
1812 1813
1812 1873
1812 1874
1812 1875
1813 1814
1813 1874
1813 1875
1814 1815
1814 1875
1814 1876
1815 1876
1815 1877
1816 1817
1816 1877
1816 1878
1816 1879
1817 1878
1817 1879
1818 1880
1818 1881
1819 1820
1819 1882
1819 1883
1819 1884
1820 1821
1820 1883
1820 1884
1820 1885
1821 1822
1821 1884
1821 1885
1821 1886
1822 1823
1822 1885
1822 1886
1822 1887
1823 1886
1823 1887
1823 1888
1824 1825
1824 1888
1824 1889
1824 1890
1825 1826
1825 1889
1825 1890
1825 1891
1826 1827
1826 1890
1826 1891
1826 1892
1827 1828
1827 1891
1827 1892
1828 1829
1828 1892
1828 1893
1829 1830
1829 1893
1829 1894
1830 1831
1830 1893
1830 1894
1830 1895
1831 1832
1831 1894
1831 1895
1831 1896
1832 1833
1832 1895
1832 1896
1832 1897
1833 1834
1833 1896
1833 1897
1833 1898
1834 1835
1834 1897
1834 1898
1834 1899
1835 1898
1835 1899
1835 1900
1836 1837
1836 1901
1836 1902
1836 1903
1837 1902
1837 1903
1837 1904
1838 1839
1838 1905
1838 1906
1838 1907
1839 1906
1839 1907
1839 1908
1840 1841
1840 1908
1840 1909
1840 1910
1841 1842
1841 1909
1841 1910
1841 1911
1842 1843
1842 1910
1842 1911
1843 1844
1843 1911
1843 1912
1844 1845
1844 1912
1845 1846
1845 1912
1846 1847
1846 1913
1847 1848
1847 1913
1847 1914
1848 1849
1848 1913
1848 1914
1849 1914
1849 1915
1850 1915
1850 1916
1851 1852
1851 1917
1852 1853
1852 1917
1852 1918
1853 1854
1853 1917
1853 1918
1853 1919
1854 1855
1854 1918
1854 1919
1854 1920
1855 1856
1855 1919
1855 1920
1856 1857
1856 1920
1857 1858
1857 1921
1858 1859
1858 1921
1859 1860
1859 1921
1860 1922
1861 1922
1861 1923
1861 1924
1862 1863
1862 1925
1863 1864
1863 1925
1863 1926
1864 1925
1864 1926
1864 1927
1865 1866
1865 1927
1865 1928
1865 1929
1866 1867
1866 1928
1866 1929
1866 1930
1867 1868
1867 1929
1867 1930
1867 1931
1868 1869
1868 1930
1868 1931
1868 1932
1869 1870
1869 1931
1869 1932
1870 1932
1870 1933
1871 1933
1871 1934
1871 1935
1872 1935
1872 1936
1872 1937
1873 1874
1873 1937
1873 1938
1873 1939
1874 1875
1874 1938
1874 1939
1874 1940
1875 1939
1875 1940
1875 1941
1876 1877
1876 1941
1876 1942
1877 1878
1877 1942
1877 1943
1878 1879
1878 1943
1878 1944
1879 1943
1879 1944
1879 1945
1880 1881
1880 1945
1880 1946
1880 1947
1881 1882
1881 1946
1881 1947
1881 1948
1882 1883
1882 1947
1882 1948
1883 1884
1883 1948
1883 1949
1884 1885
1884 1949
1884 1950
1885 1886
1885 1949
1885 1950
1885 1951
1886 1887
1886 1950
1886 1951
1886 1952
1887 1888
1887 1951
1887 1952
1887 1953
1888 1889
1888 1952
1888 1953
1889 1890
1889 1953
1889 1954
1890 1891
1890 1954
1890 1955
1891 1892
1891 1954
1891 1955
1891 1956
1892 1955
1892 1956
1892 1957
1893 1894
1893 1957
1893 1958
1894 1895
1894 1958
1895 1896
1895 1958
1896 1897
1896 1959
1897 1898
1897 1959
1897 1960
1898 1899
1898 1959
1898 1960
1898 1961
1899 1900
1899 1960
1899 1961
1899 1962
1900 1901
1900 1961
1900 1962
1901 1902
1901 1962
1901 1963
1902 1903
1902 1963
1902 1964
1903 1904
1903 1963
1903 1964
1904 1905
1904 1964
1904 1965
1905 1906
1905 1965
1905 1966
1906 1907
1906 1965
1906 1966
1906 1967
1907 1908
1907 1966
1907 1967
1908 1909
1908 1967
1908 1968
1909 1910
1909 1968
1909 1969
1910 1911
1910 1968
1910 1969
1910 1970
1911 1969
1911 1970
1911 1971
1912 1971
1912 1972
1912 1973
1913 1914
1913 1974
1913 1975
1914 1975
1914 1976
1915 1916
1915 1976
1915 1977
1915 1978
1916 1977
1916 1978
1916 1979
1917 1918
1917 1980
1917 1981
1918 1919
1918 1981
1918 1982
1919 1920
1919 1982
1919 1983
1920 1982
1920 1983
1920 1984
1921 1985
1921 1986
1921 1987
1922 1923
1922 1988
1922 1989
1922 1990
1923 1924
1923 1989
1923 1990
1924 1990
1925 1926
1925 1991
1925 1992
1926 1927
1926 1992
1926 1993
1927 1928
1927 1992
1927 1993
1928 1929
1928 1993
1928 1994
1929 1930
1929 1994
1929 1995
1930 1931
1930 1994
1930 1995
1930 1996
1931 1932
1931 1995
1931 1996
1931 1997
1932 1996
1932 1997
1932 1998
1933 1934
1933 1998
1933 1999
1933 2000
1934 1935
1934 1999
1934 2000
1934 2001
1935 1936
1935 2000
1935 2001
1935 2002
1936 1937
1936 2001
1936 2002
1937 1938
1937 2002
1938 1939
1938 2003
1939 1940
1939 2003
1939 2004
1940 1941
1940 2003
1940 2004
1940 2005
1941 1942
1941 2004
1941 2005
1942 2005
1942 2006
1943 1944
1943 2006
1943 2007
1943 2008
1944 1945
1944 2007
1944 2008
1945 1946
1945 2008
1945 2009
1946 1947
1946 2009
1946 2010
1947 1948
1947 2009
1947 2010
1947 2011
1948 2010
1948 2011
1948 2012
1949 1950
1949 2012
1949 2013
1949 2014
1950 1951
1950 2013
1950 2014
1950 2015
1951 1952
1951 2014
1951 2015
1951 2016
1952 1953
1952 2015
1952 2016
1952 2017
1953 2016
1953 2017
1953 2018
1954 1955
1954 2018
1954 2019
1954 2020
1955 1956
1955 2019
1955 2020
1956 1957
1956 2020
1956 2021
1957 2021
1957 2022
1958 2022
1958 2023
1958 2024
1959 1960
1959 2025
1959 2026
1960 1961
1960 2025
1960 2026
1960 2027
1961 1962
1961 2026
1961 2027
1962 2027
1963 1964
1963 2028
1964 2028
1964 2029
1965 1966
1965 2029
1965 2030
1966 1967
1966 2030
1966 2031
1967 2030
1967 2031
1968 1969
1968 2032
1968 2033
1969 1970
1969 2032
1969 2033
1969 2034
1970 1971
1970 2033
1970 2034
1970 2035
1971 1972
1971 2034
1971 2035
1971 2036
1972 1973
1972 2035
1972 2036
1972 2037
1973 1974
1973 2036
1973 2037
1973 2038
1974 2037
1974 2038
1974 2039
1975 1976
1975 2039
1975 2040
1975 2041
1976 1977
1976 2040
1976 2041
1976 2042
1977 1978
1977 2041
1977 2042
1978 1979
1978 2042
1978 2043
1979 1980
1979 2043
1979 2044
1980 1981
1980 2043
1980 2044
1980 2045
1981 2044
1981 2045
1981 2046
1982 1983
1982 2046
1982 2047
1982 2048
1983 1984
1983 2047
1983 2048
1984 1985
1984 2048
1984 2049
1985 1986
1985 2049
1985 2050
1986 1987
1986 2049
1986 2050
1986 2051
1987 1988
1987 2050
1987 2051
1987 2052
1988 1989
1988 2051
1988 2052
1988 2053
1989 1990
1989 2052
1989 2053
1990 2053
1990 2054
1991 2055
1991 2056
1992 1993
1992 2056
1992 2057
1993 2057
1994 1995
1994 2058
1995 1996
1995 2058
1995 2059
1996 1997
1996 2058
1996 2059
1997 1998
1997 2059
1997 2060
1998 1999
1998 2060
1998 2061
1999 2000
1999 2060
1999 2061
2000 2001
2000 2061
2000 2062
2001 2002
2001 2062
2001 2063
2002 2062
2002 2063
2002 2064
2003 2004
2003 2065
2003 2066
2004 2005
2004 2066
2005 2066
2006 2007
2006 2067
2006 2068
2007 2008
2007 2067
2007 2068
2007 2069
2008 2068
2008 2069
2008 2070
2009 2010
2009 2070
2009 2071
2009 2072
2010 2011
2010 2071
2010 2072
2011 2012
2011 2072
2011 2073
2012 2013
2012 2073
2012 2074
2013 2014
2013 2073
2013 2074
2013 2075
2014 2015
2014 2074
2014 2075
2014 2076
2015 2016
2015 2075
2015 2076
2015 2077
2016 2017
2016 2076
2016 2077
2017 2018
2017 2077
2017 2078
2018 2019
2018 2078
2018 2079
2019 2020
2019 2078
2019 2079
2020 2079
2020 2080
2021 2022
2021 2080
2021 2081
2022 2023
2022 2081
2022 2082
2023 2024
2023 2081
2023 2082
2023 2083
2024 2082
2024 2083
2025 2026
2025 2084
2025 2085
2026 2027
2026 2084
2026 2085
2026 2086
2027 2085
2027 2086
2027 2087
2028 2029
2028 2088
2028 2089
2028 2090
2029 2089
2029 2090
2030 2031
2030 2091
2030 2092
2031 2091
2031 2092
2031 2093
2032 2033
2032 2093
2032 2094
2032 2095
2033 2034
2033 2094
2033 2095
2033 2096
2034 2035
2034 2095
2034 2096
2035 2036
2035 2096
2035 2097
2036 2037
2036 2097
2036 2098
2037 2038
2037 2097
2037 2098
2037 2099
2038 2039
2038 2098
2038 2099
2038 2100
2039 2040
2039 2099
2039 2100
2039 2101
2040 2041
2040 2100
2040 2101
2041 2042
2041 2101
2042 2102
2043 2044
2043 2102
2043 2103
2043 2104
2044 2045
2044 2103
2044 2104
2044 2105
2045 2046
2045 2104
2045 2105
2045 2106
2046 2047
2046 2105
2046 2106
2046 2107
2047 2048
2047 2106
2047 2107
2048 2107
2048 2108
2049 2050
2049 2108
2049 2109
2050 2051
2050 2109
2050 2110
2051 2052
2051 2110
2051 2111
2052 2053
2052 2110
2052 2111
2052 2112
2053 2111
2053 2112
2053 2113
2054 2113
2055 2056
2055 2114
2056 2057
2056 2114
2056 2115
2057 2115
2057 2116
2058 2059
2058 2117
2058 2118
2059 2118
2059 2119
2060 2061
2060 2119
2060 2120
2061 2120
2061 2121
2062 2063
2062 2121
2062 2122
2063 2064
2063 2122
2063 2123
2064 2065
2064 2122
2064 2123
2064 2124
2065 2123
2065 2124
2065 2125
2066 2125
2066 2126
2067 2068
2067 2127
2067 2128
2068 2069
2068 2128
2069 2070
2069 2129
2070 2071
2070 2129
2070 2130
2071 2072
2071 2129
2071 2130
2071 2131
2072 2130
2072 2131
2072 2132
2073 2074
2073 2132
2073 2133
2074 2075
2074 2133
2074 2134
2075 2076
2075 2134
2076 2077
2076 2134
2076 2135
2077 2135
2077 2136
2078 2079
2078 2136
2078 2137
2078 2138
2079 2137
2079 2138
2079 2139
2080 2139
2080 2140
2081 2082
2081 2141
2081 2142
2082 2083
2082 2141
2082 2142
2083 2142
2083 2143
2084 2085
2084 2143
2084 2144
2085 2086
2085 2144
2085 2145
2086 2087
2086 2144
2086 2145
2086 2146
2087 2145
2087 2146
2087 2147
2088 2089
2088 2147
2088 2148
2088 2149
2089 2090
2089 2148
2089 2149
2089 2150
2090 2149
2090 2150
2091 2092
2091 2151
2091 2152
2092 2093
2092 2151
2092 2152
2092 2153
2093 2094
2093 2152
2093 2153
2094 2095
2094 2153
2094 2154
2095 2096
2095 2154
2095 2155
2096 2154
2096 2155
2096 2156
2097 2098
2097 2156
2097 2157
2098 2099
2098 2157
2098 2158
2099 2100
2099 2158
2100 2101
2100 2158
2100 2159
2101 2159
2101 2160
2102 2103
2102 2161
2102 2162
2103 2104
2103 2162
2103 2163
2104 2105
2104 2163
2104 2164
2105 2106
2105 2163
2105 2164
2105 2165
2106 2107
2106 2164
2106 2165
2106 2166
2107 2165
2107 2166
2107 2167
2108 2109
2108 2167
2108 2168
2109 2168
2109 2169
2110 2111
2110 2169
2110 2170
2110 2171
2111 2112
2111 2170
2111 2171
2111 2172
2112 2113
2112 2171
2112 2172
2112 2173
2113 2172
2113 2173
2113 2174
2114 2175
2115 2116
2115 2175
2115 2176
2115 2177
2116 2176
2116 2177
2116 2178
2117 2178
2117 2179
2117 2180
2118 2119
2118 2180
2118 2181
2118 2182
2119 2120
2119 2181
2119 2182
2119 2183
2120 2182
2120 2183
2120 2184
2121 2184
2121 2185
2122 2123
2122 2186
2122 2187
2123 2124
2123 2186
2123 2187
2123 2188
2124 2125
2124 2187
2124 2188
2124 2189
2125 2126
2125 2188
2125 2189
2125 2190
2126 2189
2126 2190
2126 2191
2127 2128
2127 2191
2127 2192
2127 2193
2128 2192
2128 2193
2128 2194
2129 2130
2129 2195
2129 2196
2130 2131
2130 2195
2130 2196
2130 2197
2131 2132
2131 2196
2131 2197
2132 2133
2132 2197
2132 2198
2133 2198
2133 2199
2134 2199
2134 2200
2135 2136
2135 2200
2135 2201
2136 2137
2136 2201
2136 2202
2137 2138
2137 2201
2137 2202
2137 2203
2138 2139
2138 2202
2138 2203
2138 2204
2139 2140
2139 2203
2139 2204
2139 2205
2140 2204
2140 2205
2141 2142
2141 2206
2141 2207
2142 2206
2142 2207
2142 2208
2143 2208
2143 2209
2144 2145
2144 2209
2144 2210
2144 2211
2145 2146
2145 2210
2145 2211
2145 2212
2146 2147
2146 2211
2146 2212
2147 2148
2147 2212
2147 2213
2148 2149
2148 2213
2148 2214
2149 2150
2149 2213
2149 2214
2149 2215
2150 2214
2150 2215
2150 2216
2151 2152
2151 2216
2151 2217
2151 2218
2152 2153
2152 2217
2152 2218
2152 2219
2153 2218
2153 2219
2153 2220
2154 2155
2154 2220
2154 2221
2154 2222
2155 2156
2155 2221
2155 2222
2155 2223
2156 2157
2156 2222
2156 2223
2157 2223
2157 2224
2158 2224
2158 2225
2159 2160
2159 2225
2159 2226
2159 2227
2160 2161
2160 2226
2160 2227
2161 2162
2161 2227
2161 2228
2162 2228
2163 2164
2163 2229
2163 2230
2164 2165
2164 2229
2164 2230
2164 2231
2165 2166
2165 2230
2165 2231
2165 2232
2166 2167
2166 2231
2166 2232
2166 2233
2167 2232
2167 2233
2167 2234
2168 2169
2168 2234
2168 2235
2168 2236
2169 2170
2169 2235
2169 2236
2169 2237
2170 2171
2170 2236
2170 2237
2171 2172
2171 2237
2172 2173
2172 2238
2173 2174
2173 2238
2173 2239
2174 2238
2174 2239
2175 2176
2175 2240
2175 2241
2176 2177
2176 2240
2176 2241
2177 2178
2177 2241
2177 2242
2178 2179
2178 2242
2179 2180
2179 2242
2179 2243
2180 2181
2180 2243
2181 2182
2181 2243
2181 2244
2182 2183
2182 2244
2182 2245
2183 2184
2183 2244
2183 2245
2183 2246
2184 2185
2184 2245
2184 2246
2184 2247
2185 2246
2185 2247
2185 2248
2186 2187
2186 2248
2186 2249
2186 2250
2187 2188
2187 2249
2187 2250
2187 2251
2188 2189
2188 2250
2188 2251
2188 2252
2189 2190
2189 2251
2189 2252
2189 2253
2190 2191
2190 2252
2190 2253
2190 2254
2191 2192
2191 2253
2191 2254
2191 2255
2192 2193
2192 2254
2192 2255
2192 2256
2193 2194
2193 2255
2193 2256
2193 2257
2194 2256
2194 2257
2194 2258
2195 2196
2195 2258
2195 2259
2195 2260
2196 2197
2196 2259
2196 2260
2196 2261
2197 2260
2197 2261
2197 2262
2198 2199
2198 2262
2198 2263
2198 2264
2199 2263
2199 2264
2200 2265
2200 2266
2201 2202
2201 2266
2201 2267
2202 2203
2202 2267
2202 2268
2203 2204
2203 2267
2203 2268
2203 2269
2204 2205
2204 2268
2204 2269
2204 2270
2205 2269
2205 2270
2205 2271
2206 2207
2206 2271
2206 2272
2206 2273
2207 2208
2207 2272
2207 2273
2207 2274
2208 2273
2208 2274
2208 2275
2209 2210
2209 2275
2209 2276
2209 2277
2210 2211
2210 2276
2210 2277
2210 2278
2211 2212
2211 2277
2211 2278
2211 2279
2212 2278
2212 2279
2212 2280
2213 2214
2213 2280
2213 2281
2214 2215
2214 2281
2214 2282
2215 2216
2215 2282
2216 2217
2216 2282
2216 2283
2217 2218
2217 2283
2218 2219
2218 2283
2218 2284
2219 2220
2219 2284
2219 2285
2220 2221
2220 2284
2220 2285
2220 2286
2221 2222
2221 2285
2221 2286
2221 2287
2222 2223
2222 2286
2222 2287
2222 2288
2223 2287
2223 2288
2223 2289
2224 2289
2224 2290
2224 2291
2225 2226
2225 2291
2225 2292
2226 2227
2226 2292
2226 2293
2227 2292
2227 2293
2227 2294
2228 2294
2228 2295
2228 2296
2229 2230
2229 2296
2229 2297
2230 2231
2230 2297
2230 2298
2231 2232
2231 2298
2231 2299
2232 2233
2232 2298
2232 2299
2232 2300
2233 2234
2233 2299
2233 2300
2233 2301
2234 2235
2234 2300
2234 2301
2234 2302
2235 2236
2235 2301
2235 2302
2235 2303
2236 2237
2236 2302
2236 2303
2236 2304
2237 2303
2237 2304
2237 2305
2238 2239
2238 2306
2238 2307
2238 2308
2239 2307
2239 2308
2240 2241
2240 2309
2240 2310
2241 2310
2241 2311
2242 2311
2242 2312
2243 2312
2243 2313
2243 2314
2244 2245
2244 2314
2244 2315
2245 2246
2245 2315
2245 2316
2246 2247
2246 2315
2246 2316
2246 2317
2247 2248
2247 2316
2247 2317
2247 2318
2248 2249
2248 2317
2248 2318
2249 2250
2249 2318
2249 2319
2250 2251
2250 2319
2250 2320
2251 2252
2251 2319
2251 2320
2252 2253
2252 2320
2253 2254
2254 2255
2255 2256
2255 2321
2256 2257
2256 2321
2256 2322
2257 2258
2257 2321
2257 2322
2257 2323
2258 2259
2258 2322
2258 2323
2259 2260
2259 2323
2259 2324
2260 2261
2260 2324
2260 2325
2261 2262
2261 2324
2261 2325
2261 2326
2262 2263
2262 2325
2262 2326
2262 2327
2263 2264
2263 2326
2263 2327
2264 2327
2264 2328
2265 2266
2265 2328
2265 2329
2266 2329
2266 2330
2267 2268
2267 2330
2267 2331
2268 2269
2268 2331
2268 2332
2269 2270
2269 2331
2269 2332
2270 2271
2270 2332
2270 2333
2271 2272
2271 2333
2271 2334
2272 2273
2272 2333
2272 2334
2272 2335
2273 2274
2273 2334
2273 2335
2273 2336
2274 2275
2274 2335
2274 2336
2275 2276
2275 2336
2276 2277
2276 2337
2277 2278
2277 2337
2277 2338
2278 2279
2278 2337
2278 2338
2278 2339
2279 2280
2279 2338
2279 2339
2279 2340
2280 2281
2280 2339
2280 2340
2280 2341
2281 2340
2281 2341
2281 2342
2282 2342
2282 2343
2282 2344
2283 2344
2283 2345
2284 2285
2284 2345
2284 2346
2285 2286
2285 2346
2285 2347
2286 2287
2286 2347
2286 2348
2287 2288
2287 2347
2287 2348
2287 2349
2288 2289
2288 2348
2288 2349
2288 2350
2289 2290
2289 2349
2289 2350
2289 2351
2290 2291
2290 2350
2290 2351
2290 2352
2291 2351
2291 2352
2291 2353
2292 2293
2292 2353
2292 2354
2293 2294
2293 2354
2293 2355
2294 2295
2294 2354
2294 2355
2294 2356
2295 2296
2295 2355
2295 2356
2295 2357
2296 2297
2296 2356
2296 2357
2296 2358
2297 2357
2297 2358
2298 2299
2298 2359
2299 2300
2299 2359
2299 2360
2300 2301
2300 2359
2300 2360
2301 2302
2301 2360
2301 2361
2302 2303
2302 2361
2302 2362
2303 2304
2303 2361
2303 2362
2304 2305
2304 2362
2304 2363
2305 2306
2305 2363
2305 2364
2306 2307
2306 2363
2306 2364
2307 2308
2307 2364
2307 2365
2308 2365
2309 2310
2309 2366
2310 2366
2310 2367
2311 2367
2311 2368
2311 2369
2312 2313
2312 2369
2312 2370
2312 2371
2313 2314
2313 2370
2313 2371
2313 2372
2314 2371
2314 2372
2314 2373
2315 2316
2315 2373
2315 2374
2315 2375
2316 2317
2316 2374
2316 2375
2316 2376
2317 2318
2317 2375
2317 2376
2317 2377
2318 2376
2318 2377
2318 2378
2319 2320
2319 2378
2319 2379
2319 2380
2320 2379
2320 2380
2320 2381
2321 2322
2321 2383
2321 2384
2322 2323
2322 2383
2322 2384
2323 2384
2323 2385
2324 2325
2324 2385
2324 2386
2325 2326
2325 2386
2325 2387
2326 2327
2326 2387
2327 2387
2327 2388
2328 2329
2328 2388
2328 2389
2328 2390
2329 2389
2329 2390
2330 2391
2330 2392
2331 2332
2331 2392
2331 2393
2331 2394
2332 2393
2332 2394
2332 2395
2333 2334
2333 2395
2333 2396
2333 2397
2334 2335
2334 2396
2334 2397
2334 2398
2335 2336
2335 2397
2335 2398
2335 2399
2336 2398
2336 2399
2336 2400
2337 2338
2337 2401
2337 2402
2337 2403
2338 2339
2338 2402
2338 2403
2338 2404
2339 2340
2339 2403
2339 2404
2339 2405
2340 2341
2340 2404
2340 2405
2340 2406
2341 2342
2341 2405
2341 2406
2341 2407
2342 2343
2342 2406
2342 2407
2342 2408
2343 2344
2343 2407
2343 2408
2343 2409
2344 2408
2344 2409
2344 2410
2345 2346
2345 2410
2345 2411
2345 2412
2346 2411
2346 2412
2346 2413
2347 2348
2347 2413
2348 2349
2349 2350
2350 2351
2350 2414
2351 2352
2351 2414
2352 2353
2352 2414
2352 2415
2353 2415
2353 2416
2354 2355
2354 2416
2354 2417
2354 2418
2355 2356
2355 2417
2355 2418
2356 2357
2356 2418
2356 2419
2357 2358
2357 2419
2357 2420
2358 2419
2358 2420
2358 2421
2359 2360
2359 2422
2359 2423
2359 2424
2360 2423
2360 2424
2361 2362
2361 2425
2362 2425
2362 2426
2363 2364
2363 2426
2363 2427
2364 2427
2365 2428
2366 2367
2366 2429
2366 2430
2367 2368
2367 2429
2367 2430
2367 2431
2368 2369
2368 2430
2368 2431
2368 2432
2369 2370
2369 2431
2369 2432
2369 2433
2370 2371
2370 2432
2370 2433
2370 2434
2371 2372
2371 2433
2371 2434
2371 2435
2372 2373
2372 2434
2372 2435
2372 2436
2373 2374
2373 2435
2373 2436
2374 2375
2374 2436
2375 2376
2376 2377
2376 2437
2377 2378
2377 2437
2377 2438
2378 2379
2378 2437
2378 2438
2378 2439
2379 2380
2379 2438
2379 2439
2379 2440
2380 2381
2380 2439
2380 2440
2381 2440
2381 2441
2382 2441
2382 2442
2383 2384
2383 2442
2383 2443
2383 2444
2384 2443
2384 2444
2384 2445
2385 2386
2385 2445
2385 2446
2385 2447
2386 2446
2386 2447
2386 2448
2387 2448
2387 2449
2387 2450
2388 2389
2388 2450
2388 2451
2388 2452
2389 2390
2389 2451
2389 2452
2389 2453
2390 2452
2390 2453
2390 2454
2391 2392
2391 2454
2391 2455
2391 2456
2392 2393
2392 2455
2392 2456
2392 2457
2393 2394
2393 2456
2393 2457
2393 2458
2394 2395
2394 2457
2394 2458
2394 2459
2395 2396
2395 2458
2395 2459
2395 2460
2396 2397
2396 2459
2396 2460
2396 2461
2397 2398
2397 2460
2397 2461
2397 2462
2398 2399
2398 2461
2398 2462
2398 2463
2399 2400
2399 2462
2399 2463
2399 2464
2400 2401
2400 2463
2400 2464
2400 2465
2401 2402
2401 2464
2401 2465
2401 2466
2402 2403
2402 2465
2402 2466
2402 2467
2403 2404
2403 2466
2403 2467
2403 2468
2404 2405
2404 2467
2404 2468
2405 2406
2405 2468
2406 2407
2406 2469
2407 2408
2407 2469
2408 2409
2408 2469
2408 2470
2409 2410
2409 2470
2409 2471
2410 2411
2410 2470
2410 2471
2411 2412
2411 2471
2411 2472
2412 2413
2412 2472
2413 2472
2413 2473
2414 2475
2414 2476
2414 2477
2415 2416
2415 2477
2415 2478
2415 2479
2416 2417
2416 2478
2416 2479
2416 2480
2417 2418
2417 2479
2417 2480
2417 2481
2418 2480
2418 2481
2418 2482
2419 2420
2419 2482
2419 2483
2419 2484
2420 2421
2420 2483
2420 2484
2421 2422
2421 2484
2421 2485
2422 2423
2422 2485
2422 2486
2423 2424
2423 2485
2423 2486
2424 2486
2424 2487
2425 2487
2425 2488
2425 2489
2426 2489
2426 2490
2426 2491
2427 2491
2427 2492
2427 2493
2428 2493
2429 2430
2429 2494
2429 2495
2430 2431
2430 2495
2430 2496
2431 2432
2431 2496
2432 2433
2432 2496
2432 2497
2433 2434
2433 2497
2433 2498
2434 2435
2434 2497
2434 2498
2435 2436
2435 2498
2435 2499
2436 2499
2436 2500
2437 2438
2437 2502
2437 2503
2438 2439
2438 2502
2438 2503
2438 2504
2439 2440
2439 2503
2439 2504
2439 2505
2440 2504
2440 2505
2440 2506
2441 2506
2441 2507
2441 2508
2442 2443
2442 2508
2442 2509
2443 2444
2443 2509
2443 2510
2444 2445
2444 2509
2444 2510
2444 2511
2445 2446
2445 2510
2445 2511
2445 2512
2446 2447
2446 2511
2446 2512
2447 2448
2447 2512
2447 2513
2448 2449
2448 2513
2449 2450
2449 2513
2449 2514
2450 2451
2450 2514
2450 2515
2451 2452
2451 2514
2451 2515
2451 2516
2452 2453
2452 2515
2452 2516
2452 2517
2453 2454
2453 2516
2453 2517
2453 2518
2454 2455
2454 2517
2454 2518
2454 2519
2455 2456
2455 2518
2455 2519
2456 2457
2456 2519
2456 2520
2457 2458
2457 2520
2458 2459
2458 2520
2458 2521
2459 2460
2459 2521
2459 2522
2460 2461
2460 2521
2460 2522
2461 2462
2461 2522
2461 2523
2462 2463
2462 2523
2462 2524
2463 2464
2463 2523
2463 2524
2464 2465
2464 2524
2464 2525
2465 2466
2465 2525
2465 2526
2466 2467
2466 2525
2466 2526
2466 2527
2467 2468
2467 2526
2467 2527
2467 2528
2468 2527
2468 2528
2469 2529
2469 2530
2469 2531
2470 2471
2470 2531
2470 2532
2471 2532
2471 2533
2472 2533
2472 2534
2473 2534
2473 2535
2474 2475
2474 2535
2474 2536
2474 2537
2475 2476
2475 2536
2475 2537
2475 2538
2476 2477
2476 2537
2476 2538
2477 2478
2477 2538
2477 2539
2478 2479
2478 2539
2478 2540
2479 2480
2479 2539
2479 2540
2479 2541
2480 2481
2480 2540
2480 2541
2480 2542
2481 2482
2481 2541
2481 2542
2481 2543
2482 2483
2482 2542
2482 2543
2482 2544
2483 2484
2483 2543
2483 2544
2483 2545
2484 2544
2484 2545
2484 2546
2485 2486
2485 2546
2485 2547
2485 2548
2486 2547
2486 2548
2486 2549
2487 2488
2487 2549
2487 2550
2488 2489
2488 2550
2488 2551
2489 2490
2489 2551
2489 2552
2490 2491
2490 2551
2490 2552
2490 2553
2491 2492
2491 2552
2491 2553
2491 2554
2492 2493
2492 2553
2492 2554
2492 2555
2493 2554
2493 2555
2494 2495
2494 2556
2495 2556
2495 2557
2496 2557
2496 2558
2496 2559
2497 2498
2497 2559
2497 2560
2498 2560
2498 2561
2499 2500
2499 2561
2499 2562
2499 2563
2500 2501
2500 2562
2500 2563
2500 2564
2501 2563
2501 2564
2502 2503
2502 2565
2503 2504
2503 2565
2504 2505
2504 2566
2505 2506
2505 2566
2505 2567
2506 2507
2506 2566
2506 2567
2506 2568
2507 2508
2507 2567
2507 2568
2507 2569
2508 2568
2508 2569
2508 2570
2509 2510
2509 2570
2509 2571
2510 2511
2510 2571
2510 2572
2511 2512
2511 2571
2511 2572
2511 2573
2512 2572
2512 2573
2513 2574
2513 2575
2514 2515
2514 2575
2514 2576
2514 2577
2515 2516
2515 2576
2515 2577
2515 2578
2516 2517
2516 2577
2516 2578
2517 2518
2517 2578
2517 2579
2518 2519
2518 2579
2518 2580
2519 2579
2519 2580
2519 2581
2520 2581
2520 2582
2520 2583
2521 2522
2521 2583
2521 2584
2521 2585
2522 2584
2522 2585
2523 2524
2523 2586
2523 2587
2524 2586
2524 2587
2524 2588
2525 2526
2525 2588
2525 2589
2525 2590
2526 2527
2526 2589
2526 2590
2526 2591
2527 2528
2527 2590
2527 2591
2528 2591
2528 2592
2529 2530
2529 2592
2529 2593
2530 2531
2530 2593
2531 2532
2531 2593
2532 2594
2533 2594
2533 2595
2533 2596
2534 2596
2534 2597
2534 2598
2535 2536
2535 2598
2535 2599
2535 2600
2536 2537
2536 2599
2536 2600
2536 2601
2537 2538
2537 2600
2537 2601
2537 2602
2538 2601
2538 2602
2538 2603
2539 2540
2539 2603
2539 2604
2539 2605
2540 2541
2540 2604
2540 2605
2540 2606
2541 2542
2541 2605
2541 2606
2541 2607
2542 2543
2542 2606
2542 2607
2542 2608
2543 2544
2543 2607
2543 2608
2544 2545
2544 2608
2544 2609
2545 2546
2545 2609
2545 2610
2546 2547
2546 2609
2546 2610
2546 2611
2547 2548
2547 2610
2547 2611
2548 2549
2548 2611
2548 2612
2549 2550
2549 2612
2549 2613
2550 2612
2550 2613
2550 2614
2551 2552
2551 2614
2551 2615
2551 2616
2552 2553
2552 2615
2552 2616
2553 2554
2553 2616
2553 2617
2554 2555
2554 2617
2554 2618
2555 2617
2555 2618
2556 2557
2556 2619
2556 2620
2557 2558
2557 2619
2557 2620
2558 2559
2558 2620
2558 2621
2559 2560
2559 2621
2559 2622
2560 2621
2560 2622
2561 2562
2561 2623
2561 2624
2562 2563
2562 2623
2562 2624
2562 2625
2563 2564
2563 2624
2563 2625
2563 2626
2564 2625
2564 2626
2564 2627
2565 2627
2565 2628
2566 2567
2566 2629
2566 2630
2567 2568
2567 2629
2567 2630
2568 2569
2568 2630
2569 2570
2570 2631
2571 2572
2571 2631
2571 2632
2572 2573
2572 2632
2572 2633
2573 2632
2573 2633
2573 2634
2574 2575
2574 2634
2574 2635
2575 2576
2575 2635
2575 2636
2576 2577
2576 2635
2576 2636
2577 2578
2577 2636
2577 2637
2578 2637
2578 2638
2579 2580
2579 2638
2579 2639
2579 2640
2580 2581
2580 2639
2580 2640
2580 2641
2581 2582
2581 2640
2581 2641
2581 2642
2582 2583
2582 2641
2582 2642
2582 2643
2583 2584
2583 2642
2583 2643
2583 2644
2584 2585
2584 2643
2584 2644
2584 2645
2585 2644
2585 2645
2585 2646
2586 2587
2586 2646
2586 2647
2586 2648
2587 2588
2587 2647
2587 2648
2587 2649
2588 2589
2588 2648
2588 2649
2588 2650
2589 2590
2589 2649
2589 2650
2589 2651
2590 2591
2590 2650
2590 2651
2590 2652
2591 2651
2591 2652
2591 2653
2592 2653
2592 2654
2592 2655
2593 2655
2593 2656
2594 2595
2594 2657
2594 2658
2595 2596
2595 2657
2595 2658
2595 2659
2596 2597
2596 2658
2596 2659
2597 2598
2597 2659
2597 2660
2598 2599
2598 2660
2598 2661
2599 2600
2599 2660
2599 2661
2599 2662
2600 2601
2600 2661
2600 2662
2600 2663
2601 2602
2601 2662
2601 2663
2601 2664
2602 2603
2602 2663
2602 2664
2602 2665
2603 2604
2603 2664
2603 2665
2603 2666
2604 2605
2604 2665
2604 2666
2604 2667
2605 2606
2605 2666
2605 2667
2606 2607
2606 2667
2606 2668
2607 2608
2607 2668
2607 2669
2608 2668
2608 2669
2608 2670
2609 2610
2609 2670
2609 2671
2610 2611
2610 2671
2610 2672
2611 2672
2611 2673
2612 2613
2612 2673
2613 2614
2614 2615
2614 2674
2615 2616
2615 2674
2615 2675
2616 2674
2616 2675
2616 2676
2617 2618
2617 2676
2617 2677
2617 2678
2618 2677
2618 2678
2618 2679
2619 2620
2619 2680
2619 2681
2620 2681
2620 2682
2621 2622
2621 2682
2621 2683
2621 2684
2622 2683
2622 2684
2622 2685
2623 2624
2623 2685
2623 2686
2623 2687
2624 2625
2624 2686
2624 2687
2625 2626
2625 2687
2625 2688
2626 2627
2626 2688
2626 2689
2627 2688
2627 2689
2627 2690
2628 2690
2628 2691
2628 2692
2629 2630
2629 2692
2629 2693
2629 2694
2630 2693
2630 2694
2630 2695
2631 2697
2632 2633
2632 2697
2632 2698
2632 2699
2633 2634
2633 2698
2633 2699
2634 2699
2634 2700
2635 2636
2635 2700
2635 2701
2635 2702
2636 2701
2636 2702
2636 2703
2637 2638
2637 2703
2637 2704
2637 2705
2638 2639
2638 2704
2638 2705
2638 2706
2639 2640
2639 2705
2639 2706
2639 2707
2640 2641
2640 2706
2640 2707
2641 2642
2641 2707
2642 2643
2643 2644
2643 2708
2644 2645
2644 2708
2645 2646
2645 2708
2645 2709
2646 2647
2646 2709
2647 2648
2647 2709
2647 2710
2648 2649
2648 2710
2648 2711
2649 2650
2649 2710
2649 2711
2649 2712
2650 2651
2650 2711
2650 2712
2650 2713
2651 2652
2651 2712
2651 2713
2651 2714
2652 2653
2652 2713
2652 2714
2652 2715
2653 2654
2653 2714
2653 2715
2653 2716
2654 2655
2654 2715
2654 2716
2654 2717
2655 2716
2655 2717
2655 2718
2656 2718
2656 2719
2656 2720
2657 2658
2657 2720
2657 2721
2657 2722
2658 2659
2658 2721
2658 2722
2658 2723
2659 2722
2659 2723
2660 2661
2660 2724
2660 2725
2661 2662
2661 2724
2661 2725
2661 2726
2662 2663
2662 2725
2662 2726
2663 2664
2663 2726
2664 2665
2664 2727
2665 2666
2665 2727
2665 2728
2666 2667
2666 2727
2666 2728
2667 2728
2667 2729
2668 2669
2668 2729
2668 2730
2668 2731
2669 2670
2669 2730
2669 2731
2669 2732
2670 2671
2670 2731
2670 2732
2670 2733
2671 2732
2671 2733
2671 2734
2672 2673
2672 2734
2672 2735
2672 2736
2673 2735
2673 2736
2673 2737
2674 2675
2674 2739
2674 2740
2674 2741
2675 2676
2675 2740
2675 2741
2676 2677
2676 2741
2677 2678
2678 2679
2678 2742
2679 2742
2680 2681
2680 2743
2681 2743
2681 2744
2682 2683
2682 2744
2682 2745
2682 2746
2683 2684
2683 2745
2683 2746
2683 2747
2684 2685
2684 2746
2684 2747
2684 2748
2685 2686
2685 2747
2685 2748
2685 2749
2686 2687
2686 2748
2686 2749
2686 2750
2687 2749
2687 2750
2688 2689
2688 2751
2688 2752
2689 2690
2689 2751
2689 2752
2689 2753
2690 2691
2690 2752
2690 2753
2690 2754
2691 2692
2691 2753
2691 2754
2691 2755
2692 2693
2692 2754
2692 2755
2692 2756
2693 2694
2693 2755
2693 2756
2693 2757
2694 2695
2694 2756
2694 2757
2694 2758
2695 2696
2695 2757
2695 2758
2695 2759
2696 2758
2696 2759
2696 2760
2697 2698
2697 2761
2697 2762
2697 2763
2698 2699
2698 2762
2698 2763
2698 2764
2699 2763
2699 2764
2699 2765
2700 2701
2700 2765
2700 2766
2700 2767
2701 2702
2701 2766
2701 2767
2701 2768
2702 2703
2702 2767
2702 2768
2702 2769
2703 2704
2703 2768
2703 2769
2703 2770
2704 2705
2704 2769
2704 2770
2704 2771
2705 2706
2705 2770
2705 2771
2705 2772
2706 2707
2706 2771
2706 2772
2706 2773
2707 2772
2707 2773
2707 2774
2708 2776
2709 2776
2709 2777
2709 2778
2710 2711
2710 2778
2710 2779
2710 2780
2711 2712
2711 2779
2711 2780
2711 2781
2712 2713
2712 2780
2712 2781
2712 2782
2713 2714
2713 2781
2713 2782
2713 2783
2714 2715
2714 2782
2714 2783
2714 2784
2715 2716
2715 2783
2715 2784
2716 2717
2716 2784
2716 2785
2717 2718
2717 2785
2717 2786
2718 2719
2718 2785
2718 2786
2718 2787
2719 2720
2719 2786
2719 2787
2719 2788
2720 2721
2720 2787
2720 2788
2720 2789
2721 2722
2721 2788
2721 2789
2721 2790
2722 2723
2722 2789
2722 2790
2722 2791
2723 2790
2723 2791
2723 2792
2724 2725
2724 2792
2724 2793
2725 2726
2725 2793
2726 2793
2726 2794
2727 2728
2727 2795
2727 2796
2727 2797
2728 2796
2728 2797
2728 2798
2729 2730
2729 2798
2729 2799
2729 2800
2730 2731
2730 2799
2730 2800
2730 2801
2731 2732
2731 2800
2731 2801
2731 2802
2732 2733
2732 2801
2732 2802
2732 2803
2733 2734
2733 2802
2733 2803
2733 2804
2734 2735
2734 2803
2734 2804
2734 2805
2735 2736
2735 2804
2735 2805
2735 2806
2736 2737
2736 2805
2736 2806
2736 2807
2737 2738
2737 2806
2737 2807
2737 2808
2738 2739
2738 2807
2738 2808
2738 2809
2739 2740
2739 2808
2739 2809
2740 2741
2740 2809
2740 2810
2741 2810
2741 2811
2742 2813
2742 2814
2743 2815
2743 2816
2744 2745
2744 2816
2744 2817
2745 2746
2745 2817
2746 2747
2746 2818
2747 2748
2747 2818
2747 2819
2748 2749
2748 2818
2748 2819
2748 2820
2749 2750
2749 2819
2749 2820
2749 2821
2750 2820
2750 2821
2750 2822
2751 2752
2751 2822
2751 2823
2751 2824
2752 2753
2752 2823
2752 2824
2752 2825
2753 2754
2753 2824
2753 2825
2753 2826
2754 2755
2754 2825
2754 2826
2754 2827
2755 2756
2755 2826
2755 2827
2755 2828
2756 2757
2756 2827
2756 2828
2756 2829
2757 2758
2757 2828
2757 2829
2757 2830
2758 2759
2758 2829
2758 2830
2758 2831
2759 2760
2759 2830
2759 2831
2759 2832
2760 2761
2760 2831
2760 2832
2760 2833
2761 2762
2761 2832
2761 2833
2761 2834
2762 2763
2762 2833
2762 2834
2762 2835
2763 2764
2763 2834
2763 2835
2763 2836
2764 2765
2764 2835
2764 2836
2764 2837
2765 2766
2765 2836
2765 2837
2766 2767
2766 2837
2766 2838
2767 2768
2767 2838
2768 2769
2768 2838
2769 2770
2769 2839
2770 2771
2770 2839
2770 2840
2771 2772
2771 2839
2771 2840
2771 2841
2772 2773
2772 2840
2772 2841
2772 2842
2773 2774
2773 2841
2773 2842
2773 2843
2774 2775
2774 2842
2774 2843
2774 2844
2775 2843
2775 2844
2775 2845
2776 2777
2776 2846
2776 2847
2777 2778
2777 2846
2777 2847
2778 2779
2778 2847
2778 2848
2779 2780
2779 2848
2779 2849
2780 2781
2780 2848
2780 2849
2780 2850
2781 2782
2781 2849
2781 2850
2781 2851
2782 2783
2782 2850
2782 2851
2783 2784
2783 2851
2783 2852
2784 2852
2784 2853
2785 2786
2785 2853
2785 2854
2785 2855
2786 2787
2786 2854
2786 2855
2786 2856
2787 2788
2787 2855
2787 2856
2787 2857
2788 2789
2788 2856
2788 2857
2788 2858
2789 2790
2789 2857
2789 2858
2789 2859
2790 2791
2790 2858
2790 2859
2791 2792
2791 2859
2791 2860
2792 2860
2792 2861
2793 2861
2793 2862
2793 2863
2794 2795
2794 2863
2794 2864
2794 2865
2795 2796
2795 2864
2795 2865
2796 2797
2796 2865
2796 2866
2797 2798
2797 2866
2797 2867
2798 2799
2798 2866
2798 2867
2798 2868
2799 2800
2799 2867
2799 2868
2800 2801
2800 2868
2800 2869
2801 2802
2801 2869
2801 2870
2802 2803
2802 2869
2802 2870
2802 2871
2803 2804
2803 2870
2803 2871
2803 2872
2804 2805
2804 2871
2804 2872
2804 2873
2805 2806
2805 2872
2805 2873
2805 2874
2806 2807
2806 2873
2806 2874
2806 2875
2807 2808
2807 2874
2807 2875
2808 2809
2808 2875
2808 2876
2809 2876
2809 2877
2810 2811
2810 2877
2810 2878
2810 2879
2811 2812
2811 2878
2811 2879
2811 2880
2812 2813
2812 2879
2812 2880
2812 2881
2813 2814
2813 2880
2813 2881
2813 2882
2814 2881
2814 2882
2815 2816
2815 2883
2815 2884
2816 2817
2816 2883
2816 2884
2816 2885
2817 2884
2817 2885
2817 2886
2818 2819
2818 2887
2818 2888
2818 2889
2819 2820
2819 2888
2819 2889
2820 2821
2820 2889
2820 2890
2821 2822
2821 2890
2821 2891
2822 2823
2822 2890
2822 2891
2822 2892
2823 2824
2823 2891
2823 2892
2823 2893
2824 2825
2824 2892
2824 2893
2824 2894
2825 2826
2825 2893
2825 2894
2825 2895
2826 2827
2826 2894
2826 2895
2826 2896
2827 2828
2827 2895
2827 2896
2827 2897
2828 2829
2828 2896
2828 2897
2828 2898
2829 2830
2829 2897
2829 2898
2829 2899
2830 2831
2830 2898
2830 2899
2830 2900
2831 2832
2831 2899
2831 2900
2831 2901
2832 2833
2832 2900
2832 2901
2833 2834
2833 2901
2833 2902
2834 2835
2834 2902
2834 2903
2835 2836
2835 2902
2835 2903
2835 2904
2836 2837
2836 2903
2836 2904
2836 2905
2837 2904
2837 2905
2838 2906
2838 2907
2839 2840
2839 2908
2839 2909
2839 2910
2840 2841
2840 2909
2840 2910
2840 2911
2841 2842
2841 2910
2841 2911
2841 2912
2842 2843
2842 2911
2842 2912
2842 2913
2843 2844
2843 2912
2843 2913
2843 2914
2844 2845
2844 2913
2844 2914
2844 2915
2845 2914
2845 2915
2845 2916
2846 2847
2846 2916
2846 2917
2846 2918
2847 2917
2847 2918
2847 2919
2848 2849
2848 2919
2848 2920
2848 2921
2849 2850
2849 2920
2849 2921
2850 2851
2850 2921
2850 2922
2851 2922
2851 2923
2852 2853
2852 2923
2852 2924
2852 2925
2853 2854
2853 2924
2853 2925
2853 2926
2854 2855
2854 2925
2854 2926
2855 2856
2855 2926
2855 2927
2856 2857
2856 2927
2857 2858
2857 2927
2857 2928
2858 2859
2858 2928
2858 2929
2859 2928
2859 2929
2859 2930
2860 2861
2860 2930
2860 2931
2861 2862
2861 2931
2861 2932
2862 2863
2862 2932
2862 2933
2863 2864
2863 2932
2863 2933
2863 2934
2864 2865
2864 2933
2864 2934
2864 2935
2865 2934
2865 2935
2865 2936
2866 2867
2866 2936
2866 2937
2866 2938
2867 2868
2867 2937
2867 2938
2867 2939
2868 2938
2868 2939
2868 2940
2869 2870
2869 2940
2869 2941
2869 2942
2870 2871
2870 2941
2870 2942
2871 2872
2871 2942
2871 2943
2872 2873
2872 2943
2872 2944
2873 2874
2873 2943
2873 2944
2873 2945
2874 2875
2874 2944
2874 2945
2874 2946
2875 2945
2875 2946
2876 2877
2876 2947
2876 2948
2877 2878
2877 2947
2877 2948
2877 2949
2878 2879
2878 2948
2878 2949
2878 2950
2879 2880
2879 2949
2879 2950
2880 2881
2880 2950
2881 2882
2883 2884
2883 2951
2883 2952
2884 2885
2884 2951
2884 2952
2884 2953
2885 2886
2885 2952
2885 2953
2885 2954
2886 2887
2886 2953
2886 2954
2887 2888
2887 2954
2887 2955
2888 2889
2888 2955
2888 2956
2889 2955
2889 2956
2889 2957
2890 2891
2890 2957
2890 2958
2890 2959
2891 2892
2891 2958
2891 2959
2892 2893
2892 2959
2892 2960
2893 2894
2893 2960
2893 2961
2894 2895
2894 2960
2894 2961
2894 2962
2895 2896
2895 2961
2895 2962
2895 2963
2896 2897
2896 2962
2896 2963
2896 2964
2897 2898
2897 2963
2897 2964
2897 2965
2898 2899
2898 2964
2898 2965
2899 2900
2899 2965
2899 2966
2900 2901
2900 2966
2900 2967
2901 2966
2901 2967
2901 2968
2902 2903
2902 2968
2902 2969
2902 2970
2903 2904
2903 2969
2903 2970
2903 2971
2904 2905
2904 2970
2904 2971
2904 2972
2905 2971
2905 2972
2905 2973
2906 2907
2906 2973
2906 2974
2906 2975
2907 2908
2907 2974
2907 2975
2907 2976
2908 2909
2908 2975
2908 2976
2908 2977
2909 2910
2909 2976
2909 2977
2909 2978
2910 2911
2910 2977
2910 2978
2910 2979
2911 2912
2911 2978
2911 2979
2912 2913
2912 2979
2912 2980
2913 2914
2913 2980
2913 2981
2914 2915
2914 2980
2914 2981
2914 2982
2915 2916
2915 2981
2915 2982
2915 2983
2916 2917
2916 2982
2916 2983
2917 2918
2917 2983
2918 2919
2919 2920
2919 2984
2920 2921
2920 2984
2920 2985
2921 2984
2921 2985
2921 2986
2922 2923
2922 2986
2922 2987
2922 2988
2923 2924
2923 2987
2923 2988
2924 2925
2924 2988
2924 2989
2925 2926
2925 2989
2925 2990
2926 2989
2926 2990
2927 2991
2927 2992
2928 2929
2928 2992
2928 2993
2929 2930
2929 2993
2930 2931
2930 2993
2930 2994
2931 2994
2931 2995
2932 2933
2932 2995
2932 2996
2932 2997
2933 2934
2933 2996
2933 2997
2933 2998
2934 2935
2934 2997
2934 2998
2934 2999
2935 2936
2935 2998
2935 2999
2935 3000
2936 2937
2936 2999
2936 3000
2936 3001
2937 2938
2937 3000
2937 3001
2937 3002
2938 2939
2938 3001
2938 3002
2938 3003
2939 2940
2939 3002
2939 3003
2939 3004
2940 2941
2940 3003
2940 3004
2941 2942
2941 3004
2941 3005
2942 3005
2942 3006
2943 2944
2943 3006
2943 3007
2943 3008
2944 2945
2944 3007
2944 3008
2944 3009
2945 2946
2945 3008
2945 3009
2945 3010
2946 3009
2946 3010
2946 3011
2947 2948
2947 3011
2947 3012
2947 3013
2948 2949
2948 3012
2948 3013
2948 3014
2949 2950
2949 3013
2949 3014
2949 3015
2950 3014
2950 3015
2950 3016
2951 2952
2951 3019
2952 2953
2952 3019
2952 3020
2953 2954
2953 3019
2953 3020
2953 3021
2954 3020
2954 3021
2955 2956
2955 3022
2955 3023
2956 2957
2956 3022
2956 3023
2956 3024
2957 2958
2957 3023
2957 3024
2957 3025
2958 2959
2958 3024
2958 3025
2958 3026
2959 3025
2959 3026
2959 3027
2960 2961
2960 3027
2960 3028
2961 2962
2961 3028
2962 2963
2962 3029
2963 2964
2963 3029
2963 3030
2964 2965
2964 3029
2964 3030
2964 3031
2965 3030
2965 3031
2965 3032
2966 2967
2966 3032
2966 3033
2967 2968
2967 3033
2967 3034
2968 2969
2968 3034
2968 3035
2969 2970
2969 3034
2969 3035
2969 3036
2970 2971
2970 3035
2970 3036
2970 3037
2971 2972
2971 3036
2971 3037
2971 3038
2972 2973
2972 3037
2972 3038
2972 3039
2973 2974
2973 3038
2973 3039
2973 3040
2974 2975
2974 3039
2974 3040
2974 3041
2975 2976
2975 3040
2975 3041
2975 3042
2976 2977
2976 3041
2976 3042
2977 2978
2977 3042
2977 3043
2978 2979
2978 3043
2978 3044
2979 3043
2979 3044
2979 3045
2980 2981
2980 3045
2980 3046
2981 2982
2981 3046
2981 3047
2982 2983
2982 3047
2983 3047
2983 3048
2984 2985
2984 3050
2984 3051
2985 2986
2985 3050
2985 3051
2985 3052
2986 2987
2986 3051
2986 3052
2986 3053
2987 2988
2987 3052
2987 3053
2987 3054
2988 3053
2988 3054
2988 3055
2989 2990
2989 3055
2989 3056
2989 3057
2990 3056
2990 3057
2990 3058
2991 2992
2991 3058
2991 3059
2991 3060
2992 3059
2992 3060
2992 3061
2993 3061
2993 3062
2993 3063
2994 2995
2994 3063
2994 3064
2994 3065
2995 2996
2995 3064
2995 3065
2995 3066
2996 2997
2996 3065
2996 3066
2996 3067
2997 2998
2997 3066
2997 3067
2997 3068
2998 2999
2998 3067
2998 3068
2998 3069
2999 3000
2999 3068
2999 3069
2999 3070
3000 3001
3000 3069
3000 3070
3001 3002
3001 3070
3001 3071
3002 3003
3002 3071
3003 3004
3003 3071
3005 3006
3005 3072
3006 3007
3006 3072
3006 3073
3007 3008
3007 3072
3007 3073
3007 3074
3008 3009
3008 3073
3008 3074
3008 3075
3009 3010
3009 3074
3009 3075
3009 3076
3010 3011
3010 3075
3010 3076
3010 3077
3011 3012
3011 3076
3011 3077
3011 3078
3012 3013
3012 3077
3012 3078
3012 3079
3013 3014
3013 3078
3013 3079
3013 3080
3014 3015
3014 3079
3014 3080
3014 3081
3015 3016
3015 3080
3015 3081
3015 3082
3016 3017
3016 3081
3016 3082
3016 3083
3017 3018
3017 3082
3017 3083
3018 3083
3019 3020
3019 3084
3019 3085
3020 3021
3020 3085
3020 3086
3021 3085
3021 3086
3022 3023
3022 3087
3023 3024
3023 3087
3023 3088
3024 3025
3024 3088
3025 3026
3025 3088
3025 3089
3026 3027
3026 3089
3026 3090
3027 3028
3027 3089
3027 3090
3027 3091
3028 3090
3028 3091
3028 3092
3029 3030
3029 3093
3029 3094
3030 3031
3030 3094
3031 3032
3031 3095
3032 3033
3032 3095
3032 3096
3033 3095
3033 3096
3033 3097
3034 3035
3034 3097
3034 3098
3034 3099
3035 3036
3035 3098
3035 3099
3036 3037
3036 3099
3036 3100
3037 3038
3037 3100
3038 3039
3038 3100
3038 3101
3039 3040
3039 3101
3040 3041
3040 3101
3040 3102
3041 3042
3041 3102
3041 3103
3042 3102
3042 3103
3042 3104
3043 3044
3043 3104
3043 3105
3043 3106
3044 3045
3044 3105
3044 3106
3044 3107
3045 3046
3045 3106
3045 3107
3045 3108
3046 3107
3046 3108
3046 3109
3047 3109
3047 3110
3048 3049
3048 3111
3048 3112
3049 3111
3049 3112
3049 3113
3050 3051
3050 3113
3050 3114
3051 3052
3051 3114
3051 3115
3052 3053
3052 3115
3052 3116
3053 3054
3053 3115
3053 3116
3053 3117
3054 3055
3054 3116
3054 3117
3054 3118
3055 3056
3055 3117
3055 3118
3055 3119
3056 3057
3056 3118
3056 3119
3056 3120
3057 3058
3057 3119
3057 3120
3057 3121
3058 3059
3058 3120
3058 3121
3058 3122
3059 3060
3059 3121
3059 3122
3060 3061
3060 3122
3060 3123
3061 3062
3061 3123
3061 3124
3062 3063
3062 3123
3062 3124
3062 3125
3063 3064
3063 3124
3063 3125
3064 3065
3064 3125
3064 3126
3065 3066
3065 3126
3066 3067
3066 3126
3066 3127
3067 3068
3067 3127
3067 3128
3068 3069
3068 3127
3068 3128
3069 3070
3069 3128
3069 3129
3070 3129
3070 3130
3071 3130
3071 3131
3071 3132
3072 3073
3072 3134
3072 3135
3072 3136
3073 3074
3073 3135
3073 3136
3074 3075
3074 3136
3074 3137
3075 3076
3075 3137
3075 3138
3076 3077
3076 3137
3076 3138
3077 3078
3077 3138
3077 3139
3078 3079
3078 3139
3078 3140
3079 3080
3079 3139
3079 3140
3079 3141
3080 3081
3080 3140
3080 3141
3081 3082
3081 3141
3082 3083
3082 3142
3083 3142
3083 3143
3084 3144
3084 3145
3085 3086
3085 3145
3086 3146
3087 3146
3087 3147
3087 3148
3088 3148
3088 3149
3088 3150
3089 3090
3089 3150
3089 3151
3089 3152
3090 3091
3090 3151
3090 3152
3090 3153
3091 3092
3091 3152
3091 3153
3091 3154
3092 3093
3092 3153
3092 3154
3092 3155
3093 3094
3093 3154
3093 3155
3093 3156
3094 3155
3094 3156
3094 3157
3095 3096
3095 3158
3095 3159
3095 3160
3096 3097
3096 3159
3096 3160
3096 3161
3097 3098
3097 3160
3097 3161
3098 3099
3098 3161
3098 3162
3099 3162
3100 3163
3100 3164
3101 3164
3101 3165
3101 3166
3102 3103
3102 3166
3102 3167
3102 3168
3103 3104
3103 3167
3103 3168
3103 3169
3104 3105
3104 3168
3104 3169
3104 3170
3105 3106
3105 3169
3105 3170
3105 3171
3106 3107
3106 3170
3106 3171
3106 3172
3107 3108
3107 3171
3107 3172
3108 3109
3108 3172
3108 3173
3109 3110
3109 3173
3109 3174
3110 3173
3110 3174
3110 3175
3111 3112
3111 3175
3111 3176
3112 3113
3112 3176
3112 3177
3113 3114
3113 3177
3113 3178
3114 3177
3114 3178
3115 3116
3115 3179
3116 3117
3116 3179
3117 3118
3117 3180
3118 3119
3118 3180
3118 3181
3119 3120
3119 3180
3119 3181
3119 3182
3120 3121
3120 3181
3120 3182
3120 3183
3121 3122
3121 3182
3121 3183
3122 3183
3122 3184
3123 3124
3123 3184
3123 3185
3124 3125
3124 3185
3124 3186
3125 3186
3125 3187
3126 3187
3126 3188
3126 3189
3127 3128
3127 3189
3127 3190
3127 3191
3128 3190
3128 3191
3128 3192
3129 3130
3129 3192
3129 3193
3129 3194
3130 3131
3130 3193
3130 3194
3130 3195
3131 3132
3131 3194
3131 3195
3132 3133
3132 3195
3132 3196
3133 3196
3133 3197
3134 3135
3134 3197
3134 3198
3135 3136
3135 3198
3135 3199
3136 3199
3136 3200
3137 3138
3137 3200
3137 3201
3137 3202
3138 3201
3138 3202
3138 3203
3139 3140
3139 3203
3139 3204
3139 3205
3140 3141
3140 3204
3140 3205
3140 3206
3141 3205
3141 3206
3142 3143
3142 3207
3142 3208
3142 3209
3143 3208
3143 3209
3144 3145
3144 3210
3145 3210
3145 3211
3146 3147
3146 3212
3146 3213
3147 3148
3147 3213
3147 3214
3148 3149
3148 3213
3148 3214
3149 3150
3149 3214
3149 3215
3150 3151
3150 3215
3150 3216
3151 3152
3151 3215
3151 3216
3152 3153
3152 3216
3152 3217
3153 3154
3153 3217
3153 3218
3154 3155
3154 3217
3154 3218
3154 3219
3155 3156
3155 3218
3155 3219
3155 3220
3156 3157
3156 3219
3156 3220
3156 3221
3157 3158
3157 3220
3157 3221
3158 3159
3158 3221
3159 3160
3159 3222
3160 3161
3160 3222
3161 3222
3161 3223
3162 3223
3162 3224
3162 3225
3163 3164
3163 3225
3163 3226
3163 3227
3164 3165
3164 3226
3164 3227
3165 3166
3165 3227
3166 3167
3166 3228
3167 3168
3167 3228
3167 3229
3168 3169
3168 3228
3168 3229
3168 3230
3169 3170
3169 3229
3169 3230
3169 3231
3170 3171
3170 3230
3170 3231
3170 3232
3171 3172
3171 3231
3171 3232
3171 3233
3172 3232
3172 3233
3172 3234
3173 3174
3173 3234
3173 3235
3173 3236
3174 3175
3174 3235
3174 3236
3174 3237
3175 3176
3175 3236
3175 3237
3175 3238
3176 3237
3176 3238
3176 3239
3177 3178
3177 3239
3177 3240
3178 3240
3178 3241
3179 3241
3179 3242
3180 3181
3180 3243
3180 3244
3180 3245
3181 3182
3181 3244
3181 3245
3181 3246
3182 3183
3182 3245
3182 3246
3183 3246
3183 3247
3184 3185
3184 3247
3184 3248
3185 3248
3185 3249
3186 3187
3186 3249
3186 3250
3186 3251
3187 3188
3187 3250
3187 3251
3187 3252
3188 3189
3188 3251
3188 3252
3188 3253
3189 3190
3189 3252
3189 3253
3189 3254
3190 3191
3190 3253
3190 3254
3190 3255
3191 3192
3191 3254
3191 3255
3191 3256
3192 3193
3192 3255
3192 3256
3192 3257
3193 3194
3193 3256
3193 3257
3193 3258
3194 3195
3194 3257
3194 3258
3194 3259
3195 3258
3195 3259
3195 3260
3196 3197
3196 3260
3196 3261
3196 3262
3197 3198
3197 3261
3197 3262
3197 3263
3198 3262
3198 3263
3199 3200
3199 3264
3199 3265
3200 3201
3200 3264
3200 3265
3200 3266
3201 3202
3201 3265
3201 3266
3202 3203
3202 3266
3202 3267
3203 3204
3203 3267
3203 3268
3204 3205
3204 3267
3204 3268
3205 3206
3205 3268
3205 3269
3206 3269
3206 3270
3207 3208
3207 3270
3207 3271
3208 3209
3208 3271
3208 3272
3209 3271
3209 3272
3210 3211
3210 3273
3210 3274
3211 3212
3211 3273
3211 3274
3211 3275
3212 3274
3212 3275
3212 3276
3213 3214
3213 3276
3213 3277
3214 3277
3214 3278
3215 3216
3215 3278
3215 3279
3215 3280
3216 3279
3216 3280
3217 3218
3217 3281
3217 3282
3218 3219
3218 3281
3218 3282
3218 3283
3219 3220
3219 3282
3219 3283
3219 3284
3220 3221
3220 3283
3220 3284
3220 3285
3221 3284
3221 3285
3221 3286
3222 3287
3222 3288
3223 3224
3223 3288
3223 3289
3223 3290
3224 3225
3224 3289
3224 3290
3224 3291
3225 3226
3225 3290
3225 3291
3225 3292
3226 3227
3226 3291
3226 3292
3227 3292
3227 3293
3228 3229
3228 3294
3228 3295
3228 3296
3229 3230
3229 3295
3229 3296
3230 3231
3230 3296
3231 3232
3231 3297
3232 3233
3232 3297
3233 3234
3233 3297
3233 3298
3234 3235
3234 3298
3234 3299
3235 3236
3235 3298
3235 3299
3235 3300
3236 3237
3236 3299
3236 3300
3236 3301
3237 3238
3237 3300
3237 3301
3238 3239
3238 3301
3238 3302
3239 3240
3239 3302
3239 3303
3240 3302
3240 3303
3240 3304
3241 3242
3241 3304
3241 3305
3241 3306
3242 3305
3242 3306
3243 3244
3243 3307
3243 3308
3244 3245
3244 3307
3244 3308
3245 3246
3245 3308
3245 3309
3246 3309
3246 3310
3247 3248
3247 3310
3247 3311
3247 3312
3248 3311
3248 3312
3248 3313
3249 3250
3249 3313
3249 3314
3249 3315
3250 3251
3250 3314
3250 3315
3251 3252
3251 3315
3251 3316
3252 3253
3252 3316
3253 3254
3253 3316
3253 3317
3254 3255
3254 3317
3254 3318
3255 3256
3255 3317
3255 3318
3255 3319
3256 3257
3256 3318
3256 3319
3256 3320
3257 3258
3257 3319
3257 3320
3257 3321
3258 3259
3258 3320
3258 3321
3258 3322
3259 3260
3259 3321
3259 3322
3259 3323
3260 3261
3260 3322
3260 3323
3261 3262
3261 3323
3262 3263
3262 3324
3263 3324
3263 3325
3264 3265
3264 3325
3264 3326
3264 3327
3265 3266
3265 3326
3265 3327
3265 3328
3266 3327
3266 3328
3266 3329
3267 3268
3267 3329
3268 3330
3269 3270
3269 3330
3269 3331
3270 3331
3270 3332
3271 3272
3271 3332
3271 3333
3271 3334
3272 3333
3272 3334
3273 3274
3273 3335
3273 3336
3273 3337
3274 3275
3274 3336
3274 3337
3274 3338
3275 3276
3275 3337
3275 3338
3275 3339
3276 3277
3276 3338
3276 3339
3276 3340
3277 3339
3277 3340
3278 3279
3278 3341
3279 3280
3279 3341
3279 3342
3280 3342
3280 3343
3281 3282
3281 3343
3281 3344
3282 3283
3282 3344
3282 3345
3283 3284
3283 3345
3283 3346
3284 3285
3284 3345
3284 3346
3285 3286
3285 3346
3285 3347
3286 3287
3286 3347
3286 3348
3287 3347
3287 3348
3288 3289
3288 3349
3288 3350
3289 3290
3289 3349
3289 3350
3290 3291
3290 3350
3291 3292
3291 3351
3292 3351
3292 3352
3293 3294
3293 3352
3293 3353
3293 3354
3294 3295
3294 3353
3294 3354
3294 3355
3295 3296
3295 3354
3295 3355
3295 3356
3296 3355
3296 3356
3296 3357
3297 3358
3297 3359
3298 3299
3298 3360
3298 3361
3299 3300
3299 3360
3299 3361
3300 3301
3300 3361
3300 3362
3301 3362
3301 3363
3302 3303
3302 3363
3302 3364
3302 3365
3303 3304
3303 3364
3303 3365
3303 3366
3304 3305
3304 3365
3304 3366
3304 3367
3305 3306
3305 3366
3305 3367
3305 3368
3306 3367
3306 3368
3306 3369
3307 3308
3307 3369
3307 3370
3307 3371
3308 3370
3308 3371
3308 3372
3309 3310
3309 3372
3309 3373
3309 3374
3310 3311
3310 3373
3310 3374
3310 3375
3311 3312
3311 3374
3311 3375
3311 3376
3312 3313
3312 3375
3312 3376
3312 3377
3313 3314
3313 3376
3313 3377
3313 3378
3314 3315
3314 3377
3314 3378
3314 3379
3315 3378
3315 3379
3315 3380
3316 3380
3316 3381
3317 3318
3317 3381
3317 3382
3318 3319
3318 3382
3318 3383
3319 3320
3319 3383
3319 3384
3320 3321
3320 3383
3320 3384
3321 3322
3321 3384
3321 3385
3322 3323
3322 3385
3322 3386
3323 3385
3323 3386
3323 3387
3324 3325
3324 3388
3324 3389
3324 3390
3325 3326
3325 3389
3325 3390
3325 3391
3326 3327
3326 3390
3326 3391
3327 3328
3327 3391
3328 3329
3328 3392
3329 3392
3329 3393
3330 3394
3330 3395
3331 3332
3331 3395
3331 3396
3331 3397
3332 3333
3332 3396
3332 3397
3333 3334
3333 3397
3335 3336
3335 3398
3335 3399
3336 3337
3336 3398
3336 3399
3337 3338
3337 3399
3337 3400
3338 3339
3338 3400
3338 3401
3339 3340
3339 3400
3339 3401
3340 3401
3340 3402
3341 3402
3341 3403
3341 3404
3342 3343
3342 3404
3342 3405
3342 3406
3343 3344
3343 3405
3343 3406
3343 3407
3344 3406
3344 3407
3344 3408
3345 3346
3345 3408
3345 3409
3345 3410
3346 3409
3346 3410
3346 3411
3347 3348
3347 3411
3347 3412
3347 3413
3348 3412
3348 3413
3349 3350
3349 3414
3350 3414
3350 3415
3351 3352
3351 3416
3351 3417
3351 3418
3352 3353
3352 3417
3352 3418
3352 3419
3353 3354
3353 3418
3353 3419
3353 3420
3354 3355
3354 3419
3354 3420
3354 3421
3355 3356
3355 3420
3355 3421
3355 3422
3356 3357
3356 3421
3356 3422
3356 3423
3357 3358
3357 3422
3357 3423
3357 3424
3358 3359
3358 3423
3358 3424
3358 3425
3359 3424
3359 3425
3359 3426
3360 3361
3360 3426
3360 3427
3360 3428
3361 3427
3361 3428
3361 3429
3362 3363
3362 3429
3362 3430
3363 3364
3363 3430
3364 3365
3365 3366
3365 3431
3366 3367
3366 3431
3366 3432
3367 3368
3367 3431
3367 3432
3367 3433
3368 3369
3368 3432
3368 3433
3369 3370
3369 3433
3369 3434
3370 3371
3370 3434
3371 3372
3371 3434
3372 3373
3372 3435
3373 3374
3373 3435
3373 3436
3374 3375
3374 3435
3374 3436
3374 3437
3375 3376
3375 3436
3375 3437
3375 3438
3376 3377
3376 3437
3376 3438
3376 3439
3377 3378
3377 3438
3377 3439
3377 3440
3378 3379
3378 3439
3378 3440
3378 3441
3379 3380
3379 3440
3379 3441
3379 3442
3380 3441
3380 3442
3380 3443
3381 3382
3381 3443
3381 3444
3381 3445
3382 3444
3382 3445
3383 3384
3383 3446
3383 3447
3384 3446
3384 3447
3384 3448
3385 3386
3385 3448
3385 3449
3386 3387
3386 3449
3386 3450
3387 3388
3387 3450
3388 3389
3388 3450
3388 3451
3389 3390
3389 3451
3389 3452
3390 3391
3390 3451
3390 3452
3391 3452
3391 3453
3392 3393
3392 3454
3393 3454
3393 3455
3394 3395
3394 3455
3394 3456
3394 3457
3395 3396
3395 3456
3395 3457
3395 3458
3396 3397
3396 3457
3396 3458
3396 3459
3397 3458
3397 3459
3397 3460
3398 3399
3398 3462
3398 3463
3399 3462
3399 3463
3399 3464
3400 3401
3400 3464
3400 3465
3401 3465
3401 3466
3402 3403
3402 3466
3402 3467
3402 3468
3403 3404
3403 3467
3403 3468
3403 3469
3404 3405
3404 3468
3404 3469
3405 3406
3405 3469
3405 3470
3406 3407
3406 3470
3406 3471
3407 3408
3407 3470
3407 3471
3407 3472
3408 3409
3408 3471
3408 3472
3408 3473
3409 3410
3409 3472
3409 3473
3409 3474
3410 3411
3410 3473
3410 3474
3411 3412
3411 3474
3411 3475
3412 3413
3412 3475
3412 3476
3413 3475
3413 3476
3413 3477
3414 3415
3414 3478
3414 3479
3415 3416
3415 3478
3415 3479
3415 3480
3416 3417
3416 3479
3416 3480
3416 3481
3417 3418
3417 3480
3417 3481
3417 3482
3418 3419
3418 3481
3418 3482
3418 3483
3419 3420
3419 3482
3419 3483
3419 3484
3420 3421
3420 3483
3420 3484
3420 3485
3421 3422
3421 3484
3421 3485
3421 3486
3422 3423
3422 3485
3422 3486
3422 3487
3423 3424
3423 3486
3423 3487
3424 3425
3424 3487
3424 3488
3425 3426
3425 3488
3426 3427
3426 3488
3426 3489
3427 3428
3427 3489
3427 3490
3428 3429
3428 3489
3428 3490
3428 3491
3429 3430
3429 3490
3429 3491
3430 3491
3430 3492
3431 3432
3431 3494
3431 3495
3431 3496
3432 3433
3432 3495
3432 3496
3432 3497
3433 3496
3433 3497
3433 3498
3434 3498
3434 3499
3434 3500
3435 3436
3435 3501
3435 3502
3436 3437
3436 3502
3436 3503
3437 3438
3437 3502
3437 3503
3437 3504
3438 3439
3438 3503
3438 3504
3438 3505
3439 3440
3439 3504
3439 3505
3439 3506
3440 3441
3440 3505
3440 3506
3440 3507
3441 3442
3441 3506
3441 3507
3441 3508
3442 3443
3442 3507
3442 3508
3442 3509
3443 3444
3443 3508
3443 3509
3443 3510
3444 3445
3444 3509
3444 3510
3444 3511
3445 3510
3445 3511
3445 3512
3446 3447
3446 3512
3446 3513
3446 3514
3447 3448
3447 3513
3447 3514
3447 3515
3448 3449
3448 3514
3448 3515
3449 3515
3449 3516
3450 3516
3450 3517
3450 3518
3451 3452
3451 3518
3451 3519
3452 3519
3452 3520
3453 3520
3453 3521
3453 3522
3454 3455
3454 3523
3454 3524
3454 3525
3455 3456
3455 3524
3455 3525
3456 3457
3456 3525
3457 3458
3457 3526
3458 3459
3458 3526
3458 3527
3459 3460
3459 3526
3459 3527
3459 3528
3460 3461
3460 3527
3460 3528
3460 3529
3461 3528
3461 3529
3462 3463
3462 3530
3463 3464
3463 3530
3464 3465
3466 3467
3466 3531
3466 3532
3467 3468
3467 3531
3467 3532
3467 3533
3468 3469
3468 3532
3468 3533
3468 3534
3469 3533
3469 3534
3470 3471
3470 3535
3471 3472
3471 3535
3471 3536
3472 3473
3472 3535
3472 3536
3473 3474
3473 3536
3473 3537
3474 3537
3475 3476
3475 3538
3475 3539
3476 3477
3476 3538
3476 3539
3476 3540
3477 3539
3477 3540
3478 3479
3478 3541
3479 3480
3479 3541
3479 3542
3480 3481
3480 3541
3480 3542
3480 3543
3481 3482
3481 3542
3481 3543
3481 3544
3482 3483
3482 3543
3482 3544
3482 3545
3483 3484
3483 3544
3483 3545
3484 3485
3484 3545
3484 3546
3485 3486
3485 3546
3485 3547
3486 3487
3486 3546
3486 3547
3486 3548
3487 3547
3487 3548
3487 3549
3488 3549
3488 3550
3488 3551
3489 3490
3489 3551
3489 3552
3489 3553
3490 3491
3490 3552
3490 3553
3490 3554
3491 3553
3491 3554
3491 3555
3492 3493
3492 3555
3492 3556
3492 3557
3493 3494
3493 3556
3493 3557
3493 3558
3494 3495
3494 3557
3494 3558
3495 3496
3495 3558
3495 3559
3496 3497
3496 3559
3496 3560
3497 3498
3497 3559
3497 3560
3497 3561
3498 3499
3498 3560
3498 3561
3499 3500
3499 3561
3499 3562
3500 3501
3500 3562
3500 3563
3501 3562
3501 3563
3501 3564
3502 3503
3502 3564
3502 3565
3502 3566
3503 3504
3503 3565
3503 3566
3503 3567
3504 3505
3504 3566
3504 3567
3505 3506
3505 3567
3505 3568
3506 3507
3506 3568
3506 3569
3507 3508
3507 3568
3507 3569
3507 3570
3508 3509
3508 3569
3508 3570
3508 3571
3509 3510
3509 3570
3509 3571
3509 3572
3510 3511
3510 3571
3510 3572
3510 3573
3511 3512
3511 3572
3511 3573
3511 3574
3512 3513
3512 3573
3512 3574
3513 3514
3513 3574
3514 3515
3514 3575
3515 3575
3515 3576
3516 3517
3516 3576
3516 3577
3516 3578
3517 3518
3517 3577
3517 3578
3518 3519
3518 3578
3518 3579
3519 3579
3519 3580
3520 3521
3520 3580
3520 3581
3521 3522
3521 3581
3521 3582
3522 3523
3522 3582
3523 3524
3523 3582
3523 3583
3524 3525
3524 3583
3525 3583
3525 3584
3526 3527
3526 3585
3526 3586
3527 3528
3527 3585
3527 3586
3527 3587
3528 3529
3528 3586
3528 3587
3528 3588
3529 3587
3529 3588
3530 3589
3530 3590
3531 3532
3531 3593
3531 3594
3532 3533
3532 3594
3533 3534
3533 3594
3533 3595
3534 3595
3534 3596
3535 3536
3535 3597
3535 3598
3536 3598
3536 3599
3537 3599
3537 3600
3538 3539
3538 3600
3538 3601
3538 3602
3539 3540
3539 3601
3539 3602
3540 3602
3540 3603
3541 3542
3541 3604
3541 3605
3541 3606
3542 3543
3542 3605
3542 3606
3542 3607
3543 3544
3543 3606
3543 3607
3543 3608
3544 3545
3544 3607
3544 3608
3544 3609
3545 3608
3545 3609
3545 3610
3546 3547
3546 3610
3546 3611
3546 3612
3547 3548
3547 3611
3547 3612
3547 3613
3548 3549
3548 3612
3548 3613
3548 3614
3549 3550
3549 3613
3549 3614
3549 3615
3550 3551
3550 3614
3550 3615
3551 3552
3551 3615
3551 3616
3552 3553
3552 3616
3553 3554
3553 3616
3554 3555
3554 3617
3555 3556
3555 3617
3556 3557
3556 3617
3556 3618
3557 3558
3557 3618
3557 3619
3558 3618
3558 3619
3558 3620
3559 3560
3559 3620
3559 3621
3559 3622
3560 3561
3560 3621
3560 3622
3560 3623
3561 3622
3561 3623
3561 3624
3562 3563
3562 3624
3562 3625
3562 3626
3563 3564
3563 3625
3563 3626
3564 3565
3564 3626
3564 3627
3565 3566
3565 3627
3566 3567
3566 3627
3567 3628
3568 3569
3568 3628
3568 3629
3568 3630
3569 3570
3569 3629
3569 3630
3569 3631
3570 3571
3570 3630
3570 3631
3571 3572
3571 3631
3571 3632
3572 3573
3572 3632
3572 3633
3573 3574
3573 3632
3573 3633
3573 3634
3574 3633
3574 3634
3574 3635
3575 3576
3575 3636
3575 3637
3575 3638
3576 3577
3576 3637
3576 3638
3576 3639
3577 3578
3577 3638
3577 3639
3577 3640
3578 3639
3578 3640
3578 3641
3579 3580
3579 3641
3579 3642
3580 3581
3580 3642
3580 3643
3581 3643
3582 3644
3583 3645
3584 3645
3584 3646
3584 3647
3585 3586
3585 3647
3585 3648
3586 3587
3586 3648
3586 3649
3587 3588
3587 3649
3587 3650
3588 3649
3588 3650
3589 3590
3589 3651
3589 3652
3590 3591
3590 3651
3590 3652
3590 3653
3591 3592
3591 3652
3591 3653
3591 3654
3592 3593
3592 3653
3592 3654
3592 3655
3593 3654
3593 3655
3594 3656
3594 3657
3595 3596
3595 3657
3595 3658
3596 3597
3596 3658
3596 3659
3597 3598
3597 3658
3597 3659
3597 3660
3598 3659
3598 3660
3599 3661
3599 3662
3600 3601
3600 3662
3600 3663
3600 3664
3601 3602
3601 3663
3601 3664
3601 3665
3602 3664
3602 3665
3602 3666
3603 3604
3603 3666
3603 3667
3603 3668
3604 3605
3604 3667
3604 3668
3604 3669
3605 3606
3605 3668
3605 3669
3605 3670
3606 3607
3606 3669
3606 3670
3607 3608
3607 3670
3607 3671
3608 3609
3608 3671
3609 3610
3609 3671
3609 3672
3610 3611
3610 3672
3610 3673
3611 3612
3611 3672
3611 3673
3611 3674
3612 3613
3612 3673
3612 3674
3612 3675
3613 3614
3613 3674
3613 3675
3613 3676
3614 3615
3614 3675
3614 3676
3615 3676
3615 3677
3616 3677
3616 3678
3617 3679
3617 3680
3617 3681
3618 3619
3618 3681
3618 3682
3618 3683
3619 3620
3619 3682
3619 3683
3619 3684
3620 3621
3620 3683
3620 3684
3620 3685
3621 3622
3621 3684
3621 3685
3621 3686
3622 3623
3622 3685
3622 3686
3622 3687
3623 3624
3623 3686
3623 3687
3623 3688
3624 3625
3624 3687
3624 3688
3624 3689
3625 3626
3625 3688
3625 3689
3625 3690
3626 3689
3626 3690
3626 3691
3627 3691
3627 3692
3627 3693
3628 3629
3628 3694
3628 3695
3628 3696
3629 3630
3629 3695
3629 3696
3630 3631
3630 3696
3630 3697
3631 3697
3631 3698
3632 3633
3632 3698
3632 3699
3633 3634
3633 3699
3633 3700
3634 3635
3634 3700
3634 3701
3635 3636
3635 3700
3635 3701
3635 3702
3636 3637
3636 3701
3636 3702
3637 3638
3637 3702
3638 3639
3638 3703
3639 3640
3639 3703
3640 3641
3640 3703
3640 3704
3641 3642
3641 3704
3641 3705
3642 3704
3642 3705
3642 3706
3643 3706
3643 3707
3644 3708
3645 3646
3645 3709
3645 3710
3645 3711
3646 3647
3646 3710
3646 3711
3646 3712
3647 3648
3647 3711
3647 3712
3647 3713
3648 3712
3648 3713
3649 3650
3649 3714
3650 3714
3651 3652
3651 3715
3651 3716
3652 3653
3652 3715
3652 3716
3653 3654
3653 3716
3653 3717
3654 3655
3654 3717
3654 3718
3655 3717
3655 3718
3655 3719
3656 3657
3656 3719
3656 3720
3657 3720
3657 3721
3658 3659
3658 3721
3658 3722
3658 3723
3659 3660
3659 3722
3659 3723
3659 3724
3660 3723
3660 3724
3660 3725
3661 3662
3661 3725
3661 3726
3661 3727
3662 3663
3662 3726
3662 3727
3662 3728
3663 3664
3663 3727
3663 3728
3663 3729
3664 3665
3664 3728
3664 3729
3665 3666
3665 3729
3666 3667
3666 3730
3667 3668
3667 3730
3667 3731
3668 3669
3668 3730
3668 3731
3668 3732
3669 3670
3669 3731
3669 3732
3669 3733
3670 3732
3670 3733
3670 3734
3671 3734
3671 3735
3671 3736
3672 3673
3672 3736
3672 3737
3673 3674
3673 3737
3674 3675
3674 3737
3674 3738
3675 3676
3675 3738
3676 3738
3676 3739
3677 3678
3677 3739
3677 3740
3677 3741
3678 3740
3678 3741
3678 3742
3679 3680
3679 3742
3679 3743
3680 3681
3680 3743
3680 3744
3681 3682
3681 3744
3681 3745
3682 3683
3682 3744
3682 3745
3682 3746
3683 3684
3683 3745
3683 3746
3683 3747
3684 3685
3684 3746
3684 3747
3684 3748
3685 3686
3685 3747
3685 3748
3685 3749
3686 3687
3686 3748
3686 3749
3686 3750
3687 3688
3687 3749
3687 3750
3687 3751
3688 3689
3688 3750
3688 3751
3688 3752
3689 3690
3689 3751
3689 3752
3689 3753
3690 3691
3690 3752
3690 3753
3690 3754
3691 3692
3691 3753
3691 3754
3691 3755
3692 3693
3692 3754
3692 3755
3692 3756
3693 3694
3693 3755
3693 3756
3694 3695
3694 3756
3694 3757
3695 3696
3695 3757
3695 3758
3696 3757
3696 3758
3696 3759
3697 3698
3697 3759
3697 3760
3697 3761
3698 3699
3698 3760
3698 3761
3698 3762
3699 3761
3699 3762
3699 3763
3700 3701
3700 3763
3700 3764
3700 3765
3701 3702
3701 3764
3701 3765
3702 3765
3702 3766
3703 3767
3703 3768
3703 3769
3704 3705
3704 3769
3704 3770
3705 3706
3705 3770
3705 3771
3706 3707
3706 3770
3706 3771
3706 3772
3707 3771
3707 3772
3707 3773
3708 3709
3708 3774
3708 3775
3709 3710
3709 3774
3709 3775
3709 3776
3710 3711
3710 3775
3710 3776
3710 3777
3711 3712
3711 3776
3711 3777
3711 3778
3712 3713
3712 3777
3712 3778
3712 3779
3713 3778
3713 3779
3713 3780
3714 3781
3714 3782
3715 3716
3715 3783
3715 3784
3716 3783
3716 3784
3716 3785
3717 3718
3717 3785
3717 3786
3718 3719
3718 3786
3718 3787
3719 3786
3719 3787
3720 3721
3720 3788
3720 3789
3721 3722
3721 3788
3721 3789
3722 3723
3722 3789
3722 3790
3723 3724
3723 3790
3723 3791
3724 3725
3724 3790
3724 3791
3724 3792
3725 3726
3725 3791
3725 3792
3725 3793
3726 3727
3726 3792
3726 3793
3726 3794
3727 3728
3727 3793
3727 3794
3727 3795
3728 3729
3728 3794
3728 3795
3728 3796
3729 3795
3729 3796
3729 3797
3730 3731
3730 3798
3730 3799
3731 3732
3731 3799
3732 3733
3732 3800
3733 3734
3733 3800
3733 3801
3734 3735
3734 3800
3734 3801
3734 3802
3735 3736
3735 3801
3735 3802
3735 3803
3736 3802
3736 3803
3736 3804
3737 3804
3737 3805
3738 3806
3739 3740
3739 3807
3739 3808
3740 3741
3740 3807
3740 3808
3740 3809
3741 3742
3741 3808
3741 3809
3741 3810
3742 3743
3742 3809
3742 3810
3742 3811
3743 3810
3743 3811
3743 3812
3744 3745
3744 3812
3744 3813
3744 3814
3745 3746
3745 3813
3745 3814
3745 3815
3746 3747
3746 3814
3746 3815
3746 3816
3747 3748
3747 3815
3747 3816
3747 3817
3748 3749
3748 3816
3748 3817
3748 3818
3749 3750
3749 3817
3749 3818
3749 3819
3750 3751
3750 3818
3750 3819
3750 3820
3751 3752
3751 3819
3751 3820
3751 3821
3752 3753
3752 3820
3752 3821
3752 3822
3753 3754
3753 3821
3753 3822
3753 3823
3754 3755
3754 3822
3754 3823
3754 3824
3755 3756
3755 3823
3755 3824
3755 3825
3756 3824
3756 3825
3756 3826
3757 3758
3757 3826
3757 3827
3757 3828
3758 3759
3758 3827
3758 3828
3758 3829
3759 3760
3759 3828
3759 3829
3759 3830
3760 3761
3760 3829
3760 3830
3761 3762
3761 3830
3761 3831
3762 3763
3762 3831
3762 3832
3763 3764
3763 3831
3763 3832
3763 3833
3764 3765
3764 3832
3764 3833
3765 3833
3765 3834
3766 3767
3766 3834
3766 3835
3766 3836
3767 3768
3767 3835
3767 3836
3767 3837
3768 3769
3768 3836
3768 3837
3768 3838
3769 3837
3769 3838
3769 3839
3770 3771
3770 3839
3770 3840
3771 3772
3771 3840
3771 3841
3772 3773
3772 3840
3772 3841
3772 3842
3773 3841
3773 3842
3773 3843
3774 3775
3774 3843
3775 3776
3776 3777
3777 3778
3777 3844
3778 3779
3778 3844
3779 3780
3779 3844
3779 3845
3780 3781
3780 3845
3780 3846
3781 3782
3781 3845
3781 3846
3781 3847
3782 3846
3782 3847
3783 3784
3783 3848
3783 3849
3784 3785
3784 3848
3784 3849
3784 3850
3785 3849
3785 3850
3785 3851
3786 3787
3786 3851
3786 3852
3786 3853
3787 3852
3787 3853
3787 3854
3788 3789
3788 3854
3788 3855
3789 3855
3790 3791
3790 3856
3790 3857
3791 3792
3791 3856
3791 3857
3791 3858
3792 3793
3792 3857
3792 3858
3793 3794
3793 3858
3793 3859
3794 3795
3794 3859
3795 3796
3795 3859
3795 3860
3796 3797
3796 3860
3796 3861
3797 3798
3797 3860
3797 3861
3797 3862
3798 3799
3798 3861
3798 3862
3798 3863
3799 3862
3799 3863
3799 3864
3800 3801
3800 3865
3800 3866
3801 3802
3801 3866
3801 3867
3802 3803
3802 3867
3802 3868
3803 3804
3803 3867
3803 3868
3803 3869
3804 3805
3804 3868
3804 3869
3805 3869
3805 3870
3806 3870
3806 3871
3807 3808
3807 3872
3807 3873
3808 3809
3808 3872
3808 3873
3808 3874
3809 3810
3809 3873
3809 3874
3809 3875
3810 3811
3810 3874
3810 3875
3810 3876
3811 3812
3811 3875
3811 3876
3811 3877
3812 3813
3812 3876
3812 3877
3812 3878
3813 3814
3813 3877
3813 3878
3813 3879
3814 3815
3814 3878
3814 3879
3814 3880
3815 3816
3815 3879
3815 3880
3815 3881
3816 3817
3816 3880
3816 3881
3816 3882
3817 3818
3817 3881
3817 3882
3817 3883
3818 3819
3818 3882
3818 3883
3818 3884
3819 3820
3819 3883
3819 3884
3819 3885
3820 3821
3820 3884
3820 3885
3820 3886
3821 3822
3821 3885
3821 3886
3822 3823
3822 3886
3822 3887
3823 3824
3823 3887
3823 3888
3824 3825
3824 3887
3824 3888
3824 3889
3825 3826
3825 3888
3825 3889
3825 3890
3826 3827
3826 3889
3826 3890
3826 3891
3827 3828
3827 3890
3827 3891
3828 3829
3828 3891
3828 3892
3829 3830
3829 3892
3830 3892
3830 3893
3831 3832
3831 3893
3831 3894
3831 3895
3832 3833
3832 3894
3832 3895
3832 3896
3833 3895
3833 3896
3833 3897
3834 3835
3834 3897
3834 3898
3835 3836
3835 3898
3835 3899
3836 3837
3836 3899
3836 3900
3837 3838
3837 3899
3837 3900
3837 3901
3838 3839
3838 3900
3838 3901
3839 3901
3839 3902
3840 3841
3840 3902
3840 3903
3840 3904
3841 3842
3841 3903
3841 3904
3841 3905
3842 3843
3842 3904
3842 3905
3842 3906
3843 3905
3843 3906
3843 3907
3844 3910
3844 3911
3844 3912
3845 3846
3845 3912
3845 3913
3845 3914
3846 3847
3846 3913
3846 3914
3846 3915
3847 3914
3847 3915
3848 3849
3848 3916
3849 3850
3849 3916
3849 3917
3850 3851
3850 3916
3850 3917
3850 3918
3851 3852
3851 3917
3851 3918
3851 3919
3852 3853
3852 3918
3852 3919
3852 3920
3853 3854
3853 3919
3853 3920
3853 3921
3854 3920
3854 3921
3855 3922
3856 3857
3857 3858
3857 3923
3858 3923
3858 3924
3859 3924
3859 3925
3859 3926
3860 3861
3860 3926
3860 3927
3861 3862
3861 3927
3862 3863
3862 3927
3862 3928
3863 3864
3863 3928
3863 3929
3864 3865
3864 3928
3864 3929
3864 3930
3865 3866
3865 3929
3865 3930
3865 3931
3866 3930
3866 3931
3866 3932
3867 3868
3867 3932
3867 3933
3867 3934
3868 3869
3868 3933
3868 3934
3869 3934
3869 3935
3870 3871
3870 3935
3870 3936
3870 3937
3871 3936
3871 3937
3871 3938
3872 3873
3872 3938
3872 3939
3872 3940
3873 3874
3873 3939
3873 3940
3873 3941
3874 3875
3874 3940
3874 3941
3874 3942
3875 3876
3875 3941
3875 3942
3875 3943
3876 3877
3876 3942
3876 3943
3876 3944
3877 3878
3877 3943
3877 3944
3877 3945
3878 3879
3878 3944
3878 3945
3878 3946
3879 3880
3879 3945
3879 3946
3879 3947
3880 3881
3880 3946
3880 3947
3880 3948
3881 3882
3881 3947
3881 3948
3881 3949
3882 3883
3882 3948
3882 3949
3882 3950
3883 3884
3883 3949
3883 3950
3883 3951
3884 3885
3884 3950
3884 3951
3884 3952
3885 3886
3885 3951
3885 3952
3885 3953
3886 3952
3886 3953
3886 3954
3887 3888
3887 3954
3887 3955
3887 3956
3888 3889
3888 3955
3888 3956
3888 3957
3889 3890
3889 3956
3889 3957
3889 3958
3890 3891
3890 3957
3890 3958
3890 3959
3891 3958
3891 3959
3891 3960
3892 3960
3892 3961
3893 3894
3893 3961
3893 3962
3894 3895
3894 3962
3894 3963
3895 3896
3895 3963
3895 3964
3896 3897
3896 3963
3896 3964
3897 3898
3897 3964
3898 3965
3899 3900
3899 3965
3899 3966
3899 3967
3900 3901
3900 3966
3900 3967
3900 3968
3901 3967
3901 3968
3901 3969
3902 3903
3902 3969
3903 3904
3903 3970
3904 3905
3904 3970
3904 3971
3905 3906
3905 3970
3905 3971
3905 3972
3906 3907
3906 3971
3906 3972
3906 3973
3907 3908
3907 3972
3907 3973
3908 3909
3908 3973
3908 3974
3909 3910
3909 3974
3909 3975
3910 3911
3910 3974
3910 3975
3911 3912
3911 3975
3911 3976
3912 3913
3912 3976
3912 3977
3913 3914
3913 3976
3913 3977
3913 3978
3914 3915
3914 3977
3914 3978
3915 3978
3916 3917
3916 3979
3916 3980
3917 3918
3917 3980
3917 3981
3918 3919
3918 3980
3918 3981
3918 3982
3919 3920
3919 3981
3919 3982
3919 3983
3920 3921
3920 3982
3920 3983
3920 3984
3921 3983
3921 3984
3921 3985
3922 3985
3922 3986
3922 3987
3923 3924
3923 3989
3923 3990
3923 3991
3924 3925
3924 3990
3924 3991
3924 3992
3925 3926
3925 3991
3925 3992
3925 3993
3926 3992
3926 3993
3926 3994
3927 3994
3927 3995
3927 3996
3928 3929
3928 3996
3928 3997
3928 3998
3929 3930
3929 3997
3929 3998
3929 3999
3930 3931
3930 3998
3930 3999
3931 3932
3931 3999
3931 4000
3932 3933
3932 4000
3933 3934
3933 4000
3933 4001
3934 4001
3935 3936
3935 4002
3935 4003
3936 3937
3936 4002
3936 4003
3936 4004
3937 3938
3937 4003
3937 4004
3937 4005
3938 3939
3938 4004
3938 4005
3938 4006
3939 3940
3939 4005
3939 4006
3939 4007
3940 3941
3940 4006
3940 4007
3940 4008
3941 3942
3941 4007
3941 4008
3941 4009
3942 3943
3942 4008
3942 4009
3942 4010
3943 3944
3943 4009
3943 4010
3943 4011
3944 3945
3944 4010
3944 4011
3944 4012
3945 3946
3945 4011
3945 4012
3945 4013
3946 3947
3946 4012
3946 4013
3946 4014
3947 3948
3947 4013
3947 4014
3948 3949
3948 4014
3948 4015
3949 3950
3949 4015
3949 4016
3950 3951
3950 4015
3950 4016
3950 4017
3951 3952
3951 4016
3951 4017
3951 4018
3952 3953
3952 4017
3952 4018
3952 4019
3953 3954
3953 4018
3953 4019
3953 4020
3954 3955
3954 4019
3954 4020
3954 4021
3955 3956
3955 4020
3955 4021
3955 4022
3956 3957
3956 4021
3956 4022
3956 4023
3957 3958
3957 4022
3957 4023
3957 4024
3958 3959
3958 4023
3958 4024
3958 4025
3959 3960
3959 4024
3959 4025
3959 4026
3960 4025
3960 4026
3960 4027
3961 3962
3961 4027
3962 4028
3963 3964
3963 4028
3963 4029
3964 4029
3964 4030
3965 3966
3965 4031
3965 4032
3966 3967
3966 4032
3966 4033
3967 3968
3967 4032
3967 4033
3967 4034
3968 3969
3968 4033
3968 4034
3968 4035
3969 4034
3969 4035
3969 4036
3970 3971
3970 4037
3970 4038
3970 4039
3971 3972
3971 4038
3971 4039
3971 4040
3972 3973
3972 4039
3972 4040
3973 4040
3974 3975
3974 4041
3974 4042
3975 4041
3975 4042
3975 4043
3976 3977
3976 4043
3976 4044
3977 3978
3977 4044
3977 4045
3978 4044
3978 4045
3978 4046
3979 4047
3980 3981
3980 4048
3980 4049
3981 3982
3981 4048
3981 4049
3982 3983
3982 4049
3983 3984
3984 3985
3984 4050
3985 3986
3985 4050
3985 4051
3986 3987
3986 4050
3986 4051
3986 4052
3987 3988
3987 4051
3987 4052
3987 4053
3988 3989
3988 4052
3988 4053
3989 3990
3989 4053
3989 4054
3990 3991
3990 4054
3990 4055
3991 3992
3991 4054
3991 4055
3992 3993
3992 4055
3992 4056
3993 3994
3993 4056
3993 4057
3994 3995
3994 4056
3994 4057
3994 4058
3995 3996
3995 4057
3995 4058
3996 3997
3996 4058
3996 4059
3997 3998
3997 4059
3998 3999
3998 4059
3998 4060
3999 4060
3999 4061
4000 4061
4000 4062
4001 4062
4001 4063
4001 4064
4002 4003
4002 4064
4002 4065
4002 4066
4003 4004
4003 4065
4003 4066
4003 4067
4004 4005
4004 4066
4004 4067
4004 4068
4005 4006
4005 4067
4005 4068
4005 4069
4006 4007
4006 4068
4006 4069
4006 4070
4007 4008
4007 4069
4007 4070
4008 4009
4008 4070
4008 4071
4009 4010
4009 4071
4009 4072
4010 4011
4010 4071
4010 4072
4010 4073
4011 4012
4011 4072
4011 4073
4011 4074
4012 4013
4012 4073
4012 4074
4012 4075
4013 4014
4013 4074
4013 4075
4013 4076
4014 4075
4014 4076
4014 4077
4015 4016
4015 4077
4015 4078
4015 4079
4016 4017
4016 4078
4016 4079
4016 4080
4017 4018
4017 4079
4017 4080
4017 4081
4018 4019
4018 4080
4018 4081
4018 4082
4019 4020
4019 4081
4019 4082
4019 4083
4020 4021
4020 4082
4020 4083
4020 4084
4021 4022
4021 4083
4021 4084
4021 4085
4022 4023
4022 4084
4022 4085
4022 4086
4023 4024
4023 4085
4023 4086
4023 4087
4024 4025
4024 4086
4024 4087
4024 4088
4025 4026
4025 4087
4025 4088
4025 4089
4026 4027
4026 4088
4026 4089
4026 4090
4027 4089
4027 4090
4027 4091
4028 4029
4028 4092
4028 4093
4028 4094
4029 4093
4029 4094
4029 4095
4030 4031
4030 4095
4030 4096
4030 4097
4031 4096
4031 4097
4031 4098
4032 4033
4032 4098
4032 4099
4032 4100
4033 4034
4033 4099
4033 4100
4033 4101
4034 4035
4034 4100
4034 4101
4034 4102
4035 4036
4035 4101
4035 4102
4035 4103
4036 4037
4036 4102
4036 4103
4036 4104
4037 4038
4037 4103
4037 4104
4038 4039
4038 4104
4038 4105
4039 4040
4039 4105
4039 4106
4040 4105
4040 4106
4041 4042
4041 4107
4041 4108
4041 4109
4042 4043
4042 4108
4042 4109
4042 4110
4043 4109
4043 4110
4044 4045
4044 4111
4044 4112
4045 4046
4045 4111
4045 4112
4045 4113
4046 4112
4046 4113
4047 4114
4048 4049
4048 4115
4048 4116
4049 4115
4049 4116
4049 4117
4050 4051
4050 4119
4050 4120
4051 4052
4051 4120
4051 4121
4052 4053
4052 4120
4052 4121
4053 4121
4054 4055
4054 4122
4055 4122
4056 4057
4056 4123
4057 4058
4057 4123
4058 4123
4058 4124
4059 4124
4059 4125
4059 4126
4060 4061
4060 4126
4061 4127
4062 4063
4062 4127
4062 4128
4062 4129
4063 4064
4063 4128
4063 4129
4064 4065
4064 4129
4064 4130
4065 4066
4065 4130
4066 4067
4066 4130
4066 4131
4067 4068
4067 4131
4067 4132
4068 4069
4068 4131
4068 4132
4069 4070
4069 4132
4069 4133
4070 4133
4071 4072
4071 4134
4071 4135
4072 4073
4072 4134
4072 4135
4072 4136
4073 4074
4073 4135
4073 4136
4073 4137
4074 4075
4074 4136
4074 4137
4074 4138
4075 4076
4075 4137
4075 4138
4075 4139
4076 4077
4076 4138
4076 4139
4076 4140
4077 4078
4077 4139
4077 4140
4078 4079
4078 4140
4078 4141
4079 4080
4079 4141
4079 4142
4080 4081
4080 4141
4080 4142
4080 4143
4081 4082
4081 4142
4081 4143
4081 4144
4082 4083
4082 4143
4082 4144
4082 4145
4083 4084
4083 4144
4083 4145
4083 4146
4084 4085
4084 4145
4084 4146
4084 4147
4085 4086
4085 4146
4085 4147
4085 4148
4086 4087
4086 4147
4086 4148
4086 4149
4087 4088
4087 4148
4087 4149
4088 4089
4088 4149
4088 4150
4089 4090
4089 4150
4090 4091
4090 4150
4091 4092
4092 4093
4092 4151
4093 4094
4093 4151
4093 4152
4094 4095
4094 4151
4094 4152
4094 4153
4095 4096
4095 4152
4095 4153
4096 4097
4096 4153
4096 4154
4097 4098
4097 4154
4098 4099
4098 4154
4099 4100
4099 4155
4100 4101
4100 4155
4100 4156
4101 4102
4101 4155
4101 4156
4102 4103
4102 4156
4103 4104
4103 4157
4104 4157
4104 4158
4105 4106
4105 4158
4105 4159
4105 4160
4106 4159
4106 4160
4107 4108
4107 4161
4108 4109
4108 4161
4108 4162
4109 4110
4109 4161
4109 4162
4109 4163
4110 4162
4110 4163
4111 4112
4111 4164
4112 4113
4112 4164
4112 4165
4113 4165
4114 4166
4114 4167
4115 4116
4115 4167
4115 4168
4115 4169
4116 4117
4116 4168
4116 4169
4116 4170
4117 4118
4117 4169
4117 4170
4117 4171
4118 4119
4118 4170
4118 4171
4118 4172
4119 4171
4119 4172
4119 4173
4120 4121
4120 4173
4120 4174
4120 4175
4121 4174
4121 4175
4121 4176
4122 4177
4122 4178
4122 4179
4123 4180
4123 4181
4124 4125
4124 4181
4124 4182
4124 4183
4125 4126
4125 4182
4125 4183
4126 4183
4126 4184
4127 4128
4127 4185
4127 4186
4127 4187
4128 4129
4128 4186
4128 4187
4128 4188
4129 4187
4129 4188
4129 4189
4130 4189
4130 4190
4131 4132
4131 4191
4132 4191
4132 4192
4133 4192
4133 4193
4134 4135
4134 4193
4134 4194
4134 4195
4135 4136
4135 4194
4135 4195
4135 4196
4136 4137
4136 4195
4136 4196
4136 4197
4137 4138
4137 4196
4137 4197
4137 4198
4138 4139
4138 4197
4138 4198
4138 4199
4139 4140
4139 4198
4139 4199
4139 4200
4140 4199
4140 4200
4140 4201
4141 4142
4141 4201
4141 4202
4141 4203
4142 4143
4142 4202
4142 4203
4142 4204
4143 4144
4143 4203
4143 4204
4143 4205
4144 4145
4144 4204
4144 4205
4144 4206
4145 4146
4145 4205
4145 4206
4145 4207
4146 4147
4146 4206
4146 4207
4146 4208
4147 4148
4147 4207
4147 4208
4147 4209
4148 4149
4148 4208
4148 4209
4148 4210
4149 4209
4149 4210
4150 4211
4151 4152
4151 4213
4151 4214
4152 4153
4152 4214
4152 4215
4153 4215
4153 4216
4154 4216
4154 4217
4154 4218
4155 4156
4155 4219
4155 4220
4156 4219
4156 4220
4156 4221
4157 4158
4157 4222
4158 4159
4158 4222
4158 4223
4159 4160
4159 4223
4159 4224
4160 4223
4160 4224
4160 4225
4161 4162
4161 4226
4162 4163
4162 4226
4162 4227
4163 4227
4163 4228
4164 4228
4164 4229
4164 4230
4165 4230
4165 4231
4166 4167
4166 4232
4167 4168
4167 4232
4167 4233
4168 4169
4168 4233
4168 4234
4169 4170
4169 4233
4169 4234
4169 4235
4170 4171
4170 4234
4170 4235
4171 4172
4171 4235
4171 4236
4172 4173
4172 4236
4172 4237
4173 4174
4173 4236
4173 4237
4173 4238
4174 4175
4174 4237
4174 4238
4175 4176
4175 4238
4175 4239
4176 4177
4176 4239
4176 4240
4177 4178
4177 4239
4177 4240
4177 4241
4178 4179
4178 4240
4178 4241
4178 4242
4179 4241
4179 4242
4179 4243
4180 4243
4180 4244
4180 4245
4181 4182
4181 4245
4181 4246
4181 4247
4182 4183
4182 4246
4182 4247
4183 4247
4183 4248
4184 4185
4184 4248
4184 4249
4184 4250
4185 4186
4185 4249
4185 4250
4185 4251
4186 4187
4186 4250
4186 4251
4187 4188
4187 4251
4188 4189
4189 4190
4189 4252
4190 4252
4190 4253
4191 4192
4191 4254
4191 4255
4191 4256
4192 4255
4192 4256
4192 4257
4193 4194
4193 4257
4193 4258
4193 4259
4194 4195
4194 4258
4194 4259
4194 4260
4195 4196
4195 4259
4195 4260
4195 4261
4196 4197
4196 4260
4196 4261
4197 4198
4197 4261
4197 4262
4198 4199
4198 4262
4198 4263
4199 4200
4199 4262
4199 4263
4199 4264
4200 4201
4200 4263
4200 4264
4201 4202
4201 4264
4201 4265
4202 4203
4202 4265
4203 4204
4203 4265
4204 4205
4204 4266
4205 4206
4205 4266
4205 4267
4206 4207
4206 4266
4206 4267
4206 4268
4207 4208
4207 4267
4207 4268
4207 4269
4208 4209
4208 4268
4208 4269
4208 4270
4209 4210
4209 4269
4209 4270
4209 4271
4210 4270
4210 4271
4210 4272
4211 4272
4211 4273
4212 4213
4212 4273
4212 4274
4212 4275
4213 4214
4213 4274
4213 4275
4213 4276
4214 4275
4214 4276
4215 4216
4215 4277
4216 4217
4216 4277
4216 4278
4217 4218
4217 4277
4217 4278
4218 4278
4218 4279
4219 4220
4219 4279
4219 4280
4220 4221
4220 4280
4220 4281
4221 4280
4221 4281
4221 4282
4222 4282
4223 4224
4223 4283
4224 4225
4224 4283
4224 4284
4225 4283
4225 4284
4225 4285
4226 4285
4226 4286
4226 4287
4227 4228
4227 4287
4227 4288
4227 4289
4228 4229
4228 4288
4228 4289
4228 4290
4229 4230
4229 4289
4229 4290
4229 4291
4230 4231
4230 4290
4230 4291
4231 4291
4232 4292
4233 4234
4233 4293
4234 4235
4234 4293
4234 4294
4235 4294
4235 4295
4236 4237
4236 4295
4236 4296
4236 4297
4237 4238
4237 4296
4237 4297
4238 4297
4239 4240
4239 4298
4239 4299
4240 4241
4240 4298
4240 4299
4240 4300
4241 4242
4241 4299
4241 4300
4242 4243
4242 4300
4242 4301
4243 4244
4243 4301
4243 4302
4244 4245
4244 4301
4244 4302
4244 4303
4245 4246
4245 4302
4245 4303
4245 4304
4246 4247
4246 4303
4246 4304
4246 4305
4247 4304
4247 4305
4247 4306
4248 4249
4248 4306
4248 4307
4249 4250
4249 4307
4249 4308
4250 4251
4250 4307
4250 4308
4250 4309
4251 4308
4251 4309
4252 4253
4252 4311
4252 4312
4252 4313
4253 4254
4253 4312
4253 4313
4254 4255
4254 4313
4254 4314
4255 4256
4255 4314
4256 4257
4256 4314
4256 4315
4257 4258
4257 4315
4257 4316
4258 4259
4258 4315
4258 4316
4258 4317
4259 4260
4259 4316
4259 4317
4259 4318
4260 4261
4260 4317
4260 4318
4260 4319
4261 4318
4261 4319
4262 4263
4262 4320
4263 4264
4263 4320
4264 4320
4264 4321
4265 4321
4265 4322
4266 4267
4266 4323
4266 4324
4266 4325
4267 4268
4267 4324
4267 4325
4267 4326
4268 4269
4268 4325
4268 4326
4268 4327
4269 4270
4269 4326
4269 4327
4270 4271
4270 4327
4270 4328
4271 4272
4271 4328
4271 4329
4272 4328
4272 4329
4272 4330
4273 4274
4273 4330
4273 4331
4273 4332
4274 4275
4274 4331
4274 4332
4275 4276
4275 4332
4275 4333
4276 4333
4276 4334
4277 4278
4277 4335
4278 4336
4279 4336
4279 4337
4279 4338
4280 4281
4280 4338
4280 4339
4280 4340
4281 4282
4281 4339
4281 4340
4281 4341
4282 4340
4282 4341
4282 4342
4283 4284
4283 4343
4283 4344
4283 4345
4284 4285
4284 4344
4284 4345
4284 4346
4285 4286
4285 4345
4285 4346
4285 4347
4286 4287
4286 4346
4286 4347
4286 4348
4287 4288
4287 4347
4287 4348
4288 4289
4288 4348
4288 4349
4289 4290
4289 4349
4289 4350
4290 4291
4290 4349
4290 4350
4290 4351
4291 4350
4291 4351
4292 4352
4292 4353
4293 4353
4293 4354
4294 4295
4294 4354
4294 4355
4294 4356
4295 4296
4295 4355
4295 4356
4295 4357
4296 4297
4296 4356
4296 4357
4296 4358
4297 4357
4297 4358
4298 4299
4298 4359
4298 4360
4298 4361
4299 4300
4299 4360
4299 4361
4299 4362
4300 4361
4300 4362
4300 4363
4301 4302
4301 4363
4301 4364
4301 4365
4302 4303
4302 4364
4302 4365
4302 4366
4303 4304
4303 4365
4303 4366
4303 4367
4304 4305
4304 4366
4304 4367
4304 4368
4305 4306
4305 4367
4305 4368
4306 4368
4306 4369
4307 4308
4307 4369
4307 4370
4308 4309
4308 4370
4308 4371
4309 4370
4309 4371
4309 4372
4310 4311
4310 4372
4310 4373
4311 4312
4311 4373
4311 4374
4312 4313
4312 4373
4312 4374
4313 4374
4313 4375
4314 4375
4314 4376
4314 4377
4315 4316
4315 4377
4315 4378
4315 4379
4316 4317
4316 4378
4316 4379
4316 4380
4317 4318
4317 4379
4317 4380
4317 4381
4318 4319
4318 4380
4318 4381
4318 4382
4319 4381
4319 4382
4320 4383
4320 4384
4321 4322
4321 4384
4321 4385
4322 4385
4323 4324
4323 4386
4323 4387
4324 4325
4324 4386
4324 4387
4324 4388
4325 4326
4325 4387
4325 4388
4325 4389
4326 4327
4326 4388
4326 4389
4326 4390
4327 4389
4327 4390
4327 4391
4328 4329
4328 4391
4329 4330
4329 4392
4330 4331
4330 4392
4330 4393
4331 4332
4331 4392
4331 4393
4331 4394
4332 4393
4332 4394
4332 4395
4333 4334
4333 4395
4333 4396
4334 4335
4334 4396
4335 4397
4336 4337
4336 4398
4336 4399
4337 4338
4337 4398
4337 4399
4337 4400
4338 4339
4338 4399
4338 4400
4338 4401
4339 4340
4339 4400
4339 4401
4339 4402
4340 4341
4340 4401
4340 4402
4340 4403
4341 4342
4341 4402
4341 4403
4341 4404
4342 4403
4342 4404
4343 4344
4343 4405
4344 4345
4344 4405
4344 4406
4345 4346
4345 4406
4345 4407
4346 4347
4346 4406
4346 4407
4347 4348
4347 4407
4347 4408
4348 4408
4348 4409
4349 4350
4349 4409
4349 4410
4349 4411
4350 4351
4350 4410
4350 4411
4350 4412
4351 4411
4351 4412
4351 4413
4352 4353
4352 4414
4352 4415
4353 4414
4353 4415
4353 4416
4354 4355
4354 4416
4354 4417
4354 4418
4355 4356
4355 4417
4355 4418
4355 4419
4356 4357
4356 4418
4356 4419
4356 4420
4357 4358
4357 4419
4357 4420
4357 4421
4358 4420
4358 4421
4358 4422
4359 4360
4359 4422
4359 4423
4359 4424
4360 4361
4360 4423
4360 4424
4361 4362
4361 4424
4361 4425
4362 4363
4362 4425
4362 4426
4363 4364
4363 4425
4363 4426
4363 4427
4364 4365
4364 4426
4364 4427
4364 4428
4365 4366
4365 4427
4365 4428
4365 4429
4366 4367
4366 4428
4366 4429
4366 4430
4367 4368
4367 4429
4367 4430
4367 4431
4368 4430
4368 4431
4368 4432
4369 4432
4369 4433
4369 4434
4370 4371
4370 4434
4370 4435
4370 4436
4371 4372
4371 4435
4371 4436
4371 4437
4372 4436
4372 4437
4372 4438
4373 4374
4373 4438
4373 4439
4373 4440
4374 4439
4374 4440
4375 4376
4375 4441
4375 4442
4376 4377
4376 4441
4376 4442
4376 4443
4377 4378
4377 4442
4377 4443
4377 4444
4378 4379
4378 4443
4378 4444
4379 4380
4379 4444
4379 4445
4380 4381
4380 4445
4381 4382
4381 4445
4381 4446
4382 4446
4382 4447
4383 4447
4383 4448
4384 4385
4384 4448
4384 4449
4384 4450
4385 4449
4385 4450
4386 4387
4386 4451
4386 4452
4386 4453
4387 4388
4387 4452
4387 4453
4387 4454
4388 4389
4388 4453
4388 4454
4388 4455
4389 4390
4389 4454
4389 4455
4389 4456
4390 4391
4390 4455
4390 4456
4391 4456
4391 4457
4392 4393
4392 4458
4392 4459
4392 4460
4393 4394
4393 4459
4393 4460
4393 4461
4394 4395
4394 4460
4394 4461
4395 4396
4395 4461
4395 4462
4396 4462
4396 4463
4397 4464
4397 4465
4397 4466
4398 4399
4398 4466
4398 4467
4399 4400
4399 4467
4399 4468
4400 4401
4400 4467
4400 4468
4400 4469
4401 4402
4401 4468
4401 4469
4401 4470
4402 4403
4402 4469
4402 4470
4402 4471
4403 4404
4403 4470
4403 4471
4403 4472
4404 4471
4404 4472
4404 4473
4405 4473
4405 4474
4405 4475
4406 4407
4406 4475
4406 4476
4406 4477
4407 4476
4407 4477
4407 4478
4408 4409
4408 4478
4408 4479
4408 4480
4409 4410
4409 4479
4409 4480
4409 4481
4410 4411
4410 4480
4410 4481
4410 4482
4411 4412
4411 4481
4411 4482
4411 4483
4412 4413
4412 4482
4412 4483
4413 4483
4414 4415
4414 4484
4415 4416
4415 4484
4415 4485
4416 4417
4416 4485
4416 4486
4417 4418
4417 4485
4417 4486
4418 4419
4418 4486
4418 4487
4419 4420
4419 4487
4420 4421
4420 4487
4420 4488
4421 4422
4421 4488
4421 4489
4422 4423
4422 4488
4422 4489
4422 4490
4423 4424
4423 4489
4423 4490
4424 4490
4424 4491
4425 4426
4425 4491
4425 4492
4425 4493
4426 4427
4426 4492
4426 4493
4426 4494
4427 4428
4427 4493
4427 4494
4427 4495
4428 4429
4428 4494
4428 4495
4428 4496
4429 4430
4429 4495
4429 4496
4429 4497
4430 4431
4430 4496
4430 4497
4430 4498
4431 4432
4431 4497
4431 4498
4432 4433
4432 4498
4432 4499
4433 4434
4433 4499
4433 4500
4434 4435
4434 4499
4434 4500
4434 4501
4435 4436
4435 4500
4435 4501
4435 4502
4436 4437
4436 4501
4436 4502
4436 4503
4437 4438
4437 4502
4437 4503
4437 4504
4438 4439
4438 4503
4438 4504
4438 4505
4439 4440
4439 4504
4439 4505
4440 4505
4440 4506
4441 4442
4441 4506
4441 4507
4441 4508
4442 4443
4442 4507
4442 4508
4442 4509
4443 4444
4443 4508
4443 4509
4444 4509
4444 4510
4445 4510
4446 4447
4446 4511
4447 4511
4447 4512
4448 4449
4448 4512
4448 4513
4448 4514
4449 4450
4449 4513
4449 4514
4449 4515
4450 4514
4450 4515
4451 4452
4451 4516
4451 4517
4452 4453
4452 4516
4452 4517
4452 4518
4453 4454
4453 4517
4453 4518
4453 4519
4454 4455
4454 4518
4454 4519
4454 4520
4455 4456
4455 4519
4455 4520
4455 4521
4456 4520
4456 4521
4456 4522
4457 4458
4457 4522
4457 4523
4457 4524
4458 4459
4458 4523
4458 4524
4458 4525
4459 4460
4459 4524
4459 4525
4459 4526
4460 4461
4460 4525
4460 4526
4461 4526
4461 4527
4462 4463
4462 4527
4462 4528
4462 4529
4463 4464
4463 4528
4463 4529
4464 4465
4464 4529
4464 4530
4465 4466
4465 4530
4465 4531
4466 4530
4466 4531
4466 4532
4467 4468
4467 4532
4467 4533
4467 4534
4468 4469
4468 4533
4468 4534
4468 4535
4469 4470
4469 4534
4469 4535
4469 4536
4470 4471
4470 4535
4470 4536
4470 4537
4471 4472
4471 4536
4471 4537
4472 4473
4472 4537
4472 4538
4473 4474
4473 4538
4473 4539
4474 4475
4474 4538
4474 4539
4474 4540
4475 4476
4475 4539
4475 4540
4475 4541
4476 4477
4476 4540
4476 4541
4476 4542
4477 4478
4477 4541
4477 4542
4477 4543
4478 4479
4478 4542
4478 4543
4478 4544
4479 4480
4479 4543
4479 4544
4479 4545
4480 4481
4480 4544
4480 4545
4481 4482
4481 4545
4481 4546
4482 4483
4482 4546
4482 4547
4483 4546
4483 4547
4483 4548
4484 4549
4485 4486
4485 4550
4486 4550
4486 4551
4487 4551
4487 4552
4488 4489
4488 4553
4489 4490
4489 4553
4489 4554
4490 4554
4490 4555
4491 4492
4491 4555
4491 4556
4492 4493
4492 4556
4492 4557
4493 4494
4493 4556
4493 4557
4493 4558
4494 4495
4494 4557
4494 4558
4494 4559
4495 4496
4495 4558
4495 4559
4496 4497
4496 4559
4496 4560
4497 4498
4497 4560
4497 4561
4498 4560
4498 4561
4498 4562
4499 4500
4499 4562
4499 4563
4499 4564
4500 4501
4500 4563
4500 4564
4500 4565
4501 4502
4501 4564
4501 4565
4501 4566
4502 4503
4502 4565
4502 4566
4502 4567
4503 4504
4503 4566
4503 4567
4503 4568
4504 4505
4504 4567
4504 4568
4504 4569
4505 4568
4505 4569
4505 4570
4506 4507
4506 4570
4506 4571
4506 4572
4507 4508
4507 4571
4507 4572
4507 4573
4508 4509
4508 4572
4508 4573
4508 4574
4509 4573
4509 4574
4509 4575
4510 4575
4510 4576
4511 4577
4512 4513
4512 4578
4513 4514
4513 4578
4513 4579
4514 4515
4514 4578
4514 4579
4514 4580
4515 4579
4515 4580
4515 4581
4516 4517
4516 4581
4516 4582
4517 4518
4517 4582
4518 4519
4518 4582
4518 4583
4519 4520
4519 4583
4519 4584
4520 4521
4520 4583
4520 4584
4520 4585
4521 4522
4521 4584
4521 4585
4521 4586
4522 4523
4522 4585
4522 4586
4523 4524
4523 4586
4523 4587
4524 4525
4524 4587
4524 4588
4525 4526
4525 4587
4525 4588
4525 4589
4526 4588
4526 4589
4526 4590
4527 4528
4527 4590
4527 4591
4527 4592
4528 4529
4528 4591
4528 4592
4528 4593
4529 4592
4529 4593
4529 4594
4530 4531
4530 4594
4531 4532
4532 4533
4532 4595
4533 4534
4533 4595
4533 4596
4534 4535
4534 4595
4534 4596
4534 4597
4535 4536
4535 4596
4535 4597
4536 4537
4536 4597
4536 4598
4537 4598
4537 4599
4538 4539
4538 4599
4538 4600
4538 4601
4539 4540
4539 4600
4539 4601
4539 4602
4540 4541
4540 4601
4540 4602
4540 4603
4541 4542
4541 4602
4541 4603
4541 4604
4542 4543
4542 4603
4542 4604
4542 4605
4543 4544
4543 4604
4543 4605
4544 4545
4544 4605
4545 4606
4546 4547
4546 4606
4546 4607
4547 4548
4547 4607
4547 4608
4548 4607
4548 4608
4549 4609
4549 4610
4550 4610
4550 4611
4550 4612
4551 4552
4551 4612
4551 4613
4551 4614
4552 4613
4552 4614
4552 4615
4553 4615
4553 4616
4554 4555
4554 4617
4555 4617
4555 4618
4556 4557
4556 4618
4556 4619
4556 4620
4557 4558
4557 4619
4557 4620
4557 4621
4558 4559
4558 4620
4558 4621
4558 4622
4559 4621
4559 4622
4559 4623
4560 4561
4560 4623
4560 4624
4560 4625
4561 4562
4561 4624
4561 4625
4561 4626
4562 4563
4562 4625
4562 4626
4562 4627
4563 4564
4563 4626
4563 4627
4564 4565
4564 4627
4564 4628
4565 4566
4565 4628
4566 4567
4566 4628
4567 4568
4567 4629
4568 4569
4568 4629
4568 4630
4569 4570
4569 4629
4569 4630
4569 4631
4570 4571
4570 4630
4570 4631
4570 4632
4571 4572
4571 4631
4571 4632
4571 4633
4572 4573
4572 4632
4572 4633
4572 4634
4573 4574
4573 4633
4573 4634
4573 4635
4574 4575
4574 4634
4574 4635
4574 4636
4575 4635
4575 4636
4575 4637
4576 4637
4576 4638
4577 4639
4577 4640
4578 4579
4578 4641
4578 4642
4578 4643
4579 4580
4579 4642
4579 4643
4580 4581
4580 4643
4580 4644
4581 4644
4581 4645
4582 4645
4582 4646
4583 4584
4583 4647
4583 4648
4584 4585
4584 4647
4584 4648
4585 4586
4585 4648
4585 4649
4586 4649
4586 4650
4587 4588
4587 4650
4587 4651
4588 4589
4588 4651
4588 4652
4589 4590
4589 4652
4589 4653
4590 4591
4590 4652
4590 4653
4591 4592
4591 4653
4591 4654
4592 4593
4592 4654
4592 4655
4593 4594
4593 4654
4593 4655
4593 4656
4594 4655
4594 4656
4594 4657
4595 4596
4595 4659
4595 4660
4595 4661
4596 4597
4596 4660
4596 4661
4596 4662
4597 4661
4597 4662
4597 4663
4598 4599
4598 4663
4598 4664
4598 4665
4599 4600
4599 4664
4599 4665
4599 4666
4600 4601
4600 4665
4600 4666
4600 4667
4601 4602
4601 4666
4601 4667
4601 4668
4602 4603
4602 4667
4602 4668
4602 4669
4603 4604
4603 4668
4603 4669
4603 4670
4604 4605
4604 4669
4604 4670
4604 4671
4605 4670
4605 4671
4606 4672
4606 4673
4606 4674
4607 4608
4607 4674
4607 4675
4607 4676
4608 4675
4608 4676
4609 4610
4609 4677
4609 4678
4610 4611
4610 4677
4610 4678
4610 4679
4611 4612
4611 4678
4611 4679
4611 4680
4612 4613
4612 4679
4612 4680
4612 4681
4613 4614
4613 4680
4613 4681
4613 4682
4614 4615
4614 4681
4614 4682
4614 4683
4615 4616
4615 4682
4615 4683
4616 4683
4616 4684
4617 4618
4617 4685
4618 4619
4618 4685
4619 4620
4619 4685
4619 4686
4620 4621
4620 4686
4620 4687
4621 4622
4621 4686
4621 4687
4621 4688
4622 4623
4622 4687
4622 4688
4623 4624
4623 4688
4623 4689
4624 4625
4624 4689
4625 4626
4625 4689
4626 4627
4626 4690
4627 4690
4627 4691
4628 4691
4628 4692
4628 4693
4629 4630
4629 4694
4629 4695
4629 4696
4630 4631
4630 4695
4630 4696
4630 4697
4631 4632
4631 4696
4631 4697
4631 4698
4632 4633
4632 4697
4632 4698
4632 4699
4633 4634
4633 4698
4633 4699
4634 4635
4634 4699
4634 4700
4635 4636
4635 4700
4635 4701
4636 4637
4636 4700
4636 4701
4636 4702
4637 4638
4637 4701
4637 4702
4637 4703
4638 4702
4638 4703
4638 4704
4639 4640
4639 4704
4639 4705
4639 4706
4640 4641
4640 4705
4640 4706
4640 4707
4641 4642
4641 4706
4641 4707
4641 4708
4642 4643
4642 4707
4642 4708
4642 4709
4643 4708
4643 4709
4643 4710
4644 4645
4644 4710
4644 4711
4644 4712
4645 4646
4645 4711
4645 4712
4645 4713
4646 4712
4646 4713
4646 4714
4647 4648
4647 4714
4647 4715
4647 4716
4648 4715
4648 4716
4648 4717
4649 4650
4649 4717
4649 4718
4650 4651
4650 4718
4650 4719
4651 4718
4651 4719
4651 4720
4652 4653
4652 4720
4652 4721
4652 4722
4653 4721
4653 4722
4653 4723
4654 4655
4654 4723
4654 4724
4654 4725
4655 4656
4655 4724
4655 4725
4656 4657
4656 4725
4656 4726
4657 4658
4657 4726
4657 4727
4658 4659
4658 4726
4658 4727
4658 4728
4659 4660
4659 4727
4659 4728
4659 4729
4660 4661
4660 4728
4660 4729
4661 4662
4661 4729
4661 4730
4662 4663
4662 4730
4662 4731
4663 4664
4663 4730
4663 4731
4663 4732
4664 4665
4664 4731
4664 4732
4665 4666
4665 4732
4666 4667
4666 4733
4667 4668
4667 4733
4667 4734
4668 4669
4668 4733
4668 4734
4668 4735
4669 4670
4669 4734
4669 4735
4670 4671
4670 4735
4670 4736
4671 4736
4671 4737
4672 4673
4672 4737
4672 4738
4672 4739
4673 4674
4673 4738
4673 4739
4673 4740
4674 4675
4674 4739
4674 4740
4674 4741
4675 4676
4675 4740
4675 4741
4675 4742
4676 4741
4676 4742
4677 4678
4678 4679
4678 4743
4679 4680
4679 4743
4679 4744
4680 4681
4680 4743
4680 4744
4681 4682
4681 4744
4681 4745
4682 4683
4682 4745
4682 4746
4683 4745
4683 4746
4683 4747
4684 4747
4684 4748
4685 4749
4685 4750
4686 4687
4686 4750
4686 4751
4687 4688
4687 4751
4687 4752
4688 4751
4688 4752
4688 4753
4689 4753
4689 4754
4689 4755
4690 4691
4690 4756
4690 4757
4691 4692
4691 4756
4691 4757
4692 4693
4692 4757
4693 4694
4694 4695
4694 4758
4695 4696
4695 4758
4696 4697
4696 4758
4696 4759
4697 4698
4697 4759
4698 4699
4698 4759
4698 4760
4699 4760
4699 4761
4700 4701
4700 4761
4700 4762
4701 4702
4701 4762
4701 4763
4702 4703
4702 4762
4702 4763
4702 4764
4703 4704
4703 4763
4703 4764
4703 4765
4704 4705
4704 4764
4704 4765
4704 4766
4705 4706
4705 4765
4705 4766
4705 4767
4706 4707
4706 4766
4706 4767
4707 4708
4707 4767
4707 4768
4708 4709
4708 4768
4708 4769
4709 4710
4709 4768
4709 4769
4709 4770
4710 4711
4710 4769
4710 4770
4711 4712
4711 4770
4711 4771
4712 4713
4712 4771
4712 4772
4713 4714
4713 4771
4713 4772
4713 4773
4714 4715
4714 4772
4714 4773
4714 4774
4715 4716
4715 4773
4715 4774
4715 4775
4716 4717
4716 4774
4716 4775
4716 4776
4717 4775
4717 4776
4717 4777
4718 4719
4718 4777
4718 4778
4718 4779
4719 4720
4719 4778
4719 4779
4719 4780
4720 4721
4720 4779
4720 4780
4720 4781
4721 4722
4721 4780
4721 4781
4721 4782
4722 4723
4722 4781
4722 4782
4722 4783
4723 4724
4723 4782
4723 4783
4724 4725
4724 4783
4724 4784
4725 4784
4725 4785
4726 4727
4726 4785
4726 4786
4726 4787
4727 4728
4727 4786
4727 4787
4727 4788
4728 4729
4728 4787
4728 4788
4728 4789
4729 4788
4729 4789
4729 4790
4730 4731
4730 4790
4730 4791
4730 4792
4731 4732
4731 4791
4731 4792
4731 4793
4732 4792
4732 4793
4732 4794
4733 4734
4733 4795
4734 4735
4734 4795
4735 4795
4736 4737
4736 4796
4736 4797
4737 4738
4737 4796
4737 4797
4737 4798
4738 4739
4738 4797
4738 4798
4738 4799
4739 4740
4739 4798
4739 4799
4739 4800
4740 4741
4740 4799
4740 4800
4741 4742
4741 4800
4741 4801
4742 4801
4743 4744
4743 4803
4743 4804
4743 4805
4744 4804
4744 4805
4744 4806
4745 4746
4745 4806
4745 4807
4745 4808
4746 4747
4746 4807
4746 4808
4746 4809
4747 4748
4747 4808
4747 4809
4747 4810
4748 4809
4748 4810
4748 4811
4749 4811
4749 4812
4749 4813
4750 4813
4750 4814
4750 4815
4751 4752
4751 4815
4751 4816
4752 4753
4752 4816
4752 4817
4753 4754
4753 4817
4753 4818
4754 4755
4754 4817
4754 4818
4754 4819
4755 4818
4755 4819
4755 4820
4756 4757
4756 4820
4756 4821
4756 4822
4757 4821
4757 4822
4757 4823
4758 4824
4758 4825
4758 4826
4759 4826
4759 4827
4760 4761
4761 4828
4762 4763
4762 4828
4762 4829
4762 4830
4763 4764
4763 4829
4763 4830
4763 4831
4764 4765
4764 4830
4764 4831
4764 4832
4765 4766
4765 4831
4765 4832
4766 4767
4766 4832
4766 4833
4767 4833
4767 4834
4768 4769
4768 4834
4768 4835
4768 4836
4769 4770
4769 4835
4769 4836
4769 4837
4770 4836
4770 4837
4770 4838
4771 4772
4771 4838
4771 4839
4772 4773
4772 4839
4773 4774
4774 4775
4774 4840
4775 4776
4775 4840
4775 4841
4776 4777
4776 4840
4776 4841
4776 4842
4777 4778
4777 4841
4777 4842
4777 4843
4778 4779
4778 4842
4778 4843
4778 4844
4779 4780
4779 4843
4779 4844
4779 4845
4780 4781
4780 4844
4780 4845
4780 4846
4781 4782
4781 4845
4781 4846
4782 4783
4782 4846
4782 4847
4783 4847
4783 4848
4784 4785
4784 4848
4784 4849
4784 4850
4785 4786
4785 4849
4785 4850
4785 4851
4786 4787
4786 4850
4786 4851
4786 4852
4787 4788
4787 4851
4787 4852
4787 4853
4788 4789
4788 4852
4788 4853
4788 4854
4789 4790
4789 4853
4789 4854
4790 4791
4790 4854
4790 4855
4791 4792
4791 4855
4792 4793
4792 4855
4792 4856
4793 4794
4793 4856
4793 4857
4794 4856
4794 4857
4794 4858
4795 4859
4795 4860
4795 4861
4796 4797
4796 4862
4796 4863
4797 4798
4797 4862
4797 4863
4797 4864
4798 4799
4798 4863
4798 4864
4798 4865
4799 4800
4799 4864
4799 4865
4800 4865
4800 4866
4801 4866
4801 4867
4802 4803
4802 4868
4802 4869
4803 4804
4803 4868
4803 4869
4803 4870
4804 4805
4804 4869
4804 4870
4804 4871
4805 4806
4805 4870
4805 4871
4805 4872
4806 4807
4806 4871
4806 4872
4806 4873
4807 4808
4807 4872
4807 4873
4807 4874
4808 4809
4808 4873
4808 4874
4808 4875
4809 4810
4809 4874
4809 4875
4810 4811
4810 4875
4810 4876
4811 4812
4811 4876
4811 4877
4812 4813
4812 4876
4812 4877
4813 4814
4813 4877
4813 4878
4814 4815
4814 4878
4815 4816
4815 4878
4815 4879
4816 4879
4816 4880
4817 4818
4817 4880
4818 4819
4818 4881
4819 4820
4819 4881
4819 4882
4820 4821
4820 4881
4820 4882
4821 4822
4821 4882
4821 4883
4822 4823
4822 4883
4822 4884
4823 4883
4823 4884
4823 4885
4824 4825
4824 4885
4824 4886
4825 4826
4825 4886
4825 4887
4826 4827
4826 4887
4826 4888
4827 4887
4827 4888
4828 4829
4828 4890
4829 4830
4829 4891
4830 4831
4830 4891
4830 4892
4831 4832
4831 4891
4831 4892
4831 4893
4832 4892
4832 4893
4833 4834
4833 4894
4833 4895
4834 4835
4834 4894
4834 4895
4834 4896
4835 4836
4835 4895
4835 4896
4835 4897
4836 4837
4836 4896
4836 4897
4836 4898
4837 4838
4837 4897
4837 4898
4837 4899
4838 4839
4838 4898
4838 4899
4838 4900
4839 4899
4839 4900
4840 4841
4840 4902
4841 4842
4841 4903
4842 4843
4842 4903
4842 4904
4843 4844
4843 4903
4843 4904
4843 4905
4844 4845
4844 4904
4844 4905
4845 4846
4845 4905
4845 4906
4846 4906
4846 4907
4847 4848
4847 4907
4847 4908
4848 4849
4848 4908
4849 4850
4849 4908
4849 4909
4850 4851
4850 4909
4850 4910
4851 4852
4851 4909
4851 4910
4851 4911
4852 4853
4852 4910
4852 4911
4852 4912
4853 4854
4853 4911
4853 4912
4853 4913
4854 4912
4854 4913
4854 4914
4855 4914
4855 4915
4856 4857
4856 4915
4856 4916
4856 4917
4857 4858
4857 4916
4857 4917
4857 4918
4858 4859
4858 4917
4858 4918
4858 4919
4859 4860
4859 4918
4859 4919
4859 4920
4860 4861
4860 4919
4860 4920
4860 4921
4861 4920
4861 4921
4862 4863
4862 4922
4862 4923
4863 4864
4863 4922
4863 4923
4863 4924
4864 4865
4864 4923
4864 4924
4864 4925
4865 4924
4865 4925
4865 4926
4866 4867
4866 4926
4866 4927
4866 4928
4867 4927
4867 4928
4868 4869
4869 4870
4869 4929
4870 4871
4870 4929
4871 4872
4871 4929
4871 4930
4872 4873
4872 4930
4872 4931
4873 4874
4873 4930
4873 4931
4873 4932
4874 4875
4874 4931
4874 4932
4874 4933
4875 4932
4875 4933
4876 4877
4876 4934
4877 4934
4877 4935
4878 4935
4878 4936
4878 4937
4879 4880
4879 4937
4879 4938
4880 4938
4880 4939
4881 4882
4881 4940
4881 4941
4881 4942
4882 4941
4882 4942
4882 4943
4883 4884
4883 4943
4883 4944
4883 4945
4884 4885
4884 4944
4884 4945
4884 4946
4885 4886
4885 4945
4885 4946
4885 4947
4886 4946
4886 4947
4886 4948
4887 4888
4887 4948
4887 4949
4888 4949
4888 4950
4889 4890
4889 4950
4889 4951
4889 4952
4890 4951
4890 4952
4891 4892
4891 4953
4891 4954
4891 4955
4892 4893
4892 4954
4892 4955
4892 4956
4893 4955
4893 4956
4893 4957
4894 4895
4894 4957
4894 4958
4895 4896
4895 4958
4895 4959
4896 4897
4896 4959
4897 4898
4897 4959
4898 4899
4899 4900
4899 4960
4900 4960
4900 4961
4901 4902
4901 4961
4901 4962
4902 4962
4902 4963
4903 4904
4903 4964
4903 4965
4903 4966
4904 4905
4904 4965
4904 4966
4904 4967
4905 4966
4905 4967
4905 4968
4906 4907
4906 4968
4906 4969
4907 4969
4907 4970
4908 4970
4908 4971
4908 4972
4909 4910
4909 4972
4909 4973
4910 4911
4910 4973
4911 4912
4911 4974
4912 4913
4912 4974
4912 4975
4913 4914
4913 4974
4913 4975
4913 4976
4914 4975
4914 4976
4914 4977
4915 4916
4915 4977
4915 4978
4915 4979
4916 4917
4916 4978
4916 4979
4916 4980
4917 4918
4917 4979
4917 4980
4917 4981
4918 4919
4918 4980
4918 4981
4918 4982
4919 4920
4919 4981
4919 4982
4919 4983
4920 4921
4920 4982
4920 4983
4920 4984
4921 4983
4921 4984
4921 4985
4922 4923
4922 4985
4922 4986
4923 4924
4923 4986
4924 4925
4924 4987
4925 4926
4925 4987
4926 4927
4926 4987
4926 4988
4927 4928
4927 4988
4927 4989
4928 4988
4928 4989
4929 4990
4929 4991
4930 4931
4930 4992
4931 4932
4931 4992
4931 4993
4932 4933
4932 4993
4933 4993
4933 4994
4934 4935
4934 4995
4934 4996
4934 4997
4935 4936
4935 4996
4935 4997
4935 4998
4936 4937
4936 4997
4936 4998
4936 4999
4937 4998
4937 4999
4937 5000
4938 4939
4938 5000
4938 5001
4938 5002
4939 4940
4939 5001
4939 5002
4939 5003
4940 4941
4940 5002
4940 5003
4940 5004
4941 4942
4941 5003
4941 5004
4941 5005
4942 4943
4942 5004
4942 5005
4942 5006
4943 4944
4943 5005
4943 5006
4943 5007
4944 4945
4944 5006
4944 5007
4944 5008
4945 4946
4945 5007
4945 5008
4945 5009
4946 4947
4946 5008
4946 5009
4946 5010
4947 4948
4947 5009
4947 5010
4947 5011
4948 4949
4948 5010
4948 5011
4948 5012
4949 5011
4949 5012
4949 5013
4950 4951
4950 5013
4950 5014
4950 5015
4951 4952
4951 5014
4951 5015
4952 5015
4952 5016
4953 4954
4953 5016
4953 5017
4953 5018
4954 4955
4954 5017
4954 5018
4954 5019
4955 4956
4955 5018
4955 5019
4955 5020
4956 4957
4956 5019
4956 5020
4956 5021
4957 4958
4957 5020
4957 5021
4958 5021
4958 5022
4959 5022
4959 5023
4959 5024
4960 4961
4960 5025
4960 5026
4961 4962
4961 5025
4961 5026
4961 5027
4962 5026
4962 5027
4963 4964
4963 5028
4963 5029
4964 4965
4964 5028
4964 5029
4964 5030
4965 4966
4965 5029
4965 5030
4965 5031
4966 4967
4966 5030
4966 5031
4966 5032
4967 4968
4967 5031
4967 5032
4968 5032
4968 5033
4969 4970
4969 5033
4969 5034
4969 5035
4970 4971
4970 5034
4970 5035
4970 5036
4971 4972
4971 5035
4971 5036
4971 5037
4972 4973
4972 5036
4972 5037
4972 5038
4973 5037
4973 5038
4973 5039
4974 4975
4974 5040
4974 5041
4975 4976
4975 5040
4975 5041
4975 5042
4976 4977
4976 5041
4976 5042
4976 5043
4977 4978
4977 5042
4977 5043
4978 4979
4978 5043
4978 5044
4979 4980
4979 5044
4979 5045
4980 4981
4980 5044
4980 5045
4980 5046
4981 4982
4981 5045
4981 5046
4981 5047
4982 4983
4982 5046
4982 5047
4982 5048
4983 4984
4983 5047
4983 5048
4984 4985
4984 5048
4984 5049
4985 4986
4985 5049
4985 5050
4986 5049
4986 5050
4986 5051
4987 5052
4987 5053
4988 4989
4988 5054
4988 5055
4989 5054
4989 5055
4990 4991
4990 5056
4990 5057
4990 5058
4991 5057
4991 5058
4992 5059
4992 5060
4993 5060
4993 5061
4993 5062
4994 4995
4994 5062
4994 5063
4994 5064
4995 4996
4995 5063
4995 5064
4995 5065
4996 4997
4996 5064
4996 5065
4997 4998
4997 5065
4997 5066
4998 4999
4998 5066
4998 5067
4999 5000
4999 5066
4999 5067
4999 5068
5000 5001
5000 5067
5000 5068
5000 5069
5001 5002
5001 5068
5001 5069
5002 5003
5002 5069
5003 5004
5003 5070
5004 5005
5004 5070
5004 5071
5005 5006
5005 5070
5005 5071
5005 5072
5006 5007
5006 5071
5006 5072
5006 5073
5007 5008
5007 5072
5007 5073
5008 5009
5008 5073
5008 5074
5009 5010
5009 5074
5009 5075
5010 5011
5010 5074
5010 5075
5011 5012
5011 5075
5011 5076
5012 5013
5012 5076
5013 5014
5013 5076
5013 5077
5014 5015
5014 5077
5014 5078
5015 5077
5015 5078
5015 5079
5016 5017
5016 5079
5016 5080
5016 5081
5017 5018
5017 5080
5017 5081
5017 5082
5018 5019
5018 5081
5018 5082
5018 5083
5019 5020
5019 5082
5019 5083
5019 5084
5020 5021
5020 5083
5020 5084
5020 5085
5021 5084
5021 5085
5021 5086
5022 5023
5022 5086
5022 5087
5022 5088
5023 5024
5023 5087
5023 5088
5024 5088
5024 5089
5025 5026
5025 5090
5026 5027
5026 5090
5027 5091
5028 5029
5028 5091
5028 5092
5028 5093
5029 5030
5029 5092
5029 5093
5029 5094
5030 5031
5030 5093
5030 5094
5030 5095
5031 5032
5031 5094
5031 5095
5031 5096
5032 5095
5032 5096
5032 5097
5033 5034
5033 5097
5033 5098
5033 5099
5034 5035
5034 5098
5034 5099
5034 5100
5035 5036
5035 5099
5035 5100
5035 5101
5036 5037
5036 5100
5036 5101
5037 5038
5037 5101
5038 5039
5038 5102
5039 5102
5039 5103
5040 5041
5040 5103
5040 5104
5041 5042
5041 5104
5041 5105
5042 5043
5042 5104
5042 5105
5042 5106
5043 5105
5043 5106
5043 5107
5044 5045
5044 5107
5044 5108
5044 5109
5045 5046
5045 5108
5045 5109
5045 5110
5046 5047
5046 5109
5046 5110
5046 5111
5047 5048
5047 5110
5047 5111
5048 5111
5049 5050
5049 5112
5049 5113
5050 5051
5050 5112
5050 5113
5050 5114
5051 5052
5051 5113
5051 5114
5051 5115
5052 5053
5052 5114
5052 5115
5052 5116
5053 5115
5053 5116
5053 5117
5054 5055
5054 5117
5054 5118
5054 5119
5055 5118
5055 5119
5056 5057
5057 5058
5059 5060
5060 5061
5061 5062
5062 5063
5063 5064
5064 5065
5066 5067
5067 5068
5068 5069
5070 5071
5071 5072
5072 5073
5074 5075
5077 5078
5078 5079
5079 5080
5080 5081
5081 5082
5082 5083
5083 5084
5084 5085
5085 5086
5086 5087
5087 5088
5091 5092
5092 5093
5093 5094
5094 5095
5095 5096
5096 5097
5097 5098
5098 5099
5099 5100
5100 5101
5102 5103
5104 5105
5105 5106
5106 5107
5107 5108
5108 5109
5109 5110
5110 5111
5112 5113
5113 5114
5114 5115
5115 5116
5116 5117
5117 5118
5118 5119
