# FromNodeId	ToNodeId
0 64
0 65
1 2
1 65
1 66
1 67
2 3
2 66
2 67
2 68
3 4
3 67
3 68
3 69
4 5
4 68
4 69
4 70
5 6
5 69
5 70
5 71
6 7
6 70
6 71
7 8
7 71
8 72
9 10
9 72
9 73
9 74
10 11
10 73
10 74
10 75
11 74
11 75
11 76
12 13
12 77
12 78
12 79
13 78
13 79
13 80
14 15
14 80
14 81
14 82
15 16
15 81
15 82
15 83
16 17
16 82
16 83
16 84
17 18
17 83
17 84
17 85
18 19
18 84
18 85
18 86
19 20
19 85
19 86
20 21
20 86
20 87
21 22
21 87
21 88
22 87
22 88
23 24
23 89
23 90
24 89
24 90
24 91
25 26
25 91
25 92
25 93
26 92
26 93
26 94
27 28
27 94
27 95
27 96
28 29
28 95
28 96
29 30
29 96
29 97
30 31
30 97
30 98
31 32
31 97
31 98
31 99
32 33
32 98
32 99
32 100
33 34
33 99
33 100
34 35
34 100
35 36
35 101
36 37
36 101
36 102
37 38
37 101
37 102
38 102
38 103
39 103
39 104
39 105
40 41
40 105
40 106
40 107
41 42
41 106
41 107
41 108
42 43
42 107
42 108
42 109
43 44
43 108
43 109
43 110
44 45
44 109
44 110
44 111
45 110
45 111
45 112
46 47
46 114
46 115
46 116
47 115
47 116
47 117
48 49
48 119
49 50
49 119
49 120
50 51
50 120
50 121
51 52
51 120
51 121
51 122
52 53
52 121
52 122
53 54
53 122
53 123
54 55
54 123
54 124
55 56
55 123
55 124
55 125
56 57
56 124
56 125
56 126
57 58
57 125
57 126
57 127
58 59
58 126
58 127
58 128
59 60
59 127
59 128
60 61
60 128
60 129
61 62
61 129
61 130
62 63
62 129
62 130
62 131
63 130
63 131
64 65
64 132
65 66
65 132
65 133
66 67
66 132
66 133
66 134
67 68
67 133
67 134
67 135
68 69
68 134
68 135
69 70
69 135
70 71
70 136
71 136
71 137
72 73
72 138
72 139
73 74
73 139
73 140
74 75
74 139
74 140
75 76
75 140
75 141
76 77
76 141
77 78
77 141
77 142
78 79
78 142
78 143
79 80
79 142
79 143
79 144
80 81
80 143
80 144
80 145
81 82
81 144
81 145
81 146
82 83
82 145
82 146
82 147
83 84
83 146
83 147
83 148
84 85
84 147
84 148
84 149
85 86
85 148
85 149
86 149
86 150
87 88
87 150
87 151
88 151
89 90
89 152
90 91
90 152
90 153
91 92
91 152
91 153
91 154
92 93
92 153
92 154
92 155
93 94
93 154
93 155
93 156
94 95
94 155
94 156
94 157
95 96
95 156
95 157
95 158
96 157
96 158
96 159
97 98
97 159
98 99
98 160
99 100
99 160
99 161
100 160
100 161
101 102
101 162
101 163
101 164
102 163
102 164
102 165
103 104
103 165
103 166
104 105
104 166
104 167
105 106
105 166
105 167
105 168
106 107
106 167
106 168
106 169
107 108
107 168
107 169
107 170
108 109
108 169
108 170
108 171
109 110
109 170
109 171
109 172
110 111
110 171
110 172
110 173
111 112
111 172
111 173
112 113
112 173
112 174
113 114
113 174
113 175
114 115
114 174
114 175
114 176
115 116
115 175
115 176
116 117
116 176
116 177
117 118
117 177
117 178
118 177
118 178
118 179
119 179
119 180
120 121
120 180
120 181
120 182
121 122
121 181
121 182
121 183
122 182
122 183
122 184
123 124
123 184
123 185
124 125
124 185
124 186
125 126
125 186
125 187
126 127
126 186
126 187
127 128
127 187
127 188
128 188
128 189
129 130
129 189
129 190
129 191
130 131
130 190
130 191
130 192
131 191
131 192
132 133
132 193
132 194
133 134
133 194
133 195
134 135
134 194
134 195
134 196
135 195
135 196
135 197
136 137
136 198
136 199
136 200
137 138
137 199
137 200
137 201
138 200
138 201
138 202
139 140
139 202
139 203
140 203
140 204
141 204
141 205
142 143
142 206
143 144
143 206
143 207
144 145
144 206
144 207
144 208
145 146
145 207
145 208
145 209
146 147
146 208
146 209
146 210
147 148
147 209
147 210
148 149
148 210
148 211
149 211
150 151
150 212
151 212
152 153
152 214
152 215
153 154
153 215
154 155
154 215
155 156
155 216
156 157
156 216
157 158
157 216
157 217
158 159
158 217
158 218
159 217
159 218
159 219
160 161
160 220
160 221
161 220
161 221
162 163
162 222
162 223
163 164
163 222
163 223
163 224
164 165
164 223
164 224
164 225
165 224
165 225
166 167
166 226
166 227
167 168
167 226
167 227
167 228
168 169
168 227
168 228
169 170
169 228
169 229
170 171
170 229
170 230
171 172
171 229
171 230
171 231
172 173
172 230
172 231
173 231
173 232
174 175
174 232
174 233
174 234
175 176
175 233
175 234
175 235
176 234
176 235
176 236
177 178
177 236
177 237
178 179
178 237
178 238
179 237
179 238
179 239
180 181
180 239
180 240
180 241
181 182
181 240
181 241
181 242
182 183
182 241
182 242
182 243
183 184
183 242
183 243
183 244
184 185
184 243
184 244
184 245
185 244
185 245
185 246
186 187
186 246
186 247
186 248
187 247
187 248
187 249
188 189
188 249
188 250
188 251
189 190
189 250
189 251
189 252
190 191
190 251
190 252
190 253
191 192
191 252
191 253
192 253
193 254
194 195
194 254
194 255
194 256
195 196
195 255
195 256
195 257
196 197
196 256
196 257
196 258
197 198
197 257
197 258
197 259
198 199
198 258
198 259
198 260
199 200
199 259
199 260
200 201
200 260
200 261
201 202
201 261
202 203
202 261
202 262
203 262
203 263
204 205
204 263
204 264
205 264
205 265
206 207
206 266
206 267
207 208
207 267
207 268
208 209
208 267
208 268
208 269
209 210
209 268
209 269
209 270
210 269
210 270
210 271
211 271
211 272
212 273
213 214
213 273
213 274
213 275
214 274
214 275
214 276
215 276
215 277
215 278
216 279
216 280
217 218
217 281
217 282
218 219
218 281
218 282
218 283
219 282
219 283
219 284
220 221
220 284
220 285
221 285
221 286
222 223
222 286
222 287
222 288
223 224
223 287
223 288
224 225
224 288
226 227
226 289
226 290
227 228
227 289
227 290
227 291
228 290
228 291
228 292
229 230
229 292
229 293
229 294
230 231
230 293
230 294
230 295
231 294
231 295
232 233
232 296
232 297
233 234
233 296
233 297
233 298
234 235
234 297
234 298
235 236
235 298
235 299
236 299
236 300
237 238
237 300
237 301
237 302
238 239
238 301
238 302
238 303
239 240
239 302
239 303
239 304
240 241
240 303
240 304
240 305
241 242
241 304
241 305
242 243
242 305
242 306
243 244
243 306
243 307
244 245
244 306
244 307
244 308
245 246
245 307
245 308
245 309
246 247
246 308
246 309
246 310
247 248
247 309
247 310
247 311
248 249
248 310
248 311
249 250
249 311
250 251
251 252
251 312
252 253
252 312
252 313
253 312
253 313
253 314
254 255
254 315
254 316
254 317
255 256
255 316
255 317
255 318
256 257
256 317
256 318
256 319
257 258
257 318
257 319
257 320
258 259
258 319
258 320
258 321
259 260
259 320
259 321
259 322
260 321
260 322
260 323
261 323
261 324
262 263
262 324
262 325
262 326
263 325
263 326
264 265
264 327
264 328
265 266
265 327
265 328
265 329
266 328
266 329
266 330
267 268
267 330
267 331
268 269
268 331
268 332
269 270
269 332
269 333
270 271
270 332
270 333
270 334
271 333
271 334
271 335
272 335
272 336
272 337
273 274
273 338
273 339
273 340
274 275
274 339
274 340
274 341
275 276
275 340
275 341
275 342
276 277
276 341
276 342
276 343
277 278
277 342
277 343
277 344
278 279
278 343
278 344
278 345
279 280
279 344
279 345
279 346
280 345
280 346
280 347
281 282
281 347
281 348
281 349
282 283
282 348
282 349
282 350
283 284
283 349
283 350
284 350
284 351
285 286
285 351
285 352
286 287
286 352
286 353
287 288
287 352
287 353
288 353
288 354
289 290
289 356
289 357
289 358
290 291
290 357
290 358
291 292
291 358
291 359
292 293
292 359
292 360
293 294
293 359
293 360
293 361
294 295
294 360
294 361
294 362
295 361
295 362
296 297
296 363
296 364
297 298
297 363
297 364
297 365
298 364
298 365
298 366
299 300
299 366
299 367
299 368
300 301
300 367
300 368
300 369
301 302
301 368
301 369
301 370
302 303
302 369
302 370
302 371
303 304
303 370
303 371
303 372
304 305
304 371
304 372
304 373
305 372
305 373
305 374
306 307
306 374
306 375
306 376
307 308
307 375
307 376
307 377
308 309
308 376
308 377
308 378
309 310
309 377
309 378
309 379
310 311
310 378
310 379
311 379
312 313
312 381
312 382
313 314
313 382
313 383
314 382
314 383
315 316
315 384
315 385
316 317
316 384
316 385
316 386
317 318
317 385
317 386
317 387
318 319
318 386
318 387
318 388
319 320
319 387
319 388
319 389
320 321
320 388
320 389
321 322
321 389
321 390
322 323
322 390
323 390
324 325
324 391
324 392
325 326
325 391
325 392
325 393
326 392
326 393
326 394
327 328
327 394
327 395
327 396
328 329
328 395
328 396
328 397
329 330
329 396
329 397
329 398
330 331
330 397
330 398
331 398
331 399
332 333
332 399
332 400
333 334
333 400
333 401
334 335
334 401
334 402
335 336
335 401
335 402
335 403
336 337
336 402
336 403
336 404
337 338
337 403
337 404
337 405
338 339
338 404
338 405
338 406
339 340
339 405
339 406
339 407
340 341
340 406
340 407
340 408
341 342
341 407
341 408
341 409
342 343
342 408
342 409
342 410
343 344
343 409
343 410
343 411
344 345
344 410
344 411
345 346
345 411
345 412
346 347
346 412
346 413
347 348
347 412
347 413
347 414
348 349
348 413
348 414
348 415
349 350
349 414
349 415
349 416
350 415
350 416
350 417
351 417
351 418
351 419
352 353
352 419
352 420
352 421
353 420
353 421
353 422
354 355
354 422
354 423
354 424
355 356
355 423
355 424
355 425
356 357
356 424
356 425
357 358
357 425
357 426
358 426
358 427
359 360
359 427
359 428
359 429
360 361
360 428
360 429
360 430
361 362
361 429
361 430
362 430
363 364
363 431
364 365
364 431
364 432
365 366
365 431
365 432
365 433
366 367
366 432
366 433
366 434
367 368
367 433
367 434
367 435
368 369
368 434
368 435
368 436
369 370
369 435
369 436
369 437
370 371
370 436
370 437
370 438
371 372
371 437
371 438
371 439
372 373
372 438
372 439
373 374
373 439
373 440
374 375
374 440
374 441
375 376
375 440
375 441
375 442
376 377
376 441
376 442
376 443
377 378
377 442
377 443
378 379
378 443
378 444
379 444
380 381
380 445
380 446
380 447
381 446
381 447
381 448
382 383
382 448
382 449
382 450
383 449
383 450
384 385
384 451
384 452
385 386
385 451
385 452
386 387
386 452
386 453
387 388
387 453
387 454
388 389
388 453
388 454
388 455
389 454
389 455
389 456
390 456
390 457
390 458
391 392
391 459
391 460
391 461
392 393
392 460
392 461
392 462
393 394
393 461
393 462
393 463
394 395
394 462
394 463
394 464
395 396
395 463
395 464
395 465
396 397
396 464
396 465
396 466
397 398
397 465
397 466
398 466
398 467
399 400
399 467
399 468
399 469
400 468
400 469
400 470
401 402
401 470
401 471
402 403
402 471
402 472
403 404
403 471
403 472
403 473
404 405
404 472
404 473
404 474
405 406
405 473
405 474
405 475
406 407
406 474
406 475
406 476
407 408
407 475
407 476
408 409
408 476
408 477
409 410
409 477
409 478
410 411
410 477
410 478
410 479
411 478
411 479
411 480
412 413
412 480
412 481
413 414
413 481
413 482
414 415
414 482
414 483
415 416
415 482
415 483
415 484
416 417
416 483
416 484
416 485
417 418
417 484
417 485
417 486
418 419
418 485
418 486
418 487
419 420
419 486
419 487
420 421
420 487
420 488
421 422
421 488
422 423
422 488
422 489
423 424
423 489
423 490
424 425
424 489
424 490
424 491
425 490
425 491
426 427
427 428
427 492
428 429
428 492
428 493
429 430
429 492
429 493
429 494
430 493
430 494
430 495
431 432
431 497
431 498
431 499
432 433
432 498
432 499
432 500
433 434
433 499
433 500
433 501
434 435
434 500
434 501
434 502
435 436
435 501
435 502
436 437
436 502
437 438
438 439
438 503
439 503
440 441
440 504
441 442
441 504
442 443
442 504
442 505
443 505
443 506
444 506
444 507
444 508
445 446
445 508
445 509
445 510
446 447
446 509
446 510
446 511
447 448
447 510
447 511
447 512
448 449
448 511
448 512
448 513
449 450
449 512
449 513
449 514
450 513
450 514
451 452
451 515
452 515
452 516
453 454
453 516
453 517
453 518
454 455
454 517
454 518
454 519
455 456
455 518
455 519
456 457
456 519
456 520
457 458
457 520
458 459
458 520
458 521
459 460
459 521
459 522
460 461
460 521
460 522
460 523
461 462
461 522
461 523
461 524
462 463
462 523
462 524
462 525
463 464
463 524
463 525
463 526
464 465
464 525
464 526
464 527
465 466
465 526
465 527
465 528
466 527
466 528
466 529
467 468
467 529
467 530
468 469
468 530
469 470
469 531
470 531
470 532
471 472
471 532
471 533
471 534
472 473
472 533
472 534
472 535
473 474
473 534
473 535
473 536
474 475
474 535
474 536
475 476
475 536
475 537
476 537
476 538
477 478
477 538
477 539
478 479
478 539
478 540
479 480
479 540
480 481
480 540
481 541
482 483
482 541
482 542
482 543
483 484
483 542
483 543
484 485
484 543
484 544
485 486
485 544
485 545
486 487
486 544
486 545
486 546
487 545
487 546
487 547
488 547
489 490
489 548
489 549
490 491
490 548
490 549
490 550
491 549
491 550
491 551
492 493
492 553
492 554
492 555
493 494
493 554
493 555
493 556
494 495
494 555
494 556
494 557
495 496
495 556
495 557
495 558
496 497
496 557
496 558
497 498
497 558
497 559
498 499
498 559
498 560
499 500
499 559
499 560
499 561
500 501
500 560
500 561
500 562
501 502
501 561
501 562
501 563
502 562
502 563
502 564
503 566
503 567
504 568
504 569
504 570
505 506
505 570
505 571
505 572
506 507
506 571
506 572
507 508
507 572
507 573
508 509
508 573
508 574
509 510
509 573
509 574
510 511
510 574
510 575
511 512
511 575
511 576
512 513
512 575
512 576
512 577
513 514
513 576
513 577
514 577
516 517
516 578
517 518
517 578
518 519
518 579
519 579
520 580
520 581
521 522
521 581
521 582
521 583
522 523
522 582
522 583
522 584
523 524
523 583
523 584
523 585
524 525
524 584
524 585
524 586
525 526
525 585
525 586
526 527
526 586
527 528
527 587
528 529
528 587
528 588
529 530
529 587
529 588
530 588
531 532
531 589
531 590
531 591
532 533
532 590
532 591
532 592
533 534
533 591
533 592
533 593
534 535
534 592
534 593
535 536
535 593
535 594
536 594
536 595
537 538
537 595
537 596
538 539
538 596
539 596
539 597
540 597
540 598
541 542
541 599
541 600
542 543
542 599
542 600
543 600
543 601
544 545
544 601
544 602
544 603
545 546
545 602
545 603
545 604
546 547
546 603
546 604
547 604
547 605
548 549
548 606
549 550
549 606
550 551
550 606
550 607
551 552
551 607
551 608
552 553
552 607
552 608
553 554
553 608
553 609
554 555
554 609
554 610
555 556
555 609
555 610
555 611
556 557
556 610
556 611
557 558
557 611
557 612
558 612
558 613
559 560
559 613
559 614
559 615
560 561
560 614
560 615
560 616
561 562
561 615
561 616
561 617
562 563
562 616
562 617
562 618
563 564
563 617
563 618
563 619
564 565
564 618
564 619
564 620
565 566
565 619
565 620
565 621
566 620
566 621
566 622
567 568
567 622
567 623
567 624
568 569
568 623
568 624
569 570
569 624
569 625
570 571
570 625
570 626
571 572
571 625
571 626
572 626
572 627
573 574
573 627
573 628
573 629
574 628
574 629
574 630
575 576
575 630
575 631
575 632
576 577
576 631
576 632
576 633
577 632
577 633
577 634
578 636
578 637
578 638
579 639
579 640
580 581
580 640
580 641
581 582
581 641
582 583
583 584
583 642
584 585
584 642
584 643
585 586
585 642
585 643
585 644
586 643
586 644
586 645
587 588
587 646
587 647
588 647
588 648
589 590
589 649
589 650
589 651
590 591
590 650
590 651
591 592
591 651
591 652
592 593
592 652
592 653
593 652
593 653
593 654
594 595
594 654
594 655
594 656
595 655
595 656
596 657
596 658
597 598
597 658
597 659
597 660
598 659
598 660
598 661
599 600
599 662
599 663
600 663
600 664
601 602
601 664
601 665
601 666
602 603
602 665
602 666
602 667
603 604
603 666
603 667
603 668
604 667
604 668
604 669
605 669
605 670
605 671
606 672
606 673
607 608
607 673
607 674
608 674
608 675
609 610
609 675
609 676
609 677
610 611
610 676
610 677
610 678
611 677
611 678
611 679
612 613
612 679
612 680
613 614
613 680
613 681
614 615
614 680
614 681
614 682
615 616
615 681
615 682
616 617
616 682
616 683
617 618
617 683
617 684
618 619
618 683
618 684
619 620
619 684
619 685
620 621
620 685
620 686
621 622
621 685
621 686
621 687
622 623
622 686
622 687
622 688
623 624
623 687
623 688
623 689
624 688
624 689
624 690
625 626
625 690
625 691
626 691
626 692
627 628
627 692
627 693
627 694
628 629
628 693
628 694
629 630
629 694
629 695
630 631
630 695
630 696
631 632
631 695
631 696
631 697
632 633
632 696
632 697
632 698
633 634
633 697
633 698
633 699
634 698
634 699
635 636
635 700
635 701
636 637
636 700
636 701
636 702
637 638
637 701
637 702
637 703
638 639
638 702
638 703
638 704
639 703
639 704
639 705
640 641
640 705
640 706
641 706
641 707
642 643
642 708
642 709
643 644
643 709
644 645
644 710
645 646
645 710
645 711
646 710
646 711
647 648
647 712
647 713
648 649
648 712
648 713
648 714
649 650
649 713
649 714
649 715
650 651
650 714
650 715
650 716
651 715
651 716
651 717
652 653
652 717
652 718
652 719
653 654
653 718
653 719
653 720
654 655
654 719
654 720
654 721
655 656
655 720
655 721
655 722
656 721
656 722
657 658
657 723
657 724
658 659
658 723
658 724
658 725
659 660
659 724
659 725
659 726
660 661
660 725
660 726
661 662
661 726
661 727
662 663
662 727
663 727
663 728
664 665
664 728
664 729
664 730
665 666
665 729
665 730
666 667
666 730
667 668
667 731
668 669
668 731
669 670
669 731
669 732
670 671
670 732
670 733
671 672
671 732
671 733
672 733
672 734
673 734
673 735
673 736
674 675
674 736
674 737
674 738
675 676
675 737
675 738
675 739
676 677
676 738
676 739
676 740
677 678
677 739
677 740
677 741
678 679
678 740
678 741
678 742
679 741
679 742
679 743
680 681
680 743
680 744
680 745
681 682
681 744
681 745
681 746
682 745
682 746
682 747
683 684
683 747
683 748
683 749
684 748
684 749
684 750
685 686
685 750
685 751
685 752
686 687
686 751
686 752
686 753
687 688
687 752
687 753
687 754
688 689
688 753
688 754
689 690
689 754
689 755
690 755
691 692
691 756
691 757
692 693
692 756
692 757
692 758
693 694
693 757
693 758
693 759
694 758
694 759
694 760
695 696
695 760
695 761
695 762
696 697
696 761
696 762
696 763
697 698
697 762
697 763
697 764
698 699
698 763
698 764
698 765
699 764
699 765
700 701
700 766
700 767
701 702
701 766
701 767
701 768
702 703
702 767
702 768
702 769
703 704
703 768
703 769
703 770
704 705
704 769
704 770
704 771
705 770
705 771
705 772
706 707
706 772
706 773
706 774
707 773
707 774
707 775
708 709
708 775
708 776
708 777
709 776
709 777
710 711
710 778
710 779
710 780
711 779
711 780
711 781
712 713
712 781
712 782
712 783
713 714
713 782
713 783
713 784
714 715
714 783
714 784
714 785
715 716
715 784
715 785
715 786
716 717
716 785
716 786
716 787
717 718
717 786
717 787
717 788
718 719
718 787
718 788
718 789
719 720
719 788
719 789
719 790
720 721
720 789
720 790
721 722
721 790
722 791
723 724
723 791
723 792
723 793
724 725
724 792
724 793
724 794
725 726
725 793
725 794
725 795
726 794
726 795
727 796
727 797
728 729
728 797
728 798
729 730
729 798
730 798
730 799
731 800
731 801
732 733
732 801
732 802
732 803
733 802
733 803
733 804
734 735
734 804
734 805
734 806
735 736
735 805
735 806
735 807
736 737
736 806
736 807
736 808
737 738
737 807
737 808
738 739
738 808
738 809
739 740
739 809
739 810
740 741
740 809
740 810
740 811
741 742
741 810
741 811
741 812
742 743
742 811
742 812
742 813
743 744
743 812
743 813
743 814
744 745
744 813
744 814
744 815
745 746
745 814
745 815
745 816
746 747
746 815
746 816
746 817
747 748
747 816
747 817
747 818
748 749
748 817
748 818
748 819
749 750
749 818
749 819
749 820
750 751
750 819
750 820
750 821
751 752
751 820
751 821
751 822
752 753
752 821
752 822
752 823
753 754
753 822
753 823
753 824
754 823
754 824
754 825
755 825
755 826
755 827
756 757
756 827
756 828
756 829
757 758
757 828
757 829
757 830
758 759
758 829
758 830
758 831
759 760
759 830
759 831
759 832
760 761
760 831
760 832
760 833
761 762
761 832
761 833
761 834
762 763
762 833
762 834
762 835
763 764
763 834
763 835
763 836
764 765
764 835
764 836
764 837
765 836
765 837
766 767
766 838
766 839
767 768
767 838
767 839
767 840
768 769
768 839
768 840
769 770
769 840
769 841
770 771
770 841
770 842
771 772
771 841
771 842
771 843
772 773
772 842
772 843
772 844
773 774
773 843
773 844
773 845
774 775
774 844
774 845
774 846
775 776
775 845
775 846
775 847
776 777
776 846
776 847
776 848
777 847
777 848
777 849
778 779
778 849
778 850
779 780
779 850
779 851
780 781
780 851
780 852
781 782
781 851
781 852
782 783
782 852
782 853
783 784
783 853
784 785
784 853
784 854
785 786
785 854
785 855
786 787
786 854
786 855
786 856
787 788
787 855
787 856
788 789
788 856
789 790
789 857
790 857
790 858
791 792
791 859
791 860
792 793
792 860
792 861
793 794
793 860
793 861
793 862
794 795
794 861
794 862
794 863
795 862
795 863
796 797
796 864
796 865
797 864
797 865
797 866
798 866
798 867
798 868
799 868
799 869
799 870
800 801
800 870
800 871
800 872
801 802
801 871
801 872
801 873
802 803
802 872
802 873
802 874
803 804
803 873
803 874
803 875
804 805
804 874
804 875
804 876
805 806
805 875
805 876
805 877
806 807
806 876
806 877
806 878
807 808
807 877
807 878
807 879
808 878
808 879
808 880
809 810
809 880
809 881
809 882
810 811
810 881
810 882
810 883
811 812
811 882
811 883
811 884
812 813
812 883
812 884
812 885
813 814
813 884
813 885
813 886
814 815
814 885
814 886
814 887
815 816
815 886
815 887
815 888
816 817
816 887
816 888
816 889
817 818
817 888
817 889
817 890
818 819
818 889
818 890
818 891
819 820
819 890
819 891
819 892
820 821
820 891
820 892
820 893
821 822
821 892
821 893
822 823
822 893
823 824
824 825
824 894
825 826
825 894
826 827
826 894
826 895
827 828
827 895
827 896
828 829
828 895
828 896
828 897
829 830
829 896
829 897
829 898
830 831
830 897
830 898
830 899
831 832
831 898
831 899
831 900
832 833
832 899
832 900
832 901
833 834
833 900
833 901
833 902
834 835
834 901
834 902
834 903
835 836
835 902
835 903
835 904
836 837
836 903
836 904
836 905
837 904
837 905
838 839
838 906
838 907
839 840
839 906
839 907
839 908
840 907
840 908
840 909
841 842
841 909
841 910
841 911
842 843
842 910
842 911
842 912
843 844
843 911
843 912
843 913
844 845
844 912
844 913
845 846
845 913
845 914
846 847
846 914
846 915
847 848
847 914
847 915
847 916
848 849
848 915
848 916
848 917
849 850
849 916
849 917
849 918
850 917
850 918
851 852
851 919
852 919
852 920
853 920
853 921
853 922
854 855
854 922
854 923
854 924
855 856
855 923
855 924
856 924
857 858
857 925
857 926
858 859
858 926
858 927
859 927
859 928
860 861
860 928
860 929
860 930
861 862
861 929
861 930
861 931
862 863
862 930
862 931
862 932
863 931
863 932
863 933
864 865
864 933
864 934
865 866
865 934
865 935
866 867
866 934
866 935
866 936
867 868
867 935
867 936
867 937
868 869
868 936
868 937
868 938
869 870
869 937
869 938
869 939
870 871
870 938
870 939
870 940
871 872
871 939
871 940
871 941
872 873
872 940
872 941
872 942
873 874
873 941
873 942
873 943
874 875
874 942
874 943
875 876
875 943
875 944
876 877
876 944
876 945
877 878
877 944
877 945
877 946
878 879
878 945
878 946
879 880
879 946
879 947
880 881
880 947
880 948
881 882
881 947
881 948
881 949
882 883
882 948
882 949
882 950
883 884
883 949
883 950
884 885
884 950
885 886
885 951
886 887
886 951
886 952
887 888
887 951
887 952
887 953
888 889
888 952
888 953
888 954
889 890
889 953
889 954
889 955
890 891
890 954
890 955
890 956
891 892
891 955
891 956
891 957
892 893
892 956
892 957
892 958
893 957
893 958
893 959
894 961
894 962
894 963
895 896
895 963
895 964
896 897
896 964
896 965
897 898
897 965
897 966
898 899
898 965
898 966
898 967
899 900
899 966
899 967
899 968
900 901
900 967
900 968
901 902
901 968
901 969
902 903
902 969
902 970
903 904
903 969
903 970
903 971
904 905
904 970
904 971
904 972
905 971
905 972
906 907
906 973
906 974
907 908
907 973
907 974
907 975
908 909
908 974
908 975
908 976
909 910
909 975
909 976
909 977
910 911
910 976
910 977
910 978
911 912
911 977
911 978
911 979
912 913
912 978
912 979
912 980
913 979
913 980
913 981
914 915
914 981
915 916
915 982
916 917
916 982
916 983
917 918
917 982
917 983
917 984
918 983
918 984
918 985
919 985
919 986
919 987
920 921
920 987
920 988
920 989
921 922
921 988
921 989
921 990
922 923
922 989
922 990
922 991
923 924
923 990
923 991
923 992
924 991
924 992
924 993
925 926
925 994
925 995
925 996
926 995
926 996
926 997
927 928
927 997
927 998
928 929
928 998
928 999
929 930
929 998
929 999
929 1000
930 931
930 999
930 1000
930 1001
931 932
931 1000
931 1001
932 933
932 1001
932 1002
933 1002
933 1003
934 935
934 1003
934 1004
934 1005
935 936
935 1004
935 1005
935 1006
936 937
936 1005
936 1006
936 1007
937 938
937 1006
937 1007
938 939
938 1007
938 1008
939 940
939 1008
939 1009
940 941
940 1008
940 1009
941 942
941 1009
941 1010
942 943
942 1010
942 1011
943 1010
943 1011
943 1012
944 945
944 1012
944 1013
945 946
945 1013
945 1014
946 1014
946 1015
947 948
947 1015
947 1016
948 949
948 1016
948 1017
949 950
949 1016
949 1017
949 1018
950 1017
950 1018
951 952
951 1019
951 1020
952 953
952 1019
952 1020
952 1021
953 954
953 1020
953 1021
953 1022
954 955
954 1021
954 1022
954 1023
955 956
955 1022
955 1023
956 957
956 1023
956 1024
957 958
957 1024
957 1025
958 959
958 1024
958 1025
959 960
959 1025
959 1026
960 961
960 1026
960 1027
961 962
961 1026
961 1027
961 1028
962 963
962 1027
962 1028
962 1029
963 964
963 1028
963 1029
963 1030
964 1029
964 1030
965 966
965 1031
965 1032
966 967
966 1031
966 1032
966 1033
967 968
967 1032
967 1033
967 1034
968 1033
968 1034
969 970
969 1035
970 971
970 1035
971 972
971 1035
971 1036
972 1036
973 974
973 1037
974 975
974 1037
975 976
975 1038
976 977
976 1038
977 978
977 1038
977 1039
978 979
978 1039
978 1040
979 980
979 1039
979 1040
980 981
980 1040
980 1041
981 1041
981 1042
982 983
982 1043
983 984
984 985
984 1044
985 986
985 1044
986 987
986 1044
986 1045
987 988
987 1045
987 1046
988 989
988 1045
988 1046
988 1047
989 990
989 1046
989 1047
989 1048
990 991
990 1047
990 1048
990 1049
991 992
991 1048
991 1049
991 1050
992 993
992 1049
992 1050
992 1051
993 994
993 1050
993 1051
993 1052
994 995
994 1051
994 1052
994 1053
995 996
995 1052
995 1053
995 1054
996 997
996 1053
996 1054
996 1055
997 1054
997 1055
998 999
998 1056
998 1057
999 1000
999 1056
999 1057
999 1058
1000 1001
1000 1057
1000 1058
1000 1059
1001 1058
1001 1059
1001 1060
1002 1003
1002 1060
1002 1061
1002 1062
1003 1004
1003 1061
1003 1062
1003 1063
1004 1005
1004 1062
1004 1063
1005 1006
1005 1063
1005 1064
1006 1007
1006 1064
1006 1065
1007 1064
1007 1065
1007 1066
1008 1009
1008 1066
1008 1067
1008 1068
1009 1067
1009 1068
1009 1069
1010 1011
1010 1069
1010 1070
1010 1071
1011 1012
1011 1070
1011 1071
1011 1072
1012 1013
1012 1071
1012 1072
1012 1073
1013 1072
1013 1073
1013 1074
1014 1015
1014 1074
1014 1075
1014 1076
1015 1075
1015 1076
1016 1017
1016 1077
1016 1078
1017 1018
1017 1077
1017 1078
1017 1079
1018 1078
1018 1079
1019 1020
1019 1080
1019 1081
1020 1021
1020 1081
1020 1082
1021 1022
1021 1082
1021 1083
1022 1023
1022 1082
1022 1083
1022 1084
1023 1083
1023 1084
1023 1085
1024 1025
1024 1085
1024 1086
1024 1087
1025 1086
1025 1087
1025 1088
1026 1027
1026 1088
1026 1089
1026 1090
1027 1028
1027 1089
1027 1090
1027 1091
1028 1029
1028 1090
1028 1091
1028 1092
1029 1030
1029 1091
1029 1092
1029 1093
1030 1092
1030 1093
1031 1032
1031 1094
1031 1095
1032 1033
1032 1094
1032 1095
1032 1096
1033 1034
1033 1095
1033 1096
1033 1097
1034 1096
1034 1097
1034 1098
1035 1099
1035 1100
1036 1101
1037 1102
1037 1103
1038 1104
1038 1105
1039 1040
1039 1105
1039 1106
1039 1107
1040 1106
1040 1107
1041 1042
1041 1108
1042 1043
1042 1108
1042 1109
1043 1109
1044 1111
1044 1112
1045 1046
1045 1112
1045 1113
1045 1114
1046 1047
1046 1113
1046 1114
1046 1115
1047 1048
1047 1114
1047 1115
1047 1116
1048 1049
1048 1115
1048 1116
1048 1117
1049 1050
1049 1116
1049 1117
1050 1051
1050 1117
1050 1118
1051 1052
1051 1118
1051 1119
1052 1053
1052 1118
1052 1119
1052 1120
1053 1054
1053 1119
1053 1120
1053 1121
1054 1055
1054 1120
1054 1121
1054 1122
1055 1121
1055 1122
1055 1123
1056 1057
1056 1123
1056 1124
1056 1125
1057 1058
1057 1124
1057 1125
1057 1126
1058 1059
1058 1125
1058 1126
1058 1127
1059 1060
1059 1126
1059 1127
1059 1128
1060 1061
1060 1127
1060 1128
1060 1129
1061 1062
1061 1128
1061 1129
1061 1130
1062 1063
1062 1129
1062 1130
1062 1131
1063 1130
1063 1131
1064 1065
1064 1132
1064 1133
1065 1066
1065 1132
1065 1133
1065 1134
1066 1067
1066 1133
1066 1134
1066 1135
1067 1068
1067 1134
1067 1135
1068 1069
1068 1135
1068 1136
1069 1070
1069 1136
1069 1137
1070 1071
1070 1136
1070 1137
1070 1138
1071 1072
1071 1137
1071 1138
1071 1139
1072 1073
1072 1138
1072 1139
1072 1140
1073 1074
1073 1139
1073 1140
1073 1141
1074 1075
1074 1140
1074 1141
1074 1142
1075 1076
1075 1141
1075 1142
1075 1143
1076 1142
1076 1143
1077 1078
1077 1144
1077 1145
1078 1079
1078 1144
1078 1145
1078 1146
1079 1145
1079 1146
1080 1081
1080 1147
1080 1148
1081 1147
1081 1148
1081 1149
1082 1083
1082 1149
1082 1150
1082 1151
1083 1084
1083 1150
1083 1151
1083 1152
1084 1085
1084 1151
1084 1152
1085 1086
1085 1152
1085 1153
1086 1087
1086 1153
1086 1154
1087 1088
1087 1153
1087 1154
1087 1155
1088 1089
1088 1154
1088 1155
1088 1156
1089 1090
1089 1155
1089 1156
1089 1157
1090 1091
1090 1156
1090 1157
1091 1092
1091 1157
1091 1158
1092 1093
1092 1158
1093 1158
1094 1095
1094 1159
1095 1096
1095 1159
1096 1097
1096 1159
1097 1098
1097 1160
1098 1099
1098 1160
1099 1100
1099 1160
1099 1161
1100 1161
1101 1162
1102 1103
1102 1163
1102 1164
1103 1104
1103 1163
1103 1164
1103 1165
1104 1164
1104 1165
1104 1166
1105 1106
1105 1166
1105 1167
1106 1107
1106 1167
1106 1168
1107 1167
1107 1168
1107 1169
1108 1169
1108 1170
1108 1171
1109 1171
1109 1172
1109 1173
1110 1111
1110 1173
1110 1174
1111 1174
1111 1175
1112 1113
1112 1175
1112 1176
1113 1114
1113 1176
1113 1177
1114 1115
1114 1176
1114 1177
1115 1116
1115 1177
1115 1178
1116 1117
1116 1178
1116 1179
1117 1178
1117 1179
1117 1180
1118 1119
1118 1180
1118 1181
1118 1182
1119 1120
1119 1181
1119 1182
1119 1183
1120 1121
1120 1182
1120 1183
1120 1184
1121 1122
1121 1183
1121 1184
1121 1185
1122 1123
1122 1184
1122 1185
1122 1186
1123 1124
1123 1185
1123 1186
1123 1187
1124 1125
1124 1186
1124 1187
1125 1126
1125 1187
1125 1188
1126 1127
1126 1188
1126 1189
1127 1128
1127 1188
1127 1189
1127 1190
1128 1129
1128 1189
1128 1190
1128 1191
1129 1130
1129 1190
1129 1191
1129 1192
1130 1131
1130 1191
1130 1192
1131 1192
1132 1133
1132 1193
1132 1194
1133 1134
1133 1193
1133 1194
1133 1195
1134 1135
1134 1194
1134 1195
1134 1196
1135 1195
1135 1196
1136 1137
1136 1197
1136 1198
1137 1138
1137 1197
1137 1198
1138 1139
1138 1198
1138 1199
1139 1140
1139 1199
1139 1200
1140 1141
1140 1199
1140 1200
1140 1201
1141 1142
1141 1200
1141 1201
1141 1202
1142 1143
1142 1201
1142 1202
1142 1203
1143 1202
1143 1203
1143 1204
1144 1145
1144 1204
1144 1205
1144 1206
1145 1146
1145 1205
1145 1206
1145 1207
1146 1206
1146 1207
1146 1208
1147 1148
1147 1208
1147 1209
1148 1149
1148 1209
1149 1150
1149 1209
1149 1210
1150 1151
1150 1210
1150 1211
1151 1152
1151 1210
1151 1211
1151 1212
1152 1211
1152 1212
1153 1154
1153 1213
1154 1155
1154 1213
1154 1214
1155 1156
1155 1213
1155 1214
1155 1215
1156 1157
1156 1214
1156 1215
1156 1216
1157 1215
1157 1216
1158 1217
1158 1218
1159 1220
1159 1221
1160 1222
1160 1223
1160 1224
1161 1224
1161 1225
1161 1226
1162 1226
1162 1227
1163 1164
1163 1228
1164 1165
1164 1228
1164 1229
1165 1166
1165 1228
1165 1229
1165 1230
1166 1229
1166 1230
1166 1231
1167 1168
1167 1231
1167 1232
1167 1233
1168 1169
1168 1232
1168 1233
1169 1170
1169 1233
1170 1171
1170 1234
1171 1172
1171 1234
1171 1235
1172 1173
1172 1234
1172 1235
1172 1236
1173 1235
1173 1236
1173 1237
1174 1175
1174 1237
1174 1238
1175 1238
1176 1177
1176 1239
1177 1239
1177 1240
1178 1179
1178 1240
1178 1241
1178 1242
1179 1180
1179 1241
1179 1242
1179 1243
1180 1181
1180 1242
1180 1243
1181 1182
1181 1243
1181 1244
1182 1183
1182 1244
1182 1245
1183 1184
1183 1244
1183 1245
1183 1246
1184 1185
1184 1245
1184 1246
1184 1247
1185 1186
1185 1246
1185 1247
1185 1248
1186 1187
1186 1247
1186 1248
1186 1249
1187 1248
1187 1249
1187 1250
1188 1189
1188 1250
1188 1251
1188 1252
1189 1190
1189 1251
1189 1252
1189 1253
1190 1191
1190 1252
1190 1253
1191 1192
1191 1253
1191 1254
1192 1254
1192 1255
1193 1194
1193 1256
1193 1257
1193 1258
1194 1195
1194 1257
1194 1258
1195 1196
1195 1258
1195 1259
1196 1259
1196 1260
1197 1198
1197 1260
1197 1261
1197 1262
1198 1261
1198 1262
1198 1263
1199 1200
1199 1263
1199 1264
1199 1265
1200 1201
1200 1264
1200 1265
1200 1266
1201 1202
1201 1265
1201 1266
1201 1267
1202 1203
1202 1266
1202 1267
1202 1268
1203 1204
1203 1267
1203 1268
1203 1269
1204 1205
1204 1268
1204 1269
1204 1270
1205 1206
1205 1269
1205 1270
1205 1271
1206 1207
1206 1270
1206 1271
1206 1272
1207 1208
1207 1271
1207 1272
1207 1273
1208 1272
1208 1273
1208 1274
1209 1274
1209 1275
1209 1276
1210 1211
1210 1276
1210 1277
1210 1278
1211 1212
1211 1277
1211 1278
1211 1279
1212 1278
1212 1279
1212 1280
1213 1214
1213 1281
1214 1215
1214 1281
1214 1282
1215 1216
1215 1282
1215 1283
1216 1282
1216 1283
1216 1284
1217 1218
1217 1284
1218 1219
1218 1285
1219 1220
1219 1285
1219 1286
1220 1221
1220 1285
1220 1286
1221 1286
1221 1287
1222 1223
1222 1287
1222 1288
1222 1289
1223 1224
1223 1288
1223 1289
1223 1290
1224 1225
1224 1289
1224 1290
1225 1226
1225 1290
1225 1291
1226 1227
1226 1291
1226 1292
1227 1291
1227 1292
1228 1229
1228 1293
1228 1294
1228 1295
1229 1230
1229 1294
1229 1295
1229 1296
1230 1231
1230 1295
1230 1296
1231 1232
1231 1296
1231 1297
1232 1233
1232 1297
1233 1297
1233 1298
1234 1235
1234 1299
1234 1300
1234 1301
1235 1236
1235 1300
1235 1301
1235 1302
1236 1237
1236 1301
1236 1302
1237 1238
1237 1302
1237 1303
1238 1303
1239 1240
1239 1305
1239 1306
1240 1241
1240 1306
1240 1307
1241 1242
1241 1307
1241 1308
1242 1243
1242 1307
1242 1308
1243 1308
1243 1309
1244 1245
1244 1309
1244 1310
1245 1246
1245 1310
1245 1311
1246 1247
1246 1310
1246 1311
1246 1312
1247 1248
1247 1311
1247 1312
1248 1249
1248 1312
1248 1313
1249 1250
1249 1313
1249 1314
1250 1251
1250 1313
1250 1314
1250 1315
1251 1252
1251 1314
1251 1315
1252 1253
1252 1315
1252 1316
1253 1316
1253 1317
1254 1255
1254 1317
1255 1256
1255 1318
1256 1257
1256 1318
1256 1319
1257 1258
1257 1318
1257 1319
1257 1320
1258 1319
1258 1320
1258 1321
1259 1260
1259 1321
1259 1322
1260 1261
1260 1322
1260 1323
1261 1262
1261 1323
1261 1324
1262 1263
1262 1323
1262 1324
1262 1325
1263 1264
1263 1324
1263 1325
1263 1326
1264 1265
1264 1325
1264 1326
1264 1327
1265 1266
1265 1326
1265 1327
1265 1328
1266 1267
1266 1327
1266 1328
1266 1329
1267 1268
1267 1328
1267 1329
1267 1330
1268 1269
1268 1329
1268 1330
1269 1270
1269 1330
1269 1331
1270 1271
1270 1331
1270 1332
1271 1272
1271 1331
1271 1332
1271 1333
1272 1273
1272 1332
1272 1333
1272 1334
1273 1274
1273 1333
1273 1334
1274 1275
1274 1334
1274 1335
1275 1276
1275 1335
1275 1336
1276 1277
1276 1335
1276 1336
1277 1278
1277 1336
1277 1337
1278 1279
1278 1337
1278 1338
1279 1280
1279 1337
1279 1338
1279 1339
1280 1338
1280 1339
1281 1340
1281 1341
1282 1283
1282 1341
1282 1342
1282 1343
1283 1284
1283 1342
1283 1343
1283 1344
1284 1343
1284 1344
1284 1345
1285 1286
1285 1346
1285 1347
1286 1346
1286 1347
1286 1348
1287 1288
1287 1348
1287 1349
1288 1289
1288 1349
1288 1350
1289 1290
1289 1350
1290 1350
1290 1351
1291 1292
1291 1351
1291 1352
1291 1353
1292 1352
1292 1353
1293 1294
1293 1354
1293 1355
1294 1295
1294 1354
1294 1355
1295 1296
1295 1355
1295 1356
1296 1356
1297 1357
1298 1299
1298 1357
1298 1358
1298 1359
1299 1300
1299 1358
1299 1359
1299 1360
1300 1301
1300 1359
1300 1360
1301 1302
1301 1360
1301 1361
1302 1361
1302 1362
1303 1362
1303 1363
1303 1364
1304 1305
1304 1364
1304 1365
1304 1366
1305 1306
1305 1365
1305 1366
1305 1367
1306 1366
1306 1367
1306 1368
1307 1308
1307 1368
1307 1369
1307 1370
1308 1369
1308 1370
1309 1371
1310 1311
1310 1372
1310 1373
1311 1312
1311 1372
1311 1373
1312 1373
1312 1374
1313 1314
1313 1374
1313 1375
1314 1315
1314 1375
1314 1376
1315 1375
1315 1376
1315 1377
1316 1317
1316 1377
1316 1378
1317 1378
1317 1379
1318 1319
1318 1380
1318 1381
1318 1382
1319 1320
1319 1381
1319 1382
1319 1383
1320 1321
1320 1382
1320 1383
1320 1384
1321 1322
1321 1383
1321 1384
1321 1385
1322 1384
1322 1385
1322 1386
1323 1324
1323 1386
1323 1387
1324 1325
1324 1387
1325 1326
1325 1388
1326 1327
1326 1388
1326 1389
1327 1328
1327 1388
1327 1389
1327 1390
1328 1329
1328 1389
1328 1390
1328 1391
1329 1330
1329 1390
1329 1391
1329 1392
1330 1391
1330 1392
1330 1393
1331 1332
1331 1393
1331 1394
1331 1395
1332 1333
1332 1394
1332 1395
1332 1396
1333 1334
1333 1395
1333 1396
1333 1397
1334 1396
1334 1397
1334 1398
1335 1336
1335 1398
1335 1399
1335 1400
1336 1399
1336 1400
1336 1401
1337 1338
1337 1401
1337 1402
1337 1403
1338 1339
1338 1402
1338 1403
1338 1404
1339 1403
1339 1404
1339 1405
1340 1341
1340 1405
1340 1406
1341 1342
1341 1406
1341 1407
1342 1343
1342 1406
1342 1407
1342 1408
1343 1344
1343 1407
1343 1408
1343 1409
1344 1345
1344 1408
1344 1409
1344 1410
1345 1409
1345 1410
1345 1411
1346 1347
1346 1411
1346 1412
1346 1413
1347 1348
1347 1412
1347 1413
1348 1349
1348 1413
1348 1414
1349 1414
1349 1415
1350 1415
1350 1416
1351 1352
1351 1416
1351 1417
1351 1418
1352 1353
1352 1417
1352 1418
1352 1419
1353 1418
1353 1419
1354 1355
1354 1420
1354 1421
1355 1420
1355 1421
1355 1422
1356 1422
1356 1423
1357 1358
1357 1424
1357 1425
1357 1426
1358 1359
1358 1425
1358 1426
1358 1427
1359 1360
1359 1426
1359 1427
1359 1428
1360 1427
1360 1428
1360 1429
1361 1362
1361 1429
1361 1430
1361 1431
1362 1363
1362 1430
1362 1431
1362 1432
1363 1364
1363 1431
1363 1432
1363 1433
1364 1365
1364 1432
1364 1433
1364 1434
1365 1366
1365 1433
1365 1434
1366 1367
1366 1434
1366 1435
1367 1368
1367 1435
1367 1436
1368 1369
1368 1435
1368 1436
1368 1437
1369 1370
1369 1436
1369 1437
1369 1438
1370 1437
1370 1438
1370 1439
1371 1439
1371 1440
1372 1373
1372 1441
1373 1441
1374 1442
1374 1443
1375 1376
1375 1443
1375 1444
1375 1445
1376 1377
1376 1444
1376 1445
1376 1446
1377 1445
1377 1446
1377 1447
1378 1379
1378 1447
1378 1448
1378 1449
1379 1380
1379 1448
1379 1449
1379 1450
1380 1381
1380 1449
1380 1450
1381 1382
1381 1450
1381 1451
1382 1383
1382 1451
1382 1452
1383 1384
1383 1451
1383 1452
1384 1385
1384 1452
1385 1386
1385 1453
1386 1387
1386 1453
1387 1453
1387 1454
1388 1389
1388 1455
1388 1456
1388 1457
1389 1390
1389 1456
1389 1457
1389 1458
1390 1391
1390 1457
1390 1458
1391 1392
1391 1458
1392 1393
1392 1459
1393 1394
1393 1459
1394 1395
1394 1459
1394 1460
1395 1396
1395 1460
1395 1461
1396 1397
1396 1460
1396 1461
1396 1462
1397 1398
1397 1461
1397 1462
1397 1463
1398 1399
1398 1462
1398 1463
1398 1464
1399 1400
1399 1463
1399 1464
1400 1401
1400 1464
1401 1402
1401 1465
1402 1403
1402 1465
1403 1404
1403 1465
1403 1466
1404 1405
1404 1466
1404 1467
1405 1466
1405 1467
1405 1468
1406 1407
1406 1468
1406 1469
1406 1470
1407 1408
1407 1469
1407 1470
1408 1409
1408 1470
1408 1471
1409 1410
1409 1471
1409 1472
1410 1411
1410 1471
1410 1472
1410 1473
1411 1412
1411 1472
1411 1473
1411 1474
1412 1413
1412 1473
1412 1474
1412 1475
1413 1474
1413 1475
1414 1415
1414 1476
1415 1476
1415 1477
1416 1417
1416 1477
1416 1478
1416 1479
1417 1418
1417 1478
1417 1479
1417 1480
1418 1419
1418 1479
1418 1480
1418 1481
1419 1480
1419 1481
1420 1421
1420 1482
1421 1422
1421 1482
1421 1483
1422 1483
1422 1484
1423 1424
1423 1484
1423 1485
1423 1486
1424 1425
1424 1485
1424 1486
1424 1487
1425 1426
1425 1486
1425 1487
1425 1488
1426 1427
1426 1487
1426 1488
1426 1489
1427 1428
1427 1488
1427 1489
1427 1490
1428 1429
1428 1489
1428 1490
1428 1491
1429 1430
1429 1490
1429 1491
1429 1492
1430 1431
1430 1491
1430 1492
1430 1493
1431 1432
1431 1492
1431 1493
1431 1494
1432 1433
1432 1493
1432 1494
1433 1434
1433 1494
1433 1495
1434 1495
1434 1496
1435 1436
1435 1496
1435 1497
1436 1437
1436 1497
1436 1498
1437 1438
1437 1498
1438 1439
1438 1498
1438 1499
1439 1440
1439 1499
1440 1499
1440 1500
1441 1501
1441 1502
1441 1503
1442 1443
1442 1503
1442 1504
1442 1505
1443 1444
1443 1504
1443 1505
1443 1506
1444 1445
1444 1505
1444 1506
1445 1446
1445 1506
1445 1507
1446 1447
1446 1507
1447 1448
1447 1507
1447 1508
1448 1449
1448 1508
1448 1509
1449 1450
1449 1508
1449 1509
1449 1510
1450 1509
1450 1510
1450 1511
1451 1452
1451 1511
1451 1512
1451 1513
1452 1512
1452 1513
1453 1514
1453 1515
1453 1516
1454 1455
1454 1516
1454 1517
1454 1518
1455 1456
1455 1517
1455 1518
1455 1519
1456 1457
1456 1518
1456 1519
1456 1520
1457 1458
1457 1519
1457 1520
1457 1521
1458 1520
1458 1521
1458 1522
1459 1523
1459 1524
1459 1525
1460 1461
1460 1525
1460 1526
1460 1527
1461 1462
1461 1526
1461 1527
1461 1528
1462 1463
1462 1527
1462 1528
1462 1529
1463 1464
1463 1528
1463 1529
1463 1530
1464 1529
1464 1530
1464 1531
1465 1532
1465 1533
1466 1467
1466 1534
1467 1468
1467 1534
1468 1469
1468 1534
1468 1535
1469 1470
1469 1535
1470 1535
1470 1536
1471 1472
1471 1536
1471 1537
1472 1473
1472 1537
1473 1474
1473 1537
1473 1538
1474 1475
1474 1538
1475 1538
1475 1539
1476 1477
1476 1540
1476 1541
1477 1478
1477 1541
1477 1542
1478 1479
1478 1541
1478 1542
1478 1543
1479 1480
1479 1542
1479 1543
1479 1544
1480 1481
1480 1543
1480 1544
1480 1545
1481 1544
1481 1545
1482 1546
1482 1547
1483 1484
1483 1547
1483 1548
1483 1549
1484 1485
1484 1548
1484 1549
1484 1550
1485 1486
1485 1549
1485 1550
1485 1551
1486 1487
1486 1550
1486 1551
1486 1552
1487 1488
1487 1551
1487 1552
1487 1553
1488 1489
1488 1552
1488 1553
1488 1554
1489 1490
1489 1553
1489 1554
1489 1555
1490 1491
1490 1554
1490 1555
1490 1556
1491 1492
1491 1555
1491 1556
1491 1557
1492 1493
1492 1556
1492 1557
1493 1494
1493 1557
1494 1558
1495 1496
1495 1558
1495 1559
1495 1560
1496 1497
1496 1559
1496 1560
1496 1561
1497 1560
1497 1561
1497 1562
1498 1562
1498 1563
1499 1563
1499 1564
1499 1565
1500 1501
1500 1565
1500 1566
1500 1567
1501 1502
1501 1566
1501 1567
1501 1568
1502 1503
1502 1567
1502 1568
1502 1569
1503 1504
1503 1568
1503 1569
1503 1570
1504 1505
1504 1569
1504 1570
1504 1571
1505 1506
1505 1570
1505 1571
1505 1572
1506 1571
1506 1572
1507 1573
1508 1509
1508 1574
1509 1510
1509 1574
1509 1575
1510 1511
1510 1575
1510 1576
1511 1512
1511 1575
1511 1576
1511 1577
1512 1513
1512 1576
1512 1577
1512 1578
1513 1577
1513 1578
1513 1579
1514 1515
1514 1579
1514 1580
1514 1581
1515 1516
1515 1580
1515 1581
1515 1582
1516 1517
1516 1581
1516 1582
1516 1583
1517 1518
1517 1582
1517 1583
1517 1584
1518 1519
1518 1583
1518 1584
1518 1585
1519 1520
1519 1584
1519 1585
1520 1521
1520 1585
1520 1586
1521 1522
1521 1586
1521 1587
1522 1523
1522 1586
1522 1587
1522 1588
1523 1524
1523 1587
1523 1588
1523 1589
1524 1525
1524 1588
1524 1589
1524 1590
1525 1526
1525 1589
1525 1590
1525 1591
1526 1527
1526 1590
1526 1591
1526 1592
1527 1528
1527 1591
1527 1592
1527 1593
1528 1529
1528 1592
1528 1593
1529 1530
1529 1593
1529 1594
1530 1531
1530 1594
1530 1595
1531 1532
1531 1594
1531 1595
1531 1596
1532 1533
1532 1595
1532 1596
1532 1597
1533 1596
1533 1597
1533 1598
1534 1599
1534 1600
1535 1600
1535 1601
1535 1602
1536 1602
1536 1603
1537 1603
1537 1604
1537 1605
1538 1605
1538 1606
1538 1607
1539 1540
1539 1607
1539 1608
1539 1609
1540 1608
1540 1609
1540 1610
1541 1542
1541 1610
1541 1611
1542 1543
1542 1611
1542 1612
1543 1544
1543 1611
1543 1612
1543 1613
1544 1545
1544 1612
1544 1613
1544 1614
1545 1613
1545 1614
1546 1547
1546 1615
1546 1616
1547 1548
1547 1615
1547 1616
1547 1617
1548 1549
1548 1616
1548 1617
1548 1618
1549 1550
1549 1617
1549 1618
1549 1619
1550 1551
1550 1618
1550 1619
1550 1620
1551 1552
1551 1619
1551 1620
1552 1553
1552 1620
1552 1621
1553 1554
1553 1621
1553 1622
1554 1555
1554 1621
1554 1622
1554 1623
1555 1556
1555 1622
1555 1623
1555 1624
1556 1557
1556 1623
1556 1624
1556 1625
1557 1624
1557 1625
1557 1626
1558 1559
1558 1627
1558 1628
1559 1560
1559 1628
1559 1629
1560 1561
1560 1629
1560 1630
1561 1562
1561 1629
1561 1630
1561 1631
1562 1630
1562 1631
1563 1564
1563 1632
1563 1633
1564 1565
1564 1632
1564 1633
1564 1634
1565 1566
1565 1633
1565 1634
1565 1635
1566 1567
1566 1634
1566 1635
1566 1636
1567 1568
1567 1635
1567 1636
1567 1637
1568 1569
1568 1636
1568 1637
1568 1638
1569 1570
1569 1637
1569 1638
1569 1639
1570 1571
1570 1638
1570 1639
1570 1640
1571 1572
1571 1639
1571 1640
1572 1640
1572 1641
1573 1641
1573 1642
1573 1643
1574 1643
1575 1576
1575 1644
1575 1645
1576 1577
1576 1644
1576 1645
1577 1578
1577 1645
1577 1646
1578 1579
1578 1646
1578 1647
1579 1580
1579 1646
1579 1647
1579 1648
1580 1581
1580 1647
1580 1648
1580 1649
1581 1582
1581 1648
1581 1649
1581 1650
1582 1583
1582 1649
1582 1650
1583 1584
1583 1650
1583 1651
1584 1585
1584 1651
1585 1651
1585 1652
1586 1587
1586 1652
1586 1653
1586 1654
1587 1588
1587 1653
1587 1654
1587 1655
1588 1589
1588 1654
1588 1655
1589 1590
1589 1655
1589 1656
1590 1591
1590 1656
1590 1657
1591 1592
1591 1656
1591 1657
1591 1658
1592 1593
1592 1657
1592 1658
1592 1659
1593 1658
1593 1659
1593 1660
1594 1595
1594 1660
1594 1661
1594 1662
1595 1596
1595 1661
1595 1662
1595 1663
1596 1597
1596 1662
1596 1663
1597 1598
1597 1663
1597 1664
1598 1664
1599 1600
1599 1665
1599 1666
1600 1601
1600 1665
1600 1666
1601 1602
1601 1666
1602 1667
1603 1604
1603 1667
1603 1668
1604 1605
1604 1668
1605 1606
1605 1668
1605 1669
1606 1607
1606 1669
1606 1670
1607 1608
1607 1669
1607 1670
1607 1671
1608 1609
1608 1670
1608 1671
1608 1672
1609 1610
1609 1671
1609 1672
1609 1673
1610 1672
1610 1673
1610 1674
1611 1612
1611 1674
1611 1675
1612 1613
1612 1675
1613 1614
1613 1675
1615 1616
1615 1676
1616 1617
1616 1676
1617 1618
1617 1676
1617 1677
1618 1619
1618 1677
1618 1678
1619 1620
1619 1677
1619 1678
1619 1679
1620 1678
1620 1679
1620 1680
1621 1622
1621 1680
1621 1681
1622 1623
1622 1681
1622 1682
1623 1624
1623 1682
1623 1683
1624 1625
1624 1682
1624 1683
1624 1684
1625 1626
1625 1683
1625 1684
1626 1627
1626 1684
1626 1685
1627 1628
1627 1685
1628 1685
1628 1686
1629 1630
1629 1686
1629 1687
1629 1688
1630 1631
1630 1687
1630 1688
1630 1689
1631 1688
1631 1689
1631 1690
1632 1633
1632 1690
1632 1691
1632 1692
1633 1634
1633 1691
1633 1692
1633 1693
1634 1635
1634 1692
1634 1693
1634 1694
1635 1636
1635 1693
1635 1694
1636 1637
1636 1694
1636 1695
1637 1638
1637 1695
1637 1696
1638 1639
1638 1695
1638 1696
1638 1697
1639 1640
1639 1696
1639 1697
1639 1698
1640 1697
1640 1698
1640 1699
1641 1642
1641 1699
1641 1700
1641 1701
1642 1643
1642 1700
1642 1701
1642 1702
1643 1701
1643 1702
1643 1703
1644 1645
1644 1704
1644 1705
1644 1706
1645 1705
1645 1706
1645 1707
1646 1647
1646 1707
1646 1708
1647 1648
1647 1708
1647 1709
1648 1649
1648 1708
1648 1709
1648 1710
1649 1650
1649 1709
1649 1710
1649 1711
1650 1710
1650 1711
1650 1712
1651 1712
1651 1713
1651 1714
1652 1653
1652 1714
1652 1715
1652 1716
1653 1654
1653 1715
1653 1716
1653 1717
1654 1655
1654 1716
1654 1717
1654 1718
1655 1717
1655 1718
1655 1719
1656 1657
1656 1719
1656 1720
1656 1721
1657 1658
1657 1720
1657 1721
1657 1722
1658 1659
1658 1721
1658 1722
1658 1723
1659 1660
1659 1722
1659 1723
1660 1661
1660 1723
1660 1724
1661 1662
1661 1724
1661 1725
1662 1663
1662 1724
1662 1725
1662 1726
1663 1725
1663 1726
1664 1727
1664 1728
1665 1666
1665 1728
1665 1729
1666 1729
1666 1730
1667 1731
1667 1732
1667 1733
1668 1733
1668 1734
1668 1735
1669 1670
1669 1735
1669 1736
1669 1737
1670 1671
1670 1736
1670 1737
1670 1738
1671 1672
1671 1737
1671 1738
1671 1739
1672 1673
1672 1738
1672 1739
1672 1740
1673 1674
1673 1739
1673 1740
1673 1741
1674 1740
1674 1741
1674 1742
1675 1742
1675 1743
1675 1744
1676 1746
1676 1747
1676 1748
1677 1678
1677 1748
1677 1749
1677 1750
1678 1679
1678 1749
1678 1750
1679 1680
1679 1750
1679 1751
1680 1681
1680 1751
1681 1751
1681 1752
1682 1683
1682 1752
1683 1684
1683 1753
1684 1753
1685 1754
1685 1755
1686 1687
1686 1755
1686 1756
1687 1688
1687 1756
1687 1757
1688 1689
1688 1757
1689 1690
1689 1757
1689 1758
1690 1691
1690 1758
1690 1759
1691 1692
1691 1758
1691 1759
1691 1760
1692 1693
1692 1759
1692 1760
1692 1761
1693 1694
1693 1760
1693 1761
1693 1762
1694 1761
1694 1762
1695 1696
1695 1763
1695 1764
1696 1697
1696 1763
1696 1764
1697 1698
1697 1764
1698 1699
1698 1765
1699 1700
1699 1765
1699 1766
1700 1701
1700 1765
1700 1766
1701 1702
1701 1766
1701 1767
1702 1703
1702 1767
1702 1768
1703 1704
1703 1767
1703 1768
1703 1769
1704 1705
1704 1768
1704 1769
1704 1770
1705 1706
1705 1769
1705 1770
1706 1707
1706 1770
1706 1771
1707 1771
1707 1772
1708 1709
1708 1772
1708 1773
1709 1710
1709 1773
1709 1774
1710 1711
1710 1773
1710 1774
1710 1775
1711 1712
1711 1774
1711 1775
1711 1776
1712 1713
1712 1775
1712 1776
1712 1777
1713 1714
1713 1776
1713 1777
1713 1778
1714 1715
1714 1777
1714 1778
1714 1779
1715 1716
1715 1778
1715 1779
1715 1780
1716 1717
1716 1779
1716 1780
1716 1781
1717 1718
1717 1780
1717 1781
1717 1782
1718 1719
1718 1781
1718 1782
1718 1783
1719 1720
1719 1782
1719 1783
1719 1784
1720 1721
1720 1783
1720 1784
1720 1785
1721 1722
1721 1784
1721 1785
1721 1786
1722 1723
1722 1785
1722 1786
1722 1787
1723 1786
1723 1787
1724 1725
1724 1788
1725 1726
1725 1788
1725 1789
1726 1789
1726 1790
1727 1728
1727 1790
1727 1791
1728 1729
1728 1791
1728 1792
1729 1792
1729 1793
1730 1731
1730 1793
1730 1794
1731 1732
1731 1794
1731 1795
1732 1733
1732 1794
1732 1795
1732 1796
1733 1734
1733 1795
1733 1796
1733 1797
1734 1735
1734 1796
1734 1797
1734 1798
1735 1736
1735 1797
1735 1798
1736 1737
1736 1798
1736 1799
1737 1738
1737 1799
1737 1800
1738 1739
1738 1799
1738 1800
1738 1801
1739 1740
1739 1800
1739 1801
1739 1802
1740 1741
1740 1801
1740 1802
1740 1803
1741 1742
1741 1802
1741 1803
1741 1804
1742 1743
1742 1803
1742 1804
1742 1805
1743 1744
1743 1804
1743 1805
1743 1806
1744 1745
1744 1805
1744 1806
1744 1807
1745 1806
1745 1807
1746 1747
1746 1808
1746 1809
1747 1748
1747 1808
1747 1809
1747 1810
1748 1749
1748 1809
1748 1810
1748 1811
1749 1750
1749 1810
1749 1811
1750 1811
1750 1812
1751 1812
1751 1813
1751 1814
1752 1814
1752 1815
1752 1816
1753 1817
1753 1818
1753 1819
1754 1755
1754 1819
1754 1820
1754 1821
1755 1756
1755 1820
1755 1821
1755 1822
1756 1821
1756 1822
1756 1823
1757 1823
1757 1824
1757 1825
1758 1759
1758 1825
1758 1826
1758 1827
1759 1760
1759 1826
1759 1827
1759 1828
1760 1761
1760 1827
1760 1828
1760 1829
1761 1762
1761 1828
1761 1829
1761 1830
1762 1829
1762 1830
1762 1831
1763 1764
1763 1831
1763 1832
1764 1832
1764 1833
1765 1766
1765 1834
1765 1835
1766 1835
1766 1836
1767 1768
1767 1836
1767 1837
1767 1838
1768 1769
1768 1837
1768 1838
1768 1839
1769 1770
1769 1838
1769 1839
1770 1839
1771 1772
1771 1840
1771 1841
1772 1840
1772 1841
1772 1842
1773 1774
1773 1842
1773 1843
1773 1844
1774 1775
1774 1843
1774 1844
1774 1845
1775 1776
1775 1844
1775 1845
1776 1777
1776 1845
1776 1846
1777 1778
1777 1846
1777 1847
1778 1779
1778 1846
1778 1847
1778 1848
1779 1780
1779 1847
1779 1848
1780 1781
1780 1848
1780 1849
1781 1782
1781 1849
1781 1850
1782 1783
1782 1849
1782 1850
1782 1851
1783 1784
1783 1850
1783 1851
1783 1852
1784 1785
1784 1851
1784 1852
1784 1853
1785 1786
1785 1852
1785 1853
1785 1854
1786 1787
1786 1853
1786 1854
1786 1855
1787 1854
1787 1855
1788 1856
1788 1857
1789 1790
1789 1857
1789 1858
1789 1859
1790 1791
1790 1858
1790 1859
1790 1860
1791 1859
1791 1860
1791 1861
1792 1793
1792 1861
1792 1862
1792 1863
1793 1862
1793 1863
1794 1795
1794 1864
1794 1865
1795 1796
1795 1864
1795 1865
1795 1866
1796 1797
1796 1865
1796 1866
1796 1867
1797 1798
1797 1866
1797 1867
1797 1868
1798 1867
1798 1868
1799 1800
1799 1869
1799 1870
1800 1801
1800 1869
1800 1870
1800 1871
1801 1802
1801 1870
1801 1871
1801 1872
1802 1803
1802 1871
1802 1872
1802 1873
1803 1804
1803 1872
1803 1873
1803 1874
1804 1805
1804 1873
1804 1874
1804 1875
1805 1806
1805 1874
1805 1875
1806 1807
1806 1875
1806 1876
1807 1876
1808 1809
1809 1810
1810 1811
1810 1877
1811 1877
1811 1878
1812 1813
1812 1878
1812 1879
1812 1880
1813 1814
1813 1879
1813 1880
1813 1881
1814 1815
1814 1880
1814 1881
1814 1882
1815 1816
1815 1881
1815 1882
1815 1883
1816 1817
1816 1882
1816 1883
1816 1884
1817 1818
1817 1883
1817 1884
1818 1819
1818 1884
1819 1820
1819 1885
1820 1821
1820 1885
1820 1886
1821 1822
1821 1885
1821 1886
1821 1887
1822 1823
1822 1886
1822 1887
1823 1824
1823 1887
1823 1888
1824 1825
1824 1888
1824 1889
1825 1826
1825 1888
1825 1889
1825 1890
1826 1827
1826 1889
1826 1890
1826 1891
1827 1828
1827 1890
1827 1891
1827 1892
1828 1829
1828 1891
1828 1892
1829 1830
1829 1892
1830 1831
1830 1893
1831 1893
1831 1894
1832 1833
1832 1894
1832 1895
1833 1834
1833 1895
1833 1896
1834 1835
1834 1895
1834 1896
1835 1896
1835 1897
1836 1837
1836 1897
1836 1898
1837 1838
1837 1898
1837 1899
1838 1839
1838 1898
1838 1899
1838 1900
1839 1899
1839 1900
1839 1901
1840 1841
1840 1902
1840 1903
1841 1842
1841 1903
1841 1904
1842 1843
1842 1903
1842 1904
1842 1905
1843 1844
1843 1904
1843 1905
1843 1906
1844 1845
1844 1905
1844 1906
1844 1907
1845 1906
1845 1907
1845 1908
1846 1847
1846 1908
1846 1909
1846 1910
1847 1848
1847 1909
1847 1910
1847 1911
1848 1910
1848 1911
1848 1912
1849 1850
1849 1912
1849 1913
1850 1851
1850 1913
1851 1852
1851 1914
1852 1853
1852 1914
1852 1915
1853 1854
1853 1914
1853 1915
1853 1916
1854 1855
1854 1915
1854 1916
1854 1917
1855 1916
1855 1917
1855 1918
1856 1857
1856 1918
1856 1919
1856 1920
1857 1858
1857 1919
1857 1920
1858 1859
1858 1920
1858 1921
1859 1860
1859 1921
1859 1922
1860 1861
1860 1921
1860 1922
1861 1862
1861 1922
1861 1923
1862 1863
1862 1923
1863 1923
1863 1924
1864 1865
1864 1924
1864 1925
1865 1866
1865 1925
1865 1926
1866 1867
1866 1925
1866 1926
1867 1868
1867 1926
1867 1927
1868 1927
1868 1928
1869 1870
1869 1928
1869 1929
1869 1930
1870 1871
1870 1929
1870 1930
1871 1872
1871 1930
1871 1931
1872 1873
1872 1931
1872 1932
1873 1874
1873 1931
1873 1932
1873 1933
1874 1875
1874 1932
1874 1933
1874 1934
1875 1933
1875 1934
1875 1935
1876 1935
1876 1936
1877 1878
1877 1939
1877 1940
1877 1941
1878 1879
1878 1940
1878 1941
1878 1942
1879 1880
1879 1941
1879 1942
1879 1943
1880 1881
1880 1942
1880 1943
1880 1944
1881 1882
1881 1943
1881 1944
1882 1883
1882 1944
1882 1945
1883 1884
1883 1945
1884 1945
1884 1946
1885 1886
1885 1947
1885 1948
1885 1949
1886 1887
1886 1948
1886 1949
1887 1949
1887 1950
1888 1889
1888 1950
1888 1951
1889 1890
1889 1951
1889 1952
1890 1891
1890 1951
1890 1952
1890 1953
1891 1892
1891 1952
1891 1953
1891 1954
1892 1953
1892 1954
1892 1955
1893 1894
1893 1956
1893 1957
1893 1958
1894 1957
1894 1958
1894 1959
1895 1896
1895 1959
1896 1960
1897 1960
1897 1961
1897 1962
1898 1899
1898 1962
1898 1963
1898 1964
1899 1900
1899 1963
1899 1964
1899 1965
1900 1901
1900 1964
1900 1965
1901 1902
1901 1965
1901 1966
1902 1966
1902 1967
1903 1904
1903 1967
1903 1968
1903 1969
1904 1905
1904 1968
1904 1969
1904 1970
1905 1906
1905 1969
1905 1970
1905 1971
1906 1907
1906 1970
1906 1971
1906 1972
1907 1908
1907 1971
1907 1972
1908 1909
1908 1972
1908 1973
1909 1910
1909 1973
1909 1974
1910 1911
1910 1973
1910 1974
1910 1975
1911 1912
1911 1974
1911 1975
1911 1976
1912 1913
1912 1975
1912 1976
1912 1977
1913 1976
1913 1977
1914 1915
1914 1978
1914 1979
1914 1980
1915 1916
1915 1979
1915 1980
1915 1981
1916 1917
1916 1980
1916 1981
1916 1982
1917 1918
1917 1981
1917 1982
1917 1983
1918 1919
1918 1982
1918 1983
1918 1984
1919 1920
1919 1983
1919 1984
1919 1985
1920 1984
1920 1985
1921 1922
1921 1986
1922 1986
1922 1987
1923 1987
1923 1988
1924 1988
1924 1989
1924 1990
1925 1926
1925 1990
1925 1991
1925 1992
1926 1991
1926 1992
1927 1928
1927 1993
1927 1994
1928 1929
1928 1993
1928 1994
1929 1930
1929 1994
1930 1995
1931 1932
1931 1995
1931 1996
1932 1933
1932 1996
1932 1997
1933 1934
1933 1997
1933 1998
1934 1935
1934 1997
1934 1998
1934 1999
1935 1936
1935 1998
1935 1999
1936 1999
1937 1938
1937 2000
1937 2001
1938 1939
1938 2000
1938 2001
1938 2002
1939 1940
1939 2001
1939 2002
1939 2003
1940 1941
1940 2002
1940 2003
1940 2004
1941 1942
1941 2003
1941 2004
1941 2005
1942 1943
1942 2004
1942 2005
1943 1944
1943 2005
1943 2006
1944 2006
1944 2007
1945 2007
1945 2008
1945 2009
1946 1947
1946 2009
1946 2010
1946 2011
1947 1948
1947 2010
1947 2011
1947 2012
1948 1949
1948 2011
1948 2012
1948 2013
1949 2012
1949 2013
1949 2014
1950 2014
1950 2015
1950 2016
1951 1952
1951 2016
1951 2017
1951 2018
1952 1953
1952 2017
1952 2018
1952 2019
1953 1954
1953 2018
1953 2019
1953 2020
1954 1955
1954 2019
1954 2020
1955 1956
1955 2020
1955 2021
1956 1957
1956 2021
1957 1958
1957 2021
1957 2022
1958 1959
1958 2022
1958 2023
1959 2022
1959 2023
1959 2024
1960 1961
1960 2025
1960 2026
1960 2027
1961 1962
1961 2026
1961 2027
1961 2028
1962 1963
1962 2027
1962 2028
1962 2029
1963 1964
1963 2028
1963 2029
1963 2030
1964 1965
1964 2029
1964 2030
1965 2030
1965 2031
1966 1967
1966 2031
1966 2032
1966 2033
1967 1968
1967 2032
1967 2033
1967 2034
1968 1969
1968 2033
1968 2034
1968 2035
1969 1970
1969 2034
1969 2035
1969 2036
1970 1971
1970 2035
1970 2036
1970 2037
1971 1972
1971 2036
1971 2037
1971 2038
1972 2037
1972 2038
1973 1974
1973 2039
1973 2040
1974 1975
1974 2039
1974 2040
1975 1976
1975 2040
1976 1977
1976 2041
1977 2041
1977 2042
1978 1979
1978 2042
1978 2043
1979 1980
1979 2043
1979 2044
1980 1981
1980 2043
1980 2044
1980 2045
1981 1982
1981 2044
1981 2045
1981 2046
1982 1983
1982 2045
1982 2046
1982 2047
1983 1984
1983 2046
1983 2047
1983 2048
1984 1985
1984 2047
1984 2048
1985 2048
1985 2049
1986 1987
1986 2050
1986 2051
1987 2051
1988 1989
1988 2052
1988 2053
1989 1990
1989 2052
1989 2053
1989 2054
1990 1991
1990 2053
1990 2054
1990 2055
1991 1992
1991 2054
1991 2055
1991 2056
1992 2055
1992 2056
1993 1994
1993 2057
1993 2058
1994 2057
1994 2058
1994 2059
1995 1996
1995 2060
1995 2061
1995 2062
1996 2061
1996 2062
1997 1998
1997 2063
1998 1999
1998 2063
1998 2064
1999 2064
1999 2065
2000 2001
2000 2066
2000 2067
2001 2002
2001 2066
2001 2067
2001 2068
2002 2003
2002 2067
2002 2068
2002 2069
2003 2004
2003 2068
2003 2069
2003 2070
2004 2005
2004 2069
2004 2070
2004 2071
2005 2070
2005 2071
2006 2007
2006 2072
2007 2008
2007 2072
2007 2073
2008 2009
2008 2073
2008 2074
2009 2010
2009 2073
2009 2074
2009 2075
2010 2011
2010 2074
2010 2075
2010 2076
2011 2012
2011 2075
2011 2076
2011 2077
2012 2013
2012 2076
2012 2077
2012 2078
2013 2014
2013 2077
2013 2078
2014 2015
2014 2078
2014 2079
2015 2016
2015 2079
2015 2080
2016 2017
2016 2079
2016 2080
2016 2081
2017 2018
2017 2080
2017 2081
2018 2019
2018 2081
2018 2082
2019 2020
2019 2082
2019 2083
2020 2082
2020 2083
2020 2084
2021 2084
2021 2085
2021 2086
2022 2023
2022 2086
2022 2087
2022 2088
2023 2024
2023 2087
2023 2088
2023 2089
2024 2025
2024 2088
2024 2089
2024 2090
2025 2026
2025 2089
2025 2090
2025 2091
2026 2027
2026 2090
2026 2091
2026 2092
2027 2028
2027 2091
2027 2092
2027 2093
2028 2029
2028 2092
2028 2093
2028 2094
2029 2030
2029 2093
2029 2094
2029 2095
2030 2094
2030 2095
2030 2096
2031 2032
2031 2096
2031 2097
2032 2033
2032 2097
2032 2098
2033 2034
2033 2098
2033 2099
2034 2035
2034 2098
2034 2099
2034 2100
2035 2036
2035 2099
2035 2100
2035 2101
2036 2037
2036 2100
2036 2101
2037 2038
2037 2101
2038 2102
2039 2040
2039 2102
2039 2103
2039 2104
2040 2103
2040 2104
2040 2105
2041 2042
2041 2106
2041 2107
2041 2108
2042 2107
2042 2108
2042 2109
2043 2044
2043 2109
2043 2110
2044 2045
2044 2110
2044 2111
2045 2046
2045 2110
2045 2111
2045 2112
2046 2047
2046 2111
2046 2112
2046 2113
2047 2048
2047 2112
2047 2113
2047 2114
2048 2113
2048 2114
2048 2115
2049 2050
2049 2115
2049 2116
2050 2116
2051 2117
2052 2053
2052 2117
2052 2118
2052 2119
2053 2054
2053 2118
2053 2119
2053 2120
2054 2055
2054 2119
2054 2120
2054 2121
2055 2056
2055 2120
2055 2121
2055 2122
2056 2121
2056 2122
2056 2123
2057 2058
2057 2123
2057 2124
2058 2059
2058 2124
2058 2125
2059 2060
2059 2124
2059 2125
2059 2126
2060 2061
2060 2125
2060 2126
2061 2062
2061 2126
2061 2127
2062 2127
2062 2128
2063 2128
2063 2129
2063 2130
2064 2065
2064 2130
2064 2131
2064 2132
2065 2131
2065 2132
2066 2067
2066 2133
2066 2134
2067 2068
2067 2133
2067 2134
2067 2135
2068 2069
2068 2134
2068 2135
2068 2136
2069 2070
2069 2135
2069 2136
2069 2137
2070 2071
2070 2136
2070 2137
2070 2138
2071 2137
2071 2138
2071 2139
2072 2139
2072 2140
2072 2141
2073 2074
2073 2141
2073 2142
2073 2143
2074 2075
2074 2142
2074 2143
2075 2076
2075 2143
2075 2144
2076 2077
2076 2144
2076 2145
2077 2078
2077 2144
2077 2145
2077 2146
2078 2145
2078 2146
2079 2080
2079 2147
2079 2148
2080 2081
2080 2147
2080 2148
2080 2149
2081 2148
2081 2149
2081 2150
2082 2083
2082 2150
2082 2151
2082 2152
2083 2084
2083 2151
2083 2152
2083 2153
2084 2085
2084 2152
2084 2153
2085 2086
2085 2153
2085 2154
2086 2087
2086 2154
2086 2155
2087 2088
2087 2154
2087 2155
2087 2156
2088 2089
2088 2155
2088 2156
2088 2157
2089 2090
2089 2156
2089 2157
2089 2158
2090 2091
2090 2157
2090 2158
2090 2159
2091 2092
2091 2158
2091 2159
2091 2160
2092 2093
2092 2159
2092 2160
2093 2094
2093 2160
2093 2161
2094 2095
2094 2161
2094 2162
2095 2096
2095 2161
2095 2162
2095 2163
2096 2097
2096 2162
2096 2163
2096 2164
2097 2163
2097 2164
2097 2165
2098 2099
2098 2165
2098 2166
2098 2167
2099 2100
2099 2166
2099 2167
2099 2168
2100 2101
2100 2167
2100 2168
2100 2169
2101 2168
2101 2169
2101 2170
2102 2103
2102 2171
2102 2172
2103 2104
2103 2172
2103 2173
2104 2105
2104 2173
2104 2174
2105 2106
2105 2173
2105 2174
2106 2107
2106 2174
2106 2175
2107 2108
2107 2175
2107 2176
2108 2109
2108 2175
2108 2176
2109 2176
2109 2177
2110 2111
2110 2177
2110 2178
2110 2179
2111 2112
2111 2178
2111 2179
2111 2180
2112 2113
2112 2179
2112 2180
2112 2181
2113 2114
2113 2180
2113 2181
2114 2115
2114 2181
2114 2182
2115 2116
2115 2182
2115 2183
2116 2182
2116 2183
2116 2184
2117 2118
2117 2186
2117 2187
2117 2188
2118 2119
2118 2187
2118 2188
2119 2120
2119 2188
2119 2189
2120 2121
2120 2189
2120 2190
2121 2122
2121 2189
2121 2190
2121 2191
2122 2123
2122 2190
2122 2191
2122 2192
2123 2191
2123 2192
2123 2193
2124 2125
2124 2193
2124 2194
2124 2195
2125 2126
2125 2194
2125 2195
2125 2196
2126 2195
2126 2196
2126 2197
2127 2128
2127 2197
2127 2198
2127 2199
2128 2129
2128 2198
2128 2199
2128 2200
2129 2130
2129 2199
2129 2200
2129 2201
2130 2131
2130 2200
2130 2201
2130 2202
2131 2132
2131 2201
2131 2202
2131 2203
2132 2202
2132 2203
2133 2134
2133 2204
2133 2205
2134 2135
2134 2204
2134 2205
2134 2206
2135 2136
2135 2205
2135 2206
2136 2137
2136 2206
2136 2207
2137 2138
2137 2207
2137 2208
2138 2139
2138 2207
2138 2208
2138 2209
2139 2140
2139 2208
2139 2209
2139 2210
2140 2141
2140 2209
2140 2210
2140 2211
2141 2142
2141 2210
2141 2211
2141 2212
2142 2143
2142 2211
2142 2212
2142 2213
2143 2212
2143 2213
2144 2145
2144 2214
2145 2146
2145 2214
2145 2215
2146 2214
2146 2215
2146 2216
2147 2148
2147 2216
2147 2217
2147 2218
2148 2149
2148 2217
2148 2218
2148 2219
2149 2150
2149 2218
2149 2219
2150 2151
2150 2219
2151 2152
2151 2220
2152 2153
2152 2220
2152 2221
2153 2220
2153 2221
2153 2222
2154 2155
2154 2222
2154 2223
2155 2156
2155 2223
2155 2224
2156 2157
2156 2223
2156 2224
2157 2158
2157 2224
2158 2159
2158 2225
2159 2160
2159 2225
2159 2226
2160 2225
2160 2226
2161 2162
2161 2227
2161 2228
2162 2163
2162 2227
2162 2228
2162 2229
2163 2164
2163 2228
2163 2229
2163 2230
2164 2165
2164 2229
2164 2230
2164 2231
2165 2166
2165 2230
2165 2231
2165 2232
2166 2167
2166 2231
2166 2232
2166 2233
2167 2168
2167 2232
2167 2233
2167 2234
2168 2169
2168 2233
2168 2234
2168 2235
2169 2170
2169 2234
2169 2235
2169 2236
2170 2171
2170 2235
2170 2236
2170 2237
2171 2172
2171 2236
2171 2237
2171 2238
2172 2237
2172 2238
2172 2239
2173 2174
2173 2239
2173 2240
2174 2240
2174 2241
2175 2176
2175 2241
2176 2242
2177 2178
2177 2242
2177 2243
2177 2244
2178 2179
2178 2243
2178 2244
2178 2245
2179 2180
2179 2244
2179 2245
2180 2181
2180 2245
2180 2246
2181 2246
2181 2247
2182 2183
2182 2247
2182 2248
2182 2249
2183 2184
2183 2248
2183 2249
2183 2250
2184 2185
2184 2249
2184 2250
2184 2251
2185 2186
2185 2250
2185 2251
2186 2187
2186 2251
2186 2252
2187 2188
2187 2252
2187 2253
2188 2252
2188 2253
2188 2254
2189 2190
2189 2254
2189 2255
2189 2256
2190 2191
2190 2255
2190 2256
2190 2257
2191 2192
2191 2256
2191 2257
2191 2258
2192 2193
2192 2257
2192 2258
2192 2259
2193 2194
2193 2258
2193 2259
2193 2260
2194 2195
2194 2259
2194 2260
2194 2261
2195 2196
2195 2260
2195 2261
2196 2197
2196 2261
2196 2262
2197 2198
2197 2262
2197 2263
2198 2199
2198 2262
2198 2263
2199 2200
2199 2263
2199 2264
2200 2201
2200 2264
2201 2202
2201 2264
2202 2203
2204 2205
2204 2265
2204 2266
2205 2206
2205 2265
2205 2266
2205 2267
2206 2266
2206 2267
2206 2268
2207 2208
2207 2268
2207 2269
2208 2209
2208 2269
2208 2270
2209 2210
2209 2269
2209 2270
2209 2271
2210 2211
2210 2270
2210 2271
2210 2272
2211 2212
2211 2271
2211 2272
2211 2273
2212 2213
2212 2272
2212 2273
2213 2273
2213 2274
2214 2215
2214 2275
2214 2276
2215 2216
2215 2275
2215 2276
2215 2277
2216 2217
2216 2276
2216 2277
2216 2278
2217 2218
2217 2277
2217 2278
2217 2279
2218 2219
2218 2278
2218 2279
2218 2280
2219 2279
2219 2280
2220 2221
2220 2281
2220 2282
2220 2283
2221 2222
2221 2282
2221 2283
2222 2283
2222 2284
2223 2224
2223 2284
2223 2285
2224 2285
2225 2226
2225 2286
2225 2287
2225 2288
2226 2287
2226 2288
2226 2289
2227 2228
2227 2289
2227 2290
2227 2291
2228 2229
2228 2290
2228 2291
2228 2292
2229 2230
2229 2291
2229 2292
2229 2293
2230 2231
2230 2292
2230 2293
2230 2294
2231 2232
2231 2293
2231 2294
2231 2295
2232 2233
2232 2294
2232 2295
2232 2296
2233 2234
2233 2295
2233 2296
2233 2297
2234 2235
2234 2296
2234 2297
2234 2298
2235 2236
2235 2297
2235 2298
2236 2237
2236 2298
2236 2299
2237 2238
2237 2299
2237 2300
2238 2239
2238 2299
2238 2300
2238 2301
2239 2300
2239 2301
2239 2302
2240 2241
2240 2302
2240 2303
2240 2304
2241 2303
2241 2304
2241 2305
2242 2243
2242 2306
2242 2307
2242 2308
2243 2244
2243 2307
2243 2308
2244 2245
2244 2308
2244 2309
2245 2309
2245 2310
2246 2247
2246 2310
2246 2311
2246 2312
2247 2248
2247 2311
2247 2312
2247 2313
2248 2249
2248 2312
2248 2313
2248 2314
2249 2250
2249 2313
2249 2314
2250 2251
2250 2314
2250 2315
2251 2315
2251 2316
2252 2253
2252 2316
2252 2317
2252 2318
2253 2254
2253 2317
2253 2318
2253 2319
2254 2255
2254 2318
2254 2319
2255 2256
2255 2319
2255 2320
2256 2257
2256 2320
2256 2321
2257 2258
2257 2320
2257 2321
2257 2322
2258 2259
2258 2321
2258 2322
2258 2323
2259 2260
2259 2322
2259 2323
2259 2324
2260 2261
2260 2323
2260 2324
2261 2324
2261 2325
2262 2263
2262 2325
2262 2326
2262 2327
2263 2326
2263 2327
2263 2328
2264 2328
2264 2329
2264 2330
2265 2266
2265 2332
2265 2333
2266 2267
2266 2332
2266 2333
2266 2334
2267 2268
2267 2333
2267 2334
2268 2334
2268 2335
2269 2270
2269 2335
2269 2336
2269 2337
2270 2271
2270 2336
2270 2337
2271 2272
2271 2337
2271 2338
2272 2273
2272 2338
2272 2339
2273 2338
2273 2339
2273 2340
2274 2340
2274 2341
2274 2342
2275 2276
2275 2342
2275 2343
2275 2344
2276 2277
2276 2343
2276 2344
2277 2278
2277 2344
2277 2345
2278 2279
2278 2345
2278 2346
2279 2280
2279 2345
2279 2346
2280 2346
2280 2347
2281 2282
2281 2347
2281 2348
2281 2349
2282 2283
2282 2348
2282 2349
2283 2349
2283 2350
2284 2285
2284 2350
2284 2351
2285 2351
2286 2287
2286 2352
2286 2353
2286 2354
2287 2288
2287 2353
2287 2354
2287 2355
2288 2289
2288 2354
2288 2355
2288 2356
2289 2290
2289 2355
2289 2356
2289 2357
2290 2291
2290 2356
2290 2357
2291 2292
2291 2357
2291 2358
2292 2293
2292 2358
2292 2359
2293 2294
2293 2358
2293 2359
2293 2360
2294 2295
2294 2359
2294 2360
2294 2361
2295 2296
2295 2360
2295 2361
2295 2362
2296 2297
2296 2361
2296 2362
2297 2298
2297 2362
2297 2363
2298 2363
2298 2364
2299 2300
2299 2364
2299 2365
2299 2366
2300 2301
2300 2365
2300 2366
2300 2367
2301 2302
2301 2366
2301 2367
2302 2303
2302 2367
2303 2304
2303 2368
2304 2305
2304 2368
2305 2306
2305 2368
2305 2369
2306 2307
2306 2369
2306 2370
2307 2308
2307 2369
2307 2370
2307 2371
2308 2370
2308 2371
2308 2372
2309 2310
2309 2372
2309 2373
2309 2374
2310 2311
2310 2373
2310 2374
2310 2375
2311 2312
2311 2374
2311 2375
2311 2376
2312 2313
2312 2375
2312 2376
2313 2314
2313 2376
2313 2377
2314 2377
2314 2378
2315 2316
2315 2378
2315 2379
2315 2380
2316 2317
2316 2379
2316 2380
2316 2381
2317 2318
2317 2380
2317 2381
2317 2382
2318 2319
2318 2381
2318 2382
2318 2383
2319 2382
2319 2383
2320 2321
2320 2384
2320 2385
2321 2322
2321 2384
2321 2385
2321 2386
2322 2323
2322 2385
2322 2386
2322 2387
2323 2324
2323 2386
2323 2387
2324 2387
2325 2326
2325 2388
2326 2327
2326 2388
2326 2389
2327 2328
2327 2388
2327 2389
2327 2390
2328 2329
2328 2389
2328 2390
2328 2391
2329 2330
2329 2390
2329 2391
2329 2392
2330 2391
2330 2392
2330 2393
2331 2393
2331 2394
2332 2333
2332 2395
2333 2334
2333 2395
2333 2396
2334 2396
2334 2397
2335 2336
2335 2397
2335 2398
2335 2399
2336 2337
2336 2398
2336 2399
2336 2400
2337 2399
2337 2400
2337 2401
2338 2339
2338 2401
2339 2340
2340 2341
2340 2402
2341 2342
2341 2402
2341 2403
2342 2343
2342 2402
2342 2403
2342 2404
2343 2344
2343 2403
2343 2404
2344 2404
2344 2405
2345 2346
2345 2405
2345 2406
2346 2406
2346 2407
2347 2348
2347 2407
2347 2408
2347 2409
2348 2349
2348 2408
2348 2409
2348 2410
2349 2409
2349 2410
2349 2411
2350 2351
2350 2411
2350 2412
2351 2412
2352 2353
2352 2413
2352 2414
2353 2354
2353 2414
2353 2415
2354 2355
2354 2414
2354 2415
2355 2356
2355 2415
2355 2416
2356 2357
2356 2416
2356 2417
2357 2416
2357 2417
2357 2418
2358 2359
2358 2418
2358 2419
2359 2360
2359 2419
2359 2420
2360 2361
2360 2419
2360 2420
2360 2421
2361 2362
2361 2420
2361 2421
2361 2422
2362 2421
2362 2422
2362 2423
2363 2364
2363 2423
2363 2424
2363 2425
2364 2365
2364 2424
2364 2425
2364 2426
2365 2366
2365 2425
2365 2426
2365 2427
2366 2367
2366 2426
2366 2427
2366 2428
2367 2427
2367 2428
2367 2429
2368 2430
2368 2431
2369 2370
2369 2431
2369 2432
2369 2433
2370 2371
2370 2432
2370 2433
2370 2434
2371 2372
2371 2433
2371 2434
2371 2435
2372 2373
2372 2434
2372 2435
2372 2436
2373 2374
2373 2435
2373 2436
2373 2437
2374 2375
2374 2436
2374 2437
2374 2438
2375 2376
2375 2437
2375 2438
2375 2439
2376 2438
2376 2439
2377 2378
2377 2440
2378 2379
2378 2440
2378 2441
2379 2380
2379 2441
2379 2442
2380 2381
2380 2441
2380 2442
2380 2443
2381 2382
2381 2442
2381 2443
2381 2444
2382 2383
2382 2443
2382 2444
2382 2445
2383 2444
2383 2445
2384 2385
2384 2446
2384 2447
2385 2386
2385 2446
2385 2447
2386 2387
2386 2447
2386 2448
2387 2448
2387 2449
2388 2389
2388 2451
2388 2452
2388 2453
2389 2390
2389 2452
2389 2453
2389 2454
2390 2391
2390 2453
2390 2454
2390 2455
2391 2392
2391 2454
2391 2455
2392 2393
2392 2455
2392 2456
2393 2394
2393 2456
2393 2457
2394 2456
2394 2457
2396 2397
2396 2458
2397 2398
2397 2458
2397 2459
2398 2399
2398 2459
2399 2400
2399 2459
2400 2401
2400 2460
2401 2460
2402 2403
2402 2462
2402 2463
2402 2464
2403 2404
2403 2463
2403 2464
2403 2465
2404 2464
2404 2465
2405 2466
2405 2467
2406 2407
2406 2467
2406 2468
2406 2469
2407 2408
2407 2468
2407 2469
2408 2409
2408 2469
2409 2410
2409 2470
2410 2411
2410 2470
2410 2471
2411 2470
2411 2471
2411 2472
2412 2472
2412 2473
2412 2474
2413 2474
2413 2475
2414 2415
2414 2476
2415 2476
2415 2477
2416 2417
2416 2477
2416 2478
2416 2479
2417 2418
2417 2478
2417 2479
2417 2480
2418 2479
2418 2480
2418 2481
2419 2420
2419 2481
2419 2482
2420 2421
2420 2482
2421 2422
2421 2482
2421 2483
2422 2423
2422 2483
2422 2484
2423 2424
2423 2483
2423 2484
2423 2485
2424 2425
2424 2484
2424 2485
2424 2486
2425 2426
2425 2485
2425 2486
2425 2487
2426 2427
2426 2486
2426 2487
2426 2488
2427 2428
2427 2487
2427 2488
2427 2489
2428 2429
2428 2488
2428 2489
2428 2490
2429 2430
2429 2489
2429 2490
2429 2491
2430 2490
2430 2491
2430 2492
2431 2432
2431 2492
2431 2493
2432 2433
2432 2493
2432 2494
2433 2434
2433 2494
2433 2495
2434 2435
2434 2494
2434 2495
2434 2496
2435 2436
2435 2495
2435 2496
2435 2497
2436 2437
2436 2496
2436 2497
2436 2498
2437 2438
2437 2497
2437 2498
2437 2499
2438 2439
2438 2498
2438 2499
2438 2500
2439 2499
2439 2500
2439 2501
2440 2501
2440 2502
2441 2442
2441 2502
2441 2503
2441 2504
2442 2443
2442 2503
2442 2504
2442 2505
2443 2444
2443 2504
2443 2505
2443 2506
2444 2445
2444 2505
2444 2506
2444 2507
2445 2506
2445 2507
2445 2508
2446 2447
2446 2508
2446 2509
2446 2510
2447 2509
2447 2510
2447 2511
2448 2449
2448 2511
2448 2512
2448 2513
2449 2450
2449 2512
2449 2513
2449 2514
2450 2451
2450 2513
2450 2514
2450 2515
2451 2452
2451 2514
2451 2515
2452 2453
2452 2515
2452 2516
2453 2454
2453 2516
2453 2517
2454 2455
2454 2516
2454 2517
2455 2517
2455 2518
2456 2457
2456 2518
2456 2519
2457 2519
2458 2521
2458 2522
2459 2522
2459 2523
2460 2524
2460 2525
2460 2526
2461 2462
2461 2526
2461 2527
2461 2528
2462 2463
2462 2527
2462 2528
2463 2464
2463 2528
2463 2529
2464 2465
2464 2529
2464 2530
2465 2529
2465 2530
2466 2467
2466 2531
2466 2532
2467 2468
2467 2531
2467 2532
2467 2533
2468 2469
2468 2532
2468 2533
2469 2533
2469 2534
2470 2471
2470 2535
2470 2536
2470 2537
2471 2472
2471 2536
2471 2537
2471 2538
2472 2473
2472 2537
2472 2538
2472 2539
2473 2474
2473 2538
2473 2539
2473 2540
2474 2475
2474 2539
2474 2540
2474 2541
2475 2540
2475 2541
2475 2542
2476 2542
2476 2543
2476 2544
2477 2478
2477 2544
2477 2545
2478 2479
2478 2545
2478 2546
2479 2480
2479 2545
2479 2546
2480 2481
2480 2546
2481 2547
2482 2547
2482 2548
2482 2549
2483 2484
2483 2549
2483 2550
2483 2551
2484 2485
2484 2550
2484 2551
2484 2552
2485 2486
2485 2551
2485 2552
2485 2553
2486 2487
2486 2552
2486 2553
2486 2554
2487 2488
2487 2553
2487 2554
2487 2555
2488 2489
2488 2554
2488 2555
2488 2556
2489 2490
2489 2555
2489 2556
2489 2557
2490 2491
2490 2556
2490 2557
2490 2558
2491 2492
2491 2557
2491 2558
2491 2559
2492 2493
2492 2558
2492 2559
2492 2560
2493 2559
2493 2560
2493 2561
2494 2495
2494 2561
2494 2562
2494 2563
2495 2496
2495 2562
2495 2563
2495 2564
2496 2497
2496 2563
2496 2564
2497 2498
2497 2564
2497 2565
2498 2499
2498 2565
2498 2566
2499 2500
2499 2565
2499 2566
2499 2567
2500 2501
2500 2566
2500 2567
2500 2568
2501 2567
2501 2568
2501 2569
2502 2503
2502 2569
2502 2570
2503 2504
2503 2570
2503 2571
2504 2505
2504 2570
2504 2571
2504 2572
2505 2506
2505 2571
2505 2572
2506 2507
2506 2572
2506 2573
2507 2508
2507 2573
2508 2509
2508 2573
2508 2574
2509 2510
2509 2574
2510 2511
2510 2574
2510 2575
2511 2512
2511 2575
2511 2576
2512 2513
2512 2575
2512 2576
2513 2514
2513 2576
2513 2577
2514 2515
2514 2577
2514 2578
2515 2577
2515 2578
2515 2579
2516 2517
2516 2579
2516 2580
2516 2581
2517 2580
2517 2581
2517 2582
2518 2519
2518 2582
2518 2583
2518 2584
2519 2583
2519 2584
2520 2585
2520 2586
2521 2522
2521 2586
2521 2587
2522 2523
2522 2587
2522 2588
2523 2588
2523 2589
2524 2525
2524 2589
2524 2590
2524 2591
2525 2526
2525 2590
2525 2591
2525 2592
2526 2527
2526 2591
2526 2592
2526 2593
2527 2528
2527 2592
2527 2593
2527 2594
2528 2593
2528 2594
2528 2595
2529 2530
2529 2595
2529 2596
2529 2597
2530 2596
2530 2597
2530 2598
2531 2532
2531 2598
2531 2599
2531 2600
2532 2533
2532 2599
2532 2600
2532 2601
2533 2600
2533 2601
2534 2535
2534 2602
2534 2603
2535 2536
2535 2602
2535 2603
2535 2604
2536 2537
2536 2603
2536 2604
2536 2605
2537 2538
2537 2604
2537 2605
2537 2606
2538 2539
2538 2605
2538 2606
2538 2607
2539 2540
2539 2606
2539 2607
2539 2608
2540 2541
2540 2607
2540 2608
2540 2609
2541 2542
2541 2608
2541 2609
2542 2543
2542 2609
2542 2610
2543 2544
2543 2610
2543 2611
2544 2610
2544 2611
2544 2612
2545 2546
2545 2612
2545 2613
2545 2614
2546 2613
2546 2614
2546 2615
2547 2548
2547 2616
2547 2617
2548 2549
2548 2617
2549 2550
2549 2618
2550 2551
2550 2618
2550 2619
2551 2552
2551 2618
2551 2619
2552 2553
2552 2619
2552 2620
2553 2554
2553 2620
2553 2621
2554 2555
2554 2620
2554 2621
2555 2556
2555 2621
2555 2622
2556 2557
2556 2622
2556 2623
2557 2558
2557 2622
2557 2623
2558 2559
2558 2623
2559 2560
2559 2624
2560 2561
2560 2624
2561 2562
2561 2624
2562 2563
2562 2625
2563 2564
2563 2625
2564 2625
2564 2626
2565 2566
2565 2626
2565 2627
2566 2567
2566 2627
2566 2628
2567 2568
2567 2627
2567 2628
2567 2629
2568 2569
2568 2628
2568 2629
2568 2630
2569 2629
2569 2630
2569 2631
2570 2571
2570 2631
2570 2632
2571 2572
2571 2632
2571 2633
2572 2633
2572 2634
2573 2634
2573 2635
2573 2636
2574 2636
2574 2637
2574 2638
2575 2576
2575 2638
2575 2639
2576 2639
2576 2640
2577 2578
2577 2640
2577 2641
2578 2579
2578 2641
2578 2642
2579 2580
2579 2642
2579 2643
2580 2581
2580 2642
2580 2643
2580 2644
2581 2582
2581 2643
2581 2644
2582 2583
2582 2644
2582 2645
2583 2584
2583 2645
2583 2646
2584 2645
2584 2646
2585 2586
2585 2647
2585 2648
2586 2587
2586 2647
2586 2648
2586 2649
2587 2648
2587 2649
2587 2650
2588 2589
2588 2650
2588 2651
2589 2590
2589 2651
2589 2652
2590 2591
2590 2651
2590 2652
2590 2653
2591 2592
2591 2652
2591 2653
2591 2654
2592 2593
2592 2653
2592 2654
2593 2594
2593 2654
2593 2655
2594 2595
2594 2655
2595 2596
2595 2655
2595 2656
2596 2597
2596 2656
2596 2657
2597 2598
2597 2656
2597 2657
2597 2658
2598 2599
2598 2657
2598 2658
2598 2659
2599 2600
2599 2658
2599 2659
2599 2660
2600 2601
2600 2659
2600 2660
2600 2661
2601 2660
2601 2661
2601 2662
2602 2603
2602 2662
2602 2663
2603 2604
2603 2663
2603 2664
2604 2605
2604 2664
2605 2606
2605 2664
2605 2665
2606 2607
2606 2665
2606 2666
2607 2608
2607 2665
2607 2666
2607 2667
2608 2609
2608 2666
2608 2667
2608 2668
2609 2667
2609 2668
2609 2669
2610 2611
2610 2669
2610 2670
2610 2671
2611 2612
2611 2670
2611 2671
2612 2613
2612 2671
2612 2672
2613 2614
2613 2672
2613 2673
2614 2615
2614 2672
2614 2673
2614 2674
2615 2616
2615 2673
2615 2674
2616 2617
2616 2674
2616 2675
2617 2675
2617 2676
2618 2619
2618 2677
2618 2678
2619 2678
2619 2679
2620 2621
2620 2679
2620 2680
2620 2681
2621 2680
2621 2681
2621 2682
2622 2623
2622 2682
2622 2683
2623 2683
2623 2684
2624 2685
2624 2686
2624 2687
2625 2688
2625 2689
2625 2690
2626 2690
2626 2691
2627 2628
2627 2691
2627 2692
2628 2629
2628 2692
2629 2630
2629 2692
2629 2693
2630 2631
2630 2693
2630 2694
2631 2632
2631 2693
2631 2694
2632 2694
2632 2695
2633 2634
2633 2695
2633 2696
2633 2697
2634 2635
2634 2696
2634 2697
2634 2698
2635 2636
2635 2697
2635 2698
2635 2699
2636 2637
2636 2698
2636 2699
2636 2700
2637 2638
2637 2699
2637 2700
2637 2701
2638 2639
2638 2700
2638 2701
2638 2702
2639 2701
2639 2702
2639 2703
2640 2641
2640 2703
2640 2704
2640 2705
2641 2704
2641 2705
2641 2706
2642 2643
2642 2706
2642 2707
2643 2644
2643 2707
2643 2708
2644 2708
2644 2709
2645 2646
2645 2709
2645 2710
2645 2711
2646 2710
2646 2711
2646 2712
2647 2648
2647 2713
2648 2649
2648 2713
2648 2714
2649 2650
2649 2713
2649 2714
2649 2715
2650 2714
2650 2715
2651 2652
2651 2716
2651 2717
2652 2653
2652 2716
2652 2717
2652 2718
2653 2654
2653 2717
2653 2718
2653 2719
2654 2718
2654 2719
2654 2720
2655 2720
2655 2721
2655 2722
2656 2657
2656 2722
2656 2723
2657 2658
2657 2723
2658 2659
2658 2724
2659 2660
2659 2724
2659 2725
2660 2661
2660 2724
2660 2725
2660 2726
2661 2662
2661 2725
2661 2726
2661 2727
2662 2663
2662 2726
2662 2727
2662 2728
2663 2727
2663 2728
2663 2729
2664 2729
2664 2730
2664 2731
2665 2666
2665 2731
2665 2732
2666 2667
2666 2732
2666 2733
2667 2668
2667 2733
2667 2734
2668 2669
2668 2733
2668 2734
2668 2735
2669 2670
2669 2734
2669 2735
2669 2736
2670 2671
2670 2735
2670 2736
2670 2737
2671 2736
2671 2737
2671 2738
2672 2673
2672 2738
2672 2739
2673 2674
2673 2739
2674 2740
2675 2676
2675 2740
2675 2741
2675 2742
2676 2677
2676 2741
2676 2742
2676 2743
2677 2742
2677 2743
2677 2744
2678 2679
2678 2744
2678 2745
2679 2680
2679 2745
2679 2746
2680 2681
2680 2746
2680 2747
2681 2682
2681 2746
2681 2747
2681 2748
2682 2683
2682 2747
2682 2748
2683 2748
2683 2749
2684 2685
2684 2749
2684 2750
2685 2686
2685 2750
2686 2687
2686 2750
2686 2751
2687 2688
2687 2751
2687 2752
2688 2689
2688 2751
2688 2752
2688 2753
2689 2690
2689 2752
2689 2753
2689 2754
2690 2753
2690 2754
2690 2755
2691 2755
2691 2756
2692 2757
2692 2758
2693 2694
2693 2758
2693 2759
2693 2760
2694 2759
2694 2760
2694 2761
2695 2696
2695 2761
2695 2762
2695 2763
2696 2697
2696 2762
2696 2763
2696 2764
2697 2698
2697 2763
2697 2764
2698 2699
2698 2764
2698 2765
2699 2700
2699 2765
2699 2766
2700 2701
2700 2765
2700 2766
2700 2767
2701 2702
2701 2766
2701 2767
2702 2703
2702 2767
2702 2768
2703 2704
2703 2768
2703 2769
2704 2705
2704 2768
2704 2769
2704 2770
2705 2706
2705 2769
2705 2770
2705 2771
2706 2707
2706 2770
2706 2771
2706 2772
2707 2771
2707 2772
2708 2709
2708 2773
2708 2774
2709 2710
2709 2773
2709 2774
2710 2711
2710 2774
2710 2775
2711 2712
2711 2775
2712 2775
2713 2714
2713 2776
2713 2777
2713 2778
2714 2715
2714 2777
2714 2778
2715 2778
2715 2779
2716 2717
2716 2779
2716 2780
2716 2781
2717 2718
2717 2780
2717 2781
2718 2719
2718 2781
2718 2782
2719 2720
2719 2782
2719 2783
2720 2721
2720 2782
2720 2783
2721 2722
2721 2783
2721 2784
2722 2723
2722 2784
2722 2785
2723 2784
2723 2785
2723 2786
2724 2725
2724 2787
2724 2788
2724 2789
2725 2726
2725 2788
2725 2789
2725 2790
2726 2727
2726 2789
2726 2790
2726 2791
2727 2728
2727 2790
2727 2791
2727 2792
2728 2729
2728 2791
2728 2792
2729 2730
2729 2792
2729 2793
2730 2731
2730 2793
2731 2732
2731 2793
2731 2794
2732 2794
2732 2795
2733 2734
2733 2795
2733 2796
2733 2797
2734 2735
2734 2796
2734 2797
2735 2736
2735 2797
2735 2798
2736 2737
2736 2798
2736 2799
2737 2738
2737 2798
2737 2799
2737 2800
2738 2739
2738 2799
2738 2800
2738 2801
2739 2800
2739 2801
2739 2802
2740 2741
2740 2803
2740 2804
2741 2742
2741 2804
2741 2805
2742 2743
2742 2805
2742 2806
2743 2744
2743 2805
2743 2806
2743 2807
2744 2745
2744 2806
2744 2807
2745 2807
2746 2747
2746 2808
2747 2748
2747 2808
2747 2809
2748 2809
2748 2810
2749 2810
2749 2811
2750 2812
2750 2813
2751 2752
2751 2813
2751 2814
2751 2815
2752 2753
2752 2814
2752 2815
2752 2816
2753 2754
2753 2815
2753 2816
2754 2755
2754 2816
2754 2817
2755 2756
2755 2817
2755 2818
2756 2817
2756 2818
2757 2758
2757 2819
2757 2820
2758 2759
2758 2819
2758 2820
2758 2821
2759 2760
2759 2820
2759 2821
2760 2761
2760 2821
2760 2822
2761 2762
2761 2822
2761 2823
2762 2763
2762 2822
2762 2823
2762 2824
2763 2764
2763 2823
2763 2824
2763 2825
2764 2824
2764 2825
2764 2826
2765 2766
2765 2826
2765 2827
2766 2767
2766 2827
2766 2828
2767 2828
2767 2829
2768 2769
2768 2829
2768 2830
2769 2770
2769 2830
2769 2831
2770 2771
2770 2830
2770 2831
2770 2832
2771 2772
2771 2831
2771 2832
2771 2833
2772 2832
2772 2833
2772 2834
2773 2774
2773 2834
2773 2835
2774 2835
2774 2836
2775 2836
2776 2777
2776 2837
2776 2838
2777 2778
2777 2837
2777 2838
2777 2839
2778 2838
2778 2839
2778 2840
2779 2780
2779 2840
2779 2841
2780 2781
2780 2841
2780 2842
2781 2841
2781 2842
2781 2843
2782 2783
2782 2843
2782 2844
2782 2845
2783 2844
2783 2845
2783 2846
2784 2785
2784 2846
2784 2847
2785 2786
2785 2847
2785 2848
2786 2787
2786 2847
2786 2848
2786 2849
2787 2788
2787 2848
2787 2849
2787 2850
2788 2789
2788 2849
2788 2850
2788 2851
2789 2790
2789 2850
2789 2851
2790 2791
2790 2851
2791 2792
2791 2852
2792 2852
2793 2853
2793 2854
2794 2795
2794 2854
2795 2796
2796 2797
2796 2855
2797 2855
2797 2856
2798 2799
2798 2856
2798 2857
2798 2858
2799 2800
2799 2857
2799 2858
2799 2859
2800 2801
2800 2858
2800 2859
2800 2860
2801 2802
2801 2859
2801 2860
2801 2861
2802 2803
2802 2860
2802 2861
2802 2862
2803 2804
2803 2861
2803 2862
2803 2863
2804 2862
2804 2863
2804 2864
2805 2806
2805 2864
2805 2865
2805 2866
2806 2807
2806 2865
2806 2866
2806 2867
2807 2866
2807 2867
2807 2868
2808 2869
2808 2870
2808 2871
2809 2810
2809 2871
2809 2872
2810 2811
2810 2872
2812 2813
2812 2873
2812 2874
2813 2814
2813 2873
2813 2874
2813 2875
2814 2815
2814 2874
2814 2875
2814 2876
2815 2816
2815 2875
2815 2876
2815 2877
2816 2876
2816 2877
2816 2878
2817 2818
2817 2878
2817 2879
2817 2880
2818 2879
2818 2880
2818 2881
2819 2820
2819 2881
2819 2882
2819 2883
2820 2821
2820 2882
2820 2883
2820 2884
2821 2883
2821 2884
2821 2885
2822 2823
2822 2885
2822 2886
2822 2887
2823 2824
2823 2886
2823 2887
2823 2888
2824 2825
2824 2887
2824 2888
2824 2889
2825 2826
2825 2888
2825 2889
2825 2890
2826 2827
2826 2889
2826 2890
2826 2891
2827 2890
2827 2891
2828 2829
2828 2892
2828 2893
2829 2892
2829 2893
2829 2894
2830 2831
2830 2894
2830 2895
2831 2832
2831 2895
2831 2896
2832 2833
2832 2895
2832 2896
2832 2897
2833 2834
2833 2896
2833 2897
2834 2897
2834 2898
2835 2836
2835 2898
2835 2899
2836 2899
2836 2900
2837 2838
2837 2902
2837 2903
2838 2839
2838 2902
2838 2903
2838 2904
2839 2840
2839 2903
2839 2904
2839 2905
2840 2904
2840 2905
2840 2906
2841 2842
2841 2906
2841 2907
2841 2908
2842 2843
2842 2907
2842 2908
2843 2844
2843 2908
2843 2909
2844 2845
2844 2909
2844 2910
2845 2846
2845 2909
2845 2910
2845 2911
2846 2910
2846 2911
2846 2912
2847 2848
2847 2912
2847 2913
2847 2914
2848 2849
2848 2913
2848 2914
2848 2915
2849 2850
2849 2914
2849 2915
2849 2916
2850 2851
2850 2915
2850 2916
2851 2916
2851 2917
2852 2918
2852 2919
2853 2854
2853 2919
2853 2920
2853 2921
2854 2920
2854 2921
2854 2922
2855 2856
2855 2924
2855 2925
2855 2926
2856 2857
2856 2925
2856 2926
2856 2927
2857 2858
2857 2926
2857 2927
2858 2859
2858 2927
2858 2928
2859 2860
2859 2928
2859 2929
2860 2861
2860 2928
2860 2929
2860 2930
2861 2862
2861 2929
2861 2930
2861 2931
2862 2863
2862 2930
2862 2931
2862 2932
2863 2864
2863 2931
2863 2932
2863 2933
2864 2865
2864 2932
2864 2933
2864 2934
2865 2866
2865 2933
2865 2934
2865 2935
2866 2867
2866 2934
2866 2935
2866 2936
2867 2868
2867 2935
2867 2936
2867 2937
2868 2869
2868 2936
2868 2937
2868 2938
2869 2870
2869 2937
2869 2938
2869 2939
2870 2871
2870 2938
2870 2939
2870 2940
2871 2872
2871 2939
2871 2940
2871 2941
2872 2940
2872 2941
2872 2942
2873 2874
2873 2944
2873 2945
2873 2946
2874 2875
2874 2945
2874 2946
2875 2876
2875 2946
2875 2947
2876 2877
2876 2947
2876 2948
2877 2878
2877 2947
2877 2948
2877 2949
2878 2879
2878 2948
2878 2949
2878 2950
2879 2880
2879 2949
2879 2950
2879 2951
2880 2881
2880 2950
2880 2951
2880 2952
2881 2882
2881 2951
2881 2952
2881 2953
2882 2883
2882 2952
2882 2953
2883 2884
2883 2953
2883 2954
2884 2885
2884 2954
2884 2955
2885 2886
2885 2954
2885 2955
2885 2956
2886 2887
2886 2955
2886 2956
2886 2957
2887 2888
2887 2956
2887 2957
2887 2958
2888 2889
2888 2957
2888 2958
2888 2959
2889 2890
2889 2958
2889 2959
2890 2891
2890 2959
2891 2960
2892 2893
2892 2960
2892 2961
2893 2894
2893 2961
2895 2896
2895 2962
2895 2963
2896 2897
2896 2962
2896 2963
2896 2964
2897 2963
2897 2964
2897 2965
2898 2899
2898 2965
2898 2966
2898 2967
2899 2966
2899 2967
2899 2968
2900 2901
2900 2968
2900 2969
2900 2970
2901 2969
2901 2970
2902 2903
2902 2971
2902 2972
2903 2904
2903 2971
2903 2972
2903 2973
2904 2905
2904 2972
2904 2973
2904 2974
2905 2906
2905 2973
2905 2974
2906 2907
2906 2974
2906 2975
2907 2908
2907 2975
2907 2976
2908 2975
2908 2976
2909 2910
2909 2977
2910 2911
2910 2977
2911 2912
2911 2977
2911 2978
2912 2913
2912 2978
2912 2979
2913 2914
2913 2978
2913 2979
2913 2980
2914 2915
2914 2979
2914 2980
2914 2981
2915 2916
2915 2980
2915 2981
2915 2982
2916 2981
2916 2982
2916 2983
2917 2918
2917 2983
2917 2984
2918 2984
2919 2920
2919 2985
2919 2986
2920 2921
2920 2985
2920 2986
2920 2987
2921 2922
2921 2986
2921 2987
2921 2988
2922 2923
2922 2987
2922 2988
2922 2989
2923 2924
2923 2988
2923 2989
2924 2925
2924 2989
2924 2990
2925 2926
2925 2990
2925 2991
2926 2927
2926 2990
2926 2991
2926 2992
2927 2991
2927 2992
2927 2993
2928 2929
2928 2993
2928 2994
2928 2995
2929 2930
2929 2994
2929 2995
2930 2931
2930 2995
2930 2996
2931 2932
2931 2996
2931 2997
2932 2933
2932 2996
2932 2997
2933 2934
2933 2997
2934 2935
2934 2998
2935 2936
2935 2998
2935 2999
2936 2937
2936 2998
2936 2999
2936 3000
2937 2938
2937 2999
2937 3000
2938 2939
2938 3000
2939 2940
2939 3001
2940 2941
2940 3001
2940 3002
2941 2942
2941 3001
2941 3002
2941 3003
2942 2943
2942 3002
2942 3003
2942 3004
2943 2944
2943 3003
2943 3004
2943 3005
2944 2945
2944 3004
2944 3005
2944 3006
2945 2946
2945 3005
2945 3006
2945 3007
2946 3006
2946 3007
2946 3008
2947 2948
2947 3008
2947 3009
2948 2949
2948 3009
2948 3010
2949 2950
2949 3010
2949 3011
2950 2951
2950 3010
2950 3011
2950 3012
2951 2952
2951 3011
2951 3012
2951 3013
2952 2953
2952 3012
2952 3013
2952 3014
2953 3013
2953 3014
2953 3015
2954 2955
2954 3015
2954 3016
2955 2956
2955 3016
2955 3017
2956 2957
2956 3017
2956 3018
2957 2958
2957 3017
2957 3018
2958 2959
2958 3018
2958 3019
2959 3019
2959 3020
2960 2961
2960 3021
2960 3022
2960 3023
2961 3022
2961 3023
2961 3024
2962 2963
2962 3026
2962 3027
2962 3028
2963 2964
2963 3027
2963 3028
2963 3029
2964 2965
2964 3028
2964 3029
2964 3030
2965 2966
2965 3029
2965 3030
2965 3031
2966 2967
2966 3030
2966 3031
2966 3032
2967 2968
2967 3031
2967 3032
2968 2969
2968 3032
2968 3033
2969 2970
2969 3033
2969 3034
2970 3033
2970 3034
2971 2972
2971 3035
2971 3036
2972 2973
2972 3035
2972 3036
2972 3037
2973 2974
2973 3036
2973 3037
2973 3038
2974 3037
2974 3038
2975 2976
2975 3039
2976 3039
2976 3040
2977 3041
2977 3042
2977 3043
2978 2979
2978 3043
2978 3044
2979 2980
2979 3044
2980 2981
2980 3044
2980 3045
2981 2982
2981 3045
2981 3046
2982 2983
2982 3045
2982 3046
2982 3047
2983 2984
2983 3046
2983 3047
2983 3048
2984 3047
2984 3048
2985 2986
2985 3049
2985 3050
2986 2987
2986 3050
2986 3051
2987 2988
2987 3050
2987 3051
2987 3052
2988 2989
2988 3051
2988 3052
2988 3053
2989 3052
2989 3053
2989 3054
2990 2991
2990 3054
2990 3055
2990 3056
2991 2992
2991 3055
2991 3056
2992 2993
2992 3056
2992 3057
2993 2994
2993 3057
2993 3058
2994 2995
2994 3057
2994 3058
2994 3059
2995 3058
2995 3059
2995 3060
2996 2997
2996 3060
2996 3061
2996 3062
2997 3061
2997 3062
2997 3063
2998 2999
2998 3064
2998 3065
2998 3066
2999 3000
2999 3065
2999 3066
2999 3067
3000 3066
3000 3067
3000 3068
3001 3002
3001 3069
3002 3003
3003 3004
3003 3070
3004 3005
3004 3070
3004 3071
3005 3006
3005 3070
3005 3071
3006 3007
3006 3071
3006 3072
3007 3008
3007 3072
3008 3009
3008 3072
3008 3073
3009 3073
3009 3074
3010 3011
3010 3074
3010 3075
3010 3076
3011 3012
3011 3075
3011 3076
3012 3013
3012 3076
3013 3014
3013 3077
3014 3015
3014 3077
3014 3078
3015 3016
3015 3077
3015 3078
3015 3079
3016 3078
3016 3079
3016 3080
3017 3018
3017 3080
3017 3081
3017 3082
3018 3081
3018 3082
3018 3083
3019 3020
3019 3083
3019 3084
3020 3021
3020 3084
3020 3085
3021 3022
3021 3085
3022 3023
3022 3085
3022 3086
3023 3024
3023 3086
3023 3087
3024 3025
3024 3086
3024 3087
3024 3088
3025 3026
3025 3087
3025 3088
3025 3089
3026 3027
3026 3088
3026 3089
3026 3090
3027 3028
3027 3089
3027 3090
3027 3091
3028 3029
3028 3090
3028 3091
3028 3092
3029 3030
3029 3091
3029 3092
3029 3093
3030 3031
3030 3092
3030 3093
3030 3094
3031 3032
3031 3093
3031 3094
3031 3095
3032 3094
3032 3095
3032 3096
3033 3034
3033 3096
3033 3097
3033 3098
3034 3097
3034 3098
3035 3036
3035 3099
3036 3037
3036 3099
3036 3100
3037 3038
3037 3100
3037 3101
3038 3100
3038 3101
3038 3102
3039 3040
3039 3103
3039 3104
3039 3105
3040 3041
3040 3104
3040 3105
3040 3106
3041 3042
3041 3105
3041 3106
3041 3107
3042 3043
3042 3106
3042 3107
3042 3108
3043 3107
3043 3108
3044 3109
3044 3110
3045 3046
3045 3110
3045 3111
3045 3112
3046 3047
3046 3111
3046 3112
3046 3113
3047 3048
3047 3112
3047 3113
3047 3114
3048 3113
3048 3114
3048 3115
3049 3115
3049 3116
3049 3117
3050 3051
3050 3117
3050 3118
3050 3119
3051 3052
3051 3118
3051 3119
3051 3120
3052 3053
3052 3119
3052 3120
3053 3054
3053 3120
3053 3121
3054 3055
3054 3121
3055 3056
3055 3121
3055 3122
3056 3122
3057 3058
3057 3123
3057 3124
3058 3059
3058 3123
3058 3124
3059 3060
3059 3124
3060 3061
3060 3125
3061 3062
3061 3125
3061 3126
3062 3063
3062 3125
3062 3126
3063 3064
3063 3126
3063 3127
3064 3065
3064 3127
3064 3128
3065 3066
3065 3127
3065 3128
3066 3067
3066 3128
3066 3129
3067 3068
3067 3129
3068 3069
3068 3129
3068 3130
3069 3130
3070 3071
3070 3131
3070 3132
3071 3132
3071 3133
3072 3133
3072 3134
3072 3135
3073 3074
3073 3135
3073 3136
3073 3137
3074 3075
3074 3136
3074 3137
3074 3138
3075 3076
3075 3137
3075 3138
3076 3138
3076 3139
3077 3078
3077 3140
3077 3141
3077 3142
3078 3079
3078 3141
3078 3142
3078 3143
3079 3080
3079 3142
3079 3143
3079 3144
3080 3081
3080 3143
3080 3144
3081 3082
3081 3144
3081 3145
3082 3083
3082 3145
3082 3146
3083 3084
3083 3145
3083 3146
3084 3146
3084 3147
3085 3147
3085 3148
3086 3087
3086 3148
3086 3149
3086 3150
3087 3088
3087 3149
3087 3150
3087 3151
3088 3089
3088 3150
3088 3151
3089 3090
3089 3151
3089 3152
3090 3091
3090 3152
3090 3153
3091 3092
3091 3152
3091 3153
3091 3154
3092 3093
3092 3153
3092 3154
3092 3155
3093 3094
3093 3154
3093 3155
3093 3156
3094 3095
3094 3155
3094 3156
3095 3096
3095 3156
3095 3157
3096 3097
3096 3157
3096 3158
3097 3098
3097 3157
3097 3158
3097 3159
3098 3158
3098 3159
3099 3160
3099 3161
3100 3101
3100 3161
3100 3162
3100 3163
3101 3102
3101 3162
3101 3163
3101 3164
3102 3103
3102 3163
3102 3164
3102 3165
3103 3104
3103 3164
3103 3165
3103 3166
3104 3105
3104 3165
3104 3166
3104 3167
3105 3106
3105 3166
3105 3167
3105 3168
3106 3107
3106 3167
3106 3168
3106 3169
3107 3108
3107 3168
3107 3169
3108 3169
3109 3110
3109 3170
3109 3171
3110 3111
3110 3170
3110 3171
3110 3172
3111 3112
3111 3171
3111 3172
3111 3173
3112 3113
3112 3172
3112 3173
3113 3114
3113 3173
3113 3174
3114 3115
3114 3174
3114 3175
3115 3116
3115 3174
3115 3175
3115 3176
3116 3117
3116 3175
3116 3176
3117 3118
3117 3176
3117 3177
3118 3119
3118 3177
3118 3178
3119 3120
3119 3177
3119 3178
3119 3179
3120 3178
3120 3179
3120 3180
3121 3180
3121 3181
3121 3182
3122 3182
3122 3183
3123 3124
3123 3184
3123 3185
3124 3184
3124 3185
3124 3186
3125 3126
3125 3187
3125 3188
3125 3189
3126 3188
3126 3189
3127 3128
3127 3190
3127 3191
3128 3190
3128 3191
3128 3192
3129 3192
3129 3193
3130 3193
3130 3194
3130 3195
3131 3196
3131 3197
3131 3198
3132 3133
3132 3198
3132 3199
3132 3200
3133 3134
3133 3199
3133 3200
3133 3201
3134 3135
3134 3200
3134 3201
3134 3202
3135 3136
3135 3201
3135 3202
3135 3203
3136 3137
3136 3202
3136 3203
3136 3204
3137 3138
3137 3203
3137 3204
3137 3205
3138 3204
3138 3205
3138 3206
3139 3140
3139 3206
3139 3207
3139 3208
3140 3141
3140 3207
3140 3208
3140 3209
3141 3142
3141 3208
3141 3209
3141 3210
3142 3143
3142 3209
3142 3210
3142 3211
3143 3144
3143 3210
3143 3211
3143 3212
3144 3211
3144 3212
3144 3213
3145 3146
3145 3213
3145 3214
3145 3215
3146 3214
3146 3215
3148 3149
3148 3216
3148 3217
3149 3150
3149 3216
3149 3217
3150 3151
3150 3217
3150 3218
3151 3218
3152 3153
3152 3219
3152 3220
3153 3154
3153 3219
3153 3220
3153 3221
3154 3155
3154 3220
3154 3221
3154 3222
3155 3156
3155 3221
3155 3222
3155 3223
3156 3222
3156 3223
3156 3224
3157 3158
3157 3224
3157 3225
3157 3226
3158 3159
3158 3225
3158 3226
3158 3227
3159 3226
3159 3227
3160 3161
3160 3228
3161 3162
3161 3228
3161 3229
3162 3163
3162 3228
3162 3229
3162 3230
3163 3164
3163 3229
3163 3230
3164 3165
3164 3230
3164 3231
3165 3166
3165 3231
3166 3167
3166 3231
3166 3232
3167 3168
3167 3232
3167 3233
3168 3169
3168 3232
3168 3233
3168 3234
3169 3233
3169 3234
3169 3235
3170 3171
3170 3236
3170 3237
3170 3238
3171 3172
3171 3237
3171 3238
3171 3239
3172 3173
3172 3238
3172 3239
3173 3239
3173 3240
3174 3175
3174 3240
3174 3241
3174 3242
3175 3176
3175 3241
3175 3242
3176 3242
3176 3243
3177 3178
3177 3243
3177 3244
3178 3179
3178 3244
3178 3245
3179 3180
3179 3244
3179 3245
3179 3246
3180 3181
3180 3245
3180 3246
3181 3182
3181 3246
3181 3247
3182 3183
3182 3247
3182 3248
3183 3247
3183 3248
3183 3249
3184 3185
3184 3249
3185 3186
3185 3250
3186 3187
3186 3250
3186 3251
3187 3188
3187 3250
3187 3251
3187 3252
3188 3189
3188 3251
3188 3252
3188 3253
3189 3252
3189 3253
3189 3254
3190 3191
3190 3254
3190 3255
3190 3256
3191 3192
3191 3255
3191 3256
3191 3257
3192 3256
3192 3257
3192 3258
3193 3194
3193 3258
3193 3259
3194 3195
3194 3259
3194 3260
3195 3196
3195 3259
3195 3260
3195 3261
3196 3197
3196 3260
3196 3261
3196 3262
3197 3198
3197 3261
3197 3262
3197 3263
3198 3199
3198 3262
3198 3263
3199 3200
3199 3263
3199 3264
3200 3201
3200 3264
3200 3265
3201 3202
3201 3264
3201 3265
3201 3266
3202 3203
3202 3265
3202 3266
3202 3267
3203 3204
3203 3266
3203 3267
3203 3268
3204 3205
3204 3267
3204 3268
3204 3269
3205 3206
3205 3268
3205 3269
3205 3270
3206 3207
3206 3269
3206 3270
3206 3271
3207 3208
3207 3270
3207 3271
3207 3272
3208 3209
3208 3271
3208 3272
3208 3273
3209 3210
3209 3272
3209 3273
3210 3211
3210 3273
3210 3274
3211 3212
3211 3274
3211 3275
3212 3213
3212 3274
3212 3275
3212 3276
3213 3214
3213 3275
3213 3276
3213 3277
3214 3215
3214 3276
3214 3277
3215 3277
3215 3278
3216 3217
3216 3280
3216 3281
3216 3282
3217 3281
3217 3282
3217 3283
3218 3283
3218 3284
3219 3220
3219 3285
3220 3221
3220 3285
3220 3286
3221 3222
3221 3285
3221 3286
3222 3223
3222 3286
3222 3287
3223 3224
3223 3287
3223 3288
3224 3225
3224 3287
3224 3288
3225 3226
3225 3288
3226 3227
3226 3289
3227 3289
3228 3229
3228 3290
3228 3291
3229 3230
3229 3290
3229 3291
3229 3292
3230 3291
3230 3292
3231 3293
3231 3294
3232 3233
3232 3294
3232 3295
3233 3234
3233 3295
3233 3296
3234 3235
3234 3296
3234 3297
3235 3236
3235 3296
3235 3297
3235 3298
3236 3237
3236 3297
3236 3298
3236 3299
3237 3238
3237 3298
3237 3299
3237 3300
3238 3239
3238 3299
3238 3300
3238 3301
3239 3300
3239 3301
3239 3302
3240 3241
3240 3302
3240 3303
3240 3304
3241 3242
3241 3303
3241 3304
3242 3304
3242 3305
3243 3305
3243 3306
3244 3245
3244 3306
3244 3307
3245 3246
3245 3307
3246 3307
3246 3308
3247 3248
3247 3308
3247 3309
3247 3310
3248 3249
3248 3309
3248 3310
3248 3311
3249 3310
3249 3311
3249 3312
3250 3251
3250 3313
3251 3252
3251 3314
3252 3253
3252 3314
3253 3254
3253 3314
3253 3315
3254 3255
3254 3315
3255 3256
3255 3315
3255 3316
3256 3257
3256 3316
3256 3317
3257 3258
3257 3316
3257 3317
3257 3318
3258 3317
3258 3318
3258 3319
3259 3260
3259 3319
3259 3320
3259 3321
3260 3261
3260 3320
3260 3321
3261 3262
3261 3321
3261 3322
3262 3263
3262 3322
3262 3323
3263 3322
3263 3323
3263 3324
3264 3265
3264 3324
3264 3325
3265 3266
3265 3325
3265 3326
3266 3267
3266 3325
3266 3326
3266 3327
3267 3268
3267 3326
3267 3327
3268 3269
3268 3327
3268 3328
3269 3270
3269 3328
3269 3329
3270 3271
3270 3328
3270 3329
3270 3330
3271 3272
3271 3329
3271 3330
3271 3331
3272 3273
3272 3330
3272 3331
3272 3332
3273 3331
3273 3332
3273 3333
3274 3275
3274 3333
3274 3334
3275 3276
3275 3334
3275 3335
3276 3277
3276 3334
3276 3335
3277 3335
3277 3336
3278 3279
3278 3336
3278 3337
3278 3338
3279 3280
3279 3337
3279 3338
3279 3339
3280 3281
3280 3338
3280 3339
3280 3340
3281 3282
3281 3339
3281 3340
3281 3341
3282 3283
3282 3340
3282 3341
3283 3284
3283 3341
3283 3342
3284 3342
3285 3286
3285 3343
3285 3344
3286 3344
3286 3345
3287 3288
3287 3345
3287 3346
3287 3347
3288 3346
3288 3347
3288 3348
3289 3349
3289 3350
3290 3291
3290 3351
3290 3352
3291 3292
3291 3352
3292 3352
3293 3294
3293 3353
3293 3354
3294 3295
3294 3353
3294 3354
3295 3354
3295 3355
3296 3297
3296 3355
3296 3356
3297 3298
3297 3356
3298 3299
3299 3300
3299 3357
3300 3301
3300 3357
3300 3358
3301 3302
3301 3357
3301 3358
3302 3303
3302 3358
3302 3359
3303 3304
3303 3359
3303 3360
3304 3359
3304 3360
3304 3361
3305 3361
3305 3362
3305 3363
3306 3363
3306 3364
3307 3364
3307 3365
3308 3309
3308 3366
3308 3367
3309 3310
3309 3366
3309 3367
3309 3368
3310 3311
3310 3367
3310 3368
3310 3369
3311 3312
3311 3368
3311 3369
3311 3370
3312 3313
3312 3369
3312 3370
3312 3371
3313 3370
3313 3371
3314 3372
3314 3373
3314 3374
3315 3374
3315 3375
3316 3317
3316 3375
3316 3376
3317 3318
3317 3376
3317 3377
3318 3319
3318 3377
3318 3378
3319 3320
3319 3377
3319 3378
3319 3379
3320 3321
3320 3378
3320 3379
3320 3380
3321 3379
3321 3380
3321 3381
3322 3323
3322 3381
3322 3382
3323 3324
3323 3382
3323 3383
3324 3383
3324 3384
3325 3326
3325 3384
3325 3385
3325 3386
3326 3327
3326 3385
3326 3386
3326 3387
3327 3386
3327 3387
3327 3388
3328 3329
3328 3388
3328 3389
3329 3330
3329 3389
3329 3390
3330 3331
3330 3390
3330 3391
3331 3332
3331 3390
3331 3391
3331 3392
3332 3333
3332 3391
3332 3392
3332 3393
3333 3392
3333 3393
3333 3394
3334 3335
3334 3394
3335 3395
3336 3337
3336 3395
3336 3396
3337 3338
3337 3396
3337 3397
3338 3339
3338 3396
3338 3397
3338 3398
3339 3340
3339 3397
3339 3398
3339 3399
3340 3341
3340 3398
3340 3399
3341 3399
3342 3400
3342 3401
3343 3401
3343 3402
3344 3345
3344 3403
3345 3346
3345 3403
3345 3404
3346 3347
3346 3403
3346 3404
3346 3405
3347 3348
3347 3404
3347 3405
3347 3406
3348 3349
3348 3405
3348 3406
3349 3350
3349 3406
3349 3407
3350 3407
3351 3408
3351 3409
3352 3409
3352 3410
3352 3411
3353 3354
3353 3412
3353 3413
3353 3414
3354 3413
3354 3414
3354 3415
3355 3356
3355 3415
3355 3416
3355 3417
3356 3416
3356 3417
3357 3358
3357 3419
3357 3420
3357 3421
3358 3420
3358 3421
3359 3360
3359 3422
3359 3423
3360 3361
3360 3422
3360 3423
3360 3424
3361 3362
3361 3423
3361 3424
3361 3425
3362 3363
3362 3424
3362 3425
3363 3425
3364 3365
3364 3426
3364 3427
3365 3426
3365 3427
3365 3428
3366 3367
3366 3428
3366 3429
3366 3430
3367 3368
3367 3429
3367 3430
3368 3369
3368 3430
3368 3431
3369 3370
3369 3431
3369 3432
3370 3371
3370 3431
3370 3432
3370 3433
3371 3432
3371 3433
3371 3434
3372 3373
3372 3434
3372 3435
3372 3436
3373 3374
3373 3435
3373 3436
3373 3437
3374 3436
3374 3437
3374 3438
3375 3376
3375 3438
3376 3439
3377 3378
3377 3439
3377 3440
3377 3441
3378 3379
3378 3440
3378 3441
3378 3442
3379 3380
3379 3441
3379 3442
3379 3443
3380 3381
3380 3442
3380 3443
3380 3444
3381 3382
3381 3443
3381 3444
3381 3445
3382 3444
3382 3445
3382 3446
3383 3384
3383 3446
3383 3447
3384 3385
3384 3447
3385 3386
3385 3447
3385 3448
3386 3387
3386 3448
3386 3449
3387 3388
3387 3448
3387 3449
3388 3389
3388 3449
3388 3450
3389 3450
3390 3391
3390 3451
3390 3452
3391 3392
3391 3451
3391 3452
3391 3453
3392 3393
3392 3452
3392 3453
3392 3454
3393 3394
3393 3453
3393 3454
3394 3454
3395 3455
3395 3456
3395 3457
3396 3397
3396 3457
3396 3458
3396 3459
3397 3398
3397 3458
3397 3459
3397 3460
3398 3399
3398 3459
3398 3460
3398 3461
3399 3460
3399 3461
3400 3401
3400 3462
3400 3463
3401 3402
3401 3463
3402 3464
3403 3404
3403 3465
3403 3466
3403 3467
3404 3405
3404 3466
3404 3467
3404 3468
3405 3406
3405 3467
3405 3468
3406 3468
3407 3469
3408 3409
3408 3470
3408 3471
3409 3410
3409 3470
3409 3471
3409 3472
3410 3411
3410 3471
3410 3472
3411 3412
3411 3472
3411 3473
3412 3413
3412 3473
3413 3414
3413 3473
3413 3474
3414 3415
3414 3474
3415 3416
3415 3474
3415 3475
3416 3417
3416 3475
3416 3476
3417 3475
3417 3476
3417 3477
3418 3419
3418 3477
3418 3478
3418 3479
3419 3420
3419 3478
3419 3479
3419 3480
3420 3421
3420 3479
3420 3480
3420 3481
3421 3480
3421 3481
3421 3482
3422 3423
3422 3482
3422 3483
3422 3484
3423 3424
3423 3483
3423 3484
3423 3485
3424 3425
3424 3484
3424 3485
3424 3486
3425 3485
3425 3486
3425 3487
3426 3427
3426 3488
3426 3489
3427 3428
3427 3489
3427 3490
3428 3429
3428 3489
3428 3490
3428 3491
3429 3430
3429 3490
3429 3491
3429 3492
3430 3491
3430 3492
3430 3493
3431 3432
3431 3493
3431 3494
3431 3495
3432 3433
3432 3494
3432 3495
3433 3434
3433 3495
3434 3435
3434 3496
3435 3436
3435 3496
3435 3497
3436 3437
3436 3496
3436 3497
3437 3438
3437 3497
3437 3498
3438 3498
3438 3499
3439 3440
3439 3500
3439 3501
3440 3441
3440 3501
3440 3502
3441 3442
3441 3502
3441 3503
3442 3443
3442 3502
3442 3503
3442 3504
3443 3444
3443 3503
3443 3504
3444 3445
3444 3504
3445 3446
3446 3505
3447 3505
3447 3506
3447 3507
3448 3449
3448 3507
3448 3508
3448 3509
3449 3508
3449 3509
3450 3510
3451 3452
3451 3511
3452 3453
3452 3511
3452 3512
3453 3454
3453 3512
3453 3513
3454 3512
3454 3513
3454 3514
3455 3456
3455 3515
3455 3516
3456 3457
3456 3515
3456 3516
3456 3517
3457 3458
3457 3516
3457 3517
3458 3459
3458 3517
3458 3518
3459 3460
3459 3518
3460 3461
3460 3518
3460 3519
3461 3519
3461 3520
3462 3463
3462 3520
3462 3521
3462 3522
3463 3521
3463 3522
3463 3523
3464 3465
3464 3524
3464 3525
3465 3466
3465 3525
3465 3526
3466 3467
3466 3525
3466 3526
3466 3527
3467 3468
3467 3526
3467 3527
3467 3528
3468 3527
3468 3528
3469 3529
3469 3530
3470 3471
3470 3531
3470 3532
3471 3472
3471 3531
3471 3532
3472 3532
3472 3533
3473 3533
3473 3534
3474 3535
3475 3476
3475 3536
3475 3537
3476 3477
3476 3536
3476 3537
3476 3538
3477 3478
3477 3537
3477 3538
3478 3479
3478 3538
3478 3539
3479 3480
3479 3539
3480 3481
3480 3539
3480 3540
3481 3482
3481 3540
3481 3541
3482 3483
3482 3540
3482 3541
3482 3542
3483 3484
3483 3541
3483 3542
3483 3543
3484 3485
3484 3542
3484 3543
3485 3486
3485 3543
3485 3544
3486 3487
3486 3544
3486 3545
3487 3488
3487 3544
3487 3545
3487 3546
3488 3545
3488 3546
3488 3547
3489 3490
3489 3547
3489 3548
3489 3549
3490 3491
3490 3548
3490 3549
3490 3550
3491 3492
3491 3549
3491 3550
3491 3551
3492 3493
3492 3550
3492 3551
3492 3552
3493 3494
3493 3551
3493 3552
3494 3495
3494 3552
3494 3553
3495 3553
3495 3554
3496 3497
3496 3555
3496 3556
3497 3555
3497 3556
3497 3557
3498 3499
3498 3557
3498 3558
3499 3500
3499 3558
3499 3559
3500 3501
3500 3559
3501 3559
3501 3560
3502 3503
3502 3560
3502 3561
3502 3562
3503 3504
3503 3561
3503 3562
3503 3563
3504 3562
3504 3563
3504 3564
3505 3506
3505 3566
3505 3567
3505 3568
3506 3507
3506 3567
3506 3568
3506 3569
3507 3508
3507 3568
3507 3569
3508 3509
3508 3569
3508 3570
3509 3570
3509 3571
3510 3571
3510 3572
3510 3573
3511 3573
3511 3574
3511 3575
3512 3513
3512 3575
3512 3576
3512 3577
3513 3514
3513 3576
3513 3577
3513 3578
3514 3577
3514 3578
3515 3516
3515 3579
3515 3580
3516 3517
3516 3579
3516 3580
3517 3580
3518 3581
3519 3520
3519 3581
3519 3582
3519 3583
3520 3521
3520 3582
3520 3583
3520 3584
3521 3522
3521 3583
3521 3584
3522 3523
3522 3584
3522 3585
3523 3524
3523 3585
3524 3585
3525 3526
3525 3586
3525 3587
3526 3527
3526 3586
3526 3587
3526 3588
3527 3528
3527 3587
3527 3588
3528 3588
3528 3589
3529 3530
3529 3589
3529 3590
3529 3591
3530 3590
3530 3591
3531 3532
3531 3592
3532 3592
3532 3593
3533 3534
3533 3593
3533 3594
3533 3595
3534 3594
3534 3595
3534 3596
3535 3596
3535 3597
3535 3598
3536 3537
3536 3598
3536 3599
3536 3600
3537 3538
3537 3599
3537 3600
3537 3601
3538 3600
3538 3601
3539 3602
3539 3603
3540 3541
3540 3603
3540 3604
3540 3605
3541 3542
3541 3604
3541 3605
3541 3606
3542 3543
3542 3605
3542 3606
3542 3607
3543 3606
3543 3607
3544 3545
3544 3608
3544 3609
3545 3546
3545 3608
3545 3609
3545 3610
3546 3547
3546 3609
3546 3610
3546 3611
3547 3548
3547 3610
3547 3611
3547 3612
3548 3549
3548 3611
3548 3612
3549 3550
3549 3612
3549 3613
3550 3551
3550 3613
3550 3614
3551 3552
3551 3613
3551 3614
3551 3615
3552 3614
3552 3615
3553 3554
3553 3616
3554 3616
3554 3617
3555 3556
3555 3617
3555 3618
3555 3619
3556 3557
3556 3618
3556 3619
3556 3620
3557 3558
3557 3619
3557 3620
3557 3621
3558 3620
3558 3621
3558 3622
3559 3622
3559 3623
3560 3561
3560 3623
3560 3624
3560 3625
3561 3562
3561 3624
3561 3625
3562 3563
3562 3625
3562 3626
3563 3564
3563 3626
3563 3627
3564 3565
3564 3626
3564 3627
3565 3566
3565 3627
3565 3628
3566 3567
3566 3628
3566 3629
3567 3568
3567 3628
3567 3629
3568 3569
3568 3629
3568 3630
3569 3630
3569 3631
3570 3571
3570 3631
3570 3632
3571 3572
3571 3632
3572 3573
3572 3633
3573 3574
3573 3633
3573 3634
3574 3575
3574 3633
3574 3634
3574 3635
3575 3576
3575 3634
3575 3635
3575 3636
3576 3577
3576 3635
3576 3636
3576 3637
3577 3578
3577 3636
3577 3637
3577 3638
3578 3637
3578 3638
3578 3639
3579 3580
3579 3639
3579 3640
3579 3641
3580 3640
3580 3641
3580 3642
3581 3582
3581 3643
3581 3644
3581 3645
3582 3583
3582 3644
3582 3645
3583 3584
3583 3645
3583 3646
3584 3646
3585 3647
3585 3648
3586 3587
3586 3649
3587 3588
3587 3649
3587 3650
3588 3649
3588 3650
3588 3651
3589 3590
3589 3651
3589 3652
3589 3653
3590 3591
3590 3652
3590 3653
3590 3654
3591 3653
3591 3654
3592 3593
3592 3655
3592 3656
3593 3594
3593 3656
3594 3595
3594 3657
3595 3596
3595 3657
3595 3658
3596 3597
3596 3657
3596 3658
3596 3659
3597 3598
3597 3658
3597 3659
3598 3599
3598 3659
3598 3660
3599 3600
3599 3660
3600 3601
3600 3660
3600 3661
3601 3661
3601 3662
3602 3603
3602 3662
3602 3663
3602 3664
3603 3604
3603 3663
3603 3664
3604 3605
3604 3664
3604 3665
3605 3606
3605 3665
3606 3607
3606 3665
3606 3666
3607 3666
3607 3667
3608 3609
3608 3667
3608 3668
3608 3669
3609 3610
3609 3668
3609 3669
3610 3611
3610 3669
3610 3670
3611 3612
3611 3670
3611 3671
3612 3670
3612 3671
3612 3672
3613 3614
3613 3672
3613 3673
3613 3674
3614 3615
3614 3673
3614 3674
3614 3675
3615 3674
3615 3675
3615 3676
3616 3617
3616 3677
3616 3678
3616 3679
3617 3618
3617 3678
3617 3679
3617 3680
3618 3619
3618 3679
3618 3680
3618 3681
3619 3620
3619 3680
3619 3681
3620 3621
3620 3681
3621 3622
3621 3682
3622 3682
3622 3683
3623 3624
3623 3683
3623 3684
3623 3685
3624 3625
3624 3684
3624 3685
3624 3686
3625 3685
3625 3686
3626 3627
3626 3687
3627 3687
3627 3688
3628 3629
3628 3688
3628 3689
3628 3690
3629 3689
3629 3690
3629 3691
3630 3631
3630 3691
3630 3692
3630 3693
3631 3632
3631 3692
3631 3693
3631 3694
3632 3693
3632 3694
3632 3695
3633 3634
3633 3696
3633 3697
3634 3635
3634 3697
3634 3698
3635 3636
3635 3697
3635 3698
3635 3699
3636 3637
3636 3698
3636 3699
3636 3700
3637 3638
3637 3699
3637 3700
3638 3639
3638 3700
3638 3701
3639 3640
3639 3701
3639 3702
3640 3641
3640 3701
3640 3702
3640 3703
3641 3642
3641 3702
3641 3703
3641 3704
3642 3703
3642 3704
3642 3705
3643 3644
3643 3705
3643 3706
3643 3707
3644 3645
3644 3706
3644 3707
3644 3708
3645 3707
3645 3708
3646 3709
3646 3710
3647 3648
3647 3710
3647 3711
3647 3712
3648 3711
3648 3712
3649 3650
3649 3713
3649 3714
3650 3651
3650 3713
3650 3714
3650 3715
3651 3652
3651 3714
3651 3715
3651 3716
3652 3653
3652 3715
3652 3716
3652 3717
3653 3654
3653 3716
3653 3717
3653 3718
3654 3717
3654 3718
3655 3656
3655 3719
3655 3720
3656 3719
3656 3720
3656 3721
3657 3658
3657 3722
3657 3723
3658 3659
3658 3722
3658 3723
3658 3724
3659 3723
3659 3724
3660 3725
3660 3726
3661 3662
3661 3726
3661 3727
3661 3728
3662 3663
3662 3727
3662 3728
3662 3729
3663 3664
3663 3728
3663 3729
3663 3730
3664 3729
3664 3730
3665 3731
3665 3732
3666 3667
3666 3732
3666 3733
3666 3734
3667 3668
3667 3733
3667 3734
3667 3735
3668 3669
3668 3734
3668 3735
3668 3736
3669 3735
3669 3736
3669 3737
3670 3671
3670 3737
3670 3738
3670 3739
3671 3672
3671 3738
3671 3739
3671 3740
3672 3673
3672 3739
3672 3740
3673 3674
3673 3740
3673 3741
3674 3675
3674 3741
3674 3742
3675 3676
3675 3741
3675 3742
3676 3677
3676 3742
3676 3743
3677 3678
3677 3743
3677 3744
3678 3679
3678 3743
3678 3744
3678 3745
3679 3680
3679 3744
3679 3745
3679 3746
3680 3681
3680 3745
3680 3746
3681 3746
3682 3683
3682 3747
3682 3748
3682 3749
3683 3684
3683 3748
3683 3749
3683 3750
3684 3685
3684 3749
3684 3750
3684 3751
3685 3686
3685 3750
3685 3751
3685 3752
3686 3751
3686 3752
3687 3753
3687 3754
3688 3689
3688 3754
3688 3755
3688 3756
3689 3690
3689 3755
3689 3756
3689 3757
3690 3691
3690 3756
3690 3757
3690 3758
3691 3692
3691 3757
3691 3758
3691 3759
3692 3693
3692 3758
3692 3759
3692 3760
3693 3694
3693 3759
3693 3760
3693 3761
3694 3695
3694 3760
3694 3761
3694 3762
3695 3696
3695 3761
3695 3762
3695 3763
3696 3762
3696 3763
3697 3698
3697 3764
3698 3699
3698 3764
3699 3700
3699 3764
3699 3765
3700 3765
3700 3766
3701 3702
3701 3766
3701 3767
3701 3768
3702 3703
3702 3767
3702 3768
3702 3769
3703 3704
3703 3768
3703 3769
3703 3770
3704 3705
3704 3769
3704 3770
3704 3771
3705 3706
3705 3770
3705 3771
3705 3772
3706 3707
3706 3771
3706 3772
3706 3773
3707 3708
3707 3772
3707 3773
3707 3774
3708 3773
3708 3774
3709 3710
3709 3775
3709 3776
3710 3711
3710 3775
3710 3776
3711 3712
3711 3776
3711 3777
3712 3777
3712 3778
3713 3714
3713 3779
3713 3780
3713 3781
3714 3715
3714 3780
3714 3781
3714 3782
3715 3716
3715 3781
3715 3782
3715 3783
3716 3717
3716 3782
3716 3783
3717 3718
3717 3783
3717 3784
3718 3784
3719 3720
3719 3785
3720 3721
3720 3785
3720 3786
3721 3786
3721 3787
3722 3723
3722 3787
3723 3724
3725 3726
3725 3788
3725 3789
3726 3727
3726 3788
3726 3789
3726 3790
3727 3728
3727 3789
3727 3790
3727 3791
3728 3729
3728 3790
3728 3791
3728 3792
3729 3730
3729 3791
3729 3792
3729 3793
3730 3792
3730 3793
3730 3794
3731 3732
3731 3794
3731 3795
3731 3796
3732 3733
3732 3795
3732 3796
3732 3797
3733 3734
3733 3796
3733 3797
3733 3798
3734 3735
3734 3797
3734 3798
3734 3799
3735 3736
3735 3798
3735 3799
3735 3800
3736 3737
3736 3799
3736 3800
3736 3801
3737 3738
3737 3800
3737 3801
3737 3802
3738 3739
3738 3801
3738 3802
3738 3803
3739 3740
3739 3802
3739 3803
3740 3803
3741 3742
3741 3804
3742 3804
3742 3805
3743 3744
3743 3805
3743 3806
3743 3807
3744 3745
3744 3806
3744 3807
3744 3808
3745 3746
3745 3807
3745 3808
3745 3809
3746 3808
3746 3809
3747 3748
3747 3810
3747 3811
3747 3812
3748 3749
3748 3811
3748 3812
3748 3813
3749 3750
3749 3812
3749 3813
3750 3751
3750 3813
3751 3752
3751 3814
3752 3814
3753 3754
3753 3815
3754 3755
3754 3815
3754 3816
3755 3756
3755 3815
3755 3816
3755 3817
3756 3757
3756 3816
3756 3817
3756 3818
3757 3758
3757 3817
3757 3818
3757 3819
3758 3759
3758 3818
3758 3819
3758 3820
3759 3760
3759 3819
3759 3820
3759 3821
3760 3761
3760 3820
3760 3821
3760 3822
3761 3762
3761 3821
3761 3822
3761 3823
3762 3763
3762 3822
3762 3823
3762 3824
3763 3823
3763 3824
3763 3825
3764 3826
3764 3827
3764 3828
3765 3766
3765 3828
3765 3829
3766 3767
3766 3829
3766 3830
3767 3768
3767 3829
3767 3830
3767 3831
3768 3769
3768 3830
3768 3831
3768 3832
3769 3770
3769 3831
3769 3832
3769 3833
3770 3771
3770 3832
3770 3833
3771 3772
3771 3833
3772 3773
3773 3774
3773 3834
3774 3834
3774 3835
3775 3776
3775 3835
3775 3836
3775 3837
3776 3836
3776 3837
3776 3838
3777 3778
3777 3838
3777 3839
3777 3840
3778 3779
3778 3839
3778 3840
3779 3780
3779 3840
3779 3841
3780 3781
3780 3841
3780 3842
3781 3782
3781 3841
3781 3842
3781 3843
3782 3783
3782 3842
3782 3843
3782 3844
3783 3843
3783 3844
3783 3845
3784 3845
3784 3846
3785 3847
3785 3848
3786 3787
3786 3848
3786 3849
3786 3850
3787 3849
3787 3850
3787 3851
3788 3789
3788 3853
3788 3854
3789 3790
3789 3853
3789 3854
3790 3791
3790 3854
3790 3855
3791 3792
3791 3855
3791 3856
3792 3793
3792 3855
3792 3856
3792 3857
3793 3794
3793 3856
3793 3857
3793 3858
3794 3795
3794 3857
3794 3858
3794 3859
3795 3796
3795 3858
3795 3859
3795 3860
3796 3797
3796 3859
3796 3860
3796 3861
3797 3798
3797 3860
3797 3861
3797 3862
3798 3799
3798 3861
3798 3862
3798 3863
3799 3800
3799 3862
3799 3863
3799 3864
3800 3801
3800 3863
3800 3864
3800 3865
3801 3802
3801 3864
3801 3865
3801 3866
3802 3803
3802 3865
3802 3866
3802 3867
3803 3866
3803 3867
3804 3868
3804 3869
3804 3870
3805 3806
3805 3870
3805 3871
3805 3872
3806 3807
3806 3871
3806 3872
3806 3873
3807 3808
3807 3872
3807 3873
3807 3874
3808 3809
3808 3873
3808 3874
3808 3875
3809 3874
3809 3875
3809 3876
3810 3811
3810 3876
3810 3877
3811 3812
3811 3877
3811 3878
3812 3813
3812 3878
3812 3879
3813 3878
3813 3879
3813 3880
3814 3881
3814 3882
3814 3883
3815 3816
3815 3884
3815 3885
3816 3817
3816 3885
3816 3886
3817 3818
3817 3886
3818 3819
3818 3886
3818 3887
3819 3820
3819 3887
3819 3888
3820 3821
3820 3887
3820 3888
3820 3889
3821 3822
3821 3888
3821 3889
3822 3823
3822 3889
3823 3824
3823 3890
3824 3825
3824 3890
3824 3891
3825 3826
3825 3890
3825 3891
3825 3892
3826 3827
3826 3891
3826 3892
3826 3893
3827 3828
3827 3892
3827 3893
3827 3894
3828 3893
3828 3894
3828 3895
3829 3830
3829 3895
3829 3896
3829 3897
3830 3831
3830 3896
3830 3897
3830 3898
3831 3832
3831 3897
3831 3898
3831 3899
3832 3833
3832 3898
3832 3899
3832 3900
3833 3899
3833 3900
3833 3901
3834 3835
3834 3903
3834 3904
3835 3836
3835 3904
3835 3905
3836 3837
3836 3905
3836 3906
3837 3838
3837 3905
3837 3906
3837 3907
3838 3839
3838 3906
3838 3907
3838 3908
3839 3840
3839 3907
3839 3908
3839 3909
3840 3908
3840 3909
3840 3910
3841 3842
3841 3910
3841 3911
3842 3843
3842 3911
3842 3912
3843 3844
3843 3912
3844 3845
3844 3912
3844 3913
3845 3846
3845 3913
3846 3913
3847 3848
3847 3914
3847 3915
3848 3849
3848 3914
3848 3915
3848 3916
3849 3850
3849 3915
3849 3916
3850 3851
3850 3916
3850 3917
3851 3917
3852 3918
3853 3854
3853 3919
3854 3919
3855 3856
3855 3920
3855 3921
3856 3857
3856 3920
3856 3921
3856 3922
3857 3858
3857 3921
3857 3922
3857 3923
3858 3859
3858 3922
3858 3923
3859 3860
3859 3923
3860 3861
3860 3924
3861 3862
3861 3924
3861 3925
3862 3863
3862 3924
3862 3925
3863 3864
3863 3925
3863 3926
3864 3865
3864 3926
3864 3927
3865 3866
3865 3926
3865 3927
3866 3867
3866 3927
3867 3928
3868 3869
3868 3928
3868 3929
3868 3930
3869 3870
3869 3929
3869 3930
3869 3931
3870 3871
3870 3930
3870 3931
3870 3932
3871 3872
3871 3931
3871 3932
3871 3933
3872 3873
3872 3932
3872 3933
3872 3934
3873 3874
3873 3933
3873 3934
3873 3935
3874 3875
3874 3934
3874 3935
3874 3936
3875 3876
3875 3935
3875 3936
3875 3937
3876 3877
3876 3936
3876 3937
3877 3937
3877 3938
3878 3879
3878 3938
3878 3939
3879 3880
3879 3939
3879 3940
3880 3881
3880 3939
3880 3940
3880 3941
3881 3882
3881 3940
3881 3941
3881 3942
3882 3883
3882 3941
3882 3942
3882 3943
3883 3884
3883 3942
3883 3943
3883 3944
3884 3885
3884 3943
3884 3944
3884 3945
3885 3944
3885 3945
3885 3946
3886 3946
3886 3947
3886 3948
3887 3888
3887 3948
3887 3949
3888 3889
3888 3949
3888 3950
3889 3949
3889 3950
3889 3951
3890 3891
3890 3952
3890 3953
3890 3954
3891 3892
3891 3953
3891 3954
3891 3955
3892 3893
3892 3954
3892 3955
3893 3894
3893 3955
3893 3956
3894 3895
3894 3956
3894 3957
3895 3896
3895 3956
3895 3957
3895 3958
3896 3897
3896 3957
3896 3958
3896 3959
3897 3898
3897 3958
3897 3959
3897 3960
3898 3899
3898 3959
3898 3960
3898 3961
3899 3900
3899 3960
3899 3961
3899 3962
3900 3901
3900 3961
3900 3962
3900 3963
3901 3902
3901 3962
3901 3963
3901 3964
3902 3903
3902 3963
3902 3964
3903 3904
3903 3964
3903 3965
3904 3965
3905 3906
3905 3966
3905 3967
3906 3907
3906 3966
3906 3967
3906 3968
3907 3908
3907 3967
3907 3968
3907 3969
3908 3909
3908 3968
3908 3969
3908 3970
3909 3910
3909 3969
3909 3970
3909 3971
3910 3911
3910 3970
3910 3971
3910 3972
3911 3971
3911 3972
3911 3973
3912 3973
3912 3974
3912 3975
3913 3975
3913 3976
3913 3977
3914 3915
3914 3978
3914 3979
3915 3916
3915 3978
3915 3979
3915 3980
3916 3979
3916 3980
3916 3981
3917 3981
3917 3982
3918 3982
3918 3983
3918 3984
3919 3984
3920 3921
3920 3985
3920 3986
3921 3922
3921 3986
3921 3987
3922 3923
3922 3986
3922 3987
3922 3988
3923 3987
3923 3988
3923 3989
3924 3925
3924 3990
3924 3991
3925 3990
3925 3991
3925 3992
3926 3927
3926 3992
3926 3993
3926 3994
3927 3993
3927 3994
3928 3929
3928 3995
3928 3996
3929 3930
3929 3995
3929 3996
3930 3931
3930 3996
3930 3997
3931 3932
3931 3997
3931 3998
3932 3933
3932 3997
3932 3998
3933 3934
3933 3998
3933 3999
3934 3935
3934 3999
3934 4000
3935 3936
3935 3999
3935 4000
3935 4001
3936 3937
3936 4000
3936 4001
3936 4002
3937 4001
3937 4002
3937 4003
3938 4003
3938 4004
3938 4005
3939 3940
3939 4005
3939 4006
3939 4007
3940 3941
3940 4006
3940 4007
3940 4008
3941 3942
3941 4007
3941 4008
3942 3943
3942 4008
3942 4009
3943 3944
3943 4009
3943 4010
3944 3945
3944 4009
3944 4010
3944 4011
3945 3946
3945 4010
3945 4011
3945 4012
3946 3947
3946 4011
3946 4012
3946 4013
3947 3948
3947 4012
3947 4013
3947 4014
3948 4013
3948 4014
3948 4015
3949 3950
3949 4015
3949 4016
3950 3951
3950 4016
3950 4017
3951 3952
3951 4016
3951 4017
3951 4018
3952 3953
3952 4017
3952 4018
3952 4019
3953 3954
3953 4018
3953 4019
3953 4020
3954 3955
3954 4019
3954 4020
3954 4021
3955 4020
3955 4021
3955 4022
3956 3957
3956 4022
3956 4023
3957 3958
3957 4023
3957 4024
3958 3959
3958 4024
3958 4025
3959 3960
3959 4024
3959 4025
3960 3961
3960 4025
3961 3962
3961 4026
3962 3963
3962 4026
3962 4027
3963 3964
3963 4026
3963 4027
3963 4028
3964 4027
3964 4028
3964 4029
3965 4029
3965 4030
3966 3967
3966 4031
3966 4032
3967 3968
3967 4031
3967 4032
3968 3969
3968 4032
3968 4033
3969 3970
3969 4033
3969 4034
3970 3971
3970 4033
3970 4034
3970 4035
3971 3972
3971 4034
3971 4035
3971 4036
3972 3973
3972 4035
3972 4036
3972 4037
3973 3974
3973 4036
3973 4037
3973 4038
3974 3975
3974 4037
3974 4038
3975 3976
3975 4038
3975 4039
3976 3977
3976 4039
3977 4039
3978 3979
3978 4040
3978 4041
3979 3980
3979 4040
3979 4041
3980 3981
3980 4041
3980 4042
3981 4042
3981 4043
3982 3983
3982 4043
3982 4044
3983 3984
3983 4044
3983 4045
3984 4044
3984 4045
3984 4046
3985 4047
3985 4048
3985 4049
3986 3987
3986 4049
3986 4050
3987 3988
3987 4050
3987 4051
3988 3989
3988 4050
3988 4051
3988 4052
3989 4051
3989 4052
3989 4053
3990 3991
3990 4053
3990 4054
3991 3992
3991 4054
3991 4055
3992 3993
3992 4054
3992 4055
3993 3994
3993 4055
3993 4056
3994 4056
3995 3996
3995 4057
3995 4058
3995 4059
3996 4058
3996 4059
3996 4060
3997 3998
3997 4060
3997 4061
3997 4062
3998 4061
3998 4062
3999 4000
3999 4063
3999 4064
4000 4001
4000 4063
4000 4064
4001 4002
4001 4064
4001 4065
4002 4003
4002 4065
4002 4066
4003 4004
4003 4065
4003 4066
4004 4005
4004 4066
4004 4067
4005 4006
4005 4067
4005 4068
4006 4007
4006 4067
4006 4068
4006 4069
4007 4008
4007 4068
4007 4069
4008 4069
4009 4010
4009 4070
4009 4071
4010 4011
4010 4070
4010 4071
4010 4072
4011 4012
4011 4071
4011 4072
4011 4073
4012 4013
4012 4072
4012 4073
4012 4074
4013 4014
4013 4073
4013 4074
4013 4075
4014 4015
4014 4074
4014 4075
4014 4076
4015 4075
4015 4076
4016 4017
4016 4077
4017 4018
4017 4077
4017 4078
4018 4019
4018 4077
4018 4078
4018 4079
4019 4020
4019 4078
4019 4079
4020 4021
4020 4079
4020 4080
4021 4022
4021 4080
4021 4081
4022 4023
4022 4080
4022 4081
4022 4082
4023 4081
4023 4082
4023 4083
4024 4025
4024 4083
4024 4084
4025 4084
4025 4085
4026 4027
4026 4086
4026 4087
4027 4028
4027 4086
4027 4087
4027 4088
4028 4029
4028 4087
4028 4088
4028 4089
4029 4030
4029 4088
4029 4089
4029 4090
4030 4089
4030 4090
4031 4032
4032 4091
4033 4034
4033 4091
4033 4092
4033 4093
4034 4035
4034 4092
4034 4093
4035 4036
4035 4093
4035 4094
4036 4037
4036 4094
4036 4095
4037 4038
4037 4094
4037 4095
4037 4096
4038 4095
4038 4096
4038 4097
4039 4097
4039 4098
4039 4099
4040 4041
4040 4100
4040 4101
4041 4100
4041 4101
4042 4043
4042 4102
4042 4103
4043 4102
4043 4103
4043 4104
4044 4045
4044 4104
4044 4105
4044 4106
4045 4046
4045 4105
4045 4106
4045 4107
4046 4047
4046 4106
4046 4107
4046 4108
4047 4048
4047 4107
4047 4108
4047 4109
4048 4049
4048 4108
4048 4109
4048 4110
4049 4109
4049 4110
4049 4111
4050 4051
4050 4111
4050 4112
4050 4113
4051 4052
4051 4112
4051 4113
4052 4053
4052 4113
4053 4114
4054 4055
4054 4114
4054 4115
4055 4115
4056 4116
4057 4058
4057 4116
4057 4117
4057 4118
4058 4059
4058 4117
4058 4118
4059 4060
4059 4118
4060 4061
4060 4119
4061 4062
4061 4119
4061 4120
4062 4119
4062 4120
4062 4121
4063 4064
4063 4121
4063 4122
4063 4123
4064 4122
4064 4123
4064 4124
4065 4066
4065 4124
4065 4125
4065 4126
4066 4125
4066 4126
4066 4127
4067 4068
4067 4127
4068 4069
4068 4128
4069 4128
4069 4129
4070 4071
4070 4130
4070 4131
4070 4132
4071 4072
4071 4131
4071 4132
4072 4073
4072 4132
4072 4133
4073 4074
4073 4133
4073 4134
4074 4075
4074 4133
4074 4134
4074 4135
4075 4076
4075 4134
4075 4135
4075 4136
4076 4135
4076 4136
4076 4137
4077 4078
4077 4138
4078 4079
4078 4138
4078 4139
4079 4139
4079 4140
4080 4081
4080 4140
4080 4141
4080 4142
4081 4082
4081 4141
4081 4142
4081 4143
4082 4083
4082 4142
4082 4143
4082 4144
4083 4143
4083 4144
4083 4145
4084 4085
4084 4145
4084 4146
4084 4147
4085 4146
4085 4147
4085 4148
4086 4087
4086 4148
4086 4149
4086 4150
4087 4088
4087 4149
4087 4150
4087 4151
4088 4089
4088 4150
4088 4151
4088 4152
4089 4090
4089 4151
4089 4152
4090 4152
4090 4153
4091 4092
4091 4155
4091 4156
4091 4157
4092 4093
4092 4156
4092 4157
4092 4158
4093 4157
4093 4158
4093 4159
4094 4095
4094 4159
4094 4160
4094 4161
4095 4096
4095 4160
4095 4161
4095 4162
4096 4097
4096 4161
4096 4162
4096 4163
4097 4098
4097 4162
4097 4163
4097 4164
4098 4099
4098 4163
4098 4164
4099 4164
4100 4101
4100 4165
4100 4166
4101 4165
4101 4166
4101 4167
4102 4103
4102 4167
4102 4168
4103 4104
4103 4168
4103 4169
4104 4105
4104 4169
4104 4170
4105 4106
4105 4169
4105 4170
4106 4107
4106 4170
4106 4171
4107 4108
4107 4171
4107 4172
4108 4109
4108 4171
4108 4172
4109 4110
4109 4172
4109 4173
4110 4111
4110 4173
4110 4174
4111 4112
4111 4173
4111 4174
4111 4175
4112 4113
4112 4174
4112 4175
4112 4176
4113 4175
4113 4176
4113 4177
4114 4115
4114 4178
4114 4179
4115 4179
4115 4180
4116 4117
4116 4182
4117 4118
4118 4183
4119 4120
4119 4184
4119 4185
4119 4186
4120 4121
4120 4185
4120 4186
4120 4187
4121 4122
4121 4186
4121 4187
4121 4188
4122 4123
4122 4187
4122 4188
4122 4189
4123 4124
4123 4188
4123 4189
4123 4190
4124 4125
4124 4189
4124 4190
4124 4191
4125 4126
4125 4190
4125 4191
4126 4127
4126 4191
4126 4192
4127 4192
4128 4129
4128 4193
4128 4194
4129 4130
4129 4194
4129 4195
4130 4131
4130 4195
4130 4196
4131 4132
4131 4195
4131 4196
4131 4197
4132 4196
4132 4197
4132 4198
4133 4134
4133 4198
4133 4199
4133 4200
4134 4135
4134 4199
4134 4200
4135 4136
4135 4200
4135 4201
4136 4137
4136 4201
4136 4202
4137 4201
4137 4202
4137 4203
4138 4203
4138 4204
4138 4205
4139 4140
4139 4205
4139 4206
4140 4141
4140 4206
4141 4142
4141 4206
4141 4207
4142 4143
4142 4207
4143 4144
4143 4207
4143 4208
4144 4145
4144 4208
4144 4209
4145 4146
4145 4208
4145 4209
4146 4147
4146 4209
4146 4210
4147 4148
4147 4210
4147 4211
4148 4149
4148 4210
4148 4211
4148 4212
4149 4150
4149 4211
4149 4212
4149 4213
4150 4151
4150 4212
4150 4213
4151 4152
4151 4213
4151 4214
4152 4214
4152 4215
4153 4154
4153 4215
4153 4216
4154 4155
4154 4216
4155 4156
4155 4217
4156 4157
4156 4217
4156 4218
4157 4158
4157 4217
4157 4218
4157 4219
4158 4159
4158 4218
4158 4219
4159 4160
4159 4219
4159 4220
4160 4161
4160 4220
4160 4221
4161 4162
4161 4220
4161 4221
4162 4163
4162 4221
4162 4222
4163 4164
4163 4222
4164 4222
4164 4223
4165 4166
4165 4224
4165 4225
4166 4167
4166 4224
4166 4225
4166 4226
4167 4168
4167 4225
4167 4226
4167 4227
4168 4226
4168 4227
4169 4170
4169 4228
4169 4229
4170 4228
4170 4229
4170 4230
4171 4172
4171 4230
4171 4231
4171 4232
4172 4231
4172 4232
4173 4174
4173 4233
4173 4234
4174 4175
4174 4233
4174 4234
4174 4235
4175 4176
4175 4234
4175 4235
4175 4236
4176 4177
4176 4235
4176 4236
4177 4178
4177 4236
4177 4237
4178 4237
4178 4238
4179 4180
4179 4238
4179 4239
4180 4181
4180 4239
4180 4240
4181 4182
4181 4239
4181 4240
4181 4241
4182 4240
4182 4241
4182 4242
4183 4184
4183 4243
4183 4244
4183 4245
4184 4185
4184 4244
4184 4245
4184 4246
4185 4186
4185 4245
4185 4246
4185 4247
4186 4187
4186 4246
4186 4247
4186 4248
4187 4188
4187 4247
4187 4248
4187 4249
4188 4189
4188 4248
4188 4249
4188 4250
4189 4190
4189 4249
4189 4250
4189 4251
4190 4191
4190 4250
4190 4251
4190 4252
4191 4251
4191 4252
4191 4253
4192 4253
4192 4254
4192 4255
4193 4194
4193 4255
4193 4256
4194 4256
4194 4257
4195 4196
4195 4257
4196 4197
4196 4258
4197 4198
4197 4258
4197 4259
4198 4199
4198 4258
4198 4259
4199 4200
4199 4259
4199 4260
4200 4260
4200 4261
4201 4202
4201 4261
4201 4262
4201 4263
4202 4203
4202 4262
4202 4263
4202 4264
4203 4204
4203 4263
4203 4264
4203 4265
4204 4205
4204 4264
4204 4265
4204 4266
4205 4265
4205 4266
4205 4267
4206 4267
4206 4268
4206 4269
4207 4269
4207 4270
4208 4209
4208 4270
4208 4271
4208 4272
4209 4271
4209 4272
4209 4273
4210 4211
4210 4273
4210 4274
4210 4275
4211 4212
4211 4274
4211 4275
4211 4276
4212 4213
4212 4275
4212 4276
4212 4277
4213 4276
4213 4277
4213 4278
4214 4215
4214 4278
4214 4279
4214 4280
4215 4216
4215 4279
4215 4280
4215 4281
4216 4280
4216 4281
4216 4282
4217 4218
4217 4283
4217 4284
4218 4219
4218 4284
4218 4285
4219 4284
4219 4285
4219 4286
4220 4221
4220 4286
4220 4287
4220 4288
4221 4287
4221 4288
4221 4289
4222 4289
4222 4290
4222 4291
4223 4291
4223 4292
4224 4225
4224 4293
4224 4294
4225 4226
4225 4293
4225 4294
4225 4295
4226 4227
4226 4294
4226 4295
4227 4295
4227 4296
4228 4229
4228 4296
4228 4297
4229 4230
4229 4297
4230 4231
4230 4297
4230 4298
4231 4232
4231 4298
4231 4299
4232 4298
4232 4299
4233 4234
4233 4300
4233 4301
4234 4235
4234 4300
4234 4301
4234 4302
4235 4236
4235 4301
4235 4302
4235 4303
4236 4302
4236 4303
4236 4304
4237 4238
4237 4304
4237 4305
4237 4306
4238 4305
4238 4306
4239 4240
4239 4307
4239 4308
4240 4241
4240 4307
4240 4308
4241 4242
4241 4308
4241 4309
4242 4309
4242 4310
4243 4244
4243 4310
4243 4311
4243 4312
4244 4245
4244 4311
4244 4312
4244 4313
4245 4246
4245 4312
4245 4313
4245 4314
4246 4247
4246 4313
4246 4314
4246 4315
4247 4248
4247 4314
4247 4315
4247 4316
4248 4249
4248 4315
4248 4316
4249 4250
4249 4316
4249 4317
4250 4251
4250 4317
4250 4318
4251 4252
4251 4317
4251 4318
4252 4253
4252 4318
4253 4254
4254 4255
4254 4319
4255 4319
4255 4320
4256 4257
4256 4320
4256 4321
4256 4322
4257 4321
4257 4322
4257 4323
4258 4259
4258 4324
4258 4325
4258 4326
4259 4325
4259 4326
4259 4327
4260 4261
4260 4327
4260 4328
4260 4329
4261 4262
4261 4328
4261 4329
4261 4330
4262 4263
4262 4329
4262 4330
4263 4264
4263 4330
4263 4331
4264 4265
4264 4331
4264 4332
4265 4266
4265 4331
4265 4332
4265 4333
4266 4267
4266 4332
4266 4333
4266 4334
4267 4268
4267 4333
4267 4334
4267 4335
4268 4269
4268 4334
4268 4335
4268 4336
4269 4335
4269 4336
4269 4337
4270 4271
4270 4337
4270 4338
4270 4339
4271 4272
4271 4338
4271 4339
4271 4340
4272 4273
4272 4339
4272 4340
4272 4341
4273 4274
4273 4340
4273 4341
4273 4342
4274 4275
4274 4341
4274 4342
4274 4343
4275 4276
4275 4342
4275 4343
4275 4344
4276 4277
4276 4343
4276 4344
4276 4345
4277 4278
4277 4344
4277 4345
4278 4279
4278 4345
4279 4280
4280 4281
4281 4282
4281 4346
4282 4283
4282 4346
4282 4347
4283 4346
4283 4347
4283 4348
4284 4285
4284 4348
4284 4349
4284 4350
4285 4286
4285 4349
4285 4350
4285 4351
4286 4287
4286 4350
4286 4351
4286 4352
4287 4288
4287 4351
4287 4352
4287 4353
4288 4289
4288 4352
4288 4353
4289 4290
4289 4353
4289 4354
4290 4291
4290 4354
4290 4355
4291 4292
4291 4354
4291 4355
4291 4356
4292 4355
4292 4356
4293 4294
4293 4357
4293 4358
4294 4295
4294 4357
4294 4358
4294 4359
4295 4358
4295 4359
4296 4360
4296 4361
4297 4361
4297 4362
4297 4363
4298 4299
4298 4363
4298 4364
4298 4365
4299 4364
4299 4365
4299 4366
4300 4301
4300 4366
4300 4367
4301 4302
4301 4367
4301 4368
4302 4303
4302 4367
4302 4368
4302 4369
4303 4304
4303 4368
4303 4369
4303 4370
4304 4305
4304 4369
4304 4370
4304 4371
4305 4306
4305 4370
4305 4371
4305 4372
4306 4371
4306 4372
4306 4373
4307 4308
4307 4373
4307 4374
4308 4374
4308 4375
4309 4310
4309 4375
4309 4376
4309 4377
4310 4311
4310 4376
4310 4377
4310 4378
4311 4312
4311 4377
4311 4378
4311 4379
4312 4313
4312 4378
4312 4379
4312 4380
4313 4314
4313 4379
4313 4380
4313 4381
4314 4315
4314 4380
4314 4381
4314 4382
4315 4316
4315 4381
4315 4382
4315 4383
4316 4382
4316 4383
4317 4318
4317 4384
4317 4385
4318 4384
4318 4385
4319 4320
4319 4387
4319 4388
4320 4321
4320 4388
4321 4322
4321 4388
4321 4389
4322 4323
4322 4389
4322 4390
4323 4324
4323 4389
4323 4390
4323 4391
4324 4325
4324 4390
4324 4391
4325 4326
4325 4391
4326 4327
4326 4392
4327 4328
4327 4392
4327 4393
4328 4329
4328 4392
4328 4393
4328 4394
4329 4330
4329 4393
4329 4394
4329 4395
4330 4394
4330 4395
4330 4396
4331 4332
4331 4396
4331 4397
4331 4398
4332 4333
4332 4397
4332 4398
4332 4399
4333 4334
4333 4398
4333 4399
4334 4335
4334 4399
4334 4400
4335 4336
4335 4400
4335 4401
4336 4337
4336 4400
4336 4401
4336 4402
4337 4338
4337 4401
4337 4402
4337 4403
4338 4339
4338 4402
4338 4403
4338 4404
4339 4340
4339 4403
4339 4404
4339 4405
4340 4341
4340 4404
4340 4405
4340 4406
4341 4342
4341 4405
4341 4406
4341 4407
4342 4343
4342 4406
4342 4407
4342 4408
4343 4344
4343 4407
4343 4408
4343 4409
4344 4345
4344 4408
4344 4409
4345 4409
4345 4410
4346 4347
4346 4413
4346 4414
4347 4348
4347 4414
4347 4415
4348 4349
4348 4415
4348 4416
4349 4350
4349 4415
4349 4416
4349 4417
4350 4351
4350 4416
4350 4417
4350 4418
4351 4352
4351 4417
4351 4418
4351 4419
4352 4353
4352 4418
4352 4419
4352 4420
4353 4419
4353 4420
4353 4421
4354 4355
4354 4421
4354 4422
4354 4423
4355 4356
4355 4422
4355 4423
4355 4424
4356 4423
4356 4424
4357 4358
4358 4359
4358 4425
4359 4425
4359 4426
4360 4361
4360 4426
4360 4427
4361 4362
4361 4427
4361 4428
4362 4363
4362 4428
4362 4429
4363 4364
4363 4428
4363 4429
4363 4430
4364 4365
4364 4429
4364 4430
4365 4366
4365 4430
4366 4431
4367 4368
4367 4431
4367 4432
4367 4433
4368 4369
4368 4432
4368 4433
4368 4434
4369 4370
4369 4433
4369 4434
4369 4435
4370 4371
4370 4434
4370 4435
4370 4436
4371 4372
4371 4435
4371 4436
4371 4437
4372 4373
4372 4436
4372 4437
4372 4438
4373 4374
4373 4437
4373 4438
4373 4439
4374 4438
4374 4439
4374 4440
4375 4376
4375 4440
4375 4441
4376 4377
4376 4441
4377 4378
4377 4441
4377 4442
4378 4379
4378 4442
4378 4443
4379 4380
4379 4442
4379 4443
4379 4444
4380 4381
4380 4443
4380 4444
4380 4445
4381 4382
4381 4444
4381 4445
4381 4446
4382 4383
4382 4445
4382 4446
4382 4447
4383 4446
4383 4447
4383 4448
4384 4385
4384 4448
4384 4449
4384 4450
4385 4449
4385 4450
4385 4451
4386 4387
4386 4451
4386 4452
4387 4452
4387 4453
4388 4453
4388 4454
4388 4455
4389 4390
4389 4455
4389 4456
4389 4457
4390 4391
4390 4456
4390 4457
4390 4458
4391 4457
4391 4458
4391 4459
4392 4393
4392 4460
4392 4461
4393 4394
4393 4461
4393 4462
4394 4395
4394 4462
4395 4396
4395 4462
4396 4397
4396 4463
4397 4398
4397 4463
4397 4464
4398 4399
4398 4463
4398 4464
4398 4465
4399 4464
4399 4465
4399 4466
4400 4401
4400 4466
4400 4467
4400 4468
4401 4402
4401 4467
4401 4468
4401 4469
4402 4403
4402 4468
4402 4469
4402 4470
4403 4404
4403 4469
4403 4470
4403 4471
4404 4405
4404 4470
4404 4471
4404 4472
4405 4406
4405 4471
4405 4472
4405 4473
4406 4407
4406 4472
4406 4473
4406 4474
4407 4408
4407 4473
4407 4474
4407 4475
4408 4409
4408 4474
4408 4475
4408 4476
4409 4475
4409 4476
4409 4477
4410 4411
4410 4477
4410 4478
4410 4479
4411 4412
4411 4478
4411 4479
4412 4413
4412 4479
4413 4414
4413 4480
4414 4480
4414 4481
4415 4416
4415 4481
4415 4482
4415 4483
4416 4417
4416 4482
4416 4483
4416 4484
4417 4418
4417 4483
4417 4484
4417 4485
4418 4419
4418 4484
4418 4485
4419 4420
4419 4485
4419 4486
4420 4421
4420 4486
4421 4422
4421 4486
4421 4487
4422 4423
4422 4487
4422 4488
4423 4424
4423 4487
4423 4488
4423 4489
4424 4488
4424 4489
4425 4426
4425 4490
4425 4491
4425 4492
4426 4427
4426 4491
4426 4492
4426 4493
4427 4492
4427 4493
4428 4429
4428 4494
4429 4430
4429 4494
4429 4495
4430 4495
4430 4496
4431 4432
4431 4497
4431 4498
4431 4499
4432 4433
4432 4498
4432 4499
4432 4500
4433 4434
4433 4499
4433 4500
4433 4501
4434 4435
4434 4500
4434 4501
4434 4502
4435 4436
4435 4501
4435 4502
4436 4437
4436 4502
4436 4503
4437 4438
4437 4503
4438 4439
4438 4503
4438 4504
4439 4440
4439 4504
4440 4504
4440 4505
4441 4505
4441 4506
4442 4443
4442 4506
4442 4507
4443 4444
4443 4507
4443 4508
4444 4445
4444 4507
4444 4508
4444 4509
4445 4446
4445 4508
4445 4509
4446 4447
4446 4509
4446 4510
4447 4448
4447 4510
4447 4511
4448 4449
4448 4510
4448 4511
4448 4512
4449 4450
4449 4511
4449 4512
4449 4513
4450 4451
4450 4512
4450 4513
4450 4514
4451 4452
4451 4513
4451 4514
4451 4515
4452 4514
4452 4515
4452 4516
4453 4454
4453 4516
4453 4517
4454 4455
4454 4517
4454 4518
4455 4456
4455 4518
4455 4519
4456 4457
4456 4518
4456 4519
4457 4458
4457 4519
4457 4520
4458 4459
4458 4520
4458 4521
4459 4460
4459 4520
4459 4521
4459 4522
4460 4461
4460 4521
4460 4522
4461 4522
4461 4523
4462 4523
4462 4524
4463 4464
4463 4525
4463 4526
4463 4527
4464 4465
4464 4526
4464 4527
4465 4466
4465 4527
4465 4528
4466 4467
4466 4528
4467 4468
4467 4528
4467 4529
4468 4469
4468 4529
4468 4530
4469 4470
4469 4529
4469 4530
4469 4531
4470 4471
4470 4530
4470 4531
4471 4472
4471 4531
4471 4532
4472 4473
4472 4532
4472 4533
4473 4474
4473 4532
4473 4533
4473 4534
4474 4475
4474 4533
4474 4534
4474 4535
4475 4476
4475 4534
4475 4535
4475 4536
4476 4477
4476 4535
4476 4536
4477 4478
4477 4536
4477 4537
4478 4479
4478 4537
4478 4538
4479 4537
4479 4538
4479 4539
4480 4481
4480 4540
4480 4541
4481 4482
4481 4540
4481 4541
4481 4542
4482 4483
4482 4541
4482 4542
4482 4543
4483 4484
4483 4542
4483 4543
4484 4485
4484 4543
4484 4544
4485 4544
4485 4545
4486 4545
4486 4546
4486 4547
4487 4488
4487 4547
4487 4548
4487 4549
4488 4489
4488 4548
4488 4549
4488 4550
4489 4549
4489 4550
4490 4491
4490 4551
4490 4552
4490 4553
4491 4492
4491 4552
4491 4553
4492 4493
4492 4553
4492 4554
4493 4554
4493 4555
4494 4555
4494 4556
4495 4496
4495 4557
4495 4558
4496 4497
4496 4557
4496 4558
4496 4559
4497 4498
4497 4558
4497 4559
4497 4560
4498 4499
4498 4559
4498 4560
4499 4500
4499 4560
4499 4561
4500 4501
4500 4561
4500 4562
4501 4502
4501 4561
4501 4562
4501 4563
4502 4562
4502 4563
4502 4564
4503 4564
4503 4565
4503 4566
4504 4566
4504 4567
4505 4567
4505 4568
4505 4569
4506 4569
4506 4570
4507 4508
4507 4570
4507 4571
4507 4572
4508 4509
4508 4571
4508 4572
4509 4572
4509 4573
4510 4511
4510 4573
4510 4574
4511 4512
4511 4574
4511 4575
4512 4513
4512 4574
4512 4575
4512 4576
4513 4514
4513 4575
4513 4576
4513 4577
4514 4515
4514 4576
4514 4577
4514 4578
4515 4516
4515 4577
4515 4578
4516 4517
4516 4578
4517 4579
4518 4519
4518 4579
4518 4580
4518 4581
4519 4580
4519 4581
4520 4521
4520 4582
4520 4583
4521 4522
4521 4582
4521 4583
4521 4584
4522 4583
4522 4584
4522 4585
4523 4524
4523 4585
4523 4586
4524 4586
4524 4587
4525 4526
4525 4587
4525 4588
4525 4589
4526 4527
4526 4588
4526 4589
4527 4589
4527 4590
4528 4590
4528 4591
4528 4592
4529 4530
4529 4592
4529 4593
4529 4594
4530 4531
4530 4593
4530 4594
4530 4595
4531 4594
4531 4595
4531 4596
4532 4533
4532 4596
4532 4597
4532 4598
4533 4534
4533 4597
4533 4598
4533 4599
4534 4535
4534 4598
4534 4599
4535 4536
4535 4599
4535 4600
4536 4600
4536 4601
4537 4538
4537 4601
4537 4602
4537 4603
4538 4539
4538 4602
4538 4603
4538 4604
4539 4603
4539 4604
4540 4541
4540 4605
4541 4542
4541 4605
4541 4606
4542 4543
4542 4605
4542 4606
4542 4607
4543 4606
4543 4607
4543 4608
4544 4545
4544 4608
4544 4609
4545 4546
4545 4609
4545 4610
4546 4547
4546 4609
4546 4610
4546 4611
4547 4548
4547 4610
4547 4611
4547 4612
4548 4549
4548 4611
4548 4612
4549 4550
4549 4612
4549 4613
4550 4613
4551 4552
4551 4614
4551 4615
4552 4553
4552 4614
4552 4615
4553 4615
4553 4616
4554 4555
4554 4616
4554 4617
4554 4618
4555 4556
4555 4617
4555 4618
4555 4619
4556 4618
4556 4619
4556 4620
4557 4558
4557 4620
4557 4621
4557 4622
4558 4559
4558 4621
4558 4622
4558 4623
4559 4560
4559 4622
4559 4623
4560 4623
4560 4624
4561 4562
4561 4624
4561 4625
4562 4563
4562 4625
4562 4626
4563 4564
4563 4625
4563 4626
4563 4627
4564 4565
4564 4626
4564 4627
4565 4566
4565 4627
4565 4628
4566 4628
4566 4629
4567 4568
4567 4629
4567 4630
4568 4569
4568 4630
4568 4631
4569 4631
4569 4632
4570 4571
4570 4632
4570 4633
4571 4572
4571 4633
4571 4634
4572 4634
4573 4635
4573 4636
4574 4575
4574 4636
4574 4637
4574 4638
4575 4576
4575 4637
4575 4638
4575 4639
4576 4577
4576 4638
4576 4639
4576 4640
4577 4578
4577 4639
4577 4640
4577 4641
4578 4640
4578 4641
4578 4642
4579 4580
4579 4643
4579 4644
4579 4645
4580 4581
4580 4644
4580 4645
4580 4646
4581 4645
4581 4646
4581 4647
4582 4583
4582 4647
4582 4648
4582 4649
4583 4584
4583 4648
4583 4649
4583 4650
4584 4585
4584 4649
4584 4650
4585 4650
4586 4587
4586 4651
4587 4588
4587 4651
4587 4652
4588 4589
4588 4652
4589 4652
4589 4653
4590 4591
4590 4653
4590 4654
4590 4655
4591 4592
4591 4654
4591 4655
4591 4656
4592 4593
4592 4655
4592 4656
4593 4594
4593 4656
4593 4657
4594 4595
4594 4657
4595 4596
4595 4657
4595 4658
4596 4597
4596 4658
4596 4659
4597 4598
4597 4658
4597 4659
4597 4660
4598 4599
4598 4659
4598 4660
4599 4660
4599 4661
4600 4601
4600 4661
4600 4662
4600 4663
4601 4602
4601 4662
4601 4663
4601 4664
4602 4603
4602 4663
4602 4664
4602 4665
4603 4604
4603 4664
4603 4665
4603 4666
4604 4665
4604 4666
4604 4667
4605 4606
4605 4668
4605 4669
4605 4670
4606 4607
4606 4669
4606 4670
4606 4671
4607 4608
4607 4670
4607 4671
4607 4672
4608 4671
4608 4672
4608 4673
4609 4610
4609 4673
4609 4674
4609 4675
4610 4611
4610 4674
4610 4675
4610 4676
4611 4612
4611 4675
4611 4676
4611 4677
4612 4676
4612 4677
4613 4678
4614 4615
4614 4679
4614 4680
4615 4679
4615 4680
4615 4681
4616 4617
4616 4681
4616 4682
4616 4683
4617 4618
4617 4682
4617 4683
4617 4684
4618 4619
4618 4683
4618 4684
4618 4685
4619 4620
4619 4684
4619 4685
4619 4686
4620 4621
4620 4685
4620 4686
4620 4687
4621 4622
4621 4686
4621 4687
4621 4688
4622 4623
4622 4687
4622 4688
4622 4689
4623 4688
4623 4689
4623 4690
4624 4690
4624 4691
4625 4626
4625 4691
4625 4692
4625 4693
4626 4627
4626 4692
4626 4693
4626 4694
4627 4693
4627 4694
4627 4695
4628 4629
4628 4695
4628 4696
4628 4697
4629 4630
4629 4696
4629 4697
4629 4698
4630 4697
4630 4698
4630 4699
4631 4632
4631 4699
4631 4700
4632 4633
4632 4700
4632 4701
4633 4701
4633 4702
4634 4702
4634 4703
4635 4636
4635 4703
4635 4704
4636 4637
4636 4704
4636 4705
4637 4638
4637 4704
4637 4705
4637 4706
4638 4639
4638 4705
4638 4706
4639 4640
4639 4706
4639 4707
4640 4641
4640 4707
4640 4708
4641 4642
4641 4707
4641 4708
4641 4709
4642 4643
4642 4708
4642 4709
4643 4644
4643 4709
4644 4645
4645 4646
4646 4647
4646 4710
4647 4648
4647 4710
4647 4711
4648 4649
4648 4710
4648 4711
4649 4650
4649 4711
4649 4712
4650 4712
4651 4713
4652 4714
4652 4715
4653 4654
4653 4715
4653 4716
4654 4655
4654 4716
4655 4656
4655 4717
4656 4717
4656 4718
4657 4718
4657 4719
4657 4720
4658 4659
4658 4720
4658 4721
4658 4722
4659 4660
4659 4721
4659 4722
4660 4722
4660 4723
4661 4662
4661 4723
4661 4724
4662 4663
4662 4724
4663 4664
4663 4725
4664 4665
4664 4725
4664 4726
4665 4666
4665 4725
4665 4726
4665 4727
4666 4667
4666 4726
4666 4727
4666 4728
4667 4668
4667 4727
4667 4728
4667 4729
4668 4669
4668 4728
4668 4729
4668 4730
4669 4670
4669 4729
4669 4730
4669 4731
4670 4671
4670 4730
4670 4731
4670 4732
4671 4672
4671 4731
4671 4732
4671 4733
4672 4673
4672 4732
4672 4733
4672 4734
4673 4674
4673 4733
4673 4734
4673 4735
4674 4675
4674 4734
4674 4735
4674 4736
4675 4676
4675 4735
4675 4736
4675 4737
4676 4677
4676 4736
4676 4737
4677 4737
4678 4738
4679 4680
4679 4739
4679 4740
4680 4681
4680 4739
4680 4740
4680 4741
4681 4682
4681 4740
4681 4741
4681 4742
4682 4683
4682 4741
4682 4742
4682 4743
4683 4684
4683 4742
4683 4743
4683 4744
4684 4685
4684 4743
4684 4744
4684 4745
4685 4686
4685 4744
4685 4745
4685 4746
4686 4687
4686 4745
4686 4746
4686 4747
4687 4688
4687 4746
4687 4747
4688 4689
4688 4747
4688 4748
4689 4690
4689 4748
4689 4749
4690 4748
4690 4749
4690 4750
4691 4692
4691 4750
4691 4751
4691 4752
4692 4693
4692 4751
4692 4752
4692 4753
4693 4694
4693 4752
4693 4753
4693 4754
4694 4695
4694 4753
4694 4754
4694 4755
4695 4696
4695 4754
4695 4755
4695 4756
4696 4697
4696 4755
4696 4756
4696 4757
4697 4698
4697 4756
4697 4757
4697 4758
4698 4699
4698 4757
4698 4758
4699 4700
4699 4758
4699 4759
4700 4759
4700 4760
4701 4702
4701 4760
4701 4761
4701 4762
4702 4761
4702 4762
4704 4705
4704 4763
4705 4706
4705 4763
4705 4764
4706 4764
4706 4765
4707 4708
4707 4765
4707 4766
4707 4767
4708 4709
4708 4766
4708 4767
4708 4768
4709 4767
4709 4768
4710 4711
4710 4770
4710 4771
4710 4772
4711 4771
4711 4772
4711 4773
4712 4773
4712 4774
4712 4775
4713 4776
4713 4777
4714 4715
4714 4777
4714 4778
4714 4779
4715 4716
4715 4778
4715 4779
4715 4780
4716 4779
4716 4780
4716 4781
4717 4718
4717 4782
4718 4719
4719 4720
4719 4783
4720 4721
4720 4783
4720 4784
4721 4722
4721 4783
4721 4784
4721 4785
4722 4784
4722 4785
4722 4786
4723 4724
4723 4786
4723 4787
4723 4788
4724 4787
4724 4788
4724 4789
4725 4726
4725 4790
4725 4791
4725 4792
4726 4727
4726 4791
4726 4792
4726 4793
4727 4728
4727 4792
4727 4793
4727 4794
4728 4729
4728 4793
4728 4794
4728 4795
4729 4730
4729 4794
4729 4795
4729 4796
4730 4731
4730 4795
4730 4796
4730 4797
4731 4732
4731 4796
4731 4797
4732 4733
4732 4797
4732 4798
4733 4734
4733 4798
4733 4799
4734 4735
4734 4798
4734 4799
4734 4800
4735 4736
4735 4799
4735 4800
4736 4737
4736 4800
4736 4801
4737 4801
4737 4802
4739 4740
4739 4803
4739 4804
4740 4741
4740 4803
4740 4804
4740 4805
4741 4742
4741 4804
4741 4805
4741 4806
4742 4743
4742 4805
4742 4806
4742 4807
4743 4744
4743 4806
4743 4807
4743 4808
4744 4745
4744 4807
4744 4808
4744 4809
4745 4746
4745 4808
4745 4809
4745 4810
4746 4747
4746 4809
4746 4810
4746 4811
4747 4810
4747 4811
4747 4812
4748 4749
4748 4812
4748 4813
4748 4814
4749 4750
4749 4813
4749 4814
4749 4815
4750 4751
4750 4814
4750 4815
4751 4752
4751 4815
4751 4816
4752 4753
4752 4816
4752 4817
4753 4754
4753 4816
4753 4817
4753 4818
4754 4755
4754 4817
4754 4818
4754 4819
4755 4756
4755 4818
4755 4819
4755 4820
4756 4757
4756 4819
4756 4820
4756 4821
4757 4758
4757 4820
4757 4821
4757 4822
4758 4821
4758 4822
4758 4823
4759 4760
4759 4823
4759 4824
4759 4825
4760 4761
4760 4824
4760 4825
4760 4826
4761 4762
4761 4825
4761 4826
4761 4827
4762 4826
4762 4827
4762 4828
4763 4829
4763 4830
4763 4831
4764 4765
4764 4831
4764 4832
4764 4833
4765 4766
4765 4832
4765 4833
4765 4834
4766 4767
4766 4833
4766 4834
4766 4835
4767 4768
4767 4834
4767 4835
4767 4836
4768 4835
4768 4836
4768 4837
4769 4837
4769 4838
4770 4771
4770 4838
4770 4839
4771 4772
4771 4839
4771 4840
4772 4773
4772 4839
4772 4840
4772 4841
4773 4774
4773 4840
4773 4841
4773 4842
4774 4775
4774 4841
4774 4842
4774 4843
4775 4776
4775 4842
4775 4843
4775 4844
4776 4843
4776 4844
4776 4845
4777 4778
4777 4845
4777 4846
4777 4847
4778 4779
4778 4846
4778 4847
4778 4848
4779 4780
4779 4847
4779 4848
4779 4849
4780 4781
4780 4848
4780 4849
4780 4850
4781 4782
4781 4849
4781 4850
4781 4851
4782 4850
4782 4851
4782 4852
4783 4784
4783 4854
4783 4855
4783 4856
4784 4785
4784 4855
4784 4856
4784 4857
4785 4786
4785 4856
4785 4857
4786 4787
4786 4857
4786 4858
4787 4788
4787 4858
4788 4789
4788 4858
4788 4859
4789 4790
4789 4859
4789 4860
4790 4791
4790 4859
4790 4860
4790 4861
4791 4792
4791 4860
4791 4861
4791 4862
4792 4793
4792 4861
4792 4862
4793 4794
4793 4862
4793 4863
4794 4795
4794 4863
4794 4864
4795 4796
4795 4863
4795 4864
4795 4865
4796 4797
4796 4864
4796 4865
4797 4865
4797 4866
4798 4799
4798 4866
4798 4867
4798 4868
4799 4800
4799 4867
4799 4868
4799 4869
4800 4868
4800 4869
4800 4870
4801 4802
4801 4870
4801 4871
4801 4872
4802 4871
4802 4872
4803 4804
4803 4874
4803 4875
4804 4805
4804 4874
4804 4875
4804 4876
4805 4806
4805 4875
4805 4876
4805 4877
4806 4807
4806 4876
4806 4877
4806 4878
4807 4808
4807 4877
4807 4878
4807 4879
4808 4809
4808 4878
4808 4879
4808 4880
4809 4810
4809 4879
4809 4880
4810 4811
4810 4880
4810 4881
4811 4812
4811 4881
4811 4882
4812 4813
4812 4881
4812 4882
4812 4883
4813 4814
4813 4882
4813 4883
4813 4884
4814 4815
4814 4883
4814 4884
4815 4884
4815 4885
4816 4817
4816 4885
4816 4886
4817 4818
4817 4886
4817 4887
4818 4819
4818 4886
4818 4887
4818 4888
4819 4820
4819 4887
4819 4888
4819 4889
4820 4821
4820 4888
4820 4889
4820 4890
4821 4822
4821 4889
4821 4890
4821 4891
4822 4823
4822 4890
4822 4891
4823 4824
4823 4891
4823 4892
4824 4825
4824 4892
4824 4893
4825 4826
4825 4892
4825 4893
4825 4894
4826 4827
4826 4893
4826 4894
4826 4895
4827 4828
4827 4894
4827 4895
4827 4896
4828 4895
4828 4896
4829 4830
4829 4897
4829 4898
4830 4831
4830 4897
4830 4898
4830 4899
4831 4832
4831 4898
4831 4899
4832 4833
4832 4899
4832 4900
4833 4834
4833 4900
4833 4901
4834 4835
4834 4900
4834 4901
4834 4902
4835 4836
4835 4901
4835 4902
4836 4837
4836 4902
4836 4903
4837 4903
4837 4904
4838 4904
4838 4905
4838 4906
4839 4840
4839 4906
4840 4841
4841 4842
4841 4907
4842 4843
4842 4907
4842 4908
4843 4844
4843 4907
4843 4908
4843 4909
4844 4845
4844 4908
4844 4909
4844 4910
4845 4846
4845 4909
4845 4910
4846 4847
4846 4910
4846 4911
4847 4848
4847 4911
4848 4849
4848 4911
4849 4850
4849 4912
4850 4851
4850 4912
4850 4913
4851 4852
4851 4912
4851 4913
4852 4853
4852 4913
4852 4914
4853 4854
4853 4914
4853 4915
4854 4855
4854 4914
4854 4915
4854 4916
4855 4856
4855 4915
4855 4916
4855 4917
4856 4857
4856 4916
4856 4917
4856 4918
4857 4917
4857 4918
4857 4919
4858 4919
4858 4920
4858 4921
4859 4860
4859 4921
4859 4922
4859 4923
4860 4861
4860 4922
4860 4923
4861 4862
4861 4923
4861 4924
4862 4924
4862 4925
4863 4864
4863 4925
4863 4926
4864 4865
4864 4926
4865 4926
4865 4927
4866 4867
4866 4927
4866 4928
4866 4929
4867 4868
4867 4928
4867 4929
4867 4930
4868 4869
4868 4929
4868 4930
4868 4931
4869 4870
4869 4930
4869 4931
4870 4871
4870 4931
4870 4932
4871 4872
4871 4932
4871 4933
4872 4932
4872 4933
4873 4934
4874 4875
4874 4935
4874 4936
4875 4876
4875 4935
4875 4936
4875 4937
4876 4877
4876 4936
4876 4937
4877 4878
4877 4937
4877 4938
4878 4879
4878 4938
4879 4880
4879 4938
4880 4939
4881 4882
4881 4939
4881 4940
4882 4883
4882 4940
4882 4941
4883 4884
4883 4941
4884 4941
4884 4942
4885 4942
4885 4943
4886 4887
4886 4944
4886 4945
4887 4888
4887 4944
4887 4945
4887 4946
4888 4889
4888 4945
4888 4946
4889 4890
4889 4946
4889 4947
4890 4891
4890 4947
4890 4948
4891 4947
4891 4948
4892 4893
4892 4949
4893 4894
4893 4949
4893 4950
4894 4895
4894 4950
4894 4951
4895 4896
4895 4950
4895 4951
4896 4951
4897 4898
4897 4952
4898 4899
4898 4952
4899 4952
4899 4953
4900 4901
4900 4953
4900 4954
4901 4902
4901 4954
4901 4955
4902 4954
4902 4955
4903 4904
4903 4956
4903 4957
4904 4905
4904 4956
4904 4957
4904 4958
4905 4906
4905 4957
4905 4958
4906 4958
4906 4959
4907 4908
4907 4961
4907 4962
4907 4963
4908 4909
4908 4962
4908 4963
4908 4964
4909 4910
4909 4963
4909 4964
4909 4965
4910 4964
4910 4965
4910 4966
4911 4966
4911 4967
4911 4968
4912 4913
4912 4969
4912 4970
4913 4969
4913 4970
4914 4915
4914 4971
4915 4916
4915 4971
4915 4972
4916 4917
4916 4972
4916 4973
4917 4918
4917 4972
4917 4973
4917 4974
4918 4919
4918 4973
4918 4974
4918 4975
4919 4920
4919 4974
4919 4975
4919 4976
4920 4921
4920 4975
4920 4976
4920 4977
4921 4922
4921 4976
4921 4977
4921 4978
4922 4923
4922 4977
4922 4978
4922 4979
4923 4978
4923 4979
4923 4980
4924 4925
4924 4980
4924 4981
4924 4982
4925 4981
4925 4982
4925 4983
4926 4983
4926 4984
4926 4985
4927 4928
4927 4985
4927 4986
4927 4987
4928 4929
4928 4986
4928 4987
4928 4988
4929 4930
4929 4987
4929 4988
4929 4989
4930 4931
4930 4988
4930 4989
4931 4989
4931 4990
4932 4933
4932 4990
4932 4991
4933 4991
4934 4992
4935 4936
4935 4993
4935 4994
4936 4937
4936 4993
4936 4994
4936 4995
4937 4994
4937 4995
4937 4996
4938 4996
4938 4997
4939 4940
4939 4998
4939 4999
4940 4999
4940 5000
4941 5000
4941 5001
4942 4943
4942 5001
4942 5002
4943 5002
4943 5003
4944 4945
4944 5003
4944 5004
4945 4946
4945 5004
4946 5005
4947 4948
4947 5005
4947 5006
4948 5006
4948 5007
4949 5007
4949 5008
4949 5009
4950 4951
4950 5009
4950 5010
4951 5010
4952 5011
4952 5012
4953 5012
4953 5013
4953 5014
4954 4955
4954 5014
4954 5015
4954 5016
4955 5015
4955 5016
4955 5017
4956 4957
4956 5017
4956 5018
4956 5019
4957 4958
4957 5018
4957 5019
4957 5020
4958 5019
4958 5020
4958 5021
4959 4960
4959 5021
4959 5022
4959 5023
4960 4961
4960 5022
4960 5023
4960 5024
4961 4962
4961 5023
4961 5024
4961 5025
4962 4963
4962 5024
4962 5025
4962 5026
4963 4964
4963 5025
4963 5026
4963 5027
4964 4965
4964 5026
4964 5027
4964 5028
4965 4966
4965 5027
4965 5028
4966 4967
4966 5028
4966 5029
4967 4968
4967 5029
4967 5030
4968 5029
4968 5030
4968 5031
4969 4970
4969 5031
4969 5032
4970 5032
4970 5033
4971 5033
4971 5034
4971 5035
4972 4973
4972 5035
4972 5036
4972 5037
4973 4974
4973 5036
4973 5037
4974 4975
4974 5037
4974 5038
4975 4976
4975 5038
4976 4977
4976 5038
4976 5039
4977 4978
4977 5039
4977 5040
4978 4979
4978 5039
4978 5040
4978 5041
4979 4980
4979 5040
4979 5041
4979 5042
4980 4981
4980 5041
4980 5042
4980 5043
4981 4982
4981 5042
4981 5043
4981 5044
4982 4983
4982 5043
4982 5044
4982 5045
4983 4984
4983 5044
4983 5045
4983 5046
4984 4985
4984 5045
4984 5046
4985 4986
4985 5046
4986 4987
4986 5047
4987 4988
4987 5047
4987 5048
4988 4989
4988 5047
4988 5048
4988 5049
4989 5048
4989 5049
4990 5050
4990 5051
4991 5051
4991 5052
4991 5053
4992 5053
4992 5054
4993 4994
4993 5055
4993 5056
4994 4995
4994 5055
4994 5056
4994 5057
4995 4996
4995 5056
4995 5057
4995 5058
4996 5057
4996 5058
4996 5059
4997 4998
4997 5059
4997 5060
4997 5061
4998 5060
4998 5061
4999 5000
4999 5062
4999 5063
5000 5062
5000 5063
5001 5002
5001 5064
5001 5065
5002 5064
5002 5065
5002 5066
5003 5004
5003 5066
5003 5067
5003 5068
5004 5067
5004 5068
5005 5006
5005 5069
5006 5069
5006 5070
5007 5008
5007 5070
5007 5071
5008 5009
5008 5071
5008 5072
5009 5072
5009 5073
5010 5073
5010 5074
5011 5075
5011 5076
5011 5077
5012 5013
5012 5077
5012 5078
5013 5014
5013 5078
5013 5079
5014 5015
5014 5078
5014 5079
5015 5016
5015 5079
5015 5080
5016 5017
5016 5080
5017 5018
5017 5080
5017 5081
5018 5019
5018 5081
5018 5082
5019 5020
5019 5081
5019 5082
5019 5083
5020 5021
5020 5082
5020 5083
5020 5084
5021 5022
5021 5083
5021 5084
5021 5085
5022 5023
5022 5084
5022 5085
5022 5086
5023 5024
5023 5085
5023 5086
5023 5087
5024 5025
5024 5086
5024 5087
5024 5088
5025 5026
5025 5087
5025 5088
5025 5089
5026 5027
5026 5088
5026 5089
5026 5090
5027 5028
5027 5089
5027 5090
5027 5091
5028 5090
5028 5091
5028 5092
5029 5030
5029 5092
5029 5093
5030 5031
5030 5093
5031 5094
5032 5033
5032 5094
5032 5095
5032 5096
5033 5034
5033 5095
5033 5096
5033 5097
5034 5035
5034 5096
5034 5097
5034 5098
5035 5036
5035 5097
5035 5098
5035 5099
5036 5037
5036 5098
5036 5099
5037 5099
5038 5100
5038 5101
5039 5040
5039 5101
5039 5102
5039 5103
5040 5041
5040 5102
5040 5103
5040 5104
5041 5042
5041 5103
5041 5104
5041 5105
5042 5043
5042 5104
5042 5105
5042 5106
5043 5044
5043 5105
5043 5106
5043 5107
5044 5045
5044 5106
5044 5107
5044 5108
5045 5046
5045 5107
5045 5108
5045 5109
5046 5108
5046 5109
5046 5110
5047 5048
5047 5111
5047 5112
5048 5049
5048 5112
5048 5113
5049 5112
5049 5113
5049 5114
5050 5051
5050 5114
5050 5115
5050 5116
5051 5052
5051 5115
5051 5116
5051 5117
5052 5053
5052 5116
5052 5117
5052 5118
5053 5054
5053 5117
5053 5118
5053 5119
5054 5118
5054 5119
5055 5056
5056 5057
5057 5058
5058 5059
5059 5060
5060 5061
5062 5063
5064 5065
5065 5066
5066 5067
5067 5068
5070 5071
5072 5073
5074 5075
5075 5076
5076 5077
5078 5079
5081 5082
5082 5083
5083 5084
5084 5085
5085 5086
5086 5087
5087 5088
5088 5089
5089 5090
5090 5091
5091 5092
5092 5093
5094 5095
5095 5096
5096 5097
5097 5098
5098 5099
5100 5101
5101 5102
5102 5103
5103 5104
5104 5105
5105 5106
5106 5107
5107 5108
5108 5109
5109 5110
5110 5111
5112 5113
5113 5114
5114 5115
5115 5116
5116 5117
5117 5118
5118 5119
