# FromNodeId	ToNodeId
0 58
0 59
1 2
1 59
1 60
1 61
2 3
2 60
2 61
2 62
3 4
3 61
3 62
3 63
4 5
4 62
4 63
5 6
5 63
5 64
6 7
6 64
6 65
7 8
7 64
7 65
8 9
8 65
8 66
9 10
9 66
10 11
10 66
10 67
11 12
11 67
11 68
12 13
12 67
12 68
13 14
13 68
13 69
14 15
14 69
14 70
15 16
15 69
15 70
15 71
16 17
16 70
16 71
16 72
17 18
17 71
17 72
17 73
18 19
18 72
18 73
18 74
19 20
19 73
19 74
19 75
20 21
20 74
20 75
20 76
21 22
21 75
21 76
21 77
22 23
22 76
22 77
22 78
23 24
23 77
23 78
23 79
24 25
24 78
24 79
24 80
25 26
25 79
25 80
25 81
26 27
26 80
26 81
26 82
27 28
27 81
27 82
27 83
28 82
28 83
28 84
29 30
29 84
29 85
29 86
30 31
30 85
30 86
31 32
31 86
31 87
32 33
32 87
32 88
33 34
33 87
33 88
34 88
34 89
35 36
35 89
35 90
35 91
36 90
36 91
36 92
37 38
37 95
37 96
37 97
38 39
38 96
38 97
38 98
39 40
39 97
39 98
39 99
40 98
40 99
40 100
41 42
41 100
41 101
41 102
42 43
42 101
42 102
42 103
43 44
43 102
43 103
43 104
44 45
44 103
44 104
44 105
45 46
45 104
45 105
46 47
46 105
46 106
47 48
47 106
47 107
48 49
48 106
48 107
48 108
49 107
49 108
49 109
50 51
50 109
50 110
50 111
51 52
51 110
51 111
52 53
52 111
52 112
53 112
53 113
54 55
54 113
54 114
54 115
55 56
55 114
55 115
55 116
56 57
56 115
56 116
57 116
57 117
58 59
58 119
59 60
59 119
59 120
60 61
60 120
60 121
61 62
61 120
61 121
61 122
62 63
62 121
62 122
63 122
63 123
64 65
64 123
64 124
64 125
65 124
65 125
65 126
66 126
66 127
66 128
67 68
67 128
67 129
67 130
68 129
68 130
68 131
69 70
69 131
69 132
70 71
70 132
70 133
71 72
71 133
71 134
72 73
72 133
72 134
72 135
73 74
73 134
73 135
73 136
74 75
74 135
74 136
74 137
75 76
75 136
75 137
76 77
76 137
76 138
77 78
77 138
77 139
78 79
78 138
78 139
79 80
79 139
79 140
80 81
80 140
80 141
81 82
81 140
81 141
81 142
82 83
82 141
82 142
82 143
83 84
83 142
83 143
83 144
84 85
84 143
84 144
84 145
85 86
85 144
85 145
85 146
86 145
86 146
87 88
87 147
87 148
88 147
88 148
88 149
89 90
89 149
89 150
90 91
90 150
91 92
91 150
92 93
92 151
93 94
93 151
94 95
94 151
94 152
95 96
95 152
95 153
96 97
96 152
96 153
96 154
97 98
97 153
97 154
97 155
98 99
98 154
98 155
99 100
99 155
99 156
100 101
100 156
100 157
101 102
101 156
101 157
101 158
102 103
102 157
102 158
102 159
103 104
103 158
103 159
103 160
104 105
104 159
104 160
105 160
105 161
106 107
106 161
106 162
107 108
107 162
107 163
108 109
108 162
108 163
108 164
109 110
109 163
109 164
109 165
110 111
110 164
110 165
110 166
111 165
111 166
111 167
112 113
112 167
112 168
112 169
113 114
113 168
113 169
113 170
114 115
114 169
114 170
114 171
115 116
115 170
115 171
115 172
116 171
116 172
116 173
117 118
117 173
119 174
119 175
120 121
120 175
120 176
120 177
121 122
121 176
121 177
121 178
122 177
122 178
123 124
123 179
124 125
124 179
125 126
125 180
126 127
126 180
127 128
127 180
127 181
128 129
128 181
129 130
129 181
129 182
130 131
130 182
130 183
131 132
131 182
131 183
132 183
132 184
133 134
133 184
133 185
133 186
134 135
134 185
134 186
134 187
135 136
135 186
135 187
135 188
136 137
136 187
136 188
137 188
137 189
138 139
138 189
138 190
138 191
139 190
139 191
139 192
140 141
140 192
140 193
141 142
141 193
142 143
143 144
143 194
144 145
144 194
144 195
145 146
145 194
145 195
145 196
146 195
146 196
146 197
147 148
147 197
147 198
147 199
148 149
148 198
148 199
148 200
149 199
149 200
149 201
150 201
150 202
150 203
151 204
151 205
152 153
153 154
153 206
154 155
154 206
154 207
155 206
155 207
156 157
157 158
157 208
158 159
158 208
158 209
159 160
159 208
159 209
159 210
160 209
160 210
161 211
161 212
162 163
162 212
162 213
163 164
163 213
163 214
164 165
164 214
164 215
165 166
165 214
165 215
165 216
166 167
166 215
166 216
166 217
167 168
167 216
167 217
167 218
168 169
168 217
168 218
168 219
169 170
169 218
169 219
169 220
170 171
170 219
170 220
170 221
171 172
171 220
171 221
172 173
172 221
172 222
173 222
173 223
174 175
174 225
174 226
175 176
175 225
175 226
175 227
176 177
176 226
176 227
176 228
177 178
177 227
177 228
177 229
178 228
178 229
178 230
179 230
179 231
179 232
180 233
180 234
180 235
181 235
181 236
182 183
182 236
182 237
183 237
183 238
184 185
184 238
184 239
184 240
185 186
185 239
185 240
185 241
186 187
186 240
186 241
186 242
187 188
187 241
187 242
187 243
188 242
188 243
188 244
189 190
189 244
189 245
189 246
190 191
190 245
190 246
190 247
191 192
191 246
191 247
191 248
192 193
192 247
192 248
192 249
193 248
193 249
194 195
194 250
194 251
195 196
195 250
195 251
195 252
196 197
196 251
196 252
196 253
197 198
197 252
197 253
198 199
198 253
199 200
199 254
200 201
200 254
200 255
201 202
201 254
201 255
201 256
202 203
202 255
202 256
203 204
203 256
203 257
204 205
204 257
204 258
205 257
205 258
205 259
206 207
206 261
206 262
207 262
208 209
208 264
208 265
208 266
209 210
209 265
209 266
209 267
210 266
210 267
211 212
211 268
211 269
212 213
212 268
212 269
212 270
213 269
213 270
214 215
214 271
214 272
215 216
215 271
215 272
215 273
216 217
216 272
216 273
216 274
217 218
217 273
217 274
217 275
218 219
218 274
218 275
218 276
219 220
219 275
219 276
219 277
220 221
220 276
220 277
220 278
221 277
221 278
221 279
222 223
222 279
222 280
222 281
223 224
223 280
223 281
223 282
224 281
224 282
225 226
225 283
225 284
226 227
226 283
226 284
226 285
227 228
227 284
227 285
228 229
228 285
228 286
229 230
229 286
229 287
230 231
230 286
230 287
231 232
231 287
231 288
232 233
232 288
232 289
233 234
233 288
233 289
233 290
234 235
234 289
234 290
235 290
235 291
236 237
236 291
236 292
237 292
237 293
238 239
238 293
238 294
238 295
239 240
239 294
239 295
239 296
240 241
240 295
240 296
240 297
241 242
241 296
241 297
241 298
242 243
242 297
242 298
242 299
243 244
243 298
243 299
244 245
244 299
244 300
245 246
245 300
245 301
246 247
246 300
246 301
246 302
247 248
247 301
247 302
247 303
248 249
248 302
248 303
248 304
249 303
249 304
249 305
250 251
250 306
250 307
250 308
251 252
251 307
251 308
251 309
252 253
252 308
252 309
253 309
253 310
254 255
254 311
254 312
255 256
255 312
255 313
256 312
256 313
256 314
257 258
257 314
257 315
257 316
258 259
258 315
258 316
258 317
259 260
259 316
259 317
259 318
260 261
260 317
260 318
260 319
261 318
261 319
261 320
262 320
262 321
263 264
263 322
263 323
264 265
264 322
264 323
264 324
265 266
265 323
265 324
265 325
266 267
266 324
266 325
266 326
267 325
267 326
267 327
268 269
268 327
268 328
268 329
269 270
269 328
269 329
270 329
270 330
271 272
271 330
271 331
271 332
272 273
272 331
272 332
272 333
273 274
273 332
273 333
274 275
274 333
274 334
275 276
275 334
275 335
276 277
276 334
276 335
276 336
277 278
277 335
277 336
277 337
278 279
278 336
278 337
278 338
279 280
279 337
279 338
279 339
280 281
280 338
280 339
280 340
281 282
281 339
281 340
281 341
282 340
282 341
283 284
284 285
286 287
286 342
287 342
287 343
288 289
288 343
288 344
289 290
289 344
289 345
290 344
290 345
291 346
291 347
292 293
292 347
292 348
292 349
293 294
293 348
293 349
293 350
294 295
294 349
294 350
294 351
295 296
295 350
295 351
295 352
296 297
296 351
296 352
296 353
297 298
297 352
297 353
297 354
298 299
298 353
298 354
298 355
299 354
299 355
299 356
300 301
300 356
300 357
300 358
301 302
301 357
301 358
302 303
302 358
302 359
303 304
303 359
303 360
304 305
304 359
304 360
304 361
305 360
305 361
305 362
306 307
306 362
306 363
307 308
307 363
307 364
308 309
308 363
308 364
308 365
309 364
309 365
310 311
310 366
310 367
311 366
311 367
311 368
312 313
312 368
312 369
312 370
313 314
313 369
313 370
313 371
314 315
314 370
314 371
314 372
315 316
315 371
315 372
315 373
316 317
316 372
316 373
316 374
317 318
317 373
317 374
318 319
318 374
318 375
319 320
319 375
319 376
320 321
320 375
320 376
320 377
321 376
321 377
321 378
322 323
322 378
322 379
322 380
323 324
323 379
323 380
323 381
324 325
324 380
324 381
324 382
325 326
325 381
325 382
325 383
326 327
326 382
326 383
326 384
327 328
327 383
327 384
327 385
328 329
328 384
328 385
328 386
329 385
329 386
329 387
330 331
330 387
330 388
330 389
331 332
331 388
331 389
331 390
332 333
332 389
332 390
332 391
333 390
333 391
333 392
334 335
334 392
334 393
334 394
335 336
335 393
335 394
335 395
336 337
336 394
336 395
336 396
337 338
337 395
337 396
338 339
338 396
339 340
339 397
340 341
340 397
340 398
341 397
341 398
342 401
343 402
343 403
344 345
344 403
345 404
346 347
346 404
346 405
346 406
347 348
347 405
347 406
347 407
348 349
348 406
348 407
349 350
349 407
350 351
350 408
351 352
351 408
351 409
352 353
352 408
352 409
352 410
353 354
353 409
353 410
354 355
354 410
354 411
355 356
355 411
355 412
356 357
356 411
356 412
357 358
357 412
358 413
359 360
359 413
359 414
359 415
360 361
360 414
360 415
360 416
361 362
361 415
361 416
361 417
362 416
362 417
363 364
363 418
363 419
364 365
364 418
364 419
365 419
365 420
366 367
366 420
366 421
366 422
367 368
367 421
367 422
367 423
368 369
368 422
368 423
368 424
369 370
369 423
369 424
369 425
370 371
370 424
370 425
371 372
371 425
371 426
372 373
372 426
372 427
373 374
373 426
373 427
373 428
374 427
374 428
374 429
375 376
375 429
375 430
375 431
376 377
376 430
376 431
376 432
377 378
377 431
377 432
377 433
378 379
378 432
378 433
378 434
379 380
379 433
379 434
379 435
380 381
380 434
380 435
380 436
381 382
381 435
381 436
381 437
382 383
382 436
382 437
383 384
383 437
383 438
384 385
384 438
384 439
385 386
385 438
385 439
386 387
386 439
386 440
387 388
387 440
388 389
388 440
388 441
389 390
389 441
390 391
390 441
390 442
391 392
391 442
392 393
392 442
392 443
393 394
393 443
393 444
394 395
394 443
394 444
394 445
395 396
395 444
395 445
395 446
396 445
396 446
396 447
397 398
397 448
397 449
398 449
399 450
399 451
400 401
400 451
400 452
400 453
401 452
401 453
401 454
402 403
402 455
402 456
402 457
403 456
403 457
403 458
404 405
404 459
404 460
404 461
405 406
405 460
405 461
405 462
406 407
406 461
406 462
406 463
407 462
407 463
408 409
408 464
408 465
409 410
409 464
409 465
410 465
410 466
411 412
411 466
411 467
411 468
412 467
412 468
412 469
413 414
413 470
413 471
413 472
414 415
414 471
414 472
414 473
415 416
415 472
415 473
415 474
416 417
416 473
416 474
416 475
417 474
417 475
417 476
418 419
418 476
418 477
419 477
419 478
420 421
420 478
420 479
421 422
421 479
421 480
422 423
422 479
422 480
422 481
423 424
423 480
423 481
423 482
424 425
424 481
424 482
425 482
425 483
426 427
426 483
426 484
427 428
427 484
427 485
428 429
428 485
428 486
429 430
429 485
429 486
429 487
430 431
430 486
430 487
430 488
431 432
431 487
431 488
432 433
432 488
432 489
433 434
433 489
434 435
434 489
434 490
435 436
435 490
435 491
436 437
436 490
436 491
437 491
437 492
438 439
438 492
438 493
439 493
439 494
440 494
440 495
440 496
441 496
441 497
441 498
442 498
442 499
442 500
443 444
443 500
443 501
443 502
444 445
444 501
444 502
445 446
445 502
445 503
446 447
446 503
446 504
447 448
447 503
447 504
447 505
448 449
448 504
448 505
448 506
449 505
449 506
449 507
450 451
450 508
451 452
451 508
451 509
452 453
452 508
452 509
452 510
453 454
453 509
453 510
454 455
454 510
455 456
455 511
456 457
456 511
456 512
457 458
457 511
457 512
457 513
458 459
458 512
458 513
458 514
459 460
459 513
459 514
459 515
460 461
460 514
460 515
460 516
461 462
461 515
461 516
461 517
462 463
462 516
462 517
462 518
463 517
463 518
463 519
464 465
464 520
464 521
465 521
465 522
466 467
466 522
466 523
467 468
467 523
467 524
468 469
468 524
468 525
469 470
469 524
469 525
470 471
470 525
471 472
471 526
472 473
472 526
472 527
473 474
473 526
473 527
473 528
474 475
474 527
474 528
474 529
475 476
475 528
475 529
475 530
476 477
476 529
476 530
476 531
477 530
477 531
477 532
478 532
479 480
479 533
479 534
480 481
480 533
480 534
481 482
481 534
481 535
482 535
482 536
483 484
483 536
483 537
484 537
484 538
485 486
485 538
485 539
485 540
486 487
486 539
486 540
486 541
487 488
487 540
487 541
487 542
488 541
488 542
488 543
489 543
489 544
489 545
490 491
490 545
490 546
490 547
491 546
491 547
491 548
492 548
492 549
492 550
493 494
493 550
493 551
494 495
494 551
494 552
495 496
495 551
495 552
495 553
496 497
496 552
496 553
497 498
497 553
498 499
498 554
499 500
499 554
499 555
500 501
500 554
500 555
500 556
501 502
501 555
501 556
502 556
502 557
503 504
503 557
503 558
503 559
504 505
504 558
504 559
504 560
505 506
505 559
505 560
505 561
506 507
506 560
506 561
506 562
507 561
507 562
508 509
508 563
508 564
509 510
509 564
509 565
510 565
511 512
511 566
511 567
512 513
512 566
512 567
512 568
513 514
513 567
513 568
513 569
514 515
514 568
514 569
514 570
515 516
515 569
515 570
516 517
516 570
517 518
517 571
518 519
518 571
518 572
519 520
519 571
519 572
520 521
520 572
520 573
521 573
521 574
522 523
522 574
522 575
522 576
523 575
523 576
523 577
524 525
524 577
524 578
524 579
525 578
525 579
525 580
526 527
526 581
526 582
526 583
527 528
527 582
527 583
527 584
528 529
528 583
528 584
528 585
529 530
529 584
529 585
530 531
530 585
530 586
531 532
531 586
531 587
532 586
532 587
532 588
533 534
533 589
533 590
534 590
534 591
535 536
535 591
535 592
536 537
536 592
536 593
537 592
537 593
537 594
538 539
538 594
539 540
539 595
540 541
540 595
540 596
541 542
541 595
541 596
541 597
542 543
542 596
542 597
543 544
543 597
543 598
544 545
544 598
544 599
545 546
545 598
545 599
546 547
546 599
547 548
547 600
548 549
548 600
548 601
549 550
549 600
549 601
549 602
550 601
550 602
551 552
551 603
552 553
552 603
553 603
553 604
554 555
554 605
555 556
555 606
556 606
556 607
557 558
557 607
558 559
558 608
559 560
559 608
559 609
560 561
560 608
560 609
560 610
561 562
561 609
561 610
561 611
562 610
562 611
563 564
563 612
563 613
564 612
564 613
564 614
565 614
565 615
566 567
566 616
566 617
567 568
567 617
567 618
568 569
568 617
568 618
569 570
569 618
569 619
570 619
570 620
571 572
571 621
571 622
571 623
572 622
572 623
572 624
573 574
573 624
573 625
573 626
574 575
574 625
574 626
574 627
575 576
575 626
575 627
575 628
576 577
576 627
576 628
576 629
577 578
577 628
577 629
577 630
578 579
578 629
578 630
579 580
579 630
580 581
580 631
581 582
581 631
582 583
582 631
582 632
583 584
583 632
583 633
584 585
584 632
584 633
585 633
585 634
586 587
586 634
586 635
586 636
587 588
587 635
587 636
588 589
588 636
588 637
589 590
589 637
589 638
590 637
590 638
590 639
591 639
591 640
592 593
593 594
593 641
594 641
594 642
595 596
595 643
595 644
595 645
596 597
596 644
596 645
596 646
597 645
597 646
597 647
598 599
598 647
600 601
600 648
600 649
600 650
601 602
601 649
601 650
601 651
602 650
602 651
602 652
603 653
603 654
603 655
604 605
604 655
604 656
605 656
605 657
606 607
606 658
607 658
607 659
608 609
608 660
608 661
609 610
609 661
609 662
610 611
610 662
610 663
611 662
611 663
612 613
613 614
613 664
614 664
614 665
615 616
615 665
615 666
615 667
616 666
616 667
616 668
617 618
617 668
617 669
617 670
618 669
618 670
618 671
619 620
619 671
619 672
620 621
620 672
620 673
621 622
621 672
621 673
621 674
622 623
622 673
622 674
622 675
623 624
623 674
623 675
624 625
624 675
624 676
625 626
625 676
626 627
626 676
626 677
627 628
627 677
627 678
628 629
628 677
628 678
629 630
629 678
629 679
630 679
631 680
631 681
631 682
632 633
632 682
632 683
633 683
633 684
634 635
634 684
634 685
634 686
635 636
635 685
635 686
635 687
636 686
636 687
637 638
637 688
637 689
638 639
638 688
638 689
638 690
639 640
639 689
639 690
639 691
640 690
640 691
640 692
641 642
641 694
642 643
642 694
642 695
643 644
643 694
643 695
643 696
644 645
644 695
644 696
644 697
645 646
645 696
645 697
645 698
646 647
646 697
646 698
646 699
647 698
647 699
647 700
648 649
648 702
648 703
648 704
649 650
649 703
649 704
649 705
650 651
650 704
650 705
650 706
651 652
651 705
651 706
651 707
652 653
652 706
652 707
652 708
653 654
653 707
653 708
653 709
654 655
654 708
654 709
654 710
655 709
655 710
656 657
656 711
657 711
657 712
658 659
658 713
658 714
658 715
659 660
659 714
659 715
659 716
660 661
660 715
660 716
660 717
661 716
661 717
661 718
662 663
662 718
662 719
663 719
664 665
664 721
664 722
664 723
665 666
665 722
665 723
666 667
666 723
666 724
667 668
667 724
668 669
668 724
669 670
669 725
670 671
670 725
671 725
671 726
672 673
672 726
672 727
672 728
673 674
673 727
673 728
673 729
674 675
674 728
674 729
674 730
675 729
675 730
676 731
677 678
677 732
677 733
678 732
678 733
678 734
679 734
679 735
679 736
680 681
680 736
680 737
680 738
681 682
681 737
681 738
682 683
682 738
683 739
684 685
684 739
684 740
684 741
685 686
685 740
685 741
685 742
686 687
686 741
686 742
686 743
687 742
687 743
687 744
688 689
688 744
688 745
689 690
689 745
689 746
690 691
690 746
690 747
691 692
691 746
691 747
691 748
692 693
692 747
692 748
692 749
693 748
693 749
693 750
694 695
694 751
694 752
695 696
695 752
695 753
696 697
696 752
696 753
696 754
697 698
697 753
697 754
697 755
698 699
698 754
698 755
699 700
699 755
699 756
700 701
700 756
700 757
701 702
701 756
701 757
701 758
702 703
702 757
702 758
702 759
703 704
703 758
703 759
703 760
704 705
704 759
704 760
704 761
705 706
705 760
705 761
705 762
706 707
706 761
706 762
706 763
707 708
707 762
707 763
708 709
708 763
709 710
710 764
711 712
711 765
711 766
712 713
712 766
712 767
713 714
713 766
713 767
713 768
714 715
714 767
714 768
714 769
715 716
715 768
715 769
716 717
716 769
716 770
717 718
717 770
717 771
718 719
718 770
718 771
718 772
719 771
719 772
720 721
720 773
720 774
721 722
721 773
721 774
721 775
722 723
722 774
722 775
722 776
723 775
723 776
723 777
724 777
724 778
725 779
725 780
725 781
726 727
726 781
726 782
726 783
727 728
727 782
727 783
727 784
728 729
728 783
728 784
729 730
729 784
730 785
731 785
731 786
732 733
732 787
732 788
733 734
733 787
733 788
733 789
734 735
734 788
734 789
735 736
735 789
735 790
736 737
736 790
736 791
737 738
737 790
737 791
737 792
738 791
738 792
738 793
739 740
739 794
739 795
740 741
740 795
741 742
741 795
741 796
742 743
742 796
742 797
743 744
743 796
743 797
743 798
744 745
744 797
744 798
744 799
745 798
745 799
746 747
746 800
746 801
747 748
747 800
747 801
748 749
748 801
748 802
749 750
749 802
749 803
750 751
750 802
750 803
750 804
751 803
751 804
751 805
752 753
752 805
752 806
752 807
753 754
753 806
753 807
753 808
754 755
754 807
754 808
754 809
755 808
755 809
755 810
756 757
756 810
756 811
756 812
757 758
757 811
757 812
757 813
758 759
758 812
758 813
758 814
759 760
759 813
759 814
760 761
760 814
761 762
761 815
762 763
762 815
762 816
763 815
763 816
764 765
764 818
764 819
765 819
765 820
766 767
766 820
766 821
766 822
767 768
767 821
767 822
767 823
768 769
768 822
768 823
768 824
769 823
769 824
770 771
770 825
770 826
771 772
771 825
771 826
771 827
772 826
772 827
772 828
773 774
773 829
773 830
774 775
774 829
774 830
774 831
775 776
775 830
775 831
775 832
776 777
776 831
776 832
776 833
777 778
777 832
777 833
777 834
778 833
778 834
778 835
779 780
779 835
779 836
779 837
780 781
780 836
780 837
781 782
781 837
781 838
782 783
782 838
782 839
783 784
783 838
783 839
783 840
784 839
784 840
784 841
785 786
785 842
785 843
786 843
787 788
787 844
787 845
788 789
788 844
788 845
788 846
789 845
789 846
789 847
790 791
790 847
790 848
790 849
791 792
791 848
791 849
791 850
792 793
792 849
792 850
792 851
793 794
793 850
793 851
794 851
794 852
795 852
795 853
795 854
796 797
796 854
796 855
796 856
797 798
797 855
797 856
797 857
798 799
798 856
798 857
798 858
799 857
799 858
799 859
800 801
800 859
801 860
802 803
802 860
802 861
802 862
803 804
803 861
803 862
803 863
804 805
804 862
804 863
804 864
805 806
805 863
805 864
805 865
806 807
806 864
806 865
807 808
807 865
807 866
808 809
808 866
808 867
809 810
809 866
809 867
810 811
810 867
810 868
811 812
811 868
812 813
812 868
812 869
813 814
813 869
814 869
814 870
815 816
815 871
815 872
815 873
816 872
816 873
817 818
817 874
818 819
818 874
819 874
819 875
820 821
820 875
820 876
821 822
821 876
821 877
822 823
822 877
823 824
823 877
824 878
825 826
825 878
825 879
826 827
826 879
826 880
827 828
827 880
827 881
828 880
828 881
829 830
829 882
830 831
830 882
831 832
831 882
831 883
832 833
832 883
832 884
833 834
833 883
833 884
833 885
834 835
834 884
834 885
834 886
835 836
835 885
835 886
835 887
836 837
836 886
836 887
836 888
837 887
837 888
837 889
838 839
838 889
838 890
838 891
839 840
839 890
839 891
839 892
840 841
840 891
840 892
840 893
841 842
841 892
841 893
842 843
842 893
842 894
843 894
844 845
844 895
844 896
845 846
845 896
845 897
846 847
846 897
846 898
847 848
847 897
847 898
848 849
848 898
848 899
849 850
849 899
849 900
850 851
850 899
850 900
850 901
851 900
851 901
852 853
852 902
852 903
853 854
853 902
853 903
853 904
854 855
854 903
854 904
855 856
855 904
855 905
856 857
856 905
856 906
857 858
857 905
857 906
857 907
858 859
858 906
858 907
858 908
859 907
859 908
859 909
860 861
861 862
861 910
862 863
862 910
863 864
863 910
863 911
864 865
864 911
864 912
865 911
865 912
865 913
866 867
866 913
866 914
867 914
868 915
869 915
869 916
870 871
870 916
870 917
870 918
871 872
871 917
871 918
871 919
872 873
872 918
872 919
872 920
873 919
873 920
873 921
874 922
874 923
875 876
875 924
875 925
876 924
876 925
876 926
877 926
877 927
877 928
878 879
878 929
878 930
878 931
879 930
879 931
879 932
880 881
880 932
880 933
881 933
882 934
882 935
882 936
883 884
883 936
883 937
883 938
884 885
884 937
884 938
885 886
885 938
886 887
886 939
887 888
887 939
887 940
888 889
888 939
888 940
888 941
889 890
889 940
889 941
889 942
890 891
890 941
890 942
891 892
891 942
891 943
892 893
892 943
892 944
893 943
893 944
893 945
894 945
894 946
895 896
895 947
895 948
896 947
896 948
897 898
897 949
898 949
898 950
899 900
899 950
899 951
899 952
900 901
900 951
900 952
900 953
901 952
901 953
902 903
902 954
903 904
903 954
903 955
904 954
904 955
905 906
905 956
906 907
906 956
906 957
907 908
907 956
907 957
907 958
908 909
908 957
908 958
908 959
909 958
909 959
909 960
910 962
910 963
910 964
911 912
911 964
911 965
912 913
912 965
912 966
913 966
913 967
914 967
914 968
915 969
915 970
915 971
916 917
916 971
916 972
916 973
917 918
917 972
917 973
917 974
918 919
918 973
918 974
918 975
919 920
919 974
919 975
919 976
920 921
920 975
920 976
921 922
921 976
921 977
922 923
922 977
922 978
923 977
923 978
923 979
924 925
924 979
924 980
925 926
925 980
926 927
927 928
927 981
928 929
928 981
928 982
929 930
929 981
929 982
929 983
930 931
930 982
930 983
930 984
931 932
931 983
931 984
931 985
932 933
932 984
932 985
932 986
933 985
933 986
934 935
934 987
934 988
935 936
935 987
935 988
936 937
936 988
937 938
937 989
938 989
938 990
939 940
939 991
939 992
939 993
940 941
940 992
940 993
940 994
941 942
941 993
941 994
941 995
942 994
942 995
942 996
943 944
943 996
943 997
944 945
944 997
944 998
945 946
945 997
945 998
945 999
946 998
946 999
946 1000
947 948
947 1000
947 1001
947 1002
948 1001
948 1002
948 1003
949 1003
949 1004
950 951
950 1005
951 952
951 1005
951 1006
952 953
952 1006
953 1006
953 1007
954 955
954 1008
954 1009
955 1008
955 1009
955 1010
956 957
956 1011
956 1012
957 958
957 1011
957 1012
957 1013
958 959
958 1012
958 1013
958 1014
959 960
959 1013
959 1014
959 1015
960 961
960 1014
960 1015
960 1016
961 962
961 1015
961 1016
961 1017
962 963
962 1016
962 1017
963 964
963 1017
963 1018
964 965
964 1018
964 1019
965 1018
965 1019
965 1020
966 967
966 1020
966 1021
967 1021
967 1022
968 969
968 1022
968 1023
969 970
969 1023
969 1024
970 971
970 1024
970 1025
971 972
971 1024
971 1025
971 1026
972 973
972 1025
972 1026
973 974
973 1026
973 1027
974 975
974 1027
974 1028
975 976
975 1027
975 1028
975 1029
976 1028
976 1029
976 1030
977 978
977 1030
977 1031
977 1032
978 979
978 1031
978 1032
978 1033
979 980
979 1032
979 1033
979 1034
980 1033
980 1034
980 1035
981 982
981 1037
981 1038
981 1039
982 983
982 1038
982 1039
982 1040
983 984
983 1039
983 1040
983 1041
984 985
984 1040
984 1041
984 1042
985 986
985 1041
985 1042
985 1043
986 1042
986 1043
986 1044
987 988
987 1045
987 1046
988 1045
988 1046
988 1047
989 990
989 1048
989 1049
990 991
990 1049
990 1050
991 992
991 1049
991 1050
991 1051
992 993
992 1050
992 1051
992 1052
993 994
993 1051
993 1052
993 1053
994 995
994 1052
994 1053
994 1054
995 996
995 1053
995 1054
995 1055
996 1054
996 1055
996 1056
997 998
997 1056
997 1057
997 1058
998 999
998 1057
998 1058
999 1000
999 1058
999 1059
1000 1001
1000 1059
1000 1060
1001 1002
1001 1059
1001 1060
1001 1061
1002 1003
1002 1060
1002 1061
1002 1062
1003 1004
1003 1061
1003 1062
1003 1063
1004 1062
1004 1063
1004 1064
1005 1064
1005 1065
1005 1066
1006 1066
1006 1067
1006 1068
1007 1068
1007 1069
1007 1070
1008 1009
1008 1070
1008 1071
1008 1072
1009 1010
1009 1071
1009 1072
1009 1073
1010 1072
1010 1073
1010 1074
1011 1012
1011 1074
1011 1075
1011 1076
1012 1013
1012 1075
1012 1076
1013 1014
1013 1076
1013 1077
1014 1015
1014 1077
1014 1078
1015 1016
1015 1077
1015 1078
1015 1079
1016 1017
1016 1078
1016 1079
1017 1079
1017 1080
1018 1019
1018 1080
1018 1081
1018 1082
1019 1020
1019 1081
1019 1082
1019 1083
1020 1021
1020 1082
1020 1083
1020 1084
1021 1083
1021 1084
1021 1085
1022 1023
1022 1085
1022 1086
1022 1087
1023 1086
1023 1087
1023 1088
1024 1025
1024 1088
1024 1089
1024 1090
1025 1026
1025 1089
1025 1090
1025 1091
1026 1090
1026 1091
1026 1092
1027 1028
1027 1092
1027 1093
1028 1029
1028 1093
1028 1094
1029 1030
1029 1093
1029 1094
1029 1095
1030 1031
1030 1094
1030 1095
1030 1096
1031 1032
1031 1095
1031 1096
1031 1097
1032 1033
1032 1096
1032 1097
1032 1098
1033 1034
1033 1097
1033 1098
1033 1099
1034 1035
1034 1098
1034 1099
1034 1100
1035 1036
1035 1099
1035 1100
1035 1101
1036 1037
1036 1100
1036 1101
1036 1102
1037 1038
1037 1101
1037 1102
1037 1103
1038 1039
1038 1102
1038 1103
1038 1104
1039 1040
1039 1103
1039 1104
1039 1105
1040 1041
1040 1104
1040 1105
1041 1042
1041 1105
1041 1106
1042 1043
1042 1106
1042 1107
1043 1044
1043 1106
1043 1107
1044 1107
1045 1046
1045 1108
1046 1047
1046 1108
1046 1109
1047 1048
1047 1109
1047 1110
1048 1109
1048 1110
1048 1111
1049 1050
1049 1111
1049 1112
1049 1113
1050 1051
1050 1112
1050 1113
1051 1052
1051 1113
1051 1114
1052 1053
1052 1114
1053 1054
1053 1114
1053 1115
1054 1055
1054 1115
1054 1116
1055 1056
1055 1115
1055 1116
1055 1117
1056 1057
1056 1116
1056 1117
1057 1058
1057 1117
1057 1118
1058 1118
1058 1119
1059 1060
1059 1119
1059 1120
1059 1121
1060 1061
1060 1120
1060 1121
1060 1122
1061 1062
1061 1121
1061 1122
1061 1123
1062 1063
1062 1122
1062 1123
1062 1124
1063 1064
1063 1123
1063 1124
1064 1065
1064 1124
1065 1066
1065 1125
1066 1067
1066 1125
1066 1126
1067 1068
1067 1125
1067 1126
1068 1069
1068 1126
1068 1127
1069 1070
1069 1127
1069 1128
1070 1071
1070 1127
1070 1128
1070 1129
1071 1072
1071 1128
1071 1129
1071 1130
1072 1073
1072 1129
1072 1130
1072 1131
1073 1074
1073 1130
1073 1131
1073 1132
1074 1075
1074 1131
1074 1132
1074 1133
1075 1076
1075 1132
1075 1133
1075 1134
1076 1133
1076 1134
1076 1135
1077 1078
1077 1135
1077 1136
1077 1137
1078 1079
1078 1136
1078 1137
1078 1138
1079 1137
1079 1138
1079 1139
1080 1081
1080 1139
1080 1140
1080 1141
1081 1082
1081 1140
1081 1141
1082 1083
1082 1141
1082 1142
1083 1084
1083 1142
1083 1143
1084 1085
1084 1142
1084 1143
1085 1086
1085 1143
1085 1144
1086 1087
1086 1144
1086 1145
1087 1088
1087 1144
1087 1145
1087 1146
1088 1089
1088 1145
1088 1146
1089 1090
1089 1146
1089 1147
1090 1091
1090 1147
1091 1092
1091 1147
1091 1148
1092 1148
1092 1149
1093 1094
1093 1149
1093 1150
1093 1151
1094 1095
1094 1150
1094 1151
1094 1152
1095 1096
1095 1151
1095 1152
1095 1153
1096 1097
1096 1152
1096 1153
1097 1098
1097 1153
1097 1154
1098 1099
1098 1154
1098 1155
1099 1100
1099 1154
1099 1155
1099 1156
1100 1101
1100 1155
1100 1156
1100 1157
1101 1102
1101 1156
1101 1157
1101 1158
1102 1103
1102 1157
1102 1158
1102 1159
1103 1104
1103 1158
1103 1159
1103 1160
1104 1105
1104 1159
1104 1160
1104 1161
1105 1160
1105 1161
1105 1162
1106 1107
1106 1162
1106 1163
1106 1164
1107 1163
1107 1164
1107 1165
1108 1166
1109 1110
1109 1166
1109 1167
1109 1168
1110 1111
1110 1167
1110 1168
1110 1169
1111 1112
1111 1168
1111 1169
1112 1113
1112 1169
1112 1170
1113 1170
1113 1171
1114 1171
1114 1172
1115 1116
1115 1172
1115 1173
1115 1174
1116 1117
1116 1173
1116 1174
1116 1175
1117 1174
1117 1175
1117 1176
1118 1119
1118 1176
1118 1177
1118 1178
1119 1120
1119 1177
1119 1178
1119 1179
1120 1121
1120 1178
1120 1179
1120 1180
1121 1122
1121 1179
1121 1180
1121 1181
1122 1123
1122 1180
1122 1181
1123 1124
1123 1181
1124 1182
1125 1126
1125 1183
1126 1183
1126 1184
1127 1128
1127 1184
1127 1185
1128 1129
1128 1185
1128 1186
1129 1130
1129 1185
1129 1186
1129 1187
1130 1131
1130 1186
1130 1187
1130 1188
1131 1132
1131 1187
1131 1188
1131 1189
1132 1133
1132 1188
1132 1189
1132 1190
1133 1134
1133 1189
1133 1190
1133 1191
1134 1135
1134 1190
1134 1191
1134 1192
1135 1136
1135 1191
1135 1192
1135 1193
1136 1137
1136 1192
1136 1193
1136 1194
1137 1138
1137 1193
1137 1194
1137 1195
1138 1139
1138 1194
1138 1195
1138 1196
1139 1140
1139 1195
1139 1196
1139 1197
1140 1141
1140 1196
1140 1197
1140 1198
1141 1197
1141 1198
1141 1199
1142 1143
1142 1199
1142 1200
1142 1201
1143 1200
1143 1201
1144 1145
1144 1202
1145 1146
1145 1202
1146 1202
1147 1203
1147 1204
1148 1149
1148 1204
1148 1205
1148 1206
1149 1150
1149 1205
1149 1206
1149 1207
1150 1151
1150 1206
1150 1207
1150 1208
1151 1152
1151 1207
1151 1208
1152 1153
1152 1208
1152 1209
1153 1209
1154 1155
1154 1210
1154 1211
1155 1156
1155 1210
1155 1211
1155 1212
1156 1157
1156 1211
1156 1212
1156 1213
1157 1158
1157 1212
1157 1213
1157 1214
1158 1159
1158 1213
1158 1214
1158 1215
1159 1160
1159 1214
1159 1215
1159 1216
1160 1161
1160 1215
1160 1216
1160 1217
1161 1162
1161 1216
1161 1217
1161 1218
1162 1163
1162 1217
1162 1218
1162 1219
1163 1164
1163 1218
1163 1219
1163 1220
1164 1165
1164 1219
1164 1220
1164 1221
1165 1220
1165 1221
1166 1167
1166 1222
1166 1223
1167 1168
1167 1223
1167 1224
1168 1169
1168 1223
1168 1224
1168 1225
1169 1224
1169 1225
1169 1226
1170 1171
1170 1226
1170 1227
1170 1228
1171 1227
1171 1228
1171 1229
1172 1173
1172 1229
1172 1230
1172 1231
1173 1174
1173 1230
1173 1231
1173 1232
1174 1175
1174 1231
1174 1232
1174 1233
1175 1176
1175 1232
1175 1233
1175 1234
1176 1177
1176 1233
1176 1234
1176 1235
1177 1178
1177 1234
1177 1235
1177 1236
1178 1179
1178 1235
1178 1236
1178 1237
1179 1180
1179 1236
1179 1237
1179 1238
1180 1181
1180 1237
1180 1238
1181 1238
1181 1239
1182 1240
1182 1241
1182 1242
1183 1184
1183 1243
1183 1244
1183 1245
1184 1244
1184 1245
1185 1186
1185 1246
1185 1247
1186 1187
1186 1246
1186 1247
1186 1248
1187 1188
1187 1247
1187 1248
1187 1249
1188 1189
1188 1248
1188 1249
1188 1250
1189 1190
1189 1249
1189 1250
1190 1191
1190 1250
1190 1251
1191 1192
1191 1251
1191 1252
1192 1193
1192 1251
1192 1252
1192 1253
1193 1194
1193 1252
1193 1253
1193 1254
1194 1195
1194 1253
1194 1254
1194 1255
1195 1196
1195 1254
1195 1255
1195 1256
1196 1197
1196 1255
1196 1256
1196 1257
1197 1198
1197 1256
1197 1257
1198 1199
1198 1257
1198 1258
1199 1200
1199 1258
1199 1259
1200 1201
1200 1258
1200 1259
1200 1260
1201 1259
1201 1260
1202 1261
1202 1262
1203 1204
1203 1263
1203 1264
1203 1265
1204 1205
1204 1264
1204 1265
1204 1266
1205 1206
1205 1265
1205 1266
1205 1267
1206 1207
1206 1266
1206 1267
1206 1268
1207 1208
1207 1267
1207 1268
1207 1269
1208 1268
1208 1269
1209 1270
1209 1271
1210 1211
1210 1271
1210 1272
1210 1273
1211 1212
1211 1272
1211 1273
1211 1274
1212 1213
1212 1273
1212 1274
1212 1275
1213 1214
1213 1274
1213 1275
1213 1276
1214 1215
1214 1275
1214 1276
1214 1277
1215 1216
1215 1276
1215 1277
1215 1278
1216 1217
1216 1277
1216 1278
1216 1279
1217 1218
1217 1278
1217 1279
1217 1280
1218 1219
1218 1279
1218 1280
1218 1281
1219 1220
1219 1280
1219 1281
1219 1282
1220 1221
1220 1281
1220 1282
1220 1283
1221 1282
1221 1283
1222 1284
1223 1224
1223 1284
1223 1285
1224 1225
1224 1285
1224 1286
1225 1226
1225 1285
1225 1286
1225 1287
1226 1227
1226 1286
1226 1287
1226 1288
1227 1228
1227 1287
1227 1288
1227 1289
1228 1229
1228 1288
1228 1289
1229 1230
1229 1289
1229 1290
1230 1231
1230 1290
1230 1291
1231 1232
1231 1290
1231 1291
1231 1292
1232 1233
1232 1291
1232 1292
1232 1293
1233 1234
1233 1292
1233 1293
1233 1294
1234 1235
1234 1293
1234 1294
1234 1295
1235 1236
1235 1294
1235 1295
1235 1296
1236 1237
1236 1295
1236 1296
1236 1297
1237 1238
1237 1296
1237 1297
1237 1298
1238 1297
1238 1298
1238 1299
1239 1240
1239 1299
1239 1300
1240 1241
1240 1300
1240 1301
1241 1242
1241 1300
1241 1301
1241 1302
1242 1243
1242 1301
1242 1302
1242 1303
1243 1244
1243 1302
1243 1303
1243 1304
1244 1245
1244 1303
1244 1304
1244 1305
1245 1304
1245 1305
1245 1306
1246 1247
1246 1306
1246 1307
1246 1308
1247 1248
1247 1307
1247 1308
1247 1309
1248 1249
1248 1308
1248 1309
1248 1310
1249 1250
1249 1309
1249 1310
1249 1311
1250 1310
1250 1311
1250 1312
1251 1252
1251 1312
1251 1313
1251 1314
1252 1253
1252 1313
1252 1314
1253 1254
1253 1314
1254 1255
1254 1315
1255 1256
1255 1315
1255 1316
1256 1257
1256 1315
1256 1316
1256 1317
1257 1316
1257 1317
1257 1318
1258 1259
1258 1318
1258 1319
1258 1320
1259 1260
1259 1319
1259 1320
1259 1321
1260 1320
1260 1321
1260 1322
1261 1262
1261 1322
1261 1323
1261 1324
1262 1323
1262 1324
1262 1325
1263 1264
1263 1325
1263 1326
1264 1265
1264 1326
1264 1327
1265 1266
1265 1327
1266 1267
1266 1327
1266 1328
1267 1268
1267 1328
1267 1329
1268 1269
1268 1328
1268 1329
1268 1330
1269 1329
1269 1330
1269 1331
1270 1271
1270 1331
1270 1332
1271 1272
1271 1332
1271 1333
1272 1273
1272 1332
1272 1333
1272 1334
1273 1274
1273 1333
1273 1334
1273 1335
1274 1275
1274 1334
1274 1335
1274 1336
1275 1276
1275 1335
1275 1336
1275 1337
1276 1277
1276 1336
1276 1337
1276 1338
1277 1278
1277 1337
1277 1338
1277 1339
1278 1279
1278 1338
1278 1339
1278 1340
1279 1280
1279 1339
1279 1340
1280 1281
1280 1340
1280 1341
1281 1282
1281 1341
1281 1342
1282 1283
1282 1341
1282 1342
1282 1343
1283 1342
1283 1343
1284 1344
1284 1345
1284 1346
1285 1286
1285 1346
1285 1347
1285 1348
1286 1287
1286 1347
1286 1348
1286 1349
1287 1288
1287 1348
1287 1349
1287 1350
1288 1289
1288 1349
1288 1350
1288 1351
1289 1350
1289 1351
1290 1291
1290 1352
1290 1353
1291 1292
1291 1352
1291 1353
1291 1354
1292 1293
1292 1353
1292 1354
1292 1355
1293 1294
1293 1354
1293 1355
1293 1356
1294 1295
1294 1355
1294 1356
1294 1357
1295 1296
1295 1356
1295 1357
1295 1358
1296 1297
1296 1357
1296 1358
1297 1298
1297 1358
1297 1359
1298 1299
1298 1359
1299 1359
1299 1360
1300 1301
1300 1360
1300 1361
1300 1362
1301 1302
1301 1361
1301 1362
1301 1363
1302 1303
1302 1362
1302 1363
1302 1364
1303 1304
1303 1363
1303 1364
1303 1365
1304 1305
1304 1364
1304 1365
1304 1366
1305 1306
1305 1365
1305 1366
1305 1367
1306 1307
1306 1366
1306 1367
1306 1368
1307 1308
1307 1367
1307 1368
1308 1309
1308 1368
1308 1369
1309 1310
1309 1369
1309 1370
1310 1311
1310 1369
1310 1370
1310 1371
1311 1312
1311 1370
1311 1371
1311 1372
1312 1313
1312 1371
1312 1372
1312 1373
1313 1314
1313 1372
1313 1373
1313 1374
1314 1373
1314 1374
1314 1375
1315 1316
1315 1376
1315 1377
1316 1317
1316 1376
1316 1377
1317 1318
1317 1377
1317 1378
1318 1319
1318 1378
1318 1379
1319 1320
1319 1378
1319 1379
1319 1380
1320 1321
1320 1379
1320 1380
1320 1381
1321 1322
1321 1380
1321 1381
1322 1323
1322 1381
1322 1382
1323 1324
1323 1382
1323 1383
1324 1325
1324 1382
1324 1383
1324 1384
1325 1326
1325 1383
1325 1384
1325 1385
1326 1384
1326 1385
1326 1386
1327 1386
1328 1329
1328 1387
1329 1330
1329 1387
1330 1331
1330 1387
1330 1388
1331 1388
1331 1389
1332 1333
1332 1389
1332 1390
1332 1391
1333 1334
1333 1390
1333 1391
1333 1392
1334 1335
1334 1391
1334 1392
1335 1336
1335 1392
1335 1393
1336 1337
1336 1393
1336 1394
1337 1338
1337 1393
1337 1394
1337 1395
1338 1339
1338 1394
1338 1395
1338 1396
1339 1340
1339 1395
1339 1396
1339 1397
1340 1396
1340 1397
1340 1398
1341 1342
1341 1398
1341 1399
1341 1400
1342 1343
1342 1399
1342 1400
1342 1401
1343 1400
1343 1401
1344 1345
1344 1402
1344 1403
1345 1346
1345 1402
1345 1403
1345 1404
1346 1347
1346 1403
1346 1404
1346 1405
1347 1348
1347 1404
1347 1405
1347 1406
1348 1349
1348 1405
1348 1406
1348 1407
1349 1350
1349 1406
1349 1407
1350 1351
1350 1407
1351 1408
1352 1353
1352 1408
1352 1409
1353 1354
1353 1409
1353 1410
1354 1355
1354 1410
1354 1411
1355 1356
1355 1410
1355 1411
1356 1357
1356 1411
1356 1412
1357 1358
1357 1412
1357 1413
1358 1412
1358 1413
1358 1414
1359 1414
1359 1415
1359 1416
1360 1361
1360 1416
1360 1417
1361 1362
1361 1417
1361 1418
1362 1363
1362 1418
1362 1419
1363 1364
1363 1418
1363 1419
1364 1365
1364 1419
1364 1420
1365 1366
1365 1420
1365 1421
1366 1367
1366 1420
1366 1421
1366 1422
1367 1368
1367 1421
1367 1422
1367 1423
1368 1422
1368 1423
1369 1370
1369 1424
1369 1425
1370 1371
1370 1424
1370 1425
1370 1426
1371 1372
1371 1425
1371 1426
1372 1373
1372 1426
1372 1427
1373 1374
1373 1427
1373 1428
1374 1375
1374 1427
1374 1428
1374 1429
1375 1428
1375 1429
1375 1430
1376 1377
1376 1430
1376 1431
1376 1432
1377 1431
1377 1432
1377 1433
1378 1379
1378 1433
1378 1434
1378 1435
1379 1380
1379 1434
1379 1435
1379 1436
1380 1381
1380 1435
1380 1436
1380 1437
1381 1436
1381 1437
1382 1383
1382 1438
1382 1439
1383 1384
1383 1438
1383 1439
1383 1440
1384 1385
1384 1439
1384 1440
1384 1441
1385 1386
1385 1440
1385 1441
1385 1442
1386 1441
1386 1442
1387 1444
1387 1445
1387 1446
1388 1389
1388 1446
1388 1447
1389 1390
1389 1447
1389 1448
1390 1391
1390 1447
1390 1448
1390 1449
1391 1392
1391 1448
1391 1449
1391 1450
1392 1449
1392 1450
1392 1451
1393 1394
1393 1451
1393 1452
1393 1453
1394 1395
1394 1452
1394 1453
1394 1454
1395 1396
1395 1453
1395 1454
1396 1397
1396 1454
1397 1398
1397 1455
1398 1399
1398 1455
1398 1456
1399 1400
1399 1455
1399 1456
1399 1457
1400 1401
1400 1456
1400 1457
1400 1458
1401 1457
1401 1458
1402 1403
1402 1459
1403 1404
1403 1459
1403 1460
1404 1405
1404 1459
1404 1460
1404 1461
1405 1406
1405 1460
1405 1461
1405 1462
1406 1407
1406 1461
1406 1462
1406 1463
1407 1462
1407 1463
1407 1464
1408 1409
1408 1465
1408 1466
1409 1465
1409 1466
1409 1467
1410 1411
1410 1467
1410 1468
1410 1469
1411 1468
1411 1469
1411 1470
1412 1413
1412 1470
1412 1471
1412 1472
1413 1414
1413 1471
1413 1472
1413 1473
1414 1415
1414 1472
1414 1473
1414 1474
1415 1416
1415 1473
1415 1474
1415 1475
1416 1417
1416 1474
1416 1475
1416 1476
1417 1475
1417 1476
1417 1477
1418 1419
1418 1477
1418 1478
1418 1479
1419 1478
1419 1479
1420 1421
1420 1480
1421 1422
1421 1480
1421 1481
1422 1423
1422 1480
1422 1481
1422 1482
1423 1481
1423 1482
1423 1483
1424 1425
1424 1483
1424 1484
1425 1426
1425 1484
1425 1485
1426 1484
1426 1485
1426 1486
1427 1428
1427 1486
1427 1487
1427 1488
1428 1429
1428 1487
1428 1488
1429 1430
1429 1488
1429 1489
1430 1431
1430 1489
1430 1490
1431 1432
1431 1489
1431 1490
1431 1491
1432 1433
1432 1490
1432 1491
1432 1492
1433 1434
1433 1491
1433 1492
1433 1493
1434 1435
1434 1492
1434 1493
1434 1494
1435 1436
1435 1493
1435 1494
1436 1437
1436 1494
1436 1495
1437 1495
1438 1439
1438 1496
1439 1440
1439 1496
1439 1497
1440 1441
1440 1497
1441 1442
1441 1497
1441 1498
1442 1498
1443 1444
1444 1445
1444 1499
1445 1446
1445 1499
1445 1500
1446 1499
1446 1500
1447 1448
1447 1501
1447 1502
1448 1449
1448 1501
1448 1502
1448 1503
1449 1450
1449 1502
1449 1503
1449 1504
1450 1451
1450 1503
1450 1504
1451 1452
1451 1504
1452 1453
1452 1505
1453 1454
1453 1505
1454 1505
1454 1506
1455 1456
1455 1507
1455 1508
1456 1457
1456 1507
1456 1508
1456 1509
1457 1458
1457 1508
1457 1509
1457 1510
1458 1509
1458 1510
1459 1460
1459 1511
1459 1512
1459 1513
1460 1461
1460 1512
1460 1513
1461 1462
1461 1513
1462 1463
1462 1514
1463 1464
1463 1514
1463 1515
1464 1514
1464 1515
1464 1516
1465 1466
1465 1516
1465 1517
1465 1518
1466 1467
1466 1517
1466 1518
1466 1519
1467 1468
1467 1518
1467 1519
1467 1520
1468 1469
1468 1519
1468 1520
1469 1470
1469 1520
1469 1521
1470 1471
1470 1521
1470 1522
1471 1472
1471 1521
1471 1522
1471 1523
1472 1473
1472 1522
1472 1523
1472 1524
1473 1474
1473 1523
1473 1524
1473 1525
1474 1475
1474 1524
1474 1525
1474 1526
1475 1476
1475 1525
1475 1526
1475 1527
1476 1477
1476 1526
1476 1527
1476 1528
1477 1478
1477 1527
1477 1528
1477 1529
1478 1479
1478 1528
1478 1529
1478 1530
1479 1529
1479 1530
1479 1531
1480 1481
1480 1532
1480 1533
1481 1482
1481 1532
1481 1533
1482 1483
1482 1533
1482 1534
1483 1534
1483 1535
1484 1485
1484 1535
1484 1536
1485 1486
1485 1536
1485 1537
1486 1487
1486 1536
1486 1537
1486 1538
1487 1488
1487 1537
1487 1538
1487 1539
1488 1538
1488 1539
1488 1540
1489 1490
1489 1540
1489 1541
1489 1542
1490 1491
1490 1541
1490 1542
1490 1543
1491 1492
1491 1542
1491 1543
1491 1544
1492 1493
1492 1543
1492 1544
1492 1545
1493 1494
1493 1544
1493 1545
1493 1546
1494 1545
1494 1546
1494 1547
1495 1547
1495 1548
1496 1549
1496 1550
1497 1550
1497 1551
1497 1552
1498 1552
1498 1553
1498 1554
1499 1500
1499 1556
1499 1557
1500 1556
1500 1557
1500 1558
1501 1502
1501 1558
1501 1559
1501 1560
1502 1503
1502 1559
1502 1560
1502 1561
1503 1504
1503 1560
1503 1561
1503 1562
1504 1561
1504 1562
1504 1563
1505 1564
1505 1565
1505 1566
1506 1566
1506 1567
1506 1568
1507 1508
1507 1568
1507 1569
1507 1570
1508 1509
1508 1569
1508 1570
1508 1571
1509 1510
1509 1570
1509 1571
1509 1572
1510 1571
1510 1572
1511 1512
1511 1573
1512 1513
1512 1573
1512 1574
1513 1573
1513 1574
1513 1575
1514 1515
1514 1576
1514 1577
1514 1578
1515 1516
1515 1577
1515 1578
1515 1579
1516 1517
1516 1578
1516 1579
1517 1518
1517 1579
1517 1580
1518 1519
1518 1580
1518 1581
1519 1520
1519 1580
1519 1581
1519 1582
1520 1581
1520 1582
1521 1522
1521 1583
1521 1584
1522 1523
1522 1583
1522 1584
1522 1585
1523 1524
1523 1584
1523 1585
1523 1586
1524 1525
1524 1585
1524 1586
1524 1587
1525 1526
1525 1586
1525 1587
1525 1588
1526 1527
1526 1587
1526 1588
1526 1589
1527 1528
1527 1588
1527 1589
1528 1529
1528 1589
1528 1590
1529 1530
1529 1590
1530 1531
1530 1590
1532 1533
1532 1591
1532 1592
1533 1591
1533 1592
1533 1593
1534 1535
1534 1593
1534 1594
1534 1595
1535 1594
1535 1595
1536 1537
1536 1596
1536 1597
1537 1538
1537 1596
1537 1597
1538 1539
1538 1597
1539 1540
1540 1541
1540 1598
1541 1542
1541 1598
1541 1599
1542 1543
1542 1598
1542 1599
1542 1600
1543 1544
1543 1599
1543 1600
1544 1545
1544 1600
1544 1601
1545 1546
1545 1601
1545 1602
1546 1547
1546 1601
1546 1602
1547 1548
1547 1602
1547 1603
1548 1603
1548 1604
1549 1550
1549 1604
1549 1605
1549 1606
1550 1551
1550 1605
1550 1606
1550 1607
1551 1552
1551 1606
1551 1607
1551 1608
1552 1553
1552 1607
1552 1608
1552 1609
1553 1554
1553 1608
1553 1609
1553 1610
1554 1555
1554 1609
1554 1610
1555 1610
1555 1611
1556 1557
1556 1611
1556 1612
1556 1613
1557 1558
1557 1612
1557 1613
1558 1559
1558 1613
1558 1614
1559 1560
1559 1614
1559 1615
1560 1561
1560 1614
1560 1615
1561 1562
1561 1615
1561 1616
1562 1563
1562 1616
1562 1617
1563 1564
1563 1616
1563 1617
1564 1565
1564 1617
1565 1566
1565 1618
1566 1567
1566 1618
1566 1619
1567 1568
1567 1618
1567 1619
1567 1620
1568 1569
1568 1619
1568 1620
1568 1621
1569 1570
1569 1620
1569 1621
1569 1622
1570 1571
1570 1621
1570 1622
1570 1623
1571 1572
1571 1622
1571 1623
1571 1624
1572 1623
1572 1624
1573 1574
1573 1625
1574 1575
1574 1625
1574 1626
1575 1576
1575 1626
1575 1627
1576 1577
1576 1626
1576 1627
1576 1628
1577 1578
1577 1627
1577 1628
1577 1629
1578 1579
1578 1628
1578 1629
1578 1630
1579 1629
1579 1630
1580 1581
1580 1631
1581 1582
1581 1631
1581 1632
1582 1632
1582 1633
1583 1584
1583 1633
1583 1634
1583 1635
1584 1585
1584 1634
1584 1635
1584 1636
1585 1586
1585 1635
1585 1636
1586 1587
1586 1636
1586 1637
1587 1588
1587 1637
1587 1638
1588 1589
1588 1637
1588 1638
1588 1639
1589 1638
1589 1639
1590 1640
1590 1641
1591 1592
1591 1643
1591 1644
1592 1593
1592 1644
1593 1594
1593 1644
1593 1645
1594 1595
1594 1645
1594 1646
1595 1645
1595 1646
1595 1647
1596 1597
1596 1647
1596 1648
1596 1649
1597 1648
1597 1649
1597 1650
1598 1599
1598 1652
1598 1653
1598 1654
1599 1600
1599 1653
1599 1654
1599 1655
1600 1654
1600 1655
1600 1656
1601 1602
1601 1656
1601 1657
1602 1657
1603 1604
1603 1658
1603 1659
1604 1605
1604 1658
1604 1659
1604 1660
1605 1606
1605 1659
1605 1660
1605 1661
1606 1607
1606 1660
1606 1661
1606 1662
1607 1608
1607 1661
1607 1662
1608 1609
1608 1662
1609 1610
1609 1663
1610 1663
1610 1664
1611 1612
1611 1664
1611 1665
1611 1666
1612 1613
1612 1665
1612 1666
1613 1666
1613 1667
1614 1615
1614 1667
1614 1668
1614 1669
1615 1668
1615 1669
1616 1617
1616 1670
1616 1671
1617 1670
1617 1671
1617 1672
1618 1619
1618 1673
1618 1674
1618 1675
1619 1620
1619 1674
1619 1675
1619 1676
1620 1621
1620 1675
1620 1676
1620 1677
1621 1622
1621 1676
1621 1677
1621 1678
1622 1623
1622 1677
1622 1678
1623 1624
1623 1678
1623 1679
1624 1679
1625 1680
1625 1681
1626 1627
1626 1682
1627 1628
1627 1682
1627 1683
1628 1629
1628 1682
1628 1683
1628 1684
1629 1630
1629 1683
1629 1684
1629 1685
1630 1684
1630 1685
1631 1686
1631 1687
1632 1633
1632 1687
1632 1688
1632 1689
1633 1634
1633 1688
1633 1689
1633 1690
1634 1635
1634 1689
1634 1690
1634 1691
1635 1636
1635 1690
1635 1691
1635 1692
1636 1691
1636 1692
1636 1693
1637 1638
1637 1693
1637 1694
1638 1639
1638 1694
1640 1641
1640 1695
1640 1696
1641 1642
1641 1695
1641 1696
1641 1697
1642 1643
1642 1696
1642 1697
1642 1698
1643 1697
1643 1698
1643 1699
1644 1699
1644 1700
1645 1646
1645 1701
1645 1702
1646 1647
1646 1701
1646 1702
1647 1648
1647 1702
1647 1703
1648 1649
1648 1703
1648 1704
1649 1650
1649 1703
1649 1704
1650 1651
1650 1704
1650 1705
1651 1652
1651 1705
1651 1706
1652 1653
1652 1705
1652 1706
1652 1707
1653 1654
1653 1706
1653 1707
1654 1655
1654 1707
1655 1656
1655 1708
1656 1708
1656 1709
1657 1709
1657 1710
1658 1659
1658 1710
1658 1711
1658 1712
1659 1660
1659 1711
1659 1712
1660 1661
1660 1712
1660 1713
1661 1662
1661 1713
1662 1713
1662 1714
1663 1664
1663 1715
1663 1716
1664 1665
1664 1715
1664 1716
1664 1717
1665 1666
1665 1716
1665 1717
1665 1718
1666 1717
1666 1718
1666 1719
1667 1668
1667 1719
1667 1720
1668 1669
1668 1720
1668 1721
1669 1720
1669 1721
1669 1722
1670 1671
1670 1722
1670 1723
1670 1724
1671 1672
1671 1723
1671 1724
1672 1673
1672 1724
1672 1725
1673 1674
1673 1725
1673 1726
1674 1675
1674 1725
1674 1726
1674 1727
1675 1676
1675 1726
1675 1727
1676 1677
1676 1727
1677 1678
1677 1728
1678 1728
1679 1729
1680 1681
1680 1730
1681 1730
1681 1731
1682 1683
1682 1732
1682 1733
1683 1684
1683 1732
1683 1733
1683 1734
1684 1685
1684 1733
1684 1734
1685 1734
1686 1687
1686 1735
1687 1688
1687 1735
1688 1689
1689 1690
1689 1736
1690 1691
1690 1736
1690 1737
1691 1692
1691 1736
1691 1737
1691 1738
1692 1693
1692 1737
1692 1738
1692 1739
1693 1694
1693 1738
1693 1739
1694 1739
1694 1740
1695 1696
1695 1742
1695 1743
1695 1744
1696 1697
1696 1743
1696 1744
1696 1745
1697 1698
1697 1744
1697 1745
1698 1699
1698 1745
1699 1700
1699 1746
1700 1746
1700 1747
1701 1702
1701 1747
1701 1748
1701 1749
1702 1748
1702 1749
1702 1750
1703 1704
1703 1750
1704 1751
1705 1706
1705 1751
1705 1752
1705 1753
1706 1707
1706 1752
1706 1753
1706 1754
1707 1753
1707 1754
1707 1755
1708 1709
1708 1756
1708 1757
1708 1758
1709 1757
1709 1758
1709 1759
1710 1711
1710 1759
1710 1760
1710 1761
1711 1712
1711 1760
1711 1761
1711 1762
1712 1761
1712 1762
1713 1763
1715 1716
1715 1764
1716 1717
1716 1764
1716 1765
1717 1718
1717 1764
1717 1765
1717 1766
1718 1719
1718 1765
1718 1766
1718 1767
1719 1766
1719 1767
1719 1768
1720 1721
1720 1768
1720 1769
1721 1722
1721 1769
1722 1723
1723 1724
1724 1770
1725 1726
1725 1770
1725 1771
1725 1772
1726 1727
1726 1771
1726 1772
1727 1772
1727 1773
1728 1774
1729 1775
1730 1776
1731 1777
1731 1778
1732 1733
1732 1778
1732 1779
1732 1780
1733 1734
1733 1779
1733 1780
1733 1781
1734 1780
1734 1781
1734 1782
1735 1783
1735 1784
1736 1737
1736 1786
1736 1787
1737 1738
1737 1786
1737 1787
1737 1788
1738 1739
1738 1787
1738 1788
1738 1789
1739 1788
1739 1789
1739 1790
1740 1741
1740 1790
1740 1791
1741 1742
1741 1791
1741 1792
1742 1743
1742 1791
1742 1792
1743 1744
1743 1792
1743 1793
1744 1745
1744 1793
1744 1794
1745 1793
1745 1794
1746 1747
1746 1795
1746 1796
1747 1748
1747 1795
1747 1796
1748 1749
1748 1796
1748 1797
1749 1750
1749 1797
1750 1797
1750 1798
1751 1752
1751 1799
1751 1800
1751 1801
1752 1753
1752 1800
1752 1801
1752 1802
1753 1754
1753 1801
1753 1802
1754 1755
1754 1802
1754 1803
1755 1756
1755 1803
1755 1804
1756 1757
1756 1803
1756 1804
1756 1805
1757 1758
1757 1804
1757 1805
1757 1806
1758 1759
1758 1805
1758 1806
1758 1807
1759 1760
1759 1806
1759 1807
1760 1761
1760 1807
1760 1808
1761 1762
1761 1808
1761 1809
1762 1808
1762 1809
1762 1810
1763 1810
1763 1811
1764 1765
1764 1813
1764 1814
1765 1766
1765 1813
1765 1814
1765 1815
1766 1767
1766 1814
1766 1815
1766 1816
1767 1768
1767 1815
1767 1816
1768 1769
1768 1816
1768 1817
1769 1817
1769 1818
1770 1771
1770 1821
1771 1772
1771 1821
1772 1821
1772 1822
1773 1822
1773 1823
1774 1824
1774 1825
1775 1825
1775 1826
1776 1827
1776 1828
1777 1778
1777 1828
1777 1829
1778 1779
1778 1829
1778 1830
1779 1780
1779 1830
1780 1781
1780 1830
1780 1831
1781 1782
1781 1831
1781 1832
1782 1783
1782 1831
1782 1832
1782 1833
1783 1784
1783 1832
1783 1833
1784 1833
1784 1834
1785 1834
1785 1835
1786 1787
1786 1835
1786 1836
1786 1837
1787 1788
1787 1836
1787 1837
1787 1838
1788 1789
1788 1837
1788 1838
1789 1790
1789 1838
1789 1839
1790 1839
1790 1840
1791 1792
1791 1840
1791 1841
1791 1842
1792 1841
1792 1842
1792 1843
1793 1794
1793 1843
1793 1844
1794 1844
1794 1845
1795 1796
1795 1846
1795 1847
1795 1848
1796 1847
1796 1848
1796 1849
1797 1849
1797 1850
1797 1851
1798 1799
1798 1851
1798 1852
1798 1853
1799 1800
1799 1852
1799 1853
1799 1854
1800 1801
1800 1853
1800 1854
1800 1855
1801 1802
1801 1854
1801 1855
1802 1855
1802 1856
1803 1804
1803 1856
1803 1857
1803 1858
1804 1805
1804 1857
1804 1858
1804 1859
1805 1806
1805 1858
1805 1859
1805 1860
1806 1807
1806 1859
1806 1860
1806 1861
1807 1860
1807 1861
1807 1862
1808 1809
1808 1862
1808 1863
1808 1864
1809 1810
1809 1863
1809 1864
1809 1865
1810 1811
1810 1864
1810 1865
1810 1866
1811 1865
1811 1866
1811 1867
1812 1867
1812 1868
1813 1814
1813 1869
1813 1870
1814 1815
1814 1870
1814 1871
1815 1816
1815 1871
1815 1872
1816 1871
1816 1872
1817 1818
1817 1873
1817 1874
1818 1819
1818 1873
1818 1874
1818 1875
1819 1820
1819 1874
1819 1875
1820 1875
1820 1876
1821 1877
1821 1878
1821 1879
1822 1823
1822 1879
1822 1880
1823 1880
1824 1825
1824 1881
1824 1882
1825 1826
1825 1881
1825 1882
1825 1883
1826 1882
1826 1883
1827 1828
1827 1884
1827 1885
1828 1829
1828 1884
1828 1885
1828 1886
1829 1885
1829 1886
1829 1887
1830 1887
1830 1888
1830 1889
1831 1832
1831 1889
1831 1890
1831 1891
1832 1833
1832 1890
1832 1891
1832 1892
1833 1891
1833 1892
1833 1893
1834 1893
1834 1894
1834 1895
1835 1836
1835 1895
1836 1837
1836 1896
1837 1838
1837 1896
1837 1897
1838 1896
1838 1897
1838 1898
1839 1840
1839 1898
1839 1899
1840 1841
1840 1899
1840 1900
1841 1842
1841 1899
1841 1900
1841 1901
1842 1843
1842 1900
1842 1901
1843 1844
1843 1901
1843 1902
1844 1902
1844 1903
1845 1846
1845 1903
1845 1904
1845 1905
1846 1847
1846 1904
1846 1905
1847 1848
1847 1905
1847 1906
1848 1849
1848 1906
1848 1907
1849 1850
1849 1906
1849 1907
1849 1908
1850 1851
1850 1907
1850 1908
1851 1852
1851 1908
1851 1909
1852 1853
1852 1909
1853 1854
1853 1909
1853 1910
1854 1855
1854 1910
1854 1911
1855 1910
1855 1911
1855 1912
1856 1857
1856 1912
1856 1913
1857 1858
1857 1913
1857 1914
1858 1859
1858 1913
1858 1914
1858 1915
1859 1860
1859 1914
1859 1915
1859 1916
1860 1861
1860 1915
1860 1916
1860 1917
1861 1862
1861 1916
1861 1917
1861 1918
1862 1863
1862 1917
1862 1918
1862 1919
1863 1864
1863 1918
1863 1919
1863 1920
1864 1865
1864 1919
1864 1920
1864 1921
1865 1866
1865 1920
1865 1921
1865 1922
1866 1867
1866 1921
1866 1922
1866 1923
1867 1922
1867 1923
1868 1869
1868 1924
1869 1870
1869 1924
1869 1925
1870 1924
1870 1925
1871 1872
1871 1926
1871 1927
1872 1926
1872 1927
1873 1874
1873 1928
1873 1929
1874 1875
1874 1928
1874 1929
1874 1930
1875 1929
1875 1930
1875 1931
1876 1877
1876 1931
1876 1932
1877 1878
1877 1932
1878 1879
1878 1932
1878 1933
1879 1880
1879 1933
1880 1933
1880 1934
1881 1882
1881 1935
1881 1936
1882 1883
1882 1935
1882 1936
1882 1937
1883 1936
1883 1937
1884 1885
1884 1938
1885 1886
1885 1938
1885 1939
1886 1887
1886 1939
1886 1940
1887 1888
1887 1939
1887 1940
1887 1941
1888 1889
1888 1940
1888 1941
1888 1942
1889 1890
1889 1941
1889 1942
1890 1891
1890 1942
1890 1943
1891 1892
1891 1943
1891 1944
1892 1893
1892 1943
1892 1944
1892 1945
1893 1894
1893 1944
1893 1945
1894 1895
1894 1945
1895 1946
1896 1897
1896 1947
1897 1898
1897 1947
1898 1948
1899 1900
1899 1948
1899 1949
1899 1950
1900 1901
1900 1949
1900 1950
1900 1951
1901 1950
1901 1951
1901 1952
1902 1903
1902 1952
1902 1953
1902 1954
1903 1904
1903 1953
1903 1954
1904 1905
1904 1954
1904 1955
1905 1955
1905 1956
1906 1907
1906 1956
1906 1957
1907 1908
1907 1957
1907 1958
1908 1958
1908 1959
1909 1959
1909 1960
1910 1911
1910 1961
1911 1912
1911 1961
1911 1962
1912 1961
1912 1962
1912 1963
1913 1914
1913 1963
1913 1964
1913 1965
1914 1915
1914 1964
1914 1965
1914 1966
1915 1916
1915 1965
1915 1966
1915 1967
1916 1917
1916 1966
1916 1967
1917 1918
1917 1967
1917 1968
1918 1919
1918 1968
1919 1920
1919 1968
1920 1921
1920 1969
1921 1922
1921 1969
1922 1923
1922 1969
1922 1970
1923 1970
1923 1971
1924 1925
1924 1972
1924 1973
1925 1972
1925 1973
1925 1974
1926 1927
1926 1974
1926 1975
1926 1976
1927 1975
1927 1976
1927 1977
1928 1929
1928 1977
1928 1978
1929 1930
1929 1978
1929 1979
1930 1931
1930 1979
1931 1979
1931 1980
1932 1980
1932 1981
1932 1982
1933 1982
1933 1983
1933 1984
1934 1984
1934 1985
1934 1986
1935 1936
1935 1986
1935 1987
1935 1988
1936 1937
1936 1987
1936 1988
1936 1989
1937 1988
1937 1989
1938 1990
1938 1991
1939 1940
1939 1991
1939 1992
1940 1941
1940 1992
1940 1993
1941 1942
1941 1993
1941 1994
1942 1993
1942 1994
1942 1995
1943 1944
1943 1995
1943 1996
1943 1997
1944 1945
1944 1996
1944 1997
1944 1998
1945 1997
1945 1998
1946 1999
1946 2000
1946 2001
1947 2001
1947 2002
1947 2003
1948 1949
1948 2004
1948 2005
1949 1950
1949 2004
1949 2005
1949 2006
1950 1951
1950 2005
1950 2006
1950 2007
1951 1952
1951 2006
1951 2007
1951 2008
1952 1953
1952 2007
1952 2008
1952 2009
1953 1954
1953 2008
1953 2009
1953 2010
1954 2009
1954 2010
1954 2011
1955 1956
1955 2011
1955 2012
1955 2013
1956 1957
1956 2012
1956 2013
1956 2014
1957 2013
1957 2014
1957 2015
1958 1959
1958 2015
1958 2016
1958 2017
1959 1960
1959 2016
1959 2017
1959 2018
1960 2017
1960 2018
1960 2019
1961 1962
1961 2020
1961 2021
1961 2022
1962 1963
1962 2021
1962 2022
1962 2023
1963 1964
1963 2022
1963 2023
1963 2024
1964 1965
1964 2023
1964 2024
1964 2025
1965 1966
1965 2024
1965 2025
1965 2026
1966 1967
1966 2025
1966 2026
1966 2027
1967 2026
1967 2027
1967 2028
1968 2028
1968 2029
1968 2030
1969 2031
1969 2032
1969 2033
1970 1971
1970 2033
1970 2034
1970 2035
1971 2034
1971 2035
1971 2036
1972 1973
1972 2036
1972 2037
1972 2038
1973 1974
1973 2037
1973 2038
1973 2039
1974 1975
1974 2038
1974 2039
1974 2040
1975 1976
1975 2039
1975 2040
1975 2041
1976 1977
1976 2040
1976 2041
1976 2042
1977 1978
1977 2041
1977 2042
1977 2043
1978 2042
1978 2043
1978 2044
1979 2044
1979 2045
1979 2046
1980 1981
1980 2046
1980 2047
1980 2048
1981 1982
1981 2047
1981 2048
1981 2049
1982 1983
1982 2048
1982 2049
1983 1984
1983 2049
1983 2050
1984 1985
1984 2050
1984 2051
1985 1986
1985 2050
1985 2051
1985 2052
1986 1987
1986 2051
1986 2052
1986 2053
1987 1988
1987 2052
1987 2053
1987 2054
1988 1989
1988 2053
1988 2054
1988 2055
1989 2054
1989 2055
1990 1991
1990 2056
1990 2057
1991 1992
1991 2056
1991 2057
1991 2058
1992 2057
1992 2058
1992 2059
1993 1994
1993 2059
1993 2060
1993 2061
1994 1995
1994 2060
1994 2061
1994 2062
1995 1996
1995 2061
1995 2062
1995 2063
1996 1997
1996 2062
1996 2063
1997 1998
1997 2063
1997 2064
1998 2064
1998 2065
1999 2000
1999 2065
2000 2001
2001 2002
2001 2066
2002 2003
2002 2066
2003 2066
2003 2067
2004 2005
2004 2067
2004 2068
2004 2069
2005 2006
2005 2068
2005 2069
2005 2070
2006 2007
2006 2069
2006 2070
2006 2071
2007 2008
2007 2070
2007 2071
2007 2072
2008 2009
2008 2071
2008 2072
2008 2073
2009 2010
2009 2072
2009 2073
2009 2074
2010 2011
2010 2073
2010 2074
2010 2075
2011 2012
2011 2074
2011 2075
2011 2076
2012 2013
2012 2075
2012 2076
2012 2077
2013 2014
2013 2076
2013 2077
2013 2078
2014 2015
2014 2077
2014 2078
2014 2079
2015 2016
2015 2078
2015 2079
2015 2080
2016 2017
2016 2079
2016 2080
2016 2081
2017 2018
2017 2080
2017 2081
2017 2082
2018 2019
2018 2081
2018 2082
2018 2083
2019 2020
2019 2082
2019 2083
2019 2084
2020 2021
2020 2083
2020 2084
2020 2085
2021 2022
2021 2084
2021 2085
2021 2086
2022 2023
2022 2085
2022 2086
2022 2087
2023 2024
2023 2086
2023 2087
2023 2088
2024 2025
2024 2087
2024 2088
2024 2089
2025 2026
2025 2088
2025 2089
2025 2090
2026 2027
2026 2089
2026 2090
2026 2091
2027 2028
2027 2090
2027 2091
2028 2029
2028 2091
2028 2092
2029 2030
2029 2092
2029 2093
2030 2031
2030 2092
2030 2093
2030 2094
2031 2032
2031 2093
2031 2094
2031 2095
2032 2033
2032 2094
2032 2095
2033 2034
2033 2095
2033 2096
2034 2035
2034 2096
2034 2097
2035 2036
2035 2096
2035 2097
2035 2098
2036 2037
2036 2097
2036 2098
2036 2099
2037 2038
2037 2098
2037 2099
2038 2039
2038 2099
2039 2040
2039 2100
2040 2041
2040 2100
2040 2101
2041 2042
2041 2100
2041 2101
2042 2043
2042 2101
2043 2044
2043 2102
2044 2045
2044 2102
2044 2103
2045 2046
2045 2102
2045 2103
2046 2047
2046 2103
2047 2048
2047 2104
2048 2049
2048 2104
2048 2105
2049 2104
2049 2105
2049 2106
2050 2051
2050 2106
2050 2107
2050 2108
2051 2052
2051 2107
2051 2108
2051 2109
2052 2053
2052 2108
2052 2109
2052 2110
2053 2054
2053 2109
2053 2110
2053 2111
2054 2055
2054 2110
2054 2111
2054 2112
2055 2111
2055 2112
2056 2057
2056 2113
2056 2114
2057 2058
2057 2113
2057 2114
2057 2115
2058 2059
2058 2114
2058 2115
2059 2060
2059 2115
2060 2061
2060 2116
2061 2062
2061 2116
2062 2063
2062 2116
2062 2117
2063 2117
2064 2065
2064 2118
2064 2119
2065 2118
2065 2119
2065 2120
2066 2122
2066 2123
2066 2124
2067 2068
2067 2124
2067 2125
2067 2126
2068 2069
2068 2125
2068 2126
2069 2070
2069 2126
2070 2071
2070 2127
2071 2072
2071 2127
2071 2128
2072 2073
2072 2127
2072 2128
2073 2074
2073 2128
2073 2129
2074 2075
2074 2129
2074 2130
2075 2076
2075 2129
2075 2130
2075 2131
2076 2077
2076 2130
2076 2131
2076 2132
2077 2078
2077 2131
2077 2132
2078 2079
2078 2132
2078 2133
2079 2080
2079 2133
2079 2134
2080 2081
2080 2133
2080 2134
2080 2135
2081 2082
2081 2134
2081 2135
2081 2136
2082 2083
2082 2135
2082 2136
2082 2137
2083 2084
2083 2136
2083 2137
2083 2138
2084 2085
2084 2137
2084 2138
2084 2139
2085 2086
2085 2138
2085 2139
2085 2140
2086 2087
2086 2139
2086 2140
2086 2141
2087 2088
2087 2140
2087 2141
2087 2142
2088 2089
2088 2141
2088 2142
2088 2143
2089 2090
2089 2142
2089 2143
2090 2091
2090 2143
2090 2144
2091 2144
2091 2145
2092 2093
2092 2145
2092 2146
2092 2147
2093 2094
2093 2146
2093 2147
2093 2148
2094 2095
2094 2147
2094 2148
2094 2149
2095 2148
2095 2149
2095 2150
2096 2097
2096 2150
2097 2098
2097 2151
2098 2099
2098 2151
2098 2152
2099 2151
2099 2152
2099 2153
2100 2101
2100 2154
2100 2155
2100 2156
2101 2155
2101 2156
2101 2157
2102 2103
2102 2158
2102 2159
2103 2159
2104 2105
2104 2160
2104 2161
2104 2162
2105 2106
2105 2161
2105 2162
2105 2163
2106 2107
2106 2162
2106 2163
2107 2108
2107 2163
2107 2164
2108 2109
2108 2164
2108 2165
2109 2110
2109 2164
2109 2165
2110 2111
2110 2165
2111 2112
2111 2166
2112 2166
2113 2114
2113 2167
2113 2168
2114 2115
2114 2167
2114 2168
2115 2168
2115 2169
2116 2170
2116 2171
2117 2172
2117 2173
2118 2119
2118 2173
2118 2174
2119 2120
2119 2174
2119 2175
2120 2121
2120 2175
2120 2176
2121 2122
2121 2175
2121 2176
2121 2177
2122 2123
2122 2176
2122 2177
2122 2178
2123 2124
2123 2177
2123 2178
2123 2179
2124 2125
2124 2178
2124 2179
2124 2180
2125 2126
2125 2179
2125 2180
2125 2181
2126 2180
2126 2181
2126 2182
2127 2128
2127 2183
2127 2184
2127 2185
2128 2184
2128 2185
2129 2130
2129 2186
2129 2187
2130 2131
2130 2186
2130 2187
2130 2188
2131 2132
2131 2187
2131 2188
2131 2189
2132 2188
2132 2189
2133 2134
2133 2190
2133 2191
2134 2135
2134 2190
2134 2191
2134 2192
2135 2136
2135 2191
2135 2192
2135 2193
2136 2137
2136 2192
2136 2193
2137 2138
2137 2193
2138 2139
2139 2140
2139 2194
2140 2141
2140 2194
2140 2195
2141 2142
2141 2194
2141 2195
2141 2196
2142 2143
2142 2195
2142 2196
2143 2196
2143 2197
2144 2145
2144 2197
2144 2198
2144 2199
2145 2146
2145 2198
2145 2199
2145 2200
2146 2147
2146 2199
2146 2200
2146 2201
2147 2148
2147 2200
2147 2201
2147 2202
2148 2149
2148 2201
2148 2202
2149 2150
2149 2202
2150 2203
2151 2152
2151 2204
2151 2205
2151 2206
2152 2153
2152 2205
2152 2206
2152 2207
2153 2154
2153 2206
2153 2207
2153 2208
2154 2155
2154 2207
2154 2208
2154 2209
2155 2156
2155 2208
2155 2209
2155 2210
2156 2157
2156 2209
2156 2210
2156 2211
2157 2158
2157 2210
2157 2211
2157 2212
2158 2159
2158 2211
2158 2212
2158 2213
2159 2212
2159 2213
2159 2214
2160 2161
2160 2215
2160 2216
2160 2217
2161 2162
2161 2216
2161 2217
2161 2218
2162 2163
2162 2217
2162 2218
2162 2219
2163 2218
2163 2219
2163 2220
2164 2165
2164 2220
2164 2221
2165 2221
2165 2222
2166 2223
2166 2224
2167 2168
2167 2225
2167 2226
2168 2225
2168 2226
2168 2227
2169 2170
2169 2227
2169 2228
2169 2229
2170 2171
2170 2228
2170 2229
2171 2229
2171 2230
2172 2173
2172 2230
2172 2231
2173 2174
2173 2231
2173 2232
2174 2232
2174 2233
2175 2176
2175 2233
2175 2234
2175 2235
2176 2177
2176 2234
2176 2235
2177 2178
2177 2235
2177 2236
2178 2179
2178 2236
2178 2237
2179 2180
2179 2236
2179 2237
2180 2181
2180 2237
2180 2238
2181 2182
2181 2238
2181 2239
2182 2183
2182 2238
2182 2239
2182 2240
2183 2184
2183 2239
2183 2240
2183 2241
2184 2185
2184 2240
2184 2241
2184 2242
2185 2241
2185 2242
2185 2243
2186 2187
2186 2243
2186 2244
2186 2245
2187 2188
2187 2244
2187 2245
2187 2246
2188 2189
2188 2245
2188 2246
2188 2247
2189 2246
2189 2247
2189 2248
2190 2191
2190 2248
2190 2249
2190 2250
2191 2192
2191 2249
2191 2250
2191 2251
2192 2193
2192 2250
2192 2251
2193 2251
2193 2252
2194 2195
2194 2254
2194 2255
2194 2256
2195 2196
2195 2255
2195 2256
2195 2257
2196 2256
2196 2257
2196 2258
2197 2198
2197 2258
2197 2259
2197 2260
2198 2199
2198 2259
2198 2260
2198 2261
2199 2200
2199 2260
2199 2261
2199 2262
2200 2201
2200 2261
2200 2262
2200 2263
2201 2202
2201 2262
2201 2263
2202 2263
2202 2264
2203 2204
2203 2265
2203 2266
2203 2267
2204 2205
2204 2266
2204 2267
2204 2268
2205 2206
2205 2267
2205 2268
2205 2269
2206 2207
2206 2268
2206 2269
2206 2270
2207 2208
2207 2269
2207 2270
2207 2271
2208 2209
2208 2270
2208 2271
2208 2272
2209 2210
2209 2271
2209 2272
2209 2273
2210 2211
2210 2272
2210 2273
2211 2212
2211 2273
2211 2274
2212 2213
2212 2274
2213 2214
2213 2274
2213 2275
2214 2215
2214 2275
2215 2216
2215 2275
2215 2276
2216 2217
2216 2276
2216 2277
2217 2218
2217 2276
2217 2277
2218 2219
2218 2277
2218 2278
2219 2220
2219 2278
2219 2279
2220 2221
2220 2278
2220 2279
2220 2280
2221 2279
2221 2280
2221 2281
2222 2223
2222 2281
2222 2282
2222 2283
2223 2224
2223 2282
2223 2283
2224 2283
2225 2226
2226 2227
2227 2228
2227 2284
2228 2229
2228 2284
2228 2285
2229 2284
2229 2285
2229 2286
2230 2231
2230 2286
2230 2287
2230 2288
2231 2287
2231 2288
2231 2289
2232 2233
2232 2289
2232 2290
2232 2291
2233 2234
2233 2290
2233 2291
2233 2292
2234 2235
2234 2291
2234 2292
2234 2293
2235 2292
2235 2293
2236 2237
2236 2294
2236 2295
2237 2294
2237 2295
2237 2296
2238 2239
2238 2296
2238 2297
2238 2298
2239 2240
2239 2297
2239 2298
2239 2299
2240 2241
2240 2298
2240 2299
2241 2242
2241 2299
2241 2300
2242 2243
2242 2300
2242 2301
2243 2244
2243 2300
2243 2301
2244 2245
2244 2301
2244 2302
2245 2246
2245 2302
2246 2247
2246 2302
2246 2303
2247 2248
2247 2303
2247 2304
2248 2249
2248 2303
2248 2304
2248 2305
2249 2250
2249 2304
2249 2305
2249 2306
2250 2251
2250 2305
2250 2306
2251 2306
2251 2307
2252 2253
2252 2307
2252 2308
2252 2309
2253 2254
2253 2308
2253 2309
2254 2255
2254 2309
2254 2310
2255 2256
2255 2310
2255 2311
2256 2257
2256 2310
2256 2311
2256 2312
2257 2258
2257 2311
2257 2312
2257 2313
2258 2259
2258 2312
2258 2313
2258 2314
2259 2260
2259 2313
2259 2314
2259 2315
2260 2261
2260 2314
2260 2315
2261 2262
2261 2315
2261 2316
2262 2263
2262 2316
2263 2316
2263 2317
2264 2265
2264 2317
2264 2318
2264 2319
2265 2266
2265 2318
2265 2319
2265 2320
2266 2267
2266 2319
2266 2320
2266 2321
2267 2268
2267 2320
2267 2321
2267 2322
2268 2269
2268 2321
2268 2322
2268 2323
2269 2270
2269 2322
2269 2323
2269 2324
2270 2271
2270 2323
2270 2324
2270 2325
2271 2272
2271 2324
2271 2325
2271 2326
2272 2273
2272 2325
2272 2326
2272 2327
2273 2326
2273 2327
2273 2328
2274 2328
2274 2329
2274 2330
2275 2330
2275 2331
2275 2332
2276 2277
2276 2332
2276 2333
2276 2334
2277 2333
2277 2334
2277 2335
2278 2279
2278 2335
2278 2336
2278 2337
2279 2280
2279 2336
2279 2337
2280 2281
2280 2337
2280 2338
2281 2282
2281 2338
2281 2339
2282 2283
2282 2338
2282 2339
2283 2339
2283 2340
2284 2285
2284 2343
2284 2344
2285 2286
2285 2344
2286 2287
2286 2345
2287 2288
2287 2345
2287 2346
2288 2289
2288 2345
2288 2346
2288 2347
2289 2290
2289 2346
2289 2347
2289 2348
2290 2291
2290 2347
2290 2348
2290 2349
2291 2292
2291 2348
2291 2349
2292 2293
2292 2349
2293 2350
2294 2295
2294 2350
2294 2351
2294 2352
2295 2296
2295 2351
2295 2352
2295 2353
2296 2297
2296 2352
2296 2353
2296 2354
2297 2298
2297 2353
2297 2354
2297 2355
2298 2299
2298 2354
2298 2355
2298 2356
2299 2355
2299 2356
2300 2301
2300 2357
2300 2358
2301 2357
2301 2358
2301 2359
2302 2359
2302 2360
2303 2304
2303 2360
2304 2305
2305 2306
2305 2361
2306 2361
2306 2362
2307 2308
2307 2362
2307 2363
2307 2364
2308 2309
2308 2363
2308 2364
2308 2365
2309 2364
2309 2365
2310 2311
2310 2366
2311 2312
2311 2366
2311 2367
2312 2313
2312 2367
2312 2368
2313 2314
2313 2367
2313 2368
2314 2315
2314 2368
2316 2369
2316 2370
2317 2318
2317 2370
2317 2371
2317 2372
2318 2319
2318 2371
2318 2372
2318 2373
2319 2320
2319 2372
2319 2373
2319 2374
2320 2321
2320 2373
2320 2374
2320 2375
2321 2322
2321 2374
2321 2375
2321 2376
2322 2323
2322 2375
2322 2376
2322 2377
2323 2324
2323 2376
2323 2377
2324 2325
2324 2377
2324 2378
2325 2326
2325 2378
2326 2327
2326 2378
2326 2379
2327 2328
2327 2379
2327 2380
2328 2329
2328 2379
2328 2380
2329 2330
2329 2380
2329 2381
2330 2331
2330 2381
2330 2382
2331 2332
2331 2381
2331 2382
2332 2333
2332 2382
2332 2383
2333 2334
2333 2383
2333 2384
2334 2335
2334 2383
2334 2384
2335 2336
2335 2384
2335 2385
2336 2337
2336 2385
2336 2386
2337 2385
2337 2386
2337 2387
2338 2339
2338 2387
2338 2388
2338 2389
2339 2388
2339 2389
2339 2390
2340 2390
2340 2391
2341 2342
2341 2392
2341 2393
2342 2343
2342 2392
2342 2393
2342 2394
2343 2344
2343 2393
2343 2394
2343 2395
2344 2394
2344 2395
2345 2346
2345 2396
2345 2397
2345 2398
2346 2347
2346 2397
2346 2398
2346 2399
2347 2348
2347 2398
2347 2399
2347 2400
2348 2349
2348 2399
2348 2400
2348 2401
2349 2400
2349 2401
2349 2402
2350 2351
2350 2403
2350 2404
2350 2405
2351 2352
2351 2404
2351 2405
2351 2406
2352 2353
2352 2405
2352 2406
2352 2407
2353 2354
2353 2406
2353 2407
2354 2355
2354 2407
2354 2408
2355 2356
2355 2408
2355 2409
2356 2408
2356 2409
2356 2410
2357 2358
2357 2410
2357 2411
2357 2412
2358 2359
2358 2411
2358 2412
2358 2413
2359 2412
2359 2413
2359 2414
2360 2414
2360 2415
2361 2362
2361 2416
2361 2417
2361 2418
2362 2363
2362 2417
2362 2418
2362 2419
2363 2364
2363 2418
2363 2419
2363 2420
2364 2365
2364 2419
2364 2420
2365 2420
2365 2421
2366 2421
2366 2422
2366 2423
2367 2368
2367 2423
2367 2424
2367 2425
2368 2424
2368 2425
2369 2370
2369 2427
2369 2428
2370 2371
2370 2428
2370 2429
2371 2372
2371 2429
2372 2373
2372 2429
2372 2430
2373 2374
2373 2430
2373 2431
2374 2375
2374 2430
2374 2431
2374 2432
2375 2376
2375 2431
2375 2432
2375 2433
2376 2377
2376 2432
2376 2433
2376 2434
2377 2433
2377 2434
2377 2435
2378 2435
2378 2436
2378 2437
2379 2380
2379 2437
2379 2438
2380 2438
2381 2382
2381 2439
2381 2440
2382 2439
2382 2440
2382 2441
2383 2384
2383 2441
2383 2442
2384 2442
2384 2443
2385 2386
2385 2443
2385 2444
2386 2387
2386 2444
2386 2445
2387 2388
2387 2444
2387 2445
2388 2389
2388 2445
2388 2446
2389 2390
2389 2446
2390 2391
2390 2446
2392 2393
2392 2447
2393 2394
2393 2447
2393 2448
2394 2395
2394 2447
2394 2448
2394 2449
2395 2448
2395 2449
2395 2450
2396 2397
2396 2450
2396 2451
2396 2452
2397 2398
2397 2451
2397 2452
2397 2453
2398 2399
2398 2452
2398 2453
2398 2454
2399 2400
2399 2453
2399 2454
2399 2455
2400 2401
2400 2454
2400 2455
2401 2402
2401 2455
2401 2456
2402 2403
2402 2456
2402 2457
2403 2404
2403 2456
2403 2457
2404 2405
2404 2457
2404 2458
2405 2406
2405 2458
2405 2459
2406 2407
2406 2458
2406 2459
2406 2460
2407 2459
2407 2460
2407 2461
2408 2409
2408 2461
2408 2462
2408 2463
2409 2410
2409 2462
2409 2463
2409 2464
2410 2411
2410 2463
2410 2464
2410 2465
2411 2412
2411 2464
2411 2465
2412 2413
2412 2465
2413 2414
2413 2466
2414 2466
2414 2467
2415 2467
2415 2468
2416 2417
2416 2468
2416 2469
2416 2470
2417 2418
2417 2469
2417 2470
2417 2471
2418 2419
2418 2470
2418 2471
2418 2472
2419 2420
2419 2471
2419 2472
2419 2473
2420 2472
2420 2473
2420 2474
2421 2422
2421 2474
2421 2475
2421 2476
2422 2423
2422 2475
2422 2476
2422 2477
2423 2424
2423 2476
2423 2477
2423 2478
2424 2425
2424 2477
2424 2478
2424 2479
2425 2478
2425 2479
2426 2427
2426 2480
2427 2428
2427 2480
2427 2481
2428 2481
2428 2482
2429 2482
2429 2483
2430 2431
2430 2484
2430 2485
2431 2432
2431 2484
2431 2485
2431 2486
2432 2433
2432 2485
2432 2486
2433 2434
2433 2486
2434 2435
2435 2436
2435 2487
2436 2437
2436 2487
2436 2488
2437 2487
2437 2488
2437 2489
2438 2489
2438 2490
2438 2491
2439 2440
2439 2491
2439 2492
2439 2493
2440 2441
2440 2492
2440 2493
2441 2442
2441 2493
2441 2494
2442 2494
2442 2495
2443 2495
2443 2496
2443 2497
2444 2445
2444 2497
2444 2498
2444 2499
2445 2498
2445 2499
2445 2500
2446 2500
2446 2501
2446 2502
2447 2448
2447 2504
2447 2505
2447 2506
2448 2449
2448 2505
2448 2506
2448 2507
2449 2450
2449 2506
2449 2507
2449 2508
2450 2451
2450 2507
2450 2508
2450 2509
2451 2452
2451 2508
2451 2509
2452 2453
2452 2509
2452 2510
2453 2454
2453 2510
2453 2511
2454 2455
2454 2510
2454 2511
2454 2512
2455 2511
2455 2512
2455 2513
2456 2457
2456 2513
2456 2514
2456 2515
2457 2514
2457 2515
2457 2516
2458 2459
2458 2516
2458 2517
2458 2518
2459 2460
2459 2517
2459 2518
2459 2519
2460 2461
2460 2518
2460 2519
2460 2520
2461 2462
2461 2519
2461 2520
2461 2521
2462 2463
2462 2520
2462 2521
2463 2464
2463 2521
2463 2522
2464 2465
2464 2522
2464 2523
2465 2522
2465 2523
2465 2524
2466 2467
2466 2525
2466 2526
2466 2527
2467 2526
2467 2527
2467 2528
2468 2469
2468 2528
2468 2529
2468 2530
2469 2470
2469 2529
2469 2530
2469 2531
2470 2471
2470 2530
2470 2531
2470 2532
2471 2472
2471 2531
2471 2532
2471 2533
2472 2473
2472 2532
2472 2533
2473 2474
2473 2533
2474 2475
2474 2534
2475 2476
2475 2534
2475 2535
2476 2477
2476 2534
2476 2535
2477 2478
2477 2535
2478 2479
2478 2536
2479 2536
2479 2537
2480 2537
2480 2538
2480 2539
2481 2482
2481 2539
2481 2540
2482 2483
2482 2540
2483 2541
2484 2485
2484 2541
2484 2542
2485 2486
2485 2542
2485 2543
2486 2542
2486 2543
2486 2544
2487 2488
2487 2546
2487 2547
2487 2548
2488 2489
2488 2547
2488 2548
2488 2549
2489 2490
2489 2548
2489 2549
2489 2550
2490 2491
2490 2549
2490 2550
2490 2551
2491 2492
2491 2550
2491 2551
2492 2493
2492 2551
2492 2552
2493 2552
2493 2553
2494 2495
2494 2553
2494 2554
2494 2555
2495 2496
2495 2554
2495 2555
2495 2556
2496 2497
2496 2555
2496 2556
2496 2557
2497 2498
2497 2556
2497 2557
2497 2558
2498 2499
2498 2557
2498 2558
2498 2559
2499 2500
2499 2558
2499 2559
2500 2501
2500 2559
2500 2560
2501 2502
2501 2560
2501 2561
2502 2503
2502 2560
2502 2561
2502 2562
2503 2561
2503 2562
2504 2505
2504 2563
2504 2564
2505 2506
2505 2563
2505 2564
2505 2565
2506 2507
2506 2564
2506 2565
2506 2566
2507 2508
2507 2565
2507 2566
2507 2567
2508 2509
2508 2566
2508 2567
2509 2567
2510 2511
2510 2568
2510 2569
2511 2512
2511 2568
2511 2569
2512 2513
2512 2569
2513 2514
2513 2570
2514 2515
2514 2570
2514 2571
2515 2516
2515 2570
2515 2571
2515 2572
2516 2517
2516 2571
2516 2572
2516 2573
2517 2518
2517 2572
2517 2573
2517 2574
2518 2519
2518 2573
2518 2574
2519 2520
2519 2574
2519 2575
2520 2521
2520 2575
2520 2576
2521 2575
2521 2576
2522 2523
2523 2524
2523 2577
2524 2525
2524 2577
2524 2578
2525 2526
2525 2577
2525 2578
2526 2527
2526 2578
2526 2579
2527 2528
2527 2579
2527 2580
2528 2529
2528 2579
2528 2580
2528 2581
2529 2530
2529 2580
2529 2581
2529 2582
2530 2531
2530 2581
2530 2582
2530 2583
2531 2532
2531 2582
2531 2583
2531 2584
2532 2533
2532 2583
2532 2584
2532 2585
2533 2584
2533 2585
2533 2586
2534 2535
2534 2587
2534 2588
2534 2589
2535 2588
2535 2589
2535 2590
2536 2537
2536 2591
2536 2592
2536 2593
2537 2538
2537 2592
2537 2593
2538 2539
2538 2593
2538 2594
2539 2540
2539 2594
2539 2595
2540 2594
2540 2595
2540 2596
2541 2597
2541 2598
2542 2543
2542 2598
2542 2599
2542 2600
2543 2544
2543 2599
2543 2600
2543 2601
2544 2545
2544 2600
2544 2601
2545 2546
2545 2601
2545 2602
2546 2547
2546 2602
2546 2603
2547 2548
2547 2602
2547 2603
2547 2604
2548 2549
2548 2603
2548 2604
2548 2605
2549 2550
2549 2604
2549 2605
2549 2606
2550 2551
2550 2605
2550 2606
2550 2607
2551 2606
2551 2607
2551 2608
2552 2553
2552 2608
2552 2609
2553 2554
2553 2609
2553 2610
2554 2555
2554 2610
2554 2611
2555 2556
2555 2610
2555 2611
2555 2612
2556 2557
2556 2611
2556 2612
2556 2613
2557 2558
2557 2612
2557 2613
2558 2559
2558 2613
2558 2614
2559 2614
2560 2561
2560 2615
2560 2616
2561 2562
2561 2615
2561 2616
2561 2617
2562 2616
2562 2617
2563 2564
2563 2618
2563 2619
2564 2565
2564 2618
2564 2619
2564 2620
2565 2566
2565 2619
2565 2620
2565 2621
2566 2567
2566 2620
2566 2621
2566 2622
2567 2621
2567 2622
2568 2569
2568 2623
2568 2624
2569 2624
2569 2625
2570 2571
2570 2626
2571 2572
2571 2626
2572 2573
2572 2627
2573 2574
2573 2627
2573 2628
2574 2627
2574 2628
2574 2629
2575 2576
2575 2629
2575 2630
2576 2630
2576 2631
2577 2578
2577 2633
2577 2634
2578 2634
2578 2635
2579 2580
2579 2635
2580 2581
2580 2636
2581 2582
2581 2636
2582 2583
2582 2636
2582 2637
2583 2584
2583 2637
2583 2638
2584 2585
2584 2637
2584 2638
2584 2639
2585 2586
2585 2638
2585 2639
2586 2587
2586 2639
2586 2640
2587 2588
2587 2640
2587 2641
2588 2589
2588 2640
2588 2641
2588 2642
2589 2590
2589 2641
2589 2642
2589 2643
2590 2591
2590 2642
2590 2643
2590 2644
2591 2592
2591 2643
2591 2644
2591 2645
2592 2593
2592 2644
2592 2645
2592 2646
2593 2645
2593 2646
2593 2647
2594 2595
2594 2647
2594 2648
2594 2649
2595 2596
2595 2648
2595 2649
2595 2650
2596 2597
2596 2649
2596 2650
2596 2651
2597 2650
2597 2651
2597 2652
2598 2599
2598 2652
2598 2653
2598 2654
2599 2600
2599 2653
2599 2654
2599 2655
2600 2601
2600 2654
2600 2655
2600 2656
2601 2655
2601 2656
2602 2603
2602 2657
2602 2658
2603 2604
2603 2657
2603 2658
2603 2659
2604 2605
2604 2658
2604 2659
2604 2660
2605 2606
2605 2659
2605 2660
2605 2661
2606 2607
2606 2660
2606 2661
2606 2662
2607 2608
2607 2661
2607 2662
2607 2663
2608 2609
2608 2662
2608 2663
2608 2664
2609 2663
2609 2664
2609 2665
2610 2611
2610 2665
2610 2666
2610 2667
2611 2612
2611 2666
2611 2667
2612 2613
2612 2667
2612 2668
2613 2668
2614 2669
2614 2670
2615 2616
2615 2670
2615 2671
2616 2617
2616 2671
2616 2672
2617 2671
2617 2672
2618 2619
2618 2673
2618 2674
2619 2620
2619 2673
2619 2674
2620 2621
2620 2674
2620 2675
2621 2622
2621 2675
2621 2676
2622 2675
2622 2676
2622 2677
2623 2624
2623 2677
2623 2678
2623 2679
2624 2678
2624 2679
2624 2680
2625 2680
2625 2681
2625 2682
2626 2682
2626 2683
2627 2628
2627 2684
2627 2685
2628 2629
2628 2685
2628 2686
2629 2630
2629 2686
2629 2687
2630 2686
2630 2687
2630 2688
2631 2632
2631 2688
2632 2633
2633 2689
2634 2635
2634 2689
2634 2690
2634 2691
2635 2690
2635 2691
2635 2692
2636 2693
2636 2694
2636 2695
2637 2638
2637 2695
2637 2696
2638 2639
2638 2696
2638 2697
2639 2696
2639 2697
2639 2698
2640 2641
2640 2698
2640 2699
2640 2700
2641 2642
2641 2699
2641 2700
2642 2643
2642 2700
2642 2701
2643 2644
2643 2701
2643 2702
2644 2645
2644 2701
2644 2702
2645 2646
2645 2702
2645 2703
2646 2647
2646 2703
2646 2704
2647 2648
2647 2703
2647 2704
2647 2705
2648 2649
2648 2704
2648 2705
2649 2650
2649 2705
2649 2706
2650 2651
2650 2706
2651 2652
2651 2706
2651 2707
2652 2653
2652 2707
2652 2708
2653 2654
2653 2707
2653 2708
2653 2709
2654 2655
2654 2708
2654 2709
2654 2710
2655 2656
2655 2709
2655 2710
2655 2711
2656 2710
2656 2711
2656 2712
2657 2658
2657 2712
2657 2713
2657 2714
2658 2659
2658 2713
2658 2714
2658 2715
2659 2660
2659 2714
2659 2715
2659 2716
2660 2661
2660 2715
2660 2716
2660 2717
2661 2662
2661 2716
2661 2717
2661 2718
2662 2663
2662 2717
2662 2718
2662 2719
2663 2664
2663 2718
2663 2719
2663 2720
2664 2665
2664 2719
2664 2720
2665 2666
2665 2720
2665 2721
2666 2667
2666 2721
2666 2722
2667 2721
2667 2722
2667 2723
2668 2723
2668 2724
2668 2725
2669 2670
2669 2725
2669 2726
2669 2727
2670 2726
2670 2727
2670 2728
2671 2672
2671 2728
2671 2729
2671 2730
2672 2729
2672 2730
2673 2674
2673 2731
2673 2732
2674 2731
2674 2732
2675 2676
2675 2733
2675 2734
2676 2677
2676 2733
2676 2734
2677 2678
2677 2734
2677 2735
2678 2679
2678 2735
2678 2736
2679 2680
2679 2735
2679 2736
2679 2737
2680 2681
2680 2736
2680 2737
2680 2738
2681 2682
2681 2737
2681 2738
2681 2739
2682 2683
2682 2738
2682 2739
2682 2740
2683 2739
2683 2740
2683 2741
2684 2685
2684 2741
2684 2742
2684 2743
2685 2742
2685 2743
2686 2687
2686 2744
2687 2688
2687 2744
2687 2745
2688 2745
2688 2746
2689 2690
2689 2748
2689 2749
2689 2750
2690 2691
2690 2749
2690 2750
2690 2751
2691 2692
2691 2750
2691 2751
2691 2752
2692 2693
2692 2751
2692 2752
2692 2753
2693 2694
2693 2752
2693 2753
2693 2754
2694 2695
2694 2753
2694 2754
2694 2755
2695 2754
2695 2755
2695 2756
2696 2697
2696 2756
2696 2757
2696 2758
2697 2698
2697 2757
2697 2758
2697 2759
2698 2699
2698 2758
2698 2759
2698 2760
2699 2700
2699 2759
2699 2760
2700 2760
2700 2761
2701 2702
2701 2761
2701 2762
2702 2762
2703 2704
2703 2763
2703 2764
2704 2705
2704 2763
2704 2764
2704 2765
2705 2764
2705 2765
2705 2766
2706 2766
2706 2767
2707 2708
2707 2768
2707 2769
2708 2709
2708 2768
2708 2769
2708 2770
2709 2710
2709 2769
2709 2770
2710 2711
2710 2770
2710 2771
2711 2712
2711 2771
2711 2772
2712 2713
2712 2771
2712 2772
2712 2773
2713 2714
2713 2772
2713 2773
2713 2774
2714 2715
2714 2773
2714 2774
2714 2775
2715 2716
2715 2774
2715 2775
2715 2776
2716 2717
2716 2775
2716 2776
2716 2777
2717 2718
2717 2776
2717 2777
2717 2778
2718 2719
2718 2777
2718 2778
2719 2720
2719 2778
2719 2779
2720 2779
2720 2780
2721 2722
2721 2780
2721 2781
2721 2782
2722 2723
2722 2781
2722 2782
2722 2783
2723 2724
2723 2782
2723 2783
2724 2725
2724 2783
2724 2784
2725 2726
2725 2784
2725 2785
2726 2727
2726 2784
2726 2785
2726 2786
2727 2728
2727 2785
2727 2786
2727 2787
2728 2729
2728 2786
2728 2787
2728 2788
2729 2730
2729 2787
2729 2788
2730 2788
2731 2732
2731 2789
2731 2790
2732 2789
2732 2790
2732 2791
2733 2734
2733 2791
2733 2792
2733 2793
2734 2792
2734 2793
2734 2794
2735 2736
2735 2794
2735 2795
2735 2796
2736 2737
2736 2795
2736 2796
2737 2738
2737 2796
2737 2797
2738 2739
2738 2797
2738 2798
2739 2740
2739 2797
2739 2798
2739 2799
2740 2741
2740 2798
2740 2799
2740 2800
2741 2742
2741 2799
2741 2800
2741 2801
2742 2743
2742 2800
2742 2801
2743 2801
2743 2802
2744 2802
2744 2803
2744 2804
2745 2746
2745 2804
2745 2805
2745 2806
2746 2747
2746 2805
2746 2806
2746 2807
2747 2748
2747 2806
2747 2807
2747 2808
2748 2749
2748 2807
2748 2808
2748 2809
2749 2750
2749 2808
2749 2809
2749 2810
2750 2751
2750 2809
2750 2810
2750 2811
2751 2752
2751 2810
2751 2811
2752 2753
2752 2811
2752 2812
2753 2754
2753 2812
2753 2813
2754 2755
2754 2812
2754 2813
2754 2814
2755 2756
2755 2813
2755 2814
2755 2815
2756 2757
2756 2814
2756 2815
2757 2758
2757 2815
2758 2759
2759 2760
2759 2816
2760 2816
2760 2817
2761 2817
2761 2818
2761 2819
2762 2819
2762 2820
2763 2764
2763 2820
2763 2821
2763 2822
2764 2765
2764 2821
2764 2822
2764 2823
2765 2766
2765 2822
2765 2823
2765 2824
2766 2767
2766 2823
2766 2824
2766 2825
2767 2824
2767 2825
2767 2826
2768 2769
2768 2826
2768 2827
2769 2770
2769 2827
2769 2828
2770 2827
2770 2828
2770 2829
2771 2772
2771 2829
2772 2773
2772 2830
2773 2774
2773 2830
2773 2831
2774 2775
2774 2830
2774 2831
2774 2832
2775 2776
2775 2831
2775 2832
2776 2777
2776 2832
2776 2833
2777 2778
2777 2833
2778 2833
2778 2834
2779 2780
2779 2834
2779 2835
2780 2781
2780 2835
2780 2836
2781 2782
2781 2835
2781 2836
2781 2837
2782 2783
2782 2836
2782 2837
2782 2838
2783 2837
2783 2838
2783 2839
2784 2785
2784 2839
2784 2840
2784 2841
2785 2786
2785 2840
2785 2841
2785 2842
2786 2787
2786 2841
2786 2842
2786 2843
2787 2788
2787 2842
2787 2843
2787 2844
2788 2843
2788 2844
2788 2845
2789 2790
2789 2846
2790 2791
2790 2846
2790 2847
2791 2792
2791 2846
2791 2847
2791 2848
2792 2793
2792 2847
2792 2848
2792 2849
2793 2794
2793 2848
2793 2849
2794 2795
2794 2849
2794 2850
2795 2796
2795 2850
2795 2851
2796 2850
2796 2851
2797 2798
2797 2852
2797 2853
2798 2799
2798 2852
2798 2853
2798 2854
2799 2800
2799 2853
2799 2854
2799 2855
2800 2801
2800 2854
2800 2855
2800 2856
2801 2855
2801 2856
2802 2803
2802 2857
2802 2858
2803 2804
2803 2857
2803 2858
2803 2859
2804 2805
2804 2858
2804 2859
2804 2860
2805 2806
2805 2859
2805 2860
2805 2861
2806 2807
2806 2860
2806 2861
2807 2808
2807 2861
2807 2862
2808 2809
2808 2862
2808 2863
2809 2810
2809 2862
2809 2863
2809 2864
2810 2811
2810 2863
2810 2864
2810 2865
2811 2864
2811 2865
2811 2866
2812 2813
2812 2866
2812 2867
2812 2868
2813 2814
2813 2867
2813 2868
2813 2869
2814 2815
2814 2868
2814 2869
2814 2870
2815 2869
2815 2870
2815 2871
2816 2817
2816 2873
2816 2874
2816 2875
2817 2818
2817 2874
2817 2875
2817 2876
2818 2819
2818 2875
2818 2876
2819 2876
2819 2877
2820 2821
2820 2877
2820 2878
2821 2822
2821 2878
2821 2879
2822 2823
2822 2879
2822 2880
2823 2824
2823 2879
2823 2880
2824 2825
2824 2880
2824 2881
2825 2826
2825 2881
2825 2882
2826 2881
2826 2882
2827 2828
2827 2883
2828 2829
2828 2883
2828 2884
2829 2884
2830 2831
2830 2885
2830 2886
2830 2887
2831 2832
2831 2886
2831 2887
2831 2888
2832 2887
2832 2888
2833 2889
2833 2890
2834 2890
2834 2891
2834 2892
2835 2836
2835 2892
2835 2893
2835 2894
2836 2837
2836 2893
2836 2894
2836 2895
2837 2838
2837 2894
2837 2895
2837 2896
2838 2839
2838 2895
2838 2896
2838 2897
2839 2840
2839 2896
2839 2897
2839 2898
2840 2841
2840 2897
2840 2898
2840 2899
2841 2842
2841 2898
2841 2899
2841 2900
2842 2843
2842 2899
2842 2900
2842 2901
2843 2844
2843 2900
2843 2901
2843 2902
2844 2845
2844 2901
2844 2902
2845 2902
2846 2847
2846 2903
2846 2904
2847 2848
2847 2903
2847 2904
2847 2905
2848 2849
2848 2904
2848 2905
2848 2906
2849 2905
2849 2906
2849 2907
2850 2851
2850 2907
2850 2908
2850 2909
2851 2908
2851 2909
2851 2910
2852 2853
2852 2910
2852 2911
2853 2854
2853 2911
2853 2912
2854 2855
2854 2911
2854 2912
2854 2913
2855 2856
2855 2912
2855 2913
2855 2914
2856 2913
2856 2914
2856 2915
2857 2858
2857 2915
2857 2916
2857 2917
2858 2859
2858 2916
2858 2917
2859 2860
2859 2917
2859 2918
2860 2861
2860 2918
2860 2919
2861 2918
2861 2919
2861 2920
2862 2863
2862 2920
2862 2921
2863 2864
2863 2921
2863 2922
2864 2865
2864 2921
2864 2922
2864 2923
2865 2866
2865 2922
2865 2923
2865 2924
2866 2867
2866 2923
2866 2924
2866 2925
2867 2868
2867 2924
2867 2925
2868 2869
2868 2925
2869 2870
2869 2926
2870 2871
2870 2926
2871 2872
2871 2926
2871 2927
2872 2873
2872 2927
2872 2928
2873 2874
2873 2927
2873 2928
2873 2929
2874 2875
2874 2928
2874 2929
2874 2930
2875 2876
2875 2929
2875 2930
2875 2931
2876 2930
2876 2931
2876 2932
2877 2878
2877 2932
2877 2933
2878 2933
2879 2880
2880 2934
2881 2882
2881 2934
2881 2935
2881 2936
2882 2935
2882 2936
2882 2937
2883 2937
2883 2938
2884 2938
2884 2939
2885 2886
2885 2940
2885 2941
2886 2887
2886 2940
2886 2941
2886 2942
2887 2888
2887 2941
2887 2942
2887 2943
2888 2942
2888 2943
2888 2944
2889 2890
2889 2944
2889 2945
2889 2946
2890 2891
2890 2945
2890 2946
2890 2947
2891 2892
2891 2946
2891 2947
2891 2948
2892 2893
2892 2947
2892 2948
2892 2949
2893 2894
2893 2948
2893 2949
2894 2895
2894 2949
2894 2950
2895 2896
2895 2950
2895 2951
2896 2897
2896 2950
2896 2951
2896 2952
2897 2898
2897 2951
2897 2952
2898 2899
2898 2952
2898 2953
2899 2900
2899 2953
2899 2954
2900 2901
2900 2953
2900 2954
2900 2955
2901 2902
2901 2954
2901 2955
2901 2956
2902 2955
2902 2956
2902 2957
2903 2904
2903 2958
2903 2959
2904 2905
2904 2958
2904 2959
2904 2960
2905 2906
2905 2959
2905 2960
2905 2961
2906 2907
2906 2960
2906 2961
2906 2962
2907 2908
2907 2961
2907 2962
2907 2963
2908 2909
2908 2962
2908 2963
2908 2964
2909 2910
2909 2963
2909 2964
2910 2964
2910 2965
2911 2912
2911 2965
2911 2966
2911 2967
2912 2913
2912 2966
2912 2967
2912 2968
2913 2914
2913 2967
2913 2968
2913 2969
2914 2915
2914 2968
2914 2969
2914 2970
2915 2916
2915 2969
2915 2970
2915 2971
2916 2917
2916 2970
2916 2971
2917 2971
2917 2972
2918 2919
2918 2972
2918 2973
2918 2974
2919 2920
2919 2973
2919 2974
2920 2974
2921 2922
2921 2975
2922 2923
2922 2975
2923 2924
2923 2975
2923 2976
2924 2925
2924 2976
2924 2977
2925 2976
2925 2977
2925 2978
2926 2979
2926 2980
2926 2981
2927 2928
2927 2981
2927 2982
2927 2983
2928 2929
2928 2982
2928 2983
2928 2984
2929 2930
2929 2983
2929 2984
2929 2985
2930 2931
2930 2984
2930 2985
2931 2932
2931 2985
2931 2986
2932 2933
2932 2986
2932 2987
2933 2986
2933 2987
2933 2988
2934 2935
2934 2991
2934 2992
2935 2936
2935 2992
2936 2937
2936 2993
2937 2993
2937 2994
2938 2939
2938 2994
2938 2995
2938 2996
2939 2995
2939 2996
2939 2997
2940 2941
2940 2997
2940 2998
2941 2942
2941 2998
2941 2999
2942 2943
2942 2998
2942 2999
2943 2944
2943 2999
2943 3000
2944 2945
2944 3000
2944 3001
2945 2946
2945 3000
2945 3001
2945 3002
2946 2947
2946 3001
2946 3002
2946 3003
2947 2948
2947 3002
2947 3003
2947 3004
2948 2949
2948 3003
2948 3004
2949 3004
2949 3005
2950 2951
2950 3005
2950 3006
2950 3007
2951 2952
2951 3006
2951 3007
2951 3008
2952 3007
2952 3008
2953 2954
2953 3009
2954 2955
2954 3009
2954 3010
2955 2956
2955 3009
2955 3010
2955 3011
2956 2957
2956 3010
2956 3011
2957 3011
2958 2959
2958 3012
2958 3013
2958 3014
2959 2960
2959 3013
2959 3014
2959 3015
2960 2961
2960 3014
2960 3015
2960 3016
2961 2962
2961 3015
2961 3016
2962 2963
2962 3016
2962 3017
2963 2964
2963 3017
2964 3017
2964 3018
2965 2966
2965 3018
2965 3019
2965 3020
2966 2967
2966 3019
2966 3020
2967 2968
2967 3020
2967 3021
2968 2969
2968 3021
2969 2970
2969 3021
2969 3022
2970 2971
2970 3022
2970 3023
2971 3022
2971 3023
2971 3024
2972 2973
2972 3024
2972 3025
2973 2974
2973 3025
2973 3026
2974 3025
2974 3026
2974 3027
2975 3029
2975 3030
2975 3031
2976 2977
2976 3031
2976 3032
2976 3033
2977 2978
2977 3032
2977 3033
2977 3034
2978 2979
2978 3033
2978 3034
2978 3035
2979 2980
2979 3034
2979 3035
2979 3036
2980 2981
2980 3035
2980 3036
2980 3037
2981 2982
2981 3036
2981 3037
2981 3038
2982 2983
2982 3037
2982 3038
2983 2984
2983 3038
2983 3039
2984 2985
2984 3039
2984 3040
2985 3039
2985 3040
2985 3041
2986 2987
2986 3041
2986 3042
2986 3043
2987 2988
2987 3042
2987 3043
2988 2989
2988 3043
2989 2990
2990 2991
2990 3044
2991 2992
2991 3044
2991 3045
2992 3044
2992 3045
2992 3046
2993 2994
2993 3047
2993 3048
2994 2995
2994 3048
2994 3049
2995 2996
2995 3049
2995 3050
2996 2997
2996 3049
2996 3050
2996 3051
2997 3050
2997 3051
2997 3052
2998 2999
2998 3052
2998 3053
2999 3053
2999 3054
3000 3001
3000 3054
3000 3055
3001 3002
3001 3055
3001 3056
3002 3003
3002 3056
3002 3057
3003 3004
3003 3056
3003 3057
3003 3058
3004 3057
3004 3058
3004 3059
3005 3006
3005 3059
3005 3060
3006 3007
3006 3060
3006 3061
3007 3008
3007 3061
3007 3062
3008 3061
3008 3062
3008 3063
3009 3010
3009 3064
3009 3065
3009 3066
3010 3011
3010 3065
3010 3066
3010 3067
3011 3066
3011 3067
3011 3068
3012 3013
3012 3069
3012 3070
3013 3014
3013 3069
3013 3070
3013 3071
3014 3015
3014 3070
3014 3071
3014 3072
3015 3016
3015 3071
3015 3072
3016 3072
3017 3073
3018 3019
3018 3074
3019 3020
3019 3074
3019 3075
3020 3074
3020 3075
3020 3076
3021 3076
3021 3077
3021 3078
3022 3023
3022 3078
3022 3079
3022 3080
3023 3024
3023 3079
3023 3080
3023 3081
3024 3080
3024 3081
3024 3082
3025 3026
3025 3082
3025 3083
3026 3027
3026 3083
3026 3084
3027 3028
3027 3083
3027 3084
3027 3085
3028 3029
3028 3084
3028 3085
3029 3030
3029 3085
3029 3086
3030 3031
3030 3086
3030 3087
3031 3032
3031 3086
3031 3087
3031 3088
3032 3033
3032 3087
3032 3088
3032 3089
3033 3034
3033 3088
3033 3089
3033 3090
3034 3035
3034 3089
3034 3090
3034 3091
3035 3036
3035 3090
3035 3091
3035 3092
3036 3037
3036 3091
3036 3092
3036 3093
3037 3038
3037 3092
3037 3093
3038 3093
3038 3094
3039 3040
3039 3094
3039 3095
3039 3096
3040 3041
3040 3095
3040 3096
3040 3097
3041 3042
3041 3096
3041 3097
3041 3098
3042 3043
3042 3097
3042 3098
3043 3098
3043 3099
3044 3045
3044 3101
3044 3102
3045 3046
3045 3102
3045 3103
3046 3047
3046 3102
3046 3103
3047 3048
3047 3103
3047 3104
3048 3104
3048 3105
3049 3050
3049 3105
3049 3106
3049 3107
3050 3051
3050 3106
3050 3107
3050 3108
3051 3052
3051 3107
3051 3108
3052 3108
3052 3109
3053 3054
3053 3109
3053 3110
3054 3055
3054 3110
3054 3111
3055 3111
3055 3112
3056 3057
3056 3112
3056 3113
3056 3114
3057 3058
3057 3113
3057 3114
3057 3115
3058 3059
3058 3114
3058 3115
3058 3116
3059 3060
3059 3115
3059 3116
3059 3117
3060 3116
3060 3117
3060 3118
3061 3062
3061 3118
3061 3119
3062 3063
3062 3119
3062 3120
3063 3064
3063 3120
3064 3065
3064 3120
3064 3121
3065 3066
3065 3121
3065 3122
3066 3067
3066 3121
3066 3122
3067 3068
3067 3122
3067 3123
3068 3123
3069 3070
3069 3124
3070 3071
3070 3124
3070 3125
3071 3072
3071 3124
3071 3125
3071 3126
3072 3125
3072 3126
3072 3127
3073 3128
3073 3129
3073 3130
3074 3075
3074 3131
3074 3132
3074 3133
3075 3076
3075 3132
3075 3133
3075 3134
3076 3077
3076 3133
3076 3134
3076 3135
3077 3078
3077 3134
3077 3135
3077 3136
3078 3079
3078 3135
3078 3136
3078 3137
3079 3080
3079 3136
3079 3137
3079 3138
3080 3081
3080 3137
3080 3138
3080 3139
3081 3082
3081 3138
3081 3139
3081 3140
3082 3139
3082 3140
3082 3141
3083 3084
3083 3141
3083 3142
3083 3143
3084 3085
3084 3142
3084 3143
3085 3143
3085 3144
3086 3087
3086 3144
3086 3145
3087 3088
3087 3145
3088 3089
3088 3146
3089 3090
3089 3146
3089 3147
3090 3091
3090 3146
3090 3147
3090 3148
3091 3092
3091 3147
3091 3148
3092 3093
3092 3148
3092 3149
3093 3149
3093 3150
3094 3095
3094 3150
3094 3151
3094 3152
3095 3096
3095 3151
3095 3152
3095 3153
3096 3097
3096 3152
3096 3153
3096 3154
3097 3098
3097 3153
3097 3154
3097 3155
3098 3154
3098 3155
3098 3156
3099 3100
3099 3156
3099 3157
3100 3101
3100 3157
3101 3157
3101 3158
3102 3103
3102 3158
3102 3159
3103 3159
3104 3105
3104 3160
3104 3161
3105 3106
3105 3160
3105 3161
3105 3162
3106 3107
3106 3161
3106 3162
3106 3163
3107 3108
3107 3162
3107 3163
3107 3164
3108 3163
3108 3164
3108 3165
3109 3110
3109 3165
3109 3166
3109 3167
3110 3166
3110 3167
3110 3168
3111 3112
3111 3168
3111 3169
3111 3170
3112 3113
3112 3169
3112 3170
3112 3171
3113 3114
3113 3170
3113 3171
3114 3115
3114 3171
3114 3172
3115 3116
3115 3172
3115 3173
3116 3117
3116 3172
3116 3173
3116 3174
3117 3118
3117 3173
3117 3174
3117 3175
3118 3119
3118 3174
3118 3175
3118 3176
3119 3175
3119 3176
3120 3177
3121 3122
3121 3177
3121 3178
3121 3179
3122 3178
3122 3179
3122 3180
3123 3180
3123 3181
3124 3125
3124 3182
3124 3183
3125 3126
3125 3183
3125 3184
3126 3127
3126 3183
3126 3184
3126 3185
3127 3128
3127 3184
3127 3185
3127 3186
3128 3129
3128 3185
3128 3186
3128 3187
3129 3130
3129 3186
3129 3187
3129 3188
3130 3131
3130 3187
3130 3188
3130 3189
3131 3132
3131 3188
3131 3189
3131 3190
3132 3133
3132 3189
3132 3190
3132 3191
3133 3134
3133 3190
3133 3191
3133 3192
3134 3135
3134 3191
3134 3192
3134 3193
3135 3136
3135 3192
3135 3193
3135 3194
3136 3137
3136 3193
3136 3194
3136 3195
3137 3138
3137 3194
3137 3195
3138 3139
3138 3195
3138 3196
3139 3140
3139 3196
3139 3197
3140 3141
3140 3196
3140 3197
3140 3198
3141 3142
3141 3197
3141 3198
3142 3143
3142 3198
3142 3199
3143 3199
3143 3200
3144 3145
3144 3200
3144 3201
3145 3201
3145 3202
3146 3147
3146 3203
3146 3204
3146 3205
3147 3148
3147 3204
3147 3205
3147 3206
3148 3205
3148 3206
3148 3207
3149 3150
3149 3207
3149 3208
3150 3151
3150 3208
3150 3209
3151 3152
3151 3208
3151 3209
3151 3210
3152 3153
3152 3209
3152 3210
3152 3211
3153 3154
3153 3210
3153 3211
3153 3212
3154 3155
3154 3211
3154 3212
3154 3213
3155 3156
3155 3212
3155 3213
3155 3214
3156 3213
3156 3214
3156 3215
3157 3215
3157 3216
3157 3217
3158 3217
3158 3218
3158 3219
3159 3219
3159 3220
3159 3221
3160 3161
3160 3221
3160 3222
3160 3223
3161 3162
3161 3222
3161 3223
3161 3224
3162 3163
3162 3223
3162 3224
3162 3225
3163 3164
3163 3224
3163 3225
3163 3226
3164 3165
3164 3225
3164 3226
3164 3227
3165 3166
3165 3226
3165 3227
3165 3228
3166 3167
3166 3227
3166 3228
3166 3229
3167 3168
3167 3228
3167 3229
3167 3230
3168 3169
3168 3229
3168 3230
3168 3231
3169 3170
3169 3230
3169 3231
3169 3232
3170 3171
3170 3231
3170 3232
3170 3233
3171 3232
3171 3233
3171 3234
3172 3173
3172 3234
3172 3235
3172 3236
3173 3174
3173 3235
3173 3236
3173 3237
3174 3175
3174 3236
3174 3237
3174 3238
3175 3176
3175 3237
3175 3238
3175 3239
3176 3238
3176 3239
3176 3240
3177 3178
3178 3179
3178 3241
3179 3180
3179 3241
3179 3242
3180 3181
3180 3241
3180 3242
3180 3243
3181 3242
3181 3243
3182 3244
3182 3245
3183 3184
3183 3245
3183 3246
3183 3247
3184 3185
3184 3246
3184 3247
3184 3248
3185 3186
3185 3247
3185 3248
3185 3249
3186 3187
3186 3248
3186 3249
3186 3250
3187 3188
3187 3249
3187 3250
3187 3251
3188 3189
3188 3250
3188 3251
3188 3252
3189 3190
3189 3251
3189 3252
3189 3253
3190 3191
3190 3252
3190 3253
3190 3254
3191 3192
3191 3253
3191 3254
3192 3193
3192 3254
3193 3194
3193 3255
3194 3195
3194 3255
3194 3256
3195 3255
3195 3256
3195 3257
3196 3197
3196 3257
3196 3258
3197 3198
3197 3258
3197 3259
3198 3259
3199 3200
3199 3260
3200 3201
3200 3260
3200 3261
3201 3261
3202 3203
3202 3262
3203 3204
3203 3262
3203 3263
3204 3205
3204 3262
3204 3263
3204 3264
3205 3206
3205 3263
3205 3264
3205 3265
3206 3207
3206 3264
3206 3265
3206 3266
3207 3265
3207 3266
3207 3267
3208 3209
3208 3267
3208 3268
3208 3269
3209 3210
3209 3268
3209 3269
3209 3270
3210 3211
3210 3269
3210 3270
3210 3271
3211 3212
3211 3270
3211 3271
3211 3272
3212 3213
3212 3271
3212 3272
3212 3273
3213 3214
3213 3272
3213 3273
3213 3274
3214 3215
3214 3273
3214 3274
3215 3216
3215 3274
3215 3275
3216 3217
3216 3275
3216 3276
3217 3218
3217 3275
3217 3276
3217 3277
3218 3219
3218 3276
3218 3277
3218 3278
3219 3220
3219 3277
3219 3278
3219 3279
3220 3221
3220 3278
3220 3279
3220 3280
3221 3222
3221 3279
3221 3280
3221 3281
3222 3223
3222 3280
3222 3281
3222 3282
3223 3224
3223 3281
3223 3282
3223 3283
3224 3225
3224 3282
3224 3283
3224 3284
3225 3226
3225 3283
3225 3284
3226 3227
3226 3284
3226 3285
3227 3228
3227 3285
3228 3229
3228 3285
3228 3286
3229 3230
3229 3286
3229 3287
3230 3231
3230 3286
3230 3287
3230 3288
3231 3232
3231 3287
3231 3288
3231 3289
3232 3233
3232 3288
3232 3289
3232 3290
3233 3234
3233 3289
3233 3290
3233 3291
3234 3235
3234 3290
3234 3291
3234 3292
3235 3236
3235 3291
3235 3292
3235 3293
3236 3237
3236 3292
3236 3293
3236 3294
3237 3238
3237 3293
3237 3294
3238 3239
3238 3294
3238 3295
3239 3240
3239 3295
3239 3296
3240 3295
3240 3296
3240 3297
3241 3242
3241 3299
3241 3300
3242 3243
3242 3300
3242 3301
3243 3301
3244 3245
3244 3302
3244 3303
3245 3246
3245 3302
3245 3303
3245 3304
3246 3247
3246 3303
3246 3304
3246 3305
3247 3248
3247 3304
3247 3305
3248 3249
3248 3305
3248 3306
3249 3250
3249 3306
3249 3307
3250 3251
3250 3306
3250 3307
3250 3308
3251 3252
3251 3307
3251 3308
3251 3309
3252 3253
3252 3308
3252 3309
3252 3310
3253 3254
3253 3309
3253 3310
3254 3310
3254 3311
3255 3256
3255 3312
3256 3257
3256 3312
3257 3258
3257 3312
3258 3313
3259 3313
3259 3314
3259 3315
3260 3315
3260 3316
3260 3317
3261 3317
3261 3318
3262 3263
3262 3319
3262 3320
3262 3321
3263 3264
3263 3320
3263 3321
3263 3322
3264 3265
3264 3321
3264 3322
3264 3323
3265 3266
3265 3322
3265 3323
3266 3267
3266 3323
3267 3268
3267 3324
3268 3269
3268 3324
3268 3325
3269 3270
3269 3324
3269 3325
3270 3271
3270 3325
3270 3326
3271 3272
3271 3326
3271 3327
3272 3273
3272 3326
3272 3327
3272 3328
3273 3274
3273 3327
3273 3328
3273 3329
3274 3328
3274 3329
3274 3330
3275 3276
3275 3330
3275 3331
3275 3332
3276 3277
3276 3331
3276 3332
3276 3333
3277 3278
3277 3332
3277 3333
3278 3279
3278 3333
3278 3334
3279 3280
3279 3334
3279 3335
3280 3281
3280 3334
3280 3335
3281 3282
3281 3335
3281 3336
3282 3283
3282 3336
3282 3337
3283 3284
3283 3336
3283 3337
3283 3338
3284 3337
3284 3338
3284 3339
3285 3339
3285 3340
3285 3341
3286 3287
3286 3341
3286 3342
3286 3343
3287 3288
3287 3342
3287 3343
3287 3344
3288 3289
3288 3343
3288 3344
3288 3345
3289 3290
3289 3344
3289 3345
3289 3346
3290 3291
3290 3345
3290 3346
3290 3347
3291 3292
3291 3346
3291 3347
3291 3348
3292 3293
3292 3347
3292 3348
3292 3349
3293 3294
3293 3348
3293 3349
3294 3349
3295 3296
3295 3350
3295 3351
3296 3297
3296 3350
3296 3351
3296 3352
3297 3298
3297 3351
3297 3352
3297 3353
3298 3299
3298 3352
3298 3353
3299 3300
3299 3353
3300 3354
3301 3354
3302 3303
3302 3355
3303 3304
3303 3355
3303 3356
3304 3305
3304 3356
3304 3357
3305 3356
3305 3357
3306 3307
3306 3358
3306 3359
3307 3308
3307 3358
3307 3359
3307 3360
3308 3309
3308 3359
3308 3360
3308 3361
3309 3310
3309 3360
3309 3361
3310 3361
3310 3362
3311 3362
3311 3363
3311 3364
3312 3365
3312 3366
3312 3367
3313 3314
3313 3368
3314 3315
3314 3368
3314 3369
3315 3316
3315 3368
3315 3369
3316 3317
3316 3369
3316 3370
3317 3370
3317 3371
3318 3319
3318 3371
3318 3372
3319 3320
3319 3372
3319 3373
3320 3321
3320 3372
3320 3373
3320 3374
3321 3322
3321 3373
3321 3374
3322 3323
3322 3374
3322 3375
3323 3375
3323 3376
3324 3325
3324 3377
3324 3378
3325 3377
3325 3378
3325 3379
3326 3327
3326 3379
3326 3380
3326 3381
3327 3328
3327 3380
3327 3381
3327 3382
3328 3329
3328 3381
3328 3382
3328 3383
3329 3330
3329 3382
3329 3383
3330 3331
3330 3383
3330 3384
3331 3332
3331 3384
3332 3333
3332 3384
3332 3385
3333 3385
3333 3386
3334 3335
3334 3386
3334 3387
3335 3387
3335 3388
3336 3337
3336 3388
3336 3389
3337 3338
3337 3389
3337 3390
3338 3339
3338 3390
3338 3391
3339 3340
3339 3390
3339 3391
3339 3392
3340 3341
3340 3391
3340 3392
3340 3393
3341 3342
3341 3392
3341 3393
3342 3343
3342 3393
3343 3344
3344 3345
3345 3346
3345 3394
3346 3347
3346 3394
3346 3395
3347 3348
3347 3394
3347 3395
3347 3396
3348 3349
3348 3395
3348 3396
3349 3396
3350 3351
3350 3397
3350 3398
3351 3352
3351 3398
3351 3399
3352 3353
3352 3399
3352 3400
3353 3399
3353 3400
3354 3401
3354 3402
3354 3403
3355 3404
3355 3405
3356 3357
3356 3405
3356 3406
3357 3406
3358 3359
3358 3407
3358 3408
3359 3360
3359 3407
3359 3408
3359 3409
3360 3361
3360 3408
3360 3409
3360 3410
3361 3409
3361 3410
3362 3363
3362 3411
3363 3364
3363 3411
3363 3412
3364 3365
3364 3412
3364 3413
3365 3366
3365 3412
3365 3413
3366 3367
3366 3413
3366 3414
3367 3414
3368 3369
3368 3415
3368 3416
3368 3417
3369 3416
3369 3417
3369 3418
3370 3371
3370 3418
3370 3419
3370 3420
3371 3419
3371 3420
3371 3421
3372 3373
3372 3421
3372 3422
3372 3423
3373 3374
3373 3422
3373 3423
3373 3424
3374 3423
3374 3424
3374 3425
3375 3376
3375 3425
3375 3426
3375 3427
3376 3426
3376 3427
3376 3428
3377 3378
3377 3428
3377 3429
3377 3430
3378 3379
3378 3429
3378 3430
3378 3431
3379 3380
3379 3430
3379 3431
3379 3432
3380 3381
3380 3431
3380 3432
3380 3433
3381 3382
3381 3432
3381 3433
3381 3434
3382 3383
3382 3433
3382 3434
3383 3434
3384 3435
3384 3436
3385 3386
3385 3436
3385 3437
3385 3438
3386 3387
3386 3437
3386 3438
3386 3439
3387 3438
3387 3439
3387 3440
3388 3389
3388 3440
3388 3441
3389 3441
3389 3442
3390 3391
3390 3442
3390 3443
3390 3444
3391 3392
3391 3443
3391 3444
3391 3445
3392 3393
3392 3444
3392 3445
3392 3446
3393 3445
3393 3446
3393 3447
3394 3395
3394 3449
3394 3450
3395 3396
3395 3450
3395 3451
3396 3450
3396 3451
3396 3452
3397 3398
3397 3453
3397 3454
3398 3454
3398 3455
3399 3400
3399 3455
3399 3456
3399 3457
3400 3456
3400 3457
3400 3458
3401 3402
3401 3458
3401 3459
3401 3460
3402 3403
3402 3459
3402 3460
3402 3461
3403 3460
3403 3461
3404 3405
3404 3462
3404 3463
3405 3462
3405 3463
3405 3464
3406 3464
3406 3465
3407 3408
3407 3466
3407 3467
3408 3409
3408 3466
3408 3467
3408 3468
3409 3410
3409 3467
3409 3468
3409 3469
3410 3468
3410 3469
3410 3470
3411 3470
3411 3471
3412 3413
3412 3471
3412 3472
3412 3473
3413 3472
3413 3473
3413 3474
3414 3474
3414 3475
3415 3416
3415 3475
3415 3476
3415 3477
3416 3417
3416 3476
3416 3477
3416 3478
3417 3418
3417 3477
3417 3478
3417 3479
3418 3419
3418 3478
3418 3479
3418 3480
3419 3420
3419 3479
3419 3480
3419 3481
3420 3421
3420 3480
3420 3481
3421 3422
3421 3481
3421 3482
3422 3423
3422 3482
3422 3483
3423 3424
3423 3482
3423 3483
3423 3484
3424 3425
3424 3483
3424 3484
3424 3485
3425 3426
3425 3484
3425 3485
3425 3486
3426 3427
3426 3485
3426 3486
3426 3487
3427 3428
3427 3486
3427 3487
3427 3488
3428 3429
3428 3487
3428 3488
3429 3430
3429 3488
3429 3489
3430 3431
3430 3489
3430 3490
3431 3432
3431 3489
3431 3490
3431 3491
3432 3433
3432 3490
3432 3491
3432 3492
3433 3434
3433 3491
3433 3492
3433 3493
3434 3492
3434 3493
3434 3494
3435 3436
3435 3495
3436 3437
3436 3495
3436 3496
3437 3438
3437 3496
3437 3497
3438 3439
3438 3496
3438 3497
3438 3498
3439 3440
3439 3497
3439 3498
3439 3499
3440 3441
3440 3498
3440 3499
3440 3500
3441 3499
3441 3500
3441 3501
3442 3443
3442 3501
3442 3502
3442 3503
3443 3444
3443 3502
3443 3503
3443 3504
3444 3445
3444 3503
3444 3504
3444 3505
3445 3446
3445 3504
3445 3505
3446 3447
3446 3505
3446 3506
3447 3448
3447 3506
3447 3507
3448 3506
3448 3507
3448 3508
3449 3508
3449 3509
3449 3510
3450 3451
3450 3510
3450 3511
3450 3512
3451 3452
3451 3511
3451 3512
3451 3513
3452 3453
3452 3512
3452 3513
3452 3514
3453 3454
3453 3513
3453 3514
3453 3515
3454 3514
3454 3515
3454 3516
3455 3456
3455 3516
3455 3517
3455 3518
3456 3457
3456 3517
3456 3518
3456 3519
3457 3458
3457 3518
3457 3519
3458 3459
3458 3519
3458 3520
3459 3460
3459 3520
3459 3521
3460 3461
3460 3520
3460 3521
3461 3521
3462 3463
3462 3522
3463 3464
3463 3522
3463 3523
3464 3465
3464 3523
3464 3524
3465 3523
3465 3524
3465 3525
3466 3467
3466 3525
3466 3526
3467 3468
3467 3526
3467 3527
3468 3469
3468 3527
3468 3528
3469 3470
3469 3527
3469 3528
3469 3529
3470 3528
3470 3529
3470 3530
3471 3472
3471 3530
3471 3531
3471 3532
3472 3473
3472 3531
3472 3532
3472 3533
3473 3474
3473 3532
3473 3533
3474 3533
3475 3476
3475 3534
3475 3535
3476 3477
3476 3534
3476 3535
3477 3478
3477 3535
3477 3536
3478 3479
3478 3536
3478 3537
3479 3480
3479 3536
3479 3537
3479 3538
3480 3481
3480 3537
3480 3538
3480 3539
3481 3538
3481 3539
3481 3540
3482 3483
3482 3540
3482 3541
3482 3542
3483 3484
3483 3541
3483 3542
3483 3543
3484 3485
3484 3542
3484 3543
3484 3544
3485 3486
3485 3543
3485 3544
3485 3545
3486 3487
3486 3544
3486 3545
3486 3546
3487 3488
3487 3545
3487 3546
3487 3547
3488 3546
3488 3547
3489 3490
3489 3548
3490 3491
3490 3548
3490 3549
3491 3492
3491 3549
3491 3550
3492 3493
3492 3549
3492 3550
3492 3551
3493 3494
3493 3550
3493 3551
3493 3552
3494 3551
3494 3552
3494 3553
3495 3553
3495 3554
3495 3555
3496 3497
3496 3555
3496 3556
3496 3557
3497 3498
3497 3556
3497 3557
3498 3499
3498 3557
3498 3558
3499 3500
3499 3558
3499 3559
3500 3501
3500 3558
3500 3559
3500 3560
3501 3502
3501 3559
3501 3560
3501 3561
3502 3503
3502 3560
3502 3561
3502 3562
3503 3504
3503 3561
3503 3562
3503 3563
3504 3505
3504 3562
3504 3563
3504 3564
3505 3563
3505 3564
3505 3565
3506 3507
3506 3565
3506 3566
3506 3567
3507 3508
3507 3566
3507 3567
3508 3509
3508 3567
3509 3510
3510 3511
3511 3512
3511 3568
3512 3513
3512 3568
3513 3514
3513 3568
3513 3569
3514 3515
3514 3569
3515 3516
3515 3569
3515 3570
3516 3517
3516 3570
3516 3571
3517 3518
3517 3570
3517 3571
3517 3572
3518 3519
3518 3571
3518 3572
3518 3573
3519 3572
3519 3573
3519 3574
3520 3521
3520 3574
3520 3575
3520 3576
3521 3575
3521 3576
3521 3577
3522 3578
3522 3579
3523 3524
3523 3579
3523 3580
3523 3581
3524 3525
3524 3580
3524 3581
3524 3582
3525 3526
3525 3581
3525 3582
3526 3582
3526 3583
3527 3528
3527 3583
3527 3584
3527 3585
3528 3529
3528 3584
3528 3585
3528 3586
3529 3530
3529 3585
3529 3586
3529 3587
3530 3531
3530 3586
3530 3587
3531 3532
3531 3587
3532 3533
3532 3588
3533 3588
3533 3589
3534 3535
3534 3590
3534 3591
3534 3592
3535 3591
3535 3592
3536 3537
3536 3593
3537 3538
3537 3593
3537 3594
3538 3539
3538 3593
3538 3594
3538 3595
3539 3540
3539 3594
3539 3595
3539 3596
3540 3541
3540 3595
3540 3596
3541 3542
3541 3596
3541 3597
3542 3543
3542 3597
3542 3598
3543 3544
3543 3597
3543 3598
3543 3599
3544 3545
3544 3598
3544 3599
3545 3546
3545 3599
3545 3600
3546 3547
3546 3600
3546 3601
3547 3600
3547 3601
3548 3602
3549 3550
3549 3602
3549 3603
3549 3604
3550 3551
3550 3603
3550 3604
3550 3605
3551 3552
3551 3604
3551 3605
3551 3606
3552 3553
3552 3605
3552 3606
3553 3554
3553 3606
3553 3607
3554 3555
3554 3607
3554 3608
3555 3556
3555 3607
3555 3608
3556 3557
3556 3608
3557 3609
3558 3559
3558 3609
3558 3610
3559 3560
3559 3610
3560 3561
3560 3611
3561 3562
3561 3611
3561 3612
3562 3563
3562 3611
3562 3612
3562 3613
3563 3564
3563 3612
3563 3613
3563 3614
3564 3565
3564 3613
3564 3614
3564 3615
3565 3566
3565 3614
3565 3615
3565 3616
3566 3567
3566 3615
3566 3616
3566 3617
3567 3616
3567 3617
3567 3618
3568 3620
3568 3621
3569 3621
3569 3622
3569 3623
3570 3571
3570 3623
3570 3624
3571 3572
3571 3624
3571 3625
3572 3573
3572 3625
3572 3626
3573 3574
3573 3625
3573 3626
3573 3627
3574 3575
3574 3626
3574 3627
3574 3628
3575 3576
3575 3627
3575 3628
3575 3629
3576 3577
3576 3628
3576 3629
3576 3630
3577 3629
3577 3630
3578 3579
3578 3631
3578 3632
3579 3580
3579 3631
3579 3632
3579 3633
3580 3581
3580 3632
3580 3633
3580 3634
3581 3582
3581 3633
3581 3634
3581 3635
3582 3634
3582 3635
3582 3636
3583 3584
3583 3636
3583 3637
3584 3585
3584 3637
3585 3586
3585 3637
3585 3638
3586 3587
3586 3638
3586 3639
3587 3638
3587 3639
3587 3640
3588 3589
3588 3641
3588 3642
3588 3643
3589 3590
3589 3642
3589 3643
3590 3591
3590 3643
3591 3592
3593 3594
3593 3644
3593 3645
3593 3646
3594 3595
3594 3645
3594 3646
3594 3647
3595 3596
3595 3646
3595 3647
3595 3648
3596 3647
3596 3648
3596 3649
3597 3598
3597 3649
3597 3650
3598 3599
3598 3650
3600 3601
3600 3651
3600 3652
3601 3651
3601 3652
3601 3653
3602 3603
3602 3654
3603 3604
3603 3654
3603 3655
3604 3605
3604 3654
3604 3655
3604 3656
3605 3606
3605 3655
3605 3656
3605 3657
3606 3656
3606 3657
3606 3658
3607 3608
3607 3658
3607 3659
3608 3659
3609 3610
3609 3660
3609 3661
3609 3662
3610 3661
3610 3662
3610 3663
3611 3612
3611 3664
3611 3665
3612 3613
3612 3665
3612 3666
3613 3614
3613 3666
3613 3667
3614 3615
3614 3666
3614 3667
3614 3668
3615 3616
3615 3667
3615 3668
3615 3669
3616 3617
3616 3668
3616 3669
3616 3670
3617 3618
3617 3669
3617 3670
3617 3671
3618 3619
3618 3670
3618 3671
3618 3672
3619 3671
3619 3672
3619 3673
3620 3673
3620 3674
3621 3622
3621 3674
3621 3675
3621 3676
3622 3623
3622 3675
3622 3676
3622 3677
3623 3624
3623 3676
3623 3677
3623 3678
3624 3677
3624 3678
3624 3679
3625 3626
3625 3679
3625 3680
3625 3681
3626 3627
3626 3680
3626 3681
3626 3682
3627 3628
3627 3681
3627 3682
3627 3683
3628 3629
3628 3682
3628 3683
3629 3630
3629 3683
3629 3684
3630 3684
3631 3632
3631 3685
3631 3686
3632 3633
3632 3685
3632 3686
3632 3687
3633 3634
3633 3686
3633 3687
3633 3688
3634 3635
3634 3687
3634 3688
3634 3689
3635 3636
3635 3688
3635 3689
3635 3690
3636 3689
3636 3690
3637 3691
3638 3639
3638 3692
3639 3640
3639 3692
3639 3693
3640 3641
3640 3692
3640 3693
3640 3694
3641 3642
3641 3693
3641 3694
3641 3695
3642 3643
3642 3694
3642 3695
3642 3696
3643 3695
3643 3696
3644 3645
3644 3698
3644 3699
3645 3646
3645 3698
3645 3699
3645 3700
3646 3647
3646 3699
3646 3700
3646 3701
3647 3648
3647 3700
3647 3701
3647 3702
3648 3649
3648 3701
3648 3702
3648 3703
3649 3650
3649 3702
3649 3703
3650 3703
3650 3704
3651 3652
3651 3706
3651 3707
3652 3653
3652 3707
3653 3707
3653 3708
3654 3655
3655 3656
3655 3709
3656 3657
3656 3709
3656 3710
3657 3658
3657 3709
3657 3710
3658 3659
3658 3710
3658 3711
3659 3711
3659 3712
3660 3661
3660 3713
3660 3714
3660 3715
3661 3662
3661 3714
3661 3715
3661 3716
3662 3663
3662 3715
3662 3716
3662 3717
3663 3664
3663 3716
3663 3717
3663 3718
3664 3665
3664 3717
3664 3718
3664 3719
3665 3718
3665 3719
3666 3667
3666 3720
3667 3668
3667 3720
3667 3721
3668 3669
3668 3720
3668 3721
3668 3722
3669 3670
3669 3721
3669 3722
3669 3723
3670 3671
3670 3722
3670 3723
3670 3724
3671 3672
3671 3723
3671 3724
3671 3725
3672 3673
3672 3724
3672 3725
3672 3726
3673 3725
3673 3726
3673 3727
3674 3675
3674 3727
3674 3728
3674 3729
3675 3676
3675 3728
3675 3729
3675 3730
3676 3677
3676 3729
3676 3730
3676 3731
3677 3678
3677 3730
3677 3731
3677 3732
3678 3679
3678 3731
3678 3732
3678 3733
3679 3680
3679 3732
3679 3733
3679 3734
3680 3681
3680 3733
3680 3734
3680 3735
3681 3682
3681 3734
3681 3735
3681 3736
3682 3683
3682 3735
3682 3736
3682 3737
3683 3736
3683 3737
3683 3738
3684 3738
3684 3739
3685 3686
3685 3740
3685 3741
3686 3687
3686 3740
3686 3741
3686 3742
3687 3688
3687 3741
3687 3742
3687 3743
3688 3689
3688 3742
3688 3743
3688 3744
3689 3690
3689 3743
3689 3744
3689 3745
3690 3744
3690 3745
3690 3746
3691 3746
3691 3747
3691 3748
3692 3693
3692 3749
3692 3750
3692 3751
3693 3694
3693 3750
3693 3751
3694 3695
3694 3751
3694 3752
3695 3696
3695 3752
3696 3752
3697 3753
3697 3754
3697 3755
3698 3699
3698 3755
3698 3756
3698 3757
3699 3700
3699 3756
3699 3757
3699 3758
3700 3701
3700 3757
3700 3758
3700 3759
3701 3702
3701 3758
3701 3759
3701 3760
3702 3703
3702 3759
3702 3760
3702 3761
3703 3760
3703 3761
3703 3762
3704 3705
3704 3762
3704 3763
3704 3764
3705 3706
3705 3763
3705 3764
3706 3764
3706 3765
3707 3765
3707 3766
3708 3767
3709 3710
3709 3769
3709 3770
3709 3771
3710 3770
3710 3771
3710 3772
3711 3712
3711 3772
3711 3773
3711 3774
3712 3713
3712 3773
3712 3774
3712 3775
3713 3714
3713 3774
3713 3775
3713 3776
3714 3715
3714 3775
3714 3776
3714 3777
3715 3716
3715 3776
3715 3777
3715 3778
3716 3717
3716 3777
3716 3778
3716 3779
3717 3718
3717 3778
3717 3779
3718 3719
3718 3779
3718 3780
3719 3780
3720 3721
3720 3781
3720 3782
3721 3722
3721 3781
3721 3782
3721 3783
3722 3723
3722 3782
3722 3783
3722 3784
3723 3724
3723 3783
3723 3784
3723 3785
3724 3725
3724 3784
3724 3785
3724 3786
3725 3726
3725 3785
3725 3786
3725 3787
3726 3727
3726 3786
3726 3787
3726 3788
3727 3728
3727 3787
3727 3788
3727 3789
3728 3729
3728 3788
3728 3789
3728 3790
3729 3730
3729 3789
3729 3790
3729 3791
3730 3731
3730 3790
3730 3791
3730 3792
3731 3732
3731 3791
3731 3792
3731 3793
3732 3733
3732 3792
3732 3793
3732 3794
3733 3734
3733 3793
3733 3794
3733 3795
3734 3735
3734 3794
3734 3795
3734 3796
3735 3736
3735 3795
3735 3796
3735 3797
3736 3737
3736 3796
3736 3797
3736 3798
3737 3738
3737 3797
3737 3798
3737 3799
3738 3739
3738 3798
3738 3799
3738 3800
3739 3799
3739 3800
3740 3741
3740 3801
3740 3802
3741 3742
3741 3801
3741 3802
3741 3803
3742 3743
3742 3802
3742 3803
3743 3744
3743 3803
3743 3804
3744 3745
3744 3804
3745 3746
3745 3804
3745 3805
3746 3747
3746 3805
3747 3748
3747 3805
3747 3806
3748 3749
3748 3806
3749 3750
3749 3806
3749 3807
3750 3751
3750 3807
3750 3808
3751 3807
3751 3808
3751 3809
3752 3809
3752 3810
3752 3811
3753 3754
3753 3812
3753 3813
3753 3814
3754 3755
3754 3813
3754 3814
3755 3756
3755 3814
3756 3757
3757 3758
3757 3815
3758 3759
3758 3815
3758 3816
3759 3760
3759 3815
3759 3816
3759 3817
3760 3761
3760 3816
3760 3817
3760 3818
3761 3762
3761 3817
3761 3818
3761 3819
3762 3763
3762 3818
3762 3819
3762 3820
3763 3764
3763 3819
3763 3820
3763 3821
3764 3820
3764 3821
3765 3766
3765 3822
3765 3823
3766 3822
3766 3823
3766 3824
3767 3824
3767 3825
3768 3769
3768 3825
3768 3826
3768 3827
3769 3770
3769 3826
3769 3827
3770 3771
3770 3827
3770 3828
3771 3772
3771 3828
3771 3829
3772 3773
3772 3828
3772 3829
3772 3830
3773 3774
3773 3829
3773 3830
3773 3831
3774 3775
3774 3830
3774 3831
3774 3832
3775 3776
3775 3831
3775 3832
3775 3833
3776 3777
3776 3832
3776 3833
3776 3834
3777 3778
3777 3833
3777 3834
3777 3835
3778 3779
3778 3834
3778 3835
3779 3835
3779 3836
3780 3836
3780 3837
3780 3838
3781 3782
3781 3839
3781 3840
3782 3783
3782 3839
3782 3840
3782 3841
3783 3784
3783 3840
3783 3841
3783 3842
3784 3785
3784 3841
3784 3842
3784 3843
3785 3786
3785 3842
3785 3843
3785 3844
3786 3787
3786 3843
3786 3844
3786 3845
3787 3788
3787 3844
3787 3845
3788 3789
3788 3845
3788 3846
3789 3790
3789 3846
3789 3847
3790 3791
3790 3846
3790 3847
3790 3848
3791 3792
3791 3847
3791 3848
3792 3793
3792 3848
3792 3849
3793 3794
3793 3849
3793 3850
3794 3795
3794 3849
3794 3850
3794 3851
3795 3796
3795 3850
3795 3851
3795 3852
3796 3797
3796 3851
3796 3852
3796 3853
3797 3798
3797 3852
3797 3853
3797 3854
3798 3799
3798 3853
3798 3854
3798 3855
3799 3800
3799 3854
3799 3855
3799 3856
3800 3855
3800 3856
3801 3802
3801 3857
3801 3858
3802 3803
3802 3857
3802 3858
3802 3859
3803 3858
3803 3859
3804 3860
3804 3861
3805 3861
3805 3862
3805 3863
3806 3863
3806 3864
3806 3865
3807 3808
3807 3865
3807 3866
3807 3867
3808 3809
3808 3866
3808 3867
3808 3868
3809 3810
3809 3867
3809 3868
3809 3869
3810 3811
3810 3868
3810 3869
3810 3870
3811 3812
3811 3869
3811 3870
3811 3871
3812 3813
3812 3870
3812 3871
3813 3814
3813 3871
3814 3872
3815 3816
3815 3874
3815 3875
3815 3876
3816 3817
3816 3875
3816 3876
3817 3818
3817 3876
3817 3877
3818 3819
3818 3877
3818 3878
3819 3820
3819 3877
3819 3878
3819 3879
3820 3821
3820 3878
3820 3879
3820 3880
3821 3879
3821 3880
3821 3881
3822 3823
3822 3881
3822 3882
3823 3824
3823 3882
3823 3883
3824 3883
3824 3884
3825 3826
3825 3884
3825 3885
3825 3886
3826 3827
3826 3885
3826 3886
3826 3887
3827 3886
3827 3887
3827 3888
3828 3829
3828 3888
3828 3889
3828 3890
3829 3830
3829 3889
3829 3890
3829 3891
3830 3831
3830 3890
3830 3891
3830 3892
3831 3832
3831 3891
3831 3892
3831 3893
3832 3833
3832 3892
3832 3893
3832 3894
3833 3834
3833 3893
3833 3894
3833 3895
3834 3835
3834 3894
3834 3895
3834 3896
3835 3895
3835 3896
3835 3897
3836 3837
3836 3897
3836 3898
3836 3899
3837 3838
3837 3898
3837 3899
3837 3900
3838 3899
3838 3900
3838 3901
3839 3840
3839 3901
3839 3902
3839 3903
3840 3841
3840 3902
3840 3903
3841 3842
3841 3903
3841 3904
3842 3843
3842 3904
3842 3905
3843 3844
3843 3904
3843 3905
3843 3906
3844 3845
3844 3905
3844 3906
3845 3906
3845 3907
3846 3847
3846 3907
3846 3908
3846 3909
3847 3848
3847 3908
3847 3909
3847 3910
3848 3909
3848 3910
3848 3911
3849 3850
3849 3911
3849 3912
3849 3913
3850 3851
3850 3912
3850 3913
3850 3914
3851 3852
3851 3913
3851 3914
3851 3915
3852 3853
3852 3914
3852 3915
3852 3916
3853 3854
3853 3915
3853 3916
3853 3917
3854 3855
3854 3916
3854 3917
3854 3918
3855 3856
3855 3917
3855 3918
3855 3919
3856 3918
3856 3919
3857 3858
3858 3859
3860 3861
3861 3862
3862 3863
3863 3864
3864 3865
3865 3866
3866 3867
3867 3868
3868 3869
3869 3870
3870 3871
3872 3873
3873 3874
3874 3875
3875 3876
3877 3878
3878 3879
3879 3880
3880 3881
3881 3882
3883 3884
3884 3885
3885 3886
3886 3887
3887 3888
3888 3889
3889 3890
3890 3891
3891 3892
3892 3893
3893 3894
3894 3895
3895 3896
3896 3897
3897 3898
3898 3899
3899 3900
3900 3901
3901 3902
3902 3903
3904 3905
3905 3906
3907 3908
3908 3909
3909 3910
3910 3911
3911 3912
3912 3913
3913 3914
3914 3915
3915 3916
3916 3917
3917 3918
3918 3919
