# FromNodeId	ToNodeId
0 1
0 80
0 81
1 80
1 81
1 82
2 3
2 83
2 84
3 4
3 83
3 84
3 85
4 5
4 84
4 85
4 86
5 6
5 85
5 86
6 7
6 86
6 87
7 8
7 87
7 88
8 87
8 88
8 89
9 10
9 89
9 90
10 11
10 90
10 91
11 12
11 90
11 91
11 92
12 91
12 92
12 93
13 14
13 93
13 94
13 95
14 94
14 95
15 16
15 96
15 97
16 17
16 96
16 97
17 18
17 97
17 98
18 98
18 99
19 99
19 100
19 101
20 21
20 101
20 102
20 103
21 22
21 102
21 103
21 104
22 103
22 104
23 105
23 106
24 25
24 106
24 107
25 107
25 108
26 27
26 108
26 109
27 28
27 109
27 110
28 29
28 110
28 111
29 110
29 111
30 31
30 112
30 113
31 32
31 112
31 113
31 114
32 33
32 113
32 114
32 115
33 34
33 114
33 115
33 116
34 35
34 115
34 116
34 117
35 36
35 116
35 117
35 118
36 117
36 118
36 119
37 38
37 119
37 120
38 39
38 120
38 121
39 40
39 120
39 121
39 122
40 41
40 121
40 122
40 123
41 122
41 123
41 124
42 43
42 124
42 125
42 126
43 44
43 125
43 126
43 127
44 45
44 126
44 127
45 46
45 127
45 128
46 47
46 128
46 129
47 48
47 128
47 129
48 49
48 129
48 130
49 50
49 130
49 131
50 51
50 130
50 131
50 132
51 52
51 131
51 132
51 133
52 53
52 132
52 133
52 134
53 54
53 133
53 134
53 135
54 55
54 134
54 135
54 136
55 56
55 135
55 136
55 137
56 57
56 136
56 137
57 58
57 137
57 138
58 59
58 138
58 139
59 60
59 138
59 139
59 140
60 61
60 139
60 140
61 62
61 140
61 141
62 63
62 141
62 142
63 64
63 141
63 142
63 143
64 142
64 143
64 144
65 144
65 145
66 67
66 146
66 147
66 148
67 68
67 147
67 148
68 69
68 148
68 149
69 70
69 149
69 150
70 71
70 149
70 150
70 151
71 150
71 151
71 152
72 73
72 152
72 153
72 154
73 153
73 154
73 155
74 155
74 156
75 156
75 157
76 77
76 158
76 159
77 78
77 158
77 159
77 160
78 79
78 159
78 160
79 160
80 81
80 161
80 162
81 82
81 161
81 162
81 163
82 162
82 163
82 164
83 84
83 164
83 165
83 166
84 85
84 165
84 166
84 167
85 86
85 166
85 167
86 167
86 168
87 88
87 168
87 169
87 170
88 89
88 169
88 170
88 171
89 170
89 171
90 91
90 172
90 173
91 92
91 172
91 173
91 174
92 93
92 173
92 174
92 175
93 94
93 174
93 175
93 176
94 95
94 175
94 176
94 177
95 176
95 177
95 178
96 97
96 178
96 179
97 179
97 180
98 99
98 180
98 181
98 182
99 100
99 181
99 182
99 183
100 101
100 182
100 183
101 102
101 183
101 184
102 103
102 184
102 185
103 104
103 184
103 185
103 186
104 185
104 186
105 106
105 187
105 188
106 187
106 188
106 189
107 108
107 189
107 190
107 191
108 109
108 190
108 191
108 192
109 191
109 192
109 193
110 111
110 193
110 194
110 195
111 194
111 195
111 196
112 113
112 196
112 197
112 198
113 114
113 197
113 198
113 199
114 115
114 198
114 199
114 200
115 116
115 199
115 200
115 201
116 117
116 200
116 201
116 202
117 118
117 201
117 202
117 203
118 119
118 202
118 203
118 204
119 203
119 204
120 121
120 205
120 206
121 122
121 205
121 206
121 207
122 123
122 206
122 207
122 208
123 124
123 207
123 208
123 209
124 125
124 208
124 209
125 126
125 209
125 210
126 127
126 210
126 211
127 210
127 211
128 129
128 212
128 213
129 212
129 213
129 214
130 131
130 214
130 215
130 216
131 132
131 215
131 216
131 217
132 133
132 216
132 217
133 134
133 217
133 218
134 135
134 218
134 219
135 136
135 218
135 219
135 220
136 137
136 219
136 220
136 221
137 220
137 221
138 139
138 222
138 223
139 140
139 222
139 223
139 224
140 223
140 224
140 225
141 142
141 225
141 226
141 227
142 143
142 226
142 227
143 144
143 227
143 228
144 228
144 229
145 146
145 229
145 230
146 147
146 230
146 231
147 148
147 231
147 232
148 231
148 232
148 233
149 150
149 233
149 234
150 151
150 234
150 235
151 152
151 235
152 153
152 235
152 236
153 154
153 236
154 155
154 236
155 237
156 157
156 237
156 238
156 239
157 238
157 239
157 240
158 159
158 240
158 241
158 242
159 160
159 241
159 242
159 243
160 242
160 243
160 244
161 162
161 245
161 246
162 163
162 245
162 246
162 247
163 164
163 246
163 247
163 248
164 165
164 247
164 248
164 249
165 166
165 248
165 249
165 250
166 167
166 249
166 250
167 250
167 251
168 169
168 251
168 252
169 170
169 252
169 253
170 171
170 252
170 253
170 254
171 253
171 254
171 255
172 173
172 255
172 256
173 174
173 256
173 257
174 175
174 256
174 257
174 258
175 176
175 257
175 258
175 259
176 177
176 258
176 259
177 178
177 259
177 260
178 260
178 261
179 180
179 261
179 262
180 181
180 262
180 263
181 182
181 262
181 263
181 264
182 183
182 263
182 264
182 265
183 264
183 265
183 266
184 185
184 266
184 267
184 268
185 186
185 267
185 268
185 269
186 268
186 269
186 270
187 188
187 270
187 271
187 272
188 189
188 271
188 272
188 273
189 190
189 272
189 273
189 274
190 191
190 273
190 274
190 275
191 192
191 274
191 275
191 276
192 193
192 275
192 276
192 277
193 194
193 276
193 277
193 278
194 195
194 277
194 278
195 196
195 278
195 279
196 197
196 279
196 280
197 198
197 279
197 280
197 281
198 199
198 280
198 281
199 200
199 281
199 282
200 201
200 282
200 283
201 202
201 282
201 283
201 284
202 203
202 283
202 284
202 285
203 204
203 284
203 285
203 286
204 285
204 286
204 287
205 206
205 287
205 288
205 289
206 207
206 288
206 289
207 208
207 289
208 209
208 290
209 290
209 291
210 211
210 291
210 292
210 293
211 292
211 293
212 213
212 294
212 295
213 214
213 294
213 295
213 296
214 215
214 295
214 296
214 297
215 216
215 296
215 297
215 298
216 217
216 297
216 298
217 298
217 299
218 219
218 299
218 300
219 220
219 300
220 221
220 300
220 301
221 301
221 302
222 223
222 302
222 303
222 304
223 224
223 303
223 304
224 225
224 304
224 305
225 226
225 305
226 227
226 305
226 306
227 306
227 307
228 229
228 307
228 308
228 309
229 230
229 308
229 309
230 309
230 310
231 232
231 310
231 311
231 312
232 233
232 311
232 312
232 313
233 234
233 312
233 313
233 314
234 313
234 314
235 315
236 316
237 238
237 317
237 318
237 319
238 239
238 318
238 319
238 320
239 240
239 319
239 320
239 321
240 241
240 320
240 321
240 322
241 242
241 321
241 322
242 243
242 322
243 244
245 246
245 323
245 324
246 247
246 323
246 324
246 325
247 248
247 324
247 325
247 326
248 249
248 325
248 326
249 250
249 326
249 327
250 327
250 328
251 328
251 329
251 330
252 253
252 330
252 331
252 332
253 254
253 331
253 332
254 255
254 332
254 333
255 333
255 334
256 257
256 334
256 335
257 258
257 335
257 336
258 259
258 336
258 337
259 336
259 337
259 338
260 261
260 338
260 339
260 340
261 339
261 340
262 263
262 341
263 264
263 341
263 342
264 265
264 342
264 343
265 266
265 342
265 343
265 344
266 267
266 343
266 344
267 268
267 344
267 345
268 269
268 345
269 270
269 345
270 271
270 346
271 272
271 346
271 347
272 273
272 346
272 347
272 348
273 274
273 347
273 348
273 349
274 275
274 348
274 349
274 350
275 276
275 349
275 350
275 351
276 277
276 350
276 351
276 352
277 278
277 351
277 352
277 353
278 352
278 353
278 354
279 280
279 354
279 355
280 281
280 355
280 356
281 355
281 356
281 357
282 283
282 357
282 358
282 359
283 284
283 358
283 359
283 360
284 285
284 359
284 360
284 361
285 286
285 360
285 361
285 362
286 287
286 361
286 362
287 288
287 362
287 363
288 289
288 363
288 364
289 363
289 364
289 365
290 291
290 366
290 367
291 292
291 366
291 367
291 368
292 293
292 367
292 368
292 369
293 368
293 369
293 370
294 295
294 370
294 371
294 372
295 296
295 371
295 372
295 373
296 297
296 372
296 373
296 374
297 298
297 373
297 374
298 374
298 375
299 375
299 376
300 377
301 302
301 377
302 303
303 304
303 378
304 378
304 379
305 379
305 380
305 381
306 307
306 381
306 382
306 383
307 308
307 382
307 383
307 384
308 309
308 383
308 384
308 385
309 384
309 385
310 311
310 386
310 387
311 312
311 386
311 387
311 388
312 313
312 387
312 388
312 389
313 314
313 388
313 389
313 390
314 389
314 390
315 391
315 392
316 317
316 393
316 394
316 395
317 318
317 394
317 395
317 396
318 319
318 395
318 396
318 397
319 320
319 396
319 397
319 398
320 321
320 397
320 398
320 399
321 322
321 398
321 399
321 400
322 399
322 400
322 401
323 324
323 403
323 404
324 325
324 403
324 404
324 405
325 326
325 404
325 405
325 406
326 405
326 406
326 407
327 328
327 407
327 408
327 409
328 329
328 408
328 409
328 410
329 330
329 409
329 410
329 411
330 331
330 410
330 411
330 412
331 332
331 411
331 412
331 413
332 412
332 413
332 414
333 334
333 414
333 415
333 416
334 335
334 415
334 416
334 417
335 416
335 417
335 418
336 337
336 418
336 419
336 420
337 338
337 419
337 420
337 421
338 339
338 420
338 421
338 422
339 340
339 421
339 422
340 422
341 423
342 343
342 423
342 424
343 344
343 424
343 425
344 425
344 426
345 426
345 427
345 428
346 347
346 429
346 430
346 431
347 348
347 430
347 431
347 432
348 349
348 431
348 432
348 433
349 350
349 432
349 433
349 434
350 351
350 433
350 434
350 435
351 352
351 434
351 435
352 353
352 435
352 436
353 354
353 436
353 437
354 436
354 437
355 356
355 438
356 357
356 438
356 439
357 358
357 438
357 439
357 440
358 359
358 439
358 440
358 441
359 360
359 440
359 441
359 442
360 361
360 441
360 442
360 443
361 362
361 442
361 443
361 444
362 443
362 444
362 445
363 364
363 445
363 446
363 447
364 365
364 446
364 447
364 448
365 447
365 448
365 449
366 367
366 449
366 450
366 451
367 368
367 450
367 451
367 452
368 369
368 451
368 452
368 453
369 370
369 452
369 453
369 454
370 371
370 453
370 454
370 455
371 372
371 454
371 455
371 456
372 373
372 455
372 456
372 457
373 374
373 456
373 457
373 458
374 457
374 458
374 459
375 376
375 459
375 460
375 461
376 460
376 461
376 462
377 463
377 464
377 465
378 379
378 467
378 468
379 380
379 468
379 469
380 381
380 469
380 470
381 382
381 469
381 470
382 383
382 470
382 471
383 384
383 471
383 472
384 385
384 471
384 472
385 472
385 473
386 387
386 473
386 474
386 475
387 388
387 474
387 475
388 389
388 475
389 390
389 476
390 476
391 392
391 477
391 478
392 393
392 477
392 478
392 479
393 394
393 478
393 479
393 480
394 395
394 479
394 480
394 481
395 396
395 480
395 481
395 482
396 397
396 481
396 482
397 398
397 482
397 483
398 399
398 483
398 484
399 400
399 483
399 484
399 485
400 401
400 484
400 485
400 486
401 485
401 486
401 487
402 487
402 488
403 404
403 489
403 490
404 405
404 489
404 490
404 491
405 406
405 490
405 491
405 492
406 407
406 491
406 492
407 408
407 492
407 493
408 409
408 493
408 494
409 410
409 493
409 494
410 411
410 494
411 412
412 413
413 414
414 415
414 495
415 416
415 495
415 496
416 417
416 495
416 496
416 497
417 418
417 496
417 497
418 419
418 497
418 498
419 420
419 498
419 499
420 421
420 498
420 499
420 500
421 422
421 499
421 500
421 501
422 500
422 501
422 502
423 424
423 504
423 505
423 506
424 505
424 506
424 507
425 426
425 507
425 508
425 509
426 427
426 508
426 509
427 428
427 509
427 510
428 429
428 510
429 430
429 510
429 511
430 431
430 511
430 512
431 432
431 511
431 512
431 513
432 433
432 512
432 513
433 434
433 513
433 514
434 435
434 514
434 515
435 514
435 515
435 516
436 437
436 516
436 517
436 518
437 517
437 518
437 519
438 439
438 520
438 521
438 522
439 440
439 521
439 522
439 523
440 441
440 522
440 523
440 524
441 442
441 523
441 524
441 525
442 443
442 524
442 525
442 526
443 444
443 525
443 526
444 445
444 526
444 527
445 446
445 527
445 528
446 447
446 527
446 528
447 448
447 528
447 529
448 449
448 529
448 530
449 450
449 529
449 530
449 531
450 451
450 530
450 531
451 452
451 531
451 532
452 453
452 532
453 454
453 532
453 533
454 455
454 533
454 534
455 456
455 533
455 534
456 457
456 534
457 458
457 535
458 459
458 535
458 536
459 460
459 535
459 536
459 537
460 461
460 536
460 537
460 538
461 462
461 537
461 538
461 539
462 463
462 538
462 539
463 464
463 539
463 540
464 465
464 540
465 466
465 540
465 541
466 467
466 541
466 542
467 468
467 541
467 542
467 543
468 542
468 543
468 544
469 470
469 544
469 545
469 546
470 545
470 546
470 547
471 472
471 547
471 548
471 549
472 548
472 549
472 550
473 474
473 550
473 551
473 552
474 475
474 551
474 552
474 553
475 552
475 553
475 554
476 555
476 556
477 478
477 557
477 558
478 479
478 557
478 558
478 559
479 480
479 558
479 559
479 560
480 481
480 559
480 560
481 482
481 560
482 561
483 484
483 561
483 562
483 563
484 485
484 562
484 563
484 564
485 486
485 563
485 564
485 565
486 487
486 564
486 565
486 566
487 488
487 565
487 566
487 567
488 566
488 567
489 490
489 568
489 569
490 491
490 568
490 569
491 492
491 569
491 570
492 570
492 571
493 494
493 571
493 572
493 573
494 572
494 573
494 574
495 496
495 577
495 578
495 579
496 497
496 578
496 579
496 580
497 579
497 580
497 581
498 499
498 581
498 582
499 500
499 582
499 583
500 501
500 582
500 583
500 584
501 502
501 583
501 584
501 585
502 503
502 584
502 585
503 504
503 585
503 586
504 505
504 586
504 587
505 506
505 586
505 587
505 588
506 507
506 587
506 588
506 589
507 508
507 588
507 589
507 590
508 509
508 589
508 590
508 591
509 590
509 591
509 592
510 592
510 593
511 512
511 593
511 594
512 513
512 594
513 595
514 515
514 595
514 596
514 597
515 516
515 596
515 597
515 598
516 517
516 597
516 598
517 518
517 598
517 599
518 519
518 599
518 600
519 520
519 599
519 600
519 601
520 521
520 600
520 601
520 602
521 522
521 601
521 602
521 603
522 523
522 602
522 603
522 604
523 524
523 603
523 604
524 525
524 604
524 605
525 526
525 605
525 606
526 605
526 606
526 607
527 528
527 607
527 608
527 609
528 608
528 609
528 610
529 530
529 610
529 611
530 531
530 611
530 612
531 612
531 613
532 613
532 614
532 615
533 534
533 615
533 616
533 617
534 616
534 617
534 618
535 536
535 619
535 620
536 537
536 620
536 621
537 538
537 621
537 622
538 539
538 621
538 622
538 623
539 622
539 623
539 624
540 624
540 625
541 542
541 626
541 627
542 543
542 626
542 627
542 628
543 544
543 627
543 628
543 629
544 545
544 628
544 629
544 630
545 546
545 629
545 630
545 631
546 547
546 630
546 631
547 548
547 631
547 632
548 549
548 632
548 633
549 550
549 632
549 633
549 634
550 551
550 633
550 634
550 635
551 552
551 634
551 635
551 636
552 553
552 635
552 636
552 637
553 554
553 636
553 637
553 638
554 555
554 637
554 638
555 556
555 638
555 639
556 639
557 558
557 640
558 559
558 640
558 641
559 560
559 640
559 641
560 641
560 642
561 562
561 643
562 563
562 643
562 644
563 564
563 644
563 645
564 565
564 644
564 645
564 646
565 566
565 645
565 646
565 647
566 567
566 646
566 647
566 648
567 647
567 648
568 569
568 649
569 649
569 650
570 571
570 650
570 651
570 652
571 572
571 651
571 652
571 653
572 573
572 652
572 653
573 574
573 653
573 654
574 575
574 654
574 655
575 654
575 655
575 656
576 577
576 656
576 657
577 578
577 657
577 658
578 579
578 657
578 658
578 659
579 580
579 658
579 659
579 660
580 581
580 659
580 660
580 661
581 660
581 661
581 662
582 583
582 662
582 663
582 664
583 584
583 663
583 664
583 665
584 585
584 664
584 665
584 666
585 665
585 666
585 667
586 587
586 667
586 668
586 669
587 588
587 668
587 669
588 589
588 669
588 670
589 590
589 670
589 671
590 591
590 670
590 671
590 672
591 592
591 671
591 672
591 673
592 672
592 673
592 674
593 594
593 674
593 675
594 675
594 676
595 596
595 677
596 597
596 677
596 678
597 598
597 677
597 678
597 679
598 678
598 679
598 680
599 600
599 680
599 681
599 682
600 601
600 681
600 682
600 683
601 602
601 682
601 683
602 603
602 683
603 604
603 684
604 684
605 606
605 685
606 607
606 685
606 686
607 608
607 685
607 686
607 687
608 609
608 686
608 687
608 688
609 610
609 687
609 688
609 689
610 611
610 688
610 689
610 690
611 689
611 690
611 691
612 613
612 691
612 692
612 693
613 614
613 692
613 693
613 694
614 615
614 693
614 694
614 695
615 616
615 694
615 695
615 696
616 617
616 695
616 696
616 697
617 618
617 696
617 697
617 698
618 619
618 697
618 698
618 699
619 620
619 698
619 699
619 700
620 699
620 700
620 701
621 622
621 701
622 623
622 702
623 624
623 702
623 703
624 625
624 702
624 703
624 704
625 703
625 704
626 627
626 705
627 628
627 705
627 706
628 629
628 706
628 707
629 630
629 706
629 707
629 708
630 631
630 707
630 708
631 708
631 709
632 633
632 709
632 710
632 711
633 634
633 710
633 711
633 712
634 635
634 711
634 712
634 713
635 636
635 712
635 713
635 714
636 637
636 713
636 714
636 715
637 638
637 714
637 715
637 716
638 715
638 716
638 717
639 717
639 718
640 641
640 719
640 720
640 721
641 720
641 721
641 722
642 722
642 723
642 724
643 724
643 725
644 645
644 725
644 726
644 727
645 646
645 726
645 727
645 728
646 647
646 727
646 728
646 729
647 648
647 728
647 729
647 730
648 729
648 730
649 650
649 731
649 732
650 651
650 731
650 732
651 652
651 732
651 733
652 653
652 733
653 733
654 655
654 734
654 735
655 656
655 734
655 735
655 736
656 735
656 736
656 737
657 658
657 737
657 738
657 739
658 659
658 738
658 739
659 660
659 739
659 740
660 661
660 740
660 741
661 662
661 740
661 741
662 663
662 741
662 742
663 664
663 742
663 743
664 665
664 742
664 743
664 744
665 666
665 743
665 744
665 745
666 667
666 744
666 745
666 746
667 668
667 745
667 746
667 747
668 669
668 746
668 747
668 748
669 747
669 748
669 749
670 671
670 749
670 750
670 751
671 672
671 750
671 751
672 673
672 751
672 752
673 674
673 752
673 753
674 675
674 752
674 753
674 754
675 753
675 754
675 755
676 755
676 756
677 678
677 757
677 758
677 759
678 679
678 758
678 759
678 760
679 680
679 759
679 760
679 761
680 681
680 760
680 761
680 762
681 682
681 761
681 762
681 763
682 683
682 762
682 763
682 764
683 763
683 764
683 765
684 766
684 767
684 768
685 686
685 769
685 770
686 687
686 770
686 771
687 688
687 771
688 689
688 771
688 772
689 690
689 772
689 773
690 691
690 772
690 773
690 774
691 692
691 773
691 774
691 775
692 693
692 774
692 775
692 776
693 694
693 775
693 776
693 777
694 695
694 776
694 777
694 778
695 696
695 777
695 778
695 779
696 697
696 778
696 779
696 780
697 698
697 779
697 780
697 781
698 699
698 780
698 781
698 782
699 700
699 781
699 782
699 783
700 701
700 782
700 783
701 783
702 703
702 784
702 785
703 704
703 785
703 786
704 786
704 787
705 787
705 788
706 707
706 788
706 789
706 790
707 708
707 789
707 790
707 791
708 790
708 791
709 710
709 792
709 793
710 711
710 792
710 793
710 794
711 712
711 793
711 794
712 713
712 794
712 795
713 714
713 795
713 796
714 715
714 795
714 796
714 797
715 716
715 796
715 797
715 798
716 717
716 797
716 798
716 799
717 718
717 798
717 799
717 800
718 799
718 800
718 801
719 720
719 801
719 802
720 721
720 802
720 803
721 722
721 803
721 804
722 723
722 803
722 804
723 724
723 804
723 805
724 805
724 806
725 726
725 806
725 807
725 808
726 727
726 807
726 808
726 809
727 728
727 808
727 809
728 729
728 809
728 810
729 730
729 810
729 811
730 810
730 811
731 732
731 812
731 813
731 814
732 813
732 814
732 815
733 815
733 816
733 817
734 735
734 818
735 736
735 818
736 737
736 819
737 738
737 819
737 820
738 739
738 819
738 820
739 820
739 821
740 741
740 821
740 822
740 823
741 822
741 823
742 743
742 824
743 744
743 824
743 825
744 745
744 825
744 826
745 746
745 825
745 826
745 827
746 747
746 826
746 827
747 748
747 827
747 828
748 749
748 828
748 829
749 750
749 828
749 829
749 830
750 751
750 829
750 830
751 830
751 831
752 753
752 831
752 832
752 833
753 754
753 832
753 833
753 834
754 755
754 833
754 834
754 835
755 834
755 835
755 836
756 757
756 836
756 837
756 838
757 758
757 837
757 838
758 759
758 838
758 839
759 760
759 839
759 840
760 761
760 839
760 840
760 841
761 762
761 840
761 841
761 842
762 763
762 841
762 842
762 843
763 764
763 842
763 843
763 844
764 765
764 843
764 844
764 845
765 766
765 844
765 845
765 846
766 767
766 845
766 846
766 847
767 768
767 846
767 847
767 848
768 769
768 847
768 848
768 849
769 770
769 848
769 849
769 850
770 849
770 850
770 851
771 851
771 852
772 773
772 852
772 853
772 854
773 774
773 853
773 854
774 775
774 854
774 855
775 776
775 855
775 856
776 777
776 855
776 856
776 857
777 778
777 856
777 857
778 779
778 857
778 858
779 780
779 858
779 859
780 781
780 858
780 859
781 782
781 859
781 860
782 783
782 860
782 861
783 860
783 861
784 785
784 862
784 863
785 862
785 863
785 864
786 787
786 864
786 865
786 866
787 865
787 866
787 867
788 789
788 867
788 868
788 869
789 790
789 868
789 869
789 870
790 791
790 869
790 870
790 871
791 870
791 871
791 872
792 793
792 872
792 873
792 874
793 794
793 873
793 874
793 875
794 874
794 875
795 796
795 876
795 877
796 797
796 876
796 877
796 878
797 798
797 877
797 878
797 879
798 799
798 878
798 879
799 800
799 879
799 880
800 801
800 880
800 881
801 802
801 880
801 881
801 882
802 881
802 882
802 883
803 804
803 883
803 884
803 885
804 884
804 885
804 886
805 806
805 886
805 887
805 888
806 807
806 887
806 888
806 889
807 808
807 888
807 889
807 890
808 809
808 889
808 890
808 891
809 890
809 891
809 892
810 811
810 892
810 893
811 893
812 813
812 894
813 814
813 894
813 895
814 815
814 895
815 816
815 895
815 896
816 817
816 896
816 897
817 896
817 897
817 898
818 898
818 899
819 820
819 900
819 901
819 902
820 901
820 902
820 903
821 822
821 903
821 904
821 905
822 823
822 904
822 905
822 906
823 905
823 906
823 907
824 907
824 908
824 909
825 826
825 909
825 910
825 911
826 827
826 910
826 911
826 912
827 911
827 912
827 913
828 829
828 913
828 914
829 830
829 914
830 915
831 832
831 915
831 916
831 917
832 833
832 916
832 917
832 918
833 834
833 917
833 918
833 919
834 835
834 918
834 919
835 836
835 919
836 837
836 920
837 838
837 920
837 921
838 920
838 921
838 922
839 840
839 922
840 841
840 923
841 842
841 923
841 924
842 843
842 923
842 924
842 925
843 844
843 924
843 925
843 926
844 845
844 925
844 926
845 846
845 926
845 927
846 847
846 927
846 928
847 848
847 927
847 928
847 929
848 849
848 928
848 929
848 930
849 850
849 929
849 930
850 851
850 930
850 931
851 931
851 932
852 853
852 932
852 933
853 854
853 933
853 934
854 933
854 934
854 935
855 856
855 935
855 936
855 937
856 857
856 936
856 937
856 938
857 937
857 938
857 939
858 859
858 939
858 940
858 941
859 940
859 941
859 942
860 861
860 942
860 943
860 944
861 943
861 944
861 945
862 863
863 864
864 865
864 946
865 866
865 946
865 947
866 867
866 946
866 947
866 948
867 868
867 947
867 948
868 869
868 948
868 949
869 870
869 949
869 950
870 871
870 949
870 950
871 872
871 950
871 951
872 873
872 951
872 952
873 874
873 951
873 952
873 953
874 875
874 952
874 953
874 954
875 953
875 954
875 955
876 877
876 955
876 956
876 957
877 878
877 956
877 957
878 879
878 957
878 958
879 958
879 959
880 881
880 959
880 960
880 961
881 882
881 960
881 961
882 883
882 961
882 962
883 884
883 962
883 963
884 885
884 962
884 963
884 964
885 886
885 963
885 964
885 965
886 887
886 964
886 965
886 966
887 888
887 965
887 966
887 967
888 889
888 966
888 967
889 890
889 967
889 968
890 891
890 968
890 969
891 892
891 968
891 969
891 970
892 969
892 970
892 971
893 971
893 972
894 973
894 974
895 974
895 975
895 976
896 897
896 976
896 977
896 978
897 898
897 977
897 978
897 979
898 899
898 978
898 979
898 980
899 979
899 980
899 981
900 901
900 981
900 982
901 902
901 982
901 983
902 903
902 983
902 984
903 904
903 983
903 984
904 905
904 984
904 985
905 906
905 985
905 986
906 907
906 985
906 986
906 987
907 908
907 986
907 987
907 988
908 909
908 987
908 988
908 989
909 910
909 988
909 989
909 990
910 911
910 989
910 990
911 912
911 990
911 991
912 913
912 991
912 992
913 914
913 991
913 992
913 993
914 992
914 993
915 916
915 994
915 995
915 996
916 917
916 995
916 996
916 997
917 918
917 996
917 997
917 998
918 919
918 997
918 998
918 999
919 998
919 999
920 921
920 1000
920 1001
920 1002
921 922
921 1001
921 1002
921 1003
922 1002
922 1003
923 924
923 1004
924 925
924 1005
925 926
925 1005
926 1005
927 928
927 1006
927 1007
928 929
928 1006
928 1007
928 1008
929 930
929 1007
929 1008
929 1009
930 1008
930 1009
930 1010
931 932
931 1010
931 1011
932 1011
932 1012
933 934
933 1012
933 1013
934 935
934 1013
934 1014
935 936
935 1013
935 1014
935 1015
936 937
936 1014
936 1015
936 1016
937 938
937 1015
937 1016
938 939
938 1016
938 1017
939 940
939 1017
940 941
940 1017
940 1018
941 942
941 1018
941 1019
942 943
942 1018
942 1019
942 1020
943 944
943 1019
943 1020
944 945
944 1020
944 1021
945 1021
945 1022
946 947
946 1025
946 1026
946 1027
947 948
947 1026
947 1027
948 1027
948 1028
949 950
949 1028
949 1029
950 1029
950 1030
951 952
951 1030
951 1031
951 1032
952 953
952 1031
952 1032
953 954
953 1032
953 1033
954 955
954 1033
954 1034
955 956
955 1033
955 1034
955 1035
956 957
956 1034
956 1035
956 1036
957 1035
957 1036
957 1037
958 959
958 1037
958 1038
958 1039
959 960
959 1038
959 1039
959 1040
960 961
960 1039
960 1040
960 1041
961 1040
961 1041
961 1042
962 963
962 1042
962 1043
962 1044
963 964
963 1043
963 1044
963 1045
964 965
964 1044
964 1045
964 1046
965 966
965 1045
965 1046
965 1047
966 967
966 1046
966 1047
967 1047
967 1048
968 969
968 1048
968 1049
969 970
969 1049
969 1050
970 971
970 1050
970 1051
971 972
971 1050
971 1051
971 1052
972 1051
972 1052
973 974
973 1053
973 1054
974 975
974 1053
974 1054
974 1055
975 976
975 1054
975 1055
975 1056
976 977
976 1055
976 1056
976 1057
977 978
977 1056
977 1057
977 1058
978 979
978 1057
978 1058
978 1059
979 980
979 1058
979 1059
980 981
980 1059
980 1060
981 982
981 1060
982 1060
982 1061
983 984
983 1061
983 1062
984 1062
985 986
985 1063
985 1064
986 987
986 1063
986 1064
986 1065
987 988
987 1064
987 1065
987 1066
988 989
988 1065
988 1066
988 1067
989 990
989 1066
989 1067
989 1068
990 1067
990 1068
991 992
991 1069
992 993
992 1069
992 1070
993 1069
993 1070
993 1071
994 995
994 1071
994 1072
994 1073
995 996
995 1072
995 1073
996 997
996 1073
996 1074
997 998
997 1074
997 1075
998 999
998 1074
998 1075
999 1075
999 1076
1000 1001
1000 1076
1000 1077
1000 1078
1001 1002
1001 1077
1001 1078
1001 1079
1002 1003
1002 1078
1002 1079
1003 1079
1003 1080
1004 1080
1004 1081
1004 1082
1005 1083
1005 1084
1006 1007
1006 1085
1006 1086
1006 1087
1007 1008
1007 1086
1007 1087
1007 1088
1008 1009
1008 1087
1008 1088
1009 1010
1009 1088
1009 1089
1010 1011
1010 1089
1010 1090
1011 1089
1011 1090
1011 1091
1012 1091
1012 1092
1012 1093
1013 1014
1013 1093
1013 1094
1013 1095
1014 1015
1014 1094
1014 1095
1014 1096
1015 1016
1015 1095
1015 1096
1015 1097
1016 1096
1016 1097
1016 1098
1017 1098
1017 1099
1017 1100
1018 1019
1018 1100
1018 1101
1018 1102
1019 1020
1019 1101
1019 1102
1019 1103
1020 1102
1020 1103
1020 1104
1021 1022
1021 1104
1021 1105
1021 1106
1022 1023
1022 1105
1022 1106
1022 1107
1023 1024
1023 1106
1023 1107
1024 1025
1024 1107
1025 1026
1026 1027
1027 1108
1028 1108
1028 1109
1028 1110
1029 1030
1029 1110
1029 1111
1029 1112
1030 1031
1030 1111
1030 1112
1031 1032
1031 1112
1031 1113
1032 1113
1032 1114
1033 1034
1033 1114
1033 1115
1033 1116
1034 1035
1034 1115
1034 1116
1034 1117
1035 1036
1035 1116
1035 1117
1035 1118
1036 1037
1036 1117
1036 1118
1036 1119
1037 1038
1037 1118
1037 1119
1037 1120
1038 1039
1038 1119
1038 1120
1038 1121
1039 1040
1039 1120
1039 1121
1039 1122
1040 1041
1040 1121
1040 1122
1041 1042
1041 1122
1041 1123
1042 1043
1042 1123
1042 1124
1043 1044
1043 1123
1043 1124
1044 1045
1044 1124
1044 1125
1045 1046
1045 1125
1045 1126
1046 1047
1046 1125
1046 1126
1046 1127
1047 1126
1047 1127
1047 1128
1048 1049
1048 1128
1048 1129
1048 1130
1049 1129
1049 1130
1049 1131
1050 1051
1050 1131
1050 1132
1050 1133
1051 1052
1051 1132
1051 1133
1051 1134
1052 1133
1052 1134
1053 1054
1053 1135
1053 1136
1054 1055
1054 1135
1054 1136
1054 1137
1055 1056
1055 1136
1055 1137
1055 1138
1056 1057
1056 1137
1056 1138
1056 1139
1057 1058
1057 1138
1057 1139
1057 1140
1058 1059
1058 1139
1058 1140
1058 1141
1059 1140
1059 1141
1060 1142
1060 1143
1061 1062
1061 1143
1061 1144
1061 1145
1062 1144
1062 1145
1063 1064
1063 1146
1064 1065
1065 1066
1065 1147
1066 1067
1066 1147
1066 1148
1067 1068
1067 1147
1067 1148
1067 1149
1068 1148
1068 1149
1068 1150
1069 1070
1069 1151
1069 1152
1069 1153
1070 1071
1070 1152
1070 1153
1070 1154
1071 1072
1071 1153
1071 1154
1071 1155
1072 1073
1072 1154
1072 1155
1072 1156
1073 1155
1073 1156
1074 1075
1074 1157
1075 1157
1075 1158
1076 1077
1076 1158
1076 1159
1077 1078
1077 1159
1078 1079
1078 1160
1079 1160
1079 1161
1080 1081
1080 1161
1080 1162
1081 1082
1081 1162
1081 1163
1082 1083
1082 1163
1083 1084
1083 1163
1083 1164
1084 1164
1084 1165
1085 1086
1085 1165
1085 1166
1086 1087
1086 1166
1086 1167
1087 1088
1087 1167
1087 1168
1088 1167
1088 1168
1088 1169
1089 1090
1089 1169
1089 1170
1089 1171
1090 1091
1090 1170
1090 1171
1090 1172
1091 1092
1091 1171
1091 1172
1092 1093
1092 1172
1092 1173
1093 1094
1093 1173
1093 1174
1094 1095
1094 1173
1094 1174
1095 1096
1095 1174
1095 1175
1096 1097
1096 1175
1096 1176
1097 1098
1097 1175
1097 1176
1097 1177
1098 1099
1098 1176
1098 1177
1098 1178
1099 1100
1099 1177
1099 1178
1099 1179
1100 1101
1100 1178
1100 1179
1101 1102
1101 1179
1101 1180
1102 1103
1102 1180
1102 1181
1103 1104
1103 1180
1103 1181
1103 1182
1104 1105
1104 1181
1104 1182
1104 1183
1105 1106
1105 1182
1105 1183
1105 1184
1106 1107
1106 1183
1106 1184
1106 1185
1107 1184
1107 1185
1108 1109
1108 1187
1108 1188
1109 1110
1109 1188
1109 1189
1110 1111
1110 1189
1110 1190
1111 1112
1111 1189
1111 1190
1112 1190
1112 1191
1113 1114
1113 1191
1114 1115
1115 1116
1115 1192
1116 1117
1116 1192
1116 1193
1117 1118
1117 1192
1117 1193
1117 1194
1118 1119
1118 1193
1118 1194
1118 1195
1119 1120
1119 1194
1119 1195
1119 1196
1120 1121
1120 1195
1120 1196
1120 1197
1121 1122
1121 1196
1121 1197
1122 1197
1122 1198
1123 1124
1123 1198
1123 1199
1124 1199
1125 1126
1125 1200
1125 1201
1126 1127
1126 1200
1126 1201
1126 1202
1127 1128
1127 1201
1127 1202
1127 1203
1128 1129
1128 1202
1128 1203
1128 1204
1129 1130
1129 1203
1129 1204
1130 1131
1130 1204
1130 1205
1131 1132
1131 1205
1131 1206
1132 1133
1132 1205
1132 1206
1132 1207
1133 1134
1133 1206
1133 1207
1133 1208
1134 1207
1134 1208
1135 1136
1135 1209
1135 1210
1136 1137
1136 1209
1136 1210
1137 1138
1137 1210
1137 1211
1138 1139
1138 1211
1138 1212
1139 1140
1139 1211
1139 1212
1140 1141
1140 1212
1140 1213
1141 1213
1141 1214
1142 1143
1142 1214
1142 1215
1142 1216
1143 1144
1143 1215
1143 1216
1143 1217
1144 1145
1144 1216
1144 1217
1145 1217
1145 1218
1146 1218
1146 1219
1146 1220
1147 1148
1147 1222
1147 1223
1147 1224
1148 1149
1148 1223
1148 1224
1148 1225
1149 1150
1149 1224
1149 1225
1149 1226
1150 1151
1150 1225
1150 1226
1150 1227
1151 1152
1151 1226
1151 1227
1151 1228
1152 1153
1152 1227
1152 1228
1153 1154
1153 1228
1153 1229
1154 1155
1154 1229
1154 1230
1155 1156
1155 1229
1155 1230
1155 1231
1156 1230
1156 1231
1156 1232
1157 1232
1157 1233
1157 1234
1158 1159
1158 1234
1158 1235
1159 1235
1159 1236
1160 1161
1160 1237
1160 1238
1161 1162
1161 1238
1161 1239
1162 1239
1162 1240
1163 1240
1163 1241
1163 1242
1164 1165
1164 1242
1164 1243
1164 1244
1165 1166
1165 1243
1165 1244
1165 1245
1166 1244
1166 1245
1166 1246
1167 1168
1167 1246
1167 1247
1168 1169
1168 1247
1169 1170
1170 1171
1170 1248
1171 1172
1171 1248
1171 1249
1172 1248
1172 1249
1172 1250
1173 1174
1173 1250
1173 1251
1174 1251
1174 1252
1175 1176
1175 1252
1175 1253
1175 1254
1176 1177
1176 1253
1176 1254
1176 1255
1177 1178
1177 1254
1177 1255
1177 1256
1178 1179
1178 1255
1178 1256
1178 1257
1179 1256
1179 1257
1179 1258
1180 1181
1180 1258
1180 1259
1180 1260
1181 1182
1181 1259
1181 1260
1181 1261
1182 1183
1182 1260
1182 1261
1182 1262
1183 1184
1183 1261
1183 1262
1183 1263
1184 1185
1184 1262
1184 1263
1184 1264
1185 1263
1185 1264
1185 1265
1186 1265
1186 1266
1186 1267
1187 1188
1187 1267
1187 1268
1188 1268
1189 1190
1189 1269
1190 1269
1190 1270
1191 1270
1191 1271
1191 1272
1192 1193
1192 1274
1192 1275
1193 1194
1193 1275
1194 1195
1194 1275
1194 1276
1195 1196
1195 1276
1195 1277
1196 1197
1196 1276
1196 1277
1196 1278
1197 1277
1197 1278
1197 1279
1198 1199
1198 1279
1198 1280
1199 1280
1199 1281
1200 1201
1200 1282
1200 1283
1200 1284
1201 1202
1201 1283
1201 1284
1201 1285
1202 1203
1202 1284
1202 1285
1203 1204
1203 1285
1204 1286
1205 1206
1205 1286
1205 1287
1205 1288
1206 1207
1206 1287
1206 1288
1207 1208
1207 1288
1207 1289
1208 1289
1209 1210
1209 1290
1209 1291
1210 1290
1210 1291
1210 1292
1211 1212
1211 1292
1211 1293
1211 1294
1212 1293
1212 1294
1212 1295
1213 1214
1213 1295
1213 1296
1213 1297
1214 1215
1214 1296
1214 1297
1214 1298
1215 1216
1215 1297
1215 1298
1215 1299
1216 1217
1216 1298
1216 1299
1217 1299
1218 1219
1218 1300
1219 1220
1219 1300
1219 1301
1220 1221
1220 1301
1221 1222
1221 1301
1221 1302
1222 1223
1222 1302
1222 1303
1223 1224
1223 1302
1223 1303
1224 1225
1224 1303
1224 1304
1225 1226
1225 1304
1225 1305
1226 1227
1226 1304
1226 1305
1226 1306
1227 1228
1227 1305
1227 1306
1227 1307
1228 1306
1228 1307
1228 1308
1229 1230
1229 1308
1229 1309
1229 1310
1230 1231
1230 1309
1230 1310
1230 1311
1231 1232
1231 1310
1231 1311
1231 1312
1232 1233
1232 1311
1232 1312
1232 1313
1233 1234
1233 1312
1233 1313
1233 1314
1234 1313
1234 1314
1234 1315
1235 1236
1235 1315
1235 1316
1236 1237
1236 1316
1236 1317
1237 1238
1237 1316
1237 1317
1237 1318
1238 1317
1238 1318
1238 1319
1239 1240
1239 1319
1239 1320
1239 1321
1240 1241
1240 1320
1240 1321
1241 1242
1241 1321
1241 1322
1242 1243
1242 1322
1242 1323
1243 1244
1243 1322
1243 1323
1243 1324
1244 1245
1244 1323
1244 1324
1244 1325
1245 1246
1245 1324
1245 1325
1245 1326
1246 1247
1246 1325
1246 1326
1247 1326
1247 1327
1248 1249
1248 1329
1248 1330
1248 1331
1249 1250
1249 1330
1249 1331
1249 1332
1250 1251
1250 1331
1250 1332
1250 1333
1251 1332
1251 1333
1251 1334
1252 1253
1252 1334
1252 1335
1252 1336
1253 1254
1253 1335
1253 1336
1253 1337
1254 1255
1254 1336
1254 1337
1255 1256
1255 1337
1256 1257
1256 1338
1257 1258
1257 1338
1257 1339
1258 1259
1258 1338
1258 1339
1258 1340
1259 1260
1259 1339
1259 1340
1260 1261
1260 1340
1260 1341
1261 1262
1261 1341
1261 1342
1262 1263
1262 1341
1262 1342
1262 1343
1263 1264
1263 1342
1263 1343
1263 1344
1264 1265
1264 1343
1264 1344
1264 1345
1265 1266
1265 1344
1265 1345
1265 1346
1266 1267
1266 1345
1266 1346
1266 1347
1267 1346
1267 1347
1268 1348
1268 1349
1269 1270
1269 1350
1270 1271
1270 1351
1271 1272
1271 1351
1271 1352
1272 1273
1272 1351
1272 1352
1272 1353
1273 1274
1273 1352
1273 1353
1273 1354
1274 1353
1274 1354
1274 1355
1275 1355
1275 1356
1275 1357
1276 1277
1276 1357
1276 1358
1277 1278
1277 1358
1277 1359
1278 1279
1278 1359
1278 1360
1279 1359
1279 1360
1280 1281
1280 1361
1280 1362
1281 1282
1281 1361
1281 1362
1281 1363
1282 1283
1282 1362
1282 1363
1283 1284
1283 1363
1283 1364
1284 1285
1284 1364
1284 1365
1285 1364
1285 1365
1285 1366
1286 1287
1286 1367
1286 1368
1287 1288
1287 1368
1287 1369
1288 1369
1288 1370
1289 1370
1289 1371
1290 1291
1290 1372
1290 1373
1291 1292
1291 1372
1291 1373
1292 1293
1292 1373
1292 1374
1293 1294
1293 1374
1294 1295
1294 1374
1294 1375
1295 1296
1295 1375
1295 1376
1296 1297
1296 1375
1296 1376
1296 1377
1297 1298
1297 1376
1297 1377
1298 1299
1298 1377
1298 1378
1299 1378
1299 1379
1300 1380
1301 1380
1301 1381
1302 1303
1302 1382
1303 1382
1303 1383
1304 1305
1304 1383
1304 1384
1305 1306
1305 1384
1305 1385
1306 1307
1306 1384
1306 1385
1307 1308
1307 1385
1307 1386
1308 1309
1308 1386
1308 1387
1309 1310
1309 1386
1309 1387
1309 1388
1310 1311
1310 1387
1310 1388
1310 1389
1311 1312
1311 1388
1311 1389
1312 1313
1312 1389
1312 1390
1313 1314
1313 1390
1313 1391
1314 1315
1314 1390
1314 1391
1314 1392
1315 1391
1315 1392
1315 1393
1316 1317
1316 1393
1316 1394
1317 1318
1317 1394
1317 1395
1318 1319
1318 1394
1318 1395
1318 1396
1319 1320
1319 1395
1319 1396
1319 1397
1320 1321
1320 1396
1320 1397
1320 1398
1321 1397
1321 1398
1321 1399
1322 1323
1322 1399
1322 1400
1322 1401
1323 1324
1323 1400
1323 1401
1323 1402
1324 1325
1324 1401
1324 1402
1324 1403
1325 1326
1325 1402
1325 1403
1325 1404
1326 1403
1326 1404
1327 1328
1327 1405
1328 1329
1328 1405
1328 1406
1329 1330
1329 1406
1329 1407
1330 1331
1330 1406
1330 1407
1330 1408
1331 1332
1331 1407
1331 1408
1331 1409
1332 1333
1332 1408
1332 1409
1332 1410
1333 1334
1333 1409
1333 1410
1333 1411
1334 1335
1334 1410
1334 1411
1334 1412
1335 1336
1335 1411
1335 1412
1335 1413
1336 1337
1336 1412
1336 1413
1336 1414
1337 1413
1337 1414
1337 1415
1338 1339
1338 1416
1338 1417
1338 1418
1339 1340
1339 1417
1339 1418
1339 1419
1340 1418
1340 1419
1340 1420
1341 1342
1341 1420
1341 1421
1341 1422
1342 1343
1342 1421
1342 1422
1342 1423
1343 1344
1343 1422
1343 1423
1343 1424
1344 1345
1344 1423
1344 1424
1344 1425
1345 1346
1345 1424
1345 1425
1345 1426
1346 1347
1346 1425
1346 1426
1347 1426
1347 1427
1348 1349
1348 1427
1348 1428
1348 1429
1349 1350
1349 1428
1349 1429
1349 1430
1350 1429
1350 1430
1350 1431
1351 1352
1351 1432
1351 1433
1351 1434
1352 1353
1352 1433
1352 1434
1353 1354
1353 1434
1353 1435
1354 1355
1354 1435
1354 1436
1355 1356
1355 1435
1355 1436
1355 1437
1356 1357
1356 1436
1356 1437
1356 1438
1357 1358
1357 1437
1357 1438
1357 1439
1358 1438
1358 1439
1359 1360
1359 1440
1359 1441
1360 1440
1360 1441
1360 1442
1361 1362
1361 1442
1361 1443
1361 1444
1362 1363
1362 1443
1362 1444
1362 1445
1363 1444
1363 1445
1364 1365
1364 1446
1364 1447
1365 1366
1365 1446
1365 1447
1366 1367
1366 1447
1366 1448
1367 1368
1367 1448
1367 1449
1368 1448
1368 1449
1368 1450
1369 1370
1369 1450
1369 1451
1369 1452
1370 1371
1370 1451
1370 1452
1370 1453
1371 1452
1371 1453
1372 1373
1372 1454
1372 1455
1373 1454
1373 1455
1373 1456
1374 1456
1374 1457
1374 1458
1375 1376
1375 1458
1375 1459
1375 1460
1376 1377
1376 1459
1376 1460
1376 1461
1377 1460
1377 1461
1377 1462
1378 1379
1378 1462
1378 1463
1378 1464
1379 1463
1379 1464
1380 1381
1380 1465
1380 1466
1381 1466
1381 1467
1382 1383
1382 1468
1382 1469
1382 1470
1383 1469
1383 1470
1383 1471
1384 1385
1384 1471
1384 1472
1385 1472
1385 1473
1386 1387
1386 1473
1387 1388
1387 1474
1388 1389
1388 1474
1388 1475
1389 1474
1389 1475
1389 1476
1390 1391
1390 1476
1390 1477
1390 1478
1391 1392
1391 1477
1391 1478
1391 1479
1392 1393
1392 1478
1392 1479
1392 1480
1393 1479
1393 1480
1393 1481
1394 1395
1394 1481
1394 1482
1395 1396
1395 1482
1395 1483
1396 1397
1396 1482
1396 1483
1397 1398
1397 1483
1397 1484
1398 1399
1398 1484
1399 1400
1399 1484
1399 1485
1400 1401
1400 1485
1400 1486
1401 1402
1401 1485
1401 1486
1402 1403
1402 1486
1402 1487
1403 1404
1403 1487
1403 1488
1404 1487
1404 1488
1404 1489
1405 1489
1405 1490
1405 1491
1406 1407
1406 1491
1406 1492
1406 1493
1407 1408
1407 1492
1407 1493
1407 1494
1408 1409
1408 1493
1408 1494
1408 1495
1409 1410
1409 1494
1409 1495
1409 1496
1410 1411
1410 1495
1410 1496
1410 1497
1411 1412
1411 1496
1411 1497
1411 1498
1412 1413
1412 1497
1412 1498
1412 1499
1413 1414
1413 1498
1413 1499
1413 1500
1414 1415
1414 1499
1414 1500
1415 1416
1415 1500
1415 1501
1416 1417
1416 1501
1416 1502
1417 1418
1417 1501
1417 1502
1417 1503
1418 1419
1418 1502
1418 1503
1418 1504
1419 1420
1419 1503
1419 1504
1420 1421
1420 1504
1420 1505
1421 1422
1421 1505
1421 1506
1422 1423
1422 1505
1422 1506
1422 1507
1423 1424
1423 1506
1423 1507
1424 1425
1424 1507
1424 1508
1425 1426
1425 1508
1425 1509
1426 1508
1426 1509
1426 1510
1427 1428
1427 1510
1427 1511
1428 1429
1428 1511
1428 1512
1429 1430
1429 1512
1429 1513
1430 1431
1430 1512
1430 1513
1430 1514
1431 1432
1431 1513
1431 1514
1432 1433
1432 1514
1432 1515
1433 1434
1433 1515
1433 1516
1434 1515
1434 1516
1434 1517
1435 1436
1435 1517
1435 1518
1436 1437
1436 1518
1436 1519
1437 1438
1437 1519
1437 1520
1438 1439
1438 1519
1438 1520
1438 1521
1439 1520
1439 1521
1440 1441
1440 1522
1440 1523
1441 1442
1441 1522
1441 1523
1441 1524
1442 1443
1442 1523
1442 1524
1442 1525
1443 1444
1443 1524
1443 1525
1444 1445
1444 1525
1445 1526
1446 1447
1446 1526
1446 1527
1447 1527
1447 1528
1448 1449
1448 1528
1448 1529
1449 1450
1449 1529
1449 1530
1450 1451
1450 1529
1450 1530
1450 1531
1451 1452
1451 1530
1451 1531
1452 1453
1452 1531
1452 1532
1453 1532
1454 1455
1454 1533
1455 1456
1455 1533
1456 1457
1456 1533
1457 1458
1457 1534
1458 1459
1458 1534
1458 1535
1459 1460
1459 1534
1459 1535
1459 1536
1460 1461
1460 1535
1460 1536
1461 1462
1461 1536
1461 1537
1462 1463
1462 1537
1462 1538
1463 1464
1463 1537
1463 1538
1463 1539
1464 1538
1464 1539
1464 1540
1465 1540
1465 1541
1465 1542
1466 1467
1466 1542
1466 1543
1466 1544
1467 1468
1467 1543
1467 1544
1467 1545
1468 1469
1468 1544
1468 1545
1468 1546
1469 1470
1469 1545
1469 1546
1469 1547
1470 1471
1470 1546
1470 1547
1470 1548
1471 1472
1471 1547
1471 1548
1472 1548
1472 1549
1473 1549
1473 1550
1474 1475
1474 1551
1474 1552
1475 1476
1475 1552
1476 1477
1476 1553
1477 1478
1477 1553
1477 1554
1478 1479
1478 1553
1478 1554
1478 1555
1479 1480
1479 1554
1479 1555
1479 1556
1480 1481
1480 1555
1480 1556
1481 1556
1481 1557
1482 1483
1482 1557
1482 1558
1483 1558
1483 1559
1484 1559
1484 1560
1484 1561
1485 1486
1485 1561
1485 1562
1485 1563
1486 1562
1486 1563
1487 1488
1487 1564
1488 1489
1488 1564
1488 1565
1489 1490
1489 1564
1489 1565
1490 1491
1490 1565
1490 1566
1491 1492
1491 1566
1491 1567
1492 1493
1492 1566
1492 1567
1492 1568
1493 1494
1493 1567
1493 1568
1493 1569
1494 1495
1494 1568
1494 1569
1494 1570
1495 1496
1495 1569
1495 1570
1495 1571
1496 1497
1496 1570
1496 1571
1496 1572
1497 1498
1497 1571
1497 1572
1497 1573
1498 1499
1498 1572
1498 1573
1498 1574
1499 1500
1499 1573
1499 1574
1499 1575
1500 1574
1500 1575
1500 1576
1501 1502
1501 1576
1501 1577
1501 1578
1502 1503
1502 1577
1502 1578
1503 1504
1503 1578
1503 1579
1504 1579
1505 1506
1505 1580
1505 1581
1506 1507
1506 1580
1506 1581
1506 1582
1507 1581
1507 1582
1507 1583
1508 1509
1508 1583
1508 1584
1508 1585
1509 1510
1509 1584
1509 1585
1509 1586
1510 1511
1510 1585
1510 1586
1510 1587
1511 1586
1511 1587
1511 1588
1512 1513
1512 1588
1512 1589
1512 1590
1513 1514
1513 1589
1513 1590
1513 1591
1514 1590
1514 1591
1514 1592
1515 1516
1515 1592
1515 1593
1516 1517
1516 1593
1516 1594
1517 1518
1517 1594
1517 1595
1518 1594
1518 1595
1518 1596
1519 1520
1519 1596
1519 1597
1519 1598
1520 1521
1520 1597
1520 1598
1520 1599
1521 1598
1521 1599
1521 1600
1522 1523
1522 1600
1522 1601
1522 1602
1523 1524
1523 1601
1523 1602
1523 1603
1524 1525
1524 1602
1524 1603
1524 1604
1525 1603
1525 1604
1525 1605
1526 1527
1526 1606
1526 1607
1526 1608
1527 1607
1527 1608
1527 1609
1528 1609
1528 1610
1529 1530
1529 1611
1529 1612
1530 1531
1530 1611
1530 1612
1530 1613
1531 1612
1531 1613
1531 1614
1532 1614
1532 1615
1533 1616
1533 1617
1533 1618
1534 1535
1534 1619
1534 1620
1534 1621
1535 1536
1535 1620
1535 1621
1535 1622
1536 1621
1536 1622
1536 1623
1537 1538
1537 1623
1537 1624
1537 1625
1538 1539
1538 1624
1538 1625
1538 1626
1539 1540
1539 1625
1539 1626
1539 1627
1540 1541
1540 1626
1540 1627
1540 1628
1541 1542
1541 1627
1541 1628
1541 1629
1542 1543
1542 1628
1542 1629
1543 1544
1543 1629
1544 1545
1544 1630
1545 1546
1545 1630
1545 1631
1546 1547
1546 1630
1546 1631
1546 1632
1547 1548
1547 1631
1547 1632
1547 1633
1548 1632
1548 1633
1548 1634
1549 1634
1549 1635
1549 1636
1550 1551
1550 1636
1550 1637
1550 1638
1551 1552
1551 1637
1551 1638
1551 1639
1552 1638
1552 1639
1552 1640
1553 1554
1553 1641
1553 1642
1553 1643
1554 1555
1554 1642
1554 1643
1554 1644
1555 1556
1555 1643
1555 1644
1555 1645
1556 1644
1556 1645
1556 1646
1557 1558
1557 1646
1557 1647
1557 1648
1558 1647
1558 1648
1558 1649
1559 1560
1559 1649
1559 1650
1559 1651
1560 1561
1560 1650
1560 1651
1560 1652
1561 1562
1561 1651
1561 1652
1562 1563
1562 1652
1564 1565
1564 1653
1564 1654
1564 1655
1565 1654
1565 1655
1565 1656
1566 1567
1566 1656
1566 1657
1567 1568
1567 1657
1567 1658
1568 1569
1568 1657
1568 1658
1569 1570
1569 1658
1570 1571
1571 1572
1571 1659
1572 1573
1572 1659
1572 1660
1573 1574
1573 1659
1573 1660
1573 1661
1574 1575
1574 1660
1574 1661
1574 1662
1575 1576
1575 1661
1575 1662
1576 1577
1576 1662
1576 1663
1577 1578
1577 1663
1577 1664
1578 1663
1578 1664
1578 1665
1579 1665
1579 1666
1579 1667
1580 1581
1580 1667
1580 1668
1580 1669
1581 1582
1581 1668
1581 1669
1582 1583
1582 1669
1582 1670
1583 1584
1583 1670
1583 1671
1584 1585
1584 1670
1584 1671
1584 1672
1585 1586
1585 1671
1585 1672
1585 1673
1586 1587
1586 1672
1586 1673
1586 1674
1587 1588
1587 1673
1587 1674
1587 1675
1588 1589
1588 1674
1588 1675
1588 1676
1589 1590
1589 1675
1589 1676
1589 1677
1590 1591
1590 1676
1590 1677
1591 1592
1591 1677
1591 1678
1592 1593
1592 1678
1592 1679
1593 1678
1593 1679
1593 1680
1594 1595
1594 1680
1594 1681
1594 1682
1595 1596
1595 1681
1595 1682
1595 1683
1596 1597
1596 1682
1596 1683
1596 1684
1597 1598
1597 1683
1597 1684
1597 1685
1598 1599
1598 1684
1598 1685
1599 1600
1599 1685
1599 1686
1600 1601
1600 1686
1601 1602
1601 1686
1601 1687
1602 1603
1602 1687
1602 1688
1603 1604
1603 1687
1603 1688
1603 1689
1604 1605
1604 1688
1604 1689
1604 1690
1605 1606
1605 1689
1605 1690
1606 1607
1606 1690
1607 1608
1607 1691
1608 1609
1608 1691
1608 1692
1609 1610
1609 1691
1609 1692
1609 1693
1610 1692
1610 1693
1610 1694
1611 1612
1611 1694
1611 1695
1611 1696
1612 1613
1612 1695
1612 1696
1612 1697
1613 1614
1613 1696
1613 1697
1613 1698
1614 1615
1614 1697
1614 1698
1614 1699
1615 1698
1615 1699
1616 1617
1616 1700
1616 1701
1617 1618
1617 1700
1617 1701
1617 1702
1618 1619
1618 1701
1618 1702
1618 1703
1619 1620
1619 1702
1619 1703
1619 1704
1620 1621
1620 1703
1620 1704
1620 1705
1621 1622
1621 1704
1621 1705
1621 1706
1622 1623
1622 1705
1622 1706
1622 1707
1623 1624
1623 1706
1623 1707
1623 1708
1624 1625
1624 1707
1624 1708
1624 1709
1625 1626
1625 1708
1625 1709
1626 1627
1626 1709
1626 1710
1627 1628
1627 1710
1627 1711
1628 1629
1628 1710
1628 1711
1628 1712
1629 1711
1629 1712
1629 1713
1630 1631
1630 1714
1630 1715
1630 1716
1631 1632
1631 1715
1631 1716
1631 1717
1632 1633
1632 1716
1632 1717
1633 1634
1633 1717
1634 1635
1634 1718
1635 1636
1635 1718
1635 1719
1636 1637
1636 1718
1636 1719
1636 1720
1637 1638
1637 1719
1637 1720
1637 1721
1638 1639
1638 1720
1638 1721
1638 1722
1639 1640
1639 1721
1639 1722
1639 1723
1640 1641
1640 1722
1640 1723
1640 1724
1641 1642
1641 1723
1641 1724
1642 1643
1642 1724
1643 1644
1643 1725
1644 1645
1644 1725
1644 1726
1645 1646
1645 1725
1645 1726
1645 1727
1646 1647
1646 1726
1646 1727
1646 1728
1647 1648
1647 1727
1647 1728
1647 1729
1648 1649
1648 1728
1648 1729
1649 1650
1649 1729
1649 1730
1650 1651
1650 1730
1651 1652
1651 1730
1651 1731
1652 1731
1652 1732
1653 1654
1653 1734
1653 1735
1654 1655
1654 1734
1654 1735
1654 1736
1655 1656
1655 1735
1655 1736
1655 1737
1656 1736
1656 1737
1656 1738
1657 1658
1657 1738
1657 1739
1657 1740
1658 1739
1658 1740
1658 1741
1659 1660
1659 1742
1659 1743
1659 1744
1660 1661
1660 1743
1660 1744
1660 1745
1661 1662
1661 1744
1661 1745
1661 1746
1662 1745
1662 1746
1662 1747
1663 1664
1663 1747
1663 1748
1663 1749
1664 1665
1664 1748
1664 1749
1664 1750
1665 1666
1665 1749
1665 1750
1665 1751
1666 1667
1666 1750
1666 1751
1666 1752
1667 1668
1667 1751
1667 1752
1667 1753
1668 1669
1668 1752
1668 1753
1668 1754
1669 1753
1669 1754
1669 1755
1670 1671
1670 1755
1670 1756
1670 1757
1671 1672
1671 1756
1671 1757
1671 1758
1672 1673
1672 1757
1672 1758
1672 1759
1673 1674
1673 1758
1673 1759
1674 1675
1674 1759
1674 1760
1675 1676
1675 1760
1675 1761
1676 1677
1676 1760
1676 1761
1676 1762
1677 1761
1677 1762
1677 1763
1678 1679
1678 1763
1678 1764
1679 1680
1679 1764
1679 1765
1680 1681
1680 1765
1681 1682
1681 1765
1682 1683
1682 1766
1683 1684
1683 1766
1683 1767
1684 1685
1684 1766
1684 1767
1684 1768
1685 1767
1685 1768
1685 1769
1686 1769
1686 1770
1686 1771
1687 1688
1687 1771
1688 1689
1689 1690
1689 1772
1690 1772
1690 1773
1691 1692
1691 1774
1691 1775
1691 1776
1692 1693
1692 1775
1692 1776
1693 1694
1693 1776
1693 1777
1694 1695
1694 1777
1694 1778
1695 1696
1695 1777
1695 1778
1696 1697
1696 1778
1696 1779
1697 1698
1697 1779
1697 1780
1698 1699
1698 1779
1698 1780
1699 1780
1700 1701
1700 1781
1700 1782
1701 1702
1701 1781
1701 1782
1702 1703
1702 1782
1702 1783
1703 1704
1703 1783
1704 1705
1704 1783
1704 1784
1705 1706
1705 1784
1706 1707
1706 1784
1706 1785
1707 1708
1707 1785
1707 1786
1708 1709
1708 1785
1708 1786
1709 1786
1710 1711
1710 1787
1710 1788
1711 1712
1711 1787
1711 1788
1711 1789
1712 1713
1712 1788
1712 1789
1712 1790
1713 1714
1713 1789
1713 1790
1714 1715
1714 1790
1714 1791
1715 1716
1715 1791
1715 1792
1716 1717
1716 1791
1716 1792
1716 1793
1717 1792
1717 1793
1717 1794
1718 1719
1718 1795
1718 1796
1718 1797
1719 1720
1719 1796
1719 1797
1719 1798
1720 1721
1720 1797
1720 1798
1720 1799
1721 1722
1721 1798
1721 1799
1721 1800
1722 1723
1722 1799
1722 1800
1723 1724
1723 1800
1724 1801
1725 1726
1725 1802
1725 1803
1725 1804
1726 1727
1726 1803
1726 1804
1726 1805
1727 1728
1727 1804
1727 1805
1727 1806
1728 1729
1728 1805
1728 1806
1729 1806
1729 1807
1730 1807
1730 1808
1730 1809
1731 1732
1731 1809
1731 1810
1731 1811
1732 1733
1732 1810
1732 1811
1732 1812
1733 1811
1733 1812
1733 1813
1734 1735
1734 1813
1734 1814
1734 1815
1735 1736
1735 1814
1735 1815
1735 1816
1736 1737
1736 1815
1736 1816
1737 1738
1737 1816
1738 1739
1738 1817
1739 1740
1739 1817
1740 1741
1740 1817
1740 1818
1741 1818
1741 1819
1742 1743
1742 1819
1742 1820
1742 1821
1743 1744
1743 1820
1743 1821
1744 1745
1744 1821
1744 1822
1745 1746
1745 1822
1745 1823
1746 1747
1746 1822
1746 1823
1747 1748
1747 1823
1747 1824
1748 1749
1748 1824
1748 1825
1749 1750
1749 1824
1749 1825
1749 1826
1750 1751
1750 1825
1750 1826
1751 1752
1751 1826
1751 1827
1752 1753
1752 1827
1753 1754
1753 1827
1753 1828
1754 1755
1754 1828
1754 1829
1755 1756
1755 1828
1755 1829
1755 1830
1756 1757
1756 1829
1756 1830
1756 1831
1757 1758
1757 1830
1757 1831
1757 1832
1758 1759
1758 1831
1758 1832
1758 1833
1759 1832
1759 1833
1759 1834
1760 1761
1760 1834
1760 1835
1760 1836
1761 1762
1761 1835
1761 1836
1761 1837
1762 1763
1762 1836
1762 1837
1762 1838
1763 1764
1763 1837
1763 1838
1764 1838
1766 1767
1766 1839
1766 1840
1766 1841
1767 1768
1767 1840
1767 1841
1767 1842
1768 1769
1768 1841
1768 1842
1768 1843
1769 1770
1769 1842
1769 1843
1769 1844
1770 1771
1770 1843
1770 1844
1770 1845
1771 1844
1771 1845
1772 1773
1772 1846
1772 1847
1772 1848
1773 1774
1773 1847
1773 1848
1773 1849
1774 1775
1774 1848
1774 1849
1774 1850
1775 1776
1775 1849
1775 1850
1775 1851
1776 1850
1776 1851
1777 1778
1777 1852
1777 1853
1778 1852
1778 1853
1778 1854
1779 1780
1779 1854
1779 1855
1779 1856
1780 1855
1780 1856
1781 1782
1781 1857
1781 1858
1782 1857
1782 1858
1782 1859
1783 1859
1783 1860
1784 1861
1785 1786
1785 1861
1786 1862
1787 1788
1787 1863
1787 1864
1787 1865
1788 1789
1788 1864
1788 1865
1788 1866
1789 1790
1789 1865
1789 1866
1789 1867
1790 1866
1790 1867
1790 1868
1791 1792
1791 1868
1791 1869
1792 1793
1792 1869
1792 1870
1793 1794
1793 1870
1793 1871
1794 1795
1794 1870
1794 1871
1794 1872
1795 1796
1795 1871
1795 1872
1795 1873
1796 1797
1796 1872
1796 1873
1796 1874
1797 1798
1797 1873
1797 1874
1797 1875
1798 1799
1798 1874
1798 1875
1798 1876
1799 1800
1799 1875
1799 1876
1799 1877
1800 1876
1800 1877
1800 1878
1801 1802
1801 1879
1801 1880
1802 1803
1802 1880
1802 1881
1803 1804
1803 1880
1803 1881
1803 1882
1804 1805
1804 1881
1804 1882
1804 1883
1805 1806
1805 1882
1805 1883
1806 1883
1806 1884
1807 1808
1807 1884
1807 1885
1807 1886
1808 1809
1808 1885
1808 1886
1809 1810
1809 1886
1809 1887
1810 1811
1810 1887
1810 1888
1811 1812
1811 1887
1811 1888
1811 1889
1812 1813
1812 1888
1812 1889
1812 1890
1813 1814
1813 1889
1813 1890
1813 1891
1814 1815
1814 1890
1814 1891
1814 1892
1815 1816
1815 1891
1815 1892
1815 1893
1816 1892
1816 1893
1816 1894
1817 1895
1817 1896
1818 1819
1818 1896
1819 1820
1819 1897
1820 1821
1820 1897
1820 1898
1821 1897
1821 1898
1821 1899
1822 1823
1822 1899
1822 1900
1822 1901
1823 1900
1823 1901
1823 1902
1824 1825
1824 1902
1824 1903
1824 1904
1825 1826
1825 1903
1825 1904
1825 1905
1826 1904
1826 1905
1826 1906
1827 1906
1827 1907
1828 1829
1828 1907
1828 1908
1829 1830
1829 1908
1829 1909
1830 1831
1830 1909
1830 1910
1831 1832
1831 1909
1831 1910
1831 1911
1832 1833
1832 1910
1832 1911
1832 1912
1833 1834
1833 1911
1833 1912
1833 1913
1834 1835
1834 1912
1834 1913
1834 1914
1835 1836
1835 1913
1835 1914
1836 1837
1836 1914
1836 1915
1837 1838
1837 1915
1837 1916
1838 1915
1838 1916
1838 1917
1839 1840
1839 1920
1839 1921
1840 1841
1840 1921
1840 1922
1841 1842
1841 1922
1841 1923
1842 1843
1842 1922
1842 1923
1842 1924
1843 1844
1843 1923
1843 1924
1843 1925
1844 1845
1844 1924
1844 1925
1844 1926
1845 1925
1845 1926
1845 1927
1846 1847
1846 1928
1846 1929
1846 1930
1847 1848
1847 1929
1847 1930
1847 1931
1848 1849
1848 1930
1848 1931
1848 1932
1849 1850
1849 1931
1849 1932
1849 1933
1850 1851
1850 1932
1850 1933
1850 1934
1851 1933
1851 1934
1851 1935
1852 1853
1852 1935
1852 1936
1853 1854
1853 1936
1853 1937
1854 1855
1854 1937
1854 1938
1855 1856
1855 1937
1855 1938
1855 1939
1856 1938
1856 1939
1856 1940
1857 1858
1858 1859
1858 1941
1859 1860
1859 1941
1859 1942
1860 1941
1860 1942
1860 1943
1861 1944
1861 1945
1861 1946
1862 1863
1862 1947
1862 1948
1863 1864
1863 1948
1863 1949
1864 1865
1864 1949
1864 1950
1865 1866
1865 1949
1865 1950
1866 1867
1866 1950
1866 1951
1867 1868
1867 1951
1867 1952
1868 1869
1868 1951
1868 1952
1869 1952
1869 1953
1870 1871
1870 1953
1870 1954
1870 1955
1871 1872
1871 1954
1871 1955
1871 1956
1872 1873
1872 1955
1872 1956
1872 1957
1873 1874
1873 1956
1873 1957
1873 1958
1874 1875
1874 1957
1874 1958
1874 1959
1875 1876
1875 1958
1875 1959
1875 1960
1876 1877
1876 1959
1876 1960
1876 1961
1877 1878
1877 1960
1877 1961
1877 1962
1878 1879
1878 1961
1878 1962
1878 1963
1879 1962
1879 1963
1879 1964
1880 1881
1880 1964
1880 1965
1881 1882
1881 1965
1882 1883
1882 1966
1883 1966
1883 1967
1884 1885
1884 1967
1884 1968
1884 1969
1885 1886
1885 1968
1885 1969
1885 1970
1886 1969
1886 1970
1886 1971
1887 1888
1887 1971
1887 1972
1887 1973
1888 1889
1888 1972
1888 1973
1888 1974
1889 1890
1889 1973
1889 1974
1889 1975
1890 1891
1890 1974
1890 1975
1891 1892
1891 1975
1891 1976
1892 1893
1892 1976
1893 1894
1893 1976
1893 1977
1894 1977
1894 1978
1895 1896
1895 1978
1895 1979
1896 1979
1896 1980
1897 1898
1897 1981
1897 1982
1897 1983
1898 1899
1898 1982
1898 1983
1898 1984
1899 1900
1899 1983
1899 1984
1900 1901
1900 1984
1900 1985
1901 1902
1901 1985
1901 1986
1902 1903
1902 1985
1902 1986
1902 1987
1903 1904
1903 1986
1903 1987
1904 1905
1904 1987
1904 1988
1905 1906
1905 1988
1905 1989
1906 1988
1906 1989
1906 1990
1907 1908
1907 1990
1907 1991
1907 1992
1908 1991
1908 1992
1908 1993
1909 1910
1909 1993
1909 1994
1909 1995
1910 1911
1910 1994
1910 1995
1911 1912
1911 1995
1911 1996
1912 1913
1912 1996
1912 1997
1913 1914
1913 1996
1913 1997
1913 1998
1914 1997
1914 1998
1914 1999
1915 1916
1915 1999
1915 2000
1915 2001
1916 1917
1916 2000
1916 2001
1916 2002
1917 1918
1917 2001
1917 2002
1917 2003
1918 1919
1918 2002
1918 2003
1919 1920
1919 2003
1920 1921
1921 2004
1922 1923
1922 2004
1922 2005
1922 2006
1923 1924
1923 2005
1923 2006
1924 1925
1924 2006
1924 2007
1925 1926
1925 2007
1925 2008
1926 1927
1926 2007
1926 2008
1926 2009
1927 1928
1927 2008
1927 2009
1927 2010
1928 1929
1928 2009
1928 2010
1928 2011
1929 1930
1929 2010
1929 2011
1929 2012
1930 1931
1930 2011
1930 2012
1930 2013
1931 1932
1931 2012
1931 2013
1931 2014
1932 1933
1932 2013
1932 2014
1933 1934
1933 2014
1934 1935
1934 2015
1935 1936
1935 2015
1935 2016
1936 2015
1936 2016
1936 2017
1937 1938
1937 2017
1937 2018
1937 2019
1938 1939
1938 2018
1938 2019
1938 2020
1939 1940
1939 2019
1939 2020
1940 2020
1941 1942
1941 2022
1941 2023
1941 2024
1942 1943
1942 2023
1942 2024
1942 2025
1943 1944
1943 2024
1943 2025
1944 1945
1944 2025
1944 2026
1945 1946
1945 2026
1945 2027
1946 1947
1946 2026
1946 2027
1947 1948
1947 2027
1947 2028
1948 2028
1949 1950
1949 2029
1950 2029
1951 1952
1951 2030
1951 2031
1952 2030
1952 2031
1952 2032
1953 1954
1953 2032
1953 2033
1954 1955
1954 2033
1954 2034
1955 1956
1955 2033
1955 2034
1955 2035
1956 1957
1956 2034
1956 2035
1956 2036
1957 1958
1957 2035
1957 2036
1957 2037
1958 1959
1958 2036
1958 2037
1958 2038
1959 1960
1959 2037
1959 2038
1959 2039
1960 1961
1960 2038
1960 2039
1960 2040
1961 1962
1961 2039
1961 2040
1962 1963
1962 2040
1963 1964
1963 2041
1964 1965
1964 2041
1964 2042
1965 2041
1965 2042
1966 1967
1966 2043
1966 2044
1967 1968
1967 2044
1968 1969
1968 2045
1969 1970
1969 2045
1969 2046
1970 1971
1970 2045
1970 2046
1970 2047
1971 1972
1971 2046
1971 2047
1971 2048
1972 1973
1972 2047
1972 2048
1972 2049
1973 1974
1973 2048
1973 2049
1973 2050
1974 1975
1974 2049
1974 2050
1974 2051
1975 2050
1975 2051
1975 2052
1976 2052
1976 2053
1976 2054
1977 1978
1977 2054
1977 2055
1977 2056
1978 2055
1978 2056
1979 1980
1979 2057
1979 2058
1980 1981
1980 2057
1980 2058
1980 2059
1981 1982
1981 2058
1981 2059
1981 2060
1982 1983
1982 2059
1982 2060
1983 1984
1983 2060
1985 1986
1985 2061
1986 1987
1986 2061
1986 2062
1987 2062
1987 2063
1988 1989
1988 2063
1988 2064
1988 2065
1989 1990
1989 2064
1989 2065
1989 2066
1990 1991
1990 2065
1990 2066
1990 2067
1991 1992
1991 2066
1991 2067
1992 1993
1992 2067
1992 2068
1993 1994
1993 2068
1994 1995
1994 2068
1995 2069
1996 1997
1996 2069
1996 2070
1996 2071
1997 1998
1997 2070
1997 2071
1997 2072
1998 1999
1998 2071
1998 2072
1998 2073
1999 2000
1999 2072
1999 2073
1999 2074
2000 2001
2000 2073
2000 2074
2000 2075
2001 2002
2001 2074
2001 2075
2002 2003
2002 2075
2002 2076
2003 2076
2003 2077
2004 2005
2004 2079
2004 2080
2004 2081
2005 2006
2005 2080
2005 2081
2006 2081
2006 2082
2007 2008
2007 2082
2008 2009
2008 2083
2009 2010
2009 2083
2010 2011
2010 2083
2011 2012
2011 2084
2012 2013
2012 2084
2013 2014
2013 2084
2014 2085
2015 2016
2015 2086
2015 2087
2016 2017
2016 2087
2017 2018
2017 2087
2017 2088
2018 2019
2018 2088
2018 2089
2019 2020
2019 2088
2019 2089
2020 2089
2021 2022
2021 2090
2021 2091
2022 2023
2022 2090
2022 2091
2022 2092
2023 2024
2023 2091
2023 2092
2023 2093
2024 2025
2024 2092
2024 2093
2024 2094
2025 2093
2025 2094
2025 2095
2026 2027
2026 2095
2026 2096
2026 2097
2027 2096
2027 2097
2027 2098
2028 2098
2028 2099
2028 2100
2029 2101
2029 2102
2029 2103
2030 2031
2030 2103
2031 2032
2031 2104
2032 2104
2032 2105
2033 2034
2033 2105
2033 2106
2034 2035
2034 2106
2035 2036
2035 2107
2036 2037
2036 2107
2036 2108
2037 2038
2037 2107
2037 2108
2037 2109
2038 2039
2038 2108
2038 2109
2038 2110
2039 2040
2039 2109
2039 2110
2039 2111
2040 2110
2040 2111
2041 2042
2041 2112
2041 2113
2041 2114
2042 2113
2042 2114
2042 2115
2043 2044
2043 2115
2043 2116
2043 2117
2044 2116
2044 2117
2044 2118
2045 2046
2045 2119
2045 2120
2045 2121
2046 2047
2046 2120
2046 2121
2046 2122
2047 2048
2047 2121
2047 2122
2047 2123
2048 2049
2048 2122
2048 2123
2048 2124
2049 2050
2049 2123
2049 2124
2049 2125
2050 2051
2050 2124
2050 2125
2051 2052
2051 2125
2051 2126
2052 2053
2052 2126
2053 2054
2053 2126
2054 2055
2054 2127
2055 2056
2055 2127
2055 2128
2056 2127
2056 2128
2057 2058
2057 2129
2058 2059
2058 2129
2058 2130
2059 2060
2059 2129
2059 2130
2059 2131
2060 2130
2060 2131
2060 2132
2061 2134
2062 2063
2062 2134
2062 2135
2062 2136
2063 2064
2063 2135
2063 2136
2063 2137
2064 2065
2064 2136
2064 2137
2064 2138
2065 2066
2065 2137
2065 2138
2065 2139
2066 2067
2066 2138
2066 2139
2066 2140
2067 2139
2067 2140
2067 2141
2068 2141
2068 2142
2069 2070
2069 2143
2069 2144
2069 2145
2070 2071
2070 2144
2070 2145
2070 2146
2071 2072
2071 2145
2071 2146
2071 2147
2072 2073
2072 2146
2072 2147
2073 2074
2073 2147
2073 2148
2074 2075
2074 2148
2074 2149
2075 2148
2075 2149
2075 2150
2076 2077
2076 2150
2076 2151
2076 2152
2077 2078
2077 2151
2077 2152
2077 2153
2078 2079
2078 2152
2078 2153
2079 2080
2079 2153
2079 2154
2080 2081
2080 2154
2080 2155
2081 2154
2081 2155
2081 2156
2082 2156
2082 2157
2082 2158
2083 2159
2083 2160
2084 2161
2084 2162
2084 2163
2085 2086
2085 2164
2086 2165
2087 2165
2087 2166
2088 2089
2088 2167
2089 2167
2089 2168
2090 2091
2090 2170
2090 2171
2091 2092
2091 2170
2091 2171
2092 2093
2092 2171
2093 2094
2093 2172
2094 2095
2094 2172
2094 2173
2095 2096
2095 2172
2095 2173
2096 2097
2096 2173
2096 2174
2097 2098
2097 2174
2097 2175
2098 2099
2098 2174
2098 2175
2098 2176
2099 2100
2099 2175
2099 2176
2099 2177
2100 2101
2100 2176
2100 2177
2100 2178
2101 2102
2101 2177
2101 2178
2102 2103
2102 2178
2102 2179
2103 2179
2103 2180
2104 2105
2104 2181
2104 2182
2105 2106
2105 2181
2105 2182
2105 2183
2106 2182
2106 2183
2106 2184
2107 2108
2107 2185
2107 2186
2107 2187
2108 2109
2108 2186
2108 2187
2108 2188
2109 2110
2109 2187
2109 2188
2109 2189
2110 2111
2110 2188
2110 2189
2110 2190
2111 2189
2111 2190
2111 2191
2112 2113
2112 2191
2112 2192
2112 2193
2113 2114
2113 2192
2113 2193
2113 2194
2114 2115
2114 2193
2114 2194
2114 2195
2115 2116
2115 2194
2115 2195
2115 2196
2116 2117
2116 2195
2116 2196
2116 2197
2117 2118
2117 2196
2117 2197
2117 2198
2118 2119
2118 2197
2118 2198
2118 2199
2119 2120
2119 2198
2119 2199
2119 2200
2120 2121
2120 2199
2120 2200
2120 2201
2121 2122
2121 2200
2121 2201
2121 2202
2122 2123
2122 2201
2122 2202
2123 2124
2123 2202
2124 2125
2124 2203
2125 2203
2125 2204
2126 2204
2126 2205
2126 2206
2127 2128
2127 2207
2127 2208
2127 2209
2128 2208
2128 2209
2129 2130
2129 2210
2129 2211
2129 2212
2130 2131
2130 2211
2130 2212
2130 2213
2131 2132
2131 2212
2131 2213
2131 2214
2132 2133
2132 2213
2132 2214
2133 2214
2134 2135
2134 2215
2134 2216
2134 2217
2135 2136
2135 2216
2135 2217
2135 2218
2136 2137
2136 2217
2136 2218
2136 2219
2137 2138
2137 2218
2137 2219
2137 2220
2138 2139
2138 2219
2138 2220
2139 2140
2139 2220
2139 2221
2140 2141
2140 2221
2141 2221
2141 2222
2142 2143
2142 2222
2142 2223
2142 2224
2143 2144
2143 2223
2143 2224
2143 2225
2144 2145
2144 2224
2144 2225
2145 2146
2145 2225
2145 2226
2146 2147
2146 2226
2146 2227
2147 2226
2147 2227
2147 2228
2148 2149
2148 2228
2148 2229
2148 2230
2149 2150
2149 2229
2149 2230
2150 2151
2150 2230
2151 2152
2151 2231
2152 2153
2152 2231
2152 2232
2153 2231
2153 2232
2153 2233
2154 2155
2154 2233
2154 2234
2154 2235
2155 2156
2155 2234
2155 2235
2156 2157
2156 2235
2156 2236
2157 2158
2157 2236
2157 2237
2158 2236
2158 2237
2158 2238
2159 2160
2159 2238
2159 2239
2159 2240
2160 2161
2160 2239
2160 2240
2160 2241
2161 2162
2161 2240
2161 2241
2161 2242
2162 2163
2162 2241
2162 2242
2162 2243
2163 2164
2163 2242
2163 2243
2164 2243
2164 2244
2165 2166
2165 2245
2165 2246
2165 2247
2166 2246
2166 2247
2166 2248
2167 2168
2167 2249
2167 2250
2168 2169
2168 2249
2168 2250
2168 2251
2169 2250
2169 2251
2170 2171
2170 2252
2170 2253
2171 2252
2171 2253
2171 2254
2172 2173
2172 2255
2172 2256
2173 2256
2173 2257
2174 2175
2174 2257
2174 2258
2174 2259
2175 2176
2175 2258
2175 2259
2175 2260
2176 2177
2176 2259
2176 2260
2176 2261
2177 2178
2177 2260
2177 2261
2177 2262
2178 2261
2178 2262
2178 2263
2179 2180
2179 2263
2179 2264
2180 2264
2180 2265
2181 2182
2181 2265
2181 2266
2181 2267
2182 2183
2182 2266
2182 2267
2183 2184
2183 2267
2183 2268
2184 2185
2184 2268
2185 2186
2185 2268
2185 2269
2186 2187
2186 2269
2186 2270
2187 2188
2187 2269
2187 2270
2187 2271
2188 2189
2188 2270
2188 2271
2188 2272
2189 2190
2189 2271
2189 2272
2190 2191
2190 2272
2190 2273
2191 2192
2191 2273
2192 2193
2192 2273
2192 2274
2193 2194
2193 2274
2193 2275
2194 2195
2194 2274
2194 2275
2194 2276
2195 2196
2195 2275
2195 2276
2195 2277
2196 2197
2196 2276
2196 2277
2196 2278
2197 2198
2197 2277
2197 2278
2197 2279
2198 2199
2198 2278
2198 2279
2198 2280
2199 2200
2199 2279
2199 2280
2199 2281
2200 2201
2200 2280
2200 2281
2200 2282
2201 2202
2201 2281
2201 2282
2201 2283
2202 2282
2202 2283
2202 2284
2203 2204
2203 2285
2203 2286
2204 2205
2204 2286
2204 2287
2205 2206
2205 2287
2206 2207
2206 2287
2206 2288
2207 2208
2207 2288
2207 2289
2208 2209
2208 2288
2208 2289
2208 2290
2209 2289
2209 2290
2209 2291
2210 2211
2210 2291
2210 2292
2211 2212
2211 2292
2211 2293
2212 2213
2212 2293
2213 2214
2213 2293
2214 2294
2215 2216
2215 2295
2215 2296
2215 2297
2216 2217
2216 2296
2216 2297
2217 2218
2217 2297
2218 2219
2218 2298
2219 2220
2219 2298
2219 2299
2220 2298
2220 2299
2220 2300
2221 2300
2221 2301
2221 2302
2222 2223
2222 2302
2222 2303
2223 2224
2223 2303
2224 2225
2224 2303
2224 2304
2225 2304
2225 2305
2226 2227
2226 2305
2226 2306
2227 2228
2227 2306
2227 2307
2228 2229
2228 2306
2228 2307
2228 2308
2229 2230
2229 2307
2229 2308
2229 2309
2230 2308
2230 2309
2230 2310
2231 2232
2231 2311
2231 2312
2231 2313
2232 2233
2232 2312
2232 2313
2232 2314
2233 2234
2233 2313
2233 2314
2233 2315
2234 2235
2234 2314
2234 2315
2234 2316
2235 2315
2235 2316
2235 2317
2236 2237
2236 2317
2236 2318
2236 2319
2237 2238
2237 2318
2237 2319
2238 2239
2238 2319
2239 2240
2239 2320
2240 2241
2240 2320
2240 2321
2241 2242
2241 2320
2241 2321
2241 2322
2242 2243
2242 2321
2242 2322
2242 2323
2243 2322
2243 2323
2243 2324
2244 2245
2244 2324
2244 2325
2244 2326
2245 2246
2245 2325
2245 2326
2245 2327
2246 2247
2246 2326
2246 2327
2246 2328
2247 2248
2247 2327
2247 2328
2247 2329
2248 2328
2248 2329
2248 2330
2249 2250
2249 2330
2249 2331
2249 2332
2250 2251
2250 2331
2250 2332
2250 2333
2251 2332
2251 2333
2252 2253
2252 2334
2252 2335
2253 2254
2253 2334
2253 2335
2254 2255
2254 2335
2254 2336
2255 2336
2255 2337
2256 2257
2256 2337
2256 2338
2257 2258
2257 2338
2257 2339
2258 2259
2258 2338
2258 2339
2258 2340
2259 2260
2259 2339
2259 2340
2259 2341
2260 2261
2260 2340
2260 2341
2260 2342
2261 2262
2261 2341
2261 2342
2261 2343
2262 2263
2262 2342
2262 2343
2262 2344
2263 2264
2263 2343
2263 2344
2263 2345
2264 2344
2264 2345
2264 2346
2265 2266
2265 2346
2265 2347
2265 2348
2266 2267
2266 2347
2266 2348
2266 2349
2267 2348
2267 2349
2267 2350
2268 2350
2268 2351
2269 2270
2269 2352
2270 2271
2270 2352
2270 2353
2271 2272
2271 2352
2271 2353
2271 2354
2272 2353
2272 2354
2272 2355
2273 2355
2273 2356
2273 2357
2274 2275
2274 2357
2274 2358
2275 2276
2275 2358
2275 2359
2276 2277
2276 2359
2276 2360
2277 2278
2277 2359
2277 2360
2278 2279
2278 2360
2278 2361
2279 2280
2279 2361
2279 2362
2280 2281
2280 2361
2280 2362
2280 2363
2281 2282
2281 2362
2281 2363
2281 2364
2282 2283
2282 2363
2282 2364
2282 2365
2283 2284
2283 2364
2283 2365
2283 2366
2284 2285
2284 2365
2284 2366
2285 2286
2285 2366
2285 2367
2286 2367
2286 2368
2287 2368
2287 2369
2287 2370
2288 2289
2288 2370
2288 2371
2288 2372
2289 2290
2289 2371
2289 2372
2290 2291
2290 2372
2290 2373
2291 2292
2291 2373
2291 2374
2292 2373
2292 2374
2292 2375
2293 2375
2293 2376
2293 2377
2294 2295
2294 2378
2295 2296
2295 2378
2296 2297
2296 2378
2296 2379
2297 2379
2297 2380
2298 2299
2298 2381
2298 2382
2299 2300
2299 2381
2299 2382
2299 2383
2300 2301
2300 2382
2300 2383
2300 2384
2301 2302
2301 2383
2301 2384
2301 2385
2302 2384
2302 2385
2302 2386
2303 2386
2303 2387
2303 2388
2304 2305
2304 2388
2304 2389
2304 2390
2305 2389
2305 2390
2305 2391
2306 2307
2306 2391
2306 2392
2307 2308
2307 2392
2307 2393
2308 2309
2308 2393
2308 2394
2309 2310
2309 2393
2309 2394
2309 2395
2310 2311
2310 2394
2310 2395
2310 2396
2311 2312
2311 2395
2311 2396
2311 2397
2312 2313
2312 2396
2312 2397
2312 2398
2313 2314
2313 2397
2313 2398
2313 2399
2314 2315
2314 2398
2314 2399
2314 2400
2315 2316
2315 2399
2315 2400
2315 2401
2316 2317
2316 2400
2316 2401
2316 2402
2317 2318
2317 2401
2317 2402
2318 2319
2318 2402
2318 2403
2319 2403
2320 2321
2320 2404
2320 2405
2320 2406
2321 2322
2321 2405
2321 2406
2321 2407
2322 2323
2322 2406
2322 2407
2322 2408
2323 2324
2323 2407
2323 2408
2323 2409
2324 2325
2324 2408
2324 2409
2324 2410
2325 2326
2325 2409
2325 2410
2325 2411
2326 2327
2326 2410
2326 2411
2327 2328
2327 2411
2327 2412
2328 2329
2328 2412
2328 2413
2329 2330
2329 2412
2329 2413
2329 2414
2330 2331
2330 2413
2330 2414
2331 2332
2331 2414
2331 2415
2332 2333
2332 2415
2332 2416
2333 2415
2333 2416
2334 2335
2334 2417
2335 2417
2336 2337
2336 2418
2336 2419
2337 2418
2337 2419
2337 2420
2338 2339
2338 2420
2338 2421
2339 2340
2339 2421
2339 2422
2340 2341
2340 2421
2340 2422
2340 2423
2341 2342
2341 2422
2341 2423
2342 2343
2342 2423
2342 2424
2343 2344
2343 2424
2344 2345
2344 2424
2344 2425
2345 2346
2345 2425
2345 2426
2346 2347
2346 2425
2346 2426
2347 2348
2347 2426
2347 2427
2348 2349
2348 2427
2348 2428
2349 2350
2349 2427
2349 2428
2349 2429
2350 2351
2350 2428
2350 2429
2351 2429
2351 2430
2352 2353
2352 2431
2352 2432
2352 2433
2353 2354
2353 2432
2353 2433
2354 2355
2354 2433
2354 2434
2355 2356
2355 2434
2355 2435
2356 2357
2356 2434
2356 2435
2356 2436
2357 2358
2357 2435
2357 2436
2358 2436
2358 2437
2359 2360
2359 2437
2359 2438
2359 2439
2360 2438
2360 2439
2360 2440
2361 2362
2361 2440
2361 2441
2361 2442
2362 2363
2362 2441
2362 2442
2362 2443
2363 2364
2363 2442
2363 2443
2363 2444
2364 2365
2364 2443
2364 2444
2365 2366
2365 2444
2365 2445
2366 2445
2366 2446
2367 2368
2367 2446
2367 2447
2367 2448
2368 2369
2368 2447
2368 2448
2368 2449
2369 2370
2369 2448
2369 2449
2369 2450
2370 2371
2370 2449
2370 2450
2371 2372
2371 2450
2371 2451
2372 2451
2372 2452
2373 2374
2373 2452
2373 2453
2373 2454
2374 2375
2374 2453
2374 2454
2374 2455
2375 2376
2375 2454
2375 2455
2375 2456
2376 2377
2376 2455
2376 2456
2377 2456
2378 2457
2378 2458
2379 2380
2379 2458
2379 2459
2379 2460
2380 2459
2380 2460
2380 2461
2381 2382
2381 2461
2381 2462
2382 2383
2382 2462
2383 2384
2384 2385
2384 2463
2385 2386
2385 2463
2386 2387
2386 2463
2386 2464
2387 2388
2387 2464
2387 2465
2388 2389
2388 2464
2388 2465
2388 2466
2389 2390
2389 2465
2389 2466
2389 2467
2390 2391
2390 2466
2390 2467
2390 2468
2391 2392
2391 2467
2391 2468
2391 2469
2392 2468
2392 2469
2393 2394
2393 2470
2393 2471
2394 2395
2394 2470
2394 2471
2394 2472
2395 2396
2395 2471
2395 2472
2395 2473
2396 2397
2396 2472
2396 2473
2396 2474
2397 2398
2397 2473
2397 2474
2397 2475
2398 2399
2398 2474
2398 2475
2398 2476
2399 2400
2399 2475
2399 2476
2399 2477
2400 2401
2400 2476
2400 2477
2400 2478
2401 2402
2401 2477
2401 2478
2402 2478
2402 2479
2403 2479
2403 2480
2403 2481
2404 2405
2404 2481
2404 2482
2405 2406
2405 2482
2406 2407
2407 2408
2407 2483
2408 2409
2408 2483
2408 2484
2409 2410
2409 2483
2409 2484
2410 2411
2410 2484
2411 2485
2412 2413
2412 2485
2412 2486
2412 2487
2413 2414
2413 2486
2413 2487
2413 2488
2414 2487
2414 2488
2414 2489
2415 2416
2415 2489
2415 2490
2416 2490
2417 2491
2418 2419
2418 2491
2418 2492
2418 2493
2419 2420
2419 2492
2419 2493
2419 2494
2420 2493
2420 2494
2420 2495
2421 2422
2421 2495
2421 2496
2422 2423
2422 2496
2422 2497
2423 2496
2423 2497
2423 2498
2424 2498
2424 2499
2424 2500
2425 2426
2425 2500
2425 2501
2425 2502
2426 2501
2426 2502
2426 2503
2427 2428
2427 2503
2427 2504
2427 2505
2428 2429
2428 2504
2428 2505
2428 2506
2429 2505
2429 2506
2429 2507
2430 2431
2430 2507
2430 2508
2430 2509
2431 2432
2431 2508
2431 2509
2431 2510
2432 2433
2432 2509
2432 2510
2432 2511
2433 2510
2433 2511
2433 2512
2434 2435
2434 2512
2435 2436
2435 2513
2436 2513
2436 2514
2437 2438
2437 2514
2437 2515
2437 2516
2438 2439
2438 2515
2438 2516
2438 2517
2439 2440
2439 2516
2439 2517
2440 2441
2440 2517
2440 2518
2441 2442
2441 2518
2442 2443
2442 2518
2442 2519
2443 2444
2443 2519
2443 2520
2444 2519
2444 2520
2444 2521
2445 2446
2445 2521
2446 2447
2446 2522
2447 2448
2447 2522
2447 2523
2448 2449
2448 2522
2448 2523
2449 2450
2449 2523
2449 2524
2450 2524
2451 2452
2451 2525
2452 2453
2452 2525
2452 2526
2453 2454
2453 2525
2453 2526
2453 2527
2454 2455
2454 2526
2454 2527
2454 2528
2455 2456
2455 2527
2455 2528
2455 2529
2456 2528
2456 2529
2456 2530
2457 2458
2457 2531
2458 2459
2458 2531
2459 2460
2459 2531
2459 2532
2460 2461
2460 2532
2460 2533
2461 2462
2461 2532
2461 2533
2461 2534
2462 2533
2462 2534
2462 2535
2463 2536
2463 2537
2464 2465
2464 2537
2465 2466
2466 2467
2467 2468
2467 2538
2468 2469
2468 2538
2469 2538
2469 2539
2470 2471
2470 2539
2470 2540
2470 2541
2471 2472
2471 2540
2471 2541
2471 2542
2472 2473
2472 2541
2472 2542
2472 2543
2473 2474
2473 2542
2473 2543
2473 2544
2474 2475
2474 2543
2474 2544
2475 2476
2475 2544
2475 2545
2476 2477
2476 2545
2476 2546
2477 2478
2477 2545
2477 2546
2477 2547
2478 2546
2478 2547
2478 2548
2479 2480
2479 2548
2479 2549
2479 2550
2480 2481
2480 2549
2480 2550
2480 2551
2481 2482
2481 2550
2481 2551
2481 2552
2482 2551
2482 2552
2483 2484
2483 2554
2483 2555
2483 2556
2484 2555
2484 2556
2484 2557
2485 2486
2485 2558
2485 2559
2486 2487
2486 2559
2486 2560
2487 2488
2487 2559
2487 2560
2487 2561
2488 2489
2488 2560
2488 2561
2488 2562
2489 2561
2489 2562
2489 2563
2490 2563
2490 2564
2491 2492
2491 2566
2491 2567
2491 2568
2492 2493
2492 2567
2492 2568
2492 2569
2493 2494
2493 2568
2493 2569
2494 2495
2494 2569
2494 2570
2495 2570
2495 2571
2496 2497
2496 2571
2496 2572
2497 2498
2497 2572
2497 2573
2498 2499
2498 2573
2499 2500
2499 2573
2499 2574
2500 2501
2500 2574
2500 2575
2501 2502
2501 2574
2501 2575
2501 2576
2502 2503
2502 2575
2502 2576
2502 2577
2503 2504
2503 2576
2503 2577
2503 2578
2504 2505
2504 2577
2504 2578
2504 2579
2505 2506
2505 2578
2505 2579
2505 2580
2506 2507
2506 2579
2506 2580
2506 2581
2507 2508
2507 2580
2507 2581
2507 2582
2508 2509
2508 2581
2508 2582
2508 2583
2509 2510
2509 2582
2509 2583
2509 2584
2510 2511
2510 2583
2510 2584
2510 2585
2511 2512
2511 2584
2511 2585
2511 2586
2512 2585
2512 2586
2512 2587
2513 2514
2513 2588
2513 2589
2514 2515
2514 2588
2514 2589
2514 2590
2515 2516
2515 2589
2515 2590
2515 2591
2516 2517
2516 2590
2516 2591
2516 2592
2517 2591
2517 2592
2517 2593
2518 2593
2518 2594
2518 2595
2519 2520
2519 2595
2519 2596
2519 2597
2520 2521
2520 2596
2520 2597
2520 2598
2521 2597
2521 2598
2522 2523
2522 2599
2522 2600
2522 2601
2523 2600
2523 2601
2524 2602
2525 2526
2525 2603
2526 2527
2526 2604
2527 2528
2527 2604
2527 2605
2528 2529
2528 2604
2528 2605
2528 2606
2529 2530
2529 2605
2529 2606
2529 2607
2530 2606
2530 2607
2531 2609
2531 2610
2531 2611
2532 2533
2532 2611
2532 2612
2532 2613
2533 2534
2533 2612
2533 2613
2533 2614
2534 2535
2534 2613
2534 2614
2534 2615
2535 2614
2535 2615
2535 2616
2536 2616
2536 2617
2536 2618
2537 2618
2537 2619
2537 2620
2538 2622
2538 2623
2539 2540
2539 2623
2539 2624
2540 2541
2540 2624
2540 2625
2541 2542
2541 2624
2541 2625
2541 2626
2542 2543
2542 2625
2542 2626
2542 2627
2543 2544
2543 2626
2543 2627
2543 2628
2544 2627
2544 2628
2544 2629
2545 2546
2545 2629
2545 2630
2545 2631
2546 2547
2546 2630
2546 2631
2546 2632
2547 2548
2547 2631
2547 2632
2547 2633
2548 2549
2548 2632
2548 2633
2548 2634
2549 2550
2549 2633
2549 2634
2550 2551
2550 2634
2550 2635
2551 2552
2551 2635
2551 2636
2552 2635
2552 2636
2552 2637
2553 2554
2553 2637
2553 2638
2553 2639
2554 2555
2554 2638
2554 2639
2554 2640
2555 2556
2555 2639
2555 2640
2556 2557
2556 2640
2556 2641
2557 2558
2557 2641
2558 2641
2558 2642
2559 2560
2559 2642
2559 2643
2559 2644
2560 2561
2560 2643
2560 2644
2560 2645
2561 2562
2561 2644
2561 2645
2561 2646
2562 2563
2562 2645
2562 2646
2562 2647
2563 2564
2563 2646
2563 2647
2563 2648
2564 2647
2564 2648
2565 2566
2565 2649
2566 2567
2566 2649
2566 2650
2567 2568
2567 2649
2567 2650
2567 2651
2568 2569
2568 2650
2568 2651
2569 2651
2569 2652
2570 2571
2570 2652
2570 2653
2571 2572
2571 2653
2571 2654
2572 2653
2572 2654
2572 2655
2573 2655
2573 2656
2573 2657
2574 2575
2574 2657
2574 2658
2574 2659
2575 2576
2575 2658
2575 2659
2575 2660
2576 2577
2576 2659
2576 2660
2577 2578
2577 2660
2577 2661
2578 2579
2578 2661
2578 2662
2579 2580
2579 2661
2579 2662
2579 2663
2580 2581
2580 2662
2580 2663
2581 2582
2581 2663
2581 2664
2582 2583
2582 2664
2583 2584
2583 2664
2583 2665
2584 2585
2584 2665
2584 2666
2585 2586
2585 2665
2585 2666
2586 2587
2586 2666
2586 2667
2587 2667
2587 2668
2588 2589
2588 2668
2588 2669
2589 2590
2589 2669
2589 2670
2590 2591
2590 2669
2590 2670
2590 2671
2591 2592
2591 2670
2591 2671
2591 2672
2592 2593
2592 2671
2592 2672
2593 2594
2593 2672
2593 2673
2594 2595
2594 2673
2595 2596
2595 2673
2595 2674
2596 2597
2596 2674
2596 2675
2597 2598
2597 2674
2597 2675
2597 2676
2598 2675
2598 2676
2598 2677
2599 2600
2599 2677
2599 2678
2599 2679
2600 2601
2600 2678
2600 2679
2600 2680
2601 2679
2601 2680
2602 2603
2602 2681
2603 2682
2604 2605
2604 2683
2604 2684
2605 2606
2605 2684
2605 2685
2606 2607
2606 2685
2606 2686
2607 2685
2607 2686
2607 2687
2608 2609
2608 2687
2608 2688
2609 2610
2609 2688
2609 2689
2610 2611
2610 2688
2610 2689
2610 2690
2611 2612
2611 2689
2611 2690
2611 2691
2612 2613
2612 2690
2612 2691
2613 2614
2613 2691
2613 2692
2614 2615
2614 2692
2614 2693
2615 2616
2615 2692
2615 2693
2615 2694
2616 2617
2616 2693
2616 2694
2616 2695
2617 2618
2617 2694
2617 2695
2617 2696
2618 2619
2618 2695
2618 2696
2619 2620
2619 2696
2620 2697
2621 2622
2621 2697
2621 2698
2622 2698
2622 2699
2623 2699
2623 2700
2623 2701
2624 2625
2624 2701
2624 2702
2625 2626
2625 2702
2625 2703
2626 2627
2626 2703
2627 2628
2627 2703
2627 2704
2628 2629
2628 2704
2628 2705
2629 2630
2629 2704
2629 2705
2629 2706
2630 2631
2630 2705
2630 2706
2630 2707
2631 2632
2631 2706
2631 2707
2631 2708
2632 2633
2632 2707
2632 2708
2632 2709
2633 2634
2633 2708
2633 2709
2633 2710
2634 2709
2634 2710
2634 2711
2635 2636
2635 2711
2635 2712
2636 2637
2636 2712
2636 2713
2637 2638
2637 2712
2637 2713
2637 2714
2638 2639
2638 2713
2638 2714
2639 2640
2639 2714
2639 2715
2640 2715
2640 2716
2641 2716
2641 2717
2641 2718
2642 2643
2642 2718
2642 2719
2643 2644
2643 2719
2643 2720
2644 2645
2644 2719
2644 2720
2644 2721
2645 2646
2645 2720
2645 2721
2645 2722
2646 2647
2646 2721
2646 2722
2646 2723
2647 2648
2647 2722
2647 2723
2647 2724
2648 2723
2648 2724
2649 2650
2649 2725
2649 2726
2650 2651
2650 2726
2650 2727
2651 2727
2653 2654
2653 2728
2653 2729
2654 2655
2654 2728
2654 2729
2654 2730
2655 2656
2655 2729
2655 2730
2655 2731
2656 2657
2656 2730
2656 2731
2656 2732
2657 2658
2657 2731
2657 2732
2657 2733
2658 2659
2658 2732
2658 2733
2658 2734
2659 2660
2659 2733
2659 2734
2659 2735
2660 2734
2660 2735
2660 2736
2661 2662
2661 2736
2661 2737
2662 2663
2662 2737
2662 2738
2663 2737
2663 2738
2663 2739
2664 2739
2664 2740
2664 2741
2665 2666
2665 2741
2665 2742
2665 2743
2666 2742
2666 2743
2667 2668
2667 2744
2667 2745
2668 2744
2668 2745
2669 2670
2669 2746
2669 2747
2670 2671
2670 2746
2670 2747
2670 2748
2671 2672
2671 2747
2671 2748
2671 2749
2672 2748
2672 2749
2672 2750
2673 2750
2673 2751
2673 2752
2674 2675
2674 2752
2674 2753
2675 2676
2675 2753
2675 2754
2676 2677
2676 2754
2677 2678
2677 2754
2677 2755
2678 2679
2678 2755
2678 2756
2679 2680
2679 2755
2679 2756
2679 2757
2680 2756
2680 2757
2681 2758
2681 2759
2682 2683
2682 2760
2682 2761
2683 2684
2683 2761
2683 2762
2684 2762
2684 2763
2685 2686
2685 2763
2685 2764
2685 2765
2686 2687
2686 2764
2686 2765
2687 2765
2687 2766
2688 2689
2688 2766
2688 2767
2689 2690
2689 2767
2689 2768
2690 2691
2690 2768
2690 2769
2691 2768
2691 2769
2691 2770
2692 2693
2692 2770
2692 2771
2692 2772
2693 2694
2693 2771
2693 2772
2693 2773
2694 2695
2694 2772
2694 2773
2695 2696
2695 2773
2695 2774
2696 2774
2696 2775
2697 2698
2697 2776
2697 2777
2697 2778
2698 2777
2698 2778
2698 2779
2699 2700
2699 2779
2699 2780
2699 2781
2700 2701
2700 2780
2700 2781
2701 2702
2701 2781
2701 2782
2702 2782
2702 2783
2703 2783
2703 2784
2703 2785
2704 2705
2704 2785
2704 2786
2704 2787
2705 2706
2705 2786
2705 2787
2705 2788
2706 2707
2706 2787
2706 2788
2707 2708
2707 2788
2708 2709
2708 2789
2709 2710
2709 2789
2709 2790
2710 2711
2710 2789
2710 2790
2711 2790
2711 2791
2712 2713
2712 2791
2712 2792
2712 2793
2713 2714
2713 2792
2713 2793
2713 2794
2714 2793
2714 2794
2714 2795
2715 2716
2715 2795
2715 2796
2715 2797
2716 2717
2716 2796
2716 2797
2716 2798
2717 2718
2717 2797
2717 2798
2717 2799
2718 2798
2718 2799
2718 2800
2719 2720
2719 2800
2719 2801
2719 2802
2720 2721
2720 2801
2720 2802
2721 2722
2721 2802
2721 2803
2722 2723
2722 2803
2722 2804
2723 2724
2723 2803
2723 2804
2723 2805
2724 2804
2724 2805
2725 2726
2725 2806
2725 2807
2726 2806
2726 2807
2726 2808
2727 2808
2727 2809
2728 2729
2728 2810
2728 2811
2728 2812
2729 2730
2729 2811
2729 2812
2729 2813
2730 2731
2730 2812
2730 2813
2730 2814
2731 2732
2731 2813
2731 2814
2731 2815
2732 2733
2732 2814
2732 2815
2732 2816
2733 2734
2733 2815
2733 2816
2733 2817
2734 2735
2734 2816
2734 2817
2734 2818
2735 2736
2735 2817
2735 2818
2736 2818
2736 2819
2737 2738
2737 2819
2737 2820
2737 2821
2738 2739
2738 2820
2738 2821
2739 2740
2739 2821
2739 2822
2740 2741
2740 2822
2741 2742
2741 2822
2741 2823
2742 2743
2742 2823
2742 2824
2743 2823
2743 2824
2743 2825
2744 2745
2744 2825
2744 2826
2744 2827
2745 2826
2745 2827
2745 2828
2746 2747
2746 2828
2746 2829
2746 2830
2747 2748
2747 2829
2747 2830
2748 2749
2748 2830
2749 2750
2749 2831
2750 2751
2750 2831
2750 2832
2751 2752
2751 2831
2751 2832
2751 2833
2752 2753
2752 2832
2752 2833
2752 2834
2753 2833
2753 2834
2754 2835
2754 2836
2755 2756
2755 2836
2756 2757
2757 2837
2758 2759
2758 2837
2758 2838
2759 2760
2759 2838
2760 2761
2760 2839
2761 2839
2761 2840
2762 2763
2762 2840
2762 2841
2762 2842
2763 2764
2763 2841
2763 2842
2763 2843
2764 2765
2764 2842
2764 2843
2764 2844
2765 2843
2765 2844
2765 2845
2766 2767
2766 2845
2766 2846
2767 2846
2767 2847
2768 2769
2768 2847
2768 2848
2768 2849
2769 2770
2769 2848
2769 2849
2769 2850
2770 2771
2770 2849
2770 2850
2770 2851
2771 2772
2771 2850
2771 2851
2771 2852
2772 2773
2772 2851
2772 2852
2772 2853
2773 2852
2773 2853
2773 2854
2774 2775
2774 2854
2774 2855
2775 2776
2775 2855
2775 2856
2776 2777
2776 2856
2776 2857
2777 2778
2777 2856
2777 2857
2777 2858
2778 2779
2778 2857
2778 2858
2779 2780
2779 2858
2779 2859
2780 2781
2780 2859
2780 2860
2781 2859
2781 2860
2781 2861
2782 2783
2782 2861
2782 2862
2783 2784
2783 2862
2783 2863
2784 2785
2784 2862
2784 2863
2784 2864
2785 2786
2785 2863
2785 2864
2785 2865
2786 2787
2786 2864
2786 2865
2786 2866
2787 2788
2787 2865
2787 2866
2787 2867
2788 2866
2788 2867
2788 2868
2789 2790
2789 2869
2789 2870
2790 2870
2790 2871
2791 2792
2791 2871
2791 2872
2791 2873
2792 2793
2792 2872
2792 2873
2792 2874
2793 2794
2793 2873
2793 2874
2794 2795
2794 2874
2794 2875
2795 2796
2795 2875
2795 2876
2796 2797
2796 2875
2796 2876
2796 2877
2797 2798
2797 2876
2797 2877
2797 2878
2798 2799
2798 2877
2798 2878
2798 2879
2799 2800
2799 2878
2799 2879
2800 2801
2800 2879
2800 2880
2801 2802
2801 2880
2801 2881
2802 2880
2802 2881
2802 2882
2803 2804
2803 2882
2803 2883
2803 2884
2804 2805
2804 2883
2804 2884
2804 2885
2805 2884
2805 2885
2806 2807
2806 2886
2806 2887
2807 2808
2807 2886
2807 2887
2807 2888
2808 2809
2808 2887
2808 2888
2808 2889
2809 2888
2809 2889
2809 2890
2810 2811
2810 2891
2810 2892
2810 2893
2811 2812
2811 2892
2811 2893
2811 2894
2812 2813
2812 2893
2812 2894
2812 2895
2813 2814
2813 2894
2813 2895
2813 2896
2814 2815
2814 2895
2814 2896
2814 2897
2815 2816
2815 2896
2815 2897
2816 2817
2816 2897
2817 2818
2817 2898
2818 2898
2818 2899
2819 2820
2819 2899
2819 2900
2820 2821
2820 2900
2820 2901
2821 2901
2822 2902
2822 2903
2823 2824
2823 2903
2823 2904
2823 2905
2824 2825
2824 2904
2824 2905
2825 2826
2825 2905
2825 2906
2826 2827
2826 2906
2827 2828
2827 2906
2827 2907
2828 2829
2828 2907
2828 2908
2829 2830
2829 2907
2829 2908
2829 2909
2830 2908
2830 2909
2831 2832
2831 2910
2831 2911
2831 2912
2832 2833
2832 2911
2832 2912
2832 2913
2833 2834
2833 2912
2833 2913
2833 2914
2834 2913
2834 2914
2834 2915
2835 2836
2835 2915
2835 2916
2835 2917
2836 2916
2836 2917
2836 2918
2837 2838
2837 2920
2837 2921
2838 2921
2838 2922
2839 2840
2839 2923
2839 2924
2840 2841
2840 2923
2840 2924
2841 2842
2841 2924
2841 2925
2842 2843
2842 2925
2843 2844
2843 2925
2844 2845
2844 2926
2845 2926
2845 2927
2846 2847
2846 2927
2846 2928
2846 2929
2847 2848
2847 2928
2847 2929
2847 2930
2848 2849
2848 2929
2848 2930
2848 2931
2849 2850
2849 2930
2849 2931
2849 2932
2850 2851
2850 2931
2850 2932
2850 2933
2851 2852
2851 2932
2851 2933
2851 2934
2852 2853
2852 2933
2852 2934
2852 2935
2853 2854
2853 2934
2853 2935
2853 2936
2854 2855
2854 2935
2854 2936
2854 2937
2855 2936
2855 2937
2855 2938
2856 2857
2856 2938
2856 2939
2856 2940
2857 2858
2857 2939
2857 2940
2857 2941
2858 2940
2858 2941
2859 2860
2859 2942
2860 2861
2860 2942
2860 2943
2861 2943
2861 2944
2862 2863
2862 2944
2862 2945
2862 2946
2863 2864
2863 2945
2863 2946
2863 2947
2864 2865
2864 2946
2864 2947
2864 2948
2865 2866
2865 2947
2865 2948
2865 2949
2866 2867
2866 2948
2866 2949
2866 2950
2867 2868
2867 2949
2867 2950
2868 2869
2868 2950
2868 2951
2869 2951
2869 2952
2870 2871
2870 2952
2870 2953
2870 2954
2871 2872
2871 2953
2871 2954
2871 2955
2872 2873
2872 2954
2872 2955
2873 2874
2873 2955
2873 2956
2874 2956
2874 2957
2875 2876
2875 2957
2875 2958
2875 2959
2876 2877
2876 2958
2876 2959
2876 2960
2877 2878
2877 2959
2877 2960
2878 2879
2878 2960
2878 2961
2879 2961
2879 2962
2880 2881
2880 2962
2880 2963
2881 2882
2881 2963
2881 2964
2882 2883
2882 2963
2882 2964
2882 2965
2883 2884
2883 2964
2883 2965
2884 2885
2884 2965
2886 2887
2886 2966
2886 2967
2887 2888
2887 2966
2887 2967
2887 2968
2888 2889
2888 2967
2888 2968
2888 2969
2889 2890
2889 2968
2889 2969
2889 2970
2890 2891
2890 2969
2890 2970
2890 2971
2891 2892
2891 2970
2891 2971
2891 2972
2892 2893
2892 2971
2892 2972
2892 2973
2893 2894
2893 2972
2893 2973
2894 2895
2894 2973
2894 2974
2895 2896
2895 2974
2895 2975
2896 2897
2896 2974
2896 2975
2896 2976
2897 2975
2897 2976
2897 2977
2898 2899
2898 2978
2898 2979
2899 2900
2899 2979
2900 2979
2900 2980
2901 2980
2901 2981
2902 2903
2902 2982
2903 2904
2903 2982
2903 2983
2904 2905
2904 2983
2904 2984
2905 2983
2905 2984
2905 2985
2906 2985
2906 2986
2906 2987
2907 2908
2907 2987
2907 2988
2907 2989
2908 2909
2908 2988
2908 2989
2908 2990
2909 2989
2909 2990
2909 2991
2910 2911
2910 2991
2910 2992
2910 2993
2911 2912
2911 2992
2911 2993
2911 2994
2912 2913
2912 2993
2912 2994
2912 2995
2913 2914
2913 2994
2913 2995
2913 2996
2914 2915
2914 2995
2914 2996
2914 2997
2915 2916
2915 2996
2915 2997
2915 2998
2916 2917
2916 2997
2916 2998
2917 2918
2917 2998
2917 2999
2918 2919
2918 2999
2919 2920
2919 2999
2920 2921
2920 3000
2921 3000
2921 3001
2922 3001
2922 3002
2922 3003
2923 2924
2923 3003
2923 3004
2923 3005
2924 3004
2924 3005
2924 3006
2925 3006
2925 3007
2925 3008
2926 2927
2926 3009
2926 3010
2927 2928
2927 3010
2927 3011
2928 2929
2928 3010
2928 3011
2929 2930
2929 3011
2930 2931
2930 3012
2931 2932
2931 3012
2931 3013
2932 2933
2932 3012
2932 3013
2932 3014
2933 2934
2933 3013
2933 3014
2933 3015
2934 2935
2934 3014
2934 3015
2934 3016
2935 2936
2935 3015
2935 3016
2935 3017
2936 2937
2936 3016
2936 3017
2936 3018
2937 2938
2937 3017
2937 3018
2937 3019
2938 2939
2938 3018
2938 3019
2938 3020
2939 2940
2939 3019
2939 3020
2939 3021
2940 2941
2940 3020
2940 3021
2940 3022
2941 3021
2941 3022
2942 3023
2943 2944
2943 3024
2944 2945
2944 3024
2944 3025
2945 2946
2945 3025
2945 3026
2946 2947
2946 3025
2946 3026
2946 3027
2947 2948
2947 3026
2947 3027
2947 3028
2948 2949
2948 3027
2948 3028
2949 2950
2949 3028
2949 3029
2950 3029
2950 3030
2951 2952
2951 3030
2951 3031
2951 3032
2952 2953
2952 3031
2952 3032
2952 3033
2953 2954
2953 3032
2953 3033
2953 3034
2954 2955
2954 3033
2954 3034
2954 3035
2955 3034
2955 3035
2955 3036
2956 2957
2956 3036
2956 3037
2956 3038
2957 2958
2957 3037
2957 3038
2957 3039
2958 2959
2958 3038
2958 3039
2959 2960
2959 3039
2959 3040
2960 3040
2960 3041
2961 2962
2961 3041
2961 3042
2961 3043
2962 3042
2962 3043
2962 3044
2963 2964
2963 3044
2963 3045
2963 3046
2964 2965
2964 3045
2964 3046
2964 3047
2965 3046
2965 3047
2965 3048
2966 2967
2966 3049
2966 3050
2967 2968
2967 3049
2967 3050
2967 3051
2968 2969
2968 3050
2968 3051
2969 2970
2969 3051
2970 2971
2970 3052
2971 2972
2971 3052
2972 2973
2972 3052
2972 3053
2973 3053
2973 3054
2974 2975
2974 3054
2974 3055
2975 2976
2975 3055
2975 3056
2976 2977
2976 3055
2976 3056
2976 3057
2977 2978
2977 3056
2977 3057
2977 3058
2978 3057
2978 3058
2979 3059
2979 3060
2980 2981
2980 3060
2980 3061
2981 3061
2981 3062
2982 3062
2982 3063
2983 2984
2983 3064
2984 2985
2984 3064
2984 3065
2985 2986
2985 3065
2985 3066
2986 2987
2986 3065
2986 3066
2986 3067
2987 2988
2987 3066
2987 3067
2987 3068
2988 2989
2988 3067
2988 3068
2988 3069
2989 2990
2989 3068
2989 3069
2990 2991
2990 3069
2991 2992
2991 3070
2992 2993
2992 3070
2992 3071
2993 2994
2993 3070
2993 3071
2993 3072
2994 2995
2994 3071
2994 3072
2994 3073
2995 2996
2995 3072
2995 3073
2995 3074
2996 2997
2996 3073
2996 3074
2996 3075
2997 2998
2997 3074
2997 3075
2997 3076
2998 3075
2998 3076
2998 3077
2999 3077
2999 3078
2999 3079
3000 3001
3000 3080
3000 3081
3000 3082
3001 3002
3001 3081
3001 3082
3001 3083
3002 3003
3002 3082
3002 3083
3002 3084
3003 3004
3003 3083
3003 3084
3004 3005
3004 3084
3005 3006
3006 3007
3006 3085
3007 3008
3007 3085
3008 3009
3008 3085
3008 3086
3009 3086
3009 3087
3010 3011
3010 3087
3010 3088
3011 3088
3011 3089
3012 3013
3012 3090
3012 3091
3012 3092
3013 3014
3013 3091
3013 3092
3013 3093
3014 3015
3014 3092
3014 3093
3014 3094
3015 3016
3015 3093
3015 3094
3015 3095
3016 3017
3016 3094
3016 3095
3017 3018
3017 3095
3017 3096
3018 3019
3018 3096
3019 3020
3019 3096
3020 3021
3020 3097
3021 3022
3021 3097
3021 3098
3022 3097
3022 3098
3022 3099
3023 3099
3023 3100
3024 3101
3024 3102
3025 3026
3025 3102
3025 3103
3025 3104
3026 3027
3026 3103
3026 3104
3026 3105
3027 3028
3027 3104
3027 3105
3028 3105
3028 3106
3029 3030
3029 3106
3029 3107
3029 3108
3030 3031
3030 3107
3030 3108
3030 3109
3031 3032
3031 3108
3031 3109
3031 3110
3032 3033
3032 3109
3032 3110
3033 3034
3033 3110
3034 3035
3034 3111
3035 3036
3035 3111
3036 3037
3036 3111
3036 3112
3037 3038
3037 3112
3037 3113
3038 3039
3038 3112
3038 3113
3038 3114
3039 3113
3039 3114
3039 3115
3040 3041
3040 3115
3040 3116
3040 3117
3041 3042
3041 3116
3041 3117
3041 3118
3042 3043
3042 3117
3042 3118
3042 3119
3043 3044
3043 3118
3043 3119
3043 3120
3044 3045
3044 3119
3044 3120
3044 3121
3045 3046
3045 3120
3045 3121
3045 3122
3046 3047
3046 3121
3046 3122
3047 3048
3047 3122
3047 3123
3048 3123
3048 3124
3049 3050
3049 3125
3049 3126
3050 3051
3050 3125
3050 3126
3051 3126
3051 3127
3052 3128
3052 3129
3053 3054
3053 3129
3053 3130
3053 3131
3054 3130
3054 3131
3054 3132
3055 3056
3055 3132
3055 3133
3055 3134
3056 3057
3056 3133
3056 3134
3056 3135
3057 3058
3057 3134
3057 3135
3058 3135
3058 3136
3059 3060
3059 3136
3059 3137
3059 3138
3060 3137
3060 3138
3060 3139
3061 3062
3061 3139
3061 3140
3061 3141
3062 3063
3062 3140
3062 3141
3062 3142
3063 3141
3063 3142
3063 3143
3064 3143
3064 3144
3065 3066
3065 3144
3065 3145
3065 3146
3066 3067
3066 3145
3066 3146
3066 3147
3067 3068
3067 3146
3067 3147
3067 3148
3068 3069
3068 3147
3068 3148
3069 3148
3069 3149
3070 3071
3070 3150
3070 3151
3070 3152
3071 3072
3071 3151
3071 3152
3071 3153
3072 3073
3072 3152
3072 3153
3072 3154
3073 3074
3073 3153
3073 3154
3074 3075
3074 3154
3074 3155
3075 3076
3075 3155
3076 3077
3076 3155
3076 3156
3077 3078
3077 3156
3077 3157
3078 3079
3078 3156
3078 3157
3078 3158
3079 3080
3079 3157
3079 3158
3079 3159
3080 3081
3080 3158
3080 3159
3080 3160
3081 3082
3081 3159
3081 3160
3081 3161
3082 3083
3082 3160
3082 3161
3083 3084
3083 3161
3083 3162
3084 3162
3085 3164
3085 3165
3085 3166
3086 3087
3086 3166
3086 3167
3086 3168
3087 3088
3087 3167
3087 3168
3087 3169
3088 3168
3088 3169
3088 3170
3089 3090
3089 3170
3089 3171
3090 3091
3090 3171
3090 3172
3091 3092
3091 3171
3091 3172
3091 3173
3092 3093
3092 3172
3092 3173
3092 3174
3093 3094
3093 3173
3093 3174
3093 3175
3094 3095
3094 3174
3094 3175
3094 3176
3095 3175
3095 3176
3096 3177
3097 3098
3097 3178
3097 3179
3098 3099
3098 3179
3099 3100
3099 3179
3099 3180
3100 3180
3101 3102
3101 3181
3101 3182
3102 3103
3102 3181
3102 3182
3102 3183
3103 3104
3103 3182
3103 3183
3103 3184
3104 3105
3104 3183
3104 3184
3104 3185
3105 3184
3105 3185
3106 3107
3106 3186
3106 3187
3107 3108
3107 3186
3107 3187
3107 3188
3108 3109
3108 3187
3108 3188
3108 3189
3109 3110
3109 3188
3109 3189
3109 3190
3110 3189
3110 3190
3111 3191
3111 3192
3111 3193
3112 3113
3112 3193
3113 3114
3114 3115
3114 3194
3115 3116
3115 3194
3115 3195
3116 3117
3116 3194
3116 3195
3116 3196
3117 3118
3117 3195
3117 3196
3117 3197
3118 3119
3118 3196
3118 3197
3118 3198
3119 3120
3119 3197
3119 3198
3119 3199
3120 3121
3120 3198
3120 3199
3121 3122
3121 3199
3121 3200
3122 3200
3122 3201
3123 3124
3123 3201
3123 3202
3123 3203
3124 3202
3124 3203
3125 3126
3125 3204
3125 3205
3126 3204
3126 3205
3126 3206
3127 3128
3127 3206
3127 3207
3127 3208
3128 3207
3128 3208
3128 3209
3129 3130
3129 3209
3129 3210
3129 3211
3130 3131
3130 3210
3130 3211
3130 3212
3131 3132
3131 3211
3131 3212
3131 3213
3132 3133
3132 3212
3132 3213
3132 3214
3133 3134
3133 3213
3133 3214
3133 3215
3134 3135
3134 3214
3134 3215
3134 3216
3135 3215
3135 3216
3135 3217
3136 3137
3136 3217
3136 3218
3137 3138
3137 3218
3137 3219
3138 3139
3138 3219
3138 3220
3139 3140
3139 3219
3139 3220
3139 3221
3140 3141
3140 3220
3140 3221
3140 3222
3141 3142
3141 3221
3141 3222
3142 3143
3142 3222
3142 3223
3143 3223
3143 3224
3144 3145
3144 3224
3144 3225
3144 3226
3145 3146
3145 3225
3145 3226
3145 3227
3146 3147
3146 3226
3146 3227
3146 3228
3147 3148
3147 3227
3147 3228
3148 3228
3148 3229
3149 3150
3149 3229
3149 3230
3150 3151
3150 3230
3150 3231
3151 3152
3151 3230
3151 3231
3151 3232
3152 3153
3152 3231
3152 3232
3152 3233
3153 3154
3153 3232
3153 3233
3153 3234
3154 3233
3154 3234
3154 3235
3155 3235
3155 3236
3156 3157
3157 3158
3157 3237
3158 3159
3158 3237
3158 3238
3159 3160
3159 3237
3159 3238
3159 3239
3160 3161
3160 3238
3160 3239
3160 3240
3161 3239
3161 3240
3161 3241
3162 3241
3162 3242
3162 3243
3163 3164
3163 3243
3163 3244
3163 3245
3164 3165
3164 3244
3164 3245
3165 3166
3165 3245
3166 3167
3166 3246
3167 3168
3167 3246
3167 3247
3168 3169
3168 3246
3168 3247
3168 3248
3169 3170
3169 3247
3169 3248
3169 3249
3170 3248
3170 3249
3170 3250
3171 3172
3171 3250
3171 3251
3171 3252
3172 3173
3172 3251
3172 3252
3172 3253
3173 3174
3173 3252
3173 3253
3173 3254
3174 3175
3174 3253
3174 3254
3175 3176
3175 3254
3175 3255
3176 3255
3176 3256
3177 3178
3177 3257
3178 3257
3178 3258
3179 3258
3180 3259
3180 3260
3181 3182
3181 3260
3181 3261
3182 3183
3182 3261
3182 3262
3183 3184
3183 3261
3183 3262
3183 3263
3184 3185
3184 3262
3184 3263
3184 3264
3185 3263
3185 3264
3186 3187
3186 3265
3187 3188
3187 3265
3187 3266
3188 3189
3188 3266
3188 3267
3189 3190
3189 3266
3189 3267
3189 3268
3190 3267
3190 3268
3190 3269
3191 3192
3191 3269
3191 3270
3192 3193
3192 3270
3192 3271
3193 3270
3193 3271
3193 3272
3194 3195
3194 3274
3194 3275
3194 3276
3195 3196
3195 3275
3195 3276
3196 3197
3196 3276
3196 3277
3197 3198
3197 3277
3198 3199
3198 3277
3198 3278
3199 3278
3199 3279
3200 3201
3200 3279
3200 3280
3200 3281
3201 3202
3201 3280
3201 3281
3201 3282
3202 3203
3202 3281
3202 3282
3202 3283
3203 3282
3203 3283
3204 3205
3204 3284
3205 3206
3205 3284
3205 3285
3206 3207
3206 3285
3206 3286
3207 3208
3207 3285
3207 3286
3208 3209
3208 3286
3209 3210
3209 3287
3210 3211
3210 3287
3210 3288
3211 3212
3211 3287
3211 3288
3211 3289
3212 3213
3212 3288
3212 3289
3212 3290
3213 3214
3213 3289
3213 3290
3213 3291
3214 3215
3214 3290
3214 3291
3214 3292
3215 3216
3215 3291
3215 3292
3216 3217
3216 3292
3216 3293
3217 3218
3217 3293
3217 3294
3218 3293
3218 3294
3218 3295
3219 3220
3219 3295
3219 3296
3219 3297
3220 3221
3220 3296
3220 3297
3220 3298
3221 3222
3221 3297
3221 3298
3221 3299
3222 3298
3222 3299
3222 3300
3223 3224
3223 3300
3223 3301
3223 3302
3224 3225
3224 3301
3224 3302
3224 3303
3225 3226
3225 3302
3225 3303
3226 3227
3226 3303
3226 3304
3227 3228
3227 3304
3228 3304
3228 3305
3229 3305
3229 3306
3229 3307
3230 3231
3230 3307
3230 3308
3230 3309
3231 3232
3231 3308
3231 3309
3231 3310
3232 3233
3232 3309
3232 3310
3232 3311
3233 3234
3233 3310
3233 3311
3234 3235
3234 3311
3234 3312
3235 3236
3235 3312
3235 3313
3236 3312
3236 3313
3237 3238
3237 3315
3237 3316
3237 3317
3238 3239
3238 3316
3238 3317
3238 3318
3239 3240
3239 3317
3239 3318
3239 3319
3240 3241
3240 3318
3240 3319
3240 3320
3241 3242
3241 3319
3241 3320
3241 3321
3242 3243
3242 3320
3242 3321
3243 3244
3243 3321
3243 3322
3244 3245
3244 3322
3245 3322
3245 3323
3246 3247
3246 3324
3246 3325
3246 3326
3247 3248
3247 3325
3247 3326
3248 3249
3248 3326
3249 3250
3249 3327
3250 3251
3250 3327
3250 3328
3251 3252
3251 3327
3251 3328
3251 3329
3252 3253
3252 3328
3252 3329
3252 3330
3253 3254
3253 3329
3253 3330
3253 3331
3254 3330
3254 3331
3254 3332
3255 3256
3255 3332
3255 3333
3255 3334
3256 3333
3256 3334
3256 3335
3257 3335
3257 3336
3257 3337
3258 3337
3259 3260
3259 3338
3259 3339
3259 3340
3260 3339
3260 3340
3261 3262
3261 3341
3262 3263
3262 3341
3262 3342
3263 3264
3263 3342
3264 3342
3264 3343
3265 3343
3265 3344
3265 3345
3266 3267
3266 3345
3266 3346
3267 3268
3267 3346
3267 3347
3268 3269
3268 3347
3269 3347
3269 3348
3270 3271
3270 3348
3270 3349
3270 3350
3271 3272
3271 3349
3271 3350
3271 3351
3272 3273
3272 3350
3272 3351
3272 3352
3273 3274
3273 3351
3273 3352
3273 3353
3274 3275
3274 3352
3274 3353
3274 3354
3275 3276
3275 3353
3275 3354
3275 3355
3276 3354
3276 3355
3276 3356
3277 3356
3277 3357
3277 3358
3278 3279
3278 3358
3278 3359
3278 3360
3279 3280
3279 3359
3279 3360
3279 3361
3280 3281
3280 3360
3280 3361
3280 3362
3281 3282
3281 3361
3281 3362
3281 3363
3282 3283
3282 3362
3282 3363
3282 3364
3283 3363
3283 3364
3284 3365
3284 3366
3285 3286
3285 3366
3285 3367
3285 3368
3286 3367
3286 3368
3286 3369
3287 3288
3287 3370
3287 3371
3288 3289
3288 3370
3288 3371
3288 3372
3289 3290
3289 3371
3289 3372
3289 3373
3290 3291
3290 3372
3290 3373
3290 3374
3291 3292
3291 3373
3291 3374
3291 3375
3292 3374
3292 3375
3292 3376
3293 3294
3293 3376
3293 3377
3293 3378
3294 3295
3294 3377
3294 3378
3294 3379
3295 3296
3295 3378
3295 3379
3295 3380
3296 3297
3296 3379
3296 3380
3296 3381
3297 3298
3297 3380
3297 3381
3298 3299
3298 3381
3298 3382
3299 3300
3299 3382
3299 3383
3300 3301
3300 3382
3300 3383
3300 3384
3301 3302
3301 3383
3301 3384
3302 3303
3302 3384
3304 3385
3304 3386
3305 3306
3305 3386
3305 3387
3305 3388
3306 3307
3306 3387
3306 3388
3306 3389
3307 3308
3307 3388
3307 3389
3308 3309
3308 3389
3308 3390
3309 3310
3309 3390
3310 3311
3310 3390
3312 3313
3312 3391
3312 3392
3313 3391
3313 3392
3313 3393
3314 3315
3314 3393
3314 3394
3314 3395
3315 3316
3315 3394
3315 3395
3315 3396
3316 3317
3316 3395
3316 3396
3316 3397
3317 3318
3317 3396
3317 3397
3317 3398
3318 3319
3318 3397
3318 3398
3318 3399
3319 3320
3319 3398
3319 3399
3319 3400
3320 3321
3320 3399
3320 3400
3320 3401
3321 3400
3321 3401
3321 3402
3322 3402
3322 3403
3322 3404
3323 3324
3323 3404
3323 3405
3324 3325
3324 3405
3324 3406
3325 3326
3325 3406
3325 3407
3326 3406
3326 3407
3326 3408
3327 3328
3327 3409
3327 3410
3327 3411
3328 3329
3328 3410
3328 3411
3328 3412
3329 3330
3329 3411
3329 3412
3329 3413
3330 3331
3330 3412
3330 3413
3330 3414
3331 3332
3331 3413
3331 3414
3332 3333
3332 3414
3332 3415
3333 3334
3333 3415
3334 3335
3334 3415
3335 3336
3335 3416
3336 3337
3336 3416
3336 3417
3337 3416
3337 3417
3337 3418
3338 3339
3338 3419
3338 3420
3339 3340
3339 3420
3339 3421
3340 3421
3340 3422
3341 3422
3342 3423
3343 3344
3343 3424
3343 3425
3344 3345
3344 3424
3344 3425
3345 3346
3345 3425
3345 3426
3346 3426
3346 3427
3347 3427
3347 3428
3348 3349
3348 3429
3348 3430
3349 3350
3349 3429
3349 3430
3350 3351
3350 3430
3350 3431
3351 3352
3351 3431
3352 3353
3352 3431
3352 3432
3353 3354
3353 3432
3353 3433
3354 3355
3354 3432
3354 3433
3354 3434
3355 3356
3355 3433
3355 3434
3355 3435
3356 3357
3356 3434
3356 3435
3356 3436
3357 3358
3357 3435
3357 3436
3357 3437
3358 3359
3358 3436
3358 3437
3358 3438
3359 3360
3359 3437
3359 3438
3359 3439
3360 3361
3360 3438
3360 3439
3360 3440
3361 3362
3361 3439
3361 3440
3362 3363
3362 3440
3362 3441
3363 3364
3363 3441
3363 3442
3364 3441
3364 3442
3365 3366
3365 3443
3365 3444
3366 3367
3366 3443
3366 3444
3366 3445
3367 3368
3367 3444
3367 3445
3367 3446
3368 3369
3368 3445
3368 3446
3368 3447
3369 3446
3369 3447
3369 3448
3370 3371
3370 3448
3370 3449
3370 3450
3371 3372
3371 3449
3371 3450
3371 3451
3372 3373
3372 3450
3372 3451
3372 3452
3373 3374
3373 3451
3373 3452
3373 3453
3374 3375
3374 3452
3374 3453
3374 3454
3375 3376
3375 3453
3375 3454
3376 3377
3376 3454
3376 3455
3377 3378
3377 3455
3377 3456
3378 3379
3378 3455
3378 3456
3378 3457
3379 3380
3379 3456
3379 3457
3379 3458
3380 3381
3380 3457
3380 3458
3380 3459
3381 3458
3381 3459
3381 3460
3382 3383
3382 3460
3382 3461
3383 3384
3383 3461
3383 3462
3384 3461
3384 3462
3384 3463
3385 3386
3385 3465
3385 3466
3385 3467
3386 3387
3386 3466
3386 3467
3386 3468
3387 3388
3387 3467
3387 3468
3387 3469
3388 3389
3388 3468
3388 3469
3388 3470
3389 3469
3389 3470
3389 3471
3390 3471
3390 3472
3390 3473
3391 3392
3391 3475
3391 3476
3392 3393
3392 3475
3392 3476
3392 3477
3393 3394
3393 3476
3393 3477
3393 3478
3394 3395
3394 3477
3394 3478
3394 3479
3395 3396
3395 3478
3395 3479
3395 3480
3396 3397
3396 3479
3396 3480
3396 3481
3397 3398
3397 3480
3397 3481
3398 3399
3398 3481
3398 3482
3399 3400
3399 3482
3399 3483
3400 3401
3400 3482
3400 3483
3400 3484
3401 3402
3401 3483
3401 3484
3401 3485
3402 3403
3402 3484
3402 3485
3402 3486
3403 3404
3403 3485
3403 3486
3403 3487
3404 3405
3404 3486
3404 3487
3404 3488
3405 3487
3405 3488
3405 3489
3406 3407
3406 3489
3406 3490
3406 3491
3407 3408
3407 3490
3407 3491
3408 3409
3408 3491
3409 3410
3409 3492
3410 3411
3410 3492
3410 3493
3411 3412
3411 3492
3411 3493
3411 3494
3412 3413
3412 3493
3412 3494
3413 3414
3413 3494
3413 3495
3414 3495
3414 3496
3415 3496
3415 3497
3415 3498
3416 3417
3417 3418
3417 3499
3418 3419
3418 3499
3419 3420
3419 3499
3420 3500
3421 3422
3421 3500
3421 3501
3421 3502
3422 3501
3422 3502
3422 3503
3423 3504
3423 3505
3424 3425
3424 3505
3424 3506
3425 3506
3425 3507
3426 3427
3426 3507
3426 3508
3426 3509
3427 3428
3427 3508
3427 3509
3427 3510
3428 3509
3428 3510
3428 3511
3429 3430
3429 3511
3429 3512
3430 3512
3431 3513
3432 3433
3433 3434
3433 3514
3434 3435
3434 3514
3434 3515
3435 3436
3435 3514
3435 3515
3435 3516
3436 3437
3436 3515
3436 3516
3436 3517
3437 3438
3437 3516
3437 3517
3437 3518
3438 3439
3438 3517
3438 3518
3438 3519
3439 3440
3439 3518
3439 3519
3439 3520
3440 3519
3440 3520
3440 3521
3441 3442
3441 3521
3441 3522
3441 3523
3442 3522
3442 3523
3443 3444
3443 3524
3443 3525
3444 3445
3444 3524
3444 3525
3445 3446
3445 3525
3445 3526
3446 3447
3446 3526
3446 3527
3447 3448
3447 3526
3447 3527
3447 3528
3448 3449
3448 3527
3448 3528
3448 3529
3449 3450
3449 3528
3449 3529
3449 3530
3450 3451
3450 3529
3450 3530
3451 3452
3451 3530
3451 3531
3452 3453
3452 3531
3452 3532
3453 3454
3453 3531
3453 3532
3453 3533
3454 3532
3454 3533
3454 3534
3455 3456
3455 3534
3455 3535
3455 3536
3456 3457
3456 3535
3456 3536
3456 3537
3457 3458
3457 3536
3457 3537
3457 3538
3458 3459
3458 3537
3458 3538
3458 3539
3459 3460
3459 3538
3459 3539
3459 3540
3460 3539
3460 3540
3460 3541
3461 3462
3461 3541
3461 3542
3461 3543
3462 3463
3462 3542
3462 3543
3462 3544
3463 3464
3463 3543
3463 3544
3463 3545
3464 3465
3464 3544
3464 3545
3464 3546
3465 3466
3465 3545
3465 3546
3466 3467
3466 3546
3467 3468
3468 3469
3468 3547
3469 3470
3469 3547
3469 3548
3470 3471
3470 3547
3470 3548
3470 3549
3471 3472
3471 3548
3471 3549
3471 3550
3472 3473
3472 3549
3472 3550
3472 3551
3473 3474
3473 3550
3473 3551
3473 3552
3474 3551
3474 3552
3474 3553
3475 3476
3475 3553
3475 3554
3476 3477
3476 3554
3476 3555
3477 3478
3477 3554
3477 3555
3477 3556
3478 3479
3478 3555
3478 3556
3479 3480
3479 3556
3479 3557
3480 3481
3480 3557
3480 3558
3481 3557
3481 3558
3481 3559
3482 3483
3482 3559
3482 3560
3482 3561
3483 3484
3483 3560
3483 3561
3484 3485
3484 3561
3484 3562
3485 3486
3485 3562
3485 3563
3486 3487
3486 3562
3486 3563
3487 3488
3487 3563
3487 3564
3488 3489
3488 3564
3488 3565
3489 3490
3489 3564
3489 3565
3489 3566
3490 3491
3490 3565
3490 3566
3490 3567
3491 3566
3491 3567
3491 3568
3492 3493
3492 3569
3492 3570
3492 3571
3493 3494
3493 3570
3493 3571
3493 3572
3494 3571
3494 3572
3494 3573
3495 3496
3495 3573
3495 3574
3495 3575
3496 3497
3496 3574
3496 3575
3496 3576
3497 3498
3497 3575
3497 3576
3497 3577
3498 3576
3498 3577
3498 3578
3499 3580
3499 3581
3499 3582
3500 3501
3500 3583
3500 3584
3500 3585
3501 3502
3501 3584
3501 3585
3501 3586
3502 3503
3502 3585
3502 3586
3503 3504
3503 3586
3503 3587
3504 3587
3504 3588
3505 3588
3505 3589
3505 3590
3506 3507
3506 3590
3506 3591
3507 3508
3507 3591
3507 3592
3508 3509
3508 3592
3508 3593
3509 3510
3509 3592
3509 3593
3509 3594
3510 3511
3510 3593
3510 3594
3510 3595
3511 3512
3511 3594
3511 3595
3511 3596
3512 3595
3512 3596
3513 3597
3513 3598
3513 3599
3514 3515
3514 3601
3514 3602
3514 3603
3515 3516
3515 3602
3515 3603
3515 3604
3516 3517
3516 3603
3516 3604
3516 3605
3517 3518
3517 3604
3517 3605
3517 3606
3518 3519
3518 3605
3518 3606
3518 3607
3519 3520
3519 3606
3519 3607
3519 3608
3520 3521
3520 3607
3520 3608
3520 3609
3521 3522
3521 3608
3521 3609
3521 3610
3522 3523
3522 3609
3522 3610
3522 3611
3523 3610
3523 3611
3524 3525
3524 3612
3524 3613
3525 3612
3525 3613
3525 3614
3526 3527
3526 3614
3526 3615
3526 3616
3527 3528
3527 3615
3527 3616
3528 3529
3528 3616
3529 3530
3529 3617
3530 3617
3530 3618
3531 3532
3531 3618
3531 3619
3532 3533
3532 3619
3532 3620
3533 3534
3533 3620
3533 3621
3534 3535
3534 3620
3534 3621
3535 3536
3535 3621
3535 3622
3536 3537
3536 3622
3536 3623
3537 3538
3537 3622
3537 3623
3537 3624
3538 3539
3538 3623
3538 3624
3539 3540
3539 3624
3539 3625
3540 3541
3540 3625
3540 3626
3541 3542
3541 3625
3541 3626
3542 3543
3542 3626
3542 3627
3543 3544
3543 3627
3543 3628
3544 3545
3544 3627
3544 3628
3544 3629
3545 3546
3545 3628
3545 3629
3546 3629
3547 3548
3547 3631
3547 3632
3548 3549
3548 3631
3548 3632
3549 3550
3549 3632
3549 3633
3550 3551
3550 3633
3551 3552
3551 3633
3552 3553
3552 3634
3553 3634
3554 3555
3554 3635
3555 3556
3555 3635
3555 3636
3556 3635
3556 3636
3557 3558
3557 3637
3557 3638
3558 3559
3558 3637
3558 3638
3558 3639
3559 3560
3559 3638
3559 3639
3559 3640
3560 3561
3560 3639
3560 3640
3560 3641
3561 3640
3561 3641
3561 3642
3562 3563
3562 3642
3562 3643
3563 3643
3563 3644
3564 3565
3564 3644
3564 3645
3564 3646
3565 3566
3565 3645
3565 3646
3565 3647
3566 3567
3566 3646
3566 3647
3566 3648
3567 3568
3567 3647
3567 3648
3567 3649
3568 3569
3568 3648
3568 3649
3568 3650
3569 3570
3569 3649
3569 3650
3569 3651
3570 3571
3570 3650
3570 3651
3571 3572
3571 3651
3572 3573
3572 3652
3573 3574
3573 3652
3573 3653
3574 3575
3574 3652
3574 3653
3574 3654
3575 3576
3575 3653
3575 3654
3576 3577
3576 3654
3577 3578
3577 3655
3578 3579
3578 3655
3579 3580
3579 3655
3579 3656
3580 3581
3580 3656
3580 3657
3581 3582
3581 3656
3581 3657
3581 3658
3582 3583
3582 3657
3582 3658
3583 3584
3583 3658
3583 3659
3584 3585
3584 3659
3584 3660
3585 3586
3585 3659
3585 3660
3586 3660
3587 3588
3587 3661
3588 3589
3588 3661
3588 3662
3589 3590
3589 3661
3589 3662
3590 3591
3590 3662
3590 3663
3591 3663
3591 3664
3592 3593
3592 3664
3592 3665
3592 3666
3593 3594
3593 3665
3593 3666
3593 3667
3594 3595
3594 3666
3594 3667
3594 3668
3595 3596
3595 3667
3595 3668
3595 3669
3596 3668
3596 3669
3596 3670
3597 3598
3597 3670
3597 3671
3598 3599
3598 3671
3598 3672
3599 3600
3599 3672
3599 3673
3600 3601
3600 3672
3600 3673
3601 3602
3601 3673
3601 3674
3602 3603
3602 3674
3602 3675
3603 3604
3603 3674
3603 3675
3603 3676
3604 3605
3604 3675
3604 3676
3605 3606
3605 3676
3605 3677
3606 3607
3606 3677
3606 3678
3607 3608
3607 3677
3607 3678
3607 3679
3608 3609
3608 3678
3608 3679
3608 3680
3609 3610
3609 3679
3609 3680
3609 3681
3610 3611
3610 3680
3610 3681
3611 3681
3612 3613
3612 3682
3612 3683
3613 3614
3613 3682
3613 3683
3613 3684
3614 3615
3614 3683
3614 3684
3614 3685
3615 3616
3615 3684
3615 3685
3615 3686
3616 3685
3616 3686
3616 3687
3617 3618
3617 3688
3617 3689
3617 3690
3618 3619
3618 3689
3618 3690
3618 3691
3619 3690
3619 3691
3619 3692
3620 3621
3620 3692
3620 3693
3620 3694
3621 3693
3621 3694
3622 3623
3623 3624
3623 3695
3624 3695
3624 3696
3625 3626
3625 3696
3625 3697
3625 3698
3626 3697
3626 3698
3626 3699
3627 3628
3627 3699
3627 3700
3628 3629
3628 3700
3628 3701
3629 3701
3629 3702
3630 3703
3630 3704
3631 3632
3631 3704
3631 3705
3631 3706
3632 3705
3632 3706
3632 3707
3633 3707
3633 3708
3633 3709
3634 3710
3635 3636
3635 3711
3635 3712
3636 3712
3636 3713
3637 3638
3637 3713
3637 3714
3637 3715
3638 3639
3638 3714
3638 3715
3639 3640
3639 3715
3639 3716
3640 3641
3640 3716
3640 3717
3641 3642
3641 3716
3641 3717
3642 3643
3642 3717
3642 3718
3643 3718
3643 3719
3644 3645
3644 3719
3644 3720
3644 3721
3645 3646
3645 3720
3645 3721
3645 3722
3646 3647
3646 3721
3646 3722
3647 3648
3647 3722
3647 3723
3648 3649
3648 3723
3648 3724
3649 3650
3649 3723
3649 3724
3649 3725
3650 3651
3650 3724
3650 3725
3650 3726
3651 3725
3651 3726
3652 3653
3652 3727
3652 3728
3653 3654
3653 3728
3653 3729
3654 3729
3654 3730
3655 3731
3656 3657
3656 3731
3656 3732
3657 3658
3657 3732
3657 3733
3658 3732
3658 3733
3658 3734
3659 3660
3659 3734
3659 3735
3659 3736
3660 3735
3660 3736
3661 3662
3661 3738
3661 3739
3661 3740
3662 3739
3662 3740
3662 3741
3663 3664
3663 3741
3663 3742
3663 3743
3664 3665
3664 3742
3664 3743
3664 3744
3665 3666
3665 3743
3665 3744
3665 3745
3666 3667
3666 3744
3666 3745
3666 3746
3667 3668
3667 3745
3667 3746
3668 3669
3668 3746
3668 3747
3669 3670
3669 3747
3669 3748
3670 3671
3670 3747
3670 3748
3670 3749
3671 3748
3671 3749
3672 3673
3672 3750
3672 3751
3673 3750
3673 3751
3673 3752
3674 3675
3674 3752
3674 3753
3674 3754
3675 3676
3675 3753
3675 3754
3675 3755
3676 3754
3676 3755
3676 3756
3677 3678
3677 3756
3677 3757
3677 3758
3678 3679
3678 3757
3678 3758
3678 3759
3679 3680
3679 3758
3679 3759
3679 3760
3680 3681
3680 3759
3680 3760
3680 3761
3681 3760
3681 3761
3681 3762
3682 3683
3682 3763
3682 3764
3683 3684
3683 3763
3683 3764
3683 3765
3684 3685
3684 3764
3684 3765
3684 3766
3685 3686
3685 3765
3685 3766
3685 3767
3686 3687
3686 3766
3686 3767
3686 3768
3687 3688
3687 3767
3687 3768
3687 3769
3688 3689
3688 3768
3688 3769
3688 3770
3689 3690
3689 3769
3689 3770
3689 3771
3690 3691
3690 3770
3690 3771
3690 3772
3691 3692
3691 3771
3691 3772
3692 3693
3692 3772
3692 3773
3693 3694
3693 3773
3693 3774
3694 3773
3694 3774
3694 3775
3695 3696
3695 3777
3696 3697
3696 3777
3696 3778
3697 3698
3697 3778
3697 3779
3698 3699
3698 3778
3698 3779
3698 3780
3699 3700
3699 3779
3699 3780
3699 3781
3700 3780
3700 3781
3700 3782
3701 3702
3701 3782
3701 3783
3701 3784
3702 3703
3702 3783
3702 3784
3702 3785
3703 3784
3703 3785
3703 3786
3704 3705
3704 3786
3704 3787
3705 3706
3705 3787
3705 3788
3706 3707
3706 3787
3706 3788
3706 3789
3707 3708
3707 3788
3707 3789
3708 3709
3708 3789
3708 3790
3709 3710
3709 3790
3709 3791
3710 3790
3710 3791
3710 3792
3711 3712
3711 3793
3711 3794
3712 3793
3712 3794
3712 3795
3713 3714
3713 3795
3713 3796
3713 3797
3714 3715
3714 3796
3714 3797
3714 3798
3715 3797
3715 3798
3715 3799
3716 3717
3716 3799
3716 3800
3717 3800
3717 3801
3718 3719
3718 3801
3718 3802
3718 3803
3719 3720
3719 3802
3719 3803
3719 3804
3720 3721
3720 3803
3720 3804
3720 3805
3721 3722
3721 3804
3721 3805
3721 3806
3722 3805
3722 3806
3723 3724
3723 3807
3724 3725
3724 3807
3725 3726
3725 3807
3725 3808
3726 3808
3726 3809
3727 3728
3727 3809
3727 3810
3727 3811
3728 3810
3728 3811
3728 3812
3729 3730
3729 3812
3729 3813
3730 3813
3730 3814
3731 3815
3731 3816
3731 3817
3732 3733
3732 3817
3732 3818
3732 3819
3733 3734
3733 3818
3733 3819
3733 3820
3734 3735
3734 3819
3734 3820
3734 3821
3735 3736
3735 3820
3735 3821
3735 3822
3736 3821
3736 3822
3737 3738
3737 3823
3737 3824
3738 3739
3738 3823
3738 3824
3738 3825
3739 3740
3739 3824
3739 3825
3739 3826
3740 3741
3740 3825
3740 3826
3740 3827
3741 3742
3741 3826
3741 3827
3741 3828
3742 3743
3742 3827
3742 3828
3742 3829
3743 3744
3743 3828
3743 3829
3743 3830
3744 3745
3744 3829
3744 3830
3744 3831
3745 3746
3745 3830
3745 3831
3745 3832
3746 3831
3746 3832
3746 3833
3747 3748
3747 3833
3747 3834
3747 3835
3748 3749
3748 3834
3748 3835
3748 3836
3749 3835
3749 3836
3749 3837
3750 3751
3750 3837
3750 3838
3750 3839
3751 3752
3751 3838
3751 3839
3751 3840
3752 3753
3752 3839
3752 3840
3752 3841
3753 3754
3753 3840
3753 3841
3754 3755
3754 3841
3754 3842
3755 3756
3755 3842
3755 3843
3756 3757
3756 3842
3756 3843
3756 3844
3757 3758
3757 3843
3757 3844
3758 3759
3758 3844
3758 3845
3759 3760
3759 3845
3759 3846
3760 3761
3760 3845
3760 3846
3760 3847
3761 3762
3761 3846
3761 3847
3762 3847
3763 3764
3763 3848
3763 3849
3764 3765
3764 3848
3764 3849
3765 3766
3765 3849
3765 3850
3766 3767
3766 3850
3767 3768
3767 3850
3768 3769
3769 3770
3769 3851
3770 3771
3770 3851
3770 3852
3771 3772
3771 3851
3771 3852
3771 3853
3772 3852
3772 3853
3772 3854
3773 3774
3773 3854
3773 3855
3773 3856
3774 3775
3774 3855
3774 3856
3775 3776
3775 3856
3775 3857
3776 3857
3776 3858
3777 3858
3777 3859
3777 3860
3778 3779
3778 3860
3778 3861
3778 3862
3779 3780
3779 3861
3779 3862
3779 3863
3780 3781
3780 3862
3780 3863
3781 3782
3781 3863
3781 3864
3782 3783
3782 3864
3783 3784
3783 3864
3783 3865
3784 3785
3784 3865
3784 3866
3785 3786
3785 3865
3785 3866
3785 3867
3786 3866
3786 3867
3786 3868
3787 3788
3787 3868
3787 3869
3787 3870
3788 3789
3788 3869
3788 3870
3788 3871
3789 3870
3789 3871
3789 3872
3790 3791
3790 3872
3790 3873
3790 3874
3791 3792
3791 3873
3791 3874
3792 3874
3792 3875
3793 3794
3793 3875
3793 3876
3793 3877
3794 3795
3794 3876
3794 3877
3795 3796
3795 3877
3795 3878
3796 3797
3796 3878
3797 3798
3797 3878
3797 3879
3798 3799
3798 3879
3798 3880
3799 3879
3799 3880
3799 3881
3800 3801
3800 3881
3800 3882
3800 3883
3801 3802
3801 3882
3801 3883
3801 3884
3802 3803
3802 3883
3802 3884
3802 3885
3803 3804
3803 3884
3803 3885
3804 3805
3804 3885
3804 3886
3805 3806
3805 3886
3805 3887
3806 3886
3806 3887
3807 3888
3808 3809
3808 3888
3808 3889
3808 3890
3809 3810
3809 3889
3809 3890
3809 3891
3810 3811
3810 3890
3810 3891
3810 3892
3811 3812
3811 3891
3811 3892
3812 3813
3812 3892
3812 3893
3813 3893
3814 3815
3814 3894
3814 3895
3815 3816
3815 3894
3815 3895
3815 3896
3816 3817
3816 3895
3816 3896
3817 3818
3817 3896
3817 3897
3818 3819
3818 3897
3818 3898
3819 3820
3819 3897
3819 3898
3819 3899
3820 3821
3820 3898
3820 3899
3820 3900
3821 3822
3821 3899
3821 3900
3822 3900
3822 3901
3823 3824
3823 3901
3823 3902
3823 3903
3824 3825
3824 3902
3824 3903
3825 3826
3825 3903
3825 3904
3826 3827
3826 3904
3826 3905
3827 3828
3827 3904
3827 3905
3827 3906
3828 3829
3828 3905
3828 3906
3828 3907
3829 3830
3829 3906
3829 3907
3829 3908
3830 3831
3830 3907
3830 3908
3830 3909
3831 3832
3831 3908
3831 3909
3831 3910
3832 3833
3832 3909
3832 3910
3832 3911
3833 3834
3833 3910
3833 3911
3833 3912
3834 3835
3834 3911
3834 3912
3834 3913
3835 3836
3835 3912
3835 3913
3836 3837
3836 3913
3837 3838
3837 3914
3838 3839
3838 3914
3838 3915
3839 3840
3839 3914
3839 3915
3839 3916
3840 3841
3840 3915
3840 3916
3840 3917
3841 3916
3841 3917
3841 3918
3842 3843
3842 3918
3842 3919
3843 3844
3843 3919
3844 3919
3844 3920
3845 3846
3845 3920
3845 3921
3846 3847
3846 3921
3846 3922
3847 3922
3847 3923
3848 3849
3848 3924
3849 3924
3849 3925
3850 3925
3850 3926
3850 3927
3851 3852
3851 3929
3852 3853
3852 3930
3853 3854
3853 3930
3853 3931
3854 3855
3854 3930
3854 3931
3854 3932
3855 3856
3855 3931
3855 3932
3855 3933
3856 3932
3856 3933
3856 3934
3857 3858
3857 3934
3857 3935
3857 3936
3858 3859
3858 3935
3858 3936
3858 3937
3859 3860
3859 3936
3859 3937
3859 3938
3860 3861
3860 3937
3860 3938
3861 3862
3861 3938
3861 3939
3862 3863
3862 3939
3862 3940
3863 3939
3863 3940
3864 3941
3864 3942
3865 3866
3865 3942
3865 3943
3866 3867
3866 3943
3867 3868
3867 3943
3868 3869
3868 3944
3869 3870
3869 3944
3869 3945
3870 3871
3870 3944
3870 3945
3870 3946
3871 3872
3871 3945
3871 3946
3871 3947
3872 3873
3872 3946
3872 3947
3872 3948
3873 3874
3873 3947
3873 3948
3873 3949
3874 3948
3874 3949
3874 3950
3875 3876
3875 3950
3875 3951
3875 3952
3876 3877
3876 3951
3876 3952
3876 3953
3877 3952
3877 3953
3877 3954
3878 3954
3878 3955
3878 3956
3879 3880
3879 3956
3879 3957
3879 3958
3880 3881
3880 3957
3880 3958
3880 3959
3881 3882
3881 3958
3881 3959
3881 3960
3882 3883
3882 3959
3882 3960
3882 3961
3883 3884
3883 3960
3883 3961
3884 3885
3884 3961
3885 3962
3886 3887
3886 3962
3886 3963
3886 3964
3887 3963
3887 3964
3887 3965
3888 3889
3888 3967
3888 3968
3889 3890
3889 3968
3889 3969
3890 3891
3890 3969
3890 3970
3891 3892
3891 3969
3891 3970
3892 3970
3893 3971
3893 3972
3894 3895
3894 3972
3894 3973
3894 3974
3895 3896
3895 3973
3895 3974
3895 3975
3896 3974
3896 3975
3896 3976
3897 3898
3897 3976
3897 3977
3897 3978
3898 3899
3898 3977
3898 3978
3898 3979
3899 3900
3899 3978
3899 3979
3900 3979
3900 3980
3901 3902
3901 3980
3901 3981
3901 3982
3902 3903
3902 3981
3902 3982
3902 3983
3903 3982
3903 3983
3903 3984
3904 3905
3904 3984
3904 3985
3904 3986
3905 3906
3905 3985
3905 3986
3905 3987
3906 3907
3906 3986
3906 3987
3906 3988
3907 3908
3907 3987
3907 3988
3907 3989
3908 3909
3908 3988
3908 3989
3909 3910
3909 3989
3909 3990
3910 3911
3910 3990
3910 3991
3911 3912
3911 3990
3911 3991
3911 3992
3912 3913
3912 3991
3912 3992
3912 3993
3913 3992
3913 3993
3913 3994
3914 3915
3914 3995
3914 3996
3914 3997
3915 3916
3915 3996
3915 3997
3915 3998
3916 3917
3916 3997
3916 3998
3916 3999
3917 3918
3917 3998
3917 3999
3918 3999
3918 4000
3919 4000
3919 4001
3919 4002
3920 3921
3920 4002
3920 4003
3920 4004
3921 4003
3921 4004
3922 3923
3922 4005
3923 4005
3924 4006
3924 4007
3925 3926
3925 4007
3925 4008
3925 4009
3926 3927
3926 4008
3926 4009
3926 4010
3927 3928
3927 4009
3927 4010
3927 4011
3928 3929
3928 4010
3928 4011
3929 4011
3929 4012
3930 3931
3930 4013
3930 4014
3930 4015
3931 3932
3931 4014
3931 4015
3931 4016
3932 3933
3932 4015
3932 4016
3932 4017
3933 3934
3933 4016
3933 4017
3933 4018
3934 3935
3934 4017
3934 4018
3934 4019
3935 3936
3935 4018
3935 4019
3936 3937
3936 4019
3936 4020
3937 3938
3937 4020
3937 4021
3938 4020
3938 4021
3938 4022
3939 3940
3939 4022
3939 4023
3939 4024
3940 4023
3940 4024
3941 3942
3942 4025
3943 4025
3943 4026
3943 4027
3944 3945
3944 4028
3944 4029
3945 3946
3945 4028
3945 4029
3945 4030
3946 3947
3946 4029
3946 4030
3946 4031
3947 3948
3947 4030
3947 4031
3948 3949
3948 4031
3948 4032
3949 3950
3949 4032
3949 4033
3950 3951
3950 4032
3950 4033
3950 4034
3951 3952
3951 4033
3951 4034
3951 4035
3952 3953
3952 4034
3952 4035
3952 4036
3953 3954
3953 4035
3953 4036
3953 4037
3954 3955
3954 4036
3954 4037
3955 3956
3955 4037
3955 4038
3956 3957
3956 4038
3956 4039
3957 3958
3957 4038
3957 4039
3957 4040
3958 3959
3958 4039
3958 4040
3958 4041
3959 3960
3959 4040
3959 4041
3959 4042
3960 3961
3960 4041
3960 4042
3960 4043
3961 4042
3961 4043
3961 4044
3962 3963
3962 4045
3963 3964
3963 4045
3964 3965
3964 4046
3965 3966
3965 4046
3965 4047
3966 3967
3966 4046
3966 4047
3967 3968
3967 4047
3967 4048
3968 4048
3968 4049
3969 3970
3969 4049
3969 4050
3969 4051
3970 4050
3970 4051
3970 4052
3971 3972
3971 4053
3971 4054
3971 4055
3972 3973
3972 4054
3972 4055
3972 4056
3973 3974
3973 4055
3973 4056
3973 4057
3974 3975
3974 4056
3974 4057
3974 4058
3975 3976
3975 4057
3975 4058
3975 4059
3976 3977
3976 4058
3976 4059
3976 4060
3977 3978
3977 4059
3977 4060
3977 4061
3978 3979
3978 4060
3978 4061
3979 4061
3979 4062
3980 3981
3980 4062
3980 4063
3980 4064
3981 3982
3981 4063
3981 4064
3981 4065
3982 3983
3982 4064
3982 4065
3982 4066
3983 3984
3983 4065
3983 4066
3983 4067
3984 3985
3984 4066
3984 4067
3984 4068
3985 3986
3985 4067
3985 4068
3985 4069
3986 3987
3986 4068
3986 4069
3986 4070
3987 3988
3987 4069
3987 4070
3987 4071
3988 3989
3988 4070
3988 4071
3988 4072
3989 4071
3989 4072
3989 4073
3990 3991
3990 4073
3991 3992
3991 4074
3992 3993
3992 4074
3992 4075
3993 3994
3993 4074
3993 4075
3993 4076
3994 3995
3994 4075
3994 4076
3994 4077
3995 3996
3995 4076
3995 4077
3996 3997
3996 4077
3997 3998
3997 4078
3998 3999
3998 4078
3999 4078
3999 4079
4000 4001
4000 4079
4000 4080
4000 4081
4001 4002
4001 4080
4001 4081
4001 4082
4002 4003
4002 4081
4002 4082
4002 4083
4003 4004
4003 4082
4003 4083
4003 4084
4004 4083
4004 4084
4004 4085
4005 4085
4005 4086
4006 4007
4006 4087
4006 4088
4007 4008
4007 4087
4007 4088
4007 4089
4008 4009
4008 4088
4008 4089
4009 4010
4009 4089
4009 4090
4010 4011
4010 4090
4011 4090
4011 4091
4012 4013
4012 4091
4012 4092
4012 4093
4013 4014
4013 4092
4013 4093
4013 4094
4014 4015
4014 4093
4014 4094
4014 4095
4015 4016
4015 4094
4015 4095
4015 4096
4016 4017
4016 4095
4016 4096
4017 4018
4017 4096
4017 4097
4018 4019
4018 4097
4018 4098
4019 4097
4019 4098
4020 4021
4020 4099
4020 4100
4021 4022
4021 4099
4021 4100
4022 4023
4022 4100
4022 4101
4023 4024
4023 4101
4023 4102
4024 4101
4024 4102
4024 4103
4025 4026
4025 4105
4025 4106
4025 4107
4026 4027
4026 4106
4026 4107
4026 4108
4027 4107
4027 4108
4028 4029
4028 4109
4029 4030
4029 4109
4029 4110
4030 4031
4030 4109
4030 4110
4030 4111
4031 4110
4031 4111
4031 4112
4032 4033
4032 4112
4032 4113
4032 4114
4033 4034
4033 4113
4033 4114
4033 4115
4034 4035
4034 4114
4034 4115
4034 4116
4035 4036
4035 4115
4035 4116
4036 4037
4036 4116
4036 4117
4037 4117
4038 4039
4038 4118
4039 4040
4039 4118
4039 4119
4040 4041
4040 4118
4040 4119
4040 4120
4041 4042
4041 4119
4041 4120
4041 4121
4042 4043
4042 4120
4042 4121
4042 4122
4043 4044
4043 4121
4043 4122
4043 4123
4044 4122
4044 4123
4044 4124
4045 4124
4045 4125
4045 4126
4046 4047
4046 4127
4046 4128
4047 4128
4047 4129
4048 4049
4048 4129
4048 4130
4048 4131
4049 4050
4049 4130
4049 4131
4049 4132
4050 4051
4050 4131
4050 4132
4050 4133
4051 4052
4051 4132
4051 4133
4051 4134
4052 4053
4052 4133
4052 4134
4052 4135
4053 4054
4053 4134
4053 4135
4053 4136
4054 4055
4054 4135
4054 4136
4054 4137
4055 4056
4055 4136
4055 4137
4055 4138
4056 4057
4056 4137
4056 4138
4056 4139
4057 4058
4057 4138
4057 4139
4057 4140
4058 4059
4058 4139
4058 4140
4058 4141
4059 4060
4059 4140
4059 4141
4059 4142
4060 4061
4060 4141
4060 4142
4060 4143
4061 4142
4061 4143
4061 4144
4062 4063
4062 4144
4062 4145
4062 4146
4063 4064
4063 4145
4063 4146
4063 4147
4064 4065
4064 4146
4064 4147
4064 4148
4065 4066
4065 4147
4065 4148
4065 4149
4066 4067
4066 4148
4066 4149
4066 4150
4067 4068
4067 4149
4067 4150
4067 4151
4068 4069
4068 4150
4068 4151
4068 4152
4069 4070
4069 4151
4069 4152
4069 4153
4070 4071
4070 4152
4070 4153
4070 4154
4071 4072
4071 4153
4071 4154
4071 4155
4072 4073
4072 4154
4072 4155
4072 4156
4073 4155
4073 4156
4073 4157
4074 4075
4074 4158
4074 4159
4074 4160
4075 4076
4075 4159
4075 4160
4076 4077
4076 4160
4078 4161
4078 4162
4079 4080
4079 4163
4079 4164
4080 4081
4080 4163
4080 4164
4080 4165
4081 4082
4081 4164
4081 4165
4081 4166
4082 4083
4082 4165
4082 4166
4082 4167
4083 4084
4083 4166
4083 4167
4084 4085
4084 4167
4084 4168
4085 4086
4085 4168
4085 4169
4086 4168
4086 4169
4086 4170
4087 4088
4087 4171
4087 4172
4088 4089
4088 4171
4088 4172
4088 4173
4089 4172
4089 4173
4089 4174
4090 4174
4090 4175
4091 4092
4091 4175
4091 4176
4091 4177
4092 4093
4092 4176
4092 4177
4092 4178
4093 4094
4093 4177
4093 4178
4093 4179
4094 4095
4094 4178
4094 4179
4094 4180
4095 4096
4095 4179
4095 4180
4095 4181
4096 4180
4096 4181
4096 4182
4097 4098
4097 4182
4097 4183
4097 4184
4098 4183
4098 4184
4098 4185
4099 4100
4099 4185
4099 4186
4100 4186
4100 4187
4101 4102
4101 4187
4101 4188
4101 4189
4102 4103
4102 4188
4102 4189
4102 4190
4103 4104
4103 4189
4103 4190
4103 4191
4104 4105
4104 4190
4104 4191
4104 4192
4105 4106
4105 4191
4105 4192
4105 4193
4106 4107
4106 4192
4106 4193
4106 4194
4107 4108
4107 4193
4107 4194
4108 4194
4108 4195
4109 4110
4109 4196
4110 4111
4110 4196
4110 4197
4111 4112
4111 4196
4111 4197
4111 4198
4112 4113
4112 4197
4112 4198
4112 4199
4113 4114
4113 4198
4113 4199
4113 4200
4114 4115
4114 4199
4114 4200
4115 4116
4115 4200
4115 4201
4116 4201
4116 4202
4117 4202
4117 4203
4117 4204
4118 4119
4118 4205
4118 4206
4119 4120
4119 4206
4120 4121
4120 4207
4121 4122
4121 4207
4121 4208
4122 4123
4122 4207
4122 4208
4123 4124
4123 4208
4123 4209
4124 4125
4124 4209
4124 4210
4125 4126
4125 4209
4125 4210
4125 4211
4126 4127
4126 4210
4126 4211
4126 4212
4127 4211
4127 4212
4127 4213
4128 4129
4128 4213
4128 4214
4128 4215
4129 4130
4129 4214
4129 4215
4129 4216
4130 4131
4130 4215
4130 4216
4130 4217
4131 4132
4131 4216
4131 4217
4131 4218
4132 4133
4132 4217
4132 4218
4133 4134
4133 4218
4133 4219
4134 4135
4134 4219
4134 4220
4135 4136
4135 4219
4135 4220
4135 4221
4136 4137
4136 4220
4136 4221
4137 4138
4137 4221
4137 4222
4138 4139
4138 4222
4138 4223
4139 4140
4139 4222
4139 4223
4140 4141
4140 4223
4140 4224
4141 4142
4141 4224
4142 4143
4142 4224
4142 4225
4143 4144
4143 4225
4143 4226
4144 4145
4144 4225
4144 4226
4144 4227
4145 4146
4145 4226
4145 4227
4145 4228
4146 4147
4146 4227
4146 4228
4146 4229
4147 4148
4147 4228
4147 4229
4147 4230
4148 4149
4148 4229
4148 4230
4148 4231
4149 4150
4149 4230
4149 4231
4149 4232
4150 4151
4150 4231
4150 4232
4150 4233
4151 4152
4151 4232
4151 4233
4151 4234
4152 4153
4152 4233
4152 4234
4152 4235
4153 4154
4153 4234
4153 4235
4153 4236
4154 4155
4154 4235
4154 4236
4154 4237
4155 4156
4155 4236
4155 4237
4155 4238
4156 4157
4156 4237
4156 4238
4156 4239
4157 4158
4157 4238
4157 4239
4157 4240
4158 4159
4158 4239
4158 4240
4158 4241
4159 4160
4159 4240
4159 4241
4159 4242
4160 4241
4160 4242
4161 4162
4161 4244
4161 4245
4161 4246
4162 4245
4162 4246
4163 4164
4163 4247
4163 4248
4164 4165
4164 4247
4164 4248
4164 4249
4165 4166
4165 4248
4165 4249
4165 4250
4166 4167
4166 4249
4166 4250
4166 4251
4167 4250
4167 4251
4167 4252
4168 4169
4168 4252
4168 4253
4169 4170
4169 4253
4169 4254
4170 4253
4170 4254
4171 4172
4171 4255
4171 4256
4172 4173
4172 4255
4172 4256
4172 4257
4173 4174
4173 4256
4173 4257
4173 4258
4174 4257
4174 4258
4175 4176
4175 4259
4176 4177
4176 4259
4176 4260
4177 4178
4177 4259
4177 4260
4177 4261
4178 4179
4178 4260
4178 4261
4178 4262
4179 4180
4179 4261
4179 4262
4179 4263
4180 4181
4180 4262
4180 4263
4180 4264
4181 4182
4181 4263
4181 4264
4182 4183
4182 4264
4182 4265
4183 4184
4183 4265
4183 4266
4184 4185
4184 4265
4184 4266
4184 4267
4185 4266
4185 4267
4185 4268
4186 4187
4186 4268
4186 4269
4186 4270
4187 4188
4187 4269
4187 4270
4187 4271
4188 4189
4188 4270
4188 4271
4188 4272
4189 4190
4189 4271
4189 4272
4189 4273
4190 4191
4190 4272
4190 4273
4190 4274
4191 4192
4191 4273
4191 4274
4191 4275
4192 4193
4192 4274
4192 4275
4192 4276
4193 4194
4193 4275
4193 4276
4193 4277
4194 4276
4194 4277
4194 4278
4195 4278
4195 4279
4196 4197
4196 4280
4196 4281
4196 4282
4197 4198
4197 4281
4197 4282
4197 4283
4198 4199
4198 4282
4198 4283
4198 4284
4199 4200
4199 4283
4199 4284
4199 4285
4200 4284
4200 4285
4200 4286
4201 4202
4201 4286
4201 4287
4202 4203
4202 4287
4203 4204
4203 4287
4203 4288
4204 4205
4204 4288
4204 4289
4205 4206
4205 4288
4205 4289
4206 4289
4206 4290
4207 4208
4207 4291
4207 4292
4208 4292
4208 4293
4209 4210
4209 4293
4209 4294
4210 4211
4210 4294
4210 4295
4211 4212
4211 4294
4211 4295
4211 4296
4212 4213
4212 4295
4212 4296
4212 4297
4213 4214
4213 4296
4213 4297
4213 4298
4214 4215
4214 4297
4214 4298
4215 4216
4215 4298
4215 4299
4216 4217
4216 4299
4216 4300
4217 4218
4217 4299
4217 4300
4217 4301
4218 4300
4218 4301
4218 4302
4219 4220
4219 4302
4219 4303
4219 4304
4220 4221
4220 4303
4220 4304
4221 4304
4221 4305
4222 4223
4222 4305
4222 4306
4222 4307
4223 4306
4223 4307
4224 4308
4225 4226
4225 4309
4225 4310
4226 4227
4226 4309
4226 4310
4226 4311
4227 4228
4227 4310
4227 4311
4227 4312
4228 4229
4228 4311
4228 4312
4228 4313
4229 4230
4229 4312
4229 4313
4229 4314
4230 4231
4230 4313
4230 4314
4230 4315
4231 4232
4231 4314
4231 4315
4231 4316
4232 4233
4232 4315
4232 4316
4232 4317
4233 4234
4233 4316
4233 4317
4233 4318
4234 4235
4234 4317
4234 4318
4234 4319
4235 4236
4235 4318
4235 4319
4235 4320
4236 4237
4236 4319
4236 4320
4236 4321
4237 4238
4237 4320
4237 4321
4237 4322
4238 4239
4238 4321
4238 4322
4238 4323
4239 4240
4239 4322
4239 4323
4239 4324
4240 4241
4240 4323
4240 4324
4240 4325
4241 4242
4241 4324
4241 4325
4241 4326
4242 4325
4242 4326
4242 4327
4243 4244
4243 4327
4243 4328
4243 4329
4244 4245
4244 4328
4244 4329
4244 4330
4245 4246
4245 4329
4245 4330
4245 4331
4246 4330
4246 4331
4247 4248
4247 4332
4247 4333
4248 4249
4248 4332
4248 4333
4248 4334
4249 4250
4249 4333
4249 4334
4250 4251
4250 4334
4250 4335
4251 4252
4251 4335
4251 4336
4252 4335
4252 4336
4252 4337
4253 4254
4253 4337
4253 4338
4253 4339
4254 4338
4254 4339
4255 4256
4255 4340
4256 4257
4256 4340
4256 4341
4257 4258
4257 4341
4257 4342
4258 4341
4258 4342
4259 4260
4259 4343
4259 4344
4259 4345
4260 4261
4260 4344
4260 4345
4260 4346
4261 4262
4261 4345
4261 4346
4261 4347
4262 4263
4262 4346
4262 4347
4262 4348
4263 4264
4263 4347
4263 4348
4263 4349
4264 4348
4264 4349
4265 4266
4265 4350
4265 4351
4266 4267
4266 4350
4266 4351
4266 4352
4267 4268
4267 4351
4267 4352
4267 4353
4268 4269
4268 4352
4268 4353
4268 4354
4269 4270
4269 4353
4269 4354
4269 4355
4270 4271
4270 4354
4270 4355
4270 4356
4271 4272
4271 4355
4271 4356
4271 4357
4272 4273
4272 4356
4272 4357
4272 4358
4273 4274
4273 4357
4273 4358
4273 4359
4274 4275
4274 4358
4274 4359
4274 4360
4275 4276
4275 4359
4275 4360
4275 4361
4276 4277
4276 4360
4276 4361
4276 4362
4277 4278
4277 4361
4277 4362
4277 4363
4278 4362
4278 4363
4278 4364
4279 4280
4279 4364
4279 4365
4279 4366
4280 4281
4280 4365
4280 4366
4280 4367
4281 4282
4281 4366
4281 4367
4281 4368
4282 4283
4282 4367
4282 4368
4282 4369
4283 4284
4283 4368
4283 4369
4284 4285
4284 4369
4284 4370
4285 4286
4285 4370
4285 4371
4286 4370
4286 4371
4286 4372
4287 4372
4287 4373
4287 4374
4288 4289
4288 4374
4288 4375
4288 4376
4289 4375
4289 4376
4290 4291
4290 4377
4291 4292
4291 4377
4291 4378
4292 4377
4292 4378
4292 4379
4293 4379
4293 4380
4293 4381
4294 4295
4294 4381
4294 4382
4294 4383
4295 4296
4295 4382
4295 4383
4295 4384
4296 4297
4296 4383
4296 4384
4296 4385
4297 4298
4297 4384
4297 4385
4297 4386
4298 4385
4298 4386
4298 4387
4299 4300
4299 4387
4299 4388
4299 4389
4300 4301
4300 4388
4300 4389
4300 4390
4301 4302
4301 4389
4301 4390
4301 4391
4302 4303
4302 4390
4302 4391
4302 4392
4303 4304
4303 4391
4303 4392
4303 4393
4304 4392
4304 4393
4304 4394
4305 4306
4305 4394
4305 4395
4306 4307
4306 4395
4306 4396
4307 4395
4307 4396
4307 4397
4308 4397
4308 4398
4309 4310
4309 4399
4309 4400
4310 4311
4310 4399
4310 4400
4310 4401
4311 4312
4311 4400
4311 4401
4311 4402
4312 4313
4312 4401
4312 4402
4312 4403
4313 4314
4313 4402
4313 4403
4313 4404
4314 4315
4314 4403
4314 4404
4315 4316
4315 4404
4315 4405
4316 4317
4316 4405
4316 4406
4317 4318
4317 4405
4317 4406
4317 4407
4318 4319
4318 4406
4318 4407
4318 4408
4319 4320
4319 4407
4319 4408
4319 4409
4320 4321
4320 4408
4320 4409
4320 4410
4321 4322
4321 4409
4321 4410
4321 4411
4322 4323
4322 4410
4322 4411
4322 4412
4323 4324
4323 4411
4323 4412
4323 4413
4324 4325
4324 4412
4324 4413
4325 4326
4325 4413
4325 4414
4326 4327
4326 4414
4326 4415
4327 4328
4327 4414
4327 4415
4328 4329
4328 4415
4328 4416
4329 4330
4329 4416
4329 4417
4330 4331
4330 4416
4330 4417
4330 4418
4331 4417
4331 4418
4331 4419
4332 4333
4332 4419
4333 4334
4333 4420
4334 4420
4334 4421
4335 4336
4335 4421
4335 4422
4335 4423
4336 4337
4336 4422
4336 4423
4336 4424
4337 4338
4337 4423
4337 4424
4337 4425
4338 4339
4338 4424
4338 4425
4338 4426
4339 4425
4339 4426
4340 4427
4340 4428
4341 4342
4341 4428
4341 4429
4341 4430
4342 4429
4342 4430
4342 4431
4343 4344
4343 4431
4343 4432
4344 4345
4344 4432
4344 4433
4345 4346
4345 4432
4345 4433
4346 4347
4346 4433
4346 4434
4347 4348
4347 4434
4348 4349
4348 4434
4348 4435
4349 4435
4349 4436
4350 4351
4350 4436
4350 4437
4350 4438
4351 4352
4351 4437
4351 4438
4351 4439
4352 4353
4352 4438
4352 4439
4352 4440
4353 4354
4353 4439
4353 4440
4354 4355
4354 4440
4354 4441
4355 4356
4355 4441
4355 4442
4356 4357
4356 4441
4356 4442
4356 4443
4357 4358
4357 4442
4357 4443
4358 4359
4358 4443
4359 4360
4360 4361
4360 4444
4361 4362
4361 4444
4361 4445
4362 4363
4362 4444
4362 4445
4362 4446
4363 4364
4363 4445
4363 4446
4363 4447
4364 4365
4364 4446
4364 4447
4364 4448
4365 4366
4365 4447
4365 4448
4365 4449
4366 4367
4366 4448
4366 4449
4366 4450
4367 4368
4367 4449
4367 4450
4367 4451
4368 4369
4368 4450
4368 4451
4369 4451
4369 4452
4370 4371
4370 4452
4370 4453
4370 4454
4371 4372
4371 4453
4371 4454
4371 4455
4372 4373
4372 4454
4372 4455
4372 4456
4373 4374
4373 4455
4373 4456
4373 4457
4374 4375
4374 4456
4374 4457
4374 4458
4375 4376
4375 4457
4375 4458
4375 4459
4376 4458
4376 4459
4376 4460
4377 4378
4377 4461
4377 4462
4377 4463
4378 4379
4378 4462
4378 4463
4378 4464
4379 4380
4379 4463
4379 4464
4379 4465
4380 4381
4380 4464
4380 4465
4381 4382
4381 4465
4381 4466
4382 4383
4382 4466
4382 4467
4383 4384
4383 4466
4383 4467
4383 4468
4384 4385
4384 4467
4384 4468
4384 4469
4385 4386
4385 4468
4385 4469
4385 4470
4386 4387
4386 4469
4386 4470
4386 4471
4387 4388
4387 4470
4387 4471
4387 4472
4388 4389
4388 4471
4388 4472
4388 4473
4389 4390
4389 4472
4389 4473
4389 4474
4390 4391
4390 4473
4390 4474
4390 4475
4391 4392
4391 4474
4391 4475
4392 4393
4392 4475
4393 4394
4393 4476
4394 4476
4394 4477
4395 4396
4395 4477
4395 4478
4396 4397
4396 4478
4396 4479
4397 4398
4397 4478
4397 4479
4398 4479
4398 4480
4399 4400
4399 4480
4399 4481
4399 4482
4400 4401
4400 4481
4400 4482
4401 4402
4401 4482
4401 4483
4402 4403
4402 4483
4402 4484
4403 4404
4403 4483
4403 4484
4403 4485
4404 4484
4404 4485
4405 4406
4405 4486
4406 4407
4406 4486
4406 4487
4407 4408
4407 4486
4407 4487
4407 4488
4408 4409
4408 4487
4408 4488
4408 4489
4409 4410
4409 4488
4409 4489
4409 4490
4410 4411
4410 4489
4410 4490
4410 4491
4411 4412
4411 4490
4411 4491
4411 4492
4412 4413
4412 4491
4412 4492
4412 4493
4413 4492
4413 4493
4413 4494
4414 4415
4414 4494
4414 4495
4414 4496
4415 4495
4415 4496
4415 4497
4416 4417
4416 4497
4416 4498
4416 4499
4417 4418
4417 4498
4417 4499
4418 4419
4418 4499
4418 4500
4419 4500
4419 4501
4420 4421
4420 4502
4420 4503
4421 4422
4421 4503
4421 4504
4422 4423
4422 4503
4422 4504
4422 4505
4423 4424
4423 4504
4423 4505
4423 4506
4424 4425
4424 4505
4424 4506
4424 4507
4425 4426
4425 4506
4425 4507
4425 4508
4426 4507
4426 4508
4427 4428
4427 4509
4428 4429
4428 4509
4428 4510
4429 4430
4429 4510
4430 4431
4430 4510
4430 4511
4431 4511
4431 4512
4432 4433
4432 4512
4432 4513
4432 4514
4433 4513
4433 4514
4434 4515
4434 4516
4435 4436
4435 4516
4435 4517
4435 4518
4436 4437
4436 4517
4436 4518
4436 4519
4437 4438
4437 4518
4437 4519
4437 4520
4438 4439
4438 4519
4438 4520
4439 4440
4439 4520
4439 4521
4440 4521
4441 4442
4441 4522
4441 4523
4442 4443
4442 4522
4442 4523
4443 4523
4443 4524
4444 4445
4444 4526
4444 4527
4445 4446
4445 4527
4445 4528
4446 4447
4446 4528
4446 4529
4447 4448
4447 4528
4447 4529
4447 4530
4448 4449
4448 4529
4448 4530
4448 4531
4449 4450
4449 4530
4449 4531
4449 4532
4450 4451
4450 4531
4450 4532
4450 4533
4451 4532
4451 4533
4451 4534
4452 4453
4452 4534
4452 4535
4452 4536
4453 4454
4453 4535
4453 4536
4453 4537
4454 4455
4454 4536
4454 4537
4454 4538
4455 4456
4455 4537
4455 4538
4456 4457
4456 4538
4456 4539
4457 4458
4457 4539
4457 4540
4458 4459
4458 4539
4458 4540
4458 4541
4459 4460
4459 4540
4459 4541
4459 4542
4460 4461
4460 4541
4460 4542
4460 4543
4461 4462
4461 4542
4461 4543
4461 4544
4462 4463
4462 4543
4462 4544
4462 4545
4463 4464
4463 4544
4463 4545
4463 4546
4464 4465
4464 4545
4464 4546
4464 4547
4465 4546
4465 4547
4465 4548
4466 4467
4466 4548
4466 4549
4467 4468
4467 4549
4467 4550
4468 4469
4468 4550
4468 4551
4469 4470
4469 4550
4469 4551
4470 4471
4470 4551
4471 4472
4471 4552
4472 4473
4472 4552
4472 4553
4473 4474
4473 4552
4473 4553
4474 4475
4474 4553
4474 4554
4475 4554
4475 4555
4476 4477
4476 4556
4477 4557
4478 4479
4478 4557
4478 4558
4479 4558
4479 4559
4480 4481
4480 4559
4480 4560
4480 4561
4481 4482
4481 4560
4481 4561
4481 4562
4482 4561
4482 4562
4482 4563
4483 4484
4483 4563
4483 4564
4483 4565
4484 4485
4484 4564
4484 4565
4484 4566
4485 4565
4485 4566
4485 4567
4486 4487
4486 4568
4486 4569
4487 4488
4487 4568
4487 4569
4487 4570
4488 4489
4488 4569
4488 4570
4488 4571
4489 4490
4489 4570
4489 4571
4489 4572
4490 4491
4490 4571
4490 4572
4490 4573
4491 4492
4491 4572
4491 4573
4491 4574
4492 4493
4492 4573
4492 4574
4492 4575
4493 4494
4493 4574
4493 4575
4494 4495
4494 4575
4494 4576
4495 4496
4495 4576
4495 4577
4496 4497
4496 4576
4496 4577
4496 4578
4497 4498
4497 4577
4497 4578
4497 4579
4498 4499
4498 4578
4498 4579
4498 4580
4499 4579
4499 4580
4500 4501
4500 4581
4501 4502
4501 4581
4501 4582
4502 4581
4502 4582
4502 4583
4503 4504
4503 4583
4503 4584
4503 4585
4504 4505
4504 4584
4504 4585
4505 4506
4505 4585
4505 4586
4506 4507
4506 4586
4506 4587
4507 4508
4507 4586
4507 4587
4508 4587
4509 4588
4509 4589
4510 4589
4510 4590
4510 4591
4511 4512
4511 4591
4511 4592
4511 4593
4512 4513
4512 4592
4512 4593
4512 4594
4513 4514
4513 4593
4513 4594
4513 4595
4514 4594
4514 4595
4515 4516
4515 4596
4515 4597
4516 4517
4516 4596
4516 4597
4516 4598
4517 4518
4517 4597
4517 4598
4518 4519
4518 4598
4518 4599
4519 4520
4519 4599
4519 4600
4520 4599
4520 4600
4520 4601
4521 4601
4521 4602
4521 4603
4522 4523
4522 4603
4522 4604
4522 4605
4523 4604
4523 4605
4523 4606
4524 4525
4524 4606
4524 4607
4525 4526
4525 4607
4525 4608
4526 4527
4526 4608
4526 4609
4527 4608
4527 4609
4527 4610
4528 4529
4528 4610
4528 4611
4529 4530
4529 4611
4529 4612
4530 4531
4530 4611
4530 4612
4530 4613
4531 4532
4531 4612
4531 4613
4531 4614
4532 4533
4532 4613
4532 4614
4532 4615
4533 4534
4533 4614
4533 4615
4533 4616
4534 4535
4534 4615
4534 4616
4534 4617
4535 4536
4535 4616
4535 4617
4535 4618
4536 4537
4536 4617
4536 4618
4536 4619
4537 4538
4537 4618
4537 4619
4537 4620
4538 4619
4538 4620
4538 4621
4539 4540
4539 4621
4539 4622
4539 4623
4540 4541
4540 4622
4540 4623
4540 4624
4541 4542
4541 4623
4541 4624
4542 4543
4542 4624
4542 4625
4543 4544
4543 4625
4544 4545
4544 4625
4544 4626
4545 4546
4545 4626
4546 4547
4546 4626
4546 4627
4547 4548
4547 4627
4547 4628
4548 4549
4548 4627
4548 4628
4548 4629
4549 4628
4549 4629
4549 4630
4550 4551
4550 4630
4550 4631
4550 4632
4551 4631
4551 4632
4551 4633
4552 4553
4552 4634
4553 4635
4554 4555
4554 4635
4554 4636
4554 4637
4555 4556
4555 4636
4555 4637
4555 4638
4556 4637
4556 4638
4556 4639
4557 4558
4557 4640
4557 4641
4557 4642
4558 4641
4558 4642
4558 4643
4559 4560
4559 4643
4559 4644
4559 4645
4560 4561
4560 4644
4560 4645
4560 4646
4561 4562
4561 4645
4561 4646
4561 4647
4562 4563
4562 4646
4562 4647
4563 4564
4563 4647
4563 4648
4564 4565
4564 4648
4565 4566
4565 4648
4565 4649
4566 4567
4566 4649
4567 4649
4567 4650
4568 4569
4568 4650
4568 4651
4568 4652
4569 4570
4569 4651
4569 4652
4569 4653
4570 4571
4570 4652
4570 4653
4570 4654
4571 4572
4571 4653
4571 4654
4571 4655
4572 4573
4572 4654
4572 4655
4572 4656
4573 4574
4573 4655
4573 4656
4573 4657
4574 4575
4574 4656
4574 4657
4574 4658
4575 4657
4575 4658
4576 4577
4576 4659
4576 4660
4577 4578
4577 4659
4577 4660
4577 4661
4578 4579
4578 4660
4578 4661
4578 4662
4579 4580
4579 4661
4579 4662
4579 4663
4580 4662
4580 4663
4581 4582
4581 4664
4581 4665
4581 4666
4582 4583
4582 4665
4582 4666
4582 4667
4583 4584
4583 4666
4583 4667
4584 4585
4584 4667
4584 4668
4585 4668
4586 4587
4586 4669
4587 4669
4587 4670
4588 4589
4588 4671
4589 4590
4589 4671
4589 4672
4590 4591
4590 4672
4590 4673
4591 4592
4591 4672
4591 4673
4591 4674
4592 4593
4592 4673
4592 4674
4592 4675
4593 4594
4593 4674
4593 4675
4593 4676
4594 4595
4594 4675
4594 4676
4595 4676
4595 4677
4596 4597
4596 4677
4596 4678
4596 4679
4597 4598
4597 4678
4597 4679
4597 4680
4598 4679
4598 4680
4598 4681
4599 4600
4599 4681
4599 4682
4599 4683
4600 4601
4600 4682
4600 4683
4600 4684
4601 4602
4601 4683
4601 4684
4601 4685
4602 4603
4602 4684
4602 4685
4602 4686
4603 4604
4603 4685
4603 4686
4604 4605
4604 4686
4604 4687
4605 4606
4605 4687
4605 4688
4606 4607
4606 4687
4606 4688
4606 4689
4607 4688
4607 4689
4607 4690
4608 4609
4608 4690
4608 4691
4608 4692
4609 4610
4609 4691
4609 4692
4610 4692
4611 4612
4611 4693
4611 4694
4612 4613
4612 4693
4612 4694
4612 4695
4613 4614
4613 4694
4613 4695
4613 4696
4614 4615
4614 4695
4614 4696
4614 4697
4615 4616
4615 4696
4615 4697
4615 4698
4616 4617
4616 4697
4616 4698
4616 4699
4617 4618
4617 4698
4617 4699
4617 4700
4618 4619
4618 4699
4618 4700
4618 4701
4619 4620
4619 4700
4619 4701
4619 4702
4620 4621
4620 4701
4620 4702
4621 4622
4621 4702
4621 4703
4622 4623
4622 4703
4622 4704
4623 4624
4623 4703
4623 4704
4624 4704
4624 4705
4625 4705
4625 4706
4625 4707
4626 4707
4626 4708
4626 4709
4627 4628
4627 4709
4627 4710
4627 4711
4628 4629
4628 4710
4628 4711
4628 4712
4629 4630
4629 4711
4629 4712
4629 4713
4630 4631
4630 4712
4630 4713
4630 4714
4631 4632
4631 4713
4631 4714
4631 4715
4632 4633
4632 4714
4632 4715
4632 4716
4633 4634
4633 4715
4633 4716
4633 4717
4634 4716
4634 4717
4634 4718
4635 4636
4635 4719
4636 4637
4636 4720
4637 4638
4637 4720
4638 4639
4638 4720
4639 4640
4639 4721
4640 4641
4640 4721
4640 4722
4641 4642
4641 4721
4641 4722
4641 4723
4642 4643
4642 4722
4642 4723
4642 4724
4643 4644
4643 4723
4643 4724
4643 4725
4644 4645
4644 4724
4644 4725
4644 4726
4645 4646
4645 4725
4645 4726
4645 4727
4646 4647
4646 4726
4646 4727
4646 4728
4647 4727
4647 4728
4647 4729
4648 4729
4648 4730
4648 4731
4649 4731
4650 4651
4650 4732
4651 4652
4651 4732
4651 4733
4652 4653
4652 4733
4653 4654
4653 4733
4653 4734
4654 4655
4654 4734
4654 4735
4655 4656
4655 4734
4655 4735
4656 4657
4656 4735
4656 4736
4657 4658
4657 4736
4658 4736
4658 4737
4659 4660
4659 4737
4659 4738
4659 4739
4660 4661
4660 4738
4660 4739
4660 4740
4661 4662
4661 4739
4661 4740
4661 4741
4662 4663
4662 4740
4662 4741
4662 4742
4663 4741
4663 4742
4664 4665
4664 4743
4664 4744
4665 4666
4665 4743
4665 4744
4665 4745
4666 4667
4666 4744
4666 4745
4666 4746
4667 4745
4667 4746
4667 4747
4668 4747
4668 4748
4668 4749
4669 4670
4669 4750
4669 4751
4670 4751
4671 4752
4671 4753
4672 4673
4672 4753
4672 4754
4673 4674
4673 4754
4673 4755
4674 4675
4674 4755
4674 4756
4675 4676
4675 4755
4675 4756
4675 4757
4676 4756
4676 4757
4676 4758
4677 4678
4677 4758
4677 4759
4677 4760
4678 4679
4678 4759
4678 4760
4678 4761
4679 4680
4679 4760
4679 4761
4679 4762
4680 4681
4680 4761
4680 4762
4680 4763
4681 4682
4681 4762
4681 4763
4681 4764
4682 4683
4682 4763
4682 4764
4682 4765
4683 4684
4683 4764
4683 4765
4683 4766
4684 4685
4684 4765
4684 4766
4684 4767
4685 4686
4685 4766
4685 4767
4685 4768
4686 4767
4686 4768
4686 4769
4687 4688
4687 4769
4687 4770
4687 4771
4688 4689
4688 4770
4688 4771
4688 4772
4689 4690
4689 4771
4689 4772
4689 4773
4690 4691
4690 4772
4690 4773
4690 4774
4691 4692
4691 4773
4691 4774
4691 4775
4692 4774
4692 4775
4692 4776
4693 4694
4693 4777
4693 4778
4693 4779
4694 4695
4694 4778
4694 4779
4694 4780
4695 4696
4695 4779
4695 4780
4695 4781
4696 4697
4696 4780
4696 4781
4696 4782
4697 4698
4697 4781
4697 4782
4698 4699
4698 4782
4698 4783
4699 4700
4699 4783
4699 4784
4700 4701
4700 4783
4700 4784
4700 4785
4701 4702
4701 4784
4701 4785
4701 4786
4702 4785
4702 4786
4702 4787
4703 4704
4703 4787
4703 4788
4703 4789
4704 4788
4704 4789
4704 4790
4705 4706
4705 4790
4705 4791
4705 4792
4706 4707
4706 4791
4706 4792
4706 4793
4707 4708
4707 4792
4707 4793
4708 4709
4708 4793
4708 4794
4709 4710
4709 4794
4709 4795
4710 4711
4710 4794
4710 4795
4710 4796
4711 4712
4711 4795
4711 4796
4711 4797
4712 4713
4712 4796
4712 4797
4712 4798
4713 4714
4713 4797
4713 4798
4713 4799
4714 4715
4714 4798
4714 4799
4714 4800
4715 4716
4715 4799
4715 4800
4715 4801
4716 4717
4716 4800
4716 4801
4716 4802
4717 4718
4717 4801
4717 4802
4718 4719
4718 4802
4719 4803
4720 4804
4721 4722
4721 4805
4722 4723
4722 4806
4723 4724
4723 4806
4723 4807
4724 4725
4724 4806
4724 4807
4725 4726
4725 4807
4725 4808
4726 4727
4726 4808
4726 4809
4727 4728
4727 4808
4727 4809
4727 4810
4728 4729
4728 4809
4728 4810
4728 4811
4729 4730
4729 4810
4729 4811
4730 4731
4730 4811
4730 4812
4731 4812
4731 4813
4732 4814
4732 4815
4732 4816
4733 4816
4733 4817
4733 4818
4734 4735
4734 4818
4734 4819
4734 4820
4735 4819
4735 4820
4735 4821
4736 4821
4736 4822
4737 4738
4737 4823
4738 4739
4738 4823
4738 4824
4739 4740
4739 4823
4739 4824
4739 4825
4740 4741
4740 4824
4740 4825
4741 4742
4741 4825
4742 4826
4743 4744
4743 4826
4744 4745
4744 4827
4745 4746
4745 4827
4745 4828
4746 4747
4746 4827
4746 4828
4746 4829
4747 4748
4747 4828
4747 4829
4747 4830
4748 4749
4748 4829
4748 4830
4748 4831
4749 4750
4749 4830
4749 4831
4749 4832
4750 4831
4750 4832
4750 4833
4751 4833
4751 4834
4752 4753
4752 4835
4752 4836
4753 4754
4753 4835
4753 4836
4753 4837
4754 4836
4754 4837
4755 4756
4755 4838
4755 4839
4756 4757
4756 4838
4756 4839
4756 4840
4757 4758
4757 4839
4757 4840
4757 4841
4758 4759
4758 4840
4758 4841
4758 4842
4759 4760
4759 4841
4759 4842
4760 4761
4760 4842
4760 4843
4761 4762
4761 4843
4761 4844
4762 4763
4762 4843
4762 4844
4762 4845
4763 4764
4763 4844
4763 4845
4763 4846
4764 4765
4764 4845
4764 4846
4764 4847
4765 4766
4765 4846
4765 4847
4765 4848
4766 4767
4766 4847
4766 4848
4766 4849
4767 4768
4767 4848
4767 4849
4768 4769
4768 4849
4768 4850
4769 4770
4769 4850
4769 4851
4770 4771
4770 4850
4770 4851
4770 4852
4771 4772
4771 4851
4771 4852
4771 4853
4772 4773
4772 4852
4772 4853
4772 4854
4773 4774
4773 4853
4773 4854
4773 4855
4774 4775
4774 4854
4774 4855
4775 4776
4775 4855
4775 4856
4776 4777
4776 4856
4776 4857
4777 4778
4777 4856
4777 4857
4778 4779
4778 4857
4778 4858
4779 4780
4779 4858
4779 4859
4780 4781
4780 4858
4780 4859
4780 4860
4781 4782
4781 4859
4781 4860
4782 4860
4782 4861
4783 4784
4783 4861
4783 4862
4783 4863
4784 4785
4784 4862
4784 4863
4784 4864
4785 4786
4785 4863
4785 4864
4785 4865
4786 4787
4786 4864
4786 4865
4786 4866
4787 4788
4787 4865
4787 4866
4788 4789
4788 4866
4788 4867
4789 4790
4789 4867
4789 4868
4790 4791
4790 4867
4790 4868
4790 4869
4791 4792
4791 4868
4791 4869
4792 4793
4792 4869
4792 4870
4793 4870
4793 4871
4794 4795
4794 4871
4794 4872
4794 4873
4795 4796
4795 4872
4795 4873
4795 4874
4796 4797
4796 4873
4796 4874
4796 4875
4797 4798
4797 4874
4797 4875
4797 4876
4798 4799
4798 4875
4798 4876
4799 4800
4799 4876
4800 4801
4800 4877
4801 4802
4801 4877
4801 4878
4802 4877
4802 4878
4802 4879
4803 4880
4803 4881
4804 4805
4804 4882
4804 4883
4805 4883
4805 4884
4806 4807
4806 4885
4806 4886
4806 4887
4807 4886
4807 4887
4807 4888
4808 4809
4808 4888
4808 4889
4809 4810
4809 4889
4809 4890
4810 4811
4810 4890
4810 4891
4811 4890
4811 4891
4811 4892
4812 4813
4812 4892
4812 4893
4812 4894
4813 4814
4813 4893
4813 4894
4813 4895
4814 4815
4814 4894
4814 4895
4815 4816
4815 4895
4815 4896
4816 4817
4816 4896
4816 4897
4817 4818
4817 4896
4817 4897
4818 4819
4818 4897
4818 4898
4819 4820
4819 4898
4820 4821
4820 4898
4820 4899
4821 4822
4821 4899
4821 4900
4822 4899
4822 4900
4822 4901
4823 4824
4823 4902
4823 4903
4824 4825
4824 4902
4824 4903
4824 4904
4825 4903
4825 4904
4825 4905
4826 4906
4826 4907
4826 4908
4827 4828
4827 4909
4827 4910
4828 4829
4828 4909
4828 4910
4828 4911
4829 4830
4829 4910
4829 4911
4830 4831
4830 4911
4830 4912
4831 4832
4831 4912
4831 4913
4832 4833
4832 4912
4832 4913
4832 4914
4833 4834
4833 4913
4833 4914
4833 4915
4834 4914
4834 4915
4835 4836
4835 4916
4836 4837
4836 4916
4836 4917
4837 4916
4837 4917
4838 4839
4839 4840
4839 4918
4840 4841
4840 4918
4840 4919
4841 4842
4841 4918
4841 4919
4842 4919
4842 4920
4843 4844
4843 4920
4843 4921
4843 4922
4844 4845
4844 4921
4844 4922
4844 4923
4845 4846
4845 4922
4845 4923
4846 4847
4846 4923
4846 4924
4847 4848
4847 4924
4848 4849
4848 4924
4850 4851
4850 4925
4850 4926
4851 4852
4851 4925
4851 4926
4851 4927
4852 4853
4852 4926
4852 4927
4852 4928
4853 4854
4853 4927
4853 4928
4854 4855
4854 4928
4855 4929
4856 4857
4856 4929
4856 4930
4856 4931
4857 4930
4857 4931
4857 4932
4858 4859
4858 4932
4858 4933
4859 4860
4859 4933
4859 4934
4860 4934
4860 4935
4861 4862
4861 4935
4861 4936
4861 4937
4862 4863
4862 4936
4862 4937
4862 4938
4863 4864
4863 4937
4863 4938
4863 4939
4864 4865
4864 4938
4864 4939
4865 4866
4865 4939
4866 4940
4867 4868
4867 4940
4868 4869
4869 4941
4870 4871
4870 4941
4870 4942
4870 4943
4871 4872
4871 4942
4871 4943
4872 4873
4872 4943
4872 4944
4873 4874
4873 4944
4873 4945
4874 4875
4874 4944
4874 4945
4874 4946
4875 4876
4875 4945
4875 4946
4876 4946
4876 4947
4877 4878
4877 4948
4877 4949
4878 4879
4878 4948
4878 4949
4879 4880
4879 4949
4879 4950
4880 4881
4880 4950
4880 4951
4881 4950
4881 4951
4881 4952
4882 4952
4882 4953
4883 4884
4883 4954
4883 4955
4884 4885
4884 4954
4884 4955
4884 4956
4885 4886
4885 4955
4885 4956
4885 4957
4886 4887
4886 4956
4886 4957
4886 4958
4887 4888
4887 4957
4887 4958
4887 4959
4888 4889
4888 4958
4888 4959
4888 4960
4889 4959
4889 4960
4889 4961
4890 4891
4890 4961
4890 4962
4890 4963
4891 4892
4891 4962
4891 4963
4892 4893
4892 4963
4892 4964
4893 4894
4893 4964
4893 4965
4894 4895
4894 4964
4894 4965
4894 4966
4895 4965
4895 4966
4895 4967
4896 4897
4896 4967
4896 4968
4896 4969
4897 4968
4897 4969
4897 4970
4898 4970
4898 4971
4898 4972
4899 4900
4899 4972
4899 4973
4899 4974
4900 4901
4900 4973
4900 4974
4900 4975
4901 4974
4901 4975
4901 4976
4902 4903
4902 4976
4902 4977
4902 4978
4903 4904
4903 4977
4903 4978
4903 4979
4904 4905
4904 4978
4904 4979
4904 4980
4905 4906
4905 4979
4905 4980
4905 4981
4906 4907
4906 4980
4906 4981
4907 4908
4907 4981
4909 4910
4910 4911
4910 4982
4911 4982
4911 4983
4912 4913
4912 4983
4912 4984
4912 4985
4913 4914
4913 4984
4913 4985
4913 4986
4914 4915
4914 4985
4914 4986
4915 4986
4916 4917
4916 4987
4916 4988
4916 4989
4917 4988
4917 4989
4918 4919
4918 4991
4918 4992
4918 4993
4919 4992
4919 4993
4919 4994
4920 4921
4920 4994
4920 4995
4921 4922
4921 4995
4921 4996
4922 4923
4922 4996
4922 4997
4923 4996
4923 4997
4923 4998
4924 4998
4924 4999
4924 5000
4925 4926
4925 5001
4925 5002
4926 4927
4926 5002
4926 5003
4927 4928
4927 5003
4927 5004
4928 5003
4928 5004
4928 5005
4929 4930
4929 5006
4929 5007
4929 5008
4930 4931
4930 5007
4930 5008
4930 5009
4931 4932
4931 5008
4931 5009
4931 5010
4932 4933
4932 5009
4932 5010
4933 5010
4933 5011
4934 4935
4934 5011
4934 5012
4934 5013
4935 4936
4935 5012
4935 5013
4935 5014
4936 4937
4936 5013
4936 5014
4936 5015
4937 4938
4937 5014
4937 5015
4937 5016
4938 4939
4938 5015
4938 5016
4938 5017
4939 5016
4939 5017
4939 5018
4940 5019
4940 5020
4941 4942
4941 5022
4941 5023
4942 4943
4942 5023
4942 5024
4943 5024
4943 5025
4944 4945
4944 5025
4944 5026
4944 5027
4945 4946
4945 5026
4945 5027
4945 5028
4946 5027
4946 5028
4946 5029
4947 5029
4947 5030
4947 5031
4948 4949
4948 5031
4948 5032
4948 5033
4949 5032
4949 5033
4949 5034
4950 4951
4950 5034
4950 5035
4951 4952
4951 5035
4951 5036
4952 4953
4952 5035
4952 5036
4952 5037
4953 5036
4953 5037
4953 5038
4954 4955
4954 5038
4954 5039
4954 5040
4955 4956
4955 5039
4955 5040
4955 5041
4956 4957
4956 5040
4956 5041
4956 5042
4957 4958
4957 5041
4957 5042
4958 4959
4958 5042
4958 5043
4959 4960
4959 5043
4959 5044
4960 4961
4960 5043
4960 5044
4960 5045
4961 4962
4961 5044
4961 5045
4961 5046
4962 4963
4962 5045
4962 5046
4962 5047
4963 5046
4963 5047
4963 5048
4964 4965
4964 5048
4964 5049
4964 5050
4965 4966
4965 5049
4965 5050
4965 5051
4966 4967
4966 5050
4966 5051
4967 4968
4967 5051
4968 4969
4968 5052
4969 4970
4969 5052
4969 5053
4970 4971
4970 5052
4970 5053
4970 5054
4971 4972
4971 5053
4971 5054
4971 5055
4972 4973
4972 5054
4972 5055
4972 5056
4973 4974
4973 5055
4973 5056
4973 5057
4974 4975
4974 5056
4974 5057
4974 5058
4975 4976
4975 5057
4975 5058
4975 5059
4976 4977
4976 5058
4976 5059
4976 5060
4977 4978
4977 5059
4977 5060
4978 4979
4978 5060
4979 4980
4979 5061
4980 4981
4980 5061
4981 5061
4981 5062
4982 4983
4982 5066
4982 5067
4982 5068
4983 4984
4983 5067
4983 5068
4983 5069
4984 4985
4984 5068
4984 5069
4984 5070
4985 4986
4985 5069
4985 5070
4985 5071
4986 5070
4986 5071
4987 4988
4987 5072
4987 5073
4988 4989
4988 5072
4988 5073
4988 5074
4989 5073
4989 5074
4989 5075
4990 4991
4990 5075
4990 5076
4990 5077
4991 4992
4991 5076
4991 5077
4991 5078
4992 4993
4992 5077
4992 5078
4993 4994
4993 5078
4993 5079
4994 4995
4994 5079
4994 5080
4995 5079
4995 5080
4995 5081
4996 4997
4996 5081
4996 5082
4996 5083
4997 4998
4997 5082
4997 5083
4997 5084
4998 4999
4998 5083
4998 5084
4999 5000
4999 5084
4999 5085
5000 5085
5000 5086
5001 5002
5001 5086
5001 5087
5001 5088
5002 5087
5002 5088
5002 5089
5003 5004
5003 5089
5003 5090
5003 5091
5004 5005
5004 5090
5004 5091
5004 5092
5005 5006
5005 5091
5005 5092
5005 5093
5006 5007
5006 5092
5006 5093
5007 5008
5007 5093
5008 5009
5008 5094
5009 5010
5009 5094
5009 5095
5010 5094
5010 5095
5010 5096
5011 5012
5011 5096
5011 5097
5012 5013
5012 5097
5013 5014
5013 5098
5014 5015
5014 5098
5014 5099
5015 5016
5015 5098
5015 5099
5015 5100
5016 5017
5016 5099
5016 5100
5016 5101
5017 5018
5017 5100
5017 5101
5017 5102
5018 5019
5018 5101
5018 5102
5018 5103
5019 5020
5019 5102
5019 5103
5019 5104
5020 5103
5020 5104
5020 5105
5021 5022
5021 5105
5021 5106
5021 5107
5022 5023
5022 5106
5022 5107
5022 5108
5023 5107
5023 5108
5023 5109
5024 5025
5024 5109
5024 5110
5024 5111
5025 5026
5025 5110
5025 5111
5025 5112
5026 5027
5026 5111
5026 5112
5026 5113
5027 5028
5027 5112
5027 5113
5027 5114
5028 5029
5028 5113
5028 5114
5028 5115
5029 5030
5029 5114
5029 5115
5029 5116
5030 5031
5030 5115
5030 5116
5030 5117
5031 5032
5031 5116
5031 5117
5031 5118
5032 5033
5032 5117
5032 5118
5032 5119
5033 5034
5033 5118
5033 5119
5033 5120
5034 5119
5034 5120
5034 5121
5035 5036
5035 5121
5035 5122
5035 5123
5036 5037
5036 5122
5036 5123
5037 5038
5037 5123
5037 5124
5038 5039
5038 5124
5038 5125
5039 5040
5039 5124
5039 5125
5039 5126
5040 5041
5040 5125
5040 5126
5040 5127
5041 5042
5041 5126
5041 5127
5042 5127
5042 5128
5043 5044
5043 5128
5043 5129
5043 5130
5044 5045
5044 5129
5044 5130
5044 5131
5045 5046
5045 5130
5045 5131
5045 5132
5046 5047
5046 5131
5046 5132
5046 5133
5047 5048
5047 5132
5047 5133
5047 5134
5048 5049
5048 5133
5048 5134
5048 5135
5049 5050
5049 5134
5049 5135
5049 5136
5050 5051
5050 5135
5050 5136
5050 5137
5051 5136
5051 5137
5051 5138
5052 5053
5052 5139
5052 5140
5052 5141
5053 5054
5053 5140
5053 5141
5054 5055
5054 5141
5054 5142
5055 5056
5055 5142
5055 5143
5056 5057
5056 5142
5056 5143
5057 5058
5057 5143
5057 5144
5058 5059
5058 5144
5058 5145
5059 5060
5059 5144
5059 5145
5060 5145
5060 5146
5061 5147
5061 5148
5061 5149
5062 5063
5062 5149
5062 5150
5062 5151
5063 5064
5063 5150
5063 5151
5063 5152
5064 5065
5064 5151
5064 5152
5064 5153
5065 5066
5065 5152
5065 5153
5065 5154
5066 5067
5066 5153
5066 5154
5066 5155
5067 5068
5067 5154
5067 5155
5067 5156
5068 5069
5068 5155
5068 5156
5068 5157
5069 5070
5069 5156
5069 5157
5069 5158
5070 5071
5070 5157
5070 5158
5070 5159
5071 5158
5071 5159
5071 5160
5072 5073
5072 5161
5072 5162
5073 5074
5073 5161
5073 5162
5073 5163
5074 5075
5074 5162
5074 5163
5074 5164
5075 5076
5075 5163
5075 5164
5075 5165
5076 5077
5076 5164
5076 5165
5076 5166
5077 5078
5077 5165
5077 5166
5077 5167
5078 5166
5078 5167
5078 5168
5079 5080
5079 5168
5079 5169
5079 5170
5080 5081
5080 5169
5080 5170
5080 5171
5081 5082
5081 5170
5081 5171
5081 5172
5082 5083
5082 5171
5082 5172
5082 5173
5083 5084
5083 5172
5083 5173
5084 5173
5084 5174
5085 5086
5085 5174
5085 5175
5086 5087
5086 5175
5086 5176
5087 5088
5087 5176
5087 5177
5088 5089
5088 5176
5088 5177
5088 5178
5089 5090
5089 5177
5089 5178
5090 5091
5090 5178
5091 5092
5091 5179
5092 5093
5092 5179
5092 5180
5093 5179
5093 5180
5093 5181
5094 5095
5094 5182
5094 5183
5094 5184
5095 5096
5095 5183
5095 5184
5095 5185
5096 5097
5096 5184
5096 5185
5097 5185
5097 5186
5098 5099
5098 5187
5098 5188
5099 5100
5099 5188
5099 5189
5100 5101
5100 5189
5100 5190
5101 5102
5101 5189
5101 5190
5102 5103
5102 5190
5102 5191
5103 5104
5103 5191
5103 5192
5104 5105
5104 5191
5104 5192
5104 5193
5105 5106
5105 5192
5105 5193
5105 5194
5106 5107
5106 5193
5106 5194
5106 5195
5107 5108
5107 5194
5107 5195
5107 5196
5108 5109
5108 5195
5108 5196
5108 5197
5109 5110
5109 5196
5109 5197
5109 5198
5110 5111
5110 5197
5110 5198
5110 5199
5111 5112
5111 5198
5111 5199
5111 5200
5112 5113
5112 5199
5112 5200
5112 5201
5113 5114
5113 5200
5113 5201
5113 5202
5114 5115
5114 5201
5114 5202
5114 5203
5115 5116
5115 5202
5115 5203
5115 5204
5116 5117
5116 5203
5116 5204
5116 5205
5117 5118
5117 5204
5117 5205
5117 5206
5118 5119
5118 5205
5118 5206
5118 5207
5119 5120
5119 5206
5119 5207
5119 5208
5120 5121
5120 5207
5120 5208
5120 5209
5121 5122
5121 5208
5121 5209
5122 5123
5122 5209
5122 5210
5123 5210
5123 5211
5124 5125
5124 5211
5124 5212
5124 5213
5125 5126
5125 5212
5125 5213
5125 5214
5126 5127
5126 5213
5126 5214
5126 5215
5127 5214
5127 5215
5127 5216
5128 5129
5128 5216
5128 5217
5128 5218
5129 5130
5129 5217
5129 5218
5129 5219
5130 5131
5130 5218
5130 5219
5130 5220
5131 5132
5131 5219
5131 5220
5132 5133
5132 5220
5132 5221
5133 5134
5133 5221
5134 5135
5134 5221
5134 5222
5135 5136
5135 5222
5135 5223
5136 5137
5136 5222
5136 5223
5136 5224
5137 5138
5137 5223
5137 5224
5137 5225
5138 5139
5138 5224
5138 5225
5138 5226
5139 5140
5139 5225
5139 5226
5139 5227
5140 5141
5140 5226
5140 5227
5140 5228
5141 5227
5141 5228
5142 5143
5142 5229
5142 5230
5143 5229
5143 5230
5143 5231
5144 5145
5144 5231
5144 5232
5144 5233
5145 5232
5145 5233
5146 5147
5146 5234
5147 5148
5147 5234
5147 5235
5148 5149
5148 5234
5148 5235
5148 5236
5149 5150
5149 5235
5149 5236
5149 5237
5150 5151
5150 5236
5150 5237
5150 5238
5151 5152
5151 5237
5151 5238
5151 5239
5152 5153
5152 5238
5152 5239
5152 5240
5153 5154
5153 5239
5153 5240
5153 5241
5154 5155
5154 5240
5154 5241
5155 5156
5155 5241
5155 5242
5156 5157
5156 5242
5157 5158
5157 5242
5158 5159
5158 5243
5159 5160
5159 5243
5159 5244
5160 5243
5160 5244
5161 5162
5161 5245
5161 5246
5162 5163
5162 5245
5162 5246
5162 5247
5163 5164
5163 5246
5163 5247
5163 5248
5164 5165
5164 5247
5164 5248
5164 5249
5165 5166
5165 5248
5165 5249
5165 5250
5166 5167
5166 5249
5166 5250
5167 5168
5167 5250
5167 5251
5168 5169
5168 5251
5168 5252
5169 5170
5169 5251
5169 5252
5169 5253
5170 5171
5170 5252
5170 5253
5171 5172
5171 5253
5171 5254
5172 5173
5172 5254
5172 5255
5173 5254
5173 5255
5173 5256
5174 5175
5174 5256
5176 5177
5176 5257
5176 5258
5177 5178
5177 5257
5177 5258
5177 5259
5178 5258
5178 5259
5178 5260
5179 5180
5179 5261
5180 5181
5180 5261
5180 5262
5181 5182
5181 5262
5182 5183
5182 5262
5183 5184
5183 5263
5184 5185
5184 5263
5184 5264
5185 5263
5185 5264
5185 5265
5186 5187
5186 5265
5186 5266
5187 5188
5187 5266
5187 5267
5188 5266
5188 5267
5188 5268
5189 5190
5189 5268
5189 5269
5190 5269
5190 5270
5191 5192
5191 5270
5191 5271
5191 5272
5192 5193
5192 5271
5192 5272
5192 5273
5193 5194
5193 5272
5193 5273
5193 5274
5194 5195
5194 5273
5194 5274
5194 5275
5195 5196
5195 5274
5195 5275
5195 5276
5196 5197
5196 5275
5196 5276
5197 5198
5197 5276
5197 5277
5198 5199
5198 5277
5198 5278
5199 5200
5199 5277
5199 5278
5200 5201
5200 5278
5200 5279
5201 5202
5201 5279
5201 5280
5202 5203
5202 5279
5202 5280
5203 5204
5203 5280
5203 5281
5204 5205
5204 5281
5204 5282
5205 5206
5205 5281
5205 5282
5206 5207
5206 5282
5206 5283
5207 5208
5207 5283
5207 5284
5208 5209
5208 5283
5208 5284
5208 5285
5209 5284
5209 5285
5209 5286
5210 5211
5210 5286
5210 5287
5210 5288
5211 5212
5211 5287
5211 5288
5211 5289
5212 5213
5212 5288
5212 5289
5212 5290
5213 5214
5213 5289
5213 5290
5213 5291
5214 5215
5214 5290
5214 5291
5214 5292
5215 5216
5215 5291
5215 5292
5215 5293
5216 5217
5216 5292
5216 5293
5216 5294
5217 5218
5217 5293
5217 5294
5217 5295
5218 5219
5218 5294
5218 5295
5218 5296
5219 5220
5219 5295
5219 5296
5220 5296
5220 5297
5221 5297
5221 5298
5221 5299
5222 5223
5222 5299
5222 5300
5222 5301
5223 5224
5223 5300
5223 5301
5223 5302
5224 5225
5224 5301
5224 5302
5225 5226
5225 5302
5226 5227
5226 5303
5227 5228
5227 5303
5227 5304
5228 5303
5228 5304
5228 5305
5229 5230
5229 5305
5229 5306
5230 5231
5230 5306
5231 5232
5231 5307
5232 5233
5232 5307
5232 5308
5233 5307
5233 5308
5234 5235
5234 5309
5234 5310
5234 5311
5235 5236
5235 5310
5235 5311
5235 5312
5236 5237
5236 5311
5236 5312
5237 5238
5237 5312
5237 5313
5238 5239
5238 5313
5239 5240
5239 5313
5239 5314
5240 5241
5240 5314
5241 5314
5241 5315
5242 5315
5242 5316
5243 5244
5243 5317
5243 5318
5244 5318
5245 5246
5245 5319
5245 5320
5246 5247
5246 5319
5246 5320
5246 5321
5247 5248
5247 5320
5247 5321
5247 5322
5248 5249
5248 5321
5248 5322
5249 5250
5249 5322
5249 5323
5250 5323
5251 5252
5251 5324
5251 5325
5252 5253
5252 5324
5252 5325
5253 5325
5253 5326
5254 5255
5254 5326
5254 5327
5254 5328
5255 5256
5255 5327
5255 5328
5255 5329
5256 5328
5256 5329
5256 5330
5257 5258
5257 5332
5257 5333
5257 5334
5258 5259
5258 5333
5258 5334
5258 5335
5259 5260
5259 5334
5259 5335
5259 5336
5260 5335
5260 5336
5261 5337
5262 5338
5262 5339
5263 5264
5263 5340
5264 5265
5264 5341
5265 5341
5265 5342
5266 5267
5266 5342
5266 5343
5267 5268
5267 5343
5267 5344
5268 5269
5268 5343
5268 5344
5268 5345
5269 5344
5269 5345
5270 5271
5270 5346
5270 5347
5271 5272
5271 5346
5271 5347
5271 5348
5272 5273
5272 5347
5272 5348
5272 5349
5273 5274
5273 5348
5273 5349
5273 5350
5274 5275
5274 5349
5274 5350
5274 5351
5275 5276
5275 5350
5275 5351
5276 5351
5277 5278
5277 5352
5277 5353
5278 5352
5278 5353
5278 5354
5279 5280
5279 5354
5279 5355
5280 5355
5280 5356
5281 5282
5281 5356
5281 5357
5281 5358
5282 5357
5282 5358
5283 5284
5283 5359
5283 5360
5284 5285
5284 5359
5284 5360
5284 5361
5285 5286
5285 5360
5285 5361
5285 5362
5286 5287
5286 5361
5286 5362
5286 5363
5287 5288
5287 5362
5287 5363
5287 5364
5288 5289
5288 5363
5288 5364
5289 5290
5289 5364
5289 5365
5290 5291
5290 5365
5291 5292
5291 5365
5292 5293
5292 5366
5293 5294
5293 5366
5293 5367
5294 5295
5294 5366
5294 5367
5294 5368
5295 5296
5295 5367
5295 5368
5296 5368
5296 5369
5297 5298
5297 5369
5297 5370
5298 5299
5298 5370
5298 5371
5299 5300
5299 5370
5299 5371
5299 5372
5300 5301
5300 5371
5300 5372
5300 5373
5301 5302
5301 5372
5301 5373
5301 5374
5302 5373
5302 5374
5302 5375
5303 5304
5303 5376
5304 5305
5304 5376
5305 5306
5307 5308
5307 5377
5307 5378
5308 5378
5308 5379
5309 5310
5309 5379
5309 5380
5309 5381
5310 5311
5310 5380
5310 5381
5311 5312
5311 5381
5313 5382
5314 5382
5314 5383
5314 5384
5315 5316
5315 5384
5315 5385
5316 5385
5316 5386
5317 5318
5317 5386
5317 5387
5318 5387
5318 5388
5319 5320
5319 5389
5319 5390
5320 5321
5320 5389
5320 5390
5320 5391
5321 5322
5321 5390
5321 5391
5321 5392
5322 5391
5322 5392
5322 5393
5323 5393
5323 5394
5323 5395
5324 5325
5324 5395
5324 5396
5325 5396
5325 5397
5326 5327
5326 5397
5326 5398
5326 5399
5327 5328
5327 5398
5327 5399
5328 5329
5328 5399
5328 5400
5329 5330
5329 5400
5329 5401
5330 5331
5330 5400
5330 5401
5330 5402
5331 5332
5331 5401
5331 5402
5331 5403
5332 5333
5332 5402
5332 5403
5332 5404
5333 5334
5333 5403
5333 5404
5333 5405
5334 5335
5334 5404
5334 5405
5335 5336
5335 5405
5335 5406
5336 5406
5336 5407
5337 5407
5337 5408
5337 5409
5338 5339
5338 5409
5338 5410
5338 5411
5339 5340
5339 5410
5339 5411
5339 5412
5340 5411
5340 5412
5340 5413
5341 5342
5341 5414
5341 5415
5342 5415
5342 5416
5343 5344
5343 5416
5343 5417
5343 5418
5344 5345
5344 5417
5344 5418
5344 5419
5345 5418
5345 5419
5345 5420
5346 5347
5346 5420
5346 5421
5346 5422
5347 5348
5347 5421
5347 5422
5347 5423
5348 5349
5348 5422
5348 5423
5348 5424
5349 5350
5349 5423
5349 5424
5349 5425
5350 5351
5350 5424
5350 5425
5350 5426
5351 5425
5351 5426
5351 5427
5352 5353
5352 5428
5352 5429
5353 5354
5353 5428
5353 5429
5353 5430
5354 5355
5354 5429
5354 5430
5354 5431
5355 5430
5355 5431
5355 5432
5356 5357
5356 5432
5356 5433
5356 5434
5357 5358
5357 5433
5357 5434
5357 5435
5358 5434
5358 5435
5358 5436
5359 5360
5359 5436
5360 5361
5360 5437
5361 5362
5361 5437
5361 5438
5362 5363
5362 5437
5362 5438
5362 5439
5363 5364
5363 5438
5363 5439
5363 5440
5364 5439
5364 5440
5364 5441
5365 5441
5365 5442
5365 5443
5366 5367
5366 5444
5366 5445
5367 5368
5367 5444
5367 5445
5367 5446
5368 5445
5368 5446
5368 5447
5369 5447
5369 5448
5370 5371
5370 5448
5371 5372
5371 5449
5372 5373
5372 5449
5373 5374
5373 5449
5374 5375
5374 5450
5375 5450
5375 5451
5376 5451
5376 5452
5376 5453
5377 5456
5377 5457
5378 5379
5378 5457
5378 5458
5378 5459
5379 5380
5379 5458
5379 5459
5379 5460
5380 5381
5380 5459
5380 5460
5381 5460
5381 5461
5382 5383
5382 5464
5382 5465
5382 5466
5383 5384
5383 5465
5383 5466
5383 5467
5384 5385
5384 5466
5384 5467
5384 5468
5385 5467
5385 5468
5385 5469
5386 5469
5386 5470
5386 5471
5387 5388
5387 5471
5387 5472
5387 5473
5388 5472
5388 5473
5389 5390
5389 5474
5390 5391
5390 5474
5390 5475
5391 5392
5391 5474
5391 5475
5391 5476
5392 5393
5392 5475
5392 5476
5392 5477
5393 5394
5393 5476
5393 5477
5394 5395
5394 5477
5394 5478
5395 5478
5396 5397
5396 5479
5397 5398
5397 5479
5397 5480
5398 5399
5398 5479
5398 5480
5399 5480
5399 5481
5400 5401
5400 5481
5400 5482
5400 5483
5401 5402
5401 5482
5401 5483
5401 5484
5402 5403
5402 5483
5402 5484
5402 5485
5403 5404
5403 5484
5403 5485
5404 5405
5404 5485
5404 5486
5405 5486
5405 5487
5406 5407
5406 5487
5407 5408
5407 5488
5408 5409
5408 5488
5408 5489
5409 5410
5409 5488
5409 5489
5409 5490
5410 5411
5410 5489
5410 5490
5410 5491
5411 5412
5411 5490
5411 5491
5411 5492
5412 5413
5412 5491
5412 5492
5412 5493
5413 5414
5413 5492
5413 5493
5413 5494
5414 5415
5414 5493
5414 5494
5415 5494
5416 5417
5416 5495
5417 5418
5417 5495
5417 5496
5418 5419
5418 5496
5418 5497
5419 5420
5419 5496
5419 5497
5419 5498
5420 5421
5420 5497
5420 5498
5421 5422
5421 5498
5422 5423
5422 5499
5423 5424
5423 5499
5423 5500
5424 5425
5424 5499
5424 5500
5424 5501
5425 5426
5425 5500
5425 5501
5426 5427
5426 5501
5426 5502
5427 5502
5427 5503
5428 5429
5428 5503
5428 5504
5429 5430
5429 5504
5429 5505
5430 5431
5430 5504
5430 5505
5430 5506
5431 5432
5431 5505
5431 5506
5431 5507
5432 5433
5432 5506
5432 5507
5432 5508
5433 5434
5433 5507
5433 5508
5433 5509
5434 5435
5434 5508
5434 5509
5434 5510
5435 5436
5435 5509
5435 5510
5435 5511
5436 5510
5436 5511
5436 5512
5437 5438
5437 5513
5437 5514
5438 5439
5438 5514
5438 5515
5439 5440
5439 5515
5439 5516
5440 5441
5440 5515
5440 5516
5440 5517
5441 5442
5441 5516
5441 5517
5441 5518
5442 5443
5442 5517
5442 5518
5442 5519
5443 5518
5443 5519
5443 5520
5444 5445
5444 5520
5444 5521
5444 5522
5445 5446
5445 5521
5445 5522
5445 5523
5446 5447
5446 5522
5446 5523
5446 5524
5447 5523
5447 5524
5447 5525
5448 5525
5448 5526
5448 5527
5449 5528
5449 5529
5449 5530
5450 5451
5450 5531
5450 5532
5450 5533
5451 5452
5451 5532
5451 5533
5451 5534
5452 5453
5452 5533
5452 5534
5452 5535
5453 5454
5453 5534
5453 5535
5453 5536
5454 5455
5454 5535
5454 5536
5455 5456
5455 5536
5456 5537
5457 5458
5457 5537
5457 5538
5457 5539
5458 5459
5458 5538
5458 5539
5458 5540
5459 5460
5459 5539
5459 5540
5459 5541
5460 5540
5460 5541
5460 5542
5461 5462
5461 5542
5461 5543
5462 5463
5462 5543
5462 5544
5463 5464
5463 5543
5463 5544
5463 5545
5464 5465
5464 5544
5464 5545
5464 5546
5465 5466
5465 5545
5465 5546
5465 5547
5466 5467
5466 5546
5466 5547
5466 5548
5467 5468
5467 5547
5467 5548
5467 5549
5468 5469
5468 5548
5468 5549
5468 5550
5469 5470
5469 5549
5469 5550
5470 5471
5470 5550
5470 5551
5471 5472
5471 5551
5471 5552
5472 5473
5472 5551
5472 5552
5472 5553
5473 5552
5473 5553
5474 5475
5474 5554
5474 5555
5474 5556
5475 5476
5475 5555
5475 5556
5475 5557
5476 5477
5476 5556
5476 5557
5476 5558
5477 5557
5477 5558
5477 5559
5478 5559
5479 5480
5479 5560
5479 5561
5480 5561
5480 5562
5481 5482
5481 5562
5481 5563
5482 5483
5482 5563
5482 5564
5483 5484
5483 5563
5483 5564
5483 5565
5484 5485
5484 5564
5484 5565
5484 5566
5485 5565
5485 5566
5485 5567
5486 5487
5486 5567
5486 5568
5486 5569
5487 5568
5487 5569
5488 5489
5488 5570
5488 5571
5489 5490
5489 5571
5490 5491
5490 5571
5490 5572
5491 5492
5491 5572
5491 5573
5492 5493
5492 5572
5492 5573
5493 5494
5493 5573
5493 5574
5494 5574
5494 5575
5495 5576
5495 5577
5496 5497
5496 5577
5496 5578
5497 5498
5497 5578
5498 5578
5499 5500
5499 5579
5499 5580
5499 5581
5500 5501
5500 5580
5500 5581
5500 5582
5501 5581
5501 5582
5501 5583
5502 5503
5502 5583
5502 5584
5502 5585
5503 5584
5503 5585
5503 5586
5504 5505
5504 5586
5504 5587
5504 5588
5505 5506
5505 5587
5505 5588
5505 5589
5506 5507
5506 5588
5506 5589
5506 5590
5507 5508
5507 5589
5507 5590
5508 5509
5508 5590
5508 5591
5509 5510
5509 5591
5509 5592
5510 5511
5510 5591
5510 5592
5510 5593
5511 5512
5511 5592
5511 5593
5511 5594
5512 5513
5512 5593
5512 5594
5512 5595
5513 5514
5513 5594
5513 5595
5514 5595
5514 5596
5515 5516
5515 5596
5516 5517
5516 5597
5517 5518
5517 5597
5517 5598
5518 5519
5518 5597
5518 5598
5518 5599
5519 5520
5519 5598
5519 5599
5519 5600
5520 5521
5520 5599
5520 5600
5520 5601
5521 5522
5521 5600
5521 5601
5521 5602
5522 5523
5522 5601
5522 5602
5522 5603
5523 5524
5523 5602
5523 5603
5523 5604
5524 5525
5524 5603
5524 5604
5525 5526
5525 5604
5525 5605
5526 5527
5526 5605
5527 5528
5527 5605
5527 5606
5528 5529
5528 5606
5528 5607
5529 5530
5529 5606
5529 5607
5530 5531
5530 5607
5530 5608
5531 5532
5531 5608
5531 5609
5532 5533
5532 5608
5532 5609
5532 5610
5533 5534
5533 5609
5533 5610
5534 5535
5534 5610
5534 5611
5535 5536
5535 5611
5535 5612
5536 5611
5536 5612
5536 5613
5537 5538
5537 5614
5537 5615
5537 5616
5538 5539
5538 5615
5538 5616
5538 5617
5539 5540
5539 5616
5539 5617
5540 5541
5540 5617
5540 5618
5541 5542
5541 5618
5541 5619
5542 5618
5542 5619
5543 5544
5543 5620
5543 5621
5544 5545
5544 5620
5544 5621
5544 5622
5545 5546
5545 5621
5545 5622
5545 5623
5546 5547
5546 5622
5546 5623
5547 5548
5547 5623
5547 5624
5548 5549
5548 5624
5548 5625
5549 5550
5549 5624
5549 5625
5549 5626
5550 5625
5550 5626
5550 5627
5551 5552
5551 5627
5551 5628
5551 5629
5552 5553
5552 5628
5552 5629
5552 5630
5553 5629
5553 5630
5554 5555
5554 5631
5554 5632
5555 5556
5555 5631
5555 5632
5555 5633
5556 5557
5556 5632
5556 5633
5556 5634
5557 5558
5557 5633
5557 5634
5558 5559
5558 5634
5558 5635
5559 5635
5560 5636
5560 5637
5560 5638
5561 5562
5561 5638
5561 5639
5562 5639
5563 5564
5563 5640
5563 5641
5564 5565
5564 5640
5564 5641
5564 5642
5565 5566
5565 5641
5565 5642
5566 5567
5566 5642
5566 5643
5567 5568
5567 5643
5567 5644
5568 5569
5568 5643
5568 5644
5568 5645
5569 5644
5569 5645
5570 5646
5570 5647
5571 5647
5571 5648
5571 5649
5572 5573
5572 5649
5572 5650
5572 5651
5573 5650
5573 5651
5573 5652
5574 5575
5574 5652
5574 5653
5574 5654
5575 5576
5575 5653
5575 5654
5575 5655
5576 5654
5576 5655
5577 5656
5577 5657
5578 5657
5578 5658
5579 5580
5579 5659
5579 5660
5580 5581
5580 5659
5580 5660
5580 5661
5581 5582
5581 5660
5581 5661
5581 5662
5582 5583
5582 5661
5582 5662
5582 5663
5583 5584
5583 5662
5583 5663
5583 5664
5584 5585
5584 5663
5584 5664
5584 5665
5585 5586
5585 5664
5585 5665
5585 5666
5586 5587
5586 5665
5586 5666
5587 5588
5587 5666
5587 5667
5588 5589
5588 5667
5588 5668
5589 5590
5589 5667
5589 5668
5590 5668
5590 5669
5591 5592
5591 5669
5591 5670
5591 5671
5592 5593
5592 5670
5592 5671
5592 5672
5593 5594
5593 5671
5593 5672
5593 5673
5594 5595
5594 5672
5594 5673
5594 5674
5595 5673
5595 5674
5595 5675
5596 5675
5596 5676
5597 5598
5597 5677
5597 5678
5597 5679
5598 5599
5598 5678
5598 5679
5598 5680
5599 5600
5599 5679
5599 5680
5599 5681
5600 5601
5600 5680
5600 5681
5600 5682
5601 5602
5601 5681
5601 5682
5601 5683
5602 5603
5602 5682
5602 5683
5602 5684
5603 5604
5603 5683
5603 5684
5603 5685
5604 5684
5604 5685
5604 5686
5605 5686
5605 5687
5605 5688
5606 5607
5606 5688
5606 5689
5606 5690
5607 5689
5607 5690
5607 5691
5608 5609
5608 5691
5608 5692
5609 5610
5609 5692
5609 5693
5610 5692
5610 5693
5610 5694
5611 5612
5611 5694
5611 5695
5611 5696
5612 5613
5612 5695
5612 5696
5613 5614
5613 5696
5613 5697
5614 5615
5614 5697
5614 5698
5615 5616
5615 5697
5615 5698
5615 5699
5616 5617
5616 5698
5616 5699
5616 5700
5617 5699
5617 5700
5617 5701
5618 5619
5618 5701
5618 5702
5618 5703
5619 5702
5619 5703
5620 5621
5620 5704
5621 5622
5621 5704
5621 5705
5622 5623
5622 5705
5622 5706
5623 5705
5623 5706
5623 5707
5624 5625
5624 5707
5624 5708
5624 5709
5625 5626
5625 5708
5625 5709
5625 5710
5626 5627
5626 5709
5626 5710
5626 5711
5627 5628
5627 5710
5627 5711
5627 5712
5628 5629
5628 5711
5628 5712
5628 5713
5629 5630
5629 5712
5629 5713
5629 5714
5630 5713
5630 5714
5631 5632
5631 5715
5631 5716
5632 5633
5632 5715
5632 5716
5633 5634
5633 5716
5633 5717
5634 5717
5634 5718
5635 5718
5635 5719
5635 5720
5636 5637
5636 5720
5636 5721
5636 5722
5637 5638
5637 5721
5637 5722
5637 5723
5638 5722
5638 5723
5638 5724
5639 5724
5639 5725
5639 5726
5640 5641
5640 5726
5640 5727
5640 5728
5641 5642
5641 5727
5641 5728
5641 5729
5642 5728
5642 5729
5642 5730
5643 5644
5643 5730
5644 5645
5644 5731
5645 5731
5645 5732
5646 5647
5646 5732
5646 5733
5646 5734
5647 5648
5647 5733
5647 5734
5647 5735
5648 5649
5648 5734
5648 5735
5648 5736
5649 5650
5649 5735
5649 5736
5650 5651
5650 5736
5650 5737
5651 5652
5651 5737
5651 5738
5652 5653
5652 5737
5652 5738
5653 5654
5653 5738
5653 5739
5654 5655
5654 5739
5654 5740
5655 5739
5655 5740
5656 5657
5656 5741
5657 5658
5657 5741
5657 5742
5658 5741
5658 5742
5659 5660
5659 5743
5659 5744
5660 5661
5660 5743
5660 5744
5661 5662
5661 5744
5661 5745
5662 5663
5662 5745
5662 5746
5663 5664
5663 5745
5663 5746
5663 5747
5664 5665
5664 5746
5664 5747
5665 5666
5665 5747
5665 5748
5666 5748
5666 5749
5667 5668
5667 5749
5667 5750
5668 5750
5669 5670
5669 5751
5669 5752
5670 5671
5670 5751
5670 5752
5670 5753
5671 5672
5671 5752
5671 5753
5671 5754
5672 5673
5672 5753
5672 5754
5672 5755
5673 5674
5673 5754
5673 5755
5673 5756
5674 5675
5674 5755
5674 5756
5674 5757
5675 5756
5675 5757
5676 5677
5676 5758
5676 5759
5677 5678
5677 5758
5677 5759
5677 5760
5678 5679
5678 5759
5678 5760
5678 5761
5679 5680
5679 5760
5679 5761
5679 5762
5680 5681
5680 5761
5680 5762
5681 5682
5681 5762
5682 5683
5682 5763
5683 5684
5683 5763
5684 5685
5684 5763
5684 5764
5685 5686
5685 5764
5686 5687
5686 5764
5686 5765
5687 5688
5687 5765
5687 5766
5688 5689
5688 5765
5688 5766
5688 5767
5689 5690
5689 5766
5689 5767
5690 5691
5690 5767
5690 5768
5691 5768
5691 5769
5692 5693
5692 5769
5692 5770
5693 5694
5693 5770
5693 5771
5694 5695
5694 5770
5694 5771
5694 5772
5695 5696
5695 5771
5695 5772
5696 5772
5696 5773
5697 5698
5697 5773
5697 5774
5697 5775
5698 5699
5698 5774
5698 5775
5698 5776
5699 5700
5699 5775
5699 5776
5699 5777
5700 5701
5700 5776
5700 5777
5700 5778
5701 5702
5701 5777
5701 5778
5701 5779
5702 5703
5702 5778
5702 5779
5703 5779
5703 5780
5704 5780
5704 5781
5704 5782
5705 5706
5705 5782
5705 5783
5706 5707
5706 5783
5706 5784
5707 5708
5707 5783
5707 5784
5708 5709
5708 5784
5708 5785
5709 5710
5709 5785
5709 5786
5710 5711
5710 5785
5710 5786
5710 5787
5711 5712
5711 5786
5711 5787
5711 5788
5712 5713
5712 5787
5712 5788
5713 5714
5713 5788
5713 5789
5714 5789
5715 5716
5715 5790
5715 5791
5716 5790
5716 5791
5717 5718
5717 5792
5718 5719
5718 5792
5718 5793
5719 5720
5719 5793
5720 5721
5720 5793
5720 5794
5721 5722
5721 5794
5721 5795
5722 5723
5722 5794
5722 5795
5722 5796
5723 5724
5723 5795
5723 5796
5723 5797
5724 5725
5724 5796
5724 5797
5724 5798
5725 5726
5725 5797
5725 5798
5725 5799
5726 5727
5726 5798
5726 5799
5726 5800
5727 5728
5727 5799
5727 5800
5727 5801
5728 5729
5728 5800
5728 5801
5729 5730
5729 5801
5729 5802
5730 5802
5730 5803
5731 5732
5731 5804
5732 5733
5732 5804
5733 5734
5733 5804
5733 5805
5734 5735
5734 5805
5734 5806
5735 5736
5735 5805
5735 5806
5736 5806
5737 5738
5737 5807
5737 5808
5738 5807
5738 5808
5738 5809
5739 5740
5739 5809
5739 5810
5739 5811
5740 5810
5740 5811
5741 5742
5741 5812
5741 5813
5742 5813
5742 5814
5743 5744
5743 5815
5743 5816
5743 5817
5744 5816
5744 5817
5744 5818
5745 5746
5745 5818
5745 5819
5746 5747
5746 5819
5746 5820
5747 5820
5747 5821
5748 5749
5748 5821
5748 5822
5748 5823
5749 5750
5749 5822
5749 5823
5749 5824
5750 5823
5750 5824
5751 5752
5751 5825
5751 5826
5751 5827
5752 5753
5752 5826
5752 5827
5752 5828
5753 5754
5753 5827
5753 5828
5753 5829
5754 5755
5754 5828
5754 5829
5755 5756
5755 5829
5755 5830
5756 5757
5756 5830
5756 5831
5757 5830
5757 5831
5758 5759
5758 5832
5758 5833
5759 5760
5759 5832
5759 5833
5759 5834
5760 5761
5760 5833
5760 5834
5760 5835
5761 5762
5761 5834
5761 5835
5761 5836
5762 5835
5762 5836
5762 5837
5763 5838
5763 5839
5763 5840
5764 5840
5764 5841
5764 5842
5765 5766
5765 5842
5765 5843
5766 5767
5766 5843
5766 5844
5767 5843
5767 5844
5768 5769
5768 5845
5768 5846
5769 5845
5769 5846
5769 5847
5770 5771
5770 5847
5770 5848
5770 5849
5771 5772
5771 5848
5771 5849
5771 5850
5772 5849
5772 5850
5773 5774
5773 5851
5773 5852
5774 5775
5774 5851
5774 5852
5774 5853
5775 5776
5775 5852
5775 5853
5776 5777
5776 5853
5776 5854
5777 5778
5777 5854
5777 5855
5778 5779
5778 5854
5778 5855
5779 5855
5779 5856
5780 5781
5780 5856
5780 5857
5780 5858
5781 5782
5781 5857
5781 5858
5781 5859
5782 5858
5782 5859
5782 5860
5783 5784
5783 5860
5783 5861
5784 5861
5784 5862
5785 5786
5785 5862
5785 5863
5785 5864
5786 5787
5786 5863
5786 5864
5786 5865
5787 5788
5787 5864
5787 5865
5788 5865
5788 5866
5789 5866
5789 5867
5790 5791
5790 5868
5790 5869
5791 5868
5791 5869
5791 5870
5792 5870
5792 5871
5792 5872
5793 5872
5793 5873
5794 5795
5794 5874
5795 5796
5795 5874
5795 5875
5796 5797
5796 5874
5796 5875
5796 5876
5797 5798
5797 5875
5797 5876
5797 5877
5798 5799
5798 5876
5798 5877
5798 5878
5799 5800
5799 5877
5799 5878
5799 5879
5800 5801
5800 5878
5800 5879
5800 5880
5801 5879
5801 5880
5801 5881
5802 5803
5802 5881
5802 5882
5803 5882
5803 5883
5804 5884
5804 5885
5804 5886
5805 5806
5805 5886
5805 5887
5805 5888
5806 5887
5806 5888
5806 5889
5807 5808
5807 5890
5807 5891
5807 5892
5808 5809
5808 5891
5808 5892
5808 5893
5809 5810
5809 5892
5809 5893
5809 5894
5810 5811
5810 5893
5810 5894
5810 5895
5811 5894
5811 5895
5811 5896
5812 5896
5812 5897
5812 5898
5813 5814
5813 5898
5813 5899
5813 5900
5814 5815
5814 5899
5814 5900
5814 5901
5815 5816
5815 5900
5815 5901
5816 5817
5816 5901
5816 5902
5817 5818
5817 5902
5818 5819
5818 5902
5819 5903
5820 5821
5820 5903
5820 5904
5820 5905
5821 5822
5821 5904
5821 5905
5821 5906
5822 5823
5822 5905
5822 5906
5823 5824
5823 5906
5824 5907
5825 5826
5825 5907
5825 5908
5825 5909
5826 5827
5826 5908
5826 5909
5826 5910
5827 5828
5827 5909
5827 5910
5827 5911
5828 5829
5828 5910
5828 5911
5828 5912
5829 5911
5829 5912
5829 5913
5830 5831
5830 5913
5832 5833
5832 5914
5832 5915
5833 5834
5833 5914
5833 5915
5833 5916
5834 5835
5834 5915
5834 5916
5834 5917
5835 5836
5835 5916
5835 5917
5836 5837
5836 5917
5836 5918
5837 5838
5837 5918
5837 5919
5838 5839
5838 5918
5838 5919
5838 5920
5839 5840
5839 5919
5839 5920
5839 5921
5840 5841
5840 5920
5840 5921
5840 5922
5841 5842
5841 5921
5841 5922
5842 5922
5842 5923
5843 5844
5843 5923
5843 5924
5843 5925
5844 5924
5844 5925
5845 5846
5845 5926
5845 5927
5846 5847
5846 5926
5846 5927
5847 5848
5847 5927
5848 5849
5848 5928
5849 5850
5849 5928
5849 5929
5850 5928
5850 5929
5851 5852
5851 5930
5851 5931
5852 5853
5852 5930
5852 5931
5853 5931
5853 5932
5854 5855
5854 5932
5854 5933
5854 5934
5855 5933
5855 5934
5856 5857
5856 5935
5857 5858
5857 5935
5858 5859
5859 5860
5859 5936
5860 5861
5860 5936
5860 5937
5861 5936
5861 5937
5862 5863
5862 5938
5863 5864
5863 5938
5864 5865
5864 5938
5864 5939
5865 5939
5865 5940
5866 5867
5866 5940
5866 5941
5866 5942
5867 5941
5867 5942
5868 5869
5868 5943
5869 5870
5869 5943
5869 5944
5870 5871
5870 5944
5870 5945
5871 5872
5871 5944
5871 5945
5872 5873
5872 5945
5872 5946
5873 5946
5874 5875
5874 5947
5875 5876
5875 5947
5875 5948
5876 5877
5876 5948
5876 5949
5877 5878
5877 5948
5877 5949
5878 5879
5878 5949
5878 5950
5879 5880
5879 5950
5879 5951
5880 5881
5880 5950
5880 5951
5880 5952
5881 5882
5881 5951
5881 5952
5881 5953
5882 5952
5882 5953
5882 5954
5883 5884
5883 5954
5883 5955
5883 5956
5884 5885
5884 5955
5884 5956
5885 5886
5885 5956
5885 5957
5886 5887
5886 5957
5887 5888
5887 5957
5887 5958
5888 5889
5888 5958
5888 5959
5889 5890
5889 5958
5889 5959
5890 5891
5890 5959
5890 5960
5891 5892
5891 5960
5892 5893
5892 5960
5892 5961
5893 5894
5893 5961
5894 5895
5894 5961
5894 5962
5895 5896
5895 5962
5895 5963
5896 5897
5896 5962
5896 5963
5896 5964
5897 5898
5897 5963
5897 5964
5897 5965
5898 5899
5898 5964
5898 5965
5898 5966
5899 5900
5899 5965
5899 5966
5900 5901
5900 5966
5900 5967
5901 5967
5901 5968
5902 5968
5902 5969
5902 5970
5903 5904
5903 5971
5903 5972
5903 5973
5904 5905
5904 5972
5904 5973
5904 5974
5905 5906
5905 5973
5905 5974
5905 5975
5906 5974
5906 5975
5906 5976
5907 5908
5907 5977
5907 5978
5908 5909
5908 5977
5908 5978
5908 5979
5909 5910
5909 5978
5909 5979
5910 5911
5910 5979
5911 5912
5911 5980
5912 5913
5912 5980
5913 5980
5913 5981
5914 5915
5914 5983
5914 5984
5914 5985
5915 5916
5915 5984
5915 5985
5915 5986
5916 5917
5916 5985
5916 5986
5916 5987
5917 5986
5917 5987
5918 5919
5918 5988
5919 5920
5919 5988
5919 5989
5920 5921
5920 5988
5920 5989
5920 5990
5921 5922
5921 5989
5921 5990
5922 5990
5922 5991
5923 5924
5923 5991
5923 5992
5923 5993
5924 5925
5924 5992
5924 5993
5925 5993
5926 5927
5926 5994
5926 5995
5927 5994
5927 5995
5928 5929
5928 5996
5928 5997
5929 5996
5929 5997
5929 5998
5930 5931
5930 5998
5930 5999
5931 5999
5931 6000
5932 5933
5932 6000
5932 6001
5933 5934
5933 6001
5933 6002
5934 6001
5934 6002
5934 6003
5935 6003
5935 6004
5936 5937
5936 6006
5936 6007
5937 6007
5937 6008
5938 6009
5938 6010
5939 5940
5940 5941
5940 6011
5941 5942
5941 6011
5941 6012
5942 6011
5942 6012
5943 6013
5943 6014
5944 5945
5944 6014
5944 6015
5945 6015
5945 6016
5946 6016
5946 6017
5946 6018
5947 6019
5947 6020
5948 5949
5948 6021
5948 6022
5949 6021
5949 6022
5950 5951
5950 6023
5950 6024
5951 5952
5951 6023
5951 6024
5951 6025
5952 5953
5952 6024
5952 6025
5952 6026
5953 5954
5953 6025
5953 6026
5953 6027
5954 5955
5954 6026
5954 6027
5955 5956
5955 6027
5955 6028
5956 6028
5956 6029
5957 6029
5957 6030
5957 6031
5958 5959
5958 6031
5958 6032
5958 6033
5959 6032
5959 6033
5959 6034
5960 6034
5960 6035
5960 6036
5961 6036
5961 6037
5962 5963
5962 6037
5962 6038
5963 5964
5963 6038
5964 5965
5964 6039
5965 5966
5965 6039
5965 6040
5966 6039
5966 6040
5966 6041
5967 5968
5967 6041
5968 5969
5968 6042
5969 5970
5969 6042
5970 5971
5970 6042
5971 5972
5971 6043
5972 5973
5972 6043
5972 6044
5973 5974
5973 6043
5973 6044
5974 5975
5974 6044
5974 6045
5975 5976
5975 6045
5976 6045
5976 6046
5977 5978
5977 6046
5977 6047
5977 6048
5978 5979
5978 6047
5978 6048
5978 6049
5979 6048
5979 6049
5980 6050
5980 6051
5980 6052
5981 5982
5981 6052
5981 6053
5981 6054
5982 5983
5982 6053
5982 6054
5982 6055
5983 5984
5983 6054
5983 6055
5983 6056
5984 5985
5984 6055
5984 6056
5985 5986
5985 6056
5985 6057
5986 5987
5986 6057
5987 6057
5987 6058
5988 5989
5988 6059
5988 6060
5988 6061
5989 5990
5989 6060
5989 6061
5989 6062
5990 6061
5990 6062
5991 5992
5991 6063
5991 6064
5992 5993
5992 6063
5992 6064
5993 6064
5993 6065
5994 5995
5994 6066
5994 6067
5994 6068
5995 6067
5995 6068
5995 6069
5996 5997
5996 6070
5996 6071
5996 6072
5997 5998
5997 6071
5997 6072
5997 6073
5998 6072
5998 6073
5998 6074
5999 6000
5999 6074
5999 6075
5999 6076
6000 6075
6000 6076
6001 6002
6001 6077
6002 6003
6002 6077
6002 6078
6003 6077
6003 6078
6003 6079
6004 6005
6004 6079
6004 6080
6004 6081
6005 6006
6005 6080
6005 6081
6006 6081
6006 6082
6007 6008
6007 6082
6007 6083
6008 6009
6008 6083
6008 6084
6009 6010
6009 6084
6009 6085
6010 6084
6010 6085
6010 6086
6011 6012
6011 6087
6012 6087
6013 6014
6013 6088
6013 6089
6014 6015
6014 6088
6014 6089
6014 6090
6015 6089
6015 6090
6015 6091
6016 6017
6016 6091
6016 6092
6016 6093
6017 6018
6017 6092
6017 6093
6017 6094
6018 6019
6018 6093
6018 6094
6019 6020
6019 6094
6019 6095
6020 6095
6020 6096
6021 6022
6021 6096
6021 6097
6022 6097
6022 6098
6023 6024
6023 6098
6023 6099
6024 6025
6024 6099
6024 6100
6025 6026
6025 6099
6025 6100
6025 6101
6026 6027
6026 6100
6026 6101
6027 6101
6027 6102
6028 6029
6028 6102
6028 6103
6029 6030
6029 6103
6029 6104
6030 6031
6030 6104
6030 6105
6031 6032
6031 6104
6031 6105
6031 6106
6032 6033
6032 6105
6032 6106
6032 6107
6033 6034
6033 6106
6033 6107
6033 6108
6034 6035
6034 6107
6034 6108
6035 6036
6035 6108
6035 6109
6036 6109
6036 6110
6037 6038
6037 6110
6037 6111
6038 6111
6038 6112
6039 6040
6039 6113
6039 6114
6040 6041
6040 6114
6040 6115
6041 6114
6041 6115
6042 6116
6042 6117
6042 6118
6043 6044
6043 6119
6043 6120
6044 6119
6044 6120
6044 6121
6045 6121
6045 6122
6046 6047
6046 6122
6046 6123
6046 6124
6047 6048
6047 6123
6047 6124
6047 6125
6048 6049
6048 6124
6048 6125
6048 6126
6049 6125
6049 6126
6049 6127
6050 6051
6050 6127
6050 6128
6051 6052
6051 6128
6051 6129
6052 6053
6052 6129
6053 6054
6053 6129
6053 6130
6054 6055
6054 6130
6054 6131
6055 6056
6055 6130
6055 6131
6056 6131
6056 6132
6057 6132
6058 6059
6058 6133
6058 6134
6059 6060
6059 6133
6059 6134
6059 6135
6060 6061
6060 6134
6060 6135
6060 6136
6061 6062
6061 6135
6061 6136
6061 6137
6062 6136
6062 6137
6062 6138
6063 6064
6063 6138
6063 6139
6063 6140
6064 6139
6064 6140
6064 6141
6065 6066
6065 6141
6065 6142
6066 6067
6066 6142
6066 6143
6067 6068
6067 6142
6067 6143
6067 6144
6068 6069
6068 6143
6068 6144
6068 6145
6069 6070
6069 6144
6069 6145
6069 6146
6070 6071
6070 6145
6070 6146
6070 6147
6071 6072
6071 6146
6071 6147
6071 6148
6072 6073
6072 6147
6072 6148
6072 6149
6073 6074
6073 6148
6073 6149
6073 6150
6074 6075
6074 6149
6074 6150
6074 6151
6075 6076
6075 6150
6075 6151
6075 6152
6076 6151
6076 6152
6076 6153
6077 6078
6077 6154
6077 6155
6077 6156
6078 6079
6078 6155
6078 6156
6078 6157
6079 6080
6079 6156
6079 6157
6079 6158
6080 6081
6080 6157
6080 6158
6080 6159
6081 6158
6081 6159
6081 6160
6082 6083
6082 6160
6082 6161
6083 6161
6083 6162
6084 6085
6084 6162
6084 6163
6084 6164
6085 6086
6085 6163
6085 6164
6085 6165
6086 6164
6086 6165
6086 6166
6087 6167
6087 6168
6088 6089
6088 6169
6088 6170
6089 6090
6089 6169
6089 6170
6089 6171
6090 6091
6090 6170
6090 6171
6090 6172
6091 6092
6091 6171
6091 6172
6091 6173
6092 6093
6092 6172
6092 6173
6093 6094
6093 6173
6095 6096
6095 6174
6095 6175
6096 6097
6096 6174
6096 6175
6096 6176
6097 6175
6097 6176
6097 6177
6098 6177
6098 6178
6098 6179
6099 6100
6099 6179
6099 6180
6099 6181
6100 6101
6100 6180
6100 6181
6100 6182
6101 6181
6101 6182
6101 6183
6102 6103
6102 6183
6102 6184
6103 6184
6103 6185
6104 6105
6104 6185
6104 6186
6104 6187
6105 6106
6105 6186
6105 6187
6106 6107
6106 6187
6106 6188
6107 6108
6107 6188
6107 6189
6108 6188
6108 6189
6108 6190
6109 6110
6109 6190
6109 6191
6110 6111
6110 6191
6110 6192
6111 6192
6111 6193
6112 6113
6112 6193
6112 6194
6113 6194
6113 6195
6114 6115
6114 6195
6114 6196
6114 6197
6115 6196
6115 6197
6115 6198
6116 6117
6116 6198
6116 6199
6116 6200
6117 6118
6117 6199
6117 6200
6117 6201
6118 6200
6118 6201
6118 6202
6119 6120
6119 6202
6119 6203
6120 6121
6120 6203
6120 6204
6121 6203
6121 6204
6121 6205
6122 6123
6122 6205
6122 6206
6123 6124
6123 6206
6123 6207
6124 6125
6124 6206
6124 6207
6124 6208
6125 6126
6125 6207
6125 6208
6125 6209
6126 6127
6126 6208
6126 6209
6126 6210
6127 6128
6127 6209
6127 6210
6127 6211
6128 6210
6128 6211
6128 6212
6129 6212
6130 6131
6130 6213
6130 6214
6131 6213
6131 6214
6131 6215
6132 6215
6132 6216
6132 6217
6133 6134
6133 6218
6133 6219
6133 6220
6134 6135
6134 6219
6134 6220
6134 6221
6135 6136
6135 6220
6135 6221
6136 6137
6136 6221
6136 6222
6137 6138
6137 6222
6137 6223
6138 6139
6138 6222
6138 6223
6138 6224
6139 6140
6139 6223
6139 6224
6139 6225
6140 6141
6140 6224
6140 6225
6140 6226
6141 6225
6141 6226
6141 6227
6142 6143
6142 6227
6142 6228
6143 6144
6143 6228
6144 6145
6144 6229
6145 6146
6145 6229
6146 6147
6146 6229
6146 6230
6147 6148
6147 6230
6147 6231
6148 6149
6148 6230
6148 6231
6148 6232
6149 6150
6149 6231
6149 6232
6149 6233
6150 6151
6150 6232
6150 6233
6150 6234
6151 6152
6151 6233
6151 6234
6151 6235
6152 6153
6152 6234
6152 6235
6152 6236
6153 6154
6153 6235
6153 6236
6153 6237
6154 6155
6154 6236
6154 6237
6154 6238
6155 6156
6155 6237
6155 6238
6155 6239
6156 6157
6156 6238
6156 6239
6156 6240
6157 6158
6157 6239
6157 6240
6158 6159
6158 6240
6158 6241
6159 6160
6159 6241
6159 6242
6160 6161
6160 6241
6160 6242
6161 6242
6161 6243
6162 6163
6162 6243
6163 6164
6163 6244
6164 6165
6164 6244
6164 6245
6165 6166
6165 6244
6165 6245
6165 6246
6166 6167
6166 6245
6166 6246
6166 6247
6167 6246
6167 6247
6167 6248
6168 6248
6168 6249
6169 6170
6169 6250
6169 6251
6170 6171
6170 6250
6170 6251
6170 6252
6171 6172
6171 6251
6171 6252
6171 6253
6172 6173
6172 6252
6172 6253
6172 6254
6173 6253
6173 6254
6174 6175
6174 6256
6174 6257
6174 6258
6175 6176
6175 6257
6175 6258
6175 6259
6176 6177
6176 6258
6176 6259
6176 6260
6177 6178
6177 6259
6177 6260
6177 6261
6178 6179
6178 6260
6178 6261
6178 6262
6179 6180
6179 6261
6179 6262
6180 6181
6180 6262
6180 6263
6181 6182
6181 6263
6181 6264
6182 6183
6182 6263
6182 6264
6182 6265
6183 6184
6183 6264
6183 6265
6184 6265
6184 6266
6185 6186
6185 6266
6185 6267
6185 6268
6186 6187
6186 6267
6186 6268
6186 6269
6187 6268
6187 6269
6187 6270
6188 6189
6188 6270
6188 6271
6188 6272
6189 6190
6189 6271
6189 6272
6190 6191
6190 6272
6190 6273
6191 6273
6191 6274
6192 6193
6192 6274
6192 6275
6193 6194
6193 6275
6193 6276
6194 6275
6194 6276
6194 6277
6195 6196
6195 6277
6195 6278
6196 6197
6196 6278
6196 6279
6197 6198
6197 6279
6197 6280
6198 6199
6198 6279
6198 6280
6198 6281
6199 6200
6199 6280
6199 6281
6199 6282
6200 6201
6200 6281
6200 6282
6200 6283
6201 6202
6201 6282
6201 6283
6201 6284
6202 6283
6202 6284
6202 6285
6203 6204
6203 6285
6203 6286
6204 6205
6204 6286
6204 6287
6205 6286
6205 6287
6205 6288
6206 6207
6206 6288
6206 6289
6206 6290
6207 6208
6207 6289
6207 6290
6207 6291
6208 6209
6208 6290
6208 6291
6209 6210
6209 6291
6209 6292
6210 6211
6210 6292
6210 6293
6211 6212
6211 6292
6211 6293
6212 6293
6212 6294
6213 6214
6213 6295
6214 6215
6215 6216
6215 6296
6216 6217
6216 6296
6216 6297
6217 6218
6217 6296
6217 6297
6217 6298
6218 6219
6218 6297
6218 6298
6218 6299
6219 6220
6219 6298
6219 6299
6219 6300
6220 6221
6220 6299
6220 6300
6221 6300
6221 6301
6222 6223
6222 6301
6222 6302
6222 6303
6223 6224
6223 6302
6223 6303
6223 6304
6224 6225
6224 6303
6224 6304
6224 6305
6225 6226
6225 6304
6225 6305
6225 6306
6226 6227
6226 6305
6226 6306
6226 6307
6227 6228
6227 6306
6227 6307
6227 6308
6228 6307
6228 6308
6228 6309
6229 6310
6229 6311
6230 6231
6230 6311
6230 6312
6231 6232
6231 6312
6231 6313
6232 6233
6232 6312
6232 6313
6233 6234
6233 6313
6234 6235
6234 6314
6235 6236
6235 6314
6236 6237
6236 6314
6236 6315
6237 6238
6237 6315
6237 6316
6238 6239
6238 6315
6238 6316
6238 6317
6239 6240
6239 6316
6239 6317
6240 6317
6240 6318
6241 6242
6241 6318
6241 6319
6241 6320
6242 6319
6242 6320
6242 6321
6243 6321
6243 6322
6243 6323
6244 6245
6244 6324
6244 6325
6244 6326
6245 6246
6245 6325
6245 6326
6245 6327
6246 6247
6246 6326
6246 6327
6246 6328
6247 6248
6247 6327
6247 6328
6247 6329
6248 6249
6248 6328
6248 6329
6248 6330
6249 6329
6249 6330
6250 6251
6250 6331
6251 6252
6251 6331
6251 6332
6252 6253
6252 6331
6252 6332
6253 6254
6253 6332
6253 6333
6254 6333
6254 6334
6255 6256
6255 6334
6255 6335
6255 6336
6256 6257
6256 6335
6256 6336
6257 6258
6257 6336
6257 6337
6258 6259
6258 6337
6258 6338
6259 6260
6259 6337
6259 6338
6259 6339
6260 6261
6260 6338
6260 6339
6261 6262
6261 6339
6262 6340
6263 6264
6263 6340
6263 6341
6263 6342
6264 6265
6264 6341
6264 6342
6265 6342
6265 6343
6266 6267
6266 6343
6266 6344
6267 6268
6267 6344
6267 6345
6268 6269
6268 6345
6268 6346
6269 6270
6269 6345
6269 6346
6269 6347
6270 6271
6270 6346
6270 6347
6271 6272
6271 6347
6272 6348
6273 6274
6273 6348
6273 6349
6273 6350
6274 6349
6274 6350
6274 6351
6275 6276
6275 6351
6275 6352
6276 6277
6276 6352
6276 6353
6277 6278
6277 6352
6277 6353
6277 6354
6278 6353
6278 6354
6278 6355
6279 6280
6279 6355
6279 6356
6279 6357
6280 6281
6280 6356
6280 6357
6280 6358
6281 6282
6281 6357
6281 6358
6282 6283
6282 6358
6282 6359
6283 6284
6283 6359
6283 6360
6284 6285
6284 6359
6284 6360
6284 6361
6285 6360
6285 6361
6285 6362
6286 6287
6286 6362
6286 6363
6286 6364
6287 6288
6287 6363
6287 6364
6288 6289
6288 6364
6288 6365
6289 6290
6289 6365
6289 6366
6290 6291
6290 6365
6290 6366
6290 6367
6291 6366
6291 6367
6292 6293
6292 6368
6293 6368
6293 6369
6294 6295
6294 6369
6294 6370
6294 6371
6295 6370
6295 6371
6295 6372
6296 6297
6296 6374
6296 6375
6297 6298
6297 6375
6297 6376
6298 6299
6298 6375
6298 6376
6299 6300
6299 6376
6299 6377
6300 6377
6300 6378
6301 6302
6301 6378
6301 6379
6301 6380
6302 6303
6302 6379
6302 6380
6303 6304
6303 6380
6303 6381
6304 6305
6304 6381
6305 6306
6305 6381
6305 6382
6306 6307
6306 6382
6306 6383
6307 6308
6307 6382
6307 6383
6307 6384
6308 6309
6308 6383
6308 6384
6309 6310
6309 6384
6309 6385
6310 6385
6310 6386
6311 6386
6311 6387
6311 6388
6312 6313
6312 6388
6312 6389
6312 6390
6313 6389
6313 6390
6313 6391
6314 6392
6314 6393
6314 6394
6315 6316
6315 6394
6315 6395
6315 6396
6316 6317
6316 6395
6316 6396
6316 6397
6317 6396
6317 6397
6318 6319
6318 6398
6318 6399
6319 6320
6319 6398
6319 6399
6319 6400
6320 6321
6320 6399
6320 6400
6321 6322
6321 6400
6322 6323
6322 6401
6323 6324
6323 6401
6323 6402
6324 6325
6324 6401
6324 6402
6324 6403
6325 6326
6325 6402
6325 6403
6325 6404
6326 6327
6326 6403
6326 6404
6326 6405
6327 6328
6327 6404
6327 6405
6327 6406
6328 6329
6328 6405
6328 6406
6328 6407
6329 6330
6329 6406
6329 6407
6329 6408
6330 6407
6330 6408
6331 6332
6331 6409
6331 6410
6332 6410
6332 6411
6333 6334
6333 6411
6333 6412
6333 6413
6334 6335
6334 6412
6334 6413
6334 6414
6335 6336
6335 6413
6335 6414
6336 6414
6336 6415
6337 6338
6337 6415
6337 6416
6337 6417
6338 6339
6338 6416
6338 6417
6339 6417
6339 6418
6340 6341
6340 6419
6340 6420
6340 6421
6341 6342
6341 6420
6341 6421
6341 6422
6342 6421
6342 6422
6342 6423
6343 6344
6343 6423
6343 6424
6343 6425
6344 6424
6344 6425
6344 6426
6345 6346
6345 6426
6345 6427
6345 6428
6346 6347
6346 6427
6346 6428
6346 6429
6347 6428
6347 6429
6347 6430
6348 6349
6348 6431
6348 6432
6349 6350
6349 6432
6349 6433
6350 6351
6350 6432
6350 6433
6350 6434
6351 6433
6351 6434
6351 6435
6352 6353
6352 6435
6352 6436
6352 6437
6353 6354
6353 6436
6353 6437
6353 6438
6354 6355
6354 6437
6354 6438
6354 6439
6355 6356
6355 6438
6355 6439
6356 6357
6356 6439
6356 6440
6357 6358
6357 6440
6357 6441
6358 6440
6358 6441
6358 6442
6359 6360
6359 6442
6359 6443
6359 6444
6360 6361
6360 6443
6360 6444
6360 6445
6361 6362
6361 6444
6361 6445
6361 6446
6362 6363
6362 6445
6362 6446
6362 6447
6363 6364
6363 6446
6363 6447
6363 6448
6364 6447
6364 6448
6364 6449
6365 6366
6365 6449
6365 6450
6366 6367
6366 6450
6366 6451
6367 6451
6367 6452
6368 6452
6368 6453
6369 6370
6369 6454
6370 6371
6370 6454
6371 6372
6371 6454
6372 6373
6372 6455
6373 6374
6373 6455
6373 6456
6374 6455
6374 6456
6375 6376
6375 6457
6375 6458
6376 6457
6376 6458
6376 6459
6377 6378
6377 6459
6377 6460
6377 6461
6378 6379
6378 6460
6378 6461
6378 6462
6379 6380
6379 6461
6379 6462
6379 6463
6380 6462
6380 6463
6380 6464
6381 6464
6381 6465
6382 6383
6382 6465
6382 6466
6382 6467
6383 6384
6383 6466
6383 6467
6383 6468
6384 6467
6384 6468
6384 6469
6385 6386
6385 6469
6385 6470
6385 6471
6386 6387
6386 6470
6386 6471
6386 6472
6387 6388
6387 6471
6387 6472
6388 6389
6388 6472
6388 6473
6389 6390
6389 6473
6389 6474
6390 6391
6390 6473
6390 6474
6390 6475
6391 6392
6391 6474
6391 6475
6391 6476
6392 6393
6392 6475
6392 6476
6392 6477
6393 6394
6393 6476
6393 6477
6393 6478
6394 6395
6394 6477
6394 6478
6394 6479
6395 6396
6395 6478
6395 6479
6395 6480
6396 6397
6396 6479
6396 6480
6396 6481
6397 6480
6397 6481
6397 6482
6398 6399
6398 6482
6398 6483
6398 6484
6399 6400
6399 6483
6399 6484
6399 6485
6400 6484
6400 6485
6400 6486
6401 6402
6401 6487
6401 6488
6401 6489
6402 6403
6402 6488
6402 6489
6402 6490
6403 6404
6403 6489
6403 6490
6404 6405
6404 6490
6405 6406
6406 6407
6406 6491
6407 6408
6407 6491
6407 6492
6408 6491
6408 6492
6409 6493
6409 6494
6410 6411
6410 6494
6410 6495
6410 6496
6411 6412
6411 6495
6411 6496
6411 6497
6412 6413
6412 6496
6412 6497
6412 6498
6413 6414
6413 6497
6413 6498
6413 6499
6414 6498
6414 6499
6415 6416
6415 6500
6415 6501
6416 6417
6416 6500
6416 6501
6416 6502
6417 6501
6417 6502
6417 6503
6418 6419
6418 6503
6418 6504
6419 6420
6419 6504
6420 6421
6420 6504
6420 6505
6421 6422
6421 6505
6421 6506
6422 6423
6422 6505
6422 6506
6422 6507
6423 6424
6423 6506
6423 6507
6423 6508
6424 6425
6424 6507
6424 6508
6424 6509
6425 6426
6425 6508
6425 6509
6425 6510
6426 6427
6426 6509
6426 6510
6426 6511
6427 6428
6427 6510
6427 6511
6427 6512
6428 6429
6428 6511
6428 6512
6428 6513
6429 6430
6429 6512
6429 6513
6429 6514
6430 6431
6430 6513
6430 6514
6430 6515
6431 6514
6431 6515
6431 6516
6432 6433
6432 6516
6432 6517
6433 6434
6433 6517
6434 6435
6434 6517
6434 6518
6435 6436
6435 6518
6435 6519
6436 6437
6436 6518
6436 6519
6436 6520
6437 6438
6437 6519
6437 6520
6438 6439
6438 6520
6438 6521
6439 6521
6439 6522
6440 6441
6440 6522
6440 6523
6441 6442
6441 6523
6441 6524
6442 6443
6442 6523
6442 6524
6442 6525
6443 6444
6443 6524
6443 6525
6444 6445
6444 6525
6444 6526
6445 6446
6445 6526
6445 6527
6446 6447
6446 6526
6446 6527
6446 6528
6447 6448
6447 6527
6447 6528
6447 6529
6448 6449
6448 6528
6448 6529
6448 6530
6449 6450
6449 6529
6449 6530
6449 6531
6450 6530
6450 6531
6450 6532
6451 6452
6451 6532
6451 6533
6451 6534
6452 6453
6452 6533
6452 6534
6453 6534
6453 6535
6454 6536
6454 6537
6454 6538
6455 6456
6455 6539
6455 6540
6456 6539
6456 6540
6456 6541
6457 6458
6457 6541
6457 6542
6457 6543
6458 6459
6458 6542
6458 6543
6458 6544
6459 6460
6459 6543
6459 6544
6459 6545
6460 6461
6460 6544
6460 6545
6460 6546
6461 6462
6461 6545
6461 6546
6461 6547
6462 6463
6462 6546
6462 6547
6462 6548
6463 6464
6463 6547
6463 6548
6463 6549
6464 6548
6464 6549
6464 6550
6465 6466
6465 6550
6465 6551
6466 6467
6466 6551
6467 6468
6467 6552
6468 6469
6468 6552
6468 6553
6469 6470
6469 6552
6469 6553
6470 6471
6470 6553
6470 6554
6471 6472
6471 6554
6471 6555
6472 6554
6472 6555
6472 6556
6473 6474
6473 6556
6474 6475
6474 6557
6475 6476
6475 6557
6475 6558
6476 6477
6476 6557
6476 6558
6476 6559
6477 6478
6477 6558
6477 6559
6477 6560
6478 6479
6478 6559
6478 6560
6478 6561
6479 6480
6479 6560
6479 6561
6479 6562
6480 6481
6480 6561
6480 6562
6480 6563
6481 6482
6481 6562
6481 6563
6481 6564
6482 6483
6482 6563
6482 6564
6482 6565
6483 6484
6483 6564
6483 6565
6483 6566
6484 6485
6484 6565
6484 6566
6485 6486
6485 6566
6486 6487
6486 6567
6487 6488
6487 6567
6487 6568
6488 6489
6488 6567
6488 6568
6488 6569
6489 6490
6489 6568
6489 6569
6489 6570
6490 6569
6490 6570
6490 6571
6491 6492
6491 6573
6491 6574
6492 6573
6492 6574
6493 6494
6493 6575
6493 6576
6494 6495
6494 6575
6494 6576
6495 6496
6495 6576
6495 6577
6496 6497
6496 6577
6496 6578
6497 6498
6497 6577
6497 6578
6497 6579
6498 6499
6498 6578
6498 6579
6498 6580
6499 6579
6499 6580
6500 6501
6500 6581
6500 6582
6501 6502
6501 6581
6501 6582
6501 6583
6502 6503
6502 6582
6502 6583
6503 6583
6503 6584
6504 6584
6504 6585
6505 6506
6505 6586
6505 6587
6506 6507
6506 6586
6506 6587
6506 6588
6507 6508
6507 6587
6507 6588
6507 6589
6508 6509
6508 6588
6508 6589
6508 6590
6509 6510
6509 6589
6509 6590
6509 6591
6510 6511
6510 6590
6510 6591
6510 6592
6511 6512
6511 6591
6511 6592
6511 6593
6512 6513
6512 6592
6512 6593
6512 6594
6513 6514
6513 6593
6513 6594
6513 6595
6514 6515
6514 6594
6514 6595
6514 6596
6515 6516
6515 6595
6515 6596
6515 6597
6516 6596
6516 6597
6517 6598
6517 6599
6518 6519
6518 6599
6518 6600
6519 6520
6519 6600
6519 6601
6520 6600
6520 6601
6521 6522
6523 6524
6523 6602
6523 6603
6524 6525
6524 6602
6524 6603
6525 6603
6525 6604
6526 6527
6526 6604
6526 6605
6527 6528
6527 6605
6528 6529
6528 6606
6529 6530
6529 6606
6529 6607
6530 6531
6530 6606
6530 6607
6530 6608
6531 6532
6531 6607
6531 6608
6531 6609
6532 6533
6532 6608
6532 6609
6532 6610
6533 6534
6533 6609
6533 6610
6533 6611
6534 6610
6534 6611
6534 6612
6535 6536
6535 6612
6535 6613
6535 6614
6536 6537
6536 6613
6536 6614
6536 6615
6537 6538
6537 6614
6537 6615
6537 6616
6538 6615
6538 6616
6538 6617
6539 6540
6539 6617
6539 6618
6539 6619
6540 6541
6540 6618
6540 6619
6541 6542
6541 6619
6541 6620
6542 6543
6542 6620
6542 6621
6543 6544
6543 6620
6543 6621
6543 6622
6544 6545
6544 6621
6544 6622
6544 6623
6545 6546
6545 6622
6545 6623
6546 6547
6546 6623
6547 6548
6548 6549
6549 6550
6550 6551
6550 6624
6551 6624
6551 6625
6552 6553
6552 6626
6552 6627
6552 6628
6553 6627
6553 6628
6554 6555
6554 6629
6554 6630
6555 6556
6555 6629
6555 6630
6555 6631
6556 6630
6556 6631
6556 6632
6557 6558
6557 6633
6557 6634
6557 6635
6558 6559
6558 6634
6558 6635
6558 6636
6559 6560
6559 6635
6559 6636
6559 6637
6560 6561
6560 6636
6560 6637
6560 6638
6561 6562
6561 6637
6561 6638
6561 6639
6562 6563
6562 6638
6562 6639
6562 6640
6563 6564
6563 6639
6563 6640
6563 6641
6564 6565
6564 6640
6564 6641
6564 6642
6565 6566
6565 6641
6565 6642
6565 6643
6566 6642
6566 6643
6566 6644
6567 6568
6567 6645
6567 6646
6568 6569
6568 6646
6568 6647
6569 6570
6569 6646
6569 6647
6569 6648
6570 6571
6570 6647
6570 6648
6570 6649
6571 6572
6571 6648
6571 6649
6572 6649
6572 6650
6573 6574
6573 6650
6573 6651
6573 6652
6574 6651
6574 6652
6575 6576
6575 6653
6575 6654
6576 6653
6576 6654
6576 6655
6577 6578
6577 6655
6577 6656
6578 6579
6578 6656
6578 6657
6579 6580
6579 6657
6579 6658
6580 6657
6580 6658
6581 6582
6582 6583
6582 6659
6583 6659
6583 6660
6584 6585
6584 6660
6584 6661
6584 6662
6585 6661
6585 6662
6585 6663
6586 6587
6586 6663
6586 6664
6586 6665
6587 6588
6587 6664
6587 6665
6588 6589
6588 6665
6588 6666
6589 6590
6589 6666
6589 6667
6590 6591
6590 6666
6590 6667
6590 6668
6591 6592
6591 6667
6591 6668
6591 6669
6592 6593
6592 6668
6592 6669
6592 6670
6593 6594
6593 6669
6593 6670
6593 6671
6594 6595
6594 6670
6594 6671
6594 6672
6595 6596
6595 6671
6595 6672
6595 6673
6596 6597
6596 6672
6596 6673
6596 6674
6597 6673
6597 6674
6597 6675
6598 6599
6598 6675
6599 6676
6600 6601
6600 6676
6600 6677
6601 6677
6602 6603
6602 6679
6602 6680
6603 6680
6603 6681
6604 6605
6604 6681
6604 6682
6604 6683
6605 6682
6605 6683
6605 6684
6606 6607
6606 6685
6606 6686
6607 6608
6607 6686
6607 6687
6608 6609
6608 6687
6608 6688
6609 6610
6609 6687
6609 6688
6609 6689
6610 6611
6610 6688
6610 6689
6610 6690
6611 6612
6611 6689
6611 6690
6612 6613
6612 6690
6612 6691
6613 6614
6613 6691
6613 6692
6614 6615
6614 6691
6614 6692
6614 6693
6615 6616
6615 6692
6615 6693
6615 6694
6616 6617
6616 6693
6616 6694
6616 6695
6617 6618
6617 6694
6617 6695
6617 6696
6618 6619
6618 6695
6618 6696
6618 6697
6619 6696
6619 6697
6620 6621
6620 6698
6620 6699
6621 6622
6621 6698
6621 6699
6621 6700
6622 6623
6622 6699
6622 6700
6622 6701
6623 6700
6623 6701
6624 6625
6624 6705
6625 6626
6625 6705
6625 6706
6626 6627
6626 6706
6627 6628
6627 6706
6628 6707
6629 6630
6629 6707
6629 6708
6630 6631
6630 6708
6630 6709
6631 6632
6631 6708
6631 6709
6631 6710
6632 6633
6632 6709
6632 6710
6632 6711
6633 6634
6633 6710
6633 6711
6634 6635
6634 6711
6634 6712
6635 6636
6635 6712
6635 6713
6636 6637
6636 6712
6636 6713
6636 6714
6637 6638
6637 6713
6637 6714
6637 6715
6638 6639
6638 6714
6638 6715
6638 6716
6639 6640
6639 6715
6639 6716
6639 6717
6640 6641
6640 6716
6640 6717
6640 6718
6641 6642
6641 6717
6641 6718
6641 6719
6642 6643
6642 6718
6642 6719
6642 6720
6643 6644
6643 6719
6643 6720
6643 6721
6644 6645
6644 6720
6644 6721
6645 6721
6645 6722
6646 6647
6646 6722
6646 6723
6646 6724
6647 6648
6647 6723
6647 6724
6647 6725
6648 6649
6648 6724
6648 6725
6649 6725
6649 6726
6650 6651
6650 6726
6650 6727
6651 6652
6651 6727
6651 6728
6652 6728
6653 6654
6653 6729
6653 6730
6654 6655
6654 6729
6654 6730
6654 6731
6655 6656
6655 6730
6655 6731
6656 6731
6656 6732
6657 6658
6657 6732
6657 6733
6657 6734
6658 6733
6658 6734
6658 6735
6659 6660
6659 6737
6660 6661
6661 6662
6661 6738
6662 6663
6662 6738
6662 6739
6663 6664
6663 6738
6663 6739
6663 6740
6664 6665
6664 6739
6664 6740
6664 6741
6665 6740
6665 6741
6665 6742
6666 6667
6666 6742
6666 6743
6667 6668
6667 6743
6667 6744
6668 6669
6668 6744
6668 6745
6669 6670
6669 6744
6669 6745
6669 6746
6670 6671
6670 6745
6670 6746
6670 6747
6671 6672
6671 6746
6671 6747
6671 6748
6672 6673
6672 6747
6672 6748
6672 6749
6673 6674
6673 6748
6673 6749
6673 6750
6674 6675
6674 6749
6674 6750
6674 6751
6675 6750
6675 6751
6675 6752
6676 6677
6676 6753
6676 6754
6677 6754
6678 6755
6678 6756
6679 6680
6679 6756
6679 6757
6679 6758
6680 6757
6680 6758
6680 6759
6681 6682
6681 6759
6681 6760
6681 6761
6682 6683
6682 6760
6682 6761
6682 6762
6683 6684
6683 6761
6683 6762
6684 6685
6684 6762
6684 6763
6685 6686
6685 6763
6685 6764
6686 6763
6686 6764
6686 6765
6687 6688
6687 6765
6687 6766
6688 6689
6688 6766
6688 6767
6689 6690
6689 6766
6689 6767
6689 6768
6690 6767
6690 6768
6690 6769
6691 6692
6691 6769
6691 6770
6692 6693
6692 6770
6692 6771
6693 6694
6693 6771
6693 6772
6694 6695
6694 6771
6694 6772
6695 6696
6695 6772
6695 6773
6696 6697
6696 6773
6696 6774
6697 6773
6697 6774
6697 6775
6698 6699
6698 6775
6698 6776
6698 6777
6699 6700
6699 6776
6699 6777
6700 6701
6700 6777
6701 6778
6702 6703
6702 6778
6702 6779
6702 6780
6703 6704
6703 6779
6703 6780
6703 6781
6704 6780
6704 6781
6705 6782
6706 6783
6707 6784
6707 6785
6707 6786
6708 6709
6708 6786
6708 6787
6708 6788
6709 6710
6709 6787
6709 6788
6709 6789
6710 6711
6710 6788
6710 6789
6710 6790
6711 6789
6711 6790
6711 6791
6712 6713
6712 6791
6712 6792
6712 6793
6713 6714
6713 6792
6713 6793
6714 6715
6714 6793
6715 6716
6715 6794
6716 6717
6716 6794
6717 6718
6717 6794
6717 6795
6718 6719
6718 6795
6718 6796
6719 6720
6719 6795
6719 6796
6719 6797
6720 6721
6720 6796
6720 6797
6720 6798
6721 6797
6721 6798
6721 6799
6722 6723
6722 6799
6722 6800
6722 6801
6723 6724
6723 6800
6723 6801
6724 6725
6724 6801
6724 6802
6725 6802
6725 6803
6726 6727
6726 6803
6726 6804
6726 6805
6727 6804
6727 6805
6727 6806
6728 6806
6728 6807
6729 6730
6729 6808
6730 6731
6730 6808
6730 6809
6731 6809
6731 6810
6732 6733
6732 6810
6732 6811
6732 6812
6733 6734
6733 6811
6733 6812
6733 6813
6734 6735
6734 6812
6734 6813
6734 6814
6735 6736
6735 6813
6735 6814
6735 6815
6736 6737
6736 6814
6736 6815
6736 6816
6737 6815
6737 6816
6737 6817
6738 6739
6738 6819
6738 6820
6738 6821
6739 6740
6739 6820
6739 6821
6739 6822
6740 6741
6740 6821
6740 6822
6740 6823
6741 6742
6741 6822
6741 6823
6742 6743
6742 6823
6742 6824
6743 6824
6743 6825
6744 6745
6744 6825
6744 6826
6744 6827
6745 6746
6745 6826
6745 6827
6745 6828
6746 6747
6746 6827
6746 6828
6746 6829
6747 6748
6747 6828
6747 6829
6747 6830
6748 6749
6748 6829
6748 6830
6748 6831
6749 6750
6749 6830
6749 6831
6749 6832
6750 6751
6750 6831
6750 6832
6750 6833
6751 6752
6751 6832
6751 6833
6751 6834
6752 6753
6752 6833
6752 6834
6752 6835
6753 6754
6753 6834
6753 6835
6753 6836
6754 6835
6754 6836
6754 6837
6755 6838
6755 6839
6756 6757
6756 6840
6757 6758
6757 6840
6757 6841
6758 6759
6758 6841
6758 6842
6759 6760
6759 6841
6759 6842
6759 6843
6760 6761
6760 6842
6760 6843
6760 6844
6761 6762
6761 6843
6761 6844
6761 6845
6762 6844
6762 6845
6763 6764
6763 6846
6764 6765
6764 6846
6764 6847
6765 6846
6765 6847
6765 6848
6766 6767
6766 6848
6766 6849
6766 6850
6767 6768
6767 6849
6767 6850
6767 6851
6768 6769
6768 6850
6768 6851
6768 6852
6769 6770
6769 6851
6769 6852
6769 6853
6770 6852
6770 6853
6770 6854
6771 6772
6771 6854
6771 6855
6771 6856
6772 6855
6772 6856
6772 6857
6773 6774
6773 6857
6773 6858
6773 6859
6774 6775
6774 6858
6774 6859
6774 6860
6775 6776
6775 6859
6775 6860
6775 6861
6776 6777
6776 6860
6776 6861
6777 6861
6777 6862
6778 6779
6778 6863
6778 6864
6778 6865
6779 6780
6779 6864
6779 6865
6779 6866
6780 6781
6780 6865
6780 6866
6780 6867
6781 6866
6781 6867
6781 6868
6782 6868
6782 6869
6782 6870
6783 6784
6783 6871
6784 6785
6784 6871
6785 6786
6786 6787
6787 6788
6788 6789
6788 6872
6789 6790
6789 6872
6789 6873
6790 6791
6790 6872
6790 6873
6790 6874
6791 6792
6791 6873
6791 6874
6791 6875
6792 6793
6792 6874
6792 6875
6792 6876
6793 6875
6793 6876
6793 6877
6794 6878
6794 6879
6794 6880
6795 6796
6795 6880
6795 6881
6796 6797
6796 6881
6796 6882
6797 6798
6797 6881
6797 6882
6797 6883
6798 6799
6798 6882
6798 6883
6799 6800
6799 6883
6799 6884
6800 6801
6800 6884
6800 6885
6801 6884
6801 6885
6801 6886
6802 6803
6802 6886
6802 6887
6803 6804
6803 6887
6803 6888
6804 6805
6804 6887
6804 6888
6805 6806
6805 6888
6805 6889
6806 6807
6806 6889
6806 6890
6807 6889
6807 6890
6808 6891
6808 6892
6809 6810
6809 6892
6809 6893
6810 6811
6810 6893
6810 6894
6811 6812
6811 6893
6811 6894
6811 6895
6812 6813
6812 6894
6812 6895
6812 6896
6813 6814
6813 6895
6813 6896
6813 6897
6814 6815
6814 6896
6814 6897
6814 6898
6815 6816
6815 6897
6815 6898
6815 6899
6816 6817
6816 6898
6816 6899
6816 6900
6817 6818
6817 6899
6817 6900
6817 6901
6818 6819
6818 6900
6818 6901
6818 6902
6819 6820
6819 6901
6819 6902
6820 6821
6820 6902
6820 6903
6821 6822
6821 6903
6821 6904
6822 6823
6822 6903
6822 6904
6822 6905
6823 6904
6823 6905
6823 6906
6824 6825
6824 6906
6824 6907
6825 6826
6825 6907
6825 6908
6826 6827
6826 6908
6826 6909
6827 6828
6827 6908
6827 6909
6828 6829
6828 6909
6828 6910
6829 6830
6829 6910
6829 6911
6830 6831
6830 6910
6830 6911
6831 6832
6831 6911
6831 6912
6832 6833
6832 6912
6832 6913
6833 6834
6833 6912
6833 6913
6833 6914
6834 6835
6834 6913
6834 6914
6834 6915
6835 6836
6835 6914
6835 6915
6835 6916
6836 6837
6836 6915
6836 6916
6836 6917
6837 6838
6837 6916
6837 6917
6837 6918
6838 6839
6838 6917
6838 6918
6838 6919
6839 6918
6839 6919
6839 6920
6840 6920
6840 6921
6841 6842
6841 6922
6841 6923
6842 6843
6842 6922
6842 6923
6842 6924
6843 6844
6843 6923
6843 6924
6844 6845
6844 6924
6844 6925
6845 6925
6845 6926
6846 6847
6846 6927
6846 6928
6846 6929
6847 6848
6847 6928
6847 6929
6847 6930
6848 6849
6848 6929
6848 6930
6848 6931
6849 6850
6849 6930
6849 6931
6849 6932
6850 6851
6850 6931
6850 6932
6850 6933
6851 6852
6851 6932
6851 6933
6851 6934
6852 6853
6852 6933
6852 6934
6852 6935
6853 6854
6853 6934
6853 6935
6853 6936
6854 6855
6854 6935
6854 6936
6854 6937
6855 6856
6855 6936
6855 6937
6855 6938
6856 6857
6856 6937
6856 6938
6857 6858
6857 6938
6857 6939
6858 6859
6858 6939
6858 6940
6859 6860
6859 6939
6859 6940
6859 6941
6860 6861
6860 6940
6860 6941
6860 6942
6861 6941
6861 6942
6861 6943
6862 6863
6862 6943
6862 6944
6863 6864
6863 6944
6863 6945
6864 6865
6864 6944
6864 6945
6864 6946
6865 6866
6865 6945
6865 6946
6866 6867
6866 6946
6867 6868
6867 6947
6868 6869
6868 6947
6869 6870
6869 6947
6871 6948
6871 6949
6872 6873
6872 6953
6872 6954
6873 6874
6873 6953
6873 6954
6873 6955
6874 6875
6874 6954
6874 6955
6875 6876
6875 6955
6876 6877
6876 6956
6877 6878
6877 6956
6877 6957
6878 6879
6878 6956
6878 6957
6878 6958
6879 6880
6879 6957
6879 6958
6879 6959
6880 6958
6880 6959
6880 6960
6881 6882
6881 6960
6881 6961
6882 6883
6882 6961
6882 6962
6883 6962
6883 6963
6884 6885
6884 6963
6884 6964
6884 6965
6885 6886
6885 6964
6885 6965
6885 6966
6886 6965
6886 6966
6886 6967
6887 6888
6887 6967
6887 6968
6887 6969
6888 6968
6888 6969
6889 6890
6889 6970
6890 6970
6891 6892
6891 6971
6891 6972
6892 6971
6892 6972
6893 6894
6893 6973
6894 6895
6894 6973
6894 6974
6895 6896
6895 6974
6896 6897
6896 6974
6896 6975
6897 6898
6897 6975
6897 6976
6898 6899
6898 6975
6898 6976
6898 6977
6899 6900
6899 6976
6899 6977
6900 6901
6900 6977
6900 6978
6901 6902
6901 6978
6901 6979
6902 6978
6902 6979
6902 6980
6903 6904
6903 6980
6903 6981
6903 6982
6904 6905
6904 6981
6904 6982
6905 6906
6905 6982
6906 6907
6906 6983
6907 6983
6907 6984
6908 6909
6908 6984
6908 6985
6909 6985
6909 6986
6910 6911
6910 6986
6910 6987
6910 6988
6911 6987
6911 6988
6911 6989
6912 6913
6912 6989
6912 6990
6912 6991
6913 6914
6913 6990
6913 6991
6913 6992
6914 6915
6914 6991
6914 6992
6914 6993
6915 6916
6915 6992
6915 6993
6916 6917
6916 6993
6916 6994
6917 6918
6917 6994
6918 6919
6918 6994
6919 6920
6919 6995
6920 6921
6920 6995
6921 6995
6922 6923
6922 6996
6922 6997
6923 6924
6923 6996
6923 6997
6923 6998
6924 6997
6924 6998
6924 6999
6925 6926
6925 6999
6925 7000
6926 6927
6926 7000
6926 7001
6927 6928
6927 7000
6927 7001
6928 6929
6928 7001
6928 7002
6929 6930
6929 7002
6929 7003
6930 6931
6930 7002
6930 7003
6931 6932
6931 7003
6931 7004
6932 6933
6932 7004
6932 7005
6933 6934
6933 7004
6933 7005
6933 7006
6934 6935
6934 7005
6934 7006
6934 7007
6935 6936
6935 7006
6935 7007
6935 7008
6936 6937
6936 7007
6936 7008
6936 7009
6937 6938
6937 7008
6937 7009
6938 7009
6938 7010
6939 6940
6939 7010
6939 7011
6939 7012
6940 6941
6940 7011
6940 7012
6940 7013
6941 6942
6941 7012
6941 7013
6942 6943
6942 7013
6942 7014
6943 7014
6943 7015
6944 6945
6944 7015
6945 6946
6945 7016
6946 7016
6946 7017
6947 7018
6947 7019
6947 7020
6948 6949
6948 7021
6948 7022
6948 7023
6949 6950
6949 7022
6949 7023
6950 6951
6950 7023
6950 7024
6951 6952
6951 7024
6951 7025
6952 7024
6952 7025
6952 7026
6953 6954
6953 7026
6953 7027
6954 6955
6954 7027
6954 7028
6955 7028
6955 7029
6956 6957
6956 7030
6956 7031
6957 6958
6957 7030
6957 7031
6957 7032
6958 6959
6958 7031
6958 7032
6959 6960
6959 7032
6959 7033
6960 6961
6960 7033
6960 7034
6961 7033
6961 7034
6962 6963
6962 7035
6962 7036
6963 6964
6963 7035
6963 7036
6963 7037
6964 6965
6964 7036
6964 7037
6964 7038
6965 6966
6965 7037
6965 7038
6965 7039
6966 6967
6966 7038
6966 7039
6966 7040
6967 6968
6967 7039
6967 7040
6967 7041
6968 6969
6968 7040
6968 7041
6969 7041
6969 7042
6970 7042
6970 7043
6970 7044
6971 6972
6971 7045
6971 7046
6972 7045
6972 7046
6972 7047
6973 7047
6973 7048
6973 7049
6974 7049
6974 7050
6974 7051
6975 6976
6975 7051
6975 7052
6975 7053
6976 6977
6976 7052
6976 7053
6976 7054
6977 7053
6977 7054
6977 7055
6978 6979
6978 7055
6978 7056
6978 7057
6979 6980
6979 7056
6979 7057
6979 7058
6980 6981
6980 7057
6980 7058
6980 7059
6981 6982
6981 7058
6981 7059
6981 7060
6982 7059
6982 7060
6982 7061
6983 6984
6983 7062
6983 7063
6984 7062
6984 7063
6984 7064
6985 6986
6985 7064
6985 7065
6985 7066
6986 6987
6986 7065
6986 7066
6986 7067
6987 6988
6987 7066
6987 7067
6987 7068
6988 6989
6988 7067
6988 7068
6988 7069
6989 6990
6989 7068
6989 7069
6989 7070
6990 6991
6990 7069
6990 7070
6990 7071
6991 6992
6991 7070
6991 7071
6991 7072
6992 6993
6992 7071
6992 7072
6993 7072
6993 7073
6994 7073
6994 7074
6995 7075
6995 7076
6995 7077
6996 6997
6996 7078
6996 7079
6997 6998
6997 7079
6998 6999
6998 7079
6998 7080
6999 7080
6999 7081
7000 7001
7000 7081
7000 7082
7000 7083
7001 7082
7001 7083
7001 7084
7002 7003
7002 7084
7002 7085
7003 7085
7003 7086
7004 7005
7004 7086
7004 7087
7004 7088
7005 7006
7005 7087
7005 7088
7005 7089
7006 7007
7006 7088
7006 7089
7006 7090
7007 7008
7007 7089
7007 7090
7008 7009
7008 7090
7008 7091
7009 7091
7009 7092
7010 7011
7010 7092
7010 7093
7010 7094
7011 7012
7011 7093
7011 7094
7011 7095
7012 7013
7012 7094
7012 7095
7013 7095
7013 7096
7014 7015
7014 7096
7014 7097
7014 7098
7015 7097
7015 7098
7015 7099
7016 7017
7016 7100
7016 7101
7016 7102
7017 7018
7017 7101
7017 7102
7017 7103
7018 7019
7018 7102
7018 7103
7018 7104
7019 7020
7019 7103
7019 7104
7019 7105
7020 7104
7020 7105
7020 7106
7021 7022
7021 7106
7021 7107
7021 7108
7022 7023
7022 7107
7022 7108
7022 7109
7023 7108
7023 7109
7023 7110
7024 7025
7024 7110
7024 7111
7024 7112
7025 7026
7025 7111
7025 7112
7025 7113
7026 7027
7026 7112
7026 7113
7026 7114
7027 7113
7027 7114
7027 7115
7028 7029
7028 7115
7028 7116
7028 7117
7029 7116
7029 7117
7029 7118
7030 7031
7030 7118
7030 7119
7030 7120
7031 7032
7031 7119
7031 7120
7031 7121
7032 7120
7032 7121
7032 7122
7033 7034
7033 7122
7033 7123
7033 7124
7034 7123
7034 7124
7035 7036
7035 7125
7036 7037
7036 7125
7036 7126
7037 7038
7037 7126
7037 7127
7038 7039
7038 7126
7038 7127
7038 7128
7039 7040
7039 7127
7039 7128
7039 7129
7040 7041
7040 7128
7040 7129
7040 7130
7041 7129
7041 7130
7041 7131
7042 7043
7042 7131
7042 7132
7043 7044
7043 7132
7043 7133
7044 7132
7044 7133
7045 7046
7045 7134
7045 7135
7046 7047
7046 7134
7046 7135
7046 7136
7047 7048
7047 7135
7047 7136
7047 7137
7048 7049
7048 7136
7048 7137
7048 7138
7049 7050
7049 7137
7049 7138
7049 7139
7050 7051
7050 7138
7050 7139
7050 7140
7051 7052
7051 7139
7051 7140
7051 7141
7052 7053
7052 7140
7052 7141
7052 7142
7053 7054
7053 7141
7053 7142
7053 7143
7054 7055
7054 7142
7054 7143
7054 7144
7055 7056
7055 7143
7055 7144
7055 7145
7056 7057
7056 7144
7056 7145
7057 7058
7057 7145
7057 7146
7058 7059
7058 7146
7058 7147
7059 7060
7059 7146
7059 7147
7059 7148
7060 7061
7060 7147
7060 7148
7060 7149
7061 7148
7061 7149
7061 7150
7062 7063
7062 7150
7063 7064
7063 7151
7064 7065
7064 7151
7064 7152
7065 7066
7065 7151
7065 7152
7065 7153
7066 7067
7066 7152
7066 7153
7066 7154
7067 7068
7067 7153
7067 7154
7067 7155
7068 7069
7068 7154
7068 7155
7068 7156
7069 7070
7069 7155
7069 7156
7069 7157
7070 7071
7070 7156
7070 7157
7071 7072
7071 7157
7073 7074
7073 7158
7073 7159
7074 7158
7074 7159
7074 7160
7075 7076
7075 7160
7075 7161
7075 7162
7076 7077
7076 7161
7076 7162
7076 7163
7077 7078
7077 7162
7077 7163
7077 7164
7078 7163
7078 7164
7079 7165
7079 7166
7080 7081
7080 7166
7080 7167
7080 7168
7081 7082
7081 7167
7081 7168
7081 7169
7082 7083
7082 7168
7082 7169
7082 7170
7083 7084
7083 7169
7083 7170
7083 7171
7084 7170
7084 7171
7084 7172
7085 7086
7085 7172
7085 7173
7085 7174
7086 7087
7086 7173
7086 7174
7086 7175
7087 7088
7087 7174
7087 7175
7087 7176
7088 7089
7088 7175
7088 7176
7088 7177
7089 7090
7089 7176
7089 7177
7090 7177
7090 7178
7091 7092
7091 7178
7091 7179
7091 7180
7092 7093
7092 7179
7092 7180
7092 7181
7093 7094
7093 7180
7093 7181
7093 7182
7094 7095
7094 7181
7094 7182
7094 7183
7095 7182
7095 7183
7095 7184
7096 7097
7096 7184
7096 7185
7097 7098
7097 7185
7097 7186
7098 7099
7098 7186
7099 7100
7099 7186
7100 7101
7100 7187
7101 7102
7101 7187
7101 7188
7102 7103
7102 7187
7102 7188
7102 7189
7103 7104
7103 7188
7103 7189
7103 7190
7104 7105
7104 7189
7104 7190
7104 7191
7105 7106
7105 7190
7105 7191
7106 7107
7106 7191
7106 7192
7107 7108
7107 7192
7107 7193
7108 7109
7108 7192
7108 7193
7108 7194
7109 7110
7109 7193
7109 7194
7109 7195
7110 7111
7110 7194
7110 7195
7110 7196
7111 7112
7111 7195
7111 7196
7111 7197
7112 7113
7112 7196
7112 7197
7112 7198
7113 7114
7113 7197
7113 7198
7113 7199
7114 7115
7114 7198
7114 7199
7114 7200
7115 7116
7115 7199
7115 7200
7115 7201
7116 7117
7116 7200
7116 7201
7116 7202
7117 7118
7117 7201
7117 7202
7117 7203
7118 7119
7118 7202
7118 7203
7118 7204
7119 7120
7119 7203
7119 7204
7119 7205
7120 7121
7120 7204
7120 7205
7120 7206
7121 7122
7121 7205
7121 7206
7121 7207
7122 7123
7122 7206
7122 7207
7123 7124
7123 7207
7124 7208
7125 7208
7126 7127
7126 7209
7127 7128
7127 7209
7127 7210
7128 7129
7128 7209
7128 7210
7128 7211
7129 7130
7129 7210
7129 7211
7129 7212
7130 7131
7130 7211
7130 7212
7130 7213
7131 7212
7131 7213
7131 7214
7132 7133
7132 7214
7132 7215
7132 7216
7133 7215
7133 7216
7134 7135
7134 7217
7135 7136
7135 7217
7135 7218
7136 7137
7136 7218
7136 7219
7137 7138
7137 7218
7137 7219
7137 7220
7138 7139
7138 7219
7138 7220
7138 7221
7139 7140
7139 7220
7139 7221
7139 7222
7140 7141
7140 7221
7140 7222
7141 7142
7141 7222
7141 7223
7142 7143
7142 7223
7142 7224
7143 7144
7143 7223
7143 7224
7143 7225
7144 7145
7144 7224
7144 7225
7145 7225
7145 7226
7146 7147
7146 7226
7147 7148
7148 7149
7148 7227
7149 7150
7149 7227
7149 7228
7150 7227
7150 7228
7150 7229
7151 7152
7151 7230
7151 7231
7151 7232
7152 7153
7152 7231
7152 7232
7152 7233
7153 7154
7153 7232
7153 7233
7153 7234
7154 7155
7154 7233
7154 7234
7154 7235
7155 7156
7155 7234
7155 7235
7155 7236
7156 7157
7156 7235
7156 7236
7157 7236
7157 7237
7158 7159
7158 7239
7158 7240
7158 7241
7159 7160
7159 7240
7159 7241
7160 7161
7160 7241
7160 7242
7161 7162
7161 7242
7161 7243
7162 7163
7162 7242
7162 7243
7163 7164
7163 7243
7163 7244
7164 7244
7164 7245
7165 7166
7165 7245
7165 7246
7166 7167
7166 7246
7166 7247
7167 7168
7167 7247
7167 7248
7168 7169
7168 7247
7168 7248
7168 7249
7169 7170
7169 7248
7169 7249
7169 7250
7170 7171
7170 7249
7170 7250
7170 7251
7171 7172
7171 7250
7171 7251
7172 7173
7172 7251
7172 7252
7173 7174
7173 7252
7173 7253
7174 7175
7174 7252
7174 7253
7174 7254
7175 7176
7175 7253
7175 7254
7175 7255
7176 7177
7176 7254
7176 7255
7176 7256
7177 7255
7177 7256
7177 7257
7178 7179
7178 7257
7178 7258
7179 7180
7179 7258
7180 7181
7180 7259
7181 7182
7181 7259
7181 7260
7182 7183
7182 7259
7182 7260
7183 7184
7183 7260
7183 7261
7184 7185
7184 7261
7184 7262
7185 7261
7185 7262
7185 7263
7186 7263
7186 7264
7187 7188
7187 7265
7187 7266
7187 7267
7188 7189
7188 7266
7188 7267
7188 7268
7189 7190
7189 7267
7189 7268
7189 7269
7190 7191
7190 7268
7190 7269
7190 7270
7191 7269
7191 7270
7191 7271
7192 7193
7192 7271
7192 7272
7192 7273
7193 7194
7193 7272
7193 7273
7194 7195
7194 7273
7194 7274
7195 7196
7195 7274
7196 7197
7196 7274
7196 7275
7197 7198
7197 7275
7198 7199
7198 7275
7198 7276
7199 7200
7199 7276
7199 7277
7200 7201
7200 7276
7200 7277
7200 7278
7201 7202
7201 7277
7201 7278
7202 7203
7202 7278
7202 7279
7203 7204
7203 7279
7203 7280
7204 7205
7204 7279
7204 7280
7204 7281
7205 7206
7205 7280
7205 7281
7205 7282
7206 7207
7206 7281
7206 7282
7206 7283
7207 7282
7207 7283
7207 7284
7208 7285
7208 7286
7209 7210
7209 7288
7209 7289
7209 7290
7210 7211
7210 7289
7210 7290
7210 7291
7211 7212
7211 7290
7211 7291
7211 7292
7212 7213
7212 7291
7212 7292
7212 7293
7213 7214
7213 7292
7213 7293
7214 7215
7214 7293
7214 7294
7215 7216
7215 7294
7216 7294
7217 7295
7217 7296
7218 7219
7218 7296
7218 7297
7219 7220
7219 7297
7219 7298
7220 7221
7220 7298
7220 7299
7221 7222
7221 7298
7221 7299
7221 7300
7222 7299
7222 7300
7223 7224
7224 7225
7224 7301
7225 7301
7225 7302
7226 7302
7226 7303
7226 7304
7227 7228
7227 7305
7228 7229
7228 7305
7228 7306
7229 7230
7229 7306
7230 7231
7230 7306
7230 7307
7231 7232
7231 7307
7231 7308
7232 7233
7232 7307
7232 7308
7232 7309
7233 7234
7233 7308
7233 7309
7233 7310
7234 7235
7234 7309
7234 7310
7234 7311
7235 7236
7235 7310
7235 7311
7235 7312
7236 7311
7236 7312
7236 7313
7237 7238
7237 7313
7237 7314
7238 7239
7238 7314
7238 7315
7239 7240
7239 7315
7239 7316
7240 7241
7240 7315
7240 7316
7240 7317
7241 7316
7241 7317
7241 7318
7242 7243
7242 7318
7242 7319
7243 7319
7243 7320
7244 7245
7244 7320
7244 7321
7244 7322
7245 7246
7245 7321
7245 7322
7245 7323
7246 7322
7246 7323
7246 7324
7247 7248
7247 7324
7247 7325
7247 7326
7248 7249
7248 7325
7248 7326
7249 7250
7249 7326
7249 7327
7250 7251
7250 7327
7250 7328
7251 7327
7251 7328
7251 7329
7252 7253
7252 7329
7252 7330
7252 7331
7253 7254
7253 7330
7253 7331
7253 7332
7254 7255
7254 7331
7254 7332
7255 7256
7255 7332
7255 7333
7256 7257
7256 7333
7256 7334
7257 7258
7257 7333
7257 7334
7257 7335
7258 7334
7258 7335
7258 7336
7259 7260
7259 7337
7260 7337
7260 7338
7261 7262
7261 7338
7261 7339
7262 7263
7262 7339
7263 7340
7264 7265
7264 7340
7264 7341
7264 7342
7265 7266
7265 7341
7265 7342
7265 7343
7266 7267
7266 7342
7266 7343
7266 7344
7267 7268
7267 7343
7267 7344
7268 7269
7268 7344
7269 7270
7269 7345
7270 7271
7270 7345
7270 7346
7271 7272
7271 7345
7271 7346
7271 7347
7272 7273
7272 7346
7272 7347
7273 7347
7273 7348
7274 7348
7274 7349
7274 7350
7275 7350
7275 7351
7275 7352
7276 7277
7276 7352
7276 7353
7277 7278
7277 7353
7278 7353
7278 7354
7279 7280
7279 7354
7279 7355
7280 7281
7280 7355
7280 7356
7281 7282
7281 7355
7281 7356
7281 7357
7282 7283
7282 7356
7282 7357
7283 7284
7283 7357
7283 7358
7284 7358
7285 7286
7285 7359
7285 7360
7286 7287
7286 7359
7286 7360
7286 7361
7287 7288
7287 7360
7287 7361
7288 7289
7288 7361
7288 7362
7289 7290
7289 7362
7289 7363
7290 7291
7290 7362
7290 7363
7290 7364
7291 7292
7291 7363
7291 7364
7292 7293
7292 7364
7293 7365
7294 7365
7294 7366
7294 7367
7295 7296
7295 7368
7295 7369
7296 7297
7296 7368
7296 7369
7296 7370
7297 7369
7297 7370
7297 7371
7298 7299
7298 7371
7298 7372
7299 7300
7299 7372
7299 7373
7300 7372
7300 7373
7300 7374
7301 7302
7301 7376
7301 7377
7302 7303
7302 7377
7302 7378
7303 7304
7303 7378
7304 7378
7305 7379
7305 7380
7305 7381
7306 7381
7306 7382
7306 7383
7307 7308
7307 7383
7307 7384
7308 7309
7308 7384
7309 7310
7309 7385
7310 7311
7310 7385
7311 7312
7311 7385
7311 7386
7312 7313
7312 7386
7312 7387
7313 7314
7313 7386
7313 7387
7313 7388
7314 7387
7314 7388
7314 7389
7315 7316
7315 7389
7315 7390
7316 7317
7316 7390
7316 7391
7317 7318
7317 7391
7318 7391
7318 7392
7319 7320
7319 7392
7319 7393
7320 7321
7320 7393
7320 7394
7321 7322
7321 7394
7321 7395
7322 7323
7322 7394
7322 7395
7322 7396
7323 7324
7323 7395
7323 7396
7324 7325
7324 7396
7324 7397
7325 7326
7325 7397
7325 7398
7326 7397
7326 7398
7327 7328
7327 7399
7328 7329
7328 7399
7328 7400
7329 7330
7329 7399
7329 7400
7329 7401
7330 7331
7330 7400
7330 7401
7330 7402
7331 7332
7331 7401
7331 7402
7331 7403
7332 7402
7332 7403
7332 7404
7333 7334
7333 7404
7333 7405
7333 7406
7334 7335
7334 7405
7334 7406
7334 7407
7335 7336
7335 7406
7335 7407
7335 7408
7336 7407
7336 7408
7336 7409
7337 7338
7337 7410
7338 7339
7338 7410
7339 7411
7340 7341
7340 7412
7340 7413
7340 7414
7341 7342
7341 7413
7341 7414
7341 7415
7342 7343
7342 7414
7342 7415
7342 7416
7343 7344
7343 7415
7343 7416
7343 7417
7344 7416
7344 7417
7344 7418
7345 7346
7345 7419
7345 7420
7345 7421
7346 7347
7346 7420
7346 7421
7346 7422
7347 7421
7347 7422
7347 7423
7348 7349
7348 7423
7348 7424
7348 7425
7349 7350
7349 7424
7349 7425
7350 7351
7350 7425
7350 7426
7351 7352
7351 7426
7351 7427
7352 7426
7352 7427
7352 7428
7353 7428
7353 7429
7354 7429
7354 7430
7355 7356
7355 7430
7355 7431
7355 7432
7356 7357
7356 7431
7356 7432
7357 7432
7358 7433
7359 7360
7359 7433
7359 7434
7359 7435
7360 7361
7360 7434
7360 7435
7360 7436
7361 7435
7361 7436
7361 7437
7362 7363
7362 7437
7362 7438
7363 7364
7363 7438
7363 7439
7364 7438
7364 7439
7364 7440
7365 7366
7365 7441
7365 7442
7366 7367
7366 7442
7366 7443
7367 7442
7367 7443
7368 7369
7368 7444
7368 7445
7369 7370
7369 7444
7369 7445
7369 7446
7370 7371
7370 7445
7370 7446
7371 7446
7371 7447
7372 7373
7372 7447
7372 7448
7372 7449
7373 7374
7373 7448
7373 7449
7373 7450
7374 7375
7374 7449
7374 7450
7374 7451
7375 7376
7375 7450
7375 7451
7376 7377
7376 7451
7376 7452
7377 7452
7378 7453
7378 7454
7379 7380
7379 7455
7379 7456
7380 7381
7380 7456
7380 7457
7381 7382
7381 7457
7381 7458
7382 7383
7382 7457
7382 7458
7383 7384
7383 7458
7383 7459
7384 7459
7384 7460
7385 7461
7385 7462
7386 7387
7386 7463
7386 7464
7387 7388
7387 7463
7387 7464
7387 7465
7388 7389
7388 7464
7388 7465
7389 7390
7389 7465
7389 7466
7390 7466
7390 7467
7391 7467
7391 7468
7392 7393
7392 7469
7393 7469
7393 7470
7394 7395
7394 7470
7394 7471
7394 7472
7395 7396
7395 7471
7395 7472
7395 7473
7396 7472
7396 7473
7396 7474
7397 7398
7397 7474
7397 7475
7397 7476
7398 7475
7398 7476
7398 7477
7399 7400
7399 7478
7399 7479
7399 7480
7400 7401
7400 7479
7400 7480
7400 7481
7401 7402
7401 7480
7401 7481
7401 7482
7402 7403
7402 7481
7402 7482
7402 7483
7403 7404
7403 7482
7403 7483
7403 7484
7404 7405
7404 7483
7404 7484
7405 7406
7405 7484
7405 7485
7406 7407
7406 7485
7406 7486
7407 7408
7407 7485
7407 7486
7408 7409
7408 7486
7408 7487
7409 7487
7409 7488
7410 7488
7410 7489
7411 7412
7411 7490
7411 7491
7412 7413
7412 7490
7412 7491
7412 7492
7413 7414
7413 7491
7413 7492
7414 7415
7414 7492
7414 7493
7415 7416
7415 7493
7415 7494
7416 7417
7416 7493
7416 7494
7416 7495
7417 7418
7417 7494
7417 7495
7418 7419
7418 7495
7418 7496
7419 7420
7419 7496
7419 7497
7420 7421
7420 7496
7420 7497
7420 7498
7421 7422
7421 7497
7421 7498
7422 7423
7422 7498
7423 7424
7423 7499
7424 7425
7424 7499
7424 7500
7425 7499
7425 7500
7425 7501
7426 7427
7426 7501
7426 7502
7426 7503
7427 7428
7427 7502
7427 7503
7427 7504
7428 7503
7428 7504
7429 7505
7429 7506
7430 7431
7430 7506
7430 7507
7430 7508
7431 7432
7431 7507
7431 7508
7431 7509
7432 7508
7432 7509
7432 7510
7433 7434
7433 7512
7433 7513
7434 7435
7434 7513
7434 7514
7435 7436
7435 7513
7435 7514
7435 7515
7436 7437
7436 7514
7436 7515
7436 7516
7437 7515
7437 7516
7438 7439
7438 7517
7438 7518
7439 7440
7439 7517
7439 7518
7439 7519
7440 7441
7440 7518
7440 7519
7440 7520
7441 7519
7441 7520
7441 7521
7442 7443
7442 7521
7442 7522
7442 7523
7443 7522
7443 7523
7444 7445
7444 7524
7444 7525
7445 7446
7445 7524
7445 7525
7445 7526
7446 7525
7446 7526
7446 7527
7447 7448
7447 7527
7447 7528
7448 7449
7448 7528
7448 7529
7449 7450
7449 7528
7449 7529
7449 7530
7450 7451
7450 7529
7450 7530
7450 7531
7451 7530
7451 7531
7452 7532
7453 7454
7453 7533
7454 7455
7454 7533
7454 7534
7455 7456
7455 7533
7455 7534
7455 7535
7456 7534
7456 7535
7456 7536
7457 7458
7457 7536
7457 7537
7457 7538
7458 7537
7458 7538
7458 7539
7459 7460
7459 7539
7459 7540
7460 7461
7460 7540
7461 7462
7461 7541
7462 7541
7462 7542
7463 7464
7463 7542
7463 7543
7463 7544
7464 7465
7464 7543
7464 7544
7464 7545
7465 7544
7465 7545
7465 7546
7466 7467
7466 7546
7466 7547
7466 7548
7467 7468
7467 7547
7467 7548
7467 7549
7468 7548
7468 7549
7468 7550
7469 7550
7469 7551
7470 7471
7470 7552
7471 7472
7471 7552
7471 7553
7472 7473
7472 7553
7472 7554
7473 7474
7473 7553
7473 7554
7473 7555
7474 7475
7474 7554
7474 7555
7474 7556
7475 7476
7475 7555
7475 7556
7475 7557
7476 7477
7476 7556
7476 7557
7476 7558
7477 7478
7477 7557
7477 7558
7477 7559
7478 7479
7478 7558
7478 7559
7479 7480
7479 7559
7479 7560
7480 7481
7480 7560
7480 7561
7481 7482
7481 7560
7481 7561
7481 7562
7482 7483
7482 7561
7482 7562
7482 7563
7483 7484
7483 7562
7483 7563
7483 7564
7484 7563
7484 7564
7484 7565
7485 7486
7485 7565
7485 7566
7485 7567
7486 7566
7486 7567
7486 7568
7487 7488
7487 7568
7487 7569
7488 7489
7488 7569
7488 7570
7489 7570
7489 7571
7490 7491
7490 7572
7490 7573
7491 7492
7491 7573
7493 7494
7493 7574
7494 7495
7494 7574
7494 7575
7495 7574
7495 7575
7496 7497
7496 7576
7496 7577
7497 7498
7497 7576
7497 7577
7497 7578
7498 7577
7498 7578
7498 7579
7499 7500
7499 7580
7499 7581
7499 7582
7500 7501
7500 7581
7500 7582
7500 7583
7501 7502
7501 7582
7501 7583
7501 7584
7502 7503
7502 7583
7502 7584
7502 7585
7503 7504
7503 7584
7503 7585
7504 7585
7505 7506
7505 7586
7506 7507
7506 7586
7506 7587
7507 7508
7507 7587
7507 7588
7508 7509
7508 7587
7508 7588
7508 7589
7509 7510
7509 7588
7509 7589
7510 7511
7510 7589
7511 7512
7512 7590
7513 7514
7513 7590
7513 7591
7514 7515
7514 7591
7514 7592
7515 7516
7515 7592
7515 7593
7516 7592
7516 7593
7516 7594
7517 7518
7517 7594
7517 7595
7517 7596
7518 7519
7518 7595
7518 7596
7518 7597
7519 7520
7519 7596
7519 7597
7520 7521
7520 7597
7520 7598
7521 7522
7521 7598
7521 7599
7522 7523
7522 7598
7522 7599
7523 7599
7524 7525
7524 7600
7524 7601
7525 7526
7525 7600
7525 7601
7525 7602
7526 7527
7526 7601
7526 7602
7526 7603
7527 7602
7527 7603
7528 7529
7528 7604
7529 7530
7529 7604
7529 7605
7530 7531
7530 7605
7530 7606
7531 7605
7531 7606
7532 7607
7532 7608
7533 7534
7533 7609
7533 7610
7533 7611
7534 7535
7534 7610
7534 7611
7534 7612
7535 7536
7535 7611
7535 7612
7535 7613
7536 7537
7536 7612
7536 7613
7536 7614
7537 7538
7537 7613
7537 7614
7537 7615
7538 7539
7538 7614
7538 7615
7538 7616
7539 7540
7539 7615
7539 7616
7540 7616
7540 7617
7541 7542
7541 7618
7541 7619
7542 7543
7542 7619
7542 7620
7543 7544
7543 7620
7543 7621
7544 7545
7544 7620
7544 7621
7544 7622
7545 7546
7545 7621
7545 7622
7545 7623
7546 7547
7546 7622
7546 7623
7546 7624
7547 7548
7547 7623
7547 7624
7547 7625
7548 7549
7548 7624
7548 7625
7548 7626
7549 7550
7549 7625
7549 7626
7550 7551
7550 7626
7550 7627
7551 7627
7551 7628
7552 7628
7553 7554
7553 7629
7553 7630
7554 7555
7554 7629
7554 7630
7555 7556
7555 7630
7555 7631
7556 7557
7556 7631
7557 7558
7557 7631
7557 7632
7558 7559
7558 7632
7558 7633
7559 7632
7559 7633
7559 7634
7560 7561
7560 7634
7560 7635
7561 7562
7561 7635
7561 7636
7562 7563
7562 7636
7563 7564
7563 7636
7563 7637
7564 7565
7564 7637
7564 7638
7565 7566
7565 7637
7565 7638
7565 7639
7566 7567
7566 7638
7566 7639
7566 7640
7567 7568
7567 7639
7567 7640
7567 7641
7568 7569
7568 7640
7568 7641
7568 7642
7569 7641
7569 7642
7570 7571
7570 7643
7570 7644
7571 7572
7571 7643
7571 7644
7571 7645
7572 7573
7572 7644
7572 7645
7572 7646
7573 7645
7573 7646
7574 7575
7574 7648
7574 7649
7574 7650
7575 7649
7575 7650
7576 7577
7576 7651
7577 7578
7577 7651
7577 7652
7578 7579
7578 7651
7578 7652
7578 7653
7579 7580
7579 7652
7579 7653
7579 7654
7580 7581
7580 7653
7580 7654
7580 7655
7581 7582
7581 7654
7581 7655
7581 7656
7582 7583
7582 7655
7582 7656
7582 7657
7583 7584
7583 7656
7583 7657
7583 7658
7584 7585
7584 7657
7584 7658
7584 7659
7585 7658
7585 7659
7585 7660
7586 7661
7586 7662
7587 7588
7587 7663
7587 7664
7588 7589
7588 7663
7588 7664
7589 7664
7589 7665
7590 7591
7590 7667
7591 7667
7591 7668
7592 7593
7592 7668
7592 7669
7593 7594
7593 7669
7593 7670
7594 7595
7594 7670
7594 7671
7595 7596
7595 7670
7595 7671
7595 7672
7596 7597
7596 7671
7596 7672
7596 7673
7597 7672
7597 7673
7597 7674
7598 7599
7598 7674
7598 7675
7599 7675
7599 7676
7600 7601
7600 7677
7600 7678
7601 7602
7601 7677
7601 7678
7601 7679
7602 7603
7602 7678
7602 7679
7602 7680
7603 7679
7603 7680
7603 7681
7604 7681
7604 7682
7604 7683
7605 7606
7605 7683
7605 7684
7605 7685
7606 7684
7606 7685
7606 7686
7607 7608
7607 7686
7607 7687
7607 7688
7608 7609
7608 7687
7608 7688
7608 7689
7609 7610
7609 7688
7609 7689
7609 7690
7610 7611
7610 7689
7610 7690
7610 7691
7611 7612
7611 7690
7611 7691
7611 7692
7612 7613
7612 7691
7612 7692
7612 7693
7613 7614
7613 7692
7613 7693
7614 7615
7614 7693
7614 7694
7615 7616
7615 7694
7615 7695
7616 7694
7616 7695
7616 7696
7617 7618
7617 7696
7617 7697
7617 7698
7618 7619
7618 7697
7618 7698
7618 7699
7619 7698
7619 7699
7619 7700
7620 7621
7620 7700
7620 7701
7620 7702
7621 7622
7621 7701
7621 7702
7621 7703
7622 7623
7622 7702
7622 7703
7622 7704
7623 7624
7623 7703
7623 7704
7623 7705
7624 7625
7624 7704
7624 7705
7624 7706
7625 7626
7625 7705
7625 7706
7625 7707
7626 7706
7626 7707
7626 7708
7627 7628
7627 7708
7627 7709
7628 7709
7628 7710
7629 7630
7629 7711
7629 7712
7629 7713
7630 7712
7630 7713
7630 7714
7631 7714
7631 7715
7631 7716
7632 7633
7632 7716
7632 7717
7632 7718
7633 7634
7633 7717
7633 7718
7633 7719
7634 7635
7634 7718
7634 7719
7634 7720
7635 7719
7635 7720
7635 7721
7636 7721
7636 7722
7637 7638
7637 7723
7638 7639
7638 7723
7638 7724
7639 7640
7639 7723
7639 7724
7639 7725
7640 7641
7640 7724
7640 7725
7641 7642
7641 7725
7643 7644
7643 7726
7643 7727
7644 7645
7644 7726
7644 7727
7645 7646
7645 7727
7645 7728
7646 7728
7646 7729
7647 7648
7647 7730
7647 7731
7648 7649
7648 7731
7648 7732
7649 7650
7649 7732
7650 7732
7650 7733
7651 7652
7651 7734
7651 7735
7651 7736
7652 7653
7652 7735
7652 7736
7653 7654
7653 7736
7654 7655
7654 7737
7655 7656
7655 7737
7655 7738
7656 7657
7656 7737
7656 7738
7656 7739
7657 7658
7657 7738
7657 7739
7658 7659
7658 7739
7658 7740
7659 7660
7659 7740
7659 7741
7660 7661
7660 7740
7660 7741
7660 7742
7661 7662
7661 7741
7661 7742
7661 7743
7662 7742
7662 7743
7662 7744
7663 7664
7663 7744
7663 7745
7663 7746
7664 7745
7664 7746
7665 7666
7665 7747
7665 7748
7666 7747
7666 7748
7666 7749
7667 7749
7667 7750
7667 7751
7668 7669
7668 7751
7668 7752
7668 7753
7669 7752
7669 7753
7669 7754
7670 7671
7670 7754
7670 7755
7670 7756
7671 7672
7671 7755
7671 7756
7671 7757
7672 7673
7672 7756
7672 7757
7672 7758
7673 7674
7673 7757
7673 7758
7673 7759
7674 7758
7674 7759
7674 7760
7675 7676
7675 7760
7675 7761
7675 7762
7676 7761
7676 7762
7677 7678
7677 7763
7678 7679
7678 7763
7678 7764
7679 7680
7679 7763
7679 7764
7679 7765
7680 7681
7680 7764
7680 7765
7680 7766
7681 7682
7681 7765
7681 7766
7681 7767
7682 7683
7682 7766
7682 7767
7683 7684
7683 7767
7683 7768
7684 7685
7684 7768
7684 7769
7685 7686
7685 7768
7685 7769
7685 7770
7686 7687
7686 7769
7686 7770
7686 7771
7687 7688
7687 7770
7687 7771
7688 7689
7688 7771
7689 7690
7689 7772
7690 7691
7690 7772
7690 7773
7691 7692
7691 7772
7691 7773
7691 7774
7692 7693
7692 7773
7692 7774
7693 7774
7693 7775
7694 7695
7694 7775
7694 7776
7694 7777
7695 7696
7695 7776
7695 7777
7695 7778
7696 7697
7696 7777
7696 7778
7696 7779
7697 7698
7697 7778
7697 7779
7697 7780
7698 7699
7698 7779
7698 7780
7698 7781
7699 7700
7699 7780
7699 7781
7699 7782
7700 7701
7700 7781
7700 7782
7700 7783
7701 7702
7701 7782
7701 7783
7701 7784
7702 7703
7702 7783
7702 7784
7702 7785
7703 7704
7703 7784
7703 7785
7704 7705
7704 7785
7704 7786
7705 7706
7705 7786
7705 7787
7706 7707
7706 7786
7706 7787
7706 7788
7707 7708
7707 7787
7707 7788
7707 7789
7708 7709
7708 7788
7708 7789
7708 7790
7709 7789
7709 7790
7710 7711
7710 7791
7711 7712
7711 7791
7712 7713
7712 7791
7713 7714
7713 7792
7714 7715
7714 7792
7714 7793
7715 7716
7715 7792
7715 7793
7715 7794
7716 7717
7716 7793
7716 7794
7717 7718
7717 7794
7717 7795
7718 7719
7718 7795
7718 7796
7719 7720
7719 7795
7719 7796
7719 7797
7720 7721
7720 7796
7720 7797
7721 7722
7721 7797
7721 7798
7722 7798
7722 7799
7723 7724
7723 7800
7723 7801
7723 7802
7724 7725
7724 7801
7724 7802
7724 7803
7725 7802
7725 7803
7725 7804
7726 7727
7726 7806
7726 7807
7727 7806
7727 7807
7727 7808
7728 7729
7728 7808
7728 7809
7728 7810
7729 7730
7729 7809
7729 7810
7729 7811
7730 7731
7730 7810
7730 7811
7731 7811
7732 7812
7733 7734
7733 7813
7733 7814
7734 7735
7734 7813
7734 7814
7734 7815
7735 7736
7735 7814
7735 7815
7735 7816
7736 7815
7736 7816
7736 7817
7737 7738
7737 7818
7737 7819
7737 7820
7738 7739
7738 7819
7738 7820
7739 7820
7740 7741
7740 7821
7741 7742
7741 7821
7741 7822
7742 7743
7742 7822
7742 7823
7743 7744
7743 7822
7743 7823
7744 7745
7744 7823
7744 7824
7745 7746
7745 7824
7745 7825
7746 7824
7746 7825
7746 7826
7747 7748
7747 7826
7747 7827
7748 7749
7748 7827
7749 7750
7749 7828
7750 7751
7750 7828
7750 7829
7751 7752
7751 7828
7751 7829
7751 7830
7752 7753
7752 7829
7752 7830
7752 7831
7753 7754
7753 7830
7753 7831
7753 7832
7754 7755
7754 7831
7754 7832
7754 7833
7755 7756
7755 7832
7755 7833
7755 7834
7756 7757
7756 7833
7756 7834
7757 7758
7757 7834
7757 7835
7758 7759
7758 7835
7759 7760
7759 7835
7759 7836
7760 7761
7760 7836
7760 7837
7761 7762
7761 7836
7761 7837
7762 7837
7763 7764
7763 7838
7763 7839
7763 7840
7764 7765
7764 7839
7764 7840
7764 7841
7765 7766
7765 7840
7765 7841
7765 7842
7766 7767
7766 7841
7766 7842
7766 7843
7767 7842
7767 7843
7767 7844
7768 7769
7768 7844
7768 7845
7768 7846
7769 7770
7769 7845
7769 7846
7769 7847
7770 7771
7770 7846
7770 7847
7770 7848
7771 7847
7771 7848
7771 7849
7772 7773
7772 7850
7773 7774
7773 7850
7773 7851
7774 7850
7774 7851
7774 7852
7775 7776
7775 7852
7776 7777
7776 7853
7777 7778
7777 7853
7777 7854
7778 7779
7778 7853
7778 7854
7778 7855
7779 7780
7779 7854
7779 7855
7780 7781
7780 7855
7781 7782
7782 7783
7782 7856
7783 7784
7783 7856
7783 7857
7784 7785
7784 7856
7784 7857
7784 7858
7785 7857
7785 7858
7785 7859
7786 7787
7786 7859
7786 7860
7787 7788
7787 7860
7787 7861
7788 7789
7788 7860
7788 7861
7788 7862
7789 7790
7789 7861
7789 7862
7789 7863
7790 7862
7790 7863
7790 7864
7791 7865
7791 7866
7791 7867
7792 7793
7792 7868
7792 7869
7793 7794
7793 7868
7793 7869
7793 7870
7794 7869
7794 7870
7794 7871
7795 7796
7795 7871
7795 7872
7796 7797
7796 7872
7796 7873
7797 7873
7798 7799
7798 7874
7799 7800
7799 7874
7799 7875
7800 7801
7800 7874
7800 7875
7800 7876
7801 7802
7801 7875
7801 7876
7801 7877
7802 7803
7802 7876
7802 7877
7802 7878
7803 7804
7803 7877
7803 7878
7803 7879
7804 7805
7804 7878
7804 7879
7805 7879
7805 7880
7806 7807
7806 7880
7806 7881
7807 7808
7807 7881
7807 7882
7808 7809
7808 7881
7808 7882
7808 7883
7809 7810
7809 7882
7809 7883
7809 7884
7810 7811
7810 7883
7810 7884
7810 7885
7811 7884
7811 7885
7811 7886
7812 7887
7812 7888
7812 7889
7813 7814
7813 7889
7813 7890
7814 7815
7814 7890
7815 7816
7815 7891
7816 7817
7816 7891
7816 7892
7817 7818
7817 7891
7817 7892
7818 7819
7818 7892
7818 7893
7819 7820
7819 7893
7820 7893
7820 7894
7821 7895
7821 7896
7821 7897
7822 7823
7822 7897
7823 7898
7824 7825
7824 7898
7824 7899
7824 7900
7825 7826
7825 7899
7825 7900
7825 7901
7826 7827
7826 7900
7826 7901
7826 7902
7827 7901
7827 7902
7827 7903
7828 7829
7828 7904
7828 7905
7828 7906
7829 7830
7829 7905
7829 7906
7829 7907
7830 7831
7830 7906
7830 7907
7830 7908
7831 7832
7831 7907
7831 7908
7831 7909
7832 7833
7832 7908
7832 7909
7832 7910
7833 7834
7833 7909
7833 7910
7833 7911
7834 7910
7834 7911
7834 7912
7835 7912
7835 7913
7835 7914
7836 7837
7836 7914
7836 7915
7836 7916
7837 7915
7837 7916
7837 7917
7838 7839
7838 7918
7839 7840
7839 7918
7839 7919
7840 7841
7840 7918
7840 7919
7840 7920
7841 7842
7841 7919
7841 7920
7841 7921
7842 7843
7842 7920
7842 7921
7842 7922
7843 7844
7843 7921
7843 7922
7843 7923
7844 7845
7844 7922
7844 7923
7844 7924
7845 7846
7845 7923
7845 7924
7845 7925
7846 7847
7846 7924
7846 7925
7846 7926
7847 7848
7847 7925
7847 7926
7847 7927
7848 7849
7848 7926
7848 7927
7848 7928
7849 7927
7849 7928
7849 7929
7850 7851
7850 7930
7850 7931
7851 7852
7851 7930
7851 7931
7852 7931
7852 7932
7853 7854
7853 7933
7853 7934
7854 7855
7854 7934
7855 7935
7856 7857
7856 7937
7856 7938
7857 7858
7857 7937
7857 7938
7858 7859
7858 7938
7858 7939
7859 7939
7859 7940
7860 7861
7860 7940
7860 7941
7861 7862
7861 7941
7861 7942
7862 7863
7862 7941
7862 7942
7862 7943
7863 7864
7863 7942
7863 7943
7863 7944
7864 7865
7864 7943
7864 7944
7864 7945
7865 7866
7865 7944
7865 7945
7865 7946
7866 7867
7866 7945
7866 7946
7866 7947
7867 7946
7867 7947
7867 7948
7868 7869
7868 7948
7868 7949
7868 7950
7869 7870
7869 7949
7869 7950
7869 7951
7870 7871
7870 7950
7870 7951
7870 7952
7871 7872
7871 7951
7871 7952
7871 7953
7872 7952
7872 7953
7872 7954
7873 7954
7873 7955
7874 7875
7874 7956
7874 7957
7874 7958
7875 7876
7875 7957
7875 7958
7875 7959
7876 7877
7876 7958
7876 7959
7876 7960
7877 7878
7877 7959
7877 7960
7877 7961
7878 7879
7878 7960
7878 7961
7878 7962
7879 7961
7879 7962
7879 7963
7880 7963
7880 7964
7880 7965
7881 7882
7881 7965
7881 7966
7882 7883
7882 7966
7883 7884
7883 7967
7884 7885
7884 7967
7884 7968
7885 7886
7885 7967
7885 7968
7886 7887
7886 7968
7886 7969
7887 7888
7887 7969
7887 7970
7888 7889
7888 7969
7888 7970
7889 7890
7889 7970
7890 7971
7891 7892
7891 7972
7891 7973
7892 7973
7892 7974
7893 7974
7893 7975
7893 7976
7894 7895
7894 7976
7894 7977
7894 7978
7895 7896
7895 7977
7895 7978
7896 7897
7896 7978
7896 7979
7897 7979
7897 7980
7898 7899
7898 7981
7898 7982
7898 7983
7899 7900
7899 7982
7899 7983
7899 7984
7900 7901
7900 7983
7900 7984
7901 7902
7901 7984
7901 7985
7902 7903
7902 7985
7902 7986
7903 7904
7903 7985
7903 7986
7903 7987
7904 7905
7904 7986
7904 7987
7904 7988
7905 7906
7905 7987
7905 7988
7905 7989
7906 7907
7906 7988
7906 7989
7907 7908
7907 7989
7907 7990
7908 7909
7908 7990
7908 7991
7909 7910
7909 7990
7909 7991
7909 7992
7910 7911
7910 7991
7910 7992
7910 7993
7911 7912
7911 7992
7911 7993
7911 7994
7912 7913
7912 7993
7912 7994
7912 7995
7913 7914
7913 7994
7913 7995
7913 7996
7914 7915
7914 7995
7914 7996
7914 7997
7915 7916
7915 7996
7915 7997
7915 7998
7916 7917
7916 7997
7916 7998
7916 7999
7917 7998
7917 7999
7918 7919
7919 7920
7920 7921
7921 7922
7922 7923
7923 7924
7924 7925
7925 7926
7926 7927
7927 7928
7928 7929
7930 7931
7932 7933
7933 7934
7935 7936
7937 7938
7939 7940
7941 7942
7942 7943
7943 7944
7944 7945
7945 7946
7946 7947
7947 7948
7948 7949
7949 7950
7950 7951
7951 7952
7952 7953
7953 7954
7955 7956
7956 7957
7957 7958
7958 7959
7959 7960
7960 7961
7961 7962
7962 7963
7963 7964
7964 7965
7965 7966
7967 7968
7969 7970
7971 7972
7972 7973
7974 7975
7975 7976
7976 7977
7977 7978
7979 7980
7980 7981
7981 7982
7982 7983
7983 7984
7985 7986
7986 7987
7987 7988
7988 7989
7990 7991
7991 7992
7992 7993
7993 7994
7994 7995
7995 7996
7996 7997
7997 7998
7998 7999
