# FromNodeId	ToNodeId
0 1
0 62
0 63
0 64
1 63
1 64
1 65
2 3
2 65
2 66
2 67
3 66
3 67
3 68
4 5
4 68
4 69
4 70
5 6
5 69
5 70
5 71
6 7
6 70
6 71
7 8
7 71
7 72
8 9
8 72
9 72
9 73
10 11
10 76
10 77
11 77
12 13
12 78
12 79
13 14
13 78
13 79
13 80
14 79
14 80
14 81
15 16
15 81
15 82
16 82
17 18
17 83
17 84
18 19
18 83
18 84
19 20
19 84
19 85
20 21
20 85
20 86
21 85
21 86
22 23
22 87
22 88
23 24
23 87
23 88
23 89
24 25
24 88
24 89
25 26
25 89
25 90
26 27
26 90
26 91
27 28
27 90
27 91
28 29
28 91
28 92
29 30
29 92
29 93
30 31
30 92
30 93
30 94
31 32
31 93
31 94
31 95
32 33
32 94
32 95
32 96
33 34
33 95
33 96
34 35
34 96
34 97
35 97
36 37
36 98
36 99
37 98
37 99
38 39
38 100
38 101
39 40
39 100
39 101
39 102
40 41
40 101
40 102
40 103
41 42
41 102
41 103
41 104
42 103
42 104
43 44
43 105
43 106
44 105
44 106
44 107
45 46
45 107
45 108
45 109
46 47
46 108
46 109
46 110
47 48
47 109
47 110
47 111
48 49
48 110
48 111
48 112
49 50
49 111
49 112
49 113
50 51
50 112
50 113
51 52
51 113
51 114
52 53
52 114
53 114
53 115
54 55
54 115
54 116
54 117
55 56
55 116
55 117
55 118
56 57
56 117
56 118
56 119
57 58
57 118
57 119
57 120
58 59
58 119
58 120
59 120
59 121
60 121
60 122
60 123
61 62
61 124
61 125
62 63
62 124
62 125
62 126
63 64
63 125
63 126
63 127
64 65
64 126
64 127
65 66
65 127
65 128
66 67
66 128
66 129
67 68
67 128
67 129
68 69
68 129
68 130
69 70
69 130
69 131
70 71
70 130
70 131
70 132
71 131
71 132
72 133
72 134
73 74
73 134
73 135
73 136
74 75
74 135
74 136
74 137
75 76
75 136
75 137
75 138
76 77
76 137
76 138
76 139
77 138
77 139
77 140
78 79
78 141
78 142
78 143
79 80
79 142
79 143
79 144
80 81
80 143
80 144
80 145
81 144
81 145
81 146
82 146
82 147
82 148
83 84
83 148
83 149
84 149
84 150
85 86
85 150
85 151
86 151
86 152
87 88
87 152
87 153
88 89
88 153
88 154
89 153
89 154
90 91
90 155
90 156
91 155
91 156
91 157
92 93
92 157
92 158
93 94
93 158
93 159
94 95
94 159
94 160
95 96
95 159
95 160
95 161
96 160
96 161
96 162
97 162
97 163
97 164
98 99
98 164
98 165
99 165
99 166
100 101
100 166
101 102
101 167
102 103
102 167
102 168
103 104
103 167
103 168
103 169
104 168
104 169
104 170
105 106
105 170
105 171
105 172
106 107
106 171
106 172
106 173
107 108
107 172
107 173
107 174
108 109
108 173
108 174
108 175
109 110
109 174
109 175
110 111
110 175
110 176
111 112
111 176
111 177
112 113
112 176
112 177
112 178
113 177
113 178
113 179
114 179
114 180
114 181
115 116
115 181
115 182
115 183
116 117
116 182
116 183
116 184
117 118
117 183
117 184
117 185
118 119
118 184
118 185
118 186
119 120
119 185
119 186
119 187
120 186
120 187
121 122
121 188
121 189
122 123
122 188
122 189
122 190
123 189
123 190
124 125
125 126
125 191
126 127
126 191
126 192
127 191
127 192
127 193
128 129
128 193
128 194
128 195
129 194
129 195
129 196
130 131
130 196
130 197
130 198
131 132
131 197
131 198
131 199
132 198
132 199
132 200
133 134
133 200
133 201
134 135
134 201
134 202
135 136
135 201
135 202
136 137
136 202
137 138
137 203
138 139
138 203
138 204
139 140
139 203
139 204
140 141
140 204
141 142
141 205
142 143
142 205
142 206
143 144
143 205
143 206
143 207
144 145
144 206
144 207
144 208
145 146
145 207
145 208
145 209
146 147
146 208
146 209
146 210
147 148
147 209
147 210
148 210
148 211
149 150
149 211
149 212
149 213
150 212
150 213
150 214
151 152
151 214
151 215
152 215
152 216
153 154
153 216
153 217
153 218
154 217
154 218
154 219
155 156
155 219
155 220
155 221
156 157
156 220
156 221
157 158
157 221
157 222
158 222
158 223
159 160
159 223
159 224
160 161
160 224
160 225
161 162
161 224
161 225
161 226
162 163
162 225
162 226
162 227
163 164
163 226
163 227
163 228
164 165
164 227
164 228
164 229
165 228
165 229
165 230
166 230
166 231
167 168
167 232
167 233
168 169
168 232
168 233
168 234
169 170
169 233
169 234
169 235
170 171
170 234
170 235
170 236
171 172
171 235
171 236
171 237
172 173
172 236
172 237
172 238
173 174
173 237
173 238
174 175
174 238
174 239
175 239
175 240
176 177
176 240
176 241
176 242
177 178
177 241
177 242
178 179
178 242
178 243
179 180
179 243
179 244
180 181
180 243
180 244
180 245
181 182
181 244
181 245
182 183
182 245
182 246
183 184
183 246
183 247
184 185
184 246
184 247
184 248
185 186
185 247
185 248
185 249
186 187
186 248
186 249
187 249
187 250
188 189
188 250
189 190
191 192
191 252
191 253
191 254
192 193
192 253
192 254
192 255
193 194
193 254
193 255
193 256
194 195
194 255
194 256
194 257
195 196
195 256
195 257
195 258
196 197
196 257
196 258
196 259
197 198
197 258
197 259
197 260
198 199
198 259
198 260
198 261
199 200
199 260
199 261
199 262
200 261
200 262
200 263
201 202
201 263
201 264
201 265
202 264
202 265
202 266
203 204
203 267
203 268
203 269
204 268
204 269
204 270
205 206
205 271
205 272
206 207
206 271
206 272
206 273
207 208
207 272
207 273
207 274
208 209
208 273
208 274
208 275
209 210
209 274
209 275
210 275
211 212
211 276
211 277
212 213
212 276
212 277
212 278
213 214
213 277
213 278
213 279
214 215
214 278
214 279
215 279
215 280
216 217
216 280
216 281
216 282
217 218
217 281
217 282
217 283
218 219
218 282
218 283
218 284
219 220
219 283
219 284
219 285
220 221
220 284
220 285
220 286
221 285
221 286
221 287
222 223
222 287
222 288
222 289
223 288
223 289
223 290
224 225
224 290
224 291
224 292
225 226
225 291
225 292
226 227
226 292
226 293
227 228
227 293
227 294
228 229
228 293
228 294
229 230
229 294
229 295
230 295
231 296
231 297
232 233
232 297
232 298
232 299
233 234
233 298
233 299
234 235
234 299
234 300
235 236
235 300
236 237
236 300
237 238
237 301
238 301
238 302
239 240
239 302
239 303
240 241
240 303
240 304
241 242
241 304
241 305
242 304
242 305
242 306
243 244
243 306
243 307
243 308
244 245
244 307
244 308
244 309
245 308
245 309
245 310
246 247
246 310
246 311
246 312
247 248
247 311
247 312
247 313
248 249
248 312
248 313
248 314
249 313
249 314
249 315
250 315
251 252
251 317
251 318
252 253
252 317
252 318
252 319
253 254
253 318
253 319
253 320
254 255
254 319
254 320
254 321
255 256
255 320
255 321
256 257
256 321
257 258
257 322
258 259
258 322
258 323
259 260
259 322
259 323
259 324
260 261
260 323
260 324
260 325
261 262
261 324
261 325
262 263
262 325
262 326
263 264
263 326
263 327
264 265
264 326
264 327
264 328
265 266
265 327
265 328
265 329
266 267
266 328
266 329
267 268
267 329
267 330
268 269
268 330
268 331
269 270
269 330
269 331
269 332
270 331
270 332
270 333
271 272
271 333
271 334
271 335
272 273
272 334
272 335
272 336
273 274
273 335
273 336
273 337
274 275
274 336
274 337
274 338
275 337
275 338
276 277
276 339
276 340
277 278
277 340
277 341
278 279
278 341
278 342
279 341
279 342
279 343
280 281
280 343
280 344
281 282
281 344
282 283
282 345
283 284
283 345
283 346
284 285
284 345
284 346
284 347
285 286
285 346
285 347
286 287
286 347
286 348
287 288
287 348
287 349
288 289
288 348
288 349
288 350
289 290
289 349
289 350
289 351
290 291
290 350
290 351
290 352
291 292
291 351
291 352
291 353
292 352
292 353
292 354
293 294
293 354
293 355
293 356
294 355
294 356
294 357
295 357
295 358
295 359
296 297
296 359
296 360
296 361
297 298
297 360
297 361
297 362
298 299
298 361
298 362
298 363
299 362
299 363
299 364
300 364
300 365
300 366
301 302
301 367
301 368
301 369
302 303
302 368
302 369
302 370
303 369
303 370
303 371
304 305
304 371
304 372
304 373
305 306
305 372
305 373
305 374
306 307
306 373
306 374
306 375
307 308
307 374
307 375
307 376
308 309
308 375
308 376
308 377
309 310
309 376
309 377
309 378
310 311
310 377
310 378
310 379
311 312
311 378
311 379
311 380
312 313
312 379
312 380
313 314
313 380
313 381
314 315
314 381
315 381
315 382
316 384
316 385
317 318
317 386
317 387
318 319
318 386
318 387
318 388
319 320
319 387
319 388
319 389
320 321
320 388
320 389
321 389
321 390
322 323
322 391
322 392
323 324
323 392
323 393
324 325
324 393
324 394
325 393
325 394
325 395
326 327
326 395
326 396
326 397
327 328
327 396
327 397
327 398
328 329
328 397
328 398
328 399
329 398
329 399
329 400
330 331
330 400
330 401
331 332
331 401
332 333
332 401
332 402
333 334
333 402
333 403
334 335
334 402
334 403
335 336
335 403
336 337
337 338
337 404
338 404
338 405
339 340
339 405
339 406
340 406
340 407
341 342
341 407
342 343
342 408
343 344
343 408
343 409
344 408
344 409
344 410
345 346
345 411
345 412
345 413
346 347
346 412
346 413
347 413
347 414
348 349
348 414
348 415
348 416
349 350
349 415
349 416
349 417
350 351
350 416
350 417
350 418
351 352
351 417
351 418
351 419
352 353
352 418
352 419
352 420
353 354
353 419
353 420
353 421
354 355
354 420
354 421
354 422
355 356
355 421
355 422
355 423
356 357
356 422
356 423
356 424
357 358
357 423
357 424
357 425
358 359
358 424
358 425
358 426
359 360
359 425
359 426
359 427
360 361
360 426
360 427
360 428
361 362
361 427
361 428
361 429
362 363
362 428
362 429
362 430
363 364
363 429
363 430
363 431
364 365
364 430
364 431
364 432
365 366
365 431
365 432
365 433
366 367
366 432
366 433
367 368
367 433
367 434
368 369
368 434
368 435
369 370
369 434
369 435
369 436
370 371
370 435
370 436
370 437
371 372
371 436
371 437
371 438
372 373
372 437
372 438
372 439
373 374
373 438
373 439
374 375
374 439
374 440
375 376
375 440
375 441
376 377
376 440
376 441
377 378
377 441
377 442
378 379
378 442
378 443
379 380
379 442
379 443
380 443
380 444
381 444
381 445
382 383
382 446
383 384
383 446
383 447
384 385
384 446
384 447
385 447
386 387
386 448
386 449
387 388
387 448
387 449
388 389
388 449
388 450
389 450
389 451
390 391
390 451
390 452
390 453
391 392
391 452
391 453
391 454
392 453
392 454
392 455
393 394
393 455
393 456
393 457
394 395
394 456
394 457
394 458
395 396
395 457
395 458
395 459
396 397
396 458
396 459
396 460
397 398
397 459
397 460
397 461
398 399
398 460
398 461
398 462
399 400
399 461
399 462
399 463
400 462
400 463
400 464
401 464
401 465
401 466
402 403
402 466
402 467
403 467
403 468
404 405
404 470
404 471
404 472
405 406
405 471
405 472
405 473
406 472
406 473
406 474
407 474
407 475
408 409
408 476
409 410
409 476
409 477
410 411
410 476
410 477
411 412
411 477
411 478
412 413
412 478
412 479
413 478
413 479
413 480
414 415
414 480
414 481
415 416
415 481
415 482
416 417
416 481
416 482
417 418
417 482
417 483
418 419
418 483
418 484
419 420
419 483
419 484
419 485
420 421
420 484
420 485
420 486
421 422
421 485
421 486
421 487
422 423
422 486
422 487
422 488
423 424
423 487
423 488
424 425
424 488
424 489
425 426
425 489
425 490
426 427
426 489
426 490
426 491
427 428
427 490
427 491
427 492
428 429
428 491
428 492
428 493
429 430
429 492
429 493
430 431
430 493
430 494
431 432
431 494
431 495
432 433
432 494
432 495
432 496
433 495
433 496
434 435
434 497
435 436
435 497
436 437
436 497
436 498
437 438
437 498
437 499
438 439
438 498
438 499
438 500
439 499
439 500
439 501
440 441
440 501
440 502
441 502
441 503
442 443
442 503
442 504
442 505
443 504
443 505
443 506
444 445
444 506
444 507
444 508
445 507
445 508
445 509
446 447
446 510
447 510
448 449
448 511
448 512
449 511
449 512
449 513
450 451
450 513
450 514
451 452
451 514
451 515
452 453
452 515
452 516
453 454
453 515
453 516
453 517
454 455
454 516
454 517
454 518
455 456
455 517
455 518
456 457
456 518
457 458
457 519
458 459
458 519
458 520
459 460
459 519
459 520
459 521
460 461
460 520
460 521
460 522
461 462
461 521
461 522
461 523
462 463
462 522
462 523
463 464
463 523
463 524
464 465
464 524
465 466
465 524
466 467
466 525
467 525
467 526
468 469
468 526
468 527
468 528
469 470
469 527
469 528
469 529
470 471
470 528
470 529
470 530
471 472
471 529
471 530
471 531
472 473
472 530
472 531
472 532
473 474
473 531
473 532
473 533
474 475
474 532
474 533
475 533
475 534
476 477
476 536
476 537
477 537
478 479
478 538
479 480
479 538
479 539
480 538
480 539
480 540
481 482
481 540
481 541
482 541
482 542
483 484
483 542
483 543
484 485
484 543
484 544
485 486
485 543
485 544
485 545
486 487
486 544
486 545
486 546
487 488
487 545
487 546
487 547
488 546
488 547
488 548
489 490
489 548
489 549
489 550
490 491
490 549
490 550
491 492
491 550
491 551
492 493
492 551
493 551
493 552
494 495
494 552
494 553
494 554
495 496
495 553
495 554
495 555
496 554
496 555
497 556
497 557
498 499
498 557
498 558
498 559
499 500
499 558
499 559
499 560
500 501
500 559
500 560
501 502
501 560
501 561
502 561
502 562
503 504
503 562
503 563
503 564
504 505
504 563
504 564
504 565
505 506
505 564
505 565
505 566
506 507
506 565
506 566
506 567
507 508
507 566
507 567
507 568
508 509
508 567
508 568
508 569
509 568
509 569
509 570
510 570
510 571
511 512
511 573
512 513
512 573
512 574
513 514
513 573
513 574
513 575
514 574
514 575
514 576
515 516
515 576
515 577
515 578
516 517
516 577
516 578
517 518
517 578
518 579
519 520
519 580
519 581
520 521
520 580
520 581
521 522
521 581
521 582
522 523
522 582
522 583
523 582
523 583
523 584
524 584
524 585
524 586
525 526
525 587
525 588
525 589
526 527
526 588
526 589
526 590
527 528
527 589
527 590
527 591
528 529
528 590
528 591
529 530
529 591
529 592
530 531
530 592
530 593
531 532
531 592
531 593
531 594
532 533
532 593
532 594
533 594
534 535
535 536
535 595
536 595
536 596
537 596
537 597
538 539
538 598
538 599
539 540
539 599
539 600
540 541
540 600
540 601
541 600
541 601
541 602
542 602
542 603
542 604
543 544
543 604
543 605
543 606
544 545
544 605
544 606
545 546
545 606
546 547
547 548
547 607
548 549
548 607
549 550
549 607
550 608
551 608
551 609
551 610
552 553
552 610
552 611
553 554
553 611
553 612
554 555
554 611
554 612
554 613
555 612
555 613
555 614
556 614
556 615
556 616
557 558
557 616
557 617
557 618
558 559
558 617
558 618
558 619
559 560
559 618
559 619
560 619
561 562
561 620
562 563
562 620
562 621
563 564
563 621
564 565
564 621
565 566
565 622
566 567
566 622
566 623
567 568
567 622
567 623
567 624
568 569
568 623
568 624
568 625
569 570
569 624
569 625
569 626
570 571
570 625
570 626
571 626
572 627
573 574
573 628
573 629
573 630
574 575
574 629
574 630
574 631
575 576
575 630
575 631
575 632
576 577
576 631
576 632
576 633
577 578
577 632
577 633
577 634
578 633
578 634
578 635
579 636
579 637
580 581
580 637
580 638
581 638
581 639
582 583
582 639
582 640
583 584
583 640
584 585
584 641
585 586
585 641
585 642
586 587
586 641
586 642
586 643
587 588
587 642
587 643
587 644
588 589
588 643
588 644
588 645
589 590
589 644
589 645
589 646
590 591
590 645
590 646
590 647
591 646
591 647
591 648
592 593
592 648
592 649
592 650
593 594
593 649
593 650
593 651
594 650
594 651
594 652
595 596
595 655
595 656
595 657
596 656
596 657
597 598
597 658
598 599
598 658
598 659
599 659
599 660
600 601
600 660
600 661
600 662
601 602
601 661
601 662
601 663
602 603
602 662
602 663
602 664
603 604
603 663
603 664
603 665
604 605
604 664
604 665
604 666
605 606
605 665
605 666
605 667
606 666
606 667
606 668
607 670
607 671
607 672
608 609
608 673
609 610
609 673
610 673
611 612
612 613
613 614
613 674
614 615
614 674
614 675
615 616
615 674
615 675
615 676
616 617
616 675
616 676
616 677
617 618
617 676
617 677
617 678
618 619
618 677
618 678
618 679
619 678
619 679
619 680
620 681
620 682
620 683
621 683
621 684
622 623
622 685
622 686
622 687
623 624
623 686
623 687
623 688
624 625
624 687
624 688
624 689
625 626
625 688
625 689
626 689
626 690
627 691
627 692
628 629
628 693
628 694
629 630
629 693
629 694
629 695
630 631
630 694
630 695
630 696
631 632
631 695
631 696
631 697
632 633
632 696
632 697
632 698
633 634
633 697
633 698
634 635
634 698
634 699
635 636
635 699
635 700
636 699
636 700
637 701
637 702
638 639
638 702
638 703
638 704
639 640
639 703
639 704
639 705
640 704
640 705
640 706
641 642
641 707
641 708
641 709
642 643
642 708
642 709
642 710
643 644
643 709
643 710
644 645
644 710
645 646
645 711
646 647
646 711
647 648
647 711
647 712
648 649
648 712
648 713
649 650
649 712
649 713
649 714
650 651
650 713
650 714
651 652
651 714
651 715
652 653
652 715
652 716
653 654
653 715
653 716
653 717
654 655
654 716
654 717
654 718
655 656
655 717
655 718
655 719
656 657
656 718
656 719
656 720
657 719
657 720
658 721
658 722
659 660
659 722
659 723
660 661
660 723
660 724
661 662
661 723
661 724
662 663
662 724
662 725
663 664
663 725
663 726
664 665
664 725
664 726
664 727
665 666
665 726
665 727
665 728
666 667
666 727
666 728
666 729
667 668
667 728
667 729
667 730
668 669
668 729
668 730
668 731
669 670
669 730
669 731
669 732
670 671
670 731
670 732
670 733
671 672
671 732
671 733
672 733
672 734
673 735
673 736
674 675
674 739
674 740
675 676
675 740
676 677
676 741
677 678
677 741
677 742
678 679
678 741
678 742
679 680
679 742
679 743
680 681
680 743
680 744
681 682
681 743
681 744
681 745
682 683
682 744
682 745
682 746
683 684
683 745
683 746
683 747
684 746
684 747
684 748
685 686
685 748
685 749
685 750
686 687
686 749
686 750
687 688
687 750
687 751
688 689
688 751
688 752
689 751
689 752
689 753
690 691
690 753
690 754
691 692
691 754
691 755
692 755
693 694
693 756
694 695
694 756
694 757
695 696
695 757
695 758
696 697
696 757
696 758
696 759
697 698
697 758
697 759
697 760
698 759
698 760
698 761
699 700
699 761
699 762
699 763
700 762
700 763
700 764
701 702
701 764
701 765
701 766
702 703
702 765
702 766
702 767
703 704
703 766
703 767
703 768
704 705
704 767
704 768
704 769
705 706
705 768
705 769
706 707
706 769
706 770
707 708
707 770
707 771
708 709
708 770
708 771
708 772
709 710
709 771
709 772
709 773
710 772
710 773
711 774
711 775
711 776
712 713
712 776
712 777
713 714
713 777
713 778
714 777
714 778
714 779
715 716
715 779
715 780
716 717
716 780
717 718
717 780
718 719
719 720
719 781
720 781
720 782
721 722
721 782
721 783
722 783
722 784
723 724
723 784
723 785
724 785
724 786
725 726
725 786
725 787
725 788
726 727
726 787
726 788
726 789
727 728
727 788
727 789
727 790
728 729
728 789
728 790
728 791
729 730
729 790
729 791
729 792
730 731
730 791
730 792
730 793
731 732
731 792
731 793
731 794
732 733
732 793
732 794
733 794
733 795
734 795
734 796
735 736
735 797
735 798
736 797
736 798
736 799
737 738
737 799
737 800
737 801
738 739
738 800
738 801
738 802
739 740
739 801
739 802
739 803
740 802
740 803
740 804
741 742
741 805
741 806
742 805
742 806
742 807
743 744
743 807
743 808
743 809
744 745
744 808
744 809
745 746
745 809
745 810
746 747
746 810
746 811
747 748
747 810
747 811
747 812
748 749
748 811
748 812
748 813
749 750
749 812
749 813
749 814
750 813
750 814
751 752
751 815
752 753
752 815
752 816
753 754
753 816
753 817
754 816
754 817
754 818
755 818
755 819
756 820
756 821
757 758
757 821
757 822
757 823
758 759
758 822
758 823
758 824
759 760
759 823
759 824
759 825
760 761
760 824
760 825
761 762
761 825
761 826
762 763
762 826
762 827
763 764
763 826
763 827
763 828
764 765
764 827
764 828
764 829
765 766
765 828
765 829
765 830
766 767
766 829
766 830
766 831
767 768
767 830
767 831
767 832
768 769
768 831
768 832
769 832
769 833
770 771
770 833
771 772
772 773
772 834
773 834
773 835
774 775
774 835
775 776
775 836
776 836
776 837
777 778
777 837
777 838
777 839
778 779
778 838
778 839
779 839
779 840
780 840
780 841
780 842
781 782
781 844
781 845
782 783
782 845
782 846
783 845
783 846
783 847
784 785
784 847
784 848
784 849
785 848
785 849
786 787
787 788
787 850
788 789
788 850
788 851
789 790
789 850
789 851
790 791
790 851
790 852
791 792
791 852
791 853
792 793
792 852
792 853
792 854
793 794
793 853
793 854
793 855
794 854
794 855
795 796
795 856
795 857
796 856
796 857
797 798
797 858
797 859
798 799
798 858
798 859
799 800
799 859
799 860
800 801
800 860
801 802
801 860
802 803
803 804
803 861
804 861
804 862
805 806
805 862
805 863
805 864
806 807
806 863
806 864
807 808
807 864
807 865
808 809
808 865
808 866
809 865
809 866
809 867
810 811
810 867
810 868
810 869
811 812
811 868
811 869
811 870
812 813
812 869
812 870
812 871
813 814
813 870
813 871
813 872
814 871
814 872
814 873
815 873
815 874
815 875
816 817
816 875
816 876
816 877
817 818
817 876
817 877
817 878
818 819
818 877
818 878
819 878
820 821
820 879
820 880
821 822
821 879
821 880
821 881
822 823
822 880
822 881
822 882
823 824
823 881
823 882
823 883
824 825
824 882
824 883
824 884
825 883
825 884
825 885
826 827
826 885
826 886
827 828
827 886
828 829
828 887
829 830
829 887
830 831
830 887
830 888
831 832
831 888
831 889
832 888
832 889
832 890
833 890
833 891
833 892
834 835
834 894
834 895
835 894
835 895
835 896
836 837
836 897
836 898
836 899
837 838
837 898
837 899
837 900
838 839
838 899
838 900
839 900
839 901
840 841
840 901
840 902
840 903
841 842
841 902
841 903
841 904
842 843
842 903
842 904
842 905
843 844
843 904
843 905
844 905
844 906
845 846
845 906
845 907
845 908
846 847
846 907
846 908
847 848
847 908
847 909
848 849
848 909
848 910
849 909
849 910
849 911
850 851
850 912
850 913
851 913
851 914
852 853
852 914
852 915
852 916
853 854
853 915
853 916
854 855
854 916
854 917
855 917
856 857
856 918
856 919
857 918
857 919
858 859
858 920
859 920
859 921
860 921
861 862
861 923
861 924
861 925
862 863
862 924
862 925
862 926
863 864
863 925
863 926
863 927
864 926
864 927
864 928
865 866
865 928
865 929
865 930
866 867
866 929
866 930
866 931
867 868
867 930
867 931
867 932
868 869
868 931
868 932
868 933
869 870
869 932
869 933
870 871
870 933
870 934
871 872
871 934
871 935
872 873
872 934
872 935
872 936
873 874
873 935
873 936
873 937
874 875
874 936
874 937
874 938
875 876
875 937
875 938
875 939
876 877
876 938
876 939
876 940
877 878
877 939
877 940
877 941
878 940
878 941
878 942
879 880
880 881
881 882
881 943
882 883
882 943
882 944
883 884
883 943
883 944
884 885
884 944
884 945
885 886
885 945
885 946
886 945
886 946
886 947
887 948
887 949
888 889
888 950
888 951
889 890
889 950
889 951
889 952
890 891
890 951
890 952
890 953
891 892
891 952
891 953
891 954
892 893
892 953
892 954
892 955
893 954
893 955
893 956
894 895
894 956
894 957
894 958
895 896
895 957
895 958
895 959
896 897
896 958
896 959
896 960
897 898
897 959
897 960
897 961
898 899
898 960
898 961
898 962
899 900
899 961
899 962
900 962
900 963
901 902
901 963
901 964
901 965
902 903
902 964
902 965
902 966
903 904
903 965
903 966
904 905
904 966
904 967
905 967
905 968
906 907
906 968
906 969
907 908
907 969
907 970
908 969
908 970
908 971
909 910
909 971
909 972
909 973
910 911
910 972
910 973
910 974
911 973
911 974
911 975
912 913
912 975
912 976
913 976
913 977
914 915
914 977
914 978
914 979
915 916
915 978
915 979
916 979
916 980
917 980
917 981
918 919
918 982
918 983
919 982
919 983
920 921
920 984
920 985
920 986
921 985
921 986
921 987
922 923
922 988
922 989
922 990
923 924
923 989
923 990
923 991
924 925
924 990
924 991
924 992
925 926
925 991
925 992
925 993
926 927
926 992
926 993
926 994
927 928
927 993
927 994
927 995
928 929
928 994
928 995
928 996
929 930
929 995
929 996
929 997
930 931
930 996
930 997
930 998
931 932
931 997
931 998
931 999
932 933
932 998
932 999
932 1000
933 999
933 1000
933 1001
934 935
934 1001
934 1002
934 1003
935 936
935 1002
935 1003
935 1004
936 937
936 1003
936 1004
936 1005
937 938
937 1004
937 1005
937 1006
938 939
938 1005
938 1006
938 1007
939 940
939 1006
939 1007
939 1008
940 941
940 1007
940 1008
940 1009
941 942
941 1008
941 1009
941 1010
942 1009
942 1010
943 944
943 1011
943 1012
943 1013
944 1012
944 1013
945 946
945 1014
945 1015
946 947
946 1014
946 1015
946 1016
947 948
947 1015
947 1016
947 1017
948 949
948 1016
948 1017
948 1018
949 1017
949 1018
950 951
950 1019
950 1020
951 952
951 1019
951 1020
951 1021
952 953
952 1020
952 1021
952 1022
953 954
953 1021
953 1022
953 1023
954 955
954 1022
954 1023
954 1024
955 956
955 1023
955 1024
955 1025
956 957
956 1024
956 1025
956 1026
957 958
957 1025
957 1026
957 1027
958 959
958 1026
958 1027
959 960
959 1027
960 961
960 1028
961 962
961 1028
961 1029
962 1028
962 1029
963 964
963 1030
963 1031
964 965
964 1030
964 1031
965 966
965 1031
966 1032
967 968
967 1032
967 1033
967 1034
968 1033
968 1034
968 1035
969 970
969 1035
969 1036
970 971
970 1036
970 1037
971 972
971 1037
971 1038
972 973
972 1037
972 1038
972 1039
973 974
973 1038
973 1039
973 1040
974 975
974 1039
974 1040
974 1041
975 1040
975 1041
976 977
976 1042
976 1043
977 978
977 1042
977 1043
977 1044
978 979
978 1043
978 1044
978 1045
979 1044
979 1045
979 1046
980 981
980 1046
980 1047
981 1047
981 1048
982 983
982 1048
982 1049
982 1050
983 1049
983 1050
984 985
984 1051
985 986
985 1051
985 1052
986 987
986 1052
986 1053
987 988
987 1052
987 1053
987 1054
988 989
988 1053
988 1054
988 1055
989 990
989 1054
989 1055
989 1056
990 991
990 1055
990 1056
990 1057
991 992
991 1056
991 1057
991 1058
992 993
992 1057
992 1058
993 994
993 1058
993 1059
994 995
994 1059
994 1060
995 996
995 1059
995 1060
995 1061
996 997
996 1060
996 1061
996 1062
997 998
997 1061
997 1062
997 1063
998 999
998 1062
998 1063
998 1064
999 1000
999 1063
999 1064
999 1065
1000 1001
1000 1064
1000 1065
1000 1066
1001 1002
1001 1065
1001 1066
1002 1003
1002 1066
1002 1067
1003 1004
1003 1067
1004 1005
1004 1067
1004 1068
1005 1006
1005 1068
1005 1069
1006 1007
1006 1068
1006 1069
1006 1070
1007 1008
1007 1069
1007 1070
1007 1071
1008 1009
1008 1070
1008 1071
1009 1010
1009 1071
1009 1072
1010 1072
1011 1012
1011 1074
1011 1075
1011 1076
1012 1013
1012 1075
1012 1076
1012 1077
1013 1076
1013 1077
1013 1078
1014 1015
1014 1078
1014 1079
1014 1080
1015 1016
1015 1079
1015 1080
1016 1017
1016 1080
1016 1081
1017 1018
1017 1081
1017 1082
1018 1081
1018 1082
1018 1083
1019 1020
1019 1083
1019 1084
1019 1085
1020 1021
1020 1084
1020 1085
1020 1086
1021 1022
1021 1085
1021 1086
1021 1087
1022 1023
1022 1086
1022 1087
1022 1088
1023 1024
1023 1087
1023 1088
1023 1089
1024 1025
1024 1088
1024 1089
1025 1026
1025 1089
1026 1027
1026 1090
1027 1090
1027 1091
1028 1029
1028 1092
1028 1093
1029 1093
1029 1094
1030 1031
1030 1094
1030 1095
1030 1096
1031 1095
1031 1096
1032 1033
1032 1097
1032 1098
1033 1034
1033 1098
1033 1099
1034 1035
1034 1098
1034 1099
1035 1036
1035 1099
1037 1038
1037 1100
1037 1101
1038 1039
1038 1100
1038 1101
1038 1102
1039 1040
1039 1101
1039 1102
1039 1103
1040 1041
1040 1102
1040 1103
1040 1104
1041 1103
1041 1104
1041 1105
1042 1043
1042 1105
1042 1106
1042 1107
1043 1044
1043 1106
1043 1107
1043 1108
1044 1045
1044 1107
1044 1108
1045 1046
1045 1108
1046 1047
1046 1109
1047 1109
1047 1110
1048 1049
1048 1110
1048 1111
1048 1112
1049 1050
1049 1111
1049 1112
1049 1113
1050 1112
1050 1113
1051 1114
1051 1115
1052 1053
1052 1115
1052 1116
1052 1117
1053 1054
1053 1116
1053 1117
1053 1118
1054 1055
1054 1117
1054 1118
1054 1119
1055 1056
1055 1118
1055 1119
1055 1120
1056 1057
1056 1119
1056 1120
1056 1121
1057 1058
1057 1120
1057 1121
1057 1122
1058 1121
1058 1122
1058 1123
1059 1060
1059 1123
1059 1124
1060 1061
1060 1124
1060 1125
1061 1062
1061 1124
1061 1125
1061 1126
1062 1063
1062 1125
1062 1126
1062 1127
1063 1064
1063 1126
1063 1127
1063 1128
1064 1065
1064 1127
1064 1128
1064 1129
1065 1066
1065 1128
1065 1129
1065 1130
1066 1129
1066 1130
1066 1131
1067 1131
1067 1132
1067 1133
1068 1069
1068 1133
1068 1134
1069 1070
1069 1134
1069 1135
1070 1071
1070 1135
1071 1135
1073 1074
1073 1136
1073 1137
1074 1075
1074 1136
1074 1137
1075 1076
1075 1137
1076 1077
1076 1138
1077 1078
1077 1138
1078 1079
1078 1138
1078 1139
1079 1080
1079 1139
1080 1139
1080 1140
1081 1082
1081 1140
1081 1141
1081 1142
1082 1083
1082 1141
1082 1142
1083 1084
1083 1142
1083 1143
1084 1085
1084 1143
1084 1144
1085 1086
1085 1143
1085 1144
1085 1145
1086 1087
1086 1144
1086 1145
1086 1146
1087 1088
1087 1145
1087 1146
1087 1147
1088 1089
1088 1146
1088 1147
1089 1147
1089 1148
1090 1091
1091 1092
1091 1149
1092 1149
1092 1150
1093 1094
1093 1150
1093 1151
1093 1152
1094 1095
1094 1151
1094 1152
1094 1153
1095 1096
1095 1152
1095 1153
1096 1153
1096 1154
1097 1154
1097 1155
1097 1156
1098 1099
1098 1156
1098 1157
1098 1158
1099 1157
1099 1158
1099 1159
1100 1101
1100 1161
1100 1162
1100 1163
1101 1102
1101 1162
1101 1163
1101 1164
1102 1103
1102 1163
1102 1164
1102 1165
1103 1104
1103 1164
1103 1165
1103 1166
1104 1105
1104 1165
1104 1166
1105 1106
1105 1166
1105 1167
1106 1107
1106 1167
1106 1168
1107 1108
1107 1167
1107 1168
1108 1168
1108 1169
1109 1110
1109 1170
1109 1171
1109 1172
1110 1111
1110 1171
1110 1172
1110 1173
1111 1112
1111 1172
1111 1173
1111 1174
1112 1113
1112 1173
1112 1174
1112 1175
1113 1174
1113 1175
1113 1176
1114 1115
1114 1176
1114 1177
1114 1178
1115 1116
1115 1177
1115 1178
1116 1117
1116 1178
1116 1179
1117 1118
1117 1179
1117 1180
1118 1119
1118 1179
1118 1180
1118 1181
1119 1120
1119 1180
1119 1181
1119 1182
1120 1121
1120 1181
1120 1182
1120 1183
1121 1122
1121 1182
1121 1183
1121 1184
1122 1123
1122 1183
1122 1184
1122 1185
1123 1184
1123 1185
1123 1186
1124 1125
1124 1186
1124 1187
1124 1188
1125 1126
1125 1187
1125 1188
1125 1189
1126 1127
1126 1188
1126 1189
1127 1128
1127 1189
1127 1190
1128 1129
1128 1190
1129 1130
1129 1190
1129 1191
1130 1131
1130 1191
1130 1192
1131 1132
1131 1191
1131 1192
1131 1193
1132 1133
1132 1192
1132 1193
1132 1194
1133 1134
1133 1193
1133 1194
1133 1195
1134 1194
1134 1195
1134 1196
1135 1196
1135 1197
1135 1198
1136 1137
1136 1201
1136 1202
1137 1201
1137 1202
1137 1203
1138 1204
1138 1205
1139 1206
1140 1141
1140 1207
1140 1208
1141 1142
1141 1207
1141 1208
1141 1209
1142 1208
1142 1209
1142 1210
1143 1144
1143 1210
1143 1211
1144 1145
1144 1211
1144 1212
1145 1146
1145 1212
1145 1213
1146 1147
1146 1212
1146 1213
1146 1214
1147 1213
1147 1214
1148 1215
1149 1150
1149 1216
1149 1217
1150 1151
1150 1216
1150 1217
1150 1218
1151 1152
1151 1217
1151 1218
1151 1219
1152 1153
1152 1218
1152 1219
1152 1220
1153 1219
1153 1220
1153 1221
1154 1155
1154 1221
1154 1222
1154 1223
1155 1156
1155 1222
1155 1223
1155 1224
1156 1157
1156 1223
1156 1224
1156 1225
1157 1158
1157 1224
1157 1225
1158 1159
1158 1225
1158 1226
1159 1160
1159 1226
1160 1161
1160 1226
1161 1162
1161 1227
1162 1163
1162 1227
1162 1228
1163 1164
1163 1227
1163 1228
1163 1229
1164 1165
1164 1228
1164 1229
1165 1166
1165 1229
1165 1230
1166 1230
1166 1231
1167 1168
1167 1231
1167 1232
1167 1233
1168 1232
1168 1233
1168 1234
1169 1170
1169 1234
1169 1235
1169 1236
1170 1171
1170 1235
1170 1236
1170 1237
1171 1172
1171 1236
1171 1237
1171 1238
1172 1173
1172 1237
1172 1238
1172 1239
1173 1174
1173 1238
1173 1239
1173 1240
1174 1175
1174 1239
1174 1240
1174 1241
1175 1176
1175 1240
1175 1241
1175 1242
1176 1177
1176 1241
1176 1242
1177 1178
1177 1242
1177 1243
1178 1243
1179 1180
1179 1244
1179 1245
1180 1181
1180 1244
1180 1245
1180 1246
1181 1182
1181 1245
1181 1246
1181 1247
1182 1183
1182 1246
1182 1247
1182 1248
1183 1184
1183 1247
1183 1248
1184 1185
1184 1248
1184 1249
1185 1186
1185 1249
1186 1187
1186 1249
1186 1250
1187 1188
1187 1250
1187 1251
1188 1189
1188 1250
1188 1251
1189 1251
1189 1252
1190 1252
1190 1253
1190 1254
1191 1192
1191 1254
1191 1255
1191 1256
1192 1193
1192 1255
1192 1256
1192 1257
1193 1194
1193 1256
1193 1257
1193 1258
1194 1195
1194 1257
1194 1258
1194 1259
1195 1196
1195 1258
1195 1259
1195 1260
1196 1197
1196 1259
1196 1260
1196 1261
1197 1198
1197 1260
1197 1261
1197 1262
1198 1199
1198 1261
1198 1262
1198 1263
1199 1200
1199 1262
1199 1263
1199 1264
1200 1263
1200 1264
1201 1202
1201 1265
1201 1266
1202 1203
1202 1265
1202 1266
1203 1204
1203 1266
1203 1267
1204 1205
1204 1267
1204 1268
1205 1267
1205 1268
1205 1269
1206 1269
1206 1270
1206 1271
1207 1208
1207 1271
1207 1272
1207 1273
1208 1209
1208 1272
1208 1273
1208 1274
1209 1210
1209 1273
1209 1274
1209 1275
1210 1211
1210 1274
1210 1275
1210 1276
1211 1275
1211 1276
1212 1213
1212 1277
1213 1214
1213 1277
1213 1278
1214 1277
1214 1278
1214 1279
1215 1279
1215 1280
1216 1217
1216 1282
1216 1283
1217 1218
1217 1282
1217 1283
1217 1284
1218 1219
1218 1283
1218 1284
1218 1285
1219 1220
1219 1284
1219 1285
1219 1286
1220 1221
1220 1285
1220 1286
1220 1287
1221 1222
1221 1286
1221 1287
1222 1223
1222 1287
1222 1288
1223 1224
1223 1288
1223 1289
1224 1225
1224 1288
1224 1289
1224 1290
1225 1289
1225 1290
1225 1291
1226 1291
1226 1292
1227 1228
1227 1293
1227 1294
1228 1229
1228 1294
1228 1295
1229 1295
1229 1296
1230 1231
1230 1296
1230 1297
1230 1298
1231 1232
1231 1297
1231 1298
1231 1299
1232 1233
1232 1298
1232 1299
1232 1300
1233 1234
1233 1299
1233 1300
1234 1235
1234 1300
1234 1301
1235 1236
1235 1301
1235 1302
1236 1237
1236 1301
1236 1302
1236 1303
1237 1238
1237 1302
1237 1303
1237 1304
1238 1239
1238 1303
1238 1304
1238 1305
1239 1240
1239 1304
1239 1305
1240 1241
1240 1305
1240 1306
1241 1242
1241 1306
1242 1306
1243 1307
1243 1308
1244 1245
1244 1308
1244 1309
1245 1246
1245 1309
1246 1247
1246 1310
1247 1248
1247 1310
1248 1310
1248 1311
1249 1311
1249 1312
1250 1251
1250 1313
1250 1314
1251 1313
1251 1314
1251 1315
1252 1253
1252 1315
1252 1316
1252 1317
1253 1254
1253 1316
1253 1317
1253 1318
1254 1255
1254 1317
1254 1318
1254 1319
1255 1256
1255 1318
1255 1319
1256 1257
1256 1319
1256 1320
1257 1258
1257 1320
1258 1259
1258 1320
1259 1260
1259 1321
1260 1261
1260 1321
1260 1322
1261 1262
1261 1321
1261 1322
1261 1323
1262 1263
1262 1322
1262 1323
1262 1324
1263 1264
1263 1323
1263 1324
1263 1325
1264 1324
1264 1325
1265 1266
1265 1326
1265 1327
1266 1326
1266 1327
1266 1328
1267 1268
1267 1328
1267 1329
1267 1330
1268 1269
1268 1329
1268 1330
1268 1331
1269 1270
1269 1330
1269 1331
1269 1332
1270 1271
1270 1331
1270 1332
1270 1333
1271 1272
1271 1332
1271 1333
1271 1334
1272 1273
1272 1333
1272 1334
1272 1335
1273 1274
1273 1334
1273 1335
1273 1336
1274 1275
1274 1335
1274 1336
1275 1276
1275 1336
1275 1337
1276 1337
1276 1338
1277 1278
1277 1339
1277 1340
1277 1341
1278 1279
1278 1340
1278 1341
1278 1342
1279 1280
1279 1341
1279 1342
1279 1343
1280 1342
1280 1343
1280 1344
1281 1344
1281 1345
1281 1346
1282 1283
1282 1346
1282 1347
1283 1284
1283 1347
1283 1348
1284 1285
1284 1347
1284 1348
1284 1349
1285 1286
1285 1348
1285 1349
1285 1350
1286 1287
1286 1349
1286 1350
1286 1351
1287 1350
1287 1351
1287 1352
1288 1289
1288 1352
1288 1353
1288 1354
1289 1290
1289 1353
1289 1354
1289 1355
1290 1291
1290 1354
1290 1355
1290 1356
1291 1355
1291 1356
1291 1357
1292 1293
1292 1357
1292 1358
1292 1359
1293 1294
1293 1358
1293 1359
1294 1359
1294 1360
1295 1296
1295 1360
1295 1361
1296 1297
1296 1361
1297 1298
1297 1362
1298 1299
1298 1362
1298 1363
1299 1300
1299 1362
1299 1363
1299 1364
1300 1363
1300 1364
1300 1365
1301 1302
1301 1365
1301 1366
1301 1367
1302 1303
1302 1366
1302 1367
1303 1304
1303 1367
1303 1368
1304 1305
1304 1368
1304 1369
1305 1368
1305 1369
1305 1370
1306 1370
1306 1371
1306 1372
1307 1308
1307 1373
1307 1374
1308 1309
1308 1374
1308 1375
1309 1374
1309 1375
1309 1376
1310 1377
1310 1378
1310 1379
1311 1312
1311 1379
1311 1380
1311 1381
1312 1380
1312 1381
1312 1382
1313 1314
1313 1382
1313 1383
1314 1315
1314 1383
1314 1384
1315 1316
1315 1384
1315 1385
1316 1317
1316 1384
1316 1385
1316 1386
1317 1318
1317 1385
1317 1386
1318 1319
1318 1386
1318 1387
1319 1387
1320 1388
1320 1389
1321 1322
1321 1390
1321 1391
1322 1323
1322 1390
1322 1391
1322 1392
1323 1324
1323 1391
1323 1392
1323 1393
1324 1325
1324 1392
1324 1393
1324 1394
1325 1393
1325 1394
1326 1327
1326 1395
1326 1396
1327 1328
1327 1395
1327 1396
1327 1397
1328 1329
1328 1396
1328 1397
1328 1398
1329 1330
1329 1397
1329 1398
1329 1399
1330 1331
1330 1398
1330 1399
1330 1400
1331 1332
1331 1399
1331 1400
1331 1401
1332 1333
1332 1400
1332 1401
1332 1402
1333 1334
1333 1401
1333 1402
1334 1335
1334 1402
1334 1403
1335 1336
1335 1403
1335 1404
1336 1403
1336 1404
1336 1405
1337 1338
1337 1405
1337 1406
1337 1407
1338 1339
1338 1406
1338 1407
1338 1408
1339 1340
1339 1407
1339 1408
1339 1409
1340 1341
1340 1408
1340 1409
1341 1342
1341 1409
1342 1343
1342 1410
1343 1344
1343 1410
1343 1411
1344 1345
1344 1410
1344 1411
1345 1346
1345 1411
1345 1412
1346 1412
1346 1413
1347 1348
1347 1413
1347 1414
1347 1415
1348 1349
1348 1414
1348 1415
1348 1416
1349 1350
1349 1415
1349 1416
1349 1417
1350 1351
1350 1416
1350 1417
1351 1352
1351 1417
1351 1418
1352 1353
1352 1418
1352 1419
1353 1354
1353 1418
1353 1419
1353 1420
1354 1355
1354 1419
1354 1420
1354 1421
1355 1356
1355 1420
1355 1421
1356 1357
1356 1421
1356 1422
1357 1358
1357 1422
1357 1423
1358 1359
1358 1422
1358 1423
1358 1424
1359 1423
1359 1424
1359 1425
1360 1361
1360 1425
1360 1426
1361 1426
1361 1427
1362 1363
1362 1428
1362 1429
1362 1430
1363 1364
1363 1429
1363 1430
1363 1431
1364 1365
1364 1430
1364 1431
1364 1432
1365 1366
1365 1431
1365 1432
1365 1433
1366 1367
1366 1432
1366 1433
1366 1434
1367 1433
1367 1434
1367 1435
1368 1369
1368 1435
1368 1436
1368 1437
1369 1370
1369 1436
1369 1437
1369 1438
1370 1371
1370 1437
1370 1438
1370 1439
1371 1372
1371 1438
1371 1439
1371 1440
1372 1373
1372 1439
1372 1440
1372 1441
1373 1440
1373 1441
1373 1442
1374 1375
1374 1442
1374 1443
1375 1376
1375 1443
1375 1444
1376 1377
1376 1443
1376 1444
1376 1445
1377 1378
1377 1444
1377 1445
1377 1446
1378 1379
1378 1445
1378 1446
1378 1447
1379 1380
1379 1446
1379 1447
1379 1448
1380 1381
1380 1447
1380 1448
1381 1382
1381 1448
1381 1449
1382 1383
1382 1449
1382 1450
1383 1449
1383 1450
1383 1451
1384 1385
1384 1451
1384 1452
1384 1453
1385 1386
1385 1452
1385 1453
1385 1454
1386 1453
1386 1454
1386 1455
1387 1455
1387 1456
1388 1389
1388 1457
1388 1458
1389 1457
1389 1458
1389 1459
1390 1391
1390 1459
1390 1460
1390 1461
1391 1392
1391 1460
1391 1461
1392 1393
1392 1461
1392 1462
1393 1394
1393 1462
1393 1463
1394 1462
1394 1463
1395 1396
1395 1464
1395 1465
1396 1397
1396 1464
1396 1465
1396 1466
1397 1398
1397 1465
1397 1466
1398 1399
1398 1466
1398 1467
1399 1400
1399 1467
1400 1401
1400 1467
1400 1468
1401 1402
1401 1468
1402 1468
1402 1469
1403 1404
1403 1469
1403 1470
1403 1471
1404 1405
1404 1470
1404 1471
1405 1406
1405 1471
1406 1407
1406 1472
1407 1408
1407 1472
1407 1473
1408 1409
1408 1472
1408 1473
1408 1474
1409 1473
1409 1474
1410 1411
1410 1475
1410 1476
1410 1477
1411 1476
1411 1477
1411 1478
1412 1413
1412 1478
1412 1479
1412 1480
1413 1414
1413 1479
1413 1480
1413 1481
1414 1415
1414 1480
1414 1481
1414 1482
1415 1416
1415 1481
1415 1482
1416 1417
1416 1482
1417 1483
1418 1419
1418 1483
1418 1484
1418 1485
1419 1420
1419 1484
1419 1485
1419 1486
1420 1421
1420 1485
1420 1486
1421 1486
1421 1487
1422 1423
1422 1487
1422 1488
1422 1489
1423 1424
1423 1488
1423 1489
1423 1490
1424 1425
1424 1489
1424 1490
1424 1491
1425 1426
1425 1490
1425 1491
1426 1491
1426 1492
1427 1428
1427 1492
1427 1493
1427 1494
1428 1429
1428 1493
1428 1494
1428 1495
1429 1430
1429 1494
1429 1495
1429 1496
1430 1431
1430 1495
1430 1496
1430 1497
1431 1432
1431 1496
1431 1497
1431 1498
1432 1433
1432 1497
1432 1498
1432 1499
1433 1434
1433 1498
1433 1499
1433 1500
1434 1435
1434 1499
1434 1500
1434 1501
1435 1436
1435 1500
1435 1501
1435 1502
1436 1437
1436 1501
1436 1502
1436 1503
1437 1438
1437 1502
1437 1503
1438 1439
1438 1503
1439 1440
1439 1504
1440 1441
1440 1504
1440 1505
1441 1442
1441 1504
1441 1505
1441 1506
1442 1505
1442 1506
1442 1507
1443 1444
1443 1507
1443 1508
1443 1509
1444 1445
1444 1508
1444 1509
1444 1510
1445 1446
1445 1509
1445 1510
1445 1511
1446 1447
1446 1510
1446 1511
1447 1448
1447 1511
1447 1512
1448 1512
1449 1450
1449 1513
1449 1514
1450 1451
1450 1513
1450 1514
1450 1515
1451 1452
1451 1514
1451 1515
1451 1516
1452 1453
1452 1515
1452 1516
1452 1517
1453 1454
1453 1516
1453 1517
1453 1518
1454 1455
1454 1517
1454 1518
1455 1456
1455 1518
1455 1519
1456 1519
1456 1520
1457 1458
1457 1520
1457 1521
1457 1522
1458 1459
1458 1521
1458 1522
1459 1460
1459 1522
1459 1523
1460 1461
1460 1523
1460 1524
1461 1523
1461 1524
1462 1463
1462 1525
1463 1525
1464 1465
1464 1526
1464 1527
1465 1466
1465 1526
1465 1527
1465 1528
1466 1527
1466 1528
1466 1529
1467 1529
1467 1530
1467 1531
1468 1531
1468 1532
1469 1470
1469 1533
1470 1471
1470 1533
1470 1534
1471 1533
1471 1534
1471 1535
1472 1473
1473 1474
1473 1536
1474 1536
1474 1537
1475 1476
1475 1537
1475 1538
1475 1539
1476 1477
1476 1538
1476 1539
1477 1478
1477 1539
1477 1540
1478 1479
1478 1540
1478 1541
1479 1480
1479 1540
1479 1541
1479 1542
1480 1481
1480 1541
1480 1542
1480 1543
1481 1482
1481 1542
1481 1543
1481 1544
1482 1543
1482 1544
1482 1545
1483 1484
1483 1546
1483 1547
1483 1548
1484 1485
1484 1547
1484 1548
1484 1549
1485 1486
1485 1548
1485 1549
1485 1550
1486 1549
1486 1550
1486 1551
1487 1488
1487 1551
1487 1552
1487 1553
1488 1489
1488 1552
1488 1553
1489 1490
1489 1553
1489 1554
1490 1491
1490 1554
1491 1554
1491 1555
1492 1493
1492 1555
1492 1556
1492 1557
1493 1494
1493 1556
1493 1557
1493 1558
1494 1495
1494 1557
1494 1558
1494 1559
1495 1496
1495 1558
1495 1559
1495 1560
1496 1497
1496 1559
1496 1560
1496 1561
1497 1498
1497 1560
1497 1561
1498 1499
1498 1561
1498 1562
1499 1500
1499 1562
1499 1563
1500 1501
1500 1562
1500 1563
1500 1564
1501 1502
1501 1563
1501 1564
1501 1565
1502 1503
1502 1564
1502 1565
1502 1566
1503 1565
1503 1566
1503 1567
1504 1505
1504 1568
1504 1569
1505 1506
1505 1568
1505 1569
1505 1570
1506 1507
1506 1569
1506 1570
1507 1508
1507 1570
1508 1509
1508 1571
1509 1510
1509 1571
1509 1572
1510 1511
1510 1571
1510 1572
1510 1573
1511 1572
1511 1573
1511 1574
1512 1574
1512 1575
1512 1576
1513 1514
1513 1576
1513 1577
1513 1578
1514 1515
1514 1577
1514 1578
1515 1516
1515 1578
1515 1579
1516 1517
1516 1579
1516 1580
1517 1518
1517 1579
1517 1580
1517 1581
1518 1580
1518 1581
1519 1520
1519 1582
1519 1583
1520 1521
1520 1582
1520 1583
1521 1522
1521 1583
1521 1584
1522 1584
1522 1585
1523 1524
1523 1585
1523 1586
1524 1586
1525 1587
1526 1527
1526 1588
1526 1589
1527 1528
1527 1588
1527 1589
1527 1590
1528 1529
1528 1589
1528 1590
1528 1591
1529 1530
1529 1590
1529 1591
1529 1592
1530 1531
1530 1591
1530 1592
1531 1532
1531 1592
1532 1593
1533 1534
1533 1594
1533 1595
1533 1596
1534 1535
1534 1595
1534 1596
1535 1596
1535 1597
1536 1537
1536 1599
1536 1600
1536 1601
1537 1538
1537 1600
1537 1601
1537 1602
1538 1539
1538 1601
1538 1602
1538 1603
1539 1602
1539 1603
1539 1604
1540 1541
1540 1604
1540 1605
1540 1606
1541 1542
1541 1605
1541 1606
1541 1607
1542 1543
1542 1606
1542 1607
1542 1608
1543 1544
1543 1607
1543 1608
1544 1545
1544 1608
1544 1609
1545 1546
1545 1609
1546 1547
1546 1609
1546 1610
1547 1548
1547 1610
1547 1611
1548 1549
1548 1610
1548 1611
1548 1612
1549 1550
1549 1611
1549 1612
1550 1551
1550 1612
1550 1613
1551 1552
1551 1613
1552 1553
1552 1613
1552 1614
1553 1614
1553 1615
1554 1615
1554 1616
1555 1556
1555 1617
1555 1618
1556 1557
1556 1617
1556 1618
1557 1558
1557 1618
1558 1559
1558 1619
1559 1560
1559 1619
1559 1620
1560 1561
1560 1619
1560 1620
1560 1621
1561 1620
1561 1621
1561 1622
1562 1563
1562 1622
1562 1623
1562 1624
1563 1564
1563 1623
1563 1624
1564 1565
1564 1624
1565 1566
1565 1625
1566 1567
1566 1625
1566 1626
1567 1625
1567 1626
1567 1627
1568 1569
1568 1627
1568 1628
1568 1629
1569 1570
1569 1628
1569 1629
1570 1629
1570 1630
1571 1572
1571 1631
1571 1632
1571 1633
1572 1573
1572 1632
1572 1633
1573 1574
1573 1633
1573 1634
1574 1575
1574 1634
1575 1576
1575 1634
1575 1635
1576 1577
1576 1635
1577 1578
1577 1635
1577 1636
1578 1636
1578 1637
1579 1580
1579 1637
1579 1638
1579 1639
1580 1581
1580 1638
1580 1639
1581 1639
1581 1640
1582 1583
1582 1640
1582 1641
1583 1641
1583 1642
1584 1585
1584 1642
1584 1643
1584 1644
1585 1586
1585 1643
1585 1644
1586 1644
1586 1645
1587 1646
1587 1647
1588 1589
1588 1648
1589 1590
1589 1648
1590 1591
1590 1649
1591 1592
1591 1649
1591 1650
1592 1649
1592 1650
1592 1651
1593 1594
1593 1652
1593 1653
1593 1654
1594 1595
1594 1653
1594 1654
1594 1655
1595 1596
1595 1654
1595 1655
1595 1656
1596 1655
1596 1656
1596 1657
1597 1598
1597 1657
1597 1658
1598 1599
1598 1658
1598 1659
1599 1600
1599 1658
1599 1659
1600 1601
1600 1659
1600 1660
1601 1602
1601 1660
1601 1661
1602 1603
1602 1660
1602 1661
1603 1604
1603 1661
1603 1662
1604 1605
1604 1662
1604 1663
1605 1606
1605 1662
1605 1663
1605 1664
1606 1607
1606 1663
1606 1664
1606 1665
1607 1608
1607 1664
1607 1665
1608 1665
1609 1666
1609 1667
1610 1611
1610 1667
1610 1668
1611 1612
1611 1668
1611 1669
1612 1669
1612 1670
1613 1670
1613 1671
1613 1672
1614 1615
1614 1672
1614 1673
1615 1616
1615 1673
1615 1674
1616 1674
1616 1675
1617 1618
1617 1675
1617 1676
1618 1676
1618 1677
1619 1620
1619 1678
1619 1679
1620 1621
1620 1679
1621 1622
1621 1679
1622 1623
1622 1680
1623 1624
1623 1680
1623 1681
1624 1680
1624 1681
1624 1682
1625 1626
1625 1683
1625 1684
1625 1685
1626 1627
1626 1684
1626 1685
1626 1686
1627 1628
1627 1685
1627 1686
1628 1629
1628 1686
1628 1687
1629 1687
1629 1688
1630 1631
1630 1688
1630 1689
1630 1690
1631 1632
1631 1689
1631 1690
1631 1691
1632 1633
1632 1690
1632 1691
1632 1692
1633 1691
1633 1692
1633 1693
1634 1693
1634 1694
1634 1695
1635 1695
1635 1696
1635 1697
1636 1637
1636 1697
1636 1698
1636 1699
1637 1638
1637 1698
1637 1699
1638 1639
1638 1699
1638 1700
1639 1700
1639 1701
1640 1641
1640 1701
1640 1702
1640 1703
1641 1702
1641 1703
1641 1704
1642 1643
1642 1704
1642 1705
1643 1644
1643 1705
1643 1706
1644 1706
1644 1707
1645 1646
1645 1707
1645 1708
1646 1647
1646 1708
1647 1708
1647 1709
1648 1710
1648 1711
1649 1650
1649 1712
1649 1713
1650 1651
1650 1713
1650 1714
1651 1652
1651 1713
1651 1714
1651 1715
1652 1653
1652 1714
1652 1715
1652 1716
1653 1654
1653 1715
1653 1716
1653 1717
1654 1655
1654 1716
1654 1717
1655 1656
1655 1717
1655 1718
1656 1657
1656 1718
1656 1719
1657 1718
1657 1719
1658 1659
1658 1720
1658 1721
1659 1720
1659 1721
1659 1722
1660 1661
1660 1722
1660 1723
1660 1724
1661 1723
1661 1724
1661 1725
1662 1663
1662 1725
1662 1726
1663 1664
1663 1726
1663 1727
1664 1665
1664 1727
1664 1728
1665 1727
1665 1728
1666 1667
1666 1729
1666 1730
1666 1731
1667 1668
1667 1730
1667 1731
1667 1732
1668 1731
1668 1732
1668 1733
1669 1670
1669 1733
1669 1734
1669 1735
1670 1671
1670 1734
1670 1735
1670 1736
1671 1672
1671 1735
1671 1736
1671 1737
1672 1673
1672 1736
1672 1737
1673 1737
1673 1738
1674 1675
1674 1738
1674 1739
1675 1739
1675 1740
1676 1677
1676 1740
1676 1741
1676 1742
1677 1678
1677 1741
1677 1742
1677 1743
1678 1742
1678 1743
1678 1744
1679 1744
1679 1745
1680 1681
1680 1746
1680 1747
1681 1682
1681 1747
1682 1683
1682 1748
1683 1684
1683 1748
1683 1749
1684 1685
1684 1748
1684 1749
1685 1686
1685 1749
1685 1750
1686 1750
1686 1751
1687 1688
1687 1751
1687 1752
1687 1753
1688 1689
1688 1752
1688 1753
1689 1690
1689 1753
1689 1754
1690 1691
1690 1754
1690 1755
1691 1692
1691 1754
1691 1755
1691 1756
1692 1693
1692 1755
1692 1756
1692 1757
1693 1694
1693 1756
1693 1757
1693 1758
1694 1695
1694 1757
1694 1758
1695 1696
1695 1758
1695 1759
1696 1697
1696 1759
1696 1760
1697 1698
1697 1759
1697 1760
1697 1761
1698 1699
1698 1760
1698 1761
1698 1762
1699 1761
1699 1762
1700 1701
1700 1763
1701 1702
1701 1763
1701 1764
1702 1703
1702 1764
1702 1765
1703 1704
1703 1764
1703 1765
1703 1766
1704 1705
1704 1765
1704 1766
1704 1767
1705 1766
1705 1767
1705 1768
1706 1707
1706 1768
1706 1769
1706 1770
1707 1769
1707 1770
1707 1771
1708 1771
1708 1772
1708 1773
1709 1773
1709 1774
1710 1711
1710 1775
1710 1776
1711 1712
1711 1775
1711 1776
1712 1776
1712 1777
1713 1714
1713 1777
1713 1778
1713 1779
1714 1715
1714 1778
1714 1779
1714 1780
1715 1716
1715 1779
1715 1780
1716 1717
1716 1780
1716 1781
1717 1781
1718 1719
1718 1782
1718 1783
1719 1782
1719 1783
1719 1784
1720 1721
1720 1784
1720 1785
1721 1722
1721 1785
1722 1723
1722 1786
1723 1724
1723 1786
1724 1725
1724 1786
1724 1787
1725 1726
1725 1787
1725 1788
1726 1787
1726 1788
1726 1789
1727 1728
1727 1789
1727 1790
1727 1791
1728 1790
1728 1791
1728 1792
1729 1730
1729 1792
1729 1793
1729 1794
1730 1731
1730 1793
1730 1794
1730 1795
1731 1732
1731 1794
1731 1795
1731 1796
1732 1733
1732 1795
1732 1796
1732 1797
1733 1734
1733 1796
1733 1797
1733 1798
1734 1735
1734 1797
1734 1798
1734 1799
1735 1736
1735 1798
1735 1799
1736 1737
1736 1799
1736 1800
1737 1800
1737 1801
1738 1801
1738 1802
1739 1740
1739 1802
1739 1803
1739 1804
1740 1741
1740 1803
1740 1804
1740 1805
1741 1742
1741 1804
1741 1805
1741 1806
1742 1743
1742 1805
1742 1806
1742 1807
1743 1744
1743 1806
1743 1807
1743 1808
1744 1745
1744 1807
1744 1808
1744 1809
1745 1808
1745 1809
1746 1747
1746 1810
1746 1811
1747 1810
1747 1811
1747 1812
1748 1749
1748 1813
1748 1814
1749 1814
1749 1815
1750 1751
1750 1815
1750 1816
1750 1817
1751 1752
1751 1816
1751 1817
1751 1818
1752 1753
1752 1817
1752 1818
1752 1819
1753 1818
1753 1819
1753 1820
1754 1755
1754 1820
1754 1821
1755 1756
1755 1821
1755 1822
1756 1757
1756 1821
1756 1822
1756 1823
1757 1758
1757 1822
1757 1823
1757 1824
1758 1823
1758 1824
1758 1825
1759 1760
1759 1825
1759 1826
1759 1827
1760 1761
1760 1826
1760 1827
1760 1828
1761 1762
1761 1827
1761 1828
1762 1828
1763 1829
1763 1830
1764 1765
1764 1830
1764 1831
1764 1832
1765 1766
1765 1831
1765 1832
1766 1767
1766 1832
1766 1833
1767 1768
1767 1833
1767 1834
1768 1769
1768 1833
1768 1834
1769 1770
1769 1834
1769 1835
1770 1771
1770 1835
1770 1836
1771 1772
1771 1835
1771 1836
1772 1773
1772 1836
1773 1774
1775 1776
1775 1837
1775 1838
1776 1837
1776 1838
1776 1839
1777 1778
1777 1839
1777 1840
1777 1841
1778 1779
1778 1840
1778 1841
1778 1842
1779 1780
1779 1841
1779 1842
1779 1843
1780 1842
1780 1843
1780 1844
1781 1844
1781 1845
1781 1846
1782 1783
1782 1846
1782 1847
1782 1848
1783 1784
1783 1847
1783 1848
1783 1849
1784 1785
1784 1848
1784 1849
1784 1850
1785 1849
1785 1850
1785 1851
1786 1852
1786 1853
1787 1788
1787 1853
1787 1854
1787 1855
1788 1789
1788 1854
1788 1855
1788 1856
1789 1790
1789 1855
1789 1856
1790 1791
1790 1856
1790 1857
1791 1792
1791 1857
1791 1858
1792 1793
1792 1857
1792 1858
1792 1859
1793 1794
1793 1858
1793 1859
1793 1860
1794 1795
1794 1859
1794 1860
1794 1861
1795 1796
1795 1860
1795 1861
1795 1862
1796 1797
1796 1861
1796 1862
1796 1863
1797 1798
1797 1862
1797 1863
1797 1864
1798 1799
1798 1863
1798 1864
1798 1865
1799 1864
1799 1865
1800 1801
1800 1866
1800 1867
1801 1866
1801 1867
1802 1803
1802 1868
1802 1869
1803 1804
1803 1868
1803 1869
1803 1870
1804 1805
1804 1869
1804 1870
1804 1871
1805 1806
1805 1870
1805 1871
1805 1872
1806 1807
1806 1871
1806 1872
1806 1873
1807 1808
1807 1872
1807 1873
1807 1874
1808 1809
1808 1873
1808 1874
1808 1875
1809 1874
1809 1875
1809 1876
1810 1811
1810 1876
1810 1877
1811 1812
1811 1877
1811 1878
1812 1813
1812 1877
1812 1878
1812 1879
1813 1878
1813 1879
1814 1815
1814 1880
1815 1816
1815 1880
1815 1881
1816 1817
1816 1880
1816 1881
1816 1882
1817 1818
1817 1881
1817 1882
1817 1883
1818 1819
1818 1882
1818 1883
1819 1820
1819 1883
1819 1884
1820 1884
1820 1885
1821 1822
1821 1885
1821 1886
1821 1887
1822 1823
1822 1886
1822 1887
1822 1888
1823 1824
1823 1887
1823 1888
1823 1889
1824 1825
1824 1888
1824 1889
1824 1890
1825 1826
1825 1889
1825 1890
1825 1891
1826 1827
1826 1890
1826 1891
1827 1828
1827 1891
1827 1892
1828 1892
1829 1830
1829 1893
1829 1894
1829 1895
1830 1831
1830 1894
1830 1895
1831 1832
1831 1895
1831 1896
1832 1896
1832 1897
1833 1834
1833 1897
1833 1898
1833 1899
1834 1898
1834 1899
1834 1900
1835 1836
1835 1900
1835 1901
1835 1902
1836 1901
1836 1902
1836 1903
1837 1838
1837 1905
1837 1906
1838 1839
1838 1905
1838 1906
1838 1907
1839 1840
1839 1906
1839 1907
1839 1908
1840 1841
1840 1907
1840 1908
1840 1909
1841 1842
1841 1908
1841 1909
1841 1910
1842 1843
1842 1909
1842 1910
1842 1911
1843 1844
1843 1910
1843 1911
1843 1912
1844 1845
1844 1911
1844 1912
1844 1913
1845 1846
1845 1912
1845 1913
1846 1847
1846 1913
1846 1914
1847 1848
1847 1914
1847 1915
1848 1849
1848 1914
1848 1915
1849 1850
1849 1915
1849 1916
1850 1851
1850 1916
1850 1917
1851 1852
1851 1916
1851 1917
1852 1917
1852 1918
1853 1854
1853 1918
1853 1919
1853 1920
1854 1855
1854 1919
1854 1920
1854 1921
1855 1856
1855 1920
1855 1921
1855 1922
1856 1921
1856 1922
1856 1923
1857 1858
1857 1923
1857 1924
1857 1925
1858 1859
1858 1924
1858 1925
1859 1860
1859 1925
1859 1926
1860 1861
1860 1926
1860 1927
1861 1862
1861 1926
1861 1927
1861 1928
1862 1863
1862 1927
1862 1928
1863 1864
1863 1928
1864 1865
1864 1929
1865 1929
1865 1930
1866 1867
1866 1930
1866 1931
1866 1932
1867 1931
1867 1932
1867 1933
1868 1869
1868 1933
1868 1934
1868 1935
1869 1870
1869 1934
1869 1935
1869 1936
1870 1871
1870 1935
1870 1936
1871 1872
1871 1936
1871 1937
1872 1873
1872 1937
1873 1874
1873 1937
1873 1938
1874 1875
1874 1938
1874 1939
1875 1876
1875 1938
1875 1939
1876 1939
1876 1940
1877 1878
1877 1940
1877 1941
1878 1879
1878 1941
1878 1942
1879 1941
1879 1942
1879 1943
1880 1881
1880 1944
1880 1945
1880 1946
1881 1882
1881 1945
1881 1946
1881 1947
1882 1883
1882 1946
1882 1947
1882 1948
1883 1947
1883 1948
1884 1885
1884 1949
1885 1886
1885 1949
1885 1950
1886 1887
1886 1949
1886 1950
1886 1951
1887 1888
1887 1950
1887 1951
1887 1952
1888 1889
1888 1951
1888 1952
1888 1953
1889 1890
1889 1952
1889 1953
1889 1954
1890 1891
1890 1953
1890 1954
1891 1954
1891 1955
1892 1955
1892 1956
1892 1957
1893 1894
1893 1957
1893 1958
1893 1959
1894 1895
1894 1958
1894 1959
1894 1960
1895 1959
1895 1960
1895 1961
1896 1897
1896 1961
1896 1962
1896 1963
1897 1898
1897 1962
1897 1963
1897 1964
1898 1899
1898 1963
1898 1964
1899 1900
1899 1964
1900 1901
1900 1965
1901 1902
1901 1965
1901 1966
1902 1903
1902 1965
1902 1966
1902 1967
1903 1966
1903 1967
1903 1968
1904 1968
1905 1906
1905 1969
1905 1970
1906 1907
1906 1969
1906 1970
1906 1971
1907 1908
1907 1970
1907 1971
1907 1972
1908 1909
1908 1971
1908 1972
1908 1973
1909 1910
1909 1972
1909 1973
1909 1974
1910 1911
1910 1973
1910 1974
1910 1975
1911 1912
1911 1974
1911 1975
1911 1976
1912 1913
1912 1975
1912 1976
1912 1977
1913 1976
1913 1977
1914 1915
1914 1978
1914 1979
1915 1978
1915 1979
1915 1980
1916 1917
1916 1980
1916 1981
1916 1982
1917 1981
1917 1982
1917 1983
1918 1919
1918 1983
1918 1984
1919 1920
1919 1984
1920 1921
1921 1922
1921 1985
1922 1923
1922 1985
1922 1986
1923 1924
1923 1985
1923 1986
1924 1925
1924 1986
1924 1987
1925 1987
1925 1988
1926 1927
1926 1988
1926 1989
1926 1990
1927 1928
1927 1989
1927 1990
1927 1991
1928 1990
1928 1991
1928 1992
1929 1930
1929 1993
1930 1931
1930 1993
1931 1932
1931 1993
1931 1994
1932 1933
1932 1994
1932 1995
1933 1934
1933 1994
1933 1995
1933 1996
1934 1935
1934 1995
1934 1996
1934 1997
1935 1936
1935 1996
1935 1997
1935 1998
1936 1997
1936 1998
1936 1999
1937 1999
1937 2000
1938 1939
1938 2001
1938 2002
1939 2001
1939 2002
1939 2003
1940 2003
1940 2004
1940 2005
1941 1942
1941 2005
1941 2006
1941 2007
1942 1943
1942 2006
1942 2007
1942 2008
1943 1944
1943 2007
1943 2008
1943 2009
1944 1945
1944 2008
1944 2009
1944 2010
1945 1946
1945 2009
1945 2010
1945 2011
1946 1947
1946 2010
1946 2011
1947 1948
1947 2011
1947 2012
1948 2012
1948 2013
1949 1950
1949 2014
1949 2015
1949 2016
1950 1951
1950 2015
1950 2016
1951 1952
1951 2016
1951 2017
1952 1953
1952 2017
1952 2018
1953 1954
1953 2017
1953 2018
1953 2019
1954 2018
1954 2019
1954 2020
1955 1956
1955 2020
1955 2021
1955 2022
1956 1957
1956 2021
1956 2022
1956 2023
1957 1958
1957 2022
1957 2023
1957 2024
1958 1959
1958 2023
1958 2024
1958 2025
1959 1960
1959 2024
1959 2025
1960 1961
1960 2025
1960 2026
1961 1962
1961 2026
1961 2027
1962 1963
1962 2026
1962 2027
1962 2028
1963 1964
1963 2027
1963 2028
1963 2029
1964 2028
1964 2029
1965 1966
1965 2030
1966 1967
1966 2030
1966 2031
1967 1968
1967 2030
1967 2031
1968 2031
1969 1970
1969 2032
1969 2033
1970 1971
1970 2032
1970 2033
1970 2034
1971 1972
1971 2033
1971 2034
1971 2035
1972 1973
1972 2034
1972 2035
1972 2036
1973 1974
1973 2035
1973 2036
1973 2037
1974 1975
1974 2036
1974 2037
1974 2038
1975 1976
1975 2037
1975 2038
1976 1977
1976 2038
1976 2039
1977 2039
1977 2040
1978 1979
1978 2040
1978 2041
1978 2042
1979 1980
1979 2041
1979 2042
1979 2043
1980 1981
1980 2042
1980 2043
1981 1982
1981 2043
1981 2044
1982 1983
1982 2044
1983 1984
1983 2044
1983 2045
1984 2045
1984 2046
1985 1986
1985 2048
1985 2049
1985 2050
1986 2049
1986 2050
1986 2051
1987 1988
1987 2051
1987 2052
1988 1989
1988 2052
1988 2053
1989 1990
1989 2053
1990 1991
1990 2053
1990 2054
1991 1992
1991 2054
1991 2055
1992 2054
1992 2055
1992 2056
1993 2057
1993 2058
1994 1995
1994 2059
1994 2060
1995 1996
1995 2059
1995 2060
1995 2061
1996 1997
1996 2060
1996 2061
1996 2062
1997 1998
1997 2061
1997 2062
1997 2063
1998 1999
1998 2062
1998 2063
1998 2064
1999 2000
1999 2063
1999 2064
1999 2065
2000 2064
2000 2065
2000 2066
2001 2002
2001 2066
2001 2067
2001 2068
2002 2003
2002 2067
2002 2068
2002 2069
2003 2004
2003 2068
2003 2069
2003 2070
2004 2005
2004 2069
2004 2070
2004 2071
2005 2006
2005 2070
2005 2071
2005 2072
2006 2007
2006 2071
2006 2072
2006 2073
2007 2008
2007 2072
2007 2073
2007 2074
2008 2009
2008 2073
2008 2074
2009 2010
2009 2074
2009 2075
2010 2011
2010 2075
2010 2076
2011 2075
2011 2076
2011 2077
2012 2013
2012 2077
2012 2078
2012 2079
2013 2014
2013 2078
2013 2079
2013 2080
2014 2015
2014 2079
2014 2080
2014 2081
2015 2016
2015 2080
2015 2081
2015 2082
2016 2081
2016 2082
2017 2018
2017 2083
2017 2084
2018 2019
2018 2083
2018 2084
2018 2085
2019 2020
2019 2084
2019 2085
2019 2086
2020 2021
2020 2085
2020 2086
2021 2022
2021 2086
2021 2087
2022 2023
2022 2087
2022 2088
2023 2024
2023 2087
2023 2088
2024 2025
2024 2088
2024 2089
2025 2089
2025 2090
2026 2027
2026 2090
2026 2091
2027 2028
2027 2091
2027 2092
2028 2029
2028 2092
2029 2092
2029 2093
2030 2031
2030 2095
2030 2096
2030 2097
2031 2096
2031 2097
2031 2098
2032 2033
2032 2100
2032 2101
2033 2034
2033 2100
2033 2101
2033 2102
2034 2035
2034 2101
2034 2102
2035 2036
2035 2102
2035 2103
2036 2037
2036 2103
2036 2104
2037 2038
2037 2103
2037 2104
2037 2105
2038 2104
2038 2105
2038 2106
2039 2040
2039 2106
2039 2107
2040 2041
2040 2107
2040 2108
2041 2042
2041 2107
2041 2108
2041 2109
2042 2043
2042 2108
2042 2109
2042 2110
2043 2109
2043 2110
2043 2111
2044 2111
2044 2112
2044 2113
2045 2046
2045 2113
2045 2114
2046 2047
2046 2114
2046 2115
2047 2048
2047 2114
2047 2115
2047 2116
2048 2049
2048 2115
2048 2116
2048 2117
2049 2050
2049 2116
2049 2117
2049 2118
2050 2051
2050 2117
2050 2118
2050 2119
2051 2052
2051 2118
2051 2119
2051 2120
2052 2119
2052 2120
2052 2121
2053 2121
2053 2122
2053 2123
2054 2055
2054 2123
2054 2124
2054 2125
2055 2056
2055 2124
2055 2125
2055 2126
2056 2057
2056 2125
2056 2126
2056 2127
2057 2058
2057 2126
2057 2127
2057 2128
2058 2127
2058 2128
2058 2129
2059 2060
2059 2129
2059 2130
2059 2131
2060 2061
2060 2130
2060 2131
2060 2132
2061 2062
2061 2131
2061 2132
2061 2133
2062 2063
2062 2132
2062 2133
2062 2134
2063 2064
2063 2133
2063 2134
2063 2135
2064 2065
2064 2134
2064 2135
2064 2136
2065 2066
2065 2135
2065 2136
2065 2137
2066 2067
2066 2136
2066 2137
2066 2138
2067 2068
2067 2137
2067 2138
2067 2139
2068 2069
2068 2138
2068 2139
2068 2140
2069 2070
2069 2139
2069 2140
2070 2071
2070 2140
2071 2072
2071 2141
2072 2073
2072 2141
2072 2142
2073 2074
2073 2141
2073 2142
2073 2143
2074 2142
2074 2143
2074 2144
2075 2076
2075 2144
2075 2145
2076 2077
2076 2145
2076 2146
2077 2078
2077 2145
2077 2146
2077 2147
2078 2079
2078 2146
2078 2147
2079 2080
2079 2147
2079 2148
2080 2081
2080 2148
2080 2149
2081 2082
2081 2148
2081 2149
2081 2150
2082 2149
2082 2150
2082 2151
2083 2084
2083 2151
2083 2152
2084 2085
2084 2152
2084 2153
2085 2086
2085 2152
2085 2153
2085 2154
2086 2153
2086 2154
2086 2155
2087 2088
2087 2155
2087 2156
2087 2157
2088 2156
2088 2157
2088 2158
2089 2090
2089 2158
2089 2159
2090 2091
2090 2159
2090 2160
2091 2159
2091 2160
2091 2161
2092 2161
2092 2162
2093 2094
2093 2163
2093 2164
2094 2095
2094 2163
2094 2164
2095 2096
2095 2164
2095 2165
2096 2097
2096 2165
2096 2166
2097 2098
2097 2165
2097 2166
2098 2099
2098 2166
2098 2167
2099 2167
2100 2101
2100 2168
2100 2169
2101 2102
2101 2168
2101 2169
2101 2170
2102 2169
2102 2170
2102 2171
2103 2104
2103 2171
2103 2172
2103 2173
2104 2105
2104 2172
2104 2173
2104 2174
2105 2106
2105 2173
2105 2174
2105 2175
2106 2174
2106 2175
2107 2108
2107 2176
2107 2177
2108 2109
2108 2176
2108 2177
2109 2110
2109 2177
2110 2111
2110 2178
2111 2112
2111 2178
2111 2179
2112 2113
2112 2178
2112 2179
2112 2180
2113 2179
2113 2180
2114 2115
2114 2181
2115 2116
2115 2181
2115 2182
2116 2117
2116 2181
2116 2182
2116 2183
2117 2118
2117 2182
2117 2183
2117 2184
2118 2119
2118 2183
2118 2184
2119 2120
2119 2184
2119 2185
2120 2121
2120 2185
2120 2186
2121 2122
2121 2185
2121 2186
2121 2187
2122 2123
2122 2186
2122 2187
2122 2188
2123 2124
2123 2187
2123 2188
2123 2189
2124 2125
2124 2188
2124 2189
2124 2190
2125 2126
2125 2189
2125 2190
2125 2191
2126 2127
2126 2190
2126 2191
2126 2192
2127 2128
2127 2191
2127 2192
2127 2193
2128 2129
2128 2192
2128 2193
2128 2194
2129 2130
2129 2193
2129 2194
2129 2195
2130 2131
2130 2194
2130 2195
2130 2196
2131 2132
2131 2195
2131 2196
2131 2197
2132 2133
2132 2196
2132 2197
2132 2198
2133 2134
2133 2197
2133 2198
2133 2199
2134 2135
2134 2198
2134 2199
2134 2200
2135 2136
2135 2199
2135 2200
2135 2201
2136 2137
2136 2200
2136 2201
2136 2202
2137 2138
2137 2201
2137 2202
2137 2203
2138 2139
2138 2202
2138 2203
2138 2204
2139 2140
2139 2203
2139 2204
2140 2204
2140 2205
2141 2142
2141 2206
2141 2207
2141 2208
2142 2143
2142 2207
2142 2208
2142 2209
2143 2144
2143 2208
2143 2209
2143 2210
2144 2209
2144 2210
2144 2211
2145 2146
2145 2211
2145 2212
2146 2147
2146 2212
2146 2213
2147 2213
2147 2214
2148 2149
2148 2214
2148 2215
2148 2216
2149 2150
2149 2215
2149 2216
2149 2217
2150 2151
2150 2216
2150 2217
2150 2218
2151 2217
2151 2218
2152 2153
2152 2219
2152 2220
2153 2154
2153 2219
2153 2220
2153 2221
2154 2155
2154 2220
2154 2221
2154 2222
2155 2156
2155 2221
2155 2222
2156 2157
2156 2222
2156 2223
2157 2158
2157 2223
2158 2223
2158 2224
2159 2160
2159 2224
2159 2225
2160 2161
2160 2225
2161 2162
2161 2225
2161 2226
2162 2226
2162 2227
2163 2164
2163 2227
2163 2228
2163 2229
2164 2228
2164 2229
2165 2166
2165 2230
2165 2231
2166 2230
2166 2231
2166 2232
2167 2232
2168 2169
2168 2233
2168 2234
2169 2170
2169 2233
2169 2234
2169 2235
2170 2171
2170 2234
2170 2235
2170 2236
2171 2172
2171 2235
2171 2236
2171 2237
2172 2173
2172 2236
2172 2237
2172 2238
2173 2174
2173 2237
2173 2238
2174 2175
2174 2238
2174 2239
2175 2239
2175 2240
2176 2177
2176 2240
2176 2241
2176 2242
2177 2241
2177 2242
2178 2179
2178 2243
2178 2244
2179 2180
2179 2243
2179 2244
2180 2244
2180 2245
2181 2182
2181 2246
2182 2183
2182 2246
2182 2247
2183 2184
2183 2246
2183 2247
2183 2248
2184 2247
2184 2248
2185 2186
2185 2249
2185 2250
2186 2187
2186 2249
2186 2250
2186 2251
2187 2188
2187 2250
2187 2251
2187 2252
2188 2189
2188 2251
2188 2252
2188 2253
2189 2190
2189 2252
2189 2253
2190 2191
2190 2253
2191 2192
2191 2254
2192 2193
2192 2254
2192 2255
2193 2194
2193 2254
2193 2255
2193 2256
2194 2195
2194 2255
2194 2256
2194 2257
2195 2196
2195 2256
2195 2257
2195 2258
2196 2197
2196 2257
2196 2258
2196 2259
2197 2198
2197 2258
2197 2259
2197 2260
2198 2199
2198 2259
2198 2260
2198 2261
2199 2200
2199 2260
2199 2261
2199 2262
2200 2201
2200 2261
2200 2262
2201 2202
2201 2262
2201 2263
2202 2203
2202 2263
2202 2264
2203 2204
2203 2263
2203 2264
2203 2265
2204 2264
2204 2265
2204 2266
2205 2206
2205 2266
2205 2267
2206 2207
2206 2267
2207 2208
2207 2267
2207 2268
2208 2209
2208 2268
2208 2269
2209 2210
2209 2268
2209 2269
2209 2270
2210 2211
2210 2269
2210 2270
2210 2271
2211 2212
2211 2270
2211 2271
2211 2272
2212 2271
2212 2272
2212 2273
2213 2214
2213 2273
2213 2274
2214 2215
2214 2274
2214 2275
2215 2216
2215 2275
2215 2276
2216 2217
2216 2275
2216 2276
2217 2218
2217 2276
2217 2277
2218 2277
2219 2220
2219 2278
2219 2279
2220 2221
2220 2278
2220 2279
2220 2280
2221 2222
2221 2279
2221 2280
2221 2281
2222 2280
2222 2281
2224 2282
2224 2283
2225 2283
2225 2284
2226 2227
2226 2284
2226 2285
2226 2286
2227 2228
2227 2285
2227 2286
2228 2229
2228 2286
2228 2287
2229 2287
2229 2288
2230 2231
2230 2288
2230 2289
2230 2290
2231 2232
2231 2289
2231 2290
2231 2291
2232 2290
2232 2291
2232 2292
2233 2234
2233 2293
2233 2294
2234 2235
2234 2293
2234 2294
2235 2236
2235 2294
2236 2237
2236 2295
2237 2238
2237 2295
2237 2296
2238 2295
2238 2296
2239 2240
2239 2297
2239 2298
2240 2241
2240 2297
2240 2298
2240 2299
2241 2242
2241 2298
2241 2299
2241 2300
2242 2299
2242 2300
2242 2301
2243 2244
2243 2302
2243 2303
2243 2304
2244 2303
2244 2304
2244 2305
2245 2305
2245 2306
2246 2247
2246 2307
2246 2308
2246 2309
2247 2248
2247 2308
2247 2309
2247 2310
2248 2309
2248 2310
2248 2311
2249 2250
2249 2311
2249 2312
2249 2313
2250 2251
2250 2312
2250 2313
2250 2314
2251 2252
2251 2313
2251 2314
2251 2315
2252 2253
2252 2314
2252 2315
2252 2316
2253 2315
2253 2316
2253 2317
2254 2255
2254 2318
2254 2319
2254 2320
2255 2256
2255 2319
2255 2320
2255 2321
2256 2257
2256 2320
2256 2321
2256 2322
2257 2258
2257 2321
2257 2322
2257 2323
2258 2259
2258 2322
2258 2323
2258 2324
2259 2260
2259 2323
2259 2324
2259 2325
2260 2261
2260 2324
2260 2325
2260 2326
2261 2262
2261 2325
2261 2326
2261 2327
2262 2326
2262 2327
2262 2328
2263 2264
2263 2328
2263 2329
2264 2265
2264 2329
2264 2330
2265 2266
2265 2330
2265 2331
2266 2330
2266 2331
2267 2332
2268 2269
2268 2333
2268 2334
2269 2270
2269 2333
2269 2334
2270 2271
2270 2334
2271 2272
2271 2335
2272 2273
2272 2335
2272 2336
2273 2274
2273 2335
2273 2336
2273 2337
2274 2336
2274 2337
2274 2338
2275 2276
2275 2338
2275 2339
2275 2340
2276 2339
2276 2340
2276 2341
2277 2341
2277 2342
2277 2343
2278 2279
2278 2343
2278 2344
2278 2345
2279 2280
2279 2344
2279 2345
2279 2346
2280 2281
2280 2345
2280 2346
2281 2346
2281 2347
2282 2283
2282 2349
2282 2350
2283 2349
2283 2350
2283 2351
2284 2285
2284 2351
2284 2352
2284 2353
2285 2286
2285 2352
2285 2353
2286 2353
2287 2288
2287 2354
2288 2289
2288 2354
2288 2355
2289 2290
2289 2355
2289 2356
2290 2291
2290 2355
2290 2356
2290 2357
2291 2292
2291 2356
2291 2357
2291 2358
2292 2357
2292 2358
2293 2294
2293 2359
2294 2359
2294 2360
2295 2296
2295 2361
2295 2362
2295 2363
2296 2362
2296 2363
2296 2364
2297 2298
2297 2364
2297 2365
2298 2299
2298 2365
2298 2366
2299 2300
2299 2366
2299 2367
2300 2301
2300 2366
2300 2367
2300 2368
2301 2302
2301 2367
2301 2368
2302 2303
2302 2368
2302 2369
2303 2304
2303 2369
2303 2370
2304 2305
2304 2369
2304 2370
2304 2371
2305 2370
2305 2371
2305 2372
2306 2307
2306 2372
2307 2308
2307 2373
2308 2309
2308 2373
2308 2374
2309 2310
2309 2373
2309 2374
2309 2375
2310 2311
2310 2374
2310 2375
2310 2376
2311 2312
2311 2375
2311 2376
2311 2377
2312 2313
2312 2376
2312 2377
2312 2378
2313 2314
2313 2377
2313 2378
2313 2379
2314 2315
2314 2378
2314 2379
2315 2316
2315 2379
2315 2380
2316 2317
2316 2380
2316 2381
2317 2318
2317 2380
2317 2381
2317 2382
2318 2319
2318 2381
2318 2382
2318 2383
2319 2320
2319 2382
2319 2383
2319 2384
2320 2321
2320 2383
2320 2384
2320 2385
2321 2322
2321 2384
2321 2385
2321 2386
2322 2323
2322 2385
2322 2386
2322 2387
2323 2324
2323 2386
2323 2387
2323 2388
2324 2325
2324 2387
2324 2388
2324 2389
2325 2326
2325 2388
2325 2389
2325 2390
2326 2327
2326 2389
2326 2390
2326 2391
2327 2328
2327 2390
2327 2391
2327 2392
2328 2329
2328 2391
2328 2392
2328 2393
2329 2392
2329 2393
2330 2331
2330 2394
2330 2395
2331 2394
2331 2395
2331 2396
2332 2396
2332 2397
2332 2398
2333 2334
2333 2398
2333 2399
2333 2400
2334 2399
2334 2400
2334 2401
2335 2336
2335 2402
2336 2337
2336 2402
2336 2403
2337 2338
2337 2403
2337 2404
2338 2339
2338 2403
2338 2404
2338 2405
2339 2340
2339 2404
2339 2405
2339 2406
2340 2341
2340 2405
2340 2406
2340 2407
2341 2342
2341 2406
2341 2407
2342 2343
2342 2407
2342 2408
2343 2344
2343 2408
2343 2409
2344 2345
2344 2408
2344 2409
2344 2410
2345 2346
2345 2409
2345 2410
2345 2411
2346 2410
2346 2411
2347 2348
2347 2412
2347 2413
2348 2412
2348 2413
2348 2414
2349 2350
2349 2414
2349 2415
2349 2416
2350 2351
2350 2415
2350 2416
2350 2417
2351 2352
2351 2416
2351 2417
2351 2418
2352 2353
2352 2417
2352 2418
2352 2419
2353 2418
2353 2419
2353 2420
2354 2421
2354 2422
2355 2356
2355 2422
2355 2423
2355 2424
2356 2357
2356 2423
2356 2424
2356 2425
2357 2358
2357 2424
2357 2425
2357 2426
2358 2425
2358 2426
2359 2360
2359 2427
2359 2428
2359 2429
2360 2361
2360 2428
2360 2429
2360 2430
2361 2362
2361 2429
2361 2430
2361 2431
2362 2363
2362 2430
2362 2431
2362 2432
2363 2364
2363 2431
2363 2432
2363 2433
2364 2365
2364 2432
2364 2433
2364 2434
2365 2433
2365 2434
2365 2435
2366 2367
2366 2435
2366 2436
2366 2437
2367 2368
2367 2436
2367 2437
2367 2438
2368 2437
2368 2438
2369 2370
2369 2439
2369 2440
2370 2371
2370 2439
2370 2440
2371 2372
2371 2440
2371 2441
2372 2441
2373 2374
2373 2442
2373 2443
2373 2444
2374 2375
2374 2443
2374 2444
2374 2445
2375 2376
2375 2444
2375 2445
2375 2446
2376 2377
2376 2445
2376 2446
2377 2378
2377 2446
2377 2447
2378 2379
2378 2447
2378 2448
2379 2447
2379 2448
2379 2449
2380 2381
2380 2449
2380 2450
2380 2451
2381 2382
2381 2450
2381 2451
2381 2452
2382 2383
2382 2451
2382 2452
2383 2384
2383 2452
2383 2453
2384 2385
2384 2453
2384 2454
2385 2386
2385 2453
2385 2454
2385 2455
2386 2387
2386 2454
2386 2455
2386 2456
2387 2388
2387 2455
2387 2456
2387 2457
2388 2389
2388 2456
2388 2457
2389 2390
2389 2457
2389 2458
2390 2391
2390 2458
2390 2459
2391 2392
2391 2458
2391 2459
2392 2393
2392 2459
2392 2460
2393 2460
2393 2461
2394 2395
2394 2461
2394 2462
2394 2463
2395 2396
2395 2462
2395 2463
2395 2464
2396 2397
2396 2463
2396 2464
2396 2465
2397 2398
2397 2464
2397 2465
2397 2466
2398 2399
2398 2465
2398 2466
2398 2467
2399 2400
2399 2466
2399 2467
2399 2468
2400 2401
2400 2467
2400 2468
2400 2469
2401 2468
2401 2469
2401 2470
2402 2470
2402 2471
2402 2472
2403 2404
2403 2472
2403 2473
2403 2474
2404 2405
2404 2473
2404 2474
2404 2475
2405 2406
2405 2474
2405 2475
2405 2476
2406 2407
2406 2475
2406 2476
2406 2477
2407 2476
2407 2477
2407 2478
2408 2409
2408 2478
2408 2479
2408 2480
2409 2410
2409 2479
2409 2480
2409 2481
2410 2411
2410 2480
2410 2481
2411 2481
2411 2482
2412 2413
2412 2482
2412 2483
2412 2484
2413 2414
2413 2483
2413 2484
2413 2485
2414 2415
2414 2484
2414 2485
2414 2486
2415 2416
2415 2485
2415 2486
2415 2487
2416 2417
2416 2486
2416 2487
2417 2418
2417 2487
2418 2419
2418 2488
2419 2420
2419 2488
2419 2489
2420 2488
2420 2489
2421 2422
2421 2490
2422 2423
2422 2490
2422 2491
2423 2424
2423 2490
2423 2491
2423 2492
2424 2425
2424 2491
2424 2492
2424 2493
2425 2426
2425 2492
2425 2493
2425 2494
2426 2493
2426 2494
2427 2428
2427 2495
2428 2429
2428 2495
2428 2496
2429 2430
2429 2496
2429 2497
2430 2431
2430 2496
2430 2497
2430 2498
2431 2432
2431 2497
2431 2498
2431 2499
2432 2433
2432 2498
2432 2499
2432 2500
2433 2434
2433 2499
2433 2500
2433 2501
2434 2435
2434 2500
2434 2501
2434 2502
2435 2436
2435 2501
2435 2502
2436 2437
2436 2502
2436 2503
2437 2438
2437 2503
2437 2504
2438 2503
2438 2504
2438 2505
2439 2440
2439 2505
2439 2506
2439 2507
2440 2506
2440 2507
2440 2508
2441 2508
2441 2509
2441 2510
2442 2443
2442 2510
2442 2511
2443 2444
2443 2511
2444 2445
2444 2512
2445 2446
2445 2512
2445 2513
2446 2512
2446 2513
2446 2514
2447 2448
2447 2514
2447 2515
2447 2516
2448 2449
2448 2515
2448 2516
2448 2517
2449 2450
2449 2516
2449 2517
2450 2451
2450 2517
2450 2518
2451 2452
2451 2518
2452 2518
2452 2519
2453 2454
2453 2519
2453 2520
2454 2455
2454 2520
2455 2456
2455 2520
2455 2521
2456 2457
2456 2521
2456 2522
2457 2521
2457 2522
2457 2523
2458 2459
2458 2523
2458 2524
2458 2525
2459 2524
2459 2525
2459 2526
2460 2461
2460 2526
2460 2527
2460 2528
2461 2462
2461 2527
2461 2528
2461 2529
2462 2463
2462 2528
2462 2529
2462 2530
2463 2464
2463 2529
2463 2530
2464 2465
2464 2530
2464 2531
2465 2466
2465 2531
2465 2532
2466 2467
2466 2531
2466 2532
2466 2533
2467 2468
2467 2532
2467 2533
2468 2469
2468 2533
2468 2534
2469 2470
2469 2534
2470 2471
2470 2534
2471 2472
2471 2535
2472 2473
2472 2535
2473 2474
2473 2535
2473 2536
2474 2475
2474 2536
2474 2537
2475 2476
2475 2536
2475 2537
2475 2538
2476 2477
2476 2537
2476 2538
2477 2478
2477 2538
2477 2539
2478 2479
2478 2539
2478 2540
2479 2480
2479 2539
2479 2540
2480 2481
2480 2540
2481 2541
2482 2483
2482 2541
2482 2542
2483 2484
2483 2542
2483 2543
2484 2485
2484 2542
2484 2543
2484 2544
2485 2486
2485 2543
2485 2544
2486 2487
2486 2544
2486 2545
2487 2545
2487 2546
2488 2489
2488 2547
2488 2548
2489 2547
2489 2548
2489 2549
2490 2491
2490 2550
2490 2551
2490 2552
2491 2492
2491 2551
2491 2552
2491 2553
2492 2493
2492 2552
2492 2553
2492 2554
2493 2494
2493 2553
2493 2554
2494 2554
2495 2555
2495 2556
2496 2497
2496 2556
2496 2557
2496 2558
2497 2498
2497 2557
2497 2558
2497 2559
2498 2499
2498 2558
2498 2559
2499 2500
2499 2559
2499 2560
2500 2501
2500 2560
2500 2561
2501 2502
2501 2560
2501 2561
2502 2561
2502 2562
2503 2504
2503 2562
2503 2563
2503 2564
2504 2505
2504 2563
2504 2564
2504 2565
2505 2506
2505 2564
2505 2565
2506 2507
2506 2565
2506 2566
2507 2508
2507 2566
2507 2567
2508 2509
2508 2566
2508 2567
2508 2568
2509 2510
2509 2567
2509 2568
2509 2569
2510 2511
2510 2568
2510 2569
2510 2570
2511 2569
2511 2570
2511 2571
2512 2513
2512 2572
2512 2573
2513 2514
2513 2573
2514 2515
2514 2574
2515 2516
2515 2574
2515 2575
2516 2517
2516 2574
2516 2575
2516 2576
2517 2575
2517 2576
2517 2577
2518 2577
2518 2578
2519 2578
2519 2579
2519 2580
2520 2580
2520 2581
2521 2522
2521 2582
2522 2523
2522 2582
2522 2583
2523 2524
2523 2582
2523 2583
2523 2584
2524 2525
2524 2583
2524 2584
2524 2585
2525 2526
2525 2584
2525 2585
2525 2586
2526 2527
2526 2585
2526 2586
2527 2528
2527 2586
2527 2587
2528 2529
2528 2587
2528 2588
2529 2530
2529 2587
2529 2588
2529 2589
2530 2588
2530 2589
2531 2532
2531 2590
2531 2591
2532 2533
2532 2590
2532 2591
2532 2592
2533 2591
2533 2592
2533 2593
2534 2593
2534 2594
2534 2595
2535 2596
2535 2597
2536 2537
2536 2597
2536 2598
2537 2538
2537 2598
2537 2599
2538 2599
2539 2540
2539 2600
2539 2601
2540 2600
2540 2601
2540 2602
2541 2603
2541 2604
2541 2605
2542 2543
2542 2605
2542 2606
2542 2607
2543 2544
2543 2606
2543 2607
2543 2608
2544 2607
2544 2608
2544 2609
2545 2546
2545 2609
2545 2610
2546 2610
2546 2611
2547 2548
2547 2611
2547 2612
2547 2613
2548 2549
2548 2612
2548 2613
2549 2550
2549 2613
2549 2614
2550 2551
2550 2614
2551 2552
2551 2614
2551 2615
2552 2553
2552 2615
2552 2616
2553 2554
2553 2615
2553 2616
2553 2617
2554 2616
2554 2617
2554 2618
2555 2556
2555 2619
2556 2557
2556 2619
2557 2558
2557 2620
2558 2559
2558 2620
2559 2620
2560 2561
2560 2621
2560 2622
2561 2621
2561 2622
2562 2563
2562 2623
2563 2564
2563 2623
2563 2624
2564 2565
2564 2624
2564 2625
2565 2624
2565 2625
2565 2626
2566 2567
2566 2626
2566 2627
2567 2568
2567 2627
2567 2628
2568 2569
2568 2627
2568 2628
2568 2629
2569 2570
2569 2628
2569 2629
2570 2571
2570 2629
2570 2630
2571 2572
2571 2630
2571 2631
2572 2573
2572 2630
2572 2631
2572 2632
2573 2631
2573 2632
2573 2633
2574 2575
2574 2634
2574 2635
2574 2636
2575 2576
2575 2635
2575 2636
2575 2637
2576 2577
2576 2636
2576 2637
2576 2638
2577 2637
2577 2638
2577 2639
2578 2579
2578 2639
2578 2640
2578 2641
2579 2580
2579 2640
2579 2641
2579 2642
2580 2581
2580 2641
2580 2642
2581 2642
2581 2643
2582 2583
2582 2644
2582 2645
2583 2584
2583 2645
2583 2646
2584 2585
2584 2645
2584 2646
2584 2647
2585 2586
2585 2646
2585 2647
2585 2648
2586 2647
2586 2648
2586 2649
2587 2588
2587 2649
2587 2650
2588 2589
2588 2650
2589 2651
2590 2591
2590 2651
2590 2652
2590 2653
2591 2592
2591 2652
2591 2653
2591 2654
2592 2593
2592 2653
2592 2654
2592 2655
2593 2594
2593 2654
2593 2655
2593 2656
2594 2595
2594 2655
2594 2656
2594 2657
2595 2596
2595 2656
2595 2657
2595 2658
2596 2657
2596 2658
2596 2659
2597 2598
2597 2659
2597 2660
2598 2660
2598 2661
2599 2661
2599 2662
2599 2663
2600 2601
2600 2663
2600 2664
2600 2665
2601 2602
2601 2664
2601 2665
2601 2666
2602 2603
2602 2665
2602 2666
2602 2667
2603 2604
2603 2666
2603 2667
2604 2605
2604 2667
2604 2668
2605 2606
2605 2668
2605 2669
2606 2607
2606 2668
2606 2669
2606 2670
2607 2608
2607 2669
2607 2670
2607 2671
2608 2609
2608 2670
2608 2671
2608 2672
2609 2610
2609 2671
2609 2672
2610 2672
2610 2673
2611 2612
2611 2673
2611 2674
2612 2613
2612 2674
2613 2674
2613 2675
2614 2675
2614 2676
2614 2677
2615 2616
2615 2677
2615 2678
2616 2617
2616 2678
2616 2679
2617 2618
2617 2678
2617 2679
2618 2679
2619 2680
2619 2681
2620 2682
2620 2683
2621 2622
2621 2684
2621 2685
2622 2685
2622 2686
2623 2686
2623 2687
2623 2688
2624 2625
2624 2688
2624 2689
2625 2626
2625 2689
2625 2690
2626 2690
2626 2691
2627 2628
2627 2691
2627 2692
2627 2693
2628 2629
2628 2692
2628 2693
2628 2694
2629 2693
2629 2694
2629 2695
2630 2631
2630 2695
2630 2696
2630 2697
2631 2632
2631 2696
2631 2697
2631 2698
2632 2633
2632 2697
2632 2698
2632 2699
2633 2634
2633 2698
2633 2699
2633 2700
2634 2635
2634 2699
2634 2700
2635 2636
2635 2700
2635 2701
2636 2637
2636 2701
2636 2702
2637 2638
2637 2701
2637 2702
2638 2639
2638 2702
2638 2703
2639 2640
2639 2703
2640 2641
2640 2703
2640 2704
2641 2642
2641 2704
2641 2705
2642 2704
2642 2705
2642 2706
2643 2644
2643 2706
2643 2707
2644 2707
2644 2708
2645 2646
2645 2708
2645 2709
2645 2710
2646 2647
2646 2709
2646 2710
2646 2711
2647 2648
2647 2710
2647 2711
2648 2649
2648 2711
2648 2712
2649 2650
2649 2712
2649 2713
2650 2712
2650 2713
2651 2652
2651 2714
2651 2715
2652 2653
2652 2715
2652 2716
2653 2654
2653 2716
2654 2655
2654 2716
2654 2717
2655 2656
2655 2717
2655 2718
2656 2657
2656 2717
2656 2718
2657 2658
2657 2718
2657 2719
2658 2659
2658 2719
2658 2720
2659 2660
2659 2719
2659 2720
2659 2721
2660 2720
2660 2721
2660 2722
2661 2662
2661 2722
2661 2723
2662 2663
2662 2723
2662 2724
2663 2664
2663 2724
2663 2725
2664 2665
2664 2724
2664 2725
2665 2666
2665 2725
2665 2726
2666 2667
2666 2726
2666 2727
2667 2726
2667 2727
2667 2728
2668 2669
2668 2728
2668 2729
2668 2730
2669 2670
2669 2729
2669 2730
2669 2731
2670 2671
2670 2730
2670 2731
2670 2732
2671 2672
2671 2731
2671 2732
2671 2733
2672 2732
2672 2733
2673 2734
2674 2735
2675 2676
2675 2736
2676 2677
2676 2736
2677 2736
2677 2737
2678 2679
2678 2737
2678 2738
2679 2738
2680 2681
2680 2739
2680 2740
2681 2739
2681 2740
2681 2741
2682 2683
2682 2741
2682 2742
2682 2743
2683 2684
2683 2742
2683 2743
2683 2744
2684 2685
2684 2743
2684 2744
2685 2744
2685 2745
2686 2687
2686 2745
2686 2746
2686 2747
2687 2688
2687 2746
2687 2747
2687 2748
2688 2689
2688 2747
2688 2748
2688 2749
2689 2748
2689 2749
2689 2750
2690 2691
2690 2750
2690 2751
2690 2752
2691 2692
2691 2751
2691 2752
2691 2753
2692 2693
2692 2752
2692 2753
2692 2754
2693 2694
2693 2753
2693 2754
2693 2755
2694 2695
2694 2754
2694 2755
2694 2756
2695 2696
2695 2755
2695 2756
2695 2757
2696 2697
2696 2756
2696 2757
2696 2758
2697 2698
2697 2757
2697 2758
2697 2759
2698 2699
2698 2758
2698 2759
2698 2760
2699 2700
2699 2759
2699 2760
2700 2760
2701 2702
2701 2761
2702 2761
2702 2762
2703 2762
2703 2763
2703 2764
2704 2705
2704 2764
2704 2765
2704 2766
2705 2706
2705 2765
2705 2766
2706 2766
2706 2767
2707 2708
2707 2767
2707 2768
2707 2769
2708 2709
2708 2768
2708 2769
2708 2770
2709 2710
2709 2769
2709 2770
2709 2771
2710 2711
2710 2770
2710 2771
2711 2771
2712 2713
2712 2772
2713 2772
2713 2773
2714 2715
2714 2773
2714 2774
2714 2775
2715 2774
2715 2775
2715 2776
2716 2776
2716 2777
2716 2778
2717 2718
2717 2778
2717 2779
2718 2779
2718 2780
2719 2720
2719 2780
2719 2781
2719 2782
2720 2721
2720 2781
2720 2782
2720 2783
2721 2722
2721 2782
2721 2783
2721 2784
2722 2723
2722 2783
2722 2784
2722 2785
2723 2784
2723 2785
2723 2786
2724 2725
2724 2786
2724 2787
2724 2788
2725 2787
2725 2788
2726 2727
2726 2789
2727 2728
2727 2789
2728 2729
2729 2730
2730 2731
2730 2790
2731 2732
2731 2790
2731 2791
2732 2733
2732 2790
2732 2791
2732 2792
2733 2791
2733 2792
2735 2793
2735 2794
2736 2795
2736 2796
2737 2738
2737 2796
2737 2797
2737 2798
2738 2797
2738 2798
2739 2740
2739 2800
2739 2801
2740 2741
2740 2800
2740 2801
2740 2802
2741 2742
2741 2801
2741 2802
2741 2803
2742 2743
2742 2802
2742 2803
2742 2804
2743 2744
2743 2803
2743 2804
2743 2805
2744 2804
2744 2805
2744 2806
2745 2746
2745 2806
2745 2807
2745 2808
2746 2747
2746 2807
2746 2808
2746 2809
2747 2748
2747 2808
2747 2809
2747 2810
2748 2749
2748 2809
2748 2810
2748 2811
2749 2750
2749 2810
2749 2811
2749 2812
2750 2751
2750 2811
2750 2812
2750 2813
2751 2752
2751 2812
2751 2813
2751 2814
2752 2753
2752 2813
2752 2814
2753 2754
2753 2814
2754 2755
2754 2815
2755 2756
2755 2815
2755 2816
2756 2757
2756 2815
2756 2816
2756 2817
2757 2758
2757 2816
2757 2817
2757 2818
2758 2759
2758 2817
2758 2818
2758 2819
2759 2760
2759 2818
2759 2819
2759 2820
2760 2819
2760 2820
2760 2821
2761 2762
2761 2823
2762 2763
2762 2824
2763 2764
2763 2824
2763 2825
2764 2765
2764 2824
2764 2825
2764 2826
2765 2766
2765 2825
2765 2826
2765 2827
2766 2826
2766 2827
2766 2828
2767 2768
2767 2828
2767 2829
2768 2769
2768 2829
2768 2830
2769 2770
2769 2830
2769 2831
2770 2771
2770 2830
2770 2831
2770 2832
2771 2831
2771 2832
2771 2833
2772 2773
2773 2774
2773 2835
2774 2775
2774 2835
2774 2836
2775 2776
2775 2835
2775 2836
2775 2837
2776 2777
2776 2836
2776 2837
2776 2838
2777 2778
2777 2837
2777 2838
2777 2839
2778 2779
2778 2838
2778 2839
2779 2839
2780 2781
2780 2840
2780 2841
2781 2782
2781 2840
2781 2841
2781 2842
2782 2783
2782 2841
2782 2842
2783 2784
2783 2842
2783 2843
2784 2785
2784 2843
2784 2844
2785 2786
2785 2843
2785 2844
2785 2845
2786 2787
2786 2844
2786 2845
2786 2846
2787 2788
2787 2845
2787 2846
2787 2847
2788 2846
2788 2847
2788 2848
2789 2848
2789 2849
2790 2791
2790 2852
2790 2853
2791 2792
2791 2852
2791 2853
2791 2854
2792 2853
2792 2854
2792 2855
2793 2794
2793 2857
2793 2858
2793 2859
2794 2795
2794 2858
2794 2859
2794 2860
2795 2859
2795 2860
2795 2861
2796 2797
2796 2861
2796 2862
2796 2863
2797 2798
2797 2862
2797 2863
2797 2864
2798 2863
2798 2864
2798 2865
2799 2865
2799 2866
2800 2801
2800 2867
2800 2868
2801 2802
2801 2867
2801 2868
2801 2869
2802 2803
2802 2868
2802 2869
2802 2870
2803 2804
2803 2869
2803 2870
2803 2871
2804 2805
2804 2870
2804 2871
2804 2872
2805 2806
2805 2871
2805 2872
2806 2807
2806 2872
2806 2873
2807 2808
2807 2873
2807 2874
2808 2809
2808 2873
2808 2874
2808 2875
2809 2810
2809 2874
2809 2875
2810 2811
2810 2875
2810 2876
2811 2812
2811 2876
2811 2877
2812 2813
2812 2876
2812 2877
2813 2814
2813 2877
2813 2878
2814 2878
2814 2879
2815 2816
2815 2880
2815 2881
2815 2882
2816 2817
2816 2881
2816 2882
2816 2883
2817 2818
2817 2882
2817 2883
2817 2884
2818 2819
2818 2883
2818 2884
2818 2885
2819 2820
2819 2884
2819 2885
2819 2886
2820 2821
2820 2885
2820 2886
2820 2887
2821 2822
2821 2886
2821 2887
2821 2888
2822 2823
2822 2887
2822 2888
2822 2889
2823 2888
2823 2889
2823 2890
2824 2825
2824 2891
2824 2892
2825 2826
2825 2892
2825 2893
2826 2827
2826 2892
2826 2893
2826 2894
2827 2828
2827 2893
2827 2894
2827 2895
2828 2829
2828 2894
2828 2895
2828 2896
2829 2895
2829 2896
2829 2897
2830 2831
2830 2897
2830 2898
2831 2832
2831 2898
2831 2899
2832 2833
2832 2898
2832 2899
2832 2900
2833 2834
2833 2899
2833 2900
2834 2900
2834 2901
2835 2836
2835 2903
2835 2904
2835 2905
2836 2837
2836 2904
2836 2905
2836 2906
2837 2838
2837 2905
2837 2906
2837 2907
2838 2839
2838 2906
2838 2907
2838 2908
2839 2907
2839 2908
2839 2909
2840 2841
2840 2910
2840 2911
2840 2912
2841 2842
2841 2911
2841 2912
2841 2913
2842 2912
2842 2913
2842 2914
2843 2844
2843 2914
2843 2915
2844 2845
2844 2915
2844 2916
2845 2846
2845 2915
2845 2916
2845 2917
2846 2847
2846 2916
2846 2917
2846 2918
2847 2848
2847 2917
2847 2918
2848 2849
2848 2918
2849 2919
2850 2851
2850 2919
2850 2920
2850 2921
2851 2920
2851 2921
2851 2922
2852 2853
2852 2922
2852 2923
2852 2924
2853 2854
2853 2923
2853 2924
2854 2855
2854 2924
2854 2925
2855 2856
2855 2925
2855 2926
2856 2857
2856 2925
2856 2926
2856 2927
2857 2858
2857 2926
2857 2927
2857 2928
2858 2859
2858 2927
2858 2928
2858 2929
2859 2860
2859 2928
2859 2929
2859 2930
2860 2861
2860 2929
2860 2930
2860 2931
2861 2862
2861 2930
2861 2931
2861 2932
2862 2863
2862 2931
2862 2932
2862 2933
2863 2864
2863 2932
2863 2933
2863 2934
2864 2865
2864 2933
2864 2934
2864 2935
2865 2866
2865 2934
2865 2935
2865 2936
2866 2935
2866 2936
2867 2868
2867 2937
2868 2869
2868 2937
2869 2870
2869 2938
2870 2871
2870 2938
2870 2939
2871 2872
2871 2938
2871 2939
2871 2940
2872 2939
2872 2940
2872 2941
2873 2874
2873 2941
2873 2942
2873 2943
2874 2875
2874 2942
2874 2943
2875 2943
2875 2944
2876 2877
2876 2944
2876 2945
2877 2945
2877 2946
2878 2879
2878 2946
2878 2947
2878 2948
2879 2880
2879 2947
2879 2948
2879 2949
2880 2881
2880 2948
2880 2949
2880 2950
2881 2882
2881 2949
2881 2950
2882 2883
2882 2950
2882 2951
2883 2884
2883 2951
2883 2952
2884 2885
2884 2951
2884 2952
2884 2953
2885 2886
2885 2952
2885 2953
2885 2954
2886 2887
2886 2953
2886 2954
2886 2955
2887 2888
2887 2954
2887 2955
2888 2889
2888 2955
2889 2890
2889 2956
2890 2891
2890 2956
2890 2957
2891 2956
2891 2957
2891 2958
2892 2893
2892 2958
2892 2959
2892 2960
2893 2894
2893 2959
2893 2960
2893 2961
2894 2895
2894 2960
2894 2961
2894 2962
2895 2896
2895 2961
2895 2962
2895 2963
2896 2897
2896 2962
2896 2963
2896 2964
2897 2963
2897 2964
2897 2965
2898 2899
2898 2965
2898 2966
2898 2967
2899 2900
2899 2966
2899 2967
2899 2968
2900 2967
2900 2968
2900 2969
2901 2902
2901 2969
2901 2970
2902 2903
2902 2970
2902 2971
2903 2904
2903 2970
2903 2971
2904 2905
2904 2971
2904 2972
2905 2906
2905 2972
2905 2973
2906 2907
2906 2972
2906 2973
2906 2974
2907 2908
2907 2973
2907 2974
2907 2975
2908 2909
2908 2974
2908 2975
2908 2976
2909 2910
2909 2975
2909 2976
2910 2911
2910 2976
2910 2977
2911 2912
2911 2977
2911 2978
2912 2913
2912 2977
2912 2978
2912 2979
2913 2914
2913 2978
2913 2979
2913 2980
2914 2979
2914 2980
2914 2981
2915 2916
2915 2981
2915 2982
2915 2983
2916 2917
2916 2982
2916 2983
2917 2918
2917 2983
2918 2984
2919 2920
2919 2985
2919 2986
2919 2987
2920 2921
2920 2986
2920 2987
2920 2988
2921 2922
2921 2987
2921 2988
2921 2989
2922 2923
2922 2988
2922 2989
2922 2990
2923 2924
2923 2989
2923 2990
2923 2991
2924 2990
2924 2991
2924 2992
2925 2926
2925 2992
2925 2993
2925 2994
2926 2927
2926 2993
2926 2994
2927 2928
2927 2994
2927 2995
2928 2929
2928 2995
2928 2996
2929 2930
2929 2995
2929 2996
2929 2997
2930 2931
2930 2996
2930 2997
2931 2932
2931 2997
2931 2998
2932 2933
2932 2998
2932 2999
2933 2934
2933 2998
2933 2999
2933 3000
2934 2935
2934 2999
2934 3000
2934 3001
2935 2936
2935 3000
2935 3001
2935 3002
2936 3001
2936 3002
2937 3003
2938 2939
2938 3004
2938 3005
2938 3006
2939 2940
2939 3005
2939 3006
2939 3007
2940 2941
2940 3006
2940 3007
2941 2942
2941 3007
2941 3008
2942 2943
2942 3008
2943 3008
2943 3009
2944 3009
2944 3010
2944 3011
2945 2946
2945 3011
2945 3012
2946 2947
2946 3012
2946 3013
2947 2948
2947 3013
2947 3014
2948 2949
2948 3013
2948 3014
2948 3015
2949 2950
2949 3014
2949 3015
2950 3015
2950 3016
2951 2952
2951 3016
2951 3017
2951 3018
2952 2953
2952 3017
2952 3018
2952 3019
2953 2954
2953 3018
2953 3019
2953 3020
2954 2955
2954 3019
2954 3020
2954 3021
2955 3020
2955 3021
2955 3022
2956 2957
2956 3023
2956 3024
2956 3025
2957 2958
2957 3024
2957 3025
2957 3026
2958 2959
2958 3025
2958 3026
2958 3027
2959 2960
2959 3026
2959 3027
2960 2961
2960 3027
2960 3028
2961 2962
2961 3028
2962 2963
2962 3028
2962 3029
2963 2964
2963 3029
2964 2965
2964 3029
2964 3030
2965 2966
2965 3030
2966 2967
2966 3030
2966 3031
2967 2968
2967 3031
2967 3032
2968 2969
2968 3031
2968 3032
2968 3033
2969 3032
2969 3033
2969 3034
2970 2971
2970 3034
2971 3035
2972 2973
2972 3035
2972 3036
2972 3037
2973 2974
2973 3036
2973 3037
2974 2975
2974 3037
2974 3038
2975 2976
2975 3038
2976 3038
2977 2978
2977 3039
2978 2979
2978 3039
2978 3040
2979 2980
2979 3039
2979 3040
2979 3041
2980 2981
2980 3040
2980 3041
2980 3042
2981 2982
2981 3041
2981 3042
2982 2983
2982 3042
2982 3043
2983 3043
2983 3044
2984 2985
2984 3045
2985 2986
2985 3045
2985 3046
2986 2987
2986 3046
2986 3047
2987 2988
2987 3046
2987 3047
2987 3048
2988 2989
2988 3047
2988 3048
2989 2990
2989 3048
2989 3049
2990 2991
2990 3049
2991 2992
2991 3049
2991 3050
2992 2993
2992 3050
2992 3051
2993 2994
2993 3050
2993 3051
2993 3052
2994 3051
2994 3052
2995 2996
2995 3053
2996 2997
2996 3053
2997 3053
2997 3054
2998 2999
2998 3054
2998 3055
2998 3056
2999 3000
2999 3055
2999 3056
2999 3057
3000 3001
3000 3056
3000 3057
3001 3002
3001 3057
3001 3058
3002 3058
3003 3004
3003 3059
3003 3060
3003 3061
3004 3005
3004 3060
3004 3061
3004 3062
3005 3006
3005 3061
3005 3062
3006 3007
3006 3062
3006 3063
3007 3063
3007 3064
3008 3064
3008 3065
3008 3066
3009 3010
3009 3066
3009 3067
3010 3011
3010 3067
3010 3068
3011 3012
3011 3068
3011 3069
3012 3068
3012 3069
3012 3070
3013 3014
3013 3070
3013 3071
3013 3072
3014 3015
3014 3071
3014 3072
3015 3072
3015 3073
3016 3017
3016 3073
3016 3074
3016 3075
3017 3018
3017 3074
3017 3075
3018 3019
3018 3075
3019 3020
3019 3076
3020 3021
3020 3076
3021 3022
3021 3076
3021 3077
3022 3023
3022 3077
3022 3078
3023 3024
3023 3077
3023 3078
3023 3079
3024 3025
3024 3078
3024 3079
3024 3080
3025 3026
3025 3079
3025 3080
3025 3081
3026 3027
3026 3080
3026 3081
3026 3082
3027 3081
3027 3082
3027 3083
3028 3083
3028 3084
3029 3085
3029 3086
3030 3086
3030 3087
3031 3032
3031 3087
3031 3088
3031 3089
3032 3033
3032 3088
3032 3089
3032 3090
3033 3034
3033 3089
3033 3090
3033 3091
3034 3090
3034 3091
3034 3092
3035 3036
3035 3093
3035 3094
3035 3095
3036 3037
3036 3094
3036 3095
3036 3096
3037 3095
3037 3096
3037 3097
3038 3097
3038 3098
3039 3040
3039 3100
3039 3101
3040 3041
3040 3101
3040 3102
3041 3042
3041 3101
3041 3102
3041 3103
3042 3102
3042 3103
3042 3104
3043 3044
3043 3104
3043 3105
3043 3106
3044 3105
3044 3106
3044 3107
3045 3107
3045 3108
3046 3047
3046 3109
3047 3048
3047 3109
3047 3110
3048 3110
3049 3111
3050 3051
3050 3112
3050 3113
3051 3052
3051 3112
3051 3113
3051 3114
3052 3113
3052 3114
3053 3115
3053 3116
3053 3117
3054 3055
3054 3117
3054 3118
3054 3119
3055 3056
3055 3118
3055 3119
3056 3057
3056 3119
3056 3120
3057 3120
3057 3121
3058 3121
3058 3122
3059 3060
3059 3123
3059 3124
3060 3061
3060 3123
3060 3124
3060 3125
3061 3062
3061 3124
3061 3125
3062 3125
3062 3126
3063 3064
3063 3126
3063 3127
3063 3128
3064 3065
3064 3127
3064 3128
3065 3066
3065 3128
3065 3129
3066 3067
3066 3129
3066 3130
3067 3129
3067 3130
3067 3131
3068 3069
3068 3131
3068 3132
3068 3133
3069 3070
3069 3132
3069 3133
3069 3134
3070 3071
3070 3133
3070 3134
3070 3135
3071 3072
3071 3134
3071 3135
3071 3136
3072 3135
3072 3136
3072 3137
3073 3074
3073 3137
3073 3138
3073 3139
3074 3075
3074 3138
3074 3139
3074 3140
3075 3139
3075 3140
3075 3141
3076 3142
3076 3143
3077 3078
3077 3143
3077 3144
3077 3145
3078 3079
3078 3144
3078 3145
3078 3146
3079 3080
3079 3145
3079 3146
3079 3147
3080 3081
3080 3146
3080 3147
3081 3082
3081 3147
3082 3083
3082 3148
3083 3084
3083 3148
3084 3148
3085 3086
3085 3149
3085 3150
3086 3149
3086 3150
3086 3151
3087 3088
3087 3151
3087 3152
3087 3153
3088 3089
3088 3152
3088 3153
3088 3154
3089 3090
3089 3153
3089 3154
3089 3155
3090 3091
3090 3154
3090 3155
3090 3156
3091 3092
3091 3155
3091 3156
3092 3093
3092 3156
3092 3157
3093 3094
3093 3157
3093 3158
3094 3095
3094 3157
3094 3158
3095 3096
3095 3158
3095 3159
3096 3097
3096 3159
3097 3098
3097 3159
3097 3160
3098 3160
3098 3161
3099 3100
3099 3161
3099 3162
3099 3163
3100 3162
3100 3163
3100 3164
3101 3102
3101 3164
3101 3165
3102 3103
3102 3165
3103 3104
3103 3166
3104 3105
3104 3166
3104 3167
3105 3106
3105 3166
3105 3167
3105 3168
3106 3107
3106 3167
3106 3168
3106 3169
3107 3108
3107 3168
3107 3169
3107 3170
3108 3169
3108 3170
3108 3171
3109 3171
3109 3172
3109 3173
3110 3173
3110 3174
3111 3175
3111 3176
3112 3113
3112 3176
3112 3177
3113 3114
3113 3177
3113 3178
3114 3177
3114 3178
3114 3179
3115 3116
3115 3179
3115 3180
3115 3181
3116 3117
3116 3180
3116 3181
3116 3182
3117 3118
3117 3181
3117 3182
3117 3183
3118 3119
3118 3182
3118 3183
3118 3184
3119 3183
3119 3184
3119 3185
3120 3121
3120 3185
3120 3186
3121 3122
3121 3186
3121 3187
3122 3186
3122 3187
3123 3124
3123 3188
3123 3189
3124 3125
3124 3188
3124 3189
3124 3190
3125 3189
3125 3190
3125 3191
3126 3127
3126 3191
3126 3192
3127 3128
3127 3192
3128 3192
3128 3193
3129 3130
3129 3193
3129 3194
3129 3195
3130 3131
3130 3194
3130 3195
3131 3132
3131 3195
3131 3196
3132 3133
3132 3196
3132 3197
3133 3134
3133 3196
3133 3197
3133 3198
3134 3135
3134 3197
3134 3198
3135 3136
3135 3198
3135 3199
3136 3137
3136 3199
3136 3200
3137 3138
3137 3199
3137 3200
3137 3201
3138 3139
3138 3200
3138 3201
3138 3202
3139 3140
3139 3201
3139 3202
3139 3203
3140 3141
3140 3202
3140 3203
3140 3204
3141 3203
3141 3204
3141 3205
3142 3143
3142 3205
3142 3206
3142 3207
3143 3144
3143 3206
3143 3207
3143 3208
3144 3145
3144 3207
3144 3208
3144 3209
3145 3146
3145 3208
3145 3209
3145 3210
3146 3147
3146 3209
3146 3210
3146 3211
3147 3210
3147 3211
3148 3212
3148 3213
3148 3214
3149 3150
3149 3215
3149 3216
3149 3217
3150 3151
3150 3216
3150 3217
3150 3218
3151 3152
3151 3217
3151 3218
3151 3219
3152 3153
3152 3218
3152 3219
3152 3220
3153 3154
3153 3219
3153 3220
3153 3221
3154 3155
3154 3220
3154 3221
3154 3222
3155 3156
3155 3221
3155 3222
3155 3223
3156 3222
3156 3223
3156 3224
3157 3158
3157 3224
3157 3225
3157 3226
3158 3225
3158 3226
3159 3227
3160 3161
3160 3228
3160 3229
3161 3162
3161 3228
3161 3229
3161 3230
3162 3163
3162 3229
3162 3230
3162 3231
3163 3164
3163 3230
3163 3231
3164 3165
3164 3231
3164 3232
3165 3232
3165 3233
3166 3167
3166 3234
3166 3235
3166 3236
3167 3168
3167 3235
3167 3236
3167 3237
3168 3169
3168 3236
3168 3237
3168 3238
3169 3170
3169 3237
3169 3238
3170 3171
3170 3238
3170 3239
3171 3172
3171 3239
3171 3240
3172 3173
3172 3239
3172 3240
3173 3174
3173 3240
3174 3241
3175 3176
3175 3241
3175 3242
3175 3243
3176 3242
3176 3243
3176 3244
3177 3178
3177 3244
3177 3245
3177 3246
3178 3179
3178 3245
3178 3246
3178 3247
3179 3180
3179 3246
3179 3247
3179 3248
3180 3181
3180 3247
3180 3248
3180 3249
3181 3182
3181 3248
3181 3249
3182 3183
3182 3249
3182 3250
3183 3184
3183 3250
3183 3251
3184 3185
3184 3250
3184 3251
3184 3252
3185 3251
3185 3252
3185 3253
3186 3187
3186 3253
3186 3254
3187 3254
3188 3189
3188 3255
3188 3256
3189 3190
3189 3255
3189 3256
3190 3191
3190 3256
3190 3257
3191 3257
3191 3258
3192 3258
3192 3259
3192 3260
3193 3194
3193 3260
3193 3261
3193 3262
3194 3195
3194 3261
3194 3262
3194 3263
3195 3262
3195 3263
3195 3264
3196 3197
3196 3264
3196 3265
3197 3198
3197 3265
3197 3266
3198 3266
3199 3200
3199 3267
3199 3268
3200 3201
3200 3267
3200 3268
3201 3202
3201 3268
3201 3269
3202 3203
3202 3269
3202 3270
3203 3204
3203 3269
3203 3270
3204 3205
3204 3270
3204 3271
3205 3206
3205 3271
3206 3207
3206 3271
3207 3208
3207 3272
3208 3209
3208 3272
3208 3273
3209 3210
3209 3272
3209 3273
3209 3274
3210 3211
3210 3273
3210 3274
3210 3275
3211 3274
3211 3275
3211 3276
3212 3213
3212 3276
3212 3277
3213 3214
3213 3277
3214 3215
3214 3278
3215 3216
3215 3278
3216 3217
3216 3278
3216 3279
3217 3218
3217 3279
3217 3280
3218 3219
3218 3279
3218 3280
3218 3281
3219 3220
3219 3280
3219 3281
3219 3282
3220 3221
3220 3281
3220 3282
3220 3283
3221 3222
3221 3282
3221 3283
3221 3284
3222 3223
3222 3283
3222 3284
3222 3285
3223 3224
3223 3284
3223 3285
3223 3286
3224 3225
3224 3285
3224 3286
3224 3287
3225 3226
3225 3286
3225 3287
3225 3288
3226 3287
3226 3288
3226 3289
3227 3289
3227 3290
3227 3291
3228 3229
3228 3291
3228 3292
3228 3293
3229 3230
3229 3292
3229 3293
3229 3294
3230 3231
3230 3293
3230 3294
3230 3295
3231 3294
3231 3295
3231 3296
3232 3233
3232 3296
3232 3297
3232 3298
3233 3234
3233 3297
3233 3298
3234 3235
3234 3298
3234 3299
3235 3236
3235 3299
3235 3300
3236 3237
3236 3299
3236 3300
3236 3301
3237 3238
3237 3300
3237 3301
3237 3302
3238 3301
3238 3302
3239 3240
3239 3303
3240 3303
3240 3304
3241 3242
3241 3305
3242 3243
3242 3305
3242 3306
3243 3244
3243 3306
3243 3307
3244 3245
3244 3306
3244 3307
3244 3308
3245 3246
3245 3307
3245 3308
3245 3309
3246 3247
3246 3308
3246 3309
3246 3310
3247 3248
3247 3309
3247 3310
3247 3311
3248 3249
3248 3310
3248 3311
3248 3312
3249 3311
3249 3312
3249 3313
3250 3251
3250 3313
3250 3314
3250 3315
3251 3252
3251 3314
3251 3315
3252 3253
3252 3315
3252 3316
3253 3316
3255 3256
3255 3317
3256 3317
3256 3318
3257 3258
3257 3318
3257 3319
3257 3320
3258 3259
3258 3319
3258 3320
3259 3260
3259 3320
3260 3261
3260 3321
3261 3262
3261 3321
3261 3322
3262 3263
3262 3321
3262 3322
3263 3264
3263 3322
3263 3323
3264 3265
3264 3323
3265 3323
3266 3324
3266 3325
3267 3268
3267 3325
3267 3326
3268 3326
3268 3327
3269 3270
3269 3327
3269 3328
3269 3329
3270 3328
3270 3329
3270 3330
3271 3330
3271 3331
3271 3332
3272 3273
3272 3333
3272 3334
3272 3335
3273 3274
3273 3334
3273 3335
3273 3336
3274 3275
3274 3335
3274 3336
3274 3337
3275 3276
3275 3336
3275 3337
3275 3338
3276 3277
3276 3337
3276 3338
3276 3339
3277 3338
3277 3339
3277 3340
3278 3341
3278 3342
3279 3280
3279 3342
3279 3343
3279 3344
3280 3281
3280 3343
3280 3344
3280 3345
3281 3282
3281 3344
3281 3345
3282 3283
3282 3345
3283 3284
3283 3346
3284 3285
3284 3346
3284 3347
3285 3286
3285 3346
3285 3347
3286 3287
3286 3347
3286 3348
3287 3288
3287 3348
3288 3289
3288 3348
3288 3349
3289 3290
3289 3349
3290 3291
3290 3349
3290 3350
3291 3292
3291 3350
3291 3351
3292 3293
3292 3350
3292 3351
3292 3352
3293 3294
3293 3351
3293 3352
3293 3353
3294 3295
3294 3352
3294 3353
3294 3354
3295 3296
3295 3353
3295 3354
3295 3355
3296 3297
3296 3354
3296 3355
3296 3356
3297 3298
3297 3355
3297 3356
3297 3357
3298 3356
3298 3357
3298 3358
3299 3300
3299 3358
3299 3359
3299 3360
3300 3301
3300 3359
3300 3360
3300 3361
3301 3302
3301 3360
3301 3361
3301 3362
3302 3361
3302 3362
3302 3363
3303 3304
3303 3364
3303 3365
3303 3366
3304 3365
3304 3366
3304 3367
3305 3367
3305 3368
3305 3369
3306 3307
3306 3369
3306 3370
3307 3308
3307 3370
3307 3371
3308 3309
3308 3371
3308 3372
3309 3310
3309 3371
3309 3372
3309 3373
3310 3311
3310 3372
3310 3373
3310 3374
3311 3312
3311 3373
3311 3374
3312 3313
3312 3374
3313 3314
3314 3315
3314 3375
3315 3375
3315 3376
3316 3376
3316 3377
3316 3378
3317 3318
3317 3380
3317 3381
3317 3382
3318 3319
3318 3381
3318 3382
3318 3383
3319 3320
3319 3382
3319 3383
3319 3384
3320 3383
3320 3384
3320 3385
3321 3322
3321 3386
3321 3387
3322 3386
3322 3387
3322 3388
3323 3388
3323 3389
3323 3390
3324 3325
3324 3391
3324 3392
3325 3326
3325 3391
3325 3392
3325 3393
3326 3392
3326 3393
3326 3394
3327 3328
3327 3394
3327 3395
3328 3329
3328 3395
3329 3330
3329 3395
3329 3396
3330 3331
3330 3396
3331 3332
3331 3396
3331 3397
3332 3333
3332 3397
3332 3398
3333 3334
3333 3397
3333 3398
3333 3399
3334 3335
3334 3398
3334 3399
3334 3400
3335 3336
3335 3399
3335 3400
3335 3401
3336 3337
3336 3400
3336 3401
3336 3402
3337 3338
3337 3401
3337 3402
3337 3403
3338 3339
3338 3402
3338 3403
3338 3404
3339 3340
3339 3403
3339 3404
3339 3405
3340 3341
3340 3404
3340 3405
3340 3406
3341 3405
3341 3406
3341 3407
3342 3343
3342 3407
3342 3408
3343 3344
3343 3408
3343 3409
3344 3345
3344 3408
3344 3409
3344 3410
3345 3409
3345 3410
3345 3411
3346 3347
3346 3412
3346 3413
3347 3412
3347 3413
3348 3414
3348 3415
3349 3415
3349 3416
3349 3417
3350 3351
3350 3417
3350 3418
3351 3352
3351 3418
3351 3419
3352 3353
3352 3419
3352 3420
3353 3354
3353 3419
3353 3420
3354 3355
3354 3420
3354 3421
3355 3356
3355 3421
3355 3422
3356 3357
3356 3421
3356 3422
3356 3423
3357 3358
3357 3422
3357 3423
3357 3424
3358 3359
3358 3423
3358 3424
3358 3425
3359 3360
3359 3424
3359 3425
3359 3426
3360 3361
3360 3425
3360 3426
3361 3362
3361 3426
3361 3427
3362 3363
3362 3427
3362 3428
3363 3364
3363 3427
3363 3428
3363 3429
3364 3365
3364 3428
3364 3429
3365 3366
3365 3429
3365 3430
3366 3367
3366 3430
3366 3431
3367 3368
3367 3430
3367 3431
3367 3432
3368 3369
3368 3431
3368 3432
3369 3370
3369 3432
3369 3433
3370 3433
3370 3434
3371 3372
3371 3434
3371 3435
3371 3436
3372 3373
3372 3435
3372 3436
3372 3437
3373 3374
3373 3436
3373 3437
3373 3438
3374 3437
3374 3438
3374 3439
3375 3376
3375 3441
3375 3442
3375 3443
3376 3377
3376 3442
3376 3443
3376 3444
3377 3378
3377 3443
3377 3444
3377 3445
3378 3379
3378 3444
3378 3445
3378 3446
3379 3445
3379 3446
3380 3381
3380 3447
3381 3382
3381 3447
3381 3448
3382 3383
3382 3448
3382 3449
3383 3384
3383 3448
3383 3449
3383 3450
3384 3385
3384 3449
3384 3450
3384 3451
3385 3450
3385 3451
3385 3452
3386 3387
3386 3452
3386 3453
3386 3454
3387 3388
3387 3453
3387 3454
3387 3455
3388 3389
3388 3454
3388 3455
3388 3456
3389 3390
3389 3455
3389 3456
3389 3457
3390 3456
3390 3457
3390 3458
3391 3392
3391 3458
3391 3459
3391 3460
3392 3393
3392 3459
3392 3460
3392 3461
3393 3394
3393 3460
3393 3461
3393 3462
3394 3461
3394 3462
3394 3463
3395 3463
3395 3464
3395 3465
3396 3465
3396 3466
3397 3398
3397 3467
3398 3399
3398 3467
3398 3468
3399 3400
3399 3467
3399 3468
3399 3469
3400 3401
3400 3468
3400 3469
3400 3470
3401 3402
3401 3469
3401 3470
3401 3471
3402 3403
3402 3470
3402 3471
3403 3404
3403 3471
3403 3472
3404 3405
3404 3472
3404 3473
3405 3406
3405 3472
3405 3473
3405 3474
3406 3407
3406 3473
3406 3474
3406 3475
3407 3474
3407 3475
3407 3476
3408 3409
3408 3476
3408 3477
3408 3478
3409 3410
3409 3477
3409 3478
3409 3479
3410 3411
3410 3478
3410 3479
3410 3480
3411 3479
3411 3480
3411 3481
3412 3413
3412 3481
3412 3482
3412 3483
3413 3482
3413 3483
3413 3484
3414 3415
3414 3484
3414 3485
3414 3486
3415 3416
3415 3485
3415 3486
3415 3487
3416 3417
3416 3486
3416 3487
3416 3488
3417 3418
3417 3487
3417 3488
3417 3489
3418 3488
3418 3489
3418 3490
3419 3420
3419 3490
3419 3491
3420 3491
3420 3492
3421 3422
3421 3492
3421 3493
3421 3494
3422 3423
3422 3493
3422 3494
3422 3495
3423 3424
3423 3494
3423 3495
3424 3425
3424 3495
3424 3496
3425 3426
3425 3496
3425 3497
3426 3496
3426 3497
3426 3498
3427 3428
3427 3498
3427 3499
3427 3500
3428 3429
3428 3499
3428 3500
3429 3500
3429 3501
3430 3431
3430 3501
3431 3432
3431 3502
3432 3502
3432 3503
3433 3434
3433 3503
3433 3504
3433 3505
3434 3435
3434 3504
3434 3505
3434 3506
3435 3436
3435 3505
3435 3506
3435 3507
3436 3437
3436 3506
3436 3507
3436 3508
3437 3438
3437 3507
3437 3508
3437 3509
3438 3439
3438 3508
3438 3509
3438 3510
3439 3440
3439 3509
3439 3510
3440 3441
3440 3510
3441 3442
3441 3511
3442 3443
3442 3511
3443 3444
3443 3511
3444 3445
3444 3512
3445 3446
3445 3512
3445 3513
3446 3512
3446 3513
3447 3514
3447 3515
3448 3449
3448 3515
3448 3516
3449 3450
3449 3516
3449 3517
3450 3451
3450 3516
3450 3517
3450 3518
3451 3452
3451 3517
3451 3518
3452 3453
3452 3518
3452 3519
3453 3454
3453 3519
3454 3455
3454 3519
3454 3520
3455 3456
3455 3520
3455 3521
3456 3457
3456 3520
3456 3521
3456 3522
3457 3458
3457 3521
3457 3522
3458 3459
3458 3522
3459 3460
3459 3523
3460 3461
3460 3523
3461 3462
3461 3523
3461 3524
3462 3463
3462 3524
3462 3525
3463 3464
3463 3524
3463 3525
3463 3526
3464 3465
3464 3525
3464 3526
3464 3527
3465 3466
3465 3526
3465 3527
3465 3528
3466 3527
3466 3528
3467 3468
3467 3529
3467 3530
3468 3469
3468 3530
3468 3531
3469 3470
3469 3531
3469 3532
3470 3471
3470 3531
3470 3532
3470 3533
3471 3532
3471 3533
3471 3534
3472 3473
3472 3534
3472 3535
3472 3536
3473 3474
3473 3535
3473 3536
3474 3475
3474 3536
3474 3537
3475 3476
3475 3537
3475 3538
3476 3477
3476 3537
3476 3538
3476 3539
3477 3478
3477 3538
3477 3539
3477 3540
3478 3479
3478 3539
3478 3540
3478 3541
3479 3480
3479 3540
3479 3541
3479 3542
3480 3481
3480 3541
3480 3542
3480 3543
3481 3482
3481 3542
3481 3543
3481 3544
3482 3483
3482 3543
3482 3544
3482 3545
3483 3484
3483 3544
3483 3545
3483 3546
3484 3485
3484 3545
3484 3546
3484 3547
3485 3486
3485 3546
3485 3547
3486 3487
3486 3547
3486 3548
3487 3488
3487 3548
3487 3549
3488 3489
3488 3548
3488 3549
3488 3550
3489 3490
3489 3549
3489 3550
3490 3550
3491 3492
3491 3551
3491 3552
3492 3493
3492 3551
3492 3552
3492 3553
3493 3494
3493 3552
3493 3553
3493 3554
3494 3495
3494 3553
3494 3554
3494 3555
3495 3554
3495 3555
3495 3556
3496 3497
3496 3556
3496 3557
3497 3498
3497 3557
3497 3558
3498 3499
3498 3558
3498 3559
3499 3500
3499 3558
3499 3559
3499 3560
3500 3559
3500 3560
3500 3561
3501 3561
3501 3562
3501 3563
3502 3503
3502 3564
3502 3565
3503 3504
3503 3565
3503 3566
3504 3505
3504 3565
3504 3566
3504 3567
3505 3506
3505 3566
3505 3567
3506 3507
3506 3567
3506 3568
3507 3508
3507 3568
3507 3569
3508 3509
3508 3568
3508 3569
3508 3570
3509 3510
3509 3569
3509 3570
3509 3571
3510 3570
3510 3571
3510 3572
3511 3573
3511 3574
3512 3513
3512 3575
3512 3576
3512 3577
3513 3576
3513 3577
3514 3515
3514 3578
3514 3579
3515 3578
3515 3579
3515 3580
3516 3517
3516 3580
3516 3581
3516 3582
3517 3518
3517 3581
3517 3582
3517 3583
3518 3582
3518 3583
3518 3584
3519 3584
3519 3585
3520 3521
3520 3585
3520 3586
3520 3587
3521 3522
3521 3586
3521 3587
3521 3588
3522 3587
3522 3588
3522 3589
3523 3590
3523 3591
3524 3525
3524 3591
3524 3592
3525 3526
3525 3592
3525 3593
3526 3527
3526 3592
3526 3593
3526 3594
3527 3528
3527 3593
3527 3594
3527 3595
3528 3594
3528 3595
3528 3596
3529 3530
3529 3596
3529 3597
3529 3598
3530 3597
3530 3598
3530 3599
3531 3532
3531 3599
3531 3600
3531 3601
3532 3533
3532 3600
3532 3601
3533 3534
3533 3601
3533 3602
3534 3535
3534 3602
3535 3536
3535 3602
3537 3538
3537 3603
3537 3604
3538 3539
3538 3603
3538 3604
3538 3605
3539 3540
3539 3604
3539 3605
3539 3606
3540 3541
3540 3605
3540 3606
3540 3607
3541 3542
3541 3606
3541 3607
3542 3543
3542 3607
3542 3608
3543 3544
3543 3608
3543 3609
3544 3545
3544 3608
3544 3609
3544 3610
3545 3546
3545 3609
3545 3610
3546 3547
3546 3610
3546 3611
3547 3611
3548 3549
3548 3612
3548 3613
3549 3550
3549 3612
3549 3613
3550 3613
3551 3552
3551 3614
3551 3615
3551 3616
3552 3553
3552 3615
3552 3616
3552 3617
3553 3554
3553 3616
3553 3617
3553 3618
3554 3555
3554 3617
3554 3618
3554 3619
3555 3556
3555 3618
3555 3619
3555 3620
3556 3557
3556 3619
3556 3620
3556 3621
3557 3620
3557 3621
3557 3622
3558 3559
3558 3622
3558 3623
3558 3624
3559 3560
3559 3623
3559 3624
3560 3561
3560 3624
3560 3625
3561 3562
3561 3625
3561 3626
3562 3563
3562 3625
3562 3626
3563 3564
3563 3626
3563 3627
3564 3627
3564 3628
3565 3566
3565 3628
3565 3629
3565 3630
3566 3567
3566 3629
3566 3630
3567 3630
3567 3631
3568 3569
3568 3631
3568 3632
3568 3633
3569 3570
3569 3632
3569 3633
3569 3634
3570 3571
3570 3633
3570 3634
3571 3572
3571 3634
3571 3635
3572 3635
3572 3636
3573 3574
3573 3636
3573 3637
3574 3575
3574 3637
3575 3576
3575 3638
3576 3577
3576 3638
3576 3639
3577 3638
3577 3639
3578 3579
3578 3640
3578 3641
3579 3580
3579 3640
3579 3641
3579 3642
3580 3581
3580 3641
3580 3642
3580 3643
3581 3582
3581 3642
3581 3643
3581 3644
3582 3583
3582 3643
3582 3644
3582 3645
3583 3584
3583 3644
3583 3645
3584 3645
3584 3646
3585 3586
3585 3646
3585 3647
3585 3648
3586 3587
3586 3647
3586 3648
3586 3649
3587 3588
3587 3648
3587 3649
3587 3650
3588 3589
3588 3649
3588 3650
3588 3651
3589 3590
3589 3650
3589 3651
3590 3651
3590 3652
3591 3652
3591 3653
3592 3593
3592 3654
3592 3655
3593 3594
3593 3654
3593 3655
3593 3656
3594 3595
3594 3655
3594 3656
3594 3657
3595 3596
3595 3656
3595 3657
3595 3658
3596 3597
3596 3657
3596 3658
3596 3659
3597 3598
3597 3658
3597 3659
3598 3599
3598 3659
3598 3660
3599 3600
3599 3660
3599 3661
3600 3601
3600 3660
3600 3661
3600 3662
3601 3661
3601 3662
3601 3663
3602 3663
3602 3664
3602 3665
3603 3604
3603 3667
3603 3668
3603 3669
3604 3605
3604 3668
3604 3669
3604 3670
3605 3606
3605 3669
3605 3670
3605 3671
3606 3607
3606 3670
3606 3671
3607 3671
3607 3672
3608 3609
3608 3672
3608 3673
3608 3674
3609 3610
3609 3673
3609 3674
3610 3674
3610 3675
3611 3675
3611 3676
3611 3677
3612 3613
3612 3677
3612 3678
3612 3679
3613 3678
3613 3679
3613 3680
3614 3615
3614 3681
3614 3682
3614 3683
3615 3616
3615 3682
3615 3683
3615 3684
3616 3617
3616 3683
3616 3684
3616 3685
3617 3618
3617 3684
3617 3685
3617 3686
3618 3619
3618 3685
3618 3686
3618 3687
3619 3620
3619 3686
3619 3687
3619 3688
3620 3621
3620 3687
3620 3688
3620 3689
3621 3622
3621 3688
3621 3689
3621 3690
3622 3623
3622 3689
3622 3690
3623 3624
3623 3690
3624 3691
3625 3626
3625 3691
3625 3692
3625 3693
3626 3692
3626 3693
3626 3694
3627 3628
3627 3694
3627 3695
3627 3696
3628 3629
3628 3695
3628 3696
3628 3697
3629 3630
3629 3696
3629 3697
3629 3698
3630 3697
3630 3698
3631 3632
3631 3699
3632 3633
3632 3699
3633 3634
3633 3699
3633 3700
3634 3700
3635 3636
3635 3701
3635 3702
3636 3637
3636 3701
3636 3702
3636 3703
3637 3702
3637 3703
3637 3704
3638 3639
3638 3705
3638 3706
3638 3707
3639 3706
3639 3707
3640 3641
3640 3708
3640 3709
3641 3642
3641 3708
3641 3709
3641 3710
3642 3643
3642 3709
3642 3710
3642 3711
3643 3644
3643 3710
3643 3711
3643 3712
3644 3645
3644 3711
3644 3712
3644 3713
3645 3712
3645 3713
3645 3714
3646 3647
3646 3714
3646 3715
3647 3648
3647 3715
3647 3716
3648 3649
3648 3715
3648 3716
3648 3717
3649 3650
3649 3716
3649 3717
3649 3718
3650 3651
3650 3717
3650 3718
3650 3719
3651 3718
3651 3719
3651 3720
3652 3653
3652 3720
3652 3721
3652 3722
3653 3721
3653 3722
3654 3655
3654 3723
3655 3656
3655 3723
3655 3724
3656 3657
3656 3723
3656 3724
3656 3725
3657 3658
3657 3724
3657 3725
3657 3726
3658 3659
3658 3725
3658 3726
3658 3727
3659 3726
3659 3727
3659 3728
3660 3661
3660 3728
3660 3729
3660 3730
3661 3662
3661 3729
3661 3730
3661 3731
3662 3663
3662 3730
3662 3731
3663 3664
3663 3731
3663 3732
3664 3665
3664 3732
3664 3733
3665 3666
3665 3732
3665 3733
3666 3667
3666 3733
3667 3668
3667 3734
3668 3669
3668 3734
3669 3670
3669 3734
3669 3735
3670 3671
3670 3735
3670 3736
3671 3735
3671 3736
3671 3737
3672 3673
3672 3737
3672 3738
3672 3739
3673 3674
3673 3738
3673 3739
3674 3739
3674 3740
3675 3676
3675 3740
3675 3741
3675 3742
3676 3677
3676 3741
3676 3742
3676 3743
3677 3678
3677 3742
3677 3743
3678 3679
3678 3743
3679 3680
3680 3681
3681 3682
3681 3744
3682 3683
3682 3744
3682 3745
3683 3684
3683 3744
3683 3745
3683 3746
3684 3685
3684 3745
3684 3746
3684 3747
3685 3686
3685 3746
3685 3747
3685 3748
3686 3687
3686 3747
3686 3748
3686 3749
3687 3688
3687 3748
3687 3749
3688 3689
3688 3749
3688 3750
3689 3690
3689 3750
3689 3751
3690 3750
3690 3751
3690 3752
3691 3692
3691 3753
3692 3693
3692 3754
3693 3694
3693 3754
3693 3755
3694 3695
3694 3754
3694 3755
3694 3756
3695 3696
3695 3755
3695 3756
3695 3757
3696 3697
3696 3756
3696 3757
3696 3758
3697 3698
3697 3757
3697 3758
3697 3759
3698 3758
3698 3759
3698 3760
3699 3761
3699 3762
3700 3762
3700 3763
3700 3764
3701 3702
3701 3764
3701 3765
3702 3703
3702 3765
3703 3704
3703 3766
3704 3705
3704 3766
3705 3706
3705 3766
3705 3767
3706 3707
3706 3767
3706 3768
3707 3767
3707 3768
3708 3709
3708 3769
3708 3770
3709 3710
3709 3769
3709 3770
3709 3771
3710 3711
3710 3770
3710 3771
3710 3772
3711 3712
3711 3771
3711 3772
3711 3773
3712 3713
3712 3772
3712 3773
3712 3774
3713 3714
3713 3773
3713 3774
3713 3775
3714 3774
3714 3775
3714 3776
3715 3716
3715 3776
3715 3777
3715 3778
3716 3717
3716 3777
3716 3778
3717 3718
3717 3778
3717 3779
3718 3719
3718 3779
3718 3780
3719 3720
3719 3779
3719 3780
3719 3781
3720 3721
3720 3780
3720 3781
3720 3782
3721 3722
3721 3781
3721 3782
3722 3782
3722 3783
3723 3724
3723 3784
3723 3785
3723 3786
3724 3725
3724 3785
3724 3786
3724 3787
3725 3726
3725 3786
3725 3787
3725 3788
3726 3727
3726 3787
3726 3788
3726 3789
3727 3728
3727 3788
3727 3789
3728 3729
3728 3789
3728 3790
3729 3730
3729 3790
3729 3791
3730 3731
3730 3790
3730 3791
3730 3792
3731 3791
3731 3792
3731 3793
3732 3733
3732 3793
3732 3794
3733 3794
3733 3795
3734 3796
3734 3797
3734 3798
3735 3736
3735 3798
3735 3799
3735 3800
3736 3737
3736 3799
3736 3800
3736 3801
3737 3738
3737 3800
3737 3801
3738 3739
3738 3801
3738 3802
3739 3802
3739 3803
3740 3741
3740 3803
3740 3804
3740 3805
3741 3742
3741 3804
3741 3805
3741 3806
3742 3743
3742 3805
3742 3806
3742 3807
3743 3806
3743 3807
3743 3808
3744 3745
3744 3811
3744 3812
3745 3746
3745 3811
3745 3812
3745 3813
3746 3747
3746 3812
3746 3813
3746 3814
3747 3748
3747 3813
3747 3814
3747 3815
3748 3749
3748 3814
3748 3815
3748 3816
3749 3815
3749 3816
3750 3751
3750 3817
3751 3752
3751 3817
3752 3753
3752 3818
3753 3818
3753 3819
3754 3755
3754 3820
3754 3821
3754 3822
3755 3756
3755 3821
3755 3822
3755 3823
3756 3757
3756 3822
3756 3823
3757 3758
3757 3823
3757 3824
3758 3759
3758 3824
3758 3825
3759 3760
3759 3824
3759 3825
3759 3826
3760 3761
3760 3825
3760 3826
3760 3827
3761 3826
3761 3827
3761 3828
3762 3763
3762 3828
3762 3829
3762 3830
3763 3764
3763 3829
3763 3830
3764 3765
3764 3830
3764 3831
3765 3831
3765 3832
3766 3833
3766 3834
3767 3768
3767 3835
3768 3835
3769 3770
3769 3836
3769 3837
3770 3771
3770 3836
3770 3837
3770 3838
3771 3772
3771 3837
3771 3838
3772 3773
3772 3838
3772 3839
3773 3774
3773 3839
3774 3775
3774 3839
3774 3840
3775 3776
3775 3840
3775 3841
3776 3777
3776 3840
3776 3841
3776 3842
3777 3778
3777 3841
3777 3842
3777 3843
3778 3842
3778 3843
3778 3844
3779 3780
3779 3844
3779 3845
3780 3781
3780 3845
3780 3846
3781 3782
3781 3846
3781 3847
3782 3846
3782 3847
3782 3848
3783 3784
3783 3848
3783 3849
3783 3850
3784 3785
3784 3849
3784 3850
3784 3851
3785 3786
3785 3850
3785 3851
3785 3852
3786 3787
3786 3851
3786 3852
3786 3853
3787 3788
3787 3852
3787 3853
3787 3854
3788 3789
3788 3853
3788 3854
3788 3855
3789 3854
3789 3855
3789 3856
3790 3791
3790 3856
3790 3857
3790 3858
3791 3792
3791 3857
3791 3858
3791 3859
3792 3793
3792 3858
3792 3859
3792 3860
3793 3859
3793 3860
3793 3861
3794 3795
3794 3861
3794 3862
3794 3863
3795 3796
3795 3862
3795 3863
3795 3864
3796 3797
3796 3863
3796 3864
3796 3865
3797 3798
3797 3864
3797 3865
3797 3866
3798 3799
3798 3865
3798 3866
3799 3800
3799 3866
3800 3801
3801 3867
3802 3803
3802 3867
3802 3868
3802 3869
3803 3804
3803 3868
3803 3869
3803 3870
3804 3805
3804 3869
3804 3870
3804 3871
3805 3806
3805 3870
3805 3871
3805 3872
3806 3807
3806 3871
3806 3872
3806 3873
3807 3808
3807 3872
3807 3873
3807 3874
3808 3809
3808 3873
3808 3874
3809 3810
3809 3874
3809 3875
3810 3875
3810 3876
3811 3812
3811 3876
3811 3877
3811 3878
3812 3813
3812 3877
3812 3878
3813 3814
3813 3878
3813 3879
3814 3815
3814 3879
3814 3880
3815 3816
3815 3879
3815 3880
3815 3881
3816 3880
3816 3881
3816 3882
3817 3882
3817 3883
3818 3819
3818 3884
3818 3885
3819 3820
3819 3885
3820 3821
3820 3886
3821 3822
3821 3886
3821 3887
3822 3823
3822 3886
3822 3887
3823 3887
3823 3888
3824 3825
3824 3888
3824 3889
3824 3890
3825 3826
3825 3889
3825 3890
3825 3891
3826 3827
3826 3890
3826 3891
3826 3892
3827 3828
3827 3891
3827 3892
3828 3829
3828 3892
3829 3830
3829 3893
3830 3893
3830 3894
3831 3832
3831 3894
3831 3895
3831 3896
3832 3833
3832 3895
3832 3896
3832 3897
3833 3834
3833 3896
3833 3897
3833 3898
3834 3897
3834 3898
3834 3899
3835 3900
3835 3901
3836 3837
3836 3902
3836 3903
3837 3838
3837 3902
3837 3903
3837 3904
3838 3903
3838 3904
3838 3905
3839 3905
3839 3906
3840 3841
3840 3906
3840 3907
3840 3908
3841 3842
3841 3907
3841 3908
3841 3909
3842 3843
3842 3908
3842 3909
3842 3910
3843 3844
3843 3909
3843 3910
3843 3911
3844 3845
3844 3910
3844 3911
3845 3911
3846 3847
3846 3912
3846 3913
3847 3848
3847 3912
3847 3913
3847 3914
3848 3849
3848 3913
3848 3914
3849 3850
3849 3914
3849 3915
3850 3851
3850 3915
3850 3916
3851 3852
3851 3915
3851 3916
3851 3917
3852 3853
3852 3916
3852 3917
3853 3854
3853 3917
3853 3918
3854 3855
3854 3918
3854 3919
3855 3856
3855 3918
3855 3919
3855 3920
3856 3857
3856 3919
3856 3920
3856 3921
3857 3858
3857 3920
3857 3921
3857 3922
3858 3859
3858 3921
3858 3922
3858 3923
3859 3860
3859 3922
3859 3923
3860 3861
3860 3923
3860 3924
3861 3862
3861 3924
3861 3925
3862 3863
3862 3924
3862 3925
3862 3926
3863 3864
3863 3925
3863 3926
3864 3865
3864 3926
3864 3927
3865 3866
3865 3927
3866 3927
3866 3928
3867 3868
3867 3930
3867 3931
3867 3932
3868 3869
3868 3931
3868 3932
3868 3933
3869 3870
3869 3932
3869 3933
3869 3934
3870 3871
3870 3933
3870 3934
3870 3935
3871 3872
3871 3934
3871 3935
3871 3936
3872 3873
3872 3935
3872 3936
3872 3937
3873 3874
3873 3936
3873 3937
3873 3938
3874 3937
3874 3938
3874 3939
3875 3876
3875 3939
3875 3940
3875 3941
3876 3877
3876 3940
3876 3941
3877 3878
3877 3941
3877 3942
3878 3942
3878 3943
3879 3880
3879 3943
3879 3944
3879 3945
3880 3881
3880 3944
3880 3945
3880 3946
3881 3882
3881 3945
3881 3946
3882 3883
3882 3946
3882 3947
3883 3947
3883 3948
3884 3885
3884 3948
3884 3949
3885 3949
3885 3950
3886 3887
3886 3951
3886 3952
3886 3953
3887 3952
3887 3953
3887 3954
3888 3889
3888 3954
3888 3955
3888 3956
3889 3890
3889 3955
3889 3956
3889 3957
3890 3891
3890 3956
3890 3957
3891 3892
3891 3957
3891 3958
3892 3958
3892 3959
3893 3894
3893 3960
3893 3961
3893 3962
3894 3895
3894 3961
3894 3962
3894 3963
3895 3896
3895 3962
3895 3963
3895 3964
3896 3897
3896 3963
3896 3964
3897 3898
3897 3964
3897 3965
3898 3899
3898 3965
3898 3966
3899 3900
3899 3965
3899 3966
3900 3901
3900 3966
3900 3967
3901 3967
3902 3903
3902 3968
3902 3969
3903 3904
3903 3968
3903 3969
3903 3970
3904 3905
3904 3969
3904 3970
3904 3971
3905 3970
3905 3971
3905 3972
3906 3907
3906 3972
3906 3973
3906 3974
3907 3908
3907 3973
3907 3974
3907 3975
3908 3909
3908 3974
3908 3975
3908 3976
3909 3910
3909 3975
3909 3976
3909 3977
3910 3911
3910 3976
3910 3977
3911 3977
3912 3913
3912 3978
3912 3979
3912 3980
3913 3914
3913 3979
3913 3980
3913 3981
3914 3980
3914 3981
3914 3982
3915 3916
3915 3982
3915 3983
3915 3984
3916 3917
3916 3983
3916 3984
3917 3984
3917 3985
3918 3919
3918 3985
3918 3986
3918 3987
3919 3920
3919 3986
3919 3987
3919 3988
3920 3921
3920 3987
3920 3988
3920 3989
3921 3922
3921 3988
3921 3989
3921 3990
3922 3923
3922 3989
3922 3990
3923 3990
3923 3991
3924 3925
3924 3991
3924 3992
3925 3926
3925 3992
3925 3993
3926 3992
3926 3993
3926 3994
3927 3994
3927 3995
3928 3929
3928 3996
3929 3930
3929 3996
3929 3997
3930 3931
3930 3996
3930 3997
3930 3998
3931 3932
3931 3997
3931 3998
3931 3999
3932 3933
3932 3998
3932 3999
3933 3934
3933 3999
3933 4000
3934 3935
3934 4000
3934 4001
3935 3936
3935 4000
3935 4001
3936 3937
3936 4001
3936 4002
3937 3938
3937 4002
3937 4003
3938 3939
3938 4002
3938 4003
3938 4004
3939 3940
3939 4003
3939 4004
3939 4005
3940 3941
3940 4004
3940 4005
3940 4006
3941 4005
3941 4006
3942 3943
3942 4007
3943 3944
3943 4007
3943 4008
3944 3945
3944 4007
3944 4008
3944 4009
3945 3946
3945 4008
3945 4009
3945 4010
3946 4009
3946 4010
3946 4011
3947 3948
3947 4011
3947 4012
3947 4013
3948 3949
3948 4012
3948 4013
3948 4014
3949 4013
3949 4014
3950 3951
3950 4015
3951 3952
3951 4015
3951 4016
3952 3953
3952 4016
3952 4017
3953 3954
3953 4016
3953 4017
3953 4018
3954 3955
3954 4017
3954 4018
3954 4019
3955 3956
3955 4018
3955 4019
3955 4020
3956 3957
3956 4019
3956 4020
3956 4021
3957 4020
3957 4021
3957 4022
3958 3959
3958 4022
3958 4023
3958 4024
3959 3960
3959 4023
3959 4024
3959 4025
3960 3961
3960 4024
3960 4025
3960 4026
3961 3962
3961 4025
3961 4026
3962 3963
3962 4026
3962 4027
3963 3964
3963 4027
3963 4028
3964 4027
3964 4028
3964 4029
3965 3966
3965 4029
3965 4030
3965 4031
3966 4030
3966 4031
3966 4032
3967 4032
3967 4033
3968 3969
3968 4034
3969 3970
3969 4034
3969 4035
3970 3971
3970 4034
3970 4035
3971 3972
3971 4035
3971 4036
3972 3973
3972 4036
3972 4037
3973 3974
3973 4036
3973 4037
3973 4038
3974 3975
3974 4037
3974 4038
3975 3976
3975 4038
3975 4039
3976 3977
3976 4039
3976 4040
3977 4039
3977 4040
3978 3979
3978 4041
3978 4042
3979 3980
3979 4041
3979 4042
3980 3981
3980 4042
3980 4043
3981 3982
3981 4043
3981 4044
3982 3983
3982 4043
3982 4044
3982 4045
3983 3984
3983 4044
3983 4045
3983 4046
3984 4045
3984 4046
3984 4047
3985 3986
3985 4047
3985 4048
3986 3987
3986 4048
3986 4049
3987 3988
3987 4049
3987 4050
3988 3989
3988 4049
3988 4050
3988 4051
3989 3990
3989 4050
3989 4051
3989 4052
3990 4051
3990 4052
3990 4053
3991 4053
3991 4054
3992 3993
3992 4055
3993 3994
3993 4055
3993 4056
3994 3995
3994 4055
3994 4056
3994 4057
3995 4056
3995 4057
3995 4058
3996 3997
3996 4059
3996 4060
3996 4061
3997 3998
3997 4060
3997 4061
3997 4062
3998 3999
3998 4061
3998 4062
3999 4062
3999 4063
4000 4001
4000 4063
4000 4064
4000 4065
4001 4064
4001 4065
4002 4003
4002 4066
4003 4004
4003 4066
4004 4005
4005 4006
4005 4067
4006 4067
4007 4008
4007 4068
4007 4069
4007 4070
4008 4009
4008 4069
4008 4070
4008 4071
4009 4010
4009 4070
4009 4071
4009 4072
4010 4011
4010 4071
4010 4072
4010 4073
4011 4012
4011 4072
4011 4073
4011 4074
4012 4013
4012 4073
4012 4074
4013 4014
4013 4074
4014 4075
4015 4075
4015 4076
4015 4077
4016 4017
4016 4077
4016 4078
4016 4079
4017 4018
4017 4078
4017 4079
4017 4080
4018 4019
4018 4079
4018 4080
4019 4020
4019 4080
4019 4081
4020 4021
4020 4081
4020 4082
4021 4022
4021 4081
4021 4082
4021 4083
4022 4023
4022 4082
4022 4083
4022 4084
4023 4024
4023 4083
4023 4084
4023 4085
4024 4025
4024 4084
4024 4085
4024 4086
4025 4026
4025 4085
4025 4086
4026 4086
4027 4028
4027 4087
4027 4088
4028 4029
4028 4087
4028 4088
4028 4089
4029 4030
4029 4088
4029 4089
4029 4090
4030 4031
4030 4089
4030 4090
4030 4091
4031 4032
4031 4090
4031 4091
4031 4092
4032 4033
4032 4091
4032 4092
4032 4093
4033 4092
4033 4093
4034 4035
4034 4094
4034 4095
4035 4095
4035 4096
4036 4037
4036 4096
4036 4097
4036 4098
4037 4038
4037 4097
4037 4098
4037 4099
4038 4098
4038 4099
4038 4100
4039 4040
4039 4100
4039 4101
4039 4102
4040 4101
4040 4102
4040 4103
4041 4042
4041 4104
4041 4105
4042 4105
4042 4106
4043 4044
4043 4106
4043 4107
4043 4108
4044 4045
4044 4107
4044 4108
4045 4046
4045 4108
4045 4109
4046 4047
4046 4109
4046 4110
4047 4048
4047 4109
4047 4110
4048 4110
4048 4111
4049 4050
4049 4111
4049 4112
4049 4113
4050 4051
4050 4112
4050 4113
4050 4114
4051 4052
4051 4113
4051 4114
4051 4115
4052 4053
4052 4114
4052 4115
4052 4116
4053 4054
4053 4115
4053 4116
4054 4116
4054 4117
4055 4056
4055 4118
4056 4057
4056 4118
4056 4119
4057 4058
4057 4119
4057 4120
4058 4059
4058 4119
4058 4120
4058 4121
4059 4060
4059 4120
4059 4121
4059 4122
4060 4061
4060 4121
4060 4122
4060 4123
4061 4062
4061 4122
4061 4123
4061 4124
4062 4123
4062 4124
4062 4125
4063 4064
4063 4125
4063 4126
4063 4127
4064 4065
4064 4126
4064 4127
4065 4127
4065 4128
4066 4128
4066 4129
4066 4130
4067 4132
4067 4133
4068 4069
4068 4134
4068 4135
4069 4070
4069 4134
4069 4135
4069 4136
4070 4071
4070 4135
4070 4136
4070 4137
4071 4072
4071 4136
4071 4137
4071 4138
4072 4073
4072 4137
4072 4138
4072 4139
4073 4074
4073 4138
4073 4139
4073 4140
4074 4139
4074 4140
4075 4076
4075 4141
4075 4142
4075 4143
4076 4077
4076 4142
4076 4143
4077 4078
4077 4143
4077 4144
4078 4079
4078 4144
4078 4145
4079 4080
4079 4144
4079 4145
4079 4146
4080 4145
4080 4146
4080 4147
4081 4082
4081 4147
4081 4148
4081 4149
4082 4083
4082 4148
4082 4149
4083 4084
4083 4149
4083 4150
4084 4085
4084 4150
4084 4151
4085 4086
4085 4150
4085 4151
4085 4152
4086 4151
4086 4152
4086 4153
4087 4088
4087 4154
4087 4155
4088 4089
4088 4155
4088 4156
4089 4090
4089 4156
4089 4157
4090 4091
4090 4156
4090 4157
4090 4158
4091 4092
4091 4157
4091 4158
4092 4093
4092 4158
4092 4159
4093 4159
4095 4096
4095 4160
4095 4161
4096 4097
4096 4160
4096 4161
4096 4162
4097 4098
4097 4161
4097 4162
4098 4099
4098 4162
4098 4163
4099 4100
4099 4163
4099 4164
4100 4101
4100 4163
4100 4164
4100 4165
4101 4102
4101 4164
4101 4165
4101 4166
4102 4103
4102 4165
4102 4166
4102 4167
4103 4104
4103 4166
4103 4167
4103 4168
4104 4105
4104 4167
4104 4168
4104 4169
4105 4168
4105 4169
4105 4170
4106 4107
4106 4170
4106 4171
4106 4172
4107 4108
4107 4171
4107 4172
4107 4173
4108 4172
4108 4173
4108 4174
4109 4110
4109 4174
4109 4175
4109 4176
4110 4175
4110 4176
4111 4112
4111 4177
4112 4113
4112 4177
4112 4178
4113 4114
4113 4178
4113 4179
4114 4115
4114 4178
4114 4179
4114 4180
4115 4116
4115 4179
4115 4180
4116 4180
4116 4181
4117 4181
4117 4182
4117 4183
4118 4183
4119 4120
4119 4184
4119 4185
4120 4121
4120 4184
4120 4185
4120 4186
4121 4122
4121 4185
4121 4186
4122 4123
4122 4186
4122 4187
4123 4124
4123 4187
4124 4125
4124 4187
4124 4188
4125 4126
4125 4188
4125 4189
4126 4127
4126 4188
4126 4189
4126 4190
4127 4189
4127 4190
4128 4129
4128 4191
4129 4130
4129 4191
4129 4192
4130 4131
4130 4192
4130 4193
4131 4132
4131 4192
4131 4193
4131 4194
4132 4133
4132 4193
4132 4194
4132 4195
4133 4194
4133 4195
4133 4196
4134 4135
4134 4196
4134 4197
4135 4136
4135 4197
4136 4137
4136 4197
4136 4198
4137 4138
4137 4198
4137 4199
4138 4139
4138 4198
4138 4199
4138 4200
4139 4140
4139 4199
4139 4200
4139 4201
4140 4200
4140 4201
4140 4202
4141 4142
4141 4202
4141 4203
4141 4204
4142 4143
4142 4203
4142 4204
4142 4205
4143 4204
4143 4205
4143 4206
4144 4145
4144 4206
4144 4207
4145 4146
4145 4207
4145 4208
4146 4147
4146 4207
4146 4208
4146 4209
4147 4148
4147 4208
4147 4209
4147 4210
4148 4149
4148 4209
4148 4210
4149 4210
4149 4211
4150 4151
4150 4211
4150 4212
4151 4152
4151 4212
4151 4213
4152 4153
4152 4212
4152 4213
4153 4154
4153 4213
4153 4214
4154 4155
4154 4214
4155 4214
4155 4215
4156 4157
4156 4215
4156 4216
4156 4217
4157 4158
4157 4216
4157 4217
4158 4217
4158 4218
4159 4218
4160 4161
4160 4220
4160 4221
4160 4222
4161 4162
4161 4221
4161 4222
4161 4223
4162 4222
4162 4223
4162 4224
4163 4164
4163 4224
4163 4225
4163 4226
4164 4165
4164 4225
4164 4226
4165 4166
4165 4226
4165 4227
4166 4167
4166 4227
4166 4228
4167 4168
4167 4227
4167 4228
4167 4229
4168 4169
4168 4228
4168 4229
4168 4230
4169 4170
4169 4229
4169 4230
4169 4231
4170 4171
4170 4230
4170 4231
4170 4232
4171 4172
4171 4231
4171 4232
4171 4233
4172 4173
4172 4232
4172 4233
4173 4174
4173 4233
4173 4234
4174 4175
4174 4234
4174 4235
4175 4176
4175 4234
4175 4235
4175 4236
4176 4235
4176 4236
4177 4237
4178 4179
4178 4238
4178 4239
4179 4180
4179 4238
4179 4239
4179 4240
4180 4239
4180 4240
4180 4241
4181 4182
4181 4241
4181 4242
4181 4243
4182 4183
4182 4242
4182 4243
4182 4244
4183 4243
4183 4244
4183 4245
4184 4185
4184 4246
4184 4247
4184 4248
4185 4186
4185 4247
4185 4248
4186 4248
4186 4249
4187 4249
4187 4250
4188 4189
4188 4251
4189 4190
4189 4251
4190 4252
4191 4252
4191 4253
4191 4254
4192 4193
4192 4254
4192 4255
4193 4194
4193 4255
4193 4256
4194 4195
4194 4256
4194 4257
4195 4196
4195 4256
4195 4257
4195 4258
4196 4257
4196 4258
4196 4259
4197 4259
4197 4260
4198 4199
4198 4261
4198 4262
4199 4200
4199 4261
4199 4262
4199 4263
4200 4201
4200 4262
4200 4263
4200 4264
4201 4202
4201 4263
4201 4264
4201 4265
4202 4203
4202 4264
4202 4265
4202 4266
4203 4204
4203 4265
4203 4266
4203 4267
4204 4205
4204 4266
4204 4267
4204 4268
4205 4206
4205 4267
4205 4268
4205 4269
4206 4268
4206 4269
4206 4270
4207 4208
4207 4270
4207 4271
4207 4272
4208 4209
4208 4271
4208 4272
4208 4273
4209 4210
4209 4272
4209 4273
4209 4274
4210 4273
4210 4274
4210 4275
4211 4275
4211 4276
4211 4277
4212 4213
4212 4277
4212 4278
4212 4279
4213 4278
4213 4279
4213 4280
4214 4280
4214 4281
4214 4282
4215 4216
4215 4282
4215 4283
4216 4217
4216 4283
4216 4284
4217 4284
4217 4285
4218 4285
4218 4286
4218 4287
4219 4220
4219 4288
4219 4289
4220 4221
4220 4288
4220 4289
4220 4290
4221 4222
4221 4289
4221 4290
4221 4291
4222 4223
4222 4290
4222 4291
4222 4292
4223 4224
4223 4291
4223 4292
4224 4225
4224 4292
4225 4226
4225 4293
4226 4293
4226 4294
4227 4228
4227 4294
4227 4295
4228 4229
4228 4295
4228 4296
4229 4230
4229 4296
4229 4297
4230 4231
4230 4296
4230 4297
4230 4298
4231 4232
4231 4297
4231 4298
4231 4299
4232 4233
4232 4298
4232 4299
4233 4299
4233 4300
4234 4235
4234 4300
4234 4301
4234 4302
4235 4236
4235 4301
4235 4302
4235 4303
4236 4302
4236 4303
4236 4304
4237 4304
4237 4305
4237 4306
4238 4239
4238 4306
4238 4307
4239 4240
4239 4307
4239 4308
4240 4241
4240 4308
4240 4309
4241 4242
4241 4308
4241 4309
4241 4310
4242 4243
4242 4309
4242 4310
4242 4311
4243 4244
4243 4310
4243 4311
4243 4312
4244 4245
4244 4311
4244 4312
4244 4313
4245 4246
4245 4312
4245 4313
4245 4314
4246 4247
4246 4313
4246 4314
4246 4315
4247 4248
4247 4314
4247 4315
4248 4315
4248 4316
4249 4250
4249 4316
4249 4317
4249 4318
4250 4317
4250 4318
4250 4319
4251 4319
4251 4320
4251 4321
4252 4253
4252 4322
4252 4323
4253 4254
4253 4322
4253 4323
4254 4255
4254 4323
4254 4324
4255 4324
4255 4325
4256 4257
4256 4325
4256 4326
4256 4327
4257 4258
4257 4326
4257 4327
4257 4328
4258 4259
4258 4327
4258 4328
4259 4260
4259 4328
4259 4329
4260 4329
4261 4262
4261 4330
4262 4263
4262 4330
4262 4331
4263 4264
4263 4330
4263 4331
4263 4332
4264 4265
4264 4331
4264 4332
4264 4333
4265 4266
4265 4332
4265 4333
4266 4267
4266 4333
4266 4334
4267 4268
4267 4334
4267 4335
4268 4269
4268 4334
4268 4335
4268 4336
4269 4270
4269 4335
4269 4336
4269 4337
4270 4271
4270 4336
4270 4337
4270 4338
4271 4272
4271 4337
4271 4338
4272 4273
4272 4338
4272 4339
4273 4274
4273 4339
4273 4340
4274 4275
4274 4339
4274 4340
4274 4341
4275 4276
4275 4340
4275 4341
4275 4342
4276 4277
4276 4341
4276 4342
4276 4343
4277 4278
4277 4342
4277 4343
4277 4344
4278 4279
4278 4343
4278 4344
4278 4345
4279 4280
4279 4344
4279 4345
4279 4346
4280 4281
4280 4345
4280 4346
4280 4347
4281 4282
4281 4346
4281 4347
4281 4348
4282 4283
4282 4347
4282 4348
4282 4349
4283 4348
4283 4349
4283 4350
4284 4285
4284 4350
4284 4351
4285 4286
4285 4351
4285 4352
4286 4287
4286 4352
4286 4353
4287 4352
4287 4353
4288 4289
4288 4354
4288 4355
4289 4290
4289 4354
4289 4355
4289 4356
4290 4291
4290 4355
4290 4356
4290 4357
4291 4292
4291 4356
4291 4357
4291 4358
4292 4357
4292 4358
4293 4294
4293 4359
4293 4360
4294 4295
4294 4360
4294 4361
4295 4360
4295 4361
4295 4362
4296 4297
4296 4362
4296 4363
4296 4364
4297 4298
4297 4363
4297 4364
4297 4365
4298 4299
4298 4364
4298 4365
4298 4366
4299 4365
4299 4366
4299 4367
4300 4301
4300 4367
4300 4368
4300 4369
4301 4302
4301 4368
4301 4369
4302 4303
4302 4369
4303 4304
4303 4370
4304 4305
4304 4370
4304 4371
4305 4306
4305 4370
4305 4371
4306 4307
4306 4371
4306 4372
4307 4372
4308 4309
4308 4373
4308 4374
4309 4310
4309 4373
4309 4374
4310 4311
4310 4374
4310 4375
4311 4312
4311 4375
4311 4376
4312 4313
4312 4375
4312 4376
4312 4377
4313 4314
4313 4376
4313 4377
4313 4378
4314 4315
4314 4377
4314 4378
4314 4379
4315 4378
4315 4379
4315 4380
4316 4317
4316 4380
4316 4381
4316 4382
4317 4318
4317 4381
4317 4382
4318 4319
4318 4382
4318 4383
4319 4320
4319 4383
4319 4384
4320 4321
4320 4383
4320 4384
4320 4385
4321 4384
4321 4385
4321 4386
4322 4323
4322 4386
4322 4387
4322 4388
4323 4387
4323 4388
4323 4389
4324 4325
4324 4389
4324 4390
4325 4326
4325 4390
4325 4391
4326 4327
4326 4390
4326 4391
4326 4392
4327 4328
4327 4391
4327 4392
4327 4393
4328 4392
4328 4393
4329 4394
4330 4331
4330 4395
4330 4396
4330 4397
4331 4332
4331 4396
4331 4397
4332 4333
4332 4397
4333 4398
4334 4335
4334 4398
4335 4336
4335 4399
4336 4337
4336 4399
4337 4338
4337 4399
4338 4400
4339 4340
4339 4400
4339 4401
4339 4402
4340 4341
4340 4401
4340 4402
4340 4403
4341 4342
4341 4402
4341 4403
4341 4404
4342 4343
4342 4403
4342 4404
4342 4405
4343 4344
4343 4404
4343 4405
4343 4406
4344 4345
4344 4405
4344 4406
4344 4407
4345 4346
4345 4406
4345 4407
4346 4347
4346 4407
4346 4408
4347 4348
4347 4408
4348 4349
4348 4408
4348 4409
4349 4350
4349 4409
4349 4410
4350 4351
4350 4409
4350 4410
4350 4411
4351 4410
4351 4411
4351 4412
4352 4353
4352 4412
4352 4413
4352 4414
4353 4413
4353 4414
4354 4355
4354 4415
4354 4416
4355 4356
4355 4415
4355 4416
4355 4417
4356 4357
4356 4416
4356 4417
4356 4418
4357 4358
4357 4417
4357 4418
4357 4419
4358 4418
4358 4419
4358 4420
4359 4420
4359 4421
4359 4422
4360 4361
4360 4422
4360 4423
4361 4362
4361 4423
4361 4424
4362 4363
4362 4424
4362 4425
4363 4364
4363 4424
4363 4425
4364 4365
4364 4425
4365 4366
4365 4426
4366 4367
4366 4426
4366 4427
4367 4368
4367 4426
4367 4427
4368 4369
4368 4427
4368 4428
4369 4428
4370 4371
4370 4429
4370 4430
4371 4429
4371 4430
4371 4431
4372 4431
4372 4432
4372 4433
4373 4374
4373 4433
4373 4434
4373 4435
4374 4434
4374 4435
4374 4436
4375 4376
4375 4436
4375 4437
4376 4377
4376 4437
4377 4378
4378 4379
4378 4438
4379 4380
4379 4438
4379 4439
4380 4381
4380 4438
4380 4439
4380 4440
4381 4382
4381 4439
4381 4440
4381 4441
4382 4440
4382 4441
4382 4442
4383 4384
4383 4442
4383 4443
4384 4385
4384 4443
4384 4444
4385 4386
4385 4444
4385 4445
4386 4387
4386 4444
4386 4445
4387 4388
4387 4445
4388 4389
4389 4446
4390 4391
4390 4446
4390 4447
4391 4392
4391 4447
4391 4448
4392 4393
4392 4447
4392 4448
4393 4448
4393 4449
4394 4449
4394 4450
4395 4396
4395 4451
4395 4452
4396 4397
4396 4451
4396 4452
4396 4453
4397 4452
4397 4453
4397 4454
4398 4455
4398 4456
4398 4457
4399 4458
4399 4459
4399 4460
4400 4401
4400 4461
4400 4462
4400 4463
4401 4402
4401 4462
4401 4463
4401 4464
4402 4403
4402 4463
4402 4464
4402 4465
4403 4404
4403 4464
4403 4465
4404 4405
4404 4465
4404 4466
4405 4406
4405 4466
4405 4467
4406 4407
4406 4466
4406 4467
4407 4467
4407 4468
4408 4468
4408 4469
4408 4470
4409 4410
4409 4470
4409 4471
4409 4472
4410 4411
4410 4471
4410 4472
4410 4473
4411 4412
4411 4472
4411 4473
4411 4474
4412 4413
4412 4473
4412 4474
4412 4475
4413 4414
4413 4474
4413 4475
4413 4476
4414 4475
4414 4476
4415 4416
4416 4417
4417 4418
4418 4419
4418 4477
4419 4420
4419 4477
4419 4478
4420 4421
4420 4477
4420 4478
4420 4479
4421 4422
4421 4478
4421 4479
4421 4480
4422 4423
4422 4479
4422 4480
4422 4481
4423 4480
4423 4481
4424 4425
4424 4482
4425 4482
4425 4483
4426 4427
4426 4484
4426 4485
4426 4486
4427 4485
4427 4486
4427 4487
4428 4487
4428 4488
4428 4489
4429 4430
4429 4490
4430 4431
4430 4490
4430 4491
4431 4432
4431 4490
4431 4491
4431 4492
4432 4433
4432 4491
4432 4492
4432 4493
4433 4434
4433 4492
4433 4493
4433 4494
4434 4435
4434 4493
4434 4494
4434 4495
4435 4436
4435 4494
4435 4495
4436 4437
4436 4495
4437 4496
4438 4439
4438 4498
4438 4499
4439 4440
4439 4499
4439 4500
4440 4441
4440 4499
4440 4500
4440 4501
4441 4442
4441 4500
4441 4501
4441 4502
4442 4443
4442 4501
4442 4502
4443 4502
4443 4503
4444 4445
4444 4503
4444 4504
4445 4504
4445 4505
4446 4507
4447 4448
4447 4507
4447 4508
4447 4509
4448 4508
4448 4509
4448 4510
4449 4450
4449 4510
4449 4511
4450 4511
4450 4512
4451 4452
4451 4512
4451 4513
4451 4514
4452 4453
4452 4513
4452 4514
4452 4515
4453 4454
4453 4514
4453 4515
4454 4455
4454 4515
4454 4516
4455 4456
4455 4516
4455 4517
4456 4457
4456 4516
4456 4517
4456 4518
4457 4458
4457 4517
4457 4518
4457 4519
4458 4459
4458 4518
4458 4519
4458 4520
4459 4460
4459 4519
4459 4520
4459 4521
4460 4461
4460 4520
4460 4521
4460 4522
4461 4462
4461 4521
4461 4522
4461 4523
4462 4463
4462 4522
4462 4523
4462 4524
4463 4464
4463 4523
4463 4524
4463 4525
4464 4465
4464 4524
4464 4525
4464 4526
4465 4525
4465 4526
4465 4527
4466 4467
4466 4527
4466 4528
4467 4528
4467 4529
4468 4469
4468 4529
4468 4530
4469 4470
4469 4530
4469 4531
4470 4471
4470 4530
4470 4531
4470 4532
4471 4472
4471 4531
4471 4532
4471 4533
4472 4473
4472 4532
4472 4533
4473 4474
4473 4533
4473 4534
4474 4475
4474 4534
4474 4535
4475 4476
4475 4534
4475 4535
4475 4536
4476 4535
4476 4536
4477 4478
4477 4539
4477 4540
4477 4541
4478 4479
4478 4540
4478 4541
4478 4542
4479 4480
4479 4541
4479 4542
4480 4481
4480 4542
4480 4543
4481 4543
4482 4544
4482 4545
4483 4484
4483 4545
4483 4546
4483 4547
4484 4485
4484 4546
4484 4547
4484 4548
4485 4486
4485 4547
4485 4548
4485 4549
4486 4487
4486 4548
4486 4549
4486 4550
4487 4488
4487 4549
4487 4550
4487 4551
4488 4489
4488 4550
4488 4551
4489 4551
4490 4491
4490 4552
4490 4553
4491 4492
4491 4553
4491 4554
4492 4493
4492 4553
4492 4554
4492 4555
4493 4494
4493 4554
4493 4555
4493 4556
4494 4495
4494 4555
4494 4556
4494 4557
4495 4556
4495 4557
4495 4558
4496 4497
4496 4559
4496 4560
4496 4561
4497 4498
4497 4560
4497 4561
4497 4562
4498 4561
4498 4562
4498 4563
4499 4500
4499 4563
4499 4564
4500 4501
4500 4564
4500 4565
4501 4502
4501 4564
4501 4565
4501 4566
4502 4565
4502 4566
4502 4567
4503 4567
4503 4568
4503 4569
4504 4505
4504 4569
4504 4570
4504 4571
4505 4506
4505 4570
4505 4571
4505 4572
4506 4571
4506 4572
4506 4573
4507 4508
4507 4574
4507 4575
4508 4509
4508 4574
4508 4575
4508 4576
4509 4510
4509 4575
4509 4576
4509 4577
4510 4511
4510 4576
4510 4577
4510 4578
4511 4577
4511 4578
4511 4579
4512 4513
4512 4579
4512 4580
4512 4581
4513 4514
4513 4580
4513 4581
4513 4582
4514 4515
4514 4581
4514 4582
4515 4582
4515 4583
4516 4517
4516 4583
4516 4584
4517 4518
4517 4584
4517 4585
4518 4519
4518 4585
4518 4586
4519 4520
4519 4585
4519 4586
4519 4587
4520 4521
4520 4586
4520 4587
4520 4588
4521 4522
4521 4587
4521 4588
4521 4589
4522 4523
4522 4588
4522 4589
4522 4590
4523 4524
4523 4589
4523 4590
4523 4591
4524 4525
4524 4590
4524 4591
4525 4526
4525 4591
4525 4592
4526 4527
4526 4592
4527 4592
4527 4593
4528 4529
4528 4593
4528 4594
4529 4594
4529 4595
4530 4531
4530 4595
4530 4596
4530 4597
4531 4532
4531 4596
4531 4597
4531 4598
4532 4533
4532 4597
4532 4598
4532 4599
4533 4598
4533 4599
4533 4600
4534 4535
4534 4600
4534 4601
4534 4602
4535 4536
4535 4601
4535 4602
4536 4602
4537 4538
4537 4603
4537 4604
4537 4605
4538 4539
4538 4604
4538 4605
4538 4606
4539 4540
4539 4605
4539 4606
4540 4541
4540 4606
4540 4607
4541 4542
4541 4607
4541 4608
4542 4607
4542 4608
4542 4609
4543 4609
4543 4610
4543 4611
4544 4545
4544 4611
4544 4612
4545 4546
4545 4612
4545 4613
4546 4547
4546 4613
4546 4614
4547 4548
4547 4613
4547 4614
4547 4615
4548 4549
4548 4614
4548 4615
4548 4616
4549 4550
4549 4615
4549 4616
4549 4617
4550 4551
4550 4616
4550 4617
4550 4618
4551 4617
4551 4618
4551 4619
4552 4620
4552 4621
4552 4622
4553 4554
4553 4622
4553 4623
4554 4555
4554 4623
4555 4556
4555 4624
4556 4557
4556 4624
4556 4625
4557 4558
4557 4624
4557 4625
4557 4626
4558 4559
4558 4625
4558 4626
4558 4627
4559 4560
4559 4626
4559 4627
4559 4628
4560 4561
4560 4627
4560 4628
4560 4629
4561 4562
4561 4628
4561 4629
4562 4563
4562 4629
4562 4630
4563 4630
4563 4631
4564 4565
4564 4631
4564 4632
4564 4633
4565 4566
4565 4632
4565 4633
4565 4634
4566 4567
4566 4633
4566 4634
4566 4635
4567 4568
4567 4634
4567 4635
4567 4636
4568 4569
4568 4635
4568 4636
4568 4637
4569 4570
4569 4636
4569 4637
4570 4571
4570 4637
4570 4638
4571 4572
4571 4638
4571 4639
4572 4573
4572 4638
4572 4639
4572 4640
4573 4639
4573 4640
4573 4641
4574 4575
4574 4641
4574 4642
4575 4576
4575 4642
4575 4643
4576 4577
4576 4642
4576 4643
4577 4578
4577 4643
4578 4579
4578 4644
4579 4580
4579 4644
4580 4581
4580 4644
4580 4645
4581 4582
4581 4645
4581 4646
4582 4645
4582 4646
4582 4647
4583 4584
4583 4647
4583 4648
4583 4649
4584 4648
4584 4649
4584 4650
4585 4586
4585 4650
4585 4651
4585 4652
4586 4587
4586 4651
4586 4652
4586 4653
4587 4588
4587 4652
4587 4653
4587 4654
4588 4589
4588 4653
4588 4654
4588 4655
4589 4590
4589 4654
4589 4655
4589 4656
4590 4591
4590 4655
4590 4656
4590 4657
4591 4656
4591 4657
4592 4658
4592 4659
4593 4659
4593 4660
4594 4595
4594 4660
4594 4661
4594 4662
4595 4596
4595 4661
4595 4662
4595 4663
4596 4597
4596 4662
4596 4663
4596 4664
4597 4598
4597 4663
4597 4664
4597 4665
4598 4599
4598 4664
4598 4665
4598 4666
4599 4600
4599 4665
4599 4666
4599 4667
4600 4601
4600 4666
4600 4667
4601 4602
4601 4667
4601 4668
4602 4668
4602 4669
4603 4604
4603 4670
4604 4605
4604 4670
4605 4606
4605 4670
4605 4671
4606 4671
4606 4672
4607 4608
4607 4672
4607 4673
4607 4674
4608 4609
4608 4673
4608 4674
4608 4675
4609 4610
4609 4674
4609 4675
4609 4676
4610 4611
4610 4675
4610 4676
4610 4677
4611 4612
4611 4676
4611 4677
4612 4677
4612 4678
4613 4614
4613 4678
4613 4679
4614 4615
4614 4679
4615 4616
4615 4680
4616 4617
4616 4680
4616 4681
4617 4618
4617 4680
4617 4681
4618 4619
4618 4681
4618 4682
4619 4620
4619 4682
4619 4683
4620 4621
4620 4682
4620 4683
4620 4684
4621 4622
4621 4683
4621 4684
4621 4685
4622 4623
4622 4684
4622 4685
4623 4685
4623 4686
4624 4625
4624 4687
4624 4688
4625 4626
4625 4688
4626 4627
4626 4689
4627 4628
4627 4689
4628 4629
4628 4689
4628 4690
4629 4690
4629 4691
4630 4631
4630 4691
4630 4692
4630 4693
4631 4632
4631 4692
4631 4693
4631 4694
4632 4633
4632 4693
4632 4694
4632 4695
4633 4634
4633 4694
4633 4695
4634 4635
4634 4695
4634 4696
4635 4636
4635 4696
4635 4697
4636 4637
4636 4696
4636 4697
4636 4698
4637 4697
4637 4698
4638 4639
4638 4699
4638 4700
4639 4640
4639 4699
4639 4700
4639 4701
4640 4641
4640 4700
4640 4701
4640 4702
4641 4701
4641 4702
4641 4703
4642 4643
4642 4703
4642 4704
4643 4704
4643 4705
4644 4706
4644 4707
4644 4708
4645 4646
4645 4708
4645 4709
4645 4710
4646 4647
4646 4709
4646 4710
4646 4711
4647 4648
4647 4710
4647 4711
4647 4712
4648 4649
4648 4711
4648 4712
4648 4713
4649 4650
4649 4712
4649 4713
4649 4714
4650 4651
4650 4713
4650 4714
4650 4715
4651 4652
4651 4714
4651 4715
4651 4716
4652 4653
4652 4715
4652 4716
4652 4717
4653 4654
4653 4716
4653 4717
4653 4718
4654 4655
4654 4717
4654 4718
4655 4656
4655 4718
4655 4719
4656 4657
4656 4719
4656 4720
4657 4719
4657 4720
4657 4721
4658 4659
4658 4721
4658 4722
4659 4722
4659 4723
4660 4661
4660 4723
4660 4724
4660 4725
4661 4662
4661 4724
4661 4725
4661 4726
4662 4663
4662 4725
4662 4726
4662 4727
4663 4664
4663 4726
4663 4727
4663 4728
4664 4665
4664 4727
4664 4728
4664 4729
4665 4666
4665 4728
4665 4729
4665 4730
4666 4667
4666 4729
4666 4730
4666 4731
4667 4730
4667 4731
4668 4669
4668 4732
4669 4732
4670 4733
4670 4734
4670 4735
4671 4672
4671 4735
4671 4736
4671 4737
4672 4673
4672 4736
4672 4737
4672 4738
4673 4674
4673 4737
4673 4738
4673 4739
4674 4675
4674 4738
4674 4739
4674 4740
4675 4676
4675 4739
4675 4740
4675 4741
4676 4677
4676 4740
4676 4741
4676 4742
4677 4741
4677 4742
4677 4743
4678 4679
4678 4743
4678 4744
4678 4745
4679 4744
4679 4745
4680 4681
4680 4746
4681 4747
4682 4683
4682 4747
4682 4748
4682 4749
4683 4684
4683 4748
4683 4749
4683 4750
4684 4685
4684 4749
4684 4750
4684 4751
4685 4750
4685 4751
4685 4752
4686 4687
4686 4752
4686 4753
4686 4754
4687 4688
4687 4753
4687 4754
4687 4755
4688 4754
4688 4755
4689 4756
4689 4757
4689 4758
4690 4691
4690 4758
4690 4759
4691 4692
4691 4759
4691 4760
4692 4693
4692 4760
4692 4761
4693 4694
4693 4760
4693 4761
4693 4762
4694 4695
4694 4761
4694 4762
4694 4763
4695 4762
4695 4763
4695 4764
4696 4697
4696 4764
4696 4765
4697 4698
4697 4765
4698 4766
4699 4700
4699 4766
4699 4767
4700 4701
4700 4767
4700 4768
4701 4702
4701 4768
4701 4769
4702 4703
4702 4768
4702 4769
4702 4770
4703 4704
4703 4769
4703 4770
4703 4771
4704 4770
4704 4771
4704 4772
4705 4706
4705 4772
4706 4707
4706 4773
4707 4708
4707 4773
4707 4774
4708 4709
4708 4773
4708 4774
4709 4710
4709 4774
4709 4775
4710 4711
4710 4775
4710 4776
4711 4712
4711 4775
4711 4776
4711 4777
4712 4713
4712 4776
4712 4777
4712 4778
4713 4714
4713 4777
4713 4778
4713 4779
4714 4715
4714 4778
4714 4779
4714 4780
4715 4716
4715 4779
4715 4780
4716 4717
4716 4780
4716 4781
4717 4718
4717 4781
4718 4781
4718 4782
4719 4720
4719 4782
4719 4783
4720 4721
4720 4783
4720 4784
4721 4784
4722 4723
4722 4785
4722 4786
4723 4724
4723 4785
4723 4786
4724 4725
4724 4786
4724 4787
4725 4726
4725 4787
4725 4788
4726 4727
4726 4787
4726 4788
4726 4789
4727 4728
4727 4788
4727 4789
4727 4790
4728 4729
4728 4789
4728 4790
4728 4791
4729 4730
4729 4790
4729 4791
4729 4792
4730 4731
4730 4791
4730 4792
4730 4793
4731 4792
4731 4793
4731 4794
4732 4795
4732 4796
4733 4734
4733 4797
4733 4798
4734 4735
4734 4797
4734 4798
4735 4736
4735 4798
4735 4799
4736 4737
4736 4799
4736 4800
4737 4738
4737 4799
4737 4800
4738 4739
4738 4800
4739 4740
4739 4801
4740 4741
4740 4801
4741 4742
4741 4801
4741 4802
4742 4743
4742 4802
4743 4744
4743 4802
4743 4803
4744 4745
4744 4803
4744 4804
4745 4803
4745 4804
4745 4805
4746 4805
4746 4806
4746 4807
4747 4748
4747 4808
4747 4809
4748 4749
4748 4809
4749 4750
4749 4809
4749 4810
4750 4751
4750 4810
4750 4811
4751 4752
4751 4810
4751 4811
4752 4753
4752 4811
4752 4812
4753 4754
4753 4812
4753 4813
4754 4755
4754 4812
4754 4813
4755 4813
4756 4757
4756 4814
4757 4758
4757 4814
4757 4815
4758 4759
4758 4815
4759 4815
4759 4816
4760 4761
4760 4816
4760 4817
4760 4818
4761 4762
4761 4817
4761 4818
4761 4819
4762 4763
4762 4818
4762 4819
4762 4820
4763 4764
4763 4819
4763 4820
4763 4821
4764 4765
4764 4820
4764 4821
4764 4822
4765 4821
4765 4822
4765 4823
4766 4767
4766 4824
4767 4824
4768 4769
4768 4825
4768 4826
4769 4770
4769 4825
4769 4826
4769 4827
4770 4771
4770 4826
4770 4827
4770 4828
4771 4772
4771 4827
4771 4828
4771 4829
4772 4828
4772 4829
4772 4830
4773 4774
4773 4831
4773 4832
4773 4833
4774 4832
4774 4833
4774 4834
4775 4776
4775 4834
4775 4835
4775 4836
4776 4777
4776 4835
4776 4836
4776 4837
4777 4778
4777 4836
4777 4837
4777 4838
4778 4779
4778 4837
4778 4838
4778 4839
4779 4780
4779 4838
4779 4839
4779 4840
4780 4839
4780 4840
4780 4841
4781 4841
4781 4842
4782 4783
4782 4843
4782 4844
4783 4843
4783 4844
4783 4845
4784 4845
4784 4846
4784 4847
4785 4786
4785 4847
4785 4848
4785 4849
4786 4848
4786 4849
4786 4850
4787 4788
4787 4850
4787 4851
4787 4852
4788 4789
4788 4851
4788 4852
4788 4853
4789 4790
4789 4852
4789 4853
4789 4854
4790 4791
4790 4853
4790 4854
4790 4855
4791 4792
4791 4854
4791 4855
4791 4856
4792 4793
4792 4855
4792 4856
4792 4857
4793 4794
4793 4856
4793 4857
4793 4858
4794 4795
4794 4857
4794 4858
4794 4859
4795 4796
4795 4858
4795 4859
4795 4860
4796 4859
4796 4860
4797 4798
4797 4861
4797 4862
4798 4861
4798 4862
4798 4863
4799 4800
4799 4863
4799 4864
4800 4864
4800 4865
4801 4866
4801 4867
4802 4867
4802 4868
4802 4869
4803 4804
4803 4869
4803 4870
4803 4871
4804 4805
4804 4870
4804 4871
4804 4872
4805 4806
4805 4871
4805 4872
4805 4873
4806 4807
4806 4872
4806 4873
4807 4808
4807 4873
4808 4874
4809 4874
4809 4875
4809 4876
4810 4811
4810 4876
4810 4877
4810 4878
4811 4877
4811 4878
4811 4879
4812 4813
4812 4879
4812 4880
4813 4880
4813 4881
4814 4882
4814 4883
4814 4884
4815 4884
4816 4817
4816 4885
4816 4886
4817 4818
4817 4885
4817 4886
4817 4887
4818 4819
4818 4886
4818 4887
4818 4888
4819 4820
4819 4887
4819 4888
4819 4889
4820 4821
4820 4888
4820 4889
4821 4822
4821 4889
4821 4890
4822 4823
4822 4890
4823 4890
4823 4891
4824 4891
4824 4892
4824 4893
4825 4826
4825 4894
4825 4895
4825 4896
4826 4827
4826 4895
4826 4896
4827 4828
4827 4896
4827 4897
4828 4829
4828 4897
4828 4898
4829 4830
4829 4897
4829 4898
4829 4899
4830 4831
4830 4898
4830 4899
4830 4900
4831 4832
4831 4899
4831 4900
4831 4901
4832 4833
4832 4900
4832 4901
4832 4902
4833 4834
4833 4901
4833 4902
4833 4903
4834 4835
4834 4902
4834 4903
4834 4904
4835 4836
4835 4903
4835 4904
4835 4905
4836 4837
4836 4904
4836 4905
4836 4906
4837 4838
4837 4905
4837 4906
4837 4907
4838 4839
4838 4906
4838 4907
4839 4840
4839 4907
4840 4841
4840 4908
4841 4842
4841 4908
4841 4909
4842 4908
4842 4909
4842 4910
4843 4844
4843 4910
4843 4911
4843 4912
4844 4845
4844 4911
4844 4912
4844 4913
4845 4846
4845 4912
4845 4913
4845 4914
4846 4847
4846 4913
4846 4914
4846 4915
4847 4848
4847 4914
4847 4915
4847 4916
4848 4849
4848 4915
4848 4916
4848 4917
4849 4850
4849 4916
4849 4917
4849 4918
4850 4851
4850 4917
4850 4918
4850 4919
4851 4852
4851 4918
4851 4919
4851 4920
4852 4853
4852 4919
4852 4920
4852 4921
4853 4854
4853 4920
4853 4921
4853 4922
4854 4855
4854 4921
4854 4922
4854 4923
4855 4856
4855 4922
4855 4923
4855 4924
4856 4857
4856 4923
4856 4924
4856 4925
4857 4858
4857 4924
4857 4925
4857 4926
4858 4859
4858 4925
4858 4926
4859 4860
4859 4926
4859 4927
4860 4927
4861 4862
4861 4928
4861 4929
4862 4863
4862 4928
4862 4929
4862 4930
4863 4929
4863 4930
4863 4931
4864 4865
4864 4931
4864 4932
4865 4932
4865 4933
4866 4867
4866 4933
4866 4934
4866 4935
4867 4868
4867 4934
4867 4935
4867 4936
4868 4869
4868 4935
4868 4936
4868 4937
4869 4870
4869 4936
4869 4937
4870 4871
4870 4937
4870 4938
4871 4872
4871 4938
4872 4873
4872 4938
4872 4939
4873 4939
4873 4940
4874 4875
4874 4941
4874 4942
4875 4876
4875 4941
4875 4942
4875 4943
4876 4877
4876 4942
4876 4943
4876 4944
4877 4878
4877 4943
4877 4944
4877 4945
4878 4879
4878 4944
4878 4945
4878 4946
4879 4880
4879 4945
4879 4946
4879 4947
4880 4946
4880 4947
4880 4948
4881 4882
4881 4948
4881 4949
4882 4883
4882 4949
4882 4950
4883 4884
4883 4949
4883 4950
4883 4951
4884 4950
4884 4951
4884 4952
4885 4886
4885 4953
4885 4954
4885 4955
4886 4887
4886 4954
4886 4955
4887 4888
4887 4955
4887 4956
4888 4889
4888 4956
4888 4957
4889 4956
4889 4957
4889 4958
4890 4958
4890 4959
4890 4960
4891 4892
4891 4960
4891 4961
4892 4893
4892 4961
4892 4962
4893 4894
4893 4962
4894 4895
4894 4962
4894 4963
4895 4896
4895 4963
4895 4964
4896 4963
4896 4964
4896 4965
4897 4898
4897 4965
4897 4966
4897 4967
4898 4899
4898 4966
4898 4967
4898 4968
4899 4900
4899 4967
4899 4968
4899 4969
4900 4901
4900 4968
4900 4969
4901 4902
4901 4969
4901 4970
4902 4903
4902 4970
4902 4971
4903 4904
4903 4970
4903 4971
4903 4972
4904 4905
4904 4971
4904 4972
4905 4906
4905 4972
4906 4907
4906 4973
4907 4973
4908 4909
4908 4974
4908 4975
4908 4976
4909 4910
4909 4975
4909 4976
4909 4977
4910 4911
4910 4976
4910 4977
4910 4978
4911 4912
4911 4977
4911 4978
4911 4979
4912 4913
4912 4978
4912 4979
4912 4980
4913 4914
4913 4979
4913 4980
4913 4981
4914 4915
4914 4980
4914 4981
4914 4982
4915 4916
4915 4981
4915 4982
4916 4917
4916 4982
4916 4983
4917 4918
4917 4983
4917 4984
4918 4919
4918 4983
4918 4984
4918 4985
4919 4920
4919 4984
4919 4985
4919 4986
4920 4921
4920 4985
4920 4986
4920 4987
4921 4922
4921 4986
4921 4987
4921 4988
4922 4923
4922 4987
4922 4988
4922 4989
4923 4924
4923 4988
4923 4989
4923 4990
4924 4925
4924 4989
4924 4990
4924 4991
4925 4926
4925 4990
4925 4991
4926 4991
4926 4992
4927 4992
4927 4993
4928 4929
4928 4994
4928 4995
4929 4930
4929 4994
4929 4995
4929 4996
4930 4931
4930 4995
4930 4996
4930 4997
4931 4996
4931 4997
4931 4998
4932 4933
4932 4998
4932 4999
4933 4934
4933 4999
4934 4935
4934 5000
4935 4936
4935 5000
4935 5001
4936 4937
4936 5000
4936 5001
4936 5002
4937 5001
4937 5002
4937 5003
4938 5003
4939 4940
4939 5004
4939 5005
4940 5004
4940 5005
4941 4942
4941 5006
4941 5007
4942 4943
4942 5006
4942 5007
4942 5008
4943 4944
4943 5007
4943 5008
4943 5009
4944 4945
4944 5008
4944 5009
4944 5010
4945 4946
4945 5009
4945 5010
4945 5011
4946 4947
4946 5010
4946 5011
4946 5012
4947 4948
4947 5011
4947 5012
4947 5013
4948 5012
4948 5013
4948 5014
4949 4950
4949 5014
4949 5015
4949 5016
4950 4951
4950 5015
4950 5016
4951 4952
4951 5016
4952 4953
4952 5017
4953 4954
4953 5017
4954 4955
4954 5017
4954 5018
4955 5018
4955 5019
4956 4957
4956 5019
4956 5020
4956 5021
4957 4958
4957 5020
4957 5021
4957 5022
4958 4959
4958 5021
4958 5022
4959 4960
4959 5022
4959 5023
4960 4961
4960 5023
4961 5023
4961 5024
4962 5024
4962 5025
4963 4964
4963 5026
4963 5027
4964 4965
4964 5026
4964 5027
4964 5028
4965 4966
4965 5027
4965 5028
4966 4967
4966 5028
4966 5029
4967 4968
4967 5029
4967 5030
4968 4969
4968 5029
4968 5030
4968 5031
4969 5030
4969 5031
4970 4971
4970 5032
4970 5033
4971 4972
4971 5032
4971 5033
4971 5034
4972 5033
4972 5034
4973 5035
4973 5036
4974 4975
4974 5037
4974 5038
4975 4976
4975 5037
4975 5038
4976 4977
4976 5038
4976 5039
4977 4978
4977 5039
4977 5040
4978 4979
4978 5039
4978 5040
4978 5041
4979 4980
4979 5040
4979 5041
4980 4981
4980 5041
4980 5042
4981 4982
4981 5042
4981 5043
4982 5042
4982 5043
4982 5044
4983 4984
4983 5044
4983 5045
4983 5046
4984 4985
4984 5045
4984 5046
4984 5047
4985 4986
4985 5046
4985 5047
4985 5048
4986 4987
4986 5047
4986 5048
4986 5049
4987 4988
4987 5048
4987 5049
4987 5050
4988 4989
4988 5049
4988 5050
4988 5051
4989 4990
4989 5050
4989 5051
4989 5052
4990 4991
4990 5051
4990 5052
4990 5053
4991 5052
4991 5053
4991 5054
4992 4993
4992 5054
4994 4995
4994 5055
4994 5056
4995 4996
4995 5055
4995 5056
4995 5057
4996 4997
4996 5056
4996 5057
4996 5058
4997 4998
4997 5057
4997 5058
4997 5059
4998 4999
4998 5058
4998 5059
4998 5060
4999 5059
4999 5060
4999 5061
5000 5001
5000 5062
5000 5063
5000 5064
5001 5002
5001 5063
5001 5064
5001 5065
5002 5003
5002 5064
5002 5065
5002 5066
5003 5065
5003 5066
5003 5067
5004 5005
5004 5068
5004 5069
5004 5070
5005 5069
5005 5070
5005 5071
5006 5007
5006 5071
5006 5072
5006 5073
5007 5008
5007 5072
5007 5073
5007 5074
5008 5009
5008 5073
5008 5074
5008 5075
5009 5010
5009 5074
5009 5075
5009 5076
5010 5011
5010 5075
5010 5076
5011 5012
5011 5076
5011 5077
5012 5013
5012 5077
5012 5078
5013 5014
5013 5077
5013 5078
5014 5015
5014 5078
5014 5079
5015 5016
5015 5079
5016 5079
5016 5080
5017 5081
5018 5019
5018 5081
5018 5082
5018 5083
5019 5020
5019 5082
5019 5083
5019 5084
5020 5021
5020 5083
5020 5084
5020 5085
5021 5022
5021 5084
5021 5085
5021 5086
5022 5085
5022 5086
5022 5087
5023 5087
5024 5025
5024 5088
5025 5088
5025 5089
5026 5027
5026 5089
5026 5090
5026 5091
5027 5028
5027 5090
5027 5091
5027 5092
5028 5091
5028 5092
5029 5030
5029 5093
5030 5031
5030 5093
5030 5094
5031 5094
5031 5095
5032 5033
5032 5095
5032 5096
5033 5034
5033 5096
5033 5097
5034 5096
5034 5097
5034 5098
5035 5036
5035 5098
5035 5099
5035 5100
5036 5099
5036 5100
5037 5038
5037 5101
5037 5102
5038 5101
5038 5102
5038 5103
5039 5040
5039 5103
5039 5104
5040 5041
5040 5104
5040 5105
5041 5105
5041 5106
5042 5043
5042 5106
5042 5107
5043 5044
5043 5107
5043 5108
5044 5045
5044 5108
5044 5109
5045 5046
5045 5108
5045 5109
5045 5110
5046 5047
5046 5109
5046 5110
5046 5111
5047 5048
5047 5110
5047 5111
5047 5112
5048 5049
5048 5111
5048 5112
5048 5113
5049 5050
5049 5112
5049 5113
5049 5114
5050 5051
5050 5113
5050 5114
5050 5115
5051 5052
5051 5114
5051 5115
5051 5116
5052 5053
5052 5115
5052 5116
5052 5117
5053 5054
5053 5116
5053 5117
5054 5117
5054 5118
5055 5056
5056 5057
5057 5058
5058 5059
5059 5060
5060 5061
5061 5062
5062 5063
5063 5064
5064 5065
5065 5066
5066 5067
5067 5068
5068 5069
5069 5070
5070 5071
5071 5072
5072 5073
5073 5074
5074 5075
5075 5076
5077 5078
5081 5082
5082 5083
5083 5084
5084 5085
5085 5086
5086 5087
5088 5089
5089 5090
5090 5091
5091 5092
5094 5095
5096 5097
5097 5098
5098 5099
5099 5100
5101 5102
5102 5103
5103 5104
5105 5106
5106 5107
5108 5109
5109 5110
5110 5111
5111 5112
5112 5113
5113 5114
5114 5115
5115 5116
5116 5117
5118 5119
