WARNING: method definition for slice_dfs at /data/wangyijia/mwis/beyond_mis/hacked_funcs/src/spin_glass_ground_counting.jl:15 declares type variable RT but does not use it.
WARNING: method definition for #slice_dfs_lp#1 at /data/wangyijia/mwis/beyond_mis/hacked_funcs/src/spin_glass_ground_counting.jl:54 declares type variable RT but does not use it.
============================================================
[slice_spin_glass] model=../../hacked_funcs/benchmarks/models/spin_glass_models/nn_pm1/spin_glass_J±1_grid_n=60_seed=8.model  sc_target=31
============================================================
  model_name : spin_glass_J±1_grid_n=60_seed=8_cheating
  family     : j1pm1
  graph_type : grid_Jpm1
  vertices   : 3600
  edges      : 7080
  h_default  : 0.5
  meta       : Dict{String, Any}("model_path" => "/data/wangyijia/mwis/beyond_mis/hacked_funcs/benchmarks/models/spin_glass_models/nn_pm1/spin_glass_J±1_grid_n=60_seed=8.model", "family" => "j1pm1", "sc_target" => 31, "seed" => 8, "h" => 0.5, "n" => 60)
    code seed=1 -> tc=80.09371783534996, sc=61.0, rw=68.53406005374211
    code seed=2 -> tc=79.00672651368107, sc=61.0, rw=68.11971796485439
  best code complexity over seeds [1, 2]: Time complexity: 2^79.00672651368107
Space complexity: 2^61.0
Read-write complexity: 2^68.11971796485439
  branch results root : /data/wangyijia/mwis/beyond_mis/branch_results
  slice subdir        : grid_Jpm1_n=60_seed=8_cheating
Set parameter LicenseID to value 2803191
QIP_gurobi_bound: solver finished in 1.721 s (time_limit=300.0 s, status=OPTIMAL)
[ Info: initial lp_bound: 5398.0
[ Info: slicing branch with sc: 61.0
[ Info: cc.sc: 61.0
region size: 10
QIP_gurobi_bound: solver finished in 1.464 s (time_limit=100.0 s, status=OPTIMAL)
[ Info: slice 1, lp_score: 5390.0, primal_bound: 0.0
QIP_gurobi_bound: solver finished in 1.229 s (time_limit=100.0 s, status=OPTIMAL)
[ Info: slice 2, lp_score: 5396.0, primal_bound: 0.0
QIP_gurobi_bound: solver finished in 1.428 s (time_limit=100.0 s, status=OPTIMAL)
[ Info: slice 3, lp_score: 5396.0, primal_bound: 0.0
QIP_gurobi_bound: solver finished in 2.612 s (time_limit=100.0 s, status=OPTIMAL)
[ Info: slice 4, lp_score: 5398.0, primal_bound: 0.0
[ Info: new_scs: [59, 60, 59, 57]
[ Info: lp_scores: [5398.0, 5396.0, 5396.0, 5390.0]
[ Info: lp_scores: 5390.0
[ Info: lp_scores: 5396.0
[ Info: lp_scores: 5396.0
[ Info: lp_scores: 5398.0
[ Info: current num of unfinished slices: 4, finished slices: 0
                      ┌                                        ┐ 
                   57 ┤■■■■■■■■■■■■■■■■■■■ 1                     
   sc, target = 31 58 ┤ 0                                        
                   59 ┤■■■■■■■■■■■■■■■■■■■■■■■■■■■■■■■■■■■■■ 2   
                   60 ┤■■■■■■■■■■■■■■■■■■■ 1                     
                      └                                        ┘ 
                                     num of slices               
[ Info: slicing branch with sc: 59.0
[ Info: cc.sc: 59.0
region size: 10
QIP_gurobi_bound: solver finished in 1.564 s (time_limit=100.0 s, status=OPTIMAL)
[ Info: slice 1, lp_score: 5389.0, primal_bound: 0.0
QIP_gurobi_bound: solver finished in 1.28 s (time_limit=100.0 s, status=OPTIMAL)
[ Info: slice 2, lp_score: 5392.0, primal_bound: 0.0
QIP_gurobi_bound: solver finished in 1.666 s (time_limit=100.0 s, status=OPTIMAL)
[ Info: slice 3, lp_score: 5398.0, primal_bound: 0.0
QIP_gurobi_bound: solver finished in 6.877 s (time_limit=100.0 s, status=OPTIMAL)
[ Info: slice 4, lp_score: 5393.0, primal_bound: 0.0
[ Info: new_scs: [56, 56, 56, 54]
[ Info: lp_scores: [5398.0, 5393.0, 5392.0, 5389.0]
[ Info: lp_scores: 5389.0
[ Info: lp_scores: 5392.0
[ Info: lp_scores: 5393.0
[ Info: lp_scores: 5398.0
[ Info: current num of unfinished slices: 7, finished slices: 0
                      ┌                                        ┐ 
                   54 ┤■■■■■■■■■■■■ 1                            
                   55 ┤ 0                                        
                   56 ┤■■■■■■■■■■■■■■■■■■■■■■■■■■■■■■■■■■■■■ 3   
   sc, target = 31 57 ┤■■■■■■■■■■■■ 1                            
                   58 ┤ 0                                        
                   59 ┤■■■■■■■■■■■■ 1                            
                   60 ┤■■■■■■■■■■■■ 1                            
                      └                                        ┘ 
                                     num of slices               
[ Info: slicing branch with sc: 56.0
[ Info: cc.sc: 56.0
region size: 10
QIP_gurobi_bound: solver finished in 1.369 s (time_limit=100.0 s, status=OPTIMAL)
[ Info: slice 1, lp_score: 5398.0, primal_bound: 0.0
QIP_gurobi_bound: solver finished in 5.694 s (time_limit=100.0 s, status=OPTIMAL)
[ Info: slice 2, lp_score: 5397.0, primal_bound: 0.0
[ Info: new_scs: [55, 54]
[ Info: lp_scores: [5398.0, 5397.0]
[ Info: lp_scores: 5397.0
[ Info: lp_scores: 5398.0
[ Info: current num of unfinished slices: 8, finished slices: 0
                      ┌                                        ┐ 
                   54 ┤■■■■■■■■■■■■■■■■■■■■■■■■■■■■■■■■■■■■■ 2   
                   55 ┤■■■■■■■■■■■■■■■■■■■ 1                     
                   56 ┤■■■■■■■■■■■■■■■■■■■■■■■■■■■■■■■■■■■■■ 2   
   sc, target = 31 57 ┤■■■■■■■■■■■■■■■■■■■ 1                     
                   58 ┤ 0                                        
                   59 ┤■■■■■■■■■■■■■■■■■■■ 1                     
                   60 ┤■■■■■■■■■■■■■■■■■■■ 1                     
                      └                                        ┘ 
                                     num of slices               
[ Info: slicing branch with sc: 55.0
[ Info: cc.sc: 55.0
region size: 10
QIP_gurobi_bound: solver finished in 1.616 s (time_limit=100.0 s, status=OPTIMAL)
[ Info: slice 1, lp_score: 5398.0, primal_bound: 0.0
QIP_gurobi_bound: solver finished in 1.407 s (time_limit=100.0 s, status=OPTIMAL)
[ Info: slice 2, lp_score: 5395.0, primal_bound: 0.0
[ Info: new_scs: [54, 53]
[ Info: lp_scores: [5398.0, 5395.0]
[ Info: lp_scores: 5395.0
[ Info: lp_scores: 5398.0
[ Info: current num of unfinished slices: 9, finished slices: 0
                      ┌                                        ┐ 
                   53 ┤■■■■■■■■■■■■ 1                            
                   54 ┤■■■■■■■■■■■■■■■■■■■■■■■■■■■■■■■■■■■■■ 3   
                   55 ┤ 0                                        
   sc, target = 31 56 ┤■■■■■■■■■■■■■■■■■■■■■■■■■ 2               
                   57 ┤■■■■■■■■■■■■ 1                            
                   58 ┤ 0                                        
                   59 ┤■■■■■■■■■■■■ 1                            
                   60 ┤■■■■■■■■■■■■ 1                            
                      └                                        ┘ 
                                     num of slices               
[ Info: slicing branch with sc: 54.0
[ Info: cc.sc: 54.0
region size: 10
QIP_gurobi_bound: solver finished in 1.393 s (time_limit=100.0 s, status=OPTIMAL)
[ Info: slice 1, lp_score: 5398.0, primal_bound: 0.0
QIP_gurobi_bound: solver finished in 5.365 s (time_limit=100.0 s, status=OPTIMAL)
[ Info: slice 2, lp_score: 5397.0, primal_bound: 0.0
QIP_gurobi_bound: solver finished in 1.419 s (time_limit=100.0 s, status=OPTIMAL)
[ Info: slice 3, lp_score: 5390.0, primal_bound: 0.0
[ Info: new_scs: [52, 52, 52]
[ Info: lp_scores: [5398.0, 5397.0, 5390.0]
[ Info: lp_scores: 5390.0
[ Info: lp_scores: 5397.0
[ Info: lp_scores: 5398.0
[ Info: current num of unfinished slices: 11, finished slices: 0
                      ┌                                        ┐ 
                   52 ┤■■■■■■■■■■■■■■■■■■■■■■■■■■■■■■■■■■■■■ 3   
                   53 ┤■■■■■■■■■■■■ 1                            
                   54 ┤■■■■■■■■■■■■■■■■■■■■■■■■■ 2               
                   55 ┤ 0                                        
   sc, target = 31 56 ┤■■■■■■■■■■■■■■■■■■■■■■■■■ 2               
                   57 ┤■■■■■■■■■■■■ 1                            
                   58 ┤ 0                                        
                   59 ┤■■■■■■■■■■■■ 1                            
                   60 ┤■■■■■■■■■■■■ 1                            
                      └                                        ┘ 
                                     num of slices               
[ Info: slicing branch with sc: 52.0
[ Info: cc.sc: 52.0
region size: 10
QIP_gurobi_bound: solver finished in 1.343 s (time_limit=100.0 s, status=OPTIMAL)
[ Info: slice 1, lp_score: 5393.0, primal_bound: 0.0
QIP_gurobi_bound: solver finished in 1.491 s (time_limit=100.0 s, status=OPTIMAL)
[ Info: slice 2, lp_score: 5398.0, primal_bound: 0.0
[ Info: new_scs: [50, 50]
[ Info: lp_scores: [5398.0, 5393.0]
[ Info: lp_scores: 5393.0
[ Info: lp_scores: 5398.0
[ Info: current num of unfinished slices: 12, finished slices: 0
                      ┌                                        ┐ 
                   50 ┤■■■■■■■■■■■■■■■■■■■■■■■■■■■■■■■■■■■■■ 2   
                   51 ┤ 0                                        
                   52 ┤■■■■■■■■■■■■■■■■■■■■■■■■■■■■■■■■■■■■■ 2   
                   53 ┤■■■■■■■■■■■■■■■■■■■ 1                     
                   54 ┤■■■■■■■■■■■■■■■■■■■■■■■■■■■■■■■■■■■■■ 2   
   sc, target = 31 55 ┤ 0                                        
                   56 ┤■■■■■■■■■■■■■■■■■■■■■■■■■■■■■■■■■■■■■ 2   
                   57 ┤■■■■■■■■■■■■■■■■■■■ 1                     
                   58 ┤ 0                                        
                   59 ┤■■■■■■■■■■■■■■■■■■■ 1                     
                   60 ┤■■■■■■■■■■■■■■■■■■■ 1                     
                      └                                        ┘ 
                                     num of slices               
[ Info: slicing branch with sc: 50.0
[ Info: cc.sc: 50.0
region size: 10
QIP_gurobi_bound: solver finished in 1.313 s (time_limit=100.0 s, status=OPTIMAL)
[ Info: slice 1, lp_score: 5398.0, primal_bound: 0.0
QIP_gurobi_bound: solver finished in 5.834 s (time_limit=100.0 s, status=OPTIMAL)
[ Info: slice 2, lp_score: 5398.0, primal_bound: 0.0
[ Info: new_scs: [49, 49]
[ Info: lp_scores: [5398.0, 5398.0]
[ Info: lp_scores: 5398.0
[ Info: lp_scores: 5398.0
[ Info: current num of unfinished slices: 13, finished slices: 0
                      ┌                                        ┐ 
                   49 ┤■■■■■■■■■■■■■■■■■■■■■■■■■■■■■■■■■■■■■ 2   
                   50 ┤■■■■■■■■■■■■■■■■■■■ 1                     
                   51 ┤ 0                                        
                   52 ┤■■■■■■■■■■■■■■■■■■■■■■■■■■■■■■■■■■■■■ 2   
                   53 ┤■■■■■■■■■■■■■■■■■■■ 1                     
   sc, target = 31 54 ┤■■■■■■■■■■■■■■■■■■■■■■■■■■■■■■■■■■■■■ 2   
                   55 ┤ 0                                        
                   56 ┤■■■■■■■■■■■■■■■■■■■■■■■■■■■■■■■■■■■■■ 2   
                   57 ┤■■■■■■■■■■■■■■■■■■■ 1                     
                   58 ┤ 0                                        
                   59 ┤■■■■■■■■■■■■■■■■■■■ 1                     
                   60 ┤■■■■■■■■■■■■■■■■■■■ 1                     
                      └                                        ┘ 
                                     num of slices               
[ Info: slicing branch with sc: 49.0
[ Info: cc.sc: 49.0
region size: 10
QIP_gurobi_bound: solver finished in 1.727 s (time_limit=100.0 s, status=OPTIMAL)
[ Info: slice 1, lp_score: 5398.0, primal_bound: 0.0
QIP_gurobi_bound: solver finished in 1.412 s (time_limit=100.0 s, status=OPTIMAL)
[ Info: slice 2, lp_score: 5398.0, primal_bound: 0.0
[ Info: new_scs: [49, 49]
[ Info: lp_scores: [5398.0, 5398.0]
[ Info: lp_scores: 5398.0
[ Info: lp_scores: 5398.0
[ Info: current num of unfinished slices: 14, finished slices: 0
                      ┌                                        ┐ 
                   49 ┤■■■■■■■■■■■■■■■■■■■■■■■■■■■■■■■■■■■■■ 3   
                   50 ┤■■■■■■■■■■■■ 1                            
                   51 ┤ 0                                        
                   52 ┤■■■■■■■■■■■■■■■■■■■■■■■■■ 2               
                   53 ┤■■■■■■■■■■■■ 1                            
   sc, target = 31 54 ┤■■■■■■■■■■■■■■■■■■■■■■■■■ 2               
                   55 ┤ 0                                        
                   56 ┤■■■■■■■■■■■■■■■■■■■■■■■■■ 2               
                   57 ┤■■■■■■■■■■■■ 1                            
                   58 ┤ 0                                        
                   59 ┤■■■■■■■■■■■■ 1                            
                   60 ┤■■■■■■■■■■■■ 1                            
                      └                                        ┘ 
                                     num of slices               
[ Info: slicing branch with sc: 49.0
[ Info: cc.sc: 49.0
region size: 10
QIP_gurobi_bound: solver finished in 1.595 s (time_limit=100.0 s, status=OPTIMAL)
[ Info: slice 1, lp_score: 5391.0, primal_bound: 0.0
QIP_gurobi_bound: solver finished in 2.131 s (time_limit=100.0 s, status=OPTIMAL)
[ Info: slice 2, lp_score: 5396.0, primal_bound: 0.0
QIP_gurobi_bound: solver finished in 1.302 s (time_limit=100.0 s, status=OPTIMAL)
[ Info: slice 3, lp_score: 5398.0, primal_bound: 0.0
[ Info: new_scs: [49, 48, 46]
[ Info: lp_scores: [5398.0, 5396.0, 5391.0]
[ Info: lp_scores: 5391.0
[ Info: lp_scores: 5396.0
[ Info: lp_scores: 5398.0
[ Info: current num of unfinished slices: 16, finished slices: 0
                      ┌                                        ┐ 
                   46 ┤■■■■■■■■■■■■ 1                            
                   47 ┤ 0                                        
                   48 ┤■■■■■■■■■■■■ 1                            
                   49 ┤■■■■■■■■■■■■■■■■■■■■■■■■■■■■■■■■■■■■■ 3   
                   50 ┤■■■■■■■■■■■■ 1                            
                   51 ┤ 0                                        
                   52 ┤■■■■■■■■■■■■■■■■■■■■■■■■■ 2               
   sc, target = 31 53 ┤■■■■■■■■■■■■ 1                            
                   54 ┤■■■■■■■■■■■■■■■■■■■■■■■■■ 2               
                   55 ┤ 0                                        
                   56 ┤■■■■■■■■■■■■■■■■■■■■■■■■■ 2               
                   57 ┤■■■■■■■■■■■■ 1                            
                   58 ┤ 0                                        
                   59 ┤■■■■■■■■■■■■ 1                            
                   60 ┤■■■■■■■■■■■■ 1                            
                      └                                        ┘ 
                                     num of slices               
[ Info: slicing branch with sc: 49.0
[ Info: cc.sc: 49.0
region size: 10
QIP_gurobi_bound: solver finished in 5.939 s (time_limit=100.0 s, status=OPTIMAL)
[ Info: slice 1, lp_score: 5398.0, primal_bound: 0.0
QIP_gurobi_bound: solver finished in 1.284 s (time_limit=100.0 s, status=OPTIMAL)
[ Info: slice 2, lp_score: 5396.0, primal_bound: 0.0
[ Info: new_scs: [46, 47]
[ Info: lp_scores: [5398.0, 5396.0]
[ Info: lp_scores: 5396.0
[ Info: lp_scores: 5398.0
[ Info: current num of unfinished slices: 17, finished slices: 0
                      ┌                                        ┐ 
                   46 ┤■■■■■■■■■■■■■■■■■■■■■■■■■■■■■■■■■■■■■ 2   
                   47 ┤■■■■■■■■■■■■■■■■■■■ 1                     
                   48 ┤■■■■■■■■■■■■■■■■■■■ 1                     
                   49 ┤■■■■■■■■■■■■■■■■■■■■■■■■■■■■■■■■■■■■■ 2   
                   50 ┤■■■■■■■■■■■■■■■■■■■ 1                     
                   51 ┤ 0                                        
                   52 ┤■■■■■■■■■■■■■■■■■■■■■■■■■■■■■■■■■■■■■ 2   
   sc, target = 31 53 ┤■■■■■■■■■■■■■■■■■■■ 1                     
                   54 ┤■■■■■■■■■■■■■■■■■■■■■■■■■■■■■■■■■■■■■ 2   
                   55 ┤ 0                                        
                   56 ┤■■■■■■■■■■■■■■■■■■■■■■■■■■■■■■■■■■■■■ 2   
                   57 ┤■■■■■■■■■■■■■■■■■■■ 1                     
                   58 ┤ 0                                        
                   59 ┤■■■■■■■■■■■■■■■■■■■ 1                     
                   60 ┤■■■■■■■■■■■■■■■■■■■ 1                     
                      └                                        ┘ 
                                     num of slices               
[ Info: slicing branch with sc: 46.0
[ Info: cc.sc: 46.0
region size: 10
QIP_gurobi_bound: solver finished in 1.244 s (time_limit=100.0 s, status=OPTIMAL)
[ Info: slice 1, lp_score: 5396.0, primal_bound: 0.0
QIP_gurobi_bound: solver finished in 6.114 s (time_limit=100.0 s, status=OPTIMAL)
[ Info: slice 2, lp_score: 5398.0, primal_bound: 0.0
[ Info: new_scs: [44, 45]
[ Info: lp_scores: [5398.0, 5396.0]
[ Info: lp_scores: 5396.0
[ Info: lp_scores: 5398.0
[ Info: current num of unfinished slices: 18, finished slices: 0
                      ┌                                        ┐ 
                   44 ┤■■■■■■■■■■■■■■■■■■■ 1                     
                   45 ┤■■■■■■■■■■■■■■■■■■■ 1                     
                   46 ┤■■■■■■■■■■■■■■■■■■■ 1                     
                   47 ┤■■■■■■■■■■■■■■■■■■■ 1                     
                   48 ┤■■■■■■■■■■■■■■■■■■■ 1                     
                   49 ┤■■■■■■■■■■■■■■■■■■■■■■■■■■■■■■■■■■■■■ 2   
                   50 ┤■■■■■■■■■■■■■■■■■■■ 1                     
                   51 ┤ 0                                        
   sc, target = 31 52 ┤■■■■■■■■■■■■■■■■■■■■■■■■■■■■■■■■■■■■■ 2   
                   53 ┤■■■■■■■■■■■■■■■■■■■ 1                     
                   54 ┤■■■■■■■■■■■■■■■■■■■■■■■■■■■■■■■■■■■■■ 2   
                   55 ┤ 0                                        
                   56 ┤■■■■■■■■■■■■■■■■■■■■■■■■■■■■■■■■■■■■■ 2   
                   57 ┤■■■■■■■■■■■■■■■■■■■ 1                     
                   58 ┤ 0                                        
                   59 ┤■■■■■■■■■■■■■■■■■■■ 1                     
                   60 ┤■■■■■■■■■■■■■■■■■■■ 1                     
                      └                                        ┘ 
                                     num of slices               
[ Info: slicing branch with sc: 44.0
[ Info: cc.sc: 44.0
region size: 10
QIP_gurobi_bound: solver finished in 1.341 s (time_limit=100.0 s, status=OPTIMAL)
[ Info: slice 1, lp_score: 5395.0, primal_bound: 0.0
QIP_gurobi_bound: solver finished in 4.578 s (time_limit=100.0 s, status=OPTIMAL)
[ Info: slice 2, lp_score: 5398.0, primal_bound: 0.0
[ Info: new_scs: [44, 43]
[ Info: lp_scores: [5398.0, 5395.0]
[ Info: lp_scores: 5395.0
[ Info: lp_scores: 5398.0
[ Info: current num of unfinished slices: 19, finished slices: 0
                      ┌                                        ┐ 
                   43 ┤■■■■■■■■■■■■■■■■■■■ 1                     
                   44 ┤■■■■■■■■■■■■■■■■■■■ 1                     
                   45 ┤■■■■■■■■■■■■■■■■■■■ 1                     
                   46 ┤■■■■■■■■■■■■■■■■■■■ 1                     
                   47 ┤■■■■■■■■■■■■■■■■■■■ 1                     
                   48 ┤■■■■■■■■■■■■■■■■■■■ 1                     
                   49 ┤■■■■■■■■■■■■■■■■■■■■■■■■■■■■■■■■■■■■■ 2   
                   50 ┤■■■■■■■■■■■■■■■■■■■ 1                     
   sc, target = 31 51 ┤ 0                                        
                   52 ┤■■■■■■■■■■■■■■■■■■■■■■■■■■■■■■■■■■■■■ 2   
                   53 ┤■■■■■■■■■■■■■■■■■■■ 1                     
                   54 ┤■■■■■■■■■■■■■■■■■■■■■■■■■■■■■■■■■■■■■ 2   
                   55 ┤ 0                                        
                   56 ┤■■■■■■■■■■■■■■■■■■■■■■■■■■■■■■■■■■■■■ 2   
                   57 ┤■■■■■■■■■■■■■■■■■■■ 1                     
                   58 ┤ 0                                        
                   59 ┤■■■■■■■■■■■■■■■■■■■ 1                     
                   60 ┤■■■■■■■■■■■■■■■■■■■ 1                     
                      └                                        ┘ 
                                     num of slices               
[ Info: slicing branch with sc: 44.0
[ Info: cc.sc: 44.0
region size: 10
QIP_gurobi_bound: solver finished in 1.238 s (time_limit=100.0 s, status=OPTIMAL)
[ Info: slice 1, lp_score: 5395.0, primal_bound: 0.0
QIP_gurobi_bound: solver finished in 5.419 s (time_limit=100.0 s, status=OPTIMAL)
[ Info: slice 2, lp_score: 5398.0, primal_bound: 0.0
[ Info: new_scs: [42, 42]
[ Info: lp_scores: [5398.0, 5395.0]
[ Info: lp_scores: 5395.0
[ Info: lp_scores: 5398.0
[ Info: current num of unfinished slices: 20, finished slices: 0
                      ┌                                        ┐ 
                   42 ┤■■■■■■■■■■■■■■■■■■■■■■■■■■■■■■■■■■■■■ 2   
                   43 ┤■■■■■■■■■■■■■■■■■■■ 1                     
                   44 ┤ 0                                        
                   45 ┤■■■■■■■■■■■■■■■■■■■ 1                     
                   46 ┤■■■■■■■■■■■■■■■■■■■ 1                     
                   47 ┤■■■■■■■■■■■■■■■■■■■ 1                     
                   48 ┤■■■■■■■■■■■■■■■■■■■ 1                     
                   49 ┤■■■■■■■■■■■■■■■■■■■■■■■■■■■■■■■■■■■■■ 2   
                   50 ┤■■■■■■■■■■■■■■■■■■■ 1                     
   sc, target = 31 51 ┤ 0                                        
                   52 ┤■■■■■■■■■■■■■■■■■■■■■■■■■■■■■■■■■■■■■ 2   
                   53 ┤■■■■■■■■■■■■■■■■■■■ 1                     
                   54 ┤■■■■■■■■■■■■■■■■■■■■■■■■■■■■■■■■■■■■■ 2   
                   55 ┤ 0                                        
                   56 ┤■■■■■■■■■■■■■■■■■■■■■■■■■■■■■■■■■■■■■ 2   
                   57 ┤■■■■■■■■■■■■■■■■■■■ 1                     
                   58 ┤ 0                                        
                   59 ┤■■■■■■■■■■■■■■■■■■■ 1                     
                   60 ┤■■■■■■■■■■■■■■■■■■■ 1                     
                      └                                        ┘ 
                                     num of slices               
[ Info: slicing branch with sc: 42.0
[ Info: cc.sc: 42.0
region size: 10
QIP_gurobi_bound: solver finished in 1.211 s (time_limit=100.0 s, status=OPTIMAL)
[ Info: slice 1, lp_score: 5398.0, primal_bound: 0.0
QIP_gurobi_bound: solver finished in 4.112 s (time_limit=100.0 s, status=OPTIMAL)
[ Info: slice 2, lp_score: 5398.0, primal_bound: 0.0
[ Info: new_scs: [41, 42]
[ Info: lp_scores: [5398.0, 5398.0]
[ Info: lp_scores: 5398.0
[ Info: lp_scores: 5398.0
[ Info: current num of unfinished slices: 21, finished slices: 0
                      ┌                                        ┐ 
                   41 ┤■■■■■■■■■■■■■■■■■■■ 1                     
                   42 ┤■■■■■■■■■■■■■■■■■■■■■■■■■■■■■■■■■■■■■ 2   
                   43 ┤■■■■■■■■■■■■■■■■■■■ 1                     
                   44 ┤ 0                                        
                   45 ┤■■■■■■■■■■■■■■■■■■■ 1                     
                   46 ┤■■■■■■■■■■■■■■■■■■■ 1                     
                   47 ┤■■■■■■■■■■■■■■■■■■■ 1                     
                   48 ┤■■■■■■■■■■■■■■■■■■■ 1                     
                   49 ┤■■■■■■■■■■■■■■■■■■■■■■■■■■■■■■■■■■■■■ 2   
   sc, target = 31 50 ┤■■■■■■■■■■■■■■■■■■■ 1                     
                   51 ┤ 0                                        
                   52 ┤■■■■■■■■■■■■■■■■■■■■■■■■■■■■■■■■■■■■■ 2   
                   53 ┤■■■■■■■■■■■■■■■■■■■ 1                     
                   54 ┤■■■■■■■■■■■■■■■■■■■■■■■■■■■■■■■■■■■■■ 2   
                   55 ┤ 0                                        
                   56 ┤■■■■■■■■■■■■■■■■■■■■■■■■■■■■■■■■■■■■■ 2   
                   57 ┤■■■■■■■■■■■■■■■■■■■ 1                     
                   58 ┤ 0                                        
                   59 ┤■■■■■■■■■■■■■■■■■■■ 1                     
                   60 ┤■■■■■■■■■■■■■■■■■■■ 1                     
                      └                                        ┘ 
                                     num of slices               
[ Info: slicing branch with sc: 41.0
[ Info: cc.sc: 41.0
region size: 10
QIP_gurobi_bound: solver finished in 5.949 s (time_limit=100.0 s, status=OPTIMAL)
[ Info: slice 1, lp_score: 5398.0, primal_bound: 0.0
QIP_gurobi_bound: solver finished in 1.48 s (time_limit=100.0 s, status=OPTIMAL)
[ Info: slice 2, lp_score: 5393.0, primal_bound: 0.0
[ Info: new_scs: [41, 40]
[ Info: lp_scores: [5398.0, 5393.0]
[ Info: lp_scores: 5393.0
[ Info: lp_scores: 5398.0
[ Info: current num of unfinished slices: 22, finished slices: 0
                      ┌                                        ┐ 
                   40 ┤■■■■■■■■■■■■■■■■■■■ 1                     
                   41 ┤■■■■■■■■■■■■■■■■■■■ 1                     
                   42 ┤■■■■■■■■■■■■■■■■■■■■■■■■■■■■■■■■■■■■■ 2   
                   43 ┤■■■■■■■■■■■■■■■■■■■ 1                     
                   44 ┤ 0                                        
                   45 ┤■■■■■■■■■■■■■■■■■■■ 1                     
                   46 ┤■■■■■■■■■■■■■■■■■■■ 1                     
                   47 ┤■■■■■■■■■■■■■■■■■■■ 1                     
                   48 ┤■■■■■■■■■■■■■■■■■■■ 1                     
                   49 ┤■■■■■■■■■■■■■■■■■■■■■■■■■■■■■■■■■■■■■ 2   
   sc, target = 31 50 ┤■■■■■■■■■■■■■■■■■■■ 1                     
                   51 ┤ 0                                        
                   52 ┤■■■■■■■■■■■■■■■■■■■■■■■■■■■■■■■■■■■■■ 2   
                   53 ┤■■■■■■■■■■■■■■■■■■■ 1                     
                   54 ┤■■■■■■■■■■■■■■■■■■■■■■■■■■■■■■■■■■■■■ 2   
                   55 ┤ 0                                        
                   56 ┤■■■■■■■■■■■■■■■■■■■■■■■■■■■■■■■■■■■■■ 2   
                   57 ┤■■■■■■■■■■■■■■■■■■■ 1                     
                   58 ┤ 0                                        
                   59 ┤■■■■■■■■■■■■■■■■■■■ 1                     
                   60 ┤■■■■■■■■■■■■■■■■■■■ 1                     
                      └                                        ┘ 
                                     num of slices               
[ Info: slicing branch with sc: 41.0
[ Info: cc.sc: 41.0
region size: 10
QIP_gurobi_bound: solver finished in 1.339 s (time_limit=100.0 s, status=OPTIMAL)
[ Info: slice 1, lp_score: 5396.0, primal_bound: 0.0
QIP_gurobi_bound: solver finished in 1.35 s (time_limit=100.0 s, status=OPTIMAL)
[ Info: slice 2, lp_score: 5398.0, primal_bound: 0.0
[ Info: new_scs: [41, 40]
[ Info: lp_scores: [5398.0, 5396.0]
[ Info: lp_scores: 5396.0
[ Info: lp_scores: 5398.0
[ Info: current num of unfinished slices: 23, finished slices: 0
                      ┌                                        ┐ 
                   40 ┤■■■■■■■■■■■■■■■■■■■■■■■■■■■■■■■■■■■■■ 2   
                   41 ┤■■■■■■■■■■■■■■■■■■■ 1                     
                   42 ┤■■■■■■■■■■■■■■■■■■■■■■■■■■■■■■■■■■■■■ 2   
                   43 ┤■■■■■■■■■■■■■■■■■■■ 1                     
                   44 ┤ 0                                        
                   45 ┤■■■■■■■■■■■■■■■■■■■ 1                     
                   46 ┤■■■■■■■■■■■■■■■■■■■ 1                     
                   47 ┤■■■■■■■■■■■■■■■■■■■ 1                     
                   48 ┤■■■■■■■■■■■■■■■■■■■ 1                     
                   49 ┤■■■■■■■■■■■■■■■■■■■■■■■■■■■■■■■■■■■■■ 2   
   sc, target = 31 50 ┤■■■■■■■■■■■■■■■■■■■ 1                     
                   51 ┤ 0                                        
                   52 ┤■■■■■■■■■■■■■■■■■■■■■■■■■■■■■■■■■■■■■ 2   
                   53 ┤■■■■■■■■■■■■■■■■■■■ 1                     
                   54 ┤■■■■■■■■■■■■■■■■■■■■■■■■■■■■■■■■■■■■■ 2   
                   55 ┤ 0                                        
                   56 ┤■■■■■■■■■■■■■■■■■■■■■■■■■■■■■■■■■■■■■ 2   
                   57 ┤■■■■■■■■■■■■■■■■■■■ 1                     
                   58 ┤ 0                                        
                   59 ┤■■■■■■■■■■■■■■■■■■■ 1                     
                   60 ┤■■■■■■■■■■■■■■■■■■■ 1                     
                      └                                        ┘ 
                                     num of slices               
[ Info: slicing branch with sc: 41.0
[ Info: cc.sc: 41.0
region size: 10
QIP_gurobi_bound: solver finished in 1.395 s (time_limit=100.0 s, status=OPTIMAL)
[ Info: slice 1, lp_score: 5398.0, primal_bound: 0.0
QIP_gurobi_bound: solver finished in 4.958 s (time_limit=100.0 s, status=OPTIMAL)
[ Info: slice 2, lp_score: 5397.0, primal_bound: 0.0
[ Info: new_scs: [41, 40]
[ Info: lp_scores: [5398.0, 5397.0]
[ Info: lp_scores: 5397.0
[ Info: lp_scores: 5398.0
[ Info: current num of unfinished slices: 24, finished slices: 0
                      ┌                                        ┐ 
                   40 ┤■■■■■■■■■■■■■■■■■■■■■■■■■■■■■■■■■■■■■ 3   
                   41 ┤■■■■■■■■■■■■ 1                            
                   42 ┤■■■■■■■■■■■■■■■■■■■■■■■■■ 2               
                   43 ┤■■■■■■■■■■■■ 1                            
                   44 ┤ 0                                        
                   45 ┤■■■■■■■■■■■■ 1                            
                   46 ┤■■■■■■■■■■■■ 1                            
                   47 ┤■■■■■■■■■■■■ 1                            
                   48 ┤■■■■■■■■■■■■ 1                            
                   49 ┤■■■■■■■■■■■■■■■■■■■■■■■■■ 2               
   sc, target = 31 50 ┤■■■■■■■■■■■■ 1                            
                   51 ┤ 0                                        
                   52 ┤■■■■■■■■■■■■■■■■■■■■■■■■■ 2               
                   53 ┤■■■■■■■■■■■■ 1                            
                   54 ┤■■■■■■■■■■■■■■■■■■■■■■■■■ 2               
                   55 ┤ 0                                        
                   56 ┤■■■■■■■■■■■■■■■■■■■■■■■■■ 2               
                   57 ┤■■■■■■■■■■■■ 1                            
                   58 ┤ 0                                        
                   59 ┤■■■■■■■■■■■■ 1                            
                   60 ┤■■■■■■■■■■■■ 1                            
                      └                                        ┘ 
                                     num of slices               
[ Info: slicing branch with sc: 41.0
[ Info: cc.sc: 41.0
region size: 10
QIP_gurobi_bound: solver finished in 1.289 s (time_limit=100.0 s, status=OPTIMAL)
[ Info: slice 1, lp_score: 5398.0, primal_bound: 0.0
QIP_gurobi_bound: solver finished in 1.298 s (time_limit=100.0 s, status=OPTIMAL)
[ Info: slice 2, lp_score: 5397.0, primal_bound: 0.0
[ Info: new_scs: [40, 40]
[ Info: lp_scores: [5398.0, 5397.0]
[ Info: lp_scores: 5397.0
[ Info: lp_scores: 5398.0
[ Info: current num of unfinished slices: 25, finished slices: 0
                      ┌                                        ┐ 
                   40 ┤■■■■■■■■■■■■■■■■■■■■■■■■■■■■■■■■■■■■■ 5   
                   41 ┤ 0                                        
                   42 ┤■■■■■■■■■■■■■■■ 2                         
                   43 ┤■■■■■■■ 1                                 
                   44 ┤ 0                                        
                   45 ┤■■■■■■■ 1                                 
                   46 ┤■■■■■■■ 1                                 
                   47 ┤■■■■■■■ 1                                 
                   48 ┤■■■■■■■ 1                                 
                   49 ┤■■■■■■■■■■■■■■■ 2                         
   sc, target = 31 50 ┤■■■■■■■ 1                                 
                   51 ┤ 0                                        
                   52 ┤■■■■■■■■■■■■■■■ 2                         
                   53 ┤■■■■■■■ 1                                 
                   54 ┤■■■■■■■■■■■■■■■ 2                         
                   55 ┤ 0                                        
                   56 ┤■■■■■■■■■■■■■■■ 2                         
                   57 ┤■■■■■■■ 1                                 
                   58 ┤ 0                                        
                   59 ┤■■■■■■■ 1                                 
                   60 ┤■■■■■■■ 1                                 
                      └                                        ┘ 
                                     num of slices               
[ Info: slicing branch with sc: 40.0
[ Info: cc.sc: 40.0
region size: 10
QIP_gurobi_bound: solver finished in 1.519 s (time_limit=100.0 s, status=OPTIMAL)
[ Info: slice 1, lp_score: 5398.0, primal_bound: 0.0
QIP_gurobi_bound: solver finished in 1.385 s (time_limit=100.0 s, status=OPTIMAL)
[ Info: slice 2, lp_score: 5398.0, primal_bound: 0.0
[ Info: new_scs: [39, 40]
[ Info: lp_scores: [5398.0, 5398.0]
[ Info: lp_scores: 5398.0
[ Info: lp_scores: 5398.0
[ Info: current num of unfinished slices: 26, finished slices: 0
                      ┌                                        ┐ 
                   39 ┤■■■■■■■ 1                                 
                   40 ┤■■■■■■■■■■■■■■■■■■■■■■■■■■■■■■■■■■■■■ 5   
                   41 ┤ 0                                        
                   42 ┤■■■■■■■■■■■■■■■ 2                         
                   43 ┤■■■■■■■ 1                                 
                   44 ┤ 0                                        
                   45 ┤■■■■■■■ 1                                 
                   46 ┤■■■■■■■ 1                                 
                   47 ┤■■■■■■■ 1                                 
                   48 ┤■■■■■■■ 1                                 
   sc, target = 31 49 ┤■■■■■■■■■■■■■■■ 2                         
                   50 ┤■■■■■■■ 1                                 
                   51 ┤ 0                                        
                   52 ┤■■■■■■■■■■■■■■■ 2                         
                   53 ┤■■■■■■■ 1                                 
                   54 ┤■■■■■■■■■■■■■■■ 2                         
                   55 ┤ 0                                        
                   56 ┤■■■■■■■■■■■■■■■ 2                         
                   57 ┤■■■■■■■ 1                                 
                   58 ┤ 0                                        
                   59 ┤■■■■■■■ 1                                 
                   60 ┤■■■■■■■ 1                                 
                      └                                        ┘ 
                                     num of slices               
[ Info: slicing branch with sc: 39.0
[ Info: cc.sc: 39.0
region size: 10
QIP_gurobi_bound: solver finished in 1.216 s (time_limit=100.0 s, status=OPTIMAL)
[ Info: slice 1, lp_score: 5395.0, primal_bound: 0.0
QIP_gurobi_bound: solver finished in 4.542 s (time_limit=100.0 s, status=OPTIMAL)
[ Info: slice 2, lp_score: 5398.0, primal_bound: 0.0
[ Info: new_scs: [38, 39]
[ Info: lp_scores: [5398.0, 5395.0]
[ Info: lp_scores: 5395.0
[ Info: lp_scores: 5398.0
[ Info: current num of unfinished slices: 27, finished slices: 0
                      ┌                                        ┐ 
                   38 ┤■■■■■■■ 1                                 
                   39 ┤■■■■■■■ 1                                 
                   40 ┤■■■■■■■■■■■■■■■■■■■■■■■■■■■■■■■■■■■■■ 5   
                   41 ┤ 0                                        
                   42 ┤■■■■■■■■■■■■■■■ 2                         
                   43 ┤■■■■■■■ 1                                 
                   44 ┤ 0                                        
                   45 ┤■■■■■■■ 1                                 
                   46 ┤■■■■■■■ 1                                 
                   47 ┤■■■■■■■ 1                                 
                   48 ┤■■■■■■■ 1                                 
   sc, target = 31 49 ┤■■■■■■■■■■■■■■■ 2                         
                   50 ┤■■■■■■■ 1                                 
                   51 ┤ 0                                        
                   52 ┤■■■■■■■■■■■■■■■ 2                         
                   53 ┤■■■■■■■ 1                                 
                   54 ┤■■■■■■■■■■■■■■■ 2                         
                   55 ┤ 0                                        
                   56 ┤■■■■■■■■■■■■■■■ 2                         
                   57 ┤■■■■■■■ 1                                 
                   58 ┤ 0                                        
                   59 ┤■■■■■■■ 1                                 
                   60 ┤■■■■■■■ 1                                 
                      └                                        ┘ 
                                     num of slices               
[ Info: slicing branch with sc: 38.0
[ Info: cc.sc: 38.0
region size: 10
QIP_gurobi_bound: solver finished in 5.047 s (time_limit=100.0 s, status=OPTIMAL)
[ Info: slice 1, lp_score: 5393.0, primal_bound: 0.0
QIP_gurobi_bound: solver finished in 4.79 s (time_limit=100.0 s, status=OPTIMAL)
[ Info: slice 2, lp_score: 5398.0, primal_bound: 0.0
[ Info: new_scs: [38, 38]
[ Info: lp_scores: [5398.0, 5393.0]
[ Info: lp_scores: 5393.0
[ Info: lp_scores: 5398.0
[ Info: current num of unfinished slices: 28, finished slices: 0
                      ┌                                        ┐ 
                   38 ┤■■■■■■■■■■■■■■■ 2                         
                   39 ┤■■■■■■■ 1                                 
                   40 ┤■■■■■■■■■■■■■■■■■■■■■■■■■■■■■■■■■■■■■ 5   
                   41 ┤ 0                                        
                   42 ┤■■■■■■■■■■■■■■■ 2                         
                   43 ┤■■■■■■■ 1                                 
                   44 ┤ 0                                        
                   45 ┤■■■■■■■ 1                                 
                   46 ┤■■■■■■■ 1                                 
                   47 ┤■■■■■■■ 1                                 
                   48 ┤■■■■■■■ 1                                 
   sc, target = 31 49 ┤■■■■■■■■■■■■■■■ 2                         
                   50 ┤■■■■■■■ 1                                 
                   51 ┤ 0                                        
                   52 ┤■■■■■■■■■■■■■■■ 2                         
                   53 ┤■■■■■■■ 1                                 
                   54 ┤■■■■■■■■■■■■■■■ 2                         
                   55 ┤ 0                                        
                   56 ┤■■■■■■■■■■■■■■■ 2                         
                   57 ┤■■■■■■■ 1                                 
                   58 ┤ 0                                        
                   59 ┤■■■■■■■ 1                                 
                   60 ┤■■■■■■■ 1                                 
                      └                                        ┘ 
                                     num of slices               
[ Info: slicing branch with sc: 38.0
[ Info: cc.sc: 38.0
region size: 10
QIP_gurobi_bound: solver finished in 4.958 s (time_limit=100.0 s, status=OPTIMAL)
[ Info: slice 1, lp_score: 5398.0, primal_bound: 0.0
QIP_gurobi_bound: solver finished in 1.334 s (time_limit=100.0 s, status=OPTIMAL)
[ Info: slice 2, lp_score: 5395.0, primal_bound: 0.0
[ Info: new_scs: [37, 37]
[ Info: lp_scores: [5398.0, 5395.0]
[ Info: lp_scores: 5395.0
[ Info: lp_scores: 5398.0
[ Info: current num of unfinished slices: 29, finished slices: 0
                      ┌                                        ┐ 
                   37 ┤■■■■■■■■■■■■■■■ 2                         
                   38 ┤■■■■■■■ 1                                 
                   39 ┤■■■■■■■ 1                                 
                   40 ┤■■■■■■■■■■■■■■■■■■■■■■■■■■■■■■■■■■■■■ 5   
                   41 ┤ 0                                        
                   42 ┤■■■■■■■■■■■■■■■ 2                         
                   43 ┤■■■■■■■ 1                                 
                   44 ┤ 0                                        
                   45 ┤■■■■■■■ 1                                 
                   46 ┤■■■■■■■ 1                                 
                   47 ┤■■■■■■■ 1                                 
   sc, target = 31 48 ┤■■■■■■■ 1                                 
                   49 ┤■■■■■■■■■■■■■■■ 2                         
                   50 ┤■■■■■■■ 1                                 
                   51 ┤ 0                                        
                   52 ┤■■■■■■■■■■■■■■■ 2                         
                   53 ┤■■■■■■■ 1                                 
                   54 ┤■■■■■■■■■■■■■■■ 2                         
                   55 ┤ 0                                        
                   56 ┤■■■■■■■■■■■■■■■ 2                         
                   57 ┤■■■■■■■ 1                                 
                   58 ┤ 0                                        
                   59 ┤■■■■■■■ 1                                 
                   60 ┤■■■■■■■ 1                                 
                      └                                        ┘ 
                                     num of slices               
[ Info: slicing branch with sc: 37.0
[ Info: cc.sc: 37.0
region size: 10
QIP_gurobi_bound: solver finished in 1.25 s (time_limit=100.0 s, status=OPTIMAL)
[ Info: slice 1, lp_score: 5396.0, primal_bound: 0.0
QIP_gurobi_bound: solver finished in 1.257 s (time_limit=100.0 s, status=OPTIMAL)
[ Info: slice 2, lp_score: 5398.0, primal_bound: 0.0
[ Info: new_scs: [37, 36]
[ Info: lp_scores: [5398.0, 5396.0]
[ Info: lp_scores: 5396.0
[ Info: lp_scores: 5398.0
[ Info: current num of unfinished slices: 30, finished slices: 0
                      ┌                                        ┐ 
                   36 ┤■■■■■■■ 1                                 
                   37 ┤■■■■■■■■■■■■■■■ 2                         
                   38 ┤■■■■■■■ 1                                 
                   39 ┤■■■■■■■ 1                                 
                   40 ┤■■■■■■■■■■■■■■■■■■■■■■■■■■■■■■■■■■■■■ 5   
                   41 ┤ 0                                        
                   42 ┤■■■■■■■■■■■■■■■ 2                         
                   43 ┤■■■■■■■ 1                                 
                   44 ┤ 0                                        
                   45 ┤■■■■■■■ 1                                 
                   46 ┤■■■■■■■ 1                                 
                   47 ┤■■■■■■■ 1                                 
   sc, target = 31 48 ┤■■■■■■■ 1                                 
                   49 ┤■■■■■■■■■■■■■■■ 2                         
                   50 ┤■■■■■■■ 1                                 
                   51 ┤ 0                                        
                   52 ┤■■■■■■■■■■■■■■■ 2                         
                   53 ┤■■■■■■■ 1                                 
                   54 ┤■■■■■■■■■■■■■■■ 2                         
                   55 ┤ 0                                        
                   56 ┤■■■■■■■■■■■■■■■ 2                         
                   57 ┤■■■■■■■ 1                                 
                   58 ┤ 0                                        
                   59 ┤■■■■■■■ 1                                 
                   60 ┤■■■■■■■ 1                                 
                      └                                        ┘ 
                                     num of slices               
[ Info: slicing branch with sc: 37.0
[ Info: cc.sc: 37.0
region size: 10
QIP_gurobi_bound: solver finished in 1.253 s (time_limit=100.0 s, status=OPTIMAL)
[ Info: slice 1, lp_score: 5398.0, primal_bound: 0.0
QIP_gurobi_bound: solver finished in 1.35 s (time_limit=100.0 s, status=OPTIMAL)
[ Info: slice 2, lp_score: 5393.0, primal_bound: 0.0
[ Info: new_scs: [35, 36]
[ Info: lp_scores: [5398.0, 5393.0]
[ Info: lp_scores: 5393.0
[ Info: lp_scores: 5398.0
[ Info: current num of unfinished slices: 31, finished slices: 0
                      ┌                                        ┐ 
                   35 ┤■■■■■■■ 1                                 
                   36 ┤■■■■■■■■■■■■■■■ 2                         
                   37 ┤■■■■■■■ 1                                 
                   38 ┤■■■■■■■ 1                                 
                   39 ┤■■■■■■■ 1                                 
                   40 ┤■■■■■■■■■■■■■■■■■■■■■■■■■■■■■■■■■■■■■ 5   
                   41 ┤ 0                                        
                   42 ┤■■■■■■■■■■■■■■■ 2                         
                   43 ┤■■■■■■■ 1                                 
                   44 ┤ 0                                        
                   45 ┤■■■■■■■ 1                                 
                   46 ┤■■■■■■■ 1                                 
   sc, target = 31 47 ┤■■■■■■■ 1                                 
                   48 ┤■■■■■■■ 1                                 
                   49 ┤■■■■■■■■■■■■■■■ 2                         
                   50 ┤■■■■■■■ 1                                 
                   51 ┤ 0                                        
                   52 ┤■■■■■■■■■■■■■■■ 2                         
                   53 ┤■■■■■■■ 1                                 
                   54 ┤■■■■■■■■■■■■■■■ 2                         
                   55 ┤ 0                                        
                   56 ┤■■■■■■■■■■■■■■■ 2                         
                   57 ┤■■■■■■■ 1                                 
                   58 ┤ 0                                        
                   59 ┤■■■■■■■ 1                                 
                   60 ┤■■■■■■■ 1                                 
                      └                                        ┘ 
                                     num of slices               
[ Info: slicing branch with sc: 35.0
[ Info: cc.sc: 35.0
region size: 10
QIP_gurobi_bound: solver finished in 1.298 s (time_limit=100.0 s, status=OPTIMAL)
[ Info: slice 1, lp_score: 5386.0, primal_bound: 0.0
QIP_gurobi_bound: solver finished in 1.319 s (time_limit=100.0 s, status=OPTIMAL)
[ Info: slice 2, lp_score: 5398.0, primal_bound: 0.0
[ Info: new_scs: [34, 34]
[ Info: lp_scores: [5398.0, 5386.0]
[ Info: lp_scores: 5386.0
[ Info: lp_scores: 5398.0
[ Info: current num of unfinished slices: 32, finished slices: 0
                      ┌                                        ┐ 
                   34 ┤■■■■■■■■■■■■■■■ 2                         
                   35 ┤ 0                                        
                   36 ┤■■■■■■■■■■■■■■■ 2                         
                   37 ┤■■■■■■■ 1                                 
                   38 ┤■■■■■■■ 1                                 
                   39 ┤■■■■■■■ 1                                 
                   40 ┤■■■■■■■■■■■■■■■■■■■■■■■■■■■■■■■■■■■■■ 5   
                   41 ┤ 0                                        
                   42 ┤■■■■■■■■■■■■■■■ 2                         
                   43 ┤■■■■■■■ 1                                 
                   44 ┤ 0                                        
                   45 ┤■■■■■■■ 1                                 
                   46 ┤■■■■■■■ 1                                 
   sc, target = 31 47 ┤■■■■■■■ 1                                 
                   48 ┤■■■■■■■ 1                                 
                   49 ┤■■■■■■■■■■■■■■■ 2                         
                   50 ┤■■■■■■■ 1                                 
                   51 ┤ 0                                        
                   52 ┤■■■■■■■■■■■■■■■ 2                         
                   53 ┤■■■■■■■ 1                                 
                   54 ┤■■■■■■■■■■■■■■■ 2                         
                   55 ┤ 0                                        
                   56 ┤■■■■■■■■■■■■■■■ 2                         
                   57 ┤■■■■■■■ 1                                 
                   58 ┤ 0                                        
                   59 ┤■■■■■■■ 1                                 
                   60 ┤■■■■■■■ 1                                 
                      └                                        ┘ 
                                     num of slices               
[ Info: slicing branch with sc: 34.0
[ Info: cc.sc: 34.0
region size: 10
QIP_gurobi_bound: solver finished in 4.073 s (time_limit=100.0 s, status=OPTIMAL)
[ Info: slice 1, lp_score: 5390.0, primal_bound: 0.0
QIP_gurobi_bound: solver finished in 1.264 s (time_limit=100.0 s, status=OPTIMAL)
[ Info: slice 2, lp_score: 5392.0, primal_bound: 0.0
QIP_gurobi_bound: solver finished in 4.375 s (time_limit=100.0 s, status=OPTIMAL)
[ Info: slice 3, lp_score: 5398.0, primal_bound: 0.0
QIP_gurobi_bound: solver finished in 1.241 s (time_limit=100.0 s, status=OPTIMAL)
[ Info: slice 4, lp_score: 5385.0, primal_bound: 0.0
QIP_gurobi_bound: solver finished in 1.448 s (time_limit=100.0 s, status=OPTIMAL)
[ Info: slice 5, lp_score: 5388.0, primal_bound: 0.0
QIP_gurobi_bound: solver finished in 1.183 s (time_limit=100.0 s, status=OPTIMAL)
[ Info: slice 6, lp_score: 5390.0, primal_bound: 0.0
QIP_gurobi_bound: solver finished in 1.279 s (time_limit=100.0 s, status=OPTIMAL)
[ Info: slice 7, lp_score: 5388.0, primal_bound: 0.0
QIP_gurobi_bound: solver finished in 1.445 s (time_limit=100.0 s, status=OPTIMAL)
[ Info: slice 8, lp_score: 5395.0, primal_bound: 0.0
[ Info: new_scs: [31, 31, 31, 31, 31, 31, 31, 31]
[ Info: lp_scores: [5398.0, 5395.0, 5392.0, 5390.0, 5390.0, 5388.0, 5388.0, 5385.0]
[ Info: lp_scores: 5385.0
[ Info: lp_scores: 5388.0
[ Info: lp_scores: 5388.0
[ Info: lp_scores: 5390.0
[ Info: lp_scores: 5390.0
[ Info: lp_scores: 5392.0
[ Info: lp_scores: 5395.0
[ Info: lp_scores: 5398.0
[ Info: current num of unfinished slices: 39, finished slices: 0
                      ┌                                        ┐ 
                   31 ┤■■■■■■■■■■■■■■■■■■■■■■■■■■■■■■■■■■■■■ 8   
                   32 ┤ 0                                        
                   33 ┤ 0                                        
                   34 ┤■■■■■ 1                                   
                   35 ┤ 0                                        
                   36 ┤■■■■■■■■■ 2                               
                   37 ┤■■■■■ 1                                   
                   38 ┤■■■■■ 1                                   
                   39 ┤■■■■■ 1                                   
                   40 ┤■■■■■■■■■■■■■■■■■■■■■■■ 5                 
                   41 ┤ 0                                        
                   42 ┤■■■■■■■■■ 2                               
                   43 ┤■■■■■ 1                                   
                   44 ┤ 0                                        
   sc, target = 31 45 ┤■■■■■ 1                                   
                   46 ┤■■■■■ 1                                   
                   47 ┤■■■■■ 1                                   
                   48 ┤■■■■■ 1                                   
                   49 ┤■■■■■■■■■ 2                               
                   50 ┤■■■■■ 1                                   
                   51 ┤ 0                                        
                   52 ┤■■■■■■■■■ 2                               
                   53 ┤■■■■■ 1                                   
                   54 ┤■■■■■■■■■ 2                               
                   55 ┤ 0                                        
                   56 ┤■■■■■■■■■ 2                               
                   57 ┤■■■■■ 1                                   
                   58 ┤ 0                                        
                   59 ┤■■■■■ 1                                   
                   60 ┤■■■■■ 1                                   
                      └                                        ┘ 
                                     num of slices               
[ Info: slicing branch with sc: 31.0
  [slice produced] sc=31.0 tc=44.889093810083736 nv=3549 ne=6920 r=52.5
QIP_value_gurobi: solver finished in 4.396 s (time_limit=604800.0 s, status=OPTIMAL)
[ Info: feasible solution: 5398.0, primal bound: 5398.0
[ Info: current num of unfinished slices: 38, finished slices: 1
                      ┌                                        ┐ 
                   31 ┤■■■■■■■■■■■■■■■■■■■■■■■■■■■■■■■■■■■■■ 7   
                   32 ┤ 0                                        
                   33 ┤ 0                                        
                   34 ┤■■■■■ 1                                   
                   35 ┤ 0                                        
                   36 ┤■■■■■■■■■■■ 2                             
                   37 ┤■■■■■ 1                                   
                   38 ┤■■■■■ 1                                   
                   39 ┤■■■■■ 1                                   
                   40 ┤■■■■■■■■■■■■■■■■■■■■■■■■■■ 5              
                   41 ┤ 0                                        
                   42 ┤■■■■■■■■■■■ 2                             
                   43 ┤■■■■■ 1                                   
                   44 ┤ 0                                        
   sc, target = 31 45 ┤■■■■■ 1                                   
                   46 ┤■■■■■ 1                                   
                   47 ┤■■■■■ 1                                   
                   48 ┤■■■■■ 1                                   
                   49 ┤■■■■■■■■■■■ 2                             
                   50 ┤■■■■■ 1                                   
                   51 ┤ 0                                        
                   52 ┤■■■■■■■■■■■ 2                             
                   53 ┤■■■■■ 1                                   
                   54 ┤■■■■■■■■■■■ 2                             
                   55 ┤ 0                                        
                   56 ┤■■■■■■■■■■■ 2                             
                   57 ┤■■■■■ 1                                   
                   58 ┤ 0                                        
                   59 ┤■■■■■ 1                                   
                   60 ┤■■■■■ 1                                   
                      └                                        ┘ 
                                     num of slices               
[ Info: slicing branch with sc: 31.0
  [slice produced] sc=31.0 tc=45.414853237748986 nv=3548 ne=6919 r=54.0
QIP_value_gurobi: solver finished in 1.432 s (time_limit=604800.0 s, status=OPTIMAL)
[ Info: feasible solution: 5395.0, primal bound: 5398.0
[ Info: current num of unfinished slices: 37, finished slices: 2
                      ┌                                        ┐ 
                   31 ┤■■■■■■■■■■■■■■■■■■■■■■■■■■■■■■■■■■■■■ 6   
                   32 ┤ 0                                        
                   33 ┤ 0                                        
                   34 ┤■■■■■■ 1                                  
                   35 ┤ 0                                        
                   36 ┤■■■■■■■■■■■■ 2                            
                   37 ┤■■■■■■ 1                                  
                   38 ┤■■■■■■ 1                                  
                   39 ┤■■■■■■ 1                                  
                   40 ┤■■■■■■■■■■■■■■■■■■■■■■■■■■■■■■■ 5         
                   41 ┤ 0                                        
                   42 ┤■■■■■■■■■■■■ 2                            
                   43 ┤■■■■■■ 1                                  
                   44 ┤ 0                                        
   sc, target = 31 45 ┤■■■■■■ 1                                  
                   46 ┤■■■■■■ 1                                  
                   47 ┤■■■■■■ 1                                  
                   48 ┤■■■■■■ 1                                  
                   49 ┤■■■■■■■■■■■■ 2                            
                   50 ┤■■■■■■ 1                                  
                   51 ┤ 0                                        
                   52 ┤■■■■■■■■■■■■ 2                            
                   53 ┤■■■■■■ 1                                  
                   54 ┤■■■■■■■■■■■■ 2                            
                   55 ┤ 0                                        
                   56 ┤■■■■■■■■■■■■ 2                            
                   57 ┤■■■■■■ 1                                  
                   58 ┤ 0                                        
                   59 ┤■■■■■■ 1                                  
                   60 ┤■■■■■■ 1                                  
                      └                                        ┘ 
                                     num of slices               
[ Info: slicing branch with sc: 31.0
  [slice produced] sc=31.0 tc=44.73550098305252 nv=3548 ne=6918 r=52.0
QIP_value_gurobi: solver finished in 1.217 s (time_limit=604800.0 s, status=OPTIMAL)
[ Info: feasible solution: 5392.0, primal bound: 5398.0
[ Info: current num of unfinished slices: 36, finished slices: 3
                      ┌                                        ┐ 
                   31 ┤■■■■■■■■■■■■■■■■■■■■■■■■■■■■■■■■■■■■■ 5   
                   32 ┤ 0                                        
                   33 ┤ 0                                        
                   34 ┤■■■■■■■ 1                                 
                   35 ┤ 0                                        
                   36 ┤■■■■■■■■■■■■■■■ 2                         
                   37 ┤■■■■■■■ 1                                 
                   38 ┤■■■■■■■ 1                                 
                   39 ┤■■■■■■■ 1                                 
                   40 ┤■■■■■■■■■■■■■■■■■■■■■■■■■■■■■■■■■■■■■ 5   
                   41 ┤ 0                                        
                   42 ┤■■■■■■■■■■■■■■■ 2                         
                   43 ┤■■■■■■■ 1                                 
                   44 ┤ 0                                        
   sc, target = 31 45 ┤■■■■■■■ 1                                 
                   46 ┤■■■■■■■ 1                                 
                   47 ┤■■■■■■■ 1                                 
                   48 ┤■■■■■■■ 1                                 
                   49 ┤■■■■■■■■■■■■■■■ 2                         
                   50 ┤■■■■■■■ 1                                 
                   51 ┤ 0                                        
                   52 ┤■■■■■■■■■■■■■■■ 2                         
                   53 ┤■■■■■■■ 1                                 
                   54 ┤■■■■■■■■■■■■■■■ 2                         
                   55 ┤ 0                                        
                   56 ┤■■■■■■■■■■■■■■■ 2                         
                   57 ┤■■■■■■■ 1                                 
                   58 ┤ 0                                        
                   59 ┤■■■■■■■ 1                                 
                   60 ┤■■■■■■■ 1                                 
                      └                                        ┘ 
                                     num of slices               
[ Info: slicing branch with sc: 31.0
  [slice produced] sc=31.0 tc=44.68164913373733 nv=3547 ne=6915 r=53.5
QIP_value_gurobi: solver finished in 1.193 s (time_limit=604800.0 s, status=OPTIMAL)
[ Info: feasible solution: 5390.0, primal bound: 5398.0
[ Info: current num of unfinished slices: 35, finished slices: 4
                      ┌                                        ┐ 
                   31 ┤■■■■■■■■■■■■■■■■■■■■■■■■■■■■■■ 4          
                   32 ┤ 0                                        
                   33 ┤ 0                                        
                   34 ┤■■■■■■■ 1                                 
                   35 ┤ 0                                        
                   36 ┤■■■■■■■■■■■■■■■ 2                         
                   37 ┤■■■■■■■ 1                                 
                   38 ┤■■■■■■■ 1                                 
                   39 ┤■■■■■■■ 1                                 
                   40 ┤■■■■■■■■■■■■■■■■■■■■■■■■■■■■■■■■■■■■■ 5   
                   41 ┤ 0                                        
                   42 ┤■■■■■■■■■■■■■■■ 2                         
                   43 ┤■■■■■■■ 1                                 
                   44 ┤ 0                                        
   sc, target = 31 45 ┤■■■■■■■ 1                                 
                   46 ┤■■■■■■■ 1                                 
                   47 ┤■■■■■■■ 1                                 
                   48 ┤■■■■■■■ 1                                 
                   49 ┤■■■■■■■■■■■■■■■ 2                         
                   50 ┤■■■■■■■ 1                                 
                   51 ┤ 0                                        
                   52 ┤■■■■■■■■■■■■■■■ 2                         
                   53 ┤■■■■■■■ 1                                 
                   54 ┤■■■■■■■■■■■■■■■ 2                         
                   55 ┤ 0                                        
                   56 ┤■■■■■■■■■■■■■■■ 2                         
                   57 ┤■■■■■■■ 1                                 
                   58 ┤ 0                                        
                   59 ┤■■■■■■■ 1                                 
                   60 ┤■■■■■■■ 1                                 
                      └                                        ┘ 
                                     num of slices               
[ Info: slicing branch with sc: 31.0
  [slice produced] sc=31.0 tc=45.845536354076074 nv=3548 ne=6918 r=53.0
QIP_value_gurobi: solver finished in 3.963 s (time_limit=604800.0 s, status=OPTIMAL)
[ Info: feasible solution: 5390.0, primal bound: 5398.0
[ Info: current num of unfinished slices: 34, finished slices: 5
                      ┌                                        ┐ 
                   31 ┤■■■■■■■■■■■■■■■■■■■■■■ 3                  
                   32 ┤ 0                                        
                   33 ┤ 0                                        
                   34 ┤■■■■■■■ 1                                 
                   35 ┤ 0                                        
                   36 ┤■■■■■■■■■■■■■■■ 2                         
                   37 ┤■■■■■■■ 1                                 
                   38 ┤■■■■■■■ 1                                 
                   39 ┤■■■■■■■ 1                                 
                   40 ┤■■■■■■■■■■■■■■■■■■■■■■■■■■■■■■■■■■■■■ 5   
                   41 ┤ 0                                        
                   42 ┤■■■■■■■■■■■■■■■ 2                         
                   43 ┤■■■■■■■ 1                                 
                   44 ┤ 0                                        
   sc, target = 31 45 ┤■■■■■■■ 1                                 
                   46 ┤■■■■■■■ 1                                 
                   47 ┤■■■■■■■ 1                                 
                   48 ┤■■■■■■■ 1                                 
                   49 ┤■■■■■■■■■■■■■■■ 2                         
                   50 ┤■■■■■■■ 1                                 
                   51 ┤ 0                                        
                   52 ┤■■■■■■■■■■■■■■■ 2                         
                   53 ┤■■■■■■■ 1                                 
                   54 ┤■■■■■■■■■■■■■■■ 2                         
                   55 ┤ 0                                        
                   56 ┤■■■■■■■■■■■■■■■ 2                         
                   57 ┤■■■■■■■ 1                                 
                   58 ┤ 0                                        
                   59 ┤■■■■■■■ 1                                 
                   60 ┤■■■■■■■ 1                                 
                      └                                        ┘ 
                                     num of slices               
[ Info: slicing branch with sc: 31.0
  [slice produced] sc=31.0 tc=45.62960827462495 nv=3547 ne=6916 r=51.5
QIP_value_gurobi: solver finished in 1.468 s (time_limit=604800.0 s, status=OPTIMAL)
[ Info: feasible solution: 5388.0, primal bound: 5398.0
[ Info: current num of unfinished slices: 33, finished slices: 6
                      ┌                                        ┐ 
                   31 ┤■■■■■■■■■■■■■■■ 2                         
                   32 ┤ 0                                        
                   33 ┤ 0                                        
                   34 ┤■■■■■■■ 1                                 
                   35 ┤ 0                                        
                   36 ┤■■■■■■■■■■■■■■■ 2                         
                   37 ┤■■■■■■■ 1                                 
                   38 ┤■■■■■■■ 1                                 
                   39 ┤■■■■■■■ 1                                 
                   40 ┤■■■■■■■■■■■■■■■■■■■■■■■■■■■■■■■■■■■■■ 5   
                   41 ┤ 0                                        
                   42 ┤■■■■■■■■■■■■■■■ 2                         
                   43 ┤■■■■■■■ 1                                 
                   44 ┤ 0                                        
   sc, target = 31 45 ┤■■■■■■■ 1                                 
                   46 ┤■■■■■■■ 1                                 
                   47 ┤■■■■■■■ 1                                 
                   48 ┤■■■■■■■ 1                                 
                   49 ┤■■■■■■■■■■■■■■■ 2                         
                   50 ┤■■■■■■■ 1                                 
                   51 ┤ 0                                        
                   52 ┤■■■■■■■■■■■■■■■ 2                         
                   53 ┤■■■■■■■ 1                                 
                   54 ┤■■■■■■■■■■■■■■■ 2                         
                   55 ┤ 0                                        
                   56 ┤■■■■■■■■■■■■■■■ 2                         
                   57 ┤■■■■■■■ 1                                 
                   58 ┤ 0                                        
                   59 ┤■■■■■■■ 1                                 
                   60 ┤■■■■■■■ 1                                 
                      └                                        ┘ 
                                     num of slices               
[ Info: slicing branch with sc: 31.0
  [slice produced] sc=31.0 tc=45.23421233163141 nv=3548 ne=6916 r=51.0
QIP_value_gurobi: solver finished in 1.245 s (time_limit=604800.0 s, status=OPTIMAL)
[ Info: feasible solution: 5388.0, primal bound: 5398.0
[ Info: current num of unfinished slices: 32, finished slices: 7
                      ┌                                        ┐ 
                   31 ┤■■■■■■■ 1                                 
                   32 ┤ 0                                        
                   33 ┤ 0                                        
                   34 ┤■■■■■■■ 1                                 
                   35 ┤ 0                                        
                   36 ┤■■■■■■■■■■■■■■■ 2                         
                   37 ┤■■■■■■■ 1                                 
                   38 ┤■■■■■■■ 1                                 
                   39 ┤■■■■■■■ 1                                 
                   40 ┤■■■■■■■■■■■■■■■■■■■■■■■■■■■■■■■■■■■■■ 5   
                   41 ┤ 0                                        
                   42 ┤■■■■■■■■■■■■■■■ 2                         
                   43 ┤■■■■■■■ 1                                 
                   44 ┤ 0                                        
   sc, target = 31 45 ┤■■■■■■■ 1                                 
                   46 ┤■■■■■■■ 1                                 
                   47 ┤■■■■■■■ 1                                 
                   48 ┤■■■■■■■ 1                                 
                   49 ┤■■■■■■■■■■■■■■■ 2                         
                   50 ┤■■■■■■■ 1                                 
                   51 ┤ 0                                        
                   52 ┤■■■■■■■■■■■■■■■ 2                         
                   53 ┤■■■■■■■ 1                                 
                   54 ┤■■■■■■■■■■■■■■■ 2                         
                   55 ┤ 0                                        
                   56 ┤■■■■■■■■■■■■■■■ 2                         
                   57 ┤■■■■■■■ 1                                 
                   58 ┤ 0                                        
                   59 ┤■■■■■■■ 1                                 
                   60 ┤■■■■■■■ 1                                 
                      └                                        ┘ 
                                     num of slices               
[ Info: slicing branch with sc: 31.0
  [slice produced] sc=31.0 tc=44.55377791421603 nv=3544 ne=6909 r=53.0
QIP_value_gurobi: solver finished in 1.241 s (time_limit=604800.0 s, status=OPTIMAL)
[ Info: feasible solution: 5385.0, primal bound: 5398.0
[ Info: current num of unfinished slices: 31, finished slices: 8
                      ┌                                        ┐ 
                   34 ┤■■■■■■■ 1                                 
                   35 ┤ 0                                        
                   36 ┤■■■■■■■■■■■■■■■ 2                         
                   37 ┤■■■■■■■ 1                                 
                   38 ┤■■■■■■■ 1                                 
                   39 ┤■■■■■■■ 1                                 
                   40 ┤■■■■■■■■■■■■■■■■■■■■■■■■■■■■■■■■■■■■■ 5   
                   41 ┤ 0                                        
                   42 ┤■■■■■■■■■■■■■■■ 2                         
                   43 ┤■■■■■■■ 1                                 
                   44 ┤ 0                                        
                   45 ┤■■■■■■■ 1                                 
                   46 ┤■■■■■■■ 1                                 
   sc, target = 31 47 ┤■■■■■■■ 1                                 
                   48 ┤■■■■■■■ 1                                 
                   49 ┤■■■■■■■■■■■■■■■ 2                         
                   50 ┤■■■■■■■ 1                                 
                   51 ┤ 0                                        
                   52 ┤■■■■■■■■■■■■■■■ 2                         
                   53 ┤■■■■■■■ 1                                 
                   54 ┤■■■■■■■■■■■■■■■ 2                         
                   55 ┤ 0                                        
                   56 ┤■■■■■■■■■■■■■■■ 2                         
                   57 ┤■■■■■■■ 1                                 
                   58 ┤ 0                                        
                   59 ┤■■■■■■■ 1                                 
                   60 ┤■■■■■■■ 1                                 
                      └                                        ┘ 
                                     num of slices               
[ Info: slicing branch with sc: 34.0
[ Info: cc.sc: 34.0
region size: 10
tbl0_rows:66 filtered_rows:66
QIP_gurobi_bound: solver finished in 4.786 s (time_limit=100.0 s, status=OPTIMAL)
[ Info: slice 1, lp_score: 5378.0, primal_bound: 5398.0
QIP_gurobi_bound: solver finished in 1.262 s (time_limit=100.0 s, status=OPTIMAL)
[ Info: slice 2, lp_score: 5380.0, primal_bound: 5398.0
QIP_gurobi_bound: solver finished in 1.4 s (time_limit=100.0 s, status=OPTIMAL)
[ Info: slice 3, lp_score: 5378.0, primal_bound: 5398.0
QIP_gurobi_bound: solver finished in 1.413 s (time_limit=100.0 s, status=OPTIMAL)
[ Info: slice 4, lp_score: 5376.0, primal_bound: 5398.0
QIP_gurobi_bound: solver finished in 1.358 s (time_limit=100.0 s, status=OPTIMAL)
[ Info: slice 5, lp_score: 5386.0, primal_bound: 5398.0
QIP_gurobi_bound: solver finished in 1.309 s (time_limit=100.0 s, status=OPTIMAL)
[ Info: slice 6, lp_score: 5381.0, primal_bound: 5398.0
QIP_gurobi_bound: solver finished in 6.384 s (time_limit=100.0 s, status=OPTIMAL)
[ Info: slice 7, lp_score: 5373.0, primal_bound: 5398.0
QIP_gurobi_bound: solver finished in 1.241 s (time_limit=100.0 s, status=OPTIMAL)
[ Info: slice 8, lp_score: 5376.0, primal_bound: 5398.0
QIP_gurobi_bound: solver finished in 1.17 s (time_limit=100.0 s, status=OPTIMAL)
[ Info: slice 9, lp_score: 5376.0, primal_bound: 5398.0
QIP_gurobi_bound: solver finished in 1.302 s (time_limit=100.0 s, status=OPTIMAL)
[ Info: slice 10, lp_score: 5383.0, primal_bound: 5398.0
[ Info: new_scs: Int64[]
[ Info: lp_scores: Float64[]
[ Info: current num of unfinished slices: 30, finished slices: 8
                      ┌                                        ┐ 
                   36 ┤■■■■■■■■■■■■■■■ 2                         
                   37 ┤■■■■■■■ 1                                 
                   38 ┤■■■■■■■ 1                                 
                   39 ┤■■■■■■■ 1                                 
                   40 ┤■■■■■■■■■■■■■■■■■■■■■■■■■■■■■■■■■■■■■ 5   
                   41 ┤ 0                                        
                   42 ┤■■■■■■■■■■■■■■■ 2                         
                   43 ┤■■■■■■■ 1                                 
                   44 ┤ 0                                        
                   45 ┤■■■■■■■ 1                                 
                   46 ┤■■■■■■■ 1                                 
                   47 ┤■■■■■■■ 1                                 
   sc, target = 31 48 ┤■■■■■■■ 1                                 
                   49 ┤■■■■■■■■■■■■■■■ 2                         
                   50 ┤■■■■■■■ 1                                 
                   51 ┤ 0                                        
                   52 ┤■■■■■■■■■■■■■■■ 2                         
                   53 ┤■■■■■■■ 1                                 
                   54 ┤■■■■■■■■■■■■■■■ 2                         
                   55 ┤ 0                                        
                   56 ┤■■■■■■■■■■■■■■■ 2                         
                   57 ┤■■■■■■■ 1                                 
                   58 ┤ 0                                        
                   59 ┤■■■■■■■ 1                                 
                   60 ┤■■■■■■■ 1                                 
                      └                                        ┘ 
                                     num of slices               
[ Info: slicing branch with sc: 36.0
[ Info: cc.sc: 36.0
region size: 10
tbl0_rows:46 filtered_rows:46
QIP_gurobi_bound: solver finished in 1.292 s (time_limit=100.0 s, status=OPTIMAL)
[ Info: slice 1, lp_score: 5393.0, primal_bound: 5398.0
QIP_gurobi_bound: solver finished in 1.241 s (time_limit=100.0 s, status=OPTIMAL)
[ Info: slice 2, lp_score: 5390.0, primal_bound: 5398.0
[ Info: new_scs: Int64[]
[ Info: lp_scores: Float64[]
[ Info: current num of unfinished slices: 29, finished slices: 8
                      ┌                                        ┐ 
                   36 ┤■■■■■■■ 1                                 
                   37 ┤■■■■■■■ 1                                 
                   38 ┤■■■■■■■ 1                                 
                   39 ┤■■■■■■■ 1                                 
                   40 ┤■■■■■■■■■■■■■■■■■■■■■■■■■■■■■■■■■■■■■ 5   
                   41 ┤ 0                                        
                   42 ┤■■■■■■■■■■■■■■■ 2                         
                   43 ┤■■■■■■■ 1                                 
                   44 ┤ 0                                        
                   45 ┤■■■■■■■ 1                                 
                   46 ┤■■■■■■■ 1                                 
                   47 ┤■■■■■■■ 1                                 
   sc, target = 31 48 ┤■■■■■■■ 1                                 
                   49 ┤■■■■■■■■■■■■■■■ 2                         
                   50 ┤■■■■■■■ 1                                 
                   51 ┤ 0                                        
                   52 ┤■■■■■■■■■■■■■■■ 2                         
                   53 ┤■■■■■■■ 1                                 
                   54 ┤■■■■■■■■■■■■■■■ 2                         
                   55 ┤ 0                                        
                   56 ┤■■■■■■■■■■■■■■■ 2                         
                   57 ┤■■■■■■■ 1                                 
                   58 ┤ 0                                        
                   59 ┤■■■■■■■ 1                                 
                   60 ┤■■■■■■■ 1                                 
                      └                                        ┘ 
                                     num of slices               
[ Info: slicing branch with sc: 36.0
[ Info: cc.sc: 36.0
region size: 10
tbl0_rows:8 filtered_rows:8
QIP_gurobi_bound: solver finished in 1.207 s (time_limit=100.0 s, status=OPTIMAL)
[ Info: slice 1, lp_score: 5396.0, primal_bound: 5398.0
[ Info: new_scs: Int64[]
[ Info: lp_scores: Float64[]
[ Info: current num of unfinished slices: 28, finished slices: 8
                      ┌                                        ┐ 
                   37 ┤■■■■■■■ 1                                 
                   38 ┤■■■■■■■ 1                                 
                   39 ┤■■■■■■■ 1                                 
                   40 ┤■■■■■■■■■■■■■■■■■■■■■■■■■■■■■■■■■■■■■ 5   
                   41 ┤ 0                                        
                   42 ┤■■■■■■■■■■■■■■■ 2                         
                   43 ┤■■■■■■■ 1                                 
                   44 ┤ 0                                        
                   45 ┤■■■■■■■ 1                                 
                   46 ┤■■■■■■■ 1                                 
                   47 ┤■■■■■■■ 1                                 
   sc, target = 31 48 ┤■■■■■■■ 1                                 
                   49 ┤■■■■■■■■■■■■■■■ 2                         
                   50 ┤■■■■■■■ 1                                 
                   51 ┤ 0                                        
                   52 ┤■■■■■■■■■■■■■■■ 2                         
                   53 ┤■■■■■■■ 1                                 
                   54 ┤■■■■■■■■■■■■■■■ 2                         
                   55 ┤ 0                                        
                   56 ┤■■■■■■■■■■■■■■■ 2                         
                   57 ┤■■■■■■■ 1                                 
                   58 ┤ 0                                        
                   59 ┤■■■■■■■ 1                                 
                   60 ┤■■■■■■■ 1                                 
                      └                                        ┘ 
                                     num of slices               
[ Info: slicing branch with sc: 37.0
[ Info: cc.sc: 37.0
region size: 10
tbl0_rows:20 filtered_rows:20
QIP_gurobi_bound: solver finished in 1.291 s (time_limit=100.0 s, status=OPTIMAL)
[ Info: slice 1, lp_score: 5393.0, primal_bound: 5398.0
QIP_gurobi_bound: solver finished in 4.08 s (time_limit=100.0 s, status=OPTIMAL)
[ Info: slice 2, lp_score: 5395.0, primal_bound: 5398.0
[ Info: new_scs: Int64[]
[ Info: lp_scores: Float64[]
[ Info: current num of unfinished slices: 27, finished slices: 8
                      ┌                                        ┐ 
                   38 ┤■■■■■■■ 1                                 
                   39 ┤■■■■■■■ 1                                 
                   40 ┤■■■■■■■■■■■■■■■■■■■■■■■■■■■■■■■■■■■■■ 5   
                   41 ┤ 0                                        
                   42 ┤■■■■■■■■■■■■■■■ 2                         
                   43 ┤■■■■■■■ 1                                 
                   44 ┤ 0                                        
                   45 ┤■■■■■■■ 1                                 
                   46 ┤■■■■■■■ 1                                 
                   47 ┤■■■■■■■ 1                                 
                   48 ┤■■■■■■■ 1                                 
   sc, target = 31 49 ┤■■■■■■■■■■■■■■■ 2                         
                   50 ┤■■■■■■■ 1                                 
                   51 ┤ 0                                        
                   52 ┤■■■■■■■■■■■■■■■ 2                         
                   53 ┤■■■■■■■ 1                                 
                   54 ┤■■■■■■■■■■■■■■■ 2                         
                   55 ┤ 0                                        
                   56 ┤■■■■■■■■■■■■■■■ 2                         
                   57 ┤■■■■■■■ 1                                 
                   58 ┤ 0                                        
                   59 ┤■■■■■■■ 1                                 
                   60 ┤■■■■■■■ 1                                 
                      └                                        ┘ 
                                     num of slices               
[ Info: slicing branch with sc: 38.0
[ Info: cc.sc: 38.0
region size: 10
tbl0_rows:42 filtered_rows:42
QIP_gurobi_bound: solver finished in 1.305 s (time_limit=100.0 s, status=OPTIMAL)
[ Info: slice 1, lp_score: 5391.0, primal_bound: 5398.0
QIP_gurobi_bound: solver finished in 1.352 s (time_limit=100.0 s, status=OPTIMAL)
[ Info: slice 2, lp_score: 5393.0, primal_bound: 5398.0
[ Info: new_scs: Int64[]
[ Info: lp_scores: Float64[]
[ Info: current num of unfinished slices: 26, finished slices: 8
                      ┌                                        ┐ 
                   39 ┤■■■■■■■ 1                                 
                   40 ┤■■■■■■■■■■■■■■■■■■■■■■■■■■■■■■■■■■■■■ 5   
                   41 ┤ 0                                        
                   42 ┤■■■■■■■■■■■■■■■ 2                         
                   43 ┤■■■■■■■ 1                                 
                   44 ┤ 0                                        
                   45 ┤■■■■■■■ 1                                 
                   46 ┤■■■■■■■ 1                                 
                   47 ┤■■■■■■■ 1                                 
                   48 ┤■■■■■■■ 1                                 
   sc, target = 31 49 ┤■■■■■■■■■■■■■■■ 2                         
                   50 ┤■■■■■■■ 1                                 
                   51 ┤ 0                                        
                   52 ┤■■■■■■■■■■■■■■■ 2                         
                   53 ┤■■■■■■■ 1                                 
                   54 ┤■■■■■■■■■■■■■■■ 2                         
                   55 ┤ 0                                        
                   56 ┤■■■■■■■■■■■■■■■ 2                         
                   57 ┤■■■■■■■ 1                                 
                   58 ┤ 0                                        
                   59 ┤■■■■■■■ 1                                 
                   60 ┤■■■■■■■ 1                                 
                      └                                        ┘ 
                                     num of slices               
[ Info: slicing branch with sc: 39.0
[ Info: cc.sc: 39.0
region size: 10
tbl0_rows:43 filtered_rows:43
QIP_gurobi_bound: solver finished in 1.182 s (time_limit=100.0 s, status=OPTIMAL)
[ Info: slice 1, lp_score: 5394.0, primal_bound: 5398.0
QIP_gurobi_bound: solver finished in 1.26 s (time_limit=100.0 s, status=OPTIMAL)
[ Info: slice 2, lp_score: 5395.0, primal_bound: 5398.0
[ Info: new_scs: Int64[]
[ Info: lp_scores: Float64[]
[ Info: current num of unfinished slices: 25, finished slices: 8
                      ┌                                        ┐ 
                   40 ┤■■■■■■■■■■■■■■■■■■■■■■■■■■■■■■■■■■■■■ 5   
                   41 ┤ 0                                        
                   42 ┤■■■■■■■■■■■■■■■ 2                         
                   43 ┤■■■■■■■ 1                                 
                   44 ┤ 0                                        
                   45 ┤■■■■■■■ 1                                 
                   46 ┤■■■■■■■ 1                                 
                   47 ┤■■■■■■■ 1                                 
                   48 ┤■■■■■■■ 1                                 
                   49 ┤■■■■■■■■■■■■■■■ 2                         
   sc, target = 31 50 ┤■■■■■■■ 1                                 
                   51 ┤ 0                                        
                   52 ┤■■■■■■■■■■■■■■■ 2                         
                   53 ┤■■■■■■■ 1                                 
                   54 ┤■■■■■■■■■■■■■■■ 2                         
                   55 ┤ 0                                        
                   56 ┤■■■■■■■■■■■■■■■ 2                         
                   57 ┤■■■■■■■ 1                                 
                   58 ┤ 0                                        
                   59 ┤■■■■■■■ 1                                 
                   60 ┤■■■■■■■ 1                                 
                      └                                        ┘ 
                                     num of slices               
[ Info: slicing branch with sc: 40.0
[ Info: cc.sc: 40.0
region size: 10
tbl0_rows:43 filtered_rows:43
QIP_gurobi_bound: solver finished in 1.286 s (time_limit=100.0 s, status=OPTIMAL)
[ Info: slice 1, lp_score: 5393.0, primal_bound: 5398.0
QIP_gurobi_bound: solver finished in 1.222 s (time_limit=100.0 s, status=OPTIMAL)
[ Info: slice 2, lp_score: 5398.0, primal_bound: 5398.0
[ Info: new_scs: [40]
[ Info: lp_scores: [5398.0]
[ Info: lp_scores: 5398.0
[ Info: current num of unfinished slices: 25, finished slices: 8
                      ┌                                        ┐ 
                   40 ┤■■■■■■■■■■■■■■■■■■■■■■■■■■■■■■■■■■■■■ 5   
                   41 ┤ 0                                        
                   42 ┤■■■■■■■■■■■■■■■ 2                         
                   43 ┤■■■■■■■ 1                                 
                   44 ┤ 0                                        
                   45 ┤■■■■■■■ 1                                 
                   46 ┤■■■■■■■ 1                                 
                   47 ┤■■■■■■■ 1                                 
                   48 ┤■■■■■■■ 1                                 
                   49 ┤■■■■■■■■■■■■■■■ 2                         
   sc, target = 31 50 ┤■■■■■■■ 1                                 
                   51 ┤ 0                                        
                   52 ┤■■■■■■■■■■■■■■■ 2                         
                   53 ┤■■■■■■■ 1                                 
                   54 ┤■■■■■■■■■■■■■■■ 2                         
                   55 ┤ 0                                        
                   56 ┤■■■■■■■■■■■■■■■ 2                         
                   57 ┤■■■■■■■ 1                                 
                   58 ┤ 0                                        
                   59 ┤■■■■■■■ 1                                 
                   60 ┤■■■■■■■ 1                                 
                      └                                        ┘ 
                                     num of slices               
[ Info: slicing branch with sc: 40.0
[ Info: cc.sc: 40.0
region size: 10
tbl0_rows:42 filtered_rows:42
QIP_gurobi_bound: solver finished in 5.533 s (time_limit=100.0 s, status=OPTIMAL)
[ Info: slice 1, lp_score: 5398.0, primal_bound: 5398.0
QIP_gurobi_bound: solver finished in 1.223 s (time_limit=100.0 s, status=OPTIMAL)
[ Info: slice 2, lp_score: 5393.0, primal_bound: 5398.0
[ Info: new_scs: [39]
[ Info: lp_scores: [5398.0]
[ Info: lp_scores: 5398.0
[ Info: current num of unfinished slices: 25, finished slices: 8
                      ┌                                        ┐ 
                   39 ┤■■■■■■■■■ 1                               
                   40 ┤■■■■■■■■■■■■■■■■■■■■■■■■■■■■■■■■■■■■■ 4   
                   41 ┤ 0                                        
                   42 ┤■■■■■■■■■■■■■■■■■■■ 2                     
                   43 ┤■■■■■■■■■ 1                               
                   44 ┤ 0                                        
                   45 ┤■■■■■■■■■ 1                               
                   46 ┤■■■■■■■■■ 1                               
                   47 ┤■■■■■■■■■ 1                               
                   48 ┤■■■■■■■■■ 1                               
   sc, target = 31 49 ┤■■■■■■■■■■■■■■■■■■■ 2                     
                   50 ┤■■■■■■■■■ 1                               
                   51 ┤ 0                                        
                   52 ┤■■■■■■■■■■■■■■■■■■■ 2                     
                   53 ┤■■■■■■■■■ 1                               
                   54 ┤■■■■■■■■■■■■■■■■■■■ 2                     
                   55 ┤ 0                                        
                   56 ┤■■■■■■■■■■■■■■■■■■■ 2                     
                   57 ┤■■■■■■■■■ 1                               
                   58 ┤ 0                                        
                   59 ┤■■■■■■■■■ 1                               
                   60 ┤■■■■■■■■■ 1                               
                      └                                        ┘ 
                                     num of slices               
[ Info: slicing branch with sc: 39.0
[ Info: cc.sc: 39.0
region size: 10
tbl0_rows:23 filtered_rows:23
QIP_gurobi_bound: solver finished in 1.32 s (time_limit=100.0 s, status=OPTIMAL)
[ Info: slice 1, lp_score: 5396.0, primal_bound: 5398.0
QIP_gurobi_bound: solver finished in 5.768 s (time_limit=100.0 s, status=OPTIMAL)
[ Info: slice 2, lp_score: 5398.0, primal_bound: 5398.0
[ Info: new_scs: [38]
[ Info: lp_scores: [5398.0]
[ Info: lp_scores: 5398.0
[ Info: current num of unfinished slices: 25, finished slices: 8
                      ┌                                        ┐ 
                   38 ┤■■■■■■■■■ 1                               
                   39 ┤ 0                                        
                   40 ┤■■■■■■■■■■■■■■■■■■■■■■■■■■■■■■■■■■■■■ 4   
                   41 ┤ 0                                        
                   42 ┤■■■■■■■■■■■■■■■■■■■ 2                     
                   43 ┤■■■■■■■■■ 1                               
                   44 ┤ 0                                        
                   45 ┤■■■■■■■■■ 1                               
                   46 ┤■■■■■■■■■ 1                               
                   47 ┤■■■■■■■■■ 1                               
                   48 ┤■■■■■■■■■ 1                               
   sc, target = 31 49 ┤■■■■■■■■■■■■■■■■■■■ 2                     
                   50 ┤■■■■■■■■■ 1                               
                   51 ┤ 0                                        
                   52 ┤■■■■■■■■■■■■■■■■■■■ 2                     
                   53 ┤■■■■■■■■■ 1                               
                   54 ┤■■■■■■■■■■■■■■■■■■■ 2                     
                   55 ┤ 0                                        
                   56 ┤■■■■■■■■■■■■■■■■■■■ 2                     
                   57 ┤■■■■■■■■■ 1                               
                   58 ┤ 0                                        
                   59 ┤■■■■■■■■■ 1                               
                   60 ┤■■■■■■■■■ 1                               
                      └                                        ┘ 
                                     num of slices               
[ Info: slicing branch with sc: 38.0
[ Info: cc.sc: 38.0
region size: 10
tbl0_rows:29 filtered_rows:29
QIP_gurobi_bound: solver finished in 1.243 s (time_limit=100.0 s, status=OPTIMAL)
[ Info: slice 1, lp_score: 5398.0, primal_bound: 5398.0
QIP_gurobi_bound: solver finished in 1.176 s (time_limit=100.0 s, status=OPTIMAL)
[ Info: slice 2, lp_score: 5395.0, primal_bound: 5398.0
QIP_gurobi_bound: solver finished in 1.267 s (time_limit=100.0 s, status=OPTIMAL)
[ Info: slice 3, lp_score: 5396.0, primal_bound: 5398.0
[ Info: new_scs: [36]
[ Info: lp_scores: [5398.0]
[ Info: lp_scores: 5398.0
[ Info: current num of unfinished slices: 25, finished slices: 8
                      ┌                                        ┐ 
                   36 ┤■■■■■■■■■ 1                               
                   37 ┤ 0                                        
                   38 ┤ 0                                        
                   39 ┤ 0                                        
                   40 ┤■■■■■■■■■■■■■■■■■■■■■■■■■■■■■■■■■■■■■ 4   
                   41 ┤ 0                                        
                   42 ┤■■■■■■■■■■■■■■■■■■■ 2                     
                   43 ┤■■■■■■■■■ 1                               
                   44 ┤ 0                                        
                   45 ┤■■■■■■■■■ 1                               
                   46 ┤■■■■■■■■■ 1                               
                   47 ┤■■■■■■■■■ 1                               
   sc, target = 31 48 ┤■■■■■■■■■ 1                               
                   49 ┤■■■■■■■■■■■■■■■■■■■ 2                     
                   50 ┤■■■■■■■■■ 1                               
                   51 ┤ 0                                        
                   52 ┤■■■■■■■■■■■■■■■■■■■ 2                     
                   53 ┤■■■■■■■■■ 1                               
                   54 ┤■■■■■■■■■■■■■■■■■■■ 2                     
                   55 ┤ 0                                        
                   56 ┤■■■■■■■■■■■■■■■■■■■ 2                     
                   57 ┤■■■■■■■■■ 1                               
                   58 ┤ 0                                        
                   59 ┤■■■■■■■■■ 1                               
                   60 ┤■■■■■■■■■ 1                               
                      └                                        ┘ 
                                     num of slices               
[ Info: slicing branch with sc: 36.0
[ Info: cc.sc: 36.0
region size: 10
tbl0_rows:8 filtered_rows:8
QIP_gurobi_bound: solver finished in 1.428 s (time_limit=100.0 s, status=OPTIMAL)
[ Info: slice 1, lp_score: 5398.0, primal_bound: 5398.0
[ Info: new_scs: [35]
[ Info: lp_scores: [5398.0]
[ Info: lp_scores: 5398.0
[ Info: current num of unfinished slices: 25, finished slices: 8
                      ┌                                        ┐ 
                   35 ┤■■■■■■■■■ 1                               
                   36 ┤ 0                                        
                   37 ┤ 0                                        
                   38 ┤ 0                                        
                   39 ┤ 0                                        
                   40 ┤■■■■■■■■■■■■■■■■■■■■■■■■■■■■■■■■■■■■■ 4   
                   41 ┤ 0                                        
                   42 ┤■■■■■■■■■■■■■■■■■■■ 2                     
                   43 ┤■■■■■■■■■ 1                               
                   44 ┤ 0                                        
                   45 ┤■■■■■■■■■ 1                               
                   46 ┤■■■■■■■■■ 1                               
   sc, target = 31 47 ┤■■■■■■■■■ 1                               
                   48 ┤■■■■■■■■■ 1                               
                   49 ┤■■■■■■■■■■■■■■■■■■■ 2                     
                   50 ┤■■■■■■■■■ 1                               
                   51 ┤ 0                                        
                   52 ┤■■■■■■■■■■■■■■■■■■■ 2                     
                   53 ┤■■■■■■■■■ 1                               
                   54 ┤■■■■■■■■■■■■■■■■■■■ 2                     
                   55 ┤ 0                                        
                   56 ┤■■■■■■■■■■■■■■■■■■■ 2                     
                   57 ┤■■■■■■■■■ 1                               
                   58 ┤ 0                                        
                   59 ┤■■■■■■■■■ 1                               
                   60 ┤■■■■■■■■■ 1                               
                      └                                        ┘ 
                                     num of slices               
[ Info: slicing branch with sc: 35.0
[ Info: cc.sc: 35.0
region size: 10
tbl0_rows:26 filtered_rows:26
QIP_gurobi_bound: solver finished in 1.343 s (time_limit=100.0 s, status=OPTIMAL)
[ Info: slice 1, lp_score: 5398.0, primal_bound: 5398.0
QIP_gurobi_bound: solver finished in 1.374 s (time_limit=100.0 s, status=OPTIMAL)
[ Info: slice 2, lp_score: 5386.0, primal_bound: 5398.0
[ Info: new_scs: [34]
[ Info: lp_scores: [5398.0]
[ Info: lp_scores: 5398.0
[ Info: current num of unfinished slices: 25, finished slices: 8
                      ┌                                        ┐ 
                   34 ┤■■■■■■■■■ 1                               
                   35 ┤ 0                                        
                   36 ┤ 0                                        
                   37 ┤ 0                                        
                   38 ┤ 0                                        
                   39 ┤ 0                                        
                   40 ┤■■■■■■■■■■■■■■■■■■■■■■■■■■■■■■■■■■■■■ 4   
                   41 ┤ 0                                        
                   42 ┤■■■■■■■■■■■■■■■■■■■ 2                     
                   43 ┤■■■■■■■■■ 1                               
                   44 ┤ 0                                        
                   45 ┤■■■■■■■■■ 1                               
                   46 ┤■■■■■■■■■ 1                               
   sc, target = 31 47 ┤■■■■■■■■■ 1                               
                   48 ┤■■■■■■■■■ 1                               
                   49 ┤■■■■■■■■■■■■■■■■■■■ 2                     
                   50 ┤■■■■■■■■■ 1                               
                   51 ┤ 0                                        
                   52 ┤■■■■■■■■■■■■■■■■■■■ 2                     
                   53 ┤■■■■■■■■■ 1                               
                   54 ┤■■■■■■■■■■■■■■■■■■■ 2                     
                   55 ┤ 0                                        
                   56 ┤■■■■■■■■■■■■■■■■■■■ 2                     
                   57 ┤■■■■■■■■■ 1                               
                   58 ┤ 0                                        
                   59 ┤■■■■■■■■■ 1                               
                   60 ┤■■■■■■■■■ 1                               
                      └                                        ┘ 
                                     num of slices               
[ Info: slicing branch with sc: 34.0
[ Info: cc.sc: 34.0
region size: 10
tbl0_rows:58 filtered_rows:58
QIP_gurobi_bound: solver finished in 1.198 s (time_limit=100.0 s, status=OPTIMAL)
[ Info: slice 1, lp_score: 5393.0, primal_bound: 5398.0
QIP_gurobi_bound: solver finished in 1.275 s (time_limit=100.0 s, status=OPTIMAL)
[ Info: slice 2, lp_score: 5398.0, primal_bound: 5398.0
QIP_gurobi_bound: solver finished in 1.296 s (time_limit=100.0 s, status=OPTIMAL)
[ Info: slice 3, lp_score: 5393.0, primal_bound: 5398.0
QIP_gurobi_bound: solver finished in 4.4 s (time_limit=100.0 s, status=OPTIMAL)
[ Info: slice 4, lp_score: 5391.0, primal_bound: 5398.0
QIP_gurobi_bound: solver finished in 1.305 s (time_limit=100.0 s, status=OPTIMAL)
[ Info: slice 5, lp_score: 5389.0, primal_bound: 5398.0
[ Info: new_scs: [32]
[ Info: lp_scores: [5398.0]
[ Info: lp_scores: 5398.0
[ Info: current num of unfinished slices: 25, finished slices: 8
                      ┌                                        ┐ 
                   32 ┤■■■■■■■■■ 1                               
                   33 ┤ 0                                        
                   34 ┤ 0                                        
                   35 ┤ 0                                        
                   36 ┤ 0                                        
                   37 ┤ 0                                        
                   38 ┤ 0                                        
                   39 ┤ 0                                        
                   40 ┤■■■■■■■■■■■■■■■■■■■■■■■■■■■■■■■■■■■■■ 4   
                   41 ┤ 0                                        
                   42 ┤■■■■■■■■■■■■■■■■■■■ 2                     
                   43 ┤■■■■■■■■■ 1                               
                   44 ┤ 0                                        
                   45 ┤■■■■■■■■■ 1                               
   sc, target = 31 46 ┤■■■■■■■■■ 1                               
                   47 ┤■■■■■■■■■ 1                               
                   48 ┤■■■■■■■■■ 1                               
                   49 ┤■■■■■■■■■■■■■■■■■■■ 2                     
                   50 ┤■■■■■■■■■ 1                               
                   51 ┤ 0                                        
                   52 ┤■■■■■■■■■■■■■■■■■■■ 2                     
                   53 ┤■■■■■■■■■ 1                               
                   54 ┤■■■■■■■■■■■■■■■■■■■ 2                     
                   55 ┤ 0                                        
                   56 ┤■■■■■■■■■■■■■■■■■■■ 2                     
                   57 ┤■■■■■■■■■ 1                               
                   58 ┤ 0                                        
                   59 ┤■■■■■■■■■ 1                               
                   60 ┤■■■■■■■■■ 1                               
                      └                                        ┘ 
                                     num of slices               
[ Info: slicing branch with sc: 32.0
[ Info: cc.sc: 32.0
region size: 10
tbl0_rows:25 filtered_rows:25
QIP_gurobi_bound: solver finished in 1.148 s (time_limit=100.0 s, status=OPTIMAL)
[ Info: slice 1, lp_score: 5396.0, primal_bound: 5398.0
QIP_gurobi_bound: solver finished in 1.286 s (time_limit=100.0 s, status=OPTIMAL)
[ Info: slice 2, lp_score: 5398.0, primal_bound: 5398.0
[ Info: new_scs: [31]
[ Info: lp_scores: [5398.0]
[ Info: lp_scores: 5398.0
[ Info: current num of unfinished slices: 25, finished slices: 8
                      ┌                                        ┐ 
                   31 ┤■■■■■■■■■ 1                               
                   32 ┤ 0                                        
                   33 ┤ 0                                        
                   34 ┤ 0                                        
                   35 ┤ 0                                        
                   36 ┤ 0                                        
                   37 ┤ 0                                        
                   38 ┤ 0                                        
                   39 ┤ 0                                        
                   40 ┤■■■■■■■■■■■■■■■■■■■■■■■■■■■■■■■■■■■■■ 4   
                   41 ┤ 0                                        
                   42 ┤■■■■■■■■■■■■■■■■■■■ 2                     
                   43 ┤■■■■■■■■■ 1                               
                   44 ┤ 0                                        
   sc, target = 31 45 ┤■■■■■■■■■ 1                               
                   46 ┤■■■■■■■■■ 1                               
                   47 ┤■■■■■■■■■ 1                               
                   48 ┤■■■■■■■■■ 1                               
                   49 ┤■■■■■■■■■■■■■■■■■■■ 2                     
                   50 ┤■■■■■■■■■ 1                               
                   51 ┤ 0                                        
                   52 ┤■■■■■■■■■■■■■■■■■■■ 2                     
                   53 ┤■■■■■■■■■ 1                               
                   54 ┤■■■■■■■■■■■■■■■■■■■ 2                     
                   55 ┤ 0                                        
                   56 ┤■■■■■■■■■■■■■■■■■■■ 2                     
                   57 ┤■■■■■■■■■ 1                               
                   58 ┤ 0                                        
                   59 ┤■■■■■■■■■ 1                               
                   60 ┤■■■■■■■■■ 1                               
                      └                                        ┘ 
                                     num of slices               
[ Info: slicing branch with sc: 31.0
  [slice produced] sc=31.0 tc=45.361340743315026 nv=3545 ne=6914 r=60.5
QIP_value_gurobi: solver finished in 1.267 s (time_limit=604800.0 s, status=OPTIMAL)
[ Info: feasible solution: 5398.0, primal bound: 5398.0
[ Info: current num of unfinished slices: 24, finished slices: 9
                      ┌                                        ┐ 
                   40 ┤■■■■■■■■■■■■■■■■■■■■■■■■■■■■■■■■■■■■■ 4   
                   41 ┤ 0                                        
                   42 ┤■■■■■■■■■■■■■■■■■■■ 2                     
                   43 ┤■■■■■■■■■ 1                               
                   44 ┤ 0                                        
                   45 ┤■■■■■■■■■ 1                               
                   46 ┤■■■■■■■■■ 1                               
                   47 ┤■■■■■■■■■ 1                               
                   48 ┤■■■■■■■■■ 1                               
                   49 ┤■■■■■■■■■■■■■■■■■■■ 2                     
   sc, target = 31 50 ┤■■■■■■■■■ 1                               
                   51 ┤ 0                                        
                   52 ┤■■■■■■■■■■■■■■■■■■■ 2                     
                   53 ┤■■■■■■■■■ 1                               
                   54 ┤■■■■■■■■■■■■■■■■■■■ 2                     
                   55 ┤ 0                                        
                   56 ┤■■■■■■■■■■■■■■■■■■■ 2                     
                   57 ┤■■■■■■■■■ 1                               
                   58 ┤ 0                                        
                   59 ┤■■■■■■■■■ 1                               
                   60 ┤■■■■■■■■■ 1                               
                      └                                        ┘ 
                                     num of slices               
[ Info: slicing branch with sc: 40.0
[ Info: cc.sc: 40.0
region size: 10
tbl0_rows:34 filtered_rows:34
QIP_gurobi_bound: solver finished in 1.202 s (time_limit=100.0 s, status=OPTIMAL)
[ Info: slice 1, lp_score: 5397.0, primal_bound: 5398.0
QIP_gurobi_bound: solver finished in 1.318 s (time_limit=100.0 s, status=OPTIMAL)
[ Info: slice 2, lp_score: 5397.0, primal_bound: 5398.0
[ Info: new_scs: Int64[]
[ Info: lp_scores: Float64[]
[ Info: current num of unfinished slices: 23, finished slices: 9
                      ┌                                        ┐ 
                   40 ┤■■■■■■■■■■■■■■■■■■■■■■■■■■■■■■■■■■■■■ 3   
                   41 ┤ 0                                        
                   42 ┤■■■■■■■■■■■■■■■■■■■■■■■■■ 2               
                   43 ┤■■■■■■■■■■■■ 1                            
                   44 ┤ 0                                        
                   45 ┤■■■■■■■■■■■■ 1                            
                   46 ┤■■■■■■■■■■■■ 1                            
                   47 ┤■■■■■■■■■■■■ 1                            
                   48 ┤■■■■■■■■■■■■ 1                            
                   49 ┤■■■■■■■■■■■■■■■■■■■■■■■■■ 2               
   sc, target = 31 50 ┤■■■■■■■■■■■■ 1                            
                   51 ┤ 0                                        
                   52 ┤■■■■■■■■■■■■■■■■■■■■■■■■■ 2               
                   53 ┤■■■■■■■■■■■■ 1                            
                   54 ┤■■■■■■■■■■■■■■■■■■■■■■■■■ 2               
                   55 ┤ 0                                        
                   56 ┤■■■■■■■■■■■■■■■■■■■■■■■■■ 2               
                   57 ┤■■■■■■■■■■■■ 1                            
                   58 ┤ 0                                        
                   59 ┤■■■■■■■■■■■■ 1                            
                   60 ┤■■■■■■■■■■■■ 1                            
                      └                                        ┘ 
                                     num of slices               
[ Info: slicing branch with sc: 40.0
[ Info: cc.sc: 40.0
region size: 10
tbl0_rows:34 filtered_rows:34
QIP_gurobi_bound: solver finished in 1.288 s (time_limit=100.0 s, status=OPTIMAL)
[ Info: slice 1, lp_score: 5397.0, primal_bound: 5398.0
QIP_gurobi_bound: solver finished in 4.532 s (time_limit=100.0 s, status=OPTIMAL)
[ Info: slice 2, lp_score: 5397.0, primal_bound: 5398.0
[ Info: new_scs: Int64[]
[ Info: lp_scores: Float64[]
[ Info: current num of unfinished slices: 22, finished slices: 9
                      ┌                                        ┐ 
                   40 ┤■■■■■■■■■■■■■■■■■■■■■■■■■■■■■■■■■■■■■ 2   
                   41 ┤ 0                                        
                   42 ┤■■■■■■■■■■■■■■■■■■■■■■■■■■■■■■■■■■■■■ 2   
                   43 ┤■■■■■■■■■■■■■■■■■■■ 1                     
                   44 ┤ 0                                        
                   45 ┤■■■■■■■■■■■■■■■■■■■ 1                     
                   46 ┤■■■■■■■■■■■■■■■■■■■ 1                     
                   47 ┤■■■■■■■■■■■■■■■■■■■ 1                     
                   48 ┤■■■■■■■■■■■■■■■■■■■ 1                     
                   49 ┤■■■■■■■■■■■■■■■■■■■■■■■■■■■■■■■■■■■■■ 2   
   sc, target = 31 50 ┤■■■■■■■■■■■■■■■■■■■ 1                     
                   51 ┤ 0                                        
                   52 ┤■■■■■■■■■■■■■■■■■■■■■■■■■■■■■■■■■■■■■ 2   
                   53 ┤■■■■■■■■■■■■■■■■■■■ 1                     
                   54 ┤■■■■■■■■■■■■■■■■■■■■■■■■■■■■■■■■■■■■■ 2   
                   55 ┤ 0                                        
                   56 ┤■■■■■■■■■■■■■■■■■■■■■■■■■■■■■■■■■■■■■ 2   
                   57 ┤■■■■■■■■■■■■■■■■■■■ 1                     
                   58 ┤ 0                                        
                   59 ┤■■■■■■■■■■■■■■■■■■■ 1                     
                   60 ┤■■■■■■■■■■■■■■■■■■■ 1                     
                      └                                        ┘ 
                                     num of slices               
[ Info: slicing branch with sc: 40.0
[ Info: cc.sc: 40.0
region size: 10
tbl0_rows:51 filtered_rows:51
QIP_gurobi_bound: solver finished in 1.467 s (time_limit=100.0 s, status=OPTIMAL)
[ Info: slice 1, lp_score: 5396.0, primal_bound: 5398.0
QIP_gurobi_bound: solver finished in 1.237 s (time_limit=100.0 s, status=OPTIMAL)
[ Info: slice 2, lp_score: 5395.0, primal_bound: 5398.0
[ Info: new_scs: Int64[]
[ Info: lp_scores: Float64[]
[ Info: current num of unfinished slices: 21, finished slices: 9
                      ┌                                        ┐ 
                   40 ┤■■■■■■■■■■■■■■■■■■■ 1                     
                   41 ┤ 0                                        
                   42 ┤■■■■■■■■■■■■■■■■■■■■■■■■■■■■■■■■■■■■■ 2   
                   43 ┤■■■■■■■■■■■■■■■■■■■ 1                     
                   44 ┤ 0                                        
                   45 ┤■■■■■■■■■■■■■■■■■■■ 1                     
                   46 ┤■■■■■■■■■■■■■■■■■■■ 1                     
                   47 ┤■■■■■■■■■■■■■■■■■■■ 1                     
                   48 ┤■■■■■■■■■■■■■■■■■■■ 1                     
                   49 ┤■■■■■■■■■■■■■■■■■■■■■■■■■■■■■■■■■■■■■ 2   
   sc, target = 31 50 ┤■■■■■■■■■■■■■■■■■■■ 1                     
                   51 ┤ 0                                        
                   52 ┤■■■■■■■■■■■■■■■■■■■■■■■■■■■■■■■■■■■■■ 2   
                   53 ┤■■■■■■■■■■■■■■■■■■■ 1                     
                   54 ┤■■■■■■■■■■■■■■■■■■■■■■■■■■■■■■■■■■■■■ 2   
                   55 ┤ 0                                        
                   56 ┤■■■■■■■■■■■■■■■■■■■■■■■■■■■■■■■■■■■■■ 2   
                   57 ┤■■■■■■■■■■■■■■■■■■■ 1                     
                   58 ┤ 0                                        
                   59 ┤■■■■■■■■■■■■■■■■■■■ 1                     
                   60 ┤■■■■■■■■■■■■■■■■■■■ 1                     
                      └                                        ┘ 
                                     num of slices               
[ Info: slicing branch with sc: 40.0
[ Info: cc.sc: 40.0
region size: 10
tbl0_rows:48 filtered_rows:48
QIP_gurobi_bound: solver finished in 1.243 s (time_limit=100.0 s, status=OPTIMAL)
[ Info: slice 1, lp_score: 5391.0, primal_bound: 5398.0
QIP_gurobi_bound: solver finished in 1.274 s (time_limit=100.0 s, status=OPTIMAL)
[ Info: slice 2, lp_score: 5393.0, primal_bound: 5398.0
[ Info: new_scs: Int64[]
[ Info: lp_scores: Float64[]
[ Info: current num of unfinished slices: 20, finished slices: 9
                      ┌                                        ┐ 
                   42 ┤■■■■■■■■■■■■■■■■■■■■■■■■■■■■■■■■■■■■■ 2   
                   43 ┤■■■■■■■■■■■■■■■■■■■ 1                     
                   44 ┤ 0                                        
                   45 ┤■■■■■■■■■■■■■■■■■■■ 1                     
                   46 ┤■■■■■■■■■■■■■■■■■■■ 1                     
                   47 ┤■■■■■■■■■■■■■■■■■■■ 1                     
                   48 ┤■■■■■■■■■■■■■■■■■■■ 1                     
                   49 ┤■■■■■■■■■■■■■■■■■■■■■■■■■■■■■■■■■■■■■ 2   
                   50 ┤■■■■■■■■■■■■■■■■■■■ 1                     
   sc, target = 31 51 ┤ 0                                        
                   52 ┤■■■■■■■■■■■■■■■■■■■■■■■■■■■■■■■■■■■■■ 2   
                   53 ┤■■■■■■■■■■■■■■■■■■■ 1                     
                   54 ┤■■■■■■■■■■■■■■■■■■■■■■■■■■■■■■■■■■■■■ 2   
                   55 ┤ 0                                        
                   56 ┤■■■■■■■■■■■■■■■■■■■■■■■■■■■■■■■■■■■■■ 2   
                   57 ┤■■■■■■■■■■■■■■■■■■■ 1                     
                   58 ┤ 0                                        
                   59 ┤■■■■■■■■■■■■■■■■■■■ 1                     
                   60 ┤■■■■■■■■■■■■■■■■■■■ 1                     
                      └                                        ┘ 
                                     num of slices               
[ Info: slicing branch with sc: 42.0
[ Info: cc.sc: 42.0
region size: 10
tbl0_rows:51 filtered_rows:51
QIP_gurobi_bound: solver finished in 5.36 s (time_limit=100.0 s, status=OPTIMAL)
[ Info: slice 1, lp_score: 5396.0, primal_bound: 5398.0
QIP_gurobi_bound: solver finished in 1.603 s (time_limit=100.0 s, status=OPTIMAL)
[ Info: slice 2, lp_score: 5398.0, primal_bound: 5398.0
[ Info: new_scs: [41]
[ Info: lp_scores: [5398.0]
[ Info: lp_scores: 5398.0
[ Info: current num of unfinished slices: 20, finished slices: 9
                      ┌                                        ┐ 
                   41 ┤■■■■■■■■■■■■■■■■■■■ 1                     
                   42 ┤■■■■■■■■■■■■■■■■■■■ 1                     
                   43 ┤■■■■■■■■■■■■■■■■■■■ 1                     
                   44 ┤ 0                                        
                   45 ┤■■■■■■■■■■■■■■■■■■■ 1                     
                   46 ┤■■■■■■■■■■■■■■■■■■■ 1                     
                   47 ┤■■■■■■■■■■■■■■■■■■■ 1                     
                   48 ┤■■■■■■■■■■■■■■■■■■■ 1                     
                   49 ┤■■■■■■■■■■■■■■■■■■■■■■■■■■■■■■■■■■■■■ 2   
   sc, target = 31 50 ┤■■■■■■■■■■■■■■■■■■■ 1                     
                   51 ┤ 0                                        
                   52 ┤■■■■■■■■■■■■■■■■■■■■■■■■■■■■■■■■■■■■■ 2   
                   53 ┤■■■■■■■■■■■■■■■■■■■ 1                     
                   54 ┤■■■■■■■■■■■■■■■■■■■■■■■■■■■■■■■■■■■■■ 2   
                   55 ┤ 0                                        
                   56 ┤■■■■■■■■■■■■■■■■■■■■■■■■■■■■■■■■■■■■■ 2   
                   57 ┤■■■■■■■■■■■■■■■■■■■ 1                     
                   58 ┤ 0                                        
                   59 ┤■■■■■■■■■■■■■■■■■■■ 1                     
                   60 ┤■■■■■■■■■■■■■■■■■■■ 1                     
                      └                                        ┘ 
                                     num of slices               
[ Info: slicing branch with sc: 41.0
[ Info: cc.sc: 41.0
region size: 10
tbl0_rows:45 filtered_rows:45
QIP_gurobi_bound: solver finished in 1.267 s (time_limit=100.0 s, status=OPTIMAL)
[ Info: slice 1, lp_score: 5398.0, primal_bound: 5398.0
QIP_gurobi_bound: solver finished in 4.782 s (time_limit=100.0 s, status=OPTIMAL)
[ Info: slice 2, lp_score: 5393.0, primal_bound: 5398.0
[ Info: new_scs: [41]
[ Info: lp_scores: [5398.0]
[ Info: lp_scores: 5398.0
[ Info: current num of unfinished slices: 20, finished slices: 9
                      ┌                                        ┐ 
                   41 ┤■■■■■■■■■■■■■■■■■■■ 1                     
                   42 ┤■■■■■■■■■■■■■■■■■■■ 1                     
                   43 ┤■■■■■■■■■■■■■■■■■■■ 1                     
                   44 ┤ 0                                        
                   45 ┤■■■■■■■■■■■■■■■■■■■ 1                     
                   46 ┤■■■■■■■■■■■■■■■■■■■ 1                     
                   47 ┤■■■■■■■■■■■■■■■■■■■ 1                     
                   48 ┤■■■■■■■■■■■■■■■■■■■ 1                     
                   49 ┤■■■■■■■■■■■■■■■■■■■■■■■■■■■■■■■■■■■■■ 2   
   sc, target = 31 50 ┤■■■■■■■■■■■■■■■■■■■ 1                     
                   51 ┤ 0                                        
                   52 ┤■■■■■■■■■■■■■■■■■■■■■■■■■■■■■■■■■■■■■ 2   
                   53 ┤■■■■■■■■■■■■■■■■■■■ 1                     
                   54 ┤■■■■■■■■■■■■■■■■■■■■■■■■■■■■■■■■■■■■■ 2   
                   55 ┤ 0                                        
                   56 ┤■■■■■■■■■■■■■■■■■■■■■■■■■■■■■■■■■■■■■ 2   
                   57 ┤■■■■■■■■■■■■■■■■■■■ 1                     
                   58 ┤ 0                                        
                   59 ┤■■■■■■■■■■■■■■■■■■■ 1                     
                   60 ┤■■■■■■■■■■■■■■■■■■■ 1                     
                      └                                        ┘ 
                                     num of slices               
[ Info: slicing branch with sc: 41.0
[ Info: cc.sc: 41.0
region size: 10
tbl0_rows:51 filtered_rows:51
QIP_gurobi_bound: solver finished in 1.368 s (time_limit=100.0 s, status=OPTIMAL)
[ Info: slice 1, lp_score: 5398.0, primal_bound: 5398.0
QIP_gurobi_bound: solver finished in 1.311 s (time_limit=100.0 s, status=OPTIMAL)
[ Info: slice 2, lp_score: 5398.0, primal_bound: 5398.0
[ Info: new_scs: [41, 41]
[ Info: lp_scores: [5398.0, 5398.0]
[ Info: lp_scores: 5398.0
[ Info: lp_scores: 5398.0
[ Info: current num of unfinished slices: 21, finished slices: 9
                      ┌                                        ┐ 
                   41 ┤■■■■■■■■■■■■■■■■■■■■■■■■■■■■■■■■■■■■■ 2   
                   42 ┤■■■■■■■■■■■■■■■■■■■ 1                     
                   43 ┤■■■■■■■■■■■■■■■■■■■ 1                     
                   44 ┤ 0                                        
                   45 ┤■■■■■■■■■■■■■■■■■■■ 1                     
                   46 ┤■■■■■■■■■■■■■■■■■■■ 1                     
                   47 ┤■■■■■■■■■■■■■■■■■■■ 1                     
                   48 ┤■■■■■■■■■■■■■■■■■■■ 1                     
                   49 ┤■■■■■■■■■■■■■■■■■■■■■■■■■■■■■■■■■■■■■ 2   
   sc, target = 31 50 ┤■■■■■■■■■■■■■■■■■■■ 1                     
                   51 ┤ 0                                        
                   52 ┤■■■■■■■■■■■■■■■■■■■■■■■■■■■■■■■■■■■■■ 2   
                   53 ┤■■■■■■■■■■■■■■■■■■■ 1                     
                   54 ┤■■■■■■■■■■■■■■■■■■■■■■■■■■■■■■■■■■■■■ 2   
                   55 ┤ 0                                        
                   56 ┤■■■■■■■■■■■■■■■■■■■■■■■■■■■■■■■■■■■■■ 2   
                   57 ┤■■■■■■■■■■■■■■■■■■■ 1                     
                   58 ┤ 0                                        
                   59 ┤■■■■■■■■■■■■■■■■■■■ 1                     
                   60 ┤■■■■■■■■■■■■■■■■■■■ 1                     
                      └                                        ┘ 
                                     num of slices               
[ Info: slicing branch with sc: 41.0
[ Info: cc.sc: 41.0
region size: 10
tbl0_rows:42 filtered_rows:42
QIP_gurobi_bound: solver finished in 5.512 s (time_limit=100.0 s, status=OPTIMAL)
[ Info: slice 1, lp_score: 5397.0, primal_bound: 5398.0
QIP_gurobi_bound: solver finished in 4.672 s (time_limit=100.0 s, status=OPTIMAL)
[ Info: slice 2, lp_score: 5398.0, primal_bound: 5398.0
[ Info: new_scs: [37]
[ Info: lp_scores: [5398.0]
[ Info: lp_scores: 5398.0
[ Info: current num of unfinished slices: 21, finished slices: 9
                      ┌                                        ┐ 
                   37 ┤■■■■■■■■■■■■■■■■■■■ 1                     
                   38 ┤ 0                                        
                   39 ┤ 0                                        
                   40 ┤ 0                                        
                   41 ┤■■■■■■■■■■■■■■■■■■■ 1                     
                   42 ┤■■■■■■■■■■■■■■■■■■■ 1                     
                   43 ┤■■■■■■■■■■■■■■■■■■■ 1                     
                   44 ┤ 0                                        
                   45 ┤■■■■■■■■■■■■■■■■■■■ 1                     
                   46 ┤■■■■■■■■■■■■■■■■■■■ 1                     
                   47 ┤■■■■■■■■■■■■■■■■■■■ 1                     
   sc, target = 31 48 ┤■■■■■■■■■■■■■■■■■■■ 1                     
                   49 ┤■■■■■■■■■■■■■■■■■■■■■■■■■■■■■■■■■■■■■ 2   
                   50 ┤■■■■■■■■■■■■■■■■■■■ 1                     
                   51 ┤ 0                                        
                   52 ┤■■■■■■■■■■■■■■■■■■■■■■■■■■■■■■■■■■■■■ 2   
                   53 ┤■■■■■■■■■■■■■■■■■■■ 1                     
                   54 ┤■■■■■■■■■■■■■■■■■■■■■■■■■■■■■■■■■■■■■ 2   
                   55 ┤ 0                                        
                   56 ┤■■■■■■■■■■■■■■■■■■■■■■■■■■■■■■■■■■■■■ 2   
                   57 ┤■■■■■■■■■■■■■■■■■■■ 1                     
                   58 ┤ 0                                        
                   59 ┤■■■■■■■■■■■■■■■■■■■ 1                     
                   60 ┤■■■■■■■■■■■■■■■■■■■ 1                     
                      └                                        ┘ 
                                     num of slices               
[ Info: slicing branch with sc: 37.0
[ Info: cc.sc: 37.0
region size: 10
tbl0_rows:47 filtered_rows:47
QIP_gurobi_bound: solver finished in 1.265 s (time_limit=100.0 s, status=OPTIMAL)
[ Info: slice 1, lp_score: 5393.0, primal_bound: 5398.0
QIP_gurobi_bound: solver finished in 1.241 s (time_limit=100.0 s, status=OPTIMAL)
[ Info: slice 2, lp_score: 5398.0, primal_bound: 5398.0
[ Info: new_scs: [36]
[ Info: lp_scores: [5398.0]
[ Info: lp_scores: 5398.0
[ Info: current num of unfinished slices: 21, finished slices: 9
                      ┌                                        ┐ 
                   36 ┤■■■■■■■■■■■■■■■■■■■ 1                     
                   37 ┤ 0                                        
                   38 ┤ 0                                        
                   39 ┤ 0                                        
                   40 ┤ 0                                        
                   41 ┤■■■■■■■■■■■■■■■■■■■ 1                     
                   42 ┤■■■■■■■■■■■■■■■■■■■ 1                     
                   43 ┤■■■■■■■■■■■■■■■■■■■ 1                     
                   44 ┤ 0                                        
                   45 ┤■■■■■■■■■■■■■■■■■■■ 1                     
                   46 ┤■■■■■■■■■■■■■■■■■■■ 1                     
                   47 ┤■■■■■■■■■■■■■■■■■■■ 1                     
   sc, target = 31 48 ┤■■■■■■■■■■■■■■■■■■■ 1                     
                   49 ┤■■■■■■■■■■■■■■■■■■■■■■■■■■■■■■■■■■■■■ 2   
                   50 ┤■■■■■■■■■■■■■■■■■■■ 1                     
                   51 ┤ 0                                        
                   52 ┤■■■■■■■■■■■■■■■■■■■■■■■■■■■■■■■■■■■■■ 2   
                   53 ┤■■■■■■■■■■■■■■■■■■■ 1                     
                   54 ┤■■■■■■■■■■■■■■■■■■■■■■■■■■■■■■■■■■■■■ 2   
                   55 ┤ 0                                        
                   56 ┤■■■■■■■■■■■■■■■■■■■■■■■■■■■■■■■■■■■■■ 2   
                   57 ┤■■■■■■■■■■■■■■■■■■■ 1                     
                   58 ┤ 0                                        
                   59 ┤■■■■■■■■■■■■■■■■■■■ 1                     
                   60 ┤■■■■■■■■■■■■■■■■■■■ 1                     
                      └                                        ┘ 
                                     num of slices               
[ Info: slicing branch with sc: 36.0
[ Info: cc.sc: 36.0
region size: 10
tbl0_rows:45 filtered_rows:45
QIP_gurobi_bound: solver finished in 1.548 s (time_limit=100.0 s, status=OPTIMAL)
[ Info: slice 1, lp_score: 5390.0, primal_bound: 5398.0
QIP_gurobi_bound: solver finished in 1.142 s (time_limit=100.0 s, status=OPTIMAL)
[ Info: slice 2, lp_score: 5398.0, primal_bound: 5398.0
[ Info: new_scs: [35]
[ Info: lp_scores: [5398.0]
[ Info: lp_scores: 5398.0
[ Info: current num of unfinished slices: 21, finished slices: 9
                      ┌                                        ┐ 
                   35 ┤■■■■■■■■■■■■■■■■■■■ 1                     
                   36 ┤ 0                                        
                   37 ┤ 0                                        
                   38 ┤ 0                                        
                   39 ┤ 0                                        
                   40 ┤ 0                                        
                   41 ┤■■■■■■■■■■■■■■■■■■■ 1                     
                   42 ┤■■■■■■■■■■■■■■■■■■■ 1                     
                   43 ┤■■■■■■■■■■■■■■■■■■■ 1                     
                   44 ┤ 0                                        
                   45 ┤■■■■■■■■■■■■■■■■■■■ 1                     
                   46 ┤■■■■■■■■■■■■■■■■■■■ 1                     
   sc, target = 31 47 ┤■■■■■■■■■■■■■■■■■■■ 1                     
                   48 ┤■■■■■■■■■■■■■■■■■■■ 1                     
                   49 ┤■■■■■■■■■■■■■■■■■■■■■■■■■■■■■■■■■■■■■ 2   
                   50 ┤■■■■■■■■■■■■■■■■■■■ 1                     
                   51 ┤ 0                                        
                   52 ┤■■■■■■■■■■■■■■■■■■■■■■■■■■■■■■■■■■■■■ 2   
                   53 ┤■■■■■■■■■■■■■■■■■■■ 1                     
                   54 ┤■■■■■■■■■■■■■■■■■■■■■■■■■■■■■■■■■■■■■ 2   
                   55 ┤ 0                                        
                   56 ┤■■■■■■■■■■■■■■■■■■■■■■■■■■■■■■■■■■■■■ 2   
                   57 ┤■■■■■■■■■■■■■■■■■■■ 1                     
                   58 ┤ 0                                        
                   59 ┤■■■■■■■■■■■■■■■■■■■ 1                     
                   60 ┤■■■■■■■■■■■■■■■■■■■ 1                     
                      └                                        ┘ 
                                     num of slices               
[ Info: slicing branch with sc: 35.0
[ Info: cc.sc: 35.0
region size: 10
tbl0_rows:20 filtered_rows:20
QIP_gurobi_bound: solver finished in 1.654 s (time_limit=100.0 s, status=OPTIMAL)
[ Info: slice 1, lp_score: 5396.0, primal_bound: 5398.0
QIP_gurobi_bound: solver finished in 1.303 s (time_limit=100.0 s, status=OPTIMAL)
[ Info: slice 2, lp_score: 5398.0, primal_bound: 5398.0
[ Info: new_scs: [34]
[ Info: lp_scores: [5398.0]
[ Info: lp_scores: 5398.0
[ Info: current num of unfinished slices: 21, finished slices: 9
                      ┌                                        ┐ 
                   34 ┤■■■■■■■■■■■■■■■■■■■ 1                     
                   35 ┤ 0                                        
                   36 ┤ 0                                        
                   37 ┤ 0                                        
                   38 ┤ 0                                        
                   39 ┤ 0                                        
                   40 ┤ 0                                        
                   41 ┤■■■■■■■■■■■■■■■■■■■ 1                     
                   42 ┤■■■■■■■■■■■■■■■■■■■ 1                     
                   43 ┤■■■■■■■■■■■■■■■■■■■ 1                     
                   44 ┤ 0                                        
                   45 ┤■■■■■■■■■■■■■■■■■■■ 1                     
                   46 ┤■■■■■■■■■■■■■■■■■■■ 1                     
   sc, target = 31 47 ┤■■■■■■■■■■■■■■■■■■■ 1                     
                   48 ┤■■■■■■■■■■■■■■■■■■■ 1                     
                   49 ┤■■■■■■■■■■■■■■■■■■■■■■■■■■■■■■■■■■■■■ 2   
                   50 ┤■■■■■■■■■■■■■■■■■■■ 1                     
                   51 ┤ 0                                        
                   52 ┤■■■■■■■■■■■■■■■■■■■■■■■■■■■■■■■■■■■■■ 2   
                   53 ┤■■■■■■■■■■■■■■■■■■■ 1                     
                   54 ┤■■■■■■■■■■■■■■■■■■■■■■■■■■■■■■■■■■■■■ 2   
                   55 ┤ 0                                        
                   56 ┤■■■■■■■■■■■■■■■■■■■■■■■■■■■■■■■■■■■■■ 2   
                   57 ┤■■■■■■■■■■■■■■■■■■■ 1                     
                   58 ┤ 0                                        
                   59 ┤■■■■■■■■■■■■■■■■■■■ 1                     
                   60 ┤■■■■■■■■■■■■■■■■■■■ 1                     
                      └                                        ┘ 
                                     num of slices               
[ Info: slicing branch with sc: 34.0
[ Info: cc.sc: 34.0
region size: 10
tbl0_rows:75 filtered_rows:75
QIP_gurobi_bound: solver finished in 1.373 s (time_limit=100.0 s, status=OPTIMAL)
[ Info: slice 1, lp_score: 5397.0, primal_bound: 5398.0
QIP_gurobi_bound: solver finished in 1.24 s (time_limit=100.0 s, status=OPTIMAL)
[ Info: slice 2, lp_score: 5398.0, primal_bound: 5398.0
[ Info: new_scs: [34]
[ Info: lp_scores: [5398.0]
[ Info: lp_scores: 5398.0
[ Info: current num of unfinished slices: 21, finished slices: 9
                      ┌                                        ┐ 
                   34 ┤■■■■■■■■■■■■■■■■■■■ 1                     
                   35 ┤ 0                                        
                   36 ┤ 0                                        
                   37 ┤ 0                                        
                   38 ┤ 0                                        
                   39 ┤ 0                                        
                   40 ┤ 0                                        
                   41 ┤■■■■■■■■■■■■■■■■■■■ 1                     
                   42 ┤■■■■■■■■■■■■■■■■■■■ 1                     
                   43 ┤■■■■■■■■■■■■■■■■■■■ 1                     
                   44 ┤ 0                                        
                   45 ┤■■■■■■■■■■■■■■■■■■■ 1                     
                   46 ┤■■■■■■■■■■■■■■■■■■■ 1                     
   sc, target = 31 47 ┤■■■■■■■■■■■■■■■■■■■ 1                     
                   48 ┤■■■■■■■■■■■■■■■■■■■ 1                     
                   49 ┤■■■■■■■■■■■■■■■■■■■■■■■■■■■■■■■■■■■■■ 2   
                   50 ┤■■■■■■■■■■■■■■■■■■■ 1                     
                   51 ┤ 0                                        
                   52 ┤■■■■■■■■■■■■■■■■■■■■■■■■■■■■■■■■■■■■■ 2   
                   53 ┤■■■■■■■■■■■■■■■■■■■ 1                     
                   54 ┤■■■■■■■■■■■■■■■■■■■■■■■■■■■■■■■■■■■■■ 2   
                   55 ┤ 0                                        
                   56 ┤■■■■■■■■■■■■■■■■■■■■■■■■■■■■■■■■■■■■■ 2   
                   57 ┤■■■■■■■■■■■■■■■■■■■ 1                     
                   58 ┤ 0                                        
                   59 ┤■■■■■■■■■■■■■■■■■■■ 1                     
                   60 ┤■■■■■■■■■■■■■■■■■■■ 1                     
                      └                                        ┘ 
                                     num of slices               
[ Info: slicing branch with sc: 34.0
[ Info: cc.sc: 34.0
region size: 10
tbl0_rows:43 filtered_rows:43
QIP_gurobi_bound: solver finished in 1.146 s (time_limit=100.0 s, status=OPTIMAL)
[ Info: slice 1, lp_score: 5398.0, primal_bound: 5398.0
QIP_gurobi_bound: solver finished in 1.287 s (time_limit=100.0 s, status=OPTIMAL)
[ Info: slice 2, lp_score: 5398.0, primal_bound: 5398.0
[ Info: new_scs: [34, 33]
[ Info: lp_scores: [5398.0, 5398.0]
[ Info: lp_scores: 5398.0
[ Info: lp_scores: 5398.0
[ Info: current num of unfinished slices: 22, finished slices: 9
                      ┌                                        ┐ 
                   33 ┤■■■■■■■■■■■■■■■■■■■ 1                     
                   34 ┤■■■■■■■■■■■■■■■■■■■ 1                     
                   35 ┤ 0                                        
                   36 ┤ 0                                        
                   37 ┤ 0                                        
                   38 ┤ 0                                        
                   39 ┤ 0                                        
                   40 ┤ 0                                        
                   41 ┤■■■■■■■■■■■■■■■■■■■ 1                     
                   42 ┤■■■■■■■■■■■■■■■■■■■ 1                     
                   43 ┤■■■■■■■■■■■■■■■■■■■ 1                     
                   44 ┤ 0                                        
                   45 ┤■■■■■■■■■■■■■■■■■■■ 1                     
   sc, target = 31 46 ┤■■■■■■■■■■■■■■■■■■■ 1                     
                   47 ┤■■■■■■■■■■■■■■■■■■■ 1                     
                   48 ┤■■■■■■■■■■■■■■■■■■■ 1                     
                   49 ┤■■■■■■■■■■■■■■■■■■■■■■■■■■■■■■■■■■■■■ 2   
                   50 ┤■■■■■■■■■■■■■■■■■■■ 1                     
                   51 ┤ 0                                        
                   52 ┤■■■■■■■■■■■■■■■■■■■■■■■■■■■■■■■■■■■■■ 2   
                   53 ┤■■■■■■■■■■■■■■■■■■■ 1                     
                   54 ┤■■■■■■■■■■■■■■■■■■■■■■■■■■■■■■■■■■■■■ 2   
                   55 ┤ 0                                        
                   56 ┤■■■■■■■■■■■■■■■■■■■■■■■■■■■■■■■■■■■■■ 2   
                   57 ┤■■■■■■■■■■■■■■■■■■■ 1                     
                   58 ┤ 0                                        
                   59 ┤■■■■■■■■■■■■■■■■■■■ 1                     
                   60 ┤■■■■■■■■■■■■■■■■■■■ 1                     
                      └                                        ┘ 
                                     num of slices               
[ Info: slicing branch with sc: 34.0
[ Info: cc.sc: 34.0
region size: 10
tbl0_rows:52 filtered_rows:52
QIP_gurobi_bound: solver finished in 1.231 s (time_limit=100.0 s, status=OPTIMAL)
[ Info: slice 1, lp_score: 5395.0, primal_bound: 5398.0
QIP_gurobi_bound: solver finished in 1.109 s (time_limit=100.0 s, status=OPTIMAL)
[ Info: slice 2, lp_score: 5398.0, primal_bound: 5398.0
[ Info: new_scs: [33]
[ Info: lp_scores: [5398.0]
[ Info: lp_scores: 5398.0
[ Info: current num of unfinished slices: 22, finished slices: 9
                      ┌                                        ┐ 
                   33 ┤■■■■■■■■■■■■■■■■■■■■■■■■■■■■■■■■■■■■■ 2   
                   34 ┤ 0                                        
                   35 ┤ 0                                        
                   36 ┤ 0                                        
                   37 ┤ 0                                        
                   38 ┤ 0                                        
                   39 ┤ 0                                        
                   40 ┤ 0                                        
                   41 ┤■■■■■■■■■■■■■■■■■■■ 1                     
                   42 ┤■■■■■■■■■■■■■■■■■■■ 1                     
                   43 ┤■■■■■■■■■■■■■■■■■■■ 1                     
                   44 ┤ 0                                        
                   45 ┤■■■■■■■■■■■■■■■■■■■ 1                     
   sc, target = 31 46 ┤■■■■■■■■■■■■■■■■■■■ 1                     
                   47 ┤■■■■■■■■■■■■■■■■■■■ 1                     
                   48 ┤■■■■■■■■■■■■■■■■■■■ 1                     
                   49 ┤■■■■■■■■■■■■■■■■■■■■■■■■■■■■■■■■■■■■■ 2   
                   50 ┤■■■■■■■■■■■■■■■■■■■ 1                     
                   51 ┤ 0                                        
                   52 ┤■■■■■■■■■■■■■■■■■■■■■■■■■■■■■■■■■■■■■ 2   
                   53 ┤■■■■■■■■■■■■■■■■■■■ 1                     
                   54 ┤■■■■■■■■■■■■■■■■■■■■■■■■■■■■■■■■■■■■■ 2   
                   55 ┤ 0                                        
                   56 ┤■■■■■■■■■■■■■■■■■■■■■■■■■■■■■■■■■■■■■ 2   
                   57 ┤■■■■■■■■■■■■■■■■■■■ 1                     
                   58 ┤ 0                                        
                   59 ┤■■■■■■■■■■■■■■■■■■■ 1                     
                   60 ┤■■■■■■■■■■■■■■■■■■■ 1                     
                      └                                        ┘ 
                                     num of slices               
[ Info: slicing branch with sc: 33.0
[ Info: cc.sc: 33.0
region size: 10
tbl0_rows:46 filtered_rows:46
QIP_gurobi_bound: solver finished in 1.394 s (time_limit=100.0 s, status=OPTIMAL)
[ Info: slice 1, lp_score: 5398.0, primal_bound: 5398.0
QIP_gurobi_bound: solver finished in 1.599 s (time_limit=100.0 s, status=OPTIMAL)
[ Info: slice 2, lp_score: 5395.0, primal_bound: 5398.0
[ Info: new_scs: [33]
[ Info: lp_scores: [5398.0]
[ Info: lp_scores: 5398.0
[ Info: current num of unfinished slices: 22, finished slices: 9
                      ┌                                        ┐ 
                   33 ┤■■■■■■■■■■■■■■■■■■■■■■■■■■■■■■■■■■■■■ 2   
                   34 ┤ 0                                        
                   35 ┤ 0                                        
                   36 ┤ 0                                        
                   37 ┤ 0                                        
                   38 ┤ 0                                        
                   39 ┤ 0                                        
                   40 ┤ 0                                        
                   41 ┤■■■■■■■■■■■■■■■■■■■ 1                     
                   42 ┤■■■■■■■■■■■■■■■■■■■ 1                     
                   43 ┤■■■■■■■■■■■■■■■■■■■ 1                     
                   44 ┤ 0                                        
                   45 ┤■■■■■■■■■■■■■■■■■■■ 1                     
   sc, target = 31 46 ┤■■■■■■■■■■■■■■■■■■■ 1                     
                   47 ┤■■■■■■■■■■■■■■■■■■■ 1                     
                   48 ┤■■■■■■■■■■■■■■■■■■■ 1                     
                   49 ┤■■■■■■■■■■■■■■■■■■■■■■■■■■■■■■■■■■■■■ 2   
                   50 ┤■■■■■■■■■■■■■■■■■■■ 1                     
                   51 ┤ 0                                        
                   52 ┤■■■■■■■■■■■■■■■■■■■■■■■■■■■■■■■■■■■■■ 2   
                   53 ┤■■■■■■■■■■■■■■■■■■■ 1                     
                   54 ┤■■■■■■■■■■■■■■■■■■■■■■■■■■■■■■■■■■■■■ 2   
                   55 ┤ 0                                        
                   56 ┤■■■■■■■■■■■■■■■■■■■■■■■■■■■■■■■■■■■■■ 2   
                   57 ┤■■■■■■■■■■■■■■■■■■■ 1                     
                   58 ┤ 0                                        
                   59 ┤■■■■■■■■■■■■■■■■■■■ 1                     
                   60 ┤■■■■■■■■■■■■■■■■■■■ 1                     
                      └                                        ┘ 
                                     num of slices               
[ Info: slicing branch with sc: 33.0
[ Info: cc.sc: 33.0
region size: 10
tbl0_rows:8 filtered_rows:8
QIP_gurobi_bound: solver finished in 2.055 s (time_limit=100.0 s, status=OPTIMAL)
[ Info: slice 1, lp_score: 5398.0, primal_bound: 5398.0
[ Info: new_scs: [32]
[ Info: lp_scores: [5398.0]
[ Info: lp_scores: 5398.0
[ Info: current num of unfinished slices: 22, finished slices: 9
                      ┌                                        ┐ 
                   32 ┤■■■■■■■■■■■■■■■■■■■ 1                     
                   33 ┤■■■■■■■■■■■■■■■■■■■ 1                     
                   34 ┤ 0                                        
                   35 ┤ 0                                        
                   36 ┤ 0                                        
                   37 ┤ 0                                        
                   38 ┤ 0                                        
                   39 ┤ 0                                        
                   40 ┤ 0                                        
                   41 ┤■■■■■■■■■■■■■■■■■■■ 1                     
                   42 ┤■■■■■■■■■■■■■■■■■■■ 1                     
                   43 ┤■■■■■■■■■■■■■■■■■■■ 1                     
                   44 ┤ 0                                        
                   45 ┤■■■■■■■■■■■■■■■■■■■ 1                     
   sc, target = 31 46 ┤■■■■■■■■■■■■■■■■■■■ 1                     
                   47 ┤■■■■■■■■■■■■■■■■■■■ 1                     
                   48 ┤■■■■■■■■■■■■■■■■■■■ 1                     
                   49 ┤■■■■■■■■■■■■■■■■■■■■■■■■■■■■■■■■■■■■■ 2   
                   50 ┤■■■■■■■■■■■■■■■■■■■ 1                     
                   51 ┤ 0                                        
                   52 ┤■■■■■■■■■■■■■■■■■■■■■■■■■■■■■■■■■■■■■ 2   
                   53 ┤■■■■■■■■■■■■■■■■■■■ 1                     
                   54 ┤■■■■■■■■■■■■■■■■■■■■■■■■■■■■■■■■■■■■■ 2   
                   55 ┤ 0                                        
                   56 ┤■■■■■■■■■■■■■■■■■■■■■■■■■■■■■■■■■■■■■ 2   
                   57 ┤■■■■■■■■■■■■■■■■■■■ 1                     
                   58 ┤ 0                                        
                   59 ┤■■■■■■■■■■■■■■■■■■■ 1                     
                   60 ┤■■■■■■■■■■■■■■■■■■■ 1                     
                      └                                        ┘ 
                                     num of slices               
[ Info: slicing branch with sc: 32.0
[ Info: cc.sc: 32.0
region size: 10
tbl0_rows:61 filtered_rows:61
QIP_gurobi_bound: solver finished in 1.228 s (time_limit=100.0 s, status=OPTIMAL)
[ Info: slice 1, lp_score: 5396.0, primal_bound: 5398.0
QIP_gurobi_bound: solver finished in 1.263 s (time_limit=100.0 s, status=OPTIMAL)
[ Info: slice 2, lp_score: 5398.0, primal_bound: 5398.0
QIP_gurobi_bound: solver finished in 1.281 s (time_limit=100.0 s, status=OPTIMAL)
[ Info: slice 3, lp_score: 5397.0, primal_bound: 5398.0
QIP_gurobi_bound: solver finished in 1.146 s (time_limit=100.0 s, status=OPTIMAL)
[ Info: slice 4, lp_score: 5393.0, primal_bound: 5398.0
[ Info: new_scs: [31]
[ Info: lp_scores: [5398.0]
[ Info: lp_scores: 5398.0
[ Info: current num of unfinished slices: 22, finished slices: 9
                      ┌                                        ┐ 
                   31 ┤■■■■■■■■■■■■■■■■■■■ 1                     
                   32 ┤ 0                                        
                   33 ┤■■■■■■■■■■■■■■■■■■■ 1                     
                   34 ┤ 0                                        
                   35 ┤ 0                                        
                   36 ┤ 0                                        
                   37 ┤ 0                                        
                   38 ┤ 0                                        
                   39 ┤ 0                                        
                   40 ┤ 0                                        
                   41 ┤■■■■■■■■■■■■■■■■■■■ 1                     
                   42 ┤■■■■■■■■■■■■■■■■■■■ 1                     
                   43 ┤■■■■■■■■■■■■■■■■■■■ 1                     
                   44 ┤ 0                                        
   sc, target = 31 45 ┤■■■■■■■■■■■■■■■■■■■ 1                     
                   46 ┤■■■■■■■■■■■■■■■■■■■ 1                     
                   47 ┤■■■■■■■■■■■■■■■■■■■ 1                     
                   48 ┤■■■■■■■■■■■■■■■■■■■ 1                     
                   49 ┤■■■■■■■■■■■■■■■■■■■■■■■■■■■■■■■■■■■■■ 2   
                   50 ┤■■■■■■■■■■■■■■■■■■■ 1                     
                   51 ┤ 0                                        
                   52 ┤■■■■■■■■■■■■■■■■■■■■■■■■■■■■■■■■■■■■■ 2   
                   53 ┤■■■■■■■■■■■■■■■■■■■ 1                     
                   54 ┤■■■■■■■■■■■■■■■■■■■■■■■■■■■■■■■■■■■■■ 2   
                   55 ┤ 0                                        
                   56 ┤■■■■■■■■■■■■■■■■■■■■■■■■■■■■■■■■■■■■■ 2   
                   57 ┤■■■■■■■■■■■■■■■■■■■ 1                     
                   58 ┤ 0                                        
                   59 ┤■■■■■■■■■■■■■■■■■■■ 1                     
                   60 ┤■■■■■■■■■■■■■■■■■■■ 1                     
                      └                                        ┘ 
                                     num of slices               
[ Info: slicing branch with sc: 31.0
  [slice produced] sc=31.0 tc=45.05470029868071 nv=3547 ne=6918 r=59.5
QIP_value_gurobi: solver finished in 1.273 s (time_limit=604800.0 s, status=OPTIMAL)
[ Info: feasible solution: 5398.0, primal bound: 5398.0
[ Info: current num of unfinished slices: 21, finished slices: 10
                      ┌                                        ┐ 
                   33 ┤■■■■■■■■■■■■■■■■■■■ 1                     
                   34 ┤ 0                                        
                   35 ┤ 0                                        
                   36 ┤ 0                                        
                   37 ┤ 0                                        
                   38 ┤ 0                                        
                   39 ┤ 0                                        
                   40 ┤ 0                                        
                   41 ┤■■■■■■■■■■■■■■■■■■■ 1                     
                   42 ┤■■■■■■■■■■■■■■■■■■■ 1                     
                   43 ┤■■■■■■■■■■■■■■■■■■■ 1                     
                   44 ┤ 0                                        
                   45 ┤■■■■■■■■■■■■■■■■■■■ 1                     
   sc, target = 31 46 ┤■■■■■■■■■■■■■■■■■■■ 1                     
                   47 ┤■■■■■■■■■■■■■■■■■■■ 1                     
                   48 ┤■■■■■■■■■■■■■■■■■■■ 1                     
                   49 ┤■■■■■■■■■■■■■■■■■■■■■■■■■■■■■■■■■■■■■ 2   
                   50 ┤■■■■■■■■■■■■■■■■■■■ 1                     
                   51 ┤ 0                                        
                   52 ┤■■■■■■■■■■■■■■■■■■■■■■■■■■■■■■■■■■■■■ 2   
                   53 ┤■■■■■■■■■■■■■■■■■■■ 1                     
                   54 ┤■■■■■■■■■■■■■■■■■■■■■■■■■■■■■■■■■■■■■ 2   
                   55 ┤ 0                                        
                   56 ┤■■■■■■■■■■■■■■■■■■■■■■■■■■■■■■■■■■■■■ 2   
                   57 ┤■■■■■■■■■■■■■■■■■■■ 1                     
                   58 ┤ 0                                        
                   59 ┤■■■■■■■■■■■■■■■■■■■ 1                     
                   60 ┤■■■■■■■■■■■■■■■■■■■ 1                     
                      └                                        ┘ 
                                     num of slices               
[ Info: slicing branch with sc: 33.0
[ Info: cc.sc: 33.0
region size: 10
tbl0_rows:52 filtered_rows:52
QIP_gurobi_bound: solver finished in 1.299 s (time_limit=100.0 s, status=OPTIMAL)
[ Info: slice 1, lp_score: 5398.0, primal_bound: 5398.0
QIP_gurobi_bound: solver finished in 4.869 s (time_limit=100.0 s, status=OPTIMAL)
[ Info: slice 2, lp_score: 5394.0, primal_bound: 5398.0
[ Info: new_scs: [33]
[ Info: lp_scores: [5398.0]
[ Info: lp_scores: 5398.0
[ Info: current num of unfinished slices: 21, finished slices: 10
                      ┌                                        ┐ 
                   33 ┤■■■■■■■■■■■■■■■■■■■ 1                     
                   34 ┤ 0                                        
                   35 ┤ 0                                        
                   36 ┤ 0                                        
                   37 ┤ 0                                        
                   38 ┤ 0                                        
                   39 ┤ 0                                        
                   40 ┤ 0                                        
                   41 ┤■■■■■■■■■■■■■■■■■■■ 1                     
                   42 ┤■■■■■■■■■■■■■■■■■■■ 1                     
                   43 ┤■■■■■■■■■■■■■■■■■■■ 1                     
                   44 ┤ 0                                        
                   45 ┤■■■■■■■■■■■■■■■■■■■ 1                     
   sc, target = 31 46 ┤■■■■■■■■■■■■■■■■■■■ 1                     
                   47 ┤■■■■■■■■■■■■■■■■■■■ 1                     
                   48 ┤■■■■■■■■■■■■■■■■■■■ 1                     
                   49 ┤■■■■■■■■■■■■■■■■■■■■■■■■■■■■■■■■■■■■■ 2   
                   50 ┤■■■■■■■■■■■■■■■■■■■ 1                     
                   51 ┤ 0                                        
                   52 ┤■■■■■■■■■■■■■■■■■■■■■■■■■■■■■■■■■■■■■ 2   
                   53 ┤■■■■■■■■■■■■■■■■■■■ 1                     
                   54 ┤■■■■■■■■■■■■■■■■■■■■■■■■■■■■■■■■■■■■■ 2   
                   55 ┤ 0                                        
                   56 ┤■■■■■■■■■■■■■■■■■■■■■■■■■■■■■■■■■■■■■ 2   
                   57 ┤■■■■■■■■■■■■■■■■■■■ 1                     
                   58 ┤ 0                                        
                   59 ┤■■■■■■■■■■■■■■■■■■■ 1                     
                   60 ┤■■■■■■■■■■■■■■■■■■■ 1                     
                      └                                        ┘ 
                                     num of slices               
[ Info: slicing branch with sc: 33.0
[ Info: cc.sc: 33.0
region size: 10
tbl0_rows:31 filtered_rows:31
QIP_gurobi_bound: solver finished in 1.332 s (time_limit=100.0 s, status=OPTIMAL)
[ Info: slice 1, lp_score: 5395.0, primal_bound: 5398.0
QIP_gurobi_bound: solver finished in 1.152 s (time_limit=100.0 s, status=OPTIMAL)
[ Info: slice 2, lp_score: 5398.0, primal_bound: 5398.0
[ Info: new_scs: [32]
[ Info: lp_scores: [5398.0]
[ Info: lp_scores: 5398.0
[ Info: current num of unfinished slices: 21, finished slices: 10
                      ┌                                        ┐ 
                   32 ┤■■■■■■■■■■■■■■■■■■■ 1                     
                   33 ┤ 0                                        
                   34 ┤ 0                                        
                   35 ┤ 0                                        
                   36 ┤ 0                                        
                   37 ┤ 0                                        
                   38 ┤ 0                                        
                   39 ┤ 0                                        
                   40 ┤ 0                                        
                   41 ┤■■■■■■■■■■■■■■■■■■■ 1                     
                   42 ┤■■■■■■■■■■■■■■■■■■■ 1                     
                   43 ┤■■■■■■■■■■■■■■■■■■■ 1                     
                   44 ┤ 0                                        
                   45 ┤■■■■■■■■■■■■■■■■■■■ 1                     
   sc, target = 31 46 ┤■■■■■■■■■■■■■■■■■■■ 1                     
                   47 ┤■■■■■■■■■■■■■■■■■■■ 1                     
                   48 ┤■■■■■■■■■■■■■■■■■■■ 1                     
                   49 ┤■■■■■■■■■■■■■■■■■■■■■■■■■■■■■■■■■■■■■ 2   
                   50 ┤■■■■■■■■■■■■■■■■■■■ 1                     
                   51 ┤ 0                                        
                   52 ┤■■■■■■■■■■■■■■■■■■■■■■■■■■■■■■■■■■■■■ 2   
                   53 ┤■■■■■■■■■■■■■■■■■■■ 1                     
                   54 ┤■■■■■■■■■■■■■■■■■■■■■■■■■■■■■■■■■■■■■ 2   
                   55 ┤ 0                                        
                   56 ┤■■■■■■■■■■■■■■■■■■■■■■■■■■■■■■■■■■■■■ 2   
                   57 ┤■■■■■■■■■■■■■■■■■■■ 1                     
                   58 ┤ 0                                        
                   59 ┤■■■■■■■■■■■■■■■■■■■ 1                     
                   60 ┤■■■■■■■■■■■■■■■■■■■ 1                     
                      └                                        ┘ 
                                     num of slices               
[ Info: slicing branch with sc: 32.0
[ Info: cc.sc: 32.0
region size: 10
tbl0_rows:41 filtered_rows:41
QIP_gurobi_bound: solver finished in 1.211 s (time_limit=100.0 s, status=OPTIMAL)
[ Info: slice 1, lp_score: 5398.0, primal_bound: 5398.0
QIP_gurobi_bound: solver finished in 1.224 s (time_limit=100.0 s, status=OPTIMAL)
[ Info: slice 2, lp_score: 5386.0, primal_bound: 5398.0
[ Info: new_scs: [31]
[ Info: lp_scores: [5398.0]
[ Info: lp_scores: 5398.0
[ Info: current num of unfinished slices: 21, finished slices: 10
                      ┌                                        ┐ 
                   31 ┤■■■■■■■■■■■■■■■■■■■ 1                     
                   32 ┤ 0                                        
                   33 ┤ 0                                        
                   34 ┤ 0                                        
                   35 ┤ 0                                        
                   36 ┤ 0                                        
                   37 ┤ 0                                        
                   38 ┤ 0                                        
                   39 ┤ 0                                        
                   40 ┤ 0                                        
                   41 ┤■■■■■■■■■■■■■■■■■■■ 1                     
                   42 ┤■■■■■■■■■■■■■■■■■■■ 1                     
                   43 ┤■■■■■■■■■■■■■■■■■■■ 1                     
                   44 ┤ 0                                        
   sc, target = 31 45 ┤■■■■■■■■■■■■■■■■■■■ 1                     
                   46 ┤■■■■■■■■■■■■■■■■■■■ 1                     
                   47 ┤■■■■■■■■■■■■■■■■■■■ 1                     
                   48 ┤■■■■■■■■■■■■■■■■■■■ 1                     
                   49 ┤■■■■■■■■■■■■■■■■■■■■■■■■■■■■■■■■■■■■■ 2   
                   50 ┤■■■■■■■■■■■■■■■■■■■ 1                     
                   51 ┤ 0                                        
                   52 ┤■■■■■■■■■■■■■■■■■■■■■■■■■■■■■■■■■■■■■ 2   
                   53 ┤■■■■■■■■■■■■■■■■■■■ 1                     
                   54 ┤■■■■■■■■■■■■■■■■■■■■■■■■■■■■■■■■■■■■■ 2   
                   55 ┤ 0                                        
                   56 ┤■■■■■■■■■■■■■■■■■■■■■■■■■■■■■■■■■■■■■ 2   
                   57 ┤■■■■■■■■■■■■■■■■■■■ 1                     
                   58 ┤ 0                                        
                   59 ┤■■■■■■■■■■■■■■■■■■■ 1                     
                   60 ┤■■■■■■■■■■■■■■■■■■■ 1                     
                      └                                        ┘ 
                                     num of slices               
[ Info: slicing branch with sc: 31.0
  [slice produced] sc=31.0 tc=45.37610165847848 nv=3552 ne=6930 r=52.0
QIP_value_gurobi: solver finished in 1.195 s (time_limit=604800.0 s, status=OPTIMAL)
[ Info: feasible solution: 5398.0, primal bound: 5398.0
[ Info: current num of unfinished slices: 20, finished slices: 11
                      ┌                                        ┐ 
                   41 ┤■■■■■■■■■■■■■■■■■■■ 1                     
                   42 ┤■■■■■■■■■■■■■■■■■■■ 1                     
                   43 ┤■■■■■■■■■■■■■■■■■■■ 1                     
                   44 ┤ 0                                        
                   45 ┤■■■■■■■■■■■■■■■■■■■ 1                     
                   46 ┤■■■■■■■■■■■■■■■■■■■ 1                     
                   47 ┤■■■■■■■■■■■■■■■■■■■ 1                     
                   48 ┤■■■■■■■■■■■■■■■■■■■ 1                     
                   49 ┤■■■■■■■■■■■■■■■■■■■■■■■■■■■■■■■■■■■■■ 2   
   sc, target = 31 50 ┤■■■■■■■■■■■■■■■■■■■ 1                     
                   51 ┤ 0                                        
                   52 ┤■■■■■■■■■■■■■■■■■■■■■■■■■■■■■■■■■■■■■ 2   
                   53 ┤■■■■■■■■■■■■■■■■■■■ 1                     
                   54 ┤■■■■■■■■■■■■■■■■■■■■■■■■■■■■■■■■■■■■■ 2   
                   55 ┤ 0                                        
                   56 ┤■■■■■■■■■■■■■■■■■■■■■■■■■■■■■■■■■■■■■ 2   
                   57 ┤■■■■■■■■■■■■■■■■■■■ 1                     
                   58 ┤ 0                                        
                   59 ┤■■■■■■■■■■■■■■■■■■■ 1                     
                   60 ┤■■■■■■■■■■■■■■■■■■■ 1                     
                      └                                        ┘ 
                                     num of slices               
[ Info: slicing branch with sc: 41.0
[ Info: cc.sc: 41.0
region size: 10
tbl0_rows:42 filtered_rows:42
QIP_gurobi_bound: solver finished in 1.262 s (time_limit=100.0 s, status=OPTIMAL)
[ Info: slice 1, lp_score: 5398.0, primal_bound: 5398.0
QIP_gurobi_bound: solver finished in 1.353 s (time_limit=100.0 s, status=OPTIMAL)
[ Info: slice 2, lp_score: 5396.0, primal_bound: 5398.0
[ Info: new_scs: [40]
[ Info: lp_scores: [5398.0]
[ Info: lp_scores: 5398.0
[ Info: current num of unfinished slices: 20, finished slices: 11
                      ┌                                        ┐ 
                   40 ┤■■■■■■■■■■■■■■■■■■■ 1                     
                   41 ┤ 0                                        
                   42 ┤■■■■■■■■■■■■■■■■■■■ 1                     
                   43 ┤■■■■■■■■■■■■■■■■■■■ 1                     
                   44 ┤ 0                                        
                   45 ┤■■■■■■■■■■■■■■■■■■■ 1                     
                   46 ┤■■■■■■■■■■■■■■■■■■■ 1                     
                   47 ┤■■■■■■■■■■■■■■■■■■■ 1                     
                   48 ┤■■■■■■■■■■■■■■■■■■■ 1                     
                   49 ┤■■■■■■■■■■■■■■■■■■■■■■■■■■■■■■■■■■■■■ 2   
   sc, target = 31 50 ┤■■■■■■■■■■■■■■■■■■■ 1                     
                   51 ┤ 0                                        
                   52 ┤■■■■■■■■■■■■■■■■■■■■■■■■■■■■■■■■■■■■■ 2   
                   53 ┤■■■■■■■■■■■■■■■■■■■ 1                     
                   54 ┤■■■■■■■■■■■■■■■■■■■■■■■■■■■■■■■■■■■■■ 2   
                   55 ┤ 0                                        
                   56 ┤■■■■■■■■■■■■■■■■■■■■■■■■■■■■■■■■■■■■■ 2   
                   57 ┤■■■■■■■■■■■■■■■■■■■ 1                     
                   58 ┤ 0                                        
                   59 ┤■■■■■■■■■■■■■■■■■■■ 1                     
                   60 ┤■■■■■■■■■■■■■■■■■■■ 1                     
                      └                                        ┘ 
                                     num of slices               
[ Info: slicing branch with sc: 40.0
[ Info: cc.sc: 40.0
region size: 10
tbl0_rows:20 filtered_rows:20
QIP_gurobi_bound: solver finished in 1.224 s (time_limit=100.0 s, status=OPTIMAL)
[ Info: slice 1, lp_score: 5396.0, primal_bound: 5398.0
QIP_gurobi_bound: solver finished in 1.355 s (time_limit=100.0 s, status=OPTIMAL)
[ Info: slice 2, lp_score: 5398.0, primal_bound: 5398.0
[ Info: new_scs: [39]
[ Info: lp_scores: [5398.0]
[ Info: lp_scores: 5398.0
[ Info: current num of unfinished slices: 20, finished slices: 11
                      ┌                                        ┐ 
                   39 ┤■■■■■■■■■■■■■■■■■■■ 1                     
                   40 ┤ 0                                        
                   41 ┤ 0                                        
                   42 ┤■■■■■■■■■■■■■■■■■■■ 1                     
                   43 ┤■■■■■■■■■■■■■■■■■■■ 1                     
                   44 ┤ 0                                        
                   45 ┤■■■■■■■■■■■■■■■■■■■ 1                     
                   46 ┤■■■■■■■■■■■■■■■■■■■ 1                     
                   47 ┤■■■■■■■■■■■■■■■■■■■ 1                     
                   48 ┤■■■■■■■■■■■■■■■■■■■ 1                     
   sc, target = 31 49 ┤■■■■■■■■■■■■■■■■■■■■■■■■■■■■■■■■■■■■■ 2   
                   50 ┤■■■■■■■■■■■■■■■■■■■ 1                     
                   51 ┤ 0                                        
                   52 ┤■■■■■■■■■■■■■■■■■■■■■■■■■■■■■■■■■■■■■ 2   
                   53 ┤■■■■■■■■■■■■■■■■■■■ 1                     
                   54 ┤■■■■■■■■■■■■■■■■■■■■■■■■■■■■■■■■■■■■■ 2   
                   55 ┤ 0                                        
                   56 ┤■■■■■■■■■■■■■■■■■■■■■■■■■■■■■■■■■■■■■ 2   
                   57 ┤■■■■■■■■■■■■■■■■■■■ 1                     
                   58 ┤ 0                                        
                   59 ┤■■■■■■■■■■■■■■■■■■■ 1                     
                   60 ┤■■■■■■■■■■■■■■■■■■■ 1                     
                      └                                        ┘ 
                                     num of slices               
[ Info: slicing branch with sc: 39.0
[ Info: cc.sc: 39.0
region size: 10
tbl0_rows:49 filtered_rows:49
QIP_gurobi_bound: solver finished in 1.322 s (time_limit=100.0 s, status=OPTIMAL)
[ Info: slice 1, lp_score: 5398.0, primal_bound: 5398.0
QIP_gurobi_bound: solver finished in 5.969 s (time_limit=100.0 s, status=OPTIMAL)
[ Info: slice 2, lp_score: 5396.0, primal_bound: 5398.0
[ Info: new_scs: [38]
[ Info: lp_scores: [5398.0]
[ Info: lp_scores: 5398.0
[ Info: current num of unfinished slices: 20, finished slices: 11
                      ┌                                        ┐ 
                   38 ┤■■■■■■■■■■■■■■■■■■■ 1                     
                   39 ┤ 0                                        
                   40 ┤ 0                                        
                   41 ┤ 0                                        
                   42 ┤■■■■■■■■■■■■■■■■■■■ 1                     
                   43 ┤■■■■■■■■■■■■■■■■■■■ 1                     
                   44 ┤ 0                                        
                   45 ┤■■■■■■■■■■■■■■■■■■■ 1                     
                   46 ┤■■■■■■■■■■■■■■■■■■■ 1                     
                   47 ┤■■■■■■■■■■■■■■■■■■■ 1                     
                   48 ┤■■■■■■■■■■■■■■■■■■■ 1                     
   sc, target = 31 49 ┤■■■■■■■■■■■■■■■■■■■■■■■■■■■■■■■■■■■■■ 2   
                   50 ┤■■■■■■■■■■■■■■■■■■■ 1                     
                   51 ┤ 0                                        
                   52 ┤■■■■■■■■■■■■■■■■■■■■■■■■■■■■■■■■■■■■■ 2   
                   53 ┤■■■■■■■■■■■■■■■■■■■ 1                     
                   54 ┤■■■■■■■■■■■■■■■■■■■■■■■■■■■■■■■■■■■■■ 2   
                   55 ┤ 0                                        
                   56 ┤■■■■■■■■■■■■■■■■■■■■■■■■■■■■■■■■■■■■■ 2   
                   57 ┤■■■■■■■■■■■■■■■■■■■ 1                     
                   58 ┤ 0                                        
                   59 ┤■■■■■■■■■■■■■■■■■■■ 1                     
                   60 ┤■■■■■■■■■■■■■■■■■■■ 1                     
                      └                                        ┘ 
                                     num of slices               
[ Info: slicing branch with sc: 38.0
[ Info: cc.sc: 38.0
region size: 10
tbl0_rows:75 filtered_rows:75
QIP_gurobi_bound: solver finished in 1.249 s (time_limit=100.0 s, status=OPTIMAL)
[ Info: slice 1, lp_score: 5397.0, primal_bound: 5398.0
QIP_gurobi_bound: solver finished in 1.261 s (time_limit=100.0 s, status=OPTIMAL)
[ Info: slice 2, lp_score: 5398.0, primal_bound: 5398.0
[ Info: new_scs: [38]
[ Info: lp_scores: [5398.0]
[ Info: lp_scores: 5398.0
[ Info: current num of unfinished slices: 20, finished slices: 11
                      ┌                                        ┐ 
                   38 ┤■■■■■■■■■■■■■■■■■■■ 1                     
                   39 ┤ 0                                        
                   40 ┤ 0                                        
                   41 ┤ 0                                        
                   42 ┤■■■■■■■■■■■■■■■■■■■ 1                     
                   43 ┤■■■■■■■■■■■■■■■■■■■ 1                     
                   44 ┤ 0                                        
                   45 ┤■■■■■■■■■■■■■■■■■■■ 1                     
                   46 ┤■■■■■■■■■■■■■■■■■■■ 1                     
                   47 ┤■■■■■■■■■■■■■■■■■■■ 1                     
                   48 ┤■■■■■■■■■■■■■■■■■■■ 1                     
   sc, target = 31 49 ┤■■■■■■■■■■■■■■■■■■■■■■■■■■■■■■■■■■■■■ 2   
                   50 ┤■■■■■■■■■■■■■■■■■■■ 1                     
                   51 ┤ 0                                        
                   52 ┤■■■■■■■■■■■■■■■■■■■■■■■■■■■■■■■■■■■■■ 2   
                   53 ┤■■■■■■■■■■■■■■■■■■■ 1                     
                   54 ┤■■■■■■■■■■■■■■■■■■■■■■■■■■■■■■■■■■■■■ 2   
                   55 ┤ 0                                        
                   56 ┤■■■■■■■■■■■■■■■■■■■■■■■■■■■■■■■■■■■■■ 2   
                   57 ┤■■■■■■■■■■■■■■■■■■■ 1                     
                   58 ┤ 0                                        
                   59 ┤■■■■■■■■■■■■■■■■■■■ 1                     
                   60 ┤■■■■■■■■■■■■■■■■■■■ 1                     
                      └                                        ┘ 
                                     num of slices               
[ Info: slicing branch with sc: 38.0
[ Info: cc.sc: 38.0
region size: 10
tbl0_rows:41 filtered_rows:41
QIP_gurobi_bound: solver finished in 1.438 s (time_limit=100.0 s, status=OPTIMAL)
[ Info: slice 1, lp_score: 5386.0, primal_bound: 5398.0
QIP_gurobi_bound: solver finished in 1.958 s (time_limit=100.0 s, status=OPTIMAL)
[ Info: slice 2, lp_score: 5398.0, primal_bound: 5398.0
[ Info: new_scs: [37]
[ Info: lp_scores: [5398.0]
[ Info: lp_scores: 5398.0
[ Info: current num of unfinished slices: 20, finished slices: 11
                      ┌                                        ┐ 
                   37 ┤■■■■■■■■■■■■■■■■■■■ 1                     
                   38 ┤ 0                                        
                   39 ┤ 0                                        
                   40 ┤ 0                                        
                   41 ┤ 0                                        
                   42 ┤■■■■■■■■■■■■■■■■■■■ 1                     
                   43 ┤■■■■■■■■■■■■■■■■■■■ 1                     
                   44 ┤ 0                                        
                   45 ┤■■■■■■■■■■■■■■■■■■■ 1                     
                   46 ┤■■■■■■■■■■■■■■■■■■■ 1                     
                   47 ┤■■■■■■■■■■■■■■■■■■■ 1                     
   sc, target = 31 48 ┤■■■■■■■■■■■■■■■■■■■ 1                     
                   49 ┤■■■■■■■■■■■■■■■■■■■■■■■■■■■■■■■■■■■■■ 2   
                   50 ┤■■■■■■■■■■■■■■■■■■■ 1                     
                   51 ┤ 0                                        
                   52 ┤■■■■■■■■■■■■■■■■■■■■■■■■■■■■■■■■■■■■■ 2   
                   53 ┤■■■■■■■■■■■■■■■■■■■ 1                     
                   54 ┤■■■■■■■■■■■■■■■■■■■■■■■■■■■■■■■■■■■■■ 2   
                   55 ┤ 0                                        
                   56 ┤■■■■■■■■■■■■■■■■■■■■■■■■■■■■■■■■■■■■■ 2   
                   57 ┤■■■■■■■■■■■■■■■■■■■ 1                     
                   58 ┤ 0                                        
                   59 ┤■■■■■■■■■■■■■■■■■■■ 1                     
                   60 ┤■■■■■■■■■■■■■■■■■■■ 1                     
                      └                                        ┘ 
                                     num of slices               
[ Info: slicing branch with sc: 37.0
[ Info: cc.sc: 37.0
region size: 10
tbl0_rows:21 filtered_rows:21
QIP_gurobi_bound: solver finished in 1.294 s (time_limit=100.0 s, status=OPTIMAL)
[ Info: slice 1, lp_score: 5395.0, primal_bound: 5398.0
QIP_gurobi_bound: solver finished in 1.439 s (time_limit=100.0 s, status=OPTIMAL)
[ Info: slice 2, lp_score: 5398.0, primal_bound: 5398.0
[ Info: new_scs: [35]
[ Info: lp_scores: [5398.0]
[ Info: lp_scores: 5398.0
[ Info: current num of unfinished slices: 20, finished slices: 11
                      ┌                                        ┐ 
                   35 ┤■■■■■■■■■■■■■■■■■■■ 1                     
                   36 ┤ 0                                        
                   37 ┤ 0                                        
                   38 ┤ 0                                        
                   39 ┤ 0                                        
                   40 ┤ 0                                        
                   41 ┤ 0                                        
                   42 ┤■■■■■■■■■■■■■■■■■■■ 1                     
                   43 ┤■■■■■■■■■■■■■■■■■■■ 1                     
                   44 ┤ 0                                        
                   45 ┤■■■■■■■■■■■■■■■■■■■ 1                     
                   46 ┤■■■■■■■■■■■■■■■■■■■ 1                     
   sc, target = 31 47 ┤■■■■■■■■■■■■■■■■■■■ 1                     
                   48 ┤■■■■■■■■■■■■■■■■■■■ 1                     
                   49 ┤■■■■■■■■■■■■■■■■■■■■■■■■■■■■■■■■■■■■■ 2   
                   50 ┤■■■■■■■■■■■■■■■■■■■ 1                     
                   51 ┤ 0                                        
                   52 ┤■■■■■■■■■■■■■■■■■■■■■■■■■■■■■■■■■■■■■ 2   
                   53 ┤■■■■■■■■■■■■■■■■■■■ 1                     
                   54 ┤■■■■■■■■■■■■■■■■■■■■■■■■■■■■■■■■■■■■■ 2   
                   55 ┤ 0                                        
                   56 ┤■■■■■■■■■■■■■■■■■■■■■■■■■■■■■■■■■■■■■ 2   
                   57 ┤■■■■■■■■■■■■■■■■■■■ 1                     
                   58 ┤ 0                                        
                   59 ┤■■■■■■■■■■■■■■■■■■■ 1                     
                   60 ┤■■■■■■■■■■■■■■■■■■■ 1                     
                      └                                        ┘ 
                                     num of slices               
[ Info: slicing branch with sc: 35.0
[ Info: cc.sc: 35.0
region size: 10
tbl0_rows:4 filtered_rows:4
QIP_gurobi_bound: solver finished in 1.277 s (time_limit=100.0 s, status=OPTIMAL)
[ Info: slice 1, lp_score: 5398.0, primal_bound: 5398.0
[ Info: new_scs: [34]
[ Info: lp_scores: [5398.0]
[ Info: lp_scores: 5398.0
[ Info: current num of unfinished slices: 20, finished slices: 11
                      ┌                                        ┐ 
                   34 ┤■■■■■■■■■■■■■■■■■■■ 1                     
                   35 ┤ 0                                        
                   36 ┤ 0                                        
                   37 ┤ 0                                        
                   38 ┤ 0                                        
                   39 ┤ 0                                        
                   40 ┤ 0                                        
                   41 ┤ 0                                        
                   42 ┤■■■■■■■■■■■■■■■■■■■ 1                     
                   43 ┤■■■■■■■■■■■■■■■■■■■ 1                     
                   44 ┤ 0                                        
                   45 ┤■■■■■■■■■■■■■■■■■■■ 1                     
                   46 ┤■■■■■■■■■■■■■■■■■■■ 1                     
   sc, target = 31 47 ┤■■■■■■■■■■■■■■■■■■■ 1                     
                   48 ┤■■■■■■■■■■■■■■■■■■■ 1                     
                   49 ┤■■■■■■■■■■■■■■■■■■■■■■■■■■■■■■■■■■■■■ 2   
                   50 ┤■■■■■■■■■■■■■■■■■■■ 1                     
                   51 ┤ 0                                        
                   52 ┤■■■■■■■■■■■■■■■■■■■■■■■■■■■■■■■■■■■■■ 2   
                   53 ┤■■■■■■■■■■■■■■■■■■■ 1                     
                   54 ┤■■■■■■■■■■■■■■■■■■■■■■■■■■■■■■■■■■■■■ 2   
                   55 ┤ 0                                        
                   56 ┤■■■■■■■■■■■■■■■■■■■■■■■■■■■■■■■■■■■■■ 2   
                   57 ┤■■■■■■■■■■■■■■■■■■■ 1                     
                   58 ┤ 0                                        
                   59 ┤■■■■■■■■■■■■■■■■■■■ 1                     
                   60 ┤■■■■■■■■■■■■■■■■■■■ 1                     
                      └                                        ┘ 
                                     num of slices               
[ Info: slicing branch with sc: 34.0
[ Info: cc.sc: 34.0
region size: 10
tbl0_rows:41 filtered_rows:41
QIP_gurobi_bound: solver finished in 1.77 s (time_limit=100.0 s, status=OPTIMAL)
[ Info: slice 1, lp_score: 5391.0, primal_bound: 5398.0
QIP_gurobi_bound: solver finished in 4.911 s (time_limit=100.0 s, status=OPTIMAL)
[ Info: slice 2, lp_score: 5386.0, primal_bound: 5398.0
QIP_gurobi_bound: solver finished in 1.352 s (time_limit=100.0 s, status=OPTIMAL)
[ Info: slice 3, lp_score: 5391.0, primal_bound: 5398.0
QIP_gurobi_bound: solver finished in 6.092 s (time_limit=100.0 s, status=OPTIMAL)
[ Info: slice 4, lp_score: 5384.0, primal_bound: 5398.0
QIP_gurobi_bound: solver finished in 1.37 s (time_limit=100.0 s, status=OPTIMAL)
[ Info: slice 5, lp_score: 5387.0, primal_bound: 5398.0
QIP_gurobi_bound: solver finished in 1.778 s (time_limit=100.0 s, status=OPTIMAL)
[ Info: slice 6, lp_score: 5387.0, primal_bound: 5398.0
QIP_gurobi_bound: solver finished in 1.16 s (time_limit=100.0 s, status=OPTIMAL)
[ Info: slice 7, lp_score: 5389.0, primal_bound: 5398.0
QIP_gurobi_bound: solver finished in 1.273 s (time_limit=100.0 s, status=OPTIMAL)
[ Info: slice 8, lp_score: 5387.0, primal_bound: 5398.0
QIP_gurobi_bound: solver finished in 1.205 s (time_limit=100.0 s, status=OPTIMAL)
[ Info: slice 9, lp_score: 5385.0, primal_bound: 5398.0
QIP_gurobi_bound: solver finished in 1.289 s (time_limit=100.0 s, status=OPTIMAL)
[ Info: slice 10, lp_score: 5398.0, primal_bound: 5398.0
QIP_gurobi_bound: solver finished in 1.246 s (time_limit=100.0 s, status=OPTIMAL)
[ Info: slice 11, lp_score: 5393.0, primal_bound: 5398.0
[ Info: new_scs: [33]
[ Info: lp_scores: [5398.0]
[ Info: lp_scores: 5398.0
[ Info: current num of unfinished slices: 20, finished slices: 11
                      ┌                                        ┐ 
                   33 ┤■■■■■■■■■■■■■■■■■■■ 1                     
                   34 ┤ 0                                        
                   35 ┤ 0                                        
                   36 ┤ 0                                        
                   37 ┤ 0                                        
                   38 ┤ 0                                        
                   39 ┤ 0                                        
                   40 ┤ 0                                        
                   41 ┤ 0                                        
                   42 ┤■■■■■■■■■■■■■■■■■■■ 1                     
                   43 ┤■■■■■■■■■■■■■■■■■■■ 1                     
                   44 ┤ 0                                        
                   45 ┤■■■■■■■■■■■■■■■■■■■ 1                     
   sc, target = 31 46 ┤■■■■■■■■■■■■■■■■■■■ 1                     
                   47 ┤■■■■■■■■■■■■■■■■■■■ 1                     
                   48 ┤■■■■■■■■■■■■■■■■■■■ 1                     
                   49 ┤■■■■■■■■■■■■■■■■■■■■■■■■■■■■■■■■■■■■■ 2   
                   50 ┤■■■■■■■■■■■■■■■■■■■ 1                     
                   51 ┤ 0                                        
                   52 ┤■■■■■■■■■■■■■■■■■■■■■■■■■■■■■■■■■■■■■ 2   
                   53 ┤■■■■■■■■■■■■■■■■■■■ 1                     
                   54 ┤■■■■■■■■■■■■■■■■■■■■■■■■■■■■■■■■■■■■■ 2   
                   55 ┤ 0                                        
                   56 ┤■■■■■■■■■■■■■■■■■■■■■■■■■■■■■■■■■■■■■ 2   
                   57 ┤■■■■■■■■■■■■■■■■■■■ 1                     
                   58 ┤ 0                                        
                   59 ┤■■■■■■■■■■■■■■■■■■■ 1                     
                   60 ┤■■■■■■■■■■■■■■■■■■■ 1                     
                      └                                        ┘ 
                                     num of slices               
[ Info: slicing branch with sc: 33.0
[ Info: cc.sc: 33.0
region size: 10
tbl0_rows:56 filtered_rows:56
QIP_gurobi_bound: solver finished in 1.321 s (time_limit=100.0 s, status=OPTIMAL)
[ Info: slice 1, lp_score: 5396.0, primal_bound: 5398.0
QIP_gurobi_bound: solver finished in 1.315 s (time_limit=100.0 s, status=OPTIMAL)
[ Info: slice 2, lp_score: 5398.0, primal_bound: 5398.0
[ Info: new_scs: [32]
[ Info: lp_scores: [5398.0]
[ Info: lp_scores: 5398.0
[ Info: current num of unfinished slices: 20, finished slices: 11
                      ┌                                        ┐ 
                   32 ┤■■■■■■■■■■■■■■■■■■■ 1                     
                   33 ┤ 0                                        
                   34 ┤ 0                                        
                   35 ┤ 0                                        
                   36 ┤ 0                                        
                   37 ┤ 0                                        
                   38 ┤ 0                                        
                   39 ┤ 0                                        
                   40 ┤ 0                                        
                   41 ┤ 0                                        
                   42 ┤■■■■■■■■■■■■■■■■■■■ 1                     
                   43 ┤■■■■■■■■■■■■■■■■■■■ 1                     
                   44 ┤ 0                                        
                   45 ┤■■■■■■■■■■■■■■■■■■■ 1                     
   sc, target = 31 46 ┤■■■■■■■■■■■■■■■■■■■ 1                     
                   47 ┤■■■■■■■■■■■■■■■■■■■ 1                     
                   48 ┤■■■■■■■■■■■■■■■■■■■ 1                     
                   49 ┤■■■■■■■■■■■■■■■■■■■■■■■■■■■■■■■■■■■■■ 2   
                   50 ┤■■■■■■■■■■■■■■■■■■■ 1                     
                   51 ┤ 0                                        
                   52 ┤■■■■■■■■■■■■■■■■■■■■■■■■■■■■■■■■■■■■■ 2   
                   53 ┤■■■■■■■■■■■■■■■■■■■ 1                     
                   54 ┤■■■■■■■■■■■■■■■■■■■■■■■■■■■■■■■■■■■■■ 2   
                   55 ┤ 0                                        
                   56 ┤■■■■■■■■■■■■■■■■■■■■■■■■■■■■■■■■■■■■■ 2   
                   57 ┤■■■■■■■■■■■■■■■■■■■ 1                     
                   58 ┤ 0                                        
                   59 ┤■■■■■■■■■■■■■■■■■■■ 1                     
                   60 ┤■■■■■■■■■■■■■■■■■■■ 1                     
                      └                                        ┘ 
                                     num of slices               
[ Info: slicing branch with sc: 32.0
[ Info: cc.sc: 32.0
region size: 10
tbl0_rows:61 filtered_rows:61
QIP_gurobi_bound: solver finished in 1.283 s (time_limit=100.0 s, status=OPTIMAL)
[ Info: slice 1, lp_score: 5398.0, primal_bound: 5398.0
QIP_gurobi_bound: solver finished in 1.246 s (time_limit=100.0 s, status=OPTIMAL)
[ Info: slice 2, lp_score: 5398.0, primal_bound: 5398.0
[ Info: new_scs: [31, 31]
[ Info: lp_scores: [5398.0, 5398.0]
[ Info: lp_scores: 5398.0
[ Info: lp_scores: 5398.0
[ Info: current num of unfinished slices: 21, finished slices: 11
                      ┌                                        ┐ 
                   31 ┤■■■■■■■■■■■■■■■■■■■■■■■■■■■■■■■■■■■■■ 2   
                   32 ┤ 0                                        
                   33 ┤ 0                                        
                   34 ┤ 0                                        
                   35 ┤ 0                                        
                   36 ┤ 0                                        
                   37 ┤ 0                                        
                   38 ┤ 0                                        
                   39 ┤ 0                                        
                   40 ┤ 0                                        
                   41 ┤ 0                                        
                   42 ┤■■■■■■■■■■■■■■■■■■■ 1                     
                   43 ┤■■■■■■■■■■■■■■■■■■■ 1                     
                   44 ┤ 0                                        
   sc, target = 31 45 ┤■■■■■■■■■■■■■■■■■■■ 1                     
                   46 ┤■■■■■■■■■■■■■■■■■■■ 1                     
                   47 ┤■■■■■■■■■■■■■■■■■■■ 1                     
                   48 ┤■■■■■■■■■■■■■■■■■■■ 1                     
                   49 ┤■■■■■■■■■■■■■■■■■■■■■■■■■■■■■■■■■■■■■ 2   
                   50 ┤■■■■■■■■■■■■■■■■■■■ 1                     
                   51 ┤ 0                                        
                   52 ┤■■■■■■■■■■■■■■■■■■■■■■■■■■■■■■■■■■■■■ 2   
                   53 ┤■■■■■■■■■■■■■■■■■■■ 1                     
                   54 ┤■■■■■■■■■■■■■■■■■■■■■■■■■■■■■■■■■■■■■ 2   
                   55 ┤ 0                                        
                   56 ┤■■■■■■■■■■■■■■■■■■■■■■■■■■■■■■■■■■■■■ 2   
                   57 ┤■■■■■■■■■■■■■■■■■■■ 1                     
                   58 ┤ 0                                        
                   59 ┤■■■■■■■■■■■■■■■■■■■ 1                     
                   60 ┤■■■■■■■■■■■■■■■■■■■ 1                     
                      └                                        ┘ 
                                     num of slices               
[ Info: slicing branch with sc: 31.0
  [slice produced] sc=31.0 tc=43.82715241724141 nv=3542 ne=6906 r=67.0
QIP_value_gurobi: solver finished in 1.346 s (time_limit=604800.0 s, status=OPTIMAL)
[ Info: feasible solution: 5398.0, primal bound: 5398.0
[ Info: current num of unfinished slices: 20, finished slices: 12
                      ┌                                        ┐ 
                   31 ┤■■■■■■■■■■■■■■■■■■■ 1                     
                   32 ┤ 0                                        
                   33 ┤ 0                                        
                   34 ┤ 0                                        
                   35 ┤ 0                                        
                   36 ┤ 0                                        
                   37 ┤ 0                                        
                   38 ┤ 0                                        
                   39 ┤ 0                                        
                   40 ┤ 0                                        
                   41 ┤ 0                                        
                   42 ┤■■■■■■■■■■■■■■■■■■■ 1                     
                   43 ┤■■■■■■■■■■■■■■■■■■■ 1                     
                   44 ┤ 0                                        
   sc, target = 31 45 ┤■■■■■■■■■■■■■■■■■■■ 1                     
                   46 ┤■■■■■■■■■■■■■■■■■■■ 1                     
                   47 ┤■■■■■■■■■■■■■■■■■■■ 1                     
                   48 ┤■■■■■■■■■■■■■■■■■■■ 1                     
                   49 ┤■■■■■■■■■■■■■■■■■■■■■■■■■■■■■■■■■■■■■ 2   
                   50 ┤■■■■■■■■■■■■■■■■■■■ 1                     
                   51 ┤ 0                                        
                   52 ┤■■■■■■■■■■■■■■■■■■■■■■■■■■■■■■■■■■■■■ 2   
                   53 ┤■■■■■■■■■■■■■■■■■■■ 1                     
                   54 ┤■■■■■■■■■■■■■■■■■■■■■■■■■■■■■■■■■■■■■ 2   
                   55 ┤ 0                                        
                   56 ┤■■■■■■■■■■■■■■■■■■■■■■■■■■■■■■■■■■■■■ 2   
                   57 ┤■■■■■■■■■■■■■■■■■■■ 1                     
                   58 ┤ 0                                        
                   59 ┤■■■■■■■■■■■■■■■■■■■ 1                     
                   60 ┤■■■■■■■■■■■■■■■■■■■ 1                     
                      └                                        ┘ 
                                     num of slices               
[ Info: slicing branch with sc: 31.0
  [slice produced] sc=31.0 tc=43.970704707373336 nv=3542 ne=6906 r=68.0
QIP_value_gurobi: solver finished in 1.381 s (time_limit=604800.0 s, status=OPTIMAL)
[ Info: feasible solution: 5398.0, primal bound: 5398.0
[ Info: current num of unfinished slices: 19, finished slices: 13
                      ┌                                        ┐ 
                   42 ┤■■■■■■■■■■■■■■■■■■■ 1                     
                   43 ┤■■■■■■■■■■■■■■■■■■■ 1                     
                   44 ┤ 0                                        
                   45 ┤■■■■■■■■■■■■■■■■■■■ 1                     
                   46 ┤■■■■■■■■■■■■■■■■■■■ 1                     
                   47 ┤■■■■■■■■■■■■■■■■■■■ 1                     
                   48 ┤■■■■■■■■■■■■■■■■■■■ 1                     
                   49 ┤■■■■■■■■■■■■■■■■■■■■■■■■■■■■■■■■■■■■■ 2   
                   50 ┤■■■■■■■■■■■■■■■■■■■ 1                     
   sc, target = 31 51 ┤ 0                                        
                   52 ┤■■■■■■■■■■■■■■■■■■■■■■■■■■■■■■■■■■■■■ 2   
                   53 ┤■■■■■■■■■■■■■■■■■■■ 1                     
                   54 ┤■■■■■■■■■■■■■■■■■■■■■■■■■■■■■■■■■■■■■ 2   
                   55 ┤ 0                                        
                   56 ┤■■■■■■■■■■■■■■■■■■■■■■■■■■■■■■■■■■■■■ 2   
                   57 ┤■■■■■■■■■■■■■■■■■■■ 1                     
                   58 ┤ 0                                        
                   59 ┤■■■■■■■■■■■■■■■■■■■ 1                     
                   60 ┤■■■■■■■■■■■■■■■■■■■ 1                     
                      └                                        ┘ 
                                     num of slices               
[ Info: slicing branch with sc: 42.0
[ Info: cc.sc: 42.0
region size: 10
tbl0_rows:66 filtered_rows:66
QIP_gurobi_bound: solver finished in 1.353 s (time_limit=100.0 s, status=OPTIMAL)
[ Info: slice 1, lp_score: 5395.0, primal_bound: 5398.0
QIP_gurobi_bound: solver finished in 5.969 s (time_limit=100.0 s, status=OPTIMAL)
[ Info: slice 2, lp_score: 5395.0, primal_bound: 5398.0
[ Info: new_scs: Int64[]
[ Info: lp_scores: Float64[]
[ Info: current num of unfinished slices: 18, finished slices: 13
                      ┌                                        ┐ 
                   43 ┤■■■■■■■■■■■■■■■■■■■ 1                     
                   44 ┤ 0                                        
                   45 ┤■■■■■■■■■■■■■■■■■■■ 1                     
                   46 ┤■■■■■■■■■■■■■■■■■■■ 1                     
                   47 ┤■■■■■■■■■■■■■■■■■■■ 1                     
                   48 ┤■■■■■■■■■■■■■■■■■■■ 1                     
                   49 ┤■■■■■■■■■■■■■■■■■■■■■■■■■■■■■■■■■■■■■ 2   
                   50 ┤■■■■■■■■■■■■■■■■■■■ 1                     
   sc, target = 31 51 ┤ 0                                        
                   52 ┤■■■■■■■■■■■■■■■■■■■■■■■■■■■■■■■■■■■■■ 2   
                   53 ┤■■■■■■■■■■■■■■■■■■■ 1                     
                   54 ┤■■■■■■■■■■■■■■■■■■■■■■■■■■■■■■■■■■■■■ 2   
                   55 ┤ 0                                        
                   56 ┤■■■■■■■■■■■■■■■■■■■■■■■■■■■■■■■■■■■■■ 2   
                   57 ┤■■■■■■■■■■■■■■■■■■■ 1                     
                   58 ┤ 0                                        
                   59 ┤■■■■■■■■■■■■■■■■■■■ 1                     
                   60 ┤■■■■■■■■■■■■■■■■■■■ 1                     
                      └                                        ┘ 
                                     num of slices               
[ Info: slicing branch with sc: 43.0
[ Info: cc.sc: 43.0
region size: 10
tbl0_rows:27 filtered_rows:27
QIP_gurobi_bound: solver finished in 1.321 s (time_limit=100.0 s, status=OPTIMAL)
[ Info: slice 1, lp_score: 5392.0, primal_bound: 5398.0
QIP_gurobi_bound: solver finished in 1.359 s (time_limit=100.0 s, status=OPTIMAL)
[ Info: slice 2, lp_score: 5395.0, primal_bound: 5398.0
[ Info: new_scs: Int64[]
[ Info: lp_scores: Float64[]
[ Info: current num of unfinished slices: 17, finished slices: 13
                      ┌                                        ┐ 
                   45 ┤■■■■■■■■■■■■■■■■■■■ 1                     
                   46 ┤■■■■■■■■■■■■■■■■■■■ 1                     
                   47 ┤■■■■■■■■■■■■■■■■■■■ 1                     
                   48 ┤■■■■■■■■■■■■■■■■■■■ 1                     
                   49 ┤■■■■■■■■■■■■■■■■■■■■■■■■■■■■■■■■■■■■■ 2   
                   50 ┤■■■■■■■■■■■■■■■■■■■ 1                     
                   51 ┤ 0                                        
   sc, target = 31 52 ┤■■■■■■■■■■■■■■■■■■■■■■■■■■■■■■■■■■■■■ 2   
                   53 ┤■■■■■■■■■■■■■■■■■■■ 1                     
                   54 ┤■■■■■■■■■■■■■■■■■■■■■■■■■■■■■■■■■■■■■ 2   
                   55 ┤ 0                                        
                   56 ┤■■■■■■■■■■■■■■■■■■■■■■■■■■■■■■■■■■■■■ 2   
                   57 ┤■■■■■■■■■■■■■■■■■■■ 1                     
                   58 ┤ 0                                        
                   59 ┤■■■■■■■■■■■■■■■■■■■ 1                     
                   60 ┤■■■■■■■■■■■■■■■■■■■ 1                     
                      └                                        ┘ 
                                     num of slices               
[ Info: slicing branch with sc: 45.0
[ Info: cc.sc: 45.0
region size: 10
tbl0_rows:39 filtered_rows:39
QIP_gurobi_bound: solver finished in 1.316 s (time_limit=100.0 s, status=OPTIMAL)
[ Info: slice 1, lp_score: 5393.0, primal_bound: 5398.0
QIP_gurobi_bound: solver finished in 1.376 s (time_limit=100.0 s, status=OPTIMAL)
[ Info: slice 2, lp_score: 5396.0, primal_bound: 5398.0
[ Info: new_scs: Int64[]
[ Info: lp_scores: Float64[]
[ Info: current num of unfinished slices: 16, finished slices: 13
                      ┌                                        ┐ 
                   46 ┤■■■■■■■■■■■■■■■■■■■ 1                     
                   47 ┤■■■■■■■■■■■■■■■■■■■ 1                     
                   48 ┤■■■■■■■■■■■■■■■■■■■ 1                     
                   49 ┤■■■■■■■■■■■■■■■■■■■■■■■■■■■■■■■■■■■■■ 2   
                   50 ┤■■■■■■■■■■■■■■■■■■■ 1                     
                   51 ┤ 0                                        
                   52 ┤■■■■■■■■■■■■■■■■■■■■■■■■■■■■■■■■■■■■■ 2   
   sc, target = 31 53 ┤■■■■■■■■■■■■■■■■■■■ 1                     
                   54 ┤■■■■■■■■■■■■■■■■■■■■■■■■■■■■■■■■■■■■■ 2   
                   55 ┤ 0                                        
                   56 ┤■■■■■■■■■■■■■■■■■■■■■■■■■■■■■■■■■■■■■ 2   
                   57 ┤■■■■■■■■■■■■■■■■■■■ 1                     
                   58 ┤ 0                                        
                   59 ┤■■■■■■■■■■■■■■■■■■■ 1                     
                   60 ┤■■■■■■■■■■■■■■■■■■■ 1                     
                      └                                        ┘ 
                                     num of slices               
[ Info: slicing branch with sc: 47.0
[ Info: cc.sc: 47.0
region size: 10
tbl0_rows:50 filtered_rows:50
QIP_gurobi_bound: solver finished in 5.537 s (time_limit=100.0 s, status=OPTIMAL)
[ Info: slice 1, lp_score: 5394.0, primal_bound: 5398.0
QIP_gurobi_bound: solver finished in 1.392 s (time_limit=100.0 s, status=OPTIMAL)
[ Info: slice 2, lp_score: 5396.0, primal_bound: 5398.0
[ Info: new_scs: Int64[]
[ Info: lp_scores: Float64[]
[ Info: current num of unfinished slices: 15, finished slices: 13
                      ┌                                        ┐ 
                   46 ┤■■■■■■■■■■■■■■■■■■■ 1                     
                   47 ┤ 0                                        
                   48 ┤■■■■■■■■■■■■■■■■■■■ 1                     
                   49 ┤■■■■■■■■■■■■■■■■■■■■■■■■■■■■■■■■■■■■■ 2   
                   50 ┤■■■■■■■■■■■■■■■■■■■ 1                     
                   51 ┤ 0                                        
                   52 ┤■■■■■■■■■■■■■■■■■■■■■■■■■■■■■■■■■■■■■ 2   
   sc, target = 31 53 ┤■■■■■■■■■■■■■■■■■■■ 1                     
                   54 ┤■■■■■■■■■■■■■■■■■■■■■■■■■■■■■■■■■■■■■ 2   
                   55 ┤ 0                                        
                   56 ┤■■■■■■■■■■■■■■■■■■■■■■■■■■■■■■■■■■■■■ 2   
                   57 ┤■■■■■■■■■■■■■■■■■■■ 1                     
                   58 ┤ 0                                        
                   59 ┤■■■■■■■■■■■■■■■■■■■ 1                     
                   60 ┤■■■■■■■■■■■■■■■■■■■ 1                     
                      └                                        ┘ 
                                     num of slices               
[ Info: slicing branch with sc: 48.0
[ Info: cc.sc: 48.0
region size: 10
tbl0_rows:68 filtered_rows:68
QIP_gurobi_bound: solver finished in 1.349 s (time_limit=100.0 s, status=OPTIMAL)
[ Info: slice 1, lp_score: 5395.0, primal_bound: 5398.0
QIP_gurobi_bound: solver finished in 1.277 s (time_limit=100.0 s, status=OPTIMAL)
[ Info: slice 2, lp_score: 5396.0, primal_bound: 5398.0
[ Info: new_scs: Int64[]
[ Info: lp_scores: Float64[]
[ Info: current num of unfinished slices: 14, finished slices: 13
                      ┌                                        ┐ 
                   46 ┤■■■■■■■■■■■■■■■■■■■ 1                     
                   47 ┤ 0                                        
                   48 ┤ 0                                        
                   49 ┤■■■■■■■■■■■■■■■■■■■■■■■■■■■■■■■■■■■■■ 2   
                   50 ┤■■■■■■■■■■■■■■■■■■■ 1                     
                   51 ┤ 0                                        
                   52 ┤■■■■■■■■■■■■■■■■■■■■■■■■■■■■■■■■■■■■■ 2   
   sc, target = 31 53 ┤■■■■■■■■■■■■■■■■■■■ 1                     
                   54 ┤■■■■■■■■■■■■■■■■■■■■■■■■■■■■■■■■■■■■■ 2   
                   55 ┤ 0                                        
                   56 ┤■■■■■■■■■■■■■■■■■■■■■■■■■■■■■■■■■■■■■ 2   
                   57 ┤■■■■■■■■■■■■■■■■■■■ 1                     
                   58 ┤ 0                                        
                   59 ┤■■■■■■■■■■■■■■■■■■■ 1                     
                   60 ┤■■■■■■■■■■■■■■■■■■■ 1                     
                      └                                        ┘ 
                                     num of slices               
[ Info: slicing branch with sc: 46.0
[ Info: cc.sc: 46.0
region size: 10
tbl0_rows:37 filtered_rows:37
QIP_gurobi_bound: solver finished in 1.312 s (time_limit=100.0 s, status=OPTIMAL)
[ Info: slice 1, lp_score: 5391.0, primal_bound: 5398.0
QIP_gurobi_bound: solver finished in 1.475 s (time_limit=100.0 s, status=OPTIMAL)
[ Info: slice 2, lp_score: 5389.0, primal_bound: 5398.0
[ Info: new_scs: Int64[]
[ Info: lp_scores: Float64[]
[ Info: current num of unfinished slices: 13, finished slices: 13
                      ┌                                        ┐ 
                   49 ┤■■■■■■■■■■■■■■■■■■■■■■■■■■■■■■■■■■■■■ 2   
                   50 ┤■■■■■■■■■■■■■■■■■■■ 1                     
                   51 ┤ 0                                        
                   52 ┤■■■■■■■■■■■■■■■■■■■■■■■■■■■■■■■■■■■■■ 2   
                   53 ┤■■■■■■■■■■■■■■■■■■■ 1                     
   sc, target = 31 54 ┤■■■■■■■■■■■■■■■■■■■■■■■■■■■■■■■■■■■■■ 2   
                   55 ┤ 0                                        
                   56 ┤■■■■■■■■■■■■■■■■■■■■■■■■■■■■■■■■■■■■■ 2   
                   57 ┤■■■■■■■■■■■■■■■■■■■ 1                     
                   58 ┤ 0                                        
                   59 ┤■■■■■■■■■■■■■■■■■■■ 1                     
                   60 ┤■■■■■■■■■■■■■■■■■■■ 1                     
                      └                                        ┘ 
                                     num of slices               
[ Info: slicing branch with sc: 49.0
[ Info: cc.sc: 49.0
region size: 10
tbl0_rows:46 filtered_rows:46
QIP_gurobi_bound: solver finished in 1.346 s (time_limit=100.0 s, status=OPTIMAL)
[ Info: slice 1, lp_score: 5398.0, primal_bound: 5398.0
QIP_gurobi_bound: solver finished in 1.386 s (time_limit=100.0 s, status=OPTIMAL)
[ Info: slice 2, lp_score: 5394.0, primal_bound: 5398.0
[ Info: new_scs: [48]
[ Info: lp_scores: [5398.0]
[ Info: lp_scores: 5398.0
[ Info: current num of unfinished slices: 13, finished slices: 13
                      ┌                                        ┐ 
                   48 ┤■■■■■■■■■■■■■■■■■■■ 1                     
                   49 ┤■■■■■■■■■■■■■■■■■■■ 1                     
                   50 ┤■■■■■■■■■■■■■■■■■■■ 1                     
                   51 ┤ 0                                        
                   52 ┤■■■■■■■■■■■■■■■■■■■■■■■■■■■■■■■■■■■■■ 2   
                   53 ┤■■■■■■■■■■■■■■■■■■■ 1                     
   sc, target = 31 54 ┤■■■■■■■■■■■■■■■■■■■■■■■■■■■■■■■■■■■■■ 2   
                   55 ┤ 0                                        
                   56 ┤■■■■■■■■■■■■■■■■■■■■■■■■■■■■■■■■■■■■■ 2   
                   57 ┤■■■■■■■■■■■■■■■■■■■ 1                     
                   58 ┤ 0                                        
                   59 ┤■■■■■■■■■■■■■■■■■■■ 1                     
                   60 ┤■■■■■■■■■■■■■■■■■■■ 1                     
                      └                                        ┘ 
                                     num of slices               
[ Info: slicing branch with sc: 48.0
[ Info: cc.sc: 48.0
region size: 10
tbl0_rows:64 filtered_rows:64
QIP_gurobi_bound: solver finished in 1.299 s (time_limit=100.0 s, status=OPTIMAL)
[ Info: slice 1, lp_score: 5398.0, primal_bound: 5398.0
QIP_gurobi_bound: solver finished in 1.348 s (time_limit=100.0 s, status=OPTIMAL)
[ Info: slice 2, lp_score: 5390.0, primal_bound: 5398.0
QIP_gurobi_bound: solver finished in 4.684 s (time_limit=100.0 s, status=OPTIMAL)
[ Info: slice 3, lp_score: 5398.0, primal_bound: 5398.0
[ Info: new_scs: [47, 47]
[ Info: lp_scores: [5398.0, 5398.0]
[ Info: lp_scores: 5398.0
[ Info: lp_scores: 5398.0
[ Info: current num of unfinished slices: 14, finished slices: 13
                      ┌                                        ┐ 
                   47 ┤■■■■■■■■■■■■■■■■■■■■■■■■■■■■■■■■■■■■■ 2   
                   48 ┤ 0                                        
                   49 ┤■■■■■■■■■■■■■■■■■■■ 1                     
                   50 ┤■■■■■■■■■■■■■■■■■■■ 1                     
                   51 ┤ 0                                        
                   52 ┤■■■■■■■■■■■■■■■■■■■■■■■■■■■■■■■■■■■■■ 2   
   sc, target = 31 53 ┤■■■■■■■■■■■■■■■■■■■ 1                     
                   54 ┤■■■■■■■■■■■■■■■■■■■■■■■■■■■■■■■■■■■■■ 2   
                   55 ┤ 0                                        
                   56 ┤■■■■■■■■■■■■■■■■■■■■■■■■■■■■■■■■■■■■■ 2   
                   57 ┤■■■■■■■■■■■■■■■■■■■ 1                     
                   58 ┤ 0                                        
                   59 ┤■■■■■■■■■■■■■■■■■■■ 1                     
                   60 ┤■■■■■■■■■■■■■■■■■■■ 1                     
                      └                                        ┘ 
                                     num of slices               
[ Info: slicing branch with sc: 47.0
[ Info: cc.sc: 47.0
region size: 10
tbl0_rows:53 filtered_rows:53
QIP_gurobi_bound: solver finished in 1.305 s (time_limit=100.0 s, status=OPTIMAL)
[ Info: slice 1, lp_score: 5396.0, primal_bound: 5398.0
QIP_gurobi_bound: solver finished in 1.287 s (time_limit=100.0 s, status=OPTIMAL)
[ Info: slice 2, lp_score: 5398.0, primal_bound: 5398.0
[ Info: new_scs: [45]
[ Info: lp_scores: [5398.0]
[ Info: lp_scores: 5398.0
[ Info: current num of unfinished slices: 14, finished slices: 13
                      ┌                                        ┐ 
                   45 ┤■■■■■■■■■■■■■■■■■■■ 1                     
                   46 ┤ 0                                        
                   47 ┤■■■■■■■■■■■■■■■■■■■ 1                     
                   48 ┤ 0                                        
                   49 ┤■■■■■■■■■■■■■■■■■■■ 1                     
                   50 ┤■■■■■■■■■■■■■■■■■■■ 1                     
                   51 ┤ 0                                        
   sc, target = 31 52 ┤■■■■■■■■■■■■■■■■■■■■■■■■■■■■■■■■■■■■■ 2   
                   53 ┤■■■■■■■■■■■■■■■■■■■ 1                     
                   54 ┤■■■■■■■■■■■■■■■■■■■■■■■■■■■■■■■■■■■■■ 2   
                   55 ┤ 0                                        
                   56 ┤■■■■■■■■■■■■■■■■■■■■■■■■■■■■■■■■■■■■■ 2   
                   57 ┤■■■■■■■■■■■■■■■■■■■ 1                     
                   58 ┤ 0                                        
                   59 ┤■■■■■■■■■■■■■■■■■■■ 1                     
                   60 ┤■■■■■■■■■■■■■■■■■■■ 1                     
                      └                                        ┘ 
                                     num of slices               
[ Info: slicing branch with sc: 45.0
[ Info: cc.sc: 45.0
region size: 10
tbl0_rows:50 filtered_rows:50
QIP_gurobi_bound: solver finished in 1.304 s (time_limit=100.0 s, status=OPTIMAL)
[ Info: slice 1, lp_score: 5398.0, primal_bound: 5398.0
QIP_gurobi_bound: solver finished in 1.291 s (time_limit=100.0 s, status=OPTIMAL)
[ Info: slice 2, lp_score: 5397.0, primal_bound: 5398.0
QIP_gurobi_bound: solver finished in 4.996 s (time_limit=100.0 s, status=OPTIMAL)
[ Info: slice 3, lp_score: 5393.0, primal_bound: 5398.0
[ Info: new_scs: [43]
[ Info: lp_scores: [5398.0]
[ Info: lp_scores: 5398.0
[ Info: current num of unfinished slices: 14, finished slices: 13
                      ┌                                        ┐ 
                   43 ┤■■■■■■■■■■■■■■■■■■■ 1                     
                   44 ┤ 0                                        
                   45 ┤ 0                                        
                   46 ┤ 0                                        
                   47 ┤■■■■■■■■■■■■■■■■■■■ 1                     
                   48 ┤ 0                                        
                   49 ┤■■■■■■■■■■■■■■■■■■■ 1                     
                   50 ┤■■■■■■■■■■■■■■■■■■■ 1                     
   sc, target = 31 51 ┤ 0                                        
                   52 ┤■■■■■■■■■■■■■■■■■■■■■■■■■■■■■■■■■■■■■ 2   
                   53 ┤■■■■■■■■■■■■■■■■■■■ 1                     
                   54 ┤■■■■■■■■■■■■■■■■■■■■■■■■■■■■■■■■■■■■■ 2   
                   55 ┤ 0                                        
                   56 ┤■■■■■■■■■■■■■■■■■■■■■■■■■■■■■■■■■■■■■ 2   
                   57 ┤■■■■■■■■■■■■■■■■■■■ 1                     
                   58 ┤ 0                                        
                   59 ┤■■■■■■■■■■■■■■■■■■■ 1                     
                   60 ┤■■■■■■■■■■■■■■■■■■■ 1                     
                      └                                        ┘ 
                                     num of slices               
[ Info: slicing branch with sc: 43.0
[ Info: cc.sc: 43.0
region size: 10
tbl0_rows:16 filtered_rows:16
QIP_gurobi_bound: solver finished in 1.22 s (time_limit=100.0 s, status=OPTIMAL)
[ Info: slice 1, lp_score: 5398.0, primal_bound: 5398.0
[ Info: new_scs: [43]
[ Info: lp_scores: [5398.0]
[ Info: lp_scores: 5398.0
[ Info: current num of unfinished slices: 14, finished slices: 13
                      ┌                                        ┐ 
                   43 ┤■■■■■■■■■■■■■■■■■■■ 1                     
                   44 ┤ 0                                        
                   45 ┤ 0                                        
                   46 ┤ 0                                        
                   47 ┤■■■■■■■■■■■■■■■■■■■ 1                     
                   48 ┤ 0                                        
                   49 ┤■■■■■■■■■■■■■■■■■■■ 1                     
                   50 ┤■■■■■■■■■■■■■■■■■■■ 1                     
   sc, target = 31 51 ┤ 0                                        
                   52 ┤■■■■■■■■■■■■■■■■■■■■■■■■■■■■■■■■■■■■■ 2   
                   53 ┤■■■■■■■■■■■■■■■■■■■ 1                     
                   54 ┤■■■■■■■■■■■■■■■■■■■■■■■■■■■■■■■■■■■■■ 2   
                   55 ┤ 0                                        
                   56 ┤■■■■■■■■■■■■■■■■■■■■■■■■■■■■■■■■■■■■■ 2   
                   57 ┤■■■■■■■■■■■■■■■■■■■ 1                     
                   58 ┤ 0                                        
                   59 ┤■■■■■■■■■■■■■■■■■■■ 1                     
                   60 ┤■■■■■■■■■■■■■■■■■■■ 1                     
                      └                                        ┘ 
                                     num of slices               
[ Info: slicing branch with sc: 43.0
[ Info: cc.sc: 43.0
region size: 10
tbl0_rows:13 filtered_rows:13
QIP_gurobi_bound: solver finished in 5.226 s (time_limit=100.0 s, status=OPTIMAL)
[ Info: slice 1, lp_score: 5398.0, primal_bound: 5398.0
QIP_gurobi_bound: solver finished in 1.204 s (time_limit=100.0 s, status=OPTIMAL)
[ Info: slice 2, lp_score: 5393.0, primal_bound: 5398.0
[ Info: new_scs: [42]
[ Info: lp_scores: [5398.0]
[ Info: lp_scores: 5398.0
[ Info: current num of unfinished slices: 14, finished slices: 13
                      ┌                                        ┐ 
                   42 ┤■■■■■■■■■■■■■■■■■■■ 1                     
                   43 ┤ 0                                        
                   44 ┤ 0                                        
                   45 ┤ 0                                        
                   46 ┤ 0                                        
                   47 ┤■■■■■■■■■■■■■■■■■■■ 1                     
                   48 ┤ 0                                        
                   49 ┤■■■■■■■■■■■■■■■■■■■ 1                     
                   50 ┤■■■■■■■■■■■■■■■■■■■ 1                     
   sc, target = 31 51 ┤ 0                                        
                   52 ┤■■■■■■■■■■■■■■■■■■■■■■■■■■■■■■■■■■■■■ 2   
                   53 ┤■■■■■■■■■■■■■■■■■■■ 1                     
                   54 ┤■■■■■■■■■■■■■■■■■■■■■■■■■■■■■■■■■■■■■ 2   
                   55 ┤ 0                                        
                   56 ┤■■■■■■■■■■■■■■■■■■■■■■■■■■■■■■■■■■■■■ 2   
                   57 ┤■■■■■■■■■■■■■■■■■■■ 1                     
                   58 ┤ 0                                        
                   59 ┤■■■■■■■■■■■■■■■■■■■ 1                     
                   60 ┤■■■■■■■■■■■■■■■■■■■ 1                     
                      └                                        ┘ 
                                     num of slices               
[ Info: slicing branch with sc: 42.0
[ Info: cc.sc: 42.0
region size: 10
tbl0_rows:66 filtered_rows:66
QIP_gurobi_bound: solver finished in 1.328 s (time_limit=100.0 s, status=OPTIMAL)
[ Info: slice 1, lp_score: 5398.0, primal_bound: 5398.0
QIP_gurobi_bound: solver finished in 1.474 s (time_limit=100.0 s, status=OPTIMAL)
[ Info: slice 2, lp_score: 5398.0, primal_bound: 5398.0
[ Info: new_scs: [41, 41]
[ Info: lp_scores: [5398.0, 5398.0]
[ Info: lp_scores: 5398.0
[ Info: lp_scores: 5398.0
[ Info: current num of unfinished slices: 15, finished slices: 13
                      ┌                                        ┐ 
                   41 ┤■■■■■■■■■■■■■■■■■■■■■■■■■■■■■■■■■■■■■ 2   
                   42 ┤ 0                                        
                   43 ┤ 0                                        
                   44 ┤ 0                                        
                   45 ┤ 0                                        
                   46 ┤ 0                                        
                   47 ┤■■■■■■■■■■■■■■■■■■■ 1                     
                   48 ┤ 0                                        
                   49 ┤■■■■■■■■■■■■■■■■■■■ 1                     
   sc, target = 31 50 ┤■■■■■■■■■■■■■■■■■■■ 1                     
                   51 ┤ 0                                        
                   52 ┤■■■■■■■■■■■■■■■■■■■■■■■■■■■■■■■■■■■■■ 2   
                   53 ┤■■■■■■■■■■■■■■■■■■■ 1                     
                   54 ┤■■■■■■■■■■■■■■■■■■■■■■■■■■■■■■■■■■■■■ 2   
                   55 ┤ 0                                        
                   56 ┤■■■■■■■■■■■■■■■■■■■■■■■■■■■■■■■■■■■■■ 2   
                   57 ┤■■■■■■■■■■■■■■■■■■■ 1                     
                   58 ┤ 0                                        
                   59 ┤■■■■■■■■■■■■■■■■■■■ 1                     
                   60 ┤■■■■■■■■■■■■■■■■■■■ 1                     
                      └                                        ┘ 
                                     num of slices               
[ Info: slicing branch with sc: 41.0
[ Info: cc.sc: 41.0
region size: 10
tbl0_rows:44 filtered_rows:44
QIP_gurobi_bound: solver finished in 1.303 s (time_limit=100.0 s, status=OPTIMAL)
[ Info: slice 1, lp_score: 5398.0, primal_bound: 5398.0
QIP_gurobi_bound: solver finished in 1.495 s (time_limit=100.0 s, status=OPTIMAL)
[ Info: slice 2, lp_score: 5397.0, primal_bound: 5398.0
[ Info: new_scs: [40]
[ Info: lp_scores: [5398.0]
[ Info: lp_scores: 5398.0
[ Info: current num of unfinished slices: 15, finished slices: 13
                      ┌                                        ┐ 
                   40 ┤■■■■■■■■■■■■■■■■■■■ 1                     
                   41 ┤■■■■■■■■■■■■■■■■■■■ 1                     
                   42 ┤ 0                                        
                   43 ┤ 0                                        
                   44 ┤ 0                                        
                   45 ┤ 0                                        
                   46 ┤ 0                                        
                   47 ┤■■■■■■■■■■■■■■■■■■■ 1                     
                   48 ┤ 0                                        
                   49 ┤■■■■■■■■■■■■■■■■■■■ 1                     
   sc, target = 31 50 ┤■■■■■■■■■■■■■■■■■■■ 1                     
                   51 ┤ 0                                        
                   52 ┤■■■■■■■■■■■■■■■■■■■■■■■■■■■■■■■■■■■■■ 2   
                   53 ┤■■■■■■■■■■■■■■■■■■■ 1                     
                   54 ┤■■■■■■■■■■■■■■■■■■■■■■■■■■■■■■■■■■■■■ 2   
                   55 ┤ 0                                        
                   56 ┤■■■■■■■■■■■■■■■■■■■■■■■■■■■■■■■■■■■■■ 2   
                   57 ┤■■■■■■■■■■■■■■■■■■■ 1                     
                   58 ┤ 0                                        
                   59 ┤■■■■■■■■■■■■■■■■■■■ 1                     
                   60 ┤■■■■■■■■■■■■■■■■■■■ 1                     
                      └                                        ┘ 
                                     num of slices               
[ Info: slicing branch with sc: 40.0
[ Info: cc.sc: 40.0
region size: 10
tbl0_rows:25 filtered_rows:25
QIP_gurobi_bound: solver finished in 5.807 s (time_limit=100.0 s, status=OPTIMAL)
[ Info: slice 1, lp_score: 5398.0, primal_bound: 5398.0
QIP_gurobi_bound: solver finished in 1.413 s (time_limit=100.0 s, status=OPTIMAL)
[ Info: slice 2, lp_score: 5396.0, primal_bound: 5398.0
[ Info: new_scs: [40]
[ Info: lp_scores: [5398.0]
[ Info: lp_scores: 5398.0
[ Info: current num of unfinished slices: 15, finished slices: 13
                      ┌                                        ┐ 
                   40 ┤■■■■■■■■■■■■■■■■■■■ 1                     
                   41 ┤■■■■■■■■■■■■■■■■■■■ 1                     
                   42 ┤ 0                                        
                   43 ┤ 0                                        
                   44 ┤ 0                                        
                   45 ┤ 0                                        
                   46 ┤ 0                                        
                   47 ┤■■■■■■■■■■■■■■■■■■■ 1                     
                   48 ┤ 0                                        
                   49 ┤■■■■■■■■■■■■■■■■■■■ 1                     
   sc, target = 31 50 ┤■■■■■■■■■■■■■■■■■■■ 1                     
                   51 ┤ 0                                        
                   52 ┤■■■■■■■■■■■■■■■■■■■■■■■■■■■■■■■■■■■■■ 2   
                   53 ┤■■■■■■■■■■■■■■■■■■■ 1                     
                   54 ┤■■■■■■■■■■■■■■■■■■■■■■■■■■■■■■■■■■■■■ 2   
                   55 ┤ 0                                        
                   56 ┤■■■■■■■■■■■■■■■■■■■■■■■■■■■■■■■■■■■■■ 2   
                   57 ┤■■■■■■■■■■■■■■■■■■■ 1                     
                   58 ┤ 0                                        
                   59 ┤■■■■■■■■■■■■■■■■■■■ 1                     
                   60 ┤■■■■■■■■■■■■■■■■■■■ 1                     
                      └                                        ┘ 
                                     num of slices               
[ Info: slicing branch with sc: 40.0
[ Info: cc.sc: 40.0
region size: 10
tbl0_rows:45 filtered_rows:45
QIP_gurobi_bound: solver finished in 1.265 s (time_limit=100.0 s, status=OPTIMAL)
[ Info: slice 1, lp_score: 5393.0, primal_bound: 5398.0
QIP_gurobi_bound: solver finished in 1.234 s (time_limit=100.0 s, status=OPTIMAL)
[ Info: slice 2, lp_score: 5398.0, primal_bound: 5398.0
[ Info: new_scs: [40]
[ Info: lp_scores: [5398.0]
[ Info: lp_scores: 5398.0
[ Info: current num of unfinished slices: 15, finished slices: 13
                      ┌                                        ┐ 
                   40 ┤■■■■■■■■■■■■■■■■■■■ 1                     
                   41 ┤■■■■■■■■■■■■■■■■■■■ 1                     
                   42 ┤ 0                                        
                   43 ┤ 0                                        
                   44 ┤ 0                                        
                   45 ┤ 0                                        
                   46 ┤ 0                                        
                   47 ┤■■■■■■■■■■■■■■■■■■■ 1                     
                   48 ┤ 0                                        
                   49 ┤■■■■■■■■■■■■■■■■■■■ 1                     
   sc, target = 31 50 ┤■■■■■■■■■■■■■■■■■■■ 1                     
                   51 ┤ 0                                        
                   52 ┤■■■■■■■■■■■■■■■■■■■■■■■■■■■■■■■■■■■■■ 2   
                   53 ┤■■■■■■■■■■■■■■■■■■■ 1                     
                   54 ┤■■■■■■■■■■■■■■■■■■■■■■■■■■■■■■■■■■■■■ 2   
                   55 ┤ 0                                        
                   56 ┤■■■■■■■■■■■■■■■■■■■■■■■■■■■■■■■■■■■■■ 2   
                   57 ┤■■■■■■■■■■■■■■■■■■■ 1                     
                   58 ┤ 0                                        
                   59 ┤■■■■■■■■■■■■■■■■■■■ 1                     
                   60 ┤■■■■■■■■■■■■■■■■■■■ 1                     
                      └                                        ┘ 
                                     num of slices               
[ Info: slicing branch with sc: 40.0
[ Info: cc.sc: 40.0
region size: 10
tbl0_rows:51 filtered_rows:51
QIP_gurobi_bound: solver finished in 1.281 s (time_limit=100.0 s, status=OPTIMAL)
[ Info: slice 1, lp_score: 5397.0, primal_bound: 5398.0
QIP_gurobi_bound: solver finished in 1.353 s (time_limit=100.0 s, status=OPTIMAL)
[ Info: slice 2, lp_score: 5398.0, primal_bound: 5398.0
[ Info: new_scs: [40]
[ Info: lp_scores: [5398.0]
[ Info: lp_scores: 5398.0
[ Info: current num of unfinished slices: 15, finished slices: 13
                      ┌                                        ┐ 
                   40 ┤■■■■■■■■■■■■■■■■■■■ 1                     
                   41 ┤■■■■■■■■■■■■■■■■■■■ 1                     
                   42 ┤ 0                                        
                   43 ┤ 0                                        
                   44 ┤ 0                                        
                   45 ┤ 0                                        
                   46 ┤ 0                                        
                   47 ┤■■■■■■■■■■■■■■■■■■■ 1                     
                   48 ┤ 0                                        
                   49 ┤■■■■■■■■■■■■■■■■■■■ 1                     
   sc, target = 31 50 ┤■■■■■■■■■■■■■■■■■■■ 1                     
                   51 ┤ 0                                        
                   52 ┤■■■■■■■■■■■■■■■■■■■■■■■■■■■■■■■■■■■■■ 2   
                   53 ┤■■■■■■■■■■■■■■■■■■■ 1                     
                   54 ┤■■■■■■■■■■■■■■■■■■■■■■■■■■■■■■■■■■■■■ 2   
                   55 ┤ 0                                        
                   56 ┤■■■■■■■■■■■■■■■■■■■■■■■■■■■■■■■■■■■■■ 2   
                   57 ┤■■■■■■■■■■■■■■■■■■■ 1                     
                   58 ┤ 0                                        
                   59 ┤■■■■■■■■■■■■■■■■■■■ 1                     
                   60 ┤■■■■■■■■■■■■■■■■■■■ 1                     
                      └                                        ┘ 
                                     num of slices               
[ Info: slicing branch with sc: 40.0
[ Info: cc.sc: 40.0
region size: 10
tbl0_rows:47 filtered_rows:47
QIP_gurobi_bound: solver finished in 4.444 s (time_limit=100.0 s, status=OPTIMAL)
[ Info: slice 1, lp_score: 5398.0, primal_bound: 5398.0
QIP_gurobi_bound: solver finished in 1.328 s (time_limit=100.0 s, status=OPTIMAL)
[ Info: slice 2, lp_score: 5398.0, primal_bound: 5398.0
[ Info: new_scs: [39, 39]
[ Info: lp_scores: [5398.0, 5398.0]
[ Info: lp_scores: 5398.0
[ Info: lp_scores: 5398.0
[ Info: current num of unfinished slices: 16, finished slices: 13
                      ┌                                        ┐ 
                   39 ┤■■■■■■■■■■■■■■■■■■■■■■■■■■■■■■■■■■■■■ 2   
                   40 ┤ 0                                        
                   41 ┤■■■■■■■■■■■■■■■■■■■ 1                     
                   42 ┤ 0                                        
                   43 ┤ 0                                        
                   44 ┤ 0                                        
                   45 ┤ 0                                        
                   46 ┤ 0                                        
                   47 ┤■■■■■■■■■■■■■■■■■■■ 1                     
                   48 ┤ 0                                        
   sc, target = 31 49 ┤■■■■■■■■■■■■■■■■■■■ 1                     
                   50 ┤■■■■■■■■■■■■■■■■■■■ 1                     
                   51 ┤ 0                                        
                   52 ┤■■■■■■■■■■■■■■■■■■■■■■■■■■■■■■■■■■■■■ 2   
                   53 ┤■■■■■■■■■■■■■■■■■■■ 1                     
                   54 ┤■■■■■■■■■■■■■■■■■■■■■■■■■■■■■■■■■■■■■ 2   
                   55 ┤ 0                                        
                   56 ┤■■■■■■■■■■■■■■■■■■■■■■■■■■■■■■■■■■■■■ 2   
                   57 ┤■■■■■■■■■■■■■■■■■■■ 1                     
                   58 ┤ 0                                        
                   59 ┤■■■■■■■■■■■■■■■■■■■ 1                     
                   60 ┤■■■■■■■■■■■■■■■■■■■ 1                     
                      └                                        ┘ 
                                     num of slices               
[ Info: slicing branch with sc: 39.0
[ Info: cc.sc: 39.0
region size: 10
tbl0_rows:43 filtered_rows:43
QIP_gurobi_bound: solver finished in 1.232 s (time_limit=100.0 s, status=OPTIMAL)
[ Info: slice 1, lp_score: 5398.0, primal_bound: 5398.0
QIP_gurobi_bound: solver finished in 1.335 s (time_limit=100.0 s, status=OPTIMAL)
[ Info: slice 2, lp_score: 5396.0, primal_bound: 5398.0
[ Info: new_scs: [38]
[ Info: lp_scores: [5398.0]
[ Info: lp_scores: 5398.0
[ Info: current num of unfinished slices: 16, finished slices: 13
                      ┌                                        ┐ 
                   38 ┤■■■■■■■■■■■■■■■■■■■ 1                     
                   39 ┤■■■■■■■■■■■■■■■■■■■ 1                     
                   40 ┤ 0                                        
                   41 ┤■■■■■■■■■■■■■■■■■■■ 1                     
                   42 ┤ 0                                        
                   43 ┤ 0                                        
                   44 ┤ 0                                        
                   45 ┤ 0                                        
                   46 ┤ 0                                        
                   47 ┤■■■■■■■■■■■■■■■■■■■ 1                     
                   48 ┤ 0                                        
   sc, target = 31 49 ┤■■■■■■■■■■■■■■■■■■■ 1                     
                   50 ┤■■■■■■■■■■■■■■■■■■■ 1                     
                   51 ┤ 0                                        
                   52 ┤■■■■■■■■■■■■■■■■■■■■■■■■■■■■■■■■■■■■■ 2   
                   53 ┤■■■■■■■■■■■■■■■■■■■ 1                     
                   54 ┤■■■■■■■■■■■■■■■■■■■■■■■■■■■■■■■■■■■■■ 2   
                   55 ┤ 0                                        
                   56 ┤■■■■■■■■■■■■■■■■■■■■■■■■■■■■■■■■■■■■■ 2   
                   57 ┤■■■■■■■■■■■■■■■■■■■ 1                     
                   58 ┤ 0                                        
                   59 ┤■■■■■■■■■■■■■■■■■■■ 1                     
                   60 ┤■■■■■■■■■■■■■■■■■■■ 1                     
                      └                                        ┘ 
                                     num of slices               
[ Info: slicing branch with sc: 38.0
[ Info: cc.sc: 38.0
region size: 10
tbl0_rows:27 filtered_rows:27
QIP_gurobi_bound: solver finished in 1.44 s (time_limit=100.0 s, status=OPTIMAL)
[ Info: slice 1, lp_score: 5398.0, primal_bound: 5398.0
QIP_gurobi_bound: solver finished in 1.194 s (time_limit=100.0 s, status=OPTIMAL)
[ Info: slice 2, lp_score: 5391.0, primal_bound: 5398.0
[ Info: new_scs: [37]
[ Info: lp_scores: [5398.0]
[ Info: lp_scores: 5398.0
[ Info: current num of unfinished slices: 16, finished slices: 13
                      ┌                                        ┐ 
                   37 ┤■■■■■■■■■■■■■■■■■■■ 1                     
                   38 ┤ 0                                        
                   39 ┤■■■■■■■■■■■■■■■■■■■ 1                     
                   40 ┤ 0                                        
                   41 ┤■■■■■■■■■■■■■■■■■■■ 1                     
                   42 ┤ 0                                        
                   43 ┤ 0                                        
                   44 ┤ 0                                        
                   45 ┤ 0                                        
                   46 ┤ 0                                        
                   47 ┤■■■■■■■■■■■■■■■■■■■ 1                     
   sc, target = 31 48 ┤ 0                                        
                   49 ┤■■■■■■■■■■■■■■■■■■■ 1                     
                   50 ┤■■■■■■■■■■■■■■■■■■■ 1                     
                   51 ┤ 0                                        
                   52 ┤■■■■■■■■■■■■■■■■■■■■■■■■■■■■■■■■■■■■■ 2   
                   53 ┤■■■■■■■■■■■■■■■■■■■ 1                     
                   54 ┤■■■■■■■■■■■■■■■■■■■■■■■■■■■■■■■■■■■■■ 2   
                   55 ┤ 0                                        
                   56 ┤■■■■■■■■■■■■■■■■■■■■■■■■■■■■■■■■■■■■■ 2   
                   57 ┤■■■■■■■■■■■■■■■■■■■ 1                     
                   58 ┤ 0                                        
                   59 ┤■■■■■■■■■■■■■■■■■■■ 1                     
                   60 ┤■■■■■■■■■■■■■■■■■■■ 1                     
                      └                                        ┘ 
                                     num of slices               
[ Info: slicing branch with sc: 37.0
[ Info: cc.sc: 37.0
region size: 10
tbl0_rows:40 filtered_rows:40
QIP_gurobi_bound: solver finished in 1.218 s (time_limit=100.0 s, status=OPTIMAL)
[ Info: slice 1, lp_score: 5394.0, primal_bound: 5398.0
QIP_gurobi_bound: solver finished in 1.434 s (time_limit=100.0 s, status=OPTIMAL)
[ Info: slice 2, lp_score: 5398.0, primal_bound: 5398.0
[ Info: new_scs: [35]
[ Info: lp_scores: [5398.0]
[ Info: lp_scores: 5398.0
[ Info: current num of unfinished slices: 16, finished slices: 13
                      ┌                                        ┐ 
                   35 ┤■■■■■■■■■■■■■■■■■■■ 1                     
                   36 ┤ 0                                        
                   37 ┤ 0                                        
                   38 ┤ 0                                        
                   39 ┤■■■■■■■■■■■■■■■■■■■ 1                     
                   40 ┤ 0                                        
                   41 ┤■■■■■■■■■■■■■■■■■■■ 1                     
                   42 ┤ 0                                        
                   43 ┤ 0                                        
                   44 ┤ 0                                        
                   45 ┤ 0                                        
                   46 ┤ 0                                        
   sc, target = 31 47 ┤■■■■■■■■■■■■■■■■■■■ 1                     
                   48 ┤ 0                                        
                   49 ┤■■■■■■■■■■■■■■■■■■■ 1                     
                   50 ┤■■■■■■■■■■■■■■■■■■■ 1                     
                   51 ┤ 0                                        
                   52 ┤■■■■■■■■■■■■■■■■■■■■■■■■■■■■■■■■■■■■■ 2   
                   53 ┤■■■■■■■■■■■■■■■■■■■ 1                     
                   54 ┤■■■■■■■■■■■■■■■■■■■■■■■■■■■■■■■■■■■■■ 2   
                   55 ┤ 0                                        
                   56 ┤■■■■■■■■■■■■■■■■■■■■■■■■■■■■■■■■■■■■■ 2   
                   57 ┤■■■■■■■■■■■■■■■■■■■ 1                     
                   58 ┤ 0                                        
                   59 ┤■■■■■■■■■■■■■■■■■■■ 1                     
                   60 ┤■■■■■■■■■■■■■■■■■■■ 1                     
                      └                                        ┘ 
                                     num of slices               
[ Info: slicing branch with sc: 35.0
[ Info: cc.sc: 35.0
region size: 10
tbl0_rows:46 filtered_rows:46
QIP_gurobi_bound: solver finished in 1.164 s (time_limit=100.0 s, status=OPTIMAL)
[ Info: slice 1, lp_score: 5398.0, primal_bound: 5398.0
QIP_gurobi_bound: solver finished in 1.221 s (time_limit=100.0 s, status=OPTIMAL)
[ Info: slice 2, lp_score: 5393.0, primal_bound: 5398.0
[ Info: new_scs: [34]
[ Info: lp_scores: [5398.0]
[ Info: lp_scores: 5398.0
[ Info: current num of unfinished slices: 16, finished slices: 13
                      ┌                                        ┐ 
                   34 ┤■■■■■■■■■■■■■■■■■■■ 1                     
                   35 ┤ 0                                        
                   36 ┤ 0                                        
                   37 ┤ 0                                        
                   38 ┤ 0                                        
                   39 ┤■■■■■■■■■■■■■■■■■■■ 1                     
                   40 ┤ 0                                        
                   41 ┤■■■■■■■■■■■■■■■■■■■ 1                     
                   42 ┤ 0                                        
                   43 ┤ 0                                        
                   44 ┤ 0                                        
                   45 ┤ 0                                        
                   46 ┤ 0                                        
   sc, target = 31 47 ┤■■■■■■■■■■■■■■■■■■■ 1                     
                   48 ┤ 0                                        
                   49 ┤■■■■■■■■■■■■■■■■■■■ 1                     
                   50 ┤■■■■■■■■■■■■■■■■■■■ 1                     
                   51 ┤ 0                                        
                   52 ┤■■■■■■■■■■■■■■■■■■■■■■■■■■■■■■■■■■■■■ 2   
                   53 ┤■■■■■■■■■■■■■■■■■■■ 1                     
                   54 ┤■■■■■■■■■■■■■■■■■■■■■■■■■■■■■■■■■■■■■ 2   
                   55 ┤ 0                                        
                   56 ┤■■■■■■■■■■■■■■■■■■■■■■■■■■■■■■■■■■■■■ 2   
                   57 ┤■■■■■■■■■■■■■■■■■■■ 1                     
                   58 ┤ 0                                        
                   59 ┤■■■■■■■■■■■■■■■■■■■ 1                     
                   60 ┤■■■■■■■■■■■■■■■■■■■ 1                     
                      └                                        ┘ 
                                     num of slices               
[ Info: slicing branch with sc: 34.0
[ Info: cc.sc: 34.0
region size: 10
tbl0_rows:12 filtered_rows:12
QIP_gurobi_bound: solver finished in 1.397 s (time_limit=100.0 s, status=OPTIMAL)
[ Info: slice 1, lp_score: 5395.0, primal_bound: 5398.0
QIP_gurobi_bound: solver finished in 1.32 s (time_limit=100.0 s, status=OPTIMAL)
[ Info: slice 2, lp_score: 5398.0, primal_bound: 5398.0
[ Info: new_scs: [33]
[ Info: lp_scores: [5398.0]
[ Info: lp_scores: 5398.0
[ Info: current num of unfinished slices: 16, finished slices: 13
                      ┌                                        ┐ 
                   33 ┤■■■■■■■■■■■■■■■■■■■ 1                     
                   34 ┤ 0                                        
                   35 ┤ 0                                        
                   36 ┤ 0                                        
                   37 ┤ 0                                        
                   38 ┤ 0                                        
                   39 ┤■■■■■■■■■■■■■■■■■■■ 1                     
                   40 ┤ 0                                        
                   41 ┤■■■■■■■■■■■■■■■■■■■ 1                     
                   42 ┤ 0                                        
                   43 ┤ 0                                        
                   44 ┤ 0                                        
                   45 ┤ 0                                        
   sc, target = 31 46 ┤ 0                                        
                   47 ┤■■■■■■■■■■■■■■■■■■■ 1                     
                   48 ┤ 0                                        
                   49 ┤■■■■■■■■■■■■■■■■■■■ 1                     
                   50 ┤■■■■■■■■■■■■■■■■■■■ 1                     
                   51 ┤ 0                                        
                   52 ┤■■■■■■■■■■■■■■■■■■■■■■■■■■■■■■■■■■■■■ 2   
                   53 ┤■■■■■■■■■■■■■■■■■■■ 1                     
                   54 ┤■■■■■■■■■■■■■■■■■■■■■■■■■■■■■■■■■■■■■ 2   
                   55 ┤ 0                                        
                   56 ┤■■■■■■■■■■■■■■■■■■■■■■■■■■■■■■■■■■■■■ 2   
                   57 ┤■■■■■■■■■■■■■■■■■■■ 1                     
                   58 ┤ 0                                        
                   59 ┤■■■■■■■■■■■■■■■■■■■ 1                     
                   60 ┤■■■■■■■■■■■■■■■■■■■ 1                     
                      └                                        ┘ 
                                     num of slices               
[ Info: slicing branch with sc: 33.0
[ Info: cc.sc: 33.0
region size: 10
tbl0_rows:72 filtered_rows:72
QIP_gurobi_bound: solver finished in 1.669 s (time_limit=100.0 s, status=OPTIMAL)
[ Info: slice 1, lp_score: 5394.0, primal_bound: 5398.0
QIP_gurobi_bound: solver finished in 1.143 s (time_limit=100.0 s, status=OPTIMAL)
[ Info: slice 2, lp_score: 5398.0, primal_bound: 5398.0
QIP_gurobi_bound: solver finished in 1.36 s (time_limit=100.0 s, status=OPTIMAL)
[ Info: slice 3, lp_score: 5393.0, primal_bound: 5398.0
QIP_gurobi_bound: solver finished in 4.098 s (time_limit=100.0 s, status=OPTIMAL)
[ Info: slice 4, lp_score: 5394.0, primal_bound: 5398.0
[ Info: new_scs: [32]
[ Info: lp_scores: [5398.0]
[ Info: lp_scores: 5398.0
[ Info: current num of unfinished slices: 16, finished slices: 13
                      ┌                                        ┐ 
                   32 ┤■■■■■■■■■■■■■■■■■■■ 1                     
                   33 ┤ 0                                        
                   34 ┤ 0                                        
                   35 ┤ 0                                        
                   36 ┤ 0                                        
                   37 ┤ 0                                        
                   38 ┤ 0                                        
                   39 ┤■■■■■■■■■■■■■■■■■■■ 1                     
                   40 ┤ 0                                        
                   41 ┤■■■■■■■■■■■■■■■■■■■ 1                     
                   42 ┤ 0                                        
                   43 ┤ 0                                        
                   44 ┤ 0                                        
                   45 ┤ 0                                        
   sc, target = 31 46 ┤ 0                                        
                   47 ┤■■■■■■■■■■■■■■■■■■■ 1                     
                   48 ┤ 0                                        
                   49 ┤■■■■■■■■■■■■■■■■■■■ 1                     
                   50 ┤■■■■■■■■■■■■■■■■■■■ 1                     
                   51 ┤ 0                                        
                   52 ┤■■■■■■■■■■■■■■■■■■■■■■■■■■■■■■■■■■■■■ 2   
                   53 ┤■■■■■■■■■■■■■■■■■■■ 1                     
                   54 ┤■■■■■■■■■■■■■■■■■■■■■■■■■■■■■■■■■■■■■ 2   
                   55 ┤ 0                                        
                   56 ┤■■■■■■■■■■■■■■■■■■■■■■■■■■■■■■■■■■■■■ 2   
                   57 ┤■■■■■■■■■■■■■■■■■■■ 1                     
                   58 ┤ 0                                        
                   59 ┤■■■■■■■■■■■■■■■■■■■ 1                     
                   60 ┤■■■■■■■■■■■■■■■■■■■ 1                     
                      └                                        ┘ 
                                     num of slices               
[ Info: slicing branch with sc: 32.0
[ Info: cc.sc: 32.0
region size: 10
tbl0_rows:20 filtered_rows:20
QIP_gurobi_bound: solver finished in 1.236 s (time_limit=100.0 s, status=OPTIMAL)
[ Info: slice 1, lp_score: 5396.0, primal_bound: 5398.0
QIP_gurobi_bound: solver finished in 1.214 s (time_limit=100.0 s, status=OPTIMAL)
[ Info: slice 2, lp_score: 5398.0, primal_bound: 5398.0
[ Info: new_scs: [31]
[ Info: lp_scores: [5398.0]
[ Info: lp_scores: 5398.0
[ Info: current num of unfinished slices: 16, finished slices: 13
                      ┌                                        ┐ 
                   31 ┤■■■■■■■■■■■■■■■■■■■ 1                     
                   32 ┤ 0                                        
                   33 ┤ 0                                        
                   34 ┤ 0                                        
                   35 ┤ 0                                        
                   36 ┤ 0                                        
                   37 ┤ 0                                        
                   38 ┤ 0                                        
                   39 ┤■■■■■■■■■■■■■■■■■■■ 1                     
                   40 ┤ 0                                        
                   41 ┤■■■■■■■■■■■■■■■■■■■ 1                     
                   42 ┤ 0                                        
                   43 ┤ 0                                        
                   44 ┤ 0                                        
   sc, target = 31 45 ┤ 0                                        
                   46 ┤ 0                                        
                   47 ┤■■■■■■■■■■■■■■■■■■■ 1                     
                   48 ┤ 0                                        
                   49 ┤■■■■■■■■■■■■■■■■■■■ 1                     
                   50 ┤■■■■■■■■■■■■■■■■■■■ 1                     
                   51 ┤ 0                                        
                   52 ┤■■■■■■■■■■■■■■■■■■■■■■■■■■■■■■■■■■■■■ 2   
                   53 ┤■■■■■■■■■■■■■■■■■■■ 1                     
                   54 ┤■■■■■■■■■■■■■■■■■■■■■■■■■■■■■■■■■■■■■ 2   
                   55 ┤ 0                                        
                   56 ┤■■■■■■■■■■■■■■■■■■■■■■■■■■■■■■■■■■■■■ 2   
                   57 ┤■■■■■■■■■■■■■■■■■■■ 1                     
                   58 ┤ 0                                        
                   59 ┤■■■■■■■■■■■■■■■■■■■ 1                     
                   60 ┤■■■■■■■■■■■■■■■■■■■ 1                     
                      └                                        ┘ 
                                     num of slices               
[ Info: slicing branch with sc: 31.0
  [slice produced] sc=31.0 tc=44.44184130070359 nv=3545 ne=6914 r=63.5
QIP_value_gurobi: solver finished in 1.207 s (time_limit=604800.0 s, status=OPTIMAL)
[ Info: feasible solution: 5398.0, primal bound: 5398.0
[ Info: current num of unfinished slices: 15, finished slices: 14
                      ┌                                        ┐ 
                   39 ┤■■■■■■■■■■■■■■■■■■■ 1                     
                   40 ┤ 0                                        
                   41 ┤■■■■■■■■■■■■■■■■■■■ 1                     
                   42 ┤ 0                                        
                   43 ┤ 0                                        
                   44 ┤ 0                                        
                   45 ┤ 0                                        
                   46 ┤ 0                                        
                   47 ┤■■■■■■■■■■■■■■■■■■■ 1                     
                   48 ┤ 0                                        
   sc, target = 31 49 ┤■■■■■■■■■■■■■■■■■■■ 1                     
                   50 ┤■■■■■■■■■■■■■■■■■■■ 1                     
                   51 ┤ 0                                        
                   52 ┤■■■■■■■■■■■■■■■■■■■■■■■■■■■■■■■■■■■■■ 2   
                   53 ┤■■■■■■■■■■■■■■■■■■■ 1                     
                   54 ┤■■■■■■■■■■■■■■■■■■■■■■■■■■■■■■■■■■■■■ 2   
                   55 ┤ 0                                        
                   56 ┤■■■■■■■■■■■■■■■■■■■■■■■■■■■■■■■■■■■■■ 2   
                   57 ┤■■■■■■■■■■■■■■■■■■■ 1                     
                   58 ┤ 0                                        
                   59 ┤■■■■■■■■■■■■■■■■■■■ 1                     
                   60 ┤■■■■■■■■■■■■■■■■■■■ 1                     
                      └                                        ┘ 
                                     num of slices               
[ Info: slicing branch with sc: 39.0
[ Info: cc.sc: 39.0
region size: 10
tbl0_rows:43 filtered_rows:43
QIP_gurobi_bound: solver finished in 1.242 s (time_limit=100.0 s, status=OPTIMAL)
[ Info: slice 1, lp_score: 5398.0, primal_bound: 5398.0
QIP_gurobi_bound: solver finished in 1.325 s (time_limit=100.0 s, status=OPTIMAL)
[ Info: slice 2, lp_score: 5396.0, primal_bound: 5398.0
[ Info: new_scs: [38]
[ Info: lp_scores: [5398.0]
[ Info: lp_scores: 5398.0
[ Info: current num of unfinished slices: 15, finished slices: 14
                      ┌                                        ┐ 
                   38 ┤■■■■■■■■■■■■■■■■■■■ 1                     
                   39 ┤ 0                                        
                   40 ┤ 0                                        
                   41 ┤■■■■■■■■■■■■■■■■■■■ 1                     
                   42 ┤ 0                                        
                   43 ┤ 0                                        
                   44 ┤ 0                                        
                   45 ┤ 0                                        
                   46 ┤ 0                                        
                   47 ┤■■■■■■■■■■■■■■■■■■■ 1                     
                   48 ┤ 0                                        
   sc, target = 31 49 ┤■■■■■■■■■■■■■■■■■■■ 1                     
                   50 ┤■■■■■■■■■■■■■■■■■■■ 1                     
                   51 ┤ 0                                        
                   52 ┤■■■■■■■■■■■■■■■■■■■■■■■■■■■■■■■■■■■■■ 2   
                   53 ┤■■■■■■■■■■■■■■■■■■■ 1                     
                   54 ┤■■■■■■■■■■■■■■■■■■■■■■■■■■■■■■■■■■■■■ 2   
                   55 ┤ 0                                        
                   56 ┤■■■■■■■■■■■■■■■■■■■■■■■■■■■■■■■■■■■■■ 2   
                   57 ┤■■■■■■■■■■■■■■■■■■■ 1                     
                   58 ┤ 0                                        
                   59 ┤■■■■■■■■■■■■■■■■■■■ 1                     
                   60 ┤■■■■■■■■■■■■■■■■■■■ 1                     
                      └                                        ┘ 
                                     num of slices               
[ Info: slicing branch with sc: 38.0
[ Info: cc.sc: 38.0
region size: 10
tbl0_rows:31 filtered_rows:31
QIP_gurobi_bound: solver finished in 1.25 s (time_limit=100.0 s, status=OPTIMAL)
[ Info: slice 1, lp_score: 5390.0, primal_bound: 5398.0
QIP_gurobi_bound: solver finished in 5.257 s (time_limit=100.0 s, status=OPTIMAL)
[ Info: slice 2, lp_score: 5398.0, primal_bound: 5398.0
[ Info: new_scs: [37]
[ Info: lp_scores: [5398.0]
[ Info: lp_scores: 5398.0
[ Info: current num of unfinished slices: 15, finished slices: 14
                      ┌                                        ┐ 
                   37 ┤■■■■■■■■■■■■■■■■■■■ 1                     
                   38 ┤ 0                                        
                   39 ┤ 0                                        
                   40 ┤ 0                                        
                   41 ┤■■■■■■■■■■■■■■■■■■■ 1                     
                   42 ┤ 0                                        
                   43 ┤ 0                                        
                   44 ┤ 0                                        
                   45 ┤ 0                                        
                   46 ┤ 0                                        
                   47 ┤■■■■■■■■■■■■■■■■■■■ 1                     
   sc, target = 31 48 ┤ 0                                        
                   49 ┤■■■■■■■■■■■■■■■■■■■ 1                     
                   50 ┤■■■■■■■■■■■■■■■■■■■ 1                     
                   51 ┤ 0                                        
                   52 ┤■■■■■■■■■■■■■■■■■■■■■■■■■■■■■■■■■■■■■ 2   
                   53 ┤■■■■■■■■■■■■■■■■■■■ 1                     
                   54 ┤■■■■■■■■■■■■■■■■■■■■■■■■■■■■■■■■■■■■■ 2   
                   55 ┤ 0                                        
                   56 ┤■■■■■■■■■■■■■■■■■■■■■■■■■■■■■■■■■■■■■ 2   
                   57 ┤■■■■■■■■■■■■■■■■■■■ 1                     
                   58 ┤ 0                                        
                   59 ┤■■■■■■■■■■■■■■■■■■■ 1                     
                   60 ┤■■■■■■■■■■■■■■■■■■■ 1                     
                      └                                        ┘ 
                                     num of slices               
[ Info: slicing branch with sc: 37.0
[ Info: cc.sc: 37.0
region size: 10
tbl0_rows:27 filtered_rows:27
QIP_gurobi_bound: solver finished in 1.423 s (time_limit=100.0 s, status=OPTIMAL)
[ Info: slice 1, lp_score: 5398.0, primal_bound: 5398.0
QIP_gurobi_bound: solver finished in 4.849 s (time_limit=100.0 s, status=OPTIMAL)
[ Info: slice 2, lp_score: 5391.0, primal_bound: 5398.0
[ Info: new_scs: [37]
[ Info: lp_scores: [5398.0]
[ Info: lp_scores: 5398.0
[ Info: current num of unfinished slices: 15, finished slices: 14
                      ┌                                        ┐ 
                   37 ┤■■■■■■■■■■■■■■■■■■■ 1                     
                   38 ┤ 0                                        
                   39 ┤ 0                                        
                   40 ┤ 0                                        
                   41 ┤■■■■■■■■■■■■■■■■■■■ 1                     
                   42 ┤ 0                                        
                   43 ┤ 0                                        
                   44 ┤ 0                                        
                   45 ┤ 0                                        
                   46 ┤ 0                                        
                   47 ┤■■■■■■■■■■■■■■■■■■■ 1                     
   sc, target = 31 48 ┤ 0                                        
                   49 ┤■■■■■■■■■■■■■■■■■■■ 1                     
                   50 ┤■■■■■■■■■■■■■■■■■■■ 1                     
                   51 ┤ 0                                        
                   52 ┤■■■■■■■■■■■■■■■■■■■■■■■■■■■■■■■■■■■■■ 2   
                   53 ┤■■■■■■■■■■■■■■■■■■■ 1                     
                   54 ┤■■■■■■■■■■■■■■■■■■■■■■■■■■■■■■■■■■■■■ 2   
                   55 ┤ 0                                        
                   56 ┤■■■■■■■■■■■■■■■■■■■■■■■■■■■■■■■■■■■■■ 2   
                   57 ┤■■■■■■■■■■■■■■■■■■■ 1                     
                   58 ┤ 0                                        
                   59 ┤■■■■■■■■■■■■■■■■■■■ 1                     
                   60 ┤■■■■■■■■■■■■■■■■■■■ 1                     
                      └                                        ┘ 
                                     num of slices               
[ Info: slicing branch with sc: 37.0
[ Info: cc.sc: 37.0
region size: 10
tbl0_rows:25 filtered_rows:25
QIP_gurobi_bound: solver finished in 1.234 s (time_limit=100.0 s, status=OPTIMAL)
[ Info: slice 1, lp_score: 5396.0, primal_bound: 5398.0
QIP_gurobi_bound: solver finished in 1.367 s (time_limit=100.0 s, status=OPTIMAL)
[ Info: slice 2, lp_score: 5398.0, primal_bound: 5398.0
[ Info: new_scs: [35]
[ Info: lp_scores: [5398.0]
[ Info: lp_scores: 5398.0
[ Info: current num of unfinished slices: 15, finished slices: 14
                      ┌                                        ┐ 
                   35 ┤■■■■■■■■■■■■■■■■■■■ 1                     
                   36 ┤ 0                                        
                   37 ┤ 0                                        
                   38 ┤ 0                                        
                   39 ┤ 0                                        
                   40 ┤ 0                                        
                   41 ┤■■■■■■■■■■■■■■■■■■■ 1                     
                   42 ┤ 0                                        
                   43 ┤ 0                                        
                   44 ┤ 0                                        
                   45 ┤ 0                                        
                   46 ┤ 0                                        
   sc, target = 31 47 ┤■■■■■■■■■■■■■■■■■■■ 1                     
                   48 ┤ 0                                        
                   49 ┤■■■■■■■■■■■■■■■■■■■ 1                     
                   50 ┤■■■■■■■■■■■■■■■■■■■ 1                     
                   51 ┤ 0                                        
                   52 ┤■■■■■■■■■■■■■■■■■■■■■■■■■■■■■■■■■■■■■ 2   
                   53 ┤■■■■■■■■■■■■■■■■■■■ 1                     
                   54 ┤■■■■■■■■■■■■■■■■■■■■■■■■■■■■■■■■■■■■■ 2   
                   55 ┤ 0                                        
                   56 ┤■■■■■■■■■■■■■■■■■■■■■■■■■■■■■■■■■■■■■ 2   
                   57 ┤■■■■■■■■■■■■■■■■■■■ 1                     
                   58 ┤ 0                                        
                   59 ┤■■■■■■■■■■■■■■■■■■■ 1                     
                   60 ┤■■■■■■■■■■■■■■■■■■■ 1                     
                      └                                        ┘ 
                                     num of slices               
[ Info: slicing branch with sc: 35.0
[ Info: cc.sc: 35.0
region size: 10
tbl0_rows:17 filtered_rows:17
QIP_gurobi_bound: solver finished in 1.25 s (time_limit=100.0 s, status=OPTIMAL)
[ Info: slice 1, lp_score: 5398.0, primal_bound: 5398.0
[ Info: new_scs: [34]
[ Info: lp_scores: [5398.0]
[ Info: lp_scores: 5398.0
[ Info: current num of unfinished slices: 15, finished slices: 14
                      ┌                                        ┐ 
                   34 ┤■■■■■■■■■■■■■■■■■■■ 1                     
                   35 ┤ 0                                        
                   36 ┤ 0                                        
                   37 ┤ 0                                        
                   38 ┤ 0                                        
                   39 ┤ 0                                        
                   40 ┤ 0                                        
                   41 ┤■■■■■■■■■■■■■■■■■■■ 1                     
                   42 ┤ 0                                        
                   43 ┤ 0                                        
                   44 ┤ 0                                        
                   45 ┤ 0                                        
                   46 ┤ 0                                        
   sc, target = 31 47 ┤■■■■■■■■■■■■■■■■■■■ 1                     
                   48 ┤ 0                                        
                   49 ┤■■■■■■■■■■■■■■■■■■■ 1                     
                   50 ┤■■■■■■■■■■■■■■■■■■■ 1                     
                   51 ┤ 0                                        
                   52 ┤■■■■■■■■■■■■■■■■■■■■■■■■■■■■■■■■■■■■■ 2   
                   53 ┤■■■■■■■■■■■■■■■■■■■ 1                     
                   54 ┤■■■■■■■■■■■■■■■■■■■■■■■■■■■■■■■■■■■■■ 2   
                   55 ┤ 0                                        
                   56 ┤■■■■■■■■■■■■■■■■■■■■■■■■■■■■■■■■■■■■■ 2   
                   57 ┤■■■■■■■■■■■■■■■■■■■ 1                     
                   58 ┤ 0                                        
                   59 ┤■■■■■■■■■■■■■■■■■■■ 1                     
                   60 ┤■■■■■■■■■■■■■■■■■■■ 1                     
                      └                                        ┘ 
                                     num of slices               
[ Info: slicing branch with sc: 34.0
[ Info: cc.sc: 34.0
region size: 10
tbl0_rows:39 filtered_rows:39
QIP_gurobi_bound: solver finished in 5.549 s (time_limit=100.0 s, status=OPTIMAL)
[ Info: slice 1, lp_score: 5388.0, primal_bound: 5398.0
QIP_gurobi_bound: solver finished in 1.318 s (time_limit=100.0 s, status=OPTIMAL)
[ Info: slice 2, lp_score: 5398.0, primal_bound: 5398.0
[ Info: new_scs: [33]
[ Info: lp_scores: [5398.0]
[ Info: lp_scores: 5398.0
[ Info: current num of unfinished slices: 15, finished slices: 14
                      ┌                                        ┐ 
                   33 ┤■■■■■■■■■■■■■■■■■■■ 1                     
                   34 ┤ 0                                        
                   35 ┤ 0                                        
                   36 ┤ 0                                        
                   37 ┤ 0                                        
                   38 ┤ 0                                        
                   39 ┤ 0                                        
                   40 ┤ 0                                        
                   41 ┤■■■■■■■■■■■■■■■■■■■ 1                     
                   42 ┤ 0                                        
                   43 ┤ 0                                        
                   44 ┤ 0                                        
                   45 ┤ 0                                        
   sc, target = 31 46 ┤ 0                                        
                   47 ┤■■■■■■■■■■■■■■■■■■■ 1                     
                   48 ┤ 0                                        
                   49 ┤■■■■■■■■■■■■■■■■■■■ 1                     
                   50 ┤■■■■■■■■■■■■■■■■■■■ 1                     
                   51 ┤ 0                                        
                   52 ┤■■■■■■■■■■■■■■■■■■■■■■■■■■■■■■■■■■■■■ 2   
                   53 ┤■■■■■■■■■■■■■■■■■■■ 1                     
                   54 ┤■■■■■■■■■■■■■■■■■■■■■■■■■■■■■■■■■■■■■ 2   
                   55 ┤ 0                                        
                   56 ┤■■■■■■■■■■■■■■■■■■■■■■■■■■■■■■■■■■■■■ 2   
                   57 ┤■■■■■■■■■■■■■■■■■■■ 1                     
                   58 ┤ 0                                        
                   59 ┤■■■■■■■■■■■■■■■■■■■ 1                     
                   60 ┤■■■■■■■■■■■■■■■■■■■ 1                     
                      └                                        ┘ 
                                     num of slices               
[ Info: slicing branch with sc: 33.0
[ Info: cc.sc: 33.0
region size: 10
tbl0_rows:64 filtered_rows:64
QIP_gurobi_bound: solver finished in 1.46 s (time_limit=100.0 s, status=OPTIMAL)
[ Info: slice 1, lp_score: 5394.0, primal_bound: 5398.0
QIP_gurobi_bound: solver finished in 1.339 s (time_limit=100.0 s, status=OPTIMAL)
[ Info: slice 2, lp_score: 5398.0, primal_bound: 5398.0
[ Info: new_scs: [33]
[ Info: lp_scores: [5398.0]
[ Info: lp_scores: 5398.0
[ Info: current num of unfinished slices: 15, finished slices: 14
                      ┌                                        ┐ 
                   33 ┤■■■■■■■■■■■■■■■■■■■ 1                     
                   34 ┤ 0                                        
                   35 ┤ 0                                        
                   36 ┤ 0                                        
                   37 ┤ 0                                        
                   38 ┤ 0                                        
                   39 ┤ 0                                        
                   40 ┤ 0                                        
                   41 ┤■■■■■■■■■■■■■■■■■■■ 1                     
                   42 ┤ 0                                        
                   43 ┤ 0                                        
                   44 ┤ 0                                        
                   45 ┤ 0                                        
   sc, target = 31 46 ┤ 0                                        
                   47 ┤■■■■■■■■■■■■■■■■■■■ 1                     
                   48 ┤ 0                                        
                   49 ┤■■■■■■■■■■■■■■■■■■■ 1                     
                   50 ┤■■■■■■■■■■■■■■■■■■■ 1                     
                   51 ┤ 0                                        
                   52 ┤■■■■■■■■■■■■■■■■■■■■■■■■■■■■■■■■■■■■■ 2   
                   53 ┤■■■■■■■■■■■■■■■■■■■ 1                     
                   54 ┤■■■■■■■■■■■■■■■■■■■■■■■■■■■■■■■■■■■■■ 2   
                   55 ┤ 0                                        
                   56 ┤■■■■■■■■■■■■■■■■■■■■■■■■■■■■■■■■■■■■■ 2   
                   57 ┤■■■■■■■■■■■■■■■■■■■ 1                     
                   58 ┤ 0                                        
                   59 ┤■■■■■■■■■■■■■■■■■■■ 1                     
                   60 ┤■■■■■■■■■■■■■■■■■■■ 1                     
                      └                                        ┘ 
                                     num of slices               
[ Info: slicing branch with sc: 33.0
[ Info: cc.sc: 33.0
region size: 10
tbl0_rows:47 filtered_rows:47
QIP_gurobi_bound: solver finished in 1.244 s (time_limit=100.0 s, status=OPTIMAL)
[ Info: slice 1, lp_score: 5397.0, primal_bound: 5398.0
QIP_gurobi_bound: solver finished in 1.416 s (time_limit=100.0 s, status=OPTIMAL)
[ Info: slice 2, lp_score: 5392.0, primal_bound: 5398.0
QIP_gurobi_bound: solver finished in 1.247 s (time_limit=100.0 s, status=OPTIMAL)
[ Info: slice 3, lp_score: 5395.0, primal_bound: 5398.0
QIP_gurobi_bound: solver finished in 1.36 s (time_limit=100.0 s, status=OPTIMAL)
[ Info: slice 4, lp_score: 5398.0, primal_bound: 5398.0
QIP_gurobi_bound: solver finished in 1.185 s (time_limit=100.0 s, status=OPTIMAL)
[ Info: slice 5, lp_score: 5395.0, primal_bound: 5398.0
[ Info: new_scs: [32]
[ Info: lp_scores: [5398.0]
[ Info: lp_scores: 5398.0
[ Info: current num of unfinished slices: 15, finished slices: 14
                      ┌                                        ┐ 
                   32 ┤■■■■■■■■■■■■■■■■■■■ 1                     
                   33 ┤ 0                                        
                   34 ┤ 0                                        
                   35 ┤ 0                                        
                   36 ┤ 0                                        
                   37 ┤ 0                                        
                   38 ┤ 0                                        
                   39 ┤ 0                                        
                   40 ┤ 0                                        
                   41 ┤■■■■■■■■■■■■■■■■■■■ 1                     
                   42 ┤ 0                                        
                   43 ┤ 0                                        
                   44 ┤ 0                                        
                   45 ┤ 0                                        
   sc, target = 31 46 ┤ 0                                        
                   47 ┤■■■■■■■■■■■■■■■■■■■ 1                     
                   48 ┤ 0                                        
                   49 ┤■■■■■■■■■■■■■■■■■■■ 1                     
                   50 ┤■■■■■■■■■■■■■■■■■■■ 1                     
                   51 ┤ 0                                        
                   52 ┤■■■■■■■■■■■■■■■■■■■■■■■■■■■■■■■■■■■■■ 2   
                   53 ┤■■■■■■■■■■■■■■■■■■■ 1                     
                   54 ┤■■■■■■■■■■■■■■■■■■■■■■■■■■■■■■■■■■■■■ 2   
                   55 ┤ 0                                        
                   56 ┤■■■■■■■■■■■■■■■■■■■■■■■■■■■■■■■■■■■■■ 2   
                   57 ┤■■■■■■■■■■■■■■■■■■■ 1                     
                   58 ┤ 0                                        
                   59 ┤■■■■■■■■■■■■■■■■■■■ 1                     
                   60 ┤■■■■■■■■■■■■■■■■■■■ 1                     
                      └                                        ┘ 
                                     num of slices               
[ Info: slicing branch with sc: 32.0
[ Info: cc.sc: 32.0
region size: 10
tbl0_rows:26 filtered_rows:26
QIP_gurobi_bound: solver finished in 1.288 s (time_limit=100.0 s, status=OPTIMAL)
[ Info: slice 1, lp_score: 5398.0, primal_bound: 5398.0
QIP_gurobi_bound: solver finished in 1.08 s (time_limit=100.0 s, status=OPTIMAL)
[ Info: slice 2, lp_score: 5386.0, primal_bound: 5398.0
[ Info: new_scs: [31]
[ Info: lp_scores: [5398.0]
[ Info: lp_scores: 5398.0
[ Info: current num of unfinished slices: 15, finished slices: 14
                      ┌                                        ┐ 
                   31 ┤■■■■■■■■■■■■■■■■■■■ 1                     
                   32 ┤ 0                                        
                   33 ┤ 0                                        
                   34 ┤ 0                                        
                   35 ┤ 0                                        
                   36 ┤ 0                                        
                   37 ┤ 0                                        
                   38 ┤ 0                                        
                   39 ┤ 0                                        
                   40 ┤ 0                                        
                   41 ┤■■■■■■■■■■■■■■■■■■■ 1                     
                   42 ┤ 0                                        
                   43 ┤ 0                                        
                   44 ┤ 0                                        
   sc, target = 31 45 ┤ 0                                        
                   46 ┤ 0                                        
                   47 ┤■■■■■■■■■■■■■■■■■■■ 1                     
                   48 ┤ 0                                        
                   49 ┤■■■■■■■■■■■■■■■■■■■ 1                     
                   50 ┤■■■■■■■■■■■■■■■■■■■ 1                     
                   51 ┤ 0                                        
                   52 ┤■■■■■■■■■■■■■■■■■■■■■■■■■■■■■■■■■■■■■ 2   
                   53 ┤■■■■■■■■■■■■■■■■■■■ 1                     
                   54 ┤■■■■■■■■■■■■■■■■■■■■■■■■■■■■■■■■■■■■■ 2   
                   55 ┤ 0                                        
                   56 ┤■■■■■■■■■■■■■■■■■■■■■■■■■■■■■■■■■■■■■ 2   
                   57 ┤■■■■■■■■■■■■■■■■■■■ 1                     
                   58 ┤ 0                                        
                   59 ┤■■■■■■■■■■■■■■■■■■■ 1                     
                   60 ┤■■■■■■■■■■■■■■■■■■■ 1                     
                      └                                        ┘ 
                                     num of slices               
[ Info: slicing branch with sc: 31.0
  [slice produced] sc=31.0 tc=45.4418040817452 nv=3549 ne=6921 r=55.5
QIP_value_gurobi: solver finished in 1.292 s (time_limit=604800.0 s, status=OPTIMAL)
[ Info: feasible solution: 5398.0, primal bound: 5398.0
[ Info: current num of unfinished slices: 14, finished slices: 15
                      ┌                                        ┐ 
                   41 ┤■■■■■■■■■■■■■■■■■■■ 1                     
                   42 ┤ 0                                        
                   43 ┤ 0                                        
                   44 ┤ 0                                        
                   45 ┤ 0                                        
                   46 ┤ 0                                        
                   47 ┤■■■■■■■■■■■■■■■■■■■ 1                     
                   48 ┤ 0                                        
                   49 ┤■■■■■■■■■■■■■■■■■■■ 1                     
   sc, target = 31 50 ┤■■■■■■■■■■■■■■■■■■■ 1                     
                   51 ┤ 0                                        
                   52 ┤■■■■■■■■■■■■■■■■■■■■■■■■■■■■■■■■■■■■■ 2   
                   53 ┤■■■■■■■■■■■■■■■■■■■ 1                     
                   54 ┤■■■■■■■■■■■■■■■■■■■■■■■■■■■■■■■■■■■■■ 2   
                   55 ┤ 0                                        
                   56 ┤■■■■■■■■■■■■■■■■■■■■■■■■■■■■■■■■■■■■■ 2   
                   57 ┤■■■■■■■■■■■■■■■■■■■ 1                     
                   58 ┤ 0                                        
                   59 ┤■■■■■■■■■■■■■■■■■■■ 1                     
                   60 ┤■■■■■■■■■■■■■■■■■■■ 1                     
                      └                                        ┘ 
                                     num of slices               
[ Info: slicing branch with sc: 41.0
[ Info: cc.sc: 41.0
region size: 10
tbl0_rows:44 filtered_rows:44
QIP_gurobi_bound: solver finished in 1.212 s (time_limit=100.0 s, status=OPTIMAL)
[ Info: slice 1, lp_score: 5398.0, primal_bound: 5398.0
QIP_gurobi_bound: solver finished in 1.251 s (time_limit=100.0 s, status=OPTIMAL)
[ Info: slice 2, lp_score: 5397.0, primal_bound: 5398.0
[ Info: new_scs: [40]
[ Info: lp_scores: [5398.0]
[ Info: lp_scores: 5398.0
[ Info: current num of unfinished slices: 14, finished slices: 15
                      ┌                                        ┐ 
                   40 ┤■■■■■■■■■■■■■■■■■■■ 1                     
                   41 ┤ 0                                        
                   42 ┤ 0                                        
                   43 ┤ 0                                        
                   44 ┤ 0                                        
                   45 ┤ 0                                        
                   46 ┤ 0                                        
                   47 ┤■■■■■■■■■■■■■■■■■■■ 1                     
                   48 ┤ 0                                        
                   49 ┤■■■■■■■■■■■■■■■■■■■ 1                     
   sc, target = 31 50 ┤■■■■■■■■■■■■■■■■■■■ 1                     
                   51 ┤ 0                                        
                   52 ┤■■■■■■■■■■■■■■■■■■■■■■■■■■■■■■■■■■■■■ 2   
                   53 ┤■■■■■■■■■■■■■■■■■■■ 1                     
                   54 ┤■■■■■■■■■■■■■■■■■■■■■■■■■■■■■■■■■■■■■ 2   
                   55 ┤ 0                                        
                   56 ┤■■■■■■■■■■■■■■■■■■■■■■■■■■■■■■■■■■■■■ 2   
                   57 ┤■■■■■■■■■■■■■■■■■■■ 1                     
                   58 ┤ 0                                        
                   59 ┤■■■■■■■■■■■■■■■■■■■ 1                     
                   60 ┤■■■■■■■■■■■■■■■■■■■ 1                     
                      └                                        ┘ 
                                     num of slices               
[ Info: slicing branch with sc: 40.0
[ Info: cc.sc: 40.0
region size: 10
tbl0_rows:75 filtered_rows:75
QIP_gurobi_bound: solver finished in 1.513 s (time_limit=100.0 s, status=OPTIMAL)
[ Info: slice 1, lp_score: 5397.0, primal_bound: 5398.0
QIP_gurobi_bound: solver finished in 1.698 s (time_limit=100.0 s, status=OPTIMAL)
[ Info: slice 2, lp_score: 5398.0, primal_bound: 5398.0
[ Info: new_scs: [40]
[ Info: lp_scores: [5398.0]
[ Info: lp_scores: 5398.0
[ Info: current num of unfinished slices: 14, finished slices: 15
                      ┌                                        ┐ 
                   40 ┤■■■■■■■■■■■■■■■■■■■ 1                     
                   41 ┤ 0                                        
                   42 ┤ 0                                        
                   43 ┤ 0                                        
                   44 ┤ 0                                        
                   45 ┤ 0                                        
                   46 ┤ 0                                        
                   47 ┤■■■■■■■■■■■■■■■■■■■ 1                     
                   48 ┤ 0                                        
                   49 ┤■■■■■■■■■■■■■■■■■■■ 1                     
   sc, target = 31 50 ┤■■■■■■■■■■■■■■■■■■■ 1                     
                   51 ┤ 0                                        
                   52 ┤■■■■■■■■■■■■■■■■■■■■■■■■■■■■■■■■■■■■■ 2   
                   53 ┤■■■■■■■■■■■■■■■■■■■ 1                     
                   54 ┤■■■■■■■■■■■■■■■■■■■■■■■■■■■■■■■■■■■■■ 2   
                   55 ┤ 0                                        
                   56 ┤■■■■■■■■■■■■■■■■■■■■■■■■■■■■■■■■■■■■■ 2   
                   57 ┤■■■■■■■■■■■■■■■■■■■ 1                     
                   58 ┤ 0                                        
                   59 ┤■■■■■■■■■■■■■■■■■■■ 1                     
                   60 ┤■■■■■■■■■■■■■■■■■■■ 1                     
                      └                                        ┘ 
                                     num of slices               
[ Info: slicing branch with sc: 40.0
[ Info: cc.sc: 40.0
region size: 10
tbl0_rows:47 filtered_rows:47
QIP_gurobi_bound: solver finished in 5.813 s (time_limit=100.0 s, status=OPTIMAL)
[ Info: slice 1, lp_score: 5398.0, primal_bound: 5398.0
QIP_gurobi_bound: solver finished in 1.664 s (time_limit=100.0 s, status=OPTIMAL)
[ Info: slice 2, lp_score: 5398.0, primal_bound: 5398.0
[ Info: new_scs: [40, 40]
[ Info: lp_scores: [5398.0, 5398.0]
[ Info: lp_scores: 5398.0
[ Info: lp_scores: 5398.0
[ Info: current num of unfinished slices: 15, finished slices: 15
                      ┌                                        ┐ 
                   40 ┤■■■■■■■■■■■■■■■■■■■■■■■■■■■■■■■■■■■■■ 2   
                   41 ┤ 0                                        
                   42 ┤ 0                                        
                   43 ┤ 0                                        
                   44 ┤ 0                                        
                   45 ┤ 0                                        
                   46 ┤ 0                                        
                   47 ┤■■■■■■■■■■■■■■■■■■■ 1                     
                   48 ┤ 0                                        
                   49 ┤■■■■■■■■■■■■■■■■■■■ 1                     
   sc, target = 31 50 ┤■■■■■■■■■■■■■■■■■■■ 1                     
                   51 ┤ 0                                        
                   52 ┤■■■■■■■■■■■■■■■■■■■■■■■■■■■■■■■■■■■■■ 2   
                   53 ┤■■■■■■■■■■■■■■■■■■■ 1                     
                   54 ┤■■■■■■■■■■■■■■■■■■■■■■■■■■■■■■■■■■■■■ 2   
                   55 ┤ 0                                        
                   56 ┤■■■■■■■■■■■■■■■■■■■■■■■■■■■■■■■■■■■■■ 2   
                   57 ┤■■■■■■■■■■■■■■■■■■■ 1                     
                   58 ┤ 0                                        
                   59 ┤■■■■■■■■■■■■■■■■■■■ 1                     
                   60 ┤■■■■■■■■■■■■■■■■■■■ 1                     
                      └                                        ┘ 
                                     num of slices               
[ Info: slicing branch with sc: 40.0
[ Info: cc.sc: 40.0
region size: 10
tbl0_rows:59 filtered_rows:59
QIP_gurobi_bound: solver finished in 1.398 s (time_limit=100.0 s, status=OPTIMAL)
[ Info: slice 1, lp_score: 5395.0, primal_bound: 5398.0
QIP_gurobi_bound: solver finished in 1.315 s (time_limit=100.0 s, status=OPTIMAL)
[ Info: slice 2, lp_score: 5398.0, primal_bound: 5398.0
[ Info: new_scs: [39]
[ Info: lp_scores: [5398.0]
[ Info: lp_scores: 5398.0
[ Info: current num of unfinished slices: 15, finished slices: 15
                      ┌                                        ┐ 
                   39 ┤■■■■■■■■■■■■■■■■■■■ 1                     
                   40 ┤■■■■■■■■■■■■■■■■■■■ 1                     
                   41 ┤ 0                                        
                   42 ┤ 0                                        
                   43 ┤ 0                                        
                   44 ┤ 0                                        
                   45 ┤ 0                                        
                   46 ┤ 0                                        
                   47 ┤■■■■■■■■■■■■■■■■■■■ 1                     
                   48 ┤ 0                                        
   sc, target = 31 49 ┤■■■■■■■■■■■■■■■■■■■ 1                     
                   50 ┤■■■■■■■■■■■■■■■■■■■ 1                     
                   51 ┤ 0                                        
                   52 ┤■■■■■■■■■■■■■■■■■■■■■■■■■■■■■■■■■■■■■ 2   
                   53 ┤■■■■■■■■■■■■■■■■■■■ 1                     
                   54 ┤■■■■■■■■■■■■■■■■■■■■■■■■■■■■■■■■■■■■■ 2   
                   55 ┤ 0                                        
                   56 ┤■■■■■■■■■■■■■■■■■■■■■■■■■■■■■■■■■■■■■ 2   
                   57 ┤■■■■■■■■■■■■■■■■■■■ 1                     
                   58 ┤ 0                                        
                   59 ┤■■■■■■■■■■■■■■■■■■■ 1                     
                   60 ┤■■■■■■■■■■■■■■■■■■■ 1                     
                      └                                        ┘ 
                                     num of slices               
[ Info: slicing branch with sc: 39.0
[ Info: cc.sc: 39.0
region size: 10
tbl0_rows:45 filtered_rows:45
QIP_gurobi_bound: solver finished in 1.241 s (time_limit=100.0 s, status=OPTIMAL)
[ Info: slice 1, lp_score: 5393.0, primal_bound: 5398.0
QIP_gurobi_bound: solver finished in 1.365 s (time_limit=100.0 s, status=OPTIMAL)
[ Info: slice 2, lp_score: 5398.0, primal_bound: 5398.0
[ Info: new_scs: [39]
[ Info: lp_scores: [5398.0]
[ Info: lp_scores: 5398.0
[ Info: current num of unfinished slices: 15, finished slices: 15
                      ┌                                        ┐ 
                   39 ┤■■■■■■■■■■■■■■■■■■■ 1                     
                   40 ┤■■■■■■■■■■■■■■■■■■■ 1                     
                   41 ┤ 0                                        
                   42 ┤ 0                                        
                   43 ┤ 0                                        
                   44 ┤ 0                                        
                   45 ┤ 0                                        
                   46 ┤ 0                                        
                   47 ┤■■■■■■■■■■■■■■■■■■■ 1                     
                   48 ┤ 0                                        
   sc, target = 31 49 ┤■■■■■■■■■■■■■■■■■■■ 1                     
                   50 ┤■■■■■■■■■■■■■■■■■■■ 1                     
                   51 ┤ 0                                        
                   52 ┤■■■■■■■■■■■■■■■■■■■■■■■■■■■■■■■■■■■■■ 2   
                   53 ┤■■■■■■■■■■■■■■■■■■■ 1                     
                   54 ┤■■■■■■■■■■■■■■■■■■■■■■■■■■■■■■■■■■■■■ 2   
                   55 ┤ 0                                        
                   56 ┤■■■■■■■■■■■■■■■■■■■■■■■■■■■■■■■■■■■■■ 2   
                   57 ┤■■■■■■■■■■■■■■■■■■■ 1                     
                   58 ┤ 0                                        
                   59 ┤■■■■■■■■■■■■■■■■■■■ 1                     
                   60 ┤■■■■■■■■■■■■■■■■■■■ 1                     
                      └                                        ┘ 
                                     num of slices               
[ Info: slicing branch with sc: 39.0
[ Info: cc.sc: 39.0
region size: 10
tbl0_rows:53 filtered_rows:53
QIP_gurobi_bound: solver finished in 1.451 s (time_limit=100.0 s, status=OPTIMAL)
[ Info: slice 1, lp_score: 5398.0, primal_bound: 5398.0
QIP_gurobi_bound: solver finished in 1.545 s (time_limit=100.0 s, status=OPTIMAL)
[ Info: slice 2, lp_score: 5397.0, primal_bound: 5398.0
[ Info: new_scs: [38]
[ Info: lp_scores: [5398.0]
[ Info: lp_scores: 5398.0
[ Info: current num of unfinished slices: 15, finished slices: 15
                      ┌                                        ┐ 
                   38 ┤■■■■■■■■■■■■■■■■■■■ 1                     
                   39 ┤ 0                                        
                   40 ┤■■■■■■■■■■■■■■■■■■■ 1                     
                   41 ┤ 0                                        
                   42 ┤ 0                                        
                   43 ┤ 0                                        
                   44 ┤ 0                                        
                   45 ┤ 0                                        
                   46 ┤ 0                                        
                   47 ┤■■■■■■■■■■■■■■■■■■■ 1                     
                   48 ┤ 0                                        
   sc, target = 31 49 ┤■■■■■■■■■■■■■■■■■■■ 1                     
                   50 ┤■■■■■■■■■■■■■■■■■■■ 1                     
                   51 ┤ 0                                        
                   52 ┤■■■■■■■■■■■■■■■■■■■■■■■■■■■■■■■■■■■■■ 2   
                   53 ┤■■■■■■■■■■■■■■■■■■■ 1                     
                   54 ┤■■■■■■■■■■■■■■■■■■■■■■■■■■■■■■■■■■■■■ 2   
                   55 ┤ 0                                        
                   56 ┤■■■■■■■■■■■■■■■■■■■■■■■■■■■■■■■■■■■■■ 2   
                   57 ┤■■■■■■■■■■■■■■■■■■■ 1                     
                   58 ┤ 0                                        
                   59 ┤■■■■■■■■■■■■■■■■■■■ 1                     
                   60 ┤■■■■■■■■■■■■■■■■■■■ 1                     
                      └                                        ┘ 
                                     num of slices               
[ Info: slicing branch with sc: 38.0
[ Info: cc.sc: 38.0
region size: 10
tbl0_rows:39 filtered_rows:39
QIP_gurobi_bound: solver finished in 1.289 s (time_limit=100.0 s, status=OPTIMAL)
[ Info: slice 1, lp_score: 5393.0, primal_bound: 5398.0
QIP_gurobi_bound: solver finished in 1.29 s (time_limit=100.0 s, status=OPTIMAL)
[ Info: slice 2, lp_score: 5398.0, primal_bound: 5398.0
[ Info: new_scs: [38]
[ Info: lp_scores: [5398.0]
[ Info: lp_scores: 5398.0
[ Info: current num of unfinished slices: 15, finished slices: 15
                      ┌                                        ┐ 
                   38 ┤■■■■■■■■■■■■■■■■■■■ 1                     
                   39 ┤ 0                                        
                   40 ┤■■■■■■■■■■■■■■■■■■■ 1                     
                   41 ┤ 0                                        
                   42 ┤ 0                                        
                   43 ┤ 0                                        
                   44 ┤ 0                                        
                   45 ┤ 0                                        
                   46 ┤ 0                                        
                   47 ┤■■■■■■■■■■■■■■■■■■■ 1                     
                   48 ┤ 0                                        
   sc, target = 31 49 ┤■■■■■■■■■■■■■■■■■■■ 1                     
                   50 ┤■■■■■■■■■■■■■■■■■■■ 1                     
                   51 ┤ 0                                        
                   52 ┤■■■■■■■■■■■■■■■■■■■■■■■■■■■■■■■■■■■■■ 2   
                   53 ┤■■■■■■■■■■■■■■■■■■■ 1                     
                   54 ┤■■■■■■■■■■■■■■■■■■■■■■■■■■■■■■■■■■■■■ 2   
                   55 ┤ 0                                        
                   56 ┤■■■■■■■■■■■■■■■■■■■■■■■■■■■■■■■■■■■■■ 2   
                   57 ┤■■■■■■■■■■■■■■■■■■■ 1                     
                   58 ┤ 0                                        
                   59 ┤■■■■■■■■■■■■■■■■■■■ 1                     
                   60 ┤■■■■■■■■■■■■■■■■■■■ 1                     
                      └                                        ┘ 
                                     num of slices               
[ Info: slicing branch with sc: 38.0
[ Info: cc.sc: 38.0
region size: 10
tbl0_rows:20 filtered_rows:20
QIP_gurobi_bound: solver finished in 1.335 s (time_limit=100.0 s, status=OPTIMAL)
[ Info: slice 1, lp_score: 5396.0, primal_bound: 5398.0
QIP_gurobi_bound: solver finished in 1.313 s (time_limit=100.0 s, status=OPTIMAL)
[ Info: slice 2, lp_score: 5398.0, primal_bound: 5398.0
[ Info: new_scs: [36]
[ Info: lp_scores: [5398.0]
[ Info: lp_scores: 5398.0
[ Info: current num of unfinished slices: 15, finished slices: 15
                      ┌                                        ┐ 
                   36 ┤■■■■■■■■■■■■■■■■■■■ 1                     
                   37 ┤ 0                                        
                   38 ┤ 0                                        
                   39 ┤ 0                                        
                   40 ┤■■■■■■■■■■■■■■■■■■■ 1                     
                   41 ┤ 0                                        
                   42 ┤ 0                                        
                   43 ┤ 0                                        
                   44 ┤ 0                                        
                   45 ┤ 0                                        
                   46 ┤ 0                                        
                   47 ┤■■■■■■■■■■■■■■■■■■■ 1                     
   sc, target = 31 48 ┤ 0                                        
                   49 ┤■■■■■■■■■■■■■■■■■■■ 1                     
                   50 ┤■■■■■■■■■■■■■■■■■■■ 1                     
                   51 ┤ 0                                        
                   52 ┤■■■■■■■■■■■■■■■■■■■■■■■■■■■■■■■■■■■■■ 2   
                   53 ┤■■■■■■■■■■■■■■■■■■■ 1                     
                   54 ┤■■■■■■■■■■■■■■■■■■■■■■■■■■■■■■■■■■■■■ 2   
                   55 ┤ 0                                        
                   56 ┤■■■■■■■■■■■■■■■■■■■■■■■■■■■■■■■■■■■■■ 2   
                   57 ┤■■■■■■■■■■■■■■■■■■■ 1                     
                   58 ┤ 0                                        
                   59 ┤■■■■■■■■■■■■■■■■■■■ 1                     
                   60 ┤■■■■■■■■■■■■■■■■■■■ 1                     
                      └                                        ┘ 
                                     num of slices               
[ Info: slicing branch with sc: 36.0
[ Info: cc.sc: 36.0
region size: 10
tbl0_rows:17 filtered_rows:17
QIP_gurobi_bound: solver finished in 1.419 s (time_limit=100.0 s, status=OPTIMAL)
[ Info: slice 1, lp_score: 5398.0, primal_bound: 5398.0
[ Info: new_scs: [36]
[ Info: lp_scores: [5398.0]
[ Info: lp_scores: 5398.0
[ Info: current num of unfinished slices: 15, finished slices: 15
                      ┌                                        ┐ 
                   36 ┤■■■■■■■■■■■■■■■■■■■ 1                     
                   37 ┤ 0                                        
                   38 ┤ 0                                        
                   39 ┤ 0                                        
                   40 ┤■■■■■■■■■■■■■■■■■■■ 1                     
                   41 ┤ 0                                        
                   42 ┤ 0                                        
                   43 ┤ 0                                        
                   44 ┤ 0                                        
                   45 ┤ 0                                        
                   46 ┤ 0                                        
                   47 ┤■■■■■■■■■■■■■■■■■■■ 1                     
   sc, target = 31 48 ┤ 0                                        
                   49 ┤■■■■■■■■■■■■■■■■■■■ 1                     
                   50 ┤■■■■■■■■■■■■■■■■■■■ 1                     
                   51 ┤ 0                                        
                   52 ┤■■■■■■■■■■■■■■■■■■■■■■■■■■■■■■■■■■■■■ 2   
                   53 ┤■■■■■■■■■■■■■■■■■■■ 1                     
                   54 ┤■■■■■■■■■■■■■■■■■■■■■■■■■■■■■■■■■■■■■ 2   
                   55 ┤ 0                                        
                   56 ┤■■■■■■■■■■■■■■■■■■■■■■■■■■■■■■■■■■■■■ 2   
                   57 ┤■■■■■■■■■■■■■■■■■■■ 1                     
                   58 ┤ 0                                        
                   59 ┤■■■■■■■■■■■■■■■■■■■ 1                     
                   60 ┤■■■■■■■■■■■■■■■■■■■ 1                     
                      └                                        ┘ 
                                     num of slices               
[ Info: slicing branch with sc: 36.0
[ Info: cc.sc: 36.0
region size: 10
tbl0_rows:24 filtered_rows:24
QIP_gurobi_bound: solver finished in 1.31 s (time_limit=100.0 s, status=OPTIMAL)
[ Info: slice 1, lp_score: 5398.0, primal_bound: 5398.0
[ Info: new_scs: [35]
[ Info: lp_scores: [5398.0]
[ Info: lp_scores: 5398.0
[ Info: current num of unfinished slices: 15, finished slices: 15
                      ┌                                        ┐ 
                   35 ┤■■■■■■■■■■■■■■■■■■■ 1                     
                   36 ┤ 0                                        
                   37 ┤ 0                                        
                   38 ┤ 0                                        
                   39 ┤ 0                                        
                   40 ┤■■■■■■■■■■■■■■■■■■■ 1                     
                   41 ┤ 0                                        
                   42 ┤ 0                                        
                   43 ┤ 0                                        
                   44 ┤ 0                                        
                   45 ┤ 0                                        
                   46 ┤ 0                                        
   sc, target = 31 47 ┤■■■■■■■■■■■■■■■■■■■ 1                     
                   48 ┤ 0                                        
                   49 ┤■■■■■■■■■■■■■■■■■■■ 1                     
                   50 ┤■■■■■■■■■■■■■■■■■■■ 1                     
                   51 ┤ 0                                        
                   52 ┤■■■■■■■■■■■■■■■■■■■■■■■■■■■■■■■■■■■■■ 2   
                   53 ┤■■■■■■■■■■■■■■■■■■■ 1                     
                   54 ┤■■■■■■■■■■■■■■■■■■■■■■■■■■■■■■■■■■■■■ 2   
                   55 ┤ 0                                        
                   56 ┤■■■■■■■■■■■■■■■■■■■■■■■■■■■■■■■■■■■■■ 2   
                   57 ┤■■■■■■■■■■■■■■■■■■■ 1                     
                   58 ┤ 0                                        
                   59 ┤■■■■■■■■■■■■■■■■■■■ 1                     
                   60 ┤■■■■■■■■■■■■■■■■■■■ 1                     
                      └                                        ┘ 
                                     num of slices               
[ Info: slicing branch with sc: 35.0
[ Info: cc.sc: 35.0
region size: 10
tbl0_rows:26 filtered_rows:26
QIP_gurobi_bound: solver finished in 1.284 s (time_limit=100.0 s, status=OPTIMAL)
[ Info: slice 1, lp_score: 5398.0, primal_bound: 5398.0
QIP_gurobi_bound: solver finished in 1.329 s (time_limit=100.0 s, status=OPTIMAL)
[ Info: slice 2, lp_score: 5386.0, primal_bound: 5398.0
[ Info: new_scs: [34]
[ Info: lp_scores: [5398.0]
[ Info: lp_scores: 5398.0
[ Info: current num of unfinished slices: 15, finished slices: 15
                      ┌                                        ┐ 
                   34 ┤■■■■■■■■■■■■■■■■■■■ 1                     
                   35 ┤ 0                                        
                   36 ┤ 0                                        
                   37 ┤ 0                                        
                   38 ┤ 0                                        
                   39 ┤ 0                                        
                   40 ┤■■■■■■■■■■■■■■■■■■■ 1                     
                   41 ┤ 0                                        
                   42 ┤ 0                                        
                   43 ┤ 0                                        
                   44 ┤ 0                                        
                   45 ┤ 0                                        
                   46 ┤ 0                                        
   sc, target = 31 47 ┤■■■■■■■■■■■■■■■■■■■ 1                     
                   48 ┤ 0                                        
                   49 ┤■■■■■■■■■■■■■■■■■■■ 1                     
                   50 ┤■■■■■■■■■■■■■■■■■■■ 1                     
                   51 ┤ 0                                        
                   52 ┤■■■■■■■■■■■■■■■■■■■■■■■■■■■■■■■■■■■■■ 2   
                   53 ┤■■■■■■■■■■■■■■■■■■■ 1                     
                   54 ┤■■■■■■■■■■■■■■■■■■■■■■■■■■■■■■■■■■■■■ 2   
                   55 ┤ 0                                        
                   56 ┤■■■■■■■■■■■■■■■■■■■■■■■■■■■■■■■■■■■■■ 2   
                   57 ┤■■■■■■■■■■■■■■■■■■■ 1                     
                   58 ┤ 0                                        
                   59 ┤■■■■■■■■■■■■■■■■■■■ 1                     
                   60 ┤■■■■■■■■■■■■■■■■■■■ 1                     
                      └                                        ┘ 
                                     num of slices               
[ Info: slicing branch with sc: 34.0
[ Info: cc.sc: 34.0
region size: 10
tbl0_rows:12 filtered_rows:12
QIP_gurobi_bound: solver finished in 1.442 s (time_limit=100.0 s, status=OPTIMAL)
[ Info: slice 1, lp_score: 5398.0, primal_bound: 5398.0
QIP_gurobi_bound: solver finished in 1.323 s (time_limit=100.0 s, status=OPTIMAL)
[ Info: slice 2, lp_score: 5395.0, primal_bound: 5398.0
[ Info: new_scs: [33]
[ Info: lp_scores: [5398.0]
[ Info: lp_scores: 5398.0
[ Info: current num of unfinished slices: 15, finished slices: 15
                      ┌                                        ┐ 
                   33 ┤■■■■■■■■■■■■■■■■■■■ 1                     
                   34 ┤ 0                                        
                   35 ┤ 0                                        
                   36 ┤ 0                                        
                   37 ┤ 0                                        
                   38 ┤ 0                                        
                   39 ┤ 0                                        
                   40 ┤■■■■■■■■■■■■■■■■■■■ 1                     
                   41 ┤ 0                                        
                   42 ┤ 0                                        
                   43 ┤ 0                                        
                   44 ┤ 0                                        
                   45 ┤ 0                                        
   sc, target = 31 46 ┤ 0                                        
                   47 ┤■■■■■■■■■■■■■■■■■■■ 1                     
                   48 ┤ 0                                        
                   49 ┤■■■■■■■■■■■■■■■■■■■ 1                     
                   50 ┤■■■■■■■■■■■■■■■■■■■ 1                     
                   51 ┤ 0                                        
                   52 ┤■■■■■■■■■■■■■■■■■■■■■■■■■■■■■■■■■■■■■ 2   
                   53 ┤■■■■■■■■■■■■■■■■■■■ 1                     
                   54 ┤■■■■■■■■■■■■■■■■■■■■■■■■■■■■■■■■■■■■■ 2   
                   55 ┤ 0                                        
                   56 ┤■■■■■■■■■■■■■■■■■■■■■■■■■■■■■■■■■■■■■ 2   
                   57 ┤■■■■■■■■■■■■■■■■■■■ 1                     
                   58 ┤ 0                                        
                   59 ┤■■■■■■■■■■■■■■■■■■■ 1                     
                   60 ┤■■■■■■■■■■■■■■■■■■■ 1                     
                      └                                        ┘ 
                                     num of slices               
[ Info: slicing branch with sc: 33.0
[ Info: cc.sc: 33.0
region size: 10
tbl0_rows:78 filtered_rows:78
QIP_gurobi_bound: solver finished in 1.345 s (time_limit=100.0 s, status=OPTIMAL)
[ Info: slice 1, lp_score: 5398.0, primal_bound: 5398.0
QIP_gurobi_bound: solver finished in 1.859 s (time_limit=100.0 s, status=OPTIMAL)
[ Info: slice 2, lp_score: 5397.0, primal_bound: 5398.0
[ Info: new_scs: [32]
[ Info: lp_scores: [5398.0]
[ Info: lp_scores: 5398.0
[ Info: current num of unfinished slices: 15, finished slices: 15
                      ┌                                        ┐ 
                   32 ┤■■■■■■■■■■■■■■■■■■■ 1                     
                   33 ┤ 0                                        
                   34 ┤ 0                                        
                   35 ┤ 0                                        
                   36 ┤ 0                                        
                   37 ┤ 0                                        
                   38 ┤ 0                                        
                   39 ┤ 0                                        
                   40 ┤■■■■■■■■■■■■■■■■■■■ 1                     
                   41 ┤ 0                                        
                   42 ┤ 0                                        
                   43 ┤ 0                                        
                   44 ┤ 0                                        
                   45 ┤ 0                                        
   sc, target = 31 46 ┤ 0                                        
                   47 ┤■■■■■■■■■■■■■■■■■■■ 1                     
                   48 ┤ 0                                        
                   49 ┤■■■■■■■■■■■■■■■■■■■ 1                     
                   50 ┤■■■■■■■■■■■■■■■■■■■ 1                     
                   51 ┤ 0                                        
                   52 ┤■■■■■■■■■■■■■■■■■■■■■■■■■■■■■■■■■■■■■ 2   
                   53 ┤■■■■■■■■■■■■■■■■■■■ 1                     
                   54 ┤■■■■■■■■■■■■■■■■■■■■■■■■■■■■■■■■■■■■■ 2   
                   55 ┤ 0                                        
                   56 ┤■■■■■■■■■■■■■■■■■■■■■■■■■■■■■■■■■■■■■ 2   
                   57 ┤■■■■■■■■■■■■■■■■■■■ 1                     
                   58 ┤ 0                                        
                   59 ┤■■■■■■■■■■■■■■■■■■■ 1                     
                   60 ┤■■■■■■■■■■■■■■■■■■■ 1                     
                      └                                        ┘ 
                                     num of slices               
[ Info: slicing branch with sc: 32.0
[ Info: cc.sc: 32.0
region size: 10
tbl0_rows:44 filtered_rows:44
QIP_gurobi_bound: solver finished in 1.305 s (time_limit=100.0 s, status=OPTIMAL)
[ Info: slice 1, lp_score: 5398.0, primal_bound: 5398.0
QIP_gurobi_bound: solver finished in 1.359 s (time_limit=100.0 s, status=OPTIMAL)
[ Info: slice 2, lp_score: 5392.0, primal_bound: 5398.0
[ Info: new_scs: [31]
[ Info: lp_scores: [5398.0]
[ Info: lp_scores: 5398.0
[ Info: current num of unfinished slices: 15, finished slices: 15
                      ┌                                        ┐ 
                   31 ┤■■■■■■■■■■■■■■■■■■■ 1                     
                   32 ┤ 0                                        
                   33 ┤ 0                                        
                   34 ┤ 0                                        
                   35 ┤ 0                                        
                   36 ┤ 0                                        
                   37 ┤ 0                                        
                   38 ┤ 0                                        
                   39 ┤ 0                                        
                   40 ┤■■■■■■■■■■■■■■■■■■■ 1                     
                   41 ┤ 0                                        
                   42 ┤ 0                                        
                   43 ┤ 0                                        
                   44 ┤ 0                                        
   sc, target = 31 45 ┤ 0                                        
                   46 ┤ 0                                        
                   47 ┤■■■■■■■■■■■■■■■■■■■ 1                     
                   48 ┤ 0                                        
                   49 ┤■■■■■■■■■■■■■■■■■■■ 1                     
                   50 ┤■■■■■■■■■■■■■■■■■■■ 1                     
                   51 ┤ 0                                        
                   52 ┤■■■■■■■■■■■■■■■■■■■■■■■■■■■■■■■■■■■■■ 2   
                   53 ┤■■■■■■■■■■■■■■■■■■■ 1                     
                   54 ┤■■■■■■■■■■■■■■■■■■■■■■■■■■■■■■■■■■■■■ 2   
                   55 ┤ 0                                        
                   56 ┤■■■■■■■■■■■■■■■■■■■■■■■■■■■■■■■■■■■■■ 2   
                   57 ┤■■■■■■■■■■■■■■■■■■■ 1                     
                   58 ┤ 0                                        
                   59 ┤■■■■■■■■■■■■■■■■■■■ 1                     
                   60 ┤■■■■■■■■■■■■■■■■■■■ 1                     
                      └                                        ┘ 
                                     num of slices               
[ Info: slicing branch with sc: 31.0
  [slice produced] sc=31.0 tc=44.8660387717417 nv=3545 ne=6916 r=64.5
QIP_value_gurobi: solver finished in 1.273 s (time_limit=604800.0 s, status=OPTIMAL)
[ Info: feasible solution: 5398.0, primal bound: 5398.0
[ Info: current num of unfinished slices: 14, finished slices: 16
                      ┌                                        ┐ 
                   40 ┤■■■■■■■■■■■■■■■■■■■ 1                     
                   41 ┤ 0                                        
                   42 ┤ 0                                        
                   43 ┤ 0                                        
                   44 ┤ 0                                        
                   45 ┤ 0                                        
                   46 ┤ 0                                        
                   47 ┤■■■■■■■■■■■■■■■■■■■ 1                     
                   48 ┤ 0                                        
                   49 ┤■■■■■■■■■■■■■■■■■■■ 1                     
   sc, target = 31 50 ┤■■■■■■■■■■■■■■■■■■■ 1                     
                   51 ┤ 0                                        
                   52 ┤■■■■■■■■■■■■■■■■■■■■■■■■■■■■■■■■■■■■■ 2   
                   53 ┤■■■■■■■■■■■■■■■■■■■ 1                     
                   54 ┤■■■■■■■■■■■■■■■■■■■■■■■■■■■■■■■■■■■■■ 2   
                   55 ┤ 0                                        
                   56 ┤■■■■■■■■■■■■■■■■■■■■■■■■■■■■■■■■■■■■■ 2   
                   57 ┤■■■■■■■■■■■■■■■■■■■ 1                     
                   58 ┤ 0                                        
                   59 ┤■■■■■■■■■■■■■■■■■■■ 1                     
                   60 ┤■■■■■■■■■■■■■■■■■■■ 1                     
                      └                                        ┘ 
                                     num of slices               
[ Info: slicing branch with sc: 40.0
[ Info: cc.sc: 40.0
region size: 10
tbl0_rows:59 filtered_rows:59
QIP_gurobi_bound: solver finished in 1.644 s (time_limit=100.0 s, status=OPTIMAL)
[ Info: slice 1, lp_score: 5395.0, primal_bound: 5398.0
QIP_gurobi_bound: solver finished in 1.278 s (time_limit=100.0 s, status=OPTIMAL)
[ Info: slice 2, lp_score: 5398.0, primal_bound: 5398.0
[ Info: new_scs: [39]
[ Info: lp_scores: [5398.0]
[ Info: lp_scores: 5398.0
[ Info: current num of unfinished slices: 14, finished slices: 16
                      ┌                                        ┐ 
                   39 ┤■■■■■■■■■■■■■■■■■■■ 1                     
                   40 ┤ 0                                        
                   41 ┤ 0                                        
                   42 ┤ 0                                        
                   43 ┤ 0                                        
                   44 ┤ 0                                        
                   45 ┤ 0                                        
                   46 ┤ 0                                        
                   47 ┤■■■■■■■■■■■■■■■■■■■ 1                     
                   48 ┤ 0                                        
   sc, target = 31 49 ┤■■■■■■■■■■■■■■■■■■■ 1                     
                   50 ┤■■■■■■■■■■■■■■■■■■■ 1                     
                   51 ┤ 0                                        
                   52 ┤■■■■■■■■■■■■■■■■■■■■■■■■■■■■■■■■■■■■■ 2   
                   53 ┤■■■■■■■■■■■■■■■■■■■ 1                     
                   54 ┤■■■■■■■■■■■■■■■■■■■■■■■■■■■■■■■■■■■■■ 2   
                   55 ┤ 0                                        
                   56 ┤■■■■■■■■■■■■■■■■■■■■■■■■■■■■■■■■■■■■■ 2   
                   57 ┤■■■■■■■■■■■■■■■■■■■ 1                     
                   58 ┤ 0                                        
                   59 ┤■■■■■■■■■■■■■■■■■■■ 1                     
                   60 ┤■■■■■■■■■■■■■■■■■■■ 1                     
                      └                                        ┘ 
                                     num of slices               
[ Info: slicing branch with sc: 39.0
[ Info: cc.sc: 39.0
region size: 10
tbl0_rows:45 filtered_rows:45
QIP_gurobi_bound: solver finished in 1.242 s (time_limit=100.0 s, status=OPTIMAL)
[ Info: slice 1, lp_score: 5394.0, primal_bound: 5398.0
QIP_gurobi_bound: solver finished in 4.963 s (time_limit=100.0 s, status=OPTIMAL)
[ Info: slice 2, lp_score: 5398.0, primal_bound: 5398.0
[ Info: new_scs: [38]
[ Info: lp_scores: [5398.0]
[ Info: lp_scores: 5398.0
[ Info: current num of unfinished slices: 14, finished slices: 16
                      ┌                                        ┐ 
                   38 ┤■■■■■■■■■■■■■■■■■■■ 1                     
                   39 ┤ 0                                        
                   40 ┤ 0                                        
                   41 ┤ 0                                        
                   42 ┤ 0                                        
                   43 ┤ 0                                        
                   44 ┤ 0                                        
                   45 ┤ 0                                        
                   46 ┤ 0                                        
                   47 ┤■■■■■■■■■■■■■■■■■■■ 1                     
                   48 ┤ 0                                        
   sc, target = 31 49 ┤■■■■■■■■■■■■■■■■■■■ 1                     
                   50 ┤■■■■■■■■■■■■■■■■■■■ 1                     
                   51 ┤ 0                                        
                   52 ┤■■■■■■■■■■■■■■■■■■■■■■■■■■■■■■■■■■■■■ 2   
                   53 ┤■■■■■■■■■■■■■■■■■■■ 1                     
                   54 ┤■■■■■■■■■■■■■■■■■■■■■■■■■■■■■■■■■■■■■ 2   
                   55 ┤ 0                                        
                   56 ┤■■■■■■■■■■■■■■■■■■■■■■■■■■■■■■■■■■■■■ 2   
                   57 ┤■■■■■■■■■■■■■■■■■■■ 1                     
                   58 ┤ 0                                        
                   59 ┤■■■■■■■■■■■■■■■■■■■ 1                     
                   60 ┤■■■■■■■■■■■■■■■■■■■ 1                     
                      └                                        ┘ 
                                     num of slices               
[ Info: slicing branch with sc: 38.0
[ Info: cc.sc: 38.0
region size: 10
tbl0_rows:33 filtered_rows:33
QIP_gurobi_bound: solver finished in 1.322 s (time_limit=100.0 s, status=OPTIMAL)
[ Info: slice 1, lp_score: 5397.0, primal_bound: 5398.0
QIP_gurobi_bound: solver finished in 1.15 s (time_limit=100.0 s, status=OPTIMAL)
[ Info: slice 2, lp_score: 5398.0, primal_bound: 5398.0
[ Info: new_scs: [38]
[ Info: lp_scores: [5398.0]
[ Info: lp_scores: 5398.0
[ Info: current num of unfinished slices: 14, finished slices: 16
                      ┌                                        ┐ 
                   38 ┤■■■■■■■■■■■■■■■■■■■ 1                     
                   39 ┤ 0                                        
                   40 ┤ 0                                        
                   41 ┤ 0                                        
                   42 ┤ 0                                        
                   43 ┤ 0                                        
                   44 ┤ 0                                        
                   45 ┤ 0                                        
                   46 ┤ 0                                        
                   47 ┤■■■■■■■■■■■■■■■■■■■ 1                     
                   48 ┤ 0                                        
   sc, target = 31 49 ┤■■■■■■■■■■■■■■■■■■■ 1                     
                   50 ┤■■■■■■■■■■■■■■■■■■■ 1                     
                   51 ┤ 0                                        
                   52 ┤■■■■■■■■■■■■■■■■■■■■■■■■■■■■■■■■■■■■■ 2   
                   53 ┤■■■■■■■■■■■■■■■■■■■ 1                     
                   54 ┤■■■■■■■■■■■■■■■■■■■■■■■■■■■■■■■■■■■■■ 2   
                   55 ┤ 0                                        
                   56 ┤■■■■■■■■■■■■■■■■■■■■■■■■■■■■■■■■■■■■■ 2   
                   57 ┤■■■■■■■■■■■■■■■■■■■ 1                     
                   58 ┤ 0                                        
                   59 ┤■■■■■■■■■■■■■■■■■■■ 1                     
                   60 ┤■■■■■■■■■■■■■■■■■■■ 1                     
                      └                                        ┘ 
                                     num of slices               
[ Info: slicing branch with sc: 38.0
[ Info: cc.sc: 38.0
region size: 10
tbl0_rows:23 filtered_rows:23
QIP_gurobi_bound: solver finished in 1.396 s (time_limit=100.0 s, status=OPTIMAL)
[ Info: slice 1, lp_score: 5398.0, primal_bound: 5398.0
QIP_gurobi_bound: solver finished in 1.308 s (time_limit=100.0 s, status=OPTIMAL)
[ Info: slice 2, lp_score: 5393.0, primal_bound: 5398.0
[ Info: new_scs: [37]
[ Info: lp_scores: [5398.0]
[ Info: lp_scores: 5398.0
[ Info: current num of unfinished slices: 14, finished slices: 16
                      ┌                                        ┐ 
                   37 ┤■■■■■■■■■■■■■■■■■■■ 1                     
                   38 ┤ 0                                        
                   39 ┤ 0                                        
                   40 ┤ 0                                        
                   41 ┤ 0                                        
                   42 ┤ 0                                        
                   43 ┤ 0                                        
                   44 ┤ 0                                        
                   45 ┤ 0                                        
                   46 ┤ 0                                        
                   47 ┤■■■■■■■■■■■■■■■■■■■ 1                     
   sc, target = 31 48 ┤ 0                                        
                   49 ┤■■■■■■■■■■■■■■■■■■■ 1                     
                   50 ┤■■■■■■■■■■■■■■■■■■■ 1                     
                   51 ┤ 0                                        
                   52 ┤■■■■■■■■■■■■■■■■■■■■■■■■■■■■■■■■■■■■■ 2   
                   53 ┤■■■■■■■■■■■■■■■■■■■ 1                     
                   54 ┤■■■■■■■■■■■■■■■■■■■■■■■■■■■■■■■■■■■■■ 2   
                   55 ┤ 0                                        
                   56 ┤■■■■■■■■■■■■■■■■■■■■■■■■■■■■■■■■■■■■■ 2   
                   57 ┤■■■■■■■■■■■■■■■■■■■ 1                     
                   58 ┤ 0                                        
                   59 ┤■■■■■■■■■■■■■■■■■■■ 1                     
                   60 ┤■■■■■■■■■■■■■■■■■■■ 1                     
                      └                                        ┘ 
                                     num of slices               
[ Info: slicing branch with sc: 37.0
[ Info: cc.sc: 37.0
region size: 10
tbl0_rows:20 filtered_rows:20
QIP_gurobi_bound: solver finished in 1.307 s (time_limit=100.0 s, status=OPTIMAL)
[ Info: slice 1, lp_score: 5396.0, primal_bound: 5398.0
QIP_gurobi_bound: solver finished in 1.278 s (time_limit=100.0 s, status=OPTIMAL)
[ Info: slice 2, lp_score: 5398.0, primal_bound: 5398.0
[ Info: new_scs: [36]
[ Info: lp_scores: [5398.0]
[ Info: lp_scores: 5398.0
[ Info: current num of unfinished slices: 14, finished slices: 16
                      ┌                                        ┐ 
                   36 ┤■■■■■■■■■■■■■■■■■■■ 1                     
                   37 ┤ 0                                        
                   38 ┤ 0                                        
                   39 ┤ 0                                        
                   40 ┤ 0                                        
                   41 ┤ 0                                        
                   42 ┤ 0                                        
                   43 ┤ 0                                        
                   44 ┤ 0                                        
                   45 ┤ 0                                        
                   46 ┤ 0                                        
                   47 ┤■■■■■■■■■■■■■■■■■■■ 1                     
   sc, target = 31 48 ┤ 0                                        
                   49 ┤■■■■■■■■■■■■■■■■■■■ 1                     
                   50 ┤■■■■■■■■■■■■■■■■■■■ 1                     
                   51 ┤ 0                                        
                   52 ┤■■■■■■■■■■■■■■■■■■■■■■■■■■■■■■■■■■■■■ 2   
                   53 ┤■■■■■■■■■■■■■■■■■■■ 1                     
                   54 ┤■■■■■■■■■■■■■■■■■■■■■■■■■■■■■■■■■■■■■ 2   
                   55 ┤ 0                                        
                   56 ┤■■■■■■■■■■■■■■■■■■■■■■■■■■■■■■■■■■■■■ 2   
                   57 ┤■■■■■■■■■■■■■■■■■■■ 1                     
                   58 ┤ 0                                        
                   59 ┤■■■■■■■■■■■■■■■■■■■ 1                     
                   60 ┤■■■■■■■■■■■■■■■■■■■ 1                     
                      └                                        ┘ 
                                     num of slices               
[ Info: slicing branch with sc: 36.0
[ Info: cc.sc: 36.0
region size: 10
tbl0_rows:17 filtered_rows:17
QIP_gurobi_bound: solver finished in 1.275 s (time_limit=100.0 s, status=OPTIMAL)
[ Info: slice 1, lp_score: 5398.0, primal_bound: 5398.0
[ Info: new_scs: [36]
[ Info: lp_scores: [5398.0]
[ Info: lp_scores: 5398.0
[ Info: current num of unfinished slices: 14, finished slices: 16
                      ┌                                        ┐ 
                   36 ┤■■■■■■■■■■■■■■■■■■■ 1                     
                   37 ┤ 0                                        
                   38 ┤ 0                                        
                   39 ┤ 0                                        
                   40 ┤ 0                                        
                   41 ┤ 0                                        
                   42 ┤ 0                                        
                   43 ┤ 0                                        
                   44 ┤ 0                                        
                   45 ┤ 0                                        
                   46 ┤ 0                                        
                   47 ┤■■■■■■■■■■■■■■■■■■■ 1                     
   sc, target = 31 48 ┤ 0                                        
                   49 ┤■■■■■■■■■■■■■■■■■■■ 1                     
                   50 ┤■■■■■■■■■■■■■■■■■■■ 1                     
                   51 ┤ 0                                        
                   52 ┤■■■■■■■■■■■■■■■■■■■■■■■■■■■■■■■■■■■■■ 2   
                   53 ┤■■■■■■■■■■■■■■■■■■■ 1                     
                   54 ┤■■■■■■■■■■■■■■■■■■■■■■■■■■■■■■■■■■■■■ 2   
                   55 ┤ 0                                        
                   56 ┤■■■■■■■■■■■■■■■■■■■■■■■■■■■■■■■■■■■■■ 2   
                   57 ┤■■■■■■■■■■■■■■■■■■■ 1                     
                   58 ┤ 0                                        
                   59 ┤■■■■■■■■■■■■■■■■■■■ 1                     
                   60 ┤■■■■■■■■■■■■■■■■■■■ 1                     
                      └                                        ┘ 
                                     num of slices               
[ Info: slicing branch with sc: 36.0
[ Info: cc.sc: 36.0
region size: 10
tbl0_rows:56 filtered_rows:56
QIP_gurobi_bound: solver finished in 1.233 s (time_limit=100.0 s, status=OPTIMAL)
[ Info: slice 1, lp_score: 5398.0, primal_bound: 5398.0
QIP_gurobi_bound: solver finished in 1.308 s (time_limit=100.0 s, status=OPTIMAL)
[ Info: slice 2, lp_score: 5396.0, primal_bound: 5398.0
[ Info: new_scs: [35]
[ Info: lp_scores: [5398.0]
[ Info: lp_scores: 5398.0
[ Info: current num of unfinished slices: 14, finished slices: 16
                      ┌                                        ┐ 
                   35 ┤■■■■■■■■■■■■■■■■■■■ 1                     
                   36 ┤ 0                                        
                   37 ┤ 0                                        
                   38 ┤ 0                                        
                   39 ┤ 0                                        
                   40 ┤ 0                                        
                   41 ┤ 0                                        
                   42 ┤ 0                                        
                   43 ┤ 0                                        
                   44 ┤ 0                                        
                   45 ┤ 0                                        
                   46 ┤ 0                                        
   sc, target = 31 47 ┤■■■■■■■■■■■■■■■■■■■ 1                     
                   48 ┤ 0                                        
                   49 ┤■■■■■■■■■■■■■■■■■■■ 1                     
                   50 ┤■■■■■■■■■■■■■■■■■■■ 1                     
                   51 ┤ 0                                        
                   52 ┤■■■■■■■■■■■■■■■■■■■■■■■■■■■■■■■■■■■■■ 2   
                   53 ┤■■■■■■■■■■■■■■■■■■■ 1                     
                   54 ┤■■■■■■■■■■■■■■■■■■■■■■■■■■■■■■■■■■■■■ 2   
                   55 ┤ 0                                        
                   56 ┤■■■■■■■■■■■■■■■■■■■■■■■■■■■■■■■■■■■■■ 2   
                   57 ┤■■■■■■■■■■■■■■■■■■■ 1                     
                   58 ┤ 0                                        
                   59 ┤■■■■■■■■■■■■■■■■■■■ 1                     
                   60 ┤■■■■■■■■■■■■■■■■■■■ 1                     
                      └                                        ┘ 
                                     num of slices               
[ Info: slicing branch with sc: 35.0
[ Info: cc.sc: 35.0
region size: 10
tbl0_rows:21 filtered_rows:21
QIP_gurobi_bound: solver finished in 1.418 s (time_limit=100.0 s, status=OPTIMAL)
[ Info: slice 1, lp_score: 5398.0, primal_bound: 5398.0
[ Info: new_scs: [34]
[ Info: lp_scores: [5398.0]
[ Info: lp_scores: 5398.0
[ Info: current num of unfinished slices: 14, finished slices: 16
                      ┌                                        ┐ 
                   34 ┤■■■■■■■■■■■■■■■■■■■ 1                     
                   35 ┤ 0                                        
                   36 ┤ 0                                        
                   37 ┤ 0                                        
                   38 ┤ 0                                        
                   39 ┤ 0                                        
                   40 ┤ 0                                        
                   41 ┤ 0                                        
                   42 ┤ 0                                        
                   43 ┤ 0                                        
                   44 ┤ 0                                        
                   45 ┤ 0                                        
                   46 ┤ 0                                        
   sc, target = 31 47 ┤■■■■■■■■■■■■■■■■■■■ 1                     
                   48 ┤ 0                                        
                   49 ┤■■■■■■■■■■■■■■■■■■■ 1                     
                   50 ┤■■■■■■■■■■■■■■■■■■■ 1                     
                   51 ┤ 0                                        
                   52 ┤■■■■■■■■■■■■■■■■■■■■■■■■■■■■■■■■■■■■■ 2   
                   53 ┤■■■■■■■■■■■■■■■■■■■ 1                     
                   54 ┤■■■■■■■■■■■■■■■■■■■■■■■■■■■■■■■■■■■■■ 2   
                   55 ┤ 0                                        
                   56 ┤■■■■■■■■■■■■■■■■■■■■■■■■■■■■■■■■■■■■■ 2   
                   57 ┤■■■■■■■■■■■■■■■■■■■ 1                     
                   58 ┤ 0                                        
                   59 ┤■■■■■■■■■■■■■■■■■■■ 1                     
                   60 ┤■■■■■■■■■■■■■■■■■■■ 1                     
                      └                                        ┘ 
                                     num of slices               
[ Info: slicing branch with sc: 34.0
[ Info: cc.sc: 34.0
region size: 10
tbl0_rows:12 filtered_rows:12
QIP_gurobi_bound: solver finished in 4.75 s (time_limit=100.0 s, status=OPTIMAL)
[ Info: slice 1, lp_score: 5398.0, primal_bound: 5398.0
QIP_gurobi_bound: solver finished in 1.164 s (time_limit=100.0 s, status=OPTIMAL)
[ Info: slice 2, lp_score: 5395.0, primal_bound: 5398.0
[ Info: new_scs: [33]
[ Info: lp_scores: [5398.0]
[ Info: lp_scores: 5398.0
[ Info: current num of unfinished slices: 14, finished slices: 16
                      ┌                                        ┐ 
                   33 ┤■■■■■■■■■■■■■■■■■■■ 1                     
                   34 ┤ 0                                        
                   35 ┤ 0                                        
                   36 ┤ 0                                        
                   37 ┤ 0                                        
                   38 ┤ 0                                        
                   39 ┤ 0                                        
                   40 ┤ 0                                        
                   41 ┤ 0                                        
                   42 ┤ 0                                        
                   43 ┤ 0                                        
                   44 ┤ 0                                        
                   45 ┤ 0                                        
   sc, target = 31 46 ┤ 0                                        
                   47 ┤■■■■■■■■■■■■■■■■■■■ 1                     
                   48 ┤ 0                                        
                   49 ┤■■■■■■■■■■■■■■■■■■■ 1                     
                   50 ┤■■■■■■■■■■■■■■■■■■■ 1                     
                   51 ┤ 0                                        
                   52 ┤■■■■■■■■■■■■■■■■■■■■■■■■■■■■■■■■■■■■■ 2   
                   53 ┤■■■■■■■■■■■■■■■■■■■ 1                     
                   54 ┤■■■■■■■■■■■■■■■■■■■■■■■■■■■■■■■■■■■■■ 2   
                   55 ┤ 0                                        
                   56 ┤■■■■■■■■■■■■■■■■■■■■■■■■■■■■■■■■■■■■■ 2   
                   57 ┤■■■■■■■■■■■■■■■■■■■ 1                     
                   58 ┤ 0                                        
                   59 ┤■■■■■■■■■■■■■■■■■■■ 1                     
                   60 ┤■■■■■■■■■■■■■■■■■■■ 1                     
                      └                                        ┘ 
                                     num of slices               
[ Info: slicing branch with sc: 33.0
[ Info: cc.sc: 33.0
region size: 10
tbl0_rows:26 filtered_rows:26
QIP_gurobi_bound: solver finished in 1.328 s (time_limit=100.0 s, status=OPTIMAL)
[ Info: slice 1, lp_score: 5398.0, primal_bound: 5398.0
QIP_gurobi_bound: solver finished in 1.247 s (time_limit=100.0 s, status=OPTIMAL)
[ Info: slice 2, lp_score: 5386.0, primal_bound: 5398.0
[ Info: new_scs: [32]
[ Info: lp_scores: [5398.0]
[ Info: lp_scores: 5398.0
[ Info: current num of unfinished slices: 14, finished slices: 16
                      ┌                                        ┐ 
                   32 ┤■■■■■■■■■■■■■■■■■■■ 1                     
                   33 ┤ 0                                        
                   34 ┤ 0                                        
                   35 ┤ 0                                        
                   36 ┤ 0                                        
                   37 ┤ 0                                        
                   38 ┤ 0                                        
                   39 ┤ 0                                        
                   40 ┤ 0                                        
                   41 ┤ 0                                        
                   42 ┤ 0                                        
                   43 ┤ 0                                        
                   44 ┤ 0                                        
                   45 ┤ 0                                        
   sc, target = 31 46 ┤ 0                                        
                   47 ┤■■■■■■■■■■■■■■■■■■■ 1                     
                   48 ┤ 0                                        
                   49 ┤■■■■■■■■■■■■■■■■■■■ 1                     
                   50 ┤■■■■■■■■■■■■■■■■■■■ 1                     
                   51 ┤ 0                                        
                   52 ┤■■■■■■■■■■■■■■■■■■■■■■■■■■■■■■■■■■■■■ 2   
                   53 ┤■■■■■■■■■■■■■■■■■■■ 1                     
                   54 ┤■■■■■■■■■■■■■■■■■■■■■■■■■■■■■■■■■■■■■ 2   
                   55 ┤ 0                                        
                   56 ┤■■■■■■■■■■■■■■■■■■■■■■■■■■■■■■■■■■■■■ 2   
                   57 ┤■■■■■■■■■■■■■■■■■■■ 1                     
                   58 ┤ 0                                        
                   59 ┤■■■■■■■■■■■■■■■■■■■ 1                     
                   60 ┤■■■■■■■■■■■■■■■■■■■ 1                     
                      └                                        ┘ 
                                     num of slices               
[ Info: slicing branch with sc: 32.0
[ Info: cc.sc: 32.0
region size: 10
tbl0_rows:42 filtered_rows:42
QIP_gurobi_bound: solver finished in 1.215 s (time_limit=100.0 s, status=OPTIMAL)
[ Info: slice 1, lp_score: 5395.0, primal_bound: 5398.0
QIP_gurobi_bound: solver finished in 1.327 s (time_limit=100.0 s, status=OPTIMAL)
[ Info: slice 2, lp_score: 5398.0, primal_bound: 5398.0
[ Info: new_scs: [31]
[ Info: lp_scores: [5398.0]
[ Info: lp_scores: 5398.0
[ Info: current num of unfinished slices: 14, finished slices: 16
                      ┌                                        ┐ 
                   31 ┤■■■■■■■■■■■■■■■■■■■ 1                     
                   32 ┤ 0                                        
                   33 ┤ 0                                        
                   34 ┤ 0                                        
                   35 ┤ 0                                        
                   36 ┤ 0                                        
                   37 ┤ 0                                        
                   38 ┤ 0                                        
                   39 ┤ 0                                        
                   40 ┤ 0                                        
                   41 ┤ 0                                        
                   42 ┤ 0                                        
                   43 ┤ 0                                        
                   44 ┤ 0                                        
   sc, target = 31 45 ┤ 0                                        
                   46 ┤ 0                                        
                   47 ┤■■■■■■■■■■■■■■■■■■■ 1                     
                   48 ┤ 0                                        
                   49 ┤■■■■■■■■■■■■■■■■■■■ 1                     
                   50 ┤■■■■■■■■■■■■■■■■■■■ 1                     
                   51 ┤ 0                                        
                   52 ┤■■■■■■■■■■■■■■■■■■■■■■■■■■■■■■■■■■■■■ 2   
                   53 ┤■■■■■■■■■■■■■■■■■■■ 1                     
                   54 ┤■■■■■■■■■■■■■■■■■■■■■■■■■■■■■■■■■■■■■ 2   
                   55 ┤ 0                                        
                   56 ┤■■■■■■■■■■■■■■■■■■■■■■■■■■■■■■■■■■■■■ 2   
                   57 ┤■■■■■■■■■■■■■■■■■■■ 1                     
                   58 ┤ 0                                        
                   59 ┤■■■■■■■■■■■■■■■■■■■ 1                     
                   60 ┤■■■■■■■■■■■■■■■■■■■ 1                     
                      └                                        ┘ 
                                     num of slices               
[ Info: slicing branch with sc: 31.0
  [slice produced] sc=31.0 tc=45.19866685050633 nv=3539 ne=6904 r=71.5
QIP_value_gurobi: solver finished in 1.326 s (time_limit=604800.0 s, status=OPTIMAL)
[ Info: feasible solution: 5398.0, primal bound: 5398.0
[ Info: current num of unfinished slices: 13, finished slices: 17
                      ┌                                        ┐ 
                   47 ┤■■■■■■■■■■■■■■■■■■■ 1                     
                   48 ┤ 0                                        
                   49 ┤■■■■■■■■■■■■■■■■■■■ 1                     
                   50 ┤■■■■■■■■■■■■■■■■■■■ 1                     
                   51 ┤ 0                                        
                   52 ┤■■■■■■■■■■■■■■■■■■■■■■■■■■■■■■■■■■■■■ 2   
   sc, target = 31 53 ┤■■■■■■■■■■■■■■■■■■■ 1                     
                   54 ┤■■■■■■■■■■■■■■■■■■■■■■■■■■■■■■■■■■■■■ 2   
                   55 ┤ 0                                        
                   56 ┤■■■■■■■■■■■■■■■■■■■■■■■■■■■■■■■■■■■■■ 2   
                   57 ┤■■■■■■■■■■■■■■■■■■■ 1                     
                   58 ┤ 0                                        
                   59 ┤■■■■■■■■■■■■■■■■■■■ 1                     
                   60 ┤■■■■■■■■■■■■■■■■■■■ 1                     
                      └                                        ┘ 
                                     num of slices               
[ Info: slicing branch with sc: 47.0
[ Info: cc.sc: 47.0
region size: 10
tbl0_rows:43 filtered_rows:43
QIP_gurobi_bound: solver finished in 1.855 s (time_limit=100.0 s, status=OPTIMAL)
[ Info: slice 1, lp_score: 5394.0, primal_bound: 5398.0
QIP_gurobi_bound: solver finished in 1.281 s (time_limit=100.0 s, status=OPTIMAL)
[ Info: slice 2, lp_score: 5398.0, primal_bound: 5398.0
[ Info: new_scs: [46]
[ Info: lp_scores: [5398.0]
[ Info: lp_scores: 5398.0
[ Info: current num of unfinished slices: 13, finished slices: 17
                      ┌                                        ┐ 
                   46 ┤■■■■■■■■■■■■■■■■■■■ 1                     
                   47 ┤ 0                                        
                   48 ┤ 0                                        
                   49 ┤■■■■■■■■■■■■■■■■■■■ 1                     
                   50 ┤■■■■■■■■■■■■■■■■■■■ 1                     
                   51 ┤ 0                                        
                   52 ┤■■■■■■■■■■■■■■■■■■■■■■■■■■■■■■■■■■■■■ 2   
   sc, target = 31 53 ┤■■■■■■■■■■■■■■■■■■■ 1                     
                   54 ┤■■■■■■■■■■■■■■■■■■■■■■■■■■■■■■■■■■■■■ 2   
                   55 ┤ 0                                        
                   56 ┤■■■■■■■■■■■■■■■■■■■■■■■■■■■■■■■■■■■■■ 2   
                   57 ┤■■■■■■■■■■■■■■■■■■■ 1                     
                   58 ┤ 0                                        
                   59 ┤■■■■■■■■■■■■■■■■■■■ 1                     
                   60 ┤■■■■■■■■■■■■■■■■■■■ 1                     
                      └                                        ┘ 
                                     num of slices               
[ Info: slicing branch with sc: 46.0
[ Info: cc.sc: 46.0
region size: 10
tbl0_rows:51 filtered_rows:51
QIP_gurobi_bound: solver finished in 5.827 s (time_limit=100.0 s, status=OPTIMAL)
[ Info: slice 1, lp_score: 5397.0, primal_bound: 5398.0
QIP_gurobi_bound: solver finished in 1.256 s (time_limit=100.0 s, status=OPTIMAL)
[ Info: slice 2, lp_score: 5398.0, primal_bound: 5398.0
[ Info: new_scs: [46]
[ Info: lp_scores: [5398.0]
[ Info: lp_scores: 5398.0
[ Info: current num of unfinished slices: 13, finished slices: 17
                      ┌                                        ┐ 
                   46 ┤■■■■■■■■■■■■■■■■■■■ 1                     
                   47 ┤ 0                                        
                   48 ┤ 0                                        
                   49 ┤■■■■■■■■■■■■■■■■■■■ 1                     
                   50 ┤■■■■■■■■■■■■■■■■■■■ 1                     
                   51 ┤ 0                                        
                   52 ┤■■■■■■■■■■■■■■■■■■■■■■■■■■■■■■■■■■■■■ 2   
   sc, target = 31 53 ┤■■■■■■■■■■■■■■■■■■■ 1                     
                   54 ┤■■■■■■■■■■■■■■■■■■■■■■■■■■■■■■■■■■■■■ 2   
                   55 ┤ 0                                        
                   56 ┤■■■■■■■■■■■■■■■■■■■■■■■■■■■■■■■■■■■■■ 2   
                   57 ┤■■■■■■■■■■■■■■■■■■■ 1                     
                   58 ┤ 0                                        
                   59 ┤■■■■■■■■■■■■■■■■■■■ 1                     
                   60 ┤■■■■■■■■■■■■■■■■■■■ 1                     
                      └                                        ┘ 
                                     num of slices               
[ Info: slicing branch with sc: 46.0
[ Info: cc.sc: 46.0
region size: 10
tbl0_rows:50 filtered_rows:50
QIP_gurobi_bound: solver finished in 1.274 s (time_limit=100.0 s, status=OPTIMAL)
[ Info: slice 1, lp_score: 5398.0, primal_bound: 5398.0
QIP_gurobi_bound: solver finished in 1.291 s (time_limit=100.0 s, status=OPTIMAL)
[ Info: slice 2, lp_score: 5398.0, primal_bound: 5398.0
[ Info: new_scs: [46, 45]
[ Info: lp_scores: [5398.0, 5398.0]
[ Info: lp_scores: 5398.0
[ Info: lp_scores: 5398.0
[ Info: current num of unfinished slices: 14, finished slices: 17
                      ┌                                        ┐ 
                   45 ┤■■■■■■■■■■■■■■■■■■■ 1                     
                   46 ┤■■■■■■■■■■■■■■■■■■■ 1                     
                   47 ┤ 0                                        
                   48 ┤ 0                                        
                   49 ┤■■■■■■■■■■■■■■■■■■■ 1                     
                   50 ┤■■■■■■■■■■■■■■■■■■■ 1                     
                   51 ┤ 0                                        
   sc, target = 31 52 ┤■■■■■■■■■■■■■■■■■■■■■■■■■■■■■■■■■■■■■ 2   
                   53 ┤■■■■■■■■■■■■■■■■■■■ 1                     
                   54 ┤■■■■■■■■■■■■■■■■■■■■■■■■■■■■■■■■■■■■■ 2   
                   55 ┤ 0                                        
                   56 ┤■■■■■■■■■■■■■■■■■■■■■■■■■■■■■■■■■■■■■ 2   
                   57 ┤■■■■■■■■■■■■■■■■■■■ 1                     
                   58 ┤ 0                                        
                   59 ┤■■■■■■■■■■■■■■■■■■■ 1                     
                   60 ┤■■■■■■■■■■■■■■■■■■■ 1                     
                      └                                        ┘ 
                                     num of slices               
[ Info: slicing branch with sc: 46.0
[ Info: cc.sc: 46.0
region size: 10
tbl0_rows:82 filtered_rows:82
QIP_gurobi_bound: solver finished in 1.379 s (time_limit=100.0 s, status=OPTIMAL)
[ Info: slice 1, lp_score: 5398.0, primal_bound: 5398.0
QIP_gurobi_bound: solver finished in 1.18 s (time_limit=100.0 s, status=OPTIMAL)
[ Info: slice 2, lp_score: 5396.0, primal_bound: 5398.0
[ Info: new_scs: [46]
[ Info: lp_scores: [5398.0]
[ Info: lp_scores: 5398.0
[ Info: current num of unfinished slices: 14, finished slices: 17
                      ┌                                        ┐ 
                   45 ┤■■■■■■■■■■■■■■■■■■■ 1                     
                   46 ┤■■■■■■■■■■■■■■■■■■■ 1                     
                   47 ┤ 0                                        
                   48 ┤ 0                                        
                   49 ┤■■■■■■■■■■■■■■■■■■■ 1                     
                   50 ┤■■■■■■■■■■■■■■■■■■■ 1                     
                   51 ┤ 0                                        
   sc, target = 31 52 ┤■■■■■■■■■■■■■■■■■■■■■■■■■■■■■■■■■■■■■ 2   
                   53 ┤■■■■■■■■■■■■■■■■■■■ 1                     
                   54 ┤■■■■■■■■■■■■■■■■■■■■■■■■■■■■■■■■■■■■■ 2   
                   55 ┤ 0                                        
                   56 ┤■■■■■■■■■■■■■■■■■■■■■■■■■■■■■■■■■■■■■ 2   
                   57 ┤■■■■■■■■■■■■■■■■■■■ 1                     
                   58 ┤ 0                                        
                   59 ┤■■■■■■■■■■■■■■■■■■■ 1                     
                   60 ┤■■■■■■■■■■■■■■■■■■■ 1                     
                      └                                        ┘ 
                                     num of slices               
[ Info: slicing branch with sc: 46.0
[ Info: cc.sc: 46.0
region size: 10
tbl0_rows:59 filtered_rows:59
QIP_gurobi_bound: solver finished in 1.418 s (time_limit=100.0 s, status=OPTIMAL)
[ Info: slice 1, lp_score: 5398.0, primal_bound: 5398.0
QIP_gurobi_bound: solver finished in 1.23 s (time_limit=100.0 s, status=OPTIMAL)
[ Info: slice 2, lp_score: 5396.0, primal_bound: 5398.0
[ Info: new_scs: [45]
[ Info: lp_scores: [5398.0]
[ Info: lp_scores: 5398.0
[ Info: current num of unfinished slices: 14, finished slices: 17
                      ┌                                        ┐ 
                   45 ┤■■■■■■■■■■■■■■■■■■■■■■■■■■■■■■■■■■■■■ 2   
                   46 ┤ 0                                        
                   47 ┤ 0                                        
                   48 ┤ 0                                        
                   49 ┤■■■■■■■■■■■■■■■■■■■ 1                     
                   50 ┤■■■■■■■■■■■■■■■■■■■ 1                     
                   51 ┤ 0                                        
   sc, target = 31 52 ┤■■■■■■■■■■■■■■■■■■■■■■■■■■■■■■■■■■■■■ 2   
                   53 ┤■■■■■■■■■■■■■■■■■■■ 1                     
                   54 ┤■■■■■■■■■■■■■■■■■■■■■■■■■■■■■■■■■■■■■ 2   
                   55 ┤ 0                                        
                   56 ┤■■■■■■■■■■■■■■■■■■■■■■■■■■■■■■■■■■■■■ 2   
                   57 ┤■■■■■■■■■■■■■■■■■■■ 1                     
                   58 ┤ 0                                        
                   59 ┤■■■■■■■■■■■■■■■■■■■ 1                     
                   60 ┤■■■■■■■■■■■■■■■■■■■ 1                     
                      └                                        ┘ 
                                     num of slices               
[ Info: slicing branch with sc: 45.0
[ Info: cc.sc: 45.0
region size: 10
tbl0_rows:79 filtered_rows:79
QIP_gurobi_bound: solver finished in 1.41 s (time_limit=100.0 s, status=OPTIMAL)
[ Info: slice 1, lp_score: 5397.0, primal_bound: 5398.0
QIP_gurobi_bound: solver finished in 1.369 s (time_limit=100.0 s, status=OPTIMAL)
[ Info: slice 2, lp_score: 5398.0, primal_bound: 5398.0
[ Info: new_scs: [44]
[ Info: lp_scores: [5398.0]
[ Info: lp_scores: 5398.0
[ Info: current num of unfinished slices: 14, finished slices: 17
                      ┌                                        ┐ 
                   44 ┤■■■■■■■■■■■■■■■■■■■ 1                     
                   45 ┤■■■■■■■■■■■■■■■■■■■ 1                     
                   46 ┤ 0                                        
                   47 ┤ 0                                        
                   48 ┤ 0                                        
                   49 ┤■■■■■■■■■■■■■■■■■■■ 1                     
                   50 ┤■■■■■■■■■■■■■■■■■■■ 1                     
                   51 ┤ 0                                        
   sc, target = 31 52 ┤■■■■■■■■■■■■■■■■■■■■■■■■■■■■■■■■■■■■■ 2   
                   53 ┤■■■■■■■■■■■■■■■■■■■ 1                     
                   54 ┤■■■■■■■■■■■■■■■■■■■■■■■■■■■■■■■■■■■■■ 2   
                   55 ┤ 0                                        
                   56 ┤■■■■■■■■■■■■■■■■■■■■■■■■■■■■■■■■■■■■■ 2   
                   57 ┤■■■■■■■■■■■■■■■■■■■ 1                     
                   58 ┤ 0                                        
                   59 ┤■■■■■■■■■■■■■■■■■■■ 1                     
                   60 ┤■■■■■■■■■■■■■■■■■■■ 1                     
                      └                                        ┘ 
                                     num of slices               
[ Info: slicing branch with sc: 44.0
[ Info: cc.sc: 44.0
region size: 10
tbl0_rows:43 filtered_rows:43
QIP_gurobi_bound: solver finished in 1.335 s (time_limit=100.0 s, status=OPTIMAL)
[ Info: slice 1, lp_score: 5397.0, primal_bound: 5398.0
QIP_gurobi_bound: solver finished in 4.976 s (time_limit=100.0 s, status=OPTIMAL)
[ Info: slice 2, lp_score: 5398.0, primal_bound: 5398.0
[ Info: new_scs: [41]
[ Info: lp_scores: [5398.0]
[ Info: lp_scores: 5398.0
[ Info: current num of unfinished slices: 14, finished slices: 17
                      ┌                                        ┐ 
                   41 ┤■■■■■■■■■■■■■■■■■■■ 1                     
                   42 ┤ 0                                        
                   43 ┤ 0                                        
                   44 ┤ 0                                        
                   45 ┤■■■■■■■■■■■■■■■■■■■ 1                     
                   46 ┤ 0                                        
                   47 ┤ 0                                        
                   48 ┤ 0                                        
                   49 ┤■■■■■■■■■■■■■■■■■■■ 1                     
   sc, target = 31 50 ┤■■■■■■■■■■■■■■■■■■■ 1                     
                   51 ┤ 0                                        
                   52 ┤■■■■■■■■■■■■■■■■■■■■■■■■■■■■■■■■■■■■■ 2   
                   53 ┤■■■■■■■■■■■■■■■■■■■ 1                     
                   54 ┤■■■■■■■■■■■■■■■■■■■■■■■■■■■■■■■■■■■■■ 2   
                   55 ┤ 0                                        
                   56 ┤■■■■■■■■■■■■■■■■■■■■■■■■■■■■■■■■■■■■■ 2   
                   57 ┤■■■■■■■■■■■■■■■■■■■ 1                     
                   58 ┤ 0                                        
                   59 ┤■■■■■■■■■■■■■■■■■■■ 1                     
                   60 ┤■■■■■■■■■■■■■■■■■■■ 1                     
                      └                                        ┘ 
                                     num of slices               
[ Info: slicing branch with sc: 41.0
[ Info: cc.sc: 41.0
region size: 10
tbl0_rows:28 filtered_rows:28
QIP_gurobi_bound: solver finished in 1.355 s (time_limit=100.0 s, status=OPTIMAL)
[ Info: slice 1, lp_score: 5393.0, primal_bound: 5398.0
QIP_gurobi_bound: solver finished in 1.283 s (time_limit=100.0 s, status=OPTIMAL)
[ Info: slice 2, lp_score: 5398.0, primal_bound: 5398.0
[ Info: new_scs: [41]
[ Info: lp_scores: [5398.0]
[ Info: lp_scores: 5398.0
[ Info: current num of unfinished slices: 14, finished slices: 17
                      ┌                                        ┐ 
                   41 ┤■■■■■■■■■■■■■■■■■■■ 1                     
                   42 ┤ 0                                        
                   43 ┤ 0                                        
                   44 ┤ 0                                        
                   45 ┤■■■■■■■■■■■■■■■■■■■ 1                     
                   46 ┤ 0                                        
                   47 ┤ 0                                        
                   48 ┤ 0                                        
                   49 ┤■■■■■■■■■■■■■■■■■■■ 1                     
   sc, target = 31 50 ┤■■■■■■■■■■■■■■■■■■■ 1                     
                   51 ┤ 0                                        
                   52 ┤■■■■■■■■■■■■■■■■■■■■■■■■■■■■■■■■■■■■■ 2   
                   53 ┤■■■■■■■■■■■■■■■■■■■ 1                     
                   54 ┤■■■■■■■■■■■■■■■■■■■■■■■■■■■■■■■■■■■■■ 2   
                   55 ┤ 0                                        
                   56 ┤■■■■■■■■■■■■■■■■■■■■■■■■■■■■■■■■■■■■■ 2   
                   57 ┤■■■■■■■■■■■■■■■■■■■ 1                     
                   58 ┤ 0                                        
                   59 ┤■■■■■■■■■■■■■■■■■■■ 1                     
                   60 ┤■■■■■■■■■■■■■■■■■■■ 1                     
                      └                                        ┘ 
                                     num of slices               
[ Info: slicing branch with sc: 41.0
[ Info: cc.sc: 41.0
region size: 10
tbl0_rows:37 filtered_rows:37
QIP_gurobi_bound: solver finished in 1.202 s (time_limit=100.0 s, status=OPTIMAL)
[ Info: slice 1, lp_score: 5398.0, primal_bound: 5398.0
QIP_gurobi_bound: solver finished in 5.356 s (time_limit=100.0 s, status=OPTIMAL)
[ Info: slice 2, lp_score: 5396.0, primal_bound: 5398.0
[ Info: new_scs: [40]
[ Info: lp_scores: [5398.0]
[ Info: lp_scores: 5398.0
[ Info: current num of unfinished slices: 14, finished slices: 17
                      ┌                                        ┐ 
                   40 ┤■■■■■■■■■■■■■■■■■■■ 1                     
                   41 ┤ 0                                        
                   42 ┤ 0                                        
                   43 ┤ 0                                        
                   44 ┤ 0                                        
                   45 ┤■■■■■■■■■■■■■■■■■■■ 1                     
                   46 ┤ 0                                        
                   47 ┤ 0                                        
                   48 ┤ 0                                        
                   49 ┤■■■■■■■■■■■■■■■■■■■ 1                     
   sc, target = 31 50 ┤■■■■■■■■■■■■■■■■■■■ 1                     
                   51 ┤ 0                                        
                   52 ┤■■■■■■■■■■■■■■■■■■■■■■■■■■■■■■■■■■■■■ 2   
                   53 ┤■■■■■■■■■■■■■■■■■■■ 1                     
                   54 ┤■■■■■■■■■■■■■■■■■■■■■■■■■■■■■■■■■■■■■ 2   
                   55 ┤ 0                                        
                   56 ┤■■■■■■■■■■■■■■■■■■■■■■■■■■■■■■■■■■■■■ 2   
                   57 ┤■■■■■■■■■■■■■■■■■■■ 1                     
                   58 ┤ 0                                        
                   59 ┤■■■■■■■■■■■■■■■■■■■ 1                     
                   60 ┤■■■■■■■■■■■■■■■■■■■ 1                     
                      └                                        ┘ 
                                     num of slices               
[ Info: slicing branch with sc: 40.0
[ Info: cc.sc: 40.0
region size: 10
tbl0_rows:41 filtered_rows:41
QIP_gurobi_bound: solver finished in 1.305 s (time_limit=100.0 s, status=OPTIMAL)
[ Info: slice 1, lp_score: 5398.0, primal_bound: 5398.0
QIP_gurobi_bound: solver finished in 1.172 s (time_limit=100.0 s, status=OPTIMAL)
[ Info: slice 2, lp_score: 5394.0, primal_bound: 5398.0
[ Info: new_scs: [39]
[ Info: lp_scores: [5398.0]
[ Info: lp_scores: 5398.0
[ Info: current num of unfinished slices: 14, finished slices: 17
                      ┌                                        ┐ 
                   39 ┤■■■■■■■■■■■■■■■■■■■ 1                     
                   40 ┤ 0                                        
                   41 ┤ 0                                        
                   42 ┤ 0                                        
                   43 ┤ 0                                        
                   44 ┤ 0                                        
                   45 ┤■■■■■■■■■■■■■■■■■■■ 1                     
                   46 ┤ 0                                        
                   47 ┤ 0                                        
                   48 ┤ 0                                        
   sc, target = 31 49 ┤■■■■■■■■■■■■■■■■■■■ 1                     
                   50 ┤■■■■■■■■■■■■■■■■■■■ 1                     
                   51 ┤ 0                                        
                   52 ┤■■■■■■■■■■■■■■■■■■■■■■■■■■■■■■■■■■■■■ 2   
                   53 ┤■■■■■■■■■■■■■■■■■■■ 1                     
                   54 ┤■■■■■■■■■■■■■■■■■■■■■■■■■■■■■■■■■■■■■ 2   
                   55 ┤ 0                                        
                   56 ┤■■■■■■■■■■■■■■■■■■■■■■■■■■■■■■■■■■■■■ 2   
                   57 ┤■■■■■■■■■■■■■■■■■■■ 1                     
                   58 ┤ 0                                        
                   59 ┤■■■■■■■■■■■■■■■■■■■ 1                     
                   60 ┤■■■■■■■■■■■■■■■■■■■ 1                     
                      └                                        ┘ 
                                     num of slices               
[ Info: slicing branch with sc: 39.0
[ Info: cc.sc: 39.0
region size: 10
tbl0_rows:57 filtered_rows:57
QIP_gurobi_bound: solver finished in 4.736 s (time_limit=100.0 s, status=OPTIMAL)
[ Info: slice 1, lp_score: 5395.0, primal_bound: 5398.0
QIP_gurobi_bound: solver finished in 1.203 s (time_limit=100.0 s, status=OPTIMAL)
[ Info: slice 2, lp_score: 5398.0, primal_bound: 5398.0
[ Info: new_scs: [38]
[ Info: lp_scores: [5398.0]
[ Info: lp_scores: 5398.0
[ Info: current num of unfinished slices: 14, finished slices: 17
                      ┌                                        ┐ 
                   38 ┤■■■■■■■■■■■■■■■■■■■ 1                     
                   39 ┤ 0                                        
                   40 ┤ 0                                        
                   41 ┤ 0                                        
                   42 ┤ 0                                        
                   43 ┤ 0                                        
                   44 ┤ 0                                        
                   45 ┤■■■■■■■■■■■■■■■■■■■ 1                     
                   46 ┤ 0                                        
                   47 ┤ 0                                        
                   48 ┤ 0                                        
   sc, target = 31 49 ┤■■■■■■■■■■■■■■■■■■■ 1                     
                   50 ┤■■■■■■■■■■■■■■■■■■■ 1                     
                   51 ┤ 0                                        
                   52 ┤■■■■■■■■■■■■■■■■■■■■■■■■■■■■■■■■■■■■■ 2   
                   53 ┤■■■■■■■■■■■■■■■■■■■ 1                     
                   54 ┤■■■■■■■■■■■■■■■■■■■■■■■■■■■■■■■■■■■■■ 2   
                   55 ┤ 0                                        
                   56 ┤■■■■■■■■■■■■■■■■■■■■■■■■■■■■■■■■■■■■■ 2   
                   57 ┤■■■■■■■■■■■■■■■■■■■ 1                     
                   58 ┤ 0                                        
                   59 ┤■■■■■■■■■■■■■■■■■■■ 1                     
                   60 ┤■■■■■■■■■■■■■■■■■■■ 1                     
                      └                                        ┘ 
                                     num of slices               
[ Info: slicing branch with sc: 38.0
[ Info: cc.sc: 38.0
region size: 10
tbl0_rows:51 filtered_rows:51
QIP_gurobi_bound: solver finished in 1.278 s (time_limit=100.0 s, status=OPTIMAL)
[ Info: slice 1, lp_score: 5398.0, primal_bound: 5398.0
QIP_gurobi_bound: solver finished in 4.544 s (time_limit=100.0 s, status=OPTIMAL)
[ Info: slice 2, lp_score: 5397.0, primal_bound: 5398.0
[ Info: new_scs: [36]
[ Info: lp_scores: [5398.0]
[ Info: lp_scores: 5398.0
[ Info: current num of unfinished slices: 14, finished slices: 17
                      ┌                                        ┐ 
                   36 ┤■■■■■■■■■■■■■■■■■■■ 1                     
                   37 ┤ 0                                        
                   38 ┤ 0                                        
                   39 ┤ 0                                        
                   40 ┤ 0                                        
                   41 ┤ 0                                        
                   42 ┤ 0                                        
                   43 ┤ 0                                        
                   44 ┤ 0                                        
                   45 ┤■■■■■■■■■■■■■■■■■■■ 1                     
                   46 ┤ 0                                        
                   47 ┤ 0                                        
   sc, target = 31 48 ┤ 0                                        
                   49 ┤■■■■■■■■■■■■■■■■■■■ 1                     
                   50 ┤■■■■■■■■■■■■■■■■■■■ 1                     
                   51 ┤ 0                                        
                   52 ┤■■■■■■■■■■■■■■■■■■■■■■■■■■■■■■■■■■■■■ 2   
                   53 ┤■■■■■■■■■■■■■■■■■■■ 1                     
                   54 ┤■■■■■■■■■■■■■■■■■■■■■■■■■■■■■■■■■■■■■ 2   
                   55 ┤ 0                                        
                   56 ┤■■■■■■■■■■■■■■■■■■■■■■■■■■■■■■■■■■■■■ 2   
                   57 ┤■■■■■■■■■■■■■■■■■■■ 1                     
                   58 ┤ 0                                        
                   59 ┤■■■■■■■■■■■■■■■■■■■ 1                     
                   60 ┤■■■■■■■■■■■■■■■■■■■ 1                     
                      └                                        ┘ 
                                     num of slices               
[ Info: slicing branch with sc: 36.0
[ Info: cc.sc: 36.0
region size: 10
tbl0_rows:26 filtered_rows:26
QIP_gurobi_bound: solver finished in 1.226 s (time_limit=100.0 s, status=OPTIMAL)
[ Info: slice 1, lp_score: 5398.0, primal_bound: 5398.0
QIP_gurobi_bound: solver finished in 1.33 s (time_limit=100.0 s, status=OPTIMAL)
[ Info: slice 2, lp_score: 5396.0, primal_bound: 5398.0
[ Info: new_scs: [35]
[ Info: lp_scores: [5398.0]
[ Info: lp_scores: 5398.0
[ Info: current num of unfinished slices: 14, finished slices: 17
                      ┌                                        ┐ 
                   35 ┤■■■■■■■■■■■■■■■■■■■ 1                     
                   36 ┤ 0                                        
                   37 ┤ 0                                        
                   38 ┤ 0                                        
                   39 ┤ 0                                        
                   40 ┤ 0                                        
                   41 ┤ 0                                        
                   42 ┤ 0                                        
                   43 ┤ 0                                        
                   44 ┤ 0                                        
                   45 ┤■■■■■■■■■■■■■■■■■■■ 1                     
                   46 ┤ 0                                        
   sc, target = 31 47 ┤ 0                                        
                   48 ┤ 0                                        
                   49 ┤■■■■■■■■■■■■■■■■■■■ 1                     
                   50 ┤■■■■■■■■■■■■■■■■■■■ 1                     
                   51 ┤ 0                                        
                   52 ┤■■■■■■■■■■■■■■■■■■■■■■■■■■■■■■■■■■■■■ 2   
                   53 ┤■■■■■■■■■■■■■■■■■■■ 1                     
                   54 ┤■■■■■■■■■■■■■■■■■■■■■■■■■■■■■■■■■■■■■ 2   
                   55 ┤ 0                                        
                   56 ┤■■■■■■■■■■■■■■■■■■■■■■■■■■■■■■■■■■■■■ 2   
                   57 ┤■■■■■■■■■■■■■■■■■■■ 1                     
                   58 ┤ 0                                        
                   59 ┤■■■■■■■■■■■■■■■■■■■ 1                     
                   60 ┤■■■■■■■■■■■■■■■■■■■ 1                     
                      └                                        ┘ 
                                     num of slices               
[ Info: slicing branch with sc: 35.0
[ Info: cc.sc: 35.0
region size: 10
tbl0_rows:20 filtered_rows:20
QIP_gurobi_bound: solver finished in 1.35 s (time_limit=100.0 s, status=OPTIMAL)
[ Info: slice 1, lp_score: 5396.0, primal_bound: 5398.0
QIP_gurobi_bound: solver finished in 4.753 s (time_limit=100.0 s, status=OPTIMAL)
[ Info: slice 2, lp_score: 5398.0, primal_bound: 5398.0
[ Info: new_scs: [34]
[ Info: lp_scores: [5398.0]
[ Info: lp_scores: 5398.0
[ Info: current num of unfinished slices: 14, finished slices: 17
                      ┌                                        ┐ 
                   34 ┤■■■■■■■■■■■■■■■■■■■ 1                     
                   35 ┤ 0                                        
                   36 ┤ 0                                        
                   37 ┤ 0                                        
                   38 ┤ 0                                        
                   39 ┤ 0                                        
                   40 ┤ 0                                        
                   41 ┤ 0                                        
                   42 ┤ 0                                        
                   43 ┤ 0                                        
                   44 ┤ 0                                        
                   45 ┤■■■■■■■■■■■■■■■■■■■ 1                     
                   46 ┤ 0                                        
   sc, target = 31 47 ┤ 0                                        
                   48 ┤ 0                                        
                   49 ┤■■■■■■■■■■■■■■■■■■■ 1                     
                   50 ┤■■■■■■■■■■■■■■■■■■■ 1                     
                   51 ┤ 0                                        
                   52 ┤■■■■■■■■■■■■■■■■■■■■■■■■■■■■■■■■■■■■■ 2   
                   53 ┤■■■■■■■■■■■■■■■■■■■ 1                     
                   54 ┤■■■■■■■■■■■■■■■■■■■■■■■■■■■■■■■■■■■■■ 2   
                   55 ┤ 0                                        
                   56 ┤■■■■■■■■■■■■■■■■■■■■■■■■■■■■■■■■■■■■■ 2   
                   57 ┤■■■■■■■■■■■■■■■■■■■ 1                     
                   58 ┤ 0                                        
                   59 ┤■■■■■■■■■■■■■■■■■■■ 1                     
                   60 ┤■■■■■■■■■■■■■■■■■■■ 1                     
                      └                                        ┘ 
                                     num of slices               
[ Info: slicing branch with sc: 34.0
[ Info: cc.sc: 34.0
region size: 10
tbl0_rows:53 filtered_rows:53
QIP_gurobi_bound: solver finished in 4.732 s (time_limit=100.0 s, status=OPTIMAL)
[ Info: slice 1, lp_score: 5398.0, primal_bound: 5398.0
QIP_gurobi_bound: solver finished in 1.201 s (time_limit=100.0 s, status=OPTIMAL)
[ Info: slice 2, lp_score: 5395.0, primal_bound: 5398.0
[ Info: new_scs: [34]
[ Info: lp_scores: [5398.0]
[ Info: lp_scores: 5398.0
[ Info: current num of unfinished slices: 14, finished slices: 17
                      ┌                                        ┐ 
                   34 ┤■■■■■■■■■■■■■■■■■■■ 1                     
                   35 ┤ 0                                        
                   36 ┤ 0                                        
                   37 ┤ 0                                        
                   38 ┤ 0                                        
                   39 ┤ 0                                        
                   40 ┤ 0                                        
                   41 ┤ 0                                        
                   42 ┤ 0                                        
                   43 ┤ 0                                        
                   44 ┤ 0                                        
                   45 ┤■■■■■■■■■■■■■■■■■■■ 1                     
                   46 ┤ 0                                        
   sc, target = 31 47 ┤ 0                                        
                   48 ┤ 0                                        
                   49 ┤■■■■■■■■■■■■■■■■■■■ 1                     
                   50 ┤■■■■■■■■■■■■■■■■■■■ 1                     
                   51 ┤ 0                                        
                   52 ┤■■■■■■■■■■■■■■■■■■■■■■■■■■■■■■■■■■■■■ 2   
                   53 ┤■■■■■■■■■■■■■■■■■■■ 1                     
                   54 ┤■■■■■■■■■■■■■■■■■■■■■■■■■■■■■■■■■■■■■ 2   
                   55 ┤ 0                                        
                   56 ┤■■■■■■■■■■■■■■■■■■■■■■■■■■■■■■■■■■■■■ 2   
                   57 ┤■■■■■■■■■■■■■■■■■■■ 1                     
                   58 ┤ 0                                        
                   59 ┤■■■■■■■■■■■■■■■■■■■ 1                     
                   60 ┤■■■■■■■■■■■■■■■■■■■ 1                     
                      └                                        ┘ 
                                     num of slices               
[ Info: slicing branch with sc: 34.0
[ Info: cc.sc: 34.0
region size: 10
tbl0_rows:21 filtered_rows:21
QIP_gurobi_bound: solver finished in 1.318 s (time_limit=100.0 s, status=OPTIMAL)
[ Info: slice 1, lp_score: 5398.0, primal_bound: 5398.0
[ Info: new_scs: [34]
[ Info: lp_scores: [5398.0]
[ Info: lp_scores: 5398.0
[ Info: current num of unfinished slices: 14, finished slices: 17
                      ┌                                        ┐ 
                   34 ┤■■■■■■■■■■■■■■■■■■■ 1                     
                   35 ┤ 0                                        
                   36 ┤ 0                                        
                   37 ┤ 0                                        
                   38 ┤ 0                                        
                   39 ┤ 0                                        
                   40 ┤ 0                                        
                   41 ┤ 0                                        
                   42 ┤ 0                                        
                   43 ┤ 0                                        
                   44 ┤ 0                                        
                   45 ┤■■■■■■■■■■■■■■■■■■■ 1                     
                   46 ┤ 0                                        
   sc, target = 31 47 ┤ 0                                        
                   48 ┤ 0                                        
                   49 ┤■■■■■■■■■■■■■■■■■■■ 1                     
                   50 ┤■■■■■■■■■■■■■■■■■■■ 1                     
                   51 ┤ 0                                        
                   52 ┤■■■■■■■■■■■■■■■■■■■■■■■■■■■■■■■■■■■■■ 2   
                   53 ┤■■■■■■■■■■■■■■■■■■■ 1                     
                   54 ┤■■■■■■■■■■■■■■■■■■■■■■■■■■■■■■■■■■■■■ 2   
                   55 ┤ 0                                        
                   56 ┤■■■■■■■■■■■■■■■■■■■■■■■■■■■■■■■■■■■■■ 2   
                   57 ┤■■■■■■■■■■■■■■■■■■■ 1                     
                   58 ┤ 0                                        
                   59 ┤■■■■■■■■■■■■■■■■■■■ 1                     
                   60 ┤■■■■■■■■■■■■■■■■■■■ 1                     
                      └                                        ┘ 
                                     num of slices               
[ Info: slicing branch with sc: 34.0
[ Info: cc.sc: 34.0
region size: 10
tbl0_rows:26 filtered_rows:26
QIP_gurobi_bound: solver finished in 1.2 s (time_limit=100.0 s, status=OPTIMAL)
[ Info: slice 1, lp_score: 5395.0, primal_bound: 5398.0
QIP_gurobi_bound: solver finished in 1.241 s (time_limit=100.0 s, status=OPTIMAL)
[ Info: slice 2, lp_score: 5398.0, primal_bound: 5398.0
[ Info: new_scs: [33]
[ Info: lp_scores: [5398.0]
[ Info: lp_scores: 5398.0
[ Info: current num of unfinished slices: 14, finished slices: 17
                      ┌                                        ┐ 
                   33 ┤■■■■■■■■■■■■■■■■■■■ 1                     
                   34 ┤ 0                                        
                   35 ┤ 0                                        
                   36 ┤ 0                                        
                   37 ┤ 0                                        
                   38 ┤ 0                                        
                   39 ┤ 0                                        
                   40 ┤ 0                                        
                   41 ┤ 0                                        
                   42 ┤ 0                                        
                   43 ┤ 0                                        
                   44 ┤ 0                                        
                   45 ┤■■■■■■■■■■■■■■■■■■■ 1                     
   sc, target = 31 46 ┤ 0                                        
                   47 ┤ 0                                        
                   48 ┤ 0                                        
                   49 ┤■■■■■■■■■■■■■■■■■■■ 1                     
                   50 ┤■■■■■■■■■■■■■■■■■■■ 1                     
                   51 ┤ 0                                        
                   52 ┤■■■■■■■■■■■■■■■■■■■■■■■■■■■■■■■■■■■■■ 2   
                   53 ┤■■■■■■■■■■■■■■■■■■■ 1                     
                   54 ┤■■■■■■■■■■■■■■■■■■■■■■■■■■■■■■■■■■■■■ 2   
                   55 ┤ 0                                        
                   56 ┤■■■■■■■■■■■■■■■■■■■■■■■■■■■■■■■■■■■■■ 2   
                   57 ┤■■■■■■■■■■■■■■■■■■■ 1                     
                   58 ┤ 0                                        
                   59 ┤■■■■■■■■■■■■■■■■■■■ 1                     
                   60 ┤■■■■■■■■■■■■■■■■■■■ 1                     
                      └                                        ┘ 
                                     num of slices               
[ Info: slicing branch with sc: 33.0
[ Info: cc.sc: 33.0
region size: 10
tbl0_rows:54 filtered_rows:54
QIP_gurobi_bound: solver finished in 1.139 s (time_limit=100.0 s, status=OPTIMAL)
[ Info: slice 1, lp_score: 5398.0, primal_bound: 5398.0
QIP_gurobi_bound: solver finished in 1.143 s (time_limit=100.0 s, status=OPTIMAL)
[ Info: slice 2, lp_score: 5398.0, primal_bound: 5398.0
[ Info: new_scs: [33, 33]
[ Info: lp_scores: [5398.0, 5398.0]
[ Info: lp_scores: 5398.0
[ Info: lp_scores: 5398.0
[ Info: current num of unfinished slices: 15, finished slices: 17
                      ┌                                        ┐ 
                   33 ┤■■■■■■■■■■■■■■■■■■■■■■■■■■■■■■■■■■■■■ 2   
                   34 ┤ 0                                        
                   35 ┤ 0                                        
                   36 ┤ 0                                        
                   37 ┤ 0                                        
                   38 ┤ 0                                        
                   39 ┤ 0                                        
                   40 ┤ 0                                        
                   41 ┤ 0                                        
                   42 ┤ 0                                        
                   43 ┤ 0                                        
                   44 ┤ 0                                        
                   45 ┤■■■■■■■■■■■■■■■■■■■ 1                     
   sc, target = 31 46 ┤ 0                                        
                   47 ┤ 0                                        
                   48 ┤ 0                                        
                   49 ┤■■■■■■■■■■■■■■■■■■■ 1                     
                   50 ┤■■■■■■■■■■■■■■■■■■■ 1                     
                   51 ┤ 0                                        
                   52 ┤■■■■■■■■■■■■■■■■■■■■■■■■■■■■■■■■■■■■■ 2   
                   53 ┤■■■■■■■■■■■■■■■■■■■ 1                     
                   54 ┤■■■■■■■■■■■■■■■■■■■■■■■■■■■■■■■■■■■■■ 2   
                   55 ┤ 0                                        
                   56 ┤■■■■■■■■■■■■■■■■■■■■■■■■■■■■■■■■■■■■■ 2   
                   57 ┤■■■■■■■■■■■■■■■■■■■ 1                     
                   58 ┤ 0                                        
                   59 ┤■■■■■■■■■■■■■■■■■■■ 1                     
                   60 ┤■■■■■■■■■■■■■■■■■■■ 1                     
                      └                                        ┘ 
                                     num of slices               
[ Info: slicing branch with sc: 33.0
[ Info: cc.sc: 33.0
region size: 10
tbl0_rows:8 filtered_rows:8
QIP_gurobi_bound: solver finished in 1.16 s (time_limit=100.0 s, status=OPTIMAL)
[ Info: slice 1, lp_score: 5398.0, primal_bound: 5398.0
[ Info: new_scs: [33]
[ Info: lp_scores: [5398.0]
[ Info: lp_scores: 5398.0
[ Info: current num of unfinished slices: 15, finished slices: 17
                      ┌                                        ┐ 
                   33 ┤■■■■■■■■■■■■■■■■■■■■■■■■■■■■■■■■■■■■■ 2   
                   34 ┤ 0                                        
                   35 ┤ 0                                        
                   36 ┤ 0                                        
                   37 ┤ 0                                        
                   38 ┤ 0                                        
                   39 ┤ 0                                        
                   40 ┤ 0                                        
                   41 ┤ 0                                        
                   42 ┤ 0                                        
                   43 ┤ 0                                        
                   44 ┤ 0                                        
                   45 ┤■■■■■■■■■■■■■■■■■■■ 1                     
   sc, target = 31 46 ┤ 0                                        
                   47 ┤ 0                                        
                   48 ┤ 0                                        
                   49 ┤■■■■■■■■■■■■■■■■■■■ 1                     
                   50 ┤■■■■■■■■■■■■■■■■■■■ 1                     
                   51 ┤ 0                                        
                   52 ┤■■■■■■■■■■■■■■■■■■■■■■■■■■■■■■■■■■■■■ 2   
                   53 ┤■■■■■■■■■■■■■■■■■■■ 1                     
                   54 ┤■■■■■■■■■■■■■■■■■■■■■■■■■■■■■■■■■■■■■ 2   
                   55 ┤ 0                                        
                   56 ┤■■■■■■■■■■■■■■■■■■■■■■■■■■■■■■■■■■■■■ 2   
                   57 ┤■■■■■■■■■■■■■■■■■■■ 1                     
                   58 ┤ 0                                        
                   59 ┤■■■■■■■■■■■■■■■■■■■ 1                     
                   60 ┤■■■■■■■■■■■■■■■■■■■ 1                     
                      └                                        ┘ 
                                     num of slices               
[ Info: slicing branch with sc: 33.0
[ Info: cc.sc: 33.0
region size: 10
tbl0_rows:12 filtered_rows:12
QIP_gurobi_bound: solver finished in 4.65 s (time_limit=100.0 s, status=OPTIMAL)
[ Info: slice 1, lp_score: 5395.0, primal_bound: 5398.0
QIP_gurobi_bound: solver finished in 1.17 s (time_limit=100.0 s, status=OPTIMAL)
[ Info: slice 2, lp_score: 5398.0, primal_bound: 5398.0
[ Info: new_scs: [33]
[ Info: lp_scores: [5398.0]
[ Info: lp_scores: 5398.0
[ Info: current num of unfinished slices: 15, finished slices: 17
                      ┌                                        ┐ 
                   33 ┤■■■■■■■■■■■■■■■■■■■■■■■■■■■■■■■■■■■■■ 2   
                   34 ┤ 0                                        
                   35 ┤ 0                                        
                   36 ┤ 0                                        
                   37 ┤ 0                                        
                   38 ┤ 0                                        
                   39 ┤ 0                                        
                   40 ┤ 0                                        
                   41 ┤ 0                                        
                   42 ┤ 0                                        
                   43 ┤ 0                                        
                   44 ┤ 0                                        
                   45 ┤■■■■■■■■■■■■■■■■■■■ 1                     
   sc, target = 31 46 ┤ 0                                        
                   47 ┤ 0                                        
                   48 ┤ 0                                        
                   49 ┤■■■■■■■■■■■■■■■■■■■ 1                     
                   50 ┤■■■■■■■■■■■■■■■■■■■ 1                     
                   51 ┤ 0                                        
                   52 ┤■■■■■■■■■■■■■■■■■■■■■■■■■■■■■■■■■■■■■ 2   
                   53 ┤■■■■■■■■■■■■■■■■■■■ 1                     
                   54 ┤■■■■■■■■■■■■■■■■■■■■■■■■■■■■■■■■■■■■■ 2   
                   55 ┤ 0                                        
                   56 ┤■■■■■■■■■■■■■■■■■■■■■■■■■■■■■■■■■■■■■ 2   
                   57 ┤■■■■■■■■■■■■■■■■■■■ 1                     
                   58 ┤ 0                                        
                   59 ┤■■■■■■■■■■■■■■■■■■■ 1                     
                   60 ┤■■■■■■■■■■■■■■■■■■■ 1                     
                      └                                        ┘ 
                                     num of slices               
[ Info: slicing branch with sc: 33.0
[ Info: cc.sc: 33.0
region size: 10
tbl0_rows:81 filtered_rows:81
QIP_gurobi_bound: solver finished in 1.192 s (time_limit=100.0 s, status=OPTIMAL)
[ Info: slice 1, lp_score: 5395.0, primal_bound: 5398.0
QIP_gurobi_bound: solver finished in 1.201 s (time_limit=100.0 s, status=OPTIMAL)
[ Info: slice 2, lp_score: 5390.0, primal_bound: 5398.0
QIP_gurobi_bound: solver finished in 1.218 s (time_limit=100.0 s, status=OPTIMAL)
[ Info: slice 3, lp_score: 5393.0, primal_bound: 5398.0
QIP_gurobi_bound: solver finished in 1.161 s (time_limit=100.0 s, status=OPTIMAL)
[ Info: slice 4, lp_score: 5398.0, primal_bound: 5398.0
[ Info: new_scs: [31]
[ Info: lp_scores: [5398.0]
[ Info: lp_scores: 5398.0
[ Info: current num of unfinished slices: 15, finished slices: 17
                      ┌                                        ┐ 
                   31 ┤■■■■■■■■■■■■■■■■■■■ 1                     
                   32 ┤ 0                                        
                   33 ┤■■■■■■■■■■■■■■■■■■■ 1                     
                   34 ┤ 0                                        
                   35 ┤ 0                                        
                   36 ┤ 0                                        
                   37 ┤ 0                                        
                   38 ┤ 0                                        
                   39 ┤ 0                                        
                   40 ┤ 0                                        
                   41 ┤ 0                                        
                   42 ┤ 0                                        
                   43 ┤ 0                                        
                   44 ┤ 0                                        
   sc, target = 31 45 ┤■■■■■■■■■■■■■■■■■■■ 1                     
                   46 ┤ 0                                        
                   47 ┤ 0                                        
                   48 ┤ 0                                        
                   49 ┤■■■■■■■■■■■■■■■■■■■ 1                     
                   50 ┤■■■■■■■■■■■■■■■■■■■ 1                     
                   51 ┤ 0                                        
                   52 ┤■■■■■■■■■■■■■■■■■■■■■■■■■■■■■■■■■■■■■ 2   
                   53 ┤■■■■■■■■■■■■■■■■■■■ 1                     
                   54 ┤■■■■■■■■■■■■■■■■■■■■■■■■■■■■■■■■■■■■■ 2   
                   55 ┤ 0                                        
                   56 ┤■■■■■■■■■■■■■■■■■■■■■■■■■■■■■■■■■■■■■ 2   
                   57 ┤■■■■■■■■■■■■■■■■■■■ 1                     
                   58 ┤ 0                                        
                   59 ┤■■■■■■■■■■■■■■■■■■■ 1                     
                   60 ┤■■■■■■■■■■■■■■■■■■■ 1                     
                      └                                        ┘ 
                                     num of slices               
[ Info: slicing branch with sc: 31.0
  [slice produced] sc=31.0 tc=44.707255353700155 nv=3545 ne=6909 r=46.5
QIP_value_gurobi: solver finished in 1.179 s (time_limit=604800.0 s, status=OPTIMAL)
[ Info: feasible solution: 5398.0, primal bound: 5398.0
[ Info: current num of unfinished slices: 14, finished slices: 18
                      ┌                                        ┐ 
                   33 ┤■■■■■■■■■■■■■■■■■■■ 1                     
                   34 ┤ 0                                        
                   35 ┤ 0                                        
                   36 ┤ 0                                        
                   37 ┤ 0                                        
                   38 ┤ 0                                        
                   39 ┤ 0                                        
                   40 ┤ 0                                        
                   41 ┤ 0                                        
                   42 ┤ 0                                        
                   43 ┤ 0                                        
                   44 ┤ 0                                        
                   45 ┤■■■■■■■■■■■■■■■■■■■ 1                     
   sc, target = 31 46 ┤ 0                                        
                   47 ┤ 0                                        
                   48 ┤ 0                                        
                   49 ┤■■■■■■■■■■■■■■■■■■■ 1                     
                   50 ┤■■■■■■■■■■■■■■■■■■■ 1                     
                   51 ┤ 0                                        
                   52 ┤■■■■■■■■■■■■■■■■■■■■■■■■■■■■■■■■■■■■■ 2   
                   53 ┤■■■■■■■■■■■■■■■■■■■ 1                     
                   54 ┤■■■■■■■■■■■■■■■■■■■■■■■■■■■■■■■■■■■■■ 2   
                   55 ┤ 0                                        
                   56 ┤■■■■■■■■■■■■■■■■■■■■■■■■■■■■■■■■■■■■■ 2   
                   57 ┤■■■■■■■■■■■■■■■■■■■ 1                     
                   58 ┤ 0                                        
                   59 ┤■■■■■■■■■■■■■■■■■■■ 1                     
                   60 ┤■■■■■■■■■■■■■■■■■■■ 1                     
                      └                                        ┘ 
                                     num of slices               
[ Info: slicing branch with sc: 33.0
[ Info: cc.sc: 33.0
region size: 10
tbl0_rows:84 filtered_rows:84
QIP_gurobi_bound: solver finished in 1.28 s (time_limit=100.0 s, status=OPTIMAL)
[ Info: slice 1, lp_score: 5397.0, primal_bound: 5398.0
QIP_gurobi_bound: solver finished in 1.301 s (time_limit=100.0 s, status=OPTIMAL)
[ Info: slice 2, lp_score: 5398.0, primal_bound: 5398.0
[ Info: new_scs: [32]
[ Info: lp_scores: [5398.0]
[ Info: lp_scores: 5398.0
[ Info: current num of unfinished slices: 14, finished slices: 18
                      ┌                                        ┐ 
                   32 ┤■■■■■■■■■■■■■■■■■■■ 1                     
                   33 ┤ 0                                        
                   34 ┤ 0                                        
                   35 ┤ 0                                        
                   36 ┤ 0                                        
                   37 ┤ 0                                        
                   38 ┤ 0                                        
                   39 ┤ 0                                        
                   40 ┤ 0                                        
                   41 ┤ 0                                        
                   42 ┤ 0                                        
                   43 ┤ 0                                        
                   44 ┤ 0                                        
                   45 ┤■■■■■■■■■■■■■■■■■■■ 1                     
   sc, target = 31 46 ┤ 0                                        
                   47 ┤ 0                                        
                   48 ┤ 0                                        
                   49 ┤■■■■■■■■■■■■■■■■■■■ 1                     
                   50 ┤■■■■■■■■■■■■■■■■■■■ 1                     
                   51 ┤ 0                                        
                   52 ┤■■■■■■■■■■■■■■■■■■■■■■■■■■■■■■■■■■■■■ 2   
                   53 ┤■■■■■■■■■■■■■■■■■■■ 1                     
                   54 ┤■■■■■■■■■■■■■■■■■■■■■■■■■■■■■■■■■■■■■ 2   
                   55 ┤ 0                                        
                   56 ┤■■■■■■■■■■■■■■■■■■■■■■■■■■■■■■■■■■■■■ 2   
                   57 ┤■■■■■■■■■■■■■■■■■■■ 1                     
                   58 ┤ 0                                        
                   59 ┤■■■■■■■■■■■■■■■■■■■ 1                     
                   60 ┤■■■■■■■■■■■■■■■■■■■ 1                     
                      └                                        ┘ 
                                     num of slices               
[ Info: slicing branch with sc: 32.0
[ Info: cc.sc: 32.0
region size: 10
tbl0_rows:70 filtered_rows:70
QIP_gurobi_bound: solver finished in 1.245 s (time_limit=100.0 s, status=OPTIMAL)
[ Info: slice 1, lp_score: 5393.0, primal_bound: 5398.0
QIP_gurobi_bound: solver finished in 1.305 s (time_limit=100.0 s, status=OPTIMAL)
[ Info: slice 2, lp_score: 5398.0, primal_bound: 5398.0
[ Info: new_scs: [32]
[ Info: lp_scores: [5398.0]
[ Info: lp_scores: 5398.0
[ Info: current num of unfinished slices: 14, finished slices: 18
                      ┌                                        ┐ 
                   32 ┤■■■■■■■■■■■■■■■■■■■ 1                     
                   33 ┤ 0                                        
                   34 ┤ 0                                        
                   35 ┤ 0                                        
                   36 ┤ 0                                        
                   37 ┤ 0                                        
                   38 ┤ 0                                        
                   39 ┤ 0                                        
                   40 ┤ 0                                        
                   41 ┤ 0                                        
                   42 ┤ 0                                        
                   43 ┤ 0                                        
                   44 ┤ 0                                        
                   45 ┤■■■■■■■■■■■■■■■■■■■ 1                     
   sc, target = 31 46 ┤ 0                                        
                   47 ┤ 0                                        
                   48 ┤ 0                                        
                   49 ┤■■■■■■■■■■■■■■■■■■■ 1                     
                   50 ┤■■■■■■■■■■■■■■■■■■■ 1                     
                   51 ┤ 0                                        
                   52 ┤■■■■■■■■■■■■■■■■■■■■■■■■■■■■■■■■■■■■■ 2   
                   53 ┤■■■■■■■■■■■■■■■■■■■ 1                     
                   54 ┤■■■■■■■■■■■■■■■■■■■■■■■■■■■■■■■■■■■■■ 2   
                   55 ┤ 0                                        
                   56 ┤■■■■■■■■■■■■■■■■■■■■■■■■■■■■■■■■■■■■■ 2   
                   57 ┤■■■■■■■■■■■■■■■■■■■ 1                     
                   58 ┤ 0                                        
                   59 ┤■■■■■■■■■■■■■■■■■■■ 1                     
                   60 ┤■■■■■■■■■■■■■■■■■■■ 1                     
                      └                                        ┘ 
                                     num of slices               
[ Info: slicing branch with sc: 32.0
[ Info: cc.sc: 32.0
region size: 10
tbl0_rows:8 filtered_rows:8
QIP_gurobi_bound: solver finished in 1.155 s (time_limit=100.0 s, status=OPTIMAL)
[ Info: slice 1, lp_score: 5398.0, primal_bound: 5398.0
[ Info: new_scs: [32]
[ Info: lp_scores: [5398.0]
[ Info: lp_scores: 5398.0
[ Info: current num of unfinished slices: 14, finished slices: 18
                      ┌                                        ┐ 
                   32 ┤■■■■■■■■■■■■■■■■■■■ 1                     
                   33 ┤ 0                                        
                   34 ┤ 0                                        
                   35 ┤ 0                                        
                   36 ┤ 0                                        
                   37 ┤ 0                                        
                   38 ┤ 0                                        
                   39 ┤ 0                                        
                   40 ┤ 0                                        
                   41 ┤ 0                                        
                   42 ┤ 0                                        
                   43 ┤ 0                                        
                   44 ┤ 0                                        
                   45 ┤■■■■■■■■■■■■■■■■■■■ 1                     
   sc, target = 31 46 ┤ 0                                        
                   47 ┤ 0                                        
                   48 ┤ 0                                        
                   49 ┤■■■■■■■■■■■■■■■■■■■ 1                     
                   50 ┤■■■■■■■■■■■■■■■■■■■ 1                     
                   51 ┤ 0                                        
                   52 ┤■■■■■■■■■■■■■■■■■■■■■■■■■■■■■■■■■■■■■ 2   
                   53 ┤■■■■■■■■■■■■■■■■■■■ 1                     
                   54 ┤■■■■■■■■■■■■■■■■■■■■■■■■■■■■■■■■■■■■■ 2   
                   55 ┤ 0                                        
                   56 ┤■■■■■■■■■■■■■■■■■■■■■■■■■■■■■■■■■■■■■ 2   
                   57 ┤■■■■■■■■■■■■■■■■■■■ 1                     
                   58 ┤ 0                                        
                   59 ┤■■■■■■■■■■■■■■■■■■■ 1                     
                   60 ┤■■■■■■■■■■■■■■■■■■■ 1                     
                      └                                        ┘ 
                                     num of slices               
[ Info: slicing branch with sc: 32.0
[ Info: cc.sc: 32.0
region size: 10
tbl0_rows:26 filtered_rows:26
QIP_gurobi_bound: solver finished in 1.128 s (time_limit=100.0 s, status=OPTIMAL)
[ Info: slice 1, lp_score: 5398.0, primal_bound: 5398.0
QIP_gurobi_bound: solver finished in 1.173 s (time_limit=100.0 s, status=OPTIMAL)
[ Info: slice 2, lp_score: 5386.0, primal_bound: 5398.0
[ Info: new_scs: [31]
[ Info: lp_scores: [5398.0]
[ Info: lp_scores: 5398.0
[ Info: current num of unfinished slices: 14, finished slices: 18
                      ┌                                        ┐ 
                   31 ┤■■■■■■■■■■■■■■■■■■■ 1                     
                   32 ┤ 0                                        
                   33 ┤ 0                                        
                   34 ┤ 0                                        
                   35 ┤ 0                                        
                   36 ┤ 0                                        
                   37 ┤ 0                                        
                   38 ┤ 0                                        
                   39 ┤ 0                                        
                   40 ┤ 0                                        
                   41 ┤ 0                                        
                   42 ┤ 0                                        
                   43 ┤ 0                                        
                   44 ┤ 0                                        
   sc, target = 31 45 ┤■■■■■■■■■■■■■■■■■■■ 1                     
                   46 ┤ 0                                        
                   47 ┤ 0                                        
                   48 ┤ 0                                        
                   49 ┤■■■■■■■■■■■■■■■■■■■ 1                     
                   50 ┤■■■■■■■■■■■■■■■■■■■ 1                     
                   51 ┤ 0                                        
                   52 ┤■■■■■■■■■■■■■■■■■■■■■■■■■■■■■■■■■■■■■ 2   
                   53 ┤■■■■■■■■■■■■■■■■■■■ 1                     
                   54 ┤■■■■■■■■■■■■■■■■■■■■■■■■■■■■■■■■■■■■■ 2   
                   55 ┤ 0                                        
                   56 ┤■■■■■■■■■■■■■■■■■■■■■■■■■■■■■■■■■■■■■ 2   
                   57 ┤■■■■■■■■■■■■■■■■■■■ 1                     
                   58 ┤ 0                                        
                   59 ┤■■■■■■■■■■■■■■■■■■■ 1                     
                   60 ┤■■■■■■■■■■■■■■■■■■■ 1                     
                      └                                        ┘ 
                                     num of slices               
[ Info: slicing branch with sc: 31.0
  [slice produced] sc=31.0 tc=44.1419784746417 nv=3552 ne=6923 r=35.0
QIP_value_gurobi: solver finished in 1.117 s (time_limit=604800.0 s, status=OPTIMAL)
[ Info: feasible solution: 5398.0, primal bound: 5398.0
[ Info: current num of unfinished slices: 13, finished slices: 19
                      ┌                                        ┐ 
                   45 ┤■■■■■■■■■■■■■■■■■■■ 1                     
                   46 ┤ 0                                        
                   47 ┤ 0                                        
                   48 ┤ 0                                        
                   49 ┤■■■■■■■■■■■■■■■■■■■ 1                     
                   50 ┤■■■■■■■■■■■■■■■■■■■ 1                     
                   51 ┤ 0                                        
   sc, target = 31 52 ┤■■■■■■■■■■■■■■■■■■■■■■■■■■■■■■■■■■■■■ 2   
                   53 ┤■■■■■■■■■■■■■■■■■■■ 1                     
                   54 ┤■■■■■■■■■■■■■■■■■■■■■■■■■■■■■■■■■■■■■ 2   
                   55 ┤ 0                                        
                   56 ┤■■■■■■■■■■■■■■■■■■■■■■■■■■■■■■■■■■■■■ 2   
                   57 ┤■■■■■■■■■■■■■■■■■■■ 1                     
                   58 ┤ 0                                        
                   59 ┤■■■■■■■■■■■■■■■■■■■ 1                     
                   60 ┤■■■■■■■■■■■■■■■■■■■ 1                     
                      └                                        ┘ 
                                     num of slices               
[ Info: slicing branch with sc: 45.0
[ Info: cc.sc: 45.0
region size: 10
tbl0_rows:59 filtered_rows:59
QIP_gurobi_bound: solver finished in 1.308 s (time_limit=100.0 s, status=OPTIMAL)
[ Info: slice 1, lp_score: 5398.0, primal_bound: 5398.0
QIP_gurobi_bound: solver finished in 1.394 s (time_limit=100.0 s, status=OPTIMAL)
[ Info: slice 2, lp_score: 5396.0, primal_bound: 5398.0
[ Info: new_scs: [45]
[ Info: lp_scores: [5398.0]
[ Info: lp_scores: 5398.0
[ Info: current num of unfinished slices: 13, finished slices: 19
                      ┌                                        ┐ 
                   45 ┤■■■■■■■■■■■■■■■■■■■ 1                     
                   46 ┤ 0                                        
                   47 ┤ 0                                        
                   48 ┤ 0                                        
                   49 ┤■■■■■■■■■■■■■■■■■■■ 1                     
                   50 ┤■■■■■■■■■■■■■■■■■■■ 1                     
                   51 ┤ 0                                        
   sc, target = 31 52 ┤■■■■■■■■■■■■■■■■■■■■■■■■■■■■■■■■■■■■■ 2   
                   53 ┤■■■■■■■■■■■■■■■■■■■ 1                     
                   54 ┤■■■■■■■■■■■■■■■■■■■■■■■■■■■■■■■■■■■■■ 2   
                   55 ┤ 0                                        
                   56 ┤■■■■■■■■■■■■■■■■■■■■■■■■■■■■■■■■■■■■■ 2   
                   57 ┤■■■■■■■■■■■■■■■■■■■ 1                     
                   58 ┤ 0                                        
                   59 ┤■■■■■■■■■■■■■■■■■■■ 1                     
                   60 ┤■■■■■■■■■■■■■■■■■■■ 1                     
                      └                                        ┘ 
                                     num of slices               
[ Info: slicing branch with sc: 45.0
[ Info: cc.sc: 45.0
region size: 10
tbl0_rows:51 filtered_rows:51
QIP_gurobi_bound: solver finished in 1.373 s (time_limit=100.0 s, status=OPTIMAL)
[ Info: slice 1, lp_score: 5398.0, primal_bound: 5398.0
QIP_gurobi_bound: solver finished in 1.203 s (time_limit=100.0 s, status=OPTIMAL)
[ Info: slice 2, lp_score: 5398.0, primal_bound: 5398.0
[ Info: new_scs: [44, 44]
[ Info: lp_scores: [5398.0, 5398.0]
[ Info: lp_scores: 5398.0
[ Info: lp_scores: 5398.0
[ Info: current num of unfinished slices: 14, finished slices: 19
                      ┌                                        ┐ 
                   44 ┤■■■■■■■■■■■■■■■■■■■■■■■■■■■■■■■■■■■■■ 2   
                   45 ┤ 0                                        
                   46 ┤ 0                                        
                   47 ┤ 0                                        
                   48 ┤ 0                                        
                   49 ┤■■■■■■■■■■■■■■■■■■■ 1                     
                   50 ┤■■■■■■■■■■■■■■■■■■■ 1                     
                   51 ┤ 0                                        
   sc, target = 31 52 ┤■■■■■■■■■■■■■■■■■■■■■■■■■■■■■■■■■■■■■ 2   
                   53 ┤■■■■■■■■■■■■■■■■■■■ 1                     
                   54 ┤■■■■■■■■■■■■■■■■■■■■■■■■■■■■■■■■■■■■■ 2   
                   55 ┤ 0                                        
                   56 ┤■■■■■■■■■■■■■■■■■■■■■■■■■■■■■■■■■■■■■ 2   
                   57 ┤■■■■■■■■■■■■■■■■■■■ 1                     
                   58 ┤ 0                                        
                   59 ┤■■■■■■■■■■■■■■■■■■■ 1                     
                   60 ┤■■■■■■■■■■■■■■■■■■■ 1                     
                      └                                        ┘ 
                                     num of slices               
[ Info: slicing branch with sc: 44.0
[ Info: cc.sc: 44.0
region size: 10
tbl0_rows:58 filtered_rows:58
QIP_gurobi_bound: solver finished in 1.345 s (time_limit=100.0 s, status=OPTIMAL)
[ Info: slice 1, lp_score: 5397.0, primal_bound: 5398.0
QIP_gurobi_bound: solver finished in 5.156 s (time_limit=100.0 s, status=OPTIMAL)
[ Info: slice 2, lp_score: 5398.0, primal_bound: 5398.0
[ Info: new_scs: [44]
[ Info: lp_scores: [5398.0]
[ Info: lp_scores: 5398.0
[ Info: current num of unfinished slices: 14, finished slices: 19
                      ┌                                        ┐ 
                   44 ┤■■■■■■■■■■■■■■■■■■■■■■■■■■■■■■■■■■■■■ 2   
                   45 ┤ 0                                        
                   46 ┤ 0                                        
                   47 ┤ 0                                        
                   48 ┤ 0                                        
                   49 ┤■■■■■■■■■■■■■■■■■■■ 1                     
                   50 ┤■■■■■■■■■■■■■■■■■■■ 1                     
                   51 ┤ 0                                        
   sc, target = 31 52 ┤■■■■■■■■■■■■■■■■■■■■■■■■■■■■■■■■■■■■■ 2   
                   53 ┤■■■■■■■■■■■■■■■■■■■ 1                     
                   54 ┤■■■■■■■■■■■■■■■■■■■■■■■■■■■■■■■■■■■■■ 2   
                   55 ┤ 0                                        
                   56 ┤■■■■■■■■■■■■■■■■■■■■■■■■■■■■■■■■■■■■■ 2   
                   57 ┤■■■■■■■■■■■■■■■■■■■ 1                     
                   58 ┤ 0                                        
                   59 ┤■■■■■■■■■■■■■■■■■■■ 1                     
                   60 ┤■■■■■■■■■■■■■■■■■■■ 1                     
                      └                                        ┘ 
                                     num of slices               
[ Info: slicing branch with sc: 44.0
[ Info: cc.sc: 44.0
region size: 10
tbl0_rows:50 filtered_rows:50
QIP_gurobi_bound: solver finished in 5.102 s (time_limit=100.0 s, status=OPTIMAL)
[ Info: slice 1, lp_score: 5398.0, primal_bound: 5398.0
QIP_gurobi_bound: solver finished in 1.361 s (time_limit=100.0 s, status=OPTIMAL)
[ Info: slice 2, lp_score: 5397.0, primal_bound: 5398.0
[ Info: new_scs: [43]
[ Info: lp_scores: [5398.0]
[ Info: lp_scores: 5398.0
[ Info: current num of unfinished slices: 14, finished slices: 19
                      ┌                                        ┐ 
                   43 ┤■■■■■■■■■■■■■■■■■■■ 1                     
                   44 ┤■■■■■■■■■■■■■■■■■■■ 1                     
                   45 ┤ 0                                        
                   46 ┤ 0                                        
                   47 ┤ 0                                        
                   48 ┤ 0                                        
                   49 ┤■■■■■■■■■■■■■■■■■■■ 1                     
                   50 ┤■■■■■■■■■■■■■■■■■■■ 1                     
   sc, target = 31 51 ┤ 0                                        
                   52 ┤■■■■■■■■■■■■■■■■■■■■■■■■■■■■■■■■■■■■■ 2   
                   53 ┤■■■■■■■■■■■■■■■■■■■ 1                     
                   54 ┤■■■■■■■■■■■■■■■■■■■■■■■■■■■■■■■■■■■■■ 2   
                   55 ┤ 0                                        
                   56 ┤■■■■■■■■■■■■■■■■■■■■■■■■■■■■■■■■■■■■■ 2   
                   57 ┤■■■■■■■■■■■■■■■■■■■ 1                     
                   58 ┤ 0                                        
                   59 ┤■■■■■■■■■■■■■■■■■■■ 1                     
                   60 ┤■■■■■■■■■■■■■■■■■■■ 1                     
                      └                                        ┘ 
                                     num of slices               
[ Info: slicing branch with sc: 43.0
[ Info: cc.sc: 43.0
region size: 10
tbl0_rows:56 filtered_rows:56
QIP_gurobi_bound: solver finished in 1.273 s (time_limit=100.0 s, status=OPTIMAL)
[ Info: slice 1, lp_score: 5398.0, primal_bound: 5398.0
QIP_gurobi_bound: solver finished in 1.219 s (time_limit=100.0 s, status=OPTIMAL)
[ Info: slice 2, lp_score: 5397.0, primal_bound: 5398.0
[ Info: new_scs: [42]
[ Info: lp_scores: [5398.0]
[ Info: lp_scores: 5398.0
[ Info: current num of unfinished slices: 14, finished slices: 19
                      ┌                                        ┐ 
                   42 ┤■■■■■■■■■■■■■■■■■■■ 1                     
                   43 ┤ 0                                        
                   44 ┤■■■■■■■■■■■■■■■■■■■ 1                     
                   45 ┤ 0                                        
                   46 ┤ 0                                        
                   47 ┤ 0                                        
                   48 ┤ 0                                        
                   49 ┤■■■■■■■■■■■■■■■■■■■ 1                     
                   50 ┤■■■■■■■■■■■■■■■■■■■ 1                     
   sc, target = 31 51 ┤ 0                                        
                   52 ┤■■■■■■■■■■■■■■■■■■■■■■■■■■■■■■■■■■■■■ 2   
                   53 ┤■■■■■■■■■■■■■■■■■■■ 1                     
                   54 ┤■■■■■■■■■■■■■■■■■■■■■■■■■■■■■■■■■■■■■ 2   
                   55 ┤ 0                                        
                   56 ┤■■■■■■■■■■■■■■■■■■■■■■■■■■■■■■■■■■■■■ 2   
                   57 ┤■■■■■■■■■■■■■■■■■■■ 1                     
                   58 ┤ 0                                        
                   59 ┤■■■■■■■■■■■■■■■■■■■ 1                     
                   60 ┤■■■■■■■■■■■■■■■■■■■ 1                     
                      └                                        ┘ 
                                     num of slices               
[ Info: slicing branch with sc: 42.0
[ Info: cc.sc: 42.0
region size: 10
tbl0_rows:38 filtered_rows:38
QIP_gurobi_bound: solver finished in 1.228 s (time_limit=100.0 s, status=OPTIMAL)
[ Info: slice 1, lp_score: 5398.0, primal_bound: 5398.0
QIP_gurobi_bound: solver finished in 4.221 s (time_limit=100.0 s, status=OPTIMAL)
[ Info: slice 2, lp_score: 5397.0, primal_bound: 5398.0
[ Info: new_scs: [39]
[ Info: lp_scores: [5398.0]
[ Info: lp_scores: 5398.0
[ Info: current num of unfinished slices: 14, finished slices: 19
                      ┌                                        ┐ 
                   39 ┤■■■■■■■■■■■■■■■■■■■ 1                     
                   40 ┤ 0                                        
                   41 ┤ 0                                        
                   42 ┤ 0                                        
                   43 ┤ 0                                        
                   44 ┤■■■■■■■■■■■■■■■■■■■ 1                     
                   45 ┤ 0                                        
                   46 ┤ 0                                        
                   47 ┤ 0                                        
                   48 ┤ 0                                        
   sc, target = 31 49 ┤■■■■■■■■■■■■■■■■■■■ 1                     
                   50 ┤■■■■■■■■■■■■■■■■■■■ 1                     
                   51 ┤ 0                                        
                   52 ┤■■■■■■■■■■■■■■■■■■■■■■■■■■■■■■■■■■■■■ 2   
                   53 ┤■■■■■■■■■■■■■■■■■■■ 1                     
                   54 ┤■■■■■■■■■■■■■■■■■■■■■■■■■■■■■■■■■■■■■ 2   
                   55 ┤ 0                                        
                   56 ┤■■■■■■■■■■■■■■■■■■■■■■■■■■■■■■■■■■■■■ 2   
                   57 ┤■■■■■■■■■■■■■■■■■■■ 1                     
                   58 ┤ 0                                        
                   59 ┤■■■■■■■■■■■■■■■■■■■ 1                     
                   60 ┤■■■■■■■■■■■■■■■■■■■ 1                     
                      └                                        ┘ 
                                     num of slices               
[ Info: slicing branch with sc: 39.0
[ Info: cc.sc: 39.0
region size: 10
tbl0_rows:39 filtered_rows:39
QIP_gurobi_bound: solver finished in 1.607 s (time_limit=100.0 s, status=OPTIMAL)
[ Info: slice 1, lp_score: 5394.0, primal_bound: 5398.0
QIP_gurobi_bound: solver finished in 1.093 s (time_limit=100.0 s, status=OPTIMAL)
[ Info: slice 2, lp_score: 5398.0, primal_bound: 5398.0
[ Info: new_scs: [38]
[ Info: lp_scores: [5398.0]
[ Info: lp_scores: 5398.0
[ Info: current num of unfinished slices: 14, finished slices: 19
                      ┌                                        ┐ 
                   38 ┤■■■■■■■■■■■■■■■■■■■ 1                     
                   39 ┤ 0                                        
                   40 ┤ 0                                        
                   41 ┤ 0                                        
                   42 ┤ 0                                        
                   43 ┤ 0                                        
                   44 ┤■■■■■■■■■■■■■■■■■■■ 1                     
                   45 ┤ 0                                        
                   46 ┤ 0                                        
                   47 ┤ 0                                        
                   48 ┤ 0                                        
   sc, target = 31 49 ┤■■■■■■■■■■■■■■■■■■■ 1                     
                   50 ┤■■■■■■■■■■■■■■■■■■■ 1                     
                   51 ┤ 0                                        
                   52 ┤■■■■■■■■■■■■■■■■■■■■■■■■■■■■■■■■■■■■■ 2   
                   53 ┤■■■■■■■■■■■■■■■■■■■ 1                     
                   54 ┤■■■■■■■■■■■■■■■■■■■■■■■■■■■■■■■■■■■■■ 2   
                   55 ┤ 0                                        
                   56 ┤■■■■■■■■■■■■■■■■■■■■■■■■■■■■■■■■■■■■■ 2   
                   57 ┤■■■■■■■■■■■■■■■■■■■ 1                     
                   58 ┤ 0                                        
                   59 ┤■■■■■■■■■■■■■■■■■■■ 1                     
                   60 ┤■■■■■■■■■■■■■■■■■■■ 1                     
                      └                                        ┘ 
                                     num of slices               
[ Info: slicing branch with sc: 38.0
[ Info: cc.sc: 38.0
region size: 10
tbl0_rows:24 filtered_rows:24
QIP_gurobi_bound: solver finished in 1.365 s (time_limit=100.0 s, status=OPTIMAL)
[ Info: slice 1, lp_score: 5398.0, primal_bound: 5398.0
[ Info: new_scs: [37]
[ Info: lp_scores: [5398.0]
[ Info: lp_scores: 5398.0
[ Info: current num of unfinished slices: 14, finished slices: 19
                      ┌                                        ┐ 
                   37 ┤■■■■■■■■■■■■■■■■■■■ 1                     
                   38 ┤ 0                                        
                   39 ┤ 0                                        
                   40 ┤ 0                                        
                   41 ┤ 0                                        
                   42 ┤ 0                                        
                   43 ┤ 0                                        
                   44 ┤■■■■■■■■■■■■■■■■■■■ 1                     
                   45 ┤ 0                                        
                   46 ┤ 0                                        
                   47 ┤ 0                                        
   sc, target = 31 48 ┤ 0                                        
                   49 ┤■■■■■■■■■■■■■■■■■■■ 1                     
                   50 ┤■■■■■■■■■■■■■■■■■■■ 1                     
                   51 ┤ 0                                        
                   52 ┤■■■■■■■■■■■■■■■■■■■■■■■■■■■■■■■■■■■■■ 2   
                   53 ┤■■■■■■■■■■■■■■■■■■■ 1                     
                   54 ┤■■■■■■■■■■■■■■■■■■■■■■■■■■■■■■■■■■■■■ 2   
                   55 ┤ 0                                        
                   56 ┤■■■■■■■■■■■■■■■■■■■■■■■■■■■■■■■■■■■■■ 2   
                   57 ┤■■■■■■■■■■■■■■■■■■■ 1                     
                   58 ┤ 0                                        
                   59 ┤■■■■■■■■■■■■■■■■■■■ 1                     
                   60 ┤■■■■■■■■■■■■■■■■■■■ 1                     
                      └                                        ┘ 
                                     num of slices               
[ Info: slicing branch with sc: 37.0
[ Info: cc.sc: 37.0
region size: 10
tbl0_rows:47 filtered_rows:47
QIP_gurobi_bound: solver finished in 1.278 s (time_limit=100.0 s, status=OPTIMAL)
[ Info: slice 1, lp_score: 5396.0, primal_bound: 5398.0
QIP_gurobi_bound: solver finished in 1.201 s (time_limit=100.0 s, status=OPTIMAL)
[ Info: slice 2, lp_score: 5398.0, primal_bound: 5398.0
[ Info: new_scs: [36]
[ Info: lp_scores: [5398.0]
[ Info: lp_scores: 5398.0
[ Info: current num of unfinished slices: 14, finished slices: 19
                      ┌                                        ┐ 
                   36 ┤■■■■■■■■■■■■■■■■■■■ 1                     
                   37 ┤ 0                                        
                   38 ┤ 0                                        
                   39 ┤ 0                                        
                   40 ┤ 0                                        
                   41 ┤ 0                                        
                   42 ┤ 0                                        
                   43 ┤ 0                                        
                   44 ┤■■■■■■■■■■■■■■■■■■■ 1                     
                   45 ┤ 0                                        
                   46 ┤ 0                                        
                   47 ┤ 0                                        
   sc, target = 31 48 ┤ 0                                        
                   49 ┤■■■■■■■■■■■■■■■■■■■ 1                     
                   50 ┤■■■■■■■■■■■■■■■■■■■ 1                     
                   51 ┤ 0                                        
                   52 ┤■■■■■■■■■■■■■■■■■■■■■■■■■■■■■■■■■■■■■ 2   
                   53 ┤■■■■■■■■■■■■■■■■■■■ 1                     
                   54 ┤■■■■■■■■■■■■■■■■■■■■■■■■■■■■■■■■■■■■■ 2   
                   55 ┤ 0                                        
                   56 ┤■■■■■■■■■■■■■■■■■■■■■■■■■■■■■■■■■■■■■ 2   
                   57 ┤■■■■■■■■■■■■■■■■■■■ 1                     
                   58 ┤ 0                                        
                   59 ┤■■■■■■■■■■■■■■■■■■■ 1                     
                   60 ┤■■■■■■■■■■■■■■■■■■■ 1                     
                      └                                        ┘ 
                                     num of slices               
[ Info: slicing branch with sc: 36.0
[ Info: cc.sc: 36.0
region size: 10
tbl0_rows:17 filtered_rows:17
QIP_gurobi_bound: solver finished in 1.312 s (time_limit=100.0 s, status=OPTIMAL)
[ Info: slice 1, lp_score: 5398.0, primal_bound: 5398.0
[ Info: new_scs: [36]
[ Info: lp_scores: [5398.0]
[ Info: lp_scores: 5398.0
[ Info: current num of unfinished slices: 14, finished slices: 19
                      ┌                                        ┐ 
                   36 ┤■■■■■■■■■■■■■■■■■■■ 1                     
                   37 ┤ 0                                        
                   38 ┤ 0                                        
                   39 ┤ 0                                        
                   40 ┤ 0                                        
                   41 ┤ 0                                        
                   42 ┤ 0                                        
                   43 ┤ 0                                        
                   44 ┤■■■■■■■■■■■■■■■■■■■ 1                     
                   45 ┤ 0                                        
                   46 ┤ 0                                        
                   47 ┤ 0                                        
   sc, target = 31 48 ┤ 0                                        
                   49 ┤■■■■■■■■■■■■■■■■■■■ 1                     
                   50 ┤■■■■■■■■■■■■■■■■■■■ 1                     
                   51 ┤ 0                                        
                   52 ┤■■■■■■■■■■■■■■■■■■■■■■■■■■■■■■■■■■■■■ 2   
                   53 ┤■■■■■■■■■■■■■■■■■■■ 1                     
                   54 ┤■■■■■■■■■■■■■■■■■■■■■■■■■■■■■■■■■■■■■ 2   
                   55 ┤ 0                                        
                   56 ┤■■■■■■■■■■■■■■■■■■■■■■■■■■■■■■■■■■■■■ 2   
                   57 ┤■■■■■■■■■■■■■■■■■■■ 1                     
                   58 ┤ 0                                        
                   59 ┤■■■■■■■■■■■■■■■■■■■ 1                     
                   60 ┤■■■■■■■■■■■■■■■■■■■ 1                     
                      └                                        ┘ 
                                     num of slices               
[ Info: slicing branch with sc: 36.0
[ Info: cc.sc: 36.0
region size: 10
tbl0_rows:19 filtered_rows:19
QIP_gurobi_bound: solver finished in 1.225 s (time_limit=100.0 s, status=OPTIMAL)
[ Info: slice 1, lp_score: 5398.0, primal_bound: 5398.0
QIP_gurobi_bound: solver finished in 1.099 s (time_limit=100.0 s, status=OPTIMAL)
[ Info: slice 2, lp_score: 5397.0, primal_bound: 5398.0
[ Info: new_scs: [34]
[ Info: lp_scores: [5398.0]
[ Info: lp_scores: 5398.0
[ Info: current num of unfinished slices: 14, finished slices: 19
                      ┌                                        ┐ 
                   34 ┤■■■■■■■■■■■■■■■■■■■ 1                     
                   35 ┤ 0                                        
                   36 ┤ 0                                        
                   37 ┤ 0                                        
                   38 ┤ 0                                        
                   39 ┤ 0                                        
                   40 ┤ 0                                        
                   41 ┤ 0                                        
                   42 ┤ 0                                        
                   43 ┤ 0                                        
                   44 ┤■■■■■■■■■■■■■■■■■■■ 1                     
                   45 ┤ 0                                        
                   46 ┤ 0                                        
   sc, target = 31 47 ┤ 0                                        
                   48 ┤ 0                                        
                   49 ┤■■■■■■■■■■■■■■■■■■■ 1                     
                   50 ┤■■■■■■■■■■■■■■■■■■■ 1                     
                   51 ┤ 0                                        
                   52 ┤■■■■■■■■■■■■■■■■■■■■■■■■■■■■■■■■■■■■■ 2   
                   53 ┤■■■■■■■■■■■■■■■■■■■ 1                     
                   54 ┤■■■■■■■■■■■■■■■■■■■■■■■■■■■■■■■■■■■■■ 2   
                   55 ┤ 0                                        
                   56 ┤■■■■■■■■■■■■■■■■■■■■■■■■■■■■■■■■■■■■■ 2   
                   57 ┤■■■■■■■■■■■■■■■■■■■ 1                     
                   58 ┤ 0                                        
                   59 ┤■■■■■■■■■■■■■■■■■■■ 1                     
                   60 ┤■■■■■■■■■■■■■■■■■■■ 1                     
                      └                                        ┘ 
                                     num of slices               
[ Info: slicing branch with sc: 34.0
[ Info: cc.sc: 34.0
region size: 10
tbl0_rows:5 filtered_rows:5
QIP_gurobi_bound: solver finished in 1.126 s (time_limit=100.0 s, status=OPTIMAL)
[ Info: slice 1, lp_score: 5393.0, primal_bound: 5398.0
QIP_gurobi_bound: solver finished in 1.255 s (time_limit=100.0 s, status=OPTIMAL)
[ Info: slice 2, lp_score: 5398.0, primal_bound: 5398.0
[ Info: new_scs: [34]
[ Info: lp_scores: [5398.0]
[ Info: lp_scores: 5398.0
[ Info: current num of unfinished slices: 14, finished slices: 19
                      ┌                                        ┐ 
                   34 ┤■■■■■■■■■■■■■■■■■■■ 1                     
                   35 ┤ 0                                        
                   36 ┤ 0                                        
                   37 ┤ 0                                        
                   38 ┤ 0                                        
                   39 ┤ 0                                        
                   40 ┤ 0                                        
                   41 ┤ 0                                        
                   42 ┤ 0                                        
                   43 ┤ 0                                        
                   44 ┤■■■■■■■■■■■■■■■■■■■ 1                     
                   45 ┤ 0                                        
                   46 ┤ 0                                        
   sc, target = 31 47 ┤ 0                                        
                   48 ┤ 0                                        
                   49 ┤■■■■■■■■■■■■■■■■■■■ 1                     
                   50 ┤■■■■■■■■■■■■■■■■■■■ 1                     
                   51 ┤ 0                                        
                   52 ┤■■■■■■■■■■■■■■■■■■■■■■■■■■■■■■■■■■■■■ 2   
                   53 ┤■■■■■■■■■■■■■■■■■■■ 1                     
                   54 ┤■■■■■■■■■■■■■■■■■■■■■■■■■■■■■■■■■■■■■ 2   
                   55 ┤ 0                                        
                   56 ┤■■■■■■■■■■■■■■■■■■■■■■■■■■■■■■■■■■■■■ 2   
                   57 ┤■■■■■■■■■■■■■■■■■■■ 1                     
                   58 ┤ 0                                        
                   59 ┤■■■■■■■■■■■■■■■■■■■ 1                     
                   60 ┤■■■■■■■■■■■■■■■■■■■ 1                     
                      └                                        ┘ 
                                     num of slices               
[ Info: slicing branch with sc: 34.0
[ Info: cc.sc: 34.0
region size: 10
tbl0_rows:60 filtered_rows:60
QIP_gurobi_bound: solver finished in 4.466 s (time_limit=100.0 s, status=OPTIMAL)
[ Info: slice 1, lp_score: 5398.0, primal_bound: 5398.0
QIP_gurobi_bound: solver finished in 1.32 s (time_limit=100.0 s, status=OPTIMAL)
[ Info: slice 2, lp_score: 5396.0, primal_bound: 5398.0
[ Info: new_scs: [33]
[ Info: lp_scores: [5398.0]
[ Info: lp_scores: 5398.0
[ Info: current num of unfinished slices: 14, finished slices: 19
                      ┌                                        ┐ 
                   33 ┤■■■■■■■■■■■■■■■■■■■ 1                     
                   34 ┤ 0                                        
                   35 ┤ 0                                        
                   36 ┤ 0                                        
                   37 ┤ 0                                        
                   38 ┤ 0                                        
                   39 ┤ 0                                        
                   40 ┤ 0                                        
                   41 ┤ 0                                        
                   42 ┤ 0                                        
                   43 ┤ 0                                        
                   44 ┤■■■■■■■■■■■■■■■■■■■ 1                     
                   45 ┤ 0                                        
   sc, target = 31 46 ┤ 0                                        
                   47 ┤ 0                                        
                   48 ┤ 0                                        
                   49 ┤■■■■■■■■■■■■■■■■■■■ 1                     
                   50 ┤■■■■■■■■■■■■■■■■■■■ 1                     
                   51 ┤ 0                                        
                   52 ┤■■■■■■■■■■■■■■■■■■■■■■■■■■■■■■■■■■■■■ 2   
                   53 ┤■■■■■■■■■■■■■■■■■■■ 1                     
                   54 ┤■■■■■■■■■■■■■■■■■■■■■■■■■■■■■■■■■■■■■ 2   
                   55 ┤ 0                                        
                   56 ┤■■■■■■■■■■■■■■■■■■■■■■■■■■■■■■■■■■■■■ 2   
                   57 ┤■■■■■■■■■■■■■■■■■■■ 1                     
                   58 ┤ 0                                        
                   59 ┤■■■■■■■■■■■■■■■■■■■ 1                     
                   60 ┤■■■■■■■■■■■■■■■■■■■ 1                     
                      └                                        ┘ 
                                     num of slices               
[ Info: slicing branch with sc: 33.0
[ Info: cc.sc: 33.0
region size: 10
tbl0_rows:19 filtered_rows:19
QIP_gurobi_bound: solver finished in 1.261 s (time_limit=100.0 s, status=OPTIMAL)
[ Info: slice 1, lp_score: 5398.0, primal_bound: 5398.0
QIP_gurobi_bound: solver finished in 1.349 s (time_limit=100.0 s, status=OPTIMAL)
[ Info: slice 2, lp_score: 5393.0, primal_bound: 5398.0
[ Info: new_scs: [33]
[ Info: lp_scores: [5398.0]
[ Info: lp_scores: 5398.0
[ Info: current num of unfinished slices: 14, finished slices: 19
                      ┌                                        ┐ 
                   33 ┤■■■■■■■■■■■■■■■■■■■ 1                     
                   34 ┤ 0                                        
                   35 ┤ 0                                        
                   36 ┤ 0                                        
                   37 ┤ 0                                        
                   38 ┤ 0                                        
                   39 ┤ 0                                        
                   40 ┤ 0                                        
                   41 ┤ 0                                        
                   42 ┤ 0                                        
                   43 ┤ 0                                        
                   44 ┤■■■■■■■■■■■■■■■■■■■ 1                     
                   45 ┤ 0                                        
   sc, target = 31 46 ┤ 0                                        
                   47 ┤ 0                                        
                   48 ┤ 0                                        
                   49 ┤■■■■■■■■■■■■■■■■■■■ 1                     
                   50 ┤■■■■■■■■■■■■■■■■■■■ 1                     
                   51 ┤ 0                                        
                   52 ┤■■■■■■■■■■■■■■■■■■■■■■■■■■■■■■■■■■■■■ 2   
                   53 ┤■■■■■■■■■■■■■■■■■■■ 1                     
                   54 ┤■■■■■■■■■■■■■■■■■■■■■■■■■■■■■■■■■■■■■ 2   
                   55 ┤ 0                                        
                   56 ┤■■■■■■■■■■■■■■■■■■■■■■■■■■■■■■■■■■■■■ 2   
                   57 ┤■■■■■■■■■■■■■■■■■■■ 1                     
                   58 ┤ 0                                        
                   59 ┤■■■■■■■■■■■■■■■■■■■ 1                     
                   60 ┤■■■■■■■■■■■■■■■■■■■ 1                     
                      └                                        ┘ 
                                     num of slices               
[ Info: slicing branch with sc: 33.0
[ Info: cc.sc: 33.0
region size: 10
tbl0_rows:64 filtered_rows:64
QIP_gurobi_bound: solver finished in 1.136 s (time_limit=100.0 s, status=OPTIMAL)
[ Info: slice 1, lp_score: 5398.0, primal_bound: 5398.0
QIP_gurobi_bound: solver finished in 1.141 s (time_limit=100.0 s, status=OPTIMAL)
[ Info: slice 2, lp_score: 5398.0, primal_bound: 5398.0
[ Info: new_scs: [33, 33]
[ Info: lp_scores: [5398.0, 5398.0]
[ Info: lp_scores: 5398.0
[ Info: lp_scores: 5398.0
[ Info: current num of unfinished slices: 15, finished slices: 19
                      ┌                                        ┐ 
                   33 ┤■■■■■■■■■■■■■■■■■■■■■■■■■■■■■■■■■■■■■ 2   
                   34 ┤ 0                                        
                   35 ┤ 0                                        
                   36 ┤ 0                                        
                   37 ┤ 0                                        
                   38 ┤ 0                                        
                   39 ┤ 0                                        
                   40 ┤ 0                                        
                   41 ┤ 0                                        
                   42 ┤ 0                                        
                   43 ┤ 0                                        
                   44 ┤■■■■■■■■■■■■■■■■■■■ 1                     
                   45 ┤ 0                                        
   sc, target = 31 46 ┤ 0                                        
                   47 ┤ 0                                        
                   48 ┤ 0                                        
                   49 ┤■■■■■■■■■■■■■■■■■■■ 1                     
                   50 ┤■■■■■■■■■■■■■■■■■■■ 1                     
                   51 ┤ 0                                        
                   52 ┤■■■■■■■■■■■■■■■■■■■■■■■■■■■■■■■■■■■■■ 2   
                   53 ┤■■■■■■■■■■■■■■■■■■■ 1                     
                   54 ┤■■■■■■■■■■■■■■■■■■■■■■■■■■■■■■■■■■■■■ 2   
                   55 ┤ 0                                        
                   56 ┤■■■■■■■■■■■■■■■■■■■■■■■■■■■■■■■■■■■■■ 2   
                   57 ┤■■■■■■■■■■■■■■■■■■■ 1                     
                   58 ┤ 0                                        
                   59 ┤■■■■■■■■■■■■■■■■■■■ 1                     
                   60 ┤■■■■■■■■■■■■■■■■■■■ 1                     
                      └                                        ┘ 
                                     num of slices               
[ Info: slicing branch with sc: 33.0
[ Info: cc.sc: 33.0
region size: 10
tbl0_rows:20 filtered_rows:20
QIP_gurobi_bound: solver finished in 1.236 s (time_limit=100.0 s, status=OPTIMAL)
[ Info: slice 1, lp_score: 5396.0, primal_bound: 5398.0
QIP_gurobi_bound: solver finished in 1.263 s (time_limit=100.0 s, status=OPTIMAL)
[ Info: slice 2, lp_score: 5398.0, primal_bound: 5398.0
[ Info: new_scs: [32]
[ Info: lp_scores: [5398.0]
[ Info: lp_scores: 5398.0
[ Info: current num of unfinished slices: 15, finished slices: 19
                      ┌                                        ┐ 
                   32 ┤■■■■■■■■■■■■■■■■■■■ 1                     
                   33 ┤■■■■■■■■■■■■■■■■■■■ 1                     
                   34 ┤ 0                                        
                   35 ┤ 0                                        
                   36 ┤ 0                                        
                   37 ┤ 0                                        
                   38 ┤ 0                                        
                   39 ┤ 0                                        
                   40 ┤ 0                                        
                   41 ┤ 0                                        
                   42 ┤ 0                                        
                   43 ┤ 0                                        
                   44 ┤■■■■■■■■■■■■■■■■■■■ 1                     
                   45 ┤ 0                                        
   sc, target = 31 46 ┤ 0                                        
                   47 ┤ 0                                        
                   48 ┤ 0                                        
                   49 ┤■■■■■■■■■■■■■■■■■■■ 1                     
                   50 ┤■■■■■■■■■■■■■■■■■■■ 1                     
                   51 ┤ 0                                        
                   52 ┤■■■■■■■■■■■■■■■■■■■■■■■■■■■■■■■■■■■■■ 2   
                   53 ┤■■■■■■■■■■■■■■■■■■■ 1                     
                   54 ┤■■■■■■■■■■■■■■■■■■■■■■■■■■■■■■■■■■■■■ 2   
                   55 ┤ 0                                        
                   56 ┤■■■■■■■■■■■■■■■■■■■■■■■■■■■■■■■■■■■■■ 2   
                   57 ┤■■■■■■■■■■■■■■■■■■■ 1                     
                   58 ┤ 0                                        
                   59 ┤■■■■■■■■■■■■■■■■■■■ 1                     
                   60 ┤■■■■■■■■■■■■■■■■■■■ 1                     
                      └                                        ┘ 
                                     num of slices               
[ Info: slicing branch with sc: 32.0
[ Info: cc.sc: 32.0
region size: 10
tbl0_rows:51 filtered_rows:51
QIP_gurobi_bound: solver finished in 1.26 s (time_limit=100.0 s, status=OPTIMAL)
[ Info: slice 1, lp_score: 5393.0, primal_bound: 5398.0
QIP_gurobi_bound: solver finished in 4.2 s (time_limit=100.0 s, status=OPTIMAL)
[ Info: slice 2, lp_score: 5398.0, primal_bound: 5398.0
[ Info: new_scs: [32]
[ Info: lp_scores: [5398.0]
[ Info: lp_scores: 5398.0
[ Info: current num of unfinished slices: 15, finished slices: 19
                      ┌                                        ┐ 
                   32 ┤■■■■■■■■■■■■■■■■■■■ 1                     
                   33 ┤■■■■■■■■■■■■■■■■■■■ 1                     
                   34 ┤ 0                                        
                   35 ┤ 0                                        
                   36 ┤ 0                                        
                   37 ┤ 0                                        
                   38 ┤ 0                                        
                   39 ┤ 0                                        
                   40 ┤ 0                                        
                   41 ┤ 0                                        
                   42 ┤ 0                                        
                   43 ┤ 0                                        
                   44 ┤■■■■■■■■■■■■■■■■■■■ 1                     
                   45 ┤ 0                                        
   sc, target = 31 46 ┤ 0                                        
                   47 ┤ 0                                        
                   48 ┤ 0                                        
                   49 ┤■■■■■■■■■■■■■■■■■■■ 1                     
                   50 ┤■■■■■■■■■■■■■■■■■■■ 1                     
                   51 ┤ 0                                        
                   52 ┤■■■■■■■■■■■■■■■■■■■■■■■■■■■■■■■■■■■■■ 2   
                   53 ┤■■■■■■■■■■■■■■■■■■■ 1                     
                   54 ┤■■■■■■■■■■■■■■■■■■■■■■■■■■■■■■■■■■■■■ 2   
                   55 ┤ 0                                        
                   56 ┤■■■■■■■■■■■■■■■■■■■■■■■■■■■■■■■■■■■■■ 2   
                   57 ┤■■■■■■■■■■■■■■■■■■■ 1                     
                   58 ┤ 0                                        
                   59 ┤■■■■■■■■■■■■■■■■■■■ 1                     
                   60 ┤■■■■■■■■■■■■■■■■■■■ 1                     
                      └                                        ┘ 
                                     num of slices               
[ Info: slicing branch with sc: 32.0
[ Info: cc.sc: 32.0
region size: 10
tbl0_rows:32 filtered_rows:32
QIP_gurobi_bound: solver finished in 1.199 s (time_limit=100.0 s, status=OPTIMAL)
[ Info: slice 1, lp_score: 5398.0, primal_bound: 5398.0
QIP_gurobi_bound: solver finished in 1.206 s (time_limit=100.0 s, status=OPTIMAL)
[ Info: slice 2, lp_score: 5397.0, primal_bound: 5398.0
QIP_gurobi_bound: solver finished in 1.28 s (time_limit=100.0 s, status=OPTIMAL)
[ Info: slice 3, lp_score: 5398.0, primal_bound: 5398.0
[ Info: new_scs: [31, 31]
[ Info: lp_scores: [5398.0, 5398.0]
[ Info: lp_scores: 5398.0
[ Info: lp_scores: 5398.0
[ Info: current num of unfinished slices: 16, finished slices: 19
                      ┌                                        ┐ 
                   31 ┤■■■■■■■■■■■■■■■■■■■■■■■■■■■■■■■■■■■■■ 2   
                   32 ┤ 0                                        
                   33 ┤■■■■■■■■■■■■■■■■■■■ 1                     
                   34 ┤ 0                                        
                   35 ┤ 0                                        
                   36 ┤ 0                                        
                   37 ┤ 0                                        
                   38 ┤ 0                                        
                   39 ┤ 0                                        
                   40 ┤ 0                                        
                   41 ┤ 0                                        
                   42 ┤ 0                                        
                   43 ┤ 0                                        
                   44 ┤■■■■■■■■■■■■■■■■■■■ 1                     
   sc, target = 31 45 ┤ 0                                        
                   46 ┤ 0                                        
                   47 ┤ 0                                        
                   48 ┤ 0                                        
                   49 ┤■■■■■■■■■■■■■■■■■■■ 1                     
                   50 ┤■■■■■■■■■■■■■■■■■■■ 1                     
                   51 ┤ 0                                        
                   52 ┤■■■■■■■■■■■■■■■■■■■■■■■■■■■■■■■■■■■■■ 2   
                   53 ┤■■■■■■■■■■■■■■■■■■■ 1                     
                   54 ┤■■■■■■■■■■■■■■■■■■■■■■■■■■■■■■■■■■■■■ 2   
                   55 ┤ 0                                        
                   56 ┤■■■■■■■■■■■■■■■■■■■■■■■■■■■■■■■■■■■■■ 2   
                   57 ┤■■■■■■■■■■■■■■■■■■■ 1                     
                   58 ┤ 0                                        
                   59 ┤■■■■■■■■■■■■■■■■■■■ 1                     
                   60 ┤■■■■■■■■■■■■■■■■■■■ 1                     
                      └                                        ┘ 
                                     num of slices               
[ Info: slicing branch with sc: 31.0
  [slice produced] sc=31.0 tc=45.62985346170452 nv=3552 ne=6920 r=43.0
QIP_value_gurobi: solver finished in 1.224 s (time_limit=604800.0 s, status=OPTIMAL)
[ Info: feasible solution: 5398.0, primal bound: 5398.0
[ Info: current num of unfinished slices: 15, finished slices: 20
                      ┌                                        ┐ 
                   31 ┤■■■■■■■■■■■■■■■■■■■ 1                     
                   32 ┤ 0                                        
                   33 ┤■■■■■■■■■■■■■■■■■■■ 1                     
                   34 ┤ 0                                        
                   35 ┤ 0                                        
                   36 ┤ 0                                        
                   37 ┤ 0                                        
                   38 ┤ 0                                        
                   39 ┤ 0                                        
                   40 ┤ 0                                        
                   41 ┤ 0                                        
                   42 ┤ 0                                        
                   43 ┤ 0                                        
                   44 ┤■■■■■■■■■■■■■■■■■■■ 1                     
   sc, target = 31 45 ┤ 0                                        
                   46 ┤ 0                                        
                   47 ┤ 0                                        
                   48 ┤ 0                                        
                   49 ┤■■■■■■■■■■■■■■■■■■■ 1                     
                   50 ┤■■■■■■■■■■■■■■■■■■■ 1                     
                   51 ┤ 0                                        
                   52 ┤■■■■■■■■■■■■■■■■■■■■■■■■■■■■■■■■■■■■■ 2   
                   53 ┤■■■■■■■■■■■■■■■■■■■ 1                     
                   54 ┤■■■■■■■■■■■■■■■■■■■■■■■■■■■■■■■■■■■■■ 2   
                   55 ┤ 0                                        
                   56 ┤■■■■■■■■■■■■■■■■■■■■■■■■■■■■■■■■■■■■■ 2   
                   57 ┤■■■■■■■■■■■■■■■■■■■ 1                     
                   58 ┤ 0                                        
                   59 ┤■■■■■■■■■■■■■■■■■■■ 1                     
                   60 ┤■■■■■■■■■■■■■■■■■■■ 1                     
                      └                                        ┘ 
                                     num of slices               
[ Info: slicing branch with sc: 31.0
  [slice produced] sc=31.0 tc=45.63126825790639 nv=3553 ne=6923 r=43.5
QIP_value_gurobi: solver finished in 1.281 s (time_limit=604800.0 s, status=OPTIMAL)
[ Info: feasible solution: 5398.0, primal bound: 5398.0
[ Info: current num of unfinished slices: 14, finished slices: 21
                      ┌                                        ┐ 
                   33 ┤■■■■■■■■■■■■■■■■■■■ 1                     
                   34 ┤ 0                                        
                   35 ┤ 0                                        
                   36 ┤ 0                                        
                   37 ┤ 0                                        
                   38 ┤ 0                                        
                   39 ┤ 0                                        
                   40 ┤ 0                                        
                   41 ┤ 0                                        
                   42 ┤ 0                                        
                   43 ┤ 0                                        
                   44 ┤■■■■■■■■■■■■■■■■■■■ 1                     
                   45 ┤ 0                                        
   sc, target = 31 46 ┤ 0                                        
                   47 ┤ 0                                        
                   48 ┤ 0                                        
                   49 ┤■■■■■■■■■■■■■■■■■■■ 1                     
                   50 ┤■■■■■■■■■■■■■■■■■■■ 1                     
                   51 ┤ 0                                        
                   52 ┤■■■■■■■■■■■■■■■■■■■■■■■■■■■■■■■■■■■■■ 2   
                   53 ┤■■■■■■■■■■■■■■■■■■■ 1                     
                   54 ┤■■■■■■■■■■■■■■■■■■■■■■■■■■■■■■■■■■■■■ 2   
                   55 ┤ 0                                        
                   56 ┤■■■■■■■■■■■■■■■■■■■■■■■■■■■■■■■■■■■■■ 2   
                   57 ┤■■■■■■■■■■■■■■■■■■■ 1                     
                   58 ┤ 0                                        
                   59 ┤■■■■■■■■■■■■■■■■■■■ 1                     
                   60 ┤■■■■■■■■■■■■■■■■■■■ 1                     
                      └                                        ┘ 
                                     num of slices               
[ Info: slicing branch with sc: 33.0
[ Info: cc.sc: 33.0
region size: 10
tbl0_rows:20 filtered_rows:20
QIP_gurobi_bound: solver finished in 1.259 s (time_limit=100.0 s, status=OPTIMAL)
[ Info: slice 1, lp_score: 5396.0, primal_bound: 5398.0
QIP_gurobi_bound: solver finished in 1.175 s (time_limit=100.0 s, status=OPTIMAL)
[ Info: slice 2, lp_score: 5398.0, primal_bound: 5398.0
[ Info: new_scs: [32]
[ Info: lp_scores: [5398.0]
[ Info: lp_scores: 5398.0
[ Info: current num of unfinished slices: 14, finished slices: 21
                      ┌                                        ┐ 
                   32 ┤■■■■■■■■■■■■■■■■■■■ 1                     
                   33 ┤ 0                                        
                   34 ┤ 0                                        
                   35 ┤ 0                                        
                   36 ┤ 0                                        
                   37 ┤ 0                                        
                   38 ┤ 0                                        
                   39 ┤ 0                                        
                   40 ┤ 0                                        
                   41 ┤ 0                                        
                   42 ┤ 0                                        
                   43 ┤ 0                                        
                   44 ┤■■■■■■■■■■■■■■■■■■■ 1                     
                   45 ┤ 0                                        
   sc, target = 31 46 ┤ 0                                        
                   47 ┤ 0                                        
                   48 ┤ 0                                        
                   49 ┤■■■■■■■■■■■■■■■■■■■ 1                     
                   50 ┤■■■■■■■■■■■■■■■■■■■ 1                     
                   51 ┤ 0                                        
                   52 ┤■■■■■■■■■■■■■■■■■■■■■■■■■■■■■■■■■■■■■ 2   
                   53 ┤■■■■■■■■■■■■■■■■■■■ 1                     
                   54 ┤■■■■■■■■■■■■■■■■■■■■■■■■■■■■■■■■■■■■■ 2   
                   55 ┤ 0                                        
                   56 ┤■■■■■■■■■■■■■■■■■■■■■■■■■■■■■■■■■■■■■ 2   
                   57 ┤■■■■■■■■■■■■■■■■■■■ 1                     
                   58 ┤ 0                                        
                   59 ┤■■■■■■■■■■■■■■■■■■■ 1                     
                   60 ┤■■■■■■■■■■■■■■■■■■■ 1                     
                      └                                        ┘ 
                                     num of slices               
[ Info: slicing branch with sc: 32.0
[ Info: cc.sc: 32.0
region size: 10
tbl0_rows:24 filtered_rows:24
QIP_gurobi_bound: solver finished in 1.127 s (time_limit=100.0 s, status=OPTIMAL)
[ Info: slice 1, lp_score: 5394.0, primal_bound: 5398.0
QIP_gurobi_bound: solver finished in 1.177 s (time_limit=100.0 s, status=OPTIMAL)
[ Info: slice 2, lp_score: 5398.0, primal_bound: 5398.0
[ Info: new_scs: [32]
[ Info: lp_scores: [5398.0]
[ Info: lp_scores: 5398.0
[ Info: current num of unfinished slices: 14, finished slices: 21
                      ┌                                        ┐ 
                   32 ┤■■■■■■■■■■■■■■■■■■■ 1                     
                   33 ┤ 0                                        
                   34 ┤ 0                                        
                   35 ┤ 0                                        
                   36 ┤ 0                                        
                   37 ┤ 0                                        
                   38 ┤ 0                                        
                   39 ┤ 0                                        
                   40 ┤ 0                                        
                   41 ┤ 0                                        
                   42 ┤ 0                                        
                   43 ┤ 0                                        
                   44 ┤■■■■■■■■■■■■■■■■■■■ 1                     
                   45 ┤ 0                                        
   sc, target = 31 46 ┤ 0                                        
                   47 ┤ 0                                        
                   48 ┤ 0                                        
                   49 ┤■■■■■■■■■■■■■■■■■■■ 1                     
                   50 ┤■■■■■■■■■■■■■■■■■■■ 1                     
                   51 ┤ 0                                        
                   52 ┤■■■■■■■■■■■■■■■■■■■■■■■■■■■■■■■■■■■■■ 2   
                   53 ┤■■■■■■■■■■■■■■■■■■■ 1                     
                   54 ┤■■■■■■■■■■■■■■■■■■■■■■■■■■■■■■■■■■■■■ 2   
                   55 ┤ 0                                        
                   56 ┤■■■■■■■■■■■■■■■■■■■■■■■■■■■■■■■■■■■■■ 2   
                   57 ┤■■■■■■■■■■■■■■■■■■■ 1                     
                   58 ┤ 0                                        
                   59 ┤■■■■■■■■■■■■■■■■■■■ 1                     
                   60 ┤■■■■■■■■■■■■■■■■■■■ 1                     
                      └                                        ┘ 
                                     num of slices               
[ Info: slicing branch with sc: 32.0
[ Info: cc.sc: 32.0
region size: 10
tbl0_rows:46 filtered_rows:46
QIP_gurobi_bound: solver finished in 4.227 s (time_limit=100.0 s, status=OPTIMAL)
[ Info: slice 1, lp_score: 5395.0, primal_bound: 5398.0
QIP_gurobi_bound: solver finished in 1.109 s (time_limit=100.0 s, status=OPTIMAL)
[ Info: slice 2, lp_score: 5398.0, primal_bound: 5398.0
[ Info: new_scs: [31]
[ Info: lp_scores: [5398.0]
[ Info: lp_scores: 5398.0
[ Info: current num of unfinished slices: 14, finished slices: 21
                      ┌                                        ┐ 
                   31 ┤■■■■■■■■■■■■■■■■■■■ 1                     
                   32 ┤ 0                                        
                   33 ┤ 0                                        
                   34 ┤ 0                                        
                   35 ┤ 0                                        
                   36 ┤ 0                                        
                   37 ┤ 0                                        
                   38 ┤ 0                                        
                   39 ┤ 0                                        
                   40 ┤ 0                                        
                   41 ┤ 0                                        
                   42 ┤ 0                                        
                   43 ┤ 0                                        
                   44 ┤■■■■■■■■■■■■■■■■■■■ 1                     
   sc, target = 31 45 ┤ 0                                        
                   46 ┤ 0                                        
                   47 ┤ 0                                        
                   48 ┤ 0                                        
                   49 ┤■■■■■■■■■■■■■■■■■■■ 1                     
                   50 ┤■■■■■■■■■■■■■■■■■■■ 1                     
                   51 ┤ 0                                        
                   52 ┤■■■■■■■■■■■■■■■■■■■■■■■■■■■■■■■■■■■■■ 2   
                   53 ┤■■■■■■■■■■■■■■■■■■■ 1                     
                   54 ┤■■■■■■■■■■■■■■■■■■■■■■■■■■■■■■■■■■■■■ 2   
                   55 ┤ 0                                        
                   56 ┤■■■■■■■■■■■■■■■■■■■■■■■■■■■■■■■■■■■■■ 2   
                   57 ┤■■■■■■■■■■■■■■■■■■■ 1                     
                   58 ┤ 0                                        
                   59 ┤■■■■■■■■■■■■■■■■■■■ 1                     
                   60 ┤■■■■■■■■■■■■■■■■■■■ 1                     
                      └                                        ┘ 
                                     num of slices               
[ Info: slicing branch with sc: 31.0
  [slice produced] sc=31.0 tc=45.22297589242892 nv=3552 ne=6922 r=43.0
QIP_value_gurobi: solver finished in 1.168 s (time_limit=604800.0 s, status=OPTIMAL)
[ Info: feasible solution: 5398.0, primal bound: 5398.0
[ Info: current num of unfinished slices: 13, finished slices: 22
                      ┌                                        ┐ 
                   44 ┤■■■■■■■■■■■■■■■■■■■ 1                     
                   45 ┤ 0                                        
                   46 ┤ 0                                        
                   47 ┤ 0                                        
                   48 ┤ 0                                        
                   49 ┤■■■■■■■■■■■■■■■■■■■ 1                     
                   50 ┤■■■■■■■■■■■■■■■■■■■ 1                     
                   51 ┤ 0                                        
   sc, target = 31 52 ┤■■■■■■■■■■■■■■■■■■■■■■■■■■■■■■■■■■■■■ 2   
                   53 ┤■■■■■■■■■■■■■■■■■■■ 1                     
                   54 ┤■■■■■■■■■■■■■■■■■■■■■■■■■■■■■■■■■■■■■ 2   
                   55 ┤ 0                                        
                   56 ┤■■■■■■■■■■■■■■■■■■■■■■■■■■■■■■■■■■■■■ 2   
                   57 ┤■■■■■■■■■■■■■■■■■■■ 1                     
                   58 ┤ 0                                        
                   59 ┤■■■■■■■■■■■■■■■■■■■ 1                     
                   60 ┤■■■■■■■■■■■■■■■■■■■ 1                     
                      └                                        ┘ 
                                     num of slices               
[ Info: slicing branch with sc: 44.0
[ Info: cc.sc: 44.0
region size: 10
tbl0_rows:75 filtered_rows:75
QIP_gurobi_bound: solver finished in 1.208 s (time_limit=100.0 s, status=OPTIMAL)
[ Info: slice 1, lp_score: 5398.0, primal_bound: 5398.0
QIP_gurobi_bound: solver finished in 1.62 s (time_limit=100.0 s, status=OPTIMAL)
[ Info: slice 2, lp_score: 5392.0, primal_bound: 5398.0
[ Info: new_scs: [44]
[ Info: lp_scores: [5398.0]
[ Info: lp_scores: 5398.0
[ Info: current num of unfinished slices: 13, finished slices: 22
                      ┌                                        ┐ 
                   44 ┤■■■■■■■■■■■■■■■■■■■ 1                     
                   45 ┤ 0                                        
                   46 ┤ 0                                        
                   47 ┤ 0                                        
                   48 ┤ 0                                        
                   49 ┤■■■■■■■■■■■■■■■■■■■ 1                     
                   50 ┤■■■■■■■■■■■■■■■■■■■ 1                     
                   51 ┤ 0                                        
   sc, target = 31 52 ┤■■■■■■■■■■■■■■■■■■■■■■■■■■■■■■■■■■■■■ 2   
                   53 ┤■■■■■■■■■■■■■■■■■■■ 1                     
                   54 ┤■■■■■■■■■■■■■■■■■■■■■■■■■■■■■■■■■■■■■ 2   
                   55 ┤ 0                                        
                   56 ┤■■■■■■■■■■■■■■■■■■■■■■■■■■■■■■■■■■■■■ 2   
                   57 ┤■■■■■■■■■■■■■■■■■■■ 1                     
                   58 ┤ 0                                        
                   59 ┤■■■■■■■■■■■■■■■■■■■ 1                     
                   60 ┤■■■■■■■■■■■■■■■■■■■ 1                     
                      └                                        ┘ 
                                     num of slices               
[ Info: slicing branch with sc: 44.0
[ Info: cc.sc: 44.0
region size: 10
tbl0_rows:55 filtered_rows:55
QIP_gurobi_bound: solver finished in 1.28 s (time_limit=100.0 s, status=OPTIMAL)
[ Info: slice 1, lp_score: 5398.0, primal_bound: 5398.0
QIP_gurobi_bound: solver finished in 1.266 s (time_limit=100.0 s, status=OPTIMAL)
[ Info: slice 2, lp_score: 5396.0, primal_bound: 5398.0
[ Info: new_scs: [44]
[ Info: lp_scores: [5398.0]
[ Info: lp_scores: 5398.0
[ Info: current num of unfinished slices: 13, finished slices: 22
                      ┌                                        ┐ 
                   44 ┤■■■■■■■■■■■■■■■■■■■ 1                     
                   45 ┤ 0                                        
                   46 ┤ 0                                        
                   47 ┤ 0                                        
                   48 ┤ 0                                        
                   49 ┤■■■■■■■■■■■■■■■■■■■ 1                     
                   50 ┤■■■■■■■■■■■■■■■■■■■ 1                     
                   51 ┤ 0                                        
   sc, target = 31 52 ┤■■■■■■■■■■■■■■■■■■■■■■■■■■■■■■■■■■■■■ 2   
                   53 ┤■■■■■■■■■■■■■■■■■■■ 1                     
                   54 ┤■■■■■■■■■■■■■■■■■■■■■■■■■■■■■■■■■■■■■ 2   
                   55 ┤ 0                                        
                   56 ┤■■■■■■■■■■■■■■■■■■■■■■■■■■■■■■■■■■■■■ 2   
                   57 ┤■■■■■■■■■■■■■■■■■■■ 1                     
                   58 ┤ 0                                        
                   59 ┤■■■■■■■■■■■■■■■■■■■ 1                     
                   60 ┤■■■■■■■■■■■■■■■■■■■ 1                     
                      └                                        ┘ 
                                     num of slices               
[ Info: slicing branch with sc: 44.0
[ Info: cc.sc: 44.0
region size: 10
tbl0_rows:42 filtered_rows:42
QIP_gurobi_bound: solver finished in 1.199 s (time_limit=100.0 s, status=OPTIMAL)
[ Info: slice 1, lp_score: 5397.0, primal_bound: 5398.0
QIP_gurobi_bound: solver finished in 1.217 s (time_limit=100.0 s, status=OPTIMAL)
[ Info: slice 2, lp_score: 5398.0, primal_bound: 5398.0
[ Info: new_scs: [42]
[ Info: lp_scores: [5398.0]
[ Info: lp_scores: 5398.0
[ Info: current num of unfinished slices: 13, finished slices: 22
                      ┌                                        ┐ 
                   42 ┤■■■■■■■■■■■■■■■■■■■ 1                     
                   43 ┤ 0                                        
                   44 ┤ 0                                        
                   45 ┤ 0                                        
                   46 ┤ 0                                        
                   47 ┤ 0                                        
                   48 ┤ 0                                        
                   49 ┤■■■■■■■■■■■■■■■■■■■ 1                     
                   50 ┤■■■■■■■■■■■■■■■■■■■ 1                     
   sc, target = 31 51 ┤ 0                                        
                   52 ┤■■■■■■■■■■■■■■■■■■■■■■■■■■■■■■■■■■■■■ 2   
                   53 ┤■■■■■■■■■■■■■■■■■■■ 1                     
                   54 ┤■■■■■■■■■■■■■■■■■■■■■■■■■■■■■■■■■■■■■ 2   
                   55 ┤ 0                                        
                   56 ┤■■■■■■■■■■■■■■■■■■■■■■■■■■■■■■■■■■■■■ 2   
                   57 ┤■■■■■■■■■■■■■■■■■■■ 1                     
                   58 ┤ 0                                        
                   59 ┤■■■■■■■■■■■■■■■■■■■ 1                     
                   60 ┤■■■■■■■■■■■■■■■■■■■ 1                     
                      └                                        ┘ 
                                     num of slices               
[ Info: slicing branch with sc: 42.0
[ Info: cc.sc: 42.0
region size: 10
tbl0_rows:31 filtered_rows:31
QIP_gurobi_bound: solver finished in 1.366 s (time_limit=100.0 s, status=OPTIMAL)
[ Info: slice 1, lp_score: 5395.0, primal_bound: 5398.0
QIP_gurobi_bound: solver finished in 4.8 s (time_limit=100.0 s, status=OPTIMAL)
[ Info: slice 2, lp_score: 5398.0, primal_bound: 5398.0
[ Info: new_scs: [40]
[ Info: lp_scores: [5398.0]
[ Info: lp_scores: 5398.0
[ Info: current num of unfinished slices: 13, finished slices: 22
                      ┌                                        ┐ 
                   40 ┤■■■■■■■■■■■■■■■■■■■ 1                     
                   41 ┤ 0                                        
                   42 ┤ 0                                        
                   43 ┤ 0                                        
                   44 ┤ 0                                        
                   45 ┤ 0                                        
                   46 ┤ 0                                        
                   47 ┤ 0                                        
                   48 ┤ 0                                        
                   49 ┤■■■■■■■■■■■■■■■■■■■ 1                     
   sc, target = 31 50 ┤■■■■■■■■■■■■■■■■■■■ 1                     
                   51 ┤ 0                                        
                   52 ┤■■■■■■■■■■■■■■■■■■■■■■■■■■■■■■■■■■■■■ 2   
                   53 ┤■■■■■■■■■■■■■■■■■■■ 1                     
                   54 ┤■■■■■■■■■■■■■■■■■■■■■■■■■■■■■■■■■■■■■ 2   
                   55 ┤ 0                                        
                   56 ┤■■■■■■■■■■■■■■■■■■■■■■■■■■■■■■■■■■■■■ 2   
                   57 ┤■■■■■■■■■■■■■■■■■■■ 1                     
                   58 ┤ 0                                        
                   59 ┤■■■■■■■■■■■■■■■■■■■ 1                     
                   60 ┤■■■■■■■■■■■■■■■■■■■ 1                     
                      └                                        ┘ 
                                     num of slices               
[ Info: slicing branch with sc: 40.0
[ Info: cc.sc: 40.0
region size: 10
tbl0_rows:36 filtered_rows:36
QIP_gurobi_bound: solver finished in 1.215 s (time_limit=100.0 s, status=OPTIMAL)
[ Info: slice 1, lp_score: 5395.0, primal_bound: 5398.0
QIP_gurobi_bound: solver finished in 1.27 s (time_limit=100.0 s, status=OPTIMAL)
[ Info: slice 2, lp_score: 5398.0, primal_bound: 5398.0
[ Info: new_scs: [39]
[ Info: lp_scores: [5398.0]
[ Info: lp_scores: 5398.0
[ Info: current num of unfinished slices: 13, finished slices: 22
                      ┌                                        ┐ 
                   39 ┤■■■■■■■■■■■■■■■■■■■ 1                     
                   40 ┤ 0                                        
                   41 ┤ 0                                        
                   42 ┤ 0                                        
                   43 ┤ 0                                        
                   44 ┤ 0                                        
                   45 ┤ 0                                        
                   46 ┤ 0                                        
                   47 ┤ 0                                        
                   48 ┤ 0                                        
   sc, target = 31 49 ┤■■■■■■■■■■■■■■■■■■■ 1                     
                   50 ┤■■■■■■■■■■■■■■■■■■■ 1                     
                   51 ┤ 0                                        
                   52 ┤■■■■■■■■■■■■■■■■■■■■■■■■■■■■■■■■■■■■■ 2   
                   53 ┤■■■■■■■■■■■■■■■■■■■ 1                     
                   54 ┤■■■■■■■■■■■■■■■■■■■■■■■■■■■■■■■■■■■■■ 2   
                   55 ┤ 0                                        
                   56 ┤■■■■■■■■■■■■■■■■■■■■■■■■■■■■■■■■■■■■■ 2   
                   57 ┤■■■■■■■■■■■■■■■■■■■ 1                     
                   58 ┤ 0                                        
                   59 ┤■■■■■■■■■■■■■■■■■■■ 1                     
                   60 ┤■■■■■■■■■■■■■■■■■■■ 1                     
                      └                                        ┘ 
                                     num of slices               
[ Info: slicing branch with sc: 39.0
[ Info: cc.sc: 39.0
region size: 10
tbl0_rows:28 filtered_rows:28
QIP_gurobi_bound: solver finished in 1.152 s (time_limit=100.0 s, status=OPTIMAL)
[ Info: slice 1, lp_score: 5398.0, primal_bound: 5398.0
QIP_gurobi_bound: solver finished in 1.187 s (time_limit=100.0 s, status=OPTIMAL)
[ Info: slice 2, lp_score: 5393.0, primal_bound: 5398.0
[ Info: new_scs: [39]
[ Info: lp_scores: [5398.0]
[ Info: lp_scores: 5398.0
[ Info: current num of unfinished slices: 13, finished slices: 22
                      ┌                                        ┐ 
                   39 ┤■■■■■■■■■■■■■■■■■■■ 1                     
                   40 ┤ 0                                        
                   41 ┤ 0                                        
                   42 ┤ 0                                        
                   43 ┤ 0                                        
                   44 ┤ 0                                        
                   45 ┤ 0                                        
                   46 ┤ 0                                        
                   47 ┤ 0                                        
                   48 ┤ 0                                        
   sc, target = 31 49 ┤■■■■■■■■■■■■■■■■■■■ 1                     
                   50 ┤■■■■■■■■■■■■■■■■■■■ 1                     
                   51 ┤ 0                                        
                   52 ┤■■■■■■■■■■■■■■■■■■■■■■■■■■■■■■■■■■■■■ 2   
                   53 ┤■■■■■■■■■■■■■■■■■■■ 1                     
                   54 ┤■■■■■■■■■■■■■■■■■■■■■■■■■■■■■■■■■■■■■ 2   
                   55 ┤ 0                                        
                   56 ┤■■■■■■■■■■■■■■■■■■■■■■■■■■■■■■■■■■■■■ 2   
                   57 ┤■■■■■■■■■■■■■■■■■■■ 1                     
                   58 ┤ 0                                        
                   59 ┤■■■■■■■■■■■■■■■■■■■ 1                     
                   60 ┤■■■■■■■■■■■■■■■■■■■ 1                     
                      └                                        ┘ 
                                     num of slices               
[ Info: slicing branch with sc: 39.0
[ Info: cc.sc: 39.0
region size: 10
tbl0_rows:49 filtered_rows:49
QIP_gurobi_bound: solver finished in 1.233 s (time_limit=100.0 s, status=OPTIMAL)
[ Info: slice 1, lp_score: 5398.0, primal_bound: 5398.0
QIP_gurobi_bound: solver finished in 1.454 s (time_limit=100.0 s, status=OPTIMAL)
[ Info: slice 2, lp_score: 5397.0, primal_bound: 5398.0
[ Info: new_scs: [38]
[ Info: lp_scores: [5398.0]
[ Info: lp_scores: 5398.0
[ Info: current num of unfinished slices: 13, finished slices: 22
                      ┌                                        ┐ 
                   38 ┤■■■■■■■■■■■■■■■■■■■ 1                     
                   39 ┤ 0                                        
                   40 ┤ 0                                        
                   41 ┤ 0                                        
                   42 ┤ 0                                        
                   43 ┤ 0                                        
                   44 ┤ 0                                        
                   45 ┤ 0                                        
                   46 ┤ 0                                        
                   47 ┤ 0                                        
                   48 ┤ 0                                        
   sc, target = 31 49 ┤■■■■■■■■■■■■■■■■■■■ 1                     
                   50 ┤■■■■■■■■■■■■■■■■■■■ 1                     
                   51 ┤ 0                                        
                   52 ┤■■■■■■■■■■■■■■■■■■■■■■■■■■■■■■■■■■■■■ 2   
                   53 ┤■■■■■■■■■■■■■■■■■■■ 1                     
                   54 ┤■■■■■■■■■■■■■■■■■■■■■■■■■■■■■■■■■■■■■ 2   
                   55 ┤ 0                                        
                   56 ┤■■■■■■■■■■■■■■■■■■■■■■■■■■■■■■■■■■■■■ 2   
                   57 ┤■■■■■■■■■■■■■■■■■■■ 1                     
                   58 ┤ 0                                        
                   59 ┤■■■■■■■■■■■■■■■■■■■ 1                     
                   60 ┤■■■■■■■■■■■■■■■■■■■ 1                     
                      └                                        ┘ 
                                     num of slices               
[ Info: slicing branch with sc: 38.0
[ Info: cc.sc: 38.0
region size: 10
tbl0_rows:70 filtered_rows:70
QIP_gurobi_bound: solver finished in 1.27 s (time_limit=100.0 s, status=OPTIMAL)
[ Info: slice 1, lp_score: 5396.0, primal_bound: 5398.0
QIP_gurobi_bound: solver finished in 1.228 s (time_limit=100.0 s, status=OPTIMAL)
[ Info: slice 2, lp_score: 5398.0, primal_bound: 5398.0
[ Info: new_scs: [36]
[ Info: lp_scores: [5398.0]
[ Info: lp_scores: 5398.0
[ Info: current num of unfinished slices: 13, finished slices: 22
                      ┌                                        ┐ 
                   36 ┤■■■■■■■■■■■■■■■■■■■ 1                     
                   37 ┤ 0                                        
                   38 ┤ 0                                        
                   39 ┤ 0                                        
                   40 ┤ 0                                        
                   41 ┤ 0                                        
                   42 ┤ 0                                        
                   43 ┤ 0                                        
                   44 ┤ 0                                        
                   45 ┤ 0                                        
                   46 ┤ 0                                        
                   47 ┤ 0                                        
   sc, target = 31 48 ┤ 0                                        
                   49 ┤■■■■■■■■■■■■■■■■■■■ 1                     
                   50 ┤■■■■■■■■■■■■■■■■■■■ 1                     
                   51 ┤ 0                                        
                   52 ┤■■■■■■■■■■■■■■■■■■■■■■■■■■■■■■■■■■■■■ 2   
                   53 ┤■■■■■■■■■■■■■■■■■■■ 1                     
                   54 ┤■■■■■■■■■■■■■■■■■■■■■■■■■■■■■■■■■■■■■ 2   
                   55 ┤ 0                                        
                   56 ┤■■■■■■■■■■■■■■■■■■■■■■■■■■■■■■■■■■■■■ 2   
                   57 ┤■■■■■■■■■■■■■■■■■■■ 1                     
                   58 ┤ 0                                        
                   59 ┤■■■■■■■■■■■■■■■■■■■ 1                     
                   60 ┤■■■■■■■■■■■■■■■■■■■ 1                     
                      └                                        ┘ 
                                     num of slices               
[ Info: slicing branch with sc: 36.0
[ Info: cc.sc: 36.0
region size: 10
tbl0_rows:39 filtered_rows:39
QIP_gurobi_bound: solver finished in 1.228 s (time_limit=100.0 s, status=OPTIMAL)
[ Info: slice 1, lp_score: 5392.0, primal_bound: 5398.0
QIP_gurobi_bound: solver finished in 1.236 s (time_limit=100.0 s, status=OPTIMAL)
[ Info: slice 2, lp_score: 5398.0, primal_bound: 5398.0
[ Info: new_scs: [36]
[ Info: lp_scores: [5398.0]
[ Info: lp_scores: 5398.0
[ Info: current num of unfinished slices: 13, finished slices: 22
                      ┌                                        ┐ 
                   36 ┤■■■■■■■■■■■■■■■■■■■ 1                     
                   37 ┤ 0                                        
                   38 ┤ 0                                        
                   39 ┤ 0                                        
                   40 ┤ 0                                        
                   41 ┤ 0                                        
                   42 ┤ 0                                        
                   43 ┤ 0                                        
                   44 ┤ 0                                        
                   45 ┤ 0                                        
                   46 ┤ 0                                        
                   47 ┤ 0                                        
   sc, target = 31 48 ┤ 0                                        
                   49 ┤■■■■■■■■■■■■■■■■■■■ 1                     
                   50 ┤■■■■■■■■■■■■■■■■■■■ 1                     
                   51 ┤ 0                                        
                   52 ┤■■■■■■■■■■■■■■■■■■■■■■■■■■■■■■■■■■■■■ 2   
                   53 ┤■■■■■■■■■■■■■■■■■■■ 1                     
                   54 ┤■■■■■■■■■■■■■■■■■■■■■■■■■■■■■■■■■■■■■ 2   
                   55 ┤ 0                                        
                   56 ┤■■■■■■■■■■■■■■■■■■■■■■■■■■■■■■■■■■■■■ 2   
                   57 ┤■■■■■■■■■■■■■■■■■■■ 1                     
                   58 ┤ 0                                        
                   59 ┤■■■■■■■■■■■■■■■■■■■ 1                     
                   60 ┤■■■■■■■■■■■■■■■■■■■ 1                     
                      └                                        ┘ 
                                     num of slices               
[ Info: slicing branch with sc: 36.0
[ Info: cc.sc: 36.0
region size: 10
tbl0_rows:69 filtered_rows:69
QIP_gurobi_bound: solver finished in 1.239 s (time_limit=100.0 s, status=OPTIMAL)
[ Info: slice 1, lp_score: 5397.0, primal_bound: 5398.0
QIP_gurobi_bound: solver finished in 1.213 s (time_limit=100.0 s, status=OPTIMAL)
[ Info: slice 2, lp_score: 5398.0, primal_bound: 5398.0
[ Info: new_scs: [35]
[ Info: lp_scores: [5398.0]
[ Info: lp_scores: 5398.0
[ Info: current num of unfinished slices: 13, finished slices: 22
                      ┌                                        ┐ 
                   35 ┤■■■■■■■■■■■■■■■■■■■ 1                     
                   36 ┤ 0                                        
                   37 ┤ 0                                        
                   38 ┤ 0                                        
                   39 ┤ 0                                        
                   40 ┤ 0                                        
                   41 ┤ 0                                        
                   42 ┤ 0                                        
                   43 ┤ 0                                        
                   44 ┤ 0                                        
                   45 ┤ 0                                        
                   46 ┤ 0                                        
   sc, target = 31 47 ┤ 0                                        
                   48 ┤ 0                                        
                   49 ┤■■■■■■■■■■■■■■■■■■■ 1                     
                   50 ┤■■■■■■■■■■■■■■■■■■■ 1                     
                   51 ┤ 0                                        
                   52 ┤■■■■■■■■■■■■■■■■■■■■■■■■■■■■■■■■■■■■■ 2   
                   53 ┤■■■■■■■■■■■■■■■■■■■ 1                     
                   54 ┤■■■■■■■■■■■■■■■■■■■■■■■■■■■■■■■■■■■■■ 2   
                   55 ┤ 0                                        
                   56 ┤■■■■■■■■■■■■■■■■■■■■■■■■■■■■■■■■■■■■■ 2   
                   57 ┤■■■■■■■■■■■■■■■■■■■ 1                     
                   58 ┤ 0                                        
                   59 ┤■■■■■■■■■■■■■■■■■■■ 1                     
                   60 ┤■■■■■■■■■■■■■■■■■■■ 1                     
                      └                                        ┘ 
                                     num of slices               
[ Info: slicing branch with sc: 35.0
[ Info: cc.sc: 35.0
region size: 10
tbl0_rows:84 filtered_rows:84
QIP_gurobi_bound: solver finished in 1.101 s (time_limit=100.0 s, status=OPTIMAL)
[ Info: slice 1, lp_score: 5397.0, primal_bound: 5398.0
QIP_gurobi_bound: solver finished in 1.216 s (time_limit=100.0 s, status=OPTIMAL)
[ Info: slice 2, lp_score: 5398.0, primal_bound: 5398.0
[ Info: new_scs: [35]
[ Info: lp_scores: [5398.0]
[ Info: lp_scores: 5398.0
[ Info: current num of unfinished slices: 13, finished slices: 22
                      ┌                                        ┐ 
                   35 ┤■■■■■■■■■■■■■■■■■■■ 1                     
                   36 ┤ 0                                        
                   37 ┤ 0                                        
                   38 ┤ 0                                        
                   39 ┤ 0                                        
                   40 ┤ 0                                        
                   41 ┤ 0                                        
                   42 ┤ 0                                        
                   43 ┤ 0                                        
                   44 ┤ 0                                        
                   45 ┤ 0                                        
                   46 ┤ 0                                        
   sc, target = 31 47 ┤ 0                                        
                   48 ┤ 0                                        
                   49 ┤■■■■■■■■■■■■■■■■■■■ 1                     
                   50 ┤■■■■■■■■■■■■■■■■■■■ 1                     
                   51 ┤ 0                                        
                   52 ┤■■■■■■■■■■■■■■■■■■■■■■■■■■■■■■■■■■■■■ 2   
                   53 ┤■■■■■■■■■■■■■■■■■■■ 1                     
                   54 ┤■■■■■■■■■■■■■■■■■■■■■■■■■■■■■■■■■■■■■ 2   
                   55 ┤ 0                                        
                   56 ┤■■■■■■■■■■■■■■■■■■■■■■■■■■■■■■■■■■■■■ 2   
                   57 ┤■■■■■■■■■■■■■■■■■■■ 1                     
                   58 ┤ 0                                        
                   59 ┤■■■■■■■■■■■■■■■■■■■ 1                     
                   60 ┤■■■■■■■■■■■■■■■■■■■ 1                     
                      └                                        ┘ 
                                     num of slices               
[ Info: slicing branch with sc: 35.0
[ Info: cc.sc: 35.0
region size: 10
tbl0_rows:46 filtered_rows:46
QIP_gurobi_bound: solver finished in 1.212 s (time_limit=100.0 s, status=OPTIMAL)
[ Info: slice 1, lp_score: 5398.0, primal_bound: 5398.0
QIP_gurobi_bound: solver finished in 1.105 s (time_limit=100.0 s, status=OPTIMAL)
[ Info: slice 2, lp_score: 5398.0, primal_bound: 5398.0
[ Info: new_scs: [33, 33]
[ Info: lp_scores: [5398.0, 5398.0]
[ Info: lp_scores: 5398.0
[ Info: lp_scores: 5398.0
[ Info: current num of unfinished slices: 14, finished slices: 22
                      ┌                                        ┐ 
                   33 ┤■■■■■■■■■■■■■■■■■■■■■■■■■■■■■■■■■■■■■ 2   
                   34 ┤ 0                                        
                   35 ┤ 0                                        
                   36 ┤ 0                                        
                   37 ┤ 0                                        
                   38 ┤ 0                                        
                   39 ┤ 0                                        
                   40 ┤ 0                                        
                   41 ┤ 0                                        
                   42 ┤ 0                                        
                   43 ┤ 0                                        
                   44 ┤ 0                                        
                   45 ┤ 0                                        
   sc, target = 31 46 ┤ 0                                        
                   47 ┤ 0                                        
                   48 ┤ 0                                        
                   49 ┤■■■■■■■■■■■■■■■■■■■ 1                     
                   50 ┤■■■■■■■■■■■■■■■■■■■ 1                     
                   51 ┤ 0                                        
                   52 ┤■■■■■■■■■■■■■■■■■■■■■■■■■■■■■■■■■■■■■ 2   
                   53 ┤■■■■■■■■■■■■■■■■■■■ 1                     
                   54 ┤■■■■■■■■■■■■■■■■■■■■■■■■■■■■■■■■■■■■■ 2   
                   55 ┤ 0                                        
                   56 ┤■■■■■■■■■■■■■■■■■■■■■■■■■■■■■■■■■■■■■ 2   
                   57 ┤■■■■■■■■■■■■■■■■■■■ 1                     
                   58 ┤ 0                                        
                   59 ┤■■■■■■■■■■■■■■■■■■■ 1                     
                   60 ┤■■■■■■■■■■■■■■■■■■■ 1                     
                      └                                        ┘ 
                                     num of slices               
[ Info: slicing branch with sc: 33.0
[ Info: cc.sc: 33.0
region size: 10
tbl0_rows:55 filtered_rows:55
QIP_gurobi_bound: solver finished in 1.233 s (time_limit=100.0 s, status=OPTIMAL)
[ Info: slice 1, lp_score: 5398.0, primal_bound: 5398.0
QIP_gurobi_bound: solver finished in 1.255 s (time_limit=100.0 s, status=OPTIMAL)
[ Info: slice 2, lp_score: 5394.0, primal_bound: 5398.0
[ Info: new_scs: [33]
[ Info: lp_scores: [5398.0]
[ Info: lp_scores: 5398.0
[ Info: current num of unfinished slices: 14, finished slices: 22
                      ┌                                        ┐ 
                   33 ┤■■■■■■■■■■■■■■■■■■■■■■■■■■■■■■■■■■■■■ 2   
                   34 ┤ 0                                        
                   35 ┤ 0                                        
                   36 ┤ 0                                        
                   37 ┤ 0                                        
                   38 ┤ 0                                        
                   39 ┤ 0                                        
                   40 ┤ 0                                        
                   41 ┤ 0                                        
                   42 ┤ 0                                        
                   43 ┤ 0                                        
                   44 ┤ 0                                        
                   45 ┤ 0                                        
   sc, target = 31 46 ┤ 0                                        
                   47 ┤ 0                                        
                   48 ┤ 0                                        
                   49 ┤■■■■■■■■■■■■■■■■■■■ 1                     
                   50 ┤■■■■■■■■■■■■■■■■■■■ 1                     
                   51 ┤ 0                                        
                   52 ┤■■■■■■■■■■■■■■■■■■■■■■■■■■■■■■■■■■■■■ 2   
                   53 ┤■■■■■■■■■■■■■■■■■■■ 1                     
                   54 ┤■■■■■■■■■■■■■■■■■■■■■■■■■■■■■■■■■■■■■ 2   
                   55 ┤ 0                                        
                   56 ┤■■■■■■■■■■■■■■■■■■■■■■■■■■■■■■■■■■■■■ 2   
                   57 ┤■■■■■■■■■■■■■■■■■■■ 1                     
                   58 ┤ 0                                        
                   59 ┤■■■■■■■■■■■■■■■■■■■ 1                     
                   60 ┤■■■■■■■■■■■■■■■■■■■ 1                     
                      └                                        ┘ 
                                     num of slices               
[ Info: slicing branch with sc: 33.0
[ Info: cc.sc: 33.0
region size: 10
tbl0_rows:42 filtered_rows:42
QIP_gurobi_bound: solver finished in 1.361 s (time_limit=100.0 s, status=OPTIMAL)
[ Info: slice 1, lp_score: 5391.0, primal_bound: 5398.0
QIP_gurobi_bound: solver finished in 1.363 s (time_limit=100.0 s, status=OPTIMAL)
[ Info: slice 2, lp_score: 5398.0, primal_bound: 5398.0
[ Info: new_scs: [32]
[ Info: lp_scores: [5398.0]
[ Info: lp_scores: 5398.0
[ Info: current num of unfinished slices: 14, finished slices: 22
                      ┌                                        ┐ 
                   32 ┤■■■■■■■■■■■■■■■■■■■ 1                     
                   33 ┤■■■■■■■■■■■■■■■■■■■ 1                     
                   34 ┤ 0                                        
                   35 ┤ 0                                        
                   36 ┤ 0                                        
                   37 ┤ 0                                        
                   38 ┤ 0                                        
                   39 ┤ 0                                        
                   40 ┤ 0                                        
                   41 ┤ 0                                        
                   42 ┤ 0                                        
                   43 ┤ 0                                        
                   44 ┤ 0                                        
                   45 ┤ 0                                        
   sc, target = 31 46 ┤ 0                                        
                   47 ┤ 0                                        
                   48 ┤ 0                                        
                   49 ┤■■■■■■■■■■■■■■■■■■■ 1                     
                   50 ┤■■■■■■■■■■■■■■■■■■■ 1                     
                   51 ┤ 0                                        
                   52 ┤■■■■■■■■■■■■■■■■■■■■■■■■■■■■■■■■■■■■■ 2   
                   53 ┤■■■■■■■■■■■■■■■■■■■ 1                     
                   54 ┤■■■■■■■■■■■■■■■■■■■■■■■■■■■■■■■■■■■■■ 2   
                   55 ┤ 0                                        
                   56 ┤■■■■■■■■■■■■■■■■■■■■■■■■■■■■■■■■■■■■■ 2   
                   57 ┤■■■■■■■■■■■■■■■■■■■ 1                     
                   58 ┤ 0                                        
                   59 ┤■■■■■■■■■■■■■■■■■■■ 1                     
                   60 ┤■■■■■■■■■■■■■■■■■■■ 1                     
                      └                                        ┘ 
                                     num of slices               
[ Info: slicing branch with sc: 32.0
[ Info: cc.sc: 32.0
region size: 10
tbl0_rows:20 filtered_rows:20
QIP_gurobi_bound: solver finished in 1.131 s (time_limit=100.0 s, status=OPTIMAL)
[ Info: slice 1, lp_score: 5396.0, primal_bound: 5398.0
QIP_gurobi_bound: solver finished in 1.149 s (time_limit=100.0 s, status=OPTIMAL)
[ Info: slice 2, lp_score: 5398.0, primal_bound: 5398.0
[ Info: new_scs: [31]
[ Info: lp_scores: [5398.0]
[ Info: lp_scores: 5398.0
[ Info: current num of unfinished slices: 14, finished slices: 22
                      ┌                                        ┐ 
                   31 ┤■■■■■■■■■■■■■■■■■■■ 1                     
                   32 ┤ 0                                        
                   33 ┤■■■■■■■■■■■■■■■■■■■ 1                     
                   34 ┤ 0                                        
                   35 ┤ 0                                        
                   36 ┤ 0                                        
                   37 ┤ 0                                        
                   38 ┤ 0                                        
                   39 ┤ 0                                        
                   40 ┤ 0                                        
                   41 ┤ 0                                        
                   42 ┤ 0                                        
                   43 ┤ 0                                        
                   44 ┤ 0                                        
   sc, target = 31 45 ┤ 0                                        
                   46 ┤ 0                                        
                   47 ┤ 0                                        
                   48 ┤ 0                                        
                   49 ┤■■■■■■■■■■■■■■■■■■■ 1                     
                   50 ┤■■■■■■■■■■■■■■■■■■■ 1                     
                   51 ┤ 0                                        
                   52 ┤■■■■■■■■■■■■■■■■■■■■■■■■■■■■■■■■■■■■■ 2   
                   53 ┤■■■■■■■■■■■■■■■■■■■ 1                     
                   54 ┤■■■■■■■■■■■■■■■■■■■■■■■■■■■■■■■■■■■■■ 2   
                   55 ┤ 0                                        
                   56 ┤■■■■■■■■■■■■■■■■■■■■■■■■■■■■■■■■■■■■■ 2   
                   57 ┤■■■■■■■■■■■■■■■■■■■ 1                     
                   58 ┤ 0                                        
                   59 ┤■■■■■■■■■■■■■■■■■■■ 1                     
                   60 ┤■■■■■■■■■■■■■■■■■■■ 1                     
                      └                                        ┘ 
                                     num of slices               
[ Info: slicing branch with sc: 31.0
  [slice produced] sc=31.0 tc=45.23502193628801 nv=3555 ne=6923 r=32.5
QIP_value_gurobi: solver finished in 1.148 s (time_limit=604800.0 s, status=OPTIMAL)
[ Info: feasible solution: 5398.0, primal bound: 5398.0
[ Info: current num of unfinished slices: 13, finished slices: 23
                      ┌                                        ┐ 
                   33 ┤■■■■■■■■■■■■■■■■■■■ 1                     
                   34 ┤ 0                                        
                   35 ┤ 0                                        
                   36 ┤ 0                                        
                   37 ┤ 0                                        
                   38 ┤ 0                                        
                   39 ┤ 0                                        
                   40 ┤ 0                                        
                   41 ┤ 0                                        
                   42 ┤ 0                                        
                   43 ┤ 0                                        
                   44 ┤ 0                                        
                   45 ┤ 0                                        
   sc, target = 31 46 ┤ 0                                        
                   47 ┤ 0                                        
                   48 ┤ 0                                        
                   49 ┤■■■■■■■■■■■■■■■■■■■ 1                     
                   50 ┤■■■■■■■■■■■■■■■■■■■ 1                     
                   51 ┤ 0                                        
                   52 ┤■■■■■■■■■■■■■■■■■■■■■■■■■■■■■■■■■■■■■ 2   
                   53 ┤■■■■■■■■■■■■■■■■■■■ 1                     
                   54 ┤■■■■■■■■■■■■■■■■■■■■■■■■■■■■■■■■■■■■■ 2   
                   55 ┤ 0                                        
                   56 ┤■■■■■■■■■■■■■■■■■■■■■■■■■■■■■■■■■■■■■ 2   
                   57 ┤■■■■■■■■■■■■■■■■■■■ 1                     
                   58 ┤ 0                                        
                   59 ┤■■■■■■■■■■■■■■■■■■■ 1                     
                   60 ┤■■■■■■■■■■■■■■■■■■■ 1                     
                      └                                        ┘ 
                                     num of slices               
[ Info: slicing branch with sc: 33.0
[ Info: cc.sc: 33.0
region size: 10
tbl0_rows:64 filtered_rows:64
QIP_gurobi_bound: solver finished in 5.545 s (time_limit=100.0 s, status=OPTIMAL)
[ Info: slice 1, lp_score: 5398.0, primal_bound: 5398.0
QIP_gurobi_bound: solver finished in 1.168 s (time_limit=100.0 s, status=OPTIMAL)
[ Info: slice 2, lp_score: 5392.0, primal_bound: 5398.0
[ Info: new_scs: [33]
[ Info: lp_scores: [5398.0]
[ Info: lp_scores: 5398.0
[ Info: current num of unfinished slices: 13, finished slices: 23
                      ┌                                        ┐ 
                   33 ┤■■■■■■■■■■■■■■■■■■■ 1                     
                   34 ┤ 0                                        
                   35 ┤ 0                                        
                   36 ┤ 0                                        
                   37 ┤ 0                                        
                   38 ┤ 0                                        
                   39 ┤ 0                                        
                   40 ┤ 0                                        
                   41 ┤ 0                                        
                   42 ┤ 0                                        
                   43 ┤ 0                                        
                   44 ┤ 0                                        
                   45 ┤ 0                                        
   sc, target = 31 46 ┤ 0                                        
                   47 ┤ 0                                        
                   48 ┤ 0                                        
                   49 ┤■■■■■■■■■■■■■■■■■■■ 1                     
                   50 ┤■■■■■■■■■■■■■■■■■■■ 1                     
                   51 ┤ 0                                        
                   52 ┤■■■■■■■■■■■■■■■■■■■■■■■■■■■■■■■■■■■■■ 2   
                   53 ┤■■■■■■■■■■■■■■■■■■■ 1                     
                   54 ┤■■■■■■■■■■■■■■■■■■■■■■■■■■■■■■■■■■■■■ 2   
                   55 ┤ 0                                        
                   56 ┤■■■■■■■■■■■■■■■■■■■■■■■■■■■■■■■■■■■■■ 2   
                   57 ┤■■■■■■■■■■■■■■■■■■■ 1                     
                   58 ┤ 0                                        
                   59 ┤■■■■■■■■■■■■■■■■■■■ 1                     
                   60 ┤■■■■■■■■■■■■■■■■■■■ 1                     
                      └                                        ┘ 
                                     num of slices               
[ Info: slicing branch with sc: 33.0
[ Info: cc.sc: 33.0
region size: 10
tbl0_rows:47 filtered_rows:47
QIP_gurobi_bound: solver finished in 1.133 s (time_limit=100.0 s, status=OPTIMAL)
[ Info: slice 1, lp_score: 5398.0, primal_bound: 5398.0
QIP_gurobi_bound: solver finished in 1.349 s (time_limit=100.0 s, status=OPTIMAL)
[ Info: slice 2, lp_score: 5394.0, primal_bound: 5398.0
[ Info: new_scs: [33]
[ Info: lp_scores: [5398.0]
[ Info: lp_scores: 5398.0
[ Info: current num of unfinished slices: 13, finished slices: 23
                      ┌                                        ┐ 
                   33 ┤■■■■■■■■■■■■■■■■■■■ 1                     
                   34 ┤ 0                                        
                   35 ┤ 0                                        
                   36 ┤ 0                                        
                   37 ┤ 0                                        
                   38 ┤ 0                                        
                   39 ┤ 0                                        
                   40 ┤ 0                                        
                   41 ┤ 0                                        
                   42 ┤ 0                                        
                   43 ┤ 0                                        
                   44 ┤ 0                                        
                   45 ┤ 0                                        
   sc, target = 31 46 ┤ 0                                        
                   47 ┤ 0                                        
                   48 ┤ 0                                        
                   49 ┤■■■■■■■■■■■■■■■■■■■ 1                     
                   50 ┤■■■■■■■■■■■■■■■■■■■ 1                     
                   51 ┤ 0                                        
                   52 ┤■■■■■■■■■■■■■■■■■■■■■■■■■■■■■■■■■■■■■ 2   
                   53 ┤■■■■■■■■■■■■■■■■■■■ 1                     
                   54 ┤■■■■■■■■■■■■■■■■■■■■■■■■■■■■■■■■■■■■■ 2   
                   55 ┤ 0                                        
                   56 ┤■■■■■■■■■■■■■■■■■■■■■■■■■■■■■■■■■■■■■ 2   
                   57 ┤■■■■■■■■■■■■■■■■■■■ 1                     
                   58 ┤ 0                                        
                   59 ┤■■■■■■■■■■■■■■■■■■■ 1                     
                   60 ┤■■■■■■■■■■■■■■■■■■■ 1                     
                      └                                        ┘ 
                                     num of slices               
[ Info: slicing branch with sc: 33.0
[ Info: cc.sc: 33.0
region size: 10
tbl0_rows:36 filtered_rows:36
QIP_gurobi_bound: solver finished in 1.263 s (time_limit=100.0 s, status=OPTIMAL)
[ Info: slice 1, lp_score: 5398.0, primal_bound: 5398.0
QIP_gurobi_bound: solver finished in 1.241 s (time_limit=100.0 s, status=OPTIMAL)
[ Info: slice 2, lp_score: 5392.0, primal_bound: 5398.0
QIP_gurobi_bound: solver finished in 1.323 s (time_limit=100.0 s, status=OPTIMAL)
[ Info: slice 3, lp_score: 5381.0, primal_bound: 5398.0
[ Info: new_scs: [31]
[ Info: lp_scores: [5398.0]
[ Info: lp_scores: 5398.0
[ Info: current num of unfinished slices: 13, finished slices: 23
                      ┌                                        ┐ 
                   31 ┤■■■■■■■■■■■■■■■■■■■ 1                     
                   32 ┤ 0                                        
                   33 ┤ 0                                        
                   34 ┤ 0                                        
                   35 ┤ 0                                        
                   36 ┤ 0                                        
                   37 ┤ 0                                        
                   38 ┤ 0                                        
                   39 ┤ 0                                        
                   40 ┤ 0                                        
                   41 ┤ 0                                        
                   42 ┤ 0                                        
                   43 ┤ 0                                        
                   44 ┤ 0                                        
   sc, target = 31 45 ┤ 0                                        
                   46 ┤ 0                                        
                   47 ┤ 0                                        
                   48 ┤ 0                                        
                   49 ┤■■■■■■■■■■■■■■■■■■■ 1                     
                   50 ┤■■■■■■■■■■■■■■■■■■■ 1                     
                   51 ┤ 0                                        
                   52 ┤■■■■■■■■■■■■■■■■■■■■■■■■■■■■■■■■■■■■■ 2   
                   53 ┤■■■■■■■■■■■■■■■■■■■ 1                     
                   54 ┤■■■■■■■■■■■■■■■■■■■■■■■■■■■■■■■■■■■■■ 2   
                   55 ┤ 0                                        
                   56 ┤■■■■■■■■■■■■■■■■■■■■■■■■■■■■■■■■■■■■■ 2   
                   57 ┤■■■■■■■■■■■■■■■■■■■ 1                     
                   58 ┤ 0                                        
                   59 ┤■■■■■■■■■■■■■■■■■■■ 1                     
                   60 ┤■■■■■■■■■■■■■■■■■■■ 1                     
                      └                                        ┘ 
                                     num of slices               
[ Info: slicing branch with sc: 31.0
  [slice produced] sc=31.0 tc=45.299405628015286 nv=3555 ne=6923 r=34.5
QIP_value_gurobi: solver finished in 1.219 s (time_limit=604800.0 s, status=OPTIMAL)
[ Info: feasible solution: 5398.0, primal bound: 5398.0
[ Info: current num of unfinished slices: 12, finished slices: 24
                      ┌                                        ┐ 
                   49 ┤■■■■■■■■■■■■■■■■■■■ 1                     
                   50 ┤■■■■■■■■■■■■■■■■■■■ 1                     
                   51 ┤ 0                                        
                   52 ┤■■■■■■■■■■■■■■■■■■■■■■■■■■■■■■■■■■■■■ 2   
                   53 ┤■■■■■■■■■■■■■■■■■■■ 1                     
   sc, target = 31 54 ┤■■■■■■■■■■■■■■■■■■■■■■■■■■■■■■■■■■■■■ 2   
                   55 ┤ 0                                        
                   56 ┤■■■■■■■■■■■■■■■■■■■■■■■■■■■■■■■■■■■■■ 2   
                   57 ┤■■■■■■■■■■■■■■■■■■■ 1                     
                   58 ┤ 0                                        
                   59 ┤■■■■■■■■■■■■■■■■■■■ 1                     
                   60 ┤■■■■■■■■■■■■■■■■■■■ 1                     
                      └                                        ┘ 
                                     num of slices               
[ Info: slicing branch with sc: 49.0
[ Info: cc.sc: 49.0
region size: 10
tbl0_rows:55 filtered_rows:55
QIP_gurobi_bound: solver finished in 1.352 s (time_limit=100.0 s, status=OPTIMAL)
[ Info: slice 1, lp_score: 5398.0, primal_bound: 5398.0
QIP_gurobi_bound: solver finished in 1.301 s (time_limit=100.0 s, status=OPTIMAL)
[ Info: slice 2, lp_score: 5397.0, primal_bound: 5398.0
[ Info: new_scs: [49]
[ Info: lp_scores: [5398.0]
[ Info: lp_scores: 5398.0
[ Info: current num of unfinished slices: 12, finished slices: 24
                      ┌                                        ┐ 
                   49 ┤■■■■■■■■■■■■■■■■■■■ 1                     
                   50 ┤■■■■■■■■■■■■■■■■■■■ 1                     
                   51 ┤ 0                                        
                   52 ┤■■■■■■■■■■■■■■■■■■■■■■■■■■■■■■■■■■■■■ 2   
                   53 ┤■■■■■■■■■■■■■■■■■■■ 1                     
   sc, target = 31 54 ┤■■■■■■■■■■■■■■■■■■■■■■■■■■■■■■■■■■■■■ 2   
                   55 ┤ 0                                        
                   56 ┤■■■■■■■■■■■■■■■■■■■■■■■■■■■■■■■■■■■■■ 2   
                   57 ┤■■■■■■■■■■■■■■■■■■■ 1                     
                   58 ┤ 0                                        
                   59 ┤■■■■■■■■■■■■■■■■■■■ 1                     
                   60 ┤■■■■■■■■■■■■■■■■■■■ 1                     
                      └                                        ┘ 
                                     num of slices               
[ Info: slicing branch with sc: 49.0
[ Info: cc.sc: 49.0
region size: 10
tbl0_rows:64 filtered_rows:64
QIP_gurobi_bound: solver finished in 1.314 s (time_limit=100.0 s, status=OPTIMAL)
[ Info: slice 1, lp_score: 5389.0, primal_bound: 5398.0
QIP_gurobi_bound: solver finished in 1.261 s (time_limit=100.0 s, status=OPTIMAL)
[ Info: slice 2, lp_score: 5398.0, primal_bound: 5398.0
QIP_gurobi_bound: solver finished in 1.391 s (time_limit=100.0 s, status=OPTIMAL)
[ Info: slice 3, lp_score: 5396.0, primal_bound: 5398.0
[ Info: new_scs: [49]
[ Info: lp_scores: [5398.0]
[ Info: lp_scores: 5398.0
[ Info: current num of unfinished slices: 12, finished slices: 24
                      ┌                                        ┐ 
                   49 ┤■■■■■■■■■■■■■■■■■■■ 1                     
                   50 ┤■■■■■■■■■■■■■■■■■■■ 1                     
                   51 ┤ 0                                        
                   52 ┤■■■■■■■■■■■■■■■■■■■■■■■■■■■■■■■■■■■■■ 2   
                   53 ┤■■■■■■■■■■■■■■■■■■■ 1                     
   sc, target = 31 54 ┤■■■■■■■■■■■■■■■■■■■■■■■■■■■■■■■■■■■■■ 2   
                   55 ┤ 0                                        
                   56 ┤■■■■■■■■■■■■■■■■■■■■■■■■■■■■■■■■■■■■■ 2   
                   57 ┤■■■■■■■■■■■■■■■■■■■ 1                     
                   58 ┤ 0                                        
                   59 ┤■■■■■■■■■■■■■■■■■■■ 1                     
                   60 ┤■■■■■■■■■■■■■■■■■■■ 1                     
                      └                                        ┘ 
                                     num of slices               
[ Info: slicing branch with sc: 49.0
[ Info: cc.sc: 49.0
region size: 10
tbl0_rows:68 filtered_rows:68
QIP_gurobi_bound: solver finished in 4.879 s (time_limit=100.0 s, status=OPTIMAL)
[ Info: slice 1, lp_score: 5397.0, primal_bound: 5398.0
QIP_gurobi_bound: solver finished in 1.386 s (time_limit=100.0 s, status=OPTIMAL)
[ Info: slice 2, lp_score: 5398.0, primal_bound: 5398.0
[ Info: new_scs: [46]
[ Info: lp_scores: [5398.0]
[ Info: lp_scores: 5398.0
[ Info: current num of unfinished slices: 12, finished slices: 24
                      ┌                                        ┐ 
                   46 ┤■■■■■■■■■■■■■■■■■■■ 1                     
                   47 ┤ 0                                        
                   48 ┤ 0                                        
                   49 ┤ 0                                        
                   50 ┤■■■■■■■■■■■■■■■■■■■ 1                     
                   51 ┤ 0                                        
                   52 ┤■■■■■■■■■■■■■■■■■■■■■■■■■■■■■■■■■■■■■ 2   
   sc, target = 31 53 ┤■■■■■■■■■■■■■■■■■■■ 1                     
                   54 ┤■■■■■■■■■■■■■■■■■■■■■■■■■■■■■■■■■■■■■ 2   
                   55 ┤ 0                                        
                   56 ┤■■■■■■■■■■■■■■■■■■■■■■■■■■■■■■■■■■■■■ 2   
                   57 ┤■■■■■■■■■■■■■■■■■■■ 1                     
                   58 ┤ 0                                        
                   59 ┤■■■■■■■■■■■■■■■■■■■ 1                     
                   60 ┤■■■■■■■■■■■■■■■■■■■ 1                     
                      └                                        ┘ 
                                     num of slices               
[ Info: slicing branch with sc: 46.0
[ Info: cc.sc: 46.0
region size: 10
tbl0_rows:59 filtered_rows:59
QIP_gurobi_bound: solver finished in 1.244 s (time_limit=100.0 s, status=OPTIMAL)
[ Info: slice 1, lp_score: 5398.0, primal_bound: 5398.0
QIP_gurobi_bound: solver finished in 1.269 s (time_limit=100.0 s, status=OPTIMAL)
[ Info: slice 2, lp_score: 5396.0, primal_bound: 5398.0
[ Info: new_scs: [46]
[ Info: lp_scores: [5398.0]
[ Info: lp_scores: 5398.0
[ Info: current num of unfinished slices: 12, finished slices: 24
                      ┌                                        ┐ 
                   46 ┤■■■■■■■■■■■■■■■■■■■ 1                     
                   47 ┤ 0                                        
                   48 ┤ 0                                        
                   49 ┤ 0                                        
                   50 ┤■■■■■■■■■■■■■■■■■■■ 1                     
                   51 ┤ 0                                        
                   52 ┤■■■■■■■■■■■■■■■■■■■■■■■■■■■■■■■■■■■■■ 2   
   sc, target = 31 53 ┤■■■■■■■■■■■■■■■■■■■ 1                     
                   54 ┤■■■■■■■■■■■■■■■■■■■■■■■■■■■■■■■■■■■■■ 2   
                   55 ┤ 0                                        
                   56 ┤■■■■■■■■■■■■■■■■■■■■■■■■■■■■■■■■■■■■■ 2   
                   57 ┤■■■■■■■■■■■■■■■■■■■ 1                     
                   58 ┤ 0                                        
                   59 ┤■■■■■■■■■■■■■■■■■■■ 1                     
                   60 ┤■■■■■■■■■■■■■■■■■■■ 1                     
                      └                                        ┘ 
                                     num of slices               
[ Info: slicing branch with sc: 46.0
[ Info: cc.sc: 46.0
region size: 10
tbl0_rows:27 filtered_rows:27
QIP_gurobi_bound: solver finished in 1.403 s (time_limit=100.0 s, status=OPTIMAL)
[ Info: slice 1, lp_score: 5393.0, primal_bound: 5398.0
QIP_gurobi_bound: solver finished in 5.111 s (time_limit=100.0 s, status=OPTIMAL)
[ Info: slice 2, lp_score: 5398.0, primal_bound: 5398.0
[ Info: new_scs: [45]
[ Info: lp_scores: [5398.0]
[ Info: lp_scores: 5398.0
[ Info: current num of unfinished slices: 12, finished slices: 24
                      ┌                                        ┐ 
                   45 ┤■■■■■■■■■■■■■■■■■■■ 1                     
                   46 ┤ 0                                        
                   47 ┤ 0                                        
                   48 ┤ 0                                        
                   49 ┤ 0                                        
                   50 ┤■■■■■■■■■■■■■■■■■■■ 1                     
                   51 ┤ 0                                        
   sc, target = 31 52 ┤■■■■■■■■■■■■■■■■■■■■■■■■■■■■■■■■■■■■■ 2   
                   53 ┤■■■■■■■■■■■■■■■■■■■ 1                     
                   54 ┤■■■■■■■■■■■■■■■■■■■■■■■■■■■■■■■■■■■■■ 2   
                   55 ┤ 0                                        
                   56 ┤■■■■■■■■■■■■■■■■■■■■■■■■■■■■■■■■■■■■■ 2   
                   57 ┤■■■■■■■■■■■■■■■■■■■ 1                     
                   58 ┤ 0                                        
                   59 ┤■■■■■■■■■■■■■■■■■■■ 1                     
                   60 ┤■■■■■■■■■■■■■■■■■■■ 1                     
                      └                                        ┘ 
                                     num of slices               
[ Info: slicing branch with sc: 45.0
[ Info: cc.sc: 45.0
region size: 10
tbl0_rows:46 filtered_rows:46
QIP_gurobi_bound: solver finished in 4.873 s (time_limit=100.0 s, status=OPTIMAL)
[ Info: slice 1, lp_score: 5398.0, primal_bound: 5398.0
QIP_gurobi_bound: solver finished in 1.287 s (time_limit=100.0 s, status=OPTIMAL)
[ Info: slice 2, lp_score: 5393.0, primal_bound: 5398.0
[ Info: new_scs: [45]
[ Info: lp_scores: [5398.0]
[ Info: lp_scores: 5398.0
[ Info: current num of unfinished slices: 12, finished slices: 24
                      ┌                                        ┐ 
                   45 ┤■■■■■■■■■■■■■■■■■■■ 1                     
                   46 ┤ 0                                        
                   47 ┤ 0                                        
                   48 ┤ 0                                        
                   49 ┤ 0                                        
                   50 ┤■■■■■■■■■■■■■■■■■■■ 1                     
                   51 ┤ 0                                        
   sc, target = 31 52 ┤■■■■■■■■■■■■■■■■■■■■■■■■■■■■■■■■■■■■■ 2   
                   53 ┤■■■■■■■■■■■■■■■■■■■ 1                     
                   54 ┤■■■■■■■■■■■■■■■■■■■■■■■■■■■■■■■■■■■■■ 2   
                   55 ┤ 0                                        
                   56 ┤■■■■■■■■■■■■■■■■■■■■■■■■■■■■■■■■■■■■■ 2   
                   57 ┤■■■■■■■■■■■■■■■■■■■ 1                     
                   58 ┤ 0                                        
                   59 ┤■■■■■■■■■■■■■■■■■■■ 1                     
                   60 ┤■■■■■■■■■■■■■■■■■■■ 1                     
                      └                                        ┘ 
                                     num of slices               
[ Info: slicing branch with sc: 45.0
[ Info: cc.sc: 45.0
region size: 10
tbl0_rows:54 filtered_rows:54
QIP_gurobi_bound: solver finished in 1.421 s (time_limit=100.0 s, status=OPTIMAL)
[ Info: slice 1, lp_score: 5396.0, primal_bound: 5398.0
QIP_gurobi_bound: solver finished in 1.272 s (time_limit=100.0 s, status=OPTIMAL)
[ Info: slice 2, lp_score: 5398.0, primal_bound: 5398.0
[ Info: new_scs: [44]
[ Info: lp_scores: [5398.0]
[ Info: lp_scores: 5398.0
[ Info: current num of unfinished slices: 12, finished slices: 24
                      ┌                                        ┐ 
                   44 ┤■■■■■■■■■■■■■■■■■■■ 1                     
                   45 ┤ 0                                        
                   46 ┤ 0                                        
                   47 ┤ 0                                        
                   48 ┤ 0                                        
                   49 ┤ 0                                        
                   50 ┤■■■■■■■■■■■■■■■■■■■ 1                     
                   51 ┤ 0                                        
   sc, target = 31 52 ┤■■■■■■■■■■■■■■■■■■■■■■■■■■■■■■■■■■■■■ 2   
                   53 ┤■■■■■■■■■■■■■■■■■■■ 1                     
                   54 ┤■■■■■■■■■■■■■■■■■■■■■■■■■■■■■■■■■■■■■ 2   
                   55 ┤ 0                                        
                   56 ┤■■■■■■■■■■■■■■■■■■■■■■■■■■■■■■■■■■■■■ 2   
                   57 ┤■■■■■■■■■■■■■■■■■■■ 1                     
                   58 ┤ 0                                        
                   59 ┤■■■■■■■■■■■■■■■■■■■ 1                     
                   60 ┤■■■■■■■■■■■■■■■■■■■ 1                     
                      └                                        ┘ 
                                     num of slices               
[ Info: slicing branch with sc: 44.0
[ Info: cc.sc: 44.0
region size: 10
tbl0_rows:45 filtered_rows:45
QIP_gurobi_bound: solver finished in 1.285 s (time_limit=100.0 s, status=OPTIMAL)
[ Info: slice 1, lp_score: 5398.0, primal_bound: 5398.0
QIP_gurobi_bound: solver finished in 1.198 s (time_limit=100.0 s, status=OPTIMAL)
[ Info: slice 2, lp_score: 5394.0, primal_bound: 5398.0
[ Info: new_scs: [43]
[ Info: lp_scores: [5398.0]
[ Info: lp_scores: 5398.0
[ Info: current num of unfinished slices: 12, finished slices: 24
                      ┌                                        ┐ 
                   43 ┤■■■■■■■■■■■■■■■■■■■ 1                     
                   44 ┤ 0                                        
                   45 ┤ 0                                        
                   46 ┤ 0                                        
                   47 ┤ 0                                        
                   48 ┤ 0                                        
                   49 ┤ 0                                        
                   50 ┤■■■■■■■■■■■■■■■■■■■ 1                     
   sc, target = 31 51 ┤ 0                                        
                   52 ┤■■■■■■■■■■■■■■■■■■■■■■■■■■■■■■■■■■■■■ 2   
                   53 ┤■■■■■■■■■■■■■■■■■■■ 1                     
                   54 ┤■■■■■■■■■■■■■■■■■■■■■■■■■■■■■■■■■■■■■ 2   
                   55 ┤ 0                                        
                   56 ┤■■■■■■■■■■■■■■■■■■■■■■■■■■■■■■■■■■■■■ 2   
                   57 ┤■■■■■■■■■■■■■■■■■■■ 1                     
                   58 ┤ 0                                        
                   59 ┤■■■■■■■■■■■■■■■■■■■ 1                     
                   60 ┤■■■■■■■■■■■■■■■■■■■ 1                     
                      └                                        ┘ 
                                     num of slices               
[ Info: slicing branch with sc: 43.0
[ Info: cc.sc: 43.0
region size: 10
tbl0_rows:31 filtered_rows:31
QIP_gurobi_bound: solver finished in 1.323 s (time_limit=100.0 s, status=OPTIMAL)
[ Info: slice 1, lp_score: 5397.0, primal_bound: 5398.0
QIP_gurobi_bound: solver finished in 4.895 s (time_limit=100.0 s, status=OPTIMAL)
[ Info: slice 2, lp_score: 5398.0, primal_bound: 5398.0
[ Info: new_scs: [43]
[ Info: lp_scores: [5398.0]
[ Info: lp_scores: 5398.0
[ Info: current num of unfinished slices: 12, finished slices: 24
                      ┌                                        ┐ 
                   43 ┤■■■■■■■■■■■■■■■■■■■ 1                     
                   44 ┤ 0                                        
                   45 ┤ 0                                        
                   46 ┤ 0                                        
                   47 ┤ 0                                        
                   48 ┤ 0                                        
                   49 ┤ 0                                        
                   50 ┤■■■■■■■■■■■■■■■■■■■ 1                     
   sc, target = 31 51 ┤ 0                                        
                   52 ┤■■■■■■■■■■■■■■■■■■■■■■■■■■■■■■■■■■■■■ 2   
                   53 ┤■■■■■■■■■■■■■■■■■■■ 1                     
                   54 ┤■■■■■■■■■■■■■■■■■■■■■■■■■■■■■■■■■■■■■ 2   
                   55 ┤ 0                                        
                   56 ┤■■■■■■■■■■■■■■■■■■■■■■■■■■■■■■■■■■■■■ 2   
                   57 ┤■■■■■■■■■■■■■■■■■■■ 1                     
                   58 ┤ 0                                        
                   59 ┤■■■■■■■■■■■■■■■■■■■ 1                     
                   60 ┤■■■■■■■■■■■■■■■■■■■ 1                     
                      └                                        ┘ 
                                     num of slices               
[ Info: slicing branch with sc: 43.0
[ Info: cc.sc: 43.0
region size: 10
tbl0_rows:6 filtered_rows:6
QIP_gurobi_bound: solver finished in 1.678 s (time_limit=100.0 s, status=OPTIMAL)
[ Info: slice 1, lp_score: 5398.0, primal_bound: 5398.0
[ Info: new_scs: [41]
[ Info: lp_scores: [5398.0]
[ Info: lp_scores: 5398.0
[ Info: current num of unfinished slices: 12, finished slices: 24
                      ┌                                        ┐ 
                   41 ┤■■■■■■■■■■■■■■■■■■■ 1                     
                   42 ┤ 0                                        
                   43 ┤ 0                                        
                   44 ┤ 0                                        
                   45 ┤ 0                                        
                   46 ┤ 0                                        
                   47 ┤ 0                                        
                   48 ┤ 0                                        
                   49 ┤ 0                                        
   sc, target = 31 50 ┤■■■■■■■■■■■■■■■■■■■ 1                     
                   51 ┤ 0                                        
                   52 ┤■■■■■■■■■■■■■■■■■■■■■■■■■■■■■■■■■■■■■ 2   
                   53 ┤■■■■■■■■■■■■■■■■■■■ 1                     
                   54 ┤■■■■■■■■■■■■■■■■■■■■■■■■■■■■■■■■■■■■■ 2   
                   55 ┤ 0                                        
                   56 ┤■■■■■■■■■■■■■■■■■■■■■■■■■■■■■■■■■■■■■ 2   
                   57 ┤■■■■■■■■■■■■■■■■■■■ 1                     
                   58 ┤ 0                                        
                   59 ┤■■■■■■■■■■■■■■■■■■■ 1                     
                   60 ┤■■■■■■■■■■■■■■■■■■■ 1                     
                      └                                        ┘ 
                                     num of slices               
[ Info: slicing branch with sc: 41.0
[ Info: cc.sc: 41.0
region size: 10
tbl0_rows:43 filtered_rows:43
QIP_gurobi_bound: solver finished in 1.254 s (time_limit=100.0 s, status=OPTIMAL)
[ Info: slice 1, lp_score: 5398.0, primal_bound: 5398.0
QIP_gurobi_bound: solver finished in 4.873 s (time_limit=100.0 s, status=OPTIMAL)
[ Info: slice 2, lp_score: 5395.0, primal_bound: 5398.0
[ Info: new_scs: [41]
[ Info: lp_scores: [5398.0]
[ Info: lp_scores: 5398.0
[ Info: current num of unfinished slices: 12, finished slices: 24
                      ┌                                        ┐ 
                   41 ┤■■■■■■■■■■■■■■■■■■■ 1                     
                   42 ┤ 0                                        
                   43 ┤ 0                                        
                   44 ┤ 0                                        
                   45 ┤ 0                                        
                   46 ┤ 0                                        
                   47 ┤ 0                                        
                   48 ┤ 0                                        
                   49 ┤ 0                                        
   sc, target = 31 50 ┤■■■■■■■■■■■■■■■■■■■ 1                     
                   51 ┤ 0                                        
                   52 ┤■■■■■■■■■■■■■■■■■■■■■■■■■■■■■■■■■■■■■ 2   
                   53 ┤■■■■■■■■■■■■■■■■■■■ 1                     
                   54 ┤■■■■■■■■■■■■■■■■■■■■■■■■■■■■■■■■■■■■■ 2   
                   55 ┤ 0                                        
                   56 ┤■■■■■■■■■■■■■■■■■■■■■■■■■■■■■■■■■■■■■ 2   
                   57 ┤■■■■■■■■■■■■■■■■■■■ 1                     
                   58 ┤ 0                                        
                   59 ┤■■■■■■■■■■■■■■■■■■■ 1                     
                   60 ┤■■■■■■■■■■■■■■■■■■■ 1                     
                      └                                        ┘ 
                                     num of slices               
[ Info: slicing branch with sc: 41.0
[ Info: cc.sc: 41.0
region size: 10
tbl0_rows:40 filtered_rows:40
QIP_gurobi_bound: solver finished in 1.379 s (time_limit=100.0 s, status=OPTIMAL)
[ Info: slice 1, lp_score: 5397.0, primal_bound: 5398.0
QIP_gurobi_bound: solver finished in 4.672 s (time_limit=100.0 s, status=OPTIMAL)
[ Info: slice 2, lp_score: 5398.0, primal_bound: 5398.0
[ Info: new_scs: [41]
[ Info: lp_scores: [5398.0]
[ Info: lp_scores: 5398.0
[ Info: current num of unfinished slices: 12, finished slices: 24
                      ┌                                        ┐ 
                   41 ┤■■■■■■■■■■■■■■■■■■■ 1                     
                   42 ┤ 0                                        
                   43 ┤ 0                                        
                   44 ┤ 0                                        
                   45 ┤ 0                                        
                   46 ┤ 0                                        
                   47 ┤ 0                                        
                   48 ┤ 0                                        
                   49 ┤ 0                                        
   sc, target = 31 50 ┤■■■■■■■■■■■■■■■■■■■ 1                     
                   51 ┤ 0                                        
                   52 ┤■■■■■■■■■■■■■■■■■■■■■■■■■■■■■■■■■■■■■ 2   
                   53 ┤■■■■■■■■■■■■■■■■■■■ 1                     
                   54 ┤■■■■■■■■■■■■■■■■■■■■■■■■■■■■■■■■■■■■■ 2   
                   55 ┤ 0                                        
                   56 ┤■■■■■■■■■■■■■■■■■■■■■■■■■■■■■■■■■■■■■ 2   
                   57 ┤■■■■■■■■■■■■■■■■■■■ 1                     
                   58 ┤ 0                                        
                   59 ┤■■■■■■■■■■■■■■■■■■■ 1                     
                   60 ┤■■■■■■■■■■■■■■■■■■■ 1                     
                      └                                        ┘ 
                                     num of slices               
[ Info: slicing branch with sc: 41.0
[ Info: cc.sc: 41.0
region size: 10
tbl0_rows:37 filtered_rows:37
QIP_gurobi_bound: solver finished in 1.311 s (time_limit=100.0 s, status=OPTIMAL)
[ Info: slice 1, lp_score: 5398.0, primal_bound: 5398.0
QIP_gurobi_bound: solver finished in 1.291 s (time_limit=100.0 s, status=OPTIMAL)
[ Info: slice 2, lp_score: 5398.0, primal_bound: 5398.0
[ Info: new_scs: [41, 41]
[ Info: lp_scores: [5398.0, 5398.0]
[ Info: lp_scores: 5398.0
[ Info: lp_scores: 5398.0
[ Info: current num of unfinished slices: 13, finished slices: 24
                      ┌                                        ┐ 
                   41 ┤■■■■■■■■■■■■■■■■■■■■■■■■■■■■■■■■■■■■■ 2   
                   42 ┤ 0                                        
                   43 ┤ 0                                        
                   44 ┤ 0                                        
                   45 ┤ 0                                        
                   46 ┤ 0                                        
                   47 ┤ 0                                        
                   48 ┤ 0                                        
                   49 ┤ 0                                        
   sc, target = 31 50 ┤■■■■■■■■■■■■■■■■■■■ 1                     
                   51 ┤ 0                                        
                   52 ┤■■■■■■■■■■■■■■■■■■■■■■■■■■■■■■■■■■■■■ 2   
                   53 ┤■■■■■■■■■■■■■■■■■■■ 1                     
                   54 ┤■■■■■■■■■■■■■■■■■■■■■■■■■■■■■■■■■■■■■ 2   
                   55 ┤ 0                                        
                   56 ┤■■■■■■■■■■■■■■■■■■■■■■■■■■■■■■■■■■■■■ 2   
                   57 ┤■■■■■■■■■■■■■■■■■■■ 1                     
                   58 ┤ 0                                        
                   59 ┤■■■■■■■■■■■■■■■■■■■ 1                     
                   60 ┤■■■■■■■■■■■■■■■■■■■ 1                     
                      └                                        ┘ 
                                     num of slices               
[ Info: slicing branch with sc: 41.0
[ Info: cc.sc: 41.0
region size: 10
tbl0_rows:27 filtered_rows:27
QIP_gurobi_bound: solver finished in 1.287 s (time_limit=100.0 s, status=OPTIMAL)
[ Info: slice 1, lp_score: 5395.0, primal_bound: 5398.0
QIP_gurobi_bound: solver finished in 1.714 s (time_limit=100.0 s, status=OPTIMAL)
[ Info: slice 2, lp_score: 5398.0, primal_bound: 5398.0
[ Info: new_scs: [40]
[ Info: lp_scores: [5398.0]
[ Info: lp_scores: 5398.0
[ Info: current num of unfinished slices: 13, finished slices: 24
                      ┌                                        ┐ 
                   40 ┤■■■■■■■■■■■■■■■■■■■ 1                     
                   41 ┤■■■■■■■■■■■■■■■■■■■ 1                     
                   42 ┤ 0                                        
                   43 ┤ 0                                        
                   44 ┤ 0                                        
                   45 ┤ 0                                        
                   46 ┤ 0                                        
                   47 ┤ 0                                        
                   48 ┤ 0                                        
                   49 ┤ 0                                        
   sc, target = 31 50 ┤■■■■■■■■■■■■■■■■■■■ 1                     
                   51 ┤ 0                                        
                   52 ┤■■■■■■■■■■■■■■■■■■■■■■■■■■■■■■■■■■■■■ 2   
                   53 ┤■■■■■■■■■■■■■■■■■■■ 1                     
                   54 ┤■■■■■■■■■■■■■■■■■■■■■■■■■■■■■■■■■■■■■ 2   
                   55 ┤ 0                                        
                   56 ┤■■■■■■■■■■■■■■■■■■■■■■■■■■■■■■■■■■■■■ 2   
                   57 ┤■■■■■■■■■■■■■■■■■■■ 1                     
                   58 ┤ 0                                        
                   59 ┤■■■■■■■■■■■■■■■■■■■ 1                     
                   60 ┤■■■■■■■■■■■■■■■■■■■ 1                     
                      └                                        ┘ 
                                     num of slices               
[ Info: slicing branch with sc: 40.0
[ Info: cc.sc: 40.0
region size: 10
tbl0_rows:50 filtered_rows:50
QIP_gurobi_bound: solver finished in 1.382 s (time_limit=100.0 s, status=OPTIMAL)
[ Info: slice 1, lp_score: 5398.0, primal_bound: 5398.0
QIP_gurobi_bound: solver finished in 1.673 s (time_limit=100.0 s, status=OPTIMAL)
[ Info: slice 2, lp_score: 5396.0, primal_bound: 5398.0
[ Info: new_scs: [40]
[ Info: lp_scores: [5398.0]
[ Info: lp_scores: 5398.0
[ Info: current num of unfinished slices: 13, finished slices: 24
                      ┌                                        ┐ 
                   40 ┤■■■■■■■■■■■■■■■■■■■ 1                     
                   41 ┤■■■■■■■■■■■■■■■■■■■ 1                     
                   42 ┤ 0                                        
                   43 ┤ 0                                        
                   44 ┤ 0                                        
                   45 ┤ 0                                        
                   46 ┤ 0                                        
                   47 ┤ 0                                        
                   48 ┤ 0                                        
                   49 ┤ 0                                        
   sc, target = 31 50 ┤■■■■■■■■■■■■■■■■■■■ 1                     
                   51 ┤ 0                                        
                   52 ┤■■■■■■■■■■■■■■■■■■■■■■■■■■■■■■■■■■■■■ 2   
                   53 ┤■■■■■■■■■■■■■■■■■■■ 1                     
                   54 ┤■■■■■■■■■■■■■■■■■■■■■■■■■■■■■■■■■■■■■ 2   
                   55 ┤ 0                                        
                   56 ┤■■■■■■■■■■■■■■■■■■■■■■■■■■■■■■■■■■■■■ 2   
                   57 ┤■■■■■■■■■■■■■■■■■■■ 1                     
                   58 ┤ 0                                        
                   59 ┤■■■■■■■■■■■■■■■■■■■ 1                     
                   60 ┤■■■■■■■■■■■■■■■■■■■ 1                     
                      └                                        ┘ 
                                     num of slices               
[ Info: slicing branch with sc: 40.0
[ Info: cc.sc: 40.0
region size: 10
tbl0_rows:45 filtered_rows:45
QIP_gurobi_bound: solver finished in 4.579 s (time_limit=100.0 s, status=OPTIMAL)
[ Info: slice 1, lp_score: 5398.0, primal_bound: 5398.0
QIP_gurobi_bound: solver finished in 1.263 s (time_limit=100.0 s, status=OPTIMAL)
[ Info: slice 2, lp_score: 5397.0, primal_bound: 5398.0
[ Info: new_scs: [39]
[ Info: lp_scores: [5398.0]
[ Info: lp_scores: 5398.0
[ Info: current num of unfinished slices: 13, finished slices: 24
                      ┌                                        ┐ 
                   39 ┤■■■■■■■■■■■■■■■■■■■ 1                     
                   40 ┤ 0                                        
                   41 ┤■■■■■■■■■■■■■■■■■■■ 1                     
                   42 ┤ 0                                        
                   43 ┤ 0                                        
                   44 ┤ 0                                        
                   45 ┤ 0                                        
                   46 ┤ 0                                        
                   47 ┤ 0                                        
                   48 ┤ 0                                        
   sc, target = 31 49 ┤ 0                                        
                   50 ┤■■■■■■■■■■■■■■■■■■■ 1                     
                   51 ┤ 0                                        
                   52 ┤■■■■■■■■■■■■■■■■■■■■■■■■■■■■■■■■■■■■■ 2   
                   53 ┤■■■■■■■■■■■■■■■■■■■ 1                     
                   54 ┤■■■■■■■■■■■■■■■■■■■■■■■■■■■■■■■■■■■■■ 2   
                   55 ┤ 0                                        
                   56 ┤■■■■■■■■■■■■■■■■■■■■■■■■■■■■■■■■■■■■■ 2   
                   57 ┤■■■■■■■■■■■■■■■■■■■ 1                     
                   58 ┤ 0                                        
                   59 ┤■■■■■■■■■■■■■■■■■■■ 1                     
                   60 ┤■■■■■■■■■■■■■■■■■■■ 1                     
                      └                                        ┘ 
                                     num of slices               
[ Info: slicing branch with sc: 39.0
[ Info: cc.sc: 39.0
region size: 10
tbl0_rows:20 filtered_rows:20
QIP_gurobi_bound: solver finished in 1.115 s (time_limit=100.0 s, status=OPTIMAL)
[ Info: slice 1, lp_score: 5396.0, primal_bound: 5398.0
QIP_gurobi_bound: solver finished in 1.239 s (time_limit=100.0 s, status=OPTIMAL)
[ Info: slice 2, lp_score: 5398.0, primal_bound: 5398.0
[ Info: new_scs: [39]
[ Info: lp_scores: [5398.0]
[ Info: lp_scores: 5398.0
[ Info: current num of unfinished slices: 13, finished slices: 24
                      ┌                                        ┐ 
                   39 ┤■■■■■■■■■■■■■■■■■■■ 1                     
                   40 ┤ 0                                        
                   41 ┤■■■■■■■■■■■■■■■■■■■ 1                     
                   42 ┤ 0                                        
                   43 ┤ 0                                        
                   44 ┤ 0                                        
                   45 ┤ 0                                        
                   46 ┤ 0                                        
                   47 ┤ 0                                        
                   48 ┤ 0                                        
   sc, target = 31 49 ┤ 0                                        
                   50 ┤■■■■■■■■■■■■■■■■■■■ 1                     
                   51 ┤ 0                                        
                   52 ┤■■■■■■■■■■■■■■■■■■■■■■■■■■■■■■■■■■■■■ 2   
                   53 ┤■■■■■■■■■■■■■■■■■■■ 1                     
                   54 ┤■■■■■■■■■■■■■■■■■■■■■■■■■■■■■■■■■■■■■ 2   
                   55 ┤ 0                                        
                   56 ┤■■■■■■■■■■■■■■■■■■■■■■■■■■■■■■■■■■■■■ 2   
                   57 ┤■■■■■■■■■■■■■■■■■■■ 1                     
                   58 ┤ 0                                        
                   59 ┤■■■■■■■■■■■■■■■■■■■ 1                     
                   60 ┤■■■■■■■■■■■■■■■■■■■ 1                     
                      └                                        ┘ 
                                     num of slices               
[ Info: slicing branch with sc: 39.0
[ Info: cc.sc: 39.0
region size: 10
tbl0_rows:29 filtered_rows:29
QIP_gurobi_bound: solver finished in 1.367 s (time_limit=100.0 s, status=OPTIMAL)
[ Info: slice 1, lp_score: 5396.0, primal_bound: 5398.0
QIP_gurobi_bound: solver finished in 4.371 s (time_limit=100.0 s, status=OPTIMAL)
[ Info: slice 2, lp_score: 5398.0, primal_bound: 5398.0
[ Info: new_scs: [38]
[ Info: lp_scores: [5398.0]
[ Info: lp_scores: 5398.0
[ Info: current num of unfinished slices: 13, finished slices: 24
                      ┌                                        ┐ 
                   38 ┤■■■■■■■■■■■■■■■■■■■ 1                     
                   39 ┤ 0                                        
                   40 ┤ 0                                        
                   41 ┤■■■■■■■■■■■■■■■■■■■ 1                     
                   42 ┤ 0                                        
                   43 ┤ 0                                        
                   44 ┤ 0                                        
                   45 ┤ 0                                        
                   46 ┤ 0                                        
                   47 ┤ 0                                        
                   48 ┤ 0                                        
   sc, target = 31 49 ┤ 0                                        
                   50 ┤■■■■■■■■■■■■■■■■■■■ 1                     
                   51 ┤ 0                                        
                   52 ┤■■■■■■■■■■■■■■■■■■■■■■■■■■■■■■■■■■■■■ 2   
                   53 ┤■■■■■■■■■■■■■■■■■■■ 1                     
                   54 ┤■■■■■■■■■■■■■■■■■■■■■■■■■■■■■■■■■■■■■ 2   
                   55 ┤ 0                                        
                   56 ┤■■■■■■■■■■■■■■■■■■■■■■■■■■■■■■■■■■■■■ 2   
                   57 ┤■■■■■■■■■■■■■■■■■■■ 1                     
                   58 ┤ 0                                        
                   59 ┤■■■■■■■■■■■■■■■■■■■ 1                     
                   60 ┤■■■■■■■■■■■■■■■■■■■ 1                     
                      └                                        ┘ 
                                     num of slices               
[ Info: slicing branch with sc: 38.0
[ Info: cc.sc: 38.0
region size: 10
tbl0_rows:64 filtered_rows:64
QIP_gurobi_bound: solver finished in 1.248 s (time_limit=100.0 s, status=OPTIMAL)
[ Info: slice 1, lp_score: 5398.0, primal_bound: 5398.0
QIP_gurobi_bound: solver finished in 1.331 s (time_limit=100.0 s, status=OPTIMAL)
[ Info: slice 2, lp_score: 5394.0, primal_bound: 5398.0
QIP_gurobi_bound: solver finished in 1.284 s (time_limit=100.0 s, status=OPTIMAL)
[ Info: slice 3, lp_score: 5395.0, primal_bound: 5398.0
QIP_gurobi_bound: solver finished in 1.348 s (time_limit=100.0 s, status=OPTIMAL)
[ Info: slice 4, lp_score: 5398.0, primal_bound: 5398.0
[ Info: new_scs: [35, 36]
[ Info: lp_scores: [5398.0, 5398.0]
[ Info: lp_scores: 5398.0
[ Info: lp_scores: 5398.0
[ Info: current num of unfinished slices: 14, finished slices: 24
                      ┌                                        ┐ 
                   35 ┤■■■■■■■■■■■■■■■■■■■ 1                     
                   36 ┤■■■■■■■■■■■■■■■■■■■ 1                     
                   37 ┤ 0                                        
                   38 ┤ 0                                        
                   39 ┤ 0                                        
                   40 ┤ 0                                        
                   41 ┤■■■■■■■■■■■■■■■■■■■ 1                     
                   42 ┤ 0                                        
                   43 ┤ 0                                        
                   44 ┤ 0                                        
                   45 ┤ 0                                        
                   46 ┤ 0                                        
   sc, target = 31 47 ┤ 0                                        
                   48 ┤ 0                                        
                   49 ┤ 0                                        
                   50 ┤■■■■■■■■■■■■■■■■■■■ 1                     
                   51 ┤ 0                                        
                   52 ┤■■■■■■■■■■■■■■■■■■■■■■■■■■■■■■■■■■■■■ 2   
                   53 ┤■■■■■■■■■■■■■■■■■■■ 1                     
                   54 ┤■■■■■■■■■■■■■■■■■■■■■■■■■■■■■■■■■■■■■ 2   
                   55 ┤ 0                                        
                   56 ┤■■■■■■■■■■■■■■■■■■■■■■■■■■■■■■■■■■■■■ 2   
                   57 ┤■■■■■■■■■■■■■■■■■■■ 1                     
                   58 ┤ 0                                        
                   59 ┤■■■■■■■■■■■■■■■■■■■ 1                     
                   60 ┤■■■■■■■■■■■■■■■■■■■ 1                     
                      └                                        ┘ 
                                     num of slices               
[ Info: slicing branch with sc: 35.0
[ Info: cc.sc: 35.0
region size: 10
tbl0_rows:41 filtered_rows:41
QIP_gurobi_bound: solver finished in 1.224 s (time_limit=100.0 s, status=OPTIMAL)
[ Info: slice 1, lp_score: 5386.0, primal_bound: 5398.0
QIP_gurobi_bound: solver finished in 1.216 s (time_limit=100.0 s, status=OPTIMAL)
[ Info: slice 2, lp_score: 5398.0, primal_bound: 5398.0
[ Info: new_scs: [34]
[ Info: lp_scores: [5398.0]
[ Info: lp_scores: 5398.0
[ Info: current num of unfinished slices: 14, finished slices: 24
                      ┌                                        ┐ 
                   34 ┤■■■■■■■■■■■■■■■■■■■ 1                     
                   35 ┤ 0                                        
                   36 ┤■■■■■■■■■■■■■■■■■■■ 1                     
                   37 ┤ 0                                        
                   38 ┤ 0                                        
                   39 ┤ 0                                        
                   40 ┤ 0                                        
                   41 ┤■■■■■■■■■■■■■■■■■■■ 1                     
                   42 ┤ 0                                        
                   43 ┤ 0                                        
                   44 ┤ 0                                        
                   45 ┤ 0                                        
                   46 ┤ 0                                        
   sc, target = 31 47 ┤ 0                                        
                   48 ┤ 0                                        
                   49 ┤ 0                                        
                   50 ┤■■■■■■■■■■■■■■■■■■■ 1                     
                   51 ┤ 0                                        
                   52 ┤■■■■■■■■■■■■■■■■■■■■■■■■■■■■■■■■■■■■■ 2   
                   53 ┤■■■■■■■■■■■■■■■■■■■ 1                     
                   54 ┤■■■■■■■■■■■■■■■■■■■■■■■■■■■■■■■■■■■■■ 2   
                   55 ┤ 0                                        
                   56 ┤■■■■■■■■■■■■■■■■■■■■■■■■■■■■■■■■■■■■■ 2   
                   57 ┤■■■■■■■■■■■■■■■■■■■ 1                     
                   58 ┤ 0                                        
                   59 ┤■■■■■■■■■■■■■■■■■■■ 1                     
                   60 ┤■■■■■■■■■■■■■■■■■■■ 1                     
                      └                                        ┘ 
                                     num of slices               
[ Info: slicing branch with sc: 34.0
[ Info: cc.sc: 34.0
region size: 10
tbl0_rows:63 filtered_rows:63
QIP_gurobi_bound: solver finished in 1.163 s (time_limit=100.0 s, status=OPTIMAL)
[ Info: slice 1, lp_score: 5395.0, primal_bound: 5398.0
QIP_gurobi_bound: solver finished in 1.206 s (time_limit=100.0 s, status=OPTIMAL)
[ Info: slice 2, lp_score: 5398.0, primal_bound: 5398.0
QIP_gurobi_bound: solver finished in 1.322 s (time_limit=100.0 s, status=OPTIMAL)
[ Info: slice 3, lp_score: 5392.0, primal_bound: 5398.0
QIP_gurobi_bound: solver finished in 1.226 s (time_limit=100.0 s, status=OPTIMAL)
[ Info: slice 4, lp_score: 5396.0, primal_bound: 5398.0
[ Info: new_scs: [31]
[ Info: lp_scores: [5398.0]
[ Info: lp_scores: 5398.0
[ Info: current num of unfinished slices: 14, finished slices: 24
                      ┌                                        ┐ 
                   31 ┤■■■■■■■■■■■■■■■■■■■ 1                     
                   32 ┤ 0                                        
                   33 ┤ 0                                        
                   34 ┤ 0                                        
                   35 ┤ 0                                        
                   36 ┤■■■■■■■■■■■■■■■■■■■ 1                     
                   37 ┤ 0                                        
                   38 ┤ 0                                        
                   39 ┤ 0                                        
                   40 ┤ 0                                        
                   41 ┤■■■■■■■■■■■■■■■■■■■ 1                     
                   42 ┤ 0                                        
                   43 ┤ 0                                        
                   44 ┤ 0                                        
   sc, target = 31 45 ┤ 0                                        
                   46 ┤ 0                                        
                   47 ┤ 0                                        
                   48 ┤ 0                                        
                   49 ┤ 0                                        
                   50 ┤■■■■■■■■■■■■■■■■■■■ 1                     
                   51 ┤ 0                                        
                   52 ┤■■■■■■■■■■■■■■■■■■■■■■■■■■■■■■■■■■■■■ 2   
                   53 ┤■■■■■■■■■■■■■■■■■■■ 1                     
                   54 ┤■■■■■■■■■■■■■■■■■■■■■■■■■■■■■■■■■■■■■ 2   
                   55 ┤ 0                                        
                   56 ┤■■■■■■■■■■■■■■■■■■■■■■■■■■■■■■■■■■■■■ 2   
                   57 ┤■■■■■■■■■■■■■■■■■■■ 1                     
                   58 ┤ 0                                        
                   59 ┤■■■■■■■■■■■■■■■■■■■ 1                     
                   60 ┤■■■■■■■■■■■■■■■■■■■ 1                     
                      └                                        ┘ 
                                     num of slices               
[ Info: slicing branch with sc: 31.0
  [slice produced] sc=31.0 tc=45.222261375697016 nv=3550 ne=6920 r=47.0
QIP_value_gurobi: solver finished in 1.243 s (time_limit=604800.0 s, status=OPTIMAL)
[ Info: feasible solution: 5398.0, primal bound: 5398.0
[ Info: current num of unfinished slices: 13, finished slices: 25
                      ┌                                        ┐ 
                   36 ┤■■■■■■■■■■■■■■■■■■■ 1                     
                   37 ┤ 0                                        
                   38 ┤ 0                                        
                   39 ┤ 0                                        
                   40 ┤ 0                                        
                   41 ┤■■■■■■■■■■■■■■■■■■■ 1                     
                   42 ┤ 0                                        
                   43 ┤ 0                                        
                   44 ┤ 0                                        
                   45 ┤ 0                                        
                   46 ┤ 0                                        
                   47 ┤ 0                                        
   sc, target = 31 48 ┤ 0                                        
                   49 ┤ 0                                        
                   50 ┤■■■■■■■■■■■■■■■■■■■ 1                     
                   51 ┤ 0                                        
                   52 ┤■■■■■■■■■■■■■■■■■■■■■■■■■■■■■■■■■■■■■ 2   
                   53 ┤■■■■■■■■■■■■■■■■■■■ 1                     
                   54 ┤■■■■■■■■■■■■■■■■■■■■■■■■■■■■■■■■■■■■■ 2   
                   55 ┤ 0                                        
                   56 ┤■■■■■■■■■■■■■■■■■■■■■■■■■■■■■■■■■■■■■ 2   
                   57 ┤■■■■■■■■■■■■■■■■■■■ 1                     
                   58 ┤ 0                                        
                   59 ┤■■■■■■■■■■■■■■■■■■■ 1                     
                   60 ┤■■■■■■■■■■■■■■■■■■■ 1                     
                      └                                        ┘ 
                                     num of slices               
[ Info: slicing branch with sc: 36.0
[ Info: cc.sc: 36.0
region size: 10
tbl0_rows:48 filtered_rows:48
QIP_gurobi_bound: solver finished in 1.173 s (time_limit=100.0 s, status=OPTIMAL)
[ Info: slice 1, lp_score: 5398.0, primal_bound: 5398.0
QIP_gurobi_bound: solver finished in 1.15 s (time_limit=100.0 s, status=OPTIMAL)
[ Info: slice 2, lp_score: 5396.0, primal_bound: 5398.0
[ Info: new_scs: [35]
[ Info: lp_scores: [5398.0]
[ Info: lp_scores: 5398.0
[ Info: current num of unfinished slices: 13, finished slices: 25
                      ┌                                        ┐ 
                   35 ┤■■■■■■■■■■■■■■■■■■■ 1                     
                   36 ┤ 0                                        
                   37 ┤ 0                                        
                   38 ┤ 0                                        
                   39 ┤ 0                                        
                   40 ┤ 0                                        
                   41 ┤■■■■■■■■■■■■■■■■■■■ 1                     
                   42 ┤ 0                                        
                   43 ┤ 0                                        
                   44 ┤ 0                                        
                   45 ┤ 0                                        
                   46 ┤ 0                                        
   sc, target = 31 47 ┤ 0                                        
                   48 ┤ 0                                        
                   49 ┤ 0                                        
                   50 ┤■■■■■■■■■■■■■■■■■■■ 1                     
                   51 ┤ 0                                        
                   52 ┤■■■■■■■■■■■■■■■■■■■■■■■■■■■■■■■■■■■■■ 2   
                   53 ┤■■■■■■■■■■■■■■■■■■■ 1                     
                   54 ┤■■■■■■■■■■■■■■■■■■■■■■■■■■■■■■■■■■■■■ 2   
                   55 ┤ 0                                        
                   56 ┤■■■■■■■■■■■■■■■■■■■■■■■■■■■■■■■■■■■■■ 2   
                   57 ┤■■■■■■■■■■■■■■■■■■■ 1                     
                   58 ┤ 0                                        
                   59 ┤■■■■■■■■■■■■■■■■■■■ 1                     
                   60 ┤■■■■■■■■■■■■■■■■■■■ 1                     
                      └                                        ┘ 
                                     num of slices               
[ Info: slicing branch with sc: 35.0
[ Info: cc.sc: 35.0
region size: 10
tbl0_rows:41 filtered_rows:41
QIP_gurobi_bound: solver finished in 5.868 s (time_limit=100.0 s, status=OPTIMAL)
[ Info: slice 1, lp_score: 5386.0, primal_bound: 5398.0
QIP_gurobi_bound: solver finished in 1.314 s (time_limit=100.0 s, status=OPTIMAL)
[ Info: slice 2, lp_score: 5398.0, primal_bound: 5398.0
[ Info: new_scs: [34]
[ Info: lp_scores: [5398.0]
[ Info: lp_scores: 5398.0
[ Info: current num of unfinished slices: 13, finished slices: 25
                      ┌                                        ┐ 
                   34 ┤■■■■■■■■■■■■■■■■■■■ 1                     
                   35 ┤ 0                                        
                   36 ┤ 0                                        
                   37 ┤ 0                                        
                   38 ┤ 0                                        
                   39 ┤ 0                                        
                   40 ┤ 0                                        
                   41 ┤■■■■■■■■■■■■■■■■■■■ 1                     
                   42 ┤ 0                                        
                   43 ┤ 0                                        
                   44 ┤ 0                                        
                   45 ┤ 0                                        
                   46 ┤ 0                                        
   sc, target = 31 47 ┤ 0                                        
                   48 ┤ 0                                        
                   49 ┤ 0                                        
                   50 ┤■■■■■■■■■■■■■■■■■■■ 1                     
                   51 ┤ 0                                        
                   52 ┤■■■■■■■■■■■■■■■■■■■■■■■■■■■■■■■■■■■■■ 2   
                   53 ┤■■■■■■■■■■■■■■■■■■■ 1                     
                   54 ┤■■■■■■■■■■■■■■■■■■■■■■■■■■■■■■■■■■■■■ 2   
                   55 ┤ 0                                        
                   56 ┤■■■■■■■■■■■■■■■■■■■■■■■■■■■■■■■■■■■■■ 2   
                   57 ┤■■■■■■■■■■■■■■■■■■■ 1                     
                   58 ┤ 0                                        
                   59 ┤■■■■■■■■■■■■■■■■■■■ 1                     
                   60 ┤■■■■■■■■■■■■■■■■■■■ 1                     
                      └                                        ┘ 
                                     num of slices               
[ Info: slicing branch with sc: 34.0
[ Info: cc.sc: 34.0
region size: 10
tbl0_rows:88 filtered_rows:88
QIP_gurobi_bound: solver finished in 1.071 s (time_limit=100.0 s, status=OPTIMAL)
[ Info: slice 1, lp_score: 5398.0, primal_bound: 5398.0
QIP_gurobi_bound: solver finished in 1.157 s (time_limit=100.0 s, status=OPTIMAL)
[ Info: slice 2, lp_score: 5393.0, primal_bound: 5398.0
[ Info: new_scs: [33]
[ Info: lp_scores: [5398.0]
[ Info: lp_scores: 5398.0
[ Info: current num of unfinished slices: 13, finished slices: 25
                      ┌                                        ┐ 
                   33 ┤■■■■■■■■■■■■■■■■■■■ 1                     
                   34 ┤ 0                                        
                   35 ┤ 0                                        
                   36 ┤ 0                                        
                   37 ┤ 0                                        
                   38 ┤ 0                                        
                   39 ┤ 0                                        
                   40 ┤ 0                                        
                   41 ┤■■■■■■■■■■■■■■■■■■■ 1                     
                   42 ┤ 0                                        
                   43 ┤ 0                                        
                   44 ┤ 0                                        
                   45 ┤ 0                                        
   sc, target = 31 46 ┤ 0                                        
                   47 ┤ 0                                        
                   48 ┤ 0                                        
                   49 ┤ 0                                        
                   50 ┤■■■■■■■■■■■■■■■■■■■ 1                     
                   51 ┤ 0                                        
                   52 ┤■■■■■■■■■■■■■■■■■■■■■■■■■■■■■■■■■■■■■ 2   
                   53 ┤■■■■■■■■■■■■■■■■■■■ 1                     
                   54 ┤■■■■■■■■■■■■■■■■■■■■■■■■■■■■■■■■■■■■■ 2   
                   55 ┤ 0                                        
                   56 ┤■■■■■■■■■■■■■■■■■■■■■■■■■■■■■■■■■■■■■ 2   
                   57 ┤■■■■■■■■■■■■■■■■■■■ 1                     
                   58 ┤ 0                                        
                   59 ┤■■■■■■■■■■■■■■■■■■■ 1                     
                   60 ┤■■■■■■■■■■■■■■■■■■■ 1                     
                      └                                        ┘ 
                                     num of slices               
[ Info: slicing branch with sc: 33.0
[ Info: cc.sc: 33.0
region size: 10
tbl0_rows:26 filtered_rows:26
QIP_gurobi_bound: solver finished in 1.196 s (time_limit=100.0 s, status=OPTIMAL)
[ Info: slice 1, lp_score: 5398.0, primal_bound: 5398.0
QIP_gurobi_bound: solver finished in 1.204 s (time_limit=100.0 s, status=OPTIMAL)
[ Info: slice 2, lp_score: 5397.0, primal_bound: 5398.0
QIP_gurobi_bound: solver finished in 1.311 s (time_limit=100.0 s, status=OPTIMAL)
[ Info: slice 3, lp_score: 5394.0, primal_bound: 5398.0
QIP_gurobi_bound: solver finished in 1.239 s (time_limit=100.0 s, status=OPTIMAL)
[ Info: slice 4, lp_score: 5398.0, primal_bound: 5398.0
[ Info: new_scs: [31, 31]
[ Info: lp_scores: [5398.0, 5398.0]
[ Info: lp_scores: 5398.0
[ Info: lp_scores: 5398.0
[ Info: current num of unfinished slices: 14, finished slices: 25
                      ┌                                        ┐ 
                   31 ┤■■■■■■■■■■■■■■■■■■■■■■■■■■■■■■■■■■■■■ 2   
                   32 ┤ 0                                        
                   33 ┤ 0                                        
                   34 ┤ 0                                        
                   35 ┤ 0                                        
                   36 ┤ 0                                        
                   37 ┤ 0                                        
                   38 ┤ 0                                        
                   39 ┤ 0                                        
                   40 ┤ 0                                        
                   41 ┤■■■■■■■■■■■■■■■■■■■ 1                     
                   42 ┤ 0                                        
                   43 ┤ 0                                        
                   44 ┤ 0                                        
   sc, target = 31 45 ┤ 0                                        
                   46 ┤ 0                                        
                   47 ┤ 0                                        
                   48 ┤ 0                                        
                   49 ┤ 0                                        
                   50 ┤■■■■■■■■■■■■■■■■■■■ 1                     
                   51 ┤ 0                                        
                   52 ┤■■■■■■■■■■■■■■■■■■■■■■■■■■■■■■■■■■■■■ 2   
                   53 ┤■■■■■■■■■■■■■■■■■■■ 1                     
                   54 ┤■■■■■■■■■■■■■■■■■■■■■■■■■■■■■■■■■■■■■ 2   
                   55 ┤ 0                                        
                   56 ┤■■■■■■■■■■■■■■■■■■■■■■■■■■■■■■■■■■■■■ 2   
                   57 ┤■■■■■■■■■■■■■■■■■■■ 1                     
                   58 ┤ 0                                        
                   59 ┤■■■■■■■■■■■■■■■■■■■ 1                     
                   60 ┤■■■■■■■■■■■■■■■■■■■ 1                     
                      └                                        ┘ 
                                     num of slices               
[ Info: slicing branch with sc: 31.0
  [slice produced] sc=31.0 tc=44.681418365362106 nv=3549 ne=6919 r=46.5
QIP_value_gurobi: solver finished in 1.175 s (time_limit=604800.0 s, status=OPTIMAL)
[ Info: feasible solution: 5398.0, primal bound: 5398.0
[ Info: current num of unfinished slices: 13, finished slices: 26
                      ┌                                        ┐ 
                   31 ┤■■■■■■■■■■■■■■■■■■■ 1                     
                   32 ┤ 0                                        
                   33 ┤ 0                                        
                   34 ┤ 0                                        
                   35 ┤ 0                                        
                   36 ┤ 0                                        
                   37 ┤ 0                                        
                   38 ┤ 0                                        
                   39 ┤ 0                                        
                   40 ┤ 0                                        
                   41 ┤■■■■■■■■■■■■■■■■■■■ 1                     
                   42 ┤ 0                                        
                   43 ┤ 0                                        
                   44 ┤ 0                                        
   sc, target = 31 45 ┤ 0                                        
                   46 ┤ 0                                        
                   47 ┤ 0                                        
                   48 ┤ 0                                        
                   49 ┤ 0                                        
                   50 ┤■■■■■■■■■■■■■■■■■■■ 1                     
                   51 ┤ 0                                        
                   52 ┤■■■■■■■■■■■■■■■■■■■■■■■■■■■■■■■■■■■■■ 2   
                   53 ┤■■■■■■■■■■■■■■■■■■■ 1                     
                   54 ┤■■■■■■■■■■■■■■■■■■■■■■■■■■■■■■■■■■■■■ 2   
                   55 ┤ 0                                        
                   56 ┤■■■■■■■■■■■■■■■■■■■■■■■■■■■■■■■■■■■■■ 2   
                   57 ┤■■■■■■■■■■■■■■■■■■■ 1                     
                   58 ┤ 0                                        
                   59 ┤■■■■■■■■■■■■■■■■■■■ 1                     
                   60 ┤■■■■■■■■■■■■■■■■■■■ 1                     
                      └                                        ┘ 
                                     num of slices               
[ Info: slicing branch with sc: 31.0
  [slice produced] sc=31.0 tc=44.681696096856435 nv=3550 ne=6921 r=49.0
QIP_value_gurobi: solver finished in 1.209 s (time_limit=604800.0 s, status=OPTIMAL)
[ Info: feasible solution: 5398.0, primal bound: 5398.0
[ Info: current num of unfinished slices: 12, finished slices: 27
                      ┌                                        ┐ 
                   41 ┤■■■■■■■■■■■■■■■■■■■ 1                     
                   42 ┤ 0                                        
                   43 ┤ 0                                        
                   44 ┤ 0                                        
                   45 ┤ 0                                        
                   46 ┤ 0                                        
                   47 ┤ 0                                        
                   48 ┤ 0                                        
                   49 ┤ 0                                        
   sc, target = 31 50 ┤■■■■■■■■■■■■■■■■■■■ 1                     
                   51 ┤ 0                                        
                   52 ┤■■■■■■■■■■■■■■■■■■■■■■■■■■■■■■■■■■■■■ 2   
                   53 ┤■■■■■■■■■■■■■■■■■■■ 1                     
                   54 ┤■■■■■■■■■■■■■■■■■■■■■■■■■■■■■■■■■■■■■ 2   
                   55 ┤ 0                                        
                   56 ┤■■■■■■■■■■■■■■■■■■■■■■■■■■■■■■■■■■■■■ 2   
                   57 ┤■■■■■■■■■■■■■■■■■■■ 1                     
                   58 ┤ 0                                        
                   59 ┤■■■■■■■■■■■■■■■■■■■ 1                     
                   60 ┤■■■■■■■■■■■■■■■■■■■ 1                     
                      └                                        ┘ 
                                     num of slices               
[ Info: slicing branch with sc: 41.0
[ Info: cc.sc: 41.0
region size: 10
tbl0_rows:53 filtered_rows:53
QIP_gurobi_bound: solver finished in 1.321 s (time_limit=100.0 s, status=OPTIMAL)
[ Info: slice 1, lp_score: 5397.0, primal_bound: 5398.0
QIP_gurobi_bound: solver finished in 1.364 s (time_limit=100.0 s, status=OPTIMAL)
[ Info: slice 2, lp_score: 5398.0, primal_bound: 5398.0
[ Info: new_scs: [40]
[ Info: lp_scores: [5398.0]
[ Info: lp_scores: 5398.0
[ Info: current num of unfinished slices: 12, finished slices: 27
                      ┌                                        ┐ 
                   40 ┤■■■■■■■■■■■■■■■■■■■ 1                     
                   41 ┤ 0                                        
                   42 ┤ 0                                        
                   43 ┤ 0                                        
                   44 ┤ 0                                        
                   45 ┤ 0                                        
                   46 ┤ 0                                        
                   47 ┤ 0                                        
                   48 ┤ 0                                        
                   49 ┤ 0                                        
   sc, target = 31 50 ┤■■■■■■■■■■■■■■■■■■■ 1                     
                   51 ┤ 0                                        
                   52 ┤■■■■■■■■■■■■■■■■■■■■■■■■■■■■■■■■■■■■■ 2   
                   53 ┤■■■■■■■■■■■■■■■■■■■ 1                     
                   54 ┤■■■■■■■■■■■■■■■■■■■■■■■■■■■■■■■■■■■■■ 2   
                   55 ┤ 0                                        
                   56 ┤■■■■■■■■■■■■■■■■■■■■■■■■■■■■■■■■■■■■■ 2   
                   57 ┤■■■■■■■■■■■■■■■■■■■ 1                     
                   58 ┤ 0                                        
                   59 ┤■■■■■■■■■■■■■■■■■■■ 1                     
                   60 ┤■■■■■■■■■■■■■■■■■■■ 1                     
                      └                                        ┘ 
                                     num of slices               
[ Info: slicing branch with sc: 40.0
[ Info: cc.sc: 40.0
region size: 10
tbl0_rows:48 filtered_rows:48
QIP_gurobi_bound: solver finished in 1.205 s (time_limit=100.0 s, status=OPTIMAL)
[ Info: slice 1, lp_score: 5398.0, primal_bound: 5398.0
QIP_gurobi_bound: solver finished in 1.317 s (time_limit=100.0 s, status=OPTIMAL)
[ Info: slice 2, lp_score: 5396.0, primal_bound: 5398.0
[ Info: new_scs: [40]
[ Info: lp_scores: [5398.0]
[ Info: lp_scores: 5398.0
[ Info: current num of unfinished slices: 12, finished slices: 27
                      ┌                                        ┐ 
                   40 ┤■■■■■■■■■■■■■■■■■■■ 1                     
                   41 ┤ 0                                        
                   42 ┤ 0                                        
                   43 ┤ 0                                        
                   44 ┤ 0                                        
                   45 ┤ 0                                        
                   46 ┤ 0                                        
                   47 ┤ 0                                        
                   48 ┤ 0                                        
                   49 ┤ 0                                        
   sc, target = 31 50 ┤■■■■■■■■■■■■■■■■■■■ 1                     
                   51 ┤ 0                                        
                   52 ┤■■■■■■■■■■■■■■■■■■■■■■■■■■■■■■■■■■■■■ 2   
                   53 ┤■■■■■■■■■■■■■■■■■■■ 1                     
                   54 ┤■■■■■■■■■■■■■■■■■■■■■■■■■■■■■■■■■■■■■ 2   
                   55 ┤ 0                                        
                   56 ┤■■■■■■■■■■■■■■■■■■■■■■■■■■■■■■■■■■■■■ 2   
                   57 ┤■■■■■■■■■■■■■■■■■■■ 1                     
                   58 ┤ 0                                        
                   59 ┤■■■■■■■■■■■■■■■■■■■ 1                     
                   60 ┤■■■■■■■■■■■■■■■■■■■ 1                     
                      └                                        ┘ 
                                     num of slices               
[ Info: slicing branch with sc: 40.0
[ Info: cc.sc: 40.0
region size: 10
tbl0_rows:37 filtered_rows:37
QIP_gurobi_bound: solver finished in 4.603 s (time_limit=100.0 s, status=OPTIMAL)
[ Info: slice 1, lp_score: 5398.0, primal_bound: 5398.0
QIP_gurobi_bound: solver finished in 1.147 s (time_limit=100.0 s, status=OPTIMAL)
[ Info: slice 2, lp_score: 5398.0, primal_bound: 5398.0
[ Info: new_scs: [40, 40]
[ Info: lp_scores: [5398.0, 5398.0]
[ Info: lp_scores: 5398.0
[ Info: lp_scores: 5398.0
[ Info: current num of unfinished slices: 13, finished slices: 27
                      ┌                                        ┐ 
                   40 ┤■■■■■■■■■■■■■■■■■■■■■■■■■■■■■■■■■■■■■ 2   
                   41 ┤ 0                                        
                   42 ┤ 0                                        
                   43 ┤ 0                                        
                   44 ┤ 0                                        
                   45 ┤ 0                                        
                   46 ┤ 0                                        
                   47 ┤ 0                                        
                   48 ┤ 0                                        
                   49 ┤ 0                                        
   sc, target = 31 50 ┤■■■■■■■■■■■■■■■■■■■ 1                     
                   51 ┤ 0                                        
                   52 ┤■■■■■■■■■■■■■■■■■■■■■■■■■■■■■■■■■■■■■ 2   
                   53 ┤■■■■■■■■■■■■■■■■■■■ 1                     
                   54 ┤■■■■■■■■■■■■■■■■■■■■■■■■■■■■■■■■■■■■■ 2   
                   55 ┤ 0                                        
                   56 ┤■■■■■■■■■■■■■■■■■■■■■■■■■■■■■■■■■■■■■ 2   
                   57 ┤■■■■■■■■■■■■■■■■■■■ 1                     
                   58 ┤ 0                                        
                   59 ┤■■■■■■■■■■■■■■■■■■■ 1                     
                   60 ┤■■■■■■■■■■■■■■■■■■■ 1                     
                      └                                        ┘ 
                                     num of slices               
[ Info: slicing branch with sc: 40.0
[ Info: cc.sc: 40.0
region size: 10
tbl0_rows:49 filtered_rows:49
QIP_gurobi_bound: solver finished in 1.255 s (time_limit=100.0 s, status=OPTIMAL)
[ Info: slice 1, lp_score: 5398.0, primal_bound: 5398.0
QIP_gurobi_bound: solver finished in 1.351 s (time_limit=100.0 s, status=OPTIMAL)
[ Info: slice 2, lp_score: 5396.0, primal_bound: 5398.0
[ Info: new_scs: [40]
[ Info: lp_scores: [5398.0]
[ Info: lp_scores: 5398.0
[ Info: current num of unfinished slices: 13, finished slices: 27
                      ┌                                        ┐ 
                   40 ┤■■■■■■■■■■■■■■■■■■■■■■■■■■■■■■■■■■■■■ 2   
                   41 ┤ 0                                        
                   42 ┤ 0                                        
                   43 ┤ 0                                        
                   44 ┤ 0                                        
                   45 ┤ 0                                        
                   46 ┤ 0                                        
                   47 ┤ 0                                        
                   48 ┤ 0                                        
                   49 ┤ 0                                        
   sc, target = 31 50 ┤■■■■■■■■■■■■■■■■■■■ 1                     
                   51 ┤ 0                                        
                   52 ┤■■■■■■■■■■■■■■■■■■■■■■■■■■■■■■■■■■■■■ 2   
                   53 ┤■■■■■■■■■■■■■■■■■■■ 1                     
                   54 ┤■■■■■■■■■■■■■■■■■■■■■■■■■■■■■■■■■■■■■ 2   
                   55 ┤ 0                                        
                   56 ┤■■■■■■■■■■■■■■■■■■■■■■■■■■■■■■■■■■■■■ 2   
                   57 ┤■■■■■■■■■■■■■■■■■■■ 1                     
                   58 ┤ 0                                        
                   59 ┤■■■■■■■■■■■■■■■■■■■ 1                     
                   60 ┤■■■■■■■■■■■■■■■■■■■ 1                     
                      └                                        ┘ 
                                     num of slices               
[ Info: slicing branch with sc: 40.0
[ Info: cc.sc: 40.0
region size: 10
tbl0_rows:66 filtered_rows:66
QIP_gurobi_bound: solver finished in 1.39 s (time_limit=100.0 s, status=OPTIMAL)
[ Info: slice 1, lp_score: 5398.0, primal_bound: 5398.0
QIP_gurobi_bound: solver finished in 1.228 s (time_limit=100.0 s, status=OPTIMAL)
[ Info: slice 2, lp_score: 5398.0, primal_bound: 5398.0
[ Info: new_scs: [38, 38]
[ Info: lp_scores: [5398.0, 5398.0]
[ Info: lp_scores: 5398.0
[ Info: lp_scores: 5398.0
[ Info: current num of unfinished slices: 14, finished slices: 27
                      ┌                                        ┐ 
                   38 ┤■■■■■■■■■■■■■■■■■■■■■■■■■■■■■■■■■■■■■ 2   
                   39 ┤ 0                                        
                   40 ┤■■■■■■■■■■■■■■■■■■■ 1                     
                   41 ┤ 0                                        
                   42 ┤ 0                                        
                   43 ┤ 0                                        
                   44 ┤ 0                                        
                   45 ┤ 0                                        
                   46 ┤ 0                                        
                   47 ┤ 0                                        
                   48 ┤ 0                                        
   sc, target = 31 49 ┤ 0                                        
                   50 ┤■■■■■■■■■■■■■■■■■■■ 1                     
                   51 ┤ 0                                        
                   52 ┤■■■■■■■■■■■■■■■■■■■■■■■■■■■■■■■■■■■■■ 2   
                   53 ┤■■■■■■■■■■■■■■■■■■■ 1                     
                   54 ┤■■■■■■■■■■■■■■■■■■■■■■■■■■■■■■■■■■■■■ 2   
                   55 ┤ 0                                        
                   56 ┤■■■■■■■■■■■■■■■■■■■■■■■■■■■■■■■■■■■■■ 2   
                   57 ┤■■■■■■■■■■■■■■■■■■■ 1                     
                   58 ┤ 0                                        
                   59 ┤■■■■■■■■■■■■■■■■■■■ 1                     
                   60 ┤■■■■■■■■■■■■■■■■■■■ 1                     
                      └                                        ┘ 
                                     num of slices               
[ Info: slicing branch with sc: 38.0
[ Info: cc.sc: 38.0
region size: 10
tbl0_rows:29 filtered_rows:29
QIP_gurobi_bound: solver finished in 4.64 s (time_limit=100.0 s, status=OPTIMAL)
[ Info: slice 1, lp_score: 5398.0, primal_bound: 5398.0
QIP_gurobi_bound: solver finished in 1.171 s (time_limit=100.0 s, status=OPTIMAL)
[ Info: slice 2, lp_score: 5396.0, primal_bound: 5398.0
[ Info: new_scs: [37]
[ Info: lp_scores: [5398.0]
[ Info: lp_scores: 5398.0
[ Info: current num of unfinished slices: 14, finished slices: 27
                      ┌                                        ┐ 
                   37 ┤■■■■■■■■■■■■■■■■■■■ 1                     
                   38 ┤■■■■■■■■■■■■■■■■■■■ 1                     
                   39 ┤ 0                                        
                   40 ┤■■■■■■■■■■■■■■■■■■■ 1                     
                   41 ┤ 0                                        
                   42 ┤ 0                                        
                   43 ┤ 0                                        
                   44 ┤ 0                                        
                   45 ┤ 0                                        
                   46 ┤ 0                                        
                   47 ┤ 0                                        
   sc, target = 31 48 ┤ 0                                        
                   49 ┤ 0                                        
                   50 ┤■■■■■■■■■■■■■■■■■■■ 1                     
                   51 ┤ 0                                        
                   52 ┤■■■■■■■■■■■■■■■■■■■■■■■■■■■■■■■■■■■■■ 2   
                   53 ┤■■■■■■■■■■■■■■■■■■■ 1                     
                   54 ┤■■■■■■■■■■■■■■■■■■■■■■■■■■■■■■■■■■■■■ 2   
                   55 ┤ 0                                        
                   56 ┤■■■■■■■■■■■■■■■■■■■■■■■■■■■■■■■■■■■■■ 2   
                   57 ┤■■■■■■■■■■■■■■■■■■■ 1                     
                   58 ┤ 0                                        
                   59 ┤■■■■■■■■■■■■■■■■■■■ 1                     
                   60 ┤■■■■■■■■■■■■■■■■■■■ 1                     
                      └                                        ┘ 
                                     num of slices               
[ Info: slicing branch with sc: 37.0
[ Info: cc.sc: 37.0
region size: 10
tbl0_rows:20 filtered_rows:20
QIP_gurobi_bound: solver finished in 1.276 s (time_limit=100.0 s, status=OPTIMAL)
[ Info: slice 1, lp_score: 5396.0, primal_bound: 5398.0
QIP_gurobi_bound: solver finished in 1.154 s (time_limit=100.0 s, status=OPTIMAL)
[ Info: slice 2, lp_score: 5398.0, primal_bound: 5398.0
[ Info: new_scs: [37]
[ Info: lp_scores: [5398.0]
[ Info: lp_scores: 5398.0
[ Info: current num of unfinished slices: 14, finished slices: 27
                      ┌                                        ┐ 
                   37 ┤■■■■■■■■■■■■■■■■■■■ 1                     
                   38 ┤■■■■■■■■■■■■■■■■■■■ 1                     
                   39 ┤ 0                                        
                   40 ┤■■■■■■■■■■■■■■■■■■■ 1                     
                   41 ┤ 0                                        
                   42 ┤ 0                                        
                   43 ┤ 0                                        
                   44 ┤ 0                                        
                   45 ┤ 0                                        
                   46 ┤ 0                                        
                   47 ┤ 0                                        
   sc, target = 31 48 ┤ 0                                        
                   49 ┤ 0                                        
                   50 ┤■■■■■■■■■■■■■■■■■■■ 1                     
                   51 ┤ 0                                        
                   52 ┤■■■■■■■■■■■■■■■■■■■■■■■■■■■■■■■■■■■■■ 2   
                   53 ┤■■■■■■■■■■■■■■■■■■■ 1                     
                   54 ┤■■■■■■■■■■■■■■■■■■■■■■■■■■■■■■■■■■■■■ 2   
                   55 ┤ 0                                        
                   56 ┤■■■■■■■■■■■■■■■■■■■■■■■■■■■■■■■■■■■■■ 2   
                   57 ┤■■■■■■■■■■■■■■■■■■■ 1                     
                   58 ┤ 0                                        
                   59 ┤■■■■■■■■■■■■■■■■■■■ 1                     
                   60 ┤■■■■■■■■■■■■■■■■■■■ 1                     
                      └                                        ┘ 
                                     num of slices               
[ Info: slicing branch with sc: 37.0
[ Info: cc.sc: 37.0
region size: 10
tbl0_rows:90 filtered_rows:90
QIP_gurobi_bound: solver finished in 1.335 s (time_limit=100.0 s, status=OPTIMAL)
[ Info: slice 1, lp_score: 5395.0, primal_bound: 5398.0
QIP_gurobi_bound: solver finished in 1.249 s (time_limit=100.0 s, status=OPTIMAL)
[ Info: slice 2, lp_score: 5398.0, primal_bound: 5398.0
[ Info: new_scs: [36]
[ Info: lp_scores: [5398.0]
[ Info: lp_scores: 5398.0
[ Info: current num of unfinished slices: 14, finished slices: 27
                      ┌                                        ┐ 
                   36 ┤■■■■■■■■■■■■■■■■■■■ 1                     
                   37 ┤ 0                                        
                   38 ┤■■■■■■■■■■■■■■■■■■■ 1                     
                   39 ┤ 0                                        
                   40 ┤■■■■■■■■■■■■■■■■■■■ 1                     
                   41 ┤ 0                                        
                   42 ┤ 0                                        
                   43 ┤ 0                                        
                   44 ┤ 0                                        
                   45 ┤ 0                                        
                   46 ┤ 0                                        
                   47 ┤ 0                                        
   sc, target = 31 48 ┤ 0                                        
                   49 ┤ 0                                        
                   50 ┤■■■■■■■■■■■■■■■■■■■ 1                     
                   51 ┤ 0                                        
                   52 ┤■■■■■■■■■■■■■■■■■■■■■■■■■■■■■■■■■■■■■ 2   
                   53 ┤■■■■■■■■■■■■■■■■■■■ 1                     
                   54 ┤■■■■■■■■■■■■■■■■■■■■■■■■■■■■■■■■■■■■■ 2   
                   55 ┤ 0                                        
                   56 ┤■■■■■■■■■■■■■■■■■■■■■■■■■■■■■■■■■■■■■ 2   
                   57 ┤■■■■■■■■■■■■■■■■■■■ 1                     
                   58 ┤ 0                                        
                   59 ┤■■■■■■■■■■■■■■■■■■■ 1                     
                   60 ┤■■■■■■■■■■■■■■■■■■■ 1                     
                      └                                        ┘ 
                                     num of slices               
[ Info: slicing branch with sc: 36.0
[ Info: cc.sc: 36.0
region size: 10
tbl0_rows:55 filtered_rows:55
QIP_gurobi_bound: solver finished in 1.121 s (time_limit=100.0 s, status=OPTIMAL)
[ Info: slice 1, lp_score: 5398.0, primal_bound: 5398.0
QIP_gurobi_bound: solver finished in 1.152 s (time_limit=100.0 s, status=OPTIMAL)
[ Info: slice 2, lp_score: 5396.0, primal_bound: 5398.0
[ Info: new_scs: [35]
[ Info: lp_scores: [5398.0]
[ Info: lp_scores: 5398.0
[ Info: current num of unfinished slices: 14, finished slices: 27
                      ┌                                        ┐ 
                   35 ┤■■■■■■■■■■■■■■■■■■■ 1                     
                   36 ┤ 0                                        
                   37 ┤ 0                                        
                   38 ┤■■■■■■■■■■■■■■■■■■■ 1                     
                   39 ┤ 0                                        
                   40 ┤■■■■■■■■■■■■■■■■■■■ 1                     
                   41 ┤ 0                                        
                   42 ┤ 0                                        
                   43 ┤ 0                                        
                   44 ┤ 0                                        
                   45 ┤ 0                                        
                   46 ┤ 0                                        
   sc, target = 31 47 ┤ 0                                        
                   48 ┤ 0                                        
                   49 ┤ 0                                        
                   50 ┤■■■■■■■■■■■■■■■■■■■ 1                     
                   51 ┤ 0                                        
                   52 ┤■■■■■■■■■■■■■■■■■■■■■■■■■■■■■■■■■■■■■ 2   
                   53 ┤■■■■■■■■■■■■■■■■■■■ 1                     
                   54 ┤■■■■■■■■■■■■■■■■■■■■■■■■■■■■■■■■■■■■■ 2   
                   55 ┤ 0                                        
                   56 ┤■■■■■■■■■■■■■■■■■■■■■■■■■■■■■■■■■■■■■ 2   
                   57 ┤■■■■■■■■■■■■■■■■■■■ 1                     
                   58 ┤ 0                                        
                   59 ┤■■■■■■■■■■■■■■■■■■■ 1                     
                   60 ┤■■■■■■■■■■■■■■■■■■■ 1                     
                      └                                        ┘ 
                                     num of slices               
[ Info: slicing branch with sc: 35.0
[ Info: cc.sc: 35.0
region size: 10
tbl0_rows:8 filtered_rows:8
QIP_gurobi_bound: solver finished in 1.213 s (time_limit=100.0 s, status=OPTIMAL)
[ Info: slice 1, lp_score: 5398.0, primal_bound: 5398.0
[ Info: new_scs: [35]
[ Info: lp_scores: [5398.0]
[ Info: lp_scores: 5398.0
[ Info: current num of unfinished slices: 14, finished slices: 27
                      ┌                                        ┐ 
                   35 ┤■■■■■■■■■■■■■■■■■■■ 1                     
                   36 ┤ 0                                        
                   37 ┤ 0                                        
                   38 ┤■■■■■■■■■■■■■■■■■■■ 1                     
                   39 ┤ 0                                        
                   40 ┤■■■■■■■■■■■■■■■■■■■ 1                     
                   41 ┤ 0                                        
                   42 ┤ 0                                        
                   43 ┤ 0                                        
                   44 ┤ 0                                        
                   45 ┤ 0                                        
                   46 ┤ 0                                        
   sc, target = 31 47 ┤ 0                                        
                   48 ┤ 0                                        
                   49 ┤ 0                                        
                   50 ┤■■■■■■■■■■■■■■■■■■■ 1                     
                   51 ┤ 0                                        
                   52 ┤■■■■■■■■■■■■■■■■■■■■■■■■■■■■■■■■■■■■■ 2   
                   53 ┤■■■■■■■■■■■■■■■■■■■ 1                     
                   54 ┤■■■■■■■■■■■■■■■■■■■■■■■■■■■■■■■■■■■■■ 2   
                   55 ┤ 0                                        
                   56 ┤■■■■■■■■■■■■■■■■■■■■■■■■■■■■■■■■■■■■■ 2   
                   57 ┤■■■■■■■■■■■■■■■■■■■ 1                     
                   58 ┤ 0                                        
                   59 ┤■■■■■■■■■■■■■■■■■■■ 1                     
                   60 ┤■■■■■■■■■■■■■■■■■■■ 1                     
                      └                                        ┘ 
                                     num of slices               
[ Info: slicing branch with sc: 35.0
[ Info: cc.sc: 35.0
region size: 10
tbl0_rows:12 filtered_rows:12
QIP_gurobi_bound: solver finished in 1.277 s (time_limit=100.0 s, status=OPTIMAL)
[ Info: slice 1, lp_score: 5398.0, primal_bound: 5398.0
QIP_gurobi_bound: solver finished in 4.451 s (time_limit=100.0 s, status=OPTIMAL)
[ Info: slice 2, lp_score: 5395.0, primal_bound: 5398.0
[ Info: new_scs: [34]
[ Info: lp_scores: [5398.0]
[ Info: lp_scores: 5398.0
[ Info: current num of unfinished slices: 14, finished slices: 27
                      ┌                                        ┐ 
                   34 ┤■■■■■■■■■■■■■■■■■■■ 1                     
                   35 ┤ 0                                        
                   36 ┤ 0                                        
                   37 ┤ 0                                        
                   38 ┤■■■■■■■■■■■■■■■■■■■ 1                     
                   39 ┤ 0                                        
                   40 ┤■■■■■■■■■■■■■■■■■■■ 1                     
                   41 ┤ 0                                        
                   42 ┤ 0                                        
                   43 ┤ 0                                        
                   44 ┤ 0                                        
                   45 ┤ 0                                        
                   46 ┤ 0                                        
   sc, target = 31 47 ┤ 0                                        
                   48 ┤ 0                                        
                   49 ┤ 0                                        
                   50 ┤■■■■■■■■■■■■■■■■■■■ 1                     
                   51 ┤ 0                                        
                   52 ┤■■■■■■■■■■■■■■■■■■■■■■■■■■■■■■■■■■■■■ 2   
                   53 ┤■■■■■■■■■■■■■■■■■■■ 1                     
                   54 ┤■■■■■■■■■■■■■■■■■■■■■■■■■■■■■■■■■■■■■ 2   
                   55 ┤ 0                                        
                   56 ┤■■■■■■■■■■■■■■■■■■■■■■■■■■■■■■■■■■■■■ 2   
                   57 ┤■■■■■■■■■■■■■■■■■■■ 1                     
                   58 ┤ 0                                        
                   59 ┤■■■■■■■■■■■■■■■■■■■ 1                     
                   60 ┤■■■■■■■■■■■■■■■■■■■ 1                     
                      └                                        ┘ 
                                     num of slices               
[ Info: slicing branch with sc: 34.0
[ Info: cc.sc: 34.0
region size: 10
tbl0_rows:78 filtered_rows:78
QIP_gurobi_bound: solver finished in 1.221 s (time_limit=100.0 s, status=OPTIMAL)
[ Info: slice 1, lp_score: 5396.0, primal_bound: 5398.0
QIP_gurobi_bound: solver finished in 1.202 s (time_limit=100.0 s, status=OPTIMAL)
[ Info: slice 2, lp_score: 5395.0, primal_bound: 5398.0
QIP_gurobi_bound: solver finished in 1.126 s (time_limit=100.0 s, status=OPTIMAL)
[ Info: slice 3, lp_score: 5398.0, primal_bound: 5398.0
QIP_gurobi_bound: solver finished in 1.188 s (time_limit=100.0 s, status=OPTIMAL)
[ Info: slice 4, lp_score: 5392.0, primal_bound: 5398.0
[ Info: new_scs: [32]
[ Info: lp_scores: [5398.0]
[ Info: lp_scores: 5398.0
[ Info: current num of unfinished slices: 14, finished slices: 27
                      ┌                                        ┐ 
                   32 ┤■■■■■■■■■■■■■■■■■■■ 1                     
                   33 ┤ 0                                        
                   34 ┤ 0                                        
                   35 ┤ 0                                        
                   36 ┤ 0                                        
                   37 ┤ 0                                        
                   38 ┤■■■■■■■■■■■■■■■■■■■ 1                     
                   39 ┤ 0                                        
                   40 ┤■■■■■■■■■■■■■■■■■■■ 1                     
                   41 ┤ 0                                        
                   42 ┤ 0                                        
                   43 ┤ 0                                        
                   44 ┤ 0                                        
                   45 ┤ 0                                        
   sc, target = 31 46 ┤ 0                                        
                   47 ┤ 0                                        
                   48 ┤ 0                                        
                   49 ┤ 0                                        
                   50 ┤■■■■■■■■■■■■■■■■■■■ 1                     
                   51 ┤ 0                                        
                   52 ┤■■■■■■■■■■■■■■■■■■■■■■■■■■■■■■■■■■■■■ 2   
                   53 ┤■■■■■■■■■■■■■■■■■■■ 1                     
                   54 ┤■■■■■■■■■■■■■■■■■■■■■■■■■■■■■■■■■■■■■ 2   
                   55 ┤ 0                                        
                   56 ┤■■■■■■■■■■■■■■■■■■■■■■■■■■■■■■■■■■■■■ 2   
                   57 ┤■■■■■■■■■■■■■■■■■■■ 1                     
                   58 ┤ 0                                        
                   59 ┤■■■■■■■■■■■■■■■■■■■ 1                     
                   60 ┤■■■■■■■■■■■■■■■■■■■ 1                     
                      └                                        ┘ 
                                     num of slices               
[ Info: slicing branch with sc: 32.0
[ Info: cc.sc: 32.0
region size: 10
tbl0_rows:26 filtered_rows:26
QIP_gurobi_bound: solver finished in 1.168 s (time_limit=100.0 s, status=OPTIMAL)
[ Info: slice 1, lp_score: 5386.0, primal_bound: 5398.0
QIP_gurobi_bound: solver finished in 1.336 s (time_limit=100.0 s, status=OPTIMAL)
[ Info: slice 2, lp_score: 5398.0, primal_bound: 5398.0
[ Info: new_scs: [31]
[ Info: lp_scores: [5398.0]
[ Info: lp_scores: 5398.0
[ Info: current num of unfinished slices: 14, finished slices: 27
                      ┌                                        ┐ 
                   31 ┤■■■■■■■■■■■■■■■■■■■ 1                     
                   32 ┤ 0                                        
                   33 ┤ 0                                        
                   34 ┤ 0                                        
                   35 ┤ 0                                        
                   36 ┤ 0                                        
                   37 ┤ 0                                        
                   38 ┤■■■■■■■■■■■■■■■■■■■ 1                     
                   39 ┤ 0                                        
                   40 ┤■■■■■■■■■■■■■■■■■■■ 1                     
                   41 ┤ 0                                        
                   42 ┤ 0                                        
                   43 ┤ 0                                        
                   44 ┤ 0                                        
   sc, target = 31 45 ┤ 0                                        
                   46 ┤ 0                                        
                   47 ┤ 0                                        
                   48 ┤ 0                                        
                   49 ┤ 0                                        
                   50 ┤■■■■■■■■■■■■■■■■■■■ 1                     
                   51 ┤ 0                                        
                   52 ┤■■■■■■■■■■■■■■■■■■■■■■■■■■■■■■■■■■■■■ 2   
                   53 ┤■■■■■■■■■■■■■■■■■■■ 1                     
                   54 ┤■■■■■■■■■■■■■■■■■■■■■■■■■■■■■■■■■■■■■ 2   
                   55 ┤ 0                                        
                   56 ┤■■■■■■■■■■■■■■■■■■■■■■■■■■■■■■■■■■■■■ 2   
                   57 ┤■■■■■■■■■■■■■■■■■■■ 1                     
                   58 ┤ 0                                        
                   59 ┤■■■■■■■■■■■■■■■■■■■ 1                     
                   60 ┤■■■■■■■■■■■■■■■■■■■ 1                     
                      └                                        ┘ 
                                     num of slices               
[ Info: slicing branch with sc: 31.0
  [slice produced] sc=31.0 tc=44.38740085667472 nv=3540 ne=6898 r=64.0
QIP_value_gurobi: solver finished in 1.3 s (time_limit=604800.0 s, status=OPTIMAL)
[ Info: feasible solution: 5398.0, primal bound: 5398.0
[ Info: current num of unfinished slices: 13, finished slices: 28
                      ┌                                        ┐ 
                   38 ┤■■■■■■■■■■■■■■■■■■■ 1                     
                   39 ┤ 0                                        
                   40 ┤■■■■■■■■■■■■■■■■■■■ 1                     
                   41 ┤ 0                                        
                   42 ┤ 0                                        
                   43 ┤ 0                                        
                   44 ┤ 0                                        
                   45 ┤ 0                                        
                   46 ┤ 0                                        
                   47 ┤ 0                                        
                   48 ┤ 0                                        
   sc, target = 31 49 ┤ 0                                        
                   50 ┤■■■■■■■■■■■■■■■■■■■ 1                     
                   51 ┤ 0                                        
                   52 ┤■■■■■■■■■■■■■■■■■■■■■■■■■■■■■■■■■■■■■ 2   
                   53 ┤■■■■■■■■■■■■■■■■■■■ 1                     
                   54 ┤■■■■■■■■■■■■■■■■■■■■■■■■■■■■■■■■■■■■■ 2   
                   55 ┤ 0                                        
                   56 ┤■■■■■■■■■■■■■■■■■■■■■■■■■■■■■■■■■■■■■ 2   
                   57 ┤■■■■■■■■■■■■■■■■■■■ 1                     
                   58 ┤ 0                                        
                   59 ┤■■■■■■■■■■■■■■■■■■■ 1                     
                   60 ┤■■■■■■■■■■■■■■■■■■■ 1                     
                      └                                        ┘ 
                                     num of slices               
[ Info: slicing branch with sc: 38.0
[ Info: cc.sc: 38.0
region size: 10
tbl0_rows:20 filtered_rows:20
QIP_gurobi_bound: solver finished in 1.258 s (time_limit=100.0 s, status=OPTIMAL)
[ Info: slice 1, lp_score: 5396.0, primal_bound: 5398.0
QIP_gurobi_bound: solver finished in 4.554 s (time_limit=100.0 s, status=OPTIMAL)
[ Info: slice 2, lp_score: 5398.0, primal_bound: 5398.0
[ Info: new_scs: [38]
[ Info: lp_scores: [5398.0]
[ Info: lp_scores: 5398.0
[ Info: current num of unfinished slices: 13, finished slices: 28
                      ┌                                        ┐ 
                   38 ┤■■■■■■■■■■■■■■■■■■■ 1                     
                   39 ┤ 0                                        
                   40 ┤■■■■■■■■■■■■■■■■■■■ 1                     
                   41 ┤ 0                                        
                   42 ┤ 0                                        
                   43 ┤ 0                                        
                   44 ┤ 0                                        
                   45 ┤ 0                                        
                   46 ┤ 0                                        
                   47 ┤ 0                                        
                   48 ┤ 0                                        
   sc, target = 31 49 ┤ 0                                        
                   50 ┤■■■■■■■■■■■■■■■■■■■ 1                     
                   51 ┤ 0                                        
                   52 ┤■■■■■■■■■■■■■■■■■■■■■■■■■■■■■■■■■■■■■ 2   
                   53 ┤■■■■■■■■■■■■■■■■■■■ 1                     
                   54 ┤■■■■■■■■■■■■■■■■■■■■■■■■■■■■■■■■■■■■■ 2   
                   55 ┤ 0                                        
                   56 ┤■■■■■■■■■■■■■■■■■■■■■■■■■■■■■■■■■■■■■ 2   
                   57 ┤■■■■■■■■■■■■■■■■■■■ 1                     
                   58 ┤ 0                                        
                   59 ┤■■■■■■■■■■■■■■■■■■■ 1                     
                   60 ┤■■■■■■■■■■■■■■■■■■■ 1                     
                      └                                        ┘ 
                                     num of slices               
[ Info: slicing branch with sc: 38.0
[ Info: cc.sc: 38.0
region size: 10
tbl0_rows:41 filtered_rows:41
QIP_gurobi_bound: solver finished in 1.223 s (time_limit=100.0 s, status=OPTIMAL)
[ Info: slice 1, lp_score: 5386.0, primal_bound: 5398.0
QIP_gurobi_bound: solver finished in 1.287 s (time_limit=100.0 s, status=OPTIMAL)
[ Info: slice 2, lp_score: 5398.0, primal_bound: 5398.0
[ Info: new_scs: [37]
[ Info: lp_scores: [5398.0]
[ Info: lp_scores: 5398.0
[ Info: current num of unfinished slices: 13, finished slices: 28
                      ┌                                        ┐ 
                   37 ┤■■■■■■■■■■■■■■■■■■■ 1                     
                   38 ┤ 0                                        
                   39 ┤ 0                                        
                   40 ┤■■■■■■■■■■■■■■■■■■■ 1                     
                   41 ┤ 0                                        
                   42 ┤ 0                                        
                   43 ┤ 0                                        
                   44 ┤ 0                                        
                   45 ┤ 0                                        
                   46 ┤ 0                                        
                   47 ┤ 0                                        
   sc, target = 31 48 ┤ 0                                        
                   49 ┤ 0                                        
                   50 ┤■■■■■■■■■■■■■■■■■■■ 1                     
                   51 ┤ 0                                        
                   52 ┤■■■■■■■■■■■■■■■■■■■■■■■■■■■■■■■■■■■■■ 2   
                   53 ┤■■■■■■■■■■■■■■■■■■■ 1                     
                   54 ┤■■■■■■■■■■■■■■■■■■■■■■■■■■■■■■■■■■■■■ 2   
                   55 ┤ 0                                        
                   56 ┤■■■■■■■■■■■■■■■■■■■■■■■■■■■■■■■■■■■■■ 2   
                   57 ┤■■■■■■■■■■■■■■■■■■■ 1                     
                   58 ┤ 0                                        
                   59 ┤■■■■■■■■■■■■■■■■■■■ 1                     
                   60 ┤■■■■■■■■■■■■■■■■■■■ 1                     
                      └                                        ┘ 
                                     num of slices               
[ Info: slicing branch with sc: 37.0
[ Info: cc.sc: 37.0
region size: 10
tbl0_rows:34 filtered_rows:34
QIP_gurobi_bound: solver finished in 1.447 s (time_limit=100.0 s, status=OPTIMAL)
[ Info: slice 1, lp_score: 5398.0, primal_bound: 5398.0
QIP_gurobi_bound: solver finished in 1.286 s (time_limit=100.0 s, status=OPTIMAL)
[ Info: slice 2, lp_score: 5398.0, primal_bound: 5398.0
[ Info: new_scs: [36, 36]
[ Info: lp_scores: [5398.0, 5398.0]
[ Info: lp_scores: 5398.0
[ Info: lp_scores: 5398.0
[ Info: current num of unfinished slices: 14, finished slices: 28
                      ┌                                        ┐ 
                   36 ┤■■■■■■■■■■■■■■■■■■■■■■■■■■■■■■■■■■■■■ 2   
                   37 ┤ 0                                        
                   38 ┤ 0                                        
                   39 ┤ 0                                        
                   40 ┤■■■■■■■■■■■■■■■■■■■ 1                     
                   41 ┤ 0                                        
                   42 ┤ 0                                        
                   43 ┤ 0                                        
                   44 ┤ 0                                        
                   45 ┤ 0                                        
                   46 ┤ 0                                        
                   47 ┤ 0                                        
   sc, target = 31 48 ┤ 0                                        
                   49 ┤ 0                                        
                   50 ┤■■■■■■■■■■■■■■■■■■■ 1                     
                   51 ┤ 0                                        
                   52 ┤■■■■■■■■■■■■■■■■■■■■■■■■■■■■■■■■■■■■■ 2   
                   53 ┤■■■■■■■■■■■■■■■■■■■ 1                     
                   54 ┤■■■■■■■■■■■■■■■■■■■■■■■■■■■■■■■■■■■■■ 2   
                   55 ┤ 0                                        
                   56 ┤■■■■■■■■■■■■■■■■■■■■■■■■■■■■■■■■■■■■■ 2   
                   57 ┤■■■■■■■■■■■■■■■■■■■ 1                     
                   58 ┤ 0                                        
                   59 ┤■■■■■■■■■■■■■■■■■■■ 1                     
                   60 ┤■■■■■■■■■■■■■■■■■■■ 1                     
                      └                                        ┘ 
                                     num of slices               
[ Info: slicing branch with sc: 36.0
[ Info: cc.sc: 36.0
region size: 10
tbl0_rows:8 filtered_rows:8
QIP_gurobi_bound: solver finished in 1.163 s (time_limit=100.0 s, status=OPTIMAL)
[ Info: slice 1, lp_score: 5398.0, primal_bound: 5398.0
[ Info: new_scs: [36]
[ Info: lp_scores: [5398.0]
[ Info: lp_scores: 5398.0
[ Info: current num of unfinished slices: 14, finished slices: 28
                      ┌                                        ┐ 
                   36 ┤■■■■■■■■■■■■■■■■■■■■■■■■■■■■■■■■■■■■■ 2   
                   37 ┤ 0                                        
                   38 ┤ 0                                        
                   39 ┤ 0                                        
                   40 ┤■■■■■■■■■■■■■■■■■■■ 1                     
                   41 ┤ 0                                        
                   42 ┤ 0                                        
                   43 ┤ 0                                        
                   44 ┤ 0                                        
                   45 ┤ 0                                        
                   46 ┤ 0                                        
                   47 ┤ 0                                        
   sc, target = 31 48 ┤ 0                                        
                   49 ┤ 0                                        
                   50 ┤■■■■■■■■■■■■■■■■■■■ 1                     
                   51 ┤ 0                                        
                   52 ┤■■■■■■■■■■■■■■■■■■■■■■■■■■■■■■■■■■■■■ 2   
                   53 ┤■■■■■■■■■■■■■■■■■■■ 1                     
                   54 ┤■■■■■■■■■■■■■■■■■■■■■■■■■■■■■■■■■■■■■ 2   
                   55 ┤ 0                                        
                   56 ┤■■■■■■■■■■■■■■■■■■■■■■■■■■■■■■■■■■■■■ 2   
                   57 ┤■■■■■■■■■■■■■■■■■■■ 1                     
                   58 ┤ 0                                        
                   59 ┤■■■■■■■■■■■■■■■■■■■ 1                     
                   60 ┤■■■■■■■■■■■■■■■■■■■ 1                     
                      └                                        ┘ 
                                     num of slices               
[ Info: slicing branch with sc: 36.0
[ Info: cc.sc: 36.0
region size: 10
tbl0_rows:62 filtered_rows:62
QIP_gurobi_bound: solver finished in 1.186 s (time_limit=100.0 s, status=OPTIMAL)
[ Info: slice 1, lp_score: 5396.0, primal_bound: 5398.0
QIP_gurobi_bound: solver finished in 1.217 s (time_limit=100.0 s, status=OPTIMAL)
[ Info: slice 2, lp_score: 5398.0, primal_bound: 5398.0
[ Info: new_scs: [35]
[ Info: lp_scores: [5398.0]
[ Info: lp_scores: 5398.0
[ Info: current num of unfinished slices: 14, finished slices: 28
                      ┌                                        ┐ 
                   35 ┤■■■■■■■■■■■■■■■■■■■ 1                     
                   36 ┤■■■■■■■■■■■■■■■■■■■ 1                     
                   37 ┤ 0                                        
                   38 ┤ 0                                        
                   39 ┤ 0                                        
                   40 ┤■■■■■■■■■■■■■■■■■■■ 1                     
                   41 ┤ 0                                        
                   42 ┤ 0                                        
                   43 ┤ 0                                        
                   44 ┤ 0                                        
                   45 ┤ 0                                        
                   46 ┤ 0                                        
   sc, target = 31 47 ┤ 0                                        
                   48 ┤ 0                                        
                   49 ┤ 0                                        
                   50 ┤■■■■■■■■■■■■■■■■■■■ 1                     
                   51 ┤ 0                                        
                   52 ┤■■■■■■■■■■■■■■■■■■■■■■■■■■■■■■■■■■■■■ 2   
                   53 ┤■■■■■■■■■■■■■■■■■■■ 1                     
                   54 ┤■■■■■■■■■■■■■■■■■■■■■■■■■■■■■■■■■■■■■ 2   
                   55 ┤ 0                                        
                   56 ┤■■■■■■■■■■■■■■■■■■■■■■■■■■■■■■■■■■■■■ 2   
                   57 ┤■■■■■■■■■■■■■■■■■■■ 1                     
                   58 ┤ 0                                        
                   59 ┤■■■■■■■■■■■■■■■■■■■ 1                     
                   60 ┤■■■■■■■■■■■■■■■■■■■ 1                     
                      └                                        ┘ 
                                     num of slices               
[ Info: slicing branch with sc: 35.0
[ Info: cc.sc: 35.0
region size: 10
tbl0_rows:12 filtered_rows:12
QIP_gurobi_bound: solver finished in 1.335 s (time_limit=100.0 s, status=OPTIMAL)
[ Info: slice 1, lp_score: 5398.0, primal_bound: 5398.0
QIP_gurobi_bound: solver finished in 1.132 s (time_limit=100.0 s, status=OPTIMAL)
[ Info: slice 2, lp_score: 5395.0, primal_bound: 5398.0
[ Info: new_scs: [34]
[ Info: lp_scores: [5398.0]
[ Info: lp_scores: 5398.0
[ Info: current num of unfinished slices: 14, finished slices: 28
                      ┌                                        ┐ 
                   34 ┤■■■■■■■■■■■■■■■■■■■ 1                     
                   35 ┤ 0                                        
                   36 ┤■■■■■■■■■■■■■■■■■■■ 1                     
                   37 ┤ 0                                        
                   38 ┤ 0                                        
                   39 ┤ 0                                        
                   40 ┤■■■■■■■■■■■■■■■■■■■ 1                     
                   41 ┤ 0                                        
                   42 ┤ 0                                        
                   43 ┤ 0                                        
                   44 ┤ 0                                        
                   45 ┤ 0                                        
                   46 ┤ 0                                        
   sc, target = 31 47 ┤ 0                                        
                   48 ┤ 0                                        
                   49 ┤ 0                                        
                   50 ┤■■■■■■■■■■■■■■■■■■■ 1                     
                   51 ┤ 0                                        
                   52 ┤■■■■■■■■■■■■■■■■■■■■■■■■■■■■■■■■■■■■■ 2   
                   53 ┤■■■■■■■■■■■■■■■■■■■ 1                     
                   54 ┤■■■■■■■■■■■■■■■■■■■■■■■■■■■■■■■■■■■■■ 2   
                   55 ┤ 0                                        
                   56 ┤■■■■■■■■■■■■■■■■■■■■■■■■■■■■■■■■■■■■■ 2   
                   57 ┤■■■■■■■■■■■■■■■■■■■ 1                     
                   58 ┤ 0                                        
                   59 ┤■■■■■■■■■■■■■■■■■■■ 1                     
                   60 ┤■■■■■■■■■■■■■■■■■■■ 1                     
                      └                                        ┘ 
                                     num of slices               
[ Info: slicing branch with sc: 34.0
[ Info: cc.sc: 34.0
region size: 10
tbl0_rows:64 filtered_rows:64
QIP_gurobi_bound: solver finished in 1.338 s (time_limit=100.0 s, status=OPTIMAL)
[ Info: slice 1, lp_score: 5398.0, primal_bound: 5398.0
QIP_gurobi_bound: solver finished in 1.317 s (time_limit=100.0 s, status=OPTIMAL)
[ Info: slice 2, lp_score: 5397.0, primal_bound: 5398.0
[ Info: new_scs: [33]
[ Info: lp_scores: [5398.0]
[ Info: lp_scores: 5398.0
[ Info: current num of unfinished slices: 14, finished slices: 28
                      ┌                                        ┐ 
                   33 ┤■■■■■■■■■■■■■■■■■■■ 1                     
                   34 ┤ 0                                        
                   35 ┤ 0                                        
                   36 ┤■■■■■■■■■■■■■■■■■■■ 1                     
                   37 ┤ 0                                        
                   38 ┤ 0                                        
                   39 ┤ 0                                        
                   40 ┤■■■■■■■■■■■■■■■■■■■ 1                     
                   41 ┤ 0                                        
                   42 ┤ 0                                        
                   43 ┤ 0                                        
                   44 ┤ 0                                        
                   45 ┤ 0                                        
   sc, target = 31 46 ┤ 0                                        
                   47 ┤ 0                                        
                   48 ┤ 0                                        
                   49 ┤ 0                                        
                   50 ┤■■■■■■■■■■■■■■■■■■■ 1                     
                   51 ┤ 0                                        
                   52 ┤■■■■■■■■■■■■■■■■■■■■■■■■■■■■■■■■■■■■■ 2   
                   53 ┤■■■■■■■■■■■■■■■■■■■ 1                     
                   54 ┤■■■■■■■■■■■■■■■■■■■■■■■■■■■■■■■■■■■■■ 2   
                   55 ┤ 0                                        
                   56 ┤■■■■■■■■■■■■■■■■■■■■■■■■■■■■■■■■■■■■■ 2   
                   57 ┤■■■■■■■■■■■■■■■■■■■ 1                     
                   58 ┤ 0                                        
                   59 ┤■■■■■■■■■■■■■■■■■■■ 1                     
                   60 ┤■■■■■■■■■■■■■■■■■■■ 1                     
                      └                                        ┘ 
                                     num of slices               
[ Info: slicing branch with sc: 33.0
[ Info: cc.sc: 33.0
region size: 10
tbl0_rows:42 filtered_rows:42
QIP_gurobi_bound: solver finished in 1.286 s (time_limit=100.0 s, status=OPTIMAL)
[ Info: slice 1, lp_score: 5397.0, primal_bound: 5398.0
QIP_gurobi_bound: solver finished in 1.238 s (time_limit=100.0 s, status=OPTIMAL)
[ Info: slice 2, lp_score: 5398.0, primal_bound: 5398.0
[ Info: new_scs: [32]
[ Info: lp_scores: [5398.0]
[ Info: lp_scores: 5398.0
[ Info: current num of unfinished slices: 14, finished slices: 28
                      ┌                                        ┐ 
                   32 ┤■■■■■■■■■■■■■■■■■■■ 1                     
                   33 ┤ 0                                        
                   34 ┤ 0                                        
                   35 ┤ 0                                        
                   36 ┤■■■■■■■■■■■■■■■■■■■ 1                     
                   37 ┤ 0                                        
                   38 ┤ 0                                        
                   39 ┤ 0                                        
                   40 ┤■■■■■■■■■■■■■■■■■■■ 1                     
                   41 ┤ 0                                        
                   42 ┤ 0                                        
                   43 ┤ 0                                        
                   44 ┤ 0                                        
                   45 ┤ 0                                        
   sc, target = 31 46 ┤ 0                                        
                   47 ┤ 0                                        
                   48 ┤ 0                                        
                   49 ┤ 0                                        
                   50 ┤■■■■■■■■■■■■■■■■■■■ 1                     
                   51 ┤ 0                                        
                   52 ┤■■■■■■■■■■■■■■■■■■■■■■■■■■■■■■■■■■■■■ 2   
                   53 ┤■■■■■■■■■■■■■■■■■■■ 1                     
                   54 ┤■■■■■■■■■■■■■■■■■■■■■■■■■■■■■■■■■■■■■ 2   
                   55 ┤ 0                                        
                   56 ┤■■■■■■■■■■■■■■■■■■■■■■■■■■■■■■■■■■■■■ 2   
                   57 ┤■■■■■■■■■■■■■■■■■■■ 1                     
                   58 ┤ 0                                        
                   59 ┤■■■■■■■■■■■■■■■■■■■ 1                     
                   60 ┤■■■■■■■■■■■■■■■■■■■ 1                     
                      └                                        ┘ 
                                     num of slices               
[ Info: slicing branch with sc: 32.0
[ Info: cc.sc: 32.0
region size: 10
tbl0_rows:29 filtered_rows:29
QIP_gurobi_bound: solver finished in 1.255 s (time_limit=100.0 s, status=OPTIMAL)
[ Info: slice 1, lp_score: 5396.0, primal_bound: 5398.0
QIP_gurobi_bound: solver finished in 1.186 s (time_limit=100.0 s, status=OPTIMAL)
[ Info: slice 2, lp_score: 5398.0, primal_bound: 5398.0
[ Info: new_scs: [31]
[ Info: lp_scores: [5398.0]
[ Info: lp_scores: 5398.0
[ Info: current num of unfinished slices: 14, finished slices: 28
                      ┌                                        ┐ 
                   31 ┤■■■■■■■■■■■■■■■■■■■ 1                     
                   32 ┤ 0                                        
                   33 ┤ 0                                        
                   34 ┤ 0                                        
                   35 ┤ 0                                        
                   36 ┤■■■■■■■■■■■■■■■■■■■ 1                     
                   37 ┤ 0                                        
                   38 ┤ 0                                        
                   39 ┤ 0                                        
                   40 ┤■■■■■■■■■■■■■■■■■■■ 1                     
                   41 ┤ 0                                        
                   42 ┤ 0                                        
                   43 ┤ 0                                        
                   44 ┤ 0                                        
   sc, target = 31 45 ┤ 0                                        
                   46 ┤ 0                                        
                   47 ┤ 0                                        
                   48 ┤ 0                                        
                   49 ┤ 0                                        
                   50 ┤■■■■■■■■■■■■■■■■■■■ 1                     
                   51 ┤ 0                                        
                   52 ┤■■■■■■■■■■■■■■■■■■■■■■■■■■■■■■■■■■■■■ 2   
                   53 ┤■■■■■■■■■■■■■■■■■■■ 1                     
                   54 ┤■■■■■■■■■■■■■■■■■■■■■■■■■■■■■■■■■■■■■ 2   
                   55 ┤ 0                                        
                   56 ┤■■■■■■■■■■■■■■■■■■■■■■■■■■■■■■■■■■■■■ 2   
                   57 ┤■■■■■■■■■■■■■■■■■■■ 1                     
                   58 ┤ 0                                        
                   59 ┤■■■■■■■■■■■■■■■■■■■ 1                     
                   60 ┤■■■■■■■■■■■■■■■■■■■ 1                     
                      └                                        ┘ 
                                     num of slices               
[ Info: slicing branch with sc: 31.0
  [slice produced] sc=31.0 tc=44.24898546669266 nv=3540 ne=6897 r=63.0
QIP_value_gurobi: solver finished in 1.16 s (time_limit=604800.0 s, status=OPTIMAL)
[ Info: feasible solution: 5398.0, primal bound: 5398.0
[ Info: current num of unfinished slices: 13, finished slices: 29
                      ┌                                        ┐ 
                   36 ┤■■■■■■■■■■■■■■■■■■■ 1                     
                   37 ┤ 0                                        
                   38 ┤ 0                                        
                   39 ┤ 0                                        
                   40 ┤■■■■■■■■■■■■■■■■■■■ 1                     
                   41 ┤ 0                                        
                   42 ┤ 0                                        
                   43 ┤ 0                                        
                   44 ┤ 0                                        
                   45 ┤ 0                                        
                   46 ┤ 0                                        
                   47 ┤ 0                                        
   sc, target = 31 48 ┤ 0                                        
                   49 ┤ 0                                        
                   50 ┤■■■■■■■■■■■■■■■■■■■ 1                     
                   51 ┤ 0                                        
                   52 ┤■■■■■■■■■■■■■■■■■■■■■■■■■■■■■■■■■■■■■ 2   
                   53 ┤■■■■■■■■■■■■■■■■■■■ 1                     
                   54 ┤■■■■■■■■■■■■■■■■■■■■■■■■■■■■■■■■■■■■■ 2   
                   55 ┤ 0                                        
                   56 ┤■■■■■■■■■■■■■■■■■■■■■■■■■■■■■■■■■■■■■ 2   
                   57 ┤■■■■■■■■■■■■■■■■■■■ 1                     
                   58 ┤ 0                                        
                   59 ┤■■■■■■■■■■■■■■■■■■■ 1                     
                   60 ┤■■■■■■■■■■■■■■■■■■■ 1                     
                      └                                        ┘ 
                                     num of slices               
[ Info: slicing branch with sc: 36.0
[ Info: cc.sc: 36.0
region size: 10
tbl0_rows:86 filtered_rows:86
QIP_gurobi_bound: solver finished in 1.244 s (time_limit=100.0 s, status=OPTIMAL)
[ Info: slice 1, lp_score: 5396.0, primal_bound: 5398.0
QIP_gurobi_bound: solver finished in 1.334 s (time_limit=100.0 s, status=OPTIMAL)
[ Info: slice 2, lp_score: 5398.0, primal_bound: 5398.0
[ Info: new_scs: [35]
[ Info: lp_scores: [5398.0]
[ Info: lp_scores: 5398.0
[ Info: current num of unfinished slices: 13, finished slices: 29
                      ┌                                        ┐ 
                   35 ┤■■■■■■■■■■■■■■■■■■■ 1                     
                   36 ┤ 0                                        
                   37 ┤ 0                                        
                   38 ┤ 0                                        
                   39 ┤ 0                                        
                   40 ┤■■■■■■■■■■■■■■■■■■■ 1                     
                   41 ┤ 0                                        
                   42 ┤ 0                                        
                   43 ┤ 0                                        
                   44 ┤ 0                                        
                   45 ┤ 0                                        
                   46 ┤ 0                                        
   sc, target = 31 47 ┤ 0                                        
                   48 ┤ 0                                        
                   49 ┤ 0                                        
                   50 ┤■■■■■■■■■■■■■■■■■■■ 1                     
                   51 ┤ 0                                        
                   52 ┤■■■■■■■■■■■■■■■■■■■■■■■■■■■■■■■■■■■■■ 2   
                   53 ┤■■■■■■■■■■■■■■■■■■■ 1                     
                   54 ┤■■■■■■■■■■■■■■■■■■■■■■■■■■■■■■■■■■■■■ 2   
                   55 ┤ 0                                        
                   56 ┤■■■■■■■■■■■■■■■■■■■■■■■■■■■■■■■■■■■■■ 2   
                   57 ┤■■■■■■■■■■■■■■■■■■■ 1                     
                   58 ┤ 0                                        
                   59 ┤■■■■■■■■■■■■■■■■■■■ 1                     
                   60 ┤■■■■■■■■■■■■■■■■■■■ 1                     
                      └                                        ┘ 
                                     num of slices               
[ Info: slicing branch with sc: 35.0
[ Info: cc.sc: 35.0
region size: 10
tbl0_rows:8 filtered_rows:8
QIP_gurobi_bound: solver finished in 1.113 s (time_limit=100.0 s, status=OPTIMAL)
[ Info: slice 1, lp_score: 5398.0, primal_bound: 5398.0
[ Info: new_scs: [35]
[ Info: lp_scores: [5398.0]
[ Info: lp_scores: 5398.0
[ Info: current num of unfinished slices: 13, finished slices: 29
                      ┌                                        ┐ 
                   35 ┤■■■■■■■■■■■■■■■■■■■ 1                     
                   36 ┤ 0                                        
                   37 ┤ 0                                        
                   38 ┤ 0                                        
                   39 ┤ 0                                        
                   40 ┤■■■■■■■■■■■■■■■■■■■ 1                     
                   41 ┤ 0                                        
                   42 ┤ 0                                        
                   43 ┤ 0                                        
                   44 ┤ 0                                        
                   45 ┤ 0                                        
                   46 ┤ 0                                        
   sc, target = 31 47 ┤ 0                                        
                   48 ┤ 0                                        
                   49 ┤ 0                                        
                   50 ┤■■■■■■■■■■■■■■■■■■■ 1                     
                   51 ┤ 0                                        
                   52 ┤■■■■■■■■■■■■■■■■■■■■■■■■■■■■■■■■■■■■■ 2   
                   53 ┤■■■■■■■■■■■■■■■■■■■ 1                     
                   54 ┤■■■■■■■■■■■■■■■■■■■■■■■■■■■■■■■■■■■■■ 2   
                   55 ┤ 0                                        
                   56 ┤■■■■■■■■■■■■■■■■■■■■■■■■■■■■■■■■■■■■■ 2   
                   57 ┤■■■■■■■■■■■■■■■■■■■ 1                     
                   58 ┤ 0                                        
                   59 ┤■■■■■■■■■■■■■■■■■■■ 1                     
                   60 ┤■■■■■■■■■■■■■■■■■■■ 1                     
                      └                                        ┘ 
                                     num of slices               
[ Info: slicing branch with sc: 35.0
[ Info: cc.sc: 35.0
region size: 10
tbl0_rows:29 filtered_rows:29
QIP_gurobi_bound: solver finished in 1.321 s (time_limit=100.0 s, status=OPTIMAL)
[ Info: slice 1, lp_score: 5398.0, primal_bound: 5398.0
QIP_gurobi_bound: solver finished in 1.19 s (time_limit=100.0 s, status=OPTIMAL)
[ Info: slice 2, lp_score: 5396.0, primal_bound: 5398.0
[ Info: new_scs: [34]
[ Info: lp_scores: [5398.0]
[ Info: lp_scores: 5398.0
[ Info: current num of unfinished slices: 13, finished slices: 29
                      ┌                                        ┐ 
                   34 ┤■■■■■■■■■■■■■■■■■■■ 1                     
                   35 ┤ 0                                        
                   36 ┤ 0                                        
                   37 ┤ 0                                        
                   38 ┤ 0                                        
                   39 ┤ 0                                        
                   40 ┤■■■■■■■■■■■■■■■■■■■ 1                     
                   41 ┤ 0                                        
                   42 ┤ 0                                        
                   43 ┤ 0                                        
                   44 ┤ 0                                        
                   45 ┤ 0                                        
                   46 ┤ 0                                        
   sc, target = 31 47 ┤ 0                                        
                   48 ┤ 0                                        
                   49 ┤ 0                                        
                   50 ┤■■■■■■■■■■■■■■■■■■■ 1                     
                   51 ┤ 0                                        
                   52 ┤■■■■■■■■■■■■■■■■■■■■■■■■■■■■■■■■■■■■■ 2   
                   53 ┤■■■■■■■■■■■■■■■■■■■ 1                     
                   54 ┤■■■■■■■■■■■■■■■■■■■■■■■■■■■■■■■■■■■■■ 2   
                   55 ┤ 0                                        
                   56 ┤■■■■■■■■■■■■■■■■■■■■■■■■■■■■■■■■■■■■■ 2   
                   57 ┤■■■■■■■■■■■■■■■■■■■ 1                     
                   58 ┤ 0                                        
                   59 ┤■■■■■■■■■■■■■■■■■■■ 1                     
                   60 ┤■■■■■■■■■■■■■■■■■■■ 1                     
                      └                                        ┘ 
                                     num of slices               
[ Info: slicing branch with sc: 34.0
[ Info: cc.sc: 34.0
region size: 10
tbl0_rows:90 filtered_rows:90
QIP_gurobi_bound: solver finished in 1.195 s (time_limit=100.0 s, status=OPTIMAL)
[ Info: slice 1, lp_score: 5398.0, primal_bound: 5398.0
QIP_gurobi_bound: solver finished in 1.222 s (time_limit=100.0 s, status=OPTIMAL)
[ Info: slice 2, lp_score: 5396.0, primal_bound: 5398.0
[ Info: new_scs: [33]
[ Info: lp_scores: [5398.0]
[ Info: lp_scores: 5398.0
[ Info: current num of unfinished slices: 13, finished slices: 29
                      ┌                                        ┐ 
                   33 ┤■■■■■■■■■■■■■■■■■■■ 1                     
                   34 ┤ 0                                        
                   35 ┤ 0                                        
                   36 ┤ 0                                        
                   37 ┤ 0                                        
                   38 ┤ 0                                        
                   39 ┤ 0                                        
                   40 ┤■■■■■■■■■■■■■■■■■■■ 1                     
                   41 ┤ 0                                        
                   42 ┤ 0                                        
                   43 ┤ 0                                        
                   44 ┤ 0                                        
                   45 ┤ 0                                        
   sc, target = 31 46 ┤ 0                                        
                   47 ┤ 0                                        
                   48 ┤ 0                                        
                   49 ┤ 0                                        
                   50 ┤■■■■■■■■■■■■■■■■■■■ 1                     
                   51 ┤ 0                                        
                   52 ┤■■■■■■■■■■■■■■■■■■■■■■■■■■■■■■■■■■■■■ 2   
                   53 ┤■■■■■■■■■■■■■■■■■■■ 1                     
                   54 ┤■■■■■■■■■■■■■■■■■■■■■■■■■■■■■■■■■■■■■ 2   
                   55 ┤ 0                                        
                   56 ┤■■■■■■■■■■■■■■■■■■■■■■■■■■■■■■■■■■■■■ 2   
                   57 ┤■■■■■■■■■■■■■■■■■■■ 1                     
                   58 ┤ 0                                        
                   59 ┤■■■■■■■■■■■■■■■■■■■ 1                     
                   60 ┤■■■■■■■■■■■■■■■■■■■ 1                     
                      └                                        ┘ 
                                     num of slices               
[ Info: slicing branch with sc: 33.0
[ Info: cc.sc: 33.0
region size: 10
tbl0_rows:23 filtered_rows:23
QIP_gurobi_bound: solver finished in 4.744 s (time_limit=100.0 s, status=OPTIMAL)
[ Info: slice 1, lp_score: 5394.0, primal_bound: 5398.0
QIP_gurobi_bound: solver finished in 1.303 s (time_limit=100.0 s, status=OPTIMAL)
[ Info: slice 2, lp_score: 5398.0, primal_bound: 5398.0
[ Info: new_scs: [32]
[ Info: lp_scores: [5398.0]
[ Info: lp_scores: 5398.0
[ Info: current num of unfinished slices: 13, finished slices: 29
                      ┌                                        ┐ 
                   32 ┤■■■■■■■■■■■■■■■■■■■ 1                     
                   33 ┤ 0                                        
                   34 ┤ 0                                        
                   35 ┤ 0                                        
                   36 ┤ 0                                        
                   37 ┤ 0                                        
                   38 ┤ 0                                        
                   39 ┤ 0                                        
                   40 ┤■■■■■■■■■■■■■■■■■■■ 1                     
                   41 ┤ 0                                        
                   42 ┤ 0                                        
                   43 ┤ 0                                        
                   44 ┤ 0                                        
                   45 ┤ 0                                        
   sc, target = 31 46 ┤ 0                                        
                   47 ┤ 0                                        
                   48 ┤ 0                                        
                   49 ┤ 0                                        
                   50 ┤■■■■■■■■■■■■■■■■■■■ 1                     
                   51 ┤ 0                                        
                   52 ┤■■■■■■■■■■■■■■■■■■■■■■■■■■■■■■■■■■■■■ 2   
                   53 ┤■■■■■■■■■■■■■■■■■■■ 1                     
                   54 ┤■■■■■■■■■■■■■■■■■■■■■■■■■■■■■■■■■■■■■ 2   
                   55 ┤ 0                                        
                   56 ┤■■■■■■■■■■■■■■■■■■■■■■■■■■■■■■■■■■■■■ 2   
                   57 ┤■■■■■■■■■■■■■■■■■■■ 1                     
                   58 ┤ 0                                        
                   59 ┤■■■■■■■■■■■■■■■■■■■ 1                     
                   60 ┤■■■■■■■■■■■■■■■■■■■ 1                     
                      └                                        ┘ 
                                     num of slices               
[ Info: slicing branch with sc: 32.0
[ Info: cc.sc: 32.0
region size: 10
tbl0_rows:64 filtered_rows:64
QIP_gurobi_bound: solver finished in 1.145 s (time_limit=100.0 s, status=OPTIMAL)
[ Info: slice 1, lp_score: 5397.0, primal_bound: 5398.0
QIP_gurobi_bound: solver finished in 1.195 s (time_limit=100.0 s, status=OPTIMAL)
[ Info: slice 2, lp_score: 5398.0, primal_bound: 5398.0
[ Info: new_scs: [31]
[ Info: lp_scores: [5398.0]
[ Info: lp_scores: 5398.0
[ Info: current num of unfinished slices: 13, finished slices: 29
                      ┌                                        ┐ 
                   31 ┤■■■■■■■■■■■■■■■■■■■ 1                     
                   32 ┤ 0                                        
                   33 ┤ 0                                        
                   34 ┤ 0                                        
                   35 ┤ 0                                        
                   36 ┤ 0                                        
                   37 ┤ 0                                        
                   38 ┤ 0                                        
                   39 ┤ 0                                        
                   40 ┤■■■■■■■■■■■■■■■■■■■ 1                     
                   41 ┤ 0                                        
                   42 ┤ 0                                        
                   43 ┤ 0                                        
                   44 ┤ 0                                        
   sc, target = 31 45 ┤ 0                                        
                   46 ┤ 0                                        
                   47 ┤ 0                                        
                   48 ┤ 0                                        
                   49 ┤ 0                                        
                   50 ┤■■■■■■■■■■■■■■■■■■■ 1                     
                   51 ┤ 0                                        
                   52 ┤■■■■■■■■■■■■■■■■■■■■■■■■■■■■■■■■■■■■■ 2   
                   53 ┤■■■■■■■■■■■■■■■■■■■ 1                     
                   54 ┤■■■■■■■■■■■■■■■■■■■■■■■■■■■■■■■■■■■■■ 2   
                   55 ┤ 0                                        
                   56 ┤■■■■■■■■■■■■■■■■■■■■■■■■■■■■■■■■■■■■■ 2   
                   57 ┤■■■■■■■■■■■■■■■■■■■ 1                     
                   58 ┤ 0                                        
                   59 ┤■■■■■■■■■■■■■■■■■■■ 1                     
                   60 ┤■■■■■■■■■■■■■■■■■■■ 1                     
                      └                                        ┘ 
                                     num of slices               
[ Info: slicing branch with sc: 31.0
  [slice produced] sc=31.0 tc=43.73075399106835 nv=3545 ne=6908 r=57.5
QIP_value_gurobi: solver finished in 1.192 s (time_limit=604800.0 s, status=OPTIMAL)
[ Info: feasible solution: 5398.0, primal bound: 5398.0
[ Info: current num of unfinished slices: 12, finished slices: 30
                      ┌                                        ┐ 
                   40 ┤■■■■■■■■■■■■■■■■■■■ 1                     
                   41 ┤ 0                                        
                   42 ┤ 0                                        
                   43 ┤ 0                                        
                   44 ┤ 0                                        
                   45 ┤ 0                                        
                   46 ┤ 0                                        
                   47 ┤ 0                                        
                   48 ┤ 0                                        
                   49 ┤ 0                                        
   sc, target = 31 50 ┤■■■■■■■■■■■■■■■■■■■ 1                     
                   51 ┤ 0                                        
                   52 ┤■■■■■■■■■■■■■■■■■■■■■■■■■■■■■■■■■■■■■ 2   
                   53 ┤■■■■■■■■■■■■■■■■■■■ 1                     
                   54 ┤■■■■■■■■■■■■■■■■■■■■■■■■■■■■■■■■■■■■■ 2   
                   55 ┤ 0                                        
                   56 ┤■■■■■■■■■■■■■■■■■■■■■■■■■■■■■■■■■■■■■ 2   
                   57 ┤■■■■■■■■■■■■■■■■■■■ 1                     
                   58 ┤ 0                                        
                   59 ┤■■■■■■■■■■■■■■■■■■■ 1                     
                   60 ┤■■■■■■■■■■■■■■■■■■■ 1                     
                      └                                        ┘ 
                                     num of slices               
[ Info: slicing branch with sc: 40.0
[ Info: cc.sc: 40.0
region size: 10
tbl0_rows:40 filtered_rows:40
QIP_gurobi_bound: solver finished in 1.242 s (time_limit=100.0 s, status=OPTIMAL)
[ Info: slice 1, lp_score: 5398.0, primal_bound: 5398.0
QIP_gurobi_bound: solver finished in 1.293 s (time_limit=100.0 s, status=OPTIMAL)
[ Info: slice 2, lp_score: 5394.0, primal_bound: 5398.0
[ Info: new_scs: [40]
[ Info: lp_scores: [5398.0]
[ Info: lp_scores: 5398.0
[ Info: current num of unfinished slices: 12, finished slices: 30
                      ┌                                        ┐ 
                   40 ┤■■■■■■■■■■■■■■■■■■■ 1                     
                   41 ┤ 0                                        
                   42 ┤ 0                                        
                   43 ┤ 0                                        
                   44 ┤ 0                                        
                   45 ┤ 0                                        
                   46 ┤ 0                                        
                   47 ┤ 0                                        
                   48 ┤ 0                                        
                   49 ┤ 0                                        
   sc, target = 31 50 ┤■■■■■■■■■■■■■■■■■■■ 1                     
                   51 ┤ 0                                        
                   52 ┤■■■■■■■■■■■■■■■■■■■■■■■■■■■■■■■■■■■■■ 2   
                   53 ┤■■■■■■■■■■■■■■■■■■■ 1                     
                   54 ┤■■■■■■■■■■■■■■■■■■■■■■■■■■■■■■■■■■■■■ 2   
                   55 ┤ 0                                        
                   56 ┤■■■■■■■■■■■■■■■■■■■■■■■■■■■■■■■■■■■■■ 2   
                   57 ┤■■■■■■■■■■■■■■■■■■■ 1                     
                   58 ┤ 0                                        
                   59 ┤■■■■■■■■■■■■■■■■■■■ 1                     
                   60 ┤■■■■■■■■■■■■■■■■■■■ 1                     
                      └                                        ┘ 
                                     num of slices               
[ Info: slicing branch with sc: 40.0
[ Info: cc.sc: 40.0
region size: 10
tbl0_rows:49 filtered_rows:49
QIP_gurobi_bound: solver finished in 1.354 s (time_limit=100.0 s, status=OPTIMAL)
[ Info: slice 1, lp_score: 5398.0, primal_bound: 5398.0
QIP_gurobi_bound: solver finished in 1.286 s (time_limit=100.0 s, status=OPTIMAL)
[ Info: slice 2, lp_score: 5396.0, primal_bound: 5398.0
[ Info: new_scs: [39]
[ Info: lp_scores: [5398.0]
[ Info: lp_scores: 5398.0
[ Info: current num of unfinished slices: 12, finished slices: 30
                      ┌                                        ┐ 
                   39 ┤■■■■■■■■■■■■■■■■■■■ 1                     
                   40 ┤ 0                                        
                   41 ┤ 0                                        
                   42 ┤ 0                                        
                   43 ┤ 0                                        
                   44 ┤ 0                                        
                   45 ┤ 0                                        
                   46 ┤ 0                                        
                   47 ┤ 0                                        
                   48 ┤ 0                                        
   sc, target = 31 49 ┤ 0                                        
                   50 ┤■■■■■■■■■■■■■■■■■■■ 1                     
                   51 ┤ 0                                        
                   52 ┤■■■■■■■■■■■■■■■■■■■■■■■■■■■■■■■■■■■■■ 2   
                   53 ┤■■■■■■■■■■■■■■■■■■■ 1                     
                   54 ┤■■■■■■■■■■■■■■■■■■■■■■■■■■■■■■■■■■■■■ 2   
                   55 ┤ 0                                        
                   56 ┤■■■■■■■■■■■■■■■■■■■■■■■■■■■■■■■■■■■■■ 2   
                   57 ┤■■■■■■■■■■■■■■■■■■■ 1                     
                   58 ┤ 0                                        
                   59 ┤■■■■■■■■■■■■■■■■■■■ 1                     
                   60 ┤■■■■■■■■■■■■■■■■■■■ 1                     
                      └                                        ┘ 
                                     num of slices               
[ Info: slicing branch with sc: 39.0
[ Info: cc.sc: 39.0
region size: 10
tbl0_rows:59 filtered_rows:59
QIP_gurobi_bound: solver finished in 1.216 s (time_limit=100.0 s, status=OPTIMAL)
[ Info: slice 1, lp_score: 5398.0, primal_bound: 5398.0
QIP_gurobi_bound: solver finished in 1.289 s (time_limit=100.0 s, status=OPTIMAL)
[ Info: slice 2, lp_score: 5397.0, primal_bound: 5398.0
[ Info: new_scs: [39]
[ Info: lp_scores: [5398.0]
[ Info: lp_scores: 5398.0
[ Info: current num of unfinished slices: 12, finished slices: 30
                      ┌                                        ┐ 
                   39 ┤■■■■■■■■■■■■■■■■■■■ 1                     
                   40 ┤ 0                                        
                   41 ┤ 0                                        
                   42 ┤ 0                                        
                   43 ┤ 0                                        
                   44 ┤ 0                                        
                   45 ┤ 0                                        
                   46 ┤ 0                                        
                   47 ┤ 0                                        
                   48 ┤ 0                                        
   sc, target = 31 49 ┤ 0                                        
                   50 ┤■■■■■■■■■■■■■■■■■■■ 1                     
                   51 ┤ 0                                        
                   52 ┤■■■■■■■■■■■■■■■■■■■■■■■■■■■■■■■■■■■■■ 2   
                   53 ┤■■■■■■■■■■■■■■■■■■■ 1                     
                   54 ┤■■■■■■■■■■■■■■■■■■■■■■■■■■■■■■■■■■■■■ 2   
                   55 ┤ 0                                        
                   56 ┤■■■■■■■■■■■■■■■■■■■■■■■■■■■■■■■■■■■■■ 2   
                   57 ┤■■■■■■■■■■■■■■■■■■■ 1                     
                   58 ┤ 0                                        
                   59 ┤■■■■■■■■■■■■■■■■■■■ 1                     
                   60 ┤■■■■■■■■■■■■■■■■■■■ 1                     
                      └                                        ┘ 
                                     num of slices               
[ Info: slicing branch with sc: 39.0
[ Info: cc.sc: 39.0
region size: 10
tbl0_rows:8 filtered_rows:8
QIP_gurobi_bound: solver finished in 1.224 s (time_limit=100.0 s, status=OPTIMAL)
[ Info: slice 1, lp_score: 5398.0, primal_bound: 5398.0
[ Info: new_scs: [34]
[ Info: lp_scores: [5398.0]
[ Info: lp_scores: 5398.0
[ Info: current num of unfinished slices: 12, finished slices: 30
                      ┌                                        ┐ 
                   34 ┤■■■■■■■■■■■■■■■■■■■ 1                     
                   35 ┤ 0                                        
                   36 ┤ 0                                        
                   37 ┤ 0                                        
                   38 ┤ 0                                        
                   39 ┤ 0                                        
                   40 ┤ 0                                        
                   41 ┤ 0                                        
                   42 ┤ 0                                        
                   43 ┤ 0                                        
                   44 ┤ 0                                        
                   45 ┤ 0                                        
                   46 ┤ 0                                        
   sc, target = 31 47 ┤ 0                                        
                   48 ┤ 0                                        
                   49 ┤ 0                                        
                   50 ┤■■■■■■■■■■■■■■■■■■■ 1                     
                   51 ┤ 0                                        
                   52 ┤■■■■■■■■■■■■■■■■■■■■■■■■■■■■■■■■■■■■■ 2   
                   53 ┤■■■■■■■■■■■■■■■■■■■ 1                     
                   54 ┤■■■■■■■■■■■■■■■■■■■■■■■■■■■■■■■■■■■■■ 2   
                   55 ┤ 0                                        
                   56 ┤■■■■■■■■■■■■■■■■■■■■■■■■■■■■■■■■■■■■■ 2   
                   57 ┤■■■■■■■■■■■■■■■■■■■ 1                     
                   58 ┤ 0                                        
                   59 ┤■■■■■■■■■■■■■■■■■■■ 1                     
                   60 ┤■■■■■■■■■■■■■■■■■■■ 1                     
                      └                                        ┘ 
                                     num of slices               
[ Info: slicing branch with sc: 34.0
[ Info: cc.sc: 34.0
region size: 10
tbl0_rows:49 filtered_rows:49
QIP_gurobi_bound: solver finished in 1.214 s (time_limit=100.0 s, status=OPTIMAL)
[ Info: slice 1, lp_score: 5398.0, primal_bound: 5398.0
QIP_gurobi_bound: solver finished in 4.532 s (time_limit=100.0 s, status=OPTIMAL)
[ Info: slice 2, lp_score: 5395.0, primal_bound: 5398.0
[ Info: new_scs: [34]
[ Info: lp_scores: [5398.0]
[ Info: lp_scores: 5398.0
[ Info: current num of unfinished slices: 12, finished slices: 30
                      ┌                                        ┐ 
                   34 ┤■■■■■■■■■■■■■■■■■■■ 1                     
                   35 ┤ 0                                        
                   36 ┤ 0                                        
                   37 ┤ 0                                        
                   38 ┤ 0                                        
                   39 ┤ 0                                        
                   40 ┤ 0                                        
                   41 ┤ 0                                        
                   42 ┤ 0                                        
                   43 ┤ 0                                        
                   44 ┤ 0                                        
                   45 ┤ 0                                        
                   46 ┤ 0                                        
   sc, target = 31 47 ┤ 0                                        
                   48 ┤ 0                                        
                   49 ┤ 0                                        
                   50 ┤■■■■■■■■■■■■■■■■■■■ 1                     
                   51 ┤ 0                                        
                   52 ┤■■■■■■■■■■■■■■■■■■■■■■■■■■■■■■■■■■■■■ 2   
                   53 ┤■■■■■■■■■■■■■■■■■■■ 1                     
                   54 ┤■■■■■■■■■■■■■■■■■■■■■■■■■■■■■■■■■■■■■ 2   
                   55 ┤ 0                                        
                   56 ┤■■■■■■■■■■■■■■■■■■■■■■■■■■■■■■■■■■■■■ 2   
                   57 ┤■■■■■■■■■■■■■■■■■■■ 1                     
                   58 ┤ 0                                        
                   59 ┤■■■■■■■■■■■■■■■■■■■ 1                     
                   60 ┤■■■■■■■■■■■■■■■■■■■ 1                     
                      └                                        ┘ 
                                     num of slices               
[ Info: slicing branch with sc: 34.0
[ Info: cc.sc: 34.0
region size: 10
tbl0_rows:12 filtered_rows:12
QIP_gurobi_bound: solver finished in 1.261 s (time_limit=100.0 s, status=OPTIMAL)
[ Info: slice 1, lp_score: 5395.0, primal_bound: 5398.0
QIP_gurobi_bound: solver finished in 1.226 s (time_limit=100.0 s, status=OPTIMAL)
[ Info: slice 2, lp_score: 5398.0, primal_bound: 5398.0
[ Info: new_scs: [33]
[ Info: lp_scores: [5398.0]
[ Info: lp_scores: 5398.0
[ Info: current num of unfinished slices: 12, finished slices: 30
                      ┌                                        ┐ 
                   33 ┤■■■■■■■■■■■■■■■■■■■ 1                     
                   34 ┤ 0                                        
                   35 ┤ 0                                        
                   36 ┤ 0                                        
                   37 ┤ 0                                        
                   38 ┤ 0                                        
                   39 ┤ 0                                        
                   40 ┤ 0                                        
                   41 ┤ 0                                        
                   42 ┤ 0                                        
                   43 ┤ 0                                        
                   44 ┤ 0                                        
                   45 ┤ 0                                        
   sc, target = 31 46 ┤ 0                                        
                   47 ┤ 0                                        
                   48 ┤ 0                                        
                   49 ┤ 0                                        
                   50 ┤■■■■■■■■■■■■■■■■■■■ 1                     
                   51 ┤ 0                                        
                   52 ┤■■■■■■■■■■■■■■■■■■■■■■■■■■■■■■■■■■■■■ 2   
                   53 ┤■■■■■■■■■■■■■■■■■■■ 1                     
                   54 ┤■■■■■■■■■■■■■■■■■■■■■■■■■■■■■■■■■■■■■ 2   
                   55 ┤ 0                                        
                   56 ┤■■■■■■■■■■■■■■■■■■■■■■■■■■■■■■■■■■■■■ 2   
                   57 ┤■■■■■■■■■■■■■■■■■■■ 1                     
                   58 ┤ 0                                        
                   59 ┤■■■■■■■■■■■■■■■■■■■ 1                     
                   60 ┤■■■■■■■■■■■■■■■■■■■ 1                     
                      └                                        ┘ 
                                     num of slices               
[ Info: slicing branch with sc: 33.0
[ Info: cc.sc: 33.0
region size: 10
tbl0_rows:69 filtered_rows:69
QIP_gurobi_bound: solver finished in 1.162 s (time_limit=100.0 s, status=OPTIMAL)
[ Info: slice 1, lp_score: 5398.0, primal_bound: 5398.0
QIP_gurobi_bound: solver finished in 1.16 s (time_limit=100.0 s, status=OPTIMAL)
[ Info: slice 2, lp_score: 5398.0, primal_bound: 5398.0
[ Info: new_scs: [33, 32]
[ Info: lp_scores: [5398.0, 5398.0]
[ Info: lp_scores: 5398.0
[ Info: lp_scores: 5398.0
[ Info: current num of unfinished slices: 13, finished slices: 30
                      ┌                                        ┐ 
                   32 ┤■■■■■■■■■■■■■■■■■■■ 1                     
                   33 ┤■■■■■■■■■■■■■■■■■■■ 1                     
                   34 ┤ 0                                        
                   35 ┤ 0                                        
                   36 ┤ 0                                        
                   37 ┤ 0                                        
                   38 ┤ 0                                        
                   39 ┤ 0                                        
                   40 ┤ 0                                        
                   41 ┤ 0                                        
                   42 ┤ 0                                        
                   43 ┤ 0                                        
                   44 ┤ 0                                        
                   45 ┤ 0                                        
   sc, target = 31 46 ┤ 0                                        
                   47 ┤ 0                                        
                   48 ┤ 0                                        
                   49 ┤ 0                                        
                   50 ┤■■■■■■■■■■■■■■■■■■■ 1                     
                   51 ┤ 0                                        
                   52 ┤■■■■■■■■■■■■■■■■■■■■■■■■■■■■■■■■■■■■■ 2   
                   53 ┤■■■■■■■■■■■■■■■■■■■ 1                     
                   54 ┤■■■■■■■■■■■■■■■■■■■■■■■■■■■■■■■■■■■■■ 2   
                   55 ┤ 0                                        
                   56 ┤■■■■■■■■■■■■■■■■■■■■■■■■■■■■■■■■■■■■■ 2   
                   57 ┤■■■■■■■■■■■■■■■■■■■ 1                     
                   58 ┤ 0                                        
                   59 ┤■■■■■■■■■■■■■■■■■■■ 1                     
                   60 ┤■■■■■■■■■■■■■■■■■■■ 1                     
                      └                                        ┘ 
                                     num of slices               
[ Info: slicing branch with sc: 33.0
[ Info: cc.sc: 33.0
region size: 10
tbl0_rows:51 filtered_rows:51
QIP_gurobi_bound: solver finished in 5.371 s (time_limit=100.0 s, status=OPTIMAL)
[ Info: slice 1, lp_score: 5395.0, primal_bound: 5398.0
QIP_gurobi_bound: solver finished in 1.271 s (time_limit=100.0 s, status=OPTIMAL)
[ Info: slice 2, lp_score: 5398.0, primal_bound: 5398.0
QIP_gurobi_bound: solver finished in 1.314 s (time_limit=100.0 s, status=OPTIMAL)
[ Info: slice 3, lp_score: 5392.0, primal_bound: 5398.0
QIP_gurobi_bound: solver finished in 1.198 s (time_limit=100.0 s, status=OPTIMAL)
[ Info: slice 4, lp_score: 5397.0, primal_bound: 5398.0
[ Info: new_scs: [32]
[ Info: lp_scores: [5398.0]
[ Info: lp_scores: 5398.0
[ Info: current num of unfinished slices: 13, finished slices: 30
                      ┌                                        ┐ 
                   32 ┤■■■■■■■■■■■■■■■■■■■■■■■■■■■■■■■■■■■■■ 2   
                   33 ┤ 0                                        
                   34 ┤ 0                                        
                   35 ┤ 0                                        
                   36 ┤ 0                                        
                   37 ┤ 0                                        
                   38 ┤ 0                                        
                   39 ┤ 0                                        
                   40 ┤ 0                                        
                   41 ┤ 0                                        
                   42 ┤ 0                                        
                   43 ┤ 0                                        
                   44 ┤ 0                                        
                   45 ┤ 0                                        
   sc, target = 31 46 ┤ 0                                        
                   47 ┤ 0                                        
                   48 ┤ 0                                        
                   49 ┤ 0                                        
                   50 ┤■■■■■■■■■■■■■■■■■■■ 1                     
                   51 ┤ 0                                        
                   52 ┤■■■■■■■■■■■■■■■■■■■■■■■■■■■■■■■■■■■■■ 2   
                   53 ┤■■■■■■■■■■■■■■■■■■■ 1                     
                   54 ┤■■■■■■■■■■■■■■■■■■■■■■■■■■■■■■■■■■■■■ 2   
                   55 ┤ 0                                        
                   56 ┤■■■■■■■■■■■■■■■■■■■■■■■■■■■■■■■■■■■■■ 2   
                   57 ┤■■■■■■■■■■■■■■■■■■■ 1                     
                   58 ┤ 0                                        
                   59 ┤■■■■■■■■■■■■■■■■■■■ 1                     
                   60 ┤■■■■■■■■■■■■■■■■■■■ 1                     
                      └                                        ┘ 
                                     num of slices               
[ Info: slicing branch with sc: 32.0
[ Info: cc.sc: 32.0
region size: 10
tbl0_rows:20 filtered_rows:20
QIP_gurobi_bound: solver finished in 1.514 s (time_limit=100.0 s, status=OPTIMAL)
[ Info: slice 1, lp_score: 5396.0, primal_bound: 5398.0
QIP_gurobi_bound: solver finished in 1.226 s (time_limit=100.0 s, status=OPTIMAL)
[ Info: slice 2, lp_score: 5398.0, primal_bound: 5398.0
[ Info: new_scs: [31]
[ Info: lp_scores: [5398.0]
[ Info: lp_scores: 5398.0
[ Info: current num of unfinished slices: 13, finished slices: 30
                      ┌                                        ┐ 
                   31 ┤■■■■■■■■■■■■■■■■■■■ 1                     
                   32 ┤■■■■■■■■■■■■■■■■■■■ 1                     
                   33 ┤ 0                                        
                   34 ┤ 0                                        
                   35 ┤ 0                                        
                   36 ┤ 0                                        
                   37 ┤ 0                                        
                   38 ┤ 0                                        
                   39 ┤ 0                                        
                   40 ┤ 0                                        
                   41 ┤ 0                                        
                   42 ┤ 0                                        
                   43 ┤ 0                                        
                   44 ┤ 0                                        
   sc, target = 31 45 ┤ 0                                        
                   46 ┤ 0                                        
                   47 ┤ 0                                        
                   48 ┤ 0                                        
                   49 ┤ 0                                        
                   50 ┤■■■■■■■■■■■■■■■■■■■ 1                     
                   51 ┤ 0                                        
                   52 ┤■■■■■■■■■■■■■■■■■■■■■■■■■■■■■■■■■■■■■ 2   
                   53 ┤■■■■■■■■■■■■■■■■■■■ 1                     
                   54 ┤■■■■■■■■■■■■■■■■■■■■■■■■■■■■■■■■■■■■■ 2   
                   55 ┤ 0                                        
                   56 ┤■■■■■■■■■■■■■■■■■■■■■■■■■■■■■■■■■■■■■ 2   
                   57 ┤■■■■■■■■■■■■■■■■■■■ 1                     
                   58 ┤ 0                                        
                   59 ┤■■■■■■■■■■■■■■■■■■■ 1                     
                   60 ┤■■■■■■■■■■■■■■■■■■■ 1                     
                      └                                        ┘ 
                                     num of slices               
[ Info: slicing branch with sc: 31.0
  [slice produced] sc=31.0 tc=45.63003234312346 nv=3547 ne=6914 r=54.5
QIP_value_gurobi: solver finished in 1.213 s (time_limit=604800.0 s, status=OPTIMAL)
[ Info: feasible solution: 5398.0, primal bound: 5398.0
[ Info: current num of unfinished slices: 12, finished slices: 31
                      ┌                                        ┐ 
                   32 ┤■■■■■■■■■■■■■■■■■■■ 1                     
                   33 ┤ 0                                        
                   34 ┤ 0                                        
                   35 ┤ 0                                        
                   36 ┤ 0                                        
                   37 ┤ 0                                        
                   38 ┤ 0                                        
                   39 ┤ 0                                        
                   40 ┤ 0                                        
                   41 ┤ 0                                        
                   42 ┤ 0                                        
                   43 ┤ 0                                        
                   44 ┤ 0                                        
                   45 ┤ 0                                        
   sc, target = 31 46 ┤ 0                                        
                   47 ┤ 0                                        
                   48 ┤ 0                                        
                   49 ┤ 0                                        
                   50 ┤■■■■■■■■■■■■■■■■■■■ 1                     
                   51 ┤ 0                                        
                   52 ┤■■■■■■■■■■■■■■■■■■■■■■■■■■■■■■■■■■■■■ 2   
                   53 ┤■■■■■■■■■■■■■■■■■■■ 1                     
                   54 ┤■■■■■■■■■■■■■■■■■■■■■■■■■■■■■■■■■■■■■ 2   
                   55 ┤ 0                                        
                   56 ┤■■■■■■■■■■■■■■■■■■■■■■■■■■■■■■■■■■■■■ 2   
                   57 ┤■■■■■■■■■■■■■■■■■■■ 1                     
                   58 ┤ 0                                        
                   59 ┤■■■■■■■■■■■■■■■■■■■ 1                     
                   60 ┤■■■■■■■■■■■■■■■■■■■ 1                     
                      └                                        ┘ 
                                     num of slices               
[ Info: slicing branch with sc: 32.0
[ Info: cc.sc: 32.0
region size: 10
tbl0_rows:26 filtered_rows:26
QIP_gurobi_bound: solver finished in 1.198 s (time_limit=100.0 s, status=OPTIMAL)
[ Info: slice 1, lp_score: 5398.0, primal_bound: 5398.0
QIP_gurobi_bound: solver finished in 1.223 s (time_limit=100.0 s, status=OPTIMAL)
[ Info: slice 2, lp_score: 5386.0, primal_bound: 5398.0
[ Info: new_scs: [31]
[ Info: lp_scores: [5398.0]
[ Info: lp_scores: 5398.0
[ Info: current num of unfinished slices: 12, finished slices: 31
                      ┌                                        ┐ 
                   31 ┤■■■■■■■■■■■■■■■■■■■ 1                     
                   32 ┤ 0                                        
                   33 ┤ 0                                        
                   34 ┤ 0                                        
                   35 ┤ 0                                        
                   36 ┤ 0                                        
                   37 ┤ 0                                        
                   38 ┤ 0                                        
                   39 ┤ 0                                        
                   40 ┤ 0                                        
                   41 ┤ 0                                        
                   42 ┤ 0                                        
                   43 ┤ 0                                        
                   44 ┤ 0                                        
   sc, target = 31 45 ┤ 0                                        
                   46 ┤ 0                                        
                   47 ┤ 0                                        
                   48 ┤ 0                                        
                   49 ┤ 0                                        
                   50 ┤■■■■■■■■■■■■■■■■■■■ 1                     
                   51 ┤ 0                                        
                   52 ┤■■■■■■■■■■■■■■■■■■■■■■■■■■■■■■■■■■■■■ 2   
                   53 ┤■■■■■■■■■■■■■■■■■■■ 1                     
                   54 ┤■■■■■■■■■■■■■■■■■■■■■■■■■■■■■■■■■■■■■ 2   
                   55 ┤ 0                                        
                   56 ┤■■■■■■■■■■■■■■■■■■■■■■■■■■■■■■■■■■■■■ 2   
                   57 ┤■■■■■■■■■■■■■■■■■■■ 1                     
                   58 ┤ 0                                        
                   59 ┤■■■■■■■■■■■■■■■■■■■ 1                     
                   60 ┤■■■■■■■■■■■■■■■■■■■ 1                     
                      └                                        ┘ 
                                     num of slices               
[ Info: slicing branch with sc: 31.0
  [slice produced] sc=31.0 tc=46.35356943135658 nv=3549 ne=6922 r=54.5
QIP_value_gurobi: solver finished in 1.194 s (time_limit=604800.0 s, status=OPTIMAL)
[ Info: feasible solution: 5398.0, primal bound: 5398.0
[ Info: current num of unfinished slices: 11, finished slices: 32
                      ┌                                        ┐ 
                   50 ┤■■■■■■■■■■■■■■■■■■■ 1                     
                   51 ┤ 0                                        
                   52 ┤■■■■■■■■■■■■■■■■■■■■■■■■■■■■■■■■■■■■■ 2   
                   53 ┤■■■■■■■■■■■■■■■■■■■ 1                     
                   54 ┤■■■■■■■■■■■■■■■■■■■■■■■■■■■■■■■■■■■■■ 2   
   sc, target = 31 55 ┤ 0                                        
                   56 ┤■■■■■■■■■■■■■■■■■■■■■■■■■■■■■■■■■■■■■ 2   
                   57 ┤■■■■■■■■■■■■■■■■■■■ 1                     
                   58 ┤ 0                                        
                   59 ┤■■■■■■■■■■■■■■■■■■■ 1                     
                   60 ┤■■■■■■■■■■■■■■■■■■■ 1                     
                      └                                        ┘ 
                                     num of slices               
[ Info: slicing branch with sc: 50.0
[ Info: cc.sc: 50.0
region size: 10
tbl0_rows:81 filtered_rows:81
QIP_gurobi_bound: solver finished in 1.36 s (time_limit=100.0 s, status=OPTIMAL)
[ Info: slice 1, lp_score: 5393.0, primal_bound: 5398.0
QIP_gurobi_bound: solver finished in 1.327 s (time_limit=100.0 s, status=OPTIMAL)
[ Info: slice 2, lp_score: 5392.0, primal_bound: 5398.0
[ Info: new_scs: Int64[]
[ Info: lp_scores: Float64[]
[ Info: current num of unfinished slices: 10, finished slices: 32
                      ┌                                        ┐ 
                   52 ┤■■■■■■■■■■■■■■■■■■■■■■■■■■■■■■■■■■■■■ 2   
                   53 ┤■■■■■■■■■■■■■■■■■■■ 1                     
                   54 ┤■■■■■■■■■■■■■■■■■■■■■■■■■■■■■■■■■■■■■ 2   
                   55 ┤ 0                                        
   sc, target = 31 56 ┤■■■■■■■■■■■■■■■■■■■■■■■■■■■■■■■■■■■■■ 2   
                   57 ┤■■■■■■■■■■■■■■■■■■■ 1                     
                   58 ┤ 0                                        
                   59 ┤■■■■■■■■■■■■■■■■■■■ 1                     
                   60 ┤■■■■■■■■■■■■■■■■■■■ 1                     
                      └                                        ┘ 
                                     num of slices               
[ Info: slicing branch with sc: 52.0
[ Info: cc.sc: 52.0
region size: 10
tbl0_rows:96 filtered_rows:96
QIP_gurobi_bound: solver finished in 1.439 s (time_limit=100.0 s, status=OPTIMAL)
[ Info: slice 1, lp_score: 5397.0, primal_bound: 5398.0
QIP_gurobi_bound: solver finished in 1.41 s (time_limit=100.0 s, status=OPTIMAL)
[ Info: slice 2, lp_score: 5395.0, primal_bound: 5398.0
[ Info: new_scs: Int64[]
[ Info: lp_scores: Float64[]
[ Info: current num of unfinished slices: 9, finished slices: 32
                      ┌                                        ┐ 
                   52 ┤■■■■■■■■■■■■■■■■■■■ 1                     
                   53 ┤■■■■■■■■■■■■■■■■■■■ 1                     
                   54 ┤■■■■■■■■■■■■■■■■■■■■■■■■■■■■■■■■■■■■■ 2   
                   55 ┤ 0                                        
   sc, target = 31 56 ┤■■■■■■■■■■■■■■■■■■■■■■■■■■■■■■■■■■■■■ 2   
                   57 ┤■■■■■■■■■■■■■■■■■■■ 1                     
                   58 ┤ 0                                        
                   59 ┤■■■■■■■■■■■■■■■■■■■ 1                     
                   60 ┤■■■■■■■■■■■■■■■■■■■ 1                     
                      └                                        ┘ 
                                     num of slices               
[ Info: slicing branch with sc: 52.0
[ Info: cc.sc: 52.0
region size: 10
tbl0_rows:44 filtered_rows:44
QIP_gurobi_bound: solver finished in 1.417 s (time_limit=100.0 s, status=OPTIMAL)
[ Info: slice 1, lp_score: 5390.0, primal_bound: 5398.0
[ Info: new_scs: Int64[]
[ Info: lp_scores: Float64[]
[ Info: current num of unfinished slices: 8, finished slices: 32
                      ┌                                        ┐ 
                   53 ┤■■■■■■■■■■■■■■■■■■■ 1                     
                   54 ┤■■■■■■■■■■■■■■■■■■■■■■■■■■■■■■■■■■■■■ 2   
                   55 ┤ 0                                        
   sc, target = 31 56 ┤■■■■■■■■■■■■■■■■■■■■■■■■■■■■■■■■■■■■■ 2   
                   57 ┤■■■■■■■■■■■■■■■■■■■ 1                     
                   58 ┤ 0                                        
                   59 ┤■■■■■■■■■■■■■■■■■■■ 1                     
                   60 ┤■■■■■■■■■■■■■■■■■■■ 1                     
                      └                                        ┘ 
                                     num of slices               
[ Info: slicing branch with sc: 53.0
[ Info: cc.sc: 53.0
region size: 10
tbl0_rows:59 filtered_rows:59
QIP_gurobi_bound: solver finished in 1.353 s (time_limit=100.0 s, status=OPTIMAL)
[ Info: slice 1, lp_score: 5395.0, primal_bound: 5398.0
QIP_gurobi_bound: solver finished in 1.318 s (time_limit=100.0 s, status=OPTIMAL)
[ Info: slice 2, lp_score: 5394.0, primal_bound: 5398.0
QIP_gurobi_bound: solver finished in 1.331 s (time_limit=100.0 s, status=OPTIMAL)
[ Info: slice 3, lp_score: 5387.0, primal_bound: 5398.0
[ Info: new_scs: Int64[]
[ Info: lp_scores: Float64[]
[ Info: current num of unfinished slices: 7, finished slices: 32
                      ┌                                        ┐ 
                   54 ┤■■■■■■■■■■■■■■■■■■■■■■■■■■■■■■■■■■■■■ 2   
                   55 ┤ 0                                        
                   56 ┤■■■■■■■■■■■■■■■■■■■■■■■■■■■■■■■■■■■■■ 2   
   sc, target = 31 57 ┤■■■■■■■■■■■■■■■■■■■ 1                     
                   58 ┤ 0                                        
                   59 ┤■■■■■■■■■■■■■■■■■■■ 1                     
                   60 ┤■■■■■■■■■■■■■■■■■■■ 1                     
                      └                                        ┘ 
                                     num of slices               
[ Info: slicing branch with sc: 54.0
[ Info: cc.sc: 54.0
region size: 10
tbl0_rows:66 filtered_rows:66
QIP_gurobi_bound: solver finished in 1.238 s (time_limit=100.0 s, status=OPTIMAL)
[ Info: slice 1, lp_score: 5397.0, primal_bound: 5398.0
QIP_gurobi_bound: solver finished in 1.416 s (time_limit=100.0 s, status=OPTIMAL)
[ Info: slice 2, lp_score: 5394.0, primal_bound: 5398.0
[ Info: new_scs: Int64[]
[ Info: lp_scores: Float64[]
[ Info: current num of unfinished slices: 6, finished slices: 32
                      ┌                                        ┐ 
                   54 ┤■■■■■■■■■■■■■■■■■■■ 1                     
                   55 ┤ 0                                        
                   56 ┤■■■■■■■■■■■■■■■■■■■■■■■■■■■■■■■■■■■■■ 2   
   sc, target = 31 57 ┤■■■■■■■■■■■■■■■■■■■ 1                     
                   58 ┤ 0                                        
                   59 ┤■■■■■■■■■■■■■■■■■■■ 1                     
                   60 ┤■■■■■■■■■■■■■■■■■■■ 1                     
                      └                                        ┘ 
                                     num of slices               
[ Info: slicing branch with sc: 56.0
[ Info: cc.sc: 56.0
region size: 10
tbl0_rows:79 filtered_rows:79
QIP_gurobi_bound: solver finished in 1.345 s (time_limit=100.0 s, status=OPTIMAL)
[ Info: slice 1, lp_score: 5392.0, primal_bound: 5398.0
QIP_gurobi_bound: solver finished in 1.352 s (time_limit=100.0 s, status=OPTIMAL)
[ Info: slice 2, lp_score: 5389.0, primal_bound: 5398.0
QIP_gurobi_bound: solver finished in 1.485 s (time_limit=100.0 s, status=OPTIMAL)
[ Info: slice 3, lp_score: 5393.0, primal_bound: 5398.0
[ Info: new_scs: Int64[]
[ Info: lp_scores: Float64[]
[ Info: current num of unfinished slices: 5, finished slices: 32
                      ┌                                        ┐ 
                   54 ┤■■■■■■■■■■■■■■■■■■■■■■■■■■■■■■■■■■■■■ 1   
                   55 ┤ 0                                        
                   56 ┤■■■■■■■■■■■■■■■■■■■■■■■■■■■■■■■■■■■■■ 1   
   sc, target = 31 57 ┤■■■■■■■■■■■■■■■■■■■■■■■■■■■■■■■■■■■■■ 1   
                   58 ┤ 0                                        
                   59 ┤■■■■■■■■■■■■■■■■■■■■■■■■■■■■■■■■■■■■■ 1   
                   60 ┤■■■■■■■■■■■■■■■■■■■■■■■■■■■■■■■■■■■■■ 1   
                      └                                        ┘ 
                                     num of slices               
[ Info: slicing branch with sc: 56.0
[ Info: cc.sc: 56.0
region size: 10
tbl0_rows:79 filtered_rows:79
QIP_gurobi_bound: solver finished in 1.391 s (time_limit=100.0 s, status=OPTIMAL)
[ Info: slice 1, lp_score: 5392.0, primal_bound: 5398.0
QIP_gurobi_bound: solver finished in 1.356 s (time_limit=100.0 s, status=OPTIMAL)
[ Info: slice 2, lp_score: 5391.0, primal_bound: 5398.0
[ Info: new_scs: Int64[]
[ Info: lp_scores: Float64[]
[ Info: current num of unfinished slices: 4, finished slices: 32
                      ┌                                        ┐ 
                   54 ┤■■■■■■■■■■■■■■■■■■■■■■■■■■■■■■■■■■■■■ 1   
                   55 ┤ 0                                        
                   56 ┤ 0                                        
   sc, target = 31 57 ┤■■■■■■■■■■■■■■■■■■■■■■■■■■■■■■■■■■■■■ 1   
                   58 ┤ 0                                        
                   59 ┤■■■■■■■■■■■■■■■■■■■■■■■■■■■■■■■■■■■■■ 1   
                   60 ┤■■■■■■■■■■■■■■■■■■■■■■■■■■■■■■■■■■■■■ 1   
                      └                                        ┘ 
                                     num of slices               
[ Info: slicing branch with sc: 54.0
[ Info: cc.sc: 54.0
region size: 10
tbl0_rows:79 filtered_rows:79
QIP_gurobi_bound: solver finished in 1.398 s (time_limit=100.0 s, status=OPTIMAL)
[ Info: slice 1, lp_score: 5388.0, primal_bound: 5398.0
QIP_gurobi_bound: solver finished in 1.23 s (time_limit=100.0 s, status=OPTIMAL)
[ Info: slice 2, lp_score: 5385.0, primal_bound: 5398.0
QIP_gurobi_bound: solver finished in 4.968 s (time_limit=100.0 s, status=OPTIMAL)
[ Info: slice 3, lp_score: 5389.0, primal_bound: 5398.0
[ Info: new_scs: Int64[]
[ Info: lp_scores: Float64[]
[ Info: current num of unfinished slices: 3, finished slices: 32
                      ┌                                        ┐ 
                   57 ┤■■■■■■■■■■■■■■■■■■■■■■■■■■■■■■■■■■■■■ 1   
   sc, target = 31 58 ┤ 0                                        
                   59 ┤■■■■■■■■■■■■■■■■■■■■■■■■■■■■■■■■■■■■■ 1   
                   60 ┤■■■■■■■■■■■■■■■■■■■■■■■■■■■■■■■■■■■■■ 1   
                      └                                        ┘ 
                                     num of slices               
[ Info: slicing branch with sc: 60.0
[ Info: cc.sc: 60.0
region size: 10
tbl0_rows:59 filtered_rows:59
QIP_gurobi_bound: solver finished in 5.428 s (time_limit=100.0 s, status=OPTIMAL)
[ Info: slice 1, lp_score: 5387.0, primal_bound: 5398.0
QIP_gurobi_bound: solver finished in 1.478 s (time_limit=100.0 s, status=OPTIMAL)
[ Info: slice 2, lp_score: 5390.0, primal_bound: 5398.0
QIP_gurobi_bound: solver finished in 1.363 s (time_limit=100.0 s, status=OPTIMAL)
[ Info: slice 3, lp_score: 5396.0, primal_bound: 5398.0
QIP_gurobi_bound: solver finished in 5.297 s (time_limit=100.0 s, status=OPTIMAL)
[ Info: slice 4, lp_score: 5391.0, primal_bound: 5398.0
[ Info: new_scs: Int64[]
[ Info: lp_scores: Float64[]
[ Info: current num of unfinished slices: 2, finished slices: 32
                      ┌                                        ┐ 
                   57 ┤■■■■■■■■■■■■■■■■■■■■■■■■■■■■■■■■■■■■■ 1   
   sc, target = 31 58 ┤ 0                                        
                   59 ┤■■■■■■■■■■■■■■■■■■■■■■■■■■■■■■■■■■■■■ 1   
                      └                                        ┘ 
                                     num of slices               
[ Info: slicing branch with sc: 59.0
[ Info: cc.sc: 59.0
region size: 10
tbl0_rows:59 filtered_rows:59
QIP_gurobi_bound: solver finished in 5.191 s (time_limit=100.0 s, status=OPTIMAL)
[ Info: slice 1, lp_score: 5391.0, primal_bound: 5398.0
QIP_gurobi_bound: solver finished in 5.048 s (time_limit=100.0 s, status=OPTIMAL)
[ Info: slice 2, lp_score: 5387.0, primal_bound: 5398.0
QIP_gurobi_bound: solver finished in 1.315 s (time_limit=100.0 s, status=OPTIMAL)
[ Info: slice 3, lp_score: 5396.0, primal_bound: 5398.0
QIP_gurobi_bound: solver finished in 1.346 s (time_limit=100.0 s, status=OPTIMAL)
[ Info: slice 4, lp_score: 5390.0, primal_bound: 5398.0
[ Info: new_scs: Int64[]
[ Info: lp_scores: Float64[]
[ Info: current num of unfinished slices: 1, finished slices: 32
                      ┌                                        ┐ 
   sc, target = 31 57 ┤■■■■■■■■■■■■■■■■■■■■■■■■■■■■■■■■■■■■■ 1   
                      └                                        ┘ 
                                     num of slices               
[ Info: slicing branch with sc: 57.0
[ Info: cc.sc: 57.0
region size: 10
tbl0_rows:59 filtered_rows:59
QIP_gurobi_bound: solver finished in 1.371 s (time_limit=100.0 s, status=OPTIMAL)
[ Info: slice 1, lp_score: 5381.0, primal_bound: 5398.0
QIP_gurobi_bound: solver finished in 1.529 s (time_limit=100.0 s, status=OPTIMAL)
[ Info: slice 2, lp_score: 5385.0, primal_bound: 5398.0
QIP_gurobi_bound: solver finished in 1.257 s (time_limit=100.0 s, status=OPTIMAL)
[ Info: slice 3, lp_score: 5384.0, primal_bound: 5398.0
QIP_gurobi_bound: solver finished in 1.389 s (time_limit=100.0 s, status=OPTIMAL)
[ Info: slice 4, lp_score: 5390.0, primal_bound: 5398.0
[ Info: new_scs: Int64[]
[ Info: lp_scores: Float64[]
  finished 32 slice(s) in 11940.852s; persisting ...
  saved 32 slice(s) to /data/wangyijia/mwis/beyond_mis/branch_results/grid_Jpm1_n=60_seed=8_cheating
  branching wall time (s): 11940.851572990417
